ISO-10303-21;
HEADER;
FILE_DESCRIPTION(('FreeCAD Model'),'2;1');
FILE_NAME('Open CASCADE Shape Model','2026-09-10T17:31:43',('FreeCAD'),(
    'FreeCAD'),'Open CASCADE STEP processor 7.5','FreeCAD','Unknown');
FILE_SCHEMA(('AUTOMOTIVE_DESIGN { 1 0 10303 214 1 1 1 1 }'));
ENDSEC;
DATA;
#1 = APPLICATION_PROTOCOL_DEFINITION('international standard',
  'automotive_design',2000,#2);
#2 = APPLICATION_CONTEXT(
  'core data for automotive mechanical design processes');
#3 = SHAPE_DEFINITION_REPRESENTATION(#4,#10);
#4 = PRODUCT_DEFINITION_SHAPE('','',#5);
#5 = PRODUCT_DEFINITION('design','',#6,#9);
#6 = PRODUCT_DEFINITION_FORMATION('','',#7);
#7 = PRODUCT('Open CASCADE STEP translator 7.5 1',
  'Open CASCADE STEP translator 7.5 1','',(#8));
#8 = PRODUCT_CONTEXT('',#2,'mechanical');
#9 = PRODUCT_DEFINITION_CONTEXT('part definition',#2,'design');
#10 = SHAPE_REPRESENTATION('',(#11,#15,#19,#23,#27,#31,#35,#39,#43),#47
  );
#11 = AXIS2_PLACEMENT_3D('',#12,#13,#14);
#12 = CARTESIAN_POINT('',(0.,0.,0.));
#13 = DIRECTION('',(0.,0.,1.));
#14 = DIRECTION('',(1.,0.,-0.));
#15 = AXIS2_PLACEMENT_3D('',#16,#17,#18);
#16 = CARTESIAN_POINT('',(0.,0.,0.));
#17 = DIRECTION('',(0.,0.,1.));
#18 = DIRECTION('',(1.,0.,0.));
#19 = AXIS2_PLACEMENT_3D('',#20,#21,#22);
#20 = CARTESIAN_POINT('',(0.,0.,0.));
#21 = DIRECTION('',(0.,0.,1.));
#22 = DIRECTION('',(1.,0.,0.));
#23 = AXIS2_PLACEMENT_3D('',#24,#25,#26);
#24 = CARTESIAN_POINT('',(0.,0.,0.));
#25 = DIRECTION('',(0.,0.,1.));
#26 = DIRECTION('',(1.,0.,0.));
#27 = AXIS2_PLACEMENT_3D('',#28,#29,#30);
#28 = CARTESIAN_POINT('',(0.,0.,0.));
#29 = DIRECTION('',(0.,0.,1.));
#30 = DIRECTION('',(1.,0.,0.));
#31 = AXIS2_PLACEMENT_3D('',#32,#33,#34);
#32 = CARTESIAN_POINT('',(0.,0.,0.));
#33 = DIRECTION('',(0.,0.,1.));
#34 = DIRECTION('',(1.,0.,0.));
#35 = AXIS2_PLACEMENT_3D('',#36,#37,#38);
#36 = CARTESIAN_POINT('',(0.,0.,0.));
#37 = DIRECTION('',(0.,0.,1.));
#38 = DIRECTION('',(1.,0.,0.));
#39 = AXIS2_PLACEMENT_3D('',#40,#41,#42);
#40 = CARTESIAN_POINT('',(0.,0.,0.));
#41 = DIRECTION('',(0.,0.,1.));
#42 = DIRECTION('',(1.,0.,0.));
#43 = AXIS2_PLACEMENT_3D('',#44,#45,#46);
#44 = CARTESIAN_POINT('',(0.,0.,0.));
#45 = DIRECTION('',(0.,0.,1.));
#46 = DIRECTION('',(1.,0.,0.));
#47 = ( GEOMETRIC_REPRESENTATION_CONTEXT(3) 
GLOBAL_UNCERTAINTY_ASSIGNED_CONTEXT((#51)) GLOBAL_UNIT_ASSIGNED_CONTEXT(
(#48,#49,#50)) REPRESENTATION_CONTEXT('Context #1',
  '3D Context with UNIT and UNCERTAINTY') );
#48 = ( LENGTH_UNIT() NAMED_UNIT(*) SI_UNIT(.MILLI.,.METRE.) );
#49 = ( NAMED_UNIT(*) PLANE_ANGLE_UNIT() SI_UNIT($,.RADIAN.) );
#50 = ( NAMED_UNIT(*) SI_UNIT($,.STERADIAN.) SOLID_ANGLE_UNIT() );
#51 = UNCERTAINTY_MEASURE_WITH_UNIT(LENGTH_MEASURE(1.E-07),#48,
  'distance_accuracy_value','confusion accuracy');
#52 = PRODUCT_RELATED_PRODUCT_CATEGORY('part',$,(#7));
#53 = ADVANCED_BREP_SHAPE_REPRESENTATION('',(#11,#54),#9280);
#54 = MANIFOLD_SOLID_BREP('',#55);
#55 = CLOSED_SHELL('',(#56,#176,#252,#328,#3544,#6195,#6222,#6249,#6276,
    #6303,#6330,#6357,#6384,#6411,#6438,#6465,#6492,#6519,#6546,#6573,
    #6600,#6627,#6654,#6681,#6708,#6735,#6762,#6789,#6816,#6843,#6870,
    #6897,#6924,#6951,#6978,#7005,#7032,#7059,#7086,#7113,#7140,#7167,
    #7194,#7221,#7248,#7275,#7302,#7329,#7356,#7383,#7410,#7437,#7464,
    #7491,#7518,#7545,#7572,#7599,#7626,#7653,#7680,#7687,#7734,#7761,
    #7788,#7815,#7842,#7869,#7896,#7923,#7950,#7977,#8004,#8031,#8058,
    #8085,#8112,#8139,#8166,#8193,#8220,#8247,#8274,#8301,#8328,#8355,
    #8382,#8409,#8436,#8463,#8490,#8517,#8544,#8571,#8598,#8625,#8652,
    #8679,#8706,#8733,#8760,#8787,#8814,#8841,#8868,#8895,#8922,#8949,
    #8976,#9003,#9030,#9057,#9084,#9111,#9138,#9165,#9192,#9219,#9246,
    #9273));
#56 = ADVANCED_FACE('',(#57),#71,.F.);
#57 = FACE_BOUND('',#58,.F.);
#58 = EDGE_LOOP('',(#59,#94,#122,#150));
#59 = ORIENTED_EDGE('',*,*,#60,.T.);
#60 = EDGE_CURVE('',#61,#63,#65,.T.);
#61 = VERTEX_POINT('',#62);
#62 = CARTESIAN_POINT('',(-34.974990748,-19.50490972512,-150.));
#63 = VERTEX_POINT('',#64);
#64 = CARTESIAN_POINT('',(-34.974990748,-19.50490972512,150.));
#65 = SURFACE_CURVE('',#66,(#70,#82),.PCURVE_S1.);
#66 = LINE('',#67,#68);
#67 = CARTESIAN_POINT('',(-34.974990748,-19.50490972512,-150.));
#68 = VECTOR('',#69,1.);
#69 = DIRECTION('',(0.,0.,1.));
#70 = PCURVE('',#71,#76);
#71 = PLANE('',#72);
#72 = AXIS2_PLACEMENT_3D('',#73,#74,#75);
#73 = CARTESIAN_POINT('',(-34.974990748,-19.50490972512,-150.));
#74 = DIRECTION('',(0.998795455861,4.906768132523E-02,-0.));
#75 = DIRECTION('',(4.906768132523E-02,-0.998795455861,0.));
#76 = DEFINITIONAL_REPRESENTATION('',(#77),#81);
#77 = LINE('',#78,#79);
#78 = CARTESIAN_POINT('',(0.,0.));
#79 = VECTOR('',#80,1.);
#80 = DIRECTION('',(0.,-1.));
#81 = ( GEOMETRIC_REPRESENTATION_CONTEXT(2) 
PARAMETRIC_REPRESENTATION_CONTEXT() REPRESENTATION_CONTEXT('2D SPACE',''
  ) );
#82 = PCURVE('',#83,#88);
#83 = PLANE('',#84);
#84 = AXIS2_PLACEMENT_3D('',#85,#86,#87);
#85 = CARTESIAN_POINT('',(-34.974990748,19.504909725123,-150.));
#86 = DIRECTION('',(1.,0.,-0.));
#87 = DIRECTION('',(0.,-1.,0.));
#88 = DEFINITIONAL_REPRESENTATION('',(#89),#93);
#89 = LINE('',#90,#91);
#90 = CARTESIAN_POINT('',(39.009819450246,0.));
#91 = VECTOR('',#92,1.);
#92 = DIRECTION('',(0.,-1.));
#93 = ( GEOMETRIC_REPRESENTATION_CONTEXT(2) 
PARAMETRIC_REPRESENTATION_CONTEXT() REPRESENTATION_CONTEXT('2D SPACE',''
  ) );
#94 = ORIENTED_EDGE('',*,*,#95,.T.);
#95 = EDGE_CURVE('',#63,#96,#98,.T.);
#96 = VERTEX_POINT('',#97);
#97 = CARTESIAN_POINT('',(-34.9694524571,-19.6176442101,150.));
#98 = SURFACE_CURVE('',#99,(#103,#110),.PCURVE_S1.);
#99 = LINE('',#100,#101);
#100 = CARTESIAN_POINT('',(-34.974990748,-19.50490972512,150.));
#101 = VECTOR('',#102,1.);
#102 = DIRECTION('',(4.906768132523E-02,-0.998795455861,0.));
#103 = PCURVE('',#71,#104);
#104 = DEFINITIONAL_REPRESENTATION('',(#105),#109);
#105 = LINE('',#106,#107);
#106 = CARTESIAN_POINT('',(0.,-300.));
#107 = VECTOR('',#108,1.);
#108 = DIRECTION('',(1.,0.));
#109 = ( GEOMETRIC_REPRESENTATION_CONTEXT(2) 
PARAMETRIC_REPRESENTATION_CONTEXT() REPRESENTATION_CONTEXT('2D SPACE',''
  ) );
#110 = PCURVE('',#111,#116);
#111 = PLANE('',#112);
#112 = AXIS2_PLACEMENT_3D('',#113,#114,#115);
#113 = CARTESIAN_POINT('',(9.343651929881E-16,0.691297154977,150.));
#114 = DIRECTION('',(-1.1346234301E-48,-4.863849208291E-32,1.));
#115 = DIRECTION('',(0.,1.,4.863849208291E-32));
#116 = DEFINITIONAL_REPRESENTATION('',(#117),#121);
#117 = LINE('',#118,#119);
#118 = CARTESIAN_POINT('',(-20.1962068801,34.974990748));
#119 = VECTOR('',#120,1.);
#120 = DIRECTION('',(-0.998795455861,-4.906768132523E-02));
#121 = ( GEOMETRIC_REPRESENTATION_CONTEXT(2) 
PARAMETRIC_REPRESENTATION_CONTEXT() REPRESENTATION_CONTEXT('2D SPACE',''
  ) );
#122 = ORIENTED_EDGE('',*,*,#123,.F.);
#123 = EDGE_CURVE('',#124,#96,#126,.T.);
#124 = VERTEX_POINT('',#125);
#125 = CARTESIAN_POINT('',(-34.9694524571,-19.6176442101,-150.));
#126 = SURFACE_CURVE('',#127,(#131,#138),.PCURVE_S1.);
#127 = LINE('',#128,#129);
#128 = CARTESIAN_POINT('',(-34.9694524571,-19.6176442101,-150.));
#129 = VECTOR('',#130,1.);
#130 = DIRECTION('',(0.,0.,1.));
#131 = PCURVE('',#71,#132);
#132 = DEFINITIONAL_REPRESENTATION('',(#133),#137);
#133 = LINE('',#134,#135);
#134 = CARTESIAN_POINT('',(0.112870442414,0.));
#135 = VECTOR('',#136,1.);
#136 = DIRECTION('',(0.,-1.));
#137 = ( GEOMETRIC_REPRESENTATION_CONTEXT(2) 
PARAMETRIC_REPRESENTATION_CONTEXT() REPRESENTATION_CONTEXT('2D SPACE',''
  ) );
#138 = PCURVE('',#139,#144);
#139 = PLANE('',#140);
#140 = AXIS2_PLACEMENT_3D('',#141,#142,#143);
#141 = CARTESIAN_POINT('',(-34.9694524571,-19.6176442101,-150.));
#142 = DIRECTION('',(0.989176510431,0.14673047131,-0.));
#143 = DIRECTION('',(0.14673047131,-0.989176510431,0.));
#144 = DEFINITIONAL_REPRESENTATION('',(#145),#149);
#145 = LINE('',#146,#147);
#146 = CARTESIAN_POINT('',(0.,0.));
#147 = VECTOR('',#148,1.);
#148 = DIRECTION('',(0.,-1.));
#149 = ( GEOMETRIC_REPRESENTATION_CONTEXT(2) 
PARAMETRIC_REPRESENTATION_CONTEXT() REPRESENTATION_CONTEXT('2D SPACE',''
  ) );
#150 = ORIENTED_EDGE('',*,*,#151,.F.);
#151 = EDGE_CURVE('',#61,#124,#152,.T.);
#152 = SURFACE_CURVE('',#153,(#157,#164),.PCURVE_S1.);
#153 = LINE('',#154,#155);
#154 = CARTESIAN_POINT('',(-34.974990748,-19.50490972512,-150.));
#155 = VECTOR('',#156,1.);
#156 = DIRECTION('',(4.906768132523E-02,-0.998795455861,0.));
#157 = PCURVE('',#71,#158);
#158 = DEFINITIONAL_REPRESENTATION('',(#159),#163);
#159 = LINE('',#160,#161);
#160 = CARTESIAN_POINT('',(0.,0.));
#161 = VECTOR('',#162,1.);
#162 = DIRECTION('',(1.,0.));
#163 = ( GEOMETRIC_REPRESENTATION_CONTEXT(2) 
PARAMETRIC_REPRESENTATION_CONTEXT() REPRESENTATION_CONTEXT('2D SPACE',''
  ) );
#164 = PCURVE('',#165,#170);
#165 = PLANE('',#166);
#166 = AXIS2_PLACEMENT_3D('',#167,#168,#169);
#167 = CARTESIAN_POINT('',(9.343651929881E-16,0.691297154977,-150.));
#168 = DIRECTION('',(-1.1346234301E-48,-4.863849208291E-32,1.));
#169 = DIRECTION('',(0.,1.,4.863849208291E-32));
#170 = DEFINITIONAL_REPRESENTATION('',(#171),#175);
#171 = LINE('',#172,#173);
#172 = CARTESIAN_POINT('',(-20.1962068801,34.974990748));
#173 = VECTOR('',#174,1.);
#174 = DIRECTION('',(-0.998795455861,-4.906768132523E-02));
#175 = ( GEOMETRIC_REPRESENTATION_CONTEXT(2) 
PARAMETRIC_REPRESENTATION_CONTEXT() REPRESENTATION_CONTEXT('2D SPACE',''
  ) );
#176 = ADVANCED_FACE('',(#177),#83,.F.);
#177 = FACE_BOUND('',#178,.F.);
#178 = EDGE_LOOP('',(#179,#209,#230,#231));
#179 = ORIENTED_EDGE('',*,*,#180,.T.);
#180 = EDGE_CURVE('',#181,#183,#185,.T.);
#181 = VERTEX_POINT('',#182);
#182 = CARTESIAN_POINT('',(-34.974990748,19.504909725123,-150.));
#183 = VERTEX_POINT('',#184);
#184 = CARTESIAN_POINT('',(-34.974990748,19.504909725123,150.));
#185 = SURFACE_CURVE('',#186,(#190,#197),.PCURVE_S1.);
#186 = LINE('',#187,#188);
#187 = CARTESIAN_POINT('',(-34.974990748,19.504909725123,-150.));
#188 = VECTOR('',#189,1.);
#189 = DIRECTION('',(0.,0.,1.));
#190 = PCURVE('',#83,#191);
#191 = DEFINITIONAL_REPRESENTATION('',(#192),#196);
#192 = LINE('',#193,#194);
#193 = CARTESIAN_POINT('',(0.,0.));
#194 = VECTOR('',#195,1.);
#195 = DIRECTION('',(0.,-1.));
#196 = ( GEOMETRIC_REPRESENTATION_CONTEXT(2) 
PARAMETRIC_REPRESENTATION_CONTEXT() REPRESENTATION_CONTEXT('2D SPACE',''
  ) );
#197 = PCURVE('',#198,#203);
#198 = PLANE('',#199);
#199 = AXIS2_PLACEMENT_3D('',#200,#201,#202);
#200 = CARTESIAN_POINT('',(-34.9694524571,19.617644210107,-150.));
#201 = DIRECTION('',(0.998795455861,-4.906768132523E-02,0.));
#202 = DIRECTION('',(-4.906768132523E-02,-0.998795455861,0.));
#203 = DEFINITIONAL_REPRESENTATION('',(#204),#208);
#204 = LINE('',#205,#206);
#205 = CARTESIAN_POINT('',(0.112870442414,0.));
#206 = VECTOR('',#207,1.);
#207 = DIRECTION('',(0.,-1.));
#208 = ( GEOMETRIC_REPRESENTATION_CONTEXT(2) 
PARAMETRIC_REPRESENTATION_CONTEXT() REPRESENTATION_CONTEXT('2D SPACE',''
  ) );
#209 = ORIENTED_EDGE('',*,*,#210,.T.);
#210 = EDGE_CURVE('',#183,#63,#211,.T.);
#211 = SURFACE_CURVE('',#212,(#216,#223),.PCURVE_S1.);
#212 = LINE('',#213,#214);
#213 = CARTESIAN_POINT('',(-34.974990748,19.504909725123,150.));
#214 = VECTOR('',#215,1.);
#215 = DIRECTION('',(0.,-1.,0.));
#216 = PCURVE('',#83,#217);
#217 = DEFINITIONAL_REPRESENTATION('',(#218),#222);
#218 = LINE('',#219,#220);
#219 = CARTESIAN_POINT('',(0.,-300.));
#220 = VECTOR('',#221,1.);
#221 = DIRECTION('',(1.,0.));
#222 = ( GEOMETRIC_REPRESENTATION_CONTEXT(2) 
PARAMETRIC_REPRESENTATION_CONTEXT() REPRESENTATION_CONTEXT('2D SPACE',''
  ) );
#223 = PCURVE('',#111,#224);
#224 = DEFINITIONAL_REPRESENTATION('',(#225),#229);
#225 = LINE('',#226,#227);
#226 = CARTESIAN_POINT('',(18.813612570146,34.974990748));
#227 = VECTOR('',#228,1.);
#228 = DIRECTION('',(-1.,-5.518637272201E-80));
#229 = ( GEOMETRIC_REPRESENTATION_CONTEXT(2) 
PARAMETRIC_REPRESENTATION_CONTEXT() REPRESENTATION_CONTEXT('2D SPACE',''
  ) );
#230 = ORIENTED_EDGE('',*,*,#60,.F.);
#231 = ORIENTED_EDGE('',*,*,#232,.F.);
#232 = EDGE_CURVE('',#181,#61,#233,.T.);
#233 = SURFACE_CURVE('',#234,(#238,#245),.PCURVE_S1.);
#234 = LINE('',#235,#236);
#235 = CARTESIAN_POINT('',(-34.974990748,19.504909725123,-150.));
#236 = VECTOR('',#237,1.);
#237 = DIRECTION('',(0.,-1.,0.));
#238 = PCURVE('',#83,#239);
#239 = DEFINITIONAL_REPRESENTATION('',(#240),#244);
#240 = LINE('',#241,#242);
#241 = CARTESIAN_POINT('',(0.,0.));
#242 = VECTOR('',#243,1.);
#243 = DIRECTION('',(1.,0.));
#244 = ( GEOMETRIC_REPRESENTATION_CONTEXT(2) 
PARAMETRIC_REPRESENTATION_CONTEXT() REPRESENTATION_CONTEXT('2D SPACE',''
  ) );
#245 = PCURVE('',#165,#246);
#246 = DEFINITIONAL_REPRESENTATION('',(#247),#251);
#247 = LINE('',#248,#249);
#248 = CARTESIAN_POINT('',(18.813612570146,34.974990748));
#249 = VECTOR('',#250,1.);
#250 = DIRECTION('',(-1.,-5.518637272201E-80));
#251 = ( GEOMETRIC_REPRESENTATION_CONTEXT(2) 
PARAMETRIC_REPRESENTATION_CONTEXT() REPRESENTATION_CONTEXT('2D SPACE',''
  ) );
#252 = ADVANCED_FACE('',(#253),#139,.F.);
#253 = FACE_BOUND('',#254,.F.);
#254 = EDGE_LOOP('',(#255,#256,#279,#307));
#255 = ORIENTED_EDGE('',*,*,#123,.T.);
#256 = ORIENTED_EDGE('',*,*,#257,.T.);
#257 = EDGE_CURVE('',#96,#258,#260,.T.);
#258 = VERTEX_POINT('',#259);
#259 = CARTESIAN_POINT('',(-34.95216964881,-19.73415544212,150.));
#260 = SURFACE_CURVE('',#261,(#265,#272),.PCURVE_S1.);
#261 = LINE('',#262,#263);
#262 = CARTESIAN_POINT('',(-34.9694524571,-19.6176442101,150.));
#263 = VECTOR('',#264,1.);
#264 = DIRECTION('',(0.14673047131,-0.989176510431,0.));
#265 = PCURVE('',#139,#266);
#266 = DEFINITIONAL_REPRESENTATION('',(#267),#271);
#267 = LINE('',#268,#269);
#268 = CARTESIAN_POINT('',(0.,-300.));
#269 = VECTOR('',#270,1.);
#270 = DIRECTION('',(1.,0.));
#271 = ( GEOMETRIC_REPRESENTATION_CONTEXT(2) 
PARAMETRIC_REPRESENTATION_CONTEXT() REPRESENTATION_CONTEXT('2D SPACE',''
  ) );
#272 = PCURVE('',#111,#273);
#273 = DEFINITIONAL_REPRESENTATION('',(#274),#278);
#274 = LINE('',#275,#276);
#275 = CARTESIAN_POINT('',(-20.30894136508,34.969452457101));
#276 = VECTOR('',#277,1.);
#277 = DIRECTION('',(-0.989176510431,-0.14673047131));
#278 = ( GEOMETRIC_REPRESENTATION_CONTEXT(2) 
PARAMETRIC_REPRESENTATION_CONTEXT() REPRESENTATION_CONTEXT('2D SPACE',''
  ) );
#279 = ORIENTED_EDGE('',*,*,#280,.F.);
#280 = EDGE_CURVE('',#281,#258,#283,.T.);
#281 = VERTEX_POINT('',#282);
#282 = CARTESIAN_POINT('',(-34.95216964881,-19.73415544212,-150.));
#283 = SURFACE_CURVE('',#284,(#288,#295),.PCURVE_S1.);
#284 = LINE('',#285,#286);
#285 = CARTESIAN_POINT('',(-34.95216964881,-19.73415544212,-150.));
#286 = VECTOR('',#287,1.);
#287 = DIRECTION('',(0.,0.,1.));
#288 = PCURVE('',#139,#289);
#289 = DEFINITIONAL_REPRESENTATION('',(#290),#294);
#290 = LINE('',#291,#292);
#291 = CARTESIAN_POINT('',(0.117786088516,0.));
#292 = VECTOR('',#293,1.);
#293 = DIRECTION('',(0.,-1.));
#294 = ( GEOMETRIC_REPRESENTATION_CONTEXT(2) 
PARAMETRIC_REPRESENTATION_CONTEXT() REPRESENTATION_CONTEXT('2D SPACE',''
  ) );
#295 = PCURVE('',#296,#301);
#296 = PLANE('',#297);
#297 = AXIS2_PLACEMENT_3D('',#298,#299,#300);
#298 = CARTESIAN_POINT('',(-34.95216964881,-19.73415544212,-150.));
#299 = DIRECTION('',(0.970031252261,0.24298018363,-0.));
#300 = DIRECTION('',(0.24298018363,-0.970031252261,0.));
#301 = DEFINITIONAL_REPRESENTATION('',(#302),#306);
#302 = LINE('',#303,#304);
#303 = CARTESIAN_POINT('',(0.,0.));
#304 = VECTOR('',#305,1.);
#305 = DIRECTION('',(0.,-1.));
#306 = ( GEOMETRIC_REPRESENTATION_CONTEXT(2) 
PARAMETRIC_REPRESENTATION_CONTEXT() REPRESENTATION_CONTEXT('2D SPACE',''
  ) );
#307 = ORIENTED_EDGE('',*,*,#308,.F.);
#308 = EDGE_CURVE('',#124,#281,#309,.T.);
#309 = SURFACE_CURVE('',#310,(#314,#321),.PCURVE_S1.);
#310 = LINE('',#311,#312);
#311 = CARTESIAN_POINT('',(-34.9694524571,-19.6176442101,-150.));
#312 = VECTOR('',#313,1.);
#313 = DIRECTION('',(0.14673047131,-0.989176510431,0.));
#314 = PCURVE('',#139,#315);
#315 = DEFINITIONAL_REPRESENTATION('',(#316),#320);
#316 = LINE('',#317,#318);
#317 = CARTESIAN_POINT('',(0.,0.));
#318 = VECTOR('',#319,1.);
#319 = DIRECTION('',(1.,0.));
#320 = ( GEOMETRIC_REPRESENTATION_CONTEXT(2) 
PARAMETRIC_REPRESENTATION_CONTEXT() REPRESENTATION_CONTEXT('2D SPACE',''
  ) );
#321 = PCURVE('',#165,#322);
#322 = DEFINITIONAL_REPRESENTATION('',(#323),#327);
#323 = LINE('',#324,#325);
#324 = CARTESIAN_POINT('',(-20.30894136508,34.969452457101));
#325 = VECTOR('',#326,1.);
#326 = DIRECTION('',(-0.989176510431,-0.14673047131));
#327 = ( GEOMETRIC_REPRESENTATION_CONTEXT(2) 
PARAMETRIC_REPRESENTATION_CONTEXT() REPRESENTATION_CONTEXT('2D SPACE',''
  ) );
#328 = ADVANCED_FACE('',(#329,#1890),#165,.F.);
#329 = FACE_BOUND('',#330,.F.);
#330 = EDGE_LOOP('',(#331,#332,#333,#356,#384,#412,#440,#468,#496,#524,
    #552,#580,#608,#636,#664,#692,#720,#748,#776,#804,#832,#860,#888,
    #916,#944,#972,#1000,#1028,#1056,#1084,#1112,#1140,#1168,#1196,#1224
    ,#1252,#1280,#1308,#1336,#1364,#1392,#1420,#1448,#1476,#1504,#1532,
    #1560,#1588,#1616,#1644,#1672,#1700,#1728,#1756,#1784,#1812,#1840,
    #1868,#1889));
#331 = ORIENTED_EDGE('',*,*,#151,.T.);
#332 = ORIENTED_EDGE('',*,*,#308,.T.);
#333 = ORIENTED_EDGE('',*,*,#334,.T.);
#334 = EDGE_CURVE('',#281,#335,#337,.T.);
#335 = VERTEX_POINT('',#336);
#336 = CARTESIAN_POINT('',(-34.92354996339,-19.8484116291,-150.));
#337 = SURFACE_CURVE('',#338,(#342,#349),.PCURVE_S1.);
#338 = LINE('',#339,#340);
#339 = CARTESIAN_POINT('',(-34.95216964881,-19.73415544212,-150.));
#340 = VECTOR('',#341,1.);
#341 = DIRECTION('',(0.24298018363,-0.970031252261,0.));
#342 = PCURVE('',#165,#343);
#343 = DEFINITIONAL_REPRESENTATION('',(#344),#348);
#344 = LINE('',#345,#346);
#345 = CARTESIAN_POINT('',(-20.4254525971,34.952169648819));
#346 = VECTOR('',#347,1.);
#347 = DIRECTION('',(-0.970031252261,-0.24298018363));
#348 = ( GEOMETRIC_REPRESENTATION_CONTEXT(2) 
PARAMETRIC_REPRESENTATION_CONTEXT() REPRESENTATION_CONTEXT('2D SPACE',''
  ) );
#349 = PCURVE('',#296,#350);
#350 = DEFINITIONAL_REPRESENTATION('',(#351),#355);
#351 = LINE('',#352,#353);
#352 = CARTESIAN_POINT('',(0.,0.));
#353 = VECTOR('',#354,1.);
#354 = DIRECTION('',(1.,0.));
#355 = ( GEOMETRIC_REPRESENTATION_CONTEXT(2) 
PARAMETRIC_REPRESENTATION_CONTEXT() REPRESENTATION_CONTEXT('2D SPACE',''
  ) );
#356 = ORIENTED_EDGE('',*,*,#357,.T.);
#357 = EDGE_CURVE('',#335,#358,#360,.T.);
#358 = VERTEX_POINT('',#359);
#359 = CARTESIAN_POINT('',(-34.88386902579,-19.95931242092,-150.));
#360 = SURFACE_CURVE('',#361,(#365,#372),.PCURVE_S1.);
#361 = LINE('',#362,#363);
#362 = CARTESIAN_POINT('',(-34.92354996339,-19.8484116291,-150.));
#363 = VECTOR('',#364,1.);
#364 = DIRECTION('',(0.336889851754,-0.941544065769,0.));
#365 = PCURVE('',#165,#366);
#366 = DEFINITIONAL_REPRESENTATION('',(#367),#371);
#367 = LINE('',#368,#369);
#368 = CARTESIAN_POINT('',(-20.53970878408,34.923549963393));
#369 = VECTOR('',#370,1.);
#370 = DIRECTION('',(-0.941544065769,-0.336889851754));
#371 = ( GEOMETRIC_REPRESENTATION_CONTEXT(2) 
PARAMETRIC_REPRESENTATION_CONTEXT() REPRESENTATION_CONTEXT('2D SPACE',''
  ) );
#372 = PCURVE('',#373,#378);
#373 = PLANE('',#374);
#374 = AXIS2_PLACEMENT_3D('',#375,#376,#377);
#375 = CARTESIAN_POINT('',(-34.92354996339,-19.8484116291,-150.));
#376 = DIRECTION('',(0.941544065769,0.336889851754,-0.));
#377 = DIRECTION('',(0.336889851754,-0.941544065769,0.));
#378 = DEFINITIONAL_REPRESENTATION('',(#379),#383);
#379 = LINE('',#380,#381);
#380 = CARTESIAN_POINT('',(0.,0.));
#381 = VECTOR('',#382,1.);
#382 = DIRECTION('',(1.,0.));
#383 = ( GEOMETRIC_REPRESENTATION_CONTEXT(2) 
PARAMETRIC_REPRESENTATION_CONTEXT() REPRESENTATION_CONTEXT('2D SPACE',''
  ) );
#384 = ORIENTED_EDGE('',*,*,#385,.T.);
#385 = EDGE_CURVE('',#358,#386,#388,.T.);
#386 = VERTEX_POINT('',#387);
#387 = CARTESIAN_POINT('',(-34.83350898382,-20.06578978465,-150.));
#388 = SURFACE_CURVE('',#389,(#393,#400),.PCURVE_S1.);
#389 = LINE('',#390,#391);
#390 = CARTESIAN_POINT('',(-34.88386902579,-19.95931242092,-150.));
#391 = VECTOR('',#392,1.);
#392 = DIRECTION('',(0.42755508995,-0.903989294769,0.));
#393 = PCURVE('',#165,#394);
#394 = DEFINITIONAL_REPRESENTATION('',(#395),#399);
#395 = LINE('',#396,#397);
#396 = CARTESIAN_POINT('',(-20.6506095759,34.883869025798));
#397 = VECTOR('',#398,1.);
#398 = DIRECTION('',(-0.903989294769,-0.42755508995));
#399 = ( GEOMETRIC_REPRESENTATION_CONTEXT(2) 
PARAMETRIC_REPRESENTATION_CONTEXT() REPRESENTATION_CONTEXT('2D SPACE',''
  ) );
#400 = PCURVE('',#401,#406);
#401 = PLANE('',#402);
#402 = AXIS2_PLACEMENT_3D('',#403,#404,#405);
#403 = CARTESIAN_POINT('',(-34.88386902579,-19.95931242092,-150.));
#404 = DIRECTION('',(0.903989294769,0.42755508995,-0.));
#405 = DIRECTION('',(0.42755508995,-0.903989294769,0.));
#406 = DEFINITIONAL_REPRESENTATION('',(#407),#411);
#407 = LINE('',#408,#409);
#408 = CARTESIAN_POINT('',(0.,0.));
#409 = VECTOR('',#410,1.);
#410 = DIRECTION('',(1.,0.));
#411 = ( GEOMETRIC_REPRESENTATION_CONTEXT(2) 
PARAMETRIC_REPRESENTATION_CONTEXT() REPRESENTATION_CONTEXT('2D SPACE',''
  ) );
#412 = ORIENTED_EDGE('',*,*,#413,.T.);
#413 = EDGE_CURVE('',#386,#414,#416,.T.);
#414 = VERTEX_POINT('',#415);
#415 = CARTESIAN_POINT('',(-34.77295483223,-20.16681828291,-150.));
#416 = SURFACE_CURVE('',#417,(#421,#428),.PCURVE_S1.);
#417 = LINE('',#418,#419);
#418 = CARTESIAN_POINT('',(-34.83350898382,-20.06578978465,-150.));
#419 = VECTOR('',#420,1.);
#420 = DIRECTION('',(0.51410274472,-0.857728609685,0.));
#421 = PCURVE('',#165,#422);
#422 = DEFINITIONAL_REPRESENTATION('',(#423),#427);
#423 = LINE('',#424,#425);
#424 = CARTESIAN_POINT('',(-20.75708693962,34.833508983828));
#425 = VECTOR('',#426,1.);
#426 = DIRECTION('',(-0.857728609685,-0.51410274472));
#427 = ( GEOMETRIC_REPRESENTATION_CONTEXT(2) 
PARAMETRIC_REPRESENTATION_CONTEXT() REPRESENTATION_CONTEXT('2D SPACE',''
  ) );
#428 = PCURVE('',#429,#434);
#429 = PLANE('',#430);
#430 = AXIS2_PLACEMENT_3D('',#431,#432,#433);
#431 = CARTESIAN_POINT('',(-34.83350898382,-20.06578978465,-150.));
#432 = DIRECTION('',(0.857728609685,0.51410274472,-0.));
#433 = DIRECTION('',(0.51410274472,-0.857728609685,0.));
#434 = DEFINITIONAL_REPRESENTATION('',(#435),#439);
#435 = LINE('',#436,#437);
#436 = CARTESIAN_POINT('',(0.,0.));
#437 = VECTOR('',#438,1.);
#438 = DIRECTION('',(1.,0.));
#439 = ( GEOMETRIC_REPRESENTATION_CONTEXT(2) 
PARAMETRIC_REPRESENTATION_CONTEXT() REPRESENTATION_CONTEXT('2D SPACE',''
  ) );
#440 = ORIENTED_EDGE('',*,*,#441,.T.);
#441 = EDGE_CURVE('',#414,#442,#444,.T.);
#442 = VERTEX_POINT('',#443);
#443 = CARTESIAN_POINT('',(-34.70278974122,-20.26142495605,-150.));
#444 = SURFACE_CURVE('',#445,(#449,#456),.PCURVE_S1.);
#445 = LINE('',#446,#447);
#446 = CARTESIAN_POINT('',(-34.77295483223,-20.16681828291,-150.));
#447 = VECTOR('',#448,1.);
#448 = DIRECTION('',(0.59569930559,-0.803207530666,0.));
#449 = PCURVE('',#165,#450);
#450 = DEFINITIONAL_REPRESENTATION('',(#451),#455);
#451 = LINE('',#452,#453);
#452 = CARTESIAN_POINT('',(-20.85811543789,34.772954832237));
#453 = VECTOR('',#454,1.);
#454 = DIRECTION('',(-0.803207530666,-0.59569930559));
#455 = ( GEOMETRIC_REPRESENTATION_CONTEXT(2) 
PARAMETRIC_REPRESENTATION_CONTEXT() REPRESENTATION_CONTEXT('2D SPACE',''
  ) );
#456 = PCURVE('',#457,#462);
#457 = PLANE('',#458);
#458 = AXIS2_PLACEMENT_3D('',#459,#460,#461);
#459 = CARTESIAN_POINT('',(-34.77295483223,-20.16681828291,-150.));
#460 = DIRECTION('',(0.803207530666,0.59569930559,-0.));
#461 = DIRECTION('',(0.59569930559,-0.803207530666,0.));
#462 = DEFINITIONAL_REPRESENTATION('',(#463),#467);
#463 = LINE('',#464,#465);
#464 = CARTESIAN_POINT('',(0.,0.));
#465 = VECTOR('',#466,1.);
#466 = DIRECTION('',(1.,0.));
#467 = ( GEOMETRIC_REPRESENTATION_CONTEXT(2) 
PARAMETRIC_REPRESENTATION_CONTEXT() REPRESENTATION_CONTEXT('2D SPACE',''
  ) );
#468 = ORIENTED_EDGE('',*,*,#469,.T.);
#469 = EDGE_CURVE('',#442,#470,#472,.T.);
#470 = VERTEX_POINT('',#471);
#471 = CARTESIAN_POINT('',(-34.6236894389,-20.3486986909,-150.));
#472 = SURFACE_CURVE('',#473,(#477,#484),.PCURVE_S1.);
#473 = LINE('',#474,#475);
#474 = CARTESIAN_POINT('',(-34.70278974122,-20.26142495605,-150.));
#475 = VECTOR('',#476,1.);
#476 = DIRECTION('',(0.671558953977,-0.740951126143,0.));
#477 = PCURVE('',#165,#478);
#478 = DEFINITIONAL_REPRESENTATION('',(#479),#483);
#479 = LINE('',#480,#481);
#480 = CARTESIAN_POINT('',(-20.95272211102,34.702789741226));
#481 = VECTOR('',#482,1.);
#482 = DIRECTION('',(-0.740951126143,-0.671558953977));
#483 = ( GEOMETRIC_REPRESENTATION_CONTEXT(2) 
PARAMETRIC_REPRESENTATION_CONTEXT() REPRESENTATION_CONTEXT('2D SPACE',''
  ) );
#484 = PCURVE('',#485,#490);
#485 = PLANE('',#486);
#486 = AXIS2_PLACEMENT_3D('',#487,#488,#489);
#487 = CARTESIAN_POINT('',(-34.70278974122,-20.26142495605,-150.));
#488 = DIRECTION('',(0.740951126143,0.671558953977,-0.));
#489 = DIRECTION('',(0.671558953977,-0.740951126143,0.));
#490 = DEFINITIONAL_REPRESENTATION('',(#491),#495);
#491 = LINE('',#492,#493);
#492 = CARTESIAN_POINT('',(0.,0.));
#493 = VECTOR('',#494,1.);
#494 = DIRECTION('',(1.,0.));
#495 = ( GEOMETRIC_REPRESENTATION_CONTEXT(2) 
PARAMETRIC_REPRESENTATION_CONTEXT() REPRESENTATION_CONTEXT('2D SPACE',''
  ) );
#496 = ORIENTED_EDGE('',*,*,#497,.T.);
#497 = EDGE_CURVE('',#470,#498,#500,.T.);
#498 = VERTEX_POINT('',#499);
#499 = CARTESIAN_POINT('',(-34.53641570405,-20.42779899322,-150.));
#500 = SURFACE_CURVE('',#501,(#505,#512),.PCURVE_S1.);
#501 = LINE('',#502,#503);
#502 = CARTESIAN_POINT('',(-34.6236894389,-20.3486986909,-150.));
#503 = VECTOR('',#504,1.);
#504 = DIRECTION('',(0.740951126143,-0.671558953977,0.));
#505 = PCURVE('',#165,#506);
#506 = DEFINITIONAL_REPRESENTATION('',(#507),#511);
#507 = LINE('',#508,#509);
#508 = CARTESIAN_POINT('',(-21.03999584587,34.623689438902));
#509 = VECTOR('',#510,1.);
#510 = DIRECTION('',(-0.671558953977,-0.740951126143));
#511 = ( GEOMETRIC_REPRESENTATION_CONTEXT(2) 
PARAMETRIC_REPRESENTATION_CONTEXT() REPRESENTATION_CONTEXT('2D SPACE',''
  ) );
#512 = PCURVE('',#513,#518);
#513 = PLANE('',#514);
#514 = AXIS2_PLACEMENT_3D('',#515,#516,#517);
#515 = CARTESIAN_POINT('',(-34.6236894389,-20.3486986909,-150.));
#516 = DIRECTION('',(0.671558953977,0.740951126143,-0.));
#517 = DIRECTION('',(0.740951126143,-0.671558953977,0.));
#518 = DEFINITIONAL_REPRESENTATION('',(#519),#523);
#519 = LINE('',#520,#521);
#520 = CARTESIAN_POINT('',(0.,0.));
#521 = VECTOR('',#522,1.);
#522 = DIRECTION('',(1.,0.));
#523 = ( GEOMETRIC_REPRESENTATION_CONTEXT(2) 
PARAMETRIC_REPRESENTATION_CONTEXT() REPRESENTATION_CONTEXT('2D SPACE',''
  ) );
#524 = ORIENTED_EDGE('',*,*,#525,.T.);
#525 = EDGE_CURVE('',#498,#526,#528,.T.);
#526 = VERTEX_POINT('',#527);
#527 = CARTESIAN_POINT('',(-34.44180903049,-20.49796408455,-150.));
#528 = SURFACE_CURVE('',#529,(#533,#540),.PCURVE_S1.);
#529 = LINE('',#530,#531);
#530 = CARTESIAN_POINT('',(-34.53641570405,-20.42779899322,-150.));
#531 = VECTOR('',#532,1.);
#532 = DIRECTION('',(0.803207530666,-0.59569930559,0.));
#533 = PCURVE('',#165,#534);
#534 = DEFINITIONAL_REPRESENTATION('',(#535),#539);
#535 = LINE('',#536,#537);
#536 = CARTESIAN_POINT('',(-21.1190961482,34.536415704052));
#537 = VECTOR('',#538,1.);
#538 = DIRECTION('',(-0.59569930559,-0.803207530666));
#539 = ( GEOMETRIC_REPRESENTATION_CONTEXT(2) 
PARAMETRIC_REPRESENTATION_CONTEXT() REPRESENTATION_CONTEXT('2D SPACE',''
  ) );
#540 = PCURVE('',#541,#546);
#541 = PLANE('',#542);
#542 = AXIS2_PLACEMENT_3D('',#543,#544,#545);
#543 = CARTESIAN_POINT('',(-34.53641570405,-20.42779899322,-150.));
#544 = DIRECTION('',(0.59569930559,0.803207530666,-0.));
#545 = DIRECTION('',(0.803207530666,-0.59569930559,0.));
#546 = DEFINITIONAL_REPRESENTATION('',(#547),#551);
#547 = LINE('',#548,#549);
#548 = CARTESIAN_POINT('',(0.,0.));
#549 = VECTOR('',#550,1.);
#550 = DIRECTION('',(1.,0.));
#551 = ( GEOMETRIC_REPRESENTATION_CONTEXT(2) 
PARAMETRIC_REPRESENTATION_CONTEXT() REPRESENTATION_CONTEXT('2D SPACE',''
  ) );
#552 = ORIENTED_EDGE('',*,*,#553,.T.);
#553 = EDGE_CURVE('',#526,#554,#556,.T.);
#554 = VERTEX_POINT('',#555);
#555 = CARTESIAN_POINT('',(-34.34780454596,-20.55430820364,-150.));
#556 = SURFACE_CURVE('',#557,(#561,#568),.PCURVE_S1.);
#557 = LINE('',#558,#559);
#558 = CARTESIAN_POINT('',(-34.44180903049,-20.49796408455,-150.));
#559 = VECTOR('',#560,1.);
#560 = DIRECTION('',(0.857728612378,-0.514102740226,0.));
#561 = PCURVE('',#165,#562);
#562 = DEFINITIONAL_REPRESENTATION('',(#563),#567);
#563 = LINE('',#564,#565);
#564 = CARTESIAN_POINT('',(-21.18926123952,34.441809030497));
#565 = VECTOR('',#566,1.);
#566 = DIRECTION('',(-0.514102740226,-0.857728612378));
#567 = ( GEOMETRIC_REPRESENTATION_CONTEXT(2) 
PARAMETRIC_REPRESENTATION_CONTEXT() REPRESENTATION_CONTEXT('2D SPACE',''
  ) );
#568 = PCURVE('',#569,#574);
#569 = PLANE('',#570);
#570 = AXIS2_PLACEMENT_3D('',#571,#572,#573);
#571 = CARTESIAN_POINT('',(-34.44180903049,-20.49796408455,-150.));
#572 = DIRECTION('',(0.514102740226,0.857728612378,-0.));
#573 = DIRECTION('',(0.857728612378,-0.514102740226,0.));
#574 = DEFINITIONAL_REPRESENTATION('',(#575),#579);
#575 = LINE('',#576,#577);
#576 = CARTESIAN_POINT('',(0.,0.));
#577 = VECTOR('',#578,1.);
#578 = DIRECTION('',(1.,0.));
#579 = ( GEOMETRIC_REPRESENTATION_CONTEXT(2) 
PARAMETRIC_REPRESENTATION_CONTEXT() REPRESENTATION_CONTEXT('2D SPACE',''
  ) );
#580 = ORIENTED_EDGE('',*,*,#581,.T.);
#581 = EDGE_CURVE('',#554,#582,#584,.T.);
#582 = VERTEX_POINT('',#583);
#583 = CARTESIAN_POINT('',(-0.564307629158,-40.05921924307,-150.));
#584 = SURFACE_CURVE('',#585,(#589,#596),.PCURVE_S1.);
#585 = LINE('',#586,#587);
#586 = CARTESIAN_POINT('',(-34.34780454596,-20.55430820364,-150.));
#587 = VECTOR('',#588,1.);
#588 = DIRECTION('',(0.866025403781,-0.500000000007,0.));
#589 = PCURVE('',#165,#590);
#590 = DEFINITIONAL_REPRESENTATION('',(#591),#595);
#591 = LINE('',#592,#593);
#592 = CARTESIAN_POINT('',(-21.24560535862,34.347804545969));
#593 = VECTOR('',#594,1.);
#594 = DIRECTION('',(-0.500000000007,-0.866025403781));
#595 = ( GEOMETRIC_REPRESENTATION_CONTEXT(2) 
PARAMETRIC_REPRESENTATION_CONTEXT() REPRESENTATION_CONTEXT('2D SPACE',''
  ) );
#596 = PCURVE('',#597,#602);
#597 = PLANE('',#598);
#598 = AXIS2_PLACEMENT_3D('',#599,#600,#601);
#599 = CARTESIAN_POINT('',(-34.34780454596,-20.55430820364,-150.));
#600 = DIRECTION('',(0.500000000007,0.866025403781,-0.));
#601 = DIRECTION('',(0.866025403781,-0.500000000007,0.));
#602 = DEFINITIONAL_REPRESENTATION('',(#603),#607);
#603 = LINE('',#604,#605);
#604 = CARTESIAN_POINT('',(0.,0.));
#605 = VECTOR('',#606,1.);
#606 = DIRECTION('',(1.,0.));
#607 = ( GEOMETRIC_REPRESENTATION_CONTEXT(2) 
PARAMETRIC_REPRESENTATION_CONTEXT() REPRESENTATION_CONTEXT('2D SPACE',''
  ) );
#608 = ORIENTED_EDGE('',*,*,#609,.T.);
#609 = EDGE_CURVE('',#582,#610,#612,.T.);
#610 = VERTEX_POINT('',#611);
#611 = CARTESIAN_POINT('',(-0.459312421795,-40.10887827848,-150.));
#612 = SURFACE_CURVE('',#613,(#617,#624),.PCURVE_S1.);
#613 = LINE('',#614,#615);
#614 = CARTESIAN_POINT('',(-0.564307629158,-40.05921924307,-150.));
#615 = VECTOR('',#616,1.);
#616 = DIRECTION('',(0.903989290831,-0.427555098278,0.));
#617 = PCURVE('',#165,#618);
#618 = DEFINITIONAL_REPRESENTATION('',(#619),#623);
#619 = LINE('',#620,#621);
#620 = CARTESIAN_POINT('',(-40.75051639805,0.564307629158));
#621 = VECTOR('',#622,1.);
#622 = DIRECTION('',(-0.427555098278,-0.903989290831));
#623 = ( GEOMETRIC_REPRESENTATION_CONTEXT(2) 
PARAMETRIC_REPRESENTATION_CONTEXT() REPRESENTATION_CONTEXT('2D SPACE',''
  ) );
#624 = PCURVE('',#625,#630);
#625 = PLANE('',#626);
#626 = AXIS2_PLACEMENT_3D('',#627,#628,#629);
#627 = CARTESIAN_POINT('',(-0.564307629158,-40.05921924307,-150.));
#628 = DIRECTION('',(0.427555098278,0.903989290831,-0.));
#629 = DIRECTION('',(0.903989290831,-0.427555098278,0.));
#630 = DEFINITIONAL_REPRESENTATION('',(#631),#635);
#631 = LINE('',#632,#633);
#632 = CARTESIAN_POINT('',(0.,0.));
#633 = VECTOR('',#634,1.);
#634 = DIRECTION('',(1.,0.));
#635 = ( GEOMETRIC_REPRESENTATION_CONTEXT(2) 
PARAMETRIC_REPRESENTATION_CONTEXT() REPRESENTATION_CONTEXT('2D SPACE',''
  ) );
#636 = ORIENTED_EDGE('',*,*,#637,.T.);
#637 = EDGE_CURVE('',#610,#638,#640,.T.);
#638 = VERTEX_POINT('',#639);
#639 = CARTESIAN_POINT('',(-0.348411628171,-40.14855921672,-150.));
#640 = SURFACE_CURVE('',#641,(#645,#652),.PCURVE_S1.);
#641 = LINE('',#642,#643);
#642 = CARTESIAN_POINT('',(-0.459312421795,-40.10887827848,-150.));
#643 = VECTOR('',#644,1.);
#644 = DIRECTION('',(0.941544065769,-0.336889851754,0.));
#645 = PCURVE('',#165,#646);
#646 = DEFINITIONAL_REPRESENTATION('',(#647),#651);
#647 = LINE('',#648,#649);
#648 = CARTESIAN_POINT('',(-40.80017543346,0.459312421795));
#649 = VECTOR('',#650,1.);
#650 = DIRECTION('',(-0.336889851754,-0.941544065769));
#651 = ( GEOMETRIC_REPRESENTATION_CONTEXT(2) 
PARAMETRIC_REPRESENTATION_CONTEXT() REPRESENTATION_CONTEXT('2D SPACE',''
  ) );
#652 = PCURVE('',#653,#658);
#653 = PLANE('',#654);
#654 = AXIS2_PLACEMENT_3D('',#655,#656,#657);
#655 = CARTESIAN_POINT('',(-0.459312421795,-40.10887827848,-150.));
#656 = DIRECTION('',(0.336889851754,0.941544065769,-0.));
#657 = DIRECTION('',(0.941544065769,-0.336889851754,0.));
#658 = DEFINITIONAL_REPRESENTATION('',(#659),#663);
#659 = LINE('',#660,#661);
#660 = CARTESIAN_POINT('',(0.,0.));
#661 = VECTOR('',#662,1.);
#662 = DIRECTION('',(1.,0.));
#663 = ( GEOMETRIC_REPRESENTATION_CONTEXT(2) 
PARAMETRIC_REPRESENTATION_CONTEXT() REPRESENTATION_CONTEXT('2D SPACE',''
  ) );
#664 = ORIENTED_EDGE('',*,*,#665,.T.);
#665 = EDGE_CURVE('',#638,#666,#668,.T.);
#666 = VERTEX_POINT('',#667);
#667 = CARTESIAN_POINT('',(-0.234155442123,-40.17717890071,-150.));
#668 = SURFACE_CURVE('',#669,(#673,#680),.PCURVE_S1.);
#669 = LINE('',#670,#671);
#670 = CARTESIAN_POINT('',(-0.348411628171,-40.14855921672,-150.));
#671 = VECTOR('',#672,1.);
#672 = DIRECTION('',(0.970031254663,-0.242980174042,0.));
#673 = PCURVE('',#165,#674);
#674 = DEFINITIONAL_REPRESENTATION('',(#675),#679);
#675 = LINE('',#676,#677);
#676 = CARTESIAN_POINT('',(-40.8398563717,0.348411628171));
#677 = VECTOR('',#678,1.);
#678 = DIRECTION('',(-0.242980174042,-0.970031254663));
#679 = ( GEOMETRIC_REPRESENTATION_CONTEXT(2) 
PARAMETRIC_REPRESENTATION_CONTEXT() REPRESENTATION_CONTEXT('2D SPACE',''
  ) );
#680 = PCURVE('',#681,#686);
#681 = PLANE('',#682);
#682 = AXIS2_PLACEMENT_3D('',#683,#684,#685);
#683 = CARTESIAN_POINT('',(-0.348411628171,-40.14855921672,-150.));
#684 = DIRECTION('',(0.242980174042,0.970031254663,-0.));
#685 = DIRECTION('',(0.970031254663,-0.242980174042,0.));
#686 = DEFINITIONAL_REPRESENTATION('',(#687),#691);
#687 = LINE('',#688,#689);
#688 = CARTESIAN_POINT('',(0.,0.));
#689 = VECTOR('',#690,1.);
#690 = DIRECTION('',(1.,0.));
#691 = ( GEOMETRIC_REPRESENTATION_CONTEXT(2) 
PARAMETRIC_REPRESENTATION_CONTEXT() REPRESENTATION_CONTEXT('2D SPACE',''
  ) );
#692 = ORIENTED_EDGE('',*,*,#693,.T.);
#693 = EDGE_CURVE('',#666,#694,#696,.T.);
#694 = VERTEX_POINT('',#695);
#695 = CARTESIAN_POINT('',(-0.117644210107,-40.1944617102,-150.));
#696 = SURFACE_CURVE('',#697,(#701,#708),.PCURVE_S1.);
#697 = LINE('',#698,#699);
#698 = CARTESIAN_POINT('',(-0.234155442123,-40.17717890071,-150.));
#699 = VECTOR('',#700,1.);
#700 = DIRECTION('',(0.989176508952,-0.146730481281,0.));
#701 = PCURVE('',#165,#702);
#702 = DEFINITIONAL_REPRESENTATION('',(#703),#707);
#703 = LINE('',#704,#705);
#704 = CARTESIAN_POINT('',(-40.86847605569,0.234155442123));
#705 = VECTOR('',#706,1.);
#706 = DIRECTION('',(-0.146730481281,-0.989176508952));
#707 = ( GEOMETRIC_REPRESENTATION_CONTEXT(2) 
PARAMETRIC_REPRESENTATION_CONTEXT() REPRESENTATION_CONTEXT('2D SPACE',''
  ) );
#708 = PCURVE('',#709,#714);
#709 = PLANE('',#710);
#710 = AXIS2_PLACEMENT_3D('',#711,#712,#713);
#711 = CARTESIAN_POINT('',(-0.234155442123,-40.17717890071,-150.));
#712 = DIRECTION('',(0.146730481281,0.989176508952,-0.));
#713 = DIRECTION('',(0.989176508952,-0.146730481281,0.));
#714 = DEFINITIONAL_REPRESENTATION('',(#715),#719);
#715 = LINE('',#716,#717);
#716 = CARTESIAN_POINT('',(0.,0.));
#717 = VECTOR('',#718,1.);
#718 = DIRECTION('',(1.,0.));
#719 = ( GEOMETRIC_REPRESENTATION_CONTEXT(2) 
PARAMETRIC_REPRESENTATION_CONTEXT() REPRESENTATION_CONTEXT('2D SPACE',''
  ) );
#720 = ORIENTED_EDGE('',*,*,#721,.T.);
#721 = EDGE_CURVE('',#694,#722,#724,.T.);
#722 = VERTEX_POINT('',#723);
#723 = CARTESIAN_POINT('',(0.,-40.20024119926,-150.));
#724 = SURFACE_CURVE('',#725,(#729,#736),.PCURVE_S1.);
#725 = LINE('',#726,#727);
#726 = CARTESIAN_POINT('',(-0.117644210107,-40.1944617102,-150.));
#727 = VECTOR('',#728,1.);
#728 = DIRECTION('',(0.998795456361,-4.906767115971E-02,0.));
#729 = PCURVE('',#165,#730);
#730 = DEFINITIONAL_REPRESENTATION('',(#731),#735);
#731 = LINE('',#732,#733);
#732 = CARTESIAN_POINT('',(-40.88575886517,0.117644210107));
#733 = VECTOR('',#734,1.);
#734 = DIRECTION('',(-4.906767115971E-02,-0.998795456361));
#735 = ( GEOMETRIC_REPRESENTATION_CONTEXT(2) 
PARAMETRIC_REPRESENTATION_CONTEXT() REPRESENTATION_CONTEXT('2D SPACE',''
  ) );
#736 = PCURVE('',#737,#742);
#737 = PLANE('',#738);
#738 = AXIS2_PLACEMENT_3D('',#739,#740,#741);
#739 = CARTESIAN_POINT('',(-0.117644210107,-40.1944617102,-150.));
#740 = DIRECTION('',(4.906767115971E-02,0.998795456361,-0.));
#741 = DIRECTION('',(0.998795456361,-4.906767115971E-02,0.));
#742 = DEFINITIONAL_REPRESENTATION('',(#743),#747);
#743 = LINE('',#744,#745);
#744 = CARTESIAN_POINT('',(0.,0.));
#745 = VECTOR('',#746,1.);
#746 = DIRECTION('',(1.,0.));
#747 = ( GEOMETRIC_REPRESENTATION_CONTEXT(2) 
PARAMETRIC_REPRESENTATION_CONTEXT() REPRESENTATION_CONTEXT('2D SPACE',''
  ) );
#748 = ORIENTED_EDGE('',*,*,#749,.T.);
#749 = EDGE_CURVE('',#722,#750,#752,.T.);
#750 = VERTEX_POINT('',#751);
#751 = CARTESIAN_POINT('',(0.117644210107,-40.1944617102,-150.));
#752 = SURFACE_CURVE('',#753,(#757,#764),.PCURVE_S1.);
#753 = LINE('',#754,#755);
#754 = CARTESIAN_POINT('',(0.,-40.20024119926,-150.));
#755 = VECTOR('',#756,1.);
#756 = DIRECTION('',(0.998795456361,4.906767115971E-02,0.));
#757 = PCURVE('',#165,#758);
#758 = DEFINITIONAL_REPRESENTATION('',(#759),#763);
#759 = LINE('',#760,#761);
#760 = CARTESIAN_POINT('',(-40.89153835424,9.343651929881E-16));
#761 = VECTOR('',#762,1.);
#762 = DIRECTION('',(4.906767115971E-02,-0.998795456361));
#763 = ( GEOMETRIC_REPRESENTATION_CONTEXT(2) 
PARAMETRIC_REPRESENTATION_CONTEXT() REPRESENTATION_CONTEXT('2D SPACE',''
  ) );
#764 = PCURVE('',#765,#770);
#765 = PLANE('',#766);
#766 = AXIS2_PLACEMENT_3D('',#767,#768,#769);
#767 = CARTESIAN_POINT('',(0.,-40.20024119926,-150.));
#768 = DIRECTION('',(-4.906767115971E-02,0.998795456361,0.));
#769 = DIRECTION('',(0.998795456361,4.906767115971E-02,0.));
#770 = DEFINITIONAL_REPRESENTATION('',(#771),#775);
#771 = LINE('',#772,#773);
#772 = CARTESIAN_POINT('',(0.,0.));
#773 = VECTOR('',#774,1.);
#774 = DIRECTION('',(1.,0.));
#775 = ( GEOMETRIC_REPRESENTATION_CONTEXT(2) 
PARAMETRIC_REPRESENTATION_CONTEXT() REPRESENTATION_CONTEXT('2D SPACE',''
  ) );
#776 = ORIENTED_EDGE('',*,*,#777,.T.);
#777 = EDGE_CURVE('',#750,#778,#780,.T.);
#778 = VERTEX_POINT('',#779);
#779 = CARTESIAN_POINT('',(0.234155442123,-40.17717890071,-150.));
#780 = SURFACE_CURVE('',#781,(#785,#792),.PCURVE_S1.);
#781 = LINE('',#782,#783);
#782 = CARTESIAN_POINT('',(0.117644210107,-40.1944617102,-150.));
#783 = VECTOR('',#784,1.);
#784 = DIRECTION('',(0.989176508952,0.146730481281,0.));
#785 = PCURVE('',#165,#786);
#786 = DEFINITIONAL_REPRESENTATION('',(#787),#791);
#787 = LINE('',#788,#789);
#788 = CARTESIAN_POINT('',(-40.88575886517,-0.117644210107));
#789 = VECTOR('',#790,1.);
#790 = DIRECTION('',(0.146730481281,-0.989176508952));
#791 = ( GEOMETRIC_REPRESENTATION_CONTEXT(2) 
PARAMETRIC_REPRESENTATION_CONTEXT() REPRESENTATION_CONTEXT('2D SPACE',''
  ) );
#792 = PCURVE('',#793,#798);
#793 = PLANE('',#794);
#794 = AXIS2_PLACEMENT_3D('',#795,#796,#797);
#795 = CARTESIAN_POINT('',(0.117644210107,-40.1944617102,-150.));
#796 = DIRECTION('',(-0.146730481281,0.989176508952,0.));
#797 = DIRECTION('',(0.989176508952,0.146730481281,0.));
#798 = DEFINITIONAL_REPRESENTATION('',(#799),#803);
#799 = LINE('',#800,#801);
#800 = CARTESIAN_POINT('',(0.,0.));
#801 = VECTOR('',#802,1.);
#802 = DIRECTION('',(1.,0.));
#803 = ( GEOMETRIC_REPRESENTATION_CONTEXT(2) 
PARAMETRIC_REPRESENTATION_CONTEXT() REPRESENTATION_CONTEXT('2D SPACE',''
  ) );
#804 = ORIENTED_EDGE('',*,*,#805,.T.);
#805 = EDGE_CURVE('',#778,#806,#808,.T.);
#806 = VERTEX_POINT('',#807);
#807 = CARTESIAN_POINT('',(0.348411628171,-40.14855921672,-150.));
#808 = SURFACE_CURVE('',#809,(#813,#820),.PCURVE_S1.);
#809 = LINE('',#810,#811);
#810 = CARTESIAN_POINT('',(0.234155442123,-40.17717890071,-150.));
#811 = VECTOR('',#812,1.);
#812 = DIRECTION('',(0.970031254663,0.242980174042,0.));
#813 = PCURVE('',#165,#814);
#814 = DEFINITIONAL_REPRESENTATION('',(#815),#819);
#815 = LINE('',#816,#817);
#816 = CARTESIAN_POINT('',(-40.86847605569,-0.234155442123));
#817 = VECTOR('',#818,1.);
#818 = DIRECTION('',(0.242980174042,-0.970031254663));
#819 = ( GEOMETRIC_REPRESENTATION_CONTEXT(2) 
PARAMETRIC_REPRESENTATION_CONTEXT() REPRESENTATION_CONTEXT('2D SPACE',''
  ) );
#820 = PCURVE('',#821,#826);
#821 = PLANE('',#822);
#822 = AXIS2_PLACEMENT_3D('',#823,#824,#825);
#823 = CARTESIAN_POINT('',(0.234155442123,-40.17717890071,-150.));
#824 = DIRECTION('',(-0.242980174042,0.970031254663,0.));
#825 = DIRECTION('',(0.970031254663,0.242980174042,0.));
#826 = DEFINITIONAL_REPRESENTATION('',(#827),#831);
#827 = LINE('',#828,#829);
#828 = CARTESIAN_POINT('',(0.,0.));
#829 = VECTOR('',#830,1.);
#830 = DIRECTION('',(1.,0.));
#831 = ( GEOMETRIC_REPRESENTATION_CONTEXT(2) 
PARAMETRIC_REPRESENTATION_CONTEXT() REPRESENTATION_CONTEXT('2D SPACE',''
  ) );
#832 = ORIENTED_EDGE('',*,*,#833,.T.);
#833 = EDGE_CURVE('',#806,#834,#836,.T.);
#834 = VERTEX_POINT('',#835);
#835 = CARTESIAN_POINT('',(0.459312421795,-40.10887827848,-150.));
#836 = SURFACE_CURVE('',#837,(#841,#848),.PCURVE_S1.);
#837 = LINE('',#838,#839);
#838 = CARTESIAN_POINT('',(0.348411628171,-40.14855921672,-150.));
#839 = VECTOR('',#840,1.);
#840 = DIRECTION('',(0.941544065769,0.336889851754,0.));
#841 = PCURVE('',#165,#842);
#842 = DEFINITIONAL_REPRESENTATION('',(#843),#847);
#843 = LINE('',#844,#845);
#844 = CARTESIAN_POINT('',(-40.8398563717,-0.348411628171));
#845 = VECTOR('',#846,1.);
#846 = DIRECTION('',(0.336889851754,-0.941544065769));
#847 = ( GEOMETRIC_REPRESENTATION_CONTEXT(2) 
PARAMETRIC_REPRESENTATION_CONTEXT() REPRESENTATION_CONTEXT('2D SPACE',''
  ) );
#848 = PCURVE('',#849,#854);
#849 = PLANE('',#850);
#850 = AXIS2_PLACEMENT_3D('',#851,#852,#853);
#851 = CARTESIAN_POINT('',(0.348411628171,-40.14855921672,-150.));
#852 = DIRECTION('',(-0.336889851754,0.941544065769,0.));
#853 = DIRECTION('',(0.941544065769,0.336889851754,0.));
#854 = DEFINITIONAL_REPRESENTATION('',(#855),#859);
#855 = LINE('',#856,#857);
#856 = CARTESIAN_POINT('',(0.,0.));
#857 = VECTOR('',#858,1.);
#858 = DIRECTION('',(1.,0.));
#859 = ( GEOMETRIC_REPRESENTATION_CONTEXT(2) 
PARAMETRIC_REPRESENTATION_CONTEXT() REPRESENTATION_CONTEXT('2D SPACE',''
  ) );
#860 = ORIENTED_EDGE('',*,*,#861,.T.);
#861 = EDGE_CURVE('',#834,#862,#864,.T.);
#862 = VERTEX_POINT('',#863);
#863 = CARTESIAN_POINT('',(0.564307629158,-40.05921924307,-150.));
#864 = SURFACE_CURVE('',#865,(#869,#876),.PCURVE_S1.);
#865 = LINE('',#866,#867);
#866 = CARTESIAN_POINT('',(0.459312421795,-40.10887827848,-150.));
#867 = VECTOR('',#868,1.);
#868 = DIRECTION('',(0.903989290831,0.427555098278,0.));
#869 = PCURVE('',#165,#870);
#870 = DEFINITIONAL_REPRESENTATION('',(#871),#875);
#871 = LINE('',#872,#873);
#872 = CARTESIAN_POINT('',(-40.80017543346,-0.459312421795));
#873 = VECTOR('',#874,1.);
#874 = DIRECTION('',(0.427555098278,-0.903989290831));
#875 = ( GEOMETRIC_REPRESENTATION_CONTEXT(2) 
PARAMETRIC_REPRESENTATION_CONTEXT() REPRESENTATION_CONTEXT('2D SPACE',''
  ) );
#876 = PCURVE('',#877,#882);
#877 = PLANE('',#878);
#878 = AXIS2_PLACEMENT_3D('',#879,#880,#881);
#879 = CARTESIAN_POINT('',(0.459312421795,-40.10887827848,-150.));
#880 = DIRECTION('',(-0.427555098278,0.903989290831,0.));
#881 = DIRECTION('',(0.903989290831,0.427555098278,0.));
#882 = DEFINITIONAL_REPRESENTATION('',(#883),#887);
#883 = LINE('',#884,#885);
#884 = CARTESIAN_POINT('',(0.,0.));
#885 = VECTOR('',#886,1.);
#886 = DIRECTION('',(1.,0.));
#887 = ( GEOMETRIC_REPRESENTATION_CONTEXT(2) 
PARAMETRIC_REPRESENTATION_CONTEXT() REPRESENTATION_CONTEXT('2D SPACE',''
  ) );
#888 = ORIENTED_EDGE('',*,*,#889,.T.);
#889 = EDGE_CURVE('',#862,#890,#892,.T.);
#890 = VERTEX_POINT('',#891);
#891 = CARTESIAN_POINT('',(34.347804545969,-20.55430820364,-150.));
#892 = SURFACE_CURVE('',#893,(#897,#904),.PCURVE_S1.);
#893 = LINE('',#894,#895);
#894 = CARTESIAN_POINT('',(0.564307629158,-40.05921924307,-150.));
#895 = VECTOR('',#896,1.);
#896 = DIRECTION('',(0.866025403781,0.500000000007,0.));
#897 = PCURVE('',#165,#898);
#898 = DEFINITIONAL_REPRESENTATION('',(#899),#903);
#899 = LINE('',#900,#901);
#900 = CARTESIAN_POINT('',(-40.75051639805,-0.564307629158));
#901 = VECTOR('',#902,1.);
#902 = DIRECTION('',(0.500000000007,-0.866025403781));
#903 = ( GEOMETRIC_REPRESENTATION_CONTEXT(2) 
PARAMETRIC_REPRESENTATION_CONTEXT() REPRESENTATION_CONTEXT('2D SPACE',''
  ) );
#904 = PCURVE('',#905,#910);
#905 = PLANE('',#906);
#906 = AXIS2_PLACEMENT_3D('',#907,#908,#909);
#907 = CARTESIAN_POINT('',(0.564307629158,-40.05921924307,-150.));
#908 = DIRECTION('',(-0.500000000007,0.866025403781,0.));
#909 = DIRECTION('',(0.866025403781,0.500000000007,0.));
#910 = DEFINITIONAL_REPRESENTATION('',(#911),#915);
#911 = LINE('',#912,#913);
#912 = CARTESIAN_POINT('',(0.,0.));
#913 = VECTOR('',#914,1.);
#914 = DIRECTION('',(1.,0.));
#915 = ( GEOMETRIC_REPRESENTATION_CONTEXT(2) 
PARAMETRIC_REPRESENTATION_CONTEXT() REPRESENTATION_CONTEXT('2D SPACE',''
  ) );
#916 = ORIENTED_EDGE('',*,*,#917,.T.);
#917 = EDGE_CURVE('',#890,#918,#920,.T.);
#918 = VERTEX_POINT('',#919);
#919 = CARTESIAN_POINT('',(34.441809030497,-20.49796408455,-150.));
#920 = SURFACE_CURVE('',#921,(#925,#932),.PCURVE_S1.);
#921 = LINE('',#922,#923);
#922 = CARTESIAN_POINT('',(34.347804545969,-20.55430820364,-150.));
#923 = VECTOR('',#924,1.);
#924 = DIRECTION('',(0.857728612378,0.514102740226,0.));
#925 = PCURVE('',#165,#926);
#926 = DEFINITIONAL_REPRESENTATION('',(#927),#931);
#927 = LINE('',#928,#929);
#928 = CARTESIAN_POINT('',(-21.24560535862,-34.34780454596));
#929 = VECTOR('',#930,1.);
#930 = DIRECTION('',(0.514102740226,-0.857728612378));
#931 = ( GEOMETRIC_REPRESENTATION_CONTEXT(2) 
PARAMETRIC_REPRESENTATION_CONTEXT() REPRESENTATION_CONTEXT('2D SPACE',''
  ) );
#932 = PCURVE('',#933,#938);
#933 = PLANE('',#934);
#934 = AXIS2_PLACEMENT_3D('',#935,#936,#937);
#935 = CARTESIAN_POINT('',(34.347804545969,-20.55430820364,-150.));
#936 = DIRECTION('',(-0.514102740226,0.857728612378,0.));
#937 = DIRECTION('',(0.857728612378,0.514102740226,0.));
#938 = DEFINITIONAL_REPRESENTATION('',(#939),#943);
#939 = LINE('',#940,#941);
#940 = CARTESIAN_POINT('',(0.,0.));
#941 = VECTOR('',#942,1.);
#942 = DIRECTION('',(1.,0.));
#943 = ( GEOMETRIC_REPRESENTATION_CONTEXT(2) 
PARAMETRIC_REPRESENTATION_CONTEXT() REPRESENTATION_CONTEXT('2D SPACE',''
  ) );
#944 = ORIENTED_EDGE('',*,*,#945,.T.);
#945 = EDGE_CURVE('',#918,#946,#948,.T.);
#946 = VERTEX_POINT('',#947);
#947 = CARTESIAN_POINT('',(34.536415704052,-20.42779899322,-150.));
#948 = SURFACE_CURVE('',#949,(#953,#960),.PCURVE_S1.);
#949 = LINE('',#950,#951);
#950 = CARTESIAN_POINT('',(34.441809030497,-20.49796408455,-150.));
#951 = VECTOR('',#952,1.);
#952 = DIRECTION('',(0.803207530666,0.59569930559,0.));
#953 = PCURVE('',#165,#954);
#954 = DEFINITIONAL_REPRESENTATION('',(#955),#959);
#955 = LINE('',#956,#957);
#956 = CARTESIAN_POINT('',(-21.18926123952,-34.44180903049));
#957 = VECTOR('',#958,1.);
#958 = DIRECTION('',(0.59569930559,-0.803207530666));
#959 = ( GEOMETRIC_REPRESENTATION_CONTEXT(2) 
PARAMETRIC_REPRESENTATION_CONTEXT() REPRESENTATION_CONTEXT('2D SPACE',''
  ) );
#960 = PCURVE('',#961,#966);
#961 = PLANE('',#962);
#962 = AXIS2_PLACEMENT_3D('',#963,#964,#965);
#963 = CARTESIAN_POINT('',(34.441809030497,-20.49796408455,-150.));
#964 = DIRECTION('',(-0.59569930559,0.803207530666,0.));
#965 = DIRECTION('',(0.803207530666,0.59569930559,0.));
#966 = DEFINITIONAL_REPRESENTATION('',(#967),#971);
#967 = LINE('',#968,#969);
#968 = CARTESIAN_POINT('',(0.,0.));
#969 = VECTOR('',#970,1.);
#970 = DIRECTION('',(1.,0.));
#971 = ( GEOMETRIC_REPRESENTATION_CONTEXT(2) 
PARAMETRIC_REPRESENTATION_CONTEXT() REPRESENTATION_CONTEXT('2D SPACE',''
  ) );
#972 = ORIENTED_EDGE('',*,*,#973,.T.);
#973 = EDGE_CURVE('',#946,#974,#976,.T.);
#974 = VERTEX_POINT('',#975);
#975 = CARTESIAN_POINT('',(34.623689438902,-20.3486986909,-150.));
#976 = SURFACE_CURVE('',#977,(#981,#988),.PCURVE_S1.);
#977 = LINE('',#978,#979);
#978 = CARTESIAN_POINT('',(34.536415704052,-20.42779899322,-150.));
#979 = VECTOR('',#980,1.);
#980 = DIRECTION('',(0.740951126143,0.671558953977,0.));
#981 = PCURVE('',#165,#982);
#982 = DEFINITIONAL_REPRESENTATION('',(#983),#987);
#983 = LINE('',#984,#985);
#984 = CARTESIAN_POINT('',(-21.1190961482,-34.53641570405));
#985 = VECTOR('',#986,1.);
#986 = DIRECTION('',(0.671558953977,-0.740951126143));
#987 = ( GEOMETRIC_REPRESENTATION_CONTEXT(2) 
PARAMETRIC_REPRESENTATION_CONTEXT() REPRESENTATION_CONTEXT('2D SPACE',''
  ) );
#988 = PCURVE('',#989,#994);
#989 = PLANE('',#990);
#990 = AXIS2_PLACEMENT_3D('',#991,#992,#993);
#991 = CARTESIAN_POINT('',(34.536415704052,-20.42779899322,-150.));
#992 = DIRECTION('',(-0.671558953977,0.740951126143,0.));
#993 = DIRECTION('',(0.740951126143,0.671558953977,0.));
#994 = DEFINITIONAL_REPRESENTATION('',(#995),#999);
#995 = LINE('',#996,#997);
#996 = CARTESIAN_POINT('',(0.,0.));
#997 = VECTOR('',#998,1.);
#998 = DIRECTION('',(1.,0.));
#999 = ( GEOMETRIC_REPRESENTATION_CONTEXT(2) 
PARAMETRIC_REPRESENTATION_CONTEXT() REPRESENTATION_CONTEXT('2D SPACE',''
  ) );
#1000 = ORIENTED_EDGE('',*,*,#1001,.T.);
#1001 = EDGE_CURVE('',#974,#1002,#1004,.T.);
#1002 = VERTEX_POINT('',#1003);
#1003 = CARTESIAN_POINT('',(34.702789741226,-20.26142495605,-150.));
#1004 = SURFACE_CURVE('',#1005,(#1009,#1016),.PCURVE_S1.);
#1005 = LINE('',#1006,#1007);
#1006 = CARTESIAN_POINT('',(34.623689438902,-20.3486986909,-150.));
#1007 = VECTOR('',#1008,1.);
#1008 = DIRECTION('',(0.671558953977,0.740951126143,0.));
#1009 = PCURVE('',#165,#1010);
#1010 = DEFINITIONAL_REPRESENTATION('',(#1011),#1015);
#1011 = LINE('',#1012,#1013);
#1012 = CARTESIAN_POINT('',(-21.03999584587,-34.6236894389));
#1013 = VECTOR('',#1014,1.);
#1014 = DIRECTION('',(0.740951126143,-0.671558953977));
#1015 = ( GEOMETRIC_REPRESENTATION_CONTEXT(2) 
PARAMETRIC_REPRESENTATION_CONTEXT() REPRESENTATION_CONTEXT('2D SPACE',''
  ) );
#1016 = PCURVE('',#1017,#1022);
#1017 = PLANE('',#1018);
#1018 = AXIS2_PLACEMENT_3D('',#1019,#1020,#1021);
#1019 = CARTESIAN_POINT('',(34.623689438902,-20.3486986909,-150.));
#1020 = DIRECTION('',(-0.740951126143,0.671558953977,0.));
#1021 = DIRECTION('',(0.671558953977,0.740951126143,0.));
#1022 = DEFINITIONAL_REPRESENTATION('',(#1023),#1027);
#1023 = LINE('',#1024,#1025);
#1024 = CARTESIAN_POINT('',(0.,0.));
#1025 = VECTOR('',#1026,1.);
#1026 = DIRECTION('',(1.,0.));
#1027 = ( GEOMETRIC_REPRESENTATION_CONTEXT(2) 
PARAMETRIC_REPRESENTATION_CONTEXT() REPRESENTATION_CONTEXT('2D SPACE',''
  ) );
#1028 = ORIENTED_EDGE('',*,*,#1029,.T.);
#1029 = EDGE_CURVE('',#1002,#1030,#1032,.T.);
#1030 = VERTEX_POINT('',#1031);
#1031 = CARTESIAN_POINT('',(34.772954832237,-20.16681828291,-150.));
#1032 = SURFACE_CURVE('',#1033,(#1037,#1044),.PCURVE_S1.);
#1033 = LINE('',#1034,#1035);
#1034 = CARTESIAN_POINT('',(34.702789741226,-20.26142495605,-150.));
#1035 = VECTOR('',#1036,1.);
#1036 = DIRECTION('',(0.59569930559,0.803207530666,0.));
#1037 = PCURVE('',#165,#1038);
#1038 = DEFINITIONAL_REPRESENTATION('',(#1039),#1043);
#1039 = LINE('',#1040,#1041);
#1040 = CARTESIAN_POINT('',(-20.95272211102,-34.70278974122));
#1041 = VECTOR('',#1042,1.);
#1042 = DIRECTION('',(0.803207530666,-0.59569930559));
#1043 = ( GEOMETRIC_REPRESENTATION_CONTEXT(2) 
PARAMETRIC_REPRESENTATION_CONTEXT() REPRESENTATION_CONTEXT('2D SPACE',''
  ) );
#1044 = PCURVE('',#1045,#1050);
#1045 = PLANE('',#1046);
#1046 = AXIS2_PLACEMENT_3D('',#1047,#1048,#1049);
#1047 = CARTESIAN_POINT('',(34.702789741226,-20.26142495605,-150.));
#1048 = DIRECTION('',(-0.803207530666,0.59569930559,0.));
#1049 = DIRECTION('',(0.59569930559,0.803207530666,0.));
#1050 = DEFINITIONAL_REPRESENTATION('',(#1051),#1055);
#1051 = LINE('',#1052,#1053);
#1052 = CARTESIAN_POINT('',(0.,0.));
#1053 = VECTOR('',#1054,1.);
#1054 = DIRECTION('',(1.,0.));
#1055 = ( GEOMETRIC_REPRESENTATION_CONTEXT(2) 
PARAMETRIC_REPRESENTATION_CONTEXT() REPRESENTATION_CONTEXT('2D SPACE',''
  ) );
#1056 = ORIENTED_EDGE('',*,*,#1057,.T.);
#1057 = EDGE_CURVE('',#1030,#1058,#1060,.T.);
#1058 = VERTEX_POINT('',#1059);
#1059 = CARTESIAN_POINT('',(34.833508983828,-20.06578978465,-150.));
#1060 = SURFACE_CURVE('',#1061,(#1065,#1072),.PCURVE_S1.);
#1061 = LINE('',#1062,#1063);
#1062 = CARTESIAN_POINT('',(34.772954832237,-20.16681828291,-150.));
#1063 = VECTOR('',#1064,1.);
#1064 = DIRECTION('',(0.51410274472,0.857728609685,0.));
#1065 = PCURVE('',#165,#1066);
#1066 = DEFINITIONAL_REPRESENTATION('',(#1067),#1071);
#1067 = LINE('',#1068,#1069);
#1068 = CARTESIAN_POINT('',(-20.85811543789,-34.77295483223));
#1069 = VECTOR('',#1070,1.);
#1070 = DIRECTION('',(0.857728609685,-0.51410274472));
#1071 = ( GEOMETRIC_REPRESENTATION_CONTEXT(2) 
PARAMETRIC_REPRESENTATION_CONTEXT() REPRESENTATION_CONTEXT('2D SPACE',''
  ) );
#1072 = PCURVE('',#1073,#1078);
#1073 = PLANE('',#1074);
#1074 = AXIS2_PLACEMENT_3D('',#1075,#1076,#1077);
#1075 = CARTESIAN_POINT('',(34.772954832237,-20.16681828291,-150.));
#1076 = DIRECTION('',(-0.857728609685,0.51410274472,0.));
#1077 = DIRECTION('',(0.51410274472,0.857728609685,0.));
#1078 = DEFINITIONAL_REPRESENTATION('',(#1079),#1083);
#1079 = LINE('',#1080,#1081);
#1080 = CARTESIAN_POINT('',(0.,0.));
#1081 = VECTOR('',#1082,1.);
#1082 = DIRECTION('',(1.,0.));
#1083 = ( GEOMETRIC_REPRESENTATION_CONTEXT(2) 
PARAMETRIC_REPRESENTATION_CONTEXT() REPRESENTATION_CONTEXT('2D SPACE',''
  ) );
#1084 = ORIENTED_EDGE('',*,*,#1085,.T.);
#1085 = EDGE_CURVE('',#1058,#1086,#1088,.T.);
#1086 = VERTEX_POINT('',#1087);
#1087 = CARTESIAN_POINT('',(34.883869025798,-19.95931242092,-150.));
#1088 = SURFACE_CURVE('',#1089,(#1093,#1100),.PCURVE_S1.);
#1089 = LINE('',#1090,#1091);
#1090 = CARTESIAN_POINT('',(34.833508983828,-20.06578978465,-150.));
#1091 = VECTOR('',#1092,1.);
#1092 = DIRECTION('',(0.42755508995,0.903989294769,0.));
#1093 = PCURVE('',#165,#1094);
#1094 = DEFINITIONAL_REPRESENTATION('',(#1095),#1099);
#1095 = LINE('',#1096,#1097);
#1096 = CARTESIAN_POINT('',(-20.75708693962,-34.83350898382));
#1097 = VECTOR('',#1098,1.);
#1098 = DIRECTION('',(0.903989294769,-0.42755508995));
#1099 = ( GEOMETRIC_REPRESENTATION_CONTEXT(2) 
PARAMETRIC_REPRESENTATION_CONTEXT() REPRESENTATION_CONTEXT('2D SPACE',''
  ) );
#1100 = PCURVE('',#1101,#1106);
#1101 = PLANE('',#1102);
#1102 = AXIS2_PLACEMENT_3D('',#1103,#1104,#1105);
#1103 = CARTESIAN_POINT('',(34.833508983828,-20.06578978465,-150.));
#1104 = DIRECTION('',(-0.903989294769,0.42755508995,0.));
#1105 = DIRECTION('',(0.42755508995,0.903989294769,0.));
#1106 = DEFINITIONAL_REPRESENTATION('',(#1107),#1111);
#1107 = LINE('',#1108,#1109);
#1108 = CARTESIAN_POINT('',(0.,0.));
#1109 = VECTOR('',#1110,1.);
#1110 = DIRECTION('',(1.,0.));
#1111 = ( GEOMETRIC_REPRESENTATION_CONTEXT(2) 
PARAMETRIC_REPRESENTATION_CONTEXT() REPRESENTATION_CONTEXT('2D SPACE',''
  ) );
#1112 = ORIENTED_EDGE('',*,*,#1113,.T.);
#1113 = EDGE_CURVE('',#1086,#1114,#1116,.T.);
#1114 = VERTEX_POINT('',#1115);
#1115 = CARTESIAN_POINT('',(34.923549963393,-19.8484116291,-150.));
#1116 = SURFACE_CURVE('',#1117,(#1121,#1128),.PCURVE_S1.);
#1117 = LINE('',#1118,#1119);
#1118 = CARTESIAN_POINT('',(34.883869025798,-19.95931242092,-150.));
#1119 = VECTOR('',#1120,1.);
#1120 = DIRECTION('',(0.336889851754,0.941544065769,0.));
#1121 = PCURVE('',#165,#1122);
#1122 = DEFINITIONAL_REPRESENTATION('',(#1123),#1127);
#1123 = LINE('',#1124,#1125);
#1124 = CARTESIAN_POINT('',(-20.6506095759,-34.88386902579));
#1125 = VECTOR('',#1126,1.);
#1126 = DIRECTION('',(0.941544065769,-0.336889851754));
#1127 = ( GEOMETRIC_REPRESENTATION_CONTEXT(2) 
PARAMETRIC_REPRESENTATION_CONTEXT() REPRESENTATION_CONTEXT('2D SPACE',''
  ) );
#1128 = PCURVE('',#1129,#1134);
#1129 = PLANE('',#1130);
#1130 = AXIS2_PLACEMENT_3D('',#1131,#1132,#1133);
#1131 = CARTESIAN_POINT('',(34.883869025798,-19.95931242092,-150.));
#1132 = DIRECTION('',(-0.941544065769,0.336889851754,0.));
#1133 = DIRECTION('',(0.336889851754,0.941544065769,0.));
#1134 = DEFINITIONAL_REPRESENTATION('',(#1135),#1139);
#1135 = LINE('',#1136,#1137);
#1136 = CARTESIAN_POINT('',(0.,0.));
#1137 = VECTOR('',#1138,1.);
#1138 = DIRECTION('',(1.,0.));
#1139 = ( GEOMETRIC_REPRESENTATION_CONTEXT(2) 
PARAMETRIC_REPRESENTATION_CONTEXT() REPRESENTATION_CONTEXT('2D SPACE',''
  ) );
#1140 = ORIENTED_EDGE('',*,*,#1141,.T.);
#1141 = EDGE_CURVE('',#1114,#1142,#1144,.T.);
#1142 = VERTEX_POINT('',#1143);
#1143 = CARTESIAN_POINT('',(34.952169648819,-19.73415544212,-150.));
#1144 = SURFACE_CURVE('',#1145,(#1149,#1156),.PCURVE_S1.);
#1145 = LINE('',#1146,#1147);
#1146 = CARTESIAN_POINT('',(34.923549963393,-19.8484116291,-150.));
#1147 = VECTOR('',#1148,1.);
#1148 = DIRECTION('',(0.24298018363,0.970031252261,0.));
#1149 = PCURVE('',#165,#1150);
#1150 = DEFINITIONAL_REPRESENTATION('',(#1151),#1155);
#1151 = LINE('',#1152,#1153);
#1152 = CARTESIAN_POINT('',(-20.53970878408,-34.92354996339));
#1153 = VECTOR('',#1154,1.);
#1154 = DIRECTION('',(0.970031252261,-0.24298018363));
#1155 = ( GEOMETRIC_REPRESENTATION_CONTEXT(2) 
PARAMETRIC_REPRESENTATION_CONTEXT() REPRESENTATION_CONTEXT('2D SPACE',''
  ) );
#1156 = PCURVE('',#1157,#1162);
#1157 = PLANE('',#1158);
#1158 = AXIS2_PLACEMENT_3D('',#1159,#1160,#1161);
#1159 = CARTESIAN_POINT('',(34.923549963393,-19.8484116291,-150.));
#1160 = DIRECTION('',(-0.970031252261,0.24298018363,0.));
#1161 = DIRECTION('',(0.24298018363,0.970031252261,0.));
#1162 = DEFINITIONAL_REPRESENTATION('',(#1163),#1167);
#1163 = LINE('',#1164,#1165);
#1164 = CARTESIAN_POINT('',(0.,0.));
#1165 = VECTOR('',#1166,1.);
#1166 = DIRECTION('',(1.,0.));
#1167 = ( GEOMETRIC_REPRESENTATION_CONTEXT(2) 
PARAMETRIC_REPRESENTATION_CONTEXT() REPRESENTATION_CONTEXT('2D SPACE',''
  ) );
#1168 = ORIENTED_EDGE('',*,*,#1169,.T.);
#1169 = EDGE_CURVE('',#1142,#1170,#1172,.T.);
#1170 = VERTEX_POINT('',#1171);
#1171 = CARTESIAN_POINT('',(34.969452457101,-19.6176442101,-150.));
#1172 = SURFACE_CURVE('',#1173,(#1177,#1184),.PCURVE_S1.);
#1173 = LINE('',#1174,#1175);
#1174 = CARTESIAN_POINT('',(34.952169648819,-19.73415544212,-150.));
#1175 = VECTOR('',#1176,1.);
#1176 = DIRECTION('',(0.14673047131,0.989176510431,0.));
#1177 = PCURVE('',#165,#1178);
#1178 = DEFINITIONAL_REPRESENTATION('',(#1179),#1183);
#1179 = LINE('',#1180,#1181);
#1180 = CARTESIAN_POINT('',(-20.4254525971,-34.95216964881));
#1181 = VECTOR('',#1182,1.);
#1182 = DIRECTION('',(0.989176510431,-0.14673047131));
#1183 = ( GEOMETRIC_REPRESENTATION_CONTEXT(2) 
PARAMETRIC_REPRESENTATION_CONTEXT() REPRESENTATION_CONTEXT('2D SPACE',''
  ) );
#1184 = PCURVE('',#1185,#1190);
#1185 = PLANE('',#1186);
#1186 = AXIS2_PLACEMENT_3D('',#1187,#1188,#1189);
#1187 = CARTESIAN_POINT('',(34.952169648819,-19.73415544212,-150.));
#1188 = DIRECTION('',(-0.989176510431,0.14673047131,0.));
#1189 = DIRECTION('',(0.14673047131,0.989176510431,0.));
#1190 = DEFINITIONAL_REPRESENTATION('',(#1191),#1195);
#1191 = LINE('',#1192,#1193);
#1192 = CARTESIAN_POINT('',(0.,0.));
#1193 = VECTOR('',#1194,1.);
#1194 = DIRECTION('',(1.,0.));
#1195 = ( GEOMETRIC_REPRESENTATION_CONTEXT(2) 
PARAMETRIC_REPRESENTATION_CONTEXT() REPRESENTATION_CONTEXT('2D SPACE',''
  ) );
#1196 = ORIENTED_EDGE('',*,*,#1197,.T.);
#1197 = EDGE_CURVE('',#1170,#1198,#1200,.T.);
#1198 = VERTEX_POINT('',#1199);
#1199 = CARTESIAN_POINT('',(34.974990748,-19.50490972512,-150.));
#1200 = SURFACE_CURVE('',#1201,(#1205,#1212),.PCURVE_S1.);
#1201 = LINE('',#1202,#1203);
#1202 = CARTESIAN_POINT('',(34.969452457101,-19.6176442101,-150.));
#1203 = VECTOR('',#1204,1.);
#1204 = DIRECTION('',(4.906768132523E-02,0.998795455861,0.));
#1205 = PCURVE('',#165,#1206);
#1206 = DEFINITIONAL_REPRESENTATION('',(#1207),#1211);
#1207 = LINE('',#1208,#1209);
#1208 = CARTESIAN_POINT('',(-20.30894136508,-34.9694524571));
#1209 = VECTOR('',#1210,1.);
#1210 = DIRECTION('',(0.998795455861,-4.906768132523E-02));
#1211 = ( GEOMETRIC_REPRESENTATION_CONTEXT(2) 
PARAMETRIC_REPRESENTATION_CONTEXT() REPRESENTATION_CONTEXT('2D SPACE',''
  ) );
#1212 = PCURVE('',#1213,#1218);
#1213 = PLANE('',#1214);
#1214 = AXIS2_PLACEMENT_3D('',#1215,#1216,#1217);
#1215 = CARTESIAN_POINT('',(34.969452457101,-19.6176442101,-150.));
#1216 = DIRECTION('',(-0.998795455861,4.906768132523E-02,0.));
#1217 = DIRECTION('',(4.906768132523E-02,0.998795455861,0.));
#1218 = DEFINITIONAL_REPRESENTATION('',(#1219),#1223);
#1219 = LINE('',#1220,#1221);
#1220 = CARTESIAN_POINT('',(0.,0.));
#1221 = VECTOR('',#1222,1.);
#1222 = DIRECTION('',(1.,0.));
#1223 = ( GEOMETRIC_REPRESENTATION_CONTEXT(2) 
PARAMETRIC_REPRESENTATION_CONTEXT() REPRESENTATION_CONTEXT('2D SPACE',''
  ) );
#1224 = ORIENTED_EDGE('',*,*,#1225,.T.);
#1225 = EDGE_CURVE('',#1198,#1226,#1228,.T.);
#1226 = VERTEX_POINT('',#1227);
#1227 = CARTESIAN_POINT('',(34.974990748,19.504909725123,-150.));
#1228 = SURFACE_CURVE('',#1229,(#1233,#1240),.PCURVE_S1.);
#1229 = LINE('',#1230,#1231);
#1230 = CARTESIAN_POINT('',(34.974990748,-19.50490972512,-150.));
#1231 = VECTOR('',#1232,1.);
#1232 = DIRECTION('',(0.,1.,0.));
#1233 = PCURVE('',#165,#1234);
#1234 = DEFINITIONAL_REPRESENTATION('',(#1235),#1239);
#1235 = LINE('',#1236,#1237);
#1236 = CARTESIAN_POINT('',(-20.1962068801,-34.974990748));
#1237 = VECTOR('',#1238,1.);
#1238 = DIRECTION('',(1.,5.518637272201E-80));
#1239 = ( GEOMETRIC_REPRESENTATION_CONTEXT(2) 
PARAMETRIC_REPRESENTATION_CONTEXT() REPRESENTATION_CONTEXT('2D SPACE',''
  ) );
#1240 = PCURVE('',#1241,#1246);
#1241 = PLANE('',#1242);
#1242 = AXIS2_PLACEMENT_3D('',#1243,#1244,#1245);
#1243 = CARTESIAN_POINT('',(34.974990748,-19.50490972512,-150.));
#1244 = DIRECTION('',(-1.,0.,0.));
#1245 = DIRECTION('',(0.,1.,0.));
#1246 = DEFINITIONAL_REPRESENTATION('',(#1247),#1251);
#1247 = LINE('',#1248,#1249);
#1248 = CARTESIAN_POINT('',(0.,0.));
#1249 = VECTOR('',#1250,1.);
#1250 = DIRECTION('',(1.,0.));
#1251 = ( GEOMETRIC_REPRESENTATION_CONTEXT(2) 
PARAMETRIC_REPRESENTATION_CONTEXT() REPRESENTATION_CONTEXT('2D SPACE',''
  ) );
#1252 = ORIENTED_EDGE('',*,*,#1253,.T.);
#1253 = EDGE_CURVE('',#1226,#1254,#1256,.T.);
#1254 = VERTEX_POINT('',#1255);
#1255 = CARTESIAN_POINT('',(34.969452457101,19.617644210107,-150.));
#1256 = SURFACE_CURVE('',#1257,(#1261,#1268),.PCURVE_S1.);
#1257 = LINE('',#1258,#1259);
#1258 = CARTESIAN_POINT('',(34.974990748,19.504909725123,-150.));
#1259 = VECTOR('',#1260,1.);
#1260 = DIRECTION('',(-4.906768132523E-02,0.998795455861,0.));
#1261 = PCURVE('',#165,#1262);
#1262 = DEFINITIONAL_REPRESENTATION('',(#1263),#1267);
#1263 = LINE('',#1264,#1265);
#1264 = CARTESIAN_POINT('',(18.813612570146,-34.974990748));
#1265 = VECTOR('',#1266,1.);
#1266 = DIRECTION('',(0.998795455861,4.906768132523E-02));
#1267 = ( GEOMETRIC_REPRESENTATION_CONTEXT(2) 
PARAMETRIC_REPRESENTATION_CONTEXT() REPRESENTATION_CONTEXT('2D SPACE',''
  ) );
#1268 = PCURVE('',#1269,#1274);
#1269 = PLANE('',#1270);
#1270 = AXIS2_PLACEMENT_3D('',#1271,#1272,#1273);
#1271 = CARTESIAN_POINT('',(34.974990748,19.504909725123,-150.));
#1272 = DIRECTION('',(-0.998795455861,-4.906768132523E-02,0.));
#1273 = DIRECTION('',(-4.906768132523E-02,0.998795455861,0.));
#1274 = DEFINITIONAL_REPRESENTATION('',(#1275),#1279);
#1275 = LINE('',#1276,#1277);
#1276 = CARTESIAN_POINT('',(0.,0.));
#1277 = VECTOR('',#1278,1.);
#1278 = DIRECTION('',(1.,0.));
#1279 = ( GEOMETRIC_REPRESENTATION_CONTEXT(2) 
PARAMETRIC_REPRESENTATION_CONTEXT() REPRESENTATION_CONTEXT('2D SPACE',''
  ) );
#1280 = ORIENTED_EDGE('',*,*,#1281,.T.);
#1281 = EDGE_CURVE('',#1254,#1282,#1284,.T.);
#1282 = VERTEX_POINT('',#1283);
#1283 = CARTESIAN_POINT('',(34.952169648819,19.734155442123,-150.));
#1284 = SURFACE_CURVE('',#1285,(#1289,#1296),.PCURVE_S1.);
#1285 = LINE('',#1286,#1287);
#1286 = CARTESIAN_POINT('',(34.969452457101,19.617644210107,-150.));
#1287 = VECTOR('',#1288,1.);
#1288 = DIRECTION('',(-0.14673047131,0.989176510431,0.));
#1289 = PCURVE('',#165,#1290);
#1290 = DEFINITIONAL_REPRESENTATION('',(#1291),#1295);
#1291 = LINE('',#1292,#1293);
#1292 = CARTESIAN_POINT('',(18.926347055131,-34.9694524571));
#1293 = VECTOR('',#1294,1.);
#1294 = DIRECTION('',(0.989176510431,0.14673047131));
#1295 = ( GEOMETRIC_REPRESENTATION_CONTEXT(2) 
PARAMETRIC_REPRESENTATION_CONTEXT() REPRESENTATION_CONTEXT('2D SPACE',''
  ) );
#1296 = PCURVE('',#1297,#1302);
#1297 = PLANE('',#1298);
#1298 = AXIS2_PLACEMENT_3D('',#1299,#1300,#1301);
#1299 = CARTESIAN_POINT('',(34.969452457101,19.617644210107,-150.));
#1300 = DIRECTION('',(-0.989176510431,-0.14673047131,0.));
#1301 = DIRECTION('',(-0.14673047131,0.989176510431,0.));
#1302 = DEFINITIONAL_REPRESENTATION('',(#1303),#1307);
#1303 = LINE('',#1304,#1305);
#1304 = CARTESIAN_POINT('',(0.,0.));
#1305 = VECTOR('',#1306,1.);
#1306 = DIRECTION('',(1.,0.));
#1307 = ( GEOMETRIC_REPRESENTATION_CONTEXT(2) 
PARAMETRIC_REPRESENTATION_CONTEXT() REPRESENTATION_CONTEXT('2D SPACE',''
  ) );
#1308 = ORIENTED_EDGE('',*,*,#1309,.T.);
#1309 = EDGE_CURVE('',#1282,#1310,#1312,.T.);
#1310 = VERTEX_POINT('',#1311);
#1311 = CARTESIAN_POINT('',(34.923549963393,19.848411629104,-150.));
#1312 = SURFACE_CURVE('',#1313,(#1317,#1324),.PCURVE_S1.);
#1313 = LINE('',#1314,#1315);
#1314 = CARTESIAN_POINT('',(34.952169648819,19.734155442123,-150.));
#1315 = VECTOR('',#1316,1.);
#1316 = DIRECTION('',(-0.24298018363,0.970031252261,0.));
#1317 = PCURVE('',#165,#1318);
#1318 = DEFINITIONAL_REPRESENTATION('',(#1319),#1323);
#1319 = LINE('',#1320,#1321);
#1320 = CARTESIAN_POINT('',(19.042858287146,-34.95216964881));
#1321 = VECTOR('',#1322,1.);
#1322 = DIRECTION('',(0.970031252261,0.24298018363));
#1323 = ( GEOMETRIC_REPRESENTATION_CONTEXT(2) 
PARAMETRIC_REPRESENTATION_CONTEXT() REPRESENTATION_CONTEXT('2D SPACE',''
  ) );
#1324 = PCURVE('',#1325,#1330);
#1325 = PLANE('',#1326);
#1326 = AXIS2_PLACEMENT_3D('',#1327,#1328,#1329);
#1327 = CARTESIAN_POINT('',(34.952169648819,19.734155442123,-150.));
#1328 = DIRECTION('',(-0.970031252261,-0.24298018363,0.));
#1329 = DIRECTION('',(-0.24298018363,0.970031252261,0.));
#1330 = DEFINITIONAL_REPRESENTATION('',(#1331),#1335);
#1331 = LINE('',#1332,#1333);
#1332 = CARTESIAN_POINT('',(0.,0.));
#1333 = VECTOR('',#1334,1.);
#1334 = DIRECTION('',(1.,0.));
#1335 = ( GEOMETRIC_REPRESENTATION_CONTEXT(2) 
PARAMETRIC_REPRESENTATION_CONTEXT() REPRESENTATION_CONTEXT('2D SPACE',''
  ) );
#1336 = ORIENTED_EDGE('',*,*,#1337,.T.);
#1337 = EDGE_CURVE('',#1310,#1338,#1340,.T.);
#1338 = VERTEX_POINT('',#1339);
#1339 = CARTESIAN_POINT('',(34.883869025798,19.959312420926,-150.));
#1340 = SURFACE_CURVE('',#1341,(#1345,#1352),.PCURVE_S1.);
#1341 = LINE('',#1342,#1343);
#1342 = CARTESIAN_POINT('',(34.923549963393,19.848411629104,-150.));
#1343 = VECTOR('',#1344,1.);
#1344 = DIRECTION('',(-0.336889851754,0.941544065769,0.));
#1345 = PCURVE('',#165,#1346);
#1346 = DEFINITIONAL_REPRESENTATION('',(#1347),#1351);
#1347 = LINE('',#1348,#1349);
#1348 = CARTESIAN_POINT('',(19.157114474127,-34.92354996339));
#1349 = VECTOR('',#1350,1.);
#1350 = DIRECTION('',(0.941544065769,0.336889851754));
#1351 = ( GEOMETRIC_REPRESENTATION_CONTEXT(2) 
PARAMETRIC_REPRESENTATION_CONTEXT() REPRESENTATION_CONTEXT('2D SPACE',''
  ) );
#1352 = PCURVE('',#1353,#1358);
#1353 = PLANE('',#1354);
#1354 = AXIS2_PLACEMENT_3D('',#1355,#1356,#1357);
#1355 = CARTESIAN_POINT('',(34.923549963393,19.848411629104,-150.));
#1356 = DIRECTION('',(-0.941544065769,-0.336889851754,0.));
#1357 = DIRECTION('',(-0.336889851754,0.941544065769,0.));
#1358 = DEFINITIONAL_REPRESENTATION('',(#1359),#1363);
#1359 = LINE('',#1360,#1361);
#1360 = CARTESIAN_POINT('',(0.,0.));
#1361 = VECTOR('',#1362,1.);
#1362 = DIRECTION('',(1.,0.));
#1363 = ( GEOMETRIC_REPRESENTATION_CONTEXT(2) 
PARAMETRIC_REPRESENTATION_CONTEXT() REPRESENTATION_CONTEXT('2D SPACE',''
  ) );
#1364 = ORIENTED_EDGE('',*,*,#1365,.T.);
#1365 = EDGE_CURVE('',#1338,#1366,#1368,.T.);
#1366 = VERTEX_POINT('',#1367);
#1367 = CARTESIAN_POINT('',(34.833508983828,20.06578978465,-150.));
#1368 = SURFACE_CURVE('',#1369,(#1373,#1380),.PCURVE_S1.);
#1369 = LINE('',#1370,#1371);
#1370 = CARTESIAN_POINT('',(34.883869025798,19.959312420926,-150.));
#1371 = VECTOR('',#1372,1.);
#1372 = DIRECTION('',(-0.42755508995,0.903989294769,0.));
#1373 = PCURVE('',#165,#1374);
#1374 = DEFINITIONAL_REPRESENTATION('',(#1375),#1379);
#1375 = LINE('',#1376,#1377);
#1376 = CARTESIAN_POINT('',(19.268015265949,-34.88386902579));
#1377 = VECTOR('',#1378,1.);
#1378 = DIRECTION('',(0.903989294769,0.42755508995));
#1379 = ( GEOMETRIC_REPRESENTATION_CONTEXT(2) 
PARAMETRIC_REPRESENTATION_CONTEXT() REPRESENTATION_CONTEXT('2D SPACE',''
  ) );
#1380 = PCURVE('',#1381,#1386);
#1381 = PLANE('',#1382);
#1382 = AXIS2_PLACEMENT_3D('',#1383,#1384,#1385);
#1383 = CARTESIAN_POINT('',(34.883869025798,19.959312420926,-150.));
#1384 = DIRECTION('',(-0.903989294769,-0.42755508995,0.));
#1385 = DIRECTION('',(-0.42755508995,0.903989294769,0.));
#1386 = DEFINITIONAL_REPRESENTATION('',(#1387),#1391);
#1387 = LINE('',#1388,#1389);
#1388 = CARTESIAN_POINT('',(0.,0.));
#1389 = VECTOR('',#1390,1.);
#1390 = DIRECTION('',(1.,0.));
#1391 = ( GEOMETRIC_REPRESENTATION_CONTEXT(2) 
PARAMETRIC_REPRESENTATION_CONTEXT() REPRESENTATION_CONTEXT('2D SPACE',''
  ) );
#1392 = ORIENTED_EDGE('',*,*,#1393,.T.);
#1393 = EDGE_CURVE('',#1366,#1394,#1396,.T.);
#1394 = VERTEX_POINT('',#1395);
#1395 = CARTESIAN_POINT('',(34.772954832237,20.166818282919,-150.));
#1396 = SURFACE_CURVE('',#1397,(#1401,#1408),.PCURVE_S1.);
#1397 = LINE('',#1398,#1399);
#1398 = CARTESIAN_POINT('',(34.833508983828,20.06578978465,-150.));
#1399 = VECTOR('',#1400,1.);
#1400 = DIRECTION('',(-0.51410274472,0.857728609685,0.));
#1401 = PCURVE('',#165,#1402);
#1402 = DEFINITIONAL_REPRESENTATION('',(#1403),#1407);
#1403 = LINE('',#1404,#1405);
#1404 = CARTESIAN_POINT('',(19.374492629673,-34.83350898382));
#1405 = VECTOR('',#1406,1.);
#1406 = DIRECTION('',(0.857728609685,0.51410274472));
#1407 = ( GEOMETRIC_REPRESENTATION_CONTEXT(2) 
PARAMETRIC_REPRESENTATION_CONTEXT() REPRESENTATION_CONTEXT('2D SPACE',''
  ) );
#1408 = PCURVE('',#1409,#1414);
#1409 = PLANE('',#1410);
#1410 = AXIS2_PLACEMENT_3D('',#1411,#1412,#1413);
#1411 = CARTESIAN_POINT('',(34.833508983828,20.06578978465,-150.));
#1412 = DIRECTION('',(-0.857728609685,-0.51410274472,0.));
#1413 = DIRECTION('',(-0.51410274472,0.857728609685,0.));
#1414 = DEFINITIONAL_REPRESENTATION('',(#1415),#1419);
#1415 = LINE('',#1416,#1417);
#1416 = CARTESIAN_POINT('',(0.,0.));
#1417 = VECTOR('',#1418,1.);
#1418 = DIRECTION('',(1.,0.));
#1419 = ( GEOMETRIC_REPRESENTATION_CONTEXT(2) 
PARAMETRIC_REPRESENTATION_CONTEXT() REPRESENTATION_CONTEXT('2D SPACE',''
  ) );
#1420 = ORIENTED_EDGE('',*,*,#1421,.T.);
#1421 = EDGE_CURVE('',#1394,#1422,#1424,.T.);
#1422 = VERTEX_POINT('',#1423);
#1423 = CARTESIAN_POINT('',(34.702789741226,20.261424956052,-150.));
#1424 = SURFACE_CURVE('',#1425,(#1429,#1436),.PCURVE_S1.);
#1425 = LINE('',#1426,#1427);
#1426 = CARTESIAN_POINT('',(34.772954832237,20.166818282919,-150.));
#1427 = VECTOR('',#1428,1.);
#1428 = DIRECTION('',(-0.59569930559,0.803207530666,0.));
#1429 = PCURVE('',#165,#1430);
#1430 = DEFINITIONAL_REPRESENTATION('',(#1431),#1435);
#1431 = LINE('',#1432,#1433);
#1432 = CARTESIAN_POINT('',(19.475521127942,-34.77295483223));
#1433 = VECTOR('',#1434,1.);
#1434 = DIRECTION('',(0.803207530666,0.59569930559));
#1435 = ( GEOMETRIC_REPRESENTATION_CONTEXT(2) 
PARAMETRIC_REPRESENTATION_CONTEXT() REPRESENTATION_CONTEXT('2D SPACE',''
  ) );
#1436 = PCURVE('',#1437,#1442);
#1437 = PLANE('',#1438);
#1438 = AXIS2_PLACEMENT_3D('',#1439,#1440,#1441);
#1439 = CARTESIAN_POINT('',(34.772954832237,20.166818282919,-150.));
#1440 = DIRECTION('',(-0.803207530666,-0.59569930559,0.));
#1441 = DIRECTION('',(-0.59569930559,0.803207530666,0.));
#1442 = DEFINITIONAL_REPRESENTATION('',(#1443),#1447);
#1443 = LINE('',#1444,#1445);
#1444 = CARTESIAN_POINT('',(0.,0.));
#1445 = VECTOR('',#1446,1.);
#1446 = DIRECTION('',(1.,0.));
#1447 = ( GEOMETRIC_REPRESENTATION_CONTEXT(2) 
PARAMETRIC_REPRESENTATION_CONTEXT() REPRESENTATION_CONTEXT('2D SPACE',''
  ) );
#1448 = ORIENTED_EDGE('',*,*,#1449,.T.);
#1449 = EDGE_CURVE('',#1422,#1450,#1452,.T.);
#1450 = VERTEX_POINT('',#1451);
#1451 = CARTESIAN_POINT('',(34.623689438902,20.348698690902,-150.));
#1452 = SURFACE_CURVE('',#1453,(#1457,#1464),.PCURVE_S1.);
#1453 = LINE('',#1454,#1455);
#1454 = CARTESIAN_POINT('',(34.702789741226,20.261424956052,-150.));
#1455 = VECTOR('',#1456,1.);
#1456 = DIRECTION('',(-0.671558953977,0.740951126143,0.));
#1457 = PCURVE('',#165,#1458);
#1458 = DEFINITIONAL_REPRESENTATION('',(#1459),#1463);
#1459 = LINE('',#1460,#1461);
#1460 = CARTESIAN_POINT('',(19.570127801075,-34.70278974122));
#1461 = VECTOR('',#1462,1.);
#1462 = DIRECTION('',(0.740951126143,0.671558953977));
#1463 = ( GEOMETRIC_REPRESENTATION_CONTEXT(2) 
PARAMETRIC_REPRESENTATION_CONTEXT() REPRESENTATION_CONTEXT('2D SPACE',''
  ) );
#1464 = PCURVE('',#1465,#1470);
#1465 = PLANE('',#1466);
#1466 = AXIS2_PLACEMENT_3D('',#1467,#1468,#1469);
#1467 = CARTESIAN_POINT('',(34.702789741226,20.261424956052,-150.));
#1468 = DIRECTION('',(-0.740951126143,-0.671558953977,0.));
#1469 = DIRECTION('',(-0.671558953977,0.740951126143,0.));
#1470 = DEFINITIONAL_REPRESENTATION('',(#1471),#1475);
#1471 = LINE('',#1472,#1473);
#1472 = CARTESIAN_POINT('',(0.,0.));
#1473 = VECTOR('',#1474,1.);
#1474 = DIRECTION('',(1.,0.));
#1475 = ( GEOMETRIC_REPRESENTATION_CONTEXT(2) 
PARAMETRIC_REPRESENTATION_CONTEXT() REPRESENTATION_CONTEXT('2D SPACE',''
  ) );
#1476 = ORIENTED_EDGE('',*,*,#1477,.T.);
#1477 = EDGE_CURVE('',#1450,#1478,#1480,.T.);
#1478 = VERTEX_POINT('',#1479);
#1479 = CARTESIAN_POINT('',(34.536415704052,20.427798993226,-150.));
#1480 = SURFACE_CURVE('',#1481,(#1485,#1492),.PCURVE_S1.);
#1481 = LINE('',#1482,#1483);
#1482 = CARTESIAN_POINT('',(34.623689438902,20.348698690902,-150.));
#1483 = VECTOR('',#1484,1.);
#1484 = DIRECTION('',(-0.740951126143,0.671558953977,0.));
#1485 = PCURVE('',#165,#1486);
#1486 = DEFINITIONAL_REPRESENTATION('',(#1487),#1491);
#1487 = LINE('',#1488,#1489);
#1488 = CARTESIAN_POINT('',(19.657401535925,-34.6236894389));
#1489 = VECTOR('',#1490,1.);
#1490 = DIRECTION('',(0.671558953977,0.740951126143));
#1491 = ( GEOMETRIC_REPRESENTATION_CONTEXT(2) 
PARAMETRIC_REPRESENTATION_CONTEXT() REPRESENTATION_CONTEXT('2D SPACE',''
  ) );
#1492 = PCURVE('',#1493,#1498);
#1493 = PLANE('',#1494);
#1494 = AXIS2_PLACEMENT_3D('',#1495,#1496,#1497);
#1495 = CARTESIAN_POINT('',(34.623689438902,20.348698690902,-150.));
#1496 = DIRECTION('',(-0.671558953977,-0.740951126143,0.));
#1497 = DIRECTION('',(-0.740951126143,0.671558953977,0.));
#1498 = DEFINITIONAL_REPRESENTATION('',(#1499),#1503);
#1499 = LINE('',#1500,#1501);
#1500 = CARTESIAN_POINT('',(0.,0.));
#1501 = VECTOR('',#1502,1.);
#1502 = DIRECTION('',(1.,0.));
#1503 = ( GEOMETRIC_REPRESENTATION_CONTEXT(2) 
PARAMETRIC_REPRESENTATION_CONTEXT() REPRESENTATION_CONTEXT('2D SPACE',''
  ) );
#1504 = ORIENTED_EDGE('',*,*,#1505,.T.);
#1505 = EDGE_CURVE('',#1478,#1506,#1508,.T.);
#1506 = VERTEX_POINT('',#1507);
#1507 = CARTESIAN_POINT('',(34.447188314679,20.493974535487,-150.));
#1508 = SURFACE_CURVE('',#1509,(#1513,#1520),.PCURVE_S1.);
#1509 = LINE('',#1510,#1511);
#1510 = CARTESIAN_POINT('',(34.536415704052,20.427798993226,-150.));
#1511 = VECTOR('',#1512,1.);
#1512 = DIRECTION('',(-0.803207530666,0.59569930559,0.));
#1513 = PCURVE('',#165,#1514);
#1514 = DEFINITIONAL_REPRESENTATION('',(#1515),#1519);
#1515 = LINE('',#1516,#1517);
#1516 = CARTESIAN_POINT('',(19.736501838249,-34.53641570405));
#1517 = VECTOR('',#1518,1.);
#1518 = DIRECTION('',(0.59569930559,0.803207530666));
#1519 = ( GEOMETRIC_REPRESENTATION_CONTEXT(2) 
PARAMETRIC_REPRESENTATION_CONTEXT() REPRESENTATION_CONTEXT('2D SPACE',''
  ) );
#1520 = PCURVE('',#1521,#1526);
#1521 = PLANE('',#1522);
#1522 = AXIS2_PLACEMENT_3D('',#1523,#1524,#1525);
#1523 = CARTESIAN_POINT('',(34.536415704052,20.427798993226,-150.));
#1524 = DIRECTION('',(-0.59569930559,-0.803207530666,0.));
#1525 = DIRECTION('',(-0.803207530666,0.59569930559,0.));
#1526 = DEFINITIONAL_REPRESENTATION('',(#1527),#1531);
#1527 = LINE('',#1528,#1529);
#1528 = CARTESIAN_POINT('',(0.,0.));
#1529 = VECTOR('',#1530,1.);
#1530 = DIRECTION('',(1.,0.));
#1531 = ( GEOMETRIC_REPRESENTATION_CONTEXT(2) 
PARAMETRIC_REPRESENTATION_CONTEXT() REPRESENTATION_CONTEXT('2D SPACE',''
  ) );
#1532 = ORIENTED_EDGE('',*,*,#1533,.T.);
#1533 = EDGE_CURVE('',#1506,#1534,#1536,.T.);
#1534 = VERTEX_POINT('',#1535);
#1535 = CARTESIAN_POINT('',(6.062619406767,40.2,-150.));
#1536 = SURFACE_CURVE('',#1537,(#1541,#1548),.PCURVE_S1.);
#1537 = LINE('',#1538,#1539);
#1538 = CARTESIAN_POINT('',(34.447188314679,20.493974535487,-150.));
#1539 = VECTOR('',#1540,1.);
#1540 = DIRECTION('',(-0.821444268946,0.570288797905,0.));
#1541 = PCURVE('',#165,#1542);
#1542 = DEFINITIONAL_REPRESENTATION('',(#1543),#1547);
#1543 = LINE('',#1544,#1545);
#1544 = CARTESIAN_POINT('',(19.80267738051,-34.44718831467));
#1545 = VECTOR('',#1546,1.);
#1546 = DIRECTION('',(0.570288797905,0.821444268946));
#1547 = ( GEOMETRIC_REPRESENTATION_CONTEXT(2) 
PARAMETRIC_REPRESENTATION_CONTEXT() REPRESENTATION_CONTEXT('2D SPACE',''
  ) );
#1548 = PCURVE('',#1549,#1554);
#1549 = PLANE('',#1550);
#1550 = AXIS2_PLACEMENT_3D('',#1551,#1552,#1553);
#1551 = CARTESIAN_POINT('',(34.447188314679,20.493974535487,-150.));
#1552 = DIRECTION('',(-0.570288797905,-0.821444268946,0.));
#1553 = DIRECTION('',(-0.821444268946,0.570288797905,0.));
#1554 = DEFINITIONAL_REPRESENTATION('',(#1555),#1559);
#1555 = LINE('',#1556,#1557);
#1556 = CARTESIAN_POINT('',(0.,0.));
#1557 = VECTOR('',#1558,1.);
#1558 = DIRECTION('',(1.,0.));
#1559 = ( GEOMETRIC_REPRESENTATION_CONTEXT(2) 
PARAMETRIC_REPRESENTATION_CONTEXT() REPRESENTATION_CONTEXT('2D SPACE',''
  ) );
#1560 = ORIENTED_EDGE('',*,*,#1561,.T.);
#1561 = EDGE_CURVE('',#1534,#1562,#1564,.T.);
#1562 = VERTEX_POINT('',#1563);
#1563 = CARTESIAN_POINT('',(-6.062619406767,40.2,-150.));
#1564 = SURFACE_CURVE('',#1565,(#1569,#1576),.PCURVE_S1.);
#1565 = LINE('',#1566,#1567);
#1566 = CARTESIAN_POINT('',(6.062619406767,40.2,-150.));
#1567 = VECTOR('',#1568,1.);
#1568 = DIRECTION('',(-1.,0.,0.));
#1569 = PCURVE('',#165,#1570);
#1570 = DEFINITIONAL_REPRESENTATION('',(#1571),#1575);
#1571 = LINE('',#1572,#1573);
#1572 = CARTESIAN_POINT('',(39.508702845023,-6.062619406767));
#1573 = VECTOR('',#1574,1.);
#1574 = DIRECTION('',(0.,1.));
#1575 = ( GEOMETRIC_REPRESENTATION_CONTEXT(2) 
PARAMETRIC_REPRESENTATION_CONTEXT() REPRESENTATION_CONTEXT('2D SPACE',''
  ) );
#1576 = PCURVE('',#1577,#1582);
#1577 = PLANE('',#1578);
#1578 = AXIS2_PLACEMENT_3D('',#1579,#1580,#1581);
#1579 = CARTESIAN_POINT('',(6.062619406767,40.2,-150.));
#1580 = DIRECTION('',(0.,-1.,0.));
#1581 = DIRECTION('',(-1.,0.,0.));
#1582 = DEFINITIONAL_REPRESENTATION('',(#1583),#1587);
#1583 = LINE('',#1584,#1585);
#1584 = CARTESIAN_POINT('',(0.,-0.));
#1585 = VECTOR('',#1586,1.);
#1586 = DIRECTION('',(1.,0.));
#1587 = ( GEOMETRIC_REPRESENTATION_CONTEXT(2) 
PARAMETRIC_REPRESENTATION_CONTEXT() REPRESENTATION_CONTEXT('2D SPACE',''
  ) );
#1588 = ORIENTED_EDGE('',*,*,#1589,.T.);
#1589 = EDGE_CURVE('',#1562,#1590,#1592,.T.);
#1590 = VERTEX_POINT('',#1591);
#1591 = CARTESIAN_POINT('',(-34.44718831467,20.493974535487,-150.));
#1592 = SURFACE_CURVE('',#1593,(#1597,#1604),.PCURVE_S1.);
#1593 = LINE('',#1594,#1595);
#1594 = CARTESIAN_POINT('',(-6.062619406767,40.2,-150.));
#1595 = VECTOR('',#1596,1.);
#1596 = DIRECTION('',(-0.821444268946,-0.570288797905,0.));
#1597 = PCURVE('',#165,#1598);
#1598 = DEFINITIONAL_REPRESENTATION('',(#1599),#1603);
#1599 = LINE('',#1600,#1601);
#1600 = CARTESIAN_POINT('',(39.508702845023,6.062619406767));
#1601 = VECTOR('',#1602,1.);
#1602 = DIRECTION('',(-0.570288797905,0.821444268946));
#1603 = ( GEOMETRIC_REPRESENTATION_CONTEXT(2) 
PARAMETRIC_REPRESENTATION_CONTEXT() REPRESENTATION_CONTEXT('2D SPACE',''
  ) );
#1604 = PCURVE('',#1605,#1610);
#1605 = PLANE('',#1606);
#1606 = AXIS2_PLACEMENT_3D('',#1607,#1608,#1609);
#1607 = CARTESIAN_POINT('',(-6.062619406767,40.2,-150.));
#1608 = DIRECTION('',(0.570288797905,-0.821444268946,0.));
#1609 = DIRECTION('',(-0.821444268946,-0.570288797905,0.));
#1610 = DEFINITIONAL_REPRESENTATION('',(#1611),#1615);
#1611 = LINE('',#1612,#1613);
#1612 = CARTESIAN_POINT('',(0.,0.));
#1613 = VECTOR('',#1614,1.);
#1614 = DIRECTION('',(1.,0.));
#1615 = ( GEOMETRIC_REPRESENTATION_CONTEXT(2) 
PARAMETRIC_REPRESENTATION_CONTEXT() REPRESENTATION_CONTEXT('2D SPACE',''
  ) );
#1616 = ORIENTED_EDGE('',*,*,#1617,.T.);
#1617 = EDGE_CURVE('',#1590,#1618,#1620,.T.);
#1618 = VERTEX_POINT('',#1619);
#1619 = CARTESIAN_POINT('',(-34.53641570405,20.427798993226,-150.));
#1620 = SURFACE_CURVE('',#1621,(#1625,#1632),.PCURVE_S1.);
#1621 = LINE('',#1622,#1623);
#1622 = CARTESIAN_POINT('',(-34.44718831467,20.493974535487,-150.));
#1623 = VECTOR('',#1624,1.);
#1624 = DIRECTION('',(-0.803207530666,-0.59569930559,0.));
#1625 = PCURVE('',#165,#1626);
#1626 = DEFINITIONAL_REPRESENTATION('',(#1627),#1631);
#1627 = LINE('',#1628,#1629);
#1628 = CARTESIAN_POINT('',(19.80267738051,34.447188314679));
#1629 = VECTOR('',#1630,1.);
#1630 = DIRECTION('',(-0.59569930559,0.803207530666));
#1631 = ( GEOMETRIC_REPRESENTATION_CONTEXT(2) 
PARAMETRIC_REPRESENTATION_CONTEXT() REPRESENTATION_CONTEXT('2D SPACE',''
  ) );
#1632 = PCURVE('',#1633,#1638);
#1633 = PLANE('',#1634);
#1634 = AXIS2_PLACEMENT_3D('',#1635,#1636,#1637);
#1635 = CARTESIAN_POINT('',(-34.44718831467,20.493974535487,-150.));
#1636 = DIRECTION('',(0.59569930559,-0.803207530666,0.));
#1637 = DIRECTION('',(-0.803207530666,-0.59569930559,0.));
#1638 = DEFINITIONAL_REPRESENTATION('',(#1639),#1643);
#1639 = LINE('',#1640,#1641);
#1640 = CARTESIAN_POINT('',(0.,0.));
#1641 = VECTOR('',#1642,1.);
#1642 = DIRECTION('',(1.,0.));
#1643 = ( GEOMETRIC_REPRESENTATION_CONTEXT(2) 
PARAMETRIC_REPRESENTATION_CONTEXT() REPRESENTATION_CONTEXT('2D SPACE',''
  ) );
#1644 = ORIENTED_EDGE('',*,*,#1645,.T.);
#1645 = EDGE_CURVE('',#1618,#1646,#1648,.T.);
#1646 = VERTEX_POINT('',#1647);
#1647 = CARTESIAN_POINT('',(-34.6236894389,20.348698690902,-150.));
#1648 = SURFACE_CURVE('',#1649,(#1653,#1660),.PCURVE_S1.);
#1649 = LINE('',#1650,#1651);
#1650 = CARTESIAN_POINT('',(-34.53641570405,20.427798993226,-150.));
#1651 = VECTOR('',#1652,1.);
#1652 = DIRECTION('',(-0.740951126143,-0.671558953977,0.));
#1653 = PCURVE('',#165,#1654);
#1654 = DEFINITIONAL_REPRESENTATION('',(#1655),#1659);
#1655 = LINE('',#1656,#1657);
#1656 = CARTESIAN_POINT('',(19.736501838249,34.536415704052));
#1657 = VECTOR('',#1658,1.);
#1658 = DIRECTION('',(-0.671558953977,0.740951126143));
#1659 = ( GEOMETRIC_REPRESENTATION_CONTEXT(2) 
PARAMETRIC_REPRESENTATION_CONTEXT() REPRESENTATION_CONTEXT('2D SPACE',''
  ) );
#1660 = PCURVE('',#1661,#1666);
#1661 = PLANE('',#1662);
#1662 = AXIS2_PLACEMENT_3D('',#1663,#1664,#1665);
#1663 = CARTESIAN_POINT('',(-34.53641570405,20.427798993226,-150.));
#1664 = DIRECTION('',(0.671558953977,-0.740951126143,0.));
#1665 = DIRECTION('',(-0.740951126143,-0.671558953977,0.));
#1666 = DEFINITIONAL_REPRESENTATION('',(#1667),#1671);
#1667 = LINE('',#1668,#1669);
#1668 = CARTESIAN_POINT('',(0.,0.));
#1669 = VECTOR('',#1670,1.);
#1670 = DIRECTION('',(1.,0.));
#1671 = ( GEOMETRIC_REPRESENTATION_CONTEXT(2) 
PARAMETRIC_REPRESENTATION_CONTEXT() REPRESENTATION_CONTEXT('2D SPACE',''
  ) );
#1672 = ORIENTED_EDGE('',*,*,#1673,.T.);
#1673 = EDGE_CURVE('',#1646,#1674,#1676,.T.);
#1674 = VERTEX_POINT('',#1675);
#1675 = CARTESIAN_POINT('',(-34.70278974122,20.261424956052,-150.));
#1676 = SURFACE_CURVE('',#1677,(#1681,#1688),.PCURVE_S1.);
#1677 = LINE('',#1678,#1679);
#1678 = CARTESIAN_POINT('',(-34.6236894389,20.348698690902,-150.));
#1679 = VECTOR('',#1680,1.);
#1680 = DIRECTION('',(-0.671558953977,-0.740951126143,0.));
#1681 = PCURVE('',#165,#1682);
#1682 = DEFINITIONAL_REPRESENTATION('',(#1683),#1687);
#1683 = LINE('',#1684,#1685);
#1684 = CARTESIAN_POINT('',(19.657401535925,34.623689438902));
#1685 = VECTOR('',#1686,1.);
#1686 = DIRECTION('',(-0.740951126143,0.671558953977));
#1687 = ( GEOMETRIC_REPRESENTATION_CONTEXT(2) 
PARAMETRIC_REPRESENTATION_CONTEXT() REPRESENTATION_CONTEXT('2D SPACE',''
  ) );
#1688 = PCURVE('',#1689,#1694);
#1689 = PLANE('',#1690);
#1690 = AXIS2_PLACEMENT_3D('',#1691,#1692,#1693);
#1691 = CARTESIAN_POINT('',(-34.6236894389,20.348698690902,-150.));
#1692 = DIRECTION('',(0.740951126143,-0.671558953977,0.));
#1693 = DIRECTION('',(-0.671558953977,-0.740951126143,0.));
#1694 = DEFINITIONAL_REPRESENTATION('',(#1695),#1699);
#1695 = LINE('',#1696,#1697);
#1696 = CARTESIAN_POINT('',(0.,0.));
#1697 = VECTOR('',#1698,1.);
#1698 = DIRECTION('',(1.,0.));
#1699 = ( GEOMETRIC_REPRESENTATION_CONTEXT(2) 
PARAMETRIC_REPRESENTATION_CONTEXT() REPRESENTATION_CONTEXT('2D SPACE',''
  ) );
#1700 = ORIENTED_EDGE('',*,*,#1701,.T.);
#1701 = EDGE_CURVE('',#1674,#1702,#1704,.T.);
#1702 = VERTEX_POINT('',#1703);
#1703 = CARTESIAN_POINT('',(-34.77295483223,20.166818282919,-150.));
#1704 = SURFACE_CURVE('',#1705,(#1709,#1716),.PCURVE_S1.);
#1705 = LINE('',#1706,#1707);
#1706 = CARTESIAN_POINT('',(-34.70278974122,20.261424956052,-150.));
#1707 = VECTOR('',#1708,1.);
#1708 = DIRECTION('',(-0.59569930559,-0.803207530666,0.));
#1709 = PCURVE('',#165,#1710);
#1710 = DEFINITIONAL_REPRESENTATION('',(#1711),#1715);
#1711 = LINE('',#1712,#1713);
#1712 = CARTESIAN_POINT('',(19.570127801075,34.702789741226));
#1713 = VECTOR('',#1714,1.);
#1714 = DIRECTION('',(-0.803207530666,0.59569930559));
#1715 = ( GEOMETRIC_REPRESENTATION_CONTEXT(2) 
PARAMETRIC_REPRESENTATION_CONTEXT() REPRESENTATION_CONTEXT('2D SPACE',''
  ) );
#1716 = PCURVE('',#1717,#1722);
#1717 = PLANE('',#1718);
#1718 = AXIS2_PLACEMENT_3D('',#1719,#1720,#1721);
#1719 = CARTESIAN_POINT('',(-34.70278974122,20.261424956052,-150.));
#1720 = DIRECTION('',(0.803207530666,-0.59569930559,0.));
#1721 = DIRECTION('',(-0.59569930559,-0.803207530666,0.));
#1722 = DEFINITIONAL_REPRESENTATION('',(#1723),#1727);
#1723 = LINE('',#1724,#1725);
#1724 = CARTESIAN_POINT('',(0.,0.));
#1725 = VECTOR('',#1726,1.);
#1726 = DIRECTION('',(1.,0.));
#1727 = ( GEOMETRIC_REPRESENTATION_CONTEXT(2) 
PARAMETRIC_REPRESENTATION_CONTEXT() REPRESENTATION_CONTEXT('2D SPACE',''
  ) );
#1728 = ORIENTED_EDGE('',*,*,#1729,.T.);
#1729 = EDGE_CURVE('',#1702,#1730,#1732,.T.);
#1730 = VERTEX_POINT('',#1731);
#1731 = CARTESIAN_POINT('',(-34.83350898382,20.06578978465,-150.));
#1732 = SURFACE_CURVE('',#1733,(#1737,#1744),.PCURVE_S1.);
#1733 = LINE('',#1734,#1735);
#1734 = CARTESIAN_POINT('',(-34.77295483223,20.166818282919,-150.));
#1735 = VECTOR('',#1736,1.);
#1736 = DIRECTION('',(-0.51410274472,-0.857728609685,0.));
#1737 = PCURVE('',#165,#1738);
#1738 = DEFINITIONAL_REPRESENTATION('',(#1739),#1743);
#1739 = LINE('',#1740,#1741);
#1740 = CARTESIAN_POINT('',(19.475521127942,34.772954832237));
#1741 = VECTOR('',#1742,1.);
#1742 = DIRECTION('',(-0.857728609685,0.51410274472));
#1743 = ( GEOMETRIC_REPRESENTATION_CONTEXT(2) 
PARAMETRIC_REPRESENTATION_CONTEXT() REPRESENTATION_CONTEXT('2D SPACE',''
  ) );
#1744 = PCURVE('',#1745,#1750);
#1745 = PLANE('',#1746);
#1746 = AXIS2_PLACEMENT_3D('',#1747,#1748,#1749);
#1747 = CARTESIAN_POINT('',(-34.77295483223,20.166818282919,-150.));
#1748 = DIRECTION('',(0.857728609685,-0.51410274472,0.));
#1749 = DIRECTION('',(-0.51410274472,-0.857728609685,0.));
#1750 = DEFINITIONAL_REPRESENTATION('',(#1751),#1755);
#1751 = LINE('',#1752,#1753);
#1752 = CARTESIAN_POINT('',(0.,0.));
#1753 = VECTOR('',#1754,1.);
#1754 = DIRECTION('',(1.,0.));
#1755 = ( GEOMETRIC_REPRESENTATION_CONTEXT(2) 
PARAMETRIC_REPRESENTATION_CONTEXT() REPRESENTATION_CONTEXT('2D SPACE',''
  ) );
#1756 = ORIENTED_EDGE('',*,*,#1757,.T.);
#1757 = EDGE_CURVE('',#1730,#1758,#1760,.T.);
#1758 = VERTEX_POINT('',#1759);
#1759 = CARTESIAN_POINT('',(-34.88386902579,19.959312420926,-150.));
#1760 = SURFACE_CURVE('',#1761,(#1765,#1772),.PCURVE_S1.);
#1761 = LINE('',#1762,#1763);
#1762 = CARTESIAN_POINT('',(-34.83350898382,20.06578978465,-150.));
#1763 = VECTOR('',#1764,1.);
#1764 = DIRECTION('',(-0.42755508995,-0.903989294769,0.));
#1765 = PCURVE('',#165,#1766);
#1766 = DEFINITIONAL_REPRESENTATION('',(#1767),#1771);
#1767 = LINE('',#1768,#1769);
#1768 = CARTESIAN_POINT('',(19.374492629673,34.833508983828));
#1769 = VECTOR('',#1770,1.);
#1770 = DIRECTION('',(-0.903989294769,0.42755508995));
#1771 = ( GEOMETRIC_REPRESENTATION_CONTEXT(2) 
PARAMETRIC_REPRESENTATION_CONTEXT() REPRESENTATION_CONTEXT('2D SPACE',''
  ) );
#1772 = PCURVE('',#1773,#1778);
#1773 = PLANE('',#1774);
#1774 = AXIS2_PLACEMENT_3D('',#1775,#1776,#1777);
#1775 = CARTESIAN_POINT('',(-34.83350898382,20.06578978465,-150.));
#1776 = DIRECTION('',(0.903989294769,-0.42755508995,0.));
#1777 = DIRECTION('',(-0.42755508995,-0.903989294769,0.));
#1778 = DEFINITIONAL_REPRESENTATION('',(#1779),#1783);
#1779 = LINE('',#1780,#1781);
#1780 = CARTESIAN_POINT('',(0.,0.));
#1781 = VECTOR('',#1782,1.);
#1782 = DIRECTION('',(1.,0.));
#1783 = ( GEOMETRIC_REPRESENTATION_CONTEXT(2) 
PARAMETRIC_REPRESENTATION_CONTEXT() REPRESENTATION_CONTEXT('2D SPACE',''
  ) );
#1784 = ORIENTED_EDGE('',*,*,#1785,.T.);
#1785 = EDGE_CURVE('',#1758,#1786,#1788,.T.);
#1786 = VERTEX_POINT('',#1787);
#1787 = CARTESIAN_POINT('',(-34.92354996339,19.848411629104,-150.));
#1788 = SURFACE_CURVE('',#1789,(#1793,#1800),.PCURVE_S1.);
#1789 = LINE('',#1790,#1791);
#1790 = CARTESIAN_POINT('',(-34.88386902579,19.959312420926,-150.));
#1791 = VECTOR('',#1792,1.);
#1792 = DIRECTION('',(-0.336889851754,-0.941544065769,0.));
#1793 = PCURVE('',#165,#1794);
#1794 = DEFINITIONAL_REPRESENTATION('',(#1795),#1799);
#1795 = LINE('',#1796,#1797);
#1796 = CARTESIAN_POINT('',(19.268015265949,34.883869025798));
#1797 = VECTOR('',#1798,1.);
#1798 = DIRECTION('',(-0.941544065769,0.336889851754));
#1799 = ( GEOMETRIC_REPRESENTATION_CONTEXT(2) 
PARAMETRIC_REPRESENTATION_CONTEXT() REPRESENTATION_CONTEXT('2D SPACE',''
  ) );
#1800 = PCURVE('',#1801,#1806);
#1801 = PLANE('',#1802);
#1802 = AXIS2_PLACEMENT_3D('',#1803,#1804,#1805);
#1803 = CARTESIAN_POINT('',(-34.88386902579,19.959312420926,-150.));
#1804 = DIRECTION('',(0.941544065769,-0.336889851754,0.));
#1805 = DIRECTION('',(-0.336889851754,-0.941544065769,0.));
#1806 = DEFINITIONAL_REPRESENTATION('',(#1807),#1811);
#1807 = LINE('',#1808,#1809);
#1808 = CARTESIAN_POINT('',(0.,0.));
#1809 = VECTOR('',#1810,1.);
#1810 = DIRECTION('',(1.,0.));
#1811 = ( GEOMETRIC_REPRESENTATION_CONTEXT(2) 
PARAMETRIC_REPRESENTATION_CONTEXT() REPRESENTATION_CONTEXT('2D SPACE',''
  ) );
#1812 = ORIENTED_EDGE('',*,*,#1813,.T.);
#1813 = EDGE_CURVE('',#1786,#1814,#1816,.T.);
#1814 = VERTEX_POINT('',#1815);
#1815 = CARTESIAN_POINT('',(-34.95216964881,19.734155442123,-150.));
#1816 = SURFACE_CURVE('',#1817,(#1821,#1828),.PCURVE_S1.);
#1817 = LINE('',#1818,#1819);
#1818 = CARTESIAN_POINT('',(-34.92354996339,19.848411629104,-150.));
#1819 = VECTOR('',#1820,1.);
#1820 = DIRECTION('',(-0.24298018363,-0.970031252261,0.));
#1821 = PCURVE('',#165,#1822);
#1822 = DEFINITIONAL_REPRESENTATION('',(#1823),#1827);
#1823 = LINE('',#1824,#1825);
#1824 = CARTESIAN_POINT('',(19.157114474127,34.923549963393));
#1825 = VECTOR('',#1826,1.);
#1826 = DIRECTION('',(-0.970031252261,0.24298018363));
#1827 = ( GEOMETRIC_REPRESENTATION_CONTEXT(2) 
PARAMETRIC_REPRESENTATION_CONTEXT() REPRESENTATION_CONTEXT('2D SPACE',''
  ) );
#1828 = PCURVE('',#1829,#1834);
#1829 = PLANE('',#1830);
#1830 = AXIS2_PLACEMENT_3D('',#1831,#1832,#1833);
#1831 = CARTESIAN_POINT('',(-34.92354996339,19.848411629104,-150.));
#1832 = DIRECTION('',(0.970031252261,-0.24298018363,0.));
#1833 = DIRECTION('',(-0.24298018363,-0.970031252261,0.));
#1834 = DEFINITIONAL_REPRESENTATION('',(#1835),#1839);
#1835 = LINE('',#1836,#1837);
#1836 = CARTESIAN_POINT('',(0.,0.));
#1837 = VECTOR('',#1838,1.);
#1838 = DIRECTION('',(1.,0.));
#1839 = ( GEOMETRIC_REPRESENTATION_CONTEXT(2) 
PARAMETRIC_REPRESENTATION_CONTEXT() REPRESENTATION_CONTEXT('2D SPACE',''
  ) );
#1840 = ORIENTED_EDGE('',*,*,#1841,.T.);
#1841 = EDGE_CURVE('',#1814,#1842,#1844,.T.);
#1842 = VERTEX_POINT('',#1843);
#1843 = CARTESIAN_POINT('',(-34.9694524571,19.617644210107,-150.));
#1844 = SURFACE_CURVE('',#1845,(#1849,#1856),.PCURVE_S1.);
#1845 = LINE('',#1846,#1847);
#1846 = CARTESIAN_POINT('',(-34.95216964881,19.734155442123,-150.));
#1847 = VECTOR('',#1848,1.);
#1848 = DIRECTION('',(-0.14673047131,-0.989176510431,0.));
#1849 = PCURVE('',#165,#1850);
#1850 = DEFINITIONAL_REPRESENTATION('',(#1851),#1855);
#1851 = LINE('',#1852,#1853);
#1852 = CARTESIAN_POINT('',(19.042858287146,34.952169648819));
#1853 = VECTOR('',#1854,1.);
#1854 = DIRECTION('',(-0.989176510431,0.14673047131));
#1855 = ( GEOMETRIC_REPRESENTATION_CONTEXT(2) 
PARAMETRIC_REPRESENTATION_CONTEXT() REPRESENTATION_CONTEXT('2D SPACE',''
  ) );
#1856 = PCURVE('',#1857,#1862);
#1857 = PLANE('',#1858);
#1858 = AXIS2_PLACEMENT_3D('',#1859,#1860,#1861);
#1859 = CARTESIAN_POINT('',(-34.95216964881,19.734155442123,-150.));
#1860 = DIRECTION('',(0.989176510431,-0.14673047131,0.));
#1861 = DIRECTION('',(-0.14673047131,-0.989176510431,0.));
#1862 = DEFINITIONAL_REPRESENTATION('',(#1863),#1867);
#1863 = LINE('',#1864,#1865);
#1864 = CARTESIAN_POINT('',(0.,0.));
#1865 = VECTOR('',#1866,1.);
#1866 = DIRECTION('',(1.,0.));
#1867 = ( GEOMETRIC_REPRESENTATION_CONTEXT(2) 
PARAMETRIC_REPRESENTATION_CONTEXT() REPRESENTATION_CONTEXT('2D SPACE',''
  ) );
#1868 = ORIENTED_EDGE('',*,*,#1869,.T.);
#1869 = EDGE_CURVE('',#1842,#181,#1870,.T.);
#1870 = SURFACE_CURVE('',#1871,(#1875,#1882),.PCURVE_S1.);
#1871 = LINE('',#1872,#1873);
#1872 = CARTESIAN_POINT('',(-34.9694524571,19.617644210107,-150.));
#1873 = VECTOR('',#1874,1.);
#1874 = DIRECTION('',(-4.906768132523E-02,-0.998795455861,0.));
#1875 = PCURVE('',#165,#1876);
#1876 = DEFINITIONAL_REPRESENTATION('',(#1877),#1881);
#1877 = LINE('',#1878,#1879);
#1878 = CARTESIAN_POINT('',(18.926347055131,34.969452457101));
#1879 = VECTOR('',#1880,1.);
#1880 = DIRECTION('',(-0.998795455861,4.906768132523E-02));
#1881 = ( GEOMETRIC_REPRESENTATION_CONTEXT(2) 
PARAMETRIC_REPRESENTATION_CONTEXT() REPRESENTATION_CONTEXT('2D SPACE',''
  ) );
#1882 = PCURVE('',#198,#1883);
#1883 = DEFINITIONAL_REPRESENTATION('',(#1884),#1888);
#1884 = LINE('',#1885,#1886);
#1885 = CARTESIAN_POINT('',(0.,0.));
#1886 = VECTOR('',#1887,1.);
#1887 = DIRECTION('',(1.,0.));
#1888 = ( GEOMETRIC_REPRESENTATION_CONTEXT(2) 
PARAMETRIC_REPRESENTATION_CONTEXT() REPRESENTATION_CONTEXT('2D SPACE',''
  ) );
#1889 = ORIENTED_EDGE('',*,*,#232,.T.);
#1890 = FACE_BOUND('',#1891,.F.);
#1891 = EDGE_LOOP('',(#1892,#1922,#1950,#1978,#2006,#2034,#2062,#2090,
    #2118,#2146,#2174,#2202,#2230,#2258,#2286,#2314,#2342,#2370,#2398,
    #2426,#2454,#2482,#2510,#2538,#2566,#2594,#2622,#2650,#2678,#2706,
    #2734,#2762,#2790,#2818,#2846,#2874,#2902,#2930,#2958,#2986,#3014,
    #3042,#3070,#3098,#3126,#3154,#3182,#3210,#3238,#3266,#3294,#3322,
    #3350,#3378,#3406,#3434,#3462,#3490,#3518));
#1892 = ORIENTED_EDGE('',*,*,#1893,.F.);
#1893 = EDGE_CURVE('',#1894,#1896,#1898,.T.);
#1894 = VERTEX_POINT('',#1895);
#1895 = CARTESIAN_POINT('',(-34.774990748,-19.5,-150.));
#1896 = VERTEX_POINT('',#1897);
#1897 = CARTESIAN_POINT('',(-34.770175474,-19.59801714,-150.));
#1898 = SURFACE_CURVE('',#1899,(#1903,#1910),.PCURVE_S1.);
#1899 = LINE('',#1900,#1901);
#1900 = CARTESIAN_POINT('',(-34.774990748,-19.5,-150.));
#1901 = VECTOR('',#1902,1.);
#1902 = DIRECTION('',(4.906768132522E-02,-0.998795455861,0.));
#1903 = PCURVE('',#165,#1904);
#1904 = DEFINITIONAL_REPRESENTATION('',(#1905),#1909);
#1905 = LINE('',#1906,#1907);
#1906 = CARTESIAN_POINT('',(-20.19129715497,34.774990748));
#1907 = VECTOR('',#1908,1.);
#1908 = DIRECTION('',(-0.998795455861,-4.906768132522E-02));
#1909 = ( GEOMETRIC_REPRESENTATION_CONTEXT(2) 
PARAMETRIC_REPRESENTATION_CONTEXT() REPRESENTATION_CONTEXT('2D SPACE',''
  ) );
#1910 = PCURVE('',#1911,#1916);
#1911 = PLANE('',#1912);
#1912 = AXIS2_PLACEMENT_3D('',#1913,#1914,#1915);
#1913 = CARTESIAN_POINT('',(-34.774990748,-19.5,-150.));
#1914 = DIRECTION('',(0.998795455861,4.906768132522E-02,-0.));
#1915 = DIRECTION('',(4.906768132522E-02,-0.998795455861,0.));
#1916 = DEFINITIONAL_REPRESENTATION('',(#1917),#1921);
#1917 = LINE('',#1918,#1919);
#1918 = CARTESIAN_POINT('',(0.,0.));
#1919 = VECTOR('',#1920,1.);
#1920 = DIRECTION('',(1.,0.));
#1921 = ( GEOMETRIC_REPRESENTATION_CONTEXT(2) 
PARAMETRIC_REPRESENTATION_CONTEXT() REPRESENTATION_CONTEXT('2D SPACE',''
  ) );
#1922 = ORIENTED_EDGE('',*,*,#1923,.F.);
#1923 = EDGE_CURVE('',#1924,#1894,#1926,.T.);
#1924 = VERTEX_POINT('',#1925);
#1925 = CARTESIAN_POINT('',(-34.774990748,19.5,-150.));
#1926 = SURFACE_CURVE('',#1927,(#1931,#1938),.PCURVE_S1.);
#1927 = LINE('',#1928,#1929);
#1928 = CARTESIAN_POINT('',(-34.774990748,19.5,-150.));
#1929 = VECTOR('',#1930,1.);
#1930 = DIRECTION('',(0.,-1.,0.));
#1931 = PCURVE('',#165,#1932);
#1932 = DEFINITIONAL_REPRESENTATION('',(#1933),#1937);
#1933 = LINE('',#1934,#1935);
#1934 = CARTESIAN_POINT('',(18.808702845023,34.774990748));
#1935 = VECTOR('',#1936,1.);
#1936 = DIRECTION('',(-1.,-5.518637272201E-80));
#1937 = ( GEOMETRIC_REPRESENTATION_CONTEXT(2) 
PARAMETRIC_REPRESENTATION_CONTEXT() REPRESENTATION_CONTEXT('2D SPACE',''
  ) );
#1938 = PCURVE('',#1939,#1944);
#1939 = PLANE('',#1940);
#1940 = AXIS2_PLACEMENT_3D('',#1941,#1942,#1943);
#1941 = CARTESIAN_POINT('',(-34.774990748,19.5,-150.));
#1942 = DIRECTION('',(1.,0.,-0.));
#1943 = DIRECTION('',(0.,-1.,0.));
#1944 = DEFINITIONAL_REPRESENTATION('',(#1945),#1949);
#1945 = LINE('',#1946,#1947);
#1946 = CARTESIAN_POINT('',(0.,0.));
#1947 = VECTOR('',#1948,1.);
#1948 = DIRECTION('',(1.,0.));
#1949 = ( GEOMETRIC_REPRESENTATION_CONTEXT(2) 
PARAMETRIC_REPRESENTATION_CONTEXT() REPRESENTATION_CONTEXT('2D SPACE',''
  ) );
#1950 = ORIENTED_EDGE('',*,*,#1951,.F.);
#1951 = EDGE_CURVE('',#1952,#1924,#1954,.T.);
#1952 = VERTEX_POINT('',#1953);
#1953 = CARTESIAN_POINT('',(-34.770175474,19.59801714,-150.));
#1954 = SURFACE_CURVE('',#1955,(#1959,#1966),.PCURVE_S1.);
#1955 = LINE('',#1956,#1957);
#1956 = CARTESIAN_POINT('',(-34.770175474,19.59801714,-150.));
#1957 = VECTOR('',#1958,1.);
#1958 = DIRECTION('',(-4.906768132522E-02,-0.998795455861,0.));
#1959 = PCURVE('',#165,#1960);
#1960 = DEFINITIONAL_REPRESENTATION('',(#1961),#1965);
#1961 = LINE('',#1962,#1963);
#1962 = CARTESIAN_POINT('',(18.906719985023,34.770175474));
#1963 = VECTOR('',#1964,1.);
#1964 = DIRECTION('',(-0.998795455861,4.906768132522E-02));
#1965 = ( GEOMETRIC_REPRESENTATION_CONTEXT(2) 
PARAMETRIC_REPRESENTATION_CONTEXT() REPRESENTATION_CONTEXT('2D SPACE',''
  ) );
#1966 = PCURVE('',#1967,#1972);
#1967 = PLANE('',#1968);
#1968 = AXIS2_PLACEMENT_3D('',#1969,#1970,#1971);
#1969 = CARTESIAN_POINT('',(-34.770175474,19.59801714,-150.));
#1970 = DIRECTION('',(0.998795455861,-4.906768132522E-02,0.));
#1971 = DIRECTION('',(-4.906768132522E-02,-0.998795455861,0.));
#1972 = DEFINITIONAL_REPRESENTATION('',(#1973),#1977);
#1973 = LINE('',#1974,#1975);
#1974 = CARTESIAN_POINT('',(0.,0.));
#1975 = VECTOR('',#1976,1.);
#1976 = DIRECTION('',(1.,0.));
#1977 = ( GEOMETRIC_REPRESENTATION_CONTEXT(2) 
PARAMETRIC_REPRESENTATION_CONTEXT() REPRESENTATION_CONTEXT('2D SPACE',''
  ) );
#1978 = ORIENTED_EDGE('',*,*,#1979,.F.);
#1979 = EDGE_CURVE('',#1980,#1952,#1982,.T.);
#1980 = VERTEX_POINT('',#1981);
#1981 = CARTESIAN_POINT('',(-34.755776028,19.695090322,-150.));
#1982 = SURFACE_CURVE('',#1983,(#1987,#1994),.PCURVE_S1.);
#1983 = LINE('',#1984,#1985);
#1984 = CARTESIAN_POINT('',(-34.755776028,19.695090322,-150.));
#1985 = VECTOR('',#1986,1.);
#1986 = DIRECTION('',(-0.14673047131,-0.989176510431,0.));
#1987 = PCURVE('',#165,#1988);
#1988 = DEFINITIONAL_REPRESENTATION('',(#1989),#1993);
#1989 = LINE('',#1990,#1991);
#1990 = CARTESIAN_POINT('',(19.003793167023,34.755776028));
#1991 = VECTOR('',#1992,1.);
#1992 = DIRECTION('',(-0.989176510431,0.14673047131));
#1993 = ( GEOMETRIC_REPRESENTATION_CONTEXT(2) 
PARAMETRIC_REPRESENTATION_CONTEXT() REPRESENTATION_CONTEXT('2D SPACE',''
  ) );
#1994 = PCURVE('',#1995,#2000);
#1995 = PLANE('',#1996);
#1996 = AXIS2_PLACEMENT_3D('',#1997,#1998,#1999);
#1997 = CARTESIAN_POINT('',(-34.755776028,19.695090322,-150.));
#1998 = DIRECTION('',(0.989176510431,-0.14673047131,0.));
#1999 = DIRECTION('',(-0.14673047131,-0.989176510431,0.));
#2000 = DEFINITIONAL_REPRESENTATION('',(#2001),#2005);
#2001 = LINE('',#2002,#2003);
#2002 = CARTESIAN_POINT('',(0.,0.));
#2003 = VECTOR('',#2004,1.);
#2004 = DIRECTION('',(1.,0.));
#2005 = ( GEOMETRIC_REPRESENTATION_CONTEXT(2) 
PARAMETRIC_REPRESENTATION_CONTEXT() REPRESENTATION_CONTEXT('2D SPACE',''
  ) );
#2006 = ORIENTED_EDGE('',*,*,#2007,.F.);
#2007 = EDGE_CURVE('',#2008,#1980,#2010,.T.);
#2008 = VERTEX_POINT('',#2009);
#2009 = CARTESIAN_POINT('',(-34.731931083,19.790284677,-150.));
#2010 = SURFACE_CURVE('',#2011,(#2015,#2022),.PCURVE_S1.);
#2011 = LINE('',#2012,#2013);
#2012 = CARTESIAN_POINT('',(-34.731931083,19.790284677,-150.));
#2013 = VECTOR('',#2014,1.);
#2014 = DIRECTION('',(-0.24298018363,-0.970031252261,0.));
#2015 = PCURVE('',#165,#2016);
#2016 = DEFINITIONAL_REPRESENTATION('',(#2017),#2021);
#2017 = LINE('',#2018,#2019);
#2018 = CARTESIAN_POINT('',(19.098987522023,34.731931083));
#2019 = VECTOR('',#2020,1.);
#2020 = DIRECTION('',(-0.970031252261,0.24298018363));
#2021 = ( GEOMETRIC_REPRESENTATION_CONTEXT(2) 
PARAMETRIC_REPRESENTATION_CONTEXT() REPRESENTATION_CONTEXT('2D SPACE',''
  ) );
#2022 = PCURVE('',#2023,#2028);
#2023 = PLANE('',#2024);
#2024 = AXIS2_PLACEMENT_3D('',#2025,#2026,#2027);
#2025 = CARTESIAN_POINT('',(-34.731931083,19.790284677,-150.));
#2026 = DIRECTION('',(0.970031252261,-0.24298018363,0.));
#2027 = DIRECTION('',(-0.24298018363,-0.970031252261,0.));
#2028 = DEFINITIONAL_REPRESENTATION('',(#2029),#2033);
#2029 = LINE('',#2030,#2031);
#2030 = CARTESIAN_POINT('',(0.,0.));
#2031 = VECTOR('',#2032,1.);
#2032 = DIRECTION('',(1.,0.));
#2033 = ( GEOMETRIC_REPRESENTATION_CONTEXT(2) 
PARAMETRIC_REPRESENTATION_CONTEXT() REPRESENTATION_CONTEXT('2D SPACE',''
  ) );
#2034 = ORIENTED_EDGE('',*,*,#2035,.F.);
#2035 = EDGE_CURVE('',#2036,#2008,#2038,.T.);
#2036 = VERTEX_POINT('',#2037);
#2037 = CARTESIAN_POINT('',(-34.69887028,19.882683432,-150.));
#2038 = SURFACE_CURVE('',#2039,(#2043,#2050),.PCURVE_S1.);
#2039 = LINE('',#2040,#2041);
#2040 = CARTESIAN_POINT('',(-34.69887028,19.882683432,-150.));
#2041 = VECTOR('',#2042,1.);
#2042 = DIRECTION('',(-0.336889851754,-0.941544065769,0.));
#2043 = PCURVE('',#165,#2044);
#2044 = DEFINITIONAL_REPRESENTATION('',(#2045),#2049);
#2045 = LINE('',#2046,#2047);
#2046 = CARTESIAN_POINT('',(19.191386277023,34.69887028));
#2047 = VECTOR('',#2048,1.);
#2048 = DIRECTION('',(-0.941544065769,0.336889851754));
#2049 = ( GEOMETRIC_REPRESENTATION_CONTEXT(2) 
PARAMETRIC_REPRESENTATION_CONTEXT() REPRESENTATION_CONTEXT('2D SPACE',''
  ) );
#2050 = PCURVE('',#2051,#2056);
#2051 = PLANE('',#2052);
#2052 = AXIS2_PLACEMENT_3D('',#2053,#2054,#2055);
#2053 = CARTESIAN_POINT('',(-34.69887028,19.882683432,-150.));
#2054 = DIRECTION('',(0.941544065769,-0.336889851754,0.));
#2055 = DIRECTION('',(-0.336889851754,-0.941544065769,0.));
#2056 = DEFINITIONAL_REPRESENTATION('',(#2057),#2061);
#2057 = LINE('',#2058,#2059);
#2058 = CARTESIAN_POINT('',(0.,0.));
#2059 = VECTOR('',#2060,1.);
#2060 = DIRECTION('',(1.,0.));
#2061 = ( GEOMETRIC_REPRESENTATION_CONTEXT(2) 
PARAMETRIC_REPRESENTATION_CONTEXT() REPRESENTATION_CONTEXT('2D SPACE',''
  ) );
#2062 = ORIENTED_EDGE('',*,*,#2063,.F.);
#2063 = EDGE_CURVE('',#2064,#2036,#2066,.T.);
#2064 = VERTEX_POINT('',#2065);
#2065 = CARTESIAN_POINT('',(-34.656912012,19.971396737,-150.));
#2066 = SURFACE_CURVE('',#2067,(#2071,#2078),.PCURVE_S1.);
#2067 = LINE('',#2068,#2069);
#2068 = CARTESIAN_POINT('',(-34.656912012,19.971396737,-150.));
#2069 = VECTOR('',#2070,1.);
#2070 = DIRECTION('',(-0.42755508995,-0.903989294769,0.));
#2071 = PCURVE('',#165,#2072);
#2072 = DEFINITIONAL_REPRESENTATION('',(#2073),#2077);
#2073 = LINE('',#2074,#2075);
#2074 = CARTESIAN_POINT('',(19.280099582023,34.656912012));
#2075 = VECTOR('',#2076,1.);
#2076 = DIRECTION('',(-0.903989294769,0.42755508995));
#2077 = ( GEOMETRIC_REPRESENTATION_CONTEXT(2) 
PARAMETRIC_REPRESENTATION_CONTEXT() REPRESENTATION_CONTEXT('2D SPACE',''
  ) );
#2078 = PCURVE('',#2079,#2084);
#2079 = PLANE('',#2080);
#2080 = AXIS2_PLACEMENT_3D('',#2081,#2082,#2083);
#2081 = CARTESIAN_POINT('',(-34.656912012,19.971396737,-150.));
#2082 = DIRECTION('',(0.903989294769,-0.42755508995,0.));
#2083 = DIRECTION('',(-0.42755508995,-0.903989294769,0.));
#2084 = DEFINITIONAL_REPRESENTATION('',(#2085),#2089);
#2085 = LINE('',#2086,#2087);
#2086 = CARTESIAN_POINT('',(0.,0.));
#2087 = VECTOR('',#2088,1.);
#2088 = DIRECTION('',(1.,0.));
#2089 = ( GEOMETRIC_REPRESENTATION_CONTEXT(2) 
PARAMETRIC_REPRESENTATION_CONTEXT() REPRESENTATION_CONTEXT('2D SPACE',''
  ) );
#2090 = ORIENTED_EDGE('',*,*,#2091,.F.);
#2091 = EDGE_CURVE('',#2092,#2064,#2094,.T.);
#2092 = VERTEX_POINT('',#2093);
#2093 = CARTESIAN_POINT('',(-34.60646036,20.055570233,-150.));
#2094 = SURFACE_CURVE('',#2095,(#2099,#2106),.PCURVE_S1.);
#2095 = LINE('',#2096,#2097);
#2096 = CARTESIAN_POINT('',(-34.60646036,20.055570233,-150.));
#2097 = VECTOR('',#2098,1.);
#2098 = DIRECTION('',(-0.51410274472,-0.857728609685,0.));
#2099 = PCURVE('',#165,#2100);
#2100 = DEFINITIONAL_REPRESENTATION('',(#2101),#2105);
#2101 = LINE('',#2102,#2103);
#2102 = CARTESIAN_POINT('',(19.364273078023,34.60646036));
#2103 = VECTOR('',#2104,1.);
#2104 = DIRECTION('',(-0.857728609685,0.51410274472));
#2105 = ( GEOMETRIC_REPRESENTATION_CONTEXT(2) 
PARAMETRIC_REPRESENTATION_CONTEXT() REPRESENTATION_CONTEXT('2D SPACE',''
  ) );
#2106 = PCURVE('',#2107,#2112);
#2107 = PLANE('',#2108);
#2108 = AXIS2_PLACEMENT_3D('',#2109,#2110,#2111);
#2109 = CARTESIAN_POINT('',(-34.60646036,20.055570233,-150.));
#2110 = DIRECTION('',(0.857728609685,-0.51410274472,0.));
#2111 = DIRECTION('',(-0.51410274472,-0.857728609685,0.));
#2112 = DEFINITIONAL_REPRESENTATION('',(#2113),#2117);
#2113 = LINE('',#2114,#2115);
#2114 = CARTESIAN_POINT('',(0.,0.));
#2115 = VECTOR('',#2116,1.);
#2116 = DIRECTION('',(1.,0.));
#2117 = ( GEOMETRIC_REPRESENTATION_CONTEXT(2) 
PARAMETRIC_REPRESENTATION_CONTEXT() REPRESENTATION_CONTEXT('2D SPACE',''
  ) );
#2118 = ORIENTED_EDGE('',*,*,#2119,.F.);
#2119 = EDGE_CURVE('',#2120,#2092,#2122,.T.);
#2120 = VERTEX_POINT('',#2121);
#2121 = CARTESIAN_POINT('',(-34.548001201,20.134393284,-150.));
#2122 = SURFACE_CURVE('',#2123,(#2127,#2134),.PCURVE_S1.);
#2123 = LINE('',#2124,#2125);
#2124 = CARTESIAN_POINT('',(-34.548001201,20.134393284,-150.));
#2125 = VECTOR('',#2126,1.);
#2126 = DIRECTION('',(-0.59569930559,-0.803207530666,0.));
#2127 = PCURVE('',#165,#2128);
#2128 = DEFINITIONAL_REPRESENTATION('',(#2129),#2133);
#2129 = LINE('',#2130,#2131);
#2130 = CARTESIAN_POINT('',(19.443096129023,34.548001201));
#2131 = VECTOR('',#2132,1.);
#2132 = DIRECTION('',(-0.803207530666,0.59569930559));
#2133 = ( GEOMETRIC_REPRESENTATION_CONTEXT(2) 
PARAMETRIC_REPRESENTATION_CONTEXT() REPRESENTATION_CONTEXT('2D SPACE',''
  ) );
#2134 = PCURVE('',#2135,#2140);
#2135 = PLANE('',#2136);
#2136 = AXIS2_PLACEMENT_3D('',#2137,#2138,#2139);
#2137 = CARTESIAN_POINT('',(-34.548001201,20.134393284,-150.));
#2138 = DIRECTION('',(0.803207530666,-0.59569930559,0.));
#2139 = DIRECTION('',(-0.59569930559,-0.803207530666,0.));
#2140 = DEFINITIONAL_REPRESENTATION('',(#2141),#2145);
#2141 = LINE('',#2142,#2143);
#2142 = CARTESIAN_POINT('',(0.,0.));
#2143 = VECTOR('',#2144,1.);
#2144 = DIRECTION('',(1.,0.));
#2145 = ( GEOMETRIC_REPRESENTATION_CONTEXT(2) 
PARAMETRIC_REPRESENTATION_CONTEXT() REPRESENTATION_CONTEXT('2D SPACE',''
  ) );
#2146 = ORIENTED_EDGE('',*,*,#2147,.F.);
#2147 = EDGE_CURVE('',#2148,#2120,#2150,.T.);
#2148 = VERTEX_POINT('',#2149);
#2149 = CARTESIAN_POINT('',(-34.482097529,20.207106781,-150.));
#2150 = SURFACE_CURVE('',#2151,(#2155,#2162),.PCURVE_S1.);
#2151 = LINE('',#2152,#2153);
#2152 = CARTESIAN_POINT('',(-34.482097529,20.207106781,-150.));
#2153 = VECTOR('',#2154,1.);
#2154 = DIRECTION('',(-0.671558953977,-0.740951126143,0.));
#2155 = PCURVE('',#165,#2156);
#2156 = DEFINITIONAL_REPRESENTATION('',(#2157),#2161);
#2157 = LINE('',#2158,#2159);
#2158 = CARTESIAN_POINT('',(19.515809626023,34.482097529));
#2159 = VECTOR('',#2160,1.);
#2160 = DIRECTION('',(-0.740951126143,0.671558953977));
#2161 = ( GEOMETRIC_REPRESENTATION_CONTEXT(2) 
PARAMETRIC_REPRESENTATION_CONTEXT() REPRESENTATION_CONTEXT('2D SPACE',''
  ) );
#2162 = PCURVE('',#2163,#2168);
#2163 = PLANE('',#2164);
#2164 = AXIS2_PLACEMENT_3D('',#2165,#2166,#2167);
#2165 = CARTESIAN_POINT('',(-34.482097529,20.207106781,-150.));
#2166 = DIRECTION('',(0.740951126143,-0.671558953977,0.));
#2167 = DIRECTION('',(-0.671558953977,-0.740951126143,0.));
#2168 = DEFINITIONAL_REPRESENTATION('',(#2169),#2173);
#2169 = LINE('',#2170,#2171);
#2170 = CARTESIAN_POINT('',(0.,0.));
#2171 = VECTOR('',#2172,1.);
#2172 = DIRECTION('',(1.,0.));
#2173 = ( GEOMETRIC_REPRESENTATION_CONTEXT(2) 
PARAMETRIC_REPRESENTATION_CONTEXT() REPRESENTATION_CONTEXT('2D SPACE',''
  ) );
#2174 = ORIENTED_EDGE('',*,*,#2175,.F.);
#2175 = EDGE_CURVE('',#2176,#2148,#2178,.T.);
#2176 = VERTEX_POINT('',#2177);
#2177 = CARTESIAN_POINT('',(-34.409384032,20.273010453,-150.));
#2178 = SURFACE_CURVE('',#2179,(#2183,#2190),.PCURVE_S1.);
#2179 = LINE('',#2180,#2181);
#2180 = CARTESIAN_POINT('',(-34.409384032,20.273010453,-150.));
#2181 = VECTOR('',#2182,1.);
#2182 = DIRECTION('',(-0.740951126143,-0.671558953977,0.));
#2183 = PCURVE('',#165,#2184);
#2184 = DEFINITIONAL_REPRESENTATION('',(#2185),#2189);
#2185 = LINE('',#2186,#2187);
#2186 = CARTESIAN_POINT('',(19.581713298023,34.409384032));
#2187 = VECTOR('',#2188,1.);
#2188 = DIRECTION('',(-0.671558953977,0.740951126143));
#2189 = ( GEOMETRIC_REPRESENTATION_CONTEXT(2) 
PARAMETRIC_REPRESENTATION_CONTEXT() REPRESENTATION_CONTEXT('2D SPACE',''
  ) );
#2190 = PCURVE('',#2191,#2196);
#2191 = PLANE('',#2192);
#2192 = AXIS2_PLACEMENT_3D('',#2193,#2194,#2195);
#2193 = CARTESIAN_POINT('',(-34.409384032,20.273010453,-150.));
#2194 = DIRECTION('',(0.671558953977,-0.740951126143,0.));
#2195 = DIRECTION('',(-0.740951126143,-0.671558953977,0.));
#2196 = DEFINITIONAL_REPRESENTATION('',(#2197),#2201);
#2197 = LINE('',#2198,#2199);
#2198 = CARTESIAN_POINT('',(0.,0.));
#2199 = VECTOR('',#2200,1.);
#2200 = DIRECTION('',(1.,0.));
#2201 = ( GEOMETRIC_REPRESENTATION_CONTEXT(2) 
PARAMETRIC_REPRESENTATION_CONTEXT() REPRESENTATION_CONTEXT('2D SPACE',''
  ) );
#2202 = ORIENTED_EDGE('',*,*,#2203,.F.);
#2203 = EDGE_CURVE('',#2204,#2176,#2206,.T.);
#2204 = VERTEX_POINT('',#2205);
#2205 = CARTESIAN_POINT('',(-34.330560981,20.331469612,-150.));
#2206 = SURFACE_CURVE('',#2207,(#2211,#2218),.PCURVE_S1.);
#2207 = LINE('',#2208,#2209);
#2208 = CARTESIAN_POINT('',(-34.330560981,20.331469612,-150.));
#2209 = VECTOR('',#2210,1.);
#2210 = DIRECTION('',(-0.803207530666,-0.59569930559,0.));
#2211 = PCURVE('',#165,#2212);
#2212 = DEFINITIONAL_REPRESENTATION('',(#2213),#2217);
#2213 = LINE('',#2214,#2215);
#2214 = CARTESIAN_POINT('',(19.640172457023,34.330560981));
#2215 = VECTOR('',#2216,1.);
#2216 = DIRECTION('',(-0.59569930559,0.803207530666));
#2217 = ( GEOMETRIC_REPRESENTATION_CONTEXT(2) 
PARAMETRIC_REPRESENTATION_CONTEXT() REPRESENTATION_CONTEXT('2D SPACE',''
  ) );
#2218 = PCURVE('',#2219,#2224);
#2219 = PLANE('',#2220);
#2220 = AXIS2_PLACEMENT_3D('',#2221,#2222,#2223);
#2221 = CARTESIAN_POINT('',(-34.330560981,20.331469612,-150.));
#2222 = DIRECTION('',(0.59569930559,-0.803207530666,0.));
#2223 = DIRECTION('',(-0.803207530666,-0.59569930559,0.));
#2224 = DEFINITIONAL_REPRESENTATION('',(#2225),#2229);
#2225 = LINE('',#2226,#2227);
#2226 = CARTESIAN_POINT('',(0.,0.));
#2227 = VECTOR('',#2228,1.);
#2228 = DIRECTION('',(1.,0.));
#2229 = ( GEOMETRIC_REPRESENTATION_CONTEXT(2) 
PARAMETRIC_REPRESENTATION_CONTEXT() REPRESENTATION_CONTEXT('2D SPACE',''
  ) );
#2230 = ORIENTED_EDGE('',*,*,#2231,.F.);
#2231 = EDGE_CURVE('',#2232,#2204,#2234,.T.);
#2232 = VERTEX_POINT('',#2233);
#2233 = CARTESIAN_POINT('',(-6.,40.,-150.));
#2234 = SURFACE_CURVE('',#2235,(#2239,#2246),.PCURVE_S1.);
#2235 = LINE('',#2236,#2237);
#2236 = CARTESIAN_POINT('',(-6.,40.,-150.));
#2237 = VECTOR('',#2238,1.);
#2238 = DIRECTION('',(-0.821444268946,-0.570288797905,0.));
#2239 = PCURVE('',#165,#2240);
#2240 = DEFINITIONAL_REPRESENTATION('',(#2241),#2245);
#2241 = LINE('',#2242,#2243);
#2242 = CARTESIAN_POINT('',(39.308702845023,6.));
#2243 = VECTOR('',#2244,1.);
#2244 = DIRECTION('',(-0.570288797905,0.821444268946));
#2245 = ( GEOMETRIC_REPRESENTATION_CONTEXT(2) 
PARAMETRIC_REPRESENTATION_CONTEXT() REPRESENTATION_CONTEXT('2D SPACE',''
  ) );
#2246 = PCURVE('',#2247,#2252);
#2247 = PLANE('',#2248);
#2248 = AXIS2_PLACEMENT_3D('',#2249,#2250,#2251);
#2249 = CARTESIAN_POINT('',(-6.,40.,-150.));
#2250 = DIRECTION('',(0.570288797905,-0.821444268946,0.));
#2251 = DIRECTION('',(-0.821444268946,-0.570288797905,0.));
#2252 = DEFINITIONAL_REPRESENTATION('',(#2253),#2257);
#2253 = LINE('',#2254,#2255);
#2254 = CARTESIAN_POINT('',(0.,0.));
#2255 = VECTOR('',#2256,1.);
#2256 = DIRECTION('',(1.,0.));
#2257 = ( GEOMETRIC_REPRESENTATION_CONTEXT(2) 
PARAMETRIC_REPRESENTATION_CONTEXT() REPRESENTATION_CONTEXT('2D SPACE',''
  ) );
#2258 = ORIENTED_EDGE('',*,*,#2259,.F.);
#2259 = EDGE_CURVE('',#2260,#2232,#2262,.T.);
#2260 = VERTEX_POINT('',#2261);
#2261 = CARTESIAN_POINT('',(6.,40.,-150.));
#2262 = SURFACE_CURVE('',#2263,(#2267,#2274),.PCURVE_S1.);
#2263 = LINE('',#2264,#2265);
#2264 = CARTESIAN_POINT('',(6.,40.,-150.));
#2265 = VECTOR('',#2266,1.);
#2266 = DIRECTION('',(-1.,0.,0.));
#2267 = PCURVE('',#165,#2268);
#2268 = DEFINITIONAL_REPRESENTATION('',(#2269),#2273);
#2269 = LINE('',#2270,#2271);
#2270 = CARTESIAN_POINT('',(39.308702845023,-6.));
#2271 = VECTOR('',#2272,1.);
#2272 = DIRECTION('',(0.,1.));
#2273 = ( GEOMETRIC_REPRESENTATION_CONTEXT(2) 
PARAMETRIC_REPRESENTATION_CONTEXT() REPRESENTATION_CONTEXT('2D SPACE',''
  ) );
#2274 = PCURVE('',#2275,#2280);
#2275 = PLANE('',#2276);
#2276 = AXIS2_PLACEMENT_3D('',#2277,#2278,#2279);
#2277 = CARTESIAN_POINT('',(6.,40.,-150.));
#2278 = DIRECTION('',(0.,-1.,0.));
#2279 = DIRECTION('',(-1.,0.,0.));
#2280 = DEFINITIONAL_REPRESENTATION('',(#2281),#2285);
#2281 = LINE('',#2282,#2283);
#2282 = CARTESIAN_POINT('',(0.,-0.));
#2283 = VECTOR('',#2284,1.);
#2284 = DIRECTION('',(1.,0.));
#2285 = ( GEOMETRIC_REPRESENTATION_CONTEXT(2) 
PARAMETRIC_REPRESENTATION_CONTEXT() REPRESENTATION_CONTEXT('2D SPACE',''
  ) );
#2286 = ORIENTED_EDGE('',*,*,#2287,.F.);
#2287 = EDGE_CURVE('',#2288,#2260,#2290,.T.);
#2288 = VERTEX_POINT('',#2289);
#2289 = CARTESIAN_POINT('',(34.330560981,20.331469612,-150.));
#2290 = SURFACE_CURVE('',#2291,(#2295,#2302),.PCURVE_S1.);
#2291 = LINE('',#2292,#2293);
#2292 = CARTESIAN_POINT('',(34.330560981,20.331469612,-150.));
#2293 = VECTOR('',#2294,1.);
#2294 = DIRECTION('',(-0.821444268946,0.570288797905,0.));
#2295 = PCURVE('',#165,#2296);
#2296 = DEFINITIONAL_REPRESENTATION('',(#2297),#2301);
#2297 = LINE('',#2298,#2299);
#2298 = CARTESIAN_POINT('',(19.640172457023,-34.330560981));
#2299 = VECTOR('',#2300,1.);
#2300 = DIRECTION('',(0.570288797905,0.821444268946));
#2301 = ( GEOMETRIC_REPRESENTATION_CONTEXT(2) 
PARAMETRIC_REPRESENTATION_CONTEXT() REPRESENTATION_CONTEXT('2D SPACE',''
  ) );
#2302 = PCURVE('',#2303,#2308);
#2303 = PLANE('',#2304);
#2304 = AXIS2_PLACEMENT_3D('',#2305,#2306,#2307);
#2305 = CARTESIAN_POINT('',(34.330560981,20.331469612,-150.));
#2306 = DIRECTION('',(-0.570288797905,-0.821444268946,0.));
#2307 = DIRECTION('',(-0.821444268946,0.570288797905,0.));
#2308 = DEFINITIONAL_REPRESENTATION('',(#2309),#2313);
#2309 = LINE('',#2310,#2311);
#2310 = CARTESIAN_POINT('',(0.,0.));
#2311 = VECTOR('',#2312,1.);
#2312 = DIRECTION('',(1.,0.));
#2313 = ( GEOMETRIC_REPRESENTATION_CONTEXT(2) 
PARAMETRIC_REPRESENTATION_CONTEXT() REPRESENTATION_CONTEXT('2D SPACE',''
  ) );
#2314 = ORIENTED_EDGE('',*,*,#2315,.F.);
#2315 = EDGE_CURVE('',#2316,#2288,#2318,.T.);
#2316 = VERTEX_POINT('',#2317);
#2317 = CARTESIAN_POINT('',(34.409384032,20.273010453,-150.));
#2318 = SURFACE_CURVE('',#2319,(#2323,#2330),.PCURVE_S1.);
#2319 = LINE('',#2320,#2321);
#2320 = CARTESIAN_POINT('',(34.409384032,20.273010453,-150.));
#2321 = VECTOR('',#2322,1.);
#2322 = DIRECTION('',(-0.803207530666,0.59569930559,0.));
#2323 = PCURVE('',#165,#2324);
#2324 = DEFINITIONAL_REPRESENTATION('',(#2325),#2329);
#2325 = LINE('',#2326,#2327);
#2326 = CARTESIAN_POINT('',(19.581713298023,-34.409384032));
#2327 = VECTOR('',#2328,1.);
#2328 = DIRECTION('',(0.59569930559,0.803207530666));
#2329 = ( GEOMETRIC_REPRESENTATION_CONTEXT(2) 
PARAMETRIC_REPRESENTATION_CONTEXT() REPRESENTATION_CONTEXT('2D SPACE',''
  ) );
#2330 = PCURVE('',#2331,#2336);
#2331 = PLANE('',#2332);
#2332 = AXIS2_PLACEMENT_3D('',#2333,#2334,#2335);
#2333 = CARTESIAN_POINT('',(34.409384032,20.273010453,-150.));
#2334 = DIRECTION('',(-0.59569930559,-0.803207530666,0.));
#2335 = DIRECTION('',(-0.803207530666,0.59569930559,0.));
#2336 = DEFINITIONAL_REPRESENTATION('',(#2337),#2341);
#2337 = LINE('',#2338,#2339);
#2338 = CARTESIAN_POINT('',(0.,0.));
#2339 = VECTOR('',#2340,1.);
#2340 = DIRECTION('',(1.,0.));
#2341 = ( GEOMETRIC_REPRESENTATION_CONTEXT(2) 
PARAMETRIC_REPRESENTATION_CONTEXT() REPRESENTATION_CONTEXT('2D SPACE',''
  ) );
#2342 = ORIENTED_EDGE('',*,*,#2343,.F.);
#2343 = EDGE_CURVE('',#2344,#2316,#2346,.T.);
#2344 = VERTEX_POINT('',#2345);
#2345 = CARTESIAN_POINT('',(34.482097529,20.207106781,-150.));
#2346 = SURFACE_CURVE('',#2347,(#2351,#2358),.PCURVE_S1.);
#2347 = LINE('',#2348,#2349);
#2348 = CARTESIAN_POINT('',(34.482097529,20.207106781,-150.));
#2349 = VECTOR('',#2350,1.);
#2350 = DIRECTION('',(-0.740951126143,0.671558953977,0.));
#2351 = PCURVE('',#165,#2352);
#2352 = DEFINITIONAL_REPRESENTATION('',(#2353),#2357);
#2353 = LINE('',#2354,#2355);
#2354 = CARTESIAN_POINT('',(19.515809626023,-34.482097529));
#2355 = VECTOR('',#2356,1.);
#2356 = DIRECTION('',(0.671558953977,0.740951126143));
#2357 = ( GEOMETRIC_REPRESENTATION_CONTEXT(2) 
PARAMETRIC_REPRESENTATION_CONTEXT() REPRESENTATION_CONTEXT('2D SPACE',''
  ) );
#2358 = PCURVE('',#2359,#2364);
#2359 = PLANE('',#2360);
#2360 = AXIS2_PLACEMENT_3D('',#2361,#2362,#2363);
#2361 = CARTESIAN_POINT('',(34.482097529,20.207106781,-150.));
#2362 = DIRECTION('',(-0.671558953977,-0.740951126143,0.));
#2363 = DIRECTION('',(-0.740951126143,0.671558953977,0.));
#2364 = DEFINITIONAL_REPRESENTATION('',(#2365),#2369);
#2365 = LINE('',#2366,#2367);
#2366 = CARTESIAN_POINT('',(0.,0.));
#2367 = VECTOR('',#2368,1.);
#2368 = DIRECTION('',(1.,0.));
#2369 = ( GEOMETRIC_REPRESENTATION_CONTEXT(2) 
PARAMETRIC_REPRESENTATION_CONTEXT() REPRESENTATION_CONTEXT('2D SPACE',''
  ) );
#2370 = ORIENTED_EDGE('',*,*,#2371,.F.);
#2371 = EDGE_CURVE('',#2372,#2344,#2374,.T.);
#2372 = VERTEX_POINT('',#2373);
#2373 = CARTESIAN_POINT('',(34.548001201,20.134393284,-150.));
#2374 = SURFACE_CURVE('',#2375,(#2379,#2386),.PCURVE_S1.);
#2375 = LINE('',#2376,#2377);
#2376 = CARTESIAN_POINT('',(34.548001201,20.134393284,-150.));
#2377 = VECTOR('',#2378,1.);
#2378 = DIRECTION('',(-0.671558953977,0.740951126143,0.));
#2379 = PCURVE('',#165,#2380);
#2380 = DEFINITIONAL_REPRESENTATION('',(#2381),#2385);
#2381 = LINE('',#2382,#2383);
#2382 = CARTESIAN_POINT('',(19.443096129023,-34.548001201));
#2383 = VECTOR('',#2384,1.);
#2384 = DIRECTION('',(0.740951126143,0.671558953977));
#2385 = ( GEOMETRIC_REPRESENTATION_CONTEXT(2) 
PARAMETRIC_REPRESENTATION_CONTEXT() REPRESENTATION_CONTEXT('2D SPACE',''
  ) );
#2386 = PCURVE('',#2387,#2392);
#2387 = PLANE('',#2388);
#2388 = AXIS2_PLACEMENT_3D('',#2389,#2390,#2391);
#2389 = CARTESIAN_POINT('',(34.548001201,20.134393284,-150.));
#2390 = DIRECTION('',(-0.740951126143,-0.671558953977,0.));
#2391 = DIRECTION('',(-0.671558953977,0.740951126143,0.));
#2392 = DEFINITIONAL_REPRESENTATION('',(#2393),#2397);
#2393 = LINE('',#2394,#2395);
#2394 = CARTESIAN_POINT('',(0.,0.));
#2395 = VECTOR('',#2396,1.);
#2396 = DIRECTION('',(1.,0.));
#2397 = ( GEOMETRIC_REPRESENTATION_CONTEXT(2) 
PARAMETRIC_REPRESENTATION_CONTEXT() REPRESENTATION_CONTEXT('2D SPACE',''
  ) );
#2398 = ORIENTED_EDGE('',*,*,#2399,.F.);
#2399 = EDGE_CURVE('',#2400,#2372,#2402,.T.);
#2400 = VERTEX_POINT('',#2401);
#2401 = CARTESIAN_POINT('',(34.60646036,20.055570233,-150.));
#2402 = SURFACE_CURVE('',#2403,(#2407,#2414),.PCURVE_S1.);
#2403 = LINE('',#2404,#2405);
#2404 = CARTESIAN_POINT('',(34.60646036,20.055570233,-150.));
#2405 = VECTOR('',#2406,1.);
#2406 = DIRECTION('',(-0.59569930559,0.803207530666,0.));
#2407 = PCURVE('',#165,#2408);
#2408 = DEFINITIONAL_REPRESENTATION('',(#2409),#2413);
#2409 = LINE('',#2410,#2411);
#2410 = CARTESIAN_POINT('',(19.364273078023,-34.60646036));
#2411 = VECTOR('',#2412,1.);
#2412 = DIRECTION('',(0.803207530666,0.59569930559));
#2413 = ( GEOMETRIC_REPRESENTATION_CONTEXT(2) 
PARAMETRIC_REPRESENTATION_CONTEXT() REPRESENTATION_CONTEXT('2D SPACE',''
  ) );
#2414 = PCURVE('',#2415,#2420);
#2415 = PLANE('',#2416);
#2416 = AXIS2_PLACEMENT_3D('',#2417,#2418,#2419);
#2417 = CARTESIAN_POINT('',(34.60646036,20.055570233,-150.));
#2418 = DIRECTION('',(-0.803207530666,-0.59569930559,0.));
#2419 = DIRECTION('',(-0.59569930559,0.803207530666,0.));
#2420 = DEFINITIONAL_REPRESENTATION('',(#2421),#2425);
#2421 = LINE('',#2422,#2423);
#2422 = CARTESIAN_POINT('',(0.,0.));
#2423 = VECTOR('',#2424,1.);
#2424 = DIRECTION('',(1.,0.));
#2425 = ( GEOMETRIC_REPRESENTATION_CONTEXT(2) 
PARAMETRIC_REPRESENTATION_CONTEXT() REPRESENTATION_CONTEXT('2D SPACE',''
  ) );
#2426 = ORIENTED_EDGE('',*,*,#2427,.F.);
#2427 = EDGE_CURVE('',#2428,#2400,#2430,.T.);
#2428 = VERTEX_POINT('',#2429);
#2429 = CARTESIAN_POINT('',(34.656912012,19.971396737,-150.));
#2430 = SURFACE_CURVE('',#2431,(#2435,#2442),.PCURVE_S1.);
#2431 = LINE('',#2432,#2433);
#2432 = CARTESIAN_POINT('',(34.656912012,19.971396737,-150.));
#2433 = VECTOR('',#2434,1.);
#2434 = DIRECTION('',(-0.51410274472,0.857728609685,0.));
#2435 = PCURVE('',#165,#2436);
#2436 = DEFINITIONAL_REPRESENTATION('',(#2437),#2441);
#2437 = LINE('',#2438,#2439);
#2438 = CARTESIAN_POINT('',(19.280099582023,-34.656912012));
#2439 = VECTOR('',#2440,1.);
#2440 = DIRECTION('',(0.857728609685,0.51410274472));
#2441 = ( GEOMETRIC_REPRESENTATION_CONTEXT(2) 
PARAMETRIC_REPRESENTATION_CONTEXT() REPRESENTATION_CONTEXT('2D SPACE',''
  ) );
#2442 = PCURVE('',#2443,#2448);
#2443 = PLANE('',#2444);
#2444 = AXIS2_PLACEMENT_3D('',#2445,#2446,#2447);
#2445 = CARTESIAN_POINT('',(34.656912012,19.971396737,-150.));
#2446 = DIRECTION('',(-0.857728609685,-0.51410274472,0.));
#2447 = DIRECTION('',(-0.51410274472,0.857728609685,0.));
#2448 = DEFINITIONAL_REPRESENTATION('',(#2449),#2453);
#2449 = LINE('',#2450,#2451);
#2450 = CARTESIAN_POINT('',(0.,0.));
#2451 = VECTOR('',#2452,1.);
#2452 = DIRECTION('',(1.,0.));
#2453 = ( GEOMETRIC_REPRESENTATION_CONTEXT(2) 
PARAMETRIC_REPRESENTATION_CONTEXT() REPRESENTATION_CONTEXT('2D SPACE',''
  ) );
#2454 = ORIENTED_EDGE('',*,*,#2455,.F.);
#2455 = EDGE_CURVE('',#2456,#2428,#2458,.T.);
#2456 = VERTEX_POINT('',#2457);
#2457 = CARTESIAN_POINT('',(34.69887028,19.882683432,-150.));
#2458 = SURFACE_CURVE('',#2459,(#2463,#2470),.PCURVE_S1.);
#2459 = LINE('',#2460,#2461);
#2460 = CARTESIAN_POINT('',(34.69887028,19.882683432,-150.));
#2461 = VECTOR('',#2462,1.);
#2462 = DIRECTION('',(-0.42755508995,0.903989294769,0.));
#2463 = PCURVE('',#165,#2464);
#2464 = DEFINITIONAL_REPRESENTATION('',(#2465),#2469);
#2465 = LINE('',#2466,#2467);
#2466 = CARTESIAN_POINT('',(19.191386277023,-34.69887028));
#2467 = VECTOR('',#2468,1.);
#2468 = DIRECTION('',(0.903989294769,0.42755508995));
#2469 = ( GEOMETRIC_REPRESENTATION_CONTEXT(2) 
PARAMETRIC_REPRESENTATION_CONTEXT() REPRESENTATION_CONTEXT('2D SPACE',''
  ) );
#2470 = PCURVE('',#2471,#2476);
#2471 = PLANE('',#2472);
#2472 = AXIS2_PLACEMENT_3D('',#2473,#2474,#2475);
#2473 = CARTESIAN_POINT('',(34.69887028,19.882683432,-150.));
#2474 = DIRECTION('',(-0.903989294769,-0.42755508995,0.));
#2475 = DIRECTION('',(-0.42755508995,0.903989294769,0.));
#2476 = DEFINITIONAL_REPRESENTATION('',(#2477),#2481);
#2477 = LINE('',#2478,#2479);
#2478 = CARTESIAN_POINT('',(0.,0.));
#2479 = VECTOR('',#2480,1.);
#2480 = DIRECTION('',(1.,0.));
#2481 = ( GEOMETRIC_REPRESENTATION_CONTEXT(2) 
PARAMETRIC_REPRESENTATION_CONTEXT() REPRESENTATION_CONTEXT('2D SPACE',''
  ) );
#2482 = ORIENTED_EDGE('',*,*,#2483,.F.);
#2483 = EDGE_CURVE('',#2484,#2456,#2486,.T.);
#2484 = VERTEX_POINT('',#2485);
#2485 = CARTESIAN_POINT('',(34.731931083,19.790284677,-150.));
#2486 = SURFACE_CURVE('',#2487,(#2491,#2498),.PCURVE_S1.);
#2487 = LINE('',#2488,#2489);
#2488 = CARTESIAN_POINT('',(34.731931083,19.790284677,-150.));
#2489 = VECTOR('',#2490,1.);
#2490 = DIRECTION('',(-0.336889851754,0.941544065769,0.));
#2491 = PCURVE('',#165,#2492);
#2492 = DEFINITIONAL_REPRESENTATION('',(#2493),#2497);
#2493 = LINE('',#2494,#2495);
#2494 = CARTESIAN_POINT('',(19.098987522023,-34.731931083));
#2495 = VECTOR('',#2496,1.);
#2496 = DIRECTION('',(0.941544065769,0.336889851754));
#2497 = ( GEOMETRIC_REPRESENTATION_CONTEXT(2) 
PARAMETRIC_REPRESENTATION_CONTEXT() REPRESENTATION_CONTEXT('2D SPACE',''
  ) );
#2498 = PCURVE('',#2499,#2504);
#2499 = PLANE('',#2500);
#2500 = AXIS2_PLACEMENT_3D('',#2501,#2502,#2503);
#2501 = CARTESIAN_POINT('',(34.731931083,19.790284677,-150.));
#2502 = DIRECTION('',(-0.941544065769,-0.336889851754,0.));
#2503 = DIRECTION('',(-0.336889851754,0.941544065769,0.));
#2504 = DEFINITIONAL_REPRESENTATION('',(#2505),#2509);
#2505 = LINE('',#2506,#2507);
#2506 = CARTESIAN_POINT('',(0.,0.));
#2507 = VECTOR('',#2508,1.);
#2508 = DIRECTION('',(1.,0.));
#2509 = ( GEOMETRIC_REPRESENTATION_CONTEXT(2) 
PARAMETRIC_REPRESENTATION_CONTEXT() REPRESENTATION_CONTEXT('2D SPACE',''
  ) );
#2510 = ORIENTED_EDGE('',*,*,#2511,.F.);
#2511 = EDGE_CURVE('',#2512,#2484,#2514,.T.);
#2512 = VERTEX_POINT('',#2513);
#2513 = CARTESIAN_POINT('',(34.755776028,19.695090322,-150.));
#2514 = SURFACE_CURVE('',#2515,(#2519,#2526),.PCURVE_S1.);
#2515 = LINE('',#2516,#2517);
#2516 = CARTESIAN_POINT('',(34.755776028,19.695090322,-150.));
#2517 = VECTOR('',#2518,1.);
#2518 = DIRECTION('',(-0.24298018363,0.970031252261,0.));
#2519 = PCURVE('',#165,#2520);
#2520 = DEFINITIONAL_REPRESENTATION('',(#2521),#2525);
#2521 = LINE('',#2522,#2523);
#2522 = CARTESIAN_POINT('',(19.003793167023,-34.755776028));
#2523 = VECTOR('',#2524,1.);
#2524 = DIRECTION('',(0.970031252261,0.24298018363));
#2525 = ( GEOMETRIC_REPRESENTATION_CONTEXT(2) 
PARAMETRIC_REPRESENTATION_CONTEXT() REPRESENTATION_CONTEXT('2D SPACE',''
  ) );
#2526 = PCURVE('',#2527,#2532);
#2527 = PLANE('',#2528);
#2528 = AXIS2_PLACEMENT_3D('',#2529,#2530,#2531);
#2529 = CARTESIAN_POINT('',(34.755776028,19.695090322,-150.));
#2530 = DIRECTION('',(-0.970031252261,-0.24298018363,0.));
#2531 = DIRECTION('',(-0.24298018363,0.970031252261,0.));
#2532 = DEFINITIONAL_REPRESENTATION('',(#2533),#2537);
#2533 = LINE('',#2534,#2535);
#2534 = CARTESIAN_POINT('',(0.,0.));
#2535 = VECTOR('',#2536,1.);
#2536 = DIRECTION('',(1.,0.));
#2537 = ( GEOMETRIC_REPRESENTATION_CONTEXT(2) 
PARAMETRIC_REPRESENTATION_CONTEXT() REPRESENTATION_CONTEXT('2D SPACE',''
  ) );
#2538 = ORIENTED_EDGE('',*,*,#2539,.F.);
#2539 = EDGE_CURVE('',#2540,#2512,#2542,.T.);
#2540 = VERTEX_POINT('',#2541);
#2541 = CARTESIAN_POINT('',(34.770175474,19.59801714,-150.));
#2542 = SURFACE_CURVE('',#2543,(#2547,#2554),.PCURVE_S1.);
#2543 = LINE('',#2544,#2545);
#2544 = CARTESIAN_POINT('',(34.770175474,19.59801714,-150.));
#2545 = VECTOR('',#2546,1.);
#2546 = DIRECTION('',(-0.14673047131,0.989176510431,0.));
#2547 = PCURVE('',#165,#2548);
#2548 = DEFINITIONAL_REPRESENTATION('',(#2549),#2553);
#2549 = LINE('',#2550,#2551);
#2550 = CARTESIAN_POINT('',(18.906719985023,-34.770175474));
#2551 = VECTOR('',#2552,1.);
#2552 = DIRECTION('',(0.989176510431,0.14673047131));
#2553 = ( GEOMETRIC_REPRESENTATION_CONTEXT(2) 
PARAMETRIC_REPRESENTATION_CONTEXT() REPRESENTATION_CONTEXT('2D SPACE',''
  ) );
#2554 = PCURVE('',#2555,#2560);
#2555 = PLANE('',#2556);
#2556 = AXIS2_PLACEMENT_3D('',#2557,#2558,#2559);
#2557 = CARTESIAN_POINT('',(34.770175474,19.59801714,-150.));
#2558 = DIRECTION('',(-0.989176510431,-0.14673047131,0.));
#2559 = DIRECTION('',(-0.14673047131,0.989176510431,0.));
#2560 = DEFINITIONAL_REPRESENTATION('',(#2561),#2565);
#2561 = LINE('',#2562,#2563);
#2562 = CARTESIAN_POINT('',(0.,0.));
#2563 = VECTOR('',#2564,1.);
#2564 = DIRECTION('',(1.,0.));
#2565 = ( GEOMETRIC_REPRESENTATION_CONTEXT(2) 
PARAMETRIC_REPRESENTATION_CONTEXT() REPRESENTATION_CONTEXT('2D SPACE',''
  ) );
#2566 = ORIENTED_EDGE('',*,*,#2567,.F.);
#2567 = EDGE_CURVE('',#2568,#2540,#2570,.T.);
#2568 = VERTEX_POINT('',#2569);
#2569 = CARTESIAN_POINT('',(34.774990748,19.5,-150.));
#2570 = SURFACE_CURVE('',#2571,(#2575,#2582),.PCURVE_S1.);
#2571 = LINE('',#2572,#2573);
#2572 = CARTESIAN_POINT('',(34.774990748,19.5,-150.));
#2573 = VECTOR('',#2574,1.);
#2574 = DIRECTION('',(-4.906768132522E-02,0.998795455861,0.));
#2575 = PCURVE('',#165,#2576);
#2576 = DEFINITIONAL_REPRESENTATION('',(#2577),#2581);
#2577 = LINE('',#2578,#2579);
#2578 = CARTESIAN_POINT('',(18.808702845023,-34.774990748));
#2579 = VECTOR('',#2580,1.);
#2580 = DIRECTION('',(0.998795455861,4.906768132522E-02));
#2581 = ( GEOMETRIC_REPRESENTATION_CONTEXT(2) 
PARAMETRIC_REPRESENTATION_CONTEXT() REPRESENTATION_CONTEXT('2D SPACE',''
  ) );
#2582 = PCURVE('',#2583,#2588);
#2583 = PLANE('',#2584);
#2584 = AXIS2_PLACEMENT_3D('',#2585,#2586,#2587);
#2585 = CARTESIAN_POINT('',(34.774990748,19.5,-150.));
#2586 = DIRECTION('',(-0.998795455861,-4.906768132522E-02,0.));
#2587 = DIRECTION('',(-4.906768132522E-02,0.998795455861,0.));
#2588 = DEFINITIONAL_REPRESENTATION('',(#2589),#2593);
#2589 = LINE('',#2590,#2591);
#2590 = CARTESIAN_POINT('',(0.,0.));
#2591 = VECTOR('',#2592,1.);
#2592 = DIRECTION('',(1.,0.));
#2593 = ( GEOMETRIC_REPRESENTATION_CONTEXT(2) 
PARAMETRIC_REPRESENTATION_CONTEXT() REPRESENTATION_CONTEXT('2D SPACE',''
  ) );
#2594 = ORIENTED_EDGE('',*,*,#2595,.F.);
#2595 = EDGE_CURVE('',#2596,#2568,#2598,.T.);
#2596 = VERTEX_POINT('',#2597);
#2597 = CARTESIAN_POINT('',(34.774990748,-19.5,-150.));
#2598 = SURFACE_CURVE('',#2599,(#2603,#2610),.PCURVE_S1.);
#2599 = LINE('',#2600,#2601);
#2600 = CARTESIAN_POINT('',(34.774990748,-19.5,-150.));
#2601 = VECTOR('',#2602,1.);
#2602 = DIRECTION('',(0.,1.,0.));
#2603 = PCURVE('',#165,#2604);
#2604 = DEFINITIONAL_REPRESENTATION('',(#2605),#2609);
#2605 = LINE('',#2606,#2607);
#2606 = CARTESIAN_POINT('',(-20.19129715497,-34.774990748));
#2607 = VECTOR('',#2608,1.);
#2608 = DIRECTION('',(1.,5.518637272201E-80));
#2609 = ( GEOMETRIC_REPRESENTATION_CONTEXT(2) 
PARAMETRIC_REPRESENTATION_CONTEXT() REPRESENTATION_CONTEXT('2D SPACE',''
  ) );
#2610 = PCURVE('',#2611,#2616);
#2611 = PLANE('',#2612);
#2612 = AXIS2_PLACEMENT_3D('',#2613,#2614,#2615);
#2613 = CARTESIAN_POINT('',(34.774990748,-19.5,-150.));
#2614 = DIRECTION('',(-1.,0.,0.));
#2615 = DIRECTION('',(0.,1.,0.));
#2616 = DEFINITIONAL_REPRESENTATION('',(#2617),#2621);
#2617 = LINE('',#2618,#2619);
#2618 = CARTESIAN_POINT('',(0.,0.));
#2619 = VECTOR('',#2620,1.);
#2620 = DIRECTION('',(1.,0.));
#2621 = ( GEOMETRIC_REPRESENTATION_CONTEXT(2) 
PARAMETRIC_REPRESENTATION_CONTEXT() REPRESENTATION_CONTEXT('2D SPACE',''
  ) );
#2622 = ORIENTED_EDGE('',*,*,#2623,.F.);
#2623 = EDGE_CURVE('',#2624,#2596,#2626,.T.);
#2624 = VERTEX_POINT('',#2625);
#2625 = CARTESIAN_POINT('',(34.770175474,-19.59801714,-150.));
#2626 = SURFACE_CURVE('',#2627,(#2631,#2638),.PCURVE_S1.);
#2627 = LINE('',#2628,#2629);
#2628 = CARTESIAN_POINT('',(34.770175474,-19.59801714,-150.));
#2629 = VECTOR('',#2630,1.);
#2630 = DIRECTION('',(4.906768132522E-02,0.998795455861,0.));
#2631 = PCURVE('',#165,#2632);
#2632 = DEFINITIONAL_REPRESENTATION('',(#2633),#2637);
#2633 = LINE('',#2634,#2635);
#2634 = CARTESIAN_POINT('',(-20.28931429497,-34.770175474));
#2635 = VECTOR('',#2636,1.);
#2636 = DIRECTION('',(0.998795455861,-4.906768132522E-02));
#2637 = ( GEOMETRIC_REPRESENTATION_CONTEXT(2) 
PARAMETRIC_REPRESENTATION_CONTEXT() REPRESENTATION_CONTEXT('2D SPACE',''
  ) );
#2638 = PCURVE('',#2639,#2644);
#2639 = PLANE('',#2640);
#2640 = AXIS2_PLACEMENT_3D('',#2641,#2642,#2643);
#2641 = CARTESIAN_POINT('',(34.770175474,-19.59801714,-150.));
#2642 = DIRECTION('',(-0.998795455861,4.906768132522E-02,0.));
#2643 = DIRECTION('',(4.906768132522E-02,0.998795455861,0.));
#2644 = DEFINITIONAL_REPRESENTATION('',(#2645),#2649);
#2645 = LINE('',#2646,#2647);
#2646 = CARTESIAN_POINT('',(0.,0.));
#2647 = VECTOR('',#2648,1.);
#2648 = DIRECTION('',(1.,0.));
#2649 = ( GEOMETRIC_REPRESENTATION_CONTEXT(2) 
PARAMETRIC_REPRESENTATION_CONTEXT() REPRESENTATION_CONTEXT('2D SPACE',''
  ) );
#2650 = ORIENTED_EDGE('',*,*,#2651,.F.);
#2651 = EDGE_CURVE('',#2652,#2624,#2654,.T.);
#2652 = VERTEX_POINT('',#2653);
#2653 = CARTESIAN_POINT('',(34.755776028,-19.695090322,-150.));
#2654 = SURFACE_CURVE('',#2655,(#2659,#2666),.PCURVE_S1.);
#2655 = LINE('',#2656,#2657);
#2656 = CARTESIAN_POINT('',(34.755776028,-19.695090322,-150.));
#2657 = VECTOR('',#2658,1.);
#2658 = DIRECTION('',(0.14673047131,0.989176510431,0.));
#2659 = PCURVE('',#165,#2660);
#2660 = DEFINITIONAL_REPRESENTATION('',(#2661),#2665);
#2661 = LINE('',#2662,#2663);
#2662 = CARTESIAN_POINT('',(-20.38638747697,-34.755776028));
#2663 = VECTOR('',#2664,1.);
#2664 = DIRECTION('',(0.989176510431,-0.14673047131));
#2665 = ( GEOMETRIC_REPRESENTATION_CONTEXT(2) 
PARAMETRIC_REPRESENTATION_CONTEXT() REPRESENTATION_CONTEXT('2D SPACE',''
  ) );
#2666 = PCURVE('',#2667,#2672);
#2667 = PLANE('',#2668);
#2668 = AXIS2_PLACEMENT_3D('',#2669,#2670,#2671);
#2669 = CARTESIAN_POINT('',(34.755776028,-19.695090322,-150.));
#2670 = DIRECTION('',(-0.989176510431,0.14673047131,0.));
#2671 = DIRECTION('',(0.14673047131,0.989176510431,0.));
#2672 = DEFINITIONAL_REPRESENTATION('',(#2673),#2677);
#2673 = LINE('',#2674,#2675);
#2674 = CARTESIAN_POINT('',(0.,0.));
#2675 = VECTOR('',#2676,1.);
#2676 = DIRECTION('',(1.,0.));
#2677 = ( GEOMETRIC_REPRESENTATION_CONTEXT(2) 
PARAMETRIC_REPRESENTATION_CONTEXT() REPRESENTATION_CONTEXT('2D SPACE',''
  ) );
#2678 = ORIENTED_EDGE('',*,*,#2679,.F.);
#2679 = EDGE_CURVE('',#2680,#2652,#2682,.T.);
#2680 = VERTEX_POINT('',#2681);
#2681 = CARTESIAN_POINT('',(34.731931083,-19.790284677,-150.));
#2682 = SURFACE_CURVE('',#2683,(#2687,#2694),.PCURVE_S1.);
#2683 = LINE('',#2684,#2685);
#2684 = CARTESIAN_POINT('',(34.731931083,-19.790284677,-150.));
#2685 = VECTOR('',#2686,1.);
#2686 = DIRECTION('',(0.24298018363,0.970031252261,0.));
#2687 = PCURVE('',#165,#2688);
#2688 = DEFINITIONAL_REPRESENTATION('',(#2689),#2693);
#2689 = LINE('',#2690,#2691);
#2690 = CARTESIAN_POINT('',(-20.48158183197,-34.731931083));
#2691 = VECTOR('',#2692,1.);
#2692 = DIRECTION('',(0.970031252261,-0.24298018363));
#2693 = ( GEOMETRIC_REPRESENTATION_CONTEXT(2) 
PARAMETRIC_REPRESENTATION_CONTEXT() REPRESENTATION_CONTEXT('2D SPACE',''
  ) );
#2694 = PCURVE('',#2695,#2700);
#2695 = PLANE('',#2696);
#2696 = AXIS2_PLACEMENT_3D('',#2697,#2698,#2699);
#2697 = CARTESIAN_POINT('',(34.731931083,-19.790284677,-150.));
#2698 = DIRECTION('',(-0.970031252261,0.24298018363,0.));
#2699 = DIRECTION('',(0.24298018363,0.970031252261,0.));
#2700 = DEFINITIONAL_REPRESENTATION('',(#2701),#2705);
#2701 = LINE('',#2702,#2703);
#2702 = CARTESIAN_POINT('',(0.,0.));
#2703 = VECTOR('',#2704,1.);
#2704 = DIRECTION('',(1.,0.));
#2705 = ( GEOMETRIC_REPRESENTATION_CONTEXT(2) 
PARAMETRIC_REPRESENTATION_CONTEXT() REPRESENTATION_CONTEXT('2D SPACE',''
  ) );
#2706 = ORIENTED_EDGE('',*,*,#2707,.F.);
#2707 = EDGE_CURVE('',#2708,#2680,#2710,.T.);
#2708 = VERTEX_POINT('',#2709);
#2709 = CARTESIAN_POINT('',(34.69887028,-19.882683432,-150.));
#2710 = SURFACE_CURVE('',#2711,(#2715,#2722),.PCURVE_S1.);
#2711 = LINE('',#2712,#2713);
#2712 = CARTESIAN_POINT('',(34.69887028,-19.882683432,-150.));
#2713 = VECTOR('',#2714,1.);
#2714 = DIRECTION('',(0.336889851754,0.941544065769,0.));
#2715 = PCURVE('',#165,#2716);
#2716 = DEFINITIONAL_REPRESENTATION('',(#2717),#2721);
#2717 = LINE('',#2718,#2719);
#2718 = CARTESIAN_POINT('',(-20.57398058697,-34.69887028));
#2719 = VECTOR('',#2720,1.);
#2720 = DIRECTION('',(0.941544065769,-0.336889851754));
#2721 = ( GEOMETRIC_REPRESENTATION_CONTEXT(2) 
PARAMETRIC_REPRESENTATION_CONTEXT() REPRESENTATION_CONTEXT('2D SPACE',''
  ) );
#2722 = PCURVE('',#2723,#2728);
#2723 = PLANE('',#2724);
#2724 = AXIS2_PLACEMENT_3D('',#2725,#2726,#2727);
#2725 = CARTESIAN_POINT('',(34.69887028,-19.882683432,-150.));
#2726 = DIRECTION('',(-0.941544065769,0.336889851754,0.));
#2727 = DIRECTION('',(0.336889851754,0.941544065769,0.));
#2728 = DEFINITIONAL_REPRESENTATION('',(#2729),#2733);
#2729 = LINE('',#2730,#2731);
#2730 = CARTESIAN_POINT('',(0.,0.));
#2731 = VECTOR('',#2732,1.);
#2732 = DIRECTION('',(1.,0.));
#2733 = ( GEOMETRIC_REPRESENTATION_CONTEXT(2) 
PARAMETRIC_REPRESENTATION_CONTEXT() REPRESENTATION_CONTEXT('2D SPACE',''
  ) );
#2734 = ORIENTED_EDGE('',*,*,#2735,.F.);
#2735 = EDGE_CURVE('',#2736,#2708,#2738,.T.);
#2736 = VERTEX_POINT('',#2737);
#2737 = CARTESIAN_POINT('',(34.656912012,-19.971396737,-150.));
#2738 = SURFACE_CURVE('',#2739,(#2743,#2750),.PCURVE_S1.);
#2739 = LINE('',#2740,#2741);
#2740 = CARTESIAN_POINT('',(34.656912012,-19.971396737,-150.));
#2741 = VECTOR('',#2742,1.);
#2742 = DIRECTION('',(0.42755508995,0.903989294769,0.));
#2743 = PCURVE('',#165,#2744);
#2744 = DEFINITIONAL_REPRESENTATION('',(#2745),#2749);
#2745 = LINE('',#2746,#2747);
#2746 = CARTESIAN_POINT('',(-20.66269389197,-34.656912012));
#2747 = VECTOR('',#2748,1.);
#2748 = DIRECTION('',(0.903989294769,-0.42755508995));
#2749 = ( GEOMETRIC_REPRESENTATION_CONTEXT(2) 
PARAMETRIC_REPRESENTATION_CONTEXT() REPRESENTATION_CONTEXT('2D SPACE',''
  ) );
#2750 = PCURVE('',#2751,#2756);
#2751 = PLANE('',#2752);
#2752 = AXIS2_PLACEMENT_3D('',#2753,#2754,#2755);
#2753 = CARTESIAN_POINT('',(34.656912012,-19.971396737,-150.));
#2754 = DIRECTION('',(-0.903989294769,0.42755508995,0.));
#2755 = DIRECTION('',(0.42755508995,0.903989294769,0.));
#2756 = DEFINITIONAL_REPRESENTATION('',(#2757),#2761);
#2757 = LINE('',#2758,#2759);
#2758 = CARTESIAN_POINT('',(0.,0.));
#2759 = VECTOR('',#2760,1.);
#2760 = DIRECTION('',(1.,0.));
#2761 = ( GEOMETRIC_REPRESENTATION_CONTEXT(2) 
PARAMETRIC_REPRESENTATION_CONTEXT() REPRESENTATION_CONTEXT('2D SPACE',''
  ) );
#2762 = ORIENTED_EDGE('',*,*,#2763,.F.);
#2763 = EDGE_CURVE('',#2764,#2736,#2766,.T.);
#2764 = VERTEX_POINT('',#2765);
#2765 = CARTESIAN_POINT('',(34.60646036,-20.055570233,-150.));
#2766 = SURFACE_CURVE('',#2767,(#2771,#2778),.PCURVE_S1.);
#2767 = LINE('',#2768,#2769);
#2768 = CARTESIAN_POINT('',(34.60646036,-20.055570233,-150.));
#2769 = VECTOR('',#2770,1.);
#2770 = DIRECTION('',(0.51410274472,0.857728609685,0.));
#2771 = PCURVE('',#165,#2772);
#2772 = DEFINITIONAL_REPRESENTATION('',(#2773),#2777);
#2773 = LINE('',#2774,#2775);
#2774 = CARTESIAN_POINT('',(-20.74686738797,-34.60646036));
#2775 = VECTOR('',#2776,1.);
#2776 = DIRECTION('',(0.857728609685,-0.51410274472));
#2777 = ( GEOMETRIC_REPRESENTATION_CONTEXT(2) 
PARAMETRIC_REPRESENTATION_CONTEXT() REPRESENTATION_CONTEXT('2D SPACE',''
  ) );
#2778 = PCURVE('',#2779,#2784);
#2779 = PLANE('',#2780);
#2780 = AXIS2_PLACEMENT_3D('',#2781,#2782,#2783);
#2781 = CARTESIAN_POINT('',(34.60646036,-20.055570233,-150.));
#2782 = DIRECTION('',(-0.857728609685,0.51410274472,0.));
#2783 = DIRECTION('',(0.51410274472,0.857728609685,0.));
#2784 = DEFINITIONAL_REPRESENTATION('',(#2785),#2789);
#2785 = LINE('',#2786,#2787);
#2786 = CARTESIAN_POINT('',(0.,0.));
#2787 = VECTOR('',#2788,1.);
#2788 = DIRECTION('',(1.,0.));
#2789 = ( GEOMETRIC_REPRESENTATION_CONTEXT(2) 
PARAMETRIC_REPRESENTATION_CONTEXT() REPRESENTATION_CONTEXT('2D SPACE',''
  ) );
#2790 = ORIENTED_EDGE('',*,*,#2791,.F.);
#2791 = EDGE_CURVE('',#2792,#2764,#2794,.T.);
#2792 = VERTEX_POINT('',#2793);
#2793 = CARTESIAN_POINT('',(34.548001201,-20.134393284,-150.));
#2794 = SURFACE_CURVE('',#2795,(#2799,#2806),.PCURVE_S1.);
#2795 = LINE('',#2796,#2797);
#2796 = CARTESIAN_POINT('',(34.548001201,-20.134393284,-150.));
#2797 = VECTOR('',#2798,1.);
#2798 = DIRECTION('',(0.59569930559,0.803207530666,0.));
#2799 = PCURVE('',#165,#2800);
#2800 = DEFINITIONAL_REPRESENTATION('',(#2801),#2805);
#2801 = LINE('',#2802,#2803);
#2802 = CARTESIAN_POINT('',(-20.82569043897,-34.548001201));
#2803 = VECTOR('',#2804,1.);
#2804 = DIRECTION('',(0.803207530666,-0.59569930559));
#2805 = ( GEOMETRIC_REPRESENTATION_CONTEXT(2) 
PARAMETRIC_REPRESENTATION_CONTEXT() REPRESENTATION_CONTEXT('2D SPACE',''
  ) );
#2806 = PCURVE('',#2807,#2812);
#2807 = PLANE('',#2808);
#2808 = AXIS2_PLACEMENT_3D('',#2809,#2810,#2811);
#2809 = CARTESIAN_POINT('',(34.548001201,-20.134393284,-150.));
#2810 = DIRECTION('',(-0.803207530666,0.59569930559,0.));
#2811 = DIRECTION('',(0.59569930559,0.803207530666,0.));
#2812 = DEFINITIONAL_REPRESENTATION('',(#2813),#2817);
#2813 = LINE('',#2814,#2815);
#2814 = CARTESIAN_POINT('',(0.,0.));
#2815 = VECTOR('',#2816,1.);
#2816 = DIRECTION('',(1.,0.));
#2817 = ( GEOMETRIC_REPRESENTATION_CONTEXT(2) 
PARAMETRIC_REPRESENTATION_CONTEXT() REPRESENTATION_CONTEXT('2D SPACE',''
  ) );
#2818 = ORIENTED_EDGE('',*,*,#2819,.F.);
#2819 = EDGE_CURVE('',#2820,#2792,#2822,.T.);
#2820 = VERTEX_POINT('',#2821);
#2821 = CARTESIAN_POINT('',(34.482097529,-20.207106781,-150.));
#2822 = SURFACE_CURVE('',#2823,(#2827,#2834),.PCURVE_S1.);
#2823 = LINE('',#2824,#2825);
#2824 = CARTESIAN_POINT('',(34.482097529,-20.207106781,-150.));
#2825 = VECTOR('',#2826,1.);
#2826 = DIRECTION('',(0.671558953977,0.740951126143,0.));
#2827 = PCURVE('',#165,#2828);
#2828 = DEFINITIONAL_REPRESENTATION('',(#2829),#2833);
#2829 = LINE('',#2830,#2831);
#2830 = CARTESIAN_POINT('',(-20.89840393597,-34.482097529));
#2831 = VECTOR('',#2832,1.);
#2832 = DIRECTION('',(0.740951126143,-0.671558953977));
#2833 = ( GEOMETRIC_REPRESENTATION_CONTEXT(2) 
PARAMETRIC_REPRESENTATION_CONTEXT() REPRESENTATION_CONTEXT('2D SPACE',''
  ) );
#2834 = PCURVE('',#2835,#2840);
#2835 = PLANE('',#2836);
#2836 = AXIS2_PLACEMENT_3D('',#2837,#2838,#2839);
#2837 = CARTESIAN_POINT('',(34.482097529,-20.207106781,-150.));
#2838 = DIRECTION('',(-0.740951126143,0.671558953977,0.));
#2839 = DIRECTION('',(0.671558953977,0.740951126143,0.));
#2840 = DEFINITIONAL_REPRESENTATION('',(#2841),#2845);
#2841 = LINE('',#2842,#2843);
#2842 = CARTESIAN_POINT('',(0.,0.));
#2843 = VECTOR('',#2844,1.);
#2844 = DIRECTION('',(1.,0.));
#2845 = ( GEOMETRIC_REPRESENTATION_CONTEXT(2) 
PARAMETRIC_REPRESENTATION_CONTEXT() REPRESENTATION_CONTEXT('2D SPACE',''
  ) );
#2846 = ORIENTED_EDGE('',*,*,#2847,.F.);
#2847 = EDGE_CURVE('',#2848,#2820,#2850,.T.);
#2848 = VERTEX_POINT('',#2849);
#2849 = CARTESIAN_POINT('',(34.409384032,-20.273010453,-150.));
#2850 = SURFACE_CURVE('',#2851,(#2855,#2862),.PCURVE_S1.);
#2851 = LINE('',#2852,#2853);
#2852 = CARTESIAN_POINT('',(34.409384032,-20.273010453,-150.));
#2853 = VECTOR('',#2854,1.);
#2854 = DIRECTION('',(0.740951126143,0.671558953977,0.));
#2855 = PCURVE('',#165,#2856);
#2856 = DEFINITIONAL_REPRESENTATION('',(#2857),#2861);
#2857 = LINE('',#2858,#2859);
#2858 = CARTESIAN_POINT('',(-20.96430760797,-34.409384032));
#2859 = VECTOR('',#2860,1.);
#2860 = DIRECTION('',(0.671558953977,-0.740951126143));
#2861 = ( GEOMETRIC_REPRESENTATION_CONTEXT(2) 
PARAMETRIC_REPRESENTATION_CONTEXT() REPRESENTATION_CONTEXT('2D SPACE',''
  ) );
#2862 = PCURVE('',#2863,#2868);
#2863 = PLANE('',#2864);
#2864 = AXIS2_PLACEMENT_3D('',#2865,#2866,#2867);
#2865 = CARTESIAN_POINT('',(34.409384032,-20.273010453,-150.));
#2866 = DIRECTION('',(-0.671558953977,0.740951126143,0.));
#2867 = DIRECTION('',(0.740951126143,0.671558953977,0.));
#2868 = DEFINITIONAL_REPRESENTATION('',(#2869),#2873);
#2869 = LINE('',#2870,#2871);
#2870 = CARTESIAN_POINT('',(0.,0.));
#2871 = VECTOR('',#2872,1.);
#2872 = DIRECTION('',(1.,0.));
#2873 = ( GEOMETRIC_REPRESENTATION_CONTEXT(2) 
PARAMETRIC_REPRESENTATION_CONTEXT() REPRESENTATION_CONTEXT('2D SPACE',''
  ) );
#2874 = ORIENTED_EDGE('',*,*,#2875,.F.);
#2875 = EDGE_CURVE('',#2876,#2848,#2878,.T.);
#2876 = VERTEX_POINT('',#2877);
#2877 = CARTESIAN_POINT('',(34.330560981,-20.331469612,-150.));
#2878 = SURFACE_CURVE('',#2879,(#2883,#2890),.PCURVE_S1.);
#2879 = LINE('',#2880,#2881);
#2880 = CARTESIAN_POINT('',(34.330560981,-20.331469612,-150.));
#2881 = VECTOR('',#2882,1.);
#2882 = DIRECTION('',(0.803207530666,0.59569930559,0.));
#2883 = PCURVE('',#165,#2884);
#2884 = DEFINITIONAL_REPRESENTATION('',(#2885),#2889);
#2885 = LINE('',#2886,#2887);
#2886 = CARTESIAN_POINT('',(-21.02276676697,-34.330560981));
#2887 = VECTOR('',#2888,1.);
#2888 = DIRECTION('',(0.59569930559,-0.803207530666));
#2889 = ( GEOMETRIC_REPRESENTATION_CONTEXT(2) 
PARAMETRIC_REPRESENTATION_CONTEXT() REPRESENTATION_CONTEXT('2D SPACE',''
  ) );
#2890 = PCURVE('',#2891,#2896);
#2891 = PLANE('',#2892);
#2892 = AXIS2_PLACEMENT_3D('',#2893,#2894,#2895);
#2893 = CARTESIAN_POINT('',(34.330560981,-20.331469612,-150.));
#2894 = DIRECTION('',(-0.59569930559,0.803207530666,0.));
#2895 = DIRECTION('',(0.803207530666,0.59569930559,0.));
#2896 = DEFINITIONAL_REPRESENTATION('',(#2897),#2901);
#2897 = LINE('',#2898,#2899);
#2898 = CARTESIAN_POINT('',(0.,0.));
#2899 = VECTOR('',#2900,1.);
#2900 = DIRECTION('',(1.,0.));
#2901 = ( GEOMETRIC_REPRESENTATION_CONTEXT(2) 
PARAMETRIC_REPRESENTATION_CONTEXT() REPRESENTATION_CONTEXT('2D SPACE',''
  ) );
#2902 = ORIENTED_EDGE('',*,*,#2903,.F.);
#2903 = EDGE_CURVE('',#2904,#2876,#2906,.T.);
#2904 = VERTEX_POINT('',#2905);
#2905 = CARTESIAN_POINT('',(34.246387484,-20.381921264,-150.));
#2906 = SURFACE_CURVE('',#2907,(#2911,#2918),.PCURVE_S1.);
#2907 = LINE('',#2908,#2909);
#2908 = CARTESIAN_POINT('',(34.246387484,-20.381921264,-150.));
#2909 = VECTOR('',#2910,1.);
#2910 = DIRECTION('',(0.857728612378,0.514102740226,0.));
#2911 = PCURVE('',#165,#2912);
#2912 = DEFINITIONAL_REPRESENTATION('',(#2913),#2917);
#2913 = LINE('',#2914,#2915);
#2914 = CARTESIAN_POINT('',(-21.07321841897,-34.246387484));
#2915 = VECTOR('',#2916,1.);
#2916 = DIRECTION('',(0.514102740226,-0.857728612378));
#2917 = ( GEOMETRIC_REPRESENTATION_CONTEXT(2) 
PARAMETRIC_REPRESENTATION_CONTEXT() REPRESENTATION_CONTEXT('2D SPACE',''
  ) );
#2918 = PCURVE('',#2919,#2924);
#2919 = PLANE('',#2920);
#2920 = AXIS2_PLACEMENT_3D('',#2921,#2922,#2923);
#2921 = CARTESIAN_POINT('',(34.246387484,-20.381921264,-150.));
#2922 = DIRECTION('',(-0.514102740226,0.857728612378,0.));
#2923 = DIRECTION('',(0.857728612378,0.514102740226,0.));
#2924 = DEFINITIONAL_REPRESENTATION('',(#2925),#2929);
#2925 = LINE('',#2926,#2927);
#2926 = CARTESIAN_POINT('',(0.,0.));
#2927 = VECTOR('',#2928,1.);
#2928 = DIRECTION('',(1.,0.));
#2929 = ( GEOMETRIC_REPRESENTATION_CONTEXT(2) 
PARAMETRIC_REPRESENTATION_CONTEXT() REPRESENTATION_CONTEXT('2D SPACE',''
  ) );
#2930 = ORIENTED_EDGE('',*,*,#2931,.F.);
#2931 = EDGE_CURVE('',#2932,#2904,#2934,.T.);
#2932 = VERTEX_POINT('',#2933);
#2933 = CARTESIAN_POINT('',(0.471396737,-39.881921264,-150.));
#2934 = SURFACE_CURVE('',#2935,(#2939,#2946),.PCURVE_S1.);
#2935 = LINE('',#2936,#2937);
#2936 = CARTESIAN_POINT('',(0.471396737,-39.881921264,-150.));
#2937 = VECTOR('',#2938,1.);
#2938 = DIRECTION('',(0.866025403781,0.500000000007,0.));
#2939 = PCURVE('',#165,#2940);
#2940 = DEFINITIONAL_REPRESENTATION('',(#2941),#2945);
#2941 = LINE('',#2942,#2943);
#2942 = CARTESIAN_POINT('',(-40.57321841897,-0.471396737));
#2943 = VECTOR('',#2944,1.);
#2944 = DIRECTION('',(0.500000000007,-0.866025403781));
#2945 = ( GEOMETRIC_REPRESENTATION_CONTEXT(2) 
PARAMETRIC_REPRESENTATION_CONTEXT() REPRESENTATION_CONTEXT('2D SPACE',''
  ) );
#2946 = PCURVE('',#2947,#2952);
#2947 = PLANE('',#2948);
#2948 = AXIS2_PLACEMENT_3D('',#2949,#2950,#2951);
#2949 = CARTESIAN_POINT('',(0.471396737,-39.881921264,-150.));
#2950 = DIRECTION('',(-0.500000000007,0.866025403781,0.));
#2951 = DIRECTION('',(0.866025403781,0.500000000007,0.));
#2952 = DEFINITIONAL_REPRESENTATION('',(#2953),#2957);
#2953 = LINE('',#2954,#2955);
#2954 = CARTESIAN_POINT('',(0.,0.));
#2955 = VECTOR('',#2956,1.);
#2956 = DIRECTION('',(1.,0.));
#2957 = ( GEOMETRIC_REPRESENTATION_CONTEXT(2) 
PARAMETRIC_REPRESENTATION_CONTEXT() REPRESENTATION_CONTEXT('2D SPACE',''
  ) );
#2958 = ORIENTED_EDGE('',*,*,#2959,.F.);
#2959 = EDGE_CURVE('',#2960,#2932,#2962,.T.);
#2960 = VERTEX_POINT('',#2961);
#2961 = CARTESIAN_POINT('',(0.382683432,-39.923879533,-150.));
#2962 = SURFACE_CURVE('',#2963,(#2967,#2974),.PCURVE_S1.);
#2963 = LINE('',#2964,#2965);
#2964 = CARTESIAN_POINT('',(0.382683432,-39.923879533,-150.));
#2965 = VECTOR('',#2966,1.);
#2966 = DIRECTION('',(0.903989290831,0.427555098278,0.));
#2967 = PCURVE('',#165,#2968);
#2968 = DEFINITIONAL_REPRESENTATION('',(#2969),#2973);
#2969 = LINE('',#2970,#2971);
#2970 = CARTESIAN_POINT('',(-40.61517668797,-0.382683432));
#2971 = VECTOR('',#2972,1.);
#2972 = DIRECTION('',(0.427555098278,-0.903989290831));
#2973 = ( GEOMETRIC_REPRESENTATION_CONTEXT(2) 
PARAMETRIC_REPRESENTATION_CONTEXT() REPRESENTATION_CONTEXT('2D SPACE',''
  ) );
#2974 = PCURVE('',#2975,#2980);
#2975 = PLANE('',#2976);
#2976 = AXIS2_PLACEMENT_3D('',#2977,#2978,#2979);
#2977 = CARTESIAN_POINT('',(0.382683432,-39.923879533,-150.));
#2978 = DIRECTION('',(-0.427555098278,0.903989290831,0.));
#2979 = DIRECTION('',(0.903989290831,0.427555098278,0.));
#2980 = DEFINITIONAL_REPRESENTATION('',(#2981),#2985);
#2981 = LINE('',#2982,#2983);
#2982 = CARTESIAN_POINT('',(0.,0.));
#2983 = VECTOR('',#2984,1.);
#2984 = DIRECTION('',(1.,0.));
#2985 = ( GEOMETRIC_REPRESENTATION_CONTEXT(2) 
PARAMETRIC_REPRESENTATION_CONTEXT() REPRESENTATION_CONTEXT('2D SPACE',''
  ) );
#2986 = ORIENTED_EDGE('',*,*,#2987,.F.);
#2987 = EDGE_CURVE('',#2988,#2960,#2990,.T.);
#2988 = VERTEX_POINT('',#2989);
#2989 = CARTESIAN_POINT('',(0.290284677,-39.956940336,-150.));
#2990 = SURFACE_CURVE('',#2991,(#2995,#3002),.PCURVE_S1.);
#2991 = LINE('',#2992,#2993);
#2992 = CARTESIAN_POINT('',(0.290284677,-39.956940336,-150.));
#2993 = VECTOR('',#2994,1.);
#2994 = DIRECTION('',(0.941544065769,0.336889851754,0.));
#2995 = PCURVE('',#165,#2996);
#2996 = DEFINITIONAL_REPRESENTATION('',(#2997),#3001);
#2997 = LINE('',#2998,#2999);
#2998 = CARTESIAN_POINT('',(-40.64823749097,-0.290284677));
#2999 = VECTOR('',#3000,1.);
#3000 = DIRECTION('',(0.336889851754,-0.941544065769));
#3001 = ( GEOMETRIC_REPRESENTATION_CONTEXT(2) 
PARAMETRIC_REPRESENTATION_CONTEXT() REPRESENTATION_CONTEXT('2D SPACE',''
  ) );
#3002 = PCURVE('',#3003,#3008);
#3003 = PLANE('',#3004);
#3004 = AXIS2_PLACEMENT_3D('',#3005,#3006,#3007);
#3005 = CARTESIAN_POINT('',(0.290284677,-39.956940336,-150.));
#3006 = DIRECTION('',(-0.336889851754,0.941544065769,0.));
#3007 = DIRECTION('',(0.941544065769,0.336889851754,0.));
#3008 = DEFINITIONAL_REPRESENTATION('',(#3009),#3013);
#3009 = LINE('',#3010,#3011);
#3010 = CARTESIAN_POINT('',(0.,0.));
#3011 = VECTOR('',#3012,1.);
#3012 = DIRECTION('',(1.,0.));
#3013 = ( GEOMETRIC_REPRESENTATION_CONTEXT(2) 
PARAMETRIC_REPRESENTATION_CONTEXT() REPRESENTATION_CONTEXT('2D SPACE',''
  ) );
#3014 = ORIENTED_EDGE('',*,*,#3015,.F.);
#3015 = EDGE_CURVE('',#3016,#2988,#3018,.T.);
#3016 = VERTEX_POINT('',#3017);
#3017 = CARTESIAN_POINT('',(0.195090322,-39.98078528,-150.));
#3018 = SURFACE_CURVE('',#3019,(#3023,#3030),.PCURVE_S1.);
#3019 = LINE('',#3020,#3021);
#3020 = CARTESIAN_POINT('',(0.195090322,-39.98078528,-150.));
#3021 = VECTOR('',#3022,1.);
#3022 = DIRECTION('',(0.970031254663,0.242980174042,0.));
#3023 = PCURVE('',#165,#3024);
#3024 = DEFINITIONAL_REPRESENTATION('',(#3025),#3029);
#3025 = LINE('',#3026,#3027);
#3026 = CARTESIAN_POINT('',(-40.67208243497,-0.195090322));
#3027 = VECTOR('',#3028,1.);
#3028 = DIRECTION('',(0.242980174042,-0.970031254663));
#3029 = ( GEOMETRIC_REPRESENTATION_CONTEXT(2) 
PARAMETRIC_REPRESENTATION_CONTEXT() REPRESENTATION_CONTEXT('2D SPACE',''
  ) );
#3030 = PCURVE('',#3031,#3036);
#3031 = PLANE('',#3032);
#3032 = AXIS2_PLACEMENT_3D('',#3033,#3034,#3035);
#3033 = CARTESIAN_POINT('',(0.195090322,-39.98078528,-150.));
#3034 = DIRECTION('',(-0.242980174042,0.970031254663,0.));
#3035 = DIRECTION('',(0.970031254663,0.242980174042,0.));
#3036 = DEFINITIONAL_REPRESENTATION('',(#3037),#3041);
#3037 = LINE('',#3038,#3039);
#3038 = CARTESIAN_POINT('',(0.,0.));
#3039 = VECTOR('',#3040,1.);
#3040 = DIRECTION('',(1.,0.));
#3041 = ( GEOMETRIC_REPRESENTATION_CONTEXT(2) 
PARAMETRIC_REPRESENTATION_CONTEXT() REPRESENTATION_CONTEXT('2D SPACE',''
  ) );
#3042 = ORIENTED_EDGE('',*,*,#3043,.F.);
#3043 = EDGE_CURVE('',#3044,#3016,#3046,.T.);
#3044 = VERTEX_POINT('',#3045);
#3045 = CARTESIAN_POINT('',(9.801714E-02,-39.995184727,-150.));
#3046 = SURFACE_CURVE('',#3047,(#3051,#3058),.PCURVE_S1.);
#3047 = LINE('',#3048,#3049);
#3048 = CARTESIAN_POINT('',(9.801714E-02,-39.995184727,-150.));
#3049 = VECTOR('',#3050,1.);
#3050 = DIRECTION('',(0.989176508952,0.146730481281,0.));
#3051 = PCURVE('',#165,#3052);
#3052 = DEFINITIONAL_REPRESENTATION('',(#3053),#3057);
#3053 = LINE('',#3054,#3055);
#3054 = CARTESIAN_POINT('',(-40.68648188197,-9.801714E-02));
#3055 = VECTOR('',#3056,1.);
#3056 = DIRECTION('',(0.146730481281,-0.989176508952));
#3057 = ( GEOMETRIC_REPRESENTATION_CONTEXT(2) 
PARAMETRIC_REPRESENTATION_CONTEXT() REPRESENTATION_CONTEXT('2D SPACE',''
  ) );
#3058 = PCURVE('',#3059,#3064);
#3059 = PLANE('',#3060);
#3060 = AXIS2_PLACEMENT_3D('',#3061,#3062,#3063);
#3061 = CARTESIAN_POINT('',(9.801714E-02,-39.995184727,-150.));
#3062 = DIRECTION('',(-0.146730481281,0.989176508952,0.));
#3063 = DIRECTION('',(0.989176508952,0.146730481281,0.));
#3064 = DEFINITIONAL_REPRESENTATION('',(#3065),#3069);
#3065 = LINE('',#3066,#3067);
#3066 = CARTESIAN_POINT('',(0.,0.));
#3067 = VECTOR('',#3068,1.);
#3068 = DIRECTION('',(1.,0.));
#3069 = ( GEOMETRIC_REPRESENTATION_CONTEXT(2) 
PARAMETRIC_REPRESENTATION_CONTEXT() REPRESENTATION_CONTEXT('2D SPACE',''
  ) );
#3070 = ORIENTED_EDGE('',*,*,#3071,.F.);
#3071 = EDGE_CURVE('',#3072,#3044,#3074,.T.);
#3072 = VERTEX_POINT('',#3073);
#3073 = CARTESIAN_POINT('',(-0.,-40.,-150.));
#3074 = SURFACE_CURVE('',#3075,(#3079,#3086),.PCURVE_S1.);
#3075 = LINE('',#3076,#3077);
#3076 = CARTESIAN_POINT('',(-0.,-40.,-150.));
#3077 = VECTOR('',#3078,1.);
#3078 = DIRECTION('',(0.998795456361,4.906767115971E-02,0.));
#3079 = PCURVE('',#165,#3080);
#3080 = DEFINITIONAL_REPRESENTATION('',(#3081),#3085);
#3081 = LINE('',#3082,#3083);
#3082 = CARTESIAN_POINT('',(-40.69129715497,9.343651929881E-16));
#3083 = VECTOR('',#3084,1.);
#3084 = DIRECTION('',(4.906767115971E-02,-0.998795456361));
#3085 = ( GEOMETRIC_REPRESENTATION_CONTEXT(2) 
PARAMETRIC_REPRESENTATION_CONTEXT() REPRESENTATION_CONTEXT('2D SPACE',''
  ) );
#3086 = PCURVE('',#3087,#3092);
#3087 = PLANE('',#3088);
#3088 = AXIS2_PLACEMENT_3D('',#3089,#3090,#3091);
#3089 = CARTESIAN_POINT('',(0.,-40.,-150.));
#3090 = DIRECTION('',(-4.906767115971E-02,0.998795456361,0.));
#3091 = DIRECTION('',(0.998795456361,4.906767115971E-02,0.));
#3092 = DEFINITIONAL_REPRESENTATION('',(#3093),#3097);
#3093 = LINE('',#3094,#3095);
#3094 = CARTESIAN_POINT('',(0.,0.));
#3095 = VECTOR('',#3096,1.);
#3096 = DIRECTION('',(1.,0.));
#3097 = ( GEOMETRIC_REPRESENTATION_CONTEXT(2) 
PARAMETRIC_REPRESENTATION_CONTEXT() REPRESENTATION_CONTEXT('2D SPACE',''
  ) );
#3098 = ORIENTED_EDGE('',*,*,#3099,.F.);
#3099 = EDGE_CURVE('',#3100,#3072,#3102,.T.);
#3100 = VERTEX_POINT('',#3101);
#3101 = CARTESIAN_POINT('',(-9.801714E-02,-39.995184727,-150.));
#3102 = SURFACE_CURVE('',#3103,(#3107,#3114),.PCURVE_S1.);
#3103 = LINE('',#3104,#3105);
#3104 = CARTESIAN_POINT('',(-9.801714E-02,-39.995184727,-150.));
#3105 = VECTOR('',#3106,1.);
#3106 = DIRECTION('',(0.998795456361,-4.906767115971E-02,0.));
#3107 = PCURVE('',#165,#3108);
#3108 = DEFINITIONAL_REPRESENTATION('',(#3109),#3113);
#3109 = LINE('',#3110,#3111);
#3110 = CARTESIAN_POINT('',(-40.68648188197,9.801714E-02));
#3111 = VECTOR('',#3112,1.);
#3112 = DIRECTION('',(-4.906767115971E-02,-0.998795456361));
#3113 = ( GEOMETRIC_REPRESENTATION_CONTEXT(2) 
PARAMETRIC_REPRESENTATION_CONTEXT() REPRESENTATION_CONTEXT('2D SPACE',''
  ) );
#3114 = PCURVE('',#3115,#3120);
#3115 = PLANE('',#3116);
#3116 = AXIS2_PLACEMENT_3D('',#3117,#3118,#3119);
#3117 = CARTESIAN_POINT('',(-9.801714E-02,-39.995184727,-150.));
#3118 = DIRECTION('',(4.906767115971E-02,0.998795456361,-0.));
#3119 = DIRECTION('',(0.998795456361,-4.906767115971E-02,0.));
#3120 = DEFINITIONAL_REPRESENTATION('',(#3121),#3125);
#3121 = LINE('',#3122,#3123);
#3122 = CARTESIAN_POINT('',(0.,0.));
#3123 = VECTOR('',#3124,1.);
#3124 = DIRECTION('',(1.,0.));
#3125 = ( GEOMETRIC_REPRESENTATION_CONTEXT(2) 
PARAMETRIC_REPRESENTATION_CONTEXT() REPRESENTATION_CONTEXT('2D SPACE',''
  ) );
#3126 = ORIENTED_EDGE('',*,*,#3127,.F.);
#3127 = EDGE_CURVE('',#3128,#3100,#3130,.T.);
#3128 = VERTEX_POINT('',#3129);
#3129 = CARTESIAN_POINT('',(-0.195090322,-39.98078528,-150.));
#3130 = SURFACE_CURVE('',#3131,(#3135,#3142),.PCURVE_S1.);
#3131 = LINE('',#3132,#3133);
#3132 = CARTESIAN_POINT('',(-0.195090322,-39.98078528,-150.));
#3133 = VECTOR('',#3134,1.);
#3134 = DIRECTION('',(0.989176508952,-0.146730481281,0.));
#3135 = PCURVE('',#165,#3136);
#3136 = DEFINITIONAL_REPRESENTATION('',(#3137),#3141);
#3137 = LINE('',#3138,#3139);
#3138 = CARTESIAN_POINT('',(-40.67208243497,0.195090322));
#3139 = VECTOR('',#3140,1.);
#3140 = DIRECTION('',(-0.146730481281,-0.989176508952));
#3141 = ( GEOMETRIC_REPRESENTATION_CONTEXT(2) 
PARAMETRIC_REPRESENTATION_CONTEXT() REPRESENTATION_CONTEXT('2D SPACE',''
  ) );
#3142 = PCURVE('',#3143,#3148);
#3143 = PLANE('',#3144);
#3144 = AXIS2_PLACEMENT_3D('',#3145,#3146,#3147);
#3145 = CARTESIAN_POINT('',(-0.195090322,-39.98078528,-150.));
#3146 = DIRECTION('',(0.146730481281,0.989176508952,-0.));
#3147 = DIRECTION('',(0.989176508952,-0.146730481281,0.));
#3148 = DEFINITIONAL_REPRESENTATION('',(#3149),#3153);
#3149 = LINE('',#3150,#3151);
#3150 = CARTESIAN_POINT('',(0.,0.));
#3151 = VECTOR('',#3152,1.);
#3152 = DIRECTION('',(1.,0.));
#3153 = ( GEOMETRIC_REPRESENTATION_CONTEXT(2) 
PARAMETRIC_REPRESENTATION_CONTEXT() REPRESENTATION_CONTEXT('2D SPACE',''
  ) );
#3154 = ORIENTED_EDGE('',*,*,#3155,.F.);
#3155 = EDGE_CURVE('',#3156,#3128,#3158,.T.);
#3156 = VERTEX_POINT('',#3157);
#3157 = CARTESIAN_POINT('',(-0.290284677,-39.956940336,-150.));
#3158 = SURFACE_CURVE('',#3159,(#3163,#3170),.PCURVE_S1.);
#3159 = LINE('',#3160,#3161);
#3160 = CARTESIAN_POINT('',(-0.290284677,-39.956940336,-150.));
#3161 = VECTOR('',#3162,1.);
#3162 = DIRECTION('',(0.970031254663,-0.242980174042,0.));
#3163 = PCURVE('',#165,#3164);
#3164 = DEFINITIONAL_REPRESENTATION('',(#3165),#3169);
#3165 = LINE('',#3166,#3167);
#3166 = CARTESIAN_POINT('',(-40.64823749097,0.290284677));
#3167 = VECTOR('',#3168,1.);
#3168 = DIRECTION('',(-0.242980174042,-0.970031254663));
#3169 = ( GEOMETRIC_REPRESENTATION_CONTEXT(2) 
PARAMETRIC_REPRESENTATION_CONTEXT() REPRESENTATION_CONTEXT('2D SPACE',''
  ) );
#3170 = PCURVE('',#3171,#3176);
#3171 = PLANE('',#3172);
#3172 = AXIS2_PLACEMENT_3D('',#3173,#3174,#3175);
#3173 = CARTESIAN_POINT('',(-0.290284677,-39.956940336,-150.));
#3174 = DIRECTION('',(0.242980174042,0.970031254663,-0.));
#3175 = DIRECTION('',(0.970031254663,-0.242980174042,0.));
#3176 = DEFINITIONAL_REPRESENTATION('',(#3177),#3181);
#3177 = LINE('',#3178,#3179);
#3178 = CARTESIAN_POINT('',(0.,0.));
#3179 = VECTOR('',#3180,1.);
#3180 = DIRECTION('',(1.,0.));
#3181 = ( GEOMETRIC_REPRESENTATION_CONTEXT(2) 
PARAMETRIC_REPRESENTATION_CONTEXT() REPRESENTATION_CONTEXT('2D SPACE',''
  ) );
#3182 = ORIENTED_EDGE('',*,*,#3183,.F.);
#3183 = EDGE_CURVE('',#3184,#3156,#3186,.T.);
#3184 = VERTEX_POINT('',#3185);
#3185 = CARTESIAN_POINT('',(-0.382683432,-39.923879533,-150.));
#3186 = SURFACE_CURVE('',#3187,(#3191,#3198),.PCURVE_S1.);
#3187 = LINE('',#3188,#3189);
#3188 = CARTESIAN_POINT('',(-0.382683432,-39.923879533,-150.));
#3189 = VECTOR('',#3190,1.);
#3190 = DIRECTION('',(0.941544065769,-0.336889851754,0.));
#3191 = PCURVE('',#165,#3192);
#3192 = DEFINITIONAL_REPRESENTATION('',(#3193),#3197);
#3193 = LINE('',#3194,#3195);
#3194 = CARTESIAN_POINT('',(-40.61517668797,0.382683432));
#3195 = VECTOR('',#3196,1.);
#3196 = DIRECTION('',(-0.336889851754,-0.941544065769));
#3197 = ( GEOMETRIC_REPRESENTATION_CONTEXT(2) 
PARAMETRIC_REPRESENTATION_CONTEXT() REPRESENTATION_CONTEXT('2D SPACE',''
  ) );
#3198 = PCURVE('',#3199,#3204);
#3199 = PLANE('',#3200);
#3200 = AXIS2_PLACEMENT_3D('',#3201,#3202,#3203);
#3201 = CARTESIAN_POINT('',(-0.382683432,-39.923879533,-150.));
#3202 = DIRECTION('',(0.336889851754,0.941544065769,-0.));
#3203 = DIRECTION('',(0.941544065769,-0.336889851754,0.));
#3204 = DEFINITIONAL_REPRESENTATION('',(#3205),#3209);
#3205 = LINE('',#3206,#3207);
#3206 = CARTESIAN_POINT('',(0.,0.));
#3207 = VECTOR('',#3208,1.);
#3208 = DIRECTION('',(1.,0.));
#3209 = ( GEOMETRIC_REPRESENTATION_CONTEXT(2) 
PARAMETRIC_REPRESENTATION_CONTEXT() REPRESENTATION_CONTEXT('2D SPACE',''
  ) );
#3210 = ORIENTED_EDGE('',*,*,#3211,.F.);
#3211 = EDGE_CURVE('',#3212,#3184,#3214,.T.);
#3212 = VERTEX_POINT('',#3213);
#3213 = CARTESIAN_POINT('',(-0.471396737,-39.881921264,-150.));
#3214 = SURFACE_CURVE('',#3215,(#3219,#3226),.PCURVE_S1.);
#3215 = LINE('',#3216,#3217);
#3216 = CARTESIAN_POINT('',(-0.471396737,-39.881921264,-150.));
#3217 = VECTOR('',#3218,1.);
#3218 = DIRECTION('',(0.903989290831,-0.427555098278,0.));
#3219 = PCURVE('',#165,#3220);
#3220 = DEFINITIONAL_REPRESENTATION('',(#3221),#3225);
#3221 = LINE('',#3222,#3223);
#3222 = CARTESIAN_POINT('',(-40.57321841897,0.471396737));
#3223 = VECTOR('',#3224,1.);
#3224 = DIRECTION('',(-0.427555098278,-0.903989290831));
#3225 = ( GEOMETRIC_REPRESENTATION_CONTEXT(2) 
PARAMETRIC_REPRESENTATION_CONTEXT() REPRESENTATION_CONTEXT('2D SPACE',''
  ) );
#3226 = PCURVE('',#3227,#3232);
#3227 = PLANE('',#3228);
#3228 = AXIS2_PLACEMENT_3D('',#3229,#3230,#3231);
#3229 = CARTESIAN_POINT('',(-0.471396737,-39.881921264,-150.));
#3230 = DIRECTION('',(0.427555098278,0.903989290831,-0.));
#3231 = DIRECTION('',(0.903989290831,-0.427555098278,0.));
#3232 = DEFINITIONAL_REPRESENTATION('',(#3233),#3237);
#3233 = LINE('',#3234,#3235);
#3234 = CARTESIAN_POINT('',(0.,0.));
#3235 = VECTOR('',#3236,1.);
#3236 = DIRECTION('',(1.,0.));
#3237 = ( GEOMETRIC_REPRESENTATION_CONTEXT(2) 
PARAMETRIC_REPRESENTATION_CONTEXT() REPRESENTATION_CONTEXT('2D SPACE',''
  ) );
#3238 = ORIENTED_EDGE('',*,*,#3239,.F.);
#3239 = EDGE_CURVE('',#3240,#3212,#3242,.T.);
#3240 = VERTEX_POINT('',#3241);
#3241 = CARTESIAN_POINT('',(-34.246387484,-20.381921264,-150.));
#3242 = SURFACE_CURVE('',#3243,(#3247,#3254),.PCURVE_S1.);
#3243 = LINE('',#3244,#3245);
#3244 = CARTESIAN_POINT('',(-34.246387484,-20.381921264,-150.));
#3245 = VECTOR('',#3246,1.);
#3246 = DIRECTION('',(0.866025403781,-0.500000000007,0.));
#3247 = PCURVE('',#165,#3248);
#3248 = DEFINITIONAL_REPRESENTATION('',(#3249),#3253);
#3249 = LINE('',#3250,#3251);
#3250 = CARTESIAN_POINT('',(-21.07321841897,34.246387484));
#3251 = VECTOR('',#3252,1.);
#3252 = DIRECTION('',(-0.500000000007,-0.866025403781));
#3253 = ( GEOMETRIC_REPRESENTATION_CONTEXT(2) 
PARAMETRIC_REPRESENTATION_CONTEXT() REPRESENTATION_CONTEXT('2D SPACE',''
  ) );
#3254 = PCURVE('',#3255,#3260);
#3255 = PLANE('',#3256);
#3256 = AXIS2_PLACEMENT_3D('',#3257,#3258,#3259);
#3257 = CARTESIAN_POINT('',(-34.246387484,-20.381921264,-150.));
#3258 = DIRECTION('',(0.500000000007,0.866025403781,-0.));
#3259 = DIRECTION('',(0.866025403781,-0.500000000007,0.));
#3260 = DEFINITIONAL_REPRESENTATION('',(#3261),#3265);
#3261 = LINE('',#3262,#3263);
#3262 = CARTESIAN_POINT('',(0.,0.));
#3263 = VECTOR('',#3264,1.);
#3264 = DIRECTION('',(1.,0.));
#3265 = ( GEOMETRIC_REPRESENTATION_CONTEXT(2) 
PARAMETRIC_REPRESENTATION_CONTEXT() REPRESENTATION_CONTEXT('2D SPACE',''
  ) );
#3266 = ORIENTED_EDGE('',*,*,#3267,.F.);
#3267 = EDGE_CURVE('',#3268,#3240,#3270,.T.);
#3268 = VERTEX_POINT('',#3269);
#3269 = CARTESIAN_POINT('',(-34.330560981,-20.331469612,-150.));
#3270 = SURFACE_CURVE('',#3271,(#3275,#3282),.PCURVE_S1.);
#3271 = LINE('',#3272,#3273);
#3272 = CARTESIAN_POINT('',(-34.330560981,-20.331469612,-150.));
#3273 = VECTOR('',#3274,1.);
#3274 = DIRECTION('',(0.857728612378,-0.514102740226,0.));
#3275 = PCURVE('',#165,#3276);
#3276 = DEFINITIONAL_REPRESENTATION('',(#3277),#3281);
#3277 = LINE('',#3278,#3279);
#3278 = CARTESIAN_POINT('',(-21.02276676697,34.330560981));
#3279 = VECTOR('',#3280,1.);
#3280 = DIRECTION('',(-0.514102740226,-0.857728612378));
#3281 = ( GEOMETRIC_REPRESENTATION_CONTEXT(2) 
PARAMETRIC_REPRESENTATION_CONTEXT() REPRESENTATION_CONTEXT('2D SPACE',''
  ) );
#3282 = PCURVE('',#3283,#3288);
#3283 = PLANE('',#3284);
#3284 = AXIS2_PLACEMENT_3D('',#3285,#3286,#3287);
#3285 = CARTESIAN_POINT('',(-34.330560981,-20.331469612,-150.));
#3286 = DIRECTION('',(0.514102740226,0.857728612378,-0.));
#3287 = DIRECTION('',(0.857728612378,-0.514102740226,0.));
#3288 = DEFINITIONAL_REPRESENTATION('',(#3289),#3293);
#3289 = LINE('',#3290,#3291);
#3290 = CARTESIAN_POINT('',(0.,0.));
#3291 = VECTOR('',#3292,1.);
#3292 = DIRECTION('',(1.,0.));
#3293 = ( GEOMETRIC_REPRESENTATION_CONTEXT(2) 
PARAMETRIC_REPRESENTATION_CONTEXT() REPRESENTATION_CONTEXT('2D SPACE',''
  ) );
#3294 = ORIENTED_EDGE('',*,*,#3295,.F.);
#3295 = EDGE_CURVE('',#3296,#3268,#3298,.T.);
#3296 = VERTEX_POINT('',#3297);
#3297 = CARTESIAN_POINT('',(-34.409384032,-20.273010453,-150.));
#3298 = SURFACE_CURVE('',#3299,(#3303,#3310),.PCURVE_S1.);
#3299 = LINE('',#3300,#3301);
#3300 = CARTESIAN_POINT('',(-34.409384032,-20.273010453,-150.));
#3301 = VECTOR('',#3302,1.);
#3302 = DIRECTION('',(0.803207530666,-0.59569930559,0.));
#3303 = PCURVE('',#165,#3304);
#3304 = DEFINITIONAL_REPRESENTATION('',(#3305),#3309);
#3305 = LINE('',#3306,#3307);
#3306 = CARTESIAN_POINT('',(-20.96430760797,34.409384032));
#3307 = VECTOR('',#3308,1.);
#3308 = DIRECTION('',(-0.59569930559,-0.803207530666));
#3309 = ( GEOMETRIC_REPRESENTATION_CONTEXT(2) 
PARAMETRIC_REPRESENTATION_CONTEXT() REPRESENTATION_CONTEXT('2D SPACE',''
  ) );
#3310 = PCURVE('',#3311,#3316);
#3311 = PLANE('',#3312);
#3312 = AXIS2_PLACEMENT_3D('',#3313,#3314,#3315);
#3313 = CARTESIAN_POINT('',(-34.409384032,-20.273010453,-150.));
#3314 = DIRECTION('',(0.59569930559,0.803207530666,-0.));
#3315 = DIRECTION('',(0.803207530666,-0.59569930559,0.));
#3316 = DEFINITIONAL_REPRESENTATION('',(#3317),#3321);
#3317 = LINE('',#3318,#3319);
#3318 = CARTESIAN_POINT('',(0.,0.));
#3319 = VECTOR('',#3320,1.);
#3320 = DIRECTION('',(1.,0.));
#3321 = ( GEOMETRIC_REPRESENTATION_CONTEXT(2) 
PARAMETRIC_REPRESENTATION_CONTEXT() REPRESENTATION_CONTEXT('2D SPACE',''
  ) );
#3322 = ORIENTED_EDGE('',*,*,#3323,.F.);
#3323 = EDGE_CURVE('',#3324,#3296,#3326,.T.);
#3324 = VERTEX_POINT('',#3325);
#3325 = CARTESIAN_POINT('',(-34.482097529,-20.207106781,-150.));
#3326 = SURFACE_CURVE('',#3327,(#3331,#3338),.PCURVE_S1.);
#3327 = LINE('',#3328,#3329);
#3328 = CARTESIAN_POINT('',(-34.482097529,-20.207106781,-150.));
#3329 = VECTOR('',#3330,1.);
#3330 = DIRECTION('',(0.740951126143,-0.671558953977,0.));
#3331 = PCURVE('',#165,#3332);
#3332 = DEFINITIONAL_REPRESENTATION('',(#3333),#3337);
#3333 = LINE('',#3334,#3335);
#3334 = CARTESIAN_POINT('',(-20.89840393597,34.482097529));
#3335 = VECTOR('',#3336,1.);
#3336 = DIRECTION('',(-0.671558953977,-0.740951126143));
#3337 = ( GEOMETRIC_REPRESENTATION_CONTEXT(2) 
PARAMETRIC_REPRESENTATION_CONTEXT() REPRESENTATION_CONTEXT('2D SPACE',''
  ) );
#3338 = PCURVE('',#3339,#3344);
#3339 = PLANE('',#3340);
#3340 = AXIS2_PLACEMENT_3D('',#3341,#3342,#3343);
#3341 = CARTESIAN_POINT('',(-34.482097529,-20.207106781,-150.));
#3342 = DIRECTION('',(0.671558953977,0.740951126143,-0.));
#3343 = DIRECTION('',(0.740951126143,-0.671558953977,0.));
#3344 = DEFINITIONAL_REPRESENTATION('',(#3345),#3349);
#3345 = LINE('',#3346,#3347);
#3346 = CARTESIAN_POINT('',(0.,0.));
#3347 = VECTOR('',#3348,1.);
#3348 = DIRECTION('',(1.,0.));
#3349 = ( GEOMETRIC_REPRESENTATION_CONTEXT(2) 
PARAMETRIC_REPRESENTATION_CONTEXT() REPRESENTATION_CONTEXT('2D SPACE',''
  ) );
#3350 = ORIENTED_EDGE('',*,*,#3351,.F.);
#3351 = EDGE_CURVE('',#3352,#3324,#3354,.T.);
#3352 = VERTEX_POINT('',#3353);
#3353 = CARTESIAN_POINT('',(-34.548001201,-20.134393284,-150.));
#3354 = SURFACE_CURVE('',#3355,(#3359,#3366),.PCURVE_S1.);
#3355 = LINE('',#3356,#3357);
#3356 = CARTESIAN_POINT('',(-34.548001201,-20.134393284,-150.));
#3357 = VECTOR('',#3358,1.);
#3358 = DIRECTION('',(0.671558953977,-0.740951126143,0.));
#3359 = PCURVE('',#165,#3360);
#3360 = DEFINITIONAL_REPRESENTATION('',(#3361),#3365);
#3361 = LINE('',#3362,#3363);
#3362 = CARTESIAN_POINT('',(-20.82569043897,34.548001201));
#3363 = VECTOR('',#3364,1.);
#3364 = DIRECTION('',(-0.740951126143,-0.671558953977));
#3365 = ( GEOMETRIC_REPRESENTATION_CONTEXT(2) 
PARAMETRIC_REPRESENTATION_CONTEXT() REPRESENTATION_CONTEXT('2D SPACE',''
  ) );
#3366 = PCURVE('',#3367,#3372);
#3367 = PLANE('',#3368);
#3368 = AXIS2_PLACEMENT_3D('',#3369,#3370,#3371);
#3369 = CARTESIAN_POINT('',(-34.548001201,-20.134393284,-150.));
#3370 = DIRECTION('',(0.740951126143,0.671558953977,-0.));
#3371 = DIRECTION('',(0.671558953977,-0.740951126143,0.));
#3372 = DEFINITIONAL_REPRESENTATION('',(#3373),#3377);
#3373 = LINE('',#3374,#3375);
#3374 = CARTESIAN_POINT('',(0.,0.));
#3375 = VECTOR('',#3376,1.);
#3376 = DIRECTION('',(1.,0.));
#3377 = ( GEOMETRIC_REPRESENTATION_CONTEXT(2) 
PARAMETRIC_REPRESENTATION_CONTEXT() REPRESENTATION_CONTEXT('2D SPACE',''
  ) );
#3378 = ORIENTED_EDGE('',*,*,#3379,.F.);
#3379 = EDGE_CURVE('',#3380,#3352,#3382,.T.);
#3380 = VERTEX_POINT('',#3381);
#3381 = CARTESIAN_POINT('',(-34.60646036,-20.055570233,-150.));
#3382 = SURFACE_CURVE('',#3383,(#3387,#3394),.PCURVE_S1.);
#3383 = LINE('',#3384,#3385);
#3384 = CARTESIAN_POINT('',(-34.60646036,-20.055570233,-150.));
#3385 = VECTOR('',#3386,1.);
#3386 = DIRECTION('',(0.59569930559,-0.803207530666,0.));
#3387 = PCURVE('',#165,#3388);
#3388 = DEFINITIONAL_REPRESENTATION('',(#3389),#3393);
#3389 = LINE('',#3390,#3391);
#3390 = CARTESIAN_POINT('',(-20.74686738797,34.60646036));
#3391 = VECTOR('',#3392,1.);
#3392 = DIRECTION('',(-0.803207530666,-0.59569930559));
#3393 = ( GEOMETRIC_REPRESENTATION_CONTEXT(2) 
PARAMETRIC_REPRESENTATION_CONTEXT() REPRESENTATION_CONTEXT('2D SPACE',''
  ) );
#3394 = PCURVE('',#3395,#3400);
#3395 = PLANE('',#3396);
#3396 = AXIS2_PLACEMENT_3D('',#3397,#3398,#3399);
#3397 = CARTESIAN_POINT('',(-34.60646036,-20.055570233,-150.));
#3398 = DIRECTION('',(0.803207530666,0.59569930559,-0.));
#3399 = DIRECTION('',(0.59569930559,-0.803207530666,0.));
#3400 = DEFINITIONAL_REPRESENTATION('',(#3401),#3405);
#3401 = LINE('',#3402,#3403);
#3402 = CARTESIAN_POINT('',(0.,0.));
#3403 = VECTOR('',#3404,1.);
#3404 = DIRECTION('',(1.,0.));
#3405 = ( GEOMETRIC_REPRESENTATION_CONTEXT(2) 
PARAMETRIC_REPRESENTATION_CONTEXT() REPRESENTATION_CONTEXT('2D SPACE',''
  ) );
#3406 = ORIENTED_EDGE('',*,*,#3407,.F.);
#3407 = EDGE_CURVE('',#3408,#3380,#3410,.T.);
#3408 = VERTEX_POINT('',#3409);
#3409 = CARTESIAN_POINT('',(-34.656912012,-19.971396737,-150.));
#3410 = SURFACE_CURVE('',#3411,(#3415,#3422),.PCURVE_S1.);
#3411 = LINE('',#3412,#3413);
#3412 = CARTESIAN_POINT('',(-34.656912012,-19.971396737,-150.));
#3413 = VECTOR('',#3414,1.);
#3414 = DIRECTION('',(0.51410274472,-0.857728609685,0.));
#3415 = PCURVE('',#165,#3416);
#3416 = DEFINITIONAL_REPRESENTATION('',(#3417),#3421);
#3417 = LINE('',#3418,#3419);
#3418 = CARTESIAN_POINT('',(-20.66269389197,34.656912012));
#3419 = VECTOR('',#3420,1.);
#3420 = DIRECTION('',(-0.857728609685,-0.51410274472));
#3421 = ( GEOMETRIC_REPRESENTATION_CONTEXT(2) 
PARAMETRIC_REPRESENTATION_CONTEXT() REPRESENTATION_CONTEXT('2D SPACE',''
  ) );
#3422 = PCURVE('',#3423,#3428);
#3423 = PLANE('',#3424);
#3424 = AXIS2_PLACEMENT_3D('',#3425,#3426,#3427);
#3425 = CARTESIAN_POINT('',(-34.656912012,-19.971396737,-150.));
#3426 = DIRECTION('',(0.857728609685,0.51410274472,-0.));
#3427 = DIRECTION('',(0.51410274472,-0.857728609685,0.));
#3428 = DEFINITIONAL_REPRESENTATION('',(#3429),#3433);
#3429 = LINE('',#3430,#3431);
#3430 = CARTESIAN_POINT('',(0.,0.));
#3431 = VECTOR('',#3432,1.);
#3432 = DIRECTION('',(1.,0.));
#3433 = ( GEOMETRIC_REPRESENTATION_CONTEXT(2) 
PARAMETRIC_REPRESENTATION_CONTEXT() REPRESENTATION_CONTEXT('2D SPACE',''
  ) );
#3434 = ORIENTED_EDGE('',*,*,#3435,.F.);
#3435 = EDGE_CURVE('',#3436,#3408,#3438,.T.);
#3436 = VERTEX_POINT('',#3437);
#3437 = CARTESIAN_POINT('',(-34.69887028,-19.882683432,-150.));
#3438 = SURFACE_CURVE('',#3439,(#3443,#3450),.PCURVE_S1.);
#3439 = LINE('',#3440,#3441);
#3440 = CARTESIAN_POINT('',(-34.69887028,-19.882683432,-150.));
#3441 = VECTOR('',#3442,1.);
#3442 = DIRECTION('',(0.42755508995,-0.903989294769,0.));
#3443 = PCURVE('',#165,#3444);
#3444 = DEFINITIONAL_REPRESENTATION('',(#3445),#3449);
#3445 = LINE('',#3446,#3447);
#3446 = CARTESIAN_POINT('',(-20.57398058697,34.69887028));
#3447 = VECTOR('',#3448,1.);
#3448 = DIRECTION('',(-0.903989294769,-0.42755508995));
#3449 = ( GEOMETRIC_REPRESENTATION_CONTEXT(2) 
PARAMETRIC_REPRESENTATION_CONTEXT() REPRESENTATION_CONTEXT('2D SPACE',''
  ) );
#3450 = PCURVE('',#3451,#3456);
#3451 = PLANE('',#3452);
#3452 = AXIS2_PLACEMENT_3D('',#3453,#3454,#3455);
#3453 = CARTESIAN_POINT('',(-34.69887028,-19.882683432,-150.));
#3454 = DIRECTION('',(0.903989294769,0.42755508995,-0.));
#3455 = DIRECTION('',(0.42755508995,-0.903989294769,0.));
#3456 = DEFINITIONAL_REPRESENTATION('',(#3457),#3461);
#3457 = LINE('',#3458,#3459);
#3458 = CARTESIAN_POINT('',(0.,0.));
#3459 = VECTOR('',#3460,1.);
#3460 = DIRECTION('',(1.,0.));
#3461 = ( GEOMETRIC_REPRESENTATION_CONTEXT(2) 
PARAMETRIC_REPRESENTATION_CONTEXT() REPRESENTATION_CONTEXT('2D SPACE',''
  ) );
#3462 = ORIENTED_EDGE('',*,*,#3463,.F.);
#3463 = EDGE_CURVE('',#3464,#3436,#3466,.T.);
#3464 = VERTEX_POINT('',#3465);
#3465 = CARTESIAN_POINT('',(-34.731931083,-19.790284677,-150.));
#3466 = SURFACE_CURVE('',#3467,(#3471,#3478),.PCURVE_S1.);
#3467 = LINE('',#3468,#3469);
#3468 = CARTESIAN_POINT('',(-34.731931083,-19.790284677,-150.));
#3469 = VECTOR('',#3470,1.);
#3470 = DIRECTION('',(0.336889851754,-0.941544065769,0.));
#3471 = PCURVE('',#165,#3472);
#3472 = DEFINITIONAL_REPRESENTATION('',(#3473),#3477);
#3473 = LINE('',#3474,#3475);
#3474 = CARTESIAN_POINT('',(-20.48158183197,34.731931083));
#3475 = VECTOR('',#3476,1.);
#3476 = DIRECTION('',(-0.941544065769,-0.336889851754));
#3477 = ( GEOMETRIC_REPRESENTATION_CONTEXT(2) 
PARAMETRIC_REPRESENTATION_CONTEXT() REPRESENTATION_CONTEXT('2D SPACE',''
  ) );
#3478 = PCURVE('',#3479,#3484);
#3479 = PLANE('',#3480);
#3480 = AXIS2_PLACEMENT_3D('',#3481,#3482,#3483);
#3481 = CARTESIAN_POINT('',(-34.731931083,-19.790284677,-150.));
#3482 = DIRECTION('',(0.941544065769,0.336889851754,-0.));
#3483 = DIRECTION('',(0.336889851754,-0.941544065769,0.));
#3484 = DEFINITIONAL_REPRESENTATION('',(#3485),#3489);
#3485 = LINE('',#3486,#3487);
#3486 = CARTESIAN_POINT('',(0.,0.));
#3487 = VECTOR('',#3488,1.);
#3488 = DIRECTION('',(1.,0.));
#3489 = ( GEOMETRIC_REPRESENTATION_CONTEXT(2) 
PARAMETRIC_REPRESENTATION_CONTEXT() REPRESENTATION_CONTEXT('2D SPACE',''
  ) );
#3490 = ORIENTED_EDGE('',*,*,#3491,.F.);
#3491 = EDGE_CURVE('',#3492,#3464,#3494,.T.);
#3492 = VERTEX_POINT('',#3493);
#3493 = CARTESIAN_POINT('',(-34.755776028,-19.695090322,-150.));
#3494 = SURFACE_CURVE('',#3495,(#3499,#3506),.PCURVE_S1.);
#3495 = LINE('',#3496,#3497);
#3496 = CARTESIAN_POINT('',(-34.755776028,-19.695090322,-150.));
#3497 = VECTOR('',#3498,1.);
#3498 = DIRECTION('',(0.24298018363,-0.970031252261,0.));
#3499 = PCURVE('',#165,#3500);
#3500 = DEFINITIONAL_REPRESENTATION('',(#3501),#3505);
#3501 = LINE('',#3502,#3503);
#3502 = CARTESIAN_POINT('',(-20.38638747697,34.755776028));
#3503 = VECTOR('',#3504,1.);
#3504 = DIRECTION('',(-0.970031252261,-0.24298018363));
#3505 = ( GEOMETRIC_REPRESENTATION_CONTEXT(2) 
PARAMETRIC_REPRESENTATION_CONTEXT() REPRESENTATION_CONTEXT('2D SPACE',''
  ) );
#3506 = PCURVE('',#3507,#3512);
#3507 = PLANE('',#3508);
#3508 = AXIS2_PLACEMENT_3D('',#3509,#3510,#3511);
#3509 = CARTESIAN_POINT('',(-34.755776028,-19.695090322,-150.));
#3510 = DIRECTION('',(0.970031252261,0.24298018363,-0.));
#3511 = DIRECTION('',(0.24298018363,-0.970031252261,0.));
#3512 = DEFINITIONAL_REPRESENTATION('',(#3513),#3517);
#3513 = LINE('',#3514,#3515);
#3514 = CARTESIAN_POINT('',(0.,0.));
#3515 = VECTOR('',#3516,1.);
#3516 = DIRECTION('',(1.,0.));
#3517 = ( GEOMETRIC_REPRESENTATION_CONTEXT(2) 
PARAMETRIC_REPRESENTATION_CONTEXT() REPRESENTATION_CONTEXT('2D SPACE',''
  ) );
#3518 = ORIENTED_EDGE('',*,*,#3519,.F.);
#3519 = EDGE_CURVE('',#1896,#3492,#3520,.T.);
#3520 = SURFACE_CURVE('',#3521,(#3525,#3532),.PCURVE_S1.);
#3521 = LINE('',#3522,#3523);
#3522 = CARTESIAN_POINT('',(-34.770175474,-19.59801714,-150.));
#3523 = VECTOR('',#3524,1.);
#3524 = DIRECTION('',(0.14673047131,-0.989176510431,0.));
#3525 = PCURVE('',#165,#3526);
#3526 = DEFINITIONAL_REPRESENTATION('',(#3527),#3531);
#3527 = LINE('',#3528,#3529);
#3528 = CARTESIAN_POINT('',(-20.28931429497,34.770175474));
#3529 = VECTOR('',#3530,1.);
#3530 = DIRECTION('',(-0.989176510431,-0.14673047131));
#3531 = ( GEOMETRIC_REPRESENTATION_CONTEXT(2) 
PARAMETRIC_REPRESENTATION_CONTEXT() REPRESENTATION_CONTEXT('2D SPACE',''
  ) );
#3532 = PCURVE('',#3533,#3538);
#3533 = PLANE('',#3534);
#3534 = AXIS2_PLACEMENT_3D('',#3535,#3536,#3537);
#3535 = CARTESIAN_POINT('',(-34.770175474,-19.59801714,-150.));
#3536 = DIRECTION('',(0.989176510431,0.14673047131,-0.));
#3537 = DIRECTION('',(0.14673047131,-0.989176510431,0.));
#3538 = DEFINITIONAL_REPRESENTATION('',(#3539),#3543);
#3539 = LINE('',#3540,#3541);
#3540 = CARTESIAN_POINT('',(0.,0.));
#3541 = VECTOR('',#3542,1.);
#3542 = DIRECTION('',(1.,0.));
#3543 = ( GEOMETRIC_REPRESENTATION_CONTEXT(2) 
PARAMETRIC_REPRESENTATION_CONTEXT() REPRESENTATION_CONTEXT('2D SPACE',''
  ) );
#3544 = ADVANCED_FACE('',(#3545,#4836),#111,.T.);
#3545 = FACE_BOUND('',#3546,.T.);
#3546 = EDGE_LOOP('',(#3547,#3548,#3549,#3572,#3595,#3618,#3641,#3664,
    #3687,#3710,#3733,#3756,#3779,#3802,#3825,#3848,#3871,#3894,#3917,
    #3940,#3963,#3986,#4009,#4032,#4055,#4078,#4101,#4124,#4147,#4170,
    #4193,#4216,#4239,#4262,#4285,#4308,#4331,#4354,#4377,#4400,#4423,
    #4446,#4469,#4492,#4515,#4538,#4561,#4584,#4607,#4630,#4653,#4676,
    #4699,#4722,#4745,#4768,#4791,#4814,#4835));
#3547 = ORIENTED_EDGE('',*,*,#95,.T.);
#3548 = ORIENTED_EDGE('',*,*,#257,.T.);
#3549 = ORIENTED_EDGE('',*,*,#3550,.T.);
#3550 = EDGE_CURVE('',#258,#3551,#3553,.T.);
#3551 = VERTEX_POINT('',#3552);
#3552 = CARTESIAN_POINT('',(-34.92354996339,-19.8484116291,150.));
#3553 = SURFACE_CURVE('',#3554,(#3558,#3565),.PCURVE_S1.);
#3554 = LINE('',#3555,#3556);
#3555 = CARTESIAN_POINT('',(-34.95216964881,-19.73415544212,150.));
#3556 = VECTOR('',#3557,1.);
#3557 = DIRECTION('',(0.24298018363,-0.970031252261,0.));
#3558 = PCURVE('',#111,#3559);
#3559 = DEFINITIONAL_REPRESENTATION('',(#3560),#3564);
#3560 = LINE('',#3561,#3562);
#3561 = CARTESIAN_POINT('',(-20.4254525971,34.952169648819));
#3562 = VECTOR('',#3563,1.);
#3563 = DIRECTION('',(-0.970031252261,-0.24298018363));
#3564 = ( GEOMETRIC_REPRESENTATION_CONTEXT(2) 
PARAMETRIC_REPRESENTATION_CONTEXT() REPRESENTATION_CONTEXT('2D SPACE',''
  ) );
#3565 = PCURVE('',#296,#3566);
#3566 = DEFINITIONAL_REPRESENTATION('',(#3567),#3571);
#3567 = LINE('',#3568,#3569);
#3568 = CARTESIAN_POINT('',(0.,-300.));
#3569 = VECTOR('',#3570,1.);
#3570 = DIRECTION('',(1.,0.));
#3571 = ( GEOMETRIC_REPRESENTATION_CONTEXT(2) 
PARAMETRIC_REPRESENTATION_CONTEXT() REPRESENTATION_CONTEXT('2D SPACE',''
  ) );
#3572 = ORIENTED_EDGE('',*,*,#3573,.T.);
#3573 = EDGE_CURVE('',#3551,#3574,#3576,.T.);
#3574 = VERTEX_POINT('',#3575);
#3575 = CARTESIAN_POINT('',(-34.88386902579,-19.95931242092,150.));
#3576 = SURFACE_CURVE('',#3577,(#3581,#3588),.PCURVE_S1.);
#3577 = LINE('',#3578,#3579);
#3578 = CARTESIAN_POINT('',(-34.92354996339,-19.8484116291,150.));
#3579 = VECTOR('',#3580,1.);
#3580 = DIRECTION('',(0.336889851754,-0.941544065769,0.));
#3581 = PCURVE('',#111,#3582);
#3582 = DEFINITIONAL_REPRESENTATION('',(#3583),#3587);
#3583 = LINE('',#3584,#3585);
#3584 = CARTESIAN_POINT('',(-20.53970878408,34.923549963393));
#3585 = VECTOR('',#3586,1.);
#3586 = DIRECTION('',(-0.941544065769,-0.336889851754));
#3587 = ( GEOMETRIC_REPRESENTATION_CONTEXT(2) 
PARAMETRIC_REPRESENTATION_CONTEXT() REPRESENTATION_CONTEXT('2D SPACE',''
  ) );
#3588 = PCURVE('',#373,#3589);
#3589 = DEFINITIONAL_REPRESENTATION('',(#3590),#3594);
#3590 = LINE('',#3591,#3592);
#3591 = CARTESIAN_POINT('',(0.,-300.));
#3592 = VECTOR('',#3593,1.);
#3593 = DIRECTION('',(1.,0.));
#3594 = ( GEOMETRIC_REPRESENTATION_CONTEXT(2) 
PARAMETRIC_REPRESENTATION_CONTEXT() REPRESENTATION_CONTEXT('2D SPACE',''
  ) );
#3595 = ORIENTED_EDGE('',*,*,#3596,.T.);
#3596 = EDGE_CURVE('',#3574,#3597,#3599,.T.);
#3597 = VERTEX_POINT('',#3598);
#3598 = CARTESIAN_POINT('',(-34.83350898382,-20.06578978465,150.));
#3599 = SURFACE_CURVE('',#3600,(#3604,#3611),.PCURVE_S1.);
#3600 = LINE('',#3601,#3602);
#3601 = CARTESIAN_POINT('',(-34.88386902579,-19.95931242092,150.));
#3602 = VECTOR('',#3603,1.);
#3603 = DIRECTION('',(0.42755508995,-0.903989294769,0.));
#3604 = PCURVE('',#111,#3605);
#3605 = DEFINITIONAL_REPRESENTATION('',(#3606),#3610);
#3606 = LINE('',#3607,#3608);
#3607 = CARTESIAN_POINT('',(-20.6506095759,34.883869025798));
#3608 = VECTOR('',#3609,1.);
#3609 = DIRECTION('',(-0.903989294769,-0.42755508995));
#3610 = ( GEOMETRIC_REPRESENTATION_CONTEXT(2) 
PARAMETRIC_REPRESENTATION_CONTEXT() REPRESENTATION_CONTEXT('2D SPACE',''
  ) );
#3611 = PCURVE('',#401,#3612);
#3612 = DEFINITIONAL_REPRESENTATION('',(#3613),#3617);
#3613 = LINE('',#3614,#3615);
#3614 = CARTESIAN_POINT('',(0.,-300.));
#3615 = VECTOR('',#3616,1.);
#3616 = DIRECTION('',(1.,0.));
#3617 = ( GEOMETRIC_REPRESENTATION_CONTEXT(2) 
PARAMETRIC_REPRESENTATION_CONTEXT() REPRESENTATION_CONTEXT('2D SPACE',''
  ) );
#3618 = ORIENTED_EDGE('',*,*,#3619,.T.);
#3619 = EDGE_CURVE('',#3597,#3620,#3622,.T.);
#3620 = VERTEX_POINT('',#3621);
#3621 = CARTESIAN_POINT('',(-34.77295483223,-20.16681828291,150.));
#3622 = SURFACE_CURVE('',#3623,(#3627,#3634),.PCURVE_S1.);
#3623 = LINE('',#3624,#3625);
#3624 = CARTESIAN_POINT('',(-34.83350898382,-20.06578978465,150.));
#3625 = VECTOR('',#3626,1.);
#3626 = DIRECTION('',(0.51410274472,-0.857728609685,0.));
#3627 = PCURVE('',#111,#3628);
#3628 = DEFINITIONAL_REPRESENTATION('',(#3629),#3633);
#3629 = LINE('',#3630,#3631);
#3630 = CARTESIAN_POINT('',(-20.75708693962,34.833508983828));
#3631 = VECTOR('',#3632,1.);
#3632 = DIRECTION('',(-0.857728609685,-0.51410274472));
#3633 = ( GEOMETRIC_REPRESENTATION_CONTEXT(2) 
PARAMETRIC_REPRESENTATION_CONTEXT() REPRESENTATION_CONTEXT('2D SPACE',''
  ) );
#3634 = PCURVE('',#429,#3635);
#3635 = DEFINITIONAL_REPRESENTATION('',(#3636),#3640);
#3636 = LINE('',#3637,#3638);
#3637 = CARTESIAN_POINT('',(0.,-300.));
#3638 = VECTOR('',#3639,1.);
#3639 = DIRECTION('',(1.,0.));
#3640 = ( GEOMETRIC_REPRESENTATION_CONTEXT(2) 
PARAMETRIC_REPRESENTATION_CONTEXT() REPRESENTATION_CONTEXT('2D SPACE',''
  ) );
#3641 = ORIENTED_EDGE('',*,*,#3642,.T.);
#3642 = EDGE_CURVE('',#3620,#3643,#3645,.T.);
#3643 = VERTEX_POINT('',#3644);
#3644 = CARTESIAN_POINT('',(-34.70278974122,-20.26142495605,150.));
#3645 = SURFACE_CURVE('',#3646,(#3650,#3657),.PCURVE_S1.);
#3646 = LINE('',#3647,#3648);
#3647 = CARTESIAN_POINT('',(-34.77295483223,-20.16681828291,150.));
#3648 = VECTOR('',#3649,1.);
#3649 = DIRECTION('',(0.59569930559,-0.803207530666,0.));
#3650 = PCURVE('',#111,#3651);
#3651 = DEFINITIONAL_REPRESENTATION('',(#3652),#3656);
#3652 = LINE('',#3653,#3654);
#3653 = CARTESIAN_POINT('',(-20.85811543789,34.772954832237));
#3654 = VECTOR('',#3655,1.);
#3655 = DIRECTION('',(-0.803207530666,-0.59569930559));
#3656 = ( GEOMETRIC_REPRESENTATION_CONTEXT(2) 
PARAMETRIC_REPRESENTATION_CONTEXT() REPRESENTATION_CONTEXT('2D SPACE',''
  ) );
#3657 = PCURVE('',#457,#3658);
#3658 = DEFINITIONAL_REPRESENTATION('',(#3659),#3663);
#3659 = LINE('',#3660,#3661);
#3660 = CARTESIAN_POINT('',(0.,-300.));
#3661 = VECTOR('',#3662,1.);
#3662 = DIRECTION('',(1.,0.));
#3663 = ( GEOMETRIC_REPRESENTATION_CONTEXT(2) 
PARAMETRIC_REPRESENTATION_CONTEXT() REPRESENTATION_CONTEXT('2D SPACE',''
  ) );
#3664 = ORIENTED_EDGE('',*,*,#3665,.T.);
#3665 = EDGE_CURVE('',#3643,#3666,#3668,.T.);
#3666 = VERTEX_POINT('',#3667);
#3667 = CARTESIAN_POINT('',(-34.6236894389,-20.3486986909,150.));
#3668 = SURFACE_CURVE('',#3669,(#3673,#3680),.PCURVE_S1.);
#3669 = LINE('',#3670,#3671);
#3670 = CARTESIAN_POINT('',(-34.70278974122,-20.26142495605,150.));
#3671 = VECTOR('',#3672,1.);
#3672 = DIRECTION('',(0.671558953977,-0.740951126143,0.));
#3673 = PCURVE('',#111,#3674);
#3674 = DEFINITIONAL_REPRESENTATION('',(#3675),#3679);
#3675 = LINE('',#3676,#3677);
#3676 = CARTESIAN_POINT('',(-20.95272211102,34.702789741226));
#3677 = VECTOR('',#3678,1.);
#3678 = DIRECTION('',(-0.740951126143,-0.671558953977));
#3679 = ( GEOMETRIC_REPRESENTATION_CONTEXT(2) 
PARAMETRIC_REPRESENTATION_CONTEXT() REPRESENTATION_CONTEXT('2D SPACE',''
  ) );
#3680 = PCURVE('',#485,#3681);
#3681 = DEFINITIONAL_REPRESENTATION('',(#3682),#3686);
#3682 = LINE('',#3683,#3684);
#3683 = CARTESIAN_POINT('',(0.,-300.));
#3684 = VECTOR('',#3685,1.);
#3685 = DIRECTION('',(1.,0.));
#3686 = ( GEOMETRIC_REPRESENTATION_CONTEXT(2) 
PARAMETRIC_REPRESENTATION_CONTEXT() REPRESENTATION_CONTEXT('2D SPACE',''
  ) );
#3687 = ORIENTED_EDGE('',*,*,#3688,.T.);
#3688 = EDGE_CURVE('',#3666,#3689,#3691,.T.);
#3689 = VERTEX_POINT('',#3690);
#3690 = CARTESIAN_POINT('',(-34.53641570405,-20.42779899322,150.));
#3691 = SURFACE_CURVE('',#3692,(#3696,#3703),.PCURVE_S1.);
#3692 = LINE('',#3693,#3694);
#3693 = CARTESIAN_POINT('',(-34.6236894389,-20.3486986909,150.));
#3694 = VECTOR('',#3695,1.);
#3695 = DIRECTION('',(0.740951126143,-0.671558953977,0.));
#3696 = PCURVE('',#111,#3697);
#3697 = DEFINITIONAL_REPRESENTATION('',(#3698),#3702);
#3698 = LINE('',#3699,#3700);
#3699 = CARTESIAN_POINT('',(-21.03999584587,34.623689438902));
#3700 = VECTOR('',#3701,1.);
#3701 = DIRECTION('',(-0.671558953977,-0.740951126143));
#3702 = ( GEOMETRIC_REPRESENTATION_CONTEXT(2) 
PARAMETRIC_REPRESENTATION_CONTEXT() REPRESENTATION_CONTEXT('2D SPACE',''
  ) );
#3703 = PCURVE('',#513,#3704);
#3704 = DEFINITIONAL_REPRESENTATION('',(#3705),#3709);
#3705 = LINE('',#3706,#3707);
#3706 = CARTESIAN_POINT('',(0.,-300.));
#3707 = VECTOR('',#3708,1.);
#3708 = DIRECTION('',(1.,0.));
#3709 = ( GEOMETRIC_REPRESENTATION_CONTEXT(2) 
PARAMETRIC_REPRESENTATION_CONTEXT() REPRESENTATION_CONTEXT('2D SPACE',''
  ) );
#3710 = ORIENTED_EDGE('',*,*,#3711,.T.);
#3711 = EDGE_CURVE('',#3689,#3712,#3714,.T.);
#3712 = VERTEX_POINT('',#3713);
#3713 = CARTESIAN_POINT('',(-34.44180903049,-20.49796408455,150.));
#3714 = SURFACE_CURVE('',#3715,(#3719,#3726),.PCURVE_S1.);
#3715 = LINE('',#3716,#3717);
#3716 = CARTESIAN_POINT('',(-34.53641570405,-20.42779899322,150.));
#3717 = VECTOR('',#3718,1.);
#3718 = DIRECTION('',(0.803207530666,-0.59569930559,0.));
#3719 = PCURVE('',#111,#3720);
#3720 = DEFINITIONAL_REPRESENTATION('',(#3721),#3725);
#3721 = LINE('',#3722,#3723);
#3722 = CARTESIAN_POINT('',(-21.1190961482,34.536415704052));
#3723 = VECTOR('',#3724,1.);
#3724 = DIRECTION('',(-0.59569930559,-0.803207530666));
#3725 = ( GEOMETRIC_REPRESENTATION_CONTEXT(2) 
PARAMETRIC_REPRESENTATION_CONTEXT() REPRESENTATION_CONTEXT('2D SPACE',''
  ) );
#3726 = PCURVE('',#541,#3727);
#3727 = DEFINITIONAL_REPRESENTATION('',(#3728),#3732);
#3728 = LINE('',#3729,#3730);
#3729 = CARTESIAN_POINT('',(0.,-300.));
#3730 = VECTOR('',#3731,1.);
#3731 = DIRECTION('',(1.,0.));
#3732 = ( GEOMETRIC_REPRESENTATION_CONTEXT(2) 
PARAMETRIC_REPRESENTATION_CONTEXT() REPRESENTATION_CONTEXT('2D SPACE',''
  ) );
#3733 = ORIENTED_EDGE('',*,*,#3734,.T.);
#3734 = EDGE_CURVE('',#3712,#3735,#3737,.T.);
#3735 = VERTEX_POINT('',#3736);
#3736 = CARTESIAN_POINT('',(-34.34780454596,-20.55430820364,150.));
#3737 = SURFACE_CURVE('',#3738,(#3742,#3749),.PCURVE_S1.);
#3738 = LINE('',#3739,#3740);
#3739 = CARTESIAN_POINT('',(-34.44180903049,-20.49796408455,150.));
#3740 = VECTOR('',#3741,1.);
#3741 = DIRECTION('',(0.857728612378,-0.514102740226,0.));
#3742 = PCURVE('',#111,#3743);
#3743 = DEFINITIONAL_REPRESENTATION('',(#3744),#3748);
#3744 = LINE('',#3745,#3746);
#3745 = CARTESIAN_POINT('',(-21.18926123952,34.441809030497));
#3746 = VECTOR('',#3747,1.);
#3747 = DIRECTION('',(-0.514102740226,-0.857728612378));
#3748 = ( GEOMETRIC_REPRESENTATION_CONTEXT(2) 
PARAMETRIC_REPRESENTATION_CONTEXT() REPRESENTATION_CONTEXT('2D SPACE',''
  ) );
#3749 = PCURVE('',#569,#3750);
#3750 = DEFINITIONAL_REPRESENTATION('',(#3751),#3755);
#3751 = LINE('',#3752,#3753);
#3752 = CARTESIAN_POINT('',(0.,-300.));
#3753 = VECTOR('',#3754,1.);
#3754 = DIRECTION('',(1.,0.));
#3755 = ( GEOMETRIC_REPRESENTATION_CONTEXT(2) 
PARAMETRIC_REPRESENTATION_CONTEXT() REPRESENTATION_CONTEXT('2D SPACE',''
  ) );
#3756 = ORIENTED_EDGE('',*,*,#3757,.T.);
#3757 = EDGE_CURVE('',#3735,#3758,#3760,.T.);
#3758 = VERTEX_POINT('',#3759);
#3759 = CARTESIAN_POINT('',(-0.564307629158,-40.05921924307,150.));
#3760 = SURFACE_CURVE('',#3761,(#3765,#3772),.PCURVE_S1.);
#3761 = LINE('',#3762,#3763);
#3762 = CARTESIAN_POINT('',(-34.34780454596,-20.55430820364,150.));
#3763 = VECTOR('',#3764,1.);
#3764 = DIRECTION('',(0.866025403781,-0.500000000007,0.));
#3765 = PCURVE('',#111,#3766);
#3766 = DEFINITIONAL_REPRESENTATION('',(#3767),#3771);
#3767 = LINE('',#3768,#3769);
#3768 = CARTESIAN_POINT('',(-21.24560535862,34.347804545969));
#3769 = VECTOR('',#3770,1.);
#3770 = DIRECTION('',(-0.500000000007,-0.866025403781));
#3771 = ( GEOMETRIC_REPRESENTATION_CONTEXT(2) 
PARAMETRIC_REPRESENTATION_CONTEXT() REPRESENTATION_CONTEXT('2D SPACE',''
  ) );
#3772 = PCURVE('',#597,#3773);
#3773 = DEFINITIONAL_REPRESENTATION('',(#3774),#3778);
#3774 = LINE('',#3775,#3776);
#3775 = CARTESIAN_POINT('',(0.,-300.));
#3776 = VECTOR('',#3777,1.);
#3777 = DIRECTION('',(1.,0.));
#3778 = ( GEOMETRIC_REPRESENTATION_CONTEXT(2) 
PARAMETRIC_REPRESENTATION_CONTEXT() REPRESENTATION_CONTEXT('2D SPACE',''
  ) );
#3779 = ORIENTED_EDGE('',*,*,#3780,.T.);
#3780 = EDGE_CURVE('',#3758,#3781,#3783,.T.);
#3781 = VERTEX_POINT('',#3782);
#3782 = CARTESIAN_POINT('',(-0.459312421795,-40.10887827848,150.));
#3783 = SURFACE_CURVE('',#3784,(#3788,#3795),.PCURVE_S1.);
#3784 = LINE('',#3785,#3786);
#3785 = CARTESIAN_POINT('',(-0.564307629158,-40.05921924307,150.));
#3786 = VECTOR('',#3787,1.);
#3787 = DIRECTION('',(0.903989290831,-0.427555098278,0.));
#3788 = PCURVE('',#111,#3789);
#3789 = DEFINITIONAL_REPRESENTATION('',(#3790),#3794);
#3790 = LINE('',#3791,#3792);
#3791 = CARTESIAN_POINT('',(-40.75051639805,0.564307629158));
#3792 = VECTOR('',#3793,1.);
#3793 = DIRECTION('',(-0.427555098278,-0.903989290831));
#3794 = ( GEOMETRIC_REPRESENTATION_CONTEXT(2) 
PARAMETRIC_REPRESENTATION_CONTEXT() REPRESENTATION_CONTEXT('2D SPACE',''
  ) );
#3795 = PCURVE('',#625,#3796);
#3796 = DEFINITIONAL_REPRESENTATION('',(#3797),#3801);
#3797 = LINE('',#3798,#3799);
#3798 = CARTESIAN_POINT('',(0.,-300.));
#3799 = VECTOR('',#3800,1.);
#3800 = DIRECTION('',(1.,0.));
#3801 = ( GEOMETRIC_REPRESENTATION_CONTEXT(2) 
PARAMETRIC_REPRESENTATION_CONTEXT() REPRESENTATION_CONTEXT('2D SPACE',''
  ) );
#3802 = ORIENTED_EDGE('',*,*,#3803,.T.);
#3803 = EDGE_CURVE('',#3781,#3804,#3806,.T.);
#3804 = VERTEX_POINT('',#3805);
#3805 = CARTESIAN_POINT('',(-0.348411628171,-40.14855921672,150.));
#3806 = SURFACE_CURVE('',#3807,(#3811,#3818),.PCURVE_S1.);
#3807 = LINE('',#3808,#3809);
#3808 = CARTESIAN_POINT('',(-0.459312421795,-40.10887827848,150.));
#3809 = VECTOR('',#3810,1.);
#3810 = DIRECTION('',(0.941544065769,-0.336889851754,0.));
#3811 = PCURVE('',#111,#3812);
#3812 = DEFINITIONAL_REPRESENTATION('',(#3813),#3817);
#3813 = LINE('',#3814,#3815);
#3814 = CARTESIAN_POINT('',(-40.80017543346,0.459312421795));
#3815 = VECTOR('',#3816,1.);
#3816 = DIRECTION('',(-0.336889851754,-0.941544065769));
#3817 = ( GEOMETRIC_REPRESENTATION_CONTEXT(2) 
PARAMETRIC_REPRESENTATION_CONTEXT() REPRESENTATION_CONTEXT('2D SPACE',''
  ) );
#3818 = PCURVE('',#653,#3819);
#3819 = DEFINITIONAL_REPRESENTATION('',(#3820),#3824);
#3820 = LINE('',#3821,#3822);
#3821 = CARTESIAN_POINT('',(0.,-300.));
#3822 = VECTOR('',#3823,1.);
#3823 = DIRECTION('',(1.,0.));
#3824 = ( GEOMETRIC_REPRESENTATION_CONTEXT(2) 
PARAMETRIC_REPRESENTATION_CONTEXT() REPRESENTATION_CONTEXT('2D SPACE',''
  ) );
#3825 = ORIENTED_EDGE('',*,*,#3826,.T.);
#3826 = EDGE_CURVE('',#3804,#3827,#3829,.T.);
#3827 = VERTEX_POINT('',#3828);
#3828 = CARTESIAN_POINT('',(-0.234155442123,-40.17717890071,150.));
#3829 = SURFACE_CURVE('',#3830,(#3834,#3841),.PCURVE_S1.);
#3830 = LINE('',#3831,#3832);
#3831 = CARTESIAN_POINT('',(-0.348411628171,-40.14855921672,150.));
#3832 = VECTOR('',#3833,1.);
#3833 = DIRECTION('',(0.970031254663,-0.242980174042,0.));
#3834 = PCURVE('',#111,#3835);
#3835 = DEFINITIONAL_REPRESENTATION('',(#3836),#3840);
#3836 = LINE('',#3837,#3838);
#3837 = CARTESIAN_POINT('',(-40.8398563717,0.348411628171));
#3838 = VECTOR('',#3839,1.);
#3839 = DIRECTION('',(-0.242980174042,-0.970031254663));
#3840 = ( GEOMETRIC_REPRESENTATION_CONTEXT(2) 
PARAMETRIC_REPRESENTATION_CONTEXT() REPRESENTATION_CONTEXT('2D SPACE',''
  ) );
#3841 = PCURVE('',#681,#3842);
#3842 = DEFINITIONAL_REPRESENTATION('',(#3843),#3847);
#3843 = LINE('',#3844,#3845);
#3844 = CARTESIAN_POINT('',(0.,-300.));
#3845 = VECTOR('',#3846,1.);
#3846 = DIRECTION('',(1.,0.));
#3847 = ( GEOMETRIC_REPRESENTATION_CONTEXT(2) 
PARAMETRIC_REPRESENTATION_CONTEXT() REPRESENTATION_CONTEXT('2D SPACE',''
  ) );
#3848 = ORIENTED_EDGE('',*,*,#3849,.T.);
#3849 = EDGE_CURVE('',#3827,#3850,#3852,.T.);
#3850 = VERTEX_POINT('',#3851);
#3851 = CARTESIAN_POINT('',(-0.117644210107,-40.1944617102,150.));
#3852 = SURFACE_CURVE('',#3853,(#3857,#3864),.PCURVE_S1.);
#3853 = LINE('',#3854,#3855);
#3854 = CARTESIAN_POINT('',(-0.234155442123,-40.17717890071,150.));
#3855 = VECTOR('',#3856,1.);
#3856 = DIRECTION('',(0.989176508952,-0.146730481281,0.));
#3857 = PCURVE('',#111,#3858);
#3858 = DEFINITIONAL_REPRESENTATION('',(#3859),#3863);
#3859 = LINE('',#3860,#3861);
#3860 = CARTESIAN_POINT('',(-40.86847605569,0.234155442123));
#3861 = VECTOR('',#3862,1.);
#3862 = DIRECTION('',(-0.146730481281,-0.989176508952));
#3863 = ( GEOMETRIC_REPRESENTATION_CONTEXT(2) 
PARAMETRIC_REPRESENTATION_CONTEXT() REPRESENTATION_CONTEXT('2D SPACE',''
  ) );
#3864 = PCURVE('',#709,#3865);
#3865 = DEFINITIONAL_REPRESENTATION('',(#3866),#3870);
#3866 = LINE('',#3867,#3868);
#3867 = CARTESIAN_POINT('',(0.,-300.));
#3868 = VECTOR('',#3869,1.);
#3869 = DIRECTION('',(1.,0.));
#3870 = ( GEOMETRIC_REPRESENTATION_CONTEXT(2) 
PARAMETRIC_REPRESENTATION_CONTEXT() REPRESENTATION_CONTEXT('2D SPACE',''
  ) );
#3871 = ORIENTED_EDGE('',*,*,#3872,.T.);
#3872 = EDGE_CURVE('',#3850,#3873,#3875,.T.);
#3873 = VERTEX_POINT('',#3874);
#3874 = CARTESIAN_POINT('',(0.,-40.20024119926,150.));
#3875 = SURFACE_CURVE('',#3876,(#3880,#3887),.PCURVE_S1.);
#3876 = LINE('',#3877,#3878);
#3877 = CARTESIAN_POINT('',(-0.117644210107,-40.1944617102,150.));
#3878 = VECTOR('',#3879,1.);
#3879 = DIRECTION('',(0.998795456361,-4.906767115971E-02,0.));
#3880 = PCURVE('',#111,#3881);
#3881 = DEFINITIONAL_REPRESENTATION('',(#3882),#3886);
#3882 = LINE('',#3883,#3884);
#3883 = CARTESIAN_POINT('',(-40.88575886517,0.117644210107));
#3884 = VECTOR('',#3885,1.);
#3885 = DIRECTION('',(-4.906767115971E-02,-0.998795456361));
#3886 = ( GEOMETRIC_REPRESENTATION_CONTEXT(2) 
PARAMETRIC_REPRESENTATION_CONTEXT() REPRESENTATION_CONTEXT('2D SPACE',''
  ) );
#3887 = PCURVE('',#737,#3888);
#3888 = DEFINITIONAL_REPRESENTATION('',(#3889),#3893);
#3889 = LINE('',#3890,#3891);
#3890 = CARTESIAN_POINT('',(0.,-300.));
#3891 = VECTOR('',#3892,1.);
#3892 = DIRECTION('',(1.,0.));
#3893 = ( GEOMETRIC_REPRESENTATION_CONTEXT(2) 
PARAMETRIC_REPRESENTATION_CONTEXT() REPRESENTATION_CONTEXT('2D SPACE',''
  ) );
#3894 = ORIENTED_EDGE('',*,*,#3895,.T.);
#3895 = EDGE_CURVE('',#3873,#3896,#3898,.T.);
#3896 = VERTEX_POINT('',#3897);
#3897 = CARTESIAN_POINT('',(0.117644210107,-40.1944617102,150.));
#3898 = SURFACE_CURVE('',#3899,(#3903,#3910),.PCURVE_S1.);
#3899 = LINE('',#3900,#3901);
#3900 = CARTESIAN_POINT('',(0.,-40.20024119926,150.));
#3901 = VECTOR('',#3902,1.);
#3902 = DIRECTION('',(0.998795456361,4.906767115971E-02,0.));
#3903 = PCURVE('',#111,#3904);
#3904 = DEFINITIONAL_REPRESENTATION('',(#3905),#3909);
#3905 = LINE('',#3906,#3907);
#3906 = CARTESIAN_POINT('',(-40.89153835424,9.343651929881E-16));
#3907 = VECTOR('',#3908,1.);
#3908 = DIRECTION('',(4.906767115971E-02,-0.998795456361));
#3909 = ( GEOMETRIC_REPRESENTATION_CONTEXT(2) 
PARAMETRIC_REPRESENTATION_CONTEXT() REPRESENTATION_CONTEXT('2D SPACE',''
  ) );
#3910 = PCURVE('',#765,#3911);
#3911 = DEFINITIONAL_REPRESENTATION('',(#3912),#3916);
#3912 = LINE('',#3913,#3914);
#3913 = CARTESIAN_POINT('',(0.,-300.));
#3914 = VECTOR('',#3915,1.);
#3915 = DIRECTION('',(1.,0.));
#3916 = ( GEOMETRIC_REPRESENTATION_CONTEXT(2) 
PARAMETRIC_REPRESENTATION_CONTEXT() REPRESENTATION_CONTEXT('2D SPACE',''
  ) );
#3917 = ORIENTED_EDGE('',*,*,#3918,.T.);
#3918 = EDGE_CURVE('',#3896,#3919,#3921,.T.);
#3919 = VERTEX_POINT('',#3920);
#3920 = CARTESIAN_POINT('',(0.234155442123,-40.17717890071,150.));
#3921 = SURFACE_CURVE('',#3922,(#3926,#3933),.PCURVE_S1.);
#3922 = LINE('',#3923,#3924);
#3923 = CARTESIAN_POINT('',(0.117644210107,-40.1944617102,150.));
#3924 = VECTOR('',#3925,1.);
#3925 = DIRECTION('',(0.989176508952,0.146730481281,0.));
#3926 = PCURVE('',#111,#3927);
#3927 = DEFINITIONAL_REPRESENTATION('',(#3928),#3932);
#3928 = LINE('',#3929,#3930);
#3929 = CARTESIAN_POINT('',(-40.88575886517,-0.117644210107));
#3930 = VECTOR('',#3931,1.);
#3931 = DIRECTION('',(0.146730481281,-0.989176508952));
#3932 = ( GEOMETRIC_REPRESENTATION_CONTEXT(2) 
PARAMETRIC_REPRESENTATION_CONTEXT() REPRESENTATION_CONTEXT('2D SPACE',''
  ) );
#3933 = PCURVE('',#793,#3934);
#3934 = DEFINITIONAL_REPRESENTATION('',(#3935),#3939);
#3935 = LINE('',#3936,#3937);
#3936 = CARTESIAN_POINT('',(0.,-300.));
#3937 = VECTOR('',#3938,1.);
#3938 = DIRECTION('',(1.,0.));
#3939 = ( GEOMETRIC_REPRESENTATION_CONTEXT(2) 
PARAMETRIC_REPRESENTATION_CONTEXT() REPRESENTATION_CONTEXT('2D SPACE',''
  ) );
#3940 = ORIENTED_EDGE('',*,*,#3941,.T.);
#3941 = EDGE_CURVE('',#3919,#3942,#3944,.T.);
#3942 = VERTEX_POINT('',#3943);
#3943 = CARTESIAN_POINT('',(0.348411628171,-40.14855921672,150.));
#3944 = SURFACE_CURVE('',#3945,(#3949,#3956),.PCURVE_S1.);
#3945 = LINE('',#3946,#3947);
#3946 = CARTESIAN_POINT('',(0.234155442123,-40.17717890071,150.));
#3947 = VECTOR('',#3948,1.);
#3948 = DIRECTION('',(0.970031254663,0.242980174042,0.));
#3949 = PCURVE('',#111,#3950);
#3950 = DEFINITIONAL_REPRESENTATION('',(#3951),#3955);
#3951 = LINE('',#3952,#3953);
#3952 = CARTESIAN_POINT('',(-40.86847605569,-0.234155442123));
#3953 = VECTOR('',#3954,1.);
#3954 = DIRECTION('',(0.242980174042,-0.970031254663));
#3955 = ( GEOMETRIC_REPRESENTATION_CONTEXT(2) 
PARAMETRIC_REPRESENTATION_CONTEXT() REPRESENTATION_CONTEXT('2D SPACE',''
  ) );
#3956 = PCURVE('',#821,#3957);
#3957 = DEFINITIONAL_REPRESENTATION('',(#3958),#3962);
#3958 = LINE('',#3959,#3960);
#3959 = CARTESIAN_POINT('',(0.,-300.));
#3960 = VECTOR('',#3961,1.);
#3961 = DIRECTION('',(1.,0.));
#3962 = ( GEOMETRIC_REPRESENTATION_CONTEXT(2) 
PARAMETRIC_REPRESENTATION_CONTEXT() REPRESENTATION_CONTEXT('2D SPACE',''
  ) );
#3963 = ORIENTED_EDGE('',*,*,#3964,.T.);
#3964 = EDGE_CURVE('',#3942,#3965,#3967,.T.);
#3965 = VERTEX_POINT('',#3966);
#3966 = CARTESIAN_POINT('',(0.459312421795,-40.10887827848,150.));
#3967 = SURFACE_CURVE('',#3968,(#3972,#3979),.PCURVE_S1.);
#3968 = LINE('',#3969,#3970);
#3969 = CARTESIAN_POINT('',(0.348411628171,-40.14855921672,150.));
#3970 = VECTOR('',#3971,1.);
#3971 = DIRECTION('',(0.941544065769,0.336889851754,0.));
#3972 = PCURVE('',#111,#3973);
#3973 = DEFINITIONAL_REPRESENTATION('',(#3974),#3978);
#3974 = LINE('',#3975,#3976);
#3975 = CARTESIAN_POINT('',(-40.8398563717,-0.348411628171));
#3976 = VECTOR('',#3977,1.);
#3977 = DIRECTION('',(0.336889851754,-0.941544065769));
#3978 = ( GEOMETRIC_REPRESENTATION_CONTEXT(2) 
PARAMETRIC_REPRESENTATION_CONTEXT() REPRESENTATION_CONTEXT('2D SPACE',''
  ) );
#3979 = PCURVE('',#849,#3980);
#3980 = DEFINITIONAL_REPRESENTATION('',(#3981),#3985);
#3981 = LINE('',#3982,#3983);
#3982 = CARTESIAN_POINT('',(0.,-300.));
#3983 = VECTOR('',#3984,1.);
#3984 = DIRECTION('',(1.,0.));
#3985 = ( GEOMETRIC_REPRESENTATION_CONTEXT(2) 
PARAMETRIC_REPRESENTATION_CONTEXT() REPRESENTATION_CONTEXT('2D SPACE',''
  ) );
#3986 = ORIENTED_EDGE('',*,*,#3987,.T.);
#3987 = EDGE_CURVE('',#3965,#3988,#3990,.T.);
#3988 = VERTEX_POINT('',#3989);
#3989 = CARTESIAN_POINT('',(0.564307629158,-40.05921924307,150.));
#3990 = SURFACE_CURVE('',#3991,(#3995,#4002),.PCURVE_S1.);
#3991 = LINE('',#3992,#3993);
#3992 = CARTESIAN_POINT('',(0.459312421795,-40.10887827848,150.));
#3993 = VECTOR('',#3994,1.);
#3994 = DIRECTION('',(0.903989290831,0.427555098278,0.));
#3995 = PCURVE('',#111,#3996);
#3996 = DEFINITIONAL_REPRESENTATION('',(#3997),#4001);
#3997 = LINE('',#3998,#3999);
#3998 = CARTESIAN_POINT('',(-40.80017543346,-0.459312421795));
#3999 = VECTOR('',#4000,1.);
#4000 = DIRECTION('',(0.427555098278,-0.903989290831));
#4001 = ( GEOMETRIC_REPRESENTATION_CONTEXT(2) 
PARAMETRIC_REPRESENTATION_CONTEXT() REPRESENTATION_CONTEXT('2D SPACE',''
  ) );
#4002 = PCURVE('',#877,#4003);
#4003 = DEFINITIONAL_REPRESENTATION('',(#4004),#4008);
#4004 = LINE('',#4005,#4006);
#4005 = CARTESIAN_POINT('',(0.,-300.));
#4006 = VECTOR('',#4007,1.);
#4007 = DIRECTION('',(1.,0.));
#4008 = ( GEOMETRIC_REPRESENTATION_CONTEXT(2) 
PARAMETRIC_REPRESENTATION_CONTEXT() REPRESENTATION_CONTEXT('2D SPACE',''
  ) );
#4009 = ORIENTED_EDGE('',*,*,#4010,.T.);
#4010 = EDGE_CURVE('',#3988,#4011,#4013,.T.);
#4011 = VERTEX_POINT('',#4012);
#4012 = CARTESIAN_POINT('',(34.347804545969,-20.55430820364,150.));
#4013 = SURFACE_CURVE('',#4014,(#4018,#4025),.PCURVE_S1.);
#4014 = LINE('',#4015,#4016);
#4015 = CARTESIAN_POINT('',(0.564307629158,-40.05921924307,150.));
#4016 = VECTOR('',#4017,1.);
#4017 = DIRECTION('',(0.866025403781,0.500000000007,0.));
#4018 = PCURVE('',#111,#4019);
#4019 = DEFINITIONAL_REPRESENTATION('',(#4020),#4024);
#4020 = LINE('',#4021,#4022);
#4021 = CARTESIAN_POINT('',(-40.75051639805,-0.564307629158));
#4022 = VECTOR('',#4023,1.);
#4023 = DIRECTION('',(0.500000000007,-0.866025403781));
#4024 = ( GEOMETRIC_REPRESENTATION_CONTEXT(2) 
PARAMETRIC_REPRESENTATION_CONTEXT() REPRESENTATION_CONTEXT('2D SPACE',''
  ) );
#4025 = PCURVE('',#905,#4026);
#4026 = DEFINITIONAL_REPRESENTATION('',(#4027),#4031);
#4027 = LINE('',#4028,#4029);
#4028 = CARTESIAN_POINT('',(0.,-300.));
#4029 = VECTOR('',#4030,1.);
#4030 = DIRECTION('',(1.,0.));
#4031 = ( GEOMETRIC_REPRESENTATION_CONTEXT(2) 
PARAMETRIC_REPRESENTATION_CONTEXT() REPRESENTATION_CONTEXT('2D SPACE',''
  ) );
#4032 = ORIENTED_EDGE('',*,*,#4033,.T.);
#4033 = EDGE_CURVE('',#4011,#4034,#4036,.T.);
#4034 = VERTEX_POINT('',#4035);
#4035 = CARTESIAN_POINT('',(34.441809030497,-20.49796408455,150.));
#4036 = SURFACE_CURVE('',#4037,(#4041,#4048),.PCURVE_S1.);
#4037 = LINE('',#4038,#4039);
#4038 = CARTESIAN_POINT('',(34.347804545969,-20.55430820364,150.));
#4039 = VECTOR('',#4040,1.);
#4040 = DIRECTION('',(0.857728612378,0.514102740226,0.));
#4041 = PCURVE('',#111,#4042);
#4042 = DEFINITIONAL_REPRESENTATION('',(#4043),#4047);
#4043 = LINE('',#4044,#4045);
#4044 = CARTESIAN_POINT('',(-21.24560535862,-34.34780454596));
#4045 = VECTOR('',#4046,1.);
#4046 = DIRECTION('',(0.514102740226,-0.857728612378));
#4047 = ( GEOMETRIC_REPRESENTATION_CONTEXT(2) 
PARAMETRIC_REPRESENTATION_CONTEXT() REPRESENTATION_CONTEXT('2D SPACE',''
  ) );
#4048 = PCURVE('',#933,#4049);
#4049 = DEFINITIONAL_REPRESENTATION('',(#4050),#4054);
#4050 = LINE('',#4051,#4052);
#4051 = CARTESIAN_POINT('',(0.,-300.));
#4052 = VECTOR('',#4053,1.);
#4053 = DIRECTION('',(1.,0.));
#4054 = ( GEOMETRIC_REPRESENTATION_CONTEXT(2) 
PARAMETRIC_REPRESENTATION_CONTEXT() REPRESENTATION_CONTEXT('2D SPACE',''
  ) );
#4055 = ORIENTED_EDGE('',*,*,#4056,.T.);
#4056 = EDGE_CURVE('',#4034,#4057,#4059,.T.);
#4057 = VERTEX_POINT('',#4058);
#4058 = CARTESIAN_POINT('',(34.536415704052,-20.42779899322,150.));
#4059 = SURFACE_CURVE('',#4060,(#4064,#4071),.PCURVE_S1.);
#4060 = LINE('',#4061,#4062);
#4061 = CARTESIAN_POINT('',(34.441809030497,-20.49796408455,150.));
#4062 = VECTOR('',#4063,1.);
#4063 = DIRECTION('',(0.803207530666,0.59569930559,0.));
#4064 = PCURVE('',#111,#4065);
#4065 = DEFINITIONAL_REPRESENTATION('',(#4066),#4070);
#4066 = LINE('',#4067,#4068);
#4067 = CARTESIAN_POINT('',(-21.18926123952,-34.44180903049));
#4068 = VECTOR('',#4069,1.);
#4069 = DIRECTION('',(0.59569930559,-0.803207530666));
#4070 = ( GEOMETRIC_REPRESENTATION_CONTEXT(2) 
PARAMETRIC_REPRESENTATION_CONTEXT() REPRESENTATION_CONTEXT('2D SPACE',''
  ) );
#4071 = PCURVE('',#961,#4072);
#4072 = DEFINITIONAL_REPRESENTATION('',(#4073),#4077);
#4073 = LINE('',#4074,#4075);
#4074 = CARTESIAN_POINT('',(0.,-300.));
#4075 = VECTOR('',#4076,1.);
#4076 = DIRECTION('',(1.,0.));
#4077 = ( GEOMETRIC_REPRESENTATION_CONTEXT(2) 
PARAMETRIC_REPRESENTATION_CONTEXT() REPRESENTATION_CONTEXT('2D SPACE',''
  ) );
#4078 = ORIENTED_EDGE('',*,*,#4079,.T.);
#4079 = EDGE_CURVE('',#4057,#4080,#4082,.T.);
#4080 = VERTEX_POINT('',#4081);
#4081 = CARTESIAN_POINT('',(34.623689438902,-20.3486986909,150.));
#4082 = SURFACE_CURVE('',#4083,(#4087,#4094),.PCURVE_S1.);
#4083 = LINE('',#4084,#4085);
#4084 = CARTESIAN_POINT('',(34.536415704052,-20.42779899322,150.));
#4085 = VECTOR('',#4086,1.);
#4086 = DIRECTION('',(0.740951126143,0.671558953977,0.));
#4087 = PCURVE('',#111,#4088);
#4088 = DEFINITIONAL_REPRESENTATION('',(#4089),#4093);
#4089 = LINE('',#4090,#4091);
#4090 = CARTESIAN_POINT('',(-21.1190961482,-34.53641570405));
#4091 = VECTOR('',#4092,1.);
#4092 = DIRECTION('',(0.671558953977,-0.740951126143));
#4093 = ( GEOMETRIC_REPRESENTATION_CONTEXT(2) 
PARAMETRIC_REPRESENTATION_CONTEXT() REPRESENTATION_CONTEXT('2D SPACE',''
  ) );
#4094 = PCURVE('',#989,#4095);
#4095 = DEFINITIONAL_REPRESENTATION('',(#4096),#4100);
#4096 = LINE('',#4097,#4098);
#4097 = CARTESIAN_POINT('',(0.,-300.));
#4098 = VECTOR('',#4099,1.);
#4099 = DIRECTION('',(1.,0.));
#4100 = ( GEOMETRIC_REPRESENTATION_CONTEXT(2) 
PARAMETRIC_REPRESENTATION_CONTEXT() REPRESENTATION_CONTEXT('2D SPACE',''
  ) );
#4101 = ORIENTED_EDGE('',*,*,#4102,.T.);
#4102 = EDGE_CURVE('',#4080,#4103,#4105,.T.);
#4103 = VERTEX_POINT('',#4104);
#4104 = CARTESIAN_POINT('',(34.702789741226,-20.26142495605,150.));
#4105 = SURFACE_CURVE('',#4106,(#4110,#4117),.PCURVE_S1.);
#4106 = LINE('',#4107,#4108);
#4107 = CARTESIAN_POINT('',(34.623689438902,-20.3486986909,150.));
#4108 = VECTOR('',#4109,1.);
#4109 = DIRECTION('',(0.671558953977,0.740951126143,0.));
#4110 = PCURVE('',#111,#4111);
#4111 = DEFINITIONAL_REPRESENTATION('',(#4112),#4116);
#4112 = LINE('',#4113,#4114);
#4113 = CARTESIAN_POINT('',(-21.03999584587,-34.6236894389));
#4114 = VECTOR('',#4115,1.);
#4115 = DIRECTION('',(0.740951126143,-0.671558953977));
#4116 = ( GEOMETRIC_REPRESENTATION_CONTEXT(2) 
PARAMETRIC_REPRESENTATION_CONTEXT() REPRESENTATION_CONTEXT('2D SPACE',''
  ) );
#4117 = PCURVE('',#1017,#4118);
#4118 = DEFINITIONAL_REPRESENTATION('',(#4119),#4123);
#4119 = LINE('',#4120,#4121);
#4120 = CARTESIAN_POINT('',(0.,-300.));
#4121 = VECTOR('',#4122,1.);
#4122 = DIRECTION('',(1.,0.));
#4123 = ( GEOMETRIC_REPRESENTATION_CONTEXT(2) 
PARAMETRIC_REPRESENTATION_CONTEXT() REPRESENTATION_CONTEXT('2D SPACE',''
  ) );
#4124 = ORIENTED_EDGE('',*,*,#4125,.T.);
#4125 = EDGE_CURVE('',#4103,#4126,#4128,.T.);
#4126 = VERTEX_POINT('',#4127);
#4127 = CARTESIAN_POINT('',(34.772954832237,-20.16681828291,150.));
#4128 = SURFACE_CURVE('',#4129,(#4133,#4140),.PCURVE_S1.);
#4129 = LINE('',#4130,#4131);
#4130 = CARTESIAN_POINT('',(34.702789741226,-20.26142495605,150.));
#4131 = VECTOR('',#4132,1.);
#4132 = DIRECTION('',(0.59569930559,0.803207530666,0.));
#4133 = PCURVE('',#111,#4134);
#4134 = DEFINITIONAL_REPRESENTATION('',(#4135),#4139);
#4135 = LINE('',#4136,#4137);
#4136 = CARTESIAN_POINT('',(-20.95272211102,-34.70278974122));
#4137 = VECTOR('',#4138,1.);
#4138 = DIRECTION('',(0.803207530666,-0.59569930559));
#4139 = ( GEOMETRIC_REPRESENTATION_CONTEXT(2) 
PARAMETRIC_REPRESENTATION_CONTEXT() REPRESENTATION_CONTEXT('2D SPACE',''
  ) );
#4140 = PCURVE('',#1045,#4141);
#4141 = DEFINITIONAL_REPRESENTATION('',(#4142),#4146);
#4142 = LINE('',#4143,#4144);
#4143 = CARTESIAN_POINT('',(0.,-300.));
#4144 = VECTOR('',#4145,1.);
#4145 = DIRECTION('',(1.,0.));
#4146 = ( GEOMETRIC_REPRESENTATION_CONTEXT(2) 
PARAMETRIC_REPRESENTATION_CONTEXT() REPRESENTATION_CONTEXT('2D SPACE',''
  ) );
#4147 = ORIENTED_EDGE('',*,*,#4148,.T.);
#4148 = EDGE_CURVE('',#4126,#4149,#4151,.T.);
#4149 = VERTEX_POINT('',#4150);
#4150 = CARTESIAN_POINT('',(34.833508983828,-20.06578978465,150.));
#4151 = SURFACE_CURVE('',#4152,(#4156,#4163),.PCURVE_S1.);
#4152 = LINE('',#4153,#4154);
#4153 = CARTESIAN_POINT('',(34.772954832237,-20.16681828291,150.));
#4154 = VECTOR('',#4155,1.);
#4155 = DIRECTION('',(0.51410274472,0.857728609685,0.));
#4156 = PCURVE('',#111,#4157);
#4157 = DEFINITIONAL_REPRESENTATION('',(#4158),#4162);
#4158 = LINE('',#4159,#4160);
#4159 = CARTESIAN_POINT('',(-20.85811543789,-34.77295483223));
#4160 = VECTOR('',#4161,1.);
#4161 = DIRECTION('',(0.857728609685,-0.51410274472));
#4162 = ( GEOMETRIC_REPRESENTATION_CONTEXT(2) 
PARAMETRIC_REPRESENTATION_CONTEXT() REPRESENTATION_CONTEXT('2D SPACE',''
  ) );
#4163 = PCURVE('',#1073,#4164);
#4164 = DEFINITIONAL_REPRESENTATION('',(#4165),#4169);
#4165 = LINE('',#4166,#4167);
#4166 = CARTESIAN_POINT('',(0.,-300.));
#4167 = VECTOR('',#4168,1.);
#4168 = DIRECTION('',(1.,0.));
#4169 = ( GEOMETRIC_REPRESENTATION_CONTEXT(2) 
PARAMETRIC_REPRESENTATION_CONTEXT() REPRESENTATION_CONTEXT('2D SPACE',''
  ) );
#4170 = ORIENTED_EDGE('',*,*,#4171,.T.);
#4171 = EDGE_CURVE('',#4149,#4172,#4174,.T.);
#4172 = VERTEX_POINT('',#4173);
#4173 = CARTESIAN_POINT('',(34.883869025798,-19.95931242092,150.));
#4174 = SURFACE_CURVE('',#4175,(#4179,#4186),.PCURVE_S1.);
#4175 = LINE('',#4176,#4177);
#4176 = CARTESIAN_POINT('',(34.833508983828,-20.06578978465,150.));
#4177 = VECTOR('',#4178,1.);
#4178 = DIRECTION('',(0.42755508995,0.903989294769,0.));
#4179 = PCURVE('',#111,#4180);
#4180 = DEFINITIONAL_REPRESENTATION('',(#4181),#4185);
#4181 = LINE('',#4182,#4183);
#4182 = CARTESIAN_POINT('',(-20.75708693962,-34.83350898382));
#4183 = VECTOR('',#4184,1.);
#4184 = DIRECTION('',(0.903989294769,-0.42755508995));
#4185 = ( GEOMETRIC_REPRESENTATION_CONTEXT(2) 
PARAMETRIC_REPRESENTATION_CONTEXT() REPRESENTATION_CONTEXT('2D SPACE',''
  ) );
#4186 = PCURVE('',#1101,#4187);
#4187 = DEFINITIONAL_REPRESENTATION('',(#4188),#4192);
#4188 = LINE('',#4189,#4190);
#4189 = CARTESIAN_POINT('',(0.,-300.));
#4190 = VECTOR('',#4191,1.);
#4191 = DIRECTION('',(1.,0.));
#4192 = ( GEOMETRIC_REPRESENTATION_CONTEXT(2) 
PARAMETRIC_REPRESENTATION_CONTEXT() REPRESENTATION_CONTEXT('2D SPACE',''
  ) );
#4193 = ORIENTED_EDGE('',*,*,#4194,.T.);
#4194 = EDGE_CURVE('',#4172,#4195,#4197,.T.);
#4195 = VERTEX_POINT('',#4196);
#4196 = CARTESIAN_POINT('',(34.923549963393,-19.8484116291,150.));
#4197 = SURFACE_CURVE('',#4198,(#4202,#4209),.PCURVE_S1.);
#4198 = LINE('',#4199,#4200);
#4199 = CARTESIAN_POINT('',(34.883869025798,-19.95931242092,150.));
#4200 = VECTOR('',#4201,1.);
#4201 = DIRECTION('',(0.336889851754,0.941544065769,0.));
#4202 = PCURVE('',#111,#4203);
#4203 = DEFINITIONAL_REPRESENTATION('',(#4204),#4208);
#4204 = LINE('',#4205,#4206);
#4205 = CARTESIAN_POINT('',(-20.6506095759,-34.88386902579));
#4206 = VECTOR('',#4207,1.);
#4207 = DIRECTION('',(0.941544065769,-0.336889851754));
#4208 = ( GEOMETRIC_REPRESENTATION_CONTEXT(2) 
PARAMETRIC_REPRESENTATION_CONTEXT() REPRESENTATION_CONTEXT('2D SPACE',''
  ) );
#4209 = PCURVE('',#1129,#4210);
#4210 = DEFINITIONAL_REPRESENTATION('',(#4211),#4215);
#4211 = LINE('',#4212,#4213);
#4212 = CARTESIAN_POINT('',(0.,-300.));
#4213 = VECTOR('',#4214,1.);
#4214 = DIRECTION('',(1.,0.));
#4215 = ( GEOMETRIC_REPRESENTATION_CONTEXT(2) 
PARAMETRIC_REPRESENTATION_CONTEXT() REPRESENTATION_CONTEXT('2D SPACE',''
  ) );
#4216 = ORIENTED_EDGE('',*,*,#4217,.T.);
#4217 = EDGE_CURVE('',#4195,#4218,#4220,.T.);
#4218 = VERTEX_POINT('',#4219);
#4219 = CARTESIAN_POINT('',(34.952169648819,-19.73415544212,150.));
#4220 = SURFACE_CURVE('',#4221,(#4225,#4232),.PCURVE_S1.);
#4221 = LINE('',#4222,#4223);
#4222 = CARTESIAN_POINT('',(34.923549963393,-19.8484116291,150.));
#4223 = VECTOR('',#4224,1.);
#4224 = DIRECTION('',(0.24298018363,0.970031252261,0.));
#4225 = PCURVE('',#111,#4226);
#4226 = DEFINITIONAL_REPRESENTATION('',(#4227),#4231);
#4227 = LINE('',#4228,#4229);
#4228 = CARTESIAN_POINT('',(-20.53970878408,-34.92354996339));
#4229 = VECTOR('',#4230,1.);
#4230 = DIRECTION('',(0.970031252261,-0.24298018363));
#4231 = ( GEOMETRIC_REPRESENTATION_CONTEXT(2) 
PARAMETRIC_REPRESENTATION_CONTEXT() REPRESENTATION_CONTEXT('2D SPACE',''
  ) );
#4232 = PCURVE('',#1157,#4233);
#4233 = DEFINITIONAL_REPRESENTATION('',(#4234),#4238);
#4234 = LINE('',#4235,#4236);
#4235 = CARTESIAN_POINT('',(0.,-300.));
#4236 = VECTOR('',#4237,1.);
#4237 = DIRECTION('',(1.,0.));
#4238 = ( GEOMETRIC_REPRESENTATION_CONTEXT(2) 
PARAMETRIC_REPRESENTATION_CONTEXT() REPRESENTATION_CONTEXT('2D SPACE',''
  ) );
#4239 = ORIENTED_EDGE('',*,*,#4240,.T.);
#4240 = EDGE_CURVE('',#4218,#4241,#4243,.T.);
#4241 = VERTEX_POINT('',#4242);
#4242 = CARTESIAN_POINT('',(34.969452457101,-19.6176442101,150.));
#4243 = SURFACE_CURVE('',#4244,(#4248,#4255),.PCURVE_S1.);
#4244 = LINE('',#4245,#4246);
#4245 = CARTESIAN_POINT('',(34.952169648819,-19.73415544212,150.));
#4246 = VECTOR('',#4247,1.);
#4247 = DIRECTION('',(0.14673047131,0.989176510431,0.));
#4248 = PCURVE('',#111,#4249);
#4249 = DEFINITIONAL_REPRESENTATION('',(#4250),#4254);
#4250 = LINE('',#4251,#4252);
#4251 = CARTESIAN_POINT('',(-20.4254525971,-34.95216964881));
#4252 = VECTOR('',#4253,1.);
#4253 = DIRECTION('',(0.989176510431,-0.14673047131));
#4254 = ( GEOMETRIC_REPRESENTATION_CONTEXT(2) 
PARAMETRIC_REPRESENTATION_CONTEXT() REPRESENTATION_CONTEXT('2D SPACE',''
  ) );
#4255 = PCURVE('',#1185,#4256);
#4256 = DEFINITIONAL_REPRESENTATION('',(#4257),#4261);
#4257 = LINE('',#4258,#4259);
#4258 = CARTESIAN_POINT('',(0.,-300.));
#4259 = VECTOR('',#4260,1.);
#4260 = DIRECTION('',(1.,0.));
#4261 = ( GEOMETRIC_REPRESENTATION_CONTEXT(2) 
PARAMETRIC_REPRESENTATION_CONTEXT() REPRESENTATION_CONTEXT('2D SPACE',''
  ) );
#4262 = ORIENTED_EDGE('',*,*,#4263,.T.);
#4263 = EDGE_CURVE('',#4241,#4264,#4266,.T.);
#4264 = VERTEX_POINT('',#4265);
#4265 = CARTESIAN_POINT('',(34.974990748,-19.50490972512,150.));
#4266 = SURFACE_CURVE('',#4267,(#4271,#4278),.PCURVE_S1.);
#4267 = LINE('',#4268,#4269);
#4268 = CARTESIAN_POINT('',(34.969452457101,-19.6176442101,150.));
#4269 = VECTOR('',#4270,1.);
#4270 = DIRECTION('',(4.906768132523E-02,0.998795455861,0.));
#4271 = PCURVE('',#111,#4272);
#4272 = DEFINITIONAL_REPRESENTATION('',(#4273),#4277);
#4273 = LINE('',#4274,#4275);
#4274 = CARTESIAN_POINT('',(-20.30894136508,-34.9694524571));
#4275 = VECTOR('',#4276,1.);
#4276 = DIRECTION('',(0.998795455861,-4.906768132523E-02));
#4277 = ( GEOMETRIC_REPRESENTATION_CONTEXT(2) 
PARAMETRIC_REPRESENTATION_CONTEXT() REPRESENTATION_CONTEXT('2D SPACE',''
  ) );
#4278 = PCURVE('',#1213,#4279);
#4279 = DEFINITIONAL_REPRESENTATION('',(#4280),#4284);
#4280 = LINE('',#4281,#4282);
#4281 = CARTESIAN_POINT('',(0.,-300.));
#4282 = VECTOR('',#4283,1.);
#4283 = DIRECTION('',(1.,0.));
#4284 = ( GEOMETRIC_REPRESENTATION_CONTEXT(2) 
PARAMETRIC_REPRESENTATION_CONTEXT() REPRESENTATION_CONTEXT('2D SPACE',''
  ) );
#4285 = ORIENTED_EDGE('',*,*,#4286,.T.);
#4286 = EDGE_CURVE('',#4264,#4287,#4289,.T.);
#4287 = VERTEX_POINT('',#4288);
#4288 = CARTESIAN_POINT('',(34.974990748,19.504909725123,150.));
#4289 = SURFACE_CURVE('',#4290,(#4294,#4301),.PCURVE_S1.);
#4290 = LINE('',#4291,#4292);
#4291 = CARTESIAN_POINT('',(34.974990748,-19.50490972512,150.));
#4292 = VECTOR('',#4293,1.);
#4293 = DIRECTION('',(0.,1.,0.));
#4294 = PCURVE('',#111,#4295);
#4295 = DEFINITIONAL_REPRESENTATION('',(#4296),#4300);
#4296 = LINE('',#4297,#4298);
#4297 = CARTESIAN_POINT('',(-20.1962068801,-34.974990748));
#4298 = VECTOR('',#4299,1.);
#4299 = DIRECTION('',(1.,5.518637272201E-80));
#4300 = ( GEOMETRIC_REPRESENTATION_CONTEXT(2) 
PARAMETRIC_REPRESENTATION_CONTEXT() REPRESENTATION_CONTEXT('2D SPACE',''
  ) );
#4301 = PCURVE('',#1241,#4302);
#4302 = DEFINITIONAL_REPRESENTATION('',(#4303),#4307);
#4303 = LINE('',#4304,#4305);
#4304 = CARTESIAN_POINT('',(0.,-300.));
#4305 = VECTOR('',#4306,1.);
#4306 = DIRECTION('',(1.,0.));
#4307 = ( GEOMETRIC_REPRESENTATION_CONTEXT(2) 
PARAMETRIC_REPRESENTATION_CONTEXT() REPRESENTATION_CONTEXT('2D SPACE',''
  ) );
#4308 = ORIENTED_EDGE('',*,*,#4309,.T.);
#4309 = EDGE_CURVE('',#4287,#4310,#4312,.T.);
#4310 = VERTEX_POINT('',#4311);
#4311 = CARTESIAN_POINT('',(34.969452457101,19.617644210107,150.));
#4312 = SURFACE_CURVE('',#4313,(#4317,#4324),.PCURVE_S1.);
#4313 = LINE('',#4314,#4315);
#4314 = CARTESIAN_POINT('',(34.974990748,19.504909725123,150.));
#4315 = VECTOR('',#4316,1.);
#4316 = DIRECTION('',(-4.906768132523E-02,0.998795455861,0.));
#4317 = PCURVE('',#111,#4318);
#4318 = DEFINITIONAL_REPRESENTATION('',(#4319),#4323);
#4319 = LINE('',#4320,#4321);
#4320 = CARTESIAN_POINT('',(18.813612570146,-34.974990748));
#4321 = VECTOR('',#4322,1.);
#4322 = DIRECTION('',(0.998795455861,4.906768132523E-02));
#4323 = ( GEOMETRIC_REPRESENTATION_CONTEXT(2) 
PARAMETRIC_REPRESENTATION_CONTEXT() REPRESENTATION_CONTEXT('2D SPACE',''
  ) );
#4324 = PCURVE('',#1269,#4325);
#4325 = DEFINITIONAL_REPRESENTATION('',(#4326),#4330);
#4326 = LINE('',#4327,#4328);
#4327 = CARTESIAN_POINT('',(0.,-300.));
#4328 = VECTOR('',#4329,1.);
#4329 = DIRECTION('',(1.,0.));
#4330 = ( GEOMETRIC_REPRESENTATION_CONTEXT(2) 
PARAMETRIC_REPRESENTATION_CONTEXT() REPRESENTATION_CONTEXT('2D SPACE',''
  ) );
#4331 = ORIENTED_EDGE('',*,*,#4332,.T.);
#4332 = EDGE_CURVE('',#4310,#4333,#4335,.T.);
#4333 = VERTEX_POINT('',#4334);
#4334 = CARTESIAN_POINT('',(34.952169648819,19.734155442123,150.));
#4335 = SURFACE_CURVE('',#4336,(#4340,#4347),.PCURVE_S1.);
#4336 = LINE('',#4337,#4338);
#4337 = CARTESIAN_POINT('',(34.969452457101,19.617644210107,150.));
#4338 = VECTOR('',#4339,1.);
#4339 = DIRECTION('',(-0.14673047131,0.989176510431,0.));
#4340 = PCURVE('',#111,#4341);
#4341 = DEFINITIONAL_REPRESENTATION('',(#4342),#4346);
#4342 = LINE('',#4343,#4344);
#4343 = CARTESIAN_POINT('',(18.926347055131,-34.9694524571));
#4344 = VECTOR('',#4345,1.);
#4345 = DIRECTION('',(0.989176510431,0.14673047131));
#4346 = ( GEOMETRIC_REPRESENTATION_CONTEXT(2) 
PARAMETRIC_REPRESENTATION_CONTEXT() REPRESENTATION_CONTEXT('2D SPACE',''
  ) );
#4347 = PCURVE('',#1297,#4348);
#4348 = DEFINITIONAL_REPRESENTATION('',(#4349),#4353);
#4349 = LINE('',#4350,#4351);
#4350 = CARTESIAN_POINT('',(0.,-300.));
#4351 = VECTOR('',#4352,1.);
#4352 = DIRECTION('',(1.,0.));
#4353 = ( GEOMETRIC_REPRESENTATION_CONTEXT(2) 
PARAMETRIC_REPRESENTATION_CONTEXT() REPRESENTATION_CONTEXT('2D SPACE',''
  ) );
#4354 = ORIENTED_EDGE('',*,*,#4355,.T.);
#4355 = EDGE_CURVE('',#4333,#4356,#4358,.T.);
#4356 = VERTEX_POINT('',#4357);
#4357 = CARTESIAN_POINT('',(34.923549963393,19.848411629104,150.));
#4358 = SURFACE_CURVE('',#4359,(#4363,#4370),.PCURVE_S1.);
#4359 = LINE('',#4360,#4361);
#4360 = CARTESIAN_POINT('',(34.952169648819,19.734155442123,150.));
#4361 = VECTOR('',#4362,1.);
#4362 = DIRECTION('',(-0.24298018363,0.970031252261,0.));
#4363 = PCURVE('',#111,#4364);
#4364 = DEFINITIONAL_REPRESENTATION('',(#4365),#4369);
#4365 = LINE('',#4366,#4367);
#4366 = CARTESIAN_POINT('',(19.042858287146,-34.95216964881));
#4367 = VECTOR('',#4368,1.);
#4368 = DIRECTION('',(0.970031252261,0.24298018363));
#4369 = ( GEOMETRIC_REPRESENTATION_CONTEXT(2) 
PARAMETRIC_REPRESENTATION_CONTEXT() REPRESENTATION_CONTEXT('2D SPACE',''
  ) );
#4370 = PCURVE('',#1325,#4371);
#4371 = DEFINITIONAL_REPRESENTATION('',(#4372),#4376);
#4372 = LINE('',#4373,#4374);
#4373 = CARTESIAN_POINT('',(0.,-300.));
#4374 = VECTOR('',#4375,1.);
#4375 = DIRECTION('',(1.,0.));
#4376 = ( GEOMETRIC_REPRESENTATION_CONTEXT(2) 
PARAMETRIC_REPRESENTATION_CONTEXT() REPRESENTATION_CONTEXT('2D SPACE',''
  ) );
#4377 = ORIENTED_EDGE('',*,*,#4378,.T.);
#4378 = EDGE_CURVE('',#4356,#4379,#4381,.T.);
#4379 = VERTEX_POINT('',#4380);
#4380 = CARTESIAN_POINT('',(34.883869025798,19.959312420926,150.));
#4381 = SURFACE_CURVE('',#4382,(#4386,#4393),.PCURVE_S1.);
#4382 = LINE('',#4383,#4384);
#4383 = CARTESIAN_POINT('',(34.923549963393,19.848411629104,150.));
#4384 = VECTOR('',#4385,1.);
#4385 = DIRECTION('',(-0.336889851754,0.941544065769,0.));
#4386 = PCURVE('',#111,#4387);
#4387 = DEFINITIONAL_REPRESENTATION('',(#4388),#4392);
#4388 = LINE('',#4389,#4390);
#4389 = CARTESIAN_POINT('',(19.157114474127,-34.92354996339));
#4390 = VECTOR('',#4391,1.);
#4391 = DIRECTION('',(0.941544065769,0.336889851754));
#4392 = ( GEOMETRIC_REPRESENTATION_CONTEXT(2) 
PARAMETRIC_REPRESENTATION_CONTEXT() REPRESENTATION_CONTEXT('2D SPACE',''
  ) );
#4393 = PCURVE('',#1353,#4394);
#4394 = DEFINITIONAL_REPRESENTATION('',(#4395),#4399);
#4395 = LINE('',#4396,#4397);
#4396 = CARTESIAN_POINT('',(0.,-300.));
#4397 = VECTOR('',#4398,1.);
#4398 = DIRECTION('',(1.,0.));
#4399 = ( GEOMETRIC_REPRESENTATION_CONTEXT(2) 
PARAMETRIC_REPRESENTATION_CONTEXT() REPRESENTATION_CONTEXT('2D SPACE',''
  ) );
#4400 = ORIENTED_EDGE('',*,*,#4401,.T.);
#4401 = EDGE_CURVE('',#4379,#4402,#4404,.T.);
#4402 = VERTEX_POINT('',#4403);
#4403 = CARTESIAN_POINT('',(34.833508983828,20.06578978465,150.));
#4404 = SURFACE_CURVE('',#4405,(#4409,#4416),.PCURVE_S1.);
#4405 = LINE('',#4406,#4407);
#4406 = CARTESIAN_POINT('',(34.883869025798,19.959312420926,150.));
#4407 = VECTOR('',#4408,1.);
#4408 = DIRECTION('',(-0.42755508995,0.903989294769,0.));
#4409 = PCURVE('',#111,#4410);
#4410 = DEFINITIONAL_REPRESENTATION('',(#4411),#4415);
#4411 = LINE('',#4412,#4413);
#4412 = CARTESIAN_POINT('',(19.268015265949,-34.88386902579));
#4413 = VECTOR('',#4414,1.);
#4414 = DIRECTION('',(0.903989294769,0.42755508995));
#4415 = ( GEOMETRIC_REPRESENTATION_CONTEXT(2) 
PARAMETRIC_REPRESENTATION_CONTEXT() REPRESENTATION_CONTEXT('2D SPACE',''
  ) );
#4416 = PCURVE('',#1381,#4417);
#4417 = DEFINITIONAL_REPRESENTATION('',(#4418),#4422);
#4418 = LINE('',#4419,#4420);
#4419 = CARTESIAN_POINT('',(0.,-300.));
#4420 = VECTOR('',#4421,1.);
#4421 = DIRECTION('',(1.,0.));
#4422 = ( GEOMETRIC_REPRESENTATION_CONTEXT(2) 
PARAMETRIC_REPRESENTATION_CONTEXT() REPRESENTATION_CONTEXT('2D SPACE',''
  ) );
#4423 = ORIENTED_EDGE('',*,*,#4424,.T.);
#4424 = EDGE_CURVE('',#4402,#4425,#4427,.T.);
#4425 = VERTEX_POINT('',#4426);
#4426 = CARTESIAN_POINT('',(34.772954832237,20.166818282919,150.));
#4427 = SURFACE_CURVE('',#4428,(#4432,#4439),.PCURVE_S1.);
#4428 = LINE('',#4429,#4430);
#4429 = CARTESIAN_POINT('',(34.833508983828,20.06578978465,150.));
#4430 = VECTOR('',#4431,1.);
#4431 = DIRECTION('',(-0.51410274472,0.857728609685,0.));
#4432 = PCURVE('',#111,#4433);
#4433 = DEFINITIONAL_REPRESENTATION('',(#4434),#4438);
#4434 = LINE('',#4435,#4436);
#4435 = CARTESIAN_POINT('',(19.374492629673,-34.83350898382));
#4436 = VECTOR('',#4437,1.);
#4437 = DIRECTION('',(0.857728609685,0.51410274472));
#4438 = ( GEOMETRIC_REPRESENTATION_CONTEXT(2) 
PARAMETRIC_REPRESENTATION_CONTEXT() REPRESENTATION_CONTEXT('2D SPACE',''
  ) );
#4439 = PCURVE('',#1409,#4440);
#4440 = DEFINITIONAL_REPRESENTATION('',(#4441),#4445);
#4441 = LINE('',#4442,#4443);
#4442 = CARTESIAN_POINT('',(0.,-300.));
#4443 = VECTOR('',#4444,1.);
#4444 = DIRECTION('',(1.,0.));
#4445 = ( GEOMETRIC_REPRESENTATION_CONTEXT(2) 
PARAMETRIC_REPRESENTATION_CONTEXT() REPRESENTATION_CONTEXT('2D SPACE',''
  ) );
#4446 = ORIENTED_EDGE('',*,*,#4447,.T.);
#4447 = EDGE_CURVE('',#4425,#4448,#4450,.T.);
#4448 = VERTEX_POINT('',#4449);
#4449 = CARTESIAN_POINT('',(34.702789741226,20.261424956052,150.));
#4450 = SURFACE_CURVE('',#4451,(#4455,#4462),.PCURVE_S1.);
#4451 = LINE('',#4452,#4453);
#4452 = CARTESIAN_POINT('',(34.772954832237,20.166818282919,150.));
#4453 = VECTOR('',#4454,1.);
#4454 = DIRECTION('',(-0.59569930559,0.803207530666,0.));
#4455 = PCURVE('',#111,#4456);
#4456 = DEFINITIONAL_REPRESENTATION('',(#4457),#4461);
#4457 = LINE('',#4458,#4459);
#4458 = CARTESIAN_POINT('',(19.475521127942,-34.77295483223));
#4459 = VECTOR('',#4460,1.);
#4460 = DIRECTION('',(0.803207530666,0.59569930559));
#4461 = ( GEOMETRIC_REPRESENTATION_CONTEXT(2) 
PARAMETRIC_REPRESENTATION_CONTEXT() REPRESENTATION_CONTEXT('2D SPACE',''
  ) );
#4462 = PCURVE('',#1437,#4463);
#4463 = DEFINITIONAL_REPRESENTATION('',(#4464),#4468);
#4464 = LINE('',#4465,#4466);
#4465 = CARTESIAN_POINT('',(0.,-300.));
#4466 = VECTOR('',#4467,1.);
#4467 = DIRECTION('',(1.,0.));
#4468 = ( GEOMETRIC_REPRESENTATION_CONTEXT(2) 
PARAMETRIC_REPRESENTATION_CONTEXT() REPRESENTATION_CONTEXT('2D SPACE',''
  ) );
#4469 = ORIENTED_EDGE('',*,*,#4470,.T.);
#4470 = EDGE_CURVE('',#4448,#4471,#4473,.T.);
#4471 = VERTEX_POINT('',#4472);
#4472 = CARTESIAN_POINT('',(34.623689438902,20.348698690902,150.));
#4473 = SURFACE_CURVE('',#4474,(#4478,#4485),.PCURVE_S1.);
#4474 = LINE('',#4475,#4476);
#4475 = CARTESIAN_POINT('',(34.702789741226,20.261424956052,150.));
#4476 = VECTOR('',#4477,1.);
#4477 = DIRECTION('',(-0.671558953977,0.740951126143,0.));
#4478 = PCURVE('',#111,#4479);
#4479 = DEFINITIONAL_REPRESENTATION('',(#4480),#4484);
#4480 = LINE('',#4481,#4482);
#4481 = CARTESIAN_POINT('',(19.570127801075,-34.70278974122));
#4482 = VECTOR('',#4483,1.);
#4483 = DIRECTION('',(0.740951126143,0.671558953977));
#4484 = ( GEOMETRIC_REPRESENTATION_CONTEXT(2) 
PARAMETRIC_REPRESENTATION_CONTEXT() REPRESENTATION_CONTEXT('2D SPACE',''
  ) );
#4485 = PCURVE('',#1465,#4486);
#4486 = DEFINITIONAL_REPRESENTATION('',(#4487),#4491);
#4487 = LINE('',#4488,#4489);
#4488 = CARTESIAN_POINT('',(0.,-300.));
#4489 = VECTOR('',#4490,1.);
#4490 = DIRECTION('',(1.,0.));
#4491 = ( GEOMETRIC_REPRESENTATION_CONTEXT(2) 
PARAMETRIC_REPRESENTATION_CONTEXT() REPRESENTATION_CONTEXT('2D SPACE',''
  ) );
#4492 = ORIENTED_EDGE('',*,*,#4493,.T.);
#4493 = EDGE_CURVE('',#4471,#4494,#4496,.T.);
#4494 = VERTEX_POINT('',#4495);
#4495 = CARTESIAN_POINT('',(34.536415704052,20.427798993226,150.));
#4496 = SURFACE_CURVE('',#4497,(#4501,#4508),.PCURVE_S1.);
#4497 = LINE('',#4498,#4499);
#4498 = CARTESIAN_POINT('',(34.623689438902,20.348698690902,150.));
#4499 = VECTOR('',#4500,1.);
#4500 = DIRECTION('',(-0.740951126143,0.671558953977,0.));
#4501 = PCURVE('',#111,#4502);
#4502 = DEFINITIONAL_REPRESENTATION('',(#4503),#4507);
#4503 = LINE('',#4504,#4505);
#4504 = CARTESIAN_POINT('',(19.657401535925,-34.6236894389));
#4505 = VECTOR('',#4506,1.);
#4506 = DIRECTION('',(0.671558953977,0.740951126143));
#4507 = ( GEOMETRIC_REPRESENTATION_CONTEXT(2) 
PARAMETRIC_REPRESENTATION_CONTEXT() REPRESENTATION_CONTEXT('2D SPACE',''
  ) );
#4508 = PCURVE('',#1493,#4509);
#4509 = DEFINITIONAL_REPRESENTATION('',(#4510),#4514);
#4510 = LINE('',#4511,#4512);
#4511 = CARTESIAN_POINT('',(0.,-300.));
#4512 = VECTOR('',#4513,1.);
#4513 = DIRECTION('',(1.,0.));
#4514 = ( GEOMETRIC_REPRESENTATION_CONTEXT(2) 
PARAMETRIC_REPRESENTATION_CONTEXT() REPRESENTATION_CONTEXT('2D SPACE',''
  ) );
#4515 = ORIENTED_EDGE('',*,*,#4516,.T.);
#4516 = EDGE_CURVE('',#4494,#4517,#4519,.T.);
#4517 = VERTEX_POINT('',#4518);
#4518 = CARTESIAN_POINT('',(34.447188314679,20.493974535487,150.));
#4519 = SURFACE_CURVE('',#4520,(#4524,#4531),.PCURVE_S1.);
#4520 = LINE('',#4521,#4522);
#4521 = CARTESIAN_POINT('',(34.536415704052,20.427798993226,150.));
#4522 = VECTOR('',#4523,1.);
#4523 = DIRECTION('',(-0.803207530666,0.59569930559,0.));
#4524 = PCURVE('',#111,#4525);
#4525 = DEFINITIONAL_REPRESENTATION('',(#4526),#4530);
#4526 = LINE('',#4527,#4528);
#4527 = CARTESIAN_POINT('',(19.736501838249,-34.53641570405));
#4528 = VECTOR('',#4529,1.);
#4529 = DIRECTION('',(0.59569930559,0.803207530666));
#4530 = ( GEOMETRIC_REPRESENTATION_CONTEXT(2) 
PARAMETRIC_REPRESENTATION_CONTEXT() REPRESENTATION_CONTEXT('2D SPACE',''
  ) );
#4531 = PCURVE('',#1521,#4532);
#4532 = DEFINITIONAL_REPRESENTATION('',(#4533),#4537);
#4533 = LINE('',#4534,#4535);
#4534 = CARTESIAN_POINT('',(0.,-300.));
#4535 = VECTOR('',#4536,1.);
#4536 = DIRECTION('',(1.,0.));
#4537 = ( GEOMETRIC_REPRESENTATION_CONTEXT(2) 
PARAMETRIC_REPRESENTATION_CONTEXT() REPRESENTATION_CONTEXT('2D SPACE',''
  ) );
#4538 = ORIENTED_EDGE('',*,*,#4539,.T.);
#4539 = EDGE_CURVE('',#4517,#4540,#4542,.T.);
#4540 = VERTEX_POINT('',#4541);
#4541 = CARTESIAN_POINT('',(6.062619406767,40.2,150.));
#4542 = SURFACE_CURVE('',#4543,(#4547,#4554),.PCURVE_S1.);
#4543 = LINE('',#4544,#4545);
#4544 = CARTESIAN_POINT('',(34.447188314679,20.493974535487,150.));
#4545 = VECTOR('',#4546,1.);
#4546 = DIRECTION('',(-0.821444268946,0.570288797905,0.));
#4547 = PCURVE('',#111,#4548);
#4548 = DEFINITIONAL_REPRESENTATION('',(#4549),#4553);
#4549 = LINE('',#4550,#4551);
#4550 = CARTESIAN_POINT('',(19.80267738051,-34.44718831467));
#4551 = VECTOR('',#4552,1.);
#4552 = DIRECTION('',(0.570288797905,0.821444268946));
#4553 = ( GEOMETRIC_REPRESENTATION_CONTEXT(2) 
PARAMETRIC_REPRESENTATION_CONTEXT() REPRESENTATION_CONTEXT('2D SPACE',''
  ) );
#4554 = PCURVE('',#1549,#4555);
#4555 = DEFINITIONAL_REPRESENTATION('',(#4556),#4560);
#4556 = LINE('',#4557,#4558);
#4557 = CARTESIAN_POINT('',(0.,-300.));
#4558 = VECTOR('',#4559,1.);
#4559 = DIRECTION('',(1.,0.));
#4560 = ( GEOMETRIC_REPRESENTATION_CONTEXT(2) 
PARAMETRIC_REPRESENTATION_CONTEXT() REPRESENTATION_CONTEXT('2D SPACE',''
  ) );
#4561 = ORIENTED_EDGE('',*,*,#4562,.T.);
#4562 = EDGE_CURVE('',#4540,#4563,#4565,.T.);
#4563 = VERTEX_POINT('',#4564);
#4564 = CARTESIAN_POINT('',(-6.062619406767,40.2,150.));
#4565 = SURFACE_CURVE('',#4566,(#4570,#4577),.PCURVE_S1.);
#4566 = LINE('',#4567,#4568);
#4567 = CARTESIAN_POINT('',(6.062619406767,40.2,150.));
#4568 = VECTOR('',#4569,1.);
#4569 = DIRECTION('',(-1.,0.,0.));
#4570 = PCURVE('',#111,#4571);
#4571 = DEFINITIONAL_REPRESENTATION('',(#4572),#4576);
#4572 = LINE('',#4573,#4574);
#4573 = CARTESIAN_POINT('',(39.508702845023,-6.062619406767));
#4574 = VECTOR('',#4575,1.);
#4575 = DIRECTION('',(0.,1.));
#4576 = ( GEOMETRIC_REPRESENTATION_CONTEXT(2) 
PARAMETRIC_REPRESENTATION_CONTEXT() REPRESENTATION_CONTEXT('2D SPACE',''
  ) );
#4577 = PCURVE('',#1577,#4578);
#4578 = DEFINITIONAL_REPRESENTATION('',(#4579),#4583);
#4579 = LINE('',#4580,#4581);
#4580 = CARTESIAN_POINT('',(0.,-300.));
#4581 = VECTOR('',#4582,1.);
#4582 = DIRECTION('',(1.,0.));
#4583 = ( GEOMETRIC_REPRESENTATION_CONTEXT(2) 
PARAMETRIC_REPRESENTATION_CONTEXT() REPRESENTATION_CONTEXT('2D SPACE',''
  ) );
#4584 = ORIENTED_EDGE('',*,*,#4585,.T.);
#4585 = EDGE_CURVE('',#4563,#4586,#4588,.T.);
#4586 = VERTEX_POINT('',#4587);
#4587 = CARTESIAN_POINT('',(-34.44718831467,20.493974535487,150.));
#4588 = SURFACE_CURVE('',#4589,(#4593,#4600),.PCURVE_S1.);
#4589 = LINE('',#4590,#4591);
#4590 = CARTESIAN_POINT('',(-6.062619406767,40.2,150.));
#4591 = VECTOR('',#4592,1.);
#4592 = DIRECTION('',(-0.821444268946,-0.570288797905,0.));
#4593 = PCURVE('',#111,#4594);
#4594 = DEFINITIONAL_REPRESENTATION('',(#4595),#4599);
#4595 = LINE('',#4596,#4597);
#4596 = CARTESIAN_POINT('',(39.508702845023,6.062619406767));
#4597 = VECTOR('',#4598,1.);
#4598 = DIRECTION('',(-0.570288797905,0.821444268946));
#4599 = ( GEOMETRIC_REPRESENTATION_CONTEXT(2) 
PARAMETRIC_REPRESENTATION_CONTEXT() REPRESENTATION_CONTEXT('2D SPACE',''
  ) );
#4600 = PCURVE('',#1605,#4601);
#4601 = DEFINITIONAL_REPRESENTATION('',(#4602),#4606);
#4602 = LINE('',#4603,#4604);
#4603 = CARTESIAN_POINT('',(0.,-300.));
#4604 = VECTOR('',#4605,1.);
#4605 = DIRECTION('',(1.,0.));
#4606 = ( GEOMETRIC_REPRESENTATION_CONTEXT(2) 
PARAMETRIC_REPRESENTATION_CONTEXT() REPRESENTATION_CONTEXT('2D SPACE',''
  ) );
#4607 = ORIENTED_EDGE('',*,*,#4608,.T.);
#4608 = EDGE_CURVE('',#4586,#4609,#4611,.T.);
#4609 = VERTEX_POINT('',#4610);
#4610 = CARTESIAN_POINT('',(-34.53641570405,20.427798993226,150.));
#4611 = SURFACE_CURVE('',#4612,(#4616,#4623),.PCURVE_S1.);
#4612 = LINE('',#4613,#4614);
#4613 = CARTESIAN_POINT('',(-34.44718831467,20.493974535487,150.));
#4614 = VECTOR('',#4615,1.);
#4615 = DIRECTION('',(-0.803207530666,-0.59569930559,0.));
#4616 = PCURVE('',#111,#4617);
#4617 = DEFINITIONAL_REPRESENTATION('',(#4618),#4622);
#4618 = LINE('',#4619,#4620);
#4619 = CARTESIAN_POINT('',(19.80267738051,34.447188314679));
#4620 = VECTOR('',#4621,1.);
#4621 = DIRECTION('',(-0.59569930559,0.803207530666));
#4622 = ( GEOMETRIC_REPRESENTATION_CONTEXT(2) 
PARAMETRIC_REPRESENTATION_CONTEXT() REPRESENTATION_CONTEXT('2D SPACE',''
  ) );
#4623 = PCURVE('',#1633,#4624);
#4624 = DEFINITIONAL_REPRESENTATION('',(#4625),#4629);
#4625 = LINE('',#4626,#4627);
#4626 = CARTESIAN_POINT('',(0.,-300.));
#4627 = VECTOR('',#4628,1.);
#4628 = DIRECTION('',(1.,0.));
#4629 = ( GEOMETRIC_REPRESENTATION_CONTEXT(2) 
PARAMETRIC_REPRESENTATION_CONTEXT() REPRESENTATION_CONTEXT('2D SPACE',''
  ) );
#4630 = ORIENTED_EDGE('',*,*,#4631,.T.);
#4631 = EDGE_CURVE('',#4609,#4632,#4634,.T.);
#4632 = VERTEX_POINT('',#4633);
#4633 = CARTESIAN_POINT('',(-34.6236894389,20.348698690902,150.));
#4634 = SURFACE_CURVE('',#4635,(#4639,#4646),.PCURVE_S1.);
#4635 = LINE('',#4636,#4637);
#4636 = CARTESIAN_POINT('',(-34.53641570405,20.427798993226,150.));
#4637 = VECTOR('',#4638,1.);
#4638 = DIRECTION('',(-0.740951126143,-0.671558953977,0.));
#4639 = PCURVE('',#111,#4640);
#4640 = DEFINITIONAL_REPRESENTATION('',(#4641),#4645);
#4641 = LINE('',#4642,#4643);
#4642 = CARTESIAN_POINT('',(19.736501838249,34.536415704052));
#4643 = VECTOR('',#4644,1.);
#4644 = DIRECTION('',(-0.671558953977,0.740951126143));
#4645 = ( GEOMETRIC_REPRESENTATION_CONTEXT(2) 
PARAMETRIC_REPRESENTATION_CONTEXT() REPRESENTATION_CONTEXT('2D SPACE',''
  ) );
#4646 = PCURVE('',#1661,#4647);
#4647 = DEFINITIONAL_REPRESENTATION('',(#4648),#4652);
#4648 = LINE('',#4649,#4650);
#4649 = CARTESIAN_POINT('',(0.,-300.));
#4650 = VECTOR('',#4651,1.);
#4651 = DIRECTION('',(1.,0.));
#4652 = ( GEOMETRIC_REPRESENTATION_CONTEXT(2) 
PARAMETRIC_REPRESENTATION_CONTEXT() REPRESENTATION_CONTEXT('2D SPACE',''
  ) );
#4653 = ORIENTED_EDGE('',*,*,#4654,.T.);
#4654 = EDGE_CURVE('',#4632,#4655,#4657,.T.);
#4655 = VERTEX_POINT('',#4656);
#4656 = CARTESIAN_POINT('',(-34.70278974122,20.261424956052,150.));
#4657 = SURFACE_CURVE('',#4658,(#4662,#4669),.PCURVE_S1.);
#4658 = LINE('',#4659,#4660);
#4659 = CARTESIAN_POINT('',(-34.6236894389,20.348698690902,150.));
#4660 = VECTOR('',#4661,1.);
#4661 = DIRECTION('',(-0.671558953977,-0.740951126143,0.));
#4662 = PCURVE('',#111,#4663);
#4663 = DEFINITIONAL_REPRESENTATION('',(#4664),#4668);
#4664 = LINE('',#4665,#4666);
#4665 = CARTESIAN_POINT('',(19.657401535925,34.623689438902));
#4666 = VECTOR('',#4667,1.);
#4667 = DIRECTION('',(-0.740951126143,0.671558953977));
#4668 = ( GEOMETRIC_REPRESENTATION_CONTEXT(2) 
PARAMETRIC_REPRESENTATION_CONTEXT() REPRESENTATION_CONTEXT('2D SPACE',''
  ) );
#4669 = PCURVE('',#1689,#4670);
#4670 = DEFINITIONAL_REPRESENTATION('',(#4671),#4675);
#4671 = LINE('',#4672,#4673);
#4672 = CARTESIAN_POINT('',(0.,-300.));
#4673 = VECTOR('',#4674,1.);
#4674 = DIRECTION('',(1.,0.));
#4675 = ( GEOMETRIC_REPRESENTATION_CONTEXT(2) 
PARAMETRIC_REPRESENTATION_CONTEXT() REPRESENTATION_CONTEXT('2D SPACE',''
  ) );
#4676 = ORIENTED_EDGE('',*,*,#4677,.T.);
#4677 = EDGE_CURVE('',#4655,#4678,#4680,.T.);
#4678 = VERTEX_POINT('',#4679);
#4679 = CARTESIAN_POINT('',(-34.77295483223,20.166818282919,150.));
#4680 = SURFACE_CURVE('',#4681,(#4685,#4692),.PCURVE_S1.);
#4681 = LINE('',#4682,#4683);
#4682 = CARTESIAN_POINT('',(-34.70278974122,20.261424956052,150.));
#4683 = VECTOR('',#4684,1.);
#4684 = DIRECTION('',(-0.59569930559,-0.803207530666,0.));
#4685 = PCURVE('',#111,#4686);
#4686 = DEFINITIONAL_REPRESENTATION('',(#4687),#4691);
#4687 = LINE('',#4688,#4689);
#4688 = CARTESIAN_POINT('',(19.570127801075,34.702789741226));
#4689 = VECTOR('',#4690,1.);
#4690 = DIRECTION('',(-0.803207530666,0.59569930559));
#4691 = ( GEOMETRIC_REPRESENTATION_CONTEXT(2) 
PARAMETRIC_REPRESENTATION_CONTEXT() REPRESENTATION_CONTEXT('2D SPACE',''
  ) );
#4692 = PCURVE('',#1717,#4693);
#4693 = DEFINITIONAL_REPRESENTATION('',(#4694),#4698);
#4694 = LINE('',#4695,#4696);
#4695 = CARTESIAN_POINT('',(0.,-300.));
#4696 = VECTOR('',#4697,1.);
#4697 = DIRECTION('',(1.,0.));
#4698 = ( GEOMETRIC_REPRESENTATION_CONTEXT(2) 
PARAMETRIC_REPRESENTATION_CONTEXT() REPRESENTATION_CONTEXT('2D SPACE',''
  ) );
#4699 = ORIENTED_EDGE('',*,*,#4700,.T.);
#4700 = EDGE_CURVE('',#4678,#4701,#4703,.T.);
#4701 = VERTEX_POINT('',#4702);
#4702 = CARTESIAN_POINT('',(-34.83350898382,20.06578978465,150.));
#4703 = SURFACE_CURVE('',#4704,(#4708,#4715),.PCURVE_S1.);
#4704 = LINE('',#4705,#4706);
#4705 = CARTESIAN_POINT('',(-34.77295483223,20.166818282919,150.));
#4706 = VECTOR('',#4707,1.);
#4707 = DIRECTION('',(-0.51410274472,-0.857728609685,0.));
#4708 = PCURVE('',#111,#4709);
#4709 = DEFINITIONAL_REPRESENTATION('',(#4710),#4714);
#4710 = LINE('',#4711,#4712);
#4711 = CARTESIAN_POINT('',(19.475521127942,34.772954832237));
#4712 = VECTOR('',#4713,1.);
#4713 = DIRECTION('',(-0.857728609685,0.51410274472));
#4714 = ( GEOMETRIC_REPRESENTATION_CONTEXT(2) 
PARAMETRIC_REPRESENTATION_CONTEXT() REPRESENTATION_CONTEXT('2D SPACE',''
  ) );
#4715 = PCURVE('',#1745,#4716);
#4716 = DEFINITIONAL_REPRESENTATION('',(#4717),#4721);
#4717 = LINE('',#4718,#4719);
#4718 = CARTESIAN_POINT('',(0.,-300.));
#4719 = VECTOR('',#4720,1.);
#4720 = DIRECTION('',(1.,0.));
#4721 = ( GEOMETRIC_REPRESENTATION_CONTEXT(2) 
PARAMETRIC_REPRESENTATION_CONTEXT() REPRESENTATION_CONTEXT('2D SPACE',''
  ) );
#4722 = ORIENTED_EDGE('',*,*,#4723,.T.);
#4723 = EDGE_CURVE('',#4701,#4724,#4726,.T.);
#4724 = VERTEX_POINT('',#4725);
#4725 = CARTESIAN_POINT('',(-34.88386902579,19.959312420926,150.));
#4726 = SURFACE_CURVE('',#4727,(#4731,#4738),.PCURVE_S1.);
#4727 = LINE('',#4728,#4729);
#4728 = CARTESIAN_POINT('',(-34.83350898382,20.06578978465,150.));
#4729 = VECTOR('',#4730,1.);
#4730 = DIRECTION('',(-0.42755508995,-0.903989294769,0.));
#4731 = PCURVE('',#111,#4732);
#4732 = DEFINITIONAL_REPRESENTATION('',(#4733),#4737);
#4733 = LINE('',#4734,#4735);
#4734 = CARTESIAN_POINT('',(19.374492629673,34.833508983828));
#4735 = VECTOR('',#4736,1.);
#4736 = DIRECTION('',(-0.903989294769,0.42755508995));
#4737 = ( GEOMETRIC_REPRESENTATION_CONTEXT(2) 
PARAMETRIC_REPRESENTATION_CONTEXT() REPRESENTATION_CONTEXT('2D SPACE',''
  ) );
#4738 = PCURVE('',#1773,#4739);
#4739 = DEFINITIONAL_REPRESENTATION('',(#4740),#4744);
#4740 = LINE('',#4741,#4742);
#4741 = CARTESIAN_POINT('',(0.,-300.));
#4742 = VECTOR('',#4743,1.);
#4743 = DIRECTION('',(1.,0.));
#4744 = ( GEOMETRIC_REPRESENTATION_CONTEXT(2) 
PARAMETRIC_REPRESENTATION_CONTEXT() REPRESENTATION_CONTEXT('2D SPACE',''
  ) );
#4745 = ORIENTED_EDGE('',*,*,#4746,.T.);
#4746 = EDGE_CURVE('',#4724,#4747,#4749,.T.);
#4747 = VERTEX_POINT('',#4748);
#4748 = CARTESIAN_POINT('',(-34.92354996339,19.848411629104,150.));
#4749 = SURFACE_CURVE('',#4750,(#4754,#4761),.PCURVE_S1.);
#4750 = LINE('',#4751,#4752);
#4751 = CARTESIAN_POINT('',(-34.88386902579,19.959312420926,150.));
#4752 = VECTOR('',#4753,1.);
#4753 = DIRECTION('',(-0.336889851754,-0.941544065769,0.));
#4754 = PCURVE('',#111,#4755);
#4755 = DEFINITIONAL_REPRESENTATION('',(#4756),#4760);
#4756 = LINE('',#4757,#4758);
#4757 = CARTESIAN_POINT('',(19.268015265949,34.883869025798));
#4758 = VECTOR('',#4759,1.);
#4759 = DIRECTION('',(-0.941544065769,0.336889851754));
#4760 = ( GEOMETRIC_REPRESENTATION_CONTEXT(2) 
PARAMETRIC_REPRESENTATION_CONTEXT() REPRESENTATION_CONTEXT('2D SPACE',''
  ) );
#4761 = PCURVE('',#1801,#4762);
#4762 = DEFINITIONAL_REPRESENTATION('',(#4763),#4767);
#4763 = LINE('',#4764,#4765);
#4764 = CARTESIAN_POINT('',(0.,-300.));
#4765 = VECTOR('',#4766,1.);
#4766 = DIRECTION('',(1.,0.));
#4767 = ( GEOMETRIC_REPRESENTATION_CONTEXT(2) 
PARAMETRIC_REPRESENTATION_CONTEXT() REPRESENTATION_CONTEXT('2D SPACE',''
  ) );
#4768 = ORIENTED_EDGE('',*,*,#4769,.T.);
#4769 = EDGE_CURVE('',#4747,#4770,#4772,.T.);
#4770 = VERTEX_POINT('',#4771);
#4771 = CARTESIAN_POINT('',(-34.95216964881,19.734155442123,150.));
#4772 = SURFACE_CURVE('',#4773,(#4777,#4784),.PCURVE_S1.);
#4773 = LINE('',#4774,#4775);
#4774 = CARTESIAN_POINT('',(-34.92354996339,19.848411629104,150.));
#4775 = VECTOR('',#4776,1.);
#4776 = DIRECTION('',(-0.24298018363,-0.970031252261,0.));
#4777 = PCURVE('',#111,#4778);
#4778 = DEFINITIONAL_REPRESENTATION('',(#4779),#4783);
#4779 = LINE('',#4780,#4781);
#4780 = CARTESIAN_POINT('',(19.157114474127,34.923549963393));
#4781 = VECTOR('',#4782,1.);
#4782 = DIRECTION('',(-0.970031252261,0.24298018363));
#4783 = ( GEOMETRIC_REPRESENTATION_CONTEXT(2) 
PARAMETRIC_REPRESENTATION_CONTEXT() REPRESENTATION_CONTEXT('2D SPACE',''
  ) );
#4784 = PCURVE('',#1829,#4785);
#4785 = DEFINITIONAL_REPRESENTATION('',(#4786),#4790);
#4786 = LINE('',#4787,#4788);
#4787 = CARTESIAN_POINT('',(0.,-300.));
#4788 = VECTOR('',#4789,1.);
#4789 = DIRECTION('',(1.,0.));
#4790 = ( GEOMETRIC_REPRESENTATION_CONTEXT(2) 
PARAMETRIC_REPRESENTATION_CONTEXT() REPRESENTATION_CONTEXT('2D SPACE',''
  ) );
#4791 = ORIENTED_EDGE('',*,*,#4792,.T.);
#4792 = EDGE_CURVE('',#4770,#4793,#4795,.T.);
#4793 = VERTEX_POINT('',#4794);
#4794 = CARTESIAN_POINT('',(-34.9694524571,19.617644210107,150.));
#4795 = SURFACE_CURVE('',#4796,(#4800,#4807),.PCURVE_S1.);
#4796 = LINE('',#4797,#4798);
#4797 = CARTESIAN_POINT('',(-34.95216964881,19.734155442123,150.));
#4798 = VECTOR('',#4799,1.);
#4799 = DIRECTION('',(-0.14673047131,-0.989176510431,0.));
#4800 = PCURVE('',#111,#4801);
#4801 = DEFINITIONAL_REPRESENTATION('',(#4802),#4806);
#4802 = LINE('',#4803,#4804);
#4803 = CARTESIAN_POINT('',(19.042858287146,34.952169648819));
#4804 = VECTOR('',#4805,1.);
#4805 = DIRECTION('',(-0.989176510431,0.14673047131));
#4806 = ( GEOMETRIC_REPRESENTATION_CONTEXT(2) 
PARAMETRIC_REPRESENTATION_CONTEXT() REPRESENTATION_CONTEXT('2D SPACE',''
  ) );
#4807 = PCURVE('',#1857,#4808);
#4808 = DEFINITIONAL_REPRESENTATION('',(#4809),#4813);
#4809 = LINE('',#4810,#4811);
#4810 = CARTESIAN_POINT('',(0.,-300.));
#4811 = VECTOR('',#4812,1.);
#4812 = DIRECTION('',(1.,0.));
#4813 = ( GEOMETRIC_REPRESENTATION_CONTEXT(2) 
PARAMETRIC_REPRESENTATION_CONTEXT() REPRESENTATION_CONTEXT('2D SPACE',''
  ) );
#4814 = ORIENTED_EDGE('',*,*,#4815,.T.);
#4815 = EDGE_CURVE('',#4793,#183,#4816,.T.);
#4816 = SURFACE_CURVE('',#4817,(#4821,#4828),.PCURVE_S1.);
#4817 = LINE('',#4818,#4819);
#4818 = CARTESIAN_POINT('',(-34.9694524571,19.617644210107,150.));
#4819 = VECTOR('',#4820,1.);
#4820 = DIRECTION('',(-4.906768132523E-02,-0.998795455861,0.));
#4821 = PCURVE('',#111,#4822);
#4822 = DEFINITIONAL_REPRESENTATION('',(#4823),#4827);
#4823 = LINE('',#4824,#4825);
#4824 = CARTESIAN_POINT('',(18.926347055131,34.969452457101));
#4825 = VECTOR('',#4826,1.);
#4826 = DIRECTION('',(-0.998795455861,4.906768132523E-02));
#4827 = ( GEOMETRIC_REPRESENTATION_CONTEXT(2) 
PARAMETRIC_REPRESENTATION_CONTEXT() REPRESENTATION_CONTEXT('2D SPACE',''
  ) );
#4828 = PCURVE('',#198,#4829);
#4829 = DEFINITIONAL_REPRESENTATION('',(#4830),#4834);
#4830 = LINE('',#4831,#4832);
#4831 = CARTESIAN_POINT('',(0.,-300.));
#4832 = VECTOR('',#4833,1.);
#4833 = DIRECTION('',(1.,0.));
#4834 = ( GEOMETRIC_REPRESENTATION_CONTEXT(2) 
PARAMETRIC_REPRESENTATION_CONTEXT() REPRESENTATION_CONTEXT('2D SPACE',''
  ) );
#4835 = ORIENTED_EDGE('',*,*,#210,.T.);
#4836 = FACE_BOUND('',#4837,.T.);
#4837 = EDGE_LOOP('',(#4838,#4863,#4886,#4909,#4932,#4955,#4978,#5001,
    #5024,#5047,#5070,#5093,#5116,#5139,#5162,#5185,#5208,#5231,#5254,
    #5277,#5300,#5323,#5346,#5369,#5392,#5415,#5438,#5461,#5484,#5507,
    #5530,#5553,#5576,#5599,#5622,#5645,#5668,#5691,#5714,#5737,#5760,
    #5783,#5806,#5829,#5852,#5875,#5898,#5921,#5944,#5967,#5990,#6013,
    #6036,#6059,#6082,#6105,#6128,#6151,#6174));
#4838 = ORIENTED_EDGE('',*,*,#4839,.F.);
#4839 = EDGE_CURVE('',#4840,#4842,#4844,.T.);
#4840 = VERTEX_POINT('',#4841);
#4841 = CARTESIAN_POINT('',(-34.774990748,-19.5,150.));
#4842 = VERTEX_POINT('',#4843);
#4843 = CARTESIAN_POINT('',(-34.770175474,-19.59801714,150.));
#4844 = SURFACE_CURVE('',#4845,(#4849,#4856),.PCURVE_S1.);
#4845 = LINE('',#4846,#4847);
#4846 = CARTESIAN_POINT('',(-34.774990748,-19.5,150.));
#4847 = VECTOR('',#4848,1.);
#4848 = DIRECTION('',(4.906768132522E-02,-0.998795455861,0.));
#4849 = PCURVE('',#111,#4850);
#4850 = DEFINITIONAL_REPRESENTATION('',(#4851),#4855);
#4851 = LINE('',#4852,#4853);
#4852 = CARTESIAN_POINT('',(-20.19129715497,34.774990748));
#4853 = VECTOR('',#4854,1.);
#4854 = DIRECTION('',(-0.998795455861,-4.906768132522E-02));
#4855 = ( GEOMETRIC_REPRESENTATION_CONTEXT(2) 
PARAMETRIC_REPRESENTATION_CONTEXT() REPRESENTATION_CONTEXT('2D SPACE',''
  ) );
#4856 = PCURVE('',#1911,#4857);
#4857 = DEFINITIONAL_REPRESENTATION('',(#4858),#4862);
#4858 = LINE('',#4859,#4860);
#4859 = CARTESIAN_POINT('',(0.,-300.));
#4860 = VECTOR('',#4861,1.);
#4861 = DIRECTION('',(1.,0.));
#4862 = ( GEOMETRIC_REPRESENTATION_CONTEXT(2) 
PARAMETRIC_REPRESENTATION_CONTEXT() REPRESENTATION_CONTEXT('2D SPACE',''
  ) );
#4863 = ORIENTED_EDGE('',*,*,#4864,.F.);
#4864 = EDGE_CURVE('',#4865,#4840,#4867,.T.);
#4865 = VERTEX_POINT('',#4866);
#4866 = CARTESIAN_POINT('',(-34.774990748,19.5,150.));
#4867 = SURFACE_CURVE('',#4868,(#4872,#4879),.PCURVE_S1.);
#4868 = LINE('',#4869,#4870);
#4869 = CARTESIAN_POINT('',(-34.774990748,19.5,150.));
#4870 = VECTOR('',#4871,1.);
#4871 = DIRECTION('',(0.,-1.,0.));
#4872 = PCURVE('',#111,#4873);
#4873 = DEFINITIONAL_REPRESENTATION('',(#4874),#4878);
#4874 = LINE('',#4875,#4876);
#4875 = CARTESIAN_POINT('',(18.808702845023,34.774990748));
#4876 = VECTOR('',#4877,1.);
#4877 = DIRECTION('',(-1.,-5.518637272201E-80));
#4878 = ( GEOMETRIC_REPRESENTATION_CONTEXT(2) 
PARAMETRIC_REPRESENTATION_CONTEXT() REPRESENTATION_CONTEXT('2D SPACE',''
  ) );
#4879 = PCURVE('',#1939,#4880);
#4880 = DEFINITIONAL_REPRESENTATION('',(#4881),#4885);
#4881 = LINE('',#4882,#4883);
#4882 = CARTESIAN_POINT('',(0.,-300.));
#4883 = VECTOR('',#4884,1.);
#4884 = DIRECTION('',(1.,0.));
#4885 = ( GEOMETRIC_REPRESENTATION_CONTEXT(2) 
PARAMETRIC_REPRESENTATION_CONTEXT() REPRESENTATION_CONTEXT('2D SPACE',''
  ) );
#4886 = ORIENTED_EDGE('',*,*,#4887,.F.);
#4887 = EDGE_CURVE('',#4888,#4865,#4890,.T.);
#4888 = VERTEX_POINT('',#4889);
#4889 = CARTESIAN_POINT('',(-34.770175474,19.59801714,150.));
#4890 = SURFACE_CURVE('',#4891,(#4895,#4902),.PCURVE_S1.);
#4891 = LINE('',#4892,#4893);
#4892 = CARTESIAN_POINT('',(-34.770175474,19.59801714,150.));
#4893 = VECTOR('',#4894,1.);
#4894 = DIRECTION('',(-4.906768132522E-02,-0.998795455861,0.));
#4895 = PCURVE('',#111,#4896);
#4896 = DEFINITIONAL_REPRESENTATION('',(#4897),#4901);
#4897 = LINE('',#4898,#4899);
#4898 = CARTESIAN_POINT('',(18.906719985023,34.770175474));
#4899 = VECTOR('',#4900,1.);
#4900 = DIRECTION('',(-0.998795455861,4.906768132522E-02));
#4901 = ( GEOMETRIC_REPRESENTATION_CONTEXT(2) 
PARAMETRIC_REPRESENTATION_CONTEXT() REPRESENTATION_CONTEXT('2D SPACE',''
  ) );
#4902 = PCURVE('',#1967,#4903);
#4903 = DEFINITIONAL_REPRESENTATION('',(#4904),#4908);
#4904 = LINE('',#4905,#4906);
#4905 = CARTESIAN_POINT('',(0.,-300.));
#4906 = VECTOR('',#4907,1.);
#4907 = DIRECTION('',(1.,0.));
#4908 = ( GEOMETRIC_REPRESENTATION_CONTEXT(2) 
PARAMETRIC_REPRESENTATION_CONTEXT() REPRESENTATION_CONTEXT('2D SPACE',''
  ) );
#4909 = ORIENTED_EDGE('',*,*,#4910,.F.);
#4910 = EDGE_CURVE('',#4911,#4888,#4913,.T.);
#4911 = VERTEX_POINT('',#4912);
#4912 = CARTESIAN_POINT('',(-34.755776028,19.695090322,150.));
#4913 = SURFACE_CURVE('',#4914,(#4918,#4925),.PCURVE_S1.);
#4914 = LINE('',#4915,#4916);
#4915 = CARTESIAN_POINT('',(-34.755776028,19.695090322,150.));
#4916 = VECTOR('',#4917,1.);
#4917 = DIRECTION('',(-0.14673047131,-0.989176510431,0.));
#4918 = PCURVE('',#111,#4919);
#4919 = DEFINITIONAL_REPRESENTATION('',(#4920),#4924);
#4920 = LINE('',#4921,#4922);
#4921 = CARTESIAN_POINT('',(19.003793167023,34.755776028));
#4922 = VECTOR('',#4923,1.);
#4923 = DIRECTION('',(-0.989176510431,0.14673047131));
#4924 = ( GEOMETRIC_REPRESENTATION_CONTEXT(2) 
PARAMETRIC_REPRESENTATION_CONTEXT() REPRESENTATION_CONTEXT('2D SPACE',''
  ) );
#4925 = PCURVE('',#1995,#4926);
#4926 = DEFINITIONAL_REPRESENTATION('',(#4927),#4931);
#4927 = LINE('',#4928,#4929);
#4928 = CARTESIAN_POINT('',(0.,-300.));
#4929 = VECTOR('',#4930,1.);
#4930 = DIRECTION('',(1.,0.));
#4931 = ( GEOMETRIC_REPRESENTATION_CONTEXT(2) 
PARAMETRIC_REPRESENTATION_CONTEXT() REPRESENTATION_CONTEXT('2D SPACE',''
  ) );
#4932 = ORIENTED_EDGE('',*,*,#4933,.F.);
#4933 = EDGE_CURVE('',#4934,#4911,#4936,.T.);
#4934 = VERTEX_POINT('',#4935);
#4935 = CARTESIAN_POINT('',(-34.731931083,19.790284677,150.));
#4936 = SURFACE_CURVE('',#4937,(#4941,#4948),.PCURVE_S1.);
#4937 = LINE('',#4938,#4939);
#4938 = CARTESIAN_POINT('',(-34.731931083,19.790284677,150.));
#4939 = VECTOR('',#4940,1.);
#4940 = DIRECTION('',(-0.24298018363,-0.970031252261,0.));
#4941 = PCURVE('',#111,#4942);
#4942 = DEFINITIONAL_REPRESENTATION('',(#4943),#4947);
#4943 = LINE('',#4944,#4945);
#4944 = CARTESIAN_POINT('',(19.098987522023,34.731931083));
#4945 = VECTOR('',#4946,1.);
#4946 = DIRECTION('',(-0.970031252261,0.24298018363));
#4947 = ( GEOMETRIC_REPRESENTATION_CONTEXT(2) 
PARAMETRIC_REPRESENTATION_CONTEXT() REPRESENTATION_CONTEXT('2D SPACE',''
  ) );
#4948 = PCURVE('',#2023,#4949);
#4949 = DEFINITIONAL_REPRESENTATION('',(#4950),#4954);
#4950 = LINE('',#4951,#4952);
#4951 = CARTESIAN_POINT('',(0.,-300.));
#4952 = VECTOR('',#4953,1.);
#4953 = DIRECTION('',(1.,0.));
#4954 = ( GEOMETRIC_REPRESENTATION_CONTEXT(2) 
PARAMETRIC_REPRESENTATION_CONTEXT() REPRESENTATION_CONTEXT('2D SPACE',''
  ) );
#4955 = ORIENTED_EDGE('',*,*,#4956,.F.);
#4956 = EDGE_CURVE('',#4957,#4934,#4959,.T.);
#4957 = VERTEX_POINT('',#4958);
#4958 = CARTESIAN_POINT('',(-34.69887028,19.882683432,150.));
#4959 = SURFACE_CURVE('',#4960,(#4964,#4971),.PCURVE_S1.);
#4960 = LINE('',#4961,#4962);
#4961 = CARTESIAN_POINT('',(-34.69887028,19.882683432,150.));
#4962 = VECTOR('',#4963,1.);
#4963 = DIRECTION('',(-0.336889851754,-0.941544065769,0.));
#4964 = PCURVE('',#111,#4965);
#4965 = DEFINITIONAL_REPRESENTATION('',(#4966),#4970);
#4966 = LINE('',#4967,#4968);
#4967 = CARTESIAN_POINT('',(19.191386277023,34.69887028));
#4968 = VECTOR('',#4969,1.);
#4969 = DIRECTION('',(-0.941544065769,0.336889851754));
#4970 = ( GEOMETRIC_REPRESENTATION_CONTEXT(2) 
PARAMETRIC_REPRESENTATION_CONTEXT() REPRESENTATION_CONTEXT('2D SPACE',''
  ) );
#4971 = PCURVE('',#2051,#4972);
#4972 = DEFINITIONAL_REPRESENTATION('',(#4973),#4977);
#4973 = LINE('',#4974,#4975);
#4974 = CARTESIAN_POINT('',(0.,-300.));
#4975 = VECTOR('',#4976,1.);
#4976 = DIRECTION('',(1.,0.));
#4977 = ( GEOMETRIC_REPRESENTATION_CONTEXT(2) 
PARAMETRIC_REPRESENTATION_CONTEXT() REPRESENTATION_CONTEXT('2D SPACE',''
  ) );
#4978 = ORIENTED_EDGE('',*,*,#4979,.F.);
#4979 = EDGE_CURVE('',#4980,#4957,#4982,.T.);
#4980 = VERTEX_POINT('',#4981);
#4981 = CARTESIAN_POINT('',(-34.656912012,19.971396737,150.));
#4982 = SURFACE_CURVE('',#4983,(#4987,#4994),.PCURVE_S1.);
#4983 = LINE('',#4984,#4985);
#4984 = CARTESIAN_POINT('',(-34.656912012,19.971396737,150.));
#4985 = VECTOR('',#4986,1.);
#4986 = DIRECTION('',(-0.42755508995,-0.903989294769,0.));
#4987 = PCURVE('',#111,#4988);
#4988 = DEFINITIONAL_REPRESENTATION('',(#4989),#4993);
#4989 = LINE('',#4990,#4991);
#4990 = CARTESIAN_POINT('',(19.280099582023,34.656912012));
#4991 = VECTOR('',#4992,1.);
#4992 = DIRECTION('',(-0.903989294769,0.42755508995));
#4993 = ( GEOMETRIC_REPRESENTATION_CONTEXT(2) 
PARAMETRIC_REPRESENTATION_CONTEXT() REPRESENTATION_CONTEXT('2D SPACE',''
  ) );
#4994 = PCURVE('',#2079,#4995);
#4995 = DEFINITIONAL_REPRESENTATION('',(#4996),#5000);
#4996 = LINE('',#4997,#4998);
#4997 = CARTESIAN_POINT('',(0.,-300.));
#4998 = VECTOR('',#4999,1.);
#4999 = DIRECTION('',(1.,0.));
#5000 = ( GEOMETRIC_REPRESENTATION_CONTEXT(2) 
PARAMETRIC_REPRESENTATION_CONTEXT() REPRESENTATION_CONTEXT('2D SPACE',''
  ) );
#5001 = ORIENTED_EDGE('',*,*,#5002,.F.);
#5002 = EDGE_CURVE('',#5003,#4980,#5005,.T.);
#5003 = VERTEX_POINT('',#5004);
#5004 = CARTESIAN_POINT('',(-34.60646036,20.055570233,150.));
#5005 = SURFACE_CURVE('',#5006,(#5010,#5017),.PCURVE_S1.);
#5006 = LINE('',#5007,#5008);
#5007 = CARTESIAN_POINT('',(-34.60646036,20.055570233,150.));
#5008 = VECTOR('',#5009,1.);
#5009 = DIRECTION('',(-0.51410274472,-0.857728609685,0.));
#5010 = PCURVE('',#111,#5011);
#5011 = DEFINITIONAL_REPRESENTATION('',(#5012),#5016);
#5012 = LINE('',#5013,#5014);
#5013 = CARTESIAN_POINT('',(19.364273078023,34.60646036));
#5014 = VECTOR('',#5015,1.);
#5015 = DIRECTION('',(-0.857728609685,0.51410274472));
#5016 = ( GEOMETRIC_REPRESENTATION_CONTEXT(2) 
PARAMETRIC_REPRESENTATION_CONTEXT() REPRESENTATION_CONTEXT('2D SPACE',''
  ) );
#5017 = PCURVE('',#2107,#5018);
#5018 = DEFINITIONAL_REPRESENTATION('',(#5019),#5023);
#5019 = LINE('',#5020,#5021);
#5020 = CARTESIAN_POINT('',(0.,-300.));
#5021 = VECTOR('',#5022,1.);
#5022 = DIRECTION('',(1.,0.));
#5023 = ( GEOMETRIC_REPRESENTATION_CONTEXT(2) 
PARAMETRIC_REPRESENTATION_CONTEXT() REPRESENTATION_CONTEXT('2D SPACE',''
  ) );
#5024 = ORIENTED_EDGE('',*,*,#5025,.F.);
#5025 = EDGE_CURVE('',#5026,#5003,#5028,.T.);
#5026 = VERTEX_POINT('',#5027);
#5027 = CARTESIAN_POINT('',(-34.548001201,20.134393284,150.));
#5028 = SURFACE_CURVE('',#5029,(#5033,#5040),.PCURVE_S1.);
#5029 = LINE('',#5030,#5031);
#5030 = CARTESIAN_POINT('',(-34.548001201,20.134393284,150.));
#5031 = VECTOR('',#5032,1.);
#5032 = DIRECTION('',(-0.59569930559,-0.803207530666,0.));
#5033 = PCURVE('',#111,#5034);
#5034 = DEFINITIONAL_REPRESENTATION('',(#5035),#5039);
#5035 = LINE('',#5036,#5037);
#5036 = CARTESIAN_POINT('',(19.443096129023,34.548001201));
#5037 = VECTOR('',#5038,1.);
#5038 = DIRECTION('',(-0.803207530666,0.59569930559));
#5039 = ( GEOMETRIC_REPRESENTATION_CONTEXT(2) 
PARAMETRIC_REPRESENTATION_CONTEXT() REPRESENTATION_CONTEXT('2D SPACE',''
  ) );
#5040 = PCURVE('',#2135,#5041);
#5041 = DEFINITIONAL_REPRESENTATION('',(#5042),#5046);
#5042 = LINE('',#5043,#5044);
#5043 = CARTESIAN_POINT('',(0.,-300.));
#5044 = VECTOR('',#5045,1.);
#5045 = DIRECTION('',(1.,0.));
#5046 = ( GEOMETRIC_REPRESENTATION_CONTEXT(2) 
PARAMETRIC_REPRESENTATION_CONTEXT() REPRESENTATION_CONTEXT('2D SPACE',''
  ) );
#5047 = ORIENTED_EDGE('',*,*,#5048,.F.);
#5048 = EDGE_CURVE('',#5049,#5026,#5051,.T.);
#5049 = VERTEX_POINT('',#5050);
#5050 = CARTESIAN_POINT('',(-34.482097529,20.207106781,150.));
#5051 = SURFACE_CURVE('',#5052,(#5056,#5063),.PCURVE_S1.);
#5052 = LINE('',#5053,#5054);
#5053 = CARTESIAN_POINT('',(-34.482097529,20.207106781,150.));
#5054 = VECTOR('',#5055,1.);
#5055 = DIRECTION('',(-0.671558953977,-0.740951126143,0.));
#5056 = PCURVE('',#111,#5057);
#5057 = DEFINITIONAL_REPRESENTATION('',(#5058),#5062);
#5058 = LINE('',#5059,#5060);
#5059 = CARTESIAN_POINT('',(19.515809626023,34.482097529));
#5060 = VECTOR('',#5061,1.);
#5061 = DIRECTION('',(-0.740951126143,0.671558953977));
#5062 = ( GEOMETRIC_REPRESENTATION_CONTEXT(2) 
PARAMETRIC_REPRESENTATION_CONTEXT() REPRESENTATION_CONTEXT('2D SPACE',''
  ) );
#5063 = PCURVE('',#2163,#5064);
#5064 = DEFINITIONAL_REPRESENTATION('',(#5065),#5069);
#5065 = LINE('',#5066,#5067);
#5066 = CARTESIAN_POINT('',(0.,-300.));
#5067 = VECTOR('',#5068,1.);
#5068 = DIRECTION('',(1.,0.));
#5069 = ( GEOMETRIC_REPRESENTATION_CONTEXT(2) 
PARAMETRIC_REPRESENTATION_CONTEXT() REPRESENTATION_CONTEXT('2D SPACE',''
  ) );
#5070 = ORIENTED_EDGE('',*,*,#5071,.F.);
#5071 = EDGE_CURVE('',#5072,#5049,#5074,.T.);
#5072 = VERTEX_POINT('',#5073);
#5073 = CARTESIAN_POINT('',(-34.409384032,20.273010453,150.));
#5074 = SURFACE_CURVE('',#5075,(#5079,#5086),.PCURVE_S1.);
#5075 = LINE('',#5076,#5077);
#5076 = CARTESIAN_POINT('',(-34.409384032,20.273010453,150.));
#5077 = VECTOR('',#5078,1.);
#5078 = DIRECTION('',(-0.740951126143,-0.671558953977,0.));
#5079 = PCURVE('',#111,#5080);
#5080 = DEFINITIONAL_REPRESENTATION('',(#5081),#5085);
#5081 = LINE('',#5082,#5083);
#5082 = CARTESIAN_POINT('',(19.581713298023,34.409384032));
#5083 = VECTOR('',#5084,1.);
#5084 = DIRECTION('',(-0.671558953977,0.740951126143));
#5085 = ( GEOMETRIC_REPRESENTATION_CONTEXT(2) 
PARAMETRIC_REPRESENTATION_CONTEXT() REPRESENTATION_CONTEXT('2D SPACE',''
  ) );
#5086 = PCURVE('',#2191,#5087);
#5087 = DEFINITIONAL_REPRESENTATION('',(#5088),#5092);
#5088 = LINE('',#5089,#5090);
#5089 = CARTESIAN_POINT('',(0.,-300.));
#5090 = VECTOR('',#5091,1.);
#5091 = DIRECTION('',(1.,0.));
#5092 = ( GEOMETRIC_REPRESENTATION_CONTEXT(2) 
PARAMETRIC_REPRESENTATION_CONTEXT() REPRESENTATION_CONTEXT('2D SPACE',''
  ) );
#5093 = ORIENTED_EDGE('',*,*,#5094,.F.);
#5094 = EDGE_CURVE('',#5095,#5072,#5097,.T.);
#5095 = VERTEX_POINT('',#5096);
#5096 = CARTESIAN_POINT('',(-34.330560981,20.331469612,150.));
#5097 = SURFACE_CURVE('',#5098,(#5102,#5109),.PCURVE_S1.);
#5098 = LINE('',#5099,#5100);
#5099 = CARTESIAN_POINT('',(-34.330560981,20.331469612,150.));
#5100 = VECTOR('',#5101,1.);
#5101 = DIRECTION('',(-0.803207530666,-0.59569930559,0.));
#5102 = PCURVE('',#111,#5103);
#5103 = DEFINITIONAL_REPRESENTATION('',(#5104),#5108);
#5104 = LINE('',#5105,#5106);
#5105 = CARTESIAN_POINT('',(19.640172457023,34.330560981));
#5106 = VECTOR('',#5107,1.);
#5107 = DIRECTION('',(-0.59569930559,0.803207530666));
#5108 = ( GEOMETRIC_REPRESENTATION_CONTEXT(2) 
PARAMETRIC_REPRESENTATION_CONTEXT() REPRESENTATION_CONTEXT('2D SPACE',''
  ) );
#5109 = PCURVE('',#2219,#5110);
#5110 = DEFINITIONAL_REPRESENTATION('',(#5111),#5115);
#5111 = LINE('',#5112,#5113);
#5112 = CARTESIAN_POINT('',(0.,-300.));
#5113 = VECTOR('',#5114,1.);
#5114 = DIRECTION('',(1.,0.));
#5115 = ( GEOMETRIC_REPRESENTATION_CONTEXT(2) 
PARAMETRIC_REPRESENTATION_CONTEXT() REPRESENTATION_CONTEXT('2D SPACE',''
  ) );
#5116 = ORIENTED_EDGE('',*,*,#5117,.F.);
#5117 = EDGE_CURVE('',#5118,#5095,#5120,.T.);
#5118 = VERTEX_POINT('',#5119);
#5119 = CARTESIAN_POINT('',(-6.,40.,150.));
#5120 = SURFACE_CURVE('',#5121,(#5125,#5132),.PCURVE_S1.);
#5121 = LINE('',#5122,#5123);
#5122 = CARTESIAN_POINT('',(-6.,40.,150.));
#5123 = VECTOR('',#5124,1.);
#5124 = DIRECTION('',(-0.821444268946,-0.570288797905,0.));
#5125 = PCURVE('',#111,#5126);
#5126 = DEFINITIONAL_REPRESENTATION('',(#5127),#5131);
#5127 = LINE('',#5128,#5129);
#5128 = CARTESIAN_POINT('',(39.308702845023,6.));
#5129 = VECTOR('',#5130,1.);
#5130 = DIRECTION('',(-0.570288797905,0.821444268946));
#5131 = ( GEOMETRIC_REPRESENTATION_CONTEXT(2) 
PARAMETRIC_REPRESENTATION_CONTEXT() REPRESENTATION_CONTEXT('2D SPACE',''
  ) );
#5132 = PCURVE('',#2247,#5133);
#5133 = DEFINITIONAL_REPRESENTATION('',(#5134),#5138);
#5134 = LINE('',#5135,#5136);
#5135 = CARTESIAN_POINT('',(0.,-300.));
#5136 = VECTOR('',#5137,1.);
#5137 = DIRECTION('',(1.,0.));
#5138 = ( GEOMETRIC_REPRESENTATION_CONTEXT(2) 
PARAMETRIC_REPRESENTATION_CONTEXT() REPRESENTATION_CONTEXT('2D SPACE',''
  ) );
#5139 = ORIENTED_EDGE('',*,*,#5140,.F.);
#5140 = EDGE_CURVE('',#5141,#5118,#5143,.T.);
#5141 = VERTEX_POINT('',#5142);
#5142 = CARTESIAN_POINT('',(6.,40.,150.));
#5143 = SURFACE_CURVE('',#5144,(#5148,#5155),.PCURVE_S1.);
#5144 = LINE('',#5145,#5146);
#5145 = CARTESIAN_POINT('',(6.,40.,150.));
#5146 = VECTOR('',#5147,1.);
#5147 = DIRECTION('',(-1.,0.,0.));
#5148 = PCURVE('',#111,#5149);
#5149 = DEFINITIONAL_REPRESENTATION('',(#5150),#5154);
#5150 = LINE('',#5151,#5152);
#5151 = CARTESIAN_POINT('',(39.308702845023,-6.));
#5152 = VECTOR('',#5153,1.);
#5153 = DIRECTION('',(0.,1.));
#5154 = ( GEOMETRIC_REPRESENTATION_CONTEXT(2) 
PARAMETRIC_REPRESENTATION_CONTEXT() REPRESENTATION_CONTEXT('2D SPACE',''
  ) );
#5155 = PCURVE('',#2275,#5156);
#5156 = DEFINITIONAL_REPRESENTATION('',(#5157),#5161);
#5157 = LINE('',#5158,#5159);
#5158 = CARTESIAN_POINT('',(0.,-300.));
#5159 = VECTOR('',#5160,1.);
#5160 = DIRECTION('',(1.,0.));
#5161 = ( GEOMETRIC_REPRESENTATION_CONTEXT(2) 
PARAMETRIC_REPRESENTATION_CONTEXT() REPRESENTATION_CONTEXT('2D SPACE',''
  ) );
#5162 = ORIENTED_EDGE('',*,*,#5163,.F.);
#5163 = EDGE_CURVE('',#5164,#5141,#5166,.T.);
#5164 = VERTEX_POINT('',#5165);
#5165 = CARTESIAN_POINT('',(34.330560981,20.331469612,150.));
#5166 = SURFACE_CURVE('',#5167,(#5171,#5178),.PCURVE_S1.);
#5167 = LINE('',#5168,#5169);
#5168 = CARTESIAN_POINT('',(34.330560981,20.331469612,150.));
#5169 = VECTOR('',#5170,1.);
#5170 = DIRECTION('',(-0.821444268946,0.570288797905,0.));
#5171 = PCURVE('',#111,#5172);
#5172 = DEFINITIONAL_REPRESENTATION('',(#5173),#5177);
#5173 = LINE('',#5174,#5175);
#5174 = CARTESIAN_POINT('',(19.640172457023,-34.330560981));
#5175 = VECTOR('',#5176,1.);
#5176 = DIRECTION('',(0.570288797905,0.821444268946));
#5177 = ( GEOMETRIC_REPRESENTATION_CONTEXT(2) 
PARAMETRIC_REPRESENTATION_CONTEXT() REPRESENTATION_CONTEXT('2D SPACE',''
  ) );
#5178 = PCURVE('',#2303,#5179);
#5179 = DEFINITIONAL_REPRESENTATION('',(#5180),#5184);
#5180 = LINE('',#5181,#5182);
#5181 = CARTESIAN_POINT('',(0.,-300.));
#5182 = VECTOR('',#5183,1.);
#5183 = DIRECTION('',(1.,0.));
#5184 = ( GEOMETRIC_REPRESENTATION_CONTEXT(2) 
PARAMETRIC_REPRESENTATION_CONTEXT() REPRESENTATION_CONTEXT('2D SPACE',''
  ) );
#5185 = ORIENTED_EDGE('',*,*,#5186,.F.);
#5186 = EDGE_CURVE('',#5187,#5164,#5189,.T.);
#5187 = VERTEX_POINT('',#5188);
#5188 = CARTESIAN_POINT('',(34.409384032,20.273010453,150.));
#5189 = SURFACE_CURVE('',#5190,(#5194,#5201),.PCURVE_S1.);
#5190 = LINE('',#5191,#5192);
#5191 = CARTESIAN_POINT('',(34.409384032,20.273010453,150.));
#5192 = VECTOR('',#5193,1.);
#5193 = DIRECTION('',(-0.803207530666,0.59569930559,0.));
#5194 = PCURVE('',#111,#5195);
#5195 = DEFINITIONAL_REPRESENTATION('',(#5196),#5200);
#5196 = LINE('',#5197,#5198);
#5197 = CARTESIAN_POINT('',(19.581713298023,-34.409384032));
#5198 = VECTOR('',#5199,1.);
#5199 = DIRECTION('',(0.59569930559,0.803207530666));
#5200 = ( GEOMETRIC_REPRESENTATION_CONTEXT(2) 
PARAMETRIC_REPRESENTATION_CONTEXT() REPRESENTATION_CONTEXT('2D SPACE',''
  ) );
#5201 = PCURVE('',#2331,#5202);
#5202 = DEFINITIONAL_REPRESENTATION('',(#5203),#5207);
#5203 = LINE('',#5204,#5205);
#5204 = CARTESIAN_POINT('',(0.,-300.));
#5205 = VECTOR('',#5206,1.);
#5206 = DIRECTION('',(1.,0.));
#5207 = ( GEOMETRIC_REPRESENTATION_CONTEXT(2) 
PARAMETRIC_REPRESENTATION_CONTEXT() REPRESENTATION_CONTEXT('2D SPACE',''
  ) );
#5208 = ORIENTED_EDGE('',*,*,#5209,.F.);
#5209 = EDGE_CURVE('',#5210,#5187,#5212,.T.);
#5210 = VERTEX_POINT('',#5211);
#5211 = CARTESIAN_POINT('',(34.482097529,20.207106781,150.));
#5212 = SURFACE_CURVE('',#5213,(#5217,#5224),.PCURVE_S1.);
#5213 = LINE('',#5214,#5215);
#5214 = CARTESIAN_POINT('',(34.482097529,20.207106781,150.));
#5215 = VECTOR('',#5216,1.);
#5216 = DIRECTION('',(-0.740951126143,0.671558953977,0.));
#5217 = PCURVE('',#111,#5218);
#5218 = DEFINITIONAL_REPRESENTATION('',(#5219),#5223);
#5219 = LINE('',#5220,#5221);
#5220 = CARTESIAN_POINT('',(19.515809626023,-34.482097529));
#5221 = VECTOR('',#5222,1.);
#5222 = DIRECTION('',(0.671558953977,0.740951126143));
#5223 = ( GEOMETRIC_REPRESENTATION_CONTEXT(2) 
PARAMETRIC_REPRESENTATION_CONTEXT() REPRESENTATION_CONTEXT('2D SPACE',''
  ) );
#5224 = PCURVE('',#2359,#5225);
#5225 = DEFINITIONAL_REPRESENTATION('',(#5226),#5230);
#5226 = LINE('',#5227,#5228);
#5227 = CARTESIAN_POINT('',(0.,-300.));
#5228 = VECTOR('',#5229,1.);
#5229 = DIRECTION('',(1.,0.));
#5230 = ( GEOMETRIC_REPRESENTATION_CONTEXT(2) 
PARAMETRIC_REPRESENTATION_CONTEXT() REPRESENTATION_CONTEXT('2D SPACE',''
  ) );
#5231 = ORIENTED_EDGE('',*,*,#5232,.F.);
#5232 = EDGE_CURVE('',#5233,#5210,#5235,.T.);
#5233 = VERTEX_POINT('',#5234);
#5234 = CARTESIAN_POINT('',(34.548001201,20.134393284,150.));
#5235 = SURFACE_CURVE('',#5236,(#5240,#5247),.PCURVE_S1.);
#5236 = LINE('',#5237,#5238);
#5237 = CARTESIAN_POINT('',(34.548001201,20.134393284,150.));
#5238 = VECTOR('',#5239,1.);
#5239 = DIRECTION('',(-0.671558953977,0.740951126143,0.));
#5240 = PCURVE('',#111,#5241);
#5241 = DEFINITIONAL_REPRESENTATION('',(#5242),#5246);
#5242 = LINE('',#5243,#5244);
#5243 = CARTESIAN_POINT('',(19.443096129023,-34.548001201));
#5244 = VECTOR('',#5245,1.);
#5245 = DIRECTION('',(0.740951126143,0.671558953977));
#5246 = ( GEOMETRIC_REPRESENTATION_CONTEXT(2) 
PARAMETRIC_REPRESENTATION_CONTEXT() REPRESENTATION_CONTEXT('2D SPACE',''
  ) );
#5247 = PCURVE('',#2387,#5248);
#5248 = DEFINITIONAL_REPRESENTATION('',(#5249),#5253);
#5249 = LINE('',#5250,#5251);
#5250 = CARTESIAN_POINT('',(0.,-300.));
#5251 = VECTOR('',#5252,1.);
#5252 = DIRECTION('',(1.,0.));
#5253 = ( GEOMETRIC_REPRESENTATION_CONTEXT(2) 
PARAMETRIC_REPRESENTATION_CONTEXT() REPRESENTATION_CONTEXT('2D SPACE',''
  ) );
#5254 = ORIENTED_EDGE('',*,*,#5255,.F.);
#5255 = EDGE_CURVE('',#5256,#5233,#5258,.T.);
#5256 = VERTEX_POINT('',#5257);
#5257 = CARTESIAN_POINT('',(34.60646036,20.055570233,150.));
#5258 = SURFACE_CURVE('',#5259,(#5263,#5270),.PCURVE_S1.);
#5259 = LINE('',#5260,#5261);
#5260 = CARTESIAN_POINT('',(34.60646036,20.055570233,150.));
#5261 = VECTOR('',#5262,1.);
#5262 = DIRECTION('',(-0.59569930559,0.803207530666,0.));
#5263 = PCURVE('',#111,#5264);
#5264 = DEFINITIONAL_REPRESENTATION('',(#5265),#5269);
#5265 = LINE('',#5266,#5267);
#5266 = CARTESIAN_POINT('',(19.364273078023,-34.60646036));
#5267 = VECTOR('',#5268,1.);
#5268 = DIRECTION('',(0.803207530666,0.59569930559));
#5269 = ( GEOMETRIC_REPRESENTATION_CONTEXT(2) 
PARAMETRIC_REPRESENTATION_CONTEXT() REPRESENTATION_CONTEXT('2D SPACE',''
  ) );
#5270 = PCURVE('',#2415,#5271);
#5271 = DEFINITIONAL_REPRESENTATION('',(#5272),#5276);
#5272 = LINE('',#5273,#5274);
#5273 = CARTESIAN_POINT('',(0.,-300.));
#5274 = VECTOR('',#5275,1.);
#5275 = DIRECTION('',(1.,0.));
#5276 = ( GEOMETRIC_REPRESENTATION_CONTEXT(2) 
PARAMETRIC_REPRESENTATION_CONTEXT() REPRESENTATION_CONTEXT('2D SPACE',''
  ) );
#5277 = ORIENTED_EDGE('',*,*,#5278,.F.);
#5278 = EDGE_CURVE('',#5279,#5256,#5281,.T.);
#5279 = VERTEX_POINT('',#5280);
#5280 = CARTESIAN_POINT('',(34.656912012,19.971396737,150.));
#5281 = SURFACE_CURVE('',#5282,(#5286,#5293),.PCURVE_S1.);
#5282 = LINE('',#5283,#5284);
#5283 = CARTESIAN_POINT('',(34.656912012,19.971396737,150.));
#5284 = VECTOR('',#5285,1.);
#5285 = DIRECTION('',(-0.51410274472,0.857728609685,0.));
#5286 = PCURVE('',#111,#5287);
#5287 = DEFINITIONAL_REPRESENTATION('',(#5288),#5292);
#5288 = LINE('',#5289,#5290);
#5289 = CARTESIAN_POINT('',(19.280099582023,-34.656912012));
#5290 = VECTOR('',#5291,1.);
#5291 = DIRECTION('',(0.857728609685,0.51410274472));
#5292 = ( GEOMETRIC_REPRESENTATION_CONTEXT(2) 
PARAMETRIC_REPRESENTATION_CONTEXT() REPRESENTATION_CONTEXT('2D SPACE',''
  ) );
#5293 = PCURVE('',#2443,#5294);
#5294 = DEFINITIONAL_REPRESENTATION('',(#5295),#5299);
#5295 = LINE('',#5296,#5297);
#5296 = CARTESIAN_POINT('',(0.,-300.));
#5297 = VECTOR('',#5298,1.);
#5298 = DIRECTION('',(1.,0.));
#5299 = ( GEOMETRIC_REPRESENTATION_CONTEXT(2) 
PARAMETRIC_REPRESENTATION_CONTEXT() REPRESENTATION_CONTEXT('2D SPACE',''
  ) );
#5300 = ORIENTED_EDGE('',*,*,#5301,.F.);
#5301 = EDGE_CURVE('',#5302,#5279,#5304,.T.);
#5302 = VERTEX_POINT('',#5303);
#5303 = CARTESIAN_POINT('',(34.69887028,19.882683432,150.));
#5304 = SURFACE_CURVE('',#5305,(#5309,#5316),.PCURVE_S1.);
#5305 = LINE('',#5306,#5307);
#5306 = CARTESIAN_POINT('',(34.69887028,19.882683432,150.));
#5307 = VECTOR('',#5308,1.);
#5308 = DIRECTION('',(-0.42755508995,0.903989294769,0.));
#5309 = PCURVE('',#111,#5310);
#5310 = DEFINITIONAL_REPRESENTATION('',(#5311),#5315);
#5311 = LINE('',#5312,#5313);
#5312 = CARTESIAN_POINT('',(19.191386277023,-34.69887028));
#5313 = VECTOR('',#5314,1.);
#5314 = DIRECTION('',(0.903989294769,0.42755508995));
#5315 = ( GEOMETRIC_REPRESENTATION_CONTEXT(2) 
PARAMETRIC_REPRESENTATION_CONTEXT() REPRESENTATION_CONTEXT('2D SPACE',''
  ) );
#5316 = PCURVE('',#2471,#5317);
#5317 = DEFINITIONAL_REPRESENTATION('',(#5318),#5322);
#5318 = LINE('',#5319,#5320);
#5319 = CARTESIAN_POINT('',(0.,-300.));
#5320 = VECTOR('',#5321,1.);
#5321 = DIRECTION('',(1.,0.));
#5322 = ( GEOMETRIC_REPRESENTATION_CONTEXT(2) 
PARAMETRIC_REPRESENTATION_CONTEXT() REPRESENTATION_CONTEXT('2D SPACE',''
  ) );
#5323 = ORIENTED_EDGE('',*,*,#5324,.F.);
#5324 = EDGE_CURVE('',#5325,#5302,#5327,.T.);
#5325 = VERTEX_POINT('',#5326);
#5326 = CARTESIAN_POINT('',(34.731931083,19.790284677,150.));
#5327 = SURFACE_CURVE('',#5328,(#5332,#5339),.PCURVE_S1.);
#5328 = LINE('',#5329,#5330);
#5329 = CARTESIAN_POINT('',(34.731931083,19.790284677,150.));
#5330 = VECTOR('',#5331,1.);
#5331 = DIRECTION('',(-0.336889851754,0.941544065769,0.));
#5332 = PCURVE('',#111,#5333);
#5333 = DEFINITIONAL_REPRESENTATION('',(#5334),#5338);
#5334 = LINE('',#5335,#5336);
#5335 = CARTESIAN_POINT('',(19.098987522023,-34.731931083));
#5336 = VECTOR('',#5337,1.);
#5337 = DIRECTION('',(0.941544065769,0.336889851754));
#5338 = ( GEOMETRIC_REPRESENTATION_CONTEXT(2) 
PARAMETRIC_REPRESENTATION_CONTEXT() REPRESENTATION_CONTEXT('2D SPACE',''
  ) );
#5339 = PCURVE('',#2499,#5340);
#5340 = DEFINITIONAL_REPRESENTATION('',(#5341),#5345);
#5341 = LINE('',#5342,#5343);
#5342 = CARTESIAN_POINT('',(0.,-300.));
#5343 = VECTOR('',#5344,1.);
#5344 = DIRECTION('',(1.,0.));
#5345 = ( GEOMETRIC_REPRESENTATION_CONTEXT(2) 
PARAMETRIC_REPRESENTATION_CONTEXT() REPRESENTATION_CONTEXT('2D SPACE',''
  ) );
#5346 = ORIENTED_EDGE('',*,*,#5347,.F.);
#5347 = EDGE_CURVE('',#5348,#5325,#5350,.T.);
#5348 = VERTEX_POINT('',#5349);
#5349 = CARTESIAN_POINT('',(34.755776028,19.695090322,150.));
#5350 = SURFACE_CURVE('',#5351,(#5355,#5362),.PCURVE_S1.);
#5351 = LINE('',#5352,#5353);
#5352 = CARTESIAN_POINT('',(34.755776028,19.695090322,150.));
#5353 = VECTOR('',#5354,1.);
#5354 = DIRECTION('',(-0.24298018363,0.970031252261,0.));
#5355 = PCURVE('',#111,#5356);
#5356 = DEFINITIONAL_REPRESENTATION('',(#5357),#5361);
#5357 = LINE('',#5358,#5359);
#5358 = CARTESIAN_POINT('',(19.003793167023,-34.755776028));
#5359 = VECTOR('',#5360,1.);
#5360 = DIRECTION('',(0.970031252261,0.24298018363));
#5361 = ( GEOMETRIC_REPRESENTATION_CONTEXT(2) 
PARAMETRIC_REPRESENTATION_CONTEXT() REPRESENTATION_CONTEXT('2D SPACE',''
  ) );
#5362 = PCURVE('',#2527,#5363);
#5363 = DEFINITIONAL_REPRESENTATION('',(#5364),#5368);
#5364 = LINE('',#5365,#5366);
#5365 = CARTESIAN_POINT('',(0.,-300.));
#5366 = VECTOR('',#5367,1.);
#5367 = DIRECTION('',(1.,0.));
#5368 = ( GEOMETRIC_REPRESENTATION_CONTEXT(2) 
PARAMETRIC_REPRESENTATION_CONTEXT() REPRESENTATION_CONTEXT('2D SPACE',''
  ) );
#5369 = ORIENTED_EDGE('',*,*,#5370,.F.);
#5370 = EDGE_CURVE('',#5371,#5348,#5373,.T.);
#5371 = VERTEX_POINT('',#5372);
#5372 = CARTESIAN_POINT('',(34.770175474,19.59801714,150.));
#5373 = SURFACE_CURVE('',#5374,(#5378,#5385),.PCURVE_S1.);
#5374 = LINE('',#5375,#5376);
#5375 = CARTESIAN_POINT('',(34.770175474,19.59801714,150.));
#5376 = VECTOR('',#5377,1.);
#5377 = DIRECTION('',(-0.14673047131,0.989176510431,0.));
#5378 = PCURVE('',#111,#5379);
#5379 = DEFINITIONAL_REPRESENTATION('',(#5380),#5384);
#5380 = LINE('',#5381,#5382);
#5381 = CARTESIAN_POINT('',(18.906719985023,-34.770175474));
#5382 = VECTOR('',#5383,1.);
#5383 = DIRECTION('',(0.989176510431,0.14673047131));
#5384 = ( GEOMETRIC_REPRESENTATION_CONTEXT(2) 
PARAMETRIC_REPRESENTATION_CONTEXT() REPRESENTATION_CONTEXT('2D SPACE',''
  ) );
#5385 = PCURVE('',#2555,#5386);
#5386 = DEFINITIONAL_REPRESENTATION('',(#5387),#5391);
#5387 = LINE('',#5388,#5389);
#5388 = CARTESIAN_POINT('',(0.,-300.));
#5389 = VECTOR('',#5390,1.);
#5390 = DIRECTION('',(1.,0.));
#5391 = ( GEOMETRIC_REPRESENTATION_CONTEXT(2) 
PARAMETRIC_REPRESENTATION_CONTEXT() REPRESENTATION_CONTEXT('2D SPACE',''
  ) );
#5392 = ORIENTED_EDGE('',*,*,#5393,.F.);
#5393 = EDGE_CURVE('',#5394,#5371,#5396,.T.);
#5394 = VERTEX_POINT('',#5395);
#5395 = CARTESIAN_POINT('',(34.774990748,19.5,150.));
#5396 = SURFACE_CURVE('',#5397,(#5401,#5408),.PCURVE_S1.);
#5397 = LINE('',#5398,#5399);
#5398 = CARTESIAN_POINT('',(34.774990748,19.5,150.));
#5399 = VECTOR('',#5400,1.);
#5400 = DIRECTION('',(-4.906768132522E-02,0.998795455861,0.));
#5401 = PCURVE('',#111,#5402);
#5402 = DEFINITIONAL_REPRESENTATION('',(#5403),#5407);
#5403 = LINE('',#5404,#5405);
#5404 = CARTESIAN_POINT('',(18.808702845023,-34.774990748));
#5405 = VECTOR('',#5406,1.);
#5406 = DIRECTION('',(0.998795455861,4.906768132522E-02));
#5407 = ( GEOMETRIC_REPRESENTATION_CONTEXT(2) 
PARAMETRIC_REPRESENTATION_CONTEXT() REPRESENTATION_CONTEXT('2D SPACE',''
  ) );
#5408 = PCURVE('',#2583,#5409);
#5409 = DEFINITIONAL_REPRESENTATION('',(#5410),#5414);
#5410 = LINE('',#5411,#5412);
#5411 = CARTESIAN_POINT('',(0.,-300.));
#5412 = VECTOR('',#5413,1.);
#5413 = DIRECTION('',(1.,0.));
#5414 = ( GEOMETRIC_REPRESENTATION_CONTEXT(2) 
PARAMETRIC_REPRESENTATION_CONTEXT() REPRESENTATION_CONTEXT('2D SPACE',''
  ) );
#5415 = ORIENTED_EDGE('',*,*,#5416,.F.);
#5416 = EDGE_CURVE('',#5417,#5394,#5419,.T.);
#5417 = VERTEX_POINT('',#5418);
#5418 = CARTESIAN_POINT('',(34.774990748,-19.5,150.));
#5419 = SURFACE_CURVE('',#5420,(#5424,#5431),.PCURVE_S1.);
#5420 = LINE('',#5421,#5422);
#5421 = CARTESIAN_POINT('',(34.774990748,-19.5,150.));
#5422 = VECTOR('',#5423,1.);
#5423 = DIRECTION('',(0.,1.,0.));
#5424 = PCURVE('',#111,#5425);
#5425 = DEFINITIONAL_REPRESENTATION('',(#5426),#5430);
#5426 = LINE('',#5427,#5428);
#5427 = CARTESIAN_POINT('',(-20.19129715497,-34.774990748));
#5428 = VECTOR('',#5429,1.);
#5429 = DIRECTION('',(1.,5.518637272201E-80));
#5430 = ( GEOMETRIC_REPRESENTATION_CONTEXT(2) 
PARAMETRIC_REPRESENTATION_CONTEXT() REPRESENTATION_CONTEXT('2D SPACE',''
  ) );
#5431 = PCURVE('',#2611,#5432);
#5432 = DEFINITIONAL_REPRESENTATION('',(#5433),#5437);
#5433 = LINE('',#5434,#5435);
#5434 = CARTESIAN_POINT('',(0.,-300.));
#5435 = VECTOR('',#5436,1.);
#5436 = DIRECTION('',(1.,0.));
#5437 = ( GEOMETRIC_REPRESENTATION_CONTEXT(2) 
PARAMETRIC_REPRESENTATION_CONTEXT() REPRESENTATION_CONTEXT('2D SPACE',''
  ) );
#5438 = ORIENTED_EDGE('',*,*,#5439,.F.);
#5439 = EDGE_CURVE('',#5440,#5417,#5442,.T.);
#5440 = VERTEX_POINT('',#5441);
#5441 = CARTESIAN_POINT('',(34.770175474,-19.59801714,150.));
#5442 = SURFACE_CURVE('',#5443,(#5447,#5454),.PCURVE_S1.);
#5443 = LINE('',#5444,#5445);
#5444 = CARTESIAN_POINT('',(34.770175474,-19.59801714,150.));
#5445 = VECTOR('',#5446,1.);
#5446 = DIRECTION('',(4.906768132522E-02,0.998795455861,0.));
#5447 = PCURVE('',#111,#5448);
#5448 = DEFINITIONAL_REPRESENTATION('',(#5449),#5453);
#5449 = LINE('',#5450,#5451);
#5450 = CARTESIAN_POINT('',(-20.28931429497,-34.770175474));
#5451 = VECTOR('',#5452,1.);
#5452 = DIRECTION('',(0.998795455861,-4.906768132522E-02));
#5453 = ( GEOMETRIC_REPRESENTATION_CONTEXT(2) 
PARAMETRIC_REPRESENTATION_CONTEXT() REPRESENTATION_CONTEXT('2D SPACE',''
  ) );
#5454 = PCURVE('',#2639,#5455);
#5455 = DEFINITIONAL_REPRESENTATION('',(#5456),#5460);
#5456 = LINE('',#5457,#5458);
#5457 = CARTESIAN_POINT('',(0.,-300.));
#5458 = VECTOR('',#5459,1.);
#5459 = DIRECTION('',(1.,0.));
#5460 = ( GEOMETRIC_REPRESENTATION_CONTEXT(2) 
PARAMETRIC_REPRESENTATION_CONTEXT() REPRESENTATION_CONTEXT('2D SPACE',''
  ) );
#5461 = ORIENTED_EDGE('',*,*,#5462,.F.);
#5462 = EDGE_CURVE('',#5463,#5440,#5465,.T.);
#5463 = VERTEX_POINT('',#5464);
#5464 = CARTESIAN_POINT('',(34.755776028,-19.695090322,150.));
#5465 = SURFACE_CURVE('',#5466,(#5470,#5477),.PCURVE_S1.);
#5466 = LINE('',#5467,#5468);
#5467 = CARTESIAN_POINT('',(34.755776028,-19.695090322,150.));
#5468 = VECTOR('',#5469,1.);
#5469 = DIRECTION('',(0.14673047131,0.989176510431,0.));
#5470 = PCURVE('',#111,#5471);
#5471 = DEFINITIONAL_REPRESENTATION('',(#5472),#5476);
#5472 = LINE('',#5473,#5474);
#5473 = CARTESIAN_POINT('',(-20.38638747697,-34.755776028));
#5474 = VECTOR('',#5475,1.);
#5475 = DIRECTION('',(0.989176510431,-0.14673047131));
#5476 = ( GEOMETRIC_REPRESENTATION_CONTEXT(2) 
PARAMETRIC_REPRESENTATION_CONTEXT() REPRESENTATION_CONTEXT('2D SPACE',''
  ) );
#5477 = PCURVE('',#2667,#5478);
#5478 = DEFINITIONAL_REPRESENTATION('',(#5479),#5483);
#5479 = LINE('',#5480,#5481);
#5480 = CARTESIAN_POINT('',(0.,-300.));
#5481 = VECTOR('',#5482,1.);
#5482 = DIRECTION('',(1.,0.));
#5483 = ( GEOMETRIC_REPRESENTATION_CONTEXT(2) 
PARAMETRIC_REPRESENTATION_CONTEXT() REPRESENTATION_CONTEXT('2D SPACE',''
  ) );
#5484 = ORIENTED_EDGE('',*,*,#5485,.F.);
#5485 = EDGE_CURVE('',#5486,#5463,#5488,.T.);
#5486 = VERTEX_POINT('',#5487);
#5487 = CARTESIAN_POINT('',(34.731931083,-19.790284677,150.));
#5488 = SURFACE_CURVE('',#5489,(#5493,#5500),.PCURVE_S1.);
#5489 = LINE('',#5490,#5491);
#5490 = CARTESIAN_POINT('',(34.731931083,-19.790284677,150.));
#5491 = VECTOR('',#5492,1.);
#5492 = DIRECTION('',(0.24298018363,0.970031252261,0.));
#5493 = PCURVE('',#111,#5494);
#5494 = DEFINITIONAL_REPRESENTATION('',(#5495),#5499);
#5495 = LINE('',#5496,#5497);
#5496 = CARTESIAN_POINT('',(-20.48158183197,-34.731931083));
#5497 = VECTOR('',#5498,1.);
#5498 = DIRECTION('',(0.970031252261,-0.24298018363));
#5499 = ( GEOMETRIC_REPRESENTATION_CONTEXT(2) 
PARAMETRIC_REPRESENTATION_CONTEXT() REPRESENTATION_CONTEXT('2D SPACE',''
  ) );
#5500 = PCURVE('',#2695,#5501);
#5501 = DEFINITIONAL_REPRESENTATION('',(#5502),#5506);
#5502 = LINE('',#5503,#5504);
#5503 = CARTESIAN_POINT('',(0.,-300.));
#5504 = VECTOR('',#5505,1.);
#5505 = DIRECTION('',(1.,0.));
#5506 = ( GEOMETRIC_REPRESENTATION_CONTEXT(2) 
PARAMETRIC_REPRESENTATION_CONTEXT() REPRESENTATION_CONTEXT('2D SPACE',''
  ) );
#5507 = ORIENTED_EDGE('',*,*,#5508,.F.);
#5508 = EDGE_CURVE('',#5509,#5486,#5511,.T.);
#5509 = VERTEX_POINT('',#5510);
#5510 = CARTESIAN_POINT('',(34.69887028,-19.882683432,150.));
#5511 = SURFACE_CURVE('',#5512,(#5516,#5523),.PCURVE_S1.);
#5512 = LINE('',#5513,#5514);
#5513 = CARTESIAN_POINT('',(34.69887028,-19.882683432,150.));
#5514 = VECTOR('',#5515,1.);
#5515 = DIRECTION('',(0.336889851754,0.941544065769,0.));
#5516 = PCURVE('',#111,#5517);
#5517 = DEFINITIONAL_REPRESENTATION('',(#5518),#5522);
#5518 = LINE('',#5519,#5520);
#5519 = CARTESIAN_POINT('',(-20.57398058697,-34.69887028));
#5520 = VECTOR('',#5521,1.);
#5521 = DIRECTION('',(0.941544065769,-0.336889851754));
#5522 = ( GEOMETRIC_REPRESENTATION_CONTEXT(2) 
PARAMETRIC_REPRESENTATION_CONTEXT() REPRESENTATION_CONTEXT('2D SPACE',''
  ) );
#5523 = PCURVE('',#2723,#5524);
#5524 = DEFINITIONAL_REPRESENTATION('',(#5525),#5529);
#5525 = LINE('',#5526,#5527);
#5526 = CARTESIAN_POINT('',(0.,-300.));
#5527 = VECTOR('',#5528,1.);
#5528 = DIRECTION('',(1.,0.));
#5529 = ( GEOMETRIC_REPRESENTATION_CONTEXT(2) 
PARAMETRIC_REPRESENTATION_CONTEXT() REPRESENTATION_CONTEXT('2D SPACE',''
  ) );
#5530 = ORIENTED_EDGE('',*,*,#5531,.F.);
#5531 = EDGE_CURVE('',#5532,#5509,#5534,.T.);
#5532 = VERTEX_POINT('',#5533);
#5533 = CARTESIAN_POINT('',(34.656912012,-19.971396737,150.));
#5534 = SURFACE_CURVE('',#5535,(#5539,#5546),.PCURVE_S1.);
#5535 = LINE('',#5536,#5537);
#5536 = CARTESIAN_POINT('',(34.656912012,-19.971396737,150.));
#5537 = VECTOR('',#5538,1.);
#5538 = DIRECTION('',(0.42755508995,0.903989294769,0.));
#5539 = PCURVE('',#111,#5540);
#5540 = DEFINITIONAL_REPRESENTATION('',(#5541),#5545);
#5541 = LINE('',#5542,#5543);
#5542 = CARTESIAN_POINT('',(-20.66269389197,-34.656912012));
#5543 = VECTOR('',#5544,1.);
#5544 = DIRECTION('',(0.903989294769,-0.42755508995));
#5545 = ( GEOMETRIC_REPRESENTATION_CONTEXT(2) 
PARAMETRIC_REPRESENTATION_CONTEXT() REPRESENTATION_CONTEXT('2D SPACE',''
  ) );
#5546 = PCURVE('',#2751,#5547);
#5547 = DEFINITIONAL_REPRESENTATION('',(#5548),#5552);
#5548 = LINE('',#5549,#5550);
#5549 = CARTESIAN_POINT('',(0.,-300.));
#5550 = VECTOR('',#5551,1.);
#5551 = DIRECTION('',(1.,0.));
#5552 = ( GEOMETRIC_REPRESENTATION_CONTEXT(2) 
PARAMETRIC_REPRESENTATION_CONTEXT() REPRESENTATION_CONTEXT('2D SPACE',''
  ) );
#5553 = ORIENTED_EDGE('',*,*,#5554,.F.);
#5554 = EDGE_CURVE('',#5555,#5532,#5557,.T.);
#5555 = VERTEX_POINT('',#5556);
#5556 = CARTESIAN_POINT('',(34.60646036,-20.055570233,150.));
#5557 = SURFACE_CURVE('',#5558,(#5562,#5569),.PCURVE_S1.);
#5558 = LINE('',#5559,#5560);
#5559 = CARTESIAN_POINT('',(34.60646036,-20.055570233,150.));
#5560 = VECTOR('',#5561,1.);
#5561 = DIRECTION('',(0.51410274472,0.857728609685,0.));
#5562 = PCURVE('',#111,#5563);
#5563 = DEFINITIONAL_REPRESENTATION('',(#5564),#5568);
#5564 = LINE('',#5565,#5566);
#5565 = CARTESIAN_POINT('',(-20.74686738797,-34.60646036));
#5566 = VECTOR('',#5567,1.);
#5567 = DIRECTION('',(0.857728609685,-0.51410274472));
#5568 = ( GEOMETRIC_REPRESENTATION_CONTEXT(2) 
PARAMETRIC_REPRESENTATION_CONTEXT() REPRESENTATION_CONTEXT('2D SPACE',''
  ) );
#5569 = PCURVE('',#2779,#5570);
#5570 = DEFINITIONAL_REPRESENTATION('',(#5571),#5575);
#5571 = LINE('',#5572,#5573);
#5572 = CARTESIAN_POINT('',(0.,-300.));
#5573 = VECTOR('',#5574,1.);
#5574 = DIRECTION('',(1.,0.));
#5575 = ( GEOMETRIC_REPRESENTATION_CONTEXT(2) 
PARAMETRIC_REPRESENTATION_CONTEXT() REPRESENTATION_CONTEXT('2D SPACE',''
  ) );
#5576 = ORIENTED_EDGE('',*,*,#5577,.F.);
#5577 = EDGE_CURVE('',#5578,#5555,#5580,.T.);
#5578 = VERTEX_POINT('',#5579);
#5579 = CARTESIAN_POINT('',(34.548001201,-20.134393284,150.));
#5580 = SURFACE_CURVE('',#5581,(#5585,#5592),.PCURVE_S1.);
#5581 = LINE('',#5582,#5583);
#5582 = CARTESIAN_POINT('',(34.548001201,-20.134393284,150.));
#5583 = VECTOR('',#5584,1.);
#5584 = DIRECTION('',(0.59569930559,0.803207530666,0.));
#5585 = PCURVE('',#111,#5586);
#5586 = DEFINITIONAL_REPRESENTATION('',(#5587),#5591);
#5587 = LINE('',#5588,#5589);
#5588 = CARTESIAN_POINT('',(-20.82569043897,-34.548001201));
#5589 = VECTOR('',#5590,1.);
#5590 = DIRECTION('',(0.803207530666,-0.59569930559));
#5591 = ( GEOMETRIC_REPRESENTATION_CONTEXT(2) 
PARAMETRIC_REPRESENTATION_CONTEXT() REPRESENTATION_CONTEXT('2D SPACE',''
  ) );
#5592 = PCURVE('',#2807,#5593);
#5593 = DEFINITIONAL_REPRESENTATION('',(#5594),#5598);
#5594 = LINE('',#5595,#5596);
#5595 = CARTESIAN_POINT('',(0.,-300.));
#5596 = VECTOR('',#5597,1.);
#5597 = DIRECTION('',(1.,0.));
#5598 = ( GEOMETRIC_REPRESENTATION_CONTEXT(2) 
PARAMETRIC_REPRESENTATION_CONTEXT() REPRESENTATION_CONTEXT('2D SPACE',''
  ) );
#5599 = ORIENTED_EDGE('',*,*,#5600,.F.);
#5600 = EDGE_CURVE('',#5601,#5578,#5603,.T.);
#5601 = VERTEX_POINT('',#5602);
#5602 = CARTESIAN_POINT('',(34.482097529,-20.207106781,150.));
#5603 = SURFACE_CURVE('',#5604,(#5608,#5615),.PCURVE_S1.);
#5604 = LINE('',#5605,#5606);
#5605 = CARTESIAN_POINT('',(34.482097529,-20.207106781,150.));
#5606 = VECTOR('',#5607,1.);
#5607 = DIRECTION('',(0.671558953977,0.740951126143,0.));
#5608 = PCURVE('',#111,#5609);
#5609 = DEFINITIONAL_REPRESENTATION('',(#5610),#5614);
#5610 = LINE('',#5611,#5612);
#5611 = CARTESIAN_POINT('',(-20.89840393597,-34.482097529));
#5612 = VECTOR('',#5613,1.);
#5613 = DIRECTION('',(0.740951126143,-0.671558953977));
#5614 = ( GEOMETRIC_REPRESENTATION_CONTEXT(2) 
PARAMETRIC_REPRESENTATION_CONTEXT() REPRESENTATION_CONTEXT('2D SPACE',''
  ) );
#5615 = PCURVE('',#2835,#5616);
#5616 = DEFINITIONAL_REPRESENTATION('',(#5617),#5621);
#5617 = LINE('',#5618,#5619);
#5618 = CARTESIAN_POINT('',(0.,-300.));
#5619 = VECTOR('',#5620,1.);
#5620 = DIRECTION('',(1.,0.));
#5621 = ( GEOMETRIC_REPRESENTATION_CONTEXT(2) 
PARAMETRIC_REPRESENTATION_CONTEXT() REPRESENTATION_CONTEXT('2D SPACE',''
  ) );
#5622 = ORIENTED_EDGE('',*,*,#5623,.F.);
#5623 = EDGE_CURVE('',#5624,#5601,#5626,.T.);
#5624 = VERTEX_POINT('',#5625);
#5625 = CARTESIAN_POINT('',(34.409384032,-20.273010453,150.));
#5626 = SURFACE_CURVE('',#5627,(#5631,#5638),.PCURVE_S1.);
#5627 = LINE('',#5628,#5629);
#5628 = CARTESIAN_POINT('',(34.409384032,-20.273010453,150.));
#5629 = VECTOR('',#5630,1.);
#5630 = DIRECTION('',(0.740951126143,0.671558953977,0.));
#5631 = PCURVE('',#111,#5632);
#5632 = DEFINITIONAL_REPRESENTATION('',(#5633),#5637);
#5633 = LINE('',#5634,#5635);
#5634 = CARTESIAN_POINT('',(-20.96430760797,-34.409384032));
#5635 = VECTOR('',#5636,1.);
#5636 = DIRECTION('',(0.671558953977,-0.740951126143));
#5637 = ( GEOMETRIC_REPRESENTATION_CONTEXT(2) 
PARAMETRIC_REPRESENTATION_CONTEXT() REPRESENTATION_CONTEXT('2D SPACE',''
  ) );
#5638 = PCURVE('',#2863,#5639);
#5639 = DEFINITIONAL_REPRESENTATION('',(#5640),#5644);
#5640 = LINE('',#5641,#5642);
#5641 = CARTESIAN_POINT('',(0.,-300.));
#5642 = VECTOR('',#5643,1.);
#5643 = DIRECTION('',(1.,0.));
#5644 = ( GEOMETRIC_REPRESENTATION_CONTEXT(2) 
PARAMETRIC_REPRESENTATION_CONTEXT() REPRESENTATION_CONTEXT('2D SPACE',''
  ) );
#5645 = ORIENTED_EDGE('',*,*,#5646,.F.);
#5646 = EDGE_CURVE('',#5647,#5624,#5649,.T.);
#5647 = VERTEX_POINT('',#5648);
#5648 = CARTESIAN_POINT('',(34.330560981,-20.331469612,150.));
#5649 = SURFACE_CURVE('',#5650,(#5654,#5661),.PCURVE_S1.);
#5650 = LINE('',#5651,#5652);
#5651 = CARTESIAN_POINT('',(34.330560981,-20.331469612,150.));
#5652 = VECTOR('',#5653,1.);
#5653 = DIRECTION('',(0.803207530666,0.59569930559,0.));
#5654 = PCURVE('',#111,#5655);
#5655 = DEFINITIONAL_REPRESENTATION('',(#5656),#5660);
#5656 = LINE('',#5657,#5658);
#5657 = CARTESIAN_POINT('',(-21.02276676697,-34.330560981));
#5658 = VECTOR('',#5659,1.);
#5659 = DIRECTION('',(0.59569930559,-0.803207530666));
#5660 = ( GEOMETRIC_REPRESENTATION_CONTEXT(2) 
PARAMETRIC_REPRESENTATION_CONTEXT() REPRESENTATION_CONTEXT('2D SPACE',''
  ) );
#5661 = PCURVE('',#2891,#5662);
#5662 = DEFINITIONAL_REPRESENTATION('',(#5663),#5667);
#5663 = LINE('',#5664,#5665);
#5664 = CARTESIAN_POINT('',(0.,-300.));
#5665 = VECTOR('',#5666,1.);
#5666 = DIRECTION('',(1.,0.));
#5667 = ( GEOMETRIC_REPRESENTATION_CONTEXT(2) 
PARAMETRIC_REPRESENTATION_CONTEXT() REPRESENTATION_CONTEXT('2D SPACE',''
  ) );
#5668 = ORIENTED_EDGE('',*,*,#5669,.F.);
#5669 = EDGE_CURVE('',#5670,#5647,#5672,.T.);
#5670 = VERTEX_POINT('',#5671);
#5671 = CARTESIAN_POINT('',(34.246387484,-20.381921264,150.));
#5672 = SURFACE_CURVE('',#5673,(#5677,#5684),.PCURVE_S1.);
#5673 = LINE('',#5674,#5675);
#5674 = CARTESIAN_POINT('',(34.246387484,-20.381921264,150.));
#5675 = VECTOR('',#5676,1.);
#5676 = DIRECTION('',(0.857728612378,0.514102740226,0.));
#5677 = PCURVE('',#111,#5678);
#5678 = DEFINITIONAL_REPRESENTATION('',(#5679),#5683);
#5679 = LINE('',#5680,#5681);
#5680 = CARTESIAN_POINT('',(-21.07321841897,-34.246387484));
#5681 = VECTOR('',#5682,1.);
#5682 = DIRECTION('',(0.514102740226,-0.857728612378));
#5683 = ( GEOMETRIC_REPRESENTATION_CONTEXT(2) 
PARAMETRIC_REPRESENTATION_CONTEXT() REPRESENTATION_CONTEXT('2D SPACE',''
  ) );
#5684 = PCURVE('',#2919,#5685);
#5685 = DEFINITIONAL_REPRESENTATION('',(#5686),#5690);
#5686 = LINE('',#5687,#5688);
#5687 = CARTESIAN_POINT('',(0.,-300.));
#5688 = VECTOR('',#5689,1.);
#5689 = DIRECTION('',(1.,0.));
#5690 = ( GEOMETRIC_REPRESENTATION_CONTEXT(2) 
PARAMETRIC_REPRESENTATION_CONTEXT() REPRESENTATION_CONTEXT('2D SPACE',''
  ) );
#5691 = ORIENTED_EDGE('',*,*,#5692,.F.);
#5692 = EDGE_CURVE('',#5693,#5670,#5695,.T.);
#5693 = VERTEX_POINT('',#5694);
#5694 = CARTESIAN_POINT('',(0.471396737,-39.881921264,150.));
#5695 = SURFACE_CURVE('',#5696,(#5700,#5707),.PCURVE_S1.);
#5696 = LINE('',#5697,#5698);
#5697 = CARTESIAN_POINT('',(0.471396737,-39.881921264,150.));
#5698 = VECTOR('',#5699,1.);
#5699 = DIRECTION('',(0.866025403781,0.500000000007,0.));
#5700 = PCURVE('',#111,#5701);
#5701 = DEFINITIONAL_REPRESENTATION('',(#5702),#5706);
#5702 = LINE('',#5703,#5704);
#5703 = CARTESIAN_POINT('',(-40.57321841897,-0.471396737));
#5704 = VECTOR('',#5705,1.);
#5705 = DIRECTION('',(0.500000000007,-0.866025403781));
#5706 = ( GEOMETRIC_REPRESENTATION_CONTEXT(2) 
PARAMETRIC_REPRESENTATION_CONTEXT() REPRESENTATION_CONTEXT('2D SPACE',''
  ) );
#5707 = PCURVE('',#2947,#5708);
#5708 = DEFINITIONAL_REPRESENTATION('',(#5709),#5713);
#5709 = LINE('',#5710,#5711);
#5710 = CARTESIAN_POINT('',(0.,-300.));
#5711 = VECTOR('',#5712,1.);
#5712 = DIRECTION('',(1.,0.));
#5713 = ( GEOMETRIC_REPRESENTATION_CONTEXT(2) 
PARAMETRIC_REPRESENTATION_CONTEXT() REPRESENTATION_CONTEXT('2D SPACE',''
  ) );
#5714 = ORIENTED_EDGE('',*,*,#5715,.F.);
#5715 = EDGE_CURVE('',#5716,#5693,#5718,.T.);
#5716 = VERTEX_POINT('',#5717);
#5717 = CARTESIAN_POINT('',(0.382683432,-39.923879533,150.));
#5718 = SURFACE_CURVE('',#5719,(#5723,#5730),.PCURVE_S1.);
#5719 = LINE('',#5720,#5721);
#5720 = CARTESIAN_POINT('',(0.382683432,-39.923879533,150.));
#5721 = VECTOR('',#5722,1.);
#5722 = DIRECTION('',(0.903989290831,0.427555098278,0.));
#5723 = PCURVE('',#111,#5724);
#5724 = DEFINITIONAL_REPRESENTATION('',(#5725),#5729);
#5725 = LINE('',#5726,#5727);
#5726 = CARTESIAN_POINT('',(-40.61517668797,-0.382683432));
#5727 = VECTOR('',#5728,1.);
#5728 = DIRECTION('',(0.427555098278,-0.903989290831));
#5729 = ( GEOMETRIC_REPRESENTATION_CONTEXT(2) 
PARAMETRIC_REPRESENTATION_CONTEXT() REPRESENTATION_CONTEXT('2D SPACE',''
  ) );
#5730 = PCURVE('',#2975,#5731);
#5731 = DEFINITIONAL_REPRESENTATION('',(#5732),#5736);
#5732 = LINE('',#5733,#5734);
#5733 = CARTESIAN_POINT('',(0.,-300.));
#5734 = VECTOR('',#5735,1.);
#5735 = DIRECTION('',(1.,0.));
#5736 = ( GEOMETRIC_REPRESENTATION_CONTEXT(2) 
PARAMETRIC_REPRESENTATION_CONTEXT() REPRESENTATION_CONTEXT('2D SPACE',''
  ) );
#5737 = ORIENTED_EDGE('',*,*,#5738,.F.);
#5738 = EDGE_CURVE('',#5739,#5716,#5741,.T.);
#5739 = VERTEX_POINT('',#5740);
#5740 = CARTESIAN_POINT('',(0.290284677,-39.956940336,150.));
#5741 = SURFACE_CURVE('',#5742,(#5746,#5753),.PCURVE_S1.);
#5742 = LINE('',#5743,#5744);
#5743 = CARTESIAN_POINT('',(0.290284677,-39.956940336,150.));
#5744 = VECTOR('',#5745,1.);
#5745 = DIRECTION('',(0.941544065769,0.336889851754,0.));
#5746 = PCURVE('',#111,#5747);
#5747 = DEFINITIONAL_REPRESENTATION('',(#5748),#5752);
#5748 = LINE('',#5749,#5750);
#5749 = CARTESIAN_POINT('',(-40.64823749097,-0.290284677));
#5750 = VECTOR('',#5751,1.);
#5751 = DIRECTION('',(0.336889851754,-0.941544065769));
#5752 = ( GEOMETRIC_REPRESENTATION_CONTEXT(2) 
PARAMETRIC_REPRESENTATION_CONTEXT() REPRESENTATION_CONTEXT('2D SPACE',''
  ) );
#5753 = PCURVE('',#3003,#5754);
#5754 = DEFINITIONAL_REPRESENTATION('',(#5755),#5759);
#5755 = LINE('',#5756,#5757);
#5756 = CARTESIAN_POINT('',(0.,-300.));
#5757 = VECTOR('',#5758,1.);
#5758 = DIRECTION('',(1.,0.));
#5759 = ( GEOMETRIC_REPRESENTATION_CONTEXT(2) 
PARAMETRIC_REPRESENTATION_CONTEXT() REPRESENTATION_CONTEXT('2D SPACE',''
  ) );
#5760 = ORIENTED_EDGE('',*,*,#5761,.F.);
#5761 = EDGE_CURVE('',#5762,#5739,#5764,.T.);
#5762 = VERTEX_POINT('',#5763);
#5763 = CARTESIAN_POINT('',(0.195090322,-39.98078528,150.));
#5764 = SURFACE_CURVE('',#5765,(#5769,#5776),.PCURVE_S1.);
#5765 = LINE('',#5766,#5767);
#5766 = CARTESIAN_POINT('',(0.195090322,-39.98078528,150.));
#5767 = VECTOR('',#5768,1.);
#5768 = DIRECTION('',(0.970031254663,0.242980174042,0.));
#5769 = PCURVE('',#111,#5770);
#5770 = DEFINITIONAL_REPRESENTATION('',(#5771),#5775);
#5771 = LINE('',#5772,#5773);
#5772 = CARTESIAN_POINT('',(-40.67208243497,-0.195090322));
#5773 = VECTOR('',#5774,1.);
#5774 = DIRECTION('',(0.242980174042,-0.970031254663));
#5775 = ( GEOMETRIC_REPRESENTATION_CONTEXT(2) 
PARAMETRIC_REPRESENTATION_CONTEXT() REPRESENTATION_CONTEXT('2D SPACE',''
  ) );
#5776 = PCURVE('',#3031,#5777);
#5777 = DEFINITIONAL_REPRESENTATION('',(#5778),#5782);
#5778 = LINE('',#5779,#5780);
#5779 = CARTESIAN_POINT('',(0.,-300.));
#5780 = VECTOR('',#5781,1.);
#5781 = DIRECTION('',(1.,0.));
#5782 = ( GEOMETRIC_REPRESENTATION_CONTEXT(2) 
PARAMETRIC_REPRESENTATION_CONTEXT() REPRESENTATION_CONTEXT('2D SPACE',''
  ) );
#5783 = ORIENTED_EDGE('',*,*,#5784,.F.);
#5784 = EDGE_CURVE('',#5785,#5762,#5787,.T.);
#5785 = VERTEX_POINT('',#5786);
#5786 = CARTESIAN_POINT('',(9.801714E-02,-39.995184727,150.));
#5787 = SURFACE_CURVE('',#5788,(#5792,#5799),.PCURVE_S1.);
#5788 = LINE('',#5789,#5790);
#5789 = CARTESIAN_POINT('',(9.801714E-02,-39.995184727,150.));
#5790 = VECTOR('',#5791,1.);
#5791 = DIRECTION('',(0.989176508952,0.146730481281,0.));
#5792 = PCURVE('',#111,#5793);
#5793 = DEFINITIONAL_REPRESENTATION('',(#5794),#5798);
#5794 = LINE('',#5795,#5796);
#5795 = CARTESIAN_POINT('',(-40.68648188197,-9.801714E-02));
#5796 = VECTOR('',#5797,1.);
#5797 = DIRECTION('',(0.146730481281,-0.989176508952));
#5798 = ( GEOMETRIC_REPRESENTATION_CONTEXT(2) 
PARAMETRIC_REPRESENTATION_CONTEXT() REPRESENTATION_CONTEXT('2D SPACE',''
  ) );
#5799 = PCURVE('',#3059,#5800);
#5800 = DEFINITIONAL_REPRESENTATION('',(#5801),#5805);
#5801 = LINE('',#5802,#5803);
#5802 = CARTESIAN_POINT('',(0.,-300.));
#5803 = VECTOR('',#5804,1.);
#5804 = DIRECTION('',(1.,0.));
#5805 = ( GEOMETRIC_REPRESENTATION_CONTEXT(2) 
PARAMETRIC_REPRESENTATION_CONTEXT() REPRESENTATION_CONTEXT('2D SPACE',''
  ) );
#5806 = ORIENTED_EDGE('',*,*,#5807,.F.);
#5807 = EDGE_CURVE('',#5808,#5785,#5810,.T.);
#5808 = VERTEX_POINT('',#5809);
#5809 = CARTESIAN_POINT('',(0.,-40.,150.));
#5810 = SURFACE_CURVE('',#5811,(#5815,#5822),.PCURVE_S1.);
#5811 = LINE('',#5812,#5813);
#5812 = CARTESIAN_POINT('',(0.,-40.,150.));
#5813 = VECTOR('',#5814,1.);
#5814 = DIRECTION('',(0.998795456361,4.906767115971E-02,0.));
#5815 = PCURVE('',#111,#5816);
#5816 = DEFINITIONAL_REPRESENTATION('',(#5817),#5821);
#5817 = LINE('',#5818,#5819);
#5818 = CARTESIAN_POINT('',(-40.69129715497,9.343651929881E-16));
#5819 = VECTOR('',#5820,1.);
#5820 = DIRECTION('',(4.906767115971E-02,-0.998795456361));
#5821 = ( GEOMETRIC_REPRESENTATION_CONTEXT(2) 
PARAMETRIC_REPRESENTATION_CONTEXT() REPRESENTATION_CONTEXT('2D SPACE',''
  ) );
#5822 = PCURVE('',#3087,#5823);
#5823 = DEFINITIONAL_REPRESENTATION('',(#5824),#5828);
#5824 = LINE('',#5825,#5826);
#5825 = CARTESIAN_POINT('',(0.,-300.));
#5826 = VECTOR('',#5827,1.);
#5827 = DIRECTION('',(1.,0.));
#5828 = ( GEOMETRIC_REPRESENTATION_CONTEXT(2) 
PARAMETRIC_REPRESENTATION_CONTEXT() REPRESENTATION_CONTEXT('2D SPACE',''
  ) );
#5829 = ORIENTED_EDGE('',*,*,#5830,.F.);
#5830 = EDGE_CURVE('',#5831,#5808,#5833,.T.);
#5831 = VERTEX_POINT('',#5832);
#5832 = CARTESIAN_POINT('',(-9.801714E-02,-39.995184727,150.));
#5833 = SURFACE_CURVE('',#5834,(#5838,#5845),.PCURVE_S1.);
#5834 = LINE('',#5835,#5836);
#5835 = CARTESIAN_POINT('',(-9.801714E-02,-39.995184727,150.));
#5836 = VECTOR('',#5837,1.);
#5837 = DIRECTION('',(0.998795456361,-4.906767115971E-02,0.));
#5838 = PCURVE('',#111,#5839);
#5839 = DEFINITIONAL_REPRESENTATION('',(#5840),#5844);
#5840 = LINE('',#5841,#5842);
#5841 = CARTESIAN_POINT('',(-40.68648188197,9.801714E-02));
#5842 = VECTOR('',#5843,1.);
#5843 = DIRECTION('',(-4.906767115971E-02,-0.998795456361));
#5844 = ( GEOMETRIC_REPRESENTATION_CONTEXT(2) 
PARAMETRIC_REPRESENTATION_CONTEXT() REPRESENTATION_CONTEXT('2D SPACE',''
  ) );
#5845 = PCURVE('',#3115,#5846);
#5846 = DEFINITIONAL_REPRESENTATION('',(#5847),#5851);
#5847 = LINE('',#5848,#5849);
#5848 = CARTESIAN_POINT('',(0.,-300.));
#5849 = VECTOR('',#5850,1.);
#5850 = DIRECTION('',(1.,0.));
#5851 = ( GEOMETRIC_REPRESENTATION_CONTEXT(2) 
PARAMETRIC_REPRESENTATION_CONTEXT() REPRESENTATION_CONTEXT('2D SPACE',''
  ) );
#5852 = ORIENTED_EDGE('',*,*,#5853,.F.);
#5853 = EDGE_CURVE('',#5854,#5831,#5856,.T.);
#5854 = VERTEX_POINT('',#5855);
#5855 = CARTESIAN_POINT('',(-0.195090322,-39.98078528,150.));
#5856 = SURFACE_CURVE('',#5857,(#5861,#5868),.PCURVE_S1.);
#5857 = LINE('',#5858,#5859);
#5858 = CARTESIAN_POINT('',(-0.195090322,-39.98078528,150.));
#5859 = VECTOR('',#5860,1.);
#5860 = DIRECTION('',(0.989176508952,-0.146730481281,0.));
#5861 = PCURVE('',#111,#5862);
#5862 = DEFINITIONAL_REPRESENTATION('',(#5863),#5867);
#5863 = LINE('',#5864,#5865);
#5864 = CARTESIAN_POINT('',(-40.67208243497,0.195090322));
#5865 = VECTOR('',#5866,1.);
#5866 = DIRECTION('',(-0.146730481281,-0.989176508952));
#5867 = ( GEOMETRIC_REPRESENTATION_CONTEXT(2) 
PARAMETRIC_REPRESENTATION_CONTEXT() REPRESENTATION_CONTEXT('2D SPACE',''
  ) );
#5868 = PCURVE('',#3143,#5869);
#5869 = DEFINITIONAL_REPRESENTATION('',(#5870),#5874);
#5870 = LINE('',#5871,#5872);
#5871 = CARTESIAN_POINT('',(0.,-300.));
#5872 = VECTOR('',#5873,1.);
#5873 = DIRECTION('',(1.,0.));
#5874 = ( GEOMETRIC_REPRESENTATION_CONTEXT(2) 
PARAMETRIC_REPRESENTATION_CONTEXT() REPRESENTATION_CONTEXT('2D SPACE',''
  ) );
#5875 = ORIENTED_EDGE('',*,*,#5876,.F.);
#5876 = EDGE_CURVE('',#5877,#5854,#5879,.T.);
#5877 = VERTEX_POINT('',#5878);
#5878 = CARTESIAN_POINT('',(-0.290284677,-39.956940336,150.));
#5879 = SURFACE_CURVE('',#5880,(#5884,#5891),.PCURVE_S1.);
#5880 = LINE('',#5881,#5882);
#5881 = CARTESIAN_POINT('',(-0.290284677,-39.956940336,150.));
#5882 = VECTOR('',#5883,1.);
#5883 = DIRECTION('',(0.970031254663,-0.242980174042,0.));
#5884 = PCURVE('',#111,#5885);
#5885 = DEFINITIONAL_REPRESENTATION('',(#5886),#5890);
#5886 = LINE('',#5887,#5888);
#5887 = CARTESIAN_POINT('',(-40.64823749097,0.290284677));
#5888 = VECTOR('',#5889,1.);
#5889 = DIRECTION('',(-0.242980174042,-0.970031254663));
#5890 = ( GEOMETRIC_REPRESENTATION_CONTEXT(2) 
PARAMETRIC_REPRESENTATION_CONTEXT() REPRESENTATION_CONTEXT('2D SPACE',''
  ) );
#5891 = PCURVE('',#3171,#5892);
#5892 = DEFINITIONAL_REPRESENTATION('',(#5893),#5897);
#5893 = LINE('',#5894,#5895);
#5894 = CARTESIAN_POINT('',(0.,-300.));
#5895 = VECTOR('',#5896,1.);
#5896 = DIRECTION('',(1.,0.));
#5897 = ( GEOMETRIC_REPRESENTATION_CONTEXT(2) 
PARAMETRIC_REPRESENTATION_CONTEXT() REPRESENTATION_CONTEXT('2D SPACE',''
  ) );
#5898 = ORIENTED_EDGE('',*,*,#5899,.F.);
#5899 = EDGE_CURVE('',#5900,#5877,#5902,.T.);
#5900 = VERTEX_POINT('',#5901);
#5901 = CARTESIAN_POINT('',(-0.382683432,-39.923879533,150.));
#5902 = SURFACE_CURVE('',#5903,(#5907,#5914),.PCURVE_S1.);
#5903 = LINE('',#5904,#5905);
#5904 = CARTESIAN_POINT('',(-0.382683432,-39.923879533,150.));
#5905 = VECTOR('',#5906,1.);
#5906 = DIRECTION('',(0.941544065769,-0.336889851754,0.));
#5907 = PCURVE('',#111,#5908);
#5908 = DEFINITIONAL_REPRESENTATION('',(#5909),#5913);
#5909 = LINE('',#5910,#5911);
#5910 = CARTESIAN_POINT('',(-40.61517668797,0.382683432));
#5911 = VECTOR('',#5912,1.);
#5912 = DIRECTION('',(-0.336889851754,-0.941544065769));
#5913 = ( GEOMETRIC_REPRESENTATION_CONTEXT(2) 
PARAMETRIC_REPRESENTATION_CONTEXT() REPRESENTATION_CONTEXT('2D SPACE',''
  ) );
#5914 = PCURVE('',#3199,#5915);
#5915 = DEFINITIONAL_REPRESENTATION('',(#5916),#5920);
#5916 = LINE('',#5917,#5918);
#5917 = CARTESIAN_POINT('',(0.,-300.));
#5918 = VECTOR('',#5919,1.);
#5919 = DIRECTION('',(1.,0.));
#5920 = ( GEOMETRIC_REPRESENTATION_CONTEXT(2) 
PARAMETRIC_REPRESENTATION_CONTEXT() REPRESENTATION_CONTEXT('2D SPACE',''
  ) );
#5921 = ORIENTED_EDGE('',*,*,#5922,.F.);
#5922 = EDGE_CURVE('',#5923,#5900,#5925,.T.);
#5923 = VERTEX_POINT('',#5924);
#5924 = CARTESIAN_POINT('',(-0.471396737,-39.881921264,150.));
#5925 = SURFACE_CURVE('',#5926,(#5930,#5937),.PCURVE_S1.);
#5926 = LINE('',#5927,#5928);
#5927 = CARTESIAN_POINT('',(-0.471396737,-39.881921264,150.));
#5928 = VECTOR('',#5929,1.);
#5929 = DIRECTION('',(0.903989290831,-0.427555098278,0.));
#5930 = PCURVE('',#111,#5931);
#5931 = DEFINITIONAL_REPRESENTATION('',(#5932),#5936);
#5932 = LINE('',#5933,#5934);
#5933 = CARTESIAN_POINT('',(-40.57321841897,0.471396737));
#5934 = VECTOR('',#5935,1.);
#5935 = DIRECTION('',(-0.427555098278,-0.903989290831));
#5936 = ( GEOMETRIC_REPRESENTATION_CONTEXT(2) 
PARAMETRIC_REPRESENTATION_CONTEXT() REPRESENTATION_CONTEXT('2D SPACE',''
  ) );
#5937 = PCURVE('',#3227,#5938);
#5938 = DEFINITIONAL_REPRESENTATION('',(#5939),#5943);
#5939 = LINE('',#5940,#5941);
#5940 = CARTESIAN_POINT('',(0.,-300.));
#5941 = VECTOR('',#5942,1.);
#5942 = DIRECTION('',(1.,0.));
#5943 = ( GEOMETRIC_REPRESENTATION_CONTEXT(2) 
PARAMETRIC_REPRESENTATION_CONTEXT() REPRESENTATION_CONTEXT('2D SPACE',''
  ) );
#5944 = ORIENTED_EDGE('',*,*,#5945,.F.);
#5945 = EDGE_CURVE('',#5946,#5923,#5948,.T.);
#5946 = VERTEX_POINT('',#5947);
#5947 = CARTESIAN_POINT('',(-34.246387484,-20.381921264,150.));
#5948 = SURFACE_CURVE('',#5949,(#5953,#5960),.PCURVE_S1.);
#5949 = LINE('',#5950,#5951);
#5950 = CARTESIAN_POINT('',(-34.246387484,-20.381921264,150.));
#5951 = VECTOR('',#5952,1.);
#5952 = DIRECTION('',(0.866025403781,-0.500000000007,0.));
#5953 = PCURVE('',#111,#5954);
#5954 = DEFINITIONAL_REPRESENTATION('',(#5955),#5959);
#5955 = LINE('',#5956,#5957);
#5956 = CARTESIAN_POINT('',(-21.07321841897,34.246387484));
#5957 = VECTOR('',#5958,1.);
#5958 = DIRECTION('',(-0.500000000007,-0.866025403781));
#5959 = ( GEOMETRIC_REPRESENTATION_CONTEXT(2) 
PARAMETRIC_REPRESENTATION_CONTEXT() REPRESENTATION_CONTEXT('2D SPACE',''
  ) );
#5960 = PCURVE('',#3255,#5961);
#5961 = DEFINITIONAL_REPRESENTATION('',(#5962),#5966);
#5962 = LINE('',#5963,#5964);
#5963 = CARTESIAN_POINT('',(0.,-300.));
#5964 = VECTOR('',#5965,1.);
#5965 = DIRECTION('',(1.,0.));
#5966 = ( GEOMETRIC_REPRESENTATION_CONTEXT(2) 
PARAMETRIC_REPRESENTATION_CONTEXT() REPRESENTATION_CONTEXT('2D SPACE',''
  ) );
#5967 = ORIENTED_EDGE('',*,*,#5968,.F.);
#5968 = EDGE_CURVE('',#5969,#5946,#5971,.T.);
#5969 = VERTEX_POINT('',#5970);
#5970 = CARTESIAN_POINT('',(-34.330560981,-20.331469612,150.));
#5971 = SURFACE_CURVE('',#5972,(#5976,#5983),.PCURVE_S1.);
#5972 = LINE('',#5973,#5974);
#5973 = CARTESIAN_POINT('',(-34.330560981,-20.331469612,150.));
#5974 = VECTOR('',#5975,1.);
#5975 = DIRECTION('',(0.857728612378,-0.514102740226,0.));
#5976 = PCURVE('',#111,#5977);
#5977 = DEFINITIONAL_REPRESENTATION('',(#5978),#5982);
#5978 = LINE('',#5979,#5980);
#5979 = CARTESIAN_POINT('',(-21.02276676697,34.330560981));
#5980 = VECTOR('',#5981,1.);
#5981 = DIRECTION('',(-0.514102740226,-0.857728612378));
#5982 = ( GEOMETRIC_REPRESENTATION_CONTEXT(2) 
PARAMETRIC_REPRESENTATION_CONTEXT() REPRESENTATION_CONTEXT('2D SPACE',''
  ) );
#5983 = PCURVE('',#3283,#5984);
#5984 = DEFINITIONAL_REPRESENTATION('',(#5985),#5989);
#5985 = LINE('',#5986,#5987);
#5986 = CARTESIAN_POINT('',(0.,-300.));
#5987 = VECTOR('',#5988,1.);
#5988 = DIRECTION('',(1.,0.));
#5989 = ( GEOMETRIC_REPRESENTATION_CONTEXT(2) 
PARAMETRIC_REPRESENTATION_CONTEXT() REPRESENTATION_CONTEXT('2D SPACE',''
  ) );
#5990 = ORIENTED_EDGE('',*,*,#5991,.F.);
#5991 = EDGE_CURVE('',#5992,#5969,#5994,.T.);
#5992 = VERTEX_POINT('',#5993);
#5993 = CARTESIAN_POINT('',(-34.409384032,-20.273010453,150.));
#5994 = SURFACE_CURVE('',#5995,(#5999,#6006),.PCURVE_S1.);
#5995 = LINE('',#5996,#5997);
#5996 = CARTESIAN_POINT('',(-34.409384032,-20.273010453,150.));
#5997 = VECTOR('',#5998,1.);
#5998 = DIRECTION('',(0.803207530666,-0.59569930559,0.));
#5999 = PCURVE('',#111,#6000);
#6000 = DEFINITIONAL_REPRESENTATION('',(#6001),#6005);
#6001 = LINE('',#6002,#6003);
#6002 = CARTESIAN_POINT('',(-20.96430760797,34.409384032));
#6003 = VECTOR('',#6004,1.);
#6004 = DIRECTION('',(-0.59569930559,-0.803207530666));
#6005 = ( GEOMETRIC_REPRESENTATION_CONTEXT(2) 
PARAMETRIC_REPRESENTATION_CONTEXT() REPRESENTATION_CONTEXT('2D SPACE',''
  ) );
#6006 = PCURVE('',#3311,#6007);
#6007 = DEFINITIONAL_REPRESENTATION('',(#6008),#6012);
#6008 = LINE('',#6009,#6010);
#6009 = CARTESIAN_POINT('',(0.,-300.));
#6010 = VECTOR('',#6011,1.);
#6011 = DIRECTION('',(1.,0.));
#6012 = ( GEOMETRIC_REPRESENTATION_CONTEXT(2) 
PARAMETRIC_REPRESENTATION_CONTEXT() REPRESENTATION_CONTEXT('2D SPACE',''
  ) );
#6013 = ORIENTED_EDGE('',*,*,#6014,.F.);
#6014 = EDGE_CURVE('',#6015,#5992,#6017,.T.);
#6015 = VERTEX_POINT('',#6016);
#6016 = CARTESIAN_POINT('',(-34.482097529,-20.207106781,150.));
#6017 = SURFACE_CURVE('',#6018,(#6022,#6029),.PCURVE_S1.);
#6018 = LINE('',#6019,#6020);
#6019 = CARTESIAN_POINT('',(-34.482097529,-20.207106781,150.));
#6020 = VECTOR('',#6021,1.);
#6021 = DIRECTION('',(0.740951126143,-0.671558953977,0.));
#6022 = PCURVE('',#111,#6023);
#6023 = DEFINITIONAL_REPRESENTATION('',(#6024),#6028);
#6024 = LINE('',#6025,#6026);
#6025 = CARTESIAN_POINT('',(-20.89840393597,34.482097529));
#6026 = VECTOR('',#6027,1.);
#6027 = DIRECTION('',(-0.671558953977,-0.740951126143));
#6028 = ( GEOMETRIC_REPRESENTATION_CONTEXT(2) 
PARAMETRIC_REPRESENTATION_CONTEXT() REPRESENTATION_CONTEXT('2D SPACE',''
  ) );
#6029 = PCURVE('',#3339,#6030);
#6030 = DEFINITIONAL_REPRESENTATION('',(#6031),#6035);
#6031 = LINE('',#6032,#6033);
#6032 = CARTESIAN_POINT('',(0.,-300.));
#6033 = VECTOR('',#6034,1.);
#6034 = DIRECTION('',(1.,0.));
#6035 = ( GEOMETRIC_REPRESENTATION_CONTEXT(2) 
PARAMETRIC_REPRESENTATION_CONTEXT() REPRESENTATION_CONTEXT('2D SPACE',''
  ) );
#6036 = ORIENTED_EDGE('',*,*,#6037,.F.);
#6037 = EDGE_CURVE('',#6038,#6015,#6040,.T.);
#6038 = VERTEX_POINT('',#6039);
#6039 = CARTESIAN_POINT('',(-34.548001201,-20.134393284,150.));
#6040 = SURFACE_CURVE('',#6041,(#6045,#6052),.PCURVE_S1.);
#6041 = LINE('',#6042,#6043);
#6042 = CARTESIAN_POINT('',(-34.548001201,-20.134393284,150.));
#6043 = VECTOR('',#6044,1.);
#6044 = DIRECTION('',(0.671558953977,-0.740951126143,0.));
#6045 = PCURVE('',#111,#6046);
#6046 = DEFINITIONAL_REPRESENTATION('',(#6047),#6051);
#6047 = LINE('',#6048,#6049);
#6048 = CARTESIAN_POINT('',(-20.82569043897,34.548001201));
#6049 = VECTOR('',#6050,1.);
#6050 = DIRECTION('',(-0.740951126143,-0.671558953977));
#6051 = ( GEOMETRIC_REPRESENTATION_CONTEXT(2) 
PARAMETRIC_REPRESENTATION_CONTEXT() REPRESENTATION_CONTEXT('2D SPACE',''
  ) );
#6052 = PCURVE('',#3367,#6053);
#6053 = DEFINITIONAL_REPRESENTATION('',(#6054),#6058);
#6054 = LINE('',#6055,#6056);
#6055 = CARTESIAN_POINT('',(0.,-300.));
#6056 = VECTOR('',#6057,1.);
#6057 = DIRECTION('',(1.,0.));
#6058 = ( GEOMETRIC_REPRESENTATION_CONTEXT(2) 
PARAMETRIC_REPRESENTATION_CONTEXT() REPRESENTATION_CONTEXT('2D SPACE',''
  ) );
#6059 = ORIENTED_EDGE('',*,*,#6060,.F.);
#6060 = EDGE_CURVE('',#6061,#6038,#6063,.T.);
#6061 = VERTEX_POINT('',#6062);
#6062 = CARTESIAN_POINT('',(-34.60646036,-20.055570233,150.));
#6063 = SURFACE_CURVE('',#6064,(#6068,#6075),.PCURVE_S1.);
#6064 = LINE('',#6065,#6066);
#6065 = CARTESIAN_POINT('',(-34.60646036,-20.055570233,150.));
#6066 = VECTOR('',#6067,1.);
#6067 = DIRECTION('',(0.59569930559,-0.803207530666,0.));
#6068 = PCURVE('',#111,#6069);
#6069 = DEFINITIONAL_REPRESENTATION('',(#6070),#6074);
#6070 = LINE('',#6071,#6072);
#6071 = CARTESIAN_POINT('',(-20.74686738797,34.60646036));
#6072 = VECTOR('',#6073,1.);
#6073 = DIRECTION('',(-0.803207530666,-0.59569930559));
#6074 = ( GEOMETRIC_REPRESENTATION_CONTEXT(2) 
PARAMETRIC_REPRESENTATION_CONTEXT() REPRESENTATION_CONTEXT('2D SPACE',''
  ) );
#6075 = PCURVE('',#3395,#6076);
#6076 = DEFINITIONAL_REPRESENTATION('',(#6077),#6081);
#6077 = LINE('',#6078,#6079);
#6078 = CARTESIAN_POINT('',(0.,-300.));
#6079 = VECTOR('',#6080,1.);
#6080 = DIRECTION('',(1.,0.));
#6081 = ( GEOMETRIC_REPRESENTATION_CONTEXT(2) 
PARAMETRIC_REPRESENTATION_CONTEXT() REPRESENTATION_CONTEXT('2D SPACE',''
  ) );
#6082 = ORIENTED_EDGE('',*,*,#6083,.F.);
#6083 = EDGE_CURVE('',#6084,#6061,#6086,.T.);
#6084 = VERTEX_POINT('',#6085);
#6085 = CARTESIAN_POINT('',(-34.656912012,-19.971396737,150.));
#6086 = SURFACE_CURVE('',#6087,(#6091,#6098),.PCURVE_S1.);
#6087 = LINE('',#6088,#6089);
#6088 = CARTESIAN_POINT('',(-34.656912012,-19.971396737,150.));
#6089 = VECTOR('',#6090,1.);
#6090 = DIRECTION('',(0.51410274472,-0.857728609685,0.));
#6091 = PCURVE('',#111,#6092);
#6092 = DEFINITIONAL_REPRESENTATION('',(#6093),#6097);
#6093 = LINE('',#6094,#6095);
#6094 = CARTESIAN_POINT('',(-20.66269389197,34.656912012));
#6095 = VECTOR('',#6096,1.);
#6096 = DIRECTION('',(-0.857728609685,-0.51410274472));
#6097 = ( GEOMETRIC_REPRESENTATION_CONTEXT(2) 
PARAMETRIC_REPRESENTATION_CONTEXT() REPRESENTATION_CONTEXT('2D SPACE',''
  ) );
#6098 = PCURVE('',#3423,#6099);
#6099 = DEFINITIONAL_REPRESENTATION('',(#6100),#6104);
#6100 = LINE('',#6101,#6102);
#6101 = CARTESIAN_POINT('',(0.,-300.));
#6102 = VECTOR('',#6103,1.);
#6103 = DIRECTION('',(1.,0.));
#6104 = ( GEOMETRIC_REPRESENTATION_CONTEXT(2) 
PARAMETRIC_REPRESENTATION_CONTEXT() REPRESENTATION_CONTEXT('2D SPACE',''
  ) );
#6105 = ORIENTED_EDGE('',*,*,#6106,.F.);
#6106 = EDGE_CURVE('',#6107,#6084,#6109,.T.);
#6107 = VERTEX_POINT('',#6108);
#6108 = CARTESIAN_POINT('',(-34.69887028,-19.882683432,150.));
#6109 = SURFACE_CURVE('',#6110,(#6114,#6121),.PCURVE_S1.);
#6110 = LINE('',#6111,#6112);
#6111 = CARTESIAN_POINT('',(-34.69887028,-19.882683432,150.));
#6112 = VECTOR('',#6113,1.);
#6113 = DIRECTION('',(0.42755508995,-0.903989294769,0.));
#6114 = PCURVE('',#111,#6115);
#6115 = DEFINITIONAL_REPRESENTATION('',(#6116),#6120);
#6116 = LINE('',#6117,#6118);
#6117 = CARTESIAN_POINT('',(-20.57398058697,34.69887028));
#6118 = VECTOR('',#6119,1.);
#6119 = DIRECTION('',(-0.903989294769,-0.42755508995));
#6120 = ( GEOMETRIC_REPRESENTATION_CONTEXT(2) 
PARAMETRIC_REPRESENTATION_CONTEXT() REPRESENTATION_CONTEXT('2D SPACE',''
  ) );
#6121 = PCURVE('',#3451,#6122);
#6122 = DEFINITIONAL_REPRESENTATION('',(#6123),#6127);
#6123 = LINE('',#6124,#6125);
#6124 = CARTESIAN_POINT('',(0.,-300.));
#6125 = VECTOR('',#6126,1.);
#6126 = DIRECTION('',(1.,0.));
#6127 = ( GEOMETRIC_REPRESENTATION_CONTEXT(2) 
PARAMETRIC_REPRESENTATION_CONTEXT() REPRESENTATION_CONTEXT('2D SPACE',''
  ) );
#6128 = ORIENTED_EDGE('',*,*,#6129,.F.);
#6129 = EDGE_CURVE('',#6130,#6107,#6132,.T.);
#6130 = VERTEX_POINT('',#6131);
#6131 = CARTESIAN_POINT('',(-34.731931083,-19.790284677,150.));
#6132 = SURFACE_CURVE('',#6133,(#6137,#6144),.PCURVE_S1.);
#6133 = LINE('',#6134,#6135);
#6134 = CARTESIAN_POINT('',(-34.731931083,-19.790284677,150.));
#6135 = VECTOR('',#6136,1.);
#6136 = DIRECTION('',(0.336889851754,-0.941544065769,0.));
#6137 = PCURVE('',#111,#6138);
#6138 = DEFINITIONAL_REPRESENTATION('',(#6139),#6143);
#6139 = LINE('',#6140,#6141);
#6140 = CARTESIAN_POINT('',(-20.48158183197,34.731931083));
#6141 = VECTOR('',#6142,1.);
#6142 = DIRECTION('',(-0.941544065769,-0.336889851754));
#6143 = ( GEOMETRIC_REPRESENTATION_CONTEXT(2) 
PARAMETRIC_REPRESENTATION_CONTEXT() REPRESENTATION_CONTEXT('2D SPACE',''
  ) );
#6144 = PCURVE('',#3479,#6145);
#6145 = DEFINITIONAL_REPRESENTATION('',(#6146),#6150);
#6146 = LINE('',#6147,#6148);
#6147 = CARTESIAN_POINT('',(0.,-300.));
#6148 = VECTOR('',#6149,1.);
#6149 = DIRECTION('',(1.,0.));
#6150 = ( GEOMETRIC_REPRESENTATION_CONTEXT(2) 
PARAMETRIC_REPRESENTATION_CONTEXT() REPRESENTATION_CONTEXT('2D SPACE',''
  ) );
#6151 = ORIENTED_EDGE('',*,*,#6152,.F.);
#6152 = EDGE_CURVE('',#6153,#6130,#6155,.T.);
#6153 = VERTEX_POINT('',#6154);
#6154 = CARTESIAN_POINT('',(-34.755776028,-19.695090322,150.));
#6155 = SURFACE_CURVE('',#6156,(#6160,#6167),.PCURVE_S1.);
#6156 = LINE('',#6157,#6158);
#6157 = CARTESIAN_POINT('',(-34.755776028,-19.695090322,150.));
#6158 = VECTOR('',#6159,1.);
#6159 = DIRECTION('',(0.24298018363,-0.970031252261,0.));
#6160 = PCURVE('',#111,#6161);
#6161 = DEFINITIONAL_REPRESENTATION('',(#6162),#6166);
#6162 = LINE('',#6163,#6164);
#6163 = CARTESIAN_POINT('',(-20.38638747697,34.755776028));
#6164 = VECTOR('',#6165,1.);
#6165 = DIRECTION('',(-0.970031252261,-0.24298018363));
#6166 = ( GEOMETRIC_REPRESENTATION_CONTEXT(2) 
PARAMETRIC_REPRESENTATION_CONTEXT() REPRESENTATION_CONTEXT('2D SPACE',''
  ) );
#6167 = PCURVE('',#3507,#6168);
#6168 = DEFINITIONAL_REPRESENTATION('',(#6169),#6173);
#6169 = LINE('',#6170,#6171);
#6170 = CARTESIAN_POINT('',(0.,-300.));
#6171 = VECTOR('',#6172,1.);
#6172 = DIRECTION('',(1.,0.));
#6173 = ( GEOMETRIC_REPRESENTATION_CONTEXT(2) 
PARAMETRIC_REPRESENTATION_CONTEXT() REPRESENTATION_CONTEXT('2D SPACE',''
  ) );
#6174 = ORIENTED_EDGE('',*,*,#6175,.F.);
#6175 = EDGE_CURVE('',#4842,#6153,#6176,.T.);
#6176 = SURFACE_CURVE('',#6177,(#6181,#6188),.PCURVE_S1.);
#6177 = LINE('',#6178,#6179);
#6178 = CARTESIAN_POINT('',(-34.770175474,-19.59801714,150.));
#6179 = VECTOR('',#6180,1.);
#6180 = DIRECTION('',(0.14673047131,-0.989176510431,0.));
#6181 = PCURVE('',#111,#6182);
#6182 = DEFINITIONAL_REPRESENTATION('',(#6183),#6187);
#6183 = LINE('',#6184,#6185);
#6184 = CARTESIAN_POINT('',(-20.28931429497,34.770175474));
#6185 = VECTOR('',#6186,1.);
#6186 = DIRECTION('',(-0.989176510431,-0.14673047131));
#6187 = ( GEOMETRIC_REPRESENTATION_CONTEXT(2) 
PARAMETRIC_REPRESENTATION_CONTEXT() REPRESENTATION_CONTEXT('2D SPACE',''
  ) );
#6188 = PCURVE('',#3533,#6189);
#6189 = DEFINITIONAL_REPRESENTATION('',(#6190),#6194);
#6190 = LINE('',#6191,#6192);
#6191 = CARTESIAN_POINT('',(0.,-300.));
#6192 = VECTOR('',#6193,1.);
#6193 = DIRECTION('',(1.,0.));
#6194 = ( GEOMETRIC_REPRESENTATION_CONTEXT(2) 
PARAMETRIC_REPRESENTATION_CONTEXT() REPRESENTATION_CONTEXT('2D SPACE',''
  ) );
#6195 = ADVANCED_FACE('',(#6196),#198,.F.);
#6196 = FACE_BOUND('',#6197,.F.);
#6197 = EDGE_LOOP('',(#6198,#6219,#6220,#6221));
#6198 = ORIENTED_EDGE('',*,*,#6199,.T.);
#6199 = EDGE_CURVE('',#1842,#4793,#6200,.T.);
#6200 = SURFACE_CURVE('',#6201,(#6205,#6212),.PCURVE_S1.);
#6201 = LINE('',#6202,#6203);
#6202 = CARTESIAN_POINT('',(-34.9694524571,19.617644210107,-150.));
#6203 = VECTOR('',#6204,1.);
#6204 = DIRECTION('',(0.,0.,1.));
#6205 = PCURVE('',#198,#6206);
#6206 = DEFINITIONAL_REPRESENTATION('',(#6207),#6211);
#6207 = LINE('',#6208,#6209);
#6208 = CARTESIAN_POINT('',(0.,0.));
#6209 = VECTOR('',#6210,1.);
#6210 = DIRECTION('',(0.,-1.));
#6211 = ( GEOMETRIC_REPRESENTATION_CONTEXT(2) 
PARAMETRIC_REPRESENTATION_CONTEXT() REPRESENTATION_CONTEXT('2D SPACE',''
  ) );
#6212 = PCURVE('',#1857,#6213);
#6213 = DEFINITIONAL_REPRESENTATION('',(#6214),#6218);
#6214 = LINE('',#6215,#6216);
#6215 = CARTESIAN_POINT('',(0.117786088516,0.));
#6216 = VECTOR('',#6217,1.);
#6217 = DIRECTION('',(0.,-1.));
#6218 = ( GEOMETRIC_REPRESENTATION_CONTEXT(2) 
PARAMETRIC_REPRESENTATION_CONTEXT() REPRESENTATION_CONTEXT('2D SPACE',''
  ) );
#6219 = ORIENTED_EDGE('',*,*,#4815,.T.);
#6220 = ORIENTED_EDGE('',*,*,#180,.F.);
#6221 = ORIENTED_EDGE('',*,*,#1869,.F.);
#6222 = ADVANCED_FACE('',(#6223),#296,.F.);
#6223 = FACE_BOUND('',#6224,.F.);
#6224 = EDGE_LOOP('',(#6225,#6226,#6227,#6248));
#6225 = ORIENTED_EDGE('',*,*,#280,.T.);
#6226 = ORIENTED_EDGE('',*,*,#3550,.T.);
#6227 = ORIENTED_EDGE('',*,*,#6228,.F.);
#6228 = EDGE_CURVE('',#335,#3551,#6229,.T.);
#6229 = SURFACE_CURVE('',#6230,(#6234,#6241),.PCURVE_S1.);
#6230 = LINE('',#6231,#6232);
#6231 = CARTESIAN_POINT('',(-34.92354996339,-19.8484116291,-150.));
#6232 = VECTOR('',#6233,1.);
#6233 = DIRECTION('',(0.,0.,1.));
#6234 = PCURVE('',#296,#6235);
#6235 = DEFINITIONAL_REPRESENTATION('',(#6236),#6240);
#6236 = LINE('',#6237,#6238);
#6237 = CARTESIAN_POINT('',(0.117786088556,0.));
#6238 = VECTOR('',#6239,1.);
#6239 = DIRECTION('',(0.,-1.));
#6240 = ( GEOMETRIC_REPRESENTATION_CONTEXT(2) 
PARAMETRIC_REPRESENTATION_CONTEXT() REPRESENTATION_CONTEXT('2D SPACE',''
  ) );
#6241 = PCURVE('',#373,#6242);
#6242 = DEFINITIONAL_REPRESENTATION('',(#6243),#6247);
#6243 = LINE('',#6244,#6245);
#6244 = CARTESIAN_POINT('',(0.,0.));
#6245 = VECTOR('',#6246,1.);
#6246 = DIRECTION('',(0.,-1.));
#6247 = ( GEOMETRIC_REPRESENTATION_CONTEXT(2) 
PARAMETRIC_REPRESENTATION_CONTEXT() REPRESENTATION_CONTEXT('2D SPACE',''
  ) );
#6248 = ORIENTED_EDGE('',*,*,#334,.F.);
#6249 = ADVANCED_FACE('',(#6250),#1857,.F.);
#6250 = FACE_BOUND('',#6251,.F.);
#6251 = EDGE_LOOP('',(#6252,#6273,#6274,#6275));
#6252 = ORIENTED_EDGE('',*,*,#6253,.T.);
#6253 = EDGE_CURVE('',#1814,#4770,#6254,.T.);
#6254 = SURFACE_CURVE('',#6255,(#6259,#6266),.PCURVE_S1.);
#6255 = LINE('',#6256,#6257);
#6256 = CARTESIAN_POINT('',(-34.95216964881,19.734155442123,-150.));
#6257 = VECTOR('',#6258,1.);
#6258 = DIRECTION('',(0.,0.,1.));
#6259 = PCURVE('',#1857,#6260);
#6260 = DEFINITIONAL_REPRESENTATION('',(#6261),#6265);
#6261 = LINE('',#6262,#6263);
#6262 = CARTESIAN_POINT('',(0.,0.));
#6263 = VECTOR('',#6264,1.);
#6264 = DIRECTION('',(0.,-1.));
#6265 = ( GEOMETRIC_REPRESENTATION_CONTEXT(2) 
PARAMETRIC_REPRESENTATION_CONTEXT() REPRESENTATION_CONTEXT('2D SPACE',''
  ) );
#6266 = PCURVE('',#1829,#6267);
#6267 = DEFINITIONAL_REPRESENTATION('',(#6268),#6272);
#6268 = LINE('',#6269,#6270);
#6269 = CARTESIAN_POINT('',(0.117786088556,0.));
#6270 = VECTOR('',#6271,1.);
#6271 = DIRECTION('',(0.,-1.));
#6272 = ( GEOMETRIC_REPRESENTATION_CONTEXT(2) 
PARAMETRIC_REPRESENTATION_CONTEXT() REPRESENTATION_CONTEXT('2D SPACE',''
  ) );
#6273 = ORIENTED_EDGE('',*,*,#4792,.T.);
#6274 = ORIENTED_EDGE('',*,*,#6199,.F.);
#6275 = ORIENTED_EDGE('',*,*,#1841,.F.);
#6276 = ADVANCED_FACE('',(#6277),#373,.F.);
#6277 = FACE_BOUND('',#6278,.F.);
#6278 = EDGE_LOOP('',(#6279,#6280,#6281,#6302));
#6279 = ORIENTED_EDGE('',*,*,#6228,.T.);
#6280 = ORIENTED_EDGE('',*,*,#3573,.T.);
#6281 = ORIENTED_EDGE('',*,*,#6282,.F.);
#6282 = EDGE_CURVE('',#358,#3574,#6283,.T.);
#6283 = SURFACE_CURVE('',#6284,(#6288,#6295),.PCURVE_S1.);
#6284 = LINE('',#6285,#6286);
#6285 = CARTESIAN_POINT('',(-34.88386902579,-19.95931242092,-150.));
#6286 = VECTOR('',#6287,1.);
#6287 = DIRECTION('',(0.,0.,1.));
#6288 = PCURVE('',#373,#6289);
#6289 = DEFINITIONAL_REPRESENTATION('',(#6290),#6294);
#6290 = LINE('',#6291,#6292);
#6291 = CARTESIAN_POINT('',(0.117786087613,0.));
#6292 = VECTOR('',#6293,1.);
#6293 = DIRECTION('',(0.,-1.));
#6294 = ( GEOMETRIC_REPRESENTATION_CONTEXT(2) 
PARAMETRIC_REPRESENTATION_CONTEXT() REPRESENTATION_CONTEXT('2D SPACE',''
  ) );
#6295 = PCURVE('',#401,#6296);
#6296 = DEFINITIONAL_REPRESENTATION('',(#6297),#6301);
#6297 = LINE('',#6298,#6299);
#6298 = CARTESIAN_POINT('',(0.,0.));
#6299 = VECTOR('',#6300,1.);
#6300 = DIRECTION('',(0.,-1.));
#6301 = ( GEOMETRIC_REPRESENTATION_CONTEXT(2) 
PARAMETRIC_REPRESENTATION_CONTEXT() REPRESENTATION_CONTEXT('2D SPACE',''
  ) );
#6302 = ORIENTED_EDGE('',*,*,#357,.F.);
#6303 = ADVANCED_FACE('',(#6304),#1829,.F.);
#6304 = FACE_BOUND('',#6305,.F.);
#6305 = EDGE_LOOP('',(#6306,#6327,#6328,#6329));
#6306 = ORIENTED_EDGE('',*,*,#6307,.T.);
#6307 = EDGE_CURVE('',#1786,#4747,#6308,.T.);
#6308 = SURFACE_CURVE('',#6309,(#6313,#6320),.PCURVE_S1.);
#6309 = LINE('',#6310,#6311);
#6310 = CARTESIAN_POINT('',(-34.92354996339,19.848411629104,-150.));
#6311 = VECTOR('',#6312,1.);
#6312 = DIRECTION('',(0.,0.,1.));
#6313 = PCURVE('',#1829,#6314);
#6314 = DEFINITIONAL_REPRESENTATION('',(#6315),#6319);
#6315 = LINE('',#6316,#6317);
#6316 = CARTESIAN_POINT('',(0.,0.));
#6317 = VECTOR('',#6318,1.);
#6318 = DIRECTION('',(0.,-1.));
#6319 = ( GEOMETRIC_REPRESENTATION_CONTEXT(2) 
PARAMETRIC_REPRESENTATION_CONTEXT() REPRESENTATION_CONTEXT('2D SPACE',''
  ) );
#6320 = PCURVE('',#1801,#6321);
#6321 = DEFINITIONAL_REPRESENTATION('',(#6322),#6326);
#6322 = LINE('',#6323,#6324);
#6323 = CARTESIAN_POINT('',(0.117786087613,0.));
#6324 = VECTOR('',#6325,1.);
#6325 = DIRECTION('',(0.,-1.));
#6326 = ( GEOMETRIC_REPRESENTATION_CONTEXT(2) 
PARAMETRIC_REPRESENTATION_CONTEXT() REPRESENTATION_CONTEXT('2D SPACE',''
  ) );
#6327 = ORIENTED_EDGE('',*,*,#4769,.T.);
#6328 = ORIENTED_EDGE('',*,*,#6253,.F.);
#6329 = ORIENTED_EDGE('',*,*,#1813,.F.);
#6330 = ADVANCED_FACE('',(#6331),#401,.F.);
#6331 = FACE_BOUND('',#6332,.F.);
#6332 = EDGE_LOOP('',(#6333,#6334,#6335,#6356));
#6333 = ORIENTED_EDGE('',*,*,#6282,.T.);
#6334 = ORIENTED_EDGE('',*,*,#3596,.T.);
#6335 = ORIENTED_EDGE('',*,*,#6336,.F.);
#6336 = EDGE_CURVE('',#386,#3597,#6337,.T.);
#6337 = SURFACE_CURVE('',#6338,(#6342,#6349),.PCURVE_S1.);
#6338 = LINE('',#6339,#6340);
#6339 = CARTESIAN_POINT('',(-34.83350898382,-20.06578978465,-150.));
#6340 = VECTOR('',#6341,1.);
#6341 = DIRECTION('',(0.,0.,1.));
#6342 = PCURVE('',#401,#6343);
#6343 = DEFINITIONAL_REPRESENTATION('',(#6344),#6348);
#6344 = LINE('',#6345,#6346);
#6345 = CARTESIAN_POINT('',(0.117786089216,0.));
#6346 = VECTOR('',#6347,1.);
#6347 = DIRECTION('',(0.,-1.));
#6348 = ( GEOMETRIC_REPRESENTATION_CONTEXT(2) 
PARAMETRIC_REPRESENTATION_CONTEXT() REPRESENTATION_CONTEXT('2D SPACE',''
  ) );
#6349 = PCURVE('',#429,#6350);
#6350 = DEFINITIONAL_REPRESENTATION('',(#6351),#6355);
#6351 = LINE('',#6352,#6353);
#6352 = CARTESIAN_POINT('',(0.,0.));
#6353 = VECTOR('',#6354,1.);
#6354 = DIRECTION('',(0.,-1.));
#6355 = ( GEOMETRIC_REPRESENTATION_CONTEXT(2) 
PARAMETRIC_REPRESENTATION_CONTEXT() REPRESENTATION_CONTEXT('2D SPACE',''
  ) );
#6356 = ORIENTED_EDGE('',*,*,#385,.F.);
#6357 = ADVANCED_FACE('',(#6358),#1801,.F.);
#6358 = FACE_BOUND('',#6359,.F.);
#6359 = EDGE_LOOP('',(#6360,#6381,#6382,#6383));
#6360 = ORIENTED_EDGE('',*,*,#6361,.T.);
#6361 = EDGE_CURVE('',#1758,#4724,#6362,.T.);
#6362 = SURFACE_CURVE('',#6363,(#6367,#6374),.PCURVE_S1.);
#6363 = LINE('',#6364,#6365);
#6364 = CARTESIAN_POINT('',(-34.88386902579,19.959312420926,-150.));
#6365 = VECTOR('',#6366,1.);
#6366 = DIRECTION('',(0.,0.,1.));
#6367 = PCURVE('',#1801,#6368);
#6368 = DEFINITIONAL_REPRESENTATION('',(#6369),#6373);
#6369 = LINE('',#6370,#6371);
#6370 = CARTESIAN_POINT('',(0.,0.));
#6371 = VECTOR('',#6372,1.);
#6372 = DIRECTION('',(0.,-1.));
#6373 = ( GEOMETRIC_REPRESENTATION_CONTEXT(2) 
PARAMETRIC_REPRESENTATION_CONTEXT() REPRESENTATION_CONTEXT('2D SPACE',''
  ) );
#6374 = PCURVE('',#1773,#6375);
#6375 = DEFINITIONAL_REPRESENTATION('',(#6376),#6380);
#6376 = LINE('',#6377,#6378);
#6377 = CARTESIAN_POINT('',(0.117786089216,0.));
#6378 = VECTOR('',#6379,1.);
#6379 = DIRECTION('',(0.,-1.));
#6380 = ( GEOMETRIC_REPRESENTATION_CONTEXT(2) 
PARAMETRIC_REPRESENTATION_CONTEXT() REPRESENTATION_CONTEXT('2D SPACE',''
  ) );
#6381 = ORIENTED_EDGE('',*,*,#4746,.T.);
#6382 = ORIENTED_EDGE('',*,*,#6307,.F.);
#6383 = ORIENTED_EDGE('',*,*,#1785,.F.);
#6384 = ADVANCED_FACE('',(#6385),#429,.F.);
#6385 = FACE_BOUND('',#6386,.F.);
#6386 = EDGE_LOOP('',(#6387,#6388,#6389,#6410));
#6387 = ORIENTED_EDGE('',*,*,#6336,.T.);
#6388 = ORIENTED_EDGE('',*,*,#3619,.T.);
#6389 = ORIENTED_EDGE('',*,*,#6390,.F.);
#6390 = EDGE_CURVE('',#414,#3620,#6391,.T.);
#6391 = SURFACE_CURVE('',#6392,(#6396,#6403),.PCURVE_S1.);
#6392 = LINE('',#6393,#6394);
#6393 = CARTESIAN_POINT('',(-34.77295483223,-20.16681828291,-150.));
#6394 = VECTOR('',#6395,1.);
#6395 = DIRECTION('',(0.,0.,1.));
#6396 = PCURVE('',#429,#6397);
#6397 = DEFINITIONAL_REPRESENTATION('',(#6398),#6402);
#6398 = LINE('',#6399,#6400);
#6399 = CARTESIAN_POINT('',(0.117786088896,0.));
#6400 = VECTOR('',#6401,1.);
#6401 = DIRECTION('',(0.,-1.));
#6402 = ( GEOMETRIC_REPRESENTATION_CONTEXT(2) 
PARAMETRIC_REPRESENTATION_CONTEXT() REPRESENTATION_CONTEXT('2D SPACE',''
  ) );
#6403 = PCURVE('',#457,#6404);
#6404 = DEFINITIONAL_REPRESENTATION('',(#6405),#6409);
#6405 = LINE('',#6406,#6407);
#6406 = CARTESIAN_POINT('',(0.,0.));
#6407 = VECTOR('',#6408,1.);
#6408 = DIRECTION('',(0.,-1.));
#6409 = ( GEOMETRIC_REPRESENTATION_CONTEXT(2) 
PARAMETRIC_REPRESENTATION_CONTEXT() REPRESENTATION_CONTEXT('2D SPACE',''
  ) );
#6410 = ORIENTED_EDGE('',*,*,#413,.F.);
#6411 = ADVANCED_FACE('',(#6412),#1773,.F.);
#6412 = FACE_BOUND('',#6413,.F.);
#6413 = EDGE_LOOP('',(#6414,#6435,#6436,#6437));
#6414 = ORIENTED_EDGE('',*,*,#6415,.T.);
#6415 = EDGE_CURVE('',#1730,#4701,#6416,.T.);
#6416 = SURFACE_CURVE('',#6417,(#6421,#6428),.PCURVE_S1.);
#6417 = LINE('',#6418,#6419);
#6418 = CARTESIAN_POINT('',(-34.83350898382,20.06578978465,-150.));
#6419 = VECTOR('',#6420,1.);
#6420 = DIRECTION('',(0.,0.,1.));
#6421 = PCURVE('',#1773,#6422);
#6422 = DEFINITIONAL_REPRESENTATION('',(#6423),#6427);
#6423 = LINE('',#6424,#6425);
#6424 = CARTESIAN_POINT('',(0.,0.));
#6425 = VECTOR('',#6426,1.);
#6426 = DIRECTION('',(0.,-1.));
#6427 = ( GEOMETRIC_REPRESENTATION_CONTEXT(2) 
PARAMETRIC_REPRESENTATION_CONTEXT() REPRESENTATION_CONTEXT('2D SPACE',''
  ) );
#6428 = PCURVE('',#1745,#6429);
#6429 = DEFINITIONAL_REPRESENTATION('',(#6430),#6434);
#6430 = LINE('',#6431,#6432);
#6431 = CARTESIAN_POINT('',(0.117786088896,0.));
#6432 = VECTOR('',#6433,1.);
#6433 = DIRECTION('',(0.,-1.));
#6434 = ( GEOMETRIC_REPRESENTATION_CONTEXT(2) 
PARAMETRIC_REPRESENTATION_CONTEXT() REPRESENTATION_CONTEXT('2D SPACE',''
  ) );
#6435 = ORIENTED_EDGE('',*,*,#4723,.T.);
#6436 = ORIENTED_EDGE('',*,*,#6361,.F.);
#6437 = ORIENTED_EDGE('',*,*,#1757,.F.);
#6438 = ADVANCED_FACE('',(#6439),#457,.F.);
#6439 = FACE_BOUND('',#6440,.F.);
#6440 = EDGE_LOOP('',(#6441,#6442,#6443,#6464));
#6441 = ORIENTED_EDGE('',*,*,#6390,.T.);
#6442 = ORIENTED_EDGE('',*,*,#3642,.T.);
#6443 = ORIENTED_EDGE('',*,*,#6444,.F.);
#6444 = EDGE_CURVE('',#442,#3643,#6445,.T.);
#6445 = SURFACE_CURVE('',#6446,(#6450,#6457),.PCURVE_S1.);
#6446 = LINE('',#6447,#6448);
#6447 = CARTESIAN_POINT('',(-34.70278974122,-20.26142495605,-150.));
#6448 = VECTOR('',#6449,1.);
#6449 = DIRECTION('',(0.,0.,1.));
#6450 = PCURVE('',#457,#6451);
#6451 = DEFINITIONAL_REPRESENTATION('',(#6452),#6456);
#6452 = LINE('',#6453,#6454);
#6453 = CARTESIAN_POINT('',(0.117786088304,0.));
#6454 = VECTOR('',#6455,1.);
#6455 = DIRECTION('',(0.,-1.));
#6456 = ( GEOMETRIC_REPRESENTATION_CONTEXT(2) 
PARAMETRIC_REPRESENTATION_CONTEXT() REPRESENTATION_CONTEXT('2D SPACE',''
  ) );
#6457 = PCURVE('',#485,#6458);
#6458 = DEFINITIONAL_REPRESENTATION('',(#6459),#6463);
#6459 = LINE('',#6460,#6461);
#6460 = CARTESIAN_POINT('',(0.,0.));
#6461 = VECTOR('',#6462,1.);
#6462 = DIRECTION('',(0.,-1.));
#6463 = ( GEOMETRIC_REPRESENTATION_CONTEXT(2) 
PARAMETRIC_REPRESENTATION_CONTEXT() REPRESENTATION_CONTEXT('2D SPACE',''
  ) );
#6464 = ORIENTED_EDGE('',*,*,#441,.F.);
#6465 = ADVANCED_FACE('',(#6466),#1745,.F.);
#6466 = FACE_BOUND('',#6467,.F.);
#6467 = EDGE_LOOP('',(#6468,#6489,#6490,#6491));
#6468 = ORIENTED_EDGE('',*,*,#6469,.T.);
#6469 = EDGE_CURVE('',#1702,#4678,#6470,.T.);
#6470 = SURFACE_CURVE('',#6471,(#6475,#6482),.PCURVE_S1.);
#6471 = LINE('',#6472,#6473);
#6472 = CARTESIAN_POINT('',(-34.77295483223,20.166818282919,-150.));
#6473 = VECTOR('',#6474,1.);
#6474 = DIRECTION('',(0.,0.,1.));
#6475 = PCURVE('',#1745,#6476);
#6476 = DEFINITIONAL_REPRESENTATION('',(#6477),#6481);
#6477 = LINE('',#6478,#6479);
#6478 = CARTESIAN_POINT('',(0.,0.));
#6479 = VECTOR('',#6480,1.);
#6480 = DIRECTION('',(0.,-1.));
#6481 = ( GEOMETRIC_REPRESENTATION_CONTEXT(2) 
PARAMETRIC_REPRESENTATION_CONTEXT() REPRESENTATION_CONTEXT('2D SPACE',''
  ) );
#6482 = PCURVE('',#1717,#6483);
#6483 = DEFINITIONAL_REPRESENTATION('',(#6484),#6488);
#6484 = LINE('',#6485,#6486);
#6485 = CARTESIAN_POINT('',(0.117786088304,0.));
#6486 = VECTOR('',#6487,1.);
#6487 = DIRECTION('',(0.,-1.));
#6488 = ( GEOMETRIC_REPRESENTATION_CONTEXT(2) 
PARAMETRIC_REPRESENTATION_CONTEXT() REPRESENTATION_CONTEXT('2D SPACE',''
  ) );
#6489 = ORIENTED_EDGE('',*,*,#4700,.T.);
#6490 = ORIENTED_EDGE('',*,*,#6415,.F.);
#6491 = ORIENTED_EDGE('',*,*,#1729,.F.);
#6492 = ADVANCED_FACE('',(#6493),#485,.F.);
#6493 = FACE_BOUND('',#6494,.F.);
#6494 = EDGE_LOOP('',(#6495,#6496,#6497,#6518));
#6495 = ORIENTED_EDGE('',*,*,#6444,.T.);
#6496 = ORIENTED_EDGE('',*,*,#3665,.T.);
#6497 = ORIENTED_EDGE('',*,*,#6498,.F.);
#6498 = EDGE_CURVE('',#470,#3666,#6499,.T.);
#6499 = SURFACE_CURVE('',#6500,(#6504,#6511),.PCURVE_S1.);
#6500 = LINE('',#6501,#6502);
#6501 = CARTESIAN_POINT('',(-34.6236894389,-20.3486986909,-150.));
#6502 = VECTOR('',#6503,1.);
#6503 = DIRECTION('',(0.,0.,1.));
#6504 = PCURVE('',#485,#6505);
#6505 = DEFINITIONAL_REPRESENTATION('',(#6506),#6510);
#6506 = LINE('',#6507,#6508);
#6507 = CARTESIAN_POINT('',(0.117786088408,0.));
#6508 = VECTOR('',#6509,1.);
#6509 = DIRECTION('',(0.,-1.));
#6510 = ( GEOMETRIC_REPRESENTATION_CONTEXT(2) 
PARAMETRIC_REPRESENTATION_CONTEXT() REPRESENTATION_CONTEXT('2D SPACE',''
  ) );
#6511 = PCURVE('',#513,#6512);
#6512 = DEFINITIONAL_REPRESENTATION('',(#6513),#6517);
#6513 = LINE('',#6514,#6515);
#6514 = CARTESIAN_POINT('',(0.,0.));
#6515 = VECTOR('',#6516,1.);
#6516 = DIRECTION('',(0.,-1.));
#6517 = ( GEOMETRIC_REPRESENTATION_CONTEXT(2) 
PARAMETRIC_REPRESENTATION_CONTEXT() REPRESENTATION_CONTEXT('2D SPACE',''
  ) );
#6518 = ORIENTED_EDGE('',*,*,#469,.F.);
#6519 = ADVANCED_FACE('',(#6520),#1717,.F.);
#6520 = FACE_BOUND('',#6521,.F.);
#6521 = EDGE_LOOP('',(#6522,#6543,#6544,#6545));
#6522 = ORIENTED_EDGE('',*,*,#6523,.T.);
#6523 = EDGE_CURVE('',#1674,#4655,#6524,.T.);
#6524 = SURFACE_CURVE('',#6525,(#6529,#6536),.PCURVE_S1.);
#6525 = LINE('',#6526,#6527);
#6526 = CARTESIAN_POINT('',(-34.70278974122,20.261424956052,-150.));
#6527 = VECTOR('',#6528,1.);
#6528 = DIRECTION('',(0.,0.,1.));
#6529 = PCURVE('',#1717,#6530);
#6530 = DEFINITIONAL_REPRESENTATION('',(#6531),#6535);
#6531 = LINE('',#6532,#6533);
#6532 = CARTESIAN_POINT('',(0.,0.));
#6533 = VECTOR('',#6534,1.);
#6534 = DIRECTION('',(0.,-1.));
#6535 = ( GEOMETRIC_REPRESENTATION_CONTEXT(2) 
PARAMETRIC_REPRESENTATION_CONTEXT() REPRESENTATION_CONTEXT('2D SPACE',''
  ) );
#6536 = PCURVE('',#1689,#6537);
#6537 = DEFINITIONAL_REPRESENTATION('',(#6538),#6542);
#6538 = LINE('',#6539,#6540);
#6539 = CARTESIAN_POINT('',(0.117786088408,0.));
#6540 = VECTOR('',#6541,1.);
#6541 = DIRECTION('',(0.,-1.));
#6542 = ( GEOMETRIC_REPRESENTATION_CONTEXT(2) 
PARAMETRIC_REPRESENTATION_CONTEXT() REPRESENTATION_CONTEXT('2D SPACE',''
  ) );
#6543 = ORIENTED_EDGE('',*,*,#4677,.T.);
#6544 = ORIENTED_EDGE('',*,*,#6469,.F.);
#6545 = ORIENTED_EDGE('',*,*,#1701,.F.);
#6546 = ADVANCED_FACE('',(#6547),#513,.F.);
#6547 = FACE_BOUND('',#6548,.F.);
#6548 = EDGE_LOOP('',(#6549,#6550,#6551,#6572));
#6549 = ORIENTED_EDGE('',*,*,#6498,.T.);
#6550 = ORIENTED_EDGE('',*,*,#3688,.T.);
#6551 = ORIENTED_EDGE('',*,*,#6552,.F.);
#6552 = EDGE_CURVE('',#498,#3689,#6553,.T.);
#6553 = SURFACE_CURVE('',#6554,(#6558,#6565),.PCURVE_S1.);
#6554 = LINE('',#6555,#6556);
#6555 = CARTESIAN_POINT('',(-34.53641570405,-20.42779899322,-150.));
#6556 = VECTOR('',#6557,1.);
#6557 = DIRECTION('',(0.,0.,1.));
#6558 = PCURVE('',#513,#6559);
#6559 = DEFINITIONAL_REPRESENTATION('',(#6560),#6564);
#6560 = LINE('',#6561,#6562);
#6561 = CARTESIAN_POINT('',(0.117786088408,0.));
#6562 = VECTOR('',#6563,1.);
#6563 = DIRECTION('',(0.,-1.));
#6564 = ( GEOMETRIC_REPRESENTATION_CONTEXT(2) 
PARAMETRIC_REPRESENTATION_CONTEXT() REPRESENTATION_CONTEXT('2D SPACE',''
  ) );
#6565 = PCURVE('',#541,#6566);
#6566 = DEFINITIONAL_REPRESENTATION('',(#6567),#6571);
#6567 = LINE('',#6568,#6569);
#6568 = CARTESIAN_POINT('',(0.,0.));
#6569 = VECTOR('',#6570,1.);
#6570 = DIRECTION('',(0.,-1.));
#6571 = ( GEOMETRIC_REPRESENTATION_CONTEXT(2) 
PARAMETRIC_REPRESENTATION_CONTEXT() REPRESENTATION_CONTEXT('2D SPACE',''
  ) );
#6572 = ORIENTED_EDGE('',*,*,#497,.F.);
#6573 = ADVANCED_FACE('',(#6574),#1689,.F.);
#6574 = FACE_BOUND('',#6575,.F.);
#6575 = EDGE_LOOP('',(#6576,#6597,#6598,#6599));
#6576 = ORIENTED_EDGE('',*,*,#6577,.T.);
#6577 = EDGE_CURVE('',#1646,#4632,#6578,.T.);
#6578 = SURFACE_CURVE('',#6579,(#6583,#6590),.PCURVE_S1.);
#6579 = LINE('',#6580,#6581);
#6580 = CARTESIAN_POINT('',(-34.6236894389,20.348698690902,-150.));
#6581 = VECTOR('',#6582,1.);
#6582 = DIRECTION('',(0.,0.,1.));
#6583 = PCURVE('',#1689,#6584);
#6584 = DEFINITIONAL_REPRESENTATION('',(#6585),#6589);
#6585 = LINE('',#6586,#6587);
#6586 = CARTESIAN_POINT('',(0.,0.));
#6587 = VECTOR('',#6588,1.);
#6588 = DIRECTION('',(0.,-1.));
#6589 = ( GEOMETRIC_REPRESENTATION_CONTEXT(2) 
PARAMETRIC_REPRESENTATION_CONTEXT() REPRESENTATION_CONTEXT('2D SPACE',''
  ) );
#6590 = PCURVE('',#1661,#6591);
#6591 = DEFINITIONAL_REPRESENTATION('',(#6592),#6596);
#6592 = LINE('',#6593,#6594);
#6593 = CARTESIAN_POINT('',(0.117786088408,0.));
#6594 = VECTOR('',#6595,1.);
#6595 = DIRECTION('',(0.,-1.));
#6596 = ( GEOMETRIC_REPRESENTATION_CONTEXT(2) 
PARAMETRIC_REPRESENTATION_CONTEXT() REPRESENTATION_CONTEXT('2D SPACE',''
  ) );
#6597 = ORIENTED_EDGE('',*,*,#4654,.T.);
#6598 = ORIENTED_EDGE('',*,*,#6523,.F.);
#6599 = ORIENTED_EDGE('',*,*,#1673,.F.);
#6600 = ADVANCED_FACE('',(#6601),#541,.F.);
#6601 = FACE_BOUND('',#6602,.F.);
#6602 = EDGE_LOOP('',(#6603,#6604,#6605,#6626));
#6603 = ORIENTED_EDGE('',*,*,#6552,.T.);
#6604 = ORIENTED_EDGE('',*,*,#3711,.T.);
#6605 = ORIENTED_EDGE('',*,*,#6606,.F.);
#6606 = EDGE_CURVE('',#526,#3712,#6607,.T.);
#6607 = SURFACE_CURVE('',#6608,(#6612,#6619),.PCURVE_S1.);
#6608 = LINE('',#6609,#6610);
#6609 = CARTESIAN_POINT('',(-34.44180903049,-20.49796408455,-150.));
#6610 = VECTOR('',#6611,1.);
#6611 = DIRECTION('',(0.,0.,1.));
#6612 = PCURVE('',#541,#6613);
#6613 = DEFINITIONAL_REPRESENTATION('',(#6614),#6618);
#6614 = LINE('',#6615,#6616);
#6615 = CARTESIAN_POINT('',(0.117786088829,0.));
#6616 = VECTOR('',#6617,1.);
#6617 = DIRECTION('',(0.,-1.));
#6618 = ( GEOMETRIC_REPRESENTATION_CONTEXT(2) 
PARAMETRIC_REPRESENTATION_CONTEXT() REPRESENTATION_CONTEXT('2D SPACE',''
  ) );
#6619 = PCURVE('',#569,#6620);
#6620 = DEFINITIONAL_REPRESENTATION('',(#6621),#6625);
#6621 = LINE('',#6622,#6623);
#6622 = CARTESIAN_POINT('',(0.,0.));
#6623 = VECTOR('',#6624,1.);
#6624 = DIRECTION('',(0.,-1.));
#6625 = ( GEOMETRIC_REPRESENTATION_CONTEXT(2) 
PARAMETRIC_REPRESENTATION_CONTEXT() REPRESENTATION_CONTEXT('2D SPACE',''
  ) );
#6626 = ORIENTED_EDGE('',*,*,#525,.F.);
#6627 = ADVANCED_FACE('',(#6628),#1661,.F.);
#6628 = FACE_BOUND('',#6629,.F.);
#6629 = EDGE_LOOP('',(#6630,#6651,#6652,#6653));
#6630 = ORIENTED_EDGE('',*,*,#6631,.T.);
#6631 = EDGE_CURVE('',#1618,#4609,#6632,.T.);
#6632 = SURFACE_CURVE('',#6633,(#6637,#6644),.PCURVE_S1.);
#6633 = LINE('',#6634,#6635);
#6634 = CARTESIAN_POINT('',(-34.53641570405,20.427798993226,-150.));
#6635 = VECTOR('',#6636,1.);
#6636 = DIRECTION('',(0.,0.,1.));
#6637 = PCURVE('',#1661,#6638);
#6638 = DEFINITIONAL_REPRESENTATION('',(#6639),#6643);
#6639 = LINE('',#6640,#6641);
#6640 = CARTESIAN_POINT('',(0.,0.));
#6641 = VECTOR('',#6642,1.);
#6642 = DIRECTION('',(0.,-1.));
#6643 = ( GEOMETRIC_REPRESENTATION_CONTEXT(2) 
PARAMETRIC_REPRESENTATION_CONTEXT() REPRESENTATION_CONTEXT('2D SPACE',''
  ) );
#6644 = PCURVE('',#1633,#6645);
#6645 = DEFINITIONAL_REPRESENTATION('',(#6646),#6650);
#6646 = LINE('',#6647,#6648);
#6647 = CARTESIAN_POINT('',(0.111088835658,0.));
#6648 = VECTOR('',#6649,1.);
#6649 = DIRECTION('',(0.,-1.));
#6650 = ( GEOMETRIC_REPRESENTATION_CONTEXT(2) 
PARAMETRIC_REPRESENTATION_CONTEXT() REPRESENTATION_CONTEXT('2D SPACE',''
  ) );
#6651 = ORIENTED_EDGE('',*,*,#4631,.T.);
#6652 = ORIENTED_EDGE('',*,*,#6577,.F.);
#6653 = ORIENTED_EDGE('',*,*,#1645,.F.);
#6654 = ADVANCED_FACE('',(#6655),#569,.F.);
#6655 = FACE_BOUND('',#6656,.F.);
#6656 = EDGE_LOOP('',(#6657,#6658,#6659,#6680));
#6657 = ORIENTED_EDGE('',*,*,#6606,.T.);
#6658 = ORIENTED_EDGE('',*,*,#3734,.T.);
#6659 = ORIENTED_EDGE('',*,*,#6660,.F.);
#6660 = EDGE_CURVE('',#554,#3735,#6661,.T.);
#6661 = SURFACE_CURVE('',#6662,(#6666,#6673),.PCURVE_S1.);
#6662 = LINE('',#6663,#6664);
#6663 = CARTESIAN_POINT('',(-34.34780454596,-20.55430820364,-150.));
#6664 = VECTOR('',#6665,1.);
#6665 = DIRECTION('',(0.,0.,1.));
#6666 = PCURVE('',#569,#6667);
#6667 = DEFINITIONAL_REPRESENTATION('',(#6668),#6672);
#6668 = LINE('',#6669,#6670);
#6669 = CARTESIAN_POINT('',(0.109597002095,0.));
#6670 = VECTOR('',#6671,1.);
#6671 = DIRECTION('',(0.,-1.));
#6672 = ( GEOMETRIC_REPRESENTATION_CONTEXT(2) 
PARAMETRIC_REPRESENTATION_CONTEXT() REPRESENTATION_CONTEXT('2D SPACE',''
  ) );
#6673 = PCURVE('',#597,#6674);
#6674 = DEFINITIONAL_REPRESENTATION('',(#6675),#6679);
#6675 = LINE('',#6676,#6677);
#6676 = CARTESIAN_POINT('',(0.,0.));
#6677 = VECTOR('',#6678,1.);
#6678 = DIRECTION('',(0.,-1.));
#6679 = ( GEOMETRIC_REPRESENTATION_CONTEXT(2) 
PARAMETRIC_REPRESENTATION_CONTEXT() REPRESENTATION_CONTEXT('2D SPACE',''
  ) );
#6680 = ORIENTED_EDGE('',*,*,#553,.F.);
#6681 = ADVANCED_FACE('',(#6682),#1633,.F.);
#6682 = FACE_BOUND('',#6683,.F.);
#6683 = EDGE_LOOP('',(#6684,#6705,#6706,#6707));
#6684 = ORIENTED_EDGE('',*,*,#6685,.T.);
#6685 = EDGE_CURVE('',#1590,#4586,#6686,.T.);
#6686 = SURFACE_CURVE('',#6687,(#6691,#6698),.PCURVE_S1.);
#6687 = LINE('',#6688,#6689);
#6688 = CARTESIAN_POINT('',(-34.44718831467,20.493974535487,-150.));
#6689 = VECTOR('',#6690,1.);
#6690 = DIRECTION('',(0.,0.,1.));
#6691 = PCURVE('',#1633,#6692);
#6692 = DEFINITIONAL_REPRESENTATION('',(#6693),#6697);
#6693 = LINE('',#6694,#6695);
#6694 = CARTESIAN_POINT('',(0.,0.));
#6695 = VECTOR('',#6696,1.);
#6696 = DIRECTION('',(0.,-1.));
#6697 = ( GEOMETRIC_REPRESENTATION_CONTEXT(2) 
PARAMETRIC_REPRESENTATION_CONTEXT() REPRESENTATION_CONTEXT('2D SPACE',''
  ) );
#6698 = PCURVE('',#1605,#6699);
#6699 = DEFINITIONAL_REPRESENTATION('',(#6700),#6704);
#6700 = LINE('',#6701,#6702);
#6701 = CARTESIAN_POINT('',(34.554467029546,0.));
#6702 = VECTOR('',#6703,1.);
#6703 = DIRECTION('',(0.,-1.));
#6704 = ( GEOMETRIC_REPRESENTATION_CONTEXT(2) 
PARAMETRIC_REPRESENTATION_CONTEXT() REPRESENTATION_CONTEXT('2D SPACE',''
  ) );
#6705 = ORIENTED_EDGE('',*,*,#4608,.T.);
#6706 = ORIENTED_EDGE('',*,*,#6631,.F.);
#6707 = ORIENTED_EDGE('',*,*,#1617,.F.);
#6708 = ADVANCED_FACE('',(#6709),#597,.F.);
#6709 = FACE_BOUND('',#6710,.F.);
#6710 = EDGE_LOOP('',(#6711,#6712,#6713,#6734));
#6711 = ORIENTED_EDGE('',*,*,#6660,.T.);
#6712 = ORIENTED_EDGE('',*,*,#3757,.T.);
#6713 = ORIENTED_EDGE('',*,*,#6714,.F.);
#6714 = EDGE_CURVE('',#582,#3758,#6715,.T.);
#6715 = SURFACE_CURVE('',#6716,(#6720,#6727),.PCURVE_S1.);
#6716 = LINE('',#6717,#6718);
#6717 = CARTESIAN_POINT('',(-0.564307629158,-40.05921924307,-150.));
#6718 = VECTOR('',#6719,1.);
#6719 = DIRECTION('',(0.,0.,1.));
#6720 = PCURVE('',#597,#6721);
#6721 = DEFINITIONAL_REPRESENTATION('',(#6722),#6726);
#6722 = LINE('',#6723,#6724);
#6723 = CARTESIAN_POINT('',(39.009822078347,0.));
#6724 = VECTOR('',#6725,1.);
#6725 = DIRECTION('',(0.,-1.));
#6726 = ( GEOMETRIC_REPRESENTATION_CONTEXT(2) 
PARAMETRIC_REPRESENTATION_CONTEXT() REPRESENTATION_CONTEXT('2D SPACE',''
  ) );
#6727 = PCURVE('',#625,#6728);
#6728 = DEFINITIONAL_REPRESENTATION('',(#6729),#6733);
#6729 = LINE('',#6730,#6731);
#6730 = CARTESIAN_POINT('',(0.,0.));
#6731 = VECTOR('',#6732,1.);
#6732 = DIRECTION('',(0.,-1.));
#6733 = ( GEOMETRIC_REPRESENTATION_CONTEXT(2) 
PARAMETRIC_REPRESENTATION_CONTEXT() REPRESENTATION_CONTEXT('2D SPACE',''
  ) );
#6734 = ORIENTED_EDGE('',*,*,#581,.F.);
#6735 = ADVANCED_FACE('',(#6736),#1605,.F.);
#6736 = FACE_BOUND('',#6737,.F.);
#6737 = EDGE_LOOP('',(#6738,#6759,#6760,#6761));
#6738 = ORIENTED_EDGE('',*,*,#6739,.T.);
#6739 = EDGE_CURVE('',#1562,#4563,#6740,.T.);
#6740 = SURFACE_CURVE('',#6741,(#6745,#6752),.PCURVE_S1.);
#6741 = LINE('',#6742,#6743);
#6742 = CARTESIAN_POINT('',(-6.062619406767,40.2,-150.));
#6743 = VECTOR('',#6744,1.);
#6744 = DIRECTION('',(0.,0.,1.));
#6745 = PCURVE('',#1605,#6746);
#6746 = DEFINITIONAL_REPRESENTATION('',(#6747),#6751);
#6747 = LINE('',#6748,#6749);
#6748 = CARTESIAN_POINT('',(0.,0.));
#6749 = VECTOR('',#6750,1.);
#6750 = DIRECTION('',(0.,-1.));
#6751 = ( GEOMETRIC_REPRESENTATION_CONTEXT(2) 
PARAMETRIC_REPRESENTATION_CONTEXT() REPRESENTATION_CONTEXT('2D SPACE',''
  ) );
#6752 = PCURVE('',#1577,#6753);
#6753 = DEFINITIONAL_REPRESENTATION('',(#6754),#6758);
#6754 = LINE('',#6755,#6756);
#6755 = CARTESIAN_POINT('',(12.125238813534,0.));
#6756 = VECTOR('',#6757,1.);
#6757 = DIRECTION('',(0.,-1.));
#6758 = ( GEOMETRIC_REPRESENTATION_CONTEXT(2) 
PARAMETRIC_REPRESENTATION_CONTEXT() REPRESENTATION_CONTEXT('2D SPACE',''
  ) );
#6759 = ORIENTED_EDGE('',*,*,#4585,.T.);
#6760 = ORIENTED_EDGE('',*,*,#6685,.F.);
#6761 = ORIENTED_EDGE('',*,*,#1589,.F.);
#6762 = ADVANCED_FACE('',(#6763),#625,.F.);
#6763 = FACE_BOUND('',#6764,.F.);
#6764 = EDGE_LOOP('',(#6765,#6766,#6767,#6788));
#6765 = ORIENTED_EDGE('',*,*,#6714,.T.);
#6766 = ORIENTED_EDGE('',*,*,#3780,.T.);
#6767 = ORIENTED_EDGE('',*,*,#6768,.F.);
#6768 = EDGE_CURVE('',#610,#3781,#6769,.T.);
#6769 = SURFACE_CURVE('',#6770,(#6774,#6781),.PCURVE_S1.);
#6770 = LINE('',#6771,#6772);
#6771 = CARTESIAN_POINT('',(-0.459312421795,-40.10887827848,-150.));
#6772 = VECTOR('',#6773,1.);
#6773 = DIRECTION('',(0.,0.,1.));
#6774 = PCURVE('',#625,#6775);
#6775 = DEFINITIONAL_REPRESENTATION('',(#6776),#6780);
#6776 = LINE('',#6777,#6778);
#6777 = CARTESIAN_POINT('',(0.116146516809,0.));
#6778 = VECTOR('',#6779,1.);
#6779 = DIRECTION('',(0.,-1.));
#6780 = ( GEOMETRIC_REPRESENTATION_CONTEXT(2) 
PARAMETRIC_REPRESENTATION_CONTEXT() REPRESENTATION_CONTEXT('2D SPACE',''
  ) );
#6781 = PCURVE('',#653,#6782);
#6782 = DEFINITIONAL_REPRESENTATION('',(#6783),#6787);
#6783 = LINE('',#6784,#6785);
#6784 = CARTESIAN_POINT('',(0.,0.));
#6785 = VECTOR('',#6786,1.);
#6786 = DIRECTION('',(0.,-1.));
#6787 = ( GEOMETRIC_REPRESENTATION_CONTEXT(2) 
PARAMETRIC_REPRESENTATION_CONTEXT() REPRESENTATION_CONTEXT('2D SPACE',''
  ) );
#6788 = ORIENTED_EDGE('',*,*,#609,.F.);
#6789 = ADVANCED_FACE('',(#6790),#1577,.F.);
#6790 = FACE_BOUND('',#6791,.F.);
#6791 = EDGE_LOOP('',(#6792,#6813,#6814,#6815));
#6792 = ORIENTED_EDGE('',*,*,#6793,.T.);
#6793 = EDGE_CURVE('',#1534,#4540,#6794,.T.);
#6794 = SURFACE_CURVE('',#6795,(#6799,#6806),.PCURVE_S1.);
#6795 = LINE('',#6796,#6797);
#6796 = CARTESIAN_POINT('',(6.062619406767,40.2,-150.));
#6797 = VECTOR('',#6798,1.);
#6798 = DIRECTION('',(0.,0.,1.));
#6799 = PCURVE('',#1577,#6800);
#6800 = DEFINITIONAL_REPRESENTATION('',(#6801),#6805);
#6801 = LINE('',#6802,#6803);
#6802 = CARTESIAN_POINT('',(0.,-0.));
#6803 = VECTOR('',#6804,1.);
#6804 = DIRECTION('',(0.,-1.));
#6805 = ( GEOMETRIC_REPRESENTATION_CONTEXT(2) 
PARAMETRIC_REPRESENTATION_CONTEXT() REPRESENTATION_CONTEXT('2D SPACE',''
  ) );
#6806 = PCURVE('',#1549,#6807);
#6807 = DEFINITIONAL_REPRESENTATION('',(#6808),#6812);
#6808 = LINE('',#6809,#6810);
#6809 = CARTESIAN_POINT('',(34.554467029546,0.));
#6810 = VECTOR('',#6811,1.);
#6811 = DIRECTION('',(0.,-1.));
#6812 = ( GEOMETRIC_REPRESENTATION_CONTEXT(2) 
PARAMETRIC_REPRESENTATION_CONTEXT() REPRESENTATION_CONTEXT('2D SPACE',''
  ) );
#6813 = ORIENTED_EDGE('',*,*,#4562,.T.);
#6814 = ORIENTED_EDGE('',*,*,#6739,.F.);
#6815 = ORIENTED_EDGE('',*,*,#1561,.F.);
#6816 = ADVANCED_FACE('',(#6817),#653,.F.);
#6817 = FACE_BOUND('',#6818,.F.);
#6818 = EDGE_LOOP('',(#6819,#6820,#6821,#6842));
#6819 = ORIENTED_EDGE('',*,*,#6768,.T.);
#6820 = ORIENTED_EDGE('',*,*,#3803,.T.);
#6821 = ORIENTED_EDGE('',*,*,#6822,.F.);
#6822 = EDGE_CURVE('',#638,#3804,#6823,.T.);
#6823 = SURFACE_CURVE('',#6824,(#6828,#6835),.PCURVE_S1.);
#6824 = LINE('',#6825,#6826);
#6825 = CARTESIAN_POINT('',(-0.348411628171,-40.14855921672,-150.));
#6826 = VECTOR('',#6827,1.);
#6827 = DIRECTION('',(0.,0.,1.));
#6828 = PCURVE('',#653,#6829);
#6829 = DEFINITIONAL_REPRESENTATION('',(#6830),#6834);
#6830 = LINE('',#6831,#6832);
#6831 = CARTESIAN_POINT('',(0.117786089527,0.));
#6832 = VECTOR('',#6833,1.);
#6833 = DIRECTION('',(0.,-1.));
#6834 = ( GEOMETRIC_REPRESENTATION_CONTEXT(2) 
PARAMETRIC_REPRESENTATION_CONTEXT() REPRESENTATION_CONTEXT('2D SPACE',''
  ) );
#6835 = PCURVE('',#681,#6836);
#6836 = DEFINITIONAL_REPRESENTATION('',(#6837),#6841);
#6837 = LINE('',#6838,#6839);
#6838 = CARTESIAN_POINT('',(0.,0.));
#6839 = VECTOR('',#6840,1.);
#6840 = DIRECTION('',(0.,-1.));
#6841 = ( GEOMETRIC_REPRESENTATION_CONTEXT(2) 
PARAMETRIC_REPRESENTATION_CONTEXT() REPRESENTATION_CONTEXT('2D SPACE',''
  ) );
#6842 = ORIENTED_EDGE('',*,*,#637,.F.);
#6843 = ADVANCED_FACE('',(#6844),#1549,.F.);
#6844 = FACE_BOUND('',#6845,.F.);
#6845 = EDGE_LOOP('',(#6846,#6867,#6868,#6869));
#6846 = ORIENTED_EDGE('',*,*,#6847,.T.);
#6847 = EDGE_CURVE('',#1506,#4517,#6848,.T.);
#6848 = SURFACE_CURVE('',#6849,(#6853,#6860),.PCURVE_S1.);
#6849 = LINE('',#6850,#6851);
#6850 = CARTESIAN_POINT('',(34.447188314679,20.493974535487,-150.));
#6851 = VECTOR('',#6852,1.);
#6852 = DIRECTION('',(0.,0.,1.));
#6853 = PCURVE('',#1549,#6854);
#6854 = DEFINITIONAL_REPRESENTATION('',(#6855),#6859);
#6855 = LINE('',#6856,#6857);
#6856 = CARTESIAN_POINT('',(0.,0.));
#6857 = VECTOR('',#6858,1.);
#6858 = DIRECTION('',(0.,-1.));
#6859 = ( GEOMETRIC_REPRESENTATION_CONTEXT(2) 
PARAMETRIC_REPRESENTATION_CONTEXT() REPRESENTATION_CONTEXT('2D SPACE',''
  ) );
#6860 = PCURVE('',#1521,#6861);
#6861 = DEFINITIONAL_REPRESENTATION('',(#6862),#6866);
#6862 = LINE('',#6863,#6864);
#6863 = CARTESIAN_POINT('',(0.111088835658,0.));
#6864 = VECTOR('',#6865,1.);
#6865 = DIRECTION('',(0.,-1.));
#6866 = ( GEOMETRIC_REPRESENTATION_CONTEXT(2) 
PARAMETRIC_REPRESENTATION_CONTEXT() REPRESENTATION_CONTEXT('2D SPACE',''
  ) );
#6867 = ORIENTED_EDGE('',*,*,#4539,.T.);
#6868 = ORIENTED_EDGE('',*,*,#6793,.F.);
#6869 = ORIENTED_EDGE('',*,*,#1533,.F.);
#6870 = ADVANCED_FACE('',(#6871),#681,.F.);
#6871 = FACE_BOUND('',#6872,.F.);
#6872 = EDGE_LOOP('',(#6873,#6874,#6875,#6896));
#6873 = ORIENTED_EDGE('',*,*,#6822,.T.);
#6874 = ORIENTED_EDGE('',*,*,#3826,.T.);
#6875 = ORIENTED_EDGE('',*,*,#6876,.F.);
#6876 = EDGE_CURVE('',#666,#3827,#6877,.T.);
#6877 = SURFACE_CURVE('',#6878,(#6882,#6889),.PCURVE_S1.);
#6878 = LINE('',#6879,#6880);
#6879 = CARTESIAN_POINT('',(-0.234155442123,-40.17717890071,-150.));
#6880 = VECTOR('',#6881,1.);
#6881 = DIRECTION('',(0.,0.,1.));
#6882 = PCURVE('',#681,#6883);
#6883 = DEFINITIONAL_REPRESENTATION('',(#6884),#6888);
#6884 = LINE('',#6885,#6886);
#6885 = CARTESIAN_POINT('',(0.117786087302,0.));
#6886 = VECTOR('',#6887,1.);
#6887 = DIRECTION('',(0.,-1.));
#6888 = ( GEOMETRIC_REPRESENTATION_CONTEXT(2) 
PARAMETRIC_REPRESENTATION_CONTEXT() REPRESENTATION_CONTEXT('2D SPACE',''
  ) );
#6889 = PCURVE('',#709,#6890);
#6890 = DEFINITIONAL_REPRESENTATION('',(#6891),#6895);
#6891 = LINE('',#6892,#6893);
#6892 = CARTESIAN_POINT('',(0.,0.));
#6893 = VECTOR('',#6894,1.);
#6894 = DIRECTION('',(0.,-1.));
#6895 = ( GEOMETRIC_REPRESENTATION_CONTEXT(2) 
PARAMETRIC_REPRESENTATION_CONTEXT() REPRESENTATION_CONTEXT('2D SPACE',''
  ) );
#6896 = ORIENTED_EDGE('',*,*,#665,.F.);
#6897 = ADVANCED_FACE('',(#6898),#1521,.F.);
#6898 = FACE_BOUND('',#6899,.F.);
#6899 = EDGE_LOOP('',(#6900,#6921,#6922,#6923));
#6900 = ORIENTED_EDGE('',*,*,#6901,.T.);
#6901 = EDGE_CURVE('',#1478,#4494,#6902,.T.);
#6902 = SURFACE_CURVE('',#6903,(#6907,#6914),.PCURVE_S1.);
#6903 = LINE('',#6904,#6905);
#6904 = CARTESIAN_POINT('',(34.536415704052,20.427798993226,-150.));
#6905 = VECTOR('',#6906,1.);
#6906 = DIRECTION('',(0.,0.,1.));
#6907 = PCURVE('',#1521,#6908);
#6908 = DEFINITIONAL_REPRESENTATION('',(#6909),#6913);
#6909 = LINE('',#6910,#6911);
#6910 = CARTESIAN_POINT('',(0.,0.));
#6911 = VECTOR('',#6912,1.);
#6912 = DIRECTION('',(0.,-1.));
#6913 = ( GEOMETRIC_REPRESENTATION_CONTEXT(2) 
PARAMETRIC_REPRESENTATION_CONTEXT() REPRESENTATION_CONTEXT('2D SPACE',''
  ) );
#6914 = PCURVE('',#1493,#6915);
#6915 = DEFINITIONAL_REPRESENTATION('',(#6916),#6920);
#6916 = LINE('',#6917,#6918);
#6917 = CARTESIAN_POINT('',(0.117786088408,0.));
#6918 = VECTOR('',#6919,1.);
#6919 = DIRECTION('',(0.,-1.));
#6920 = ( GEOMETRIC_REPRESENTATION_CONTEXT(2) 
PARAMETRIC_REPRESENTATION_CONTEXT() REPRESENTATION_CONTEXT('2D SPACE',''
  ) );
#6921 = ORIENTED_EDGE('',*,*,#4516,.T.);
#6922 = ORIENTED_EDGE('',*,*,#6847,.F.);
#6923 = ORIENTED_EDGE('',*,*,#1505,.F.);
#6924 = ADVANCED_FACE('',(#6925),#709,.F.);
#6925 = FACE_BOUND('',#6926,.F.);
#6926 = EDGE_LOOP('',(#6927,#6928,#6929,#6950));
#6927 = ORIENTED_EDGE('',*,*,#6876,.T.);
#6928 = ORIENTED_EDGE('',*,*,#3849,.T.);
#6929 = ORIENTED_EDGE('',*,*,#6930,.F.);
#6930 = EDGE_CURVE('',#694,#3850,#6931,.T.);
#6931 = SURFACE_CURVE('',#6932,(#6936,#6943),.PCURVE_S1.);
#6932 = LINE('',#6933,#6934);
#6933 = CARTESIAN_POINT('',(-0.117644210107,-40.1944617102,-150.));
#6934 = VECTOR('',#6935,1.);
#6935 = DIRECTION('',(0.,0.,1.));
#6936 = PCURVE('',#709,#6937);
#6937 = DEFINITIONAL_REPRESENTATION('',(#6938),#6942);
#6938 = LINE('',#6939,#6940);
#6939 = CARTESIAN_POINT('',(0.117786088692,0.));
#6940 = VECTOR('',#6941,1.);
#6941 = DIRECTION('',(0.,-1.));
#6942 = ( GEOMETRIC_REPRESENTATION_CONTEXT(2) 
PARAMETRIC_REPRESENTATION_CONTEXT() REPRESENTATION_CONTEXT('2D SPACE',''
  ) );
#6943 = PCURVE('',#737,#6944);
#6944 = DEFINITIONAL_REPRESENTATION('',(#6945),#6949);
#6945 = LINE('',#6946,#6947);
#6946 = CARTESIAN_POINT('',(0.,0.));
#6947 = VECTOR('',#6948,1.);
#6948 = DIRECTION('',(0.,-1.));
#6949 = ( GEOMETRIC_REPRESENTATION_CONTEXT(2) 
PARAMETRIC_REPRESENTATION_CONTEXT() REPRESENTATION_CONTEXT('2D SPACE',''
  ) );
#6950 = ORIENTED_EDGE('',*,*,#693,.F.);
#6951 = ADVANCED_FACE('',(#6952),#1493,.F.);
#6952 = FACE_BOUND('',#6953,.F.);
#6953 = EDGE_LOOP('',(#6954,#6975,#6976,#6977));
#6954 = ORIENTED_EDGE('',*,*,#6955,.T.);
#6955 = EDGE_CURVE('',#1450,#4471,#6956,.T.);
#6956 = SURFACE_CURVE('',#6957,(#6961,#6968),.PCURVE_S1.);
#6957 = LINE('',#6958,#6959);
#6958 = CARTESIAN_POINT('',(34.623689438902,20.348698690902,-150.));
#6959 = VECTOR('',#6960,1.);
#6960 = DIRECTION('',(0.,0.,1.));
#6961 = PCURVE('',#1493,#6962);
#6962 = DEFINITIONAL_REPRESENTATION('',(#6963),#6967);
#6963 = LINE('',#6964,#6965);
#6964 = CARTESIAN_POINT('',(0.,0.));
#6965 = VECTOR('',#6966,1.);
#6966 = DIRECTION('',(0.,-1.));
#6967 = ( GEOMETRIC_REPRESENTATION_CONTEXT(2) 
PARAMETRIC_REPRESENTATION_CONTEXT() REPRESENTATION_CONTEXT('2D SPACE',''
  ) );
#6968 = PCURVE('',#1465,#6969);
#6969 = DEFINITIONAL_REPRESENTATION('',(#6970),#6974);
#6970 = LINE('',#6971,#6972);
#6971 = CARTESIAN_POINT('',(0.117786088408,0.));
#6972 = VECTOR('',#6973,1.);
#6973 = DIRECTION('',(0.,-1.));
#6974 = ( GEOMETRIC_REPRESENTATION_CONTEXT(2) 
PARAMETRIC_REPRESENTATION_CONTEXT() REPRESENTATION_CONTEXT('2D SPACE',''
  ) );
#6975 = ORIENTED_EDGE('',*,*,#4493,.T.);
#6976 = ORIENTED_EDGE('',*,*,#6901,.F.);
#6977 = ORIENTED_EDGE('',*,*,#1477,.F.);
#6978 = ADVANCED_FACE('',(#6979),#737,.F.);
#6979 = FACE_BOUND('',#6980,.F.);
#6980 = EDGE_LOOP('',(#6981,#6982,#6983,#7004));
#6981 = ORIENTED_EDGE('',*,*,#6930,.T.);
#6982 = ORIENTED_EDGE('',*,*,#3872,.T.);
#6983 = ORIENTED_EDGE('',*,*,#6984,.F.);
#6984 = EDGE_CURVE('',#722,#3873,#6985,.T.);
#6985 = SURFACE_CURVE('',#6986,(#6990,#6997),.PCURVE_S1.);
#6986 = LINE('',#6987,#6988);
#6987 = CARTESIAN_POINT('',(0.,-40.20024119926,-150.));
#6988 = VECTOR('',#6989,1.);
#6989 = DIRECTION('',(0.,0.,1.));
#6990 = PCURVE('',#737,#6991);
#6991 = DEFINITIONAL_REPRESENTATION('',(#6992),#6996);
#6992 = LINE('',#6993,#6994);
#6993 = CARTESIAN_POINT('',(0.117786088591,0.));
#6994 = VECTOR('',#6995,1.);
#6995 = DIRECTION('',(0.,-1.));
#6996 = ( GEOMETRIC_REPRESENTATION_CONTEXT(2) 
PARAMETRIC_REPRESENTATION_CONTEXT() REPRESENTATION_CONTEXT('2D SPACE',''
  ) );
#6997 = PCURVE('',#765,#6998);
#6998 = DEFINITIONAL_REPRESENTATION('',(#6999),#7003);
#6999 = LINE('',#7000,#7001);
#7000 = CARTESIAN_POINT('',(0.,0.));
#7001 = VECTOR('',#7002,1.);
#7002 = DIRECTION('',(0.,-1.));
#7003 = ( GEOMETRIC_REPRESENTATION_CONTEXT(2) 
PARAMETRIC_REPRESENTATION_CONTEXT() REPRESENTATION_CONTEXT('2D SPACE',''
  ) );
#7004 = ORIENTED_EDGE('',*,*,#721,.F.);
#7005 = ADVANCED_FACE('',(#7006),#1465,.F.);
#7006 = FACE_BOUND('',#7007,.F.);
#7007 = EDGE_LOOP('',(#7008,#7029,#7030,#7031));
#7008 = ORIENTED_EDGE('',*,*,#7009,.T.);
#7009 = EDGE_CURVE('',#1422,#4448,#7010,.T.);
#7010 = SURFACE_CURVE('',#7011,(#7015,#7022),.PCURVE_S1.);
#7011 = LINE('',#7012,#7013);
#7012 = CARTESIAN_POINT('',(34.702789741226,20.261424956052,-150.));
#7013 = VECTOR('',#7014,1.);
#7014 = DIRECTION('',(0.,0.,1.));
#7015 = PCURVE('',#1465,#7016);
#7016 = DEFINITIONAL_REPRESENTATION('',(#7017),#7021);
#7017 = LINE('',#7018,#7019);
#7018 = CARTESIAN_POINT('',(0.,0.));
#7019 = VECTOR('',#7020,1.);
#7020 = DIRECTION('',(0.,-1.));
#7021 = ( GEOMETRIC_REPRESENTATION_CONTEXT(2) 
PARAMETRIC_REPRESENTATION_CONTEXT() REPRESENTATION_CONTEXT('2D SPACE',''
  ) );
#7022 = PCURVE('',#1437,#7023);
#7023 = DEFINITIONAL_REPRESENTATION('',(#7024),#7028);
#7024 = LINE('',#7025,#7026);
#7025 = CARTESIAN_POINT('',(0.117786088304,0.));
#7026 = VECTOR('',#7027,1.);
#7027 = DIRECTION('',(0.,-1.));
#7028 = ( GEOMETRIC_REPRESENTATION_CONTEXT(2) 
PARAMETRIC_REPRESENTATION_CONTEXT() REPRESENTATION_CONTEXT('2D SPACE',''
  ) );
#7029 = ORIENTED_EDGE('',*,*,#4470,.T.);
#7030 = ORIENTED_EDGE('',*,*,#6955,.F.);
#7031 = ORIENTED_EDGE('',*,*,#1449,.F.);
#7032 = ADVANCED_FACE('',(#7033),#765,.F.);
#7033 = FACE_BOUND('',#7034,.F.);
#7034 = EDGE_LOOP('',(#7035,#7036,#7037,#7058));
#7035 = ORIENTED_EDGE('',*,*,#6984,.T.);
#7036 = ORIENTED_EDGE('',*,*,#3895,.T.);
#7037 = ORIENTED_EDGE('',*,*,#7038,.F.);
#7038 = EDGE_CURVE('',#750,#3896,#7039,.T.);
#7039 = SURFACE_CURVE('',#7040,(#7044,#7051),.PCURVE_S1.);
#7040 = LINE('',#7041,#7042);
#7041 = CARTESIAN_POINT('',(0.117644210107,-40.1944617102,-150.));
#7042 = VECTOR('',#7043,1.);
#7043 = DIRECTION('',(0.,0.,1.));
#7044 = PCURVE('',#765,#7045);
#7045 = DEFINITIONAL_REPRESENTATION('',(#7046),#7050);
#7046 = LINE('',#7047,#7048);
#7047 = CARTESIAN_POINT('',(0.117786088591,0.));
#7048 = VECTOR('',#7049,1.);
#7049 = DIRECTION('',(0.,-1.));
#7050 = ( GEOMETRIC_REPRESENTATION_CONTEXT(2) 
PARAMETRIC_REPRESENTATION_CONTEXT() REPRESENTATION_CONTEXT('2D SPACE',''
  ) );
#7051 = PCURVE('',#793,#7052);
#7052 = DEFINITIONAL_REPRESENTATION('',(#7053),#7057);
#7053 = LINE('',#7054,#7055);
#7054 = CARTESIAN_POINT('',(0.,0.));
#7055 = VECTOR('',#7056,1.);
#7056 = DIRECTION('',(0.,-1.));
#7057 = ( GEOMETRIC_REPRESENTATION_CONTEXT(2) 
PARAMETRIC_REPRESENTATION_CONTEXT() REPRESENTATION_CONTEXT('2D SPACE',''
  ) );
#7058 = ORIENTED_EDGE('',*,*,#749,.F.);
#7059 = ADVANCED_FACE('',(#7060),#1437,.F.);
#7060 = FACE_BOUND('',#7061,.F.);
#7061 = EDGE_LOOP('',(#7062,#7083,#7084,#7085));
#7062 = ORIENTED_EDGE('',*,*,#7063,.T.);
#7063 = EDGE_CURVE('',#1394,#4425,#7064,.T.);
#7064 = SURFACE_CURVE('',#7065,(#7069,#7076),.PCURVE_S1.);
#7065 = LINE('',#7066,#7067);
#7066 = CARTESIAN_POINT('',(34.772954832237,20.166818282919,-150.));
#7067 = VECTOR('',#7068,1.);
#7068 = DIRECTION('',(0.,0.,1.));
#7069 = PCURVE('',#1437,#7070);
#7070 = DEFINITIONAL_REPRESENTATION('',(#7071),#7075);
#7071 = LINE('',#7072,#7073);
#7072 = CARTESIAN_POINT('',(0.,0.));
#7073 = VECTOR('',#7074,1.);
#7074 = DIRECTION('',(0.,-1.));
#7075 = ( GEOMETRIC_REPRESENTATION_CONTEXT(2) 
PARAMETRIC_REPRESENTATION_CONTEXT() REPRESENTATION_CONTEXT('2D SPACE',''
  ) );
#7076 = PCURVE('',#1409,#7077);
#7077 = DEFINITIONAL_REPRESENTATION('',(#7078),#7082);
#7078 = LINE('',#7079,#7080);
#7079 = CARTESIAN_POINT('',(0.117786088896,0.));
#7080 = VECTOR('',#7081,1.);
#7081 = DIRECTION('',(0.,-1.));
#7082 = ( GEOMETRIC_REPRESENTATION_CONTEXT(2) 
PARAMETRIC_REPRESENTATION_CONTEXT() REPRESENTATION_CONTEXT('2D SPACE',''
  ) );
#7083 = ORIENTED_EDGE('',*,*,#4447,.T.);
#7084 = ORIENTED_EDGE('',*,*,#7009,.F.);
#7085 = ORIENTED_EDGE('',*,*,#1421,.F.);
#7086 = ADVANCED_FACE('',(#7087),#793,.F.);
#7087 = FACE_BOUND('',#7088,.F.);
#7088 = EDGE_LOOP('',(#7089,#7090,#7091,#7112));
#7089 = ORIENTED_EDGE('',*,*,#7038,.T.);
#7090 = ORIENTED_EDGE('',*,*,#3918,.T.);
#7091 = ORIENTED_EDGE('',*,*,#7092,.F.);
#7092 = EDGE_CURVE('',#778,#3919,#7093,.T.);
#7093 = SURFACE_CURVE('',#7094,(#7098,#7105),.PCURVE_S1.);
#7094 = LINE('',#7095,#7096);
#7095 = CARTESIAN_POINT('',(0.234155442123,-40.17717890071,-150.));
#7096 = VECTOR('',#7097,1.);
#7097 = DIRECTION('',(0.,0.,1.));
#7098 = PCURVE('',#793,#7099);
#7099 = DEFINITIONAL_REPRESENTATION('',(#7100),#7104);
#7100 = LINE('',#7101,#7102);
#7101 = CARTESIAN_POINT('',(0.117786088692,0.));
#7102 = VECTOR('',#7103,1.);
#7103 = DIRECTION('',(0.,-1.));
#7104 = ( GEOMETRIC_REPRESENTATION_CONTEXT(2) 
PARAMETRIC_REPRESENTATION_CONTEXT() REPRESENTATION_CONTEXT('2D SPACE',''
  ) );
#7105 = PCURVE('',#821,#7106);
#7106 = DEFINITIONAL_REPRESENTATION('',(#7107),#7111);
#7107 = LINE('',#7108,#7109);
#7108 = CARTESIAN_POINT('',(0.,0.));
#7109 = VECTOR('',#7110,1.);
#7110 = DIRECTION('',(0.,-1.));
#7111 = ( GEOMETRIC_REPRESENTATION_CONTEXT(2) 
PARAMETRIC_REPRESENTATION_CONTEXT() REPRESENTATION_CONTEXT('2D SPACE',''
  ) );
#7112 = ORIENTED_EDGE('',*,*,#777,.F.);
#7113 = ADVANCED_FACE('',(#7114),#1409,.F.);
#7114 = FACE_BOUND('',#7115,.F.);
#7115 = EDGE_LOOP('',(#7116,#7137,#7138,#7139));
#7116 = ORIENTED_EDGE('',*,*,#7117,.T.);
#7117 = EDGE_CURVE('',#1366,#4402,#7118,.T.);
#7118 = SURFACE_CURVE('',#7119,(#7123,#7130),.PCURVE_S1.);
#7119 = LINE('',#7120,#7121);
#7120 = CARTESIAN_POINT('',(34.833508983828,20.06578978465,-150.));
#7121 = VECTOR('',#7122,1.);
#7122 = DIRECTION('',(0.,0.,1.));
#7123 = PCURVE('',#1409,#7124);
#7124 = DEFINITIONAL_REPRESENTATION('',(#7125),#7129);
#7125 = LINE('',#7126,#7127);
#7126 = CARTESIAN_POINT('',(0.,0.));
#7127 = VECTOR('',#7128,1.);
#7128 = DIRECTION('',(0.,-1.));
#7129 = ( GEOMETRIC_REPRESENTATION_CONTEXT(2) 
PARAMETRIC_REPRESENTATION_CONTEXT() REPRESENTATION_CONTEXT('2D SPACE',''
  ) );
#7130 = PCURVE('',#1381,#7131);
#7131 = DEFINITIONAL_REPRESENTATION('',(#7132),#7136);
#7132 = LINE('',#7133,#7134);
#7133 = CARTESIAN_POINT('',(0.117786089216,0.));
#7134 = VECTOR('',#7135,1.);
#7135 = DIRECTION('',(0.,-1.));
#7136 = ( GEOMETRIC_REPRESENTATION_CONTEXT(2) 
PARAMETRIC_REPRESENTATION_CONTEXT() REPRESENTATION_CONTEXT('2D SPACE',''
  ) );
#7137 = ORIENTED_EDGE('',*,*,#4424,.T.);
#7138 = ORIENTED_EDGE('',*,*,#7063,.F.);
#7139 = ORIENTED_EDGE('',*,*,#1393,.F.);
#7140 = ADVANCED_FACE('',(#7141),#821,.F.);
#7141 = FACE_BOUND('',#7142,.F.);
#7142 = EDGE_LOOP('',(#7143,#7144,#7145,#7166));
#7143 = ORIENTED_EDGE('',*,*,#7092,.T.);
#7144 = ORIENTED_EDGE('',*,*,#3941,.T.);
#7145 = ORIENTED_EDGE('',*,*,#7146,.F.);
#7146 = EDGE_CURVE('',#806,#3942,#7147,.T.);
#7147 = SURFACE_CURVE('',#7148,(#7152,#7159),.PCURVE_S1.);
#7148 = LINE('',#7149,#7150);
#7149 = CARTESIAN_POINT('',(0.348411628171,-40.14855921672,-150.));
#7150 = VECTOR('',#7151,1.);
#7151 = DIRECTION('',(0.,0.,1.));
#7152 = PCURVE('',#821,#7153);
#7153 = DEFINITIONAL_REPRESENTATION('',(#7154),#7158);
#7154 = LINE('',#7155,#7156);
#7155 = CARTESIAN_POINT('',(0.117786087302,0.));
#7156 = VECTOR('',#7157,1.);
#7157 = DIRECTION('',(0.,-1.));
#7158 = ( GEOMETRIC_REPRESENTATION_CONTEXT(2) 
PARAMETRIC_REPRESENTATION_CONTEXT() REPRESENTATION_CONTEXT('2D SPACE',''
  ) );
#7159 = PCURVE('',#849,#7160);
#7160 = DEFINITIONAL_REPRESENTATION('',(#7161),#7165);
#7161 = LINE('',#7162,#7163);
#7162 = CARTESIAN_POINT('',(0.,0.));
#7163 = VECTOR('',#7164,1.);
#7164 = DIRECTION('',(0.,-1.));
#7165 = ( GEOMETRIC_REPRESENTATION_CONTEXT(2) 
PARAMETRIC_REPRESENTATION_CONTEXT() REPRESENTATION_CONTEXT('2D SPACE',''
  ) );
#7166 = ORIENTED_EDGE('',*,*,#805,.F.);
#7167 = ADVANCED_FACE('',(#7168),#1381,.F.);
#7168 = FACE_BOUND('',#7169,.F.);
#7169 = EDGE_LOOP('',(#7170,#7191,#7192,#7193));
#7170 = ORIENTED_EDGE('',*,*,#7171,.T.);
#7171 = EDGE_CURVE('',#1338,#4379,#7172,.T.);
#7172 = SURFACE_CURVE('',#7173,(#7177,#7184),.PCURVE_S1.);
#7173 = LINE('',#7174,#7175);
#7174 = CARTESIAN_POINT('',(34.883869025798,19.959312420926,-150.));
#7175 = VECTOR('',#7176,1.);
#7176 = DIRECTION('',(0.,0.,1.));
#7177 = PCURVE('',#1381,#7178);
#7178 = DEFINITIONAL_REPRESENTATION('',(#7179),#7183);
#7179 = LINE('',#7180,#7181);
#7180 = CARTESIAN_POINT('',(0.,0.));
#7181 = VECTOR('',#7182,1.);
#7182 = DIRECTION('',(0.,-1.));
#7183 = ( GEOMETRIC_REPRESENTATION_CONTEXT(2) 
PARAMETRIC_REPRESENTATION_CONTEXT() REPRESENTATION_CONTEXT('2D SPACE',''
  ) );
#7184 = PCURVE('',#1353,#7185);
#7185 = DEFINITIONAL_REPRESENTATION('',(#7186),#7190);
#7186 = LINE('',#7187,#7188);
#7187 = CARTESIAN_POINT('',(0.117786087613,0.));
#7188 = VECTOR('',#7189,1.);
#7189 = DIRECTION('',(0.,-1.));
#7190 = ( GEOMETRIC_REPRESENTATION_CONTEXT(2) 
PARAMETRIC_REPRESENTATION_CONTEXT() REPRESENTATION_CONTEXT('2D SPACE',''
  ) );
#7191 = ORIENTED_EDGE('',*,*,#4401,.T.);
#7192 = ORIENTED_EDGE('',*,*,#7117,.F.);
#7193 = ORIENTED_EDGE('',*,*,#1365,.F.);
#7194 = ADVANCED_FACE('',(#7195),#849,.F.);
#7195 = FACE_BOUND('',#7196,.F.);
#7196 = EDGE_LOOP('',(#7197,#7198,#7199,#7220));
#7197 = ORIENTED_EDGE('',*,*,#7146,.T.);
#7198 = ORIENTED_EDGE('',*,*,#3964,.T.);
#7199 = ORIENTED_EDGE('',*,*,#7200,.F.);
#7200 = EDGE_CURVE('',#834,#3965,#7201,.T.);
#7201 = SURFACE_CURVE('',#7202,(#7206,#7213),.PCURVE_S1.);
#7202 = LINE('',#7203,#7204);
#7203 = CARTESIAN_POINT('',(0.459312421795,-40.10887827848,-150.));
#7204 = VECTOR('',#7205,1.);
#7205 = DIRECTION('',(0.,0.,1.));
#7206 = PCURVE('',#849,#7207);
#7207 = DEFINITIONAL_REPRESENTATION('',(#7208),#7212);
#7208 = LINE('',#7209,#7210);
#7209 = CARTESIAN_POINT('',(0.117786089527,0.));
#7210 = VECTOR('',#7211,1.);
#7211 = DIRECTION('',(0.,-1.));
#7212 = ( GEOMETRIC_REPRESENTATION_CONTEXT(2) 
PARAMETRIC_REPRESENTATION_CONTEXT() REPRESENTATION_CONTEXT('2D SPACE',''
  ) );
#7213 = PCURVE('',#877,#7214);
#7214 = DEFINITIONAL_REPRESENTATION('',(#7215),#7219);
#7215 = LINE('',#7216,#7217);
#7216 = CARTESIAN_POINT('',(0.,0.));
#7217 = VECTOR('',#7218,1.);
#7218 = DIRECTION('',(0.,-1.));
#7219 = ( GEOMETRIC_REPRESENTATION_CONTEXT(2) 
PARAMETRIC_REPRESENTATION_CONTEXT() REPRESENTATION_CONTEXT('2D SPACE',''
  ) );
#7220 = ORIENTED_EDGE('',*,*,#833,.F.);
#7221 = ADVANCED_FACE('',(#7222),#1353,.F.);
#7222 = FACE_BOUND('',#7223,.F.);
#7223 = EDGE_LOOP('',(#7224,#7245,#7246,#7247));
#7224 = ORIENTED_EDGE('',*,*,#7225,.T.);
#7225 = EDGE_CURVE('',#1310,#4356,#7226,.T.);
#7226 = SURFACE_CURVE('',#7227,(#7231,#7238),.PCURVE_S1.);
#7227 = LINE('',#7228,#7229);
#7228 = CARTESIAN_POINT('',(34.923549963393,19.848411629104,-150.));
#7229 = VECTOR('',#7230,1.);
#7230 = DIRECTION('',(0.,0.,1.));
#7231 = PCURVE('',#1353,#7232);
#7232 = DEFINITIONAL_REPRESENTATION('',(#7233),#7237);
#7233 = LINE('',#7234,#7235);
#7234 = CARTESIAN_POINT('',(0.,0.));
#7235 = VECTOR('',#7236,1.);
#7236 = DIRECTION('',(0.,-1.));
#7237 = ( GEOMETRIC_REPRESENTATION_CONTEXT(2) 
PARAMETRIC_REPRESENTATION_CONTEXT() REPRESENTATION_CONTEXT('2D SPACE',''
  ) );
#7238 = PCURVE('',#1325,#7239);
#7239 = DEFINITIONAL_REPRESENTATION('',(#7240),#7244);
#7240 = LINE('',#7241,#7242);
#7241 = CARTESIAN_POINT('',(0.117786088556,0.));
#7242 = VECTOR('',#7243,1.);
#7243 = DIRECTION('',(0.,-1.));
#7244 = ( GEOMETRIC_REPRESENTATION_CONTEXT(2) 
PARAMETRIC_REPRESENTATION_CONTEXT() REPRESENTATION_CONTEXT('2D SPACE',''
  ) );
#7245 = ORIENTED_EDGE('',*,*,#4378,.T.);
#7246 = ORIENTED_EDGE('',*,*,#7171,.F.);
#7247 = ORIENTED_EDGE('',*,*,#1337,.F.);
#7248 = ADVANCED_FACE('',(#7249),#877,.F.);
#7249 = FACE_BOUND('',#7250,.F.);
#7250 = EDGE_LOOP('',(#7251,#7252,#7253,#7274));
#7251 = ORIENTED_EDGE('',*,*,#7200,.T.);
#7252 = ORIENTED_EDGE('',*,*,#3987,.T.);
#7253 = ORIENTED_EDGE('',*,*,#7254,.F.);
#7254 = EDGE_CURVE('',#862,#3988,#7255,.T.);
#7255 = SURFACE_CURVE('',#7256,(#7260,#7267),.PCURVE_S1.);
#7256 = LINE('',#7257,#7258);
#7257 = CARTESIAN_POINT('',(0.564307629158,-40.05921924307,-150.));
#7258 = VECTOR('',#7259,1.);
#7259 = DIRECTION('',(0.,0.,1.));
#7260 = PCURVE('',#877,#7261);
#7261 = DEFINITIONAL_REPRESENTATION('',(#7262),#7266);
#7262 = LINE('',#7263,#7264);
#7263 = CARTESIAN_POINT('',(0.116146516809,0.));
#7264 = VECTOR('',#7265,1.);
#7265 = DIRECTION('',(0.,-1.));
#7266 = ( GEOMETRIC_REPRESENTATION_CONTEXT(2) 
PARAMETRIC_REPRESENTATION_CONTEXT() REPRESENTATION_CONTEXT('2D SPACE',''
  ) );
#7267 = PCURVE('',#905,#7268);
#7268 = DEFINITIONAL_REPRESENTATION('',(#7269),#7273);
#7269 = LINE('',#7270,#7271);
#7270 = CARTESIAN_POINT('',(0.,0.));
#7271 = VECTOR('',#7272,1.);
#7272 = DIRECTION('',(0.,-1.));
#7273 = ( GEOMETRIC_REPRESENTATION_CONTEXT(2) 
PARAMETRIC_REPRESENTATION_CONTEXT() REPRESENTATION_CONTEXT('2D SPACE',''
  ) );
#7274 = ORIENTED_EDGE('',*,*,#861,.F.);
#7275 = ADVANCED_FACE('',(#7276),#1325,.F.);
#7276 = FACE_BOUND('',#7277,.F.);
#7277 = EDGE_LOOP('',(#7278,#7299,#7300,#7301));
#7278 = ORIENTED_EDGE('',*,*,#7279,.T.);
#7279 = EDGE_CURVE('',#1282,#4333,#7280,.T.);
#7280 = SURFACE_CURVE('',#7281,(#7285,#7292),.PCURVE_S1.);
#7281 = LINE('',#7282,#7283);
#7282 = CARTESIAN_POINT('',(34.952169648819,19.734155442123,-150.));
#7283 = VECTOR('',#7284,1.);
#7284 = DIRECTION('',(0.,0.,1.));
#7285 = PCURVE('',#1325,#7286);
#7286 = DEFINITIONAL_REPRESENTATION('',(#7287),#7291);
#7287 = LINE('',#7288,#7289);
#7288 = CARTESIAN_POINT('',(0.,0.));
#7289 = VECTOR('',#7290,1.);
#7290 = DIRECTION('',(0.,-1.));
#7291 = ( GEOMETRIC_REPRESENTATION_CONTEXT(2) 
PARAMETRIC_REPRESENTATION_CONTEXT() REPRESENTATION_CONTEXT('2D SPACE',''
  ) );
#7292 = PCURVE('',#1297,#7293);
#7293 = DEFINITIONAL_REPRESENTATION('',(#7294),#7298);
#7294 = LINE('',#7295,#7296);
#7295 = CARTESIAN_POINT('',(0.117786088516,0.));
#7296 = VECTOR('',#7297,1.);
#7297 = DIRECTION('',(0.,-1.));
#7298 = ( GEOMETRIC_REPRESENTATION_CONTEXT(2) 
PARAMETRIC_REPRESENTATION_CONTEXT() REPRESENTATION_CONTEXT('2D SPACE',''
  ) );
#7299 = ORIENTED_EDGE('',*,*,#4355,.T.);
#7300 = ORIENTED_EDGE('',*,*,#7225,.F.);
#7301 = ORIENTED_EDGE('',*,*,#1309,.F.);
#7302 = ADVANCED_FACE('',(#7303),#905,.F.);
#7303 = FACE_BOUND('',#7304,.F.);
#7304 = EDGE_LOOP('',(#7305,#7306,#7307,#7328));
#7305 = ORIENTED_EDGE('',*,*,#7254,.T.);
#7306 = ORIENTED_EDGE('',*,*,#4010,.T.);
#7307 = ORIENTED_EDGE('',*,*,#7308,.F.);
#7308 = EDGE_CURVE('',#890,#4011,#7309,.T.);
#7309 = SURFACE_CURVE('',#7310,(#7314,#7321),.PCURVE_S1.);
#7310 = LINE('',#7311,#7312);
#7311 = CARTESIAN_POINT('',(34.347804545969,-20.55430820364,-150.));
#7312 = VECTOR('',#7313,1.);
#7313 = DIRECTION('',(0.,0.,1.));
#7314 = PCURVE('',#905,#7315);
#7315 = DEFINITIONAL_REPRESENTATION('',(#7316),#7320);
#7316 = LINE('',#7317,#7318);
#7317 = CARTESIAN_POINT('',(39.009822078347,0.));
#7318 = VECTOR('',#7319,1.);
#7319 = DIRECTION('',(0.,-1.));
#7320 = ( GEOMETRIC_REPRESENTATION_CONTEXT(2) 
PARAMETRIC_REPRESENTATION_CONTEXT() REPRESENTATION_CONTEXT('2D SPACE',''
  ) );
#7321 = PCURVE('',#933,#7322);
#7322 = DEFINITIONAL_REPRESENTATION('',(#7323),#7327);
#7323 = LINE('',#7324,#7325);
#7324 = CARTESIAN_POINT('',(0.,0.));
#7325 = VECTOR('',#7326,1.);
#7326 = DIRECTION('',(0.,-1.));
#7327 = ( GEOMETRIC_REPRESENTATION_CONTEXT(2) 
PARAMETRIC_REPRESENTATION_CONTEXT() REPRESENTATION_CONTEXT('2D SPACE',''
  ) );
#7328 = ORIENTED_EDGE('',*,*,#889,.F.);
#7329 = ADVANCED_FACE('',(#7330),#1297,.F.);
#7330 = FACE_BOUND('',#7331,.F.);
#7331 = EDGE_LOOP('',(#7332,#7353,#7354,#7355));
#7332 = ORIENTED_EDGE('',*,*,#7333,.T.);
#7333 = EDGE_CURVE('',#1254,#4310,#7334,.T.);
#7334 = SURFACE_CURVE('',#7335,(#7339,#7346),.PCURVE_S1.);
#7335 = LINE('',#7336,#7337);
#7336 = CARTESIAN_POINT('',(34.969452457101,19.617644210107,-150.));
#7337 = VECTOR('',#7338,1.);
#7338 = DIRECTION('',(0.,0.,1.));
#7339 = PCURVE('',#1297,#7340);
#7340 = DEFINITIONAL_REPRESENTATION('',(#7341),#7345);
#7341 = LINE('',#7342,#7343);
#7342 = CARTESIAN_POINT('',(0.,0.));
#7343 = VECTOR('',#7344,1.);
#7344 = DIRECTION('',(0.,-1.));
#7345 = ( GEOMETRIC_REPRESENTATION_CONTEXT(2) 
PARAMETRIC_REPRESENTATION_CONTEXT() REPRESENTATION_CONTEXT('2D SPACE',''
  ) );
#7346 = PCURVE('',#1269,#7347);
#7347 = DEFINITIONAL_REPRESENTATION('',(#7348),#7352);
#7348 = LINE('',#7349,#7350);
#7349 = CARTESIAN_POINT('',(0.112870442414,0.));
#7350 = VECTOR('',#7351,1.);
#7351 = DIRECTION('',(0.,-1.));
#7352 = ( GEOMETRIC_REPRESENTATION_CONTEXT(2) 
PARAMETRIC_REPRESENTATION_CONTEXT() REPRESENTATION_CONTEXT('2D SPACE',''
  ) );
#7353 = ORIENTED_EDGE('',*,*,#4332,.T.);
#7354 = ORIENTED_EDGE('',*,*,#7279,.F.);
#7355 = ORIENTED_EDGE('',*,*,#1281,.F.);
#7356 = ADVANCED_FACE('',(#7357),#933,.F.);
#7357 = FACE_BOUND('',#7358,.F.);
#7358 = EDGE_LOOP('',(#7359,#7360,#7361,#7382));
#7359 = ORIENTED_EDGE('',*,*,#7308,.T.);
#7360 = ORIENTED_EDGE('',*,*,#4033,.T.);
#7361 = ORIENTED_EDGE('',*,*,#7362,.F.);
#7362 = EDGE_CURVE('',#918,#4034,#7363,.T.);
#7363 = SURFACE_CURVE('',#7364,(#7368,#7375),.PCURVE_S1.);
#7364 = LINE('',#7365,#7366);
#7365 = CARTESIAN_POINT('',(34.441809030497,-20.49796408455,-150.));
#7366 = VECTOR('',#7367,1.);
#7367 = DIRECTION('',(0.,0.,1.));
#7368 = PCURVE('',#933,#7369);
#7369 = DEFINITIONAL_REPRESENTATION('',(#7370),#7374);
#7370 = LINE('',#7371,#7372);
#7371 = CARTESIAN_POINT('',(0.109597002095,0.));
#7372 = VECTOR('',#7373,1.);
#7373 = DIRECTION('',(0.,-1.));
#7374 = ( GEOMETRIC_REPRESENTATION_CONTEXT(2) 
PARAMETRIC_REPRESENTATION_CONTEXT() REPRESENTATION_CONTEXT('2D SPACE',''
  ) );
#7375 = PCURVE('',#961,#7376);
#7376 = DEFINITIONAL_REPRESENTATION('',(#7377),#7381);
#7377 = LINE('',#7378,#7379);
#7378 = CARTESIAN_POINT('',(0.,0.));
#7379 = VECTOR('',#7380,1.);
#7380 = DIRECTION('',(0.,-1.));
#7381 = ( GEOMETRIC_REPRESENTATION_CONTEXT(2) 
PARAMETRIC_REPRESENTATION_CONTEXT() REPRESENTATION_CONTEXT('2D SPACE',''
  ) );
#7382 = ORIENTED_EDGE('',*,*,#917,.F.);
#7383 = ADVANCED_FACE('',(#7384),#1269,.F.);
#7384 = FACE_BOUND('',#7385,.F.);
#7385 = EDGE_LOOP('',(#7386,#7407,#7408,#7409));
#7386 = ORIENTED_EDGE('',*,*,#7387,.T.);
#7387 = EDGE_CURVE('',#1226,#4287,#7388,.T.);
#7388 = SURFACE_CURVE('',#7389,(#7393,#7400),.PCURVE_S1.);
#7389 = LINE('',#7390,#7391);
#7390 = CARTESIAN_POINT('',(34.974990748,19.504909725123,-150.));
#7391 = VECTOR('',#7392,1.);
#7392 = DIRECTION('',(0.,0.,1.));
#7393 = PCURVE('',#1269,#7394);
#7394 = DEFINITIONAL_REPRESENTATION('',(#7395),#7399);
#7395 = LINE('',#7396,#7397);
#7396 = CARTESIAN_POINT('',(0.,0.));
#7397 = VECTOR('',#7398,1.);
#7398 = DIRECTION('',(0.,-1.));
#7399 = ( GEOMETRIC_REPRESENTATION_CONTEXT(2) 
PARAMETRIC_REPRESENTATION_CONTEXT() REPRESENTATION_CONTEXT('2D SPACE',''
  ) );
#7400 = PCURVE('',#1241,#7401);
#7401 = DEFINITIONAL_REPRESENTATION('',(#7402),#7406);
#7402 = LINE('',#7403,#7404);
#7403 = CARTESIAN_POINT('',(39.009819450246,0.));
#7404 = VECTOR('',#7405,1.);
#7405 = DIRECTION('',(0.,-1.));
#7406 = ( GEOMETRIC_REPRESENTATION_CONTEXT(2) 
PARAMETRIC_REPRESENTATION_CONTEXT() REPRESENTATION_CONTEXT('2D SPACE',''
  ) );
#7407 = ORIENTED_EDGE('',*,*,#4309,.T.);
#7408 = ORIENTED_EDGE('',*,*,#7333,.F.);
#7409 = ORIENTED_EDGE('',*,*,#1253,.F.);
#7410 = ADVANCED_FACE('',(#7411),#961,.F.);
#7411 = FACE_BOUND('',#7412,.F.);
#7412 = EDGE_LOOP('',(#7413,#7414,#7415,#7436));
#7413 = ORIENTED_EDGE('',*,*,#7362,.T.);
#7414 = ORIENTED_EDGE('',*,*,#4056,.T.);
#7415 = ORIENTED_EDGE('',*,*,#7416,.F.);
#7416 = EDGE_CURVE('',#946,#4057,#7417,.T.);
#7417 = SURFACE_CURVE('',#7418,(#7422,#7429),.PCURVE_S1.);
#7418 = LINE('',#7419,#7420);
#7419 = CARTESIAN_POINT('',(34.536415704052,-20.42779899322,-150.));
#7420 = VECTOR('',#7421,1.);
#7421 = DIRECTION('',(0.,0.,1.));
#7422 = PCURVE('',#961,#7423);
#7423 = DEFINITIONAL_REPRESENTATION('',(#7424),#7428);
#7424 = LINE('',#7425,#7426);
#7425 = CARTESIAN_POINT('',(0.117786088829,0.));
#7426 = VECTOR('',#7427,1.);
#7427 = DIRECTION('',(0.,-1.));
#7428 = ( GEOMETRIC_REPRESENTATION_CONTEXT(2) 
PARAMETRIC_REPRESENTATION_CONTEXT() REPRESENTATION_CONTEXT('2D SPACE',''
  ) );
#7429 = PCURVE('',#989,#7430);
#7430 = DEFINITIONAL_REPRESENTATION('',(#7431),#7435);
#7431 = LINE('',#7432,#7433);
#7432 = CARTESIAN_POINT('',(0.,0.));
#7433 = VECTOR('',#7434,1.);
#7434 = DIRECTION('',(0.,-1.));
#7435 = ( GEOMETRIC_REPRESENTATION_CONTEXT(2) 
PARAMETRIC_REPRESENTATION_CONTEXT() REPRESENTATION_CONTEXT('2D SPACE',''
  ) );
#7436 = ORIENTED_EDGE('',*,*,#945,.F.);
#7437 = ADVANCED_FACE('',(#7438),#1241,.F.);
#7438 = FACE_BOUND('',#7439,.F.);
#7439 = EDGE_LOOP('',(#7440,#7461,#7462,#7463));
#7440 = ORIENTED_EDGE('',*,*,#7441,.T.);
#7441 = EDGE_CURVE('',#1198,#4264,#7442,.T.);
#7442 = SURFACE_CURVE('',#7443,(#7447,#7454),.PCURVE_S1.);
#7443 = LINE('',#7444,#7445);
#7444 = CARTESIAN_POINT('',(34.974990748,-19.50490972512,-150.));
#7445 = VECTOR('',#7446,1.);
#7446 = DIRECTION('',(0.,0.,1.));
#7447 = PCURVE('',#1241,#7448);
#7448 = DEFINITIONAL_REPRESENTATION('',(#7449),#7453);
#7449 = LINE('',#7450,#7451);
#7450 = CARTESIAN_POINT('',(0.,0.));
#7451 = VECTOR('',#7452,1.);
#7452 = DIRECTION('',(0.,-1.));
#7453 = ( GEOMETRIC_REPRESENTATION_CONTEXT(2) 
PARAMETRIC_REPRESENTATION_CONTEXT() REPRESENTATION_CONTEXT('2D SPACE',''
  ) );
#7454 = PCURVE('',#1213,#7455);
#7455 = DEFINITIONAL_REPRESENTATION('',(#7456),#7460);
#7456 = LINE('',#7457,#7458);
#7457 = CARTESIAN_POINT('',(0.112870442414,0.));
#7458 = VECTOR('',#7459,1.);
#7459 = DIRECTION('',(0.,-1.));
#7460 = ( GEOMETRIC_REPRESENTATION_CONTEXT(2) 
PARAMETRIC_REPRESENTATION_CONTEXT() REPRESENTATION_CONTEXT('2D SPACE',''
  ) );
#7461 = ORIENTED_EDGE('',*,*,#4286,.T.);
#7462 = ORIENTED_EDGE('',*,*,#7387,.F.);
#7463 = ORIENTED_EDGE('',*,*,#1225,.F.);
#7464 = ADVANCED_FACE('',(#7465),#989,.F.);
#7465 = FACE_BOUND('',#7466,.F.);
#7466 = EDGE_LOOP('',(#7467,#7468,#7469,#7490));
#7467 = ORIENTED_EDGE('',*,*,#7416,.T.);
#7468 = ORIENTED_EDGE('',*,*,#4079,.T.);
#7469 = ORIENTED_EDGE('',*,*,#7470,.F.);
#7470 = EDGE_CURVE('',#974,#4080,#7471,.T.);
#7471 = SURFACE_CURVE('',#7472,(#7476,#7483),.PCURVE_S1.);
#7472 = LINE('',#7473,#7474);
#7473 = CARTESIAN_POINT('',(34.623689438902,-20.3486986909,-150.));
#7474 = VECTOR('',#7475,1.);
#7475 = DIRECTION('',(0.,0.,1.));
#7476 = PCURVE('',#989,#7477);
#7477 = DEFINITIONAL_REPRESENTATION('',(#7478),#7482);
#7478 = LINE('',#7479,#7480);
#7479 = CARTESIAN_POINT('',(0.117786088408,0.));
#7480 = VECTOR('',#7481,1.);
#7481 = DIRECTION('',(0.,-1.));
#7482 = ( GEOMETRIC_REPRESENTATION_CONTEXT(2) 
PARAMETRIC_REPRESENTATION_CONTEXT() REPRESENTATION_CONTEXT('2D SPACE',''
  ) );
#7483 = PCURVE('',#1017,#7484);
#7484 = DEFINITIONAL_REPRESENTATION('',(#7485),#7489);
#7485 = LINE('',#7486,#7487);
#7486 = CARTESIAN_POINT('',(0.,0.));
#7487 = VECTOR('',#7488,1.);
#7488 = DIRECTION('',(0.,-1.));
#7489 = ( GEOMETRIC_REPRESENTATION_CONTEXT(2) 
PARAMETRIC_REPRESENTATION_CONTEXT() REPRESENTATION_CONTEXT('2D SPACE',''
  ) );
#7490 = ORIENTED_EDGE('',*,*,#973,.F.);
#7491 = ADVANCED_FACE('',(#7492),#1213,.F.);
#7492 = FACE_BOUND('',#7493,.F.);
#7493 = EDGE_LOOP('',(#7494,#7515,#7516,#7517));
#7494 = ORIENTED_EDGE('',*,*,#7495,.T.);
#7495 = EDGE_CURVE('',#1170,#4241,#7496,.T.);
#7496 = SURFACE_CURVE('',#7497,(#7501,#7508),.PCURVE_S1.);
#7497 = LINE('',#7498,#7499);
#7498 = CARTESIAN_POINT('',(34.969452457101,-19.6176442101,-150.));
#7499 = VECTOR('',#7500,1.);
#7500 = DIRECTION('',(0.,0.,1.));
#7501 = PCURVE('',#1213,#7502);
#7502 = DEFINITIONAL_REPRESENTATION('',(#7503),#7507);
#7503 = LINE('',#7504,#7505);
#7504 = CARTESIAN_POINT('',(0.,0.));
#7505 = VECTOR('',#7506,1.);
#7506 = DIRECTION('',(0.,-1.));
#7507 = ( GEOMETRIC_REPRESENTATION_CONTEXT(2) 
PARAMETRIC_REPRESENTATION_CONTEXT() REPRESENTATION_CONTEXT('2D SPACE',''
  ) );
#7508 = PCURVE('',#1185,#7509);
#7509 = DEFINITIONAL_REPRESENTATION('',(#7510),#7514);
#7510 = LINE('',#7511,#7512);
#7511 = CARTESIAN_POINT('',(0.117786088516,0.));
#7512 = VECTOR('',#7513,1.);
#7513 = DIRECTION('',(0.,-1.));
#7514 = ( GEOMETRIC_REPRESENTATION_CONTEXT(2) 
PARAMETRIC_REPRESENTATION_CONTEXT() REPRESENTATION_CONTEXT('2D SPACE',''
  ) );
#7515 = ORIENTED_EDGE('',*,*,#4263,.T.);
#7516 = ORIENTED_EDGE('',*,*,#7441,.F.);
#7517 = ORIENTED_EDGE('',*,*,#1197,.F.);
#7518 = ADVANCED_FACE('',(#7519),#1017,.F.);
#7519 = FACE_BOUND('',#7520,.F.);
#7520 = EDGE_LOOP('',(#7521,#7522,#7523,#7544));
#7521 = ORIENTED_EDGE('',*,*,#7470,.T.);
#7522 = ORIENTED_EDGE('',*,*,#4102,.T.);
#7523 = ORIENTED_EDGE('',*,*,#7524,.F.);
#7524 = EDGE_CURVE('',#1002,#4103,#7525,.T.);
#7525 = SURFACE_CURVE('',#7526,(#7530,#7537),.PCURVE_S1.);
#7526 = LINE('',#7527,#7528);
#7527 = CARTESIAN_POINT('',(34.702789741226,-20.26142495605,-150.));
#7528 = VECTOR('',#7529,1.);
#7529 = DIRECTION('',(0.,0.,1.));
#7530 = PCURVE('',#1017,#7531);
#7531 = DEFINITIONAL_REPRESENTATION('',(#7532),#7536);
#7532 = LINE('',#7533,#7534);
#7533 = CARTESIAN_POINT('',(0.117786088408,0.));
#7534 = VECTOR('',#7535,1.);
#7535 = DIRECTION('',(0.,-1.));
#7536 = ( GEOMETRIC_REPRESENTATION_CONTEXT(2) 
PARAMETRIC_REPRESENTATION_CONTEXT() REPRESENTATION_CONTEXT('2D SPACE',''
  ) );
#7537 = PCURVE('',#1045,#7538);
#7538 = DEFINITIONAL_REPRESENTATION('',(#7539),#7543);
#7539 = LINE('',#7540,#7541);
#7540 = CARTESIAN_POINT('',(0.,0.));
#7541 = VECTOR('',#7542,1.);
#7542 = DIRECTION('',(0.,-1.));
#7543 = ( GEOMETRIC_REPRESENTATION_CONTEXT(2) 
PARAMETRIC_REPRESENTATION_CONTEXT() REPRESENTATION_CONTEXT('2D SPACE',''
  ) );
#7544 = ORIENTED_EDGE('',*,*,#1001,.F.);
#7545 = ADVANCED_FACE('',(#7546),#1185,.F.);
#7546 = FACE_BOUND('',#7547,.F.);
#7547 = EDGE_LOOP('',(#7548,#7569,#7570,#7571));
#7548 = ORIENTED_EDGE('',*,*,#7549,.T.);
#7549 = EDGE_CURVE('',#1142,#4218,#7550,.T.);
#7550 = SURFACE_CURVE('',#7551,(#7555,#7562),.PCURVE_S1.);
#7551 = LINE('',#7552,#7553);
#7552 = CARTESIAN_POINT('',(34.952169648819,-19.73415544212,-150.));
#7553 = VECTOR('',#7554,1.);
#7554 = DIRECTION('',(0.,0.,1.));
#7555 = PCURVE('',#1185,#7556);
#7556 = DEFINITIONAL_REPRESENTATION('',(#7557),#7561);
#7557 = LINE('',#7558,#7559);
#7558 = CARTESIAN_POINT('',(0.,0.));
#7559 = VECTOR('',#7560,1.);
#7560 = DIRECTION('',(0.,-1.));
#7561 = ( GEOMETRIC_REPRESENTATION_CONTEXT(2) 
PARAMETRIC_REPRESENTATION_CONTEXT() REPRESENTATION_CONTEXT('2D SPACE',''
  ) );
#7562 = PCURVE('',#1157,#7563);
#7563 = DEFINITIONAL_REPRESENTATION('',(#7564),#7568);
#7564 = LINE('',#7565,#7566);
#7565 = CARTESIAN_POINT('',(0.117786088556,0.));
#7566 = VECTOR('',#7567,1.);
#7567 = DIRECTION('',(0.,-1.));
#7568 = ( GEOMETRIC_REPRESENTATION_CONTEXT(2) 
PARAMETRIC_REPRESENTATION_CONTEXT() REPRESENTATION_CONTEXT('2D SPACE',''
  ) );
#7569 = ORIENTED_EDGE('',*,*,#4240,.T.);
#7570 = ORIENTED_EDGE('',*,*,#7495,.F.);
#7571 = ORIENTED_EDGE('',*,*,#1169,.F.);
#7572 = ADVANCED_FACE('',(#7573),#1045,.F.);
#7573 = FACE_BOUND('',#7574,.F.);
#7574 = EDGE_LOOP('',(#7575,#7576,#7577,#7598));
#7575 = ORIENTED_EDGE('',*,*,#7524,.T.);
#7576 = ORIENTED_EDGE('',*,*,#4125,.T.);
#7577 = ORIENTED_EDGE('',*,*,#7578,.F.);
#7578 = EDGE_CURVE('',#1030,#4126,#7579,.T.);
#7579 = SURFACE_CURVE('',#7580,(#7584,#7591),.PCURVE_S1.);
#7580 = LINE('',#7581,#7582);
#7581 = CARTESIAN_POINT('',(34.772954832237,-20.16681828291,-150.));
#7582 = VECTOR('',#7583,1.);
#7583 = DIRECTION('',(0.,0.,1.));
#7584 = PCURVE('',#1045,#7585);
#7585 = DEFINITIONAL_REPRESENTATION('',(#7586),#7590);
#7586 = LINE('',#7587,#7588);
#7587 = CARTESIAN_POINT('',(0.117786088304,0.));
#7588 = VECTOR('',#7589,1.);
#7589 = DIRECTION('',(0.,-1.));
#7590 = ( GEOMETRIC_REPRESENTATION_CONTEXT(2) 
PARAMETRIC_REPRESENTATION_CONTEXT() REPRESENTATION_CONTEXT('2D SPACE',''
  ) );
#7591 = PCURVE('',#1073,#7592);
#7592 = DEFINITIONAL_REPRESENTATION('',(#7593),#7597);
#7593 = LINE('',#7594,#7595);
#7594 = CARTESIAN_POINT('',(0.,0.));
#7595 = VECTOR('',#7596,1.);
#7596 = DIRECTION('',(0.,-1.));
#7597 = ( GEOMETRIC_REPRESENTATION_CONTEXT(2) 
PARAMETRIC_REPRESENTATION_CONTEXT() REPRESENTATION_CONTEXT('2D SPACE',''
  ) );
#7598 = ORIENTED_EDGE('',*,*,#1029,.F.);
#7599 = ADVANCED_FACE('',(#7600),#1157,.F.);
#7600 = FACE_BOUND('',#7601,.F.);
#7601 = EDGE_LOOP('',(#7602,#7623,#7624,#7625));
#7602 = ORIENTED_EDGE('',*,*,#7603,.T.);
#7603 = EDGE_CURVE('',#1114,#4195,#7604,.T.);
#7604 = SURFACE_CURVE('',#7605,(#7609,#7616),.PCURVE_S1.);
#7605 = LINE('',#7606,#7607);
#7606 = CARTESIAN_POINT('',(34.923549963393,-19.8484116291,-150.));
#7607 = VECTOR('',#7608,1.);
#7608 = DIRECTION('',(0.,0.,1.));
#7609 = PCURVE('',#1157,#7610);
#7610 = DEFINITIONAL_REPRESENTATION('',(#7611),#7615);
#7611 = LINE('',#7612,#7613);
#7612 = CARTESIAN_POINT('',(0.,0.));
#7613 = VECTOR('',#7614,1.);
#7614 = DIRECTION('',(0.,-1.));
#7615 = ( GEOMETRIC_REPRESENTATION_CONTEXT(2) 
PARAMETRIC_REPRESENTATION_CONTEXT() REPRESENTATION_CONTEXT('2D SPACE',''
  ) );
#7616 = PCURVE('',#1129,#7617);
#7617 = DEFINITIONAL_REPRESENTATION('',(#7618),#7622);
#7618 = LINE('',#7619,#7620);
#7619 = CARTESIAN_POINT('',(0.117786087613,0.));
#7620 = VECTOR('',#7621,1.);
#7621 = DIRECTION('',(0.,-1.));
#7622 = ( GEOMETRIC_REPRESENTATION_CONTEXT(2) 
PARAMETRIC_REPRESENTATION_CONTEXT() REPRESENTATION_CONTEXT('2D SPACE',''
  ) );
#7623 = ORIENTED_EDGE('',*,*,#4217,.T.);
#7624 = ORIENTED_EDGE('',*,*,#7549,.F.);
#7625 = ORIENTED_EDGE('',*,*,#1141,.F.);
#7626 = ADVANCED_FACE('',(#7627),#1073,.F.);
#7627 = FACE_BOUND('',#7628,.F.);
#7628 = EDGE_LOOP('',(#7629,#7630,#7631,#7652));
#7629 = ORIENTED_EDGE('',*,*,#7578,.T.);
#7630 = ORIENTED_EDGE('',*,*,#4148,.T.);
#7631 = ORIENTED_EDGE('',*,*,#7632,.F.);
#7632 = EDGE_CURVE('',#1058,#4149,#7633,.T.);
#7633 = SURFACE_CURVE('',#7634,(#7638,#7645),.PCURVE_S1.);
#7634 = LINE('',#7635,#7636);
#7635 = CARTESIAN_POINT('',(34.833508983828,-20.06578978465,-150.));
#7636 = VECTOR('',#7637,1.);
#7637 = DIRECTION('',(0.,0.,1.));
#7638 = PCURVE('',#1073,#7639);
#7639 = DEFINITIONAL_REPRESENTATION('',(#7640),#7644);
#7640 = LINE('',#7641,#7642);
#7641 = CARTESIAN_POINT('',(0.117786088896,0.));
#7642 = VECTOR('',#7643,1.);
#7643 = DIRECTION('',(0.,-1.));
#7644 = ( GEOMETRIC_REPRESENTATION_CONTEXT(2) 
PARAMETRIC_REPRESENTATION_CONTEXT() REPRESENTATION_CONTEXT('2D SPACE',''
  ) );
#7645 = PCURVE('',#1101,#7646);
#7646 = DEFINITIONAL_REPRESENTATION('',(#7647),#7651);
#7647 = LINE('',#7648,#7649);
#7648 = CARTESIAN_POINT('',(0.,0.));
#7649 = VECTOR('',#7650,1.);
#7650 = DIRECTION('',(0.,-1.));
#7651 = ( GEOMETRIC_REPRESENTATION_CONTEXT(2) 
PARAMETRIC_REPRESENTATION_CONTEXT() REPRESENTATION_CONTEXT('2D SPACE',''
  ) );
#7652 = ORIENTED_EDGE('',*,*,#1057,.F.);
#7653 = ADVANCED_FACE('',(#7654),#1129,.F.);
#7654 = FACE_BOUND('',#7655,.F.);
#7655 = EDGE_LOOP('',(#7656,#7677,#7678,#7679));
#7656 = ORIENTED_EDGE('',*,*,#7657,.T.);
#7657 = EDGE_CURVE('',#1086,#4172,#7658,.T.);
#7658 = SURFACE_CURVE('',#7659,(#7663,#7670),.PCURVE_S1.);
#7659 = LINE('',#7660,#7661);
#7660 = CARTESIAN_POINT('',(34.883869025798,-19.95931242092,-150.));
#7661 = VECTOR('',#7662,1.);
#7662 = DIRECTION('',(0.,0.,1.));
#7663 = PCURVE('',#1129,#7664);
#7664 = DEFINITIONAL_REPRESENTATION('',(#7665),#7669);
#7665 = LINE('',#7666,#7667);
#7666 = CARTESIAN_POINT('',(0.,0.));
#7667 = VECTOR('',#7668,1.);
#7668 = DIRECTION('',(0.,-1.));
#7669 = ( GEOMETRIC_REPRESENTATION_CONTEXT(2) 
PARAMETRIC_REPRESENTATION_CONTEXT() REPRESENTATION_CONTEXT('2D SPACE',''
  ) );
#7670 = PCURVE('',#1101,#7671);
#7671 = DEFINITIONAL_REPRESENTATION('',(#7672),#7676);
#7672 = LINE('',#7673,#7674);
#7673 = CARTESIAN_POINT('',(0.117786089216,0.));
#7674 = VECTOR('',#7675,1.);
#7675 = DIRECTION('',(0.,-1.));
#7676 = ( GEOMETRIC_REPRESENTATION_CONTEXT(2) 
PARAMETRIC_REPRESENTATION_CONTEXT() REPRESENTATION_CONTEXT('2D SPACE',''
  ) );
#7677 = ORIENTED_EDGE('',*,*,#4194,.T.);
#7678 = ORIENTED_EDGE('',*,*,#7603,.F.);
#7679 = ORIENTED_EDGE('',*,*,#1113,.F.);
#7680 = ADVANCED_FACE('',(#7681),#1101,.F.);
#7681 = FACE_BOUND('',#7682,.F.);
#7682 = EDGE_LOOP('',(#7683,#7684,#7685,#7686));
#7683 = ORIENTED_EDGE('',*,*,#7632,.T.);
#7684 = ORIENTED_EDGE('',*,*,#4171,.T.);
#7685 = ORIENTED_EDGE('',*,*,#7657,.F.);
#7686 = ORIENTED_EDGE('',*,*,#1085,.F.);
#7687 = ADVANCED_FACE('',(#7688),#1911,.T.);
#7688 = FACE_BOUND('',#7689,.T.);
#7689 = EDGE_LOOP('',(#7690,#7711,#7712,#7733));
#7690 = ORIENTED_EDGE('',*,*,#7691,.T.);
#7691 = EDGE_CURVE('',#1894,#4840,#7692,.T.);
#7692 = SURFACE_CURVE('',#7693,(#7697,#7704),.PCURVE_S1.);
#7693 = LINE('',#7694,#7695);
#7694 = CARTESIAN_POINT('',(-34.774990748,-19.5,-150.));
#7695 = VECTOR('',#7696,1.);
#7696 = DIRECTION('',(0.,0.,1.));
#7697 = PCURVE('',#1911,#7698);
#7698 = DEFINITIONAL_REPRESENTATION('',(#7699),#7703);
#7699 = LINE('',#7700,#7701);
#7700 = CARTESIAN_POINT('',(0.,0.));
#7701 = VECTOR('',#7702,1.);
#7702 = DIRECTION('',(0.,-1.));
#7703 = ( GEOMETRIC_REPRESENTATION_CONTEXT(2) 
PARAMETRIC_REPRESENTATION_CONTEXT() REPRESENTATION_CONTEXT('2D SPACE',''
  ) );
#7704 = PCURVE('',#1939,#7705);
#7705 = DEFINITIONAL_REPRESENTATION('',(#7706),#7710);
#7706 = LINE('',#7707,#7708);
#7707 = CARTESIAN_POINT('',(39.,0.));
#7708 = VECTOR('',#7709,1.);
#7709 = DIRECTION('',(0.,-1.));
#7710 = ( GEOMETRIC_REPRESENTATION_CONTEXT(2) 
PARAMETRIC_REPRESENTATION_CONTEXT() REPRESENTATION_CONTEXT('2D SPACE',''
  ) );
#7711 = ORIENTED_EDGE('',*,*,#4839,.T.);
#7712 = ORIENTED_EDGE('',*,*,#7713,.F.);
#7713 = EDGE_CURVE('',#1896,#4842,#7714,.T.);
#7714 = SURFACE_CURVE('',#7715,(#7719,#7726),.PCURVE_S1.);
#7715 = LINE('',#7716,#7717);
#7716 = CARTESIAN_POINT('',(-34.770175474,-19.59801714,-150.));
#7717 = VECTOR('',#7718,1.);
#7718 = DIRECTION('',(0.,0.,1.));
#7719 = PCURVE('',#1911,#7720);
#7720 = DEFINITIONAL_REPRESENTATION('',(#7721),#7725);
#7721 = LINE('',#7722,#7723);
#7722 = CARTESIAN_POINT('',(9.813534835866E-02,0.));
#7723 = VECTOR('',#7724,1.);
#7724 = DIRECTION('',(0.,-1.));
#7725 = ( GEOMETRIC_REPRESENTATION_CONTEXT(2) 
PARAMETRIC_REPRESENTATION_CONTEXT() REPRESENTATION_CONTEXT('2D SPACE',''
  ) );
#7726 = PCURVE('',#3533,#7727);
#7727 = DEFINITIONAL_REPRESENTATION('',(#7728),#7732);
#7728 = LINE('',#7729,#7730);
#7729 = CARTESIAN_POINT('',(0.,0.));
#7730 = VECTOR('',#7731,1.);
#7731 = DIRECTION('',(0.,-1.));
#7732 = ( GEOMETRIC_REPRESENTATION_CONTEXT(2) 
PARAMETRIC_REPRESENTATION_CONTEXT() REPRESENTATION_CONTEXT('2D SPACE',''
  ) );
#7733 = ORIENTED_EDGE('',*,*,#1893,.F.);
#7734 = ADVANCED_FACE('',(#7735),#3533,.T.);
#7735 = FACE_BOUND('',#7736,.T.);
#7736 = EDGE_LOOP('',(#7737,#7738,#7739,#7760));
#7737 = ORIENTED_EDGE('',*,*,#7713,.T.);
#7738 = ORIENTED_EDGE('',*,*,#6175,.T.);
#7739 = ORIENTED_EDGE('',*,*,#7740,.F.);
#7740 = EDGE_CURVE('',#3492,#6153,#7741,.T.);
#7741 = SURFACE_CURVE('',#7742,(#7746,#7753),.PCURVE_S1.);
#7742 = LINE('',#7743,#7744);
#7743 = CARTESIAN_POINT('',(-34.755776028,-19.695090322,-150.));
#7744 = VECTOR('',#7745,1.);
#7745 = DIRECTION('',(0.,0.,1.));
#7746 = PCURVE('',#3533,#7747);
#7747 = DEFINITIONAL_REPRESENTATION('',(#7748),#7752);
#7748 = LINE('',#7749,#7750);
#7749 = CARTESIAN_POINT('',(9.813534892541E-02,0.));
#7750 = VECTOR('',#7751,1.);
#7751 = DIRECTION('',(0.,-1.));
#7752 = ( GEOMETRIC_REPRESENTATION_CONTEXT(2) 
PARAMETRIC_REPRESENTATION_CONTEXT() REPRESENTATION_CONTEXT('2D SPACE',''
  ) );
#7753 = PCURVE('',#3507,#7754);
#7754 = DEFINITIONAL_REPRESENTATION('',(#7755),#7759);
#7755 = LINE('',#7756,#7757);
#7756 = CARTESIAN_POINT('',(0.,0.));
#7757 = VECTOR('',#7758,1.);
#7758 = DIRECTION('',(0.,-1.));
#7759 = ( GEOMETRIC_REPRESENTATION_CONTEXT(2) 
PARAMETRIC_REPRESENTATION_CONTEXT() REPRESENTATION_CONTEXT('2D SPACE',''
  ) );
#7760 = ORIENTED_EDGE('',*,*,#3519,.F.);
#7761 = ADVANCED_FACE('',(#7762),#3507,.T.);
#7762 = FACE_BOUND('',#7763,.T.);
#7763 = EDGE_LOOP('',(#7764,#7765,#7766,#7787));
#7764 = ORIENTED_EDGE('',*,*,#7740,.T.);
#7765 = ORIENTED_EDGE('',*,*,#6152,.T.);
#7766 = ORIENTED_EDGE('',*,*,#7767,.F.);
#7767 = EDGE_CURVE('',#3464,#6130,#7768,.T.);
#7768 = SURFACE_CURVE('',#7769,(#7773,#7780),.PCURVE_S1.);
#7769 = LINE('',#7770,#7771);
#7770 = CARTESIAN_POINT('',(-34.731931083,-19.790284677,-150.));
#7771 = VECTOR('',#7772,1.);
#7772 = DIRECTION('',(0.,0.,1.));
#7773 = PCURVE('',#3507,#7774);
#7774 = DEFINITIONAL_REPRESENTATION('',(#7775),#7779);
#7775 = LINE('',#7776,#7777);
#7776 = CARTESIAN_POINT('',(9.813534850358E-02,0.));
#7777 = VECTOR('',#7778,1.);
#7778 = DIRECTION('',(0.,-1.));
#7779 = ( GEOMETRIC_REPRESENTATION_CONTEXT(2) 
PARAMETRIC_REPRESENTATION_CONTEXT() REPRESENTATION_CONTEXT('2D SPACE',''
  ) );
#7780 = PCURVE('',#3479,#7781);
#7781 = DEFINITIONAL_REPRESENTATION('',(#7782),#7786);
#7782 = LINE('',#7783,#7784);
#7783 = CARTESIAN_POINT('',(0.,0.));
#7784 = VECTOR('',#7785,1.);
#7785 = DIRECTION('',(0.,-1.));
#7786 = ( GEOMETRIC_REPRESENTATION_CONTEXT(2) 
PARAMETRIC_REPRESENTATION_CONTEXT() REPRESENTATION_CONTEXT('2D SPACE',''
  ) );
#7787 = ORIENTED_EDGE('',*,*,#3491,.F.);
#7788 = ADVANCED_FACE('',(#7789),#3479,.T.);
#7789 = FACE_BOUND('',#7790,.T.);
#7790 = EDGE_LOOP('',(#7791,#7792,#7793,#7814));
#7791 = ORIENTED_EDGE('',*,*,#7767,.T.);
#7792 = ORIENTED_EDGE('',*,*,#6129,.T.);
#7793 = ORIENTED_EDGE('',*,*,#7794,.F.);
#7794 = EDGE_CURVE('',#3436,#6107,#7795,.T.);
#7795 = SURFACE_CURVE('',#7796,(#7800,#7807),.PCURVE_S1.);
#7796 = LINE('',#7797,#7798);
#7797 = CARTESIAN_POINT('',(-34.69887028,-19.882683432,-150.));
#7798 = VECTOR('',#7799,1.);
#7799 = DIRECTION('',(0.,0.,1.));
#7800 = PCURVE('',#3479,#7801);
#7801 = DEFINITIONAL_REPRESENTATION('',(#7802),#7806);
#7802 = LINE('',#7803,#7804);
#7803 = CARTESIAN_POINT('',(9.813534847625E-02,0.));
#7804 = VECTOR('',#7805,1.);
#7805 = DIRECTION('',(0.,-1.));
#7806 = ( GEOMETRIC_REPRESENTATION_CONTEXT(2) 
PARAMETRIC_REPRESENTATION_CONTEXT() REPRESENTATION_CONTEXT('2D SPACE',''
  ) );
#7807 = PCURVE('',#3451,#7808);
#7808 = DEFINITIONAL_REPRESENTATION('',(#7809),#7813);
#7809 = LINE('',#7810,#7811);
#7810 = CARTESIAN_POINT('',(0.,0.));
#7811 = VECTOR('',#7812,1.);
#7812 = DIRECTION('',(0.,-1.));
#7813 = ( GEOMETRIC_REPRESENTATION_CONTEXT(2) 
PARAMETRIC_REPRESENTATION_CONTEXT() REPRESENTATION_CONTEXT('2D SPACE',''
  ) );
#7814 = ORIENTED_EDGE('',*,*,#3463,.F.);
#7815 = ADVANCED_FACE('',(#7816),#3451,.T.);
#7816 = FACE_BOUND('',#7817,.T.);
#7817 = EDGE_LOOP('',(#7818,#7819,#7820,#7841));
#7818 = ORIENTED_EDGE('',*,*,#7794,.T.);
#7819 = ORIENTED_EDGE('',*,*,#6106,.T.);
#7820 = ORIENTED_EDGE('',*,*,#7821,.F.);
#7821 = EDGE_CURVE('',#3408,#6084,#7822,.T.);
#7822 = SURFACE_CURVE('',#7823,(#7827,#7834),.PCURVE_S1.);
#7823 = LINE('',#7824,#7825);
#7824 = CARTESIAN_POINT('',(-34.656912012,-19.971396737,-150.));
#7825 = VECTOR('',#7826,1.);
#7826 = DIRECTION('',(0.,0.,1.));
#7827 = PCURVE('',#3451,#7828);
#7828 = DEFINITIONAL_REPRESENTATION('',(#7829),#7833);
#7829 = LINE('',#7830,#7831);
#7830 = CARTESIAN_POINT('',(9.813534907251E-02,0.));
#7831 = VECTOR('',#7832,1.);
#7832 = DIRECTION('',(0.,-1.));
#7833 = ( GEOMETRIC_REPRESENTATION_CONTEXT(2) 
PARAMETRIC_REPRESENTATION_CONTEXT() REPRESENTATION_CONTEXT('2D SPACE',''
  ) );
#7834 = PCURVE('',#3423,#7835);
#7835 = DEFINITIONAL_REPRESENTATION('',(#7836),#7840);
#7836 = LINE('',#7837,#7838);
#7837 = CARTESIAN_POINT('',(0.,0.));
#7838 = VECTOR('',#7839,1.);
#7839 = DIRECTION('',(0.,-1.));
#7840 = ( GEOMETRIC_REPRESENTATION_CONTEXT(2) 
PARAMETRIC_REPRESENTATION_CONTEXT() REPRESENTATION_CONTEXT('2D SPACE',''
  ) );
#7841 = ORIENTED_EDGE('',*,*,#3435,.F.);
#7842 = ADVANCED_FACE('',(#7843),#3423,.T.);
#7843 = FACE_BOUND('',#7844,.T.);
#7844 = EDGE_LOOP('',(#7845,#7846,#7847,#7868));
#7845 = ORIENTED_EDGE('',*,*,#7821,.T.);
#7846 = ORIENTED_EDGE('',*,*,#6083,.T.);
#7847 = ORIENTED_EDGE('',*,*,#7848,.F.);
#7848 = EDGE_CURVE('',#3380,#6061,#7849,.T.);
#7849 = SURFACE_CURVE('',#7850,(#7854,#7861),.PCURVE_S1.);
#7850 = LINE('',#7851,#7852);
#7851 = CARTESIAN_POINT('',(-34.60646036,-20.055570233,-150.));
#7852 = VECTOR('',#7853,1.);
#7853 = DIRECTION('',(0.,0.,1.));
#7854 = PCURVE('',#3423,#7855);
#7855 = DEFINITIONAL_REPRESENTATION('',(#7856),#7860);
#7856 = LINE('',#7857,#7858);
#7857 = CARTESIAN_POINT('',(9.813534846523E-02,0.));
#7858 = VECTOR('',#7859,1.);
#7859 = DIRECTION('',(0.,-1.));
#7860 = ( GEOMETRIC_REPRESENTATION_CONTEXT(2) 
PARAMETRIC_REPRESENTATION_CONTEXT() REPRESENTATION_CONTEXT('2D SPACE',''
  ) );
#7861 = PCURVE('',#3395,#7862);
#7862 = DEFINITIONAL_REPRESENTATION('',(#7863),#7867);
#7863 = LINE('',#7864,#7865);
#7864 = CARTESIAN_POINT('',(0.,0.));
#7865 = VECTOR('',#7866,1.);
#7866 = DIRECTION('',(0.,-1.));
#7867 = ( GEOMETRIC_REPRESENTATION_CONTEXT(2) 
PARAMETRIC_REPRESENTATION_CONTEXT() REPRESENTATION_CONTEXT('2D SPACE',''
  ) );
#7868 = ORIENTED_EDGE('',*,*,#3407,.F.);
#7869 = ADVANCED_FACE('',(#7870),#3395,.T.);
#7870 = FACE_BOUND('',#7871,.T.);
#7871 = EDGE_LOOP('',(#7872,#7873,#7874,#7895));
#7872 = ORIENTED_EDGE('',*,*,#7848,.T.);
#7873 = ORIENTED_EDGE('',*,*,#6060,.T.);
#7874 = ORIENTED_EDGE('',*,*,#7875,.F.);
#7875 = EDGE_CURVE('',#3352,#6038,#7876,.T.);
#7876 = SURFACE_CURVE('',#7877,(#7881,#7888),.PCURVE_S1.);
#7877 = LINE('',#7878,#7879);
#7878 = CARTESIAN_POINT('',(-34.548001201,-20.134393284,-150.));
#7879 = VECTOR('',#7880,1.);
#7880 = DIRECTION('',(0.,0.,1.));
#7881 = PCURVE('',#3395,#7882);
#7882 = DEFINITIONAL_REPRESENTATION('',(#7883),#7887);
#7883 = LINE('',#7884,#7885);
#7884 = CARTESIAN_POINT('',(9.8135348575E-02,0.));
#7885 = VECTOR('',#7886,1.);
#7886 = DIRECTION('',(0.,-1.));
#7887 = ( GEOMETRIC_REPRESENTATION_CONTEXT(2) 
PARAMETRIC_REPRESENTATION_CONTEXT() REPRESENTATION_CONTEXT('2D SPACE',''
  ) );
#7888 = PCURVE('',#3367,#7889);
#7889 = DEFINITIONAL_REPRESENTATION('',(#7890),#7894);
#7890 = LINE('',#7891,#7892);
#7891 = CARTESIAN_POINT('',(0.,0.));
#7892 = VECTOR('',#7893,1.);
#7893 = DIRECTION('',(0.,-1.));
#7894 = ( GEOMETRIC_REPRESENTATION_CONTEXT(2) 
PARAMETRIC_REPRESENTATION_CONTEXT() REPRESENTATION_CONTEXT('2D SPACE',''
  ) );
#7895 = ORIENTED_EDGE('',*,*,#3379,.F.);
#7896 = ADVANCED_FACE('',(#7897),#3367,.T.);
#7897 = FACE_BOUND('',#7898,.T.);
#7898 = EDGE_LOOP('',(#7899,#7900,#7901,#7922));
#7899 = ORIENTED_EDGE('',*,*,#7875,.T.);
#7900 = ORIENTED_EDGE('',*,*,#6037,.T.);
#7901 = ORIENTED_EDGE('',*,*,#7902,.F.);
#7902 = EDGE_CURVE('',#3324,#6015,#7903,.T.);
#7903 = SURFACE_CURVE('',#7904,(#7908,#7915),.PCURVE_S1.);
#7904 = LINE('',#7905,#7906);
#7905 = CARTESIAN_POINT('',(-34.482097529,-20.207106781,-150.));
#7906 = VECTOR('',#7907,1.);
#7907 = DIRECTION('',(0.,0.,1.));
#7908 = PCURVE('',#3367,#7909);
#7909 = DEFINITIONAL_REPRESENTATION('',(#7910),#7914);
#7910 = LINE('',#7911,#7912);
#7911 = CARTESIAN_POINT('',(9.813534851954E-02,0.));
#7912 = VECTOR('',#7913,1.);
#7913 = DIRECTION('',(0.,-1.));
#7914 = ( GEOMETRIC_REPRESENTATION_CONTEXT(2) 
PARAMETRIC_REPRESENTATION_CONTEXT() REPRESENTATION_CONTEXT('2D SPACE',''
  ) );
#7915 = PCURVE('',#3339,#7916);
#7916 = DEFINITIONAL_REPRESENTATION('',(#7917),#7921);
#7917 = LINE('',#7918,#7919);
#7918 = CARTESIAN_POINT('',(0.,0.));
#7919 = VECTOR('',#7920,1.);
#7920 = DIRECTION('',(0.,-1.));
#7921 = ( GEOMETRIC_REPRESENTATION_CONTEXT(2) 
PARAMETRIC_REPRESENTATION_CONTEXT() REPRESENTATION_CONTEXT('2D SPACE',''
  ) );
#7922 = ORIENTED_EDGE('',*,*,#3351,.F.);
#7923 = ADVANCED_FACE('',(#7924),#3339,.T.);
#7924 = FACE_BOUND('',#7925,.T.);
#7925 = EDGE_LOOP('',(#7926,#7927,#7928,#7949));
#7926 = ORIENTED_EDGE('',*,*,#7902,.T.);
#7927 = ORIENTED_EDGE('',*,*,#6014,.T.);
#7928 = ORIENTED_EDGE('',*,*,#7929,.F.);
#7929 = EDGE_CURVE('',#3296,#5992,#7930,.T.);
#7930 = SURFACE_CURVE('',#7931,(#7935,#7942),.PCURVE_S1.);
#7931 = LINE('',#7932,#7933);
#7932 = CARTESIAN_POINT('',(-34.409384032,-20.273010453,-150.));
#7933 = VECTOR('',#7934,1.);
#7934 = DIRECTION('',(0.,0.,1.));
#7935 = PCURVE('',#3339,#7936);
#7936 = DEFINITIONAL_REPRESENTATION('',(#7937),#7941);
#7937 = LINE('',#7938,#7939);
#7938 = CARTESIAN_POINT('',(9.813534851955E-02,0.));
#7939 = VECTOR('',#7940,1.);
#7940 = DIRECTION('',(0.,-1.));
#7941 = ( GEOMETRIC_REPRESENTATION_CONTEXT(2) 
PARAMETRIC_REPRESENTATION_CONTEXT() REPRESENTATION_CONTEXT('2D SPACE',''
  ) );
#7942 = PCURVE('',#3311,#7943);
#7943 = DEFINITIONAL_REPRESENTATION('',(#7944),#7948);
#7944 = LINE('',#7945,#7946);
#7945 = CARTESIAN_POINT('',(0.,0.));
#7946 = VECTOR('',#7947,1.);
#7947 = DIRECTION('',(0.,-1.));
#7948 = ( GEOMETRIC_REPRESENTATION_CONTEXT(2) 
PARAMETRIC_REPRESENTATION_CONTEXT() REPRESENTATION_CONTEXT('2D SPACE',''
  ) );
#7949 = ORIENTED_EDGE('',*,*,#3323,.F.);
#7950 = ADVANCED_FACE('',(#7951),#3311,.T.);
#7951 = FACE_BOUND('',#7952,.T.);
#7952 = EDGE_LOOP('',(#7953,#7954,#7955,#7976));
#7953 = ORIENTED_EDGE('',*,*,#7929,.T.);
#7954 = ORIENTED_EDGE('',*,*,#5991,.T.);
#7955 = ORIENTED_EDGE('',*,*,#7956,.F.);
#7956 = EDGE_CURVE('',#3268,#5969,#7957,.T.);
#7957 = SURFACE_CURVE('',#7958,(#7962,#7969),.PCURVE_S1.);
#7958 = LINE('',#7959,#7960);
#7959 = CARTESIAN_POINT('',(-34.330560981,-20.331469612,-150.));
#7960 = VECTOR('',#7961,1.);
#7961 = DIRECTION('',(0.,0.,1.));
#7962 = PCURVE('',#3311,#7963);
#7963 = DEFINITIONAL_REPRESENTATION('',(#7964),#7968);
#7964 = LINE('',#7965,#7966);
#7965 = CARTESIAN_POINT('',(9.813534857499E-02,0.));
#7966 = VECTOR('',#7967,1.);
#7967 = DIRECTION('',(0.,-1.));
#7968 = ( GEOMETRIC_REPRESENTATION_CONTEXT(2) 
PARAMETRIC_REPRESENTATION_CONTEXT() REPRESENTATION_CONTEXT('2D SPACE',''
  ) );
#7969 = PCURVE('',#3283,#7970);
#7970 = DEFINITIONAL_REPRESENTATION('',(#7971),#7975);
#7971 = LINE('',#7972,#7973);
#7972 = CARTESIAN_POINT('',(0.,0.));
#7973 = VECTOR('',#7974,1.);
#7974 = DIRECTION('',(0.,-1.));
#7975 = ( GEOMETRIC_REPRESENTATION_CONTEXT(2) 
PARAMETRIC_REPRESENTATION_CONTEXT() REPRESENTATION_CONTEXT('2D SPACE',''
  ) );
#7976 = ORIENTED_EDGE('',*,*,#3295,.F.);
#7977 = ADVANCED_FACE('',(#7978),#3283,.T.);
#7978 = FACE_BOUND('',#7979,.T.);
#7979 = EDGE_LOOP('',(#7980,#7981,#7982,#8003));
#7980 = ORIENTED_EDGE('',*,*,#7956,.T.);
#7981 = ORIENTED_EDGE('',*,*,#5968,.T.);
#7982 = ORIENTED_EDGE('',*,*,#7983,.F.);
#7983 = EDGE_CURVE('',#3240,#5946,#7984,.T.);
#7984 = SURFACE_CURVE('',#7985,(#7989,#7996),.PCURVE_S1.);
#7985 = LINE('',#7986,#7987);
#7986 = CARTESIAN_POINT('',(-34.246387484,-20.381921264,-150.));
#7987 = VECTOR('',#7988,1.);
#7988 = DIRECTION('',(0.,0.,1.));
#7989 = PCURVE('',#3283,#7990);
#7990 = DEFINITIONAL_REPRESENTATION('',(#7991),#7995);
#7991 = LINE('',#7992,#7993);
#7992 = CARTESIAN_POINT('',(9.813534932295E-02,0.));
#7993 = VECTOR('',#7994,1.);
#7994 = DIRECTION('',(0.,-1.));
#7995 = ( GEOMETRIC_REPRESENTATION_CONTEXT(2) 
PARAMETRIC_REPRESENTATION_CONTEXT() REPRESENTATION_CONTEXT('2D SPACE',''
  ) );
#7996 = PCURVE('',#3255,#7997);
#7997 = DEFINITIONAL_REPRESENTATION('',(#7998),#8002);
#7998 = LINE('',#7999,#8000);
#7999 = CARTESIAN_POINT('',(0.,0.));
#8000 = VECTOR('',#8001,1.);
#8001 = DIRECTION('',(0.,-1.));
#8002 = ( GEOMETRIC_REPRESENTATION_CONTEXT(2) 
PARAMETRIC_REPRESENTATION_CONTEXT() REPRESENTATION_CONTEXT('2D SPACE',''
  ) );
#8003 = ORIENTED_EDGE('',*,*,#3267,.F.);
#8004 = ADVANCED_FACE('',(#8005),#3255,.T.);
#8005 = FACE_BOUND('',#8006,.T.);
#8006 = EDGE_LOOP('',(#8007,#8008,#8009,#8030));
#8007 = ORIENTED_EDGE('',*,*,#7983,.T.);
#8008 = ORIENTED_EDGE('',*,*,#5945,.T.);
#8009 = ORIENTED_EDGE('',*,*,#8010,.F.);
#8010 = EDGE_CURVE('',#3212,#5923,#8011,.T.);
#8011 = SURFACE_CURVE('',#8012,(#8016,#8023),.PCURVE_S1.);
#8012 = LINE('',#8013,#8014);
#8013 = CARTESIAN_POINT('',(-0.471396737,-39.881921264,-150.));
#8014 = VECTOR('',#8015,1.);
#8015 = DIRECTION('',(0.,0.,1.));
#8016 = PCURVE('',#3255,#8017);
#8017 = DEFINITIONAL_REPRESENTATION('',(#8018),#8022);
#8018 = LINE('',#8019,#8020);
#8019 = CARTESIAN_POINT('',(38.999999999486,0.));
#8020 = VECTOR('',#8021,1.);
#8021 = DIRECTION('',(0.,-1.));
#8022 = ( GEOMETRIC_REPRESENTATION_CONTEXT(2) 
PARAMETRIC_REPRESENTATION_CONTEXT() REPRESENTATION_CONTEXT('2D SPACE',''
  ) );
#8023 = PCURVE('',#3227,#8024);
#8024 = DEFINITIONAL_REPRESENTATION('',(#8025),#8029);
#8025 = LINE('',#8026,#8027);
#8026 = CARTESIAN_POINT('',(0.,0.));
#8027 = VECTOR('',#8028,1.);
#8028 = DIRECTION('',(0.,-1.));
#8029 = ( GEOMETRIC_REPRESENTATION_CONTEXT(2) 
PARAMETRIC_REPRESENTATION_CONTEXT() REPRESENTATION_CONTEXT('2D SPACE',''
  ) );
#8030 = ORIENTED_EDGE('',*,*,#3239,.F.);
#8031 = ADVANCED_FACE('',(#8032),#3227,.T.);
#8032 = FACE_BOUND('',#8033,.T.);
#8033 = EDGE_LOOP('',(#8034,#8035,#8036,#8057));
#8034 = ORIENTED_EDGE('',*,*,#8010,.T.);
#8035 = ORIENTED_EDGE('',*,*,#5922,.T.);
#8036 = ORIENTED_EDGE('',*,*,#8037,.F.);
#8037 = EDGE_CURVE('',#3184,#5900,#8038,.T.);
#8038 = SURFACE_CURVE('',#8039,(#8043,#8050),.PCURVE_S1.);
#8039 = LINE('',#8040,#8041);
#8040 = CARTESIAN_POINT('',(-0.382683432,-39.923879533,-150.));
#8041 = VECTOR('',#8042,1.);
#8042 = DIRECTION('',(0.,0.,1.));
#8043 = PCURVE('',#3227,#8044);
#8044 = DEFINITIONAL_REPRESENTATION('',(#8045),#8049);
#8045 = LINE('',#8046,#8047);
#8046 = CARTESIAN_POINT('',(9.813534950006E-02,0.));
#8047 = VECTOR('',#8048,1.);
#8048 = DIRECTION('',(0.,-1.));
#8049 = ( GEOMETRIC_REPRESENTATION_CONTEXT(2) 
PARAMETRIC_REPRESENTATION_CONTEXT() REPRESENTATION_CONTEXT('2D SPACE',''
  ) );
#8050 = PCURVE('',#3199,#8051);
#8051 = DEFINITIONAL_REPRESENTATION('',(#8052),#8056);
#8052 = LINE('',#8053,#8054);
#8053 = CARTESIAN_POINT('',(0.,0.));
#8054 = VECTOR('',#8055,1.);
#8055 = DIRECTION('',(0.,-1.));
#8056 = ( GEOMETRIC_REPRESENTATION_CONTEXT(2) 
PARAMETRIC_REPRESENTATION_CONTEXT() REPRESENTATION_CONTEXT('2D SPACE',''
  ) );
#8057 = ORIENTED_EDGE('',*,*,#3211,.F.);
#8058 = ADVANCED_FACE('',(#8059),#3199,.T.);
#8059 = FACE_BOUND('',#8060,.T.);
#8060 = EDGE_LOOP('',(#8061,#8062,#8063,#8084));
#8061 = ORIENTED_EDGE('',*,*,#8037,.T.);
#8062 = ORIENTED_EDGE('',*,*,#5899,.T.);
#8063 = ORIENTED_EDGE('',*,*,#8064,.F.);
#8064 = EDGE_CURVE('',#3156,#5877,#8065,.T.);
#8065 = SURFACE_CURVE('',#8066,(#8070,#8077),.PCURVE_S1.);
#8066 = LINE('',#8067,#8068);
#8067 = CARTESIAN_POINT('',(-0.290284677,-39.956940336,-150.));
#8068 = VECTOR('',#8069,1.);
#8069 = DIRECTION('',(0.,0.,1.));
#8070 = PCURVE('',#3199,#8071);
#8071 = DEFINITIONAL_REPRESENTATION('',(#8072),#8076);
#8072 = LINE('',#8073,#8074);
#8073 = CARTESIAN_POINT('',(9.813534847625E-02,0.));
#8074 = VECTOR('',#8075,1.);
#8075 = DIRECTION('',(0.,-1.));
#8076 = ( GEOMETRIC_REPRESENTATION_CONTEXT(2) 
PARAMETRIC_REPRESENTATION_CONTEXT() REPRESENTATION_CONTEXT('2D SPACE',''
  ) );
#8077 = PCURVE('',#3171,#8078);
#8078 = DEFINITIONAL_REPRESENTATION('',(#8079),#8083);
#8079 = LINE('',#8080,#8081);
#8080 = CARTESIAN_POINT('',(0.,0.));
#8081 = VECTOR('',#8082,1.);
#8082 = DIRECTION('',(0.,-1.));
#8083 = ( GEOMETRIC_REPRESENTATION_CONTEXT(2) 
PARAMETRIC_REPRESENTATION_CONTEXT() REPRESENTATION_CONTEXT('2D SPACE',''
  ) );
#8084 = ORIENTED_EDGE('',*,*,#3183,.F.);
#8085 = ADVANCED_FACE('',(#8086),#3171,.T.);
#8086 = FACE_BOUND('',#8087,.T.);
#8087 = EDGE_LOOP('',(#8088,#8089,#8090,#8111));
#8088 = ORIENTED_EDGE('',*,*,#8064,.T.);
#8089 = ORIENTED_EDGE('',*,*,#5876,.T.);
#8090 = ORIENTED_EDGE('',*,*,#8091,.F.);
#8091 = EDGE_CURVE('',#3128,#5854,#8092,.T.);
#8092 = SURFACE_CURVE('',#8093,(#8097,#8104),.PCURVE_S1.);
#8093 = LINE('',#8094,#8095);
#8094 = CARTESIAN_POINT('',(-0.195090322,-39.98078528,-150.));
#8095 = VECTOR('',#8096,1.);
#8096 = DIRECTION('',(0.,0.,1.));
#8097 = PCURVE('',#3171,#8098);
#8098 = DEFINITIONAL_REPRESENTATION('',(#8099),#8103);
#8099 = LINE('',#8100,#8101);
#8100 = CARTESIAN_POINT('',(9.81353482606E-02,0.));
#8101 = VECTOR('',#8102,1.);
#8102 = DIRECTION('',(0.,-1.));
#8103 = ( GEOMETRIC_REPRESENTATION_CONTEXT(2) 
PARAMETRIC_REPRESENTATION_CONTEXT() REPRESENTATION_CONTEXT('2D SPACE',''
  ) );
#8104 = PCURVE('',#3143,#8105);
#8105 = DEFINITIONAL_REPRESENTATION('',(#8106),#8110);
#8106 = LINE('',#8107,#8108);
#8107 = CARTESIAN_POINT('',(0.,0.));
#8108 = VECTOR('',#8109,1.);
#8109 = DIRECTION('',(0.,-1.));
#8110 = ( GEOMETRIC_REPRESENTATION_CONTEXT(2) 
PARAMETRIC_REPRESENTATION_CONTEXT() REPRESENTATION_CONTEXT('2D SPACE',''
  ) );
#8111 = ORIENTED_EDGE('',*,*,#3155,.F.);
#8112 = ADVANCED_FACE('',(#8113),#3143,.T.);
#8113 = FACE_BOUND('',#8114,.T.);
#8114 = EDGE_LOOP('',(#8115,#8116,#8117,#8138));
#8115 = ORIENTED_EDGE('',*,*,#8091,.T.);
#8116 = ORIENTED_EDGE('',*,*,#5853,.T.);
#8117 = ORIENTED_EDGE('',*,*,#8118,.F.);
#8118 = EDGE_CURVE('',#3100,#5831,#8119,.T.);
#8119 = SURFACE_CURVE('',#8120,(#8124,#8131),.PCURVE_S1.);
#8120 = LINE('',#8121,#8122);
#8121 = CARTESIAN_POINT('',(-9.801714E-02,-39.995184727,-150.));
#8122 = VECTOR('',#8123,1.);
#8123 = DIRECTION('',(0.,0.,1.));
#8124 = PCURVE('',#3143,#8125);
#8125 = DEFINITIONAL_REPRESENTATION('',(#8126),#8130);
#8126 = LINE('',#8127,#8128);
#8127 = CARTESIAN_POINT('',(9.813534907214E-02,0.));
#8128 = VECTOR('',#8129,1.);
#8129 = DIRECTION('',(0.,-1.));
#8130 = ( GEOMETRIC_REPRESENTATION_CONTEXT(2) 
PARAMETRIC_REPRESENTATION_CONTEXT() REPRESENTATION_CONTEXT('2D SPACE',''
  ) );
#8131 = PCURVE('',#3115,#8132);
#8132 = DEFINITIONAL_REPRESENTATION('',(#8133),#8137);
#8133 = LINE('',#8134,#8135);
#8134 = CARTESIAN_POINT('',(0.,0.));
#8135 = VECTOR('',#8136,1.);
#8136 = DIRECTION('',(0.,-1.));
#8137 = ( GEOMETRIC_REPRESENTATION_CONTEXT(2) 
PARAMETRIC_REPRESENTATION_CONTEXT() REPRESENTATION_CONTEXT('2D SPACE',''
  ) );
#8138 = ORIENTED_EDGE('',*,*,#3127,.F.);
#8139 = ADVANCED_FACE('',(#8140),#3115,.T.);
#8140 = FACE_BOUND('',#8141,.T.);
#8141 = EDGE_LOOP('',(#8142,#8143,#8144,#8165));
#8142 = ORIENTED_EDGE('',*,*,#8118,.T.);
#8143 = ORIENTED_EDGE('',*,*,#5830,.T.);
#8144 = ORIENTED_EDGE('',*,*,#8145,.F.);
#8145 = EDGE_CURVE('',#3072,#5808,#8146,.T.);
#8146 = SURFACE_CURVE('',#8147,(#8151,#8158),.PCURVE_S1.);
#8147 = LINE('',#8148,#8149);
#8148 = CARTESIAN_POINT('',(-0.,-40.,-150.));
#8149 = VECTOR('',#8150,1.);
#8150 = DIRECTION('',(0.,0.,1.));
#8151 = PCURVE('',#3115,#8152);
#8152 = DEFINITIONAL_REPRESENTATION('',(#8153),#8157);
#8153 = LINE('',#8154,#8155);
#8154 = CARTESIAN_POINT('',(9.813534830959E-02,0.));
#8155 = VECTOR('',#8156,1.);
#8156 = DIRECTION('',(0.,-1.));
#8157 = ( GEOMETRIC_REPRESENTATION_CONTEXT(2) 
PARAMETRIC_REPRESENTATION_CONTEXT() REPRESENTATION_CONTEXT('2D SPACE',''
  ) );
#8158 = PCURVE('',#3087,#8159);
#8159 = DEFINITIONAL_REPRESENTATION('',(#8160),#8164);
#8160 = LINE('',#8161,#8162);
#8161 = CARTESIAN_POINT('',(0.,0.));
#8162 = VECTOR('',#8163,1.);
#8163 = DIRECTION('',(0.,-1.));
#8164 = ( GEOMETRIC_REPRESENTATION_CONTEXT(2) 
PARAMETRIC_REPRESENTATION_CONTEXT() REPRESENTATION_CONTEXT('2D SPACE',''
  ) );
#8165 = ORIENTED_EDGE('',*,*,#3099,.F.);
#8166 = ADVANCED_FACE('',(#8167),#3087,.T.);
#8167 = FACE_BOUND('',#8168,.T.);
#8168 = EDGE_LOOP('',(#8169,#8170,#8171,#8192));
#8169 = ORIENTED_EDGE('',*,*,#8145,.T.);
#8170 = ORIENTED_EDGE('',*,*,#5807,.T.);
#8171 = ORIENTED_EDGE('',*,*,#8172,.F.);
#8172 = EDGE_CURVE('',#3044,#5785,#8173,.T.);
#8173 = SURFACE_CURVE('',#8174,(#8178,#8185),.PCURVE_S1.);
#8174 = LINE('',#8175,#8176);
#8175 = CARTESIAN_POINT('',(9.801714E-02,-39.995184727,-150.));
#8176 = VECTOR('',#8177,1.);
#8177 = DIRECTION('',(0.,0.,1.));
#8178 = PCURVE('',#3087,#8179);
#8179 = DEFINITIONAL_REPRESENTATION('',(#8180),#8184);
#8180 = LINE('',#8181,#8182);
#8181 = CARTESIAN_POINT('',(9.813534830959E-02,0.));
#8182 = VECTOR('',#8183,1.);
#8183 = DIRECTION('',(0.,-1.));
#8184 = ( GEOMETRIC_REPRESENTATION_CONTEXT(2) 
PARAMETRIC_REPRESENTATION_CONTEXT() REPRESENTATION_CONTEXT('2D SPACE',''
  ) );
#8185 = PCURVE('',#3059,#8186);
#8186 = DEFINITIONAL_REPRESENTATION('',(#8187),#8191);
#8187 = LINE('',#8188,#8189);
#8188 = CARTESIAN_POINT('',(0.,0.));
#8189 = VECTOR('',#8190,1.);
#8190 = DIRECTION('',(0.,-1.));
#8191 = ( GEOMETRIC_REPRESENTATION_CONTEXT(2) 
PARAMETRIC_REPRESENTATION_CONTEXT() REPRESENTATION_CONTEXT('2D SPACE',''
  ) );
#8192 = ORIENTED_EDGE('',*,*,#3071,.F.);
#8193 = ADVANCED_FACE('',(#8194),#3059,.T.);
#8194 = FACE_BOUND('',#8195,.T.);
#8195 = EDGE_LOOP('',(#8196,#8197,#8198,#8219));
#8196 = ORIENTED_EDGE('',*,*,#8172,.T.);
#8197 = ORIENTED_EDGE('',*,*,#5784,.T.);
#8198 = ORIENTED_EDGE('',*,*,#8199,.F.);
#8199 = EDGE_CURVE('',#3016,#5762,#8200,.T.);
#8200 = SURFACE_CURVE('',#8201,(#8205,#8212),.PCURVE_S1.);
#8201 = LINE('',#8202,#8203);
#8202 = CARTESIAN_POINT('',(0.195090322,-39.98078528,-150.));
#8203 = VECTOR('',#8204,1.);
#8204 = DIRECTION('',(0.,0.,1.));
#8205 = PCURVE('',#3059,#8206);
#8206 = DEFINITIONAL_REPRESENTATION('',(#8207),#8211);
#8207 = LINE('',#8208,#8209);
#8208 = CARTESIAN_POINT('',(9.813534907214E-02,0.));
#8209 = VECTOR('',#8210,1.);
#8210 = DIRECTION('',(0.,-1.));
#8211 = ( GEOMETRIC_REPRESENTATION_CONTEXT(2) 
PARAMETRIC_REPRESENTATION_CONTEXT() REPRESENTATION_CONTEXT('2D SPACE',''
  ) );
#8212 = PCURVE('',#3031,#8213);
#8213 = DEFINITIONAL_REPRESENTATION('',(#8214),#8218);
#8214 = LINE('',#8215,#8216);
#8215 = CARTESIAN_POINT('',(0.,0.));
#8216 = VECTOR('',#8217,1.);
#8217 = DIRECTION('',(0.,-1.));
#8218 = ( GEOMETRIC_REPRESENTATION_CONTEXT(2) 
PARAMETRIC_REPRESENTATION_CONTEXT() REPRESENTATION_CONTEXT('2D SPACE',''
  ) );
#8219 = ORIENTED_EDGE('',*,*,#3043,.F.);
#8220 = ADVANCED_FACE('',(#8221),#3031,.T.);
#8221 = FACE_BOUND('',#8222,.T.);
#8222 = EDGE_LOOP('',(#8223,#8224,#8225,#8246));
#8223 = ORIENTED_EDGE('',*,*,#8199,.T.);
#8224 = ORIENTED_EDGE('',*,*,#5761,.T.);
#8225 = ORIENTED_EDGE('',*,*,#8226,.F.);
#8226 = EDGE_CURVE('',#2988,#5739,#8227,.T.);
#8227 = SURFACE_CURVE('',#8228,(#8232,#8239),.PCURVE_S1.);
#8228 = LINE('',#8229,#8230);
#8229 = CARTESIAN_POINT('',(0.290284677,-39.956940336,-150.));
#8230 = VECTOR('',#8231,1.);
#8231 = DIRECTION('',(0.,0.,1.));
#8232 = PCURVE('',#3031,#8233);
#8233 = DEFINITIONAL_REPRESENTATION('',(#8234),#8238);
#8234 = LINE('',#8235,#8236);
#8235 = CARTESIAN_POINT('',(9.81353482606E-02,0.));
#8236 = VECTOR('',#8237,1.);
#8237 = DIRECTION('',(0.,-1.));
#8238 = ( GEOMETRIC_REPRESENTATION_CONTEXT(2) 
PARAMETRIC_REPRESENTATION_CONTEXT() REPRESENTATION_CONTEXT('2D SPACE',''
  ) );
#8239 = PCURVE('',#3003,#8240);
#8240 = DEFINITIONAL_REPRESENTATION('',(#8241),#8245);
#8241 = LINE('',#8242,#8243);
#8242 = CARTESIAN_POINT('',(0.,0.));
#8243 = VECTOR('',#8244,1.);
#8244 = DIRECTION('',(0.,-1.));
#8245 = ( GEOMETRIC_REPRESENTATION_CONTEXT(2) 
PARAMETRIC_REPRESENTATION_CONTEXT() REPRESENTATION_CONTEXT('2D SPACE',''
  ) );
#8246 = ORIENTED_EDGE('',*,*,#3015,.F.);
#8247 = ADVANCED_FACE('',(#8248),#3003,.T.);
#8248 = FACE_BOUND('',#8249,.T.);
#8249 = EDGE_LOOP('',(#8250,#8251,#8252,#8273));
#8250 = ORIENTED_EDGE('',*,*,#8226,.T.);
#8251 = ORIENTED_EDGE('',*,*,#5738,.T.);
#8252 = ORIENTED_EDGE('',*,*,#8253,.F.);
#8253 = EDGE_CURVE('',#2960,#5716,#8254,.T.);
#8254 = SURFACE_CURVE('',#8255,(#8259,#8266),.PCURVE_S1.);
#8255 = LINE('',#8256,#8257);
#8256 = CARTESIAN_POINT('',(0.382683432,-39.923879533,-150.));
#8257 = VECTOR('',#8258,1.);
#8258 = DIRECTION('',(0.,0.,1.));
#8259 = PCURVE('',#3003,#8260);
#8260 = DEFINITIONAL_REPRESENTATION('',(#8261),#8265);
#8261 = LINE('',#8262,#8263);
#8262 = CARTESIAN_POINT('',(9.813534847625E-02,0.));
#8263 = VECTOR('',#8264,1.);
#8264 = DIRECTION('',(0.,-1.));
#8265 = ( GEOMETRIC_REPRESENTATION_CONTEXT(2) 
PARAMETRIC_REPRESENTATION_CONTEXT() REPRESENTATION_CONTEXT('2D SPACE',''
  ) );
#8266 = PCURVE('',#2975,#8267);
#8267 = DEFINITIONAL_REPRESENTATION('',(#8268),#8272);
#8268 = LINE('',#8269,#8270);
#8269 = CARTESIAN_POINT('',(0.,0.));
#8270 = VECTOR('',#8271,1.);
#8271 = DIRECTION('',(0.,-1.));
#8272 = ( GEOMETRIC_REPRESENTATION_CONTEXT(2) 
PARAMETRIC_REPRESENTATION_CONTEXT() REPRESENTATION_CONTEXT('2D SPACE',''
  ) );
#8273 = ORIENTED_EDGE('',*,*,#2987,.F.);
#8274 = ADVANCED_FACE('',(#8275),#2975,.T.);
#8275 = FACE_BOUND('',#8276,.T.);
#8276 = EDGE_LOOP('',(#8277,#8278,#8279,#8300));
#8277 = ORIENTED_EDGE('',*,*,#8253,.T.);
#8278 = ORIENTED_EDGE('',*,*,#5715,.T.);
#8279 = ORIENTED_EDGE('',*,*,#8280,.F.);
#8280 = EDGE_CURVE('',#2932,#5693,#8281,.T.);
#8281 = SURFACE_CURVE('',#8282,(#8286,#8293),.PCURVE_S1.);
#8282 = LINE('',#8283,#8284);
#8283 = CARTESIAN_POINT('',(0.471396737,-39.881921264,-150.));
#8284 = VECTOR('',#8285,1.);
#8285 = DIRECTION('',(0.,0.,1.));
#8286 = PCURVE('',#2975,#8287);
#8287 = DEFINITIONAL_REPRESENTATION('',(#8288),#8292);
#8288 = LINE('',#8289,#8290);
#8289 = CARTESIAN_POINT('',(9.813534950006E-02,0.));
#8290 = VECTOR('',#8291,1.);
#8291 = DIRECTION('',(0.,-1.));
#8292 = ( GEOMETRIC_REPRESENTATION_CONTEXT(2) 
PARAMETRIC_REPRESENTATION_CONTEXT() REPRESENTATION_CONTEXT('2D SPACE',''
  ) );
#8293 = PCURVE('',#2947,#8294);
#8294 = DEFINITIONAL_REPRESENTATION('',(#8295),#8299);
#8295 = LINE('',#8296,#8297);
#8296 = CARTESIAN_POINT('',(0.,0.));
#8297 = VECTOR('',#8298,1.);
#8298 = DIRECTION('',(0.,-1.));
#8299 = ( GEOMETRIC_REPRESENTATION_CONTEXT(2) 
PARAMETRIC_REPRESENTATION_CONTEXT() REPRESENTATION_CONTEXT('2D SPACE',''
  ) );
#8300 = ORIENTED_EDGE('',*,*,#2959,.F.);
#8301 = ADVANCED_FACE('',(#8302),#2947,.T.);
#8302 = FACE_BOUND('',#8303,.T.);
#8303 = EDGE_LOOP('',(#8304,#8305,#8306,#8327));
#8304 = ORIENTED_EDGE('',*,*,#8280,.T.);
#8305 = ORIENTED_EDGE('',*,*,#5692,.T.);
#8306 = ORIENTED_EDGE('',*,*,#8307,.F.);
#8307 = EDGE_CURVE('',#2904,#5670,#8308,.T.);
#8308 = SURFACE_CURVE('',#8309,(#8313,#8320),.PCURVE_S1.);
#8309 = LINE('',#8310,#8311);
#8310 = CARTESIAN_POINT('',(34.246387484,-20.381921264,-150.));
#8311 = VECTOR('',#8312,1.);
#8312 = DIRECTION('',(0.,0.,1.));
#8313 = PCURVE('',#2947,#8314);
#8314 = DEFINITIONAL_REPRESENTATION('',(#8315),#8319);
#8315 = LINE('',#8316,#8317);
#8316 = CARTESIAN_POINT('',(38.999999999486,0.));
#8317 = VECTOR('',#8318,1.);
#8318 = DIRECTION('',(0.,-1.));
#8319 = ( GEOMETRIC_REPRESENTATION_CONTEXT(2) 
PARAMETRIC_REPRESENTATION_CONTEXT() REPRESENTATION_CONTEXT('2D SPACE',''
  ) );
#8320 = PCURVE('',#2919,#8321);
#8321 = DEFINITIONAL_REPRESENTATION('',(#8322),#8326);
#8322 = LINE('',#8323,#8324);
#8323 = CARTESIAN_POINT('',(0.,0.));
#8324 = VECTOR('',#8325,1.);
#8325 = DIRECTION('',(0.,-1.));
#8326 = ( GEOMETRIC_REPRESENTATION_CONTEXT(2) 
PARAMETRIC_REPRESENTATION_CONTEXT() REPRESENTATION_CONTEXT('2D SPACE',''
  ) );
#8327 = ORIENTED_EDGE('',*,*,#2931,.F.);
#8328 = ADVANCED_FACE('',(#8329),#2919,.T.);
#8329 = FACE_BOUND('',#8330,.T.);
#8330 = EDGE_LOOP('',(#8331,#8332,#8333,#8354));
#8331 = ORIENTED_EDGE('',*,*,#8307,.T.);
#8332 = ORIENTED_EDGE('',*,*,#5669,.T.);
#8333 = ORIENTED_EDGE('',*,*,#8334,.F.);
#8334 = EDGE_CURVE('',#2876,#5647,#8335,.T.);
#8335 = SURFACE_CURVE('',#8336,(#8340,#8347),.PCURVE_S1.);
#8336 = LINE('',#8337,#8338);
#8337 = CARTESIAN_POINT('',(34.330560981,-20.331469612,-150.));
#8338 = VECTOR('',#8339,1.);
#8339 = DIRECTION('',(0.,0.,1.));
#8340 = PCURVE('',#2919,#8341);
#8341 = DEFINITIONAL_REPRESENTATION('',(#8342),#8346);
#8342 = LINE('',#8343,#8344);
#8343 = CARTESIAN_POINT('',(9.813534932295E-02,0.));
#8344 = VECTOR('',#8345,1.);
#8345 = DIRECTION('',(0.,-1.));
#8346 = ( GEOMETRIC_REPRESENTATION_CONTEXT(2) 
PARAMETRIC_REPRESENTATION_CONTEXT() REPRESENTATION_CONTEXT('2D SPACE',''
  ) );
#8347 = PCURVE('',#2891,#8348);
#8348 = DEFINITIONAL_REPRESENTATION('',(#8349),#8353);
#8349 = LINE('',#8350,#8351);
#8350 = CARTESIAN_POINT('',(0.,0.));
#8351 = VECTOR('',#8352,1.);
#8352 = DIRECTION('',(0.,-1.));
#8353 = ( GEOMETRIC_REPRESENTATION_CONTEXT(2) 
PARAMETRIC_REPRESENTATION_CONTEXT() REPRESENTATION_CONTEXT('2D SPACE',''
  ) );
#8354 = ORIENTED_EDGE('',*,*,#2903,.F.);
#8355 = ADVANCED_FACE('',(#8356),#2891,.T.);
#8356 = FACE_BOUND('',#8357,.T.);
#8357 = EDGE_LOOP('',(#8358,#8359,#8360,#8381));
#8358 = ORIENTED_EDGE('',*,*,#8334,.T.);
#8359 = ORIENTED_EDGE('',*,*,#5646,.T.);
#8360 = ORIENTED_EDGE('',*,*,#8361,.F.);
#8361 = EDGE_CURVE('',#2848,#5624,#8362,.T.);
#8362 = SURFACE_CURVE('',#8363,(#8367,#8374),.PCURVE_S1.);
#8363 = LINE('',#8364,#8365);
#8364 = CARTESIAN_POINT('',(34.409384032,-20.273010453,-150.));
#8365 = VECTOR('',#8366,1.);
#8366 = DIRECTION('',(0.,0.,1.));
#8367 = PCURVE('',#2891,#8368);
#8368 = DEFINITIONAL_REPRESENTATION('',(#8369),#8373);
#8369 = LINE('',#8370,#8371);
#8370 = CARTESIAN_POINT('',(9.813534857499E-02,0.));
#8371 = VECTOR('',#8372,1.);
#8372 = DIRECTION('',(0.,-1.));
#8373 = ( GEOMETRIC_REPRESENTATION_CONTEXT(2) 
PARAMETRIC_REPRESENTATION_CONTEXT() REPRESENTATION_CONTEXT('2D SPACE',''
  ) );
#8374 = PCURVE('',#2863,#8375);
#8375 = DEFINITIONAL_REPRESENTATION('',(#8376),#8380);
#8376 = LINE('',#8377,#8378);
#8377 = CARTESIAN_POINT('',(0.,0.));
#8378 = VECTOR('',#8379,1.);
#8379 = DIRECTION('',(0.,-1.));
#8380 = ( GEOMETRIC_REPRESENTATION_CONTEXT(2) 
PARAMETRIC_REPRESENTATION_CONTEXT() REPRESENTATION_CONTEXT('2D SPACE',''
  ) );
#8381 = ORIENTED_EDGE('',*,*,#2875,.F.);
#8382 = ADVANCED_FACE('',(#8383),#2863,.T.);
#8383 = FACE_BOUND('',#8384,.T.);
#8384 = EDGE_LOOP('',(#8385,#8386,#8387,#8408));
#8385 = ORIENTED_EDGE('',*,*,#8361,.T.);
#8386 = ORIENTED_EDGE('',*,*,#5623,.T.);
#8387 = ORIENTED_EDGE('',*,*,#8388,.F.);
#8388 = EDGE_CURVE('',#2820,#5601,#8389,.T.);
#8389 = SURFACE_CURVE('',#8390,(#8394,#8401),.PCURVE_S1.);
#8390 = LINE('',#8391,#8392);
#8391 = CARTESIAN_POINT('',(34.482097529,-20.207106781,-150.));
#8392 = VECTOR('',#8393,1.);
#8393 = DIRECTION('',(0.,0.,1.));
#8394 = PCURVE('',#2863,#8395);
#8395 = DEFINITIONAL_REPRESENTATION('',(#8396),#8400);
#8396 = LINE('',#8397,#8398);
#8397 = CARTESIAN_POINT('',(9.813534851955E-02,0.));
#8398 = VECTOR('',#8399,1.);
#8399 = DIRECTION('',(0.,-1.));
#8400 = ( GEOMETRIC_REPRESENTATION_CONTEXT(2) 
PARAMETRIC_REPRESENTATION_CONTEXT() REPRESENTATION_CONTEXT('2D SPACE',''
  ) );
#8401 = PCURVE('',#2835,#8402);
#8402 = DEFINITIONAL_REPRESENTATION('',(#8403),#8407);
#8403 = LINE('',#8404,#8405);
#8404 = CARTESIAN_POINT('',(0.,0.));
#8405 = VECTOR('',#8406,1.);
#8406 = DIRECTION('',(0.,-1.));
#8407 = ( GEOMETRIC_REPRESENTATION_CONTEXT(2) 
PARAMETRIC_REPRESENTATION_CONTEXT() REPRESENTATION_CONTEXT('2D SPACE',''
  ) );
#8408 = ORIENTED_EDGE('',*,*,#2847,.F.);
#8409 = ADVANCED_FACE('',(#8410),#2835,.T.);
#8410 = FACE_BOUND('',#8411,.T.);
#8411 = EDGE_LOOP('',(#8412,#8413,#8414,#8435));
#8412 = ORIENTED_EDGE('',*,*,#8388,.T.);
#8413 = ORIENTED_EDGE('',*,*,#5600,.T.);
#8414 = ORIENTED_EDGE('',*,*,#8415,.F.);
#8415 = EDGE_CURVE('',#2792,#5578,#8416,.T.);
#8416 = SURFACE_CURVE('',#8417,(#8421,#8428),.PCURVE_S1.);
#8417 = LINE('',#8418,#8419);
#8418 = CARTESIAN_POINT('',(34.548001201,-20.134393284,-150.));
#8419 = VECTOR('',#8420,1.);
#8420 = DIRECTION('',(0.,0.,1.));
#8421 = PCURVE('',#2835,#8422);
#8422 = DEFINITIONAL_REPRESENTATION('',(#8423),#8427);
#8423 = LINE('',#8424,#8425);
#8424 = CARTESIAN_POINT('',(9.813534851954E-02,0.));
#8425 = VECTOR('',#8426,1.);
#8426 = DIRECTION('',(0.,-1.));
#8427 = ( GEOMETRIC_REPRESENTATION_CONTEXT(2) 
PARAMETRIC_REPRESENTATION_CONTEXT() REPRESENTATION_CONTEXT('2D SPACE',''
  ) );
#8428 = PCURVE('',#2807,#8429);
#8429 = DEFINITIONAL_REPRESENTATION('',(#8430),#8434);
#8430 = LINE('',#8431,#8432);
#8431 = CARTESIAN_POINT('',(0.,0.));
#8432 = VECTOR('',#8433,1.);
#8433 = DIRECTION('',(0.,-1.));
#8434 = ( GEOMETRIC_REPRESENTATION_CONTEXT(2) 
PARAMETRIC_REPRESENTATION_CONTEXT() REPRESENTATION_CONTEXT('2D SPACE',''
  ) );
#8435 = ORIENTED_EDGE('',*,*,#2819,.F.);
#8436 = ADVANCED_FACE('',(#8437),#2807,.T.);
#8437 = FACE_BOUND('',#8438,.T.);
#8438 = EDGE_LOOP('',(#8439,#8440,#8441,#8462));
#8439 = ORIENTED_EDGE('',*,*,#8415,.T.);
#8440 = ORIENTED_EDGE('',*,*,#5577,.T.);
#8441 = ORIENTED_EDGE('',*,*,#8442,.F.);
#8442 = EDGE_CURVE('',#2764,#5555,#8443,.T.);
#8443 = SURFACE_CURVE('',#8444,(#8448,#8455),.PCURVE_S1.);
#8444 = LINE('',#8445,#8446);
#8445 = CARTESIAN_POINT('',(34.60646036,-20.055570233,-150.));
#8446 = VECTOR('',#8447,1.);
#8447 = DIRECTION('',(0.,0.,1.));
#8448 = PCURVE('',#2807,#8449);
#8449 = DEFINITIONAL_REPRESENTATION('',(#8450),#8454);
#8450 = LINE('',#8451,#8452);
#8451 = CARTESIAN_POINT('',(9.8135348575E-02,0.));
#8452 = VECTOR('',#8453,1.);
#8453 = DIRECTION('',(0.,-1.));
#8454 = ( GEOMETRIC_REPRESENTATION_CONTEXT(2) 
PARAMETRIC_REPRESENTATION_CONTEXT() REPRESENTATION_CONTEXT('2D SPACE',''
  ) );
#8455 = PCURVE('',#2779,#8456);
#8456 = DEFINITIONAL_REPRESENTATION('',(#8457),#8461);
#8457 = LINE('',#8458,#8459);
#8458 = CARTESIAN_POINT('',(0.,0.));
#8459 = VECTOR('',#8460,1.);
#8460 = DIRECTION('',(0.,-1.));
#8461 = ( GEOMETRIC_REPRESENTATION_CONTEXT(2) 
PARAMETRIC_REPRESENTATION_CONTEXT() REPRESENTATION_CONTEXT('2D SPACE',''
  ) );
#8462 = ORIENTED_EDGE('',*,*,#2791,.F.);
#8463 = ADVANCED_FACE('',(#8464),#2779,.T.);
#8464 = FACE_BOUND('',#8465,.T.);
#8465 = EDGE_LOOP('',(#8466,#8467,#8468,#8489));
#8466 = ORIENTED_EDGE('',*,*,#8442,.T.);
#8467 = ORIENTED_EDGE('',*,*,#5554,.T.);
#8468 = ORIENTED_EDGE('',*,*,#8469,.F.);
#8469 = EDGE_CURVE('',#2736,#5532,#8470,.T.);
#8470 = SURFACE_CURVE('',#8471,(#8475,#8482),.PCURVE_S1.);
#8471 = LINE('',#8472,#8473);
#8472 = CARTESIAN_POINT('',(34.656912012,-19.971396737,-150.));
#8473 = VECTOR('',#8474,1.);
#8474 = DIRECTION('',(0.,0.,1.));
#8475 = PCURVE('',#2779,#8476);
#8476 = DEFINITIONAL_REPRESENTATION('',(#8477),#8481);
#8477 = LINE('',#8478,#8479);
#8478 = CARTESIAN_POINT('',(9.813534846523E-02,0.));
#8479 = VECTOR('',#8480,1.);
#8480 = DIRECTION('',(0.,-1.));
#8481 = ( GEOMETRIC_REPRESENTATION_CONTEXT(2) 
PARAMETRIC_REPRESENTATION_CONTEXT() REPRESENTATION_CONTEXT('2D SPACE',''
  ) );
#8482 = PCURVE('',#2751,#8483);
#8483 = DEFINITIONAL_REPRESENTATION('',(#8484),#8488);
#8484 = LINE('',#8485,#8486);
#8485 = CARTESIAN_POINT('',(0.,0.));
#8486 = VECTOR('',#8487,1.);
#8487 = DIRECTION('',(0.,-1.));
#8488 = ( GEOMETRIC_REPRESENTATION_CONTEXT(2) 
PARAMETRIC_REPRESENTATION_CONTEXT() REPRESENTATION_CONTEXT('2D SPACE',''
  ) );
#8489 = ORIENTED_EDGE('',*,*,#2763,.F.);
#8490 = ADVANCED_FACE('',(#8491),#2751,.T.);
#8491 = FACE_BOUND('',#8492,.T.);
#8492 = EDGE_LOOP('',(#8493,#8494,#8495,#8516));
#8493 = ORIENTED_EDGE('',*,*,#8469,.T.);
#8494 = ORIENTED_EDGE('',*,*,#5531,.T.);
#8495 = ORIENTED_EDGE('',*,*,#8496,.F.);
#8496 = EDGE_CURVE('',#2708,#5509,#8497,.T.);
#8497 = SURFACE_CURVE('',#8498,(#8502,#8509),.PCURVE_S1.);
#8498 = LINE('',#8499,#8500);
#8499 = CARTESIAN_POINT('',(34.69887028,-19.882683432,-150.));
#8500 = VECTOR('',#8501,1.);
#8501 = DIRECTION('',(0.,0.,1.));
#8502 = PCURVE('',#2751,#8503);
#8503 = DEFINITIONAL_REPRESENTATION('',(#8504),#8508);
#8504 = LINE('',#8505,#8506);
#8505 = CARTESIAN_POINT('',(9.813534907251E-02,0.));
#8506 = VECTOR('',#8507,1.);
#8507 = DIRECTION('',(0.,-1.));
#8508 = ( GEOMETRIC_REPRESENTATION_CONTEXT(2) 
PARAMETRIC_REPRESENTATION_CONTEXT() REPRESENTATION_CONTEXT('2D SPACE',''
  ) );
#8509 = PCURVE('',#2723,#8510);
#8510 = DEFINITIONAL_REPRESENTATION('',(#8511),#8515);
#8511 = LINE('',#8512,#8513);
#8512 = CARTESIAN_POINT('',(0.,0.));
#8513 = VECTOR('',#8514,1.);
#8514 = DIRECTION('',(0.,-1.));
#8515 = ( GEOMETRIC_REPRESENTATION_CONTEXT(2) 
PARAMETRIC_REPRESENTATION_CONTEXT() REPRESENTATION_CONTEXT('2D SPACE',''
  ) );
#8516 = ORIENTED_EDGE('',*,*,#2735,.F.);
#8517 = ADVANCED_FACE('',(#8518),#2723,.T.);
#8518 = FACE_BOUND('',#8519,.T.);
#8519 = EDGE_LOOP('',(#8520,#8521,#8522,#8543));
#8520 = ORIENTED_EDGE('',*,*,#8496,.T.);
#8521 = ORIENTED_EDGE('',*,*,#5508,.T.);
#8522 = ORIENTED_EDGE('',*,*,#8523,.F.);
#8523 = EDGE_CURVE('',#2680,#5486,#8524,.T.);
#8524 = SURFACE_CURVE('',#8525,(#8529,#8536),.PCURVE_S1.);
#8525 = LINE('',#8526,#8527);
#8526 = CARTESIAN_POINT('',(34.731931083,-19.790284677,-150.));
#8527 = VECTOR('',#8528,1.);
#8528 = DIRECTION('',(0.,0.,1.));
#8529 = PCURVE('',#2723,#8530);
#8530 = DEFINITIONAL_REPRESENTATION('',(#8531),#8535);
#8531 = LINE('',#8532,#8533);
#8532 = CARTESIAN_POINT('',(9.813534847625E-02,0.));
#8533 = VECTOR('',#8534,1.);
#8534 = DIRECTION('',(0.,-1.));
#8535 = ( GEOMETRIC_REPRESENTATION_CONTEXT(2) 
PARAMETRIC_REPRESENTATION_CONTEXT() REPRESENTATION_CONTEXT('2D SPACE',''
  ) );
#8536 = PCURVE('',#2695,#8537);
#8537 = DEFINITIONAL_REPRESENTATION('',(#8538),#8542);
#8538 = LINE('',#8539,#8540);
#8539 = CARTESIAN_POINT('',(0.,0.));
#8540 = VECTOR('',#8541,1.);
#8541 = DIRECTION('',(0.,-1.));
#8542 = ( GEOMETRIC_REPRESENTATION_CONTEXT(2) 
PARAMETRIC_REPRESENTATION_CONTEXT() REPRESENTATION_CONTEXT('2D SPACE',''
  ) );
#8543 = ORIENTED_EDGE('',*,*,#2707,.F.);
#8544 = ADVANCED_FACE('',(#8545),#2695,.T.);
#8545 = FACE_BOUND('',#8546,.T.);
#8546 = EDGE_LOOP('',(#8547,#8548,#8549,#8570));
#8547 = ORIENTED_EDGE('',*,*,#8523,.T.);
#8548 = ORIENTED_EDGE('',*,*,#5485,.T.);
#8549 = ORIENTED_EDGE('',*,*,#8550,.F.);
#8550 = EDGE_CURVE('',#2652,#5463,#8551,.T.);
#8551 = SURFACE_CURVE('',#8552,(#8556,#8563),.PCURVE_S1.);
#8552 = LINE('',#8553,#8554);
#8553 = CARTESIAN_POINT('',(34.755776028,-19.695090322,-150.));
#8554 = VECTOR('',#8555,1.);
#8555 = DIRECTION('',(0.,0.,1.));
#8556 = PCURVE('',#2695,#8557);
#8557 = DEFINITIONAL_REPRESENTATION('',(#8558),#8562);
#8558 = LINE('',#8559,#8560);
#8559 = CARTESIAN_POINT('',(9.813534850358E-02,0.));
#8560 = VECTOR('',#8561,1.);
#8561 = DIRECTION('',(0.,-1.));
#8562 = ( GEOMETRIC_REPRESENTATION_CONTEXT(2) 
PARAMETRIC_REPRESENTATION_CONTEXT() REPRESENTATION_CONTEXT('2D SPACE',''
  ) );
#8563 = PCURVE('',#2667,#8564);
#8564 = DEFINITIONAL_REPRESENTATION('',(#8565),#8569);
#8565 = LINE('',#8566,#8567);
#8566 = CARTESIAN_POINT('',(0.,0.));
#8567 = VECTOR('',#8568,1.);
#8568 = DIRECTION('',(0.,-1.));
#8569 = ( GEOMETRIC_REPRESENTATION_CONTEXT(2) 
PARAMETRIC_REPRESENTATION_CONTEXT() REPRESENTATION_CONTEXT('2D SPACE',''
  ) );
#8570 = ORIENTED_EDGE('',*,*,#2679,.F.);
#8571 = ADVANCED_FACE('',(#8572),#2667,.T.);
#8572 = FACE_BOUND('',#8573,.T.);
#8573 = EDGE_LOOP('',(#8574,#8575,#8576,#8597));
#8574 = ORIENTED_EDGE('',*,*,#8550,.T.);
#8575 = ORIENTED_EDGE('',*,*,#5462,.T.);
#8576 = ORIENTED_EDGE('',*,*,#8577,.F.);
#8577 = EDGE_CURVE('',#2624,#5440,#8578,.T.);
#8578 = SURFACE_CURVE('',#8579,(#8583,#8590),.PCURVE_S1.);
#8579 = LINE('',#8580,#8581);
#8580 = CARTESIAN_POINT('',(34.770175474,-19.59801714,-150.));
#8581 = VECTOR('',#8582,1.);
#8582 = DIRECTION('',(0.,0.,1.));
#8583 = PCURVE('',#2667,#8584);
#8584 = DEFINITIONAL_REPRESENTATION('',(#8585),#8589);
#8585 = LINE('',#8586,#8587);
#8586 = CARTESIAN_POINT('',(9.813534892541E-02,0.));
#8587 = VECTOR('',#8588,1.);
#8588 = DIRECTION('',(0.,-1.));
#8589 = ( GEOMETRIC_REPRESENTATION_CONTEXT(2) 
PARAMETRIC_REPRESENTATION_CONTEXT() REPRESENTATION_CONTEXT('2D SPACE',''
  ) );
#8590 = PCURVE('',#2639,#8591);
#8591 = DEFINITIONAL_REPRESENTATION('',(#8592),#8596);
#8592 = LINE('',#8593,#8594);
#8593 = CARTESIAN_POINT('',(0.,0.));
#8594 = VECTOR('',#8595,1.);
#8595 = DIRECTION('',(0.,-1.));
#8596 = ( GEOMETRIC_REPRESENTATION_CONTEXT(2) 
PARAMETRIC_REPRESENTATION_CONTEXT() REPRESENTATION_CONTEXT('2D SPACE',''
  ) );
#8597 = ORIENTED_EDGE('',*,*,#2651,.F.);
#8598 = ADVANCED_FACE('',(#8599),#2639,.T.);
#8599 = FACE_BOUND('',#8600,.T.);
#8600 = EDGE_LOOP('',(#8601,#8602,#8603,#8624));
#8601 = ORIENTED_EDGE('',*,*,#8577,.T.);
#8602 = ORIENTED_EDGE('',*,*,#5439,.T.);
#8603 = ORIENTED_EDGE('',*,*,#8604,.F.);
#8604 = EDGE_CURVE('',#2596,#5417,#8605,.T.);
#8605 = SURFACE_CURVE('',#8606,(#8610,#8617),.PCURVE_S1.);
#8606 = LINE('',#8607,#8608);
#8607 = CARTESIAN_POINT('',(34.774990748,-19.5,-150.));
#8608 = VECTOR('',#8609,1.);
#8609 = DIRECTION('',(0.,0.,1.));
#8610 = PCURVE('',#2639,#8611);
#8611 = DEFINITIONAL_REPRESENTATION('',(#8612),#8616);
#8612 = LINE('',#8613,#8614);
#8613 = CARTESIAN_POINT('',(9.813534835866E-02,0.));
#8614 = VECTOR('',#8615,1.);
#8615 = DIRECTION('',(0.,-1.));
#8616 = ( GEOMETRIC_REPRESENTATION_CONTEXT(2) 
PARAMETRIC_REPRESENTATION_CONTEXT() REPRESENTATION_CONTEXT('2D SPACE',''
  ) );
#8617 = PCURVE('',#2611,#8618);
#8618 = DEFINITIONAL_REPRESENTATION('',(#8619),#8623);
#8619 = LINE('',#8620,#8621);
#8620 = CARTESIAN_POINT('',(0.,0.));
#8621 = VECTOR('',#8622,1.);
#8622 = DIRECTION('',(0.,-1.));
#8623 = ( GEOMETRIC_REPRESENTATION_CONTEXT(2) 
PARAMETRIC_REPRESENTATION_CONTEXT() REPRESENTATION_CONTEXT('2D SPACE',''
  ) );
#8624 = ORIENTED_EDGE('',*,*,#2623,.F.);
#8625 = ADVANCED_FACE('',(#8626),#2611,.T.);
#8626 = FACE_BOUND('',#8627,.T.);
#8627 = EDGE_LOOP('',(#8628,#8629,#8630,#8651));
#8628 = ORIENTED_EDGE('',*,*,#8604,.T.);
#8629 = ORIENTED_EDGE('',*,*,#5416,.T.);
#8630 = ORIENTED_EDGE('',*,*,#8631,.F.);
#8631 = EDGE_CURVE('',#2568,#5394,#8632,.T.);
#8632 = SURFACE_CURVE('',#8633,(#8637,#8644),.PCURVE_S1.);
#8633 = LINE('',#8634,#8635);
#8634 = CARTESIAN_POINT('',(34.774990748,19.5,-150.));
#8635 = VECTOR('',#8636,1.);
#8636 = DIRECTION('',(0.,0.,1.));
#8637 = PCURVE('',#2611,#8638);
#8638 = DEFINITIONAL_REPRESENTATION('',(#8639),#8643);
#8639 = LINE('',#8640,#8641);
#8640 = CARTESIAN_POINT('',(39.,0.));
#8641 = VECTOR('',#8642,1.);
#8642 = DIRECTION('',(0.,-1.));
#8643 = ( GEOMETRIC_REPRESENTATION_CONTEXT(2) 
PARAMETRIC_REPRESENTATION_CONTEXT() REPRESENTATION_CONTEXT('2D SPACE',''
  ) );
#8644 = PCURVE('',#2583,#8645);
#8645 = DEFINITIONAL_REPRESENTATION('',(#8646),#8650);
#8646 = LINE('',#8647,#8648);
#8647 = CARTESIAN_POINT('',(0.,0.));
#8648 = VECTOR('',#8649,1.);
#8649 = DIRECTION('',(0.,-1.));
#8650 = ( GEOMETRIC_REPRESENTATION_CONTEXT(2) 
PARAMETRIC_REPRESENTATION_CONTEXT() REPRESENTATION_CONTEXT('2D SPACE',''
  ) );
#8651 = ORIENTED_EDGE('',*,*,#2595,.F.);
#8652 = ADVANCED_FACE('',(#8653),#2583,.T.);
#8653 = FACE_BOUND('',#8654,.T.);
#8654 = EDGE_LOOP('',(#8655,#8656,#8657,#8678));
#8655 = ORIENTED_EDGE('',*,*,#8631,.T.);
#8656 = ORIENTED_EDGE('',*,*,#5393,.T.);
#8657 = ORIENTED_EDGE('',*,*,#8658,.F.);
#8658 = EDGE_CURVE('',#2540,#5371,#8659,.T.);
#8659 = SURFACE_CURVE('',#8660,(#8664,#8671),.PCURVE_S1.);
#8660 = LINE('',#8661,#8662);
#8661 = CARTESIAN_POINT('',(34.770175474,19.59801714,-150.));
#8662 = VECTOR('',#8663,1.);
#8663 = DIRECTION('',(0.,0.,1.));
#8664 = PCURVE('',#2583,#8665);
#8665 = DEFINITIONAL_REPRESENTATION('',(#8666),#8670);
#8666 = LINE('',#8667,#8668);
#8667 = CARTESIAN_POINT('',(9.813534835866E-02,0.));
#8668 = VECTOR('',#8669,1.);
#8669 = DIRECTION('',(0.,-1.));
#8670 = ( GEOMETRIC_REPRESENTATION_CONTEXT(2) 
PARAMETRIC_REPRESENTATION_CONTEXT() REPRESENTATION_CONTEXT('2D SPACE',''
  ) );
#8671 = PCURVE('',#2555,#8672);
#8672 = DEFINITIONAL_REPRESENTATION('',(#8673),#8677);
#8673 = LINE('',#8674,#8675);
#8674 = CARTESIAN_POINT('',(0.,0.));
#8675 = VECTOR('',#8676,1.);
#8676 = DIRECTION('',(0.,-1.));
#8677 = ( GEOMETRIC_REPRESENTATION_CONTEXT(2) 
PARAMETRIC_REPRESENTATION_CONTEXT() REPRESENTATION_CONTEXT('2D SPACE',''
  ) );
#8678 = ORIENTED_EDGE('',*,*,#2567,.F.);
#8679 = ADVANCED_FACE('',(#8680),#2555,.T.);
#8680 = FACE_BOUND('',#8681,.T.);
#8681 = EDGE_LOOP('',(#8682,#8683,#8684,#8705));
#8682 = ORIENTED_EDGE('',*,*,#8658,.T.);
#8683 = ORIENTED_EDGE('',*,*,#5370,.T.);
#8684 = ORIENTED_EDGE('',*,*,#8685,.F.);
#8685 = EDGE_CURVE('',#2512,#5348,#8686,.T.);
#8686 = SURFACE_CURVE('',#8687,(#8691,#8698),.PCURVE_S1.);
#8687 = LINE('',#8688,#8689);
#8688 = CARTESIAN_POINT('',(34.755776028,19.695090322,-150.));
#8689 = VECTOR('',#8690,1.);
#8690 = DIRECTION('',(0.,0.,1.));
#8691 = PCURVE('',#2555,#8692);
#8692 = DEFINITIONAL_REPRESENTATION('',(#8693),#8697);
#8693 = LINE('',#8694,#8695);
#8694 = CARTESIAN_POINT('',(9.813534892541E-02,0.));
#8695 = VECTOR('',#8696,1.);
#8696 = DIRECTION('',(0.,-1.));
#8697 = ( GEOMETRIC_REPRESENTATION_CONTEXT(2) 
PARAMETRIC_REPRESENTATION_CONTEXT() REPRESENTATION_CONTEXT('2D SPACE',''
  ) );
#8698 = PCURVE('',#2527,#8699);
#8699 = DEFINITIONAL_REPRESENTATION('',(#8700),#8704);
#8700 = LINE('',#8701,#8702);
#8701 = CARTESIAN_POINT('',(0.,0.));
#8702 = VECTOR('',#8703,1.);
#8703 = DIRECTION('',(0.,-1.));
#8704 = ( GEOMETRIC_REPRESENTATION_CONTEXT(2) 
PARAMETRIC_REPRESENTATION_CONTEXT() REPRESENTATION_CONTEXT('2D SPACE',''
  ) );
#8705 = ORIENTED_EDGE('',*,*,#2539,.F.);
#8706 = ADVANCED_FACE('',(#8707),#2527,.T.);
#8707 = FACE_BOUND('',#8708,.T.);
#8708 = EDGE_LOOP('',(#8709,#8710,#8711,#8732));
#8709 = ORIENTED_EDGE('',*,*,#8685,.T.);
#8710 = ORIENTED_EDGE('',*,*,#5347,.T.);
#8711 = ORIENTED_EDGE('',*,*,#8712,.F.);
#8712 = EDGE_CURVE('',#2484,#5325,#8713,.T.);
#8713 = SURFACE_CURVE('',#8714,(#8718,#8725),.PCURVE_S1.);
#8714 = LINE('',#8715,#8716);
#8715 = CARTESIAN_POINT('',(34.731931083,19.790284677,-150.));
#8716 = VECTOR('',#8717,1.);
#8717 = DIRECTION('',(0.,0.,1.));
#8718 = PCURVE('',#2527,#8719);
#8719 = DEFINITIONAL_REPRESENTATION('',(#8720),#8724);
#8720 = LINE('',#8721,#8722);
#8721 = CARTESIAN_POINT('',(9.813534850358E-02,0.));
#8722 = VECTOR('',#8723,1.);
#8723 = DIRECTION('',(0.,-1.));
#8724 = ( GEOMETRIC_REPRESENTATION_CONTEXT(2) 
PARAMETRIC_REPRESENTATION_CONTEXT() REPRESENTATION_CONTEXT('2D SPACE',''
  ) );
#8725 = PCURVE('',#2499,#8726);
#8726 = DEFINITIONAL_REPRESENTATION('',(#8727),#8731);
#8727 = LINE('',#8728,#8729);
#8728 = CARTESIAN_POINT('',(0.,0.));
#8729 = VECTOR('',#8730,1.);
#8730 = DIRECTION('',(0.,-1.));
#8731 = ( GEOMETRIC_REPRESENTATION_CONTEXT(2) 
PARAMETRIC_REPRESENTATION_CONTEXT() REPRESENTATION_CONTEXT('2D SPACE',''
  ) );
#8732 = ORIENTED_EDGE('',*,*,#2511,.F.);
#8733 = ADVANCED_FACE('',(#8734),#2499,.T.);
#8734 = FACE_BOUND('',#8735,.T.);
#8735 = EDGE_LOOP('',(#8736,#8737,#8738,#8759));
#8736 = ORIENTED_EDGE('',*,*,#8712,.T.);
#8737 = ORIENTED_EDGE('',*,*,#5324,.T.);
#8738 = ORIENTED_EDGE('',*,*,#8739,.F.);
#8739 = EDGE_CURVE('',#2456,#5302,#8740,.T.);
#8740 = SURFACE_CURVE('',#8741,(#8745,#8752),.PCURVE_S1.);
#8741 = LINE('',#8742,#8743);
#8742 = CARTESIAN_POINT('',(34.69887028,19.882683432,-150.));
#8743 = VECTOR('',#8744,1.);
#8744 = DIRECTION('',(0.,0.,1.));
#8745 = PCURVE('',#2499,#8746);
#8746 = DEFINITIONAL_REPRESENTATION('',(#8747),#8751);
#8747 = LINE('',#8748,#8749);
#8748 = CARTESIAN_POINT('',(9.813534847625E-02,0.));
#8749 = VECTOR('',#8750,1.);
#8750 = DIRECTION('',(0.,-1.));
#8751 = ( GEOMETRIC_REPRESENTATION_CONTEXT(2) 
PARAMETRIC_REPRESENTATION_CONTEXT() REPRESENTATION_CONTEXT('2D SPACE',''
  ) );
#8752 = PCURVE('',#2471,#8753);
#8753 = DEFINITIONAL_REPRESENTATION('',(#8754),#8758);
#8754 = LINE('',#8755,#8756);
#8755 = CARTESIAN_POINT('',(0.,0.));
#8756 = VECTOR('',#8757,1.);
#8757 = DIRECTION('',(0.,-1.));
#8758 = ( GEOMETRIC_REPRESENTATION_CONTEXT(2) 
PARAMETRIC_REPRESENTATION_CONTEXT() REPRESENTATION_CONTEXT('2D SPACE',''
  ) );
#8759 = ORIENTED_EDGE('',*,*,#2483,.F.);
#8760 = ADVANCED_FACE('',(#8761),#2471,.T.);
#8761 = FACE_BOUND('',#8762,.T.);
#8762 = EDGE_LOOP('',(#8763,#8764,#8765,#8786));
#8763 = ORIENTED_EDGE('',*,*,#8739,.T.);
#8764 = ORIENTED_EDGE('',*,*,#5301,.T.);
#8765 = ORIENTED_EDGE('',*,*,#8766,.F.);
#8766 = EDGE_CURVE('',#2428,#5279,#8767,.T.);
#8767 = SURFACE_CURVE('',#8768,(#8772,#8779),.PCURVE_S1.);
#8768 = LINE('',#8769,#8770);
#8769 = CARTESIAN_POINT('',(34.656912012,19.971396737,-150.));
#8770 = VECTOR('',#8771,1.);
#8771 = DIRECTION('',(0.,0.,1.));
#8772 = PCURVE('',#2471,#8773);
#8773 = DEFINITIONAL_REPRESENTATION('',(#8774),#8778);
#8774 = LINE('',#8775,#8776);
#8775 = CARTESIAN_POINT('',(9.813534907251E-02,0.));
#8776 = VECTOR('',#8777,1.);
#8777 = DIRECTION('',(0.,-1.));
#8778 = ( GEOMETRIC_REPRESENTATION_CONTEXT(2) 
PARAMETRIC_REPRESENTATION_CONTEXT() REPRESENTATION_CONTEXT('2D SPACE',''
  ) );
#8779 = PCURVE('',#2443,#8780);
#8780 = DEFINITIONAL_REPRESENTATION('',(#8781),#8785);
#8781 = LINE('',#8782,#8783);
#8782 = CARTESIAN_POINT('',(0.,0.));
#8783 = VECTOR('',#8784,1.);
#8784 = DIRECTION('',(0.,-1.));
#8785 = ( GEOMETRIC_REPRESENTATION_CONTEXT(2) 
PARAMETRIC_REPRESENTATION_CONTEXT() REPRESENTATION_CONTEXT('2D SPACE',''
  ) );
#8786 = ORIENTED_EDGE('',*,*,#2455,.F.);
#8787 = ADVANCED_FACE('',(#8788),#2443,.T.);
#8788 = FACE_BOUND('',#8789,.T.);
#8789 = EDGE_LOOP('',(#8790,#8791,#8792,#8813));
#8790 = ORIENTED_EDGE('',*,*,#8766,.T.);
#8791 = ORIENTED_EDGE('',*,*,#5278,.T.);
#8792 = ORIENTED_EDGE('',*,*,#8793,.F.);
#8793 = EDGE_CURVE('',#2400,#5256,#8794,.T.);
#8794 = SURFACE_CURVE('',#8795,(#8799,#8806),.PCURVE_S1.);
#8795 = LINE('',#8796,#8797);
#8796 = CARTESIAN_POINT('',(34.60646036,20.055570233,-150.));
#8797 = VECTOR('',#8798,1.);
#8798 = DIRECTION('',(0.,0.,1.));
#8799 = PCURVE('',#2443,#8800);
#8800 = DEFINITIONAL_REPRESENTATION('',(#8801),#8805);
#8801 = LINE('',#8802,#8803);
#8802 = CARTESIAN_POINT('',(9.813534846523E-02,0.));
#8803 = VECTOR('',#8804,1.);
#8804 = DIRECTION('',(0.,-1.));
#8805 = ( GEOMETRIC_REPRESENTATION_CONTEXT(2) 
PARAMETRIC_REPRESENTATION_CONTEXT() REPRESENTATION_CONTEXT('2D SPACE',''
  ) );
#8806 = PCURVE('',#2415,#8807);
#8807 = DEFINITIONAL_REPRESENTATION('',(#8808),#8812);
#8808 = LINE('',#8809,#8810);
#8809 = CARTESIAN_POINT('',(0.,0.));
#8810 = VECTOR('',#8811,1.);
#8811 = DIRECTION('',(0.,-1.));
#8812 = ( GEOMETRIC_REPRESENTATION_CONTEXT(2) 
PARAMETRIC_REPRESENTATION_CONTEXT() REPRESENTATION_CONTEXT('2D SPACE',''
  ) );
#8813 = ORIENTED_EDGE('',*,*,#2427,.F.);
#8814 = ADVANCED_FACE('',(#8815),#2415,.T.);
#8815 = FACE_BOUND('',#8816,.T.);
#8816 = EDGE_LOOP('',(#8817,#8818,#8819,#8840));
#8817 = ORIENTED_EDGE('',*,*,#8793,.T.);
#8818 = ORIENTED_EDGE('',*,*,#5255,.T.);
#8819 = ORIENTED_EDGE('',*,*,#8820,.F.);
#8820 = EDGE_CURVE('',#2372,#5233,#8821,.T.);
#8821 = SURFACE_CURVE('',#8822,(#8826,#8833),.PCURVE_S1.);
#8822 = LINE('',#8823,#8824);
#8823 = CARTESIAN_POINT('',(34.548001201,20.134393284,-150.));
#8824 = VECTOR('',#8825,1.);
#8825 = DIRECTION('',(0.,0.,1.));
#8826 = PCURVE('',#2415,#8827);
#8827 = DEFINITIONAL_REPRESENTATION('',(#8828),#8832);
#8828 = LINE('',#8829,#8830);
#8829 = CARTESIAN_POINT('',(9.8135348575E-02,0.));
#8830 = VECTOR('',#8831,1.);
#8831 = DIRECTION('',(0.,-1.));
#8832 = ( GEOMETRIC_REPRESENTATION_CONTEXT(2) 
PARAMETRIC_REPRESENTATION_CONTEXT() REPRESENTATION_CONTEXT('2D SPACE',''
  ) );
#8833 = PCURVE('',#2387,#8834);
#8834 = DEFINITIONAL_REPRESENTATION('',(#8835),#8839);
#8835 = LINE('',#8836,#8837);
#8836 = CARTESIAN_POINT('',(0.,0.));
#8837 = VECTOR('',#8838,1.);
#8838 = DIRECTION('',(0.,-1.));
#8839 = ( GEOMETRIC_REPRESENTATION_CONTEXT(2) 
PARAMETRIC_REPRESENTATION_CONTEXT() REPRESENTATION_CONTEXT('2D SPACE',''
  ) );
#8840 = ORIENTED_EDGE('',*,*,#2399,.F.);
#8841 = ADVANCED_FACE('',(#8842),#2387,.T.);
#8842 = FACE_BOUND('',#8843,.T.);
#8843 = EDGE_LOOP('',(#8844,#8845,#8846,#8867));
#8844 = ORIENTED_EDGE('',*,*,#8820,.T.);
#8845 = ORIENTED_EDGE('',*,*,#5232,.T.);
#8846 = ORIENTED_EDGE('',*,*,#8847,.F.);
#8847 = EDGE_CURVE('',#2344,#5210,#8848,.T.);
#8848 = SURFACE_CURVE('',#8849,(#8853,#8860),.PCURVE_S1.);
#8849 = LINE('',#8850,#8851);
#8850 = CARTESIAN_POINT('',(34.482097529,20.207106781,-150.));
#8851 = VECTOR('',#8852,1.);
#8852 = DIRECTION('',(0.,0.,1.));
#8853 = PCURVE('',#2387,#8854);
#8854 = DEFINITIONAL_REPRESENTATION('',(#8855),#8859);
#8855 = LINE('',#8856,#8857);
#8856 = CARTESIAN_POINT('',(9.813534851954E-02,0.));
#8857 = VECTOR('',#8858,1.);
#8858 = DIRECTION('',(0.,-1.));
#8859 = ( GEOMETRIC_REPRESENTATION_CONTEXT(2) 
PARAMETRIC_REPRESENTATION_CONTEXT() REPRESENTATION_CONTEXT('2D SPACE',''
  ) );
#8860 = PCURVE('',#2359,#8861);
#8861 = DEFINITIONAL_REPRESENTATION('',(#8862),#8866);
#8862 = LINE('',#8863,#8864);
#8863 = CARTESIAN_POINT('',(0.,0.));
#8864 = VECTOR('',#8865,1.);
#8865 = DIRECTION('',(0.,-1.));
#8866 = ( GEOMETRIC_REPRESENTATION_CONTEXT(2) 
PARAMETRIC_REPRESENTATION_CONTEXT() REPRESENTATION_CONTEXT('2D SPACE',''
  ) );
#8867 = ORIENTED_EDGE('',*,*,#2371,.F.);
#8868 = ADVANCED_FACE('',(#8869),#2359,.T.);
#8869 = FACE_BOUND('',#8870,.T.);
#8870 = EDGE_LOOP('',(#8871,#8872,#8873,#8894));
#8871 = ORIENTED_EDGE('',*,*,#8847,.T.);
#8872 = ORIENTED_EDGE('',*,*,#5209,.T.);
#8873 = ORIENTED_EDGE('',*,*,#8874,.F.);
#8874 = EDGE_CURVE('',#2316,#5187,#8875,.T.);
#8875 = SURFACE_CURVE('',#8876,(#8880,#8887),.PCURVE_S1.);
#8876 = LINE('',#8877,#8878);
#8877 = CARTESIAN_POINT('',(34.409384032,20.273010453,-150.));
#8878 = VECTOR('',#8879,1.);
#8879 = DIRECTION('',(0.,0.,1.));
#8880 = PCURVE('',#2359,#8881);
#8881 = DEFINITIONAL_REPRESENTATION('',(#8882),#8886);
#8882 = LINE('',#8883,#8884);
#8883 = CARTESIAN_POINT('',(9.813534851955E-02,0.));
#8884 = VECTOR('',#8885,1.);
#8885 = DIRECTION('',(0.,-1.));
#8886 = ( GEOMETRIC_REPRESENTATION_CONTEXT(2) 
PARAMETRIC_REPRESENTATION_CONTEXT() REPRESENTATION_CONTEXT('2D SPACE',''
  ) );
#8887 = PCURVE('',#2331,#8888);
#8888 = DEFINITIONAL_REPRESENTATION('',(#8889),#8893);
#8889 = LINE('',#8890,#8891);
#8890 = CARTESIAN_POINT('',(0.,0.));
#8891 = VECTOR('',#8892,1.);
#8892 = DIRECTION('',(0.,-1.));
#8893 = ( GEOMETRIC_REPRESENTATION_CONTEXT(2) 
PARAMETRIC_REPRESENTATION_CONTEXT() REPRESENTATION_CONTEXT('2D SPACE',''
  ) );
#8894 = ORIENTED_EDGE('',*,*,#2343,.F.);
#8895 = ADVANCED_FACE('',(#8896),#2331,.T.);
#8896 = FACE_BOUND('',#8897,.T.);
#8897 = EDGE_LOOP('',(#8898,#8899,#8900,#8921));
#8898 = ORIENTED_EDGE('',*,*,#8874,.T.);
#8899 = ORIENTED_EDGE('',*,*,#5186,.T.);
#8900 = ORIENTED_EDGE('',*,*,#8901,.F.);
#8901 = EDGE_CURVE('',#2288,#5164,#8902,.T.);
#8902 = SURFACE_CURVE('',#8903,(#8907,#8914),.PCURVE_S1.);
#8903 = LINE('',#8904,#8905);
#8904 = CARTESIAN_POINT('',(34.330560981,20.331469612,-150.));
#8905 = VECTOR('',#8906,1.);
#8906 = DIRECTION('',(0.,0.,1.));
#8907 = PCURVE('',#2331,#8908);
#8908 = DEFINITIONAL_REPRESENTATION('',(#8909),#8913);
#8909 = LINE('',#8910,#8911);
#8910 = CARTESIAN_POINT('',(9.813534857499E-02,0.));
#8911 = VECTOR('',#8912,1.);
#8912 = DIRECTION('',(0.,-1.));
#8913 = ( GEOMETRIC_REPRESENTATION_CONTEXT(2) 
PARAMETRIC_REPRESENTATION_CONTEXT() REPRESENTATION_CONTEXT('2D SPACE',''
  ) );
#8914 = PCURVE('',#2303,#8915);
#8915 = DEFINITIONAL_REPRESENTATION('',(#8916),#8920);
#8916 = LINE('',#8917,#8918);
#8917 = CARTESIAN_POINT('',(0.,0.));
#8918 = VECTOR('',#8919,1.);
#8919 = DIRECTION('',(0.,-1.));
#8920 = ( GEOMETRIC_REPRESENTATION_CONTEXT(2) 
PARAMETRIC_REPRESENTATION_CONTEXT() REPRESENTATION_CONTEXT('2D SPACE',''
  ) );
#8921 = ORIENTED_EDGE('',*,*,#2315,.F.);
#8922 = ADVANCED_FACE('',(#8923),#2303,.T.);
#8923 = FACE_BOUND('',#8924,.T.);
#8924 = EDGE_LOOP('',(#8925,#8926,#8927,#8948));
#8925 = ORIENTED_EDGE('',*,*,#8901,.T.);
#8926 = ORIENTED_EDGE('',*,*,#5163,.T.);
#8927 = ORIENTED_EDGE('',*,*,#8928,.F.);
#8928 = EDGE_CURVE('',#2260,#5141,#8929,.T.);
#8929 = SURFACE_CURVE('',#8930,(#8934,#8941),.PCURVE_S1.);
#8930 = LINE('',#8931,#8932);
#8931 = CARTESIAN_POINT('',(6.,40.,-150.));
#8932 = VECTOR('',#8933,1.);
#8933 = DIRECTION('',(0.,0.,1.));
#8934 = PCURVE('',#2303,#8935);
#8935 = DEFINITIONAL_REPRESENTATION('',(#8936),#8940);
#8936 = LINE('',#8937,#8938);
#8937 = CARTESIAN_POINT('',(34.488719505395,0.));
#8938 = VECTOR('',#8939,1.);
#8939 = DIRECTION('',(0.,-1.));
#8940 = ( GEOMETRIC_REPRESENTATION_CONTEXT(2) 
PARAMETRIC_REPRESENTATION_CONTEXT() REPRESENTATION_CONTEXT('2D SPACE',''
  ) );
#8941 = PCURVE('',#2275,#8942);
#8942 = DEFINITIONAL_REPRESENTATION('',(#8943),#8947);
#8943 = LINE('',#8944,#8945);
#8944 = CARTESIAN_POINT('',(0.,-0.));
#8945 = VECTOR('',#8946,1.);
#8946 = DIRECTION('',(0.,-1.));
#8947 = ( GEOMETRIC_REPRESENTATION_CONTEXT(2) 
PARAMETRIC_REPRESENTATION_CONTEXT() REPRESENTATION_CONTEXT('2D SPACE',''
  ) );
#8948 = ORIENTED_EDGE('',*,*,#2287,.F.);
#8949 = ADVANCED_FACE('',(#8950),#2275,.T.);
#8950 = FACE_BOUND('',#8951,.T.);
#8951 = EDGE_LOOP('',(#8952,#8953,#8954,#8975));
#8952 = ORIENTED_EDGE('',*,*,#8928,.T.);
#8953 = ORIENTED_EDGE('',*,*,#5140,.T.);
#8954 = ORIENTED_EDGE('',*,*,#8955,.F.);
#8955 = EDGE_CURVE('',#2232,#5118,#8956,.T.);
#8956 = SURFACE_CURVE('',#8957,(#8961,#8968),.PCURVE_S1.);
#8957 = LINE('',#8958,#8959);
#8958 = CARTESIAN_POINT('',(-6.,40.,-150.));
#8959 = VECTOR('',#8960,1.);
#8960 = DIRECTION('',(0.,0.,1.));
#8961 = PCURVE('',#2275,#8962);
#8962 = DEFINITIONAL_REPRESENTATION('',(#8963),#8967);
#8963 = LINE('',#8964,#8965);
#8964 = CARTESIAN_POINT('',(12.,0.));
#8965 = VECTOR('',#8966,1.);
#8966 = DIRECTION('',(0.,-1.));
#8967 = ( GEOMETRIC_REPRESENTATION_CONTEXT(2) 
PARAMETRIC_REPRESENTATION_CONTEXT() REPRESENTATION_CONTEXT('2D SPACE',''
  ) );
#8968 = PCURVE('',#2247,#8969);
#8969 = DEFINITIONAL_REPRESENTATION('',(#8970),#8974);
#8970 = LINE('',#8971,#8972);
#8971 = CARTESIAN_POINT('',(0.,0.));
#8972 = VECTOR('',#8973,1.);
#8973 = DIRECTION('',(0.,-1.));
#8974 = ( GEOMETRIC_REPRESENTATION_CONTEXT(2) 
PARAMETRIC_REPRESENTATION_CONTEXT() REPRESENTATION_CONTEXT('2D SPACE',''
  ) );
#8975 = ORIENTED_EDGE('',*,*,#2259,.F.);
#8976 = ADVANCED_FACE('',(#8977),#2247,.T.);
#8977 = FACE_BOUND('',#8978,.T.);
#8978 = EDGE_LOOP('',(#8979,#8980,#8981,#9002));
#8979 = ORIENTED_EDGE('',*,*,#8955,.T.);
#8980 = ORIENTED_EDGE('',*,*,#5117,.T.);
#8981 = ORIENTED_EDGE('',*,*,#8982,.F.);
#8982 = EDGE_CURVE('',#2204,#5095,#8983,.T.);
#8983 = SURFACE_CURVE('',#8984,(#8988,#8995),.PCURVE_S1.);
#8984 = LINE('',#8985,#8986);
#8985 = CARTESIAN_POINT('',(-34.330560981,20.331469612,-150.));
#8986 = VECTOR('',#8987,1.);
#8987 = DIRECTION('',(0.,0.,1.));
#8988 = PCURVE('',#2247,#8989);
#8989 = DEFINITIONAL_REPRESENTATION('',(#8990),#8994);
#8990 = LINE('',#8991,#8992);
#8991 = CARTESIAN_POINT('',(34.488719505395,0.));
#8992 = VECTOR('',#8993,1.);
#8993 = DIRECTION('',(0.,-1.));
#8994 = ( GEOMETRIC_REPRESENTATION_CONTEXT(2) 
PARAMETRIC_REPRESENTATION_CONTEXT() REPRESENTATION_CONTEXT('2D SPACE',''
  ) );
#8995 = PCURVE('',#2219,#8996);
#8996 = DEFINITIONAL_REPRESENTATION('',(#8997),#9001);
#8997 = LINE('',#8998,#8999);
#8998 = CARTESIAN_POINT('',(0.,0.));
#8999 = VECTOR('',#9000,1.);
#9000 = DIRECTION('',(0.,-1.));
#9001 = ( GEOMETRIC_REPRESENTATION_CONTEXT(2) 
PARAMETRIC_REPRESENTATION_CONTEXT() REPRESENTATION_CONTEXT('2D SPACE',''
  ) );
#9002 = ORIENTED_EDGE('',*,*,#2231,.F.);
#9003 = ADVANCED_FACE('',(#9004),#2219,.T.);
#9004 = FACE_BOUND('',#9005,.T.);
#9005 = EDGE_LOOP('',(#9006,#9007,#9008,#9029));
#9006 = ORIENTED_EDGE('',*,*,#8982,.T.);
#9007 = ORIENTED_EDGE('',*,*,#5094,.T.);
#9008 = ORIENTED_EDGE('',*,*,#9009,.F.);
#9009 = EDGE_CURVE('',#2176,#5072,#9010,.T.);
#9010 = SURFACE_CURVE('',#9011,(#9015,#9022),.PCURVE_S1.);
#9011 = LINE('',#9012,#9013);
#9012 = CARTESIAN_POINT('',(-34.409384032,20.273010453,-150.));
#9013 = VECTOR('',#9014,1.);
#9014 = DIRECTION('',(0.,0.,1.));
#9015 = PCURVE('',#2219,#9016);
#9016 = DEFINITIONAL_REPRESENTATION('',(#9017),#9021);
#9017 = LINE('',#9018,#9019);
#9018 = CARTESIAN_POINT('',(9.813534857499E-02,0.));
#9019 = VECTOR('',#9020,1.);
#9020 = DIRECTION('',(0.,-1.));
#9021 = ( GEOMETRIC_REPRESENTATION_CONTEXT(2) 
PARAMETRIC_REPRESENTATION_CONTEXT() REPRESENTATION_CONTEXT('2D SPACE',''
  ) );
#9022 = PCURVE('',#2191,#9023);
#9023 = DEFINITIONAL_REPRESENTATION('',(#9024),#9028);
#9024 = LINE('',#9025,#9026);
#9025 = CARTESIAN_POINT('',(0.,0.));
#9026 = VECTOR('',#9027,1.);
#9027 = DIRECTION('',(0.,-1.));
#9028 = ( GEOMETRIC_REPRESENTATION_CONTEXT(2) 
PARAMETRIC_REPRESENTATION_CONTEXT() REPRESENTATION_CONTEXT('2D SPACE',''
  ) );
#9029 = ORIENTED_EDGE('',*,*,#2203,.F.);
#9030 = ADVANCED_FACE('',(#9031),#2191,.T.);
#9031 = FACE_BOUND('',#9032,.T.);
#9032 = EDGE_LOOP('',(#9033,#9034,#9035,#9056));
#9033 = ORIENTED_EDGE('',*,*,#9009,.T.);
#9034 = ORIENTED_EDGE('',*,*,#5071,.T.);
#9035 = ORIENTED_EDGE('',*,*,#9036,.F.);
#9036 = EDGE_CURVE('',#2148,#5049,#9037,.T.);
#9037 = SURFACE_CURVE('',#9038,(#9042,#9049),.PCURVE_S1.);
#9038 = LINE('',#9039,#9040);
#9039 = CARTESIAN_POINT('',(-34.482097529,20.207106781,-150.));
#9040 = VECTOR('',#9041,1.);
#9041 = DIRECTION('',(0.,0.,1.));
#9042 = PCURVE('',#2191,#9043);
#9043 = DEFINITIONAL_REPRESENTATION('',(#9044),#9048);
#9044 = LINE('',#9045,#9046);
#9045 = CARTESIAN_POINT('',(9.813534851955E-02,0.));
#9046 = VECTOR('',#9047,1.);
#9047 = DIRECTION('',(0.,-1.));
#9048 = ( GEOMETRIC_REPRESENTATION_CONTEXT(2) 
PARAMETRIC_REPRESENTATION_CONTEXT() REPRESENTATION_CONTEXT('2D SPACE',''
  ) );
#9049 = PCURVE('',#2163,#9050);
#9050 = DEFINITIONAL_REPRESENTATION('',(#9051),#9055);
#9051 = LINE('',#9052,#9053);
#9052 = CARTESIAN_POINT('',(0.,0.));
#9053 = VECTOR('',#9054,1.);
#9054 = DIRECTION('',(0.,-1.));
#9055 = ( GEOMETRIC_REPRESENTATION_CONTEXT(2) 
PARAMETRIC_REPRESENTATION_CONTEXT() REPRESENTATION_CONTEXT('2D SPACE',''
  ) );
#9056 = ORIENTED_EDGE('',*,*,#2175,.F.);
#9057 = ADVANCED_FACE('',(#9058),#2163,.T.);
#9058 = FACE_BOUND('',#9059,.T.);
#9059 = EDGE_LOOP('',(#9060,#9061,#9062,#9083));
#9060 = ORIENTED_EDGE('',*,*,#9036,.T.);
#9061 = ORIENTED_EDGE('',*,*,#5048,.T.);
#9062 = ORIENTED_EDGE('',*,*,#9063,.F.);
#9063 = EDGE_CURVE('',#2120,#5026,#9064,.T.);
#9064 = SURFACE_CURVE('',#9065,(#9069,#9076),.PCURVE_S1.);
#9065 = LINE('',#9066,#9067);
#9066 = CARTESIAN_POINT('',(-34.548001201,20.134393284,-150.));
#9067 = VECTOR('',#9068,1.);
#9068 = DIRECTION('',(0.,0.,1.));
#9069 = PCURVE('',#2163,#9070);
#9070 = DEFINITIONAL_REPRESENTATION('',(#9071),#9075);
#9071 = LINE('',#9072,#9073);
#9072 = CARTESIAN_POINT('',(9.813534851954E-02,0.));
#9073 = VECTOR('',#9074,1.);
#9074 = DIRECTION('',(0.,-1.));
#9075 = ( GEOMETRIC_REPRESENTATION_CONTEXT(2) 
PARAMETRIC_REPRESENTATION_CONTEXT() REPRESENTATION_CONTEXT('2D SPACE',''
  ) );
#9076 = PCURVE('',#2135,#9077);
#9077 = DEFINITIONAL_REPRESENTATION('',(#9078),#9082);
#9078 = LINE('',#9079,#9080);
#9079 = CARTESIAN_POINT('',(0.,0.));
#9080 = VECTOR('',#9081,1.);
#9081 = DIRECTION('',(0.,-1.));
#9082 = ( GEOMETRIC_REPRESENTATION_CONTEXT(2) 
PARAMETRIC_REPRESENTATION_CONTEXT() REPRESENTATION_CONTEXT('2D SPACE',''
  ) );
#9083 = ORIENTED_EDGE('',*,*,#2147,.F.);
#9084 = ADVANCED_FACE('',(#9085),#2135,.T.);
#9085 = FACE_BOUND('',#9086,.T.);
#9086 = EDGE_LOOP('',(#9087,#9088,#9089,#9110));
#9087 = ORIENTED_EDGE('',*,*,#9063,.T.);
#9088 = ORIENTED_EDGE('',*,*,#5025,.T.);
#9089 = ORIENTED_EDGE('',*,*,#9090,.F.);
#9090 = EDGE_CURVE('',#2092,#5003,#9091,.T.);
#9091 = SURFACE_CURVE('',#9092,(#9096,#9103),.PCURVE_S1.);
#9092 = LINE('',#9093,#9094);
#9093 = CARTESIAN_POINT('',(-34.60646036,20.055570233,-150.));
#9094 = VECTOR('',#9095,1.);
#9095 = DIRECTION('',(0.,0.,1.));
#9096 = PCURVE('',#2135,#9097);
#9097 = DEFINITIONAL_REPRESENTATION('',(#9098),#9102);
#9098 = LINE('',#9099,#9100);
#9099 = CARTESIAN_POINT('',(9.8135348575E-02,0.));
#9100 = VECTOR('',#9101,1.);
#9101 = DIRECTION('',(0.,-1.));
#9102 = ( GEOMETRIC_REPRESENTATION_CONTEXT(2) 
PARAMETRIC_REPRESENTATION_CONTEXT() REPRESENTATION_CONTEXT('2D SPACE',''
  ) );
#9103 = PCURVE('',#2107,#9104);
#9104 = DEFINITIONAL_REPRESENTATION('',(#9105),#9109);
#9105 = LINE('',#9106,#9107);
#9106 = CARTESIAN_POINT('',(0.,0.));
#9107 = VECTOR('',#9108,1.);
#9108 = DIRECTION('',(0.,-1.));
#9109 = ( GEOMETRIC_REPRESENTATION_CONTEXT(2) 
PARAMETRIC_REPRESENTATION_CONTEXT() REPRESENTATION_CONTEXT('2D SPACE',''
  ) );
#9110 = ORIENTED_EDGE('',*,*,#2119,.F.);
#9111 = ADVANCED_FACE('',(#9112),#2107,.T.);
#9112 = FACE_BOUND('',#9113,.T.);
#9113 = EDGE_LOOP('',(#9114,#9115,#9116,#9137));
#9114 = ORIENTED_EDGE('',*,*,#9090,.T.);
#9115 = ORIENTED_EDGE('',*,*,#5002,.T.);
#9116 = ORIENTED_EDGE('',*,*,#9117,.F.);
#9117 = EDGE_CURVE('',#2064,#4980,#9118,.T.);
#9118 = SURFACE_CURVE('',#9119,(#9123,#9130),.PCURVE_S1.);
#9119 = LINE('',#9120,#9121);
#9120 = CARTESIAN_POINT('',(-34.656912012,19.971396737,-150.));
#9121 = VECTOR('',#9122,1.);
#9122 = DIRECTION('',(0.,0.,1.));
#9123 = PCURVE('',#2107,#9124);
#9124 = DEFINITIONAL_REPRESENTATION('',(#9125),#9129);
#9125 = LINE('',#9126,#9127);
#9126 = CARTESIAN_POINT('',(9.813534846523E-02,0.));
#9127 = VECTOR('',#9128,1.);
#9128 = DIRECTION('',(0.,-1.));
#9129 = ( GEOMETRIC_REPRESENTATION_CONTEXT(2) 
PARAMETRIC_REPRESENTATION_CONTEXT() REPRESENTATION_CONTEXT('2D SPACE',''
  ) );
#9130 = PCURVE('',#2079,#9131);
#9131 = DEFINITIONAL_REPRESENTATION('',(#9132),#9136);
#9132 = LINE('',#9133,#9134);
#9133 = CARTESIAN_POINT('',(0.,0.));
#9134 = VECTOR('',#9135,1.);
#9135 = DIRECTION('',(0.,-1.));
#9136 = ( GEOMETRIC_REPRESENTATION_CONTEXT(2) 
PARAMETRIC_REPRESENTATION_CONTEXT() REPRESENTATION_CONTEXT('2D SPACE',''
  ) );
#9137 = ORIENTED_EDGE('',*,*,#2091,.F.);
#9138 = ADVANCED_FACE('',(#9139),#2079,.T.);
#9139 = FACE_BOUND('',#9140,.T.);
#9140 = EDGE_LOOP('',(#9141,#9142,#9143,#9164));
#9141 = ORIENTED_EDGE('',*,*,#9117,.T.);
#9142 = ORIENTED_EDGE('',*,*,#4979,.T.);
#9143 = ORIENTED_EDGE('',*,*,#9144,.F.);
#9144 = EDGE_CURVE('',#2036,#4957,#9145,.T.);
#9145 = SURFACE_CURVE('',#9146,(#9150,#9157),.PCURVE_S1.);
#9146 = LINE('',#9147,#9148);
#9147 = CARTESIAN_POINT('',(-34.69887028,19.882683432,-150.));
#9148 = VECTOR('',#9149,1.);
#9149 = DIRECTION('',(0.,0.,1.));
#9150 = PCURVE('',#2079,#9151);
#9151 = DEFINITIONAL_REPRESENTATION('',(#9152),#9156);
#9152 = LINE('',#9153,#9154);
#9153 = CARTESIAN_POINT('',(9.813534907251E-02,0.));
#9154 = VECTOR('',#9155,1.);
#9155 = DIRECTION('',(0.,-1.));
#9156 = ( GEOMETRIC_REPRESENTATION_CONTEXT(2) 
PARAMETRIC_REPRESENTATION_CONTEXT() REPRESENTATION_CONTEXT('2D SPACE',''
  ) );
#9157 = PCURVE('',#2051,#9158);
#9158 = DEFINITIONAL_REPRESENTATION('',(#9159),#9163);
#9159 = LINE('',#9160,#9161);
#9160 = CARTESIAN_POINT('',(0.,0.));
#9161 = VECTOR('',#9162,1.);
#9162 = DIRECTION('',(0.,-1.));
#9163 = ( GEOMETRIC_REPRESENTATION_CONTEXT(2) 
PARAMETRIC_REPRESENTATION_CONTEXT() REPRESENTATION_CONTEXT('2D SPACE',''
  ) );
#9164 = ORIENTED_EDGE('',*,*,#2063,.F.);
#9165 = ADVANCED_FACE('',(#9166),#2051,.T.);
#9166 = FACE_BOUND('',#9167,.T.);
#9167 = EDGE_LOOP('',(#9168,#9169,#9170,#9191));
#9168 = ORIENTED_EDGE('',*,*,#9144,.T.);
#9169 = ORIENTED_EDGE('',*,*,#4956,.T.);
#9170 = ORIENTED_EDGE('',*,*,#9171,.F.);
#9171 = EDGE_CURVE('',#2008,#4934,#9172,.T.);
#9172 = SURFACE_CURVE('',#9173,(#9177,#9184),.PCURVE_S1.);
#9173 = LINE('',#9174,#9175);
#9174 = CARTESIAN_POINT('',(-34.731931083,19.790284677,-150.));
#9175 = VECTOR('',#9176,1.);
#9176 = DIRECTION('',(0.,0.,1.));
#9177 = PCURVE('',#2051,#9178);
#9178 = DEFINITIONAL_REPRESENTATION('',(#9179),#9183);
#9179 = LINE('',#9180,#9181);
#9180 = CARTESIAN_POINT('',(9.813534847625E-02,0.));
#9181 = VECTOR('',#9182,1.);
#9182 = DIRECTION('',(0.,-1.));
#9183 = ( GEOMETRIC_REPRESENTATION_CONTEXT(2) 
PARAMETRIC_REPRESENTATION_CONTEXT() REPRESENTATION_CONTEXT('2D SPACE',''
  ) );
#9184 = PCURVE('',#2023,#9185);
#9185 = DEFINITIONAL_REPRESENTATION('',(#9186),#9190);
#9186 = LINE('',#9187,#9188);
#9187 = CARTESIAN_POINT('',(0.,0.));
#9188 = VECTOR('',#9189,1.);
#9189 = DIRECTION('',(0.,-1.));
#9190 = ( GEOMETRIC_REPRESENTATION_CONTEXT(2) 
PARAMETRIC_REPRESENTATION_CONTEXT() REPRESENTATION_CONTEXT('2D SPACE',''
  ) );
#9191 = ORIENTED_EDGE('',*,*,#2035,.F.);
#9192 = ADVANCED_FACE('',(#9193),#2023,.T.);
#9193 = FACE_BOUND('',#9194,.T.);
#9194 = EDGE_LOOP('',(#9195,#9196,#9197,#9218));
#9195 = ORIENTED_EDGE('',*,*,#9171,.T.);
#9196 = ORIENTED_EDGE('',*,*,#4933,.T.);
#9197 = ORIENTED_EDGE('',*,*,#9198,.F.);
#9198 = EDGE_CURVE('',#1980,#4911,#9199,.T.);
#9199 = SURFACE_CURVE('',#9200,(#9204,#9211),.PCURVE_S1.);
#9200 = LINE('',#9201,#9202);
#9201 = CARTESIAN_POINT('',(-34.755776028,19.695090322,-150.));
#9202 = VECTOR('',#9203,1.);
#9203 = DIRECTION('',(0.,0.,1.));
#9204 = PCURVE('',#2023,#9205);
#9205 = DEFINITIONAL_REPRESENTATION('',(#9206),#9210);
#9206 = LINE('',#9207,#9208);
#9207 = CARTESIAN_POINT('',(9.813534850358E-02,0.));
#9208 = VECTOR('',#9209,1.);
#9209 = DIRECTION('',(0.,-1.));
#9210 = ( GEOMETRIC_REPRESENTATION_CONTEXT(2) 
PARAMETRIC_REPRESENTATION_CONTEXT() REPRESENTATION_CONTEXT('2D SPACE',''
  ) );
#9211 = PCURVE('',#1995,#9212);
#9212 = DEFINITIONAL_REPRESENTATION('',(#9213),#9217);
#9213 = LINE('',#9214,#9215);
#9214 = CARTESIAN_POINT('',(0.,0.));
#9215 = VECTOR('',#9216,1.);
#9216 = DIRECTION('',(0.,-1.));
#9217 = ( GEOMETRIC_REPRESENTATION_CONTEXT(2) 
PARAMETRIC_REPRESENTATION_CONTEXT() REPRESENTATION_CONTEXT('2D SPACE',''
  ) );
#9218 = ORIENTED_EDGE('',*,*,#2007,.F.);
#9219 = ADVANCED_FACE('',(#9220),#1995,.T.);
#9220 = FACE_BOUND('',#9221,.T.);
#9221 = EDGE_LOOP('',(#9222,#9223,#9224,#9245));
#9222 = ORIENTED_EDGE('',*,*,#9198,.T.);
#9223 = ORIENTED_EDGE('',*,*,#4910,.T.);
#9224 = ORIENTED_EDGE('',*,*,#9225,.F.);
#9225 = EDGE_CURVE('',#1952,#4888,#9226,.T.);
#9226 = SURFACE_CURVE('',#9227,(#9231,#9238),.PCURVE_S1.);
#9227 = LINE('',#9228,#9229);
#9228 = CARTESIAN_POINT('',(-34.770175474,19.59801714,-150.));
#9229 = VECTOR('',#9230,1.);
#9230 = DIRECTION('',(0.,0.,1.));
#9231 = PCURVE('',#1995,#9232);
#9232 = DEFINITIONAL_REPRESENTATION('',(#9233),#9237);
#9233 = LINE('',#9234,#9235);
#9234 = CARTESIAN_POINT('',(9.813534892541E-02,0.));
#9235 = VECTOR('',#9236,1.);
#9236 = DIRECTION('',(0.,-1.));
#9237 = ( GEOMETRIC_REPRESENTATION_CONTEXT(2) 
PARAMETRIC_REPRESENTATION_CONTEXT() REPRESENTATION_CONTEXT('2D SPACE',''
  ) );
#9238 = PCURVE('',#1967,#9239);
#9239 = DEFINITIONAL_REPRESENTATION('',(#9240),#9244);
#9240 = LINE('',#9241,#9242);
#9241 = CARTESIAN_POINT('',(0.,0.));
#9242 = VECTOR('',#9243,1.);
#9243 = DIRECTION('',(0.,-1.));
#9244 = ( GEOMETRIC_REPRESENTATION_CONTEXT(2) 
PARAMETRIC_REPRESENTATION_CONTEXT() REPRESENTATION_CONTEXT('2D SPACE',''
  ) );
#9245 = ORIENTED_EDGE('',*,*,#1979,.F.);
#9246 = ADVANCED_FACE('',(#9247),#1967,.T.);
#9247 = FACE_BOUND('',#9248,.T.);
#9248 = EDGE_LOOP('',(#9249,#9250,#9251,#9272));
#9249 = ORIENTED_EDGE('',*,*,#9225,.T.);
#9250 = ORIENTED_EDGE('',*,*,#4887,.T.);
#9251 = ORIENTED_EDGE('',*,*,#9252,.F.);
#9252 = EDGE_CURVE('',#1924,#4865,#9253,.T.);
#9253 = SURFACE_CURVE('',#9254,(#9258,#9265),.PCURVE_S1.);
#9254 = LINE('',#9255,#9256);
#9255 = CARTESIAN_POINT('',(-34.774990748,19.5,-150.));
#9256 = VECTOR('',#9257,1.);
#9257 = DIRECTION('',(0.,0.,1.));
#9258 = PCURVE('',#1967,#9259);
#9259 = DEFINITIONAL_REPRESENTATION('',(#9260),#9264);
#9260 = LINE('',#9261,#9262);
#9261 = CARTESIAN_POINT('',(9.813534835866E-02,0.));
#9262 = VECTOR('',#9263,1.);
#9263 = DIRECTION('',(0.,-1.));
#9264 = ( GEOMETRIC_REPRESENTATION_CONTEXT(2) 
PARAMETRIC_REPRESENTATION_CONTEXT() REPRESENTATION_CONTEXT('2D SPACE',''
  ) );
#9265 = PCURVE('',#1939,#9266);
#9266 = DEFINITIONAL_REPRESENTATION('',(#9267),#9271);
#9267 = LINE('',#9268,#9269);
#9268 = CARTESIAN_POINT('',(0.,0.));
#9269 = VECTOR('',#9270,1.);
#9270 = DIRECTION('',(0.,-1.));
#9271 = ( GEOMETRIC_REPRESENTATION_CONTEXT(2) 
PARAMETRIC_REPRESENTATION_CONTEXT() REPRESENTATION_CONTEXT('2D SPACE',''
  ) );
#9272 = ORIENTED_EDGE('',*,*,#1951,.F.);
#9273 = ADVANCED_FACE('',(#9274),#1939,.T.);
#9274 = FACE_BOUND('',#9275,.T.);
#9275 = EDGE_LOOP('',(#9276,#9277,#9278,#9279));
#9276 = ORIENTED_EDGE('',*,*,#9252,.T.);
#9277 = ORIENTED_EDGE('',*,*,#4864,.T.);
#9278 = ORIENTED_EDGE('',*,*,#7691,.F.);
#9279 = ORIENTED_EDGE('',*,*,#1923,.F.);
#9280 = ( GEOMETRIC_REPRESENTATION_CONTEXT(3) 
GLOBAL_UNCERTAINTY_ASSIGNED_CONTEXT((#9284)) 
GLOBAL_UNIT_ASSIGNED_CONTEXT((#9281,#9282,#9283)) REPRESENTATION_CONTEXT
('Context #1','3D Context with UNIT and UNCERTAINTY') );
#9281 = ( LENGTH_UNIT() NAMED_UNIT(*) SI_UNIT(.MILLI.,.METRE.) );
#9282 = ( NAMED_UNIT(*) PLANE_ANGLE_UNIT() SI_UNIT($,.RADIAN.) );
#9283 = ( NAMED_UNIT(*) SI_UNIT($,.STERADIAN.) SOLID_ANGLE_UNIT() );
#9284 = UNCERTAINTY_MEASURE_WITH_UNIT(LENGTH_MEASURE(1.E-07),#9281,
  'distance_accuracy_value','confusion accuracy');
#9285 = SHAPE_DEFINITION_REPRESENTATION(#9286,#53);
#9286 = PRODUCT_DEFINITION_SHAPE('','',#9287);
#9287 = PRODUCT_DEFINITION('design','',#9288,#9291);
#9288 = PRODUCT_DEFINITION_FORMATION('','',#9289);
#9289 = PRODUCT('Open CASCADE STEP translator 7.5 1.1',
  'Open CASCADE STEP translator 7.5 1.1','',(#9290));
#9290 = PRODUCT_CONTEXT('',#2,'mechanical');
#9291 = PRODUCT_DEFINITION_CONTEXT('part definition',#2,'design');
#9292 = CONTEXT_DEPENDENT_SHAPE_REPRESENTATION(#9293,#9295);
#9293 = ( REPRESENTATION_RELATIONSHIP('','',#53,#10) 
REPRESENTATION_RELATIONSHIP_WITH_TRANSFORMATION(#9294) 
SHAPE_REPRESENTATION_RELATIONSHIP() );
#9294 = ITEM_DEFINED_TRANSFORMATION('','',#11,#15);
#9295 = PRODUCT_DEFINITION_SHAPE('Placement','Placement of an item',
  #9296);
#9296 = NEXT_ASSEMBLY_USAGE_OCCURRENCE('1','','',#5,#9287,$);
#9297 = PRODUCT_RELATED_PRODUCT_CATEGORY('part',$,(#9289));
#9298 = ADVANCED_BREP_SHAPE_REPRESENTATION('',(#11,#9299),#9629);
#9299 = MANIFOLD_SOLID_BREP('',#9300);
#9300 = CLOSED_SHELL('',(#9301,#9421,#9497,#9568,#9615,#9622));
#9301 = ADVANCED_FACE('',(#9302),#9316,.F.);
#9302 = FACE_BOUND('',#9303,.F.);
#9303 = EDGE_LOOP('',(#9304,#9339,#9367,#9395));
#9304 = ORIENTED_EDGE('',*,*,#9305,.T.);
#9305 = EDGE_CURVE('',#9306,#9308,#9310,.T.);
#9306 = VERTEX_POINT('',#9307);
#9307 = CARTESIAN_POINT('',(-11.,40.2,-150.));
#9308 = VERTEX_POINT('',#9309);
#9309 = CARTESIAN_POINT('',(-11.,40.2,150.));
#9310 = SURFACE_CURVE('',#9311,(#9315,#9327),.PCURVE_S1.);
#9311 = LINE('',#9312,#9313);
#9312 = CARTESIAN_POINT('',(-11.,40.2,-150.));
#9313 = VECTOR('',#9314,1.);
#9314 = DIRECTION('',(0.,0.,1.));
#9315 = PCURVE('',#9316,#9321);
#9316 = PLANE('',#9317);
#9317 = AXIS2_PLACEMENT_3D('',#9318,#9319,#9320);
#9318 = CARTESIAN_POINT('',(-11.,40.2,-150.));
#9319 = DIRECTION('',(0.,1.,0.));
#9320 = DIRECTION('',(1.,0.,0.));
#9321 = DEFINITIONAL_REPRESENTATION('',(#9322),#9326);
#9322 = LINE('',#9323,#9324);
#9323 = CARTESIAN_POINT('',(0.,0.));
#9324 = VECTOR('',#9325,1.);
#9325 = DIRECTION('',(0.,-1.));
#9326 = ( GEOMETRIC_REPRESENTATION_CONTEXT(2) 
PARAMETRIC_REPRESENTATION_CONTEXT() REPRESENTATION_CONTEXT('2D SPACE',''
  ) );
#9327 = PCURVE('',#9328,#9333);
#9328 = PLANE('',#9329);
#9329 = AXIS2_PLACEMENT_3D('',#9330,#9331,#9332);
#9330 = CARTESIAN_POINT('',(-11.,40.4,-150.));
#9331 = DIRECTION('',(1.,0.,-0.));
#9332 = DIRECTION('',(0.,-1.,0.));
#9333 = DEFINITIONAL_REPRESENTATION('',(#9334),#9338);
#9334 = LINE('',#9335,#9336);
#9335 = CARTESIAN_POINT('',(0.2,0.));
#9336 = VECTOR('',#9337,1.);
#9337 = DIRECTION('',(0.,-1.));
#9338 = ( GEOMETRIC_REPRESENTATION_CONTEXT(2) 
PARAMETRIC_REPRESENTATION_CONTEXT() REPRESENTATION_CONTEXT('2D SPACE',''
  ) );
#9339 = ORIENTED_EDGE('',*,*,#9340,.T.);
#9340 = EDGE_CURVE('',#9308,#9341,#9343,.T.);
#9341 = VERTEX_POINT('',#9342);
#9342 = CARTESIAN_POINT('',(11.,40.2,150.));
#9343 = SURFACE_CURVE('',#9344,(#9348,#9355),.PCURVE_S1.);
#9344 = LINE('',#9345,#9346);
#9345 = CARTESIAN_POINT('',(-11.,40.2,150.));
#9346 = VECTOR('',#9347,1.);
#9347 = DIRECTION('',(1.,0.,0.));
#9348 = PCURVE('',#9316,#9349);
#9349 = DEFINITIONAL_REPRESENTATION('',(#9350),#9354);
#9350 = LINE('',#9351,#9352);
#9351 = CARTESIAN_POINT('',(0.,-300.));
#9352 = VECTOR('',#9353,1.);
#9353 = DIRECTION('',(1.,0.));
#9354 = ( GEOMETRIC_REPRESENTATION_CONTEXT(2) 
PARAMETRIC_REPRESENTATION_CONTEXT() REPRESENTATION_CONTEXT('2D SPACE',''
  ) );
#9355 = PCURVE('',#9356,#9361);
#9356 = PLANE('',#9357);
#9357 = AXIS2_PLACEMENT_3D('',#9358,#9359,#9360);
#9358 = CARTESIAN_POINT('',(1.450291338474E-15,40.3,150.));
#9359 = DIRECTION('',(0.,0.,1.));
#9360 = DIRECTION('',(1.,0.,-0.));
#9361 = DEFINITIONAL_REPRESENTATION('',(#9362),#9366);
#9362 = LINE('',#9363,#9364);
#9363 = CARTESIAN_POINT('',(-11.,-0.1));
#9364 = VECTOR('',#9365,1.);
#9365 = DIRECTION('',(1.,0.));
#9366 = ( GEOMETRIC_REPRESENTATION_CONTEXT(2) 
PARAMETRIC_REPRESENTATION_CONTEXT() REPRESENTATION_CONTEXT('2D SPACE',''
  ) );
#9367 = ORIENTED_EDGE('',*,*,#9368,.F.);
#9368 = EDGE_CURVE('',#9369,#9341,#9371,.T.);
#9369 = VERTEX_POINT('',#9370);
#9370 = CARTESIAN_POINT('',(11.,40.2,-150.));
#9371 = SURFACE_CURVE('',#9372,(#9376,#9383),.PCURVE_S1.);
#9372 = LINE('',#9373,#9374);
#9373 = CARTESIAN_POINT('',(11.,40.2,-150.));
#9374 = VECTOR('',#9375,1.);
#9375 = DIRECTION('',(0.,0.,1.));
#9376 = PCURVE('',#9316,#9377);
#9377 = DEFINITIONAL_REPRESENTATION('',(#9378),#9382);
#9378 = LINE('',#9379,#9380);
#9379 = CARTESIAN_POINT('',(22.,0.));
#9380 = VECTOR('',#9381,1.);
#9381 = DIRECTION('',(0.,-1.));
#9382 = ( GEOMETRIC_REPRESENTATION_CONTEXT(2) 
PARAMETRIC_REPRESENTATION_CONTEXT() REPRESENTATION_CONTEXT('2D SPACE',''
  ) );
#9383 = PCURVE('',#9384,#9389);
#9384 = PLANE('',#9385);
#9385 = AXIS2_PLACEMENT_3D('',#9386,#9387,#9388);
#9386 = CARTESIAN_POINT('',(11.,40.2,-150.));
#9387 = DIRECTION('',(-1.,0.,0.));
#9388 = DIRECTION('',(0.,1.,0.));
#9389 = DEFINITIONAL_REPRESENTATION('',(#9390),#9394);
#9390 = LINE('',#9391,#9392);
#9391 = CARTESIAN_POINT('',(0.,0.));
#9392 = VECTOR('',#9393,1.);
#9393 = DIRECTION('',(0.,-1.));
#9394 = ( GEOMETRIC_REPRESENTATION_CONTEXT(2) 
PARAMETRIC_REPRESENTATION_CONTEXT() REPRESENTATION_CONTEXT('2D SPACE',''
  ) );
#9395 = ORIENTED_EDGE('',*,*,#9396,.F.);
#9396 = EDGE_CURVE('',#9306,#9369,#9397,.T.);
#9397 = SURFACE_CURVE('',#9398,(#9402,#9409),.PCURVE_S1.);
#9398 = LINE('',#9399,#9400);
#9399 = CARTESIAN_POINT('',(-11.,40.2,-150.));
#9400 = VECTOR('',#9401,1.);
#9401 = DIRECTION('',(1.,0.,0.));
#9402 = PCURVE('',#9316,#9403);
#9403 = DEFINITIONAL_REPRESENTATION('',(#9404),#9408);
#9404 = LINE('',#9405,#9406);
#9405 = CARTESIAN_POINT('',(0.,0.));
#9406 = VECTOR('',#9407,1.);
#9407 = DIRECTION('',(1.,0.));
#9408 = ( GEOMETRIC_REPRESENTATION_CONTEXT(2) 
PARAMETRIC_REPRESENTATION_CONTEXT() REPRESENTATION_CONTEXT('2D SPACE',''
  ) );
#9409 = PCURVE('',#9410,#9415);
#9410 = PLANE('',#9411);
#9411 = AXIS2_PLACEMENT_3D('',#9412,#9413,#9414);
#9412 = CARTESIAN_POINT('',(1.450291338474E-15,40.3,-150.));
#9413 = DIRECTION('',(0.,0.,1.));
#9414 = DIRECTION('',(1.,0.,-0.));
#9415 = DEFINITIONAL_REPRESENTATION('',(#9416),#9420);
#9416 = LINE('',#9417,#9418);
#9417 = CARTESIAN_POINT('',(-11.,-0.1));
#9418 = VECTOR('',#9419,1.);
#9419 = DIRECTION('',(1.,0.));
#9420 = ( GEOMETRIC_REPRESENTATION_CONTEXT(2) 
PARAMETRIC_REPRESENTATION_CONTEXT() REPRESENTATION_CONTEXT('2D SPACE',''
  ) );
#9421 = ADVANCED_FACE('',(#9422),#9384,.F.);
#9422 = FACE_BOUND('',#9423,.F.);
#9423 = EDGE_LOOP('',(#9424,#9425,#9448,#9476));
#9424 = ORIENTED_EDGE('',*,*,#9368,.T.);
#9425 = ORIENTED_EDGE('',*,*,#9426,.T.);
#9426 = EDGE_CURVE('',#9341,#9427,#9429,.T.);
#9427 = VERTEX_POINT('',#9428);
#9428 = CARTESIAN_POINT('',(11.,40.4,150.));
#9429 = SURFACE_CURVE('',#9430,(#9434,#9441),.PCURVE_S1.);
#9430 = LINE('',#9431,#9432);
#9431 = CARTESIAN_POINT('',(11.,40.2,150.));
#9432 = VECTOR('',#9433,1.);
#9433 = DIRECTION('',(0.,1.,0.));
#9434 = PCURVE('',#9384,#9435);
#9435 = DEFINITIONAL_REPRESENTATION('',(#9436),#9440);
#9436 = LINE('',#9437,#9438);
#9437 = CARTESIAN_POINT('',(0.,-300.));
#9438 = VECTOR('',#9439,1.);
#9439 = DIRECTION('',(1.,0.));
#9440 = ( GEOMETRIC_REPRESENTATION_CONTEXT(2) 
PARAMETRIC_REPRESENTATION_CONTEXT() REPRESENTATION_CONTEXT('2D SPACE',''
  ) );
#9441 = PCURVE('',#9356,#9442);
#9442 = DEFINITIONAL_REPRESENTATION('',(#9443),#9447);
#9443 = LINE('',#9444,#9445);
#9444 = CARTESIAN_POINT('',(11.,-0.1));
#9445 = VECTOR('',#9446,1.);
#9446 = DIRECTION('',(0.,1.));
#9447 = ( GEOMETRIC_REPRESENTATION_CONTEXT(2) 
PARAMETRIC_REPRESENTATION_CONTEXT() REPRESENTATION_CONTEXT('2D SPACE',''
  ) );
#9448 = ORIENTED_EDGE('',*,*,#9449,.F.);
#9449 = EDGE_CURVE('',#9450,#9427,#9452,.T.);
#9450 = VERTEX_POINT('',#9451);
#9451 = CARTESIAN_POINT('',(11.,40.4,-150.));
#9452 = SURFACE_CURVE('',#9453,(#9457,#9464),.PCURVE_S1.);
#9453 = LINE('',#9454,#9455);
#9454 = CARTESIAN_POINT('',(11.,40.4,-150.));
#9455 = VECTOR('',#9456,1.);
#9456 = DIRECTION('',(0.,0.,1.));
#9457 = PCURVE('',#9384,#9458);
#9458 = DEFINITIONAL_REPRESENTATION('',(#9459),#9463);
#9459 = LINE('',#9460,#9461);
#9460 = CARTESIAN_POINT('',(0.2,0.));
#9461 = VECTOR('',#9462,1.);
#9462 = DIRECTION('',(0.,-1.));
#9463 = ( GEOMETRIC_REPRESENTATION_CONTEXT(2) 
PARAMETRIC_REPRESENTATION_CONTEXT() REPRESENTATION_CONTEXT('2D SPACE',''
  ) );
#9464 = PCURVE('',#9465,#9470);
#9465 = PLANE('',#9466);
#9466 = AXIS2_PLACEMENT_3D('',#9467,#9468,#9469);
#9467 = CARTESIAN_POINT('',(11.,40.4,-150.));
#9468 = DIRECTION('',(0.,-1.,0.));
#9469 = DIRECTION('',(-1.,0.,0.));
#9470 = DEFINITIONAL_REPRESENTATION('',(#9471),#9475);
#9471 = LINE('',#9472,#9473);
#9472 = CARTESIAN_POINT('',(0.,-0.));
#9473 = VECTOR('',#9474,1.);
#9474 = DIRECTION('',(0.,-1.));
#9475 = ( GEOMETRIC_REPRESENTATION_CONTEXT(2) 
PARAMETRIC_REPRESENTATION_CONTEXT() REPRESENTATION_CONTEXT('2D SPACE',''
  ) );
#9476 = ORIENTED_EDGE('',*,*,#9477,.F.);
#9477 = EDGE_CURVE('',#9369,#9450,#9478,.T.);
#9478 = SURFACE_CURVE('',#9479,(#9483,#9490),.PCURVE_S1.);
#9479 = LINE('',#9480,#9481);
#9480 = CARTESIAN_POINT('',(11.,40.2,-150.));
#9481 = VECTOR('',#9482,1.);
#9482 = DIRECTION('',(0.,1.,0.));
#9483 = PCURVE('',#9384,#9484);
#9484 = DEFINITIONAL_REPRESENTATION('',(#9485),#9489);
#9485 = LINE('',#9486,#9487);
#9486 = CARTESIAN_POINT('',(0.,0.));
#9487 = VECTOR('',#9488,1.);
#9488 = DIRECTION('',(1.,0.));
#9489 = ( GEOMETRIC_REPRESENTATION_CONTEXT(2) 
PARAMETRIC_REPRESENTATION_CONTEXT() REPRESENTATION_CONTEXT('2D SPACE',''
  ) );
#9490 = PCURVE('',#9410,#9491);
#9491 = DEFINITIONAL_REPRESENTATION('',(#9492),#9496);
#9492 = LINE('',#9493,#9494);
#9493 = CARTESIAN_POINT('',(11.,-0.1));
#9494 = VECTOR('',#9495,1.);
#9495 = DIRECTION('',(0.,1.));
#9496 = ( GEOMETRIC_REPRESENTATION_CONTEXT(2) 
PARAMETRIC_REPRESENTATION_CONTEXT() REPRESENTATION_CONTEXT('2D SPACE',''
  ) );
#9497 = ADVANCED_FACE('',(#9498),#9465,.F.);
#9498 = FACE_BOUND('',#9499,.F.);
#9499 = EDGE_LOOP('',(#9500,#9501,#9524,#9547));
#9500 = ORIENTED_EDGE('',*,*,#9449,.T.);
#9501 = ORIENTED_EDGE('',*,*,#9502,.T.);
#9502 = EDGE_CURVE('',#9427,#9503,#9505,.T.);
#9503 = VERTEX_POINT('',#9504);
#9504 = CARTESIAN_POINT('',(-11.,40.4,150.));
#9505 = SURFACE_CURVE('',#9506,(#9510,#9517),.PCURVE_S1.);
#9506 = LINE('',#9507,#9508);
#9507 = CARTESIAN_POINT('',(11.,40.4,150.));
#9508 = VECTOR('',#9509,1.);
#9509 = DIRECTION('',(-1.,0.,0.));
#9510 = PCURVE('',#9465,#9511);
#9511 = DEFINITIONAL_REPRESENTATION('',(#9512),#9516);
#9512 = LINE('',#9513,#9514);
#9513 = CARTESIAN_POINT('',(0.,-300.));
#9514 = VECTOR('',#9515,1.);
#9515 = DIRECTION('',(1.,0.));
#9516 = ( GEOMETRIC_REPRESENTATION_CONTEXT(2) 
PARAMETRIC_REPRESENTATION_CONTEXT() REPRESENTATION_CONTEXT('2D SPACE',''
  ) );
#9517 = PCURVE('',#9356,#9518);
#9518 = DEFINITIONAL_REPRESENTATION('',(#9519),#9523);
#9519 = LINE('',#9520,#9521);
#9520 = CARTESIAN_POINT('',(11.,9.999999999999E-02));
#9521 = VECTOR('',#9522,1.);
#9522 = DIRECTION('',(-1.,0.));
#9523 = ( GEOMETRIC_REPRESENTATION_CONTEXT(2) 
PARAMETRIC_REPRESENTATION_CONTEXT() REPRESENTATION_CONTEXT('2D SPACE',''
  ) );
#9524 = ORIENTED_EDGE('',*,*,#9525,.F.);
#9525 = EDGE_CURVE('',#9526,#9503,#9528,.T.);
#9526 = VERTEX_POINT('',#9527);
#9527 = CARTESIAN_POINT('',(-11.,40.4,-150.));
#9528 = SURFACE_CURVE('',#9529,(#9533,#9540),.PCURVE_S1.);
#9529 = LINE('',#9530,#9531);
#9530 = CARTESIAN_POINT('',(-11.,40.4,-150.));
#9531 = VECTOR('',#9532,1.);
#9532 = DIRECTION('',(0.,0.,1.));
#9533 = PCURVE('',#9465,#9534);
#9534 = DEFINITIONAL_REPRESENTATION('',(#9535),#9539);
#9535 = LINE('',#9536,#9537);
#9536 = CARTESIAN_POINT('',(22.,0.));
#9537 = VECTOR('',#9538,1.);
#9538 = DIRECTION('',(0.,-1.));
#9539 = ( GEOMETRIC_REPRESENTATION_CONTEXT(2) 
PARAMETRIC_REPRESENTATION_CONTEXT() REPRESENTATION_CONTEXT('2D SPACE',''
  ) );
#9540 = PCURVE('',#9328,#9541);
#9541 = DEFINITIONAL_REPRESENTATION('',(#9542),#9546);
#9542 = LINE('',#9543,#9544);
#9543 = CARTESIAN_POINT('',(0.,0.));
#9544 = VECTOR('',#9545,1.);
#9545 = DIRECTION('',(0.,-1.));
#9546 = ( GEOMETRIC_REPRESENTATION_CONTEXT(2) 
PARAMETRIC_REPRESENTATION_CONTEXT() REPRESENTATION_CONTEXT('2D SPACE',''
  ) );
#9547 = ORIENTED_EDGE('',*,*,#9548,.F.);
#9548 = EDGE_CURVE('',#9450,#9526,#9549,.T.);
#9549 = SURFACE_CURVE('',#9550,(#9554,#9561),.PCURVE_S1.);
#9550 = LINE('',#9551,#9552);
#9551 = CARTESIAN_POINT('',(11.,40.4,-150.));
#9552 = VECTOR('',#9553,1.);
#9553 = DIRECTION('',(-1.,0.,0.));
#9554 = PCURVE('',#9465,#9555);
#9555 = DEFINITIONAL_REPRESENTATION('',(#9556),#9560);
#9556 = LINE('',#9557,#9558);
#9557 = CARTESIAN_POINT('',(0.,-0.));
#9558 = VECTOR('',#9559,1.);
#9559 = DIRECTION('',(1.,0.));
#9560 = ( GEOMETRIC_REPRESENTATION_CONTEXT(2) 
PARAMETRIC_REPRESENTATION_CONTEXT() REPRESENTATION_CONTEXT('2D SPACE',''
  ) );
#9561 = PCURVE('',#9410,#9562);
#9562 = DEFINITIONAL_REPRESENTATION('',(#9563),#9567);
#9563 = LINE('',#9564,#9565);
#9564 = CARTESIAN_POINT('',(11.,9.999999999999E-02));
#9565 = VECTOR('',#9566,1.);
#9566 = DIRECTION('',(-1.,0.));
#9567 = ( GEOMETRIC_REPRESENTATION_CONTEXT(2) 
PARAMETRIC_REPRESENTATION_CONTEXT() REPRESENTATION_CONTEXT('2D SPACE',''
  ) );
#9568 = ADVANCED_FACE('',(#9569),#9328,.F.);
#9569 = FACE_BOUND('',#9570,.F.);
#9570 = EDGE_LOOP('',(#9571,#9572,#9593,#9594));
#9571 = ORIENTED_EDGE('',*,*,#9525,.T.);
#9572 = ORIENTED_EDGE('',*,*,#9573,.T.);
#9573 = EDGE_CURVE('',#9503,#9308,#9574,.T.);
#9574 = SURFACE_CURVE('',#9575,(#9579,#9586),.PCURVE_S1.);
#9575 = LINE('',#9576,#9577);
#9576 = CARTESIAN_POINT('',(-11.,40.4,150.));
#9577 = VECTOR('',#9578,1.);
#9578 = DIRECTION('',(0.,-1.,0.));
#9579 = PCURVE('',#9328,#9580);
#9580 = DEFINITIONAL_REPRESENTATION('',(#9581),#9585);
#9581 = LINE('',#9582,#9583);
#9582 = CARTESIAN_POINT('',(0.,-300.));
#9583 = VECTOR('',#9584,1.);
#9584 = DIRECTION('',(1.,0.));
#9585 = ( GEOMETRIC_REPRESENTATION_CONTEXT(2) 
PARAMETRIC_REPRESENTATION_CONTEXT() REPRESENTATION_CONTEXT('2D SPACE',''
  ) );
#9586 = PCURVE('',#9356,#9587);
#9587 = DEFINITIONAL_REPRESENTATION('',(#9588),#9592);
#9588 = LINE('',#9589,#9590);
#9589 = CARTESIAN_POINT('',(-11.,9.999999999999E-02));
#9590 = VECTOR('',#9591,1.);
#9591 = DIRECTION('',(0.,-1.));
#9592 = ( GEOMETRIC_REPRESENTATION_CONTEXT(2) 
PARAMETRIC_REPRESENTATION_CONTEXT() REPRESENTATION_CONTEXT('2D SPACE',''
  ) );
#9593 = ORIENTED_EDGE('',*,*,#9305,.F.);
#9594 = ORIENTED_EDGE('',*,*,#9595,.F.);
#9595 = EDGE_CURVE('',#9526,#9306,#9596,.T.);
#9596 = SURFACE_CURVE('',#9597,(#9601,#9608),.PCURVE_S1.);
#9597 = LINE('',#9598,#9599);
#9598 = CARTESIAN_POINT('',(-11.,40.4,-150.));
#9599 = VECTOR('',#9600,1.);
#9600 = DIRECTION('',(0.,-1.,0.));
#9601 = PCURVE('',#9328,#9602);
#9602 = DEFINITIONAL_REPRESENTATION('',(#9603),#9607);
#9603 = LINE('',#9604,#9605);
#9604 = CARTESIAN_POINT('',(0.,0.));
#9605 = VECTOR('',#9606,1.);
#9606 = DIRECTION('',(1.,0.));
#9607 = ( GEOMETRIC_REPRESENTATION_CONTEXT(2) 
PARAMETRIC_REPRESENTATION_CONTEXT() REPRESENTATION_CONTEXT('2D SPACE',''
  ) );
#9608 = PCURVE('',#9410,#9609);
#9609 = DEFINITIONAL_REPRESENTATION('',(#9610),#9614);
#9610 = LINE('',#9611,#9612);
#9611 = CARTESIAN_POINT('',(-11.,9.999999999999E-02));
#9612 = VECTOR('',#9613,1.);
#9613 = DIRECTION('',(0.,-1.));
#9614 = ( GEOMETRIC_REPRESENTATION_CONTEXT(2) 
PARAMETRIC_REPRESENTATION_CONTEXT() REPRESENTATION_CONTEXT('2D SPACE',''
  ) );
#9615 = ADVANCED_FACE('',(#9616),#9410,.F.);
#9616 = FACE_BOUND('',#9617,.F.);
#9617 = EDGE_LOOP('',(#9618,#9619,#9620,#9621));
#9618 = ORIENTED_EDGE('',*,*,#9396,.T.);
#9619 = ORIENTED_EDGE('',*,*,#9477,.T.);
#9620 = ORIENTED_EDGE('',*,*,#9548,.T.);
#9621 = ORIENTED_EDGE('',*,*,#9595,.T.);
#9622 = ADVANCED_FACE('',(#9623),#9356,.T.);
#9623 = FACE_BOUND('',#9624,.T.);
#9624 = EDGE_LOOP('',(#9625,#9626,#9627,#9628));
#9625 = ORIENTED_EDGE('',*,*,#9340,.T.);
#9626 = ORIENTED_EDGE('',*,*,#9426,.T.);
#9627 = ORIENTED_EDGE('',*,*,#9502,.T.);
#9628 = ORIENTED_EDGE('',*,*,#9573,.T.);
#9629 = ( GEOMETRIC_REPRESENTATION_CONTEXT(3) 
GLOBAL_UNCERTAINTY_ASSIGNED_CONTEXT((#9633)) 
GLOBAL_UNIT_ASSIGNED_CONTEXT((#9630,#9631,#9632)) REPRESENTATION_CONTEXT
('Context #1','3D Context with UNIT and UNCERTAINTY') );
#9630 = ( LENGTH_UNIT() NAMED_UNIT(*) SI_UNIT(.MILLI.,.METRE.) );
#9631 = ( NAMED_UNIT(*) PLANE_ANGLE_UNIT() SI_UNIT($,.RADIAN.) );
#9632 = ( NAMED_UNIT(*) SI_UNIT($,.STERADIAN.) SOLID_ANGLE_UNIT() );
#9633 = UNCERTAINTY_MEASURE_WITH_UNIT(LENGTH_MEASURE(1.E-07),#9630,
  'distance_accuracy_value','confusion accuracy');
#9634 = SHAPE_DEFINITION_REPRESENTATION(#9635,#9298);
#9635 = PRODUCT_DEFINITION_SHAPE('','',#9636);
#9636 = PRODUCT_DEFINITION('design','',#9637,#9640);
#9637 = PRODUCT_DEFINITION_FORMATION('','',#9638);
#9638 = PRODUCT('Open CASCADE STEP translator 7.5 1.2',
  'Open CASCADE STEP translator 7.5 1.2','',(#9639));
#9639 = PRODUCT_CONTEXT('',#2,'mechanical');
#9640 = PRODUCT_DEFINITION_CONTEXT('part definition',#2,'design');
#9641 = CONTEXT_DEPENDENT_SHAPE_REPRESENTATION(#9642,#9644);
#9642 = ( REPRESENTATION_RELATIONSHIP('','',#9298,#10) 
REPRESENTATION_RELATIONSHIP_WITH_TRANSFORMATION(#9643) 
SHAPE_REPRESENTATION_RELATIONSHIP() );
#9643 = ITEM_DEFINED_TRANSFORMATION('','',#11,#19);
#9644 = PRODUCT_DEFINITION_SHAPE('Placement','Placement of an item',
  #9645);
#9645 = NEXT_ASSEMBLY_USAGE_OCCURRENCE('2','','',#5,#9636,$);
#9646 = PRODUCT_RELATED_PRODUCT_CATEGORY('part',$,(#9638));
#9647 = ADVANCED_BREP_SHAPE_REPRESENTATION('',(#11,#9648),#9978);
#9648 = MANIFOLD_SOLID_BREP('',#9649);
#9649 = CLOSED_SHELL('',(#9650,#9770,#9846,#9917,#9964,#9971));
#9650 = ADVANCED_FACE('',(#9651),#9665,.F.);
#9651 = FACE_BOUND('',#9652,.F.);
#9652 = EDGE_LOOP('',(#9653,#9688,#9716,#9744));
#9653 = ORIENTED_EDGE('',*,*,#9654,.T.);
#9654 = EDGE_CURVE('',#9655,#9657,#9659,.T.);
#9655 = VERTEX_POINT('',#9656);
#9656 = CARTESIAN_POINT('',(-6.,40.,-150.));
#9657 = VERTEX_POINT('',#9658);
#9658 = CARTESIAN_POINT('',(-6.,40.,150.));
#9659 = SURFACE_CURVE('',#9660,(#9664,#9676),.PCURVE_S1.);
#9660 = LINE('',#9661,#9662);
#9661 = CARTESIAN_POINT('',(-6.,40.,-150.));
#9662 = VECTOR('',#9663,1.);
#9663 = DIRECTION('',(0.,0.,1.));
#9664 = PCURVE('',#9665,#9670);
#9665 = PLANE('',#9666);
#9666 = AXIS2_PLACEMENT_3D('',#9667,#9668,#9669);
#9667 = CARTESIAN_POINT('',(-6.,40.,-150.));
#9668 = DIRECTION('',(0.,1.,0.));
#9669 = DIRECTION('',(1.,0.,0.));
#9670 = DEFINITIONAL_REPRESENTATION('',(#9671),#9675);
#9671 = LINE('',#9672,#9673);
#9672 = CARTESIAN_POINT('',(0.,0.));
#9673 = VECTOR('',#9674,1.);
#9674 = DIRECTION('',(0.,-1.));
#9675 = ( GEOMETRIC_REPRESENTATION_CONTEXT(2) 
PARAMETRIC_REPRESENTATION_CONTEXT() REPRESENTATION_CONTEXT('2D SPACE',''
  ) );
#9676 = PCURVE('',#9677,#9682);
#9677 = PLANE('',#9678);
#9678 = AXIS2_PLACEMENT_3D('',#9679,#9680,#9681);
#9679 = CARTESIAN_POINT('',(-6.,40.03,-150.));
#9680 = DIRECTION('',(1.,0.,-0.));
#9681 = DIRECTION('',(0.,-1.,0.));
#9682 = DEFINITIONAL_REPRESENTATION('',(#9683),#9687);
#9683 = LINE('',#9684,#9685);
#9684 = CARTESIAN_POINT('',(3.E-02,0.));
#9685 = VECTOR('',#9686,1.);
#9686 = DIRECTION('',(0.,-1.));
#9687 = ( GEOMETRIC_REPRESENTATION_CONTEXT(2) 
PARAMETRIC_REPRESENTATION_CONTEXT() REPRESENTATION_CONTEXT('2D SPACE',''
  ) );
#9688 = ORIENTED_EDGE('',*,*,#9689,.T.);
#9689 = EDGE_CURVE('',#9657,#9690,#9692,.T.);
#9690 = VERTEX_POINT('',#9691);
#9691 = CARTESIAN_POINT('',(6.,40.,150.));
#9692 = SURFACE_CURVE('',#9693,(#9697,#9704),.PCURVE_S1.);
#9693 = LINE('',#9694,#9695);
#9694 = CARTESIAN_POINT('',(-6.,40.,150.));
#9695 = VECTOR('',#9696,1.);
#9696 = DIRECTION('',(1.,0.,0.));
#9697 = PCURVE('',#9665,#9698);
#9698 = DEFINITIONAL_REPRESENTATION('',(#9699),#9703);
#9699 = LINE('',#9700,#9701);
#9700 = CARTESIAN_POINT('',(0.,-300.));
#9701 = VECTOR('',#9702,1.);
#9702 = DIRECTION('',(1.,0.));
#9703 = ( GEOMETRIC_REPRESENTATION_CONTEXT(2) 
PARAMETRIC_REPRESENTATION_CONTEXT() REPRESENTATION_CONTEXT('2D SPACE',''
  ) );
#9704 = PCURVE('',#9705,#9710);
#9705 = PLANE('',#9706);
#9706 = AXIS2_PLACEMENT_3D('',#9707,#9708,#9709);
#9707 = CARTESIAN_POINT('',(2.366030157425E-15,40.015,150.));
#9708 = DIRECTION('',(0.,0.,1.));
#9709 = DIRECTION('',(1.,0.,-0.));
#9710 = DEFINITIONAL_REPRESENTATION('',(#9711),#9715);
#9711 = LINE('',#9712,#9713);
#9712 = CARTESIAN_POINT('',(-6.,-1.500000000001E-02));
#9713 = VECTOR('',#9714,1.);
#9714 = DIRECTION('',(1.,0.));
#9715 = ( GEOMETRIC_REPRESENTATION_CONTEXT(2) 
PARAMETRIC_REPRESENTATION_CONTEXT() REPRESENTATION_CONTEXT('2D SPACE',''
  ) );
#9716 = ORIENTED_EDGE('',*,*,#9717,.F.);
#9717 = EDGE_CURVE('',#9718,#9690,#9720,.T.);
#9718 = VERTEX_POINT('',#9719);
#9719 = CARTESIAN_POINT('',(6.,40.,-150.));
#9720 = SURFACE_CURVE('',#9721,(#9725,#9732),.PCURVE_S1.);
#9721 = LINE('',#9722,#9723);
#9722 = CARTESIAN_POINT('',(6.,40.,-150.));
#9723 = VECTOR('',#9724,1.);
#9724 = DIRECTION('',(0.,0.,1.));
#9725 = PCURVE('',#9665,#9726);
#9726 = DEFINITIONAL_REPRESENTATION('',(#9727),#9731);
#9727 = LINE('',#9728,#9729);
#9728 = CARTESIAN_POINT('',(12.,0.));
#9729 = VECTOR('',#9730,1.);
#9730 = DIRECTION('',(0.,-1.));
#9731 = ( GEOMETRIC_REPRESENTATION_CONTEXT(2) 
PARAMETRIC_REPRESENTATION_CONTEXT() REPRESENTATION_CONTEXT('2D SPACE',''
  ) );
#9732 = PCURVE('',#9733,#9738);
#9733 = PLANE('',#9734);
#9734 = AXIS2_PLACEMENT_3D('',#9735,#9736,#9737);
#9735 = CARTESIAN_POINT('',(6.,40.,-150.));
#9736 = DIRECTION('',(-1.,0.,0.));
#9737 = DIRECTION('',(0.,1.,0.));
#9738 = DEFINITIONAL_REPRESENTATION('',(#9739),#9743);
#9739 = LINE('',#9740,#9741);
#9740 = CARTESIAN_POINT('',(0.,0.));
#9741 = VECTOR('',#9742,1.);
#9742 = DIRECTION('',(0.,-1.));
#9743 = ( GEOMETRIC_REPRESENTATION_CONTEXT(2) 
PARAMETRIC_REPRESENTATION_CONTEXT() REPRESENTATION_CONTEXT('2D SPACE',''
  ) );
#9744 = ORIENTED_EDGE('',*,*,#9745,.F.);
#9745 = EDGE_CURVE('',#9655,#9718,#9746,.T.);
#9746 = SURFACE_CURVE('',#9747,(#9751,#9758),.PCURVE_S1.);
#9747 = LINE('',#9748,#9749);
#9748 = CARTESIAN_POINT('',(-6.,40.,-150.));
#9749 = VECTOR('',#9750,1.);
#9750 = DIRECTION('',(1.,0.,0.));
#9751 = PCURVE('',#9665,#9752);
#9752 = DEFINITIONAL_REPRESENTATION('',(#9753),#9757);
#9753 = LINE('',#9754,#9755);
#9754 = CARTESIAN_POINT('',(0.,0.));
#9755 = VECTOR('',#9756,1.);
#9756 = DIRECTION('',(1.,0.));
#9757 = ( GEOMETRIC_REPRESENTATION_CONTEXT(2) 
PARAMETRIC_REPRESENTATION_CONTEXT() REPRESENTATION_CONTEXT('2D SPACE',''
  ) );
#9758 = PCURVE('',#9759,#9764);
#9759 = PLANE('',#9760);
#9760 = AXIS2_PLACEMENT_3D('',#9761,#9762,#9763);
#9761 = CARTESIAN_POINT('',(2.366030157425E-15,40.015,-150.));
#9762 = DIRECTION('',(0.,0.,1.));
#9763 = DIRECTION('',(1.,0.,-0.));
#9764 = DEFINITIONAL_REPRESENTATION('',(#9765),#9769);
#9765 = LINE('',#9766,#9767);
#9766 = CARTESIAN_POINT('',(-6.,-1.500000000001E-02));
#9767 = VECTOR('',#9768,1.);
#9768 = DIRECTION('',(1.,0.));
#9769 = ( GEOMETRIC_REPRESENTATION_CONTEXT(2) 
PARAMETRIC_REPRESENTATION_CONTEXT() REPRESENTATION_CONTEXT('2D SPACE',''
  ) );
#9770 = ADVANCED_FACE('',(#9771),#9733,.F.);
#9771 = FACE_BOUND('',#9772,.F.);
#9772 = EDGE_LOOP('',(#9773,#9774,#9797,#9825));
#9773 = ORIENTED_EDGE('',*,*,#9717,.T.);
#9774 = ORIENTED_EDGE('',*,*,#9775,.T.);
#9775 = EDGE_CURVE('',#9690,#9776,#9778,.T.);
#9776 = VERTEX_POINT('',#9777);
#9777 = CARTESIAN_POINT('',(6.,40.03,150.));
#9778 = SURFACE_CURVE('',#9779,(#9783,#9790),.PCURVE_S1.);
#9779 = LINE('',#9780,#9781);
#9780 = CARTESIAN_POINT('',(6.,40.,150.));
#9781 = VECTOR('',#9782,1.);
#9782 = DIRECTION('',(0.,1.,0.));
#9783 = PCURVE('',#9733,#9784);
#9784 = DEFINITIONAL_REPRESENTATION('',(#9785),#9789);
#9785 = LINE('',#9786,#9787);
#9786 = CARTESIAN_POINT('',(0.,-300.));
#9787 = VECTOR('',#9788,1.);
#9788 = DIRECTION('',(1.,0.));
#9789 = ( GEOMETRIC_REPRESENTATION_CONTEXT(2) 
PARAMETRIC_REPRESENTATION_CONTEXT() REPRESENTATION_CONTEXT('2D SPACE',''
  ) );
#9790 = PCURVE('',#9705,#9791);
#9791 = DEFINITIONAL_REPRESENTATION('',(#9792),#9796);
#9792 = LINE('',#9793,#9794);
#9793 = CARTESIAN_POINT('',(6.,-1.500000000001E-02));
#9794 = VECTOR('',#9795,1.);
#9795 = DIRECTION('',(0.,1.));
#9796 = ( GEOMETRIC_REPRESENTATION_CONTEXT(2) 
PARAMETRIC_REPRESENTATION_CONTEXT() REPRESENTATION_CONTEXT('2D SPACE',''
  ) );
#9797 = ORIENTED_EDGE('',*,*,#9798,.F.);
#9798 = EDGE_CURVE('',#9799,#9776,#9801,.T.);
#9799 = VERTEX_POINT('',#9800);
#9800 = CARTESIAN_POINT('',(6.,40.03,-150.));
#9801 = SURFACE_CURVE('',#9802,(#9806,#9813),.PCURVE_S1.);
#9802 = LINE('',#9803,#9804);
#9803 = CARTESIAN_POINT('',(6.,40.03,-150.));
#9804 = VECTOR('',#9805,1.);
#9805 = DIRECTION('',(0.,0.,1.));
#9806 = PCURVE('',#9733,#9807);
#9807 = DEFINITIONAL_REPRESENTATION('',(#9808),#9812);
#9808 = LINE('',#9809,#9810);
#9809 = CARTESIAN_POINT('',(3.E-02,0.));
#9810 = VECTOR('',#9811,1.);
#9811 = DIRECTION('',(0.,-1.));
#9812 = ( GEOMETRIC_REPRESENTATION_CONTEXT(2) 
PARAMETRIC_REPRESENTATION_CONTEXT() REPRESENTATION_CONTEXT('2D SPACE',''
  ) );
#9813 = PCURVE('',#9814,#9819);
#9814 = PLANE('',#9815);
#9815 = AXIS2_PLACEMENT_3D('',#9816,#9817,#9818);
#9816 = CARTESIAN_POINT('',(6.,40.03,-150.));
#9817 = DIRECTION('',(0.,-1.,0.));
#9818 = DIRECTION('',(-1.,0.,0.));
#9819 = DEFINITIONAL_REPRESENTATION('',(#9820),#9824);
#9820 = LINE('',#9821,#9822);
#9821 = CARTESIAN_POINT('',(0.,-0.));
#9822 = VECTOR('',#9823,1.);
#9823 = DIRECTION('',(0.,-1.));
#9824 = ( GEOMETRIC_REPRESENTATION_CONTEXT(2) 
PARAMETRIC_REPRESENTATION_CONTEXT() REPRESENTATION_CONTEXT('2D SPACE',''
  ) );
#9825 = ORIENTED_EDGE('',*,*,#9826,.F.);
#9826 = EDGE_CURVE('',#9718,#9799,#9827,.T.);
#9827 = SURFACE_CURVE('',#9828,(#9832,#9839),.PCURVE_S1.);
#9828 = LINE('',#9829,#9830);
#9829 = CARTESIAN_POINT('',(6.,40.,-150.));
#9830 = VECTOR('',#9831,1.);
#9831 = DIRECTION('',(0.,1.,0.));
#9832 = PCURVE('',#9733,#9833);
#9833 = DEFINITIONAL_REPRESENTATION('',(#9834),#9838);
#9834 = LINE('',#9835,#9836);
#9835 = CARTESIAN_POINT('',(0.,0.));
#9836 = VECTOR('',#9837,1.);
#9837 = DIRECTION('',(1.,0.));
#9838 = ( GEOMETRIC_REPRESENTATION_CONTEXT(2) 
PARAMETRIC_REPRESENTATION_CONTEXT() REPRESENTATION_CONTEXT('2D SPACE',''
  ) );
#9839 = PCURVE('',#9759,#9840);
#9840 = DEFINITIONAL_REPRESENTATION('',(#9841),#9845);
#9841 = LINE('',#9842,#9843);
#9842 = CARTESIAN_POINT('',(6.,-1.500000000001E-02));
#9843 = VECTOR('',#9844,1.);
#9844 = DIRECTION('',(0.,1.));
#9845 = ( GEOMETRIC_REPRESENTATION_CONTEXT(2) 
PARAMETRIC_REPRESENTATION_CONTEXT() REPRESENTATION_CONTEXT('2D SPACE',''
  ) );
#9846 = ADVANCED_FACE('',(#9847),#9814,.F.);
#9847 = FACE_BOUND('',#9848,.F.);
#9848 = EDGE_LOOP('',(#9849,#9850,#9873,#9896));
#9849 = ORIENTED_EDGE('',*,*,#9798,.T.);
#9850 = ORIENTED_EDGE('',*,*,#9851,.T.);
#9851 = EDGE_CURVE('',#9776,#9852,#9854,.T.);
#9852 = VERTEX_POINT('',#9853);
#9853 = CARTESIAN_POINT('',(-6.,40.03,150.));
#9854 = SURFACE_CURVE('',#9855,(#9859,#9866),.PCURVE_S1.);
#9855 = LINE('',#9856,#9857);
#9856 = CARTESIAN_POINT('',(6.,40.03,150.));
#9857 = VECTOR('',#9858,1.);
#9858 = DIRECTION('',(-1.,0.,0.));
#9859 = PCURVE('',#9814,#9860);
#9860 = DEFINITIONAL_REPRESENTATION('',(#9861),#9865);
#9861 = LINE('',#9862,#9863);
#9862 = CARTESIAN_POINT('',(0.,-300.));
#9863 = VECTOR('',#9864,1.);
#9864 = DIRECTION('',(1.,0.));
#9865 = ( GEOMETRIC_REPRESENTATION_CONTEXT(2) 
PARAMETRIC_REPRESENTATION_CONTEXT() REPRESENTATION_CONTEXT('2D SPACE',''
  ) );
#9866 = PCURVE('',#9705,#9867);
#9867 = DEFINITIONAL_REPRESENTATION('',(#9868),#9872);
#9868 = LINE('',#9869,#9870);
#9869 = CARTESIAN_POINT('',(6.,1.499999999999E-02));
#9870 = VECTOR('',#9871,1.);
#9871 = DIRECTION('',(-1.,0.));
#9872 = ( GEOMETRIC_REPRESENTATION_CONTEXT(2) 
PARAMETRIC_REPRESENTATION_CONTEXT() REPRESENTATION_CONTEXT('2D SPACE',''
  ) );
#9873 = ORIENTED_EDGE('',*,*,#9874,.F.);
#9874 = EDGE_CURVE('',#9875,#9852,#9877,.T.);
#9875 = VERTEX_POINT('',#9876);
#9876 = CARTESIAN_POINT('',(-6.,40.03,-150.));
#9877 = SURFACE_CURVE('',#9878,(#9882,#9889),.PCURVE_S1.);
#9878 = LINE('',#9879,#9880);
#9879 = CARTESIAN_POINT('',(-6.,40.03,-150.));
#9880 = VECTOR('',#9881,1.);
#9881 = DIRECTION('',(0.,0.,1.));
#9882 = PCURVE('',#9814,#9883);
#9883 = DEFINITIONAL_REPRESENTATION('',(#9884),#9888);
#9884 = LINE('',#9885,#9886);
#9885 = CARTESIAN_POINT('',(12.,0.));
#9886 = VECTOR('',#9887,1.);
#9887 = DIRECTION('',(0.,-1.));
#9888 = ( GEOMETRIC_REPRESENTATION_CONTEXT(2) 
PARAMETRIC_REPRESENTATION_CONTEXT() REPRESENTATION_CONTEXT('2D SPACE',''
  ) );
#9889 = PCURVE('',#9677,#9890);
#9890 = DEFINITIONAL_REPRESENTATION('',(#9891),#9895);
#9891 = LINE('',#9892,#9893);
#9892 = CARTESIAN_POINT('',(0.,0.));
#9893 = VECTOR('',#9894,1.);
#9894 = DIRECTION('',(0.,-1.));
#9895 = ( GEOMETRIC_REPRESENTATION_CONTEXT(2) 
PARAMETRIC_REPRESENTATION_CONTEXT() REPRESENTATION_CONTEXT('2D SPACE',''
  ) );
#9896 = ORIENTED_EDGE('',*,*,#9897,.F.);
#9897 = EDGE_CURVE('',#9799,#9875,#9898,.T.);
#9898 = SURFACE_CURVE('',#9899,(#9903,#9910),.PCURVE_S1.);
#9899 = LINE('',#9900,#9901);
#9900 = CARTESIAN_POINT('',(6.,40.03,-150.));
#9901 = VECTOR('',#9902,1.);
#9902 = DIRECTION('',(-1.,0.,0.));
#9903 = PCURVE('',#9814,#9904);
#9904 = DEFINITIONAL_REPRESENTATION('',(#9905),#9909);
#9905 = LINE('',#9906,#9907);
#9906 = CARTESIAN_POINT('',(0.,-0.));
#9907 = VECTOR('',#9908,1.);
#9908 = DIRECTION('',(1.,0.));
#9909 = ( GEOMETRIC_REPRESENTATION_CONTEXT(2) 
PARAMETRIC_REPRESENTATION_CONTEXT() REPRESENTATION_CONTEXT('2D SPACE',''
  ) );
#9910 = PCURVE('',#9759,#9911);
#9911 = DEFINITIONAL_REPRESENTATION('',(#9912),#9916);
#9912 = LINE('',#9913,#9914);
#9913 = CARTESIAN_POINT('',(6.,1.499999999999E-02));
#9914 = VECTOR('',#9915,1.);
#9915 = DIRECTION('',(-1.,0.));
#9916 = ( GEOMETRIC_REPRESENTATION_CONTEXT(2) 
PARAMETRIC_REPRESENTATION_CONTEXT() REPRESENTATION_CONTEXT('2D SPACE',''
  ) );
#9917 = ADVANCED_FACE('',(#9918),#9677,.F.);
#9918 = FACE_BOUND('',#9919,.F.);
#9919 = EDGE_LOOP('',(#9920,#9921,#9942,#9943));
#9920 = ORIENTED_EDGE('',*,*,#9874,.T.);
#9921 = ORIENTED_EDGE('',*,*,#9922,.T.);
#9922 = EDGE_CURVE('',#9852,#9657,#9923,.T.);
#9923 = SURFACE_CURVE('',#9924,(#9928,#9935),.PCURVE_S1.);
#9924 = LINE('',#9925,#9926);
#9925 = CARTESIAN_POINT('',(-6.,40.03,150.));
#9926 = VECTOR('',#9927,1.);
#9927 = DIRECTION('',(0.,-1.,0.));
#9928 = PCURVE('',#9677,#9929);
#9929 = DEFINITIONAL_REPRESENTATION('',(#9930),#9934);
#9930 = LINE('',#9931,#9932);
#9931 = CARTESIAN_POINT('',(0.,-300.));
#9932 = VECTOR('',#9933,1.);
#9933 = DIRECTION('',(1.,0.));
#9934 = ( GEOMETRIC_REPRESENTATION_CONTEXT(2) 
PARAMETRIC_REPRESENTATION_CONTEXT() REPRESENTATION_CONTEXT('2D SPACE',''
  ) );
#9935 = PCURVE('',#9705,#9936);
#9936 = DEFINITIONAL_REPRESENTATION('',(#9937),#9941);
#9937 = LINE('',#9938,#9939);
#9938 = CARTESIAN_POINT('',(-6.,1.499999999999E-02));
#9939 = VECTOR('',#9940,1.);
#9940 = DIRECTION('',(0.,-1.));
#9941 = ( GEOMETRIC_REPRESENTATION_CONTEXT(2) 
PARAMETRIC_REPRESENTATION_CONTEXT() REPRESENTATION_CONTEXT('2D SPACE',''
  ) );
#9942 = ORIENTED_EDGE('',*,*,#9654,.F.);
#9943 = ORIENTED_EDGE('',*,*,#9944,.F.);
#9944 = EDGE_CURVE('',#9875,#9655,#9945,.T.);
#9945 = SURFACE_CURVE('',#9946,(#9950,#9957),.PCURVE_S1.);
#9946 = LINE('',#9947,#9948);
#9947 = CARTESIAN_POINT('',(-6.,40.03,-150.));
#9948 = VECTOR('',#9949,1.);
#9949 = DIRECTION('',(0.,-1.,0.));
#9950 = PCURVE('',#9677,#9951);
#9951 = DEFINITIONAL_REPRESENTATION('',(#9952),#9956);
#9952 = LINE('',#9953,#9954);
#9953 = CARTESIAN_POINT('',(0.,0.));
#9954 = VECTOR('',#9955,1.);
#9955 = DIRECTION('',(1.,0.));
#9956 = ( GEOMETRIC_REPRESENTATION_CONTEXT(2) 
PARAMETRIC_REPRESENTATION_CONTEXT() REPRESENTATION_CONTEXT('2D SPACE',''
  ) );
#9957 = PCURVE('',#9759,#9958);
#9958 = DEFINITIONAL_REPRESENTATION('',(#9959),#9963);
#9959 = LINE('',#9960,#9961);
#9960 = CARTESIAN_POINT('',(-6.,1.499999999999E-02));
#9961 = VECTOR('',#9962,1.);
#9962 = DIRECTION('',(0.,-1.));
#9963 = ( GEOMETRIC_REPRESENTATION_CONTEXT(2) 
PARAMETRIC_REPRESENTATION_CONTEXT() REPRESENTATION_CONTEXT('2D SPACE',''
  ) );
#9964 = ADVANCED_FACE('',(#9965),#9759,.F.);
#9965 = FACE_BOUND('',#9966,.F.);
#9966 = EDGE_LOOP('',(#9967,#9968,#9969,#9970));
#9967 = ORIENTED_EDGE('',*,*,#9745,.T.);
#9968 = ORIENTED_EDGE('',*,*,#9826,.T.);
#9969 = ORIENTED_EDGE('',*,*,#9897,.T.);
#9970 = ORIENTED_EDGE('',*,*,#9944,.T.);
#9971 = ADVANCED_FACE('',(#9972),#9705,.T.);
#9972 = FACE_BOUND('',#9973,.T.);
#9973 = EDGE_LOOP('',(#9974,#9975,#9976,#9977));
#9974 = ORIENTED_EDGE('',*,*,#9689,.T.);
#9975 = ORIENTED_EDGE('',*,*,#9775,.T.);
#9976 = ORIENTED_EDGE('',*,*,#9851,.T.);
#9977 = ORIENTED_EDGE('',*,*,#9922,.T.);
#9978 = ( GEOMETRIC_REPRESENTATION_CONTEXT(3) 
GLOBAL_UNCERTAINTY_ASSIGNED_CONTEXT((#9982)) 
GLOBAL_UNIT_ASSIGNED_CONTEXT((#9979,#9980,#9981)) REPRESENTATION_CONTEXT
('Context #1','3D Context with UNIT and UNCERTAINTY') );
#9979 = ( LENGTH_UNIT() NAMED_UNIT(*) SI_UNIT(.MILLI.,.METRE.) );
#9980 = ( NAMED_UNIT(*) PLANE_ANGLE_UNIT() SI_UNIT($,.RADIAN.) );
#9981 = ( NAMED_UNIT(*) SI_UNIT($,.STERADIAN.) SOLID_ANGLE_UNIT() );
#9982 = UNCERTAINTY_MEASURE_WITH_UNIT(LENGTH_MEASURE(1.E-07),#9979,
  'distance_accuracy_value','confusion accuracy');
#9983 = SHAPE_DEFINITION_REPRESENTATION(#9984,#9647);
#9984 = PRODUCT_DEFINITION_SHAPE('','',#9985);
#9985 = PRODUCT_DEFINITION('design','',#9986,#9989);
#9986 = PRODUCT_DEFINITION_FORMATION('','',#9987);
#9987 = PRODUCT('Open CASCADE STEP translator 7.5 1.3',
  'Open CASCADE STEP translator 7.5 1.3','',(#9988));
#9988 = PRODUCT_CONTEXT('',#2,'mechanical');
#9989 = PRODUCT_DEFINITION_CONTEXT('part definition',#2,'design');
#9990 = CONTEXT_DEPENDENT_SHAPE_REPRESENTATION(#9991,#9993);
#9991 = ( REPRESENTATION_RELATIONSHIP('','',#9647,#10) 
REPRESENTATION_RELATIONSHIP_WITH_TRANSFORMATION(#9992) 
SHAPE_REPRESENTATION_RELATIONSHIP() );
#9992 = ITEM_DEFINED_TRANSFORMATION('','',#11,#23);
#9993 = PRODUCT_DEFINITION_SHAPE('Placement','Placement of an item',
  #9994);
#9994 = NEXT_ASSEMBLY_USAGE_OCCURRENCE('3','','',#5,#9985,$);
#9995 = PRODUCT_RELATED_PRODUCT_CATEGORY('part',$,(#9987));
#9996 = ADVANCED_BREP_SHAPE_REPRESENTATION('',(#11,#9997),#10327);
#9997 = MANIFOLD_SOLID_BREP('',#9998);
#9998 = CLOSED_SHELL('',(#9999,#10119,#10195,#10266,#10313,#10320));
#9999 = ADVANCED_FACE('',(#10000),#10014,.F.);
#10000 = FACE_BOUND('',#10001,.F.);
#10001 = EDGE_LOOP('',(#10002,#10037,#10065,#10093));
#10002 = ORIENTED_EDGE('',*,*,#10003,.T.);
#10003 = EDGE_CURVE('',#10004,#10006,#10008,.T.);
#10004 = VERTEX_POINT('',#10005);
#10005 = CARTESIAN_POINT('',(-6.,40.2,-150.));
#10006 = VERTEX_POINT('',#10007);
#10007 = CARTESIAN_POINT('',(-6.,40.2,150.));
#10008 = SURFACE_CURVE('',#10009,(#10013,#10025),.PCURVE_S1.);
#10009 = LINE('',#10010,#10011);
#10010 = CARTESIAN_POINT('',(-6.,40.2,-150.));
#10011 = VECTOR('',#10012,1.);
#10012 = DIRECTION('',(0.,0.,1.));
#10013 = PCURVE('',#10014,#10019);
#10014 = PLANE('',#10015);
#10015 = AXIS2_PLACEMENT_3D('',#10016,#10017,#10018);
#10016 = CARTESIAN_POINT('',(-6.,40.2,-150.));
#10017 = DIRECTION('',(0.,1.,0.));
#10018 = DIRECTION('',(1.,0.,0.));
#10019 = DEFINITIONAL_REPRESENTATION('',(#10020),#10024);
#10020 = LINE('',#10021,#10022);
#10021 = CARTESIAN_POINT('',(0.,0.));
#10022 = VECTOR('',#10023,1.);
#10023 = DIRECTION('',(0.,-1.));
#10024 = ( GEOMETRIC_REPRESENTATION_CONTEXT(2) 
PARAMETRIC_REPRESENTATION_CONTEXT() REPRESENTATION_CONTEXT('2D SPACE',''
  ) );
#10025 = PCURVE('',#10026,#10031);
#10026 = PLANE('',#10027);
#10027 = AXIS2_PLACEMENT_3D('',#10028,#10029,#10030);
#10028 = CARTESIAN_POINT('',(-6.,40.23,-150.));
#10029 = DIRECTION('',(1.,0.,-0.));
#10030 = DIRECTION('',(0.,-1.,0.));
#10031 = DEFINITIONAL_REPRESENTATION('',(#10032),#10036);
#10032 = LINE('',#10033,#10034);
#10033 = CARTESIAN_POINT('',(3.E-02,0.));
#10034 = VECTOR('',#10035,1.);
#10035 = DIRECTION('',(0.,-1.));
#10036 = ( GEOMETRIC_REPRESENTATION_CONTEXT(2) 
PARAMETRIC_REPRESENTATION_CONTEXT() REPRESENTATION_CONTEXT('2D SPACE',''
  ) );
#10037 = ORIENTED_EDGE('',*,*,#10038,.T.);
#10038 = EDGE_CURVE('',#10006,#10039,#10041,.T.);
#10039 = VERTEX_POINT('',#10040);
#10040 = CARTESIAN_POINT('',(6.,40.2,150.));
#10041 = SURFACE_CURVE('',#10042,(#10046,#10053),.PCURVE_S1.);
#10042 = LINE('',#10043,#10044);
#10043 = CARTESIAN_POINT('',(-6.,40.2,150.));
#10044 = VECTOR('',#10045,1.);
#10045 = DIRECTION('',(1.,0.,0.));
#10046 = PCURVE('',#10014,#10047);
#10047 = DEFINITIONAL_REPRESENTATION('',(#10048),#10052);
#10048 = LINE('',#10049,#10050);
#10049 = CARTESIAN_POINT('',(0.,-300.));
#10050 = VECTOR('',#10051,1.);
#10051 = DIRECTION('',(1.,0.));
#10052 = ( GEOMETRIC_REPRESENTATION_CONTEXT(2) 
PARAMETRIC_REPRESENTATION_CONTEXT() REPRESENTATION_CONTEXT('2D SPACE',''
  ) );
#10053 = PCURVE('',#10054,#10059);
#10054 = PLANE('',#10055);
#10055 = AXIS2_PLACEMENT_3D('',#10056,#10057,#10058);
#10056 = CARTESIAN_POINT('',(2.366030157425E-15,40.215,150.));
#10057 = DIRECTION('',(0.,0.,1.));
#10058 = DIRECTION('',(1.,0.,-0.));
#10059 = DEFINITIONAL_REPRESENTATION('',(#10060),#10064);
#10060 = LINE('',#10061,#10062);
#10061 = CARTESIAN_POINT('',(-6.,-1.5E-02));
#10062 = VECTOR('',#10063,1.);
#10063 = DIRECTION('',(1.,0.));
#10064 = ( GEOMETRIC_REPRESENTATION_CONTEXT(2) 
PARAMETRIC_REPRESENTATION_CONTEXT() REPRESENTATION_CONTEXT('2D SPACE',''
  ) );
#10065 = ORIENTED_EDGE('',*,*,#10066,.F.);
#10066 = EDGE_CURVE('',#10067,#10039,#10069,.T.);
#10067 = VERTEX_POINT('',#10068);
#10068 = CARTESIAN_POINT('',(6.,40.2,-150.));
#10069 = SURFACE_CURVE('',#10070,(#10074,#10081),.PCURVE_S1.);
#10070 = LINE('',#10071,#10072);
#10071 = CARTESIAN_POINT('',(6.,40.2,-150.));
#10072 = VECTOR('',#10073,1.);
#10073 = DIRECTION('',(0.,0.,1.));
#10074 = PCURVE('',#10014,#10075);
#10075 = DEFINITIONAL_REPRESENTATION('',(#10076),#10080);
#10076 = LINE('',#10077,#10078);
#10077 = CARTESIAN_POINT('',(12.,0.));
#10078 = VECTOR('',#10079,1.);
#10079 = DIRECTION('',(0.,-1.));
#10080 = ( GEOMETRIC_REPRESENTATION_CONTEXT(2) 
PARAMETRIC_REPRESENTATION_CONTEXT() REPRESENTATION_CONTEXT('2D SPACE',''
  ) );
#10081 = PCURVE('',#10082,#10087);
#10082 = PLANE('',#10083);
#10083 = AXIS2_PLACEMENT_3D('',#10084,#10085,#10086);
#10084 = CARTESIAN_POINT('',(6.,40.2,-150.));
#10085 = DIRECTION('',(-1.,0.,0.));
#10086 = DIRECTION('',(0.,1.,0.));
#10087 = DEFINITIONAL_REPRESENTATION('',(#10088),#10092);
#10088 = LINE('',#10089,#10090);
#10089 = CARTESIAN_POINT('',(0.,0.));
#10090 = VECTOR('',#10091,1.);
#10091 = DIRECTION('',(0.,-1.));
#10092 = ( GEOMETRIC_REPRESENTATION_CONTEXT(2) 
PARAMETRIC_REPRESENTATION_CONTEXT() REPRESENTATION_CONTEXT('2D SPACE',''
  ) );
#10093 = ORIENTED_EDGE('',*,*,#10094,.F.);
#10094 = EDGE_CURVE('',#10004,#10067,#10095,.T.);
#10095 = SURFACE_CURVE('',#10096,(#10100,#10107),.PCURVE_S1.);
#10096 = LINE('',#10097,#10098);
#10097 = CARTESIAN_POINT('',(-6.,40.2,-150.));
#10098 = VECTOR('',#10099,1.);
#10099 = DIRECTION('',(1.,0.,0.));
#10100 = PCURVE('',#10014,#10101);
#10101 = DEFINITIONAL_REPRESENTATION('',(#10102),#10106);
#10102 = LINE('',#10103,#10104);
#10103 = CARTESIAN_POINT('',(0.,0.));
#10104 = VECTOR('',#10105,1.);
#10105 = DIRECTION('',(1.,0.));
#10106 = ( GEOMETRIC_REPRESENTATION_CONTEXT(2) 
PARAMETRIC_REPRESENTATION_CONTEXT() REPRESENTATION_CONTEXT('2D SPACE',''
  ) );
#10107 = PCURVE('',#10108,#10113);
#10108 = PLANE('',#10109);
#10109 = AXIS2_PLACEMENT_3D('',#10110,#10111,#10112);
#10110 = CARTESIAN_POINT('',(2.366030157425E-15,40.215,-150.));
#10111 = DIRECTION('',(0.,0.,1.));
#10112 = DIRECTION('',(1.,0.,-0.));
#10113 = DEFINITIONAL_REPRESENTATION('',(#10114),#10118);
#10114 = LINE('',#10115,#10116);
#10115 = CARTESIAN_POINT('',(-6.,-1.5E-02));
#10116 = VECTOR('',#10117,1.);
#10117 = DIRECTION('',(1.,0.));
#10118 = ( GEOMETRIC_REPRESENTATION_CONTEXT(2) 
PARAMETRIC_REPRESENTATION_CONTEXT() REPRESENTATION_CONTEXT('2D SPACE',''
  ) );
#10119 = ADVANCED_FACE('',(#10120),#10082,.F.);
#10120 = FACE_BOUND('',#10121,.F.);
#10121 = EDGE_LOOP('',(#10122,#10123,#10146,#10174));
#10122 = ORIENTED_EDGE('',*,*,#10066,.T.);
#10123 = ORIENTED_EDGE('',*,*,#10124,.T.);
#10124 = EDGE_CURVE('',#10039,#10125,#10127,.T.);
#10125 = VERTEX_POINT('',#10126);
#10126 = CARTESIAN_POINT('',(6.,40.23,150.));
#10127 = SURFACE_CURVE('',#10128,(#10132,#10139),.PCURVE_S1.);
#10128 = LINE('',#10129,#10130);
#10129 = CARTESIAN_POINT('',(6.,40.2,150.));
#10130 = VECTOR('',#10131,1.);
#10131 = DIRECTION('',(0.,1.,0.));
#10132 = PCURVE('',#10082,#10133);
#10133 = DEFINITIONAL_REPRESENTATION('',(#10134),#10138);
#10134 = LINE('',#10135,#10136);
#10135 = CARTESIAN_POINT('',(0.,-300.));
#10136 = VECTOR('',#10137,1.);
#10137 = DIRECTION('',(1.,0.));
#10138 = ( GEOMETRIC_REPRESENTATION_CONTEXT(2) 
PARAMETRIC_REPRESENTATION_CONTEXT() REPRESENTATION_CONTEXT('2D SPACE',''
  ) );
#10139 = PCURVE('',#10054,#10140);
#10140 = DEFINITIONAL_REPRESENTATION('',(#10141),#10145);
#10141 = LINE('',#10142,#10143);
#10142 = CARTESIAN_POINT('',(6.,-1.5E-02));
#10143 = VECTOR('',#10144,1.);
#10144 = DIRECTION('',(0.,1.));
#10145 = ( GEOMETRIC_REPRESENTATION_CONTEXT(2) 
PARAMETRIC_REPRESENTATION_CONTEXT() REPRESENTATION_CONTEXT('2D SPACE',''
  ) );
#10146 = ORIENTED_EDGE('',*,*,#10147,.F.);
#10147 = EDGE_CURVE('',#10148,#10125,#10150,.T.);
#10148 = VERTEX_POINT('',#10149);
#10149 = CARTESIAN_POINT('',(6.,40.23,-150.));
#10150 = SURFACE_CURVE('',#10151,(#10155,#10162),.PCURVE_S1.);
#10151 = LINE('',#10152,#10153);
#10152 = CARTESIAN_POINT('',(6.,40.23,-150.));
#10153 = VECTOR('',#10154,1.);
#10154 = DIRECTION('',(0.,0.,1.));
#10155 = PCURVE('',#10082,#10156);
#10156 = DEFINITIONAL_REPRESENTATION('',(#10157),#10161);
#10157 = LINE('',#10158,#10159);
#10158 = CARTESIAN_POINT('',(3.E-02,0.));
#10159 = VECTOR('',#10160,1.);
#10160 = DIRECTION('',(0.,-1.));
#10161 = ( GEOMETRIC_REPRESENTATION_CONTEXT(2) 
PARAMETRIC_REPRESENTATION_CONTEXT() REPRESENTATION_CONTEXT('2D SPACE',''
  ) );
#10162 = PCURVE('',#10163,#10168);
#10163 = PLANE('',#10164);
#10164 = AXIS2_PLACEMENT_3D('',#10165,#10166,#10167);
#10165 = CARTESIAN_POINT('',(6.,40.23,-150.));
#10166 = DIRECTION('',(0.,-1.,0.));
#10167 = DIRECTION('',(-1.,0.,0.));
#10168 = DEFINITIONAL_REPRESENTATION('',(#10169),#10173);
#10169 = LINE('',#10170,#10171);
#10170 = CARTESIAN_POINT('',(0.,-0.));
#10171 = VECTOR('',#10172,1.);
#10172 = DIRECTION('',(0.,-1.));
#10173 = ( GEOMETRIC_REPRESENTATION_CONTEXT(2) 
PARAMETRIC_REPRESENTATION_CONTEXT() REPRESENTATION_CONTEXT('2D SPACE',''
  ) );
#10174 = ORIENTED_EDGE('',*,*,#10175,.F.);
#10175 = EDGE_CURVE('',#10067,#10148,#10176,.T.);
#10176 = SURFACE_CURVE('',#10177,(#10181,#10188),.PCURVE_S1.);
#10177 = LINE('',#10178,#10179);
#10178 = CARTESIAN_POINT('',(6.,40.2,-150.));
#10179 = VECTOR('',#10180,1.);
#10180 = DIRECTION('',(0.,1.,0.));
#10181 = PCURVE('',#10082,#10182);
#10182 = DEFINITIONAL_REPRESENTATION('',(#10183),#10187);
#10183 = LINE('',#10184,#10185);
#10184 = CARTESIAN_POINT('',(0.,0.));
#10185 = VECTOR('',#10186,1.);
#10186 = DIRECTION('',(1.,0.));
#10187 = ( GEOMETRIC_REPRESENTATION_CONTEXT(2) 
PARAMETRIC_REPRESENTATION_CONTEXT() REPRESENTATION_CONTEXT('2D SPACE',''
  ) );
#10188 = PCURVE('',#10108,#10189);
#10189 = DEFINITIONAL_REPRESENTATION('',(#10190),#10194);
#10190 = LINE('',#10191,#10192);
#10191 = CARTESIAN_POINT('',(6.,-1.5E-02));
#10192 = VECTOR('',#10193,1.);
#10193 = DIRECTION('',(0.,1.));
#10194 = ( GEOMETRIC_REPRESENTATION_CONTEXT(2) 
PARAMETRIC_REPRESENTATION_CONTEXT() REPRESENTATION_CONTEXT('2D SPACE',''
  ) );
#10195 = ADVANCED_FACE('',(#10196),#10163,.F.);
#10196 = FACE_BOUND('',#10197,.F.);
#10197 = EDGE_LOOP('',(#10198,#10199,#10222,#10245));
#10198 = ORIENTED_EDGE('',*,*,#10147,.T.);
#10199 = ORIENTED_EDGE('',*,*,#10200,.T.);
#10200 = EDGE_CURVE('',#10125,#10201,#10203,.T.);
#10201 = VERTEX_POINT('',#10202);
#10202 = CARTESIAN_POINT('',(-6.,40.23,150.));
#10203 = SURFACE_CURVE('',#10204,(#10208,#10215),.PCURVE_S1.);
#10204 = LINE('',#10205,#10206);
#10205 = CARTESIAN_POINT('',(6.,40.23,150.));
#10206 = VECTOR('',#10207,1.);
#10207 = DIRECTION('',(-1.,0.,0.));
#10208 = PCURVE('',#10163,#10209);
#10209 = DEFINITIONAL_REPRESENTATION('',(#10210),#10214);
#10210 = LINE('',#10211,#10212);
#10211 = CARTESIAN_POINT('',(0.,-300.));
#10212 = VECTOR('',#10213,1.);
#10213 = DIRECTION('',(1.,0.));
#10214 = ( GEOMETRIC_REPRESENTATION_CONTEXT(2) 
PARAMETRIC_REPRESENTATION_CONTEXT() REPRESENTATION_CONTEXT('2D SPACE',''
  ) );
#10215 = PCURVE('',#10054,#10216);
#10216 = DEFINITIONAL_REPRESENTATION('',(#10217),#10221);
#10217 = LINE('',#10218,#10219);
#10218 = CARTESIAN_POINT('',(6.,1.5E-02));
#10219 = VECTOR('',#10220,1.);
#10220 = DIRECTION('',(-1.,0.));
#10221 = ( GEOMETRIC_REPRESENTATION_CONTEXT(2) 
PARAMETRIC_REPRESENTATION_CONTEXT() REPRESENTATION_CONTEXT('2D SPACE',''
  ) );
#10222 = ORIENTED_EDGE('',*,*,#10223,.F.);
#10223 = EDGE_CURVE('',#10224,#10201,#10226,.T.);
#10224 = VERTEX_POINT('',#10225);
#10225 = CARTESIAN_POINT('',(-6.,40.23,-150.));
#10226 = SURFACE_CURVE('',#10227,(#10231,#10238),.PCURVE_S1.);
#10227 = LINE('',#10228,#10229);
#10228 = CARTESIAN_POINT('',(-6.,40.23,-150.));
#10229 = VECTOR('',#10230,1.);
#10230 = DIRECTION('',(0.,0.,1.));
#10231 = PCURVE('',#10163,#10232);
#10232 = DEFINITIONAL_REPRESENTATION('',(#10233),#10237);
#10233 = LINE('',#10234,#10235);
#10234 = CARTESIAN_POINT('',(12.,0.));
#10235 = VECTOR('',#10236,1.);
#10236 = DIRECTION('',(0.,-1.));
#10237 = ( GEOMETRIC_REPRESENTATION_CONTEXT(2) 
PARAMETRIC_REPRESENTATION_CONTEXT() REPRESENTATION_CONTEXT('2D SPACE',''
  ) );
#10238 = PCURVE('',#10026,#10239);
#10239 = DEFINITIONAL_REPRESENTATION('',(#10240),#10244);
#10240 = LINE('',#10241,#10242);
#10241 = CARTESIAN_POINT('',(0.,0.));
#10242 = VECTOR('',#10243,1.);
#10243 = DIRECTION('',(0.,-1.));
#10244 = ( GEOMETRIC_REPRESENTATION_CONTEXT(2) 
PARAMETRIC_REPRESENTATION_CONTEXT() REPRESENTATION_CONTEXT('2D SPACE',''
  ) );
#10245 = ORIENTED_EDGE('',*,*,#10246,.F.);
#10246 = EDGE_CURVE('',#10148,#10224,#10247,.T.);
#10247 = SURFACE_CURVE('',#10248,(#10252,#10259),.PCURVE_S1.);
#10248 = LINE('',#10249,#10250);
#10249 = CARTESIAN_POINT('',(6.,40.23,-150.));
#10250 = VECTOR('',#10251,1.);
#10251 = DIRECTION('',(-1.,0.,0.));
#10252 = PCURVE('',#10163,#10253);
#10253 = DEFINITIONAL_REPRESENTATION('',(#10254),#10258);
#10254 = LINE('',#10255,#10256);
#10255 = CARTESIAN_POINT('',(0.,-0.));
#10256 = VECTOR('',#10257,1.);
#10257 = DIRECTION('',(1.,0.));
#10258 = ( GEOMETRIC_REPRESENTATION_CONTEXT(2) 
PARAMETRIC_REPRESENTATION_CONTEXT() REPRESENTATION_CONTEXT('2D SPACE',''
  ) );
#10259 = PCURVE('',#10108,#10260);
#10260 = DEFINITIONAL_REPRESENTATION('',(#10261),#10265);
#10261 = LINE('',#10262,#10263);
#10262 = CARTESIAN_POINT('',(6.,1.5E-02));
#10263 = VECTOR('',#10264,1.);
#10264 = DIRECTION('',(-1.,0.));
#10265 = ( GEOMETRIC_REPRESENTATION_CONTEXT(2) 
PARAMETRIC_REPRESENTATION_CONTEXT() REPRESENTATION_CONTEXT('2D SPACE',''
  ) );
#10266 = ADVANCED_FACE('',(#10267),#10026,.F.);
#10267 = FACE_BOUND('',#10268,.F.);
#10268 = EDGE_LOOP('',(#10269,#10270,#10291,#10292));
#10269 = ORIENTED_EDGE('',*,*,#10223,.T.);
#10270 = ORIENTED_EDGE('',*,*,#10271,.T.);
#10271 = EDGE_CURVE('',#10201,#10006,#10272,.T.);
#10272 = SURFACE_CURVE('',#10273,(#10277,#10284),.PCURVE_S1.);
#10273 = LINE('',#10274,#10275);
#10274 = CARTESIAN_POINT('',(-6.,40.23,150.));
#10275 = VECTOR('',#10276,1.);
#10276 = DIRECTION('',(0.,-1.,0.));
#10277 = PCURVE('',#10026,#10278);
#10278 = DEFINITIONAL_REPRESENTATION('',(#10279),#10283);
#10279 = LINE('',#10280,#10281);
#10280 = CARTESIAN_POINT('',(0.,-300.));
#10281 = VECTOR('',#10282,1.);
#10282 = DIRECTION('',(1.,0.));
#10283 = ( GEOMETRIC_REPRESENTATION_CONTEXT(2) 
PARAMETRIC_REPRESENTATION_CONTEXT() REPRESENTATION_CONTEXT('2D SPACE',''
  ) );
#10284 = PCURVE('',#10054,#10285);
#10285 = DEFINITIONAL_REPRESENTATION('',(#10286),#10290);
#10286 = LINE('',#10287,#10288);
#10287 = CARTESIAN_POINT('',(-6.,1.5E-02));
#10288 = VECTOR('',#10289,1.);
#10289 = DIRECTION('',(0.,-1.));
#10290 = ( GEOMETRIC_REPRESENTATION_CONTEXT(2) 
PARAMETRIC_REPRESENTATION_CONTEXT() REPRESENTATION_CONTEXT('2D SPACE',''
  ) );
#10291 = ORIENTED_EDGE('',*,*,#10003,.F.);
#10292 = ORIENTED_EDGE('',*,*,#10293,.F.);
#10293 = EDGE_CURVE('',#10224,#10004,#10294,.T.);
#10294 = SURFACE_CURVE('',#10295,(#10299,#10306),.PCURVE_S1.);
#10295 = LINE('',#10296,#10297);
#10296 = CARTESIAN_POINT('',(-6.,40.23,-150.));
#10297 = VECTOR('',#10298,1.);
#10298 = DIRECTION('',(0.,-1.,0.));
#10299 = PCURVE('',#10026,#10300);
#10300 = DEFINITIONAL_REPRESENTATION('',(#10301),#10305);
#10301 = LINE('',#10302,#10303);
#10302 = CARTESIAN_POINT('',(0.,0.));
#10303 = VECTOR('',#10304,1.);
#10304 = DIRECTION('',(1.,0.));
#10305 = ( GEOMETRIC_REPRESENTATION_CONTEXT(2) 
PARAMETRIC_REPRESENTATION_CONTEXT() REPRESENTATION_CONTEXT('2D SPACE',''
  ) );
#10306 = PCURVE('',#10108,#10307);
#10307 = DEFINITIONAL_REPRESENTATION('',(#10308),#10312);
#10308 = LINE('',#10309,#10310);
#10309 = CARTESIAN_POINT('',(-6.,1.5E-02));
#10310 = VECTOR('',#10311,1.);
#10311 = DIRECTION('',(0.,-1.));
#10312 = ( GEOMETRIC_REPRESENTATION_CONTEXT(2) 
PARAMETRIC_REPRESENTATION_CONTEXT() REPRESENTATION_CONTEXT('2D SPACE',''
  ) );
#10313 = ADVANCED_FACE('',(#10314),#10108,.F.);
#10314 = FACE_BOUND('',#10315,.F.);
#10315 = EDGE_LOOP('',(#10316,#10317,#10318,#10319));
#10316 = ORIENTED_EDGE('',*,*,#10094,.T.);
#10317 = ORIENTED_EDGE('',*,*,#10175,.T.);
#10318 = ORIENTED_EDGE('',*,*,#10246,.T.);
#10319 = ORIENTED_EDGE('',*,*,#10293,.T.);
#10320 = ADVANCED_FACE('',(#10321),#10054,.T.);
#10321 = FACE_BOUND('',#10322,.T.);
#10322 = EDGE_LOOP('',(#10323,#10324,#10325,#10326));
#10323 = ORIENTED_EDGE('',*,*,#10038,.T.);
#10324 = ORIENTED_EDGE('',*,*,#10124,.T.);
#10325 = ORIENTED_EDGE('',*,*,#10200,.T.);
#10326 = ORIENTED_EDGE('',*,*,#10271,.T.);
#10327 = ( GEOMETRIC_REPRESENTATION_CONTEXT(3) 
GLOBAL_UNCERTAINTY_ASSIGNED_CONTEXT((#10331)) 
GLOBAL_UNIT_ASSIGNED_CONTEXT((#10328,#10329,#10330)) 
REPRESENTATION_CONTEXT('Context #1',
  '3D Context with UNIT and UNCERTAINTY') );
#10328 = ( LENGTH_UNIT() NAMED_UNIT(*) SI_UNIT(.MILLI.,.METRE.) );
#10329 = ( NAMED_UNIT(*) PLANE_ANGLE_UNIT() SI_UNIT($,.RADIAN.) );
#10330 = ( NAMED_UNIT(*) SI_UNIT($,.STERADIAN.) SOLID_ANGLE_UNIT() );
#10331 = UNCERTAINTY_MEASURE_WITH_UNIT(LENGTH_MEASURE(1.E-07),#10328,
  'distance_accuracy_value','confusion accuracy');
#10332 = SHAPE_DEFINITION_REPRESENTATION(#10333,#9996);
#10333 = PRODUCT_DEFINITION_SHAPE('','',#10334);
#10334 = PRODUCT_DEFINITION('design','',#10335,#10338);
#10335 = PRODUCT_DEFINITION_FORMATION('','',#10336);
#10336 = PRODUCT('Open CASCADE STEP translator 7.5 1.4',
  'Open CASCADE STEP translator 7.5 1.4','',(#10337));
#10337 = PRODUCT_CONTEXT('',#2,'mechanical');
#10338 = PRODUCT_DEFINITION_CONTEXT('part definition',#2,'design');
#10339 = CONTEXT_DEPENDENT_SHAPE_REPRESENTATION(#10340,#10342);
#10340 = ( REPRESENTATION_RELATIONSHIP('','',#9996,#10) 
REPRESENTATION_RELATIONSHIP_WITH_TRANSFORMATION(#10341) 
SHAPE_REPRESENTATION_RELATIONSHIP() );
#10341 = ITEM_DEFINED_TRANSFORMATION('','',#11,#27);
#10342 = PRODUCT_DEFINITION_SHAPE('Placement','Placement of an item',
  #10343);
#10343 = NEXT_ASSEMBLY_USAGE_OCCURRENCE('4','','',#5,#10334,$);
#10344 = PRODUCT_RELATED_PRODUCT_CATEGORY('part',$,(#10336));
#10345 = SHAPE_DEFINITION_REPRESENTATION(#10346,#10352);
#10346 = PRODUCT_DEFINITION_SHAPE('','',#10347);
#10347 = PRODUCT_DEFINITION('design','',#10348,#10351);
#10348 = PRODUCT_DEFINITION_FORMATION('','',#10349);
#10349 = PRODUCT('Open CASCADE STEP translator 7.5 1.5',
  'Open CASCADE STEP translator 7.5 1.5','',(#10350));
#10350 = PRODUCT_CONTEXT('',#2,'mechanical');
#10351 = PRODUCT_DEFINITION_CONTEXT('part definition',#2,'design');
#10352 = SHAPE_REPRESENTATION('',(#11,#10353,#10357,#10361,#10365,#10369
    ),#10373);
#10353 = AXIS2_PLACEMENT_3D('',#10354,#10355,#10356);
#10354 = CARTESIAN_POINT('',(0.,0.,0.));
#10355 = DIRECTION('',(0.,0.,1.));
#10356 = DIRECTION('',(1.,0.,-0.));
#10357 = AXIS2_PLACEMENT_3D('',#10358,#10359,#10360);
#10358 = CARTESIAN_POINT('',(0.,0.,0.));
#10359 = DIRECTION('',(0.,0.,1.));
#10360 = DIRECTION('',(1.,0.,-0.));
#10361 = AXIS2_PLACEMENT_3D('',#10362,#10363,#10364);
#10362 = CARTESIAN_POINT('',(0.,0.,0.));
#10363 = DIRECTION('',(0.,0.,1.));
#10364 = DIRECTION('',(1.,0.,-0.));
#10365 = AXIS2_PLACEMENT_3D('',#10366,#10367,#10368);
#10366 = CARTESIAN_POINT('',(0.,0.,0.));
#10367 = DIRECTION('',(0.,0.,1.));
#10368 = DIRECTION('',(1.,0.,-0.));
#10369 = AXIS2_PLACEMENT_3D('',#10370,#10371,#10372);
#10370 = CARTESIAN_POINT('',(0.,0.,0.));
#10371 = DIRECTION('',(0.,0.,1.));
#10372 = DIRECTION('',(1.,0.,-0.));
#10373 = ( GEOMETRIC_REPRESENTATION_CONTEXT(3) 
GLOBAL_UNCERTAINTY_ASSIGNED_CONTEXT((#10377)) 
GLOBAL_UNIT_ASSIGNED_CONTEXT((#10374,#10375,#10376)) 
REPRESENTATION_CONTEXT('Context #1',
  '3D Context with UNIT and UNCERTAINTY') );
#10374 = ( LENGTH_UNIT() NAMED_UNIT(*) SI_UNIT(.MILLI.,.METRE.) );
#10375 = ( NAMED_UNIT(*) PLANE_ANGLE_UNIT() SI_UNIT($,.RADIAN.) );
#10376 = ( NAMED_UNIT(*) SI_UNIT($,.STERADIAN.) SOLID_ANGLE_UNIT() );
#10377 = UNCERTAINTY_MEASURE_WITH_UNIT(LENGTH_MEASURE(1.E-07),#10374,
  'distance_accuracy_value','confusion accuracy');
#10378 = ADVANCED_BREP_SHAPE_REPRESENTATION('',(#11,#10379),#10477);
#10379 = MANIFOLD_SOLID_BREP('',#10380);
#10380 = CLOSED_SHELL('',(#10381,#10469,#10473));
#10381 = ADVANCED_FACE('',(#10382),#10395,.T.);
#10382 = FACE_BOUND('',#10383,.T.);
#10383 = EDGE_LOOP('',(#10384,#10418,#10441,#10468));
#10384 = ORIENTED_EDGE('',*,*,#10385,.F.);
#10385 = EDGE_CURVE('',#10386,#10386,#10388,.T.);
#10386 = VERTEX_POINT('',#10387);
#10387 = CARTESIAN_POINT('',(-32.77499074759,19.5,150.));
#10388 = SURFACE_CURVE('',#10389,(#10394,#10406),.PCURVE_S1.);
#10389 = CIRCLE('',#10390,1.);
#10390 = AXIS2_PLACEMENT_3D('',#10391,#10392,#10393);
#10391 = CARTESIAN_POINT('',(-33.77499074759,19.5,150.));
#10392 = DIRECTION('',(0.,0.,1.));
#10393 = DIRECTION('',(1.,0.,-0.));
#10394 = PCURVE('',#10395,#10400);
#10395 = CYLINDRICAL_SURFACE('',#10396,1.);
#10396 = AXIS2_PLACEMENT_3D('',#10397,#10398,#10399);
#10397 = CARTESIAN_POINT('',(-33.77499074759,19.5,-150.));
#10398 = DIRECTION('',(0.,0.,1.));
#10399 = DIRECTION('',(1.,0.,-0.));
#10400 = DEFINITIONAL_REPRESENTATION('',(#10401),#10405);
#10401 = LINE('',#10402,#10403);
#10402 = CARTESIAN_POINT('',(0.,300.));
#10403 = VECTOR('',#10404,1.);
#10404 = DIRECTION('',(1.,0.));
#10405 = ( GEOMETRIC_REPRESENTATION_CONTEXT(2) 
PARAMETRIC_REPRESENTATION_CONTEXT() REPRESENTATION_CONTEXT('2D SPACE',''
  ) );
#10406 = PCURVE('',#10407,#10412);
#10407 = PLANE('',#10408);
#10408 = AXIS2_PLACEMENT_3D('',#10409,#10410,#10411);
#10409 = CARTESIAN_POINT('',(-33.77499074759,19.5,150.));
#10410 = DIRECTION('',(0.,0.,1.));
#10411 = DIRECTION('',(1.,0.,-0.));
#10412 = DEFINITIONAL_REPRESENTATION('',(#10413),#10417);
#10413 = CIRCLE('',#10414,1.);
#10414 = AXIS2_PLACEMENT_2D('',#10415,#10416);
#10415 = CARTESIAN_POINT('',(0.,0.));
#10416 = DIRECTION('',(1.,0.));
#10417 = ( GEOMETRIC_REPRESENTATION_CONTEXT(2) 
PARAMETRIC_REPRESENTATION_CONTEXT() REPRESENTATION_CONTEXT('2D SPACE',''
  ) );
#10418 = ORIENTED_EDGE('',*,*,#10419,.F.);
#10419 = EDGE_CURVE('',#10420,#10386,#10422,.T.);
#10420 = VERTEX_POINT('',#10421);
#10421 = CARTESIAN_POINT('',(-32.77499074759,19.5,-150.));
#10422 = SEAM_CURVE('',#10423,(#10427,#10434),.PCURVE_S1.);
#10423 = LINE('',#10424,#10425);
#10424 = CARTESIAN_POINT('',(-32.77499074759,19.5,-150.));
#10425 = VECTOR('',#10426,1.);
#10426 = DIRECTION('',(0.,0.,1.));
#10427 = PCURVE('',#10395,#10428);
#10428 = DEFINITIONAL_REPRESENTATION('',(#10429),#10433);
#10429 = LINE('',#10430,#10431);
#10430 = CARTESIAN_POINT('',(6.28318530718,-0.));
#10431 = VECTOR('',#10432,1.);
#10432 = DIRECTION('',(0.,1.));
#10433 = ( GEOMETRIC_REPRESENTATION_CONTEXT(2) 
PARAMETRIC_REPRESENTATION_CONTEXT() REPRESENTATION_CONTEXT('2D SPACE',''
  ) );
#10434 = PCURVE('',#10395,#10435);
#10435 = DEFINITIONAL_REPRESENTATION('',(#10436),#10440);
#10436 = LINE('',#10437,#10438);
#10437 = CARTESIAN_POINT('',(0.,-0.));
#10438 = VECTOR('',#10439,1.);
#10439 = DIRECTION('',(0.,1.));
#10440 = ( GEOMETRIC_REPRESENTATION_CONTEXT(2) 
PARAMETRIC_REPRESENTATION_CONTEXT() REPRESENTATION_CONTEXT('2D SPACE',''
  ) );
#10441 = ORIENTED_EDGE('',*,*,#10442,.T.);
#10442 = EDGE_CURVE('',#10420,#10420,#10443,.T.);
#10443 = SURFACE_CURVE('',#10444,(#10449,#10456),.PCURVE_S1.);
#10444 = CIRCLE('',#10445,1.);
#10445 = AXIS2_PLACEMENT_3D('',#10446,#10447,#10448);
#10446 = CARTESIAN_POINT('',(-33.77499074759,19.5,-150.));
#10447 = DIRECTION('',(0.,0.,1.));
#10448 = DIRECTION('',(1.,0.,-0.));
#10449 = PCURVE('',#10395,#10450);
#10450 = DEFINITIONAL_REPRESENTATION('',(#10451),#10455);
#10451 = LINE('',#10452,#10453);
#10452 = CARTESIAN_POINT('',(0.,0.));
#10453 = VECTOR('',#10454,1.);
#10454 = DIRECTION('',(1.,0.));
#10455 = ( GEOMETRIC_REPRESENTATION_CONTEXT(2) 
PARAMETRIC_REPRESENTATION_CONTEXT() REPRESENTATION_CONTEXT('2D SPACE',''
  ) );
#10456 = PCURVE('',#10457,#10462);
#10457 = PLANE('',#10458);
#10458 = AXIS2_PLACEMENT_3D('',#10459,#10460,#10461);
#10459 = CARTESIAN_POINT('',(-33.77499074759,19.5,-150.));
#10460 = DIRECTION('',(0.,0.,1.));
#10461 = DIRECTION('',(1.,0.,-0.));
#10462 = DEFINITIONAL_REPRESENTATION('',(#10463),#10467);
#10463 = CIRCLE('',#10464,1.);
#10464 = AXIS2_PLACEMENT_2D('',#10465,#10466);
#10465 = CARTESIAN_POINT('',(0.,0.));
#10466 = DIRECTION('',(1.,0.));
#10467 = ( GEOMETRIC_REPRESENTATION_CONTEXT(2) 
PARAMETRIC_REPRESENTATION_CONTEXT() REPRESENTATION_CONTEXT('2D SPACE',''
  ) );
#10468 = ORIENTED_EDGE('',*,*,#10419,.T.);
#10469 = ADVANCED_FACE('',(#10470),#10407,.T.);
#10470 = FACE_BOUND('',#10471,.T.);
#10471 = EDGE_LOOP('',(#10472));
#10472 = ORIENTED_EDGE('',*,*,#10385,.T.);
#10473 = ADVANCED_FACE('',(#10474),#10457,.F.);
#10474 = FACE_BOUND('',#10475,.T.);
#10475 = EDGE_LOOP('',(#10476));
#10476 = ORIENTED_EDGE('',*,*,#10442,.F.);
#10477 = ( GEOMETRIC_REPRESENTATION_CONTEXT(3) 
GLOBAL_UNCERTAINTY_ASSIGNED_CONTEXT((#10481)) 
GLOBAL_UNIT_ASSIGNED_CONTEXT((#10478,#10479,#10480)) 
REPRESENTATION_CONTEXT('Context #1',
  '3D Context with UNIT and UNCERTAINTY') );
#10478 = ( LENGTH_UNIT() NAMED_UNIT(*) SI_UNIT(.MILLI.,.METRE.) );
#10479 = ( NAMED_UNIT(*) PLANE_ANGLE_UNIT() SI_UNIT($,.RADIAN.) );
#10480 = ( NAMED_UNIT(*) SI_UNIT($,.STERADIAN.) SOLID_ANGLE_UNIT() );
#10481 = UNCERTAINTY_MEASURE_WITH_UNIT(LENGTH_MEASURE(1.E-07),#10478,
  'distance_accuracy_value','confusion accuracy');
#10482 = SHAPE_DEFINITION_REPRESENTATION(#10483,#10378);
#10483 = PRODUCT_DEFINITION_SHAPE('','',#10484);
#10484 = PRODUCT_DEFINITION('design','',#10485,#10488);
#10485 = PRODUCT_DEFINITION_FORMATION('','',#10486);
#10486 = PRODUCT('Open CASCADE STEP translator 7.5 1.5.1',
  'Open CASCADE STEP translator 7.5 1.5.1','',(#10487));
#10487 = PRODUCT_CONTEXT('',#2,'mechanical');
#10488 = PRODUCT_DEFINITION_CONTEXT('part definition',#2,'design');
#10489 = CONTEXT_DEPENDENT_SHAPE_REPRESENTATION(#10490,#10492);
#10490 = ( REPRESENTATION_RELATIONSHIP('','',#10378,#10352) 
REPRESENTATION_RELATIONSHIP_WITH_TRANSFORMATION(#10491) 
SHAPE_REPRESENTATION_RELATIONSHIP() );
#10491 = ITEM_DEFINED_TRANSFORMATION('','',#11,#10353);
#10492 = PRODUCT_DEFINITION_SHAPE('Placement','Placement of an item',
  #10493);
#10493 = NEXT_ASSEMBLY_USAGE_OCCURRENCE('5','','',#10347,#10484,$);
#10494 = PRODUCT_RELATED_PRODUCT_CATEGORY('part',$,(#10486));
#10495 = ADVANCED_BREP_SHAPE_REPRESENTATION('',(#11,#10496),#10594);
#10496 = MANIFOLD_SOLID_BREP('',#10497);
#10497 = CLOSED_SHELL('',(#10498,#10586,#10590));
#10498 = ADVANCED_FACE('',(#10499),#10512,.T.);
#10499 = FACE_BOUND('',#10500,.T.);
#10500 = EDGE_LOOP('',(#10501,#10535,#10558,#10585));
#10501 = ORIENTED_EDGE('',*,*,#10502,.F.);
#10502 = EDGE_CURVE('',#10503,#10503,#10505,.T.);
#10503 = VERTEX_POINT('',#10504);
#10504 = CARTESIAN_POINT('',(-32.77499074759,-19.5,150.));
#10505 = SURFACE_CURVE('',#10506,(#10511,#10523),.PCURVE_S1.);
#10506 = CIRCLE('',#10507,1.);
#10507 = AXIS2_PLACEMENT_3D('',#10508,#10509,#10510);
#10508 = CARTESIAN_POINT('',(-33.77499074759,-19.5,150.));
#10509 = DIRECTION('',(0.,0.,1.));
#10510 = DIRECTION('',(1.,0.,-0.));
#10511 = PCURVE('',#10512,#10517);
#10512 = CYLINDRICAL_SURFACE('',#10513,1.);
#10513 = AXIS2_PLACEMENT_3D('',#10514,#10515,#10516);
#10514 = CARTESIAN_POINT('',(-33.77499074759,-19.5,-150.));
#10515 = DIRECTION('',(0.,0.,1.));
#10516 = DIRECTION('',(1.,0.,-0.));
#10517 = DEFINITIONAL_REPRESENTATION('',(#10518),#10522);
#10518 = LINE('',#10519,#10520);
#10519 = CARTESIAN_POINT('',(0.,300.));
#10520 = VECTOR('',#10521,1.);
#10521 = DIRECTION('',(1.,0.));
#10522 = ( GEOMETRIC_REPRESENTATION_CONTEXT(2) 
PARAMETRIC_REPRESENTATION_CONTEXT() REPRESENTATION_CONTEXT('2D SPACE',''
  ) );
#10523 = PCURVE('',#10524,#10529);
#10524 = PLANE('',#10525);
#10525 = AXIS2_PLACEMENT_3D('',#10526,#10527,#10528);
#10526 = CARTESIAN_POINT('',(-33.77499074759,-19.5,150.));
#10527 = DIRECTION('',(0.,0.,1.));
#10528 = DIRECTION('',(1.,0.,-0.));
#10529 = DEFINITIONAL_REPRESENTATION('',(#10530),#10534);
#10530 = CIRCLE('',#10531,1.);
#10531 = AXIS2_PLACEMENT_2D('',#10532,#10533);
#10532 = CARTESIAN_POINT('',(0.,0.));
#10533 = DIRECTION('',(1.,0.));
#10534 = ( GEOMETRIC_REPRESENTATION_CONTEXT(2) 
PARAMETRIC_REPRESENTATION_CONTEXT() REPRESENTATION_CONTEXT('2D SPACE',''
  ) );
#10535 = ORIENTED_EDGE('',*,*,#10536,.F.);
#10536 = EDGE_CURVE('',#10537,#10503,#10539,.T.);
#10537 = VERTEX_POINT('',#10538);
#10538 = CARTESIAN_POINT('',(-32.77499074759,-19.5,-150.));
#10539 = SEAM_CURVE('',#10540,(#10544,#10551),.PCURVE_S1.);
#10540 = LINE('',#10541,#10542);
#10541 = CARTESIAN_POINT('',(-32.77499074759,-19.5,-150.));
#10542 = VECTOR('',#10543,1.);
#10543 = DIRECTION('',(0.,0.,1.));
#10544 = PCURVE('',#10512,#10545);
#10545 = DEFINITIONAL_REPRESENTATION('',(#10546),#10550);
#10546 = LINE('',#10547,#10548);
#10547 = CARTESIAN_POINT('',(6.28318530718,-0.));
#10548 = VECTOR('',#10549,1.);
#10549 = DIRECTION('',(0.,1.));
#10550 = ( GEOMETRIC_REPRESENTATION_CONTEXT(2) 
PARAMETRIC_REPRESENTATION_CONTEXT() REPRESENTATION_CONTEXT('2D SPACE',''
  ) );
#10551 = PCURVE('',#10512,#10552);
#10552 = DEFINITIONAL_REPRESENTATION('',(#10553),#10557);
#10553 = LINE('',#10554,#10555);
#10554 = CARTESIAN_POINT('',(0.,-0.));
#10555 = VECTOR('',#10556,1.);
#10556 = DIRECTION('',(0.,1.));
#10557 = ( GEOMETRIC_REPRESENTATION_CONTEXT(2) 
PARAMETRIC_REPRESENTATION_CONTEXT() REPRESENTATION_CONTEXT('2D SPACE',''
  ) );
#10558 = ORIENTED_EDGE('',*,*,#10559,.T.);
#10559 = EDGE_CURVE('',#10537,#10537,#10560,.T.);
#10560 = SURFACE_CURVE('',#10561,(#10566,#10573),.PCURVE_S1.);
#10561 = CIRCLE('',#10562,1.);
#10562 = AXIS2_PLACEMENT_3D('',#10563,#10564,#10565);
#10563 = CARTESIAN_POINT('',(-33.77499074759,-19.5,-150.));
#10564 = DIRECTION('',(0.,0.,1.));
#10565 = DIRECTION('',(1.,0.,-0.));
#10566 = PCURVE('',#10512,#10567);
#10567 = DEFINITIONAL_REPRESENTATION('',(#10568),#10572);
#10568 = LINE('',#10569,#10570);
#10569 = CARTESIAN_POINT('',(0.,0.));
#10570 = VECTOR('',#10571,1.);
#10571 = DIRECTION('',(1.,0.));
#10572 = ( GEOMETRIC_REPRESENTATION_CONTEXT(2) 
PARAMETRIC_REPRESENTATION_CONTEXT() REPRESENTATION_CONTEXT('2D SPACE',''
  ) );
#10573 = PCURVE('',#10574,#10579);
#10574 = PLANE('',#10575);
#10575 = AXIS2_PLACEMENT_3D('',#10576,#10577,#10578);
#10576 = CARTESIAN_POINT('',(-33.77499074759,-19.5,-150.));
#10577 = DIRECTION('',(0.,0.,1.));
#10578 = DIRECTION('',(1.,0.,-0.));
#10579 = DEFINITIONAL_REPRESENTATION('',(#10580),#10584);
#10580 = CIRCLE('',#10581,1.);
#10581 = AXIS2_PLACEMENT_2D('',#10582,#10583);
#10582 = CARTESIAN_POINT('',(0.,0.));
#10583 = DIRECTION('',(1.,0.));
#10584 = ( GEOMETRIC_REPRESENTATION_CONTEXT(2) 
PARAMETRIC_REPRESENTATION_CONTEXT() REPRESENTATION_CONTEXT('2D SPACE',''
  ) );
#10585 = ORIENTED_EDGE('',*,*,#10536,.T.);
#10586 = ADVANCED_FACE('',(#10587),#10524,.T.);
#10587 = FACE_BOUND('',#10588,.T.);
#10588 = EDGE_LOOP('',(#10589));
#10589 = ORIENTED_EDGE('',*,*,#10502,.T.);
#10590 = ADVANCED_FACE('',(#10591),#10574,.F.);
#10591 = FACE_BOUND('',#10592,.T.);
#10592 = EDGE_LOOP('',(#10593));
#10593 = ORIENTED_EDGE('',*,*,#10559,.F.);
#10594 = ( GEOMETRIC_REPRESENTATION_CONTEXT(3) 
GLOBAL_UNCERTAINTY_ASSIGNED_CONTEXT((#10598)) 
GLOBAL_UNIT_ASSIGNED_CONTEXT((#10595,#10596,#10597)) 
REPRESENTATION_CONTEXT('Context #1',
  '3D Context with UNIT and UNCERTAINTY') );
#10595 = ( LENGTH_UNIT() NAMED_UNIT(*) SI_UNIT(.MILLI.,.METRE.) );
#10596 = ( NAMED_UNIT(*) PLANE_ANGLE_UNIT() SI_UNIT($,.RADIAN.) );
#10597 = ( NAMED_UNIT(*) SI_UNIT($,.STERADIAN.) SOLID_ANGLE_UNIT() );
#10598 = UNCERTAINTY_MEASURE_WITH_UNIT(LENGTH_MEASURE(1.E-07),#10595,
  'distance_accuracy_value','confusion accuracy');
#10599 = SHAPE_DEFINITION_REPRESENTATION(#10600,#10495);
#10600 = PRODUCT_DEFINITION_SHAPE('','',#10601);
#10601 = PRODUCT_DEFINITION('design','',#10602,#10605);
#10602 = PRODUCT_DEFINITION_FORMATION('','',#10603);
#10603 = PRODUCT('Open CASCADE STEP translator 7.5 1.5.2',
  'Open CASCADE STEP translator 7.5 1.5.2','',(#10604));
#10604 = PRODUCT_CONTEXT('',#2,'mechanical');
#10605 = PRODUCT_DEFINITION_CONTEXT('part definition',#2,'design');
#10606 = CONTEXT_DEPENDENT_SHAPE_REPRESENTATION(#10607,#10609);
#10607 = ( REPRESENTATION_RELATIONSHIP('','',#10495,#10352) 
REPRESENTATION_RELATIONSHIP_WITH_TRANSFORMATION(#10608) 
SHAPE_REPRESENTATION_RELATIONSHIP() );
#10608 = ITEM_DEFINED_TRANSFORMATION('','',#11,#10357);
#10609 = PRODUCT_DEFINITION_SHAPE('Placement','Placement of an item',
  #10610);
#10610 = NEXT_ASSEMBLY_USAGE_OCCURRENCE('6','','',#10347,#10601,$);
#10611 = PRODUCT_RELATED_PRODUCT_CATEGORY('part',$,(#10603));
#10612 = ADVANCED_BREP_SHAPE_REPRESENTATION('',(#11,#10613),#10711);
#10613 = MANIFOLD_SOLID_BREP('',#10614);
#10614 = CLOSED_SHELL('',(#10615,#10703,#10707));
#10615 = ADVANCED_FACE('',(#10616),#10629,.T.);
#10616 = FACE_BOUND('',#10617,.T.);
#10617 = EDGE_LOOP('',(#10618,#10652,#10675,#10702));
#10618 = ORIENTED_EDGE('',*,*,#10619,.F.);
#10619 = EDGE_CURVE('',#10620,#10620,#10622,.T.);
#10620 = VERTEX_POINT('',#10621);
#10621 = CARTESIAN_POINT('',(1.,-39.,150.));
#10622 = SURFACE_CURVE('',#10623,(#10628,#10640),.PCURVE_S1.);
#10623 = CIRCLE('',#10624,1.);
#10624 = AXIS2_PLACEMENT_3D('',#10625,#10626,#10627);
#10625 = CARTESIAN_POINT('',(-7.164183775012E-15,-39.,150.));
#10626 = DIRECTION('',(0.,0.,1.));
#10627 = DIRECTION('',(1.,0.,-0.));
#10628 = PCURVE('',#10629,#10634);
#10629 = CYLINDRICAL_SURFACE('',#10630,1.);
#10630 = AXIS2_PLACEMENT_3D('',#10631,#10632,#10633);
#10631 = CARTESIAN_POINT('',(-7.164183775012E-15,-39.,-150.));
#10632 = DIRECTION('',(0.,0.,1.));
#10633 = DIRECTION('',(1.,0.,-0.));
#10634 = DEFINITIONAL_REPRESENTATION('',(#10635),#10639);
#10635 = LINE('',#10636,#10637);
#10636 = CARTESIAN_POINT('',(0.,300.));
#10637 = VECTOR('',#10638,1.);
#10638 = DIRECTION('',(1.,0.));
#10639 = ( GEOMETRIC_REPRESENTATION_CONTEXT(2) 
PARAMETRIC_REPRESENTATION_CONTEXT() REPRESENTATION_CONTEXT('2D SPACE',''
  ) );
#10640 = PCURVE('',#10641,#10646);
#10641 = PLANE('',#10642);
#10642 = AXIS2_PLACEMENT_3D('',#10643,#10644,#10645);
#10643 = CARTESIAN_POINT('',(-7.164183775012E-15,-39.,150.));
#10644 = DIRECTION('',(0.,0.,1.));
#10645 = DIRECTION('',(1.,0.,-0.));
#10646 = DEFINITIONAL_REPRESENTATION('',(#10647),#10651);
#10647 = CIRCLE('',#10648,1.);
#10648 = AXIS2_PLACEMENT_2D('',#10649,#10650);
#10649 = CARTESIAN_POINT('',(0.,0.));
#10650 = DIRECTION('',(1.,0.));
#10651 = ( GEOMETRIC_REPRESENTATION_CONTEXT(2) 
PARAMETRIC_REPRESENTATION_CONTEXT() REPRESENTATION_CONTEXT('2D SPACE',''
  ) );
#10652 = ORIENTED_EDGE('',*,*,#10653,.F.);
#10653 = EDGE_CURVE('',#10654,#10620,#10656,.T.);
#10654 = VERTEX_POINT('',#10655);
#10655 = CARTESIAN_POINT('',(1.,-39.,-150.));
#10656 = SEAM_CURVE('',#10657,(#10661,#10668),.PCURVE_S1.);
#10657 = LINE('',#10658,#10659);
#10658 = CARTESIAN_POINT('',(1.,-39.,-150.));
#10659 = VECTOR('',#10660,1.);
#10660 = DIRECTION('',(0.,0.,1.));
#10661 = PCURVE('',#10629,#10662);
#10662 = DEFINITIONAL_REPRESENTATION('',(#10663),#10667);
#10663 = LINE('',#10664,#10665);
#10664 = CARTESIAN_POINT('',(6.28318530718,-0.));
#10665 = VECTOR('',#10666,1.);
#10666 = DIRECTION('',(0.,1.));
#10667 = ( GEOMETRIC_REPRESENTATION_CONTEXT(2) 
PARAMETRIC_REPRESENTATION_CONTEXT() REPRESENTATION_CONTEXT('2D SPACE',''
  ) );
#10668 = PCURVE('',#10629,#10669);
#10669 = DEFINITIONAL_REPRESENTATION('',(#10670),#10674);
#10670 = LINE('',#10671,#10672);
#10671 = CARTESIAN_POINT('',(0.,-0.));
#10672 = VECTOR('',#10673,1.);
#10673 = DIRECTION('',(0.,1.));
#10674 = ( GEOMETRIC_REPRESENTATION_CONTEXT(2) 
PARAMETRIC_REPRESENTATION_CONTEXT() REPRESENTATION_CONTEXT('2D SPACE',''
  ) );
#10675 = ORIENTED_EDGE('',*,*,#10676,.T.);
#10676 = EDGE_CURVE('',#10654,#10654,#10677,.T.);
#10677 = SURFACE_CURVE('',#10678,(#10683,#10690),.PCURVE_S1.);
#10678 = CIRCLE('',#10679,1.);
#10679 = AXIS2_PLACEMENT_3D('',#10680,#10681,#10682);
#10680 = CARTESIAN_POINT('',(-7.164183775012E-15,-39.,-150.));
#10681 = DIRECTION('',(0.,0.,1.));
#10682 = DIRECTION('',(1.,0.,-0.));
#10683 = PCURVE('',#10629,#10684);
#10684 = DEFINITIONAL_REPRESENTATION('',(#10685),#10689);
#10685 = LINE('',#10686,#10687);
#10686 = CARTESIAN_POINT('',(0.,0.));
#10687 = VECTOR('',#10688,1.);
#10688 = DIRECTION('',(1.,0.));
#10689 = ( GEOMETRIC_REPRESENTATION_CONTEXT(2) 
PARAMETRIC_REPRESENTATION_CONTEXT() REPRESENTATION_CONTEXT('2D SPACE',''
  ) );
#10690 = PCURVE('',#10691,#10696);
#10691 = PLANE('',#10692);
#10692 = AXIS2_PLACEMENT_3D('',#10693,#10694,#10695);
#10693 = CARTESIAN_POINT('',(-7.164183775012E-15,-39.,-150.));
#10694 = DIRECTION('',(0.,0.,1.));
#10695 = DIRECTION('',(1.,0.,-0.));
#10696 = DEFINITIONAL_REPRESENTATION('',(#10697),#10701);
#10697 = CIRCLE('',#10698,1.);
#10698 = AXIS2_PLACEMENT_2D('',#10699,#10700);
#10699 = CARTESIAN_POINT('',(0.,0.));
#10700 = DIRECTION('',(1.,0.));
#10701 = ( GEOMETRIC_REPRESENTATION_CONTEXT(2) 
PARAMETRIC_REPRESENTATION_CONTEXT() REPRESENTATION_CONTEXT('2D SPACE',''
  ) );
#10702 = ORIENTED_EDGE('',*,*,#10653,.T.);
#10703 = ADVANCED_FACE('',(#10704),#10641,.T.);
#10704 = FACE_BOUND('',#10705,.T.);
#10705 = EDGE_LOOP('',(#10706));
#10706 = ORIENTED_EDGE('',*,*,#10619,.T.);
#10707 = ADVANCED_FACE('',(#10708),#10691,.F.);
#10708 = FACE_BOUND('',#10709,.T.);
#10709 = EDGE_LOOP('',(#10710));
#10710 = ORIENTED_EDGE('',*,*,#10676,.F.);
#10711 = ( GEOMETRIC_REPRESENTATION_CONTEXT(3) 
GLOBAL_UNCERTAINTY_ASSIGNED_CONTEXT((#10715)) 
GLOBAL_UNIT_ASSIGNED_CONTEXT((#10712,#10713,#10714)) 
REPRESENTATION_CONTEXT('Context #1',
  '3D Context with UNIT and UNCERTAINTY') );
#10712 = ( LENGTH_UNIT() NAMED_UNIT(*) SI_UNIT(.MILLI.,.METRE.) );
#10713 = ( NAMED_UNIT(*) PLANE_ANGLE_UNIT() SI_UNIT($,.RADIAN.) );
#10714 = ( NAMED_UNIT(*) SI_UNIT($,.STERADIAN.) SOLID_ANGLE_UNIT() );
#10715 = UNCERTAINTY_MEASURE_WITH_UNIT(LENGTH_MEASURE(1.E-07),#10712,
  'distance_accuracy_value','confusion accuracy');
#10716 = SHAPE_DEFINITION_REPRESENTATION(#10717,#10612);
#10717 = PRODUCT_DEFINITION_SHAPE('','',#10718);
#10718 = PRODUCT_DEFINITION('design','',#10719,#10722);
#10719 = PRODUCT_DEFINITION_FORMATION('','',#10720);
#10720 = PRODUCT('Open CASCADE STEP translator 7.5 1.5.3',
  'Open CASCADE STEP translator 7.5 1.5.3','',(#10721));
#10721 = PRODUCT_CONTEXT('',#2,'mechanical');
#10722 = PRODUCT_DEFINITION_CONTEXT('part definition',#2,'design');
#10723 = CONTEXT_DEPENDENT_SHAPE_REPRESENTATION(#10724,#10726);
#10724 = ( REPRESENTATION_RELATIONSHIP('','',#10612,#10352) 
REPRESENTATION_RELATIONSHIP_WITH_TRANSFORMATION(#10725) 
SHAPE_REPRESENTATION_RELATIONSHIP() );
#10725 = ITEM_DEFINED_TRANSFORMATION('','',#11,#10361);
#10726 = PRODUCT_DEFINITION_SHAPE('Placement','Placement of an item',
  #10727);
#10727 = NEXT_ASSEMBLY_USAGE_OCCURRENCE('7','','',#10347,#10718,$);
#10728 = PRODUCT_RELATED_PRODUCT_CATEGORY('part',$,(#10720));
#10729 = ADVANCED_BREP_SHAPE_REPRESENTATION('',(#11,#10730),#10828);
#10730 = MANIFOLD_SOLID_BREP('',#10731);
#10731 = CLOSED_SHELL('',(#10732,#10820,#10824));
#10732 = ADVANCED_FACE('',(#10733),#10746,.T.);
#10733 = FACE_BOUND('',#10734,.T.);
#10734 = EDGE_LOOP('',(#10735,#10769,#10792,#10819));
#10735 = ORIENTED_EDGE('',*,*,#10736,.F.);
#10736 = EDGE_CURVE('',#10737,#10737,#10739,.T.);
#10737 = VERTEX_POINT('',#10738);
#10738 = CARTESIAN_POINT('',(34.774990747593,-19.5,150.));
#10739 = SURFACE_CURVE('',#10740,(#10745,#10757),.PCURVE_S1.);
#10740 = CIRCLE('',#10741,1.);
#10741 = AXIS2_PLACEMENT_3D('',#10742,#10743,#10744);
#10742 = CARTESIAN_POINT('',(33.774990747593,-19.5,150.));
#10743 = DIRECTION('',(0.,0.,1.));
#10744 = DIRECTION('',(1.,0.,-0.));
#10745 = PCURVE('',#10746,#10751);
#10746 = CYLINDRICAL_SURFACE('',#10747,1.);
#10747 = AXIS2_PLACEMENT_3D('',#10748,#10749,#10750);
#10748 = CARTESIAN_POINT('',(33.774990747593,-19.5,-150.));
#10749 = DIRECTION('',(0.,0.,1.));
#10750 = DIRECTION('',(1.,0.,-0.));
#10751 = DEFINITIONAL_REPRESENTATION('',(#10752),#10756);
#10752 = LINE('',#10753,#10754);
#10753 = CARTESIAN_POINT('',(0.,300.));
#10754 = VECTOR('',#10755,1.);
#10755 = DIRECTION('',(1.,0.));
#10756 = ( GEOMETRIC_REPRESENTATION_CONTEXT(2) 
PARAMETRIC_REPRESENTATION_CONTEXT() REPRESENTATION_CONTEXT('2D SPACE',''
  ) );
#10757 = PCURVE('',#10758,#10763);
#10758 = PLANE('',#10759);
#10759 = AXIS2_PLACEMENT_3D('',#10760,#10761,#10762);
#10760 = CARTESIAN_POINT('',(33.774990747593,-19.5,150.));
#10761 = DIRECTION('',(0.,0.,1.));
#10762 = DIRECTION('',(1.,0.,-0.));
#10763 = DEFINITIONAL_REPRESENTATION('',(#10764),#10768);
#10764 = CIRCLE('',#10765,1.);
#10765 = AXIS2_PLACEMENT_2D('',#10766,#10767);
#10766 = CARTESIAN_POINT('',(0.,0.));
#10767 = DIRECTION('',(1.,0.));
#10768 = ( GEOMETRIC_REPRESENTATION_CONTEXT(2) 
PARAMETRIC_REPRESENTATION_CONTEXT() REPRESENTATION_CONTEXT('2D SPACE',''
  ) );
#10769 = ORIENTED_EDGE('',*,*,#10770,.F.);
#10770 = EDGE_CURVE('',#10771,#10737,#10773,.T.);
#10771 = VERTEX_POINT('',#10772);
#10772 = CARTESIAN_POINT('',(34.774990747593,-19.5,-150.));
#10773 = SEAM_CURVE('',#10774,(#10778,#10785),.PCURVE_S1.);
#10774 = LINE('',#10775,#10776);
#10775 = CARTESIAN_POINT('',(34.774990747593,-19.5,-150.));
#10776 = VECTOR('',#10777,1.);
#10777 = DIRECTION('',(0.,0.,1.));
#10778 = PCURVE('',#10746,#10779);
#10779 = DEFINITIONAL_REPRESENTATION('',(#10780),#10784);
#10780 = LINE('',#10781,#10782);
#10781 = CARTESIAN_POINT('',(6.28318530718,-0.));
#10782 = VECTOR('',#10783,1.);
#10783 = DIRECTION('',(0.,1.));
#10784 = ( GEOMETRIC_REPRESENTATION_CONTEXT(2) 
PARAMETRIC_REPRESENTATION_CONTEXT() REPRESENTATION_CONTEXT('2D SPACE',''
  ) );
#10785 = PCURVE('',#10746,#10786);
#10786 = DEFINITIONAL_REPRESENTATION('',(#10787),#10791);
#10787 = LINE('',#10788,#10789);
#10788 = CARTESIAN_POINT('',(0.,-0.));
#10789 = VECTOR('',#10790,1.);
#10790 = DIRECTION('',(0.,1.));
#10791 = ( GEOMETRIC_REPRESENTATION_CONTEXT(2) 
PARAMETRIC_REPRESENTATION_CONTEXT() REPRESENTATION_CONTEXT('2D SPACE',''
  ) );
#10792 = ORIENTED_EDGE('',*,*,#10793,.T.);
#10793 = EDGE_CURVE('',#10771,#10771,#10794,.T.);
#10794 = SURFACE_CURVE('',#10795,(#10800,#10807),.PCURVE_S1.);
#10795 = CIRCLE('',#10796,1.);
#10796 = AXIS2_PLACEMENT_3D('',#10797,#10798,#10799);
#10797 = CARTESIAN_POINT('',(33.774990747593,-19.5,-150.));
#10798 = DIRECTION('',(0.,0.,1.));
#10799 = DIRECTION('',(1.,0.,-0.));
#10800 = PCURVE('',#10746,#10801);
#10801 = DEFINITIONAL_REPRESENTATION('',(#10802),#10806);
#10802 = LINE('',#10803,#10804);
#10803 = CARTESIAN_POINT('',(0.,0.));
#10804 = VECTOR('',#10805,1.);
#10805 = DIRECTION('',(1.,0.));
#10806 = ( GEOMETRIC_REPRESENTATION_CONTEXT(2) 
PARAMETRIC_REPRESENTATION_CONTEXT() REPRESENTATION_CONTEXT('2D SPACE',''
  ) );
#10807 = PCURVE('',#10808,#10813);
#10808 = PLANE('',#10809);
#10809 = AXIS2_PLACEMENT_3D('',#10810,#10811,#10812);
#10810 = CARTESIAN_POINT('',(33.774990747593,-19.5,-150.));
#10811 = DIRECTION('',(0.,0.,1.));
#10812 = DIRECTION('',(1.,0.,-0.));
#10813 = DEFINITIONAL_REPRESENTATION('',(#10814),#10818);
#10814 = CIRCLE('',#10815,1.);
#10815 = AXIS2_PLACEMENT_2D('',#10816,#10817);
#10816 = CARTESIAN_POINT('',(0.,0.));
#10817 = DIRECTION('',(1.,0.));
#10818 = ( GEOMETRIC_REPRESENTATION_CONTEXT(2) 
PARAMETRIC_REPRESENTATION_CONTEXT() REPRESENTATION_CONTEXT('2D SPACE',''
  ) );
#10819 = ORIENTED_EDGE('',*,*,#10770,.T.);
#10820 = ADVANCED_FACE('',(#10821),#10758,.T.);
#10821 = FACE_BOUND('',#10822,.T.);
#10822 = EDGE_LOOP('',(#10823));
#10823 = ORIENTED_EDGE('',*,*,#10736,.T.);
#10824 = ADVANCED_FACE('',(#10825),#10808,.F.);
#10825 = FACE_BOUND('',#10826,.T.);
#10826 = EDGE_LOOP('',(#10827));
#10827 = ORIENTED_EDGE('',*,*,#10793,.F.);
#10828 = ( GEOMETRIC_REPRESENTATION_CONTEXT(3) 
GLOBAL_UNCERTAINTY_ASSIGNED_CONTEXT((#10832)) 
GLOBAL_UNIT_ASSIGNED_CONTEXT((#10829,#10830,#10831)) 
REPRESENTATION_CONTEXT('Context #1',
  '3D Context with UNIT and UNCERTAINTY') );
#10829 = ( LENGTH_UNIT() NAMED_UNIT(*) SI_UNIT(.MILLI.,.METRE.) );
#10830 = ( NAMED_UNIT(*) PLANE_ANGLE_UNIT() SI_UNIT($,.RADIAN.) );
#10831 = ( NAMED_UNIT(*) SI_UNIT($,.STERADIAN.) SOLID_ANGLE_UNIT() );
#10832 = UNCERTAINTY_MEASURE_WITH_UNIT(LENGTH_MEASURE(1.E-07),#10829,
  'distance_accuracy_value','confusion accuracy');
#10833 = SHAPE_DEFINITION_REPRESENTATION(#10834,#10729);
#10834 = PRODUCT_DEFINITION_SHAPE('','',#10835);
#10835 = PRODUCT_DEFINITION('design','',#10836,#10839);
#10836 = PRODUCT_DEFINITION_FORMATION('','',#10837);
#10837 = PRODUCT('Open CASCADE STEP translator 7.5 1.5.4',
  'Open CASCADE STEP translator 7.5 1.5.4','',(#10838));
#10838 = PRODUCT_CONTEXT('',#2,'mechanical');
#10839 = PRODUCT_DEFINITION_CONTEXT('part definition',#2,'design');
#10840 = CONTEXT_DEPENDENT_SHAPE_REPRESENTATION(#10841,#10843);
#10841 = ( REPRESENTATION_RELATIONSHIP('','',#10729,#10352) 
REPRESENTATION_RELATIONSHIP_WITH_TRANSFORMATION(#10842) 
SHAPE_REPRESENTATION_RELATIONSHIP() );
#10842 = ITEM_DEFINED_TRANSFORMATION('','',#11,#10365);
#10843 = PRODUCT_DEFINITION_SHAPE('Placement','Placement of an item',
  #10844);
#10844 = NEXT_ASSEMBLY_USAGE_OCCURRENCE('8','','',#10347,#10835,$);
#10845 = PRODUCT_RELATED_PRODUCT_CATEGORY('part',$,(#10837));
#10846 = ADVANCED_BREP_SHAPE_REPRESENTATION('',(#11,#10847),#10945);
#10847 = MANIFOLD_SOLID_BREP('',#10848);
#10848 = CLOSED_SHELL('',(#10849,#10937,#10941));
#10849 = ADVANCED_FACE('',(#10850),#10863,.T.);
#10850 = FACE_BOUND('',#10851,.T.);
#10851 = EDGE_LOOP('',(#10852,#10886,#10909,#10936));
#10852 = ORIENTED_EDGE('',*,*,#10853,.F.);
#10853 = EDGE_CURVE('',#10854,#10854,#10856,.T.);
#10854 = VERTEX_POINT('',#10855);
#10855 = CARTESIAN_POINT('',(34.774990747593,19.5,150.));
#10856 = SURFACE_CURVE('',#10857,(#10862,#10874),.PCURVE_S1.);
#10857 = CIRCLE('',#10858,1.);
#10858 = AXIS2_PLACEMENT_3D('',#10859,#10860,#10861);
#10859 = CARTESIAN_POINT('',(33.774990747593,19.5,150.));
#10860 = DIRECTION('',(0.,0.,1.));
#10861 = DIRECTION('',(1.,0.,-0.));
#10862 = PCURVE('',#10863,#10868);
#10863 = CYLINDRICAL_SURFACE('',#10864,1.);
#10864 = AXIS2_PLACEMENT_3D('',#10865,#10866,#10867);
#10865 = CARTESIAN_POINT('',(33.774990747593,19.5,-150.));
#10866 = DIRECTION('',(0.,0.,1.));
#10867 = DIRECTION('',(1.,0.,-0.));
#10868 = DEFINITIONAL_REPRESENTATION('',(#10869),#10873);
#10869 = LINE('',#10870,#10871);
#10870 = CARTESIAN_POINT('',(0.,300.));
#10871 = VECTOR('',#10872,1.);
#10872 = DIRECTION('',(1.,0.));
#10873 = ( GEOMETRIC_REPRESENTATION_CONTEXT(2) 
PARAMETRIC_REPRESENTATION_CONTEXT() REPRESENTATION_CONTEXT('2D SPACE',''
  ) );
#10874 = PCURVE('',#10875,#10880);
#10875 = PLANE('',#10876);
#10876 = AXIS2_PLACEMENT_3D('',#10877,#10878,#10879);
#10877 = CARTESIAN_POINT('',(33.774990747593,19.5,150.));
#10878 = DIRECTION('',(0.,0.,1.));
#10879 = DIRECTION('',(1.,0.,-0.));
#10880 = DEFINITIONAL_REPRESENTATION('',(#10881),#10885);
#10881 = CIRCLE('',#10882,1.);
#10882 = AXIS2_PLACEMENT_2D('',#10883,#10884);
#10883 = CARTESIAN_POINT('',(0.,0.));
#10884 = DIRECTION('',(1.,0.));
#10885 = ( GEOMETRIC_REPRESENTATION_CONTEXT(2) 
PARAMETRIC_REPRESENTATION_CONTEXT() REPRESENTATION_CONTEXT('2D SPACE',''
  ) );
#10886 = ORIENTED_EDGE('',*,*,#10887,.F.);
#10887 = EDGE_CURVE('',#10888,#10854,#10890,.T.);
#10888 = VERTEX_POINT('',#10889);
#10889 = CARTESIAN_POINT('',(34.774990747593,19.5,-150.));
#10890 = SEAM_CURVE('',#10891,(#10895,#10902),.PCURVE_S1.);
#10891 = LINE('',#10892,#10893);
#10892 = CARTESIAN_POINT('',(34.774990747593,19.5,-150.));
#10893 = VECTOR('',#10894,1.);
#10894 = DIRECTION('',(0.,0.,1.));
#10895 = PCURVE('',#10863,#10896);
#10896 = DEFINITIONAL_REPRESENTATION('',(#10897),#10901);
#10897 = LINE('',#10898,#10899);
#10898 = CARTESIAN_POINT('',(6.28318530718,-0.));
#10899 = VECTOR('',#10900,1.);
#10900 = DIRECTION('',(0.,1.));
#10901 = ( GEOMETRIC_REPRESENTATION_CONTEXT(2) 
PARAMETRIC_REPRESENTATION_CONTEXT() REPRESENTATION_CONTEXT('2D SPACE',''
  ) );
#10902 = PCURVE('',#10863,#10903);
#10903 = DEFINITIONAL_REPRESENTATION('',(#10904),#10908);
#10904 = LINE('',#10905,#10906);
#10905 = CARTESIAN_POINT('',(0.,-0.));
#10906 = VECTOR('',#10907,1.);
#10907 = DIRECTION('',(0.,1.));
#10908 = ( GEOMETRIC_REPRESENTATION_CONTEXT(2) 
PARAMETRIC_REPRESENTATION_CONTEXT() REPRESENTATION_CONTEXT('2D SPACE',''
  ) );
#10909 = ORIENTED_EDGE('',*,*,#10910,.T.);
#10910 = EDGE_CURVE('',#10888,#10888,#10911,.T.);
#10911 = SURFACE_CURVE('',#10912,(#10917,#10924),.PCURVE_S1.);
#10912 = CIRCLE('',#10913,1.);
#10913 = AXIS2_PLACEMENT_3D('',#10914,#10915,#10916);
#10914 = CARTESIAN_POINT('',(33.774990747593,19.5,-150.));
#10915 = DIRECTION('',(0.,0.,1.));
#10916 = DIRECTION('',(1.,0.,-0.));
#10917 = PCURVE('',#10863,#10918);
#10918 = DEFINITIONAL_REPRESENTATION('',(#10919),#10923);
#10919 = LINE('',#10920,#10921);
#10920 = CARTESIAN_POINT('',(0.,0.));
#10921 = VECTOR('',#10922,1.);
#10922 = DIRECTION('',(1.,0.));
#10923 = ( GEOMETRIC_REPRESENTATION_CONTEXT(2) 
PARAMETRIC_REPRESENTATION_CONTEXT() REPRESENTATION_CONTEXT('2D SPACE',''
  ) );
#10924 = PCURVE('',#10925,#10930);
#10925 = PLANE('',#10926);
#10926 = AXIS2_PLACEMENT_3D('',#10927,#10928,#10929);
#10927 = CARTESIAN_POINT('',(33.774990747593,19.5,-150.));
#10928 = DIRECTION('',(0.,0.,1.));
#10929 = DIRECTION('',(1.,0.,-0.));
#10930 = DEFINITIONAL_REPRESENTATION('',(#10931),#10935);
#10931 = CIRCLE('',#10932,1.);
#10932 = AXIS2_PLACEMENT_2D('',#10933,#10934);
#10933 = CARTESIAN_POINT('',(0.,0.));
#10934 = DIRECTION('',(1.,0.));
#10935 = ( GEOMETRIC_REPRESENTATION_CONTEXT(2) 
PARAMETRIC_REPRESENTATION_CONTEXT() REPRESENTATION_CONTEXT('2D SPACE',''
  ) );
#10936 = ORIENTED_EDGE('',*,*,#10887,.T.);
#10937 = ADVANCED_FACE('',(#10938),#10875,.T.);
#10938 = FACE_BOUND('',#10939,.T.);
#10939 = EDGE_LOOP('',(#10940));
#10940 = ORIENTED_EDGE('',*,*,#10853,.T.);
#10941 = ADVANCED_FACE('',(#10942),#10925,.F.);
#10942 = FACE_BOUND('',#10943,.T.);
#10943 = EDGE_LOOP('',(#10944));
#10944 = ORIENTED_EDGE('',*,*,#10910,.F.);
#10945 = ( GEOMETRIC_REPRESENTATION_CONTEXT(3) 
GLOBAL_UNCERTAINTY_ASSIGNED_CONTEXT((#10949)) 
GLOBAL_UNIT_ASSIGNED_CONTEXT((#10946,#10947,#10948)) 
REPRESENTATION_CONTEXT('Context #1',
  '3D Context with UNIT and UNCERTAINTY') );
#10946 = ( LENGTH_UNIT() NAMED_UNIT(*) SI_UNIT(.MILLI.,.METRE.) );
#10947 = ( NAMED_UNIT(*) PLANE_ANGLE_UNIT() SI_UNIT($,.RADIAN.) );
#10948 = ( NAMED_UNIT(*) SI_UNIT($,.STERADIAN.) SOLID_ANGLE_UNIT() );
#10949 = UNCERTAINTY_MEASURE_WITH_UNIT(LENGTH_MEASURE(1.E-07),#10946,
  'distance_accuracy_value','confusion accuracy');
#10950 = SHAPE_DEFINITION_REPRESENTATION(#10951,#10846);
#10951 = PRODUCT_DEFINITION_SHAPE('','',#10952);
#10952 = PRODUCT_DEFINITION('design','',#10953,#10956);
#10953 = PRODUCT_DEFINITION_FORMATION('','',#10954);
#10954 = PRODUCT('Open CASCADE STEP translator 7.5 1.5.5',
  'Open CASCADE STEP translator 7.5 1.5.5','',(#10955));
#10955 = PRODUCT_CONTEXT('',#2,'mechanical');
#10956 = PRODUCT_DEFINITION_CONTEXT('part definition',#2,'design');
#10957 = CONTEXT_DEPENDENT_SHAPE_REPRESENTATION(#10958,#10960);
#10958 = ( REPRESENTATION_RELATIONSHIP('','',#10846,#10352) 
REPRESENTATION_RELATIONSHIP_WITH_TRANSFORMATION(#10959) 
SHAPE_REPRESENTATION_RELATIONSHIP() );
#10959 = ITEM_DEFINED_TRANSFORMATION('','',#11,#10369);
#10960 = PRODUCT_DEFINITION_SHAPE('Placement','Placement of an item',
  #10961);
#10961 = NEXT_ASSEMBLY_USAGE_OCCURRENCE('9','','',#10347,#10952,$);
#10962 = PRODUCT_RELATED_PRODUCT_CATEGORY('part',$,(#10954));
#10963 = CONTEXT_DEPENDENT_SHAPE_REPRESENTATION(#10964,#10966);
#10964 = ( REPRESENTATION_RELATIONSHIP('','',#10352,#10) 
REPRESENTATION_RELATIONSHIP_WITH_TRANSFORMATION(#10965) 
SHAPE_REPRESENTATION_RELATIONSHIP() );
#10965 = ITEM_DEFINED_TRANSFORMATION('','',#11,#31);
#10966 = PRODUCT_DEFINITION_SHAPE('Placement','Placement of an item',
  #10967);
#10967 = NEXT_ASSEMBLY_USAGE_OCCURRENCE('10','','',#5,#10347,$);
#10968 = PRODUCT_RELATED_PRODUCT_CATEGORY('part',$,(#10349));
#10969 = ADVANCED_BREP_SHAPE_REPRESENTATION('',(#11,#10970),#11300);
#10970 = MANIFOLD_SOLID_BREP('',#10971);
#10971 = CLOSED_SHELL('',(#10972,#11092,#11168,#11239,#11286,#11293));
#10972 = ADVANCED_FACE('',(#10973),#10987,.T.);
#10973 = FACE_BOUND('',#10974,.T.);
#10974 = EDGE_LOOP('',(#10975,#11010,#11038,#11066));
#10975 = ORIENTED_EDGE('',*,*,#10976,.T.);
#10976 = EDGE_CURVE('',#10977,#10979,#10981,.T.);
#10977 = VERTEX_POINT('',#10978);
#10978 = CARTESIAN_POINT('',(-6.,40.,-150.));
#10979 = VERTEX_POINT('',#10980);
#10980 = CARTESIAN_POINT('',(-6.,40.,150.));
#10981 = SURFACE_CURVE('',#10982,(#10986,#10998),.PCURVE_S1.);
#10982 = LINE('',#10983,#10984);
#10983 = CARTESIAN_POINT('',(-6.,40.,-150.));
#10984 = VECTOR('',#10985,1.);
#10985 = DIRECTION('',(0.,0.,1.));
#10986 = PCURVE('',#10987,#10992);
#10987 = PLANE('',#10988);
#10988 = AXIS2_PLACEMENT_3D('',#10989,#10990,#10991);
#10989 = CARTESIAN_POINT('',(-6.,40.,-150.));
#10990 = DIRECTION('',(0.,1.,0.));
#10991 = DIRECTION('',(1.,0.,0.));
#10992 = DEFINITIONAL_REPRESENTATION('',(#10993),#10997);
#10993 = LINE('',#10994,#10995);
#10994 = CARTESIAN_POINT('',(0.,0.));
#10995 = VECTOR('',#10996,1.);
#10996 = DIRECTION('',(0.,-1.));
#10997 = ( GEOMETRIC_REPRESENTATION_CONTEXT(2) 
PARAMETRIC_REPRESENTATION_CONTEXT() REPRESENTATION_CONTEXT('2D SPACE',''
  ) );
#10998 = PCURVE('',#10999,#11004);
#10999 = PLANE('',#11000);
#11000 = AXIS2_PLACEMENT_3D('',#11001,#11002,#11003);
#11001 = CARTESIAN_POINT('',(-6.,38.5,-150.));
#11002 = DIRECTION('',(-1.,0.,0.));
#11003 = DIRECTION('',(0.,1.,0.));
#11004 = DEFINITIONAL_REPRESENTATION('',(#11005),#11009);
#11005 = LINE('',#11006,#11007);
#11006 = CARTESIAN_POINT('',(1.5,0.));
#11007 = VECTOR('',#11008,1.);
#11008 = DIRECTION('',(0.,-1.));
#11009 = ( GEOMETRIC_REPRESENTATION_CONTEXT(2) 
PARAMETRIC_REPRESENTATION_CONTEXT() REPRESENTATION_CONTEXT('2D SPACE',''
  ) );
#11010 = ORIENTED_EDGE('',*,*,#11011,.T.);
#11011 = EDGE_CURVE('',#10979,#11012,#11014,.T.);
#11012 = VERTEX_POINT('',#11013);
#11013 = CARTESIAN_POINT('',(6.,40.,150.));
#11014 = SURFACE_CURVE('',#11015,(#11019,#11026),.PCURVE_S1.);
#11015 = LINE('',#11016,#11017);
#11016 = CARTESIAN_POINT('',(-6.,40.,150.));
#11017 = VECTOR('',#11018,1.);
#11018 = DIRECTION('',(1.,0.,0.));
#11019 = PCURVE('',#10987,#11020);
#11020 = DEFINITIONAL_REPRESENTATION('',(#11021),#11025);
#11021 = LINE('',#11022,#11023);
#11022 = CARTESIAN_POINT('',(0.,-300.));
#11023 = VECTOR('',#11024,1.);
#11024 = DIRECTION('',(1.,0.));
#11025 = ( GEOMETRIC_REPRESENTATION_CONTEXT(2) 
PARAMETRIC_REPRESENTATION_CONTEXT() REPRESENTATION_CONTEXT('2D SPACE',''
  ) );
#11026 = PCURVE('',#11027,#11032);
#11027 = PLANE('',#11028);
#11028 = AXIS2_PLACEMENT_3D('',#11029,#11030,#11031);
#11029 = CARTESIAN_POINT('',(2.236893797763E-15,39.25,150.));
#11030 = DIRECTION('',(-0.,-0.,-1.));
#11031 = DIRECTION('',(-1.,0.,0.));
#11032 = DEFINITIONAL_REPRESENTATION('',(#11033),#11037);
#11033 = LINE('',#11034,#11035);
#11034 = CARTESIAN_POINT('',(6.,0.75));
#11035 = VECTOR('',#11036,1.);
#11036 = DIRECTION('',(-1.,0.));
#11037 = ( GEOMETRIC_REPRESENTATION_CONTEXT(2) 
PARAMETRIC_REPRESENTATION_CONTEXT() REPRESENTATION_CONTEXT('2D SPACE',''
  ) );
#11038 = ORIENTED_EDGE('',*,*,#11039,.F.);
#11039 = EDGE_CURVE('',#11040,#11012,#11042,.T.);
#11040 = VERTEX_POINT('',#11041);
#11041 = CARTESIAN_POINT('',(6.,40.,-150.));
#11042 = SURFACE_CURVE('',#11043,(#11047,#11054),.PCURVE_S1.);
#11043 = LINE('',#11044,#11045);
#11044 = CARTESIAN_POINT('',(6.,40.,-150.));
#11045 = VECTOR('',#11046,1.);
#11046 = DIRECTION('',(0.,0.,1.));
#11047 = PCURVE('',#10987,#11048);
#11048 = DEFINITIONAL_REPRESENTATION('',(#11049),#11053);
#11049 = LINE('',#11050,#11051);
#11050 = CARTESIAN_POINT('',(12.,0.));
#11051 = VECTOR('',#11052,1.);
#11052 = DIRECTION('',(0.,-1.));
#11053 = ( GEOMETRIC_REPRESENTATION_CONTEXT(2) 
PARAMETRIC_REPRESENTATION_CONTEXT() REPRESENTATION_CONTEXT('2D SPACE',''
  ) );
#11054 = PCURVE('',#11055,#11060);
#11055 = PLANE('',#11056);
#11056 = AXIS2_PLACEMENT_3D('',#11057,#11058,#11059);
#11057 = CARTESIAN_POINT('',(6.,40.,-150.));
#11058 = DIRECTION('',(1.,0.,-0.));
#11059 = DIRECTION('',(0.,-1.,0.));
#11060 = DEFINITIONAL_REPRESENTATION('',(#11061),#11065);
#11061 = LINE('',#11062,#11063);
#11062 = CARTESIAN_POINT('',(0.,0.));
#11063 = VECTOR('',#11064,1.);
#11064 = DIRECTION('',(0.,-1.));
#11065 = ( GEOMETRIC_REPRESENTATION_CONTEXT(2) 
PARAMETRIC_REPRESENTATION_CONTEXT() REPRESENTATION_CONTEXT('2D SPACE',''
  ) );
#11066 = ORIENTED_EDGE('',*,*,#11067,.F.);
#11067 = EDGE_CURVE('',#10977,#11040,#11068,.T.);
#11068 = SURFACE_CURVE('',#11069,(#11073,#11080),.PCURVE_S1.);
#11069 = LINE('',#11070,#11071);
#11070 = CARTESIAN_POINT('',(-6.,40.,-150.));
#11071 = VECTOR('',#11072,1.);
#11072 = DIRECTION('',(1.,0.,0.));
#11073 = PCURVE('',#10987,#11074);
#11074 = DEFINITIONAL_REPRESENTATION('',(#11075),#11079);
#11075 = LINE('',#11076,#11077);
#11076 = CARTESIAN_POINT('',(0.,0.));
#11077 = VECTOR('',#11078,1.);
#11078 = DIRECTION('',(1.,0.));
#11079 = ( GEOMETRIC_REPRESENTATION_CONTEXT(2) 
PARAMETRIC_REPRESENTATION_CONTEXT() REPRESENTATION_CONTEXT('2D SPACE',''
  ) );
#11080 = PCURVE('',#11081,#11086);
#11081 = PLANE('',#11082);
#11082 = AXIS2_PLACEMENT_3D('',#11083,#11084,#11085);
#11083 = CARTESIAN_POINT('',(2.236893797763E-15,39.25,-150.));
#11084 = DIRECTION('',(-0.,-0.,-1.));
#11085 = DIRECTION('',(-1.,0.,0.));
#11086 = DEFINITIONAL_REPRESENTATION('',(#11087),#11091);
#11087 = LINE('',#11088,#11089);
#11088 = CARTESIAN_POINT('',(6.,0.75));
#11089 = VECTOR('',#11090,1.);
#11090 = DIRECTION('',(-1.,0.));
#11091 = ( GEOMETRIC_REPRESENTATION_CONTEXT(2) 
PARAMETRIC_REPRESENTATION_CONTEXT() REPRESENTATION_CONTEXT('2D SPACE',''
  ) );
#11092 = ADVANCED_FACE('',(#11093),#11055,.T.);
#11093 = FACE_BOUND('',#11094,.T.);
#11094 = EDGE_LOOP('',(#11095,#11096,#11119,#11147));
#11095 = ORIENTED_EDGE('',*,*,#11039,.T.);
#11096 = ORIENTED_EDGE('',*,*,#11097,.T.);
#11097 = EDGE_CURVE('',#11012,#11098,#11100,.T.);
#11098 = VERTEX_POINT('',#11099);
#11099 = CARTESIAN_POINT('',(6.,38.5,150.));
#11100 = SURFACE_CURVE('',#11101,(#11105,#11112),.PCURVE_S1.);
#11101 = LINE('',#11102,#11103);
#11102 = CARTESIAN_POINT('',(6.,40.,150.));
#11103 = VECTOR('',#11104,1.);
#11104 = DIRECTION('',(0.,-1.,0.));
#11105 = PCURVE('',#11055,#11106);
#11106 = DEFINITIONAL_REPRESENTATION('',(#11107),#11111);
#11107 = LINE('',#11108,#11109);
#11108 = CARTESIAN_POINT('',(0.,-300.));
#11109 = VECTOR('',#11110,1.);
#11110 = DIRECTION('',(1.,0.));
#11111 = ( GEOMETRIC_REPRESENTATION_CONTEXT(2) 
PARAMETRIC_REPRESENTATION_CONTEXT() REPRESENTATION_CONTEXT('2D SPACE',''
  ) );
#11112 = PCURVE('',#11027,#11113);
#11113 = DEFINITIONAL_REPRESENTATION('',(#11114),#11118);
#11114 = LINE('',#11115,#11116);
#11115 = CARTESIAN_POINT('',(-6.,0.75));
#11116 = VECTOR('',#11117,1.);
#11117 = DIRECTION('',(0.,-1.));
#11118 = ( GEOMETRIC_REPRESENTATION_CONTEXT(2) 
PARAMETRIC_REPRESENTATION_CONTEXT() REPRESENTATION_CONTEXT('2D SPACE',''
  ) );
#11119 = ORIENTED_EDGE('',*,*,#11120,.F.);
#11120 = EDGE_CURVE('',#11121,#11098,#11123,.T.);
#11121 = VERTEX_POINT('',#11122);
#11122 = CARTESIAN_POINT('',(6.,38.5,-150.));
#11123 = SURFACE_CURVE('',#11124,(#11128,#11135),.PCURVE_S1.);
#11124 = LINE('',#11125,#11126);
#11125 = CARTESIAN_POINT('',(6.,38.5,-150.));
#11126 = VECTOR('',#11127,1.);
#11127 = DIRECTION('',(0.,0.,1.));
#11128 = PCURVE('',#11055,#11129);
#11129 = DEFINITIONAL_REPRESENTATION('',(#11130),#11134);
#11130 = LINE('',#11131,#11132);
#11131 = CARTESIAN_POINT('',(1.5,0.));
#11132 = VECTOR('',#11133,1.);
#11133 = DIRECTION('',(0.,-1.));
#11134 = ( GEOMETRIC_REPRESENTATION_CONTEXT(2) 
PARAMETRIC_REPRESENTATION_CONTEXT() REPRESENTATION_CONTEXT('2D SPACE',''
  ) );
#11135 = PCURVE('',#11136,#11141);
#11136 = PLANE('',#11137);
#11137 = AXIS2_PLACEMENT_3D('',#11138,#11139,#11140);
#11138 = CARTESIAN_POINT('',(6.,38.5,-150.));
#11139 = DIRECTION('',(0.,-1.,0.));
#11140 = DIRECTION('',(-1.,0.,0.));
#11141 = DEFINITIONAL_REPRESENTATION('',(#11142),#11146);
#11142 = LINE('',#11143,#11144);
#11143 = CARTESIAN_POINT('',(0.,-0.));
#11144 = VECTOR('',#11145,1.);
#11145 = DIRECTION('',(0.,-1.));
#11146 = ( GEOMETRIC_REPRESENTATION_CONTEXT(2) 
PARAMETRIC_REPRESENTATION_CONTEXT() REPRESENTATION_CONTEXT('2D SPACE',''
  ) );
#11147 = ORIENTED_EDGE('',*,*,#11148,.F.);
#11148 = EDGE_CURVE('',#11040,#11121,#11149,.T.);
#11149 = SURFACE_CURVE('',#11150,(#11154,#11161),.PCURVE_S1.);
#11150 = LINE('',#11151,#11152);
#11151 = CARTESIAN_POINT('',(6.,40.,-150.));
#11152 = VECTOR('',#11153,1.);
#11153 = DIRECTION('',(0.,-1.,0.));
#11154 = PCURVE('',#11055,#11155);
#11155 = DEFINITIONAL_REPRESENTATION('',(#11156),#11160);
#11156 = LINE('',#11157,#11158);
#11157 = CARTESIAN_POINT('',(0.,0.));
#11158 = VECTOR('',#11159,1.);
#11159 = DIRECTION('',(1.,0.));
#11160 = ( GEOMETRIC_REPRESENTATION_CONTEXT(2) 
PARAMETRIC_REPRESENTATION_CONTEXT() REPRESENTATION_CONTEXT('2D SPACE',''
  ) );
#11161 = PCURVE('',#11081,#11162);
#11162 = DEFINITIONAL_REPRESENTATION('',(#11163),#11167);
#11163 = LINE('',#11164,#11165);
#11164 = CARTESIAN_POINT('',(-6.,0.75));
#11165 = VECTOR('',#11166,1.);
#11166 = DIRECTION('',(0.,-1.));
#11167 = ( GEOMETRIC_REPRESENTATION_CONTEXT(2) 
PARAMETRIC_REPRESENTATION_CONTEXT() REPRESENTATION_CONTEXT('2D SPACE',''
  ) );
#11168 = ADVANCED_FACE('',(#11169),#11136,.T.);
#11169 = FACE_BOUND('',#11170,.T.);
#11170 = EDGE_LOOP('',(#11171,#11172,#11195,#11218));
#11171 = ORIENTED_EDGE('',*,*,#11120,.T.);
#11172 = ORIENTED_EDGE('',*,*,#11173,.T.);
#11173 = EDGE_CURVE('',#11098,#11174,#11176,.T.);
#11174 = VERTEX_POINT('',#11175);
#11175 = CARTESIAN_POINT('',(-6.,38.5,150.));
#11176 = SURFACE_CURVE('',#11177,(#11181,#11188),.PCURVE_S1.);
#11177 = LINE('',#11178,#11179);
#11178 = CARTESIAN_POINT('',(6.,38.5,150.));
#11179 = VECTOR('',#11180,1.);
#11180 = DIRECTION('',(-1.,0.,0.));
#11181 = PCURVE('',#11136,#11182);
#11182 = DEFINITIONAL_REPRESENTATION('',(#11183),#11187);
#11183 = LINE('',#11184,#11185);
#11184 = CARTESIAN_POINT('',(0.,-300.));
#11185 = VECTOR('',#11186,1.);
#11186 = DIRECTION('',(1.,0.));
#11187 = ( GEOMETRIC_REPRESENTATION_CONTEXT(2) 
PARAMETRIC_REPRESENTATION_CONTEXT() REPRESENTATION_CONTEXT('2D SPACE',''
  ) );
#11188 = PCURVE('',#11027,#11189);
#11189 = DEFINITIONAL_REPRESENTATION('',(#11190),#11194);
#11190 = LINE('',#11191,#11192);
#11191 = CARTESIAN_POINT('',(-6.,-0.75));
#11192 = VECTOR('',#11193,1.);
#11193 = DIRECTION('',(1.,0.));
#11194 = ( GEOMETRIC_REPRESENTATION_CONTEXT(2) 
PARAMETRIC_REPRESENTATION_CONTEXT() REPRESENTATION_CONTEXT('2D SPACE',''
  ) );
#11195 = ORIENTED_EDGE('',*,*,#11196,.F.);
#11196 = EDGE_CURVE('',#11197,#11174,#11199,.T.);
#11197 = VERTEX_POINT('',#11198);
#11198 = CARTESIAN_POINT('',(-6.,38.5,-150.));
#11199 = SURFACE_CURVE('',#11200,(#11204,#11211),.PCURVE_S1.);
#11200 = LINE('',#11201,#11202);
#11201 = CARTESIAN_POINT('',(-6.,38.5,-150.));
#11202 = VECTOR('',#11203,1.);
#11203 = DIRECTION('',(0.,0.,1.));
#11204 = PCURVE('',#11136,#11205);
#11205 = DEFINITIONAL_REPRESENTATION('',(#11206),#11210);
#11206 = LINE('',#11207,#11208);
#11207 = CARTESIAN_POINT('',(12.,0.));
#11208 = VECTOR('',#11209,1.);
#11209 = DIRECTION('',(0.,-1.));
#11210 = ( GEOMETRIC_REPRESENTATION_CONTEXT(2) 
PARAMETRIC_REPRESENTATION_CONTEXT() REPRESENTATION_CONTEXT('2D SPACE',''
  ) );
#11211 = PCURVE('',#10999,#11212);
#11212 = DEFINITIONAL_REPRESENTATION('',(#11213),#11217);
#11213 = LINE('',#11214,#11215);
#11214 = CARTESIAN_POINT('',(0.,0.));
#11215 = VECTOR('',#11216,1.);
#11216 = DIRECTION('',(0.,-1.));
#11217 = ( GEOMETRIC_REPRESENTATION_CONTEXT(2) 
PARAMETRIC_REPRESENTATION_CONTEXT() REPRESENTATION_CONTEXT('2D SPACE',''
  ) );
#11218 = ORIENTED_EDGE('',*,*,#11219,.F.);
#11219 = EDGE_CURVE('',#11121,#11197,#11220,.T.);
#11220 = SURFACE_CURVE('',#11221,(#11225,#11232),.PCURVE_S1.);
#11221 = LINE('',#11222,#11223);
#11222 = CARTESIAN_POINT('',(6.,38.5,-150.));
#11223 = VECTOR('',#11224,1.);
#11224 = DIRECTION('',(-1.,0.,0.));
#11225 = PCURVE('',#11136,#11226);
#11226 = DEFINITIONAL_REPRESENTATION('',(#11227),#11231);
#11227 = LINE('',#11228,#11229);
#11228 = CARTESIAN_POINT('',(0.,-0.));
#11229 = VECTOR('',#11230,1.);
#11230 = DIRECTION('',(1.,0.));
#11231 = ( GEOMETRIC_REPRESENTATION_CONTEXT(2) 
PARAMETRIC_REPRESENTATION_CONTEXT() REPRESENTATION_CONTEXT('2D SPACE',''
  ) );
#11232 = PCURVE('',#11081,#11233);
#11233 = DEFINITIONAL_REPRESENTATION('',(#11234),#11238);
#11234 = LINE('',#11235,#11236);
#11235 = CARTESIAN_POINT('',(-6.,-0.75));
#11236 = VECTOR('',#11237,1.);
#11237 = DIRECTION('',(1.,0.));
#11238 = ( GEOMETRIC_REPRESENTATION_CONTEXT(2) 
PARAMETRIC_REPRESENTATION_CONTEXT() REPRESENTATION_CONTEXT('2D SPACE',''
  ) );
#11239 = ADVANCED_FACE('',(#11240),#10999,.T.);
#11240 = FACE_BOUND('',#11241,.T.);
#11241 = EDGE_LOOP('',(#11242,#11243,#11264,#11265));
#11242 = ORIENTED_EDGE('',*,*,#11196,.T.);
#11243 = ORIENTED_EDGE('',*,*,#11244,.T.);
#11244 = EDGE_CURVE('',#11174,#10979,#11245,.T.);
#11245 = SURFACE_CURVE('',#11246,(#11250,#11257),.PCURVE_S1.);
#11246 = LINE('',#11247,#11248);
#11247 = CARTESIAN_POINT('',(-6.,38.5,150.));
#11248 = VECTOR('',#11249,1.);
#11249 = DIRECTION('',(0.,1.,0.));
#11250 = PCURVE('',#10999,#11251);
#11251 = DEFINITIONAL_REPRESENTATION('',(#11252),#11256);
#11252 = LINE('',#11253,#11254);
#11253 = CARTESIAN_POINT('',(0.,-300.));
#11254 = VECTOR('',#11255,1.);
#11255 = DIRECTION('',(1.,0.));
#11256 = ( GEOMETRIC_REPRESENTATION_CONTEXT(2) 
PARAMETRIC_REPRESENTATION_CONTEXT() REPRESENTATION_CONTEXT('2D SPACE',''
  ) );
#11257 = PCURVE('',#11027,#11258);
#11258 = DEFINITIONAL_REPRESENTATION('',(#11259),#11263);
#11259 = LINE('',#11260,#11261);
#11260 = CARTESIAN_POINT('',(6.,-0.75));
#11261 = VECTOR('',#11262,1.);
#11262 = DIRECTION('',(0.,1.));
#11263 = ( GEOMETRIC_REPRESENTATION_CONTEXT(2) 
PARAMETRIC_REPRESENTATION_CONTEXT() REPRESENTATION_CONTEXT('2D SPACE',''
  ) );
#11264 = ORIENTED_EDGE('',*,*,#10976,.F.);
#11265 = ORIENTED_EDGE('',*,*,#11266,.F.);
#11266 = EDGE_CURVE('',#11197,#10977,#11267,.T.);
#11267 = SURFACE_CURVE('',#11268,(#11272,#11279),.PCURVE_S1.);
#11268 = LINE('',#11269,#11270);
#11269 = CARTESIAN_POINT('',(-6.,38.5,-150.));
#11270 = VECTOR('',#11271,1.);
#11271 = DIRECTION('',(0.,1.,0.));
#11272 = PCURVE('',#10999,#11273);
#11273 = DEFINITIONAL_REPRESENTATION('',(#11274),#11278);
#11274 = LINE('',#11275,#11276);
#11275 = CARTESIAN_POINT('',(0.,0.));
#11276 = VECTOR('',#11277,1.);
#11277 = DIRECTION('',(1.,0.));
#11278 = ( GEOMETRIC_REPRESENTATION_CONTEXT(2) 
PARAMETRIC_REPRESENTATION_CONTEXT() REPRESENTATION_CONTEXT('2D SPACE',''
  ) );
#11279 = PCURVE('',#11081,#11280);
#11280 = DEFINITIONAL_REPRESENTATION('',(#11281),#11285);
#11281 = LINE('',#11282,#11283);
#11282 = CARTESIAN_POINT('',(6.,-0.75));
#11283 = VECTOR('',#11284,1.);
#11284 = DIRECTION('',(0.,1.));
#11285 = ( GEOMETRIC_REPRESENTATION_CONTEXT(2) 
PARAMETRIC_REPRESENTATION_CONTEXT() REPRESENTATION_CONTEXT('2D SPACE',''
  ) );
#11286 = ADVANCED_FACE('',(#11287),#11081,.T.);
#11287 = FACE_BOUND('',#11288,.T.);
#11288 = EDGE_LOOP('',(#11289,#11290,#11291,#11292));
#11289 = ORIENTED_EDGE('',*,*,#11067,.T.);
#11290 = ORIENTED_EDGE('',*,*,#11148,.T.);
#11291 = ORIENTED_EDGE('',*,*,#11219,.T.);
#11292 = ORIENTED_EDGE('',*,*,#11266,.T.);
#11293 = ADVANCED_FACE('',(#11294),#11027,.F.);
#11294 = FACE_BOUND('',#11295,.F.);
#11295 = EDGE_LOOP('',(#11296,#11297,#11298,#11299));
#11296 = ORIENTED_EDGE('',*,*,#11011,.T.);
#11297 = ORIENTED_EDGE('',*,*,#11097,.T.);
#11298 = ORIENTED_EDGE('',*,*,#11173,.T.);
#11299 = ORIENTED_EDGE('',*,*,#11244,.T.);
#11300 = ( GEOMETRIC_REPRESENTATION_CONTEXT(3) 
GLOBAL_UNCERTAINTY_ASSIGNED_CONTEXT((#11304)) 
GLOBAL_UNIT_ASSIGNED_CONTEXT((#11301,#11302,#11303)) 
REPRESENTATION_CONTEXT('Context #1',
  '3D Context with UNIT and UNCERTAINTY') );
#11301 = ( LENGTH_UNIT() NAMED_UNIT(*) SI_UNIT(.MILLI.,.METRE.) );
#11302 = ( NAMED_UNIT(*) PLANE_ANGLE_UNIT() SI_UNIT($,.RADIAN.) );
#11303 = ( NAMED_UNIT(*) SI_UNIT($,.STERADIAN.) SOLID_ANGLE_UNIT() );
#11304 = UNCERTAINTY_MEASURE_WITH_UNIT(LENGTH_MEASURE(1.E-07),#11301,
  'distance_accuracy_value','confusion accuracy');
#11305 = SHAPE_DEFINITION_REPRESENTATION(#11306,#10969);
#11306 = PRODUCT_DEFINITION_SHAPE('','',#11307);
#11307 = PRODUCT_DEFINITION('design','',#11308,#11311);
#11308 = PRODUCT_DEFINITION_FORMATION('','',#11309);
#11309 = PRODUCT('Open CASCADE STEP translator 7.5 1.6',
  'Open CASCADE STEP translator 7.5 1.6','',(#11310));
#11310 = PRODUCT_CONTEXT('',#2,'mechanical');
#11311 = PRODUCT_DEFINITION_CONTEXT('part definition',#2,'design');
#11312 = CONTEXT_DEPENDENT_SHAPE_REPRESENTATION(#11313,#11315);
#11313 = ( REPRESENTATION_RELATIONSHIP('','',#10969,#10) 
REPRESENTATION_RELATIONSHIP_WITH_TRANSFORMATION(#11314) 
SHAPE_REPRESENTATION_RELATIONSHIP() );
#11314 = ITEM_DEFINED_TRANSFORMATION('','',#11,#35);
#11315 = PRODUCT_DEFINITION_SHAPE('Placement','Placement of an item',
  #11316);
#11316 = NEXT_ASSEMBLY_USAGE_OCCURRENCE('11','','',#5,#11307,$);
#11317 = PRODUCT_RELATED_PRODUCT_CATEGORY('part',$,(#11309));
#11318 = SHAPE_DEFINITION_REPRESENTATION(#11319,#11325);
#11319 = PRODUCT_DEFINITION_SHAPE('','',#11320);
#11320 = PRODUCT_DEFINITION('design','',#11321,#11324);
#11321 = PRODUCT_DEFINITION_FORMATION('','',#11322);
#11322 = PRODUCT('Open CASCADE STEP translator 7.5 1.7',
  'Open CASCADE STEP translator 7.5 1.7','',(#11323));
#11323 = PRODUCT_CONTEXT('',#2,'mechanical');
#11324 = PRODUCT_DEFINITION_CONTEXT('part definition',#2,'design');
#11325 = SHAPE_REPRESENTATION('',(#11,#11326,#11330),#11334);
#11326 = AXIS2_PLACEMENT_3D('',#11327,#11328,#11329);
#11327 = CARTESIAN_POINT('',(0.,0.,0.));
#11328 = DIRECTION('',(0.,0.,1.));
#11329 = DIRECTION('',(1.,0.,-0.));
#11330 = AXIS2_PLACEMENT_3D('',#11331,#11332,#11333);
#11331 = CARTESIAN_POINT('',(0.,0.,0.));
#11332 = DIRECTION('',(0.,0.,1.));
#11333 = DIRECTION('',(1.,0.,-0.));
#11334 = ( GEOMETRIC_REPRESENTATION_CONTEXT(3) 
GLOBAL_UNCERTAINTY_ASSIGNED_CONTEXT((#11338)) 
GLOBAL_UNIT_ASSIGNED_CONTEXT((#11335,#11336,#11337)) 
REPRESENTATION_CONTEXT('Context #1',
  '3D Context with UNIT and UNCERTAINTY') );
#11335 = ( LENGTH_UNIT() NAMED_UNIT(*) SI_UNIT(.MILLI.,.METRE.) );
#11336 = ( NAMED_UNIT(*) PLANE_ANGLE_UNIT() SI_UNIT($,.RADIAN.) );
#11337 = ( NAMED_UNIT(*) SI_UNIT($,.STERADIAN.) SOLID_ANGLE_UNIT() );
#11338 = UNCERTAINTY_MEASURE_WITH_UNIT(LENGTH_MEASURE(1.E-07),#11335,
  'distance_accuracy_value','confusion accuracy');
#11339 = ADVANCED_BREP_SHAPE_REPRESENTATION('',(#11,#11340),#14639);
#11340 = MANIFOLD_SOLID_BREP('',#11341);
#11341 = CLOSED_SHELL('',(#11342,#11430,#11871,#11875,#12181,#12263,
    #12546,#12623,#12930,#13002,#13286,#13358,#13436,#13513,#13796,
    #13873,#13935,#14008,#14242,#14269,#14307,#14335,#14342,#14359,
    #14387,#14403,#14452,#14503,#14553,#14580,#14618,#14625,#14632));
#11342 = ADVANCED_FACE('',(#11343),#11356,.T.);
#11343 = FACE_BOUND('',#11344,.T.);
#11344 = EDGE_LOOP('',(#11345,#11379,#11402,#11429));
#11345 = ORIENTED_EDGE('',*,*,#11346,.F.);
#11346 = EDGE_CURVE('',#11347,#11347,#11349,.T.);
#11347 = VERTEX_POINT('',#11348);
#11348 = CARTESIAN_POINT('',(46.,-1.126675055216E-14,-150.));
#11349 = SURFACE_CURVE('',#11350,(#11355,#11367),.PCURVE_S1.);
#11350 = CIRCLE('',#11351,46.);
#11351 = AXIS2_PLACEMENT_3D('',#11352,#11353,#11354);
#11352 = CARTESIAN_POINT('',(0.,0.,-150.));
#11353 = DIRECTION('',(0.,0.,1.));
#11354 = DIRECTION('',(1.,0.,-0.));
#11355 = PCURVE('',#11356,#11361);
#11356 = CYLINDRICAL_SURFACE('',#11357,46.);
#11357 = AXIS2_PLACEMENT_3D('',#11358,#11359,#11360);
#11358 = CARTESIAN_POINT('',(0.,0.,-158.));
#11359 = DIRECTION('',(0.,0.,1.));
#11360 = DIRECTION('',(1.,0.,-0.));
#11361 = DEFINITIONAL_REPRESENTATION('',(#11362),#11366);
#11362 = LINE('',#11363,#11364);
#11363 = CARTESIAN_POINT('',(0.,8.));
#11364 = VECTOR('',#11365,1.);
#11365 = DIRECTION('',(1.,0.));
#11366 = ( GEOMETRIC_REPRESENTATION_CONTEXT(2) 
PARAMETRIC_REPRESENTATION_CONTEXT() REPRESENTATION_CONTEXT('2D SPACE',''
  ) );
#11367 = PCURVE('',#11368,#11373);
#11368 = PLANE('',#11369);
#11369 = AXIS2_PLACEMENT_3D('',#11370,#11371,#11372);
#11370 = CARTESIAN_POINT('',(0.,0.,-150.));
#11371 = DIRECTION('',(0.,0.,1.));
#11372 = DIRECTION('',(1.,0.,-0.));
#11373 = DEFINITIONAL_REPRESENTATION('',(#11374),#11378);
#11374 = CIRCLE('',#11375,46.);
#11375 = AXIS2_PLACEMENT_2D('',#11376,#11377);
#11376 = CARTESIAN_POINT('',(0.,0.));
#11377 = DIRECTION('',(1.,0.));
#11378 = ( GEOMETRIC_REPRESENTATION_CONTEXT(2) 
PARAMETRIC_REPRESENTATION_CONTEXT() REPRESENTATION_CONTEXT('2D SPACE',''
  ) );
#11379 = ORIENTED_EDGE('',*,*,#11380,.F.);
#11380 = EDGE_CURVE('',#11381,#11347,#11383,.T.);
#11381 = VERTEX_POINT('',#11382);
#11382 = CARTESIAN_POINT('',(46.,-1.126675055216E-14,-158.));
#11383 = SEAM_CURVE('',#11384,(#11388,#11395),.PCURVE_S1.);
#11384 = LINE('',#11385,#11386);
#11385 = CARTESIAN_POINT('',(46.,-1.126675055216E-14,-158.));
#11386 = VECTOR('',#11387,1.);
#11387 = DIRECTION('',(0.,0.,1.));
#11388 = PCURVE('',#11356,#11389);
#11389 = DEFINITIONAL_REPRESENTATION('',(#11390),#11394);
#11390 = LINE('',#11391,#11392);
#11391 = CARTESIAN_POINT('',(6.28318530718,-0.));
#11392 = VECTOR('',#11393,1.);
#11393 = DIRECTION('',(0.,1.));
#11394 = ( GEOMETRIC_REPRESENTATION_CONTEXT(2) 
PARAMETRIC_REPRESENTATION_CONTEXT() REPRESENTATION_CONTEXT('2D SPACE',''
  ) );
#11395 = PCURVE('',#11356,#11396);
#11396 = DEFINITIONAL_REPRESENTATION('',(#11397),#11401);
#11397 = LINE('',#11398,#11399);
#11398 = CARTESIAN_POINT('',(0.,-0.));
#11399 = VECTOR('',#11400,1.);
#11400 = DIRECTION('',(0.,1.));
#11401 = ( GEOMETRIC_REPRESENTATION_CONTEXT(2) 
PARAMETRIC_REPRESENTATION_CONTEXT() REPRESENTATION_CONTEXT('2D SPACE',''
  ) );
#11402 = ORIENTED_EDGE('',*,*,#11403,.T.);
#11403 = EDGE_CURVE('',#11381,#11381,#11404,.T.);
#11404 = SURFACE_CURVE('',#11405,(#11410,#11417),.PCURVE_S1.);
#11405 = CIRCLE('',#11406,46.);
#11406 = AXIS2_PLACEMENT_3D('',#11407,#11408,#11409);
#11407 = CARTESIAN_POINT('',(0.,0.,-158.));
#11408 = DIRECTION('',(0.,0.,1.));
#11409 = DIRECTION('',(1.,0.,-0.));
#11410 = PCURVE('',#11356,#11411);
#11411 = DEFINITIONAL_REPRESENTATION('',(#11412),#11416);
#11412 = LINE('',#11413,#11414);
#11413 = CARTESIAN_POINT('',(0.,0.));
#11414 = VECTOR('',#11415,1.);
#11415 = DIRECTION('',(1.,0.));
#11416 = ( GEOMETRIC_REPRESENTATION_CONTEXT(2) 
PARAMETRIC_REPRESENTATION_CONTEXT() REPRESENTATION_CONTEXT('2D SPACE',''
  ) );
#11417 = PCURVE('',#11418,#11423);
#11418 = PLANE('',#11419);
#11419 = AXIS2_PLACEMENT_3D('',#11420,#11421,#11422);
#11420 = CARTESIAN_POINT('',(0.,0.,-158.));
#11421 = DIRECTION('',(0.,0.,1.));
#11422 = DIRECTION('',(1.,0.,-0.));
#11423 = DEFINITIONAL_REPRESENTATION('',(#11424),#11428);
#11424 = CIRCLE('',#11425,46.);
#11425 = AXIS2_PLACEMENT_2D('',#11426,#11427);
#11426 = CARTESIAN_POINT('',(0.,0.));
#11427 = DIRECTION('',(1.,0.));
#11428 = ( GEOMETRIC_REPRESENTATION_CONTEXT(2) 
PARAMETRIC_REPRESENTATION_CONTEXT() REPRESENTATION_CONTEXT('2D SPACE',''
  ) );
#11429 = ORIENTED_EDGE('',*,*,#11380,.T.);
#11430 = ADVANCED_FACE('',(#11431,#11434),#11368,.T.);
#11431 = FACE_BOUND('',#11432,.T.);
#11432 = EDGE_LOOP('',(#11433));
#11433 = ORIENTED_EDGE('',*,*,#11346,.T.);
#11434 = FACE_BOUND('',#11435,.T.);
#11435 = EDGE_LOOP('',(#11436,#11467,#11495,#11524,#11552,#11580,#11603,
    #11626,#11654,#11683,#11707,#11735,#11764,#11788,#11816,#11845));
#11436 = ORIENTED_EDGE('',*,*,#11437,.F.);
#11437 = EDGE_CURVE('',#11438,#11440,#11442,.T.);
#11438 = VERTEX_POINT('',#11439);
#11439 = CARTESIAN_POINT('',(-34.674990748,-19.06411010648,-150.));
#11440 = VERTEX_POINT('',#11441);
#11441 = CARTESIAN_POINT('',(-33.84627543229,-20.49745601092,-150.));
#11442 = SURFACE_CURVE('',#11443,(#11448,#11455),.PCURVE_S1.);
#11443 = CIRCLE('',#11444,1.);
#11444 = AXIS2_PLACEMENT_3D('',#11445,#11446,#11447);
#11445 = CARTESIAN_POINT('',(-33.77499074759,-19.5,-150.));
#11446 = DIRECTION('',(0.,0.,1.));
#11447 = DIRECTION('',(1.,0.,-0.));
#11448 = PCURVE('',#11368,#11449);
#11449 = DEFINITIONAL_REPRESENTATION('',(#11450),#11454);
#11450 = CIRCLE('',#11451,1.);
#11451 = AXIS2_PLACEMENT_2D('',#11452,#11453);
#11452 = CARTESIAN_POINT('',(-33.77499074759,-19.5));
#11453 = DIRECTION('',(1.,0.));
#11454 = ( GEOMETRIC_REPRESENTATION_CONTEXT(2) 
PARAMETRIC_REPRESENTATION_CONTEXT() REPRESENTATION_CONTEXT('2D SPACE',''
  ) );
#11455 = PCURVE('',#11456,#11461);
#11456 = PLANE('',#11457);
#11457 = AXIS2_PLACEMENT_3D('',#11458,#11459,#11460);
#11458 = CARTESIAN_POINT('',(0.,0.,-150.));
#11459 = DIRECTION('',(0.,0.,1.));
#11460 = DIRECTION('',(1.,0.,-0.));
#11461 = DEFINITIONAL_REPRESENTATION('',(#11462),#11466);
#11462 = CIRCLE('',#11463,1.);
#11463 = AXIS2_PLACEMENT_2D('',#11464,#11465);
#11464 = CARTESIAN_POINT('',(-33.77499074759,-19.5));
#11465 = DIRECTION('',(1.,0.));
#11466 = ( GEOMETRIC_REPRESENTATION_CONTEXT(2) 
PARAMETRIC_REPRESENTATION_CONTEXT() REPRESENTATION_CONTEXT('2D SPACE',''
  ) );
#11467 = ORIENTED_EDGE('',*,*,#11468,.F.);
#11468 = EDGE_CURVE('',#11469,#11438,#11471,.T.);
#11469 = VERTEX_POINT('',#11470);
#11470 = CARTESIAN_POINT('',(-34.674990748,19.064110106486,-150.));
#11471 = SURFACE_CURVE('',#11472,(#11476,#11483),.PCURVE_S1.);
#11472 = LINE('',#11473,#11474);
#11473 = CARTESIAN_POINT('',(-34.674990748,19.497545137439,-150.));
#11474 = VECTOR('',#11475,1.);
#11475 = DIRECTION('',(0.,-1.,0.));
#11476 = PCURVE('',#11368,#11477);
#11477 = DEFINITIONAL_REPRESENTATION('',(#11478),#11482);
#11478 = LINE('',#11479,#11480);
#11479 = CARTESIAN_POINT('',(-34.674990748,19.497545137439));
#11480 = VECTOR('',#11481,1.);
#11481 = DIRECTION('',(0.,-1.));
#11482 = ( GEOMETRIC_REPRESENTATION_CONTEXT(2) 
PARAMETRIC_REPRESENTATION_CONTEXT() REPRESENTATION_CONTEXT('2D SPACE',''
  ) );
#11483 = PCURVE('',#11484,#11489);
#11484 = PLANE('',#11485);
#11485 = AXIS2_PLACEMENT_3D('',#11486,#11487,#11488);
#11486 = CARTESIAN_POINT('',(-34.674990748,19.497545137439,-150.));
#11487 = DIRECTION('',(1.,0.,-0.));
#11488 = DIRECTION('',(0.,-1.,0.));
#11489 = DEFINITIONAL_REPRESENTATION('',(#11490),#11494);
#11490 = LINE('',#11491,#11492);
#11491 = CARTESIAN_POINT('',(0.,0.));
#11492 = VECTOR('',#11493,1.);
#11493 = DIRECTION('',(1.,0.));
#11494 = ( GEOMETRIC_REPRESENTATION_CONTEXT(2) 
PARAMETRIC_REPRESENTATION_CONTEXT() REPRESENTATION_CONTEXT('2D SPACE',''
  ) );
#11495 = ORIENTED_EDGE('',*,*,#11496,.F.);
#11496 = EDGE_CURVE('',#11497,#11469,#11499,.T.);
#11497 = VERTEX_POINT('',#11498);
#11498 = CARTESIAN_POINT('',(-33.92983215395,20.487939339674,-150.));
#11499 = SURFACE_CURVE('',#11500,(#11505,#11512),.PCURVE_S1.);
#11500 = CIRCLE('',#11501,1.);
#11501 = AXIS2_PLACEMENT_3D('',#11502,#11503,#11504);
#11502 = CARTESIAN_POINT('',(-33.77499074759,19.5,-150.));
#11503 = DIRECTION('',(0.,0.,1.));
#11504 = DIRECTION('',(1.,0.,-0.));
#11505 = PCURVE('',#11368,#11506);
#11506 = DEFINITIONAL_REPRESENTATION('',(#11507),#11511);
#11507 = CIRCLE('',#11508,1.);
#11508 = AXIS2_PLACEMENT_2D('',#11509,#11510);
#11509 = CARTESIAN_POINT('',(-33.77499074759,19.5));
#11510 = DIRECTION('',(1.,0.));
#11511 = ( GEOMETRIC_REPRESENTATION_CONTEXT(2) 
PARAMETRIC_REPRESENTATION_CONTEXT() REPRESENTATION_CONTEXT('2D SPACE',''
  ) );
#11512 = PCURVE('',#11513,#11518);
#11513 = PLANE('',#11514);
#11514 = AXIS2_PLACEMENT_3D('',#11515,#11516,#11517);
#11515 = CARTESIAN_POINT('',(0.,0.,-150.));
#11516 = DIRECTION('',(0.,0.,1.));
#11517 = DIRECTION('',(1.,0.,-0.));
#11518 = DEFINITIONAL_REPRESENTATION('',(#11519),#11523);
#11519 = CIRCLE('',#11520,1.);
#11520 = AXIS2_PLACEMENT_2D('',#11521,#11522);
#11521 = CARTESIAN_POINT('',(-33.77499074759,19.5));
#11522 = DIRECTION('',(1.,0.));
#11523 = ( GEOMETRIC_REPRESENTATION_CONTEXT(2) 
PARAMETRIC_REPRESENTATION_CONTEXT() REPRESENTATION_CONTEXT('2D SPACE',''
  ) );
#11524 = ORIENTED_EDGE('',*,*,#11525,.F.);
#11525 = EDGE_CURVE('',#11526,#11497,#11528,.T.);
#11526 = VERTEX_POINT('',#11527);
#11527 = CARTESIAN_POINT('',(-6.,39.878263195958,-150.));
#11528 = SURFACE_CURVE('',#11529,(#11533,#11540),.PCURVE_S1.);
#11529 = LINE('',#11530,#11531);
#11530 = CARTESIAN_POINT('',(-5.968690296616,39.9,-150.));
#11531 = VECTOR('',#11532,1.);
#11532 = DIRECTION('',(-0.821444268946,-0.570288797905,0.));
#11533 = PCURVE('',#11368,#11534);
#11534 = DEFINITIONAL_REPRESENTATION('',(#11535),#11539);
#11535 = LINE('',#11536,#11537);
#11536 = CARTESIAN_POINT('',(-5.968690296616,39.9));
#11537 = VECTOR('',#11538,1.);
#11538 = DIRECTION('',(-0.821444268946,-0.570288797905));
#11539 = ( GEOMETRIC_REPRESENTATION_CONTEXT(2) 
PARAMETRIC_REPRESENTATION_CONTEXT() REPRESENTATION_CONTEXT('2D SPACE',''
  ) );
#11540 = PCURVE('',#11541,#11546);
#11541 = PLANE('',#11542);
#11542 = AXIS2_PLACEMENT_3D('',#11543,#11544,#11545);
#11543 = CARTESIAN_POINT('',(-5.968690296616,39.9,-150.));
#11544 = DIRECTION('',(0.570288797905,-0.821444268946,0.));
#11545 = DIRECTION('',(-0.821444268946,-0.570288797905,0.));
#11546 = DEFINITIONAL_REPRESENTATION('',(#11547),#11551);
#11547 = LINE('',#11548,#11549);
#11548 = CARTESIAN_POINT('',(0.,0.));
#11549 = VECTOR('',#11550,1.);
#11550 = DIRECTION('',(1.,0.));
#11551 = ( GEOMETRIC_REPRESENTATION_CONTEXT(2) 
PARAMETRIC_REPRESENTATION_CONTEXT() REPRESENTATION_CONTEXT('2D SPACE',''
  ) );
#11552 = ORIENTED_EDGE('',*,*,#11553,.T.);
#11553 = EDGE_CURVE('',#11526,#11554,#11556,.T.);
#11554 = VERTEX_POINT('',#11555);
#11555 = CARTESIAN_POINT('',(-6.,40.,-150.));
#11556 = SURFACE_CURVE('',#11557,(#11561,#11568),.PCURVE_S1.);
#11557 = LINE('',#11558,#11559);
#11558 = CARTESIAN_POINT('',(-6.,38.5,-150.));
#11559 = VECTOR('',#11560,1.);
#11560 = DIRECTION('',(0.,1.,0.));
#11561 = PCURVE('',#11368,#11562);
#11562 = DEFINITIONAL_REPRESENTATION('',(#11563),#11567);
#11563 = LINE('',#11564,#11565);
#11564 = CARTESIAN_POINT('',(-6.,38.5));
#11565 = VECTOR('',#11566,1.);
#11566 = DIRECTION('',(0.,1.));
#11567 = ( GEOMETRIC_REPRESENTATION_CONTEXT(2) 
PARAMETRIC_REPRESENTATION_CONTEXT() REPRESENTATION_CONTEXT('2D SPACE',''
  ) );
#11568 = PCURVE('',#11569,#11574);
#11569 = PLANE('',#11570);
#11570 = AXIS2_PLACEMENT_3D('',#11571,#11572,#11573);
#11571 = CARTESIAN_POINT('',(0.,0.,-150.));
#11572 = DIRECTION('',(0.,0.,1.));
#11573 = DIRECTION('',(1.,0.,-0.));
#11574 = DEFINITIONAL_REPRESENTATION('',(#11575),#11579);
#11575 = LINE('',#11576,#11577);
#11576 = CARTESIAN_POINT('',(-6.,38.5));
#11577 = VECTOR('',#11578,1.);
#11578 = DIRECTION('',(0.,1.));
#11579 = ( GEOMETRIC_REPRESENTATION_CONTEXT(2) 
PARAMETRIC_REPRESENTATION_CONTEXT() REPRESENTATION_CONTEXT('2D SPACE',''
  ) );
#11580 = ORIENTED_EDGE('',*,*,#11581,.T.);
#11581 = EDGE_CURVE('',#11554,#11582,#11584,.T.);
#11582 = VERTEX_POINT('',#11583);
#11583 = CARTESIAN_POINT('',(6.,40.,-150.));
#11584 = SURFACE_CURVE('',#11585,(#11589,#11596),.PCURVE_S1.);
#11585 = LINE('',#11586,#11587);
#11586 = CARTESIAN_POINT('',(-6.,40.,-150.));
#11587 = VECTOR('',#11588,1.);
#11588 = DIRECTION('',(1.,0.,0.));
#11589 = PCURVE('',#11368,#11590);
#11590 = DEFINITIONAL_REPRESENTATION('',(#11591),#11595);
#11591 = LINE('',#11592,#11593);
#11592 = CARTESIAN_POINT('',(-6.,40.));
#11593 = VECTOR('',#11594,1.);
#11594 = DIRECTION('',(1.,0.));
#11595 = ( GEOMETRIC_REPRESENTATION_CONTEXT(2) 
PARAMETRIC_REPRESENTATION_CONTEXT() REPRESENTATION_CONTEXT('2D SPACE',''
  ) );
#11596 = PCURVE('',#11569,#11597);
#11597 = DEFINITIONAL_REPRESENTATION('',(#11598),#11602);
#11598 = LINE('',#11599,#11600);
#11599 = CARTESIAN_POINT('',(-6.,40.));
#11600 = VECTOR('',#11601,1.);
#11601 = DIRECTION('',(1.,0.));
#11602 = ( GEOMETRIC_REPRESENTATION_CONTEXT(2) 
PARAMETRIC_REPRESENTATION_CONTEXT() REPRESENTATION_CONTEXT('2D SPACE',''
  ) );
#11603 = ORIENTED_EDGE('',*,*,#11604,.T.);
#11604 = EDGE_CURVE('',#11582,#11605,#11607,.T.);
#11605 = VERTEX_POINT('',#11606);
#11606 = CARTESIAN_POINT('',(6.,39.878263195958,-150.));
#11607 = SURFACE_CURVE('',#11608,(#11612,#11619),.PCURVE_S1.);
#11608 = LINE('',#11609,#11610);
#11609 = CARTESIAN_POINT('',(6.,40.,-150.));
#11610 = VECTOR('',#11611,1.);
#11611 = DIRECTION('',(0.,-1.,0.));
#11612 = PCURVE('',#11368,#11613);
#11613 = DEFINITIONAL_REPRESENTATION('',(#11614),#11618);
#11614 = LINE('',#11615,#11616);
#11615 = CARTESIAN_POINT('',(6.,40.));
#11616 = VECTOR('',#11617,1.);
#11617 = DIRECTION('',(0.,-1.));
#11618 = ( GEOMETRIC_REPRESENTATION_CONTEXT(2) 
PARAMETRIC_REPRESENTATION_CONTEXT() REPRESENTATION_CONTEXT('2D SPACE',''
  ) );
#11619 = PCURVE('',#11569,#11620);
#11620 = DEFINITIONAL_REPRESENTATION('',(#11621),#11625);
#11621 = LINE('',#11622,#11623);
#11622 = CARTESIAN_POINT('',(6.,40.));
#11623 = VECTOR('',#11624,1.);
#11624 = DIRECTION('',(0.,-1.));
#11625 = ( GEOMETRIC_REPRESENTATION_CONTEXT(2) 
PARAMETRIC_REPRESENTATION_CONTEXT() REPRESENTATION_CONTEXT('2D SPACE',''
  ) );
#11626 = ORIENTED_EDGE('',*,*,#11627,.F.);
#11627 = EDGE_CURVE('',#11628,#11605,#11630,.T.);
#11628 = VERTEX_POINT('',#11629);
#11629 = CARTESIAN_POINT('',(33.929832153954,20.487939339674,-150.));
#11630 = SURFACE_CURVE('',#11631,(#11635,#11642),.PCURVE_S1.);
#11631 = LINE('',#11632,#11633);
#11632 = CARTESIAN_POINT('',(34.272247314161,20.250217150257,-150.));
#11633 = VECTOR('',#11634,1.);
#11634 = DIRECTION('',(-0.821444268946,0.570288797905,0.));
#11635 = PCURVE('',#11368,#11636);
#11636 = DEFINITIONAL_REPRESENTATION('',(#11637),#11641);
#11637 = LINE('',#11638,#11639);
#11638 = CARTESIAN_POINT('',(34.272247314161,20.250217150257));
#11639 = VECTOR('',#11640,1.);
#11640 = DIRECTION('',(-0.821444268946,0.570288797905));
#11641 = ( GEOMETRIC_REPRESENTATION_CONTEXT(2) 
PARAMETRIC_REPRESENTATION_CONTEXT() REPRESENTATION_CONTEXT('2D SPACE',''
  ) );
#11642 = PCURVE('',#11643,#11648);
#11643 = PLANE('',#11644);
#11644 = AXIS2_PLACEMENT_3D('',#11645,#11646,#11647);
#11645 = CARTESIAN_POINT('',(34.272247314161,20.250217150257,-150.));
#11646 = DIRECTION('',(-0.570288797905,-0.821444268946,0.));
#11647 = DIRECTION('',(-0.821444268946,0.570288797905,0.));
#11648 = DEFINITIONAL_REPRESENTATION('',(#11649),#11653);
#11649 = LINE('',#11650,#11651);
#11650 = CARTESIAN_POINT('',(0.,0.));
#11651 = VECTOR('',#11652,1.);
#11652 = DIRECTION('',(1.,0.));
#11653 = ( GEOMETRIC_REPRESENTATION_CONTEXT(2) 
PARAMETRIC_REPRESENTATION_CONTEXT() REPRESENTATION_CONTEXT('2D SPACE',''
  ) );
#11654 = ORIENTED_EDGE('',*,*,#11655,.F.);
#11655 = EDGE_CURVE('',#11656,#11628,#11658,.T.);
#11656 = VERTEX_POINT('',#11657);
#11657 = CARTESIAN_POINT('',(34.774990747593,19.5,-150.));
#11658 = SURFACE_CURVE('',#11659,(#11664,#11671),.PCURVE_S1.);
#11659 = CIRCLE('',#11660,1.);
#11660 = AXIS2_PLACEMENT_3D('',#11661,#11662,#11663);
#11661 = CARTESIAN_POINT('',(33.774990747593,19.5,-150.));
#11662 = DIRECTION('',(0.,0.,1.));
#11663 = DIRECTION('',(1.,0.,-0.));
#11664 = PCURVE('',#11368,#11665);
#11665 = DEFINITIONAL_REPRESENTATION('',(#11666),#11670);
#11666 = CIRCLE('',#11667,1.);
#11667 = AXIS2_PLACEMENT_2D('',#11668,#11669);
#11668 = CARTESIAN_POINT('',(33.774990747593,19.5));
#11669 = DIRECTION('',(1.,0.));
#11670 = ( GEOMETRIC_REPRESENTATION_CONTEXT(2) 
PARAMETRIC_REPRESENTATION_CONTEXT() REPRESENTATION_CONTEXT('2D SPACE',''
  ) );
#11671 = PCURVE('',#11672,#11677);
#11672 = PLANE('',#11673);
#11673 = AXIS2_PLACEMENT_3D('',#11674,#11675,#11676);
#11674 = CARTESIAN_POINT('',(0.,0.,-150.));
#11675 = DIRECTION('',(0.,0.,1.));
#11676 = DIRECTION('',(1.,0.,-0.));
#11677 = DEFINITIONAL_REPRESENTATION('',(#11678),#11682);
#11678 = CIRCLE('',#11679,1.);
#11679 = AXIS2_PLACEMENT_2D('',#11680,#11681);
#11680 = CARTESIAN_POINT('',(33.774990747593,19.5));
#11681 = DIRECTION('',(1.,0.));
#11682 = ( GEOMETRIC_REPRESENTATION_CONTEXT(2) 
PARAMETRIC_REPRESENTATION_CONTEXT() REPRESENTATION_CONTEXT('2D SPACE',''
  ) );
#11683 = ORIENTED_EDGE('',*,*,#11684,.F.);
#11684 = EDGE_CURVE('',#11685,#11656,#11687,.T.);
#11685 = VERTEX_POINT('',#11686);
#11686 = CARTESIAN_POINT('',(34.674990748,19.064110106486,-150.));
#11687 = SURFACE_CURVE('',#11688,(#11693,#11700),.PCURVE_S1.);
#11688 = CIRCLE('',#11689,1.);
#11689 = AXIS2_PLACEMENT_3D('',#11690,#11691,#11692);
#11690 = CARTESIAN_POINT('',(33.774990747593,19.5,-150.));
#11691 = DIRECTION('',(0.,0.,1.));
#11692 = DIRECTION('',(1.,0.,-0.));
#11693 = PCURVE('',#11368,#11694);
#11694 = DEFINITIONAL_REPRESENTATION('',(#11695),#11699);
#11695 = CIRCLE('',#11696,1.);
#11696 = AXIS2_PLACEMENT_2D('',#11697,#11698);
#11697 = CARTESIAN_POINT('',(33.774990747593,19.5));
#11698 = DIRECTION('',(1.,0.));
#11699 = ( GEOMETRIC_REPRESENTATION_CONTEXT(2) 
PARAMETRIC_REPRESENTATION_CONTEXT() REPRESENTATION_CONTEXT('2D SPACE',''
  ) );
#11700 = PCURVE('',#11672,#11701);
#11701 = DEFINITIONAL_REPRESENTATION('',(#11702),#11706);
#11702 = CIRCLE('',#11703,1.);
#11703 = AXIS2_PLACEMENT_2D('',#11704,#11705);
#11704 = CARTESIAN_POINT('',(33.774990747593,19.5));
#11705 = DIRECTION('',(1.,0.));
#11706 = ( GEOMETRIC_REPRESENTATION_CONTEXT(2) 
PARAMETRIC_REPRESENTATION_CONTEXT() REPRESENTATION_CONTEXT('2D SPACE',''
  ) );
#11707 = ORIENTED_EDGE('',*,*,#11708,.F.);
#11708 = EDGE_CURVE('',#11709,#11685,#11711,.T.);
#11709 = VERTEX_POINT('',#11710);
#11710 = CARTESIAN_POINT('',(34.674990748,-19.06411010648,-150.));
#11711 = SURFACE_CURVE('',#11712,(#11716,#11723),.PCURVE_S1.);
#11712 = LINE('',#11713,#11714);
#11713 = CARTESIAN_POINT('',(34.674990748,-19.49754513743,-150.));
#11714 = VECTOR('',#11715,1.);
#11715 = DIRECTION('',(0.,1.,0.));
#11716 = PCURVE('',#11368,#11717);
#11717 = DEFINITIONAL_REPRESENTATION('',(#11718),#11722);
#11718 = LINE('',#11719,#11720);
#11719 = CARTESIAN_POINT('',(34.674990748,-19.49754513743));
#11720 = VECTOR('',#11721,1.);
#11721 = DIRECTION('',(0.,1.));
#11722 = ( GEOMETRIC_REPRESENTATION_CONTEXT(2) 
PARAMETRIC_REPRESENTATION_CONTEXT() REPRESENTATION_CONTEXT('2D SPACE',''
  ) );
#11723 = PCURVE('',#11724,#11729);
#11724 = PLANE('',#11725);
#11725 = AXIS2_PLACEMENT_3D('',#11726,#11727,#11728);
#11726 = CARTESIAN_POINT('',(34.674990748,-19.49754513743,-150.));
#11727 = DIRECTION('',(-1.,0.,0.));
#11728 = DIRECTION('',(0.,1.,0.));
#11729 = DEFINITIONAL_REPRESENTATION('',(#11730),#11734);
#11730 = LINE('',#11731,#11732);
#11731 = CARTESIAN_POINT('',(0.,0.));
#11732 = VECTOR('',#11733,1.);
#11733 = DIRECTION('',(1.,0.));
#11734 = ( GEOMETRIC_REPRESENTATION_CONTEXT(2) 
PARAMETRIC_REPRESENTATION_CONTEXT() REPRESENTATION_CONTEXT('2D SPACE',''
  ) );
#11735 = ORIENTED_EDGE('',*,*,#11736,.F.);
#11736 = EDGE_CURVE('',#11737,#11709,#11739,.T.);
#11737 = VERTEX_POINT('',#11738);
#11738 = CARTESIAN_POINT('',(34.774990747593,-19.5,-150.));
#11739 = SURFACE_CURVE('',#11740,(#11745,#11752),.PCURVE_S1.);
#11740 = CIRCLE('',#11741,1.);
#11741 = AXIS2_PLACEMENT_3D('',#11742,#11743,#11744);
#11742 = CARTESIAN_POINT('',(33.774990747593,-19.5,-150.));
#11743 = DIRECTION('',(0.,0.,1.));
#11744 = DIRECTION('',(1.,0.,-0.));
#11745 = PCURVE('',#11368,#11746);
#11746 = DEFINITIONAL_REPRESENTATION('',(#11747),#11751);
#11747 = CIRCLE('',#11748,1.);
#11748 = AXIS2_PLACEMENT_2D('',#11749,#11750);
#11749 = CARTESIAN_POINT('',(33.774990747593,-19.5));
#11750 = DIRECTION('',(1.,0.));
#11751 = ( GEOMETRIC_REPRESENTATION_CONTEXT(2) 
PARAMETRIC_REPRESENTATION_CONTEXT() REPRESENTATION_CONTEXT('2D SPACE',''
  ) );
#11752 = PCURVE('',#11753,#11758);
#11753 = PLANE('',#11754);
#11754 = AXIS2_PLACEMENT_3D('',#11755,#11756,#11757);
#11755 = CARTESIAN_POINT('',(0.,0.,-150.));
#11756 = DIRECTION('',(0.,0.,1.));
#11757 = DIRECTION('',(1.,0.,-0.));
#11758 = DEFINITIONAL_REPRESENTATION('',(#11759),#11763);
#11759 = CIRCLE('',#11760,1.);
#11760 = AXIS2_PLACEMENT_2D('',#11761,#11762);
#11761 = CARTESIAN_POINT('',(33.774990747593,-19.5));
#11762 = DIRECTION('',(1.,0.));
#11763 = ( GEOMETRIC_REPRESENTATION_CONTEXT(2) 
PARAMETRIC_REPRESENTATION_CONTEXT() REPRESENTATION_CONTEXT('2D SPACE',''
  ) );
#11764 = ORIENTED_EDGE('',*,*,#11765,.F.);
#11765 = EDGE_CURVE('',#11766,#11737,#11768,.T.);
#11766 = VERTEX_POINT('',#11767);
#11767 = CARTESIAN_POINT('',(33.846275432295,-20.49745601092,-150.));
#11768 = SURFACE_CURVE('',#11769,(#11774,#11781),.PCURVE_S1.);
#11769 = CIRCLE('',#11770,1.);
#11770 = AXIS2_PLACEMENT_3D('',#11771,#11772,#11773);
#11771 = CARTESIAN_POINT('',(33.774990747593,-19.5,-150.));
#11772 = DIRECTION('',(0.,0.,1.));
#11773 = DIRECTION('',(1.,0.,-0.));
#11774 = PCURVE('',#11368,#11775);
#11775 = DEFINITIONAL_REPRESENTATION('',(#11776),#11780);
#11776 = CIRCLE('',#11777,1.);
#11777 = AXIS2_PLACEMENT_2D('',#11778,#11779);
#11778 = CARTESIAN_POINT('',(33.774990747593,-19.5));
#11779 = DIRECTION('',(1.,0.));
#11780 = ( GEOMETRIC_REPRESENTATION_CONTEXT(2) 
PARAMETRIC_REPRESENTATION_CONTEXT() REPRESENTATION_CONTEXT('2D SPACE',''
  ) );
#11781 = PCURVE('',#11753,#11782);
#11782 = DEFINITIONAL_REPRESENTATION('',(#11783),#11787);
#11783 = CIRCLE('',#11784,1.);
#11784 = AXIS2_PLACEMENT_2D('',#11785,#11786);
#11785 = CARTESIAN_POINT('',(33.774990747593,-19.5));
#11786 = DIRECTION('',(1.,0.));
#11787 = ( GEOMETRIC_REPRESENTATION_CONTEXT(2) 
PARAMETRIC_REPRESENTATION_CONTEXT() REPRESENTATION_CONTEXT('2D SPACE',''
  ) );
#11788 = ORIENTED_EDGE('',*,*,#11789,.F.);
#11789 = EDGE_CURVE('',#11790,#11766,#11792,.T.);
#11790 = VERTEX_POINT('',#11791);
#11791 = CARTESIAN_POINT('',(0.828179901894,-39.56046235386,-150.));
#11792 = SURFACE_CURVE('',#11793,(#11797,#11804),.PCURVE_S1.);
#11793 = LINE('',#11794,#11795);
#11794 = CARTESIAN_POINT('',(0.424941290921,-39.79327227446,-150.));
#11795 = VECTOR('',#11796,1.);
#11796 = DIRECTION('',(0.866025403781,0.500000000007,0.));
#11797 = PCURVE('',#11368,#11798);
#11798 = DEFINITIONAL_REPRESENTATION('',(#11799),#11803);
#11799 = LINE('',#11800,#11801);
#11800 = CARTESIAN_POINT('',(0.424941290921,-39.79327227446));
#11801 = VECTOR('',#11802,1.);
#11802 = DIRECTION('',(0.866025403781,0.500000000007));
#11803 = ( GEOMETRIC_REPRESENTATION_CONTEXT(2) 
PARAMETRIC_REPRESENTATION_CONTEXT() REPRESENTATION_CONTEXT('2D SPACE',''
  ) );
#11804 = PCURVE('',#11805,#11810);
#11805 = PLANE('',#11806);
#11806 = AXIS2_PLACEMENT_3D('',#11807,#11808,#11809);
#11807 = CARTESIAN_POINT('',(0.424941290921,-39.79327227446,-150.));
#11808 = DIRECTION('',(-0.500000000007,0.866025403781,0.));
#11809 = DIRECTION('',(0.866025403781,0.500000000007,0.));
#11810 = DEFINITIONAL_REPRESENTATION('',(#11811),#11815);
#11811 = LINE('',#11812,#11813);
#11812 = CARTESIAN_POINT('',(0.,0.));
#11813 = VECTOR('',#11814,1.);
#11814 = DIRECTION('',(1.,0.));
#11815 = ( GEOMETRIC_REPRESENTATION_CONTEXT(2) 
PARAMETRIC_REPRESENTATION_CONTEXT() REPRESENTATION_CONTEXT('2D SPACE',''
  ) );
#11816 = ORIENTED_EDGE('',*,*,#11817,.F.);
#11817 = EDGE_CURVE('',#11818,#11790,#11820,.T.);
#11818 = VERTEX_POINT('',#11819);
#11819 = CARTESIAN_POINT('',(-0.828179901894,-39.56046235386,-150.));
#11820 = SURFACE_CURVE('',#11821,(#11826,#11833),.PCURVE_S1.);
#11821 = CIRCLE('',#11822,1.);
#11822 = AXIS2_PLACEMENT_3D('',#11823,#11824,#11825);
#11823 = CARTESIAN_POINT('',(-7.164183775012E-15,-39.,-150.));
#11824 = DIRECTION('',(0.,0.,1.));
#11825 = DIRECTION('',(1.,0.,-0.));
#11826 = PCURVE('',#11368,#11827);
#11827 = DEFINITIONAL_REPRESENTATION('',(#11828),#11832);
#11828 = CIRCLE('',#11829,1.);
#11829 = AXIS2_PLACEMENT_2D('',#11830,#11831);
#11830 = CARTESIAN_POINT('',(-7.164183775012E-15,-39.));
#11831 = DIRECTION('',(1.,0.));
#11832 = ( GEOMETRIC_REPRESENTATION_CONTEXT(2) 
PARAMETRIC_REPRESENTATION_CONTEXT() REPRESENTATION_CONTEXT('2D SPACE',''
  ) );
#11833 = PCURVE('',#11834,#11839);
#11834 = PLANE('',#11835);
#11835 = AXIS2_PLACEMENT_3D('',#11836,#11837,#11838);
#11836 = CARTESIAN_POINT('',(0.,0.,-150.));
#11837 = DIRECTION('',(0.,0.,1.));
#11838 = DIRECTION('',(1.,0.,-0.));
#11839 = DEFINITIONAL_REPRESENTATION('',(#11840),#11844);
#11840 = CIRCLE('',#11841,1.);
#11841 = AXIS2_PLACEMENT_2D('',#11842,#11843);
#11842 = CARTESIAN_POINT('',(-7.164183775012E-15,-39.));
#11843 = DIRECTION('',(1.,0.));
#11844 = ( GEOMETRIC_REPRESENTATION_CONTEXT(2) 
PARAMETRIC_REPRESENTATION_CONTEXT() REPRESENTATION_CONTEXT('2D SPACE',''
  ) );
#11845 = ORIENTED_EDGE('',*,*,#11846,.F.);
#11846 = EDGE_CURVE('',#11440,#11818,#11847,.T.);
#11847 = SURFACE_CURVE('',#11848,(#11852,#11859),.PCURVE_S1.);
#11848 = LINE('',#11849,#11850);
#11849 = CARTESIAN_POINT('',(-34.19567895301,-20.29572779417,-150.));
#11850 = VECTOR('',#11851,1.);
#11851 = DIRECTION('',(0.866025403781,-0.500000000007,0.));
#11852 = PCURVE('',#11368,#11853);
#11853 = DEFINITIONAL_REPRESENTATION('',(#11854),#11858);
#11854 = LINE('',#11855,#11856);
#11855 = CARTESIAN_POINT('',(-34.19567895301,-20.29572779417));
#11856 = VECTOR('',#11857,1.);
#11857 = DIRECTION('',(0.866025403781,-0.500000000007));
#11858 = ( GEOMETRIC_REPRESENTATION_CONTEXT(2) 
PARAMETRIC_REPRESENTATION_CONTEXT() REPRESENTATION_CONTEXT('2D SPACE',''
  ) );
#11859 = PCURVE('',#11860,#11865);
#11860 = PLANE('',#11861);
#11861 = AXIS2_PLACEMENT_3D('',#11862,#11863,#11864);
#11862 = CARTESIAN_POINT('',(-34.19567895301,-20.29572779417,-150.));
#11863 = DIRECTION('',(0.500000000007,0.866025403781,-0.));
#11864 = DIRECTION('',(0.866025403781,-0.500000000007,0.));
#11865 = DEFINITIONAL_REPRESENTATION('',(#11866),#11870);
#11866 = LINE('',#11867,#11868);
#11867 = CARTESIAN_POINT('',(0.,0.));
#11868 = VECTOR('',#11869,1.);
#11869 = DIRECTION('',(1.,0.));
#11870 = ( GEOMETRIC_REPRESENTATION_CONTEXT(2) 
PARAMETRIC_REPRESENTATION_CONTEXT() REPRESENTATION_CONTEXT('2D SPACE',''
  ) );
#11871 = ADVANCED_FACE('',(#11872),#11418,.F.);
#11872 = FACE_BOUND('',#11873,.T.);
#11873 = EDGE_LOOP('',(#11874));
#11874 = ORIENTED_EDGE('',*,*,#11403,.F.);
#11875 = ADVANCED_FACE('',(#11876),#11456,.T.);
#11876 = FACE_BOUND('',#11877,.T.);
#11877 = EDGE_LOOP('',(#11878,#11908,#11929,#11930,#11953,#11976,#11999,
    #12022,#12045,#12068,#12091,#12114,#12137,#12160));
#11878 = ORIENTED_EDGE('',*,*,#11879,.F.);
#11879 = EDGE_CURVE('',#11880,#11882,#11884,.T.);
#11880 = VERTEX_POINT('',#11881);
#11881 = CARTESIAN_POINT('',(-34.674990748,-19.49754513743,-150.));
#11882 = VERTEX_POINT('',#11883);
#11883 = CARTESIAN_POINT('',(-34.67053698245,-19.58820360494,-150.));
#11884 = SURFACE_CURVE('',#11885,(#11889,#11896),.PCURVE_S1.);
#11885 = LINE('',#11886,#11887);
#11886 = CARTESIAN_POINT('',(-34.674990748,-19.49754513743,-150.));
#11887 = VECTOR('',#11888,1.);
#11888 = DIRECTION('',(4.906768132518E-02,-0.998795455861,0.));
#11889 = PCURVE('',#11456,#11890);
#11890 = DEFINITIONAL_REPRESENTATION('',(#11891),#11895);
#11891 = LINE('',#11892,#11893);
#11892 = CARTESIAN_POINT('',(-34.674990748,-19.49754513743));
#11893 = VECTOR('',#11894,1.);
#11894 = DIRECTION('',(4.906768132518E-02,-0.998795455861));
#11895 = ( GEOMETRIC_REPRESENTATION_CONTEXT(2) 
PARAMETRIC_REPRESENTATION_CONTEXT() REPRESENTATION_CONTEXT('2D SPACE',''
  ) );
#11896 = PCURVE('',#11897,#11902);
#11897 = PLANE('',#11898);
#11898 = AXIS2_PLACEMENT_3D('',#11899,#11900,#11901);
#11899 = CARTESIAN_POINT('',(-33.77499074759,-19.5,-150.));
#11900 = DIRECTION('',(0.,0.,1.));
#11901 = DIRECTION('',(1.,0.,-0.));
#11902 = DEFINITIONAL_REPRESENTATION('',(#11903),#11907);
#11903 = LINE('',#11904,#11905);
#11904 = CARTESIAN_POINT('',(-0.900000000407,2.454862561404E-03));
#11905 = VECTOR('',#11906,1.);
#11906 = DIRECTION('',(4.906768132518E-02,-0.998795455861));
#11907 = ( GEOMETRIC_REPRESENTATION_CONTEXT(2) 
PARAMETRIC_REPRESENTATION_CONTEXT() REPRESENTATION_CONTEXT('2D SPACE',''
  ) );
#11908 = ORIENTED_EDGE('',*,*,#11909,.F.);
#11909 = EDGE_CURVE('',#11438,#11880,#11910,.T.);
#11910 = SURFACE_CURVE('',#11911,(#11915,#11922),.PCURVE_S1.);
#11911 = LINE('',#11912,#11913);
#11912 = CARTESIAN_POINT('',(-34.674990748,19.497545137439,-150.));
#11913 = VECTOR('',#11914,1.);
#11914 = DIRECTION('',(0.,-1.,0.));
#11915 = PCURVE('',#11456,#11916);
#11916 = DEFINITIONAL_REPRESENTATION('',(#11917),#11921);
#11917 = LINE('',#11918,#11919);
#11918 = CARTESIAN_POINT('',(-34.674990748,19.497545137439));
#11919 = VECTOR('',#11920,1.);
#11920 = DIRECTION('',(0.,-1.));
#11921 = ( GEOMETRIC_REPRESENTATION_CONTEXT(2) 
PARAMETRIC_REPRESENTATION_CONTEXT() REPRESENTATION_CONTEXT('2D SPACE',''
  ) );
#11922 = PCURVE('',#11897,#11923);
#11923 = DEFINITIONAL_REPRESENTATION('',(#11924),#11928);
#11924 = LINE('',#11925,#11926);
#11925 = CARTESIAN_POINT('',(-0.900000000407,38.997545137439));
#11926 = VECTOR('',#11927,1.);
#11927 = DIRECTION('',(0.,-1.));
#11928 = ( GEOMETRIC_REPRESENTATION_CONTEXT(2) 
PARAMETRIC_REPRESENTATION_CONTEXT() REPRESENTATION_CONTEXT('2D SPACE',''
  ) );
#11929 = ORIENTED_EDGE('',*,*,#11437,.T.);
#11930 = ORIENTED_EDGE('',*,*,#11931,.F.);
#11931 = EDGE_CURVE('',#11932,#11440,#11934,.T.);
#11932 = VERTEX_POINT('',#11933);
#11933 = CARTESIAN_POINT('',(-34.19567895301,-20.29572779417,-150.));
#11934 = SURFACE_CURVE('',#11935,(#11939,#11946),.PCURVE_S1.);
#11935 = LINE('',#11936,#11937);
#11936 = CARTESIAN_POINT('',(-34.19567895301,-20.29572779417,-150.));
#11937 = VECTOR('',#11938,1.);
#11938 = DIRECTION('',(0.866025403781,-0.500000000007,0.));
#11939 = PCURVE('',#11456,#11940);
#11940 = DEFINITIONAL_REPRESENTATION('',(#11941),#11945);
#11941 = LINE('',#11942,#11943);
#11942 = CARTESIAN_POINT('',(-34.19567895301,-20.29572779417));
#11943 = VECTOR('',#11944,1.);
#11944 = DIRECTION('',(0.866025403781,-0.500000000007));
#11945 = ( GEOMETRIC_REPRESENTATION_CONTEXT(2) 
PARAMETRIC_REPRESENTATION_CONTEXT() REPRESENTATION_CONTEXT('2D SPACE',''
  ) );
#11946 = PCURVE('',#11897,#11947);
#11947 = DEFINITIONAL_REPRESENTATION('',(#11948),#11952);
#11948 = LINE('',#11949,#11950);
#11949 = CARTESIAN_POINT('',(-0.420688205422,-0.795727794176));
#11950 = VECTOR('',#11951,1.);
#11951 = DIRECTION('',(0.866025403781,-0.500000000007));
#11952 = ( GEOMETRIC_REPRESENTATION_CONTEXT(2) 
PARAMETRIC_REPRESENTATION_CONTEXT() REPRESENTATION_CONTEXT('2D SPACE',''
  ) );
#11953 = ORIENTED_EDGE('',*,*,#11954,.F.);
#11954 = EDGE_CURVE('',#11955,#11932,#11957,.T.);
#11955 = VERTEX_POINT('',#11956);
#11956 = CARTESIAN_POINT('',(-34.27493695625,-20.24822237572,-150.));
#11957 = SURFACE_CURVE('',#11958,(#11962,#11969),.PCURVE_S1.);
#11958 = LINE('',#11959,#11960);
#11959 = CARTESIAN_POINT('',(-34.27493695625,-20.24822237572,-150.));
#11960 = VECTOR('',#11961,1.);
#11961 = DIRECTION('',(0.857728612378,-0.514102740226,0.));
#11962 = PCURVE('',#11456,#11963);
#11963 = DEFINITIONAL_REPRESENTATION('',(#11964),#11968);
#11964 = LINE('',#11965,#11966);
#11965 = CARTESIAN_POINT('',(-34.27493695625,-20.24822237572));
#11966 = VECTOR('',#11967,1.);
#11967 = DIRECTION('',(0.857728612378,-0.514102740226));
#11968 = ( GEOMETRIC_REPRESENTATION_CONTEXT(2) 
PARAMETRIC_REPRESENTATION_CONTEXT() REPRESENTATION_CONTEXT('2D SPACE',''
  ) );
#11969 = PCURVE('',#11897,#11970);
#11970 = DEFINITIONAL_REPRESENTATION('',(#11971),#11975);
#11971 = LINE('',#11972,#11973);
#11972 = CARTESIAN_POINT('',(-0.499946208658,-0.748222375725));
#11973 = VECTOR('',#11974,1.);
#11974 = DIRECTION('',(0.857728612378,-0.514102740226));
#11975 = ( GEOMETRIC_REPRESENTATION_CONTEXT(2) 
PARAMETRIC_REPRESENTATION_CONTEXT() REPRESENTATION_CONTEXT('2D SPACE',''
  ) );
#11976 = ORIENTED_EDGE('',*,*,#11977,.F.);
#11977 = EDGE_CURVE('',#11978,#11955,#11980,.T.);
#11978 = VERTEX_POINT('',#11979);
#11979 = CARTESIAN_POINT('',(-34.34586819597,-20.19561618288,-150.));
#11980 = SURFACE_CURVE('',#11981,(#11985,#11992),.PCURVE_S1.);
#11981 = LINE('',#11982,#11983);
#11982 = CARTESIAN_POINT('',(-34.34586819597,-20.19561618288,-150.));
#11983 = VECTOR('',#11984,1.);
#11984 = DIRECTION('',(0.803207530666,-0.59569930559,0.));
#11985 = PCURVE('',#11456,#11986);
#11986 = DEFINITIONAL_REPRESENTATION('',(#11987),#11991);
#11987 = LINE('',#11988,#11989);
#11988 = CARTESIAN_POINT('',(-34.34586819597,-20.19561618288));
#11989 = VECTOR('',#11990,1.);
#11990 = DIRECTION('',(0.803207530666,-0.59569930559));
#11991 = ( GEOMETRIC_REPRESENTATION_CONTEXT(2) 
PARAMETRIC_REPRESENTATION_CONTEXT() REPRESENTATION_CONTEXT('2D SPACE',''
  ) );
#11992 = PCURVE('',#11897,#11993);
#11993 = DEFINITIONAL_REPRESENTATION('',(#11994),#11998);
#11994 = LINE('',#11995,#11996);
#11995 = CARTESIAN_POINT('',(-0.570877448381,-0.695616182887));
#11996 = VECTOR('',#11997,1.);
#11997 = DIRECTION('',(0.803207530666,-0.59569930559));
#11998 = ( GEOMETRIC_REPRESENTATION_CONTEXT(2) 
PARAMETRIC_REPRESENTATION_CONTEXT() REPRESENTATION_CONTEXT('2D SPACE',''
  ) );
#11999 = ORIENTED_EDGE('',*,*,#12000,.F.);
#12000 = EDGE_CURVE('',#12001,#11978,#12003,.T.);
#12001 = VERTEX_POINT('',#12002);
#12002 = CARTESIAN_POINT('',(-34.41130157404,-20.13631082604,-150.));
#12003 = SURFACE_CURVE('',#12004,(#12008,#12015),.PCURVE_S1.);
#12004 = LINE('',#12005,#12006);
#12005 = CARTESIAN_POINT('',(-34.41130157404,-20.13631082604,-150.));
#12006 = VECTOR('',#12007,1.);
#12007 = DIRECTION('',(0.740951126143,-0.671558953977,0.));
#12008 = PCURVE('',#11456,#12009);
#12009 = DEFINITIONAL_REPRESENTATION('',(#12010),#12014);
#12010 = LINE('',#12011,#12012);
#12011 = CARTESIAN_POINT('',(-34.41130157404,-20.13631082604));
#12012 = VECTOR('',#12013,1.);
#12013 = DIRECTION('',(0.740951126143,-0.671558953977));
#12014 = ( GEOMETRIC_REPRESENTATION_CONTEXT(2) 
PARAMETRIC_REPRESENTATION_CONTEXT() REPRESENTATION_CONTEXT('2D SPACE',''
  ) );
#12015 = PCURVE('',#11897,#12016);
#12016 = DEFINITIONAL_REPRESENTATION('',(#12017),#12021);
#12017 = LINE('',#12018,#12019);
#12018 = CARTESIAN_POINT('',(-0.636310826456,-0.636310826049));
#12019 = VECTOR('',#12020,1.);
#12020 = DIRECTION('',(0.740951126143,-0.671558953977));
#12021 = ( GEOMETRIC_REPRESENTATION_CONTEXT(2) 
PARAMETRIC_REPRESENTATION_CONTEXT() REPRESENTATION_CONTEXT('2D SPACE',''
  ) );
#12022 = ORIENTED_EDGE('',*,*,#12023,.F.);
#12023 = EDGE_CURVE('',#12024,#12001,#12026,.T.);
#12024 = VERTEX_POINT('',#12025);
#12025 = CARTESIAN_POINT('',(-34.47060693088,-20.07087744797,-150.));
#12026 = SURFACE_CURVE('',#12027,(#12031,#12038),.PCURVE_S1.);
#12027 = LINE('',#12028,#12029);
#12028 = CARTESIAN_POINT('',(-34.47060693088,-20.07087744797,-150.));
#12029 = VECTOR('',#12030,1.);
#12030 = DIRECTION('',(0.671558953977,-0.740951126143,0.));
#12031 = PCURVE('',#11456,#12032);
#12032 = DEFINITIONAL_REPRESENTATION('',(#12033),#12037);
#12033 = LINE('',#12034,#12035);
#12034 = CARTESIAN_POINT('',(-34.47060693088,-20.07087744797));
#12035 = VECTOR('',#12036,1.);
#12036 = DIRECTION('',(0.671558953977,-0.740951126143));
#12037 = ( GEOMETRIC_REPRESENTATION_CONTEXT(2) 
PARAMETRIC_REPRESENTATION_CONTEXT() REPRESENTATION_CONTEXT('2D SPACE',''
  ) );
#12038 = PCURVE('',#11897,#12039);
#12039 = DEFINITIONAL_REPRESENTATION('',(#12040),#12044);
#12040 = LINE('',#12041,#12042);
#12041 = CARTESIAN_POINT('',(-0.695616183294,-0.570877447974));
#12042 = VECTOR('',#12043,1.);
#12043 = DIRECTION('',(0.671558953977,-0.740951126143));
#12044 = ( GEOMETRIC_REPRESENTATION_CONTEXT(2) 
PARAMETRIC_REPRESENTATION_CONTEXT() REPRESENTATION_CONTEXT('2D SPACE',''
  ) );
#12045 = ORIENTED_EDGE('',*,*,#12046,.F.);
#12046 = EDGE_CURVE('',#12047,#12024,#12049,.T.);
#12047 = VERTEX_POINT('',#12048);
#12048 = CARTESIAN_POINT('',(-34.52321312388,-19.99994620804,-150.));
#12049 = SURFACE_CURVE('',#12050,(#12054,#12061),.PCURVE_S1.);
#12050 = LINE('',#12051,#12052);
#12051 = CARTESIAN_POINT('',(-34.52321312388,-19.99994620804,-150.));
#12052 = VECTOR('',#12053,1.);
#12053 = DIRECTION('',(0.59569930559,-0.803207530666,0.));
#12054 = PCURVE('',#11456,#12055);
#12055 = DEFINITIONAL_REPRESENTATION('',(#12056),#12060);
#12056 = LINE('',#12057,#12058);
#12057 = CARTESIAN_POINT('',(-34.52321312388,-19.99994620804));
#12058 = VECTOR('',#12059,1.);
#12059 = DIRECTION('',(0.59569930559,-0.803207530666));
#12060 = ( GEOMETRIC_REPRESENTATION_CONTEXT(2) 
PARAMETRIC_REPRESENTATION_CONTEXT() REPRESENTATION_CONTEXT('2D SPACE',''
  ) );
#12061 = PCURVE('',#11897,#12062);
#12062 = DEFINITIONAL_REPRESENTATION('',(#12063),#12067);
#12063 = LINE('',#12064,#12065);
#12064 = CARTESIAN_POINT('',(-0.748222376288,-0.499946208041));
#12065 = VECTOR('',#12066,1.);
#12066 = DIRECTION('',(0.59569930559,-0.803207530666));
#12067 = ( GEOMETRIC_REPRESENTATION_CONTEXT(2) 
PARAMETRIC_REPRESENTATION_CONTEXT() REPRESENTATION_CONTEXT('2D SPACE',''
  ) );
#12068 = ORIENTED_EDGE('',*,*,#12069,.F.);
#12069 = EDGE_CURVE('',#12070,#12047,#12072,.T.);
#12070 = VERTEX_POINT('',#12071);
#12071 = CARTESIAN_POINT('',(-34.56861352608,-19.92420021317,-150.));
#12072 = SURFACE_CURVE('',#12073,(#12077,#12084),.PCURVE_S1.);
#12073 = LINE('',#12074,#12075);
#12074 = CARTESIAN_POINT('',(-34.56861352608,-19.92420021317,-150.));
#12075 = VECTOR('',#12076,1.);
#12076 = DIRECTION('',(0.51410274472,-0.857728609685,0.));
#12077 = PCURVE('',#11456,#12078);
#12078 = DEFINITIONAL_REPRESENTATION('',(#12079),#12083);
#12079 = LINE('',#12080,#12081);
#12080 = CARTESIAN_POINT('',(-34.56861352608,-19.92420021317));
#12081 = VECTOR('',#12082,1.);
#12082 = DIRECTION('',(0.51410274472,-0.857728609685));
#12083 = ( GEOMETRIC_REPRESENTATION_CONTEXT(2) 
PARAMETRIC_REPRESENTATION_CONTEXT() REPRESENTATION_CONTEXT('2D SPACE',''
  ) );
#12084 = PCURVE('',#11897,#12085);
#12085 = DEFINITIONAL_REPRESENTATION('',(#12086),#12090);
#12086 = LINE('',#12087,#12088);
#12087 = CARTESIAN_POINT('',(-0.793622778493,-0.424200213175));
#12088 = VECTOR('',#12089,1.);
#12089 = DIRECTION('',(0.51410274472,-0.857728609685));
#12090 = ( GEOMETRIC_REPRESENTATION_CONTEXT(2) 
PARAMETRIC_REPRESENTATION_CONTEXT() REPRESENTATION_CONTEXT('2D SPACE',''
  ) );
#12091 = ORIENTED_EDGE('',*,*,#12092,.F.);
#12092 = EDGE_CURVE('',#12093,#12070,#12095,.T.);
#12093 = VERTEX_POINT('',#12094);
#12094 = CARTESIAN_POINT('',(-34.6063709071,-19.84436893753,-150.));
#12095 = SURFACE_CURVE('',#12096,(#12100,#12107),.PCURVE_S1.);
#12096 = LINE('',#12097,#12098);
#12097 = CARTESIAN_POINT('',(-34.6063709071,-19.84436893753,-150.));
#12098 = VECTOR('',#12099,1.);
#12099 = DIRECTION('',(0.42755508995,-0.903989294769,0.));
#12100 = PCURVE('',#11456,#12101);
#12101 = DEFINITIONAL_REPRESENTATION('',(#12102),#12106);
#12102 = LINE('',#12103,#12104);
#12103 = CARTESIAN_POINT('',(-34.6063709071,-19.84436893753));
#12104 = VECTOR('',#12105,1.);
#12105 = DIRECTION('',(0.42755508995,-0.903989294769));
#12106 = ( GEOMETRIC_REPRESENTATION_CONTEXT(2) 
PARAMETRIC_REPRESENTATION_CONTEXT() REPRESENTATION_CONTEXT('2D SPACE',''
  ) );
#12107 = PCURVE('',#11897,#12108);
#12108 = DEFINITIONAL_REPRESENTATION('',(#12109),#12113);
#12109 = LINE('',#12110,#12111);
#12110 = CARTESIAN_POINT('',(-0.831380159508,-0.344368937537));
#12111 = VECTOR('',#12112,1.);
#12112 = DIRECTION('',(0.42755508995,-0.903989294769));
#12113 = ( GEOMETRIC_REPRESENTATION_CONTEXT(2) 
PARAMETRIC_REPRESENTATION_CONTEXT() REPRESENTATION_CONTEXT('2D SPACE',''
  ) );
#12114 = ORIENTED_EDGE('',*,*,#12115,.F.);
#12115 = EDGE_CURVE('',#12116,#12093,#12118,.T.);
#12116 = VERTEX_POINT('',#12117);
#12117 = CARTESIAN_POINT('',(-34.6361216428,-19.76122120094,-150.));
#12118 = SURFACE_CURVE('',#12119,(#12123,#12130),.PCURVE_S1.);
#12119 = LINE('',#12120,#12121);
#12120 = CARTESIAN_POINT('',(-34.6361216428,-19.76122120094,-150.));
#12121 = VECTOR('',#12122,1.);
#12122 = DIRECTION('',(0.336889851754,-0.941544065769,0.));
#12123 = PCURVE('',#11456,#12124);
#12124 = DEFINITIONAL_REPRESENTATION('',(#12125),#12129);
#12125 = LINE('',#12126,#12127);
#12126 = CARTESIAN_POINT('',(-34.6361216428,-19.76122120094));
#12127 = VECTOR('',#12128,1.);
#12128 = DIRECTION('',(0.336889851754,-0.941544065769));
#12129 = ( GEOMETRIC_REPRESENTATION_CONTEXT(2) 
PARAMETRIC_REPRESENTATION_CONTEXT() REPRESENTATION_CONTEXT('2D SPACE',''
  ) );
#12130 = PCURVE('',#11897,#12131);
#12131 = DEFINITIONAL_REPRESENTATION('',(#12132),#12136);
#12132 = LINE('',#12133,#12134);
#12133 = CARTESIAN_POINT('',(-0.861130895211,-0.261221200948));
#12134 = VECTOR('',#12135,1.);
#12135 = DIRECTION('',(0.336889851754,-0.941544065769));
#12136 = ( GEOMETRIC_REPRESENTATION_CONTEXT(2) 
PARAMETRIC_REPRESENTATION_CONTEXT() REPRESENTATION_CONTEXT('2D SPACE',''
  ) );
#12137 = ORIENTED_EDGE('',*,*,#12138,.F.);
#12138 = EDGE_CURVE('',#12139,#12116,#12141,.T.);
#12139 = VERTEX_POINT('',#12140);
#12140 = CARTESIAN_POINT('',(-34.65757921759,-19.67555776193,-150.));
#12141 = SURFACE_CURVE('',#12142,(#12146,#12153),.PCURVE_S1.);
#12142 = LINE('',#12143,#12144);
#12143 = CARTESIAN_POINT('',(-34.65757921759,-19.67555776193,-150.));
#12144 = VECTOR('',#12145,1.);
#12145 = DIRECTION('',(0.24298018363,-0.970031252261,0.));
#12146 = PCURVE('',#11456,#12147);
#12147 = DEFINITIONAL_REPRESENTATION('',(#12148),#12152);
#12148 = LINE('',#12149,#12150);
#12149 = CARTESIAN_POINT('',(-34.65757921759,-19.67555776193));
#12150 = VECTOR('',#12151,1.);
#12151 = DIRECTION('',(0.24298018363,-0.970031252261));
#12152 = ( GEOMETRIC_REPRESENTATION_CONTEXT(2) 
PARAMETRIC_REPRESENTATION_CONTEXT() REPRESENTATION_CONTEXT('2D SPACE',''
  ) );
#12153 = PCURVE('',#11897,#12154);
#12154 = DEFINITIONAL_REPRESENTATION('',(#12155),#12159);
#12155 = LINE('',#12156,#12157);
#12156 = CARTESIAN_POINT('',(-0.882588469997,-0.175557761939));
#12157 = VECTOR('',#12158,1.);
#12158 = DIRECTION('',(0.24298018363,-0.970031252261));
#12159 = ( GEOMETRIC_REPRESENTATION_CONTEXT(2) 
PARAMETRIC_REPRESENTATION_CONTEXT() REPRESENTATION_CONTEXT('2D SPACE',''
  ) );
#12160 = ORIENTED_EDGE('',*,*,#12161,.F.);
#12161 = EDGE_CURVE('',#11882,#12139,#12162,.T.);
#12162 = SURFACE_CURVE('',#12163,(#12167,#12174),.PCURVE_S1.);
#12163 = LINE('',#12164,#12165);
#12164 = CARTESIAN_POINT('',(-34.67053698245,-19.58820360494,-150.));
#12165 = VECTOR('',#12166,1.);
#12166 = DIRECTION('',(0.14673047131,-0.989176510431,0.));
#12167 = PCURVE('',#11456,#12168);
#12168 = DEFINITIONAL_REPRESENTATION('',(#12169),#12173);
#12169 = LINE('',#12170,#12171);
#12170 = CARTESIAN_POINT('',(-34.67053698245,-19.58820360494));
#12171 = VECTOR('',#12172,1.);
#12172 = DIRECTION('',(0.14673047131,-0.989176510431));
#12173 = ( GEOMETRIC_REPRESENTATION_CONTEXT(2) 
PARAMETRIC_REPRESENTATION_CONTEXT() REPRESENTATION_CONTEXT('2D SPACE',''
  ) );
#12174 = PCURVE('',#11897,#12175);
#12175 = DEFINITIONAL_REPRESENTATION('',(#12176),#12180);
#12176 = LINE('',#12177,#12178);
#12177 = CARTESIAN_POINT('',(-0.895546234857,-8.820360494635E-02));
#12178 = VECTOR('',#12179,1.);
#12179 = DIRECTION('',(0.14673047131,-0.989176510431));
#12180 = ( GEOMETRIC_REPRESENTATION_CONTEXT(2) 
PARAMETRIC_REPRESENTATION_CONTEXT() REPRESENTATION_CONTEXT('2D SPACE',''
  ) );
#12181 = ADVANCED_FACE('',(#12182),#11860,.F.);
#12182 = FACE_BOUND('',#12183,.F.);
#12183 = EDGE_LOOP('',(#12184,#12185,#12211,#12239));
#12184 = ORIENTED_EDGE('',*,*,#11846,.F.);
#12185 = ORIENTED_EDGE('',*,*,#12186,.T.);
#12186 = EDGE_CURVE('',#11440,#12187,#12189,.T.);
#12187 = VERTEX_POINT('',#12188);
#12188 = CARTESIAN_POINT('',(-33.84627543229,-20.49745601092,-135.));
#12189 = SURFACE_CURVE('',#12190,(#12194,#12200),.PCURVE_S1.);
#12190 = LINE('',#12191,#12192);
#12191 = CARTESIAN_POINT('',(-33.84627543229,-20.49745601092,-150.));
#12192 = VECTOR('',#12193,1.);
#12193 = DIRECTION('',(0.,0.,1.));
#12194 = PCURVE('',#11860,#12195);
#12195 = DEFINITIONAL_REPRESENTATION('',(#12196),#12199);
#12196 = B_SPLINE_CURVE_WITH_KNOTS('',1,(#12197,#12198),.UNSPECIFIED.,
  .F.,.F.,(2,2),(-5.999999928008E-07,16.5),.PIECEWISE_BEZIER_KNOTS.);
#12197 = CARTESIAN_POINT('',(0.403456433489,5.999999928008E-07));
#12198 = CARTESIAN_POINT('',(0.403456433489,-16.5));
#12199 = ( GEOMETRIC_REPRESENTATION_CONTEXT(2) 
PARAMETRIC_REPRESENTATION_CONTEXT() REPRESENTATION_CONTEXT('2D SPACE',''
  ) );
#12200 = PCURVE('',#12201,#12206);
#12201 = CYLINDRICAL_SURFACE('',#12202,1.);
#12202 = AXIS2_PLACEMENT_3D('',#12203,#12204,#12205);
#12203 = CARTESIAN_POINT('',(-33.77499074759,-19.5,-150.));
#12204 = DIRECTION('',(0.,0.,1.));
#12205 = DIRECTION('',(1.,0.,-0.));
#12206 = DEFINITIONAL_REPRESENTATION('',(#12207),#12210);
#12207 = B_SPLINE_CURVE_WITH_KNOTS('',1,(#12208,#12209),.UNSPECIFIED.,
  .F.,.F.,(2,2),(-5.999999928008E-07,16.5),.PIECEWISE_BEZIER_KNOTS.);
#12208 = CARTESIAN_POINT('',(4.641043784949,-5.999999928008E-07));
#12209 = CARTESIAN_POINT('',(4.641043784949,16.5));
#12210 = ( GEOMETRIC_REPRESENTATION_CONTEXT(2) 
PARAMETRIC_REPRESENTATION_CONTEXT() REPRESENTATION_CONTEXT('2D SPACE',''
  ) );
#12211 = ORIENTED_EDGE('',*,*,#12212,.T.);
#12212 = EDGE_CURVE('',#12187,#12213,#12215,.T.);
#12213 = VERTEX_POINT('',#12214);
#12214 = CARTESIAN_POINT('',(-0.828179901894,-39.56046235386,-135.));
#12215 = SURFACE_CURVE('',#12216,(#12220,#12227),.PCURVE_S1.);
#12216 = LINE('',#12217,#12218);
#12217 = CARTESIAN_POINT('',(-34.19567895301,-20.29572779417,-135.));
#12218 = VECTOR('',#12219,1.);
#12219 = DIRECTION('',(0.866025403781,-0.500000000007,0.));
#12220 = PCURVE('',#11860,#12221);
#12221 = DEFINITIONAL_REPRESENTATION('',(#12222),#12226);
#12222 = LINE('',#12223,#12224);
#12223 = CARTESIAN_POINT('',(0.,-15.));
#12224 = VECTOR('',#12225,1.);
#12225 = DIRECTION('',(1.,0.));
#12226 = ( GEOMETRIC_REPRESENTATION_CONTEXT(2) 
PARAMETRIC_REPRESENTATION_CONTEXT() REPRESENTATION_CONTEXT('2D SPACE',''
  ) );
#12227 = PCURVE('',#12228,#12233);
#12228 = PLANE('',#12229);
#12229 = AXIS2_PLACEMENT_3D('',#12230,#12231,#12232);
#12230 = CARTESIAN_POINT('',(9.417090361288E-16,0.690719102614,-135.));
#12231 = DIRECTION('',(0.,0.,1.));
#12232 = DIRECTION('',(1.,0.,-0.));
#12233 = DEFINITIONAL_REPRESENTATION('',(#12234),#12238);
#12234 = LINE('',#12235,#12236);
#12235 = CARTESIAN_POINT('',(-34.19567895301,-20.98644689679));
#12236 = VECTOR('',#12237,1.);
#12237 = DIRECTION('',(0.866025403781,-0.500000000007));
#12238 = ( GEOMETRIC_REPRESENTATION_CONTEXT(2) 
PARAMETRIC_REPRESENTATION_CONTEXT() REPRESENTATION_CONTEXT('2D SPACE',''
  ) );
#12239 = ORIENTED_EDGE('',*,*,#12240,.F.);
#12240 = EDGE_CURVE('',#11818,#12213,#12241,.T.);
#12241 = SURFACE_CURVE('',#12242,(#12246,#12252),.PCURVE_S1.);
#12242 = LINE('',#12243,#12244);
#12243 = CARTESIAN_POINT('',(-0.828179901894,-39.56046235386,-150.));
#12244 = VECTOR('',#12245,1.);
#12245 = DIRECTION('',(0.,0.,1.));
#12246 = PCURVE('',#11860,#12247);
#12247 = DEFINITIONAL_REPRESENTATION('',(#12248),#12251);
#12248 = B_SPLINE_CURVE_WITH_KNOTS('',1,(#12249,#12250),.UNSPECIFIED.,
  .F.,.F.,(2,2),(-5.999999928008E-07,16.5),.PIECEWISE_BEZIER_KNOTS.);
#12249 = CARTESIAN_POINT('',(38.529469118868,5.999999928008E-07));
#12250 = CARTESIAN_POINT('',(38.529469118868,-16.5));
#12251 = ( GEOMETRIC_REPRESENTATION_CONTEXT(2) 
PARAMETRIC_REPRESENTATION_CONTEXT() REPRESENTATION_CONTEXT('2D SPACE',''
  ) );
#12252 = PCURVE('',#12253,#12258);
#12253 = CYLINDRICAL_SURFACE('',#12254,1.);
#12254 = AXIS2_PLACEMENT_3D('',#12255,#12256,#12257);
#12255 = CARTESIAN_POINT('',(-7.164183775012E-15,-39.,-150.));
#12256 = DIRECTION('',(0.,0.,1.));
#12257 = DIRECTION('',(1.,0.,-0.));
#12258 = DEFINITIONAL_REPRESENTATION('',(#12259),#12262);
#12259 = B_SPLINE_CURVE_WITH_KNOTS('',1,(#12260,#12261),.UNSPECIFIED.,
  .F.,.F.,(2,2),(-5.999999928008E-07,16.5),.PIECEWISE_BEZIER_KNOTS.);
#12260 = CARTESIAN_POINT('',(3.736536625287,-5.999999928008E-07));
#12261 = CARTESIAN_POINT('',(3.736536625287,16.5));
#12262 = ( GEOMETRIC_REPRESENTATION_CONTEXT(2) 
PARAMETRIC_REPRESENTATION_CONTEXT() REPRESENTATION_CONTEXT('2D SPACE',''
  ) );
#12263 = ADVANCED_FACE('',(#12264),#11834,.T.);
#12264 = FACE_BOUND('',#12265,.T.);
#12265 = EDGE_LOOP('',(#12266,#12294,#12295,#12318,#12341,#12364,#12387,
    #12410,#12433,#12456,#12479,#12502,#12525));
#12266 = ORIENTED_EDGE('',*,*,#12267,.F.);
#12267 = EDGE_CURVE('',#11818,#12268,#12270,.T.);
#12268 = VERTEX_POINT('',#12269);
#12269 = CARTESIAN_POINT('',(-0.424941290921,-39.79327227446,-150.));
#12270 = SURFACE_CURVE('',#12271,(#12275,#12282),.PCURVE_S1.);
#12271 = LINE('',#12272,#12273);
#12272 = CARTESIAN_POINT('',(-34.19567895301,-20.29572779417,-150.));
#12273 = VECTOR('',#12274,1.);
#12274 = DIRECTION('',(0.866025403781,-0.500000000007,0.));
#12275 = PCURVE('',#11834,#12276);
#12276 = DEFINITIONAL_REPRESENTATION('',(#12277),#12281);
#12277 = LINE('',#12278,#12279);
#12278 = CARTESIAN_POINT('',(-34.19567895301,-20.29572779417));
#12279 = VECTOR('',#12280,1.);
#12280 = DIRECTION('',(0.866025403781,-0.500000000007));
#12281 = ( GEOMETRIC_REPRESENTATION_CONTEXT(2) 
PARAMETRIC_REPRESENTATION_CONTEXT() REPRESENTATION_CONTEXT('2D SPACE',''
  ) );
#12282 = PCURVE('',#12283,#12288);
#12283 = PLANE('',#12284);
#12284 = AXIS2_PLACEMENT_3D('',#12285,#12286,#12287);
#12285 = CARTESIAN_POINT('',(-7.164183775012E-15,-39.,-150.));
#12286 = DIRECTION('',(0.,0.,1.));
#12287 = DIRECTION('',(1.,0.,-0.));
#12288 = DEFINITIONAL_REPRESENTATION('',(#12289),#12293);
#12289 = LINE('',#12290,#12291);
#12290 = CARTESIAN_POINT('',(-34.19567895301,18.704272205824));
#12291 = VECTOR('',#12292,1.);
#12292 = DIRECTION('',(0.866025403781,-0.500000000007));
#12293 = ( GEOMETRIC_REPRESENTATION_CONTEXT(2) 
PARAMETRIC_REPRESENTATION_CONTEXT() REPRESENTATION_CONTEXT('2D SPACE',''
  ) );
#12294 = ORIENTED_EDGE('',*,*,#11817,.T.);
#12295 = ORIENTED_EDGE('',*,*,#12296,.F.);
#12296 = EDGE_CURVE('',#12297,#11790,#12299,.T.);
#12297 = VERTEX_POINT('',#12298);
#12298 = CARTESIAN_POINT('',(0.424941290921,-39.79327227446,-150.));
#12299 = SURFACE_CURVE('',#12300,(#12304,#12311),.PCURVE_S1.);
#12300 = LINE('',#12301,#12302);
#12301 = CARTESIAN_POINT('',(0.424941290921,-39.79327227446,-150.));
#12302 = VECTOR('',#12303,1.);
#12303 = DIRECTION('',(0.866025403781,0.500000000007,0.));
#12304 = PCURVE('',#11834,#12305);
#12305 = DEFINITIONAL_REPRESENTATION('',(#12306),#12310);
#12306 = LINE('',#12307,#12308);
#12307 = CARTESIAN_POINT('',(0.424941290921,-39.79327227446));
#12308 = VECTOR('',#12309,1.);
#12309 = DIRECTION('',(0.866025403781,0.500000000007));
#12310 = ( GEOMETRIC_REPRESENTATION_CONTEXT(2) 
PARAMETRIC_REPRESENTATION_CONTEXT() REPRESENTATION_CONTEXT('2D SPACE',''
  ) );
#12311 = PCURVE('',#12283,#12312);
#12312 = DEFINITIONAL_REPRESENTATION('',(#12313),#12317);
#12313 = LINE('',#12314,#12315);
#12314 = CARTESIAN_POINT('',(0.424941290921,-0.793272274461));
#12315 = VECTOR('',#12316,1.);
#12316 = DIRECTION('',(0.866025403781,0.500000000007));
#12317 = ( GEOMETRIC_REPRESENTATION_CONTEXT(2) 
PARAMETRIC_REPRESENTATION_CONTEXT() REPRESENTATION_CONTEXT('2D SPACE',''
  ) );
#12318 = ORIENTED_EDGE('',*,*,#12319,.F.);
#12319 = EDGE_CURVE('',#12320,#12297,#12322,.T.);
#12320 = VERTEX_POINT('',#12321);
#12321 = CARTESIAN_POINT('',(0.344368937102,-39.83138016025,-150.));
#12322 = SURFACE_CURVE('',#12323,(#12327,#12334),.PCURVE_S1.);
#12323 = LINE('',#12324,#12325);
#12324 = CARTESIAN_POINT('',(0.344368937102,-39.83138016025,-150.));
#12325 = VECTOR('',#12326,1.);
#12326 = DIRECTION('',(0.903989290831,0.427555098278,0.));
#12327 = PCURVE('',#11834,#12328);
#12328 = DEFINITIONAL_REPRESENTATION('',(#12329),#12333);
#12329 = LINE('',#12330,#12331);
#12330 = CARTESIAN_POINT('',(0.344368937102,-39.83138016025));
#12331 = VECTOR('',#12332,1.);
#12332 = DIRECTION('',(0.903989290831,0.427555098278));
#12333 = ( GEOMETRIC_REPRESENTATION_CONTEXT(2) 
PARAMETRIC_REPRESENTATION_CONTEXT() REPRESENTATION_CONTEXT('2D SPACE',''
  ) );
#12334 = PCURVE('',#12283,#12335);
#12335 = DEFINITIONAL_REPRESENTATION('',(#12336),#12340);
#12336 = LINE('',#12337,#12338);
#12337 = CARTESIAN_POINT('',(0.344368937102,-0.831380160257));
#12338 = VECTOR('',#12339,1.);
#12339 = DIRECTION('',(0.903989290831,0.427555098278));
#12340 = ( GEOMETRIC_REPRESENTATION_CONTEXT(2) 
PARAMETRIC_REPRESENTATION_CONTEXT() REPRESENTATION_CONTEXT('2D SPACE',''
  ) );
#12341 = ORIENTED_EDGE('',*,*,#12342,.F.);
#12342 = EDGE_CURVE('',#12343,#12320,#12345,.T.);
#12343 = VERTEX_POINT('',#12344);
#12344 = CARTESIAN_POINT('',(0.261221201415,-39.86113089563,-150.));
#12345 = SURFACE_CURVE('',#12346,(#12350,#12357),.PCURVE_S1.);
#12346 = LINE('',#12347,#12348);
#12347 = CARTESIAN_POINT('',(0.261221201415,-39.86113089563,-150.));
#12348 = VECTOR('',#12349,1.);
#12349 = DIRECTION('',(0.941544065769,0.336889851754,0.));
#12350 = PCURVE('',#11834,#12351);
#12351 = DEFINITIONAL_REPRESENTATION('',(#12352),#12356);
#12352 = LINE('',#12353,#12354);
#12353 = CARTESIAN_POINT('',(0.261221201415,-39.86113089563));
#12354 = VECTOR('',#12355,1.);
#12355 = DIRECTION('',(0.941544065769,0.336889851754));
#12356 = ( GEOMETRIC_REPRESENTATION_CONTEXT(2) 
PARAMETRIC_REPRESENTATION_CONTEXT() REPRESENTATION_CONTEXT('2D SPACE',''
  ) );
#12357 = PCURVE('',#12283,#12358);
#12358 = DEFINITIONAL_REPRESENTATION('',(#12359),#12363);
#12359 = LINE('',#12360,#12361);
#12360 = CARTESIAN_POINT('',(0.261221201415,-0.861130895637));
#12361 = VECTOR('',#12362,1.);
#12362 = DIRECTION('',(0.941544065769,0.336889851754));
#12363 = ( GEOMETRIC_REPRESENTATION_CONTEXT(2) 
PARAMETRIC_REPRESENTATION_CONTEXT() REPRESENTATION_CONTEXT('2D SPACE',''
  ) );
#12364 = ORIENTED_EDGE('',*,*,#12365,.F.);
#12365 = EDGE_CURVE('',#12366,#12343,#12368,.T.);
#12366 = VERTEX_POINT('',#12367);
#12367 = CARTESIAN_POINT('',(0.175557761939,-39.88258846964,-150.));
#12368 = SURFACE_CURVE('',#12369,(#12373,#12380),.PCURVE_S1.);
#12369 = LINE('',#12370,#12371);
#12370 = CARTESIAN_POINT('',(0.175557761939,-39.88258846964,-150.));
#12371 = VECTOR('',#12372,1.);
#12372 = DIRECTION('',(0.970031254663,0.242980174042,0.));
#12373 = PCURVE('',#11834,#12374);
#12374 = DEFINITIONAL_REPRESENTATION('',(#12375),#12379);
#12375 = LINE('',#12376,#12377);
#12376 = CARTESIAN_POINT('',(0.175557761939,-39.88258846964));
#12377 = VECTOR('',#12378,1.);
#12378 = DIRECTION('',(0.970031254663,0.242980174042));
#12379 = ( GEOMETRIC_REPRESENTATION_CONTEXT(2) 
PARAMETRIC_REPRESENTATION_CONTEXT() REPRESENTATION_CONTEXT('2D SPACE',''
  ) );
#12380 = PCURVE('',#12283,#12381);
#12381 = DEFINITIONAL_REPRESENTATION('',(#12382),#12386);
#12382 = LINE('',#12383,#12384);
#12383 = CARTESIAN_POINT('',(0.175557761939,-0.882588469641));
#12384 = VECTOR('',#12385,1.);
#12385 = DIRECTION('',(0.970031254663,0.242980174042));
#12386 = ( GEOMETRIC_REPRESENTATION_CONTEXT(2) 
PARAMETRIC_REPRESENTATION_CONTEXT() REPRESENTATION_CONTEXT('2D SPACE',''
  ) );
#12387 = ORIENTED_EDGE('',*,*,#12388,.F.);
#12388 = EDGE_CURVE('',#12389,#12366,#12391,.T.);
#12389 = VERTEX_POINT('',#12390);
#12390 = CARTESIAN_POINT('',(8.820360494634E-02,-39.8955462354,-150.));
#12391 = SURFACE_CURVE('',#12392,(#12396,#12403),.PCURVE_S1.);
#12392 = LINE('',#12393,#12394);
#12393 = CARTESIAN_POINT('',(8.820360494634E-02,-39.8955462354,-150.));
#12394 = VECTOR('',#12395,1.);
#12395 = DIRECTION('',(0.989176508952,0.146730481281,0.));
#12396 = PCURVE('',#11834,#12397);
#12397 = DEFINITIONAL_REPRESENTATION('',(#12398),#12402);
#12398 = LINE('',#12399,#12400);
#12399 = CARTESIAN_POINT('',(8.820360494634E-02,-39.8955462354));
#12400 = VECTOR('',#12401,1.);
#12401 = DIRECTION('',(0.989176508952,0.146730481281));
#12402 = ( GEOMETRIC_REPRESENTATION_CONTEXT(2) 
PARAMETRIC_REPRESENTATION_CONTEXT() REPRESENTATION_CONTEXT('2D SPACE',''
  ) );
#12403 = PCURVE('',#12283,#12404);
#12404 = DEFINITIONAL_REPRESENTATION('',(#12405),#12409);
#12405 = LINE('',#12406,#12407);
#12406 = CARTESIAN_POINT('',(8.820360494635E-02,-0.8955462354));
#12407 = VECTOR('',#12408,1.);
#12408 = DIRECTION('',(0.989176508952,0.146730481281));
#12409 = ( GEOMETRIC_REPRESENTATION_CONTEXT(2) 
PARAMETRIC_REPRESENTATION_CONTEXT() REPRESENTATION_CONTEXT('2D SPACE',''
  ) );
#12410 = ORIENTED_EDGE('',*,*,#12411,.F.);
#12411 = EDGE_CURVE('',#12412,#12389,#12414,.T.);
#12412 = VERTEX_POINT('',#12413);
#12413 = CARTESIAN_POINT('',(-0.,-39.89987940036,-150.));
#12414 = SURFACE_CURVE('',#12415,(#12419,#12426),.PCURVE_S1.);
#12415 = LINE('',#12416,#12417);
#12416 = CARTESIAN_POINT('',(-0.,-39.89987940036,-150.));
#12417 = VECTOR('',#12418,1.);
#12418 = DIRECTION('',(0.998795456361,4.906767115975E-02,0.));
#12419 = PCURVE('',#11834,#12420);
#12420 = DEFINITIONAL_REPRESENTATION('',(#12421),#12425);
#12421 = LINE('',#12422,#12423);
#12422 = CARTESIAN_POINT('',(0.,-39.89987940036));
#12423 = VECTOR('',#12424,1.);
#12424 = DIRECTION('',(0.998795456361,4.906767115975E-02));
#12425 = ( GEOMETRIC_REPRESENTATION_CONTEXT(2) 
PARAMETRIC_REPRESENTATION_CONTEXT() REPRESENTATION_CONTEXT('2D SPACE',''
  ) );
#12426 = PCURVE('',#12283,#12427);
#12427 = DEFINITIONAL_REPRESENTATION('',(#12428),#12432);
#12428 = LINE('',#12429,#12430);
#12429 = CARTESIAN_POINT('',(7.164183775012E-15,-0.899879400369));
#12430 = VECTOR('',#12431,1.);
#12431 = DIRECTION('',(0.998795456361,4.906767115975E-02));
#12432 = ( GEOMETRIC_REPRESENTATION_CONTEXT(2) 
PARAMETRIC_REPRESENTATION_CONTEXT() REPRESENTATION_CONTEXT('2D SPACE',''
  ) );
#12433 = ORIENTED_EDGE('',*,*,#12434,.F.);
#12434 = EDGE_CURVE('',#12435,#12412,#12437,.T.);
#12435 = VERTEX_POINT('',#12436);
#12436 = CARTESIAN_POINT('',(-8.820360494634E-02,-39.8955462354,-150.));
#12437 = SURFACE_CURVE('',#12438,(#12442,#12449),.PCURVE_S1.);
#12438 = LINE('',#12439,#12440);
#12439 = CARTESIAN_POINT('',(-8.820360494634E-02,-39.8955462354,-150.));
#12440 = VECTOR('',#12441,1.);
#12441 = DIRECTION('',(0.998795456361,-4.906767115975E-02,0.));
#12442 = PCURVE('',#11834,#12443);
#12443 = DEFINITIONAL_REPRESENTATION('',(#12444),#12448);
#12444 = LINE('',#12445,#12446);
#12445 = CARTESIAN_POINT('',(-8.820360494634E-02,-39.8955462354));
#12446 = VECTOR('',#12447,1.);
#12447 = DIRECTION('',(0.998795456361,-4.906767115975E-02));
#12448 = ( GEOMETRIC_REPRESENTATION_CONTEXT(2) 
PARAMETRIC_REPRESENTATION_CONTEXT() REPRESENTATION_CONTEXT('2D SPACE',''
  ) );
#12449 = PCURVE('',#12283,#12450);
#12450 = DEFINITIONAL_REPRESENTATION('',(#12451),#12455);
#12451 = LINE('',#12452,#12453);
#12452 = CARTESIAN_POINT('',(-8.820360494633E-02,-0.8955462354));
#12453 = VECTOR('',#12454,1.);
#12454 = DIRECTION('',(0.998795456361,-4.906767115975E-02));
#12455 = ( GEOMETRIC_REPRESENTATION_CONTEXT(2) 
PARAMETRIC_REPRESENTATION_CONTEXT() REPRESENTATION_CONTEXT('2D SPACE',''
  ) );
#12456 = ORIENTED_EDGE('',*,*,#12457,.F.);
#12457 = EDGE_CURVE('',#12458,#12435,#12460,.T.);
#12458 = VERTEX_POINT('',#12459);
#12459 = CARTESIAN_POINT('',(-0.175557761939,-39.88258846964,-150.));
#12460 = SURFACE_CURVE('',#12461,(#12465,#12472),.PCURVE_S1.);
#12461 = LINE('',#12462,#12463);
#12462 = CARTESIAN_POINT('',(-0.175557761939,-39.88258846964,-150.));
#12463 = VECTOR('',#12464,1.);
#12464 = DIRECTION('',(0.989176508952,-0.146730481281,0.));
#12465 = PCURVE('',#11834,#12466);
#12466 = DEFINITIONAL_REPRESENTATION('',(#12467),#12471);
#12467 = LINE('',#12468,#12469);
#12468 = CARTESIAN_POINT('',(-0.175557761939,-39.88258846964));
#12469 = VECTOR('',#12470,1.);
#12470 = DIRECTION('',(0.989176508952,-0.146730481281));
#12471 = ( GEOMETRIC_REPRESENTATION_CONTEXT(2) 
PARAMETRIC_REPRESENTATION_CONTEXT() REPRESENTATION_CONTEXT('2D SPACE',''
  ) );
#12472 = PCURVE('',#12283,#12473);
#12473 = DEFINITIONAL_REPRESENTATION('',(#12474),#12478);
#12474 = LINE('',#12475,#12476);
#12475 = CARTESIAN_POINT('',(-0.175557761939,-0.882588469641));
#12476 = VECTOR('',#12477,1.);
#12477 = DIRECTION('',(0.989176508952,-0.146730481281));
#12478 = ( GEOMETRIC_REPRESENTATION_CONTEXT(2) 
PARAMETRIC_REPRESENTATION_CONTEXT() REPRESENTATION_CONTEXT('2D SPACE',''
  ) );
#12479 = ORIENTED_EDGE('',*,*,#12480,.F.);
#12480 = EDGE_CURVE('',#12481,#12458,#12483,.T.);
#12481 = VERTEX_POINT('',#12482);
#12482 = CARTESIAN_POINT('',(-0.261221201415,-39.86113089563,-150.));
#12483 = SURFACE_CURVE('',#12484,(#12488,#12495),.PCURVE_S1.);
#12484 = LINE('',#12485,#12486);
#12485 = CARTESIAN_POINT('',(-0.261221201415,-39.86113089563,-150.));
#12486 = VECTOR('',#12487,1.);
#12487 = DIRECTION('',(0.970031254663,-0.242980174042,0.));
#12488 = PCURVE('',#11834,#12489);
#12489 = DEFINITIONAL_REPRESENTATION('',(#12490),#12494);
#12490 = LINE('',#12491,#12492);
#12491 = CARTESIAN_POINT('',(-0.261221201415,-39.86113089563));
#12492 = VECTOR('',#12493,1.);
#12493 = DIRECTION('',(0.970031254663,-0.242980174042));
#12494 = ( GEOMETRIC_REPRESENTATION_CONTEXT(2) 
PARAMETRIC_REPRESENTATION_CONTEXT() REPRESENTATION_CONTEXT('2D SPACE',''
  ) );
#12495 = PCURVE('',#12283,#12496);
#12496 = DEFINITIONAL_REPRESENTATION('',(#12497),#12501);
#12497 = LINE('',#12498,#12499);
#12498 = CARTESIAN_POINT('',(-0.261221201415,-0.861130895637));
#12499 = VECTOR('',#12500,1.);
#12500 = DIRECTION('',(0.970031254663,-0.242980174042));
#12501 = ( GEOMETRIC_REPRESENTATION_CONTEXT(2) 
PARAMETRIC_REPRESENTATION_CONTEXT() REPRESENTATION_CONTEXT('2D SPACE',''
  ) );
#12502 = ORIENTED_EDGE('',*,*,#12503,.F.);
#12503 = EDGE_CURVE('',#12504,#12481,#12506,.T.);
#12504 = VERTEX_POINT('',#12505);
#12505 = CARTESIAN_POINT('',(-0.344368937102,-39.83138016025,-150.));
#12506 = SURFACE_CURVE('',#12507,(#12511,#12518),.PCURVE_S1.);
#12507 = LINE('',#12508,#12509);
#12508 = CARTESIAN_POINT('',(-0.344368937102,-39.83138016025,-150.));
#12509 = VECTOR('',#12510,1.);
#12510 = DIRECTION('',(0.941544065769,-0.336889851754,0.));
#12511 = PCURVE('',#11834,#12512);
#12512 = DEFINITIONAL_REPRESENTATION('',(#12513),#12517);
#12513 = LINE('',#12514,#12515);
#12514 = CARTESIAN_POINT('',(-0.344368937102,-39.83138016025));
#12515 = VECTOR('',#12516,1.);
#12516 = DIRECTION('',(0.941544065769,-0.336889851754));
#12517 = ( GEOMETRIC_REPRESENTATION_CONTEXT(2) 
PARAMETRIC_REPRESENTATION_CONTEXT() REPRESENTATION_CONTEXT('2D SPACE',''
  ) );
#12518 = PCURVE('',#12283,#12519);
#12519 = DEFINITIONAL_REPRESENTATION('',(#12520),#12524);
#12520 = LINE('',#12521,#12522);
#12521 = CARTESIAN_POINT('',(-0.344368937102,-0.831380160257));
#12522 = VECTOR('',#12523,1.);
#12523 = DIRECTION('',(0.941544065769,-0.336889851754));
#12524 = ( GEOMETRIC_REPRESENTATION_CONTEXT(2) 
PARAMETRIC_REPRESENTATION_CONTEXT() REPRESENTATION_CONTEXT('2D SPACE',''
  ) );
#12525 = ORIENTED_EDGE('',*,*,#12526,.F.);
#12526 = EDGE_CURVE('',#12268,#12504,#12527,.T.);
#12527 = SURFACE_CURVE('',#12528,(#12532,#12539),.PCURVE_S1.);
#12528 = LINE('',#12529,#12530);
#12529 = CARTESIAN_POINT('',(-0.424941290921,-39.79327227446,-150.));
#12530 = VECTOR('',#12531,1.);
#12531 = DIRECTION('',(0.903989290831,-0.427555098278,0.));
#12532 = PCURVE('',#11834,#12533);
#12533 = DEFINITIONAL_REPRESENTATION('',(#12534),#12538);
#12534 = LINE('',#12535,#12536);
#12535 = CARTESIAN_POINT('',(-0.424941290921,-39.79327227446));
#12536 = VECTOR('',#12537,1.);
#12537 = DIRECTION('',(0.903989290831,-0.427555098278));
#12538 = ( GEOMETRIC_REPRESENTATION_CONTEXT(2) 
PARAMETRIC_REPRESENTATION_CONTEXT() REPRESENTATION_CONTEXT('2D SPACE',''
  ) );
#12539 = PCURVE('',#12283,#12540);
#12540 = DEFINITIONAL_REPRESENTATION('',(#12541),#12545);
#12541 = LINE('',#12542,#12543);
#12542 = CARTESIAN_POINT('',(-0.424941290921,-0.793272274461));
#12543 = VECTOR('',#12544,1.);
#12544 = DIRECTION('',(0.903989290831,-0.427555098278));
#12545 = ( GEOMETRIC_REPRESENTATION_CONTEXT(2) 
PARAMETRIC_REPRESENTATION_CONTEXT() REPRESENTATION_CONTEXT('2D SPACE',''
  ) );
#12546 = ADVANCED_FACE('',(#12547),#11805,.F.);
#12547 = FACE_BOUND('',#12548,.F.);
#12548 = EDGE_LOOP('',(#12549,#12550,#12576,#12599));
#12549 = ORIENTED_EDGE('',*,*,#11789,.F.);
#12550 = ORIENTED_EDGE('',*,*,#12551,.T.);
#12551 = EDGE_CURVE('',#11790,#12552,#12554,.T.);
#12552 = VERTEX_POINT('',#12553);
#12553 = CARTESIAN_POINT('',(0.828179901894,-39.56046235386,-135.));
#12554 = SURFACE_CURVE('',#12555,(#12559,#12565),.PCURVE_S1.);
#12555 = LINE('',#12556,#12557);
#12556 = CARTESIAN_POINT('',(0.828179901894,-39.56046235386,-150.));
#12557 = VECTOR('',#12558,1.);
#12558 = DIRECTION('',(0.,0.,1.));
#12559 = PCURVE('',#11805,#12560);
#12560 = DEFINITIONAL_REPRESENTATION('',(#12561),#12564);
#12561 = B_SPLINE_CURVE_WITH_KNOTS('',1,(#12562,#12563),.UNSPECIFIED.,
  .F.,.F.,(2,2),(-5.999999928008E-07,16.5),.PIECEWISE_BEZIER_KNOTS.);
#12562 = CARTESIAN_POINT('',(0.465619841188,5.999999928008E-07));
#12563 = CARTESIAN_POINT('',(0.465619841188,-16.5));
#12564 = ( GEOMETRIC_REPRESENTATION_CONTEXT(2) 
PARAMETRIC_REPRESENTATION_CONTEXT() REPRESENTATION_CONTEXT('2D SPACE',''
  ) );
#12565 = PCURVE('',#12566,#12571);
#12566 = CYLINDRICAL_SURFACE('',#12567,1.);
#12567 = AXIS2_PLACEMENT_3D('',#12568,#12569,#12570);
#12568 = CARTESIAN_POINT('',(-7.164183775012E-15,-39.,-150.));
#12569 = DIRECTION('',(0.,0.,1.));
#12570 = DIRECTION('',(1.,0.,-0.));
#12571 = DEFINITIONAL_REPRESENTATION('',(#12572),#12575);
#12572 = B_SPLINE_CURVE_WITH_KNOTS('',1,(#12573,#12574),.UNSPECIFIED.,
  .F.,.F.,(2,2),(-5.999999928008E-07,16.5),.PIECEWISE_BEZIER_KNOTS.);
#12573 = CARTESIAN_POINT('',(5.688241335482,-5.999999928008E-07));
#12574 = CARTESIAN_POINT('',(5.688241335482,16.5));
#12575 = ( GEOMETRIC_REPRESENTATION_CONTEXT(2) 
PARAMETRIC_REPRESENTATION_CONTEXT() REPRESENTATION_CONTEXT('2D SPACE',''
  ) );
#12576 = ORIENTED_EDGE('',*,*,#12577,.T.);
#12577 = EDGE_CURVE('',#12552,#12578,#12580,.T.);
#12578 = VERTEX_POINT('',#12579);
#12579 = CARTESIAN_POINT('',(33.846275432296,-20.49745601092,-135.));
#12580 = SURFACE_CURVE('',#12581,(#12585,#12592),.PCURVE_S1.);
#12581 = LINE('',#12582,#12583);
#12582 = CARTESIAN_POINT('',(0.424941290921,-39.79327227446,-135.));
#12583 = VECTOR('',#12584,1.);
#12584 = DIRECTION('',(0.866025403781,0.500000000007,0.));
#12585 = PCURVE('',#11805,#12586);
#12586 = DEFINITIONAL_REPRESENTATION('',(#12587),#12591);
#12587 = LINE('',#12588,#12589);
#12588 = CARTESIAN_POINT('',(0.,-15.));
#12589 = VECTOR('',#12590,1.);
#12590 = DIRECTION('',(1.,0.));
#12591 = ( GEOMETRIC_REPRESENTATION_CONTEXT(2) 
PARAMETRIC_REPRESENTATION_CONTEXT() REPRESENTATION_CONTEXT('2D SPACE',''
  ) );
#12592 = PCURVE('',#12228,#12593);
#12593 = DEFINITIONAL_REPRESENTATION('',(#12594),#12598);
#12594 = LINE('',#12595,#12596);
#12595 = CARTESIAN_POINT('',(0.424941290921,-40.48399137707));
#12596 = VECTOR('',#12597,1.);
#12597 = DIRECTION('',(0.866025403781,0.500000000007));
#12598 = ( GEOMETRIC_REPRESENTATION_CONTEXT(2) 
PARAMETRIC_REPRESENTATION_CONTEXT() REPRESENTATION_CONTEXT('2D SPACE',''
  ) );
#12599 = ORIENTED_EDGE('',*,*,#12600,.F.);
#12600 = EDGE_CURVE('',#11766,#12578,#12601,.T.);
#12601 = SURFACE_CURVE('',#12602,(#12606,#12612),.PCURVE_S1.);
#12602 = LINE('',#12603,#12604);
#12603 = CARTESIAN_POINT('',(33.846275432295,-20.49745601092,-150.));
#12604 = VECTOR('',#12605,1.);
#12605 = DIRECTION('',(0.,0.,1.));
#12606 = PCURVE('',#11805,#12607);
#12607 = DEFINITIONAL_REPRESENTATION('',(#12608),#12611);
#12608 = B_SPLINE_CURVE_WITH_KNOTS('',1,(#12609,#12610),.UNSPECIFIED.,
  .F.,.F.,(2,2),(-5.999999928008E-07,16.5),.PIECEWISE_BEZIER_KNOTS.);
#12609 = CARTESIAN_POINT('',(38.591632526567,5.999999928008E-07));
#12610 = CARTESIAN_POINT('',(38.591632526567,-16.5));
#12611 = ( GEOMETRIC_REPRESENTATION_CONTEXT(2) 
PARAMETRIC_REPRESENTATION_CONTEXT() REPRESENTATION_CONTEXT('2D SPACE',''
  ) );
#12612 = PCURVE('',#12613,#12618);
#12613 = CYLINDRICAL_SURFACE('',#12614,1.);
#12614 = AXIS2_PLACEMENT_3D('',#12615,#12616,#12617);
#12615 = CARTESIAN_POINT('',(33.774990747593,-19.5,-150.));
#12616 = DIRECTION('',(0.,0.,1.));
#12617 = DIRECTION('',(1.,0.,-0.));
#12618 = DEFINITIONAL_REPRESENTATION('',(#12619),#12622);
#12619 = B_SPLINE_CURVE_WITH_KNOTS('',1,(#12620,#12621),.UNSPECIFIED.,
  .F.,.F.,(2,2),(-5.999999928008E-07,16.5),.PIECEWISE_BEZIER_KNOTS.);
#12620 = CARTESIAN_POINT('',(4.78373417582,-5.999999928008E-07));
#12621 = CARTESIAN_POINT('',(4.78373417582,16.5));
#12622 = ( GEOMETRIC_REPRESENTATION_CONTEXT(2) 
PARAMETRIC_REPRESENTATION_CONTEXT() REPRESENTATION_CONTEXT('2D SPACE',''
  ) );
#12623 = ADVANCED_FACE('',(#12624),#11753,.T.);
#12624 = FACE_BOUND('',#12625,.T.);
#12625 = EDGE_LOOP('',(#12626,#12654,#12655,#12656,#12679,#12702,#12725,
    #12748,#12771,#12794,#12817,#12840,#12863,#12886,#12909));
#12626 = ORIENTED_EDGE('',*,*,#12627,.F.);
#12627 = EDGE_CURVE('',#11766,#12628,#12630,.T.);
#12628 = VERTEX_POINT('',#12629);
#12629 = CARTESIAN_POINT('',(34.195678953015,-20.29572779417,-150.));
#12630 = SURFACE_CURVE('',#12631,(#12635,#12642),.PCURVE_S1.);
#12631 = LINE('',#12632,#12633);
#12632 = CARTESIAN_POINT('',(0.424941290921,-39.79327227446,-150.));
#12633 = VECTOR('',#12634,1.);
#12634 = DIRECTION('',(0.866025403781,0.500000000007,0.));
#12635 = PCURVE('',#11753,#12636);
#12636 = DEFINITIONAL_REPRESENTATION('',(#12637),#12641);
#12637 = LINE('',#12638,#12639);
#12638 = CARTESIAN_POINT('',(0.424941290921,-39.79327227446));
#12639 = VECTOR('',#12640,1.);
#12640 = DIRECTION('',(0.866025403781,0.500000000007));
#12641 = ( GEOMETRIC_REPRESENTATION_CONTEXT(2) 
PARAMETRIC_REPRESENTATION_CONTEXT() REPRESENTATION_CONTEXT('2D SPACE',''
  ) );
#12642 = PCURVE('',#12643,#12648);
#12643 = PLANE('',#12644);
#12644 = AXIS2_PLACEMENT_3D('',#12645,#12646,#12647);
#12645 = CARTESIAN_POINT('',(33.774990747593,-19.5,-150.));
#12646 = DIRECTION('',(0.,0.,1.));
#12647 = DIRECTION('',(1.,0.,-0.));
#12648 = DEFINITIONAL_REPRESENTATION('',(#12649),#12653);
#12649 = LINE('',#12650,#12651);
#12650 = CARTESIAN_POINT('',(-33.35004945667,-20.29327227446));
#12651 = VECTOR('',#12652,1.);
#12652 = DIRECTION('',(0.866025403781,0.500000000007));
#12653 = ( GEOMETRIC_REPRESENTATION_CONTEXT(2) 
PARAMETRIC_REPRESENTATION_CONTEXT() REPRESENTATION_CONTEXT('2D SPACE',''
  ) );
#12654 = ORIENTED_EDGE('',*,*,#11765,.T.);
#12655 = ORIENTED_EDGE('',*,*,#11736,.T.);
#12656 = ORIENTED_EDGE('',*,*,#12657,.F.);
#12657 = EDGE_CURVE('',#12658,#11709,#12660,.T.);
#12658 = VERTEX_POINT('',#12659);
#12659 = CARTESIAN_POINT('',(34.674990748,-19.49754513743,-150.));
#12660 = SURFACE_CURVE('',#12661,(#12665,#12672),.PCURVE_S1.);
#12661 = LINE('',#12662,#12663);
#12662 = CARTESIAN_POINT('',(34.674990748,-19.49754513743,-150.));
#12663 = VECTOR('',#12664,1.);
#12664 = DIRECTION('',(0.,1.,0.));
#12665 = PCURVE('',#11753,#12666);
#12666 = DEFINITIONAL_REPRESENTATION('',(#12667),#12671);
#12667 = LINE('',#12668,#12669);
#12668 = CARTESIAN_POINT('',(34.674990748,-19.49754513743));
#12669 = VECTOR('',#12670,1.);
#12670 = DIRECTION('',(0.,1.));
#12671 = ( GEOMETRIC_REPRESENTATION_CONTEXT(2) 
PARAMETRIC_REPRESENTATION_CONTEXT() REPRESENTATION_CONTEXT('2D SPACE',''
  ) );
#12672 = PCURVE('',#12643,#12673);
#12673 = DEFINITIONAL_REPRESENTATION('',(#12674),#12678);
#12674 = LINE('',#12675,#12676);
#12675 = CARTESIAN_POINT('',(0.900000000407,2.454862561432E-03));
#12676 = VECTOR('',#12677,1.);
#12677 = DIRECTION('',(0.,1.));
#12678 = ( GEOMETRIC_REPRESENTATION_CONTEXT(2) 
PARAMETRIC_REPRESENTATION_CONTEXT() REPRESENTATION_CONTEXT('2D SPACE',''
  ) );
#12679 = ORIENTED_EDGE('',*,*,#12680,.F.);
#12680 = EDGE_CURVE('',#12681,#12658,#12683,.T.);
#12681 = VERTEX_POINT('',#12682);
#12682 = CARTESIAN_POINT('',(34.67053698245,-19.58820360494,-150.));
#12683 = SURFACE_CURVE('',#12684,(#12688,#12695),.PCURVE_S1.);
#12684 = LINE('',#12685,#12686);
#12685 = CARTESIAN_POINT('',(34.67053698245,-19.58820360494,-150.));
#12686 = VECTOR('',#12687,1.);
#12687 = DIRECTION('',(4.906768132518E-02,0.998795455861,0.));
#12688 = PCURVE('',#11753,#12689);
#12689 = DEFINITIONAL_REPRESENTATION('',(#12690),#12694);
#12690 = LINE('',#12691,#12692);
#12691 = CARTESIAN_POINT('',(34.67053698245,-19.58820360494));
#12692 = VECTOR('',#12693,1.);
#12693 = DIRECTION('',(4.906768132518E-02,0.998795455861));
#12694 = ( GEOMETRIC_REPRESENTATION_CONTEXT(2) 
PARAMETRIC_REPRESENTATION_CONTEXT() REPRESENTATION_CONTEXT('2D SPACE',''
  ) );
#12695 = PCURVE('',#12643,#12696);
#12696 = DEFINITIONAL_REPRESENTATION('',(#12697),#12701);
#12697 = LINE('',#12698,#12699);
#12698 = CARTESIAN_POINT('',(0.895546234857,-8.820360494632E-02));
#12699 = VECTOR('',#12700,1.);
#12700 = DIRECTION('',(4.906768132518E-02,0.998795455861));
#12701 = ( GEOMETRIC_REPRESENTATION_CONTEXT(2) 
PARAMETRIC_REPRESENTATION_CONTEXT() REPRESENTATION_CONTEXT('2D SPACE',''
  ) );
#12702 = ORIENTED_EDGE('',*,*,#12703,.F.);
#12703 = EDGE_CURVE('',#12704,#12681,#12706,.T.);
#12704 = VERTEX_POINT('',#12705);
#12705 = CARTESIAN_POINT('',(34.657579217591,-19.67555776193,-150.));
#12706 = SURFACE_CURVE('',#12707,(#12711,#12718),.PCURVE_S1.);
#12707 = LINE('',#12708,#12709);
#12708 = CARTESIAN_POINT('',(34.657579217591,-19.67555776193,-150.));
#12709 = VECTOR('',#12710,1.);
#12710 = DIRECTION('',(0.14673047131,0.989176510431,0.));
#12711 = PCURVE('',#11753,#12712);
#12712 = DEFINITIONAL_REPRESENTATION('',(#12713),#12717);
#12713 = LINE('',#12714,#12715);
#12714 = CARTESIAN_POINT('',(34.657579217591,-19.67555776193));
#12715 = VECTOR('',#12716,1.);
#12716 = DIRECTION('',(0.14673047131,0.989176510431));
#12717 = ( GEOMETRIC_REPRESENTATION_CONTEXT(2) 
PARAMETRIC_REPRESENTATION_CONTEXT() REPRESENTATION_CONTEXT('2D SPACE',''
  ) );
#12718 = PCURVE('',#12643,#12719);
#12719 = DEFINITIONAL_REPRESENTATION('',(#12720),#12724);
#12720 = LINE('',#12721,#12722);
#12721 = CARTESIAN_POINT('',(0.882588469997,-0.175557761939));
#12722 = VECTOR('',#12723,1.);
#12723 = DIRECTION('',(0.14673047131,0.989176510431));
#12724 = ( GEOMETRIC_REPRESENTATION_CONTEXT(2) 
PARAMETRIC_REPRESENTATION_CONTEXT() REPRESENTATION_CONTEXT('2D SPACE',''
  ) );
#12725 = ORIENTED_EDGE('',*,*,#12726,.F.);
#12726 = EDGE_CURVE('',#12727,#12704,#12729,.T.);
#12727 = VERTEX_POINT('',#12728);
#12728 = CARTESIAN_POINT('',(34.636121642804,-19.76122120094,-150.));
#12729 = SURFACE_CURVE('',#12730,(#12734,#12741),.PCURVE_S1.);
#12730 = LINE('',#12731,#12732);
#12731 = CARTESIAN_POINT('',(34.636121642804,-19.76122120094,-150.));
#12732 = VECTOR('',#12733,1.);
#12733 = DIRECTION('',(0.24298018363,0.970031252261,0.));
#12734 = PCURVE('',#11753,#12735);
#12735 = DEFINITIONAL_REPRESENTATION('',(#12736),#12740);
#12736 = LINE('',#12737,#12738);
#12737 = CARTESIAN_POINT('',(34.636121642804,-19.76122120094));
#12738 = VECTOR('',#12739,1.);
#12739 = DIRECTION('',(0.24298018363,0.970031252261));
#12740 = ( GEOMETRIC_REPRESENTATION_CONTEXT(2) 
PARAMETRIC_REPRESENTATION_CONTEXT() REPRESENTATION_CONTEXT('2D SPACE',''
  ) );
#12741 = PCURVE('',#12643,#12742);
#12742 = DEFINITIONAL_REPRESENTATION('',(#12743),#12747);
#12743 = LINE('',#12744,#12745);
#12744 = CARTESIAN_POINT('',(0.861130895211,-0.261221200948));
#12745 = VECTOR('',#12746,1.);
#12746 = DIRECTION('',(0.24298018363,0.970031252261));
#12747 = ( GEOMETRIC_REPRESENTATION_CONTEXT(2) 
PARAMETRIC_REPRESENTATION_CONTEXT() REPRESENTATION_CONTEXT('2D SPACE',''
  ) );
#12748 = ORIENTED_EDGE('',*,*,#12749,.F.);
#12749 = EDGE_CURVE('',#12750,#12727,#12752,.T.);
#12750 = VERTEX_POINT('',#12751);
#12751 = CARTESIAN_POINT('',(34.606370907101,-19.84436893753,-150.));
#12752 = SURFACE_CURVE('',#12753,(#12757,#12764),.PCURVE_S1.);
#12753 = LINE('',#12754,#12755);
#12754 = CARTESIAN_POINT('',(34.606370907101,-19.84436893753,-150.));
#12755 = VECTOR('',#12756,1.);
#12756 = DIRECTION('',(0.336889851754,0.941544065769,0.));
#12757 = PCURVE('',#11753,#12758);
#12758 = DEFINITIONAL_REPRESENTATION('',(#12759),#12763);
#12759 = LINE('',#12760,#12761);
#12760 = CARTESIAN_POINT('',(34.606370907101,-19.84436893753));
#12761 = VECTOR('',#12762,1.);
#12762 = DIRECTION('',(0.336889851754,0.941544065769));
#12763 = ( GEOMETRIC_REPRESENTATION_CONTEXT(2) 
PARAMETRIC_REPRESENTATION_CONTEXT() REPRESENTATION_CONTEXT('2D SPACE',''
  ) );
#12764 = PCURVE('',#12643,#12765);
#12765 = DEFINITIONAL_REPRESENTATION('',(#12766),#12770);
#12766 = LINE('',#12767,#12768);
#12767 = CARTESIAN_POINT('',(0.831380159508,-0.344368937537));
#12768 = VECTOR('',#12769,1.);
#12769 = DIRECTION('',(0.336889851754,0.941544065769));
#12770 = ( GEOMETRIC_REPRESENTATION_CONTEXT(2) 
PARAMETRIC_REPRESENTATION_CONTEXT() REPRESENTATION_CONTEXT('2D SPACE',''
  ) );
#12771 = ORIENTED_EDGE('',*,*,#12772,.F.);
#12772 = EDGE_CURVE('',#12773,#12750,#12775,.T.);
#12773 = VERTEX_POINT('',#12774);
#12774 = CARTESIAN_POINT('',(34.568613526086,-19.92420021317,-150.));
#12775 = SURFACE_CURVE('',#12776,(#12780,#12787),.PCURVE_S1.);
#12776 = LINE('',#12777,#12778);
#12777 = CARTESIAN_POINT('',(34.568613526086,-19.92420021317,-150.));
#12778 = VECTOR('',#12779,1.);
#12779 = DIRECTION('',(0.42755508995,0.903989294769,0.));
#12780 = PCURVE('',#11753,#12781);
#12781 = DEFINITIONAL_REPRESENTATION('',(#12782),#12786);
#12782 = LINE('',#12783,#12784);
#12783 = CARTESIAN_POINT('',(34.568613526086,-19.92420021317));
#12784 = VECTOR('',#12785,1.);
#12785 = DIRECTION('',(0.42755508995,0.903989294769));
#12786 = ( GEOMETRIC_REPRESENTATION_CONTEXT(2) 
PARAMETRIC_REPRESENTATION_CONTEXT() REPRESENTATION_CONTEXT('2D SPACE',''
  ) );
#12787 = PCURVE('',#12643,#12788);
#12788 = DEFINITIONAL_REPRESENTATION('',(#12789),#12793);
#12789 = LINE('',#12790,#12791);
#12790 = CARTESIAN_POINT('',(0.793622778493,-0.424200213175));
#12791 = VECTOR('',#12792,1.);
#12792 = DIRECTION('',(0.42755508995,0.903989294769));
#12793 = ( GEOMETRIC_REPRESENTATION_CONTEXT(2) 
PARAMETRIC_REPRESENTATION_CONTEXT() REPRESENTATION_CONTEXT('2D SPACE',''
  ) );
#12794 = ORIENTED_EDGE('',*,*,#12795,.F.);
#12795 = EDGE_CURVE('',#12796,#12773,#12798,.T.);
#12796 = VERTEX_POINT('',#12797);
#12797 = CARTESIAN_POINT('',(34.523213123882,-19.99994620804,-150.));
#12798 = SURFACE_CURVE('',#12799,(#12803,#12810),.PCURVE_S1.);
#12799 = LINE('',#12800,#12801);
#12800 = CARTESIAN_POINT('',(34.523213123882,-19.99994620804,-150.));
#12801 = VECTOR('',#12802,1.);
#12802 = DIRECTION('',(0.51410274472,0.857728609685,0.));
#12803 = PCURVE('',#11753,#12804);
#12804 = DEFINITIONAL_REPRESENTATION('',(#12805),#12809);
#12805 = LINE('',#12806,#12807);
#12806 = CARTESIAN_POINT('',(34.523213123882,-19.99994620804));
#12807 = VECTOR('',#12808,1.);
#12808 = DIRECTION('',(0.51410274472,0.857728609685));
#12809 = ( GEOMETRIC_REPRESENTATION_CONTEXT(2) 
PARAMETRIC_REPRESENTATION_CONTEXT() REPRESENTATION_CONTEXT('2D SPACE',''
  ) );
#12810 = PCURVE('',#12643,#12811);
#12811 = DEFINITIONAL_REPRESENTATION('',(#12812),#12816);
#12812 = LINE('',#12813,#12814);
#12813 = CARTESIAN_POINT('',(0.748222376288,-0.499946208041));
#12814 = VECTOR('',#12815,1.);
#12815 = DIRECTION('',(0.51410274472,0.857728609685));
#12816 = ( GEOMETRIC_REPRESENTATION_CONTEXT(2) 
PARAMETRIC_REPRESENTATION_CONTEXT() REPRESENTATION_CONTEXT('2D SPACE',''
  ) );
#12817 = ORIENTED_EDGE('',*,*,#12818,.F.);
#12818 = EDGE_CURVE('',#12819,#12796,#12821,.T.);
#12819 = VERTEX_POINT('',#12820);
#12820 = CARTESIAN_POINT('',(34.470606930887,-20.07087744797,-150.));
#12821 = SURFACE_CURVE('',#12822,(#12826,#12833),.PCURVE_S1.);
#12822 = LINE('',#12823,#12824);
#12823 = CARTESIAN_POINT('',(34.470606930887,-20.07087744797,-150.));
#12824 = VECTOR('',#12825,1.);
#12825 = DIRECTION('',(0.59569930559,0.803207530666,0.));
#12826 = PCURVE('',#11753,#12827);
#12827 = DEFINITIONAL_REPRESENTATION('',(#12828),#12832);
#12828 = LINE('',#12829,#12830);
#12829 = CARTESIAN_POINT('',(34.470606930887,-20.07087744797));
#12830 = VECTOR('',#12831,1.);
#12831 = DIRECTION('',(0.59569930559,0.803207530666));
#12832 = ( GEOMETRIC_REPRESENTATION_CONTEXT(2) 
PARAMETRIC_REPRESENTATION_CONTEXT() REPRESENTATION_CONTEXT('2D SPACE',''
  ) );
#12833 = PCURVE('',#12643,#12834);
#12834 = DEFINITIONAL_REPRESENTATION('',(#12835),#12839);
#12835 = LINE('',#12836,#12837);
#12836 = CARTESIAN_POINT('',(0.695616183294,-0.570877447974));
#12837 = VECTOR('',#12838,1.);
#12838 = DIRECTION('',(0.59569930559,0.803207530666));
#12839 = ( GEOMETRIC_REPRESENTATION_CONTEXT(2) 
PARAMETRIC_REPRESENTATION_CONTEXT() REPRESENTATION_CONTEXT('2D SPACE',''
  ) );
#12840 = ORIENTED_EDGE('',*,*,#12841,.F.);
#12841 = EDGE_CURVE('',#12842,#12819,#12844,.T.);
#12842 = VERTEX_POINT('',#12843);
#12843 = CARTESIAN_POINT('',(34.411301574049,-20.13631082604,-150.));
#12844 = SURFACE_CURVE('',#12845,(#12849,#12856),.PCURVE_S1.);
#12845 = LINE('',#12846,#12847);
#12846 = CARTESIAN_POINT('',(34.411301574049,-20.13631082604,-150.));
#12847 = VECTOR('',#12848,1.);
#12848 = DIRECTION('',(0.671558953977,0.740951126143,0.));
#12849 = PCURVE('',#11753,#12850);
#12850 = DEFINITIONAL_REPRESENTATION('',(#12851),#12855);
#12851 = LINE('',#12852,#12853);
#12852 = CARTESIAN_POINT('',(34.411301574049,-20.13631082604));
#12853 = VECTOR('',#12854,1.);
#12854 = DIRECTION('',(0.671558953977,0.740951126143));
#12855 = ( GEOMETRIC_REPRESENTATION_CONTEXT(2) 
PARAMETRIC_REPRESENTATION_CONTEXT() REPRESENTATION_CONTEXT('2D SPACE',''
  ) );
#12856 = PCURVE('',#12643,#12857);
#12857 = DEFINITIONAL_REPRESENTATION('',(#12858),#12862);
#12858 = LINE('',#12859,#12860);
#12859 = CARTESIAN_POINT('',(0.636310826456,-0.636310826049));
#12860 = VECTOR('',#12861,1.);
#12861 = DIRECTION('',(0.671558953977,0.740951126143));
#12862 = ( GEOMETRIC_REPRESENTATION_CONTEXT(2) 
PARAMETRIC_REPRESENTATION_CONTEXT() REPRESENTATION_CONTEXT('2D SPACE',''
  ) );
#12863 = ORIENTED_EDGE('',*,*,#12864,.F.);
#12864 = EDGE_CURVE('',#12865,#12842,#12867,.T.);
#12865 = VERTEX_POINT('',#12866);
#12866 = CARTESIAN_POINT('',(34.345868195974,-20.19561618288,-150.));
#12867 = SURFACE_CURVE('',#12868,(#12872,#12879),.PCURVE_S1.);
#12868 = LINE('',#12869,#12870);
#12869 = CARTESIAN_POINT('',(34.345868195974,-20.19561618288,-150.));
#12870 = VECTOR('',#12871,1.);
#12871 = DIRECTION('',(0.740951126143,0.671558953977,0.));
#12872 = PCURVE('',#11753,#12873);
#12873 = DEFINITIONAL_REPRESENTATION('',(#12874),#12878);
#12874 = LINE('',#12875,#12876);
#12875 = CARTESIAN_POINT('',(34.345868195974,-20.19561618288));
#12876 = VECTOR('',#12877,1.);
#12877 = DIRECTION('',(0.740951126143,0.671558953977));
#12878 = ( GEOMETRIC_REPRESENTATION_CONTEXT(2) 
PARAMETRIC_REPRESENTATION_CONTEXT() REPRESENTATION_CONTEXT('2D SPACE',''
  ) );
#12879 = PCURVE('',#12643,#12880);
#12880 = DEFINITIONAL_REPRESENTATION('',(#12881),#12885);
#12881 = LINE('',#12882,#12883);
#12882 = CARTESIAN_POINT('',(0.570877448381,-0.695616182887));
#12883 = VECTOR('',#12884,1.);
#12884 = DIRECTION('',(0.740951126143,0.671558953977));
#12885 = ( GEOMETRIC_REPRESENTATION_CONTEXT(2) 
PARAMETRIC_REPRESENTATION_CONTEXT() REPRESENTATION_CONTEXT('2D SPACE',''
  ) );
#12886 = ORIENTED_EDGE('',*,*,#12887,.F.);
#12887 = EDGE_CURVE('',#12888,#12865,#12890,.T.);
#12888 = VERTEX_POINT('',#12889);
#12889 = CARTESIAN_POINT('',(34.274936956251,-20.24822237572,-150.));
#12890 = SURFACE_CURVE('',#12891,(#12895,#12902),.PCURVE_S1.);
#12891 = LINE('',#12892,#12893);
#12892 = CARTESIAN_POINT('',(34.274936956251,-20.24822237572,-150.));
#12893 = VECTOR('',#12894,1.);
#12894 = DIRECTION('',(0.803207530666,0.59569930559,0.));
#12895 = PCURVE('',#11753,#12896);
#12896 = DEFINITIONAL_REPRESENTATION('',(#12897),#12901);
#12897 = LINE('',#12898,#12899);
#12898 = CARTESIAN_POINT('',(34.274936956251,-20.24822237572));
#12899 = VECTOR('',#12900,1.);
#12900 = DIRECTION('',(0.803207530666,0.59569930559));
#12901 = ( GEOMETRIC_REPRESENTATION_CONTEXT(2) 
PARAMETRIC_REPRESENTATION_CONTEXT() REPRESENTATION_CONTEXT('2D SPACE',''
  ) );
#12902 = PCURVE('',#12643,#12903);
#12903 = DEFINITIONAL_REPRESENTATION('',(#12904),#12908);
#12904 = LINE('',#12905,#12906);
#12905 = CARTESIAN_POINT('',(0.499946208658,-0.748222375725));
#12906 = VECTOR('',#12907,1.);
#12907 = DIRECTION('',(0.803207530666,0.59569930559));
#12908 = ( GEOMETRIC_REPRESENTATION_CONTEXT(2) 
PARAMETRIC_REPRESENTATION_CONTEXT() REPRESENTATION_CONTEXT('2D SPACE',''
  ) );
#12909 = ORIENTED_EDGE('',*,*,#12910,.F.);
#12910 = EDGE_CURVE('',#12628,#12888,#12911,.T.);
#12911 = SURFACE_CURVE('',#12912,(#12916,#12923),.PCURVE_S1.);
#12912 = LINE('',#12913,#12914);
#12913 = CARTESIAN_POINT('',(34.195678953015,-20.29572779417,-150.));
#12914 = VECTOR('',#12915,1.);
#12915 = DIRECTION('',(0.857728612378,0.514102740226,0.));
#12916 = PCURVE('',#11753,#12917);
#12917 = DEFINITIONAL_REPRESENTATION('',(#12918),#12922);
#12918 = LINE('',#12919,#12920);
#12919 = CARTESIAN_POINT('',(34.195678953015,-20.29572779417));
#12920 = VECTOR('',#12921,1.);
#12921 = DIRECTION('',(0.857728612378,0.514102740226));
#12922 = ( GEOMETRIC_REPRESENTATION_CONTEXT(2) 
PARAMETRIC_REPRESENTATION_CONTEXT() REPRESENTATION_CONTEXT('2D SPACE',''
  ) );
#12923 = PCURVE('',#12643,#12924);
#12924 = DEFINITIONAL_REPRESENTATION('',(#12925),#12929);
#12925 = LINE('',#12926,#12927);
#12926 = CARTESIAN_POINT('',(0.420688205422,-0.795727794176));
#12927 = VECTOR('',#12928,1.);
#12928 = DIRECTION('',(0.857728612378,0.514102740226));
#12929 = ( GEOMETRIC_REPRESENTATION_CONTEXT(2) 
PARAMETRIC_REPRESENTATION_CONTEXT() REPRESENTATION_CONTEXT('2D SPACE',''
  ) );
#12930 = ADVANCED_FACE('',(#12931),#11724,.F.);
#12931 = FACE_BOUND('',#12932,.F.);
#12932 = EDGE_LOOP('',(#12933,#12934,#12955,#12978));
#12933 = ORIENTED_EDGE('',*,*,#11708,.F.);
#12934 = ORIENTED_EDGE('',*,*,#12935,.T.);
#12935 = EDGE_CURVE('',#11709,#12936,#12938,.T.);
#12936 = VERTEX_POINT('',#12937);
#12937 = CARTESIAN_POINT('',(34.674990748,-19.06411010648,-135.));
#12938 = SURFACE_CURVE('',#12939,(#12943,#12949),.PCURVE_S1.);
#12939 = LINE('',#12940,#12941);
#12940 = CARTESIAN_POINT('',(34.674990748,-19.06411010648,-150.));
#12941 = VECTOR('',#12942,1.);
#12942 = DIRECTION('',(0.,0.,1.));
#12943 = PCURVE('',#11724,#12944);
#12944 = DEFINITIONAL_REPRESENTATION('',(#12945),#12948);
#12945 = B_SPLINE_CURVE_WITH_KNOTS('',1,(#12946,#12947),.UNSPECIFIED.,
  .F.,.F.,(2,2),(-5.999999928008E-07,16.5),.PIECEWISE_BEZIER_KNOTS.);
#12946 = CARTESIAN_POINT('',(0.433435030952,5.999999928008E-07));
#12947 = CARTESIAN_POINT('',(0.433435030952,-16.5));
#12948 = ( GEOMETRIC_REPRESENTATION_CONTEXT(2) 
PARAMETRIC_REPRESENTATION_CONTEXT() REPRESENTATION_CONTEXT('2D SPACE',''
  ) );
#12949 = PCURVE('',#12613,#12950);
#12950 = DEFINITIONAL_REPRESENTATION('',(#12951),#12954);
#12951 = B_SPLINE_CURVE_WITH_KNOTS('',1,(#12952,#12953),.UNSPECIFIED.,
  .F.,.F.,(2,2),(-5.999999928008E-07,16.5),.PIECEWISE_BEZIER_KNOTS.);
#12952 = CARTESIAN_POINT('',(0.451026810863,-5.999999928008E-07));
#12953 = CARTESIAN_POINT('',(0.451026810863,16.5));
#12954 = ( GEOMETRIC_REPRESENTATION_CONTEXT(2) 
PARAMETRIC_REPRESENTATION_CONTEXT() REPRESENTATION_CONTEXT('2D SPACE',''
  ) );
#12955 = ORIENTED_EDGE('',*,*,#12956,.T.);
#12956 = EDGE_CURVE('',#12936,#12957,#12959,.T.);
#12957 = VERTEX_POINT('',#12958);
#12958 = CARTESIAN_POINT('',(34.674990748,19.064110106486,-135.));
#12959 = SURFACE_CURVE('',#12960,(#12964,#12971),.PCURVE_S1.);
#12960 = LINE('',#12961,#12962);
#12961 = CARTESIAN_POINT('',(34.674990748,-19.49754513743,-135.));
#12962 = VECTOR('',#12963,1.);
#12963 = DIRECTION('',(0.,1.,0.));
#12964 = PCURVE('',#11724,#12965);
#12965 = DEFINITIONAL_REPRESENTATION('',(#12966),#12970);
#12966 = LINE('',#12967,#12968);
#12967 = CARTESIAN_POINT('',(0.,-15.));
#12968 = VECTOR('',#12969,1.);
#12969 = DIRECTION('',(1.,0.));
#12970 = ( GEOMETRIC_REPRESENTATION_CONTEXT(2) 
PARAMETRIC_REPRESENTATION_CONTEXT() REPRESENTATION_CONTEXT('2D SPACE',''
  ) );
#12971 = PCURVE('',#12228,#12972);
#12972 = DEFINITIONAL_REPRESENTATION('',(#12973),#12977);
#12973 = LINE('',#12974,#12975);
#12974 = CARTESIAN_POINT('',(34.674990748,-20.18826424005));
#12975 = VECTOR('',#12976,1.);
#12976 = DIRECTION('',(0.,1.));
#12977 = ( GEOMETRIC_REPRESENTATION_CONTEXT(2) 
PARAMETRIC_REPRESENTATION_CONTEXT() REPRESENTATION_CONTEXT('2D SPACE',''
  ) );
#12978 = ORIENTED_EDGE('',*,*,#12979,.F.);
#12979 = EDGE_CURVE('',#11685,#12957,#12980,.T.);
#12980 = SURFACE_CURVE('',#12981,(#12985,#12991),.PCURVE_S1.);
#12981 = LINE('',#12982,#12983);
#12982 = CARTESIAN_POINT('',(34.674990748,19.064110106486,-150.));
#12983 = VECTOR('',#12984,1.);
#12984 = DIRECTION('',(0.,0.,1.));
#12985 = PCURVE('',#11724,#12986);
#12986 = DEFINITIONAL_REPRESENTATION('',(#12987),#12990);
#12987 = B_SPLINE_CURVE_WITH_KNOTS('',1,(#12988,#12989),.UNSPECIFIED.,
  .F.,.F.,(2,2),(-5.999999928008E-07,16.5),.PIECEWISE_BEZIER_KNOTS.);
#12988 = CARTESIAN_POINT('',(38.561655243925,5.999999928008E-07));
#12989 = CARTESIAN_POINT('',(38.561655243925,-16.5));
#12990 = ( GEOMETRIC_REPRESENTATION_CONTEXT(2) 
PARAMETRIC_REPRESENTATION_CONTEXT() REPRESENTATION_CONTEXT('2D SPACE',''
  ) );
#12991 = PCURVE('',#12992,#12997);
#12992 = CYLINDRICAL_SURFACE('',#12993,1.);
#12993 = AXIS2_PLACEMENT_3D('',#12994,#12995,#12996);
#12994 = CARTESIAN_POINT('',(33.774990747593,19.5,-150.));
#12995 = DIRECTION('',(0.,0.,1.));
#12996 = DIRECTION('',(1.,0.,-0.));
#12997 = DEFINITIONAL_REPRESENTATION('',(#12998),#13001);
#12998 = B_SPLINE_CURVE_WITH_KNOTS('',1,(#12999,#13000),.UNSPECIFIED.,
  .F.,.F.,(2,2),(-5.999999928008E-07,16.5),.PIECEWISE_BEZIER_KNOTS.);
#12999 = CARTESIAN_POINT('',(5.832158496317,-5.999999928008E-07));
#13000 = CARTESIAN_POINT('',(5.832158496317,16.5));
#13001 = ( GEOMETRIC_REPRESENTATION_CONTEXT(2) 
PARAMETRIC_REPRESENTATION_CONTEXT() REPRESENTATION_CONTEXT('2D SPACE',''
  ) );
#13002 = ADVANCED_FACE('',(#13003),#11672,.T.);
#13003 = FACE_BOUND('',#13004,.T.);
#13004 = EDGE_LOOP('',(#13005,#13006,#13034,#13057,#13080,#13103,#13126,
    #13149,#13172,#13195,#13218,#13241,#13264,#13285));
#13005 = ORIENTED_EDGE('',*,*,#11655,.T.);
#13006 = ORIENTED_EDGE('',*,*,#13007,.F.);
#13007 = EDGE_CURVE('',#13008,#11628,#13010,.T.);
#13008 = VERTEX_POINT('',#13009);
#13009 = CARTESIAN_POINT('',(34.272247314161,20.250217150257,-150.));
#13010 = SURFACE_CURVE('',#13011,(#13015,#13022),.PCURVE_S1.);
#13011 = LINE('',#13012,#13013);
#13012 = CARTESIAN_POINT('',(34.272247314161,20.250217150257,-150.));
#13013 = VECTOR('',#13014,1.);
#13014 = DIRECTION('',(-0.821444268946,0.570288797905,0.));
#13015 = PCURVE('',#11672,#13016);
#13016 = DEFINITIONAL_REPRESENTATION('',(#13017),#13021);
#13017 = LINE('',#13018,#13019);
#13018 = CARTESIAN_POINT('',(34.272247314161,20.250217150257));
#13019 = VECTOR('',#13020,1.);
#13020 = DIRECTION('',(-0.821444268946,0.570288797905));
#13021 = ( GEOMETRIC_REPRESENTATION_CONTEXT(2) 
PARAMETRIC_REPRESENTATION_CONTEXT() REPRESENTATION_CONTEXT('2D SPACE',''
  ) );
#13022 = PCURVE('',#13023,#13028);
#13023 = PLANE('',#13024);
#13024 = AXIS2_PLACEMENT_3D('',#13025,#13026,#13027);
#13025 = CARTESIAN_POINT('',(33.774990747593,19.5,-150.));
#13026 = DIRECTION('',(0.,0.,1.));
#13027 = DIRECTION('',(1.,0.,-0.));
#13028 = DEFINITIONAL_REPRESENTATION('',(#13029),#13033);
#13029 = LINE('',#13030,#13031);
#13030 = CARTESIAN_POINT('',(0.497256566568,0.750217150257));
#13031 = VECTOR('',#13032,1.);
#13032 = DIRECTION('',(-0.821444268946,0.570288797905));
#13033 = ( GEOMETRIC_REPRESENTATION_CONTEXT(2) 
PARAMETRIC_REPRESENTATION_CONTEXT() REPRESENTATION_CONTEXT('2D SPACE',''
  ) );
#13034 = ORIENTED_EDGE('',*,*,#13035,.F.);
#13035 = EDGE_CURVE('',#13036,#13008,#13038,.T.);
#13036 = VERTEX_POINT('',#13037);
#13037 = CARTESIAN_POINT('',(34.345868195974,20.195616182887,-150.));
#13038 = SURFACE_CURVE('',#13039,(#13043,#13050),.PCURVE_S1.);
#13039 = LINE('',#13040,#13041);
#13040 = CARTESIAN_POINT('',(34.345868195974,20.195616182887,-150.));
#13041 = VECTOR('',#13042,1.);
#13042 = DIRECTION('',(-0.803207530666,0.59569930559,0.));
#13043 = PCURVE('',#11672,#13044);
#13044 = DEFINITIONAL_REPRESENTATION('',(#13045),#13049);
#13045 = LINE('',#13046,#13047);
#13046 = CARTESIAN_POINT('',(34.345868195974,20.195616182887));
#13047 = VECTOR('',#13048,1.);
#13048 = DIRECTION('',(-0.803207530666,0.59569930559));
#13049 = ( GEOMETRIC_REPRESENTATION_CONTEXT(2) 
PARAMETRIC_REPRESENTATION_CONTEXT() REPRESENTATION_CONTEXT('2D SPACE',''
  ) );
#13050 = PCURVE('',#13023,#13051);
#13051 = DEFINITIONAL_REPRESENTATION('',(#13052),#13056);
#13052 = LINE('',#13053,#13054);
#13053 = CARTESIAN_POINT('',(0.570877448381,0.695616182887));
#13054 = VECTOR('',#13055,1.);
#13055 = DIRECTION('',(-0.803207530666,0.59569930559));
#13056 = ( GEOMETRIC_REPRESENTATION_CONTEXT(2) 
PARAMETRIC_REPRESENTATION_CONTEXT() REPRESENTATION_CONTEXT('2D SPACE',''
  ) );
#13057 = ORIENTED_EDGE('',*,*,#13058,.F.);
#13058 = EDGE_CURVE('',#13059,#13036,#13061,.T.);
#13059 = VERTEX_POINT('',#13060);
#13060 = CARTESIAN_POINT('',(34.411301574049,20.136310826049,-150.));
#13061 = SURFACE_CURVE('',#13062,(#13066,#13073),.PCURVE_S1.);
#13062 = LINE('',#13063,#13064);
#13063 = CARTESIAN_POINT('',(34.411301574049,20.136310826049,-150.));
#13064 = VECTOR('',#13065,1.);
#13065 = DIRECTION('',(-0.740951126143,0.671558953977,0.));
#13066 = PCURVE('',#11672,#13067);
#13067 = DEFINITIONAL_REPRESENTATION('',(#13068),#13072);
#13068 = LINE('',#13069,#13070);
#13069 = CARTESIAN_POINT('',(34.411301574049,20.136310826049));
#13070 = VECTOR('',#13071,1.);
#13071 = DIRECTION('',(-0.740951126143,0.671558953977));
#13072 = ( GEOMETRIC_REPRESENTATION_CONTEXT(2) 
PARAMETRIC_REPRESENTATION_CONTEXT() REPRESENTATION_CONTEXT('2D SPACE',''
  ) );
#13073 = PCURVE('',#13023,#13074);
#13074 = DEFINITIONAL_REPRESENTATION('',(#13075),#13079);
#13075 = LINE('',#13076,#13077);
#13076 = CARTESIAN_POINT('',(0.636310826456,0.636310826049));
#13077 = VECTOR('',#13078,1.);
#13078 = DIRECTION('',(-0.740951126143,0.671558953977));
#13079 = ( GEOMETRIC_REPRESENTATION_CONTEXT(2) 
PARAMETRIC_REPRESENTATION_CONTEXT() REPRESENTATION_CONTEXT('2D SPACE',''
  ) );
#13080 = ORIENTED_EDGE('',*,*,#13081,.F.);
#13081 = EDGE_CURVE('',#13082,#13059,#13084,.T.);
#13082 = VERTEX_POINT('',#13083);
#13083 = CARTESIAN_POINT('',(34.470606930887,20.070877447974,-150.));
#13084 = SURFACE_CURVE('',#13085,(#13089,#13096),.PCURVE_S1.);
#13085 = LINE('',#13086,#13087);
#13086 = CARTESIAN_POINT('',(34.470606930887,20.070877447974,-150.));
#13087 = VECTOR('',#13088,1.);
#13088 = DIRECTION('',(-0.671558953977,0.740951126143,0.));
#13089 = PCURVE('',#11672,#13090);
#13090 = DEFINITIONAL_REPRESENTATION('',(#13091),#13095);
#13091 = LINE('',#13092,#13093);
#13092 = CARTESIAN_POINT('',(34.470606930887,20.070877447974));
#13093 = VECTOR('',#13094,1.);
#13094 = DIRECTION('',(-0.671558953977,0.740951126143));
#13095 = ( GEOMETRIC_REPRESENTATION_CONTEXT(2) 
PARAMETRIC_REPRESENTATION_CONTEXT() REPRESENTATION_CONTEXT('2D SPACE',''
  ) );
#13096 = PCURVE('',#13023,#13097);
#13097 = DEFINITIONAL_REPRESENTATION('',(#13098),#13102);
#13098 = LINE('',#13099,#13100);
#13099 = CARTESIAN_POINT('',(0.695616183294,0.570877447974));
#13100 = VECTOR('',#13101,1.);
#13101 = DIRECTION('',(-0.671558953977,0.740951126143));
#13102 = ( GEOMETRIC_REPRESENTATION_CONTEXT(2) 
PARAMETRIC_REPRESENTATION_CONTEXT() REPRESENTATION_CONTEXT('2D SPACE',''
  ) );
#13103 = ORIENTED_EDGE('',*,*,#13104,.F.);
#13104 = EDGE_CURVE('',#13105,#13082,#13107,.T.);
#13105 = VERTEX_POINT('',#13106);
#13106 = CARTESIAN_POINT('',(34.523213123882,19.999946208041,-150.));
#13107 = SURFACE_CURVE('',#13108,(#13112,#13119),.PCURVE_S1.);
#13108 = LINE('',#13109,#13110);
#13109 = CARTESIAN_POINT('',(34.523213123882,19.999946208041,-150.));
#13110 = VECTOR('',#13111,1.);
#13111 = DIRECTION('',(-0.59569930559,0.803207530666,0.));
#13112 = PCURVE('',#11672,#13113);
#13113 = DEFINITIONAL_REPRESENTATION('',(#13114),#13118);
#13114 = LINE('',#13115,#13116);
#13115 = CARTESIAN_POINT('',(34.523213123882,19.999946208041));
#13116 = VECTOR('',#13117,1.);
#13117 = DIRECTION('',(-0.59569930559,0.803207530666));
#13118 = ( GEOMETRIC_REPRESENTATION_CONTEXT(2) 
PARAMETRIC_REPRESENTATION_CONTEXT() REPRESENTATION_CONTEXT('2D SPACE',''
  ) );
#13119 = PCURVE('',#13023,#13120);
#13120 = DEFINITIONAL_REPRESENTATION('',(#13121),#13125);
#13121 = LINE('',#13122,#13123);
#13122 = CARTESIAN_POINT('',(0.748222376288,0.499946208041));
#13123 = VECTOR('',#13124,1.);
#13124 = DIRECTION('',(-0.59569930559,0.803207530666));
#13125 = ( GEOMETRIC_REPRESENTATION_CONTEXT(2) 
PARAMETRIC_REPRESENTATION_CONTEXT() REPRESENTATION_CONTEXT('2D SPACE',''
  ) );
#13126 = ORIENTED_EDGE('',*,*,#13127,.F.);
#13127 = EDGE_CURVE('',#13128,#13105,#13130,.T.);
#13128 = VERTEX_POINT('',#13129);
#13129 = CARTESIAN_POINT('',(34.568613526086,19.924200213175,-150.));
#13130 = SURFACE_CURVE('',#13131,(#13135,#13142),.PCURVE_S1.);
#13131 = LINE('',#13132,#13133);
#13132 = CARTESIAN_POINT('',(34.568613526086,19.924200213175,-150.));
#13133 = VECTOR('',#13134,1.);
#13134 = DIRECTION('',(-0.51410274472,0.857728609685,0.));
#13135 = PCURVE('',#11672,#13136);
#13136 = DEFINITIONAL_REPRESENTATION('',(#13137),#13141);
#13137 = LINE('',#13138,#13139);
#13138 = CARTESIAN_POINT('',(34.568613526086,19.924200213175));
#13139 = VECTOR('',#13140,1.);
#13140 = DIRECTION('',(-0.51410274472,0.857728609685));
#13141 = ( GEOMETRIC_REPRESENTATION_CONTEXT(2) 
PARAMETRIC_REPRESENTATION_CONTEXT() REPRESENTATION_CONTEXT('2D SPACE',''
  ) );
#13142 = PCURVE('',#13023,#13143);
#13143 = DEFINITIONAL_REPRESENTATION('',(#13144),#13148);
#13144 = LINE('',#13145,#13146);
#13145 = CARTESIAN_POINT('',(0.793622778493,0.424200213175));
#13146 = VECTOR('',#13147,1.);
#13147 = DIRECTION('',(-0.51410274472,0.857728609685));
#13148 = ( GEOMETRIC_REPRESENTATION_CONTEXT(2) 
PARAMETRIC_REPRESENTATION_CONTEXT() REPRESENTATION_CONTEXT('2D SPACE',''
  ) );
#13149 = ORIENTED_EDGE('',*,*,#13150,.F.);
#13150 = EDGE_CURVE('',#13151,#13128,#13153,.T.);
#13151 = VERTEX_POINT('',#13152);
#13152 = CARTESIAN_POINT('',(34.606370907101,19.844368937537,-150.));
#13153 = SURFACE_CURVE('',#13154,(#13158,#13165),.PCURVE_S1.);
#13154 = LINE('',#13155,#13156);
#13155 = CARTESIAN_POINT('',(34.606370907101,19.844368937537,-150.));
#13156 = VECTOR('',#13157,1.);
#13157 = DIRECTION('',(-0.42755508995,0.903989294769,0.));
#13158 = PCURVE('',#11672,#13159);
#13159 = DEFINITIONAL_REPRESENTATION('',(#13160),#13164);
#13160 = LINE('',#13161,#13162);
#13161 = CARTESIAN_POINT('',(34.606370907101,19.844368937537));
#13162 = VECTOR('',#13163,1.);
#13163 = DIRECTION('',(-0.42755508995,0.903989294769));
#13164 = ( GEOMETRIC_REPRESENTATION_CONTEXT(2) 
PARAMETRIC_REPRESENTATION_CONTEXT() REPRESENTATION_CONTEXT('2D SPACE',''
  ) );
#13165 = PCURVE('',#13023,#13166);
#13166 = DEFINITIONAL_REPRESENTATION('',(#13167),#13171);
#13167 = LINE('',#13168,#13169);
#13168 = CARTESIAN_POINT('',(0.831380159508,0.344368937537));
#13169 = VECTOR('',#13170,1.);
#13170 = DIRECTION('',(-0.42755508995,0.903989294769));
#13171 = ( GEOMETRIC_REPRESENTATION_CONTEXT(2) 
PARAMETRIC_REPRESENTATION_CONTEXT() REPRESENTATION_CONTEXT('2D SPACE',''
  ) );
#13172 = ORIENTED_EDGE('',*,*,#13173,.F.);
#13173 = EDGE_CURVE('',#13174,#13151,#13176,.T.);
#13174 = VERTEX_POINT('',#13175);
#13175 = CARTESIAN_POINT('',(34.636121642804,19.761221200948,-150.));
#13176 = SURFACE_CURVE('',#13177,(#13181,#13188),.PCURVE_S1.);
#13177 = LINE('',#13178,#13179);
#13178 = CARTESIAN_POINT('',(34.636121642804,19.761221200948,-150.));
#13179 = VECTOR('',#13180,1.);
#13180 = DIRECTION('',(-0.336889851754,0.941544065769,0.));
#13181 = PCURVE('',#11672,#13182);
#13182 = DEFINITIONAL_REPRESENTATION('',(#13183),#13187);
#13183 = LINE('',#13184,#13185);
#13184 = CARTESIAN_POINT('',(34.636121642804,19.761221200948));
#13185 = VECTOR('',#13186,1.);
#13186 = DIRECTION('',(-0.336889851754,0.941544065769));
#13187 = ( GEOMETRIC_REPRESENTATION_CONTEXT(2) 
PARAMETRIC_REPRESENTATION_CONTEXT() REPRESENTATION_CONTEXT('2D SPACE',''
  ) );
#13188 = PCURVE('',#13023,#13189);
#13189 = DEFINITIONAL_REPRESENTATION('',(#13190),#13194);
#13190 = LINE('',#13191,#13192);
#13191 = CARTESIAN_POINT('',(0.861130895211,0.261221200948));
#13192 = VECTOR('',#13193,1.);
#13193 = DIRECTION('',(-0.336889851754,0.941544065769));
#13194 = ( GEOMETRIC_REPRESENTATION_CONTEXT(2) 
PARAMETRIC_REPRESENTATION_CONTEXT() REPRESENTATION_CONTEXT('2D SPACE',''
  ) );
#13195 = ORIENTED_EDGE('',*,*,#13196,.F.);
#13196 = EDGE_CURVE('',#13197,#13174,#13199,.T.);
#13197 = VERTEX_POINT('',#13198);
#13198 = CARTESIAN_POINT('',(34.657579217591,19.675557761939,-150.));
#13199 = SURFACE_CURVE('',#13200,(#13204,#13211),.PCURVE_S1.);
#13200 = LINE('',#13201,#13202);
#13201 = CARTESIAN_POINT('',(34.657579217591,19.675557761939,-150.));
#13202 = VECTOR('',#13203,1.);
#13203 = DIRECTION('',(-0.24298018363,0.970031252261,0.));
#13204 = PCURVE('',#11672,#13205);
#13205 = DEFINITIONAL_REPRESENTATION('',(#13206),#13210);
#13206 = LINE('',#13207,#13208);
#13207 = CARTESIAN_POINT('',(34.657579217591,19.675557761939));
#13208 = VECTOR('',#13209,1.);
#13209 = DIRECTION('',(-0.24298018363,0.970031252261));
#13210 = ( GEOMETRIC_REPRESENTATION_CONTEXT(2) 
PARAMETRIC_REPRESENTATION_CONTEXT() REPRESENTATION_CONTEXT('2D SPACE',''
  ) );
#13211 = PCURVE('',#13023,#13212);
#13212 = DEFINITIONAL_REPRESENTATION('',(#13213),#13217);
#13213 = LINE('',#13214,#13215);
#13214 = CARTESIAN_POINT('',(0.882588469997,0.175557761939));
#13215 = VECTOR('',#13216,1.);
#13216 = DIRECTION('',(-0.24298018363,0.970031252261));
#13217 = ( GEOMETRIC_REPRESENTATION_CONTEXT(2) 
PARAMETRIC_REPRESENTATION_CONTEXT() REPRESENTATION_CONTEXT('2D SPACE',''
  ) );
#13218 = ORIENTED_EDGE('',*,*,#13219,.F.);
#13219 = EDGE_CURVE('',#13220,#13197,#13222,.T.);
#13220 = VERTEX_POINT('',#13221);
#13221 = CARTESIAN_POINT('',(34.67053698245,19.588203604946,-150.));
#13222 = SURFACE_CURVE('',#13223,(#13227,#13234),.PCURVE_S1.);
#13223 = LINE('',#13224,#13225);
#13224 = CARTESIAN_POINT('',(34.67053698245,19.588203604946,-150.));
#13225 = VECTOR('',#13226,1.);
#13226 = DIRECTION('',(-0.14673047131,0.989176510431,0.));
#13227 = PCURVE('',#11672,#13228);
#13228 = DEFINITIONAL_REPRESENTATION('',(#13229),#13233);
#13229 = LINE('',#13230,#13231);
#13230 = CARTESIAN_POINT('',(34.67053698245,19.588203604946));
#13231 = VECTOR('',#13232,1.);
#13232 = DIRECTION('',(-0.14673047131,0.989176510431));
#13233 = ( GEOMETRIC_REPRESENTATION_CONTEXT(2) 
PARAMETRIC_REPRESENTATION_CONTEXT() REPRESENTATION_CONTEXT('2D SPACE',''
  ) );
#13234 = PCURVE('',#13023,#13235);
#13235 = DEFINITIONAL_REPRESENTATION('',(#13236),#13240);
#13236 = LINE('',#13237,#13238);
#13237 = CARTESIAN_POINT('',(0.895546234857,8.820360494637E-02));
#13238 = VECTOR('',#13239,1.);
#13239 = DIRECTION('',(-0.14673047131,0.989176510431));
#13240 = ( GEOMETRIC_REPRESENTATION_CONTEXT(2) 
PARAMETRIC_REPRESENTATION_CONTEXT() REPRESENTATION_CONTEXT('2D SPACE',''
  ) );
#13241 = ORIENTED_EDGE('',*,*,#13242,.F.);
#13242 = EDGE_CURVE('',#13243,#13220,#13245,.T.);
#13243 = VERTEX_POINT('',#13244);
#13244 = CARTESIAN_POINT('',(34.674990748,19.497545137439,-150.));
#13245 = SURFACE_CURVE('',#13246,(#13250,#13257),.PCURVE_S1.);
#13246 = LINE('',#13247,#13248);
#13247 = CARTESIAN_POINT('',(34.674990748,19.497545137439,-150.));
#13248 = VECTOR('',#13249,1.);
#13249 = DIRECTION('',(-4.906768132518E-02,0.998795455861,0.));
#13250 = PCURVE('',#11672,#13251);
#13251 = DEFINITIONAL_REPRESENTATION('',(#13252),#13256);
#13252 = LINE('',#13253,#13254);
#13253 = CARTESIAN_POINT('',(34.674990748,19.497545137439));
#13254 = VECTOR('',#13255,1.);
#13255 = DIRECTION('',(-4.906768132518E-02,0.998795455861));
#13256 = ( GEOMETRIC_REPRESENTATION_CONTEXT(2) 
PARAMETRIC_REPRESENTATION_CONTEXT() REPRESENTATION_CONTEXT('2D SPACE',''
  ) );
#13257 = PCURVE('',#13023,#13258);
#13258 = DEFINITIONAL_REPRESENTATION('',(#13259),#13263);
#13259 = LINE('',#13260,#13261);
#13260 = CARTESIAN_POINT('',(0.900000000407,-2.454862561386E-03));
#13261 = VECTOR('',#13262,1.);
#13262 = DIRECTION('',(-4.906768132518E-02,0.998795455861));
#13263 = ( GEOMETRIC_REPRESENTATION_CONTEXT(2) 
PARAMETRIC_REPRESENTATION_CONTEXT() REPRESENTATION_CONTEXT('2D SPACE',''
  ) );
#13264 = ORIENTED_EDGE('',*,*,#13265,.F.);
#13265 = EDGE_CURVE('',#11685,#13243,#13266,.T.);
#13266 = SURFACE_CURVE('',#13267,(#13271,#13278),.PCURVE_S1.);
#13267 = LINE('',#13268,#13269);
#13268 = CARTESIAN_POINT('',(34.674990748,-19.49754513743,-150.));
#13269 = VECTOR('',#13270,1.);
#13270 = DIRECTION('',(0.,1.,0.));
#13271 = PCURVE('',#11672,#13272);
#13272 = DEFINITIONAL_REPRESENTATION('',(#13273),#13277);
#13273 = LINE('',#13274,#13275);
#13274 = CARTESIAN_POINT('',(34.674990748,-19.49754513743));
#13275 = VECTOR('',#13276,1.);
#13276 = DIRECTION('',(0.,1.));
#13277 = ( GEOMETRIC_REPRESENTATION_CONTEXT(2) 
PARAMETRIC_REPRESENTATION_CONTEXT() REPRESENTATION_CONTEXT('2D SPACE',''
  ) );
#13278 = PCURVE('',#13023,#13279);
#13279 = DEFINITIONAL_REPRESENTATION('',(#13280),#13284);
#13280 = LINE('',#13281,#13282);
#13281 = CARTESIAN_POINT('',(0.900000000407,-38.99754513743));
#13282 = VECTOR('',#13283,1.);
#13283 = DIRECTION('',(0.,1.));
#13284 = ( GEOMETRIC_REPRESENTATION_CONTEXT(2) 
PARAMETRIC_REPRESENTATION_CONTEXT() REPRESENTATION_CONTEXT('2D SPACE',''
  ) );
#13285 = ORIENTED_EDGE('',*,*,#11684,.T.);
#13286 = ADVANCED_FACE('',(#13287),#11643,.F.);
#13287 = FACE_BOUND('',#13288,.F.);
#13288 = EDGE_LOOP('',(#13289,#13290,#13311,#13334));
#13289 = ORIENTED_EDGE('',*,*,#11627,.F.);
#13290 = ORIENTED_EDGE('',*,*,#13291,.T.);
#13291 = EDGE_CURVE('',#11628,#13292,#13294,.T.);
#13292 = VERTEX_POINT('',#13293);
#13293 = CARTESIAN_POINT('',(33.929832153954,20.487939339674,-135.));
#13294 = SURFACE_CURVE('',#13295,(#13299,#13305),.PCURVE_S1.);
#13295 = LINE('',#13296,#13297);
#13296 = CARTESIAN_POINT('',(33.929832153954,20.487939339674,-150.));
#13297 = VECTOR('',#13298,1.);
#13298 = DIRECTION('',(0.,0.,1.));
#13299 = PCURVE('',#11643,#13300);
#13300 = DEFINITIONAL_REPRESENTATION('',(#13301),#13304);
#13301 = B_SPLINE_CURVE_WITH_KNOTS('',1,(#13302,#13303),.UNSPECIFIED.,
  .F.,.F.,(2,2),(-5.999999928008E-07,16.5),.PIECEWISE_BEZIER_KNOTS.);
#13302 = CARTESIAN_POINT('',(0.41684527259,5.999999928008E-07));
#13303 = CARTESIAN_POINT('',(0.41684527259,-16.5));
#13304 = ( GEOMETRIC_REPRESENTATION_CONTEXT(2) 
PARAMETRIC_REPRESENTATION_CONTEXT() REPRESENTATION_CONTEXT('2D SPACE',''
  ) );
#13305 = PCURVE('',#12992,#13306);
#13306 = DEFINITIONAL_REPRESENTATION('',(#13307),#13310);
#13307 = B_SPLINE_CURVE_WITH_KNOTS('',1,(#13308,#13309),.UNSPECIFIED.,
  .F.,.F.,(2,2),(-5.999999928008E-07,16.5),.PIECEWISE_BEZIER_KNOTS.);
#13308 = CARTESIAN_POINT('',(1.415329405204,-5.999999928008E-07));
#13309 = CARTESIAN_POINT('',(1.415329405204,16.5));
#13310 = ( GEOMETRIC_REPRESENTATION_CONTEXT(2) 
PARAMETRIC_REPRESENTATION_CONTEXT() REPRESENTATION_CONTEXT('2D SPACE',''
  ) );
#13311 = ORIENTED_EDGE('',*,*,#13312,.T.);
#13312 = EDGE_CURVE('',#13292,#13313,#13315,.T.);
#13313 = VERTEX_POINT('',#13314);
#13314 = CARTESIAN_POINT('',(6.,39.878263195958,-135.));
#13315 = SURFACE_CURVE('',#13316,(#13320,#13327),.PCURVE_S1.);
#13316 = LINE('',#13317,#13318);
#13317 = CARTESIAN_POINT('',(34.272247314161,20.250217150257,-135.));
#13318 = VECTOR('',#13319,1.);
#13319 = DIRECTION('',(-0.821444268946,0.570288797905,0.));
#13320 = PCURVE('',#11643,#13321);
#13321 = DEFINITIONAL_REPRESENTATION('',(#13322),#13326);
#13322 = LINE('',#13323,#13324);
#13323 = CARTESIAN_POINT('',(0.,-15.));
#13324 = VECTOR('',#13325,1.);
#13325 = DIRECTION('',(1.,0.));
#13326 = ( GEOMETRIC_REPRESENTATION_CONTEXT(2) 
PARAMETRIC_REPRESENTATION_CONTEXT() REPRESENTATION_CONTEXT('2D SPACE',''
  ) );
#13327 = PCURVE('',#12228,#13328);
#13328 = DEFINITIONAL_REPRESENTATION('',(#13329),#13333);
#13329 = LINE('',#13330,#13331);
#13330 = CARTESIAN_POINT('',(34.272247314161,19.559498047643));
#13331 = VECTOR('',#13332,1.);
#13332 = DIRECTION('',(-0.821444268946,0.570288797905));
#13333 = ( GEOMETRIC_REPRESENTATION_CONTEXT(2) 
PARAMETRIC_REPRESENTATION_CONTEXT() REPRESENTATION_CONTEXT('2D SPACE',''
  ) );
#13334 = ORIENTED_EDGE('',*,*,#13335,.F.);
#13335 = EDGE_CURVE('',#11605,#13313,#13336,.T.);
#13336 = SURFACE_CURVE('',#13337,(#13341,#13347),.PCURVE_S1.);
#13337 = LINE('',#13338,#13339);
#13338 = CARTESIAN_POINT('',(6.,39.878263195958,-150.));
#13339 = VECTOR('',#13340,1.);
#13340 = DIRECTION('',(0.,0.,1.));
#13341 = PCURVE('',#11643,#13342);
#13342 = DEFINITIONAL_REPRESENTATION('',(#13343),#13346);
#13343 = B_SPLINE_CURVE_WITH_KNOTS('',1,(#13344,#13345),.UNSPECIFIED.,
  .F.,.F.,(2,2),(0.,15.),.PIECEWISE_BEZIER_KNOTS.);
#13344 = CARTESIAN_POINT('',(34.417730311066,0.));
#13345 = CARTESIAN_POINT('',(34.417730311066,-15.));
#13346 = ( GEOMETRIC_REPRESENTATION_CONTEXT(2) 
PARAMETRIC_REPRESENTATION_CONTEXT() REPRESENTATION_CONTEXT('2D SPACE',''
  ) );
#13347 = PCURVE('',#13348,#13353);
#13348 = PLANE('',#13349);
#13349 = AXIS2_PLACEMENT_3D('',#13350,#13351,#13352);
#13350 = CARTESIAN_POINT('',(6.,40.,-150.));
#13351 = DIRECTION('',(1.,0.,-0.));
#13352 = DIRECTION('',(0.,-1.,0.));
#13353 = DEFINITIONAL_REPRESENTATION('',(#13354),#13357);
#13354 = B_SPLINE_CURVE_WITH_KNOTS('',1,(#13355,#13356),.UNSPECIFIED.,
  .F.,.F.,(2,2),(0.,15.),.PIECEWISE_BEZIER_KNOTS.);
#13355 = CARTESIAN_POINT('',(0.121736804042,0.));
#13356 = CARTESIAN_POINT('',(0.121736804042,-15.));
#13357 = ( GEOMETRIC_REPRESENTATION_CONTEXT(2) 
PARAMETRIC_REPRESENTATION_CONTEXT() REPRESENTATION_CONTEXT('2D SPACE',''
  ) );
#13358 = ADVANCED_FACE('',(#13359),#11569,.T.);
#13359 = FACE_BOUND('',#13360,.T.);
#13360 = EDGE_LOOP('',(#13361,#13362,#13390,#13413,#13434,#13435));
#13361 = ORIENTED_EDGE('',*,*,#11553,.F.);
#13362 = ORIENTED_EDGE('',*,*,#13363,.F.);
#13363 = EDGE_CURVE('',#13364,#11526,#13366,.T.);
#13364 = VERTEX_POINT('',#13365);
#13365 = CARTESIAN_POINT('',(-5.968690296616,39.9,-150.));
#13366 = SURFACE_CURVE('',#13367,(#13371,#13378),.PCURVE_S1.);
#13367 = LINE('',#13368,#13369);
#13368 = CARTESIAN_POINT('',(-5.968690296616,39.9,-150.));
#13369 = VECTOR('',#13370,1.);
#13370 = DIRECTION('',(-0.821444268946,-0.570288797905,0.));
#13371 = PCURVE('',#11569,#13372);
#13372 = DEFINITIONAL_REPRESENTATION('',(#13373),#13377);
#13373 = LINE('',#13374,#13375);
#13374 = CARTESIAN_POINT('',(-5.968690296616,39.9));
#13375 = VECTOR('',#13376,1.);
#13376 = DIRECTION('',(-0.821444268946,-0.570288797905));
#13377 = ( GEOMETRIC_REPRESENTATION_CONTEXT(2) 
PARAMETRIC_REPRESENTATION_CONTEXT() REPRESENTATION_CONTEXT('2D SPACE',''
  ) );
#13378 = PCURVE('',#13379,#13384);
#13379 = PLANE('',#13380);
#13380 = AXIS2_PLACEMENT_3D('',#13381,#13382,#13383);
#13381 = CARTESIAN_POINT('',(2.236893797763E-15,39.25,-150.));
#13382 = DIRECTION('',(-0.,-0.,-1.));
#13383 = DIRECTION('',(-1.,0.,0.));
#13384 = DEFINITIONAL_REPRESENTATION('',(#13385),#13389);
#13385 = LINE('',#13386,#13387);
#13386 = CARTESIAN_POINT('',(5.968690296616,0.65));
#13387 = VECTOR('',#13388,1.);
#13388 = DIRECTION('',(0.821444268946,-0.570288797905));
#13389 = ( GEOMETRIC_REPRESENTATION_CONTEXT(2) 
PARAMETRIC_REPRESENTATION_CONTEXT() REPRESENTATION_CONTEXT('2D SPACE',''
  ) );
#13390 = ORIENTED_EDGE('',*,*,#13391,.F.);
#13391 = EDGE_CURVE('',#13392,#13364,#13394,.T.);
#13392 = VERTEX_POINT('',#13393);
#13393 = CARTESIAN_POINT('',(5.968690296616,39.9,-150.));
#13394 = SURFACE_CURVE('',#13395,(#13399,#13406),.PCURVE_S1.);
#13395 = LINE('',#13396,#13397);
#13396 = CARTESIAN_POINT('',(5.968690296616,39.9,-150.));
#13397 = VECTOR('',#13398,1.);
#13398 = DIRECTION('',(-1.,0.,0.));
#13399 = PCURVE('',#11569,#13400);
#13400 = DEFINITIONAL_REPRESENTATION('',(#13401),#13405);
#13401 = LINE('',#13402,#13403);
#13402 = CARTESIAN_POINT('',(5.968690296616,39.9));
#13403 = VECTOR('',#13404,1.);
#13404 = DIRECTION('',(-1.,0.));
#13405 = ( GEOMETRIC_REPRESENTATION_CONTEXT(2) 
PARAMETRIC_REPRESENTATION_CONTEXT() REPRESENTATION_CONTEXT('2D SPACE',''
  ) );
#13406 = PCURVE('',#13379,#13407);
#13407 = DEFINITIONAL_REPRESENTATION('',(#13408),#13412);
#13408 = LINE('',#13409,#13410);
#13409 = CARTESIAN_POINT('',(-5.968690296616,0.65));
#13410 = VECTOR('',#13411,1.);
#13411 = DIRECTION('',(1.,0.));
#13412 = ( GEOMETRIC_REPRESENTATION_CONTEXT(2) 
PARAMETRIC_REPRESENTATION_CONTEXT() REPRESENTATION_CONTEXT('2D SPACE',''
  ) );
#13413 = ORIENTED_EDGE('',*,*,#13414,.F.);
#13414 = EDGE_CURVE('',#11605,#13392,#13415,.T.);
#13415 = SURFACE_CURVE('',#13416,(#13420,#13427),.PCURVE_S1.);
#13416 = LINE('',#13417,#13418);
#13417 = CARTESIAN_POINT('',(34.272247314161,20.250217150257,-150.));
#13418 = VECTOR('',#13419,1.);
#13419 = DIRECTION('',(-0.821444268946,0.570288797905,0.));
#13420 = PCURVE('',#11569,#13421);
#13421 = DEFINITIONAL_REPRESENTATION('',(#13422),#13426);
#13422 = LINE('',#13423,#13424);
#13423 = CARTESIAN_POINT('',(34.272247314161,20.250217150257));
#13424 = VECTOR('',#13425,1.);
#13425 = DIRECTION('',(-0.821444268946,0.570288797905));
#13426 = ( GEOMETRIC_REPRESENTATION_CONTEXT(2) 
PARAMETRIC_REPRESENTATION_CONTEXT() REPRESENTATION_CONTEXT('2D SPACE',''
  ) );
#13427 = PCURVE('',#13379,#13428);
#13428 = DEFINITIONAL_REPRESENTATION('',(#13429),#13433);
#13429 = LINE('',#13430,#13431);
#13430 = CARTESIAN_POINT('',(-34.27224731416,-18.99978284974));
#13431 = VECTOR('',#13432,1.);
#13432 = DIRECTION('',(0.821444268946,0.570288797905));
#13433 = ( GEOMETRIC_REPRESENTATION_CONTEXT(2) 
PARAMETRIC_REPRESENTATION_CONTEXT() REPRESENTATION_CONTEXT('2D SPACE',''
  ) );
#13434 = ORIENTED_EDGE('',*,*,#11604,.F.);
#13435 = ORIENTED_EDGE('',*,*,#11581,.F.);
#13436 = ADVANCED_FACE('',(#13437),#11541,.F.);
#13437 = FACE_BOUND('',#13438,.F.);
#13438 = EDGE_LOOP('',(#13439,#13440,#13466,#13489));
#13439 = ORIENTED_EDGE('',*,*,#11525,.F.);
#13440 = ORIENTED_EDGE('',*,*,#13441,.F.);
#13441 = EDGE_CURVE('',#13442,#11526,#13444,.T.);
#13442 = VERTEX_POINT('',#13443);
#13443 = CARTESIAN_POINT('',(-6.,39.878263195958,-135.));
#13444 = SURFACE_CURVE('',#13445,(#13449,#13455),.PCURVE_S1.);
#13445 = LINE('',#13446,#13447);
#13446 = CARTESIAN_POINT('',(-6.,39.878263195958,-150.));
#13447 = VECTOR('',#13448,1.);
#13448 = DIRECTION('',(-0.,-0.,-1.));
#13449 = PCURVE('',#11541,#13450);
#13450 = DEFINITIONAL_REPRESENTATION('',(#13451),#13454);
#13451 = B_SPLINE_CURVE_WITH_KNOTS('',1,(#13452,#13453),.UNSPECIFIED.,
  .F.,.F.,(2,2),(-15.,0.),.PIECEWISE_BEZIER_KNOTS.);
#13452 = CARTESIAN_POINT('',(3.811543225417E-02,-15.));
#13453 = CARTESIAN_POINT('',(3.811543225417E-02,0.));
#13454 = ( GEOMETRIC_REPRESENTATION_CONTEXT(2) 
PARAMETRIC_REPRESENTATION_CONTEXT() REPRESENTATION_CONTEXT('2D SPACE',''
  ) );
#13455 = PCURVE('',#13456,#13461);
#13456 = PLANE('',#13457);
#13457 = AXIS2_PLACEMENT_3D('',#13458,#13459,#13460);
#13458 = CARTESIAN_POINT('',(-6.,38.5,-150.));
#13459 = DIRECTION('',(-1.,0.,0.));
#13460 = DIRECTION('',(0.,1.,0.));
#13461 = DEFINITIONAL_REPRESENTATION('',(#13462),#13465);
#13462 = B_SPLINE_CURVE_WITH_KNOTS('',1,(#13463,#13464),.UNSPECIFIED.,
  .F.,.F.,(2,2),(-15.,0.),.PIECEWISE_BEZIER_KNOTS.);
#13463 = CARTESIAN_POINT('',(1.378263195958,-15.));
#13464 = CARTESIAN_POINT('',(1.378263195958,0.));
#13465 = ( GEOMETRIC_REPRESENTATION_CONTEXT(2) 
PARAMETRIC_REPRESENTATION_CONTEXT() REPRESENTATION_CONTEXT('2D SPACE',''
  ) );
#13466 = ORIENTED_EDGE('',*,*,#13467,.T.);
#13467 = EDGE_CURVE('',#13442,#13468,#13470,.T.);
#13468 = VERTEX_POINT('',#13469);
#13469 = CARTESIAN_POINT('',(-33.92983215395,20.487939339674,-135.));
#13470 = SURFACE_CURVE('',#13471,(#13475,#13482),.PCURVE_S1.);
#13471 = LINE('',#13472,#13473);
#13472 = CARTESIAN_POINT('',(-5.968690296616,39.9,-135.));
#13473 = VECTOR('',#13474,1.);
#13474 = DIRECTION('',(-0.821444268946,-0.570288797905,0.));
#13475 = PCURVE('',#11541,#13476);
#13476 = DEFINITIONAL_REPRESENTATION('',(#13477),#13481);
#13477 = LINE('',#13478,#13479);
#13478 = CARTESIAN_POINT('',(0.,-15.));
#13479 = VECTOR('',#13480,1.);
#13480 = DIRECTION('',(1.,0.));
#13481 = ( GEOMETRIC_REPRESENTATION_CONTEXT(2) 
PARAMETRIC_REPRESENTATION_CONTEXT() REPRESENTATION_CONTEXT('2D SPACE',''
  ) );
#13482 = PCURVE('',#12228,#13483);
#13483 = DEFINITIONAL_REPRESENTATION('',(#13484),#13488);
#13484 = LINE('',#13485,#13486);
#13485 = CARTESIAN_POINT('',(-5.968690296616,39.209280897386));
#13486 = VECTOR('',#13487,1.);
#13487 = DIRECTION('',(-0.821444268946,-0.570288797905));
#13488 = ( GEOMETRIC_REPRESENTATION_CONTEXT(2) 
PARAMETRIC_REPRESENTATION_CONTEXT() REPRESENTATION_CONTEXT('2D SPACE',''
  ) );
#13489 = ORIENTED_EDGE('',*,*,#13490,.F.);
#13490 = EDGE_CURVE('',#11497,#13468,#13491,.T.);
#13491 = SURFACE_CURVE('',#13492,(#13496,#13502),.PCURVE_S1.);
#13492 = LINE('',#13493,#13494);
#13493 = CARTESIAN_POINT('',(-33.92983215395,20.487939339674,-150.));
#13494 = VECTOR('',#13495,1.);
#13495 = DIRECTION('',(0.,0.,1.));
#13496 = PCURVE('',#11541,#13497);
#13497 = DEFINITIONAL_REPRESENTATION('',(#13498),#13501);
#13498 = B_SPLINE_CURVE_WITH_KNOTS('',1,(#13499,#13500),.UNSPECIFIED.,
  .F.,.F.,(2,2),(-5.999999928008E-07,16.5),.PIECEWISE_BEZIER_KNOTS.);
#13499 = CARTESIAN_POINT('',(34.03900047073,5.999999928008E-07));
#13500 = CARTESIAN_POINT('',(34.03900047073,-16.5));
#13501 = ( GEOMETRIC_REPRESENTATION_CONTEXT(2) 
PARAMETRIC_REPRESENTATION_CONTEXT() REPRESENTATION_CONTEXT('2D SPACE',''
  ) );
#13502 = PCURVE('',#13503,#13508);
#13503 = CYLINDRICAL_SURFACE('',#13504,1.);
#13504 = AXIS2_PLACEMENT_3D('',#13505,#13506,#13507);
#13505 = CARTESIAN_POINT('',(-33.77499074759,19.5,-150.));
#13506 = DIRECTION('',(0.,0.,1.));
#13507 = DIRECTION('',(1.,0.,-0.));
#13508 = DEFINITIONAL_REPRESENTATION('',(#13509),#13512);
#13509 = B_SPLINE_CURVE_WITH_KNOTS('',1,(#13510,#13511),.UNSPECIFIED.,
  .F.,.F.,(2,2),(-5.999999928008E-07,16.5),.PIECEWISE_BEZIER_KNOTS.);
#13510 = CARTESIAN_POINT('',(1.726263248385,-5.999999928008E-07));
#13511 = CARTESIAN_POINT('',(1.726263248385,16.5));
#13512 = ( GEOMETRIC_REPRESENTATION_CONTEXT(2) 
PARAMETRIC_REPRESENTATION_CONTEXT() REPRESENTATION_CONTEXT('2D SPACE',''
  ) );
#13513 = ADVANCED_FACE('',(#13514),#11513,.T.);
#13514 = FACE_BOUND('',#13515,.T.);
#13515 = EDGE_LOOP('',(#13516,#13517,#13545,#13568,#13591,#13614,#13637,
    #13660,#13683,#13706,#13729,#13752,#13775));
#13516 = ORIENTED_EDGE('',*,*,#11496,.T.);
#13517 = ORIENTED_EDGE('',*,*,#13518,.F.);
#13518 = EDGE_CURVE('',#13519,#11469,#13521,.T.);
#13519 = VERTEX_POINT('',#13520);
#13520 = CARTESIAN_POINT('',(-34.674990748,19.497545137439,-150.));
#13521 = SURFACE_CURVE('',#13522,(#13526,#13533),.PCURVE_S1.);
#13522 = LINE('',#13523,#13524);
#13523 = CARTESIAN_POINT('',(-34.674990748,19.497545137439,-150.));
#13524 = VECTOR('',#13525,1.);
#13525 = DIRECTION('',(0.,-1.,0.));
#13526 = PCURVE('',#11513,#13527);
#13527 = DEFINITIONAL_REPRESENTATION('',(#13528),#13532);
#13528 = LINE('',#13529,#13530);
#13529 = CARTESIAN_POINT('',(-34.674990748,19.497545137439));
#13530 = VECTOR('',#13531,1.);
#13531 = DIRECTION('',(0.,-1.));
#13532 = ( GEOMETRIC_REPRESENTATION_CONTEXT(2) 
PARAMETRIC_REPRESENTATION_CONTEXT() REPRESENTATION_CONTEXT('2D SPACE',''
  ) );
#13533 = PCURVE('',#13534,#13539);
#13534 = PLANE('',#13535);
#13535 = AXIS2_PLACEMENT_3D('',#13536,#13537,#13538);
#13536 = CARTESIAN_POINT('',(-33.77499074759,19.5,-150.));
#13537 = DIRECTION('',(0.,0.,1.));
#13538 = DIRECTION('',(1.,0.,-0.));
#13539 = DEFINITIONAL_REPRESENTATION('',(#13540),#13544);
#13540 = LINE('',#13541,#13542);
#13541 = CARTESIAN_POINT('',(-0.900000000407,-2.454862561429E-03));
#13542 = VECTOR('',#13543,1.);
#13543 = DIRECTION('',(0.,-1.));
#13544 = ( GEOMETRIC_REPRESENTATION_CONTEXT(2) 
PARAMETRIC_REPRESENTATION_CONTEXT() REPRESENTATION_CONTEXT('2D SPACE',''
  ) );
#13545 = ORIENTED_EDGE('',*,*,#13546,.F.);
#13546 = EDGE_CURVE('',#13547,#13519,#13549,.T.);
#13547 = VERTEX_POINT('',#13548);
#13548 = CARTESIAN_POINT('',(-34.67053698245,19.588203604946,-150.));
#13549 = SURFACE_CURVE('',#13550,(#13554,#13561),.PCURVE_S1.);
#13550 = LINE('',#13551,#13552);
#13551 = CARTESIAN_POINT('',(-34.67053698245,19.588203604946,-150.));
#13552 = VECTOR('',#13553,1.);
#13553 = DIRECTION('',(-4.906768132518E-02,-0.998795455861,0.));
#13554 = PCURVE('',#11513,#13555);
#13555 = DEFINITIONAL_REPRESENTATION('',(#13556),#13560);
#13556 = LINE('',#13557,#13558);
#13557 = CARTESIAN_POINT('',(-34.67053698245,19.588203604946));
#13558 = VECTOR('',#13559,1.);
#13559 = DIRECTION('',(-4.906768132518E-02,-0.998795455861));
#13560 = ( GEOMETRIC_REPRESENTATION_CONTEXT(2) 
PARAMETRIC_REPRESENTATION_CONTEXT() REPRESENTATION_CONTEXT('2D SPACE',''
  ) );
#13561 = PCURVE('',#13534,#13562);
#13562 = DEFINITIONAL_REPRESENTATION('',(#13563),#13567);
#13563 = LINE('',#13564,#13565);
#13564 = CARTESIAN_POINT('',(-0.895546234857,8.820360494633E-02));
#13565 = VECTOR('',#13566,1.);
#13566 = DIRECTION('',(-4.906768132518E-02,-0.998795455861));
#13567 = ( GEOMETRIC_REPRESENTATION_CONTEXT(2) 
PARAMETRIC_REPRESENTATION_CONTEXT() REPRESENTATION_CONTEXT('2D SPACE',''
  ) );
#13568 = ORIENTED_EDGE('',*,*,#13569,.F.);
#13569 = EDGE_CURVE('',#13570,#13547,#13572,.T.);
#13570 = VERTEX_POINT('',#13571);
#13571 = CARTESIAN_POINT('',(-34.65757921759,19.675557761939,-150.));
#13572 = SURFACE_CURVE('',#13573,(#13577,#13584),.PCURVE_S1.);
#13573 = LINE('',#13574,#13575);
#13574 = CARTESIAN_POINT('',(-34.65757921759,19.675557761939,-150.));
#13575 = VECTOR('',#13576,1.);
#13576 = DIRECTION('',(-0.14673047131,-0.989176510431,0.));
#13577 = PCURVE('',#11513,#13578);
#13578 = DEFINITIONAL_REPRESENTATION('',(#13579),#13583);
#13579 = LINE('',#13580,#13581);
#13580 = CARTESIAN_POINT('',(-34.65757921759,19.675557761939));
#13581 = VECTOR('',#13582,1.);
#13582 = DIRECTION('',(-0.14673047131,-0.989176510431));
#13583 = ( GEOMETRIC_REPRESENTATION_CONTEXT(2) 
PARAMETRIC_REPRESENTATION_CONTEXT() REPRESENTATION_CONTEXT('2D SPACE',''
  ) );
#13584 = PCURVE('',#13534,#13585);
#13585 = DEFINITIONAL_REPRESENTATION('',(#13586),#13590);
#13586 = LINE('',#13587,#13588);
#13587 = CARTESIAN_POINT('',(-0.882588469997,0.175557761939));
#13588 = VECTOR('',#13589,1.);
#13589 = DIRECTION('',(-0.14673047131,-0.989176510431));
#13590 = ( GEOMETRIC_REPRESENTATION_CONTEXT(2) 
PARAMETRIC_REPRESENTATION_CONTEXT() REPRESENTATION_CONTEXT('2D SPACE',''
  ) );
#13591 = ORIENTED_EDGE('',*,*,#13592,.F.);
#13592 = EDGE_CURVE('',#13593,#13570,#13595,.T.);
#13593 = VERTEX_POINT('',#13594);
#13594 = CARTESIAN_POINT('',(-34.6361216428,19.761221200948,-150.));
#13595 = SURFACE_CURVE('',#13596,(#13600,#13607),.PCURVE_S1.);
#13596 = LINE('',#13597,#13598);
#13597 = CARTESIAN_POINT('',(-34.6361216428,19.761221200948,-150.));
#13598 = VECTOR('',#13599,1.);
#13599 = DIRECTION('',(-0.24298018363,-0.970031252261,0.));
#13600 = PCURVE('',#11513,#13601);
#13601 = DEFINITIONAL_REPRESENTATION('',(#13602),#13606);
#13602 = LINE('',#13603,#13604);
#13603 = CARTESIAN_POINT('',(-34.6361216428,19.761221200948));
#13604 = VECTOR('',#13605,1.);
#13605 = DIRECTION('',(-0.24298018363,-0.970031252261));
#13606 = ( GEOMETRIC_REPRESENTATION_CONTEXT(2) 
PARAMETRIC_REPRESENTATION_CONTEXT() REPRESENTATION_CONTEXT('2D SPACE',''
  ) );
#13607 = PCURVE('',#13534,#13608);
#13608 = DEFINITIONAL_REPRESENTATION('',(#13609),#13613);
#13609 = LINE('',#13610,#13611);
#13610 = CARTESIAN_POINT('',(-0.861130895211,0.261221200948));
#13611 = VECTOR('',#13612,1.);
#13612 = DIRECTION('',(-0.24298018363,-0.970031252261));
#13613 = ( GEOMETRIC_REPRESENTATION_CONTEXT(2) 
PARAMETRIC_REPRESENTATION_CONTEXT() REPRESENTATION_CONTEXT('2D SPACE',''
  ) );
#13614 = ORIENTED_EDGE('',*,*,#13615,.F.);
#13615 = EDGE_CURVE('',#13616,#13593,#13618,.T.);
#13616 = VERTEX_POINT('',#13617);
#13617 = CARTESIAN_POINT('',(-34.6063709071,19.844368937537,-150.));
#13618 = SURFACE_CURVE('',#13619,(#13623,#13630),.PCURVE_S1.);
#13619 = LINE('',#13620,#13621);
#13620 = CARTESIAN_POINT('',(-34.6063709071,19.844368937537,-150.));
#13621 = VECTOR('',#13622,1.);
#13622 = DIRECTION('',(-0.336889851754,-0.941544065769,0.));
#13623 = PCURVE('',#11513,#13624);
#13624 = DEFINITIONAL_REPRESENTATION('',(#13625),#13629);
#13625 = LINE('',#13626,#13627);
#13626 = CARTESIAN_POINT('',(-34.6063709071,19.844368937537));
#13627 = VECTOR('',#13628,1.);
#13628 = DIRECTION('',(-0.336889851754,-0.941544065769));
#13629 = ( GEOMETRIC_REPRESENTATION_CONTEXT(2) 
PARAMETRIC_REPRESENTATION_CONTEXT() REPRESENTATION_CONTEXT('2D SPACE',''
  ) );
#13630 = PCURVE('',#13534,#13631);
#13631 = DEFINITIONAL_REPRESENTATION('',(#13632),#13636);
#13632 = LINE('',#13633,#13634);
#13633 = CARTESIAN_POINT('',(-0.831380159508,0.344368937537));
#13634 = VECTOR('',#13635,1.);
#13635 = DIRECTION('',(-0.336889851754,-0.941544065769));
#13636 = ( GEOMETRIC_REPRESENTATION_CONTEXT(2) 
PARAMETRIC_REPRESENTATION_CONTEXT() REPRESENTATION_CONTEXT('2D SPACE',''
  ) );
#13637 = ORIENTED_EDGE('',*,*,#13638,.F.);
#13638 = EDGE_CURVE('',#13639,#13616,#13641,.T.);
#13639 = VERTEX_POINT('',#13640);
#13640 = CARTESIAN_POINT('',(-34.56861352608,19.924200213175,-150.));
#13641 = SURFACE_CURVE('',#13642,(#13646,#13653),.PCURVE_S1.);
#13642 = LINE('',#13643,#13644);
#13643 = CARTESIAN_POINT('',(-34.56861352608,19.924200213175,-150.));
#13644 = VECTOR('',#13645,1.);
#13645 = DIRECTION('',(-0.42755508995,-0.903989294769,0.));
#13646 = PCURVE('',#11513,#13647);
#13647 = DEFINITIONAL_REPRESENTATION('',(#13648),#13652);
#13648 = LINE('',#13649,#13650);
#13649 = CARTESIAN_POINT('',(-34.56861352608,19.924200213175));
#13650 = VECTOR('',#13651,1.);
#13651 = DIRECTION('',(-0.42755508995,-0.903989294769));
#13652 = ( GEOMETRIC_REPRESENTATION_CONTEXT(2) 
PARAMETRIC_REPRESENTATION_CONTEXT() REPRESENTATION_CONTEXT('2D SPACE',''
  ) );
#13653 = PCURVE('',#13534,#13654);
#13654 = DEFINITIONAL_REPRESENTATION('',(#13655),#13659);
#13655 = LINE('',#13656,#13657);
#13656 = CARTESIAN_POINT('',(-0.793622778493,0.424200213175));
#13657 = VECTOR('',#13658,1.);
#13658 = DIRECTION('',(-0.42755508995,-0.903989294769));
#13659 = ( GEOMETRIC_REPRESENTATION_CONTEXT(2) 
PARAMETRIC_REPRESENTATION_CONTEXT() REPRESENTATION_CONTEXT('2D SPACE',''
  ) );
#13660 = ORIENTED_EDGE('',*,*,#13661,.F.);
#13661 = EDGE_CURVE('',#13662,#13639,#13664,.T.);
#13662 = VERTEX_POINT('',#13663);
#13663 = CARTESIAN_POINT('',(-34.52321312388,19.999946208041,-150.));
#13664 = SURFACE_CURVE('',#13665,(#13669,#13676),.PCURVE_S1.);
#13665 = LINE('',#13666,#13667);
#13666 = CARTESIAN_POINT('',(-34.52321312388,19.999946208041,-150.));
#13667 = VECTOR('',#13668,1.);
#13668 = DIRECTION('',(-0.51410274472,-0.857728609685,0.));
#13669 = PCURVE('',#11513,#13670);
#13670 = DEFINITIONAL_REPRESENTATION('',(#13671),#13675);
#13671 = LINE('',#13672,#13673);
#13672 = CARTESIAN_POINT('',(-34.52321312388,19.999946208041));
#13673 = VECTOR('',#13674,1.);
#13674 = DIRECTION('',(-0.51410274472,-0.857728609685));
#13675 = ( GEOMETRIC_REPRESENTATION_CONTEXT(2) 
PARAMETRIC_REPRESENTATION_CONTEXT() REPRESENTATION_CONTEXT('2D SPACE',''
  ) );
#13676 = PCURVE('',#13534,#13677);
#13677 = DEFINITIONAL_REPRESENTATION('',(#13678),#13682);
#13678 = LINE('',#13679,#13680);
#13679 = CARTESIAN_POINT('',(-0.748222376288,0.499946208041));
#13680 = VECTOR('',#13681,1.);
#13681 = DIRECTION('',(-0.51410274472,-0.857728609685));
#13682 = ( GEOMETRIC_REPRESENTATION_CONTEXT(2) 
PARAMETRIC_REPRESENTATION_CONTEXT() REPRESENTATION_CONTEXT('2D SPACE',''
  ) );
#13683 = ORIENTED_EDGE('',*,*,#13684,.F.);
#13684 = EDGE_CURVE('',#13685,#13662,#13687,.T.);
#13685 = VERTEX_POINT('',#13686);
#13686 = CARTESIAN_POINT('',(-34.47060693088,20.070877447974,-150.));
#13687 = SURFACE_CURVE('',#13688,(#13692,#13699),.PCURVE_S1.);
#13688 = LINE('',#13689,#13690);
#13689 = CARTESIAN_POINT('',(-34.47060693088,20.070877447974,-150.));
#13690 = VECTOR('',#13691,1.);
#13691 = DIRECTION('',(-0.59569930559,-0.803207530666,0.));
#13692 = PCURVE('',#11513,#13693);
#13693 = DEFINITIONAL_REPRESENTATION('',(#13694),#13698);
#13694 = LINE('',#13695,#13696);
#13695 = CARTESIAN_POINT('',(-34.47060693088,20.070877447974));
#13696 = VECTOR('',#13697,1.);
#13697 = DIRECTION('',(-0.59569930559,-0.803207530666));
#13698 = ( GEOMETRIC_REPRESENTATION_CONTEXT(2) 
PARAMETRIC_REPRESENTATION_CONTEXT() REPRESENTATION_CONTEXT('2D SPACE',''
  ) );
#13699 = PCURVE('',#13534,#13700);
#13700 = DEFINITIONAL_REPRESENTATION('',(#13701),#13705);
#13701 = LINE('',#13702,#13703);
#13702 = CARTESIAN_POINT('',(-0.695616183294,0.570877447974));
#13703 = VECTOR('',#13704,1.);
#13704 = DIRECTION('',(-0.59569930559,-0.803207530666));
#13705 = ( GEOMETRIC_REPRESENTATION_CONTEXT(2) 
PARAMETRIC_REPRESENTATION_CONTEXT() REPRESENTATION_CONTEXT('2D SPACE',''
  ) );
#13706 = ORIENTED_EDGE('',*,*,#13707,.F.);
#13707 = EDGE_CURVE('',#13708,#13685,#13710,.T.);
#13708 = VERTEX_POINT('',#13709);
#13709 = CARTESIAN_POINT('',(-34.41130157404,20.136310826049,-150.));
#13710 = SURFACE_CURVE('',#13711,(#13715,#13722),.PCURVE_S1.);
#13711 = LINE('',#13712,#13713);
#13712 = CARTESIAN_POINT('',(-34.41130157404,20.136310826049,-150.));
#13713 = VECTOR('',#13714,1.);
#13714 = DIRECTION('',(-0.671558953977,-0.740951126143,0.));
#13715 = PCURVE('',#11513,#13716);
#13716 = DEFINITIONAL_REPRESENTATION('',(#13717),#13721);
#13717 = LINE('',#13718,#13719);
#13718 = CARTESIAN_POINT('',(-34.41130157404,20.136310826049));
#13719 = VECTOR('',#13720,1.);
#13720 = DIRECTION('',(-0.671558953977,-0.740951126143));
#13721 = ( GEOMETRIC_REPRESENTATION_CONTEXT(2) 
PARAMETRIC_REPRESENTATION_CONTEXT() REPRESENTATION_CONTEXT('2D SPACE',''
  ) );
#13722 = PCURVE('',#13534,#13723);
#13723 = DEFINITIONAL_REPRESENTATION('',(#13724),#13728);
#13724 = LINE('',#13725,#13726);
#13725 = CARTESIAN_POINT('',(-0.636310826456,0.636310826049));
#13726 = VECTOR('',#13727,1.);
#13727 = DIRECTION('',(-0.671558953977,-0.740951126143));
#13728 = ( GEOMETRIC_REPRESENTATION_CONTEXT(2) 
PARAMETRIC_REPRESENTATION_CONTEXT() REPRESENTATION_CONTEXT('2D SPACE',''
  ) );
#13729 = ORIENTED_EDGE('',*,*,#13730,.F.);
#13730 = EDGE_CURVE('',#13731,#13708,#13733,.T.);
#13731 = VERTEX_POINT('',#13732);
#13732 = CARTESIAN_POINT('',(-34.34586819597,20.195616182887,-150.));
#13733 = SURFACE_CURVE('',#13734,(#13738,#13745),.PCURVE_S1.);
#13734 = LINE('',#13735,#13736);
#13735 = CARTESIAN_POINT('',(-34.34586819597,20.195616182887,-150.));
#13736 = VECTOR('',#13737,1.);
#13737 = DIRECTION('',(-0.740951126143,-0.671558953977,0.));
#13738 = PCURVE('',#11513,#13739);
#13739 = DEFINITIONAL_REPRESENTATION('',(#13740),#13744);
#13740 = LINE('',#13741,#13742);
#13741 = CARTESIAN_POINT('',(-34.34586819597,20.195616182887));
#13742 = VECTOR('',#13743,1.);
#13743 = DIRECTION('',(-0.740951126143,-0.671558953977));
#13744 = ( GEOMETRIC_REPRESENTATION_CONTEXT(2) 
PARAMETRIC_REPRESENTATION_CONTEXT() REPRESENTATION_CONTEXT('2D SPACE',''
  ) );
#13745 = PCURVE('',#13534,#13746);
#13746 = DEFINITIONAL_REPRESENTATION('',(#13747),#13751);
#13747 = LINE('',#13748,#13749);
#13748 = CARTESIAN_POINT('',(-0.570877448381,0.695616182887));
#13749 = VECTOR('',#13750,1.);
#13750 = DIRECTION('',(-0.740951126143,-0.671558953977));
#13751 = ( GEOMETRIC_REPRESENTATION_CONTEXT(2) 
PARAMETRIC_REPRESENTATION_CONTEXT() REPRESENTATION_CONTEXT('2D SPACE',''
  ) );
#13752 = ORIENTED_EDGE('',*,*,#13753,.F.);
#13753 = EDGE_CURVE('',#13754,#13731,#13756,.T.);
#13754 = VERTEX_POINT('',#13755);
#13755 = CARTESIAN_POINT('',(-34.27224731416,20.250217150257,-150.));
#13756 = SURFACE_CURVE('',#13757,(#13761,#13768),.PCURVE_S1.);
#13757 = LINE('',#13758,#13759);
#13758 = CARTESIAN_POINT('',(-34.27224731416,20.250217150257,-150.));
#13759 = VECTOR('',#13760,1.);
#13760 = DIRECTION('',(-0.803207530666,-0.59569930559,0.));
#13761 = PCURVE('',#11513,#13762);
#13762 = DEFINITIONAL_REPRESENTATION('',(#13763),#13767);
#13763 = LINE('',#13764,#13765);
#13764 = CARTESIAN_POINT('',(-34.27224731416,20.250217150257));
#13765 = VECTOR('',#13766,1.);
#13766 = DIRECTION('',(-0.803207530666,-0.59569930559));
#13767 = ( GEOMETRIC_REPRESENTATION_CONTEXT(2) 
PARAMETRIC_REPRESENTATION_CONTEXT() REPRESENTATION_CONTEXT('2D SPACE',''
  ) );
#13768 = PCURVE('',#13534,#13769);
#13769 = DEFINITIONAL_REPRESENTATION('',(#13770),#13774);
#13770 = LINE('',#13771,#13772);
#13771 = CARTESIAN_POINT('',(-0.497256566568,0.750217150257));
#13772 = VECTOR('',#13773,1.);
#13773 = DIRECTION('',(-0.803207530666,-0.59569930559));
#13774 = ( GEOMETRIC_REPRESENTATION_CONTEXT(2) 
PARAMETRIC_REPRESENTATION_CONTEXT() REPRESENTATION_CONTEXT('2D SPACE',''
  ) );
#13775 = ORIENTED_EDGE('',*,*,#13776,.F.);
#13776 = EDGE_CURVE('',#11497,#13754,#13777,.T.);
#13777 = SURFACE_CURVE('',#13778,(#13782,#13789),.PCURVE_S1.);
#13778 = LINE('',#13779,#13780);
#13779 = CARTESIAN_POINT('',(-5.968690296616,39.9,-150.));
#13780 = VECTOR('',#13781,1.);
#13781 = DIRECTION('',(-0.821444268946,-0.570288797905,0.));
#13782 = PCURVE('',#11513,#13783);
#13783 = DEFINITIONAL_REPRESENTATION('',(#13784),#13788);
#13784 = LINE('',#13785,#13786);
#13785 = CARTESIAN_POINT('',(-5.968690296616,39.9));
#13786 = VECTOR('',#13787,1.);
#13787 = DIRECTION('',(-0.821444268946,-0.570288797905));
#13788 = ( GEOMETRIC_REPRESENTATION_CONTEXT(2) 
PARAMETRIC_REPRESENTATION_CONTEXT() REPRESENTATION_CONTEXT('2D SPACE',''
  ) );
#13789 = PCURVE('',#13534,#13790);
#13790 = DEFINITIONAL_REPRESENTATION('',(#13791),#13795);
#13791 = LINE('',#13792,#13793);
#13792 = CARTESIAN_POINT('',(27.806300450977,20.4));
#13793 = VECTOR('',#13794,1.);
#13794 = DIRECTION('',(-0.821444268946,-0.570288797905));
#13795 = ( GEOMETRIC_REPRESENTATION_CONTEXT(2) 
PARAMETRIC_REPRESENTATION_CONTEXT() REPRESENTATION_CONTEXT('2D SPACE',''
  ) );
#13796 = ADVANCED_FACE('',(#13797),#11484,.F.);
#13797 = FACE_BOUND('',#13798,.F.);
#13798 = EDGE_LOOP('',(#13799,#13800,#13826,#13849));
#13799 = ORIENTED_EDGE('',*,*,#11468,.F.);
#13800 = ORIENTED_EDGE('',*,*,#13801,.T.);
#13801 = EDGE_CURVE('',#11469,#13802,#13804,.T.);
#13802 = VERTEX_POINT('',#13803);
#13803 = CARTESIAN_POINT('',(-34.674990748,19.064110106486,-135.));
#13804 = SURFACE_CURVE('',#13805,(#13809,#13815),.PCURVE_S1.);
#13805 = LINE('',#13806,#13807);
#13806 = CARTESIAN_POINT('',(-34.674990748,19.064110106486,-150.));
#13807 = VECTOR('',#13808,1.);
#13808 = DIRECTION('',(0.,0.,1.));
#13809 = PCURVE('',#11484,#13810);
#13810 = DEFINITIONAL_REPRESENTATION('',(#13811),#13814);
#13811 = B_SPLINE_CURVE_WITH_KNOTS('',1,(#13812,#13813),.UNSPECIFIED.,
  .F.,.F.,(2,2),(-5.999999928008E-07,16.5),.PIECEWISE_BEZIER_KNOTS.);
#13812 = CARTESIAN_POINT('',(0.433435030952,5.999999928008E-07));
#13813 = CARTESIAN_POINT('',(0.433435030952,-16.5));
#13814 = ( GEOMETRIC_REPRESENTATION_CONTEXT(2) 
PARAMETRIC_REPRESENTATION_CONTEXT() REPRESENTATION_CONTEXT('2D SPACE',''
  ) );
#13815 = PCURVE('',#13816,#13821);
#13816 = CYLINDRICAL_SURFACE('',#13817,1.);
#13817 = AXIS2_PLACEMENT_3D('',#13818,#13819,#13820);
#13818 = CARTESIAN_POINT('',(-33.77499074759,19.5,-150.));
#13819 = DIRECTION('',(0.,0.,1.));
#13820 = DIRECTION('',(1.,0.,-0.));
#13821 = DEFINITIONAL_REPRESENTATION('',(#13822),#13825);
#13822 = B_SPLINE_CURVE_WITH_KNOTS('',1,(#13823,#13824),.UNSPECIFIED.,
  .F.,.F.,(2,2),(-5.999999928008E-07,16.5),.PIECEWISE_BEZIER_KNOTS.);
#13823 = CARTESIAN_POINT('',(3.592619464453,-5.999999928008E-07));
#13824 = CARTESIAN_POINT('',(3.592619464453,16.5));
#13825 = ( GEOMETRIC_REPRESENTATION_CONTEXT(2) 
PARAMETRIC_REPRESENTATION_CONTEXT() REPRESENTATION_CONTEXT('2D SPACE',''
  ) );
#13826 = ORIENTED_EDGE('',*,*,#13827,.T.);
#13827 = EDGE_CURVE('',#13802,#13828,#13830,.T.);
#13828 = VERTEX_POINT('',#13829);
#13829 = CARTESIAN_POINT('',(-34.674990748,-19.06411010648,-135.));
#13830 = SURFACE_CURVE('',#13831,(#13835,#13842),.PCURVE_S1.);
#13831 = LINE('',#13832,#13833);
#13832 = CARTESIAN_POINT('',(-34.674990748,19.497545137439,-135.));
#13833 = VECTOR('',#13834,1.);
#13834 = DIRECTION('',(0.,-1.,0.));
#13835 = PCURVE('',#11484,#13836);
#13836 = DEFINITIONAL_REPRESENTATION('',(#13837),#13841);
#13837 = LINE('',#13838,#13839);
#13838 = CARTESIAN_POINT('',(0.,-15.));
#13839 = VECTOR('',#13840,1.);
#13840 = DIRECTION('',(1.,0.));
#13841 = ( GEOMETRIC_REPRESENTATION_CONTEXT(2) 
PARAMETRIC_REPRESENTATION_CONTEXT() REPRESENTATION_CONTEXT('2D SPACE',''
  ) );
#13842 = PCURVE('',#12228,#13843);
#13843 = DEFINITIONAL_REPRESENTATION('',(#13844),#13848);
#13844 = LINE('',#13845,#13846);
#13845 = CARTESIAN_POINT('',(-34.674990748,18.806826034825));
#13846 = VECTOR('',#13847,1.);
#13847 = DIRECTION('',(0.,-1.));
#13848 = ( GEOMETRIC_REPRESENTATION_CONTEXT(2) 
PARAMETRIC_REPRESENTATION_CONTEXT() REPRESENTATION_CONTEXT('2D SPACE',''
  ) );
#13849 = ORIENTED_EDGE('',*,*,#13850,.F.);
#13850 = EDGE_CURVE('',#11438,#13828,#13851,.T.);
#13851 = SURFACE_CURVE('',#13852,(#13856,#13862),.PCURVE_S1.);
#13852 = LINE('',#13853,#13854);
#13853 = CARTESIAN_POINT('',(-34.674990748,-19.06411010648,-150.));
#13854 = VECTOR('',#13855,1.);
#13855 = DIRECTION('',(0.,0.,1.));
#13856 = PCURVE('',#11484,#13857);
#13857 = DEFINITIONAL_REPRESENTATION('',(#13858),#13861);
#13858 = B_SPLINE_CURVE_WITH_KNOTS('',1,(#13859,#13860),.UNSPECIFIED.,
  .F.,.F.,(2,2),(-5.999999928008E-07,16.5),.PIECEWISE_BEZIER_KNOTS.);
#13859 = CARTESIAN_POINT('',(38.561655243925,5.999999928008E-07));
#13860 = CARTESIAN_POINT('',(38.561655243925,-16.5));
#13861 = ( GEOMETRIC_REPRESENTATION_CONTEXT(2) 
PARAMETRIC_REPRESENTATION_CONTEXT() REPRESENTATION_CONTEXT('2D SPACE',''
  ) );
#13862 = PCURVE('',#13863,#13868);
#13863 = CYLINDRICAL_SURFACE('',#13864,1.);
#13864 = AXIS2_PLACEMENT_3D('',#13865,#13866,#13867);
#13865 = CARTESIAN_POINT('',(-33.77499074759,-19.5,-150.));
#13866 = DIRECTION('',(0.,0.,1.));
#13867 = DIRECTION('',(1.,0.,-0.));
#13868 = DEFINITIONAL_REPRESENTATION('',(#13869),#13872);
#13869 = B_SPLINE_CURVE_WITH_KNOTS('',1,(#13870,#13871),.UNSPECIFIED.,
  .F.,.F.,(2,2),(-5.999999928008E-07,16.5),.PIECEWISE_BEZIER_KNOTS.);
#13870 = CARTESIAN_POINT('',(2.690565842727,-5.999999928008E-07));
#13871 = CARTESIAN_POINT('',(2.690565842727,16.5));
#13872 = ( GEOMETRIC_REPRESENTATION_CONTEXT(2) 
PARAMETRIC_REPRESENTATION_CONTEXT() REPRESENTATION_CONTEXT('2D SPACE',''
  ) );
#13873 = ADVANCED_FACE('',(#13874),#11897,.T.);
#13874 = FACE_BOUND('',#13875,.T.);
#13875 = EDGE_LOOP('',(#13876,#13900,#13922,#13923,#13924,#13925,#13926,
    #13927,#13928,#13929,#13930,#13931,#13932,#13933,#13934));
#13876 = ORIENTED_EDGE('',*,*,#13877,.T.);
#13877 = EDGE_CURVE('',#11440,#13878,#13880,.T.);
#13878 = VERTEX_POINT('',#13879);
#13879 = CARTESIAN_POINT('',(-32.77499074759,-19.5,-150.));
#13880 = SURFACE_CURVE('',#13881,(#13886,#13893),.PCURVE_S1.);
#13881 = CIRCLE('',#13882,1.);
#13882 = AXIS2_PLACEMENT_3D('',#13883,#13884,#13885);
#13883 = CARTESIAN_POINT('',(-33.77499074759,-19.5,-150.));
#13884 = DIRECTION('',(0.,0.,1.));
#13885 = DIRECTION('',(1.,0.,-0.));
#13886 = PCURVE('',#11897,#13887);
#13887 = DEFINITIONAL_REPRESENTATION('',(#13888),#13892);
#13888 = CIRCLE('',#13889,1.);
#13889 = AXIS2_PLACEMENT_2D('',#13890,#13891);
#13890 = CARTESIAN_POINT('',(0.,0.));
#13891 = DIRECTION('',(1.,0.));
#13892 = ( GEOMETRIC_REPRESENTATION_CONTEXT(2) 
PARAMETRIC_REPRESENTATION_CONTEXT() REPRESENTATION_CONTEXT('2D SPACE',''
  ) );
#13893 = PCURVE('',#12201,#13894);
#13894 = DEFINITIONAL_REPRESENTATION('',(#13895),#13899);
#13895 = LINE('',#13896,#13897);
#13896 = CARTESIAN_POINT('',(0.,0.));
#13897 = VECTOR('',#13898,1.);
#13898 = DIRECTION('',(1.,0.));
#13899 = ( GEOMETRIC_REPRESENTATION_CONTEXT(2) 
PARAMETRIC_REPRESENTATION_CONTEXT() REPRESENTATION_CONTEXT('2D SPACE',''
  ) );
#13900 = ORIENTED_EDGE('',*,*,#13901,.T.);
#13901 = EDGE_CURVE('',#13878,#11438,#13902,.T.);
#13902 = SURFACE_CURVE('',#13903,(#13908,#13915),.PCURVE_S1.);
#13903 = CIRCLE('',#13904,1.);
#13904 = AXIS2_PLACEMENT_3D('',#13905,#13906,#13907);
#13905 = CARTESIAN_POINT('',(-33.77499074759,-19.5,-150.));
#13906 = DIRECTION('',(0.,0.,1.));
#13907 = DIRECTION('',(1.,0.,-0.));
#13908 = PCURVE('',#11897,#13909);
#13909 = DEFINITIONAL_REPRESENTATION('',(#13910),#13914);
#13910 = CIRCLE('',#13911,1.);
#13911 = AXIS2_PLACEMENT_2D('',#13912,#13913);
#13912 = CARTESIAN_POINT('',(0.,0.));
#13913 = DIRECTION('',(1.,0.));
#13914 = ( GEOMETRIC_REPRESENTATION_CONTEXT(2) 
PARAMETRIC_REPRESENTATION_CONTEXT() REPRESENTATION_CONTEXT('2D SPACE',''
  ) );
#13915 = PCURVE('',#13863,#13916);
#13916 = DEFINITIONAL_REPRESENTATION('',(#13917),#13921);
#13917 = LINE('',#13918,#13919);
#13918 = CARTESIAN_POINT('',(0.,0.));
#13919 = VECTOR('',#13920,1.);
#13920 = DIRECTION('',(1.,0.));
#13921 = ( GEOMETRIC_REPRESENTATION_CONTEXT(2) 
PARAMETRIC_REPRESENTATION_CONTEXT() REPRESENTATION_CONTEXT('2D SPACE',''
  ) );
#13922 = ORIENTED_EDGE('',*,*,#11909,.T.);
#13923 = ORIENTED_EDGE('',*,*,#11879,.T.);
#13924 = ORIENTED_EDGE('',*,*,#12161,.T.);
#13925 = ORIENTED_EDGE('',*,*,#12138,.T.);
#13926 = ORIENTED_EDGE('',*,*,#12115,.T.);
#13927 = ORIENTED_EDGE('',*,*,#12092,.T.);
#13928 = ORIENTED_EDGE('',*,*,#12069,.T.);
#13929 = ORIENTED_EDGE('',*,*,#12046,.T.);
#13930 = ORIENTED_EDGE('',*,*,#12023,.T.);
#13931 = ORIENTED_EDGE('',*,*,#12000,.T.);
#13932 = ORIENTED_EDGE('',*,*,#11977,.T.);
#13933 = ORIENTED_EDGE('',*,*,#11954,.T.);
#13934 = ORIENTED_EDGE('',*,*,#11931,.T.);
#13935 = ADVANCED_FACE('',(#13936),#12253,.F.);
#13936 = FACE_BOUND('',#13937,.F.);
#13937 = EDGE_LOOP('',(#13938,#13962,#13985,#14007));
#13938 = ORIENTED_EDGE('',*,*,#13939,.F.);
#13939 = EDGE_CURVE('',#13940,#12213,#13942,.T.);
#13940 = VERTEX_POINT('',#13941);
#13941 = CARTESIAN_POINT('',(1.,-39.,-135.));
#13942 = SURFACE_CURVE('',#13943,(#13948,#13955),.PCURVE_S1.);
#13943 = CIRCLE('',#13944,1.);
#13944 = AXIS2_PLACEMENT_3D('',#13945,#13946,#13947);
#13945 = CARTESIAN_POINT('',(-7.164183775012E-15,-39.,-135.));
#13946 = DIRECTION('',(0.,0.,1.));
#13947 = DIRECTION('',(1.,0.,-0.));
#13948 = PCURVE('',#12253,#13949);
#13949 = DEFINITIONAL_REPRESENTATION('',(#13950),#13954);
#13950 = LINE('',#13951,#13952);
#13951 = CARTESIAN_POINT('',(0.,15.));
#13952 = VECTOR('',#13953,1.);
#13953 = DIRECTION('',(1.,0.));
#13954 = ( GEOMETRIC_REPRESENTATION_CONTEXT(2) 
PARAMETRIC_REPRESENTATION_CONTEXT() REPRESENTATION_CONTEXT('2D SPACE',''
  ) );
#13955 = PCURVE('',#12228,#13956);
#13956 = DEFINITIONAL_REPRESENTATION('',(#13957),#13961);
#13957 = CIRCLE('',#13958,1.);
#13958 = AXIS2_PLACEMENT_2D('',#13959,#13960);
#13959 = CARTESIAN_POINT('',(-8.105892811141E-15,-39.69071910261));
#13960 = DIRECTION('',(1.,0.));
#13961 = ( GEOMETRIC_REPRESENTATION_CONTEXT(2) 
PARAMETRIC_REPRESENTATION_CONTEXT() REPRESENTATION_CONTEXT('2D SPACE',''
  ) );
#13962 = ORIENTED_EDGE('',*,*,#13963,.F.);
#13963 = EDGE_CURVE('',#13964,#13940,#13966,.T.);
#13964 = VERTEX_POINT('',#13965);
#13965 = CARTESIAN_POINT('',(1.,-39.,-150.));
#13966 = SURFACE_CURVE('',#13967,(#13971,#13978),.PCURVE_S1.);
#13967 = LINE('',#13968,#13969);
#13968 = CARTESIAN_POINT('',(1.,-39.,-150.));
#13969 = VECTOR('',#13970,1.);
#13970 = DIRECTION('',(0.,0.,1.));
#13971 = PCURVE('',#12253,#13972);
#13972 = DEFINITIONAL_REPRESENTATION('',(#13973),#13977);
#13973 = LINE('',#13974,#13975);
#13974 = CARTESIAN_POINT('',(0.,-0.));
#13975 = VECTOR('',#13976,1.);
#13976 = DIRECTION('',(0.,1.));
#13977 = ( GEOMETRIC_REPRESENTATION_CONTEXT(2) 
PARAMETRIC_REPRESENTATION_CONTEXT() REPRESENTATION_CONTEXT('2D SPACE',''
  ) );
#13978 = PCURVE('',#12566,#13979);
#13979 = DEFINITIONAL_REPRESENTATION('',(#13980),#13984);
#13980 = LINE('',#13981,#13982);
#13981 = CARTESIAN_POINT('',(6.28318530718,-0.));
#13982 = VECTOR('',#13983,1.);
#13983 = DIRECTION('',(0.,1.));
#13984 = ( GEOMETRIC_REPRESENTATION_CONTEXT(2) 
PARAMETRIC_REPRESENTATION_CONTEXT() REPRESENTATION_CONTEXT('2D SPACE',''
  ) );
#13985 = ORIENTED_EDGE('',*,*,#13986,.T.);
#13986 = EDGE_CURVE('',#13964,#11818,#13987,.T.);
#13987 = SURFACE_CURVE('',#13988,(#13993,#14000),.PCURVE_S1.);
#13988 = CIRCLE('',#13989,1.);
#13989 = AXIS2_PLACEMENT_3D('',#13990,#13991,#13992);
#13990 = CARTESIAN_POINT('',(-7.164183775012E-15,-39.,-150.));
#13991 = DIRECTION('',(0.,0.,1.));
#13992 = DIRECTION('',(1.,0.,-0.));
#13993 = PCURVE('',#12253,#13994);
#13994 = DEFINITIONAL_REPRESENTATION('',(#13995),#13999);
#13995 = LINE('',#13996,#13997);
#13996 = CARTESIAN_POINT('',(0.,0.));
#13997 = VECTOR('',#13998,1.);
#13998 = DIRECTION('',(1.,0.));
#13999 = ( GEOMETRIC_REPRESENTATION_CONTEXT(2) 
PARAMETRIC_REPRESENTATION_CONTEXT() REPRESENTATION_CONTEXT('2D SPACE',''
  ) );
#14000 = PCURVE('',#12283,#14001);
#14001 = DEFINITIONAL_REPRESENTATION('',(#14002),#14006);
#14002 = CIRCLE('',#14003,1.);
#14003 = AXIS2_PLACEMENT_2D('',#14004,#14005);
#14004 = CARTESIAN_POINT('',(0.,0.));
#14005 = DIRECTION('',(1.,0.));
#14006 = ( GEOMETRIC_REPRESENTATION_CONTEXT(2) 
PARAMETRIC_REPRESENTATION_CONTEXT() REPRESENTATION_CONTEXT('2D SPACE',''
  ) );
#14007 = ORIENTED_EDGE('',*,*,#12240,.T.);
#14008 = ADVANCED_FACE('',(#14009),#12228,.T.);
#14009 = FACE_BOUND('',#14010,.T.);
#14010 = EDGE_LOOP('',(#14011,#14035,#14036,#14060,#14082,#14083,#14084,
    #14106,#14107,#14129,#14130,#14152,#14153,#14174,#14200,#14219,
    #14220));
#14011 = ORIENTED_EDGE('',*,*,#14012,.F.);
#14012 = EDGE_CURVE('',#13802,#14013,#14015,.T.);
#14013 = VERTEX_POINT('',#14014);
#14014 = CARTESIAN_POINT('',(-32.77499074759,19.5,-135.));
#14015 = SURFACE_CURVE('',#14016,(#14021,#14028),.PCURVE_S1.);
#14016 = CIRCLE('',#14017,1.);
#14017 = AXIS2_PLACEMENT_3D('',#14018,#14019,#14020);
#14018 = CARTESIAN_POINT('',(-33.77499074759,19.5,-135.));
#14019 = DIRECTION('',(0.,0.,1.));
#14020 = DIRECTION('',(1.,0.,-0.));
#14021 = PCURVE('',#12228,#14022);
#14022 = DEFINITIONAL_REPRESENTATION('',(#14023),#14027);
#14023 = CIRCLE('',#14024,1.);
#14024 = AXIS2_PLACEMENT_2D('',#14025,#14026);
#14025 = CARTESIAN_POINT('',(-33.77499074759,18.809280897386));
#14026 = DIRECTION('',(1.,0.));
#14027 = ( GEOMETRIC_REPRESENTATION_CONTEXT(2) 
PARAMETRIC_REPRESENTATION_CONTEXT() REPRESENTATION_CONTEXT('2D SPACE',''
  ) );
#14028 = PCURVE('',#13816,#14029);
#14029 = DEFINITIONAL_REPRESENTATION('',(#14030),#14034);
#14030 = LINE('',#14031,#14032);
#14031 = CARTESIAN_POINT('',(0.,15.));
#14032 = VECTOR('',#14033,1.);
#14033 = DIRECTION('',(1.,0.));
#14034 = ( GEOMETRIC_REPRESENTATION_CONTEXT(2) 
PARAMETRIC_REPRESENTATION_CONTEXT() REPRESENTATION_CONTEXT('2D SPACE',''
  ) );
#14035 = ORIENTED_EDGE('',*,*,#13827,.T.);
#14036 = ORIENTED_EDGE('',*,*,#14037,.F.);
#14037 = EDGE_CURVE('',#14038,#13828,#14040,.T.);
#14038 = VERTEX_POINT('',#14039);
#14039 = CARTESIAN_POINT('',(-32.77499074759,-19.5,-135.));
#14040 = SURFACE_CURVE('',#14041,(#14046,#14053),.PCURVE_S1.);
#14041 = CIRCLE('',#14042,1.);
#14042 = AXIS2_PLACEMENT_3D('',#14043,#14044,#14045);
#14043 = CARTESIAN_POINT('',(-33.77499074759,-19.5,-135.));
#14044 = DIRECTION('',(0.,0.,1.));
#14045 = DIRECTION('',(1.,0.,-0.));
#14046 = PCURVE('',#12228,#14047);
#14047 = DEFINITIONAL_REPRESENTATION('',(#14048),#14052);
#14048 = CIRCLE('',#14049,1.);
#14049 = AXIS2_PLACEMENT_2D('',#14050,#14051);
#14050 = CARTESIAN_POINT('',(-33.77499074759,-20.19071910261));
#14051 = DIRECTION('',(1.,0.));
#14052 = ( GEOMETRIC_REPRESENTATION_CONTEXT(2) 
PARAMETRIC_REPRESENTATION_CONTEXT() REPRESENTATION_CONTEXT('2D SPACE',''
  ) );
#14053 = PCURVE('',#13863,#14054);
#14054 = DEFINITIONAL_REPRESENTATION('',(#14055),#14059);
#14055 = LINE('',#14056,#14057);
#14056 = CARTESIAN_POINT('',(0.,15.));
#14057 = VECTOR('',#14058,1.);
#14058 = DIRECTION('',(1.,0.));
#14059 = ( GEOMETRIC_REPRESENTATION_CONTEXT(2) 
PARAMETRIC_REPRESENTATION_CONTEXT() REPRESENTATION_CONTEXT('2D SPACE',''
  ) );
#14060 = ORIENTED_EDGE('',*,*,#14061,.F.);
#14061 = EDGE_CURVE('',#12187,#14038,#14062,.T.);
#14062 = SURFACE_CURVE('',#14063,(#14068,#14075),.PCURVE_S1.);
#14063 = CIRCLE('',#14064,1.);
#14064 = AXIS2_PLACEMENT_3D('',#14065,#14066,#14067);
#14065 = CARTESIAN_POINT('',(-33.77499074759,-19.5,-135.));
#14066 = DIRECTION('',(0.,0.,1.));
#14067 = DIRECTION('',(1.,0.,-0.));
#14068 = PCURVE('',#12228,#14069);
#14069 = DEFINITIONAL_REPRESENTATION('',(#14070),#14074);
#14070 = CIRCLE('',#14071,1.);
#14071 = AXIS2_PLACEMENT_2D('',#14072,#14073);
#14072 = CARTESIAN_POINT('',(-33.77499074759,-20.19071910261));
#14073 = DIRECTION('',(1.,0.));
#14074 = ( GEOMETRIC_REPRESENTATION_CONTEXT(2) 
PARAMETRIC_REPRESENTATION_CONTEXT() REPRESENTATION_CONTEXT('2D SPACE',''
  ) );
#14075 = PCURVE('',#12201,#14076);
#14076 = DEFINITIONAL_REPRESENTATION('',(#14077),#14081);
#14077 = LINE('',#14078,#14079);
#14078 = CARTESIAN_POINT('',(0.,15.));
#14079 = VECTOR('',#14080,1.);
#14080 = DIRECTION('',(1.,0.));
#14081 = ( GEOMETRIC_REPRESENTATION_CONTEXT(2) 
PARAMETRIC_REPRESENTATION_CONTEXT() REPRESENTATION_CONTEXT('2D SPACE',''
  ) );
#14082 = ORIENTED_EDGE('',*,*,#12212,.T.);
#14083 = ORIENTED_EDGE('',*,*,#13939,.F.);
#14084 = ORIENTED_EDGE('',*,*,#14085,.F.);
#14085 = EDGE_CURVE('',#12552,#13940,#14086,.T.);
#14086 = SURFACE_CURVE('',#14087,(#14092,#14099),.PCURVE_S1.);
#14087 = CIRCLE('',#14088,1.);
#14088 = AXIS2_PLACEMENT_3D('',#14089,#14090,#14091);
#14089 = CARTESIAN_POINT('',(-7.164183775012E-15,-39.,-135.));
#14090 = DIRECTION('',(0.,0.,1.));
#14091 = DIRECTION('',(1.,0.,-0.));
#14092 = PCURVE('',#12228,#14093);
#14093 = DEFINITIONAL_REPRESENTATION('',(#14094),#14098);
#14094 = CIRCLE('',#14095,1.);
#14095 = AXIS2_PLACEMENT_2D('',#14096,#14097);
#14096 = CARTESIAN_POINT('',(-8.105892811141E-15,-39.69071910261));
#14097 = DIRECTION('',(1.,0.));
#14098 = ( GEOMETRIC_REPRESENTATION_CONTEXT(2) 
PARAMETRIC_REPRESENTATION_CONTEXT() REPRESENTATION_CONTEXT('2D SPACE',''
  ) );
#14099 = PCURVE('',#12566,#14100);
#14100 = DEFINITIONAL_REPRESENTATION('',(#14101),#14105);
#14101 = LINE('',#14102,#14103);
#14102 = CARTESIAN_POINT('',(0.,15.));
#14103 = VECTOR('',#14104,1.);
#14104 = DIRECTION('',(1.,0.));
#14105 = ( GEOMETRIC_REPRESENTATION_CONTEXT(2) 
PARAMETRIC_REPRESENTATION_CONTEXT() REPRESENTATION_CONTEXT('2D SPACE',''
  ) );
#14106 = ORIENTED_EDGE('',*,*,#12577,.T.);
#14107 = ORIENTED_EDGE('',*,*,#14108,.F.);
#14108 = EDGE_CURVE('',#12936,#12578,#14109,.T.);
#14109 = SURFACE_CURVE('',#14110,(#14115,#14122),.PCURVE_S1.);
#14110 = CIRCLE('',#14111,1.);
#14111 = AXIS2_PLACEMENT_3D('',#14112,#14113,#14114);
#14112 = CARTESIAN_POINT('',(33.774990747593,-19.5,-135.));
#14113 = DIRECTION('',(0.,0.,1.));
#14114 = DIRECTION('',(1.,0.,-0.));
#14115 = PCURVE('',#12228,#14116);
#14116 = DEFINITIONAL_REPRESENTATION('',(#14117),#14121);
#14117 = CIRCLE('',#14118,1.);
#14118 = AXIS2_PLACEMENT_2D('',#14119,#14120);
#14119 = CARTESIAN_POINT('',(33.774990747593,-20.19071910261));
#14120 = DIRECTION('',(1.,0.));
#14121 = ( GEOMETRIC_REPRESENTATION_CONTEXT(2) 
PARAMETRIC_REPRESENTATION_CONTEXT() REPRESENTATION_CONTEXT('2D SPACE',''
  ) );
#14122 = PCURVE('',#12613,#14123);
#14123 = DEFINITIONAL_REPRESENTATION('',(#14124),#14128);
#14124 = LINE('',#14125,#14126);
#14125 = CARTESIAN_POINT('',(0.,15.));
#14126 = VECTOR('',#14127,1.);
#14127 = DIRECTION('',(1.,0.));
#14128 = ( GEOMETRIC_REPRESENTATION_CONTEXT(2) 
PARAMETRIC_REPRESENTATION_CONTEXT() REPRESENTATION_CONTEXT('2D SPACE',''
  ) );
#14129 = ORIENTED_EDGE('',*,*,#12956,.T.);
#14130 = ORIENTED_EDGE('',*,*,#14131,.F.);
#14131 = EDGE_CURVE('',#13292,#12957,#14132,.T.);
#14132 = SURFACE_CURVE('',#14133,(#14138,#14145),.PCURVE_S1.);
#14133 = CIRCLE('',#14134,1.);
#14134 = AXIS2_PLACEMENT_3D('',#14135,#14136,#14137);
#14135 = CARTESIAN_POINT('',(33.774990747593,19.5,-135.));
#14136 = DIRECTION('',(0.,0.,1.));
#14137 = DIRECTION('',(1.,0.,-0.));
#14138 = PCURVE('',#12228,#14139);
#14139 = DEFINITIONAL_REPRESENTATION('',(#14140),#14144);
#14140 = CIRCLE('',#14141,1.);
#14141 = AXIS2_PLACEMENT_2D('',#14142,#14143);
#14142 = CARTESIAN_POINT('',(33.774990747593,18.809280897386));
#14143 = DIRECTION('',(1.,0.));
#14144 = ( GEOMETRIC_REPRESENTATION_CONTEXT(2) 
PARAMETRIC_REPRESENTATION_CONTEXT() REPRESENTATION_CONTEXT('2D SPACE',''
  ) );
#14145 = PCURVE('',#12992,#14146);
#14146 = DEFINITIONAL_REPRESENTATION('',(#14147),#14151);
#14147 = LINE('',#14148,#14149);
#14148 = CARTESIAN_POINT('',(0.,15.));
#14149 = VECTOR('',#14150,1.);
#14150 = DIRECTION('',(1.,0.));
#14151 = ( GEOMETRIC_REPRESENTATION_CONTEXT(2) 
PARAMETRIC_REPRESENTATION_CONTEXT() REPRESENTATION_CONTEXT('2D SPACE',''
  ) );
#14152 = ORIENTED_EDGE('',*,*,#13312,.T.);
#14153 = ORIENTED_EDGE('',*,*,#14154,.F.);
#14154 = EDGE_CURVE('',#14155,#13313,#14157,.T.);
#14155 = VERTEX_POINT('',#14156);
#14156 = CARTESIAN_POINT('',(6.,38.5,-135.));
#14157 = SURFACE_CURVE('',#14158,(#14162,#14168),.PCURVE_S1.);
#14158 = LINE('',#14159,#14160);
#14159 = CARTESIAN_POINT('',(6.,20.345359551307,-135.));
#14160 = VECTOR('',#14161,1.);
#14161 = DIRECTION('',(-0.,1.,0.));
#14162 = PCURVE('',#12228,#14163);
#14163 = DEFINITIONAL_REPRESENTATION('',(#14164),#14167);
#14164 = B_SPLINE_CURVE_WITH_KNOTS('',1,(#14165,#14166),.UNSPECIFIED.,
  .F.,.F.,(2,2),(18.154640448693,19.554640448693),
  .PIECEWISE_BEZIER_KNOTS.);
#14165 = CARTESIAN_POINT('',(6.,37.809280897386));
#14166 = CARTESIAN_POINT('',(6.,39.209280897386));
#14167 = ( GEOMETRIC_REPRESENTATION_CONTEXT(2) 
PARAMETRIC_REPRESENTATION_CONTEXT() REPRESENTATION_CONTEXT('2D SPACE',''
  ) );
#14168 = PCURVE('',#13348,#14169);
#14169 = DEFINITIONAL_REPRESENTATION('',(#14170),#14173);
#14170 = B_SPLINE_CURVE_WITH_KNOTS('',1,(#14171,#14172),.UNSPECIFIED.,
  .F.,.F.,(2,2),(18.154640448693,19.554640448693),
  .PIECEWISE_BEZIER_KNOTS.);
#14171 = CARTESIAN_POINT('',(1.5,-15.));
#14172 = CARTESIAN_POINT('',(0.1,-15.));
#14173 = ( GEOMETRIC_REPRESENTATION_CONTEXT(2) 
PARAMETRIC_REPRESENTATION_CONTEXT() REPRESENTATION_CONTEXT('2D SPACE',''
  ) );
#14174 = ORIENTED_EDGE('',*,*,#14175,.F.);
#14175 = EDGE_CURVE('',#14176,#14155,#14178,.T.);
#14176 = VERTEX_POINT('',#14177);
#14177 = CARTESIAN_POINT('',(-6.,38.5,-135.));
#14178 = SURFACE_CURVE('',#14179,(#14183,#14189),.PCURVE_S1.);
#14179 = LINE('',#14180,#14181);
#14180 = CARTESIAN_POINT('',(3.,38.5,-135.));
#14181 = VECTOR('',#14182,1.);
#14182 = DIRECTION('',(1.,0.,-0.));
#14183 = PCURVE('',#12228,#14184);
#14184 = DEFINITIONAL_REPRESENTATION('',(#14185),#14188);
#14185 = B_SPLINE_CURVE_WITH_KNOTS('',1,(#14186,#14187),.UNSPECIFIED.,
  .F.,.F.,(2,2),(-9.,3.),.PIECEWISE_BEZIER_KNOTS.);
#14186 = CARTESIAN_POINT('',(-6.,37.809280897386));
#14187 = CARTESIAN_POINT('',(6.,37.809280897386));
#14188 = ( GEOMETRIC_REPRESENTATION_CONTEXT(2) 
PARAMETRIC_REPRESENTATION_CONTEXT() REPRESENTATION_CONTEXT('2D SPACE',''
  ) );
#14189 = PCURVE('',#14190,#14195);
#14190 = PLANE('',#14191);
#14191 = AXIS2_PLACEMENT_3D('',#14192,#14193,#14194);
#14192 = CARTESIAN_POINT('',(6.,38.5,-150.));
#14193 = DIRECTION('',(0.,-1.,0.));
#14194 = DIRECTION('',(-1.,0.,0.));
#14195 = DEFINITIONAL_REPRESENTATION('',(#14196),#14199);
#14196 = B_SPLINE_CURVE_WITH_KNOTS('',1,(#14197,#14198),.UNSPECIFIED.,
  .F.,.F.,(2,2),(-9.,3.),.PIECEWISE_BEZIER_KNOTS.);
#14197 = CARTESIAN_POINT('',(12.,-15.));
#14198 = CARTESIAN_POINT('',(0.,-15.));
#14199 = ( GEOMETRIC_REPRESENTATION_CONTEXT(2) 
PARAMETRIC_REPRESENTATION_CONTEXT() REPRESENTATION_CONTEXT('2D SPACE',''
  ) );
#14200 = ORIENTED_EDGE('',*,*,#14201,.F.);
#14201 = EDGE_CURVE('',#13442,#14176,#14202,.T.);
#14202 = SURFACE_CURVE('',#14203,(#14207,#14213),.PCURVE_S1.);
#14203 = LINE('',#14204,#14205);
#14204 = CARTESIAN_POINT('',(-6.,19.595359551307,-135.));
#14205 = VECTOR('',#14206,1.);
#14206 = DIRECTION('',(0.,-1.,0.));
#14207 = PCURVE('',#12228,#14208);
#14208 = DEFINITIONAL_REPRESENTATION('',(#14209),#14212);
#14209 = B_SPLINE_CURVE_WITH_KNOTS('',1,(#14210,#14211),.UNSPECIFIED.,
  .F.,.F.,(2,2),(-20.30464044869,-18.90464044869),
  .PIECEWISE_BEZIER_KNOTS.);
#14210 = CARTESIAN_POINT('',(-6.,39.209280897386));
#14211 = CARTESIAN_POINT('',(-6.,37.809280897386));
#14212 = ( GEOMETRIC_REPRESENTATION_CONTEXT(2) 
PARAMETRIC_REPRESENTATION_CONTEXT() REPRESENTATION_CONTEXT('2D SPACE',''
  ) );
#14213 = PCURVE('',#13456,#14214);
#14214 = DEFINITIONAL_REPRESENTATION('',(#14215),#14218);
#14215 = B_SPLINE_CURVE_WITH_KNOTS('',1,(#14216,#14217),.UNSPECIFIED.,
  .F.,.F.,(2,2),(-20.30464044869,-18.90464044869),
  .PIECEWISE_BEZIER_KNOTS.);
#14216 = CARTESIAN_POINT('',(1.4,-15.));
#14217 = CARTESIAN_POINT('',(0.,-15.));
#14218 = ( GEOMETRIC_REPRESENTATION_CONTEXT(2) 
PARAMETRIC_REPRESENTATION_CONTEXT() REPRESENTATION_CONTEXT('2D SPACE',''
  ) );
#14219 = ORIENTED_EDGE('',*,*,#13467,.T.);
#14220 = ORIENTED_EDGE('',*,*,#14221,.F.);
#14221 = EDGE_CURVE('',#14013,#13468,#14222,.T.);
#14222 = SURFACE_CURVE('',#14223,(#14228,#14235),.PCURVE_S1.);
#14223 = CIRCLE('',#14224,1.);
#14224 = AXIS2_PLACEMENT_3D('',#14225,#14226,#14227);
#14225 = CARTESIAN_POINT('',(-33.77499074759,19.5,-135.));
#14226 = DIRECTION('',(0.,0.,1.));
#14227 = DIRECTION('',(1.,0.,-0.));
#14228 = PCURVE('',#12228,#14229);
#14229 = DEFINITIONAL_REPRESENTATION('',(#14230),#14234);
#14230 = CIRCLE('',#14231,1.);
#14231 = AXIS2_PLACEMENT_2D('',#14232,#14233);
#14232 = CARTESIAN_POINT('',(-33.77499074759,18.809280897386));
#14233 = DIRECTION('',(1.,0.));
#14234 = ( GEOMETRIC_REPRESENTATION_CONTEXT(2) 
PARAMETRIC_REPRESENTATION_CONTEXT() REPRESENTATION_CONTEXT('2D SPACE',''
  ) );
#14235 = PCURVE('',#13503,#14236);
#14236 = DEFINITIONAL_REPRESENTATION('',(#14237),#14241);
#14237 = LINE('',#14238,#14239);
#14238 = CARTESIAN_POINT('',(0.,15.));
#14239 = VECTOR('',#14240,1.);
#14240 = DIRECTION('',(1.,0.));
#14241 = ( GEOMETRIC_REPRESENTATION_CONTEXT(2) 
PARAMETRIC_REPRESENTATION_CONTEXT() REPRESENTATION_CONTEXT('2D SPACE',''
  ) );
#14242 = ADVANCED_FACE('',(#14243),#12201,.F.);
#14243 = FACE_BOUND('',#14244,.F.);
#14244 = EDGE_LOOP('',(#14245,#14266,#14267,#14268));
#14245 = ORIENTED_EDGE('',*,*,#14246,.T.);
#14246 = EDGE_CURVE('',#13878,#14038,#14247,.T.);
#14247 = SURFACE_CURVE('',#14248,(#14252,#14259),.PCURVE_S1.);
#14248 = LINE('',#14249,#14250);
#14249 = CARTESIAN_POINT('',(-32.77499074759,-19.5,-150.));
#14250 = VECTOR('',#14251,1.);
#14251 = DIRECTION('',(0.,0.,1.));
#14252 = PCURVE('',#12201,#14253);
#14253 = DEFINITIONAL_REPRESENTATION('',(#14254),#14258);
#14254 = LINE('',#14255,#14256);
#14255 = CARTESIAN_POINT('',(6.28318530718,-0.));
#14256 = VECTOR('',#14257,1.);
#14257 = DIRECTION('',(0.,1.));
#14258 = ( GEOMETRIC_REPRESENTATION_CONTEXT(2) 
PARAMETRIC_REPRESENTATION_CONTEXT() REPRESENTATION_CONTEXT('2D SPACE',''
  ) );
#14259 = PCURVE('',#13863,#14260);
#14260 = DEFINITIONAL_REPRESENTATION('',(#14261),#14265);
#14261 = LINE('',#14262,#14263);
#14262 = CARTESIAN_POINT('',(0.,-0.));
#14263 = VECTOR('',#14264,1.);
#14264 = DIRECTION('',(0.,1.));
#14265 = ( GEOMETRIC_REPRESENTATION_CONTEXT(2) 
PARAMETRIC_REPRESENTATION_CONTEXT() REPRESENTATION_CONTEXT('2D SPACE',''
  ) );
#14266 = ORIENTED_EDGE('',*,*,#14061,.F.);
#14267 = ORIENTED_EDGE('',*,*,#12186,.F.);
#14268 = ORIENTED_EDGE('',*,*,#13877,.T.);
#14269 = ADVANCED_FACE('',(#14270),#12283,.T.);
#14270 = FACE_BOUND('',#14271,.T.);
#14271 = EDGE_LOOP('',(#14272,#14294,#14295,#14296,#14297,#14298,#14299,
    #14300,#14301,#14302,#14303,#14304,#14305,#14306));
#14272 = ORIENTED_EDGE('',*,*,#14273,.T.);
#14273 = EDGE_CURVE('',#11790,#13964,#14274,.T.);
#14274 = SURFACE_CURVE('',#14275,(#14280,#14287),.PCURVE_S1.);
#14275 = CIRCLE('',#14276,1.);
#14276 = AXIS2_PLACEMENT_3D('',#14277,#14278,#14279);
#14277 = CARTESIAN_POINT('',(-7.164183775012E-15,-39.,-150.));
#14278 = DIRECTION('',(0.,0.,1.));
#14279 = DIRECTION('',(1.,0.,-0.));
#14280 = PCURVE('',#12283,#14281);
#14281 = DEFINITIONAL_REPRESENTATION('',(#14282),#14286);
#14282 = CIRCLE('',#14283,1.);
#14283 = AXIS2_PLACEMENT_2D('',#14284,#14285);
#14284 = CARTESIAN_POINT('',(0.,0.));
#14285 = DIRECTION('',(1.,0.));
#14286 = ( GEOMETRIC_REPRESENTATION_CONTEXT(2) 
PARAMETRIC_REPRESENTATION_CONTEXT() REPRESENTATION_CONTEXT('2D SPACE',''
  ) );
#14287 = PCURVE('',#12566,#14288);
#14288 = DEFINITIONAL_REPRESENTATION('',(#14289),#14293);
#14289 = LINE('',#14290,#14291);
#14290 = CARTESIAN_POINT('',(0.,0.));
#14291 = VECTOR('',#14292,1.);
#14292 = DIRECTION('',(1.,0.));
#14293 = ( GEOMETRIC_REPRESENTATION_CONTEXT(2) 
PARAMETRIC_REPRESENTATION_CONTEXT() REPRESENTATION_CONTEXT('2D SPACE',''
  ) );
#14294 = ORIENTED_EDGE('',*,*,#13986,.T.);
#14295 = ORIENTED_EDGE('',*,*,#12267,.T.);
#14296 = ORIENTED_EDGE('',*,*,#12526,.T.);
#14297 = ORIENTED_EDGE('',*,*,#12503,.T.);
#14298 = ORIENTED_EDGE('',*,*,#12480,.T.);
#14299 = ORIENTED_EDGE('',*,*,#12457,.T.);
#14300 = ORIENTED_EDGE('',*,*,#12434,.T.);
#14301 = ORIENTED_EDGE('',*,*,#12411,.T.);
#14302 = ORIENTED_EDGE('',*,*,#12388,.T.);
#14303 = ORIENTED_EDGE('',*,*,#12365,.T.);
#14304 = ORIENTED_EDGE('',*,*,#12342,.T.);
#14305 = ORIENTED_EDGE('',*,*,#12319,.T.);
#14306 = ORIENTED_EDGE('',*,*,#12296,.T.);
#14307 = ADVANCED_FACE('',(#14308),#12613,.F.);
#14308 = FACE_BOUND('',#14309,.F.);
#14309 = EDGE_LOOP('',(#14310,#14311,#14333,#14334));
#14310 = ORIENTED_EDGE('',*,*,#12935,.F.);
#14311 = ORIENTED_EDGE('',*,*,#14312,.T.);
#14312 = EDGE_CURVE('',#11709,#11766,#14313,.T.);
#14313 = SURFACE_CURVE('',#14314,(#14319,#14326),.PCURVE_S1.);
#14314 = CIRCLE('',#14315,1.);
#14315 = AXIS2_PLACEMENT_3D('',#14316,#14317,#14318);
#14316 = CARTESIAN_POINT('',(33.774990747593,-19.5,-150.));
#14317 = DIRECTION('',(0.,0.,1.));
#14318 = DIRECTION('',(1.,0.,-0.));
#14319 = PCURVE('',#12613,#14320);
#14320 = DEFINITIONAL_REPRESENTATION('',(#14321),#14325);
#14321 = LINE('',#14322,#14323);
#14322 = CARTESIAN_POINT('',(0.,0.));
#14323 = VECTOR('',#14324,1.);
#14324 = DIRECTION('',(1.,0.));
#14325 = ( GEOMETRIC_REPRESENTATION_CONTEXT(2) 
PARAMETRIC_REPRESENTATION_CONTEXT() REPRESENTATION_CONTEXT('2D SPACE',''
  ) );
#14326 = PCURVE('',#12643,#14327);
#14327 = DEFINITIONAL_REPRESENTATION('',(#14328),#14332);
#14328 = CIRCLE('',#14329,1.);
#14329 = AXIS2_PLACEMENT_2D('',#14330,#14331);
#14330 = CARTESIAN_POINT('',(0.,0.));
#14331 = DIRECTION('',(1.,0.));
#14332 = ( GEOMETRIC_REPRESENTATION_CONTEXT(2) 
PARAMETRIC_REPRESENTATION_CONTEXT() REPRESENTATION_CONTEXT('2D SPACE',''
  ) );
#14333 = ORIENTED_EDGE('',*,*,#12600,.T.);
#14334 = ORIENTED_EDGE('',*,*,#14108,.F.);
#14335 = ADVANCED_FACE('',(#14336),#12566,.F.);
#14336 = FACE_BOUND('',#14337,.F.);
#14337 = EDGE_LOOP('',(#14338,#14339,#14340,#14341));
#14338 = ORIENTED_EDGE('',*,*,#13963,.T.);
#14339 = ORIENTED_EDGE('',*,*,#14085,.F.);
#14340 = ORIENTED_EDGE('',*,*,#12551,.F.);
#14341 = ORIENTED_EDGE('',*,*,#14273,.T.);
#14342 = ADVANCED_FACE('',(#14343),#12643,.T.);
#14343 = FACE_BOUND('',#14344,.T.);
#14344 = EDGE_LOOP('',(#14345,#14346,#14347,#14348,#14349,#14350,#14351,
    #14352,#14353,#14354,#14355,#14356,#14357,#14358));
#14345 = ORIENTED_EDGE('',*,*,#12657,.T.);
#14346 = ORIENTED_EDGE('',*,*,#14312,.T.);
#14347 = ORIENTED_EDGE('',*,*,#12627,.T.);
#14348 = ORIENTED_EDGE('',*,*,#12910,.T.);
#14349 = ORIENTED_EDGE('',*,*,#12887,.T.);
#14350 = ORIENTED_EDGE('',*,*,#12864,.T.);
#14351 = ORIENTED_EDGE('',*,*,#12841,.T.);
#14352 = ORIENTED_EDGE('',*,*,#12818,.T.);
#14353 = ORIENTED_EDGE('',*,*,#12795,.T.);
#14354 = ORIENTED_EDGE('',*,*,#12772,.T.);
#14355 = ORIENTED_EDGE('',*,*,#12749,.T.);
#14356 = ORIENTED_EDGE('',*,*,#12726,.T.);
#14357 = ORIENTED_EDGE('',*,*,#12703,.T.);
#14358 = ORIENTED_EDGE('',*,*,#12680,.T.);
#14359 = ADVANCED_FACE('',(#14360),#12992,.F.);
#14360 = FACE_BOUND('',#14361,.F.);
#14361 = EDGE_LOOP('',(#14362,#14363,#14385,#14386));
#14362 = ORIENTED_EDGE('',*,*,#13291,.F.);
#14363 = ORIENTED_EDGE('',*,*,#14364,.T.);
#14364 = EDGE_CURVE('',#11628,#11685,#14365,.T.);
#14365 = SURFACE_CURVE('',#14366,(#14371,#14378),.PCURVE_S1.);
#14366 = CIRCLE('',#14367,1.);
#14367 = AXIS2_PLACEMENT_3D('',#14368,#14369,#14370);
#14368 = CARTESIAN_POINT('',(33.774990747593,19.5,-150.));
#14369 = DIRECTION('',(0.,0.,1.));
#14370 = DIRECTION('',(1.,0.,-0.));
#14371 = PCURVE('',#12992,#14372);
#14372 = DEFINITIONAL_REPRESENTATION('',(#14373),#14377);
#14373 = LINE('',#14374,#14375);
#14374 = CARTESIAN_POINT('',(0.,0.));
#14375 = VECTOR('',#14376,1.);
#14376 = DIRECTION('',(1.,0.));
#14377 = ( GEOMETRIC_REPRESENTATION_CONTEXT(2) 
PARAMETRIC_REPRESENTATION_CONTEXT() REPRESENTATION_CONTEXT('2D SPACE',''
  ) );
#14378 = PCURVE('',#13023,#14379);
#14379 = DEFINITIONAL_REPRESENTATION('',(#14380),#14384);
#14380 = CIRCLE('',#14381,1.);
#14381 = AXIS2_PLACEMENT_2D('',#14382,#14383);
#14382 = CARTESIAN_POINT('',(0.,0.));
#14383 = DIRECTION('',(1.,0.));
#14384 = ( GEOMETRIC_REPRESENTATION_CONTEXT(2) 
PARAMETRIC_REPRESENTATION_CONTEXT() REPRESENTATION_CONTEXT('2D SPACE',''
  ) );
#14385 = ORIENTED_EDGE('',*,*,#12979,.T.);
#14386 = ORIENTED_EDGE('',*,*,#14131,.F.);
#14387 = ADVANCED_FACE('',(#14388),#13023,.T.);
#14388 = FACE_BOUND('',#14389,.T.);
#14389 = EDGE_LOOP('',(#14390,#14391,#14392,#14393,#14394,#14395,#14396,
    #14397,#14398,#14399,#14400,#14401,#14402));
#14390 = ORIENTED_EDGE('',*,*,#13007,.T.);
#14391 = ORIENTED_EDGE('',*,*,#14364,.T.);
#14392 = ORIENTED_EDGE('',*,*,#13265,.T.);
#14393 = ORIENTED_EDGE('',*,*,#13242,.T.);
#14394 = ORIENTED_EDGE('',*,*,#13219,.T.);
#14395 = ORIENTED_EDGE('',*,*,#13196,.T.);
#14396 = ORIENTED_EDGE('',*,*,#13173,.T.);
#14397 = ORIENTED_EDGE('',*,*,#13150,.T.);
#14398 = ORIENTED_EDGE('',*,*,#13127,.T.);
#14399 = ORIENTED_EDGE('',*,*,#13104,.T.);
#14400 = ORIENTED_EDGE('',*,*,#13081,.T.);
#14401 = ORIENTED_EDGE('',*,*,#13058,.T.);
#14402 = ORIENTED_EDGE('',*,*,#13035,.T.);
#14403 = ADVANCED_FACE('',(#14404),#13348,.F.);
#14404 = FACE_BOUND('',#14405,.F.);
#14405 = EDGE_LOOP('',(#14406,#14429,#14430,#14431));
#14406 = ORIENTED_EDGE('',*,*,#14407,.F.);
#14407 = EDGE_CURVE('',#11605,#14408,#14410,.T.);
#14408 = VERTEX_POINT('',#14409);
#14409 = CARTESIAN_POINT('',(6.,38.5,-150.));
#14410 = SURFACE_CURVE('',#14411,(#14415,#14422),.PCURVE_S1.);
#14411 = LINE('',#14412,#14413);
#14412 = CARTESIAN_POINT('',(6.,40.,-150.));
#14413 = VECTOR('',#14414,1.);
#14414 = DIRECTION('',(0.,-1.,0.));
#14415 = PCURVE('',#13348,#14416);
#14416 = DEFINITIONAL_REPRESENTATION('',(#14417),#14421);
#14417 = LINE('',#14418,#14419);
#14418 = CARTESIAN_POINT('',(0.,0.));
#14419 = VECTOR('',#14420,1.);
#14420 = DIRECTION('',(1.,0.));
#14421 = ( GEOMETRIC_REPRESENTATION_CONTEXT(2) 
PARAMETRIC_REPRESENTATION_CONTEXT() REPRESENTATION_CONTEXT('2D SPACE',''
  ) );
#14422 = PCURVE('',#13379,#14423);
#14423 = DEFINITIONAL_REPRESENTATION('',(#14424),#14428);
#14424 = LINE('',#14425,#14426);
#14425 = CARTESIAN_POINT('',(-6.,0.75));
#14426 = VECTOR('',#14427,1.);
#14427 = DIRECTION('',(0.,-1.));
#14428 = ( GEOMETRIC_REPRESENTATION_CONTEXT(2) 
PARAMETRIC_REPRESENTATION_CONTEXT() REPRESENTATION_CONTEXT('2D SPACE',''
  ) );
#14429 = ORIENTED_EDGE('',*,*,#13335,.T.);
#14430 = ORIENTED_EDGE('',*,*,#14154,.F.);
#14431 = ORIENTED_EDGE('',*,*,#14432,.F.);
#14432 = EDGE_CURVE('',#14408,#14155,#14433,.T.);
#14433 = SURFACE_CURVE('',#14434,(#14438,#14445),.PCURVE_S1.);
#14434 = LINE('',#14435,#14436);
#14435 = CARTESIAN_POINT('',(6.,38.5,-150.));
#14436 = VECTOR('',#14437,1.);
#14437 = DIRECTION('',(0.,0.,1.));
#14438 = PCURVE('',#13348,#14439);
#14439 = DEFINITIONAL_REPRESENTATION('',(#14440),#14444);
#14440 = LINE('',#14441,#14442);
#14441 = CARTESIAN_POINT('',(1.5,0.));
#14442 = VECTOR('',#14443,1.);
#14443 = DIRECTION('',(0.,-1.));
#14444 = ( GEOMETRIC_REPRESENTATION_CONTEXT(2) 
PARAMETRIC_REPRESENTATION_CONTEXT() REPRESENTATION_CONTEXT('2D SPACE',''
  ) );
#14445 = PCURVE('',#14190,#14446);
#14446 = DEFINITIONAL_REPRESENTATION('',(#14447),#14451);
#14447 = LINE('',#14448,#14449);
#14448 = CARTESIAN_POINT('',(0.,-0.));
#14449 = VECTOR('',#14450,1.);
#14450 = DIRECTION('',(0.,-1.));
#14451 = ( GEOMETRIC_REPRESENTATION_CONTEXT(2) 
PARAMETRIC_REPRESENTATION_CONTEXT() REPRESENTATION_CONTEXT('2D SPACE',''
  ) );
#14452 = ADVANCED_FACE('',(#14453),#13379,.F.);
#14453 = FACE_BOUND('',#14454,.F.);
#14454 = EDGE_LOOP('',(#14455,#14478,#14479,#14480,#14481,#14482));
#14455 = ORIENTED_EDGE('',*,*,#14456,.T.);
#14456 = EDGE_CURVE('',#14457,#11526,#14459,.T.);
#14457 = VERTEX_POINT('',#14458);
#14458 = CARTESIAN_POINT('',(-6.,38.5,-150.));
#14459 = SURFACE_CURVE('',#14460,(#14464,#14471),.PCURVE_S1.);
#14460 = LINE('',#14461,#14462);
#14461 = CARTESIAN_POINT('',(-6.,38.5,-150.));
#14462 = VECTOR('',#14463,1.);
#14463 = DIRECTION('',(0.,1.,0.));
#14464 = PCURVE('',#13379,#14465);
#14465 = DEFINITIONAL_REPRESENTATION('',(#14466),#14470);
#14466 = LINE('',#14467,#14468);
#14467 = CARTESIAN_POINT('',(6.,-0.75));
#14468 = VECTOR('',#14469,1.);
#14469 = DIRECTION('',(0.,1.));
#14470 = ( GEOMETRIC_REPRESENTATION_CONTEXT(2) 
PARAMETRIC_REPRESENTATION_CONTEXT() REPRESENTATION_CONTEXT('2D SPACE',''
  ) );
#14471 = PCURVE('',#13456,#14472);
#14472 = DEFINITIONAL_REPRESENTATION('',(#14473),#14477);
#14473 = LINE('',#14474,#14475);
#14474 = CARTESIAN_POINT('',(0.,0.));
#14475 = VECTOR('',#14476,1.);
#14476 = DIRECTION('',(1.,0.));
#14477 = ( GEOMETRIC_REPRESENTATION_CONTEXT(2) 
PARAMETRIC_REPRESENTATION_CONTEXT() REPRESENTATION_CONTEXT('2D SPACE',''
  ) );
#14478 = ORIENTED_EDGE('',*,*,#13363,.F.);
#14479 = ORIENTED_EDGE('',*,*,#13391,.F.);
#14480 = ORIENTED_EDGE('',*,*,#13414,.F.);
#14481 = ORIENTED_EDGE('',*,*,#14407,.T.);
#14482 = ORIENTED_EDGE('',*,*,#14483,.T.);
#14483 = EDGE_CURVE('',#14408,#14457,#14484,.T.);
#14484 = SURFACE_CURVE('',#14485,(#14489,#14496),.PCURVE_S1.);
#14485 = LINE('',#14486,#14487);
#14486 = CARTESIAN_POINT('',(6.,38.5,-150.));
#14487 = VECTOR('',#14488,1.);
#14488 = DIRECTION('',(-1.,0.,0.));
#14489 = PCURVE('',#13379,#14490);
#14490 = DEFINITIONAL_REPRESENTATION('',(#14491),#14495);
#14491 = LINE('',#14492,#14493);
#14492 = CARTESIAN_POINT('',(-6.,-0.75));
#14493 = VECTOR('',#14494,1.);
#14494 = DIRECTION('',(1.,0.));
#14495 = ( GEOMETRIC_REPRESENTATION_CONTEXT(2) 
PARAMETRIC_REPRESENTATION_CONTEXT() REPRESENTATION_CONTEXT('2D SPACE',''
  ) );
#14496 = PCURVE('',#14190,#14497);
#14497 = DEFINITIONAL_REPRESENTATION('',(#14498),#14502);
#14498 = LINE('',#14499,#14500);
#14499 = CARTESIAN_POINT('',(0.,-0.));
#14500 = VECTOR('',#14501,1.);
#14501 = DIRECTION('',(1.,0.));
#14502 = ( GEOMETRIC_REPRESENTATION_CONTEXT(2) 
PARAMETRIC_REPRESENTATION_CONTEXT() REPRESENTATION_CONTEXT('2D SPACE',''
  ) );
#14503 = ADVANCED_FACE('',(#14504),#13503,.F.);
#14504 = FACE_BOUND('',#14505,.F.);
#14505 = EDGE_LOOP('',(#14506,#14507,#14530,#14552));
#14506 = ORIENTED_EDGE('',*,*,#14221,.F.);
#14507 = ORIENTED_EDGE('',*,*,#14508,.F.);
#14508 = EDGE_CURVE('',#14509,#14013,#14511,.T.);
#14509 = VERTEX_POINT('',#14510);
#14510 = CARTESIAN_POINT('',(-32.77499074759,19.5,-150.));
#14511 = SURFACE_CURVE('',#14512,(#14516,#14523),.PCURVE_S1.);
#14512 = LINE('',#14513,#14514);
#14513 = CARTESIAN_POINT('',(-32.77499074759,19.5,-150.));
#14514 = VECTOR('',#14515,1.);
#14515 = DIRECTION('',(0.,0.,1.));
#14516 = PCURVE('',#13503,#14517);
#14517 = DEFINITIONAL_REPRESENTATION('',(#14518),#14522);
#14518 = LINE('',#14519,#14520);
#14519 = CARTESIAN_POINT('',(0.,-0.));
#14520 = VECTOR('',#14521,1.);
#14521 = DIRECTION('',(0.,1.));
#14522 = ( GEOMETRIC_REPRESENTATION_CONTEXT(2) 
PARAMETRIC_REPRESENTATION_CONTEXT() REPRESENTATION_CONTEXT('2D SPACE',''
  ) );
#14523 = PCURVE('',#13816,#14524);
#14524 = DEFINITIONAL_REPRESENTATION('',(#14525),#14529);
#14525 = LINE('',#14526,#14527);
#14526 = CARTESIAN_POINT('',(6.28318530718,-0.));
#14527 = VECTOR('',#14528,1.);
#14528 = DIRECTION('',(0.,1.));
#14529 = ( GEOMETRIC_REPRESENTATION_CONTEXT(2) 
PARAMETRIC_REPRESENTATION_CONTEXT() REPRESENTATION_CONTEXT('2D SPACE',''
  ) );
#14530 = ORIENTED_EDGE('',*,*,#14531,.T.);
#14531 = EDGE_CURVE('',#14509,#11497,#14532,.T.);
#14532 = SURFACE_CURVE('',#14533,(#14538,#14545),.PCURVE_S1.);
#14533 = CIRCLE('',#14534,1.);
#14534 = AXIS2_PLACEMENT_3D('',#14535,#14536,#14537);
#14535 = CARTESIAN_POINT('',(-33.77499074759,19.5,-150.));
#14536 = DIRECTION('',(0.,0.,1.));
#14537 = DIRECTION('',(1.,0.,-0.));
#14538 = PCURVE('',#13503,#14539);
#14539 = DEFINITIONAL_REPRESENTATION('',(#14540),#14544);
#14540 = LINE('',#14541,#14542);
#14541 = CARTESIAN_POINT('',(0.,0.));
#14542 = VECTOR('',#14543,1.);
#14543 = DIRECTION('',(1.,0.));
#14544 = ( GEOMETRIC_REPRESENTATION_CONTEXT(2) 
PARAMETRIC_REPRESENTATION_CONTEXT() REPRESENTATION_CONTEXT('2D SPACE',''
  ) );
#14545 = PCURVE('',#13534,#14546);
#14546 = DEFINITIONAL_REPRESENTATION('',(#14547),#14551);
#14547 = CIRCLE('',#14548,1.);
#14548 = AXIS2_PLACEMENT_2D('',#14549,#14550);
#14549 = CARTESIAN_POINT('',(0.,0.));
#14550 = DIRECTION('',(1.,0.));
#14551 = ( GEOMETRIC_REPRESENTATION_CONTEXT(2) 
PARAMETRIC_REPRESENTATION_CONTEXT() REPRESENTATION_CONTEXT('2D SPACE',''
  ) );
#14552 = ORIENTED_EDGE('',*,*,#13490,.T.);
#14553 = ADVANCED_FACE('',(#14554),#13456,.F.);
#14554 = FACE_BOUND('',#14555,.F.);
#14555 = EDGE_LOOP('',(#14556,#14557,#14578,#14579));
#14556 = ORIENTED_EDGE('',*,*,#14456,.F.);
#14557 = ORIENTED_EDGE('',*,*,#14558,.T.);
#14558 = EDGE_CURVE('',#14457,#14176,#14559,.T.);
#14559 = SURFACE_CURVE('',#14560,(#14564,#14571),.PCURVE_S1.);
#14560 = LINE('',#14561,#14562);
#14561 = CARTESIAN_POINT('',(-6.,38.5,-150.));
#14562 = VECTOR('',#14563,1.);
#14563 = DIRECTION('',(0.,0.,1.));
#14564 = PCURVE('',#13456,#14565);
#14565 = DEFINITIONAL_REPRESENTATION('',(#14566),#14570);
#14566 = LINE('',#14567,#14568);
#14567 = CARTESIAN_POINT('',(0.,0.));
#14568 = VECTOR('',#14569,1.);
#14569 = DIRECTION('',(0.,-1.));
#14570 = ( GEOMETRIC_REPRESENTATION_CONTEXT(2) 
PARAMETRIC_REPRESENTATION_CONTEXT() REPRESENTATION_CONTEXT('2D SPACE',''
  ) );
#14571 = PCURVE('',#14190,#14572);
#14572 = DEFINITIONAL_REPRESENTATION('',(#14573),#14577);
#14573 = LINE('',#14574,#14575);
#14574 = CARTESIAN_POINT('',(12.,0.));
#14575 = VECTOR('',#14576,1.);
#14576 = DIRECTION('',(0.,-1.));
#14577 = ( GEOMETRIC_REPRESENTATION_CONTEXT(2) 
PARAMETRIC_REPRESENTATION_CONTEXT() REPRESENTATION_CONTEXT('2D SPACE',''
  ) );
#14578 = ORIENTED_EDGE('',*,*,#14201,.F.);
#14579 = ORIENTED_EDGE('',*,*,#13441,.T.);
#14580 = ADVANCED_FACE('',(#14581),#13534,.T.);
#14581 = FACE_BOUND('',#14582,.T.);
#14582 = EDGE_LOOP('',(#14583,#14605,#14606,#14607,#14608,#14609,#14610,
    #14611,#14612,#14613,#14614,#14615,#14616,#14617));
#14583 = ORIENTED_EDGE('',*,*,#14584,.T.);
#14584 = EDGE_CURVE('',#11469,#14509,#14585,.T.);
#14585 = SURFACE_CURVE('',#14586,(#14591,#14598),.PCURVE_S1.);
#14586 = CIRCLE('',#14587,1.);
#14587 = AXIS2_PLACEMENT_3D('',#14588,#14589,#14590);
#14588 = CARTESIAN_POINT('',(-33.77499074759,19.5,-150.));
#14589 = DIRECTION('',(0.,0.,1.));
#14590 = DIRECTION('',(1.,0.,-0.));
#14591 = PCURVE('',#13534,#14592);
#14592 = DEFINITIONAL_REPRESENTATION('',(#14593),#14597);
#14593 = CIRCLE('',#14594,1.);
#14594 = AXIS2_PLACEMENT_2D('',#14595,#14596);
#14595 = CARTESIAN_POINT('',(0.,0.));
#14596 = DIRECTION('',(1.,0.));
#14597 = ( GEOMETRIC_REPRESENTATION_CONTEXT(2) 
PARAMETRIC_REPRESENTATION_CONTEXT() REPRESENTATION_CONTEXT('2D SPACE',''
  ) );
#14598 = PCURVE('',#13816,#14599);
#14599 = DEFINITIONAL_REPRESENTATION('',(#14600),#14604);
#14600 = LINE('',#14601,#14602);
#14601 = CARTESIAN_POINT('',(0.,0.));
#14602 = VECTOR('',#14603,1.);
#14603 = DIRECTION('',(1.,0.));
#14604 = ( GEOMETRIC_REPRESENTATION_CONTEXT(2) 
PARAMETRIC_REPRESENTATION_CONTEXT() REPRESENTATION_CONTEXT('2D SPACE',''
  ) );
#14605 = ORIENTED_EDGE('',*,*,#14531,.T.);
#14606 = ORIENTED_EDGE('',*,*,#13776,.T.);
#14607 = ORIENTED_EDGE('',*,*,#13753,.T.);
#14608 = ORIENTED_EDGE('',*,*,#13730,.T.);
#14609 = ORIENTED_EDGE('',*,*,#13707,.T.);
#14610 = ORIENTED_EDGE('',*,*,#13684,.T.);
#14611 = ORIENTED_EDGE('',*,*,#13661,.T.);
#14612 = ORIENTED_EDGE('',*,*,#13638,.T.);
#14613 = ORIENTED_EDGE('',*,*,#13615,.T.);
#14614 = ORIENTED_EDGE('',*,*,#13592,.T.);
#14615 = ORIENTED_EDGE('',*,*,#13569,.T.);
#14616 = ORIENTED_EDGE('',*,*,#13546,.T.);
#14617 = ORIENTED_EDGE('',*,*,#13518,.T.);
#14618 = ADVANCED_FACE('',(#14619),#13863,.F.);
#14619 = FACE_BOUND('',#14620,.F.);
#14620 = EDGE_LOOP('',(#14621,#14622,#14623,#14624));
#14621 = ORIENTED_EDGE('',*,*,#14037,.F.);
#14622 = ORIENTED_EDGE('',*,*,#14246,.F.);
#14623 = ORIENTED_EDGE('',*,*,#13901,.T.);
#14624 = ORIENTED_EDGE('',*,*,#13850,.T.);
#14625 = ADVANCED_FACE('',(#14626),#13816,.F.);
#14626 = FACE_BOUND('',#14627,.F.);
#14627 = EDGE_LOOP('',(#14628,#14629,#14630,#14631));
#14628 = ORIENTED_EDGE('',*,*,#14508,.T.);
#14629 = ORIENTED_EDGE('',*,*,#14012,.F.);
#14630 = ORIENTED_EDGE('',*,*,#13801,.F.);
#14631 = ORIENTED_EDGE('',*,*,#14584,.T.);
#14632 = ADVANCED_FACE('',(#14633),#14190,.F.);
#14633 = FACE_BOUND('',#14634,.F.);
#14634 = EDGE_LOOP('',(#14635,#14636,#14637,#14638));
#14635 = ORIENTED_EDGE('',*,*,#14483,.F.);
#14636 = ORIENTED_EDGE('',*,*,#14432,.T.);
#14637 = ORIENTED_EDGE('',*,*,#14175,.F.);
#14638 = ORIENTED_EDGE('',*,*,#14558,.F.);
#14639 = ( GEOMETRIC_REPRESENTATION_CONTEXT(3) 
GLOBAL_UNCERTAINTY_ASSIGNED_CONTEXT((#14643)) 
GLOBAL_UNIT_ASSIGNED_CONTEXT((#14640,#14641,#14642)) 
REPRESENTATION_CONTEXT('Context #1',
  '3D Context with UNIT and UNCERTAINTY') );
#14640 = ( LENGTH_UNIT() NAMED_UNIT(*) SI_UNIT(.MILLI.,.METRE.) );
#14641 = ( NAMED_UNIT(*) PLANE_ANGLE_UNIT() SI_UNIT($,.RADIAN.) );
#14642 = ( NAMED_UNIT(*) SI_UNIT($,.STERADIAN.) SOLID_ANGLE_UNIT() );
#14643 = UNCERTAINTY_MEASURE_WITH_UNIT(LENGTH_MEASURE(1.E-07),#14640,
  'distance_accuracy_value','confusion accuracy');
#14644 = SHAPE_DEFINITION_REPRESENTATION(#14645,#11339);
#14645 = PRODUCT_DEFINITION_SHAPE('','',#14646);
#14646 = PRODUCT_DEFINITION('design','',#14647,#14650);
#14647 = PRODUCT_DEFINITION_FORMATION('','',#14648);
#14648 = PRODUCT('Open CASCADE STEP translator 7.5 1.7.1',
  'Open CASCADE STEP translator 7.5 1.7.1','',(#14649));
#14649 = PRODUCT_CONTEXT('',#2,'mechanical');
#14650 = PRODUCT_DEFINITION_CONTEXT('part definition',#2,'design');
#14651 = CONTEXT_DEPENDENT_SHAPE_REPRESENTATION(#14652,#14654);
#14652 = ( REPRESENTATION_RELATIONSHIP('','',#11339,#11325) 
REPRESENTATION_RELATIONSHIP_WITH_TRANSFORMATION(#14653) 
SHAPE_REPRESENTATION_RELATIONSHIP() );
#14653 = ITEM_DEFINED_TRANSFORMATION('','',#11,#11326);
#14654 = PRODUCT_DEFINITION_SHAPE('Placement','Placement of an item',
  #14655);
#14655 = NEXT_ASSEMBLY_USAGE_OCCURRENCE('12','','',#11320,#14646,$);
#14656 = PRODUCT_RELATED_PRODUCT_CATEGORY('part',$,(#14648));
#14657 = ADVANCED_BREP_SHAPE_REPRESENTATION('',(#11,#14658),#17957);
#14658 = MANIFOLD_SOLID_BREP('',#14659);
#14659 = CLOSED_SHELL('',(#14660,#14748,#14752,#15193,#15499,#15581,
    #15864,#15941,#16248,#16320,#16604,#16676,#16754,#16831,#17114,
    #17191,#17253,#17510,#17560,#17587,#17625,#17653,#17660,#17677,
    #17705,#17721,#17770,#17821,#17871,#17898,#17936,#17943,#17950));
#14660 = ADVANCED_FACE('',(#14661),#14674,.T.);
#14661 = FACE_BOUND('',#14662,.T.);
#14662 = EDGE_LOOP('',(#14663,#14697,#14720,#14747));
#14663 = ORIENTED_EDGE('',*,*,#14664,.F.);
#14664 = EDGE_CURVE('',#14665,#14665,#14667,.T.);
#14665 = VERTEX_POINT('',#14666);
#14666 = CARTESIAN_POINT('',(46.,-1.126675055216E-14,158.));
#14667 = SURFACE_CURVE('',#14668,(#14673,#14685),.PCURVE_S1.);
#14668 = CIRCLE('',#14669,46.);
#14669 = AXIS2_PLACEMENT_3D('',#14670,#14671,#14672);
#14670 = CARTESIAN_POINT('',(0.,0.,158.));
#14671 = DIRECTION('',(0.,0.,1.));
#14672 = DIRECTION('',(1.,0.,-0.));
#14673 = PCURVE('',#14674,#14679);
#14674 = CYLINDRICAL_SURFACE('',#14675,46.);
#14675 = AXIS2_PLACEMENT_3D('',#14676,#14677,#14678);
#14676 = CARTESIAN_POINT('',(0.,0.,150.));
#14677 = DIRECTION('',(0.,0.,1.));
#14678 = DIRECTION('',(1.,0.,-0.));
#14679 = DEFINITIONAL_REPRESENTATION('',(#14680),#14684);
#14680 = LINE('',#14681,#14682);
#14681 = CARTESIAN_POINT('',(0.,8.));
#14682 = VECTOR('',#14683,1.);
#14683 = DIRECTION('',(1.,0.));
#14684 = ( GEOMETRIC_REPRESENTATION_CONTEXT(2) 
PARAMETRIC_REPRESENTATION_CONTEXT() REPRESENTATION_CONTEXT('2D SPACE',''
  ) );
#14685 = PCURVE('',#14686,#14691);
#14686 = PLANE('',#14687);
#14687 = AXIS2_PLACEMENT_3D('',#14688,#14689,#14690);
#14688 = CARTESIAN_POINT('',(0.,0.,158.));
#14689 = DIRECTION('',(0.,0.,1.));
#14690 = DIRECTION('',(1.,0.,-0.));
#14691 = DEFINITIONAL_REPRESENTATION('',(#14692),#14696);
#14692 = CIRCLE('',#14693,46.);
#14693 = AXIS2_PLACEMENT_2D('',#14694,#14695);
#14694 = CARTESIAN_POINT('',(0.,0.));
#14695 = DIRECTION('',(1.,0.));
#14696 = ( GEOMETRIC_REPRESENTATION_CONTEXT(2) 
PARAMETRIC_REPRESENTATION_CONTEXT() REPRESENTATION_CONTEXT('2D SPACE',''
  ) );
#14697 = ORIENTED_EDGE('',*,*,#14698,.F.);
#14698 = EDGE_CURVE('',#14699,#14665,#14701,.T.);
#14699 = VERTEX_POINT('',#14700);
#14700 = CARTESIAN_POINT('',(46.,-1.126675055216E-14,150.));
#14701 = SEAM_CURVE('',#14702,(#14706,#14713),.PCURVE_S1.);
#14702 = LINE('',#14703,#14704);
#14703 = CARTESIAN_POINT('',(46.,-1.126675055216E-14,150.));
#14704 = VECTOR('',#14705,1.);
#14705 = DIRECTION('',(0.,0.,1.));
#14706 = PCURVE('',#14674,#14707);
#14707 = DEFINITIONAL_REPRESENTATION('',(#14708),#14712);
#14708 = LINE('',#14709,#14710);
#14709 = CARTESIAN_POINT('',(6.28318530718,-0.));
#14710 = VECTOR('',#14711,1.);
#14711 = DIRECTION('',(0.,1.));
#14712 = ( GEOMETRIC_REPRESENTATION_CONTEXT(2) 
PARAMETRIC_REPRESENTATION_CONTEXT() REPRESENTATION_CONTEXT('2D SPACE',''
  ) );
#14713 = PCURVE('',#14674,#14714);
#14714 = DEFINITIONAL_REPRESENTATION('',(#14715),#14719);
#14715 = LINE('',#14716,#14717);
#14716 = CARTESIAN_POINT('',(0.,-0.));
#14717 = VECTOR('',#14718,1.);
#14718 = DIRECTION('',(0.,1.));
#14719 = ( GEOMETRIC_REPRESENTATION_CONTEXT(2) 
PARAMETRIC_REPRESENTATION_CONTEXT() REPRESENTATION_CONTEXT('2D SPACE',''
  ) );
#14720 = ORIENTED_EDGE('',*,*,#14721,.T.);
#14721 = EDGE_CURVE('',#14699,#14699,#14722,.T.);
#14722 = SURFACE_CURVE('',#14723,(#14728,#14735),.PCURVE_S1.);
#14723 = CIRCLE('',#14724,46.);
#14724 = AXIS2_PLACEMENT_3D('',#14725,#14726,#14727);
#14725 = CARTESIAN_POINT('',(0.,0.,150.));
#14726 = DIRECTION('',(0.,0.,1.));
#14727 = DIRECTION('',(1.,0.,-0.));
#14728 = PCURVE('',#14674,#14729);
#14729 = DEFINITIONAL_REPRESENTATION('',(#14730),#14734);
#14730 = LINE('',#14731,#14732);
#14731 = CARTESIAN_POINT('',(0.,0.));
#14732 = VECTOR('',#14733,1.);
#14733 = DIRECTION('',(1.,0.));
#14734 = ( GEOMETRIC_REPRESENTATION_CONTEXT(2) 
PARAMETRIC_REPRESENTATION_CONTEXT() REPRESENTATION_CONTEXT('2D SPACE',''
  ) );
#14735 = PCURVE('',#14736,#14741);
#14736 = PLANE('',#14737);
#14737 = AXIS2_PLACEMENT_3D('',#14738,#14739,#14740);
#14738 = CARTESIAN_POINT('',(0.,0.,150.));
#14739 = DIRECTION('',(0.,0.,1.));
#14740 = DIRECTION('',(1.,0.,-0.));
#14741 = DEFINITIONAL_REPRESENTATION('',(#14742),#14746);
#14742 = CIRCLE('',#14743,46.);
#14743 = AXIS2_PLACEMENT_2D('',#14744,#14745);
#14744 = CARTESIAN_POINT('',(0.,0.));
#14745 = DIRECTION('',(1.,0.));
#14746 = ( GEOMETRIC_REPRESENTATION_CONTEXT(2) 
PARAMETRIC_REPRESENTATION_CONTEXT() REPRESENTATION_CONTEXT('2D SPACE',''
  ) );
#14747 = ORIENTED_EDGE('',*,*,#14698,.T.);
#14748 = ADVANCED_FACE('',(#14749),#14686,.T.);
#14749 = FACE_BOUND('',#14750,.T.);
#14750 = EDGE_LOOP('',(#14751));
#14751 = ORIENTED_EDGE('',*,*,#14664,.T.);
#14752 = ADVANCED_FACE('',(#14753,#14756),#14736,.F.);
#14753 = FACE_BOUND('',#14754,.F.);
#14754 = EDGE_LOOP('',(#14755));
#14755 = ORIENTED_EDGE('',*,*,#14721,.T.);
#14756 = FACE_BOUND('',#14757,.F.);
#14757 = EDGE_LOOP('',(#14758,#14789,#14817,#14846,#14874,#14902,#14925,
    #14948,#14976,#15005,#15029,#15057,#15086,#15110,#15138,#15167));
#14758 = ORIENTED_EDGE('',*,*,#14759,.F.);
#14759 = EDGE_CURVE('',#14760,#14762,#14764,.T.);
#14760 = VERTEX_POINT('',#14761);
#14761 = CARTESIAN_POINT('',(-34.674990748,-19.06411010648,150.));
#14762 = VERTEX_POINT('',#14763);
#14763 = CARTESIAN_POINT('',(-33.84627543229,-20.49745601092,150.));
#14764 = SURFACE_CURVE('',#14765,(#14770,#14777),.PCURVE_S1.);
#14765 = CIRCLE('',#14766,1.);
#14766 = AXIS2_PLACEMENT_3D('',#14767,#14768,#14769);
#14767 = CARTESIAN_POINT('',(-33.77499074759,-19.5,150.));
#14768 = DIRECTION('',(0.,0.,1.));
#14769 = DIRECTION('',(1.,0.,-0.));
#14770 = PCURVE('',#14736,#14771);
#14771 = DEFINITIONAL_REPRESENTATION('',(#14772),#14776);
#14772 = CIRCLE('',#14773,1.);
#14773 = AXIS2_PLACEMENT_2D('',#14774,#14775);
#14774 = CARTESIAN_POINT('',(-33.77499074759,-19.5));
#14775 = DIRECTION('',(1.,0.));
#14776 = ( GEOMETRIC_REPRESENTATION_CONTEXT(2) 
PARAMETRIC_REPRESENTATION_CONTEXT() REPRESENTATION_CONTEXT('2D SPACE',''
  ) );
#14777 = PCURVE('',#14778,#14783);
#14778 = PLANE('',#14779);
#14779 = AXIS2_PLACEMENT_3D('',#14780,#14781,#14782);
#14780 = CARTESIAN_POINT('',(0.,0.,150.));
#14781 = DIRECTION('',(0.,0.,1.));
#14782 = DIRECTION('',(1.,0.,-0.));
#14783 = DEFINITIONAL_REPRESENTATION('',(#14784),#14788);
#14784 = CIRCLE('',#14785,1.);
#14785 = AXIS2_PLACEMENT_2D('',#14786,#14787);
#14786 = CARTESIAN_POINT('',(-33.77499074759,-19.5));
#14787 = DIRECTION('',(1.,0.));
#14788 = ( GEOMETRIC_REPRESENTATION_CONTEXT(2) 
PARAMETRIC_REPRESENTATION_CONTEXT() REPRESENTATION_CONTEXT('2D SPACE',''
  ) );
#14789 = ORIENTED_EDGE('',*,*,#14790,.F.);
#14790 = EDGE_CURVE('',#14791,#14760,#14793,.T.);
#14791 = VERTEX_POINT('',#14792);
#14792 = CARTESIAN_POINT('',(-34.674990748,19.064110106486,150.));
#14793 = SURFACE_CURVE('',#14794,(#14798,#14805),.PCURVE_S1.);
#14794 = LINE('',#14795,#14796);
#14795 = CARTESIAN_POINT('',(-34.674990748,19.497545137439,150.));
#14796 = VECTOR('',#14797,1.);
#14797 = DIRECTION('',(0.,-1.,0.));
#14798 = PCURVE('',#14736,#14799);
#14799 = DEFINITIONAL_REPRESENTATION('',(#14800),#14804);
#14800 = LINE('',#14801,#14802);
#14801 = CARTESIAN_POINT('',(-34.674990748,19.497545137439));
#14802 = VECTOR('',#14803,1.);
#14803 = DIRECTION('',(0.,-1.));
#14804 = ( GEOMETRIC_REPRESENTATION_CONTEXT(2) 
PARAMETRIC_REPRESENTATION_CONTEXT() REPRESENTATION_CONTEXT('2D SPACE',''
  ) );
#14805 = PCURVE('',#14806,#14811);
#14806 = PLANE('',#14807);
#14807 = AXIS2_PLACEMENT_3D('',#14808,#14809,#14810);
#14808 = CARTESIAN_POINT('',(-34.674990748,19.497545137439,135.));
#14809 = DIRECTION('',(1.,0.,-0.));
#14810 = DIRECTION('',(0.,-1.,0.));
#14811 = DEFINITIONAL_REPRESENTATION('',(#14812),#14816);
#14812 = LINE('',#14813,#14814);
#14813 = CARTESIAN_POINT('',(0.,-15.));
#14814 = VECTOR('',#14815,1.);
#14815 = DIRECTION('',(1.,0.));
#14816 = ( GEOMETRIC_REPRESENTATION_CONTEXT(2) 
PARAMETRIC_REPRESENTATION_CONTEXT() REPRESENTATION_CONTEXT('2D SPACE',''
  ) );
#14817 = ORIENTED_EDGE('',*,*,#14818,.F.);
#14818 = EDGE_CURVE('',#14819,#14791,#14821,.T.);
#14819 = VERTEX_POINT('',#14820);
#14820 = CARTESIAN_POINT('',(-33.92983215395,20.487939339674,150.));
#14821 = SURFACE_CURVE('',#14822,(#14827,#14834),.PCURVE_S1.);
#14822 = CIRCLE('',#14823,1.);
#14823 = AXIS2_PLACEMENT_3D('',#14824,#14825,#14826);
#14824 = CARTESIAN_POINT('',(-33.77499074759,19.5,150.));
#14825 = DIRECTION('',(0.,0.,1.));
#14826 = DIRECTION('',(1.,0.,-0.));
#14827 = PCURVE('',#14736,#14828);
#14828 = DEFINITIONAL_REPRESENTATION('',(#14829),#14833);
#14829 = CIRCLE('',#14830,1.);
#14830 = AXIS2_PLACEMENT_2D('',#14831,#14832);
#14831 = CARTESIAN_POINT('',(-33.77499074759,19.5));
#14832 = DIRECTION('',(1.,0.));
#14833 = ( GEOMETRIC_REPRESENTATION_CONTEXT(2) 
PARAMETRIC_REPRESENTATION_CONTEXT() REPRESENTATION_CONTEXT('2D SPACE',''
  ) );
#14834 = PCURVE('',#14835,#14840);
#14835 = PLANE('',#14836);
#14836 = AXIS2_PLACEMENT_3D('',#14837,#14838,#14839);
#14837 = CARTESIAN_POINT('',(0.,0.,150.));
#14838 = DIRECTION('',(0.,0.,1.));
#14839 = DIRECTION('',(1.,0.,-0.));
#14840 = DEFINITIONAL_REPRESENTATION('',(#14841),#14845);
#14841 = CIRCLE('',#14842,1.);
#14842 = AXIS2_PLACEMENT_2D('',#14843,#14844);
#14843 = CARTESIAN_POINT('',(-33.77499074759,19.5));
#14844 = DIRECTION('',(1.,0.));
#14845 = ( GEOMETRIC_REPRESENTATION_CONTEXT(2) 
PARAMETRIC_REPRESENTATION_CONTEXT() REPRESENTATION_CONTEXT('2D SPACE',''
  ) );
#14846 = ORIENTED_EDGE('',*,*,#14847,.F.);
#14847 = EDGE_CURVE('',#14848,#14819,#14850,.T.);
#14848 = VERTEX_POINT('',#14849);
#14849 = CARTESIAN_POINT('',(-6.,39.878263195958,150.));
#14850 = SURFACE_CURVE('',#14851,(#14855,#14862),.PCURVE_S1.);
#14851 = LINE('',#14852,#14853);
#14852 = CARTESIAN_POINT('',(-5.968690296616,39.9,150.));
#14853 = VECTOR('',#14854,1.);
#14854 = DIRECTION('',(-0.821444268946,-0.570288797905,0.));
#14855 = PCURVE('',#14736,#14856);
#14856 = DEFINITIONAL_REPRESENTATION('',(#14857),#14861);
#14857 = LINE('',#14858,#14859);
#14858 = CARTESIAN_POINT('',(-5.968690296616,39.9));
#14859 = VECTOR('',#14860,1.);
#14860 = DIRECTION('',(-0.821444268946,-0.570288797905));
#14861 = ( GEOMETRIC_REPRESENTATION_CONTEXT(2) 
PARAMETRIC_REPRESENTATION_CONTEXT() REPRESENTATION_CONTEXT('2D SPACE',''
  ) );
#14862 = PCURVE('',#14863,#14868);
#14863 = PLANE('',#14864);
#14864 = AXIS2_PLACEMENT_3D('',#14865,#14866,#14867);
#14865 = CARTESIAN_POINT('',(-5.968690296616,39.9,135.));
#14866 = DIRECTION('',(0.570288797905,-0.821444268946,0.));
#14867 = DIRECTION('',(-0.821444268946,-0.570288797905,0.));
#14868 = DEFINITIONAL_REPRESENTATION('',(#14869),#14873);
#14869 = LINE('',#14870,#14871);
#14870 = CARTESIAN_POINT('',(0.,-15.));
#14871 = VECTOR('',#14872,1.);
#14872 = DIRECTION('',(1.,0.));
#14873 = ( GEOMETRIC_REPRESENTATION_CONTEXT(2) 
PARAMETRIC_REPRESENTATION_CONTEXT() REPRESENTATION_CONTEXT('2D SPACE',''
  ) );
#14874 = ORIENTED_EDGE('',*,*,#14875,.T.);
#14875 = EDGE_CURVE('',#14848,#14876,#14878,.T.);
#14876 = VERTEX_POINT('',#14877);
#14877 = CARTESIAN_POINT('',(-6.,40.,150.));
#14878 = SURFACE_CURVE('',#14879,(#14883,#14890),.PCURVE_S1.);
#14879 = LINE('',#14880,#14881);
#14880 = CARTESIAN_POINT('',(-6.,38.5,150.));
#14881 = VECTOR('',#14882,1.);
#14882 = DIRECTION('',(0.,1.,0.));
#14883 = PCURVE('',#14736,#14884);
#14884 = DEFINITIONAL_REPRESENTATION('',(#14885),#14889);
#14885 = LINE('',#14886,#14887);
#14886 = CARTESIAN_POINT('',(-6.,38.5));
#14887 = VECTOR('',#14888,1.);
#14888 = DIRECTION('',(0.,1.));
#14889 = ( GEOMETRIC_REPRESENTATION_CONTEXT(2) 
PARAMETRIC_REPRESENTATION_CONTEXT() REPRESENTATION_CONTEXT('2D SPACE',''
  ) );
#14890 = PCURVE('',#14891,#14896);
#14891 = PLANE('',#14892);
#14892 = AXIS2_PLACEMENT_3D('',#14893,#14894,#14895);
#14893 = CARTESIAN_POINT('',(0.,0.,150.));
#14894 = DIRECTION('',(0.,0.,1.));
#14895 = DIRECTION('',(1.,0.,-0.));
#14896 = DEFINITIONAL_REPRESENTATION('',(#14897),#14901);
#14897 = LINE('',#14898,#14899);
#14898 = CARTESIAN_POINT('',(-6.,38.5));
#14899 = VECTOR('',#14900,1.);
#14900 = DIRECTION('',(0.,1.));
#14901 = ( GEOMETRIC_REPRESENTATION_CONTEXT(2) 
PARAMETRIC_REPRESENTATION_CONTEXT() REPRESENTATION_CONTEXT('2D SPACE',''
  ) );
#14902 = ORIENTED_EDGE('',*,*,#14903,.T.);
#14903 = EDGE_CURVE('',#14876,#14904,#14906,.T.);
#14904 = VERTEX_POINT('',#14905);
#14905 = CARTESIAN_POINT('',(6.,40.,150.));
#14906 = SURFACE_CURVE('',#14907,(#14911,#14918),.PCURVE_S1.);
#14907 = LINE('',#14908,#14909);
#14908 = CARTESIAN_POINT('',(-6.,40.,150.));
#14909 = VECTOR('',#14910,1.);
#14910 = DIRECTION('',(1.,0.,0.));
#14911 = PCURVE('',#14736,#14912);
#14912 = DEFINITIONAL_REPRESENTATION('',(#14913),#14917);
#14913 = LINE('',#14914,#14915);
#14914 = CARTESIAN_POINT('',(-6.,40.));
#14915 = VECTOR('',#14916,1.);
#14916 = DIRECTION('',(1.,0.));
#14917 = ( GEOMETRIC_REPRESENTATION_CONTEXT(2) 
PARAMETRIC_REPRESENTATION_CONTEXT() REPRESENTATION_CONTEXT('2D SPACE',''
  ) );
#14918 = PCURVE('',#14891,#14919);
#14919 = DEFINITIONAL_REPRESENTATION('',(#14920),#14924);
#14920 = LINE('',#14921,#14922);
#14921 = CARTESIAN_POINT('',(-6.,40.));
#14922 = VECTOR('',#14923,1.);
#14923 = DIRECTION('',(1.,0.));
#14924 = ( GEOMETRIC_REPRESENTATION_CONTEXT(2) 
PARAMETRIC_REPRESENTATION_CONTEXT() REPRESENTATION_CONTEXT('2D SPACE',''
  ) );
#14925 = ORIENTED_EDGE('',*,*,#14926,.T.);
#14926 = EDGE_CURVE('',#14904,#14927,#14929,.T.);
#14927 = VERTEX_POINT('',#14928);
#14928 = CARTESIAN_POINT('',(6.,39.878263195958,150.));
#14929 = SURFACE_CURVE('',#14930,(#14934,#14941),.PCURVE_S1.);
#14930 = LINE('',#14931,#14932);
#14931 = CARTESIAN_POINT('',(6.,40.,150.));
#14932 = VECTOR('',#14933,1.);
#14933 = DIRECTION('',(0.,-1.,0.));
#14934 = PCURVE('',#14736,#14935);
#14935 = DEFINITIONAL_REPRESENTATION('',(#14936),#14940);
#14936 = LINE('',#14937,#14938);
#14937 = CARTESIAN_POINT('',(6.,40.));
#14938 = VECTOR('',#14939,1.);
#14939 = DIRECTION('',(0.,-1.));
#14940 = ( GEOMETRIC_REPRESENTATION_CONTEXT(2) 
PARAMETRIC_REPRESENTATION_CONTEXT() REPRESENTATION_CONTEXT('2D SPACE',''
  ) );
#14941 = PCURVE('',#14891,#14942);
#14942 = DEFINITIONAL_REPRESENTATION('',(#14943),#14947);
#14943 = LINE('',#14944,#14945);
#14944 = CARTESIAN_POINT('',(6.,40.));
#14945 = VECTOR('',#14946,1.);
#14946 = DIRECTION('',(0.,-1.));
#14947 = ( GEOMETRIC_REPRESENTATION_CONTEXT(2) 
PARAMETRIC_REPRESENTATION_CONTEXT() REPRESENTATION_CONTEXT('2D SPACE',''
  ) );
#14948 = ORIENTED_EDGE('',*,*,#14949,.F.);
#14949 = EDGE_CURVE('',#14950,#14927,#14952,.T.);
#14950 = VERTEX_POINT('',#14951);
#14951 = CARTESIAN_POINT('',(33.929832153954,20.487939339674,150.));
#14952 = SURFACE_CURVE('',#14953,(#14957,#14964),.PCURVE_S1.);
#14953 = LINE('',#14954,#14955);
#14954 = CARTESIAN_POINT('',(34.272247314161,20.250217150257,150.));
#14955 = VECTOR('',#14956,1.);
#14956 = DIRECTION('',(-0.821444268946,0.570288797905,0.));
#14957 = PCURVE('',#14736,#14958);
#14958 = DEFINITIONAL_REPRESENTATION('',(#14959),#14963);
#14959 = LINE('',#14960,#14961);
#14960 = CARTESIAN_POINT('',(34.272247314161,20.250217150257));
#14961 = VECTOR('',#14962,1.);
#14962 = DIRECTION('',(-0.821444268946,0.570288797905));
#14963 = ( GEOMETRIC_REPRESENTATION_CONTEXT(2) 
PARAMETRIC_REPRESENTATION_CONTEXT() REPRESENTATION_CONTEXT('2D SPACE',''
  ) );
#14964 = PCURVE('',#14965,#14970);
#14965 = PLANE('',#14966);
#14966 = AXIS2_PLACEMENT_3D('',#14967,#14968,#14969);
#14967 = CARTESIAN_POINT('',(34.272247314161,20.250217150257,135.));
#14968 = DIRECTION('',(-0.570288797905,-0.821444268946,0.));
#14969 = DIRECTION('',(-0.821444268946,0.570288797905,0.));
#14970 = DEFINITIONAL_REPRESENTATION('',(#14971),#14975);
#14971 = LINE('',#14972,#14973);
#14972 = CARTESIAN_POINT('',(0.,-15.));
#14973 = VECTOR('',#14974,1.);
#14974 = DIRECTION('',(1.,0.));
#14975 = ( GEOMETRIC_REPRESENTATION_CONTEXT(2) 
PARAMETRIC_REPRESENTATION_CONTEXT() REPRESENTATION_CONTEXT('2D SPACE',''
  ) );
#14976 = ORIENTED_EDGE('',*,*,#14977,.F.);
#14977 = EDGE_CURVE('',#14978,#14950,#14980,.T.);
#14978 = VERTEX_POINT('',#14979);
#14979 = CARTESIAN_POINT('',(34.774990747593,19.5,150.));
#14980 = SURFACE_CURVE('',#14981,(#14986,#14993),.PCURVE_S1.);
#14981 = CIRCLE('',#14982,1.);
#14982 = AXIS2_PLACEMENT_3D('',#14983,#14984,#14985);
#14983 = CARTESIAN_POINT('',(33.774990747593,19.5,150.));
#14984 = DIRECTION('',(0.,0.,1.));
#14985 = DIRECTION('',(1.,0.,-0.));
#14986 = PCURVE('',#14736,#14987);
#14987 = DEFINITIONAL_REPRESENTATION('',(#14988),#14992);
#14988 = CIRCLE('',#14989,1.);
#14989 = AXIS2_PLACEMENT_2D('',#14990,#14991);
#14990 = CARTESIAN_POINT('',(33.774990747593,19.5));
#14991 = DIRECTION('',(1.,0.));
#14992 = ( GEOMETRIC_REPRESENTATION_CONTEXT(2) 
PARAMETRIC_REPRESENTATION_CONTEXT() REPRESENTATION_CONTEXT('2D SPACE',''
  ) );
#14993 = PCURVE('',#14994,#14999);
#14994 = PLANE('',#14995);
#14995 = AXIS2_PLACEMENT_3D('',#14996,#14997,#14998);
#14996 = CARTESIAN_POINT('',(0.,0.,150.));
#14997 = DIRECTION('',(0.,0.,1.));
#14998 = DIRECTION('',(1.,0.,-0.));
#14999 = DEFINITIONAL_REPRESENTATION('',(#15000),#15004);
#15000 = CIRCLE('',#15001,1.);
#15001 = AXIS2_PLACEMENT_2D('',#15002,#15003);
#15002 = CARTESIAN_POINT('',(33.774990747593,19.5));
#15003 = DIRECTION('',(1.,0.));
#15004 = ( GEOMETRIC_REPRESENTATION_CONTEXT(2) 
PARAMETRIC_REPRESENTATION_CONTEXT() REPRESENTATION_CONTEXT('2D SPACE',''
  ) );
#15005 = ORIENTED_EDGE('',*,*,#15006,.F.);
#15006 = EDGE_CURVE('',#15007,#14978,#15009,.T.);
#15007 = VERTEX_POINT('',#15008);
#15008 = CARTESIAN_POINT('',(34.674990748,19.064110106486,150.));
#15009 = SURFACE_CURVE('',#15010,(#15015,#15022),.PCURVE_S1.);
#15010 = CIRCLE('',#15011,1.);
#15011 = AXIS2_PLACEMENT_3D('',#15012,#15013,#15014);
#15012 = CARTESIAN_POINT('',(33.774990747593,19.5,150.));
#15013 = DIRECTION('',(0.,0.,1.));
#15014 = DIRECTION('',(1.,0.,-0.));
#15015 = PCURVE('',#14736,#15016);
#15016 = DEFINITIONAL_REPRESENTATION('',(#15017),#15021);
#15017 = CIRCLE('',#15018,1.);
#15018 = AXIS2_PLACEMENT_2D('',#15019,#15020);
#15019 = CARTESIAN_POINT('',(33.774990747593,19.5));
#15020 = DIRECTION('',(1.,0.));
#15021 = ( GEOMETRIC_REPRESENTATION_CONTEXT(2) 
PARAMETRIC_REPRESENTATION_CONTEXT() REPRESENTATION_CONTEXT('2D SPACE',''
  ) );
#15022 = PCURVE('',#14994,#15023);
#15023 = DEFINITIONAL_REPRESENTATION('',(#15024),#15028);
#15024 = CIRCLE('',#15025,1.);
#15025 = AXIS2_PLACEMENT_2D('',#15026,#15027);
#15026 = CARTESIAN_POINT('',(33.774990747593,19.5));
#15027 = DIRECTION('',(1.,0.));
#15028 = ( GEOMETRIC_REPRESENTATION_CONTEXT(2) 
PARAMETRIC_REPRESENTATION_CONTEXT() REPRESENTATION_CONTEXT('2D SPACE',''
  ) );
#15029 = ORIENTED_EDGE('',*,*,#15030,.F.);
#15030 = EDGE_CURVE('',#15031,#15007,#15033,.T.);
#15031 = VERTEX_POINT('',#15032);
#15032 = CARTESIAN_POINT('',(34.674990748,-19.06411010648,150.));
#15033 = SURFACE_CURVE('',#15034,(#15038,#15045),.PCURVE_S1.);
#15034 = LINE('',#15035,#15036);
#15035 = CARTESIAN_POINT('',(34.674990748,-19.49754513743,150.));
#15036 = VECTOR('',#15037,1.);
#15037 = DIRECTION('',(0.,1.,0.));
#15038 = PCURVE('',#14736,#15039);
#15039 = DEFINITIONAL_REPRESENTATION('',(#15040),#15044);
#15040 = LINE('',#15041,#15042);
#15041 = CARTESIAN_POINT('',(34.674990748,-19.49754513743));
#15042 = VECTOR('',#15043,1.);
#15043 = DIRECTION('',(0.,1.));
#15044 = ( GEOMETRIC_REPRESENTATION_CONTEXT(2) 
PARAMETRIC_REPRESENTATION_CONTEXT() REPRESENTATION_CONTEXT('2D SPACE',''
  ) );
#15045 = PCURVE('',#15046,#15051);
#15046 = PLANE('',#15047);
#15047 = AXIS2_PLACEMENT_3D('',#15048,#15049,#15050);
#15048 = CARTESIAN_POINT('',(34.674990748,-19.49754513743,135.));
#15049 = DIRECTION('',(-1.,0.,0.));
#15050 = DIRECTION('',(0.,1.,0.));
#15051 = DEFINITIONAL_REPRESENTATION('',(#15052),#15056);
#15052 = LINE('',#15053,#15054);
#15053 = CARTESIAN_POINT('',(0.,-15.));
#15054 = VECTOR('',#15055,1.);
#15055 = DIRECTION('',(1.,0.));
#15056 = ( GEOMETRIC_REPRESENTATION_CONTEXT(2) 
PARAMETRIC_REPRESENTATION_CONTEXT() REPRESENTATION_CONTEXT('2D SPACE',''
  ) );
#15057 = ORIENTED_EDGE('',*,*,#15058,.F.);
#15058 = EDGE_CURVE('',#15059,#15031,#15061,.T.);
#15059 = VERTEX_POINT('',#15060);
#15060 = CARTESIAN_POINT('',(34.774990747593,-19.5,150.));
#15061 = SURFACE_CURVE('',#15062,(#15067,#15074),.PCURVE_S1.);
#15062 = CIRCLE('',#15063,1.);
#15063 = AXIS2_PLACEMENT_3D('',#15064,#15065,#15066);
#15064 = CARTESIAN_POINT('',(33.774990747593,-19.5,150.));
#15065 = DIRECTION('',(0.,0.,1.));
#15066 = DIRECTION('',(1.,0.,-0.));
#15067 = PCURVE('',#14736,#15068);
#15068 = DEFINITIONAL_REPRESENTATION('',(#15069),#15073);
#15069 = CIRCLE('',#15070,1.);
#15070 = AXIS2_PLACEMENT_2D('',#15071,#15072);
#15071 = CARTESIAN_POINT('',(33.774990747593,-19.5));
#15072 = DIRECTION('',(1.,0.));
#15073 = ( GEOMETRIC_REPRESENTATION_CONTEXT(2) 
PARAMETRIC_REPRESENTATION_CONTEXT() REPRESENTATION_CONTEXT('2D SPACE',''
  ) );
#15074 = PCURVE('',#15075,#15080);
#15075 = PLANE('',#15076);
#15076 = AXIS2_PLACEMENT_3D('',#15077,#15078,#15079);
#15077 = CARTESIAN_POINT('',(0.,0.,150.));
#15078 = DIRECTION('',(0.,0.,1.));
#15079 = DIRECTION('',(1.,0.,-0.));
#15080 = DEFINITIONAL_REPRESENTATION('',(#15081),#15085);
#15081 = CIRCLE('',#15082,1.);
#15082 = AXIS2_PLACEMENT_2D('',#15083,#15084);
#15083 = CARTESIAN_POINT('',(33.774990747593,-19.5));
#15084 = DIRECTION('',(1.,0.));
#15085 = ( GEOMETRIC_REPRESENTATION_CONTEXT(2) 
PARAMETRIC_REPRESENTATION_CONTEXT() REPRESENTATION_CONTEXT('2D SPACE',''
  ) );
#15086 = ORIENTED_EDGE('',*,*,#15087,.F.);
#15087 = EDGE_CURVE('',#15088,#15059,#15090,.T.);
#15088 = VERTEX_POINT('',#15089);
#15089 = CARTESIAN_POINT('',(33.846275432295,-20.49745601092,150.));
#15090 = SURFACE_CURVE('',#15091,(#15096,#15103),.PCURVE_S1.);
#15091 = CIRCLE('',#15092,1.);
#15092 = AXIS2_PLACEMENT_3D('',#15093,#15094,#15095);
#15093 = CARTESIAN_POINT('',(33.774990747593,-19.5,150.));
#15094 = DIRECTION('',(0.,0.,1.));
#15095 = DIRECTION('',(1.,0.,-0.));
#15096 = PCURVE('',#14736,#15097);
#15097 = DEFINITIONAL_REPRESENTATION('',(#15098),#15102);
#15098 = CIRCLE('',#15099,1.);
#15099 = AXIS2_PLACEMENT_2D('',#15100,#15101);
#15100 = CARTESIAN_POINT('',(33.774990747593,-19.5));
#15101 = DIRECTION('',(1.,0.));
#15102 = ( GEOMETRIC_REPRESENTATION_CONTEXT(2) 
PARAMETRIC_REPRESENTATION_CONTEXT() REPRESENTATION_CONTEXT('2D SPACE',''
  ) );
#15103 = PCURVE('',#15075,#15104);
#15104 = DEFINITIONAL_REPRESENTATION('',(#15105),#15109);
#15105 = CIRCLE('',#15106,1.);
#15106 = AXIS2_PLACEMENT_2D('',#15107,#15108);
#15107 = CARTESIAN_POINT('',(33.774990747593,-19.5));
#15108 = DIRECTION('',(1.,0.));
#15109 = ( GEOMETRIC_REPRESENTATION_CONTEXT(2) 
PARAMETRIC_REPRESENTATION_CONTEXT() REPRESENTATION_CONTEXT('2D SPACE',''
  ) );
#15110 = ORIENTED_EDGE('',*,*,#15111,.F.);
#15111 = EDGE_CURVE('',#15112,#15088,#15114,.T.);
#15112 = VERTEX_POINT('',#15113);
#15113 = CARTESIAN_POINT('',(0.828179901894,-39.56046235386,150.));
#15114 = SURFACE_CURVE('',#15115,(#15119,#15126),.PCURVE_S1.);
#15115 = LINE('',#15116,#15117);
#15116 = CARTESIAN_POINT('',(0.424941290921,-39.79327227446,150.));
#15117 = VECTOR('',#15118,1.);
#15118 = DIRECTION('',(0.866025403781,0.500000000007,0.));
#15119 = PCURVE('',#14736,#15120);
#15120 = DEFINITIONAL_REPRESENTATION('',(#15121),#15125);
#15121 = LINE('',#15122,#15123);
#15122 = CARTESIAN_POINT('',(0.424941290921,-39.79327227446));
#15123 = VECTOR('',#15124,1.);
#15124 = DIRECTION('',(0.866025403781,0.500000000007));
#15125 = ( GEOMETRIC_REPRESENTATION_CONTEXT(2) 
PARAMETRIC_REPRESENTATION_CONTEXT() REPRESENTATION_CONTEXT('2D SPACE',''
  ) );
#15126 = PCURVE('',#15127,#15132);
#15127 = PLANE('',#15128);
#15128 = AXIS2_PLACEMENT_3D('',#15129,#15130,#15131);
#15129 = CARTESIAN_POINT('',(0.424941290921,-39.79327227446,135.));
#15130 = DIRECTION('',(-0.500000000007,0.866025403781,0.));
#15131 = DIRECTION('',(0.866025403781,0.500000000007,0.));
#15132 = DEFINITIONAL_REPRESENTATION('',(#15133),#15137);
#15133 = LINE('',#15134,#15135);
#15134 = CARTESIAN_POINT('',(0.,-15.));
#15135 = VECTOR('',#15136,1.);
#15136 = DIRECTION('',(1.,0.));
#15137 = ( GEOMETRIC_REPRESENTATION_CONTEXT(2) 
PARAMETRIC_REPRESENTATION_CONTEXT() REPRESENTATION_CONTEXT('2D SPACE',''
  ) );
#15138 = ORIENTED_EDGE('',*,*,#15139,.F.);
#15139 = EDGE_CURVE('',#15140,#15112,#15142,.T.);
#15140 = VERTEX_POINT('',#15141);
#15141 = CARTESIAN_POINT('',(-0.828179901894,-39.56046235386,150.));
#15142 = SURFACE_CURVE('',#15143,(#15148,#15155),.PCURVE_S1.);
#15143 = CIRCLE('',#15144,1.);
#15144 = AXIS2_PLACEMENT_3D('',#15145,#15146,#15147);
#15145 = CARTESIAN_POINT('',(-7.164183775012E-15,-39.,150.));
#15146 = DIRECTION('',(0.,0.,1.));
#15147 = DIRECTION('',(1.,0.,-0.));
#15148 = PCURVE('',#14736,#15149);
#15149 = DEFINITIONAL_REPRESENTATION('',(#15150),#15154);
#15150 = CIRCLE('',#15151,1.);
#15151 = AXIS2_PLACEMENT_2D('',#15152,#15153);
#15152 = CARTESIAN_POINT('',(-7.164183775012E-15,-39.));
#15153 = DIRECTION('',(1.,0.));
#15154 = ( GEOMETRIC_REPRESENTATION_CONTEXT(2) 
PARAMETRIC_REPRESENTATION_CONTEXT() REPRESENTATION_CONTEXT('2D SPACE',''
  ) );
#15155 = PCURVE('',#15156,#15161);
#15156 = PLANE('',#15157);
#15157 = AXIS2_PLACEMENT_3D('',#15158,#15159,#15160);
#15158 = CARTESIAN_POINT('',(0.,0.,150.));
#15159 = DIRECTION('',(0.,0.,1.));
#15160 = DIRECTION('',(1.,0.,-0.));
#15161 = DEFINITIONAL_REPRESENTATION('',(#15162),#15166);
#15162 = CIRCLE('',#15163,1.);
#15163 = AXIS2_PLACEMENT_2D('',#15164,#15165);
#15164 = CARTESIAN_POINT('',(-7.164183775012E-15,-39.));
#15165 = DIRECTION('',(1.,0.));
#15166 = ( GEOMETRIC_REPRESENTATION_CONTEXT(2) 
PARAMETRIC_REPRESENTATION_CONTEXT() REPRESENTATION_CONTEXT('2D SPACE',''
  ) );
#15167 = ORIENTED_EDGE('',*,*,#15168,.F.);
#15168 = EDGE_CURVE('',#14762,#15140,#15169,.T.);
#15169 = SURFACE_CURVE('',#15170,(#15174,#15181),.PCURVE_S1.);
#15170 = LINE('',#15171,#15172);
#15171 = CARTESIAN_POINT('',(-34.19567895301,-20.29572779417,150.));
#15172 = VECTOR('',#15173,1.);
#15173 = DIRECTION('',(0.866025403781,-0.500000000007,0.));
#15174 = PCURVE('',#14736,#15175);
#15175 = DEFINITIONAL_REPRESENTATION('',(#15176),#15180);
#15176 = LINE('',#15177,#15178);
#15177 = CARTESIAN_POINT('',(-34.19567895301,-20.29572779417));
#15178 = VECTOR('',#15179,1.);
#15179 = DIRECTION('',(0.866025403781,-0.500000000007));
#15180 = ( GEOMETRIC_REPRESENTATION_CONTEXT(2) 
PARAMETRIC_REPRESENTATION_CONTEXT() REPRESENTATION_CONTEXT('2D SPACE',''
  ) );
#15181 = PCURVE('',#15182,#15187);
#15182 = PLANE('',#15183);
#15183 = AXIS2_PLACEMENT_3D('',#15184,#15185,#15186);
#15184 = CARTESIAN_POINT('',(-34.19567895301,-20.29572779417,135.));
#15185 = DIRECTION('',(0.500000000007,0.866025403781,-0.));
#15186 = DIRECTION('',(0.866025403781,-0.500000000007,0.));
#15187 = DEFINITIONAL_REPRESENTATION('',(#15188),#15192);
#15188 = LINE('',#15189,#15190);
#15189 = CARTESIAN_POINT('',(0.,-15.));
#15190 = VECTOR('',#15191,1.);
#15191 = DIRECTION('',(1.,0.));
#15192 = ( GEOMETRIC_REPRESENTATION_CONTEXT(2) 
PARAMETRIC_REPRESENTATION_CONTEXT() REPRESENTATION_CONTEXT('2D SPACE',''
  ) );
#15193 = ADVANCED_FACE('',(#15194),#14778,.F.);
#15194 = FACE_BOUND('',#15195,.F.);
#15195 = EDGE_LOOP('',(#15196,#15226,#15247,#15248,#15271,#15294,#15317,
    #15340,#15363,#15386,#15409,#15432,#15455,#15478));
#15196 = ORIENTED_EDGE('',*,*,#15197,.F.);
#15197 = EDGE_CURVE('',#15198,#15200,#15202,.T.);
#15198 = VERTEX_POINT('',#15199);
#15199 = CARTESIAN_POINT('',(-34.674990748,-19.49754513743,150.));
#15200 = VERTEX_POINT('',#15201);
#15201 = CARTESIAN_POINT('',(-34.67053698245,-19.58820360494,150.));
#15202 = SURFACE_CURVE('',#15203,(#15207,#15214),.PCURVE_S1.);
#15203 = LINE('',#15204,#15205);
#15204 = CARTESIAN_POINT('',(-34.674990748,-19.49754513743,150.));
#15205 = VECTOR('',#15206,1.);
#15206 = DIRECTION('',(4.906768132518E-02,-0.998795455861,0.));
#15207 = PCURVE('',#14778,#15208);
#15208 = DEFINITIONAL_REPRESENTATION('',(#15209),#15213);
#15209 = LINE('',#15210,#15211);
#15210 = CARTESIAN_POINT('',(-34.674990748,-19.49754513743));
#15211 = VECTOR('',#15212,1.);
#15212 = DIRECTION('',(4.906768132518E-02,-0.998795455861));
#15213 = ( GEOMETRIC_REPRESENTATION_CONTEXT(2) 
PARAMETRIC_REPRESENTATION_CONTEXT() REPRESENTATION_CONTEXT('2D SPACE',''
  ) );
#15214 = PCURVE('',#15215,#15220);
#15215 = PLANE('',#15216);
#15216 = AXIS2_PLACEMENT_3D('',#15217,#15218,#15219);
#15217 = CARTESIAN_POINT('',(-33.77499074759,-19.5,150.));
#15218 = DIRECTION('',(0.,0.,1.));
#15219 = DIRECTION('',(1.,0.,-0.));
#15220 = DEFINITIONAL_REPRESENTATION('',(#15221),#15225);
#15221 = LINE('',#15222,#15223);
#15222 = CARTESIAN_POINT('',(-0.900000000407,2.454862561404E-03));
#15223 = VECTOR('',#15224,1.);
#15224 = DIRECTION('',(4.906768132518E-02,-0.998795455861));
#15225 = ( GEOMETRIC_REPRESENTATION_CONTEXT(2) 
PARAMETRIC_REPRESENTATION_CONTEXT() REPRESENTATION_CONTEXT('2D SPACE',''
  ) );
#15226 = ORIENTED_EDGE('',*,*,#15227,.F.);
#15227 = EDGE_CURVE('',#14760,#15198,#15228,.T.);
#15228 = SURFACE_CURVE('',#15229,(#15233,#15240),.PCURVE_S1.);
#15229 = LINE('',#15230,#15231);
#15230 = CARTESIAN_POINT('',(-34.674990748,19.497545137439,150.));
#15231 = VECTOR('',#15232,1.);
#15232 = DIRECTION('',(0.,-1.,0.));
#15233 = PCURVE('',#14778,#15234);
#15234 = DEFINITIONAL_REPRESENTATION('',(#15235),#15239);
#15235 = LINE('',#15236,#15237);
#15236 = CARTESIAN_POINT('',(-34.674990748,19.497545137439));
#15237 = VECTOR('',#15238,1.);
#15238 = DIRECTION('',(0.,-1.));
#15239 = ( GEOMETRIC_REPRESENTATION_CONTEXT(2) 
PARAMETRIC_REPRESENTATION_CONTEXT() REPRESENTATION_CONTEXT('2D SPACE',''
  ) );
#15240 = PCURVE('',#15215,#15241);
#15241 = DEFINITIONAL_REPRESENTATION('',(#15242),#15246);
#15242 = LINE('',#15243,#15244);
#15243 = CARTESIAN_POINT('',(-0.900000000407,38.997545137439));
#15244 = VECTOR('',#15245,1.);
#15245 = DIRECTION('',(0.,-1.));
#15246 = ( GEOMETRIC_REPRESENTATION_CONTEXT(2) 
PARAMETRIC_REPRESENTATION_CONTEXT() REPRESENTATION_CONTEXT('2D SPACE',''
  ) );
#15247 = ORIENTED_EDGE('',*,*,#14759,.T.);
#15248 = ORIENTED_EDGE('',*,*,#15249,.F.);
#15249 = EDGE_CURVE('',#15250,#14762,#15252,.T.);
#15250 = VERTEX_POINT('',#15251);
#15251 = CARTESIAN_POINT('',(-34.19567895301,-20.29572779417,150.));
#15252 = SURFACE_CURVE('',#15253,(#15257,#15264),.PCURVE_S1.);
#15253 = LINE('',#15254,#15255);
#15254 = CARTESIAN_POINT('',(-34.19567895301,-20.29572779417,150.));
#15255 = VECTOR('',#15256,1.);
#15256 = DIRECTION('',(0.866025403781,-0.500000000007,0.));
#15257 = PCURVE('',#14778,#15258);
#15258 = DEFINITIONAL_REPRESENTATION('',(#15259),#15263);
#15259 = LINE('',#15260,#15261);
#15260 = CARTESIAN_POINT('',(-34.19567895301,-20.29572779417));
#15261 = VECTOR('',#15262,1.);
#15262 = DIRECTION('',(0.866025403781,-0.500000000007));
#15263 = ( GEOMETRIC_REPRESENTATION_CONTEXT(2) 
PARAMETRIC_REPRESENTATION_CONTEXT() REPRESENTATION_CONTEXT('2D SPACE',''
  ) );
#15264 = PCURVE('',#15215,#15265);
#15265 = DEFINITIONAL_REPRESENTATION('',(#15266),#15270);
#15266 = LINE('',#15267,#15268);
#15267 = CARTESIAN_POINT('',(-0.420688205422,-0.795727794176));
#15268 = VECTOR('',#15269,1.);
#15269 = DIRECTION('',(0.866025403781,-0.500000000007));
#15270 = ( GEOMETRIC_REPRESENTATION_CONTEXT(2) 
PARAMETRIC_REPRESENTATION_CONTEXT() REPRESENTATION_CONTEXT('2D SPACE',''
  ) );
#15271 = ORIENTED_EDGE('',*,*,#15272,.F.);
#15272 = EDGE_CURVE('',#15273,#15250,#15275,.T.);
#15273 = VERTEX_POINT('',#15274);
#15274 = CARTESIAN_POINT('',(-34.27493695625,-20.24822237572,150.));
#15275 = SURFACE_CURVE('',#15276,(#15280,#15287),.PCURVE_S1.);
#15276 = LINE('',#15277,#15278);
#15277 = CARTESIAN_POINT('',(-34.27493695625,-20.24822237572,150.));
#15278 = VECTOR('',#15279,1.);
#15279 = DIRECTION('',(0.857728612378,-0.514102740226,0.));
#15280 = PCURVE('',#14778,#15281);
#15281 = DEFINITIONAL_REPRESENTATION('',(#15282),#15286);
#15282 = LINE('',#15283,#15284);
#15283 = CARTESIAN_POINT('',(-34.27493695625,-20.24822237572));
#15284 = VECTOR('',#15285,1.);
#15285 = DIRECTION('',(0.857728612378,-0.514102740226));
#15286 = ( GEOMETRIC_REPRESENTATION_CONTEXT(2) 
PARAMETRIC_REPRESENTATION_CONTEXT() REPRESENTATION_CONTEXT('2D SPACE',''
  ) );
#15287 = PCURVE('',#15215,#15288);
#15288 = DEFINITIONAL_REPRESENTATION('',(#15289),#15293);
#15289 = LINE('',#15290,#15291);
#15290 = CARTESIAN_POINT('',(-0.499946208658,-0.748222375725));
#15291 = VECTOR('',#15292,1.);
#15292 = DIRECTION('',(0.857728612378,-0.514102740226));
#15293 = ( GEOMETRIC_REPRESENTATION_CONTEXT(2) 
PARAMETRIC_REPRESENTATION_CONTEXT() REPRESENTATION_CONTEXT('2D SPACE',''
  ) );
#15294 = ORIENTED_EDGE('',*,*,#15295,.F.);
#15295 = EDGE_CURVE('',#15296,#15273,#15298,.T.);
#15296 = VERTEX_POINT('',#15297);
#15297 = CARTESIAN_POINT('',(-34.34586819597,-20.19561618288,150.));
#15298 = SURFACE_CURVE('',#15299,(#15303,#15310),.PCURVE_S1.);
#15299 = LINE('',#15300,#15301);
#15300 = CARTESIAN_POINT('',(-34.34586819597,-20.19561618288,150.));
#15301 = VECTOR('',#15302,1.);
#15302 = DIRECTION('',(0.803207530666,-0.59569930559,0.));
#15303 = PCURVE('',#14778,#15304);
#15304 = DEFINITIONAL_REPRESENTATION('',(#15305),#15309);
#15305 = LINE('',#15306,#15307);
#15306 = CARTESIAN_POINT('',(-34.34586819597,-20.19561618288));
#15307 = VECTOR('',#15308,1.);
#15308 = DIRECTION('',(0.803207530666,-0.59569930559));
#15309 = ( GEOMETRIC_REPRESENTATION_CONTEXT(2) 
PARAMETRIC_REPRESENTATION_CONTEXT() REPRESENTATION_CONTEXT('2D SPACE',''
  ) );
#15310 = PCURVE('',#15215,#15311);
#15311 = DEFINITIONAL_REPRESENTATION('',(#15312),#15316);
#15312 = LINE('',#15313,#15314);
#15313 = CARTESIAN_POINT('',(-0.570877448381,-0.695616182887));
#15314 = VECTOR('',#15315,1.);
#15315 = DIRECTION('',(0.803207530666,-0.59569930559));
#15316 = ( GEOMETRIC_REPRESENTATION_CONTEXT(2) 
PARAMETRIC_REPRESENTATION_CONTEXT() REPRESENTATION_CONTEXT('2D SPACE',''
  ) );
#15317 = ORIENTED_EDGE('',*,*,#15318,.F.);
#15318 = EDGE_CURVE('',#15319,#15296,#15321,.T.);
#15319 = VERTEX_POINT('',#15320);
#15320 = CARTESIAN_POINT('',(-34.41130157404,-20.13631082604,150.));
#15321 = SURFACE_CURVE('',#15322,(#15326,#15333),.PCURVE_S1.);
#15322 = LINE('',#15323,#15324);
#15323 = CARTESIAN_POINT('',(-34.41130157404,-20.13631082604,150.));
#15324 = VECTOR('',#15325,1.);
#15325 = DIRECTION('',(0.740951126143,-0.671558953977,0.));
#15326 = PCURVE('',#14778,#15327);
#15327 = DEFINITIONAL_REPRESENTATION('',(#15328),#15332);
#15328 = LINE('',#15329,#15330);
#15329 = CARTESIAN_POINT('',(-34.41130157404,-20.13631082604));
#15330 = VECTOR('',#15331,1.);
#15331 = DIRECTION('',(0.740951126143,-0.671558953977));
#15332 = ( GEOMETRIC_REPRESENTATION_CONTEXT(2) 
PARAMETRIC_REPRESENTATION_CONTEXT() REPRESENTATION_CONTEXT('2D SPACE',''
  ) );
#15333 = PCURVE('',#15215,#15334);
#15334 = DEFINITIONAL_REPRESENTATION('',(#15335),#15339);
#15335 = LINE('',#15336,#15337);
#15336 = CARTESIAN_POINT('',(-0.636310826456,-0.636310826049));
#15337 = VECTOR('',#15338,1.);
#15338 = DIRECTION('',(0.740951126143,-0.671558953977));
#15339 = ( GEOMETRIC_REPRESENTATION_CONTEXT(2) 
PARAMETRIC_REPRESENTATION_CONTEXT() REPRESENTATION_CONTEXT('2D SPACE',''
  ) );
#15340 = ORIENTED_EDGE('',*,*,#15341,.F.);
#15341 = EDGE_CURVE('',#15342,#15319,#15344,.T.);
#15342 = VERTEX_POINT('',#15343);
#15343 = CARTESIAN_POINT('',(-34.47060693088,-20.07087744797,150.));
#15344 = SURFACE_CURVE('',#15345,(#15349,#15356),.PCURVE_S1.);
#15345 = LINE('',#15346,#15347);
#15346 = CARTESIAN_POINT('',(-34.47060693088,-20.07087744797,150.));
#15347 = VECTOR('',#15348,1.);
#15348 = DIRECTION('',(0.671558953977,-0.740951126143,0.));
#15349 = PCURVE('',#14778,#15350);
#15350 = DEFINITIONAL_REPRESENTATION('',(#15351),#15355);
#15351 = LINE('',#15352,#15353);
#15352 = CARTESIAN_POINT('',(-34.47060693088,-20.07087744797));
#15353 = VECTOR('',#15354,1.);
#15354 = DIRECTION('',(0.671558953977,-0.740951126143));
#15355 = ( GEOMETRIC_REPRESENTATION_CONTEXT(2) 
PARAMETRIC_REPRESENTATION_CONTEXT() REPRESENTATION_CONTEXT('2D SPACE',''
  ) );
#15356 = PCURVE('',#15215,#15357);
#15357 = DEFINITIONAL_REPRESENTATION('',(#15358),#15362);
#15358 = LINE('',#15359,#15360);
#15359 = CARTESIAN_POINT('',(-0.695616183294,-0.570877447974));
#15360 = VECTOR('',#15361,1.);
#15361 = DIRECTION('',(0.671558953977,-0.740951126143));
#15362 = ( GEOMETRIC_REPRESENTATION_CONTEXT(2) 
PARAMETRIC_REPRESENTATION_CONTEXT() REPRESENTATION_CONTEXT('2D SPACE',''
  ) );
#15363 = ORIENTED_EDGE('',*,*,#15364,.F.);
#15364 = EDGE_CURVE('',#15365,#15342,#15367,.T.);
#15365 = VERTEX_POINT('',#15366);
#15366 = CARTESIAN_POINT('',(-34.52321312388,-19.99994620804,150.));
#15367 = SURFACE_CURVE('',#15368,(#15372,#15379),.PCURVE_S1.);
#15368 = LINE('',#15369,#15370);
#15369 = CARTESIAN_POINT('',(-34.52321312388,-19.99994620804,150.));
#15370 = VECTOR('',#15371,1.);
#15371 = DIRECTION('',(0.59569930559,-0.803207530666,0.));
#15372 = PCURVE('',#14778,#15373);
#15373 = DEFINITIONAL_REPRESENTATION('',(#15374),#15378);
#15374 = LINE('',#15375,#15376);
#15375 = CARTESIAN_POINT('',(-34.52321312388,-19.99994620804));
#15376 = VECTOR('',#15377,1.);
#15377 = DIRECTION('',(0.59569930559,-0.803207530666));
#15378 = ( GEOMETRIC_REPRESENTATION_CONTEXT(2) 
PARAMETRIC_REPRESENTATION_CONTEXT() REPRESENTATION_CONTEXT('2D SPACE',''
  ) );
#15379 = PCURVE('',#15215,#15380);
#15380 = DEFINITIONAL_REPRESENTATION('',(#15381),#15385);
#15381 = LINE('',#15382,#15383);
#15382 = CARTESIAN_POINT('',(-0.748222376288,-0.499946208041));
#15383 = VECTOR('',#15384,1.);
#15384 = DIRECTION('',(0.59569930559,-0.803207530666));
#15385 = ( GEOMETRIC_REPRESENTATION_CONTEXT(2) 
PARAMETRIC_REPRESENTATION_CONTEXT() REPRESENTATION_CONTEXT('2D SPACE',''
  ) );
#15386 = ORIENTED_EDGE('',*,*,#15387,.F.);
#15387 = EDGE_CURVE('',#15388,#15365,#15390,.T.);
#15388 = VERTEX_POINT('',#15389);
#15389 = CARTESIAN_POINT('',(-34.56861352608,-19.92420021317,150.));
#15390 = SURFACE_CURVE('',#15391,(#15395,#15402),.PCURVE_S1.);
#15391 = LINE('',#15392,#15393);
#15392 = CARTESIAN_POINT('',(-34.56861352608,-19.92420021317,150.));
#15393 = VECTOR('',#15394,1.);
#15394 = DIRECTION('',(0.51410274472,-0.857728609685,0.));
#15395 = PCURVE('',#14778,#15396);
#15396 = DEFINITIONAL_REPRESENTATION('',(#15397),#15401);
#15397 = LINE('',#15398,#15399);
#15398 = CARTESIAN_POINT('',(-34.56861352608,-19.92420021317));
#15399 = VECTOR('',#15400,1.);
#15400 = DIRECTION('',(0.51410274472,-0.857728609685));
#15401 = ( GEOMETRIC_REPRESENTATION_CONTEXT(2) 
PARAMETRIC_REPRESENTATION_CONTEXT() REPRESENTATION_CONTEXT('2D SPACE',''
  ) );
#15402 = PCURVE('',#15215,#15403);
#15403 = DEFINITIONAL_REPRESENTATION('',(#15404),#15408);
#15404 = LINE('',#15405,#15406);
#15405 = CARTESIAN_POINT('',(-0.793622778493,-0.424200213175));
#15406 = VECTOR('',#15407,1.);
#15407 = DIRECTION('',(0.51410274472,-0.857728609685));
#15408 = ( GEOMETRIC_REPRESENTATION_CONTEXT(2) 
PARAMETRIC_REPRESENTATION_CONTEXT() REPRESENTATION_CONTEXT('2D SPACE',''
  ) );
#15409 = ORIENTED_EDGE('',*,*,#15410,.F.);
#15410 = EDGE_CURVE('',#15411,#15388,#15413,.T.);
#15411 = VERTEX_POINT('',#15412);
#15412 = CARTESIAN_POINT('',(-34.6063709071,-19.84436893753,150.));
#15413 = SURFACE_CURVE('',#15414,(#15418,#15425),.PCURVE_S1.);
#15414 = LINE('',#15415,#15416);
#15415 = CARTESIAN_POINT('',(-34.6063709071,-19.84436893753,150.));
#15416 = VECTOR('',#15417,1.);
#15417 = DIRECTION('',(0.42755508995,-0.903989294769,0.));
#15418 = PCURVE('',#14778,#15419);
#15419 = DEFINITIONAL_REPRESENTATION('',(#15420),#15424);
#15420 = LINE('',#15421,#15422);
#15421 = CARTESIAN_POINT('',(-34.6063709071,-19.84436893753));
#15422 = VECTOR('',#15423,1.);
#15423 = DIRECTION('',(0.42755508995,-0.903989294769));
#15424 = ( GEOMETRIC_REPRESENTATION_CONTEXT(2) 
PARAMETRIC_REPRESENTATION_CONTEXT() REPRESENTATION_CONTEXT('2D SPACE',''
  ) );
#15425 = PCURVE('',#15215,#15426);
#15426 = DEFINITIONAL_REPRESENTATION('',(#15427),#15431);
#15427 = LINE('',#15428,#15429);
#15428 = CARTESIAN_POINT('',(-0.831380159508,-0.344368937537));
#15429 = VECTOR('',#15430,1.);
#15430 = DIRECTION('',(0.42755508995,-0.903989294769));
#15431 = ( GEOMETRIC_REPRESENTATION_CONTEXT(2) 
PARAMETRIC_REPRESENTATION_CONTEXT() REPRESENTATION_CONTEXT('2D SPACE',''
  ) );
#15432 = ORIENTED_EDGE('',*,*,#15433,.F.);
#15433 = EDGE_CURVE('',#15434,#15411,#15436,.T.);
#15434 = VERTEX_POINT('',#15435);
#15435 = CARTESIAN_POINT('',(-34.6361216428,-19.76122120094,150.));
#15436 = SURFACE_CURVE('',#15437,(#15441,#15448),.PCURVE_S1.);
#15437 = LINE('',#15438,#15439);
#15438 = CARTESIAN_POINT('',(-34.6361216428,-19.76122120094,150.));
#15439 = VECTOR('',#15440,1.);
#15440 = DIRECTION('',(0.336889851754,-0.941544065769,0.));
#15441 = PCURVE('',#14778,#15442);
#15442 = DEFINITIONAL_REPRESENTATION('',(#15443),#15447);
#15443 = LINE('',#15444,#15445);
#15444 = CARTESIAN_POINT('',(-34.6361216428,-19.76122120094));
#15445 = VECTOR('',#15446,1.);
#15446 = DIRECTION('',(0.336889851754,-0.941544065769));
#15447 = ( GEOMETRIC_REPRESENTATION_CONTEXT(2) 
PARAMETRIC_REPRESENTATION_CONTEXT() REPRESENTATION_CONTEXT('2D SPACE',''
  ) );
#15448 = PCURVE('',#15215,#15449);
#15449 = DEFINITIONAL_REPRESENTATION('',(#15450),#15454);
#15450 = LINE('',#15451,#15452);
#15451 = CARTESIAN_POINT('',(-0.861130895211,-0.261221200948));
#15452 = VECTOR('',#15453,1.);
#15453 = DIRECTION('',(0.336889851754,-0.941544065769));
#15454 = ( GEOMETRIC_REPRESENTATION_CONTEXT(2) 
PARAMETRIC_REPRESENTATION_CONTEXT() REPRESENTATION_CONTEXT('2D SPACE',''
  ) );
#15455 = ORIENTED_EDGE('',*,*,#15456,.F.);
#15456 = EDGE_CURVE('',#15457,#15434,#15459,.T.);
#15457 = VERTEX_POINT('',#15458);
#15458 = CARTESIAN_POINT('',(-34.65757921759,-19.67555776193,150.));
#15459 = SURFACE_CURVE('',#15460,(#15464,#15471),.PCURVE_S1.);
#15460 = LINE('',#15461,#15462);
#15461 = CARTESIAN_POINT('',(-34.65757921759,-19.67555776193,150.));
#15462 = VECTOR('',#15463,1.);
#15463 = DIRECTION('',(0.24298018363,-0.970031252261,0.));
#15464 = PCURVE('',#14778,#15465);
#15465 = DEFINITIONAL_REPRESENTATION('',(#15466),#15470);
#15466 = LINE('',#15467,#15468);
#15467 = CARTESIAN_POINT('',(-34.65757921759,-19.67555776193));
#15468 = VECTOR('',#15469,1.);
#15469 = DIRECTION('',(0.24298018363,-0.970031252261));
#15470 = ( GEOMETRIC_REPRESENTATION_CONTEXT(2) 
PARAMETRIC_REPRESENTATION_CONTEXT() REPRESENTATION_CONTEXT('2D SPACE',''
  ) );
#15471 = PCURVE('',#15215,#15472);
#15472 = DEFINITIONAL_REPRESENTATION('',(#15473),#15477);
#15473 = LINE('',#15474,#15475);
#15474 = CARTESIAN_POINT('',(-0.882588469997,-0.175557761939));
#15475 = VECTOR('',#15476,1.);
#15476 = DIRECTION('',(0.24298018363,-0.970031252261));
#15477 = ( GEOMETRIC_REPRESENTATION_CONTEXT(2) 
PARAMETRIC_REPRESENTATION_CONTEXT() REPRESENTATION_CONTEXT('2D SPACE',''
  ) );
#15478 = ORIENTED_EDGE('',*,*,#15479,.F.);
#15479 = EDGE_CURVE('',#15200,#15457,#15480,.T.);
#15480 = SURFACE_CURVE('',#15481,(#15485,#15492),.PCURVE_S1.);
#15481 = LINE('',#15482,#15483);
#15482 = CARTESIAN_POINT('',(-34.67053698245,-19.58820360494,150.));
#15483 = VECTOR('',#15484,1.);
#15484 = DIRECTION('',(0.14673047131,-0.989176510431,0.));
#15485 = PCURVE('',#14778,#15486);
#15486 = DEFINITIONAL_REPRESENTATION('',(#15487),#15491);
#15487 = LINE('',#15488,#15489);
#15488 = CARTESIAN_POINT('',(-34.67053698245,-19.58820360494));
#15489 = VECTOR('',#15490,1.);
#15490 = DIRECTION('',(0.14673047131,-0.989176510431));
#15491 = ( GEOMETRIC_REPRESENTATION_CONTEXT(2) 
PARAMETRIC_REPRESENTATION_CONTEXT() REPRESENTATION_CONTEXT('2D SPACE',''
  ) );
#15492 = PCURVE('',#15215,#15493);
#15493 = DEFINITIONAL_REPRESENTATION('',(#15494),#15498);
#15494 = LINE('',#15495,#15496);
#15495 = CARTESIAN_POINT('',(-0.895546234857,-8.820360494635E-02));
#15496 = VECTOR('',#15497,1.);
#15497 = DIRECTION('',(0.14673047131,-0.989176510431));
#15498 = ( GEOMETRIC_REPRESENTATION_CONTEXT(2) 
PARAMETRIC_REPRESENTATION_CONTEXT() REPRESENTATION_CONTEXT('2D SPACE',''
  ) );
#15499 = ADVANCED_FACE('',(#15500),#15182,.F.);
#15500 = FACE_BOUND('',#15501,.F.);
#15501 = EDGE_LOOP('',(#15502,#15532,#15556,#15557));
#15502 = ORIENTED_EDGE('',*,*,#15503,.F.);
#15503 = EDGE_CURVE('',#15504,#15506,#15508,.T.);
#15504 = VERTEX_POINT('',#15505);
#15505 = CARTESIAN_POINT('',(-33.84627543229,-20.49745601092,135.));
#15506 = VERTEX_POINT('',#15507);
#15507 = CARTESIAN_POINT('',(-0.828179901894,-39.56046235386,135.));
#15508 = SURFACE_CURVE('',#15509,(#15513,#15520),.PCURVE_S1.);
#15509 = LINE('',#15510,#15511);
#15510 = CARTESIAN_POINT('',(-34.19567895301,-20.29572779417,135.));
#15511 = VECTOR('',#15512,1.);
#15512 = DIRECTION('',(0.866025403781,-0.500000000007,0.));
#15513 = PCURVE('',#15182,#15514);
#15514 = DEFINITIONAL_REPRESENTATION('',(#15515),#15519);
#15515 = LINE('',#15516,#15517);
#15516 = CARTESIAN_POINT('',(0.,0.));
#15517 = VECTOR('',#15518,1.);
#15518 = DIRECTION('',(1.,0.));
#15519 = ( GEOMETRIC_REPRESENTATION_CONTEXT(2) 
PARAMETRIC_REPRESENTATION_CONTEXT() REPRESENTATION_CONTEXT('2D SPACE',''
  ) );
#15520 = PCURVE('',#15521,#15526);
#15521 = PLANE('',#15522);
#15522 = AXIS2_PLACEMENT_3D('',#15523,#15524,#15525);
#15523 = CARTESIAN_POINT('',(9.417090361288E-16,0.690719102614,135.));
#15524 = DIRECTION('',(8.287608206104E-48,6.952465101463E-31,1.));
#15525 = DIRECTION('',(0.,1.,-6.952465101463E-31));
#15526 = DEFINITIONAL_REPRESENTATION('',(#15527),#15531);
#15527 = LINE('',#15528,#15529);
#15528 = CARTESIAN_POINT('',(-20.98644689679,34.195678953015));
#15529 = VECTOR('',#15530,1.);
#15530 = DIRECTION('',(-0.500000000007,-0.866025403781));
#15531 = ( GEOMETRIC_REPRESENTATION_CONTEXT(2) 
PARAMETRIC_REPRESENTATION_CONTEXT() REPRESENTATION_CONTEXT('2D SPACE',''
  ) );
#15532 = ORIENTED_EDGE('',*,*,#15533,.T.);
#15533 = EDGE_CURVE('',#15504,#14762,#15534,.T.);
#15534 = SURFACE_CURVE('',#15535,(#15539,#15545),.PCURVE_S1.);
#15535 = LINE('',#15536,#15537);
#15536 = CARTESIAN_POINT('',(-33.84627543229,-20.49745601092,-150.));
#15537 = VECTOR('',#15538,1.);
#15538 = DIRECTION('',(0.,0.,1.));
#15539 = PCURVE('',#15182,#15540);
#15540 = DEFINITIONAL_REPRESENTATION('',(#15541),#15544);
#15541 = B_SPLINE_CURVE_WITH_KNOTS('',1,(#15542,#15543),.UNSPECIFIED.,
  .F.,.F.,(2,2),(283.5,300.0000006),.PIECEWISE_BEZIER_KNOTS.);
#15542 = CARTESIAN_POINT('',(0.403456433489,1.5));
#15543 = CARTESIAN_POINT('',(0.403456433489,-15.0000006));
#15544 = ( GEOMETRIC_REPRESENTATION_CONTEXT(2) 
PARAMETRIC_REPRESENTATION_CONTEXT() REPRESENTATION_CONTEXT('2D SPACE',''
  ) );
#15545 = PCURVE('',#15546,#15551);
#15546 = CYLINDRICAL_SURFACE('',#15547,1.);
#15547 = AXIS2_PLACEMENT_3D('',#15548,#15549,#15550);
#15548 = CARTESIAN_POINT('',(-33.77499074759,-19.5,-150.));
#15549 = DIRECTION('',(0.,0.,1.));
#15550 = DIRECTION('',(1.,0.,-0.));
#15551 = DEFINITIONAL_REPRESENTATION('',(#15552),#15555);
#15552 = B_SPLINE_CURVE_WITH_KNOTS('',1,(#15553,#15554),.UNSPECIFIED.,
  .F.,.F.,(2,2),(283.5,300.0000006),.PIECEWISE_BEZIER_KNOTS.);
#15553 = CARTESIAN_POINT('',(4.641043784949,283.5));
#15554 = CARTESIAN_POINT('',(4.641043784949,300.0000006));
#15555 = ( GEOMETRIC_REPRESENTATION_CONTEXT(2) 
PARAMETRIC_REPRESENTATION_CONTEXT() REPRESENTATION_CONTEXT('2D SPACE',''
  ) );
#15556 = ORIENTED_EDGE('',*,*,#15168,.T.);
#15557 = ORIENTED_EDGE('',*,*,#15558,.F.);
#15558 = EDGE_CURVE('',#15506,#15140,#15559,.T.);
#15559 = SURFACE_CURVE('',#15560,(#15564,#15570),.PCURVE_S1.);
#15560 = LINE('',#15561,#15562);
#15561 = CARTESIAN_POINT('',(-0.828179901894,-39.56046235386,-150.));
#15562 = VECTOR('',#15563,1.);
#15563 = DIRECTION('',(0.,0.,1.));
#15564 = PCURVE('',#15182,#15565);
#15565 = DEFINITIONAL_REPRESENTATION('',(#15566),#15569);
#15566 = B_SPLINE_CURVE_WITH_KNOTS('',1,(#15567,#15568),.UNSPECIFIED.,
  .F.,.F.,(2,2),(283.5,300.0000006),.PIECEWISE_BEZIER_KNOTS.);
#15567 = CARTESIAN_POINT('',(38.529469118868,1.5));
#15568 = CARTESIAN_POINT('',(38.529469118868,-15.0000006));
#15569 = ( GEOMETRIC_REPRESENTATION_CONTEXT(2) 
PARAMETRIC_REPRESENTATION_CONTEXT() REPRESENTATION_CONTEXT('2D SPACE',''
  ) );
#15570 = PCURVE('',#15571,#15576);
#15571 = CYLINDRICAL_SURFACE('',#15572,1.);
#15572 = AXIS2_PLACEMENT_3D('',#15573,#15574,#15575);
#15573 = CARTESIAN_POINT('',(-7.164183775012E-15,-39.,-150.));
#15574 = DIRECTION('',(0.,0.,1.));
#15575 = DIRECTION('',(1.,0.,-0.));
#15576 = DEFINITIONAL_REPRESENTATION('',(#15577),#15580);
#15577 = B_SPLINE_CURVE_WITH_KNOTS('',1,(#15578,#15579),.UNSPECIFIED.,
  .F.,.F.,(2,2),(283.5,300.0000006),.PIECEWISE_BEZIER_KNOTS.);
#15578 = CARTESIAN_POINT('',(3.736536625287,283.5));
#15579 = CARTESIAN_POINT('',(3.736536625287,300.0000006));
#15580 = ( GEOMETRIC_REPRESENTATION_CONTEXT(2) 
PARAMETRIC_REPRESENTATION_CONTEXT() REPRESENTATION_CONTEXT('2D SPACE',''
  ) );
#15581 = ADVANCED_FACE('',(#15582),#15156,.F.);
#15582 = FACE_BOUND('',#15583,.F.);
#15583 = EDGE_LOOP('',(#15584,#15612,#15613,#15636,#15659,#15682,#15705,
    #15728,#15751,#15774,#15797,#15820,#15843));
#15584 = ORIENTED_EDGE('',*,*,#15585,.F.);
#15585 = EDGE_CURVE('',#15140,#15586,#15588,.T.);
#15586 = VERTEX_POINT('',#15587);
#15587 = CARTESIAN_POINT('',(-0.424941290921,-39.79327227446,150.));
#15588 = SURFACE_CURVE('',#15589,(#15593,#15600),.PCURVE_S1.);
#15589 = LINE('',#15590,#15591);
#15590 = CARTESIAN_POINT('',(-34.19567895301,-20.29572779417,150.));
#15591 = VECTOR('',#15592,1.);
#15592 = DIRECTION('',(0.866025403781,-0.500000000007,0.));
#15593 = PCURVE('',#15156,#15594);
#15594 = DEFINITIONAL_REPRESENTATION('',(#15595),#15599);
#15595 = LINE('',#15596,#15597);
#15596 = CARTESIAN_POINT('',(-34.19567895301,-20.29572779417));
#15597 = VECTOR('',#15598,1.);
#15598 = DIRECTION('',(0.866025403781,-0.500000000007));
#15599 = ( GEOMETRIC_REPRESENTATION_CONTEXT(2) 
PARAMETRIC_REPRESENTATION_CONTEXT() REPRESENTATION_CONTEXT('2D SPACE',''
  ) );
#15600 = PCURVE('',#15601,#15606);
#15601 = PLANE('',#15602);
#15602 = AXIS2_PLACEMENT_3D('',#15603,#15604,#15605);
#15603 = CARTESIAN_POINT('',(-7.164183775012E-15,-39.,150.));
#15604 = DIRECTION('',(0.,0.,1.));
#15605 = DIRECTION('',(1.,0.,-0.));
#15606 = DEFINITIONAL_REPRESENTATION('',(#15607),#15611);
#15607 = LINE('',#15608,#15609);
#15608 = CARTESIAN_POINT('',(-34.19567895301,18.704272205824));
#15609 = VECTOR('',#15610,1.);
#15610 = DIRECTION('',(0.866025403781,-0.500000000007));
#15611 = ( GEOMETRIC_REPRESENTATION_CONTEXT(2) 
PARAMETRIC_REPRESENTATION_CONTEXT() REPRESENTATION_CONTEXT('2D SPACE',''
  ) );
#15612 = ORIENTED_EDGE('',*,*,#15139,.T.);
#15613 = ORIENTED_EDGE('',*,*,#15614,.F.);
#15614 = EDGE_CURVE('',#15615,#15112,#15617,.T.);
#15615 = VERTEX_POINT('',#15616);
#15616 = CARTESIAN_POINT('',(0.424941290921,-39.79327227446,150.));
#15617 = SURFACE_CURVE('',#15618,(#15622,#15629),.PCURVE_S1.);
#15618 = LINE('',#15619,#15620);
#15619 = CARTESIAN_POINT('',(0.424941290921,-39.79327227446,150.));
#15620 = VECTOR('',#15621,1.);
#15621 = DIRECTION('',(0.866025403781,0.500000000007,0.));
#15622 = PCURVE('',#15156,#15623);
#15623 = DEFINITIONAL_REPRESENTATION('',(#15624),#15628);
#15624 = LINE('',#15625,#15626);
#15625 = CARTESIAN_POINT('',(0.424941290921,-39.79327227446));
#15626 = VECTOR('',#15627,1.);
#15627 = DIRECTION('',(0.866025403781,0.500000000007));
#15628 = ( GEOMETRIC_REPRESENTATION_CONTEXT(2) 
PARAMETRIC_REPRESENTATION_CONTEXT() REPRESENTATION_CONTEXT('2D SPACE',''
  ) );
#15629 = PCURVE('',#15601,#15630);
#15630 = DEFINITIONAL_REPRESENTATION('',(#15631),#15635);
#15631 = LINE('',#15632,#15633);
#15632 = CARTESIAN_POINT('',(0.424941290921,-0.793272274461));
#15633 = VECTOR('',#15634,1.);
#15634 = DIRECTION('',(0.866025403781,0.500000000007));
#15635 = ( GEOMETRIC_REPRESENTATION_CONTEXT(2) 
PARAMETRIC_REPRESENTATION_CONTEXT() REPRESENTATION_CONTEXT('2D SPACE',''
  ) );
#15636 = ORIENTED_EDGE('',*,*,#15637,.F.);
#15637 = EDGE_CURVE('',#15638,#15615,#15640,.T.);
#15638 = VERTEX_POINT('',#15639);
#15639 = CARTESIAN_POINT('',(0.344368937102,-39.83138016025,150.));
#15640 = SURFACE_CURVE('',#15641,(#15645,#15652),.PCURVE_S1.);
#15641 = LINE('',#15642,#15643);
#15642 = CARTESIAN_POINT('',(0.344368937102,-39.83138016025,150.));
#15643 = VECTOR('',#15644,1.);
#15644 = DIRECTION('',(0.903989290831,0.427555098278,0.));
#15645 = PCURVE('',#15156,#15646);
#15646 = DEFINITIONAL_REPRESENTATION('',(#15647),#15651);
#15647 = LINE('',#15648,#15649);
#15648 = CARTESIAN_POINT('',(0.344368937102,-39.83138016025));
#15649 = VECTOR('',#15650,1.);
#15650 = DIRECTION('',(0.903989290831,0.427555098278));
#15651 = ( GEOMETRIC_REPRESENTATION_CONTEXT(2) 
PARAMETRIC_REPRESENTATION_CONTEXT() REPRESENTATION_CONTEXT('2D SPACE',''
  ) );
#15652 = PCURVE('',#15601,#15653);
#15653 = DEFINITIONAL_REPRESENTATION('',(#15654),#15658);
#15654 = LINE('',#15655,#15656);
#15655 = CARTESIAN_POINT('',(0.344368937102,-0.831380160257));
#15656 = VECTOR('',#15657,1.);
#15657 = DIRECTION('',(0.903989290831,0.427555098278));
#15658 = ( GEOMETRIC_REPRESENTATION_CONTEXT(2) 
PARAMETRIC_REPRESENTATION_CONTEXT() REPRESENTATION_CONTEXT('2D SPACE',''
  ) );
#15659 = ORIENTED_EDGE('',*,*,#15660,.F.);
#15660 = EDGE_CURVE('',#15661,#15638,#15663,.T.);
#15661 = VERTEX_POINT('',#15662);
#15662 = CARTESIAN_POINT('',(0.261221201415,-39.86113089563,150.));
#15663 = SURFACE_CURVE('',#15664,(#15668,#15675),.PCURVE_S1.);
#15664 = LINE('',#15665,#15666);
#15665 = CARTESIAN_POINT('',(0.261221201415,-39.86113089563,150.));
#15666 = VECTOR('',#15667,1.);
#15667 = DIRECTION('',(0.941544065769,0.336889851754,0.));
#15668 = PCURVE('',#15156,#15669);
#15669 = DEFINITIONAL_REPRESENTATION('',(#15670),#15674);
#15670 = LINE('',#15671,#15672);
#15671 = CARTESIAN_POINT('',(0.261221201415,-39.86113089563));
#15672 = VECTOR('',#15673,1.);
#15673 = DIRECTION('',(0.941544065769,0.336889851754));
#15674 = ( GEOMETRIC_REPRESENTATION_CONTEXT(2) 
PARAMETRIC_REPRESENTATION_CONTEXT() REPRESENTATION_CONTEXT('2D SPACE',''
  ) );
#15675 = PCURVE('',#15601,#15676);
#15676 = DEFINITIONAL_REPRESENTATION('',(#15677),#15681);
#15677 = LINE('',#15678,#15679);
#15678 = CARTESIAN_POINT('',(0.261221201415,-0.861130895637));
#15679 = VECTOR('',#15680,1.);
#15680 = DIRECTION('',(0.941544065769,0.336889851754));
#15681 = ( GEOMETRIC_REPRESENTATION_CONTEXT(2) 
PARAMETRIC_REPRESENTATION_CONTEXT() REPRESENTATION_CONTEXT('2D SPACE',''
  ) );
#15682 = ORIENTED_EDGE('',*,*,#15683,.F.);
#15683 = EDGE_CURVE('',#15684,#15661,#15686,.T.);
#15684 = VERTEX_POINT('',#15685);
#15685 = CARTESIAN_POINT('',(0.175557761939,-39.88258846964,150.));
#15686 = SURFACE_CURVE('',#15687,(#15691,#15698),.PCURVE_S1.);
#15687 = LINE('',#15688,#15689);
#15688 = CARTESIAN_POINT('',(0.175557761939,-39.88258846964,150.));
#15689 = VECTOR('',#15690,1.);
#15690 = DIRECTION('',(0.970031254663,0.242980174042,0.));
#15691 = PCURVE('',#15156,#15692);
#15692 = DEFINITIONAL_REPRESENTATION('',(#15693),#15697);
#15693 = LINE('',#15694,#15695);
#15694 = CARTESIAN_POINT('',(0.175557761939,-39.88258846964));
#15695 = VECTOR('',#15696,1.);
#15696 = DIRECTION('',(0.970031254663,0.242980174042));
#15697 = ( GEOMETRIC_REPRESENTATION_CONTEXT(2) 
PARAMETRIC_REPRESENTATION_CONTEXT() REPRESENTATION_CONTEXT('2D SPACE',''
  ) );
#15698 = PCURVE('',#15601,#15699);
#15699 = DEFINITIONAL_REPRESENTATION('',(#15700),#15704);
#15700 = LINE('',#15701,#15702);
#15701 = CARTESIAN_POINT('',(0.175557761939,-0.882588469641));
#15702 = VECTOR('',#15703,1.);
#15703 = DIRECTION('',(0.970031254663,0.242980174042));
#15704 = ( GEOMETRIC_REPRESENTATION_CONTEXT(2) 
PARAMETRIC_REPRESENTATION_CONTEXT() REPRESENTATION_CONTEXT('2D SPACE',''
  ) );
#15705 = ORIENTED_EDGE('',*,*,#15706,.F.);
#15706 = EDGE_CURVE('',#15707,#15684,#15709,.T.);
#15707 = VERTEX_POINT('',#15708);
#15708 = CARTESIAN_POINT('',(8.820360494634E-02,-39.8955462354,150.));
#15709 = SURFACE_CURVE('',#15710,(#15714,#15721),.PCURVE_S1.);
#15710 = LINE('',#15711,#15712);
#15711 = CARTESIAN_POINT('',(8.820360494634E-02,-39.8955462354,150.));
#15712 = VECTOR('',#15713,1.);
#15713 = DIRECTION('',(0.989176508952,0.146730481281,0.));
#15714 = PCURVE('',#15156,#15715);
#15715 = DEFINITIONAL_REPRESENTATION('',(#15716),#15720);
#15716 = LINE('',#15717,#15718);
#15717 = CARTESIAN_POINT('',(8.820360494634E-02,-39.8955462354));
#15718 = VECTOR('',#15719,1.);
#15719 = DIRECTION('',(0.989176508952,0.146730481281));
#15720 = ( GEOMETRIC_REPRESENTATION_CONTEXT(2) 
PARAMETRIC_REPRESENTATION_CONTEXT() REPRESENTATION_CONTEXT('2D SPACE',''
  ) );
#15721 = PCURVE('',#15601,#15722);
#15722 = DEFINITIONAL_REPRESENTATION('',(#15723),#15727);
#15723 = LINE('',#15724,#15725);
#15724 = CARTESIAN_POINT('',(8.820360494635E-02,-0.8955462354));
#15725 = VECTOR('',#15726,1.);
#15726 = DIRECTION('',(0.989176508952,0.146730481281));
#15727 = ( GEOMETRIC_REPRESENTATION_CONTEXT(2) 
PARAMETRIC_REPRESENTATION_CONTEXT() REPRESENTATION_CONTEXT('2D SPACE',''
  ) );
#15728 = ORIENTED_EDGE('',*,*,#15729,.F.);
#15729 = EDGE_CURVE('',#15730,#15707,#15732,.T.);
#15730 = VERTEX_POINT('',#15731);
#15731 = CARTESIAN_POINT('',(0.,-39.89987940036,150.));
#15732 = SURFACE_CURVE('',#15733,(#15737,#15744),.PCURVE_S1.);
#15733 = LINE('',#15734,#15735);
#15734 = CARTESIAN_POINT('',(0.,-39.89987940036,150.));
#15735 = VECTOR('',#15736,1.);
#15736 = DIRECTION('',(0.998795456361,4.906767115975E-02,0.));
#15737 = PCURVE('',#15156,#15738);
#15738 = DEFINITIONAL_REPRESENTATION('',(#15739),#15743);
#15739 = LINE('',#15740,#15741);
#15740 = CARTESIAN_POINT('',(0.,-39.89987940036));
#15741 = VECTOR('',#15742,1.);
#15742 = DIRECTION('',(0.998795456361,4.906767115975E-02));
#15743 = ( GEOMETRIC_REPRESENTATION_CONTEXT(2) 
PARAMETRIC_REPRESENTATION_CONTEXT() REPRESENTATION_CONTEXT('2D SPACE',''
  ) );
#15744 = PCURVE('',#15601,#15745);
#15745 = DEFINITIONAL_REPRESENTATION('',(#15746),#15750);
#15746 = LINE('',#15747,#15748);
#15747 = CARTESIAN_POINT('',(7.164183775012E-15,-0.899879400369));
#15748 = VECTOR('',#15749,1.);
#15749 = DIRECTION('',(0.998795456361,4.906767115975E-02));
#15750 = ( GEOMETRIC_REPRESENTATION_CONTEXT(2) 
PARAMETRIC_REPRESENTATION_CONTEXT() REPRESENTATION_CONTEXT('2D SPACE',''
  ) );
#15751 = ORIENTED_EDGE('',*,*,#15752,.F.);
#15752 = EDGE_CURVE('',#15753,#15730,#15755,.T.);
#15753 = VERTEX_POINT('',#15754);
#15754 = CARTESIAN_POINT('',(-8.820360494634E-02,-39.8955462354,150.));
#15755 = SURFACE_CURVE('',#15756,(#15760,#15767),.PCURVE_S1.);
#15756 = LINE('',#15757,#15758);
#15757 = CARTESIAN_POINT('',(-8.820360494634E-02,-39.8955462354,150.));
#15758 = VECTOR('',#15759,1.);
#15759 = DIRECTION('',(0.998795456361,-4.906767115975E-02,0.));
#15760 = PCURVE('',#15156,#15761);
#15761 = DEFINITIONAL_REPRESENTATION('',(#15762),#15766);
#15762 = LINE('',#15763,#15764);
#15763 = CARTESIAN_POINT('',(-8.820360494634E-02,-39.8955462354));
#15764 = VECTOR('',#15765,1.);
#15765 = DIRECTION('',(0.998795456361,-4.906767115975E-02));
#15766 = ( GEOMETRIC_REPRESENTATION_CONTEXT(2) 
PARAMETRIC_REPRESENTATION_CONTEXT() REPRESENTATION_CONTEXT('2D SPACE',''
  ) );
#15767 = PCURVE('',#15601,#15768);
#15768 = DEFINITIONAL_REPRESENTATION('',(#15769),#15773);
#15769 = LINE('',#15770,#15771);
#15770 = CARTESIAN_POINT('',(-8.820360494633E-02,-0.8955462354));
#15771 = VECTOR('',#15772,1.);
#15772 = DIRECTION('',(0.998795456361,-4.906767115975E-02));
#15773 = ( GEOMETRIC_REPRESENTATION_CONTEXT(2) 
PARAMETRIC_REPRESENTATION_CONTEXT() REPRESENTATION_CONTEXT('2D SPACE',''
  ) );
#15774 = ORIENTED_EDGE('',*,*,#15775,.F.);
#15775 = EDGE_CURVE('',#15776,#15753,#15778,.T.);
#15776 = VERTEX_POINT('',#15777);
#15777 = CARTESIAN_POINT('',(-0.175557761939,-39.88258846964,150.));
#15778 = SURFACE_CURVE('',#15779,(#15783,#15790),.PCURVE_S1.);
#15779 = LINE('',#15780,#15781);
#15780 = CARTESIAN_POINT('',(-0.175557761939,-39.88258846964,150.));
#15781 = VECTOR('',#15782,1.);
#15782 = DIRECTION('',(0.989176508952,-0.146730481281,0.));
#15783 = PCURVE('',#15156,#15784);
#15784 = DEFINITIONAL_REPRESENTATION('',(#15785),#15789);
#15785 = LINE('',#15786,#15787);
#15786 = CARTESIAN_POINT('',(-0.175557761939,-39.88258846964));
#15787 = VECTOR('',#15788,1.);
#15788 = DIRECTION('',(0.989176508952,-0.146730481281));
#15789 = ( GEOMETRIC_REPRESENTATION_CONTEXT(2) 
PARAMETRIC_REPRESENTATION_CONTEXT() REPRESENTATION_CONTEXT('2D SPACE',''
  ) );
#15790 = PCURVE('',#15601,#15791);
#15791 = DEFINITIONAL_REPRESENTATION('',(#15792),#15796);
#15792 = LINE('',#15793,#15794);
#15793 = CARTESIAN_POINT('',(-0.175557761939,-0.882588469641));
#15794 = VECTOR('',#15795,1.);
#15795 = DIRECTION('',(0.989176508952,-0.146730481281));
#15796 = ( GEOMETRIC_REPRESENTATION_CONTEXT(2) 
PARAMETRIC_REPRESENTATION_CONTEXT() REPRESENTATION_CONTEXT('2D SPACE',''
  ) );
#15797 = ORIENTED_EDGE('',*,*,#15798,.F.);
#15798 = EDGE_CURVE('',#15799,#15776,#15801,.T.);
#15799 = VERTEX_POINT('',#15800);
#15800 = CARTESIAN_POINT('',(-0.261221201415,-39.86113089563,150.));
#15801 = SURFACE_CURVE('',#15802,(#15806,#15813),.PCURVE_S1.);
#15802 = LINE('',#15803,#15804);
#15803 = CARTESIAN_POINT('',(-0.261221201415,-39.86113089563,150.));
#15804 = VECTOR('',#15805,1.);
#15805 = DIRECTION('',(0.970031254663,-0.242980174042,0.));
#15806 = PCURVE('',#15156,#15807);
#15807 = DEFINITIONAL_REPRESENTATION('',(#15808),#15812);
#15808 = LINE('',#15809,#15810);
#15809 = CARTESIAN_POINT('',(-0.261221201415,-39.86113089563));
#15810 = VECTOR('',#15811,1.);
#15811 = DIRECTION('',(0.970031254663,-0.242980174042));
#15812 = ( GEOMETRIC_REPRESENTATION_CONTEXT(2) 
PARAMETRIC_REPRESENTATION_CONTEXT() REPRESENTATION_CONTEXT('2D SPACE',''
  ) );
#15813 = PCURVE('',#15601,#15814);
#15814 = DEFINITIONAL_REPRESENTATION('',(#15815),#15819);
#15815 = LINE('',#15816,#15817);
#15816 = CARTESIAN_POINT('',(-0.261221201415,-0.861130895637));
#15817 = VECTOR('',#15818,1.);
#15818 = DIRECTION('',(0.970031254663,-0.242980174042));
#15819 = ( GEOMETRIC_REPRESENTATION_CONTEXT(2) 
PARAMETRIC_REPRESENTATION_CONTEXT() REPRESENTATION_CONTEXT('2D SPACE',''
  ) );
#15820 = ORIENTED_EDGE('',*,*,#15821,.F.);
#15821 = EDGE_CURVE('',#15822,#15799,#15824,.T.);
#15822 = VERTEX_POINT('',#15823);
#15823 = CARTESIAN_POINT('',(-0.344368937102,-39.83138016025,150.));
#15824 = SURFACE_CURVE('',#15825,(#15829,#15836),.PCURVE_S1.);
#15825 = LINE('',#15826,#15827);
#15826 = CARTESIAN_POINT('',(-0.344368937102,-39.83138016025,150.));
#15827 = VECTOR('',#15828,1.);
#15828 = DIRECTION('',(0.941544065769,-0.336889851754,0.));
#15829 = PCURVE('',#15156,#15830);
#15830 = DEFINITIONAL_REPRESENTATION('',(#15831),#15835);
#15831 = LINE('',#15832,#15833);
#15832 = CARTESIAN_POINT('',(-0.344368937102,-39.83138016025));
#15833 = VECTOR('',#15834,1.);
#15834 = DIRECTION('',(0.941544065769,-0.336889851754));
#15835 = ( GEOMETRIC_REPRESENTATION_CONTEXT(2) 
PARAMETRIC_REPRESENTATION_CONTEXT() REPRESENTATION_CONTEXT('2D SPACE',''
  ) );
#15836 = PCURVE('',#15601,#15837);
#15837 = DEFINITIONAL_REPRESENTATION('',(#15838),#15842);
#15838 = LINE('',#15839,#15840);
#15839 = CARTESIAN_POINT('',(-0.344368937102,-0.831380160257));
#15840 = VECTOR('',#15841,1.);
#15841 = DIRECTION('',(0.941544065769,-0.336889851754));
#15842 = ( GEOMETRIC_REPRESENTATION_CONTEXT(2) 
PARAMETRIC_REPRESENTATION_CONTEXT() REPRESENTATION_CONTEXT('2D SPACE',''
  ) );
#15843 = ORIENTED_EDGE('',*,*,#15844,.F.);
#15844 = EDGE_CURVE('',#15586,#15822,#15845,.T.);
#15845 = SURFACE_CURVE('',#15846,(#15850,#15857),.PCURVE_S1.);
#15846 = LINE('',#15847,#15848);
#15847 = CARTESIAN_POINT('',(-0.424941290921,-39.79327227446,150.));
#15848 = VECTOR('',#15849,1.);
#15849 = DIRECTION('',(0.903989290831,-0.427555098278,0.));
#15850 = PCURVE('',#15156,#15851);
#15851 = DEFINITIONAL_REPRESENTATION('',(#15852),#15856);
#15852 = LINE('',#15853,#15854);
#15853 = CARTESIAN_POINT('',(-0.424941290921,-39.79327227446));
#15854 = VECTOR('',#15855,1.);
#15855 = DIRECTION('',(0.903989290831,-0.427555098278));
#15856 = ( GEOMETRIC_REPRESENTATION_CONTEXT(2) 
PARAMETRIC_REPRESENTATION_CONTEXT() REPRESENTATION_CONTEXT('2D SPACE',''
  ) );
#15857 = PCURVE('',#15601,#15858);
#15858 = DEFINITIONAL_REPRESENTATION('',(#15859),#15863);
#15859 = LINE('',#15860,#15861);
#15860 = CARTESIAN_POINT('',(-0.424941290921,-0.793272274461));
#15861 = VECTOR('',#15862,1.);
#15862 = DIRECTION('',(0.903989290831,-0.427555098278));
#15863 = ( GEOMETRIC_REPRESENTATION_CONTEXT(2) 
PARAMETRIC_REPRESENTATION_CONTEXT() REPRESENTATION_CONTEXT('2D SPACE',''
  ) );
#15864 = ADVANCED_FACE('',(#15865),#15127,.F.);
#15865 = FACE_BOUND('',#15866,.F.);
#15866 = EDGE_LOOP('',(#15867,#15892,#15916,#15917));
#15867 = ORIENTED_EDGE('',*,*,#15868,.F.);
#15868 = EDGE_CURVE('',#15869,#15871,#15873,.T.);
#15869 = VERTEX_POINT('',#15870);
#15870 = CARTESIAN_POINT('',(0.828179901894,-39.56046235386,135.));
#15871 = VERTEX_POINT('',#15872);
#15872 = CARTESIAN_POINT('',(33.846275432296,-20.49745601092,135.));
#15873 = SURFACE_CURVE('',#15874,(#15878,#15885),.PCURVE_S1.);
#15874 = LINE('',#15875,#15876);
#15875 = CARTESIAN_POINT('',(0.424941290921,-39.79327227446,135.));
#15876 = VECTOR('',#15877,1.);
#15877 = DIRECTION('',(0.866025403781,0.500000000007,0.));
#15878 = PCURVE('',#15127,#15879);
#15879 = DEFINITIONAL_REPRESENTATION('',(#15880),#15884);
#15880 = LINE('',#15881,#15882);
#15881 = CARTESIAN_POINT('',(0.,0.));
#15882 = VECTOR('',#15883,1.);
#15883 = DIRECTION('',(1.,0.));
#15884 = ( GEOMETRIC_REPRESENTATION_CONTEXT(2) 
PARAMETRIC_REPRESENTATION_CONTEXT() REPRESENTATION_CONTEXT('2D SPACE',''
  ) );
#15885 = PCURVE('',#15521,#15886);
#15886 = DEFINITIONAL_REPRESENTATION('',(#15887),#15891);
#15887 = LINE('',#15888,#15889);
#15888 = CARTESIAN_POINT('',(-40.48399137707,-0.424941290921));
#15889 = VECTOR('',#15890,1.);
#15890 = DIRECTION('',(0.500000000007,-0.866025403781));
#15891 = ( GEOMETRIC_REPRESENTATION_CONTEXT(2) 
PARAMETRIC_REPRESENTATION_CONTEXT() REPRESENTATION_CONTEXT('2D SPACE',''
  ) );
#15892 = ORIENTED_EDGE('',*,*,#15893,.T.);
#15893 = EDGE_CURVE('',#15869,#15112,#15894,.T.);
#15894 = SURFACE_CURVE('',#15895,(#15899,#15905),.PCURVE_S1.);
#15895 = LINE('',#15896,#15897);
#15896 = CARTESIAN_POINT('',(0.828179901894,-39.56046235386,-150.));
#15897 = VECTOR('',#15898,1.);
#15898 = DIRECTION('',(0.,0.,1.));
#15899 = PCURVE('',#15127,#15900);
#15900 = DEFINITIONAL_REPRESENTATION('',(#15901),#15904);
#15901 = B_SPLINE_CURVE_WITH_KNOTS('',1,(#15902,#15903),.UNSPECIFIED.,
  .F.,.F.,(2,2),(283.5,300.0000006),.PIECEWISE_BEZIER_KNOTS.);
#15902 = CARTESIAN_POINT('',(0.465619841188,1.5));
#15903 = CARTESIAN_POINT('',(0.465619841188,-15.0000006));
#15904 = ( GEOMETRIC_REPRESENTATION_CONTEXT(2) 
PARAMETRIC_REPRESENTATION_CONTEXT() REPRESENTATION_CONTEXT('2D SPACE',''
  ) );
#15905 = PCURVE('',#15906,#15911);
#15906 = CYLINDRICAL_SURFACE('',#15907,1.);
#15907 = AXIS2_PLACEMENT_3D('',#15908,#15909,#15910);
#15908 = CARTESIAN_POINT('',(-7.164183775012E-15,-39.,-150.));
#15909 = DIRECTION('',(0.,0.,1.));
#15910 = DIRECTION('',(1.,0.,-0.));
#15911 = DEFINITIONAL_REPRESENTATION('',(#15912),#15915);
#15912 = B_SPLINE_CURVE_WITH_KNOTS('',1,(#15913,#15914),.UNSPECIFIED.,
  .F.,.F.,(2,2),(283.5,300.0000006),.PIECEWISE_BEZIER_KNOTS.);
#15913 = CARTESIAN_POINT('',(5.688241335482,283.5));
#15914 = CARTESIAN_POINT('',(5.688241335482,300.0000006));
#15915 = ( GEOMETRIC_REPRESENTATION_CONTEXT(2) 
PARAMETRIC_REPRESENTATION_CONTEXT() REPRESENTATION_CONTEXT('2D SPACE',''
  ) );
#15916 = ORIENTED_EDGE('',*,*,#15111,.T.);
#15917 = ORIENTED_EDGE('',*,*,#15918,.F.);
#15918 = EDGE_CURVE('',#15871,#15088,#15919,.T.);
#15919 = SURFACE_CURVE('',#15920,(#15924,#15930),.PCURVE_S1.);
#15920 = LINE('',#15921,#15922);
#15921 = CARTESIAN_POINT('',(33.846275432295,-20.49745601092,-150.));
#15922 = VECTOR('',#15923,1.);
#15923 = DIRECTION('',(0.,0.,1.));
#15924 = PCURVE('',#15127,#15925);
#15925 = DEFINITIONAL_REPRESENTATION('',(#15926),#15929);
#15926 = B_SPLINE_CURVE_WITH_KNOTS('',1,(#15927,#15928),.UNSPECIFIED.,
  .F.,.F.,(2,2),(283.5,300.0000006),.PIECEWISE_BEZIER_KNOTS.);
#15927 = CARTESIAN_POINT('',(38.591632526567,1.5));
#15928 = CARTESIAN_POINT('',(38.591632526567,-15.0000006));
#15929 = ( GEOMETRIC_REPRESENTATION_CONTEXT(2) 
PARAMETRIC_REPRESENTATION_CONTEXT() REPRESENTATION_CONTEXT('2D SPACE',''
  ) );
#15930 = PCURVE('',#15931,#15936);
#15931 = CYLINDRICAL_SURFACE('',#15932,1.);
#15932 = AXIS2_PLACEMENT_3D('',#15933,#15934,#15935);
#15933 = CARTESIAN_POINT('',(33.774990747593,-19.5,-150.));
#15934 = DIRECTION('',(0.,0.,1.));
#15935 = DIRECTION('',(1.,0.,-0.));
#15936 = DEFINITIONAL_REPRESENTATION('',(#15937),#15940);
#15937 = B_SPLINE_CURVE_WITH_KNOTS('',1,(#15938,#15939),.UNSPECIFIED.,
  .F.,.F.,(2,2),(283.5,300.0000006),.PIECEWISE_BEZIER_KNOTS.);
#15938 = CARTESIAN_POINT('',(4.78373417582,283.5));
#15939 = CARTESIAN_POINT('',(4.78373417582,300.0000006));
#15940 = ( GEOMETRIC_REPRESENTATION_CONTEXT(2) 
PARAMETRIC_REPRESENTATION_CONTEXT() REPRESENTATION_CONTEXT('2D SPACE',''
  ) );
#15941 = ADVANCED_FACE('',(#15942),#15075,.F.);
#15942 = FACE_BOUND('',#15943,.F.);
#15943 = EDGE_LOOP('',(#15944,#15972,#15973,#15974,#15997,#16020,#16043,
    #16066,#16089,#16112,#16135,#16158,#16181,#16204,#16227));
#15944 = ORIENTED_EDGE('',*,*,#15945,.F.);
#15945 = EDGE_CURVE('',#15088,#15946,#15948,.T.);
#15946 = VERTEX_POINT('',#15947);
#15947 = CARTESIAN_POINT('',(34.195678953015,-20.29572779417,150.));
#15948 = SURFACE_CURVE('',#15949,(#15953,#15960),.PCURVE_S1.);
#15949 = LINE('',#15950,#15951);
#15950 = CARTESIAN_POINT('',(0.424941290921,-39.79327227446,150.));
#15951 = VECTOR('',#15952,1.);
#15952 = DIRECTION('',(0.866025403781,0.500000000007,0.));
#15953 = PCURVE('',#15075,#15954);
#15954 = DEFINITIONAL_REPRESENTATION('',(#15955),#15959);
#15955 = LINE('',#15956,#15957);
#15956 = CARTESIAN_POINT('',(0.424941290921,-39.79327227446));
#15957 = VECTOR('',#15958,1.);
#15958 = DIRECTION('',(0.866025403781,0.500000000007));
#15959 = ( GEOMETRIC_REPRESENTATION_CONTEXT(2) 
PARAMETRIC_REPRESENTATION_CONTEXT() REPRESENTATION_CONTEXT('2D SPACE',''
  ) );
#15960 = PCURVE('',#15961,#15966);
#15961 = PLANE('',#15962);
#15962 = AXIS2_PLACEMENT_3D('',#15963,#15964,#15965);
#15963 = CARTESIAN_POINT('',(33.774990747593,-19.5,150.));
#15964 = DIRECTION('',(0.,0.,1.));
#15965 = DIRECTION('',(1.,0.,-0.));
#15966 = DEFINITIONAL_REPRESENTATION('',(#15967),#15971);
#15967 = LINE('',#15968,#15969);
#15968 = CARTESIAN_POINT('',(-33.35004945667,-20.29327227446));
#15969 = VECTOR('',#15970,1.);
#15970 = DIRECTION('',(0.866025403781,0.500000000007));
#15971 = ( GEOMETRIC_REPRESENTATION_CONTEXT(2) 
PARAMETRIC_REPRESENTATION_CONTEXT() REPRESENTATION_CONTEXT('2D SPACE',''
  ) );
#15972 = ORIENTED_EDGE('',*,*,#15087,.T.);
#15973 = ORIENTED_EDGE('',*,*,#15058,.T.);
#15974 = ORIENTED_EDGE('',*,*,#15975,.F.);
#15975 = EDGE_CURVE('',#15976,#15031,#15978,.T.);
#15976 = VERTEX_POINT('',#15977);
#15977 = CARTESIAN_POINT('',(34.674990748,-19.49754513743,150.));
#15978 = SURFACE_CURVE('',#15979,(#15983,#15990),.PCURVE_S1.);
#15979 = LINE('',#15980,#15981);
#15980 = CARTESIAN_POINT('',(34.674990748,-19.49754513743,150.));
#15981 = VECTOR('',#15982,1.);
#15982 = DIRECTION('',(0.,1.,0.));
#15983 = PCURVE('',#15075,#15984);
#15984 = DEFINITIONAL_REPRESENTATION('',(#15985),#15989);
#15985 = LINE('',#15986,#15987);
#15986 = CARTESIAN_POINT('',(34.674990748,-19.49754513743));
#15987 = VECTOR('',#15988,1.);
#15988 = DIRECTION('',(0.,1.));
#15989 = ( GEOMETRIC_REPRESENTATION_CONTEXT(2) 
PARAMETRIC_REPRESENTATION_CONTEXT() REPRESENTATION_CONTEXT('2D SPACE',''
  ) );
#15990 = PCURVE('',#15961,#15991);
#15991 = DEFINITIONAL_REPRESENTATION('',(#15992),#15996);
#15992 = LINE('',#15993,#15994);
#15993 = CARTESIAN_POINT('',(0.900000000407,2.454862561432E-03));
#15994 = VECTOR('',#15995,1.);
#15995 = DIRECTION('',(0.,1.));
#15996 = ( GEOMETRIC_REPRESENTATION_CONTEXT(2) 
PARAMETRIC_REPRESENTATION_CONTEXT() REPRESENTATION_CONTEXT('2D SPACE',''
  ) );
#15997 = ORIENTED_EDGE('',*,*,#15998,.F.);
#15998 = EDGE_CURVE('',#15999,#15976,#16001,.T.);
#15999 = VERTEX_POINT('',#16000);
#16000 = CARTESIAN_POINT('',(34.67053698245,-19.58820360494,150.));
#16001 = SURFACE_CURVE('',#16002,(#16006,#16013),.PCURVE_S1.);
#16002 = LINE('',#16003,#16004);
#16003 = CARTESIAN_POINT('',(34.67053698245,-19.58820360494,150.));
#16004 = VECTOR('',#16005,1.);
#16005 = DIRECTION('',(4.906768132518E-02,0.998795455861,0.));
#16006 = PCURVE('',#15075,#16007);
#16007 = DEFINITIONAL_REPRESENTATION('',(#16008),#16012);
#16008 = LINE('',#16009,#16010);
#16009 = CARTESIAN_POINT('',(34.67053698245,-19.58820360494));
#16010 = VECTOR('',#16011,1.);
#16011 = DIRECTION('',(4.906768132518E-02,0.998795455861));
#16012 = ( GEOMETRIC_REPRESENTATION_CONTEXT(2) 
PARAMETRIC_REPRESENTATION_CONTEXT() REPRESENTATION_CONTEXT('2D SPACE',''
  ) );
#16013 = PCURVE('',#15961,#16014);
#16014 = DEFINITIONAL_REPRESENTATION('',(#16015),#16019);
#16015 = LINE('',#16016,#16017);
#16016 = CARTESIAN_POINT('',(0.895546234857,-8.820360494632E-02));
#16017 = VECTOR('',#16018,1.);
#16018 = DIRECTION('',(4.906768132518E-02,0.998795455861));
#16019 = ( GEOMETRIC_REPRESENTATION_CONTEXT(2) 
PARAMETRIC_REPRESENTATION_CONTEXT() REPRESENTATION_CONTEXT('2D SPACE',''
  ) );
#16020 = ORIENTED_EDGE('',*,*,#16021,.F.);
#16021 = EDGE_CURVE('',#16022,#15999,#16024,.T.);
#16022 = VERTEX_POINT('',#16023);
#16023 = CARTESIAN_POINT('',(34.657579217591,-19.67555776193,150.));
#16024 = SURFACE_CURVE('',#16025,(#16029,#16036),.PCURVE_S1.);
#16025 = LINE('',#16026,#16027);
#16026 = CARTESIAN_POINT('',(34.657579217591,-19.67555776193,150.));
#16027 = VECTOR('',#16028,1.);
#16028 = DIRECTION('',(0.14673047131,0.989176510431,0.));
#16029 = PCURVE('',#15075,#16030);
#16030 = DEFINITIONAL_REPRESENTATION('',(#16031),#16035);
#16031 = LINE('',#16032,#16033);
#16032 = CARTESIAN_POINT('',(34.657579217591,-19.67555776193));
#16033 = VECTOR('',#16034,1.);
#16034 = DIRECTION('',(0.14673047131,0.989176510431));
#16035 = ( GEOMETRIC_REPRESENTATION_CONTEXT(2) 
PARAMETRIC_REPRESENTATION_CONTEXT() REPRESENTATION_CONTEXT('2D SPACE',''
  ) );
#16036 = PCURVE('',#15961,#16037);
#16037 = DEFINITIONAL_REPRESENTATION('',(#16038),#16042);
#16038 = LINE('',#16039,#16040);
#16039 = CARTESIAN_POINT('',(0.882588469997,-0.175557761939));
#16040 = VECTOR('',#16041,1.);
#16041 = DIRECTION('',(0.14673047131,0.989176510431));
#16042 = ( GEOMETRIC_REPRESENTATION_CONTEXT(2) 
PARAMETRIC_REPRESENTATION_CONTEXT() REPRESENTATION_CONTEXT('2D SPACE',''
  ) );
#16043 = ORIENTED_EDGE('',*,*,#16044,.F.);
#16044 = EDGE_CURVE('',#16045,#16022,#16047,.T.);
#16045 = VERTEX_POINT('',#16046);
#16046 = CARTESIAN_POINT('',(34.636121642804,-19.76122120094,150.));
#16047 = SURFACE_CURVE('',#16048,(#16052,#16059),.PCURVE_S1.);
#16048 = LINE('',#16049,#16050);
#16049 = CARTESIAN_POINT('',(34.636121642804,-19.76122120094,150.));
#16050 = VECTOR('',#16051,1.);
#16051 = DIRECTION('',(0.24298018363,0.970031252261,0.));
#16052 = PCURVE('',#15075,#16053);
#16053 = DEFINITIONAL_REPRESENTATION('',(#16054),#16058);
#16054 = LINE('',#16055,#16056);
#16055 = CARTESIAN_POINT('',(34.636121642804,-19.76122120094));
#16056 = VECTOR('',#16057,1.);
#16057 = DIRECTION('',(0.24298018363,0.970031252261));
#16058 = ( GEOMETRIC_REPRESENTATION_CONTEXT(2) 
PARAMETRIC_REPRESENTATION_CONTEXT() REPRESENTATION_CONTEXT('2D SPACE',''
  ) );
#16059 = PCURVE('',#15961,#16060);
#16060 = DEFINITIONAL_REPRESENTATION('',(#16061),#16065);
#16061 = LINE('',#16062,#16063);
#16062 = CARTESIAN_POINT('',(0.861130895211,-0.261221200948));
#16063 = VECTOR('',#16064,1.);
#16064 = DIRECTION('',(0.24298018363,0.970031252261));
#16065 = ( GEOMETRIC_REPRESENTATION_CONTEXT(2) 
PARAMETRIC_REPRESENTATION_CONTEXT() REPRESENTATION_CONTEXT('2D SPACE',''
  ) );
#16066 = ORIENTED_EDGE('',*,*,#16067,.F.);
#16067 = EDGE_CURVE('',#16068,#16045,#16070,.T.);
#16068 = VERTEX_POINT('',#16069);
#16069 = CARTESIAN_POINT('',(34.606370907101,-19.84436893753,150.));
#16070 = SURFACE_CURVE('',#16071,(#16075,#16082),.PCURVE_S1.);
#16071 = LINE('',#16072,#16073);
#16072 = CARTESIAN_POINT('',(34.606370907101,-19.84436893753,150.));
#16073 = VECTOR('',#16074,1.);
#16074 = DIRECTION('',(0.336889851754,0.941544065769,0.));
#16075 = PCURVE('',#15075,#16076);
#16076 = DEFINITIONAL_REPRESENTATION('',(#16077),#16081);
#16077 = LINE('',#16078,#16079);
#16078 = CARTESIAN_POINT('',(34.606370907101,-19.84436893753));
#16079 = VECTOR('',#16080,1.);
#16080 = DIRECTION('',(0.336889851754,0.941544065769));
#16081 = ( GEOMETRIC_REPRESENTATION_CONTEXT(2) 
PARAMETRIC_REPRESENTATION_CONTEXT() REPRESENTATION_CONTEXT('2D SPACE',''
  ) );
#16082 = PCURVE('',#15961,#16083);
#16083 = DEFINITIONAL_REPRESENTATION('',(#16084),#16088);
#16084 = LINE('',#16085,#16086);
#16085 = CARTESIAN_POINT('',(0.831380159508,-0.344368937537));
#16086 = VECTOR('',#16087,1.);
#16087 = DIRECTION('',(0.336889851754,0.941544065769));
#16088 = ( GEOMETRIC_REPRESENTATION_CONTEXT(2) 
PARAMETRIC_REPRESENTATION_CONTEXT() REPRESENTATION_CONTEXT('2D SPACE',''
  ) );
#16089 = ORIENTED_EDGE('',*,*,#16090,.F.);
#16090 = EDGE_CURVE('',#16091,#16068,#16093,.T.);
#16091 = VERTEX_POINT('',#16092);
#16092 = CARTESIAN_POINT('',(34.568613526086,-19.92420021317,150.));
#16093 = SURFACE_CURVE('',#16094,(#16098,#16105),.PCURVE_S1.);
#16094 = LINE('',#16095,#16096);
#16095 = CARTESIAN_POINT('',(34.568613526086,-19.92420021317,150.));
#16096 = VECTOR('',#16097,1.);
#16097 = DIRECTION('',(0.42755508995,0.903989294769,0.));
#16098 = PCURVE('',#15075,#16099);
#16099 = DEFINITIONAL_REPRESENTATION('',(#16100),#16104);
#16100 = LINE('',#16101,#16102);
#16101 = CARTESIAN_POINT('',(34.568613526086,-19.92420021317));
#16102 = VECTOR('',#16103,1.);
#16103 = DIRECTION('',(0.42755508995,0.903989294769));
#16104 = ( GEOMETRIC_REPRESENTATION_CONTEXT(2) 
PARAMETRIC_REPRESENTATION_CONTEXT() REPRESENTATION_CONTEXT('2D SPACE',''
  ) );
#16105 = PCURVE('',#15961,#16106);
#16106 = DEFINITIONAL_REPRESENTATION('',(#16107),#16111);
#16107 = LINE('',#16108,#16109);
#16108 = CARTESIAN_POINT('',(0.793622778493,-0.424200213175));
#16109 = VECTOR('',#16110,1.);
#16110 = DIRECTION('',(0.42755508995,0.903989294769));
#16111 = ( GEOMETRIC_REPRESENTATION_CONTEXT(2) 
PARAMETRIC_REPRESENTATION_CONTEXT() REPRESENTATION_CONTEXT('2D SPACE',''
  ) );
#16112 = ORIENTED_EDGE('',*,*,#16113,.F.);
#16113 = EDGE_CURVE('',#16114,#16091,#16116,.T.);
#16114 = VERTEX_POINT('',#16115);
#16115 = CARTESIAN_POINT('',(34.523213123882,-19.99994620804,150.));
#16116 = SURFACE_CURVE('',#16117,(#16121,#16128),.PCURVE_S1.);
#16117 = LINE('',#16118,#16119);
#16118 = CARTESIAN_POINT('',(34.523213123882,-19.99994620804,150.));
#16119 = VECTOR('',#16120,1.);
#16120 = DIRECTION('',(0.51410274472,0.857728609685,0.));
#16121 = PCURVE('',#15075,#16122);
#16122 = DEFINITIONAL_REPRESENTATION('',(#16123),#16127);
#16123 = LINE('',#16124,#16125);
#16124 = CARTESIAN_POINT('',(34.523213123882,-19.99994620804));
#16125 = VECTOR('',#16126,1.);
#16126 = DIRECTION('',(0.51410274472,0.857728609685));
#16127 = ( GEOMETRIC_REPRESENTATION_CONTEXT(2) 
PARAMETRIC_REPRESENTATION_CONTEXT() REPRESENTATION_CONTEXT('2D SPACE',''
  ) );
#16128 = PCURVE('',#15961,#16129);
#16129 = DEFINITIONAL_REPRESENTATION('',(#16130),#16134);
#16130 = LINE('',#16131,#16132);
#16131 = CARTESIAN_POINT('',(0.748222376288,-0.499946208041));
#16132 = VECTOR('',#16133,1.);
#16133 = DIRECTION('',(0.51410274472,0.857728609685));
#16134 = ( GEOMETRIC_REPRESENTATION_CONTEXT(2) 
PARAMETRIC_REPRESENTATION_CONTEXT() REPRESENTATION_CONTEXT('2D SPACE',''
  ) );
#16135 = ORIENTED_EDGE('',*,*,#16136,.F.);
#16136 = EDGE_CURVE('',#16137,#16114,#16139,.T.);
#16137 = VERTEX_POINT('',#16138);
#16138 = CARTESIAN_POINT('',(34.470606930887,-20.07087744797,150.));
#16139 = SURFACE_CURVE('',#16140,(#16144,#16151),.PCURVE_S1.);
#16140 = LINE('',#16141,#16142);
#16141 = CARTESIAN_POINT('',(34.470606930887,-20.07087744797,150.));
#16142 = VECTOR('',#16143,1.);
#16143 = DIRECTION('',(0.59569930559,0.803207530666,0.));
#16144 = PCURVE('',#15075,#16145);
#16145 = DEFINITIONAL_REPRESENTATION('',(#16146),#16150);
#16146 = LINE('',#16147,#16148);
#16147 = CARTESIAN_POINT('',(34.470606930887,-20.07087744797));
#16148 = VECTOR('',#16149,1.);
#16149 = DIRECTION('',(0.59569930559,0.803207530666));
#16150 = ( GEOMETRIC_REPRESENTATION_CONTEXT(2) 
PARAMETRIC_REPRESENTATION_CONTEXT() REPRESENTATION_CONTEXT('2D SPACE',''
  ) );
#16151 = PCURVE('',#15961,#16152);
#16152 = DEFINITIONAL_REPRESENTATION('',(#16153),#16157);
#16153 = LINE('',#16154,#16155);
#16154 = CARTESIAN_POINT('',(0.695616183294,-0.570877447974));
#16155 = VECTOR('',#16156,1.);
#16156 = DIRECTION('',(0.59569930559,0.803207530666));
#16157 = ( GEOMETRIC_REPRESENTATION_CONTEXT(2) 
PARAMETRIC_REPRESENTATION_CONTEXT() REPRESENTATION_CONTEXT('2D SPACE',''
  ) );
#16158 = ORIENTED_EDGE('',*,*,#16159,.F.);
#16159 = EDGE_CURVE('',#16160,#16137,#16162,.T.);
#16160 = VERTEX_POINT('',#16161);
#16161 = CARTESIAN_POINT('',(34.411301574049,-20.13631082604,150.));
#16162 = SURFACE_CURVE('',#16163,(#16167,#16174),.PCURVE_S1.);
#16163 = LINE('',#16164,#16165);
#16164 = CARTESIAN_POINT('',(34.411301574049,-20.13631082604,150.));
#16165 = VECTOR('',#16166,1.);
#16166 = DIRECTION('',(0.671558953977,0.740951126143,0.));
#16167 = PCURVE('',#15075,#16168);
#16168 = DEFINITIONAL_REPRESENTATION('',(#16169),#16173);
#16169 = LINE('',#16170,#16171);
#16170 = CARTESIAN_POINT('',(34.411301574049,-20.13631082604));
#16171 = VECTOR('',#16172,1.);
#16172 = DIRECTION('',(0.671558953977,0.740951126143));
#16173 = ( GEOMETRIC_REPRESENTATION_CONTEXT(2) 
PARAMETRIC_REPRESENTATION_CONTEXT() REPRESENTATION_CONTEXT('2D SPACE',''
  ) );
#16174 = PCURVE('',#15961,#16175);
#16175 = DEFINITIONAL_REPRESENTATION('',(#16176),#16180);
#16176 = LINE('',#16177,#16178);
#16177 = CARTESIAN_POINT('',(0.636310826456,-0.636310826049));
#16178 = VECTOR('',#16179,1.);
#16179 = DIRECTION('',(0.671558953977,0.740951126143));
#16180 = ( GEOMETRIC_REPRESENTATION_CONTEXT(2) 
PARAMETRIC_REPRESENTATION_CONTEXT() REPRESENTATION_CONTEXT('2D SPACE',''
  ) );
#16181 = ORIENTED_EDGE('',*,*,#16182,.F.);
#16182 = EDGE_CURVE('',#16183,#16160,#16185,.T.);
#16183 = VERTEX_POINT('',#16184);
#16184 = CARTESIAN_POINT('',(34.345868195974,-20.19561618288,150.));
#16185 = SURFACE_CURVE('',#16186,(#16190,#16197),.PCURVE_S1.);
#16186 = LINE('',#16187,#16188);
#16187 = CARTESIAN_POINT('',(34.345868195974,-20.19561618288,150.));
#16188 = VECTOR('',#16189,1.);
#16189 = DIRECTION('',(0.740951126143,0.671558953977,0.));
#16190 = PCURVE('',#15075,#16191);
#16191 = DEFINITIONAL_REPRESENTATION('',(#16192),#16196);
#16192 = LINE('',#16193,#16194);
#16193 = CARTESIAN_POINT('',(34.345868195974,-20.19561618288));
#16194 = VECTOR('',#16195,1.);
#16195 = DIRECTION('',(0.740951126143,0.671558953977));
#16196 = ( GEOMETRIC_REPRESENTATION_CONTEXT(2) 
PARAMETRIC_REPRESENTATION_CONTEXT() REPRESENTATION_CONTEXT('2D SPACE',''
  ) );
#16197 = PCURVE('',#15961,#16198);
#16198 = DEFINITIONAL_REPRESENTATION('',(#16199),#16203);
#16199 = LINE('',#16200,#16201);
#16200 = CARTESIAN_POINT('',(0.570877448381,-0.695616182887));
#16201 = VECTOR('',#16202,1.);
#16202 = DIRECTION('',(0.740951126143,0.671558953977));
#16203 = ( GEOMETRIC_REPRESENTATION_CONTEXT(2) 
PARAMETRIC_REPRESENTATION_CONTEXT() REPRESENTATION_CONTEXT('2D SPACE',''
  ) );
#16204 = ORIENTED_EDGE('',*,*,#16205,.F.);
#16205 = EDGE_CURVE('',#16206,#16183,#16208,.T.);
#16206 = VERTEX_POINT('',#16207);
#16207 = CARTESIAN_POINT('',(34.274936956251,-20.24822237572,150.));
#16208 = SURFACE_CURVE('',#16209,(#16213,#16220),.PCURVE_S1.);
#16209 = LINE('',#16210,#16211);
#16210 = CARTESIAN_POINT('',(34.274936956251,-20.24822237572,150.));
#16211 = VECTOR('',#16212,1.);
#16212 = DIRECTION('',(0.803207530666,0.59569930559,0.));
#16213 = PCURVE('',#15075,#16214);
#16214 = DEFINITIONAL_REPRESENTATION('',(#16215),#16219);
#16215 = LINE('',#16216,#16217);
#16216 = CARTESIAN_POINT('',(34.274936956251,-20.24822237572));
#16217 = VECTOR('',#16218,1.);
#16218 = DIRECTION('',(0.803207530666,0.59569930559));
#16219 = ( GEOMETRIC_REPRESENTATION_CONTEXT(2) 
PARAMETRIC_REPRESENTATION_CONTEXT() REPRESENTATION_CONTEXT('2D SPACE',''
  ) );
#16220 = PCURVE('',#15961,#16221);
#16221 = DEFINITIONAL_REPRESENTATION('',(#16222),#16226);
#16222 = LINE('',#16223,#16224);
#16223 = CARTESIAN_POINT('',(0.499946208658,-0.748222375725));
#16224 = VECTOR('',#16225,1.);
#16225 = DIRECTION('',(0.803207530666,0.59569930559));
#16226 = ( GEOMETRIC_REPRESENTATION_CONTEXT(2) 
PARAMETRIC_REPRESENTATION_CONTEXT() REPRESENTATION_CONTEXT('2D SPACE',''
  ) );
#16227 = ORIENTED_EDGE('',*,*,#16228,.F.);
#16228 = EDGE_CURVE('',#15946,#16206,#16229,.T.);
#16229 = SURFACE_CURVE('',#16230,(#16234,#16241),.PCURVE_S1.);
#16230 = LINE('',#16231,#16232);
#16231 = CARTESIAN_POINT('',(34.195678953015,-20.29572779417,150.));
#16232 = VECTOR('',#16233,1.);
#16233 = DIRECTION('',(0.857728612378,0.514102740226,0.));
#16234 = PCURVE('',#15075,#16235);
#16235 = DEFINITIONAL_REPRESENTATION('',(#16236),#16240);
#16236 = LINE('',#16237,#16238);
#16237 = CARTESIAN_POINT('',(34.195678953015,-20.29572779417));
#16238 = VECTOR('',#16239,1.);
#16239 = DIRECTION('',(0.857728612378,0.514102740226));
#16240 = ( GEOMETRIC_REPRESENTATION_CONTEXT(2) 
PARAMETRIC_REPRESENTATION_CONTEXT() REPRESENTATION_CONTEXT('2D SPACE',''
  ) );
#16241 = PCURVE('',#15961,#16242);
#16242 = DEFINITIONAL_REPRESENTATION('',(#16243),#16247);
#16243 = LINE('',#16244,#16245);
#16244 = CARTESIAN_POINT('',(0.420688205422,-0.795727794176));
#16245 = VECTOR('',#16246,1.);
#16246 = DIRECTION('',(0.857728612378,0.514102740226));
#16247 = ( GEOMETRIC_REPRESENTATION_CONTEXT(2) 
PARAMETRIC_REPRESENTATION_CONTEXT() REPRESENTATION_CONTEXT('2D SPACE',''
  ) );
#16248 = ADVANCED_FACE('',(#16249),#15046,.F.);
#16249 = FACE_BOUND('',#16250,.F.);
#16250 = EDGE_LOOP('',(#16251,#16276,#16295,#16296));
#16251 = ORIENTED_EDGE('',*,*,#16252,.F.);
#16252 = EDGE_CURVE('',#16253,#16255,#16257,.T.);
#16253 = VERTEX_POINT('',#16254);
#16254 = CARTESIAN_POINT('',(34.674990748,-19.06411010648,135.));
#16255 = VERTEX_POINT('',#16256);
#16256 = CARTESIAN_POINT('',(34.674990748,19.064110106486,135.));
#16257 = SURFACE_CURVE('',#16258,(#16262,#16269),.PCURVE_S1.);
#16258 = LINE('',#16259,#16260);
#16259 = CARTESIAN_POINT('',(34.674990748,-19.49754513743,135.));
#16260 = VECTOR('',#16261,1.);
#16261 = DIRECTION('',(0.,1.,0.));
#16262 = PCURVE('',#15046,#16263);
#16263 = DEFINITIONAL_REPRESENTATION('',(#16264),#16268);
#16264 = LINE('',#16265,#16266);
#16265 = CARTESIAN_POINT('',(0.,0.));
#16266 = VECTOR('',#16267,1.);
#16267 = DIRECTION('',(1.,0.));
#16268 = ( GEOMETRIC_REPRESENTATION_CONTEXT(2) 
PARAMETRIC_REPRESENTATION_CONTEXT() REPRESENTATION_CONTEXT('2D SPACE',''
  ) );
#16269 = PCURVE('',#15521,#16270);
#16270 = DEFINITIONAL_REPRESENTATION('',(#16271),#16275);
#16271 = LINE('',#16272,#16273);
#16272 = CARTESIAN_POINT('',(-20.18826424005,-34.674990748));
#16273 = VECTOR('',#16274,1.);
#16274 = DIRECTION('',(1.,5.761930682754E-78));
#16275 = ( GEOMETRIC_REPRESENTATION_CONTEXT(2) 
PARAMETRIC_REPRESENTATION_CONTEXT() REPRESENTATION_CONTEXT('2D SPACE',''
  ) );
#16276 = ORIENTED_EDGE('',*,*,#16277,.T.);
#16277 = EDGE_CURVE('',#16253,#15031,#16278,.T.);
#16278 = SURFACE_CURVE('',#16279,(#16283,#16289),.PCURVE_S1.);
#16279 = LINE('',#16280,#16281);
#16280 = CARTESIAN_POINT('',(34.674990748,-19.06411010648,-150.));
#16281 = VECTOR('',#16282,1.);
#16282 = DIRECTION('',(0.,0.,1.));
#16283 = PCURVE('',#15046,#16284);
#16284 = DEFINITIONAL_REPRESENTATION('',(#16285),#16288);
#16285 = B_SPLINE_CURVE_WITH_KNOTS('',1,(#16286,#16287),.UNSPECIFIED.,
  .F.,.F.,(2,2),(283.5,300.0000006),.PIECEWISE_BEZIER_KNOTS.);
#16286 = CARTESIAN_POINT('',(0.433435030952,1.5));
#16287 = CARTESIAN_POINT('',(0.433435030952,-15.0000006));
#16288 = ( GEOMETRIC_REPRESENTATION_CONTEXT(2) 
PARAMETRIC_REPRESENTATION_CONTEXT() REPRESENTATION_CONTEXT('2D SPACE',''
  ) );
#16289 = PCURVE('',#15931,#16290);
#16290 = DEFINITIONAL_REPRESENTATION('',(#16291),#16294);
#16291 = B_SPLINE_CURVE_WITH_KNOTS('',1,(#16292,#16293),.UNSPECIFIED.,
  .F.,.F.,(2,2),(283.5,300.0000006),.PIECEWISE_BEZIER_KNOTS.);
#16292 = CARTESIAN_POINT('',(0.451026810863,283.5));
#16293 = CARTESIAN_POINT('',(0.451026810863,300.0000006));
#16294 = ( GEOMETRIC_REPRESENTATION_CONTEXT(2) 
PARAMETRIC_REPRESENTATION_CONTEXT() REPRESENTATION_CONTEXT('2D SPACE',''
  ) );
#16295 = ORIENTED_EDGE('',*,*,#15030,.T.);
#16296 = ORIENTED_EDGE('',*,*,#16297,.F.);
#16297 = EDGE_CURVE('',#16255,#15007,#16298,.T.);
#16298 = SURFACE_CURVE('',#16299,(#16303,#16309),.PCURVE_S1.);
#16299 = LINE('',#16300,#16301);
#16300 = CARTESIAN_POINT('',(34.674990748,19.064110106486,-150.));
#16301 = VECTOR('',#16302,1.);
#16302 = DIRECTION('',(0.,0.,1.));
#16303 = PCURVE('',#15046,#16304);
#16304 = DEFINITIONAL_REPRESENTATION('',(#16305),#16308);
#16305 = B_SPLINE_CURVE_WITH_KNOTS('',1,(#16306,#16307),.UNSPECIFIED.,
  .F.,.F.,(2,2),(283.5,300.0000006),.PIECEWISE_BEZIER_KNOTS.);
#16306 = CARTESIAN_POINT('',(38.561655243925,1.5));
#16307 = CARTESIAN_POINT('',(38.561655243925,-15.0000006));
#16308 = ( GEOMETRIC_REPRESENTATION_CONTEXT(2) 
PARAMETRIC_REPRESENTATION_CONTEXT() REPRESENTATION_CONTEXT('2D SPACE',''
  ) );
#16309 = PCURVE('',#16310,#16315);
#16310 = CYLINDRICAL_SURFACE('',#16311,1.);
#16311 = AXIS2_PLACEMENT_3D('',#16312,#16313,#16314);
#16312 = CARTESIAN_POINT('',(33.774990747593,19.5,-150.));
#16313 = DIRECTION('',(0.,0.,1.));
#16314 = DIRECTION('',(1.,0.,-0.));
#16315 = DEFINITIONAL_REPRESENTATION('',(#16316),#16319);
#16316 = B_SPLINE_CURVE_WITH_KNOTS('',1,(#16317,#16318),.UNSPECIFIED.,
  .F.,.F.,(2,2),(283.5,300.0000006),.PIECEWISE_BEZIER_KNOTS.);
#16317 = CARTESIAN_POINT('',(5.832158496317,283.5));
#16318 = CARTESIAN_POINT('',(5.832158496317,300.0000006));
#16319 = ( GEOMETRIC_REPRESENTATION_CONTEXT(2) 
PARAMETRIC_REPRESENTATION_CONTEXT() REPRESENTATION_CONTEXT('2D SPACE',''
  ) );
#16320 = ADVANCED_FACE('',(#16321),#14994,.F.);
#16321 = FACE_BOUND('',#16322,.F.);
#16322 = EDGE_LOOP('',(#16323,#16324,#16352,#16375,#16398,#16421,#16444,
    #16467,#16490,#16513,#16536,#16559,#16582,#16603));
#16323 = ORIENTED_EDGE('',*,*,#14977,.T.);
#16324 = ORIENTED_EDGE('',*,*,#16325,.F.);
#16325 = EDGE_CURVE('',#16326,#14950,#16328,.T.);
#16326 = VERTEX_POINT('',#16327);
#16327 = CARTESIAN_POINT('',(34.272247314161,20.250217150257,150.));
#16328 = SURFACE_CURVE('',#16329,(#16333,#16340),.PCURVE_S1.);
#16329 = LINE('',#16330,#16331);
#16330 = CARTESIAN_POINT('',(34.272247314161,20.250217150257,150.));
#16331 = VECTOR('',#16332,1.);
#16332 = DIRECTION('',(-0.821444268946,0.570288797905,0.));
#16333 = PCURVE('',#14994,#16334);
#16334 = DEFINITIONAL_REPRESENTATION('',(#16335),#16339);
#16335 = LINE('',#16336,#16337);
#16336 = CARTESIAN_POINT('',(34.272247314161,20.250217150257));
#16337 = VECTOR('',#16338,1.);
#16338 = DIRECTION('',(-0.821444268946,0.570288797905));
#16339 = ( GEOMETRIC_REPRESENTATION_CONTEXT(2) 
PARAMETRIC_REPRESENTATION_CONTEXT() REPRESENTATION_CONTEXT('2D SPACE',''
  ) );
#16340 = PCURVE('',#16341,#16346);
#16341 = PLANE('',#16342);
#16342 = AXIS2_PLACEMENT_3D('',#16343,#16344,#16345);
#16343 = CARTESIAN_POINT('',(33.774990747593,19.5,150.));
#16344 = DIRECTION('',(0.,0.,1.));
#16345 = DIRECTION('',(1.,0.,-0.));
#16346 = DEFINITIONAL_REPRESENTATION('',(#16347),#16351);
#16347 = LINE('',#16348,#16349);
#16348 = CARTESIAN_POINT('',(0.497256566568,0.750217150257));
#16349 = VECTOR('',#16350,1.);
#16350 = DIRECTION('',(-0.821444268946,0.570288797905));
#16351 = ( GEOMETRIC_REPRESENTATION_CONTEXT(2) 
PARAMETRIC_REPRESENTATION_CONTEXT() REPRESENTATION_CONTEXT('2D SPACE',''
  ) );
#16352 = ORIENTED_EDGE('',*,*,#16353,.F.);
#16353 = EDGE_CURVE('',#16354,#16326,#16356,.T.);
#16354 = VERTEX_POINT('',#16355);
#16355 = CARTESIAN_POINT('',(34.345868195974,20.195616182887,150.));
#16356 = SURFACE_CURVE('',#16357,(#16361,#16368),.PCURVE_S1.);
#16357 = LINE('',#16358,#16359);
#16358 = CARTESIAN_POINT('',(34.345868195974,20.195616182887,150.));
#16359 = VECTOR('',#16360,1.);
#16360 = DIRECTION('',(-0.803207530666,0.59569930559,0.));
#16361 = PCURVE('',#14994,#16362);
#16362 = DEFINITIONAL_REPRESENTATION('',(#16363),#16367);
#16363 = LINE('',#16364,#16365);
#16364 = CARTESIAN_POINT('',(34.345868195974,20.195616182887));
#16365 = VECTOR('',#16366,1.);
#16366 = DIRECTION('',(-0.803207530666,0.59569930559));
#16367 = ( GEOMETRIC_REPRESENTATION_CONTEXT(2) 
PARAMETRIC_REPRESENTATION_CONTEXT() REPRESENTATION_CONTEXT('2D SPACE',''
  ) );
#16368 = PCURVE('',#16341,#16369);
#16369 = DEFINITIONAL_REPRESENTATION('',(#16370),#16374);
#16370 = LINE('',#16371,#16372);
#16371 = CARTESIAN_POINT('',(0.570877448381,0.695616182887));
#16372 = VECTOR('',#16373,1.);
#16373 = DIRECTION('',(-0.803207530666,0.59569930559));
#16374 = ( GEOMETRIC_REPRESENTATION_CONTEXT(2) 
PARAMETRIC_REPRESENTATION_CONTEXT() REPRESENTATION_CONTEXT('2D SPACE',''
  ) );
#16375 = ORIENTED_EDGE('',*,*,#16376,.F.);
#16376 = EDGE_CURVE('',#16377,#16354,#16379,.T.);
#16377 = VERTEX_POINT('',#16378);
#16378 = CARTESIAN_POINT('',(34.411301574049,20.136310826049,150.));
#16379 = SURFACE_CURVE('',#16380,(#16384,#16391),.PCURVE_S1.);
#16380 = LINE('',#16381,#16382);
#16381 = CARTESIAN_POINT('',(34.411301574049,20.136310826049,150.));
#16382 = VECTOR('',#16383,1.);
#16383 = DIRECTION('',(-0.740951126143,0.671558953977,0.));
#16384 = PCURVE('',#14994,#16385);
#16385 = DEFINITIONAL_REPRESENTATION('',(#16386),#16390);
#16386 = LINE('',#16387,#16388);
#16387 = CARTESIAN_POINT('',(34.411301574049,20.136310826049));
#16388 = VECTOR('',#16389,1.);
#16389 = DIRECTION('',(-0.740951126143,0.671558953977));
#16390 = ( GEOMETRIC_REPRESENTATION_CONTEXT(2) 
PARAMETRIC_REPRESENTATION_CONTEXT() REPRESENTATION_CONTEXT('2D SPACE',''
  ) );
#16391 = PCURVE('',#16341,#16392);
#16392 = DEFINITIONAL_REPRESENTATION('',(#16393),#16397);
#16393 = LINE('',#16394,#16395);
#16394 = CARTESIAN_POINT('',(0.636310826456,0.636310826049));
#16395 = VECTOR('',#16396,1.);
#16396 = DIRECTION('',(-0.740951126143,0.671558953977));
#16397 = ( GEOMETRIC_REPRESENTATION_CONTEXT(2) 
PARAMETRIC_REPRESENTATION_CONTEXT() REPRESENTATION_CONTEXT('2D SPACE',''
  ) );
#16398 = ORIENTED_EDGE('',*,*,#16399,.F.);
#16399 = EDGE_CURVE('',#16400,#16377,#16402,.T.);
#16400 = VERTEX_POINT('',#16401);
#16401 = CARTESIAN_POINT('',(34.470606930887,20.070877447974,150.));
#16402 = SURFACE_CURVE('',#16403,(#16407,#16414),.PCURVE_S1.);
#16403 = LINE('',#16404,#16405);
#16404 = CARTESIAN_POINT('',(34.470606930887,20.070877447974,150.));
#16405 = VECTOR('',#16406,1.);
#16406 = DIRECTION('',(-0.671558953977,0.740951126143,0.));
#16407 = PCURVE('',#14994,#16408);
#16408 = DEFINITIONAL_REPRESENTATION('',(#16409),#16413);
#16409 = LINE('',#16410,#16411);
#16410 = CARTESIAN_POINT('',(34.470606930887,20.070877447974));
#16411 = VECTOR('',#16412,1.);
#16412 = DIRECTION('',(-0.671558953977,0.740951126143));
#16413 = ( GEOMETRIC_REPRESENTATION_CONTEXT(2) 
PARAMETRIC_REPRESENTATION_CONTEXT() REPRESENTATION_CONTEXT('2D SPACE',''
  ) );
#16414 = PCURVE('',#16341,#16415);
#16415 = DEFINITIONAL_REPRESENTATION('',(#16416),#16420);
#16416 = LINE('',#16417,#16418);
#16417 = CARTESIAN_POINT('',(0.695616183294,0.570877447974));
#16418 = VECTOR('',#16419,1.);
#16419 = DIRECTION('',(-0.671558953977,0.740951126143));
#16420 = ( GEOMETRIC_REPRESENTATION_CONTEXT(2) 
PARAMETRIC_REPRESENTATION_CONTEXT() REPRESENTATION_CONTEXT('2D SPACE',''
  ) );
#16421 = ORIENTED_EDGE('',*,*,#16422,.F.);
#16422 = EDGE_CURVE('',#16423,#16400,#16425,.T.);
#16423 = VERTEX_POINT('',#16424);
#16424 = CARTESIAN_POINT('',(34.523213123882,19.999946208041,150.));
#16425 = SURFACE_CURVE('',#16426,(#16430,#16437),.PCURVE_S1.);
#16426 = LINE('',#16427,#16428);
#16427 = CARTESIAN_POINT('',(34.523213123882,19.999946208041,150.));
#16428 = VECTOR('',#16429,1.);
#16429 = DIRECTION('',(-0.59569930559,0.803207530666,0.));
#16430 = PCURVE('',#14994,#16431);
#16431 = DEFINITIONAL_REPRESENTATION('',(#16432),#16436);
#16432 = LINE('',#16433,#16434);
#16433 = CARTESIAN_POINT('',(34.523213123882,19.999946208041));
#16434 = VECTOR('',#16435,1.);
#16435 = DIRECTION('',(-0.59569930559,0.803207530666));
#16436 = ( GEOMETRIC_REPRESENTATION_CONTEXT(2) 
PARAMETRIC_REPRESENTATION_CONTEXT() REPRESENTATION_CONTEXT('2D SPACE',''
  ) );
#16437 = PCURVE('',#16341,#16438);
#16438 = DEFINITIONAL_REPRESENTATION('',(#16439),#16443);
#16439 = LINE('',#16440,#16441);
#16440 = CARTESIAN_POINT('',(0.748222376288,0.499946208041));
#16441 = VECTOR('',#16442,1.);
#16442 = DIRECTION('',(-0.59569930559,0.803207530666));
#16443 = ( GEOMETRIC_REPRESENTATION_CONTEXT(2) 
PARAMETRIC_REPRESENTATION_CONTEXT() REPRESENTATION_CONTEXT('2D SPACE',''
  ) );
#16444 = ORIENTED_EDGE('',*,*,#16445,.F.);
#16445 = EDGE_CURVE('',#16446,#16423,#16448,.T.);
#16446 = VERTEX_POINT('',#16447);
#16447 = CARTESIAN_POINT('',(34.568613526086,19.924200213175,150.));
#16448 = SURFACE_CURVE('',#16449,(#16453,#16460),.PCURVE_S1.);
#16449 = LINE('',#16450,#16451);
#16450 = CARTESIAN_POINT('',(34.568613526086,19.924200213175,150.));
#16451 = VECTOR('',#16452,1.);
#16452 = DIRECTION('',(-0.51410274472,0.857728609685,0.));
#16453 = PCURVE('',#14994,#16454);
#16454 = DEFINITIONAL_REPRESENTATION('',(#16455),#16459);
#16455 = LINE('',#16456,#16457);
#16456 = CARTESIAN_POINT('',(34.568613526086,19.924200213175));
#16457 = VECTOR('',#16458,1.);
#16458 = DIRECTION('',(-0.51410274472,0.857728609685));
#16459 = ( GEOMETRIC_REPRESENTATION_CONTEXT(2) 
PARAMETRIC_REPRESENTATION_CONTEXT() REPRESENTATION_CONTEXT('2D SPACE',''
  ) );
#16460 = PCURVE('',#16341,#16461);
#16461 = DEFINITIONAL_REPRESENTATION('',(#16462),#16466);
#16462 = LINE('',#16463,#16464);
#16463 = CARTESIAN_POINT('',(0.793622778493,0.424200213175));
#16464 = VECTOR('',#16465,1.);
#16465 = DIRECTION('',(-0.51410274472,0.857728609685));
#16466 = ( GEOMETRIC_REPRESENTATION_CONTEXT(2) 
PARAMETRIC_REPRESENTATION_CONTEXT() REPRESENTATION_CONTEXT('2D SPACE',''
  ) );
#16467 = ORIENTED_EDGE('',*,*,#16468,.F.);
#16468 = EDGE_CURVE('',#16469,#16446,#16471,.T.);
#16469 = VERTEX_POINT('',#16470);
#16470 = CARTESIAN_POINT('',(34.606370907101,19.844368937537,150.));
#16471 = SURFACE_CURVE('',#16472,(#16476,#16483),.PCURVE_S1.);
#16472 = LINE('',#16473,#16474);
#16473 = CARTESIAN_POINT('',(34.606370907101,19.844368937537,150.));
#16474 = VECTOR('',#16475,1.);
#16475 = DIRECTION('',(-0.42755508995,0.903989294769,0.));
#16476 = PCURVE('',#14994,#16477);
#16477 = DEFINITIONAL_REPRESENTATION('',(#16478),#16482);
#16478 = LINE('',#16479,#16480);
#16479 = CARTESIAN_POINT('',(34.606370907101,19.844368937537));
#16480 = VECTOR('',#16481,1.);
#16481 = DIRECTION('',(-0.42755508995,0.903989294769));
#16482 = ( GEOMETRIC_REPRESENTATION_CONTEXT(2) 
PARAMETRIC_REPRESENTATION_CONTEXT() REPRESENTATION_CONTEXT('2D SPACE',''
  ) );
#16483 = PCURVE('',#16341,#16484);
#16484 = DEFINITIONAL_REPRESENTATION('',(#16485),#16489);
#16485 = LINE('',#16486,#16487);
#16486 = CARTESIAN_POINT('',(0.831380159508,0.344368937537));
#16487 = VECTOR('',#16488,1.);
#16488 = DIRECTION('',(-0.42755508995,0.903989294769));
#16489 = ( GEOMETRIC_REPRESENTATION_CONTEXT(2) 
PARAMETRIC_REPRESENTATION_CONTEXT() REPRESENTATION_CONTEXT('2D SPACE',''
  ) );
#16490 = ORIENTED_EDGE('',*,*,#16491,.F.);
#16491 = EDGE_CURVE('',#16492,#16469,#16494,.T.);
#16492 = VERTEX_POINT('',#16493);
#16493 = CARTESIAN_POINT('',(34.636121642804,19.761221200948,150.));
#16494 = SURFACE_CURVE('',#16495,(#16499,#16506),.PCURVE_S1.);
#16495 = LINE('',#16496,#16497);
#16496 = CARTESIAN_POINT('',(34.636121642804,19.761221200948,150.));
#16497 = VECTOR('',#16498,1.);
#16498 = DIRECTION('',(-0.336889851754,0.941544065769,0.));
#16499 = PCURVE('',#14994,#16500);
#16500 = DEFINITIONAL_REPRESENTATION('',(#16501),#16505);
#16501 = LINE('',#16502,#16503);
#16502 = CARTESIAN_POINT('',(34.636121642804,19.761221200948));
#16503 = VECTOR('',#16504,1.);
#16504 = DIRECTION('',(-0.336889851754,0.941544065769));
#16505 = ( GEOMETRIC_REPRESENTATION_CONTEXT(2) 
PARAMETRIC_REPRESENTATION_CONTEXT() REPRESENTATION_CONTEXT('2D SPACE',''
  ) );
#16506 = PCURVE('',#16341,#16507);
#16507 = DEFINITIONAL_REPRESENTATION('',(#16508),#16512);
#16508 = LINE('',#16509,#16510);
#16509 = CARTESIAN_POINT('',(0.861130895211,0.261221200948));
#16510 = VECTOR('',#16511,1.);
#16511 = DIRECTION('',(-0.336889851754,0.941544065769));
#16512 = ( GEOMETRIC_REPRESENTATION_CONTEXT(2) 
PARAMETRIC_REPRESENTATION_CONTEXT() REPRESENTATION_CONTEXT('2D SPACE',''
  ) );
#16513 = ORIENTED_EDGE('',*,*,#16514,.F.);
#16514 = EDGE_CURVE('',#16515,#16492,#16517,.T.);
#16515 = VERTEX_POINT('',#16516);
#16516 = CARTESIAN_POINT('',(34.657579217591,19.675557761939,150.));
#16517 = SURFACE_CURVE('',#16518,(#16522,#16529),.PCURVE_S1.);
#16518 = LINE('',#16519,#16520);
#16519 = CARTESIAN_POINT('',(34.657579217591,19.675557761939,150.));
#16520 = VECTOR('',#16521,1.);
#16521 = DIRECTION('',(-0.24298018363,0.970031252261,0.));
#16522 = PCURVE('',#14994,#16523);
#16523 = DEFINITIONAL_REPRESENTATION('',(#16524),#16528);
#16524 = LINE('',#16525,#16526);
#16525 = CARTESIAN_POINT('',(34.657579217591,19.675557761939));
#16526 = VECTOR('',#16527,1.);
#16527 = DIRECTION('',(-0.24298018363,0.970031252261));
#16528 = ( GEOMETRIC_REPRESENTATION_CONTEXT(2) 
PARAMETRIC_REPRESENTATION_CONTEXT() REPRESENTATION_CONTEXT('2D SPACE',''
  ) );
#16529 = PCURVE('',#16341,#16530);
#16530 = DEFINITIONAL_REPRESENTATION('',(#16531),#16535);
#16531 = LINE('',#16532,#16533);
#16532 = CARTESIAN_POINT('',(0.882588469997,0.175557761939));
#16533 = VECTOR('',#16534,1.);
#16534 = DIRECTION('',(-0.24298018363,0.970031252261));
#16535 = ( GEOMETRIC_REPRESENTATION_CONTEXT(2) 
PARAMETRIC_REPRESENTATION_CONTEXT() REPRESENTATION_CONTEXT('2D SPACE',''
  ) );
#16536 = ORIENTED_EDGE('',*,*,#16537,.F.);
#16537 = EDGE_CURVE('',#16538,#16515,#16540,.T.);
#16538 = VERTEX_POINT('',#16539);
#16539 = CARTESIAN_POINT('',(34.67053698245,19.588203604946,150.));
#16540 = SURFACE_CURVE('',#16541,(#16545,#16552),.PCURVE_S1.);
#16541 = LINE('',#16542,#16543);
#16542 = CARTESIAN_POINT('',(34.67053698245,19.588203604946,150.));
#16543 = VECTOR('',#16544,1.);
#16544 = DIRECTION('',(-0.14673047131,0.989176510431,0.));
#16545 = PCURVE('',#14994,#16546);
#16546 = DEFINITIONAL_REPRESENTATION('',(#16547),#16551);
#16547 = LINE('',#16548,#16549);
#16548 = CARTESIAN_POINT('',(34.67053698245,19.588203604946));
#16549 = VECTOR('',#16550,1.);
#16550 = DIRECTION('',(-0.14673047131,0.989176510431));
#16551 = ( GEOMETRIC_REPRESENTATION_CONTEXT(2) 
PARAMETRIC_REPRESENTATION_CONTEXT() REPRESENTATION_CONTEXT('2D SPACE',''
  ) );
#16552 = PCURVE('',#16341,#16553);
#16553 = DEFINITIONAL_REPRESENTATION('',(#16554),#16558);
#16554 = LINE('',#16555,#16556);
#16555 = CARTESIAN_POINT('',(0.895546234857,8.820360494637E-02));
#16556 = VECTOR('',#16557,1.);
#16557 = DIRECTION('',(-0.14673047131,0.989176510431));
#16558 = ( GEOMETRIC_REPRESENTATION_CONTEXT(2) 
PARAMETRIC_REPRESENTATION_CONTEXT() REPRESENTATION_CONTEXT('2D SPACE',''
  ) );
#16559 = ORIENTED_EDGE('',*,*,#16560,.F.);
#16560 = EDGE_CURVE('',#16561,#16538,#16563,.T.);
#16561 = VERTEX_POINT('',#16562);
#16562 = CARTESIAN_POINT('',(34.674990748,19.497545137439,150.));
#16563 = SURFACE_CURVE('',#16564,(#16568,#16575),.PCURVE_S1.);
#16564 = LINE('',#16565,#16566);
#16565 = CARTESIAN_POINT('',(34.674990748,19.497545137439,150.));
#16566 = VECTOR('',#16567,1.);
#16567 = DIRECTION('',(-4.906768132518E-02,0.998795455861,0.));
#16568 = PCURVE('',#14994,#16569);
#16569 = DEFINITIONAL_REPRESENTATION('',(#16570),#16574);
#16570 = LINE('',#16571,#16572);
#16571 = CARTESIAN_POINT('',(34.674990748,19.497545137439));
#16572 = VECTOR('',#16573,1.);
#16573 = DIRECTION('',(-4.906768132518E-02,0.998795455861));
#16574 = ( GEOMETRIC_REPRESENTATION_CONTEXT(2) 
PARAMETRIC_REPRESENTATION_CONTEXT() REPRESENTATION_CONTEXT('2D SPACE',''
  ) );
#16575 = PCURVE('',#16341,#16576);
#16576 = DEFINITIONAL_REPRESENTATION('',(#16577),#16581);
#16577 = LINE('',#16578,#16579);
#16578 = CARTESIAN_POINT('',(0.900000000407,-2.454862561386E-03));
#16579 = VECTOR('',#16580,1.);
#16580 = DIRECTION('',(-4.906768132518E-02,0.998795455861));
#16581 = ( GEOMETRIC_REPRESENTATION_CONTEXT(2) 
PARAMETRIC_REPRESENTATION_CONTEXT() REPRESENTATION_CONTEXT('2D SPACE',''
  ) );
#16582 = ORIENTED_EDGE('',*,*,#16583,.F.);
#16583 = EDGE_CURVE('',#15007,#16561,#16584,.T.);
#16584 = SURFACE_CURVE('',#16585,(#16589,#16596),.PCURVE_S1.);
#16585 = LINE('',#16586,#16587);
#16586 = CARTESIAN_POINT('',(34.674990748,-19.49754513743,150.));
#16587 = VECTOR('',#16588,1.);
#16588 = DIRECTION('',(0.,1.,0.));
#16589 = PCURVE('',#14994,#16590);
#16590 = DEFINITIONAL_REPRESENTATION('',(#16591),#16595);
#16591 = LINE('',#16592,#16593);
#16592 = CARTESIAN_POINT('',(34.674990748,-19.49754513743));
#16593 = VECTOR('',#16594,1.);
#16594 = DIRECTION('',(0.,1.));
#16595 = ( GEOMETRIC_REPRESENTATION_CONTEXT(2) 
PARAMETRIC_REPRESENTATION_CONTEXT() REPRESENTATION_CONTEXT('2D SPACE',''
  ) );
#16596 = PCURVE('',#16341,#16597);
#16597 = DEFINITIONAL_REPRESENTATION('',(#16598),#16602);
#16598 = LINE('',#16599,#16600);
#16599 = CARTESIAN_POINT('',(0.900000000407,-38.99754513743));
#16600 = VECTOR('',#16601,1.);
#16601 = DIRECTION('',(0.,1.));
#16602 = ( GEOMETRIC_REPRESENTATION_CONTEXT(2) 
PARAMETRIC_REPRESENTATION_CONTEXT() REPRESENTATION_CONTEXT('2D SPACE',''
  ) );
#16603 = ORIENTED_EDGE('',*,*,#15006,.T.);
#16604 = ADVANCED_FACE('',(#16605),#14965,.F.);
#16605 = FACE_BOUND('',#16606,.F.);
#16606 = EDGE_LOOP('',(#16607,#16632,#16651,#16652));
#16607 = ORIENTED_EDGE('',*,*,#16608,.F.);
#16608 = EDGE_CURVE('',#16609,#16611,#16613,.T.);
#16609 = VERTEX_POINT('',#16610);
#16610 = CARTESIAN_POINT('',(33.929832153954,20.487939339674,135.));
#16611 = VERTEX_POINT('',#16612);
#16612 = CARTESIAN_POINT('',(6.,39.878263195958,135.));
#16613 = SURFACE_CURVE('',#16614,(#16618,#16625),.PCURVE_S1.);
#16614 = LINE('',#16615,#16616);
#16615 = CARTESIAN_POINT('',(34.272247314161,20.250217150257,135.));
#16616 = VECTOR('',#16617,1.);
#16617 = DIRECTION('',(-0.821444268946,0.570288797905,0.));
#16618 = PCURVE('',#14965,#16619);
#16619 = DEFINITIONAL_REPRESENTATION('',(#16620),#16624);
#16620 = LINE('',#16621,#16622);
#16621 = CARTESIAN_POINT('',(0.,0.));
#16622 = VECTOR('',#16623,1.);
#16623 = DIRECTION('',(1.,0.));
#16624 = ( GEOMETRIC_REPRESENTATION_CONTEXT(2) 
PARAMETRIC_REPRESENTATION_CONTEXT() REPRESENTATION_CONTEXT('2D SPACE',''
  ) );
#16625 = PCURVE('',#15521,#16626);
#16626 = DEFINITIONAL_REPRESENTATION('',(#16627),#16631);
#16627 = LINE('',#16628,#16629);
#16628 = CARTESIAN_POINT('',(19.559498047643,-34.27224731416));
#16629 = VECTOR('',#16630,1.);
#16630 = DIRECTION('',(0.570288797905,0.821444268946));
#16631 = ( GEOMETRIC_REPRESENTATION_CONTEXT(2) 
PARAMETRIC_REPRESENTATION_CONTEXT() REPRESENTATION_CONTEXT('2D SPACE',''
  ) );
#16632 = ORIENTED_EDGE('',*,*,#16633,.T.);
#16633 = EDGE_CURVE('',#16609,#14950,#16634,.T.);
#16634 = SURFACE_CURVE('',#16635,(#16639,#16645),.PCURVE_S1.);
#16635 = LINE('',#16636,#16637);
#16636 = CARTESIAN_POINT('',(33.929832153954,20.487939339674,-150.));
#16637 = VECTOR('',#16638,1.);
#16638 = DIRECTION('',(0.,0.,1.));
#16639 = PCURVE('',#14965,#16640);
#16640 = DEFINITIONAL_REPRESENTATION('',(#16641),#16644);
#16641 = B_SPLINE_CURVE_WITH_KNOTS('',1,(#16642,#16643),.UNSPECIFIED.,
  .F.,.F.,(2,2),(283.5,300.0000006),.PIECEWISE_BEZIER_KNOTS.);
#16642 = CARTESIAN_POINT('',(0.41684527259,1.5));
#16643 = CARTESIAN_POINT('',(0.41684527259,-15.0000006));
#16644 = ( GEOMETRIC_REPRESENTATION_CONTEXT(2) 
PARAMETRIC_REPRESENTATION_CONTEXT() REPRESENTATION_CONTEXT('2D SPACE',''
  ) );
#16645 = PCURVE('',#16310,#16646);
#16646 = DEFINITIONAL_REPRESENTATION('',(#16647),#16650);
#16647 = B_SPLINE_CURVE_WITH_KNOTS('',1,(#16648,#16649),.UNSPECIFIED.,
  .F.,.F.,(2,2),(283.5,300.0000006),.PIECEWISE_BEZIER_KNOTS.);
#16648 = CARTESIAN_POINT('',(1.415329405204,283.5));
#16649 = CARTESIAN_POINT('',(1.415329405204,300.0000006));
#16650 = ( GEOMETRIC_REPRESENTATION_CONTEXT(2) 
PARAMETRIC_REPRESENTATION_CONTEXT() REPRESENTATION_CONTEXT('2D SPACE',''
  ) );
#16651 = ORIENTED_EDGE('',*,*,#14949,.T.);
#16652 = ORIENTED_EDGE('',*,*,#16653,.F.);
#16653 = EDGE_CURVE('',#16611,#14927,#16654,.T.);
#16654 = SURFACE_CURVE('',#16655,(#16659,#16665),.PCURVE_S1.);
#16655 = LINE('',#16656,#16657);
#16656 = CARTESIAN_POINT('',(6.,39.878263195958,-7.5));
#16657 = VECTOR('',#16658,1.);
#16658 = DIRECTION('',(0.,0.,1.));
#16659 = PCURVE('',#14965,#16660);
#16660 = DEFINITIONAL_REPRESENTATION('',(#16661),#16664);
#16661 = B_SPLINE_CURVE_WITH_KNOTS('',1,(#16662,#16663),.UNSPECIFIED.,
  .F.,.F.,(2,2),(142.5,157.5),.PIECEWISE_BEZIER_KNOTS.);
#16662 = CARTESIAN_POINT('',(34.417730311066,0.));
#16663 = CARTESIAN_POINT('',(34.417730311066,-15.));
#16664 = ( GEOMETRIC_REPRESENTATION_CONTEXT(2) 
PARAMETRIC_REPRESENTATION_CONTEXT() REPRESENTATION_CONTEXT('2D SPACE',''
  ) );
#16665 = PCURVE('',#16666,#16671);
#16666 = PLANE('',#16667);
#16667 = AXIS2_PLACEMENT_3D('',#16668,#16669,#16670);
#16668 = CARTESIAN_POINT('',(6.,40.,-150.));
#16669 = DIRECTION('',(1.,0.,-0.));
#16670 = DIRECTION('',(0.,-1.,0.));
#16671 = DEFINITIONAL_REPRESENTATION('',(#16672),#16675);
#16672 = B_SPLINE_CURVE_WITH_KNOTS('',1,(#16673,#16674),.UNSPECIFIED.,
  .F.,.F.,(2,2),(142.5,157.5),.PIECEWISE_BEZIER_KNOTS.);
#16673 = CARTESIAN_POINT('',(0.121736804042,-285.));
#16674 = CARTESIAN_POINT('',(0.121736804042,-300.));
#16675 = ( GEOMETRIC_REPRESENTATION_CONTEXT(2) 
PARAMETRIC_REPRESENTATION_CONTEXT() REPRESENTATION_CONTEXT('2D SPACE',''
  ) );
#16676 = ADVANCED_FACE('',(#16677),#14891,.F.);
#16677 = FACE_BOUND('',#16678,.F.);
#16678 = EDGE_LOOP('',(#16679,#16680,#16708,#16731,#16752,#16753));
#16679 = ORIENTED_EDGE('',*,*,#14875,.F.);
#16680 = ORIENTED_EDGE('',*,*,#16681,.F.);
#16681 = EDGE_CURVE('',#16682,#14848,#16684,.T.);
#16682 = VERTEX_POINT('',#16683);
#16683 = CARTESIAN_POINT('',(-5.968690296616,39.9,150.));
#16684 = SURFACE_CURVE('',#16685,(#16689,#16696),.PCURVE_S1.);
#16685 = LINE('',#16686,#16687);
#16686 = CARTESIAN_POINT('',(-5.968690296616,39.9,150.));
#16687 = VECTOR('',#16688,1.);
#16688 = DIRECTION('',(-0.821444268946,-0.570288797905,0.));
#16689 = PCURVE('',#14891,#16690);
#16690 = DEFINITIONAL_REPRESENTATION('',(#16691),#16695);
#16691 = LINE('',#16692,#16693);
#16692 = CARTESIAN_POINT('',(-5.968690296616,39.9));
#16693 = VECTOR('',#16694,1.);
#16694 = DIRECTION('',(-0.821444268946,-0.570288797905));
#16695 = ( GEOMETRIC_REPRESENTATION_CONTEXT(2) 
PARAMETRIC_REPRESENTATION_CONTEXT() REPRESENTATION_CONTEXT('2D SPACE',''
  ) );
#16696 = PCURVE('',#16697,#16702);
#16697 = PLANE('',#16698);
#16698 = AXIS2_PLACEMENT_3D('',#16699,#16700,#16701);
#16699 = CARTESIAN_POINT('',(2.236893797763E-15,39.25,150.));
#16700 = DIRECTION('',(-0.,-0.,-1.));
#16701 = DIRECTION('',(-1.,0.,0.));
#16702 = DEFINITIONAL_REPRESENTATION('',(#16703),#16707);
#16703 = LINE('',#16704,#16705);
#16704 = CARTESIAN_POINT('',(5.968690296616,0.65));
#16705 = VECTOR('',#16706,1.);
#16706 = DIRECTION('',(0.821444268946,-0.570288797905));
#16707 = ( GEOMETRIC_REPRESENTATION_CONTEXT(2) 
PARAMETRIC_REPRESENTATION_CONTEXT() REPRESENTATION_CONTEXT('2D SPACE',''
  ) );
#16708 = ORIENTED_EDGE('',*,*,#16709,.F.);
#16709 = EDGE_CURVE('',#16710,#16682,#16712,.T.);
#16710 = VERTEX_POINT('',#16711);
#16711 = CARTESIAN_POINT('',(5.968690296616,39.9,150.));
#16712 = SURFACE_CURVE('',#16713,(#16717,#16724),.PCURVE_S1.);
#16713 = LINE('',#16714,#16715);
#16714 = CARTESIAN_POINT('',(5.968690296616,39.9,150.));
#16715 = VECTOR('',#16716,1.);
#16716 = DIRECTION('',(-1.,0.,0.));
#16717 = PCURVE('',#14891,#16718);
#16718 = DEFINITIONAL_REPRESENTATION('',(#16719),#16723);
#16719 = LINE('',#16720,#16721);
#16720 = CARTESIAN_POINT('',(5.968690296616,39.9));
#16721 = VECTOR('',#16722,1.);
#16722 = DIRECTION('',(-1.,0.));
#16723 = ( GEOMETRIC_REPRESENTATION_CONTEXT(2) 
PARAMETRIC_REPRESENTATION_CONTEXT() REPRESENTATION_CONTEXT('2D SPACE',''
  ) );
#16724 = PCURVE('',#16697,#16725);
#16725 = DEFINITIONAL_REPRESENTATION('',(#16726),#16730);
#16726 = LINE('',#16727,#16728);
#16727 = CARTESIAN_POINT('',(-5.968690296616,0.65));
#16728 = VECTOR('',#16729,1.);
#16729 = DIRECTION('',(1.,0.));
#16730 = ( GEOMETRIC_REPRESENTATION_CONTEXT(2) 
PARAMETRIC_REPRESENTATION_CONTEXT() REPRESENTATION_CONTEXT('2D SPACE',''
  ) );
#16731 = ORIENTED_EDGE('',*,*,#16732,.F.);
#16732 = EDGE_CURVE('',#14927,#16710,#16733,.T.);
#16733 = SURFACE_CURVE('',#16734,(#16738,#16745),.PCURVE_S1.);
#16734 = LINE('',#16735,#16736);
#16735 = CARTESIAN_POINT('',(34.272247314161,20.250217150257,150.));
#16736 = VECTOR('',#16737,1.);
#16737 = DIRECTION('',(-0.821444268946,0.570288797905,0.));
#16738 = PCURVE('',#14891,#16739);
#16739 = DEFINITIONAL_REPRESENTATION('',(#16740),#16744);
#16740 = LINE('',#16741,#16742);
#16741 = CARTESIAN_POINT('',(34.272247314161,20.250217150257));
#16742 = VECTOR('',#16743,1.);
#16743 = DIRECTION('',(-0.821444268946,0.570288797905));
#16744 = ( GEOMETRIC_REPRESENTATION_CONTEXT(2) 
PARAMETRIC_REPRESENTATION_CONTEXT() REPRESENTATION_CONTEXT('2D SPACE',''
  ) );
#16745 = PCURVE('',#16697,#16746);
#16746 = DEFINITIONAL_REPRESENTATION('',(#16747),#16751);
#16747 = LINE('',#16748,#16749);
#16748 = CARTESIAN_POINT('',(-34.27224731416,-18.99978284974));
#16749 = VECTOR('',#16750,1.);
#16750 = DIRECTION('',(0.821444268946,0.570288797905));
#16751 = ( GEOMETRIC_REPRESENTATION_CONTEXT(2) 
PARAMETRIC_REPRESENTATION_CONTEXT() REPRESENTATION_CONTEXT('2D SPACE',''
  ) );
#16752 = ORIENTED_EDGE('',*,*,#14926,.F.);
#16753 = ORIENTED_EDGE('',*,*,#14903,.F.);
#16754 = ADVANCED_FACE('',(#16755),#14863,.F.);
#16755 = FACE_BOUND('',#16756,.F.);
#16756 = EDGE_LOOP('',(#16757,#16782,#16806,#16807));
#16757 = ORIENTED_EDGE('',*,*,#16758,.F.);
#16758 = EDGE_CURVE('',#16759,#16761,#16763,.T.);
#16759 = VERTEX_POINT('',#16760);
#16760 = CARTESIAN_POINT('',(-6.,39.878263195958,135.));
#16761 = VERTEX_POINT('',#16762);
#16762 = CARTESIAN_POINT('',(-33.92983215395,20.487939339674,135.));
#16763 = SURFACE_CURVE('',#16764,(#16768,#16775),.PCURVE_S1.);
#16764 = LINE('',#16765,#16766);
#16765 = CARTESIAN_POINT('',(-5.968690296616,39.9,135.));
#16766 = VECTOR('',#16767,1.);
#16767 = DIRECTION('',(-0.821444268946,-0.570288797905,0.));
#16768 = PCURVE('',#14863,#16769);
#16769 = DEFINITIONAL_REPRESENTATION('',(#16770),#16774);
#16770 = LINE('',#16771,#16772);
#16771 = CARTESIAN_POINT('',(0.,0.));
#16772 = VECTOR('',#16773,1.);
#16773 = DIRECTION('',(1.,0.));
#16774 = ( GEOMETRIC_REPRESENTATION_CONTEXT(2) 
PARAMETRIC_REPRESENTATION_CONTEXT() REPRESENTATION_CONTEXT('2D SPACE',''
  ) );
#16775 = PCURVE('',#15521,#16776);
#16776 = DEFINITIONAL_REPRESENTATION('',(#16777),#16781);
#16777 = LINE('',#16778,#16779);
#16778 = CARTESIAN_POINT('',(39.209280897386,5.968690296616));
#16779 = VECTOR('',#16780,1.);
#16780 = DIRECTION('',(-0.570288797905,0.821444268946));
#16781 = ( GEOMETRIC_REPRESENTATION_CONTEXT(2) 
PARAMETRIC_REPRESENTATION_CONTEXT() REPRESENTATION_CONTEXT('2D SPACE',''
  ) );
#16782 = ORIENTED_EDGE('',*,*,#16783,.F.);
#16783 = EDGE_CURVE('',#14848,#16759,#16784,.T.);
#16784 = SURFACE_CURVE('',#16785,(#16789,#16795),.PCURVE_S1.);
#16785 = LINE('',#16786,#16787);
#16786 = CARTESIAN_POINT('',(-6.,39.878263195958,-7.5));
#16787 = VECTOR('',#16788,1.);
#16788 = DIRECTION('',(-0.,-0.,-1.));
#16789 = PCURVE('',#14863,#16790);
#16790 = DEFINITIONAL_REPRESENTATION('',(#16791),#16794);
#16791 = B_SPLINE_CURVE_WITH_KNOTS('',1,(#16792,#16793),.UNSPECIFIED.,
  .F.,.F.,(2,2),(-157.5,-142.5),.PIECEWISE_BEZIER_KNOTS.);
#16792 = CARTESIAN_POINT('',(3.811543225417E-02,-15.));
#16793 = CARTESIAN_POINT('',(3.811543225417E-02,0.));
#16794 = ( GEOMETRIC_REPRESENTATION_CONTEXT(2) 
PARAMETRIC_REPRESENTATION_CONTEXT() REPRESENTATION_CONTEXT('2D SPACE',''
  ) );
#16795 = PCURVE('',#16796,#16801);
#16796 = PLANE('',#16797);
#16797 = AXIS2_PLACEMENT_3D('',#16798,#16799,#16800);
#16798 = CARTESIAN_POINT('',(-6.,38.5,-150.));
#16799 = DIRECTION('',(-1.,0.,0.));
#16800 = DIRECTION('',(0.,1.,0.));
#16801 = DEFINITIONAL_REPRESENTATION('',(#16802),#16805);
#16802 = B_SPLINE_CURVE_WITH_KNOTS('',1,(#16803,#16804),.UNSPECIFIED.,
  .F.,.F.,(2,2),(-157.5,-142.5),.PIECEWISE_BEZIER_KNOTS.);
#16803 = CARTESIAN_POINT('',(1.378263195958,-300.));
#16804 = CARTESIAN_POINT('',(1.378263195958,-285.));
#16805 = ( GEOMETRIC_REPRESENTATION_CONTEXT(2) 
PARAMETRIC_REPRESENTATION_CONTEXT() REPRESENTATION_CONTEXT('2D SPACE',''
  ) );
#16806 = ORIENTED_EDGE('',*,*,#14847,.T.);
#16807 = ORIENTED_EDGE('',*,*,#16808,.F.);
#16808 = EDGE_CURVE('',#16761,#14819,#16809,.T.);
#16809 = SURFACE_CURVE('',#16810,(#16814,#16820),.PCURVE_S1.);
#16810 = LINE('',#16811,#16812);
#16811 = CARTESIAN_POINT('',(-33.92983215395,20.487939339674,-150.));
#16812 = VECTOR('',#16813,1.);
#16813 = DIRECTION('',(0.,0.,1.));
#16814 = PCURVE('',#14863,#16815);
#16815 = DEFINITIONAL_REPRESENTATION('',(#16816),#16819);
#16816 = B_SPLINE_CURVE_WITH_KNOTS('',1,(#16817,#16818),.UNSPECIFIED.,
  .F.,.F.,(2,2),(283.5,300.0000006),.PIECEWISE_BEZIER_KNOTS.);
#16817 = CARTESIAN_POINT('',(34.03900047073,1.5));
#16818 = CARTESIAN_POINT('',(34.03900047073,-15.0000006));
#16819 = ( GEOMETRIC_REPRESENTATION_CONTEXT(2) 
PARAMETRIC_REPRESENTATION_CONTEXT() REPRESENTATION_CONTEXT('2D SPACE',''
  ) );
#16820 = PCURVE('',#16821,#16826);
#16821 = CYLINDRICAL_SURFACE('',#16822,1.);
#16822 = AXIS2_PLACEMENT_3D('',#16823,#16824,#16825);
#16823 = CARTESIAN_POINT('',(-33.77499074759,19.5,-150.));
#16824 = DIRECTION('',(0.,0.,1.));
#16825 = DIRECTION('',(1.,0.,-0.));
#16826 = DEFINITIONAL_REPRESENTATION('',(#16827),#16830);
#16827 = B_SPLINE_CURVE_WITH_KNOTS('',1,(#16828,#16829),.UNSPECIFIED.,
  .F.,.F.,(2,2),(283.5,300.0000006),.PIECEWISE_BEZIER_KNOTS.);
#16828 = CARTESIAN_POINT('',(1.726263248385,283.5));
#16829 = CARTESIAN_POINT('',(1.726263248385,300.0000006));
#16830 = ( GEOMETRIC_REPRESENTATION_CONTEXT(2) 
PARAMETRIC_REPRESENTATION_CONTEXT() REPRESENTATION_CONTEXT('2D SPACE',''
  ) );
#16831 = ADVANCED_FACE('',(#16832),#14835,.F.);
#16832 = FACE_BOUND('',#16833,.F.);
#16833 = EDGE_LOOP('',(#16834,#16835,#16863,#16886,#16909,#16932,#16955,
    #16978,#17001,#17024,#17047,#17070,#17093));
#16834 = ORIENTED_EDGE('',*,*,#14818,.T.);
#16835 = ORIENTED_EDGE('',*,*,#16836,.F.);
#16836 = EDGE_CURVE('',#16837,#14791,#16839,.T.);
#16837 = VERTEX_POINT('',#16838);
#16838 = CARTESIAN_POINT('',(-34.674990748,19.497545137439,150.));
#16839 = SURFACE_CURVE('',#16840,(#16844,#16851),.PCURVE_S1.);
#16840 = LINE('',#16841,#16842);
#16841 = CARTESIAN_POINT('',(-34.674990748,19.497545137439,150.));
#16842 = VECTOR('',#16843,1.);
#16843 = DIRECTION('',(0.,-1.,0.));
#16844 = PCURVE('',#14835,#16845);
#16845 = DEFINITIONAL_REPRESENTATION('',(#16846),#16850);
#16846 = LINE('',#16847,#16848);
#16847 = CARTESIAN_POINT('',(-34.674990748,19.497545137439));
#16848 = VECTOR('',#16849,1.);
#16849 = DIRECTION('',(0.,-1.));
#16850 = ( GEOMETRIC_REPRESENTATION_CONTEXT(2) 
PARAMETRIC_REPRESENTATION_CONTEXT() REPRESENTATION_CONTEXT('2D SPACE',''
  ) );
#16851 = PCURVE('',#16852,#16857);
#16852 = PLANE('',#16853);
#16853 = AXIS2_PLACEMENT_3D('',#16854,#16855,#16856);
#16854 = CARTESIAN_POINT('',(-33.77499074759,19.5,150.));
#16855 = DIRECTION('',(0.,0.,1.));
#16856 = DIRECTION('',(1.,0.,-0.));
#16857 = DEFINITIONAL_REPRESENTATION('',(#16858),#16862);
#16858 = LINE('',#16859,#16860);
#16859 = CARTESIAN_POINT('',(-0.900000000407,-2.454862561429E-03));
#16860 = VECTOR('',#16861,1.);
#16861 = DIRECTION('',(0.,-1.));
#16862 = ( GEOMETRIC_REPRESENTATION_CONTEXT(2) 
PARAMETRIC_REPRESENTATION_CONTEXT() REPRESENTATION_CONTEXT('2D SPACE',''
  ) );
#16863 = ORIENTED_EDGE('',*,*,#16864,.F.);
#16864 = EDGE_CURVE('',#16865,#16837,#16867,.T.);
#16865 = VERTEX_POINT('',#16866);
#16866 = CARTESIAN_POINT('',(-34.67053698245,19.588203604946,150.));
#16867 = SURFACE_CURVE('',#16868,(#16872,#16879),.PCURVE_S1.);
#16868 = LINE('',#16869,#16870);
#16869 = CARTESIAN_POINT('',(-34.67053698245,19.588203604946,150.));
#16870 = VECTOR('',#16871,1.);
#16871 = DIRECTION('',(-4.906768132518E-02,-0.998795455861,0.));
#16872 = PCURVE('',#14835,#16873);
#16873 = DEFINITIONAL_REPRESENTATION('',(#16874),#16878);
#16874 = LINE('',#16875,#16876);
#16875 = CARTESIAN_POINT('',(-34.67053698245,19.588203604946));
#16876 = VECTOR('',#16877,1.);
#16877 = DIRECTION('',(-4.906768132518E-02,-0.998795455861));
#16878 = ( GEOMETRIC_REPRESENTATION_CONTEXT(2) 
PARAMETRIC_REPRESENTATION_CONTEXT() REPRESENTATION_CONTEXT('2D SPACE',''
  ) );
#16879 = PCURVE('',#16852,#16880);
#16880 = DEFINITIONAL_REPRESENTATION('',(#16881),#16885);
#16881 = LINE('',#16882,#16883);
#16882 = CARTESIAN_POINT('',(-0.895546234857,8.820360494633E-02));
#16883 = VECTOR('',#16884,1.);
#16884 = DIRECTION('',(-4.906768132518E-02,-0.998795455861));
#16885 = ( GEOMETRIC_REPRESENTATION_CONTEXT(2) 
PARAMETRIC_REPRESENTATION_CONTEXT() REPRESENTATION_CONTEXT('2D SPACE',''
  ) );
#16886 = ORIENTED_EDGE('',*,*,#16887,.F.);
#16887 = EDGE_CURVE('',#16888,#16865,#16890,.T.);
#16888 = VERTEX_POINT('',#16889);
#16889 = CARTESIAN_POINT('',(-34.65757921759,19.675557761939,150.));
#16890 = SURFACE_CURVE('',#16891,(#16895,#16902),.PCURVE_S1.);
#16891 = LINE('',#16892,#16893);
#16892 = CARTESIAN_POINT('',(-34.65757921759,19.675557761939,150.));
#16893 = VECTOR('',#16894,1.);
#16894 = DIRECTION('',(-0.14673047131,-0.989176510431,0.));
#16895 = PCURVE('',#14835,#16896);
#16896 = DEFINITIONAL_REPRESENTATION('',(#16897),#16901);
#16897 = LINE('',#16898,#16899);
#16898 = CARTESIAN_POINT('',(-34.65757921759,19.675557761939));
#16899 = VECTOR('',#16900,1.);
#16900 = DIRECTION('',(-0.14673047131,-0.989176510431));
#16901 = ( GEOMETRIC_REPRESENTATION_CONTEXT(2) 
PARAMETRIC_REPRESENTATION_CONTEXT() REPRESENTATION_CONTEXT('2D SPACE',''
  ) );
#16902 = PCURVE('',#16852,#16903);
#16903 = DEFINITIONAL_REPRESENTATION('',(#16904),#16908);
#16904 = LINE('',#16905,#16906);
#16905 = CARTESIAN_POINT('',(-0.882588469997,0.175557761939));
#16906 = VECTOR('',#16907,1.);
#16907 = DIRECTION('',(-0.14673047131,-0.989176510431));
#16908 = ( GEOMETRIC_REPRESENTATION_CONTEXT(2) 
PARAMETRIC_REPRESENTATION_CONTEXT() REPRESENTATION_CONTEXT('2D SPACE',''
  ) );
#16909 = ORIENTED_EDGE('',*,*,#16910,.F.);
#16910 = EDGE_CURVE('',#16911,#16888,#16913,.T.);
#16911 = VERTEX_POINT('',#16912);
#16912 = CARTESIAN_POINT('',(-34.6361216428,19.761221200948,150.));
#16913 = SURFACE_CURVE('',#16914,(#16918,#16925),.PCURVE_S1.);
#16914 = LINE('',#16915,#16916);
#16915 = CARTESIAN_POINT('',(-34.6361216428,19.761221200948,150.));
#16916 = VECTOR('',#16917,1.);
#16917 = DIRECTION('',(-0.24298018363,-0.970031252261,0.));
#16918 = PCURVE('',#14835,#16919);
#16919 = DEFINITIONAL_REPRESENTATION('',(#16920),#16924);
#16920 = LINE('',#16921,#16922);
#16921 = CARTESIAN_POINT('',(-34.6361216428,19.761221200948));
#16922 = VECTOR('',#16923,1.);
#16923 = DIRECTION('',(-0.24298018363,-0.970031252261));
#16924 = ( GEOMETRIC_REPRESENTATION_CONTEXT(2) 
PARAMETRIC_REPRESENTATION_CONTEXT() REPRESENTATION_CONTEXT('2D SPACE',''
  ) );
#16925 = PCURVE('',#16852,#16926);
#16926 = DEFINITIONAL_REPRESENTATION('',(#16927),#16931);
#16927 = LINE('',#16928,#16929);
#16928 = CARTESIAN_POINT('',(-0.861130895211,0.261221200948));
#16929 = VECTOR('',#16930,1.);
#16930 = DIRECTION('',(-0.24298018363,-0.970031252261));
#16931 = ( GEOMETRIC_REPRESENTATION_CONTEXT(2) 
PARAMETRIC_REPRESENTATION_CONTEXT() REPRESENTATION_CONTEXT('2D SPACE',''
  ) );
#16932 = ORIENTED_EDGE('',*,*,#16933,.F.);
#16933 = EDGE_CURVE('',#16934,#16911,#16936,.T.);
#16934 = VERTEX_POINT('',#16935);
#16935 = CARTESIAN_POINT('',(-34.6063709071,19.844368937537,150.));
#16936 = SURFACE_CURVE('',#16937,(#16941,#16948),.PCURVE_S1.);
#16937 = LINE('',#16938,#16939);
#16938 = CARTESIAN_POINT('',(-34.6063709071,19.844368937537,150.));
#16939 = VECTOR('',#16940,1.);
#16940 = DIRECTION('',(-0.336889851754,-0.941544065769,0.));
#16941 = PCURVE('',#14835,#16942);
#16942 = DEFINITIONAL_REPRESENTATION('',(#16943),#16947);
#16943 = LINE('',#16944,#16945);
#16944 = CARTESIAN_POINT('',(-34.6063709071,19.844368937537));
#16945 = VECTOR('',#16946,1.);
#16946 = DIRECTION('',(-0.336889851754,-0.941544065769));
#16947 = ( GEOMETRIC_REPRESENTATION_CONTEXT(2) 
PARAMETRIC_REPRESENTATION_CONTEXT() REPRESENTATION_CONTEXT('2D SPACE',''
  ) );
#16948 = PCURVE('',#16852,#16949);
#16949 = DEFINITIONAL_REPRESENTATION('',(#16950),#16954);
#16950 = LINE('',#16951,#16952);
#16951 = CARTESIAN_POINT('',(-0.831380159508,0.344368937537));
#16952 = VECTOR('',#16953,1.);
#16953 = DIRECTION('',(-0.336889851754,-0.941544065769));
#16954 = ( GEOMETRIC_REPRESENTATION_CONTEXT(2) 
PARAMETRIC_REPRESENTATION_CONTEXT() REPRESENTATION_CONTEXT('2D SPACE',''
  ) );
#16955 = ORIENTED_EDGE('',*,*,#16956,.F.);
#16956 = EDGE_CURVE('',#16957,#16934,#16959,.T.);
#16957 = VERTEX_POINT('',#16958);
#16958 = CARTESIAN_POINT('',(-34.56861352608,19.924200213175,150.));
#16959 = SURFACE_CURVE('',#16960,(#16964,#16971),.PCURVE_S1.);
#16960 = LINE('',#16961,#16962);
#16961 = CARTESIAN_POINT('',(-34.56861352608,19.924200213175,150.));
#16962 = VECTOR('',#16963,1.);
#16963 = DIRECTION('',(-0.42755508995,-0.903989294769,0.));
#16964 = PCURVE('',#14835,#16965);
#16965 = DEFINITIONAL_REPRESENTATION('',(#16966),#16970);
#16966 = LINE('',#16967,#16968);
#16967 = CARTESIAN_POINT('',(-34.56861352608,19.924200213175));
#16968 = VECTOR('',#16969,1.);
#16969 = DIRECTION('',(-0.42755508995,-0.903989294769));
#16970 = ( GEOMETRIC_REPRESENTATION_CONTEXT(2) 
PARAMETRIC_REPRESENTATION_CONTEXT() REPRESENTATION_CONTEXT('2D SPACE',''
  ) );
#16971 = PCURVE('',#16852,#16972);
#16972 = DEFINITIONAL_REPRESENTATION('',(#16973),#16977);
#16973 = LINE('',#16974,#16975);
#16974 = CARTESIAN_POINT('',(-0.793622778493,0.424200213175));
#16975 = VECTOR('',#16976,1.);
#16976 = DIRECTION('',(-0.42755508995,-0.903989294769));
#16977 = ( GEOMETRIC_REPRESENTATION_CONTEXT(2) 
PARAMETRIC_REPRESENTATION_CONTEXT() REPRESENTATION_CONTEXT('2D SPACE',''
  ) );
#16978 = ORIENTED_EDGE('',*,*,#16979,.F.);
#16979 = EDGE_CURVE('',#16980,#16957,#16982,.T.);
#16980 = VERTEX_POINT('',#16981);
#16981 = CARTESIAN_POINT('',(-34.52321312388,19.999946208041,150.));
#16982 = SURFACE_CURVE('',#16983,(#16987,#16994),.PCURVE_S1.);
#16983 = LINE('',#16984,#16985);
#16984 = CARTESIAN_POINT('',(-34.52321312388,19.999946208041,150.));
#16985 = VECTOR('',#16986,1.);
#16986 = DIRECTION('',(-0.51410274472,-0.857728609685,0.));
#16987 = PCURVE('',#14835,#16988);
#16988 = DEFINITIONAL_REPRESENTATION('',(#16989),#16993);
#16989 = LINE('',#16990,#16991);
#16990 = CARTESIAN_POINT('',(-34.52321312388,19.999946208041));
#16991 = VECTOR('',#16992,1.);
#16992 = DIRECTION('',(-0.51410274472,-0.857728609685));
#16993 = ( GEOMETRIC_REPRESENTATION_CONTEXT(2) 
PARAMETRIC_REPRESENTATION_CONTEXT() REPRESENTATION_CONTEXT('2D SPACE',''
  ) );
#16994 = PCURVE('',#16852,#16995);
#16995 = DEFINITIONAL_REPRESENTATION('',(#16996),#17000);
#16996 = LINE('',#16997,#16998);
#16997 = CARTESIAN_POINT('',(-0.748222376288,0.499946208041));
#16998 = VECTOR('',#16999,1.);
#16999 = DIRECTION('',(-0.51410274472,-0.857728609685));
#17000 = ( GEOMETRIC_REPRESENTATION_CONTEXT(2) 
PARAMETRIC_REPRESENTATION_CONTEXT() REPRESENTATION_CONTEXT('2D SPACE',''
  ) );
#17001 = ORIENTED_EDGE('',*,*,#17002,.F.);
#17002 = EDGE_CURVE('',#17003,#16980,#17005,.T.);
#17003 = VERTEX_POINT('',#17004);
#17004 = CARTESIAN_POINT('',(-34.47060693088,20.070877447974,150.));
#17005 = SURFACE_CURVE('',#17006,(#17010,#17017),.PCURVE_S1.);
#17006 = LINE('',#17007,#17008);
#17007 = CARTESIAN_POINT('',(-34.47060693088,20.070877447974,150.));
#17008 = VECTOR('',#17009,1.);
#17009 = DIRECTION('',(-0.59569930559,-0.803207530666,0.));
#17010 = PCURVE('',#14835,#17011);
#17011 = DEFINITIONAL_REPRESENTATION('',(#17012),#17016);
#17012 = LINE('',#17013,#17014);
#17013 = CARTESIAN_POINT('',(-34.47060693088,20.070877447974));
#17014 = VECTOR('',#17015,1.);
#17015 = DIRECTION('',(-0.59569930559,-0.803207530666));
#17016 = ( GEOMETRIC_REPRESENTATION_CONTEXT(2) 
PARAMETRIC_REPRESENTATION_CONTEXT() REPRESENTATION_CONTEXT('2D SPACE',''
  ) );
#17017 = PCURVE('',#16852,#17018);
#17018 = DEFINITIONAL_REPRESENTATION('',(#17019),#17023);
#17019 = LINE('',#17020,#17021);
#17020 = CARTESIAN_POINT('',(-0.695616183294,0.570877447974));
#17021 = VECTOR('',#17022,1.);
#17022 = DIRECTION('',(-0.59569930559,-0.803207530666));
#17023 = ( GEOMETRIC_REPRESENTATION_CONTEXT(2) 
PARAMETRIC_REPRESENTATION_CONTEXT() REPRESENTATION_CONTEXT('2D SPACE',''
  ) );
#17024 = ORIENTED_EDGE('',*,*,#17025,.F.);
#17025 = EDGE_CURVE('',#17026,#17003,#17028,.T.);
#17026 = VERTEX_POINT('',#17027);
#17027 = CARTESIAN_POINT('',(-34.41130157404,20.136310826049,150.));
#17028 = SURFACE_CURVE('',#17029,(#17033,#17040),.PCURVE_S1.);
#17029 = LINE('',#17030,#17031);
#17030 = CARTESIAN_POINT('',(-34.41130157404,20.136310826049,150.));
#17031 = VECTOR('',#17032,1.);
#17032 = DIRECTION('',(-0.671558953977,-0.740951126143,0.));
#17033 = PCURVE('',#14835,#17034);
#17034 = DEFINITIONAL_REPRESENTATION('',(#17035),#17039);
#17035 = LINE('',#17036,#17037);
#17036 = CARTESIAN_POINT('',(-34.41130157404,20.136310826049));
#17037 = VECTOR('',#17038,1.);
#17038 = DIRECTION('',(-0.671558953977,-0.740951126143));
#17039 = ( GEOMETRIC_REPRESENTATION_CONTEXT(2) 
PARAMETRIC_REPRESENTATION_CONTEXT() REPRESENTATION_CONTEXT('2D SPACE',''
  ) );
#17040 = PCURVE('',#16852,#17041);
#17041 = DEFINITIONAL_REPRESENTATION('',(#17042),#17046);
#17042 = LINE('',#17043,#17044);
#17043 = CARTESIAN_POINT('',(-0.636310826456,0.636310826049));
#17044 = VECTOR('',#17045,1.);
#17045 = DIRECTION('',(-0.671558953977,-0.740951126143));
#17046 = ( GEOMETRIC_REPRESENTATION_CONTEXT(2) 
PARAMETRIC_REPRESENTATION_CONTEXT() REPRESENTATION_CONTEXT('2D SPACE',''
  ) );
#17047 = ORIENTED_EDGE('',*,*,#17048,.F.);
#17048 = EDGE_CURVE('',#17049,#17026,#17051,.T.);
#17049 = VERTEX_POINT('',#17050);
#17050 = CARTESIAN_POINT('',(-34.34586819597,20.195616182887,150.));
#17051 = SURFACE_CURVE('',#17052,(#17056,#17063),.PCURVE_S1.);
#17052 = LINE('',#17053,#17054);
#17053 = CARTESIAN_POINT('',(-34.34586819597,20.195616182887,150.));
#17054 = VECTOR('',#17055,1.);
#17055 = DIRECTION('',(-0.740951126143,-0.671558953977,0.));
#17056 = PCURVE('',#14835,#17057);
#17057 = DEFINITIONAL_REPRESENTATION('',(#17058),#17062);
#17058 = LINE('',#17059,#17060);
#17059 = CARTESIAN_POINT('',(-34.34586819597,20.195616182887));
#17060 = VECTOR('',#17061,1.);
#17061 = DIRECTION('',(-0.740951126143,-0.671558953977));
#17062 = ( GEOMETRIC_REPRESENTATION_CONTEXT(2) 
PARAMETRIC_REPRESENTATION_CONTEXT() REPRESENTATION_CONTEXT('2D SPACE',''
  ) );
#17063 = PCURVE('',#16852,#17064);
#17064 = DEFINITIONAL_REPRESENTATION('',(#17065),#17069);
#17065 = LINE('',#17066,#17067);
#17066 = CARTESIAN_POINT('',(-0.570877448381,0.695616182887));
#17067 = VECTOR('',#17068,1.);
#17068 = DIRECTION('',(-0.740951126143,-0.671558953977));
#17069 = ( GEOMETRIC_REPRESENTATION_CONTEXT(2) 
PARAMETRIC_REPRESENTATION_CONTEXT() REPRESENTATION_CONTEXT('2D SPACE',''
  ) );
#17070 = ORIENTED_EDGE('',*,*,#17071,.F.);
#17071 = EDGE_CURVE('',#17072,#17049,#17074,.T.);
#17072 = VERTEX_POINT('',#17073);
#17073 = CARTESIAN_POINT('',(-34.27224731416,20.250217150257,150.));
#17074 = SURFACE_CURVE('',#17075,(#17079,#17086),.PCURVE_S1.);
#17075 = LINE('',#17076,#17077);
#17076 = CARTESIAN_POINT('',(-34.27224731416,20.250217150257,150.));
#17077 = VECTOR('',#17078,1.);
#17078 = DIRECTION('',(-0.803207530666,-0.59569930559,0.));
#17079 = PCURVE('',#14835,#17080);
#17080 = DEFINITIONAL_REPRESENTATION('',(#17081),#17085);
#17081 = LINE('',#17082,#17083);
#17082 = CARTESIAN_POINT('',(-34.27224731416,20.250217150257));
#17083 = VECTOR('',#17084,1.);
#17084 = DIRECTION('',(-0.803207530666,-0.59569930559));
#17085 = ( GEOMETRIC_REPRESENTATION_CONTEXT(2) 
PARAMETRIC_REPRESENTATION_CONTEXT() REPRESENTATION_CONTEXT('2D SPACE',''
  ) );
#17086 = PCURVE('',#16852,#17087);
#17087 = DEFINITIONAL_REPRESENTATION('',(#17088),#17092);
#17088 = LINE('',#17089,#17090);
#17089 = CARTESIAN_POINT('',(-0.497256566568,0.750217150257));
#17090 = VECTOR('',#17091,1.);
#17091 = DIRECTION('',(-0.803207530666,-0.59569930559));
#17092 = ( GEOMETRIC_REPRESENTATION_CONTEXT(2) 
PARAMETRIC_REPRESENTATION_CONTEXT() REPRESENTATION_CONTEXT('2D SPACE',''
  ) );
#17093 = ORIENTED_EDGE('',*,*,#17094,.F.);
#17094 = EDGE_CURVE('',#14819,#17072,#17095,.T.);
#17095 = SURFACE_CURVE('',#17096,(#17100,#17107),.PCURVE_S1.);
#17096 = LINE('',#17097,#17098);
#17097 = CARTESIAN_POINT('',(-5.968690296616,39.9,150.));
#17098 = VECTOR('',#17099,1.);
#17099 = DIRECTION('',(-0.821444268946,-0.570288797905,0.));
#17100 = PCURVE('',#14835,#17101);
#17101 = DEFINITIONAL_REPRESENTATION('',(#17102),#17106);
#17102 = LINE('',#17103,#17104);
#17103 = CARTESIAN_POINT('',(-5.968690296616,39.9));
#17104 = VECTOR('',#17105,1.);
#17105 = DIRECTION('',(-0.821444268946,-0.570288797905));
#17106 = ( GEOMETRIC_REPRESENTATION_CONTEXT(2) 
PARAMETRIC_REPRESENTATION_CONTEXT() REPRESENTATION_CONTEXT('2D SPACE',''
  ) );
#17107 = PCURVE('',#16852,#17108);
#17108 = DEFINITIONAL_REPRESENTATION('',(#17109),#17113);
#17109 = LINE('',#17110,#17111);
#17110 = CARTESIAN_POINT('',(27.806300450977,20.4));
#17111 = VECTOR('',#17112,1.);
#17112 = DIRECTION('',(-0.821444268946,-0.570288797905));
#17113 = ( GEOMETRIC_REPRESENTATION_CONTEXT(2) 
PARAMETRIC_REPRESENTATION_CONTEXT() REPRESENTATION_CONTEXT('2D SPACE',''
  ) );
#17114 = ADVANCED_FACE('',(#17115),#14806,.F.);
#17115 = FACE_BOUND('',#17116,.F.);
#17116 = EDGE_LOOP('',(#17117,#17142,#17166,#17167));
#17117 = ORIENTED_EDGE('',*,*,#17118,.F.);
#17118 = EDGE_CURVE('',#17119,#17121,#17123,.T.);
#17119 = VERTEX_POINT('',#17120);
#17120 = CARTESIAN_POINT('',(-34.674990748,19.064110106486,135.));
#17121 = VERTEX_POINT('',#17122);
#17122 = CARTESIAN_POINT('',(-34.674990748,-19.06411010648,135.));
#17123 = SURFACE_CURVE('',#17124,(#17128,#17135),.PCURVE_S1.);
#17124 = LINE('',#17125,#17126);
#17125 = CARTESIAN_POINT('',(-34.674990748,19.497545137439,135.));
#17126 = VECTOR('',#17127,1.);
#17127 = DIRECTION('',(0.,-1.,0.));
#17128 = PCURVE('',#14806,#17129);
#17129 = DEFINITIONAL_REPRESENTATION('',(#17130),#17134);
#17130 = LINE('',#17131,#17132);
#17131 = CARTESIAN_POINT('',(0.,0.));
#17132 = VECTOR('',#17133,1.);
#17133 = DIRECTION('',(1.,0.));
#17134 = ( GEOMETRIC_REPRESENTATION_CONTEXT(2) 
PARAMETRIC_REPRESENTATION_CONTEXT() REPRESENTATION_CONTEXT('2D SPACE',''
  ) );
#17135 = PCURVE('',#15521,#17136);
#17136 = DEFINITIONAL_REPRESENTATION('',(#17137),#17141);
#17137 = LINE('',#17138,#17139);
#17138 = CARTESIAN_POINT('',(18.806826034825,34.674990748));
#17139 = VECTOR('',#17140,1.);
#17140 = DIRECTION('',(-1.,-5.761930682754E-78));
#17141 = ( GEOMETRIC_REPRESENTATION_CONTEXT(2) 
PARAMETRIC_REPRESENTATION_CONTEXT() REPRESENTATION_CONTEXT('2D SPACE',''
  ) );
#17142 = ORIENTED_EDGE('',*,*,#17143,.T.);
#17143 = EDGE_CURVE('',#17119,#14791,#17144,.T.);
#17144 = SURFACE_CURVE('',#17145,(#17149,#17155),.PCURVE_S1.);
#17145 = LINE('',#17146,#17147);
#17146 = CARTESIAN_POINT('',(-34.674990748,19.064110106486,-150.));
#17147 = VECTOR('',#17148,1.);
#17148 = DIRECTION('',(0.,0.,1.));
#17149 = PCURVE('',#14806,#17150);
#17150 = DEFINITIONAL_REPRESENTATION('',(#17151),#17154);
#17151 = B_SPLINE_CURVE_WITH_KNOTS('',1,(#17152,#17153),.UNSPECIFIED.,
  .F.,.F.,(2,2),(283.5,300.0000006),.PIECEWISE_BEZIER_KNOTS.);
#17152 = CARTESIAN_POINT('',(0.433435030952,1.5));
#17153 = CARTESIAN_POINT('',(0.433435030952,-15.0000006));
#17154 = ( GEOMETRIC_REPRESENTATION_CONTEXT(2) 
PARAMETRIC_REPRESENTATION_CONTEXT() REPRESENTATION_CONTEXT('2D SPACE',''
  ) );
#17155 = PCURVE('',#17156,#17161);
#17156 = CYLINDRICAL_SURFACE('',#17157,1.);
#17157 = AXIS2_PLACEMENT_3D('',#17158,#17159,#17160);
#17158 = CARTESIAN_POINT('',(-33.77499074759,19.5,-150.));
#17159 = DIRECTION('',(0.,0.,1.));
#17160 = DIRECTION('',(1.,0.,-0.));
#17161 = DEFINITIONAL_REPRESENTATION('',(#17162),#17165);
#17162 = B_SPLINE_CURVE_WITH_KNOTS('',1,(#17163,#17164),.UNSPECIFIED.,
  .F.,.F.,(2,2),(283.5,300.0000006),.PIECEWISE_BEZIER_KNOTS.);
#17163 = CARTESIAN_POINT('',(3.592619464453,283.5));
#17164 = CARTESIAN_POINT('',(3.592619464453,300.0000006));
#17165 = ( GEOMETRIC_REPRESENTATION_CONTEXT(2) 
PARAMETRIC_REPRESENTATION_CONTEXT() REPRESENTATION_CONTEXT('2D SPACE',''
  ) );
#17166 = ORIENTED_EDGE('',*,*,#14790,.T.);
#17167 = ORIENTED_EDGE('',*,*,#17168,.F.);
#17168 = EDGE_CURVE('',#17121,#14760,#17169,.T.);
#17169 = SURFACE_CURVE('',#17170,(#17174,#17180),.PCURVE_S1.);
#17170 = LINE('',#17171,#17172);
#17171 = CARTESIAN_POINT('',(-34.674990748,-19.06411010648,-150.));
#17172 = VECTOR('',#17173,1.);
#17173 = DIRECTION('',(0.,0.,1.));
#17174 = PCURVE('',#14806,#17175);
#17175 = DEFINITIONAL_REPRESENTATION('',(#17176),#17179);
#17176 = B_SPLINE_CURVE_WITH_KNOTS('',1,(#17177,#17178),.UNSPECIFIED.,
  .F.,.F.,(2,2),(283.5,300.0000006),.PIECEWISE_BEZIER_KNOTS.);
#17177 = CARTESIAN_POINT('',(38.561655243925,1.5));
#17178 = CARTESIAN_POINT('',(38.561655243925,-15.0000006));
#17179 = ( GEOMETRIC_REPRESENTATION_CONTEXT(2) 
PARAMETRIC_REPRESENTATION_CONTEXT() REPRESENTATION_CONTEXT('2D SPACE',''
  ) );
#17180 = PCURVE('',#17181,#17186);
#17181 = CYLINDRICAL_SURFACE('',#17182,1.);
#17182 = AXIS2_PLACEMENT_3D('',#17183,#17184,#17185);
#17183 = CARTESIAN_POINT('',(-33.77499074759,-19.5,-150.));
#17184 = DIRECTION('',(0.,0.,1.));
#17185 = DIRECTION('',(1.,0.,-0.));
#17186 = DEFINITIONAL_REPRESENTATION('',(#17187),#17190);
#17187 = B_SPLINE_CURVE_WITH_KNOTS('',1,(#17188,#17189),.UNSPECIFIED.,
  .F.,.F.,(2,2),(283.5,300.0000006),.PIECEWISE_BEZIER_KNOTS.);
#17188 = CARTESIAN_POINT('',(2.690565842727,283.5));
#17189 = CARTESIAN_POINT('',(2.690565842727,300.0000006));
#17190 = ( GEOMETRIC_REPRESENTATION_CONTEXT(2) 
PARAMETRIC_REPRESENTATION_CONTEXT() REPRESENTATION_CONTEXT('2D SPACE',''
  ) );
#17191 = ADVANCED_FACE('',(#17192),#15215,.F.);
#17192 = FACE_BOUND('',#17193,.F.);
#17193 = EDGE_LOOP('',(#17194,#17218,#17240,#17241,#17242,#17243,#17244,
    #17245,#17246,#17247,#17248,#17249,#17250,#17251,#17252));
#17194 = ORIENTED_EDGE('',*,*,#17195,.T.);
#17195 = EDGE_CURVE('',#14762,#17196,#17198,.T.);
#17196 = VERTEX_POINT('',#17197);
#17197 = CARTESIAN_POINT('',(-32.77499074759,-19.5,150.));
#17198 = SURFACE_CURVE('',#17199,(#17204,#17211),.PCURVE_S1.);
#17199 = CIRCLE('',#17200,1.);
#17200 = AXIS2_PLACEMENT_3D('',#17201,#17202,#17203);
#17201 = CARTESIAN_POINT('',(-33.77499074759,-19.5,150.));
#17202 = DIRECTION('',(0.,0.,1.));
#17203 = DIRECTION('',(1.,0.,-0.));
#17204 = PCURVE('',#15215,#17205);
#17205 = DEFINITIONAL_REPRESENTATION('',(#17206),#17210);
#17206 = CIRCLE('',#17207,1.);
#17207 = AXIS2_PLACEMENT_2D('',#17208,#17209);
#17208 = CARTESIAN_POINT('',(0.,0.));
#17209 = DIRECTION('',(1.,0.));
#17210 = ( GEOMETRIC_REPRESENTATION_CONTEXT(2) 
PARAMETRIC_REPRESENTATION_CONTEXT() REPRESENTATION_CONTEXT('2D SPACE',''
  ) );
#17211 = PCURVE('',#15546,#17212);
#17212 = DEFINITIONAL_REPRESENTATION('',(#17213),#17217);
#17213 = LINE('',#17214,#17215);
#17214 = CARTESIAN_POINT('',(0.,300.));
#17215 = VECTOR('',#17216,1.);
#17216 = DIRECTION('',(1.,0.));
#17217 = ( GEOMETRIC_REPRESENTATION_CONTEXT(2) 
PARAMETRIC_REPRESENTATION_CONTEXT() REPRESENTATION_CONTEXT('2D SPACE',''
  ) );
#17218 = ORIENTED_EDGE('',*,*,#17219,.T.);
#17219 = EDGE_CURVE('',#17196,#14760,#17220,.T.);
#17220 = SURFACE_CURVE('',#17221,(#17226,#17233),.PCURVE_S1.);
#17221 = CIRCLE('',#17222,1.);
#17222 = AXIS2_PLACEMENT_3D('',#17223,#17224,#17225);
#17223 = CARTESIAN_POINT('',(-33.77499074759,-19.5,150.));
#17224 = DIRECTION('',(0.,0.,1.));
#17225 = DIRECTION('',(1.,0.,-0.));
#17226 = PCURVE('',#15215,#17227);
#17227 = DEFINITIONAL_REPRESENTATION('',(#17228),#17232);
#17228 = CIRCLE('',#17229,1.);
#17229 = AXIS2_PLACEMENT_2D('',#17230,#17231);
#17230 = CARTESIAN_POINT('',(0.,0.));
#17231 = DIRECTION('',(1.,0.));
#17232 = ( GEOMETRIC_REPRESENTATION_CONTEXT(2) 
PARAMETRIC_REPRESENTATION_CONTEXT() REPRESENTATION_CONTEXT('2D SPACE',''
  ) );
#17233 = PCURVE('',#17181,#17234);
#17234 = DEFINITIONAL_REPRESENTATION('',(#17235),#17239);
#17235 = LINE('',#17236,#17237);
#17236 = CARTESIAN_POINT('',(0.,300.));
#17237 = VECTOR('',#17238,1.);
#17238 = DIRECTION('',(1.,0.));
#17239 = ( GEOMETRIC_REPRESENTATION_CONTEXT(2) 
PARAMETRIC_REPRESENTATION_CONTEXT() REPRESENTATION_CONTEXT('2D SPACE',''
  ) );
#17240 = ORIENTED_EDGE('',*,*,#15227,.T.);
#17241 = ORIENTED_EDGE('',*,*,#15197,.T.);
#17242 = ORIENTED_EDGE('',*,*,#15479,.T.);
#17243 = ORIENTED_EDGE('',*,*,#15456,.T.);
#17244 = ORIENTED_EDGE('',*,*,#15433,.T.);
#17245 = ORIENTED_EDGE('',*,*,#15410,.T.);
#17246 = ORIENTED_EDGE('',*,*,#15387,.T.);
#17247 = ORIENTED_EDGE('',*,*,#15364,.T.);
#17248 = ORIENTED_EDGE('',*,*,#15341,.T.);
#17249 = ORIENTED_EDGE('',*,*,#15318,.T.);
#17250 = ORIENTED_EDGE('',*,*,#15295,.T.);
#17251 = ORIENTED_EDGE('',*,*,#15272,.T.);
#17252 = ORIENTED_EDGE('',*,*,#15249,.T.);
#17253 = ADVANCED_FACE('',(#17254),#15521,.F.);
#17254 = FACE_BOUND('',#17255,.F.);
#17255 = EDGE_LOOP('',(#17256,#17280,#17281,#17305,#17327,#17328,#17352,
    #17374,#17375,#17397,#17398,#17420,#17421,#17442,#17468,#17487,
    #17488));
#17256 = ORIENTED_EDGE('',*,*,#17257,.F.);
#17257 = EDGE_CURVE('',#17119,#17258,#17260,.T.);
#17258 = VERTEX_POINT('',#17259);
#17259 = CARTESIAN_POINT('',(-32.77499074759,19.5,135.));
#17260 = SURFACE_CURVE('',#17261,(#17266,#17273),.PCURVE_S1.);
#17261 = CIRCLE('',#17262,1.);
#17262 = AXIS2_PLACEMENT_3D('',#17263,#17264,#17265);
#17263 = CARTESIAN_POINT('',(-33.77499074759,19.5,135.));
#17264 = DIRECTION('',(0.,0.,1.));
#17265 = DIRECTION('',(1.,0.,-0.));
#17266 = PCURVE('',#15521,#17267);
#17267 = DEFINITIONAL_REPRESENTATION('',(#17268),#17272);
#17268 = CIRCLE('',#17269,1.);
#17269 = AXIS2_PLACEMENT_2D('',#17270,#17271);
#17270 = CARTESIAN_POINT('',(18.809280897386,33.774990747593));
#17271 = DIRECTION('',(0.,-1.));
#17272 = ( GEOMETRIC_REPRESENTATION_CONTEXT(2) 
PARAMETRIC_REPRESENTATION_CONTEXT() REPRESENTATION_CONTEXT('2D SPACE',''
  ) );
#17273 = PCURVE('',#17156,#17274);
#17274 = DEFINITIONAL_REPRESENTATION('',(#17275),#17279);
#17275 = LINE('',#17276,#17277);
#17276 = CARTESIAN_POINT('',(0.,285.));
#17277 = VECTOR('',#17278,1.);
#17278 = DIRECTION('',(1.,0.));
#17279 = ( GEOMETRIC_REPRESENTATION_CONTEXT(2) 
PARAMETRIC_REPRESENTATION_CONTEXT() REPRESENTATION_CONTEXT('2D SPACE',''
  ) );
#17280 = ORIENTED_EDGE('',*,*,#17118,.T.);
#17281 = ORIENTED_EDGE('',*,*,#17282,.F.);
#17282 = EDGE_CURVE('',#17283,#17121,#17285,.T.);
#17283 = VERTEX_POINT('',#17284);
#17284 = CARTESIAN_POINT('',(-32.77499074759,-19.5,135.));
#17285 = SURFACE_CURVE('',#17286,(#17291,#17298),.PCURVE_S1.);
#17286 = CIRCLE('',#17287,1.);
#17287 = AXIS2_PLACEMENT_3D('',#17288,#17289,#17290);
#17288 = CARTESIAN_POINT('',(-33.77499074759,-19.5,135.));
#17289 = DIRECTION('',(0.,0.,1.));
#17290 = DIRECTION('',(1.,0.,-0.));
#17291 = PCURVE('',#15521,#17292);
#17292 = DEFINITIONAL_REPRESENTATION('',(#17293),#17297);
#17293 = CIRCLE('',#17294,1.);
#17294 = AXIS2_PLACEMENT_2D('',#17295,#17296);
#17295 = CARTESIAN_POINT('',(-20.19071910261,33.774990747593));
#17296 = DIRECTION('',(0.,-1.));
#17297 = ( GEOMETRIC_REPRESENTATION_CONTEXT(2) 
PARAMETRIC_REPRESENTATION_CONTEXT() REPRESENTATION_CONTEXT('2D SPACE',''
  ) );
#17298 = PCURVE('',#17181,#17299);
#17299 = DEFINITIONAL_REPRESENTATION('',(#17300),#17304);
#17300 = LINE('',#17301,#17302);
#17301 = CARTESIAN_POINT('',(0.,285.));
#17302 = VECTOR('',#17303,1.);
#17303 = DIRECTION('',(1.,0.));
#17304 = ( GEOMETRIC_REPRESENTATION_CONTEXT(2) 
PARAMETRIC_REPRESENTATION_CONTEXT() REPRESENTATION_CONTEXT('2D SPACE',''
  ) );
#17305 = ORIENTED_EDGE('',*,*,#17306,.F.);
#17306 = EDGE_CURVE('',#15504,#17283,#17307,.T.);
#17307 = SURFACE_CURVE('',#17308,(#17313,#17320),.PCURVE_S1.);
#17308 = CIRCLE('',#17309,1.);
#17309 = AXIS2_PLACEMENT_3D('',#17310,#17311,#17312);
#17310 = CARTESIAN_POINT('',(-33.77499074759,-19.5,135.));
#17311 = DIRECTION('',(0.,0.,1.));
#17312 = DIRECTION('',(1.,0.,-0.));
#17313 = PCURVE('',#15521,#17314);
#17314 = DEFINITIONAL_REPRESENTATION('',(#17315),#17319);
#17315 = CIRCLE('',#17316,1.);
#17316 = AXIS2_PLACEMENT_2D('',#17317,#17318);
#17317 = CARTESIAN_POINT('',(-20.19071910261,33.774990747593));
#17318 = DIRECTION('',(0.,-1.));
#17319 = ( GEOMETRIC_REPRESENTATION_CONTEXT(2) 
PARAMETRIC_REPRESENTATION_CONTEXT() REPRESENTATION_CONTEXT('2D SPACE',''
  ) );
#17320 = PCURVE('',#15546,#17321);
#17321 = DEFINITIONAL_REPRESENTATION('',(#17322),#17326);
#17322 = LINE('',#17323,#17324);
#17323 = CARTESIAN_POINT('',(0.,285.));
#17324 = VECTOR('',#17325,1.);
#17325 = DIRECTION('',(1.,0.));
#17326 = ( GEOMETRIC_REPRESENTATION_CONTEXT(2) 
PARAMETRIC_REPRESENTATION_CONTEXT() REPRESENTATION_CONTEXT('2D SPACE',''
  ) );
#17327 = ORIENTED_EDGE('',*,*,#15503,.T.);
#17328 = ORIENTED_EDGE('',*,*,#17329,.F.);
#17329 = EDGE_CURVE('',#17330,#15506,#17332,.T.);
#17330 = VERTEX_POINT('',#17331);
#17331 = CARTESIAN_POINT('',(1.,-39.,135.));
#17332 = SURFACE_CURVE('',#17333,(#17338,#17345),.PCURVE_S1.);
#17333 = CIRCLE('',#17334,1.);
#17334 = AXIS2_PLACEMENT_3D('',#17335,#17336,#17337);
#17335 = CARTESIAN_POINT('',(-7.164183775012E-15,-39.,135.));
#17336 = DIRECTION('',(0.,0.,1.));
#17337 = DIRECTION('',(1.,0.,-0.));
#17338 = PCURVE('',#15521,#17339);
#17339 = DEFINITIONAL_REPRESENTATION('',(#17340),#17344);
#17340 = CIRCLE('',#17341,1.);
#17341 = AXIS2_PLACEMENT_2D('',#17342,#17343);
#17342 = CARTESIAN_POINT('',(-39.69071910261,8.105892811141E-15));
#17343 = DIRECTION('',(0.,-1.));
#17344 = ( GEOMETRIC_REPRESENTATION_CONTEXT(2) 
PARAMETRIC_REPRESENTATION_CONTEXT() REPRESENTATION_CONTEXT('2D SPACE',''
  ) );
#17345 = PCURVE('',#15571,#17346);
#17346 = DEFINITIONAL_REPRESENTATION('',(#17347),#17351);
#17347 = LINE('',#17348,#17349);
#17348 = CARTESIAN_POINT('',(0.,285.));
#17349 = VECTOR('',#17350,1.);
#17350 = DIRECTION('',(1.,0.));
#17351 = ( GEOMETRIC_REPRESENTATION_CONTEXT(2) 
PARAMETRIC_REPRESENTATION_CONTEXT() REPRESENTATION_CONTEXT('2D SPACE',''
  ) );
#17352 = ORIENTED_EDGE('',*,*,#17353,.F.);
#17353 = EDGE_CURVE('',#15869,#17330,#17354,.T.);
#17354 = SURFACE_CURVE('',#17355,(#17360,#17367),.PCURVE_S1.);
#17355 = CIRCLE('',#17356,1.);
#17356 = AXIS2_PLACEMENT_3D('',#17357,#17358,#17359);
#17357 = CARTESIAN_POINT('',(-7.164183775012E-15,-39.,135.));
#17358 = DIRECTION('',(0.,0.,1.));
#17359 = DIRECTION('',(1.,0.,-0.));
#17360 = PCURVE('',#15521,#17361);
#17361 = DEFINITIONAL_REPRESENTATION('',(#17362),#17366);
#17362 = CIRCLE('',#17363,1.);
#17363 = AXIS2_PLACEMENT_2D('',#17364,#17365);
#17364 = CARTESIAN_POINT('',(-39.69071910261,8.105892811141E-15));
#17365 = DIRECTION('',(0.,-1.));
#17366 = ( GEOMETRIC_REPRESENTATION_CONTEXT(2) 
PARAMETRIC_REPRESENTATION_CONTEXT() REPRESENTATION_CONTEXT('2D SPACE',''
  ) );
#17367 = PCURVE('',#15906,#17368);
#17368 = DEFINITIONAL_REPRESENTATION('',(#17369),#17373);
#17369 = LINE('',#17370,#17371);
#17370 = CARTESIAN_POINT('',(0.,285.));
#17371 = VECTOR('',#17372,1.);
#17372 = DIRECTION('',(1.,0.));
#17373 = ( GEOMETRIC_REPRESENTATION_CONTEXT(2) 
PARAMETRIC_REPRESENTATION_CONTEXT() REPRESENTATION_CONTEXT('2D SPACE',''
  ) );
#17374 = ORIENTED_EDGE('',*,*,#15868,.T.);
#17375 = ORIENTED_EDGE('',*,*,#17376,.F.);
#17376 = EDGE_CURVE('',#16253,#15871,#17377,.T.);
#17377 = SURFACE_CURVE('',#17378,(#17383,#17390),.PCURVE_S1.);
#17378 = CIRCLE('',#17379,1.);
#17379 = AXIS2_PLACEMENT_3D('',#17380,#17381,#17382);
#17380 = CARTESIAN_POINT('',(33.774990747593,-19.5,135.));
#17381 = DIRECTION('',(0.,0.,1.));
#17382 = DIRECTION('',(1.,0.,-0.));
#17383 = PCURVE('',#15521,#17384);
#17384 = DEFINITIONAL_REPRESENTATION('',(#17385),#17389);
#17385 = CIRCLE('',#17386,1.);
#17386 = AXIS2_PLACEMENT_2D('',#17387,#17388);
#17387 = CARTESIAN_POINT('',(-20.19071910261,-33.77499074759));
#17388 = DIRECTION('',(0.,-1.));
#17389 = ( GEOMETRIC_REPRESENTATION_CONTEXT(2) 
PARAMETRIC_REPRESENTATION_CONTEXT() REPRESENTATION_CONTEXT('2D SPACE',''
  ) );
#17390 = PCURVE('',#15931,#17391);
#17391 = DEFINITIONAL_REPRESENTATION('',(#17392),#17396);
#17392 = LINE('',#17393,#17394);
#17393 = CARTESIAN_POINT('',(0.,285.));
#17394 = VECTOR('',#17395,1.);
#17395 = DIRECTION('',(1.,0.));
#17396 = ( GEOMETRIC_REPRESENTATION_CONTEXT(2) 
PARAMETRIC_REPRESENTATION_CONTEXT() REPRESENTATION_CONTEXT('2D SPACE',''
  ) );
#17397 = ORIENTED_EDGE('',*,*,#16252,.T.);
#17398 = ORIENTED_EDGE('',*,*,#17399,.F.);
#17399 = EDGE_CURVE('',#16609,#16255,#17400,.T.);
#17400 = SURFACE_CURVE('',#17401,(#17406,#17413),.PCURVE_S1.);
#17401 = CIRCLE('',#17402,1.);
#17402 = AXIS2_PLACEMENT_3D('',#17403,#17404,#17405);
#17403 = CARTESIAN_POINT('',(33.774990747593,19.5,135.));
#17404 = DIRECTION('',(0.,0.,1.));
#17405 = DIRECTION('',(1.,0.,-0.));
#17406 = PCURVE('',#15521,#17407);
#17407 = DEFINITIONAL_REPRESENTATION('',(#17408),#17412);
#17408 = CIRCLE('',#17409,1.);
#17409 = AXIS2_PLACEMENT_2D('',#17410,#17411);
#17410 = CARTESIAN_POINT('',(18.809280897386,-33.77499074759));
#17411 = DIRECTION('',(0.,-1.));
#17412 = ( GEOMETRIC_REPRESENTATION_CONTEXT(2) 
PARAMETRIC_REPRESENTATION_CONTEXT() REPRESENTATION_CONTEXT('2D SPACE',''
  ) );
#17413 = PCURVE('',#16310,#17414);
#17414 = DEFINITIONAL_REPRESENTATION('',(#17415),#17419);
#17415 = LINE('',#17416,#17417);
#17416 = CARTESIAN_POINT('',(0.,285.));
#17417 = VECTOR('',#17418,1.);
#17418 = DIRECTION('',(1.,0.));
#17419 = ( GEOMETRIC_REPRESENTATION_CONTEXT(2) 
PARAMETRIC_REPRESENTATION_CONTEXT() REPRESENTATION_CONTEXT('2D SPACE',''
  ) );
#17420 = ORIENTED_EDGE('',*,*,#16608,.T.);
#17421 = ORIENTED_EDGE('',*,*,#17422,.F.);
#17422 = EDGE_CURVE('',#17423,#16611,#17425,.T.);
#17423 = VERTEX_POINT('',#17424);
#17424 = CARTESIAN_POINT('',(6.,38.5,135.));
#17425 = SURFACE_CURVE('',#17426,(#17430,#17436),.PCURVE_S1.);
#17426 = LINE('',#17427,#17428);
#17427 = CARTESIAN_POINT('',(6.,20.345359551307,135.));
#17428 = VECTOR('',#17429,1.);
#17429 = DIRECTION('',(-0.,1.,-6.952465101463E-31));
#17430 = PCURVE('',#15521,#17431);
#17431 = DEFINITIONAL_REPRESENTATION('',(#17432),#17435);
#17432 = B_SPLINE_CURVE_WITH_KNOTS('',1,(#17433,#17434),.UNSPECIFIED.,
  .F.,.F.,(2,2),(18.154640448693,19.554640448693),
  .PIECEWISE_BEZIER_KNOTS.);
#17433 = CARTESIAN_POINT('',(37.809280897386,-6.));
#17434 = CARTESIAN_POINT('',(39.209280897386,-6.));
#17435 = ( GEOMETRIC_REPRESENTATION_CONTEXT(2) 
PARAMETRIC_REPRESENTATION_CONTEXT() REPRESENTATION_CONTEXT('2D SPACE',''
  ) );
#17436 = PCURVE('',#16666,#17437);
#17437 = DEFINITIONAL_REPRESENTATION('',(#17438),#17441);
#17438 = B_SPLINE_CURVE_WITH_KNOTS('',1,(#17439,#17440),.UNSPECIFIED.,
  .F.,.F.,(2,2),(18.154640448693,19.554640448693),
  .PIECEWISE_BEZIER_KNOTS.);
#17439 = CARTESIAN_POINT('',(1.5,-285.));
#17440 = CARTESIAN_POINT('',(0.1,-285.));
#17441 = ( GEOMETRIC_REPRESENTATION_CONTEXT(2) 
PARAMETRIC_REPRESENTATION_CONTEXT() REPRESENTATION_CONTEXT('2D SPACE',''
  ) );
#17442 = ORIENTED_EDGE('',*,*,#17443,.F.);
#17443 = EDGE_CURVE('',#17444,#17423,#17446,.T.);
#17444 = VERTEX_POINT('',#17445);
#17445 = CARTESIAN_POINT('',(-6.,38.5,135.));
#17446 = SURFACE_CURVE('',#17447,(#17451,#17457),.PCURVE_S1.);
#17447 = LINE('',#17448,#17449);
#17448 = CARTESIAN_POINT('',(3.,38.5,135.));
#17449 = VECTOR('',#17450,1.);
#17450 = DIRECTION('',(1.,0.,-8.287608206104E-48));
#17451 = PCURVE('',#15521,#17452);
#17452 = DEFINITIONAL_REPRESENTATION('',(#17453),#17456);
#17453 = B_SPLINE_CURVE_WITH_KNOTS('',1,(#17454,#17455),.UNSPECIFIED.,
  .F.,.F.,(2,2),(-9.,3.),.PIECEWISE_BEZIER_KNOTS.);
#17454 = CARTESIAN_POINT('',(37.809280897386,6.));
#17455 = CARTESIAN_POINT('',(37.809280897386,-6.));
#17456 = ( GEOMETRIC_REPRESENTATION_CONTEXT(2) 
PARAMETRIC_REPRESENTATION_CONTEXT() REPRESENTATION_CONTEXT('2D SPACE',''
  ) );
#17457 = PCURVE('',#17458,#17463);
#17458 = PLANE('',#17459);
#17459 = AXIS2_PLACEMENT_3D('',#17460,#17461,#17462);
#17460 = CARTESIAN_POINT('',(6.,38.5,-150.));
#17461 = DIRECTION('',(0.,-1.,0.));
#17462 = DIRECTION('',(-1.,0.,0.));
#17463 = DEFINITIONAL_REPRESENTATION('',(#17464),#17467);
#17464 = B_SPLINE_CURVE_WITH_KNOTS('',1,(#17465,#17466),.UNSPECIFIED.,
  .F.,.F.,(2,2),(-9.,3.),.PIECEWISE_BEZIER_KNOTS.);
#17465 = CARTESIAN_POINT('',(12.,-285.));
#17466 = CARTESIAN_POINT('',(0.,-285.));
#17467 = ( GEOMETRIC_REPRESENTATION_CONTEXT(2) 
PARAMETRIC_REPRESENTATION_CONTEXT() REPRESENTATION_CONTEXT('2D SPACE',''
  ) );
#17468 = ORIENTED_EDGE('',*,*,#17469,.F.);
#17469 = EDGE_CURVE('',#16759,#17444,#17470,.T.);
#17470 = SURFACE_CURVE('',#17471,(#17475,#17481),.PCURVE_S1.);
#17471 = LINE('',#17472,#17473);
#17472 = CARTESIAN_POINT('',(-6.,19.595359551307,135.));
#17473 = VECTOR('',#17474,1.);
#17474 = DIRECTION('',(0.,-1.,6.952465101463E-31));
#17475 = PCURVE('',#15521,#17476);
#17476 = DEFINITIONAL_REPRESENTATION('',(#17477),#17480);
#17477 = B_SPLINE_CURVE_WITH_KNOTS('',1,(#17478,#17479),.UNSPECIFIED.,
  .F.,.F.,(2,2),(-20.30464044869,-18.90464044869),
  .PIECEWISE_BEZIER_KNOTS.);
#17478 = CARTESIAN_POINT('',(39.209280897386,6.));
#17479 = CARTESIAN_POINT('',(37.809280897386,6.));
#17480 = ( GEOMETRIC_REPRESENTATION_CONTEXT(2) 
PARAMETRIC_REPRESENTATION_CONTEXT() REPRESENTATION_CONTEXT('2D SPACE',''
  ) );
#17481 = PCURVE('',#16796,#17482);
#17482 = DEFINITIONAL_REPRESENTATION('',(#17483),#17486);
#17483 = B_SPLINE_CURVE_WITH_KNOTS('',1,(#17484,#17485),.UNSPECIFIED.,
  .F.,.F.,(2,2),(-20.30464044869,-18.90464044869),
  .PIECEWISE_BEZIER_KNOTS.);
#17484 = CARTESIAN_POINT('',(1.4,-285.));
#17485 = CARTESIAN_POINT('',(0.,-285.));
#17486 = ( GEOMETRIC_REPRESENTATION_CONTEXT(2) 
PARAMETRIC_REPRESENTATION_CONTEXT() REPRESENTATION_CONTEXT('2D SPACE',''
  ) );
#17487 = ORIENTED_EDGE('',*,*,#16758,.T.);
#17488 = ORIENTED_EDGE('',*,*,#17489,.F.);
#17489 = EDGE_CURVE('',#17258,#16761,#17490,.T.);
#17490 = SURFACE_CURVE('',#17491,(#17496,#17503),.PCURVE_S1.);
#17491 = CIRCLE('',#17492,1.);
#17492 = AXIS2_PLACEMENT_3D('',#17493,#17494,#17495);
#17493 = CARTESIAN_POINT('',(-33.77499074759,19.5,135.));
#17494 = DIRECTION('',(0.,0.,1.));
#17495 = DIRECTION('',(1.,0.,-0.));
#17496 = PCURVE('',#15521,#17497);
#17497 = DEFINITIONAL_REPRESENTATION('',(#17498),#17502);
#17498 = CIRCLE('',#17499,1.);
#17499 = AXIS2_PLACEMENT_2D('',#17500,#17501);
#17500 = CARTESIAN_POINT('',(18.809280897386,33.774990747593));
#17501 = DIRECTION('',(0.,-1.));
#17502 = ( GEOMETRIC_REPRESENTATION_CONTEXT(2) 
PARAMETRIC_REPRESENTATION_CONTEXT() REPRESENTATION_CONTEXT('2D SPACE',''
  ) );
#17503 = PCURVE('',#16821,#17504);
#17504 = DEFINITIONAL_REPRESENTATION('',(#17505),#17509);
#17505 = LINE('',#17506,#17507);
#17506 = CARTESIAN_POINT('',(0.,285.));
#17507 = VECTOR('',#17508,1.);
#17508 = DIRECTION('',(1.,0.));
#17509 = ( GEOMETRIC_REPRESENTATION_CONTEXT(2) 
PARAMETRIC_REPRESENTATION_CONTEXT() REPRESENTATION_CONTEXT('2D SPACE',''
  ) );
#17510 = ADVANCED_FACE('',(#17511),#15571,.F.);
#17511 = FACE_BOUND('',#17512,.F.);
#17512 = EDGE_LOOP('',(#17513,#17537,#17558,#17559));
#17513 = ORIENTED_EDGE('',*,*,#17514,.F.);
#17514 = EDGE_CURVE('',#17515,#15140,#17517,.T.);
#17515 = VERTEX_POINT('',#17516);
#17516 = CARTESIAN_POINT('',(1.,-39.,150.));
#17517 = SURFACE_CURVE('',#17518,(#17523,#17530),.PCURVE_S1.);
#17518 = CIRCLE('',#17519,1.);
#17519 = AXIS2_PLACEMENT_3D('',#17520,#17521,#17522);
#17520 = CARTESIAN_POINT('',(-7.164183775012E-15,-39.,150.));
#17521 = DIRECTION('',(0.,0.,1.));
#17522 = DIRECTION('',(1.,0.,-0.));
#17523 = PCURVE('',#15571,#17524);
#17524 = DEFINITIONAL_REPRESENTATION('',(#17525),#17529);
#17525 = LINE('',#17526,#17527);
#17526 = CARTESIAN_POINT('',(0.,300.));
#17527 = VECTOR('',#17528,1.);
#17528 = DIRECTION('',(1.,0.));
#17529 = ( GEOMETRIC_REPRESENTATION_CONTEXT(2) 
PARAMETRIC_REPRESENTATION_CONTEXT() REPRESENTATION_CONTEXT('2D SPACE',''
  ) );
#17530 = PCURVE('',#15601,#17531);
#17531 = DEFINITIONAL_REPRESENTATION('',(#17532),#17536);
#17532 = CIRCLE('',#17533,1.);
#17533 = AXIS2_PLACEMENT_2D('',#17534,#17535);
#17534 = CARTESIAN_POINT('',(0.,0.));
#17535 = DIRECTION('',(1.,0.));
#17536 = ( GEOMETRIC_REPRESENTATION_CONTEXT(2) 
PARAMETRIC_REPRESENTATION_CONTEXT() REPRESENTATION_CONTEXT('2D SPACE',''
  ) );
#17537 = ORIENTED_EDGE('',*,*,#17538,.F.);
#17538 = EDGE_CURVE('',#17330,#17515,#17539,.T.);
#17539 = SURFACE_CURVE('',#17540,(#17544,#17551),.PCURVE_S1.);
#17540 = LINE('',#17541,#17542);
#17541 = CARTESIAN_POINT('',(1.,-39.,-150.));
#17542 = VECTOR('',#17543,1.);
#17543 = DIRECTION('',(0.,0.,1.));
#17544 = PCURVE('',#15571,#17545);
#17545 = DEFINITIONAL_REPRESENTATION('',(#17546),#17550);
#17546 = LINE('',#17547,#17548);
#17547 = CARTESIAN_POINT('',(0.,-0.));
#17548 = VECTOR('',#17549,1.);
#17549 = DIRECTION('',(0.,1.));
#17550 = ( GEOMETRIC_REPRESENTATION_CONTEXT(2) 
PARAMETRIC_REPRESENTATION_CONTEXT() REPRESENTATION_CONTEXT('2D SPACE',''
  ) );
#17551 = PCURVE('',#15906,#17552);
#17552 = DEFINITIONAL_REPRESENTATION('',(#17553),#17557);
#17553 = LINE('',#17554,#17555);
#17554 = CARTESIAN_POINT('',(6.28318530718,-0.));
#17555 = VECTOR('',#17556,1.);
#17556 = DIRECTION('',(0.,1.));
#17557 = ( GEOMETRIC_REPRESENTATION_CONTEXT(2) 
PARAMETRIC_REPRESENTATION_CONTEXT() REPRESENTATION_CONTEXT('2D SPACE',''
  ) );
#17558 = ORIENTED_EDGE('',*,*,#17329,.T.);
#17559 = ORIENTED_EDGE('',*,*,#15558,.T.);
#17560 = ADVANCED_FACE('',(#17561),#15546,.F.);
#17561 = FACE_BOUND('',#17562,.F.);
#17562 = EDGE_LOOP('',(#17563,#17584,#17585,#17586));
#17563 = ORIENTED_EDGE('',*,*,#17564,.T.);
#17564 = EDGE_CURVE('',#17283,#17196,#17565,.T.);
#17565 = SURFACE_CURVE('',#17566,(#17570,#17577),.PCURVE_S1.);
#17566 = LINE('',#17567,#17568);
#17567 = CARTESIAN_POINT('',(-32.77499074759,-19.5,-150.));
#17568 = VECTOR('',#17569,1.);
#17569 = DIRECTION('',(0.,0.,1.));
#17570 = PCURVE('',#15546,#17571);
#17571 = DEFINITIONAL_REPRESENTATION('',(#17572),#17576);
#17572 = LINE('',#17573,#17574);
#17573 = CARTESIAN_POINT('',(6.28318530718,-0.));
#17574 = VECTOR('',#17575,1.);
#17575 = DIRECTION('',(0.,1.));
#17576 = ( GEOMETRIC_REPRESENTATION_CONTEXT(2) 
PARAMETRIC_REPRESENTATION_CONTEXT() REPRESENTATION_CONTEXT('2D SPACE',''
  ) );
#17577 = PCURVE('',#17181,#17578);
#17578 = DEFINITIONAL_REPRESENTATION('',(#17579),#17583);
#17579 = LINE('',#17580,#17581);
#17580 = CARTESIAN_POINT('',(0.,-0.));
#17581 = VECTOR('',#17582,1.);
#17582 = DIRECTION('',(0.,1.));
#17583 = ( GEOMETRIC_REPRESENTATION_CONTEXT(2) 
PARAMETRIC_REPRESENTATION_CONTEXT() REPRESENTATION_CONTEXT('2D SPACE',''
  ) );
#17584 = ORIENTED_EDGE('',*,*,#17195,.F.);
#17585 = ORIENTED_EDGE('',*,*,#15533,.F.);
#17586 = ORIENTED_EDGE('',*,*,#17306,.T.);
#17587 = ADVANCED_FACE('',(#17588),#15601,.F.);
#17588 = FACE_BOUND('',#17589,.F.);
#17589 = EDGE_LOOP('',(#17590,#17612,#17613,#17614,#17615,#17616,#17617,
    #17618,#17619,#17620,#17621,#17622,#17623,#17624));
#17590 = ORIENTED_EDGE('',*,*,#17591,.T.);
#17591 = EDGE_CURVE('',#15112,#17515,#17592,.T.);
#17592 = SURFACE_CURVE('',#17593,(#17598,#17605),.PCURVE_S1.);
#17593 = CIRCLE('',#17594,1.);
#17594 = AXIS2_PLACEMENT_3D('',#17595,#17596,#17597);
#17595 = CARTESIAN_POINT('',(-7.164183775012E-15,-39.,150.));
#17596 = DIRECTION('',(0.,0.,1.));
#17597 = DIRECTION('',(1.,0.,-0.));
#17598 = PCURVE('',#15601,#17599);
#17599 = DEFINITIONAL_REPRESENTATION('',(#17600),#17604);
#17600 = CIRCLE('',#17601,1.);
#17601 = AXIS2_PLACEMENT_2D('',#17602,#17603);
#17602 = CARTESIAN_POINT('',(0.,0.));
#17603 = DIRECTION('',(1.,0.));
#17604 = ( GEOMETRIC_REPRESENTATION_CONTEXT(2) 
PARAMETRIC_REPRESENTATION_CONTEXT() REPRESENTATION_CONTEXT('2D SPACE',''
  ) );
#17605 = PCURVE('',#15906,#17606);
#17606 = DEFINITIONAL_REPRESENTATION('',(#17607),#17611);
#17607 = LINE('',#17608,#17609);
#17608 = CARTESIAN_POINT('',(0.,300.));
#17609 = VECTOR('',#17610,1.);
#17610 = DIRECTION('',(1.,0.));
#17611 = ( GEOMETRIC_REPRESENTATION_CONTEXT(2) 
PARAMETRIC_REPRESENTATION_CONTEXT() REPRESENTATION_CONTEXT('2D SPACE',''
  ) );
#17612 = ORIENTED_EDGE('',*,*,#17514,.T.);
#17613 = ORIENTED_EDGE('',*,*,#15585,.T.);
#17614 = ORIENTED_EDGE('',*,*,#15844,.T.);
#17615 = ORIENTED_EDGE('',*,*,#15821,.T.);
#17616 = ORIENTED_EDGE('',*,*,#15798,.T.);
#17617 = ORIENTED_EDGE('',*,*,#15775,.T.);
#17618 = ORIENTED_EDGE('',*,*,#15752,.T.);
#17619 = ORIENTED_EDGE('',*,*,#15729,.T.);
#17620 = ORIENTED_EDGE('',*,*,#15706,.T.);
#17621 = ORIENTED_EDGE('',*,*,#15683,.T.);
#17622 = ORIENTED_EDGE('',*,*,#15660,.T.);
#17623 = ORIENTED_EDGE('',*,*,#15637,.T.);
#17624 = ORIENTED_EDGE('',*,*,#15614,.T.);
#17625 = ADVANCED_FACE('',(#17626),#15931,.F.);
#17626 = FACE_BOUND('',#17627,.F.);
#17627 = EDGE_LOOP('',(#17628,#17650,#17651,#17652));
#17628 = ORIENTED_EDGE('',*,*,#17629,.F.);
#17629 = EDGE_CURVE('',#15031,#15088,#17630,.T.);
#17630 = SURFACE_CURVE('',#17631,(#17636,#17643),.PCURVE_S1.);
#17631 = CIRCLE('',#17632,1.);
#17632 = AXIS2_PLACEMENT_3D('',#17633,#17634,#17635);
#17633 = CARTESIAN_POINT('',(33.774990747593,-19.5,150.));
#17634 = DIRECTION('',(0.,0.,1.));
#17635 = DIRECTION('',(1.,0.,-0.));
#17636 = PCURVE('',#15931,#17637);
#17637 = DEFINITIONAL_REPRESENTATION('',(#17638),#17642);
#17638 = LINE('',#17639,#17640);
#17639 = CARTESIAN_POINT('',(0.,300.));
#17640 = VECTOR('',#17641,1.);
#17641 = DIRECTION('',(1.,0.));
#17642 = ( GEOMETRIC_REPRESENTATION_CONTEXT(2) 
PARAMETRIC_REPRESENTATION_CONTEXT() REPRESENTATION_CONTEXT('2D SPACE',''
  ) );
#17643 = PCURVE('',#15961,#17644);
#17644 = DEFINITIONAL_REPRESENTATION('',(#17645),#17649);
#17645 = CIRCLE('',#17646,1.);
#17646 = AXIS2_PLACEMENT_2D('',#17647,#17648);
#17647 = CARTESIAN_POINT('',(0.,0.));
#17648 = DIRECTION('',(1.,0.));
#17649 = ( GEOMETRIC_REPRESENTATION_CONTEXT(2) 
PARAMETRIC_REPRESENTATION_CONTEXT() REPRESENTATION_CONTEXT('2D SPACE',''
  ) );
#17650 = ORIENTED_EDGE('',*,*,#16277,.F.);
#17651 = ORIENTED_EDGE('',*,*,#17376,.T.);
#17652 = ORIENTED_EDGE('',*,*,#15918,.T.);
#17653 = ADVANCED_FACE('',(#17654),#15906,.F.);
#17654 = FACE_BOUND('',#17655,.F.);
#17655 = EDGE_LOOP('',(#17656,#17657,#17658,#17659));
#17656 = ORIENTED_EDGE('',*,*,#17538,.T.);
#17657 = ORIENTED_EDGE('',*,*,#17591,.F.);
#17658 = ORIENTED_EDGE('',*,*,#15893,.F.);
#17659 = ORIENTED_EDGE('',*,*,#17353,.T.);
#17660 = ADVANCED_FACE('',(#17661),#15961,.F.);
#17661 = FACE_BOUND('',#17662,.F.);
#17662 = EDGE_LOOP('',(#17663,#17664,#17665,#17666,#17667,#17668,#17669,
    #17670,#17671,#17672,#17673,#17674,#17675,#17676));
#17663 = ORIENTED_EDGE('',*,*,#15975,.T.);
#17664 = ORIENTED_EDGE('',*,*,#17629,.T.);
#17665 = ORIENTED_EDGE('',*,*,#15945,.T.);
#17666 = ORIENTED_EDGE('',*,*,#16228,.T.);
#17667 = ORIENTED_EDGE('',*,*,#16205,.T.);
#17668 = ORIENTED_EDGE('',*,*,#16182,.T.);
#17669 = ORIENTED_EDGE('',*,*,#16159,.T.);
#17670 = ORIENTED_EDGE('',*,*,#16136,.T.);
#17671 = ORIENTED_EDGE('',*,*,#16113,.T.);
#17672 = ORIENTED_EDGE('',*,*,#16090,.T.);
#17673 = ORIENTED_EDGE('',*,*,#16067,.T.);
#17674 = ORIENTED_EDGE('',*,*,#16044,.T.);
#17675 = ORIENTED_EDGE('',*,*,#16021,.T.);
#17676 = ORIENTED_EDGE('',*,*,#15998,.T.);
#17677 = ADVANCED_FACE('',(#17678),#16310,.F.);
#17678 = FACE_BOUND('',#17679,.F.);
#17679 = EDGE_LOOP('',(#17680,#17702,#17703,#17704));
#17680 = ORIENTED_EDGE('',*,*,#17681,.F.);
#17681 = EDGE_CURVE('',#14950,#15007,#17682,.T.);
#17682 = SURFACE_CURVE('',#17683,(#17688,#17695),.PCURVE_S1.);
#17683 = CIRCLE('',#17684,1.);
#17684 = AXIS2_PLACEMENT_3D('',#17685,#17686,#17687);
#17685 = CARTESIAN_POINT('',(33.774990747593,19.5,150.));
#17686 = DIRECTION('',(0.,0.,1.));
#17687 = DIRECTION('',(1.,0.,-0.));
#17688 = PCURVE('',#16310,#17689);
#17689 = DEFINITIONAL_REPRESENTATION('',(#17690),#17694);
#17690 = LINE('',#17691,#17692);
#17691 = CARTESIAN_POINT('',(0.,300.));
#17692 = VECTOR('',#17693,1.);
#17693 = DIRECTION('',(1.,0.));
#17694 = ( GEOMETRIC_REPRESENTATION_CONTEXT(2) 
PARAMETRIC_REPRESENTATION_CONTEXT() REPRESENTATION_CONTEXT('2D SPACE',''
  ) );
#17695 = PCURVE('',#16341,#17696);
#17696 = DEFINITIONAL_REPRESENTATION('',(#17697),#17701);
#17697 = CIRCLE('',#17698,1.);
#17698 = AXIS2_PLACEMENT_2D('',#17699,#17700);
#17699 = CARTESIAN_POINT('',(0.,0.));
#17700 = DIRECTION('',(1.,0.));
#17701 = ( GEOMETRIC_REPRESENTATION_CONTEXT(2) 
PARAMETRIC_REPRESENTATION_CONTEXT() REPRESENTATION_CONTEXT('2D SPACE',''
  ) );
#17702 = ORIENTED_EDGE('',*,*,#16633,.F.);
#17703 = ORIENTED_EDGE('',*,*,#17399,.T.);
#17704 = ORIENTED_EDGE('',*,*,#16297,.T.);
#17705 = ADVANCED_FACE('',(#17706),#16341,.F.);
#17706 = FACE_BOUND('',#17707,.F.);
#17707 = EDGE_LOOP('',(#17708,#17709,#17710,#17711,#17712,#17713,#17714,
    #17715,#17716,#17717,#17718,#17719,#17720));
#17708 = ORIENTED_EDGE('',*,*,#16325,.T.);
#17709 = ORIENTED_EDGE('',*,*,#17681,.T.);
#17710 = ORIENTED_EDGE('',*,*,#16583,.T.);
#17711 = ORIENTED_EDGE('',*,*,#16560,.T.);
#17712 = ORIENTED_EDGE('',*,*,#16537,.T.);
#17713 = ORIENTED_EDGE('',*,*,#16514,.T.);
#17714 = ORIENTED_EDGE('',*,*,#16491,.T.);
#17715 = ORIENTED_EDGE('',*,*,#16468,.T.);
#17716 = ORIENTED_EDGE('',*,*,#16445,.T.);
#17717 = ORIENTED_EDGE('',*,*,#16422,.T.);
#17718 = ORIENTED_EDGE('',*,*,#16399,.T.);
#17719 = ORIENTED_EDGE('',*,*,#16376,.T.);
#17720 = ORIENTED_EDGE('',*,*,#16353,.T.);
#17721 = ADVANCED_FACE('',(#17722),#16666,.F.);
#17722 = FACE_BOUND('',#17723,.F.);
#17723 = EDGE_LOOP('',(#17724,#17725,#17748,#17769));
#17724 = ORIENTED_EDGE('',*,*,#16653,.T.);
#17725 = ORIENTED_EDGE('',*,*,#17726,.T.);
#17726 = EDGE_CURVE('',#14927,#17727,#17729,.T.);
#17727 = VERTEX_POINT('',#17728);
#17728 = CARTESIAN_POINT('',(6.,38.5,150.));
#17729 = SURFACE_CURVE('',#17730,(#17734,#17741),.PCURVE_S1.);
#17730 = LINE('',#17731,#17732);
#17731 = CARTESIAN_POINT('',(6.,40.,150.));
#17732 = VECTOR('',#17733,1.);
#17733 = DIRECTION('',(0.,-1.,0.));
#17734 = PCURVE('',#16666,#17735);
#17735 = DEFINITIONAL_REPRESENTATION('',(#17736),#17740);
#17736 = LINE('',#17737,#17738);
#17737 = CARTESIAN_POINT('',(0.,-300.));
#17738 = VECTOR('',#17739,1.);
#17739 = DIRECTION('',(1.,0.));
#17740 = ( GEOMETRIC_REPRESENTATION_CONTEXT(2) 
PARAMETRIC_REPRESENTATION_CONTEXT() REPRESENTATION_CONTEXT('2D SPACE',''
  ) );
#17741 = PCURVE('',#16697,#17742);
#17742 = DEFINITIONAL_REPRESENTATION('',(#17743),#17747);
#17743 = LINE('',#17744,#17745);
#17744 = CARTESIAN_POINT('',(-6.,0.75));
#17745 = VECTOR('',#17746,1.);
#17746 = DIRECTION('',(0.,-1.));
#17747 = ( GEOMETRIC_REPRESENTATION_CONTEXT(2) 
PARAMETRIC_REPRESENTATION_CONTEXT() REPRESENTATION_CONTEXT('2D SPACE',''
  ) );
#17748 = ORIENTED_EDGE('',*,*,#17749,.F.);
#17749 = EDGE_CURVE('',#17423,#17727,#17750,.T.);
#17750 = SURFACE_CURVE('',#17751,(#17755,#17762),.PCURVE_S1.);
#17751 = LINE('',#17752,#17753);
#17752 = CARTESIAN_POINT('',(6.,38.5,-150.));
#17753 = VECTOR('',#17754,1.);
#17754 = DIRECTION('',(0.,0.,1.));
#17755 = PCURVE('',#16666,#17756);
#17756 = DEFINITIONAL_REPRESENTATION('',(#17757),#17761);
#17757 = LINE('',#17758,#17759);
#17758 = CARTESIAN_POINT('',(1.5,0.));
#17759 = VECTOR('',#17760,1.);
#17760 = DIRECTION('',(0.,-1.));
#17761 = ( GEOMETRIC_REPRESENTATION_CONTEXT(2) 
PARAMETRIC_REPRESENTATION_CONTEXT() REPRESENTATION_CONTEXT('2D SPACE',''
  ) );
#17762 = PCURVE('',#17458,#17763);
#17763 = DEFINITIONAL_REPRESENTATION('',(#17764),#17768);
#17764 = LINE('',#17765,#17766);
#17765 = CARTESIAN_POINT('',(0.,-0.));
#17766 = VECTOR('',#17767,1.);
#17767 = DIRECTION('',(0.,-1.));
#17768 = ( GEOMETRIC_REPRESENTATION_CONTEXT(2) 
PARAMETRIC_REPRESENTATION_CONTEXT() REPRESENTATION_CONTEXT('2D SPACE',''
  ) );
#17769 = ORIENTED_EDGE('',*,*,#17422,.T.);
#17770 = ADVANCED_FACE('',(#17771),#16697,.T.);
#17771 = FACE_BOUND('',#17772,.T.);
#17772 = EDGE_LOOP('',(#17773,#17796,#17797,#17798,#17799,#17800));
#17773 = ORIENTED_EDGE('',*,*,#17774,.T.);
#17774 = EDGE_CURVE('',#17775,#14848,#17777,.T.);
#17775 = VERTEX_POINT('',#17776);
#17776 = CARTESIAN_POINT('',(-6.,38.5,150.));
#17777 = SURFACE_CURVE('',#17778,(#17782,#17789),.PCURVE_S1.);
#17778 = LINE('',#17779,#17780);
#17779 = CARTESIAN_POINT('',(-6.,38.5,150.));
#17780 = VECTOR('',#17781,1.);
#17781 = DIRECTION('',(0.,1.,0.));
#17782 = PCURVE('',#16697,#17783);
#17783 = DEFINITIONAL_REPRESENTATION('',(#17784),#17788);
#17784 = LINE('',#17785,#17786);
#17785 = CARTESIAN_POINT('',(6.,-0.75));
#17786 = VECTOR('',#17787,1.);
#17787 = DIRECTION('',(0.,1.));
#17788 = ( GEOMETRIC_REPRESENTATION_CONTEXT(2) 
PARAMETRIC_REPRESENTATION_CONTEXT() REPRESENTATION_CONTEXT('2D SPACE',''
  ) );
#17789 = PCURVE('',#16796,#17790);
#17790 = DEFINITIONAL_REPRESENTATION('',(#17791),#17795);
#17791 = LINE('',#17792,#17793);
#17792 = CARTESIAN_POINT('',(0.,-300.));
#17793 = VECTOR('',#17794,1.);
#17794 = DIRECTION('',(1.,0.));
#17795 = ( GEOMETRIC_REPRESENTATION_CONTEXT(2) 
PARAMETRIC_REPRESENTATION_CONTEXT() REPRESENTATION_CONTEXT('2D SPACE',''
  ) );
#17796 = ORIENTED_EDGE('',*,*,#16681,.F.);
#17797 = ORIENTED_EDGE('',*,*,#16709,.F.);
#17798 = ORIENTED_EDGE('',*,*,#16732,.F.);
#17799 = ORIENTED_EDGE('',*,*,#17726,.T.);
#17800 = ORIENTED_EDGE('',*,*,#17801,.T.);
#17801 = EDGE_CURVE('',#17727,#17775,#17802,.T.);
#17802 = SURFACE_CURVE('',#17803,(#17807,#17814),.PCURVE_S1.);
#17803 = LINE('',#17804,#17805);
#17804 = CARTESIAN_POINT('',(6.,38.5,150.));
#17805 = VECTOR('',#17806,1.);
#17806 = DIRECTION('',(-1.,0.,0.));
#17807 = PCURVE('',#16697,#17808);
#17808 = DEFINITIONAL_REPRESENTATION('',(#17809),#17813);
#17809 = LINE('',#17810,#17811);
#17810 = CARTESIAN_POINT('',(-6.,-0.75));
#17811 = VECTOR('',#17812,1.);
#17812 = DIRECTION('',(1.,0.));
#17813 = ( GEOMETRIC_REPRESENTATION_CONTEXT(2) 
PARAMETRIC_REPRESENTATION_CONTEXT() REPRESENTATION_CONTEXT('2D SPACE',''
  ) );
#17814 = PCURVE('',#17458,#17815);
#17815 = DEFINITIONAL_REPRESENTATION('',(#17816),#17820);
#17816 = LINE('',#17817,#17818);
#17817 = CARTESIAN_POINT('',(0.,-300.));
#17818 = VECTOR('',#17819,1.);
#17819 = DIRECTION('',(1.,0.));
#17820 = ( GEOMETRIC_REPRESENTATION_CONTEXT(2) 
PARAMETRIC_REPRESENTATION_CONTEXT() REPRESENTATION_CONTEXT('2D SPACE',''
  ) );
#17821 = ADVANCED_FACE('',(#17822),#16821,.F.);
#17822 = FACE_BOUND('',#17823,.F.);
#17823 = EDGE_LOOP('',(#17824,#17848,#17869,#17870));
#17824 = ORIENTED_EDGE('',*,*,#17825,.F.);
#17825 = EDGE_CURVE('',#17826,#14819,#17828,.T.);
#17826 = VERTEX_POINT('',#17827);
#17827 = CARTESIAN_POINT('',(-32.77499074759,19.5,150.));
#17828 = SURFACE_CURVE('',#17829,(#17834,#17841),.PCURVE_S1.);
#17829 = CIRCLE('',#17830,1.);
#17830 = AXIS2_PLACEMENT_3D('',#17831,#17832,#17833);
#17831 = CARTESIAN_POINT('',(-33.77499074759,19.5,150.));
#17832 = DIRECTION('',(0.,0.,1.));
#17833 = DIRECTION('',(1.,0.,-0.));
#17834 = PCURVE('',#16821,#17835);
#17835 = DEFINITIONAL_REPRESENTATION('',(#17836),#17840);
#17836 = LINE('',#17837,#17838);
#17837 = CARTESIAN_POINT('',(0.,300.));
#17838 = VECTOR('',#17839,1.);
#17839 = DIRECTION('',(1.,0.));
#17840 = ( GEOMETRIC_REPRESENTATION_CONTEXT(2) 
PARAMETRIC_REPRESENTATION_CONTEXT() REPRESENTATION_CONTEXT('2D SPACE',''
  ) );
#17841 = PCURVE('',#16852,#17842);
#17842 = DEFINITIONAL_REPRESENTATION('',(#17843),#17847);
#17843 = CIRCLE('',#17844,1.);
#17844 = AXIS2_PLACEMENT_2D('',#17845,#17846);
#17845 = CARTESIAN_POINT('',(0.,0.));
#17846 = DIRECTION('',(1.,0.));
#17847 = ( GEOMETRIC_REPRESENTATION_CONTEXT(2) 
PARAMETRIC_REPRESENTATION_CONTEXT() REPRESENTATION_CONTEXT('2D SPACE',''
  ) );
#17848 = ORIENTED_EDGE('',*,*,#17849,.F.);
#17849 = EDGE_CURVE('',#17258,#17826,#17850,.T.);
#17850 = SURFACE_CURVE('',#17851,(#17855,#17862),.PCURVE_S1.);
#17851 = LINE('',#17852,#17853);
#17852 = CARTESIAN_POINT('',(-32.77499074759,19.5,-150.));
#17853 = VECTOR('',#17854,1.);
#17854 = DIRECTION('',(0.,0.,1.));
#17855 = PCURVE('',#16821,#17856);
#17856 = DEFINITIONAL_REPRESENTATION('',(#17857),#17861);
#17857 = LINE('',#17858,#17859);
#17858 = CARTESIAN_POINT('',(0.,-0.));
#17859 = VECTOR('',#17860,1.);
#17860 = DIRECTION('',(0.,1.));
#17861 = ( GEOMETRIC_REPRESENTATION_CONTEXT(2) 
PARAMETRIC_REPRESENTATION_CONTEXT() REPRESENTATION_CONTEXT('2D SPACE',''
  ) );
#17862 = PCURVE('',#17156,#17863);
#17863 = DEFINITIONAL_REPRESENTATION('',(#17864),#17868);
#17864 = LINE('',#17865,#17866);
#17865 = CARTESIAN_POINT('',(6.28318530718,-0.));
#17866 = VECTOR('',#17867,1.);
#17867 = DIRECTION('',(0.,1.));
#17868 = ( GEOMETRIC_REPRESENTATION_CONTEXT(2) 
PARAMETRIC_REPRESENTATION_CONTEXT() REPRESENTATION_CONTEXT('2D SPACE',''
  ) );
#17869 = ORIENTED_EDGE('',*,*,#17489,.T.);
#17870 = ORIENTED_EDGE('',*,*,#16808,.T.);
#17871 = ADVANCED_FACE('',(#17872),#16796,.F.);
#17872 = FACE_BOUND('',#17873,.F.);
#17873 = EDGE_LOOP('',(#17874,#17875,#17896,#17897));
#17874 = ORIENTED_EDGE('',*,*,#17469,.T.);
#17875 = ORIENTED_EDGE('',*,*,#17876,.T.);
#17876 = EDGE_CURVE('',#17444,#17775,#17877,.T.);
#17877 = SURFACE_CURVE('',#17878,(#17882,#17889),.PCURVE_S1.);
#17878 = LINE('',#17879,#17880);
#17879 = CARTESIAN_POINT('',(-6.,38.5,-150.));
#17880 = VECTOR('',#17881,1.);
#17881 = DIRECTION('',(0.,0.,1.));
#17882 = PCURVE('',#16796,#17883);
#17883 = DEFINITIONAL_REPRESENTATION('',(#17884),#17888);
#17884 = LINE('',#17885,#17886);
#17885 = CARTESIAN_POINT('',(0.,0.));
#17886 = VECTOR('',#17887,1.);
#17887 = DIRECTION('',(0.,-1.));
#17888 = ( GEOMETRIC_REPRESENTATION_CONTEXT(2) 
PARAMETRIC_REPRESENTATION_CONTEXT() REPRESENTATION_CONTEXT('2D SPACE',''
  ) );
#17889 = PCURVE('',#17458,#17890);
#17890 = DEFINITIONAL_REPRESENTATION('',(#17891),#17895);
#17891 = LINE('',#17892,#17893);
#17892 = CARTESIAN_POINT('',(12.,0.));
#17893 = VECTOR('',#17894,1.);
#17894 = DIRECTION('',(0.,-1.));
#17895 = ( GEOMETRIC_REPRESENTATION_CONTEXT(2) 
PARAMETRIC_REPRESENTATION_CONTEXT() REPRESENTATION_CONTEXT('2D SPACE',''
  ) );
#17896 = ORIENTED_EDGE('',*,*,#17774,.T.);
#17897 = ORIENTED_EDGE('',*,*,#16783,.T.);
#17898 = ADVANCED_FACE('',(#17899),#16852,.F.);
#17899 = FACE_BOUND('',#17900,.F.);
#17900 = EDGE_LOOP('',(#17901,#17923,#17924,#17925,#17926,#17927,#17928,
    #17929,#17930,#17931,#17932,#17933,#17934,#17935));
#17901 = ORIENTED_EDGE('',*,*,#17902,.T.);
#17902 = EDGE_CURVE('',#14791,#17826,#17903,.T.);
#17903 = SURFACE_CURVE('',#17904,(#17909,#17916),.PCURVE_S1.);
#17904 = CIRCLE('',#17905,1.);
#17905 = AXIS2_PLACEMENT_3D('',#17906,#17907,#17908);
#17906 = CARTESIAN_POINT('',(-33.77499074759,19.5,150.));
#17907 = DIRECTION('',(0.,0.,1.));
#17908 = DIRECTION('',(1.,0.,-0.));
#17909 = PCURVE('',#16852,#17910);
#17910 = DEFINITIONAL_REPRESENTATION('',(#17911),#17915);
#17911 = CIRCLE('',#17912,1.);
#17912 = AXIS2_PLACEMENT_2D('',#17913,#17914);
#17913 = CARTESIAN_POINT('',(0.,0.));
#17914 = DIRECTION('',(1.,0.));
#17915 = ( GEOMETRIC_REPRESENTATION_CONTEXT(2) 
PARAMETRIC_REPRESENTATION_CONTEXT() REPRESENTATION_CONTEXT('2D SPACE',''
  ) );
#17916 = PCURVE('',#17156,#17917);
#17917 = DEFINITIONAL_REPRESENTATION('',(#17918),#17922);
#17918 = LINE('',#17919,#17920);
#17919 = CARTESIAN_POINT('',(0.,300.));
#17920 = VECTOR('',#17921,1.);
#17921 = DIRECTION('',(1.,0.));
#17922 = ( GEOMETRIC_REPRESENTATION_CONTEXT(2) 
PARAMETRIC_REPRESENTATION_CONTEXT() REPRESENTATION_CONTEXT('2D SPACE',''
  ) );
#17923 = ORIENTED_EDGE('',*,*,#17825,.T.);
#17924 = ORIENTED_EDGE('',*,*,#17094,.T.);
#17925 = ORIENTED_EDGE('',*,*,#17071,.T.);
#17926 = ORIENTED_EDGE('',*,*,#17048,.T.);
#17927 = ORIENTED_EDGE('',*,*,#17025,.T.);
#17928 = ORIENTED_EDGE('',*,*,#17002,.T.);
#17929 = ORIENTED_EDGE('',*,*,#16979,.T.);
#17930 = ORIENTED_EDGE('',*,*,#16956,.T.);
#17931 = ORIENTED_EDGE('',*,*,#16933,.T.);
#17932 = ORIENTED_EDGE('',*,*,#16910,.T.);
#17933 = ORIENTED_EDGE('',*,*,#16887,.T.);
#17934 = ORIENTED_EDGE('',*,*,#16864,.T.);
#17935 = ORIENTED_EDGE('',*,*,#16836,.T.);
#17936 = ADVANCED_FACE('',(#17937),#17181,.F.);
#17937 = FACE_BOUND('',#17938,.F.);
#17938 = EDGE_LOOP('',(#17939,#17940,#17941,#17942));
#17939 = ORIENTED_EDGE('',*,*,#17219,.F.);
#17940 = ORIENTED_EDGE('',*,*,#17564,.F.);
#17941 = ORIENTED_EDGE('',*,*,#17282,.T.);
#17942 = ORIENTED_EDGE('',*,*,#17168,.T.);
#17943 = ADVANCED_FACE('',(#17944),#17156,.F.);
#17944 = FACE_BOUND('',#17945,.F.);
#17945 = EDGE_LOOP('',(#17946,#17947,#17948,#17949));
#17946 = ORIENTED_EDGE('',*,*,#17849,.T.);
#17947 = ORIENTED_EDGE('',*,*,#17902,.F.);
#17948 = ORIENTED_EDGE('',*,*,#17143,.F.);
#17949 = ORIENTED_EDGE('',*,*,#17257,.T.);
#17950 = ADVANCED_FACE('',(#17951),#17458,.F.);
#17951 = FACE_BOUND('',#17952,.F.);
#17952 = EDGE_LOOP('',(#17953,#17954,#17955,#17956));
#17953 = ORIENTED_EDGE('',*,*,#17443,.T.);
#17954 = ORIENTED_EDGE('',*,*,#17749,.T.);
#17955 = ORIENTED_EDGE('',*,*,#17801,.T.);
#17956 = ORIENTED_EDGE('',*,*,#17876,.F.);
#17957 = ( GEOMETRIC_REPRESENTATION_CONTEXT(3) 
GLOBAL_UNCERTAINTY_ASSIGNED_CONTEXT((#17961)) 
GLOBAL_UNIT_ASSIGNED_CONTEXT((#17958,#17959,#17960)) 
REPRESENTATION_CONTEXT('Context #1',
  '3D Context with UNIT and UNCERTAINTY') );
#17958 = ( LENGTH_UNIT() NAMED_UNIT(*) SI_UNIT(.MILLI.,.METRE.) );
#17959 = ( NAMED_UNIT(*) PLANE_ANGLE_UNIT() SI_UNIT($,.RADIAN.) );
#17960 = ( NAMED_UNIT(*) SI_UNIT($,.STERADIAN.) SOLID_ANGLE_UNIT() );
#17961 = UNCERTAINTY_MEASURE_WITH_UNIT(LENGTH_MEASURE(1.E-07),#17958,
  'distance_accuracy_value','confusion accuracy');
#17962 = SHAPE_DEFINITION_REPRESENTATION(#17963,#14657);
#17963 = PRODUCT_DEFINITION_SHAPE('','',#17964);
#17964 = PRODUCT_DEFINITION('design','',#17965,#17968);
#17965 = PRODUCT_DEFINITION_FORMATION('','',#17966);
#17966 = PRODUCT('Open CASCADE STEP translator 7.5 1.7.2',
  'Open CASCADE STEP translator 7.5 1.7.2','',(#17967));
#17967 = PRODUCT_CONTEXT('',#2,'mechanical');
#17968 = PRODUCT_DEFINITION_CONTEXT('part definition',#2,'design');
#17969 = CONTEXT_DEPENDENT_SHAPE_REPRESENTATION(#17970,#17972);
#17970 = ( REPRESENTATION_RELATIONSHIP('','',#14657,#11325) 
REPRESENTATION_RELATIONSHIP_WITH_TRANSFORMATION(#17971) 
SHAPE_REPRESENTATION_RELATIONSHIP() );
#17971 = ITEM_DEFINED_TRANSFORMATION('','',#11,#11330);
#17972 = PRODUCT_DEFINITION_SHAPE('Placement','Placement of an item',
  #17973);
#17973 = NEXT_ASSEMBLY_USAGE_OCCURRENCE('13','','',#11320,#17964,$);
#17974 = PRODUCT_RELATED_PRODUCT_CATEGORY('part',$,(#17966));
#17975 = CONTEXT_DEPENDENT_SHAPE_REPRESENTATION(#17976,#17978);
#17976 = ( REPRESENTATION_RELATIONSHIP('','',#11325,#10) 
REPRESENTATION_RELATIONSHIP_WITH_TRANSFORMATION(#17977) 
SHAPE_REPRESENTATION_RELATIONSHIP() );
#17977 = ITEM_DEFINED_TRANSFORMATION('','',#11,#39);
#17978 = PRODUCT_DEFINITION_SHAPE('Placement','Placement of an item',
  #17979);
#17979 = NEXT_ASSEMBLY_USAGE_OCCURRENCE('14','','',#5,#11320,$);
#17980 = PRODUCT_RELATED_PRODUCT_CATEGORY('part',$,(#11322));
#17981 = ADVANCED_BREP_SHAPE_REPRESENTATION('',(#11,#17982),#18080);
#17982 = MANIFOLD_SOLID_BREP('',#17983);
#17983 = CLOSED_SHELL('',(#17984,#18072,#18076));
#17984 = ADVANCED_FACE('',(#17985),#17998,.T.);
#17985 = FACE_BOUND('',#17986,.T.);
#17986 = EDGE_LOOP('',(#17987,#18021,#18044,#18071));
#17987 = ORIENTED_EDGE('',*,*,#17988,.F.);
#17988 = EDGE_CURVE('',#17989,#17989,#17991,.T.);
#17989 = VERTEX_POINT('',#17990);
#17990 = CARTESIAN_POINT('',(-7.347880794884E-16,-67.,151.));
#17991 = SURFACE_CURVE('',#17992,(#17997,#18009),.PCURVE_S1.);
#17992 = CIRCLE('',#17993,3.);
#17993 = AXIS2_PLACEMENT_3D('',#17994,#17995,#17996);
#17994 = CARTESIAN_POINT('',(0.,-67.,154.));
#17995 = DIRECTION('',(0.,-1.,0.));
#17996 = DIRECTION('',(0.,-0.,-1.));
#17997 = PCURVE('',#17998,#18003);
#17998 = CYLINDRICAL_SURFACE('',#17999,3.);
#17999 = AXIS2_PLACEMENT_3D('',#18000,#18001,#18002);
#18000 = CARTESIAN_POINT('',(0.,-42.,154.));
#18001 = DIRECTION('',(0.,-1.,0.));
#18002 = DIRECTION('',(0.,-0.,-1.));
#18003 = DEFINITIONAL_REPRESENTATION('',(#18004),#18008);
#18004 = LINE('',#18005,#18006);
#18005 = CARTESIAN_POINT('',(0.,25.));
#18006 = VECTOR('',#18007,1.);
#18007 = DIRECTION('',(1.,0.));
#18008 = ( GEOMETRIC_REPRESENTATION_CONTEXT(2) 
PARAMETRIC_REPRESENTATION_CONTEXT() REPRESENTATION_CONTEXT('2D SPACE',''
  ) );
#18009 = PCURVE('',#18010,#18015);
#18010 = PLANE('',#18011);
#18011 = AXIS2_PLACEMENT_3D('',#18012,#18013,#18014);
#18012 = CARTESIAN_POINT('',(0.,-67.,154.));
#18013 = DIRECTION('',(0.,-1.,0.));
#18014 = DIRECTION('',(0.,-0.,-1.));
#18015 = DEFINITIONAL_REPRESENTATION('',(#18016),#18020);
#18016 = CIRCLE('',#18017,3.);
#18017 = AXIS2_PLACEMENT_2D('',#18018,#18019);
#18018 = CARTESIAN_POINT('',(0.,0.));
#18019 = DIRECTION('',(1.,0.));
#18020 = ( GEOMETRIC_REPRESENTATION_CONTEXT(2) 
PARAMETRIC_REPRESENTATION_CONTEXT() REPRESENTATION_CONTEXT('2D SPACE',''
  ) );
#18021 = ORIENTED_EDGE('',*,*,#18022,.F.);
#18022 = EDGE_CURVE('',#18023,#17989,#18025,.T.);
#18023 = VERTEX_POINT('',#18024);
#18024 = CARTESIAN_POINT('',(-7.347880794884E-16,-42.,151.));
#18025 = SEAM_CURVE('',#18026,(#18030,#18037),.PCURVE_S1.);
#18026 = LINE('',#18027,#18028);
#18027 = CARTESIAN_POINT('',(-7.347880794884E-16,-42.,151.));
#18028 = VECTOR('',#18029,1.);
#18029 = DIRECTION('',(0.,-1.,0.));
#18030 = PCURVE('',#17998,#18031);
#18031 = DEFINITIONAL_REPRESENTATION('',(#18032),#18036);
#18032 = LINE('',#18033,#18034);
#18033 = CARTESIAN_POINT('',(6.28318530718,-0.));
#18034 = VECTOR('',#18035,1.);
#18035 = DIRECTION('',(0.,1.));
#18036 = ( GEOMETRIC_REPRESENTATION_CONTEXT(2) 
PARAMETRIC_REPRESENTATION_CONTEXT() REPRESENTATION_CONTEXT('2D SPACE',''
  ) );
#18037 = PCURVE('',#17998,#18038);
#18038 = DEFINITIONAL_REPRESENTATION('',(#18039),#18043);
#18039 = LINE('',#18040,#18041);
#18040 = CARTESIAN_POINT('',(0.,-0.));
#18041 = VECTOR('',#18042,1.);
#18042 = DIRECTION('',(0.,1.));
#18043 = ( GEOMETRIC_REPRESENTATION_CONTEXT(2) 
PARAMETRIC_REPRESENTATION_CONTEXT() REPRESENTATION_CONTEXT('2D SPACE',''
  ) );
#18044 = ORIENTED_EDGE('',*,*,#18045,.T.);
#18045 = EDGE_CURVE('',#18023,#18023,#18046,.T.);
#18046 = SURFACE_CURVE('',#18047,(#18052,#18059),.PCURVE_S1.);
#18047 = CIRCLE('',#18048,3.);
#18048 = AXIS2_PLACEMENT_3D('',#18049,#18050,#18051);
#18049 = CARTESIAN_POINT('',(0.,-42.,154.));
#18050 = DIRECTION('',(0.,-1.,0.));
#18051 = DIRECTION('',(0.,-0.,-1.));
#18052 = PCURVE('',#17998,#18053);
#18053 = DEFINITIONAL_REPRESENTATION('',(#18054),#18058);
#18054 = LINE('',#18055,#18056);
#18055 = CARTESIAN_POINT('',(0.,0.));
#18056 = VECTOR('',#18057,1.);
#18057 = DIRECTION('',(1.,0.));
#18058 = ( GEOMETRIC_REPRESENTATION_CONTEXT(2) 
PARAMETRIC_REPRESENTATION_CONTEXT() REPRESENTATION_CONTEXT('2D SPACE',''
  ) );
#18059 = PCURVE('',#18060,#18065);
#18060 = PLANE('',#18061);
#18061 = AXIS2_PLACEMENT_3D('',#18062,#18063,#18064);
#18062 = CARTESIAN_POINT('',(0.,-42.,154.));
#18063 = DIRECTION('',(0.,-1.,0.));
#18064 = DIRECTION('',(0.,-0.,-1.));
#18065 = DEFINITIONAL_REPRESENTATION('',(#18066),#18070);
#18066 = CIRCLE('',#18067,3.);
#18067 = AXIS2_PLACEMENT_2D('',#18068,#18069);
#18068 = CARTESIAN_POINT('',(0.,0.));
#18069 = DIRECTION('',(1.,0.));
#18070 = ( GEOMETRIC_REPRESENTATION_CONTEXT(2) 
PARAMETRIC_REPRESENTATION_CONTEXT() REPRESENTATION_CONTEXT('2D SPACE',''
  ) );
#18071 = ORIENTED_EDGE('',*,*,#18022,.T.);
#18072 = ADVANCED_FACE('',(#18073),#18010,.T.);
#18073 = FACE_BOUND('',#18074,.T.);
#18074 = EDGE_LOOP('',(#18075));
#18075 = ORIENTED_EDGE('',*,*,#17988,.T.);
#18076 = ADVANCED_FACE('',(#18077),#18060,.F.);
#18077 = FACE_BOUND('',#18078,.T.);
#18078 = EDGE_LOOP('',(#18079));
#18079 = ORIENTED_EDGE('',*,*,#18045,.F.);
#18080 = ( GEOMETRIC_REPRESENTATION_CONTEXT(3) 
GLOBAL_UNCERTAINTY_ASSIGNED_CONTEXT((#18084)) 
GLOBAL_UNIT_ASSIGNED_CONTEXT((#18081,#18082,#18083)) 
REPRESENTATION_CONTEXT('Context #1',
  '3D Context with UNIT and UNCERTAINTY') );
#18081 = ( LENGTH_UNIT() NAMED_UNIT(*) SI_UNIT(.MILLI.,.METRE.) );
#18082 = ( NAMED_UNIT(*) PLANE_ANGLE_UNIT() SI_UNIT($,.RADIAN.) );
#18083 = ( NAMED_UNIT(*) SI_UNIT($,.STERADIAN.) SOLID_ANGLE_UNIT() );
#18084 = UNCERTAINTY_MEASURE_WITH_UNIT(LENGTH_MEASURE(1.E-07),#18081,
  'distance_accuracy_value','confusion accuracy');
#18085 = SHAPE_DEFINITION_REPRESENTATION(#18086,#17981);
#18086 = PRODUCT_DEFINITION_SHAPE('','',#18087);
#18087 = PRODUCT_DEFINITION('design','',#18088,#18091);
#18088 = PRODUCT_DEFINITION_FORMATION('','',#18089);
#18089 = PRODUCT('Open CASCADE STEP translator 7.5 1.8',
  'Open CASCADE STEP translator 7.5 1.8','',(#18090));
#18090 = PRODUCT_CONTEXT('',#2,'mechanical');
#18091 = PRODUCT_DEFINITION_CONTEXT('part definition',#2,'design');
#18092 = CONTEXT_DEPENDENT_SHAPE_REPRESENTATION(#18093,#18095);
#18093 = ( REPRESENTATION_RELATIONSHIP('','',#17981,#10) 
REPRESENTATION_RELATIONSHIP_WITH_TRANSFORMATION(#18094) 
SHAPE_REPRESENTATION_RELATIONSHIP() );
#18094 = ITEM_DEFINED_TRANSFORMATION('','',#11,#43);
#18095 = PRODUCT_DEFINITION_SHAPE('Placement','Placement of an item',
  #18096);
#18096 = NEXT_ASSEMBLY_USAGE_OCCURRENCE('15','','',#5,#18087,$);
#18097 = PRODUCT_RELATED_PRODUCT_CATEGORY('part',$,(#18089));
ENDSEC;
END-ISO-10303-21;
