ISO-10303-21;
HEADER;
FILE_DESCRIPTION(('FreeCAD Model'),'2;1');
FILE_NAME('Open CASCADE Shape Model','2026-09-10T17:31:43',('FreeCAD'),(
    'FreeCAD'),'Open CASCADE STEP processor 7.5','FreeCAD','Unknown');
FILE_SCHEMA(('AUTOMOTIVE_DESIGN { 1 0 10303 214 1 1 1 1 }'));
ENDSEC;
DATA;
#1 = APPLICATION_PROTOCOL_DEFINITION('international standard',
  'automotive_design',2000,#2);
#2 = APPLICATION_CONTEXT(
  'core data for automotive mechanical design processes');
#3 = SHAPE_DEFINITION_REPRESENTATION(#4,#10);
#4 = PRODUCT_DEFINITION_SHAPE('','',#5);
#5 = PRODUCT_DEFINITION('design','',#6,#9);
#6 = PRODUCT_DEFINITION_FORMATION('','',#7);
#7 = PRODUCT('Open CASCADE STEP translator 7.5 2',
  'Open CASCADE STEP translator 7.5 2','',(#8));
#8 = PRODUCT_CONTEXT('',#2,'mechanical');
#9 = PRODUCT_DEFINITION_CONTEXT('part definition',#2,'design');
#10 = SHAPE_REPRESENTATION('',(#11,#15,#19,#23,#27,#31,#35,#39,#43,#47,
    #51),#55);
#11 = AXIS2_PLACEMENT_3D('',#12,#13,#14);
#12 = CARTESIAN_POINT('',(0.,0.,0.));
#13 = DIRECTION('',(0.,0.,1.));
#14 = DIRECTION('',(1.,0.,-0.));
#15 = AXIS2_PLACEMENT_3D('',#16,#17,#18);
#16 = CARTESIAN_POINT('',(0.,0.,0.));
#17 = DIRECTION('',(0.,0.,1.));
#18 = DIRECTION('',(1.,0.,0.));
#19 = AXIS2_PLACEMENT_3D('',#20,#21,#22);
#20 = CARTESIAN_POINT('',(0.,0.,0.));
#21 = DIRECTION('',(0.,0.,1.));
#22 = DIRECTION('',(1.,0.,0.));
#23 = AXIS2_PLACEMENT_3D('',#24,#25,#26);
#24 = CARTESIAN_POINT('',(0.,0.,0.));
#25 = DIRECTION('',(0.,0.,1.));
#26 = DIRECTION('',(1.,0.,0.));
#27 = AXIS2_PLACEMENT_3D('',#28,#29,#30);
#28 = CARTESIAN_POINT('',(0.,0.,0.));
#29 = DIRECTION('',(0.,0.,1.));
#30 = DIRECTION('',(1.,0.,0.));
#31 = AXIS2_PLACEMENT_3D('',#32,#33,#34);
#32 = CARTESIAN_POINT('',(0.,0.,0.));
#33 = DIRECTION('',(0.,0.,1.));
#34 = DIRECTION('',(1.,0.,0.));
#35 = AXIS2_PLACEMENT_3D('',#36,#37,#38);
#36 = CARTESIAN_POINT('',(0.,0.,0.));
#37 = DIRECTION('',(0.,0.,1.));
#38 = DIRECTION('',(1.,0.,0.));
#39 = AXIS2_PLACEMENT_3D('',#40,#41,#42);
#40 = CARTESIAN_POINT('',(0.,0.,0.));
#41 = DIRECTION('',(0.,0.,1.));
#42 = DIRECTION('',(1.,0.,0.));
#43 = AXIS2_PLACEMENT_3D('',#44,#45,#46);
#44 = CARTESIAN_POINT('',(0.,0.,0.));
#45 = DIRECTION('',(0.,0.,1.));
#46 = DIRECTION('',(1.,0.,0.));
#47 = AXIS2_PLACEMENT_3D('',#48,#49,#50);
#48 = CARTESIAN_POINT('',(0.,0.,0.));
#49 = DIRECTION('',(0.,0.,1.));
#50 = DIRECTION('',(1.,0.,0.));
#51 = AXIS2_PLACEMENT_3D('',#52,#53,#54);
#52 = CARTESIAN_POINT('',(0.,0.,0.));
#53 = DIRECTION('',(0.,0.,1.));
#54 = DIRECTION('',(1.,0.,0.));
#55 = ( GEOMETRIC_REPRESENTATION_CONTEXT(3) 
GLOBAL_UNCERTAINTY_ASSIGNED_CONTEXT((#59)) GLOBAL_UNIT_ASSIGNED_CONTEXT(
(#56,#57,#58)) REPRESENTATION_CONTEXT('Context #1',
  '3D Context with UNIT and UNCERTAINTY') );
#56 = ( LENGTH_UNIT() NAMED_UNIT(*) SI_UNIT(.MILLI.,.METRE.) );
#57 = ( NAMED_UNIT(*) PLANE_ANGLE_UNIT() SI_UNIT($,.RADIAN.) );
#58 = ( NAMED_UNIT(*) SI_UNIT($,.STERADIAN.) SOLID_ANGLE_UNIT() );
#59 = UNCERTAINTY_MEASURE_WITH_UNIT(LENGTH_MEASURE(1.E-07),#56,
  'distance_accuracy_value','confusion accuracy');
#60 = PRODUCT_RELATED_PRODUCT_CATEGORY('part',$,(#7));
#61 = ADVANCED_BREP_SHAPE_REPRESENTATION('',(#11,#62),#9288);
#62 = MANIFOLD_SOLID_BREP('',#63);
#63 = CLOSED_SHELL('',(#64,#184,#260,#336,#3552,#6203,#6230,#6257,#6284,
    #6311,#6338,#6365,#6392,#6419,#6446,#6473,#6500,#6527,#6554,#6581,
    #6608,#6635,#6662,#6689,#6716,#6743,#6770,#6797,#6824,#6851,#6878,
    #6905,#6932,#6959,#6986,#7013,#7040,#7067,#7094,#7121,#7148,#7175,
    #7202,#7229,#7256,#7283,#7310,#7337,#7364,#7391,#7418,#7445,#7472,
    #7499,#7526,#7553,#7580,#7607,#7634,#7661,#7688,#7695,#7742,#7769,
    #7796,#7823,#7850,#7877,#7904,#7931,#7958,#7985,#8012,#8039,#8066,
    #8093,#8120,#8147,#8174,#8201,#8228,#8255,#8282,#8309,#8336,#8363,
    #8390,#8417,#8444,#8471,#8498,#8525,#8552,#8579,#8606,#8633,#8660,
    #8687,#8714,#8741,#8768,#8795,#8822,#8849,#8876,#8903,#8930,#8957,
    #8984,#9011,#9038,#9065,#9092,#9119,#9146,#9173,#9200,#9227,#9254,
    #9281));
#64 = ADVANCED_FACE('',(#65),#79,.F.);
#65 = FACE_BOUND('',#66,.F.);
#66 = EDGE_LOOP('',(#67,#102,#130,#158));
#67 = ORIENTED_EDGE('',*,*,#68,.T.);
#68 = EDGE_CURVE('',#69,#71,#73,.T.);
#69 = VERTEX_POINT('',#70);
#70 = CARTESIAN_POINT('',(-34.974990748,-19.50490972512,-150.));
#71 = VERTEX_POINT('',#72);
#72 = CARTESIAN_POINT('',(-34.974990748,-19.50490972512,150.));
#73 = SURFACE_CURVE('',#74,(#78,#90),.PCURVE_S1.);
#74 = LINE('',#75,#76);
#75 = CARTESIAN_POINT('',(-34.974990748,-19.50490972512,-150.));
#76 = VECTOR('',#77,1.);
#77 = DIRECTION('',(0.,0.,1.));
#78 = PCURVE('',#79,#84);
#79 = PLANE('',#80);
#80 = AXIS2_PLACEMENT_3D('',#81,#82,#83);
#81 = CARTESIAN_POINT('',(-34.974990748,-19.50490972512,-150.));
#82 = DIRECTION('',(0.998795455861,4.906768132523E-02,-0.));
#83 = DIRECTION('',(4.906768132523E-02,-0.998795455861,0.));
#84 = DEFINITIONAL_REPRESENTATION('',(#85),#89);
#85 = LINE('',#86,#87);
#86 = CARTESIAN_POINT('',(0.,0.));
#87 = VECTOR('',#88,1.);
#88 = DIRECTION('',(0.,-1.));
#89 = ( GEOMETRIC_REPRESENTATION_CONTEXT(2) 
PARAMETRIC_REPRESENTATION_CONTEXT() REPRESENTATION_CONTEXT('2D SPACE',''
  ) );
#90 = PCURVE('',#91,#96);
#91 = PLANE('',#92);
#92 = AXIS2_PLACEMENT_3D('',#93,#94,#95);
#93 = CARTESIAN_POINT('',(-34.974990748,19.504909725123,-150.));
#94 = DIRECTION('',(1.,0.,-0.));
#95 = DIRECTION('',(0.,-1.,0.));
#96 = DEFINITIONAL_REPRESENTATION('',(#97),#101);
#97 = LINE('',#98,#99);
#98 = CARTESIAN_POINT('',(39.009819450246,0.));
#99 = VECTOR('',#100,1.);
#100 = DIRECTION('',(0.,-1.));
#101 = ( GEOMETRIC_REPRESENTATION_CONTEXT(2) 
PARAMETRIC_REPRESENTATION_CONTEXT() REPRESENTATION_CONTEXT('2D SPACE',''
  ) );
#102 = ORIENTED_EDGE('',*,*,#103,.T.);
#103 = EDGE_CURVE('',#71,#104,#106,.T.);
#104 = VERTEX_POINT('',#105);
#105 = CARTESIAN_POINT('',(-34.9694524571,-19.6176442101,150.));
#106 = SURFACE_CURVE('',#107,(#111,#118),.PCURVE_S1.);
#107 = LINE('',#108,#109);
#108 = CARTESIAN_POINT('',(-34.974990748,-19.50490972512,150.));
#109 = VECTOR('',#110,1.);
#110 = DIRECTION('',(4.906768132523E-02,-0.998795455861,0.));
#111 = PCURVE('',#79,#112);
#112 = DEFINITIONAL_REPRESENTATION('',(#113),#117);
#113 = LINE('',#114,#115);
#114 = CARTESIAN_POINT('',(0.,-300.));
#115 = VECTOR('',#116,1.);
#116 = DIRECTION('',(1.,0.));
#117 = ( GEOMETRIC_REPRESENTATION_CONTEXT(2) 
PARAMETRIC_REPRESENTATION_CONTEXT() REPRESENTATION_CONTEXT('2D SPACE',''
  ) );
#118 = PCURVE('',#119,#124);
#119 = PLANE('',#120);
#120 = AXIS2_PLACEMENT_3D('',#121,#122,#123);
#121 = CARTESIAN_POINT('',(9.343651929881E-16,0.691297154977,150.));
#122 = DIRECTION('',(-1.1346234301E-48,-4.863849208291E-32,1.));
#123 = DIRECTION('',(0.,1.,4.863849208291E-32));
#124 = DEFINITIONAL_REPRESENTATION('',(#125),#129);
#125 = LINE('',#126,#127);
#126 = CARTESIAN_POINT('',(-20.1962068801,34.974990748));
#127 = VECTOR('',#128,1.);
#128 = DIRECTION('',(-0.998795455861,-4.906768132523E-02));
#129 = ( GEOMETRIC_REPRESENTATION_CONTEXT(2) 
PARAMETRIC_REPRESENTATION_CONTEXT() REPRESENTATION_CONTEXT('2D SPACE',''
  ) );
#130 = ORIENTED_EDGE('',*,*,#131,.F.);
#131 = EDGE_CURVE('',#132,#104,#134,.T.);
#132 = VERTEX_POINT('',#133);
#133 = CARTESIAN_POINT('',(-34.9694524571,-19.6176442101,-150.));
#134 = SURFACE_CURVE('',#135,(#139,#146),.PCURVE_S1.);
#135 = LINE('',#136,#137);
#136 = CARTESIAN_POINT('',(-34.9694524571,-19.6176442101,-150.));
#137 = VECTOR('',#138,1.);
#138 = DIRECTION('',(0.,0.,1.));
#139 = PCURVE('',#79,#140);
#140 = DEFINITIONAL_REPRESENTATION('',(#141),#145);
#141 = LINE('',#142,#143);
#142 = CARTESIAN_POINT('',(0.112870442414,0.));
#143 = VECTOR('',#144,1.);
#144 = DIRECTION('',(0.,-1.));
#145 = ( GEOMETRIC_REPRESENTATION_CONTEXT(2) 
PARAMETRIC_REPRESENTATION_CONTEXT() REPRESENTATION_CONTEXT('2D SPACE',''
  ) );
#146 = PCURVE('',#147,#152);
#147 = PLANE('',#148);
#148 = AXIS2_PLACEMENT_3D('',#149,#150,#151);
#149 = CARTESIAN_POINT('',(-34.9694524571,-19.6176442101,-150.));
#150 = DIRECTION('',(0.989176510431,0.14673047131,-0.));
#151 = DIRECTION('',(0.14673047131,-0.989176510431,0.));
#152 = DEFINITIONAL_REPRESENTATION('',(#153),#157);
#153 = LINE('',#154,#155);
#154 = CARTESIAN_POINT('',(0.,0.));
#155 = VECTOR('',#156,1.);
#156 = DIRECTION('',(0.,-1.));
#157 = ( GEOMETRIC_REPRESENTATION_CONTEXT(2) 
PARAMETRIC_REPRESENTATION_CONTEXT() REPRESENTATION_CONTEXT('2D SPACE',''
  ) );
#158 = ORIENTED_EDGE('',*,*,#159,.F.);
#159 = EDGE_CURVE('',#69,#132,#160,.T.);
#160 = SURFACE_CURVE('',#161,(#165,#172),.PCURVE_S1.);
#161 = LINE('',#162,#163);
#162 = CARTESIAN_POINT('',(-34.974990748,-19.50490972512,-150.));
#163 = VECTOR('',#164,1.);
#164 = DIRECTION('',(4.906768132523E-02,-0.998795455861,0.));
#165 = PCURVE('',#79,#166);
#166 = DEFINITIONAL_REPRESENTATION('',(#167),#171);
#167 = LINE('',#168,#169);
#168 = CARTESIAN_POINT('',(0.,0.));
#169 = VECTOR('',#170,1.);
#170 = DIRECTION('',(1.,0.));
#171 = ( GEOMETRIC_REPRESENTATION_CONTEXT(2) 
PARAMETRIC_REPRESENTATION_CONTEXT() REPRESENTATION_CONTEXT('2D SPACE',''
  ) );
#172 = PCURVE('',#173,#178);
#173 = PLANE('',#174);
#174 = AXIS2_PLACEMENT_3D('',#175,#176,#177);
#175 = CARTESIAN_POINT('',(9.343651929881E-16,0.691297154977,-150.));
#176 = DIRECTION('',(-1.1346234301E-48,-4.863849208291E-32,1.));
#177 = DIRECTION('',(0.,1.,4.863849208291E-32));
#178 = DEFINITIONAL_REPRESENTATION('',(#179),#183);
#179 = LINE('',#180,#181);
#180 = CARTESIAN_POINT('',(-20.1962068801,34.974990748));
#181 = VECTOR('',#182,1.);
#182 = DIRECTION('',(-0.998795455861,-4.906768132523E-02));
#183 = ( GEOMETRIC_REPRESENTATION_CONTEXT(2) 
PARAMETRIC_REPRESENTATION_CONTEXT() REPRESENTATION_CONTEXT('2D SPACE',''
  ) );
#184 = ADVANCED_FACE('',(#185),#91,.F.);
#185 = FACE_BOUND('',#186,.F.);
#186 = EDGE_LOOP('',(#187,#217,#238,#239));
#187 = ORIENTED_EDGE('',*,*,#188,.T.);
#188 = EDGE_CURVE('',#189,#191,#193,.T.);
#189 = VERTEX_POINT('',#190);
#190 = CARTESIAN_POINT('',(-34.974990748,19.504909725123,-150.));
#191 = VERTEX_POINT('',#192);
#192 = CARTESIAN_POINT('',(-34.974990748,19.504909725123,150.));
#193 = SURFACE_CURVE('',#194,(#198,#205),.PCURVE_S1.);
#194 = LINE('',#195,#196);
#195 = CARTESIAN_POINT('',(-34.974990748,19.504909725123,-150.));
#196 = VECTOR('',#197,1.);
#197 = DIRECTION('',(0.,0.,1.));
#198 = PCURVE('',#91,#199);
#199 = DEFINITIONAL_REPRESENTATION('',(#200),#204);
#200 = LINE('',#201,#202);
#201 = CARTESIAN_POINT('',(0.,0.));
#202 = VECTOR('',#203,1.);
#203 = DIRECTION('',(0.,-1.));
#204 = ( GEOMETRIC_REPRESENTATION_CONTEXT(2) 
PARAMETRIC_REPRESENTATION_CONTEXT() REPRESENTATION_CONTEXT('2D SPACE',''
  ) );
#205 = PCURVE('',#206,#211);
#206 = PLANE('',#207);
#207 = AXIS2_PLACEMENT_3D('',#208,#209,#210);
#208 = CARTESIAN_POINT('',(-34.9694524571,19.617644210107,-150.));
#209 = DIRECTION('',(0.998795455861,-4.906768132523E-02,0.));
#210 = DIRECTION('',(-4.906768132523E-02,-0.998795455861,0.));
#211 = DEFINITIONAL_REPRESENTATION('',(#212),#216);
#212 = LINE('',#213,#214);
#213 = CARTESIAN_POINT('',(0.112870442414,0.));
#214 = VECTOR('',#215,1.);
#215 = DIRECTION('',(0.,-1.));
#216 = ( GEOMETRIC_REPRESENTATION_CONTEXT(2) 
PARAMETRIC_REPRESENTATION_CONTEXT() REPRESENTATION_CONTEXT('2D SPACE',''
  ) );
#217 = ORIENTED_EDGE('',*,*,#218,.T.);
#218 = EDGE_CURVE('',#191,#71,#219,.T.);
#219 = SURFACE_CURVE('',#220,(#224,#231),.PCURVE_S1.);
#220 = LINE('',#221,#222);
#221 = CARTESIAN_POINT('',(-34.974990748,19.504909725123,150.));
#222 = VECTOR('',#223,1.);
#223 = DIRECTION('',(0.,-1.,0.));
#224 = PCURVE('',#91,#225);
#225 = DEFINITIONAL_REPRESENTATION('',(#226),#230);
#226 = LINE('',#227,#228);
#227 = CARTESIAN_POINT('',(0.,-300.));
#228 = VECTOR('',#229,1.);
#229 = DIRECTION('',(1.,0.));
#230 = ( GEOMETRIC_REPRESENTATION_CONTEXT(2) 
PARAMETRIC_REPRESENTATION_CONTEXT() REPRESENTATION_CONTEXT('2D SPACE',''
  ) );
#231 = PCURVE('',#119,#232);
#232 = DEFINITIONAL_REPRESENTATION('',(#233),#237);
#233 = LINE('',#234,#235);
#234 = CARTESIAN_POINT('',(18.813612570146,34.974990748));
#235 = VECTOR('',#236,1.);
#236 = DIRECTION('',(-1.,-5.518637272201E-80));
#237 = ( GEOMETRIC_REPRESENTATION_CONTEXT(2) 
PARAMETRIC_REPRESENTATION_CONTEXT() REPRESENTATION_CONTEXT('2D SPACE',''
  ) );
#238 = ORIENTED_EDGE('',*,*,#68,.F.);
#239 = ORIENTED_EDGE('',*,*,#240,.F.);
#240 = EDGE_CURVE('',#189,#69,#241,.T.);
#241 = SURFACE_CURVE('',#242,(#246,#253),.PCURVE_S1.);
#242 = LINE('',#243,#244);
#243 = CARTESIAN_POINT('',(-34.974990748,19.504909725123,-150.));
#244 = VECTOR('',#245,1.);
#245 = DIRECTION('',(0.,-1.,0.));
#246 = PCURVE('',#91,#247);
#247 = DEFINITIONAL_REPRESENTATION('',(#248),#252);
#248 = LINE('',#249,#250);
#249 = CARTESIAN_POINT('',(0.,0.));
#250 = VECTOR('',#251,1.);
#251 = DIRECTION('',(1.,0.));
#252 = ( GEOMETRIC_REPRESENTATION_CONTEXT(2) 
PARAMETRIC_REPRESENTATION_CONTEXT() REPRESENTATION_CONTEXT('2D SPACE',''
  ) );
#253 = PCURVE('',#173,#254);
#254 = DEFINITIONAL_REPRESENTATION('',(#255),#259);
#255 = LINE('',#256,#257);
#256 = CARTESIAN_POINT('',(18.813612570146,34.974990748));
#257 = VECTOR('',#258,1.);
#258 = DIRECTION('',(-1.,-5.518637272201E-80));
#259 = ( GEOMETRIC_REPRESENTATION_CONTEXT(2) 
PARAMETRIC_REPRESENTATION_CONTEXT() REPRESENTATION_CONTEXT('2D SPACE',''
  ) );
#260 = ADVANCED_FACE('',(#261),#147,.F.);
#261 = FACE_BOUND('',#262,.F.);
#262 = EDGE_LOOP('',(#263,#264,#287,#315));
#263 = ORIENTED_EDGE('',*,*,#131,.T.);
#264 = ORIENTED_EDGE('',*,*,#265,.T.);
#265 = EDGE_CURVE('',#104,#266,#268,.T.);
#266 = VERTEX_POINT('',#267);
#267 = CARTESIAN_POINT('',(-34.95216964881,-19.73415544212,150.));
#268 = SURFACE_CURVE('',#269,(#273,#280),.PCURVE_S1.);
#269 = LINE('',#270,#271);
#270 = CARTESIAN_POINT('',(-34.9694524571,-19.6176442101,150.));
#271 = VECTOR('',#272,1.);
#272 = DIRECTION('',(0.14673047131,-0.989176510431,0.));
#273 = PCURVE('',#147,#274);
#274 = DEFINITIONAL_REPRESENTATION('',(#275),#279);
#275 = LINE('',#276,#277);
#276 = CARTESIAN_POINT('',(0.,-300.));
#277 = VECTOR('',#278,1.);
#278 = DIRECTION('',(1.,0.));
#279 = ( GEOMETRIC_REPRESENTATION_CONTEXT(2) 
PARAMETRIC_REPRESENTATION_CONTEXT() REPRESENTATION_CONTEXT('2D SPACE',''
  ) );
#280 = PCURVE('',#119,#281);
#281 = DEFINITIONAL_REPRESENTATION('',(#282),#286);
#282 = LINE('',#283,#284);
#283 = CARTESIAN_POINT('',(-20.30894136508,34.969452457101));
#284 = VECTOR('',#285,1.);
#285 = DIRECTION('',(-0.989176510431,-0.14673047131));
#286 = ( GEOMETRIC_REPRESENTATION_CONTEXT(2) 
PARAMETRIC_REPRESENTATION_CONTEXT() REPRESENTATION_CONTEXT('2D SPACE',''
  ) );
#287 = ORIENTED_EDGE('',*,*,#288,.F.);
#288 = EDGE_CURVE('',#289,#266,#291,.T.);
#289 = VERTEX_POINT('',#290);
#290 = CARTESIAN_POINT('',(-34.95216964881,-19.73415544212,-150.));
#291 = SURFACE_CURVE('',#292,(#296,#303),.PCURVE_S1.);
#292 = LINE('',#293,#294);
#293 = CARTESIAN_POINT('',(-34.95216964881,-19.73415544212,-150.));
#294 = VECTOR('',#295,1.);
#295 = DIRECTION('',(0.,0.,1.));
#296 = PCURVE('',#147,#297);
#297 = DEFINITIONAL_REPRESENTATION('',(#298),#302);
#298 = LINE('',#299,#300);
#299 = CARTESIAN_POINT('',(0.117786088516,0.));
#300 = VECTOR('',#301,1.);
#301 = DIRECTION('',(0.,-1.));
#302 = ( GEOMETRIC_REPRESENTATION_CONTEXT(2) 
PARAMETRIC_REPRESENTATION_CONTEXT() REPRESENTATION_CONTEXT('2D SPACE',''
  ) );
#303 = PCURVE('',#304,#309);
#304 = PLANE('',#305);
#305 = AXIS2_PLACEMENT_3D('',#306,#307,#308);
#306 = CARTESIAN_POINT('',(-34.95216964881,-19.73415544212,-150.));
#307 = DIRECTION('',(0.970031252261,0.24298018363,-0.));
#308 = DIRECTION('',(0.24298018363,-0.970031252261,0.));
#309 = DEFINITIONAL_REPRESENTATION('',(#310),#314);
#310 = LINE('',#311,#312);
#311 = CARTESIAN_POINT('',(0.,0.));
#312 = VECTOR('',#313,1.);
#313 = DIRECTION('',(0.,-1.));
#314 = ( GEOMETRIC_REPRESENTATION_CONTEXT(2) 
PARAMETRIC_REPRESENTATION_CONTEXT() REPRESENTATION_CONTEXT('2D SPACE',''
  ) );
#315 = ORIENTED_EDGE('',*,*,#316,.F.);
#316 = EDGE_CURVE('',#132,#289,#317,.T.);
#317 = SURFACE_CURVE('',#318,(#322,#329),.PCURVE_S1.);
#318 = LINE('',#319,#320);
#319 = CARTESIAN_POINT('',(-34.9694524571,-19.6176442101,-150.));
#320 = VECTOR('',#321,1.);
#321 = DIRECTION('',(0.14673047131,-0.989176510431,0.));
#322 = PCURVE('',#147,#323);
#323 = DEFINITIONAL_REPRESENTATION('',(#324),#328);
#324 = LINE('',#325,#326);
#325 = CARTESIAN_POINT('',(0.,0.));
#326 = VECTOR('',#327,1.);
#327 = DIRECTION('',(1.,0.));
#328 = ( GEOMETRIC_REPRESENTATION_CONTEXT(2) 
PARAMETRIC_REPRESENTATION_CONTEXT() REPRESENTATION_CONTEXT('2D SPACE',''
  ) );
#329 = PCURVE('',#173,#330);
#330 = DEFINITIONAL_REPRESENTATION('',(#331),#335);
#331 = LINE('',#332,#333);
#332 = CARTESIAN_POINT('',(-20.30894136508,34.969452457101));
#333 = VECTOR('',#334,1.);
#334 = DIRECTION('',(-0.989176510431,-0.14673047131));
#335 = ( GEOMETRIC_REPRESENTATION_CONTEXT(2) 
PARAMETRIC_REPRESENTATION_CONTEXT() REPRESENTATION_CONTEXT('2D SPACE',''
  ) );
#336 = ADVANCED_FACE('',(#337,#1898),#173,.F.);
#337 = FACE_BOUND('',#338,.F.);
#338 = EDGE_LOOP('',(#339,#340,#341,#364,#392,#420,#448,#476,#504,#532,
    #560,#588,#616,#644,#672,#700,#728,#756,#784,#812,#840,#868,#896,
    #924,#952,#980,#1008,#1036,#1064,#1092,#1120,#1148,#1176,#1204,#1232
    ,#1260,#1288,#1316,#1344,#1372,#1400,#1428,#1456,#1484,#1512,#1540,
    #1568,#1596,#1624,#1652,#1680,#1708,#1736,#1764,#1792,#1820,#1848,
    #1876,#1897));
#339 = ORIENTED_EDGE('',*,*,#159,.T.);
#340 = ORIENTED_EDGE('',*,*,#316,.T.);
#341 = ORIENTED_EDGE('',*,*,#342,.T.);
#342 = EDGE_CURVE('',#289,#343,#345,.T.);
#343 = VERTEX_POINT('',#344);
#344 = CARTESIAN_POINT('',(-34.92354996339,-19.8484116291,-150.));
#345 = SURFACE_CURVE('',#346,(#350,#357),.PCURVE_S1.);
#346 = LINE('',#347,#348);
#347 = CARTESIAN_POINT('',(-34.95216964881,-19.73415544212,-150.));
#348 = VECTOR('',#349,1.);
#349 = DIRECTION('',(0.24298018363,-0.970031252261,0.));
#350 = PCURVE('',#173,#351);
#351 = DEFINITIONAL_REPRESENTATION('',(#352),#356);
#352 = LINE('',#353,#354);
#353 = CARTESIAN_POINT('',(-20.4254525971,34.952169648819));
#354 = VECTOR('',#355,1.);
#355 = DIRECTION('',(-0.970031252261,-0.24298018363));
#356 = ( GEOMETRIC_REPRESENTATION_CONTEXT(2) 
PARAMETRIC_REPRESENTATION_CONTEXT() REPRESENTATION_CONTEXT('2D SPACE',''
  ) );
#357 = PCURVE('',#304,#358);
#358 = DEFINITIONAL_REPRESENTATION('',(#359),#363);
#359 = LINE('',#360,#361);
#360 = CARTESIAN_POINT('',(0.,0.));
#361 = VECTOR('',#362,1.);
#362 = DIRECTION('',(1.,0.));
#363 = ( GEOMETRIC_REPRESENTATION_CONTEXT(2) 
PARAMETRIC_REPRESENTATION_CONTEXT() REPRESENTATION_CONTEXT('2D SPACE',''
  ) );
#364 = ORIENTED_EDGE('',*,*,#365,.T.);
#365 = EDGE_CURVE('',#343,#366,#368,.T.);
#366 = VERTEX_POINT('',#367);
#367 = CARTESIAN_POINT('',(-34.88386902579,-19.95931242092,-150.));
#368 = SURFACE_CURVE('',#369,(#373,#380),.PCURVE_S1.);
#369 = LINE('',#370,#371);
#370 = CARTESIAN_POINT('',(-34.92354996339,-19.8484116291,-150.));
#371 = VECTOR('',#372,1.);
#372 = DIRECTION('',(0.336889851754,-0.941544065769,0.));
#373 = PCURVE('',#173,#374);
#374 = DEFINITIONAL_REPRESENTATION('',(#375),#379);
#375 = LINE('',#376,#377);
#376 = CARTESIAN_POINT('',(-20.53970878408,34.923549963393));
#377 = VECTOR('',#378,1.);
#378 = DIRECTION('',(-0.941544065769,-0.336889851754));
#379 = ( GEOMETRIC_REPRESENTATION_CONTEXT(2) 
PARAMETRIC_REPRESENTATION_CONTEXT() REPRESENTATION_CONTEXT('2D SPACE',''
  ) );
#380 = PCURVE('',#381,#386);
#381 = PLANE('',#382);
#382 = AXIS2_PLACEMENT_3D('',#383,#384,#385);
#383 = CARTESIAN_POINT('',(-34.92354996339,-19.8484116291,-150.));
#384 = DIRECTION('',(0.941544065769,0.336889851754,-0.));
#385 = DIRECTION('',(0.336889851754,-0.941544065769,0.));
#386 = DEFINITIONAL_REPRESENTATION('',(#387),#391);
#387 = LINE('',#388,#389);
#388 = CARTESIAN_POINT('',(0.,0.));
#389 = VECTOR('',#390,1.);
#390 = DIRECTION('',(1.,0.));
#391 = ( GEOMETRIC_REPRESENTATION_CONTEXT(2) 
PARAMETRIC_REPRESENTATION_CONTEXT() REPRESENTATION_CONTEXT('2D SPACE',''
  ) );
#392 = ORIENTED_EDGE('',*,*,#393,.T.);
#393 = EDGE_CURVE('',#366,#394,#396,.T.);
#394 = VERTEX_POINT('',#395);
#395 = CARTESIAN_POINT('',(-34.83350898382,-20.06578978465,-150.));
#396 = SURFACE_CURVE('',#397,(#401,#408),.PCURVE_S1.);
#397 = LINE('',#398,#399);
#398 = CARTESIAN_POINT('',(-34.88386902579,-19.95931242092,-150.));
#399 = VECTOR('',#400,1.);
#400 = DIRECTION('',(0.42755508995,-0.903989294769,0.));
#401 = PCURVE('',#173,#402);
#402 = DEFINITIONAL_REPRESENTATION('',(#403),#407);
#403 = LINE('',#404,#405);
#404 = CARTESIAN_POINT('',(-20.6506095759,34.883869025798));
#405 = VECTOR('',#406,1.);
#406 = DIRECTION('',(-0.903989294769,-0.42755508995));
#407 = ( GEOMETRIC_REPRESENTATION_CONTEXT(2) 
PARAMETRIC_REPRESENTATION_CONTEXT() REPRESENTATION_CONTEXT('2D SPACE',''
  ) );
#408 = PCURVE('',#409,#414);
#409 = PLANE('',#410);
#410 = AXIS2_PLACEMENT_3D('',#411,#412,#413);
#411 = CARTESIAN_POINT('',(-34.88386902579,-19.95931242092,-150.));
#412 = DIRECTION('',(0.903989294769,0.42755508995,-0.));
#413 = DIRECTION('',(0.42755508995,-0.903989294769,0.));
#414 = DEFINITIONAL_REPRESENTATION('',(#415),#419);
#415 = LINE('',#416,#417);
#416 = CARTESIAN_POINT('',(0.,0.));
#417 = VECTOR('',#418,1.);
#418 = DIRECTION('',(1.,0.));
#419 = ( GEOMETRIC_REPRESENTATION_CONTEXT(2) 
PARAMETRIC_REPRESENTATION_CONTEXT() REPRESENTATION_CONTEXT('2D SPACE',''
  ) );
#420 = ORIENTED_EDGE('',*,*,#421,.T.);
#421 = EDGE_CURVE('',#394,#422,#424,.T.);
#422 = VERTEX_POINT('',#423);
#423 = CARTESIAN_POINT('',(-34.77295483223,-20.16681828291,-150.));
#424 = SURFACE_CURVE('',#425,(#429,#436),.PCURVE_S1.);
#425 = LINE('',#426,#427);
#426 = CARTESIAN_POINT('',(-34.83350898382,-20.06578978465,-150.));
#427 = VECTOR('',#428,1.);
#428 = DIRECTION('',(0.51410274472,-0.857728609685,0.));
#429 = PCURVE('',#173,#430);
#430 = DEFINITIONAL_REPRESENTATION('',(#431),#435);
#431 = LINE('',#432,#433);
#432 = CARTESIAN_POINT('',(-20.75708693962,34.833508983828));
#433 = VECTOR('',#434,1.);
#434 = DIRECTION('',(-0.857728609685,-0.51410274472));
#435 = ( GEOMETRIC_REPRESENTATION_CONTEXT(2) 
PARAMETRIC_REPRESENTATION_CONTEXT() REPRESENTATION_CONTEXT('2D SPACE',''
  ) );
#436 = PCURVE('',#437,#442);
#437 = PLANE('',#438);
#438 = AXIS2_PLACEMENT_3D('',#439,#440,#441);
#439 = CARTESIAN_POINT('',(-34.83350898382,-20.06578978465,-150.));
#440 = DIRECTION('',(0.857728609685,0.51410274472,-0.));
#441 = DIRECTION('',(0.51410274472,-0.857728609685,0.));
#442 = DEFINITIONAL_REPRESENTATION('',(#443),#447);
#443 = LINE('',#444,#445);
#444 = CARTESIAN_POINT('',(0.,0.));
#445 = VECTOR('',#446,1.);
#446 = DIRECTION('',(1.,0.));
#447 = ( GEOMETRIC_REPRESENTATION_CONTEXT(2) 
PARAMETRIC_REPRESENTATION_CONTEXT() REPRESENTATION_CONTEXT('2D SPACE',''
  ) );
#448 = ORIENTED_EDGE('',*,*,#449,.T.);
#449 = EDGE_CURVE('',#422,#450,#452,.T.);
#450 = VERTEX_POINT('',#451);
#451 = CARTESIAN_POINT('',(-34.70278974122,-20.26142495605,-150.));
#452 = SURFACE_CURVE('',#453,(#457,#464),.PCURVE_S1.);
#453 = LINE('',#454,#455);
#454 = CARTESIAN_POINT('',(-34.77295483223,-20.16681828291,-150.));
#455 = VECTOR('',#456,1.);
#456 = DIRECTION('',(0.59569930559,-0.803207530666,0.));
#457 = PCURVE('',#173,#458);
#458 = DEFINITIONAL_REPRESENTATION('',(#459),#463);
#459 = LINE('',#460,#461);
#460 = CARTESIAN_POINT('',(-20.85811543789,34.772954832237));
#461 = VECTOR('',#462,1.);
#462 = DIRECTION('',(-0.803207530666,-0.59569930559));
#463 = ( GEOMETRIC_REPRESENTATION_CONTEXT(2) 
PARAMETRIC_REPRESENTATION_CONTEXT() REPRESENTATION_CONTEXT('2D SPACE',''
  ) );
#464 = PCURVE('',#465,#470);
#465 = PLANE('',#466);
#466 = AXIS2_PLACEMENT_3D('',#467,#468,#469);
#467 = CARTESIAN_POINT('',(-34.77295483223,-20.16681828291,-150.));
#468 = DIRECTION('',(0.803207530666,0.59569930559,-0.));
#469 = DIRECTION('',(0.59569930559,-0.803207530666,0.));
#470 = DEFINITIONAL_REPRESENTATION('',(#471),#475);
#471 = LINE('',#472,#473);
#472 = CARTESIAN_POINT('',(0.,0.));
#473 = VECTOR('',#474,1.);
#474 = DIRECTION('',(1.,0.));
#475 = ( GEOMETRIC_REPRESENTATION_CONTEXT(2) 
PARAMETRIC_REPRESENTATION_CONTEXT() REPRESENTATION_CONTEXT('2D SPACE',''
  ) );
#476 = ORIENTED_EDGE('',*,*,#477,.T.);
#477 = EDGE_CURVE('',#450,#478,#480,.T.);
#478 = VERTEX_POINT('',#479);
#479 = CARTESIAN_POINT('',(-34.6236894389,-20.3486986909,-150.));
#480 = SURFACE_CURVE('',#481,(#485,#492),.PCURVE_S1.);
#481 = LINE('',#482,#483);
#482 = CARTESIAN_POINT('',(-34.70278974122,-20.26142495605,-150.));
#483 = VECTOR('',#484,1.);
#484 = DIRECTION('',(0.671558953977,-0.740951126143,0.));
#485 = PCURVE('',#173,#486);
#486 = DEFINITIONAL_REPRESENTATION('',(#487),#491);
#487 = LINE('',#488,#489);
#488 = CARTESIAN_POINT('',(-20.95272211102,34.702789741226));
#489 = VECTOR('',#490,1.);
#490 = DIRECTION('',(-0.740951126143,-0.671558953977));
#491 = ( GEOMETRIC_REPRESENTATION_CONTEXT(2) 
PARAMETRIC_REPRESENTATION_CONTEXT() REPRESENTATION_CONTEXT('2D SPACE',''
  ) );
#492 = PCURVE('',#493,#498);
#493 = PLANE('',#494);
#494 = AXIS2_PLACEMENT_3D('',#495,#496,#497);
#495 = CARTESIAN_POINT('',(-34.70278974122,-20.26142495605,-150.));
#496 = DIRECTION('',(0.740951126143,0.671558953977,-0.));
#497 = DIRECTION('',(0.671558953977,-0.740951126143,0.));
#498 = DEFINITIONAL_REPRESENTATION('',(#499),#503);
#499 = LINE('',#500,#501);
#500 = CARTESIAN_POINT('',(0.,0.));
#501 = VECTOR('',#502,1.);
#502 = DIRECTION('',(1.,0.));
#503 = ( GEOMETRIC_REPRESENTATION_CONTEXT(2) 
PARAMETRIC_REPRESENTATION_CONTEXT() REPRESENTATION_CONTEXT('2D SPACE',''
  ) );
#504 = ORIENTED_EDGE('',*,*,#505,.T.);
#505 = EDGE_CURVE('',#478,#506,#508,.T.);
#506 = VERTEX_POINT('',#507);
#507 = CARTESIAN_POINT('',(-34.53641570405,-20.42779899322,-150.));
#508 = SURFACE_CURVE('',#509,(#513,#520),.PCURVE_S1.);
#509 = LINE('',#510,#511);
#510 = CARTESIAN_POINT('',(-34.6236894389,-20.3486986909,-150.));
#511 = VECTOR('',#512,1.);
#512 = DIRECTION('',(0.740951126143,-0.671558953977,0.));
#513 = PCURVE('',#173,#514);
#514 = DEFINITIONAL_REPRESENTATION('',(#515),#519);
#515 = LINE('',#516,#517);
#516 = CARTESIAN_POINT('',(-21.03999584587,34.623689438902));
#517 = VECTOR('',#518,1.);
#518 = DIRECTION('',(-0.671558953977,-0.740951126143));
#519 = ( GEOMETRIC_REPRESENTATION_CONTEXT(2) 
PARAMETRIC_REPRESENTATION_CONTEXT() REPRESENTATION_CONTEXT('2D SPACE',''
  ) );
#520 = PCURVE('',#521,#526);
#521 = PLANE('',#522);
#522 = AXIS2_PLACEMENT_3D('',#523,#524,#525);
#523 = CARTESIAN_POINT('',(-34.6236894389,-20.3486986909,-150.));
#524 = DIRECTION('',(0.671558953977,0.740951126143,-0.));
#525 = DIRECTION('',(0.740951126143,-0.671558953977,0.));
#526 = DEFINITIONAL_REPRESENTATION('',(#527),#531);
#527 = LINE('',#528,#529);
#528 = CARTESIAN_POINT('',(0.,0.));
#529 = VECTOR('',#530,1.);
#530 = DIRECTION('',(1.,0.));
#531 = ( GEOMETRIC_REPRESENTATION_CONTEXT(2) 
PARAMETRIC_REPRESENTATION_CONTEXT() REPRESENTATION_CONTEXT('2D SPACE',''
  ) );
#532 = ORIENTED_EDGE('',*,*,#533,.T.);
#533 = EDGE_CURVE('',#506,#534,#536,.T.);
#534 = VERTEX_POINT('',#535);
#535 = CARTESIAN_POINT('',(-34.44180903049,-20.49796408455,-150.));
#536 = SURFACE_CURVE('',#537,(#541,#548),.PCURVE_S1.);
#537 = LINE('',#538,#539);
#538 = CARTESIAN_POINT('',(-34.53641570405,-20.42779899322,-150.));
#539 = VECTOR('',#540,1.);
#540 = DIRECTION('',(0.803207530666,-0.59569930559,0.));
#541 = PCURVE('',#173,#542);
#542 = DEFINITIONAL_REPRESENTATION('',(#543),#547);
#543 = LINE('',#544,#545);
#544 = CARTESIAN_POINT('',(-21.1190961482,34.536415704052));
#545 = VECTOR('',#546,1.);
#546 = DIRECTION('',(-0.59569930559,-0.803207530666));
#547 = ( GEOMETRIC_REPRESENTATION_CONTEXT(2) 
PARAMETRIC_REPRESENTATION_CONTEXT() REPRESENTATION_CONTEXT('2D SPACE',''
  ) );
#548 = PCURVE('',#549,#554);
#549 = PLANE('',#550);
#550 = AXIS2_PLACEMENT_3D('',#551,#552,#553);
#551 = CARTESIAN_POINT('',(-34.53641570405,-20.42779899322,-150.));
#552 = DIRECTION('',(0.59569930559,0.803207530666,-0.));
#553 = DIRECTION('',(0.803207530666,-0.59569930559,0.));
#554 = DEFINITIONAL_REPRESENTATION('',(#555),#559);
#555 = LINE('',#556,#557);
#556 = CARTESIAN_POINT('',(0.,0.));
#557 = VECTOR('',#558,1.);
#558 = DIRECTION('',(1.,0.));
#559 = ( GEOMETRIC_REPRESENTATION_CONTEXT(2) 
PARAMETRIC_REPRESENTATION_CONTEXT() REPRESENTATION_CONTEXT('2D SPACE',''
  ) );
#560 = ORIENTED_EDGE('',*,*,#561,.T.);
#561 = EDGE_CURVE('',#534,#562,#564,.T.);
#562 = VERTEX_POINT('',#563);
#563 = CARTESIAN_POINT('',(-34.34780454596,-20.55430820364,-150.));
#564 = SURFACE_CURVE('',#565,(#569,#576),.PCURVE_S1.);
#565 = LINE('',#566,#567);
#566 = CARTESIAN_POINT('',(-34.44180903049,-20.49796408455,-150.));
#567 = VECTOR('',#568,1.);
#568 = DIRECTION('',(0.857728612378,-0.514102740226,0.));
#569 = PCURVE('',#173,#570);
#570 = DEFINITIONAL_REPRESENTATION('',(#571),#575);
#571 = LINE('',#572,#573);
#572 = CARTESIAN_POINT('',(-21.18926123952,34.441809030497));
#573 = VECTOR('',#574,1.);
#574 = DIRECTION('',(-0.514102740226,-0.857728612378));
#575 = ( GEOMETRIC_REPRESENTATION_CONTEXT(2) 
PARAMETRIC_REPRESENTATION_CONTEXT() REPRESENTATION_CONTEXT('2D SPACE',''
  ) );
#576 = PCURVE('',#577,#582);
#577 = PLANE('',#578);
#578 = AXIS2_PLACEMENT_3D('',#579,#580,#581);
#579 = CARTESIAN_POINT('',(-34.44180903049,-20.49796408455,-150.));
#580 = DIRECTION('',(0.514102740226,0.857728612378,-0.));
#581 = DIRECTION('',(0.857728612378,-0.514102740226,0.));
#582 = DEFINITIONAL_REPRESENTATION('',(#583),#587);
#583 = LINE('',#584,#585);
#584 = CARTESIAN_POINT('',(0.,0.));
#585 = VECTOR('',#586,1.);
#586 = DIRECTION('',(1.,0.));
#587 = ( GEOMETRIC_REPRESENTATION_CONTEXT(2) 
PARAMETRIC_REPRESENTATION_CONTEXT() REPRESENTATION_CONTEXT('2D SPACE',''
  ) );
#588 = ORIENTED_EDGE('',*,*,#589,.T.);
#589 = EDGE_CURVE('',#562,#590,#592,.T.);
#590 = VERTEX_POINT('',#591);
#591 = CARTESIAN_POINT('',(-0.564307629158,-40.05921924307,-150.));
#592 = SURFACE_CURVE('',#593,(#597,#604),.PCURVE_S1.);
#593 = LINE('',#594,#595);
#594 = CARTESIAN_POINT('',(-34.34780454596,-20.55430820364,-150.));
#595 = VECTOR('',#596,1.);
#596 = DIRECTION('',(0.866025403781,-0.500000000007,0.));
#597 = PCURVE('',#173,#598);
#598 = DEFINITIONAL_REPRESENTATION('',(#599),#603);
#599 = LINE('',#600,#601);
#600 = CARTESIAN_POINT('',(-21.24560535862,34.347804545969));
#601 = VECTOR('',#602,1.);
#602 = DIRECTION('',(-0.500000000007,-0.866025403781));
#603 = ( GEOMETRIC_REPRESENTATION_CONTEXT(2) 
PARAMETRIC_REPRESENTATION_CONTEXT() REPRESENTATION_CONTEXT('2D SPACE',''
  ) );
#604 = PCURVE('',#605,#610);
#605 = PLANE('',#606);
#606 = AXIS2_PLACEMENT_3D('',#607,#608,#609);
#607 = CARTESIAN_POINT('',(-34.34780454596,-20.55430820364,-150.));
#608 = DIRECTION('',(0.500000000007,0.866025403781,-0.));
#609 = DIRECTION('',(0.866025403781,-0.500000000007,0.));
#610 = DEFINITIONAL_REPRESENTATION('',(#611),#615);
#611 = LINE('',#612,#613);
#612 = CARTESIAN_POINT('',(0.,0.));
#613 = VECTOR('',#614,1.);
#614 = DIRECTION('',(1.,0.));
#615 = ( GEOMETRIC_REPRESENTATION_CONTEXT(2) 
PARAMETRIC_REPRESENTATION_CONTEXT() REPRESENTATION_CONTEXT('2D SPACE',''
  ) );
#616 = ORIENTED_EDGE('',*,*,#617,.T.);
#617 = EDGE_CURVE('',#590,#618,#620,.T.);
#618 = VERTEX_POINT('',#619);
#619 = CARTESIAN_POINT('',(-0.459312421795,-40.10887827848,-150.));
#620 = SURFACE_CURVE('',#621,(#625,#632),.PCURVE_S1.);
#621 = LINE('',#622,#623);
#622 = CARTESIAN_POINT('',(-0.564307629158,-40.05921924307,-150.));
#623 = VECTOR('',#624,1.);
#624 = DIRECTION('',(0.903989290831,-0.427555098278,0.));
#625 = PCURVE('',#173,#626);
#626 = DEFINITIONAL_REPRESENTATION('',(#627),#631);
#627 = LINE('',#628,#629);
#628 = CARTESIAN_POINT('',(-40.75051639805,0.564307629158));
#629 = VECTOR('',#630,1.);
#630 = DIRECTION('',(-0.427555098278,-0.903989290831));
#631 = ( GEOMETRIC_REPRESENTATION_CONTEXT(2) 
PARAMETRIC_REPRESENTATION_CONTEXT() REPRESENTATION_CONTEXT('2D SPACE',''
  ) );
#632 = PCURVE('',#633,#638);
#633 = PLANE('',#634);
#634 = AXIS2_PLACEMENT_3D('',#635,#636,#637);
#635 = CARTESIAN_POINT('',(-0.564307629158,-40.05921924307,-150.));
#636 = DIRECTION('',(0.427555098278,0.903989290831,-0.));
#637 = DIRECTION('',(0.903989290831,-0.427555098278,0.));
#638 = DEFINITIONAL_REPRESENTATION('',(#639),#643);
#639 = LINE('',#640,#641);
#640 = CARTESIAN_POINT('',(0.,0.));
#641 = VECTOR('',#642,1.);
#642 = DIRECTION('',(1.,0.));
#643 = ( GEOMETRIC_REPRESENTATION_CONTEXT(2) 
PARAMETRIC_REPRESENTATION_CONTEXT() REPRESENTATION_CONTEXT('2D SPACE',''
  ) );
#644 = ORIENTED_EDGE('',*,*,#645,.T.);
#645 = EDGE_CURVE('',#618,#646,#648,.T.);
#646 = VERTEX_POINT('',#647);
#647 = CARTESIAN_POINT('',(-0.348411628171,-40.14855921672,-150.));
#648 = SURFACE_CURVE('',#649,(#653,#660),.PCURVE_S1.);
#649 = LINE('',#650,#651);
#650 = CARTESIAN_POINT('',(-0.459312421795,-40.10887827848,-150.));
#651 = VECTOR('',#652,1.);
#652 = DIRECTION('',(0.941544065769,-0.336889851754,0.));
#653 = PCURVE('',#173,#654);
#654 = DEFINITIONAL_REPRESENTATION('',(#655),#659);
#655 = LINE('',#656,#657);
#656 = CARTESIAN_POINT('',(-40.80017543346,0.459312421795));
#657 = VECTOR('',#658,1.);
#658 = DIRECTION('',(-0.336889851754,-0.941544065769));
#659 = ( GEOMETRIC_REPRESENTATION_CONTEXT(2) 
PARAMETRIC_REPRESENTATION_CONTEXT() REPRESENTATION_CONTEXT('2D SPACE',''
  ) );
#660 = PCURVE('',#661,#666);
#661 = PLANE('',#662);
#662 = AXIS2_PLACEMENT_3D('',#663,#664,#665);
#663 = CARTESIAN_POINT('',(-0.459312421795,-40.10887827848,-150.));
#664 = DIRECTION('',(0.336889851754,0.941544065769,-0.));
#665 = DIRECTION('',(0.941544065769,-0.336889851754,0.));
#666 = DEFINITIONAL_REPRESENTATION('',(#667),#671);
#667 = LINE('',#668,#669);
#668 = CARTESIAN_POINT('',(0.,0.));
#669 = VECTOR('',#670,1.);
#670 = DIRECTION('',(1.,0.));
#671 = ( GEOMETRIC_REPRESENTATION_CONTEXT(2) 
PARAMETRIC_REPRESENTATION_CONTEXT() REPRESENTATION_CONTEXT('2D SPACE',''
  ) );
#672 = ORIENTED_EDGE('',*,*,#673,.T.);
#673 = EDGE_CURVE('',#646,#674,#676,.T.);
#674 = VERTEX_POINT('',#675);
#675 = CARTESIAN_POINT('',(-0.234155442123,-40.17717890071,-150.));
#676 = SURFACE_CURVE('',#677,(#681,#688),.PCURVE_S1.);
#677 = LINE('',#678,#679);
#678 = CARTESIAN_POINT('',(-0.348411628171,-40.14855921672,-150.));
#679 = VECTOR('',#680,1.);
#680 = DIRECTION('',(0.970031254663,-0.242980174042,0.));
#681 = PCURVE('',#173,#682);
#682 = DEFINITIONAL_REPRESENTATION('',(#683),#687);
#683 = LINE('',#684,#685);
#684 = CARTESIAN_POINT('',(-40.8398563717,0.348411628171));
#685 = VECTOR('',#686,1.);
#686 = DIRECTION('',(-0.242980174042,-0.970031254663));
#687 = ( GEOMETRIC_REPRESENTATION_CONTEXT(2) 
PARAMETRIC_REPRESENTATION_CONTEXT() REPRESENTATION_CONTEXT('2D SPACE',''
  ) );
#688 = PCURVE('',#689,#694);
#689 = PLANE('',#690);
#690 = AXIS2_PLACEMENT_3D('',#691,#692,#693);
#691 = CARTESIAN_POINT('',(-0.348411628171,-40.14855921672,-150.));
#692 = DIRECTION('',(0.242980174042,0.970031254663,-0.));
#693 = DIRECTION('',(0.970031254663,-0.242980174042,0.));
#694 = DEFINITIONAL_REPRESENTATION('',(#695),#699);
#695 = LINE('',#696,#697);
#696 = CARTESIAN_POINT('',(0.,0.));
#697 = VECTOR('',#698,1.);
#698 = DIRECTION('',(1.,0.));
#699 = ( GEOMETRIC_REPRESENTATION_CONTEXT(2) 
PARAMETRIC_REPRESENTATION_CONTEXT() REPRESENTATION_CONTEXT('2D SPACE',''
  ) );
#700 = ORIENTED_EDGE('',*,*,#701,.T.);
#701 = EDGE_CURVE('',#674,#702,#704,.T.);
#702 = VERTEX_POINT('',#703);
#703 = CARTESIAN_POINT('',(-0.117644210107,-40.1944617102,-150.));
#704 = SURFACE_CURVE('',#705,(#709,#716),.PCURVE_S1.);
#705 = LINE('',#706,#707);
#706 = CARTESIAN_POINT('',(-0.234155442123,-40.17717890071,-150.));
#707 = VECTOR('',#708,1.);
#708 = DIRECTION('',(0.989176508952,-0.146730481281,0.));
#709 = PCURVE('',#173,#710);
#710 = DEFINITIONAL_REPRESENTATION('',(#711),#715);
#711 = LINE('',#712,#713);
#712 = CARTESIAN_POINT('',(-40.86847605569,0.234155442123));
#713 = VECTOR('',#714,1.);
#714 = DIRECTION('',(-0.146730481281,-0.989176508952));
#715 = ( GEOMETRIC_REPRESENTATION_CONTEXT(2) 
PARAMETRIC_REPRESENTATION_CONTEXT() REPRESENTATION_CONTEXT('2D SPACE',''
  ) );
#716 = PCURVE('',#717,#722);
#717 = PLANE('',#718);
#718 = AXIS2_PLACEMENT_3D('',#719,#720,#721);
#719 = CARTESIAN_POINT('',(-0.234155442123,-40.17717890071,-150.));
#720 = DIRECTION('',(0.146730481281,0.989176508952,-0.));
#721 = DIRECTION('',(0.989176508952,-0.146730481281,0.));
#722 = DEFINITIONAL_REPRESENTATION('',(#723),#727);
#723 = LINE('',#724,#725);
#724 = CARTESIAN_POINT('',(0.,0.));
#725 = VECTOR('',#726,1.);
#726 = DIRECTION('',(1.,0.));
#727 = ( GEOMETRIC_REPRESENTATION_CONTEXT(2) 
PARAMETRIC_REPRESENTATION_CONTEXT() REPRESENTATION_CONTEXT('2D SPACE',''
  ) );
#728 = ORIENTED_EDGE('',*,*,#729,.T.);
#729 = EDGE_CURVE('',#702,#730,#732,.T.);
#730 = VERTEX_POINT('',#731);
#731 = CARTESIAN_POINT('',(0.,-40.20024119926,-150.));
#732 = SURFACE_CURVE('',#733,(#737,#744),.PCURVE_S1.);
#733 = LINE('',#734,#735);
#734 = CARTESIAN_POINT('',(-0.117644210107,-40.1944617102,-150.));
#735 = VECTOR('',#736,1.);
#736 = DIRECTION('',(0.998795456361,-4.906767115971E-02,0.));
#737 = PCURVE('',#173,#738);
#738 = DEFINITIONAL_REPRESENTATION('',(#739),#743);
#739 = LINE('',#740,#741);
#740 = CARTESIAN_POINT('',(-40.88575886517,0.117644210107));
#741 = VECTOR('',#742,1.);
#742 = DIRECTION('',(-4.906767115971E-02,-0.998795456361));
#743 = ( GEOMETRIC_REPRESENTATION_CONTEXT(2) 
PARAMETRIC_REPRESENTATION_CONTEXT() REPRESENTATION_CONTEXT('2D SPACE',''
  ) );
#744 = PCURVE('',#745,#750);
#745 = PLANE('',#746);
#746 = AXIS2_PLACEMENT_3D('',#747,#748,#749);
#747 = CARTESIAN_POINT('',(-0.117644210107,-40.1944617102,-150.));
#748 = DIRECTION('',(4.906767115971E-02,0.998795456361,-0.));
#749 = DIRECTION('',(0.998795456361,-4.906767115971E-02,0.));
#750 = DEFINITIONAL_REPRESENTATION('',(#751),#755);
#751 = LINE('',#752,#753);
#752 = CARTESIAN_POINT('',(0.,0.));
#753 = VECTOR('',#754,1.);
#754 = DIRECTION('',(1.,0.));
#755 = ( GEOMETRIC_REPRESENTATION_CONTEXT(2) 
PARAMETRIC_REPRESENTATION_CONTEXT() REPRESENTATION_CONTEXT('2D SPACE',''
  ) );
#756 = ORIENTED_EDGE('',*,*,#757,.T.);
#757 = EDGE_CURVE('',#730,#758,#760,.T.);
#758 = VERTEX_POINT('',#759);
#759 = CARTESIAN_POINT('',(0.117644210107,-40.1944617102,-150.));
#760 = SURFACE_CURVE('',#761,(#765,#772),.PCURVE_S1.);
#761 = LINE('',#762,#763);
#762 = CARTESIAN_POINT('',(0.,-40.20024119926,-150.));
#763 = VECTOR('',#764,1.);
#764 = DIRECTION('',(0.998795456361,4.906767115971E-02,0.));
#765 = PCURVE('',#173,#766);
#766 = DEFINITIONAL_REPRESENTATION('',(#767),#771);
#767 = LINE('',#768,#769);
#768 = CARTESIAN_POINT('',(-40.89153835424,9.343651929881E-16));
#769 = VECTOR('',#770,1.);
#770 = DIRECTION('',(4.906767115971E-02,-0.998795456361));
#771 = ( GEOMETRIC_REPRESENTATION_CONTEXT(2) 
PARAMETRIC_REPRESENTATION_CONTEXT() REPRESENTATION_CONTEXT('2D SPACE',''
  ) );
#772 = PCURVE('',#773,#778);
#773 = PLANE('',#774);
#774 = AXIS2_PLACEMENT_3D('',#775,#776,#777);
#775 = CARTESIAN_POINT('',(0.,-40.20024119926,-150.));
#776 = DIRECTION('',(-4.906767115971E-02,0.998795456361,0.));
#777 = DIRECTION('',(0.998795456361,4.906767115971E-02,0.));
#778 = DEFINITIONAL_REPRESENTATION('',(#779),#783);
#779 = LINE('',#780,#781);
#780 = CARTESIAN_POINT('',(0.,0.));
#781 = VECTOR('',#782,1.);
#782 = DIRECTION('',(1.,0.));
#783 = ( GEOMETRIC_REPRESENTATION_CONTEXT(2) 
PARAMETRIC_REPRESENTATION_CONTEXT() REPRESENTATION_CONTEXT('2D SPACE',''
  ) );
#784 = ORIENTED_EDGE('',*,*,#785,.T.);
#785 = EDGE_CURVE('',#758,#786,#788,.T.);
#786 = VERTEX_POINT('',#787);
#787 = CARTESIAN_POINT('',(0.234155442123,-40.17717890071,-150.));
#788 = SURFACE_CURVE('',#789,(#793,#800),.PCURVE_S1.);
#789 = LINE('',#790,#791);
#790 = CARTESIAN_POINT('',(0.117644210107,-40.1944617102,-150.));
#791 = VECTOR('',#792,1.);
#792 = DIRECTION('',(0.989176508952,0.146730481281,0.));
#793 = PCURVE('',#173,#794);
#794 = DEFINITIONAL_REPRESENTATION('',(#795),#799);
#795 = LINE('',#796,#797);
#796 = CARTESIAN_POINT('',(-40.88575886517,-0.117644210107));
#797 = VECTOR('',#798,1.);
#798 = DIRECTION('',(0.146730481281,-0.989176508952));
#799 = ( GEOMETRIC_REPRESENTATION_CONTEXT(2) 
PARAMETRIC_REPRESENTATION_CONTEXT() REPRESENTATION_CONTEXT('2D SPACE',''
  ) );
#800 = PCURVE('',#801,#806);
#801 = PLANE('',#802);
#802 = AXIS2_PLACEMENT_3D('',#803,#804,#805);
#803 = CARTESIAN_POINT('',(0.117644210107,-40.1944617102,-150.));
#804 = DIRECTION('',(-0.146730481281,0.989176508952,0.));
#805 = DIRECTION('',(0.989176508952,0.146730481281,0.));
#806 = DEFINITIONAL_REPRESENTATION('',(#807),#811);
#807 = LINE('',#808,#809);
#808 = CARTESIAN_POINT('',(0.,0.));
#809 = VECTOR('',#810,1.);
#810 = DIRECTION('',(1.,0.));
#811 = ( GEOMETRIC_REPRESENTATION_CONTEXT(2) 
PARAMETRIC_REPRESENTATION_CONTEXT() REPRESENTATION_CONTEXT('2D SPACE',''
  ) );
#812 = ORIENTED_EDGE('',*,*,#813,.T.);
#813 = EDGE_CURVE('',#786,#814,#816,.T.);
#814 = VERTEX_POINT('',#815);
#815 = CARTESIAN_POINT('',(0.348411628171,-40.14855921672,-150.));
#816 = SURFACE_CURVE('',#817,(#821,#828),.PCURVE_S1.);
#817 = LINE('',#818,#819);
#818 = CARTESIAN_POINT('',(0.234155442123,-40.17717890071,-150.));
#819 = VECTOR('',#820,1.);
#820 = DIRECTION('',(0.970031254663,0.242980174042,0.));
#821 = PCURVE('',#173,#822);
#822 = DEFINITIONAL_REPRESENTATION('',(#823),#827);
#823 = LINE('',#824,#825);
#824 = CARTESIAN_POINT('',(-40.86847605569,-0.234155442123));
#825 = VECTOR('',#826,1.);
#826 = DIRECTION('',(0.242980174042,-0.970031254663));
#827 = ( GEOMETRIC_REPRESENTATION_CONTEXT(2) 
PARAMETRIC_REPRESENTATION_CONTEXT() REPRESENTATION_CONTEXT('2D SPACE',''
  ) );
#828 = PCURVE('',#829,#834);
#829 = PLANE('',#830);
#830 = AXIS2_PLACEMENT_3D('',#831,#832,#833);
#831 = CARTESIAN_POINT('',(0.234155442123,-40.17717890071,-150.));
#832 = DIRECTION('',(-0.242980174042,0.970031254663,0.));
#833 = DIRECTION('',(0.970031254663,0.242980174042,0.));
#834 = DEFINITIONAL_REPRESENTATION('',(#835),#839);
#835 = LINE('',#836,#837);
#836 = CARTESIAN_POINT('',(0.,0.));
#837 = VECTOR('',#838,1.);
#838 = DIRECTION('',(1.,0.));
#839 = ( GEOMETRIC_REPRESENTATION_CONTEXT(2) 
PARAMETRIC_REPRESENTATION_CONTEXT() REPRESENTATION_CONTEXT('2D SPACE',''
  ) );
#840 = ORIENTED_EDGE('',*,*,#841,.T.);
#841 = EDGE_CURVE('',#814,#842,#844,.T.);
#842 = VERTEX_POINT('',#843);
#843 = CARTESIAN_POINT('',(0.459312421795,-40.10887827848,-150.));
#844 = SURFACE_CURVE('',#845,(#849,#856),.PCURVE_S1.);
#845 = LINE('',#846,#847);
#846 = CARTESIAN_POINT('',(0.348411628171,-40.14855921672,-150.));
#847 = VECTOR('',#848,1.);
#848 = DIRECTION('',(0.941544065769,0.336889851754,0.));
#849 = PCURVE('',#173,#850);
#850 = DEFINITIONAL_REPRESENTATION('',(#851),#855);
#851 = LINE('',#852,#853);
#852 = CARTESIAN_POINT('',(-40.8398563717,-0.348411628171));
#853 = VECTOR('',#854,1.);
#854 = DIRECTION('',(0.336889851754,-0.941544065769));
#855 = ( GEOMETRIC_REPRESENTATION_CONTEXT(2) 
PARAMETRIC_REPRESENTATION_CONTEXT() REPRESENTATION_CONTEXT('2D SPACE',''
  ) );
#856 = PCURVE('',#857,#862);
#857 = PLANE('',#858);
#858 = AXIS2_PLACEMENT_3D('',#859,#860,#861);
#859 = CARTESIAN_POINT('',(0.348411628171,-40.14855921672,-150.));
#860 = DIRECTION('',(-0.336889851754,0.941544065769,0.));
#861 = DIRECTION('',(0.941544065769,0.336889851754,0.));
#862 = DEFINITIONAL_REPRESENTATION('',(#863),#867);
#863 = LINE('',#864,#865);
#864 = CARTESIAN_POINT('',(0.,0.));
#865 = VECTOR('',#866,1.);
#866 = DIRECTION('',(1.,0.));
#867 = ( GEOMETRIC_REPRESENTATION_CONTEXT(2) 
PARAMETRIC_REPRESENTATION_CONTEXT() REPRESENTATION_CONTEXT('2D SPACE',''
  ) );
#868 = ORIENTED_EDGE('',*,*,#869,.T.);
#869 = EDGE_CURVE('',#842,#870,#872,.T.);
#870 = VERTEX_POINT('',#871);
#871 = CARTESIAN_POINT('',(0.564307629158,-40.05921924307,-150.));
#872 = SURFACE_CURVE('',#873,(#877,#884),.PCURVE_S1.);
#873 = LINE('',#874,#875);
#874 = CARTESIAN_POINT('',(0.459312421795,-40.10887827848,-150.));
#875 = VECTOR('',#876,1.);
#876 = DIRECTION('',(0.903989290831,0.427555098278,0.));
#877 = PCURVE('',#173,#878);
#878 = DEFINITIONAL_REPRESENTATION('',(#879),#883);
#879 = LINE('',#880,#881);
#880 = CARTESIAN_POINT('',(-40.80017543346,-0.459312421795));
#881 = VECTOR('',#882,1.);
#882 = DIRECTION('',(0.427555098278,-0.903989290831));
#883 = ( GEOMETRIC_REPRESENTATION_CONTEXT(2) 
PARAMETRIC_REPRESENTATION_CONTEXT() REPRESENTATION_CONTEXT('2D SPACE',''
  ) );
#884 = PCURVE('',#885,#890);
#885 = PLANE('',#886);
#886 = AXIS2_PLACEMENT_3D('',#887,#888,#889);
#887 = CARTESIAN_POINT('',(0.459312421795,-40.10887827848,-150.));
#888 = DIRECTION('',(-0.427555098278,0.903989290831,0.));
#889 = DIRECTION('',(0.903989290831,0.427555098278,0.));
#890 = DEFINITIONAL_REPRESENTATION('',(#891),#895);
#891 = LINE('',#892,#893);
#892 = CARTESIAN_POINT('',(0.,0.));
#893 = VECTOR('',#894,1.);
#894 = DIRECTION('',(1.,0.));
#895 = ( GEOMETRIC_REPRESENTATION_CONTEXT(2) 
PARAMETRIC_REPRESENTATION_CONTEXT() REPRESENTATION_CONTEXT('2D SPACE',''
  ) );
#896 = ORIENTED_EDGE('',*,*,#897,.T.);
#897 = EDGE_CURVE('',#870,#898,#900,.T.);
#898 = VERTEX_POINT('',#899);
#899 = CARTESIAN_POINT('',(34.347804545969,-20.55430820364,-150.));
#900 = SURFACE_CURVE('',#901,(#905,#912),.PCURVE_S1.);
#901 = LINE('',#902,#903);
#902 = CARTESIAN_POINT('',(0.564307629158,-40.05921924307,-150.));
#903 = VECTOR('',#904,1.);
#904 = DIRECTION('',(0.866025403781,0.500000000007,0.));
#905 = PCURVE('',#173,#906);
#906 = DEFINITIONAL_REPRESENTATION('',(#907),#911);
#907 = LINE('',#908,#909);
#908 = CARTESIAN_POINT('',(-40.75051639805,-0.564307629158));
#909 = VECTOR('',#910,1.);
#910 = DIRECTION('',(0.500000000007,-0.866025403781));
#911 = ( GEOMETRIC_REPRESENTATION_CONTEXT(2) 
PARAMETRIC_REPRESENTATION_CONTEXT() REPRESENTATION_CONTEXT('2D SPACE',''
  ) );
#912 = PCURVE('',#913,#918);
#913 = PLANE('',#914);
#914 = AXIS2_PLACEMENT_3D('',#915,#916,#917);
#915 = CARTESIAN_POINT('',(0.564307629158,-40.05921924307,-150.));
#916 = DIRECTION('',(-0.500000000007,0.866025403781,0.));
#917 = DIRECTION('',(0.866025403781,0.500000000007,0.));
#918 = DEFINITIONAL_REPRESENTATION('',(#919),#923);
#919 = LINE('',#920,#921);
#920 = CARTESIAN_POINT('',(0.,0.));
#921 = VECTOR('',#922,1.);
#922 = DIRECTION('',(1.,0.));
#923 = ( GEOMETRIC_REPRESENTATION_CONTEXT(2) 
PARAMETRIC_REPRESENTATION_CONTEXT() REPRESENTATION_CONTEXT('2D SPACE',''
  ) );
#924 = ORIENTED_EDGE('',*,*,#925,.T.);
#925 = EDGE_CURVE('',#898,#926,#928,.T.);
#926 = VERTEX_POINT('',#927);
#927 = CARTESIAN_POINT('',(34.441809030497,-20.49796408455,-150.));
#928 = SURFACE_CURVE('',#929,(#933,#940),.PCURVE_S1.);
#929 = LINE('',#930,#931);
#930 = CARTESIAN_POINT('',(34.347804545969,-20.55430820364,-150.));
#931 = VECTOR('',#932,1.);
#932 = DIRECTION('',(0.857728612378,0.514102740226,0.));
#933 = PCURVE('',#173,#934);
#934 = DEFINITIONAL_REPRESENTATION('',(#935),#939);
#935 = LINE('',#936,#937);
#936 = CARTESIAN_POINT('',(-21.24560535862,-34.34780454596));
#937 = VECTOR('',#938,1.);
#938 = DIRECTION('',(0.514102740226,-0.857728612378));
#939 = ( GEOMETRIC_REPRESENTATION_CONTEXT(2) 
PARAMETRIC_REPRESENTATION_CONTEXT() REPRESENTATION_CONTEXT('2D SPACE',''
  ) );
#940 = PCURVE('',#941,#946);
#941 = PLANE('',#942);
#942 = AXIS2_PLACEMENT_3D('',#943,#944,#945);
#943 = CARTESIAN_POINT('',(34.347804545969,-20.55430820364,-150.));
#944 = DIRECTION('',(-0.514102740226,0.857728612378,0.));
#945 = DIRECTION('',(0.857728612378,0.514102740226,0.));
#946 = DEFINITIONAL_REPRESENTATION('',(#947),#951);
#947 = LINE('',#948,#949);
#948 = CARTESIAN_POINT('',(0.,0.));
#949 = VECTOR('',#950,1.);
#950 = DIRECTION('',(1.,0.));
#951 = ( GEOMETRIC_REPRESENTATION_CONTEXT(2) 
PARAMETRIC_REPRESENTATION_CONTEXT() REPRESENTATION_CONTEXT('2D SPACE',''
  ) );
#952 = ORIENTED_EDGE('',*,*,#953,.T.);
#953 = EDGE_CURVE('',#926,#954,#956,.T.);
#954 = VERTEX_POINT('',#955);
#955 = CARTESIAN_POINT('',(34.536415704052,-20.42779899322,-150.));
#956 = SURFACE_CURVE('',#957,(#961,#968),.PCURVE_S1.);
#957 = LINE('',#958,#959);
#958 = CARTESIAN_POINT('',(34.441809030497,-20.49796408455,-150.));
#959 = VECTOR('',#960,1.);
#960 = DIRECTION('',(0.803207530666,0.59569930559,0.));
#961 = PCURVE('',#173,#962);
#962 = DEFINITIONAL_REPRESENTATION('',(#963),#967);
#963 = LINE('',#964,#965);
#964 = CARTESIAN_POINT('',(-21.18926123952,-34.44180903049));
#965 = VECTOR('',#966,1.);
#966 = DIRECTION('',(0.59569930559,-0.803207530666));
#967 = ( GEOMETRIC_REPRESENTATION_CONTEXT(2) 
PARAMETRIC_REPRESENTATION_CONTEXT() REPRESENTATION_CONTEXT('2D SPACE',''
  ) );
#968 = PCURVE('',#969,#974);
#969 = PLANE('',#970);
#970 = AXIS2_PLACEMENT_3D('',#971,#972,#973);
#971 = CARTESIAN_POINT('',(34.441809030497,-20.49796408455,-150.));
#972 = DIRECTION('',(-0.59569930559,0.803207530666,0.));
#973 = DIRECTION('',(0.803207530666,0.59569930559,0.));
#974 = DEFINITIONAL_REPRESENTATION('',(#975),#979);
#975 = LINE('',#976,#977);
#976 = CARTESIAN_POINT('',(0.,0.));
#977 = VECTOR('',#978,1.);
#978 = DIRECTION('',(1.,0.));
#979 = ( GEOMETRIC_REPRESENTATION_CONTEXT(2) 
PARAMETRIC_REPRESENTATION_CONTEXT() REPRESENTATION_CONTEXT('2D SPACE',''
  ) );
#980 = ORIENTED_EDGE('',*,*,#981,.T.);
#981 = EDGE_CURVE('',#954,#982,#984,.T.);
#982 = VERTEX_POINT('',#983);
#983 = CARTESIAN_POINT('',(34.623689438902,-20.3486986909,-150.));
#984 = SURFACE_CURVE('',#985,(#989,#996),.PCURVE_S1.);
#985 = LINE('',#986,#987);
#986 = CARTESIAN_POINT('',(34.536415704052,-20.42779899322,-150.));
#987 = VECTOR('',#988,1.);
#988 = DIRECTION('',(0.740951126143,0.671558953977,0.));
#989 = PCURVE('',#173,#990);
#990 = DEFINITIONAL_REPRESENTATION('',(#991),#995);
#991 = LINE('',#992,#993);
#992 = CARTESIAN_POINT('',(-21.1190961482,-34.53641570405));
#993 = VECTOR('',#994,1.);
#994 = DIRECTION('',(0.671558953977,-0.740951126143));
#995 = ( GEOMETRIC_REPRESENTATION_CONTEXT(2) 
PARAMETRIC_REPRESENTATION_CONTEXT() REPRESENTATION_CONTEXT('2D SPACE',''
  ) );
#996 = PCURVE('',#997,#1002);
#997 = PLANE('',#998);
#998 = AXIS2_PLACEMENT_3D('',#999,#1000,#1001);
#999 = CARTESIAN_POINT('',(34.536415704052,-20.42779899322,-150.));
#1000 = DIRECTION('',(-0.671558953977,0.740951126143,0.));
#1001 = DIRECTION('',(0.740951126143,0.671558953977,0.));
#1002 = DEFINITIONAL_REPRESENTATION('',(#1003),#1007);
#1003 = LINE('',#1004,#1005);
#1004 = CARTESIAN_POINT('',(0.,0.));
#1005 = VECTOR('',#1006,1.);
#1006 = DIRECTION('',(1.,0.));
#1007 = ( GEOMETRIC_REPRESENTATION_CONTEXT(2) 
PARAMETRIC_REPRESENTATION_CONTEXT() REPRESENTATION_CONTEXT('2D SPACE',''
  ) );
#1008 = ORIENTED_EDGE('',*,*,#1009,.T.);
#1009 = EDGE_CURVE('',#982,#1010,#1012,.T.);
#1010 = VERTEX_POINT('',#1011);
#1011 = CARTESIAN_POINT('',(34.702789741226,-20.26142495605,-150.));
#1012 = SURFACE_CURVE('',#1013,(#1017,#1024),.PCURVE_S1.);
#1013 = LINE('',#1014,#1015);
#1014 = CARTESIAN_POINT('',(34.623689438902,-20.3486986909,-150.));
#1015 = VECTOR('',#1016,1.);
#1016 = DIRECTION('',(0.671558953977,0.740951126143,0.));
#1017 = PCURVE('',#173,#1018);
#1018 = DEFINITIONAL_REPRESENTATION('',(#1019),#1023);
#1019 = LINE('',#1020,#1021);
#1020 = CARTESIAN_POINT('',(-21.03999584587,-34.6236894389));
#1021 = VECTOR('',#1022,1.);
#1022 = DIRECTION('',(0.740951126143,-0.671558953977));
#1023 = ( GEOMETRIC_REPRESENTATION_CONTEXT(2) 
PARAMETRIC_REPRESENTATION_CONTEXT() REPRESENTATION_CONTEXT('2D SPACE',''
  ) );
#1024 = PCURVE('',#1025,#1030);
#1025 = PLANE('',#1026);
#1026 = AXIS2_PLACEMENT_3D('',#1027,#1028,#1029);
#1027 = CARTESIAN_POINT('',(34.623689438902,-20.3486986909,-150.));
#1028 = DIRECTION('',(-0.740951126143,0.671558953977,0.));
#1029 = DIRECTION('',(0.671558953977,0.740951126143,0.));
#1030 = DEFINITIONAL_REPRESENTATION('',(#1031),#1035);
#1031 = LINE('',#1032,#1033);
#1032 = CARTESIAN_POINT('',(0.,0.));
#1033 = VECTOR('',#1034,1.);
#1034 = DIRECTION('',(1.,0.));
#1035 = ( GEOMETRIC_REPRESENTATION_CONTEXT(2) 
PARAMETRIC_REPRESENTATION_CONTEXT() REPRESENTATION_CONTEXT('2D SPACE',''
  ) );
#1036 = ORIENTED_EDGE('',*,*,#1037,.T.);
#1037 = EDGE_CURVE('',#1010,#1038,#1040,.T.);
#1038 = VERTEX_POINT('',#1039);
#1039 = CARTESIAN_POINT('',(34.772954832237,-20.16681828291,-150.));
#1040 = SURFACE_CURVE('',#1041,(#1045,#1052),.PCURVE_S1.);
#1041 = LINE('',#1042,#1043);
#1042 = CARTESIAN_POINT('',(34.702789741226,-20.26142495605,-150.));
#1043 = VECTOR('',#1044,1.);
#1044 = DIRECTION('',(0.59569930559,0.803207530666,0.));
#1045 = PCURVE('',#173,#1046);
#1046 = DEFINITIONAL_REPRESENTATION('',(#1047),#1051);
#1047 = LINE('',#1048,#1049);
#1048 = CARTESIAN_POINT('',(-20.95272211102,-34.70278974122));
#1049 = VECTOR('',#1050,1.);
#1050 = DIRECTION('',(0.803207530666,-0.59569930559));
#1051 = ( GEOMETRIC_REPRESENTATION_CONTEXT(2) 
PARAMETRIC_REPRESENTATION_CONTEXT() REPRESENTATION_CONTEXT('2D SPACE',''
  ) );
#1052 = PCURVE('',#1053,#1058);
#1053 = PLANE('',#1054);
#1054 = AXIS2_PLACEMENT_3D('',#1055,#1056,#1057);
#1055 = CARTESIAN_POINT('',(34.702789741226,-20.26142495605,-150.));
#1056 = DIRECTION('',(-0.803207530666,0.59569930559,0.));
#1057 = DIRECTION('',(0.59569930559,0.803207530666,0.));
#1058 = DEFINITIONAL_REPRESENTATION('',(#1059),#1063);
#1059 = LINE('',#1060,#1061);
#1060 = CARTESIAN_POINT('',(0.,0.));
#1061 = VECTOR('',#1062,1.);
#1062 = DIRECTION('',(1.,0.));
#1063 = ( GEOMETRIC_REPRESENTATION_CONTEXT(2) 
PARAMETRIC_REPRESENTATION_CONTEXT() REPRESENTATION_CONTEXT('2D SPACE',''
  ) );
#1064 = ORIENTED_EDGE('',*,*,#1065,.T.);
#1065 = EDGE_CURVE('',#1038,#1066,#1068,.T.);
#1066 = VERTEX_POINT('',#1067);
#1067 = CARTESIAN_POINT('',(34.833508983828,-20.06578978465,-150.));
#1068 = SURFACE_CURVE('',#1069,(#1073,#1080),.PCURVE_S1.);
#1069 = LINE('',#1070,#1071);
#1070 = CARTESIAN_POINT('',(34.772954832237,-20.16681828291,-150.));
#1071 = VECTOR('',#1072,1.);
#1072 = DIRECTION('',(0.51410274472,0.857728609685,0.));
#1073 = PCURVE('',#173,#1074);
#1074 = DEFINITIONAL_REPRESENTATION('',(#1075),#1079);
#1075 = LINE('',#1076,#1077);
#1076 = CARTESIAN_POINT('',(-20.85811543789,-34.77295483223));
#1077 = VECTOR('',#1078,1.);
#1078 = DIRECTION('',(0.857728609685,-0.51410274472));
#1079 = ( GEOMETRIC_REPRESENTATION_CONTEXT(2) 
PARAMETRIC_REPRESENTATION_CONTEXT() REPRESENTATION_CONTEXT('2D SPACE',''
  ) );
#1080 = PCURVE('',#1081,#1086);
#1081 = PLANE('',#1082);
#1082 = AXIS2_PLACEMENT_3D('',#1083,#1084,#1085);
#1083 = CARTESIAN_POINT('',(34.772954832237,-20.16681828291,-150.));
#1084 = DIRECTION('',(-0.857728609685,0.51410274472,0.));
#1085 = DIRECTION('',(0.51410274472,0.857728609685,0.));
#1086 = DEFINITIONAL_REPRESENTATION('',(#1087),#1091);
#1087 = LINE('',#1088,#1089);
#1088 = CARTESIAN_POINT('',(0.,0.));
#1089 = VECTOR('',#1090,1.);
#1090 = DIRECTION('',(1.,0.));
#1091 = ( GEOMETRIC_REPRESENTATION_CONTEXT(2) 
PARAMETRIC_REPRESENTATION_CONTEXT() REPRESENTATION_CONTEXT('2D SPACE',''
  ) );
#1092 = ORIENTED_EDGE('',*,*,#1093,.T.);
#1093 = EDGE_CURVE('',#1066,#1094,#1096,.T.);
#1094 = VERTEX_POINT('',#1095);
#1095 = CARTESIAN_POINT('',(34.883869025798,-19.95931242092,-150.));
#1096 = SURFACE_CURVE('',#1097,(#1101,#1108),.PCURVE_S1.);
#1097 = LINE('',#1098,#1099);
#1098 = CARTESIAN_POINT('',(34.833508983828,-20.06578978465,-150.));
#1099 = VECTOR('',#1100,1.);
#1100 = DIRECTION('',(0.42755508995,0.903989294769,0.));
#1101 = PCURVE('',#173,#1102);
#1102 = DEFINITIONAL_REPRESENTATION('',(#1103),#1107);
#1103 = LINE('',#1104,#1105);
#1104 = CARTESIAN_POINT('',(-20.75708693962,-34.83350898382));
#1105 = VECTOR('',#1106,1.);
#1106 = DIRECTION('',(0.903989294769,-0.42755508995));
#1107 = ( GEOMETRIC_REPRESENTATION_CONTEXT(2) 
PARAMETRIC_REPRESENTATION_CONTEXT() REPRESENTATION_CONTEXT('2D SPACE',''
  ) );
#1108 = PCURVE('',#1109,#1114);
#1109 = PLANE('',#1110);
#1110 = AXIS2_PLACEMENT_3D('',#1111,#1112,#1113);
#1111 = CARTESIAN_POINT('',(34.833508983828,-20.06578978465,-150.));
#1112 = DIRECTION('',(-0.903989294769,0.42755508995,0.));
#1113 = DIRECTION('',(0.42755508995,0.903989294769,0.));
#1114 = DEFINITIONAL_REPRESENTATION('',(#1115),#1119);
#1115 = LINE('',#1116,#1117);
#1116 = CARTESIAN_POINT('',(0.,0.));
#1117 = VECTOR('',#1118,1.);
#1118 = DIRECTION('',(1.,0.));
#1119 = ( GEOMETRIC_REPRESENTATION_CONTEXT(2) 
PARAMETRIC_REPRESENTATION_CONTEXT() REPRESENTATION_CONTEXT('2D SPACE',''
  ) );
#1120 = ORIENTED_EDGE('',*,*,#1121,.T.);
#1121 = EDGE_CURVE('',#1094,#1122,#1124,.T.);
#1122 = VERTEX_POINT('',#1123);
#1123 = CARTESIAN_POINT('',(34.923549963393,-19.8484116291,-150.));
#1124 = SURFACE_CURVE('',#1125,(#1129,#1136),.PCURVE_S1.);
#1125 = LINE('',#1126,#1127);
#1126 = CARTESIAN_POINT('',(34.883869025798,-19.95931242092,-150.));
#1127 = VECTOR('',#1128,1.);
#1128 = DIRECTION('',(0.336889851754,0.941544065769,0.));
#1129 = PCURVE('',#173,#1130);
#1130 = DEFINITIONAL_REPRESENTATION('',(#1131),#1135);
#1131 = LINE('',#1132,#1133);
#1132 = CARTESIAN_POINT('',(-20.6506095759,-34.88386902579));
#1133 = VECTOR('',#1134,1.);
#1134 = DIRECTION('',(0.941544065769,-0.336889851754));
#1135 = ( GEOMETRIC_REPRESENTATION_CONTEXT(2) 
PARAMETRIC_REPRESENTATION_CONTEXT() REPRESENTATION_CONTEXT('2D SPACE',''
  ) );
#1136 = PCURVE('',#1137,#1142);
#1137 = PLANE('',#1138);
#1138 = AXIS2_PLACEMENT_3D('',#1139,#1140,#1141);
#1139 = CARTESIAN_POINT('',(34.883869025798,-19.95931242092,-150.));
#1140 = DIRECTION('',(-0.941544065769,0.336889851754,0.));
#1141 = DIRECTION('',(0.336889851754,0.941544065769,0.));
#1142 = DEFINITIONAL_REPRESENTATION('',(#1143),#1147);
#1143 = LINE('',#1144,#1145);
#1144 = CARTESIAN_POINT('',(0.,0.));
#1145 = VECTOR('',#1146,1.);
#1146 = DIRECTION('',(1.,0.));
#1147 = ( GEOMETRIC_REPRESENTATION_CONTEXT(2) 
PARAMETRIC_REPRESENTATION_CONTEXT() REPRESENTATION_CONTEXT('2D SPACE',''
  ) );
#1148 = ORIENTED_EDGE('',*,*,#1149,.T.);
#1149 = EDGE_CURVE('',#1122,#1150,#1152,.T.);
#1150 = VERTEX_POINT('',#1151);
#1151 = CARTESIAN_POINT('',(34.952169648819,-19.73415544212,-150.));
#1152 = SURFACE_CURVE('',#1153,(#1157,#1164),.PCURVE_S1.);
#1153 = LINE('',#1154,#1155);
#1154 = CARTESIAN_POINT('',(34.923549963393,-19.8484116291,-150.));
#1155 = VECTOR('',#1156,1.);
#1156 = DIRECTION('',(0.24298018363,0.970031252261,0.));
#1157 = PCURVE('',#173,#1158);
#1158 = DEFINITIONAL_REPRESENTATION('',(#1159),#1163);
#1159 = LINE('',#1160,#1161);
#1160 = CARTESIAN_POINT('',(-20.53970878408,-34.92354996339));
#1161 = VECTOR('',#1162,1.);
#1162 = DIRECTION('',(0.970031252261,-0.24298018363));
#1163 = ( GEOMETRIC_REPRESENTATION_CONTEXT(2) 
PARAMETRIC_REPRESENTATION_CONTEXT() REPRESENTATION_CONTEXT('2D SPACE',''
  ) );
#1164 = PCURVE('',#1165,#1170);
#1165 = PLANE('',#1166);
#1166 = AXIS2_PLACEMENT_3D('',#1167,#1168,#1169);
#1167 = CARTESIAN_POINT('',(34.923549963393,-19.8484116291,-150.));
#1168 = DIRECTION('',(-0.970031252261,0.24298018363,0.));
#1169 = DIRECTION('',(0.24298018363,0.970031252261,0.));
#1170 = DEFINITIONAL_REPRESENTATION('',(#1171),#1175);
#1171 = LINE('',#1172,#1173);
#1172 = CARTESIAN_POINT('',(0.,0.));
#1173 = VECTOR('',#1174,1.);
#1174 = DIRECTION('',(1.,0.));
#1175 = ( GEOMETRIC_REPRESENTATION_CONTEXT(2) 
PARAMETRIC_REPRESENTATION_CONTEXT() REPRESENTATION_CONTEXT('2D SPACE',''
  ) );
#1176 = ORIENTED_EDGE('',*,*,#1177,.T.);
#1177 = EDGE_CURVE('',#1150,#1178,#1180,.T.);
#1178 = VERTEX_POINT('',#1179);
#1179 = CARTESIAN_POINT('',(34.969452457101,-19.6176442101,-150.));
#1180 = SURFACE_CURVE('',#1181,(#1185,#1192),.PCURVE_S1.);
#1181 = LINE('',#1182,#1183);
#1182 = CARTESIAN_POINT('',(34.952169648819,-19.73415544212,-150.));
#1183 = VECTOR('',#1184,1.);
#1184 = DIRECTION('',(0.14673047131,0.989176510431,0.));
#1185 = PCURVE('',#173,#1186);
#1186 = DEFINITIONAL_REPRESENTATION('',(#1187),#1191);
#1187 = LINE('',#1188,#1189);
#1188 = CARTESIAN_POINT('',(-20.4254525971,-34.95216964881));
#1189 = VECTOR('',#1190,1.);
#1190 = DIRECTION('',(0.989176510431,-0.14673047131));
#1191 = ( GEOMETRIC_REPRESENTATION_CONTEXT(2) 
PARAMETRIC_REPRESENTATION_CONTEXT() REPRESENTATION_CONTEXT('2D SPACE',''
  ) );
#1192 = PCURVE('',#1193,#1198);
#1193 = PLANE('',#1194);
#1194 = AXIS2_PLACEMENT_3D('',#1195,#1196,#1197);
#1195 = CARTESIAN_POINT('',(34.952169648819,-19.73415544212,-150.));
#1196 = DIRECTION('',(-0.989176510431,0.14673047131,0.));
#1197 = DIRECTION('',(0.14673047131,0.989176510431,0.));
#1198 = DEFINITIONAL_REPRESENTATION('',(#1199),#1203);
#1199 = LINE('',#1200,#1201);
#1200 = CARTESIAN_POINT('',(0.,0.));
#1201 = VECTOR('',#1202,1.);
#1202 = DIRECTION('',(1.,0.));
#1203 = ( GEOMETRIC_REPRESENTATION_CONTEXT(2) 
PARAMETRIC_REPRESENTATION_CONTEXT() REPRESENTATION_CONTEXT('2D SPACE',''
  ) );
#1204 = ORIENTED_EDGE('',*,*,#1205,.T.);
#1205 = EDGE_CURVE('',#1178,#1206,#1208,.T.);
#1206 = VERTEX_POINT('',#1207);
#1207 = CARTESIAN_POINT('',(34.974990748,-19.50490972512,-150.));
#1208 = SURFACE_CURVE('',#1209,(#1213,#1220),.PCURVE_S1.);
#1209 = LINE('',#1210,#1211);
#1210 = CARTESIAN_POINT('',(34.969452457101,-19.6176442101,-150.));
#1211 = VECTOR('',#1212,1.);
#1212 = DIRECTION('',(4.906768132523E-02,0.998795455861,0.));
#1213 = PCURVE('',#173,#1214);
#1214 = DEFINITIONAL_REPRESENTATION('',(#1215),#1219);
#1215 = LINE('',#1216,#1217);
#1216 = CARTESIAN_POINT('',(-20.30894136508,-34.9694524571));
#1217 = VECTOR('',#1218,1.);
#1218 = DIRECTION('',(0.998795455861,-4.906768132523E-02));
#1219 = ( GEOMETRIC_REPRESENTATION_CONTEXT(2) 
PARAMETRIC_REPRESENTATION_CONTEXT() REPRESENTATION_CONTEXT('2D SPACE',''
  ) );
#1220 = PCURVE('',#1221,#1226);
#1221 = PLANE('',#1222);
#1222 = AXIS2_PLACEMENT_3D('',#1223,#1224,#1225);
#1223 = CARTESIAN_POINT('',(34.969452457101,-19.6176442101,-150.));
#1224 = DIRECTION('',(-0.998795455861,4.906768132523E-02,0.));
#1225 = DIRECTION('',(4.906768132523E-02,0.998795455861,0.));
#1226 = DEFINITIONAL_REPRESENTATION('',(#1227),#1231);
#1227 = LINE('',#1228,#1229);
#1228 = CARTESIAN_POINT('',(0.,0.));
#1229 = VECTOR('',#1230,1.);
#1230 = DIRECTION('',(1.,0.));
#1231 = ( GEOMETRIC_REPRESENTATION_CONTEXT(2) 
PARAMETRIC_REPRESENTATION_CONTEXT() REPRESENTATION_CONTEXT('2D SPACE',''
  ) );
#1232 = ORIENTED_EDGE('',*,*,#1233,.T.);
#1233 = EDGE_CURVE('',#1206,#1234,#1236,.T.);
#1234 = VERTEX_POINT('',#1235);
#1235 = CARTESIAN_POINT('',(34.974990748,19.504909725123,-150.));
#1236 = SURFACE_CURVE('',#1237,(#1241,#1248),.PCURVE_S1.);
#1237 = LINE('',#1238,#1239);
#1238 = CARTESIAN_POINT('',(34.974990748,-19.50490972512,-150.));
#1239 = VECTOR('',#1240,1.);
#1240 = DIRECTION('',(0.,1.,0.));
#1241 = PCURVE('',#173,#1242);
#1242 = DEFINITIONAL_REPRESENTATION('',(#1243),#1247);
#1243 = LINE('',#1244,#1245);
#1244 = CARTESIAN_POINT('',(-20.1962068801,-34.974990748));
#1245 = VECTOR('',#1246,1.);
#1246 = DIRECTION('',(1.,5.518637272201E-80));
#1247 = ( GEOMETRIC_REPRESENTATION_CONTEXT(2) 
PARAMETRIC_REPRESENTATION_CONTEXT() REPRESENTATION_CONTEXT('2D SPACE',''
  ) );
#1248 = PCURVE('',#1249,#1254);
#1249 = PLANE('',#1250);
#1250 = AXIS2_PLACEMENT_3D('',#1251,#1252,#1253);
#1251 = CARTESIAN_POINT('',(34.974990748,-19.50490972512,-150.));
#1252 = DIRECTION('',(-1.,0.,0.));
#1253 = DIRECTION('',(0.,1.,0.));
#1254 = DEFINITIONAL_REPRESENTATION('',(#1255),#1259);
#1255 = LINE('',#1256,#1257);
#1256 = CARTESIAN_POINT('',(0.,0.));
#1257 = VECTOR('',#1258,1.);
#1258 = DIRECTION('',(1.,0.));
#1259 = ( GEOMETRIC_REPRESENTATION_CONTEXT(2) 
PARAMETRIC_REPRESENTATION_CONTEXT() REPRESENTATION_CONTEXT('2D SPACE',''
  ) );
#1260 = ORIENTED_EDGE('',*,*,#1261,.T.);
#1261 = EDGE_CURVE('',#1234,#1262,#1264,.T.);
#1262 = VERTEX_POINT('',#1263);
#1263 = CARTESIAN_POINT('',(34.969452457101,19.617644210107,-150.));
#1264 = SURFACE_CURVE('',#1265,(#1269,#1276),.PCURVE_S1.);
#1265 = LINE('',#1266,#1267);
#1266 = CARTESIAN_POINT('',(34.974990748,19.504909725123,-150.));
#1267 = VECTOR('',#1268,1.);
#1268 = DIRECTION('',(-4.906768132523E-02,0.998795455861,0.));
#1269 = PCURVE('',#173,#1270);
#1270 = DEFINITIONAL_REPRESENTATION('',(#1271),#1275);
#1271 = LINE('',#1272,#1273);
#1272 = CARTESIAN_POINT('',(18.813612570146,-34.974990748));
#1273 = VECTOR('',#1274,1.);
#1274 = DIRECTION('',(0.998795455861,4.906768132523E-02));
#1275 = ( GEOMETRIC_REPRESENTATION_CONTEXT(2) 
PARAMETRIC_REPRESENTATION_CONTEXT() REPRESENTATION_CONTEXT('2D SPACE',''
  ) );
#1276 = PCURVE('',#1277,#1282);
#1277 = PLANE('',#1278);
#1278 = AXIS2_PLACEMENT_3D('',#1279,#1280,#1281);
#1279 = CARTESIAN_POINT('',(34.974990748,19.504909725123,-150.));
#1280 = DIRECTION('',(-0.998795455861,-4.906768132523E-02,0.));
#1281 = DIRECTION('',(-4.906768132523E-02,0.998795455861,0.));
#1282 = DEFINITIONAL_REPRESENTATION('',(#1283),#1287);
#1283 = LINE('',#1284,#1285);
#1284 = CARTESIAN_POINT('',(0.,0.));
#1285 = VECTOR('',#1286,1.);
#1286 = DIRECTION('',(1.,0.));
#1287 = ( GEOMETRIC_REPRESENTATION_CONTEXT(2) 
PARAMETRIC_REPRESENTATION_CONTEXT() REPRESENTATION_CONTEXT('2D SPACE',''
  ) );
#1288 = ORIENTED_EDGE('',*,*,#1289,.T.);
#1289 = EDGE_CURVE('',#1262,#1290,#1292,.T.);
#1290 = VERTEX_POINT('',#1291);
#1291 = CARTESIAN_POINT('',(34.952169648819,19.734155442123,-150.));
#1292 = SURFACE_CURVE('',#1293,(#1297,#1304),.PCURVE_S1.);
#1293 = LINE('',#1294,#1295);
#1294 = CARTESIAN_POINT('',(34.969452457101,19.617644210107,-150.));
#1295 = VECTOR('',#1296,1.);
#1296 = DIRECTION('',(-0.14673047131,0.989176510431,0.));
#1297 = PCURVE('',#173,#1298);
#1298 = DEFINITIONAL_REPRESENTATION('',(#1299),#1303);
#1299 = LINE('',#1300,#1301);
#1300 = CARTESIAN_POINT('',(18.926347055131,-34.9694524571));
#1301 = VECTOR('',#1302,1.);
#1302 = DIRECTION('',(0.989176510431,0.14673047131));
#1303 = ( GEOMETRIC_REPRESENTATION_CONTEXT(2) 
PARAMETRIC_REPRESENTATION_CONTEXT() REPRESENTATION_CONTEXT('2D SPACE',''
  ) );
#1304 = PCURVE('',#1305,#1310);
#1305 = PLANE('',#1306);
#1306 = AXIS2_PLACEMENT_3D('',#1307,#1308,#1309);
#1307 = CARTESIAN_POINT('',(34.969452457101,19.617644210107,-150.));
#1308 = DIRECTION('',(-0.989176510431,-0.14673047131,0.));
#1309 = DIRECTION('',(-0.14673047131,0.989176510431,0.));
#1310 = DEFINITIONAL_REPRESENTATION('',(#1311),#1315);
#1311 = LINE('',#1312,#1313);
#1312 = CARTESIAN_POINT('',(0.,0.));
#1313 = VECTOR('',#1314,1.);
#1314 = DIRECTION('',(1.,0.));
#1315 = ( GEOMETRIC_REPRESENTATION_CONTEXT(2) 
PARAMETRIC_REPRESENTATION_CONTEXT() REPRESENTATION_CONTEXT('2D SPACE',''
  ) );
#1316 = ORIENTED_EDGE('',*,*,#1317,.T.);
#1317 = EDGE_CURVE('',#1290,#1318,#1320,.T.);
#1318 = VERTEX_POINT('',#1319);
#1319 = CARTESIAN_POINT('',(34.923549963393,19.848411629104,-150.));
#1320 = SURFACE_CURVE('',#1321,(#1325,#1332),.PCURVE_S1.);
#1321 = LINE('',#1322,#1323);
#1322 = CARTESIAN_POINT('',(34.952169648819,19.734155442123,-150.));
#1323 = VECTOR('',#1324,1.);
#1324 = DIRECTION('',(-0.24298018363,0.970031252261,0.));
#1325 = PCURVE('',#173,#1326);
#1326 = DEFINITIONAL_REPRESENTATION('',(#1327),#1331);
#1327 = LINE('',#1328,#1329);
#1328 = CARTESIAN_POINT('',(19.042858287146,-34.95216964881));
#1329 = VECTOR('',#1330,1.);
#1330 = DIRECTION('',(0.970031252261,0.24298018363));
#1331 = ( GEOMETRIC_REPRESENTATION_CONTEXT(2) 
PARAMETRIC_REPRESENTATION_CONTEXT() REPRESENTATION_CONTEXT('2D SPACE',''
  ) );
#1332 = PCURVE('',#1333,#1338);
#1333 = PLANE('',#1334);
#1334 = AXIS2_PLACEMENT_3D('',#1335,#1336,#1337);
#1335 = CARTESIAN_POINT('',(34.952169648819,19.734155442123,-150.));
#1336 = DIRECTION('',(-0.970031252261,-0.24298018363,0.));
#1337 = DIRECTION('',(-0.24298018363,0.970031252261,0.));
#1338 = DEFINITIONAL_REPRESENTATION('',(#1339),#1343);
#1339 = LINE('',#1340,#1341);
#1340 = CARTESIAN_POINT('',(0.,0.));
#1341 = VECTOR('',#1342,1.);
#1342 = DIRECTION('',(1.,0.));
#1343 = ( GEOMETRIC_REPRESENTATION_CONTEXT(2) 
PARAMETRIC_REPRESENTATION_CONTEXT() REPRESENTATION_CONTEXT('2D SPACE',''
  ) );
#1344 = ORIENTED_EDGE('',*,*,#1345,.T.);
#1345 = EDGE_CURVE('',#1318,#1346,#1348,.T.);
#1346 = VERTEX_POINT('',#1347);
#1347 = CARTESIAN_POINT('',(34.883869025798,19.959312420926,-150.));
#1348 = SURFACE_CURVE('',#1349,(#1353,#1360),.PCURVE_S1.);
#1349 = LINE('',#1350,#1351);
#1350 = CARTESIAN_POINT('',(34.923549963393,19.848411629104,-150.));
#1351 = VECTOR('',#1352,1.);
#1352 = DIRECTION('',(-0.336889851754,0.941544065769,0.));
#1353 = PCURVE('',#173,#1354);
#1354 = DEFINITIONAL_REPRESENTATION('',(#1355),#1359);
#1355 = LINE('',#1356,#1357);
#1356 = CARTESIAN_POINT('',(19.157114474127,-34.92354996339));
#1357 = VECTOR('',#1358,1.);
#1358 = DIRECTION('',(0.941544065769,0.336889851754));
#1359 = ( GEOMETRIC_REPRESENTATION_CONTEXT(2) 
PARAMETRIC_REPRESENTATION_CONTEXT() REPRESENTATION_CONTEXT('2D SPACE',''
  ) );
#1360 = PCURVE('',#1361,#1366);
#1361 = PLANE('',#1362);
#1362 = AXIS2_PLACEMENT_3D('',#1363,#1364,#1365);
#1363 = CARTESIAN_POINT('',(34.923549963393,19.848411629104,-150.));
#1364 = DIRECTION('',(-0.941544065769,-0.336889851754,0.));
#1365 = DIRECTION('',(-0.336889851754,0.941544065769,0.));
#1366 = DEFINITIONAL_REPRESENTATION('',(#1367),#1371);
#1367 = LINE('',#1368,#1369);
#1368 = CARTESIAN_POINT('',(0.,0.));
#1369 = VECTOR('',#1370,1.);
#1370 = DIRECTION('',(1.,0.));
#1371 = ( GEOMETRIC_REPRESENTATION_CONTEXT(2) 
PARAMETRIC_REPRESENTATION_CONTEXT() REPRESENTATION_CONTEXT('2D SPACE',''
  ) );
#1372 = ORIENTED_EDGE('',*,*,#1373,.T.);
#1373 = EDGE_CURVE('',#1346,#1374,#1376,.T.);
#1374 = VERTEX_POINT('',#1375);
#1375 = CARTESIAN_POINT('',(34.833508983828,20.06578978465,-150.));
#1376 = SURFACE_CURVE('',#1377,(#1381,#1388),.PCURVE_S1.);
#1377 = LINE('',#1378,#1379);
#1378 = CARTESIAN_POINT('',(34.883869025798,19.959312420926,-150.));
#1379 = VECTOR('',#1380,1.);
#1380 = DIRECTION('',(-0.42755508995,0.903989294769,0.));
#1381 = PCURVE('',#173,#1382);
#1382 = DEFINITIONAL_REPRESENTATION('',(#1383),#1387);
#1383 = LINE('',#1384,#1385);
#1384 = CARTESIAN_POINT('',(19.268015265949,-34.88386902579));
#1385 = VECTOR('',#1386,1.);
#1386 = DIRECTION('',(0.903989294769,0.42755508995));
#1387 = ( GEOMETRIC_REPRESENTATION_CONTEXT(2) 
PARAMETRIC_REPRESENTATION_CONTEXT() REPRESENTATION_CONTEXT('2D SPACE',''
  ) );
#1388 = PCURVE('',#1389,#1394);
#1389 = PLANE('',#1390);
#1390 = AXIS2_PLACEMENT_3D('',#1391,#1392,#1393);
#1391 = CARTESIAN_POINT('',(34.883869025798,19.959312420926,-150.));
#1392 = DIRECTION('',(-0.903989294769,-0.42755508995,0.));
#1393 = DIRECTION('',(-0.42755508995,0.903989294769,0.));
#1394 = DEFINITIONAL_REPRESENTATION('',(#1395),#1399);
#1395 = LINE('',#1396,#1397);
#1396 = CARTESIAN_POINT('',(0.,0.));
#1397 = VECTOR('',#1398,1.);
#1398 = DIRECTION('',(1.,0.));
#1399 = ( GEOMETRIC_REPRESENTATION_CONTEXT(2) 
PARAMETRIC_REPRESENTATION_CONTEXT() REPRESENTATION_CONTEXT('2D SPACE',''
  ) );
#1400 = ORIENTED_EDGE('',*,*,#1401,.T.);
#1401 = EDGE_CURVE('',#1374,#1402,#1404,.T.);
#1402 = VERTEX_POINT('',#1403);
#1403 = CARTESIAN_POINT('',(34.772954832237,20.166818282919,-150.));
#1404 = SURFACE_CURVE('',#1405,(#1409,#1416),.PCURVE_S1.);
#1405 = LINE('',#1406,#1407);
#1406 = CARTESIAN_POINT('',(34.833508983828,20.06578978465,-150.));
#1407 = VECTOR('',#1408,1.);
#1408 = DIRECTION('',(-0.51410274472,0.857728609685,0.));
#1409 = PCURVE('',#173,#1410);
#1410 = DEFINITIONAL_REPRESENTATION('',(#1411),#1415);
#1411 = LINE('',#1412,#1413);
#1412 = CARTESIAN_POINT('',(19.374492629673,-34.83350898382));
#1413 = VECTOR('',#1414,1.);
#1414 = DIRECTION('',(0.857728609685,0.51410274472));
#1415 = ( GEOMETRIC_REPRESENTATION_CONTEXT(2) 
PARAMETRIC_REPRESENTATION_CONTEXT() REPRESENTATION_CONTEXT('2D SPACE',''
  ) );
#1416 = PCURVE('',#1417,#1422);
#1417 = PLANE('',#1418);
#1418 = AXIS2_PLACEMENT_3D('',#1419,#1420,#1421);
#1419 = CARTESIAN_POINT('',(34.833508983828,20.06578978465,-150.));
#1420 = DIRECTION('',(-0.857728609685,-0.51410274472,0.));
#1421 = DIRECTION('',(-0.51410274472,0.857728609685,0.));
#1422 = DEFINITIONAL_REPRESENTATION('',(#1423),#1427);
#1423 = LINE('',#1424,#1425);
#1424 = CARTESIAN_POINT('',(0.,0.));
#1425 = VECTOR('',#1426,1.);
#1426 = DIRECTION('',(1.,0.));
#1427 = ( GEOMETRIC_REPRESENTATION_CONTEXT(2) 
PARAMETRIC_REPRESENTATION_CONTEXT() REPRESENTATION_CONTEXT('2D SPACE',''
  ) );
#1428 = ORIENTED_EDGE('',*,*,#1429,.T.);
#1429 = EDGE_CURVE('',#1402,#1430,#1432,.T.);
#1430 = VERTEX_POINT('',#1431);
#1431 = CARTESIAN_POINT('',(34.702789741226,20.261424956052,-150.));
#1432 = SURFACE_CURVE('',#1433,(#1437,#1444),.PCURVE_S1.);
#1433 = LINE('',#1434,#1435);
#1434 = CARTESIAN_POINT('',(34.772954832237,20.166818282919,-150.));
#1435 = VECTOR('',#1436,1.);
#1436 = DIRECTION('',(-0.59569930559,0.803207530666,0.));
#1437 = PCURVE('',#173,#1438);
#1438 = DEFINITIONAL_REPRESENTATION('',(#1439),#1443);
#1439 = LINE('',#1440,#1441);
#1440 = CARTESIAN_POINT('',(19.475521127942,-34.77295483223));
#1441 = VECTOR('',#1442,1.);
#1442 = DIRECTION('',(0.803207530666,0.59569930559));
#1443 = ( GEOMETRIC_REPRESENTATION_CONTEXT(2) 
PARAMETRIC_REPRESENTATION_CONTEXT() REPRESENTATION_CONTEXT('2D SPACE',''
  ) );
#1444 = PCURVE('',#1445,#1450);
#1445 = PLANE('',#1446);
#1446 = AXIS2_PLACEMENT_3D('',#1447,#1448,#1449);
#1447 = CARTESIAN_POINT('',(34.772954832237,20.166818282919,-150.));
#1448 = DIRECTION('',(-0.803207530666,-0.59569930559,0.));
#1449 = DIRECTION('',(-0.59569930559,0.803207530666,0.));
#1450 = DEFINITIONAL_REPRESENTATION('',(#1451),#1455);
#1451 = LINE('',#1452,#1453);
#1452 = CARTESIAN_POINT('',(0.,0.));
#1453 = VECTOR('',#1454,1.);
#1454 = DIRECTION('',(1.,0.));
#1455 = ( GEOMETRIC_REPRESENTATION_CONTEXT(2) 
PARAMETRIC_REPRESENTATION_CONTEXT() REPRESENTATION_CONTEXT('2D SPACE',''
  ) );
#1456 = ORIENTED_EDGE('',*,*,#1457,.T.);
#1457 = EDGE_CURVE('',#1430,#1458,#1460,.T.);
#1458 = VERTEX_POINT('',#1459);
#1459 = CARTESIAN_POINT('',(34.623689438902,20.348698690902,-150.));
#1460 = SURFACE_CURVE('',#1461,(#1465,#1472),.PCURVE_S1.);
#1461 = LINE('',#1462,#1463);
#1462 = CARTESIAN_POINT('',(34.702789741226,20.261424956052,-150.));
#1463 = VECTOR('',#1464,1.);
#1464 = DIRECTION('',(-0.671558953977,0.740951126143,0.));
#1465 = PCURVE('',#173,#1466);
#1466 = DEFINITIONAL_REPRESENTATION('',(#1467),#1471);
#1467 = LINE('',#1468,#1469);
#1468 = CARTESIAN_POINT('',(19.570127801075,-34.70278974122));
#1469 = VECTOR('',#1470,1.);
#1470 = DIRECTION('',(0.740951126143,0.671558953977));
#1471 = ( GEOMETRIC_REPRESENTATION_CONTEXT(2) 
PARAMETRIC_REPRESENTATION_CONTEXT() REPRESENTATION_CONTEXT('2D SPACE',''
  ) );
#1472 = PCURVE('',#1473,#1478);
#1473 = PLANE('',#1474);
#1474 = AXIS2_PLACEMENT_3D('',#1475,#1476,#1477);
#1475 = CARTESIAN_POINT('',(34.702789741226,20.261424956052,-150.));
#1476 = DIRECTION('',(-0.740951126143,-0.671558953977,0.));
#1477 = DIRECTION('',(-0.671558953977,0.740951126143,0.));
#1478 = DEFINITIONAL_REPRESENTATION('',(#1479),#1483);
#1479 = LINE('',#1480,#1481);
#1480 = CARTESIAN_POINT('',(0.,0.));
#1481 = VECTOR('',#1482,1.);
#1482 = DIRECTION('',(1.,0.));
#1483 = ( GEOMETRIC_REPRESENTATION_CONTEXT(2) 
PARAMETRIC_REPRESENTATION_CONTEXT() REPRESENTATION_CONTEXT('2D SPACE',''
  ) );
#1484 = ORIENTED_EDGE('',*,*,#1485,.T.);
#1485 = EDGE_CURVE('',#1458,#1486,#1488,.T.);
#1486 = VERTEX_POINT('',#1487);
#1487 = CARTESIAN_POINT('',(34.536415704052,20.427798993226,-150.));
#1488 = SURFACE_CURVE('',#1489,(#1493,#1500),.PCURVE_S1.);
#1489 = LINE('',#1490,#1491);
#1490 = CARTESIAN_POINT('',(34.623689438902,20.348698690902,-150.));
#1491 = VECTOR('',#1492,1.);
#1492 = DIRECTION('',(-0.740951126143,0.671558953977,0.));
#1493 = PCURVE('',#173,#1494);
#1494 = DEFINITIONAL_REPRESENTATION('',(#1495),#1499);
#1495 = LINE('',#1496,#1497);
#1496 = CARTESIAN_POINT('',(19.657401535925,-34.6236894389));
#1497 = VECTOR('',#1498,1.);
#1498 = DIRECTION('',(0.671558953977,0.740951126143));
#1499 = ( GEOMETRIC_REPRESENTATION_CONTEXT(2) 
PARAMETRIC_REPRESENTATION_CONTEXT() REPRESENTATION_CONTEXT('2D SPACE',''
  ) );
#1500 = PCURVE('',#1501,#1506);
#1501 = PLANE('',#1502);
#1502 = AXIS2_PLACEMENT_3D('',#1503,#1504,#1505);
#1503 = CARTESIAN_POINT('',(34.623689438902,20.348698690902,-150.));
#1504 = DIRECTION('',(-0.671558953977,-0.740951126143,0.));
#1505 = DIRECTION('',(-0.740951126143,0.671558953977,0.));
#1506 = DEFINITIONAL_REPRESENTATION('',(#1507),#1511);
#1507 = LINE('',#1508,#1509);
#1508 = CARTESIAN_POINT('',(0.,0.));
#1509 = VECTOR('',#1510,1.);
#1510 = DIRECTION('',(1.,0.));
#1511 = ( GEOMETRIC_REPRESENTATION_CONTEXT(2) 
PARAMETRIC_REPRESENTATION_CONTEXT() REPRESENTATION_CONTEXT('2D SPACE',''
  ) );
#1512 = ORIENTED_EDGE('',*,*,#1513,.T.);
#1513 = EDGE_CURVE('',#1486,#1514,#1516,.T.);
#1514 = VERTEX_POINT('',#1515);
#1515 = CARTESIAN_POINT('',(34.447188314679,20.493974535487,-150.));
#1516 = SURFACE_CURVE('',#1517,(#1521,#1528),.PCURVE_S1.);
#1517 = LINE('',#1518,#1519);
#1518 = CARTESIAN_POINT('',(34.536415704052,20.427798993226,-150.));
#1519 = VECTOR('',#1520,1.);
#1520 = DIRECTION('',(-0.803207530666,0.59569930559,0.));
#1521 = PCURVE('',#173,#1522);
#1522 = DEFINITIONAL_REPRESENTATION('',(#1523),#1527);
#1523 = LINE('',#1524,#1525);
#1524 = CARTESIAN_POINT('',(19.736501838249,-34.53641570405));
#1525 = VECTOR('',#1526,1.);
#1526 = DIRECTION('',(0.59569930559,0.803207530666));
#1527 = ( GEOMETRIC_REPRESENTATION_CONTEXT(2) 
PARAMETRIC_REPRESENTATION_CONTEXT() REPRESENTATION_CONTEXT('2D SPACE',''
  ) );
#1528 = PCURVE('',#1529,#1534);
#1529 = PLANE('',#1530);
#1530 = AXIS2_PLACEMENT_3D('',#1531,#1532,#1533);
#1531 = CARTESIAN_POINT('',(34.536415704052,20.427798993226,-150.));
#1532 = DIRECTION('',(-0.59569930559,-0.803207530666,0.));
#1533 = DIRECTION('',(-0.803207530666,0.59569930559,0.));
#1534 = DEFINITIONAL_REPRESENTATION('',(#1535),#1539);
#1535 = LINE('',#1536,#1537);
#1536 = CARTESIAN_POINT('',(0.,0.));
#1537 = VECTOR('',#1538,1.);
#1538 = DIRECTION('',(1.,0.));
#1539 = ( GEOMETRIC_REPRESENTATION_CONTEXT(2) 
PARAMETRIC_REPRESENTATION_CONTEXT() REPRESENTATION_CONTEXT('2D SPACE',''
  ) );
#1540 = ORIENTED_EDGE('',*,*,#1541,.T.);
#1541 = EDGE_CURVE('',#1514,#1542,#1544,.T.);
#1542 = VERTEX_POINT('',#1543);
#1543 = CARTESIAN_POINT('',(6.062619406767,40.2,-150.));
#1544 = SURFACE_CURVE('',#1545,(#1549,#1556),.PCURVE_S1.);
#1545 = LINE('',#1546,#1547);
#1546 = CARTESIAN_POINT('',(34.447188314679,20.493974535487,-150.));
#1547 = VECTOR('',#1548,1.);
#1548 = DIRECTION('',(-0.821444268946,0.570288797905,0.));
#1549 = PCURVE('',#173,#1550);
#1550 = DEFINITIONAL_REPRESENTATION('',(#1551),#1555);
#1551 = LINE('',#1552,#1553);
#1552 = CARTESIAN_POINT('',(19.80267738051,-34.44718831467));
#1553 = VECTOR('',#1554,1.);
#1554 = DIRECTION('',(0.570288797905,0.821444268946));
#1555 = ( GEOMETRIC_REPRESENTATION_CONTEXT(2) 
PARAMETRIC_REPRESENTATION_CONTEXT() REPRESENTATION_CONTEXT('2D SPACE',''
  ) );
#1556 = PCURVE('',#1557,#1562);
#1557 = PLANE('',#1558);
#1558 = AXIS2_PLACEMENT_3D('',#1559,#1560,#1561);
#1559 = CARTESIAN_POINT('',(34.447188314679,20.493974535487,-150.));
#1560 = DIRECTION('',(-0.570288797905,-0.821444268946,0.));
#1561 = DIRECTION('',(-0.821444268946,0.570288797905,0.));
#1562 = DEFINITIONAL_REPRESENTATION('',(#1563),#1567);
#1563 = LINE('',#1564,#1565);
#1564 = CARTESIAN_POINT('',(0.,0.));
#1565 = VECTOR('',#1566,1.);
#1566 = DIRECTION('',(1.,0.));
#1567 = ( GEOMETRIC_REPRESENTATION_CONTEXT(2) 
PARAMETRIC_REPRESENTATION_CONTEXT() REPRESENTATION_CONTEXT('2D SPACE',''
  ) );
#1568 = ORIENTED_EDGE('',*,*,#1569,.T.);
#1569 = EDGE_CURVE('',#1542,#1570,#1572,.T.);
#1570 = VERTEX_POINT('',#1571);
#1571 = CARTESIAN_POINT('',(-6.062619406767,40.2,-150.));
#1572 = SURFACE_CURVE('',#1573,(#1577,#1584),.PCURVE_S1.);
#1573 = LINE('',#1574,#1575);
#1574 = CARTESIAN_POINT('',(6.062619406767,40.2,-150.));
#1575 = VECTOR('',#1576,1.);
#1576 = DIRECTION('',(-1.,0.,0.));
#1577 = PCURVE('',#173,#1578);
#1578 = DEFINITIONAL_REPRESENTATION('',(#1579),#1583);
#1579 = LINE('',#1580,#1581);
#1580 = CARTESIAN_POINT('',(39.508702845023,-6.062619406767));
#1581 = VECTOR('',#1582,1.);
#1582 = DIRECTION('',(0.,1.));
#1583 = ( GEOMETRIC_REPRESENTATION_CONTEXT(2) 
PARAMETRIC_REPRESENTATION_CONTEXT() REPRESENTATION_CONTEXT('2D SPACE',''
  ) );
#1584 = PCURVE('',#1585,#1590);
#1585 = PLANE('',#1586);
#1586 = AXIS2_PLACEMENT_3D('',#1587,#1588,#1589);
#1587 = CARTESIAN_POINT('',(6.062619406767,40.2,-150.));
#1588 = DIRECTION('',(0.,-1.,0.));
#1589 = DIRECTION('',(-1.,0.,0.));
#1590 = DEFINITIONAL_REPRESENTATION('',(#1591),#1595);
#1591 = LINE('',#1592,#1593);
#1592 = CARTESIAN_POINT('',(0.,-0.));
#1593 = VECTOR('',#1594,1.);
#1594 = DIRECTION('',(1.,0.));
#1595 = ( GEOMETRIC_REPRESENTATION_CONTEXT(2) 
PARAMETRIC_REPRESENTATION_CONTEXT() REPRESENTATION_CONTEXT('2D SPACE',''
  ) );
#1596 = ORIENTED_EDGE('',*,*,#1597,.T.);
#1597 = EDGE_CURVE('',#1570,#1598,#1600,.T.);
#1598 = VERTEX_POINT('',#1599);
#1599 = CARTESIAN_POINT('',(-34.44718831467,20.493974535487,-150.));
#1600 = SURFACE_CURVE('',#1601,(#1605,#1612),.PCURVE_S1.);
#1601 = LINE('',#1602,#1603);
#1602 = CARTESIAN_POINT('',(-6.062619406767,40.2,-150.));
#1603 = VECTOR('',#1604,1.);
#1604 = DIRECTION('',(-0.821444268946,-0.570288797905,0.));
#1605 = PCURVE('',#173,#1606);
#1606 = DEFINITIONAL_REPRESENTATION('',(#1607),#1611);
#1607 = LINE('',#1608,#1609);
#1608 = CARTESIAN_POINT('',(39.508702845023,6.062619406767));
#1609 = VECTOR('',#1610,1.);
#1610 = DIRECTION('',(-0.570288797905,0.821444268946));
#1611 = ( GEOMETRIC_REPRESENTATION_CONTEXT(2) 
PARAMETRIC_REPRESENTATION_CONTEXT() REPRESENTATION_CONTEXT('2D SPACE',''
  ) );
#1612 = PCURVE('',#1613,#1618);
#1613 = PLANE('',#1614);
#1614 = AXIS2_PLACEMENT_3D('',#1615,#1616,#1617);
#1615 = CARTESIAN_POINT('',(-6.062619406767,40.2,-150.));
#1616 = DIRECTION('',(0.570288797905,-0.821444268946,0.));
#1617 = DIRECTION('',(-0.821444268946,-0.570288797905,0.));
#1618 = DEFINITIONAL_REPRESENTATION('',(#1619),#1623);
#1619 = LINE('',#1620,#1621);
#1620 = CARTESIAN_POINT('',(0.,0.));
#1621 = VECTOR('',#1622,1.);
#1622 = DIRECTION('',(1.,0.));
#1623 = ( GEOMETRIC_REPRESENTATION_CONTEXT(2) 
PARAMETRIC_REPRESENTATION_CONTEXT() REPRESENTATION_CONTEXT('2D SPACE',''
  ) );
#1624 = ORIENTED_EDGE('',*,*,#1625,.T.);
#1625 = EDGE_CURVE('',#1598,#1626,#1628,.T.);
#1626 = VERTEX_POINT('',#1627);
#1627 = CARTESIAN_POINT('',(-34.53641570405,20.427798993226,-150.));
#1628 = SURFACE_CURVE('',#1629,(#1633,#1640),.PCURVE_S1.);
#1629 = LINE('',#1630,#1631);
#1630 = CARTESIAN_POINT('',(-34.44718831467,20.493974535487,-150.));
#1631 = VECTOR('',#1632,1.);
#1632 = DIRECTION('',(-0.803207530666,-0.59569930559,0.));
#1633 = PCURVE('',#173,#1634);
#1634 = DEFINITIONAL_REPRESENTATION('',(#1635),#1639);
#1635 = LINE('',#1636,#1637);
#1636 = CARTESIAN_POINT('',(19.80267738051,34.447188314679));
#1637 = VECTOR('',#1638,1.);
#1638 = DIRECTION('',(-0.59569930559,0.803207530666));
#1639 = ( GEOMETRIC_REPRESENTATION_CONTEXT(2) 
PARAMETRIC_REPRESENTATION_CONTEXT() REPRESENTATION_CONTEXT('2D SPACE',''
  ) );
#1640 = PCURVE('',#1641,#1646);
#1641 = PLANE('',#1642);
#1642 = AXIS2_PLACEMENT_3D('',#1643,#1644,#1645);
#1643 = CARTESIAN_POINT('',(-34.44718831467,20.493974535487,-150.));
#1644 = DIRECTION('',(0.59569930559,-0.803207530666,0.));
#1645 = DIRECTION('',(-0.803207530666,-0.59569930559,0.));
#1646 = DEFINITIONAL_REPRESENTATION('',(#1647),#1651);
#1647 = LINE('',#1648,#1649);
#1648 = CARTESIAN_POINT('',(0.,0.));
#1649 = VECTOR('',#1650,1.);
#1650 = DIRECTION('',(1.,0.));
#1651 = ( GEOMETRIC_REPRESENTATION_CONTEXT(2) 
PARAMETRIC_REPRESENTATION_CONTEXT() REPRESENTATION_CONTEXT('2D SPACE',''
  ) );
#1652 = ORIENTED_EDGE('',*,*,#1653,.T.);
#1653 = EDGE_CURVE('',#1626,#1654,#1656,.T.);
#1654 = VERTEX_POINT('',#1655);
#1655 = CARTESIAN_POINT('',(-34.6236894389,20.348698690902,-150.));
#1656 = SURFACE_CURVE('',#1657,(#1661,#1668),.PCURVE_S1.);
#1657 = LINE('',#1658,#1659);
#1658 = CARTESIAN_POINT('',(-34.53641570405,20.427798993226,-150.));
#1659 = VECTOR('',#1660,1.);
#1660 = DIRECTION('',(-0.740951126143,-0.671558953977,0.));
#1661 = PCURVE('',#173,#1662);
#1662 = DEFINITIONAL_REPRESENTATION('',(#1663),#1667);
#1663 = LINE('',#1664,#1665);
#1664 = CARTESIAN_POINT('',(19.736501838249,34.536415704052));
#1665 = VECTOR('',#1666,1.);
#1666 = DIRECTION('',(-0.671558953977,0.740951126143));
#1667 = ( GEOMETRIC_REPRESENTATION_CONTEXT(2) 
PARAMETRIC_REPRESENTATION_CONTEXT() REPRESENTATION_CONTEXT('2D SPACE',''
  ) );
#1668 = PCURVE('',#1669,#1674);
#1669 = PLANE('',#1670);
#1670 = AXIS2_PLACEMENT_3D('',#1671,#1672,#1673);
#1671 = CARTESIAN_POINT('',(-34.53641570405,20.427798993226,-150.));
#1672 = DIRECTION('',(0.671558953977,-0.740951126143,0.));
#1673 = DIRECTION('',(-0.740951126143,-0.671558953977,0.));
#1674 = DEFINITIONAL_REPRESENTATION('',(#1675),#1679);
#1675 = LINE('',#1676,#1677);
#1676 = CARTESIAN_POINT('',(0.,0.));
#1677 = VECTOR('',#1678,1.);
#1678 = DIRECTION('',(1.,0.));
#1679 = ( GEOMETRIC_REPRESENTATION_CONTEXT(2) 
PARAMETRIC_REPRESENTATION_CONTEXT() REPRESENTATION_CONTEXT('2D SPACE',''
  ) );
#1680 = ORIENTED_EDGE('',*,*,#1681,.T.);
#1681 = EDGE_CURVE('',#1654,#1682,#1684,.T.);
#1682 = VERTEX_POINT('',#1683);
#1683 = CARTESIAN_POINT('',(-34.70278974122,20.261424956052,-150.));
#1684 = SURFACE_CURVE('',#1685,(#1689,#1696),.PCURVE_S1.);
#1685 = LINE('',#1686,#1687);
#1686 = CARTESIAN_POINT('',(-34.6236894389,20.348698690902,-150.));
#1687 = VECTOR('',#1688,1.);
#1688 = DIRECTION('',(-0.671558953977,-0.740951126143,0.));
#1689 = PCURVE('',#173,#1690);
#1690 = DEFINITIONAL_REPRESENTATION('',(#1691),#1695);
#1691 = LINE('',#1692,#1693);
#1692 = CARTESIAN_POINT('',(19.657401535925,34.623689438902));
#1693 = VECTOR('',#1694,1.);
#1694 = DIRECTION('',(-0.740951126143,0.671558953977));
#1695 = ( GEOMETRIC_REPRESENTATION_CONTEXT(2) 
PARAMETRIC_REPRESENTATION_CONTEXT() REPRESENTATION_CONTEXT('2D SPACE',''
  ) );
#1696 = PCURVE('',#1697,#1702);
#1697 = PLANE('',#1698);
#1698 = AXIS2_PLACEMENT_3D('',#1699,#1700,#1701);
#1699 = CARTESIAN_POINT('',(-34.6236894389,20.348698690902,-150.));
#1700 = DIRECTION('',(0.740951126143,-0.671558953977,0.));
#1701 = DIRECTION('',(-0.671558953977,-0.740951126143,0.));
#1702 = DEFINITIONAL_REPRESENTATION('',(#1703),#1707);
#1703 = LINE('',#1704,#1705);
#1704 = CARTESIAN_POINT('',(0.,0.));
#1705 = VECTOR('',#1706,1.);
#1706 = DIRECTION('',(1.,0.));
#1707 = ( GEOMETRIC_REPRESENTATION_CONTEXT(2) 
PARAMETRIC_REPRESENTATION_CONTEXT() REPRESENTATION_CONTEXT('2D SPACE',''
  ) );
#1708 = ORIENTED_EDGE('',*,*,#1709,.T.);
#1709 = EDGE_CURVE('',#1682,#1710,#1712,.T.);
#1710 = VERTEX_POINT('',#1711);
#1711 = CARTESIAN_POINT('',(-34.77295483223,20.166818282919,-150.));
#1712 = SURFACE_CURVE('',#1713,(#1717,#1724),.PCURVE_S1.);
#1713 = LINE('',#1714,#1715);
#1714 = CARTESIAN_POINT('',(-34.70278974122,20.261424956052,-150.));
#1715 = VECTOR('',#1716,1.);
#1716 = DIRECTION('',(-0.59569930559,-0.803207530666,0.));
#1717 = PCURVE('',#173,#1718);
#1718 = DEFINITIONAL_REPRESENTATION('',(#1719),#1723);
#1719 = LINE('',#1720,#1721);
#1720 = CARTESIAN_POINT('',(19.570127801075,34.702789741226));
#1721 = VECTOR('',#1722,1.);
#1722 = DIRECTION('',(-0.803207530666,0.59569930559));
#1723 = ( GEOMETRIC_REPRESENTATION_CONTEXT(2) 
PARAMETRIC_REPRESENTATION_CONTEXT() REPRESENTATION_CONTEXT('2D SPACE',''
  ) );
#1724 = PCURVE('',#1725,#1730);
#1725 = PLANE('',#1726);
#1726 = AXIS2_PLACEMENT_3D('',#1727,#1728,#1729);
#1727 = CARTESIAN_POINT('',(-34.70278974122,20.261424956052,-150.));
#1728 = DIRECTION('',(0.803207530666,-0.59569930559,0.));
#1729 = DIRECTION('',(-0.59569930559,-0.803207530666,0.));
#1730 = DEFINITIONAL_REPRESENTATION('',(#1731),#1735);
#1731 = LINE('',#1732,#1733);
#1732 = CARTESIAN_POINT('',(0.,0.));
#1733 = VECTOR('',#1734,1.);
#1734 = DIRECTION('',(1.,0.));
#1735 = ( GEOMETRIC_REPRESENTATION_CONTEXT(2) 
PARAMETRIC_REPRESENTATION_CONTEXT() REPRESENTATION_CONTEXT('2D SPACE',''
  ) );
#1736 = ORIENTED_EDGE('',*,*,#1737,.T.);
#1737 = EDGE_CURVE('',#1710,#1738,#1740,.T.);
#1738 = VERTEX_POINT('',#1739);
#1739 = CARTESIAN_POINT('',(-34.83350898382,20.06578978465,-150.));
#1740 = SURFACE_CURVE('',#1741,(#1745,#1752),.PCURVE_S1.);
#1741 = LINE('',#1742,#1743);
#1742 = CARTESIAN_POINT('',(-34.77295483223,20.166818282919,-150.));
#1743 = VECTOR('',#1744,1.);
#1744 = DIRECTION('',(-0.51410274472,-0.857728609685,0.));
#1745 = PCURVE('',#173,#1746);
#1746 = DEFINITIONAL_REPRESENTATION('',(#1747),#1751);
#1747 = LINE('',#1748,#1749);
#1748 = CARTESIAN_POINT('',(19.475521127942,34.772954832237));
#1749 = VECTOR('',#1750,1.);
#1750 = DIRECTION('',(-0.857728609685,0.51410274472));
#1751 = ( GEOMETRIC_REPRESENTATION_CONTEXT(2) 
PARAMETRIC_REPRESENTATION_CONTEXT() REPRESENTATION_CONTEXT('2D SPACE',''
  ) );
#1752 = PCURVE('',#1753,#1758);
#1753 = PLANE('',#1754);
#1754 = AXIS2_PLACEMENT_3D('',#1755,#1756,#1757);
#1755 = CARTESIAN_POINT('',(-34.77295483223,20.166818282919,-150.));
#1756 = DIRECTION('',(0.857728609685,-0.51410274472,0.));
#1757 = DIRECTION('',(-0.51410274472,-0.857728609685,0.));
#1758 = DEFINITIONAL_REPRESENTATION('',(#1759),#1763);
#1759 = LINE('',#1760,#1761);
#1760 = CARTESIAN_POINT('',(0.,0.));
#1761 = VECTOR('',#1762,1.);
#1762 = DIRECTION('',(1.,0.));
#1763 = ( GEOMETRIC_REPRESENTATION_CONTEXT(2) 
PARAMETRIC_REPRESENTATION_CONTEXT() REPRESENTATION_CONTEXT('2D SPACE',''
  ) );
#1764 = ORIENTED_EDGE('',*,*,#1765,.T.);
#1765 = EDGE_CURVE('',#1738,#1766,#1768,.T.);
#1766 = VERTEX_POINT('',#1767);
#1767 = CARTESIAN_POINT('',(-34.88386902579,19.959312420926,-150.));
#1768 = SURFACE_CURVE('',#1769,(#1773,#1780),.PCURVE_S1.);
#1769 = LINE('',#1770,#1771);
#1770 = CARTESIAN_POINT('',(-34.83350898382,20.06578978465,-150.));
#1771 = VECTOR('',#1772,1.);
#1772 = DIRECTION('',(-0.42755508995,-0.903989294769,0.));
#1773 = PCURVE('',#173,#1774);
#1774 = DEFINITIONAL_REPRESENTATION('',(#1775),#1779);
#1775 = LINE('',#1776,#1777);
#1776 = CARTESIAN_POINT('',(19.374492629673,34.833508983828));
#1777 = VECTOR('',#1778,1.);
#1778 = DIRECTION('',(-0.903989294769,0.42755508995));
#1779 = ( GEOMETRIC_REPRESENTATION_CONTEXT(2) 
PARAMETRIC_REPRESENTATION_CONTEXT() REPRESENTATION_CONTEXT('2D SPACE',''
  ) );
#1780 = PCURVE('',#1781,#1786);
#1781 = PLANE('',#1782);
#1782 = AXIS2_PLACEMENT_3D('',#1783,#1784,#1785);
#1783 = CARTESIAN_POINT('',(-34.83350898382,20.06578978465,-150.));
#1784 = DIRECTION('',(0.903989294769,-0.42755508995,0.));
#1785 = DIRECTION('',(-0.42755508995,-0.903989294769,0.));
#1786 = DEFINITIONAL_REPRESENTATION('',(#1787),#1791);
#1787 = LINE('',#1788,#1789);
#1788 = CARTESIAN_POINT('',(0.,0.));
#1789 = VECTOR('',#1790,1.);
#1790 = DIRECTION('',(1.,0.));
#1791 = ( GEOMETRIC_REPRESENTATION_CONTEXT(2) 
PARAMETRIC_REPRESENTATION_CONTEXT() REPRESENTATION_CONTEXT('2D SPACE',''
  ) );
#1792 = ORIENTED_EDGE('',*,*,#1793,.T.);
#1793 = EDGE_CURVE('',#1766,#1794,#1796,.T.);
#1794 = VERTEX_POINT('',#1795);
#1795 = CARTESIAN_POINT('',(-34.92354996339,19.848411629104,-150.));
#1796 = SURFACE_CURVE('',#1797,(#1801,#1808),.PCURVE_S1.);
#1797 = LINE('',#1798,#1799);
#1798 = CARTESIAN_POINT('',(-34.88386902579,19.959312420926,-150.));
#1799 = VECTOR('',#1800,1.);
#1800 = DIRECTION('',(-0.336889851754,-0.941544065769,0.));
#1801 = PCURVE('',#173,#1802);
#1802 = DEFINITIONAL_REPRESENTATION('',(#1803),#1807);
#1803 = LINE('',#1804,#1805);
#1804 = CARTESIAN_POINT('',(19.268015265949,34.883869025798));
#1805 = VECTOR('',#1806,1.);
#1806 = DIRECTION('',(-0.941544065769,0.336889851754));
#1807 = ( GEOMETRIC_REPRESENTATION_CONTEXT(2) 
PARAMETRIC_REPRESENTATION_CONTEXT() REPRESENTATION_CONTEXT('2D SPACE',''
  ) );
#1808 = PCURVE('',#1809,#1814);
#1809 = PLANE('',#1810);
#1810 = AXIS2_PLACEMENT_3D('',#1811,#1812,#1813);
#1811 = CARTESIAN_POINT('',(-34.88386902579,19.959312420926,-150.));
#1812 = DIRECTION('',(0.941544065769,-0.336889851754,0.));
#1813 = DIRECTION('',(-0.336889851754,-0.941544065769,0.));
#1814 = DEFINITIONAL_REPRESENTATION('',(#1815),#1819);
#1815 = LINE('',#1816,#1817);
#1816 = CARTESIAN_POINT('',(0.,0.));
#1817 = VECTOR('',#1818,1.);
#1818 = DIRECTION('',(1.,0.));
#1819 = ( GEOMETRIC_REPRESENTATION_CONTEXT(2) 
PARAMETRIC_REPRESENTATION_CONTEXT() REPRESENTATION_CONTEXT('2D SPACE',''
  ) );
#1820 = ORIENTED_EDGE('',*,*,#1821,.T.);
#1821 = EDGE_CURVE('',#1794,#1822,#1824,.T.);
#1822 = VERTEX_POINT('',#1823);
#1823 = CARTESIAN_POINT('',(-34.95216964881,19.734155442123,-150.));
#1824 = SURFACE_CURVE('',#1825,(#1829,#1836),.PCURVE_S1.);
#1825 = LINE('',#1826,#1827);
#1826 = CARTESIAN_POINT('',(-34.92354996339,19.848411629104,-150.));
#1827 = VECTOR('',#1828,1.);
#1828 = DIRECTION('',(-0.24298018363,-0.970031252261,0.));
#1829 = PCURVE('',#173,#1830);
#1830 = DEFINITIONAL_REPRESENTATION('',(#1831),#1835);
#1831 = LINE('',#1832,#1833);
#1832 = CARTESIAN_POINT('',(19.157114474127,34.923549963393));
#1833 = VECTOR('',#1834,1.);
#1834 = DIRECTION('',(-0.970031252261,0.24298018363));
#1835 = ( GEOMETRIC_REPRESENTATION_CONTEXT(2) 
PARAMETRIC_REPRESENTATION_CONTEXT() REPRESENTATION_CONTEXT('2D SPACE',''
  ) );
#1836 = PCURVE('',#1837,#1842);
#1837 = PLANE('',#1838);
#1838 = AXIS2_PLACEMENT_3D('',#1839,#1840,#1841);
#1839 = CARTESIAN_POINT('',(-34.92354996339,19.848411629104,-150.));
#1840 = DIRECTION('',(0.970031252261,-0.24298018363,0.));
#1841 = DIRECTION('',(-0.24298018363,-0.970031252261,0.));
#1842 = DEFINITIONAL_REPRESENTATION('',(#1843),#1847);
#1843 = LINE('',#1844,#1845);
#1844 = CARTESIAN_POINT('',(0.,0.));
#1845 = VECTOR('',#1846,1.);
#1846 = DIRECTION('',(1.,0.));
#1847 = ( GEOMETRIC_REPRESENTATION_CONTEXT(2) 
PARAMETRIC_REPRESENTATION_CONTEXT() REPRESENTATION_CONTEXT('2D SPACE',''
  ) );
#1848 = ORIENTED_EDGE('',*,*,#1849,.T.);
#1849 = EDGE_CURVE('',#1822,#1850,#1852,.T.);
#1850 = VERTEX_POINT('',#1851);
#1851 = CARTESIAN_POINT('',(-34.9694524571,19.617644210107,-150.));
#1852 = SURFACE_CURVE('',#1853,(#1857,#1864),.PCURVE_S1.);
#1853 = LINE('',#1854,#1855);
#1854 = CARTESIAN_POINT('',(-34.95216964881,19.734155442123,-150.));
#1855 = VECTOR('',#1856,1.);
#1856 = DIRECTION('',(-0.14673047131,-0.989176510431,0.));
#1857 = PCURVE('',#173,#1858);
#1858 = DEFINITIONAL_REPRESENTATION('',(#1859),#1863);
#1859 = LINE('',#1860,#1861);
#1860 = CARTESIAN_POINT('',(19.042858287146,34.952169648819));
#1861 = VECTOR('',#1862,1.);
#1862 = DIRECTION('',(-0.989176510431,0.14673047131));
#1863 = ( GEOMETRIC_REPRESENTATION_CONTEXT(2) 
PARAMETRIC_REPRESENTATION_CONTEXT() REPRESENTATION_CONTEXT('2D SPACE',''
  ) );
#1864 = PCURVE('',#1865,#1870);
#1865 = PLANE('',#1866);
#1866 = AXIS2_PLACEMENT_3D('',#1867,#1868,#1869);
#1867 = CARTESIAN_POINT('',(-34.95216964881,19.734155442123,-150.));
#1868 = DIRECTION('',(0.989176510431,-0.14673047131,0.));
#1869 = DIRECTION('',(-0.14673047131,-0.989176510431,0.));
#1870 = DEFINITIONAL_REPRESENTATION('',(#1871),#1875);
#1871 = LINE('',#1872,#1873);
#1872 = CARTESIAN_POINT('',(0.,0.));
#1873 = VECTOR('',#1874,1.);
#1874 = DIRECTION('',(1.,0.));
#1875 = ( GEOMETRIC_REPRESENTATION_CONTEXT(2) 
PARAMETRIC_REPRESENTATION_CONTEXT() REPRESENTATION_CONTEXT('2D SPACE',''
  ) );
#1876 = ORIENTED_EDGE('',*,*,#1877,.T.);
#1877 = EDGE_CURVE('',#1850,#189,#1878,.T.);
#1878 = SURFACE_CURVE('',#1879,(#1883,#1890),.PCURVE_S1.);
#1879 = LINE('',#1880,#1881);
#1880 = CARTESIAN_POINT('',(-34.9694524571,19.617644210107,-150.));
#1881 = VECTOR('',#1882,1.);
#1882 = DIRECTION('',(-4.906768132523E-02,-0.998795455861,0.));
#1883 = PCURVE('',#173,#1884);
#1884 = DEFINITIONAL_REPRESENTATION('',(#1885),#1889);
#1885 = LINE('',#1886,#1887);
#1886 = CARTESIAN_POINT('',(18.926347055131,34.969452457101));
#1887 = VECTOR('',#1888,1.);
#1888 = DIRECTION('',(-0.998795455861,4.906768132523E-02));
#1889 = ( GEOMETRIC_REPRESENTATION_CONTEXT(2) 
PARAMETRIC_REPRESENTATION_CONTEXT() REPRESENTATION_CONTEXT('2D SPACE',''
  ) );
#1890 = PCURVE('',#206,#1891);
#1891 = DEFINITIONAL_REPRESENTATION('',(#1892),#1896);
#1892 = LINE('',#1893,#1894);
#1893 = CARTESIAN_POINT('',(0.,0.));
#1894 = VECTOR('',#1895,1.);
#1895 = DIRECTION('',(1.,0.));
#1896 = ( GEOMETRIC_REPRESENTATION_CONTEXT(2) 
PARAMETRIC_REPRESENTATION_CONTEXT() REPRESENTATION_CONTEXT('2D SPACE',''
  ) );
#1897 = ORIENTED_EDGE('',*,*,#240,.T.);
#1898 = FACE_BOUND('',#1899,.F.);
#1899 = EDGE_LOOP('',(#1900,#1930,#1958,#1986,#2014,#2042,#2070,#2098,
    #2126,#2154,#2182,#2210,#2238,#2266,#2294,#2322,#2350,#2378,#2406,
    #2434,#2462,#2490,#2518,#2546,#2574,#2602,#2630,#2658,#2686,#2714,
    #2742,#2770,#2798,#2826,#2854,#2882,#2910,#2938,#2966,#2994,#3022,
    #3050,#3078,#3106,#3134,#3162,#3190,#3218,#3246,#3274,#3302,#3330,
    #3358,#3386,#3414,#3442,#3470,#3498,#3526));
#1900 = ORIENTED_EDGE('',*,*,#1901,.F.);
#1901 = EDGE_CURVE('',#1902,#1904,#1906,.T.);
#1902 = VERTEX_POINT('',#1903);
#1903 = CARTESIAN_POINT('',(-34.774990748,-19.5,-150.));
#1904 = VERTEX_POINT('',#1905);
#1905 = CARTESIAN_POINT('',(-34.770175474,-19.59801714,-150.));
#1906 = SURFACE_CURVE('',#1907,(#1911,#1918),.PCURVE_S1.);
#1907 = LINE('',#1908,#1909);
#1908 = CARTESIAN_POINT('',(-34.774990748,-19.5,-150.));
#1909 = VECTOR('',#1910,1.);
#1910 = DIRECTION('',(4.906768132522E-02,-0.998795455861,0.));
#1911 = PCURVE('',#173,#1912);
#1912 = DEFINITIONAL_REPRESENTATION('',(#1913),#1917);
#1913 = LINE('',#1914,#1915);
#1914 = CARTESIAN_POINT('',(-20.19129715497,34.774990748));
#1915 = VECTOR('',#1916,1.);
#1916 = DIRECTION('',(-0.998795455861,-4.906768132522E-02));
#1917 = ( GEOMETRIC_REPRESENTATION_CONTEXT(2) 
PARAMETRIC_REPRESENTATION_CONTEXT() REPRESENTATION_CONTEXT('2D SPACE',''
  ) );
#1918 = PCURVE('',#1919,#1924);
#1919 = PLANE('',#1920);
#1920 = AXIS2_PLACEMENT_3D('',#1921,#1922,#1923);
#1921 = CARTESIAN_POINT('',(-34.774990748,-19.5,-150.));
#1922 = DIRECTION('',(0.998795455861,4.906768132522E-02,-0.));
#1923 = DIRECTION('',(4.906768132522E-02,-0.998795455861,0.));
#1924 = DEFINITIONAL_REPRESENTATION('',(#1925),#1929);
#1925 = LINE('',#1926,#1927);
#1926 = CARTESIAN_POINT('',(0.,0.));
#1927 = VECTOR('',#1928,1.);
#1928 = DIRECTION('',(1.,0.));
#1929 = ( GEOMETRIC_REPRESENTATION_CONTEXT(2) 
PARAMETRIC_REPRESENTATION_CONTEXT() REPRESENTATION_CONTEXT('2D SPACE',''
  ) );
#1930 = ORIENTED_EDGE('',*,*,#1931,.F.);
#1931 = EDGE_CURVE('',#1932,#1902,#1934,.T.);
#1932 = VERTEX_POINT('',#1933);
#1933 = CARTESIAN_POINT('',(-34.774990748,19.5,-150.));
#1934 = SURFACE_CURVE('',#1935,(#1939,#1946),.PCURVE_S1.);
#1935 = LINE('',#1936,#1937);
#1936 = CARTESIAN_POINT('',(-34.774990748,19.5,-150.));
#1937 = VECTOR('',#1938,1.);
#1938 = DIRECTION('',(0.,-1.,0.));
#1939 = PCURVE('',#173,#1940);
#1940 = DEFINITIONAL_REPRESENTATION('',(#1941),#1945);
#1941 = LINE('',#1942,#1943);
#1942 = CARTESIAN_POINT('',(18.808702845023,34.774990748));
#1943 = VECTOR('',#1944,1.);
#1944 = DIRECTION('',(-1.,-5.518637272201E-80));
#1945 = ( GEOMETRIC_REPRESENTATION_CONTEXT(2) 
PARAMETRIC_REPRESENTATION_CONTEXT() REPRESENTATION_CONTEXT('2D SPACE',''
  ) );
#1946 = PCURVE('',#1947,#1952);
#1947 = PLANE('',#1948);
#1948 = AXIS2_PLACEMENT_3D('',#1949,#1950,#1951);
#1949 = CARTESIAN_POINT('',(-34.774990748,19.5,-150.));
#1950 = DIRECTION('',(1.,0.,-0.));
#1951 = DIRECTION('',(0.,-1.,0.));
#1952 = DEFINITIONAL_REPRESENTATION('',(#1953),#1957);
#1953 = LINE('',#1954,#1955);
#1954 = CARTESIAN_POINT('',(0.,0.));
#1955 = VECTOR('',#1956,1.);
#1956 = DIRECTION('',(1.,0.));
#1957 = ( GEOMETRIC_REPRESENTATION_CONTEXT(2) 
PARAMETRIC_REPRESENTATION_CONTEXT() REPRESENTATION_CONTEXT('2D SPACE',''
  ) );
#1958 = ORIENTED_EDGE('',*,*,#1959,.F.);
#1959 = EDGE_CURVE('',#1960,#1932,#1962,.T.);
#1960 = VERTEX_POINT('',#1961);
#1961 = CARTESIAN_POINT('',(-34.770175474,19.59801714,-150.));
#1962 = SURFACE_CURVE('',#1963,(#1967,#1974),.PCURVE_S1.);
#1963 = LINE('',#1964,#1965);
#1964 = CARTESIAN_POINT('',(-34.770175474,19.59801714,-150.));
#1965 = VECTOR('',#1966,1.);
#1966 = DIRECTION('',(-4.906768132522E-02,-0.998795455861,0.));
#1967 = PCURVE('',#173,#1968);
#1968 = DEFINITIONAL_REPRESENTATION('',(#1969),#1973);
#1969 = LINE('',#1970,#1971);
#1970 = CARTESIAN_POINT('',(18.906719985023,34.770175474));
#1971 = VECTOR('',#1972,1.);
#1972 = DIRECTION('',(-0.998795455861,4.906768132522E-02));
#1973 = ( GEOMETRIC_REPRESENTATION_CONTEXT(2) 
PARAMETRIC_REPRESENTATION_CONTEXT() REPRESENTATION_CONTEXT('2D SPACE',''
  ) );
#1974 = PCURVE('',#1975,#1980);
#1975 = PLANE('',#1976);
#1976 = AXIS2_PLACEMENT_3D('',#1977,#1978,#1979);
#1977 = CARTESIAN_POINT('',(-34.770175474,19.59801714,-150.));
#1978 = DIRECTION('',(0.998795455861,-4.906768132522E-02,0.));
#1979 = DIRECTION('',(-4.906768132522E-02,-0.998795455861,0.));
#1980 = DEFINITIONAL_REPRESENTATION('',(#1981),#1985);
#1981 = LINE('',#1982,#1983);
#1982 = CARTESIAN_POINT('',(0.,0.));
#1983 = VECTOR('',#1984,1.);
#1984 = DIRECTION('',(1.,0.));
#1985 = ( GEOMETRIC_REPRESENTATION_CONTEXT(2) 
PARAMETRIC_REPRESENTATION_CONTEXT() REPRESENTATION_CONTEXT('2D SPACE',''
  ) );
#1986 = ORIENTED_EDGE('',*,*,#1987,.F.);
#1987 = EDGE_CURVE('',#1988,#1960,#1990,.T.);
#1988 = VERTEX_POINT('',#1989);
#1989 = CARTESIAN_POINT('',(-34.755776028,19.695090322,-150.));
#1990 = SURFACE_CURVE('',#1991,(#1995,#2002),.PCURVE_S1.);
#1991 = LINE('',#1992,#1993);
#1992 = CARTESIAN_POINT('',(-34.755776028,19.695090322,-150.));
#1993 = VECTOR('',#1994,1.);
#1994 = DIRECTION('',(-0.14673047131,-0.989176510431,0.));
#1995 = PCURVE('',#173,#1996);
#1996 = DEFINITIONAL_REPRESENTATION('',(#1997),#2001);
#1997 = LINE('',#1998,#1999);
#1998 = CARTESIAN_POINT('',(19.003793167023,34.755776028));
#1999 = VECTOR('',#2000,1.);
#2000 = DIRECTION('',(-0.989176510431,0.14673047131));
#2001 = ( GEOMETRIC_REPRESENTATION_CONTEXT(2) 
PARAMETRIC_REPRESENTATION_CONTEXT() REPRESENTATION_CONTEXT('2D SPACE',''
  ) );
#2002 = PCURVE('',#2003,#2008);
#2003 = PLANE('',#2004);
#2004 = AXIS2_PLACEMENT_3D('',#2005,#2006,#2007);
#2005 = CARTESIAN_POINT('',(-34.755776028,19.695090322,-150.));
#2006 = DIRECTION('',(0.989176510431,-0.14673047131,0.));
#2007 = DIRECTION('',(-0.14673047131,-0.989176510431,0.));
#2008 = DEFINITIONAL_REPRESENTATION('',(#2009),#2013);
#2009 = LINE('',#2010,#2011);
#2010 = CARTESIAN_POINT('',(0.,0.));
#2011 = VECTOR('',#2012,1.);
#2012 = DIRECTION('',(1.,0.));
#2013 = ( GEOMETRIC_REPRESENTATION_CONTEXT(2) 
PARAMETRIC_REPRESENTATION_CONTEXT() REPRESENTATION_CONTEXT('2D SPACE',''
  ) );
#2014 = ORIENTED_EDGE('',*,*,#2015,.F.);
#2015 = EDGE_CURVE('',#2016,#1988,#2018,.T.);
#2016 = VERTEX_POINT('',#2017);
#2017 = CARTESIAN_POINT('',(-34.731931083,19.790284677,-150.));
#2018 = SURFACE_CURVE('',#2019,(#2023,#2030),.PCURVE_S1.);
#2019 = LINE('',#2020,#2021);
#2020 = CARTESIAN_POINT('',(-34.731931083,19.790284677,-150.));
#2021 = VECTOR('',#2022,1.);
#2022 = DIRECTION('',(-0.24298018363,-0.970031252261,0.));
#2023 = PCURVE('',#173,#2024);
#2024 = DEFINITIONAL_REPRESENTATION('',(#2025),#2029);
#2025 = LINE('',#2026,#2027);
#2026 = CARTESIAN_POINT('',(19.098987522023,34.731931083));
#2027 = VECTOR('',#2028,1.);
#2028 = DIRECTION('',(-0.970031252261,0.24298018363));
#2029 = ( GEOMETRIC_REPRESENTATION_CONTEXT(2) 
PARAMETRIC_REPRESENTATION_CONTEXT() REPRESENTATION_CONTEXT('2D SPACE',''
  ) );
#2030 = PCURVE('',#2031,#2036);
#2031 = PLANE('',#2032);
#2032 = AXIS2_PLACEMENT_3D('',#2033,#2034,#2035);
#2033 = CARTESIAN_POINT('',(-34.731931083,19.790284677,-150.));
#2034 = DIRECTION('',(0.970031252261,-0.24298018363,0.));
#2035 = DIRECTION('',(-0.24298018363,-0.970031252261,0.));
#2036 = DEFINITIONAL_REPRESENTATION('',(#2037),#2041);
#2037 = LINE('',#2038,#2039);
#2038 = CARTESIAN_POINT('',(0.,0.));
#2039 = VECTOR('',#2040,1.);
#2040 = DIRECTION('',(1.,0.));
#2041 = ( GEOMETRIC_REPRESENTATION_CONTEXT(2) 
PARAMETRIC_REPRESENTATION_CONTEXT() REPRESENTATION_CONTEXT('2D SPACE',''
  ) );
#2042 = ORIENTED_EDGE('',*,*,#2043,.F.);
#2043 = EDGE_CURVE('',#2044,#2016,#2046,.T.);
#2044 = VERTEX_POINT('',#2045);
#2045 = CARTESIAN_POINT('',(-34.69887028,19.882683432,-150.));
#2046 = SURFACE_CURVE('',#2047,(#2051,#2058),.PCURVE_S1.);
#2047 = LINE('',#2048,#2049);
#2048 = CARTESIAN_POINT('',(-34.69887028,19.882683432,-150.));
#2049 = VECTOR('',#2050,1.);
#2050 = DIRECTION('',(-0.336889851754,-0.941544065769,0.));
#2051 = PCURVE('',#173,#2052);
#2052 = DEFINITIONAL_REPRESENTATION('',(#2053),#2057);
#2053 = LINE('',#2054,#2055);
#2054 = CARTESIAN_POINT('',(19.191386277023,34.69887028));
#2055 = VECTOR('',#2056,1.);
#2056 = DIRECTION('',(-0.941544065769,0.336889851754));
#2057 = ( GEOMETRIC_REPRESENTATION_CONTEXT(2) 
PARAMETRIC_REPRESENTATION_CONTEXT() REPRESENTATION_CONTEXT('2D SPACE',''
  ) );
#2058 = PCURVE('',#2059,#2064);
#2059 = PLANE('',#2060);
#2060 = AXIS2_PLACEMENT_3D('',#2061,#2062,#2063);
#2061 = CARTESIAN_POINT('',(-34.69887028,19.882683432,-150.));
#2062 = DIRECTION('',(0.941544065769,-0.336889851754,0.));
#2063 = DIRECTION('',(-0.336889851754,-0.941544065769,0.));
#2064 = DEFINITIONAL_REPRESENTATION('',(#2065),#2069);
#2065 = LINE('',#2066,#2067);
#2066 = CARTESIAN_POINT('',(0.,0.));
#2067 = VECTOR('',#2068,1.);
#2068 = DIRECTION('',(1.,0.));
#2069 = ( GEOMETRIC_REPRESENTATION_CONTEXT(2) 
PARAMETRIC_REPRESENTATION_CONTEXT() REPRESENTATION_CONTEXT('2D SPACE',''
  ) );
#2070 = ORIENTED_EDGE('',*,*,#2071,.F.);
#2071 = EDGE_CURVE('',#2072,#2044,#2074,.T.);
#2072 = VERTEX_POINT('',#2073);
#2073 = CARTESIAN_POINT('',(-34.656912012,19.971396737,-150.));
#2074 = SURFACE_CURVE('',#2075,(#2079,#2086),.PCURVE_S1.);
#2075 = LINE('',#2076,#2077);
#2076 = CARTESIAN_POINT('',(-34.656912012,19.971396737,-150.));
#2077 = VECTOR('',#2078,1.);
#2078 = DIRECTION('',(-0.42755508995,-0.903989294769,0.));
#2079 = PCURVE('',#173,#2080);
#2080 = DEFINITIONAL_REPRESENTATION('',(#2081),#2085);
#2081 = LINE('',#2082,#2083);
#2082 = CARTESIAN_POINT('',(19.280099582023,34.656912012));
#2083 = VECTOR('',#2084,1.);
#2084 = DIRECTION('',(-0.903989294769,0.42755508995));
#2085 = ( GEOMETRIC_REPRESENTATION_CONTEXT(2) 
PARAMETRIC_REPRESENTATION_CONTEXT() REPRESENTATION_CONTEXT('2D SPACE',''
  ) );
#2086 = PCURVE('',#2087,#2092);
#2087 = PLANE('',#2088);
#2088 = AXIS2_PLACEMENT_3D('',#2089,#2090,#2091);
#2089 = CARTESIAN_POINT('',(-34.656912012,19.971396737,-150.));
#2090 = DIRECTION('',(0.903989294769,-0.42755508995,0.));
#2091 = DIRECTION('',(-0.42755508995,-0.903989294769,0.));
#2092 = DEFINITIONAL_REPRESENTATION('',(#2093),#2097);
#2093 = LINE('',#2094,#2095);
#2094 = CARTESIAN_POINT('',(0.,0.));
#2095 = VECTOR('',#2096,1.);
#2096 = DIRECTION('',(1.,0.));
#2097 = ( GEOMETRIC_REPRESENTATION_CONTEXT(2) 
PARAMETRIC_REPRESENTATION_CONTEXT() REPRESENTATION_CONTEXT('2D SPACE',''
  ) );
#2098 = ORIENTED_EDGE('',*,*,#2099,.F.);
#2099 = EDGE_CURVE('',#2100,#2072,#2102,.T.);
#2100 = VERTEX_POINT('',#2101);
#2101 = CARTESIAN_POINT('',(-34.60646036,20.055570233,-150.));
#2102 = SURFACE_CURVE('',#2103,(#2107,#2114),.PCURVE_S1.);
#2103 = LINE('',#2104,#2105);
#2104 = CARTESIAN_POINT('',(-34.60646036,20.055570233,-150.));
#2105 = VECTOR('',#2106,1.);
#2106 = DIRECTION('',(-0.51410274472,-0.857728609685,0.));
#2107 = PCURVE('',#173,#2108);
#2108 = DEFINITIONAL_REPRESENTATION('',(#2109),#2113);
#2109 = LINE('',#2110,#2111);
#2110 = CARTESIAN_POINT('',(19.364273078023,34.60646036));
#2111 = VECTOR('',#2112,1.);
#2112 = DIRECTION('',(-0.857728609685,0.51410274472));
#2113 = ( GEOMETRIC_REPRESENTATION_CONTEXT(2) 
PARAMETRIC_REPRESENTATION_CONTEXT() REPRESENTATION_CONTEXT('2D SPACE',''
  ) );
#2114 = PCURVE('',#2115,#2120);
#2115 = PLANE('',#2116);
#2116 = AXIS2_PLACEMENT_3D('',#2117,#2118,#2119);
#2117 = CARTESIAN_POINT('',(-34.60646036,20.055570233,-150.));
#2118 = DIRECTION('',(0.857728609685,-0.51410274472,0.));
#2119 = DIRECTION('',(-0.51410274472,-0.857728609685,0.));
#2120 = DEFINITIONAL_REPRESENTATION('',(#2121),#2125);
#2121 = LINE('',#2122,#2123);
#2122 = CARTESIAN_POINT('',(0.,0.));
#2123 = VECTOR('',#2124,1.);
#2124 = DIRECTION('',(1.,0.));
#2125 = ( GEOMETRIC_REPRESENTATION_CONTEXT(2) 
PARAMETRIC_REPRESENTATION_CONTEXT() REPRESENTATION_CONTEXT('2D SPACE',''
  ) );
#2126 = ORIENTED_EDGE('',*,*,#2127,.F.);
#2127 = EDGE_CURVE('',#2128,#2100,#2130,.T.);
#2128 = VERTEX_POINT('',#2129);
#2129 = CARTESIAN_POINT('',(-34.548001201,20.134393284,-150.));
#2130 = SURFACE_CURVE('',#2131,(#2135,#2142),.PCURVE_S1.);
#2131 = LINE('',#2132,#2133);
#2132 = CARTESIAN_POINT('',(-34.548001201,20.134393284,-150.));
#2133 = VECTOR('',#2134,1.);
#2134 = DIRECTION('',(-0.59569930559,-0.803207530666,0.));
#2135 = PCURVE('',#173,#2136);
#2136 = DEFINITIONAL_REPRESENTATION('',(#2137),#2141);
#2137 = LINE('',#2138,#2139);
#2138 = CARTESIAN_POINT('',(19.443096129023,34.548001201));
#2139 = VECTOR('',#2140,1.);
#2140 = DIRECTION('',(-0.803207530666,0.59569930559));
#2141 = ( GEOMETRIC_REPRESENTATION_CONTEXT(2) 
PARAMETRIC_REPRESENTATION_CONTEXT() REPRESENTATION_CONTEXT('2D SPACE',''
  ) );
#2142 = PCURVE('',#2143,#2148);
#2143 = PLANE('',#2144);
#2144 = AXIS2_PLACEMENT_3D('',#2145,#2146,#2147);
#2145 = CARTESIAN_POINT('',(-34.548001201,20.134393284,-150.));
#2146 = DIRECTION('',(0.803207530666,-0.59569930559,0.));
#2147 = DIRECTION('',(-0.59569930559,-0.803207530666,0.));
#2148 = DEFINITIONAL_REPRESENTATION('',(#2149),#2153);
#2149 = LINE('',#2150,#2151);
#2150 = CARTESIAN_POINT('',(0.,0.));
#2151 = VECTOR('',#2152,1.);
#2152 = DIRECTION('',(1.,0.));
#2153 = ( GEOMETRIC_REPRESENTATION_CONTEXT(2) 
PARAMETRIC_REPRESENTATION_CONTEXT() REPRESENTATION_CONTEXT('2D SPACE',''
  ) );
#2154 = ORIENTED_EDGE('',*,*,#2155,.F.);
#2155 = EDGE_CURVE('',#2156,#2128,#2158,.T.);
#2156 = VERTEX_POINT('',#2157);
#2157 = CARTESIAN_POINT('',(-34.482097529,20.207106781,-150.));
#2158 = SURFACE_CURVE('',#2159,(#2163,#2170),.PCURVE_S1.);
#2159 = LINE('',#2160,#2161);
#2160 = CARTESIAN_POINT('',(-34.482097529,20.207106781,-150.));
#2161 = VECTOR('',#2162,1.);
#2162 = DIRECTION('',(-0.671558953977,-0.740951126143,0.));
#2163 = PCURVE('',#173,#2164);
#2164 = DEFINITIONAL_REPRESENTATION('',(#2165),#2169);
#2165 = LINE('',#2166,#2167);
#2166 = CARTESIAN_POINT('',(19.515809626023,34.482097529));
#2167 = VECTOR('',#2168,1.);
#2168 = DIRECTION('',(-0.740951126143,0.671558953977));
#2169 = ( GEOMETRIC_REPRESENTATION_CONTEXT(2) 
PARAMETRIC_REPRESENTATION_CONTEXT() REPRESENTATION_CONTEXT('2D SPACE',''
  ) );
#2170 = PCURVE('',#2171,#2176);
#2171 = PLANE('',#2172);
#2172 = AXIS2_PLACEMENT_3D('',#2173,#2174,#2175);
#2173 = CARTESIAN_POINT('',(-34.482097529,20.207106781,-150.));
#2174 = DIRECTION('',(0.740951126143,-0.671558953977,0.));
#2175 = DIRECTION('',(-0.671558953977,-0.740951126143,0.));
#2176 = DEFINITIONAL_REPRESENTATION('',(#2177),#2181);
#2177 = LINE('',#2178,#2179);
#2178 = CARTESIAN_POINT('',(0.,0.));
#2179 = VECTOR('',#2180,1.);
#2180 = DIRECTION('',(1.,0.));
#2181 = ( GEOMETRIC_REPRESENTATION_CONTEXT(2) 
PARAMETRIC_REPRESENTATION_CONTEXT() REPRESENTATION_CONTEXT('2D SPACE',''
  ) );
#2182 = ORIENTED_EDGE('',*,*,#2183,.F.);
#2183 = EDGE_CURVE('',#2184,#2156,#2186,.T.);
#2184 = VERTEX_POINT('',#2185);
#2185 = CARTESIAN_POINT('',(-34.409384032,20.273010453,-150.));
#2186 = SURFACE_CURVE('',#2187,(#2191,#2198),.PCURVE_S1.);
#2187 = LINE('',#2188,#2189);
#2188 = CARTESIAN_POINT('',(-34.409384032,20.273010453,-150.));
#2189 = VECTOR('',#2190,1.);
#2190 = DIRECTION('',(-0.740951126143,-0.671558953977,0.));
#2191 = PCURVE('',#173,#2192);
#2192 = DEFINITIONAL_REPRESENTATION('',(#2193),#2197);
#2193 = LINE('',#2194,#2195);
#2194 = CARTESIAN_POINT('',(19.581713298023,34.409384032));
#2195 = VECTOR('',#2196,1.);
#2196 = DIRECTION('',(-0.671558953977,0.740951126143));
#2197 = ( GEOMETRIC_REPRESENTATION_CONTEXT(2) 
PARAMETRIC_REPRESENTATION_CONTEXT() REPRESENTATION_CONTEXT('2D SPACE',''
  ) );
#2198 = PCURVE('',#2199,#2204);
#2199 = PLANE('',#2200);
#2200 = AXIS2_PLACEMENT_3D('',#2201,#2202,#2203);
#2201 = CARTESIAN_POINT('',(-34.409384032,20.273010453,-150.));
#2202 = DIRECTION('',(0.671558953977,-0.740951126143,0.));
#2203 = DIRECTION('',(-0.740951126143,-0.671558953977,0.));
#2204 = DEFINITIONAL_REPRESENTATION('',(#2205),#2209);
#2205 = LINE('',#2206,#2207);
#2206 = CARTESIAN_POINT('',(0.,0.));
#2207 = VECTOR('',#2208,1.);
#2208 = DIRECTION('',(1.,0.));
#2209 = ( GEOMETRIC_REPRESENTATION_CONTEXT(2) 
PARAMETRIC_REPRESENTATION_CONTEXT() REPRESENTATION_CONTEXT('2D SPACE',''
  ) );
#2210 = ORIENTED_EDGE('',*,*,#2211,.F.);
#2211 = EDGE_CURVE('',#2212,#2184,#2214,.T.);
#2212 = VERTEX_POINT('',#2213);
#2213 = CARTESIAN_POINT('',(-34.330560981,20.331469612,-150.));
#2214 = SURFACE_CURVE('',#2215,(#2219,#2226),.PCURVE_S1.);
#2215 = LINE('',#2216,#2217);
#2216 = CARTESIAN_POINT('',(-34.330560981,20.331469612,-150.));
#2217 = VECTOR('',#2218,1.);
#2218 = DIRECTION('',(-0.803207530666,-0.59569930559,0.));
#2219 = PCURVE('',#173,#2220);
#2220 = DEFINITIONAL_REPRESENTATION('',(#2221),#2225);
#2221 = LINE('',#2222,#2223);
#2222 = CARTESIAN_POINT('',(19.640172457023,34.330560981));
#2223 = VECTOR('',#2224,1.);
#2224 = DIRECTION('',(-0.59569930559,0.803207530666));
#2225 = ( GEOMETRIC_REPRESENTATION_CONTEXT(2) 
PARAMETRIC_REPRESENTATION_CONTEXT() REPRESENTATION_CONTEXT('2D SPACE',''
  ) );
#2226 = PCURVE('',#2227,#2232);
#2227 = PLANE('',#2228);
#2228 = AXIS2_PLACEMENT_3D('',#2229,#2230,#2231);
#2229 = CARTESIAN_POINT('',(-34.330560981,20.331469612,-150.));
#2230 = DIRECTION('',(0.59569930559,-0.803207530666,0.));
#2231 = DIRECTION('',(-0.803207530666,-0.59569930559,0.));
#2232 = DEFINITIONAL_REPRESENTATION('',(#2233),#2237);
#2233 = LINE('',#2234,#2235);
#2234 = CARTESIAN_POINT('',(0.,0.));
#2235 = VECTOR('',#2236,1.);
#2236 = DIRECTION('',(1.,0.));
#2237 = ( GEOMETRIC_REPRESENTATION_CONTEXT(2) 
PARAMETRIC_REPRESENTATION_CONTEXT() REPRESENTATION_CONTEXT('2D SPACE',''
  ) );
#2238 = ORIENTED_EDGE('',*,*,#2239,.F.);
#2239 = EDGE_CURVE('',#2240,#2212,#2242,.T.);
#2240 = VERTEX_POINT('',#2241);
#2241 = CARTESIAN_POINT('',(-6.,40.,-150.));
#2242 = SURFACE_CURVE('',#2243,(#2247,#2254),.PCURVE_S1.);
#2243 = LINE('',#2244,#2245);
#2244 = CARTESIAN_POINT('',(-6.,40.,-150.));
#2245 = VECTOR('',#2246,1.);
#2246 = DIRECTION('',(-0.821444268946,-0.570288797905,0.));
#2247 = PCURVE('',#173,#2248);
#2248 = DEFINITIONAL_REPRESENTATION('',(#2249),#2253);
#2249 = LINE('',#2250,#2251);
#2250 = CARTESIAN_POINT('',(39.308702845023,6.));
#2251 = VECTOR('',#2252,1.);
#2252 = DIRECTION('',(-0.570288797905,0.821444268946));
#2253 = ( GEOMETRIC_REPRESENTATION_CONTEXT(2) 
PARAMETRIC_REPRESENTATION_CONTEXT() REPRESENTATION_CONTEXT('2D SPACE',''
  ) );
#2254 = PCURVE('',#2255,#2260);
#2255 = PLANE('',#2256);
#2256 = AXIS2_PLACEMENT_3D('',#2257,#2258,#2259);
#2257 = CARTESIAN_POINT('',(-6.,40.,-150.));
#2258 = DIRECTION('',(0.570288797905,-0.821444268946,0.));
#2259 = DIRECTION('',(-0.821444268946,-0.570288797905,0.));
#2260 = DEFINITIONAL_REPRESENTATION('',(#2261),#2265);
#2261 = LINE('',#2262,#2263);
#2262 = CARTESIAN_POINT('',(0.,0.));
#2263 = VECTOR('',#2264,1.);
#2264 = DIRECTION('',(1.,0.));
#2265 = ( GEOMETRIC_REPRESENTATION_CONTEXT(2) 
PARAMETRIC_REPRESENTATION_CONTEXT() REPRESENTATION_CONTEXT('2D SPACE',''
  ) );
#2266 = ORIENTED_EDGE('',*,*,#2267,.F.);
#2267 = EDGE_CURVE('',#2268,#2240,#2270,.T.);
#2268 = VERTEX_POINT('',#2269);
#2269 = CARTESIAN_POINT('',(6.,40.,-150.));
#2270 = SURFACE_CURVE('',#2271,(#2275,#2282),.PCURVE_S1.);
#2271 = LINE('',#2272,#2273);
#2272 = CARTESIAN_POINT('',(6.,40.,-150.));
#2273 = VECTOR('',#2274,1.);
#2274 = DIRECTION('',(-1.,0.,0.));
#2275 = PCURVE('',#173,#2276);
#2276 = DEFINITIONAL_REPRESENTATION('',(#2277),#2281);
#2277 = LINE('',#2278,#2279);
#2278 = CARTESIAN_POINT('',(39.308702845023,-6.));
#2279 = VECTOR('',#2280,1.);
#2280 = DIRECTION('',(0.,1.));
#2281 = ( GEOMETRIC_REPRESENTATION_CONTEXT(2) 
PARAMETRIC_REPRESENTATION_CONTEXT() REPRESENTATION_CONTEXT('2D SPACE',''
  ) );
#2282 = PCURVE('',#2283,#2288);
#2283 = PLANE('',#2284);
#2284 = AXIS2_PLACEMENT_3D('',#2285,#2286,#2287);
#2285 = CARTESIAN_POINT('',(6.,40.,-150.));
#2286 = DIRECTION('',(0.,-1.,0.));
#2287 = DIRECTION('',(-1.,0.,0.));
#2288 = DEFINITIONAL_REPRESENTATION('',(#2289),#2293);
#2289 = LINE('',#2290,#2291);
#2290 = CARTESIAN_POINT('',(0.,-0.));
#2291 = VECTOR('',#2292,1.);
#2292 = DIRECTION('',(1.,0.));
#2293 = ( GEOMETRIC_REPRESENTATION_CONTEXT(2) 
PARAMETRIC_REPRESENTATION_CONTEXT() REPRESENTATION_CONTEXT('2D SPACE',''
  ) );
#2294 = ORIENTED_EDGE('',*,*,#2295,.F.);
#2295 = EDGE_CURVE('',#2296,#2268,#2298,.T.);
#2296 = VERTEX_POINT('',#2297);
#2297 = CARTESIAN_POINT('',(34.330560981,20.331469612,-150.));
#2298 = SURFACE_CURVE('',#2299,(#2303,#2310),.PCURVE_S1.);
#2299 = LINE('',#2300,#2301);
#2300 = CARTESIAN_POINT('',(34.330560981,20.331469612,-150.));
#2301 = VECTOR('',#2302,1.);
#2302 = DIRECTION('',(-0.821444268946,0.570288797905,0.));
#2303 = PCURVE('',#173,#2304);
#2304 = DEFINITIONAL_REPRESENTATION('',(#2305),#2309);
#2305 = LINE('',#2306,#2307);
#2306 = CARTESIAN_POINT('',(19.640172457023,-34.330560981));
#2307 = VECTOR('',#2308,1.);
#2308 = DIRECTION('',(0.570288797905,0.821444268946));
#2309 = ( GEOMETRIC_REPRESENTATION_CONTEXT(2) 
PARAMETRIC_REPRESENTATION_CONTEXT() REPRESENTATION_CONTEXT('2D SPACE',''
  ) );
#2310 = PCURVE('',#2311,#2316);
#2311 = PLANE('',#2312);
#2312 = AXIS2_PLACEMENT_3D('',#2313,#2314,#2315);
#2313 = CARTESIAN_POINT('',(34.330560981,20.331469612,-150.));
#2314 = DIRECTION('',(-0.570288797905,-0.821444268946,0.));
#2315 = DIRECTION('',(-0.821444268946,0.570288797905,0.));
#2316 = DEFINITIONAL_REPRESENTATION('',(#2317),#2321);
#2317 = LINE('',#2318,#2319);
#2318 = CARTESIAN_POINT('',(0.,0.));
#2319 = VECTOR('',#2320,1.);
#2320 = DIRECTION('',(1.,0.));
#2321 = ( GEOMETRIC_REPRESENTATION_CONTEXT(2) 
PARAMETRIC_REPRESENTATION_CONTEXT() REPRESENTATION_CONTEXT('2D SPACE',''
  ) );
#2322 = ORIENTED_EDGE('',*,*,#2323,.F.);
#2323 = EDGE_CURVE('',#2324,#2296,#2326,.T.);
#2324 = VERTEX_POINT('',#2325);
#2325 = CARTESIAN_POINT('',(34.409384032,20.273010453,-150.));
#2326 = SURFACE_CURVE('',#2327,(#2331,#2338),.PCURVE_S1.);
#2327 = LINE('',#2328,#2329);
#2328 = CARTESIAN_POINT('',(34.409384032,20.273010453,-150.));
#2329 = VECTOR('',#2330,1.);
#2330 = DIRECTION('',(-0.803207530666,0.59569930559,0.));
#2331 = PCURVE('',#173,#2332);
#2332 = DEFINITIONAL_REPRESENTATION('',(#2333),#2337);
#2333 = LINE('',#2334,#2335);
#2334 = CARTESIAN_POINT('',(19.581713298023,-34.409384032));
#2335 = VECTOR('',#2336,1.);
#2336 = DIRECTION('',(0.59569930559,0.803207530666));
#2337 = ( GEOMETRIC_REPRESENTATION_CONTEXT(2) 
PARAMETRIC_REPRESENTATION_CONTEXT() REPRESENTATION_CONTEXT('2D SPACE',''
  ) );
#2338 = PCURVE('',#2339,#2344);
#2339 = PLANE('',#2340);
#2340 = AXIS2_PLACEMENT_3D('',#2341,#2342,#2343);
#2341 = CARTESIAN_POINT('',(34.409384032,20.273010453,-150.));
#2342 = DIRECTION('',(-0.59569930559,-0.803207530666,0.));
#2343 = DIRECTION('',(-0.803207530666,0.59569930559,0.));
#2344 = DEFINITIONAL_REPRESENTATION('',(#2345),#2349);
#2345 = LINE('',#2346,#2347);
#2346 = CARTESIAN_POINT('',(0.,0.));
#2347 = VECTOR('',#2348,1.);
#2348 = DIRECTION('',(1.,0.));
#2349 = ( GEOMETRIC_REPRESENTATION_CONTEXT(2) 
PARAMETRIC_REPRESENTATION_CONTEXT() REPRESENTATION_CONTEXT('2D SPACE',''
  ) );
#2350 = ORIENTED_EDGE('',*,*,#2351,.F.);
#2351 = EDGE_CURVE('',#2352,#2324,#2354,.T.);
#2352 = VERTEX_POINT('',#2353);
#2353 = CARTESIAN_POINT('',(34.482097529,20.207106781,-150.));
#2354 = SURFACE_CURVE('',#2355,(#2359,#2366),.PCURVE_S1.);
#2355 = LINE('',#2356,#2357);
#2356 = CARTESIAN_POINT('',(34.482097529,20.207106781,-150.));
#2357 = VECTOR('',#2358,1.);
#2358 = DIRECTION('',(-0.740951126143,0.671558953977,0.));
#2359 = PCURVE('',#173,#2360);
#2360 = DEFINITIONAL_REPRESENTATION('',(#2361),#2365);
#2361 = LINE('',#2362,#2363);
#2362 = CARTESIAN_POINT('',(19.515809626023,-34.482097529));
#2363 = VECTOR('',#2364,1.);
#2364 = DIRECTION('',(0.671558953977,0.740951126143));
#2365 = ( GEOMETRIC_REPRESENTATION_CONTEXT(2) 
PARAMETRIC_REPRESENTATION_CONTEXT() REPRESENTATION_CONTEXT('2D SPACE',''
  ) );
#2366 = PCURVE('',#2367,#2372);
#2367 = PLANE('',#2368);
#2368 = AXIS2_PLACEMENT_3D('',#2369,#2370,#2371);
#2369 = CARTESIAN_POINT('',(34.482097529,20.207106781,-150.));
#2370 = DIRECTION('',(-0.671558953977,-0.740951126143,0.));
#2371 = DIRECTION('',(-0.740951126143,0.671558953977,0.));
#2372 = DEFINITIONAL_REPRESENTATION('',(#2373),#2377);
#2373 = LINE('',#2374,#2375);
#2374 = CARTESIAN_POINT('',(0.,0.));
#2375 = VECTOR('',#2376,1.);
#2376 = DIRECTION('',(1.,0.));
#2377 = ( GEOMETRIC_REPRESENTATION_CONTEXT(2) 
PARAMETRIC_REPRESENTATION_CONTEXT() REPRESENTATION_CONTEXT('2D SPACE',''
  ) );
#2378 = ORIENTED_EDGE('',*,*,#2379,.F.);
#2379 = EDGE_CURVE('',#2380,#2352,#2382,.T.);
#2380 = VERTEX_POINT('',#2381);
#2381 = CARTESIAN_POINT('',(34.548001201,20.134393284,-150.));
#2382 = SURFACE_CURVE('',#2383,(#2387,#2394),.PCURVE_S1.);
#2383 = LINE('',#2384,#2385);
#2384 = CARTESIAN_POINT('',(34.548001201,20.134393284,-150.));
#2385 = VECTOR('',#2386,1.);
#2386 = DIRECTION('',(-0.671558953977,0.740951126143,0.));
#2387 = PCURVE('',#173,#2388);
#2388 = DEFINITIONAL_REPRESENTATION('',(#2389),#2393);
#2389 = LINE('',#2390,#2391);
#2390 = CARTESIAN_POINT('',(19.443096129023,-34.548001201));
#2391 = VECTOR('',#2392,1.);
#2392 = DIRECTION('',(0.740951126143,0.671558953977));
#2393 = ( GEOMETRIC_REPRESENTATION_CONTEXT(2) 
PARAMETRIC_REPRESENTATION_CONTEXT() REPRESENTATION_CONTEXT('2D SPACE',''
  ) );
#2394 = PCURVE('',#2395,#2400);
#2395 = PLANE('',#2396);
#2396 = AXIS2_PLACEMENT_3D('',#2397,#2398,#2399);
#2397 = CARTESIAN_POINT('',(34.548001201,20.134393284,-150.));
#2398 = DIRECTION('',(-0.740951126143,-0.671558953977,0.));
#2399 = DIRECTION('',(-0.671558953977,0.740951126143,0.));
#2400 = DEFINITIONAL_REPRESENTATION('',(#2401),#2405);
#2401 = LINE('',#2402,#2403);
#2402 = CARTESIAN_POINT('',(0.,0.));
#2403 = VECTOR('',#2404,1.);
#2404 = DIRECTION('',(1.,0.));
#2405 = ( GEOMETRIC_REPRESENTATION_CONTEXT(2) 
PARAMETRIC_REPRESENTATION_CONTEXT() REPRESENTATION_CONTEXT('2D SPACE',''
  ) );
#2406 = ORIENTED_EDGE('',*,*,#2407,.F.);
#2407 = EDGE_CURVE('',#2408,#2380,#2410,.T.);
#2408 = VERTEX_POINT('',#2409);
#2409 = CARTESIAN_POINT('',(34.60646036,20.055570233,-150.));
#2410 = SURFACE_CURVE('',#2411,(#2415,#2422),.PCURVE_S1.);
#2411 = LINE('',#2412,#2413);
#2412 = CARTESIAN_POINT('',(34.60646036,20.055570233,-150.));
#2413 = VECTOR('',#2414,1.);
#2414 = DIRECTION('',(-0.59569930559,0.803207530666,0.));
#2415 = PCURVE('',#173,#2416);
#2416 = DEFINITIONAL_REPRESENTATION('',(#2417),#2421);
#2417 = LINE('',#2418,#2419);
#2418 = CARTESIAN_POINT('',(19.364273078023,-34.60646036));
#2419 = VECTOR('',#2420,1.);
#2420 = DIRECTION('',(0.803207530666,0.59569930559));
#2421 = ( GEOMETRIC_REPRESENTATION_CONTEXT(2) 
PARAMETRIC_REPRESENTATION_CONTEXT() REPRESENTATION_CONTEXT('2D SPACE',''
  ) );
#2422 = PCURVE('',#2423,#2428);
#2423 = PLANE('',#2424);
#2424 = AXIS2_PLACEMENT_3D('',#2425,#2426,#2427);
#2425 = CARTESIAN_POINT('',(34.60646036,20.055570233,-150.));
#2426 = DIRECTION('',(-0.803207530666,-0.59569930559,0.));
#2427 = DIRECTION('',(-0.59569930559,0.803207530666,0.));
#2428 = DEFINITIONAL_REPRESENTATION('',(#2429),#2433);
#2429 = LINE('',#2430,#2431);
#2430 = CARTESIAN_POINT('',(0.,0.));
#2431 = VECTOR('',#2432,1.);
#2432 = DIRECTION('',(1.,0.));
#2433 = ( GEOMETRIC_REPRESENTATION_CONTEXT(2) 
PARAMETRIC_REPRESENTATION_CONTEXT() REPRESENTATION_CONTEXT('2D SPACE',''
  ) );
#2434 = ORIENTED_EDGE('',*,*,#2435,.F.);
#2435 = EDGE_CURVE('',#2436,#2408,#2438,.T.);
#2436 = VERTEX_POINT('',#2437);
#2437 = CARTESIAN_POINT('',(34.656912012,19.971396737,-150.));
#2438 = SURFACE_CURVE('',#2439,(#2443,#2450),.PCURVE_S1.);
#2439 = LINE('',#2440,#2441);
#2440 = CARTESIAN_POINT('',(34.656912012,19.971396737,-150.));
#2441 = VECTOR('',#2442,1.);
#2442 = DIRECTION('',(-0.51410274472,0.857728609685,0.));
#2443 = PCURVE('',#173,#2444);
#2444 = DEFINITIONAL_REPRESENTATION('',(#2445),#2449);
#2445 = LINE('',#2446,#2447);
#2446 = CARTESIAN_POINT('',(19.280099582023,-34.656912012));
#2447 = VECTOR('',#2448,1.);
#2448 = DIRECTION('',(0.857728609685,0.51410274472));
#2449 = ( GEOMETRIC_REPRESENTATION_CONTEXT(2) 
PARAMETRIC_REPRESENTATION_CONTEXT() REPRESENTATION_CONTEXT('2D SPACE',''
  ) );
#2450 = PCURVE('',#2451,#2456);
#2451 = PLANE('',#2452);
#2452 = AXIS2_PLACEMENT_3D('',#2453,#2454,#2455);
#2453 = CARTESIAN_POINT('',(34.656912012,19.971396737,-150.));
#2454 = DIRECTION('',(-0.857728609685,-0.51410274472,0.));
#2455 = DIRECTION('',(-0.51410274472,0.857728609685,0.));
#2456 = DEFINITIONAL_REPRESENTATION('',(#2457),#2461);
#2457 = LINE('',#2458,#2459);
#2458 = CARTESIAN_POINT('',(0.,0.));
#2459 = VECTOR('',#2460,1.);
#2460 = DIRECTION('',(1.,0.));
#2461 = ( GEOMETRIC_REPRESENTATION_CONTEXT(2) 
PARAMETRIC_REPRESENTATION_CONTEXT() REPRESENTATION_CONTEXT('2D SPACE',''
  ) );
#2462 = ORIENTED_EDGE('',*,*,#2463,.F.);
#2463 = EDGE_CURVE('',#2464,#2436,#2466,.T.);
#2464 = VERTEX_POINT('',#2465);
#2465 = CARTESIAN_POINT('',(34.69887028,19.882683432,-150.));
#2466 = SURFACE_CURVE('',#2467,(#2471,#2478),.PCURVE_S1.);
#2467 = LINE('',#2468,#2469);
#2468 = CARTESIAN_POINT('',(34.69887028,19.882683432,-150.));
#2469 = VECTOR('',#2470,1.);
#2470 = DIRECTION('',(-0.42755508995,0.903989294769,0.));
#2471 = PCURVE('',#173,#2472);
#2472 = DEFINITIONAL_REPRESENTATION('',(#2473),#2477);
#2473 = LINE('',#2474,#2475);
#2474 = CARTESIAN_POINT('',(19.191386277023,-34.69887028));
#2475 = VECTOR('',#2476,1.);
#2476 = DIRECTION('',(0.903989294769,0.42755508995));
#2477 = ( GEOMETRIC_REPRESENTATION_CONTEXT(2) 
PARAMETRIC_REPRESENTATION_CONTEXT() REPRESENTATION_CONTEXT('2D SPACE',''
  ) );
#2478 = PCURVE('',#2479,#2484);
#2479 = PLANE('',#2480);
#2480 = AXIS2_PLACEMENT_3D('',#2481,#2482,#2483);
#2481 = CARTESIAN_POINT('',(34.69887028,19.882683432,-150.));
#2482 = DIRECTION('',(-0.903989294769,-0.42755508995,0.));
#2483 = DIRECTION('',(-0.42755508995,0.903989294769,0.));
#2484 = DEFINITIONAL_REPRESENTATION('',(#2485),#2489);
#2485 = LINE('',#2486,#2487);
#2486 = CARTESIAN_POINT('',(0.,0.));
#2487 = VECTOR('',#2488,1.);
#2488 = DIRECTION('',(1.,0.));
#2489 = ( GEOMETRIC_REPRESENTATION_CONTEXT(2) 
PARAMETRIC_REPRESENTATION_CONTEXT() REPRESENTATION_CONTEXT('2D SPACE',''
  ) );
#2490 = ORIENTED_EDGE('',*,*,#2491,.F.);
#2491 = EDGE_CURVE('',#2492,#2464,#2494,.T.);
#2492 = VERTEX_POINT('',#2493);
#2493 = CARTESIAN_POINT('',(34.731931083,19.790284677,-150.));
#2494 = SURFACE_CURVE('',#2495,(#2499,#2506),.PCURVE_S1.);
#2495 = LINE('',#2496,#2497);
#2496 = CARTESIAN_POINT('',(34.731931083,19.790284677,-150.));
#2497 = VECTOR('',#2498,1.);
#2498 = DIRECTION('',(-0.336889851754,0.941544065769,0.));
#2499 = PCURVE('',#173,#2500);
#2500 = DEFINITIONAL_REPRESENTATION('',(#2501),#2505);
#2501 = LINE('',#2502,#2503);
#2502 = CARTESIAN_POINT('',(19.098987522023,-34.731931083));
#2503 = VECTOR('',#2504,1.);
#2504 = DIRECTION('',(0.941544065769,0.336889851754));
#2505 = ( GEOMETRIC_REPRESENTATION_CONTEXT(2) 
PARAMETRIC_REPRESENTATION_CONTEXT() REPRESENTATION_CONTEXT('2D SPACE',''
  ) );
#2506 = PCURVE('',#2507,#2512);
#2507 = PLANE('',#2508);
#2508 = AXIS2_PLACEMENT_3D('',#2509,#2510,#2511);
#2509 = CARTESIAN_POINT('',(34.731931083,19.790284677,-150.));
#2510 = DIRECTION('',(-0.941544065769,-0.336889851754,0.));
#2511 = DIRECTION('',(-0.336889851754,0.941544065769,0.));
#2512 = DEFINITIONAL_REPRESENTATION('',(#2513),#2517);
#2513 = LINE('',#2514,#2515);
#2514 = CARTESIAN_POINT('',(0.,0.));
#2515 = VECTOR('',#2516,1.);
#2516 = DIRECTION('',(1.,0.));
#2517 = ( GEOMETRIC_REPRESENTATION_CONTEXT(2) 
PARAMETRIC_REPRESENTATION_CONTEXT() REPRESENTATION_CONTEXT('2D SPACE',''
  ) );
#2518 = ORIENTED_EDGE('',*,*,#2519,.F.);
#2519 = EDGE_CURVE('',#2520,#2492,#2522,.T.);
#2520 = VERTEX_POINT('',#2521);
#2521 = CARTESIAN_POINT('',(34.755776028,19.695090322,-150.));
#2522 = SURFACE_CURVE('',#2523,(#2527,#2534),.PCURVE_S1.);
#2523 = LINE('',#2524,#2525);
#2524 = CARTESIAN_POINT('',(34.755776028,19.695090322,-150.));
#2525 = VECTOR('',#2526,1.);
#2526 = DIRECTION('',(-0.24298018363,0.970031252261,0.));
#2527 = PCURVE('',#173,#2528);
#2528 = DEFINITIONAL_REPRESENTATION('',(#2529),#2533);
#2529 = LINE('',#2530,#2531);
#2530 = CARTESIAN_POINT('',(19.003793167023,-34.755776028));
#2531 = VECTOR('',#2532,1.);
#2532 = DIRECTION('',(0.970031252261,0.24298018363));
#2533 = ( GEOMETRIC_REPRESENTATION_CONTEXT(2) 
PARAMETRIC_REPRESENTATION_CONTEXT() REPRESENTATION_CONTEXT('2D SPACE',''
  ) );
#2534 = PCURVE('',#2535,#2540);
#2535 = PLANE('',#2536);
#2536 = AXIS2_PLACEMENT_3D('',#2537,#2538,#2539);
#2537 = CARTESIAN_POINT('',(34.755776028,19.695090322,-150.));
#2538 = DIRECTION('',(-0.970031252261,-0.24298018363,0.));
#2539 = DIRECTION('',(-0.24298018363,0.970031252261,0.));
#2540 = DEFINITIONAL_REPRESENTATION('',(#2541),#2545);
#2541 = LINE('',#2542,#2543);
#2542 = CARTESIAN_POINT('',(0.,0.));
#2543 = VECTOR('',#2544,1.);
#2544 = DIRECTION('',(1.,0.));
#2545 = ( GEOMETRIC_REPRESENTATION_CONTEXT(2) 
PARAMETRIC_REPRESENTATION_CONTEXT() REPRESENTATION_CONTEXT('2D SPACE',''
  ) );
#2546 = ORIENTED_EDGE('',*,*,#2547,.F.);
#2547 = EDGE_CURVE('',#2548,#2520,#2550,.T.);
#2548 = VERTEX_POINT('',#2549);
#2549 = CARTESIAN_POINT('',(34.770175474,19.59801714,-150.));
#2550 = SURFACE_CURVE('',#2551,(#2555,#2562),.PCURVE_S1.);
#2551 = LINE('',#2552,#2553);
#2552 = CARTESIAN_POINT('',(34.770175474,19.59801714,-150.));
#2553 = VECTOR('',#2554,1.);
#2554 = DIRECTION('',(-0.14673047131,0.989176510431,0.));
#2555 = PCURVE('',#173,#2556);
#2556 = DEFINITIONAL_REPRESENTATION('',(#2557),#2561);
#2557 = LINE('',#2558,#2559);
#2558 = CARTESIAN_POINT('',(18.906719985023,-34.770175474));
#2559 = VECTOR('',#2560,1.);
#2560 = DIRECTION('',(0.989176510431,0.14673047131));
#2561 = ( GEOMETRIC_REPRESENTATION_CONTEXT(2) 
PARAMETRIC_REPRESENTATION_CONTEXT() REPRESENTATION_CONTEXT('2D SPACE',''
  ) );
#2562 = PCURVE('',#2563,#2568);
#2563 = PLANE('',#2564);
#2564 = AXIS2_PLACEMENT_3D('',#2565,#2566,#2567);
#2565 = CARTESIAN_POINT('',(34.770175474,19.59801714,-150.));
#2566 = DIRECTION('',(-0.989176510431,-0.14673047131,0.));
#2567 = DIRECTION('',(-0.14673047131,0.989176510431,0.));
#2568 = DEFINITIONAL_REPRESENTATION('',(#2569),#2573);
#2569 = LINE('',#2570,#2571);
#2570 = CARTESIAN_POINT('',(0.,0.));
#2571 = VECTOR('',#2572,1.);
#2572 = DIRECTION('',(1.,0.));
#2573 = ( GEOMETRIC_REPRESENTATION_CONTEXT(2) 
PARAMETRIC_REPRESENTATION_CONTEXT() REPRESENTATION_CONTEXT('2D SPACE',''
  ) );
#2574 = ORIENTED_EDGE('',*,*,#2575,.F.);
#2575 = EDGE_CURVE('',#2576,#2548,#2578,.T.);
#2576 = VERTEX_POINT('',#2577);
#2577 = CARTESIAN_POINT('',(34.774990748,19.5,-150.));
#2578 = SURFACE_CURVE('',#2579,(#2583,#2590),.PCURVE_S1.);
#2579 = LINE('',#2580,#2581);
#2580 = CARTESIAN_POINT('',(34.774990748,19.5,-150.));
#2581 = VECTOR('',#2582,1.);
#2582 = DIRECTION('',(-4.906768132522E-02,0.998795455861,0.));
#2583 = PCURVE('',#173,#2584);
#2584 = DEFINITIONAL_REPRESENTATION('',(#2585),#2589);
#2585 = LINE('',#2586,#2587);
#2586 = CARTESIAN_POINT('',(18.808702845023,-34.774990748));
#2587 = VECTOR('',#2588,1.);
#2588 = DIRECTION('',(0.998795455861,4.906768132522E-02));
#2589 = ( GEOMETRIC_REPRESENTATION_CONTEXT(2) 
PARAMETRIC_REPRESENTATION_CONTEXT() REPRESENTATION_CONTEXT('2D SPACE',''
  ) );
#2590 = PCURVE('',#2591,#2596);
#2591 = PLANE('',#2592);
#2592 = AXIS2_PLACEMENT_3D('',#2593,#2594,#2595);
#2593 = CARTESIAN_POINT('',(34.774990748,19.5,-150.));
#2594 = DIRECTION('',(-0.998795455861,-4.906768132522E-02,0.));
#2595 = DIRECTION('',(-4.906768132522E-02,0.998795455861,0.));
#2596 = DEFINITIONAL_REPRESENTATION('',(#2597),#2601);
#2597 = LINE('',#2598,#2599);
#2598 = CARTESIAN_POINT('',(0.,0.));
#2599 = VECTOR('',#2600,1.);
#2600 = DIRECTION('',(1.,0.));
#2601 = ( GEOMETRIC_REPRESENTATION_CONTEXT(2) 
PARAMETRIC_REPRESENTATION_CONTEXT() REPRESENTATION_CONTEXT('2D SPACE',''
  ) );
#2602 = ORIENTED_EDGE('',*,*,#2603,.F.);
#2603 = EDGE_CURVE('',#2604,#2576,#2606,.T.);
#2604 = VERTEX_POINT('',#2605);
#2605 = CARTESIAN_POINT('',(34.774990748,-19.5,-150.));
#2606 = SURFACE_CURVE('',#2607,(#2611,#2618),.PCURVE_S1.);
#2607 = LINE('',#2608,#2609);
#2608 = CARTESIAN_POINT('',(34.774990748,-19.5,-150.));
#2609 = VECTOR('',#2610,1.);
#2610 = DIRECTION('',(0.,1.,0.));
#2611 = PCURVE('',#173,#2612);
#2612 = DEFINITIONAL_REPRESENTATION('',(#2613),#2617);
#2613 = LINE('',#2614,#2615);
#2614 = CARTESIAN_POINT('',(-20.19129715497,-34.774990748));
#2615 = VECTOR('',#2616,1.);
#2616 = DIRECTION('',(1.,5.518637272201E-80));
#2617 = ( GEOMETRIC_REPRESENTATION_CONTEXT(2) 
PARAMETRIC_REPRESENTATION_CONTEXT() REPRESENTATION_CONTEXT('2D SPACE',''
  ) );
#2618 = PCURVE('',#2619,#2624);
#2619 = PLANE('',#2620);
#2620 = AXIS2_PLACEMENT_3D('',#2621,#2622,#2623);
#2621 = CARTESIAN_POINT('',(34.774990748,-19.5,-150.));
#2622 = DIRECTION('',(-1.,0.,0.));
#2623 = DIRECTION('',(0.,1.,0.));
#2624 = DEFINITIONAL_REPRESENTATION('',(#2625),#2629);
#2625 = LINE('',#2626,#2627);
#2626 = CARTESIAN_POINT('',(0.,0.));
#2627 = VECTOR('',#2628,1.);
#2628 = DIRECTION('',(1.,0.));
#2629 = ( GEOMETRIC_REPRESENTATION_CONTEXT(2) 
PARAMETRIC_REPRESENTATION_CONTEXT() REPRESENTATION_CONTEXT('2D SPACE',''
  ) );
#2630 = ORIENTED_EDGE('',*,*,#2631,.F.);
#2631 = EDGE_CURVE('',#2632,#2604,#2634,.T.);
#2632 = VERTEX_POINT('',#2633);
#2633 = CARTESIAN_POINT('',(34.770175474,-19.59801714,-150.));
#2634 = SURFACE_CURVE('',#2635,(#2639,#2646),.PCURVE_S1.);
#2635 = LINE('',#2636,#2637);
#2636 = CARTESIAN_POINT('',(34.770175474,-19.59801714,-150.));
#2637 = VECTOR('',#2638,1.);
#2638 = DIRECTION('',(4.906768132522E-02,0.998795455861,0.));
#2639 = PCURVE('',#173,#2640);
#2640 = DEFINITIONAL_REPRESENTATION('',(#2641),#2645);
#2641 = LINE('',#2642,#2643);
#2642 = CARTESIAN_POINT('',(-20.28931429497,-34.770175474));
#2643 = VECTOR('',#2644,1.);
#2644 = DIRECTION('',(0.998795455861,-4.906768132522E-02));
#2645 = ( GEOMETRIC_REPRESENTATION_CONTEXT(2) 
PARAMETRIC_REPRESENTATION_CONTEXT() REPRESENTATION_CONTEXT('2D SPACE',''
  ) );
#2646 = PCURVE('',#2647,#2652);
#2647 = PLANE('',#2648);
#2648 = AXIS2_PLACEMENT_3D('',#2649,#2650,#2651);
#2649 = CARTESIAN_POINT('',(34.770175474,-19.59801714,-150.));
#2650 = DIRECTION('',(-0.998795455861,4.906768132522E-02,0.));
#2651 = DIRECTION('',(4.906768132522E-02,0.998795455861,0.));
#2652 = DEFINITIONAL_REPRESENTATION('',(#2653),#2657);
#2653 = LINE('',#2654,#2655);
#2654 = CARTESIAN_POINT('',(0.,0.));
#2655 = VECTOR('',#2656,1.);
#2656 = DIRECTION('',(1.,0.));
#2657 = ( GEOMETRIC_REPRESENTATION_CONTEXT(2) 
PARAMETRIC_REPRESENTATION_CONTEXT() REPRESENTATION_CONTEXT('2D SPACE',''
  ) );
#2658 = ORIENTED_EDGE('',*,*,#2659,.F.);
#2659 = EDGE_CURVE('',#2660,#2632,#2662,.T.);
#2660 = VERTEX_POINT('',#2661);
#2661 = CARTESIAN_POINT('',(34.755776028,-19.695090322,-150.));
#2662 = SURFACE_CURVE('',#2663,(#2667,#2674),.PCURVE_S1.);
#2663 = LINE('',#2664,#2665);
#2664 = CARTESIAN_POINT('',(34.755776028,-19.695090322,-150.));
#2665 = VECTOR('',#2666,1.);
#2666 = DIRECTION('',(0.14673047131,0.989176510431,0.));
#2667 = PCURVE('',#173,#2668);
#2668 = DEFINITIONAL_REPRESENTATION('',(#2669),#2673);
#2669 = LINE('',#2670,#2671);
#2670 = CARTESIAN_POINT('',(-20.38638747697,-34.755776028));
#2671 = VECTOR('',#2672,1.);
#2672 = DIRECTION('',(0.989176510431,-0.14673047131));
#2673 = ( GEOMETRIC_REPRESENTATION_CONTEXT(2) 
PARAMETRIC_REPRESENTATION_CONTEXT() REPRESENTATION_CONTEXT('2D SPACE',''
  ) );
#2674 = PCURVE('',#2675,#2680);
#2675 = PLANE('',#2676);
#2676 = AXIS2_PLACEMENT_3D('',#2677,#2678,#2679);
#2677 = CARTESIAN_POINT('',(34.755776028,-19.695090322,-150.));
#2678 = DIRECTION('',(-0.989176510431,0.14673047131,0.));
#2679 = DIRECTION('',(0.14673047131,0.989176510431,0.));
#2680 = DEFINITIONAL_REPRESENTATION('',(#2681),#2685);
#2681 = LINE('',#2682,#2683);
#2682 = CARTESIAN_POINT('',(0.,0.));
#2683 = VECTOR('',#2684,1.);
#2684 = DIRECTION('',(1.,0.));
#2685 = ( GEOMETRIC_REPRESENTATION_CONTEXT(2) 
PARAMETRIC_REPRESENTATION_CONTEXT() REPRESENTATION_CONTEXT('2D SPACE',''
  ) );
#2686 = ORIENTED_EDGE('',*,*,#2687,.F.);
#2687 = EDGE_CURVE('',#2688,#2660,#2690,.T.);
#2688 = VERTEX_POINT('',#2689);
#2689 = CARTESIAN_POINT('',(34.731931083,-19.790284677,-150.));
#2690 = SURFACE_CURVE('',#2691,(#2695,#2702),.PCURVE_S1.);
#2691 = LINE('',#2692,#2693);
#2692 = CARTESIAN_POINT('',(34.731931083,-19.790284677,-150.));
#2693 = VECTOR('',#2694,1.);
#2694 = DIRECTION('',(0.24298018363,0.970031252261,0.));
#2695 = PCURVE('',#173,#2696);
#2696 = DEFINITIONAL_REPRESENTATION('',(#2697),#2701);
#2697 = LINE('',#2698,#2699);
#2698 = CARTESIAN_POINT('',(-20.48158183197,-34.731931083));
#2699 = VECTOR('',#2700,1.);
#2700 = DIRECTION('',(0.970031252261,-0.24298018363));
#2701 = ( GEOMETRIC_REPRESENTATION_CONTEXT(2) 
PARAMETRIC_REPRESENTATION_CONTEXT() REPRESENTATION_CONTEXT('2D SPACE',''
  ) );
#2702 = PCURVE('',#2703,#2708);
#2703 = PLANE('',#2704);
#2704 = AXIS2_PLACEMENT_3D('',#2705,#2706,#2707);
#2705 = CARTESIAN_POINT('',(34.731931083,-19.790284677,-150.));
#2706 = DIRECTION('',(-0.970031252261,0.24298018363,0.));
#2707 = DIRECTION('',(0.24298018363,0.970031252261,0.));
#2708 = DEFINITIONAL_REPRESENTATION('',(#2709),#2713);
#2709 = LINE('',#2710,#2711);
#2710 = CARTESIAN_POINT('',(0.,0.));
#2711 = VECTOR('',#2712,1.);
#2712 = DIRECTION('',(1.,0.));
#2713 = ( GEOMETRIC_REPRESENTATION_CONTEXT(2) 
PARAMETRIC_REPRESENTATION_CONTEXT() REPRESENTATION_CONTEXT('2D SPACE',''
  ) );
#2714 = ORIENTED_EDGE('',*,*,#2715,.F.);
#2715 = EDGE_CURVE('',#2716,#2688,#2718,.T.);
#2716 = VERTEX_POINT('',#2717);
#2717 = CARTESIAN_POINT('',(34.69887028,-19.882683432,-150.));
#2718 = SURFACE_CURVE('',#2719,(#2723,#2730),.PCURVE_S1.);
#2719 = LINE('',#2720,#2721);
#2720 = CARTESIAN_POINT('',(34.69887028,-19.882683432,-150.));
#2721 = VECTOR('',#2722,1.);
#2722 = DIRECTION('',(0.336889851754,0.941544065769,0.));
#2723 = PCURVE('',#173,#2724);
#2724 = DEFINITIONAL_REPRESENTATION('',(#2725),#2729);
#2725 = LINE('',#2726,#2727);
#2726 = CARTESIAN_POINT('',(-20.57398058697,-34.69887028));
#2727 = VECTOR('',#2728,1.);
#2728 = DIRECTION('',(0.941544065769,-0.336889851754));
#2729 = ( GEOMETRIC_REPRESENTATION_CONTEXT(2) 
PARAMETRIC_REPRESENTATION_CONTEXT() REPRESENTATION_CONTEXT('2D SPACE',''
  ) );
#2730 = PCURVE('',#2731,#2736);
#2731 = PLANE('',#2732);
#2732 = AXIS2_PLACEMENT_3D('',#2733,#2734,#2735);
#2733 = CARTESIAN_POINT('',(34.69887028,-19.882683432,-150.));
#2734 = DIRECTION('',(-0.941544065769,0.336889851754,0.));
#2735 = DIRECTION('',(0.336889851754,0.941544065769,0.));
#2736 = DEFINITIONAL_REPRESENTATION('',(#2737),#2741);
#2737 = LINE('',#2738,#2739);
#2738 = CARTESIAN_POINT('',(0.,0.));
#2739 = VECTOR('',#2740,1.);
#2740 = DIRECTION('',(1.,0.));
#2741 = ( GEOMETRIC_REPRESENTATION_CONTEXT(2) 
PARAMETRIC_REPRESENTATION_CONTEXT() REPRESENTATION_CONTEXT('2D SPACE',''
  ) );
#2742 = ORIENTED_EDGE('',*,*,#2743,.F.);
#2743 = EDGE_CURVE('',#2744,#2716,#2746,.T.);
#2744 = VERTEX_POINT('',#2745);
#2745 = CARTESIAN_POINT('',(34.656912012,-19.971396737,-150.));
#2746 = SURFACE_CURVE('',#2747,(#2751,#2758),.PCURVE_S1.);
#2747 = LINE('',#2748,#2749);
#2748 = CARTESIAN_POINT('',(34.656912012,-19.971396737,-150.));
#2749 = VECTOR('',#2750,1.);
#2750 = DIRECTION('',(0.42755508995,0.903989294769,0.));
#2751 = PCURVE('',#173,#2752);
#2752 = DEFINITIONAL_REPRESENTATION('',(#2753),#2757);
#2753 = LINE('',#2754,#2755);
#2754 = CARTESIAN_POINT('',(-20.66269389197,-34.656912012));
#2755 = VECTOR('',#2756,1.);
#2756 = DIRECTION('',(0.903989294769,-0.42755508995));
#2757 = ( GEOMETRIC_REPRESENTATION_CONTEXT(2) 
PARAMETRIC_REPRESENTATION_CONTEXT() REPRESENTATION_CONTEXT('2D SPACE',''
  ) );
#2758 = PCURVE('',#2759,#2764);
#2759 = PLANE('',#2760);
#2760 = AXIS2_PLACEMENT_3D('',#2761,#2762,#2763);
#2761 = CARTESIAN_POINT('',(34.656912012,-19.971396737,-150.));
#2762 = DIRECTION('',(-0.903989294769,0.42755508995,0.));
#2763 = DIRECTION('',(0.42755508995,0.903989294769,0.));
#2764 = DEFINITIONAL_REPRESENTATION('',(#2765),#2769);
#2765 = LINE('',#2766,#2767);
#2766 = CARTESIAN_POINT('',(0.,0.));
#2767 = VECTOR('',#2768,1.);
#2768 = DIRECTION('',(1.,0.));
#2769 = ( GEOMETRIC_REPRESENTATION_CONTEXT(2) 
PARAMETRIC_REPRESENTATION_CONTEXT() REPRESENTATION_CONTEXT('2D SPACE',''
  ) );
#2770 = ORIENTED_EDGE('',*,*,#2771,.F.);
#2771 = EDGE_CURVE('',#2772,#2744,#2774,.T.);
#2772 = VERTEX_POINT('',#2773);
#2773 = CARTESIAN_POINT('',(34.60646036,-20.055570233,-150.));
#2774 = SURFACE_CURVE('',#2775,(#2779,#2786),.PCURVE_S1.);
#2775 = LINE('',#2776,#2777);
#2776 = CARTESIAN_POINT('',(34.60646036,-20.055570233,-150.));
#2777 = VECTOR('',#2778,1.);
#2778 = DIRECTION('',(0.51410274472,0.857728609685,0.));
#2779 = PCURVE('',#173,#2780);
#2780 = DEFINITIONAL_REPRESENTATION('',(#2781),#2785);
#2781 = LINE('',#2782,#2783);
#2782 = CARTESIAN_POINT('',(-20.74686738797,-34.60646036));
#2783 = VECTOR('',#2784,1.);
#2784 = DIRECTION('',(0.857728609685,-0.51410274472));
#2785 = ( GEOMETRIC_REPRESENTATION_CONTEXT(2) 
PARAMETRIC_REPRESENTATION_CONTEXT() REPRESENTATION_CONTEXT('2D SPACE',''
  ) );
#2786 = PCURVE('',#2787,#2792);
#2787 = PLANE('',#2788);
#2788 = AXIS2_PLACEMENT_3D('',#2789,#2790,#2791);
#2789 = CARTESIAN_POINT('',(34.60646036,-20.055570233,-150.));
#2790 = DIRECTION('',(-0.857728609685,0.51410274472,0.));
#2791 = DIRECTION('',(0.51410274472,0.857728609685,0.));
#2792 = DEFINITIONAL_REPRESENTATION('',(#2793),#2797);
#2793 = LINE('',#2794,#2795);
#2794 = CARTESIAN_POINT('',(0.,0.));
#2795 = VECTOR('',#2796,1.);
#2796 = DIRECTION('',(1.,0.));
#2797 = ( GEOMETRIC_REPRESENTATION_CONTEXT(2) 
PARAMETRIC_REPRESENTATION_CONTEXT() REPRESENTATION_CONTEXT('2D SPACE',''
  ) );
#2798 = ORIENTED_EDGE('',*,*,#2799,.F.);
#2799 = EDGE_CURVE('',#2800,#2772,#2802,.T.);
#2800 = VERTEX_POINT('',#2801);
#2801 = CARTESIAN_POINT('',(34.548001201,-20.134393284,-150.));
#2802 = SURFACE_CURVE('',#2803,(#2807,#2814),.PCURVE_S1.);
#2803 = LINE('',#2804,#2805);
#2804 = CARTESIAN_POINT('',(34.548001201,-20.134393284,-150.));
#2805 = VECTOR('',#2806,1.);
#2806 = DIRECTION('',(0.59569930559,0.803207530666,0.));
#2807 = PCURVE('',#173,#2808);
#2808 = DEFINITIONAL_REPRESENTATION('',(#2809),#2813);
#2809 = LINE('',#2810,#2811);
#2810 = CARTESIAN_POINT('',(-20.82569043897,-34.548001201));
#2811 = VECTOR('',#2812,1.);
#2812 = DIRECTION('',(0.803207530666,-0.59569930559));
#2813 = ( GEOMETRIC_REPRESENTATION_CONTEXT(2) 
PARAMETRIC_REPRESENTATION_CONTEXT() REPRESENTATION_CONTEXT('2D SPACE',''
  ) );
#2814 = PCURVE('',#2815,#2820);
#2815 = PLANE('',#2816);
#2816 = AXIS2_PLACEMENT_3D('',#2817,#2818,#2819);
#2817 = CARTESIAN_POINT('',(34.548001201,-20.134393284,-150.));
#2818 = DIRECTION('',(-0.803207530666,0.59569930559,0.));
#2819 = DIRECTION('',(0.59569930559,0.803207530666,0.));
#2820 = DEFINITIONAL_REPRESENTATION('',(#2821),#2825);
#2821 = LINE('',#2822,#2823);
#2822 = CARTESIAN_POINT('',(0.,0.));
#2823 = VECTOR('',#2824,1.);
#2824 = DIRECTION('',(1.,0.));
#2825 = ( GEOMETRIC_REPRESENTATION_CONTEXT(2) 
PARAMETRIC_REPRESENTATION_CONTEXT() REPRESENTATION_CONTEXT('2D SPACE',''
  ) );
#2826 = ORIENTED_EDGE('',*,*,#2827,.F.);
#2827 = EDGE_CURVE('',#2828,#2800,#2830,.T.);
#2828 = VERTEX_POINT('',#2829);
#2829 = CARTESIAN_POINT('',(34.482097529,-20.207106781,-150.));
#2830 = SURFACE_CURVE('',#2831,(#2835,#2842),.PCURVE_S1.);
#2831 = LINE('',#2832,#2833);
#2832 = CARTESIAN_POINT('',(34.482097529,-20.207106781,-150.));
#2833 = VECTOR('',#2834,1.);
#2834 = DIRECTION('',(0.671558953977,0.740951126143,0.));
#2835 = PCURVE('',#173,#2836);
#2836 = DEFINITIONAL_REPRESENTATION('',(#2837),#2841);
#2837 = LINE('',#2838,#2839);
#2838 = CARTESIAN_POINT('',(-20.89840393597,-34.482097529));
#2839 = VECTOR('',#2840,1.);
#2840 = DIRECTION('',(0.740951126143,-0.671558953977));
#2841 = ( GEOMETRIC_REPRESENTATION_CONTEXT(2) 
PARAMETRIC_REPRESENTATION_CONTEXT() REPRESENTATION_CONTEXT('2D SPACE',''
  ) );
#2842 = PCURVE('',#2843,#2848);
#2843 = PLANE('',#2844);
#2844 = AXIS2_PLACEMENT_3D('',#2845,#2846,#2847);
#2845 = CARTESIAN_POINT('',(34.482097529,-20.207106781,-150.));
#2846 = DIRECTION('',(-0.740951126143,0.671558953977,0.));
#2847 = DIRECTION('',(0.671558953977,0.740951126143,0.));
#2848 = DEFINITIONAL_REPRESENTATION('',(#2849),#2853);
#2849 = LINE('',#2850,#2851);
#2850 = CARTESIAN_POINT('',(0.,0.));
#2851 = VECTOR('',#2852,1.);
#2852 = DIRECTION('',(1.,0.));
#2853 = ( GEOMETRIC_REPRESENTATION_CONTEXT(2) 
PARAMETRIC_REPRESENTATION_CONTEXT() REPRESENTATION_CONTEXT('2D SPACE',''
  ) );
#2854 = ORIENTED_EDGE('',*,*,#2855,.F.);
#2855 = EDGE_CURVE('',#2856,#2828,#2858,.T.);
#2856 = VERTEX_POINT('',#2857);
#2857 = CARTESIAN_POINT('',(34.409384032,-20.273010453,-150.));
#2858 = SURFACE_CURVE('',#2859,(#2863,#2870),.PCURVE_S1.);
#2859 = LINE('',#2860,#2861);
#2860 = CARTESIAN_POINT('',(34.409384032,-20.273010453,-150.));
#2861 = VECTOR('',#2862,1.);
#2862 = DIRECTION('',(0.740951126143,0.671558953977,0.));
#2863 = PCURVE('',#173,#2864);
#2864 = DEFINITIONAL_REPRESENTATION('',(#2865),#2869);
#2865 = LINE('',#2866,#2867);
#2866 = CARTESIAN_POINT('',(-20.96430760797,-34.409384032));
#2867 = VECTOR('',#2868,1.);
#2868 = DIRECTION('',(0.671558953977,-0.740951126143));
#2869 = ( GEOMETRIC_REPRESENTATION_CONTEXT(2) 
PARAMETRIC_REPRESENTATION_CONTEXT() REPRESENTATION_CONTEXT('2D SPACE',''
  ) );
#2870 = PCURVE('',#2871,#2876);
#2871 = PLANE('',#2872);
#2872 = AXIS2_PLACEMENT_3D('',#2873,#2874,#2875);
#2873 = CARTESIAN_POINT('',(34.409384032,-20.273010453,-150.));
#2874 = DIRECTION('',(-0.671558953977,0.740951126143,0.));
#2875 = DIRECTION('',(0.740951126143,0.671558953977,0.));
#2876 = DEFINITIONAL_REPRESENTATION('',(#2877),#2881);
#2877 = LINE('',#2878,#2879);
#2878 = CARTESIAN_POINT('',(0.,0.));
#2879 = VECTOR('',#2880,1.);
#2880 = DIRECTION('',(1.,0.));
#2881 = ( GEOMETRIC_REPRESENTATION_CONTEXT(2) 
PARAMETRIC_REPRESENTATION_CONTEXT() REPRESENTATION_CONTEXT('2D SPACE',''
  ) );
#2882 = ORIENTED_EDGE('',*,*,#2883,.F.);
#2883 = EDGE_CURVE('',#2884,#2856,#2886,.T.);
#2884 = VERTEX_POINT('',#2885);
#2885 = CARTESIAN_POINT('',(34.330560981,-20.331469612,-150.));
#2886 = SURFACE_CURVE('',#2887,(#2891,#2898),.PCURVE_S1.);
#2887 = LINE('',#2888,#2889);
#2888 = CARTESIAN_POINT('',(34.330560981,-20.331469612,-150.));
#2889 = VECTOR('',#2890,1.);
#2890 = DIRECTION('',(0.803207530666,0.59569930559,0.));
#2891 = PCURVE('',#173,#2892);
#2892 = DEFINITIONAL_REPRESENTATION('',(#2893),#2897);
#2893 = LINE('',#2894,#2895);
#2894 = CARTESIAN_POINT('',(-21.02276676697,-34.330560981));
#2895 = VECTOR('',#2896,1.);
#2896 = DIRECTION('',(0.59569930559,-0.803207530666));
#2897 = ( GEOMETRIC_REPRESENTATION_CONTEXT(2) 
PARAMETRIC_REPRESENTATION_CONTEXT() REPRESENTATION_CONTEXT('2D SPACE',''
  ) );
#2898 = PCURVE('',#2899,#2904);
#2899 = PLANE('',#2900);
#2900 = AXIS2_PLACEMENT_3D('',#2901,#2902,#2903);
#2901 = CARTESIAN_POINT('',(34.330560981,-20.331469612,-150.));
#2902 = DIRECTION('',(-0.59569930559,0.803207530666,0.));
#2903 = DIRECTION('',(0.803207530666,0.59569930559,0.));
#2904 = DEFINITIONAL_REPRESENTATION('',(#2905),#2909);
#2905 = LINE('',#2906,#2907);
#2906 = CARTESIAN_POINT('',(0.,0.));
#2907 = VECTOR('',#2908,1.);
#2908 = DIRECTION('',(1.,0.));
#2909 = ( GEOMETRIC_REPRESENTATION_CONTEXT(2) 
PARAMETRIC_REPRESENTATION_CONTEXT() REPRESENTATION_CONTEXT('2D SPACE',''
  ) );
#2910 = ORIENTED_EDGE('',*,*,#2911,.F.);
#2911 = EDGE_CURVE('',#2912,#2884,#2914,.T.);
#2912 = VERTEX_POINT('',#2913);
#2913 = CARTESIAN_POINT('',(34.246387484,-20.381921264,-150.));
#2914 = SURFACE_CURVE('',#2915,(#2919,#2926),.PCURVE_S1.);
#2915 = LINE('',#2916,#2917);
#2916 = CARTESIAN_POINT('',(34.246387484,-20.381921264,-150.));
#2917 = VECTOR('',#2918,1.);
#2918 = DIRECTION('',(0.857728612378,0.514102740226,0.));
#2919 = PCURVE('',#173,#2920);
#2920 = DEFINITIONAL_REPRESENTATION('',(#2921),#2925);
#2921 = LINE('',#2922,#2923);
#2922 = CARTESIAN_POINT('',(-21.07321841897,-34.246387484));
#2923 = VECTOR('',#2924,1.);
#2924 = DIRECTION('',(0.514102740226,-0.857728612378));
#2925 = ( GEOMETRIC_REPRESENTATION_CONTEXT(2) 
PARAMETRIC_REPRESENTATION_CONTEXT() REPRESENTATION_CONTEXT('2D SPACE',''
  ) );
#2926 = PCURVE('',#2927,#2932);
#2927 = PLANE('',#2928);
#2928 = AXIS2_PLACEMENT_3D('',#2929,#2930,#2931);
#2929 = CARTESIAN_POINT('',(34.246387484,-20.381921264,-150.));
#2930 = DIRECTION('',(-0.514102740226,0.857728612378,0.));
#2931 = DIRECTION('',(0.857728612378,0.514102740226,0.));
#2932 = DEFINITIONAL_REPRESENTATION('',(#2933),#2937);
#2933 = LINE('',#2934,#2935);
#2934 = CARTESIAN_POINT('',(0.,0.));
#2935 = VECTOR('',#2936,1.);
#2936 = DIRECTION('',(1.,0.));
#2937 = ( GEOMETRIC_REPRESENTATION_CONTEXT(2) 
PARAMETRIC_REPRESENTATION_CONTEXT() REPRESENTATION_CONTEXT('2D SPACE',''
  ) );
#2938 = ORIENTED_EDGE('',*,*,#2939,.F.);
#2939 = EDGE_CURVE('',#2940,#2912,#2942,.T.);
#2940 = VERTEX_POINT('',#2941);
#2941 = CARTESIAN_POINT('',(0.471396737,-39.881921264,-150.));
#2942 = SURFACE_CURVE('',#2943,(#2947,#2954),.PCURVE_S1.);
#2943 = LINE('',#2944,#2945);
#2944 = CARTESIAN_POINT('',(0.471396737,-39.881921264,-150.));
#2945 = VECTOR('',#2946,1.);
#2946 = DIRECTION('',(0.866025403781,0.500000000007,0.));
#2947 = PCURVE('',#173,#2948);
#2948 = DEFINITIONAL_REPRESENTATION('',(#2949),#2953);
#2949 = LINE('',#2950,#2951);
#2950 = CARTESIAN_POINT('',(-40.57321841897,-0.471396737));
#2951 = VECTOR('',#2952,1.);
#2952 = DIRECTION('',(0.500000000007,-0.866025403781));
#2953 = ( GEOMETRIC_REPRESENTATION_CONTEXT(2) 
PARAMETRIC_REPRESENTATION_CONTEXT() REPRESENTATION_CONTEXT('2D SPACE',''
  ) );
#2954 = PCURVE('',#2955,#2960);
#2955 = PLANE('',#2956);
#2956 = AXIS2_PLACEMENT_3D('',#2957,#2958,#2959);
#2957 = CARTESIAN_POINT('',(0.471396737,-39.881921264,-150.));
#2958 = DIRECTION('',(-0.500000000007,0.866025403781,0.));
#2959 = DIRECTION('',(0.866025403781,0.500000000007,0.));
#2960 = DEFINITIONAL_REPRESENTATION('',(#2961),#2965);
#2961 = LINE('',#2962,#2963);
#2962 = CARTESIAN_POINT('',(0.,0.));
#2963 = VECTOR('',#2964,1.);
#2964 = DIRECTION('',(1.,0.));
#2965 = ( GEOMETRIC_REPRESENTATION_CONTEXT(2) 
PARAMETRIC_REPRESENTATION_CONTEXT() REPRESENTATION_CONTEXT('2D SPACE',''
  ) );
#2966 = ORIENTED_EDGE('',*,*,#2967,.F.);
#2967 = EDGE_CURVE('',#2968,#2940,#2970,.T.);
#2968 = VERTEX_POINT('',#2969);
#2969 = CARTESIAN_POINT('',(0.382683432,-39.923879533,-150.));
#2970 = SURFACE_CURVE('',#2971,(#2975,#2982),.PCURVE_S1.);
#2971 = LINE('',#2972,#2973);
#2972 = CARTESIAN_POINT('',(0.382683432,-39.923879533,-150.));
#2973 = VECTOR('',#2974,1.);
#2974 = DIRECTION('',(0.903989290831,0.427555098278,0.));
#2975 = PCURVE('',#173,#2976);
#2976 = DEFINITIONAL_REPRESENTATION('',(#2977),#2981);
#2977 = LINE('',#2978,#2979);
#2978 = CARTESIAN_POINT('',(-40.61517668797,-0.382683432));
#2979 = VECTOR('',#2980,1.);
#2980 = DIRECTION('',(0.427555098278,-0.903989290831));
#2981 = ( GEOMETRIC_REPRESENTATION_CONTEXT(2) 
PARAMETRIC_REPRESENTATION_CONTEXT() REPRESENTATION_CONTEXT('2D SPACE',''
  ) );
#2982 = PCURVE('',#2983,#2988);
#2983 = PLANE('',#2984);
#2984 = AXIS2_PLACEMENT_3D('',#2985,#2986,#2987);
#2985 = CARTESIAN_POINT('',(0.382683432,-39.923879533,-150.));
#2986 = DIRECTION('',(-0.427555098278,0.903989290831,0.));
#2987 = DIRECTION('',(0.903989290831,0.427555098278,0.));
#2988 = DEFINITIONAL_REPRESENTATION('',(#2989),#2993);
#2989 = LINE('',#2990,#2991);
#2990 = CARTESIAN_POINT('',(0.,0.));
#2991 = VECTOR('',#2992,1.);
#2992 = DIRECTION('',(1.,0.));
#2993 = ( GEOMETRIC_REPRESENTATION_CONTEXT(2) 
PARAMETRIC_REPRESENTATION_CONTEXT() REPRESENTATION_CONTEXT('2D SPACE',''
  ) );
#2994 = ORIENTED_EDGE('',*,*,#2995,.F.);
#2995 = EDGE_CURVE('',#2996,#2968,#2998,.T.);
#2996 = VERTEX_POINT('',#2997);
#2997 = CARTESIAN_POINT('',(0.290284677,-39.956940336,-150.));
#2998 = SURFACE_CURVE('',#2999,(#3003,#3010),.PCURVE_S1.);
#2999 = LINE('',#3000,#3001);
#3000 = CARTESIAN_POINT('',(0.290284677,-39.956940336,-150.));
#3001 = VECTOR('',#3002,1.);
#3002 = DIRECTION('',(0.941544065769,0.336889851754,0.));
#3003 = PCURVE('',#173,#3004);
#3004 = DEFINITIONAL_REPRESENTATION('',(#3005),#3009);
#3005 = LINE('',#3006,#3007);
#3006 = CARTESIAN_POINT('',(-40.64823749097,-0.290284677));
#3007 = VECTOR('',#3008,1.);
#3008 = DIRECTION('',(0.336889851754,-0.941544065769));
#3009 = ( GEOMETRIC_REPRESENTATION_CONTEXT(2) 
PARAMETRIC_REPRESENTATION_CONTEXT() REPRESENTATION_CONTEXT('2D SPACE',''
  ) );
#3010 = PCURVE('',#3011,#3016);
#3011 = PLANE('',#3012);
#3012 = AXIS2_PLACEMENT_3D('',#3013,#3014,#3015);
#3013 = CARTESIAN_POINT('',(0.290284677,-39.956940336,-150.));
#3014 = DIRECTION('',(-0.336889851754,0.941544065769,0.));
#3015 = DIRECTION('',(0.941544065769,0.336889851754,0.));
#3016 = DEFINITIONAL_REPRESENTATION('',(#3017),#3021);
#3017 = LINE('',#3018,#3019);
#3018 = CARTESIAN_POINT('',(0.,0.));
#3019 = VECTOR('',#3020,1.);
#3020 = DIRECTION('',(1.,0.));
#3021 = ( GEOMETRIC_REPRESENTATION_CONTEXT(2) 
PARAMETRIC_REPRESENTATION_CONTEXT() REPRESENTATION_CONTEXT('2D SPACE',''
  ) );
#3022 = ORIENTED_EDGE('',*,*,#3023,.F.);
#3023 = EDGE_CURVE('',#3024,#2996,#3026,.T.);
#3024 = VERTEX_POINT('',#3025);
#3025 = CARTESIAN_POINT('',(0.195090322,-39.98078528,-150.));
#3026 = SURFACE_CURVE('',#3027,(#3031,#3038),.PCURVE_S1.);
#3027 = LINE('',#3028,#3029);
#3028 = CARTESIAN_POINT('',(0.195090322,-39.98078528,-150.));
#3029 = VECTOR('',#3030,1.);
#3030 = DIRECTION('',(0.970031254663,0.242980174042,0.));
#3031 = PCURVE('',#173,#3032);
#3032 = DEFINITIONAL_REPRESENTATION('',(#3033),#3037);
#3033 = LINE('',#3034,#3035);
#3034 = CARTESIAN_POINT('',(-40.67208243497,-0.195090322));
#3035 = VECTOR('',#3036,1.);
#3036 = DIRECTION('',(0.242980174042,-0.970031254663));
#3037 = ( GEOMETRIC_REPRESENTATION_CONTEXT(2) 
PARAMETRIC_REPRESENTATION_CONTEXT() REPRESENTATION_CONTEXT('2D SPACE',''
  ) );
#3038 = PCURVE('',#3039,#3044);
#3039 = PLANE('',#3040);
#3040 = AXIS2_PLACEMENT_3D('',#3041,#3042,#3043);
#3041 = CARTESIAN_POINT('',(0.195090322,-39.98078528,-150.));
#3042 = DIRECTION('',(-0.242980174042,0.970031254663,0.));
#3043 = DIRECTION('',(0.970031254663,0.242980174042,0.));
#3044 = DEFINITIONAL_REPRESENTATION('',(#3045),#3049);
#3045 = LINE('',#3046,#3047);
#3046 = CARTESIAN_POINT('',(0.,0.));
#3047 = VECTOR('',#3048,1.);
#3048 = DIRECTION('',(1.,0.));
#3049 = ( GEOMETRIC_REPRESENTATION_CONTEXT(2) 
PARAMETRIC_REPRESENTATION_CONTEXT() REPRESENTATION_CONTEXT('2D SPACE',''
  ) );
#3050 = ORIENTED_EDGE('',*,*,#3051,.F.);
#3051 = EDGE_CURVE('',#3052,#3024,#3054,.T.);
#3052 = VERTEX_POINT('',#3053);
#3053 = CARTESIAN_POINT('',(9.801714E-02,-39.995184727,-150.));
#3054 = SURFACE_CURVE('',#3055,(#3059,#3066),.PCURVE_S1.);
#3055 = LINE('',#3056,#3057);
#3056 = CARTESIAN_POINT('',(9.801714E-02,-39.995184727,-150.));
#3057 = VECTOR('',#3058,1.);
#3058 = DIRECTION('',(0.989176508952,0.146730481281,0.));
#3059 = PCURVE('',#173,#3060);
#3060 = DEFINITIONAL_REPRESENTATION('',(#3061),#3065);
#3061 = LINE('',#3062,#3063);
#3062 = CARTESIAN_POINT('',(-40.68648188197,-9.801714E-02));
#3063 = VECTOR('',#3064,1.);
#3064 = DIRECTION('',(0.146730481281,-0.989176508952));
#3065 = ( GEOMETRIC_REPRESENTATION_CONTEXT(2) 
PARAMETRIC_REPRESENTATION_CONTEXT() REPRESENTATION_CONTEXT('2D SPACE',''
  ) );
#3066 = PCURVE('',#3067,#3072);
#3067 = PLANE('',#3068);
#3068 = AXIS2_PLACEMENT_3D('',#3069,#3070,#3071);
#3069 = CARTESIAN_POINT('',(9.801714E-02,-39.995184727,-150.));
#3070 = DIRECTION('',(-0.146730481281,0.989176508952,0.));
#3071 = DIRECTION('',(0.989176508952,0.146730481281,0.));
#3072 = DEFINITIONAL_REPRESENTATION('',(#3073),#3077);
#3073 = LINE('',#3074,#3075);
#3074 = CARTESIAN_POINT('',(0.,0.));
#3075 = VECTOR('',#3076,1.);
#3076 = DIRECTION('',(1.,0.));
#3077 = ( GEOMETRIC_REPRESENTATION_CONTEXT(2) 
PARAMETRIC_REPRESENTATION_CONTEXT() REPRESENTATION_CONTEXT('2D SPACE',''
  ) );
#3078 = ORIENTED_EDGE('',*,*,#3079,.F.);
#3079 = EDGE_CURVE('',#3080,#3052,#3082,.T.);
#3080 = VERTEX_POINT('',#3081);
#3081 = CARTESIAN_POINT('',(-0.,-40.,-150.));
#3082 = SURFACE_CURVE('',#3083,(#3087,#3094),.PCURVE_S1.);
#3083 = LINE('',#3084,#3085);
#3084 = CARTESIAN_POINT('',(-0.,-40.,-150.));
#3085 = VECTOR('',#3086,1.);
#3086 = DIRECTION('',(0.998795456361,4.906767115971E-02,0.));
#3087 = PCURVE('',#173,#3088);
#3088 = DEFINITIONAL_REPRESENTATION('',(#3089),#3093);
#3089 = LINE('',#3090,#3091);
#3090 = CARTESIAN_POINT('',(-40.69129715497,9.343651929881E-16));
#3091 = VECTOR('',#3092,1.);
#3092 = DIRECTION('',(4.906767115971E-02,-0.998795456361));
#3093 = ( GEOMETRIC_REPRESENTATION_CONTEXT(2) 
PARAMETRIC_REPRESENTATION_CONTEXT() REPRESENTATION_CONTEXT('2D SPACE',''
  ) );
#3094 = PCURVE('',#3095,#3100);
#3095 = PLANE('',#3096);
#3096 = AXIS2_PLACEMENT_3D('',#3097,#3098,#3099);
#3097 = CARTESIAN_POINT('',(0.,-40.,-150.));
#3098 = DIRECTION('',(-4.906767115971E-02,0.998795456361,0.));
#3099 = DIRECTION('',(0.998795456361,4.906767115971E-02,0.));
#3100 = DEFINITIONAL_REPRESENTATION('',(#3101),#3105);
#3101 = LINE('',#3102,#3103);
#3102 = CARTESIAN_POINT('',(0.,0.));
#3103 = VECTOR('',#3104,1.);
#3104 = DIRECTION('',(1.,0.));
#3105 = ( GEOMETRIC_REPRESENTATION_CONTEXT(2) 
PARAMETRIC_REPRESENTATION_CONTEXT() REPRESENTATION_CONTEXT('2D SPACE',''
  ) );
#3106 = ORIENTED_EDGE('',*,*,#3107,.F.);
#3107 = EDGE_CURVE('',#3108,#3080,#3110,.T.);
#3108 = VERTEX_POINT('',#3109);
#3109 = CARTESIAN_POINT('',(-9.801714E-02,-39.995184727,-150.));
#3110 = SURFACE_CURVE('',#3111,(#3115,#3122),.PCURVE_S1.);
#3111 = LINE('',#3112,#3113);
#3112 = CARTESIAN_POINT('',(-9.801714E-02,-39.995184727,-150.));
#3113 = VECTOR('',#3114,1.);
#3114 = DIRECTION('',(0.998795456361,-4.906767115971E-02,0.));
#3115 = PCURVE('',#173,#3116);
#3116 = DEFINITIONAL_REPRESENTATION('',(#3117),#3121);
#3117 = LINE('',#3118,#3119);
#3118 = CARTESIAN_POINT('',(-40.68648188197,9.801714E-02));
#3119 = VECTOR('',#3120,1.);
#3120 = DIRECTION('',(-4.906767115971E-02,-0.998795456361));
#3121 = ( GEOMETRIC_REPRESENTATION_CONTEXT(2) 
PARAMETRIC_REPRESENTATION_CONTEXT() REPRESENTATION_CONTEXT('2D SPACE',''
  ) );
#3122 = PCURVE('',#3123,#3128);
#3123 = PLANE('',#3124);
#3124 = AXIS2_PLACEMENT_3D('',#3125,#3126,#3127);
#3125 = CARTESIAN_POINT('',(-9.801714E-02,-39.995184727,-150.));
#3126 = DIRECTION('',(4.906767115971E-02,0.998795456361,-0.));
#3127 = DIRECTION('',(0.998795456361,-4.906767115971E-02,0.));
#3128 = DEFINITIONAL_REPRESENTATION('',(#3129),#3133);
#3129 = LINE('',#3130,#3131);
#3130 = CARTESIAN_POINT('',(0.,0.));
#3131 = VECTOR('',#3132,1.);
#3132 = DIRECTION('',(1.,0.));
#3133 = ( GEOMETRIC_REPRESENTATION_CONTEXT(2) 
PARAMETRIC_REPRESENTATION_CONTEXT() REPRESENTATION_CONTEXT('2D SPACE',''
  ) );
#3134 = ORIENTED_EDGE('',*,*,#3135,.F.);
#3135 = EDGE_CURVE('',#3136,#3108,#3138,.T.);
#3136 = VERTEX_POINT('',#3137);
#3137 = CARTESIAN_POINT('',(-0.195090322,-39.98078528,-150.));
#3138 = SURFACE_CURVE('',#3139,(#3143,#3150),.PCURVE_S1.);
#3139 = LINE('',#3140,#3141);
#3140 = CARTESIAN_POINT('',(-0.195090322,-39.98078528,-150.));
#3141 = VECTOR('',#3142,1.);
#3142 = DIRECTION('',(0.989176508952,-0.146730481281,0.));
#3143 = PCURVE('',#173,#3144);
#3144 = DEFINITIONAL_REPRESENTATION('',(#3145),#3149);
#3145 = LINE('',#3146,#3147);
#3146 = CARTESIAN_POINT('',(-40.67208243497,0.195090322));
#3147 = VECTOR('',#3148,1.);
#3148 = DIRECTION('',(-0.146730481281,-0.989176508952));
#3149 = ( GEOMETRIC_REPRESENTATION_CONTEXT(2) 
PARAMETRIC_REPRESENTATION_CONTEXT() REPRESENTATION_CONTEXT('2D SPACE',''
  ) );
#3150 = PCURVE('',#3151,#3156);
#3151 = PLANE('',#3152);
#3152 = AXIS2_PLACEMENT_3D('',#3153,#3154,#3155);
#3153 = CARTESIAN_POINT('',(-0.195090322,-39.98078528,-150.));
#3154 = DIRECTION('',(0.146730481281,0.989176508952,-0.));
#3155 = DIRECTION('',(0.989176508952,-0.146730481281,0.));
#3156 = DEFINITIONAL_REPRESENTATION('',(#3157),#3161);
#3157 = LINE('',#3158,#3159);
#3158 = CARTESIAN_POINT('',(0.,0.));
#3159 = VECTOR('',#3160,1.);
#3160 = DIRECTION('',(1.,0.));
#3161 = ( GEOMETRIC_REPRESENTATION_CONTEXT(2) 
PARAMETRIC_REPRESENTATION_CONTEXT() REPRESENTATION_CONTEXT('2D SPACE',''
  ) );
#3162 = ORIENTED_EDGE('',*,*,#3163,.F.);
#3163 = EDGE_CURVE('',#3164,#3136,#3166,.T.);
#3164 = VERTEX_POINT('',#3165);
#3165 = CARTESIAN_POINT('',(-0.290284677,-39.956940336,-150.));
#3166 = SURFACE_CURVE('',#3167,(#3171,#3178),.PCURVE_S1.);
#3167 = LINE('',#3168,#3169);
#3168 = CARTESIAN_POINT('',(-0.290284677,-39.956940336,-150.));
#3169 = VECTOR('',#3170,1.);
#3170 = DIRECTION('',(0.970031254663,-0.242980174042,0.));
#3171 = PCURVE('',#173,#3172);
#3172 = DEFINITIONAL_REPRESENTATION('',(#3173),#3177);
#3173 = LINE('',#3174,#3175);
#3174 = CARTESIAN_POINT('',(-40.64823749097,0.290284677));
#3175 = VECTOR('',#3176,1.);
#3176 = DIRECTION('',(-0.242980174042,-0.970031254663));
#3177 = ( GEOMETRIC_REPRESENTATION_CONTEXT(2) 
PARAMETRIC_REPRESENTATION_CONTEXT() REPRESENTATION_CONTEXT('2D SPACE',''
  ) );
#3178 = PCURVE('',#3179,#3184);
#3179 = PLANE('',#3180);
#3180 = AXIS2_PLACEMENT_3D('',#3181,#3182,#3183);
#3181 = CARTESIAN_POINT('',(-0.290284677,-39.956940336,-150.));
#3182 = DIRECTION('',(0.242980174042,0.970031254663,-0.));
#3183 = DIRECTION('',(0.970031254663,-0.242980174042,0.));
#3184 = DEFINITIONAL_REPRESENTATION('',(#3185),#3189);
#3185 = LINE('',#3186,#3187);
#3186 = CARTESIAN_POINT('',(0.,0.));
#3187 = VECTOR('',#3188,1.);
#3188 = DIRECTION('',(1.,0.));
#3189 = ( GEOMETRIC_REPRESENTATION_CONTEXT(2) 
PARAMETRIC_REPRESENTATION_CONTEXT() REPRESENTATION_CONTEXT('2D SPACE',''
  ) );
#3190 = ORIENTED_EDGE('',*,*,#3191,.F.);
#3191 = EDGE_CURVE('',#3192,#3164,#3194,.T.);
#3192 = VERTEX_POINT('',#3193);
#3193 = CARTESIAN_POINT('',(-0.382683432,-39.923879533,-150.));
#3194 = SURFACE_CURVE('',#3195,(#3199,#3206),.PCURVE_S1.);
#3195 = LINE('',#3196,#3197);
#3196 = CARTESIAN_POINT('',(-0.382683432,-39.923879533,-150.));
#3197 = VECTOR('',#3198,1.);
#3198 = DIRECTION('',(0.941544065769,-0.336889851754,0.));
#3199 = PCURVE('',#173,#3200);
#3200 = DEFINITIONAL_REPRESENTATION('',(#3201),#3205);
#3201 = LINE('',#3202,#3203);
#3202 = CARTESIAN_POINT('',(-40.61517668797,0.382683432));
#3203 = VECTOR('',#3204,1.);
#3204 = DIRECTION('',(-0.336889851754,-0.941544065769));
#3205 = ( GEOMETRIC_REPRESENTATION_CONTEXT(2) 
PARAMETRIC_REPRESENTATION_CONTEXT() REPRESENTATION_CONTEXT('2D SPACE',''
  ) );
#3206 = PCURVE('',#3207,#3212);
#3207 = PLANE('',#3208);
#3208 = AXIS2_PLACEMENT_3D('',#3209,#3210,#3211);
#3209 = CARTESIAN_POINT('',(-0.382683432,-39.923879533,-150.));
#3210 = DIRECTION('',(0.336889851754,0.941544065769,-0.));
#3211 = DIRECTION('',(0.941544065769,-0.336889851754,0.));
#3212 = DEFINITIONAL_REPRESENTATION('',(#3213),#3217);
#3213 = LINE('',#3214,#3215);
#3214 = CARTESIAN_POINT('',(0.,0.));
#3215 = VECTOR('',#3216,1.);
#3216 = DIRECTION('',(1.,0.));
#3217 = ( GEOMETRIC_REPRESENTATION_CONTEXT(2) 
PARAMETRIC_REPRESENTATION_CONTEXT() REPRESENTATION_CONTEXT('2D SPACE',''
  ) );
#3218 = ORIENTED_EDGE('',*,*,#3219,.F.);
#3219 = EDGE_CURVE('',#3220,#3192,#3222,.T.);
#3220 = VERTEX_POINT('',#3221);
#3221 = CARTESIAN_POINT('',(-0.471396737,-39.881921264,-150.));
#3222 = SURFACE_CURVE('',#3223,(#3227,#3234),.PCURVE_S1.);
#3223 = LINE('',#3224,#3225);
#3224 = CARTESIAN_POINT('',(-0.471396737,-39.881921264,-150.));
#3225 = VECTOR('',#3226,1.);
#3226 = DIRECTION('',(0.903989290831,-0.427555098278,0.));
#3227 = PCURVE('',#173,#3228);
#3228 = DEFINITIONAL_REPRESENTATION('',(#3229),#3233);
#3229 = LINE('',#3230,#3231);
#3230 = CARTESIAN_POINT('',(-40.57321841897,0.471396737));
#3231 = VECTOR('',#3232,1.);
#3232 = DIRECTION('',(-0.427555098278,-0.903989290831));
#3233 = ( GEOMETRIC_REPRESENTATION_CONTEXT(2) 
PARAMETRIC_REPRESENTATION_CONTEXT() REPRESENTATION_CONTEXT('2D SPACE',''
  ) );
#3234 = PCURVE('',#3235,#3240);
#3235 = PLANE('',#3236);
#3236 = AXIS2_PLACEMENT_3D('',#3237,#3238,#3239);
#3237 = CARTESIAN_POINT('',(-0.471396737,-39.881921264,-150.));
#3238 = DIRECTION('',(0.427555098278,0.903989290831,-0.));
#3239 = DIRECTION('',(0.903989290831,-0.427555098278,0.));
#3240 = DEFINITIONAL_REPRESENTATION('',(#3241),#3245);
#3241 = LINE('',#3242,#3243);
#3242 = CARTESIAN_POINT('',(0.,0.));
#3243 = VECTOR('',#3244,1.);
#3244 = DIRECTION('',(1.,0.));
#3245 = ( GEOMETRIC_REPRESENTATION_CONTEXT(2) 
PARAMETRIC_REPRESENTATION_CONTEXT() REPRESENTATION_CONTEXT('2D SPACE',''
  ) );
#3246 = ORIENTED_EDGE('',*,*,#3247,.F.);
#3247 = EDGE_CURVE('',#3248,#3220,#3250,.T.);
#3248 = VERTEX_POINT('',#3249);
#3249 = CARTESIAN_POINT('',(-34.246387484,-20.381921264,-150.));
#3250 = SURFACE_CURVE('',#3251,(#3255,#3262),.PCURVE_S1.);
#3251 = LINE('',#3252,#3253);
#3252 = CARTESIAN_POINT('',(-34.246387484,-20.381921264,-150.));
#3253 = VECTOR('',#3254,1.);
#3254 = DIRECTION('',(0.866025403781,-0.500000000007,0.));
#3255 = PCURVE('',#173,#3256);
#3256 = DEFINITIONAL_REPRESENTATION('',(#3257),#3261);
#3257 = LINE('',#3258,#3259);
#3258 = CARTESIAN_POINT('',(-21.07321841897,34.246387484));
#3259 = VECTOR('',#3260,1.);
#3260 = DIRECTION('',(-0.500000000007,-0.866025403781));
#3261 = ( GEOMETRIC_REPRESENTATION_CONTEXT(2) 
PARAMETRIC_REPRESENTATION_CONTEXT() REPRESENTATION_CONTEXT('2D SPACE',''
  ) );
#3262 = PCURVE('',#3263,#3268);
#3263 = PLANE('',#3264);
#3264 = AXIS2_PLACEMENT_3D('',#3265,#3266,#3267);
#3265 = CARTESIAN_POINT('',(-34.246387484,-20.381921264,-150.));
#3266 = DIRECTION('',(0.500000000007,0.866025403781,-0.));
#3267 = DIRECTION('',(0.866025403781,-0.500000000007,0.));
#3268 = DEFINITIONAL_REPRESENTATION('',(#3269),#3273);
#3269 = LINE('',#3270,#3271);
#3270 = CARTESIAN_POINT('',(0.,0.));
#3271 = VECTOR('',#3272,1.);
#3272 = DIRECTION('',(1.,0.));
#3273 = ( GEOMETRIC_REPRESENTATION_CONTEXT(2) 
PARAMETRIC_REPRESENTATION_CONTEXT() REPRESENTATION_CONTEXT('2D SPACE',''
  ) );
#3274 = ORIENTED_EDGE('',*,*,#3275,.F.);
#3275 = EDGE_CURVE('',#3276,#3248,#3278,.T.);
#3276 = VERTEX_POINT('',#3277);
#3277 = CARTESIAN_POINT('',(-34.330560981,-20.331469612,-150.));
#3278 = SURFACE_CURVE('',#3279,(#3283,#3290),.PCURVE_S1.);
#3279 = LINE('',#3280,#3281);
#3280 = CARTESIAN_POINT('',(-34.330560981,-20.331469612,-150.));
#3281 = VECTOR('',#3282,1.);
#3282 = DIRECTION('',(0.857728612378,-0.514102740226,0.));
#3283 = PCURVE('',#173,#3284);
#3284 = DEFINITIONAL_REPRESENTATION('',(#3285),#3289);
#3285 = LINE('',#3286,#3287);
#3286 = CARTESIAN_POINT('',(-21.02276676697,34.330560981));
#3287 = VECTOR('',#3288,1.);
#3288 = DIRECTION('',(-0.514102740226,-0.857728612378));
#3289 = ( GEOMETRIC_REPRESENTATION_CONTEXT(2) 
PARAMETRIC_REPRESENTATION_CONTEXT() REPRESENTATION_CONTEXT('2D SPACE',''
  ) );
#3290 = PCURVE('',#3291,#3296);
#3291 = PLANE('',#3292);
#3292 = AXIS2_PLACEMENT_3D('',#3293,#3294,#3295);
#3293 = CARTESIAN_POINT('',(-34.330560981,-20.331469612,-150.));
#3294 = DIRECTION('',(0.514102740226,0.857728612378,-0.));
#3295 = DIRECTION('',(0.857728612378,-0.514102740226,0.));
#3296 = DEFINITIONAL_REPRESENTATION('',(#3297),#3301);
#3297 = LINE('',#3298,#3299);
#3298 = CARTESIAN_POINT('',(0.,0.));
#3299 = VECTOR('',#3300,1.);
#3300 = DIRECTION('',(1.,0.));
#3301 = ( GEOMETRIC_REPRESENTATION_CONTEXT(2) 
PARAMETRIC_REPRESENTATION_CONTEXT() REPRESENTATION_CONTEXT('2D SPACE',''
  ) );
#3302 = ORIENTED_EDGE('',*,*,#3303,.F.);
#3303 = EDGE_CURVE('',#3304,#3276,#3306,.T.);
#3304 = VERTEX_POINT('',#3305);
#3305 = CARTESIAN_POINT('',(-34.409384032,-20.273010453,-150.));
#3306 = SURFACE_CURVE('',#3307,(#3311,#3318),.PCURVE_S1.);
#3307 = LINE('',#3308,#3309);
#3308 = CARTESIAN_POINT('',(-34.409384032,-20.273010453,-150.));
#3309 = VECTOR('',#3310,1.);
#3310 = DIRECTION('',(0.803207530666,-0.59569930559,0.));
#3311 = PCURVE('',#173,#3312);
#3312 = DEFINITIONAL_REPRESENTATION('',(#3313),#3317);
#3313 = LINE('',#3314,#3315);
#3314 = CARTESIAN_POINT('',(-20.96430760797,34.409384032));
#3315 = VECTOR('',#3316,1.);
#3316 = DIRECTION('',(-0.59569930559,-0.803207530666));
#3317 = ( GEOMETRIC_REPRESENTATION_CONTEXT(2) 
PARAMETRIC_REPRESENTATION_CONTEXT() REPRESENTATION_CONTEXT('2D SPACE',''
  ) );
#3318 = PCURVE('',#3319,#3324);
#3319 = PLANE('',#3320);
#3320 = AXIS2_PLACEMENT_3D('',#3321,#3322,#3323);
#3321 = CARTESIAN_POINT('',(-34.409384032,-20.273010453,-150.));
#3322 = DIRECTION('',(0.59569930559,0.803207530666,-0.));
#3323 = DIRECTION('',(0.803207530666,-0.59569930559,0.));
#3324 = DEFINITIONAL_REPRESENTATION('',(#3325),#3329);
#3325 = LINE('',#3326,#3327);
#3326 = CARTESIAN_POINT('',(0.,0.));
#3327 = VECTOR('',#3328,1.);
#3328 = DIRECTION('',(1.,0.));
#3329 = ( GEOMETRIC_REPRESENTATION_CONTEXT(2) 
PARAMETRIC_REPRESENTATION_CONTEXT() REPRESENTATION_CONTEXT('2D SPACE',''
  ) );
#3330 = ORIENTED_EDGE('',*,*,#3331,.F.);
#3331 = EDGE_CURVE('',#3332,#3304,#3334,.T.);
#3332 = VERTEX_POINT('',#3333);
#3333 = CARTESIAN_POINT('',(-34.482097529,-20.207106781,-150.));
#3334 = SURFACE_CURVE('',#3335,(#3339,#3346),.PCURVE_S1.);
#3335 = LINE('',#3336,#3337);
#3336 = CARTESIAN_POINT('',(-34.482097529,-20.207106781,-150.));
#3337 = VECTOR('',#3338,1.);
#3338 = DIRECTION('',(0.740951126143,-0.671558953977,0.));
#3339 = PCURVE('',#173,#3340);
#3340 = DEFINITIONAL_REPRESENTATION('',(#3341),#3345);
#3341 = LINE('',#3342,#3343);
#3342 = CARTESIAN_POINT('',(-20.89840393597,34.482097529));
#3343 = VECTOR('',#3344,1.);
#3344 = DIRECTION('',(-0.671558953977,-0.740951126143));
#3345 = ( GEOMETRIC_REPRESENTATION_CONTEXT(2) 
PARAMETRIC_REPRESENTATION_CONTEXT() REPRESENTATION_CONTEXT('2D SPACE',''
  ) );
#3346 = PCURVE('',#3347,#3352);
#3347 = PLANE('',#3348);
#3348 = AXIS2_PLACEMENT_3D('',#3349,#3350,#3351);
#3349 = CARTESIAN_POINT('',(-34.482097529,-20.207106781,-150.));
#3350 = DIRECTION('',(0.671558953977,0.740951126143,-0.));
#3351 = DIRECTION('',(0.740951126143,-0.671558953977,0.));
#3352 = DEFINITIONAL_REPRESENTATION('',(#3353),#3357);
#3353 = LINE('',#3354,#3355);
#3354 = CARTESIAN_POINT('',(0.,0.));
#3355 = VECTOR('',#3356,1.);
#3356 = DIRECTION('',(1.,0.));
#3357 = ( GEOMETRIC_REPRESENTATION_CONTEXT(2) 
PARAMETRIC_REPRESENTATION_CONTEXT() REPRESENTATION_CONTEXT('2D SPACE',''
  ) );
#3358 = ORIENTED_EDGE('',*,*,#3359,.F.);
#3359 = EDGE_CURVE('',#3360,#3332,#3362,.T.);
#3360 = VERTEX_POINT('',#3361);
#3361 = CARTESIAN_POINT('',(-34.548001201,-20.134393284,-150.));
#3362 = SURFACE_CURVE('',#3363,(#3367,#3374),.PCURVE_S1.);
#3363 = LINE('',#3364,#3365);
#3364 = CARTESIAN_POINT('',(-34.548001201,-20.134393284,-150.));
#3365 = VECTOR('',#3366,1.);
#3366 = DIRECTION('',(0.671558953977,-0.740951126143,0.));
#3367 = PCURVE('',#173,#3368);
#3368 = DEFINITIONAL_REPRESENTATION('',(#3369),#3373);
#3369 = LINE('',#3370,#3371);
#3370 = CARTESIAN_POINT('',(-20.82569043897,34.548001201));
#3371 = VECTOR('',#3372,1.);
#3372 = DIRECTION('',(-0.740951126143,-0.671558953977));
#3373 = ( GEOMETRIC_REPRESENTATION_CONTEXT(2) 
PARAMETRIC_REPRESENTATION_CONTEXT() REPRESENTATION_CONTEXT('2D SPACE',''
  ) );
#3374 = PCURVE('',#3375,#3380);
#3375 = PLANE('',#3376);
#3376 = AXIS2_PLACEMENT_3D('',#3377,#3378,#3379);
#3377 = CARTESIAN_POINT('',(-34.548001201,-20.134393284,-150.));
#3378 = DIRECTION('',(0.740951126143,0.671558953977,-0.));
#3379 = DIRECTION('',(0.671558953977,-0.740951126143,0.));
#3380 = DEFINITIONAL_REPRESENTATION('',(#3381),#3385);
#3381 = LINE('',#3382,#3383);
#3382 = CARTESIAN_POINT('',(0.,0.));
#3383 = VECTOR('',#3384,1.);
#3384 = DIRECTION('',(1.,0.));
#3385 = ( GEOMETRIC_REPRESENTATION_CONTEXT(2) 
PARAMETRIC_REPRESENTATION_CONTEXT() REPRESENTATION_CONTEXT('2D SPACE',''
  ) );
#3386 = ORIENTED_EDGE('',*,*,#3387,.F.);
#3387 = EDGE_CURVE('',#3388,#3360,#3390,.T.);
#3388 = VERTEX_POINT('',#3389);
#3389 = CARTESIAN_POINT('',(-34.60646036,-20.055570233,-150.));
#3390 = SURFACE_CURVE('',#3391,(#3395,#3402),.PCURVE_S1.);
#3391 = LINE('',#3392,#3393);
#3392 = CARTESIAN_POINT('',(-34.60646036,-20.055570233,-150.));
#3393 = VECTOR('',#3394,1.);
#3394 = DIRECTION('',(0.59569930559,-0.803207530666,0.));
#3395 = PCURVE('',#173,#3396);
#3396 = DEFINITIONAL_REPRESENTATION('',(#3397),#3401);
#3397 = LINE('',#3398,#3399);
#3398 = CARTESIAN_POINT('',(-20.74686738797,34.60646036));
#3399 = VECTOR('',#3400,1.);
#3400 = DIRECTION('',(-0.803207530666,-0.59569930559));
#3401 = ( GEOMETRIC_REPRESENTATION_CONTEXT(2) 
PARAMETRIC_REPRESENTATION_CONTEXT() REPRESENTATION_CONTEXT('2D SPACE',''
  ) );
#3402 = PCURVE('',#3403,#3408);
#3403 = PLANE('',#3404);
#3404 = AXIS2_PLACEMENT_3D('',#3405,#3406,#3407);
#3405 = CARTESIAN_POINT('',(-34.60646036,-20.055570233,-150.));
#3406 = DIRECTION('',(0.803207530666,0.59569930559,-0.));
#3407 = DIRECTION('',(0.59569930559,-0.803207530666,0.));
#3408 = DEFINITIONAL_REPRESENTATION('',(#3409),#3413);
#3409 = LINE('',#3410,#3411);
#3410 = CARTESIAN_POINT('',(0.,0.));
#3411 = VECTOR('',#3412,1.);
#3412 = DIRECTION('',(1.,0.));
#3413 = ( GEOMETRIC_REPRESENTATION_CONTEXT(2) 
PARAMETRIC_REPRESENTATION_CONTEXT() REPRESENTATION_CONTEXT('2D SPACE',''
  ) );
#3414 = ORIENTED_EDGE('',*,*,#3415,.F.);
#3415 = EDGE_CURVE('',#3416,#3388,#3418,.T.);
#3416 = VERTEX_POINT('',#3417);
#3417 = CARTESIAN_POINT('',(-34.656912012,-19.971396737,-150.));
#3418 = SURFACE_CURVE('',#3419,(#3423,#3430),.PCURVE_S1.);
#3419 = LINE('',#3420,#3421);
#3420 = CARTESIAN_POINT('',(-34.656912012,-19.971396737,-150.));
#3421 = VECTOR('',#3422,1.);
#3422 = DIRECTION('',(0.51410274472,-0.857728609685,0.));
#3423 = PCURVE('',#173,#3424);
#3424 = DEFINITIONAL_REPRESENTATION('',(#3425),#3429);
#3425 = LINE('',#3426,#3427);
#3426 = CARTESIAN_POINT('',(-20.66269389197,34.656912012));
#3427 = VECTOR('',#3428,1.);
#3428 = DIRECTION('',(-0.857728609685,-0.51410274472));
#3429 = ( GEOMETRIC_REPRESENTATION_CONTEXT(2) 
PARAMETRIC_REPRESENTATION_CONTEXT() REPRESENTATION_CONTEXT('2D SPACE',''
  ) );
#3430 = PCURVE('',#3431,#3436);
#3431 = PLANE('',#3432);
#3432 = AXIS2_PLACEMENT_3D('',#3433,#3434,#3435);
#3433 = CARTESIAN_POINT('',(-34.656912012,-19.971396737,-150.));
#3434 = DIRECTION('',(0.857728609685,0.51410274472,-0.));
#3435 = DIRECTION('',(0.51410274472,-0.857728609685,0.));
#3436 = DEFINITIONAL_REPRESENTATION('',(#3437),#3441);
#3437 = LINE('',#3438,#3439);
#3438 = CARTESIAN_POINT('',(0.,0.));
#3439 = VECTOR('',#3440,1.);
#3440 = DIRECTION('',(1.,0.));
#3441 = ( GEOMETRIC_REPRESENTATION_CONTEXT(2) 
PARAMETRIC_REPRESENTATION_CONTEXT() REPRESENTATION_CONTEXT('2D SPACE',''
  ) );
#3442 = ORIENTED_EDGE('',*,*,#3443,.F.);
#3443 = EDGE_CURVE('',#3444,#3416,#3446,.T.);
#3444 = VERTEX_POINT('',#3445);
#3445 = CARTESIAN_POINT('',(-34.69887028,-19.882683432,-150.));
#3446 = SURFACE_CURVE('',#3447,(#3451,#3458),.PCURVE_S1.);
#3447 = LINE('',#3448,#3449);
#3448 = CARTESIAN_POINT('',(-34.69887028,-19.882683432,-150.));
#3449 = VECTOR('',#3450,1.);
#3450 = DIRECTION('',(0.42755508995,-0.903989294769,0.));
#3451 = PCURVE('',#173,#3452);
#3452 = DEFINITIONAL_REPRESENTATION('',(#3453),#3457);
#3453 = LINE('',#3454,#3455);
#3454 = CARTESIAN_POINT('',(-20.57398058697,34.69887028));
#3455 = VECTOR('',#3456,1.);
#3456 = DIRECTION('',(-0.903989294769,-0.42755508995));
#3457 = ( GEOMETRIC_REPRESENTATION_CONTEXT(2) 
PARAMETRIC_REPRESENTATION_CONTEXT() REPRESENTATION_CONTEXT('2D SPACE',''
  ) );
#3458 = PCURVE('',#3459,#3464);
#3459 = PLANE('',#3460);
#3460 = AXIS2_PLACEMENT_3D('',#3461,#3462,#3463);
#3461 = CARTESIAN_POINT('',(-34.69887028,-19.882683432,-150.));
#3462 = DIRECTION('',(0.903989294769,0.42755508995,-0.));
#3463 = DIRECTION('',(0.42755508995,-0.903989294769,0.));
#3464 = DEFINITIONAL_REPRESENTATION('',(#3465),#3469);
#3465 = LINE('',#3466,#3467);
#3466 = CARTESIAN_POINT('',(0.,0.));
#3467 = VECTOR('',#3468,1.);
#3468 = DIRECTION('',(1.,0.));
#3469 = ( GEOMETRIC_REPRESENTATION_CONTEXT(2) 
PARAMETRIC_REPRESENTATION_CONTEXT() REPRESENTATION_CONTEXT('2D SPACE',''
  ) );
#3470 = ORIENTED_EDGE('',*,*,#3471,.F.);
#3471 = EDGE_CURVE('',#3472,#3444,#3474,.T.);
#3472 = VERTEX_POINT('',#3473);
#3473 = CARTESIAN_POINT('',(-34.731931083,-19.790284677,-150.));
#3474 = SURFACE_CURVE('',#3475,(#3479,#3486),.PCURVE_S1.);
#3475 = LINE('',#3476,#3477);
#3476 = CARTESIAN_POINT('',(-34.731931083,-19.790284677,-150.));
#3477 = VECTOR('',#3478,1.);
#3478 = DIRECTION('',(0.336889851754,-0.941544065769,0.));
#3479 = PCURVE('',#173,#3480);
#3480 = DEFINITIONAL_REPRESENTATION('',(#3481),#3485);
#3481 = LINE('',#3482,#3483);
#3482 = CARTESIAN_POINT('',(-20.48158183197,34.731931083));
#3483 = VECTOR('',#3484,1.);
#3484 = DIRECTION('',(-0.941544065769,-0.336889851754));
#3485 = ( GEOMETRIC_REPRESENTATION_CONTEXT(2) 
PARAMETRIC_REPRESENTATION_CONTEXT() REPRESENTATION_CONTEXT('2D SPACE',''
  ) );
#3486 = PCURVE('',#3487,#3492);
#3487 = PLANE('',#3488);
#3488 = AXIS2_PLACEMENT_3D('',#3489,#3490,#3491);
#3489 = CARTESIAN_POINT('',(-34.731931083,-19.790284677,-150.));
#3490 = DIRECTION('',(0.941544065769,0.336889851754,-0.));
#3491 = DIRECTION('',(0.336889851754,-0.941544065769,0.));
#3492 = DEFINITIONAL_REPRESENTATION('',(#3493),#3497);
#3493 = LINE('',#3494,#3495);
#3494 = CARTESIAN_POINT('',(0.,0.));
#3495 = VECTOR('',#3496,1.);
#3496 = DIRECTION('',(1.,0.));
#3497 = ( GEOMETRIC_REPRESENTATION_CONTEXT(2) 
PARAMETRIC_REPRESENTATION_CONTEXT() REPRESENTATION_CONTEXT('2D SPACE',''
  ) );
#3498 = ORIENTED_EDGE('',*,*,#3499,.F.);
#3499 = EDGE_CURVE('',#3500,#3472,#3502,.T.);
#3500 = VERTEX_POINT('',#3501);
#3501 = CARTESIAN_POINT('',(-34.755776028,-19.695090322,-150.));
#3502 = SURFACE_CURVE('',#3503,(#3507,#3514),.PCURVE_S1.);
#3503 = LINE('',#3504,#3505);
#3504 = CARTESIAN_POINT('',(-34.755776028,-19.695090322,-150.));
#3505 = VECTOR('',#3506,1.);
#3506 = DIRECTION('',(0.24298018363,-0.970031252261,0.));
#3507 = PCURVE('',#173,#3508);
#3508 = DEFINITIONAL_REPRESENTATION('',(#3509),#3513);
#3509 = LINE('',#3510,#3511);
#3510 = CARTESIAN_POINT('',(-20.38638747697,34.755776028));
#3511 = VECTOR('',#3512,1.);
#3512 = DIRECTION('',(-0.970031252261,-0.24298018363));
#3513 = ( GEOMETRIC_REPRESENTATION_CONTEXT(2) 
PARAMETRIC_REPRESENTATION_CONTEXT() REPRESENTATION_CONTEXT('2D SPACE',''
  ) );
#3514 = PCURVE('',#3515,#3520);
#3515 = PLANE('',#3516);
#3516 = AXIS2_PLACEMENT_3D('',#3517,#3518,#3519);
#3517 = CARTESIAN_POINT('',(-34.755776028,-19.695090322,-150.));
#3518 = DIRECTION('',(0.970031252261,0.24298018363,-0.));
#3519 = DIRECTION('',(0.24298018363,-0.970031252261,0.));
#3520 = DEFINITIONAL_REPRESENTATION('',(#3521),#3525);
#3521 = LINE('',#3522,#3523);
#3522 = CARTESIAN_POINT('',(0.,0.));
#3523 = VECTOR('',#3524,1.);
#3524 = DIRECTION('',(1.,0.));
#3525 = ( GEOMETRIC_REPRESENTATION_CONTEXT(2) 
PARAMETRIC_REPRESENTATION_CONTEXT() REPRESENTATION_CONTEXT('2D SPACE',''
  ) );
#3526 = ORIENTED_EDGE('',*,*,#3527,.F.);
#3527 = EDGE_CURVE('',#1904,#3500,#3528,.T.);
#3528 = SURFACE_CURVE('',#3529,(#3533,#3540),.PCURVE_S1.);
#3529 = LINE('',#3530,#3531);
#3530 = CARTESIAN_POINT('',(-34.770175474,-19.59801714,-150.));
#3531 = VECTOR('',#3532,1.);
#3532 = DIRECTION('',(0.14673047131,-0.989176510431,0.));
#3533 = PCURVE('',#173,#3534);
#3534 = DEFINITIONAL_REPRESENTATION('',(#3535),#3539);
#3535 = LINE('',#3536,#3537);
#3536 = CARTESIAN_POINT('',(-20.28931429497,34.770175474));
#3537 = VECTOR('',#3538,1.);
#3538 = DIRECTION('',(-0.989176510431,-0.14673047131));
#3539 = ( GEOMETRIC_REPRESENTATION_CONTEXT(2) 
PARAMETRIC_REPRESENTATION_CONTEXT() REPRESENTATION_CONTEXT('2D SPACE',''
  ) );
#3540 = PCURVE('',#3541,#3546);
#3541 = PLANE('',#3542);
#3542 = AXIS2_PLACEMENT_3D('',#3543,#3544,#3545);
#3543 = CARTESIAN_POINT('',(-34.770175474,-19.59801714,-150.));
#3544 = DIRECTION('',(0.989176510431,0.14673047131,-0.));
#3545 = DIRECTION('',(0.14673047131,-0.989176510431,0.));
#3546 = DEFINITIONAL_REPRESENTATION('',(#3547),#3551);
#3547 = LINE('',#3548,#3549);
#3548 = CARTESIAN_POINT('',(0.,0.));
#3549 = VECTOR('',#3550,1.);
#3550 = DIRECTION('',(1.,0.));
#3551 = ( GEOMETRIC_REPRESENTATION_CONTEXT(2) 
PARAMETRIC_REPRESENTATION_CONTEXT() REPRESENTATION_CONTEXT('2D SPACE',''
  ) );
#3552 = ADVANCED_FACE('',(#3553,#4844),#119,.T.);
#3553 = FACE_BOUND('',#3554,.T.);
#3554 = EDGE_LOOP('',(#3555,#3556,#3557,#3580,#3603,#3626,#3649,#3672,
    #3695,#3718,#3741,#3764,#3787,#3810,#3833,#3856,#3879,#3902,#3925,
    #3948,#3971,#3994,#4017,#4040,#4063,#4086,#4109,#4132,#4155,#4178,
    #4201,#4224,#4247,#4270,#4293,#4316,#4339,#4362,#4385,#4408,#4431,
    #4454,#4477,#4500,#4523,#4546,#4569,#4592,#4615,#4638,#4661,#4684,
    #4707,#4730,#4753,#4776,#4799,#4822,#4843));
#3555 = ORIENTED_EDGE('',*,*,#103,.T.);
#3556 = ORIENTED_EDGE('',*,*,#265,.T.);
#3557 = ORIENTED_EDGE('',*,*,#3558,.T.);
#3558 = EDGE_CURVE('',#266,#3559,#3561,.T.);
#3559 = VERTEX_POINT('',#3560);
#3560 = CARTESIAN_POINT('',(-34.92354996339,-19.8484116291,150.));
#3561 = SURFACE_CURVE('',#3562,(#3566,#3573),.PCURVE_S1.);
#3562 = LINE('',#3563,#3564);
#3563 = CARTESIAN_POINT('',(-34.95216964881,-19.73415544212,150.));
#3564 = VECTOR('',#3565,1.);
#3565 = DIRECTION('',(0.24298018363,-0.970031252261,0.));
#3566 = PCURVE('',#119,#3567);
#3567 = DEFINITIONAL_REPRESENTATION('',(#3568),#3572);
#3568 = LINE('',#3569,#3570);
#3569 = CARTESIAN_POINT('',(-20.4254525971,34.952169648819));
#3570 = VECTOR('',#3571,1.);
#3571 = DIRECTION('',(-0.970031252261,-0.24298018363));
#3572 = ( GEOMETRIC_REPRESENTATION_CONTEXT(2) 
PARAMETRIC_REPRESENTATION_CONTEXT() REPRESENTATION_CONTEXT('2D SPACE',''
  ) );
#3573 = PCURVE('',#304,#3574);
#3574 = DEFINITIONAL_REPRESENTATION('',(#3575),#3579);
#3575 = LINE('',#3576,#3577);
#3576 = CARTESIAN_POINT('',(0.,-300.));
#3577 = VECTOR('',#3578,1.);
#3578 = DIRECTION('',(1.,0.));
#3579 = ( GEOMETRIC_REPRESENTATION_CONTEXT(2) 
PARAMETRIC_REPRESENTATION_CONTEXT() REPRESENTATION_CONTEXT('2D SPACE',''
  ) );
#3580 = ORIENTED_EDGE('',*,*,#3581,.T.);
#3581 = EDGE_CURVE('',#3559,#3582,#3584,.T.);
#3582 = VERTEX_POINT('',#3583);
#3583 = CARTESIAN_POINT('',(-34.88386902579,-19.95931242092,150.));
#3584 = SURFACE_CURVE('',#3585,(#3589,#3596),.PCURVE_S1.);
#3585 = LINE('',#3586,#3587);
#3586 = CARTESIAN_POINT('',(-34.92354996339,-19.8484116291,150.));
#3587 = VECTOR('',#3588,1.);
#3588 = DIRECTION('',(0.336889851754,-0.941544065769,0.));
#3589 = PCURVE('',#119,#3590);
#3590 = DEFINITIONAL_REPRESENTATION('',(#3591),#3595);
#3591 = LINE('',#3592,#3593);
#3592 = CARTESIAN_POINT('',(-20.53970878408,34.923549963393));
#3593 = VECTOR('',#3594,1.);
#3594 = DIRECTION('',(-0.941544065769,-0.336889851754));
#3595 = ( GEOMETRIC_REPRESENTATION_CONTEXT(2) 
PARAMETRIC_REPRESENTATION_CONTEXT() REPRESENTATION_CONTEXT('2D SPACE',''
  ) );
#3596 = PCURVE('',#381,#3597);
#3597 = DEFINITIONAL_REPRESENTATION('',(#3598),#3602);
#3598 = LINE('',#3599,#3600);
#3599 = CARTESIAN_POINT('',(0.,-300.));
#3600 = VECTOR('',#3601,1.);
#3601 = DIRECTION('',(1.,0.));
#3602 = ( GEOMETRIC_REPRESENTATION_CONTEXT(2) 
PARAMETRIC_REPRESENTATION_CONTEXT() REPRESENTATION_CONTEXT('2D SPACE',''
  ) );
#3603 = ORIENTED_EDGE('',*,*,#3604,.T.);
#3604 = EDGE_CURVE('',#3582,#3605,#3607,.T.);
#3605 = VERTEX_POINT('',#3606);
#3606 = CARTESIAN_POINT('',(-34.83350898382,-20.06578978465,150.));
#3607 = SURFACE_CURVE('',#3608,(#3612,#3619),.PCURVE_S1.);
#3608 = LINE('',#3609,#3610);
#3609 = CARTESIAN_POINT('',(-34.88386902579,-19.95931242092,150.));
#3610 = VECTOR('',#3611,1.);
#3611 = DIRECTION('',(0.42755508995,-0.903989294769,0.));
#3612 = PCURVE('',#119,#3613);
#3613 = DEFINITIONAL_REPRESENTATION('',(#3614),#3618);
#3614 = LINE('',#3615,#3616);
#3615 = CARTESIAN_POINT('',(-20.6506095759,34.883869025798));
#3616 = VECTOR('',#3617,1.);
#3617 = DIRECTION('',(-0.903989294769,-0.42755508995));
#3618 = ( GEOMETRIC_REPRESENTATION_CONTEXT(2) 
PARAMETRIC_REPRESENTATION_CONTEXT() REPRESENTATION_CONTEXT('2D SPACE',''
  ) );
#3619 = PCURVE('',#409,#3620);
#3620 = DEFINITIONAL_REPRESENTATION('',(#3621),#3625);
#3621 = LINE('',#3622,#3623);
#3622 = CARTESIAN_POINT('',(0.,-300.));
#3623 = VECTOR('',#3624,1.);
#3624 = DIRECTION('',(1.,0.));
#3625 = ( GEOMETRIC_REPRESENTATION_CONTEXT(2) 
PARAMETRIC_REPRESENTATION_CONTEXT() REPRESENTATION_CONTEXT('2D SPACE',''
  ) );
#3626 = ORIENTED_EDGE('',*,*,#3627,.T.);
#3627 = EDGE_CURVE('',#3605,#3628,#3630,.T.);
#3628 = VERTEX_POINT('',#3629);
#3629 = CARTESIAN_POINT('',(-34.77295483223,-20.16681828291,150.));
#3630 = SURFACE_CURVE('',#3631,(#3635,#3642),.PCURVE_S1.);
#3631 = LINE('',#3632,#3633);
#3632 = CARTESIAN_POINT('',(-34.83350898382,-20.06578978465,150.));
#3633 = VECTOR('',#3634,1.);
#3634 = DIRECTION('',(0.51410274472,-0.857728609685,0.));
#3635 = PCURVE('',#119,#3636);
#3636 = DEFINITIONAL_REPRESENTATION('',(#3637),#3641);
#3637 = LINE('',#3638,#3639);
#3638 = CARTESIAN_POINT('',(-20.75708693962,34.833508983828));
#3639 = VECTOR('',#3640,1.);
#3640 = DIRECTION('',(-0.857728609685,-0.51410274472));
#3641 = ( GEOMETRIC_REPRESENTATION_CONTEXT(2) 
PARAMETRIC_REPRESENTATION_CONTEXT() REPRESENTATION_CONTEXT('2D SPACE',''
  ) );
#3642 = PCURVE('',#437,#3643);
#3643 = DEFINITIONAL_REPRESENTATION('',(#3644),#3648);
#3644 = LINE('',#3645,#3646);
#3645 = CARTESIAN_POINT('',(0.,-300.));
#3646 = VECTOR('',#3647,1.);
#3647 = DIRECTION('',(1.,0.));
#3648 = ( GEOMETRIC_REPRESENTATION_CONTEXT(2) 
PARAMETRIC_REPRESENTATION_CONTEXT() REPRESENTATION_CONTEXT('2D SPACE',''
  ) );
#3649 = ORIENTED_EDGE('',*,*,#3650,.T.);
#3650 = EDGE_CURVE('',#3628,#3651,#3653,.T.);
#3651 = VERTEX_POINT('',#3652);
#3652 = CARTESIAN_POINT('',(-34.70278974122,-20.26142495605,150.));
#3653 = SURFACE_CURVE('',#3654,(#3658,#3665),.PCURVE_S1.);
#3654 = LINE('',#3655,#3656);
#3655 = CARTESIAN_POINT('',(-34.77295483223,-20.16681828291,150.));
#3656 = VECTOR('',#3657,1.);
#3657 = DIRECTION('',(0.59569930559,-0.803207530666,0.));
#3658 = PCURVE('',#119,#3659);
#3659 = DEFINITIONAL_REPRESENTATION('',(#3660),#3664);
#3660 = LINE('',#3661,#3662);
#3661 = CARTESIAN_POINT('',(-20.85811543789,34.772954832237));
#3662 = VECTOR('',#3663,1.);
#3663 = DIRECTION('',(-0.803207530666,-0.59569930559));
#3664 = ( GEOMETRIC_REPRESENTATION_CONTEXT(2) 
PARAMETRIC_REPRESENTATION_CONTEXT() REPRESENTATION_CONTEXT('2D SPACE',''
  ) );
#3665 = PCURVE('',#465,#3666);
#3666 = DEFINITIONAL_REPRESENTATION('',(#3667),#3671);
#3667 = LINE('',#3668,#3669);
#3668 = CARTESIAN_POINT('',(0.,-300.));
#3669 = VECTOR('',#3670,1.);
#3670 = DIRECTION('',(1.,0.));
#3671 = ( GEOMETRIC_REPRESENTATION_CONTEXT(2) 
PARAMETRIC_REPRESENTATION_CONTEXT() REPRESENTATION_CONTEXT('2D SPACE',''
  ) );
#3672 = ORIENTED_EDGE('',*,*,#3673,.T.);
#3673 = EDGE_CURVE('',#3651,#3674,#3676,.T.);
#3674 = VERTEX_POINT('',#3675);
#3675 = CARTESIAN_POINT('',(-34.6236894389,-20.3486986909,150.));
#3676 = SURFACE_CURVE('',#3677,(#3681,#3688),.PCURVE_S1.);
#3677 = LINE('',#3678,#3679);
#3678 = CARTESIAN_POINT('',(-34.70278974122,-20.26142495605,150.));
#3679 = VECTOR('',#3680,1.);
#3680 = DIRECTION('',(0.671558953977,-0.740951126143,0.));
#3681 = PCURVE('',#119,#3682);
#3682 = DEFINITIONAL_REPRESENTATION('',(#3683),#3687);
#3683 = LINE('',#3684,#3685);
#3684 = CARTESIAN_POINT('',(-20.95272211102,34.702789741226));
#3685 = VECTOR('',#3686,1.);
#3686 = DIRECTION('',(-0.740951126143,-0.671558953977));
#3687 = ( GEOMETRIC_REPRESENTATION_CONTEXT(2) 
PARAMETRIC_REPRESENTATION_CONTEXT() REPRESENTATION_CONTEXT('2D SPACE',''
  ) );
#3688 = PCURVE('',#493,#3689);
#3689 = DEFINITIONAL_REPRESENTATION('',(#3690),#3694);
#3690 = LINE('',#3691,#3692);
#3691 = CARTESIAN_POINT('',(0.,-300.));
#3692 = VECTOR('',#3693,1.);
#3693 = DIRECTION('',(1.,0.));
#3694 = ( GEOMETRIC_REPRESENTATION_CONTEXT(2) 
PARAMETRIC_REPRESENTATION_CONTEXT() REPRESENTATION_CONTEXT('2D SPACE',''
  ) );
#3695 = ORIENTED_EDGE('',*,*,#3696,.T.);
#3696 = EDGE_CURVE('',#3674,#3697,#3699,.T.);
#3697 = VERTEX_POINT('',#3698);
#3698 = CARTESIAN_POINT('',(-34.53641570405,-20.42779899322,150.));
#3699 = SURFACE_CURVE('',#3700,(#3704,#3711),.PCURVE_S1.);
#3700 = LINE('',#3701,#3702);
#3701 = CARTESIAN_POINT('',(-34.6236894389,-20.3486986909,150.));
#3702 = VECTOR('',#3703,1.);
#3703 = DIRECTION('',(0.740951126143,-0.671558953977,0.));
#3704 = PCURVE('',#119,#3705);
#3705 = DEFINITIONAL_REPRESENTATION('',(#3706),#3710);
#3706 = LINE('',#3707,#3708);
#3707 = CARTESIAN_POINT('',(-21.03999584587,34.623689438902));
#3708 = VECTOR('',#3709,1.);
#3709 = DIRECTION('',(-0.671558953977,-0.740951126143));
#3710 = ( GEOMETRIC_REPRESENTATION_CONTEXT(2) 
PARAMETRIC_REPRESENTATION_CONTEXT() REPRESENTATION_CONTEXT('2D SPACE',''
  ) );
#3711 = PCURVE('',#521,#3712);
#3712 = DEFINITIONAL_REPRESENTATION('',(#3713),#3717);
#3713 = LINE('',#3714,#3715);
#3714 = CARTESIAN_POINT('',(0.,-300.));
#3715 = VECTOR('',#3716,1.);
#3716 = DIRECTION('',(1.,0.));
#3717 = ( GEOMETRIC_REPRESENTATION_CONTEXT(2) 
PARAMETRIC_REPRESENTATION_CONTEXT() REPRESENTATION_CONTEXT('2D SPACE',''
  ) );
#3718 = ORIENTED_EDGE('',*,*,#3719,.T.);
#3719 = EDGE_CURVE('',#3697,#3720,#3722,.T.);
#3720 = VERTEX_POINT('',#3721);
#3721 = CARTESIAN_POINT('',(-34.44180903049,-20.49796408455,150.));
#3722 = SURFACE_CURVE('',#3723,(#3727,#3734),.PCURVE_S1.);
#3723 = LINE('',#3724,#3725);
#3724 = CARTESIAN_POINT('',(-34.53641570405,-20.42779899322,150.));
#3725 = VECTOR('',#3726,1.);
#3726 = DIRECTION('',(0.803207530666,-0.59569930559,0.));
#3727 = PCURVE('',#119,#3728);
#3728 = DEFINITIONAL_REPRESENTATION('',(#3729),#3733);
#3729 = LINE('',#3730,#3731);
#3730 = CARTESIAN_POINT('',(-21.1190961482,34.536415704052));
#3731 = VECTOR('',#3732,1.);
#3732 = DIRECTION('',(-0.59569930559,-0.803207530666));
#3733 = ( GEOMETRIC_REPRESENTATION_CONTEXT(2) 
PARAMETRIC_REPRESENTATION_CONTEXT() REPRESENTATION_CONTEXT('2D SPACE',''
  ) );
#3734 = PCURVE('',#549,#3735);
#3735 = DEFINITIONAL_REPRESENTATION('',(#3736),#3740);
#3736 = LINE('',#3737,#3738);
#3737 = CARTESIAN_POINT('',(0.,-300.));
#3738 = VECTOR('',#3739,1.);
#3739 = DIRECTION('',(1.,0.));
#3740 = ( GEOMETRIC_REPRESENTATION_CONTEXT(2) 
PARAMETRIC_REPRESENTATION_CONTEXT() REPRESENTATION_CONTEXT('2D SPACE',''
  ) );
#3741 = ORIENTED_EDGE('',*,*,#3742,.T.);
#3742 = EDGE_CURVE('',#3720,#3743,#3745,.T.);
#3743 = VERTEX_POINT('',#3744);
#3744 = CARTESIAN_POINT('',(-34.34780454596,-20.55430820364,150.));
#3745 = SURFACE_CURVE('',#3746,(#3750,#3757),.PCURVE_S1.);
#3746 = LINE('',#3747,#3748);
#3747 = CARTESIAN_POINT('',(-34.44180903049,-20.49796408455,150.));
#3748 = VECTOR('',#3749,1.);
#3749 = DIRECTION('',(0.857728612378,-0.514102740226,0.));
#3750 = PCURVE('',#119,#3751);
#3751 = DEFINITIONAL_REPRESENTATION('',(#3752),#3756);
#3752 = LINE('',#3753,#3754);
#3753 = CARTESIAN_POINT('',(-21.18926123952,34.441809030497));
#3754 = VECTOR('',#3755,1.);
#3755 = DIRECTION('',(-0.514102740226,-0.857728612378));
#3756 = ( GEOMETRIC_REPRESENTATION_CONTEXT(2) 
PARAMETRIC_REPRESENTATION_CONTEXT() REPRESENTATION_CONTEXT('2D SPACE',''
  ) );
#3757 = PCURVE('',#577,#3758);
#3758 = DEFINITIONAL_REPRESENTATION('',(#3759),#3763);
#3759 = LINE('',#3760,#3761);
#3760 = CARTESIAN_POINT('',(0.,-300.));
#3761 = VECTOR('',#3762,1.);
#3762 = DIRECTION('',(1.,0.));
#3763 = ( GEOMETRIC_REPRESENTATION_CONTEXT(2) 
PARAMETRIC_REPRESENTATION_CONTEXT() REPRESENTATION_CONTEXT('2D SPACE',''
  ) );
#3764 = ORIENTED_EDGE('',*,*,#3765,.T.);
#3765 = EDGE_CURVE('',#3743,#3766,#3768,.T.);
#3766 = VERTEX_POINT('',#3767);
#3767 = CARTESIAN_POINT('',(-0.564307629158,-40.05921924307,150.));
#3768 = SURFACE_CURVE('',#3769,(#3773,#3780),.PCURVE_S1.);
#3769 = LINE('',#3770,#3771);
#3770 = CARTESIAN_POINT('',(-34.34780454596,-20.55430820364,150.));
#3771 = VECTOR('',#3772,1.);
#3772 = DIRECTION('',(0.866025403781,-0.500000000007,0.));
#3773 = PCURVE('',#119,#3774);
#3774 = DEFINITIONAL_REPRESENTATION('',(#3775),#3779);
#3775 = LINE('',#3776,#3777);
#3776 = CARTESIAN_POINT('',(-21.24560535862,34.347804545969));
#3777 = VECTOR('',#3778,1.);
#3778 = DIRECTION('',(-0.500000000007,-0.866025403781));
#3779 = ( GEOMETRIC_REPRESENTATION_CONTEXT(2) 
PARAMETRIC_REPRESENTATION_CONTEXT() REPRESENTATION_CONTEXT('2D SPACE',''
  ) );
#3780 = PCURVE('',#605,#3781);
#3781 = DEFINITIONAL_REPRESENTATION('',(#3782),#3786);
#3782 = LINE('',#3783,#3784);
#3783 = CARTESIAN_POINT('',(0.,-300.));
#3784 = VECTOR('',#3785,1.);
#3785 = DIRECTION('',(1.,0.));
#3786 = ( GEOMETRIC_REPRESENTATION_CONTEXT(2) 
PARAMETRIC_REPRESENTATION_CONTEXT() REPRESENTATION_CONTEXT('2D SPACE',''
  ) );
#3787 = ORIENTED_EDGE('',*,*,#3788,.T.);
#3788 = EDGE_CURVE('',#3766,#3789,#3791,.T.);
#3789 = VERTEX_POINT('',#3790);
#3790 = CARTESIAN_POINT('',(-0.459312421795,-40.10887827848,150.));
#3791 = SURFACE_CURVE('',#3792,(#3796,#3803),.PCURVE_S1.);
#3792 = LINE('',#3793,#3794);
#3793 = CARTESIAN_POINT('',(-0.564307629158,-40.05921924307,150.));
#3794 = VECTOR('',#3795,1.);
#3795 = DIRECTION('',(0.903989290831,-0.427555098278,0.));
#3796 = PCURVE('',#119,#3797);
#3797 = DEFINITIONAL_REPRESENTATION('',(#3798),#3802);
#3798 = LINE('',#3799,#3800);
#3799 = CARTESIAN_POINT('',(-40.75051639805,0.564307629158));
#3800 = VECTOR('',#3801,1.);
#3801 = DIRECTION('',(-0.427555098278,-0.903989290831));
#3802 = ( GEOMETRIC_REPRESENTATION_CONTEXT(2) 
PARAMETRIC_REPRESENTATION_CONTEXT() REPRESENTATION_CONTEXT('2D SPACE',''
  ) );
#3803 = PCURVE('',#633,#3804);
#3804 = DEFINITIONAL_REPRESENTATION('',(#3805),#3809);
#3805 = LINE('',#3806,#3807);
#3806 = CARTESIAN_POINT('',(0.,-300.));
#3807 = VECTOR('',#3808,1.);
#3808 = DIRECTION('',(1.,0.));
#3809 = ( GEOMETRIC_REPRESENTATION_CONTEXT(2) 
PARAMETRIC_REPRESENTATION_CONTEXT() REPRESENTATION_CONTEXT('2D SPACE',''
  ) );
#3810 = ORIENTED_EDGE('',*,*,#3811,.T.);
#3811 = EDGE_CURVE('',#3789,#3812,#3814,.T.);
#3812 = VERTEX_POINT('',#3813);
#3813 = CARTESIAN_POINT('',(-0.348411628171,-40.14855921672,150.));
#3814 = SURFACE_CURVE('',#3815,(#3819,#3826),.PCURVE_S1.);
#3815 = LINE('',#3816,#3817);
#3816 = CARTESIAN_POINT('',(-0.459312421795,-40.10887827848,150.));
#3817 = VECTOR('',#3818,1.);
#3818 = DIRECTION('',(0.941544065769,-0.336889851754,0.));
#3819 = PCURVE('',#119,#3820);
#3820 = DEFINITIONAL_REPRESENTATION('',(#3821),#3825);
#3821 = LINE('',#3822,#3823);
#3822 = CARTESIAN_POINT('',(-40.80017543346,0.459312421795));
#3823 = VECTOR('',#3824,1.);
#3824 = DIRECTION('',(-0.336889851754,-0.941544065769));
#3825 = ( GEOMETRIC_REPRESENTATION_CONTEXT(2) 
PARAMETRIC_REPRESENTATION_CONTEXT() REPRESENTATION_CONTEXT('2D SPACE',''
  ) );
#3826 = PCURVE('',#661,#3827);
#3827 = DEFINITIONAL_REPRESENTATION('',(#3828),#3832);
#3828 = LINE('',#3829,#3830);
#3829 = CARTESIAN_POINT('',(0.,-300.));
#3830 = VECTOR('',#3831,1.);
#3831 = DIRECTION('',(1.,0.));
#3832 = ( GEOMETRIC_REPRESENTATION_CONTEXT(2) 
PARAMETRIC_REPRESENTATION_CONTEXT() REPRESENTATION_CONTEXT('2D SPACE',''
  ) );
#3833 = ORIENTED_EDGE('',*,*,#3834,.T.);
#3834 = EDGE_CURVE('',#3812,#3835,#3837,.T.);
#3835 = VERTEX_POINT('',#3836);
#3836 = CARTESIAN_POINT('',(-0.234155442123,-40.17717890071,150.));
#3837 = SURFACE_CURVE('',#3838,(#3842,#3849),.PCURVE_S1.);
#3838 = LINE('',#3839,#3840);
#3839 = CARTESIAN_POINT('',(-0.348411628171,-40.14855921672,150.));
#3840 = VECTOR('',#3841,1.);
#3841 = DIRECTION('',(0.970031254663,-0.242980174042,0.));
#3842 = PCURVE('',#119,#3843);
#3843 = DEFINITIONAL_REPRESENTATION('',(#3844),#3848);
#3844 = LINE('',#3845,#3846);
#3845 = CARTESIAN_POINT('',(-40.8398563717,0.348411628171));
#3846 = VECTOR('',#3847,1.);
#3847 = DIRECTION('',(-0.242980174042,-0.970031254663));
#3848 = ( GEOMETRIC_REPRESENTATION_CONTEXT(2) 
PARAMETRIC_REPRESENTATION_CONTEXT() REPRESENTATION_CONTEXT('2D SPACE',''
  ) );
#3849 = PCURVE('',#689,#3850);
#3850 = DEFINITIONAL_REPRESENTATION('',(#3851),#3855);
#3851 = LINE('',#3852,#3853);
#3852 = CARTESIAN_POINT('',(0.,-300.));
#3853 = VECTOR('',#3854,1.);
#3854 = DIRECTION('',(1.,0.));
#3855 = ( GEOMETRIC_REPRESENTATION_CONTEXT(2) 
PARAMETRIC_REPRESENTATION_CONTEXT() REPRESENTATION_CONTEXT('2D SPACE',''
  ) );
#3856 = ORIENTED_EDGE('',*,*,#3857,.T.);
#3857 = EDGE_CURVE('',#3835,#3858,#3860,.T.);
#3858 = VERTEX_POINT('',#3859);
#3859 = CARTESIAN_POINT('',(-0.117644210107,-40.1944617102,150.));
#3860 = SURFACE_CURVE('',#3861,(#3865,#3872),.PCURVE_S1.);
#3861 = LINE('',#3862,#3863);
#3862 = CARTESIAN_POINT('',(-0.234155442123,-40.17717890071,150.));
#3863 = VECTOR('',#3864,1.);
#3864 = DIRECTION('',(0.989176508952,-0.146730481281,0.));
#3865 = PCURVE('',#119,#3866);
#3866 = DEFINITIONAL_REPRESENTATION('',(#3867),#3871);
#3867 = LINE('',#3868,#3869);
#3868 = CARTESIAN_POINT('',(-40.86847605569,0.234155442123));
#3869 = VECTOR('',#3870,1.);
#3870 = DIRECTION('',(-0.146730481281,-0.989176508952));
#3871 = ( GEOMETRIC_REPRESENTATION_CONTEXT(2) 
PARAMETRIC_REPRESENTATION_CONTEXT() REPRESENTATION_CONTEXT('2D SPACE',''
  ) );
#3872 = PCURVE('',#717,#3873);
#3873 = DEFINITIONAL_REPRESENTATION('',(#3874),#3878);
#3874 = LINE('',#3875,#3876);
#3875 = CARTESIAN_POINT('',(0.,-300.));
#3876 = VECTOR('',#3877,1.);
#3877 = DIRECTION('',(1.,0.));
#3878 = ( GEOMETRIC_REPRESENTATION_CONTEXT(2) 
PARAMETRIC_REPRESENTATION_CONTEXT() REPRESENTATION_CONTEXT('2D SPACE',''
  ) );
#3879 = ORIENTED_EDGE('',*,*,#3880,.T.);
#3880 = EDGE_CURVE('',#3858,#3881,#3883,.T.);
#3881 = VERTEX_POINT('',#3882);
#3882 = CARTESIAN_POINT('',(0.,-40.20024119926,150.));
#3883 = SURFACE_CURVE('',#3884,(#3888,#3895),.PCURVE_S1.);
#3884 = LINE('',#3885,#3886);
#3885 = CARTESIAN_POINT('',(-0.117644210107,-40.1944617102,150.));
#3886 = VECTOR('',#3887,1.);
#3887 = DIRECTION('',(0.998795456361,-4.906767115971E-02,0.));
#3888 = PCURVE('',#119,#3889);
#3889 = DEFINITIONAL_REPRESENTATION('',(#3890),#3894);
#3890 = LINE('',#3891,#3892);
#3891 = CARTESIAN_POINT('',(-40.88575886517,0.117644210107));
#3892 = VECTOR('',#3893,1.);
#3893 = DIRECTION('',(-4.906767115971E-02,-0.998795456361));
#3894 = ( GEOMETRIC_REPRESENTATION_CONTEXT(2) 
PARAMETRIC_REPRESENTATION_CONTEXT() REPRESENTATION_CONTEXT('2D SPACE',''
  ) );
#3895 = PCURVE('',#745,#3896);
#3896 = DEFINITIONAL_REPRESENTATION('',(#3897),#3901);
#3897 = LINE('',#3898,#3899);
#3898 = CARTESIAN_POINT('',(0.,-300.));
#3899 = VECTOR('',#3900,1.);
#3900 = DIRECTION('',(1.,0.));
#3901 = ( GEOMETRIC_REPRESENTATION_CONTEXT(2) 
PARAMETRIC_REPRESENTATION_CONTEXT() REPRESENTATION_CONTEXT('2D SPACE',''
  ) );
#3902 = ORIENTED_EDGE('',*,*,#3903,.T.);
#3903 = EDGE_CURVE('',#3881,#3904,#3906,.T.);
#3904 = VERTEX_POINT('',#3905);
#3905 = CARTESIAN_POINT('',(0.117644210107,-40.1944617102,150.));
#3906 = SURFACE_CURVE('',#3907,(#3911,#3918),.PCURVE_S1.);
#3907 = LINE('',#3908,#3909);
#3908 = CARTESIAN_POINT('',(0.,-40.20024119926,150.));
#3909 = VECTOR('',#3910,1.);
#3910 = DIRECTION('',(0.998795456361,4.906767115971E-02,0.));
#3911 = PCURVE('',#119,#3912);
#3912 = DEFINITIONAL_REPRESENTATION('',(#3913),#3917);
#3913 = LINE('',#3914,#3915);
#3914 = CARTESIAN_POINT('',(-40.89153835424,9.343651929881E-16));
#3915 = VECTOR('',#3916,1.);
#3916 = DIRECTION('',(4.906767115971E-02,-0.998795456361));
#3917 = ( GEOMETRIC_REPRESENTATION_CONTEXT(2) 
PARAMETRIC_REPRESENTATION_CONTEXT() REPRESENTATION_CONTEXT('2D SPACE',''
  ) );
#3918 = PCURVE('',#773,#3919);
#3919 = DEFINITIONAL_REPRESENTATION('',(#3920),#3924);
#3920 = LINE('',#3921,#3922);
#3921 = CARTESIAN_POINT('',(0.,-300.));
#3922 = VECTOR('',#3923,1.);
#3923 = DIRECTION('',(1.,0.));
#3924 = ( GEOMETRIC_REPRESENTATION_CONTEXT(2) 
PARAMETRIC_REPRESENTATION_CONTEXT() REPRESENTATION_CONTEXT('2D SPACE',''
  ) );
#3925 = ORIENTED_EDGE('',*,*,#3926,.T.);
#3926 = EDGE_CURVE('',#3904,#3927,#3929,.T.);
#3927 = VERTEX_POINT('',#3928);
#3928 = CARTESIAN_POINT('',(0.234155442123,-40.17717890071,150.));
#3929 = SURFACE_CURVE('',#3930,(#3934,#3941),.PCURVE_S1.);
#3930 = LINE('',#3931,#3932);
#3931 = CARTESIAN_POINT('',(0.117644210107,-40.1944617102,150.));
#3932 = VECTOR('',#3933,1.);
#3933 = DIRECTION('',(0.989176508952,0.146730481281,0.));
#3934 = PCURVE('',#119,#3935);
#3935 = DEFINITIONAL_REPRESENTATION('',(#3936),#3940);
#3936 = LINE('',#3937,#3938);
#3937 = CARTESIAN_POINT('',(-40.88575886517,-0.117644210107));
#3938 = VECTOR('',#3939,1.);
#3939 = DIRECTION('',(0.146730481281,-0.989176508952));
#3940 = ( GEOMETRIC_REPRESENTATION_CONTEXT(2) 
PARAMETRIC_REPRESENTATION_CONTEXT() REPRESENTATION_CONTEXT('2D SPACE',''
  ) );
#3941 = PCURVE('',#801,#3942);
#3942 = DEFINITIONAL_REPRESENTATION('',(#3943),#3947);
#3943 = LINE('',#3944,#3945);
#3944 = CARTESIAN_POINT('',(0.,-300.));
#3945 = VECTOR('',#3946,1.);
#3946 = DIRECTION('',(1.,0.));
#3947 = ( GEOMETRIC_REPRESENTATION_CONTEXT(2) 
PARAMETRIC_REPRESENTATION_CONTEXT() REPRESENTATION_CONTEXT('2D SPACE',''
  ) );
#3948 = ORIENTED_EDGE('',*,*,#3949,.T.);
#3949 = EDGE_CURVE('',#3927,#3950,#3952,.T.);
#3950 = VERTEX_POINT('',#3951);
#3951 = CARTESIAN_POINT('',(0.348411628171,-40.14855921672,150.));
#3952 = SURFACE_CURVE('',#3953,(#3957,#3964),.PCURVE_S1.);
#3953 = LINE('',#3954,#3955);
#3954 = CARTESIAN_POINT('',(0.234155442123,-40.17717890071,150.));
#3955 = VECTOR('',#3956,1.);
#3956 = DIRECTION('',(0.970031254663,0.242980174042,0.));
#3957 = PCURVE('',#119,#3958);
#3958 = DEFINITIONAL_REPRESENTATION('',(#3959),#3963);
#3959 = LINE('',#3960,#3961);
#3960 = CARTESIAN_POINT('',(-40.86847605569,-0.234155442123));
#3961 = VECTOR('',#3962,1.);
#3962 = DIRECTION('',(0.242980174042,-0.970031254663));
#3963 = ( GEOMETRIC_REPRESENTATION_CONTEXT(2) 
PARAMETRIC_REPRESENTATION_CONTEXT() REPRESENTATION_CONTEXT('2D SPACE',''
  ) );
#3964 = PCURVE('',#829,#3965);
#3965 = DEFINITIONAL_REPRESENTATION('',(#3966),#3970);
#3966 = LINE('',#3967,#3968);
#3967 = CARTESIAN_POINT('',(0.,-300.));
#3968 = VECTOR('',#3969,1.);
#3969 = DIRECTION('',(1.,0.));
#3970 = ( GEOMETRIC_REPRESENTATION_CONTEXT(2) 
PARAMETRIC_REPRESENTATION_CONTEXT() REPRESENTATION_CONTEXT('2D SPACE',''
  ) );
#3971 = ORIENTED_EDGE('',*,*,#3972,.T.);
#3972 = EDGE_CURVE('',#3950,#3973,#3975,.T.);
#3973 = VERTEX_POINT('',#3974);
#3974 = CARTESIAN_POINT('',(0.459312421795,-40.10887827848,150.));
#3975 = SURFACE_CURVE('',#3976,(#3980,#3987),.PCURVE_S1.);
#3976 = LINE('',#3977,#3978);
#3977 = CARTESIAN_POINT('',(0.348411628171,-40.14855921672,150.));
#3978 = VECTOR('',#3979,1.);
#3979 = DIRECTION('',(0.941544065769,0.336889851754,0.));
#3980 = PCURVE('',#119,#3981);
#3981 = DEFINITIONAL_REPRESENTATION('',(#3982),#3986);
#3982 = LINE('',#3983,#3984);
#3983 = CARTESIAN_POINT('',(-40.8398563717,-0.348411628171));
#3984 = VECTOR('',#3985,1.);
#3985 = DIRECTION('',(0.336889851754,-0.941544065769));
#3986 = ( GEOMETRIC_REPRESENTATION_CONTEXT(2) 
PARAMETRIC_REPRESENTATION_CONTEXT() REPRESENTATION_CONTEXT('2D SPACE',''
  ) );
#3987 = PCURVE('',#857,#3988);
#3988 = DEFINITIONAL_REPRESENTATION('',(#3989),#3993);
#3989 = LINE('',#3990,#3991);
#3990 = CARTESIAN_POINT('',(0.,-300.));
#3991 = VECTOR('',#3992,1.);
#3992 = DIRECTION('',(1.,0.));
#3993 = ( GEOMETRIC_REPRESENTATION_CONTEXT(2) 
PARAMETRIC_REPRESENTATION_CONTEXT() REPRESENTATION_CONTEXT('2D SPACE',''
  ) );
#3994 = ORIENTED_EDGE('',*,*,#3995,.T.);
#3995 = EDGE_CURVE('',#3973,#3996,#3998,.T.);
#3996 = VERTEX_POINT('',#3997);
#3997 = CARTESIAN_POINT('',(0.564307629158,-40.05921924307,150.));
#3998 = SURFACE_CURVE('',#3999,(#4003,#4010),.PCURVE_S1.);
#3999 = LINE('',#4000,#4001);
#4000 = CARTESIAN_POINT('',(0.459312421795,-40.10887827848,150.));
#4001 = VECTOR('',#4002,1.);
#4002 = DIRECTION('',(0.903989290831,0.427555098278,0.));
#4003 = PCURVE('',#119,#4004);
#4004 = DEFINITIONAL_REPRESENTATION('',(#4005),#4009);
#4005 = LINE('',#4006,#4007);
#4006 = CARTESIAN_POINT('',(-40.80017543346,-0.459312421795));
#4007 = VECTOR('',#4008,1.);
#4008 = DIRECTION('',(0.427555098278,-0.903989290831));
#4009 = ( GEOMETRIC_REPRESENTATION_CONTEXT(2) 
PARAMETRIC_REPRESENTATION_CONTEXT() REPRESENTATION_CONTEXT('2D SPACE',''
  ) );
#4010 = PCURVE('',#885,#4011);
#4011 = DEFINITIONAL_REPRESENTATION('',(#4012),#4016);
#4012 = LINE('',#4013,#4014);
#4013 = CARTESIAN_POINT('',(0.,-300.));
#4014 = VECTOR('',#4015,1.);
#4015 = DIRECTION('',(1.,0.));
#4016 = ( GEOMETRIC_REPRESENTATION_CONTEXT(2) 
PARAMETRIC_REPRESENTATION_CONTEXT() REPRESENTATION_CONTEXT('2D SPACE',''
  ) );
#4017 = ORIENTED_EDGE('',*,*,#4018,.T.);
#4018 = EDGE_CURVE('',#3996,#4019,#4021,.T.);
#4019 = VERTEX_POINT('',#4020);
#4020 = CARTESIAN_POINT('',(34.347804545969,-20.55430820364,150.));
#4021 = SURFACE_CURVE('',#4022,(#4026,#4033),.PCURVE_S1.);
#4022 = LINE('',#4023,#4024);
#4023 = CARTESIAN_POINT('',(0.564307629158,-40.05921924307,150.));
#4024 = VECTOR('',#4025,1.);
#4025 = DIRECTION('',(0.866025403781,0.500000000007,0.));
#4026 = PCURVE('',#119,#4027);
#4027 = DEFINITIONAL_REPRESENTATION('',(#4028),#4032);
#4028 = LINE('',#4029,#4030);
#4029 = CARTESIAN_POINT('',(-40.75051639805,-0.564307629158));
#4030 = VECTOR('',#4031,1.);
#4031 = DIRECTION('',(0.500000000007,-0.866025403781));
#4032 = ( GEOMETRIC_REPRESENTATION_CONTEXT(2) 
PARAMETRIC_REPRESENTATION_CONTEXT() REPRESENTATION_CONTEXT('2D SPACE',''
  ) );
#4033 = PCURVE('',#913,#4034);
#4034 = DEFINITIONAL_REPRESENTATION('',(#4035),#4039);
#4035 = LINE('',#4036,#4037);
#4036 = CARTESIAN_POINT('',(0.,-300.));
#4037 = VECTOR('',#4038,1.);
#4038 = DIRECTION('',(1.,0.));
#4039 = ( GEOMETRIC_REPRESENTATION_CONTEXT(2) 
PARAMETRIC_REPRESENTATION_CONTEXT() REPRESENTATION_CONTEXT('2D SPACE',''
  ) );
#4040 = ORIENTED_EDGE('',*,*,#4041,.T.);
#4041 = EDGE_CURVE('',#4019,#4042,#4044,.T.);
#4042 = VERTEX_POINT('',#4043);
#4043 = CARTESIAN_POINT('',(34.441809030497,-20.49796408455,150.));
#4044 = SURFACE_CURVE('',#4045,(#4049,#4056),.PCURVE_S1.);
#4045 = LINE('',#4046,#4047);
#4046 = CARTESIAN_POINT('',(34.347804545969,-20.55430820364,150.));
#4047 = VECTOR('',#4048,1.);
#4048 = DIRECTION('',(0.857728612378,0.514102740226,0.));
#4049 = PCURVE('',#119,#4050);
#4050 = DEFINITIONAL_REPRESENTATION('',(#4051),#4055);
#4051 = LINE('',#4052,#4053);
#4052 = CARTESIAN_POINT('',(-21.24560535862,-34.34780454596));
#4053 = VECTOR('',#4054,1.);
#4054 = DIRECTION('',(0.514102740226,-0.857728612378));
#4055 = ( GEOMETRIC_REPRESENTATION_CONTEXT(2) 
PARAMETRIC_REPRESENTATION_CONTEXT() REPRESENTATION_CONTEXT('2D SPACE',''
  ) );
#4056 = PCURVE('',#941,#4057);
#4057 = DEFINITIONAL_REPRESENTATION('',(#4058),#4062);
#4058 = LINE('',#4059,#4060);
#4059 = CARTESIAN_POINT('',(0.,-300.));
#4060 = VECTOR('',#4061,1.);
#4061 = DIRECTION('',(1.,0.));
#4062 = ( GEOMETRIC_REPRESENTATION_CONTEXT(2) 
PARAMETRIC_REPRESENTATION_CONTEXT() REPRESENTATION_CONTEXT('2D SPACE',''
  ) );
#4063 = ORIENTED_EDGE('',*,*,#4064,.T.);
#4064 = EDGE_CURVE('',#4042,#4065,#4067,.T.);
#4065 = VERTEX_POINT('',#4066);
#4066 = CARTESIAN_POINT('',(34.536415704052,-20.42779899322,150.));
#4067 = SURFACE_CURVE('',#4068,(#4072,#4079),.PCURVE_S1.);
#4068 = LINE('',#4069,#4070);
#4069 = CARTESIAN_POINT('',(34.441809030497,-20.49796408455,150.));
#4070 = VECTOR('',#4071,1.);
#4071 = DIRECTION('',(0.803207530666,0.59569930559,0.));
#4072 = PCURVE('',#119,#4073);
#4073 = DEFINITIONAL_REPRESENTATION('',(#4074),#4078);
#4074 = LINE('',#4075,#4076);
#4075 = CARTESIAN_POINT('',(-21.18926123952,-34.44180903049));
#4076 = VECTOR('',#4077,1.);
#4077 = DIRECTION('',(0.59569930559,-0.803207530666));
#4078 = ( GEOMETRIC_REPRESENTATION_CONTEXT(2) 
PARAMETRIC_REPRESENTATION_CONTEXT() REPRESENTATION_CONTEXT('2D SPACE',''
  ) );
#4079 = PCURVE('',#969,#4080);
#4080 = DEFINITIONAL_REPRESENTATION('',(#4081),#4085);
#4081 = LINE('',#4082,#4083);
#4082 = CARTESIAN_POINT('',(0.,-300.));
#4083 = VECTOR('',#4084,1.);
#4084 = DIRECTION('',(1.,0.));
#4085 = ( GEOMETRIC_REPRESENTATION_CONTEXT(2) 
PARAMETRIC_REPRESENTATION_CONTEXT() REPRESENTATION_CONTEXT('2D SPACE',''
  ) );
#4086 = ORIENTED_EDGE('',*,*,#4087,.T.);
#4087 = EDGE_CURVE('',#4065,#4088,#4090,.T.);
#4088 = VERTEX_POINT('',#4089);
#4089 = CARTESIAN_POINT('',(34.623689438902,-20.3486986909,150.));
#4090 = SURFACE_CURVE('',#4091,(#4095,#4102),.PCURVE_S1.);
#4091 = LINE('',#4092,#4093);
#4092 = CARTESIAN_POINT('',(34.536415704052,-20.42779899322,150.));
#4093 = VECTOR('',#4094,1.);
#4094 = DIRECTION('',(0.740951126143,0.671558953977,0.));
#4095 = PCURVE('',#119,#4096);
#4096 = DEFINITIONAL_REPRESENTATION('',(#4097),#4101);
#4097 = LINE('',#4098,#4099);
#4098 = CARTESIAN_POINT('',(-21.1190961482,-34.53641570405));
#4099 = VECTOR('',#4100,1.);
#4100 = DIRECTION('',(0.671558953977,-0.740951126143));
#4101 = ( GEOMETRIC_REPRESENTATION_CONTEXT(2) 
PARAMETRIC_REPRESENTATION_CONTEXT() REPRESENTATION_CONTEXT('2D SPACE',''
  ) );
#4102 = PCURVE('',#997,#4103);
#4103 = DEFINITIONAL_REPRESENTATION('',(#4104),#4108);
#4104 = LINE('',#4105,#4106);
#4105 = CARTESIAN_POINT('',(0.,-300.));
#4106 = VECTOR('',#4107,1.);
#4107 = DIRECTION('',(1.,0.));
#4108 = ( GEOMETRIC_REPRESENTATION_CONTEXT(2) 
PARAMETRIC_REPRESENTATION_CONTEXT() REPRESENTATION_CONTEXT('2D SPACE',''
  ) );
#4109 = ORIENTED_EDGE('',*,*,#4110,.T.);
#4110 = EDGE_CURVE('',#4088,#4111,#4113,.T.);
#4111 = VERTEX_POINT('',#4112);
#4112 = CARTESIAN_POINT('',(34.702789741226,-20.26142495605,150.));
#4113 = SURFACE_CURVE('',#4114,(#4118,#4125),.PCURVE_S1.);
#4114 = LINE('',#4115,#4116);
#4115 = CARTESIAN_POINT('',(34.623689438902,-20.3486986909,150.));
#4116 = VECTOR('',#4117,1.);
#4117 = DIRECTION('',(0.671558953977,0.740951126143,0.));
#4118 = PCURVE('',#119,#4119);
#4119 = DEFINITIONAL_REPRESENTATION('',(#4120),#4124);
#4120 = LINE('',#4121,#4122);
#4121 = CARTESIAN_POINT('',(-21.03999584587,-34.6236894389));
#4122 = VECTOR('',#4123,1.);
#4123 = DIRECTION('',(0.740951126143,-0.671558953977));
#4124 = ( GEOMETRIC_REPRESENTATION_CONTEXT(2) 
PARAMETRIC_REPRESENTATION_CONTEXT() REPRESENTATION_CONTEXT('2D SPACE',''
  ) );
#4125 = PCURVE('',#1025,#4126);
#4126 = DEFINITIONAL_REPRESENTATION('',(#4127),#4131);
#4127 = LINE('',#4128,#4129);
#4128 = CARTESIAN_POINT('',(0.,-300.));
#4129 = VECTOR('',#4130,1.);
#4130 = DIRECTION('',(1.,0.));
#4131 = ( GEOMETRIC_REPRESENTATION_CONTEXT(2) 
PARAMETRIC_REPRESENTATION_CONTEXT() REPRESENTATION_CONTEXT('2D SPACE',''
  ) );
#4132 = ORIENTED_EDGE('',*,*,#4133,.T.);
#4133 = EDGE_CURVE('',#4111,#4134,#4136,.T.);
#4134 = VERTEX_POINT('',#4135);
#4135 = CARTESIAN_POINT('',(34.772954832237,-20.16681828291,150.));
#4136 = SURFACE_CURVE('',#4137,(#4141,#4148),.PCURVE_S1.);
#4137 = LINE('',#4138,#4139);
#4138 = CARTESIAN_POINT('',(34.702789741226,-20.26142495605,150.));
#4139 = VECTOR('',#4140,1.);
#4140 = DIRECTION('',(0.59569930559,0.803207530666,0.));
#4141 = PCURVE('',#119,#4142);
#4142 = DEFINITIONAL_REPRESENTATION('',(#4143),#4147);
#4143 = LINE('',#4144,#4145);
#4144 = CARTESIAN_POINT('',(-20.95272211102,-34.70278974122));
#4145 = VECTOR('',#4146,1.);
#4146 = DIRECTION('',(0.803207530666,-0.59569930559));
#4147 = ( GEOMETRIC_REPRESENTATION_CONTEXT(2) 
PARAMETRIC_REPRESENTATION_CONTEXT() REPRESENTATION_CONTEXT('2D SPACE',''
  ) );
#4148 = PCURVE('',#1053,#4149);
#4149 = DEFINITIONAL_REPRESENTATION('',(#4150),#4154);
#4150 = LINE('',#4151,#4152);
#4151 = CARTESIAN_POINT('',(0.,-300.));
#4152 = VECTOR('',#4153,1.);
#4153 = DIRECTION('',(1.,0.));
#4154 = ( GEOMETRIC_REPRESENTATION_CONTEXT(2) 
PARAMETRIC_REPRESENTATION_CONTEXT() REPRESENTATION_CONTEXT('2D SPACE',''
  ) );
#4155 = ORIENTED_EDGE('',*,*,#4156,.T.);
#4156 = EDGE_CURVE('',#4134,#4157,#4159,.T.);
#4157 = VERTEX_POINT('',#4158);
#4158 = CARTESIAN_POINT('',(34.833508983828,-20.06578978465,150.));
#4159 = SURFACE_CURVE('',#4160,(#4164,#4171),.PCURVE_S1.);
#4160 = LINE('',#4161,#4162);
#4161 = CARTESIAN_POINT('',(34.772954832237,-20.16681828291,150.));
#4162 = VECTOR('',#4163,1.);
#4163 = DIRECTION('',(0.51410274472,0.857728609685,0.));
#4164 = PCURVE('',#119,#4165);
#4165 = DEFINITIONAL_REPRESENTATION('',(#4166),#4170);
#4166 = LINE('',#4167,#4168);
#4167 = CARTESIAN_POINT('',(-20.85811543789,-34.77295483223));
#4168 = VECTOR('',#4169,1.);
#4169 = DIRECTION('',(0.857728609685,-0.51410274472));
#4170 = ( GEOMETRIC_REPRESENTATION_CONTEXT(2) 
PARAMETRIC_REPRESENTATION_CONTEXT() REPRESENTATION_CONTEXT('2D SPACE',''
  ) );
#4171 = PCURVE('',#1081,#4172);
#4172 = DEFINITIONAL_REPRESENTATION('',(#4173),#4177);
#4173 = LINE('',#4174,#4175);
#4174 = CARTESIAN_POINT('',(0.,-300.));
#4175 = VECTOR('',#4176,1.);
#4176 = DIRECTION('',(1.,0.));
#4177 = ( GEOMETRIC_REPRESENTATION_CONTEXT(2) 
PARAMETRIC_REPRESENTATION_CONTEXT() REPRESENTATION_CONTEXT('2D SPACE',''
  ) );
#4178 = ORIENTED_EDGE('',*,*,#4179,.T.);
#4179 = EDGE_CURVE('',#4157,#4180,#4182,.T.);
#4180 = VERTEX_POINT('',#4181);
#4181 = CARTESIAN_POINT('',(34.883869025798,-19.95931242092,150.));
#4182 = SURFACE_CURVE('',#4183,(#4187,#4194),.PCURVE_S1.);
#4183 = LINE('',#4184,#4185);
#4184 = CARTESIAN_POINT('',(34.833508983828,-20.06578978465,150.));
#4185 = VECTOR('',#4186,1.);
#4186 = DIRECTION('',(0.42755508995,0.903989294769,0.));
#4187 = PCURVE('',#119,#4188);
#4188 = DEFINITIONAL_REPRESENTATION('',(#4189),#4193);
#4189 = LINE('',#4190,#4191);
#4190 = CARTESIAN_POINT('',(-20.75708693962,-34.83350898382));
#4191 = VECTOR('',#4192,1.);
#4192 = DIRECTION('',(0.903989294769,-0.42755508995));
#4193 = ( GEOMETRIC_REPRESENTATION_CONTEXT(2) 
PARAMETRIC_REPRESENTATION_CONTEXT() REPRESENTATION_CONTEXT('2D SPACE',''
  ) );
#4194 = PCURVE('',#1109,#4195);
#4195 = DEFINITIONAL_REPRESENTATION('',(#4196),#4200);
#4196 = LINE('',#4197,#4198);
#4197 = CARTESIAN_POINT('',(0.,-300.));
#4198 = VECTOR('',#4199,1.);
#4199 = DIRECTION('',(1.,0.));
#4200 = ( GEOMETRIC_REPRESENTATION_CONTEXT(2) 
PARAMETRIC_REPRESENTATION_CONTEXT() REPRESENTATION_CONTEXT('2D SPACE',''
  ) );
#4201 = ORIENTED_EDGE('',*,*,#4202,.T.);
#4202 = EDGE_CURVE('',#4180,#4203,#4205,.T.);
#4203 = VERTEX_POINT('',#4204);
#4204 = CARTESIAN_POINT('',(34.923549963393,-19.8484116291,150.));
#4205 = SURFACE_CURVE('',#4206,(#4210,#4217),.PCURVE_S1.);
#4206 = LINE('',#4207,#4208);
#4207 = CARTESIAN_POINT('',(34.883869025798,-19.95931242092,150.));
#4208 = VECTOR('',#4209,1.);
#4209 = DIRECTION('',(0.336889851754,0.941544065769,0.));
#4210 = PCURVE('',#119,#4211);
#4211 = DEFINITIONAL_REPRESENTATION('',(#4212),#4216);
#4212 = LINE('',#4213,#4214);
#4213 = CARTESIAN_POINT('',(-20.6506095759,-34.88386902579));
#4214 = VECTOR('',#4215,1.);
#4215 = DIRECTION('',(0.941544065769,-0.336889851754));
#4216 = ( GEOMETRIC_REPRESENTATION_CONTEXT(2) 
PARAMETRIC_REPRESENTATION_CONTEXT() REPRESENTATION_CONTEXT('2D SPACE',''
  ) );
#4217 = PCURVE('',#1137,#4218);
#4218 = DEFINITIONAL_REPRESENTATION('',(#4219),#4223);
#4219 = LINE('',#4220,#4221);
#4220 = CARTESIAN_POINT('',(0.,-300.));
#4221 = VECTOR('',#4222,1.);
#4222 = DIRECTION('',(1.,0.));
#4223 = ( GEOMETRIC_REPRESENTATION_CONTEXT(2) 
PARAMETRIC_REPRESENTATION_CONTEXT() REPRESENTATION_CONTEXT('2D SPACE',''
  ) );
#4224 = ORIENTED_EDGE('',*,*,#4225,.T.);
#4225 = EDGE_CURVE('',#4203,#4226,#4228,.T.);
#4226 = VERTEX_POINT('',#4227);
#4227 = CARTESIAN_POINT('',(34.952169648819,-19.73415544212,150.));
#4228 = SURFACE_CURVE('',#4229,(#4233,#4240),.PCURVE_S1.);
#4229 = LINE('',#4230,#4231);
#4230 = CARTESIAN_POINT('',(34.923549963393,-19.8484116291,150.));
#4231 = VECTOR('',#4232,1.);
#4232 = DIRECTION('',(0.24298018363,0.970031252261,0.));
#4233 = PCURVE('',#119,#4234);
#4234 = DEFINITIONAL_REPRESENTATION('',(#4235),#4239);
#4235 = LINE('',#4236,#4237);
#4236 = CARTESIAN_POINT('',(-20.53970878408,-34.92354996339));
#4237 = VECTOR('',#4238,1.);
#4238 = DIRECTION('',(0.970031252261,-0.24298018363));
#4239 = ( GEOMETRIC_REPRESENTATION_CONTEXT(2) 
PARAMETRIC_REPRESENTATION_CONTEXT() REPRESENTATION_CONTEXT('2D SPACE',''
  ) );
#4240 = PCURVE('',#1165,#4241);
#4241 = DEFINITIONAL_REPRESENTATION('',(#4242),#4246);
#4242 = LINE('',#4243,#4244);
#4243 = CARTESIAN_POINT('',(0.,-300.));
#4244 = VECTOR('',#4245,1.);
#4245 = DIRECTION('',(1.,0.));
#4246 = ( GEOMETRIC_REPRESENTATION_CONTEXT(2) 
PARAMETRIC_REPRESENTATION_CONTEXT() REPRESENTATION_CONTEXT('2D SPACE',''
  ) );
#4247 = ORIENTED_EDGE('',*,*,#4248,.T.);
#4248 = EDGE_CURVE('',#4226,#4249,#4251,.T.);
#4249 = VERTEX_POINT('',#4250);
#4250 = CARTESIAN_POINT('',(34.969452457101,-19.6176442101,150.));
#4251 = SURFACE_CURVE('',#4252,(#4256,#4263),.PCURVE_S1.);
#4252 = LINE('',#4253,#4254);
#4253 = CARTESIAN_POINT('',(34.952169648819,-19.73415544212,150.));
#4254 = VECTOR('',#4255,1.);
#4255 = DIRECTION('',(0.14673047131,0.989176510431,0.));
#4256 = PCURVE('',#119,#4257);
#4257 = DEFINITIONAL_REPRESENTATION('',(#4258),#4262);
#4258 = LINE('',#4259,#4260);
#4259 = CARTESIAN_POINT('',(-20.4254525971,-34.95216964881));
#4260 = VECTOR('',#4261,1.);
#4261 = DIRECTION('',(0.989176510431,-0.14673047131));
#4262 = ( GEOMETRIC_REPRESENTATION_CONTEXT(2) 
PARAMETRIC_REPRESENTATION_CONTEXT() REPRESENTATION_CONTEXT('2D SPACE',''
  ) );
#4263 = PCURVE('',#1193,#4264);
#4264 = DEFINITIONAL_REPRESENTATION('',(#4265),#4269);
#4265 = LINE('',#4266,#4267);
#4266 = CARTESIAN_POINT('',(0.,-300.));
#4267 = VECTOR('',#4268,1.);
#4268 = DIRECTION('',(1.,0.));
#4269 = ( GEOMETRIC_REPRESENTATION_CONTEXT(2) 
PARAMETRIC_REPRESENTATION_CONTEXT() REPRESENTATION_CONTEXT('2D SPACE',''
  ) );
#4270 = ORIENTED_EDGE('',*,*,#4271,.T.);
#4271 = EDGE_CURVE('',#4249,#4272,#4274,.T.);
#4272 = VERTEX_POINT('',#4273);
#4273 = CARTESIAN_POINT('',(34.974990748,-19.50490972512,150.));
#4274 = SURFACE_CURVE('',#4275,(#4279,#4286),.PCURVE_S1.);
#4275 = LINE('',#4276,#4277);
#4276 = CARTESIAN_POINT('',(34.969452457101,-19.6176442101,150.));
#4277 = VECTOR('',#4278,1.);
#4278 = DIRECTION('',(4.906768132523E-02,0.998795455861,0.));
#4279 = PCURVE('',#119,#4280);
#4280 = DEFINITIONAL_REPRESENTATION('',(#4281),#4285);
#4281 = LINE('',#4282,#4283);
#4282 = CARTESIAN_POINT('',(-20.30894136508,-34.9694524571));
#4283 = VECTOR('',#4284,1.);
#4284 = DIRECTION('',(0.998795455861,-4.906768132523E-02));
#4285 = ( GEOMETRIC_REPRESENTATION_CONTEXT(2) 
PARAMETRIC_REPRESENTATION_CONTEXT() REPRESENTATION_CONTEXT('2D SPACE',''
  ) );
#4286 = PCURVE('',#1221,#4287);
#4287 = DEFINITIONAL_REPRESENTATION('',(#4288),#4292);
#4288 = LINE('',#4289,#4290);
#4289 = CARTESIAN_POINT('',(0.,-300.));
#4290 = VECTOR('',#4291,1.);
#4291 = DIRECTION('',(1.,0.));
#4292 = ( GEOMETRIC_REPRESENTATION_CONTEXT(2) 
PARAMETRIC_REPRESENTATION_CONTEXT() REPRESENTATION_CONTEXT('2D SPACE',''
  ) );
#4293 = ORIENTED_EDGE('',*,*,#4294,.T.);
#4294 = EDGE_CURVE('',#4272,#4295,#4297,.T.);
#4295 = VERTEX_POINT('',#4296);
#4296 = CARTESIAN_POINT('',(34.974990748,19.504909725123,150.));
#4297 = SURFACE_CURVE('',#4298,(#4302,#4309),.PCURVE_S1.);
#4298 = LINE('',#4299,#4300);
#4299 = CARTESIAN_POINT('',(34.974990748,-19.50490972512,150.));
#4300 = VECTOR('',#4301,1.);
#4301 = DIRECTION('',(0.,1.,0.));
#4302 = PCURVE('',#119,#4303);
#4303 = DEFINITIONAL_REPRESENTATION('',(#4304),#4308);
#4304 = LINE('',#4305,#4306);
#4305 = CARTESIAN_POINT('',(-20.1962068801,-34.974990748));
#4306 = VECTOR('',#4307,1.);
#4307 = DIRECTION('',(1.,5.518637272201E-80));
#4308 = ( GEOMETRIC_REPRESENTATION_CONTEXT(2) 
PARAMETRIC_REPRESENTATION_CONTEXT() REPRESENTATION_CONTEXT('2D SPACE',''
  ) );
#4309 = PCURVE('',#1249,#4310);
#4310 = DEFINITIONAL_REPRESENTATION('',(#4311),#4315);
#4311 = LINE('',#4312,#4313);
#4312 = CARTESIAN_POINT('',(0.,-300.));
#4313 = VECTOR('',#4314,1.);
#4314 = DIRECTION('',(1.,0.));
#4315 = ( GEOMETRIC_REPRESENTATION_CONTEXT(2) 
PARAMETRIC_REPRESENTATION_CONTEXT() REPRESENTATION_CONTEXT('2D SPACE',''
  ) );
#4316 = ORIENTED_EDGE('',*,*,#4317,.T.);
#4317 = EDGE_CURVE('',#4295,#4318,#4320,.T.);
#4318 = VERTEX_POINT('',#4319);
#4319 = CARTESIAN_POINT('',(34.969452457101,19.617644210107,150.));
#4320 = SURFACE_CURVE('',#4321,(#4325,#4332),.PCURVE_S1.);
#4321 = LINE('',#4322,#4323);
#4322 = CARTESIAN_POINT('',(34.974990748,19.504909725123,150.));
#4323 = VECTOR('',#4324,1.);
#4324 = DIRECTION('',(-4.906768132523E-02,0.998795455861,0.));
#4325 = PCURVE('',#119,#4326);
#4326 = DEFINITIONAL_REPRESENTATION('',(#4327),#4331);
#4327 = LINE('',#4328,#4329);
#4328 = CARTESIAN_POINT('',(18.813612570146,-34.974990748));
#4329 = VECTOR('',#4330,1.);
#4330 = DIRECTION('',(0.998795455861,4.906768132523E-02));
#4331 = ( GEOMETRIC_REPRESENTATION_CONTEXT(2) 
PARAMETRIC_REPRESENTATION_CONTEXT() REPRESENTATION_CONTEXT('2D SPACE',''
  ) );
#4332 = PCURVE('',#1277,#4333);
#4333 = DEFINITIONAL_REPRESENTATION('',(#4334),#4338);
#4334 = LINE('',#4335,#4336);
#4335 = CARTESIAN_POINT('',(0.,-300.));
#4336 = VECTOR('',#4337,1.);
#4337 = DIRECTION('',(1.,0.));
#4338 = ( GEOMETRIC_REPRESENTATION_CONTEXT(2) 
PARAMETRIC_REPRESENTATION_CONTEXT() REPRESENTATION_CONTEXT('2D SPACE',''
  ) );
#4339 = ORIENTED_EDGE('',*,*,#4340,.T.);
#4340 = EDGE_CURVE('',#4318,#4341,#4343,.T.);
#4341 = VERTEX_POINT('',#4342);
#4342 = CARTESIAN_POINT('',(34.952169648819,19.734155442123,150.));
#4343 = SURFACE_CURVE('',#4344,(#4348,#4355),.PCURVE_S1.);
#4344 = LINE('',#4345,#4346);
#4345 = CARTESIAN_POINT('',(34.969452457101,19.617644210107,150.));
#4346 = VECTOR('',#4347,1.);
#4347 = DIRECTION('',(-0.14673047131,0.989176510431,0.));
#4348 = PCURVE('',#119,#4349);
#4349 = DEFINITIONAL_REPRESENTATION('',(#4350),#4354);
#4350 = LINE('',#4351,#4352);
#4351 = CARTESIAN_POINT('',(18.926347055131,-34.9694524571));
#4352 = VECTOR('',#4353,1.);
#4353 = DIRECTION('',(0.989176510431,0.14673047131));
#4354 = ( GEOMETRIC_REPRESENTATION_CONTEXT(2) 
PARAMETRIC_REPRESENTATION_CONTEXT() REPRESENTATION_CONTEXT('2D SPACE',''
  ) );
#4355 = PCURVE('',#1305,#4356);
#4356 = DEFINITIONAL_REPRESENTATION('',(#4357),#4361);
#4357 = LINE('',#4358,#4359);
#4358 = CARTESIAN_POINT('',(0.,-300.));
#4359 = VECTOR('',#4360,1.);
#4360 = DIRECTION('',(1.,0.));
#4361 = ( GEOMETRIC_REPRESENTATION_CONTEXT(2) 
PARAMETRIC_REPRESENTATION_CONTEXT() REPRESENTATION_CONTEXT('2D SPACE',''
  ) );
#4362 = ORIENTED_EDGE('',*,*,#4363,.T.);
#4363 = EDGE_CURVE('',#4341,#4364,#4366,.T.);
#4364 = VERTEX_POINT('',#4365);
#4365 = CARTESIAN_POINT('',(34.923549963393,19.848411629104,150.));
#4366 = SURFACE_CURVE('',#4367,(#4371,#4378),.PCURVE_S1.);
#4367 = LINE('',#4368,#4369);
#4368 = CARTESIAN_POINT('',(34.952169648819,19.734155442123,150.));
#4369 = VECTOR('',#4370,1.);
#4370 = DIRECTION('',(-0.24298018363,0.970031252261,0.));
#4371 = PCURVE('',#119,#4372);
#4372 = DEFINITIONAL_REPRESENTATION('',(#4373),#4377);
#4373 = LINE('',#4374,#4375);
#4374 = CARTESIAN_POINT('',(19.042858287146,-34.95216964881));
#4375 = VECTOR('',#4376,1.);
#4376 = DIRECTION('',(0.970031252261,0.24298018363));
#4377 = ( GEOMETRIC_REPRESENTATION_CONTEXT(2) 
PARAMETRIC_REPRESENTATION_CONTEXT() REPRESENTATION_CONTEXT('2D SPACE',''
  ) );
#4378 = PCURVE('',#1333,#4379);
#4379 = DEFINITIONAL_REPRESENTATION('',(#4380),#4384);
#4380 = LINE('',#4381,#4382);
#4381 = CARTESIAN_POINT('',(0.,-300.));
#4382 = VECTOR('',#4383,1.);
#4383 = DIRECTION('',(1.,0.));
#4384 = ( GEOMETRIC_REPRESENTATION_CONTEXT(2) 
PARAMETRIC_REPRESENTATION_CONTEXT() REPRESENTATION_CONTEXT('2D SPACE',''
  ) );
#4385 = ORIENTED_EDGE('',*,*,#4386,.T.);
#4386 = EDGE_CURVE('',#4364,#4387,#4389,.T.);
#4387 = VERTEX_POINT('',#4388);
#4388 = CARTESIAN_POINT('',(34.883869025798,19.959312420926,150.));
#4389 = SURFACE_CURVE('',#4390,(#4394,#4401),.PCURVE_S1.);
#4390 = LINE('',#4391,#4392);
#4391 = CARTESIAN_POINT('',(34.923549963393,19.848411629104,150.));
#4392 = VECTOR('',#4393,1.);
#4393 = DIRECTION('',(-0.336889851754,0.941544065769,0.));
#4394 = PCURVE('',#119,#4395);
#4395 = DEFINITIONAL_REPRESENTATION('',(#4396),#4400);
#4396 = LINE('',#4397,#4398);
#4397 = CARTESIAN_POINT('',(19.157114474127,-34.92354996339));
#4398 = VECTOR('',#4399,1.);
#4399 = DIRECTION('',(0.941544065769,0.336889851754));
#4400 = ( GEOMETRIC_REPRESENTATION_CONTEXT(2) 
PARAMETRIC_REPRESENTATION_CONTEXT() REPRESENTATION_CONTEXT('2D SPACE',''
  ) );
#4401 = PCURVE('',#1361,#4402);
#4402 = DEFINITIONAL_REPRESENTATION('',(#4403),#4407);
#4403 = LINE('',#4404,#4405);
#4404 = CARTESIAN_POINT('',(0.,-300.));
#4405 = VECTOR('',#4406,1.);
#4406 = DIRECTION('',(1.,0.));
#4407 = ( GEOMETRIC_REPRESENTATION_CONTEXT(2) 
PARAMETRIC_REPRESENTATION_CONTEXT() REPRESENTATION_CONTEXT('2D SPACE',''
  ) );
#4408 = ORIENTED_EDGE('',*,*,#4409,.T.);
#4409 = EDGE_CURVE('',#4387,#4410,#4412,.T.);
#4410 = VERTEX_POINT('',#4411);
#4411 = CARTESIAN_POINT('',(34.833508983828,20.06578978465,150.));
#4412 = SURFACE_CURVE('',#4413,(#4417,#4424),.PCURVE_S1.);
#4413 = LINE('',#4414,#4415);
#4414 = CARTESIAN_POINT('',(34.883869025798,19.959312420926,150.));
#4415 = VECTOR('',#4416,1.);
#4416 = DIRECTION('',(-0.42755508995,0.903989294769,0.));
#4417 = PCURVE('',#119,#4418);
#4418 = DEFINITIONAL_REPRESENTATION('',(#4419),#4423);
#4419 = LINE('',#4420,#4421);
#4420 = CARTESIAN_POINT('',(19.268015265949,-34.88386902579));
#4421 = VECTOR('',#4422,1.);
#4422 = DIRECTION('',(0.903989294769,0.42755508995));
#4423 = ( GEOMETRIC_REPRESENTATION_CONTEXT(2) 
PARAMETRIC_REPRESENTATION_CONTEXT() REPRESENTATION_CONTEXT('2D SPACE',''
  ) );
#4424 = PCURVE('',#1389,#4425);
#4425 = DEFINITIONAL_REPRESENTATION('',(#4426),#4430);
#4426 = LINE('',#4427,#4428);
#4427 = CARTESIAN_POINT('',(0.,-300.));
#4428 = VECTOR('',#4429,1.);
#4429 = DIRECTION('',(1.,0.));
#4430 = ( GEOMETRIC_REPRESENTATION_CONTEXT(2) 
PARAMETRIC_REPRESENTATION_CONTEXT() REPRESENTATION_CONTEXT('2D SPACE',''
  ) );
#4431 = ORIENTED_EDGE('',*,*,#4432,.T.);
#4432 = EDGE_CURVE('',#4410,#4433,#4435,.T.);
#4433 = VERTEX_POINT('',#4434);
#4434 = CARTESIAN_POINT('',(34.772954832237,20.166818282919,150.));
#4435 = SURFACE_CURVE('',#4436,(#4440,#4447),.PCURVE_S1.);
#4436 = LINE('',#4437,#4438);
#4437 = CARTESIAN_POINT('',(34.833508983828,20.06578978465,150.));
#4438 = VECTOR('',#4439,1.);
#4439 = DIRECTION('',(-0.51410274472,0.857728609685,0.));
#4440 = PCURVE('',#119,#4441);
#4441 = DEFINITIONAL_REPRESENTATION('',(#4442),#4446);
#4442 = LINE('',#4443,#4444);
#4443 = CARTESIAN_POINT('',(19.374492629673,-34.83350898382));
#4444 = VECTOR('',#4445,1.);
#4445 = DIRECTION('',(0.857728609685,0.51410274472));
#4446 = ( GEOMETRIC_REPRESENTATION_CONTEXT(2) 
PARAMETRIC_REPRESENTATION_CONTEXT() REPRESENTATION_CONTEXT('2D SPACE',''
  ) );
#4447 = PCURVE('',#1417,#4448);
#4448 = DEFINITIONAL_REPRESENTATION('',(#4449),#4453);
#4449 = LINE('',#4450,#4451);
#4450 = CARTESIAN_POINT('',(0.,-300.));
#4451 = VECTOR('',#4452,1.);
#4452 = DIRECTION('',(1.,0.));
#4453 = ( GEOMETRIC_REPRESENTATION_CONTEXT(2) 
PARAMETRIC_REPRESENTATION_CONTEXT() REPRESENTATION_CONTEXT('2D SPACE',''
  ) );
#4454 = ORIENTED_EDGE('',*,*,#4455,.T.);
#4455 = EDGE_CURVE('',#4433,#4456,#4458,.T.);
#4456 = VERTEX_POINT('',#4457);
#4457 = CARTESIAN_POINT('',(34.702789741226,20.261424956052,150.));
#4458 = SURFACE_CURVE('',#4459,(#4463,#4470),.PCURVE_S1.);
#4459 = LINE('',#4460,#4461);
#4460 = CARTESIAN_POINT('',(34.772954832237,20.166818282919,150.));
#4461 = VECTOR('',#4462,1.);
#4462 = DIRECTION('',(-0.59569930559,0.803207530666,0.));
#4463 = PCURVE('',#119,#4464);
#4464 = DEFINITIONAL_REPRESENTATION('',(#4465),#4469);
#4465 = LINE('',#4466,#4467);
#4466 = CARTESIAN_POINT('',(19.475521127942,-34.77295483223));
#4467 = VECTOR('',#4468,1.);
#4468 = DIRECTION('',(0.803207530666,0.59569930559));
#4469 = ( GEOMETRIC_REPRESENTATION_CONTEXT(2) 
PARAMETRIC_REPRESENTATION_CONTEXT() REPRESENTATION_CONTEXT('2D SPACE',''
  ) );
#4470 = PCURVE('',#1445,#4471);
#4471 = DEFINITIONAL_REPRESENTATION('',(#4472),#4476);
#4472 = LINE('',#4473,#4474);
#4473 = CARTESIAN_POINT('',(0.,-300.));
#4474 = VECTOR('',#4475,1.);
#4475 = DIRECTION('',(1.,0.));
#4476 = ( GEOMETRIC_REPRESENTATION_CONTEXT(2) 
PARAMETRIC_REPRESENTATION_CONTEXT() REPRESENTATION_CONTEXT('2D SPACE',''
  ) );
#4477 = ORIENTED_EDGE('',*,*,#4478,.T.);
#4478 = EDGE_CURVE('',#4456,#4479,#4481,.T.);
#4479 = VERTEX_POINT('',#4480);
#4480 = CARTESIAN_POINT('',(34.623689438902,20.348698690902,150.));
#4481 = SURFACE_CURVE('',#4482,(#4486,#4493),.PCURVE_S1.);
#4482 = LINE('',#4483,#4484);
#4483 = CARTESIAN_POINT('',(34.702789741226,20.261424956052,150.));
#4484 = VECTOR('',#4485,1.);
#4485 = DIRECTION('',(-0.671558953977,0.740951126143,0.));
#4486 = PCURVE('',#119,#4487);
#4487 = DEFINITIONAL_REPRESENTATION('',(#4488),#4492);
#4488 = LINE('',#4489,#4490);
#4489 = CARTESIAN_POINT('',(19.570127801075,-34.70278974122));
#4490 = VECTOR('',#4491,1.);
#4491 = DIRECTION('',(0.740951126143,0.671558953977));
#4492 = ( GEOMETRIC_REPRESENTATION_CONTEXT(2) 
PARAMETRIC_REPRESENTATION_CONTEXT() REPRESENTATION_CONTEXT('2D SPACE',''
  ) );
#4493 = PCURVE('',#1473,#4494);
#4494 = DEFINITIONAL_REPRESENTATION('',(#4495),#4499);
#4495 = LINE('',#4496,#4497);
#4496 = CARTESIAN_POINT('',(0.,-300.));
#4497 = VECTOR('',#4498,1.);
#4498 = DIRECTION('',(1.,0.));
#4499 = ( GEOMETRIC_REPRESENTATION_CONTEXT(2) 
PARAMETRIC_REPRESENTATION_CONTEXT() REPRESENTATION_CONTEXT('2D SPACE',''
  ) );
#4500 = ORIENTED_EDGE('',*,*,#4501,.T.);
#4501 = EDGE_CURVE('',#4479,#4502,#4504,.T.);
#4502 = VERTEX_POINT('',#4503);
#4503 = CARTESIAN_POINT('',(34.536415704052,20.427798993226,150.));
#4504 = SURFACE_CURVE('',#4505,(#4509,#4516),.PCURVE_S1.);
#4505 = LINE('',#4506,#4507);
#4506 = CARTESIAN_POINT('',(34.623689438902,20.348698690902,150.));
#4507 = VECTOR('',#4508,1.);
#4508 = DIRECTION('',(-0.740951126143,0.671558953977,0.));
#4509 = PCURVE('',#119,#4510);
#4510 = DEFINITIONAL_REPRESENTATION('',(#4511),#4515);
#4511 = LINE('',#4512,#4513);
#4512 = CARTESIAN_POINT('',(19.657401535925,-34.6236894389));
#4513 = VECTOR('',#4514,1.);
#4514 = DIRECTION('',(0.671558953977,0.740951126143));
#4515 = ( GEOMETRIC_REPRESENTATION_CONTEXT(2) 
PARAMETRIC_REPRESENTATION_CONTEXT() REPRESENTATION_CONTEXT('2D SPACE',''
  ) );
#4516 = PCURVE('',#1501,#4517);
#4517 = DEFINITIONAL_REPRESENTATION('',(#4518),#4522);
#4518 = LINE('',#4519,#4520);
#4519 = CARTESIAN_POINT('',(0.,-300.));
#4520 = VECTOR('',#4521,1.);
#4521 = DIRECTION('',(1.,0.));
#4522 = ( GEOMETRIC_REPRESENTATION_CONTEXT(2) 
PARAMETRIC_REPRESENTATION_CONTEXT() REPRESENTATION_CONTEXT('2D SPACE',''
  ) );
#4523 = ORIENTED_EDGE('',*,*,#4524,.T.);
#4524 = EDGE_CURVE('',#4502,#4525,#4527,.T.);
#4525 = VERTEX_POINT('',#4526);
#4526 = CARTESIAN_POINT('',(34.447188314679,20.493974535487,150.));
#4527 = SURFACE_CURVE('',#4528,(#4532,#4539),.PCURVE_S1.);
#4528 = LINE('',#4529,#4530);
#4529 = CARTESIAN_POINT('',(34.536415704052,20.427798993226,150.));
#4530 = VECTOR('',#4531,1.);
#4531 = DIRECTION('',(-0.803207530666,0.59569930559,0.));
#4532 = PCURVE('',#119,#4533);
#4533 = DEFINITIONAL_REPRESENTATION('',(#4534),#4538);
#4534 = LINE('',#4535,#4536);
#4535 = CARTESIAN_POINT('',(19.736501838249,-34.53641570405));
#4536 = VECTOR('',#4537,1.);
#4537 = DIRECTION('',(0.59569930559,0.803207530666));
#4538 = ( GEOMETRIC_REPRESENTATION_CONTEXT(2) 
PARAMETRIC_REPRESENTATION_CONTEXT() REPRESENTATION_CONTEXT('2D SPACE',''
  ) );
#4539 = PCURVE('',#1529,#4540);
#4540 = DEFINITIONAL_REPRESENTATION('',(#4541),#4545);
#4541 = LINE('',#4542,#4543);
#4542 = CARTESIAN_POINT('',(0.,-300.));
#4543 = VECTOR('',#4544,1.);
#4544 = DIRECTION('',(1.,0.));
#4545 = ( GEOMETRIC_REPRESENTATION_CONTEXT(2) 
PARAMETRIC_REPRESENTATION_CONTEXT() REPRESENTATION_CONTEXT('2D SPACE',''
  ) );
#4546 = ORIENTED_EDGE('',*,*,#4547,.T.);
#4547 = EDGE_CURVE('',#4525,#4548,#4550,.T.);
#4548 = VERTEX_POINT('',#4549);
#4549 = CARTESIAN_POINT('',(6.062619406767,40.2,150.));
#4550 = SURFACE_CURVE('',#4551,(#4555,#4562),.PCURVE_S1.);
#4551 = LINE('',#4552,#4553);
#4552 = CARTESIAN_POINT('',(34.447188314679,20.493974535487,150.));
#4553 = VECTOR('',#4554,1.);
#4554 = DIRECTION('',(-0.821444268946,0.570288797905,0.));
#4555 = PCURVE('',#119,#4556);
#4556 = DEFINITIONAL_REPRESENTATION('',(#4557),#4561);
#4557 = LINE('',#4558,#4559);
#4558 = CARTESIAN_POINT('',(19.80267738051,-34.44718831467));
#4559 = VECTOR('',#4560,1.);
#4560 = DIRECTION('',(0.570288797905,0.821444268946));
#4561 = ( GEOMETRIC_REPRESENTATION_CONTEXT(2) 
PARAMETRIC_REPRESENTATION_CONTEXT() REPRESENTATION_CONTEXT('2D SPACE',''
  ) );
#4562 = PCURVE('',#1557,#4563);
#4563 = DEFINITIONAL_REPRESENTATION('',(#4564),#4568);
#4564 = LINE('',#4565,#4566);
#4565 = CARTESIAN_POINT('',(0.,-300.));
#4566 = VECTOR('',#4567,1.);
#4567 = DIRECTION('',(1.,0.));
#4568 = ( GEOMETRIC_REPRESENTATION_CONTEXT(2) 
PARAMETRIC_REPRESENTATION_CONTEXT() REPRESENTATION_CONTEXT('2D SPACE',''
  ) );
#4569 = ORIENTED_EDGE('',*,*,#4570,.T.);
#4570 = EDGE_CURVE('',#4548,#4571,#4573,.T.);
#4571 = VERTEX_POINT('',#4572);
#4572 = CARTESIAN_POINT('',(-6.062619406767,40.2,150.));
#4573 = SURFACE_CURVE('',#4574,(#4578,#4585),.PCURVE_S1.);
#4574 = LINE('',#4575,#4576);
#4575 = CARTESIAN_POINT('',(6.062619406767,40.2,150.));
#4576 = VECTOR('',#4577,1.);
#4577 = DIRECTION('',(-1.,0.,0.));
#4578 = PCURVE('',#119,#4579);
#4579 = DEFINITIONAL_REPRESENTATION('',(#4580),#4584);
#4580 = LINE('',#4581,#4582);
#4581 = CARTESIAN_POINT('',(39.508702845023,-6.062619406767));
#4582 = VECTOR('',#4583,1.);
#4583 = DIRECTION('',(0.,1.));
#4584 = ( GEOMETRIC_REPRESENTATION_CONTEXT(2) 
PARAMETRIC_REPRESENTATION_CONTEXT() REPRESENTATION_CONTEXT('2D SPACE',''
  ) );
#4585 = PCURVE('',#1585,#4586);
#4586 = DEFINITIONAL_REPRESENTATION('',(#4587),#4591);
#4587 = LINE('',#4588,#4589);
#4588 = CARTESIAN_POINT('',(0.,-300.));
#4589 = VECTOR('',#4590,1.);
#4590 = DIRECTION('',(1.,0.));
#4591 = ( GEOMETRIC_REPRESENTATION_CONTEXT(2) 
PARAMETRIC_REPRESENTATION_CONTEXT() REPRESENTATION_CONTEXT('2D SPACE',''
  ) );
#4592 = ORIENTED_EDGE('',*,*,#4593,.T.);
#4593 = EDGE_CURVE('',#4571,#4594,#4596,.T.);
#4594 = VERTEX_POINT('',#4595);
#4595 = CARTESIAN_POINT('',(-34.44718831467,20.493974535487,150.));
#4596 = SURFACE_CURVE('',#4597,(#4601,#4608),.PCURVE_S1.);
#4597 = LINE('',#4598,#4599);
#4598 = CARTESIAN_POINT('',(-6.062619406767,40.2,150.));
#4599 = VECTOR('',#4600,1.);
#4600 = DIRECTION('',(-0.821444268946,-0.570288797905,0.));
#4601 = PCURVE('',#119,#4602);
#4602 = DEFINITIONAL_REPRESENTATION('',(#4603),#4607);
#4603 = LINE('',#4604,#4605);
#4604 = CARTESIAN_POINT('',(39.508702845023,6.062619406767));
#4605 = VECTOR('',#4606,1.);
#4606 = DIRECTION('',(-0.570288797905,0.821444268946));
#4607 = ( GEOMETRIC_REPRESENTATION_CONTEXT(2) 
PARAMETRIC_REPRESENTATION_CONTEXT() REPRESENTATION_CONTEXT('2D SPACE',''
  ) );
#4608 = PCURVE('',#1613,#4609);
#4609 = DEFINITIONAL_REPRESENTATION('',(#4610),#4614);
#4610 = LINE('',#4611,#4612);
#4611 = CARTESIAN_POINT('',(0.,-300.));
#4612 = VECTOR('',#4613,1.);
#4613 = DIRECTION('',(1.,0.));
#4614 = ( GEOMETRIC_REPRESENTATION_CONTEXT(2) 
PARAMETRIC_REPRESENTATION_CONTEXT() REPRESENTATION_CONTEXT('2D SPACE',''
  ) );
#4615 = ORIENTED_EDGE('',*,*,#4616,.T.);
#4616 = EDGE_CURVE('',#4594,#4617,#4619,.T.);
#4617 = VERTEX_POINT('',#4618);
#4618 = CARTESIAN_POINT('',(-34.53641570405,20.427798993226,150.));
#4619 = SURFACE_CURVE('',#4620,(#4624,#4631),.PCURVE_S1.);
#4620 = LINE('',#4621,#4622);
#4621 = CARTESIAN_POINT('',(-34.44718831467,20.493974535487,150.));
#4622 = VECTOR('',#4623,1.);
#4623 = DIRECTION('',(-0.803207530666,-0.59569930559,0.));
#4624 = PCURVE('',#119,#4625);
#4625 = DEFINITIONAL_REPRESENTATION('',(#4626),#4630);
#4626 = LINE('',#4627,#4628);
#4627 = CARTESIAN_POINT('',(19.80267738051,34.447188314679));
#4628 = VECTOR('',#4629,1.);
#4629 = DIRECTION('',(-0.59569930559,0.803207530666));
#4630 = ( GEOMETRIC_REPRESENTATION_CONTEXT(2) 
PARAMETRIC_REPRESENTATION_CONTEXT() REPRESENTATION_CONTEXT('2D SPACE',''
  ) );
#4631 = PCURVE('',#1641,#4632);
#4632 = DEFINITIONAL_REPRESENTATION('',(#4633),#4637);
#4633 = LINE('',#4634,#4635);
#4634 = CARTESIAN_POINT('',(0.,-300.));
#4635 = VECTOR('',#4636,1.);
#4636 = DIRECTION('',(1.,0.));
#4637 = ( GEOMETRIC_REPRESENTATION_CONTEXT(2) 
PARAMETRIC_REPRESENTATION_CONTEXT() REPRESENTATION_CONTEXT('2D SPACE',''
  ) );
#4638 = ORIENTED_EDGE('',*,*,#4639,.T.);
#4639 = EDGE_CURVE('',#4617,#4640,#4642,.T.);
#4640 = VERTEX_POINT('',#4641);
#4641 = CARTESIAN_POINT('',(-34.6236894389,20.348698690902,150.));
#4642 = SURFACE_CURVE('',#4643,(#4647,#4654),.PCURVE_S1.);
#4643 = LINE('',#4644,#4645);
#4644 = CARTESIAN_POINT('',(-34.53641570405,20.427798993226,150.));
#4645 = VECTOR('',#4646,1.);
#4646 = DIRECTION('',(-0.740951126143,-0.671558953977,0.));
#4647 = PCURVE('',#119,#4648);
#4648 = DEFINITIONAL_REPRESENTATION('',(#4649),#4653);
#4649 = LINE('',#4650,#4651);
#4650 = CARTESIAN_POINT('',(19.736501838249,34.536415704052));
#4651 = VECTOR('',#4652,1.);
#4652 = DIRECTION('',(-0.671558953977,0.740951126143));
#4653 = ( GEOMETRIC_REPRESENTATION_CONTEXT(2) 
PARAMETRIC_REPRESENTATION_CONTEXT() REPRESENTATION_CONTEXT('2D SPACE',''
  ) );
#4654 = PCURVE('',#1669,#4655);
#4655 = DEFINITIONAL_REPRESENTATION('',(#4656),#4660);
#4656 = LINE('',#4657,#4658);
#4657 = CARTESIAN_POINT('',(0.,-300.));
#4658 = VECTOR('',#4659,1.);
#4659 = DIRECTION('',(1.,0.));
#4660 = ( GEOMETRIC_REPRESENTATION_CONTEXT(2) 
PARAMETRIC_REPRESENTATION_CONTEXT() REPRESENTATION_CONTEXT('2D SPACE',''
  ) );
#4661 = ORIENTED_EDGE('',*,*,#4662,.T.);
#4662 = EDGE_CURVE('',#4640,#4663,#4665,.T.);
#4663 = VERTEX_POINT('',#4664);
#4664 = CARTESIAN_POINT('',(-34.70278974122,20.261424956052,150.));
#4665 = SURFACE_CURVE('',#4666,(#4670,#4677),.PCURVE_S1.);
#4666 = LINE('',#4667,#4668);
#4667 = CARTESIAN_POINT('',(-34.6236894389,20.348698690902,150.));
#4668 = VECTOR('',#4669,1.);
#4669 = DIRECTION('',(-0.671558953977,-0.740951126143,0.));
#4670 = PCURVE('',#119,#4671);
#4671 = DEFINITIONAL_REPRESENTATION('',(#4672),#4676);
#4672 = LINE('',#4673,#4674);
#4673 = CARTESIAN_POINT('',(19.657401535925,34.623689438902));
#4674 = VECTOR('',#4675,1.);
#4675 = DIRECTION('',(-0.740951126143,0.671558953977));
#4676 = ( GEOMETRIC_REPRESENTATION_CONTEXT(2) 
PARAMETRIC_REPRESENTATION_CONTEXT() REPRESENTATION_CONTEXT('2D SPACE',''
  ) );
#4677 = PCURVE('',#1697,#4678);
#4678 = DEFINITIONAL_REPRESENTATION('',(#4679),#4683);
#4679 = LINE('',#4680,#4681);
#4680 = CARTESIAN_POINT('',(0.,-300.));
#4681 = VECTOR('',#4682,1.);
#4682 = DIRECTION('',(1.,0.));
#4683 = ( GEOMETRIC_REPRESENTATION_CONTEXT(2) 
PARAMETRIC_REPRESENTATION_CONTEXT() REPRESENTATION_CONTEXT('2D SPACE',''
  ) );
#4684 = ORIENTED_EDGE('',*,*,#4685,.T.);
#4685 = EDGE_CURVE('',#4663,#4686,#4688,.T.);
#4686 = VERTEX_POINT('',#4687);
#4687 = CARTESIAN_POINT('',(-34.77295483223,20.166818282919,150.));
#4688 = SURFACE_CURVE('',#4689,(#4693,#4700),.PCURVE_S1.);
#4689 = LINE('',#4690,#4691);
#4690 = CARTESIAN_POINT('',(-34.70278974122,20.261424956052,150.));
#4691 = VECTOR('',#4692,1.);
#4692 = DIRECTION('',(-0.59569930559,-0.803207530666,0.));
#4693 = PCURVE('',#119,#4694);
#4694 = DEFINITIONAL_REPRESENTATION('',(#4695),#4699);
#4695 = LINE('',#4696,#4697);
#4696 = CARTESIAN_POINT('',(19.570127801075,34.702789741226));
#4697 = VECTOR('',#4698,1.);
#4698 = DIRECTION('',(-0.803207530666,0.59569930559));
#4699 = ( GEOMETRIC_REPRESENTATION_CONTEXT(2) 
PARAMETRIC_REPRESENTATION_CONTEXT() REPRESENTATION_CONTEXT('2D SPACE',''
  ) );
#4700 = PCURVE('',#1725,#4701);
#4701 = DEFINITIONAL_REPRESENTATION('',(#4702),#4706);
#4702 = LINE('',#4703,#4704);
#4703 = CARTESIAN_POINT('',(0.,-300.));
#4704 = VECTOR('',#4705,1.);
#4705 = DIRECTION('',(1.,0.));
#4706 = ( GEOMETRIC_REPRESENTATION_CONTEXT(2) 
PARAMETRIC_REPRESENTATION_CONTEXT() REPRESENTATION_CONTEXT('2D SPACE',''
  ) );
#4707 = ORIENTED_EDGE('',*,*,#4708,.T.);
#4708 = EDGE_CURVE('',#4686,#4709,#4711,.T.);
#4709 = VERTEX_POINT('',#4710);
#4710 = CARTESIAN_POINT('',(-34.83350898382,20.06578978465,150.));
#4711 = SURFACE_CURVE('',#4712,(#4716,#4723),.PCURVE_S1.);
#4712 = LINE('',#4713,#4714);
#4713 = CARTESIAN_POINT('',(-34.77295483223,20.166818282919,150.));
#4714 = VECTOR('',#4715,1.);
#4715 = DIRECTION('',(-0.51410274472,-0.857728609685,0.));
#4716 = PCURVE('',#119,#4717);
#4717 = DEFINITIONAL_REPRESENTATION('',(#4718),#4722);
#4718 = LINE('',#4719,#4720);
#4719 = CARTESIAN_POINT('',(19.475521127942,34.772954832237));
#4720 = VECTOR('',#4721,1.);
#4721 = DIRECTION('',(-0.857728609685,0.51410274472));
#4722 = ( GEOMETRIC_REPRESENTATION_CONTEXT(2) 
PARAMETRIC_REPRESENTATION_CONTEXT() REPRESENTATION_CONTEXT('2D SPACE',''
  ) );
#4723 = PCURVE('',#1753,#4724);
#4724 = DEFINITIONAL_REPRESENTATION('',(#4725),#4729);
#4725 = LINE('',#4726,#4727);
#4726 = CARTESIAN_POINT('',(0.,-300.));
#4727 = VECTOR('',#4728,1.);
#4728 = DIRECTION('',(1.,0.));
#4729 = ( GEOMETRIC_REPRESENTATION_CONTEXT(2) 
PARAMETRIC_REPRESENTATION_CONTEXT() REPRESENTATION_CONTEXT('2D SPACE',''
  ) );
#4730 = ORIENTED_EDGE('',*,*,#4731,.T.);
#4731 = EDGE_CURVE('',#4709,#4732,#4734,.T.);
#4732 = VERTEX_POINT('',#4733);
#4733 = CARTESIAN_POINT('',(-34.88386902579,19.959312420926,150.));
#4734 = SURFACE_CURVE('',#4735,(#4739,#4746),.PCURVE_S1.);
#4735 = LINE('',#4736,#4737);
#4736 = CARTESIAN_POINT('',(-34.83350898382,20.06578978465,150.));
#4737 = VECTOR('',#4738,1.);
#4738 = DIRECTION('',(-0.42755508995,-0.903989294769,0.));
#4739 = PCURVE('',#119,#4740);
#4740 = DEFINITIONAL_REPRESENTATION('',(#4741),#4745);
#4741 = LINE('',#4742,#4743);
#4742 = CARTESIAN_POINT('',(19.374492629673,34.833508983828));
#4743 = VECTOR('',#4744,1.);
#4744 = DIRECTION('',(-0.903989294769,0.42755508995));
#4745 = ( GEOMETRIC_REPRESENTATION_CONTEXT(2) 
PARAMETRIC_REPRESENTATION_CONTEXT() REPRESENTATION_CONTEXT('2D SPACE',''
  ) );
#4746 = PCURVE('',#1781,#4747);
#4747 = DEFINITIONAL_REPRESENTATION('',(#4748),#4752);
#4748 = LINE('',#4749,#4750);
#4749 = CARTESIAN_POINT('',(0.,-300.));
#4750 = VECTOR('',#4751,1.);
#4751 = DIRECTION('',(1.,0.));
#4752 = ( GEOMETRIC_REPRESENTATION_CONTEXT(2) 
PARAMETRIC_REPRESENTATION_CONTEXT() REPRESENTATION_CONTEXT('2D SPACE',''
  ) );
#4753 = ORIENTED_EDGE('',*,*,#4754,.T.);
#4754 = EDGE_CURVE('',#4732,#4755,#4757,.T.);
#4755 = VERTEX_POINT('',#4756);
#4756 = CARTESIAN_POINT('',(-34.92354996339,19.848411629104,150.));
#4757 = SURFACE_CURVE('',#4758,(#4762,#4769),.PCURVE_S1.);
#4758 = LINE('',#4759,#4760);
#4759 = CARTESIAN_POINT('',(-34.88386902579,19.959312420926,150.));
#4760 = VECTOR('',#4761,1.);
#4761 = DIRECTION('',(-0.336889851754,-0.941544065769,0.));
#4762 = PCURVE('',#119,#4763);
#4763 = DEFINITIONAL_REPRESENTATION('',(#4764),#4768);
#4764 = LINE('',#4765,#4766);
#4765 = CARTESIAN_POINT('',(19.268015265949,34.883869025798));
#4766 = VECTOR('',#4767,1.);
#4767 = DIRECTION('',(-0.941544065769,0.336889851754));
#4768 = ( GEOMETRIC_REPRESENTATION_CONTEXT(2) 
PARAMETRIC_REPRESENTATION_CONTEXT() REPRESENTATION_CONTEXT('2D SPACE',''
  ) );
#4769 = PCURVE('',#1809,#4770);
#4770 = DEFINITIONAL_REPRESENTATION('',(#4771),#4775);
#4771 = LINE('',#4772,#4773);
#4772 = CARTESIAN_POINT('',(0.,-300.));
#4773 = VECTOR('',#4774,1.);
#4774 = DIRECTION('',(1.,0.));
#4775 = ( GEOMETRIC_REPRESENTATION_CONTEXT(2) 
PARAMETRIC_REPRESENTATION_CONTEXT() REPRESENTATION_CONTEXT('2D SPACE',''
  ) );
#4776 = ORIENTED_EDGE('',*,*,#4777,.T.);
#4777 = EDGE_CURVE('',#4755,#4778,#4780,.T.);
#4778 = VERTEX_POINT('',#4779);
#4779 = CARTESIAN_POINT('',(-34.95216964881,19.734155442123,150.));
#4780 = SURFACE_CURVE('',#4781,(#4785,#4792),.PCURVE_S1.);
#4781 = LINE('',#4782,#4783);
#4782 = CARTESIAN_POINT('',(-34.92354996339,19.848411629104,150.));
#4783 = VECTOR('',#4784,1.);
#4784 = DIRECTION('',(-0.24298018363,-0.970031252261,0.));
#4785 = PCURVE('',#119,#4786);
#4786 = DEFINITIONAL_REPRESENTATION('',(#4787),#4791);
#4787 = LINE('',#4788,#4789);
#4788 = CARTESIAN_POINT('',(19.157114474127,34.923549963393));
#4789 = VECTOR('',#4790,1.);
#4790 = DIRECTION('',(-0.970031252261,0.24298018363));
#4791 = ( GEOMETRIC_REPRESENTATION_CONTEXT(2) 
PARAMETRIC_REPRESENTATION_CONTEXT() REPRESENTATION_CONTEXT('2D SPACE',''
  ) );
#4792 = PCURVE('',#1837,#4793);
#4793 = DEFINITIONAL_REPRESENTATION('',(#4794),#4798);
#4794 = LINE('',#4795,#4796);
#4795 = CARTESIAN_POINT('',(0.,-300.));
#4796 = VECTOR('',#4797,1.);
#4797 = DIRECTION('',(1.,0.));
#4798 = ( GEOMETRIC_REPRESENTATION_CONTEXT(2) 
PARAMETRIC_REPRESENTATION_CONTEXT() REPRESENTATION_CONTEXT('2D SPACE',''
  ) );
#4799 = ORIENTED_EDGE('',*,*,#4800,.T.);
#4800 = EDGE_CURVE('',#4778,#4801,#4803,.T.);
#4801 = VERTEX_POINT('',#4802);
#4802 = CARTESIAN_POINT('',(-34.9694524571,19.617644210107,150.));
#4803 = SURFACE_CURVE('',#4804,(#4808,#4815),.PCURVE_S1.);
#4804 = LINE('',#4805,#4806);
#4805 = CARTESIAN_POINT('',(-34.95216964881,19.734155442123,150.));
#4806 = VECTOR('',#4807,1.);
#4807 = DIRECTION('',(-0.14673047131,-0.989176510431,0.));
#4808 = PCURVE('',#119,#4809);
#4809 = DEFINITIONAL_REPRESENTATION('',(#4810),#4814);
#4810 = LINE('',#4811,#4812);
#4811 = CARTESIAN_POINT('',(19.042858287146,34.952169648819));
#4812 = VECTOR('',#4813,1.);
#4813 = DIRECTION('',(-0.989176510431,0.14673047131));
#4814 = ( GEOMETRIC_REPRESENTATION_CONTEXT(2) 
PARAMETRIC_REPRESENTATION_CONTEXT() REPRESENTATION_CONTEXT('2D SPACE',''
  ) );
#4815 = PCURVE('',#1865,#4816);
#4816 = DEFINITIONAL_REPRESENTATION('',(#4817),#4821);
#4817 = LINE('',#4818,#4819);
#4818 = CARTESIAN_POINT('',(0.,-300.));
#4819 = VECTOR('',#4820,1.);
#4820 = DIRECTION('',(1.,0.));
#4821 = ( GEOMETRIC_REPRESENTATION_CONTEXT(2) 
PARAMETRIC_REPRESENTATION_CONTEXT() REPRESENTATION_CONTEXT('2D SPACE',''
  ) );
#4822 = ORIENTED_EDGE('',*,*,#4823,.T.);
#4823 = EDGE_CURVE('',#4801,#191,#4824,.T.);
#4824 = SURFACE_CURVE('',#4825,(#4829,#4836),.PCURVE_S1.);
#4825 = LINE('',#4826,#4827);
#4826 = CARTESIAN_POINT('',(-34.9694524571,19.617644210107,150.));
#4827 = VECTOR('',#4828,1.);
#4828 = DIRECTION('',(-4.906768132523E-02,-0.998795455861,0.));
#4829 = PCURVE('',#119,#4830);
#4830 = DEFINITIONAL_REPRESENTATION('',(#4831),#4835);
#4831 = LINE('',#4832,#4833);
#4832 = CARTESIAN_POINT('',(18.926347055131,34.969452457101));
#4833 = VECTOR('',#4834,1.);
#4834 = DIRECTION('',(-0.998795455861,4.906768132523E-02));
#4835 = ( GEOMETRIC_REPRESENTATION_CONTEXT(2) 
PARAMETRIC_REPRESENTATION_CONTEXT() REPRESENTATION_CONTEXT('2D SPACE',''
  ) );
#4836 = PCURVE('',#206,#4837);
#4837 = DEFINITIONAL_REPRESENTATION('',(#4838),#4842);
#4838 = LINE('',#4839,#4840);
#4839 = CARTESIAN_POINT('',(0.,-300.));
#4840 = VECTOR('',#4841,1.);
#4841 = DIRECTION('',(1.,0.));
#4842 = ( GEOMETRIC_REPRESENTATION_CONTEXT(2) 
PARAMETRIC_REPRESENTATION_CONTEXT() REPRESENTATION_CONTEXT('2D SPACE',''
  ) );
#4843 = ORIENTED_EDGE('',*,*,#218,.T.);
#4844 = FACE_BOUND('',#4845,.T.);
#4845 = EDGE_LOOP('',(#4846,#4871,#4894,#4917,#4940,#4963,#4986,#5009,
    #5032,#5055,#5078,#5101,#5124,#5147,#5170,#5193,#5216,#5239,#5262,
    #5285,#5308,#5331,#5354,#5377,#5400,#5423,#5446,#5469,#5492,#5515,
    #5538,#5561,#5584,#5607,#5630,#5653,#5676,#5699,#5722,#5745,#5768,
    #5791,#5814,#5837,#5860,#5883,#5906,#5929,#5952,#5975,#5998,#6021,
    #6044,#6067,#6090,#6113,#6136,#6159,#6182));
#4846 = ORIENTED_EDGE('',*,*,#4847,.F.);
#4847 = EDGE_CURVE('',#4848,#4850,#4852,.T.);
#4848 = VERTEX_POINT('',#4849);
#4849 = CARTESIAN_POINT('',(-34.774990748,-19.5,150.));
#4850 = VERTEX_POINT('',#4851);
#4851 = CARTESIAN_POINT('',(-34.770175474,-19.59801714,150.));
#4852 = SURFACE_CURVE('',#4853,(#4857,#4864),.PCURVE_S1.);
#4853 = LINE('',#4854,#4855);
#4854 = CARTESIAN_POINT('',(-34.774990748,-19.5,150.));
#4855 = VECTOR('',#4856,1.);
#4856 = DIRECTION('',(4.906768132522E-02,-0.998795455861,0.));
#4857 = PCURVE('',#119,#4858);
#4858 = DEFINITIONAL_REPRESENTATION('',(#4859),#4863);
#4859 = LINE('',#4860,#4861);
#4860 = CARTESIAN_POINT('',(-20.19129715497,34.774990748));
#4861 = VECTOR('',#4862,1.);
#4862 = DIRECTION('',(-0.998795455861,-4.906768132522E-02));
#4863 = ( GEOMETRIC_REPRESENTATION_CONTEXT(2) 
PARAMETRIC_REPRESENTATION_CONTEXT() REPRESENTATION_CONTEXT('2D SPACE',''
  ) );
#4864 = PCURVE('',#1919,#4865);
#4865 = DEFINITIONAL_REPRESENTATION('',(#4866),#4870);
#4866 = LINE('',#4867,#4868);
#4867 = CARTESIAN_POINT('',(0.,-300.));
#4868 = VECTOR('',#4869,1.);
#4869 = DIRECTION('',(1.,0.));
#4870 = ( GEOMETRIC_REPRESENTATION_CONTEXT(2) 
PARAMETRIC_REPRESENTATION_CONTEXT() REPRESENTATION_CONTEXT('2D SPACE',''
  ) );
#4871 = ORIENTED_EDGE('',*,*,#4872,.F.);
#4872 = EDGE_CURVE('',#4873,#4848,#4875,.T.);
#4873 = VERTEX_POINT('',#4874);
#4874 = CARTESIAN_POINT('',(-34.774990748,19.5,150.));
#4875 = SURFACE_CURVE('',#4876,(#4880,#4887),.PCURVE_S1.);
#4876 = LINE('',#4877,#4878);
#4877 = CARTESIAN_POINT('',(-34.774990748,19.5,150.));
#4878 = VECTOR('',#4879,1.);
#4879 = DIRECTION('',(0.,-1.,0.));
#4880 = PCURVE('',#119,#4881);
#4881 = DEFINITIONAL_REPRESENTATION('',(#4882),#4886);
#4882 = LINE('',#4883,#4884);
#4883 = CARTESIAN_POINT('',(18.808702845023,34.774990748));
#4884 = VECTOR('',#4885,1.);
#4885 = DIRECTION('',(-1.,-5.518637272201E-80));
#4886 = ( GEOMETRIC_REPRESENTATION_CONTEXT(2) 
PARAMETRIC_REPRESENTATION_CONTEXT() REPRESENTATION_CONTEXT('2D SPACE',''
  ) );
#4887 = PCURVE('',#1947,#4888);
#4888 = DEFINITIONAL_REPRESENTATION('',(#4889),#4893);
#4889 = LINE('',#4890,#4891);
#4890 = CARTESIAN_POINT('',(0.,-300.));
#4891 = VECTOR('',#4892,1.);
#4892 = DIRECTION('',(1.,0.));
#4893 = ( GEOMETRIC_REPRESENTATION_CONTEXT(2) 
PARAMETRIC_REPRESENTATION_CONTEXT() REPRESENTATION_CONTEXT('2D SPACE',''
  ) );
#4894 = ORIENTED_EDGE('',*,*,#4895,.F.);
#4895 = EDGE_CURVE('',#4896,#4873,#4898,.T.);
#4896 = VERTEX_POINT('',#4897);
#4897 = CARTESIAN_POINT('',(-34.770175474,19.59801714,150.));
#4898 = SURFACE_CURVE('',#4899,(#4903,#4910),.PCURVE_S1.);
#4899 = LINE('',#4900,#4901);
#4900 = CARTESIAN_POINT('',(-34.770175474,19.59801714,150.));
#4901 = VECTOR('',#4902,1.);
#4902 = DIRECTION('',(-4.906768132522E-02,-0.998795455861,0.));
#4903 = PCURVE('',#119,#4904);
#4904 = DEFINITIONAL_REPRESENTATION('',(#4905),#4909);
#4905 = LINE('',#4906,#4907);
#4906 = CARTESIAN_POINT('',(18.906719985023,34.770175474));
#4907 = VECTOR('',#4908,1.);
#4908 = DIRECTION('',(-0.998795455861,4.906768132522E-02));
#4909 = ( GEOMETRIC_REPRESENTATION_CONTEXT(2) 
PARAMETRIC_REPRESENTATION_CONTEXT() REPRESENTATION_CONTEXT('2D SPACE',''
  ) );
#4910 = PCURVE('',#1975,#4911);
#4911 = DEFINITIONAL_REPRESENTATION('',(#4912),#4916);
#4912 = LINE('',#4913,#4914);
#4913 = CARTESIAN_POINT('',(0.,-300.));
#4914 = VECTOR('',#4915,1.);
#4915 = DIRECTION('',(1.,0.));
#4916 = ( GEOMETRIC_REPRESENTATION_CONTEXT(2) 
PARAMETRIC_REPRESENTATION_CONTEXT() REPRESENTATION_CONTEXT('2D SPACE',''
  ) );
#4917 = ORIENTED_EDGE('',*,*,#4918,.F.);
#4918 = EDGE_CURVE('',#4919,#4896,#4921,.T.);
#4919 = VERTEX_POINT('',#4920);
#4920 = CARTESIAN_POINT('',(-34.755776028,19.695090322,150.));
#4921 = SURFACE_CURVE('',#4922,(#4926,#4933),.PCURVE_S1.);
#4922 = LINE('',#4923,#4924);
#4923 = CARTESIAN_POINT('',(-34.755776028,19.695090322,150.));
#4924 = VECTOR('',#4925,1.);
#4925 = DIRECTION('',(-0.14673047131,-0.989176510431,0.));
#4926 = PCURVE('',#119,#4927);
#4927 = DEFINITIONAL_REPRESENTATION('',(#4928),#4932);
#4928 = LINE('',#4929,#4930);
#4929 = CARTESIAN_POINT('',(19.003793167023,34.755776028));
#4930 = VECTOR('',#4931,1.);
#4931 = DIRECTION('',(-0.989176510431,0.14673047131));
#4932 = ( GEOMETRIC_REPRESENTATION_CONTEXT(2) 
PARAMETRIC_REPRESENTATION_CONTEXT() REPRESENTATION_CONTEXT('2D SPACE',''
  ) );
#4933 = PCURVE('',#2003,#4934);
#4934 = DEFINITIONAL_REPRESENTATION('',(#4935),#4939);
#4935 = LINE('',#4936,#4937);
#4936 = CARTESIAN_POINT('',(0.,-300.));
#4937 = VECTOR('',#4938,1.);
#4938 = DIRECTION('',(1.,0.));
#4939 = ( GEOMETRIC_REPRESENTATION_CONTEXT(2) 
PARAMETRIC_REPRESENTATION_CONTEXT() REPRESENTATION_CONTEXT('2D SPACE',''
  ) );
#4940 = ORIENTED_EDGE('',*,*,#4941,.F.);
#4941 = EDGE_CURVE('',#4942,#4919,#4944,.T.);
#4942 = VERTEX_POINT('',#4943);
#4943 = CARTESIAN_POINT('',(-34.731931083,19.790284677,150.));
#4944 = SURFACE_CURVE('',#4945,(#4949,#4956),.PCURVE_S1.);
#4945 = LINE('',#4946,#4947);
#4946 = CARTESIAN_POINT('',(-34.731931083,19.790284677,150.));
#4947 = VECTOR('',#4948,1.);
#4948 = DIRECTION('',(-0.24298018363,-0.970031252261,0.));
#4949 = PCURVE('',#119,#4950);
#4950 = DEFINITIONAL_REPRESENTATION('',(#4951),#4955);
#4951 = LINE('',#4952,#4953);
#4952 = CARTESIAN_POINT('',(19.098987522023,34.731931083));
#4953 = VECTOR('',#4954,1.);
#4954 = DIRECTION('',(-0.970031252261,0.24298018363));
#4955 = ( GEOMETRIC_REPRESENTATION_CONTEXT(2) 
PARAMETRIC_REPRESENTATION_CONTEXT() REPRESENTATION_CONTEXT('2D SPACE',''
  ) );
#4956 = PCURVE('',#2031,#4957);
#4957 = DEFINITIONAL_REPRESENTATION('',(#4958),#4962);
#4958 = LINE('',#4959,#4960);
#4959 = CARTESIAN_POINT('',(0.,-300.));
#4960 = VECTOR('',#4961,1.);
#4961 = DIRECTION('',(1.,0.));
#4962 = ( GEOMETRIC_REPRESENTATION_CONTEXT(2) 
PARAMETRIC_REPRESENTATION_CONTEXT() REPRESENTATION_CONTEXT('2D SPACE',''
  ) );
#4963 = ORIENTED_EDGE('',*,*,#4964,.F.);
#4964 = EDGE_CURVE('',#4965,#4942,#4967,.T.);
#4965 = VERTEX_POINT('',#4966);
#4966 = CARTESIAN_POINT('',(-34.69887028,19.882683432,150.));
#4967 = SURFACE_CURVE('',#4968,(#4972,#4979),.PCURVE_S1.);
#4968 = LINE('',#4969,#4970);
#4969 = CARTESIAN_POINT('',(-34.69887028,19.882683432,150.));
#4970 = VECTOR('',#4971,1.);
#4971 = DIRECTION('',(-0.336889851754,-0.941544065769,0.));
#4972 = PCURVE('',#119,#4973);
#4973 = DEFINITIONAL_REPRESENTATION('',(#4974),#4978);
#4974 = LINE('',#4975,#4976);
#4975 = CARTESIAN_POINT('',(19.191386277023,34.69887028));
#4976 = VECTOR('',#4977,1.);
#4977 = DIRECTION('',(-0.941544065769,0.336889851754));
#4978 = ( GEOMETRIC_REPRESENTATION_CONTEXT(2) 
PARAMETRIC_REPRESENTATION_CONTEXT() REPRESENTATION_CONTEXT('2D SPACE',''
  ) );
#4979 = PCURVE('',#2059,#4980);
#4980 = DEFINITIONAL_REPRESENTATION('',(#4981),#4985);
#4981 = LINE('',#4982,#4983);
#4982 = CARTESIAN_POINT('',(0.,-300.));
#4983 = VECTOR('',#4984,1.);
#4984 = DIRECTION('',(1.,0.));
#4985 = ( GEOMETRIC_REPRESENTATION_CONTEXT(2) 
PARAMETRIC_REPRESENTATION_CONTEXT() REPRESENTATION_CONTEXT('2D SPACE',''
  ) );
#4986 = ORIENTED_EDGE('',*,*,#4987,.F.);
#4987 = EDGE_CURVE('',#4988,#4965,#4990,.T.);
#4988 = VERTEX_POINT('',#4989);
#4989 = CARTESIAN_POINT('',(-34.656912012,19.971396737,150.));
#4990 = SURFACE_CURVE('',#4991,(#4995,#5002),.PCURVE_S1.);
#4991 = LINE('',#4992,#4993);
#4992 = CARTESIAN_POINT('',(-34.656912012,19.971396737,150.));
#4993 = VECTOR('',#4994,1.);
#4994 = DIRECTION('',(-0.42755508995,-0.903989294769,0.));
#4995 = PCURVE('',#119,#4996);
#4996 = DEFINITIONAL_REPRESENTATION('',(#4997),#5001);
#4997 = LINE('',#4998,#4999);
#4998 = CARTESIAN_POINT('',(19.280099582023,34.656912012));
#4999 = VECTOR('',#5000,1.);
#5000 = DIRECTION('',(-0.903989294769,0.42755508995));
#5001 = ( GEOMETRIC_REPRESENTATION_CONTEXT(2) 
PARAMETRIC_REPRESENTATION_CONTEXT() REPRESENTATION_CONTEXT('2D SPACE',''
  ) );
#5002 = PCURVE('',#2087,#5003);
#5003 = DEFINITIONAL_REPRESENTATION('',(#5004),#5008);
#5004 = LINE('',#5005,#5006);
#5005 = CARTESIAN_POINT('',(0.,-300.));
#5006 = VECTOR('',#5007,1.);
#5007 = DIRECTION('',(1.,0.));
#5008 = ( GEOMETRIC_REPRESENTATION_CONTEXT(2) 
PARAMETRIC_REPRESENTATION_CONTEXT() REPRESENTATION_CONTEXT('2D SPACE',''
  ) );
#5009 = ORIENTED_EDGE('',*,*,#5010,.F.);
#5010 = EDGE_CURVE('',#5011,#4988,#5013,.T.);
#5011 = VERTEX_POINT('',#5012);
#5012 = CARTESIAN_POINT('',(-34.60646036,20.055570233,150.));
#5013 = SURFACE_CURVE('',#5014,(#5018,#5025),.PCURVE_S1.);
#5014 = LINE('',#5015,#5016);
#5015 = CARTESIAN_POINT('',(-34.60646036,20.055570233,150.));
#5016 = VECTOR('',#5017,1.);
#5017 = DIRECTION('',(-0.51410274472,-0.857728609685,0.));
#5018 = PCURVE('',#119,#5019);
#5019 = DEFINITIONAL_REPRESENTATION('',(#5020),#5024);
#5020 = LINE('',#5021,#5022);
#5021 = CARTESIAN_POINT('',(19.364273078023,34.60646036));
#5022 = VECTOR('',#5023,1.);
#5023 = DIRECTION('',(-0.857728609685,0.51410274472));
#5024 = ( GEOMETRIC_REPRESENTATION_CONTEXT(2) 
PARAMETRIC_REPRESENTATION_CONTEXT() REPRESENTATION_CONTEXT('2D SPACE',''
  ) );
#5025 = PCURVE('',#2115,#5026);
#5026 = DEFINITIONAL_REPRESENTATION('',(#5027),#5031);
#5027 = LINE('',#5028,#5029);
#5028 = CARTESIAN_POINT('',(0.,-300.));
#5029 = VECTOR('',#5030,1.);
#5030 = DIRECTION('',(1.,0.));
#5031 = ( GEOMETRIC_REPRESENTATION_CONTEXT(2) 
PARAMETRIC_REPRESENTATION_CONTEXT() REPRESENTATION_CONTEXT('2D SPACE',''
  ) );
#5032 = ORIENTED_EDGE('',*,*,#5033,.F.);
#5033 = EDGE_CURVE('',#5034,#5011,#5036,.T.);
#5034 = VERTEX_POINT('',#5035);
#5035 = CARTESIAN_POINT('',(-34.548001201,20.134393284,150.));
#5036 = SURFACE_CURVE('',#5037,(#5041,#5048),.PCURVE_S1.);
#5037 = LINE('',#5038,#5039);
#5038 = CARTESIAN_POINT('',(-34.548001201,20.134393284,150.));
#5039 = VECTOR('',#5040,1.);
#5040 = DIRECTION('',(-0.59569930559,-0.803207530666,0.));
#5041 = PCURVE('',#119,#5042);
#5042 = DEFINITIONAL_REPRESENTATION('',(#5043),#5047);
#5043 = LINE('',#5044,#5045);
#5044 = CARTESIAN_POINT('',(19.443096129023,34.548001201));
#5045 = VECTOR('',#5046,1.);
#5046 = DIRECTION('',(-0.803207530666,0.59569930559));
#5047 = ( GEOMETRIC_REPRESENTATION_CONTEXT(2) 
PARAMETRIC_REPRESENTATION_CONTEXT() REPRESENTATION_CONTEXT('2D SPACE',''
  ) );
#5048 = PCURVE('',#2143,#5049);
#5049 = DEFINITIONAL_REPRESENTATION('',(#5050),#5054);
#5050 = LINE('',#5051,#5052);
#5051 = CARTESIAN_POINT('',(0.,-300.));
#5052 = VECTOR('',#5053,1.);
#5053 = DIRECTION('',(1.,0.));
#5054 = ( GEOMETRIC_REPRESENTATION_CONTEXT(2) 
PARAMETRIC_REPRESENTATION_CONTEXT() REPRESENTATION_CONTEXT('2D SPACE',''
  ) );
#5055 = ORIENTED_EDGE('',*,*,#5056,.F.);
#5056 = EDGE_CURVE('',#5057,#5034,#5059,.T.);
#5057 = VERTEX_POINT('',#5058);
#5058 = CARTESIAN_POINT('',(-34.482097529,20.207106781,150.));
#5059 = SURFACE_CURVE('',#5060,(#5064,#5071),.PCURVE_S1.);
#5060 = LINE('',#5061,#5062);
#5061 = CARTESIAN_POINT('',(-34.482097529,20.207106781,150.));
#5062 = VECTOR('',#5063,1.);
#5063 = DIRECTION('',(-0.671558953977,-0.740951126143,0.));
#5064 = PCURVE('',#119,#5065);
#5065 = DEFINITIONAL_REPRESENTATION('',(#5066),#5070);
#5066 = LINE('',#5067,#5068);
#5067 = CARTESIAN_POINT('',(19.515809626023,34.482097529));
#5068 = VECTOR('',#5069,1.);
#5069 = DIRECTION('',(-0.740951126143,0.671558953977));
#5070 = ( GEOMETRIC_REPRESENTATION_CONTEXT(2) 
PARAMETRIC_REPRESENTATION_CONTEXT() REPRESENTATION_CONTEXT('2D SPACE',''
  ) );
#5071 = PCURVE('',#2171,#5072);
#5072 = DEFINITIONAL_REPRESENTATION('',(#5073),#5077);
#5073 = LINE('',#5074,#5075);
#5074 = CARTESIAN_POINT('',(0.,-300.));
#5075 = VECTOR('',#5076,1.);
#5076 = DIRECTION('',(1.,0.));
#5077 = ( GEOMETRIC_REPRESENTATION_CONTEXT(2) 
PARAMETRIC_REPRESENTATION_CONTEXT() REPRESENTATION_CONTEXT('2D SPACE',''
  ) );
#5078 = ORIENTED_EDGE('',*,*,#5079,.F.);
#5079 = EDGE_CURVE('',#5080,#5057,#5082,.T.);
#5080 = VERTEX_POINT('',#5081);
#5081 = CARTESIAN_POINT('',(-34.409384032,20.273010453,150.));
#5082 = SURFACE_CURVE('',#5083,(#5087,#5094),.PCURVE_S1.);
#5083 = LINE('',#5084,#5085);
#5084 = CARTESIAN_POINT('',(-34.409384032,20.273010453,150.));
#5085 = VECTOR('',#5086,1.);
#5086 = DIRECTION('',(-0.740951126143,-0.671558953977,0.));
#5087 = PCURVE('',#119,#5088);
#5088 = DEFINITIONAL_REPRESENTATION('',(#5089),#5093);
#5089 = LINE('',#5090,#5091);
#5090 = CARTESIAN_POINT('',(19.581713298023,34.409384032));
#5091 = VECTOR('',#5092,1.);
#5092 = DIRECTION('',(-0.671558953977,0.740951126143));
#5093 = ( GEOMETRIC_REPRESENTATION_CONTEXT(2) 
PARAMETRIC_REPRESENTATION_CONTEXT() REPRESENTATION_CONTEXT('2D SPACE',''
  ) );
#5094 = PCURVE('',#2199,#5095);
#5095 = DEFINITIONAL_REPRESENTATION('',(#5096),#5100);
#5096 = LINE('',#5097,#5098);
#5097 = CARTESIAN_POINT('',(0.,-300.));
#5098 = VECTOR('',#5099,1.);
#5099 = DIRECTION('',(1.,0.));
#5100 = ( GEOMETRIC_REPRESENTATION_CONTEXT(2) 
PARAMETRIC_REPRESENTATION_CONTEXT() REPRESENTATION_CONTEXT('2D SPACE',''
  ) );
#5101 = ORIENTED_EDGE('',*,*,#5102,.F.);
#5102 = EDGE_CURVE('',#5103,#5080,#5105,.T.);
#5103 = VERTEX_POINT('',#5104);
#5104 = CARTESIAN_POINT('',(-34.330560981,20.331469612,150.));
#5105 = SURFACE_CURVE('',#5106,(#5110,#5117),.PCURVE_S1.);
#5106 = LINE('',#5107,#5108);
#5107 = CARTESIAN_POINT('',(-34.330560981,20.331469612,150.));
#5108 = VECTOR('',#5109,1.);
#5109 = DIRECTION('',(-0.803207530666,-0.59569930559,0.));
#5110 = PCURVE('',#119,#5111);
#5111 = DEFINITIONAL_REPRESENTATION('',(#5112),#5116);
#5112 = LINE('',#5113,#5114);
#5113 = CARTESIAN_POINT('',(19.640172457023,34.330560981));
#5114 = VECTOR('',#5115,1.);
#5115 = DIRECTION('',(-0.59569930559,0.803207530666));
#5116 = ( GEOMETRIC_REPRESENTATION_CONTEXT(2) 
PARAMETRIC_REPRESENTATION_CONTEXT() REPRESENTATION_CONTEXT('2D SPACE',''
  ) );
#5117 = PCURVE('',#2227,#5118);
#5118 = DEFINITIONAL_REPRESENTATION('',(#5119),#5123);
#5119 = LINE('',#5120,#5121);
#5120 = CARTESIAN_POINT('',(0.,-300.));
#5121 = VECTOR('',#5122,1.);
#5122 = DIRECTION('',(1.,0.));
#5123 = ( GEOMETRIC_REPRESENTATION_CONTEXT(2) 
PARAMETRIC_REPRESENTATION_CONTEXT() REPRESENTATION_CONTEXT('2D SPACE',''
  ) );
#5124 = ORIENTED_EDGE('',*,*,#5125,.F.);
#5125 = EDGE_CURVE('',#5126,#5103,#5128,.T.);
#5126 = VERTEX_POINT('',#5127);
#5127 = CARTESIAN_POINT('',(-6.,40.,150.));
#5128 = SURFACE_CURVE('',#5129,(#5133,#5140),.PCURVE_S1.);
#5129 = LINE('',#5130,#5131);
#5130 = CARTESIAN_POINT('',(-6.,40.,150.));
#5131 = VECTOR('',#5132,1.);
#5132 = DIRECTION('',(-0.821444268946,-0.570288797905,0.));
#5133 = PCURVE('',#119,#5134);
#5134 = DEFINITIONAL_REPRESENTATION('',(#5135),#5139);
#5135 = LINE('',#5136,#5137);
#5136 = CARTESIAN_POINT('',(39.308702845023,6.));
#5137 = VECTOR('',#5138,1.);
#5138 = DIRECTION('',(-0.570288797905,0.821444268946));
#5139 = ( GEOMETRIC_REPRESENTATION_CONTEXT(2) 
PARAMETRIC_REPRESENTATION_CONTEXT() REPRESENTATION_CONTEXT('2D SPACE',''
  ) );
#5140 = PCURVE('',#2255,#5141);
#5141 = DEFINITIONAL_REPRESENTATION('',(#5142),#5146);
#5142 = LINE('',#5143,#5144);
#5143 = CARTESIAN_POINT('',(0.,-300.));
#5144 = VECTOR('',#5145,1.);
#5145 = DIRECTION('',(1.,0.));
#5146 = ( GEOMETRIC_REPRESENTATION_CONTEXT(2) 
PARAMETRIC_REPRESENTATION_CONTEXT() REPRESENTATION_CONTEXT('2D SPACE',''
  ) );
#5147 = ORIENTED_EDGE('',*,*,#5148,.F.);
#5148 = EDGE_CURVE('',#5149,#5126,#5151,.T.);
#5149 = VERTEX_POINT('',#5150);
#5150 = CARTESIAN_POINT('',(6.,40.,150.));
#5151 = SURFACE_CURVE('',#5152,(#5156,#5163),.PCURVE_S1.);
#5152 = LINE('',#5153,#5154);
#5153 = CARTESIAN_POINT('',(6.,40.,150.));
#5154 = VECTOR('',#5155,1.);
#5155 = DIRECTION('',(-1.,0.,0.));
#5156 = PCURVE('',#119,#5157);
#5157 = DEFINITIONAL_REPRESENTATION('',(#5158),#5162);
#5158 = LINE('',#5159,#5160);
#5159 = CARTESIAN_POINT('',(39.308702845023,-6.));
#5160 = VECTOR('',#5161,1.);
#5161 = DIRECTION('',(0.,1.));
#5162 = ( GEOMETRIC_REPRESENTATION_CONTEXT(2) 
PARAMETRIC_REPRESENTATION_CONTEXT() REPRESENTATION_CONTEXT('2D SPACE',''
  ) );
#5163 = PCURVE('',#2283,#5164);
#5164 = DEFINITIONAL_REPRESENTATION('',(#5165),#5169);
#5165 = LINE('',#5166,#5167);
#5166 = CARTESIAN_POINT('',(0.,-300.));
#5167 = VECTOR('',#5168,1.);
#5168 = DIRECTION('',(1.,0.));
#5169 = ( GEOMETRIC_REPRESENTATION_CONTEXT(2) 
PARAMETRIC_REPRESENTATION_CONTEXT() REPRESENTATION_CONTEXT('2D SPACE',''
  ) );
#5170 = ORIENTED_EDGE('',*,*,#5171,.F.);
#5171 = EDGE_CURVE('',#5172,#5149,#5174,.T.);
#5172 = VERTEX_POINT('',#5173);
#5173 = CARTESIAN_POINT('',(34.330560981,20.331469612,150.));
#5174 = SURFACE_CURVE('',#5175,(#5179,#5186),.PCURVE_S1.);
#5175 = LINE('',#5176,#5177);
#5176 = CARTESIAN_POINT('',(34.330560981,20.331469612,150.));
#5177 = VECTOR('',#5178,1.);
#5178 = DIRECTION('',(-0.821444268946,0.570288797905,0.));
#5179 = PCURVE('',#119,#5180);
#5180 = DEFINITIONAL_REPRESENTATION('',(#5181),#5185);
#5181 = LINE('',#5182,#5183);
#5182 = CARTESIAN_POINT('',(19.640172457023,-34.330560981));
#5183 = VECTOR('',#5184,1.);
#5184 = DIRECTION('',(0.570288797905,0.821444268946));
#5185 = ( GEOMETRIC_REPRESENTATION_CONTEXT(2) 
PARAMETRIC_REPRESENTATION_CONTEXT() REPRESENTATION_CONTEXT('2D SPACE',''
  ) );
#5186 = PCURVE('',#2311,#5187);
#5187 = DEFINITIONAL_REPRESENTATION('',(#5188),#5192);
#5188 = LINE('',#5189,#5190);
#5189 = CARTESIAN_POINT('',(0.,-300.));
#5190 = VECTOR('',#5191,1.);
#5191 = DIRECTION('',(1.,0.));
#5192 = ( GEOMETRIC_REPRESENTATION_CONTEXT(2) 
PARAMETRIC_REPRESENTATION_CONTEXT() REPRESENTATION_CONTEXT('2D SPACE',''
  ) );
#5193 = ORIENTED_EDGE('',*,*,#5194,.F.);
#5194 = EDGE_CURVE('',#5195,#5172,#5197,.T.);
#5195 = VERTEX_POINT('',#5196);
#5196 = CARTESIAN_POINT('',(34.409384032,20.273010453,150.));
#5197 = SURFACE_CURVE('',#5198,(#5202,#5209),.PCURVE_S1.);
#5198 = LINE('',#5199,#5200);
#5199 = CARTESIAN_POINT('',(34.409384032,20.273010453,150.));
#5200 = VECTOR('',#5201,1.);
#5201 = DIRECTION('',(-0.803207530666,0.59569930559,0.));
#5202 = PCURVE('',#119,#5203);
#5203 = DEFINITIONAL_REPRESENTATION('',(#5204),#5208);
#5204 = LINE('',#5205,#5206);
#5205 = CARTESIAN_POINT('',(19.581713298023,-34.409384032));
#5206 = VECTOR('',#5207,1.);
#5207 = DIRECTION('',(0.59569930559,0.803207530666));
#5208 = ( GEOMETRIC_REPRESENTATION_CONTEXT(2) 
PARAMETRIC_REPRESENTATION_CONTEXT() REPRESENTATION_CONTEXT('2D SPACE',''
  ) );
#5209 = PCURVE('',#2339,#5210);
#5210 = DEFINITIONAL_REPRESENTATION('',(#5211),#5215);
#5211 = LINE('',#5212,#5213);
#5212 = CARTESIAN_POINT('',(0.,-300.));
#5213 = VECTOR('',#5214,1.);
#5214 = DIRECTION('',(1.,0.));
#5215 = ( GEOMETRIC_REPRESENTATION_CONTEXT(2) 
PARAMETRIC_REPRESENTATION_CONTEXT() REPRESENTATION_CONTEXT('2D SPACE',''
  ) );
#5216 = ORIENTED_EDGE('',*,*,#5217,.F.);
#5217 = EDGE_CURVE('',#5218,#5195,#5220,.T.);
#5218 = VERTEX_POINT('',#5219);
#5219 = CARTESIAN_POINT('',(34.482097529,20.207106781,150.));
#5220 = SURFACE_CURVE('',#5221,(#5225,#5232),.PCURVE_S1.);
#5221 = LINE('',#5222,#5223);
#5222 = CARTESIAN_POINT('',(34.482097529,20.207106781,150.));
#5223 = VECTOR('',#5224,1.);
#5224 = DIRECTION('',(-0.740951126143,0.671558953977,0.));
#5225 = PCURVE('',#119,#5226);
#5226 = DEFINITIONAL_REPRESENTATION('',(#5227),#5231);
#5227 = LINE('',#5228,#5229);
#5228 = CARTESIAN_POINT('',(19.515809626023,-34.482097529));
#5229 = VECTOR('',#5230,1.);
#5230 = DIRECTION('',(0.671558953977,0.740951126143));
#5231 = ( GEOMETRIC_REPRESENTATION_CONTEXT(2) 
PARAMETRIC_REPRESENTATION_CONTEXT() REPRESENTATION_CONTEXT('2D SPACE',''
  ) );
#5232 = PCURVE('',#2367,#5233);
#5233 = DEFINITIONAL_REPRESENTATION('',(#5234),#5238);
#5234 = LINE('',#5235,#5236);
#5235 = CARTESIAN_POINT('',(0.,-300.));
#5236 = VECTOR('',#5237,1.);
#5237 = DIRECTION('',(1.,0.));
#5238 = ( GEOMETRIC_REPRESENTATION_CONTEXT(2) 
PARAMETRIC_REPRESENTATION_CONTEXT() REPRESENTATION_CONTEXT('2D SPACE',''
  ) );
#5239 = ORIENTED_EDGE('',*,*,#5240,.F.);
#5240 = EDGE_CURVE('',#5241,#5218,#5243,.T.);
#5241 = VERTEX_POINT('',#5242);
#5242 = CARTESIAN_POINT('',(34.548001201,20.134393284,150.));
#5243 = SURFACE_CURVE('',#5244,(#5248,#5255),.PCURVE_S1.);
#5244 = LINE('',#5245,#5246);
#5245 = CARTESIAN_POINT('',(34.548001201,20.134393284,150.));
#5246 = VECTOR('',#5247,1.);
#5247 = DIRECTION('',(-0.671558953977,0.740951126143,0.));
#5248 = PCURVE('',#119,#5249);
#5249 = DEFINITIONAL_REPRESENTATION('',(#5250),#5254);
#5250 = LINE('',#5251,#5252);
#5251 = CARTESIAN_POINT('',(19.443096129023,-34.548001201));
#5252 = VECTOR('',#5253,1.);
#5253 = DIRECTION('',(0.740951126143,0.671558953977));
#5254 = ( GEOMETRIC_REPRESENTATION_CONTEXT(2) 
PARAMETRIC_REPRESENTATION_CONTEXT() REPRESENTATION_CONTEXT('2D SPACE',''
  ) );
#5255 = PCURVE('',#2395,#5256);
#5256 = DEFINITIONAL_REPRESENTATION('',(#5257),#5261);
#5257 = LINE('',#5258,#5259);
#5258 = CARTESIAN_POINT('',(0.,-300.));
#5259 = VECTOR('',#5260,1.);
#5260 = DIRECTION('',(1.,0.));
#5261 = ( GEOMETRIC_REPRESENTATION_CONTEXT(2) 
PARAMETRIC_REPRESENTATION_CONTEXT() REPRESENTATION_CONTEXT('2D SPACE',''
  ) );
#5262 = ORIENTED_EDGE('',*,*,#5263,.F.);
#5263 = EDGE_CURVE('',#5264,#5241,#5266,.T.);
#5264 = VERTEX_POINT('',#5265);
#5265 = CARTESIAN_POINT('',(34.60646036,20.055570233,150.));
#5266 = SURFACE_CURVE('',#5267,(#5271,#5278),.PCURVE_S1.);
#5267 = LINE('',#5268,#5269);
#5268 = CARTESIAN_POINT('',(34.60646036,20.055570233,150.));
#5269 = VECTOR('',#5270,1.);
#5270 = DIRECTION('',(-0.59569930559,0.803207530666,0.));
#5271 = PCURVE('',#119,#5272);
#5272 = DEFINITIONAL_REPRESENTATION('',(#5273),#5277);
#5273 = LINE('',#5274,#5275);
#5274 = CARTESIAN_POINT('',(19.364273078023,-34.60646036));
#5275 = VECTOR('',#5276,1.);
#5276 = DIRECTION('',(0.803207530666,0.59569930559));
#5277 = ( GEOMETRIC_REPRESENTATION_CONTEXT(2) 
PARAMETRIC_REPRESENTATION_CONTEXT() REPRESENTATION_CONTEXT('2D SPACE',''
  ) );
#5278 = PCURVE('',#2423,#5279);
#5279 = DEFINITIONAL_REPRESENTATION('',(#5280),#5284);
#5280 = LINE('',#5281,#5282);
#5281 = CARTESIAN_POINT('',(0.,-300.));
#5282 = VECTOR('',#5283,1.);
#5283 = DIRECTION('',(1.,0.));
#5284 = ( GEOMETRIC_REPRESENTATION_CONTEXT(2) 
PARAMETRIC_REPRESENTATION_CONTEXT() REPRESENTATION_CONTEXT('2D SPACE',''
  ) );
#5285 = ORIENTED_EDGE('',*,*,#5286,.F.);
#5286 = EDGE_CURVE('',#5287,#5264,#5289,.T.);
#5287 = VERTEX_POINT('',#5288);
#5288 = CARTESIAN_POINT('',(34.656912012,19.971396737,150.));
#5289 = SURFACE_CURVE('',#5290,(#5294,#5301),.PCURVE_S1.);
#5290 = LINE('',#5291,#5292);
#5291 = CARTESIAN_POINT('',(34.656912012,19.971396737,150.));
#5292 = VECTOR('',#5293,1.);
#5293 = DIRECTION('',(-0.51410274472,0.857728609685,0.));
#5294 = PCURVE('',#119,#5295);
#5295 = DEFINITIONAL_REPRESENTATION('',(#5296),#5300);
#5296 = LINE('',#5297,#5298);
#5297 = CARTESIAN_POINT('',(19.280099582023,-34.656912012));
#5298 = VECTOR('',#5299,1.);
#5299 = DIRECTION('',(0.857728609685,0.51410274472));
#5300 = ( GEOMETRIC_REPRESENTATION_CONTEXT(2) 
PARAMETRIC_REPRESENTATION_CONTEXT() REPRESENTATION_CONTEXT('2D SPACE',''
  ) );
#5301 = PCURVE('',#2451,#5302);
#5302 = DEFINITIONAL_REPRESENTATION('',(#5303),#5307);
#5303 = LINE('',#5304,#5305);
#5304 = CARTESIAN_POINT('',(0.,-300.));
#5305 = VECTOR('',#5306,1.);
#5306 = DIRECTION('',(1.,0.));
#5307 = ( GEOMETRIC_REPRESENTATION_CONTEXT(2) 
PARAMETRIC_REPRESENTATION_CONTEXT() REPRESENTATION_CONTEXT('2D SPACE',''
  ) );
#5308 = ORIENTED_EDGE('',*,*,#5309,.F.);
#5309 = EDGE_CURVE('',#5310,#5287,#5312,.T.);
#5310 = VERTEX_POINT('',#5311);
#5311 = CARTESIAN_POINT('',(34.69887028,19.882683432,150.));
#5312 = SURFACE_CURVE('',#5313,(#5317,#5324),.PCURVE_S1.);
#5313 = LINE('',#5314,#5315);
#5314 = CARTESIAN_POINT('',(34.69887028,19.882683432,150.));
#5315 = VECTOR('',#5316,1.);
#5316 = DIRECTION('',(-0.42755508995,0.903989294769,0.));
#5317 = PCURVE('',#119,#5318);
#5318 = DEFINITIONAL_REPRESENTATION('',(#5319),#5323);
#5319 = LINE('',#5320,#5321);
#5320 = CARTESIAN_POINT('',(19.191386277023,-34.69887028));
#5321 = VECTOR('',#5322,1.);
#5322 = DIRECTION('',(0.903989294769,0.42755508995));
#5323 = ( GEOMETRIC_REPRESENTATION_CONTEXT(2) 
PARAMETRIC_REPRESENTATION_CONTEXT() REPRESENTATION_CONTEXT('2D SPACE',''
  ) );
#5324 = PCURVE('',#2479,#5325);
#5325 = DEFINITIONAL_REPRESENTATION('',(#5326),#5330);
#5326 = LINE('',#5327,#5328);
#5327 = CARTESIAN_POINT('',(0.,-300.));
#5328 = VECTOR('',#5329,1.);
#5329 = DIRECTION('',(1.,0.));
#5330 = ( GEOMETRIC_REPRESENTATION_CONTEXT(2) 
PARAMETRIC_REPRESENTATION_CONTEXT() REPRESENTATION_CONTEXT('2D SPACE',''
  ) );
#5331 = ORIENTED_EDGE('',*,*,#5332,.F.);
#5332 = EDGE_CURVE('',#5333,#5310,#5335,.T.);
#5333 = VERTEX_POINT('',#5334);
#5334 = CARTESIAN_POINT('',(34.731931083,19.790284677,150.));
#5335 = SURFACE_CURVE('',#5336,(#5340,#5347),.PCURVE_S1.);
#5336 = LINE('',#5337,#5338);
#5337 = CARTESIAN_POINT('',(34.731931083,19.790284677,150.));
#5338 = VECTOR('',#5339,1.);
#5339 = DIRECTION('',(-0.336889851754,0.941544065769,0.));
#5340 = PCURVE('',#119,#5341);
#5341 = DEFINITIONAL_REPRESENTATION('',(#5342),#5346);
#5342 = LINE('',#5343,#5344);
#5343 = CARTESIAN_POINT('',(19.098987522023,-34.731931083));
#5344 = VECTOR('',#5345,1.);
#5345 = DIRECTION('',(0.941544065769,0.336889851754));
#5346 = ( GEOMETRIC_REPRESENTATION_CONTEXT(2) 
PARAMETRIC_REPRESENTATION_CONTEXT() REPRESENTATION_CONTEXT('2D SPACE',''
  ) );
#5347 = PCURVE('',#2507,#5348);
#5348 = DEFINITIONAL_REPRESENTATION('',(#5349),#5353);
#5349 = LINE('',#5350,#5351);
#5350 = CARTESIAN_POINT('',(0.,-300.));
#5351 = VECTOR('',#5352,1.);
#5352 = DIRECTION('',(1.,0.));
#5353 = ( GEOMETRIC_REPRESENTATION_CONTEXT(2) 
PARAMETRIC_REPRESENTATION_CONTEXT() REPRESENTATION_CONTEXT('2D SPACE',''
  ) );
#5354 = ORIENTED_EDGE('',*,*,#5355,.F.);
#5355 = EDGE_CURVE('',#5356,#5333,#5358,.T.);
#5356 = VERTEX_POINT('',#5357);
#5357 = CARTESIAN_POINT('',(34.755776028,19.695090322,150.));
#5358 = SURFACE_CURVE('',#5359,(#5363,#5370),.PCURVE_S1.);
#5359 = LINE('',#5360,#5361);
#5360 = CARTESIAN_POINT('',(34.755776028,19.695090322,150.));
#5361 = VECTOR('',#5362,1.);
#5362 = DIRECTION('',(-0.24298018363,0.970031252261,0.));
#5363 = PCURVE('',#119,#5364);
#5364 = DEFINITIONAL_REPRESENTATION('',(#5365),#5369);
#5365 = LINE('',#5366,#5367);
#5366 = CARTESIAN_POINT('',(19.003793167023,-34.755776028));
#5367 = VECTOR('',#5368,1.);
#5368 = DIRECTION('',(0.970031252261,0.24298018363));
#5369 = ( GEOMETRIC_REPRESENTATION_CONTEXT(2) 
PARAMETRIC_REPRESENTATION_CONTEXT() REPRESENTATION_CONTEXT('2D SPACE',''
  ) );
#5370 = PCURVE('',#2535,#5371);
#5371 = DEFINITIONAL_REPRESENTATION('',(#5372),#5376);
#5372 = LINE('',#5373,#5374);
#5373 = CARTESIAN_POINT('',(0.,-300.));
#5374 = VECTOR('',#5375,1.);
#5375 = DIRECTION('',(1.,0.));
#5376 = ( GEOMETRIC_REPRESENTATION_CONTEXT(2) 
PARAMETRIC_REPRESENTATION_CONTEXT() REPRESENTATION_CONTEXT('2D SPACE',''
  ) );
#5377 = ORIENTED_EDGE('',*,*,#5378,.F.);
#5378 = EDGE_CURVE('',#5379,#5356,#5381,.T.);
#5379 = VERTEX_POINT('',#5380);
#5380 = CARTESIAN_POINT('',(34.770175474,19.59801714,150.));
#5381 = SURFACE_CURVE('',#5382,(#5386,#5393),.PCURVE_S1.);
#5382 = LINE('',#5383,#5384);
#5383 = CARTESIAN_POINT('',(34.770175474,19.59801714,150.));
#5384 = VECTOR('',#5385,1.);
#5385 = DIRECTION('',(-0.14673047131,0.989176510431,0.));
#5386 = PCURVE('',#119,#5387);
#5387 = DEFINITIONAL_REPRESENTATION('',(#5388),#5392);
#5388 = LINE('',#5389,#5390);
#5389 = CARTESIAN_POINT('',(18.906719985023,-34.770175474));
#5390 = VECTOR('',#5391,1.);
#5391 = DIRECTION('',(0.989176510431,0.14673047131));
#5392 = ( GEOMETRIC_REPRESENTATION_CONTEXT(2) 
PARAMETRIC_REPRESENTATION_CONTEXT() REPRESENTATION_CONTEXT('2D SPACE',''
  ) );
#5393 = PCURVE('',#2563,#5394);
#5394 = DEFINITIONAL_REPRESENTATION('',(#5395),#5399);
#5395 = LINE('',#5396,#5397);
#5396 = CARTESIAN_POINT('',(0.,-300.));
#5397 = VECTOR('',#5398,1.);
#5398 = DIRECTION('',(1.,0.));
#5399 = ( GEOMETRIC_REPRESENTATION_CONTEXT(2) 
PARAMETRIC_REPRESENTATION_CONTEXT() REPRESENTATION_CONTEXT('2D SPACE',''
  ) );
#5400 = ORIENTED_EDGE('',*,*,#5401,.F.);
#5401 = EDGE_CURVE('',#5402,#5379,#5404,.T.);
#5402 = VERTEX_POINT('',#5403);
#5403 = CARTESIAN_POINT('',(34.774990748,19.5,150.));
#5404 = SURFACE_CURVE('',#5405,(#5409,#5416),.PCURVE_S1.);
#5405 = LINE('',#5406,#5407);
#5406 = CARTESIAN_POINT('',(34.774990748,19.5,150.));
#5407 = VECTOR('',#5408,1.);
#5408 = DIRECTION('',(-4.906768132522E-02,0.998795455861,0.));
#5409 = PCURVE('',#119,#5410);
#5410 = DEFINITIONAL_REPRESENTATION('',(#5411),#5415);
#5411 = LINE('',#5412,#5413);
#5412 = CARTESIAN_POINT('',(18.808702845023,-34.774990748));
#5413 = VECTOR('',#5414,1.);
#5414 = DIRECTION('',(0.998795455861,4.906768132522E-02));
#5415 = ( GEOMETRIC_REPRESENTATION_CONTEXT(2) 
PARAMETRIC_REPRESENTATION_CONTEXT() REPRESENTATION_CONTEXT('2D SPACE',''
  ) );
#5416 = PCURVE('',#2591,#5417);
#5417 = DEFINITIONAL_REPRESENTATION('',(#5418),#5422);
#5418 = LINE('',#5419,#5420);
#5419 = CARTESIAN_POINT('',(0.,-300.));
#5420 = VECTOR('',#5421,1.);
#5421 = DIRECTION('',(1.,0.));
#5422 = ( GEOMETRIC_REPRESENTATION_CONTEXT(2) 
PARAMETRIC_REPRESENTATION_CONTEXT() REPRESENTATION_CONTEXT('2D SPACE',''
  ) );
#5423 = ORIENTED_EDGE('',*,*,#5424,.F.);
#5424 = EDGE_CURVE('',#5425,#5402,#5427,.T.);
#5425 = VERTEX_POINT('',#5426);
#5426 = CARTESIAN_POINT('',(34.774990748,-19.5,150.));
#5427 = SURFACE_CURVE('',#5428,(#5432,#5439),.PCURVE_S1.);
#5428 = LINE('',#5429,#5430);
#5429 = CARTESIAN_POINT('',(34.774990748,-19.5,150.));
#5430 = VECTOR('',#5431,1.);
#5431 = DIRECTION('',(0.,1.,0.));
#5432 = PCURVE('',#119,#5433);
#5433 = DEFINITIONAL_REPRESENTATION('',(#5434),#5438);
#5434 = LINE('',#5435,#5436);
#5435 = CARTESIAN_POINT('',(-20.19129715497,-34.774990748));
#5436 = VECTOR('',#5437,1.);
#5437 = DIRECTION('',(1.,5.518637272201E-80));
#5438 = ( GEOMETRIC_REPRESENTATION_CONTEXT(2) 
PARAMETRIC_REPRESENTATION_CONTEXT() REPRESENTATION_CONTEXT('2D SPACE',''
  ) );
#5439 = PCURVE('',#2619,#5440);
#5440 = DEFINITIONAL_REPRESENTATION('',(#5441),#5445);
#5441 = LINE('',#5442,#5443);
#5442 = CARTESIAN_POINT('',(0.,-300.));
#5443 = VECTOR('',#5444,1.);
#5444 = DIRECTION('',(1.,0.));
#5445 = ( GEOMETRIC_REPRESENTATION_CONTEXT(2) 
PARAMETRIC_REPRESENTATION_CONTEXT() REPRESENTATION_CONTEXT('2D SPACE',''
  ) );
#5446 = ORIENTED_EDGE('',*,*,#5447,.F.);
#5447 = EDGE_CURVE('',#5448,#5425,#5450,.T.);
#5448 = VERTEX_POINT('',#5449);
#5449 = CARTESIAN_POINT('',(34.770175474,-19.59801714,150.));
#5450 = SURFACE_CURVE('',#5451,(#5455,#5462),.PCURVE_S1.);
#5451 = LINE('',#5452,#5453);
#5452 = CARTESIAN_POINT('',(34.770175474,-19.59801714,150.));
#5453 = VECTOR('',#5454,1.);
#5454 = DIRECTION('',(4.906768132522E-02,0.998795455861,0.));
#5455 = PCURVE('',#119,#5456);
#5456 = DEFINITIONAL_REPRESENTATION('',(#5457),#5461);
#5457 = LINE('',#5458,#5459);
#5458 = CARTESIAN_POINT('',(-20.28931429497,-34.770175474));
#5459 = VECTOR('',#5460,1.);
#5460 = DIRECTION('',(0.998795455861,-4.906768132522E-02));
#5461 = ( GEOMETRIC_REPRESENTATION_CONTEXT(2) 
PARAMETRIC_REPRESENTATION_CONTEXT() REPRESENTATION_CONTEXT('2D SPACE',''
  ) );
#5462 = PCURVE('',#2647,#5463);
#5463 = DEFINITIONAL_REPRESENTATION('',(#5464),#5468);
#5464 = LINE('',#5465,#5466);
#5465 = CARTESIAN_POINT('',(0.,-300.));
#5466 = VECTOR('',#5467,1.);
#5467 = DIRECTION('',(1.,0.));
#5468 = ( GEOMETRIC_REPRESENTATION_CONTEXT(2) 
PARAMETRIC_REPRESENTATION_CONTEXT() REPRESENTATION_CONTEXT('2D SPACE',''
  ) );
#5469 = ORIENTED_EDGE('',*,*,#5470,.F.);
#5470 = EDGE_CURVE('',#5471,#5448,#5473,.T.);
#5471 = VERTEX_POINT('',#5472);
#5472 = CARTESIAN_POINT('',(34.755776028,-19.695090322,150.));
#5473 = SURFACE_CURVE('',#5474,(#5478,#5485),.PCURVE_S1.);
#5474 = LINE('',#5475,#5476);
#5475 = CARTESIAN_POINT('',(34.755776028,-19.695090322,150.));
#5476 = VECTOR('',#5477,1.);
#5477 = DIRECTION('',(0.14673047131,0.989176510431,0.));
#5478 = PCURVE('',#119,#5479);
#5479 = DEFINITIONAL_REPRESENTATION('',(#5480),#5484);
#5480 = LINE('',#5481,#5482);
#5481 = CARTESIAN_POINT('',(-20.38638747697,-34.755776028));
#5482 = VECTOR('',#5483,1.);
#5483 = DIRECTION('',(0.989176510431,-0.14673047131));
#5484 = ( GEOMETRIC_REPRESENTATION_CONTEXT(2) 
PARAMETRIC_REPRESENTATION_CONTEXT() REPRESENTATION_CONTEXT('2D SPACE',''
  ) );
#5485 = PCURVE('',#2675,#5486);
#5486 = DEFINITIONAL_REPRESENTATION('',(#5487),#5491);
#5487 = LINE('',#5488,#5489);
#5488 = CARTESIAN_POINT('',(0.,-300.));
#5489 = VECTOR('',#5490,1.);
#5490 = DIRECTION('',(1.,0.));
#5491 = ( GEOMETRIC_REPRESENTATION_CONTEXT(2) 
PARAMETRIC_REPRESENTATION_CONTEXT() REPRESENTATION_CONTEXT('2D SPACE',''
  ) );
#5492 = ORIENTED_EDGE('',*,*,#5493,.F.);
#5493 = EDGE_CURVE('',#5494,#5471,#5496,.T.);
#5494 = VERTEX_POINT('',#5495);
#5495 = CARTESIAN_POINT('',(34.731931083,-19.790284677,150.));
#5496 = SURFACE_CURVE('',#5497,(#5501,#5508),.PCURVE_S1.);
#5497 = LINE('',#5498,#5499);
#5498 = CARTESIAN_POINT('',(34.731931083,-19.790284677,150.));
#5499 = VECTOR('',#5500,1.);
#5500 = DIRECTION('',(0.24298018363,0.970031252261,0.));
#5501 = PCURVE('',#119,#5502);
#5502 = DEFINITIONAL_REPRESENTATION('',(#5503),#5507);
#5503 = LINE('',#5504,#5505);
#5504 = CARTESIAN_POINT('',(-20.48158183197,-34.731931083));
#5505 = VECTOR('',#5506,1.);
#5506 = DIRECTION('',(0.970031252261,-0.24298018363));
#5507 = ( GEOMETRIC_REPRESENTATION_CONTEXT(2) 
PARAMETRIC_REPRESENTATION_CONTEXT() REPRESENTATION_CONTEXT('2D SPACE',''
  ) );
#5508 = PCURVE('',#2703,#5509);
#5509 = DEFINITIONAL_REPRESENTATION('',(#5510),#5514);
#5510 = LINE('',#5511,#5512);
#5511 = CARTESIAN_POINT('',(0.,-300.));
#5512 = VECTOR('',#5513,1.);
#5513 = DIRECTION('',(1.,0.));
#5514 = ( GEOMETRIC_REPRESENTATION_CONTEXT(2) 
PARAMETRIC_REPRESENTATION_CONTEXT() REPRESENTATION_CONTEXT('2D SPACE',''
  ) );
#5515 = ORIENTED_EDGE('',*,*,#5516,.F.);
#5516 = EDGE_CURVE('',#5517,#5494,#5519,.T.);
#5517 = VERTEX_POINT('',#5518);
#5518 = CARTESIAN_POINT('',(34.69887028,-19.882683432,150.));
#5519 = SURFACE_CURVE('',#5520,(#5524,#5531),.PCURVE_S1.);
#5520 = LINE('',#5521,#5522);
#5521 = CARTESIAN_POINT('',(34.69887028,-19.882683432,150.));
#5522 = VECTOR('',#5523,1.);
#5523 = DIRECTION('',(0.336889851754,0.941544065769,0.));
#5524 = PCURVE('',#119,#5525);
#5525 = DEFINITIONAL_REPRESENTATION('',(#5526),#5530);
#5526 = LINE('',#5527,#5528);
#5527 = CARTESIAN_POINT('',(-20.57398058697,-34.69887028));
#5528 = VECTOR('',#5529,1.);
#5529 = DIRECTION('',(0.941544065769,-0.336889851754));
#5530 = ( GEOMETRIC_REPRESENTATION_CONTEXT(2) 
PARAMETRIC_REPRESENTATION_CONTEXT() REPRESENTATION_CONTEXT('2D SPACE',''
  ) );
#5531 = PCURVE('',#2731,#5532);
#5532 = DEFINITIONAL_REPRESENTATION('',(#5533),#5537);
#5533 = LINE('',#5534,#5535);
#5534 = CARTESIAN_POINT('',(0.,-300.));
#5535 = VECTOR('',#5536,1.);
#5536 = DIRECTION('',(1.,0.));
#5537 = ( GEOMETRIC_REPRESENTATION_CONTEXT(2) 
PARAMETRIC_REPRESENTATION_CONTEXT() REPRESENTATION_CONTEXT('2D SPACE',''
  ) );
#5538 = ORIENTED_EDGE('',*,*,#5539,.F.);
#5539 = EDGE_CURVE('',#5540,#5517,#5542,.T.);
#5540 = VERTEX_POINT('',#5541);
#5541 = CARTESIAN_POINT('',(34.656912012,-19.971396737,150.));
#5542 = SURFACE_CURVE('',#5543,(#5547,#5554),.PCURVE_S1.);
#5543 = LINE('',#5544,#5545);
#5544 = CARTESIAN_POINT('',(34.656912012,-19.971396737,150.));
#5545 = VECTOR('',#5546,1.);
#5546 = DIRECTION('',(0.42755508995,0.903989294769,0.));
#5547 = PCURVE('',#119,#5548);
#5548 = DEFINITIONAL_REPRESENTATION('',(#5549),#5553);
#5549 = LINE('',#5550,#5551);
#5550 = CARTESIAN_POINT('',(-20.66269389197,-34.656912012));
#5551 = VECTOR('',#5552,1.);
#5552 = DIRECTION('',(0.903989294769,-0.42755508995));
#5553 = ( GEOMETRIC_REPRESENTATION_CONTEXT(2) 
PARAMETRIC_REPRESENTATION_CONTEXT() REPRESENTATION_CONTEXT('2D SPACE',''
  ) );
#5554 = PCURVE('',#2759,#5555);
#5555 = DEFINITIONAL_REPRESENTATION('',(#5556),#5560);
#5556 = LINE('',#5557,#5558);
#5557 = CARTESIAN_POINT('',(0.,-300.));
#5558 = VECTOR('',#5559,1.);
#5559 = DIRECTION('',(1.,0.));
#5560 = ( GEOMETRIC_REPRESENTATION_CONTEXT(2) 
PARAMETRIC_REPRESENTATION_CONTEXT() REPRESENTATION_CONTEXT('2D SPACE',''
  ) );
#5561 = ORIENTED_EDGE('',*,*,#5562,.F.);
#5562 = EDGE_CURVE('',#5563,#5540,#5565,.T.);
#5563 = VERTEX_POINT('',#5564);
#5564 = CARTESIAN_POINT('',(34.60646036,-20.055570233,150.));
#5565 = SURFACE_CURVE('',#5566,(#5570,#5577),.PCURVE_S1.);
#5566 = LINE('',#5567,#5568);
#5567 = CARTESIAN_POINT('',(34.60646036,-20.055570233,150.));
#5568 = VECTOR('',#5569,1.);
#5569 = DIRECTION('',(0.51410274472,0.857728609685,0.));
#5570 = PCURVE('',#119,#5571);
#5571 = DEFINITIONAL_REPRESENTATION('',(#5572),#5576);
#5572 = LINE('',#5573,#5574);
#5573 = CARTESIAN_POINT('',(-20.74686738797,-34.60646036));
#5574 = VECTOR('',#5575,1.);
#5575 = DIRECTION('',(0.857728609685,-0.51410274472));
#5576 = ( GEOMETRIC_REPRESENTATION_CONTEXT(2) 
PARAMETRIC_REPRESENTATION_CONTEXT() REPRESENTATION_CONTEXT('2D SPACE',''
  ) );
#5577 = PCURVE('',#2787,#5578);
#5578 = DEFINITIONAL_REPRESENTATION('',(#5579),#5583);
#5579 = LINE('',#5580,#5581);
#5580 = CARTESIAN_POINT('',(0.,-300.));
#5581 = VECTOR('',#5582,1.);
#5582 = DIRECTION('',(1.,0.));
#5583 = ( GEOMETRIC_REPRESENTATION_CONTEXT(2) 
PARAMETRIC_REPRESENTATION_CONTEXT() REPRESENTATION_CONTEXT('2D SPACE',''
  ) );
#5584 = ORIENTED_EDGE('',*,*,#5585,.F.);
#5585 = EDGE_CURVE('',#5586,#5563,#5588,.T.);
#5586 = VERTEX_POINT('',#5587);
#5587 = CARTESIAN_POINT('',(34.548001201,-20.134393284,150.));
#5588 = SURFACE_CURVE('',#5589,(#5593,#5600),.PCURVE_S1.);
#5589 = LINE('',#5590,#5591);
#5590 = CARTESIAN_POINT('',(34.548001201,-20.134393284,150.));
#5591 = VECTOR('',#5592,1.);
#5592 = DIRECTION('',(0.59569930559,0.803207530666,0.));
#5593 = PCURVE('',#119,#5594);
#5594 = DEFINITIONAL_REPRESENTATION('',(#5595),#5599);
#5595 = LINE('',#5596,#5597);
#5596 = CARTESIAN_POINT('',(-20.82569043897,-34.548001201));
#5597 = VECTOR('',#5598,1.);
#5598 = DIRECTION('',(0.803207530666,-0.59569930559));
#5599 = ( GEOMETRIC_REPRESENTATION_CONTEXT(2) 
PARAMETRIC_REPRESENTATION_CONTEXT() REPRESENTATION_CONTEXT('2D SPACE',''
  ) );
#5600 = PCURVE('',#2815,#5601);
#5601 = DEFINITIONAL_REPRESENTATION('',(#5602),#5606);
#5602 = LINE('',#5603,#5604);
#5603 = CARTESIAN_POINT('',(0.,-300.));
#5604 = VECTOR('',#5605,1.);
#5605 = DIRECTION('',(1.,0.));
#5606 = ( GEOMETRIC_REPRESENTATION_CONTEXT(2) 
PARAMETRIC_REPRESENTATION_CONTEXT() REPRESENTATION_CONTEXT('2D SPACE',''
  ) );
#5607 = ORIENTED_EDGE('',*,*,#5608,.F.);
#5608 = EDGE_CURVE('',#5609,#5586,#5611,.T.);
#5609 = VERTEX_POINT('',#5610);
#5610 = CARTESIAN_POINT('',(34.482097529,-20.207106781,150.));
#5611 = SURFACE_CURVE('',#5612,(#5616,#5623),.PCURVE_S1.);
#5612 = LINE('',#5613,#5614);
#5613 = CARTESIAN_POINT('',(34.482097529,-20.207106781,150.));
#5614 = VECTOR('',#5615,1.);
#5615 = DIRECTION('',(0.671558953977,0.740951126143,0.));
#5616 = PCURVE('',#119,#5617);
#5617 = DEFINITIONAL_REPRESENTATION('',(#5618),#5622);
#5618 = LINE('',#5619,#5620);
#5619 = CARTESIAN_POINT('',(-20.89840393597,-34.482097529));
#5620 = VECTOR('',#5621,1.);
#5621 = DIRECTION('',(0.740951126143,-0.671558953977));
#5622 = ( GEOMETRIC_REPRESENTATION_CONTEXT(2) 
PARAMETRIC_REPRESENTATION_CONTEXT() REPRESENTATION_CONTEXT('2D SPACE',''
  ) );
#5623 = PCURVE('',#2843,#5624);
#5624 = DEFINITIONAL_REPRESENTATION('',(#5625),#5629);
#5625 = LINE('',#5626,#5627);
#5626 = CARTESIAN_POINT('',(0.,-300.));
#5627 = VECTOR('',#5628,1.);
#5628 = DIRECTION('',(1.,0.));
#5629 = ( GEOMETRIC_REPRESENTATION_CONTEXT(2) 
PARAMETRIC_REPRESENTATION_CONTEXT() REPRESENTATION_CONTEXT('2D SPACE',''
  ) );
#5630 = ORIENTED_EDGE('',*,*,#5631,.F.);
#5631 = EDGE_CURVE('',#5632,#5609,#5634,.T.);
#5632 = VERTEX_POINT('',#5633);
#5633 = CARTESIAN_POINT('',(34.409384032,-20.273010453,150.));
#5634 = SURFACE_CURVE('',#5635,(#5639,#5646),.PCURVE_S1.);
#5635 = LINE('',#5636,#5637);
#5636 = CARTESIAN_POINT('',(34.409384032,-20.273010453,150.));
#5637 = VECTOR('',#5638,1.);
#5638 = DIRECTION('',(0.740951126143,0.671558953977,0.));
#5639 = PCURVE('',#119,#5640);
#5640 = DEFINITIONAL_REPRESENTATION('',(#5641),#5645);
#5641 = LINE('',#5642,#5643);
#5642 = CARTESIAN_POINT('',(-20.96430760797,-34.409384032));
#5643 = VECTOR('',#5644,1.);
#5644 = DIRECTION('',(0.671558953977,-0.740951126143));
#5645 = ( GEOMETRIC_REPRESENTATION_CONTEXT(2) 
PARAMETRIC_REPRESENTATION_CONTEXT() REPRESENTATION_CONTEXT('2D SPACE',''
  ) );
#5646 = PCURVE('',#2871,#5647);
#5647 = DEFINITIONAL_REPRESENTATION('',(#5648),#5652);
#5648 = LINE('',#5649,#5650);
#5649 = CARTESIAN_POINT('',(0.,-300.));
#5650 = VECTOR('',#5651,1.);
#5651 = DIRECTION('',(1.,0.));
#5652 = ( GEOMETRIC_REPRESENTATION_CONTEXT(2) 
PARAMETRIC_REPRESENTATION_CONTEXT() REPRESENTATION_CONTEXT('2D SPACE',''
  ) );
#5653 = ORIENTED_EDGE('',*,*,#5654,.F.);
#5654 = EDGE_CURVE('',#5655,#5632,#5657,.T.);
#5655 = VERTEX_POINT('',#5656);
#5656 = CARTESIAN_POINT('',(34.330560981,-20.331469612,150.));
#5657 = SURFACE_CURVE('',#5658,(#5662,#5669),.PCURVE_S1.);
#5658 = LINE('',#5659,#5660);
#5659 = CARTESIAN_POINT('',(34.330560981,-20.331469612,150.));
#5660 = VECTOR('',#5661,1.);
#5661 = DIRECTION('',(0.803207530666,0.59569930559,0.));
#5662 = PCURVE('',#119,#5663);
#5663 = DEFINITIONAL_REPRESENTATION('',(#5664),#5668);
#5664 = LINE('',#5665,#5666);
#5665 = CARTESIAN_POINT('',(-21.02276676697,-34.330560981));
#5666 = VECTOR('',#5667,1.);
#5667 = DIRECTION('',(0.59569930559,-0.803207530666));
#5668 = ( GEOMETRIC_REPRESENTATION_CONTEXT(2) 
PARAMETRIC_REPRESENTATION_CONTEXT() REPRESENTATION_CONTEXT('2D SPACE',''
  ) );
#5669 = PCURVE('',#2899,#5670);
#5670 = DEFINITIONAL_REPRESENTATION('',(#5671),#5675);
#5671 = LINE('',#5672,#5673);
#5672 = CARTESIAN_POINT('',(0.,-300.));
#5673 = VECTOR('',#5674,1.);
#5674 = DIRECTION('',(1.,0.));
#5675 = ( GEOMETRIC_REPRESENTATION_CONTEXT(2) 
PARAMETRIC_REPRESENTATION_CONTEXT() REPRESENTATION_CONTEXT('2D SPACE',''
  ) );
#5676 = ORIENTED_EDGE('',*,*,#5677,.F.);
#5677 = EDGE_CURVE('',#5678,#5655,#5680,.T.);
#5678 = VERTEX_POINT('',#5679);
#5679 = CARTESIAN_POINT('',(34.246387484,-20.381921264,150.));
#5680 = SURFACE_CURVE('',#5681,(#5685,#5692),.PCURVE_S1.);
#5681 = LINE('',#5682,#5683);
#5682 = CARTESIAN_POINT('',(34.246387484,-20.381921264,150.));
#5683 = VECTOR('',#5684,1.);
#5684 = DIRECTION('',(0.857728612378,0.514102740226,0.));
#5685 = PCURVE('',#119,#5686);
#5686 = DEFINITIONAL_REPRESENTATION('',(#5687),#5691);
#5687 = LINE('',#5688,#5689);
#5688 = CARTESIAN_POINT('',(-21.07321841897,-34.246387484));
#5689 = VECTOR('',#5690,1.);
#5690 = DIRECTION('',(0.514102740226,-0.857728612378));
#5691 = ( GEOMETRIC_REPRESENTATION_CONTEXT(2) 
PARAMETRIC_REPRESENTATION_CONTEXT() REPRESENTATION_CONTEXT('2D SPACE',''
  ) );
#5692 = PCURVE('',#2927,#5693);
#5693 = DEFINITIONAL_REPRESENTATION('',(#5694),#5698);
#5694 = LINE('',#5695,#5696);
#5695 = CARTESIAN_POINT('',(0.,-300.));
#5696 = VECTOR('',#5697,1.);
#5697 = DIRECTION('',(1.,0.));
#5698 = ( GEOMETRIC_REPRESENTATION_CONTEXT(2) 
PARAMETRIC_REPRESENTATION_CONTEXT() REPRESENTATION_CONTEXT('2D SPACE',''
  ) );
#5699 = ORIENTED_EDGE('',*,*,#5700,.F.);
#5700 = EDGE_CURVE('',#5701,#5678,#5703,.T.);
#5701 = VERTEX_POINT('',#5702);
#5702 = CARTESIAN_POINT('',(0.471396737,-39.881921264,150.));
#5703 = SURFACE_CURVE('',#5704,(#5708,#5715),.PCURVE_S1.);
#5704 = LINE('',#5705,#5706);
#5705 = CARTESIAN_POINT('',(0.471396737,-39.881921264,150.));
#5706 = VECTOR('',#5707,1.);
#5707 = DIRECTION('',(0.866025403781,0.500000000007,0.));
#5708 = PCURVE('',#119,#5709);
#5709 = DEFINITIONAL_REPRESENTATION('',(#5710),#5714);
#5710 = LINE('',#5711,#5712);
#5711 = CARTESIAN_POINT('',(-40.57321841897,-0.471396737));
#5712 = VECTOR('',#5713,1.);
#5713 = DIRECTION('',(0.500000000007,-0.866025403781));
#5714 = ( GEOMETRIC_REPRESENTATION_CONTEXT(2) 
PARAMETRIC_REPRESENTATION_CONTEXT() REPRESENTATION_CONTEXT('2D SPACE',''
  ) );
#5715 = PCURVE('',#2955,#5716);
#5716 = DEFINITIONAL_REPRESENTATION('',(#5717),#5721);
#5717 = LINE('',#5718,#5719);
#5718 = CARTESIAN_POINT('',(0.,-300.));
#5719 = VECTOR('',#5720,1.);
#5720 = DIRECTION('',(1.,0.));
#5721 = ( GEOMETRIC_REPRESENTATION_CONTEXT(2) 
PARAMETRIC_REPRESENTATION_CONTEXT() REPRESENTATION_CONTEXT('2D SPACE',''
  ) );
#5722 = ORIENTED_EDGE('',*,*,#5723,.F.);
#5723 = EDGE_CURVE('',#5724,#5701,#5726,.T.);
#5724 = VERTEX_POINT('',#5725);
#5725 = CARTESIAN_POINT('',(0.382683432,-39.923879533,150.));
#5726 = SURFACE_CURVE('',#5727,(#5731,#5738),.PCURVE_S1.);
#5727 = LINE('',#5728,#5729);
#5728 = CARTESIAN_POINT('',(0.382683432,-39.923879533,150.));
#5729 = VECTOR('',#5730,1.);
#5730 = DIRECTION('',(0.903989290831,0.427555098278,0.));
#5731 = PCURVE('',#119,#5732);
#5732 = DEFINITIONAL_REPRESENTATION('',(#5733),#5737);
#5733 = LINE('',#5734,#5735);
#5734 = CARTESIAN_POINT('',(-40.61517668797,-0.382683432));
#5735 = VECTOR('',#5736,1.);
#5736 = DIRECTION('',(0.427555098278,-0.903989290831));
#5737 = ( GEOMETRIC_REPRESENTATION_CONTEXT(2) 
PARAMETRIC_REPRESENTATION_CONTEXT() REPRESENTATION_CONTEXT('2D SPACE',''
  ) );
#5738 = PCURVE('',#2983,#5739);
#5739 = DEFINITIONAL_REPRESENTATION('',(#5740),#5744);
#5740 = LINE('',#5741,#5742);
#5741 = CARTESIAN_POINT('',(0.,-300.));
#5742 = VECTOR('',#5743,1.);
#5743 = DIRECTION('',(1.,0.));
#5744 = ( GEOMETRIC_REPRESENTATION_CONTEXT(2) 
PARAMETRIC_REPRESENTATION_CONTEXT() REPRESENTATION_CONTEXT('2D SPACE',''
  ) );
#5745 = ORIENTED_EDGE('',*,*,#5746,.F.);
#5746 = EDGE_CURVE('',#5747,#5724,#5749,.T.);
#5747 = VERTEX_POINT('',#5748);
#5748 = CARTESIAN_POINT('',(0.290284677,-39.956940336,150.));
#5749 = SURFACE_CURVE('',#5750,(#5754,#5761),.PCURVE_S1.);
#5750 = LINE('',#5751,#5752);
#5751 = CARTESIAN_POINT('',(0.290284677,-39.956940336,150.));
#5752 = VECTOR('',#5753,1.);
#5753 = DIRECTION('',(0.941544065769,0.336889851754,0.));
#5754 = PCURVE('',#119,#5755);
#5755 = DEFINITIONAL_REPRESENTATION('',(#5756),#5760);
#5756 = LINE('',#5757,#5758);
#5757 = CARTESIAN_POINT('',(-40.64823749097,-0.290284677));
#5758 = VECTOR('',#5759,1.);
#5759 = DIRECTION('',(0.336889851754,-0.941544065769));
#5760 = ( GEOMETRIC_REPRESENTATION_CONTEXT(2) 
PARAMETRIC_REPRESENTATION_CONTEXT() REPRESENTATION_CONTEXT('2D SPACE',''
  ) );
#5761 = PCURVE('',#3011,#5762);
#5762 = DEFINITIONAL_REPRESENTATION('',(#5763),#5767);
#5763 = LINE('',#5764,#5765);
#5764 = CARTESIAN_POINT('',(0.,-300.));
#5765 = VECTOR('',#5766,1.);
#5766 = DIRECTION('',(1.,0.));
#5767 = ( GEOMETRIC_REPRESENTATION_CONTEXT(2) 
PARAMETRIC_REPRESENTATION_CONTEXT() REPRESENTATION_CONTEXT('2D SPACE',''
  ) );
#5768 = ORIENTED_EDGE('',*,*,#5769,.F.);
#5769 = EDGE_CURVE('',#5770,#5747,#5772,.T.);
#5770 = VERTEX_POINT('',#5771);
#5771 = CARTESIAN_POINT('',(0.195090322,-39.98078528,150.));
#5772 = SURFACE_CURVE('',#5773,(#5777,#5784),.PCURVE_S1.);
#5773 = LINE('',#5774,#5775);
#5774 = CARTESIAN_POINT('',(0.195090322,-39.98078528,150.));
#5775 = VECTOR('',#5776,1.);
#5776 = DIRECTION('',(0.970031254663,0.242980174042,0.));
#5777 = PCURVE('',#119,#5778);
#5778 = DEFINITIONAL_REPRESENTATION('',(#5779),#5783);
#5779 = LINE('',#5780,#5781);
#5780 = CARTESIAN_POINT('',(-40.67208243497,-0.195090322));
#5781 = VECTOR('',#5782,1.);
#5782 = DIRECTION('',(0.242980174042,-0.970031254663));
#5783 = ( GEOMETRIC_REPRESENTATION_CONTEXT(2) 
PARAMETRIC_REPRESENTATION_CONTEXT() REPRESENTATION_CONTEXT('2D SPACE',''
  ) );
#5784 = PCURVE('',#3039,#5785);
#5785 = DEFINITIONAL_REPRESENTATION('',(#5786),#5790);
#5786 = LINE('',#5787,#5788);
#5787 = CARTESIAN_POINT('',(0.,-300.));
#5788 = VECTOR('',#5789,1.);
#5789 = DIRECTION('',(1.,0.));
#5790 = ( GEOMETRIC_REPRESENTATION_CONTEXT(2) 
PARAMETRIC_REPRESENTATION_CONTEXT() REPRESENTATION_CONTEXT('2D SPACE',''
  ) );
#5791 = ORIENTED_EDGE('',*,*,#5792,.F.);
#5792 = EDGE_CURVE('',#5793,#5770,#5795,.T.);
#5793 = VERTEX_POINT('',#5794);
#5794 = CARTESIAN_POINT('',(9.801714E-02,-39.995184727,150.));
#5795 = SURFACE_CURVE('',#5796,(#5800,#5807),.PCURVE_S1.);
#5796 = LINE('',#5797,#5798);
#5797 = CARTESIAN_POINT('',(9.801714E-02,-39.995184727,150.));
#5798 = VECTOR('',#5799,1.);
#5799 = DIRECTION('',(0.989176508952,0.146730481281,0.));
#5800 = PCURVE('',#119,#5801);
#5801 = DEFINITIONAL_REPRESENTATION('',(#5802),#5806);
#5802 = LINE('',#5803,#5804);
#5803 = CARTESIAN_POINT('',(-40.68648188197,-9.801714E-02));
#5804 = VECTOR('',#5805,1.);
#5805 = DIRECTION('',(0.146730481281,-0.989176508952));
#5806 = ( GEOMETRIC_REPRESENTATION_CONTEXT(2) 
PARAMETRIC_REPRESENTATION_CONTEXT() REPRESENTATION_CONTEXT('2D SPACE',''
  ) );
#5807 = PCURVE('',#3067,#5808);
#5808 = DEFINITIONAL_REPRESENTATION('',(#5809),#5813);
#5809 = LINE('',#5810,#5811);
#5810 = CARTESIAN_POINT('',(0.,-300.));
#5811 = VECTOR('',#5812,1.);
#5812 = DIRECTION('',(1.,0.));
#5813 = ( GEOMETRIC_REPRESENTATION_CONTEXT(2) 
PARAMETRIC_REPRESENTATION_CONTEXT() REPRESENTATION_CONTEXT('2D SPACE',''
  ) );
#5814 = ORIENTED_EDGE('',*,*,#5815,.F.);
#5815 = EDGE_CURVE('',#5816,#5793,#5818,.T.);
#5816 = VERTEX_POINT('',#5817);
#5817 = CARTESIAN_POINT('',(0.,-40.,150.));
#5818 = SURFACE_CURVE('',#5819,(#5823,#5830),.PCURVE_S1.);
#5819 = LINE('',#5820,#5821);
#5820 = CARTESIAN_POINT('',(0.,-40.,150.));
#5821 = VECTOR('',#5822,1.);
#5822 = DIRECTION('',(0.998795456361,4.906767115971E-02,0.));
#5823 = PCURVE('',#119,#5824);
#5824 = DEFINITIONAL_REPRESENTATION('',(#5825),#5829);
#5825 = LINE('',#5826,#5827);
#5826 = CARTESIAN_POINT('',(-40.69129715497,9.343651929881E-16));
#5827 = VECTOR('',#5828,1.);
#5828 = DIRECTION('',(4.906767115971E-02,-0.998795456361));
#5829 = ( GEOMETRIC_REPRESENTATION_CONTEXT(2) 
PARAMETRIC_REPRESENTATION_CONTEXT() REPRESENTATION_CONTEXT('2D SPACE',''
  ) );
#5830 = PCURVE('',#3095,#5831);
#5831 = DEFINITIONAL_REPRESENTATION('',(#5832),#5836);
#5832 = LINE('',#5833,#5834);
#5833 = CARTESIAN_POINT('',(0.,-300.));
#5834 = VECTOR('',#5835,1.);
#5835 = DIRECTION('',(1.,0.));
#5836 = ( GEOMETRIC_REPRESENTATION_CONTEXT(2) 
PARAMETRIC_REPRESENTATION_CONTEXT() REPRESENTATION_CONTEXT('2D SPACE',''
  ) );
#5837 = ORIENTED_EDGE('',*,*,#5838,.F.);
#5838 = EDGE_CURVE('',#5839,#5816,#5841,.T.);
#5839 = VERTEX_POINT('',#5840);
#5840 = CARTESIAN_POINT('',(-9.801714E-02,-39.995184727,150.));
#5841 = SURFACE_CURVE('',#5842,(#5846,#5853),.PCURVE_S1.);
#5842 = LINE('',#5843,#5844);
#5843 = CARTESIAN_POINT('',(-9.801714E-02,-39.995184727,150.));
#5844 = VECTOR('',#5845,1.);
#5845 = DIRECTION('',(0.998795456361,-4.906767115971E-02,0.));
#5846 = PCURVE('',#119,#5847);
#5847 = DEFINITIONAL_REPRESENTATION('',(#5848),#5852);
#5848 = LINE('',#5849,#5850);
#5849 = CARTESIAN_POINT('',(-40.68648188197,9.801714E-02));
#5850 = VECTOR('',#5851,1.);
#5851 = DIRECTION('',(-4.906767115971E-02,-0.998795456361));
#5852 = ( GEOMETRIC_REPRESENTATION_CONTEXT(2) 
PARAMETRIC_REPRESENTATION_CONTEXT() REPRESENTATION_CONTEXT('2D SPACE',''
  ) );
#5853 = PCURVE('',#3123,#5854);
#5854 = DEFINITIONAL_REPRESENTATION('',(#5855),#5859);
#5855 = LINE('',#5856,#5857);
#5856 = CARTESIAN_POINT('',(0.,-300.));
#5857 = VECTOR('',#5858,1.);
#5858 = DIRECTION('',(1.,0.));
#5859 = ( GEOMETRIC_REPRESENTATION_CONTEXT(2) 
PARAMETRIC_REPRESENTATION_CONTEXT() REPRESENTATION_CONTEXT('2D SPACE',''
  ) );
#5860 = ORIENTED_EDGE('',*,*,#5861,.F.);
#5861 = EDGE_CURVE('',#5862,#5839,#5864,.T.);
#5862 = VERTEX_POINT('',#5863);
#5863 = CARTESIAN_POINT('',(-0.195090322,-39.98078528,150.));
#5864 = SURFACE_CURVE('',#5865,(#5869,#5876),.PCURVE_S1.);
#5865 = LINE('',#5866,#5867);
#5866 = CARTESIAN_POINT('',(-0.195090322,-39.98078528,150.));
#5867 = VECTOR('',#5868,1.);
#5868 = DIRECTION('',(0.989176508952,-0.146730481281,0.));
#5869 = PCURVE('',#119,#5870);
#5870 = DEFINITIONAL_REPRESENTATION('',(#5871),#5875);
#5871 = LINE('',#5872,#5873);
#5872 = CARTESIAN_POINT('',(-40.67208243497,0.195090322));
#5873 = VECTOR('',#5874,1.);
#5874 = DIRECTION('',(-0.146730481281,-0.989176508952));
#5875 = ( GEOMETRIC_REPRESENTATION_CONTEXT(2) 
PARAMETRIC_REPRESENTATION_CONTEXT() REPRESENTATION_CONTEXT('2D SPACE',''
  ) );
#5876 = PCURVE('',#3151,#5877);
#5877 = DEFINITIONAL_REPRESENTATION('',(#5878),#5882);
#5878 = LINE('',#5879,#5880);
#5879 = CARTESIAN_POINT('',(0.,-300.));
#5880 = VECTOR('',#5881,1.);
#5881 = DIRECTION('',(1.,0.));
#5882 = ( GEOMETRIC_REPRESENTATION_CONTEXT(2) 
PARAMETRIC_REPRESENTATION_CONTEXT() REPRESENTATION_CONTEXT('2D SPACE',''
  ) );
#5883 = ORIENTED_EDGE('',*,*,#5884,.F.);
#5884 = EDGE_CURVE('',#5885,#5862,#5887,.T.);
#5885 = VERTEX_POINT('',#5886);
#5886 = CARTESIAN_POINT('',(-0.290284677,-39.956940336,150.));
#5887 = SURFACE_CURVE('',#5888,(#5892,#5899),.PCURVE_S1.);
#5888 = LINE('',#5889,#5890);
#5889 = CARTESIAN_POINT('',(-0.290284677,-39.956940336,150.));
#5890 = VECTOR('',#5891,1.);
#5891 = DIRECTION('',(0.970031254663,-0.242980174042,0.));
#5892 = PCURVE('',#119,#5893);
#5893 = DEFINITIONAL_REPRESENTATION('',(#5894),#5898);
#5894 = LINE('',#5895,#5896);
#5895 = CARTESIAN_POINT('',(-40.64823749097,0.290284677));
#5896 = VECTOR('',#5897,1.);
#5897 = DIRECTION('',(-0.242980174042,-0.970031254663));
#5898 = ( GEOMETRIC_REPRESENTATION_CONTEXT(2) 
PARAMETRIC_REPRESENTATION_CONTEXT() REPRESENTATION_CONTEXT('2D SPACE',''
  ) );
#5899 = PCURVE('',#3179,#5900);
#5900 = DEFINITIONAL_REPRESENTATION('',(#5901),#5905);
#5901 = LINE('',#5902,#5903);
#5902 = CARTESIAN_POINT('',(0.,-300.));
#5903 = VECTOR('',#5904,1.);
#5904 = DIRECTION('',(1.,0.));
#5905 = ( GEOMETRIC_REPRESENTATION_CONTEXT(2) 
PARAMETRIC_REPRESENTATION_CONTEXT() REPRESENTATION_CONTEXT('2D SPACE',''
  ) );
#5906 = ORIENTED_EDGE('',*,*,#5907,.F.);
#5907 = EDGE_CURVE('',#5908,#5885,#5910,.T.);
#5908 = VERTEX_POINT('',#5909);
#5909 = CARTESIAN_POINT('',(-0.382683432,-39.923879533,150.));
#5910 = SURFACE_CURVE('',#5911,(#5915,#5922),.PCURVE_S1.);
#5911 = LINE('',#5912,#5913);
#5912 = CARTESIAN_POINT('',(-0.382683432,-39.923879533,150.));
#5913 = VECTOR('',#5914,1.);
#5914 = DIRECTION('',(0.941544065769,-0.336889851754,0.));
#5915 = PCURVE('',#119,#5916);
#5916 = DEFINITIONAL_REPRESENTATION('',(#5917),#5921);
#5917 = LINE('',#5918,#5919);
#5918 = CARTESIAN_POINT('',(-40.61517668797,0.382683432));
#5919 = VECTOR('',#5920,1.);
#5920 = DIRECTION('',(-0.336889851754,-0.941544065769));
#5921 = ( GEOMETRIC_REPRESENTATION_CONTEXT(2) 
PARAMETRIC_REPRESENTATION_CONTEXT() REPRESENTATION_CONTEXT('2D SPACE',''
  ) );
#5922 = PCURVE('',#3207,#5923);
#5923 = DEFINITIONAL_REPRESENTATION('',(#5924),#5928);
#5924 = LINE('',#5925,#5926);
#5925 = CARTESIAN_POINT('',(0.,-300.));
#5926 = VECTOR('',#5927,1.);
#5927 = DIRECTION('',(1.,0.));
#5928 = ( GEOMETRIC_REPRESENTATION_CONTEXT(2) 
PARAMETRIC_REPRESENTATION_CONTEXT() REPRESENTATION_CONTEXT('2D SPACE',''
  ) );
#5929 = ORIENTED_EDGE('',*,*,#5930,.F.);
#5930 = EDGE_CURVE('',#5931,#5908,#5933,.T.);
#5931 = VERTEX_POINT('',#5932);
#5932 = CARTESIAN_POINT('',(-0.471396737,-39.881921264,150.));
#5933 = SURFACE_CURVE('',#5934,(#5938,#5945),.PCURVE_S1.);
#5934 = LINE('',#5935,#5936);
#5935 = CARTESIAN_POINT('',(-0.471396737,-39.881921264,150.));
#5936 = VECTOR('',#5937,1.);
#5937 = DIRECTION('',(0.903989290831,-0.427555098278,0.));
#5938 = PCURVE('',#119,#5939);
#5939 = DEFINITIONAL_REPRESENTATION('',(#5940),#5944);
#5940 = LINE('',#5941,#5942);
#5941 = CARTESIAN_POINT('',(-40.57321841897,0.471396737));
#5942 = VECTOR('',#5943,1.);
#5943 = DIRECTION('',(-0.427555098278,-0.903989290831));
#5944 = ( GEOMETRIC_REPRESENTATION_CONTEXT(2) 
PARAMETRIC_REPRESENTATION_CONTEXT() REPRESENTATION_CONTEXT('2D SPACE',''
  ) );
#5945 = PCURVE('',#3235,#5946);
#5946 = DEFINITIONAL_REPRESENTATION('',(#5947),#5951);
#5947 = LINE('',#5948,#5949);
#5948 = CARTESIAN_POINT('',(0.,-300.));
#5949 = VECTOR('',#5950,1.);
#5950 = DIRECTION('',(1.,0.));
#5951 = ( GEOMETRIC_REPRESENTATION_CONTEXT(2) 
PARAMETRIC_REPRESENTATION_CONTEXT() REPRESENTATION_CONTEXT('2D SPACE',''
  ) );
#5952 = ORIENTED_EDGE('',*,*,#5953,.F.);
#5953 = EDGE_CURVE('',#5954,#5931,#5956,.T.);
#5954 = VERTEX_POINT('',#5955);
#5955 = CARTESIAN_POINT('',(-34.246387484,-20.381921264,150.));
#5956 = SURFACE_CURVE('',#5957,(#5961,#5968),.PCURVE_S1.);
#5957 = LINE('',#5958,#5959);
#5958 = CARTESIAN_POINT('',(-34.246387484,-20.381921264,150.));
#5959 = VECTOR('',#5960,1.);
#5960 = DIRECTION('',(0.866025403781,-0.500000000007,0.));
#5961 = PCURVE('',#119,#5962);
#5962 = DEFINITIONAL_REPRESENTATION('',(#5963),#5967);
#5963 = LINE('',#5964,#5965);
#5964 = CARTESIAN_POINT('',(-21.07321841897,34.246387484));
#5965 = VECTOR('',#5966,1.);
#5966 = DIRECTION('',(-0.500000000007,-0.866025403781));
#5967 = ( GEOMETRIC_REPRESENTATION_CONTEXT(2) 
PARAMETRIC_REPRESENTATION_CONTEXT() REPRESENTATION_CONTEXT('2D SPACE',''
  ) );
#5968 = PCURVE('',#3263,#5969);
#5969 = DEFINITIONAL_REPRESENTATION('',(#5970),#5974);
#5970 = LINE('',#5971,#5972);
#5971 = CARTESIAN_POINT('',(0.,-300.));
#5972 = VECTOR('',#5973,1.);
#5973 = DIRECTION('',(1.,0.));
#5974 = ( GEOMETRIC_REPRESENTATION_CONTEXT(2) 
PARAMETRIC_REPRESENTATION_CONTEXT() REPRESENTATION_CONTEXT('2D SPACE',''
  ) );
#5975 = ORIENTED_EDGE('',*,*,#5976,.F.);
#5976 = EDGE_CURVE('',#5977,#5954,#5979,.T.);
#5977 = VERTEX_POINT('',#5978);
#5978 = CARTESIAN_POINT('',(-34.330560981,-20.331469612,150.));
#5979 = SURFACE_CURVE('',#5980,(#5984,#5991),.PCURVE_S1.);
#5980 = LINE('',#5981,#5982);
#5981 = CARTESIAN_POINT('',(-34.330560981,-20.331469612,150.));
#5982 = VECTOR('',#5983,1.);
#5983 = DIRECTION('',(0.857728612378,-0.514102740226,0.));
#5984 = PCURVE('',#119,#5985);
#5985 = DEFINITIONAL_REPRESENTATION('',(#5986),#5990);
#5986 = LINE('',#5987,#5988);
#5987 = CARTESIAN_POINT('',(-21.02276676697,34.330560981));
#5988 = VECTOR('',#5989,1.);
#5989 = DIRECTION('',(-0.514102740226,-0.857728612378));
#5990 = ( GEOMETRIC_REPRESENTATION_CONTEXT(2) 
PARAMETRIC_REPRESENTATION_CONTEXT() REPRESENTATION_CONTEXT('2D SPACE',''
  ) );
#5991 = PCURVE('',#3291,#5992);
#5992 = DEFINITIONAL_REPRESENTATION('',(#5993),#5997);
#5993 = LINE('',#5994,#5995);
#5994 = CARTESIAN_POINT('',(0.,-300.));
#5995 = VECTOR('',#5996,1.);
#5996 = DIRECTION('',(1.,0.));
#5997 = ( GEOMETRIC_REPRESENTATION_CONTEXT(2) 
PARAMETRIC_REPRESENTATION_CONTEXT() REPRESENTATION_CONTEXT('2D SPACE',''
  ) );
#5998 = ORIENTED_EDGE('',*,*,#5999,.F.);
#5999 = EDGE_CURVE('',#6000,#5977,#6002,.T.);
#6000 = VERTEX_POINT('',#6001);
#6001 = CARTESIAN_POINT('',(-34.409384032,-20.273010453,150.));
#6002 = SURFACE_CURVE('',#6003,(#6007,#6014),.PCURVE_S1.);
#6003 = LINE('',#6004,#6005);
#6004 = CARTESIAN_POINT('',(-34.409384032,-20.273010453,150.));
#6005 = VECTOR('',#6006,1.);
#6006 = DIRECTION('',(0.803207530666,-0.59569930559,0.));
#6007 = PCURVE('',#119,#6008);
#6008 = DEFINITIONAL_REPRESENTATION('',(#6009),#6013);
#6009 = LINE('',#6010,#6011);
#6010 = CARTESIAN_POINT('',(-20.96430760797,34.409384032));
#6011 = VECTOR('',#6012,1.);
#6012 = DIRECTION('',(-0.59569930559,-0.803207530666));
#6013 = ( GEOMETRIC_REPRESENTATION_CONTEXT(2) 
PARAMETRIC_REPRESENTATION_CONTEXT() REPRESENTATION_CONTEXT('2D SPACE',''
  ) );
#6014 = PCURVE('',#3319,#6015);
#6015 = DEFINITIONAL_REPRESENTATION('',(#6016),#6020);
#6016 = LINE('',#6017,#6018);
#6017 = CARTESIAN_POINT('',(0.,-300.));
#6018 = VECTOR('',#6019,1.);
#6019 = DIRECTION('',(1.,0.));
#6020 = ( GEOMETRIC_REPRESENTATION_CONTEXT(2) 
PARAMETRIC_REPRESENTATION_CONTEXT() REPRESENTATION_CONTEXT('2D SPACE',''
  ) );
#6021 = ORIENTED_EDGE('',*,*,#6022,.F.);
#6022 = EDGE_CURVE('',#6023,#6000,#6025,.T.);
#6023 = VERTEX_POINT('',#6024);
#6024 = CARTESIAN_POINT('',(-34.482097529,-20.207106781,150.));
#6025 = SURFACE_CURVE('',#6026,(#6030,#6037),.PCURVE_S1.);
#6026 = LINE('',#6027,#6028);
#6027 = CARTESIAN_POINT('',(-34.482097529,-20.207106781,150.));
#6028 = VECTOR('',#6029,1.);
#6029 = DIRECTION('',(0.740951126143,-0.671558953977,0.));
#6030 = PCURVE('',#119,#6031);
#6031 = DEFINITIONAL_REPRESENTATION('',(#6032),#6036);
#6032 = LINE('',#6033,#6034);
#6033 = CARTESIAN_POINT('',(-20.89840393597,34.482097529));
#6034 = VECTOR('',#6035,1.);
#6035 = DIRECTION('',(-0.671558953977,-0.740951126143));
#6036 = ( GEOMETRIC_REPRESENTATION_CONTEXT(2) 
PARAMETRIC_REPRESENTATION_CONTEXT() REPRESENTATION_CONTEXT('2D SPACE',''
  ) );
#6037 = PCURVE('',#3347,#6038);
#6038 = DEFINITIONAL_REPRESENTATION('',(#6039),#6043);
#6039 = LINE('',#6040,#6041);
#6040 = CARTESIAN_POINT('',(0.,-300.));
#6041 = VECTOR('',#6042,1.);
#6042 = DIRECTION('',(1.,0.));
#6043 = ( GEOMETRIC_REPRESENTATION_CONTEXT(2) 
PARAMETRIC_REPRESENTATION_CONTEXT() REPRESENTATION_CONTEXT('2D SPACE',''
  ) );
#6044 = ORIENTED_EDGE('',*,*,#6045,.F.);
#6045 = EDGE_CURVE('',#6046,#6023,#6048,.T.);
#6046 = VERTEX_POINT('',#6047);
#6047 = CARTESIAN_POINT('',(-34.548001201,-20.134393284,150.));
#6048 = SURFACE_CURVE('',#6049,(#6053,#6060),.PCURVE_S1.);
#6049 = LINE('',#6050,#6051);
#6050 = CARTESIAN_POINT('',(-34.548001201,-20.134393284,150.));
#6051 = VECTOR('',#6052,1.);
#6052 = DIRECTION('',(0.671558953977,-0.740951126143,0.));
#6053 = PCURVE('',#119,#6054);
#6054 = DEFINITIONAL_REPRESENTATION('',(#6055),#6059);
#6055 = LINE('',#6056,#6057);
#6056 = CARTESIAN_POINT('',(-20.82569043897,34.548001201));
#6057 = VECTOR('',#6058,1.);
#6058 = DIRECTION('',(-0.740951126143,-0.671558953977));
#6059 = ( GEOMETRIC_REPRESENTATION_CONTEXT(2) 
PARAMETRIC_REPRESENTATION_CONTEXT() REPRESENTATION_CONTEXT('2D SPACE',''
  ) );
#6060 = PCURVE('',#3375,#6061);
#6061 = DEFINITIONAL_REPRESENTATION('',(#6062),#6066);
#6062 = LINE('',#6063,#6064);
#6063 = CARTESIAN_POINT('',(0.,-300.));
#6064 = VECTOR('',#6065,1.);
#6065 = DIRECTION('',(1.,0.));
#6066 = ( GEOMETRIC_REPRESENTATION_CONTEXT(2) 
PARAMETRIC_REPRESENTATION_CONTEXT() REPRESENTATION_CONTEXT('2D SPACE',''
  ) );
#6067 = ORIENTED_EDGE('',*,*,#6068,.F.);
#6068 = EDGE_CURVE('',#6069,#6046,#6071,.T.);
#6069 = VERTEX_POINT('',#6070);
#6070 = CARTESIAN_POINT('',(-34.60646036,-20.055570233,150.));
#6071 = SURFACE_CURVE('',#6072,(#6076,#6083),.PCURVE_S1.);
#6072 = LINE('',#6073,#6074);
#6073 = CARTESIAN_POINT('',(-34.60646036,-20.055570233,150.));
#6074 = VECTOR('',#6075,1.);
#6075 = DIRECTION('',(0.59569930559,-0.803207530666,0.));
#6076 = PCURVE('',#119,#6077);
#6077 = DEFINITIONAL_REPRESENTATION('',(#6078),#6082);
#6078 = LINE('',#6079,#6080);
#6079 = CARTESIAN_POINT('',(-20.74686738797,34.60646036));
#6080 = VECTOR('',#6081,1.);
#6081 = DIRECTION('',(-0.803207530666,-0.59569930559));
#6082 = ( GEOMETRIC_REPRESENTATION_CONTEXT(2) 
PARAMETRIC_REPRESENTATION_CONTEXT() REPRESENTATION_CONTEXT('2D SPACE',''
  ) );
#6083 = PCURVE('',#3403,#6084);
#6084 = DEFINITIONAL_REPRESENTATION('',(#6085),#6089);
#6085 = LINE('',#6086,#6087);
#6086 = CARTESIAN_POINT('',(0.,-300.));
#6087 = VECTOR('',#6088,1.);
#6088 = DIRECTION('',(1.,0.));
#6089 = ( GEOMETRIC_REPRESENTATION_CONTEXT(2) 
PARAMETRIC_REPRESENTATION_CONTEXT() REPRESENTATION_CONTEXT('2D SPACE',''
  ) );
#6090 = ORIENTED_EDGE('',*,*,#6091,.F.);
#6091 = EDGE_CURVE('',#6092,#6069,#6094,.T.);
#6092 = VERTEX_POINT('',#6093);
#6093 = CARTESIAN_POINT('',(-34.656912012,-19.971396737,150.));
#6094 = SURFACE_CURVE('',#6095,(#6099,#6106),.PCURVE_S1.);
#6095 = LINE('',#6096,#6097);
#6096 = CARTESIAN_POINT('',(-34.656912012,-19.971396737,150.));
#6097 = VECTOR('',#6098,1.);
#6098 = DIRECTION('',(0.51410274472,-0.857728609685,0.));
#6099 = PCURVE('',#119,#6100);
#6100 = DEFINITIONAL_REPRESENTATION('',(#6101),#6105);
#6101 = LINE('',#6102,#6103);
#6102 = CARTESIAN_POINT('',(-20.66269389197,34.656912012));
#6103 = VECTOR('',#6104,1.);
#6104 = DIRECTION('',(-0.857728609685,-0.51410274472));
#6105 = ( GEOMETRIC_REPRESENTATION_CONTEXT(2) 
PARAMETRIC_REPRESENTATION_CONTEXT() REPRESENTATION_CONTEXT('2D SPACE',''
  ) );
#6106 = PCURVE('',#3431,#6107);
#6107 = DEFINITIONAL_REPRESENTATION('',(#6108),#6112);
#6108 = LINE('',#6109,#6110);
#6109 = CARTESIAN_POINT('',(0.,-300.));
#6110 = VECTOR('',#6111,1.);
#6111 = DIRECTION('',(1.,0.));
#6112 = ( GEOMETRIC_REPRESENTATION_CONTEXT(2) 
PARAMETRIC_REPRESENTATION_CONTEXT() REPRESENTATION_CONTEXT('2D SPACE',''
  ) );
#6113 = ORIENTED_EDGE('',*,*,#6114,.F.);
#6114 = EDGE_CURVE('',#6115,#6092,#6117,.T.);
#6115 = VERTEX_POINT('',#6116);
#6116 = CARTESIAN_POINT('',(-34.69887028,-19.882683432,150.));
#6117 = SURFACE_CURVE('',#6118,(#6122,#6129),.PCURVE_S1.);
#6118 = LINE('',#6119,#6120);
#6119 = CARTESIAN_POINT('',(-34.69887028,-19.882683432,150.));
#6120 = VECTOR('',#6121,1.);
#6121 = DIRECTION('',(0.42755508995,-0.903989294769,0.));
#6122 = PCURVE('',#119,#6123);
#6123 = DEFINITIONAL_REPRESENTATION('',(#6124),#6128);
#6124 = LINE('',#6125,#6126);
#6125 = CARTESIAN_POINT('',(-20.57398058697,34.69887028));
#6126 = VECTOR('',#6127,1.);
#6127 = DIRECTION('',(-0.903989294769,-0.42755508995));
#6128 = ( GEOMETRIC_REPRESENTATION_CONTEXT(2) 
PARAMETRIC_REPRESENTATION_CONTEXT() REPRESENTATION_CONTEXT('2D SPACE',''
  ) );
#6129 = PCURVE('',#3459,#6130);
#6130 = DEFINITIONAL_REPRESENTATION('',(#6131),#6135);
#6131 = LINE('',#6132,#6133);
#6132 = CARTESIAN_POINT('',(0.,-300.));
#6133 = VECTOR('',#6134,1.);
#6134 = DIRECTION('',(1.,0.));
#6135 = ( GEOMETRIC_REPRESENTATION_CONTEXT(2) 
PARAMETRIC_REPRESENTATION_CONTEXT() REPRESENTATION_CONTEXT('2D SPACE',''
  ) );
#6136 = ORIENTED_EDGE('',*,*,#6137,.F.);
#6137 = EDGE_CURVE('',#6138,#6115,#6140,.T.);
#6138 = VERTEX_POINT('',#6139);
#6139 = CARTESIAN_POINT('',(-34.731931083,-19.790284677,150.));
#6140 = SURFACE_CURVE('',#6141,(#6145,#6152),.PCURVE_S1.);
#6141 = LINE('',#6142,#6143);
#6142 = CARTESIAN_POINT('',(-34.731931083,-19.790284677,150.));
#6143 = VECTOR('',#6144,1.);
#6144 = DIRECTION('',(0.336889851754,-0.941544065769,0.));
#6145 = PCURVE('',#119,#6146);
#6146 = DEFINITIONAL_REPRESENTATION('',(#6147),#6151);
#6147 = LINE('',#6148,#6149);
#6148 = CARTESIAN_POINT('',(-20.48158183197,34.731931083));
#6149 = VECTOR('',#6150,1.);
#6150 = DIRECTION('',(-0.941544065769,-0.336889851754));
#6151 = ( GEOMETRIC_REPRESENTATION_CONTEXT(2) 
PARAMETRIC_REPRESENTATION_CONTEXT() REPRESENTATION_CONTEXT('2D SPACE',''
  ) );
#6152 = PCURVE('',#3487,#6153);
#6153 = DEFINITIONAL_REPRESENTATION('',(#6154),#6158);
#6154 = LINE('',#6155,#6156);
#6155 = CARTESIAN_POINT('',(0.,-300.));
#6156 = VECTOR('',#6157,1.);
#6157 = DIRECTION('',(1.,0.));
#6158 = ( GEOMETRIC_REPRESENTATION_CONTEXT(2) 
PARAMETRIC_REPRESENTATION_CONTEXT() REPRESENTATION_CONTEXT('2D SPACE',''
  ) );
#6159 = ORIENTED_EDGE('',*,*,#6160,.F.);
#6160 = EDGE_CURVE('',#6161,#6138,#6163,.T.);
#6161 = VERTEX_POINT('',#6162);
#6162 = CARTESIAN_POINT('',(-34.755776028,-19.695090322,150.));
#6163 = SURFACE_CURVE('',#6164,(#6168,#6175),.PCURVE_S1.);
#6164 = LINE('',#6165,#6166);
#6165 = CARTESIAN_POINT('',(-34.755776028,-19.695090322,150.));
#6166 = VECTOR('',#6167,1.);
#6167 = DIRECTION('',(0.24298018363,-0.970031252261,0.));
#6168 = PCURVE('',#119,#6169);
#6169 = DEFINITIONAL_REPRESENTATION('',(#6170),#6174);
#6170 = LINE('',#6171,#6172);
#6171 = CARTESIAN_POINT('',(-20.38638747697,34.755776028));
#6172 = VECTOR('',#6173,1.);
#6173 = DIRECTION('',(-0.970031252261,-0.24298018363));
#6174 = ( GEOMETRIC_REPRESENTATION_CONTEXT(2) 
PARAMETRIC_REPRESENTATION_CONTEXT() REPRESENTATION_CONTEXT('2D SPACE',''
  ) );
#6175 = PCURVE('',#3515,#6176);
#6176 = DEFINITIONAL_REPRESENTATION('',(#6177),#6181);
#6177 = LINE('',#6178,#6179);
#6178 = CARTESIAN_POINT('',(0.,-300.));
#6179 = VECTOR('',#6180,1.);
#6180 = DIRECTION('',(1.,0.));
#6181 = ( GEOMETRIC_REPRESENTATION_CONTEXT(2) 
PARAMETRIC_REPRESENTATION_CONTEXT() REPRESENTATION_CONTEXT('2D SPACE',''
  ) );
#6182 = ORIENTED_EDGE('',*,*,#6183,.F.);
#6183 = EDGE_CURVE('',#4850,#6161,#6184,.T.);
#6184 = SURFACE_CURVE('',#6185,(#6189,#6196),.PCURVE_S1.);
#6185 = LINE('',#6186,#6187);
#6186 = CARTESIAN_POINT('',(-34.770175474,-19.59801714,150.));
#6187 = VECTOR('',#6188,1.);
#6188 = DIRECTION('',(0.14673047131,-0.989176510431,0.));
#6189 = PCURVE('',#119,#6190);
#6190 = DEFINITIONAL_REPRESENTATION('',(#6191),#6195);
#6191 = LINE('',#6192,#6193);
#6192 = CARTESIAN_POINT('',(-20.28931429497,34.770175474));
#6193 = VECTOR('',#6194,1.);
#6194 = DIRECTION('',(-0.989176510431,-0.14673047131));
#6195 = ( GEOMETRIC_REPRESENTATION_CONTEXT(2) 
PARAMETRIC_REPRESENTATION_CONTEXT() REPRESENTATION_CONTEXT('2D SPACE',''
  ) );
#6196 = PCURVE('',#3541,#6197);
#6197 = DEFINITIONAL_REPRESENTATION('',(#6198),#6202);
#6198 = LINE('',#6199,#6200);
#6199 = CARTESIAN_POINT('',(0.,-300.));
#6200 = VECTOR('',#6201,1.);
#6201 = DIRECTION('',(1.,0.));
#6202 = ( GEOMETRIC_REPRESENTATION_CONTEXT(2) 
PARAMETRIC_REPRESENTATION_CONTEXT() REPRESENTATION_CONTEXT('2D SPACE',''
  ) );
#6203 = ADVANCED_FACE('',(#6204),#206,.F.);
#6204 = FACE_BOUND('',#6205,.F.);
#6205 = EDGE_LOOP('',(#6206,#6227,#6228,#6229));
#6206 = ORIENTED_EDGE('',*,*,#6207,.T.);
#6207 = EDGE_CURVE('',#1850,#4801,#6208,.T.);
#6208 = SURFACE_CURVE('',#6209,(#6213,#6220),.PCURVE_S1.);
#6209 = LINE('',#6210,#6211);
#6210 = CARTESIAN_POINT('',(-34.9694524571,19.617644210107,-150.));
#6211 = VECTOR('',#6212,1.);
#6212 = DIRECTION('',(0.,0.,1.));
#6213 = PCURVE('',#206,#6214);
#6214 = DEFINITIONAL_REPRESENTATION('',(#6215),#6219);
#6215 = LINE('',#6216,#6217);
#6216 = CARTESIAN_POINT('',(0.,0.));
#6217 = VECTOR('',#6218,1.);
#6218 = DIRECTION('',(0.,-1.));
#6219 = ( GEOMETRIC_REPRESENTATION_CONTEXT(2) 
PARAMETRIC_REPRESENTATION_CONTEXT() REPRESENTATION_CONTEXT('2D SPACE',''
  ) );
#6220 = PCURVE('',#1865,#6221);
#6221 = DEFINITIONAL_REPRESENTATION('',(#6222),#6226);
#6222 = LINE('',#6223,#6224);
#6223 = CARTESIAN_POINT('',(0.117786088516,0.));
#6224 = VECTOR('',#6225,1.);
#6225 = DIRECTION('',(0.,-1.));
#6226 = ( GEOMETRIC_REPRESENTATION_CONTEXT(2) 
PARAMETRIC_REPRESENTATION_CONTEXT() REPRESENTATION_CONTEXT('2D SPACE',''
  ) );
#6227 = ORIENTED_EDGE('',*,*,#4823,.T.);
#6228 = ORIENTED_EDGE('',*,*,#188,.F.);
#6229 = ORIENTED_EDGE('',*,*,#1877,.F.);
#6230 = ADVANCED_FACE('',(#6231),#304,.F.);
#6231 = FACE_BOUND('',#6232,.F.);
#6232 = EDGE_LOOP('',(#6233,#6234,#6235,#6256));
#6233 = ORIENTED_EDGE('',*,*,#288,.T.);
#6234 = ORIENTED_EDGE('',*,*,#3558,.T.);
#6235 = ORIENTED_EDGE('',*,*,#6236,.F.);
#6236 = EDGE_CURVE('',#343,#3559,#6237,.T.);
#6237 = SURFACE_CURVE('',#6238,(#6242,#6249),.PCURVE_S1.);
#6238 = LINE('',#6239,#6240);
#6239 = CARTESIAN_POINT('',(-34.92354996339,-19.8484116291,-150.));
#6240 = VECTOR('',#6241,1.);
#6241 = DIRECTION('',(0.,0.,1.));
#6242 = PCURVE('',#304,#6243);
#6243 = DEFINITIONAL_REPRESENTATION('',(#6244),#6248);
#6244 = LINE('',#6245,#6246);
#6245 = CARTESIAN_POINT('',(0.117786088556,0.));
#6246 = VECTOR('',#6247,1.);
#6247 = DIRECTION('',(0.,-1.));
#6248 = ( GEOMETRIC_REPRESENTATION_CONTEXT(2) 
PARAMETRIC_REPRESENTATION_CONTEXT() REPRESENTATION_CONTEXT('2D SPACE',''
  ) );
#6249 = PCURVE('',#381,#6250);
#6250 = DEFINITIONAL_REPRESENTATION('',(#6251),#6255);
#6251 = LINE('',#6252,#6253);
#6252 = CARTESIAN_POINT('',(0.,0.));
#6253 = VECTOR('',#6254,1.);
#6254 = DIRECTION('',(0.,-1.));
#6255 = ( GEOMETRIC_REPRESENTATION_CONTEXT(2) 
PARAMETRIC_REPRESENTATION_CONTEXT() REPRESENTATION_CONTEXT('2D SPACE',''
  ) );
#6256 = ORIENTED_EDGE('',*,*,#342,.F.);
#6257 = ADVANCED_FACE('',(#6258),#1865,.F.);
#6258 = FACE_BOUND('',#6259,.F.);
#6259 = EDGE_LOOP('',(#6260,#6281,#6282,#6283));
#6260 = ORIENTED_EDGE('',*,*,#6261,.T.);
#6261 = EDGE_CURVE('',#1822,#4778,#6262,.T.);
#6262 = SURFACE_CURVE('',#6263,(#6267,#6274),.PCURVE_S1.);
#6263 = LINE('',#6264,#6265);
#6264 = CARTESIAN_POINT('',(-34.95216964881,19.734155442123,-150.));
#6265 = VECTOR('',#6266,1.);
#6266 = DIRECTION('',(0.,0.,1.));
#6267 = PCURVE('',#1865,#6268);
#6268 = DEFINITIONAL_REPRESENTATION('',(#6269),#6273);
#6269 = LINE('',#6270,#6271);
#6270 = CARTESIAN_POINT('',(0.,0.));
#6271 = VECTOR('',#6272,1.);
#6272 = DIRECTION('',(0.,-1.));
#6273 = ( GEOMETRIC_REPRESENTATION_CONTEXT(2) 
PARAMETRIC_REPRESENTATION_CONTEXT() REPRESENTATION_CONTEXT('2D SPACE',''
  ) );
#6274 = PCURVE('',#1837,#6275);
#6275 = DEFINITIONAL_REPRESENTATION('',(#6276),#6280);
#6276 = LINE('',#6277,#6278);
#6277 = CARTESIAN_POINT('',(0.117786088556,0.));
#6278 = VECTOR('',#6279,1.);
#6279 = DIRECTION('',(0.,-1.));
#6280 = ( GEOMETRIC_REPRESENTATION_CONTEXT(2) 
PARAMETRIC_REPRESENTATION_CONTEXT() REPRESENTATION_CONTEXT('2D SPACE',''
  ) );
#6281 = ORIENTED_EDGE('',*,*,#4800,.T.);
#6282 = ORIENTED_EDGE('',*,*,#6207,.F.);
#6283 = ORIENTED_EDGE('',*,*,#1849,.F.);
#6284 = ADVANCED_FACE('',(#6285),#381,.F.);
#6285 = FACE_BOUND('',#6286,.F.);
#6286 = EDGE_LOOP('',(#6287,#6288,#6289,#6310));
#6287 = ORIENTED_EDGE('',*,*,#6236,.T.);
#6288 = ORIENTED_EDGE('',*,*,#3581,.T.);
#6289 = ORIENTED_EDGE('',*,*,#6290,.F.);
#6290 = EDGE_CURVE('',#366,#3582,#6291,.T.);
#6291 = SURFACE_CURVE('',#6292,(#6296,#6303),.PCURVE_S1.);
#6292 = LINE('',#6293,#6294);
#6293 = CARTESIAN_POINT('',(-34.88386902579,-19.95931242092,-150.));
#6294 = VECTOR('',#6295,1.);
#6295 = DIRECTION('',(0.,0.,1.));
#6296 = PCURVE('',#381,#6297);
#6297 = DEFINITIONAL_REPRESENTATION('',(#6298),#6302);
#6298 = LINE('',#6299,#6300);
#6299 = CARTESIAN_POINT('',(0.117786087613,0.));
#6300 = VECTOR('',#6301,1.);
#6301 = DIRECTION('',(0.,-1.));
#6302 = ( GEOMETRIC_REPRESENTATION_CONTEXT(2) 
PARAMETRIC_REPRESENTATION_CONTEXT() REPRESENTATION_CONTEXT('2D SPACE',''
  ) );
#6303 = PCURVE('',#409,#6304);
#6304 = DEFINITIONAL_REPRESENTATION('',(#6305),#6309);
#6305 = LINE('',#6306,#6307);
#6306 = CARTESIAN_POINT('',(0.,0.));
#6307 = VECTOR('',#6308,1.);
#6308 = DIRECTION('',(0.,-1.));
#6309 = ( GEOMETRIC_REPRESENTATION_CONTEXT(2) 
PARAMETRIC_REPRESENTATION_CONTEXT() REPRESENTATION_CONTEXT('2D SPACE',''
  ) );
#6310 = ORIENTED_EDGE('',*,*,#365,.F.);
#6311 = ADVANCED_FACE('',(#6312),#1837,.F.);
#6312 = FACE_BOUND('',#6313,.F.);
#6313 = EDGE_LOOP('',(#6314,#6335,#6336,#6337));
#6314 = ORIENTED_EDGE('',*,*,#6315,.T.);
#6315 = EDGE_CURVE('',#1794,#4755,#6316,.T.);
#6316 = SURFACE_CURVE('',#6317,(#6321,#6328),.PCURVE_S1.);
#6317 = LINE('',#6318,#6319);
#6318 = CARTESIAN_POINT('',(-34.92354996339,19.848411629104,-150.));
#6319 = VECTOR('',#6320,1.);
#6320 = DIRECTION('',(0.,0.,1.));
#6321 = PCURVE('',#1837,#6322);
#6322 = DEFINITIONAL_REPRESENTATION('',(#6323),#6327);
#6323 = LINE('',#6324,#6325);
#6324 = CARTESIAN_POINT('',(0.,0.));
#6325 = VECTOR('',#6326,1.);
#6326 = DIRECTION('',(0.,-1.));
#6327 = ( GEOMETRIC_REPRESENTATION_CONTEXT(2) 
PARAMETRIC_REPRESENTATION_CONTEXT() REPRESENTATION_CONTEXT('2D SPACE',''
  ) );
#6328 = PCURVE('',#1809,#6329);
#6329 = DEFINITIONAL_REPRESENTATION('',(#6330),#6334);
#6330 = LINE('',#6331,#6332);
#6331 = CARTESIAN_POINT('',(0.117786087613,0.));
#6332 = VECTOR('',#6333,1.);
#6333 = DIRECTION('',(0.,-1.));
#6334 = ( GEOMETRIC_REPRESENTATION_CONTEXT(2) 
PARAMETRIC_REPRESENTATION_CONTEXT() REPRESENTATION_CONTEXT('2D SPACE',''
  ) );
#6335 = ORIENTED_EDGE('',*,*,#4777,.T.);
#6336 = ORIENTED_EDGE('',*,*,#6261,.F.);
#6337 = ORIENTED_EDGE('',*,*,#1821,.F.);
#6338 = ADVANCED_FACE('',(#6339),#409,.F.);
#6339 = FACE_BOUND('',#6340,.F.);
#6340 = EDGE_LOOP('',(#6341,#6342,#6343,#6364));
#6341 = ORIENTED_EDGE('',*,*,#6290,.T.);
#6342 = ORIENTED_EDGE('',*,*,#3604,.T.);
#6343 = ORIENTED_EDGE('',*,*,#6344,.F.);
#6344 = EDGE_CURVE('',#394,#3605,#6345,.T.);
#6345 = SURFACE_CURVE('',#6346,(#6350,#6357),.PCURVE_S1.);
#6346 = LINE('',#6347,#6348);
#6347 = CARTESIAN_POINT('',(-34.83350898382,-20.06578978465,-150.));
#6348 = VECTOR('',#6349,1.);
#6349 = DIRECTION('',(0.,0.,1.));
#6350 = PCURVE('',#409,#6351);
#6351 = DEFINITIONAL_REPRESENTATION('',(#6352),#6356);
#6352 = LINE('',#6353,#6354);
#6353 = CARTESIAN_POINT('',(0.117786089216,0.));
#6354 = VECTOR('',#6355,1.);
#6355 = DIRECTION('',(0.,-1.));
#6356 = ( GEOMETRIC_REPRESENTATION_CONTEXT(2) 
PARAMETRIC_REPRESENTATION_CONTEXT() REPRESENTATION_CONTEXT('2D SPACE',''
  ) );
#6357 = PCURVE('',#437,#6358);
#6358 = DEFINITIONAL_REPRESENTATION('',(#6359),#6363);
#6359 = LINE('',#6360,#6361);
#6360 = CARTESIAN_POINT('',(0.,0.));
#6361 = VECTOR('',#6362,1.);
#6362 = DIRECTION('',(0.,-1.));
#6363 = ( GEOMETRIC_REPRESENTATION_CONTEXT(2) 
PARAMETRIC_REPRESENTATION_CONTEXT() REPRESENTATION_CONTEXT('2D SPACE',''
  ) );
#6364 = ORIENTED_EDGE('',*,*,#393,.F.);
#6365 = ADVANCED_FACE('',(#6366),#1809,.F.);
#6366 = FACE_BOUND('',#6367,.F.);
#6367 = EDGE_LOOP('',(#6368,#6389,#6390,#6391));
#6368 = ORIENTED_EDGE('',*,*,#6369,.T.);
#6369 = EDGE_CURVE('',#1766,#4732,#6370,.T.);
#6370 = SURFACE_CURVE('',#6371,(#6375,#6382),.PCURVE_S1.);
#6371 = LINE('',#6372,#6373);
#6372 = CARTESIAN_POINT('',(-34.88386902579,19.959312420926,-150.));
#6373 = VECTOR('',#6374,1.);
#6374 = DIRECTION('',(0.,0.,1.));
#6375 = PCURVE('',#1809,#6376);
#6376 = DEFINITIONAL_REPRESENTATION('',(#6377),#6381);
#6377 = LINE('',#6378,#6379);
#6378 = CARTESIAN_POINT('',(0.,0.));
#6379 = VECTOR('',#6380,1.);
#6380 = DIRECTION('',(0.,-1.));
#6381 = ( GEOMETRIC_REPRESENTATION_CONTEXT(2) 
PARAMETRIC_REPRESENTATION_CONTEXT() REPRESENTATION_CONTEXT('2D SPACE',''
  ) );
#6382 = PCURVE('',#1781,#6383);
#6383 = DEFINITIONAL_REPRESENTATION('',(#6384),#6388);
#6384 = LINE('',#6385,#6386);
#6385 = CARTESIAN_POINT('',(0.117786089216,0.));
#6386 = VECTOR('',#6387,1.);
#6387 = DIRECTION('',(0.,-1.));
#6388 = ( GEOMETRIC_REPRESENTATION_CONTEXT(2) 
PARAMETRIC_REPRESENTATION_CONTEXT() REPRESENTATION_CONTEXT('2D SPACE',''
  ) );
#6389 = ORIENTED_EDGE('',*,*,#4754,.T.);
#6390 = ORIENTED_EDGE('',*,*,#6315,.F.);
#6391 = ORIENTED_EDGE('',*,*,#1793,.F.);
#6392 = ADVANCED_FACE('',(#6393),#437,.F.);
#6393 = FACE_BOUND('',#6394,.F.);
#6394 = EDGE_LOOP('',(#6395,#6396,#6397,#6418));
#6395 = ORIENTED_EDGE('',*,*,#6344,.T.);
#6396 = ORIENTED_EDGE('',*,*,#3627,.T.);
#6397 = ORIENTED_EDGE('',*,*,#6398,.F.);
#6398 = EDGE_CURVE('',#422,#3628,#6399,.T.);
#6399 = SURFACE_CURVE('',#6400,(#6404,#6411),.PCURVE_S1.);
#6400 = LINE('',#6401,#6402);
#6401 = CARTESIAN_POINT('',(-34.77295483223,-20.16681828291,-150.));
#6402 = VECTOR('',#6403,1.);
#6403 = DIRECTION('',(0.,0.,1.));
#6404 = PCURVE('',#437,#6405);
#6405 = DEFINITIONAL_REPRESENTATION('',(#6406),#6410);
#6406 = LINE('',#6407,#6408);
#6407 = CARTESIAN_POINT('',(0.117786088896,0.));
#6408 = VECTOR('',#6409,1.);
#6409 = DIRECTION('',(0.,-1.));
#6410 = ( GEOMETRIC_REPRESENTATION_CONTEXT(2) 
PARAMETRIC_REPRESENTATION_CONTEXT() REPRESENTATION_CONTEXT('2D SPACE',''
  ) );
#6411 = PCURVE('',#465,#6412);
#6412 = DEFINITIONAL_REPRESENTATION('',(#6413),#6417);
#6413 = LINE('',#6414,#6415);
#6414 = CARTESIAN_POINT('',(0.,0.));
#6415 = VECTOR('',#6416,1.);
#6416 = DIRECTION('',(0.,-1.));
#6417 = ( GEOMETRIC_REPRESENTATION_CONTEXT(2) 
PARAMETRIC_REPRESENTATION_CONTEXT() REPRESENTATION_CONTEXT('2D SPACE',''
  ) );
#6418 = ORIENTED_EDGE('',*,*,#421,.F.);
#6419 = ADVANCED_FACE('',(#6420),#1781,.F.);
#6420 = FACE_BOUND('',#6421,.F.);
#6421 = EDGE_LOOP('',(#6422,#6443,#6444,#6445));
#6422 = ORIENTED_EDGE('',*,*,#6423,.T.);
#6423 = EDGE_CURVE('',#1738,#4709,#6424,.T.);
#6424 = SURFACE_CURVE('',#6425,(#6429,#6436),.PCURVE_S1.);
#6425 = LINE('',#6426,#6427);
#6426 = CARTESIAN_POINT('',(-34.83350898382,20.06578978465,-150.));
#6427 = VECTOR('',#6428,1.);
#6428 = DIRECTION('',(0.,0.,1.));
#6429 = PCURVE('',#1781,#6430);
#6430 = DEFINITIONAL_REPRESENTATION('',(#6431),#6435);
#6431 = LINE('',#6432,#6433);
#6432 = CARTESIAN_POINT('',(0.,0.));
#6433 = VECTOR('',#6434,1.);
#6434 = DIRECTION('',(0.,-1.));
#6435 = ( GEOMETRIC_REPRESENTATION_CONTEXT(2) 
PARAMETRIC_REPRESENTATION_CONTEXT() REPRESENTATION_CONTEXT('2D SPACE',''
  ) );
#6436 = PCURVE('',#1753,#6437);
#6437 = DEFINITIONAL_REPRESENTATION('',(#6438),#6442);
#6438 = LINE('',#6439,#6440);
#6439 = CARTESIAN_POINT('',(0.117786088896,0.));
#6440 = VECTOR('',#6441,1.);
#6441 = DIRECTION('',(0.,-1.));
#6442 = ( GEOMETRIC_REPRESENTATION_CONTEXT(2) 
PARAMETRIC_REPRESENTATION_CONTEXT() REPRESENTATION_CONTEXT('2D SPACE',''
  ) );
#6443 = ORIENTED_EDGE('',*,*,#4731,.T.);
#6444 = ORIENTED_EDGE('',*,*,#6369,.F.);
#6445 = ORIENTED_EDGE('',*,*,#1765,.F.);
#6446 = ADVANCED_FACE('',(#6447),#465,.F.);
#6447 = FACE_BOUND('',#6448,.F.);
#6448 = EDGE_LOOP('',(#6449,#6450,#6451,#6472));
#6449 = ORIENTED_EDGE('',*,*,#6398,.T.);
#6450 = ORIENTED_EDGE('',*,*,#3650,.T.);
#6451 = ORIENTED_EDGE('',*,*,#6452,.F.);
#6452 = EDGE_CURVE('',#450,#3651,#6453,.T.);
#6453 = SURFACE_CURVE('',#6454,(#6458,#6465),.PCURVE_S1.);
#6454 = LINE('',#6455,#6456);
#6455 = CARTESIAN_POINT('',(-34.70278974122,-20.26142495605,-150.));
#6456 = VECTOR('',#6457,1.);
#6457 = DIRECTION('',(0.,0.,1.));
#6458 = PCURVE('',#465,#6459);
#6459 = DEFINITIONAL_REPRESENTATION('',(#6460),#6464);
#6460 = LINE('',#6461,#6462);
#6461 = CARTESIAN_POINT('',(0.117786088304,0.));
#6462 = VECTOR('',#6463,1.);
#6463 = DIRECTION('',(0.,-1.));
#6464 = ( GEOMETRIC_REPRESENTATION_CONTEXT(2) 
PARAMETRIC_REPRESENTATION_CONTEXT() REPRESENTATION_CONTEXT('2D SPACE',''
  ) );
#6465 = PCURVE('',#493,#6466);
#6466 = DEFINITIONAL_REPRESENTATION('',(#6467),#6471);
#6467 = LINE('',#6468,#6469);
#6468 = CARTESIAN_POINT('',(0.,0.));
#6469 = VECTOR('',#6470,1.);
#6470 = DIRECTION('',(0.,-1.));
#6471 = ( GEOMETRIC_REPRESENTATION_CONTEXT(2) 
PARAMETRIC_REPRESENTATION_CONTEXT() REPRESENTATION_CONTEXT('2D SPACE',''
  ) );
#6472 = ORIENTED_EDGE('',*,*,#449,.F.);
#6473 = ADVANCED_FACE('',(#6474),#1753,.F.);
#6474 = FACE_BOUND('',#6475,.F.);
#6475 = EDGE_LOOP('',(#6476,#6497,#6498,#6499));
#6476 = ORIENTED_EDGE('',*,*,#6477,.T.);
#6477 = EDGE_CURVE('',#1710,#4686,#6478,.T.);
#6478 = SURFACE_CURVE('',#6479,(#6483,#6490),.PCURVE_S1.);
#6479 = LINE('',#6480,#6481);
#6480 = CARTESIAN_POINT('',(-34.77295483223,20.166818282919,-150.));
#6481 = VECTOR('',#6482,1.);
#6482 = DIRECTION('',(0.,0.,1.));
#6483 = PCURVE('',#1753,#6484);
#6484 = DEFINITIONAL_REPRESENTATION('',(#6485),#6489);
#6485 = LINE('',#6486,#6487);
#6486 = CARTESIAN_POINT('',(0.,0.));
#6487 = VECTOR('',#6488,1.);
#6488 = DIRECTION('',(0.,-1.));
#6489 = ( GEOMETRIC_REPRESENTATION_CONTEXT(2) 
PARAMETRIC_REPRESENTATION_CONTEXT() REPRESENTATION_CONTEXT('2D SPACE',''
  ) );
#6490 = PCURVE('',#1725,#6491);
#6491 = DEFINITIONAL_REPRESENTATION('',(#6492),#6496);
#6492 = LINE('',#6493,#6494);
#6493 = CARTESIAN_POINT('',(0.117786088304,0.));
#6494 = VECTOR('',#6495,1.);
#6495 = DIRECTION('',(0.,-1.));
#6496 = ( GEOMETRIC_REPRESENTATION_CONTEXT(2) 
PARAMETRIC_REPRESENTATION_CONTEXT() REPRESENTATION_CONTEXT('2D SPACE',''
  ) );
#6497 = ORIENTED_EDGE('',*,*,#4708,.T.);
#6498 = ORIENTED_EDGE('',*,*,#6423,.F.);
#6499 = ORIENTED_EDGE('',*,*,#1737,.F.);
#6500 = ADVANCED_FACE('',(#6501),#493,.F.);
#6501 = FACE_BOUND('',#6502,.F.);
#6502 = EDGE_LOOP('',(#6503,#6504,#6505,#6526));
#6503 = ORIENTED_EDGE('',*,*,#6452,.T.);
#6504 = ORIENTED_EDGE('',*,*,#3673,.T.);
#6505 = ORIENTED_EDGE('',*,*,#6506,.F.);
#6506 = EDGE_CURVE('',#478,#3674,#6507,.T.);
#6507 = SURFACE_CURVE('',#6508,(#6512,#6519),.PCURVE_S1.);
#6508 = LINE('',#6509,#6510);
#6509 = CARTESIAN_POINT('',(-34.6236894389,-20.3486986909,-150.));
#6510 = VECTOR('',#6511,1.);
#6511 = DIRECTION('',(0.,0.,1.));
#6512 = PCURVE('',#493,#6513);
#6513 = DEFINITIONAL_REPRESENTATION('',(#6514),#6518);
#6514 = LINE('',#6515,#6516);
#6515 = CARTESIAN_POINT('',(0.117786088408,0.));
#6516 = VECTOR('',#6517,1.);
#6517 = DIRECTION('',(0.,-1.));
#6518 = ( GEOMETRIC_REPRESENTATION_CONTEXT(2) 
PARAMETRIC_REPRESENTATION_CONTEXT() REPRESENTATION_CONTEXT('2D SPACE',''
  ) );
#6519 = PCURVE('',#521,#6520);
#6520 = DEFINITIONAL_REPRESENTATION('',(#6521),#6525);
#6521 = LINE('',#6522,#6523);
#6522 = CARTESIAN_POINT('',(0.,0.));
#6523 = VECTOR('',#6524,1.);
#6524 = DIRECTION('',(0.,-1.));
#6525 = ( GEOMETRIC_REPRESENTATION_CONTEXT(2) 
PARAMETRIC_REPRESENTATION_CONTEXT() REPRESENTATION_CONTEXT('2D SPACE',''
  ) );
#6526 = ORIENTED_EDGE('',*,*,#477,.F.);
#6527 = ADVANCED_FACE('',(#6528),#1725,.F.);
#6528 = FACE_BOUND('',#6529,.F.);
#6529 = EDGE_LOOP('',(#6530,#6551,#6552,#6553));
#6530 = ORIENTED_EDGE('',*,*,#6531,.T.);
#6531 = EDGE_CURVE('',#1682,#4663,#6532,.T.);
#6532 = SURFACE_CURVE('',#6533,(#6537,#6544),.PCURVE_S1.);
#6533 = LINE('',#6534,#6535);
#6534 = CARTESIAN_POINT('',(-34.70278974122,20.261424956052,-150.));
#6535 = VECTOR('',#6536,1.);
#6536 = DIRECTION('',(0.,0.,1.));
#6537 = PCURVE('',#1725,#6538);
#6538 = DEFINITIONAL_REPRESENTATION('',(#6539),#6543);
#6539 = LINE('',#6540,#6541);
#6540 = CARTESIAN_POINT('',(0.,0.));
#6541 = VECTOR('',#6542,1.);
#6542 = DIRECTION('',(0.,-1.));
#6543 = ( GEOMETRIC_REPRESENTATION_CONTEXT(2) 
PARAMETRIC_REPRESENTATION_CONTEXT() REPRESENTATION_CONTEXT('2D SPACE',''
  ) );
#6544 = PCURVE('',#1697,#6545);
#6545 = DEFINITIONAL_REPRESENTATION('',(#6546),#6550);
#6546 = LINE('',#6547,#6548);
#6547 = CARTESIAN_POINT('',(0.117786088408,0.));
#6548 = VECTOR('',#6549,1.);
#6549 = DIRECTION('',(0.,-1.));
#6550 = ( GEOMETRIC_REPRESENTATION_CONTEXT(2) 
PARAMETRIC_REPRESENTATION_CONTEXT() REPRESENTATION_CONTEXT('2D SPACE',''
  ) );
#6551 = ORIENTED_EDGE('',*,*,#4685,.T.);
#6552 = ORIENTED_EDGE('',*,*,#6477,.F.);
#6553 = ORIENTED_EDGE('',*,*,#1709,.F.);
#6554 = ADVANCED_FACE('',(#6555),#521,.F.);
#6555 = FACE_BOUND('',#6556,.F.);
#6556 = EDGE_LOOP('',(#6557,#6558,#6559,#6580));
#6557 = ORIENTED_EDGE('',*,*,#6506,.T.);
#6558 = ORIENTED_EDGE('',*,*,#3696,.T.);
#6559 = ORIENTED_EDGE('',*,*,#6560,.F.);
#6560 = EDGE_CURVE('',#506,#3697,#6561,.T.);
#6561 = SURFACE_CURVE('',#6562,(#6566,#6573),.PCURVE_S1.);
#6562 = LINE('',#6563,#6564);
#6563 = CARTESIAN_POINT('',(-34.53641570405,-20.42779899322,-150.));
#6564 = VECTOR('',#6565,1.);
#6565 = DIRECTION('',(0.,0.,1.));
#6566 = PCURVE('',#521,#6567);
#6567 = DEFINITIONAL_REPRESENTATION('',(#6568),#6572);
#6568 = LINE('',#6569,#6570);
#6569 = CARTESIAN_POINT('',(0.117786088408,0.));
#6570 = VECTOR('',#6571,1.);
#6571 = DIRECTION('',(0.,-1.));
#6572 = ( GEOMETRIC_REPRESENTATION_CONTEXT(2) 
PARAMETRIC_REPRESENTATION_CONTEXT() REPRESENTATION_CONTEXT('2D SPACE',''
  ) );
#6573 = PCURVE('',#549,#6574);
#6574 = DEFINITIONAL_REPRESENTATION('',(#6575),#6579);
#6575 = LINE('',#6576,#6577);
#6576 = CARTESIAN_POINT('',(0.,0.));
#6577 = VECTOR('',#6578,1.);
#6578 = DIRECTION('',(0.,-1.));
#6579 = ( GEOMETRIC_REPRESENTATION_CONTEXT(2) 
PARAMETRIC_REPRESENTATION_CONTEXT() REPRESENTATION_CONTEXT('2D SPACE',''
  ) );
#6580 = ORIENTED_EDGE('',*,*,#505,.F.);
#6581 = ADVANCED_FACE('',(#6582),#1697,.F.);
#6582 = FACE_BOUND('',#6583,.F.);
#6583 = EDGE_LOOP('',(#6584,#6605,#6606,#6607));
#6584 = ORIENTED_EDGE('',*,*,#6585,.T.);
#6585 = EDGE_CURVE('',#1654,#4640,#6586,.T.);
#6586 = SURFACE_CURVE('',#6587,(#6591,#6598),.PCURVE_S1.);
#6587 = LINE('',#6588,#6589);
#6588 = CARTESIAN_POINT('',(-34.6236894389,20.348698690902,-150.));
#6589 = VECTOR('',#6590,1.);
#6590 = DIRECTION('',(0.,0.,1.));
#6591 = PCURVE('',#1697,#6592);
#6592 = DEFINITIONAL_REPRESENTATION('',(#6593),#6597);
#6593 = LINE('',#6594,#6595);
#6594 = CARTESIAN_POINT('',(0.,0.));
#6595 = VECTOR('',#6596,1.);
#6596 = DIRECTION('',(0.,-1.));
#6597 = ( GEOMETRIC_REPRESENTATION_CONTEXT(2) 
PARAMETRIC_REPRESENTATION_CONTEXT() REPRESENTATION_CONTEXT('2D SPACE',''
  ) );
#6598 = PCURVE('',#1669,#6599);
#6599 = DEFINITIONAL_REPRESENTATION('',(#6600),#6604);
#6600 = LINE('',#6601,#6602);
#6601 = CARTESIAN_POINT('',(0.117786088408,0.));
#6602 = VECTOR('',#6603,1.);
#6603 = DIRECTION('',(0.,-1.));
#6604 = ( GEOMETRIC_REPRESENTATION_CONTEXT(2) 
PARAMETRIC_REPRESENTATION_CONTEXT() REPRESENTATION_CONTEXT('2D SPACE',''
  ) );
#6605 = ORIENTED_EDGE('',*,*,#4662,.T.);
#6606 = ORIENTED_EDGE('',*,*,#6531,.F.);
#6607 = ORIENTED_EDGE('',*,*,#1681,.F.);
#6608 = ADVANCED_FACE('',(#6609),#549,.F.);
#6609 = FACE_BOUND('',#6610,.F.);
#6610 = EDGE_LOOP('',(#6611,#6612,#6613,#6634));
#6611 = ORIENTED_EDGE('',*,*,#6560,.T.);
#6612 = ORIENTED_EDGE('',*,*,#3719,.T.);
#6613 = ORIENTED_EDGE('',*,*,#6614,.F.);
#6614 = EDGE_CURVE('',#534,#3720,#6615,.T.);
#6615 = SURFACE_CURVE('',#6616,(#6620,#6627),.PCURVE_S1.);
#6616 = LINE('',#6617,#6618);
#6617 = CARTESIAN_POINT('',(-34.44180903049,-20.49796408455,-150.));
#6618 = VECTOR('',#6619,1.);
#6619 = DIRECTION('',(0.,0.,1.));
#6620 = PCURVE('',#549,#6621);
#6621 = DEFINITIONAL_REPRESENTATION('',(#6622),#6626);
#6622 = LINE('',#6623,#6624);
#6623 = CARTESIAN_POINT('',(0.117786088829,0.));
#6624 = VECTOR('',#6625,1.);
#6625 = DIRECTION('',(0.,-1.));
#6626 = ( GEOMETRIC_REPRESENTATION_CONTEXT(2) 
PARAMETRIC_REPRESENTATION_CONTEXT() REPRESENTATION_CONTEXT('2D SPACE',''
  ) );
#6627 = PCURVE('',#577,#6628);
#6628 = DEFINITIONAL_REPRESENTATION('',(#6629),#6633);
#6629 = LINE('',#6630,#6631);
#6630 = CARTESIAN_POINT('',(0.,0.));
#6631 = VECTOR('',#6632,1.);
#6632 = DIRECTION('',(0.,-1.));
#6633 = ( GEOMETRIC_REPRESENTATION_CONTEXT(2) 
PARAMETRIC_REPRESENTATION_CONTEXT() REPRESENTATION_CONTEXT('2D SPACE',''
  ) );
#6634 = ORIENTED_EDGE('',*,*,#533,.F.);
#6635 = ADVANCED_FACE('',(#6636),#1669,.F.);
#6636 = FACE_BOUND('',#6637,.F.);
#6637 = EDGE_LOOP('',(#6638,#6659,#6660,#6661));
#6638 = ORIENTED_EDGE('',*,*,#6639,.T.);
#6639 = EDGE_CURVE('',#1626,#4617,#6640,.T.);
#6640 = SURFACE_CURVE('',#6641,(#6645,#6652),.PCURVE_S1.);
#6641 = LINE('',#6642,#6643);
#6642 = CARTESIAN_POINT('',(-34.53641570405,20.427798993226,-150.));
#6643 = VECTOR('',#6644,1.);
#6644 = DIRECTION('',(0.,0.,1.));
#6645 = PCURVE('',#1669,#6646);
#6646 = DEFINITIONAL_REPRESENTATION('',(#6647),#6651);
#6647 = LINE('',#6648,#6649);
#6648 = CARTESIAN_POINT('',(0.,0.));
#6649 = VECTOR('',#6650,1.);
#6650 = DIRECTION('',(0.,-1.));
#6651 = ( GEOMETRIC_REPRESENTATION_CONTEXT(2) 
PARAMETRIC_REPRESENTATION_CONTEXT() REPRESENTATION_CONTEXT('2D SPACE',''
  ) );
#6652 = PCURVE('',#1641,#6653);
#6653 = DEFINITIONAL_REPRESENTATION('',(#6654),#6658);
#6654 = LINE('',#6655,#6656);
#6655 = CARTESIAN_POINT('',(0.111088835658,0.));
#6656 = VECTOR('',#6657,1.);
#6657 = DIRECTION('',(0.,-1.));
#6658 = ( GEOMETRIC_REPRESENTATION_CONTEXT(2) 
PARAMETRIC_REPRESENTATION_CONTEXT() REPRESENTATION_CONTEXT('2D SPACE',''
  ) );
#6659 = ORIENTED_EDGE('',*,*,#4639,.T.);
#6660 = ORIENTED_EDGE('',*,*,#6585,.F.);
#6661 = ORIENTED_EDGE('',*,*,#1653,.F.);
#6662 = ADVANCED_FACE('',(#6663),#577,.F.);
#6663 = FACE_BOUND('',#6664,.F.);
#6664 = EDGE_LOOP('',(#6665,#6666,#6667,#6688));
#6665 = ORIENTED_EDGE('',*,*,#6614,.T.);
#6666 = ORIENTED_EDGE('',*,*,#3742,.T.);
#6667 = ORIENTED_EDGE('',*,*,#6668,.F.);
#6668 = EDGE_CURVE('',#562,#3743,#6669,.T.);
#6669 = SURFACE_CURVE('',#6670,(#6674,#6681),.PCURVE_S1.);
#6670 = LINE('',#6671,#6672);
#6671 = CARTESIAN_POINT('',(-34.34780454596,-20.55430820364,-150.));
#6672 = VECTOR('',#6673,1.);
#6673 = DIRECTION('',(0.,0.,1.));
#6674 = PCURVE('',#577,#6675);
#6675 = DEFINITIONAL_REPRESENTATION('',(#6676),#6680);
#6676 = LINE('',#6677,#6678);
#6677 = CARTESIAN_POINT('',(0.109597002095,0.));
#6678 = VECTOR('',#6679,1.);
#6679 = DIRECTION('',(0.,-1.));
#6680 = ( GEOMETRIC_REPRESENTATION_CONTEXT(2) 
PARAMETRIC_REPRESENTATION_CONTEXT() REPRESENTATION_CONTEXT('2D SPACE',''
  ) );
#6681 = PCURVE('',#605,#6682);
#6682 = DEFINITIONAL_REPRESENTATION('',(#6683),#6687);
#6683 = LINE('',#6684,#6685);
#6684 = CARTESIAN_POINT('',(0.,0.));
#6685 = VECTOR('',#6686,1.);
#6686 = DIRECTION('',(0.,-1.));
#6687 = ( GEOMETRIC_REPRESENTATION_CONTEXT(2) 
PARAMETRIC_REPRESENTATION_CONTEXT() REPRESENTATION_CONTEXT('2D SPACE',''
  ) );
#6688 = ORIENTED_EDGE('',*,*,#561,.F.);
#6689 = ADVANCED_FACE('',(#6690),#1641,.F.);
#6690 = FACE_BOUND('',#6691,.F.);
#6691 = EDGE_LOOP('',(#6692,#6713,#6714,#6715));
#6692 = ORIENTED_EDGE('',*,*,#6693,.T.);
#6693 = EDGE_CURVE('',#1598,#4594,#6694,.T.);
#6694 = SURFACE_CURVE('',#6695,(#6699,#6706),.PCURVE_S1.);
#6695 = LINE('',#6696,#6697);
#6696 = CARTESIAN_POINT('',(-34.44718831467,20.493974535487,-150.));
#6697 = VECTOR('',#6698,1.);
#6698 = DIRECTION('',(0.,0.,1.));
#6699 = PCURVE('',#1641,#6700);
#6700 = DEFINITIONAL_REPRESENTATION('',(#6701),#6705);
#6701 = LINE('',#6702,#6703);
#6702 = CARTESIAN_POINT('',(0.,0.));
#6703 = VECTOR('',#6704,1.);
#6704 = DIRECTION('',(0.,-1.));
#6705 = ( GEOMETRIC_REPRESENTATION_CONTEXT(2) 
PARAMETRIC_REPRESENTATION_CONTEXT() REPRESENTATION_CONTEXT('2D SPACE',''
  ) );
#6706 = PCURVE('',#1613,#6707);
#6707 = DEFINITIONAL_REPRESENTATION('',(#6708),#6712);
#6708 = LINE('',#6709,#6710);
#6709 = CARTESIAN_POINT('',(34.554467029546,0.));
#6710 = VECTOR('',#6711,1.);
#6711 = DIRECTION('',(0.,-1.));
#6712 = ( GEOMETRIC_REPRESENTATION_CONTEXT(2) 
PARAMETRIC_REPRESENTATION_CONTEXT() REPRESENTATION_CONTEXT('2D SPACE',''
  ) );
#6713 = ORIENTED_EDGE('',*,*,#4616,.T.);
#6714 = ORIENTED_EDGE('',*,*,#6639,.F.);
#6715 = ORIENTED_EDGE('',*,*,#1625,.F.);
#6716 = ADVANCED_FACE('',(#6717),#605,.F.);
#6717 = FACE_BOUND('',#6718,.F.);
#6718 = EDGE_LOOP('',(#6719,#6720,#6721,#6742));
#6719 = ORIENTED_EDGE('',*,*,#6668,.T.);
#6720 = ORIENTED_EDGE('',*,*,#3765,.T.);
#6721 = ORIENTED_EDGE('',*,*,#6722,.F.);
#6722 = EDGE_CURVE('',#590,#3766,#6723,.T.);
#6723 = SURFACE_CURVE('',#6724,(#6728,#6735),.PCURVE_S1.);
#6724 = LINE('',#6725,#6726);
#6725 = CARTESIAN_POINT('',(-0.564307629158,-40.05921924307,-150.));
#6726 = VECTOR('',#6727,1.);
#6727 = DIRECTION('',(0.,0.,1.));
#6728 = PCURVE('',#605,#6729);
#6729 = DEFINITIONAL_REPRESENTATION('',(#6730),#6734);
#6730 = LINE('',#6731,#6732);
#6731 = CARTESIAN_POINT('',(39.009822078347,0.));
#6732 = VECTOR('',#6733,1.);
#6733 = DIRECTION('',(0.,-1.));
#6734 = ( GEOMETRIC_REPRESENTATION_CONTEXT(2) 
PARAMETRIC_REPRESENTATION_CONTEXT() REPRESENTATION_CONTEXT('2D SPACE',''
  ) );
#6735 = PCURVE('',#633,#6736);
#6736 = DEFINITIONAL_REPRESENTATION('',(#6737),#6741);
#6737 = LINE('',#6738,#6739);
#6738 = CARTESIAN_POINT('',(0.,0.));
#6739 = VECTOR('',#6740,1.);
#6740 = DIRECTION('',(0.,-1.));
#6741 = ( GEOMETRIC_REPRESENTATION_CONTEXT(2) 
PARAMETRIC_REPRESENTATION_CONTEXT() REPRESENTATION_CONTEXT('2D SPACE',''
  ) );
#6742 = ORIENTED_EDGE('',*,*,#589,.F.);
#6743 = ADVANCED_FACE('',(#6744),#1613,.F.);
#6744 = FACE_BOUND('',#6745,.F.);
#6745 = EDGE_LOOP('',(#6746,#6767,#6768,#6769));
#6746 = ORIENTED_EDGE('',*,*,#6747,.T.);
#6747 = EDGE_CURVE('',#1570,#4571,#6748,.T.);
#6748 = SURFACE_CURVE('',#6749,(#6753,#6760),.PCURVE_S1.);
#6749 = LINE('',#6750,#6751);
#6750 = CARTESIAN_POINT('',(-6.062619406767,40.2,-150.));
#6751 = VECTOR('',#6752,1.);
#6752 = DIRECTION('',(0.,0.,1.));
#6753 = PCURVE('',#1613,#6754);
#6754 = DEFINITIONAL_REPRESENTATION('',(#6755),#6759);
#6755 = LINE('',#6756,#6757);
#6756 = CARTESIAN_POINT('',(0.,0.));
#6757 = VECTOR('',#6758,1.);
#6758 = DIRECTION('',(0.,-1.));
#6759 = ( GEOMETRIC_REPRESENTATION_CONTEXT(2) 
PARAMETRIC_REPRESENTATION_CONTEXT() REPRESENTATION_CONTEXT('2D SPACE',''
  ) );
#6760 = PCURVE('',#1585,#6761);
#6761 = DEFINITIONAL_REPRESENTATION('',(#6762),#6766);
#6762 = LINE('',#6763,#6764);
#6763 = CARTESIAN_POINT('',(12.125238813534,0.));
#6764 = VECTOR('',#6765,1.);
#6765 = DIRECTION('',(0.,-1.));
#6766 = ( GEOMETRIC_REPRESENTATION_CONTEXT(2) 
PARAMETRIC_REPRESENTATION_CONTEXT() REPRESENTATION_CONTEXT('2D SPACE',''
  ) );
#6767 = ORIENTED_EDGE('',*,*,#4593,.T.);
#6768 = ORIENTED_EDGE('',*,*,#6693,.F.);
#6769 = ORIENTED_EDGE('',*,*,#1597,.F.);
#6770 = ADVANCED_FACE('',(#6771),#633,.F.);
#6771 = FACE_BOUND('',#6772,.F.);
#6772 = EDGE_LOOP('',(#6773,#6774,#6775,#6796));
#6773 = ORIENTED_EDGE('',*,*,#6722,.T.);
#6774 = ORIENTED_EDGE('',*,*,#3788,.T.);
#6775 = ORIENTED_EDGE('',*,*,#6776,.F.);
#6776 = EDGE_CURVE('',#618,#3789,#6777,.T.);
#6777 = SURFACE_CURVE('',#6778,(#6782,#6789),.PCURVE_S1.);
#6778 = LINE('',#6779,#6780);
#6779 = CARTESIAN_POINT('',(-0.459312421795,-40.10887827848,-150.));
#6780 = VECTOR('',#6781,1.);
#6781 = DIRECTION('',(0.,0.,1.));
#6782 = PCURVE('',#633,#6783);
#6783 = DEFINITIONAL_REPRESENTATION('',(#6784),#6788);
#6784 = LINE('',#6785,#6786);
#6785 = CARTESIAN_POINT('',(0.116146516809,0.));
#6786 = VECTOR('',#6787,1.);
#6787 = DIRECTION('',(0.,-1.));
#6788 = ( GEOMETRIC_REPRESENTATION_CONTEXT(2) 
PARAMETRIC_REPRESENTATION_CONTEXT() REPRESENTATION_CONTEXT('2D SPACE',''
  ) );
#6789 = PCURVE('',#661,#6790);
#6790 = DEFINITIONAL_REPRESENTATION('',(#6791),#6795);
#6791 = LINE('',#6792,#6793);
#6792 = CARTESIAN_POINT('',(0.,0.));
#6793 = VECTOR('',#6794,1.);
#6794 = DIRECTION('',(0.,-1.));
#6795 = ( GEOMETRIC_REPRESENTATION_CONTEXT(2) 
PARAMETRIC_REPRESENTATION_CONTEXT() REPRESENTATION_CONTEXT('2D SPACE',''
  ) );
#6796 = ORIENTED_EDGE('',*,*,#617,.F.);
#6797 = ADVANCED_FACE('',(#6798),#1585,.F.);
#6798 = FACE_BOUND('',#6799,.F.);
#6799 = EDGE_LOOP('',(#6800,#6821,#6822,#6823));
#6800 = ORIENTED_EDGE('',*,*,#6801,.T.);
#6801 = EDGE_CURVE('',#1542,#4548,#6802,.T.);
#6802 = SURFACE_CURVE('',#6803,(#6807,#6814),.PCURVE_S1.);
#6803 = LINE('',#6804,#6805);
#6804 = CARTESIAN_POINT('',(6.062619406767,40.2,-150.));
#6805 = VECTOR('',#6806,1.);
#6806 = DIRECTION('',(0.,0.,1.));
#6807 = PCURVE('',#1585,#6808);
#6808 = DEFINITIONAL_REPRESENTATION('',(#6809),#6813);
#6809 = LINE('',#6810,#6811);
#6810 = CARTESIAN_POINT('',(0.,-0.));
#6811 = VECTOR('',#6812,1.);
#6812 = DIRECTION('',(0.,-1.));
#6813 = ( GEOMETRIC_REPRESENTATION_CONTEXT(2) 
PARAMETRIC_REPRESENTATION_CONTEXT() REPRESENTATION_CONTEXT('2D SPACE',''
  ) );
#6814 = PCURVE('',#1557,#6815);
#6815 = DEFINITIONAL_REPRESENTATION('',(#6816),#6820);
#6816 = LINE('',#6817,#6818);
#6817 = CARTESIAN_POINT('',(34.554467029546,0.));
#6818 = VECTOR('',#6819,1.);
#6819 = DIRECTION('',(0.,-1.));
#6820 = ( GEOMETRIC_REPRESENTATION_CONTEXT(2) 
PARAMETRIC_REPRESENTATION_CONTEXT() REPRESENTATION_CONTEXT('2D SPACE',''
  ) );
#6821 = ORIENTED_EDGE('',*,*,#4570,.T.);
#6822 = ORIENTED_EDGE('',*,*,#6747,.F.);
#6823 = ORIENTED_EDGE('',*,*,#1569,.F.);
#6824 = ADVANCED_FACE('',(#6825),#661,.F.);
#6825 = FACE_BOUND('',#6826,.F.);
#6826 = EDGE_LOOP('',(#6827,#6828,#6829,#6850));
#6827 = ORIENTED_EDGE('',*,*,#6776,.T.);
#6828 = ORIENTED_EDGE('',*,*,#3811,.T.);
#6829 = ORIENTED_EDGE('',*,*,#6830,.F.);
#6830 = EDGE_CURVE('',#646,#3812,#6831,.T.);
#6831 = SURFACE_CURVE('',#6832,(#6836,#6843),.PCURVE_S1.);
#6832 = LINE('',#6833,#6834);
#6833 = CARTESIAN_POINT('',(-0.348411628171,-40.14855921672,-150.));
#6834 = VECTOR('',#6835,1.);
#6835 = DIRECTION('',(0.,0.,1.));
#6836 = PCURVE('',#661,#6837);
#6837 = DEFINITIONAL_REPRESENTATION('',(#6838),#6842);
#6838 = LINE('',#6839,#6840);
#6839 = CARTESIAN_POINT('',(0.117786089527,0.));
#6840 = VECTOR('',#6841,1.);
#6841 = DIRECTION('',(0.,-1.));
#6842 = ( GEOMETRIC_REPRESENTATION_CONTEXT(2) 
PARAMETRIC_REPRESENTATION_CONTEXT() REPRESENTATION_CONTEXT('2D SPACE',''
  ) );
#6843 = PCURVE('',#689,#6844);
#6844 = DEFINITIONAL_REPRESENTATION('',(#6845),#6849);
#6845 = LINE('',#6846,#6847);
#6846 = CARTESIAN_POINT('',(0.,0.));
#6847 = VECTOR('',#6848,1.);
#6848 = DIRECTION('',(0.,-1.));
#6849 = ( GEOMETRIC_REPRESENTATION_CONTEXT(2) 
PARAMETRIC_REPRESENTATION_CONTEXT() REPRESENTATION_CONTEXT('2D SPACE',''
  ) );
#6850 = ORIENTED_EDGE('',*,*,#645,.F.);
#6851 = ADVANCED_FACE('',(#6852),#1557,.F.);
#6852 = FACE_BOUND('',#6853,.F.);
#6853 = EDGE_LOOP('',(#6854,#6875,#6876,#6877));
#6854 = ORIENTED_EDGE('',*,*,#6855,.T.);
#6855 = EDGE_CURVE('',#1514,#4525,#6856,.T.);
#6856 = SURFACE_CURVE('',#6857,(#6861,#6868),.PCURVE_S1.);
#6857 = LINE('',#6858,#6859);
#6858 = CARTESIAN_POINT('',(34.447188314679,20.493974535487,-150.));
#6859 = VECTOR('',#6860,1.);
#6860 = DIRECTION('',(0.,0.,1.));
#6861 = PCURVE('',#1557,#6862);
#6862 = DEFINITIONAL_REPRESENTATION('',(#6863),#6867);
#6863 = LINE('',#6864,#6865);
#6864 = CARTESIAN_POINT('',(0.,0.));
#6865 = VECTOR('',#6866,1.);
#6866 = DIRECTION('',(0.,-1.));
#6867 = ( GEOMETRIC_REPRESENTATION_CONTEXT(2) 
PARAMETRIC_REPRESENTATION_CONTEXT() REPRESENTATION_CONTEXT('2D SPACE',''
  ) );
#6868 = PCURVE('',#1529,#6869);
#6869 = DEFINITIONAL_REPRESENTATION('',(#6870),#6874);
#6870 = LINE('',#6871,#6872);
#6871 = CARTESIAN_POINT('',(0.111088835658,0.));
#6872 = VECTOR('',#6873,1.);
#6873 = DIRECTION('',(0.,-1.));
#6874 = ( GEOMETRIC_REPRESENTATION_CONTEXT(2) 
PARAMETRIC_REPRESENTATION_CONTEXT() REPRESENTATION_CONTEXT('2D SPACE',''
  ) );
#6875 = ORIENTED_EDGE('',*,*,#4547,.T.);
#6876 = ORIENTED_EDGE('',*,*,#6801,.F.);
#6877 = ORIENTED_EDGE('',*,*,#1541,.F.);
#6878 = ADVANCED_FACE('',(#6879),#689,.F.);
#6879 = FACE_BOUND('',#6880,.F.);
#6880 = EDGE_LOOP('',(#6881,#6882,#6883,#6904));
#6881 = ORIENTED_EDGE('',*,*,#6830,.T.);
#6882 = ORIENTED_EDGE('',*,*,#3834,.T.);
#6883 = ORIENTED_EDGE('',*,*,#6884,.F.);
#6884 = EDGE_CURVE('',#674,#3835,#6885,.T.);
#6885 = SURFACE_CURVE('',#6886,(#6890,#6897),.PCURVE_S1.);
#6886 = LINE('',#6887,#6888);
#6887 = CARTESIAN_POINT('',(-0.234155442123,-40.17717890071,-150.));
#6888 = VECTOR('',#6889,1.);
#6889 = DIRECTION('',(0.,0.,1.));
#6890 = PCURVE('',#689,#6891);
#6891 = DEFINITIONAL_REPRESENTATION('',(#6892),#6896);
#6892 = LINE('',#6893,#6894);
#6893 = CARTESIAN_POINT('',(0.117786087302,0.));
#6894 = VECTOR('',#6895,1.);
#6895 = DIRECTION('',(0.,-1.));
#6896 = ( GEOMETRIC_REPRESENTATION_CONTEXT(2) 
PARAMETRIC_REPRESENTATION_CONTEXT() REPRESENTATION_CONTEXT('2D SPACE',''
  ) );
#6897 = PCURVE('',#717,#6898);
#6898 = DEFINITIONAL_REPRESENTATION('',(#6899),#6903);
#6899 = LINE('',#6900,#6901);
#6900 = CARTESIAN_POINT('',(0.,0.));
#6901 = VECTOR('',#6902,1.);
#6902 = DIRECTION('',(0.,-1.));
#6903 = ( GEOMETRIC_REPRESENTATION_CONTEXT(2) 
PARAMETRIC_REPRESENTATION_CONTEXT() REPRESENTATION_CONTEXT('2D SPACE',''
  ) );
#6904 = ORIENTED_EDGE('',*,*,#673,.F.);
#6905 = ADVANCED_FACE('',(#6906),#1529,.F.);
#6906 = FACE_BOUND('',#6907,.F.);
#6907 = EDGE_LOOP('',(#6908,#6929,#6930,#6931));
#6908 = ORIENTED_EDGE('',*,*,#6909,.T.);
#6909 = EDGE_CURVE('',#1486,#4502,#6910,.T.);
#6910 = SURFACE_CURVE('',#6911,(#6915,#6922),.PCURVE_S1.);
#6911 = LINE('',#6912,#6913);
#6912 = CARTESIAN_POINT('',(34.536415704052,20.427798993226,-150.));
#6913 = VECTOR('',#6914,1.);
#6914 = DIRECTION('',(0.,0.,1.));
#6915 = PCURVE('',#1529,#6916);
#6916 = DEFINITIONAL_REPRESENTATION('',(#6917),#6921);
#6917 = LINE('',#6918,#6919);
#6918 = CARTESIAN_POINT('',(0.,0.));
#6919 = VECTOR('',#6920,1.);
#6920 = DIRECTION('',(0.,-1.));
#6921 = ( GEOMETRIC_REPRESENTATION_CONTEXT(2) 
PARAMETRIC_REPRESENTATION_CONTEXT() REPRESENTATION_CONTEXT('2D SPACE',''
  ) );
#6922 = PCURVE('',#1501,#6923);
#6923 = DEFINITIONAL_REPRESENTATION('',(#6924),#6928);
#6924 = LINE('',#6925,#6926);
#6925 = CARTESIAN_POINT('',(0.117786088408,0.));
#6926 = VECTOR('',#6927,1.);
#6927 = DIRECTION('',(0.,-1.));
#6928 = ( GEOMETRIC_REPRESENTATION_CONTEXT(2) 
PARAMETRIC_REPRESENTATION_CONTEXT() REPRESENTATION_CONTEXT('2D SPACE',''
  ) );
#6929 = ORIENTED_EDGE('',*,*,#4524,.T.);
#6930 = ORIENTED_EDGE('',*,*,#6855,.F.);
#6931 = ORIENTED_EDGE('',*,*,#1513,.F.);
#6932 = ADVANCED_FACE('',(#6933),#717,.F.);
#6933 = FACE_BOUND('',#6934,.F.);
#6934 = EDGE_LOOP('',(#6935,#6936,#6937,#6958));
#6935 = ORIENTED_EDGE('',*,*,#6884,.T.);
#6936 = ORIENTED_EDGE('',*,*,#3857,.T.);
#6937 = ORIENTED_EDGE('',*,*,#6938,.F.);
#6938 = EDGE_CURVE('',#702,#3858,#6939,.T.);
#6939 = SURFACE_CURVE('',#6940,(#6944,#6951),.PCURVE_S1.);
#6940 = LINE('',#6941,#6942);
#6941 = CARTESIAN_POINT('',(-0.117644210107,-40.1944617102,-150.));
#6942 = VECTOR('',#6943,1.);
#6943 = DIRECTION('',(0.,0.,1.));
#6944 = PCURVE('',#717,#6945);
#6945 = DEFINITIONAL_REPRESENTATION('',(#6946),#6950);
#6946 = LINE('',#6947,#6948);
#6947 = CARTESIAN_POINT('',(0.117786088692,0.));
#6948 = VECTOR('',#6949,1.);
#6949 = DIRECTION('',(0.,-1.));
#6950 = ( GEOMETRIC_REPRESENTATION_CONTEXT(2) 
PARAMETRIC_REPRESENTATION_CONTEXT() REPRESENTATION_CONTEXT('2D SPACE',''
  ) );
#6951 = PCURVE('',#745,#6952);
#6952 = DEFINITIONAL_REPRESENTATION('',(#6953),#6957);
#6953 = LINE('',#6954,#6955);
#6954 = CARTESIAN_POINT('',(0.,0.));
#6955 = VECTOR('',#6956,1.);
#6956 = DIRECTION('',(0.,-1.));
#6957 = ( GEOMETRIC_REPRESENTATION_CONTEXT(2) 
PARAMETRIC_REPRESENTATION_CONTEXT() REPRESENTATION_CONTEXT('2D SPACE',''
  ) );
#6958 = ORIENTED_EDGE('',*,*,#701,.F.);
#6959 = ADVANCED_FACE('',(#6960),#1501,.F.);
#6960 = FACE_BOUND('',#6961,.F.);
#6961 = EDGE_LOOP('',(#6962,#6983,#6984,#6985));
#6962 = ORIENTED_EDGE('',*,*,#6963,.T.);
#6963 = EDGE_CURVE('',#1458,#4479,#6964,.T.);
#6964 = SURFACE_CURVE('',#6965,(#6969,#6976),.PCURVE_S1.);
#6965 = LINE('',#6966,#6967);
#6966 = CARTESIAN_POINT('',(34.623689438902,20.348698690902,-150.));
#6967 = VECTOR('',#6968,1.);
#6968 = DIRECTION('',(0.,0.,1.));
#6969 = PCURVE('',#1501,#6970);
#6970 = DEFINITIONAL_REPRESENTATION('',(#6971),#6975);
#6971 = LINE('',#6972,#6973);
#6972 = CARTESIAN_POINT('',(0.,0.));
#6973 = VECTOR('',#6974,1.);
#6974 = DIRECTION('',(0.,-1.));
#6975 = ( GEOMETRIC_REPRESENTATION_CONTEXT(2) 
PARAMETRIC_REPRESENTATION_CONTEXT() REPRESENTATION_CONTEXT('2D SPACE',''
  ) );
#6976 = PCURVE('',#1473,#6977);
#6977 = DEFINITIONAL_REPRESENTATION('',(#6978),#6982);
#6978 = LINE('',#6979,#6980);
#6979 = CARTESIAN_POINT('',(0.117786088408,0.));
#6980 = VECTOR('',#6981,1.);
#6981 = DIRECTION('',(0.,-1.));
#6982 = ( GEOMETRIC_REPRESENTATION_CONTEXT(2) 
PARAMETRIC_REPRESENTATION_CONTEXT() REPRESENTATION_CONTEXT('2D SPACE',''
  ) );
#6983 = ORIENTED_EDGE('',*,*,#4501,.T.);
#6984 = ORIENTED_EDGE('',*,*,#6909,.F.);
#6985 = ORIENTED_EDGE('',*,*,#1485,.F.);
#6986 = ADVANCED_FACE('',(#6987),#745,.F.);
#6987 = FACE_BOUND('',#6988,.F.);
#6988 = EDGE_LOOP('',(#6989,#6990,#6991,#7012));
#6989 = ORIENTED_EDGE('',*,*,#6938,.T.);
#6990 = ORIENTED_EDGE('',*,*,#3880,.T.);
#6991 = ORIENTED_EDGE('',*,*,#6992,.F.);
#6992 = EDGE_CURVE('',#730,#3881,#6993,.T.);
#6993 = SURFACE_CURVE('',#6994,(#6998,#7005),.PCURVE_S1.);
#6994 = LINE('',#6995,#6996);
#6995 = CARTESIAN_POINT('',(0.,-40.20024119926,-150.));
#6996 = VECTOR('',#6997,1.);
#6997 = DIRECTION('',(0.,0.,1.));
#6998 = PCURVE('',#745,#6999);
#6999 = DEFINITIONAL_REPRESENTATION('',(#7000),#7004);
#7000 = LINE('',#7001,#7002);
#7001 = CARTESIAN_POINT('',(0.117786088591,0.));
#7002 = VECTOR('',#7003,1.);
#7003 = DIRECTION('',(0.,-1.));
#7004 = ( GEOMETRIC_REPRESENTATION_CONTEXT(2) 
PARAMETRIC_REPRESENTATION_CONTEXT() REPRESENTATION_CONTEXT('2D SPACE',''
  ) );
#7005 = PCURVE('',#773,#7006);
#7006 = DEFINITIONAL_REPRESENTATION('',(#7007),#7011);
#7007 = LINE('',#7008,#7009);
#7008 = CARTESIAN_POINT('',(0.,0.));
#7009 = VECTOR('',#7010,1.);
#7010 = DIRECTION('',(0.,-1.));
#7011 = ( GEOMETRIC_REPRESENTATION_CONTEXT(2) 
PARAMETRIC_REPRESENTATION_CONTEXT() REPRESENTATION_CONTEXT('2D SPACE',''
  ) );
#7012 = ORIENTED_EDGE('',*,*,#729,.F.);
#7013 = ADVANCED_FACE('',(#7014),#1473,.F.);
#7014 = FACE_BOUND('',#7015,.F.);
#7015 = EDGE_LOOP('',(#7016,#7037,#7038,#7039));
#7016 = ORIENTED_EDGE('',*,*,#7017,.T.);
#7017 = EDGE_CURVE('',#1430,#4456,#7018,.T.);
#7018 = SURFACE_CURVE('',#7019,(#7023,#7030),.PCURVE_S1.);
#7019 = LINE('',#7020,#7021);
#7020 = CARTESIAN_POINT('',(34.702789741226,20.261424956052,-150.));
#7021 = VECTOR('',#7022,1.);
#7022 = DIRECTION('',(0.,0.,1.));
#7023 = PCURVE('',#1473,#7024);
#7024 = DEFINITIONAL_REPRESENTATION('',(#7025),#7029);
#7025 = LINE('',#7026,#7027);
#7026 = CARTESIAN_POINT('',(0.,0.));
#7027 = VECTOR('',#7028,1.);
#7028 = DIRECTION('',(0.,-1.));
#7029 = ( GEOMETRIC_REPRESENTATION_CONTEXT(2) 
PARAMETRIC_REPRESENTATION_CONTEXT() REPRESENTATION_CONTEXT('2D SPACE',''
  ) );
#7030 = PCURVE('',#1445,#7031);
#7031 = DEFINITIONAL_REPRESENTATION('',(#7032),#7036);
#7032 = LINE('',#7033,#7034);
#7033 = CARTESIAN_POINT('',(0.117786088304,0.));
#7034 = VECTOR('',#7035,1.);
#7035 = DIRECTION('',(0.,-1.));
#7036 = ( GEOMETRIC_REPRESENTATION_CONTEXT(2) 
PARAMETRIC_REPRESENTATION_CONTEXT() REPRESENTATION_CONTEXT('2D SPACE',''
  ) );
#7037 = ORIENTED_EDGE('',*,*,#4478,.T.);
#7038 = ORIENTED_EDGE('',*,*,#6963,.F.);
#7039 = ORIENTED_EDGE('',*,*,#1457,.F.);
#7040 = ADVANCED_FACE('',(#7041),#773,.F.);
#7041 = FACE_BOUND('',#7042,.F.);
#7042 = EDGE_LOOP('',(#7043,#7044,#7045,#7066));
#7043 = ORIENTED_EDGE('',*,*,#6992,.T.);
#7044 = ORIENTED_EDGE('',*,*,#3903,.T.);
#7045 = ORIENTED_EDGE('',*,*,#7046,.F.);
#7046 = EDGE_CURVE('',#758,#3904,#7047,.T.);
#7047 = SURFACE_CURVE('',#7048,(#7052,#7059),.PCURVE_S1.);
#7048 = LINE('',#7049,#7050);
#7049 = CARTESIAN_POINT('',(0.117644210107,-40.1944617102,-150.));
#7050 = VECTOR('',#7051,1.);
#7051 = DIRECTION('',(0.,0.,1.));
#7052 = PCURVE('',#773,#7053);
#7053 = DEFINITIONAL_REPRESENTATION('',(#7054),#7058);
#7054 = LINE('',#7055,#7056);
#7055 = CARTESIAN_POINT('',(0.117786088591,0.));
#7056 = VECTOR('',#7057,1.);
#7057 = DIRECTION('',(0.,-1.));
#7058 = ( GEOMETRIC_REPRESENTATION_CONTEXT(2) 
PARAMETRIC_REPRESENTATION_CONTEXT() REPRESENTATION_CONTEXT('2D SPACE',''
  ) );
#7059 = PCURVE('',#801,#7060);
#7060 = DEFINITIONAL_REPRESENTATION('',(#7061),#7065);
#7061 = LINE('',#7062,#7063);
#7062 = CARTESIAN_POINT('',(0.,0.));
#7063 = VECTOR('',#7064,1.);
#7064 = DIRECTION('',(0.,-1.));
#7065 = ( GEOMETRIC_REPRESENTATION_CONTEXT(2) 
PARAMETRIC_REPRESENTATION_CONTEXT() REPRESENTATION_CONTEXT('2D SPACE',''
  ) );
#7066 = ORIENTED_EDGE('',*,*,#757,.F.);
#7067 = ADVANCED_FACE('',(#7068),#1445,.F.);
#7068 = FACE_BOUND('',#7069,.F.);
#7069 = EDGE_LOOP('',(#7070,#7091,#7092,#7093));
#7070 = ORIENTED_EDGE('',*,*,#7071,.T.);
#7071 = EDGE_CURVE('',#1402,#4433,#7072,.T.);
#7072 = SURFACE_CURVE('',#7073,(#7077,#7084),.PCURVE_S1.);
#7073 = LINE('',#7074,#7075);
#7074 = CARTESIAN_POINT('',(34.772954832237,20.166818282919,-150.));
#7075 = VECTOR('',#7076,1.);
#7076 = DIRECTION('',(0.,0.,1.));
#7077 = PCURVE('',#1445,#7078);
#7078 = DEFINITIONAL_REPRESENTATION('',(#7079),#7083);
#7079 = LINE('',#7080,#7081);
#7080 = CARTESIAN_POINT('',(0.,0.));
#7081 = VECTOR('',#7082,1.);
#7082 = DIRECTION('',(0.,-1.));
#7083 = ( GEOMETRIC_REPRESENTATION_CONTEXT(2) 
PARAMETRIC_REPRESENTATION_CONTEXT() REPRESENTATION_CONTEXT('2D SPACE',''
  ) );
#7084 = PCURVE('',#1417,#7085);
#7085 = DEFINITIONAL_REPRESENTATION('',(#7086),#7090);
#7086 = LINE('',#7087,#7088);
#7087 = CARTESIAN_POINT('',(0.117786088896,0.));
#7088 = VECTOR('',#7089,1.);
#7089 = DIRECTION('',(0.,-1.));
#7090 = ( GEOMETRIC_REPRESENTATION_CONTEXT(2) 
PARAMETRIC_REPRESENTATION_CONTEXT() REPRESENTATION_CONTEXT('2D SPACE',''
  ) );
#7091 = ORIENTED_EDGE('',*,*,#4455,.T.);
#7092 = ORIENTED_EDGE('',*,*,#7017,.F.);
#7093 = ORIENTED_EDGE('',*,*,#1429,.F.);
#7094 = ADVANCED_FACE('',(#7095),#801,.F.);
#7095 = FACE_BOUND('',#7096,.F.);
#7096 = EDGE_LOOP('',(#7097,#7098,#7099,#7120));
#7097 = ORIENTED_EDGE('',*,*,#7046,.T.);
#7098 = ORIENTED_EDGE('',*,*,#3926,.T.);
#7099 = ORIENTED_EDGE('',*,*,#7100,.F.);
#7100 = EDGE_CURVE('',#786,#3927,#7101,.T.);
#7101 = SURFACE_CURVE('',#7102,(#7106,#7113),.PCURVE_S1.);
#7102 = LINE('',#7103,#7104);
#7103 = CARTESIAN_POINT('',(0.234155442123,-40.17717890071,-150.));
#7104 = VECTOR('',#7105,1.);
#7105 = DIRECTION('',(0.,0.,1.));
#7106 = PCURVE('',#801,#7107);
#7107 = DEFINITIONAL_REPRESENTATION('',(#7108),#7112);
#7108 = LINE('',#7109,#7110);
#7109 = CARTESIAN_POINT('',(0.117786088692,0.));
#7110 = VECTOR('',#7111,1.);
#7111 = DIRECTION('',(0.,-1.));
#7112 = ( GEOMETRIC_REPRESENTATION_CONTEXT(2) 
PARAMETRIC_REPRESENTATION_CONTEXT() REPRESENTATION_CONTEXT('2D SPACE',''
  ) );
#7113 = PCURVE('',#829,#7114);
#7114 = DEFINITIONAL_REPRESENTATION('',(#7115),#7119);
#7115 = LINE('',#7116,#7117);
#7116 = CARTESIAN_POINT('',(0.,0.));
#7117 = VECTOR('',#7118,1.);
#7118 = DIRECTION('',(0.,-1.));
#7119 = ( GEOMETRIC_REPRESENTATION_CONTEXT(2) 
PARAMETRIC_REPRESENTATION_CONTEXT() REPRESENTATION_CONTEXT('2D SPACE',''
  ) );
#7120 = ORIENTED_EDGE('',*,*,#785,.F.);
#7121 = ADVANCED_FACE('',(#7122),#1417,.F.);
#7122 = FACE_BOUND('',#7123,.F.);
#7123 = EDGE_LOOP('',(#7124,#7145,#7146,#7147));
#7124 = ORIENTED_EDGE('',*,*,#7125,.T.);
#7125 = EDGE_CURVE('',#1374,#4410,#7126,.T.);
#7126 = SURFACE_CURVE('',#7127,(#7131,#7138),.PCURVE_S1.);
#7127 = LINE('',#7128,#7129);
#7128 = CARTESIAN_POINT('',(34.833508983828,20.06578978465,-150.));
#7129 = VECTOR('',#7130,1.);
#7130 = DIRECTION('',(0.,0.,1.));
#7131 = PCURVE('',#1417,#7132);
#7132 = DEFINITIONAL_REPRESENTATION('',(#7133),#7137);
#7133 = LINE('',#7134,#7135);
#7134 = CARTESIAN_POINT('',(0.,0.));
#7135 = VECTOR('',#7136,1.);
#7136 = DIRECTION('',(0.,-1.));
#7137 = ( GEOMETRIC_REPRESENTATION_CONTEXT(2) 
PARAMETRIC_REPRESENTATION_CONTEXT() REPRESENTATION_CONTEXT('2D SPACE',''
  ) );
#7138 = PCURVE('',#1389,#7139);
#7139 = DEFINITIONAL_REPRESENTATION('',(#7140),#7144);
#7140 = LINE('',#7141,#7142);
#7141 = CARTESIAN_POINT('',(0.117786089216,0.));
#7142 = VECTOR('',#7143,1.);
#7143 = DIRECTION('',(0.,-1.));
#7144 = ( GEOMETRIC_REPRESENTATION_CONTEXT(2) 
PARAMETRIC_REPRESENTATION_CONTEXT() REPRESENTATION_CONTEXT('2D SPACE',''
  ) );
#7145 = ORIENTED_EDGE('',*,*,#4432,.T.);
#7146 = ORIENTED_EDGE('',*,*,#7071,.F.);
#7147 = ORIENTED_EDGE('',*,*,#1401,.F.);
#7148 = ADVANCED_FACE('',(#7149),#829,.F.);
#7149 = FACE_BOUND('',#7150,.F.);
#7150 = EDGE_LOOP('',(#7151,#7152,#7153,#7174));
#7151 = ORIENTED_EDGE('',*,*,#7100,.T.);
#7152 = ORIENTED_EDGE('',*,*,#3949,.T.);
#7153 = ORIENTED_EDGE('',*,*,#7154,.F.);
#7154 = EDGE_CURVE('',#814,#3950,#7155,.T.);
#7155 = SURFACE_CURVE('',#7156,(#7160,#7167),.PCURVE_S1.);
#7156 = LINE('',#7157,#7158);
#7157 = CARTESIAN_POINT('',(0.348411628171,-40.14855921672,-150.));
#7158 = VECTOR('',#7159,1.);
#7159 = DIRECTION('',(0.,0.,1.));
#7160 = PCURVE('',#829,#7161);
#7161 = DEFINITIONAL_REPRESENTATION('',(#7162),#7166);
#7162 = LINE('',#7163,#7164);
#7163 = CARTESIAN_POINT('',(0.117786087302,0.));
#7164 = VECTOR('',#7165,1.);
#7165 = DIRECTION('',(0.,-1.));
#7166 = ( GEOMETRIC_REPRESENTATION_CONTEXT(2) 
PARAMETRIC_REPRESENTATION_CONTEXT() REPRESENTATION_CONTEXT('2D SPACE',''
  ) );
#7167 = PCURVE('',#857,#7168);
#7168 = DEFINITIONAL_REPRESENTATION('',(#7169),#7173);
#7169 = LINE('',#7170,#7171);
#7170 = CARTESIAN_POINT('',(0.,0.));
#7171 = VECTOR('',#7172,1.);
#7172 = DIRECTION('',(0.,-1.));
#7173 = ( GEOMETRIC_REPRESENTATION_CONTEXT(2) 
PARAMETRIC_REPRESENTATION_CONTEXT() REPRESENTATION_CONTEXT('2D SPACE',''
  ) );
#7174 = ORIENTED_EDGE('',*,*,#813,.F.);
#7175 = ADVANCED_FACE('',(#7176),#1389,.F.);
#7176 = FACE_BOUND('',#7177,.F.);
#7177 = EDGE_LOOP('',(#7178,#7199,#7200,#7201));
#7178 = ORIENTED_EDGE('',*,*,#7179,.T.);
#7179 = EDGE_CURVE('',#1346,#4387,#7180,.T.);
#7180 = SURFACE_CURVE('',#7181,(#7185,#7192),.PCURVE_S1.);
#7181 = LINE('',#7182,#7183);
#7182 = CARTESIAN_POINT('',(34.883869025798,19.959312420926,-150.));
#7183 = VECTOR('',#7184,1.);
#7184 = DIRECTION('',(0.,0.,1.));
#7185 = PCURVE('',#1389,#7186);
#7186 = DEFINITIONAL_REPRESENTATION('',(#7187),#7191);
#7187 = LINE('',#7188,#7189);
#7188 = CARTESIAN_POINT('',(0.,0.));
#7189 = VECTOR('',#7190,1.);
#7190 = DIRECTION('',(0.,-1.));
#7191 = ( GEOMETRIC_REPRESENTATION_CONTEXT(2) 
PARAMETRIC_REPRESENTATION_CONTEXT() REPRESENTATION_CONTEXT('2D SPACE',''
  ) );
#7192 = PCURVE('',#1361,#7193);
#7193 = DEFINITIONAL_REPRESENTATION('',(#7194),#7198);
#7194 = LINE('',#7195,#7196);
#7195 = CARTESIAN_POINT('',(0.117786087613,0.));
#7196 = VECTOR('',#7197,1.);
#7197 = DIRECTION('',(0.,-1.));
#7198 = ( GEOMETRIC_REPRESENTATION_CONTEXT(2) 
PARAMETRIC_REPRESENTATION_CONTEXT() REPRESENTATION_CONTEXT('2D SPACE',''
  ) );
#7199 = ORIENTED_EDGE('',*,*,#4409,.T.);
#7200 = ORIENTED_EDGE('',*,*,#7125,.F.);
#7201 = ORIENTED_EDGE('',*,*,#1373,.F.);
#7202 = ADVANCED_FACE('',(#7203),#857,.F.);
#7203 = FACE_BOUND('',#7204,.F.);
#7204 = EDGE_LOOP('',(#7205,#7206,#7207,#7228));
#7205 = ORIENTED_EDGE('',*,*,#7154,.T.);
#7206 = ORIENTED_EDGE('',*,*,#3972,.T.);
#7207 = ORIENTED_EDGE('',*,*,#7208,.F.);
#7208 = EDGE_CURVE('',#842,#3973,#7209,.T.);
#7209 = SURFACE_CURVE('',#7210,(#7214,#7221),.PCURVE_S1.);
#7210 = LINE('',#7211,#7212);
#7211 = CARTESIAN_POINT('',(0.459312421795,-40.10887827848,-150.));
#7212 = VECTOR('',#7213,1.);
#7213 = DIRECTION('',(0.,0.,1.));
#7214 = PCURVE('',#857,#7215);
#7215 = DEFINITIONAL_REPRESENTATION('',(#7216),#7220);
#7216 = LINE('',#7217,#7218);
#7217 = CARTESIAN_POINT('',(0.117786089527,0.));
#7218 = VECTOR('',#7219,1.);
#7219 = DIRECTION('',(0.,-1.));
#7220 = ( GEOMETRIC_REPRESENTATION_CONTEXT(2) 
PARAMETRIC_REPRESENTATION_CONTEXT() REPRESENTATION_CONTEXT('2D SPACE',''
  ) );
#7221 = PCURVE('',#885,#7222);
#7222 = DEFINITIONAL_REPRESENTATION('',(#7223),#7227);
#7223 = LINE('',#7224,#7225);
#7224 = CARTESIAN_POINT('',(0.,0.));
#7225 = VECTOR('',#7226,1.);
#7226 = DIRECTION('',(0.,-1.));
#7227 = ( GEOMETRIC_REPRESENTATION_CONTEXT(2) 
PARAMETRIC_REPRESENTATION_CONTEXT() REPRESENTATION_CONTEXT('2D SPACE',''
  ) );
#7228 = ORIENTED_EDGE('',*,*,#841,.F.);
#7229 = ADVANCED_FACE('',(#7230),#1361,.F.);
#7230 = FACE_BOUND('',#7231,.F.);
#7231 = EDGE_LOOP('',(#7232,#7253,#7254,#7255));
#7232 = ORIENTED_EDGE('',*,*,#7233,.T.);
#7233 = EDGE_CURVE('',#1318,#4364,#7234,.T.);
#7234 = SURFACE_CURVE('',#7235,(#7239,#7246),.PCURVE_S1.);
#7235 = LINE('',#7236,#7237);
#7236 = CARTESIAN_POINT('',(34.923549963393,19.848411629104,-150.));
#7237 = VECTOR('',#7238,1.);
#7238 = DIRECTION('',(0.,0.,1.));
#7239 = PCURVE('',#1361,#7240);
#7240 = DEFINITIONAL_REPRESENTATION('',(#7241),#7245);
#7241 = LINE('',#7242,#7243);
#7242 = CARTESIAN_POINT('',(0.,0.));
#7243 = VECTOR('',#7244,1.);
#7244 = DIRECTION('',(0.,-1.));
#7245 = ( GEOMETRIC_REPRESENTATION_CONTEXT(2) 
PARAMETRIC_REPRESENTATION_CONTEXT() REPRESENTATION_CONTEXT('2D SPACE',''
  ) );
#7246 = PCURVE('',#1333,#7247);
#7247 = DEFINITIONAL_REPRESENTATION('',(#7248),#7252);
#7248 = LINE('',#7249,#7250);
#7249 = CARTESIAN_POINT('',(0.117786088556,0.));
#7250 = VECTOR('',#7251,1.);
#7251 = DIRECTION('',(0.,-1.));
#7252 = ( GEOMETRIC_REPRESENTATION_CONTEXT(2) 
PARAMETRIC_REPRESENTATION_CONTEXT() REPRESENTATION_CONTEXT('2D SPACE',''
  ) );
#7253 = ORIENTED_EDGE('',*,*,#4386,.T.);
#7254 = ORIENTED_EDGE('',*,*,#7179,.F.);
#7255 = ORIENTED_EDGE('',*,*,#1345,.F.);
#7256 = ADVANCED_FACE('',(#7257),#885,.F.);
#7257 = FACE_BOUND('',#7258,.F.);
#7258 = EDGE_LOOP('',(#7259,#7260,#7261,#7282));
#7259 = ORIENTED_EDGE('',*,*,#7208,.T.);
#7260 = ORIENTED_EDGE('',*,*,#3995,.T.);
#7261 = ORIENTED_EDGE('',*,*,#7262,.F.);
#7262 = EDGE_CURVE('',#870,#3996,#7263,.T.);
#7263 = SURFACE_CURVE('',#7264,(#7268,#7275),.PCURVE_S1.);
#7264 = LINE('',#7265,#7266);
#7265 = CARTESIAN_POINT('',(0.564307629158,-40.05921924307,-150.));
#7266 = VECTOR('',#7267,1.);
#7267 = DIRECTION('',(0.,0.,1.));
#7268 = PCURVE('',#885,#7269);
#7269 = DEFINITIONAL_REPRESENTATION('',(#7270),#7274);
#7270 = LINE('',#7271,#7272);
#7271 = CARTESIAN_POINT('',(0.116146516809,0.));
#7272 = VECTOR('',#7273,1.);
#7273 = DIRECTION('',(0.,-1.));
#7274 = ( GEOMETRIC_REPRESENTATION_CONTEXT(2) 
PARAMETRIC_REPRESENTATION_CONTEXT() REPRESENTATION_CONTEXT('2D SPACE',''
  ) );
#7275 = PCURVE('',#913,#7276);
#7276 = DEFINITIONAL_REPRESENTATION('',(#7277),#7281);
#7277 = LINE('',#7278,#7279);
#7278 = CARTESIAN_POINT('',(0.,0.));
#7279 = VECTOR('',#7280,1.);
#7280 = DIRECTION('',(0.,-1.));
#7281 = ( GEOMETRIC_REPRESENTATION_CONTEXT(2) 
PARAMETRIC_REPRESENTATION_CONTEXT() REPRESENTATION_CONTEXT('2D SPACE',''
  ) );
#7282 = ORIENTED_EDGE('',*,*,#869,.F.);
#7283 = ADVANCED_FACE('',(#7284),#1333,.F.);
#7284 = FACE_BOUND('',#7285,.F.);
#7285 = EDGE_LOOP('',(#7286,#7307,#7308,#7309));
#7286 = ORIENTED_EDGE('',*,*,#7287,.T.);
#7287 = EDGE_CURVE('',#1290,#4341,#7288,.T.);
#7288 = SURFACE_CURVE('',#7289,(#7293,#7300),.PCURVE_S1.);
#7289 = LINE('',#7290,#7291);
#7290 = CARTESIAN_POINT('',(34.952169648819,19.734155442123,-150.));
#7291 = VECTOR('',#7292,1.);
#7292 = DIRECTION('',(0.,0.,1.));
#7293 = PCURVE('',#1333,#7294);
#7294 = DEFINITIONAL_REPRESENTATION('',(#7295),#7299);
#7295 = LINE('',#7296,#7297);
#7296 = CARTESIAN_POINT('',(0.,0.));
#7297 = VECTOR('',#7298,1.);
#7298 = DIRECTION('',(0.,-1.));
#7299 = ( GEOMETRIC_REPRESENTATION_CONTEXT(2) 
PARAMETRIC_REPRESENTATION_CONTEXT() REPRESENTATION_CONTEXT('2D SPACE',''
  ) );
#7300 = PCURVE('',#1305,#7301);
#7301 = DEFINITIONAL_REPRESENTATION('',(#7302),#7306);
#7302 = LINE('',#7303,#7304);
#7303 = CARTESIAN_POINT('',(0.117786088516,0.));
#7304 = VECTOR('',#7305,1.);
#7305 = DIRECTION('',(0.,-1.));
#7306 = ( GEOMETRIC_REPRESENTATION_CONTEXT(2) 
PARAMETRIC_REPRESENTATION_CONTEXT() REPRESENTATION_CONTEXT('2D SPACE',''
  ) );
#7307 = ORIENTED_EDGE('',*,*,#4363,.T.);
#7308 = ORIENTED_EDGE('',*,*,#7233,.F.);
#7309 = ORIENTED_EDGE('',*,*,#1317,.F.);
#7310 = ADVANCED_FACE('',(#7311),#913,.F.);
#7311 = FACE_BOUND('',#7312,.F.);
#7312 = EDGE_LOOP('',(#7313,#7314,#7315,#7336));
#7313 = ORIENTED_EDGE('',*,*,#7262,.T.);
#7314 = ORIENTED_EDGE('',*,*,#4018,.T.);
#7315 = ORIENTED_EDGE('',*,*,#7316,.F.);
#7316 = EDGE_CURVE('',#898,#4019,#7317,.T.);
#7317 = SURFACE_CURVE('',#7318,(#7322,#7329),.PCURVE_S1.);
#7318 = LINE('',#7319,#7320);
#7319 = CARTESIAN_POINT('',(34.347804545969,-20.55430820364,-150.));
#7320 = VECTOR('',#7321,1.);
#7321 = DIRECTION('',(0.,0.,1.));
#7322 = PCURVE('',#913,#7323);
#7323 = DEFINITIONAL_REPRESENTATION('',(#7324),#7328);
#7324 = LINE('',#7325,#7326);
#7325 = CARTESIAN_POINT('',(39.009822078347,0.));
#7326 = VECTOR('',#7327,1.);
#7327 = DIRECTION('',(0.,-1.));
#7328 = ( GEOMETRIC_REPRESENTATION_CONTEXT(2) 
PARAMETRIC_REPRESENTATION_CONTEXT() REPRESENTATION_CONTEXT('2D SPACE',''
  ) );
#7329 = PCURVE('',#941,#7330);
#7330 = DEFINITIONAL_REPRESENTATION('',(#7331),#7335);
#7331 = LINE('',#7332,#7333);
#7332 = CARTESIAN_POINT('',(0.,0.));
#7333 = VECTOR('',#7334,1.);
#7334 = DIRECTION('',(0.,-1.));
#7335 = ( GEOMETRIC_REPRESENTATION_CONTEXT(2) 
PARAMETRIC_REPRESENTATION_CONTEXT() REPRESENTATION_CONTEXT('2D SPACE',''
  ) );
#7336 = ORIENTED_EDGE('',*,*,#897,.F.);
#7337 = ADVANCED_FACE('',(#7338),#1305,.F.);
#7338 = FACE_BOUND('',#7339,.F.);
#7339 = EDGE_LOOP('',(#7340,#7361,#7362,#7363));
#7340 = ORIENTED_EDGE('',*,*,#7341,.T.);
#7341 = EDGE_CURVE('',#1262,#4318,#7342,.T.);
#7342 = SURFACE_CURVE('',#7343,(#7347,#7354),.PCURVE_S1.);
#7343 = LINE('',#7344,#7345);
#7344 = CARTESIAN_POINT('',(34.969452457101,19.617644210107,-150.));
#7345 = VECTOR('',#7346,1.);
#7346 = DIRECTION('',(0.,0.,1.));
#7347 = PCURVE('',#1305,#7348);
#7348 = DEFINITIONAL_REPRESENTATION('',(#7349),#7353);
#7349 = LINE('',#7350,#7351);
#7350 = CARTESIAN_POINT('',(0.,0.));
#7351 = VECTOR('',#7352,1.);
#7352 = DIRECTION('',(0.,-1.));
#7353 = ( GEOMETRIC_REPRESENTATION_CONTEXT(2) 
PARAMETRIC_REPRESENTATION_CONTEXT() REPRESENTATION_CONTEXT('2D SPACE',''
  ) );
#7354 = PCURVE('',#1277,#7355);
#7355 = DEFINITIONAL_REPRESENTATION('',(#7356),#7360);
#7356 = LINE('',#7357,#7358);
#7357 = CARTESIAN_POINT('',(0.112870442414,0.));
#7358 = VECTOR('',#7359,1.);
#7359 = DIRECTION('',(0.,-1.));
#7360 = ( GEOMETRIC_REPRESENTATION_CONTEXT(2) 
PARAMETRIC_REPRESENTATION_CONTEXT() REPRESENTATION_CONTEXT('2D SPACE',''
  ) );
#7361 = ORIENTED_EDGE('',*,*,#4340,.T.);
#7362 = ORIENTED_EDGE('',*,*,#7287,.F.);
#7363 = ORIENTED_EDGE('',*,*,#1289,.F.);
#7364 = ADVANCED_FACE('',(#7365),#941,.F.);
#7365 = FACE_BOUND('',#7366,.F.);
#7366 = EDGE_LOOP('',(#7367,#7368,#7369,#7390));
#7367 = ORIENTED_EDGE('',*,*,#7316,.T.);
#7368 = ORIENTED_EDGE('',*,*,#4041,.T.);
#7369 = ORIENTED_EDGE('',*,*,#7370,.F.);
#7370 = EDGE_CURVE('',#926,#4042,#7371,.T.);
#7371 = SURFACE_CURVE('',#7372,(#7376,#7383),.PCURVE_S1.);
#7372 = LINE('',#7373,#7374);
#7373 = CARTESIAN_POINT('',(34.441809030497,-20.49796408455,-150.));
#7374 = VECTOR('',#7375,1.);
#7375 = DIRECTION('',(0.,0.,1.));
#7376 = PCURVE('',#941,#7377);
#7377 = DEFINITIONAL_REPRESENTATION('',(#7378),#7382);
#7378 = LINE('',#7379,#7380);
#7379 = CARTESIAN_POINT('',(0.109597002095,0.));
#7380 = VECTOR('',#7381,1.);
#7381 = DIRECTION('',(0.,-1.));
#7382 = ( GEOMETRIC_REPRESENTATION_CONTEXT(2) 
PARAMETRIC_REPRESENTATION_CONTEXT() REPRESENTATION_CONTEXT('2D SPACE',''
  ) );
#7383 = PCURVE('',#969,#7384);
#7384 = DEFINITIONAL_REPRESENTATION('',(#7385),#7389);
#7385 = LINE('',#7386,#7387);
#7386 = CARTESIAN_POINT('',(0.,0.));
#7387 = VECTOR('',#7388,1.);
#7388 = DIRECTION('',(0.,-1.));
#7389 = ( GEOMETRIC_REPRESENTATION_CONTEXT(2) 
PARAMETRIC_REPRESENTATION_CONTEXT() REPRESENTATION_CONTEXT('2D SPACE',''
  ) );
#7390 = ORIENTED_EDGE('',*,*,#925,.F.);
#7391 = ADVANCED_FACE('',(#7392),#1277,.F.);
#7392 = FACE_BOUND('',#7393,.F.);
#7393 = EDGE_LOOP('',(#7394,#7415,#7416,#7417));
#7394 = ORIENTED_EDGE('',*,*,#7395,.T.);
#7395 = EDGE_CURVE('',#1234,#4295,#7396,.T.);
#7396 = SURFACE_CURVE('',#7397,(#7401,#7408),.PCURVE_S1.);
#7397 = LINE('',#7398,#7399);
#7398 = CARTESIAN_POINT('',(34.974990748,19.504909725123,-150.));
#7399 = VECTOR('',#7400,1.);
#7400 = DIRECTION('',(0.,0.,1.));
#7401 = PCURVE('',#1277,#7402);
#7402 = DEFINITIONAL_REPRESENTATION('',(#7403),#7407);
#7403 = LINE('',#7404,#7405);
#7404 = CARTESIAN_POINT('',(0.,0.));
#7405 = VECTOR('',#7406,1.);
#7406 = DIRECTION('',(0.,-1.));
#7407 = ( GEOMETRIC_REPRESENTATION_CONTEXT(2) 
PARAMETRIC_REPRESENTATION_CONTEXT() REPRESENTATION_CONTEXT('2D SPACE',''
  ) );
#7408 = PCURVE('',#1249,#7409);
#7409 = DEFINITIONAL_REPRESENTATION('',(#7410),#7414);
#7410 = LINE('',#7411,#7412);
#7411 = CARTESIAN_POINT('',(39.009819450246,0.));
#7412 = VECTOR('',#7413,1.);
#7413 = DIRECTION('',(0.,-1.));
#7414 = ( GEOMETRIC_REPRESENTATION_CONTEXT(2) 
PARAMETRIC_REPRESENTATION_CONTEXT() REPRESENTATION_CONTEXT('2D SPACE',''
  ) );
#7415 = ORIENTED_EDGE('',*,*,#4317,.T.);
#7416 = ORIENTED_EDGE('',*,*,#7341,.F.);
#7417 = ORIENTED_EDGE('',*,*,#1261,.F.);
#7418 = ADVANCED_FACE('',(#7419),#969,.F.);
#7419 = FACE_BOUND('',#7420,.F.);
#7420 = EDGE_LOOP('',(#7421,#7422,#7423,#7444));
#7421 = ORIENTED_EDGE('',*,*,#7370,.T.);
#7422 = ORIENTED_EDGE('',*,*,#4064,.T.);
#7423 = ORIENTED_EDGE('',*,*,#7424,.F.);
#7424 = EDGE_CURVE('',#954,#4065,#7425,.T.);
#7425 = SURFACE_CURVE('',#7426,(#7430,#7437),.PCURVE_S1.);
#7426 = LINE('',#7427,#7428);
#7427 = CARTESIAN_POINT('',(34.536415704052,-20.42779899322,-150.));
#7428 = VECTOR('',#7429,1.);
#7429 = DIRECTION('',(0.,0.,1.));
#7430 = PCURVE('',#969,#7431);
#7431 = DEFINITIONAL_REPRESENTATION('',(#7432),#7436);
#7432 = LINE('',#7433,#7434);
#7433 = CARTESIAN_POINT('',(0.117786088829,0.));
#7434 = VECTOR('',#7435,1.);
#7435 = DIRECTION('',(0.,-1.));
#7436 = ( GEOMETRIC_REPRESENTATION_CONTEXT(2) 
PARAMETRIC_REPRESENTATION_CONTEXT() REPRESENTATION_CONTEXT('2D SPACE',''
  ) );
#7437 = PCURVE('',#997,#7438);
#7438 = DEFINITIONAL_REPRESENTATION('',(#7439),#7443);
#7439 = LINE('',#7440,#7441);
#7440 = CARTESIAN_POINT('',(0.,0.));
#7441 = VECTOR('',#7442,1.);
#7442 = DIRECTION('',(0.,-1.));
#7443 = ( GEOMETRIC_REPRESENTATION_CONTEXT(2) 
PARAMETRIC_REPRESENTATION_CONTEXT() REPRESENTATION_CONTEXT('2D SPACE',''
  ) );
#7444 = ORIENTED_EDGE('',*,*,#953,.F.);
#7445 = ADVANCED_FACE('',(#7446),#1249,.F.);
#7446 = FACE_BOUND('',#7447,.F.);
#7447 = EDGE_LOOP('',(#7448,#7469,#7470,#7471));
#7448 = ORIENTED_EDGE('',*,*,#7449,.T.);
#7449 = EDGE_CURVE('',#1206,#4272,#7450,.T.);
#7450 = SURFACE_CURVE('',#7451,(#7455,#7462),.PCURVE_S1.);
#7451 = LINE('',#7452,#7453);
#7452 = CARTESIAN_POINT('',(34.974990748,-19.50490972512,-150.));
#7453 = VECTOR('',#7454,1.);
#7454 = DIRECTION('',(0.,0.,1.));
#7455 = PCURVE('',#1249,#7456);
#7456 = DEFINITIONAL_REPRESENTATION('',(#7457),#7461);
#7457 = LINE('',#7458,#7459);
#7458 = CARTESIAN_POINT('',(0.,0.));
#7459 = VECTOR('',#7460,1.);
#7460 = DIRECTION('',(0.,-1.));
#7461 = ( GEOMETRIC_REPRESENTATION_CONTEXT(2) 
PARAMETRIC_REPRESENTATION_CONTEXT() REPRESENTATION_CONTEXT('2D SPACE',''
  ) );
#7462 = PCURVE('',#1221,#7463);
#7463 = DEFINITIONAL_REPRESENTATION('',(#7464),#7468);
#7464 = LINE('',#7465,#7466);
#7465 = CARTESIAN_POINT('',(0.112870442414,0.));
#7466 = VECTOR('',#7467,1.);
#7467 = DIRECTION('',(0.,-1.));
#7468 = ( GEOMETRIC_REPRESENTATION_CONTEXT(2) 
PARAMETRIC_REPRESENTATION_CONTEXT() REPRESENTATION_CONTEXT('2D SPACE',''
  ) );
#7469 = ORIENTED_EDGE('',*,*,#4294,.T.);
#7470 = ORIENTED_EDGE('',*,*,#7395,.F.);
#7471 = ORIENTED_EDGE('',*,*,#1233,.F.);
#7472 = ADVANCED_FACE('',(#7473),#997,.F.);
#7473 = FACE_BOUND('',#7474,.F.);
#7474 = EDGE_LOOP('',(#7475,#7476,#7477,#7498));
#7475 = ORIENTED_EDGE('',*,*,#7424,.T.);
#7476 = ORIENTED_EDGE('',*,*,#4087,.T.);
#7477 = ORIENTED_EDGE('',*,*,#7478,.F.);
#7478 = EDGE_CURVE('',#982,#4088,#7479,.T.);
#7479 = SURFACE_CURVE('',#7480,(#7484,#7491),.PCURVE_S1.);
#7480 = LINE('',#7481,#7482);
#7481 = CARTESIAN_POINT('',(34.623689438902,-20.3486986909,-150.));
#7482 = VECTOR('',#7483,1.);
#7483 = DIRECTION('',(0.,0.,1.));
#7484 = PCURVE('',#997,#7485);
#7485 = DEFINITIONAL_REPRESENTATION('',(#7486),#7490);
#7486 = LINE('',#7487,#7488);
#7487 = CARTESIAN_POINT('',(0.117786088408,0.));
#7488 = VECTOR('',#7489,1.);
#7489 = DIRECTION('',(0.,-1.));
#7490 = ( GEOMETRIC_REPRESENTATION_CONTEXT(2) 
PARAMETRIC_REPRESENTATION_CONTEXT() REPRESENTATION_CONTEXT('2D SPACE',''
  ) );
#7491 = PCURVE('',#1025,#7492);
#7492 = DEFINITIONAL_REPRESENTATION('',(#7493),#7497);
#7493 = LINE('',#7494,#7495);
#7494 = CARTESIAN_POINT('',(0.,0.));
#7495 = VECTOR('',#7496,1.);
#7496 = DIRECTION('',(0.,-1.));
#7497 = ( GEOMETRIC_REPRESENTATION_CONTEXT(2) 
PARAMETRIC_REPRESENTATION_CONTEXT() REPRESENTATION_CONTEXT('2D SPACE',''
  ) );
#7498 = ORIENTED_EDGE('',*,*,#981,.F.);
#7499 = ADVANCED_FACE('',(#7500),#1221,.F.);
#7500 = FACE_BOUND('',#7501,.F.);
#7501 = EDGE_LOOP('',(#7502,#7523,#7524,#7525));
#7502 = ORIENTED_EDGE('',*,*,#7503,.T.);
#7503 = EDGE_CURVE('',#1178,#4249,#7504,.T.);
#7504 = SURFACE_CURVE('',#7505,(#7509,#7516),.PCURVE_S1.);
#7505 = LINE('',#7506,#7507);
#7506 = CARTESIAN_POINT('',(34.969452457101,-19.6176442101,-150.));
#7507 = VECTOR('',#7508,1.);
#7508 = DIRECTION('',(0.,0.,1.));
#7509 = PCURVE('',#1221,#7510);
#7510 = DEFINITIONAL_REPRESENTATION('',(#7511),#7515);
#7511 = LINE('',#7512,#7513);
#7512 = CARTESIAN_POINT('',(0.,0.));
#7513 = VECTOR('',#7514,1.);
#7514 = DIRECTION('',(0.,-1.));
#7515 = ( GEOMETRIC_REPRESENTATION_CONTEXT(2) 
PARAMETRIC_REPRESENTATION_CONTEXT() REPRESENTATION_CONTEXT('2D SPACE',''
  ) );
#7516 = PCURVE('',#1193,#7517);
#7517 = DEFINITIONAL_REPRESENTATION('',(#7518),#7522);
#7518 = LINE('',#7519,#7520);
#7519 = CARTESIAN_POINT('',(0.117786088516,0.));
#7520 = VECTOR('',#7521,1.);
#7521 = DIRECTION('',(0.,-1.));
#7522 = ( GEOMETRIC_REPRESENTATION_CONTEXT(2) 
PARAMETRIC_REPRESENTATION_CONTEXT() REPRESENTATION_CONTEXT('2D SPACE',''
  ) );
#7523 = ORIENTED_EDGE('',*,*,#4271,.T.);
#7524 = ORIENTED_EDGE('',*,*,#7449,.F.);
#7525 = ORIENTED_EDGE('',*,*,#1205,.F.);
#7526 = ADVANCED_FACE('',(#7527),#1025,.F.);
#7527 = FACE_BOUND('',#7528,.F.);
#7528 = EDGE_LOOP('',(#7529,#7530,#7531,#7552));
#7529 = ORIENTED_EDGE('',*,*,#7478,.T.);
#7530 = ORIENTED_EDGE('',*,*,#4110,.T.);
#7531 = ORIENTED_EDGE('',*,*,#7532,.F.);
#7532 = EDGE_CURVE('',#1010,#4111,#7533,.T.);
#7533 = SURFACE_CURVE('',#7534,(#7538,#7545),.PCURVE_S1.);
#7534 = LINE('',#7535,#7536);
#7535 = CARTESIAN_POINT('',(34.702789741226,-20.26142495605,-150.));
#7536 = VECTOR('',#7537,1.);
#7537 = DIRECTION('',(0.,0.,1.));
#7538 = PCURVE('',#1025,#7539);
#7539 = DEFINITIONAL_REPRESENTATION('',(#7540),#7544);
#7540 = LINE('',#7541,#7542);
#7541 = CARTESIAN_POINT('',(0.117786088408,0.));
#7542 = VECTOR('',#7543,1.);
#7543 = DIRECTION('',(0.,-1.));
#7544 = ( GEOMETRIC_REPRESENTATION_CONTEXT(2) 
PARAMETRIC_REPRESENTATION_CONTEXT() REPRESENTATION_CONTEXT('2D SPACE',''
  ) );
#7545 = PCURVE('',#1053,#7546);
#7546 = DEFINITIONAL_REPRESENTATION('',(#7547),#7551);
#7547 = LINE('',#7548,#7549);
#7548 = CARTESIAN_POINT('',(0.,0.));
#7549 = VECTOR('',#7550,1.);
#7550 = DIRECTION('',(0.,-1.));
#7551 = ( GEOMETRIC_REPRESENTATION_CONTEXT(2) 
PARAMETRIC_REPRESENTATION_CONTEXT() REPRESENTATION_CONTEXT('2D SPACE',''
  ) );
#7552 = ORIENTED_EDGE('',*,*,#1009,.F.);
#7553 = ADVANCED_FACE('',(#7554),#1193,.F.);
#7554 = FACE_BOUND('',#7555,.F.);
#7555 = EDGE_LOOP('',(#7556,#7577,#7578,#7579));
#7556 = ORIENTED_EDGE('',*,*,#7557,.T.);
#7557 = EDGE_CURVE('',#1150,#4226,#7558,.T.);
#7558 = SURFACE_CURVE('',#7559,(#7563,#7570),.PCURVE_S1.);
#7559 = LINE('',#7560,#7561);
#7560 = CARTESIAN_POINT('',(34.952169648819,-19.73415544212,-150.));
#7561 = VECTOR('',#7562,1.);
#7562 = DIRECTION('',(0.,0.,1.));
#7563 = PCURVE('',#1193,#7564);
#7564 = DEFINITIONAL_REPRESENTATION('',(#7565),#7569);
#7565 = LINE('',#7566,#7567);
#7566 = CARTESIAN_POINT('',(0.,0.));
#7567 = VECTOR('',#7568,1.);
#7568 = DIRECTION('',(0.,-1.));
#7569 = ( GEOMETRIC_REPRESENTATION_CONTEXT(2) 
PARAMETRIC_REPRESENTATION_CONTEXT() REPRESENTATION_CONTEXT('2D SPACE',''
  ) );
#7570 = PCURVE('',#1165,#7571);
#7571 = DEFINITIONAL_REPRESENTATION('',(#7572),#7576);
#7572 = LINE('',#7573,#7574);
#7573 = CARTESIAN_POINT('',(0.117786088556,0.));
#7574 = VECTOR('',#7575,1.);
#7575 = DIRECTION('',(0.,-1.));
#7576 = ( GEOMETRIC_REPRESENTATION_CONTEXT(2) 
PARAMETRIC_REPRESENTATION_CONTEXT() REPRESENTATION_CONTEXT('2D SPACE',''
  ) );
#7577 = ORIENTED_EDGE('',*,*,#4248,.T.);
#7578 = ORIENTED_EDGE('',*,*,#7503,.F.);
#7579 = ORIENTED_EDGE('',*,*,#1177,.F.);
#7580 = ADVANCED_FACE('',(#7581),#1053,.F.);
#7581 = FACE_BOUND('',#7582,.F.);
#7582 = EDGE_LOOP('',(#7583,#7584,#7585,#7606));
#7583 = ORIENTED_EDGE('',*,*,#7532,.T.);
#7584 = ORIENTED_EDGE('',*,*,#4133,.T.);
#7585 = ORIENTED_EDGE('',*,*,#7586,.F.);
#7586 = EDGE_CURVE('',#1038,#4134,#7587,.T.);
#7587 = SURFACE_CURVE('',#7588,(#7592,#7599),.PCURVE_S1.);
#7588 = LINE('',#7589,#7590);
#7589 = CARTESIAN_POINT('',(34.772954832237,-20.16681828291,-150.));
#7590 = VECTOR('',#7591,1.);
#7591 = DIRECTION('',(0.,0.,1.));
#7592 = PCURVE('',#1053,#7593);
#7593 = DEFINITIONAL_REPRESENTATION('',(#7594),#7598);
#7594 = LINE('',#7595,#7596);
#7595 = CARTESIAN_POINT('',(0.117786088304,0.));
#7596 = VECTOR('',#7597,1.);
#7597 = DIRECTION('',(0.,-1.));
#7598 = ( GEOMETRIC_REPRESENTATION_CONTEXT(2) 
PARAMETRIC_REPRESENTATION_CONTEXT() REPRESENTATION_CONTEXT('2D SPACE',''
  ) );
#7599 = PCURVE('',#1081,#7600);
#7600 = DEFINITIONAL_REPRESENTATION('',(#7601),#7605);
#7601 = LINE('',#7602,#7603);
#7602 = CARTESIAN_POINT('',(0.,0.));
#7603 = VECTOR('',#7604,1.);
#7604 = DIRECTION('',(0.,-1.));
#7605 = ( GEOMETRIC_REPRESENTATION_CONTEXT(2) 
PARAMETRIC_REPRESENTATION_CONTEXT() REPRESENTATION_CONTEXT('2D SPACE',''
  ) );
#7606 = ORIENTED_EDGE('',*,*,#1037,.F.);
#7607 = ADVANCED_FACE('',(#7608),#1165,.F.);
#7608 = FACE_BOUND('',#7609,.F.);
#7609 = EDGE_LOOP('',(#7610,#7631,#7632,#7633));
#7610 = ORIENTED_EDGE('',*,*,#7611,.T.);
#7611 = EDGE_CURVE('',#1122,#4203,#7612,.T.);
#7612 = SURFACE_CURVE('',#7613,(#7617,#7624),.PCURVE_S1.);
#7613 = LINE('',#7614,#7615);
#7614 = CARTESIAN_POINT('',(34.923549963393,-19.8484116291,-150.));
#7615 = VECTOR('',#7616,1.);
#7616 = DIRECTION('',(0.,0.,1.));
#7617 = PCURVE('',#1165,#7618);
#7618 = DEFINITIONAL_REPRESENTATION('',(#7619),#7623);
#7619 = LINE('',#7620,#7621);
#7620 = CARTESIAN_POINT('',(0.,0.));
#7621 = VECTOR('',#7622,1.);
#7622 = DIRECTION('',(0.,-1.));
#7623 = ( GEOMETRIC_REPRESENTATION_CONTEXT(2) 
PARAMETRIC_REPRESENTATION_CONTEXT() REPRESENTATION_CONTEXT('2D SPACE',''
  ) );
#7624 = PCURVE('',#1137,#7625);
#7625 = DEFINITIONAL_REPRESENTATION('',(#7626),#7630);
#7626 = LINE('',#7627,#7628);
#7627 = CARTESIAN_POINT('',(0.117786087613,0.));
#7628 = VECTOR('',#7629,1.);
#7629 = DIRECTION('',(0.,-1.));
#7630 = ( GEOMETRIC_REPRESENTATION_CONTEXT(2) 
PARAMETRIC_REPRESENTATION_CONTEXT() REPRESENTATION_CONTEXT('2D SPACE',''
  ) );
#7631 = ORIENTED_EDGE('',*,*,#4225,.T.);
#7632 = ORIENTED_EDGE('',*,*,#7557,.F.);
#7633 = ORIENTED_EDGE('',*,*,#1149,.F.);
#7634 = ADVANCED_FACE('',(#7635),#1081,.F.);
#7635 = FACE_BOUND('',#7636,.F.);
#7636 = EDGE_LOOP('',(#7637,#7638,#7639,#7660));
#7637 = ORIENTED_EDGE('',*,*,#7586,.T.);
#7638 = ORIENTED_EDGE('',*,*,#4156,.T.);
#7639 = ORIENTED_EDGE('',*,*,#7640,.F.);
#7640 = EDGE_CURVE('',#1066,#4157,#7641,.T.);
#7641 = SURFACE_CURVE('',#7642,(#7646,#7653),.PCURVE_S1.);
#7642 = LINE('',#7643,#7644);
#7643 = CARTESIAN_POINT('',(34.833508983828,-20.06578978465,-150.));
#7644 = VECTOR('',#7645,1.);
#7645 = DIRECTION('',(0.,0.,1.));
#7646 = PCURVE('',#1081,#7647);
#7647 = DEFINITIONAL_REPRESENTATION('',(#7648),#7652);
#7648 = LINE('',#7649,#7650);
#7649 = CARTESIAN_POINT('',(0.117786088896,0.));
#7650 = VECTOR('',#7651,1.);
#7651 = DIRECTION('',(0.,-1.));
#7652 = ( GEOMETRIC_REPRESENTATION_CONTEXT(2) 
PARAMETRIC_REPRESENTATION_CONTEXT() REPRESENTATION_CONTEXT('2D SPACE',''
  ) );
#7653 = PCURVE('',#1109,#7654);
#7654 = DEFINITIONAL_REPRESENTATION('',(#7655),#7659);
#7655 = LINE('',#7656,#7657);
#7656 = CARTESIAN_POINT('',(0.,0.));
#7657 = VECTOR('',#7658,1.);
#7658 = DIRECTION('',(0.,-1.));
#7659 = ( GEOMETRIC_REPRESENTATION_CONTEXT(2) 
PARAMETRIC_REPRESENTATION_CONTEXT() REPRESENTATION_CONTEXT('2D SPACE',''
  ) );
#7660 = ORIENTED_EDGE('',*,*,#1065,.F.);
#7661 = ADVANCED_FACE('',(#7662),#1137,.F.);
#7662 = FACE_BOUND('',#7663,.F.);
#7663 = EDGE_LOOP('',(#7664,#7685,#7686,#7687));
#7664 = ORIENTED_EDGE('',*,*,#7665,.T.);
#7665 = EDGE_CURVE('',#1094,#4180,#7666,.T.);
#7666 = SURFACE_CURVE('',#7667,(#7671,#7678),.PCURVE_S1.);
#7667 = LINE('',#7668,#7669);
#7668 = CARTESIAN_POINT('',(34.883869025798,-19.95931242092,-150.));
#7669 = VECTOR('',#7670,1.);
#7670 = DIRECTION('',(0.,0.,1.));
#7671 = PCURVE('',#1137,#7672);
#7672 = DEFINITIONAL_REPRESENTATION('',(#7673),#7677);
#7673 = LINE('',#7674,#7675);
#7674 = CARTESIAN_POINT('',(0.,0.));
#7675 = VECTOR('',#7676,1.);
#7676 = DIRECTION('',(0.,-1.));
#7677 = ( GEOMETRIC_REPRESENTATION_CONTEXT(2) 
PARAMETRIC_REPRESENTATION_CONTEXT() REPRESENTATION_CONTEXT('2D SPACE',''
  ) );
#7678 = PCURVE('',#1109,#7679);
#7679 = DEFINITIONAL_REPRESENTATION('',(#7680),#7684);
#7680 = LINE('',#7681,#7682);
#7681 = CARTESIAN_POINT('',(0.117786089216,0.));
#7682 = VECTOR('',#7683,1.);
#7683 = DIRECTION('',(0.,-1.));
#7684 = ( GEOMETRIC_REPRESENTATION_CONTEXT(2) 
PARAMETRIC_REPRESENTATION_CONTEXT() REPRESENTATION_CONTEXT('2D SPACE',''
  ) );
#7685 = ORIENTED_EDGE('',*,*,#4202,.T.);
#7686 = ORIENTED_EDGE('',*,*,#7611,.F.);
#7687 = ORIENTED_EDGE('',*,*,#1121,.F.);
#7688 = ADVANCED_FACE('',(#7689),#1109,.F.);
#7689 = FACE_BOUND('',#7690,.F.);
#7690 = EDGE_LOOP('',(#7691,#7692,#7693,#7694));
#7691 = ORIENTED_EDGE('',*,*,#7640,.T.);
#7692 = ORIENTED_EDGE('',*,*,#4179,.T.);
#7693 = ORIENTED_EDGE('',*,*,#7665,.F.);
#7694 = ORIENTED_EDGE('',*,*,#1093,.F.);
#7695 = ADVANCED_FACE('',(#7696),#1919,.T.);
#7696 = FACE_BOUND('',#7697,.T.);
#7697 = EDGE_LOOP('',(#7698,#7719,#7720,#7741));
#7698 = ORIENTED_EDGE('',*,*,#7699,.T.);
#7699 = EDGE_CURVE('',#1902,#4848,#7700,.T.);
#7700 = SURFACE_CURVE('',#7701,(#7705,#7712),.PCURVE_S1.);
#7701 = LINE('',#7702,#7703);
#7702 = CARTESIAN_POINT('',(-34.774990748,-19.5,-150.));
#7703 = VECTOR('',#7704,1.);
#7704 = DIRECTION('',(0.,0.,1.));
#7705 = PCURVE('',#1919,#7706);
#7706 = DEFINITIONAL_REPRESENTATION('',(#7707),#7711);
#7707 = LINE('',#7708,#7709);
#7708 = CARTESIAN_POINT('',(0.,0.));
#7709 = VECTOR('',#7710,1.);
#7710 = DIRECTION('',(0.,-1.));
#7711 = ( GEOMETRIC_REPRESENTATION_CONTEXT(2) 
PARAMETRIC_REPRESENTATION_CONTEXT() REPRESENTATION_CONTEXT('2D SPACE',''
  ) );
#7712 = PCURVE('',#1947,#7713);
#7713 = DEFINITIONAL_REPRESENTATION('',(#7714),#7718);
#7714 = LINE('',#7715,#7716);
#7715 = CARTESIAN_POINT('',(39.,0.));
#7716 = VECTOR('',#7717,1.);
#7717 = DIRECTION('',(0.,-1.));
#7718 = ( GEOMETRIC_REPRESENTATION_CONTEXT(2) 
PARAMETRIC_REPRESENTATION_CONTEXT() REPRESENTATION_CONTEXT('2D SPACE',''
  ) );
#7719 = ORIENTED_EDGE('',*,*,#4847,.T.);
#7720 = ORIENTED_EDGE('',*,*,#7721,.F.);
#7721 = EDGE_CURVE('',#1904,#4850,#7722,.T.);
#7722 = SURFACE_CURVE('',#7723,(#7727,#7734),.PCURVE_S1.);
#7723 = LINE('',#7724,#7725);
#7724 = CARTESIAN_POINT('',(-34.770175474,-19.59801714,-150.));
#7725 = VECTOR('',#7726,1.);
#7726 = DIRECTION('',(0.,0.,1.));
#7727 = PCURVE('',#1919,#7728);
#7728 = DEFINITIONAL_REPRESENTATION('',(#7729),#7733);
#7729 = LINE('',#7730,#7731);
#7730 = CARTESIAN_POINT('',(9.813534835866E-02,0.));
#7731 = VECTOR('',#7732,1.);
#7732 = DIRECTION('',(0.,-1.));
#7733 = ( GEOMETRIC_REPRESENTATION_CONTEXT(2) 
PARAMETRIC_REPRESENTATION_CONTEXT() REPRESENTATION_CONTEXT('2D SPACE',''
  ) );
#7734 = PCURVE('',#3541,#7735);
#7735 = DEFINITIONAL_REPRESENTATION('',(#7736),#7740);
#7736 = LINE('',#7737,#7738);
#7737 = CARTESIAN_POINT('',(0.,0.));
#7738 = VECTOR('',#7739,1.);
#7739 = DIRECTION('',(0.,-1.));
#7740 = ( GEOMETRIC_REPRESENTATION_CONTEXT(2) 
PARAMETRIC_REPRESENTATION_CONTEXT() REPRESENTATION_CONTEXT('2D SPACE',''
  ) );
#7741 = ORIENTED_EDGE('',*,*,#1901,.F.);
#7742 = ADVANCED_FACE('',(#7743),#3541,.T.);
#7743 = FACE_BOUND('',#7744,.T.);
#7744 = EDGE_LOOP('',(#7745,#7746,#7747,#7768));
#7745 = ORIENTED_EDGE('',*,*,#7721,.T.);
#7746 = ORIENTED_EDGE('',*,*,#6183,.T.);
#7747 = ORIENTED_EDGE('',*,*,#7748,.F.);
#7748 = EDGE_CURVE('',#3500,#6161,#7749,.T.);
#7749 = SURFACE_CURVE('',#7750,(#7754,#7761),.PCURVE_S1.);
#7750 = LINE('',#7751,#7752);
#7751 = CARTESIAN_POINT('',(-34.755776028,-19.695090322,-150.));
#7752 = VECTOR('',#7753,1.);
#7753 = DIRECTION('',(0.,0.,1.));
#7754 = PCURVE('',#3541,#7755);
#7755 = DEFINITIONAL_REPRESENTATION('',(#7756),#7760);
#7756 = LINE('',#7757,#7758);
#7757 = CARTESIAN_POINT('',(9.813534892541E-02,0.));
#7758 = VECTOR('',#7759,1.);
#7759 = DIRECTION('',(0.,-1.));
#7760 = ( GEOMETRIC_REPRESENTATION_CONTEXT(2) 
PARAMETRIC_REPRESENTATION_CONTEXT() REPRESENTATION_CONTEXT('2D SPACE',''
  ) );
#7761 = PCURVE('',#3515,#7762);
#7762 = DEFINITIONAL_REPRESENTATION('',(#7763),#7767);
#7763 = LINE('',#7764,#7765);
#7764 = CARTESIAN_POINT('',(0.,0.));
#7765 = VECTOR('',#7766,1.);
#7766 = DIRECTION('',(0.,-1.));
#7767 = ( GEOMETRIC_REPRESENTATION_CONTEXT(2) 
PARAMETRIC_REPRESENTATION_CONTEXT() REPRESENTATION_CONTEXT('2D SPACE',''
  ) );
#7768 = ORIENTED_EDGE('',*,*,#3527,.F.);
#7769 = ADVANCED_FACE('',(#7770),#3515,.T.);
#7770 = FACE_BOUND('',#7771,.T.);
#7771 = EDGE_LOOP('',(#7772,#7773,#7774,#7795));
#7772 = ORIENTED_EDGE('',*,*,#7748,.T.);
#7773 = ORIENTED_EDGE('',*,*,#6160,.T.);
#7774 = ORIENTED_EDGE('',*,*,#7775,.F.);
#7775 = EDGE_CURVE('',#3472,#6138,#7776,.T.);
#7776 = SURFACE_CURVE('',#7777,(#7781,#7788),.PCURVE_S1.);
#7777 = LINE('',#7778,#7779);
#7778 = CARTESIAN_POINT('',(-34.731931083,-19.790284677,-150.));
#7779 = VECTOR('',#7780,1.);
#7780 = DIRECTION('',(0.,0.,1.));
#7781 = PCURVE('',#3515,#7782);
#7782 = DEFINITIONAL_REPRESENTATION('',(#7783),#7787);
#7783 = LINE('',#7784,#7785);
#7784 = CARTESIAN_POINT('',(9.813534850358E-02,0.));
#7785 = VECTOR('',#7786,1.);
#7786 = DIRECTION('',(0.,-1.));
#7787 = ( GEOMETRIC_REPRESENTATION_CONTEXT(2) 
PARAMETRIC_REPRESENTATION_CONTEXT() REPRESENTATION_CONTEXT('2D SPACE',''
  ) );
#7788 = PCURVE('',#3487,#7789);
#7789 = DEFINITIONAL_REPRESENTATION('',(#7790),#7794);
#7790 = LINE('',#7791,#7792);
#7791 = CARTESIAN_POINT('',(0.,0.));
#7792 = VECTOR('',#7793,1.);
#7793 = DIRECTION('',(0.,-1.));
#7794 = ( GEOMETRIC_REPRESENTATION_CONTEXT(2) 
PARAMETRIC_REPRESENTATION_CONTEXT() REPRESENTATION_CONTEXT('2D SPACE',''
  ) );
#7795 = ORIENTED_EDGE('',*,*,#3499,.F.);
#7796 = ADVANCED_FACE('',(#7797),#3487,.T.);
#7797 = FACE_BOUND('',#7798,.T.);
#7798 = EDGE_LOOP('',(#7799,#7800,#7801,#7822));
#7799 = ORIENTED_EDGE('',*,*,#7775,.T.);
#7800 = ORIENTED_EDGE('',*,*,#6137,.T.);
#7801 = ORIENTED_EDGE('',*,*,#7802,.F.);
#7802 = EDGE_CURVE('',#3444,#6115,#7803,.T.);
#7803 = SURFACE_CURVE('',#7804,(#7808,#7815),.PCURVE_S1.);
#7804 = LINE('',#7805,#7806);
#7805 = CARTESIAN_POINT('',(-34.69887028,-19.882683432,-150.));
#7806 = VECTOR('',#7807,1.);
#7807 = DIRECTION('',(0.,0.,1.));
#7808 = PCURVE('',#3487,#7809);
#7809 = DEFINITIONAL_REPRESENTATION('',(#7810),#7814);
#7810 = LINE('',#7811,#7812);
#7811 = CARTESIAN_POINT('',(9.813534847625E-02,0.));
#7812 = VECTOR('',#7813,1.);
#7813 = DIRECTION('',(0.,-1.));
#7814 = ( GEOMETRIC_REPRESENTATION_CONTEXT(2) 
PARAMETRIC_REPRESENTATION_CONTEXT() REPRESENTATION_CONTEXT('2D SPACE',''
  ) );
#7815 = PCURVE('',#3459,#7816);
#7816 = DEFINITIONAL_REPRESENTATION('',(#7817),#7821);
#7817 = LINE('',#7818,#7819);
#7818 = CARTESIAN_POINT('',(0.,0.));
#7819 = VECTOR('',#7820,1.);
#7820 = DIRECTION('',(0.,-1.));
#7821 = ( GEOMETRIC_REPRESENTATION_CONTEXT(2) 
PARAMETRIC_REPRESENTATION_CONTEXT() REPRESENTATION_CONTEXT('2D SPACE',''
  ) );
#7822 = ORIENTED_EDGE('',*,*,#3471,.F.);
#7823 = ADVANCED_FACE('',(#7824),#3459,.T.);
#7824 = FACE_BOUND('',#7825,.T.);
#7825 = EDGE_LOOP('',(#7826,#7827,#7828,#7849));
#7826 = ORIENTED_EDGE('',*,*,#7802,.T.);
#7827 = ORIENTED_EDGE('',*,*,#6114,.T.);
#7828 = ORIENTED_EDGE('',*,*,#7829,.F.);
#7829 = EDGE_CURVE('',#3416,#6092,#7830,.T.);
#7830 = SURFACE_CURVE('',#7831,(#7835,#7842),.PCURVE_S1.);
#7831 = LINE('',#7832,#7833);
#7832 = CARTESIAN_POINT('',(-34.656912012,-19.971396737,-150.));
#7833 = VECTOR('',#7834,1.);
#7834 = DIRECTION('',(0.,0.,1.));
#7835 = PCURVE('',#3459,#7836);
#7836 = DEFINITIONAL_REPRESENTATION('',(#7837),#7841);
#7837 = LINE('',#7838,#7839);
#7838 = CARTESIAN_POINT('',(9.813534907251E-02,0.));
#7839 = VECTOR('',#7840,1.);
#7840 = DIRECTION('',(0.,-1.));
#7841 = ( GEOMETRIC_REPRESENTATION_CONTEXT(2) 
PARAMETRIC_REPRESENTATION_CONTEXT() REPRESENTATION_CONTEXT('2D SPACE',''
  ) );
#7842 = PCURVE('',#3431,#7843);
#7843 = DEFINITIONAL_REPRESENTATION('',(#7844),#7848);
#7844 = LINE('',#7845,#7846);
#7845 = CARTESIAN_POINT('',(0.,0.));
#7846 = VECTOR('',#7847,1.);
#7847 = DIRECTION('',(0.,-1.));
#7848 = ( GEOMETRIC_REPRESENTATION_CONTEXT(2) 
PARAMETRIC_REPRESENTATION_CONTEXT() REPRESENTATION_CONTEXT('2D SPACE',''
  ) );
#7849 = ORIENTED_EDGE('',*,*,#3443,.F.);
#7850 = ADVANCED_FACE('',(#7851),#3431,.T.);
#7851 = FACE_BOUND('',#7852,.T.);
#7852 = EDGE_LOOP('',(#7853,#7854,#7855,#7876));
#7853 = ORIENTED_EDGE('',*,*,#7829,.T.);
#7854 = ORIENTED_EDGE('',*,*,#6091,.T.);
#7855 = ORIENTED_EDGE('',*,*,#7856,.F.);
#7856 = EDGE_CURVE('',#3388,#6069,#7857,.T.);
#7857 = SURFACE_CURVE('',#7858,(#7862,#7869),.PCURVE_S1.);
#7858 = LINE('',#7859,#7860);
#7859 = CARTESIAN_POINT('',(-34.60646036,-20.055570233,-150.));
#7860 = VECTOR('',#7861,1.);
#7861 = DIRECTION('',(0.,0.,1.));
#7862 = PCURVE('',#3431,#7863);
#7863 = DEFINITIONAL_REPRESENTATION('',(#7864),#7868);
#7864 = LINE('',#7865,#7866);
#7865 = CARTESIAN_POINT('',(9.813534846523E-02,0.));
#7866 = VECTOR('',#7867,1.);
#7867 = DIRECTION('',(0.,-1.));
#7868 = ( GEOMETRIC_REPRESENTATION_CONTEXT(2) 
PARAMETRIC_REPRESENTATION_CONTEXT() REPRESENTATION_CONTEXT('2D SPACE',''
  ) );
#7869 = PCURVE('',#3403,#7870);
#7870 = DEFINITIONAL_REPRESENTATION('',(#7871),#7875);
#7871 = LINE('',#7872,#7873);
#7872 = CARTESIAN_POINT('',(0.,0.));
#7873 = VECTOR('',#7874,1.);
#7874 = DIRECTION('',(0.,-1.));
#7875 = ( GEOMETRIC_REPRESENTATION_CONTEXT(2) 
PARAMETRIC_REPRESENTATION_CONTEXT() REPRESENTATION_CONTEXT('2D SPACE',''
  ) );
#7876 = ORIENTED_EDGE('',*,*,#3415,.F.);
#7877 = ADVANCED_FACE('',(#7878),#3403,.T.);
#7878 = FACE_BOUND('',#7879,.T.);
#7879 = EDGE_LOOP('',(#7880,#7881,#7882,#7903));
#7880 = ORIENTED_EDGE('',*,*,#7856,.T.);
#7881 = ORIENTED_EDGE('',*,*,#6068,.T.);
#7882 = ORIENTED_EDGE('',*,*,#7883,.F.);
#7883 = EDGE_CURVE('',#3360,#6046,#7884,.T.);
#7884 = SURFACE_CURVE('',#7885,(#7889,#7896),.PCURVE_S1.);
#7885 = LINE('',#7886,#7887);
#7886 = CARTESIAN_POINT('',(-34.548001201,-20.134393284,-150.));
#7887 = VECTOR('',#7888,1.);
#7888 = DIRECTION('',(0.,0.,1.));
#7889 = PCURVE('',#3403,#7890);
#7890 = DEFINITIONAL_REPRESENTATION('',(#7891),#7895);
#7891 = LINE('',#7892,#7893);
#7892 = CARTESIAN_POINT('',(9.8135348575E-02,0.));
#7893 = VECTOR('',#7894,1.);
#7894 = DIRECTION('',(0.,-1.));
#7895 = ( GEOMETRIC_REPRESENTATION_CONTEXT(2) 
PARAMETRIC_REPRESENTATION_CONTEXT() REPRESENTATION_CONTEXT('2D SPACE',''
  ) );
#7896 = PCURVE('',#3375,#7897);
#7897 = DEFINITIONAL_REPRESENTATION('',(#7898),#7902);
#7898 = LINE('',#7899,#7900);
#7899 = CARTESIAN_POINT('',(0.,0.));
#7900 = VECTOR('',#7901,1.);
#7901 = DIRECTION('',(0.,-1.));
#7902 = ( GEOMETRIC_REPRESENTATION_CONTEXT(2) 
PARAMETRIC_REPRESENTATION_CONTEXT() REPRESENTATION_CONTEXT('2D SPACE',''
  ) );
#7903 = ORIENTED_EDGE('',*,*,#3387,.F.);
#7904 = ADVANCED_FACE('',(#7905),#3375,.T.);
#7905 = FACE_BOUND('',#7906,.T.);
#7906 = EDGE_LOOP('',(#7907,#7908,#7909,#7930));
#7907 = ORIENTED_EDGE('',*,*,#7883,.T.);
#7908 = ORIENTED_EDGE('',*,*,#6045,.T.);
#7909 = ORIENTED_EDGE('',*,*,#7910,.F.);
#7910 = EDGE_CURVE('',#3332,#6023,#7911,.T.);
#7911 = SURFACE_CURVE('',#7912,(#7916,#7923),.PCURVE_S1.);
#7912 = LINE('',#7913,#7914);
#7913 = CARTESIAN_POINT('',(-34.482097529,-20.207106781,-150.));
#7914 = VECTOR('',#7915,1.);
#7915 = DIRECTION('',(0.,0.,1.));
#7916 = PCURVE('',#3375,#7917);
#7917 = DEFINITIONAL_REPRESENTATION('',(#7918),#7922);
#7918 = LINE('',#7919,#7920);
#7919 = CARTESIAN_POINT('',(9.813534851954E-02,0.));
#7920 = VECTOR('',#7921,1.);
#7921 = DIRECTION('',(0.,-1.));
#7922 = ( GEOMETRIC_REPRESENTATION_CONTEXT(2) 
PARAMETRIC_REPRESENTATION_CONTEXT() REPRESENTATION_CONTEXT('2D SPACE',''
  ) );
#7923 = PCURVE('',#3347,#7924);
#7924 = DEFINITIONAL_REPRESENTATION('',(#7925),#7929);
#7925 = LINE('',#7926,#7927);
#7926 = CARTESIAN_POINT('',(0.,0.));
#7927 = VECTOR('',#7928,1.);
#7928 = DIRECTION('',(0.,-1.));
#7929 = ( GEOMETRIC_REPRESENTATION_CONTEXT(2) 
PARAMETRIC_REPRESENTATION_CONTEXT() REPRESENTATION_CONTEXT('2D SPACE',''
  ) );
#7930 = ORIENTED_EDGE('',*,*,#3359,.F.);
#7931 = ADVANCED_FACE('',(#7932),#3347,.T.);
#7932 = FACE_BOUND('',#7933,.T.);
#7933 = EDGE_LOOP('',(#7934,#7935,#7936,#7957));
#7934 = ORIENTED_EDGE('',*,*,#7910,.T.);
#7935 = ORIENTED_EDGE('',*,*,#6022,.T.);
#7936 = ORIENTED_EDGE('',*,*,#7937,.F.);
#7937 = EDGE_CURVE('',#3304,#6000,#7938,.T.);
#7938 = SURFACE_CURVE('',#7939,(#7943,#7950),.PCURVE_S1.);
#7939 = LINE('',#7940,#7941);
#7940 = CARTESIAN_POINT('',(-34.409384032,-20.273010453,-150.));
#7941 = VECTOR('',#7942,1.);
#7942 = DIRECTION('',(0.,0.,1.));
#7943 = PCURVE('',#3347,#7944);
#7944 = DEFINITIONAL_REPRESENTATION('',(#7945),#7949);
#7945 = LINE('',#7946,#7947);
#7946 = CARTESIAN_POINT('',(9.813534851955E-02,0.));
#7947 = VECTOR('',#7948,1.);
#7948 = DIRECTION('',(0.,-1.));
#7949 = ( GEOMETRIC_REPRESENTATION_CONTEXT(2) 
PARAMETRIC_REPRESENTATION_CONTEXT() REPRESENTATION_CONTEXT('2D SPACE',''
  ) );
#7950 = PCURVE('',#3319,#7951);
#7951 = DEFINITIONAL_REPRESENTATION('',(#7952),#7956);
#7952 = LINE('',#7953,#7954);
#7953 = CARTESIAN_POINT('',(0.,0.));
#7954 = VECTOR('',#7955,1.);
#7955 = DIRECTION('',(0.,-1.));
#7956 = ( GEOMETRIC_REPRESENTATION_CONTEXT(2) 
PARAMETRIC_REPRESENTATION_CONTEXT() REPRESENTATION_CONTEXT('2D SPACE',''
  ) );
#7957 = ORIENTED_EDGE('',*,*,#3331,.F.);
#7958 = ADVANCED_FACE('',(#7959),#3319,.T.);
#7959 = FACE_BOUND('',#7960,.T.);
#7960 = EDGE_LOOP('',(#7961,#7962,#7963,#7984));
#7961 = ORIENTED_EDGE('',*,*,#7937,.T.);
#7962 = ORIENTED_EDGE('',*,*,#5999,.T.);
#7963 = ORIENTED_EDGE('',*,*,#7964,.F.);
#7964 = EDGE_CURVE('',#3276,#5977,#7965,.T.);
#7965 = SURFACE_CURVE('',#7966,(#7970,#7977),.PCURVE_S1.);
#7966 = LINE('',#7967,#7968);
#7967 = CARTESIAN_POINT('',(-34.330560981,-20.331469612,-150.));
#7968 = VECTOR('',#7969,1.);
#7969 = DIRECTION('',(0.,0.,1.));
#7970 = PCURVE('',#3319,#7971);
#7971 = DEFINITIONAL_REPRESENTATION('',(#7972),#7976);
#7972 = LINE('',#7973,#7974);
#7973 = CARTESIAN_POINT('',(9.813534857499E-02,0.));
#7974 = VECTOR('',#7975,1.);
#7975 = DIRECTION('',(0.,-1.));
#7976 = ( GEOMETRIC_REPRESENTATION_CONTEXT(2) 
PARAMETRIC_REPRESENTATION_CONTEXT() REPRESENTATION_CONTEXT('2D SPACE',''
  ) );
#7977 = PCURVE('',#3291,#7978);
#7978 = DEFINITIONAL_REPRESENTATION('',(#7979),#7983);
#7979 = LINE('',#7980,#7981);
#7980 = CARTESIAN_POINT('',(0.,0.));
#7981 = VECTOR('',#7982,1.);
#7982 = DIRECTION('',(0.,-1.));
#7983 = ( GEOMETRIC_REPRESENTATION_CONTEXT(2) 
PARAMETRIC_REPRESENTATION_CONTEXT() REPRESENTATION_CONTEXT('2D SPACE',''
  ) );
#7984 = ORIENTED_EDGE('',*,*,#3303,.F.);
#7985 = ADVANCED_FACE('',(#7986),#3291,.T.);
#7986 = FACE_BOUND('',#7987,.T.);
#7987 = EDGE_LOOP('',(#7988,#7989,#7990,#8011));
#7988 = ORIENTED_EDGE('',*,*,#7964,.T.);
#7989 = ORIENTED_EDGE('',*,*,#5976,.T.);
#7990 = ORIENTED_EDGE('',*,*,#7991,.F.);
#7991 = EDGE_CURVE('',#3248,#5954,#7992,.T.);
#7992 = SURFACE_CURVE('',#7993,(#7997,#8004),.PCURVE_S1.);
#7993 = LINE('',#7994,#7995);
#7994 = CARTESIAN_POINT('',(-34.246387484,-20.381921264,-150.));
#7995 = VECTOR('',#7996,1.);
#7996 = DIRECTION('',(0.,0.,1.));
#7997 = PCURVE('',#3291,#7998);
#7998 = DEFINITIONAL_REPRESENTATION('',(#7999),#8003);
#7999 = LINE('',#8000,#8001);
#8000 = CARTESIAN_POINT('',(9.813534932295E-02,0.));
#8001 = VECTOR('',#8002,1.);
#8002 = DIRECTION('',(0.,-1.));
#8003 = ( GEOMETRIC_REPRESENTATION_CONTEXT(2) 
PARAMETRIC_REPRESENTATION_CONTEXT() REPRESENTATION_CONTEXT('2D SPACE',''
  ) );
#8004 = PCURVE('',#3263,#8005);
#8005 = DEFINITIONAL_REPRESENTATION('',(#8006),#8010);
#8006 = LINE('',#8007,#8008);
#8007 = CARTESIAN_POINT('',(0.,0.));
#8008 = VECTOR('',#8009,1.);
#8009 = DIRECTION('',(0.,-1.));
#8010 = ( GEOMETRIC_REPRESENTATION_CONTEXT(2) 
PARAMETRIC_REPRESENTATION_CONTEXT() REPRESENTATION_CONTEXT('2D SPACE',''
  ) );
#8011 = ORIENTED_EDGE('',*,*,#3275,.F.);
#8012 = ADVANCED_FACE('',(#8013),#3263,.T.);
#8013 = FACE_BOUND('',#8014,.T.);
#8014 = EDGE_LOOP('',(#8015,#8016,#8017,#8038));
#8015 = ORIENTED_EDGE('',*,*,#7991,.T.);
#8016 = ORIENTED_EDGE('',*,*,#5953,.T.);
#8017 = ORIENTED_EDGE('',*,*,#8018,.F.);
#8018 = EDGE_CURVE('',#3220,#5931,#8019,.T.);
#8019 = SURFACE_CURVE('',#8020,(#8024,#8031),.PCURVE_S1.);
#8020 = LINE('',#8021,#8022);
#8021 = CARTESIAN_POINT('',(-0.471396737,-39.881921264,-150.));
#8022 = VECTOR('',#8023,1.);
#8023 = DIRECTION('',(0.,0.,1.));
#8024 = PCURVE('',#3263,#8025);
#8025 = DEFINITIONAL_REPRESENTATION('',(#8026),#8030);
#8026 = LINE('',#8027,#8028);
#8027 = CARTESIAN_POINT('',(38.999999999486,0.));
#8028 = VECTOR('',#8029,1.);
#8029 = DIRECTION('',(0.,-1.));
#8030 = ( GEOMETRIC_REPRESENTATION_CONTEXT(2) 
PARAMETRIC_REPRESENTATION_CONTEXT() REPRESENTATION_CONTEXT('2D SPACE',''
  ) );
#8031 = PCURVE('',#3235,#8032);
#8032 = DEFINITIONAL_REPRESENTATION('',(#8033),#8037);
#8033 = LINE('',#8034,#8035);
#8034 = CARTESIAN_POINT('',(0.,0.));
#8035 = VECTOR('',#8036,1.);
#8036 = DIRECTION('',(0.,-1.));
#8037 = ( GEOMETRIC_REPRESENTATION_CONTEXT(2) 
PARAMETRIC_REPRESENTATION_CONTEXT() REPRESENTATION_CONTEXT('2D SPACE',''
  ) );
#8038 = ORIENTED_EDGE('',*,*,#3247,.F.);
#8039 = ADVANCED_FACE('',(#8040),#3235,.T.);
#8040 = FACE_BOUND('',#8041,.T.);
#8041 = EDGE_LOOP('',(#8042,#8043,#8044,#8065));
#8042 = ORIENTED_EDGE('',*,*,#8018,.T.);
#8043 = ORIENTED_EDGE('',*,*,#5930,.T.);
#8044 = ORIENTED_EDGE('',*,*,#8045,.F.);
#8045 = EDGE_CURVE('',#3192,#5908,#8046,.T.);
#8046 = SURFACE_CURVE('',#8047,(#8051,#8058),.PCURVE_S1.);
#8047 = LINE('',#8048,#8049);
#8048 = CARTESIAN_POINT('',(-0.382683432,-39.923879533,-150.));
#8049 = VECTOR('',#8050,1.);
#8050 = DIRECTION('',(0.,0.,1.));
#8051 = PCURVE('',#3235,#8052);
#8052 = DEFINITIONAL_REPRESENTATION('',(#8053),#8057);
#8053 = LINE('',#8054,#8055);
#8054 = CARTESIAN_POINT('',(9.813534950006E-02,0.));
#8055 = VECTOR('',#8056,1.);
#8056 = DIRECTION('',(0.,-1.));
#8057 = ( GEOMETRIC_REPRESENTATION_CONTEXT(2) 
PARAMETRIC_REPRESENTATION_CONTEXT() REPRESENTATION_CONTEXT('2D SPACE',''
  ) );
#8058 = PCURVE('',#3207,#8059);
#8059 = DEFINITIONAL_REPRESENTATION('',(#8060),#8064);
#8060 = LINE('',#8061,#8062);
#8061 = CARTESIAN_POINT('',(0.,0.));
#8062 = VECTOR('',#8063,1.);
#8063 = DIRECTION('',(0.,-1.));
#8064 = ( GEOMETRIC_REPRESENTATION_CONTEXT(2) 
PARAMETRIC_REPRESENTATION_CONTEXT() REPRESENTATION_CONTEXT('2D SPACE',''
  ) );
#8065 = ORIENTED_EDGE('',*,*,#3219,.F.);
#8066 = ADVANCED_FACE('',(#8067),#3207,.T.);
#8067 = FACE_BOUND('',#8068,.T.);
#8068 = EDGE_LOOP('',(#8069,#8070,#8071,#8092));
#8069 = ORIENTED_EDGE('',*,*,#8045,.T.);
#8070 = ORIENTED_EDGE('',*,*,#5907,.T.);
#8071 = ORIENTED_EDGE('',*,*,#8072,.F.);
#8072 = EDGE_CURVE('',#3164,#5885,#8073,.T.);
#8073 = SURFACE_CURVE('',#8074,(#8078,#8085),.PCURVE_S1.);
#8074 = LINE('',#8075,#8076);
#8075 = CARTESIAN_POINT('',(-0.290284677,-39.956940336,-150.));
#8076 = VECTOR('',#8077,1.);
#8077 = DIRECTION('',(0.,0.,1.));
#8078 = PCURVE('',#3207,#8079);
#8079 = DEFINITIONAL_REPRESENTATION('',(#8080),#8084);
#8080 = LINE('',#8081,#8082);
#8081 = CARTESIAN_POINT('',(9.813534847625E-02,0.));
#8082 = VECTOR('',#8083,1.);
#8083 = DIRECTION('',(0.,-1.));
#8084 = ( GEOMETRIC_REPRESENTATION_CONTEXT(2) 
PARAMETRIC_REPRESENTATION_CONTEXT() REPRESENTATION_CONTEXT('2D SPACE',''
  ) );
#8085 = PCURVE('',#3179,#8086);
#8086 = DEFINITIONAL_REPRESENTATION('',(#8087),#8091);
#8087 = LINE('',#8088,#8089);
#8088 = CARTESIAN_POINT('',(0.,0.));
#8089 = VECTOR('',#8090,1.);
#8090 = DIRECTION('',(0.,-1.));
#8091 = ( GEOMETRIC_REPRESENTATION_CONTEXT(2) 
PARAMETRIC_REPRESENTATION_CONTEXT() REPRESENTATION_CONTEXT('2D SPACE',''
  ) );
#8092 = ORIENTED_EDGE('',*,*,#3191,.F.);
#8093 = ADVANCED_FACE('',(#8094),#3179,.T.);
#8094 = FACE_BOUND('',#8095,.T.);
#8095 = EDGE_LOOP('',(#8096,#8097,#8098,#8119));
#8096 = ORIENTED_EDGE('',*,*,#8072,.T.);
#8097 = ORIENTED_EDGE('',*,*,#5884,.T.);
#8098 = ORIENTED_EDGE('',*,*,#8099,.F.);
#8099 = EDGE_CURVE('',#3136,#5862,#8100,.T.);
#8100 = SURFACE_CURVE('',#8101,(#8105,#8112),.PCURVE_S1.);
#8101 = LINE('',#8102,#8103);
#8102 = CARTESIAN_POINT('',(-0.195090322,-39.98078528,-150.));
#8103 = VECTOR('',#8104,1.);
#8104 = DIRECTION('',(0.,0.,1.));
#8105 = PCURVE('',#3179,#8106);
#8106 = DEFINITIONAL_REPRESENTATION('',(#8107),#8111);
#8107 = LINE('',#8108,#8109);
#8108 = CARTESIAN_POINT('',(9.81353482606E-02,0.));
#8109 = VECTOR('',#8110,1.);
#8110 = DIRECTION('',(0.,-1.));
#8111 = ( GEOMETRIC_REPRESENTATION_CONTEXT(2) 
PARAMETRIC_REPRESENTATION_CONTEXT() REPRESENTATION_CONTEXT('2D SPACE',''
  ) );
#8112 = PCURVE('',#3151,#8113);
#8113 = DEFINITIONAL_REPRESENTATION('',(#8114),#8118);
#8114 = LINE('',#8115,#8116);
#8115 = CARTESIAN_POINT('',(0.,0.));
#8116 = VECTOR('',#8117,1.);
#8117 = DIRECTION('',(0.,-1.));
#8118 = ( GEOMETRIC_REPRESENTATION_CONTEXT(2) 
PARAMETRIC_REPRESENTATION_CONTEXT() REPRESENTATION_CONTEXT('2D SPACE',''
  ) );
#8119 = ORIENTED_EDGE('',*,*,#3163,.F.);
#8120 = ADVANCED_FACE('',(#8121),#3151,.T.);
#8121 = FACE_BOUND('',#8122,.T.);
#8122 = EDGE_LOOP('',(#8123,#8124,#8125,#8146));
#8123 = ORIENTED_EDGE('',*,*,#8099,.T.);
#8124 = ORIENTED_EDGE('',*,*,#5861,.T.);
#8125 = ORIENTED_EDGE('',*,*,#8126,.F.);
#8126 = EDGE_CURVE('',#3108,#5839,#8127,.T.);
#8127 = SURFACE_CURVE('',#8128,(#8132,#8139),.PCURVE_S1.);
#8128 = LINE('',#8129,#8130);
#8129 = CARTESIAN_POINT('',(-9.801714E-02,-39.995184727,-150.));
#8130 = VECTOR('',#8131,1.);
#8131 = DIRECTION('',(0.,0.,1.));
#8132 = PCURVE('',#3151,#8133);
#8133 = DEFINITIONAL_REPRESENTATION('',(#8134),#8138);
#8134 = LINE('',#8135,#8136);
#8135 = CARTESIAN_POINT('',(9.813534907214E-02,0.));
#8136 = VECTOR('',#8137,1.);
#8137 = DIRECTION('',(0.,-1.));
#8138 = ( GEOMETRIC_REPRESENTATION_CONTEXT(2) 
PARAMETRIC_REPRESENTATION_CONTEXT() REPRESENTATION_CONTEXT('2D SPACE',''
  ) );
#8139 = PCURVE('',#3123,#8140);
#8140 = DEFINITIONAL_REPRESENTATION('',(#8141),#8145);
#8141 = LINE('',#8142,#8143);
#8142 = CARTESIAN_POINT('',(0.,0.));
#8143 = VECTOR('',#8144,1.);
#8144 = DIRECTION('',(0.,-1.));
#8145 = ( GEOMETRIC_REPRESENTATION_CONTEXT(2) 
PARAMETRIC_REPRESENTATION_CONTEXT() REPRESENTATION_CONTEXT('2D SPACE',''
  ) );
#8146 = ORIENTED_EDGE('',*,*,#3135,.F.);
#8147 = ADVANCED_FACE('',(#8148),#3123,.T.);
#8148 = FACE_BOUND('',#8149,.T.);
#8149 = EDGE_LOOP('',(#8150,#8151,#8152,#8173));
#8150 = ORIENTED_EDGE('',*,*,#8126,.T.);
#8151 = ORIENTED_EDGE('',*,*,#5838,.T.);
#8152 = ORIENTED_EDGE('',*,*,#8153,.F.);
#8153 = EDGE_CURVE('',#3080,#5816,#8154,.T.);
#8154 = SURFACE_CURVE('',#8155,(#8159,#8166),.PCURVE_S1.);
#8155 = LINE('',#8156,#8157);
#8156 = CARTESIAN_POINT('',(-0.,-40.,-150.));
#8157 = VECTOR('',#8158,1.);
#8158 = DIRECTION('',(0.,0.,1.));
#8159 = PCURVE('',#3123,#8160);
#8160 = DEFINITIONAL_REPRESENTATION('',(#8161),#8165);
#8161 = LINE('',#8162,#8163);
#8162 = CARTESIAN_POINT('',(9.813534830959E-02,0.));
#8163 = VECTOR('',#8164,1.);
#8164 = DIRECTION('',(0.,-1.));
#8165 = ( GEOMETRIC_REPRESENTATION_CONTEXT(2) 
PARAMETRIC_REPRESENTATION_CONTEXT() REPRESENTATION_CONTEXT('2D SPACE',''
  ) );
#8166 = PCURVE('',#3095,#8167);
#8167 = DEFINITIONAL_REPRESENTATION('',(#8168),#8172);
#8168 = LINE('',#8169,#8170);
#8169 = CARTESIAN_POINT('',(0.,0.));
#8170 = VECTOR('',#8171,1.);
#8171 = DIRECTION('',(0.,-1.));
#8172 = ( GEOMETRIC_REPRESENTATION_CONTEXT(2) 
PARAMETRIC_REPRESENTATION_CONTEXT() REPRESENTATION_CONTEXT('2D SPACE',''
  ) );
#8173 = ORIENTED_EDGE('',*,*,#3107,.F.);
#8174 = ADVANCED_FACE('',(#8175),#3095,.T.);
#8175 = FACE_BOUND('',#8176,.T.);
#8176 = EDGE_LOOP('',(#8177,#8178,#8179,#8200));
#8177 = ORIENTED_EDGE('',*,*,#8153,.T.);
#8178 = ORIENTED_EDGE('',*,*,#5815,.T.);
#8179 = ORIENTED_EDGE('',*,*,#8180,.F.);
#8180 = EDGE_CURVE('',#3052,#5793,#8181,.T.);
#8181 = SURFACE_CURVE('',#8182,(#8186,#8193),.PCURVE_S1.);
#8182 = LINE('',#8183,#8184);
#8183 = CARTESIAN_POINT('',(9.801714E-02,-39.995184727,-150.));
#8184 = VECTOR('',#8185,1.);
#8185 = DIRECTION('',(0.,0.,1.));
#8186 = PCURVE('',#3095,#8187);
#8187 = DEFINITIONAL_REPRESENTATION('',(#8188),#8192);
#8188 = LINE('',#8189,#8190);
#8189 = CARTESIAN_POINT('',(9.813534830959E-02,0.));
#8190 = VECTOR('',#8191,1.);
#8191 = DIRECTION('',(0.,-1.));
#8192 = ( GEOMETRIC_REPRESENTATION_CONTEXT(2) 
PARAMETRIC_REPRESENTATION_CONTEXT() REPRESENTATION_CONTEXT('2D SPACE',''
  ) );
#8193 = PCURVE('',#3067,#8194);
#8194 = DEFINITIONAL_REPRESENTATION('',(#8195),#8199);
#8195 = LINE('',#8196,#8197);
#8196 = CARTESIAN_POINT('',(0.,0.));
#8197 = VECTOR('',#8198,1.);
#8198 = DIRECTION('',(0.,-1.));
#8199 = ( GEOMETRIC_REPRESENTATION_CONTEXT(2) 
PARAMETRIC_REPRESENTATION_CONTEXT() REPRESENTATION_CONTEXT('2D SPACE',''
  ) );
#8200 = ORIENTED_EDGE('',*,*,#3079,.F.);
#8201 = ADVANCED_FACE('',(#8202),#3067,.T.);
#8202 = FACE_BOUND('',#8203,.T.);
#8203 = EDGE_LOOP('',(#8204,#8205,#8206,#8227));
#8204 = ORIENTED_EDGE('',*,*,#8180,.T.);
#8205 = ORIENTED_EDGE('',*,*,#5792,.T.);
#8206 = ORIENTED_EDGE('',*,*,#8207,.F.);
#8207 = EDGE_CURVE('',#3024,#5770,#8208,.T.);
#8208 = SURFACE_CURVE('',#8209,(#8213,#8220),.PCURVE_S1.);
#8209 = LINE('',#8210,#8211);
#8210 = CARTESIAN_POINT('',(0.195090322,-39.98078528,-150.));
#8211 = VECTOR('',#8212,1.);
#8212 = DIRECTION('',(0.,0.,1.));
#8213 = PCURVE('',#3067,#8214);
#8214 = DEFINITIONAL_REPRESENTATION('',(#8215),#8219);
#8215 = LINE('',#8216,#8217);
#8216 = CARTESIAN_POINT('',(9.813534907214E-02,0.));
#8217 = VECTOR('',#8218,1.);
#8218 = DIRECTION('',(0.,-1.));
#8219 = ( GEOMETRIC_REPRESENTATION_CONTEXT(2) 
PARAMETRIC_REPRESENTATION_CONTEXT() REPRESENTATION_CONTEXT('2D SPACE',''
  ) );
#8220 = PCURVE('',#3039,#8221);
#8221 = DEFINITIONAL_REPRESENTATION('',(#8222),#8226);
#8222 = LINE('',#8223,#8224);
#8223 = CARTESIAN_POINT('',(0.,0.));
#8224 = VECTOR('',#8225,1.);
#8225 = DIRECTION('',(0.,-1.));
#8226 = ( GEOMETRIC_REPRESENTATION_CONTEXT(2) 
PARAMETRIC_REPRESENTATION_CONTEXT() REPRESENTATION_CONTEXT('2D SPACE',''
  ) );
#8227 = ORIENTED_EDGE('',*,*,#3051,.F.);
#8228 = ADVANCED_FACE('',(#8229),#3039,.T.);
#8229 = FACE_BOUND('',#8230,.T.);
#8230 = EDGE_LOOP('',(#8231,#8232,#8233,#8254));
#8231 = ORIENTED_EDGE('',*,*,#8207,.T.);
#8232 = ORIENTED_EDGE('',*,*,#5769,.T.);
#8233 = ORIENTED_EDGE('',*,*,#8234,.F.);
#8234 = EDGE_CURVE('',#2996,#5747,#8235,.T.);
#8235 = SURFACE_CURVE('',#8236,(#8240,#8247),.PCURVE_S1.);
#8236 = LINE('',#8237,#8238);
#8237 = CARTESIAN_POINT('',(0.290284677,-39.956940336,-150.));
#8238 = VECTOR('',#8239,1.);
#8239 = DIRECTION('',(0.,0.,1.));
#8240 = PCURVE('',#3039,#8241);
#8241 = DEFINITIONAL_REPRESENTATION('',(#8242),#8246);
#8242 = LINE('',#8243,#8244);
#8243 = CARTESIAN_POINT('',(9.81353482606E-02,0.));
#8244 = VECTOR('',#8245,1.);
#8245 = DIRECTION('',(0.,-1.));
#8246 = ( GEOMETRIC_REPRESENTATION_CONTEXT(2) 
PARAMETRIC_REPRESENTATION_CONTEXT() REPRESENTATION_CONTEXT('2D SPACE',''
  ) );
#8247 = PCURVE('',#3011,#8248);
#8248 = DEFINITIONAL_REPRESENTATION('',(#8249),#8253);
#8249 = LINE('',#8250,#8251);
#8250 = CARTESIAN_POINT('',(0.,0.));
#8251 = VECTOR('',#8252,1.);
#8252 = DIRECTION('',(0.,-1.));
#8253 = ( GEOMETRIC_REPRESENTATION_CONTEXT(2) 
PARAMETRIC_REPRESENTATION_CONTEXT() REPRESENTATION_CONTEXT('2D SPACE',''
  ) );
#8254 = ORIENTED_EDGE('',*,*,#3023,.F.);
#8255 = ADVANCED_FACE('',(#8256),#3011,.T.);
#8256 = FACE_BOUND('',#8257,.T.);
#8257 = EDGE_LOOP('',(#8258,#8259,#8260,#8281));
#8258 = ORIENTED_EDGE('',*,*,#8234,.T.);
#8259 = ORIENTED_EDGE('',*,*,#5746,.T.);
#8260 = ORIENTED_EDGE('',*,*,#8261,.F.);
#8261 = EDGE_CURVE('',#2968,#5724,#8262,.T.);
#8262 = SURFACE_CURVE('',#8263,(#8267,#8274),.PCURVE_S1.);
#8263 = LINE('',#8264,#8265);
#8264 = CARTESIAN_POINT('',(0.382683432,-39.923879533,-150.));
#8265 = VECTOR('',#8266,1.);
#8266 = DIRECTION('',(0.,0.,1.));
#8267 = PCURVE('',#3011,#8268);
#8268 = DEFINITIONAL_REPRESENTATION('',(#8269),#8273);
#8269 = LINE('',#8270,#8271);
#8270 = CARTESIAN_POINT('',(9.813534847625E-02,0.));
#8271 = VECTOR('',#8272,1.);
#8272 = DIRECTION('',(0.,-1.));
#8273 = ( GEOMETRIC_REPRESENTATION_CONTEXT(2) 
PARAMETRIC_REPRESENTATION_CONTEXT() REPRESENTATION_CONTEXT('2D SPACE',''
  ) );
#8274 = PCURVE('',#2983,#8275);
#8275 = DEFINITIONAL_REPRESENTATION('',(#8276),#8280);
#8276 = LINE('',#8277,#8278);
#8277 = CARTESIAN_POINT('',(0.,0.));
#8278 = VECTOR('',#8279,1.);
#8279 = DIRECTION('',(0.,-1.));
#8280 = ( GEOMETRIC_REPRESENTATION_CONTEXT(2) 
PARAMETRIC_REPRESENTATION_CONTEXT() REPRESENTATION_CONTEXT('2D SPACE',''
  ) );
#8281 = ORIENTED_EDGE('',*,*,#2995,.F.);
#8282 = ADVANCED_FACE('',(#8283),#2983,.T.);
#8283 = FACE_BOUND('',#8284,.T.);
#8284 = EDGE_LOOP('',(#8285,#8286,#8287,#8308));
#8285 = ORIENTED_EDGE('',*,*,#8261,.T.);
#8286 = ORIENTED_EDGE('',*,*,#5723,.T.);
#8287 = ORIENTED_EDGE('',*,*,#8288,.F.);
#8288 = EDGE_CURVE('',#2940,#5701,#8289,.T.);
#8289 = SURFACE_CURVE('',#8290,(#8294,#8301),.PCURVE_S1.);
#8290 = LINE('',#8291,#8292);
#8291 = CARTESIAN_POINT('',(0.471396737,-39.881921264,-150.));
#8292 = VECTOR('',#8293,1.);
#8293 = DIRECTION('',(0.,0.,1.));
#8294 = PCURVE('',#2983,#8295);
#8295 = DEFINITIONAL_REPRESENTATION('',(#8296),#8300);
#8296 = LINE('',#8297,#8298);
#8297 = CARTESIAN_POINT('',(9.813534950006E-02,0.));
#8298 = VECTOR('',#8299,1.);
#8299 = DIRECTION('',(0.,-1.));
#8300 = ( GEOMETRIC_REPRESENTATION_CONTEXT(2) 
PARAMETRIC_REPRESENTATION_CONTEXT() REPRESENTATION_CONTEXT('2D SPACE',''
  ) );
#8301 = PCURVE('',#2955,#8302);
#8302 = DEFINITIONAL_REPRESENTATION('',(#8303),#8307);
#8303 = LINE('',#8304,#8305);
#8304 = CARTESIAN_POINT('',(0.,0.));
#8305 = VECTOR('',#8306,1.);
#8306 = DIRECTION('',(0.,-1.));
#8307 = ( GEOMETRIC_REPRESENTATION_CONTEXT(2) 
PARAMETRIC_REPRESENTATION_CONTEXT() REPRESENTATION_CONTEXT('2D SPACE',''
  ) );
#8308 = ORIENTED_EDGE('',*,*,#2967,.F.);
#8309 = ADVANCED_FACE('',(#8310),#2955,.T.);
#8310 = FACE_BOUND('',#8311,.T.);
#8311 = EDGE_LOOP('',(#8312,#8313,#8314,#8335));
#8312 = ORIENTED_EDGE('',*,*,#8288,.T.);
#8313 = ORIENTED_EDGE('',*,*,#5700,.T.);
#8314 = ORIENTED_EDGE('',*,*,#8315,.F.);
#8315 = EDGE_CURVE('',#2912,#5678,#8316,.T.);
#8316 = SURFACE_CURVE('',#8317,(#8321,#8328),.PCURVE_S1.);
#8317 = LINE('',#8318,#8319);
#8318 = CARTESIAN_POINT('',(34.246387484,-20.381921264,-150.));
#8319 = VECTOR('',#8320,1.);
#8320 = DIRECTION('',(0.,0.,1.));
#8321 = PCURVE('',#2955,#8322);
#8322 = DEFINITIONAL_REPRESENTATION('',(#8323),#8327);
#8323 = LINE('',#8324,#8325);
#8324 = CARTESIAN_POINT('',(38.999999999486,0.));
#8325 = VECTOR('',#8326,1.);
#8326 = DIRECTION('',(0.,-1.));
#8327 = ( GEOMETRIC_REPRESENTATION_CONTEXT(2) 
PARAMETRIC_REPRESENTATION_CONTEXT() REPRESENTATION_CONTEXT('2D SPACE',''
  ) );
#8328 = PCURVE('',#2927,#8329);
#8329 = DEFINITIONAL_REPRESENTATION('',(#8330),#8334);
#8330 = LINE('',#8331,#8332);
#8331 = CARTESIAN_POINT('',(0.,0.));
#8332 = VECTOR('',#8333,1.);
#8333 = DIRECTION('',(0.,-1.));
#8334 = ( GEOMETRIC_REPRESENTATION_CONTEXT(2) 
PARAMETRIC_REPRESENTATION_CONTEXT() REPRESENTATION_CONTEXT('2D SPACE',''
  ) );
#8335 = ORIENTED_EDGE('',*,*,#2939,.F.);
#8336 = ADVANCED_FACE('',(#8337),#2927,.T.);
#8337 = FACE_BOUND('',#8338,.T.);
#8338 = EDGE_LOOP('',(#8339,#8340,#8341,#8362));
#8339 = ORIENTED_EDGE('',*,*,#8315,.T.);
#8340 = ORIENTED_EDGE('',*,*,#5677,.T.);
#8341 = ORIENTED_EDGE('',*,*,#8342,.F.);
#8342 = EDGE_CURVE('',#2884,#5655,#8343,.T.);
#8343 = SURFACE_CURVE('',#8344,(#8348,#8355),.PCURVE_S1.);
#8344 = LINE('',#8345,#8346);
#8345 = CARTESIAN_POINT('',(34.330560981,-20.331469612,-150.));
#8346 = VECTOR('',#8347,1.);
#8347 = DIRECTION('',(0.,0.,1.));
#8348 = PCURVE('',#2927,#8349);
#8349 = DEFINITIONAL_REPRESENTATION('',(#8350),#8354);
#8350 = LINE('',#8351,#8352);
#8351 = CARTESIAN_POINT('',(9.813534932295E-02,0.));
#8352 = VECTOR('',#8353,1.);
#8353 = DIRECTION('',(0.,-1.));
#8354 = ( GEOMETRIC_REPRESENTATION_CONTEXT(2) 
PARAMETRIC_REPRESENTATION_CONTEXT() REPRESENTATION_CONTEXT('2D SPACE',''
  ) );
#8355 = PCURVE('',#2899,#8356);
#8356 = DEFINITIONAL_REPRESENTATION('',(#8357),#8361);
#8357 = LINE('',#8358,#8359);
#8358 = CARTESIAN_POINT('',(0.,0.));
#8359 = VECTOR('',#8360,1.);
#8360 = DIRECTION('',(0.,-1.));
#8361 = ( GEOMETRIC_REPRESENTATION_CONTEXT(2) 
PARAMETRIC_REPRESENTATION_CONTEXT() REPRESENTATION_CONTEXT('2D SPACE',''
  ) );
#8362 = ORIENTED_EDGE('',*,*,#2911,.F.);
#8363 = ADVANCED_FACE('',(#8364),#2899,.T.);
#8364 = FACE_BOUND('',#8365,.T.);
#8365 = EDGE_LOOP('',(#8366,#8367,#8368,#8389));
#8366 = ORIENTED_EDGE('',*,*,#8342,.T.);
#8367 = ORIENTED_EDGE('',*,*,#5654,.T.);
#8368 = ORIENTED_EDGE('',*,*,#8369,.F.);
#8369 = EDGE_CURVE('',#2856,#5632,#8370,.T.);
#8370 = SURFACE_CURVE('',#8371,(#8375,#8382),.PCURVE_S1.);
#8371 = LINE('',#8372,#8373);
#8372 = CARTESIAN_POINT('',(34.409384032,-20.273010453,-150.));
#8373 = VECTOR('',#8374,1.);
#8374 = DIRECTION('',(0.,0.,1.));
#8375 = PCURVE('',#2899,#8376);
#8376 = DEFINITIONAL_REPRESENTATION('',(#8377),#8381);
#8377 = LINE('',#8378,#8379);
#8378 = CARTESIAN_POINT('',(9.813534857499E-02,0.));
#8379 = VECTOR('',#8380,1.);
#8380 = DIRECTION('',(0.,-1.));
#8381 = ( GEOMETRIC_REPRESENTATION_CONTEXT(2) 
PARAMETRIC_REPRESENTATION_CONTEXT() REPRESENTATION_CONTEXT('2D SPACE',''
  ) );
#8382 = PCURVE('',#2871,#8383);
#8383 = DEFINITIONAL_REPRESENTATION('',(#8384),#8388);
#8384 = LINE('',#8385,#8386);
#8385 = CARTESIAN_POINT('',(0.,0.));
#8386 = VECTOR('',#8387,1.);
#8387 = DIRECTION('',(0.,-1.));
#8388 = ( GEOMETRIC_REPRESENTATION_CONTEXT(2) 
PARAMETRIC_REPRESENTATION_CONTEXT() REPRESENTATION_CONTEXT('2D SPACE',''
  ) );
#8389 = ORIENTED_EDGE('',*,*,#2883,.F.);
#8390 = ADVANCED_FACE('',(#8391),#2871,.T.);
#8391 = FACE_BOUND('',#8392,.T.);
#8392 = EDGE_LOOP('',(#8393,#8394,#8395,#8416));
#8393 = ORIENTED_EDGE('',*,*,#8369,.T.);
#8394 = ORIENTED_EDGE('',*,*,#5631,.T.);
#8395 = ORIENTED_EDGE('',*,*,#8396,.F.);
#8396 = EDGE_CURVE('',#2828,#5609,#8397,.T.);
#8397 = SURFACE_CURVE('',#8398,(#8402,#8409),.PCURVE_S1.);
#8398 = LINE('',#8399,#8400);
#8399 = CARTESIAN_POINT('',(34.482097529,-20.207106781,-150.));
#8400 = VECTOR('',#8401,1.);
#8401 = DIRECTION('',(0.,0.,1.));
#8402 = PCURVE('',#2871,#8403);
#8403 = DEFINITIONAL_REPRESENTATION('',(#8404),#8408);
#8404 = LINE('',#8405,#8406);
#8405 = CARTESIAN_POINT('',(9.813534851955E-02,0.));
#8406 = VECTOR('',#8407,1.);
#8407 = DIRECTION('',(0.,-1.));
#8408 = ( GEOMETRIC_REPRESENTATION_CONTEXT(2) 
PARAMETRIC_REPRESENTATION_CONTEXT() REPRESENTATION_CONTEXT('2D SPACE',''
  ) );
#8409 = PCURVE('',#2843,#8410);
#8410 = DEFINITIONAL_REPRESENTATION('',(#8411),#8415);
#8411 = LINE('',#8412,#8413);
#8412 = CARTESIAN_POINT('',(0.,0.));
#8413 = VECTOR('',#8414,1.);
#8414 = DIRECTION('',(0.,-1.));
#8415 = ( GEOMETRIC_REPRESENTATION_CONTEXT(2) 
PARAMETRIC_REPRESENTATION_CONTEXT() REPRESENTATION_CONTEXT('2D SPACE',''
  ) );
#8416 = ORIENTED_EDGE('',*,*,#2855,.F.);
#8417 = ADVANCED_FACE('',(#8418),#2843,.T.);
#8418 = FACE_BOUND('',#8419,.T.);
#8419 = EDGE_LOOP('',(#8420,#8421,#8422,#8443));
#8420 = ORIENTED_EDGE('',*,*,#8396,.T.);
#8421 = ORIENTED_EDGE('',*,*,#5608,.T.);
#8422 = ORIENTED_EDGE('',*,*,#8423,.F.);
#8423 = EDGE_CURVE('',#2800,#5586,#8424,.T.);
#8424 = SURFACE_CURVE('',#8425,(#8429,#8436),.PCURVE_S1.);
#8425 = LINE('',#8426,#8427);
#8426 = CARTESIAN_POINT('',(34.548001201,-20.134393284,-150.));
#8427 = VECTOR('',#8428,1.);
#8428 = DIRECTION('',(0.,0.,1.));
#8429 = PCURVE('',#2843,#8430);
#8430 = DEFINITIONAL_REPRESENTATION('',(#8431),#8435);
#8431 = LINE('',#8432,#8433);
#8432 = CARTESIAN_POINT('',(9.813534851954E-02,0.));
#8433 = VECTOR('',#8434,1.);
#8434 = DIRECTION('',(0.,-1.));
#8435 = ( GEOMETRIC_REPRESENTATION_CONTEXT(2) 
PARAMETRIC_REPRESENTATION_CONTEXT() REPRESENTATION_CONTEXT('2D SPACE',''
  ) );
#8436 = PCURVE('',#2815,#8437);
#8437 = DEFINITIONAL_REPRESENTATION('',(#8438),#8442);
#8438 = LINE('',#8439,#8440);
#8439 = CARTESIAN_POINT('',(0.,0.));
#8440 = VECTOR('',#8441,1.);
#8441 = DIRECTION('',(0.,-1.));
#8442 = ( GEOMETRIC_REPRESENTATION_CONTEXT(2) 
PARAMETRIC_REPRESENTATION_CONTEXT() REPRESENTATION_CONTEXT('2D SPACE',''
  ) );
#8443 = ORIENTED_EDGE('',*,*,#2827,.F.);
#8444 = ADVANCED_FACE('',(#8445),#2815,.T.);
#8445 = FACE_BOUND('',#8446,.T.);
#8446 = EDGE_LOOP('',(#8447,#8448,#8449,#8470));
#8447 = ORIENTED_EDGE('',*,*,#8423,.T.);
#8448 = ORIENTED_EDGE('',*,*,#5585,.T.);
#8449 = ORIENTED_EDGE('',*,*,#8450,.F.);
#8450 = EDGE_CURVE('',#2772,#5563,#8451,.T.);
#8451 = SURFACE_CURVE('',#8452,(#8456,#8463),.PCURVE_S1.);
#8452 = LINE('',#8453,#8454);
#8453 = CARTESIAN_POINT('',(34.60646036,-20.055570233,-150.));
#8454 = VECTOR('',#8455,1.);
#8455 = DIRECTION('',(0.,0.,1.));
#8456 = PCURVE('',#2815,#8457);
#8457 = DEFINITIONAL_REPRESENTATION('',(#8458),#8462);
#8458 = LINE('',#8459,#8460);
#8459 = CARTESIAN_POINT('',(9.8135348575E-02,0.));
#8460 = VECTOR('',#8461,1.);
#8461 = DIRECTION('',(0.,-1.));
#8462 = ( GEOMETRIC_REPRESENTATION_CONTEXT(2) 
PARAMETRIC_REPRESENTATION_CONTEXT() REPRESENTATION_CONTEXT('2D SPACE',''
  ) );
#8463 = PCURVE('',#2787,#8464);
#8464 = DEFINITIONAL_REPRESENTATION('',(#8465),#8469);
#8465 = LINE('',#8466,#8467);
#8466 = CARTESIAN_POINT('',(0.,0.));
#8467 = VECTOR('',#8468,1.);
#8468 = DIRECTION('',(0.,-1.));
#8469 = ( GEOMETRIC_REPRESENTATION_CONTEXT(2) 
PARAMETRIC_REPRESENTATION_CONTEXT() REPRESENTATION_CONTEXT('2D SPACE',''
  ) );
#8470 = ORIENTED_EDGE('',*,*,#2799,.F.);
#8471 = ADVANCED_FACE('',(#8472),#2787,.T.);
#8472 = FACE_BOUND('',#8473,.T.);
#8473 = EDGE_LOOP('',(#8474,#8475,#8476,#8497));
#8474 = ORIENTED_EDGE('',*,*,#8450,.T.);
#8475 = ORIENTED_EDGE('',*,*,#5562,.T.);
#8476 = ORIENTED_EDGE('',*,*,#8477,.F.);
#8477 = EDGE_CURVE('',#2744,#5540,#8478,.T.);
#8478 = SURFACE_CURVE('',#8479,(#8483,#8490),.PCURVE_S1.);
#8479 = LINE('',#8480,#8481);
#8480 = CARTESIAN_POINT('',(34.656912012,-19.971396737,-150.));
#8481 = VECTOR('',#8482,1.);
#8482 = DIRECTION('',(0.,0.,1.));
#8483 = PCURVE('',#2787,#8484);
#8484 = DEFINITIONAL_REPRESENTATION('',(#8485),#8489);
#8485 = LINE('',#8486,#8487);
#8486 = CARTESIAN_POINT('',(9.813534846523E-02,0.));
#8487 = VECTOR('',#8488,1.);
#8488 = DIRECTION('',(0.,-1.));
#8489 = ( GEOMETRIC_REPRESENTATION_CONTEXT(2) 
PARAMETRIC_REPRESENTATION_CONTEXT() REPRESENTATION_CONTEXT('2D SPACE',''
  ) );
#8490 = PCURVE('',#2759,#8491);
#8491 = DEFINITIONAL_REPRESENTATION('',(#8492),#8496);
#8492 = LINE('',#8493,#8494);
#8493 = CARTESIAN_POINT('',(0.,0.));
#8494 = VECTOR('',#8495,1.);
#8495 = DIRECTION('',(0.,-1.));
#8496 = ( GEOMETRIC_REPRESENTATION_CONTEXT(2) 
PARAMETRIC_REPRESENTATION_CONTEXT() REPRESENTATION_CONTEXT('2D SPACE',''
  ) );
#8497 = ORIENTED_EDGE('',*,*,#2771,.F.);
#8498 = ADVANCED_FACE('',(#8499),#2759,.T.);
#8499 = FACE_BOUND('',#8500,.T.);
#8500 = EDGE_LOOP('',(#8501,#8502,#8503,#8524));
#8501 = ORIENTED_EDGE('',*,*,#8477,.T.);
#8502 = ORIENTED_EDGE('',*,*,#5539,.T.);
#8503 = ORIENTED_EDGE('',*,*,#8504,.F.);
#8504 = EDGE_CURVE('',#2716,#5517,#8505,.T.);
#8505 = SURFACE_CURVE('',#8506,(#8510,#8517),.PCURVE_S1.);
#8506 = LINE('',#8507,#8508);
#8507 = CARTESIAN_POINT('',(34.69887028,-19.882683432,-150.));
#8508 = VECTOR('',#8509,1.);
#8509 = DIRECTION('',(0.,0.,1.));
#8510 = PCURVE('',#2759,#8511);
#8511 = DEFINITIONAL_REPRESENTATION('',(#8512),#8516);
#8512 = LINE('',#8513,#8514);
#8513 = CARTESIAN_POINT('',(9.813534907251E-02,0.));
#8514 = VECTOR('',#8515,1.);
#8515 = DIRECTION('',(0.,-1.));
#8516 = ( GEOMETRIC_REPRESENTATION_CONTEXT(2) 
PARAMETRIC_REPRESENTATION_CONTEXT() REPRESENTATION_CONTEXT('2D SPACE',''
  ) );
#8517 = PCURVE('',#2731,#8518);
#8518 = DEFINITIONAL_REPRESENTATION('',(#8519),#8523);
#8519 = LINE('',#8520,#8521);
#8520 = CARTESIAN_POINT('',(0.,0.));
#8521 = VECTOR('',#8522,1.);
#8522 = DIRECTION('',(0.,-1.));
#8523 = ( GEOMETRIC_REPRESENTATION_CONTEXT(2) 
PARAMETRIC_REPRESENTATION_CONTEXT() REPRESENTATION_CONTEXT('2D SPACE',''
  ) );
#8524 = ORIENTED_EDGE('',*,*,#2743,.F.);
#8525 = ADVANCED_FACE('',(#8526),#2731,.T.);
#8526 = FACE_BOUND('',#8527,.T.);
#8527 = EDGE_LOOP('',(#8528,#8529,#8530,#8551));
#8528 = ORIENTED_EDGE('',*,*,#8504,.T.);
#8529 = ORIENTED_EDGE('',*,*,#5516,.T.);
#8530 = ORIENTED_EDGE('',*,*,#8531,.F.);
#8531 = EDGE_CURVE('',#2688,#5494,#8532,.T.);
#8532 = SURFACE_CURVE('',#8533,(#8537,#8544),.PCURVE_S1.);
#8533 = LINE('',#8534,#8535);
#8534 = CARTESIAN_POINT('',(34.731931083,-19.790284677,-150.));
#8535 = VECTOR('',#8536,1.);
#8536 = DIRECTION('',(0.,0.,1.));
#8537 = PCURVE('',#2731,#8538);
#8538 = DEFINITIONAL_REPRESENTATION('',(#8539),#8543);
#8539 = LINE('',#8540,#8541);
#8540 = CARTESIAN_POINT('',(9.813534847625E-02,0.));
#8541 = VECTOR('',#8542,1.);
#8542 = DIRECTION('',(0.,-1.));
#8543 = ( GEOMETRIC_REPRESENTATION_CONTEXT(2) 
PARAMETRIC_REPRESENTATION_CONTEXT() REPRESENTATION_CONTEXT('2D SPACE',''
  ) );
#8544 = PCURVE('',#2703,#8545);
#8545 = DEFINITIONAL_REPRESENTATION('',(#8546),#8550);
#8546 = LINE('',#8547,#8548);
#8547 = CARTESIAN_POINT('',(0.,0.));
#8548 = VECTOR('',#8549,1.);
#8549 = DIRECTION('',(0.,-1.));
#8550 = ( GEOMETRIC_REPRESENTATION_CONTEXT(2) 
PARAMETRIC_REPRESENTATION_CONTEXT() REPRESENTATION_CONTEXT('2D SPACE',''
  ) );
#8551 = ORIENTED_EDGE('',*,*,#2715,.F.);
#8552 = ADVANCED_FACE('',(#8553),#2703,.T.);
#8553 = FACE_BOUND('',#8554,.T.);
#8554 = EDGE_LOOP('',(#8555,#8556,#8557,#8578));
#8555 = ORIENTED_EDGE('',*,*,#8531,.T.);
#8556 = ORIENTED_EDGE('',*,*,#5493,.T.);
#8557 = ORIENTED_EDGE('',*,*,#8558,.F.);
#8558 = EDGE_CURVE('',#2660,#5471,#8559,.T.);
#8559 = SURFACE_CURVE('',#8560,(#8564,#8571),.PCURVE_S1.);
#8560 = LINE('',#8561,#8562);
#8561 = CARTESIAN_POINT('',(34.755776028,-19.695090322,-150.));
#8562 = VECTOR('',#8563,1.);
#8563 = DIRECTION('',(0.,0.,1.));
#8564 = PCURVE('',#2703,#8565);
#8565 = DEFINITIONAL_REPRESENTATION('',(#8566),#8570);
#8566 = LINE('',#8567,#8568);
#8567 = CARTESIAN_POINT('',(9.813534850358E-02,0.));
#8568 = VECTOR('',#8569,1.);
#8569 = DIRECTION('',(0.,-1.));
#8570 = ( GEOMETRIC_REPRESENTATION_CONTEXT(2) 
PARAMETRIC_REPRESENTATION_CONTEXT() REPRESENTATION_CONTEXT('2D SPACE',''
  ) );
#8571 = PCURVE('',#2675,#8572);
#8572 = DEFINITIONAL_REPRESENTATION('',(#8573),#8577);
#8573 = LINE('',#8574,#8575);
#8574 = CARTESIAN_POINT('',(0.,0.));
#8575 = VECTOR('',#8576,1.);
#8576 = DIRECTION('',(0.,-1.));
#8577 = ( GEOMETRIC_REPRESENTATION_CONTEXT(2) 
PARAMETRIC_REPRESENTATION_CONTEXT() REPRESENTATION_CONTEXT('2D SPACE',''
  ) );
#8578 = ORIENTED_EDGE('',*,*,#2687,.F.);
#8579 = ADVANCED_FACE('',(#8580),#2675,.T.);
#8580 = FACE_BOUND('',#8581,.T.);
#8581 = EDGE_LOOP('',(#8582,#8583,#8584,#8605));
#8582 = ORIENTED_EDGE('',*,*,#8558,.T.);
#8583 = ORIENTED_EDGE('',*,*,#5470,.T.);
#8584 = ORIENTED_EDGE('',*,*,#8585,.F.);
#8585 = EDGE_CURVE('',#2632,#5448,#8586,.T.);
#8586 = SURFACE_CURVE('',#8587,(#8591,#8598),.PCURVE_S1.);
#8587 = LINE('',#8588,#8589);
#8588 = CARTESIAN_POINT('',(34.770175474,-19.59801714,-150.));
#8589 = VECTOR('',#8590,1.);
#8590 = DIRECTION('',(0.,0.,1.));
#8591 = PCURVE('',#2675,#8592);
#8592 = DEFINITIONAL_REPRESENTATION('',(#8593),#8597);
#8593 = LINE('',#8594,#8595);
#8594 = CARTESIAN_POINT('',(9.813534892541E-02,0.));
#8595 = VECTOR('',#8596,1.);
#8596 = DIRECTION('',(0.,-1.));
#8597 = ( GEOMETRIC_REPRESENTATION_CONTEXT(2) 
PARAMETRIC_REPRESENTATION_CONTEXT() REPRESENTATION_CONTEXT('2D SPACE',''
  ) );
#8598 = PCURVE('',#2647,#8599);
#8599 = DEFINITIONAL_REPRESENTATION('',(#8600),#8604);
#8600 = LINE('',#8601,#8602);
#8601 = CARTESIAN_POINT('',(0.,0.));
#8602 = VECTOR('',#8603,1.);
#8603 = DIRECTION('',(0.,-1.));
#8604 = ( GEOMETRIC_REPRESENTATION_CONTEXT(2) 
PARAMETRIC_REPRESENTATION_CONTEXT() REPRESENTATION_CONTEXT('2D SPACE',''
  ) );
#8605 = ORIENTED_EDGE('',*,*,#2659,.F.);
#8606 = ADVANCED_FACE('',(#8607),#2647,.T.);
#8607 = FACE_BOUND('',#8608,.T.);
#8608 = EDGE_LOOP('',(#8609,#8610,#8611,#8632));
#8609 = ORIENTED_EDGE('',*,*,#8585,.T.);
#8610 = ORIENTED_EDGE('',*,*,#5447,.T.);
#8611 = ORIENTED_EDGE('',*,*,#8612,.F.);
#8612 = EDGE_CURVE('',#2604,#5425,#8613,.T.);
#8613 = SURFACE_CURVE('',#8614,(#8618,#8625),.PCURVE_S1.);
#8614 = LINE('',#8615,#8616);
#8615 = CARTESIAN_POINT('',(34.774990748,-19.5,-150.));
#8616 = VECTOR('',#8617,1.);
#8617 = DIRECTION('',(0.,0.,1.));
#8618 = PCURVE('',#2647,#8619);
#8619 = DEFINITIONAL_REPRESENTATION('',(#8620),#8624);
#8620 = LINE('',#8621,#8622);
#8621 = CARTESIAN_POINT('',(9.813534835866E-02,0.));
#8622 = VECTOR('',#8623,1.);
#8623 = DIRECTION('',(0.,-1.));
#8624 = ( GEOMETRIC_REPRESENTATION_CONTEXT(2) 
PARAMETRIC_REPRESENTATION_CONTEXT() REPRESENTATION_CONTEXT('2D SPACE',''
  ) );
#8625 = PCURVE('',#2619,#8626);
#8626 = DEFINITIONAL_REPRESENTATION('',(#8627),#8631);
#8627 = LINE('',#8628,#8629);
#8628 = CARTESIAN_POINT('',(0.,0.));
#8629 = VECTOR('',#8630,1.);
#8630 = DIRECTION('',(0.,-1.));
#8631 = ( GEOMETRIC_REPRESENTATION_CONTEXT(2) 
PARAMETRIC_REPRESENTATION_CONTEXT() REPRESENTATION_CONTEXT('2D SPACE',''
  ) );
#8632 = ORIENTED_EDGE('',*,*,#2631,.F.);
#8633 = ADVANCED_FACE('',(#8634),#2619,.T.);
#8634 = FACE_BOUND('',#8635,.T.);
#8635 = EDGE_LOOP('',(#8636,#8637,#8638,#8659));
#8636 = ORIENTED_EDGE('',*,*,#8612,.T.);
#8637 = ORIENTED_EDGE('',*,*,#5424,.T.);
#8638 = ORIENTED_EDGE('',*,*,#8639,.F.);
#8639 = EDGE_CURVE('',#2576,#5402,#8640,.T.);
#8640 = SURFACE_CURVE('',#8641,(#8645,#8652),.PCURVE_S1.);
#8641 = LINE('',#8642,#8643);
#8642 = CARTESIAN_POINT('',(34.774990748,19.5,-150.));
#8643 = VECTOR('',#8644,1.);
#8644 = DIRECTION('',(0.,0.,1.));
#8645 = PCURVE('',#2619,#8646);
#8646 = DEFINITIONAL_REPRESENTATION('',(#8647),#8651);
#8647 = LINE('',#8648,#8649);
#8648 = CARTESIAN_POINT('',(39.,0.));
#8649 = VECTOR('',#8650,1.);
#8650 = DIRECTION('',(0.,-1.));
#8651 = ( GEOMETRIC_REPRESENTATION_CONTEXT(2) 
PARAMETRIC_REPRESENTATION_CONTEXT() REPRESENTATION_CONTEXT('2D SPACE',''
  ) );
#8652 = PCURVE('',#2591,#8653);
#8653 = DEFINITIONAL_REPRESENTATION('',(#8654),#8658);
#8654 = LINE('',#8655,#8656);
#8655 = CARTESIAN_POINT('',(0.,0.));
#8656 = VECTOR('',#8657,1.);
#8657 = DIRECTION('',(0.,-1.));
#8658 = ( GEOMETRIC_REPRESENTATION_CONTEXT(2) 
PARAMETRIC_REPRESENTATION_CONTEXT() REPRESENTATION_CONTEXT('2D SPACE',''
  ) );
#8659 = ORIENTED_EDGE('',*,*,#2603,.F.);
#8660 = ADVANCED_FACE('',(#8661),#2591,.T.);
#8661 = FACE_BOUND('',#8662,.T.);
#8662 = EDGE_LOOP('',(#8663,#8664,#8665,#8686));
#8663 = ORIENTED_EDGE('',*,*,#8639,.T.);
#8664 = ORIENTED_EDGE('',*,*,#5401,.T.);
#8665 = ORIENTED_EDGE('',*,*,#8666,.F.);
#8666 = EDGE_CURVE('',#2548,#5379,#8667,.T.);
#8667 = SURFACE_CURVE('',#8668,(#8672,#8679),.PCURVE_S1.);
#8668 = LINE('',#8669,#8670);
#8669 = CARTESIAN_POINT('',(34.770175474,19.59801714,-150.));
#8670 = VECTOR('',#8671,1.);
#8671 = DIRECTION('',(0.,0.,1.));
#8672 = PCURVE('',#2591,#8673);
#8673 = DEFINITIONAL_REPRESENTATION('',(#8674),#8678);
#8674 = LINE('',#8675,#8676);
#8675 = CARTESIAN_POINT('',(9.813534835866E-02,0.));
#8676 = VECTOR('',#8677,1.);
#8677 = DIRECTION('',(0.,-1.));
#8678 = ( GEOMETRIC_REPRESENTATION_CONTEXT(2) 
PARAMETRIC_REPRESENTATION_CONTEXT() REPRESENTATION_CONTEXT('2D SPACE',''
  ) );
#8679 = PCURVE('',#2563,#8680);
#8680 = DEFINITIONAL_REPRESENTATION('',(#8681),#8685);
#8681 = LINE('',#8682,#8683);
#8682 = CARTESIAN_POINT('',(0.,0.));
#8683 = VECTOR('',#8684,1.);
#8684 = DIRECTION('',(0.,-1.));
#8685 = ( GEOMETRIC_REPRESENTATION_CONTEXT(2) 
PARAMETRIC_REPRESENTATION_CONTEXT() REPRESENTATION_CONTEXT('2D SPACE',''
  ) );
#8686 = ORIENTED_EDGE('',*,*,#2575,.F.);
#8687 = ADVANCED_FACE('',(#8688),#2563,.T.);
#8688 = FACE_BOUND('',#8689,.T.);
#8689 = EDGE_LOOP('',(#8690,#8691,#8692,#8713));
#8690 = ORIENTED_EDGE('',*,*,#8666,.T.);
#8691 = ORIENTED_EDGE('',*,*,#5378,.T.);
#8692 = ORIENTED_EDGE('',*,*,#8693,.F.);
#8693 = EDGE_CURVE('',#2520,#5356,#8694,.T.);
#8694 = SURFACE_CURVE('',#8695,(#8699,#8706),.PCURVE_S1.);
#8695 = LINE('',#8696,#8697);
#8696 = CARTESIAN_POINT('',(34.755776028,19.695090322,-150.));
#8697 = VECTOR('',#8698,1.);
#8698 = DIRECTION('',(0.,0.,1.));
#8699 = PCURVE('',#2563,#8700);
#8700 = DEFINITIONAL_REPRESENTATION('',(#8701),#8705);
#8701 = LINE('',#8702,#8703);
#8702 = CARTESIAN_POINT('',(9.813534892541E-02,0.));
#8703 = VECTOR('',#8704,1.);
#8704 = DIRECTION('',(0.,-1.));
#8705 = ( GEOMETRIC_REPRESENTATION_CONTEXT(2) 
PARAMETRIC_REPRESENTATION_CONTEXT() REPRESENTATION_CONTEXT('2D SPACE',''
  ) );
#8706 = PCURVE('',#2535,#8707);
#8707 = DEFINITIONAL_REPRESENTATION('',(#8708),#8712);
#8708 = LINE('',#8709,#8710);
#8709 = CARTESIAN_POINT('',(0.,0.));
#8710 = VECTOR('',#8711,1.);
#8711 = DIRECTION('',(0.,-1.));
#8712 = ( GEOMETRIC_REPRESENTATION_CONTEXT(2) 
PARAMETRIC_REPRESENTATION_CONTEXT() REPRESENTATION_CONTEXT('2D SPACE',''
  ) );
#8713 = ORIENTED_EDGE('',*,*,#2547,.F.);
#8714 = ADVANCED_FACE('',(#8715),#2535,.T.);
#8715 = FACE_BOUND('',#8716,.T.);
#8716 = EDGE_LOOP('',(#8717,#8718,#8719,#8740));
#8717 = ORIENTED_EDGE('',*,*,#8693,.T.);
#8718 = ORIENTED_EDGE('',*,*,#5355,.T.);
#8719 = ORIENTED_EDGE('',*,*,#8720,.F.);
#8720 = EDGE_CURVE('',#2492,#5333,#8721,.T.);
#8721 = SURFACE_CURVE('',#8722,(#8726,#8733),.PCURVE_S1.);
#8722 = LINE('',#8723,#8724);
#8723 = CARTESIAN_POINT('',(34.731931083,19.790284677,-150.));
#8724 = VECTOR('',#8725,1.);
#8725 = DIRECTION('',(0.,0.,1.));
#8726 = PCURVE('',#2535,#8727);
#8727 = DEFINITIONAL_REPRESENTATION('',(#8728),#8732);
#8728 = LINE('',#8729,#8730);
#8729 = CARTESIAN_POINT('',(9.813534850358E-02,0.));
#8730 = VECTOR('',#8731,1.);
#8731 = DIRECTION('',(0.,-1.));
#8732 = ( GEOMETRIC_REPRESENTATION_CONTEXT(2) 
PARAMETRIC_REPRESENTATION_CONTEXT() REPRESENTATION_CONTEXT('2D SPACE',''
  ) );
#8733 = PCURVE('',#2507,#8734);
#8734 = DEFINITIONAL_REPRESENTATION('',(#8735),#8739);
#8735 = LINE('',#8736,#8737);
#8736 = CARTESIAN_POINT('',(0.,0.));
#8737 = VECTOR('',#8738,1.);
#8738 = DIRECTION('',(0.,-1.));
#8739 = ( GEOMETRIC_REPRESENTATION_CONTEXT(2) 
PARAMETRIC_REPRESENTATION_CONTEXT() REPRESENTATION_CONTEXT('2D SPACE',''
  ) );
#8740 = ORIENTED_EDGE('',*,*,#2519,.F.);
#8741 = ADVANCED_FACE('',(#8742),#2507,.T.);
#8742 = FACE_BOUND('',#8743,.T.);
#8743 = EDGE_LOOP('',(#8744,#8745,#8746,#8767));
#8744 = ORIENTED_EDGE('',*,*,#8720,.T.);
#8745 = ORIENTED_EDGE('',*,*,#5332,.T.);
#8746 = ORIENTED_EDGE('',*,*,#8747,.F.);
#8747 = EDGE_CURVE('',#2464,#5310,#8748,.T.);
#8748 = SURFACE_CURVE('',#8749,(#8753,#8760),.PCURVE_S1.);
#8749 = LINE('',#8750,#8751);
#8750 = CARTESIAN_POINT('',(34.69887028,19.882683432,-150.));
#8751 = VECTOR('',#8752,1.);
#8752 = DIRECTION('',(0.,0.,1.));
#8753 = PCURVE('',#2507,#8754);
#8754 = DEFINITIONAL_REPRESENTATION('',(#8755),#8759);
#8755 = LINE('',#8756,#8757);
#8756 = CARTESIAN_POINT('',(9.813534847625E-02,0.));
#8757 = VECTOR('',#8758,1.);
#8758 = DIRECTION('',(0.,-1.));
#8759 = ( GEOMETRIC_REPRESENTATION_CONTEXT(2) 
PARAMETRIC_REPRESENTATION_CONTEXT() REPRESENTATION_CONTEXT('2D SPACE',''
  ) );
#8760 = PCURVE('',#2479,#8761);
#8761 = DEFINITIONAL_REPRESENTATION('',(#8762),#8766);
#8762 = LINE('',#8763,#8764);
#8763 = CARTESIAN_POINT('',(0.,0.));
#8764 = VECTOR('',#8765,1.);
#8765 = DIRECTION('',(0.,-1.));
#8766 = ( GEOMETRIC_REPRESENTATION_CONTEXT(2) 
PARAMETRIC_REPRESENTATION_CONTEXT() REPRESENTATION_CONTEXT('2D SPACE',''
  ) );
#8767 = ORIENTED_EDGE('',*,*,#2491,.F.);
#8768 = ADVANCED_FACE('',(#8769),#2479,.T.);
#8769 = FACE_BOUND('',#8770,.T.);
#8770 = EDGE_LOOP('',(#8771,#8772,#8773,#8794));
#8771 = ORIENTED_EDGE('',*,*,#8747,.T.);
#8772 = ORIENTED_EDGE('',*,*,#5309,.T.);
#8773 = ORIENTED_EDGE('',*,*,#8774,.F.);
#8774 = EDGE_CURVE('',#2436,#5287,#8775,.T.);
#8775 = SURFACE_CURVE('',#8776,(#8780,#8787),.PCURVE_S1.);
#8776 = LINE('',#8777,#8778);
#8777 = CARTESIAN_POINT('',(34.656912012,19.971396737,-150.));
#8778 = VECTOR('',#8779,1.);
#8779 = DIRECTION('',(0.,0.,1.));
#8780 = PCURVE('',#2479,#8781);
#8781 = DEFINITIONAL_REPRESENTATION('',(#8782),#8786);
#8782 = LINE('',#8783,#8784);
#8783 = CARTESIAN_POINT('',(9.813534907251E-02,0.));
#8784 = VECTOR('',#8785,1.);
#8785 = DIRECTION('',(0.,-1.));
#8786 = ( GEOMETRIC_REPRESENTATION_CONTEXT(2) 
PARAMETRIC_REPRESENTATION_CONTEXT() REPRESENTATION_CONTEXT('2D SPACE',''
  ) );
#8787 = PCURVE('',#2451,#8788);
#8788 = DEFINITIONAL_REPRESENTATION('',(#8789),#8793);
#8789 = LINE('',#8790,#8791);
#8790 = CARTESIAN_POINT('',(0.,0.));
#8791 = VECTOR('',#8792,1.);
#8792 = DIRECTION('',(0.,-1.));
#8793 = ( GEOMETRIC_REPRESENTATION_CONTEXT(2) 
PARAMETRIC_REPRESENTATION_CONTEXT() REPRESENTATION_CONTEXT('2D SPACE',''
  ) );
#8794 = ORIENTED_EDGE('',*,*,#2463,.F.);
#8795 = ADVANCED_FACE('',(#8796),#2451,.T.);
#8796 = FACE_BOUND('',#8797,.T.);
#8797 = EDGE_LOOP('',(#8798,#8799,#8800,#8821));
#8798 = ORIENTED_EDGE('',*,*,#8774,.T.);
#8799 = ORIENTED_EDGE('',*,*,#5286,.T.);
#8800 = ORIENTED_EDGE('',*,*,#8801,.F.);
#8801 = EDGE_CURVE('',#2408,#5264,#8802,.T.);
#8802 = SURFACE_CURVE('',#8803,(#8807,#8814),.PCURVE_S1.);
#8803 = LINE('',#8804,#8805);
#8804 = CARTESIAN_POINT('',(34.60646036,20.055570233,-150.));
#8805 = VECTOR('',#8806,1.);
#8806 = DIRECTION('',(0.,0.,1.));
#8807 = PCURVE('',#2451,#8808);
#8808 = DEFINITIONAL_REPRESENTATION('',(#8809),#8813);
#8809 = LINE('',#8810,#8811);
#8810 = CARTESIAN_POINT('',(9.813534846523E-02,0.));
#8811 = VECTOR('',#8812,1.);
#8812 = DIRECTION('',(0.,-1.));
#8813 = ( GEOMETRIC_REPRESENTATION_CONTEXT(2) 
PARAMETRIC_REPRESENTATION_CONTEXT() REPRESENTATION_CONTEXT('2D SPACE',''
  ) );
#8814 = PCURVE('',#2423,#8815);
#8815 = DEFINITIONAL_REPRESENTATION('',(#8816),#8820);
#8816 = LINE('',#8817,#8818);
#8817 = CARTESIAN_POINT('',(0.,0.));
#8818 = VECTOR('',#8819,1.);
#8819 = DIRECTION('',(0.,-1.));
#8820 = ( GEOMETRIC_REPRESENTATION_CONTEXT(2) 
PARAMETRIC_REPRESENTATION_CONTEXT() REPRESENTATION_CONTEXT('2D SPACE',''
  ) );
#8821 = ORIENTED_EDGE('',*,*,#2435,.F.);
#8822 = ADVANCED_FACE('',(#8823),#2423,.T.);
#8823 = FACE_BOUND('',#8824,.T.);
#8824 = EDGE_LOOP('',(#8825,#8826,#8827,#8848));
#8825 = ORIENTED_EDGE('',*,*,#8801,.T.);
#8826 = ORIENTED_EDGE('',*,*,#5263,.T.);
#8827 = ORIENTED_EDGE('',*,*,#8828,.F.);
#8828 = EDGE_CURVE('',#2380,#5241,#8829,.T.);
#8829 = SURFACE_CURVE('',#8830,(#8834,#8841),.PCURVE_S1.);
#8830 = LINE('',#8831,#8832);
#8831 = CARTESIAN_POINT('',(34.548001201,20.134393284,-150.));
#8832 = VECTOR('',#8833,1.);
#8833 = DIRECTION('',(0.,0.,1.));
#8834 = PCURVE('',#2423,#8835);
#8835 = DEFINITIONAL_REPRESENTATION('',(#8836),#8840);
#8836 = LINE('',#8837,#8838);
#8837 = CARTESIAN_POINT('',(9.8135348575E-02,0.));
#8838 = VECTOR('',#8839,1.);
#8839 = DIRECTION('',(0.,-1.));
#8840 = ( GEOMETRIC_REPRESENTATION_CONTEXT(2) 
PARAMETRIC_REPRESENTATION_CONTEXT() REPRESENTATION_CONTEXT('2D SPACE',''
  ) );
#8841 = PCURVE('',#2395,#8842);
#8842 = DEFINITIONAL_REPRESENTATION('',(#8843),#8847);
#8843 = LINE('',#8844,#8845);
#8844 = CARTESIAN_POINT('',(0.,0.));
#8845 = VECTOR('',#8846,1.);
#8846 = DIRECTION('',(0.,-1.));
#8847 = ( GEOMETRIC_REPRESENTATION_CONTEXT(2) 
PARAMETRIC_REPRESENTATION_CONTEXT() REPRESENTATION_CONTEXT('2D SPACE',''
  ) );
#8848 = ORIENTED_EDGE('',*,*,#2407,.F.);
#8849 = ADVANCED_FACE('',(#8850),#2395,.T.);
#8850 = FACE_BOUND('',#8851,.T.);
#8851 = EDGE_LOOP('',(#8852,#8853,#8854,#8875));
#8852 = ORIENTED_EDGE('',*,*,#8828,.T.);
#8853 = ORIENTED_EDGE('',*,*,#5240,.T.);
#8854 = ORIENTED_EDGE('',*,*,#8855,.F.);
#8855 = EDGE_CURVE('',#2352,#5218,#8856,.T.);
#8856 = SURFACE_CURVE('',#8857,(#8861,#8868),.PCURVE_S1.);
#8857 = LINE('',#8858,#8859);
#8858 = CARTESIAN_POINT('',(34.482097529,20.207106781,-150.));
#8859 = VECTOR('',#8860,1.);
#8860 = DIRECTION('',(0.,0.,1.));
#8861 = PCURVE('',#2395,#8862);
#8862 = DEFINITIONAL_REPRESENTATION('',(#8863),#8867);
#8863 = LINE('',#8864,#8865);
#8864 = CARTESIAN_POINT('',(9.813534851954E-02,0.));
#8865 = VECTOR('',#8866,1.);
#8866 = DIRECTION('',(0.,-1.));
#8867 = ( GEOMETRIC_REPRESENTATION_CONTEXT(2) 
PARAMETRIC_REPRESENTATION_CONTEXT() REPRESENTATION_CONTEXT('2D SPACE',''
  ) );
#8868 = PCURVE('',#2367,#8869);
#8869 = DEFINITIONAL_REPRESENTATION('',(#8870),#8874);
#8870 = LINE('',#8871,#8872);
#8871 = CARTESIAN_POINT('',(0.,0.));
#8872 = VECTOR('',#8873,1.);
#8873 = DIRECTION('',(0.,-1.));
#8874 = ( GEOMETRIC_REPRESENTATION_CONTEXT(2) 
PARAMETRIC_REPRESENTATION_CONTEXT() REPRESENTATION_CONTEXT('2D SPACE',''
  ) );
#8875 = ORIENTED_EDGE('',*,*,#2379,.F.);
#8876 = ADVANCED_FACE('',(#8877),#2367,.T.);
#8877 = FACE_BOUND('',#8878,.T.);
#8878 = EDGE_LOOP('',(#8879,#8880,#8881,#8902));
#8879 = ORIENTED_EDGE('',*,*,#8855,.T.);
#8880 = ORIENTED_EDGE('',*,*,#5217,.T.);
#8881 = ORIENTED_EDGE('',*,*,#8882,.F.);
#8882 = EDGE_CURVE('',#2324,#5195,#8883,.T.);
#8883 = SURFACE_CURVE('',#8884,(#8888,#8895),.PCURVE_S1.);
#8884 = LINE('',#8885,#8886);
#8885 = CARTESIAN_POINT('',(34.409384032,20.273010453,-150.));
#8886 = VECTOR('',#8887,1.);
#8887 = DIRECTION('',(0.,0.,1.));
#8888 = PCURVE('',#2367,#8889);
#8889 = DEFINITIONAL_REPRESENTATION('',(#8890),#8894);
#8890 = LINE('',#8891,#8892);
#8891 = CARTESIAN_POINT('',(9.813534851955E-02,0.));
#8892 = VECTOR('',#8893,1.);
#8893 = DIRECTION('',(0.,-1.));
#8894 = ( GEOMETRIC_REPRESENTATION_CONTEXT(2) 
PARAMETRIC_REPRESENTATION_CONTEXT() REPRESENTATION_CONTEXT('2D SPACE',''
  ) );
#8895 = PCURVE('',#2339,#8896);
#8896 = DEFINITIONAL_REPRESENTATION('',(#8897),#8901);
#8897 = LINE('',#8898,#8899);
#8898 = CARTESIAN_POINT('',(0.,0.));
#8899 = VECTOR('',#8900,1.);
#8900 = DIRECTION('',(0.,-1.));
#8901 = ( GEOMETRIC_REPRESENTATION_CONTEXT(2) 
PARAMETRIC_REPRESENTATION_CONTEXT() REPRESENTATION_CONTEXT('2D SPACE',''
  ) );
#8902 = ORIENTED_EDGE('',*,*,#2351,.F.);
#8903 = ADVANCED_FACE('',(#8904),#2339,.T.);
#8904 = FACE_BOUND('',#8905,.T.);
#8905 = EDGE_LOOP('',(#8906,#8907,#8908,#8929));
#8906 = ORIENTED_EDGE('',*,*,#8882,.T.);
#8907 = ORIENTED_EDGE('',*,*,#5194,.T.);
#8908 = ORIENTED_EDGE('',*,*,#8909,.F.);
#8909 = EDGE_CURVE('',#2296,#5172,#8910,.T.);
#8910 = SURFACE_CURVE('',#8911,(#8915,#8922),.PCURVE_S1.);
#8911 = LINE('',#8912,#8913);
#8912 = CARTESIAN_POINT('',(34.330560981,20.331469612,-150.));
#8913 = VECTOR('',#8914,1.);
#8914 = DIRECTION('',(0.,0.,1.));
#8915 = PCURVE('',#2339,#8916);
#8916 = DEFINITIONAL_REPRESENTATION('',(#8917),#8921);
#8917 = LINE('',#8918,#8919);
#8918 = CARTESIAN_POINT('',(9.813534857499E-02,0.));
#8919 = VECTOR('',#8920,1.);
#8920 = DIRECTION('',(0.,-1.));
#8921 = ( GEOMETRIC_REPRESENTATION_CONTEXT(2) 
PARAMETRIC_REPRESENTATION_CONTEXT() REPRESENTATION_CONTEXT('2D SPACE',''
  ) );
#8922 = PCURVE('',#2311,#8923);
#8923 = DEFINITIONAL_REPRESENTATION('',(#8924),#8928);
#8924 = LINE('',#8925,#8926);
#8925 = CARTESIAN_POINT('',(0.,0.));
#8926 = VECTOR('',#8927,1.);
#8927 = DIRECTION('',(0.,-1.));
#8928 = ( GEOMETRIC_REPRESENTATION_CONTEXT(2) 
PARAMETRIC_REPRESENTATION_CONTEXT() REPRESENTATION_CONTEXT('2D SPACE',''
  ) );
#8929 = ORIENTED_EDGE('',*,*,#2323,.F.);
#8930 = ADVANCED_FACE('',(#8931),#2311,.T.);
#8931 = FACE_BOUND('',#8932,.T.);
#8932 = EDGE_LOOP('',(#8933,#8934,#8935,#8956));
#8933 = ORIENTED_EDGE('',*,*,#8909,.T.);
#8934 = ORIENTED_EDGE('',*,*,#5171,.T.);
#8935 = ORIENTED_EDGE('',*,*,#8936,.F.);
#8936 = EDGE_CURVE('',#2268,#5149,#8937,.T.);
#8937 = SURFACE_CURVE('',#8938,(#8942,#8949),.PCURVE_S1.);
#8938 = LINE('',#8939,#8940);
#8939 = CARTESIAN_POINT('',(6.,40.,-150.));
#8940 = VECTOR('',#8941,1.);
#8941 = DIRECTION('',(0.,0.,1.));
#8942 = PCURVE('',#2311,#8943);
#8943 = DEFINITIONAL_REPRESENTATION('',(#8944),#8948);
#8944 = LINE('',#8945,#8946);
#8945 = CARTESIAN_POINT('',(34.488719505395,0.));
#8946 = VECTOR('',#8947,1.);
#8947 = DIRECTION('',(0.,-1.));
#8948 = ( GEOMETRIC_REPRESENTATION_CONTEXT(2) 
PARAMETRIC_REPRESENTATION_CONTEXT() REPRESENTATION_CONTEXT('2D SPACE',''
  ) );
#8949 = PCURVE('',#2283,#8950);
#8950 = DEFINITIONAL_REPRESENTATION('',(#8951),#8955);
#8951 = LINE('',#8952,#8953);
#8952 = CARTESIAN_POINT('',(0.,-0.));
#8953 = VECTOR('',#8954,1.);
#8954 = DIRECTION('',(0.,-1.));
#8955 = ( GEOMETRIC_REPRESENTATION_CONTEXT(2) 
PARAMETRIC_REPRESENTATION_CONTEXT() REPRESENTATION_CONTEXT('2D SPACE',''
  ) );
#8956 = ORIENTED_EDGE('',*,*,#2295,.F.);
#8957 = ADVANCED_FACE('',(#8958),#2283,.T.);
#8958 = FACE_BOUND('',#8959,.T.);
#8959 = EDGE_LOOP('',(#8960,#8961,#8962,#8983));
#8960 = ORIENTED_EDGE('',*,*,#8936,.T.);
#8961 = ORIENTED_EDGE('',*,*,#5148,.T.);
#8962 = ORIENTED_EDGE('',*,*,#8963,.F.);
#8963 = EDGE_CURVE('',#2240,#5126,#8964,.T.);
#8964 = SURFACE_CURVE('',#8965,(#8969,#8976),.PCURVE_S1.);
#8965 = LINE('',#8966,#8967);
#8966 = CARTESIAN_POINT('',(-6.,40.,-150.));
#8967 = VECTOR('',#8968,1.);
#8968 = DIRECTION('',(0.,0.,1.));
#8969 = PCURVE('',#2283,#8970);
#8970 = DEFINITIONAL_REPRESENTATION('',(#8971),#8975);
#8971 = LINE('',#8972,#8973);
#8972 = CARTESIAN_POINT('',(12.,0.));
#8973 = VECTOR('',#8974,1.);
#8974 = DIRECTION('',(0.,-1.));
#8975 = ( GEOMETRIC_REPRESENTATION_CONTEXT(2) 
PARAMETRIC_REPRESENTATION_CONTEXT() REPRESENTATION_CONTEXT('2D SPACE',''
  ) );
#8976 = PCURVE('',#2255,#8977);
#8977 = DEFINITIONAL_REPRESENTATION('',(#8978),#8982);
#8978 = LINE('',#8979,#8980);
#8979 = CARTESIAN_POINT('',(0.,0.));
#8980 = VECTOR('',#8981,1.);
#8981 = DIRECTION('',(0.,-1.));
#8982 = ( GEOMETRIC_REPRESENTATION_CONTEXT(2) 
PARAMETRIC_REPRESENTATION_CONTEXT() REPRESENTATION_CONTEXT('2D SPACE',''
  ) );
#8983 = ORIENTED_EDGE('',*,*,#2267,.F.);
#8984 = ADVANCED_FACE('',(#8985),#2255,.T.);
#8985 = FACE_BOUND('',#8986,.T.);
#8986 = EDGE_LOOP('',(#8987,#8988,#8989,#9010));
#8987 = ORIENTED_EDGE('',*,*,#8963,.T.);
#8988 = ORIENTED_EDGE('',*,*,#5125,.T.);
#8989 = ORIENTED_EDGE('',*,*,#8990,.F.);
#8990 = EDGE_CURVE('',#2212,#5103,#8991,.T.);
#8991 = SURFACE_CURVE('',#8992,(#8996,#9003),.PCURVE_S1.);
#8992 = LINE('',#8993,#8994);
#8993 = CARTESIAN_POINT('',(-34.330560981,20.331469612,-150.));
#8994 = VECTOR('',#8995,1.);
#8995 = DIRECTION('',(0.,0.,1.));
#8996 = PCURVE('',#2255,#8997);
#8997 = DEFINITIONAL_REPRESENTATION('',(#8998),#9002);
#8998 = LINE('',#8999,#9000);
#8999 = CARTESIAN_POINT('',(34.488719505395,0.));
#9000 = VECTOR('',#9001,1.);
#9001 = DIRECTION('',(0.,-1.));
#9002 = ( GEOMETRIC_REPRESENTATION_CONTEXT(2) 
PARAMETRIC_REPRESENTATION_CONTEXT() REPRESENTATION_CONTEXT('2D SPACE',''
  ) );
#9003 = PCURVE('',#2227,#9004);
#9004 = DEFINITIONAL_REPRESENTATION('',(#9005),#9009);
#9005 = LINE('',#9006,#9007);
#9006 = CARTESIAN_POINT('',(0.,0.));
#9007 = VECTOR('',#9008,1.);
#9008 = DIRECTION('',(0.,-1.));
#9009 = ( GEOMETRIC_REPRESENTATION_CONTEXT(2) 
PARAMETRIC_REPRESENTATION_CONTEXT() REPRESENTATION_CONTEXT('2D SPACE',''
  ) );
#9010 = ORIENTED_EDGE('',*,*,#2239,.F.);
#9011 = ADVANCED_FACE('',(#9012),#2227,.T.);
#9012 = FACE_BOUND('',#9013,.T.);
#9013 = EDGE_LOOP('',(#9014,#9015,#9016,#9037));
#9014 = ORIENTED_EDGE('',*,*,#8990,.T.);
#9015 = ORIENTED_EDGE('',*,*,#5102,.T.);
#9016 = ORIENTED_EDGE('',*,*,#9017,.F.);
#9017 = EDGE_CURVE('',#2184,#5080,#9018,.T.);
#9018 = SURFACE_CURVE('',#9019,(#9023,#9030),.PCURVE_S1.);
#9019 = LINE('',#9020,#9021);
#9020 = CARTESIAN_POINT('',(-34.409384032,20.273010453,-150.));
#9021 = VECTOR('',#9022,1.);
#9022 = DIRECTION('',(0.,0.,1.));
#9023 = PCURVE('',#2227,#9024);
#9024 = DEFINITIONAL_REPRESENTATION('',(#9025),#9029);
#9025 = LINE('',#9026,#9027);
#9026 = CARTESIAN_POINT('',(9.813534857499E-02,0.));
#9027 = VECTOR('',#9028,1.);
#9028 = DIRECTION('',(0.,-1.));
#9029 = ( GEOMETRIC_REPRESENTATION_CONTEXT(2) 
PARAMETRIC_REPRESENTATION_CONTEXT() REPRESENTATION_CONTEXT('2D SPACE',''
  ) );
#9030 = PCURVE('',#2199,#9031);
#9031 = DEFINITIONAL_REPRESENTATION('',(#9032),#9036);
#9032 = LINE('',#9033,#9034);
#9033 = CARTESIAN_POINT('',(0.,0.));
#9034 = VECTOR('',#9035,1.);
#9035 = DIRECTION('',(0.,-1.));
#9036 = ( GEOMETRIC_REPRESENTATION_CONTEXT(2) 
PARAMETRIC_REPRESENTATION_CONTEXT() REPRESENTATION_CONTEXT('2D SPACE',''
  ) );
#9037 = ORIENTED_EDGE('',*,*,#2211,.F.);
#9038 = ADVANCED_FACE('',(#9039),#2199,.T.);
#9039 = FACE_BOUND('',#9040,.T.);
#9040 = EDGE_LOOP('',(#9041,#9042,#9043,#9064));
#9041 = ORIENTED_EDGE('',*,*,#9017,.T.);
#9042 = ORIENTED_EDGE('',*,*,#5079,.T.);
#9043 = ORIENTED_EDGE('',*,*,#9044,.F.);
#9044 = EDGE_CURVE('',#2156,#5057,#9045,.T.);
#9045 = SURFACE_CURVE('',#9046,(#9050,#9057),.PCURVE_S1.);
#9046 = LINE('',#9047,#9048);
#9047 = CARTESIAN_POINT('',(-34.482097529,20.207106781,-150.));
#9048 = VECTOR('',#9049,1.);
#9049 = DIRECTION('',(0.,0.,1.));
#9050 = PCURVE('',#2199,#9051);
#9051 = DEFINITIONAL_REPRESENTATION('',(#9052),#9056);
#9052 = LINE('',#9053,#9054);
#9053 = CARTESIAN_POINT('',(9.813534851955E-02,0.));
#9054 = VECTOR('',#9055,1.);
#9055 = DIRECTION('',(0.,-1.));
#9056 = ( GEOMETRIC_REPRESENTATION_CONTEXT(2) 
PARAMETRIC_REPRESENTATION_CONTEXT() REPRESENTATION_CONTEXT('2D SPACE',''
  ) );
#9057 = PCURVE('',#2171,#9058);
#9058 = DEFINITIONAL_REPRESENTATION('',(#9059),#9063);
#9059 = LINE('',#9060,#9061);
#9060 = CARTESIAN_POINT('',(0.,0.));
#9061 = VECTOR('',#9062,1.);
#9062 = DIRECTION('',(0.,-1.));
#9063 = ( GEOMETRIC_REPRESENTATION_CONTEXT(2) 
PARAMETRIC_REPRESENTATION_CONTEXT() REPRESENTATION_CONTEXT('2D SPACE',''
  ) );
#9064 = ORIENTED_EDGE('',*,*,#2183,.F.);
#9065 = ADVANCED_FACE('',(#9066),#2171,.T.);
#9066 = FACE_BOUND('',#9067,.T.);
#9067 = EDGE_LOOP('',(#9068,#9069,#9070,#9091));
#9068 = ORIENTED_EDGE('',*,*,#9044,.T.);
#9069 = ORIENTED_EDGE('',*,*,#5056,.T.);
#9070 = ORIENTED_EDGE('',*,*,#9071,.F.);
#9071 = EDGE_CURVE('',#2128,#5034,#9072,.T.);
#9072 = SURFACE_CURVE('',#9073,(#9077,#9084),.PCURVE_S1.);
#9073 = LINE('',#9074,#9075);
#9074 = CARTESIAN_POINT('',(-34.548001201,20.134393284,-150.));
#9075 = VECTOR('',#9076,1.);
#9076 = DIRECTION('',(0.,0.,1.));
#9077 = PCURVE('',#2171,#9078);
#9078 = DEFINITIONAL_REPRESENTATION('',(#9079),#9083);
#9079 = LINE('',#9080,#9081);
#9080 = CARTESIAN_POINT('',(9.813534851954E-02,0.));
#9081 = VECTOR('',#9082,1.);
#9082 = DIRECTION('',(0.,-1.));
#9083 = ( GEOMETRIC_REPRESENTATION_CONTEXT(2) 
PARAMETRIC_REPRESENTATION_CONTEXT() REPRESENTATION_CONTEXT('2D SPACE',''
  ) );
#9084 = PCURVE('',#2143,#9085);
#9085 = DEFINITIONAL_REPRESENTATION('',(#9086),#9090);
#9086 = LINE('',#9087,#9088);
#9087 = CARTESIAN_POINT('',(0.,0.));
#9088 = VECTOR('',#9089,1.);
#9089 = DIRECTION('',(0.,-1.));
#9090 = ( GEOMETRIC_REPRESENTATION_CONTEXT(2) 
PARAMETRIC_REPRESENTATION_CONTEXT() REPRESENTATION_CONTEXT('2D SPACE',''
  ) );
#9091 = ORIENTED_EDGE('',*,*,#2155,.F.);
#9092 = ADVANCED_FACE('',(#9093),#2143,.T.);
#9093 = FACE_BOUND('',#9094,.T.);
#9094 = EDGE_LOOP('',(#9095,#9096,#9097,#9118));
#9095 = ORIENTED_EDGE('',*,*,#9071,.T.);
#9096 = ORIENTED_EDGE('',*,*,#5033,.T.);
#9097 = ORIENTED_EDGE('',*,*,#9098,.F.);
#9098 = EDGE_CURVE('',#2100,#5011,#9099,.T.);
#9099 = SURFACE_CURVE('',#9100,(#9104,#9111),.PCURVE_S1.);
#9100 = LINE('',#9101,#9102);
#9101 = CARTESIAN_POINT('',(-34.60646036,20.055570233,-150.));
#9102 = VECTOR('',#9103,1.);
#9103 = DIRECTION('',(0.,0.,1.));
#9104 = PCURVE('',#2143,#9105);
#9105 = DEFINITIONAL_REPRESENTATION('',(#9106),#9110);
#9106 = LINE('',#9107,#9108);
#9107 = CARTESIAN_POINT('',(9.8135348575E-02,0.));
#9108 = VECTOR('',#9109,1.);
#9109 = DIRECTION('',(0.,-1.));
#9110 = ( GEOMETRIC_REPRESENTATION_CONTEXT(2) 
PARAMETRIC_REPRESENTATION_CONTEXT() REPRESENTATION_CONTEXT('2D SPACE',''
  ) );
#9111 = PCURVE('',#2115,#9112);
#9112 = DEFINITIONAL_REPRESENTATION('',(#9113),#9117);
#9113 = LINE('',#9114,#9115);
#9114 = CARTESIAN_POINT('',(0.,0.));
#9115 = VECTOR('',#9116,1.);
#9116 = DIRECTION('',(0.,-1.));
#9117 = ( GEOMETRIC_REPRESENTATION_CONTEXT(2) 
PARAMETRIC_REPRESENTATION_CONTEXT() REPRESENTATION_CONTEXT('2D SPACE',''
  ) );
#9118 = ORIENTED_EDGE('',*,*,#2127,.F.);
#9119 = ADVANCED_FACE('',(#9120),#2115,.T.);
#9120 = FACE_BOUND('',#9121,.T.);
#9121 = EDGE_LOOP('',(#9122,#9123,#9124,#9145));
#9122 = ORIENTED_EDGE('',*,*,#9098,.T.);
#9123 = ORIENTED_EDGE('',*,*,#5010,.T.);
#9124 = ORIENTED_EDGE('',*,*,#9125,.F.);
#9125 = EDGE_CURVE('',#2072,#4988,#9126,.T.);
#9126 = SURFACE_CURVE('',#9127,(#9131,#9138),.PCURVE_S1.);
#9127 = LINE('',#9128,#9129);
#9128 = CARTESIAN_POINT('',(-34.656912012,19.971396737,-150.));
#9129 = VECTOR('',#9130,1.);
#9130 = DIRECTION('',(0.,0.,1.));
#9131 = PCURVE('',#2115,#9132);
#9132 = DEFINITIONAL_REPRESENTATION('',(#9133),#9137);
#9133 = LINE('',#9134,#9135);
#9134 = CARTESIAN_POINT('',(9.813534846523E-02,0.));
#9135 = VECTOR('',#9136,1.);
#9136 = DIRECTION('',(0.,-1.));
#9137 = ( GEOMETRIC_REPRESENTATION_CONTEXT(2) 
PARAMETRIC_REPRESENTATION_CONTEXT() REPRESENTATION_CONTEXT('2D SPACE',''
  ) );
#9138 = PCURVE('',#2087,#9139);
#9139 = DEFINITIONAL_REPRESENTATION('',(#9140),#9144);
#9140 = LINE('',#9141,#9142);
#9141 = CARTESIAN_POINT('',(0.,0.));
#9142 = VECTOR('',#9143,1.);
#9143 = DIRECTION('',(0.,-1.));
#9144 = ( GEOMETRIC_REPRESENTATION_CONTEXT(2) 
PARAMETRIC_REPRESENTATION_CONTEXT() REPRESENTATION_CONTEXT('2D SPACE',''
  ) );
#9145 = ORIENTED_EDGE('',*,*,#2099,.F.);
#9146 = ADVANCED_FACE('',(#9147),#2087,.T.);
#9147 = FACE_BOUND('',#9148,.T.);
#9148 = EDGE_LOOP('',(#9149,#9150,#9151,#9172));
#9149 = ORIENTED_EDGE('',*,*,#9125,.T.);
#9150 = ORIENTED_EDGE('',*,*,#4987,.T.);
#9151 = ORIENTED_EDGE('',*,*,#9152,.F.);
#9152 = EDGE_CURVE('',#2044,#4965,#9153,.T.);
#9153 = SURFACE_CURVE('',#9154,(#9158,#9165),.PCURVE_S1.);
#9154 = LINE('',#9155,#9156);
#9155 = CARTESIAN_POINT('',(-34.69887028,19.882683432,-150.));
#9156 = VECTOR('',#9157,1.);
#9157 = DIRECTION('',(0.,0.,1.));
#9158 = PCURVE('',#2087,#9159);
#9159 = DEFINITIONAL_REPRESENTATION('',(#9160),#9164);
#9160 = LINE('',#9161,#9162);
#9161 = CARTESIAN_POINT('',(9.813534907251E-02,0.));
#9162 = VECTOR('',#9163,1.);
#9163 = DIRECTION('',(0.,-1.));
#9164 = ( GEOMETRIC_REPRESENTATION_CONTEXT(2) 
PARAMETRIC_REPRESENTATION_CONTEXT() REPRESENTATION_CONTEXT('2D SPACE',''
  ) );
#9165 = PCURVE('',#2059,#9166);
#9166 = DEFINITIONAL_REPRESENTATION('',(#9167),#9171);
#9167 = LINE('',#9168,#9169);
#9168 = CARTESIAN_POINT('',(0.,0.));
#9169 = VECTOR('',#9170,1.);
#9170 = DIRECTION('',(0.,-1.));
#9171 = ( GEOMETRIC_REPRESENTATION_CONTEXT(2) 
PARAMETRIC_REPRESENTATION_CONTEXT() REPRESENTATION_CONTEXT('2D SPACE',''
  ) );
#9172 = ORIENTED_EDGE('',*,*,#2071,.F.);
#9173 = ADVANCED_FACE('',(#9174),#2059,.T.);
#9174 = FACE_BOUND('',#9175,.T.);
#9175 = EDGE_LOOP('',(#9176,#9177,#9178,#9199));
#9176 = ORIENTED_EDGE('',*,*,#9152,.T.);
#9177 = ORIENTED_EDGE('',*,*,#4964,.T.);
#9178 = ORIENTED_EDGE('',*,*,#9179,.F.);
#9179 = EDGE_CURVE('',#2016,#4942,#9180,.T.);
#9180 = SURFACE_CURVE('',#9181,(#9185,#9192),.PCURVE_S1.);
#9181 = LINE('',#9182,#9183);
#9182 = CARTESIAN_POINT('',(-34.731931083,19.790284677,-150.));
#9183 = VECTOR('',#9184,1.);
#9184 = DIRECTION('',(0.,0.,1.));
#9185 = PCURVE('',#2059,#9186);
#9186 = DEFINITIONAL_REPRESENTATION('',(#9187),#9191);
#9187 = LINE('',#9188,#9189);
#9188 = CARTESIAN_POINT('',(9.813534847625E-02,0.));
#9189 = VECTOR('',#9190,1.);
#9190 = DIRECTION('',(0.,-1.));
#9191 = ( GEOMETRIC_REPRESENTATION_CONTEXT(2) 
PARAMETRIC_REPRESENTATION_CONTEXT() REPRESENTATION_CONTEXT('2D SPACE',''
  ) );
#9192 = PCURVE('',#2031,#9193);
#9193 = DEFINITIONAL_REPRESENTATION('',(#9194),#9198);
#9194 = LINE('',#9195,#9196);
#9195 = CARTESIAN_POINT('',(0.,0.));
#9196 = VECTOR('',#9197,1.);
#9197 = DIRECTION('',(0.,-1.));
#9198 = ( GEOMETRIC_REPRESENTATION_CONTEXT(2) 
PARAMETRIC_REPRESENTATION_CONTEXT() REPRESENTATION_CONTEXT('2D SPACE',''
  ) );
#9199 = ORIENTED_EDGE('',*,*,#2043,.F.);
#9200 = ADVANCED_FACE('',(#9201),#2031,.T.);
#9201 = FACE_BOUND('',#9202,.T.);
#9202 = EDGE_LOOP('',(#9203,#9204,#9205,#9226));
#9203 = ORIENTED_EDGE('',*,*,#9179,.T.);
#9204 = ORIENTED_EDGE('',*,*,#4941,.T.);
#9205 = ORIENTED_EDGE('',*,*,#9206,.F.);
#9206 = EDGE_CURVE('',#1988,#4919,#9207,.T.);
#9207 = SURFACE_CURVE('',#9208,(#9212,#9219),.PCURVE_S1.);
#9208 = LINE('',#9209,#9210);
#9209 = CARTESIAN_POINT('',(-34.755776028,19.695090322,-150.));
#9210 = VECTOR('',#9211,1.);
#9211 = DIRECTION('',(0.,0.,1.));
#9212 = PCURVE('',#2031,#9213);
#9213 = DEFINITIONAL_REPRESENTATION('',(#9214),#9218);
#9214 = LINE('',#9215,#9216);
#9215 = CARTESIAN_POINT('',(9.813534850358E-02,0.));
#9216 = VECTOR('',#9217,1.);
#9217 = DIRECTION('',(0.,-1.));
#9218 = ( GEOMETRIC_REPRESENTATION_CONTEXT(2) 
PARAMETRIC_REPRESENTATION_CONTEXT() REPRESENTATION_CONTEXT('2D SPACE',''
  ) );
#9219 = PCURVE('',#2003,#9220);
#9220 = DEFINITIONAL_REPRESENTATION('',(#9221),#9225);
#9221 = LINE('',#9222,#9223);
#9222 = CARTESIAN_POINT('',(0.,0.));
#9223 = VECTOR('',#9224,1.);
#9224 = DIRECTION('',(0.,-1.));
#9225 = ( GEOMETRIC_REPRESENTATION_CONTEXT(2) 
PARAMETRIC_REPRESENTATION_CONTEXT() REPRESENTATION_CONTEXT('2D SPACE',''
  ) );
#9226 = ORIENTED_EDGE('',*,*,#2015,.F.);
#9227 = ADVANCED_FACE('',(#9228),#2003,.T.);
#9228 = FACE_BOUND('',#9229,.T.);
#9229 = EDGE_LOOP('',(#9230,#9231,#9232,#9253));
#9230 = ORIENTED_EDGE('',*,*,#9206,.T.);
#9231 = ORIENTED_EDGE('',*,*,#4918,.T.);
#9232 = ORIENTED_EDGE('',*,*,#9233,.F.);
#9233 = EDGE_CURVE('',#1960,#4896,#9234,.T.);
#9234 = SURFACE_CURVE('',#9235,(#9239,#9246),.PCURVE_S1.);
#9235 = LINE('',#9236,#9237);
#9236 = CARTESIAN_POINT('',(-34.770175474,19.59801714,-150.));
#9237 = VECTOR('',#9238,1.);
#9238 = DIRECTION('',(0.,0.,1.));
#9239 = PCURVE('',#2003,#9240);
#9240 = DEFINITIONAL_REPRESENTATION('',(#9241),#9245);
#9241 = LINE('',#9242,#9243);
#9242 = CARTESIAN_POINT('',(9.813534892541E-02,0.));
#9243 = VECTOR('',#9244,1.);
#9244 = DIRECTION('',(0.,-1.));
#9245 = ( GEOMETRIC_REPRESENTATION_CONTEXT(2) 
PARAMETRIC_REPRESENTATION_CONTEXT() REPRESENTATION_CONTEXT('2D SPACE',''
  ) );
#9246 = PCURVE('',#1975,#9247);
#9247 = DEFINITIONAL_REPRESENTATION('',(#9248),#9252);
#9248 = LINE('',#9249,#9250);
#9249 = CARTESIAN_POINT('',(0.,0.));
#9250 = VECTOR('',#9251,1.);
#9251 = DIRECTION('',(0.,-1.));
#9252 = ( GEOMETRIC_REPRESENTATION_CONTEXT(2) 
PARAMETRIC_REPRESENTATION_CONTEXT() REPRESENTATION_CONTEXT('2D SPACE',''
  ) );
#9253 = ORIENTED_EDGE('',*,*,#1987,.F.);
#9254 = ADVANCED_FACE('',(#9255),#1975,.T.);
#9255 = FACE_BOUND('',#9256,.T.);
#9256 = EDGE_LOOP('',(#9257,#9258,#9259,#9280));
#9257 = ORIENTED_EDGE('',*,*,#9233,.T.);
#9258 = ORIENTED_EDGE('',*,*,#4895,.T.);
#9259 = ORIENTED_EDGE('',*,*,#9260,.F.);
#9260 = EDGE_CURVE('',#1932,#4873,#9261,.T.);
#9261 = SURFACE_CURVE('',#9262,(#9266,#9273),.PCURVE_S1.);
#9262 = LINE('',#9263,#9264);
#9263 = CARTESIAN_POINT('',(-34.774990748,19.5,-150.));
#9264 = VECTOR('',#9265,1.);
#9265 = DIRECTION('',(0.,0.,1.));
#9266 = PCURVE('',#1975,#9267);
#9267 = DEFINITIONAL_REPRESENTATION('',(#9268),#9272);
#9268 = LINE('',#9269,#9270);
#9269 = CARTESIAN_POINT('',(9.813534835866E-02,0.));
#9270 = VECTOR('',#9271,1.);
#9271 = DIRECTION('',(0.,-1.));
#9272 = ( GEOMETRIC_REPRESENTATION_CONTEXT(2) 
PARAMETRIC_REPRESENTATION_CONTEXT() REPRESENTATION_CONTEXT('2D SPACE',''
  ) );
#9273 = PCURVE('',#1947,#9274);
#9274 = DEFINITIONAL_REPRESENTATION('',(#9275),#9279);
#9275 = LINE('',#9276,#9277);
#9276 = CARTESIAN_POINT('',(0.,0.));
#9277 = VECTOR('',#9278,1.);
#9278 = DIRECTION('',(0.,-1.));
#9279 = ( GEOMETRIC_REPRESENTATION_CONTEXT(2) 
PARAMETRIC_REPRESENTATION_CONTEXT() REPRESENTATION_CONTEXT('2D SPACE',''
  ) );
#9280 = ORIENTED_EDGE('',*,*,#1959,.F.);
#9281 = ADVANCED_FACE('',(#9282),#1947,.T.);
#9282 = FACE_BOUND('',#9283,.T.);
#9283 = EDGE_LOOP('',(#9284,#9285,#9286,#9287));
#9284 = ORIENTED_EDGE('',*,*,#9260,.T.);
#9285 = ORIENTED_EDGE('',*,*,#4872,.T.);
#9286 = ORIENTED_EDGE('',*,*,#7699,.F.);
#9287 = ORIENTED_EDGE('',*,*,#1931,.F.);
#9288 = ( GEOMETRIC_REPRESENTATION_CONTEXT(3) 
GLOBAL_UNCERTAINTY_ASSIGNED_CONTEXT((#9292)) 
GLOBAL_UNIT_ASSIGNED_CONTEXT((#9289,#9290,#9291)) REPRESENTATION_CONTEXT
('Context #1','3D Context with UNIT and UNCERTAINTY') );
#9289 = ( LENGTH_UNIT() NAMED_UNIT(*) SI_UNIT(.MILLI.,.METRE.) );
#9290 = ( NAMED_UNIT(*) PLANE_ANGLE_UNIT() SI_UNIT($,.RADIAN.) );
#9291 = ( NAMED_UNIT(*) SI_UNIT($,.STERADIAN.) SOLID_ANGLE_UNIT() );
#9292 = UNCERTAINTY_MEASURE_WITH_UNIT(LENGTH_MEASURE(1.E-07),#9289,
  'distance_accuracy_value','confusion accuracy');
#9293 = SHAPE_DEFINITION_REPRESENTATION(#9294,#61);
#9294 = PRODUCT_DEFINITION_SHAPE('','',#9295);
#9295 = PRODUCT_DEFINITION('design','',#9296,#9299);
#9296 = PRODUCT_DEFINITION_FORMATION('','',#9297);
#9297 = PRODUCT('Open CASCADE STEP translator 7.5 2.1',
  'Open CASCADE STEP translator 7.5 2.1','',(#9298));
#9298 = PRODUCT_CONTEXT('',#2,'mechanical');
#9299 = PRODUCT_DEFINITION_CONTEXT('part definition',#2,'design');
#9300 = CONTEXT_DEPENDENT_SHAPE_REPRESENTATION(#9301,#9303);
#9301 = ( REPRESENTATION_RELATIONSHIP('','',#61,#10) 
REPRESENTATION_RELATIONSHIP_WITH_TRANSFORMATION(#9302) 
SHAPE_REPRESENTATION_RELATIONSHIP() );
#9302 = ITEM_DEFINED_TRANSFORMATION('','',#11,#15);
#9303 = PRODUCT_DEFINITION_SHAPE('Placement','Placement of an item',
  #9304);
#9304 = NEXT_ASSEMBLY_USAGE_OCCURRENCE('16','','',#5,#9295,$);
#9305 = PRODUCT_RELATED_PRODUCT_CATEGORY('part',$,(#9297));
#9306 = ADVANCED_BREP_SHAPE_REPRESENTATION('',(#11,#9307),#9637);
#9307 = MANIFOLD_SOLID_BREP('',#9308);
#9308 = CLOSED_SHELL('',(#9309,#9429,#9505,#9576,#9623,#9630));
#9309 = ADVANCED_FACE('',(#9310),#9324,.F.);
#9310 = FACE_BOUND('',#9311,.F.);
#9311 = EDGE_LOOP('',(#9312,#9347,#9375,#9403));
#9312 = ORIENTED_EDGE('',*,*,#9313,.T.);
#9313 = EDGE_CURVE('',#9314,#9316,#9318,.T.);
#9314 = VERTEX_POINT('',#9315);
#9315 = CARTESIAN_POINT('',(-11.,40.2,-150.));
#9316 = VERTEX_POINT('',#9317);
#9317 = CARTESIAN_POINT('',(-11.,40.2,150.));
#9318 = SURFACE_CURVE('',#9319,(#9323,#9335),.PCURVE_S1.);
#9319 = LINE('',#9320,#9321);
#9320 = CARTESIAN_POINT('',(-11.,40.2,-150.));
#9321 = VECTOR('',#9322,1.);
#9322 = DIRECTION('',(0.,0.,1.));
#9323 = PCURVE('',#9324,#9329);
#9324 = PLANE('',#9325);
#9325 = AXIS2_PLACEMENT_3D('',#9326,#9327,#9328);
#9326 = CARTESIAN_POINT('',(-11.,40.2,-150.));
#9327 = DIRECTION('',(0.,1.,0.));
#9328 = DIRECTION('',(1.,0.,0.));
#9329 = DEFINITIONAL_REPRESENTATION('',(#9330),#9334);
#9330 = LINE('',#9331,#9332);
#9331 = CARTESIAN_POINT('',(0.,0.));
#9332 = VECTOR('',#9333,1.);
#9333 = DIRECTION('',(0.,-1.));
#9334 = ( GEOMETRIC_REPRESENTATION_CONTEXT(2) 
PARAMETRIC_REPRESENTATION_CONTEXT() REPRESENTATION_CONTEXT('2D SPACE',''
  ) );
#9335 = PCURVE('',#9336,#9341);
#9336 = PLANE('',#9337);
#9337 = AXIS2_PLACEMENT_3D('',#9338,#9339,#9340);
#9338 = CARTESIAN_POINT('',(-11.,40.4,-150.));
#9339 = DIRECTION('',(1.,0.,-0.));
#9340 = DIRECTION('',(0.,-1.,0.));
#9341 = DEFINITIONAL_REPRESENTATION('',(#9342),#9346);
#9342 = LINE('',#9343,#9344);
#9343 = CARTESIAN_POINT('',(0.2,0.));
#9344 = VECTOR('',#9345,1.);
#9345 = DIRECTION('',(0.,-1.));
#9346 = ( GEOMETRIC_REPRESENTATION_CONTEXT(2) 
PARAMETRIC_REPRESENTATION_CONTEXT() REPRESENTATION_CONTEXT('2D SPACE',''
  ) );
#9347 = ORIENTED_EDGE('',*,*,#9348,.T.);
#9348 = EDGE_CURVE('',#9316,#9349,#9351,.T.);
#9349 = VERTEX_POINT('',#9350);
#9350 = CARTESIAN_POINT('',(11.,40.2,150.));
#9351 = SURFACE_CURVE('',#9352,(#9356,#9363),.PCURVE_S1.);
#9352 = LINE('',#9353,#9354);
#9353 = CARTESIAN_POINT('',(-11.,40.2,150.));
#9354 = VECTOR('',#9355,1.);
#9355 = DIRECTION('',(1.,0.,0.));
#9356 = PCURVE('',#9324,#9357);
#9357 = DEFINITIONAL_REPRESENTATION('',(#9358),#9362);
#9358 = LINE('',#9359,#9360);
#9359 = CARTESIAN_POINT('',(0.,-300.));
#9360 = VECTOR('',#9361,1.);
#9361 = DIRECTION('',(1.,0.));
#9362 = ( GEOMETRIC_REPRESENTATION_CONTEXT(2) 
PARAMETRIC_REPRESENTATION_CONTEXT() REPRESENTATION_CONTEXT('2D SPACE',''
  ) );
#9363 = PCURVE('',#9364,#9369);
#9364 = PLANE('',#9365);
#9365 = AXIS2_PLACEMENT_3D('',#9366,#9367,#9368);
#9366 = CARTESIAN_POINT('',(1.450291338474E-15,40.3,150.));
#9367 = DIRECTION('',(0.,0.,1.));
#9368 = DIRECTION('',(1.,0.,-0.));
#9369 = DEFINITIONAL_REPRESENTATION('',(#9370),#9374);
#9370 = LINE('',#9371,#9372);
#9371 = CARTESIAN_POINT('',(-11.,-0.1));
#9372 = VECTOR('',#9373,1.);
#9373 = DIRECTION('',(1.,0.));
#9374 = ( GEOMETRIC_REPRESENTATION_CONTEXT(2) 
PARAMETRIC_REPRESENTATION_CONTEXT() REPRESENTATION_CONTEXT('2D SPACE',''
  ) );
#9375 = ORIENTED_EDGE('',*,*,#9376,.F.);
#9376 = EDGE_CURVE('',#9377,#9349,#9379,.T.);
#9377 = VERTEX_POINT('',#9378);
#9378 = CARTESIAN_POINT('',(11.,40.2,-150.));
#9379 = SURFACE_CURVE('',#9380,(#9384,#9391),.PCURVE_S1.);
#9380 = LINE('',#9381,#9382);
#9381 = CARTESIAN_POINT('',(11.,40.2,-150.));
#9382 = VECTOR('',#9383,1.);
#9383 = DIRECTION('',(0.,0.,1.));
#9384 = PCURVE('',#9324,#9385);
#9385 = DEFINITIONAL_REPRESENTATION('',(#9386),#9390);
#9386 = LINE('',#9387,#9388);
#9387 = CARTESIAN_POINT('',(22.,0.));
#9388 = VECTOR('',#9389,1.);
#9389 = DIRECTION('',(0.,-1.));
#9390 = ( GEOMETRIC_REPRESENTATION_CONTEXT(2) 
PARAMETRIC_REPRESENTATION_CONTEXT() REPRESENTATION_CONTEXT('2D SPACE',''
  ) );
#9391 = PCURVE('',#9392,#9397);
#9392 = PLANE('',#9393);
#9393 = AXIS2_PLACEMENT_3D('',#9394,#9395,#9396);
#9394 = CARTESIAN_POINT('',(11.,40.2,-150.));
#9395 = DIRECTION('',(-1.,0.,0.));
#9396 = DIRECTION('',(0.,1.,0.));
#9397 = DEFINITIONAL_REPRESENTATION('',(#9398),#9402);
#9398 = LINE('',#9399,#9400);
#9399 = CARTESIAN_POINT('',(0.,0.));
#9400 = VECTOR('',#9401,1.);
#9401 = DIRECTION('',(0.,-1.));
#9402 = ( GEOMETRIC_REPRESENTATION_CONTEXT(2) 
PARAMETRIC_REPRESENTATION_CONTEXT() REPRESENTATION_CONTEXT('2D SPACE',''
  ) );
#9403 = ORIENTED_EDGE('',*,*,#9404,.F.);
#9404 = EDGE_CURVE('',#9314,#9377,#9405,.T.);
#9405 = SURFACE_CURVE('',#9406,(#9410,#9417),.PCURVE_S1.);
#9406 = LINE('',#9407,#9408);
#9407 = CARTESIAN_POINT('',(-11.,40.2,-150.));
#9408 = VECTOR('',#9409,1.);
#9409 = DIRECTION('',(1.,0.,0.));
#9410 = PCURVE('',#9324,#9411);
#9411 = DEFINITIONAL_REPRESENTATION('',(#9412),#9416);
#9412 = LINE('',#9413,#9414);
#9413 = CARTESIAN_POINT('',(0.,0.));
#9414 = VECTOR('',#9415,1.);
#9415 = DIRECTION('',(1.,0.));
#9416 = ( GEOMETRIC_REPRESENTATION_CONTEXT(2) 
PARAMETRIC_REPRESENTATION_CONTEXT() REPRESENTATION_CONTEXT('2D SPACE',''
  ) );
#9417 = PCURVE('',#9418,#9423);
#9418 = PLANE('',#9419);
#9419 = AXIS2_PLACEMENT_3D('',#9420,#9421,#9422);
#9420 = CARTESIAN_POINT('',(1.450291338474E-15,40.3,-150.));
#9421 = DIRECTION('',(0.,0.,1.));
#9422 = DIRECTION('',(1.,0.,-0.));
#9423 = DEFINITIONAL_REPRESENTATION('',(#9424),#9428);
#9424 = LINE('',#9425,#9426);
#9425 = CARTESIAN_POINT('',(-11.,-0.1));
#9426 = VECTOR('',#9427,1.);
#9427 = DIRECTION('',(1.,0.));
#9428 = ( GEOMETRIC_REPRESENTATION_CONTEXT(2) 
PARAMETRIC_REPRESENTATION_CONTEXT() REPRESENTATION_CONTEXT('2D SPACE',''
  ) );
#9429 = ADVANCED_FACE('',(#9430),#9392,.F.);
#9430 = FACE_BOUND('',#9431,.F.);
#9431 = EDGE_LOOP('',(#9432,#9433,#9456,#9484));
#9432 = ORIENTED_EDGE('',*,*,#9376,.T.);
#9433 = ORIENTED_EDGE('',*,*,#9434,.T.);
#9434 = EDGE_CURVE('',#9349,#9435,#9437,.T.);
#9435 = VERTEX_POINT('',#9436);
#9436 = CARTESIAN_POINT('',(11.,40.4,150.));
#9437 = SURFACE_CURVE('',#9438,(#9442,#9449),.PCURVE_S1.);
#9438 = LINE('',#9439,#9440);
#9439 = CARTESIAN_POINT('',(11.,40.2,150.));
#9440 = VECTOR('',#9441,1.);
#9441 = DIRECTION('',(0.,1.,0.));
#9442 = PCURVE('',#9392,#9443);
#9443 = DEFINITIONAL_REPRESENTATION('',(#9444),#9448);
#9444 = LINE('',#9445,#9446);
#9445 = CARTESIAN_POINT('',(0.,-300.));
#9446 = VECTOR('',#9447,1.);
#9447 = DIRECTION('',(1.,0.));
#9448 = ( GEOMETRIC_REPRESENTATION_CONTEXT(2) 
PARAMETRIC_REPRESENTATION_CONTEXT() REPRESENTATION_CONTEXT('2D SPACE',''
  ) );
#9449 = PCURVE('',#9364,#9450);
#9450 = DEFINITIONAL_REPRESENTATION('',(#9451),#9455);
#9451 = LINE('',#9452,#9453);
#9452 = CARTESIAN_POINT('',(11.,-0.1));
#9453 = VECTOR('',#9454,1.);
#9454 = DIRECTION('',(0.,1.));
#9455 = ( GEOMETRIC_REPRESENTATION_CONTEXT(2) 
PARAMETRIC_REPRESENTATION_CONTEXT() REPRESENTATION_CONTEXT('2D SPACE',''
  ) );
#9456 = ORIENTED_EDGE('',*,*,#9457,.F.);
#9457 = EDGE_CURVE('',#9458,#9435,#9460,.T.);
#9458 = VERTEX_POINT('',#9459);
#9459 = CARTESIAN_POINT('',(11.,40.4,-150.));
#9460 = SURFACE_CURVE('',#9461,(#9465,#9472),.PCURVE_S1.);
#9461 = LINE('',#9462,#9463);
#9462 = CARTESIAN_POINT('',(11.,40.4,-150.));
#9463 = VECTOR('',#9464,1.);
#9464 = DIRECTION('',(0.,0.,1.));
#9465 = PCURVE('',#9392,#9466);
#9466 = DEFINITIONAL_REPRESENTATION('',(#9467),#9471);
#9467 = LINE('',#9468,#9469);
#9468 = CARTESIAN_POINT('',(0.2,0.));
#9469 = VECTOR('',#9470,1.);
#9470 = DIRECTION('',(0.,-1.));
#9471 = ( GEOMETRIC_REPRESENTATION_CONTEXT(2) 
PARAMETRIC_REPRESENTATION_CONTEXT() REPRESENTATION_CONTEXT('2D SPACE',''
  ) );
#9472 = PCURVE('',#9473,#9478);
#9473 = PLANE('',#9474);
#9474 = AXIS2_PLACEMENT_3D('',#9475,#9476,#9477);
#9475 = CARTESIAN_POINT('',(11.,40.4,-150.));
#9476 = DIRECTION('',(0.,-1.,0.));
#9477 = DIRECTION('',(-1.,0.,0.));
#9478 = DEFINITIONAL_REPRESENTATION('',(#9479),#9483);
#9479 = LINE('',#9480,#9481);
#9480 = CARTESIAN_POINT('',(0.,-0.));
#9481 = VECTOR('',#9482,1.);
#9482 = DIRECTION('',(0.,-1.));
#9483 = ( GEOMETRIC_REPRESENTATION_CONTEXT(2) 
PARAMETRIC_REPRESENTATION_CONTEXT() REPRESENTATION_CONTEXT('2D SPACE',''
  ) );
#9484 = ORIENTED_EDGE('',*,*,#9485,.F.);
#9485 = EDGE_CURVE('',#9377,#9458,#9486,.T.);
#9486 = SURFACE_CURVE('',#9487,(#9491,#9498),.PCURVE_S1.);
#9487 = LINE('',#9488,#9489);
#9488 = CARTESIAN_POINT('',(11.,40.2,-150.));
#9489 = VECTOR('',#9490,1.);
#9490 = DIRECTION('',(0.,1.,0.));
#9491 = PCURVE('',#9392,#9492);
#9492 = DEFINITIONAL_REPRESENTATION('',(#9493),#9497);
#9493 = LINE('',#9494,#9495);
#9494 = CARTESIAN_POINT('',(0.,0.));
#9495 = VECTOR('',#9496,1.);
#9496 = DIRECTION('',(1.,0.));
#9497 = ( GEOMETRIC_REPRESENTATION_CONTEXT(2) 
PARAMETRIC_REPRESENTATION_CONTEXT() REPRESENTATION_CONTEXT('2D SPACE',''
  ) );
#9498 = PCURVE('',#9418,#9499);
#9499 = DEFINITIONAL_REPRESENTATION('',(#9500),#9504);
#9500 = LINE('',#9501,#9502);
#9501 = CARTESIAN_POINT('',(11.,-0.1));
#9502 = VECTOR('',#9503,1.);
#9503 = DIRECTION('',(0.,1.));
#9504 = ( GEOMETRIC_REPRESENTATION_CONTEXT(2) 
PARAMETRIC_REPRESENTATION_CONTEXT() REPRESENTATION_CONTEXT('2D SPACE',''
  ) );
#9505 = ADVANCED_FACE('',(#9506),#9473,.F.);
#9506 = FACE_BOUND('',#9507,.F.);
#9507 = EDGE_LOOP('',(#9508,#9509,#9532,#9555));
#9508 = ORIENTED_EDGE('',*,*,#9457,.T.);
#9509 = ORIENTED_EDGE('',*,*,#9510,.T.);
#9510 = EDGE_CURVE('',#9435,#9511,#9513,.T.);
#9511 = VERTEX_POINT('',#9512);
#9512 = CARTESIAN_POINT('',(-11.,40.4,150.));
#9513 = SURFACE_CURVE('',#9514,(#9518,#9525),.PCURVE_S1.);
#9514 = LINE('',#9515,#9516);
#9515 = CARTESIAN_POINT('',(11.,40.4,150.));
#9516 = VECTOR('',#9517,1.);
#9517 = DIRECTION('',(-1.,0.,0.));
#9518 = PCURVE('',#9473,#9519);
#9519 = DEFINITIONAL_REPRESENTATION('',(#9520),#9524);
#9520 = LINE('',#9521,#9522);
#9521 = CARTESIAN_POINT('',(0.,-300.));
#9522 = VECTOR('',#9523,1.);
#9523 = DIRECTION('',(1.,0.));
#9524 = ( GEOMETRIC_REPRESENTATION_CONTEXT(2) 
PARAMETRIC_REPRESENTATION_CONTEXT() REPRESENTATION_CONTEXT('2D SPACE',''
  ) );
#9525 = PCURVE('',#9364,#9526);
#9526 = DEFINITIONAL_REPRESENTATION('',(#9527),#9531);
#9527 = LINE('',#9528,#9529);
#9528 = CARTESIAN_POINT('',(11.,9.999999999999E-02));
#9529 = VECTOR('',#9530,1.);
#9530 = DIRECTION('',(-1.,0.));
#9531 = ( GEOMETRIC_REPRESENTATION_CONTEXT(2) 
PARAMETRIC_REPRESENTATION_CONTEXT() REPRESENTATION_CONTEXT('2D SPACE',''
  ) );
#9532 = ORIENTED_EDGE('',*,*,#9533,.F.);
#9533 = EDGE_CURVE('',#9534,#9511,#9536,.T.);
#9534 = VERTEX_POINT('',#9535);
#9535 = CARTESIAN_POINT('',(-11.,40.4,-150.));
#9536 = SURFACE_CURVE('',#9537,(#9541,#9548),.PCURVE_S1.);
#9537 = LINE('',#9538,#9539);
#9538 = CARTESIAN_POINT('',(-11.,40.4,-150.));
#9539 = VECTOR('',#9540,1.);
#9540 = DIRECTION('',(0.,0.,1.));
#9541 = PCURVE('',#9473,#9542);
#9542 = DEFINITIONAL_REPRESENTATION('',(#9543),#9547);
#9543 = LINE('',#9544,#9545);
#9544 = CARTESIAN_POINT('',(22.,0.));
#9545 = VECTOR('',#9546,1.);
#9546 = DIRECTION('',(0.,-1.));
#9547 = ( GEOMETRIC_REPRESENTATION_CONTEXT(2) 
PARAMETRIC_REPRESENTATION_CONTEXT() REPRESENTATION_CONTEXT('2D SPACE',''
  ) );
#9548 = PCURVE('',#9336,#9549);
#9549 = DEFINITIONAL_REPRESENTATION('',(#9550),#9554);
#9550 = LINE('',#9551,#9552);
#9551 = CARTESIAN_POINT('',(0.,0.));
#9552 = VECTOR('',#9553,1.);
#9553 = DIRECTION('',(0.,-1.));
#9554 = ( GEOMETRIC_REPRESENTATION_CONTEXT(2) 
PARAMETRIC_REPRESENTATION_CONTEXT() REPRESENTATION_CONTEXT('2D SPACE',''
  ) );
#9555 = ORIENTED_EDGE('',*,*,#9556,.F.);
#9556 = EDGE_CURVE('',#9458,#9534,#9557,.T.);
#9557 = SURFACE_CURVE('',#9558,(#9562,#9569),.PCURVE_S1.);
#9558 = LINE('',#9559,#9560);
#9559 = CARTESIAN_POINT('',(11.,40.4,-150.));
#9560 = VECTOR('',#9561,1.);
#9561 = DIRECTION('',(-1.,0.,0.));
#9562 = PCURVE('',#9473,#9563);
#9563 = DEFINITIONAL_REPRESENTATION('',(#9564),#9568);
#9564 = LINE('',#9565,#9566);
#9565 = CARTESIAN_POINT('',(0.,-0.));
#9566 = VECTOR('',#9567,1.);
#9567 = DIRECTION('',(1.,0.));
#9568 = ( GEOMETRIC_REPRESENTATION_CONTEXT(2) 
PARAMETRIC_REPRESENTATION_CONTEXT() REPRESENTATION_CONTEXT('2D SPACE',''
  ) );
#9569 = PCURVE('',#9418,#9570);
#9570 = DEFINITIONAL_REPRESENTATION('',(#9571),#9575);
#9571 = LINE('',#9572,#9573);
#9572 = CARTESIAN_POINT('',(11.,9.999999999999E-02));
#9573 = VECTOR('',#9574,1.);
#9574 = DIRECTION('',(-1.,0.));
#9575 = ( GEOMETRIC_REPRESENTATION_CONTEXT(2) 
PARAMETRIC_REPRESENTATION_CONTEXT() REPRESENTATION_CONTEXT('2D SPACE',''
  ) );
#9576 = ADVANCED_FACE('',(#9577),#9336,.F.);
#9577 = FACE_BOUND('',#9578,.F.);
#9578 = EDGE_LOOP('',(#9579,#9580,#9601,#9602));
#9579 = ORIENTED_EDGE('',*,*,#9533,.T.);
#9580 = ORIENTED_EDGE('',*,*,#9581,.T.);
#9581 = EDGE_CURVE('',#9511,#9316,#9582,.T.);
#9582 = SURFACE_CURVE('',#9583,(#9587,#9594),.PCURVE_S1.);
#9583 = LINE('',#9584,#9585);
#9584 = CARTESIAN_POINT('',(-11.,40.4,150.));
#9585 = VECTOR('',#9586,1.);
#9586 = DIRECTION('',(0.,-1.,0.));
#9587 = PCURVE('',#9336,#9588);
#9588 = DEFINITIONAL_REPRESENTATION('',(#9589),#9593);
#9589 = LINE('',#9590,#9591);
#9590 = CARTESIAN_POINT('',(0.,-300.));
#9591 = VECTOR('',#9592,1.);
#9592 = DIRECTION('',(1.,0.));
#9593 = ( GEOMETRIC_REPRESENTATION_CONTEXT(2) 
PARAMETRIC_REPRESENTATION_CONTEXT() REPRESENTATION_CONTEXT('2D SPACE',''
  ) );
#9594 = PCURVE('',#9364,#9595);
#9595 = DEFINITIONAL_REPRESENTATION('',(#9596),#9600);
#9596 = LINE('',#9597,#9598);
#9597 = CARTESIAN_POINT('',(-11.,9.999999999999E-02));
#9598 = VECTOR('',#9599,1.);
#9599 = DIRECTION('',(0.,-1.));
#9600 = ( GEOMETRIC_REPRESENTATION_CONTEXT(2) 
PARAMETRIC_REPRESENTATION_CONTEXT() REPRESENTATION_CONTEXT('2D SPACE',''
  ) );
#9601 = ORIENTED_EDGE('',*,*,#9313,.F.);
#9602 = ORIENTED_EDGE('',*,*,#9603,.F.);
#9603 = EDGE_CURVE('',#9534,#9314,#9604,.T.);
#9604 = SURFACE_CURVE('',#9605,(#9609,#9616),.PCURVE_S1.);
#9605 = LINE('',#9606,#9607);
#9606 = CARTESIAN_POINT('',(-11.,40.4,-150.));
#9607 = VECTOR('',#9608,1.);
#9608 = DIRECTION('',(0.,-1.,0.));
#9609 = PCURVE('',#9336,#9610);
#9610 = DEFINITIONAL_REPRESENTATION('',(#9611),#9615);
#9611 = LINE('',#9612,#9613);
#9612 = CARTESIAN_POINT('',(0.,0.));
#9613 = VECTOR('',#9614,1.);
#9614 = DIRECTION('',(1.,0.));
#9615 = ( GEOMETRIC_REPRESENTATION_CONTEXT(2) 
PARAMETRIC_REPRESENTATION_CONTEXT() REPRESENTATION_CONTEXT('2D SPACE',''
  ) );
#9616 = PCURVE('',#9418,#9617);
#9617 = DEFINITIONAL_REPRESENTATION('',(#9618),#9622);
#9618 = LINE('',#9619,#9620);
#9619 = CARTESIAN_POINT('',(-11.,9.999999999999E-02));
#9620 = VECTOR('',#9621,1.);
#9621 = DIRECTION('',(0.,-1.));
#9622 = ( GEOMETRIC_REPRESENTATION_CONTEXT(2) 
PARAMETRIC_REPRESENTATION_CONTEXT() REPRESENTATION_CONTEXT('2D SPACE',''
  ) );
#9623 = ADVANCED_FACE('',(#9624),#9418,.F.);
#9624 = FACE_BOUND('',#9625,.F.);
#9625 = EDGE_LOOP('',(#9626,#9627,#9628,#9629));
#9626 = ORIENTED_EDGE('',*,*,#9404,.T.);
#9627 = ORIENTED_EDGE('',*,*,#9485,.T.);
#9628 = ORIENTED_EDGE('',*,*,#9556,.T.);
#9629 = ORIENTED_EDGE('',*,*,#9603,.T.);
#9630 = ADVANCED_FACE('',(#9631),#9364,.T.);
#9631 = FACE_BOUND('',#9632,.T.);
#9632 = EDGE_LOOP('',(#9633,#9634,#9635,#9636));
#9633 = ORIENTED_EDGE('',*,*,#9348,.T.);
#9634 = ORIENTED_EDGE('',*,*,#9434,.T.);
#9635 = ORIENTED_EDGE('',*,*,#9510,.T.);
#9636 = ORIENTED_EDGE('',*,*,#9581,.T.);
#9637 = ( GEOMETRIC_REPRESENTATION_CONTEXT(3) 
GLOBAL_UNCERTAINTY_ASSIGNED_CONTEXT((#9641)) 
GLOBAL_UNIT_ASSIGNED_CONTEXT((#9638,#9639,#9640)) REPRESENTATION_CONTEXT
('Context #1','3D Context with UNIT and UNCERTAINTY') );
#9638 = ( LENGTH_UNIT() NAMED_UNIT(*) SI_UNIT(.MILLI.,.METRE.) );
#9639 = ( NAMED_UNIT(*) PLANE_ANGLE_UNIT() SI_UNIT($,.RADIAN.) );
#9640 = ( NAMED_UNIT(*) SI_UNIT($,.STERADIAN.) SOLID_ANGLE_UNIT() );
#9641 = UNCERTAINTY_MEASURE_WITH_UNIT(LENGTH_MEASURE(1.E-07),#9638,
  'distance_accuracy_value','confusion accuracy');
#9642 = SHAPE_DEFINITION_REPRESENTATION(#9643,#9306);
#9643 = PRODUCT_DEFINITION_SHAPE('','',#9644);
#9644 = PRODUCT_DEFINITION('design','',#9645,#9648);
#9645 = PRODUCT_DEFINITION_FORMATION('','',#9646);
#9646 = PRODUCT('Open CASCADE STEP translator 7.5 2.2',
  'Open CASCADE STEP translator 7.5 2.2','',(#9647));
#9647 = PRODUCT_CONTEXT('',#2,'mechanical');
#9648 = PRODUCT_DEFINITION_CONTEXT('part definition',#2,'design');
#9649 = CONTEXT_DEPENDENT_SHAPE_REPRESENTATION(#9650,#9652);
#9650 = ( REPRESENTATION_RELATIONSHIP('','',#9306,#10) 
REPRESENTATION_RELATIONSHIP_WITH_TRANSFORMATION(#9651) 
SHAPE_REPRESENTATION_RELATIONSHIP() );
#9651 = ITEM_DEFINED_TRANSFORMATION('','',#11,#19);
#9652 = PRODUCT_DEFINITION_SHAPE('Placement','Placement of an item',
  #9653);
#9653 = NEXT_ASSEMBLY_USAGE_OCCURRENCE('17','','',#5,#9644,$);
#9654 = PRODUCT_RELATED_PRODUCT_CATEGORY('part',$,(#9646));
#9655 = ADVANCED_BREP_SHAPE_REPRESENTATION('',(#11,#9656),#9986);
#9656 = MANIFOLD_SOLID_BREP('',#9657);
#9657 = CLOSED_SHELL('',(#9658,#9778,#9854,#9925,#9972,#9979));
#9658 = ADVANCED_FACE('',(#9659),#9673,.F.);
#9659 = FACE_BOUND('',#9660,.F.);
#9660 = EDGE_LOOP('',(#9661,#9696,#9724,#9752));
#9661 = ORIENTED_EDGE('',*,*,#9662,.T.);
#9662 = EDGE_CURVE('',#9663,#9665,#9667,.T.);
#9663 = VERTEX_POINT('',#9664);
#9664 = CARTESIAN_POINT('',(-6.,40.,-150.));
#9665 = VERTEX_POINT('',#9666);
#9666 = CARTESIAN_POINT('',(-6.,40.,150.));
#9667 = SURFACE_CURVE('',#9668,(#9672,#9684),.PCURVE_S1.);
#9668 = LINE('',#9669,#9670);
#9669 = CARTESIAN_POINT('',(-6.,40.,-150.));
#9670 = VECTOR('',#9671,1.);
#9671 = DIRECTION('',(0.,0.,1.));
#9672 = PCURVE('',#9673,#9678);
#9673 = PLANE('',#9674);
#9674 = AXIS2_PLACEMENT_3D('',#9675,#9676,#9677);
#9675 = CARTESIAN_POINT('',(-6.,40.,-150.));
#9676 = DIRECTION('',(0.,1.,0.));
#9677 = DIRECTION('',(1.,0.,0.));
#9678 = DEFINITIONAL_REPRESENTATION('',(#9679),#9683);
#9679 = LINE('',#9680,#9681);
#9680 = CARTESIAN_POINT('',(0.,0.));
#9681 = VECTOR('',#9682,1.);
#9682 = DIRECTION('',(0.,-1.));
#9683 = ( GEOMETRIC_REPRESENTATION_CONTEXT(2) 
PARAMETRIC_REPRESENTATION_CONTEXT() REPRESENTATION_CONTEXT('2D SPACE',''
  ) );
#9684 = PCURVE('',#9685,#9690);
#9685 = PLANE('',#9686);
#9686 = AXIS2_PLACEMENT_3D('',#9687,#9688,#9689);
#9687 = CARTESIAN_POINT('',(-6.,40.03,-150.));
#9688 = DIRECTION('',(1.,0.,-0.));
#9689 = DIRECTION('',(0.,-1.,0.));
#9690 = DEFINITIONAL_REPRESENTATION('',(#9691),#9695);
#9691 = LINE('',#9692,#9693);
#9692 = CARTESIAN_POINT('',(3.E-02,0.));
#9693 = VECTOR('',#9694,1.);
#9694 = DIRECTION('',(0.,-1.));
#9695 = ( GEOMETRIC_REPRESENTATION_CONTEXT(2) 
PARAMETRIC_REPRESENTATION_CONTEXT() REPRESENTATION_CONTEXT('2D SPACE',''
  ) );
#9696 = ORIENTED_EDGE('',*,*,#9697,.T.);
#9697 = EDGE_CURVE('',#9665,#9698,#9700,.T.);
#9698 = VERTEX_POINT('',#9699);
#9699 = CARTESIAN_POINT('',(6.,40.,150.));
#9700 = SURFACE_CURVE('',#9701,(#9705,#9712),.PCURVE_S1.);
#9701 = LINE('',#9702,#9703);
#9702 = CARTESIAN_POINT('',(-6.,40.,150.));
#9703 = VECTOR('',#9704,1.);
#9704 = DIRECTION('',(1.,0.,0.));
#9705 = PCURVE('',#9673,#9706);
#9706 = DEFINITIONAL_REPRESENTATION('',(#9707),#9711);
#9707 = LINE('',#9708,#9709);
#9708 = CARTESIAN_POINT('',(0.,-300.));
#9709 = VECTOR('',#9710,1.);
#9710 = DIRECTION('',(1.,0.));
#9711 = ( GEOMETRIC_REPRESENTATION_CONTEXT(2) 
PARAMETRIC_REPRESENTATION_CONTEXT() REPRESENTATION_CONTEXT('2D SPACE',''
  ) );
#9712 = PCURVE('',#9713,#9718);
#9713 = PLANE('',#9714);
#9714 = AXIS2_PLACEMENT_3D('',#9715,#9716,#9717);
#9715 = CARTESIAN_POINT('',(2.366030157425E-15,40.015,150.));
#9716 = DIRECTION('',(0.,0.,1.));
#9717 = DIRECTION('',(1.,0.,-0.));
#9718 = DEFINITIONAL_REPRESENTATION('',(#9719),#9723);
#9719 = LINE('',#9720,#9721);
#9720 = CARTESIAN_POINT('',(-6.,-1.500000000001E-02));
#9721 = VECTOR('',#9722,1.);
#9722 = DIRECTION('',(1.,0.));
#9723 = ( GEOMETRIC_REPRESENTATION_CONTEXT(2) 
PARAMETRIC_REPRESENTATION_CONTEXT() REPRESENTATION_CONTEXT('2D SPACE',''
  ) );
#9724 = ORIENTED_EDGE('',*,*,#9725,.F.);
#9725 = EDGE_CURVE('',#9726,#9698,#9728,.T.);
#9726 = VERTEX_POINT('',#9727);
#9727 = CARTESIAN_POINT('',(6.,40.,-150.));
#9728 = SURFACE_CURVE('',#9729,(#9733,#9740),.PCURVE_S1.);
#9729 = LINE('',#9730,#9731);
#9730 = CARTESIAN_POINT('',(6.,40.,-150.));
#9731 = VECTOR('',#9732,1.);
#9732 = DIRECTION('',(0.,0.,1.));
#9733 = PCURVE('',#9673,#9734);
#9734 = DEFINITIONAL_REPRESENTATION('',(#9735),#9739);
#9735 = LINE('',#9736,#9737);
#9736 = CARTESIAN_POINT('',(12.,0.));
#9737 = VECTOR('',#9738,1.);
#9738 = DIRECTION('',(0.,-1.));
#9739 = ( GEOMETRIC_REPRESENTATION_CONTEXT(2) 
PARAMETRIC_REPRESENTATION_CONTEXT() REPRESENTATION_CONTEXT('2D SPACE',''
  ) );
#9740 = PCURVE('',#9741,#9746);
#9741 = PLANE('',#9742);
#9742 = AXIS2_PLACEMENT_3D('',#9743,#9744,#9745);
#9743 = CARTESIAN_POINT('',(6.,40.,-150.));
#9744 = DIRECTION('',(-1.,0.,0.));
#9745 = DIRECTION('',(0.,1.,0.));
#9746 = DEFINITIONAL_REPRESENTATION('',(#9747),#9751);
#9747 = LINE('',#9748,#9749);
#9748 = CARTESIAN_POINT('',(0.,0.));
#9749 = VECTOR('',#9750,1.);
#9750 = DIRECTION('',(0.,-1.));
#9751 = ( GEOMETRIC_REPRESENTATION_CONTEXT(2) 
PARAMETRIC_REPRESENTATION_CONTEXT() REPRESENTATION_CONTEXT('2D SPACE',''
  ) );
#9752 = ORIENTED_EDGE('',*,*,#9753,.F.);
#9753 = EDGE_CURVE('',#9663,#9726,#9754,.T.);
#9754 = SURFACE_CURVE('',#9755,(#9759,#9766),.PCURVE_S1.);
#9755 = LINE('',#9756,#9757);
#9756 = CARTESIAN_POINT('',(-6.,40.,-150.));
#9757 = VECTOR('',#9758,1.);
#9758 = DIRECTION('',(1.,0.,0.));
#9759 = PCURVE('',#9673,#9760);
#9760 = DEFINITIONAL_REPRESENTATION('',(#9761),#9765);
#9761 = LINE('',#9762,#9763);
#9762 = CARTESIAN_POINT('',(0.,0.));
#9763 = VECTOR('',#9764,1.);
#9764 = DIRECTION('',(1.,0.));
#9765 = ( GEOMETRIC_REPRESENTATION_CONTEXT(2) 
PARAMETRIC_REPRESENTATION_CONTEXT() REPRESENTATION_CONTEXT('2D SPACE',''
  ) );
#9766 = PCURVE('',#9767,#9772);
#9767 = PLANE('',#9768);
#9768 = AXIS2_PLACEMENT_3D('',#9769,#9770,#9771);
#9769 = CARTESIAN_POINT('',(2.366030157425E-15,40.015,-150.));
#9770 = DIRECTION('',(0.,0.,1.));
#9771 = DIRECTION('',(1.,0.,-0.));
#9772 = DEFINITIONAL_REPRESENTATION('',(#9773),#9777);
#9773 = LINE('',#9774,#9775);
#9774 = CARTESIAN_POINT('',(-6.,-1.500000000001E-02));
#9775 = VECTOR('',#9776,1.);
#9776 = DIRECTION('',(1.,0.));
#9777 = ( GEOMETRIC_REPRESENTATION_CONTEXT(2) 
PARAMETRIC_REPRESENTATION_CONTEXT() REPRESENTATION_CONTEXT('2D SPACE',''
  ) );
#9778 = ADVANCED_FACE('',(#9779),#9741,.F.);
#9779 = FACE_BOUND('',#9780,.F.);
#9780 = EDGE_LOOP('',(#9781,#9782,#9805,#9833));
#9781 = ORIENTED_EDGE('',*,*,#9725,.T.);
#9782 = ORIENTED_EDGE('',*,*,#9783,.T.);
#9783 = EDGE_CURVE('',#9698,#9784,#9786,.T.);
#9784 = VERTEX_POINT('',#9785);
#9785 = CARTESIAN_POINT('',(6.,40.03,150.));
#9786 = SURFACE_CURVE('',#9787,(#9791,#9798),.PCURVE_S1.);
#9787 = LINE('',#9788,#9789);
#9788 = CARTESIAN_POINT('',(6.,40.,150.));
#9789 = VECTOR('',#9790,1.);
#9790 = DIRECTION('',(0.,1.,0.));
#9791 = PCURVE('',#9741,#9792);
#9792 = DEFINITIONAL_REPRESENTATION('',(#9793),#9797);
#9793 = LINE('',#9794,#9795);
#9794 = CARTESIAN_POINT('',(0.,-300.));
#9795 = VECTOR('',#9796,1.);
#9796 = DIRECTION('',(1.,0.));
#9797 = ( GEOMETRIC_REPRESENTATION_CONTEXT(2) 
PARAMETRIC_REPRESENTATION_CONTEXT() REPRESENTATION_CONTEXT('2D SPACE',''
  ) );
#9798 = PCURVE('',#9713,#9799);
#9799 = DEFINITIONAL_REPRESENTATION('',(#9800),#9804);
#9800 = LINE('',#9801,#9802);
#9801 = CARTESIAN_POINT('',(6.,-1.500000000001E-02));
#9802 = VECTOR('',#9803,1.);
#9803 = DIRECTION('',(0.,1.));
#9804 = ( GEOMETRIC_REPRESENTATION_CONTEXT(2) 
PARAMETRIC_REPRESENTATION_CONTEXT() REPRESENTATION_CONTEXT('2D SPACE',''
  ) );
#9805 = ORIENTED_EDGE('',*,*,#9806,.F.);
#9806 = EDGE_CURVE('',#9807,#9784,#9809,.T.);
#9807 = VERTEX_POINT('',#9808);
#9808 = CARTESIAN_POINT('',(6.,40.03,-150.));
#9809 = SURFACE_CURVE('',#9810,(#9814,#9821),.PCURVE_S1.);
#9810 = LINE('',#9811,#9812);
#9811 = CARTESIAN_POINT('',(6.,40.03,-150.));
#9812 = VECTOR('',#9813,1.);
#9813 = DIRECTION('',(0.,0.,1.));
#9814 = PCURVE('',#9741,#9815);
#9815 = DEFINITIONAL_REPRESENTATION('',(#9816),#9820);
#9816 = LINE('',#9817,#9818);
#9817 = CARTESIAN_POINT('',(3.E-02,0.));
#9818 = VECTOR('',#9819,1.);
#9819 = DIRECTION('',(0.,-1.));
#9820 = ( GEOMETRIC_REPRESENTATION_CONTEXT(2) 
PARAMETRIC_REPRESENTATION_CONTEXT() REPRESENTATION_CONTEXT('2D SPACE',''
  ) );
#9821 = PCURVE('',#9822,#9827);
#9822 = PLANE('',#9823);
#9823 = AXIS2_PLACEMENT_3D('',#9824,#9825,#9826);
#9824 = CARTESIAN_POINT('',(6.,40.03,-150.));
#9825 = DIRECTION('',(0.,-1.,0.));
#9826 = DIRECTION('',(-1.,0.,0.));
#9827 = DEFINITIONAL_REPRESENTATION('',(#9828),#9832);
#9828 = LINE('',#9829,#9830);
#9829 = CARTESIAN_POINT('',(0.,-0.));
#9830 = VECTOR('',#9831,1.);
#9831 = DIRECTION('',(0.,-1.));
#9832 = ( GEOMETRIC_REPRESENTATION_CONTEXT(2) 
PARAMETRIC_REPRESENTATION_CONTEXT() REPRESENTATION_CONTEXT('2D SPACE',''
  ) );
#9833 = ORIENTED_EDGE('',*,*,#9834,.F.);
#9834 = EDGE_CURVE('',#9726,#9807,#9835,.T.);
#9835 = SURFACE_CURVE('',#9836,(#9840,#9847),.PCURVE_S1.);
#9836 = LINE('',#9837,#9838);
#9837 = CARTESIAN_POINT('',(6.,40.,-150.));
#9838 = VECTOR('',#9839,1.);
#9839 = DIRECTION('',(0.,1.,0.));
#9840 = PCURVE('',#9741,#9841);
#9841 = DEFINITIONAL_REPRESENTATION('',(#9842),#9846);
#9842 = LINE('',#9843,#9844);
#9843 = CARTESIAN_POINT('',(0.,0.));
#9844 = VECTOR('',#9845,1.);
#9845 = DIRECTION('',(1.,0.));
#9846 = ( GEOMETRIC_REPRESENTATION_CONTEXT(2) 
PARAMETRIC_REPRESENTATION_CONTEXT() REPRESENTATION_CONTEXT('2D SPACE',''
  ) );
#9847 = PCURVE('',#9767,#9848);
#9848 = DEFINITIONAL_REPRESENTATION('',(#9849),#9853);
#9849 = LINE('',#9850,#9851);
#9850 = CARTESIAN_POINT('',(6.,-1.500000000001E-02));
#9851 = VECTOR('',#9852,1.);
#9852 = DIRECTION('',(0.,1.));
#9853 = ( GEOMETRIC_REPRESENTATION_CONTEXT(2) 
PARAMETRIC_REPRESENTATION_CONTEXT() REPRESENTATION_CONTEXT('2D SPACE',''
  ) );
#9854 = ADVANCED_FACE('',(#9855),#9822,.F.);
#9855 = FACE_BOUND('',#9856,.F.);
#9856 = EDGE_LOOP('',(#9857,#9858,#9881,#9904));
#9857 = ORIENTED_EDGE('',*,*,#9806,.T.);
#9858 = ORIENTED_EDGE('',*,*,#9859,.T.);
#9859 = EDGE_CURVE('',#9784,#9860,#9862,.T.);
#9860 = VERTEX_POINT('',#9861);
#9861 = CARTESIAN_POINT('',(-6.,40.03,150.));
#9862 = SURFACE_CURVE('',#9863,(#9867,#9874),.PCURVE_S1.);
#9863 = LINE('',#9864,#9865);
#9864 = CARTESIAN_POINT('',(6.,40.03,150.));
#9865 = VECTOR('',#9866,1.);
#9866 = DIRECTION('',(-1.,0.,0.));
#9867 = PCURVE('',#9822,#9868);
#9868 = DEFINITIONAL_REPRESENTATION('',(#9869),#9873);
#9869 = LINE('',#9870,#9871);
#9870 = CARTESIAN_POINT('',(0.,-300.));
#9871 = VECTOR('',#9872,1.);
#9872 = DIRECTION('',(1.,0.));
#9873 = ( GEOMETRIC_REPRESENTATION_CONTEXT(2) 
PARAMETRIC_REPRESENTATION_CONTEXT() REPRESENTATION_CONTEXT('2D SPACE',''
  ) );
#9874 = PCURVE('',#9713,#9875);
#9875 = DEFINITIONAL_REPRESENTATION('',(#9876),#9880);
#9876 = LINE('',#9877,#9878);
#9877 = CARTESIAN_POINT('',(6.,1.499999999999E-02));
#9878 = VECTOR('',#9879,1.);
#9879 = DIRECTION('',(-1.,0.));
#9880 = ( GEOMETRIC_REPRESENTATION_CONTEXT(2) 
PARAMETRIC_REPRESENTATION_CONTEXT() REPRESENTATION_CONTEXT('2D SPACE',''
  ) );
#9881 = ORIENTED_EDGE('',*,*,#9882,.F.);
#9882 = EDGE_CURVE('',#9883,#9860,#9885,.T.);
#9883 = VERTEX_POINT('',#9884);
#9884 = CARTESIAN_POINT('',(-6.,40.03,-150.));
#9885 = SURFACE_CURVE('',#9886,(#9890,#9897),.PCURVE_S1.);
#9886 = LINE('',#9887,#9888);
#9887 = CARTESIAN_POINT('',(-6.,40.03,-150.));
#9888 = VECTOR('',#9889,1.);
#9889 = DIRECTION('',(0.,0.,1.));
#9890 = PCURVE('',#9822,#9891);
#9891 = DEFINITIONAL_REPRESENTATION('',(#9892),#9896);
#9892 = LINE('',#9893,#9894);
#9893 = CARTESIAN_POINT('',(12.,0.));
#9894 = VECTOR('',#9895,1.);
#9895 = DIRECTION('',(0.,-1.));
#9896 = ( GEOMETRIC_REPRESENTATION_CONTEXT(2) 
PARAMETRIC_REPRESENTATION_CONTEXT() REPRESENTATION_CONTEXT('2D SPACE',''
  ) );
#9897 = PCURVE('',#9685,#9898);
#9898 = DEFINITIONAL_REPRESENTATION('',(#9899),#9903);
#9899 = LINE('',#9900,#9901);
#9900 = CARTESIAN_POINT('',(0.,0.));
#9901 = VECTOR('',#9902,1.);
#9902 = DIRECTION('',(0.,-1.));
#9903 = ( GEOMETRIC_REPRESENTATION_CONTEXT(2) 
PARAMETRIC_REPRESENTATION_CONTEXT() REPRESENTATION_CONTEXT('2D SPACE',''
  ) );
#9904 = ORIENTED_EDGE('',*,*,#9905,.F.);
#9905 = EDGE_CURVE('',#9807,#9883,#9906,.T.);
#9906 = SURFACE_CURVE('',#9907,(#9911,#9918),.PCURVE_S1.);
#9907 = LINE('',#9908,#9909);
#9908 = CARTESIAN_POINT('',(6.,40.03,-150.));
#9909 = VECTOR('',#9910,1.);
#9910 = DIRECTION('',(-1.,0.,0.));
#9911 = PCURVE('',#9822,#9912);
#9912 = DEFINITIONAL_REPRESENTATION('',(#9913),#9917);
#9913 = LINE('',#9914,#9915);
#9914 = CARTESIAN_POINT('',(0.,-0.));
#9915 = VECTOR('',#9916,1.);
#9916 = DIRECTION('',(1.,0.));
#9917 = ( GEOMETRIC_REPRESENTATION_CONTEXT(2) 
PARAMETRIC_REPRESENTATION_CONTEXT() REPRESENTATION_CONTEXT('2D SPACE',''
  ) );
#9918 = PCURVE('',#9767,#9919);
#9919 = DEFINITIONAL_REPRESENTATION('',(#9920),#9924);
#9920 = LINE('',#9921,#9922);
#9921 = CARTESIAN_POINT('',(6.,1.499999999999E-02));
#9922 = VECTOR('',#9923,1.);
#9923 = DIRECTION('',(-1.,0.));
#9924 = ( GEOMETRIC_REPRESENTATION_CONTEXT(2) 
PARAMETRIC_REPRESENTATION_CONTEXT() REPRESENTATION_CONTEXT('2D SPACE',''
  ) );
#9925 = ADVANCED_FACE('',(#9926),#9685,.F.);
#9926 = FACE_BOUND('',#9927,.F.);
#9927 = EDGE_LOOP('',(#9928,#9929,#9950,#9951));
#9928 = ORIENTED_EDGE('',*,*,#9882,.T.);
#9929 = ORIENTED_EDGE('',*,*,#9930,.T.);
#9930 = EDGE_CURVE('',#9860,#9665,#9931,.T.);
#9931 = SURFACE_CURVE('',#9932,(#9936,#9943),.PCURVE_S1.);
#9932 = LINE('',#9933,#9934);
#9933 = CARTESIAN_POINT('',(-6.,40.03,150.));
#9934 = VECTOR('',#9935,1.);
#9935 = DIRECTION('',(0.,-1.,0.));
#9936 = PCURVE('',#9685,#9937);
#9937 = DEFINITIONAL_REPRESENTATION('',(#9938),#9942);
#9938 = LINE('',#9939,#9940);
#9939 = CARTESIAN_POINT('',(0.,-300.));
#9940 = VECTOR('',#9941,1.);
#9941 = DIRECTION('',(1.,0.));
#9942 = ( GEOMETRIC_REPRESENTATION_CONTEXT(2) 
PARAMETRIC_REPRESENTATION_CONTEXT() REPRESENTATION_CONTEXT('2D SPACE',''
  ) );
#9943 = PCURVE('',#9713,#9944);
#9944 = DEFINITIONAL_REPRESENTATION('',(#9945),#9949);
#9945 = LINE('',#9946,#9947);
#9946 = CARTESIAN_POINT('',(-6.,1.499999999999E-02));
#9947 = VECTOR('',#9948,1.);
#9948 = DIRECTION('',(0.,-1.));
#9949 = ( GEOMETRIC_REPRESENTATION_CONTEXT(2) 
PARAMETRIC_REPRESENTATION_CONTEXT() REPRESENTATION_CONTEXT('2D SPACE',''
  ) );
#9950 = ORIENTED_EDGE('',*,*,#9662,.F.);
#9951 = ORIENTED_EDGE('',*,*,#9952,.F.);
#9952 = EDGE_CURVE('',#9883,#9663,#9953,.T.);
#9953 = SURFACE_CURVE('',#9954,(#9958,#9965),.PCURVE_S1.);
#9954 = LINE('',#9955,#9956);
#9955 = CARTESIAN_POINT('',(-6.,40.03,-150.));
#9956 = VECTOR('',#9957,1.);
#9957 = DIRECTION('',(0.,-1.,0.));
#9958 = PCURVE('',#9685,#9959);
#9959 = DEFINITIONAL_REPRESENTATION('',(#9960),#9964);
#9960 = LINE('',#9961,#9962);
#9961 = CARTESIAN_POINT('',(0.,0.));
#9962 = VECTOR('',#9963,1.);
#9963 = DIRECTION('',(1.,0.));
#9964 = ( GEOMETRIC_REPRESENTATION_CONTEXT(2) 
PARAMETRIC_REPRESENTATION_CONTEXT() REPRESENTATION_CONTEXT('2D SPACE',''
  ) );
#9965 = PCURVE('',#9767,#9966);
#9966 = DEFINITIONAL_REPRESENTATION('',(#9967),#9971);
#9967 = LINE('',#9968,#9969);
#9968 = CARTESIAN_POINT('',(-6.,1.499999999999E-02));
#9969 = VECTOR('',#9970,1.);
#9970 = DIRECTION('',(0.,-1.));
#9971 = ( GEOMETRIC_REPRESENTATION_CONTEXT(2) 
PARAMETRIC_REPRESENTATION_CONTEXT() REPRESENTATION_CONTEXT('2D SPACE',''
  ) );
#9972 = ADVANCED_FACE('',(#9973),#9767,.F.);
#9973 = FACE_BOUND('',#9974,.F.);
#9974 = EDGE_LOOP('',(#9975,#9976,#9977,#9978));
#9975 = ORIENTED_EDGE('',*,*,#9753,.T.);
#9976 = ORIENTED_EDGE('',*,*,#9834,.T.);
#9977 = ORIENTED_EDGE('',*,*,#9905,.T.);
#9978 = ORIENTED_EDGE('',*,*,#9952,.T.);
#9979 = ADVANCED_FACE('',(#9980),#9713,.T.);
#9980 = FACE_BOUND('',#9981,.T.);
#9981 = EDGE_LOOP('',(#9982,#9983,#9984,#9985));
#9982 = ORIENTED_EDGE('',*,*,#9697,.T.);
#9983 = ORIENTED_EDGE('',*,*,#9783,.T.);
#9984 = ORIENTED_EDGE('',*,*,#9859,.T.);
#9985 = ORIENTED_EDGE('',*,*,#9930,.T.);
#9986 = ( GEOMETRIC_REPRESENTATION_CONTEXT(3) 
GLOBAL_UNCERTAINTY_ASSIGNED_CONTEXT((#9990)) 
GLOBAL_UNIT_ASSIGNED_CONTEXT((#9987,#9988,#9989)) REPRESENTATION_CONTEXT
('Context #1','3D Context with UNIT and UNCERTAINTY') );
#9987 = ( LENGTH_UNIT() NAMED_UNIT(*) SI_UNIT(.MILLI.,.METRE.) );
#9988 = ( NAMED_UNIT(*) PLANE_ANGLE_UNIT() SI_UNIT($,.RADIAN.) );
#9989 = ( NAMED_UNIT(*) SI_UNIT($,.STERADIAN.) SOLID_ANGLE_UNIT() );
#9990 = UNCERTAINTY_MEASURE_WITH_UNIT(LENGTH_MEASURE(1.E-07),#9987,
  'distance_accuracy_value','confusion accuracy');
#9991 = SHAPE_DEFINITION_REPRESENTATION(#9992,#9655);
#9992 = PRODUCT_DEFINITION_SHAPE('','',#9993);
#9993 = PRODUCT_DEFINITION('design','',#9994,#9997);
#9994 = PRODUCT_DEFINITION_FORMATION('','',#9995);
#9995 = PRODUCT('Open CASCADE STEP translator 7.5 2.3',
  'Open CASCADE STEP translator 7.5 2.3','',(#9996));
#9996 = PRODUCT_CONTEXT('',#2,'mechanical');
#9997 = PRODUCT_DEFINITION_CONTEXT('part definition',#2,'design');
#9998 = CONTEXT_DEPENDENT_SHAPE_REPRESENTATION(#9999,#10001);
#9999 = ( REPRESENTATION_RELATIONSHIP('','',#9655,#10) 
REPRESENTATION_RELATIONSHIP_WITH_TRANSFORMATION(#10000) 
SHAPE_REPRESENTATION_RELATIONSHIP() );
#10000 = ITEM_DEFINED_TRANSFORMATION('','',#11,#23);
#10001 = PRODUCT_DEFINITION_SHAPE('Placement','Placement of an item',
  #10002);
#10002 = NEXT_ASSEMBLY_USAGE_OCCURRENCE('18','','',#5,#9993,$);
#10003 = PRODUCT_RELATED_PRODUCT_CATEGORY('part',$,(#9995));
#10004 = ADVANCED_BREP_SHAPE_REPRESENTATION('',(#11,#10005),#10335);
#10005 = MANIFOLD_SOLID_BREP('',#10006);
#10006 = CLOSED_SHELL('',(#10007,#10127,#10203,#10274,#10321,#10328));
#10007 = ADVANCED_FACE('',(#10008),#10022,.F.);
#10008 = FACE_BOUND('',#10009,.F.);
#10009 = EDGE_LOOP('',(#10010,#10045,#10073,#10101));
#10010 = ORIENTED_EDGE('',*,*,#10011,.T.);
#10011 = EDGE_CURVE('',#10012,#10014,#10016,.T.);
#10012 = VERTEX_POINT('',#10013);
#10013 = CARTESIAN_POINT('',(-6.,40.2,-150.));
#10014 = VERTEX_POINT('',#10015);
#10015 = CARTESIAN_POINT('',(-6.,40.2,150.));
#10016 = SURFACE_CURVE('',#10017,(#10021,#10033),.PCURVE_S1.);
#10017 = LINE('',#10018,#10019);
#10018 = CARTESIAN_POINT('',(-6.,40.2,-150.));
#10019 = VECTOR('',#10020,1.);
#10020 = DIRECTION('',(0.,0.,1.));
#10021 = PCURVE('',#10022,#10027);
#10022 = PLANE('',#10023);
#10023 = AXIS2_PLACEMENT_3D('',#10024,#10025,#10026);
#10024 = CARTESIAN_POINT('',(-6.,40.2,-150.));
#10025 = DIRECTION('',(0.,1.,0.));
#10026 = DIRECTION('',(1.,0.,0.));
#10027 = DEFINITIONAL_REPRESENTATION('',(#10028),#10032);
#10028 = LINE('',#10029,#10030);
#10029 = CARTESIAN_POINT('',(0.,0.));
#10030 = VECTOR('',#10031,1.);
#10031 = DIRECTION('',(0.,-1.));
#10032 = ( GEOMETRIC_REPRESENTATION_CONTEXT(2) 
PARAMETRIC_REPRESENTATION_CONTEXT() REPRESENTATION_CONTEXT('2D SPACE',''
  ) );
#10033 = PCURVE('',#10034,#10039);
#10034 = PLANE('',#10035);
#10035 = AXIS2_PLACEMENT_3D('',#10036,#10037,#10038);
#10036 = CARTESIAN_POINT('',(-6.,40.23,-150.));
#10037 = DIRECTION('',(1.,0.,-0.));
#10038 = DIRECTION('',(0.,-1.,0.));
#10039 = DEFINITIONAL_REPRESENTATION('',(#10040),#10044);
#10040 = LINE('',#10041,#10042);
#10041 = CARTESIAN_POINT('',(3.E-02,0.));
#10042 = VECTOR('',#10043,1.);
#10043 = DIRECTION('',(0.,-1.));
#10044 = ( GEOMETRIC_REPRESENTATION_CONTEXT(2) 
PARAMETRIC_REPRESENTATION_CONTEXT() REPRESENTATION_CONTEXT('2D SPACE',''
  ) );
#10045 = ORIENTED_EDGE('',*,*,#10046,.T.);
#10046 = EDGE_CURVE('',#10014,#10047,#10049,.T.);
#10047 = VERTEX_POINT('',#10048);
#10048 = CARTESIAN_POINT('',(6.,40.2,150.));
#10049 = SURFACE_CURVE('',#10050,(#10054,#10061),.PCURVE_S1.);
#10050 = LINE('',#10051,#10052);
#10051 = CARTESIAN_POINT('',(-6.,40.2,150.));
#10052 = VECTOR('',#10053,1.);
#10053 = DIRECTION('',(1.,0.,0.));
#10054 = PCURVE('',#10022,#10055);
#10055 = DEFINITIONAL_REPRESENTATION('',(#10056),#10060);
#10056 = LINE('',#10057,#10058);
#10057 = CARTESIAN_POINT('',(0.,-300.));
#10058 = VECTOR('',#10059,1.);
#10059 = DIRECTION('',(1.,0.));
#10060 = ( GEOMETRIC_REPRESENTATION_CONTEXT(2) 
PARAMETRIC_REPRESENTATION_CONTEXT() REPRESENTATION_CONTEXT('2D SPACE',''
  ) );
#10061 = PCURVE('',#10062,#10067);
#10062 = PLANE('',#10063);
#10063 = AXIS2_PLACEMENT_3D('',#10064,#10065,#10066);
#10064 = CARTESIAN_POINT('',(2.366030157425E-15,40.215,150.));
#10065 = DIRECTION('',(0.,0.,1.));
#10066 = DIRECTION('',(1.,0.,-0.));
#10067 = DEFINITIONAL_REPRESENTATION('',(#10068),#10072);
#10068 = LINE('',#10069,#10070);
#10069 = CARTESIAN_POINT('',(-6.,-1.5E-02));
#10070 = VECTOR('',#10071,1.);
#10071 = DIRECTION('',(1.,0.));
#10072 = ( GEOMETRIC_REPRESENTATION_CONTEXT(2) 
PARAMETRIC_REPRESENTATION_CONTEXT() REPRESENTATION_CONTEXT('2D SPACE',''
  ) );
#10073 = ORIENTED_EDGE('',*,*,#10074,.F.);
#10074 = EDGE_CURVE('',#10075,#10047,#10077,.T.);
#10075 = VERTEX_POINT('',#10076);
#10076 = CARTESIAN_POINT('',(6.,40.2,-150.));
#10077 = SURFACE_CURVE('',#10078,(#10082,#10089),.PCURVE_S1.);
#10078 = LINE('',#10079,#10080);
#10079 = CARTESIAN_POINT('',(6.,40.2,-150.));
#10080 = VECTOR('',#10081,1.);
#10081 = DIRECTION('',(0.,0.,1.));
#10082 = PCURVE('',#10022,#10083);
#10083 = DEFINITIONAL_REPRESENTATION('',(#10084),#10088);
#10084 = LINE('',#10085,#10086);
#10085 = CARTESIAN_POINT('',(12.,0.));
#10086 = VECTOR('',#10087,1.);
#10087 = DIRECTION('',(0.,-1.));
#10088 = ( GEOMETRIC_REPRESENTATION_CONTEXT(2) 
PARAMETRIC_REPRESENTATION_CONTEXT() REPRESENTATION_CONTEXT('2D SPACE',''
  ) );
#10089 = PCURVE('',#10090,#10095);
#10090 = PLANE('',#10091);
#10091 = AXIS2_PLACEMENT_3D('',#10092,#10093,#10094);
#10092 = CARTESIAN_POINT('',(6.,40.2,-150.));
#10093 = DIRECTION('',(-1.,0.,0.));
#10094 = DIRECTION('',(0.,1.,0.));
#10095 = DEFINITIONAL_REPRESENTATION('',(#10096),#10100);
#10096 = LINE('',#10097,#10098);
#10097 = CARTESIAN_POINT('',(0.,0.));
#10098 = VECTOR('',#10099,1.);
#10099 = DIRECTION('',(0.,-1.));
#10100 = ( GEOMETRIC_REPRESENTATION_CONTEXT(2) 
PARAMETRIC_REPRESENTATION_CONTEXT() REPRESENTATION_CONTEXT('2D SPACE',''
  ) );
#10101 = ORIENTED_EDGE('',*,*,#10102,.F.);
#10102 = EDGE_CURVE('',#10012,#10075,#10103,.T.);
#10103 = SURFACE_CURVE('',#10104,(#10108,#10115),.PCURVE_S1.);
#10104 = LINE('',#10105,#10106);
#10105 = CARTESIAN_POINT('',(-6.,40.2,-150.));
#10106 = VECTOR('',#10107,1.);
#10107 = DIRECTION('',(1.,0.,0.));
#10108 = PCURVE('',#10022,#10109);
#10109 = DEFINITIONAL_REPRESENTATION('',(#10110),#10114);
#10110 = LINE('',#10111,#10112);
#10111 = CARTESIAN_POINT('',(0.,0.));
#10112 = VECTOR('',#10113,1.);
#10113 = DIRECTION('',(1.,0.));
#10114 = ( GEOMETRIC_REPRESENTATION_CONTEXT(2) 
PARAMETRIC_REPRESENTATION_CONTEXT() REPRESENTATION_CONTEXT('2D SPACE',''
  ) );
#10115 = PCURVE('',#10116,#10121);
#10116 = PLANE('',#10117);
#10117 = AXIS2_PLACEMENT_3D('',#10118,#10119,#10120);
#10118 = CARTESIAN_POINT('',(2.366030157425E-15,40.215,-150.));
#10119 = DIRECTION('',(0.,0.,1.));
#10120 = DIRECTION('',(1.,0.,-0.));
#10121 = DEFINITIONAL_REPRESENTATION('',(#10122),#10126);
#10122 = LINE('',#10123,#10124);
#10123 = CARTESIAN_POINT('',(-6.,-1.5E-02));
#10124 = VECTOR('',#10125,1.);
#10125 = DIRECTION('',(1.,0.));
#10126 = ( GEOMETRIC_REPRESENTATION_CONTEXT(2) 
PARAMETRIC_REPRESENTATION_CONTEXT() REPRESENTATION_CONTEXT('2D SPACE',''
  ) );
#10127 = ADVANCED_FACE('',(#10128),#10090,.F.);
#10128 = FACE_BOUND('',#10129,.F.);
#10129 = EDGE_LOOP('',(#10130,#10131,#10154,#10182));
#10130 = ORIENTED_EDGE('',*,*,#10074,.T.);
#10131 = ORIENTED_EDGE('',*,*,#10132,.T.);
#10132 = EDGE_CURVE('',#10047,#10133,#10135,.T.);
#10133 = VERTEX_POINT('',#10134);
#10134 = CARTESIAN_POINT('',(6.,40.23,150.));
#10135 = SURFACE_CURVE('',#10136,(#10140,#10147),.PCURVE_S1.);
#10136 = LINE('',#10137,#10138);
#10137 = CARTESIAN_POINT('',(6.,40.2,150.));
#10138 = VECTOR('',#10139,1.);
#10139 = DIRECTION('',(0.,1.,0.));
#10140 = PCURVE('',#10090,#10141);
#10141 = DEFINITIONAL_REPRESENTATION('',(#10142),#10146);
#10142 = LINE('',#10143,#10144);
#10143 = CARTESIAN_POINT('',(0.,-300.));
#10144 = VECTOR('',#10145,1.);
#10145 = DIRECTION('',(1.,0.));
#10146 = ( GEOMETRIC_REPRESENTATION_CONTEXT(2) 
PARAMETRIC_REPRESENTATION_CONTEXT() REPRESENTATION_CONTEXT('2D SPACE',''
  ) );
#10147 = PCURVE('',#10062,#10148);
#10148 = DEFINITIONAL_REPRESENTATION('',(#10149),#10153);
#10149 = LINE('',#10150,#10151);
#10150 = CARTESIAN_POINT('',(6.,-1.5E-02));
#10151 = VECTOR('',#10152,1.);
#10152 = DIRECTION('',(0.,1.));
#10153 = ( GEOMETRIC_REPRESENTATION_CONTEXT(2) 
PARAMETRIC_REPRESENTATION_CONTEXT() REPRESENTATION_CONTEXT('2D SPACE',''
  ) );
#10154 = ORIENTED_EDGE('',*,*,#10155,.F.);
#10155 = EDGE_CURVE('',#10156,#10133,#10158,.T.);
#10156 = VERTEX_POINT('',#10157);
#10157 = CARTESIAN_POINT('',(6.,40.23,-150.));
#10158 = SURFACE_CURVE('',#10159,(#10163,#10170),.PCURVE_S1.);
#10159 = LINE('',#10160,#10161);
#10160 = CARTESIAN_POINT('',(6.,40.23,-150.));
#10161 = VECTOR('',#10162,1.);
#10162 = DIRECTION('',(0.,0.,1.));
#10163 = PCURVE('',#10090,#10164);
#10164 = DEFINITIONAL_REPRESENTATION('',(#10165),#10169);
#10165 = LINE('',#10166,#10167);
#10166 = CARTESIAN_POINT('',(3.E-02,0.));
#10167 = VECTOR('',#10168,1.);
#10168 = DIRECTION('',(0.,-1.));
#10169 = ( GEOMETRIC_REPRESENTATION_CONTEXT(2) 
PARAMETRIC_REPRESENTATION_CONTEXT() REPRESENTATION_CONTEXT('2D SPACE',''
  ) );
#10170 = PCURVE('',#10171,#10176);
#10171 = PLANE('',#10172);
#10172 = AXIS2_PLACEMENT_3D('',#10173,#10174,#10175);
#10173 = CARTESIAN_POINT('',(6.,40.23,-150.));
#10174 = DIRECTION('',(0.,-1.,0.));
#10175 = DIRECTION('',(-1.,0.,0.));
#10176 = DEFINITIONAL_REPRESENTATION('',(#10177),#10181);
#10177 = LINE('',#10178,#10179);
#10178 = CARTESIAN_POINT('',(0.,-0.));
#10179 = VECTOR('',#10180,1.);
#10180 = DIRECTION('',(0.,-1.));
#10181 = ( GEOMETRIC_REPRESENTATION_CONTEXT(2) 
PARAMETRIC_REPRESENTATION_CONTEXT() REPRESENTATION_CONTEXT('2D SPACE',''
  ) );
#10182 = ORIENTED_EDGE('',*,*,#10183,.F.);
#10183 = EDGE_CURVE('',#10075,#10156,#10184,.T.);
#10184 = SURFACE_CURVE('',#10185,(#10189,#10196),.PCURVE_S1.);
#10185 = LINE('',#10186,#10187);
#10186 = CARTESIAN_POINT('',(6.,40.2,-150.));
#10187 = VECTOR('',#10188,1.);
#10188 = DIRECTION('',(0.,1.,0.));
#10189 = PCURVE('',#10090,#10190);
#10190 = DEFINITIONAL_REPRESENTATION('',(#10191),#10195);
#10191 = LINE('',#10192,#10193);
#10192 = CARTESIAN_POINT('',(0.,0.));
#10193 = VECTOR('',#10194,1.);
#10194 = DIRECTION('',(1.,0.));
#10195 = ( GEOMETRIC_REPRESENTATION_CONTEXT(2) 
PARAMETRIC_REPRESENTATION_CONTEXT() REPRESENTATION_CONTEXT('2D SPACE',''
  ) );
#10196 = PCURVE('',#10116,#10197);
#10197 = DEFINITIONAL_REPRESENTATION('',(#10198),#10202);
#10198 = LINE('',#10199,#10200);
#10199 = CARTESIAN_POINT('',(6.,-1.5E-02));
#10200 = VECTOR('',#10201,1.);
#10201 = DIRECTION('',(0.,1.));
#10202 = ( GEOMETRIC_REPRESENTATION_CONTEXT(2) 
PARAMETRIC_REPRESENTATION_CONTEXT() REPRESENTATION_CONTEXT('2D SPACE',''
  ) );
#10203 = ADVANCED_FACE('',(#10204),#10171,.F.);
#10204 = FACE_BOUND('',#10205,.F.);
#10205 = EDGE_LOOP('',(#10206,#10207,#10230,#10253));
#10206 = ORIENTED_EDGE('',*,*,#10155,.T.);
#10207 = ORIENTED_EDGE('',*,*,#10208,.T.);
#10208 = EDGE_CURVE('',#10133,#10209,#10211,.T.);
#10209 = VERTEX_POINT('',#10210);
#10210 = CARTESIAN_POINT('',(-6.,40.23,150.));
#10211 = SURFACE_CURVE('',#10212,(#10216,#10223),.PCURVE_S1.);
#10212 = LINE('',#10213,#10214);
#10213 = CARTESIAN_POINT('',(6.,40.23,150.));
#10214 = VECTOR('',#10215,1.);
#10215 = DIRECTION('',(-1.,0.,0.));
#10216 = PCURVE('',#10171,#10217);
#10217 = DEFINITIONAL_REPRESENTATION('',(#10218),#10222);
#10218 = LINE('',#10219,#10220);
#10219 = CARTESIAN_POINT('',(0.,-300.));
#10220 = VECTOR('',#10221,1.);
#10221 = DIRECTION('',(1.,0.));
#10222 = ( GEOMETRIC_REPRESENTATION_CONTEXT(2) 
PARAMETRIC_REPRESENTATION_CONTEXT() REPRESENTATION_CONTEXT('2D SPACE',''
  ) );
#10223 = PCURVE('',#10062,#10224);
#10224 = DEFINITIONAL_REPRESENTATION('',(#10225),#10229);
#10225 = LINE('',#10226,#10227);
#10226 = CARTESIAN_POINT('',(6.,1.5E-02));
#10227 = VECTOR('',#10228,1.);
#10228 = DIRECTION('',(-1.,0.));
#10229 = ( GEOMETRIC_REPRESENTATION_CONTEXT(2) 
PARAMETRIC_REPRESENTATION_CONTEXT() REPRESENTATION_CONTEXT('2D SPACE',''
  ) );
#10230 = ORIENTED_EDGE('',*,*,#10231,.F.);
#10231 = EDGE_CURVE('',#10232,#10209,#10234,.T.);
#10232 = VERTEX_POINT('',#10233);
#10233 = CARTESIAN_POINT('',(-6.,40.23,-150.));
#10234 = SURFACE_CURVE('',#10235,(#10239,#10246),.PCURVE_S1.);
#10235 = LINE('',#10236,#10237);
#10236 = CARTESIAN_POINT('',(-6.,40.23,-150.));
#10237 = VECTOR('',#10238,1.);
#10238 = DIRECTION('',(0.,0.,1.));
#10239 = PCURVE('',#10171,#10240);
#10240 = DEFINITIONAL_REPRESENTATION('',(#10241),#10245);
#10241 = LINE('',#10242,#10243);
#10242 = CARTESIAN_POINT('',(12.,0.));
#10243 = VECTOR('',#10244,1.);
#10244 = DIRECTION('',(0.,-1.));
#10245 = ( GEOMETRIC_REPRESENTATION_CONTEXT(2) 
PARAMETRIC_REPRESENTATION_CONTEXT() REPRESENTATION_CONTEXT('2D SPACE',''
  ) );
#10246 = PCURVE('',#10034,#10247);
#10247 = DEFINITIONAL_REPRESENTATION('',(#10248),#10252);
#10248 = LINE('',#10249,#10250);
#10249 = CARTESIAN_POINT('',(0.,0.));
#10250 = VECTOR('',#10251,1.);
#10251 = DIRECTION('',(0.,-1.));
#10252 = ( GEOMETRIC_REPRESENTATION_CONTEXT(2) 
PARAMETRIC_REPRESENTATION_CONTEXT() REPRESENTATION_CONTEXT('2D SPACE',''
  ) );
#10253 = ORIENTED_EDGE('',*,*,#10254,.F.);
#10254 = EDGE_CURVE('',#10156,#10232,#10255,.T.);
#10255 = SURFACE_CURVE('',#10256,(#10260,#10267),.PCURVE_S1.);
#10256 = LINE('',#10257,#10258);
#10257 = CARTESIAN_POINT('',(6.,40.23,-150.));
#10258 = VECTOR('',#10259,1.);
#10259 = DIRECTION('',(-1.,0.,0.));
#10260 = PCURVE('',#10171,#10261);
#10261 = DEFINITIONAL_REPRESENTATION('',(#10262),#10266);
#10262 = LINE('',#10263,#10264);
#10263 = CARTESIAN_POINT('',(0.,-0.));
#10264 = VECTOR('',#10265,1.);
#10265 = DIRECTION('',(1.,0.));
#10266 = ( GEOMETRIC_REPRESENTATION_CONTEXT(2) 
PARAMETRIC_REPRESENTATION_CONTEXT() REPRESENTATION_CONTEXT('2D SPACE',''
  ) );
#10267 = PCURVE('',#10116,#10268);
#10268 = DEFINITIONAL_REPRESENTATION('',(#10269),#10273);
#10269 = LINE('',#10270,#10271);
#10270 = CARTESIAN_POINT('',(6.,1.5E-02));
#10271 = VECTOR('',#10272,1.);
#10272 = DIRECTION('',(-1.,0.));
#10273 = ( GEOMETRIC_REPRESENTATION_CONTEXT(2) 
PARAMETRIC_REPRESENTATION_CONTEXT() REPRESENTATION_CONTEXT('2D SPACE',''
  ) );
#10274 = ADVANCED_FACE('',(#10275),#10034,.F.);
#10275 = FACE_BOUND('',#10276,.F.);
#10276 = EDGE_LOOP('',(#10277,#10278,#10299,#10300));
#10277 = ORIENTED_EDGE('',*,*,#10231,.T.);
#10278 = ORIENTED_EDGE('',*,*,#10279,.T.);
#10279 = EDGE_CURVE('',#10209,#10014,#10280,.T.);
#10280 = SURFACE_CURVE('',#10281,(#10285,#10292),.PCURVE_S1.);
#10281 = LINE('',#10282,#10283);
#10282 = CARTESIAN_POINT('',(-6.,40.23,150.));
#10283 = VECTOR('',#10284,1.);
#10284 = DIRECTION('',(0.,-1.,0.));
#10285 = PCURVE('',#10034,#10286);
#10286 = DEFINITIONAL_REPRESENTATION('',(#10287),#10291);
#10287 = LINE('',#10288,#10289);
#10288 = CARTESIAN_POINT('',(0.,-300.));
#10289 = VECTOR('',#10290,1.);
#10290 = DIRECTION('',(1.,0.));
#10291 = ( GEOMETRIC_REPRESENTATION_CONTEXT(2) 
PARAMETRIC_REPRESENTATION_CONTEXT() REPRESENTATION_CONTEXT('2D SPACE',''
  ) );
#10292 = PCURVE('',#10062,#10293);
#10293 = DEFINITIONAL_REPRESENTATION('',(#10294),#10298);
#10294 = LINE('',#10295,#10296);
#10295 = CARTESIAN_POINT('',(-6.,1.5E-02));
#10296 = VECTOR('',#10297,1.);
#10297 = DIRECTION('',(0.,-1.));
#10298 = ( GEOMETRIC_REPRESENTATION_CONTEXT(2) 
PARAMETRIC_REPRESENTATION_CONTEXT() REPRESENTATION_CONTEXT('2D SPACE',''
  ) );
#10299 = ORIENTED_EDGE('',*,*,#10011,.F.);
#10300 = ORIENTED_EDGE('',*,*,#10301,.F.);
#10301 = EDGE_CURVE('',#10232,#10012,#10302,.T.);
#10302 = SURFACE_CURVE('',#10303,(#10307,#10314),.PCURVE_S1.);
#10303 = LINE('',#10304,#10305);
#10304 = CARTESIAN_POINT('',(-6.,40.23,-150.));
#10305 = VECTOR('',#10306,1.);
#10306 = DIRECTION('',(0.,-1.,0.));
#10307 = PCURVE('',#10034,#10308);
#10308 = DEFINITIONAL_REPRESENTATION('',(#10309),#10313);
#10309 = LINE('',#10310,#10311);
#10310 = CARTESIAN_POINT('',(0.,0.));
#10311 = VECTOR('',#10312,1.);
#10312 = DIRECTION('',(1.,0.));
#10313 = ( GEOMETRIC_REPRESENTATION_CONTEXT(2) 
PARAMETRIC_REPRESENTATION_CONTEXT() REPRESENTATION_CONTEXT('2D SPACE',''
  ) );
#10314 = PCURVE('',#10116,#10315);
#10315 = DEFINITIONAL_REPRESENTATION('',(#10316),#10320);
#10316 = LINE('',#10317,#10318);
#10317 = CARTESIAN_POINT('',(-6.,1.5E-02));
#10318 = VECTOR('',#10319,1.);
#10319 = DIRECTION('',(0.,-1.));
#10320 = ( GEOMETRIC_REPRESENTATION_CONTEXT(2) 
PARAMETRIC_REPRESENTATION_CONTEXT() REPRESENTATION_CONTEXT('2D SPACE',''
  ) );
#10321 = ADVANCED_FACE('',(#10322),#10116,.F.);
#10322 = FACE_BOUND('',#10323,.F.);
#10323 = EDGE_LOOP('',(#10324,#10325,#10326,#10327));
#10324 = ORIENTED_EDGE('',*,*,#10102,.T.);
#10325 = ORIENTED_EDGE('',*,*,#10183,.T.);
#10326 = ORIENTED_EDGE('',*,*,#10254,.T.);
#10327 = ORIENTED_EDGE('',*,*,#10301,.T.);
#10328 = ADVANCED_FACE('',(#10329),#10062,.T.);
#10329 = FACE_BOUND('',#10330,.T.);
#10330 = EDGE_LOOP('',(#10331,#10332,#10333,#10334));
#10331 = ORIENTED_EDGE('',*,*,#10046,.T.);
#10332 = ORIENTED_EDGE('',*,*,#10132,.T.);
#10333 = ORIENTED_EDGE('',*,*,#10208,.T.);
#10334 = ORIENTED_EDGE('',*,*,#10279,.T.);
#10335 = ( GEOMETRIC_REPRESENTATION_CONTEXT(3) 
GLOBAL_UNCERTAINTY_ASSIGNED_CONTEXT((#10339)) 
GLOBAL_UNIT_ASSIGNED_CONTEXT((#10336,#10337,#10338)) 
REPRESENTATION_CONTEXT('Context #1',
  '3D Context with UNIT and UNCERTAINTY') );
#10336 = ( LENGTH_UNIT() NAMED_UNIT(*) SI_UNIT(.MILLI.,.METRE.) );
#10337 = ( NAMED_UNIT(*) PLANE_ANGLE_UNIT() SI_UNIT($,.RADIAN.) );
#10338 = ( NAMED_UNIT(*) SI_UNIT($,.STERADIAN.) SOLID_ANGLE_UNIT() );
#10339 = UNCERTAINTY_MEASURE_WITH_UNIT(LENGTH_MEASURE(1.E-07),#10336,
  'distance_accuracy_value','confusion accuracy');
#10340 = SHAPE_DEFINITION_REPRESENTATION(#10341,#10004);
#10341 = PRODUCT_DEFINITION_SHAPE('','',#10342);
#10342 = PRODUCT_DEFINITION('design','',#10343,#10346);
#10343 = PRODUCT_DEFINITION_FORMATION('','',#10344);
#10344 = PRODUCT('Open CASCADE STEP translator 7.5 2.4',
  'Open CASCADE STEP translator 7.5 2.4','',(#10345));
#10345 = PRODUCT_CONTEXT('',#2,'mechanical');
#10346 = PRODUCT_DEFINITION_CONTEXT('part definition',#2,'design');
#10347 = CONTEXT_DEPENDENT_SHAPE_REPRESENTATION(#10348,#10350);
#10348 = ( REPRESENTATION_RELATIONSHIP('','',#10004,#10) 
REPRESENTATION_RELATIONSHIP_WITH_TRANSFORMATION(#10349) 
SHAPE_REPRESENTATION_RELATIONSHIP() );
#10349 = ITEM_DEFINED_TRANSFORMATION('','',#11,#27);
#10350 = PRODUCT_DEFINITION_SHAPE('Placement','Placement of an item',
  #10351);
#10351 = NEXT_ASSEMBLY_USAGE_OCCURRENCE('19','','',#5,#10342,$);
#10352 = PRODUCT_RELATED_PRODUCT_CATEGORY('part',$,(#10344));
#10353 = SHAPE_DEFINITION_REPRESENTATION(#10354,#10360);
#10354 = PRODUCT_DEFINITION_SHAPE('','',#10355);
#10355 = PRODUCT_DEFINITION('design','',#10356,#10359);
#10356 = PRODUCT_DEFINITION_FORMATION('','',#10357);
#10357 = PRODUCT('Open CASCADE STEP translator 7.5 2.5',
  'Open CASCADE STEP translator 7.5 2.5','',(#10358));
#10358 = PRODUCT_CONTEXT('',#2,'mechanical');
#10359 = PRODUCT_DEFINITION_CONTEXT('part definition',#2,'design');
#10360 = SHAPE_REPRESENTATION('',(#11,#10361,#10365,#10369,#10373,#10377
    ),#10381);
#10361 = AXIS2_PLACEMENT_3D('',#10362,#10363,#10364);
#10362 = CARTESIAN_POINT('',(0.,0.,0.));
#10363 = DIRECTION('',(0.,0.,1.));
#10364 = DIRECTION('',(1.,0.,-0.));
#10365 = AXIS2_PLACEMENT_3D('',#10366,#10367,#10368);
#10366 = CARTESIAN_POINT('',(0.,0.,0.));
#10367 = DIRECTION('',(0.,0.,1.));
#10368 = DIRECTION('',(1.,0.,-0.));
#10369 = AXIS2_PLACEMENT_3D('',#10370,#10371,#10372);
#10370 = CARTESIAN_POINT('',(0.,0.,0.));
#10371 = DIRECTION('',(0.,0.,1.));
#10372 = DIRECTION('',(1.,0.,-0.));
#10373 = AXIS2_PLACEMENT_3D('',#10374,#10375,#10376);
#10374 = CARTESIAN_POINT('',(0.,0.,0.));
#10375 = DIRECTION('',(0.,0.,1.));
#10376 = DIRECTION('',(1.,0.,-0.));
#10377 = AXIS2_PLACEMENT_3D('',#10378,#10379,#10380);
#10378 = CARTESIAN_POINT('',(0.,0.,0.));
#10379 = DIRECTION('',(0.,0.,1.));
#10380 = DIRECTION('',(1.,0.,-0.));
#10381 = ( GEOMETRIC_REPRESENTATION_CONTEXT(3) 
GLOBAL_UNCERTAINTY_ASSIGNED_CONTEXT((#10385)) 
GLOBAL_UNIT_ASSIGNED_CONTEXT((#10382,#10383,#10384)) 
REPRESENTATION_CONTEXT('Context #1',
  '3D Context with UNIT and UNCERTAINTY') );
#10382 = ( LENGTH_UNIT() NAMED_UNIT(*) SI_UNIT(.MILLI.,.METRE.) );
#10383 = ( NAMED_UNIT(*) PLANE_ANGLE_UNIT() SI_UNIT($,.RADIAN.) );
#10384 = ( NAMED_UNIT(*) SI_UNIT($,.STERADIAN.) SOLID_ANGLE_UNIT() );
#10385 = UNCERTAINTY_MEASURE_WITH_UNIT(LENGTH_MEASURE(1.E-07),#10382,
  'distance_accuracy_value','confusion accuracy');
#10386 = ADVANCED_BREP_SHAPE_REPRESENTATION('',(#11,#10387),#10485);
#10387 = MANIFOLD_SOLID_BREP('',#10388);
#10388 = CLOSED_SHELL('',(#10389,#10477,#10481));
#10389 = ADVANCED_FACE('',(#10390),#10403,.T.);
#10390 = FACE_BOUND('',#10391,.T.);
#10391 = EDGE_LOOP('',(#10392,#10426,#10449,#10476));
#10392 = ORIENTED_EDGE('',*,*,#10393,.F.);
#10393 = EDGE_CURVE('',#10394,#10394,#10396,.T.);
#10394 = VERTEX_POINT('',#10395);
#10395 = CARTESIAN_POINT('',(-32.77499074759,19.5,150.));
#10396 = SURFACE_CURVE('',#10397,(#10402,#10414),.PCURVE_S1.);
#10397 = CIRCLE('',#10398,1.);
#10398 = AXIS2_PLACEMENT_3D('',#10399,#10400,#10401);
#10399 = CARTESIAN_POINT('',(-33.77499074759,19.5,150.));
#10400 = DIRECTION('',(0.,0.,1.));
#10401 = DIRECTION('',(1.,0.,-0.));
#10402 = PCURVE('',#10403,#10408);
#10403 = CYLINDRICAL_SURFACE('',#10404,1.);
#10404 = AXIS2_PLACEMENT_3D('',#10405,#10406,#10407);
#10405 = CARTESIAN_POINT('',(-33.77499074759,19.5,-150.));
#10406 = DIRECTION('',(0.,0.,1.));
#10407 = DIRECTION('',(1.,0.,-0.));
#10408 = DEFINITIONAL_REPRESENTATION('',(#10409),#10413);
#10409 = LINE('',#10410,#10411);
#10410 = CARTESIAN_POINT('',(0.,300.));
#10411 = VECTOR('',#10412,1.);
#10412 = DIRECTION('',(1.,0.));
#10413 = ( GEOMETRIC_REPRESENTATION_CONTEXT(2) 
PARAMETRIC_REPRESENTATION_CONTEXT() REPRESENTATION_CONTEXT('2D SPACE',''
  ) );
#10414 = PCURVE('',#10415,#10420);
#10415 = PLANE('',#10416);
#10416 = AXIS2_PLACEMENT_3D('',#10417,#10418,#10419);
#10417 = CARTESIAN_POINT('',(-33.77499074759,19.5,150.));
#10418 = DIRECTION('',(0.,0.,1.));
#10419 = DIRECTION('',(1.,0.,-0.));
#10420 = DEFINITIONAL_REPRESENTATION('',(#10421),#10425);
#10421 = CIRCLE('',#10422,1.);
#10422 = AXIS2_PLACEMENT_2D('',#10423,#10424);
#10423 = CARTESIAN_POINT('',(0.,0.));
#10424 = DIRECTION('',(1.,0.));
#10425 = ( GEOMETRIC_REPRESENTATION_CONTEXT(2) 
PARAMETRIC_REPRESENTATION_CONTEXT() REPRESENTATION_CONTEXT('2D SPACE',''
  ) );
#10426 = ORIENTED_EDGE('',*,*,#10427,.F.);
#10427 = EDGE_CURVE('',#10428,#10394,#10430,.T.);
#10428 = VERTEX_POINT('',#10429);
#10429 = CARTESIAN_POINT('',(-32.77499074759,19.5,-150.));
#10430 = SEAM_CURVE('',#10431,(#10435,#10442),.PCURVE_S1.);
#10431 = LINE('',#10432,#10433);
#10432 = CARTESIAN_POINT('',(-32.77499074759,19.5,-150.));
#10433 = VECTOR('',#10434,1.);
#10434 = DIRECTION('',(0.,0.,1.));
#10435 = PCURVE('',#10403,#10436);
#10436 = DEFINITIONAL_REPRESENTATION('',(#10437),#10441);
#10437 = LINE('',#10438,#10439);
#10438 = CARTESIAN_POINT('',(6.28318530718,-0.));
#10439 = VECTOR('',#10440,1.);
#10440 = DIRECTION('',(0.,1.));
#10441 = ( GEOMETRIC_REPRESENTATION_CONTEXT(2) 
PARAMETRIC_REPRESENTATION_CONTEXT() REPRESENTATION_CONTEXT('2D SPACE',''
  ) );
#10442 = PCURVE('',#10403,#10443);
#10443 = DEFINITIONAL_REPRESENTATION('',(#10444),#10448);
#10444 = LINE('',#10445,#10446);
#10445 = CARTESIAN_POINT('',(0.,-0.));
#10446 = VECTOR('',#10447,1.);
#10447 = DIRECTION('',(0.,1.));
#10448 = ( GEOMETRIC_REPRESENTATION_CONTEXT(2) 
PARAMETRIC_REPRESENTATION_CONTEXT() REPRESENTATION_CONTEXT('2D SPACE',''
  ) );
#10449 = ORIENTED_EDGE('',*,*,#10450,.T.);
#10450 = EDGE_CURVE('',#10428,#10428,#10451,.T.);
#10451 = SURFACE_CURVE('',#10452,(#10457,#10464),.PCURVE_S1.);
#10452 = CIRCLE('',#10453,1.);
#10453 = AXIS2_PLACEMENT_3D('',#10454,#10455,#10456);
#10454 = CARTESIAN_POINT('',(-33.77499074759,19.5,-150.));
#10455 = DIRECTION('',(0.,0.,1.));
#10456 = DIRECTION('',(1.,0.,-0.));
#10457 = PCURVE('',#10403,#10458);
#10458 = DEFINITIONAL_REPRESENTATION('',(#10459),#10463);
#10459 = LINE('',#10460,#10461);
#10460 = CARTESIAN_POINT('',(0.,0.));
#10461 = VECTOR('',#10462,1.);
#10462 = DIRECTION('',(1.,0.));
#10463 = ( GEOMETRIC_REPRESENTATION_CONTEXT(2) 
PARAMETRIC_REPRESENTATION_CONTEXT() REPRESENTATION_CONTEXT('2D SPACE',''
  ) );
#10464 = PCURVE('',#10465,#10470);
#10465 = PLANE('',#10466);
#10466 = AXIS2_PLACEMENT_3D('',#10467,#10468,#10469);
#10467 = CARTESIAN_POINT('',(-33.77499074759,19.5,-150.));
#10468 = DIRECTION('',(0.,0.,1.));
#10469 = DIRECTION('',(1.,0.,-0.));
#10470 = DEFINITIONAL_REPRESENTATION('',(#10471),#10475);
#10471 = CIRCLE('',#10472,1.);
#10472 = AXIS2_PLACEMENT_2D('',#10473,#10474);
#10473 = CARTESIAN_POINT('',(0.,0.));
#10474 = DIRECTION('',(1.,0.));
#10475 = ( GEOMETRIC_REPRESENTATION_CONTEXT(2) 
PARAMETRIC_REPRESENTATION_CONTEXT() REPRESENTATION_CONTEXT('2D SPACE',''
  ) );
#10476 = ORIENTED_EDGE('',*,*,#10427,.T.);
#10477 = ADVANCED_FACE('',(#10478),#10415,.T.);
#10478 = FACE_BOUND('',#10479,.T.);
#10479 = EDGE_LOOP('',(#10480));
#10480 = ORIENTED_EDGE('',*,*,#10393,.T.);
#10481 = ADVANCED_FACE('',(#10482),#10465,.F.);
#10482 = FACE_BOUND('',#10483,.T.);
#10483 = EDGE_LOOP('',(#10484));
#10484 = ORIENTED_EDGE('',*,*,#10450,.F.);
#10485 = ( GEOMETRIC_REPRESENTATION_CONTEXT(3) 
GLOBAL_UNCERTAINTY_ASSIGNED_CONTEXT((#10489)) 
GLOBAL_UNIT_ASSIGNED_CONTEXT((#10486,#10487,#10488)) 
REPRESENTATION_CONTEXT('Context #1',
  '3D Context with UNIT and UNCERTAINTY') );
#10486 = ( LENGTH_UNIT() NAMED_UNIT(*) SI_UNIT(.MILLI.,.METRE.) );
#10487 = ( NAMED_UNIT(*) PLANE_ANGLE_UNIT() SI_UNIT($,.RADIAN.) );
#10488 = ( NAMED_UNIT(*) SI_UNIT($,.STERADIAN.) SOLID_ANGLE_UNIT() );
#10489 = UNCERTAINTY_MEASURE_WITH_UNIT(LENGTH_MEASURE(1.E-07),#10486,
  'distance_accuracy_value','confusion accuracy');
#10490 = SHAPE_DEFINITION_REPRESENTATION(#10491,#10386);
#10491 = PRODUCT_DEFINITION_SHAPE('','',#10492);
#10492 = PRODUCT_DEFINITION('design','',#10493,#10496);
#10493 = PRODUCT_DEFINITION_FORMATION('','',#10494);
#10494 = PRODUCT('Open CASCADE STEP translator 7.5 2.5.1',
  'Open CASCADE STEP translator 7.5 2.5.1','',(#10495));
#10495 = PRODUCT_CONTEXT('',#2,'mechanical');
#10496 = PRODUCT_DEFINITION_CONTEXT('part definition',#2,'design');
#10497 = CONTEXT_DEPENDENT_SHAPE_REPRESENTATION(#10498,#10500);
#10498 = ( REPRESENTATION_RELATIONSHIP('','',#10386,#10360) 
REPRESENTATION_RELATIONSHIP_WITH_TRANSFORMATION(#10499) 
SHAPE_REPRESENTATION_RELATIONSHIP() );
#10499 = ITEM_DEFINED_TRANSFORMATION('','',#11,#10361);
#10500 = PRODUCT_DEFINITION_SHAPE('Placement','Placement of an item',
  #10501);
#10501 = NEXT_ASSEMBLY_USAGE_OCCURRENCE('20','','',#10355,#10492,$);
#10502 = PRODUCT_RELATED_PRODUCT_CATEGORY('part',$,(#10494));
#10503 = ADVANCED_BREP_SHAPE_REPRESENTATION('',(#11,#10504),#10602);
#10504 = MANIFOLD_SOLID_BREP('',#10505);
#10505 = CLOSED_SHELL('',(#10506,#10594,#10598));
#10506 = ADVANCED_FACE('',(#10507),#10520,.T.);
#10507 = FACE_BOUND('',#10508,.T.);
#10508 = EDGE_LOOP('',(#10509,#10543,#10566,#10593));
#10509 = ORIENTED_EDGE('',*,*,#10510,.F.);
#10510 = EDGE_CURVE('',#10511,#10511,#10513,.T.);
#10511 = VERTEX_POINT('',#10512);
#10512 = CARTESIAN_POINT('',(-32.77499074759,-19.5,150.));
#10513 = SURFACE_CURVE('',#10514,(#10519,#10531),.PCURVE_S1.);
#10514 = CIRCLE('',#10515,1.);
#10515 = AXIS2_PLACEMENT_3D('',#10516,#10517,#10518);
#10516 = CARTESIAN_POINT('',(-33.77499074759,-19.5,150.));
#10517 = DIRECTION('',(0.,0.,1.));
#10518 = DIRECTION('',(1.,0.,-0.));
#10519 = PCURVE('',#10520,#10525);
#10520 = CYLINDRICAL_SURFACE('',#10521,1.);
#10521 = AXIS2_PLACEMENT_3D('',#10522,#10523,#10524);
#10522 = CARTESIAN_POINT('',(-33.77499074759,-19.5,-150.));
#10523 = DIRECTION('',(0.,0.,1.));
#10524 = DIRECTION('',(1.,0.,-0.));
#10525 = DEFINITIONAL_REPRESENTATION('',(#10526),#10530);
#10526 = LINE('',#10527,#10528);
#10527 = CARTESIAN_POINT('',(0.,300.));
#10528 = VECTOR('',#10529,1.);
#10529 = DIRECTION('',(1.,0.));
#10530 = ( GEOMETRIC_REPRESENTATION_CONTEXT(2) 
PARAMETRIC_REPRESENTATION_CONTEXT() REPRESENTATION_CONTEXT('2D SPACE',''
  ) );
#10531 = PCURVE('',#10532,#10537);
#10532 = PLANE('',#10533);
#10533 = AXIS2_PLACEMENT_3D('',#10534,#10535,#10536);
#10534 = CARTESIAN_POINT('',(-33.77499074759,-19.5,150.));
#10535 = DIRECTION('',(0.,0.,1.));
#10536 = DIRECTION('',(1.,0.,-0.));
#10537 = DEFINITIONAL_REPRESENTATION('',(#10538),#10542);
#10538 = CIRCLE('',#10539,1.);
#10539 = AXIS2_PLACEMENT_2D('',#10540,#10541);
#10540 = CARTESIAN_POINT('',(0.,0.));
#10541 = DIRECTION('',(1.,0.));
#10542 = ( GEOMETRIC_REPRESENTATION_CONTEXT(2) 
PARAMETRIC_REPRESENTATION_CONTEXT() REPRESENTATION_CONTEXT('2D SPACE',''
  ) );
#10543 = ORIENTED_EDGE('',*,*,#10544,.F.);
#10544 = EDGE_CURVE('',#10545,#10511,#10547,.T.);
#10545 = VERTEX_POINT('',#10546);
#10546 = CARTESIAN_POINT('',(-32.77499074759,-19.5,-150.));
#10547 = SEAM_CURVE('',#10548,(#10552,#10559),.PCURVE_S1.);
#10548 = LINE('',#10549,#10550);
#10549 = CARTESIAN_POINT('',(-32.77499074759,-19.5,-150.));
#10550 = VECTOR('',#10551,1.);
#10551 = DIRECTION('',(0.,0.,1.));
#10552 = PCURVE('',#10520,#10553);
#10553 = DEFINITIONAL_REPRESENTATION('',(#10554),#10558);
#10554 = LINE('',#10555,#10556);
#10555 = CARTESIAN_POINT('',(6.28318530718,-0.));
#10556 = VECTOR('',#10557,1.);
#10557 = DIRECTION('',(0.,1.));
#10558 = ( GEOMETRIC_REPRESENTATION_CONTEXT(2) 
PARAMETRIC_REPRESENTATION_CONTEXT() REPRESENTATION_CONTEXT('2D SPACE',''
  ) );
#10559 = PCURVE('',#10520,#10560);
#10560 = DEFINITIONAL_REPRESENTATION('',(#10561),#10565);
#10561 = LINE('',#10562,#10563);
#10562 = CARTESIAN_POINT('',(0.,-0.));
#10563 = VECTOR('',#10564,1.);
#10564 = DIRECTION('',(0.,1.));
#10565 = ( GEOMETRIC_REPRESENTATION_CONTEXT(2) 
PARAMETRIC_REPRESENTATION_CONTEXT() REPRESENTATION_CONTEXT('2D SPACE',''
  ) );
#10566 = ORIENTED_EDGE('',*,*,#10567,.T.);
#10567 = EDGE_CURVE('',#10545,#10545,#10568,.T.);
#10568 = SURFACE_CURVE('',#10569,(#10574,#10581),.PCURVE_S1.);
#10569 = CIRCLE('',#10570,1.);
#10570 = AXIS2_PLACEMENT_3D('',#10571,#10572,#10573);
#10571 = CARTESIAN_POINT('',(-33.77499074759,-19.5,-150.));
#10572 = DIRECTION('',(0.,0.,1.));
#10573 = DIRECTION('',(1.,0.,-0.));
#10574 = PCURVE('',#10520,#10575);
#10575 = DEFINITIONAL_REPRESENTATION('',(#10576),#10580);
#10576 = LINE('',#10577,#10578);
#10577 = CARTESIAN_POINT('',(0.,0.));
#10578 = VECTOR('',#10579,1.);
#10579 = DIRECTION('',(1.,0.));
#10580 = ( GEOMETRIC_REPRESENTATION_CONTEXT(2) 
PARAMETRIC_REPRESENTATION_CONTEXT() REPRESENTATION_CONTEXT('2D SPACE',''
  ) );
#10581 = PCURVE('',#10582,#10587);
#10582 = PLANE('',#10583);
#10583 = AXIS2_PLACEMENT_3D('',#10584,#10585,#10586);
#10584 = CARTESIAN_POINT('',(-33.77499074759,-19.5,-150.));
#10585 = DIRECTION('',(0.,0.,1.));
#10586 = DIRECTION('',(1.,0.,-0.));
#10587 = DEFINITIONAL_REPRESENTATION('',(#10588),#10592);
#10588 = CIRCLE('',#10589,1.);
#10589 = AXIS2_PLACEMENT_2D('',#10590,#10591);
#10590 = CARTESIAN_POINT('',(0.,0.));
#10591 = DIRECTION('',(1.,0.));
#10592 = ( GEOMETRIC_REPRESENTATION_CONTEXT(2) 
PARAMETRIC_REPRESENTATION_CONTEXT() REPRESENTATION_CONTEXT('2D SPACE',''
  ) );
#10593 = ORIENTED_EDGE('',*,*,#10544,.T.);
#10594 = ADVANCED_FACE('',(#10595),#10532,.T.);
#10595 = FACE_BOUND('',#10596,.T.);
#10596 = EDGE_LOOP('',(#10597));
#10597 = ORIENTED_EDGE('',*,*,#10510,.T.);
#10598 = ADVANCED_FACE('',(#10599),#10582,.F.);
#10599 = FACE_BOUND('',#10600,.T.);
#10600 = EDGE_LOOP('',(#10601));
#10601 = ORIENTED_EDGE('',*,*,#10567,.F.);
#10602 = ( GEOMETRIC_REPRESENTATION_CONTEXT(3) 
GLOBAL_UNCERTAINTY_ASSIGNED_CONTEXT((#10606)) 
GLOBAL_UNIT_ASSIGNED_CONTEXT((#10603,#10604,#10605)) 
REPRESENTATION_CONTEXT('Context #1',
  '3D Context with UNIT and UNCERTAINTY') );
#10603 = ( LENGTH_UNIT() NAMED_UNIT(*) SI_UNIT(.MILLI.,.METRE.) );
#10604 = ( NAMED_UNIT(*) PLANE_ANGLE_UNIT() SI_UNIT($,.RADIAN.) );
#10605 = ( NAMED_UNIT(*) SI_UNIT($,.STERADIAN.) SOLID_ANGLE_UNIT() );
#10606 = UNCERTAINTY_MEASURE_WITH_UNIT(LENGTH_MEASURE(1.E-07),#10603,
  'distance_accuracy_value','confusion accuracy');
#10607 = SHAPE_DEFINITION_REPRESENTATION(#10608,#10503);
#10608 = PRODUCT_DEFINITION_SHAPE('','',#10609);
#10609 = PRODUCT_DEFINITION('design','',#10610,#10613);
#10610 = PRODUCT_DEFINITION_FORMATION('','',#10611);
#10611 = PRODUCT('Open CASCADE STEP translator 7.5 2.5.2',
  'Open CASCADE STEP translator 7.5 2.5.2','',(#10612));
#10612 = PRODUCT_CONTEXT('',#2,'mechanical');
#10613 = PRODUCT_DEFINITION_CONTEXT('part definition',#2,'design');
#10614 = CONTEXT_DEPENDENT_SHAPE_REPRESENTATION(#10615,#10617);
#10615 = ( REPRESENTATION_RELATIONSHIP('','',#10503,#10360) 
REPRESENTATION_RELATIONSHIP_WITH_TRANSFORMATION(#10616) 
SHAPE_REPRESENTATION_RELATIONSHIP() );
#10616 = ITEM_DEFINED_TRANSFORMATION('','',#11,#10365);
#10617 = PRODUCT_DEFINITION_SHAPE('Placement','Placement of an item',
  #10618);
#10618 = NEXT_ASSEMBLY_USAGE_OCCURRENCE('21','','',#10355,#10609,$);
#10619 = PRODUCT_RELATED_PRODUCT_CATEGORY('part',$,(#10611));
#10620 = ADVANCED_BREP_SHAPE_REPRESENTATION('',(#11,#10621),#10719);
#10621 = MANIFOLD_SOLID_BREP('',#10622);
#10622 = CLOSED_SHELL('',(#10623,#10711,#10715));
#10623 = ADVANCED_FACE('',(#10624),#10637,.T.);
#10624 = FACE_BOUND('',#10625,.T.);
#10625 = EDGE_LOOP('',(#10626,#10660,#10683,#10710));
#10626 = ORIENTED_EDGE('',*,*,#10627,.F.);
#10627 = EDGE_CURVE('',#10628,#10628,#10630,.T.);
#10628 = VERTEX_POINT('',#10629);
#10629 = CARTESIAN_POINT('',(1.,-39.,150.));
#10630 = SURFACE_CURVE('',#10631,(#10636,#10648),.PCURVE_S1.);
#10631 = CIRCLE('',#10632,1.);
#10632 = AXIS2_PLACEMENT_3D('',#10633,#10634,#10635);
#10633 = CARTESIAN_POINT('',(-7.164183775012E-15,-39.,150.));
#10634 = DIRECTION('',(0.,0.,1.));
#10635 = DIRECTION('',(1.,0.,-0.));
#10636 = PCURVE('',#10637,#10642);
#10637 = CYLINDRICAL_SURFACE('',#10638,1.);
#10638 = AXIS2_PLACEMENT_3D('',#10639,#10640,#10641);
#10639 = CARTESIAN_POINT('',(-7.164183775012E-15,-39.,-150.));
#10640 = DIRECTION('',(0.,0.,1.));
#10641 = DIRECTION('',(1.,0.,-0.));
#10642 = DEFINITIONAL_REPRESENTATION('',(#10643),#10647);
#10643 = LINE('',#10644,#10645);
#10644 = CARTESIAN_POINT('',(0.,300.));
#10645 = VECTOR('',#10646,1.);
#10646 = DIRECTION('',(1.,0.));
#10647 = ( GEOMETRIC_REPRESENTATION_CONTEXT(2) 
PARAMETRIC_REPRESENTATION_CONTEXT() REPRESENTATION_CONTEXT('2D SPACE',''
  ) );
#10648 = PCURVE('',#10649,#10654);
#10649 = PLANE('',#10650);
#10650 = AXIS2_PLACEMENT_3D('',#10651,#10652,#10653);
#10651 = CARTESIAN_POINT('',(-7.164183775012E-15,-39.,150.));
#10652 = DIRECTION('',(0.,0.,1.));
#10653 = DIRECTION('',(1.,0.,-0.));
#10654 = DEFINITIONAL_REPRESENTATION('',(#10655),#10659);
#10655 = CIRCLE('',#10656,1.);
#10656 = AXIS2_PLACEMENT_2D('',#10657,#10658);
#10657 = CARTESIAN_POINT('',(0.,0.));
#10658 = DIRECTION('',(1.,0.));
#10659 = ( GEOMETRIC_REPRESENTATION_CONTEXT(2) 
PARAMETRIC_REPRESENTATION_CONTEXT() REPRESENTATION_CONTEXT('2D SPACE',''
  ) );
#10660 = ORIENTED_EDGE('',*,*,#10661,.F.);
#10661 = EDGE_CURVE('',#10662,#10628,#10664,.T.);
#10662 = VERTEX_POINT('',#10663);
#10663 = CARTESIAN_POINT('',(1.,-39.,-150.));
#10664 = SEAM_CURVE('',#10665,(#10669,#10676),.PCURVE_S1.);
#10665 = LINE('',#10666,#10667);
#10666 = CARTESIAN_POINT('',(1.,-39.,-150.));
#10667 = VECTOR('',#10668,1.);
#10668 = DIRECTION('',(0.,0.,1.));
#10669 = PCURVE('',#10637,#10670);
#10670 = DEFINITIONAL_REPRESENTATION('',(#10671),#10675);
#10671 = LINE('',#10672,#10673);
#10672 = CARTESIAN_POINT('',(6.28318530718,-0.));
#10673 = VECTOR('',#10674,1.);
#10674 = DIRECTION('',(0.,1.));
#10675 = ( GEOMETRIC_REPRESENTATION_CONTEXT(2) 
PARAMETRIC_REPRESENTATION_CONTEXT() REPRESENTATION_CONTEXT('2D SPACE',''
  ) );
#10676 = PCURVE('',#10637,#10677);
#10677 = DEFINITIONAL_REPRESENTATION('',(#10678),#10682);
#10678 = LINE('',#10679,#10680);
#10679 = CARTESIAN_POINT('',(0.,-0.));
#10680 = VECTOR('',#10681,1.);
#10681 = DIRECTION('',(0.,1.));
#10682 = ( GEOMETRIC_REPRESENTATION_CONTEXT(2) 
PARAMETRIC_REPRESENTATION_CONTEXT() REPRESENTATION_CONTEXT('2D SPACE',''
  ) );
#10683 = ORIENTED_EDGE('',*,*,#10684,.T.);
#10684 = EDGE_CURVE('',#10662,#10662,#10685,.T.);
#10685 = SURFACE_CURVE('',#10686,(#10691,#10698),.PCURVE_S1.);
#10686 = CIRCLE('',#10687,1.);
#10687 = AXIS2_PLACEMENT_3D('',#10688,#10689,#10690);
#10688 = CARTESIAN_POINT('',(-7.164183775012E-15,-39.,-150.));
#10689 = DIRECTION('',(0.,0.,1.));
#10690 = DIRECTION('',(1.,0.,-0.));
#10691 = PCURVE('',#10637,#10692);
#10692 = DEFINITIONAL_REPRESENTATION('',(#10693),#10697);
#10693 = LINE('',#10694,#10695);
#10694 = CARTESIAN_POINT('',(0.,0.));
#10695 = VECTOR('',#10696,1.);
#10696 = DIRECTION('',(1.,0.));
#10697 = ( GEOMETRIC_REPRESENTATION_CONTEXT(2) 
PARAMETRIC_REPRESENTATION_CONTEXT() REPRESENTATION_CONTEXT('2D SPACE',''
  ) );
#10698 = PCURVE('',#10699,#10704);
#10699 = PLANE('',#10700);
#10700 = AXIS2_PLACEMENT_3D('',#10701,#10702,#10703);
#10701 = CARTESIAN_POINT('',(-7.164183775012E-15,-39.,-150.));
#10702 = DIRECTION('',(0.,0.,1.));
#10703 = DIRECTION('',(1.,0.,-0.));
#10704 = DEFINITIONAL_REPRESENTATION('',(#10705),#10709);
#10705 = CIRCLE('',#10706,1.);
#10706 = AXIS2_PLACEMENT_2D('',#10707,#10708);
#10707 = CARTESIAN_POINT('',(0.,0.));
#10708 = DIRECTION('',(1.,0.));
#10709 = ( GEOMETRIC_REPRESENTATION_CONTEXT(2) 
PARAMETRIC_REPRESENTATION_CONTEXT() REPRESENTATION_CONTEXT('2D SPACE',''
  ) );
#10710 = ORIENTED_EDGE('',*,*,#10661,.T.);
#10711 = ADVANCED_FACE('',(#10712),#10649,.T.);
#10712 = FACE_BOUND('',#10713,.T.);
#10713 = EDGE_LOOP('',(#10714));
#10714 = ORIENTED_EDGE('',*,*,#10627,.T.);
#10715 = ADVANCED_FACE('',(#10716),#10699,.F.);
#10716 = FACE_BOUND('',#10717,.T.);
#10717 = EDGE_LOOP('',(#10718));
#10718 = ORIENTED_EDGE('',*,*,#10684,.F.);
#10719 = ( GEOMETRIC_REPRESENTATION_CONTEXT(3) 
GLOBAL_UNCERTAINTY_ASSIGNED_CONTEXT((#10723)) 
GLOBAL_UNIT_ASSIGNED_CONTEXT((#10720,#10721,#10722)) 
REPRESENTATION_CONTEXT('Context #1',
  '3D Context with UNIT and UNCERTAINTY') );
#10720 = ( LENGTH_UNIT() NAMED_UNIT(*) SI_UNIT(.MILLI.,.METRE.) );
#10721 = ( NAMED_UNIT(*) PLANE_ANGLE_UNIT() SI_UNIT($,.RADIAN.) );
#10722 = ( NAMED_UNIT(*) SI_UNIT($,.STERADIAN.) SOLID_ANGLE_UNIT() );
#10723 = UNCERTAINTY_MEASURE_WITH_UNIT(LENGTH_MEASURE(1.E-07),#10720,
  'distance_accuracy_value','confusion accuracy');
#10724 = SHAPE_DEFINITION_REPRESENTATION(#10725,#10620);
#10725 = PRODUCT_DEFINITION_SHAPE('','',#10726);
#10726 = PRODUCT_DEFINITION('design','',#10727,#10730);
#10727 = PRODUCT_DEFINITION_FORMATION('','',#10728);
#10728 = PRODUCT('Open CASCADE STEP translator 7.5 2.5.3',
  'Open CASCADE STEP translator 7.5 2.5.3','',(#10729));
#10729 = PRODUCT_CONTEXT('',#2,'mechanical');
#10730 = PRODUCT_DEFINITION_CONTEXT('part definition',#2,'design');
#10731 = CONTEXT_DEPENDENT_SHAPE_REPRESENTATION(#10732,#10734);
#10732 = ( REPRESENTATION_RELATIONSHIP('','',#10620,#10360) 
REPRESENTATION_RELATIONSHIP_WITH_TRANSFORMATION(#10733) 
SHAPE_REPRESENTATION_RELATIONSHIP() );
#10733 = ITEM_DEFINED_TRANSFORMATION('','',#11,#10369);
#10734 = PRODUCT_DEFINITION_SHAPE('Placement','Placement of an item',
  #10735);
#10735 = NEXT_ASSEMBLY_USAGE_OCCURRENCE('22','','',#10355,#10726,$);
#10736 = PRODUCT_RELATED_PRODUCT_CATEGORY('part',$,(#10728));
#10737 = ADVANCED_BREP_SHAPE_REPRESENTATION('',(#11,#10738),#10836);
#10738 = MANIFOLD_SOLID_BREP('',#10739);
#10739 = CLOSED_SHELL('',(#10740,#10828,#10832));
#10740 = ADVANCED_FACE('',(#10741),#10754,.T.);
#10741 = FACE_BOUND('',#10742,.T.);
#10742 = EDGE_LOOP('',(#10743,#10777,#10800,#10827));
#10743 = ORIENTED_EDGE('',*,*,#10744,.F.);
#10744 = EDGE_CURVE('',#10745,#10745,#10747,.T.);
#10745 = VERTEX_POINT('',#10746);
#10746 = CARTESIAN_POINT('',(34.774990747593,-19.5,150.));
#10747 = SURFACE_CURVE('',#10748,(#10753,#10765),.PCURVE_S1.);
#10748 = CIRCLE('',#10749,1.);
#10749 = AXIS2_PLACEMENT_3D('',#10750,#10751,#10752);
#10750 = CARTESIAN_POINT('',(33.774990747593,-19.5,150.));
#10751 = DIRECTION('',(0.,0.,1.));
#10752 = DIRECTION('',(1.,0.,-0.));
#10753 = PCURVE('',#10754,#10759);
#10754 = CYLINDRICAL_SURFACE('',#10755,1.);
#10755 = AXIS2_PLACEMENT_3D('',#10756,#10757,#10758);
#10756 = CARTESIAN_POINT('',(33.774990747593,-19.5,-150.));
#10757 = DIRECTION('',(0.,0.,1.));
#10758 = DIRECTION('',(1.,0.,-0.));
#10759 = DEFINITIONAL_REPRESENTATION('',(#10760),#10764);
#10760 = LINE('',#10761,#10762);
#10761 = CARTESIAN_POINT('',(0.,300.));
#10762 = VECTOR('',#10763,1.);
#10763 = DIRECTION('',(1.,0.));
#10764 = ( GEOMETRIC_REPRESENTATION_CONTEXT(2) 
PARAMETRIC_REPRESENTATION_CONTEXT() REPRESENTATION_CONTEXT('2D SPACE',''
  ) );
#10765 = PCURVE('',#10766,#10771);
#10766 = PLANE('',#10767);
#10767 = AXIS2_PLACEMENT_3D('',#10768,#10769,#10770);
#10768 = CARTESIAN_POINT('',(33.774990747593,-19.5,150.));
#10769 = DIRECTION('',(0.,0.,1.));
#10770 = DIRECTION('',(1.,0.,-0.));
#10771 = DEFINITIONAL_REPRESENTATION('',(#10772),#10776);
#10772 = CIRCLE('',#10773,1.);
#10773 = AXIS2_PLACEMENT_2D('',#10774,#10775);
#10774 = CARTESIAN_POINT('',(0.,0.));
#10775 = DIRECTION('',(1.,0.));
#10776 = ( GEOMETRIC_REPRESENTATION_CONTEXT(2) 
PARAMETRIC_REPRESENTATION_CONTEXT() REPRESENTATION_CONTEXT('2D SPACE',''
  ) );
#10777 = ORIENTED_EDGE('',*,*,#10778,.F.);
#10778 = EDGE_CURVE('',#10779,#10745,#10781,.T.);
#10779 = VERTEX_POINT('',#10780);
#10780 = CARTESIAN_POINT('',(34.774990747593,-19.5,-150.));
#10781 = SEAM_CURVE('',#10782,(#10786,#10793),.PCURVE_S1.);
#10782 = LINE('',#10783,#10784);
#10783 = CARTESIAN_POINT('',(34.774990747593,-19.5,-150.));
#10784 = VECTOR('',#10785,1.);
#10785 = DIRECTION('',(0.,0.,1.));
#10786 = PCURVE('',#10754,#10787);
#10787 = DEFINITIONAL_REPRESENTATION('',(#10788),#10792);
#10788 = LINE('',#10789,#10790);
#10789 = CARTESIAN_POINT('',(6.28318530718,-0.));
#10790 = VECTOR('',#10791,1.);
#10791 = DIRECTION('',(0.,1.));
#10792 = ( GEOMETRIC_REPRESENTATION_CONTEXT(2) 
PARAMETRIC_REPRESENTATION_CONTEXT() REPRESENTATION_CONTEXT('2D SPACE',''
  ) );
#10793 = PCURVE('',#10754,#10794);
#10794 = DEFINITIONAL_REPRESENTATION('',(#10795),#10799);
#10795 = LINE('',#10796,#10797);
#10796 = CARTESIAN_POINT('',(0.,-0.));
#10797 = VECTOR('',#10798,1.);
#10798 = DIRECTION('',(0.,1.));
#10799 = ( GEOMETRIC_REPRESENTATION_CONTEXT(2) 
PARAMETRIC_REPRESENTATION_CONTEXT() REPRESENTATION_CONTEXT('2D SPACE',''
  ) );
#10800 = ORIENTED_EDGE('',*,*,#10801,.T.);
#10801 = EDGE_CURVE('',#10779,#10779,#10802,.T.);
#10802 = SURFACE_CURVE('',#10803,(#10808,#10815),.PCURVE_S1.);
#10803 = CIRCLE('',#10804,1.);
#10804 = AXIS2_PLACEMENT_3D('',#10805,#10806,#10807);
#10805 = CARTESIAN_POINT('',(33.774990747593,-19.5,-150.));
#10806 = DIRECTION('',(0.,0.,1.));
#10807 = DIRECTION('',(1.,0.,-0.));
#10808 = PCURVE('',#10754,#10809);
#10809 = DEFINITIONAL_REPRESENTATION('',(#10810),#10814);
#10810 = LINE('',#10811,#10812);
#10811 = CARTESIAN_POINT('',(0.,0.));
#10812 = VECTOR('',#10813,1.);
#10813 = DIRECTION('',(1.,0.));
#10814 = ( GEOMETRIC_REPRESENTATION_CONTEXT(2) 
PARAMETRIC_REPRESENTATION_CONTEXT() REPRESENTATION_CONTEXT('2D SPACE',''
  ) );
#10815 = PCURVE('',#10816,#10821);
#10816 = PLANE('',#10817);
#10817 = AXIS2_PLACEMENT_3D('',#10818,#10819,#10820);
#10818 = CARTESIAN_POINT('',(33.774990747593,-19.5,-150.));
#10819 = DIRECTION('',(0.,0.,1.));
#10820 = DIRECTION('',(1.,0.,-0.));
#10821 = DEFINITIONAL_REPRESENTATION('',(#10822),#10826);
#10822 = CIRCLE('',#10823,1.);
#10823 = AXIS2_PLACEMENT_2D('',#10824,#10825);
#10824 = CARTESIAN_POINT('',(0.,0.));
#10825 = DIRECTION('',(1.,0.));
#10826 = ( GEOMETRIC_REPRESENTATION_CONTEXT(2) 
PARAMETRIC_REPRESENTATION_CONTEXT() REPRESENTATION_CONTEXT('2D SPACE',''
  ) );
#10827 = ORIENTED_EDGE('',*,*,#10778,.T.);
#10828 = ADVANCED_FACE('',(#10829),#10766,.T.);
#10829 = FACE_BOUND('',#10830,.T.);
#10830 = EDGE_LOOP('',(#10831));
#10831 = ORIENTED_EDGE('',*,*,#10744,.T.);
#10832 = ADVANCED_FACE('',(#10833),#10816,.F.);
#10833 = FACE_BOUND('',#10834,.T.);
#10834 = EDGE_LOOP('',(#10835));
#10835 = ORIENTED_EDGE('',*,*,#10801,.F.);
#10836 = ( GEOMETRIC_REPRESENTATION_CONTEXT(3) 
GLOBAL_UNCERTAINTY_ASSIGNED_CONTEXT((#10840)) 
GLOBAL_UNIT_ASSIGNED_CONTEXT((#10837,#10838,#10839)) 
REPRESENTATION_CONTEXT('Context #1',
  '3D Context with UNIT and UNCERTAINTY') );
#10837 = ( LENGTH_UNIT() NAMED_UNIT(*) SI_UNIT(.MILLI.,.METRE.) );
#10838 = ( NAMED_UNIT(*) PLANE_ANGLE_UNIT() SI_UNIT($,.RADIAN.) );
#10839 = ( NAMED_UNIT(*) SI_UNIT($,.STERADIAN.) SOLID_ANGLE_UNIT() );
#10840 = UNCERTAINTY_MEASURE_WITH_UNIT(LENGTH_MEASURE(1.E-07),#10837,
  'distance_accuracy_value','confusion accuracy');
#10841 = SHAPE_DEFINITION_REPRESENTATION(#10842,#10737);
#10842 = PRODUCT_DEFINITION_SHAPE('','',#10843);
#10843 = PRODUCT_DEFINITION('design','',#10844,#10847);
#10844 = PRODUCT_DEFINITION_FORMATION('','',#10845);
#10845 = PRODUCT('Open CASCADE STEP translator 7.5 2.5.4',
  'Open CASCADE STEP translator 7.5 2.5.4','',(#10846));
#10846 = PRODUCT_CONTEXT('',#2,'mechanical');
#10847 = PRODUCT_DEFINITION_CONTEXT('part definition',#2,'design');
#10848 = CONTEXT_DEPENDENT_SHAPE_REPRESENTATION(#10849,#10851);
#10849 = ( REPRESENTATION_RELATIONSHIP('','',#10737,#10360) 
REPRESENTATION_RELATIONSHIP_WITH_TRANSFORMATION(#10850) 
SHAPE_REPRESENTATION_RELATIONSHIP() );
#10850 = ITEM_DEFINED_TRANSFORMATION('','',#11,#10373);
#10851 = PRODUCT_DEFINITION_SHAPE('Placement','Placement of an item',
  #10852);
#10852 = NEXT_ASSEMBLY_USAGE_OCCURRENCE('23','','',#10355,#10843,$);
#10853 = PRODUCT_RELATED_PRODUCT_CATEGORY('part',$,(#10845));
#10854 = ADVANCED_BREP_SHAPE_REPRESENTATION('',(#11,#10855),#10953);
#10855 = MANIFOLD_SOLID_BREP('',#10856);
#10856 = CLOSED_SHELL('',(#10857,#10945,#10949));
#10857 = ADVANCED_FACE('',(#10858),#10871,.T.);
#10858 = FACE_BOUND('',#10859,.T.);
#10859 = EDGE_LOOP('',(#10860,#10894,#10917,#10944));
#10860 = ORIENTED_EDGE('',*,*,#10861,.F.);
#10861 = EDGE_CURVE('',#10862,#10862,#10864,.T.);
#10862 = VERTEX_POINT('',#10863);
#10863 = CARTESIAN_POINT('',(34.774990747593,19.5,150.));
#10864 = SURFACE_CURVE('',#10865,(#10870,#10882),.PCURVE_S1.);
#10865 = CIRCLE('',#10866,1.);
#10866 = AXIS2_PLACEMENT_3D('',#10867,#10868,#10869);
#10867 = CARTESIAN_POINT('',(33.774990747593,19.5,150.));
#10868 = DIRECTION('',(0.,0.,1.));
#10869 = DIRECTION('',(1.,0.,-0.));
#10870 = PCURVE('',#10871,#10876);
#10871 = CYLINDRICAL_SURFACE('',#10872,1.);
#10872 = AXIS2_PLACEMENT_3D('',#10873,#10874,#10875);
#10873 = CARTESIAN_POINT('',(33.774990747593,19.5,-150.));
#10874 = DIRECTION('',(0.,0.,1.));
#10875 = DIRECTION('',(1.,0.,-0.));
#10876 = DEFINITIONAL_REPRESENTATION('',(#10877),#10881);
#10877 = LINE('',#10878,#10879);
#10878 = CARTESIAN_POINT('',(0.,300.));
#10879 = VECTOR('',#10880,1.);
#10880 = DIRECTION('',(1.,0.));
#10881 = ( GEOMETRIC_REPRESENTATION_CONTEXT(2) 
PARAMETRIC_REPRESENTATION_CONTEXT() REPRESENTATION_CONTEXT('2D SPACE',''
  ) );
#10882 = PCURVE('',#10883,#10888);
#10883 = PLANE('',#10884);
#10884 = AXIS2_PLACEMENT_3D('',#10885,#10886,#10887);
#10885 = CARTESIAN_POINT('',(33.774990747593,19.5,150.));
#10886 = DIRECTION('',(0.,0.,1.));
#10887 = DIRECTION('',(1.,0.,-0.));
#10888 = DEFINITIONAL_REPRESENTATION('',(#10889),#10893);
#10889 = CIRCLE('',#10890,1.);
#10890 = AXIS2_PLACEMENT_2D('',#10891,#10892);
#10891 = CARTESIAN_POINT('',(0.,0.));
#10892 = DIRECTION('',(1.,0.));
#10893 = ( GEOMETRIC_REPRESENTATION_CONTEXT(2) 
PARAMETRIC_REPRESENTATION_CONTEXT() REPRESENTATION_CONTEXT('2D SPACE',''
  ) );
#10894 = ORIENTED_EDGE('',*,*,#10895,.F.);
#10895 = EDGE_CURVE('',#10896,#10862,#10898,.T.);
#10896 = VERTEX_POINT('',#10897);
#10897 = CARTESIAN_POINT('',(34.774990747593,19.5,-150.));
#10898 = SEAM_CURVE('',#10899,(#10903,#10910),.PCURVE_S1.);
#10899 = LINE('',#10900,#10901);
#10900 = CARTESIAN_POINT('',(34.774990747593,19.5,-150.));
#10901 = VECTOR('',#10902,1.);
#10902 = DIRECTION('',(0.,0.,1.));
#10903 = PCURVE('',#10871,#10904);
#10904 = DEFINITIONAL_REPRESENTATION('',(#10905),#10909);
#10905 = LINE('',#10906,#10907);
#10906 = CARTESIAN_POINT('',(6.28318530718,-0.));
#10907 = VECTOR('',#10908,1.);
#10908 = DIRECTION('',(0.,1.));
#10909 = ( GEOMETRIC_REPRESENTATION_CONTEXT(2) 
PARAMETRIC_REPRESENTATION_CONTEXT() REPRESENTATION_CONTEXT('2D SPACE',''
  ) );
#10910 = PCURVE('',#10871,#10911);
#10911 = DEFINITIONAL_REPRESENTATION('',(#10912),#10916);
#10912 = LINE('',#10913,#10914);
#10913 = CARTESIAN_POINT('',(0.,-0.));
#10914 = VECTOR('',#10915,1.);
#10915 = DIRECTION('',(0.,1.));
#10916 = ( GEOMETRIC_REPRESENTATION_CONTEXT(2) 
PARAMETRIC_REPRESENTATION_CONTEXT() REPRESENTATION_CONTEXT('2D SPACE',''
  ) );
#10917 = ORIENTED_EDGE('',*,*,#10918,.T.);
#10918 = EDGE_CURVE('',#10896,#10896,#10919,.T.);
#10919 = SURFACE_CURVE('',#10920,(#10925,#10932),.PCURVE_S1.);
#10920 = CIRCLE('',#10921,1.);
#10921 = AXIS2_PLACEMENT_3D('',#10922,#10923,#10924);
#10922 = CARTESIAN_POINT('',(33.774990747593,19.5,-150.));
#10923 = DIRECTION('',(0.,0.,1.));
#10924 = DIRECTION('',(1.,0.,-0.));
#10925 = PCURVE('',#10871,#10926);
#10926 = DEFINITIONAL_REPRESENTATION('',(#10927),#10931);
#10927 = LINE('',#10928,#10929);
#10928 = CARTESIAN_POINT('',(0.,0.));
#10929 = VECTOR('',#10930,1.);
#10930 = DIRECTION('',(1.,0.));
#10931 = ( GEOMETRIC_REPRESENTATION_CONTEXT(2) 
PARAMETRIC_REPRESENTATION_CONTEXT() REPRESENTATION_CONTEXT('2D SPACE',''
  ) );
#10932 = PCURVE('',#10933,#10938);
#10933 = PLANE('',#10934);
#10934 = AXIS2_PLACEMENT_3D('',#10935,#10936,#10937);
#10935 = CARTESIAN_POINT('',(33.774990747593,19.5,-150.));
#10936 = DIRECTION('',(0.,0.,1.));
#10937 = DIRECTION('',(1.,0.,-0.));
#10938 = DEFINITIONAL_REPRESENTATION('',(#10939),#10943);
#10939 = CIRCLE('',#10940,1.);
#10940 = AXIS2_PLACEMENT_2D('',#10941,#10942);
#10941 = CARTESIAN_POINT('',(0.,0.));
#10942 = DIRECTION('',(1.,0.));
#10943 = ( GEOMETRIC_REPRESENTATION_CONTEXT(2) 
PARAMETRIC_REPRESENTATION_CONTEXT() REPRESENTATION_CONTEXT('2D SPACE',''
  ) );
#10944 = ORIENTED_EDGE('',*,*,#10895,.T.);
#10945 = ADVANCED_FACE('',(#10946),#10883,.T.);
#10946 = FACE_BOUND('',#10947,.T.);
#10947 = EDGE_LOOP('',(#10948));
#10948 = ORIENTED_EDGE('',*,*,#10861,.T.);
#10949 = ADVANCED_FACE('',(#10950),#10933,.F.);
#10950 = FACE_BOUND('',#10951,.T.);
#10951 = EDGE_LOOP('',(#10952));
#10952 = ORIENTED_EDGE('',*,*,#10918,.F.);
#10953 = ( GEOMETRIC_REPRESENTATION_CONTEXT(3) 
GLOBAL_UNCERTAINTY_ASSIGNED_CONTEXT((#10957)) 
GLOBAL_UNIT_ASSIGNED_CONTEXT((#10954,#10955,#10956)) 
REPRESENTATION_CONTEXT('Context #1',
  '3D Context with UNIT and UNCERTAINTY') );
#10954 = ( LENGTH_UNIT() NAMED_UNIT(*) SI_UNIT(.MILLI.,.METRE.) );
#10955 = ( NAMED_UNIT(*) PLANE_ANGLE_UNIT() SI_UNIT($,.RADIAN.) );
#10956 = ( NAMED_UNIT(*) SI_UNIT($,.STERADIAN.) SOLID_ANGLE_UNIT() );
#10957 = UNCERTAINTY_MEASURE_WITH_UNIT(LENGTH_MEASURE(1.E-07),#10954,
  'distance_accuracy_value','confusion accuracy');
#10958 = SHAPE_DEFINITION_REPRESENTATION(#10959,#10854);
#10959 = PRODUCT_DEFINITION_SHAPE('','',#10960);
#10960 = PRODUCT_DEFINITION('design','',#10961,#10964);
#10961 = PRODUCT_DEFINITION_FORMATION('','',#10962);
#10962 = PRODUCT('Open CASCADE STEP translator 7.5 2.5.5',
  'Open CASCADE STEP translator 7.5 2.5.5','',(#10963));
#10963 = PRODUCT_CONTEXT('',#2,'mechanical');
#10964 = PRODUCT_DEFINITION_CONTEXT('part definition',#2,'design');
#10965 = CONTEXT_DEPENDENT_SHAPE_REPRESENTATION(#10966,#10968);
#10966 = ( REPRESENTATION_RELATIONSHIP('','',#10854,#10360) 
REPRESENTATION_RELATIONSHIP_WITH_TRANSFORMATION(#10967) 
SHAPE_REPRESENTATION_RELATIONSHIP() );
#10967 = ITEM_DEFINED_TRANSFORMATION('','',#11,#10377);
#10968 = PRODUCT_DEFINITION_SHAPE('Placement','Placement of an item',
  #10969);
#10969 = NEXT_ASSEMBLY_USAGE_OCCURRENCE('24','','',#10355,#10960,$);
#10970 = PRODUCT_RELATED_PRODUCT_CATEGORY('part',$,(#10962));
#10971 = CONTEXT_DEPENDENT_SHAPE_REPRESENTATION(#10972,#10974);
#10972 = ( REPRESENTATION_RELATIONSHIP('','',#10360,#10) 
REPRESENTATION_RELATIONSHIP_WITH_TRANSFORMATION(#10973) 
SHAPE_REPRESENTATION_RELATIONSHIP() );
#10973 = ITEM_DEFINED_TRANSFORMATION('','',#11,#31);
#10974 = PRODUCT_DEFINITION_SHAPE('Placement','Placement of an item',
  #10975);
#10975 = NEXT_ASSEMBLY_USAGE_OCCURRENCE('25','','',#5,#10355,$);
#10976 = PRODUCT_RELATED_PRODUCT_CATEGORY('part',$,(#10357));
#10977 = ADVANCED_BREP_SHAPE_REPRESENTATION('',(#11,#10978),#11308);
#10978 = MANIFOLD_SOLID_BREP('',#10979);
#10979 = CLOSED_SHELL('',(#10980,#11100,#11176,#11247,#11294,#11301));
#10980 = ADVANCED_FACE('',(#10981),#10995,.T.);
#10981 = FACE_BOUND('',#10982,.T.);
#10982 = EDGE_LOOP('',(#10983,#11018,#11046,#11074));
#10983 = ORIENTED_EDGE('',*,*,#10984,.T.);
#10984 = EDGE_CURVE('',#10985,#10987,#10989,.T.);
#10985 = VERTEX_POINT('',#10986);
#10986 = CARTESIAN_POINT('',(-6.,40.,-150.));
#10987 = VERTEX_POINT('',#10988);
#10988 = CARTESIAN_POINT('',(-6.,40.,150.));
#10989 = SURFACE_CURVE('',#10990,(#10994,#11006),.PCURVE_S1.);
#10990 = LINE('',#10991,#10992);
#10991 = CARTESIAN_POINT('',(-6.,40.,-150.));
#10992 = VECTOR('',#10993,1.);
#10993 = DIRECTION('',(0.,0.,1.));
#10994 = PCURVE('',#10995,#11000);
#10995 = PLANE('',#10996);
#10996 = AXIS2_PLACEMENT_3D('',#10997,#10998,#10999);
#10997 = CARTESIAN_POINT('',(-6.,40.,-150.));
#10998 = DIRECTION('',(0.,1.,0.));
#10999 = DIRECTION('',(1.,0.,0.));
#11000 = DEFINITIONAL_REPRESENTATION('',(#11001),#11005);
#11001 = LINE('',#11002,#11003);
#11002 = CARTESIAN_POINT('',(0.,0.));
#11003 = VECTOR('',#11004,1.);
#11004 = DIRECTION('',(0.,-1.));
#11005 = ( GEOMETRIC_REPRESENTATION_CONTEXT(2) 
PARAMETRIC_REPRESENTATION_CONTEXT() REPRESENTATION_CONTEXT('2D SPACE',''
  ) );
#11006 = PCURVE('',#11007,#11012);
#11007 = PLANE('',#11008);
#11008 = AXIS2_PLACEMENT_3D('',#11009,#11010,#11011);
#11009 = CARTESIAN_POINT('',(-6.,38.5,-150.));
#11010 = DIRECTION('',(-1.,0.,0.));
#11011 = DIRECTION('',(0.,1.,0.));
#11012 = DEFINITIONAL_REPRESENTATION('',(#11013),#11017);
#11013 = LINE('',#11014,#11015);
#11014 = CARTESIAN_POINT('',(1.5,0.));
#11015 = VECTOR('',#11016,1.);
#11016 = DIRECTION('',(0.,-1.));
#11017 = ( GEOMETRIC_REPRESENTATION_CONTEXT(2) 
PARAMETRIC_REPRESENTATION_CONTEXT() REPRESENTATION_CONTEXT('2D SPACE',''
  ) );
#11018 = ORIENTED_EDGE('',*,*,#11019,.T.);
#11019 = EDGE_CURVE('',#10987,#11020,#11022,.T.);
#11020 = VERTEX_POINT('',#11021);
#11021 = CARTESIAN_POINT('',(6.,40.,150.));
#11022 = SURFACE_CURVE('',#11023,(#11027,#11034),.PCURVE_S1.);
#11023 = LINE('',#11024,#11025);
#11024 = CARTESIAN_POINT('',(-6.,40.,150.));
#11025 = VECTOR('',#11026,1.);
#11026 = DIRECTION('',(1.,0.,0.));
#11027 = PCURVE('',#10995,#11028);
#11028 = DEFINITIONAL_REPRESENTATION('',(#11029),#11033);
#11029 = LINE('',#11030,#11031);
#11030 = CARTESIAN_POINT('',(0.,-300.));
#11031 = VECTOR('',#11032,1.);
#11032 = DIRECTION('',(1.,0.));
#11033 = ( GEOMETRIC_REPRESENTATION_CONTEXT(2) 
PARAMETRIC_REPRESENTATION_CONTEXT() REPRESENTATION_CONTEXT('2D SPACE',''
  ) );
#11034 = PCURVE('',#11035,#11040);
#11035 = PLANE('',#11036);
#11036 = AXIS2_PLACEMENT_3D('',#11037,#11038,#11039);
#11037 = CARTESIAN_POINT('',(2.236893797763E-15,39.25,150.));
#11038 = DIRECTION('',(-0.,-0.,-1.));
#11039 = DIRECTION('',(-1.,0.,0.));
#11040 = DEFINITIONAL_REPRESENTATION('',(#11041),#11045);
#11041 = LINE('',#11042,#11043);
#11042 = CARTESIAN_POINT('',(6.,0.75));
#11043 = VECTOR('',#11044,1.);
#11044 = DIRECTION('',(-1.,0.));
#11045 = ( GEOMETRIC_REPRESENTATION_CONTEXT(2) 
PARAMETRIC_REPRESENTATION_CONTEXT() REPRESENTATION_CONTEXT('2D SPACE',''
  ) );
#11046 = ORIENTED_EDGE('',*,*,#11047,.F.);
#11047 = EDGE_CURVE('',#11048,#11020,#11050,.T.);
#11048 = VERTEX_POINT('',#11049);
#11049 = CARTESIAN_POINT('',(6.,40.,-150.));
#11050 = SURFACE_CURVE('',#11051,(#11055,#11062),.PCURVE_S1.);
#11051 = LINE('',#11052,#11053);
#11052 = CARTESIAN_POINT('',(6.,40.,-150.));
#11053 = VECTOR('',#11054,1.);
#11054 = DIRECTION('',(0.,0.,1.));
#11055 = PCURVE('',#10995,#11056);
#11056 = DEFINITIONAL_REPRESENTATION('',(#11057),#11061);
#11057 = LINE('',#11058,#11059);
#11058 = CARTESIAN_POINT('',(12.,0.));
#11059 = VECTOR('',#11060,1.);
#11060 = DIRECTION('',(0.,-1.));
#11061 = ( GEOMETRIC_REPRESENTATION_CONTEXT(2) 
PARAMETRIC_REPRESENTATION_CONTEXT() REPRESENTATION_CONTEXT('2D SPACE',''
  ) );
#11062 = PCURVE('',#11063,#11068);
#11063 = PLANE('',#11064);
#11064 = AXIS2_PLACEMENT_3D('',#11065,#11066,#11067);
#11065 = CARTESIAN_POINT('',(6.,40.,-150.));
#11066 = DIRECTION('',(1.,0.,-0.));
#11067 = DIRECTION('',(0.,-1.,0.));
#11068 = DEFINITIONAL_REPRESENTATION('',(#11069),#11073);
#11069 = LINE('',#11070,#11071);
#11070 = CARTESIAN_POINT('',(0.,0.));
#11071 = VECTOR('',#11072,1.);
#11072 = DIRECTION('',(0.,-1.));
#11073 = ( GEOMETRIC_REPRESENTATION_CONTEXT(2) 
PARAMETRIC_REPRESENTATION_CONTEXT() REPRESENTATION_CONTEXT('2D SPACE',''
  ) );
#11074 = ORIENTED_EDGE('',*,*,#11075,.F.);
#11075 = EDGE_CURVE('',#10985,#11048,#11076,.T.);
#11076 = SURFACE_CURVE('',#11077,(#11081,#11088),.PCURVE_S1.);
#11077 = LINE('',#11078,#11079);
#11078 = CARTESIAN_POINT('',(-6.,40.,-150.));
#11079 = VECTOR('',#11080,1.);
#11080 = DIRECTION('',(1.,0.,0.));
#11081 = PCURVE('',#10995,#11082);
#11082 = DEFINITIONAL_REPRESENTATION('',(#11083),#11087);
#11083 = LINE('',#11084,#11085);
#11084 = CARTESIAN_POINT('',(0.,0.));
#11085 = VECTOR('',#11086,1.);
#11086 = DIRECTION('',(1.,0.));
#11087 = ( GEOMETRIC_REPRESENTATION_CONTEXT(2) 
PARAMETRIC_REPRESENTATION_CONTEXT() REPRESENTATION_CONTEXT('2D SPACE',''
  ) );
#11088 = PCURVE('',#11089,#11094);
#11089 = PLANE('',#11090);
#11090 = AXIS2_PLACEMENT_3D('',#11091,#11092,#11093);
#11091 = CARTESIAN_POINT('',(2.236893797763E-15,39.25,-150.));
#11092 = DIRECTION('',(-0.,-0.,-1.));
#11093 = DIRECTION('',(-1.,0.,0.));
#11094 = DEFINITIONAL_REPRESENTATION('',(#11095),#11099);
#11095 = LINE('',#11096,#11097);
#11096 = CARTESIAN_POINT('',(6.,0.75));
#11097 = VECTOR('',#11098,1.);
#11098 = DIRECTION('',(-1.,0.));
#11099 = ( GEOMETRIC_REPRESENTATION_CONTEXT(2) 
PARAMETRIC_REPRESENTATION_CONTEXT() REPRESENTATION_CONTEXT('2D SPACE',''
  ) );
#11100 = ADVANCED_FACE('',(#11101),#11063,.T.);
#11101 = FACE_BOUND('',#11102,.T.);
#11102 = EDGE_LOOP('',(#11103,#11104,#11127,#11155));
#11103 = ORIENTED_EDGE('',*,*,#11047,.T.);
#11104 = ORIENTED_EDGE('',*,*,#11105,.T.);
#11105 = EDGE_CURVE('',#11020,#11106,#11108,.T.);
#11106 = VERTEX_POINT('',#11107);
#11107 = CARTESIAN_POINT('',(6.,38.5,150.));
#11108 = SURFACE_CURVE('',#11109,(#11113,#11120),.PCURVE_S1.);
#11109 = LINE('',#11110,#11111);
#11110 = CARTESIAN_POINT('',(6.,40.,150.));
#11111 = VECTOR('',#11112,1.);
#11112 = DIRECTION('',(0.,-1.,0.));
#11113 = PCURVE('',#11063,#11114);
#11114 = DEFINITIONAL_REPRESENTATION('',(#11115),#11119);
#11115 = LINE('',#11116,#11117);
#11116 = CARTESIAN_POINT('',(0.,-300.));
#11117 = VECTOR('',#11118,1.);
#11118 = DIRECTION('',(1.,0.));
#11119 = ( GEOMETRIC_REPRESENTATION_CONTEXT(2) 
PARAMETRIC_REPRESENTATION_CONTEXT() REPRESENTATION_CONTEXT('2D SPACE',''
  ) );
#11120 = PCURVE('',#11035,#11121);
#11121 = DEFINITIONAL_REPRESENTATION('',(#11122),#11126);
#11122 = LINE('',#11123,#11124);
#11123 = CARTESIAN_POINT('',(-6.,0.75));
#11124 = VECTOR('',#11125,1.);
#11125 = DIRECTION('',(0.,-1.));
#11126 = ( GEOMETRIC_REPRESENTATION_CONTEXT(2) 
PARAMETRIC_REPRESENTATION_CONTEXT() REPRESENTATION_CONTEXT('2D SPACE',''
  ) );
#11127 = ORIENTED_EDGE('',*,*,#11128,.F.);
#11128 = EDGE_CURVE('',#11129,#11106,#11131,.T.);
#11129 = VERTEX_POINT('',#11130);
#11130 = CARTESIAN_POINT('',(6.,38.5,-150.));
#11131 = SURFACE_CURVE('',#11132,(#11136,#11143),.PCURVE_S1.);
#11132 = LINE('',#11133,#11134);
#11133 = CARTESIAN_POINT('',(6.,38.5,-150.));
#11134 = VECTOR('',#11135,1.);
#11135 = DIRECTION('',(0.,0.,1.));
#11136 = PCURVE('',#11063,#11137);
#11137 = DEFINITIONAL_REPRESENTATION('',(#11138),#11142);
#11138 = LINE('',#11139,#11140);
#11139 = CARTESIAN_POINT('',(1.5,0.));
#11140 = VECTOR('',#11141,1.);
#11141 = DIRECTION('',(0.,-1.));
#11142 = ( GEOMETRIC_REPRESENTATION_CONTEXT(2) 
PARAMETRIC_REPRESENTATION_CONTEXT() REPRESENTATION_CONTEXT('2D SPACE',''
  ) );
#11143 = PCURVE('',#11144,#11149);
#11144 = PLANE('',#11145);
#11145 = AXIS2_PLACEMENT_3D('',#11146,#11147,#11148);
#11146 = CARTESIAN_POINT('',(6.,38.5,-150.));
#11147 = DIRECTION('',(0.,-1.,0.));
#11148 = DIRECTION('',(-1.,0.,0.));
#11149 = DEFINITIONAL_REPRESENTATION('',(#11150),#11154);
#11150 = LINE('',#11151,#11152);
#11151 = CARTESIAN_POINT('',(0.,-0.));
#11152 = VECTOR('',#11153,1.);
#11153 = DIRECTION('',(0.,-1.));
#11154 = ( GEOMETRIC_REPRESENTATION_CONTEXT(2) 
PARAMETRIC_REPRESENTATION_CONTEXT() REPRESENTATION_CONTEXT('2D SPACE',''
  ) );
#11155 = ORIENTED_EDGE('',*,*,#11156,.F.);
#11156 = EDGE_CURVE('',#11048,#11129,#11157,.T.);
#11157 = SURFACE_CURVE('',#11158,(#11162,#11169),.PCURVE_S1.);
#11158 = LINE('',#11159,#11160);
#11159 = CARTESIAN_POINT('',(6.,40.,-150.));
#11160 = VECTOR('',#11161,1.);
#11161 = DIRECTION('',(0.,-1.,0.));
#11162 = PCURVE('',#11063,#11163);
#11163 = DEFINITIONAL_REPRESENTATION('',(#11164),#11168);
#11164 = LINE('',#11165,#11166);
#11165 = CARTESIAN_POINT('',(0.,0.));
#11166 = VECTOR('',#11167,1.);
#11167 = DIRECTION('',(1.,0.));
#11168 = ( GEOMETRIC_REPRESENTATION_CONTEXT(2) 
PARAMETRIC_REPRESENTATION_CONTEXT() REPRESENTATION_CONTEXT('2D SPACE',''
  ) );
#11169 = PCURVE('',#11089,#11170);
#11170 = DEFINITIONAL_REPRESENTATION('',(#11171),#11175);
#11171 = LINE('',#11172,#11173);
#11172 = CARTESIAN_POINT('',(-6.,0.75));
#11173 = VECTOR('',#11174,1.);
#11174 = DIRECTION('',(0.,-1.));
#11175 = ( GEOMETRIC_REPRESENTATION_CONTEXT(2) 
PARAMETRIC_REPRESENTATION_CONTEXT() REPRESENTATION_CONTEXT('2D SPACE',''
  ) );
#11176 = ADVANCED_FACE('',(#11177),#11144,.T.);
#11177 = FACE_BOUND('',#11178,.T.);
#11178 = EDGE_LOOP('',(#11179,#11180,#11203,#11226));
#11179 = ORIENTED_EDGE('',*,*,#11128,.T.);
#11180 = ORIENTED_EDGE('',*,*,#11181,.T.);
#11181 = EDGE_CURVE('',#11106,#11182,#11184,.T.);
#11182 = VERTEX_POINT('',#11183);
#11183 = CARTESIAN_POINT('',(-6.,38.5,150.));
#11184 = SURFACE_CURVE('',#11185,(#11189,#11196),.PCURVE_S1.);
#11185 = LINE('',#11186,#11187);
#11186 = CARTESIAN_POINT('',(6.,38.5,150.));
#11187 = VECTOR('',#11188,1.);
#11188 = DIRECTION('',(-1.,0.,0.));
#11189 = PCURVE('',#11144,#11190);
#11190 = DEFINITIONAL_REPRESENTATION('',(#11191),#11195);
#11191 = LINE('',#11192,#11193);
#11192 = CARTESIAN_POINT('',(0.,-300.));
#11193 = VECTOR('',#11194,1.);
#11194 = DIRECTION('',(1.,0.));
#11195 = ( GEOMETRIC_REPRESENTATION_CONTEXT(2) 
PARAMETRIC_REPRESENTATION_CONTEXT() REPRESENTATION_CONTEXT('2D SPACE',''
  ) );
#11196 = PCURVE('',#11035,#11197);
#11197 = DEFINITIONAL_REPRESENTATION('',(#11198),#11202);
#11198 = LINE('',#11199,#11200);
#11199 = CARTESIAN_POINT('',(-6.,-0.75));
#11200 = VECTOR('',#11201,1.);
#11201 = DIRECTION('',(1.,0.));
#11202 = ( GEOMETRIC_REPRESENTATION_CONTEXT(2) 
PARAMETRIC_REPRESENTATION_CONTEXT() REPRESENTATION_CONTEXT('2D SPACE',''
  ) );
#11203 = ORIENTED_EDGE('',*,*,#11204,.F.);
#11204 = EDGE_CURVE('',#11205,#11182,#11207,.T.);
#11205 = VERTEX_POINT('',#11206);
#11206 = CARTESIAN_POINT('',(-6.,38.5,-150.));
#11207 = SURFACE_CURVE('',#11208,(#11212,#11219),.PCURVE_S1.);
#11208 = LINE('',#11209,#11210);
#11209 = CARTESIAN_POINT('',(-6.,38.5,-150.));
#11210 = VECTOR('',#11211,1.);
#11211 = DIRECTION('',(0.,0.,1.));
#11212 = PCURVE('',#11144,#11213);
#11213 = DEFINITIONAL_REPRESENTATION('',(#11214),#11218);
#11214 = LINE('',#11215,#11216);
#11215 = CARTESIAN_POINT('',(12.,0.));
#11216 = VECTOR('',#11217,1.);
#11217 = DIRECTION('',(0.,-1.));
#11218 = ( GEOMETRIC_REPRESENTATION_CONTEXT(2) 
PARAMETRIC_REPRESENTATION_CONTEXT() REPRESENTATION_CONTEXT('2D SPACE',''
  ) );
#11219 = PCURVE('',#11007,#11220);
#11220 = DEFINITIONAL_REPRESENTATION('',(#11221),#11225);
#11221 = LINE('',#11222,#11223);
#11222 = CARTESIAN_POINT('',(0.,0.));
#11223 = VECTOR('',#11224,1.);
#11224 = DIRECTION('',(0.,-1.));
#11225 = ( GEOMETRIC_REPRESENTATION_CONTEXT(2) 
PARAMETRIC_REPRESENTATION_CONTEXT() REPRESENTATION_CONTEXT('2D SPACE',''
  ) );
#11226 = ORIENTED_EDGE('',*,*,#11227,.F.);
#11227 = EDGE_CURVE('',#11129,#11205,#11228,.T.);
#11228 = SURFACE_CURVE('',#11229,(#11233,#11240),.PCURVE_S1.);
#11229 = LINE('',#11230,#11231);
#11230 = CARTESIAN_POINT('',(6.,38.5,-150.));
#11231 = VECTOR('',#11232,1.);
#11232 = DIRECTION('',(-1.,0.,0.));
#11233 = PCURVE('',#11144,#11234);
#11234 = DEFINITIONAL_REPRESENTATION('',(#11235),#11239);
#11235 = LINE('',#11236,#11237);
#11236 = CARTESIAN_POINT('',(0.,-0.));
#11237 = VECTOR('',#11238,1.);
#11238 = DIRECTION('',(1.,0.));
#11239 = ( GEOMETRIC_REPRESENTATION_CONTEXT(2) 
PARAMETRIC_REPRESENTATION_CONTEXT() REPRESENTATION_CONTEXT('2D SPACE',''
  ) );
#11240 = PCURVE('',#11089,#11241);
#11241 = DEFINITIONAL_REPRESENTATION('',(#11242),#11246);
#11242 = LINE('',#11243,#11244);
#11243 = CARTESIAN_POINT('',(-6.,-0.75));
#11244 = VECTOR('',#11245,1.);
#11245 = DIRECTION('',(1.,0.));
#11246 = ( GEOMETRIC_REPRESENTATION_CONTEXT(2) 
PARAMETRIC_REPRESENTATION_CONTEXT() REPRESENTATION_CONTEXT('2D SPACE',''
  ) );
#11247 = ADVANCED_FACE('',(#11248),#11007,.T.);
#11248 = FACE_BOUND('',#11249,.T.);
#11249 = EDGE_LOOP('',(#11250,#11251,#11272,#11273));
#11250 = ORIENTED_EDGE('',*,*,#11204,.T.);
#11251 = ORIENTED_EDGE('',*,*,#11252,.T.);
#11252 = EDGE_CURVE('',#11182,#10987,#11253,.T.);
#11253 = SURFACE_CURVE('',#11254,(#11258,#11265),.PCURVE_S1.);
#11254 = LINE('',#11255,#11256);
#11255 = CARTESIAN_POINT('',(-6.,38.5,150.));
#11256 = VECTOR('',#11257,1.);
#11257 = DIRECTION('',(0.,1.,0.));
#11258 = PCURVE('',#11007,#11259);
#11259 = DEFINITIONAL_REPRESENTATION('',(#11260),#11264);
#11260 = LINE('',#11261,#11262);
#11261 = CARTESIAN_POINT('',(0.,-300.));
#11262 = VECTOR('',#11263,1.);
#11263 = DIRECTION('',(1.,0.));
#11264 = ( GEOMETRIC_REPRESENTATION_CONTEXT(2) 
PARAMETRIC_REPRESENTATION_CONTEXT() REPRESENTATION_CONTEXT('2D SPACE',''
  ) );
#11265 = PCURVE('',#11035,#11266);
#11266 = DEFINITIONAL_REPRESENTATION('',(#11267),#11271);
#11267 = LINE('',#11268,#11269);
#11268 = CARTESIAN_POINT('',(6.,-0.75));
#11269 = VECTOR('',#11270,1.);
#11270 = DIRECTION('',(0.,1.));
#11271 = ( GEOMETRIC_REPRESENTATION_CONTEXT(2) 
PARAMETRIC_REPRESENTATION_CONTEXT() REPRESENTATION_CONTEXT('2D SPACE',''
  ) );
#11272 = ORIENTED_EDGE('',*,*,#10984,.F.);
#11273 = ORIENTED_EDGE('',*,*,#11274,.F.);
#11274 = EDGE_CURVE('',#11205,#10985,#11275,.T.);
#11275 = SURFACE_CURVE('',#11276,(#11280,#11287),.PCURVE_S1.);
#11276 = LINE('',#11277,#11278);
#11277 = CARTESIAN_POINT('',(-6.,38.5,-150.));
#11278 = VECTOR('',#11279,1.);
#11279 = DIRECTION('',(0.,1.,0.));
#11280 = PCURVE('',#11007,#11281);
#11281 = DEFINITIONAL_REPRESENTATION('',(#11282),#11286);
#11282 = LINE('',#11283,#11284);
#11283 = CARTESIAN_POINT('',(0.,0.));
#11284 = VECTOR('',#11285,1.);
#11285 = DIRECTION('',(1.,0.));
#11286 = ( GEOMETRIC_REPRESENTATION_CONTEXT(2) 
PARAMETRIC_REPRESENTATION_CONTEXT() REPRESENTATION_CONTEXT('2D SPACE',''
  ) );
#11287 = PCURVE('',#11089,#11288);
#11288 = DEFINITIONAL_REPRESENTATION('',(#11289),#11293);
#11289 = LINE('',#11290,#11291);
#11290 = CARTESIAN_POINT('',(6.,-0.75));
#11291 = VECTOR('',#11292,1.);
#11292 = DIRECTION('',(0.,1.));
#11293 = ( GEOMETRIC_REPRESENTATION_CONTEXT(2) 
PARAMETRIC_REPRESENTATION_CONTEXT() REPRESENTATION_CONTEXT('2D SPACE',''
  ) );
#11294 = ADVANCED_FACE('',(#11295),#11089,.T.);
#11295 = FACE_BOUND('',#11296,.T.);
#11296 = EDGE_LOOP('',(#11297,#11298,#11299,#11300));
#11297 = ORIENTED_EDGE('',*,*,#11075,.T.);
#11298 = ORIENTED_EDGE('',*,*,#11156,.T.);
#11299 = ORIENTED_EDGE('',*,*,#11227,.T.);
#11300 = ORIENTED_EDGE('',*,*,#11274,.T.);
#11301 = ADVANCED_FACE('',(#11302),#11035,.F.);
#11302 = FACE_BOUND('',#11303,.F.);
#11303 = EDGE_LOOP('',(#11304,#11305,#11306,#11307));
#11304 = ORIENTED_EDGE('',*,*,#11019,.T.);
#11305 = ORIENTED_EDGE('',*,*,#11105,.T.);
#11306 = ORIENTED_EDGE('',*,*,#11181,.T.);
#11307 = ORIENTED_EDGE('',*,*,#11252,.T.);
#11308 = ( GEOMETRIC_REPRESENTATION_CONTEXT(3) 
GLOBAL_UNCERTAINTY_ASSIGNED_CONTEXT((#11312)) 
GLOBAL_UNIT_ASSIGNED_CONTEXT((#11309,#11310,#11311)) 
REPRESENTATION_CONTEXT('Context #1',
  '3D Context with UNIT and UNCERTAINTY') );
#11309 = ( LENGTH_UNIT() NAMED_UNIT(*) SI_UNIT(.MILLI.,.METRE.) );
#11310 = ( NAMED_UNIT(*) PLANE_ANGLE_UNIT() SI_UNIT($,.RADIAN.) );
#11311 = ( NAMED_UNIT(*) SI_UNIT($,.STERADIAN.) SOLID_ANGLE_UNIT() );
#11312 = UNCERTAINTY_MEASURE_WITH_UNIT(LENGTH_MEASURE(1.E-07),#11309,
  'distance_accuracy_value','confusion accuracy');
#11313 = SHAPE_DEFINITION_REPRESENTATION(#11314,#10977);
#11314 = PRODUCT_DEFINITION_SHAPE('','',#11315);
#11315 = PRODUCT_DEFINITION('design','',#11316,#11319);
#11316 = PRODUCT_DEFINITION_FORMATION('','',#11317);
#11317 = PRODUCT('Open CASCADE STEP translator 7.5 2.6',
  'Open CASCADE STEP translator 7.5 2.6','',(#11318));
#11318 = PRODUCT_CONTEXT('',#2,'mechanical');
#11319 = PRODUCT_DEFINITION_CONTEXT('part definition',#2,'design');
#11320 = CONTEXT_DEPENDENT_SHAPE_REPRESENTATION(#11321,#11323);
#11321 = ( REPRESENTATION_RELATIONSHIP('','',#10977,#10) 
REPRESENTATION_RELATIONSHIP_WITH_TRANSFORMATION(#11322) 
SHAPE_REPRESENTATION_RELATIONSHIP() );
#11322 = ITEM_DEFINED_TRANSFORMATION('','',#11,#35);
#11323 = PRODUCT_DEFINITION_SHAPE('Placement','Placement of an item',
  #11324);
#11324 = NEXT_ASSEMBLY_USAGE_OCCURRENCE('26','','',#5,#11315,$);
#11325 = PRODUCT_RELATED_PRODUCT_CATEGORY('part',$,(#11317));
#11326 = SHAPE_DEFINITION_REPRESENTATION(#11327,#11333);
#11327 = PRODUCT_DEFINITION_SHAPE('','',#11328);
#11328 = PRODUCT_DEFINITION('design','',#11329,#11332);
#11329 = PRODUCT_DEFINITION_FORMATION('','',#11330);
#11330 = PRODUCT('Open CASCADE STEP translator 7.5 2.7',
  'Open CASCADE STEP translator 7.5 2.7','',(#11331));
#11331 = PRODUCT_CONTEXT('',#2,'mechanical');
#11332 = PRODUCT_DEFINITION_CONTEXT('part definition',#2,'design');
#11333 = SHAPE_REPRESENTATION('',(#11,#11334,#11338),#11342);
#11334 = AXIS2_PLACEMENT_3D('',#11335,#11336,#11337);
#11335 = CARTESIAN_POINT('',(0.,0.,0.));
#11336 = DIRECTION('',(0.,0.,1.));
#11337 = DIRECTION('',(1.,0.,-0.));
#11338 = AXIS2_PLACEMENT_3D('',#11339,#11340,#11341);
#11339 = CARTESIAN_POINT('',(0.,0.,0.));
#11340 = DIRECTION('',(0.,0.,1.));
#11341 = DIRECTION('',(1.,0.,-0.));
#11342 = ( GEOMETRIC_REPRESENTATION_CONTEXT(3) 
GLOBAL_UNCERTAINTY_ASSIGNED_CONTEXT((#11346)) 
GLOBAL_UNIT_ASSIGNED_CONTEXT((#11343,#11344,#11345)) 
REPRESENTATION_CONTEXT('Context #1',
  '3D Context with UNIT and UNCERTAINTY') );
#11343 = ( LENGTH_UNIT() NAMED_UNIT(*) SI_UNIT(.MILLI.,.METRE.) );
#11344 = ( NAMED_UNIT(*) PLANE_ANGLE_UNIT() SI_UNIT($,.RADIAN.) );
#11345 = ( NAMED_UNIT(*) SI_UNIT($,.STERADIAN.) SOLID_ANGLE_UNIT() );
#11346 = UNCERTAINTY_MEASURE_WITH_UNIT(LENGTH_MEASURE(1.E-07),#11343,
  'distance_accuracy_value','confusion accuracy');
#11347 = ADVANCED_BREP_SHAPE_REPRESENTATION('',(#11,#11348),#14647);
#11348 = MANIFOLD_SOLID_BREP('',#11349);
#11349 = CLOSED_SHELL('',(#11350,#11438,#11879,#11883,#12189,#12271,
    #12554,#12631,#12938,#13010,#13294,#13366,#13444,#13521,#13804,
    #13881,#13943,#14016,#14250,#14277,#14315,#14343,#14350,#14367,
    #14395,#14411,#14460,#14511,#14561,#14588,#14626,#14633,#14640));
#11350 = ADVANCED_FACE('',(#11351),#11364,.T.);
#11351 = FACE_BOUND('',#11352,.T.);
#11352 = EDGE_LOOP('',(#11353,#11387,#11410,#11437));
#11353 = ORIENTED_EDGE('',*,*,#11354,.F.);
#11354 = EDGE_CURVE('',#11355,#11355,#11357,.T.);
#11355 = VERTEX_POINT('',#11356);
#11356 = CARTESIAN_POINT('',(46.,-1.126675055216E-14,-150.));
#11357 = SURFACE_CURVE('',#11358,(#11363,#11375),.PCURVE_S1.);
#11358 = CIRCLE('',#11359,46.);
#11359 = AXIS2_PLACEMENT_3D('',#11360,#11361,#11362);
#11360 = CARTESIAN_POINT('',(0.,0.,-150.));
#11361 = DIRECTION('',(0.,0.,1.));
#11362 = DIRECTION('',(1.,0.,-0.));
#11363 = PCURVE('',#11364,#11369);
#11364 = CYLINDRICAL_SURFACE('',#11365,46.);
#11365 = AXIS2_PLACEMENT_3D('',#11366,#11367,#11368);
#11366 = CARTESIAN_POINT('',(0.,0.,-158.));
#11367 = DIRECTION('',(0.,0.,1.));
#11368 = DIRECTION('',(1.,0.,-0.));
#11369 = DEFINITIONAL_REPRESENTATION('',(#11370),#11374);
#11370 = LINE('',#11371,#11372);
#11371 = CARTESIAN_POINT('',(0.,8.));
#11372 = VECTOR('',#11373,1.);
#11373 = DIRECTION('',(1.,0.));
#11374 = ( GEOMETRIC_REPRESENTATION_CONTEXT(2) 
PARAMETRIC_REPRESENTATION_CONTEXT() REPRESENTATION_CONTEXT('2D SPACE',''
  ) );
#11375 = PCURVE('',#11376,#11381);
#11376 = PLANE('',#11377);
#11377 = AXIS2_PLACEMENT_3D('',#11378,#11379,#11380);
#11378 = CARTESIAN_POINT('',(0.,0.,-150.));
#11379 = DIRECTION('',(0.,0.,1.));
#11380 = DIRECTION('',(1.,0.,-0.));
#11381 = DEFINITIONAL_REPRESENTATION('',(#11382),#11386);
#11382 = CIRCLE('',#11383,46.);
#11383 = AXIS2_PLACEMENT_2D('',#11384,#11385);
#11384 = CARTESIAN_POINT('',(0.,0.));
#11385 = DIRECTION('',(1.,0.));
#11386 = ( GEOMETRIC_REPRESENTATION_CONTEXT(2) 
PARAMETRIC_REPRESENTATION_CONTEXT() REPRESENTATION_CONTEXT('2D SPACE',''
  ) );
#11387 = ORIENTED_EDGE('',*,*,#11388,.F.);
#11388 = EDGE_CURVE('',#11389,#11355,#11391,.T.);
#11389 = VERTEX_POINT('',#11390);
#11390 = CARTESIAN_POINT('',(46.,-1.126675055216E-14,-158.));
#11391 = SEAM_CURVE('',#11392,(#11396,#11403),.PCURVE_S1.);
#11392 = LINE('',#11393,#11394);
#11393 = CARTESIAN_POINT('',(46.,-1.126675055216E-14,-158.));
#11394 = VECTOR('',#11395,1.);
#11395 = DIRECTION('',(0.,0.,1.));
#11396 = PCURVE('',#11364,#11397);
#11397 = DEFINITIONAL_REPRESENTATION('',(#11398),#11402);
#11398 = LINE('',#11399,#11400);
#11399 = CARTESIAN_POINT('',(6.28318530718,-0.));
#11400 = VECTOR('',#11401,1.);
#11401 = DIRECTION('',(0.,1.));
#11402 = ( GEOMETRIC_REPRESENTATION_CONTEXT(2) 
PARAMETRIC_REPRESENTATION_CONTEXT() REPRESENTATION_CONTEXT('2D SPACE',''
  ) );
#11403 = PCURVE('',#11364,#11404);
#11404 = DEFINITIONAL_REPRESENTATION('',(#11405),#11409);
#11405 = LINE('',#11406,#11407);
#11406 = CARTESIAN_POINT('',(0.,-0.));
#11407 = VECTOR('',#11408,1.);
#11408 = DIRECTION('',(0.,1.));
#11409 = ( GEOMETRIC_REPRESENTATION_CONTEXT(2) 
PARAMETRIC_REPRESENTATION_CONTEXT() REPRESENTATION_CONTEXT('2D SPACE',''
  ) );
#11410 = ORIENTED_EDGE('',*,*,#11411,.T.);
#11411 = EDGE_CURVE('',#11389,#11389,#11412,.T.);
#11412 = SURFACE_CURVE('',#11413,(#11418,#11425),.PCURVE_S1.);
#11413 = CIRCLE('',#11414,46.);
#11414 = AXIS2_PLACEMENT_3D('',#11415,#11416,#11417);
#11415 = CARTESIAN_POINT('',(0.,0.,-158.));
#11416 = DIRECTION('',(0.,0.,1.));
#11417 = DIRECTION('',(1.,0.,-0.));
#11418 = PCURVE('',#11364,#11419);
#11419 = DEFINITIONAL_REPRESENTATION('',(#11420),#11424);
#11420 = LINE('',#11421,#11422);
#11421 = CARTESIAN_POINT('',(0.,0.));
#11422 = VECTOR('',#11423,1.);
#11423 = DIRECTION('',(1.,0.));
#11424 = ( GEOMETRIC_REPRESENTATION_CONTEXT(2) 
PARAMETRIC_REPRESENTATION_CONTEXT() REPRESENTATION_CONTEXT('2D SPACE',''
  ) );
#11425 = PCURVE('',#11426,#11431);
#11426 = PLANE('',#11427);
#11427 = AXIS2_PLACEMENT_3D('',#11428,#11429,#11430);
#11428 = CARTESIAN_POINT('',(0.,0.,-158.));
#11429 = DIRECTION('',(0.,0.,1.));
#11430 = DIRECTION('',(1.,0.,-0.));
#11431 = DEFINITIONAL_REPRESENTATION('',(#11432),#11436);
#11432 = CIRCLE('',#11433,46.);
#11433 = AXIS2_PLACEMENT_2D('',#11434,#11435);
#11434 = CARTESIAN_POINT('',(0.,0.));
#11435 = DIRECTION('',(1.,0.));
#11436 = ( GEOMETRIC_REPRESENTATION_CONTEXT(2) 
PARAMETRIC_REPRESENTATION_CONTEXT() REPRESENTATION_CONTEXT('2D SPACE',''
  ) );
#11437 = ORIENTED_EDGE('',*,*,#11388,.T.);
#11438 = ADVANCED_FACE('',(#11439,#11442),#11376,.T.);
#11439 = FACE_BOUND('',#11440,.T.);
#11440 = EDGE_LOOP('',(#11441));
#11441 = ORIENTED_EDGE('',*,*,#11354,.T.);
#11442 = FACE_BOUND('',#11443,.T.);
#11443 = EDGE_LOOP('',(#11444,#11475,#11503,#11532,#11560,#11588,#11611,
    #11634,#11662,#11691,#11715,#11743,#11772,#11796,#11824,#11853));
#11444 = ORIENTED_EDGE('',*,*,#11445,.F.);
#11445 = EDGE_CURVE('',#11446,#11448,#11450,.T.);
#11446 = VERTEX_POINT('',#11447);
#11447 = CARTESIAN_POINT('',(-34.674990748,-19.06411010648,-150.));
#11448 = VERTEX_POINT('',#11449);
#11449 = CARTESIAN_POINT('',(-33.84627543229,-20.49745601092,-150.));
#11450 = SURFACE_CURVE('',#11451,(#11456,#11463),.PCURVE_S1.);
#11451 = CIRCLE('',#11452,1.);
#11452 = AXIS2_PLACEMENT_3D('',#11453,#11454,#11455);
#11453 = CARTESIAN_POINT('',(-33.77499074759,-19.5,-150.));
#11454 = DIRECTION('',(0.,0.,1.));
#11455 = DIRECTION('',(1.,0.,-0.));
#11456 = PCURVE('',#11376,#11457);
#11457 = DEFINITIONAL_REPRESENTATION('',(#11458),#11462);
#11458 = CIRCLE('',#11459,1.);
#11459 = AXIS2_PLACEMENT_2D('',#11460,#11461);
#11460 = CARTESIAN_POINT('',(-33.77499074759,-19.5));
#11461 = DIRECTION('',(1.,0.));
#11462 = ( GEOMETRIC_REPRESENTATION_CONTEXT(2) 
PARAMETRIC_REPRESENTATION_CONTEXT() REPRESENTATION_CONTEXT('2D SPACE',''
  ) );
#11463 = PCURVE('',#11464,#11469);
#11464 = PLANE('',#11465);
#11465 = AXIS2_PLACEMENT_3D('',#11466,#11467,#11468);
#11466 = CARTESIAN_POINT('',(0.,0.,-150.));
#11467 = DIRECTION('',(0.,0.,1.));
#11468 = DIRECTION('',(1.,0.,-0.));
#11469 = DEFINITIONAL_REPRESENTATION('',(#11470),#11474);
#11470 = CIRCLE('',#11471,1.);
#11471 = AXIS2_PLACEMENT_2D('',#11472,#11473);
#11472 = CARTESIAN_POINT('',(-33.77499074759,-19.5));
#11473 = DIRECTION('',(1.,0.));
#11474 = ( GEOMETRIC_REPRESENTATION_CONTEXT(2) 
PARAMETRIC_REPRESENTATION_CONTEXT() REPRESENTATION_CONTEXT('2D SPACE',''
  ) );
#11475 = ORIENTED_EDGE('',*,*,#11476,.F.);
#11476 = EDGE_CURVE('',#11477,#11446,#11479,.T.);
#11477 = VERTEX_POINT('',#11478);
#11478 = CARTESIAN_POINT('',(-34.674990748,19.064110106486,-150.));
#11479 = SURFACE_CURVE('',#11480,(#11484,#11491),.PCURVE_S1.);
#11480 = LINE('',#11481,#11482);
#11481 = CARTESIAN_POINT('',(-34.674990748,19.497545137439,-150.));
#11482 = VECTOR('',#11483,1.);
#11483 = DIRECTION('',(0.,-1.,0.));
#11484 = PCURVE('',#11376,#11485);
#11485 = DEFINITIONAL_REPRESENTATION('',(#11486),#11490);
#11486 = LINE('',#11487,#11488);
#11487 = CARTESIAN_POINT('',(-34.674990748,19.497545137439));
#11488 = VECTOR('',#11489,1.);
#11489 = DIRECTION('',(0.,-1.));
#11490 = ( GEOMETRIC_REPRESENTATION_CONTEXT(2) 
PARAMETRIC_REPRESENTATION_CONTEXT() REPRESENTATION_CONTEXT('2D SPACE',''
  ) );
#11491 = PCURVE('',#11492,#11497);
#11492 = PLANE('',#11493);
#11493 = AXIS2_PLACEMENT_3D('',#11494,#11495,#11496);
#11494 = CARTESIAN_POINT('',(-34.674990748,19.497545137439,-150.));
#11495 = DIRECTION('',(1.,0.,-0.));
#11496 = DIRECTION('',(0.,-1.,0.));
#11497 = DEFINITIONAL_REPRESENTATION('',(#11498),#11502);
#11498 = LINE('',#11499,#11500);
#11499 = CARTESIAN_POINT('',(0.,0.));
#11500 = VECTOR('',#11501,1.);
#11501 = DIRECTION('',(1.,0.));
#11502 = ( GEOMETRIC_REPRESENTATION_CONTEXT(2) 
PARAMETRIC_REPRESENTATION_CONTEXT() REPRESENTATION_CONTEXT('2D SPACE',''
  ) );
#11503 = ORIENTED_EDGE('',*,*,#11504,.F.);
#11504 = EDGE_CURVE('',#11505,#11477,#11507,.T.);
#11505 = VERTEX_POINT('',#11506);
#11506 = CARTESIAN_POINT('',(-33.92983215395,20.487939339674,-150.));
#11507 = SURFACE_CURVE('',#11508,(#11513,#11520),.PCURVE_S1.);
#11508 = CIRCLE('',#11509,1.);
#11509 = AXIS2_PLACEMENT_3D('',#11510,#11511,#11512);
#11510 = CARTESIAN_POINT('',(-33.77499074759,19.5,-150.));
#11511 = DIRECTION('',(0.,0.,1.));
#11512 = DIRECTION('',(1.,0.,-0.));
#11513 = PCURVE('',#11376,#11514);
#11514 = DEFINITIONAL_REPRESENTATION('',(#11515),#11519);
#11515 = CIRCLE('',#11516,1.);
#11516 = AXIS2_PLACEMENT_2D('',#11517,#11518);
#11517 = CARTESIAN_POINT('',(-33.77499074759,19.5));
#11518 = DIRECTION('',(1.,0.));
#11519 = ( GEOMETRIC_REPRESENTATION_CONTEXT(2) 
PARAMETRIC_REPRESENTATION_CONTEXT() REPRESENTATION_CONTEXT('2D SPACE',''
  ) );
#11520 = PCURVE('',#11521,#11526);
#11521 = PLANE('',#11522);
#11522 = AXIS2_PLACEMENT_3D('',#11523,#11524,#11525);
#11523 = CARTESIAN_POINT('',(0.,0.,-150.));
#11524 = DIRECTION('',(0.,0.,1.));
#11525 = DIRECTION('',(1.,0.,-0.));
#11526 = DEFINITIONAL_REPRESENTATION('',(#11527),#11531);
#11527 = CIRCLE('',#11528,1.);
#11528 = AXIS2_PLACEMENT_2D('',#11529,#11530);
#11529 = CARTESIAN_POINT('',(-33.77499074759,19.5));
#11530 = DIRECTION('',(1.,0.));
#11531 = ( GEOMETRIC_REPRESENTATION_CONTEXT(2) 
PARAMETRIC_REPRESENTATION_CONTEXT() REPRESENTATION_CONTEXT('2D SPACE',''
  ) );
#11532 = ORIENTED_EDGE('',*,*,#11533,.F.);
#11533 = EDGE_CURVE('',#11534,#11505,#11536,.T.);
#11534 = VERTEX_POINT('',#11535);
#11535 = CARTESIAN_POINT('',(-6.,39.878263195958,-150.));
#11536 = SURFACE_CURVE('',#11537,(#11541,#11548),.PCURVE_S1.);
#11537 = LINE('',#11538,#11539);
#11538 = CARTESIAN_POINT('',(-5.968690296616,39.9,-150.));
#11539 = VECTOR('',#11540,1.);
#11540 = DIRECTION('',(-0.821444268946,-0.570288797905,0.));
#11541 = PCURVE('',#11376,#11542);
#11542 = DEFINITIONAL_REPRESENTATION('',(#11543),#11547);
#11543 = LINE('',#11544,#11545);
#11544 = CARTESIAN_POINT('',(-5.968690296616,39.9));
#11545 = VECTOR('',#11546,1.);
#11546 = DIRECTION('',(-0.821444268946,-0.570288797905));
#11547 = ( GEOMETRIC_REPRESENTATION_CONTEXT(2) 
PARAMETRIC_REPRESENTATION_CONTEXT() REPRESENTATION_CONTEXT('2D SPACE',''
  ) );
#11548 = PCURVE('',#11549,#11554);
#11549 = PLANE('',#11550);
#11550 = AXIS2_PLACEMENT_3D('',#11551,#11552,#11553);
#11551 = CARTESIAN_POINT('',(-5.968690296616,39.9,-150.));
#11552 = DIRECTION('',(0.570288797905,-0.821444268946,0.));
#11553 = DIRECTION('',(-0.821444268946,-0.570288797905,0.));
#11554 = DEFINITIONAL_REPRESENTATION('',(#11555),#11559);
#11555 = LINE('',#11556,#11557);
#11556 = CARTESIAN_POINT('',(0.,0.));
#11557 = VECTOR('',#11558,1.);
#11558 = DIRECTION('',(1.,0.));
#11559 = ( GEOMETRIC_REPRESENTATION_CONTEXT(2) 
PARAMETRIC_REPRESENTATION_CONTEXT() REPRESENTATION_CONTEXT('2D SPACE',''
  ) );
#11560 = ORIENTED_EDGE('',*,*,#11561,.T.);
#11561 = EDGE_CURVE('',#11534,#11562,#11564,.T.);
#11562 = VERTEX_POINT('',#11563);
#11563 = CARTESIAN_POINT('',(-6.,40.,-150.));
#11564 = SURFACE_CURVE('',#11565,(#11569,#11576),.PCURVE_S1.);
#11565 = LINE('',#11566,#11567);
#11566 = CARTESIAN_POINT('',(-6.,38.5,-150.));
#11567 = VECTOR('',#11568,1.);
#11568 = DIRECTION('',(0.,1.,0.));
#11569 = PCURVE('',#11376,#11570);
#11570 = DEFINITIONAL_REPRESENTATION('',(#11571),#11575);
#11571 = LINE('',#11572,#11573);
#11572 = CARTESIAN_POINT('',(-6.,38.5));
#11573 = VECTOR('',#11574,1.);
#11574 = DIRECTION('',(0.,1.));
#11575 = ( GEOMETRIC_REPRESENTATION_CONTEXT(2) 
PARAMETRIC_REPRESENTATION_CONTEXT() REPRESENTATION_CONTEXT('2D SPACE',''
  ) );
#11576 = PCURVE('',#11577,#11582);
#11577 = PLANE('',#11578);
#11578 = AXIS2_PLACEMENT_3D('',#11579,#11580,#11581);
#11579 = CARTESIAN_POINT('',(0.,0.,-150.));
#11580 = DIRECTION('',(0.,0.,1.));
#11581 = DIRECTION('',(1.,0.,-0.));
#11582 = DEFINITIONAL_REPRESENTATION('',(#11583),#11587);
#11583 = LINE('',#11584,#11585);
#11584 = CARTESIAN_POINT('',(-6.,38.5));
#11585 = VECTOR('',#11586,1.);
#11586 = DIRECTION('',(0.,1.));
#11587 = ( GEOMETRIC_REPRESENTATION_CONTEXT(2) 
PARAMETRIC_REPRESENTATION_CONTEXT() REPRESENTATION_CONTEXT('2D SPACE',''
  ) );
#11588 = ORIENTED_EDGE('',*,*,#11589,.T.);
#11589 = EDGE_CURVE('',#11562,#11590,#11592,.T.);
#11590 = VERTEX_POINT('',#11591);
#11591 = CARTESIAN_POINT('',(6.,40.,-150.));
#11592 = SURFACE_CURVE('',#11593,(#11597,#11604),.PCURVE_S1.);
#11593 = LINE('',#11594,#11595);
#11594 = CARTESIAN_POINT('',(-6.,40.,-150.));
#11595 = VECTOR('',#11596,1.);
#11596 = DIRECTION('',(1.,0.,0.));
#11597 = PCURVE('',#11376,#11598);
#11598 = DEFINITIONAL_REPRESENTATION('',(#11599),#11603);
#11599 = LINE('',#11600,#11601);
#11600 = CARTESIAN_POINT('',(-6.,40.));
#11601 = VECTOR('',#11602,1.);
#11602 = DIRECTION('',(1.,0.));
#11603 = ( GEOMETRIC_REPRESENTATION_CONTEXT(2) 
PARAMETRIC_REPRESENTATION_CONTEXT() REPRESENTATION_CONTEXT('2D SPACE',''
  ) );
#11604 = PCURVE('',#11577,#11605);
#11605 = DEFINITIONAL_REPRESENTATION('',(#11606),#11610);
#11606 = LINE('',#11607,#11608);
#11607 = CARTESIAN_POINT('',(-6.,40.));
#11608 = VECTOR('',#11609,1.);
#11609 = DIRECTION('',(1.,0.));
#11610 = ( GEOMETRIC_REPRESENTATION_CONTEXT(2) 
PARAMETRIC_REPRESENTATION_CONTEXT() REPRESENTATION_CONTEXT('2D SPACE',''
  ) );
#11611 = ORIENTED_EDGE('',*,*,#11612,.T.);
#11612 = EDGE_CURVE('',#11590,#11613,#11615,.T.);
#11613 = VERTEX_POINT('',#11614);
#11614 = CARTESIAN_POINT('',(6.,39.878263195958,-150.));
#11615 = SURFACE_CURVE('',#11616,(#11620,#11627),.PCURVE_S1.);
#11616 = LINE('',#11617,#11618);
#11617 = CARTESIAN_POINT('',(6.,40.,-150.));
#11618 = VECTOR('',#11619,1.);
#11619 = DIRECTION('',(0.,-1.,0.));
#11620 = PCURVE('',#11376,#11621);
#11621 = DEFINITIONAL_REPRESENTATION('',(#11622),#11626);
#11622 = LINE('',#11623,#11624);
#11623 = CARTESIAN_POINT('',(6.,40.));
#11624 = VECTOR('',#11625,1.);
#11625 = DIRECTION('',(0.,-1.));
#11626 = ( GEOMETRIC_REPRESENTATION_CONTEXT(2) 
PARAMETRIC_REPRESENTATION_CONTEXT() REPRESENTATION_CONTEXT('2D SPACE',''
  ) );
#11627 = PCURVE('',#11577,#11628);
#11628 = DEFINITIONAL_REPRESENTATION('',(#11629),#11633);
#11629 = LINE('',#11630,#11631);
#11630 = CARTESIAN_POINT('',(6.,40.));
#11631 = VECTOR('',#11632,1.);
#11632 = DIRECTION('',(0.,-1.));
#11633 = ( GEOMETRIC_REPRESENTATION_CONTEXT(2) 
PARAMETRIC_REPRESENTATION_CONTEXT() REPRESENTATION_CONTEXT('2D SPACE',''
  ) );
#11634 = ORIENTED_EDGE('',*,*,#11635,.F.);
#11635 = EDGE_CURVE('',#11636,#11613,#11638,.T.);
#11636 = VERTEX_POINT('',#11637);
#11637 = CARTESIAN_POINT('',(33.929832153954,20.487939339674,-150.));
#11638 = SURFACE_CURVE('',#11639,(#11643,#11650),.PCURVE_S1.);
#11639 = LINE('',#11640,#11641);
#11640 = CARTESIAN_POINT('',(34.272247314161,20.250217150257,-150.));
#11641 = VECTOR('',#11642,1.);
#11642 = DIRECTION('',(-0.821444268946,0.570288797905,0.));
#11643 = PCURVE('',#11376,#11644);
#11644 = DEFINITIONAL_REPRESENTATION('',(#11645),#11649);
#11645 = LINE('',#11646,#11647);
#11646 = CARTESIAN_POINT('',(34.272247314161,20.250217150257));
#11647 = VECTOR('',#11648,1.);
#11648 = DIRECTION('',(-0.821444268946,0.570288797905));
#11649 = ( GEOMETRIC_REPRESENTATION_CONTEXT(2) 
PARAMETRIC_REPRESENTATION_CONTEXT() REPRESENTATION_CONTEXT('2D SPACE',''
  ) );
#11650 = PCURVE('',#11651,#11656);
#11651 = PLANE('',#11652);
#11652 = AXIS2_PLACEMENT_3D('',#11653,#11654,#11655);
#11653 = CARTESIAN_POINT('',(34.272247314161,20.250217150257,-150.));
#11654 = DIRECTION('',(-0.570288797905,-0.821444268946,0.));
#11655 = DIRECTION('',(-0.821444268946,0.570288797905,0.));
#11656 = DEFINITIONAL_REPRESENTATION('',(#11657),#11661);
#11657 = LINE('',#11658,#11659);
#11658 = CARTESIAN_POINT('',(0.,0.));
#11659 = VECTOR('',#11660,1.);
#11660 = DIRECTION('',(1.,0.));
#11661 = ( GEOMETRIC_REPRESENTATION_CONTEXT(2) 
PARAMETRIC_REPRESENTATION_CONTEXT() REPRESENTATION_CONTEXT('2D SPACE',''
  ) );
#11662 = ORIENTED_EDGE('',*,*,#11663,.F.);
#11663 = EDGE_CURVE('',#11664,#11636,#11666,.T.);
#11664 = VERTEX_POINT('',#11665);
#11665 = CARTESIAN_POINT('',(34.774990747593,19.5,-150.));
#11666 = SURFACE_CURVE('',#11667,(#11672,#11679),.PCURVE_S1.);
#11667 = CIRCLE('',#11668,1.);
#11668 = AXIS2_PLACEMENT_3D('',#11669,#11670,#11671);
#11669 = CARTESIAN_POINT('',(33.774990747593,19.5,-150.));
#11670 = DIRECTION('',(0.,0.,1.));
#11671 = DIRECTION('',(1.,0.,-0.));
#11672 = PCURVE('',#11376,#11673);
#11673 = DEFINITIONAL_REPRESENTATION('',(#11674),#11678);
#11674 = CIRCLE('',#11675,1.);
#11675 = AXIS2_PLACEMENT_2D('',#11676,#11677);
#11676 = CARTESIAN_POINT('',(33.774990747593,19.5));
#11677 = DIRECTION('',(1.,0.));
#11678 = ( GEOMETRIC_REPRESENTATION_CONTEXT(2) 
PARAMETRIC_REPRESENTATION_CONTEXT() REPRESENTATION_CONTEXT('2D SPACE',''
  ) );
#11679 = PCURVE('',#11680,#11685);
#11680 = PLANE('',#11681);
#11681 = AXIS2_PLACEMENT_3D('',#11682,#11683,#11684);
#11682 = CARTESIAN_POINT('',(0.,0.,-150.));
#11683 = DIRECTION('',(0.,0.,1.));
#11684 = DIRECTION('',(1.,0.,-0.));
#11685 = DEFINITIONAL_REPRESENTATION('',(#11686),#11690);
#11686 = CIRCLE('',#11687,1.);
#11687 = AXIS2_PLACEMENT_2D('',#11688,#11689);
#11688 = CARTESIAN_POINT('',(33.774990747593,19.5));
#11689 = DIRECTION('',(1.,0.));
#11690 = ( GEOMETRIC_REPRESENTATION_CONTEXT(2) 
PARAMETRIC_REPRESENTATION_CONTEXT() REPRESENTATION_CONTEXT('2D SPACE',''
  ) );
#11691 = ORIENTED_EDGE('',*,*,#11692,.F.);
#11692 = EDGE_CURVE('',#11693,#11664,#11695,.T.);
#11693 = VERTEX_POINT('',#11694);
#11694 = CARTESIAN_POINT('',(34.674990748,19.064110106486,-150.));
#11695 = SURFACE_CURVE('',#11696,(#11701,#11708),.PCURVE_S1.);
#11696 = CIRCLE('',#11697,1.);
#11697 = AXIS2_PLACEMENT_3D('',#11698,#11699,#11700);
#11698 = CARTESIAN_POINT('',(33.774990747593,19.5,-150.));
#11699 = DIRECTION('',(0.,0.,1.));
#11700 = DIRECTION('',(1.,0.,-0.));
#11701 = PCURVE('',#11376,#11702);
#11702 = DEFINITIONAL_REPRESENTATION('',(#11703),#11707);
#11703 = CIRCLE('',#11704,1.);
#11704 = AXIS2_PLACEMENT_2D('',#11705,#11706);
#11705 = CARTESIAN_POINT('',(33.774990747593,19.5));
#11706 = DIRECTION('',(1.,0.));
#11707 = ( GEOMETRIC_REPRESENTATION_CONTEXT(2) 
PARAMETRIC_REPRESENTATION_CONTEXT() REPRESENTATION_CONTEXT('2D SPACE',''
  ) );
#11708 = PCURVE('',#11680,#11709);
#11709 = DEFINITIONAL_REPRESENTATION('',(#11710),#11714);
#11710 = CIRCLE('',#11711,1.);
#11711 = AXIS2_PLACEMENT_2D('',#11712,#11713);
#11712 = CARTESIAN_POINT('',(33.774990747593,19.5));
#11713 = DIRECTION('',(1.,0.));
#11714 = ( GEOMETRIC_REPRESENTATION_CONTEXT(2) 
PARAMETRIC_REPRESENTATION_CONTEXT() REPRESENTATION_CONTEXT('2D SPACE',''
  ) );
#11715 = ORIENTED_EDGE('',*,*,#11716,.F.);
#11716 = EDGE_CURVE('',#11717,#11693,#11719,.T.);
#11717 = VERTEX_POINT('',#11718);
#11718 = CARTESIAN_POINT('',(34.674990748,-19.06411010648,-150.));
#11719 = SURFACE_CURVE('',#11720,(#11724,#11731),.PCURVE_S1.);
#11720 = LINE('',#11721,#11722);
#11721 = CARTESIAN_POINT('',(34.674990748,-19.49754513743,-150.));
#11722 = VECTOR('',#11723,1.);
#11723 = DIRECTION('',(0.,1.,0.));
#11724 = PCURVE('',#11376,#11725);
#11725 = DEFINITIONAL_REPRESENTATION('',(#11726),#11730);
#11726 = LINE('',#11727,#11728);
#11727 = CARTESIAN_POINT('',(34.674990748,-19.49754513743));
#11728 = VECTOR('',#11729,1.);
#11729 = DIRECTION('',(0.,1.));
#11730 = ( GEOMETRIC_REPRESENTATION_CONTEXT(2) 
PARAMETRIC_REPRESENTATION_CONTEXT() REPRESENTATION_CONTEXT('2D SPACE',''
  ) );
#11731 = PCURVE('',#11732,#11737);
#11732 = PLANE('',#11733);
#11733 = AXIS2_PLACEMENT_3D('',#11734,#11735,#11736);
#11734 = CARTESIAN_POINT('',(34.674990748,-19.49754513743,-150.));
#11735 = DIRECTION('',(-1.,0.,0.));
#11736 = DIRECTION('',(0.,1.,0.));
#11737 = DEFINITIONAL_REPRESENTATION('',(#11738),#11742);
#11738 = LINE('',#11739,#11740);
#11739 = CARTESIAN_POINT('',(0.,0.));
#11740 = VECTOR('',#11741,1.);
#11741 = DIRECTION('',(1.,0.));
#11742 = ( GEOMETRIC_REPRESENTATION_CONTEXT(2) 
PARAMETRIC_REPRESENTATION_CONTEXT() REPRESENTATION_CONTEXT('2D SPACE',''
  ) );
#11743 = ORIENTED_EDGE('',*,*,#11744,.F.);
#11744 = EDGE_CURVE('',#11745,#11717,#11747,.T.);
#11745 = VERTEX_POINT('',#11746);
#11746 = CARTESIAN_POINT('',(34.774990747593,-19.5,-150.));
#11747 = SURFACE_CURVE('',#11748,(#11753,#11760),.PCURVE_S1.);
#11748 = CIRCLE('',#11749,1.);
#11749 = AXIS2_PLACEMENT_3D('',#11750,#11751,#11752);
#11750 = CARTESIAN_POINT('',(33.774990747593,-19.5,-150.));
#11751 = DIRECTION('',(0.,0.,1.));
#11752 = DIRECTION('',(1.,0.,-0.));
#11753 = PCURVE('',#11376,#11754);
#11754 = DEFINITIONAL_REPRESENTATION('',(#11755),#11759);
#11755 = CIRCLE('',#11756,1.);
#11756 = AXIS2_PLACEMENT_2D('',#11757,#11758);
#11757 = CARTESIAN_POINT('',(33.774990747593,-19.5));
#11758 = DIRECTION('',(1.,0.));
#11759 = ( GEOMETRIC_REPRESENTATION_CONTEXT(2) 
PARAMETRIC_REPRESENTATION_CONTEXT() REPRESENTATION_CONTEXT('2D SPACE',''
  ) );
#11760 = PCURVE('',#11761,#11766);
#11761 = PLANE('',#11762);
#11762 = AXIS2_PLACEMENT_3D('',#11763,#11764,#11765);
#11763 = CARTESIAN_POINT('',(0.,0.,-150.));
#11764 = DIRECTION('',(0.,0.,1.));
#11765 = DIRECTION('',(1.,0.,-0.));
#11766 = DEFINITIONAL_REPRESENTATION('',(#11767),#11771);
#11767 = CIRCLE('',#11768,1.);
#11768 = AXIS2_PLACEMENT_2D('',#11769,#11770);
#11769 = CARTESIAN_POINT('',(33.774990747593,-19.5));
#11770 = DIRECTION('',(1.,0.));
#11771 = ( GEOMETRIC_REPRESENTATION_CONTEXT(2) 
PARAMETRIC_REPRESENTATION_CONTEXT() REPRESENTATION_CONTEXT('2D SPACE',''
  ) );
#11772 = ORIENTED_EDGE('',*,*,#11773,.F.);
#11773 = EDGE_CURVE('',#11774,#11745,#11776,.T.);
#11774 = VERTEX_POINT('',#11775);
#11775 = CARTESIAN_POINT('',(33.846275432295,-20.49745601092,-150.));
#11776 = SURFACE_CURVE('',#11777,(#11782,#11789),.PCURVE_S1.);
#11777 = CIRCLE('',#11778,1.);
#11778 = AXIS2_PLACEMENT_3D('',#11779,#11780,#11781);
#11779 = CARTESIAN_POINT('',(33.774990747593,-19.5,-150.));
#11780 = DIRECTION('',(0.,0.,1.));
#11781 = DIRECTION('',(1.,0.,-0.));
#11782 = PCURVE('',#11376,#11783);
#11783 = DEFINITIONAL_REPRESENTATION('',(#11784),#11788);
#11784 = CIRCLE('',#11785,1.);
#11785 = AXIS2_PLACEMENT_2D('',#11786,#11787);
#11786 = CARTESIAN_POINT('',(33.774990747593,-19.5));
#11787 = DIRECTION('',(1.,0.));
#11788 = ( GEOMETRIC_REPRESENTATION_CONTEXT(2) 
PARAMETRIC_REPRESENTATION_CONTEXT() REPRESENTATION_CONTEXT('2D SPACE',''
  ) );
#11789 = PCURVE('',#11761,#11790);
#11790 = DEFINITIONAL_REPRESENTATION('',(#11791),#11795);
#11791 = CIRCLE('',#11792,1.);
#11792 = AXIS2_PLACEMENT_2D('',#11793,#11794);
#11793 = CARTESIAN_POINT('',(33.774990747593,-19.5));
#11794 = DIRECTION('',(1.,0.));
#11795 = ( GEOMETRIC_REPRESENTATION_CONTEXT(2) 
PARAMETRIC_REPRESENTATION_CONTEXT() REPRESENTATION_CONTEXT('2D SPACE',''
  ) );
#11796 = ORIENTED_EDGE('',*,*,#11797,.F.);
#11797 = EDGE_CURVE('',#11798,#11774,#11800,.T.);
#11798 = VERTEX_POINT('',#11799);
#11799 = CARTESIAN_POINT('',(0.828179901894,-39.56046235386,-150.));
#11800 = SURFACE_CURVE('',#11801,(#11805,#11812),.PCURVE_S1.);
#11801 = LINE('',#11802,#11803);
#11802 = CARTESIAN_POINT('',(0.424941290921,-39.79327227446,-150.));
#11803 = VECTOR('',#11804,1.);
#11804 = DIRECTION('',(0.866025403781,0.500000000007,0.));
#11805 = PCURVE('',#11376,#11806);
#11806 = DEFINITIONAL_REPRESENTATION('',(#11807),#11811);
#11807 = LINE('',#11808,#11809);
#11808 = CARTESIAN_POINT('',(0.424941290921,-39.79327227446));
#11809 = VECTOR('',#11810,1.);
#11810 = DIRECTION('',(0.866025403781,0.500000000007));
#11811 = ( GEOMETRIC_REPRESENTATION_CONTEXT(2) 
PARAMETRIC_REPRESENTATION_CONTEXT() REPRESENTATION_CONTEXT('2D SPACE',''
  ) );
#11812 = PCURVE('',#11813,#11818);
#11813 = PLANE('',#11814);
#11814 = AXIS2_PLACEMENT_3D('',#11815,#11816,#11817);
#11815 = CARTESIAN_POINT('',(0.424941290921,-39.79327227446,-150.));
#11816 = DIRECTION('',(-0.500000000007,0.866025403781,0.));
#11817 = DIRECTION('',(0.866025403781,0.500000000007,0.));
#11818 = DEFINITIONAL_REPRESENTATION('',(#11819),#11823);
#11819 = LINE('',#11820,#11821);
#11820 = CARTESIAN_POINT('',(0.,0.));
#11821 = VECTOR('',#11822,1.);
#11822 = DIRECTION('',(1.,0.));
#11823 = ( GEOMETRIC_REPRESENTATION_CONTEXT(2) 
PARAMETRIC_REPRESENTATION_CONTEXT() REPRESENTATION_CONTEXT('2D SPACE',''
  ) );
#11824 = ORIENTED_EDGE('',*,*,#11825,.F.);
#11825 = EDGE_CURVE('',#11826,#11798,#11828,.T.);
#11826 = VERTEX_POINT('',#11827);
#11827 = CARTESIAN_POINT('',(-0.828179901894,-39.56046235386,-150.));
#11828 = SURFACE_CURVE('',#11829,(#11834,#11841),.PCURVE_S1.);
#11829 = CIRCLE('',#11830,1.);
#11830 = AXIS2_PLACEMENT_3D('',#11831,#11832,#11833);
#11831 = CARTESIAN_POINT('',(-7.164183775012E-15,-39.,-150.));
#11832 = DIRECTION('',(0.,0.,1.));
#11833 = DIRECTION('',(1.,0.,-0.));
#11834 = PCURVE('',#11376,#11835);
#11835 = DEFINITIONAL_REPRESENTATION('',(#11836),#11840);
#11836 = CIRCLE('',#11837,1.);
#11837 = AXIS2_PLACEMENT_2D('',#11838,#11839);
#11838 = CARTESIAN_POINT('',(-7.164183775012E-15,-39.));
#11839 = DIRECTION('',(1.,0.));
#11840 = ( GEOMETRIC_REPRESENTATION_CONTEXT(2) 
PARAMETRIC_REPRESENTATION_CONTEXT() REPRESENTATION_CONTEXT('2D SPACE',''
  ) );
#11841 = PCURVE('',#11842,#11847);
#11842 = PLANE('',#11843);
#11843 = AXIS2_PLACEMENT_3D('',#11844,#11845,#11846);
#11844 = CARTESIAN_POINT('',(0.,0.,-150.));
#11845 = DIRECTION('',(0.,0.,1.));
#11846 = DIRECTION('',(1.,0.,-0.));
#11847 = DEFINITIONAL_REPRESENTATION('',(#11848),#11852);
#11848 = CIRCLE('',#11849,1.);
#11849 = AXIS2_PLACEMENT_2D('',#11850,#11851);
#11850 = CARTESIAN_POINT('',(-7.164183775012E-15,-39.));
#11851 = DIRECTION('',(1.,0.));
#11852 = ( GEOMETRIC_REPRESENTATION_CONTEXT(2) 
PARAMETRIC_REPRESENTATION_CONTEXT() REPRESENTATION_CONTEXT('2D SPACE',''
  ) );
#11853 = ORIENTED_EDGE('',*,*,#11854,.F.);
#11854 = EDGE_CURVE('',#11448,#11826,#11855,.T.);
#11855 = SURFACE_CURVE('',#11856,(#11860,#11867),.PCURVE_S1.);
#11856 = LINE('',#11857,#11858);
#11857 = CARTESIAN_POINT('',(-34.19567895301,-20.29572779417,-150.));
#11858 = VECTOR('',#11859,1.);
#11859 = DIRECTION('',(0.866025403781,-0.500000000007,0.));
#11860 = PCURVE('',#11376,#11861);
#11861 = DEFINITIONAL_REPRESENTATION('',(#11862),#11866);
#11862 = LINE('',#11863,#11864);
#11863 = CARTESIAN_POINT('',(-34.19567895301,-20.29572779417));
#11864 = VECTOR('',#11865,1.);
#11865 = DIRECTION('',(0.866025403781,-0.500000000007));
#11866 = ( GEOMETRIC_REPRESENTATION_CONTEXT(2) 
PARAMETRIC_REPRESENTATION_CONTEXT() REPRESENTATION_CONTEXT('2D SPACE',''
  ) );
#11867 = PCURVE('',#11868,#11873);
#11868 = PLANE('',#11869);
#11869 = AXIS2_PLACEMENT_3D('',#11870,#11871,#11872);
#11870 = CARTESIAN_POINT('',(-34.19567895301,-20.29572779417,-150.));
#11871 = DIRECTION('',(0.500000000007,0.866025403781,-0.));
#11872 = DIRECTION('',(0.866025403781,-0.500000000007,0.));
#11873 = DEFINITIONAL_REPRESENTATION('',(#11874),#11878);
#11874 = LINE('',#11875,#11876);
#11875 = CARTESIAN_POINT('',(0.,0.));
#11876 = VECTOR('',#11877,1.);
#11877 = DIRECTION('',(1.,0.));
#11878 = ( GEOMETRIC_REPRESENTATION_CONTEXT(2) 
PARAMETRIC_REPRESENTATION_CONTEXT() REPRESENTATION_CONTEXT('2D SPACE',''
  ) );
#11879 = ADVANCED_FACE('',(#11880),#11426,.F.);
#11880 = FACE_BOUND('',#11881,.T.);
#11881 = EDGE_LOOP('',(#11882));
#11882 = ORIENTED_EDGE('',*,*,#11411,.F.);
#11883 = ADVANCED_FACE('',(#11884),#11464,.T.);
#11884 = FACE_BOUND('',#11885,.T.);
#11885 = EDGE_LOOP('',(#11886,#11916,#11937,#11938,#11961,#11984,#12007,
    #12030,#12053,#12076,#12099,#12122,#12145,#12168));
#11886 = ORIENTED_EDGE('',*,*,#11887,.F.);
#11887 = EDGE_CURVE('',#11888,#11890,#11892,.T.);
#11888 = VERTEX_POINT('',#11889);
#11889 = CARTESIAN_POINT('',(-34.674990748,-19.49754513743,-150.));
#11890 = VERTEX_POINT('',#11891);
#11891 = CARTESIAN_POINT('',(-34.67053698245,-19.58820360494,-150.));
#11892 = SURFACE_CURVE('',#11893,(#11897,#11904),.PCURVE_S1.);
#11893 = LINE('',#11894,#11895);
#11894 = CARTESIAN_POINT('',(-34.674990748,-19.49754513743,-150.));
#11895 = VECTOR('',#11896,1.);
#11896 = DIRECTION('',(4.906768132518E-02,-0.998795455861,0.));
#11897 = PCURVE('',#11464,#11898);
#11898 = DEFINITIONAL_REPRESENTATION('',(#11899),#11903);
#11899 = LINE('',#11900,#11901);
#11900 = CARTESIAN_POINT('',(-34.674990748,-19.49754513743));
#11901 = VECTOR('',#11902,1.);
#11902 = DIRECTION('',(4.906768132518E-02,-0.998795455861));
#11903 = ( GEOMETRIC_REPRESENTATION_CONTEXT(2) 
PARAMETRIC_REPRESENTATION_CONTEXT() REPRESENTATION_CONTEXT('2D SPACE',''
  ) );
#11904 = PCURVE('',#11905,#11910);
#11905 = PLANE('',#11906);
#11906 = AXIS2_PLACEMENT_3D('',#11907,#11908,#11909);
#11907 = CARTESIAN_POINT('',(-33.77499074759,-19.5,-150.));
#11908 = DIRECTION('',(0.,0.,1.));
#11909 = DIRECTION('',(1.,0.,-0.));
#11910 = DEFINITIONAL_REPRESENTATION('',(#11911),#11915);
#11911 = LINE('',#11912,#11913);
#11912 = CARTESIAN_POINT('',(-0.900000000407,2.454862561404E-03));
#11913 = VECTOR('',#11914,1.);
#11914 = DIRECTION('',(4.906768132518E-02,-0.998795455861));
#11915 = ( GEOMETRIC_REPRESENTATION_CONTEXT(2) 
PARAMETRIC_REPRESENTATION_CONTEXT() REPRESENTATION_CONTEXT('2D SPACE',''
  ) );
#11916 = ORIENTED_EDGE('',*,*,#11917,.F.);
#11917 = EDGE_CURVE('',#11446,#11888,#11918,.T.);
#11918 = SURFACE_CURVE('',#11919,(#11923,#11930),.PCURVE_S1.);
#11919 = LINE('',#11920,#11921);
#11920 = CARTESIAN_POINT('',(-34.674990748,19.497545137439,-150.));
#11921 = VECTOR('',#11922,1.);
#11922 = DIRECTION('',(0.,-1.,0.));
#11923 = PCURVE('',#11464,#11924);
#11924 = DEFINITIONAL_REPRESENTATION('',(#11925),#11929);
#11925 = LINE('',#11926,#11927);
#11926 = CARTESIAN_POINT('',(-34.674990748,19.497545137439));
#11927 = VECTOR('',#11928,1.);
#11928 = DIRECTION('',(0.,-1.));
#11929 = ( GEOMETRIC_REPRESENTATION_CONTEXT(2) 
PARAMETRIC_REPRESENTATION_CONTEXT() REPRESENTATION_CONTEXT('2D SPACE',''
  ) );
#11930 = PCURVE('',#11905,#11931);
#11931 = DEFINITIONAL_REPRESENTATION('',(#11932),#11936);
#11932 = LINE('',#11933,#11934);
#11933 = CARTESIAN_POINT('',(-0.900000000407,38.997545137439));
#11934 = VECTOR('',#11935,1.);
#11935 = DIRECTION('',(0.,-1.));
#11936 = ( GEOMETRIC_REPRESENTATION_CONTEXT(2) 
PARAMETRIC_REPRESENTATION_CONTEXT() REPRESENTATION_CONTEXT('2D SPACE',''
  ) );
#11937 = ORIENTED_EDGE('',*,*,#11445,.T.);
#11938 = ORIENTED_EDGE('',*,*,#11939,.F.);
#11939 = EDGE_CURVE('',#11940,#11448,#11942,.T.);
#11940 = VERTEX_POINT('',#11941);
#11941 = CARTESIAN_POINT('',(-34.19567895301,-20.29572779417,-150.));
#11942 = SURFACE_CURVE('',#11943,(#11947,#11954),.PCURVE_S1.);
#11943 = LINE('',#11944,#11945);
#11944 = CARTESIAN_POINT('',(-34.19567895301,-20.29572779417,-150.));
#11945 = VECTOR('',#11946,1.);
#11946 = DIRECTION('',(0.866025403781,-0.500000000007,0.));
#11947 = PCURVE('',#11464,#11948);
#11948 = DEFINITIONAL_REPRESENTATION('',(#11949),#11953);
#11949 = LINE('',#11950,#11951);
#11950 = CARTESIAN_POINT('',(-34.19567895301,-20.29572779417));
#11951 = VECTOR('',#11952,1.);
#11952 = DIRECTION('',(0.866025403781,-0.500000000007));
#11953 = ( GEOMETRIC_REPRESENTATION_CONTEXT(2) 
PARAMETRIC_REPRESENTATION_CONTEXT() REPRESENTATION_CONTEXT('2D SPACE',''
  ) );
#11954 = PCURVE('',#11905,#11955);
#11955 = DEFINITIONAL_REPRESENTATION('',(#11956),#11960);
#11956 = LINE('',#11957,#11958);
#11957 = CARTESIAN_POINT('',(-0.420688205422,-0.795727794176));
#11958 = VECTOR('',#11959,1.);
#11959 = DIRECTION('',(0.866025403781,-0.500000000007));
#11960 = ( GEOMETRIC_REPRESENTATION_CONTEXT(2) 
PARAMETRIC_REPRESENTATION_CONTEXT() REPRESENTATION_CONTEXT('2D SPACE',''
  ) );
#11961 = ORIENTED_EDGE('',*,*,#11962,.F.);
#11962 = EDGE_CURVE('',#11963,#11940,#11965,.T.);
#11963 = VERTEX_POINT('',#11964);
#11964 = CARTESIAN_POINT('',(-34.27493695625,-20.24822237572,-150.));
#11965 = SURFACE_CURVE('',#11966,(#11970,#11977),.PCURVE_S1.);
#11966 = LINE('',#11967,#11968);
#11967 = CARTESIAN_POINT('',(-34.27493695625,-20.24822237572,-150.));
#11968 = VECTOR('',#11969,1.);
#11969 = DIRECTION('',(0.857728612378,-0.514102740226,0.));
#11970 = PCURVE('',#11464,#11971);
#11971 = DEFINITIONAL_REPRESENTATION('',(#11972),#11976);
#11972 = LINE('',#11973,#11974);
#11973 = CARTESIAN_POINT('',(-34.27493695625,-20.24822237572));
#11974 = VECTOR('',#11975,1.);
#11975 = DIRECTION('',(0.857728612378,-0.514102740226));
#11976 = ( GEOMETRIC_REPRESENTATION_CONTEXT(2) 
PARAMETRIC_REPRESENTATION_CONTEXT() REPRESENTATION_CONTEXT('2D SPACE',''
  ) );
#11977 = PCURVE('',#11905,#11978);
#11978 = DEFINITIONAL_REPRESENTATION('',(#11979),#11983);
#11979 = LINE('',#11980,#11981);
#11980 = CARTESIAN_POINT('',(-0.499946208658,-0.748222375725));
#11981 = VECTOR('',#11982,1.);
#11982 = DIRECTION('',(0.857728612378,-0.514102740226));
#11983 = ( GEOMETRIC_REPRESENTATION_CONTEXT(2) 
PARAMETRIC_REPRESENTATION_CONTEXT() REPRESENTATION_CONTEXT('2D SPACE',''
  ) );
#11984 = ORIENTED_EDGE('',*,*,#11985,.F.);
#11985 = EDGE_CURVE('',#11986,#11963,#11988,.T.);
#11986 = VERTEX_POINT('',#11987);
#11987 = CARTESIAN_POINT('',(-34.34586819597,-20.19561618288,-150.));
#11988 = SURFACE_CURVE('',#11989,(#11993,#12000),.PCURVE_S1.);
#11989 = LINE('',#11990,#11991);
#11990 = CARTESIAN_POINT('',(-34.34586819597,-20.19561618288,-150.));
#11991 = VECTOR('',#11992,1.);
#11992 = DIRECTION('',(0.803207530666,-0.59569930559,0.));
#11993 = PCURVE('',#11464,#11994);
#11994 = DEFINITIONAL_REPRESENTATION('',(#11995),#11999);
#11995 = LINE('',#11996,#11997);
#11996 = CARTESIAN_POINT('',(-34.34586819597,-20.19561618288));
#11997 = VECTOR('',#11998,1.);
#11998 = DIRECTION('',(0.803207530666,-0.59569930559));
#11999 = ( GEOMETRIC_REPRESENTATION_CONTEXT(2) 
PARAMETRIC_REPRESENTATION_CONTEXT() REPRESENTATION_CONTEXT('2D SPACE',''
  ) );
#12000 = PCURVE('',#11905,#12001);
#12001 = DEFINITIONAL_REPRESENTATION('',(#12002),#12006);
#12002 = LINE('',#12003,#12004);
#12003 = CARTESIAN_POINT('',(-0.570877448381,-0.695616182887));
#12004 = VECTOR('',#12005,1.);
#12005 = DIRECTION('',(0.803207530666,-0.59569930559));
#12006 = ( GEOMETRIC_REPRESENTATION_CONTEXT(2) 
PARAMETRIC_REPRESENTATION_CONTEXT() REPRESENTATION_CONTEXT('2D SPACE',''
  ) );
#12007 = ORIENTED_EDGE('',*,*,#12008,.F.);
#12008 = EDGE_CURVE('',#12009,#11986,#12011,.T.);
#12009 = VERTEX_POINT('',#12010);
#12010 = CARTESIAN_POINT('',(-34.41130157404,-20.13631082604,-150.));
#12011 = SURFACE_CURVE('',#12012,(#12016,#12023),.PCURVE_S1.);
#12012 = LINE('',#12013,#12014);
#12013 = CARTESIAN_POINT('',(-34.41130157404,-20.13631082604,-150.));
#12014 = VECTOR('',#12015,1.);
#12015 = DIRECTION('',(0.740951126143,-0.671558953977,0.));
#12016 = PCURVE('',#11464,#12017);
#12017 = DEFINITIONAL_REPRESENTATION('',(#12018),#12022);
#12018 = LINE('',#12019,#12020);
#12019 = CARTESIAN_POINT('',(-34.41130157404,-20.13631082604));
#12020 = VECTOR('',#12021,1.);
#12021 = DIRECTION('',(0.740951126143,-0.671558953977));
#12022 = ( GEOMETRIC_REPRESENTATION_CONTEXT(2) 
PARAMETRIC_REPRESENTATION_CONTEXT() REPRESENTATION_CONTEXT('2D SPACE',''
  ) );
#12023 = PCURVE('',#11905,#12024);
#12024 = DEFINITIONAL_REPRESENTATION('',(#12025),#12029);
#12025 = LINE('',#12026,#12027);
#12026 = CARTESIAN_POINT('',(-0.636310826456,-0.636310826049));
#12027 = VECTOR('',#12028,1.);
#12028 = DIRECTION('',(0.740951126143,-0.671558953977));
#12029 = ( GEOMETRIC_REPRESENTATION_CONTEXT(2) 
PARAMETRIC_REPRESENTATION_CONTEXT() REPRESENTATION_CONTEXT('2D SPACE',''
  ) );
#12030 = ORIENTED_EDGE('',*,*,#12031,.F.);
#12031 = EDGE_CURVE('',#12032,#12009,#12034,.T.);
#12032 = VERTEX_POINT('',#12033);
#12033 = CARTESIAN_POINT('',(-34.47060693088,-20.07087744797,-150.));
#12034 = SURFACE_CURVE('',#12035,(#12039,#12046),.PCURVE_S1.);
#12035 = LINE('',#12036,#12037);
#12036 = CARTESIAN_POINT('',(-34.47060693088,-20.07087744797,-150.));
#12037 = VECTOR('',#12038,1.);
#12038 = DIRECTION('',(0.671558953977,-0.740951126143,0.));
#12039 = PCURVE('',#11464,#12040);
#12040 = DEFINITIONAL_REPRESENTATION('',(#12041),#12045);
#12041 = LINE('',#12042,#12043);
#12042 = CARTESIAN_POINT('',(-34.47060693088,-20.07087744797));
#12043 = VECTOR('',#12044,1.);
#12044 = DIRECTION('',(0.671558953977,-0.740951126143));
#12045 = ( GEOMETRIC_REPRESENTATION_CONTEXT(2) 
PARAMETRIC_REPRESENTATION_CONTEXT() REPRESENTATION_CONTEXT('2D SPACE',''
  ) );
#12046 = PCURVE('',#11905,#12047);
#12047 = DEFINITIONAL_REPRESENTATION('',(#12048),#12052);
#12048 = LINE('',#12049,#12050);
#12049 = CARTESIAN_POINT('',(-0.695616183294,-0.570877447974));
#12050 = VECTOR('',#12051,1.);
#12051 = DIRECTION('',(0.671558953977,-0.740951126143));
#12052 = ( GEOMETRIC_REPRESENTATION_CONTEXT(2) 
PARAMETRIC_REPRESENTATION_CONTEXT() REPRESENTATION_CONTEXT('2D SPACE',''
  ) );
#12053 = ORIENTED_EDGE('',*,*,#12054,.F.);
#12054 = EDGE_CURVE('',#12055,#12032,#12057,.T.);
#12055 = VERTEX_POINT('',#12056);
#12056 = CARTESIAN_POINT('',(-34.52321312388,-19.99994620804,-150.));
#12057 = SURFACE_CURVE('',#12058,(#12062,#12069),.PCURVE_S1.);
#12058 = LINE('',#12059,#12060);
#12059 = CARTESIAN_POINT('',(-34.52321312388,-19.99994620804,-150.));
#12060 = VECTOR('',#12061,1.);
#12061 = DIRECTION('',(0.59569930559,-0.803207530666,0.));
#12062 = PCURVE('',#11464,#12063);
#12063 = DEFINITIONAL_REPRESENTATION('',(#12064),#12068);
#12064 = LINE('',#12065,#12066);
#12065 = CARTESIAN_POINT('',(-34.52321312388,-19.99994620804));
#12066 = VECTOR('',#12067,1.);
#12067 = DIRECTION('',(0.59569930559,-0.803207530666));
#12068 = ( GEOMETRIC_REPRESENTATION_CONTEXT(2) 
PARAMETRIC_REPRESENTATION_CONTEXT() REPRESENTATION_CONTEXT('2D SPACE',''
  ) );
#12069 = PCURVE('',#11905,#12070);
#12070 = DEFINITIONAL_REPRESENTATION('',(#12071),#12075);
#12071 = LINE('',#12072,#12073);
#12072 = CARTESIAN_POINT('',(-0.748222376288,-0.499946208041));
#12073 = VECTOR('',#12074,1.);
#12074 = DIRECTION('',(0.59569930559,-0.803207530666));
#12075 = ( GEOMETRIC_REPRESENTATION_CONTEXT(2) 
PARAMETRIC_REPRESENTATION_CONTEXT() REPRESENTATION_CONTEXT('2D SPACE',''
  ) );
#12076 = ORIENTED_EDGE('',*,*,#12077,.F.);
#12077 = EDGE_CURVE('',#12078,#12055,#12080,.T.);
#12078 = VERTEX_POINT('',#12079);
#12079 = CARTESIAN_POINT('',(-34.56861352608,-19.92420021317,-150.));
#12080 = SURFACE_CURVE('',#12081,(#12085,#12092),.PCURVE_S1.);
#12081 = LINE('',#12082,#12083);
#12082 = CARTESIAN_POINT('',(-34.56861352608,-19.92420021317,-150.));
#12083 = VECTOR('',#12084,1.);
#12084 = DIRECTION('',(0.51410274472,-0.857728609685,0.));
#12085 = PCURVE('',#11464,#12086);
#12086 = DEFINITIONAL_REPRESENTATION('',(#12087),#12091);
#12087 = LINE('',#12088,#12089);
#12088 = CARTESIAN_POINT('',(-34.56861352608,-19.92420021317));
#12089 = VECTOR('',#12090,1.);
#12090 = DIRECTION('',(0.51410274472,-0.857728609685));
#12091 = ( GEOMETRIC_REPRESENTATION_CONTEXT(2) 
PARAMETRIC_REPRESENTATION_CONTEXT() REPRESENTATION_CONTEXT('2D SPACE',''
  ) );
#12092 = PCURVE('',#11905,#12093);
#12093 = DEFINITIONAL_REPRESENTATION('',(#12094),#12098);
#12094 = LINE('',#12095,#12096);
#12095 = CARTESIAN_POINT('',(-0.793622778493,-0.424200213175));
#12096 = VECTOR('',#12097,1.);
#12097 = DIRECTION('',(0.51410274472,-0.857728609685));
#12098 = ( GEOMETRIC_REPRESENTATION_CONTEXT(2) 
PARAMETRIC_REPRESENTATION_CONTEXT() REPRESENTATION_CONTEXT('2D SPACE',''
  ) );
#12099 = ORIENTED_EDGE('',*,*,#12100,.F.);
#12100 = EDGE_CURVE('',#12101,#12078,#12103,.T.);
#12101 = VERTEX_POINT('',#12102);
#12102 = CARTESIAN_POINT('',(-34.6063709071,-19.84436893753,-150.));
#12103 = SURFACE_CURVE('',#12104,(#12108,#12115),.PCURVE_S1.);
#12104 = LINE('',#12105,#12106);
#12105 = CARTESIAN_POINT('',(-34.6063709071,-19.84436893753,-150.));
#12106 = VECTOR('',#12107,1.);
#12107 = DIRECTION('',(0.42755508995,-0.903989294769,0.));
#12108 = PCURVE('',#11464,#12109);
#12109 = DEFINITIONAL_REPRESENTATION('',(#12110),#12114);
#12110 = LINE('',#12111,#12112);
#12111 = CARTESIAN_POINT('',(-34.6063709071,-19.84436893753));
#12112 = VECTOR('',#12113,1.);
#12113 = DIRECTION('',(0.42755508995,-0.903989294769));
#12114 = ( GEOMETRIC_REPRESENTATION_CONTEXT(2) 
PARAMETRIC_REPRESENTATION_CONTEXT() REPRESENTATION_CONTEXT('2D SPACE',''
  ) );
#12115 = PCURVE('',#11905,#12116);
#12116 = DEFINITIONAL_REPRESENTATION('',(#12117),#12121);
#12117 = LINE('',#12118,#12119);
#12118 = CARTESIAN_POINT('',(-0.831380159508,-0.344368937537));
#12119 = VECTOR('',#12120,1.);
#12120 = DIRECTION('',(0.42755508995,-0.903989294769));
#12121 = ( GEOMETRIC_REPRESENTATION_CONTEXT(2) 
PARAMETRIC_REPRESENTATION_CONTEXT() REPRESENTATION_CONTEXT('2D SPACE',''
  ) );
#12122 = ORIENTED_EDGE('',*,*,#12123,.F.);
#12123 = EDGE_CURVE('',#12124,#12101,#12126,.T.);
#12124 = VERTEX_POINT('',#12125);
#12125 = CARTESIAN_POINT('',(-34.6361216428,-19.76122120094,-150.));
#12126 = SURFACE_CURVE('',#12127,(#12131,#12138),.PCURVE_S1.);
#12127 = LINE('',#12128,#12129);
#12128 = CARTESIAN_POINT('',(-34.6361216428,-19.76122120094,-150.));
#12129 = VECTOR('',#12130,1.);
#12130 = DIRECTION('',(0.336889851754,-0.941544065769,0.));
#12131 = PCURVE('',#11464,#12132);
#12132 = DEFINITIONAL_REPRESENTATION('',(#12133),#12137);
#12133 = LINE('',#12134,#12135);
#12134 = CARTESIAN_POINT('',(-34.6361216428,-19.76122120094));
#12135 = VECTOR('',#12136,1.);
#12136 = DIRECTION('',(0.336889851754,-0.941544065769));
#12137 = ( GEOMETRIC_REPRESENTATION_CONTEXT(2) 
PARAMETRIC_REPRESENTATION_CONTEXT() REPRESENTATION_CONTEXT('2D SPACE',''
  ) );
#12138 = PCURVE('',#11905,#12139);
#12139 = DEFINITIONAL_REPRESENTATION('',(#12140),#12144);
#12140 = LINE('',#12141,#12142);
#12141 = CARTESIAN_POINT('',(-0.861130895211,-0.261221200948));
#12142 = VECTOR('',#12143,1.);
#12143 = DIRECTION('',(0.336889851754,-0.941544065769));
#12144 = ( GEOMETRIC_REPRESENTATION_CONTEXT(2) 
PARAMETRIC_REPRESENTATION_CONTEXT() REPRESENTATION_CONTEXT('2D SPACE',''
  ) );
#12145 = ORIENTED_EDGE('',*,*,#12146,.F.);
#12146 = EDGE_CURVE('',#12147,#12124,#12149,.T.);
#12147 = VERTEX_POINT('',#12148);
#12148 = CARTESIAN_POINT('',(-34.65757921759,-19.67555776193,-150.));
#12149 = SURFACE_CURVE('',#12150,(#12154,#12161),.PCURVE_S1.);
#12150 = LINE('',#12151,#12152);
#12151 = CARTESIAN_POINT('',(-34.65757921759,-19.67555776193,-150.));
#12152 = VECTOR('',#12153,1.);
#12153 = DIRECTION('',(0.24298018363,-0.970031252261,0.));
#12154 = PCURVE('',#11464,#12155);
#12155 = DEFINITIONAL_REPRESENTATION('',(#12156),#12160);
#12156 = LINE('',#12157,#12158);
#12157 = CARTESIAN_POINT('',(-34.65757921759,-19.67555776193));
#12158 = VECTOR('',#12159,1.);
#12159 = DIRECTION('',(0.24298018363,-0.970031252261));
#12160 = ( GEOMETRIC_REPRESENTATION_CONTEXT(2) 
PARAMETRIC_REPRESENTATION_CONTEXT() REPRESENTATION_CONTEXT('2D SPACE',''
  ) );
#12161 = PCURVE('',#11905,#12162);
#12162 = DEFINITIONAL_REPRESENTATION('',(#12163),#12167);
#12163 = LINE('',#12164,#12165);
#12164 = CARTESIAN_POINT('',(-0.882588469997,-0.175557761939));
#12165 = VECTOR('',#12166,1.);
#12166 = DIRECTION('',(0.24298018363,-0.970031252261));
#12167 = ( GEOMETRIC_REPRESENTATION_CONTEXT(2) 
PARAMETRIC_REPRESENTATION_CONTEXT() REPRESENTATION_CONTEXT('2D SPACE',''
  ) );
#12168 = ORIENTED_EDGE('',*,*,#12169,.F.);
#12169 = EDGE_CURVE('',#11890,#12147,#12170,.T.);
#12170 = SURFACE_CURVE('',#12171,(#12175,#12182),.PCURVE_S1.);
#12171 = LINE('',#12172,#12173);
#12172 = CARTESIAN_POINT('',(-34.67053698245,-19.58820360494,-150.));
#12173 = VECTOR('',#12174,1.);
#12174 = DIRECTION('',(0.14673047131,-0.989176510431,0.));
#12175 = PCURVE('',#11464,#12176);
#12176 = DEFINITIONAL_REPRESENTATION('',(#12177),#12181);
#12177 = LINE('',#12178,#12179);
#12178 = CARTESIAN_POINT('',(-34.67053698245,-19.58820360494));
#12179 = VECTOR('',#12180,1.);
#12180 = DIRECTION('',(0.14673047131,-0.989176510431));
#12181 = ( GEOMETRIC_REPRESENTATION_CONTEXT(2) 
PARAMETRIC_REPRESENTATION_CONTEXT() REPRESENTATION_CONTEXT('2D SPACE',''
  ) );
#12182 = PCURVE('',#11905,#12183);
#12183 = DEFINITIONAL_REPRESENTATION('',(#12184),#12188);
#12184 = LINE('',#12185,#12186);
#12185 = CARTESIAN_POINT('',(-0.895546234857,-8.820360494635E-02));
#12186 = VECTOR('',#12187,1.);
#12187 = DIRECTION('',(0.14673047131,-0.989176510431));
#12188 = ( GEOMETRIC_REPRESENTATION_CONTEXT(2) 
PARAMETRIC_REPRESENTATION_CONTEXT() REPRESENTATION_CONTEXT('2D SPACE',''
  ) );
#12189 = ADVANCED_FACE('',(#12190),#11868,.F.);
#12190 = FACE_BOUND('',#12191,.F.);
#12191 = EDGE_LOOP('',(#12192,#12193,#12219,#12247));
#12192 = ORIENTED_EDGE('',*,*,#11854,.F.);
#12193 = ORIENTED_EDGE('',*,*,#12194,.T.);
#12194 = EDGE_CURVE('',#11448,#12195,#12197,.T.);
#12195 = VERTEX_POINT('',#12196);
#12196 = CARTESIAN_POINT('',(-33.84627543229,-20.49745601092,-135.));
#12197 = SURFACE_CURVE('',#12198,(#12202,#12208),.PCURVE_S1.);
#12198 = LINE('',#12199,#12200);
#12199 = CARTESIAN_POINT('',(-33.84627543229,-20.49745601092,-150.));
#12200 = VECTOR('',#12201,1.);
#12201 = DIRECTION('',(0.,0.,1.));
#12202 = PCURVE('',#11868,#12203);
#12203 = DEFINITIONAL_REPRESENTATION('',(#12204),#12207);
#12204 = B_SPLINE_CURVE_WITH_KNOTS('',1,(#12205,#12206),.UNSPECIFIED.,
  .F.,.F.,(2,2),(-5.999999928008E-07,16.5),.PIECEWISE_BEZIER_KNOTS.);
#12205 = CARTESIAN_POINT('',(0.403456433489,5.999999928008E-07));
#12206 = CARTESIAN_POINT('',(0.403456433489,-16.5));
#12207 = ( GEOMETRIC_REPRESENTATION_CONTEXT(2) 
PARAMETRIC_REPRESENTATION_CONTEXT() REPRESENTATION_CONTEXT('2D SPACE',''
  ) );
#12208 = PCURVE('',#12209,#12214);
#12209 = CYLINDRICAL_SURFACE('',#12210,1.);
#12210 = AXIS2_PLACEMENT_3D('',#12211,#12212,#12213);
#12211 = CARTESIAN_POINT('',(-33.77499074759,-19.5,-150.));
#12212 = DIRECTION('',(0.,0.,1.));
#12213 = DIRECTION('',(1.,0.,-0.));
#12214 = DEFINITIONAL_REPRESENTATION('',(#12215),#12218);
#12215 = B_SPLINE_CURVE_WITH_KNOTS('',1,(#12216,#12217),.UNSPECIFIED.,
  .F.,.F.,(2,2),(-5.999999928008E-07,16.5),.PIECEWISE_BEZIER_KNOTS.);
#12216 = CARTESIAN_POINT('',(4.641043784949,-5.999999928008E-07));
#12217 = CARTESIAN_POINT('',(4.641043784949,16.5));
#12218 = ( GEOMETRIC_REPRESENTATION_CONTEXT(2) 
PARAMETRIC_REPRESENTATION_CONTEXT() REPRESENTATION_CONTEXT('2D SPACE',''
  ) );
#12219 = ORIENTED_EDGE('',*,*,#12220,.T.);
#12220 = EDGE_CURVE('',#12195,#12221,#12223,.T.);
#12221 = VERTEX_POINT('',#12222);
#12222 = CARTESIAN_POINT('',(-0.828179901894,-39.56046235386,-135.));
#12223 = SURFACE_CURVE('',#12224,(#12228,#12235),.PCURVE_S1.);
#12224 = LINE('',#12225,#12226);
#12225 = CARTESIAN_POINT('',(-34.19567895301,-20.29572779417,-135.));
#12226 = VECTOR('',#12227,1.);
#12227 = DIRECTION('',(0.866025403781,-0.500000000007,0.));
#12228 = PCURVE('',#11868,#12229);
#12229 = DEFINITIONAL_REPRESENTATION('',(#12230),#12234);
#12230 = LINE('',#12231,#12232);
#12231 = CARTESIAN_POINT('',(0.,-15.));
#12232 = VECTOR('',#12233,1.);
#12233 = DIRECTION('',(1.,0.));
#12234 = ( GEOMETRIC_REPRESENTATION_CONTEXT(2) 
PARAMETRIC_REPRESENTATION_CONTEXT() REPRESENTATION_CONTEXT('2D SPACE',''
  ) );
#12235 = PCURVE('',#12236,#12241);
#12236 = PLANE('',#12237);
#12237 = AXIS2_PLACEMENT_3D('',#12238,#12239,#12240);
#12238 = CARTESIAN_POINT('',(9.417090361288E-16,0.690719102614,-135.));
#12239 = DIRECTION('',(0.,0.,1.));
#12240 = DIRECTION('',(1.,0.,-0.));
#12241 = DEFINITIONAL_REPRESENTATION('',(#12242),#12246);
#12242 = LINE('',#12243,#12244);
#12243 = CARTESIAN_POINT('',(-34.19567895301,-20.98644689679));
#12244 = VECTOR('',#12245,1.);
#12245 = DIRECTION('',(0.866025403781,-0.500000000007));
#12246 = ( GEOMETRIC_REPRESENTATION_CONTEXT(2) 
PARAMETRIC_REPRESENTATION_CONTEXT() REPRESENTATION_CONTEXT('2D SPACE',''
  ) );
#12247 = ORIENTED_EDGE('',*,*,#12248,.F.);
#12248 = EDGE_CURVE('',#11826,#12221,#12249,.T.);
#12249 = SURFACE_CURVE('',#12250,(#12254,#12260),.PCURVE_S1.);
#12250 = LINE('',#12251,#12252);
#12251 = CARTESIAN_POINT('',(-0.828179901894,-39.56046235386,-150.));
#12252 = VECTOR('',#12253,1.);
#12253 = DIRECTION('',(0.,0.,1.));
#12254 = PCURVE('',#11868,#12255);
#12255 = DEFINITIONAL_REPRESENTATION('',(#12256),#12259);
#12256 = B_SPLINE_CURVE_WITH_KNOTS('',1,(#12257,#12258),.UNSPECIFIED.,
  .F.,.F.,(2,2),(-5.999999928008E-07,16.5),.PIECEWISE_BEZIER_KNOTS.);
#12257 = CARTESIAN_POINT('',(38.529469118868,5.999999928008E-07));
#12258 = CARTESIAN_POINT('',(38.529469118868,-16.5));
#12259 = ( GEOMETRIC_REPRESENTATION_CONTEXT(2) 
PARAMETRIC_REPRESENTATION_CONTEXT() REPRESENTATION_CONTEXT('2D SPACE',''
  ) );
#12260 = PCURVE('',#12261,#12266);
#12261 = CYLINDRICAL_SURFACE('',#12262,1.);
#12262 = AXIS2_PLACEMENT_3D('',#12263,#12264,#12265);
#12263 = CARTESIAN_POINT('',(-7.164183775012E-15,-39.,-150.));
#12264 = DIRECTION('',(0.,0.,1.));
#12265 = DIRECTION('',(1.,0.,-0.));
#12266 = DEFINITIONAL_REPRESENTATION('',(#12267),#12270);
#12267 = B_SPLINE_CURVE_WITH_KNOTS('',1,(#12268,#12269),.UNSPECIFIED.,
  .F.,.F.,(2,2),(-5.999999928008E-07,16.5),.PIECEWISE_BEZIER_KNOTS.);
#12268 = CARTESIAN_POINT('',(3.736536625287,-5.999999928008E-07));
#12269 = CARTESIAN_POINT('',(3.736536625287,16.5));
#12270 = ( GEOMETRIC_REPRESENTATION_CONTEXT(2) 
PARAMETRIC_REPRESENTATION_CONTEXT() REPRESENTATION_CONTEXT('2D SPACE',''
  ) );
#12271 = ADVANCED_FACE('',(#12272),#11842,.T.);
#12272 = FACE_BOUND('',#12273,.T.);
#12273 = EDGE_LOOP('',(#12274,#12302,#12303,#12326,#12349,#12372,#12395,
    #12418,#12441,#12464,#12487,#12510,#12533));
#12274 = ORIENTED_EDGE('',*,*,#12275,.F.);
#12275 = EDGE_CURVE('',#11826,#12276,#12278,.T.);
#12276 = VERTEX_POINT('',#12277);
#12277 = CARTESIAN_POINT('',(-0.424941290921,-39.79327227446,-150.));
#12278 = SURFACE_CURVE('',#12279,(#12283,#12290),.PCURVE_S1.);
#12279 = LINE('',#12280,#12281);
#12280 = CARTESIAN_POINT('',(-34.19567895301,-20.29572779417,-150.));
#12281 = VECTOR('',#12282,1.);
#12282 = DIRECTION('',(0.866025403781,-0.500000000007,0.));
#12283 = PCURVE('',#11842,#12284);
#12284 = DEFINITIONAL_REPRESENTATION('',(#12285),#12289);
#12285 = LINE('',#12286,#12287);
#12286 = CARTESIAN_POINT('',(-34.19567895301,-20.29572779417));
#12287 = VECTOR('',#12288,1.);
#12288 = DIRECTION('',(0.866025403781,-0.500000000007));
#12289 = ( GEOMETRIC_REPRESENTATION_CONTEXT(2) 
PARAMETRIC_REPRESENTATION_CONTEXT() REPRESENTATION_CONTEXT('2D SPACE',''
  ) );
#12290 = PCURVE('',#12291,#12296);
#12291 = PLANE('',#12292);
#12292 = AXIS2_PLACEMENT_3D('',#12293,#12294,#12295);
#12293 = CARTESIAN_POINT('',(-7.164183775012E-15,-39.,-150.));
#12294 = DIRECTION('',(0.,0.,1.));
#12295 = DIRECTION('',(1.,0.,-0.));
#12296 = DEFINITIONAL_REPRESENTATION('',(#12297),#12301);
#12297 = LINE('',#12298,#12299);
#12298 = CARTESIAN_POINT('',(-34.19567895301,18.704272205824));
#12299 = VECTOR('',#12300,1.);
#12300 = DIRECTION('',(0.866025403781,-0.500000000007));
#12301 = ( GEOMETRIC_REPRESENTATION_CONTEXT(2) 
PARAMETRIC_REPRESENTATION_CONTEXT() REPRESENTATION_CONTEXT('2D SPACE',''
  ) );
#12302 = ORIENTED_EDGE('',*,*,#11825,.T.);
#12303 = ORIENTED_EDGE('',*,*,#12304,.F.);
#12304 = EDGE_CURVE('',#12305,#11798,#12307,.T.);
#12305 = VERTEX_POINT('',#12306);
#12306 = CARTESIAN_POINT('',(0.424941290921,-39.79327227446,-150.));
#12307 = SURFACE_CURVE('',#12308,(#12312,#12319),.PCURVE_S1.);
#12308 = LINE('',#12309,#12310);
#12309 = CARTESIAN_POINT('',(0.424941290921,-39.79327227446,-150.));
#12310 = VECTOR('',#12311,1.);
#12311 = DIRECTION('',(0.866025403781,0.500000000007,0.));
#12312 = PCURVE('',#11842,#12313);
#12313 = DEFINITIONAL_REPRESENTATION('',(#12314),#12318);
#12314 = LINE('',#12315,#12316);
#12315 = CARTESIAN_POINT('',(0.424941290921,-39.79327227446));
#12316 = VECTOR('',#12317,1.);
#12317 = DIRECTION('',(0.866025403781,0.500000000007));
#12318 = ( GEOMETRIC_REPRESENTATION_CONTEXT(2) 
PARAMETRIC_REPRESENTATION_CONTEXT() REPRESENTATION_CONTEXT('2D SPACE',''
  ) );
#12319 = PCURVE('',#12291,#12320);
#12320 = DEFINITIONAL_REPRESENTATION('',(#12321),#12325);
#12321 = LINE('',#12322,#12323);
#12322 = CARTESIAN_POINT('',(0.424941290921,-0.793272274461));
#12323 = VECTOR('',#12324,1.);
#12324 = DIRECTION('',(0.866025403781,0.500000000007));
#12325 = ( GEOMETRIC_REPRESENTATION_CONTEXT(2) 
PARAMETRIC_REPRESENTATION_CONTEXT() REPRESENTATION_CONTEXT('2D SPACE',''
  ) );
#12326 = ORIENTED_EDGE('',*,*,#12327,.F.);
#12327 = EDGE_CURVE('',#12328,#12305,#12330,.T.);
#12328 = VERTEX_POINT('',#12329);
#12329 = CARTESIAN_POINT('',(0.344368937102,-39.83138016025,-150.));
#12330 = SURFACE_CURVE('',#12331,(#12335,#12342),.PCURVE_S1.);
#12331 = LINE('',#12332,#12333);
#12332 = CARTESIAN_POINT('',(0.344368937102,-39.83138016025,-150.));
#12333 = VECTOR('',#12334,1.);
#12334 = DIRECTION('',(0.903989290831,0.427555098278,0.));
#12335 = PCURVE('',#11842,#12336);
#12336 = DEFINITIONAL_REPRESENTATION('',(#12337),#12341);
#12337 = LINE('',#12338,#12339);
#12338 = CARTESIAN_POINT('',(0.344368937102,-39.83138016025));
#12339 = VECTOR('',#12340,1.);
#12340 = DIRECTION('',(0.903989290831,0.427555098278));
#12341 = ( GEOMETRIC_REPRESENTATION_CONTEXT(2) 
PARAMETRIC_REPRESENTATION_CONTEXT() REPRESENTATION_CONTEXT('2D SPACE',''
  ) );
#12342 = PCURVE('',#12291,#12343);
#12343 = DEFINITIONAL_REPRESENTATION('',(#12344),#12348);
#12344 = LINE('',#12345,#12346);
#12345 = CARTESIAN_POINT('',(0.344368937102,-0.831380160257));
#12346 = VECTOR('',#12347,1.);
#12347 = DIRECTION('',(0.903989290831,0.427555098278));
#12348 = ( GEOMETRIC_REPRESENTATION_CONTEXT(2) 
PARAMETRIC_REPRESENTATION_CONTEXT() REPRESENTATION_CONTEXT('2D SPACE',''
  ) );
#12349 = ORIENTED_EDGE('',*,*,#12350,.F.);
#12350 = EDGE_CURVE('',#12351,#12328,#12353,.T.);
#12351 = VERTEX_POINT('',#12352);
#12352 = CARTESIAN_POINT('',(0.261221201415,-39.86113089563,-150.));
#12353 = SURFACE_CURVE('',#12354,(#12358,#12365),.PCURVE_S1.);
#12354 = LINE('',#12355,#12356);
#12355 = CARTESIAN_POINT('',(0.261221201415,-39.86113089563,-150.));
#12356 = VECTOR('',#12357,1.);
#12357 = DIRECTION('',(0.941544065769,0.336889851754,0.));
#12358 = PCURVE('',#11842,#12359);
#12359 = DEFINITIONAL_REPRESENTATION('',(#12360),#12364);
#12360 = LINE('',#12361,#12362);
#12361 = CARTESIAN_POINT('',(0.261221201415,-39.86113089563));
#12362 = VECTOR('',#12363,1.);
#12363 = DIRECTION('',(0.941544065769,0.336889851754));
#12364 = ( GEOMETRIC_REPRESENTATION_CONTEXT(2) 
PARAMETRIC_REPRESENTATION_CONTEXT() REPRESENTATION_CONTEXT('2D SPACE',''
  ) );
#12365 = PCURVE('',#12291,#12366);
#12366 = DEFINITIONAL_REPRESENTATION('',(#12367),#12371);
#12367 = LINE('',#12368,#12369);
#12368 = CARTESIAN_POINT('',(0.261221201415,-0.861130895637));
#12369 = VECTOR('',#12370,1.);
#12370 = DIRECTION('',(0.941544065769,0.336889851754));
#12371 = ( GEOMETRIC_REPRESENTATION_CONTEXT(2) 
PARAMETRIC_REPRESENTATION_CONTEXT() REPRESENTATION_CONTEXT('2D SPACE',''
  ) );
#12372 = ORIENTED_EDGE('',*,*,#12373,.F.);
#12373 = EDGE_CURVE('',#12374,#12351,#12376,.T.);
#12374 = VERTEX_POINT('',#12375);
#12375 = CARTESIAN_POINT('',(0.175557761939,-39.88258846964,-150.));
#12376 = SURFACE_CURVE('',#12377,(#12381,#12388),.PCURVE_S1.);
#12377 = LINE('',#12378,#12379);
#12378 = CARTESIAN_POINT('',(0.175557761939,-39.88258846964,-150.));
#12379 = VECTOR('',#12380,1.);
#12380 = DIRECTION('',(0.970031254663,0.242980174042,0.));
#12381 = PCURVE('',#11842,#12382);
#12382 = DEFINITIONAL_REPRESENTATION('',(#12383),#12387);
#12383 = LINE('',#12384,#12385);
#12384 = CARTESIAN_POINT('',(0.175557761939,-39.88258846964));
#12385 = VECTOR('',#12386,1.);
#12386 = DIRECTION('',(0.970031254663,0.242980174042));
#12387 = ( GEOMETRIC_REPRESENTATION_CONTEXT(2) 
PARAMETRIC_REPRESENTATION_CONTEXT() REPRESENTATION_CONTEXT('2D SPACE',''
  ) );
#12388 = PCURVE('',#12291,#12389);
#12389 = DEFINITIONAL_REPRESENTATION('',(#12390),#12394);
#12390 = LINE('',#12391,#12392);
#12391 = CARTESIAN_POINT('',(0.175557761939,-0.882588469641));
#12392 = VECTOR('',#12393,1.);
#12393 = DIRECTION('',(0.970031254663,0.242980174042));
#12394 = ( GEOMETRIC_REPRESENTATION_CONTEXT(2) 
PARAMETRIC_REPRESENTATION_CONTEXT() REPRESENTATION_CONTEXT('2D SPACE',''
  ) );
#12395 = ORIENTED_EDGE('',*,*,#12396,.F.);
#12396 = EDGE_CURVE('',#12397,#12374,#12399,.T.);
#12397 = VERTEX_POINT('',#12398);
#12398 = CARTESIAN_POINT('',(8.820360494634E-02,-39.8955462354,-150.));
#12399 = SURFACE_CURVE('',#12400,(#12404,#12411),.PCURVE_S1.);
#12400 = LINE('',#12401,#12402);
#12401 = CARTESIAN_POINT('',(8.820360494634E-02,-39.8955462354,-150.));
#12402 = VECTOR('',#12403,1.);
#12403 = DIRECTION('',(0.989176508952,0.146730481281,0.));
#12404 = PCURVE('',#11842,#12405);
#12405 = DEFINITIONAL_REPRESENTATION('',(#12406),#12410);
#12406 = LINE('',#12407,#12408);
#12407 = CARTESIAN_POINT('',(8.820360494634E-02,-39.8955462354));
#12408 = VECTOR('',#12409,1.);
#12409 = DIRECTION('',(0.989176508952,0.146730481281));
#12410 = ( GEOMETRIC_REPRESENTATION_CONTEXT(2) 
PARAMETRIC_REPRESENTATION_CONTEXT() REPRESENTATION_CONTEXT('2D SPACE',''
  ) );
#12411 = PCURVE('',#12291,#12412);
#12412 = DEFINITIONAL_REPRESENTATION('',(#12413),#12417);
#12413 = LINE('',#12414,#12415);
#12414 = CARTESIAN_POINT('',(8.820360494635E-02,-0.8955462354));
#12415 = VECTOR('',#12416,1.);
#12416 = DIRECTION('',(0.989176508952,0.146730481281));
#12417 = ( GEOMETRIC_REPRESENTATION_CONTEXT(2) 
PARAMETRIC_REPRESENTATION_CONTEXT() REPRESENTATION_CONTEXT('2D SPACE',''
  ) );
#12418 = ORIENTED_EDGE('',*,*,#12419,.F.);
#12419 = EDGE_CURVE('',#12420,#12397,#12422,.T.);
#12420 = VERTEX_POINT('',#12421);
#12421 = CARTESIAN_POINT('',(-0.,-39.89987940036,-150.));
#12422 = SURFACE_CURVE('',#12423,(#12427,#12434),.PCURVE_S1.);
#12423 = LINE('',#12424,#12425);
#12424 = CARTESIAN_POINT('',(-0.,-39.89987940036,-150.));
#12425 = VECTOR('',#12426,1.);
#12426 = DIRECTION('',(0.998795456361,4.906767115975E-02,0.));
#12427 = PCURVE('',#11842,#12428);
#12428 = DEFINITIONAL_REPRESENTATION('',(#12429),#12433);
#12429 = LINE('',#12430,#12431);
#12430 = CARTESIAN_POINT('',(0.,-39.89987940036));
#12431 = VECTOR('',#12432,1.);
#12432 = DIRECTION('',(0.998795456361,4.906767115975E-02));
#12433 = ( GEOMETRIC_REPRESENTATION_CONTEXT(2) 
PARAMETRIC_REPRESENTATION_CONTEXT() REPRESENTATION_CONTEXT('2D SPACE',''
  ) );
#12434 = PCURVE('',#12291,#12435);
#12435 = DEFINITIONAL_REPRESENTATION('',(#12436),#12440);
#12436 = LINE('',#12437,#12438);
#12437 = CARTESIAN_POINT('',(7.164183775012E-15,-0.899879400369));
#12438 = VECTOR('',#12439,1.);
#12439 = DIRECTION('',(0.998795456361,4.906767115975E-02));
#12440 = ( GEOMETRIC_REPRESENTATION_CONTEXT(2) 
PARAMETRIC_REPRESENTATION_CONTEXT() REPRESENTATION_CONTEXT('2D SPACE',''
  ) );
#12441 = ORIENTED_EDGE('',*,*,#12442,.F.);
#12442 = EDGE_CURVE('',#12443,#12420,#12445,.T.);
#12443 = VERTEX_POINT('',#12444);
#12444 = CARTESIAN_POINT('',(-8.820360494634E-02,-39.8955462354,-150.));
#12445 = SURFACE_CURVE('',#12446,(#12450,#12457),.PCURVE_S1.);
#12446 = LINE('',#12447,#12448);
#12447 = CARTESIAN_POINT('',(-8.820360494634E-02,-39.8955462354,-150.));
#12448 = VECTOR('',#12449,1.);
#12449 = DIRECTION('',(0.998795456361,-4.906767115975E-02,0.));
#12450 = PCURVE('',#11842,#12451);
#12451 = DEFINITIONAL_REPRESENTATION('',(#12452),#12456);
#12452 = LINE('',#12453,#12454);
#12453 = CARTESIAN_POINT('',(-8.820360494634E-02,-39.8955462354));
#12454 = VECTOR('',#12455,1.);
#12455 = DIRECTION('',(0.998795456361,-4.906767115975E-02));
#12456 = ( GEOMETRIC_REPRESENTATION_CONTEXT(2) 
PARAMETRIC_REPRESENTATION_CONTEXT() REPRESENTATION_CONTEXT('2D SPACE',''
  ) );
#12457 = PCURVE('',#12291,#12458);
#12458 = DEFINITIONAL_REPRESENTATION('',(#12459),#12463);
#12459 = LINE('',#12460,#12461);
#12460 = CARTESIAN_POINT('',(-8.820360494633E-02,-0.8955462354));
#12461 = VECTOR('',#12462,1.);
#12462 = DIRECTION('',(0.998795456361,-4.906767115975E-02));
#12463 = ( GEOMETRIC_REPRESENTATION_CONTEXT(2) 
PARAMETRIC_REPRESENTATION_CONTEXT() REPRESENTATION_CONTEXT('2D SPACE',''
  ) );
#12464 = ORIENTED_EDGE('',*,*,#12465,.F.);
#12465 = EDGE_CURVE('',#12466,#12443,#12468,.T.);
#12466 = VERTEX_POINT('',#12467);
#12467 = CARTESIAN_POINT('',(-0.175557761939,-39.88258846964,-150.));
#12468 = SURFACE_CURVE('',#12469,(#12473,#12480),.PCURVE_S1.);
#12469 = LINE('',#12470,#12471);
#12470 = CARTESIAN_POINT('',(-0.175557761939,-39.88258846964,-150.));
#12471 = VECTOR('',#12472,1.);
#12472 = DIRECTION('',(0.989176508952,-0.146730481281,0.));
#12473 = PCURVE('',#11842,#12474);
#12474 = DEFINITIONAL_REPRESENTATION('',(#12475),#12479);
#12475 = LINE('',#12476,#12477);
#12476 = CARTESIAN_POINT('',(-0.175557761939,-39.88258846964));
#12477 = VECTOR('',#12478,1.);
#12478 = DIRECTION('',(0.989176508952,-0.146730481281));
#12479 = ( GEOMETRIC_REPRESENTATION_CONTEXT(2) 
PARAMETRIC_REPRESENTATION_CONTEXT() REPRESENTATION_CONTEXT('2D SPACE',''
  ) );
#12480 = PCURVE('',#12291,#12481);
#12481 = DEFINITIONAL_REPRESENTATION('',(#12482),#12486);
#12482 = LINE('',#12483,#12484);
#12483 = CARTESIAN_POINT('',(-0.175557761939,-0.882588469641));
#12484 = VECTOR('',#12485,1.);
#12485 = DIRECTION('',(0.989176508952,-0.146730481281));
#12486 = ( GEOMETRIC_REPRESENTATION_CONTEXT(2) 
PARAMETRIC_REPRESENTATION_CONTEXT() REPRESENTATION_CONTEXT('2D SPACE',''
  ) );
#12487 = ORIENTED_EDGE('',*,*,#12488,.F.);
#12488 = EDGE_CURVE('',#12489,#12466,#12491,.T.);
#12489 = VERTEX_POINT('',#12490);
#12490 = CARTESIAN_POINT('',(-0.261221201415,-39.86113089563,-150.));
#12491 = SURFACE_CURVE('',#12492,(#12496,#12503),.PCURVE_S1.);
#12492 = LINE('',#12493,#12494);
#12493 = CARTESIAN_POINT('',(-0.261221201415,-39.86113089563,-150.));
#12494 = VECTOR('',#12495,1.);
#12495 = DIRECTION('',(0.970031254663,-0.242980174042,0.));
#12496 = PCURVE('',#11842,#12497);
#12497 = DEFINITIONAL_REPRESENTATION('',(#12498),#12502);
#12498 = LINE('',#12499,#12500);
#12499 = CARTESIAN_POINT('',(-0.261221201415,-39.86113089563));
#12500 = VECTOR('',#12501,1.);
#12501 = DIRECTION('',(0.970031254663,-0.242980174042));
#12502 = ( GEOMETRIC_REPRESENTATION_CONTEXT(2) 
PARAMETRIC_REPRESENTATION_CONTEXT() REPRESENTATION_CONTEXT('2D SPACE',''
  ) );
#12503 = PCURVE('',#12291,#12504);
#12504 = DEFINITIONAL_REPRESENTATION('',(#12505),#12509);
#12505 = LINE('',#12506,#12507);
#12506 = CARTESIAN_POINT('',(-0.261221201415,-0.861130895637));
#12507 = VECTOR('',#12508,1.);
#12508 = DIRECTION('',(0.970031254663,-0.242980174042));
#12509 = ( GEOMETRIC_REPRESENTATION_CONTEXT(2) 
PARAMETRIC_REPRESENTATION_CONTEXT() REPRESENTATION_CONTEXT('2D SPACE',''
  ) );
#12510 = ORIENTED_EDGE('',*,*,#12511,.F.);
#12511 = EDGE_CURVE('',#12512,#12489,#12514,.T.);
#12512 = VERTEX_POINT('',#12513);
#12513 = CARTESIAN_POINT('',(-0.344368937102,-39.83138016025,-150.));
#12514 = SURFACE_CURVE('',#12515,(#12519,#12526),.PCURVE_S1.);
#12515 = LINE('',#12516,#12517);
#12516 = CARTESIAN_POINT('',(-0.344368937102,-39.83138016025,-150.));
#12517 = VECTOR('',#12518,1.);
#12518 = DIRECTION('',(0.941544065769,-0.336889851754,0.));
#12519 = PCURVE('',#11842,#12520);
#12520 = DEFINITIONAL_REPRESENTATION('',(#12521),#12525);
#12521 = LINE('',#12522,#12523);
#12522 = CARTESIAN_POINT('',(-0.344368937102,-39.83138016025));
#12523 = VECTOR('',#12524,1.);
#12524 = DIRECTION('',(0.941544065769,-0.336889851754));
#12525 = ( GEOMETRIC_REPRESENTATION_CONTEXT(2) 
PARAMETRIC_REPRESENTATION_CONTEXT() REPRESENTATION_CONTEXT('2D SPACE',''
  ) );
#12526 = PCURVE('',#12291,#12527);
#12527 = DEFINITIONAL_REPRESENTATION('',(#12528),#12532);
#12528 = LINE('',#12529,#12530);
#12529 = CARTESIAN_POINT('',(-0.344368937102,-0.831380160257));
#12530 = VECTOR('',#12531,1.);
#12531 = DIRECTION('',(0.941544065769,-0.336889851754));
#12532 = ( GEOMETRIC_REPRESENTATION_CONTEXT(2) 
PARAMETRIC_REPRESENTATION_CONTEXT() REPRESENTATION_CONTEXT('2D SPACE',''
  ) );
#12533 = ORIENTED_EDGE('',*,*,#12534,.F.);
#12534 = EDGE_CURVE('',#12276,#12512,#12535,.T.);
#12535 = SURFACE_CURVE('',#12536,(#12540,#12547),.PCURVE_S1.);
#12536 = LINE('',#12537,#12538);
#12537 = CARTESIAN_POINT('',(-0.424941290921,-39.79327227446,-150.));
#12538 = VECTOR('',#12539,1.);
#12539 = DIRECTION('',(0.903989290831,-0.427555098278,0.));
#12540 = PCURVE('',#11842,#12541);
#12541 = DEFINITIONAL_REPRESENTATION('',(#12542),#12546);
#12542 = LINE('',#12543,#12544);
#12543 = CARTESIAN_POINT('',(-0.424941290921,-39.79327227446));
#12544 = VECTOR('',#12545,1.);
#12545 = DIRECTION('',(0.903989290831,-0.427555098278));
#12546 = ( GEOMETRIC_REPRESENTATION_CONTEXT(2) 
PARAMETRIC_REPRESENTATION_CONTEXT() REPRESENTATION_CONTEXT('2D SPACE',''
  ) );
#12547 = PCURVE('',#12291,#12548);
#12548 = DEFINITIONAL_REPRESENTATION('',(#12549),#12553);
#12549 = LINE('',#12550,#12551);
#12550 = CARTESIAN_POINT('',(-0.424941290921,-0.793272274461));
#12551 = VECTOR('',#12552,1.);
#12552 = DIRECTION('',(0.903989290831,-0.427555098278));
#12553 = ( GEOMETRIC_REPRESENTATION_CONTEXT(2) 
PARAMETRIC_REPRESENTATION_CONTEXT() REPRESENTATION_CONTEXT('2D SPACE',''
  ) );
#12554 = ADVANCED_FACE('',(#12555),#11813,.F.);
#12555 = FACE_BOUND('',#12556,.F.);
#12556 = EDGE_LOOP('',(#12557,#12558,#12584,#12607));
#12557 = ORIENTED_EDGE('',*,*,#11797,.F.);
#12558 = ORIENTED_EDGE('',*,*,#12559,.T.);
#12559 = EDGE_CURVE('',#11798,#12560,#12562,.T.);
#12560 = VERTEX_POINT('',#12561);
#12561 = CARTESIAN_POINT('',(0.828179901894,-39.56046235386,-135.));
#12562 = SURFACE_CURVE('',#12563,(#12567,#12573),.PCURVE_S1.);
#12563 = LINE('',#12564,#12565);
#12564 = CARTESIAN_POINT('',(0.828179901894,-39.56046235386,-150.));
#12565 = VECTOR('',#12566,1.);
#12566 = DIRECTION('',(0.,0.,1.));
#12567 = PCURVE('',#11813,#12568);
#12568 = DEFINITIONAL_REPRESENTATION('',(#12569),#12572);
#12569 = B_SPLINE_CURVE_WITH_KNOTS('',1,(#12570,#12571),.UNSPECIFIED.,
  .F.,.F.,(2,2),(-5.999999928008E-07,16.5),.PIECEWISE_BEZIER_KNOTS.);
#12570 = CARTESIAN_POINT('',(0.465619841188,5.999999928008E-07));
#12571 = CARTESIAN_POINT('',(0.465619841188,-16.5));
#12572 = ( GEOMETRIC_REPRESENTATION_CONTEXT(2) 
PARAMETRIC_REPRESENTATION_CONTEXT() REPRESENTATION_CONTEXT('2D SPACE',''
  ) );
#12573 = PCURVE('',#12574,#12579);
#12574 = CYLINDRICAL_SURFACE('',#12575,1.);
#12575 = AXIS2_PLACEMENT_3D('',#12576,#12577,#12578);
#12576 = CARTESIAN_POINT('',(-7.164183775012E-15,-39.,-150.));
#12577 = DIRECTION('',(0.,0.,1.));
#12578 = DIRECTION('',(1.,0.,-0.));
#12579 = DEFINITIONAL_REPRESENTATION('',(#12580),#12583);
#12580 = B_SPLINE_CURVE_WITH_KNOTS('',1,(#12581,#12582),.UNSPECIFIED.,
  .F.,.F.,(2,2),(-5.999999928008E-07,16.5),.PIECEWISE_BEZIER_KNOTS.);
#12581 = CARTESIAN_POINT('',(5.688241335482,-5.999999928008E-07));
#12582 = CARTESIAN_POINT('',(5.688241335482,16.5));
#12583 = ( GEOMETRIC_REPRESENTATION_CONTEXT(2) 
PARAMETRIC_REPRESENTATION_CONTEXT() REPRESENTATION_CONTEXT('2D SPACE',''
  ) );
#12584 = ORIENTED_EDGE('',*,*,#12585,.T.);
#12585 = EDGE_CURVE('',#12560,#12586,#12588,.T.);
#12586 = VERTEX_POINT('',#12587);
#12587 = CARTESIAN_POINT('',(33.846275432296,-20.49745601092,-135.));
#12588 = SURFACE_CURVE('',#12589,(#12593,#12600),.PCURVE_S1.);
#12589 = LINE('',#12590,#12591);
#12590 = CARTESIAN_POINT('',(0.424941290921,-39.79327227446,-135.));
#12591 = VECTOR('',#12592,1.);
#12592 = DIRECTION('',(0.866025403781,0.500000000007,0.));
#12593 = PCURVE('',#11813,#12594);
#12594 = DEFINITIONAL_REPRESENTATION('',(#12595),#12599);
#12595 = LINE('',#12596,#12597);
#12596 = CARTESIAN_POINT('',(0.,-15.));
#12597 = VECTOR('',#12598,1.);
#12598 = DIRECTION('',(1.,0.));
#12599 = ( GEOMETRIC_REPRESENTATION_CONTEXT(2) 
PARAMETRIC_REPRESENTATION_CONTEXT() REPRESENTATION_CONTEXT('2D SPACE',''
  ) );
#12600 = PCURVE('',#12236,#12601);
#12601 = DEFINITIONAL_REPRESENTATION('',(#12602),#12606);
#12602 = LINE('',#12603,#12604);
#12603 = CARTESIAN_POINT('',(0.424941290921,-40.48399137707));
#12604 = VECTOR('',#12605,1.);
#12605 = DIRECTION('',(0.866025403781,0.500000000007));
#12606 = ( GEOMETRIC_REPRESENTATION_CONTEXT(2) 
PARAMETRIC_REPRESENTATION_CONTEXT() REPRESENTATION_CONTEXT('2D SPACE',''
  ) );
#12607 = ORIENTED_EDGE('',*,*,#12608,.F.);
#12608 = EDGE_CURVE('',#11774,#12586,#12609,.T.);
#12609 = SURFACE_CURVE('',#12610,(#12614,#12620),.PCURVE_S1.);
#12610 = LINE('',#12611,#12612);
#12611 = CARTESIAN_POINT('',(33.846275432295,-20.49745601092,-150.));
#12612 = VECTOR('',#12613,1.);
#12613 = DIRECTION('',(0.,0.,1.));
#12614 = PCURVE('',#11813,#12615);
#12615 = DEFINITIONAL_REPRESENTATION('',(#12616),#12619);
#12616 = B_SPLINE_CURVE_WITH_KNOTS('',1,(#12617,#12618),.UNSPECIFIED.,
  .F.,.F.,(2,2),(-5.999999928008E-07,16.5),.PIECEWISE_BEZIER_KNOTS.);
#12617 = CARTESIAN_POINT('',(38.591632526567,5.999999928008E-07));
#12618 = CARTESIAN_POINT('',(38.591632526567,-16.5));
#12619 = ( GEOMETRIC_REPRESENTATION_CONTEXT(2) 
PARAMETRIC_REPRESENTATION_CONTEXT() REPRESENTATION_CONTEXT('2D SPACE',''
  ) );
#12620 = PCURVE('',#12621,#12626);
#12621 = CYLINDRICAL_SURFACE('',#12622,1.);
#12622 = AXIS2_PLACEMENT_3D('',#12623,#12624,#12625);
#12623 = CARTESIAN_POINT('',(33.774990747593,-19.5,-150.));
#12624 = DIRECTION('',(0.,0.,1.));
#12625 = DIRECTION('',(1.,0.,-0.));
#12626 = DEFINITIONAL_REPRESENTATION('',(#12627),#12630);
#12627 = B_SPLINE_CURVE_WITH_KNOTS('',1,(#12628,#12629),.UNSPECIFIED.,
  .F.,.F.,(2,2),(-5.999999928008E-07,16.5),.PIECEWISE_BEZIER_KNOTS.);
#12628 = CARTESIAN_POINT('',(4.78373417582,-5.999999928008E-07));
#12629 = CARTESIAN_POINT('',(4.78373417582,16.5));
#12630 = ( GEOMETRIC_REPRESENTATION_CONTEXT(2) 
PARAMETRIC_REPRESENTATION_CONTEXT() REPRESENTATION_CONTEXT('2D SPACE',''
  ) );
#12631 = ADVANCED_FACE('',(#12632),#11761,.T.);
#12632 = FACE_BOUND('',#12633,.T.);
#12633 = EDGE_LOOP('',(#12634,#12662,#12663,#12664,#12687,#12710,#12733,
    #12756,#12779,#12802,#12825,#12848,#12871,#12894,#12917));
#12634 = ORIENTED_EDGE('',*,*,#12635,.F.);
#12635 = EDGE_CURVE('',#11774,#12636,#12638,.T.);
#12636 = VERTEX_POINT('',#12637);
#12637 = CARTESIAN_POINT('',(34.195678953015,-20.29572779417,-150.));
#12638 = SURFACE_CURVE('',#12639,(#12643,#12650),.PCURVE_S1.);
#12639 = LINE('',#12640,#12641);
#12640 = CARTESIAN_POINT('',(0.424941290921,-39.79327227446,-150.));
#12641 = VECTOR('',#12642,1.);
#12642 = DIRECTION('',(0.866025403781,0.500000000007,0.));
#12643 = PCURVE('',#11761,#12644);
#12644 = DEFINITIONAL_REPRESENTATION('',(#12645),#12649);
#12645 = LINE('',#12646,#12647);
#12646 = CARTESIAN_POINT('',(0.424941290921,-39.79327227446));
#12647 = VECTOR('',#12648,1.);
#12648 = DIRECTION('',(0.866025403781,0.500000000007));
#12649 = ( GEOMETRIC_REPRESENTATION_CONTEXT(2) 
PARAMETRIC_REPRESENTATION_CONTEXT() REPRESENTATION_CONTEXT('2D SPACE',''
  ) );
#12650 = PCURVE('',#12651,#12656);
#12651 = PLANE('',#12652);
#12652 = AXIS2_PLACEMENT_3D('',#12653,#12654,#12655);
#12653 = CARTESIAN_POINT('',(33.774990747593,-19.5,-150.));
#12654 = DIRECTION('',(0.,0.,1.));
#12655 = DIRECTION('',(1.,0.,-0.));
#12656 = DEFINITIONAL_REPRESENTATION('',(#12657),#12661);
#12657 = LINE('',#12658,#12659);
#12658 = CARTESIAN_POINT('',(-33.35004945667,-20.29327227446));
#12659 = VECTOR('',#12660,1.);
#12660 = DIRECTION('',(0.866025403781,0.500000000007));
#12661 = ( GEOMETRIC_REPRESENTATION_CONTEXT(2) 
PARAMETRIC_REPRESENTATION_CONTEXT() REPRESENTATION_CONTEXT('2D SPACE',''
  ) );
#12662 = ORIENTED_EDGE('',*,*,#11773,.T.);
#12663 = ORIENTED_EDGE('',*,*,#11744,.T.);
#12664 = ORIENTED_EDGE('',*,*,#12665,.F.);
#12665 = EDGE_CURVE('',#12666,#11717,#12668,.T.);
#12666 = VERTEX_POINT('',#12667);
#12667 = CARTESIAN_POINT('',(34.674990748,-19.49754513743,-150.));
#12668 = SURFACE_CURVE('',#12669,(#12673,#12680),.PCURVE_S1.);
#12669 = LINE('',#12670,#12671);
#12670 = CARTESIAN_POINT('',(34.674990748,-19.49754513743,-150.));
#12671 = VECTOR('',#12672,1.);
#12672 = DIRECTION('',(0.,1.,0.));
#12673 = PCURVE('',#11761,#12674);
#12674 = DEFINITIONAL_REPRESENTATION('',(#12675),#12679);
#12675 = LINE('',#12676,#12677);
#12676 = CARTESIAN_POINT('',(34.674990748,-19.49754513743));
#12677 = VECTOR('',#12678,1.);
#12678 = DIRECTION('',(0.,1.));
#12679 = ( GEOMETRIC_REPRESENTATION_CONTEXT(2) 
PARAMETRIC_REPRESENTATION_CONTEXT() REPRESENTATION_CONTEXT('2D SPACE',''
  ) );
#12680 = PCURVE('',#12651,#12681);
#12681 = DEFINITIONAL_REPRESENTATION('',(#12682),#12686);
#12682 = LINE('',#12683,#12684);
#12683 = CARTESIAN_POINT('',(0.900000000407,2.454862561432E-03));
#12684 = VECTOR('',#12685,1.);
#12685 = DIRECTION('',(0.,1.));
#12686 = ( GEOMETRIC_REPRESENTATION_CONTEXT(2) 
PARAMETRIC_REPRESENTATION_CONTEXT() REPRESENTATION_CONTEXT('2D SPACE',''
  ) );
#12687 = ORIENTED_EDGE('',*,*,#12688,.F.);
#12688 = EDGE_CURVE('',#12689,#12666,#12691,.T.);
#12689 = VERTEX_POINT('',#12690);
#12690 = CARTESIAN_POINT('',(34.67053698245,-19.58820360494,-150.));
#12691 = SURFACE_CURVE('',#12692,(#12696,#12703),.PCURVE_S1.);
#12692 = LINE('',#12693,#12694);
#12693 = CARTESIAN_POINT('',(34.67053698245,-19.58820360494,-150.));
#12694 = VECTOR('',#12695,1.);
#12695 = DIRECTION('',(4.906768132518E-02,0.998795455861,0.));
#12696 = PCURVE('',#11761,#12697);
#12697 = DEFINITIONAL_REPRESENTATION('',(#12698),#12702);
#12698 = LINE('',#12699,#12700);
#12699 = CARTESIAN_POINT('',(34.67053698245,-19.58820360494));
#12700 = VECTOR('',#12701,1.);
#12701 = DIRECTION('',(4.906768132518E-02,0.998795455861));
#12702 = ( GEOMETRIC_REPRESENTATION_CONTEXT(2) 
PARAMETRIC_REPRESENTATION_CONTEXT() REPRESENTATION_CONTEXT('2D SPACE',''
  ) );
#12703 = PCURVE('',#12651,#12704);
#12704 = DEFINITIONAL_REPRESENTATION('',(#12705),#12709);
#12705 = LINE('',#12706,#12707);
#12706 = CARTESIAN_POINT('',(0.895546234857,-8.820360494632E-02));
#12707 = VECTOR('',#12708,1.);
#12708 = DIRECTION('',(4.906768132518E-02,0.998795455861));
#12709 = ( GEOMETRIC_REPRESENTATION_CONTEXT(2) 
PARAMETRIC_REPRESENTATION_CONTEXT() REPRESENTATION_CONTEXT('2D SPACE',''
  ) );
#12710 = ORIENTED_EDGE('',*,*,#12711,.F.);
#12711 = EDGE_CURVE('',#12712,#12689,#12714,.T.);
#12712 = VERTEX_POINT('',#12713);
#12713 = CARTESIAN_POINT('',(34.657579217591,-19.67555776193,-150.));
#12714 = SURFACE_CURVE('',#12715,(#12719,#12726),.PCURVE_S1.);
#12715 = LINE('',#12716,#12717);
#12716 = CARTESIAN_POINT('',(34.657579217591,-19.67555776193,-150.));
#12717 = VECTOR('',#12718,1.);
#12718 = DIRECTION('',(0.14673047131,0.989176510431,0.));
#12719 = PCURVE('',#11761,#12720);
#12720 = DEFINITIONAL_REPRESENTATION('',(#12721),#12725);
#12721 = LINE('',#12722,#12723);
#12722 = CARTESIAN_POINT('',(34.657579217591,-19.67555776193));
#12723 = VECTOR('',#12724,1.);
#12724 = DIRECTION('',(0.14673047131,0.989176510431));
#12725 = ( GEOMETRIC_REPRESENTATION_CONTEXT(2) 
PARAMETRIC_REPRESENTATION_CONTEXT() REPRESENTATION_CONTEXT('2D SPACE',''
  ) );
#12726 = PCURVE('',#12651,#12727);
#12727 = DEFINITIONAL_REPRESENTATION('',(#12728),#12732);
#12728 = LINE('',#12729,#12730);
#12729 = CARTESIAN_POINT('',(0.882588469997,-0.175557761939));
#12730 = VECTOR('',#12731,1.);
#12731 = DIRECTION('',(0.14673047131,0.989176510431));
#12732 = ( GEOMETRIC_REPRESENTATION_CONTEXT(2) 
PARAMETRIC_REPRESENTATION_CONTEXT() REPRESENTATION_CONTEXT('2D SPACE',''
  ) );
#12733 = ORIENTED_EDGE('',*,*,#12734,.F.);
#12734 = EDGE_CURVE('',#12735,#12712,#12737,.T.);
#12735 = VERTEX_POINT('',#12736);
#12736 = CARTESIAN_POINT('',(34.636121642804,-19.76122120094,-150.));
#12737 = SURFACE_CURVE('',#12738,(#12742,#12749),.PCURVE_S1.);
#12738 = LINE('',#12739,#12740);
#12739 = CARTESIAN_POINT('',(34.636121642804,-19.76122120094,-150.));
#12740 = VECTOR('',#12741,1.);
#12741 = DIRECTION('',(0.24298018363,0.970031252261,0.));
#12742 = PCURVE('',#11761,#12743);
#12743 = DEFINITIONAL_REPRESENTATION('',(#12744),#12748);
#12744 = LINE('',#12745,#12746);
#12745 = CARTESIAN_POINT('',(34.636121642804,-19.76122120094));
#12746 = VECTOR('',#12747,1.);
#12747 = DIRECTION('',(0.24298018363,0.970031252261));
#12748 = ( GEOMETRIC_REPRESENTATION_CONTEXT(2) 
PARAMETRIC_REPRESENTATION_CONTEXT() REPRESENTATION_CONTEXT('2D SPACE',''
  ) );
#12749 = PCURVE('',#12651,#12750);
#12750 = DEFINITIONAL_REPRESENTATION('',(#12751),#12755);
#12751 = LINE('',#12752,#12753);
#12752 = CARTESIAN_POINT('',(0.861130895211,-0.261221200948));
#12753 = VECTOR('',#12754,1.);
#12754 = DIRECTION('',(0.24298018363,0.970031252261));
#12755 = ( GEOMETRIC_REPRESENTATION_CONTEXT(2) 
PARAMETRIC_REPRESENTATION_CONTEXT() REPRESENTATION_CONTEXT('2D SPACE',''
  ) );
#12756 = ORIENTED_EDGE('',*,*,#12757,.F.);
#12757 = EDGE_CURVE('',#12758,#12735,#12760,.T.);
#12758 = VERTEX_POINT('',#12759);
#12759 = CARTESIAN_POINT('',(34.606370907101,-19.84436893753,-150.));
#12760 = SURFACE_CURVE('',#12761,(#12765,#12772),.PCURVE_S1.);
#12761 = LINE('',#12762,#12763);
#12762 = CARTESIAN_POINT('',(34.606370907101,-19.84436893753,-150.));
#12763 = VECTOR('',#12764,1.);
#12764 = DIRECTION('',(0.336889851754,0.941544065769,0.));
#12765 = PCURVE('',#11761,#12766);
#12766 = DEFINITIONAL_REPRESENTATION('',(#12767),#12771);
#12767 = LINE('',#12768,#12769);
#12768 = CARTESIAN_POINT('',(34.606370907101,-19.84436893753));
#12769 = VECTOR('',#12770,1.);
#12770 = DIRECTION('',(0.336889851754,0.941544065769));
#12771 = ( GEOMETRIC_REPRESENTATION_CONTEXT(2) 
PARAMETRIC_REPRESENTATION_CONTEXT() REPRESENTATION_CONTEXT('2D SPACE',''
  ) );
#12772 = PCURVE('',#12651,#12773);
#12773 = DEFINITIONAL_REPRESENTATION('',(#12774),#12778);
#12774 = LINE('',#12775,#12776);
#12775 = CARTESIAN_POINT('',(0.831380159508,-0.344368937537));
#12776 = VECTOR('',#12777,1.);
#12777 = DIRECTION('',(0.336889851754,0.941544065769));
#12778 = ( GEOMETRIC_REPRESENTATION_CONTEXT(2) 
PARAMETRIC_REPRESENTATION_CONTEXT() REPRESENTATION_CONTEXT('2D SPACE',''
  ) );
#12779 = ORIENTED_EDGE('',*,*,#12780,.F.);
#12780 = EDGE_CURVE('',#12781,#12758,#12783,.T.);
#12781 = VERTEX_POINT('',#12782);
#12782 = CARTESIAN_POINT('',(34.568613526086,-19.92420021317,-150.));
#12783 = SURFACE_CURVE('',#12784,(#12788,#12795),.PCURVE_S1.);
#12784 = LINE('',#12785,#12786);
#12785 = CARTESIAN_POINT('',(34.568613526086,-19.92420021317,-150.));
#12786 = VECTOR('',#12787,1.);
#12787 = DIRECTION('',(0.42755508995,0.903989294769,0.));
#12788 = PCURVE('',#11761,#12789);
#12789 = DEFINITIONAL_REPRESENTATION('',(#12790),#12794);
#12790 = LINE('',#12791,#12792);
#12791 = CARTESIAN_POINT('',(34.568613526086,-19.92420021317));
#12792 = VECTOR('',#12793,1.);
#12793 = DIRECTION('',(0.42755508995,0.903989294769));
#12794 = ( GEOMETRIC_REPRESENTATION_CONTEXT(2) 
PARAMETRIC_REPRESENTATION_CONTEXT() REPRESENTATION_CONTEXT('2D SPACE',''
  ) );
#12795 = PCURVE('',#12651,#12796);
#12796 = DEFINITIONAL_REPRESENTATION('',(#12797),#12801);
#12797 = LINE('',#12798,#12799);
#12798 = CARTESIAN_POINT('',(0.793622778493,-0.424200213175));
#12799 = VECTOR('',#12800,1.);
#12800 = DIRECTION('',(0.42755508995,0.903989294769));
#12801 = ( GEOMETRIC_REPRESENTATION_CONTEXT(2) 
PARAMETRIC_REPRESENTATION_CONTEXT() REPRESENTATION_CONTEXT('2D SPACE',''
  ) );
#12802 = ORIENTED_EDGE('',*,*,#12803,.F.);
#12803 = EDGE_CURVE('',#12804,#12781,#12806,.T.);
#12804 = VERTEX_POINT('',#12805);
#12805 = CARTESIAN_POINT('',(34.523213123882,-19.99994620804,-150.));
#12806 = SURFACE_CURVE('',#12807,(#12811,#12818),.PCURVE_S1.);
#12807 = LINE('',#12808,#12809);
#12808 = CARTESIAN_POINT('',(34.523213123882,-19.99994620804,-150.));
#12809 = VECTOR('',#12810,1.);
#12810 = DIRECTION('',(0.51410274472,0.857728609685,0.));
#12811 = PCURVE('',#11761,#12812);
#12812 = DEFINITIONAL_REPRESENTATION('',(#12813),#12817);
#12813 = LINE('',#12814,#12815);
#12814 = CARTESIAN_POINT('',(34.523213123882,-19.99994620804));
#12815 = VECTOR('',#12816,1.);
#12816 = DIRECTION('',(0.51410274472,0.857728609685));
#12817 = ( GEOMETRIC_REPRESENTATION_CONTEXT(2) 
PARAMETRIC_REPRESENTATION_CONTEXT() REPRESENTATION_CONTEXT('2D SPACE',''
  ) );
#12818 = PCURVE('',#12651,#12819);
#12819 = DEFINITIONAL_REPRESENTATION('',(#12820),#12824);
#12820 = LINE('',#12821,#12822);
#12821 = CARTESIAN_POINT('',(0.748222376288,-0.499946208041));
#12822 = VECTOR('',#12823,1.);
#12823 = DIRECTION('',(0.51410274472,0.857728609685));
#12824 = ( GEOMETRIC_REPRESENTATION_CONTEXT(2) 
PARAMETRIC_REPRESENTATION_CONTEXT() REPRESENTATION_CONTEXT('2D SPACE',''
  ) );
#12825 = ORIENTED_EDGE('',*,*,#12826,.F.);
#12826 = EDGE_CURVE('',#12827,#12804,#12829,.T.);
#12827 = VERTEX_POINT('',#12828);
#12828 = CARTESIAN_POINT('',(34.470606930887,-20.07087744797,-150.));
#12829 = SURFACE_CURVE('',#12830,(#12834,#12841),.PCURVE_S1.);
#12830 = LINE('',#12831,#12832);
#12831 = CARTESIAN_POINT('',(34.470606930887,-20.07087744797,-150.));
#12832 = VECTOR('',#12833,1.);
#12833 = DIRECTION('',(0.59569930559,0.803207530666,0.));
#12834 = PCURVE('',#11761,#12835);
#12835 = DEFINITIONAL_REPRESENTATION('',(#12836),#12840);
#12836 = LINE('',#12837,#12838);
#12837 = CARTESIAN_POINT('',(34.470606930887,-20.07087744797));
#12838 = VECTOR('',#12839,1.);
#12839 = DIRECTION('',(0.59569930559,0.803207530666));
#12840 = ( GEOMETRIC_REPRESENTATION_CONTEXT(2) 
PARAMETRIC_REPRESENTATION_CONTEXT() REPRESENTATION_CONTEXT('2D SPACE',''
  ) );
#12841 = PCURVE('',#12651,#12842);
#12842 = DEFINITIONAL_REPRESENTATION('',(#12843),#12847);
#12843 = LINE('',#12844,#12845);
#12844 = CARTESIAN_POINT('',(0.695616183294,-0.570877447974));
#12845 = VECTOR('',#12846,1.);
#12846 = DIRECTION('',(0.59569930559,0.803207530666));
#12847 = ( GEOMETRIC_REPRESENTATION_CONTEXT(2) 
PARAMETRIC_REPRESENTATION_CONTEXT() REPRESENTATION_CONTEXT('2D SPACE',''
  ) );
#12848 = ORIENTED_EDGE('',*,*,#12849,.F.);
#12849 = EDGE_CURVE('',#12850,#12827,#12852,.T.);
#12850 = VERTEX_POINT('',#12851);
#12851 = CARTESIAN_POINT('',(34.411301574049,-20.13631082604,-150.));
#12852 = SURFACE_CURVE('',#12853,(#12857,#12864),.PCURVE_S1.);
#12853 = LINE('',#12854,#12855);
#12854 = CARTESIAN_POINT('',(34.411301574049,-20.13631082604,-150.));
#12855 = VECTOR('',#12856,1.);
#12856 = DIRECTION('',(0.671558953977,0.740951126143,0.));
#12857 = PCURVE('',#11761,#12858);
#12858 = DEFINITIONAL_REPRESENTATION('',(#12859),#12863);
#12859 = LINE('',#12860,#12861);
#12860 = CARTESIAN_POINT('',(34.411301574049,-20.13631082604));
#12861 = VECTOR('',#12862,1.);
#12862 = DIRECTION('',(0.671558953977,0.740951126143));
#12863 = ( GEOMETRIC_REPRESENTATION_CONTEXT(2) 
PARAMETRIC_REPRESENTATION_CONTEXT() REPRESENTATION_CONTEXT('2D SPACE',''
  ) );
#12864 = PCURVE('',#12651,#12865);
#12865 = DEFINITIONAL_REPRESENTATION('',(#12866),#12870);
#12866 = LINE('',#12867,#12868);
#12867 = CARTESIAN_POINT('',(0.636310826456,-0.636310826049));
#12868 = VECTOR('',#12869,1.);
#12869 = DIRECTION('',(0.671558953977,0.740951126143));
#12870 = ( GEOMETRIC_REPRESENTATION_CONTEXT(2) 
PARAMETRIC_REPRESENTATION_CONTEXT() REPRESENTATION_CONTEXT('2D SPACE',''
  ) );
#12871 = ORIENTED_EDGE('',*,*,#12872,.F.);
#12872 = EDGE_CURVE('',#12873,#12850,#12875,.T.);
#12873 = VERTEX_POINT('',#12874);
#12874 = CARTESIAN_POINT('',(34.345868195974,-20.19561618288,-150.));
#12875 = SURFACE_CURVE('',#12876,(#12880,#12887),.PCURVE_S1.);
#12876 = LINE('',#12877,#12878);
#12877 = CARTESIAN_POINT('',(34.345868195974,-20.19561618288,-150.));
#12878 = VECTOR('',#12879,1.);
#12879 = DIRECTION('',(0.740951126143,0.671558953977,0.));
#12880 = PCURVE('',#11761,#12881);
#12881 = DEFINITIONAL_REPRESENTATION('',(#12882),#12886);
#12882 = LINE('',#12883,#12884);
#12883 = CARTESIAN_POINT('',(34.345868195974,-20.19561618288));
#12884 = VECTOR('',#12885,1.);
#12885 = DIRECTION('',(0.740951126143,0.671558953977));
#12886 = ( GEOMETRIC_REPRESENTATION_CONTEXT(2) 
PARAMETRIC_REPRESENTATION_CONTEXT() REPRESENTATION_CONTEXT('2D SPACE',''
  ) );
#12887 = PCURVE('',#12651,#12888);
#12888 = DEFINITIONAL_REPRESENTATION('',(#12889),#12893);
#12889 = LINE('',#12890,#12891);
#12890 = CARTESIAN_POINT('',(0.570877448381,-0.695616182887));
#12891 = VECTOR('',#12892,1.);
#12892 = DIRECTION('',(0.740951126143,0.671558953977));
#12893 = ( GEOMETRIC_REPRESENTATION_CONTEXT(2) 
PARAMETRIC_REPRESENTATION_CONTEXT() REPRESENTATION_CONTEXT('2D SPACE',''
  ) );
#12894 = ORIENTED_EDGE('',*,*,#12895,.F.);
#12895 = EDGE_CURVE('',#12896,#12873,#12898,.T.);
#12896 = VERTEX_POINT('',#12897);
#12897 = CARTESIAN_POINT('',(34.274936956251,-20.24822237572,-150.));
#12898 = SURFACE_CURVE('',#12899,(#12903,#12910),.PCURVE_S1.);
#12899 = LINE('',#12900,#12901);
#12900 = CARTESIAN_POINT('',(34.274936956251,-20.24822237572,-150.));
#12901 = VECTOR('',#12902,1.);
#12902 = DIRECTION('',(0.803207530666,0.59569930559,0.));
#12903 = PCURVE('',#11761,#12904);
#12904 = DEFINITIONAL_REPRESENTATION('',(#12905),#12909);
#12905 = LINE('',#12906,#12907);
#12906 = CARTESIAN_POINT('',(34.274936956251,-20.24822237572));
#12907 = VECTOR('',#12908,1.);
#12908 = DIRECTION('',(0.803207530666,0.59569930559));
#12909 = ( GEOMETRIC_REPRESENTATION_CONTEXT(2) 
PARAMETRIC_REPRESENTATION_CONTEXT() REPRESENTATION_CONTEXT('2D SPACE',''
  ) );
#12910 = PCURVE('',#12651,#12911);
#12911 = DEFINITIONAL_REPRESENTATION('',(#12912),#12916);
#12912 = LINE('',#12913,#12914);
#12913 = CARTESIAN_POINT('',(0.499946208658,-0.748222375725));
#12914 = VECTOR('',#12915,1.);
#12915 = DIRECTION('',(0.803207530666,0.59569930559));
#12916 = ( GEOMETRIC_REPRESENTATION_CONTEXT(2) 
PARAMETRIC_REPRESENTATION_CONTEXT() REPRESENTATION_CONTEXT('2D SPACE',''
  ) );
#12917 = ORIENTED_EDGE('',*,*,#12918,.F.);
#12918 = EDGE_CURVE('',#12636,#12896,#12919,.T.);
#12919 = SURFACE_CURVE('',#12920,(#12924,#12931),.PCURVE_S1.);
#12920 = LINE('',#12921,#12922);
#12921 = CARTESIAN_POINT('',(34.195678953015,-20.29572779417,-150.));
#12922 = VECTOR('',#12923,1.);
#12923 = DIRECTION('',(0.857728612378,0.514102740226,0.));
#12924 = PCURVE('',#11761,#12925);
#12925 = DEFINITIONAL_REPRESENTATION('',(#12926),#12930);
#12926 = LINE('',#12927,#12928);
#12927 = CARTESIAN_POINT('',(34.195678953015,-20.29572779417));
#12928 = VECTOR('',#12929,1.);
#12929 = DIRECTION('',(0.857728612378,0.514102740226));
#12930 = ( GEOMETRIC_REPRESENTATION_CONTEXT(2) 
PARAMETRIC_REPRESENTATION_CONTEXT() REPRESENTATION_CONTEXT('2D SPACE',''
  ) );
#12931 = PCURVE('',#12651,#12932);
#12932 = DEFINITIONAL_REPRESENTATION('',(#12933),#12937);
#12933 = LINE('',#12934,#12935);
#12934 = CARTESIAN_POINT('',(0.420688205422,-0.795727794176));
#12935 = VECTOR('',#12936,1.);
#12936 = DIRECTION('',(0.857728612378,0.514102740226));
#12937 = ( GEOMETRIC_REPRESENTATION_CONTEXT(2) 
PARAMETRIC_REPRESENTATION_CONTEXT() REPRESENTATION_CONTEXT('2D SPACE',''
  ) );
#12938 = ADVANCED_FACE('',(#12939),#11732,.F.);
#12939 = FACE_BOUND('',#12940,.F.);
#12940 = EDGE_LOOP('',(#12941,#12942,#12963,#12986));
#12941 = ORIENTED_EDGE('',*,*,#11716,.F.);
#12942 = ORIENTED_EDGE('',*,*,#12943,.T.);
#12943 = EDGE_CURVE('',#11717,#12944,#12946,.T.);
#12944 = VERTEX_POINT('',#12945);
#12945 = CARTESIAN_POINT('',(34.674990748,-19.06411010648,-135.));
#12946 = SURFACE_CURVE('',#12947,(#12951,#12957),.PCURVE_S1.);
#12947 = LINE('',#12948,#12949);
#12948 = CARTESIAN_POINT('',(34.674990748,-19.06411010648,-150.));
#12949 = VECTOR('',#12950,1.);
#12950 = DIRECTION('',(0.,0.,1.));
#12951 = PCURVE('',#11732,#12952);
#12952 = DEFINITIONAL_REPRESENTATION('',(#12953),#12956);
#12953 = B_SPLINE_CURVE_WITH_KNOTS('',1,(#12954,#12955),.UNSPECIFIED.,
  .F.,.F.,(2,2),(-5.999999928008E-07,16.5),.PIECEWISE_BEZIER_KNOTS.);
#12954 = CARTESIAN_POINT('',(0.433435030952,5.999999928008E-07));
#12955 = CARTESIAN_POINT('',(0.433435030952,-16.5));
#12956 = ( GEOMETRIC_REPRESENTATION_CONTEXT(2) 
PARAMETRIC_REPRESENTATION_CONTEXT() REPRESENTATION_CONTEXT('2D SPACE',''
  ) );
#12957 = PCURVE('',#12621,#12958);
#12958 = DEFINITIONAL_REPRESENTATION('',(#12959),#12962);
#12959 = B_SPLINE_CURVE_WITH_KNOTS('',1,(#12960,#12961),.UNSPECIFIED.,
  .F.,.F.,(2,2),(-5.999999928008E-07,16.5),.PIECEWISE_BEZIER_KNOTS.);
#12960 = CARTESIAN_POINT('',(0.451026810863,-5.999999928008E-07));
#12961 = CARTESIAN_POINT('',(0.451026810863,16.5));
#12962 = ( GEOMETRIC_REPRESENTATION_CONTEXT(2) 
PARAMETRIC_REPRESENTATION_CONTEXT() REPRESENTATION_CONTEXT('2D SPACE',''
  ) );
#12963 = ORIENTED_EDGE('',*,*,#12964,.T.);
#12964 = EDGE_CURVE('',#12944,#12965,#12967,.T.);
#12965 = VERTEX_POINT('',#12966);
#12966 = CARTESIAN_POINT('',(34.674990748,19.064110106486,-135.));
#12967 = SURFACE_CURVE('',#12968,(#12972,#12979),.PCURVE_S1.);
#12968 = LINE('',#12969,#12970);
#12969 = CARTESIAN_POINT('',(34.674990748,-19.49754513743,-135.));
#12970 = VECTOR('',#12971,1.);
#12971 = DIRECTION('',(0.,1.,0.));
#12972 = PCURVE('',#11732,#12973);
#12973 = DEFINITIONAL_REPRESENTATION('',(#12974),#12978);
#12974 = LINE('',#12975,#12976);
#12975 = CARTESIAN_POINT('',(0.,-15.));
#12976 = VECTOR('',#12977,1.);
#12977 = DIRECTION('',(1.,0.));
#12978 = ( GEOMETRIC_REPRESENTATION_CONTEXT(2) 
PARAMETRIC_REPRESENTATION_CONTEXT() REPRESENTATION_CONTEXT('2D SPACE',''
  ) );
#12979 = PCURVE('',#12236,#12980);
#12980 = DEFINITIONAL_REPRESENTATION('',(#12981),#12985);
#12981 = LINE('',#12982,#12983);
#12982 = CARTESIAN_POINT('',(34.674990748,-20.18826424005));
#12983 = VECTOR('',#12984,1.);
#12984 = DIRECTION('',(0.,1.));
#12985 = ( GEOMETRIC_REPRESENTATION_CONTEXT(2) 
PARAMETRIC_REPRESENTATION_CONTEXT() REPRESENTATION_CONTEXT('2D SPACE',''
  ) );
#12986 = ORIENTED_EDGE('',*,*,#12987,.F.);
#12987 = EDGE_CURVE('',#11693,#12965,#12988,.T.);
#12988 = SURFACE_CURVE('',#12989,(#12993,#12999),.PCURVE_S1.);
#12989 = LINE('',#12990,#12991);
#12990 = CARTESIAN_POINT('',(34.674990748,19.064110106486,-150.));
#12991 = VECTOR('',#12992,1.);
#12992 = DIRECTION('',(0.,0.,1.));
#12993 = PCURVE('',#11732,#12994);
#12994 = DEFINITIONAL_REPRESENTATION('',(#12995),#12998);
#12995 = B_SPLINE_CURVE_WITH_KNOTS('',1,(#12996,#12997),.UNSPECIFIED.,
  .F.,.F.,(2,2),(-5.999999928008E-07,16.5),.PIECEWISE_BEZIER_KNOTS.);
#12996 = CARTESIAN_POINT('',(38.561655243925,5.999999928008E-07));
#12997 = CARTESIAN_POINT('',(38.561655243925,-16.5));
#12998 = ( GEOMETRIC_REPRESENTATION_CONTEXT(2) 
PARAMETRIC_REPRESENTATION_CONTEXT() REPRESENTATION_CONTEXT('2D SPACE',''
  ) );
#12999 = PCURVE('',#13000,#13005);
#13000 = CYLINDRICAL_SURFACE('',#13001,1.);
#13001 = AXIS2_PLACEMENT_3D('',#13002,#13003,#13004);
#13002 = CARTESIAN_POINT('',(33.774990747593,19.5,-150.));
#13003 = DIRECTION('',(0.,0.,1.));
#13004 = DIRECTION('',(1.,0.,-0.));
#13005 = DEFINITIONAL_REPRESENTATION('',(#13006),#13009);
#13006 = B_SPLINE_CURVE_WITH_KNOTS('',1,(#13007,#13008),.UNSPECIFIED.,
  .F.,.F.,(2,2),(-5.999999928008E-07,16.5),.PIECEWISE_BEZIER_KNOTS.);
#13007 = CARTESIAN_POINT('',(5.832158496317,-5.999999928008E-07));
#13008 = CARTESIAN_POINT('',(5.832158496317,16.5));
#13009 = ( GEOMETRIC_REPRESENTATION_CONTEXT(2) 
PARAMETRIC_REPRESENTATION_CONTEXT() REPRESENTATION_CONTEXT('2D SPACE',''
  ) );
#13010 = ADVANCED_FACE('',(#13011),#11680,.T.);
#13011 = FACE_BOUND('',#13012,.T.);
#13012 = EDGE_LOOP('',(#13013,#13014,#13042,#13065,#13088,#13111,#13134,
    #13157,#13180,#13203,#13226,#13249,#13272,#13293));
#13013 = ORIENTED_EDGE('',*,*,#11663,.T.);
#13014 = ORIENTED_EDGE('',*,*,#13015,.F.);
#13015 = EDGE_CURVE('',#13016,#11636,#13018,.T.);
#13016 = VERTEX_POINT('',#13017);
#13017 = CARTESIAN_POINT('',(34.272247314161,20.250217150257,-150.));
#13018 = SURFACE_CURVE('',#13019,(#13023,#13030),.PCURVE_S1.);
#13019 = LINE('',#13020,#13021);
#13020 = CARTESIAN_POINT('',(34.272247314161,20.250217150257,-150.));
#13021 = VECTOR('',#13022,1.);
#13022 = DIRECTION('',(-0.821444268946,0.570288797905,0.));
#13023 = PCURVE('',#11680,#13024);
#13024 = DEFINITIONAL_REPRESENTATION('',(#13025),#13029);
#13025 = LINE('',#13026,#13027);
#13026 = CARTESIAN_POINT('',(34.272247314161,20.250217150257));
#13027 = VECTOR('',#13028,1.);
#13028 = DIRECTION('',(-0.821444268946,0.570288797905));
#13029 = ( GEOMETRIC_REPRESENTATION_CONTEXT(2) 
PARAMETRIC_REPRESENTATION_CONTEXT() REPRESENTATION_CONTEXT('2D SPACE',''
  ) );
#13030 = PCURVE('',#13031,#13036);
#13031 = PLANE('',#13032);
#13032 = AXIS2_PLACEMENT_3D('',#13033,#13034,#13035);
#13033 = CARTESIAN_POINT('',(33.774990747593,19.5,-150.));
#13034 = DIRECTION('',(0.,0.,1.));
#13035 = DIRECTION('',(1.,0.,-0.));
#13036 = DEFINITIONAL_REPRESENTATION('',(#13037),#13041);
#13037 = LINE('',#13038,#13039);
#13038 = CARTESIAN_POINT('',(0.497256566568,0.750217150257));
#13039 = VECTOR('',#13040,1.);
#13040 = DIRECTION('',(-0.821444268946,0.570288797905));
#13041 = ( GEOMETRIC_REPRESENTATION_CONTEXT(2) 
PARAMETRIC_REPRESENTATION_CONTEXT() REPRESENTATION_CONTEXT('2D SPACE',''
  ) );
#13042 = ORIENTED_EDGE('',*,*,#13043,.F.);
#13043 = EDGE_CURVE('',#13044,#13016,#13046,.T.);
#13044 = VERTEX_POINT('',#13045);
#13045 = CARTESIAN_POINT('',(34.345868195974,20.195616182887,-150.));
#13046 = SURFACE_CURVE('',#13047,(#13051,#13058),.PCURVE_S1.);
#13047 = LINE('',#13048,#13049);
#13048 = CARTESIAN_POINT('',(34.345868195974,20.195616182887,-150.));
#13049 = VECTOR('',#13050,1.);
#13050 = DIRECTION('',(-0.803207530666,0.59569930559,0.));
#13051 = PCURVE('',#11680,#13052);
#13052 = DEFINITIONAL_REPRESENTATION('',(#13053),#13057);
#13053 = LINE('',#13054,#13055);
#13054 = CARTESIAN_POINT('',(34.345868195974,20.195616182887));
#13055 = VECTOR('',#13056,1.);
#13056 = DIRECTION('',(-0.803207530666,0.59569930559));
#13057 = ( GEOMETRIC_REPRESENTATION_CONTEXT(2) 
PARAMETRIC_REPRESENTATION_CONTEXT() REPRESENTATION_CONTEXT('2D SPACE',''
  ) );
#13058 = PCURVE('',#13031,#13059);
#13059 = DEFINITIONAL_REPRESENTATION('',(#13060),#13064);
#13060 = LINE('',#13061,#13062);
#13061 = CARTESIAN_POINT('',(0.570877448381,0.695616182887));
#13062 = VECTOR('',#13063,1.);
#13063 = DIRECTION('',(-0.803207530666,0.59569930559));
#13064 = ( GEOMETRIC_REPRESENTATION_CONTEXT(2) 
PARAMETRIC_REPRESENTATION_CONTEXT() REPRESENTATION_CONTEXT('2D SPACE',''
  ) );
#13065 = ORIENTED_EDGE('',*,*,#13066,.F.);
#13066 = EDGE_CURVE('',#13067,#13044,#13069,.T.);
#13067 = VERTEX_POINT('',#13068);
#13068 = CARTESIAN_POINT('',(34.411301574049,20.136310826049,-150.));
#13069 = SURFACE_CURVE('',#13070,(#13074,#13081),.PCURVE_S1.);
#13070 = LINE('',#13071,#13072);
#13071 = CARTESIAN_POINT('',(34.411301574049,20.136310826049,-150.));
#13072 = VECTOR('',#13073,1.);
#13073 = DIRECTION('',(-0.740951126143,0.671558953977,0.));
#13074 = PCURVE('',#11680,#13075);
#13075 = DEFINITIONAL_REPRESENTATION('',(#13076),#13080);
#13076 = LINE('',#13077,#13078);
#13077 = CARTESIAN_POINT('',(34.411301574049,20.136310826049));
#13078 = VECTOR('',#13079,1.);
#13079 = DIRECTION('',(-0.740951126143,0.671558953977));
#13080 = ( GEOMETRIC_REPRESENTATION_CONTEXT(2) 
PARAMETRIC_REPRESENTATION_CONTEXT() REPRESENTATION_CONTEXT('2D SPACE',''
  ) );
#13081 = PCURVE('',#13031,#13082);
#13082 = DEFINITIONAL_REPRESENTATION('',(#13083),#13087);
#13083 = LINE('',#13084,#13085);
#13084 = CARTESIAN_POINT('',(0.636310826456,0.636310826049));
#13085 = VECTOR('',#13086,1.);
#13086 = DIRECTION('',(-0.740951126143,0.671558953977));
#13087 = ( GEOMETRIC_REPRESENTATION_CONTEXT(2) 
PARAMETRIC_REPRESENTATION_CONTEXT() REPRESENTATION_CONTEXT('2D SPACE',''
  ) );
#13088 = ORIENTED_EDGE('',*,*,#13089,.F.);
#13089 = EDGE_CURVE('',#13090,#13067,#13092,.T.);
#13090 = VERTEX_POINT('',#13091);
#13091 = CARTESIAN_POINT('',(34.470606930887,20.070877447974,-150.));
#13092 = SURFACE_CURVE('',#13093,(#13097,#13104),.PCURVE_S1.);
#13093 = LINE('',#13094,#13095);
#13094 = CARTESIAN_POINT('',(34.470606930887,20.070877447974,-150.));
#13095 = VECTOR('',#13096,1.);
#13096 = DIRECTION('',(-0.671558953977,0.740951126143,0.));
#13097 = PCURVE('',#11680,#13098);
#13098 = DEFINITIONAL_REPRESENTATION('',(#13099),#13103);
#13099 = LINE('',#13100,#13101);
#13100 = CARTESIAN_POINT('',(34.470606930887,20.070877447974));
#13101 = VECTOR('',#13102,1.);
#13102 = DIRECTION('',(-0.671558953977,0.740951126143));
#13103 = ( GEOMETRIC_REPRESENTATION_CONTEXT(2) 
PARAMETRIC_REPRESENTATION_CONTEXT() REPRESENTATION_CONTEXT('2D SPACE',''
  ) );
#13104 = PCURVE('',#13031,#13105);
#13105 = DEFINITIONAL_REPRESENTATION('',(#13106),#13110);
#13106 = LINE('',#13107,#13108);
#13107 = CARTESIAN_POINT('',(0.695616183294,0.570877447974));
#13108 = VECTOR('',#13109,1.);
#13109 = DIRECTION('',(-0.671558953977,0.740951126143));
#13110 = ( GEOMETRIC_REPRESENTATION_CONTEXT(2) 
PARAMETRIC_REPRESENTATION_CONTEXT() REPRESENTATION_CONTEXT('2D SPACE',''
  ) );
#13111 = ORIENTED_EDGE('',*,*,#13112,.F.);
#13112 = EDGE_CURVE('',#13113,#13090,#13115,.T.);
#13113 = VERTEX_POINT('',#13114);
#13114 = CARTESIAN_POINT('',(34.523213123882,19.999946208041,-150.));
#13115 = SURFACE_CURVE('',#13116,(#13120,#13127),.PCURVE_S1.);
#13116 = LINE('',#13117,#13118);
#13117 = CARTESIAN_POINT('',(34.523213123882,19.999946208041,-150.));
#13118 = VECTOR('',#13119,1.);
#13119 = DIRECTION('',(-0.59569930559,0.803207530666,0.));
#13120 = PCURVE('',#11680,#13121);
#13121 = DEFINITIONAL_REPRESENTATION('',(#13122),#13126);
#13122 = LINE('',#13123,#13124);
#13123 = CARTESIAN_POINT('',(34.523213123882,19.999946208041));
#13124 = VECTOR('',#13125,1.);
#13125 = DIRECTION('',(-0.59569930559,0.803207530666));
#13126 = ( GEOMETRIC_REPRESENTATION_CONTEXT(2) 
PARAMETRIC_REPRESENTATION_CONTEXT() REPRESENTATION_CONTEXT('2D SPACE',''
  ) );
#13127 = PCURVE('',#13031,#13128);
#13128 = DEFINITIONAL_REPRESENTATION('',(#13129),#13133);
#13129 = LINE('',#13130,#13131);
#13130 = CARTESIAN_POINT('',(0.748222376288,0.499946208041));
#13131 = VECTOR('',#13132,1.);
#13132 = DIRECTION('',(-0.59569930559,0.803207530666));
#13133 = ( GEOMETRIC_REPRESENTATION_CONTEXT(2) 
PARAMETRIC_REPRESENTATION_CONTEXT() REPRESENTATION_CONTEXT('2D SPACE',''
  ) );
#13134 = ORIENTED_EDGE('',*,*,#13135,.F.);
#13135 = EDGE_CURVE('',#13136,#13113,#13138,.T.);
#13136 = VERTEX_POINT('',#13137);
#13137 = CARTESIAN_POINT('',(34.568613526086,19.924200213175,-150.));
#13138 = SURFACE_CURVE('',#13139,(#13143,#13150),.PCURVE_S1.);
#13139 = LINE('',#13140,#13141);
#13140 = CARTESIAN_POINT('',(34.568613526086,19.924200213175,-150.));
#13141 = VECTOR('',#13142,1.);
#13142 = DIRECTION('',(-0.51410274472,0.857728609685,0.));
#13143 = PCURVE('',#11680,#13144);
#13144 = DEFINITIONAL_REPRESENTATION('',(#13145),#13149);
#13145 = LINE('',#13146,#13147);
#13146 = CARTESIAN_POINT('',(34.568613526086,19.924200213175));
#13147 = VECTOR('',#13148,1.);
#13148 = DIRECTION('',(-0.51410274472,0.857728609685));
#13149 = ( GEOMETRIC_REPRESENTATION_CONTEXT(2) 
PARAMETRIC_REPRESENTATION_CONTEXT() REPRESENTATION_CONTEXT('2D SPACE',''
  ) );
#13150 = PCURVE('',#13031,#13151);
#13151 = DEFINITIONAL_REPRESENTATION('',(#13152),#13156);
#13152 = LINE('',#13153,#13154);
#13153 = CARTESIAN_POINT('',(0.793622778493,0.424200213175));
#13154 = VECTOR('',#13155,1.);
#13155 = DIRECTION('',(-0.51410274472,0.857728609685));
#13156 = ( GEOMETRIC_REPRESENTATION_CONTEXT(2) 
PARAMETRIC_REPRESENTATION_CONTEXT() REPRESENTATION_CONTEXT('2D SPACE',''
  ) );
#13157 = ORIENTED_EDGE('',*,*,#13158,.F.);
#13158 = EDGE_CURVE('',#13159,#13136,#13161,.T.);
#13159 = VERTEX_POINT('',#13160);
#13160 = CARTESIAN_POINT('',(34.606370907101,19.844368937537,-150.));
#13161 = SURFACE_CURVE('',#13162,(#13166,#13173),.PCURVE_S1.);
#13162 = LINE('',#13163,#13164);
#13163 = CARTESIAN_POINT('',(34.606370907101,19.844368937537,-150.));
#13164 = VECTOR('',#13165,1.);
#13165 = DIRECTION('',(-0.42755508995,0.903989294769,0.));
#13166 = PCURVE('',#11680,#13167);
#13167 = DEFINITIONAL_REPRESENTATION('',(#13168),#13172);
#13168 = LINE('',#13169,#13170);
#13169 = CARTESIAN_POINT('',(34.606370907101,19.844368937537));
#13170 = VECTOR('',#13171,1.);
#13171 = DIRECTION('',(-0.42755508995,0.903989294769));
#13172 = ( GEOMETRIC_REPRESENTATION_CONTEXT(2) 
PARAMETRIC_REPRESENTATION_CONTEXT() REPRESENTATION_CONTEXT('2D SPACE',''
  ) );
#13173 = PCURVE('',#13031,#13174);
#13174 = DEFINITIONAL_REPRESENTATION('',(#13175),#13179);
#13175 = LINE('',#13176,#13177);
#13176 = CARTESIAN_POINT('',(0.831380159508,0.344368937537));
#13177 = VECTOR('',#13178,1.);
#13178 = DIRECTION('',(-0.42755508995,0.903989294769));
#13179 = ( GEOMETRIC_REPRESENTATION_CONTEXT(2) 
PARAMETRIC_REPRESENTATION_CONTEXT() REPRESENTATION_CONTEXT('2D SPACE',''
  ) );
#13180 = ORIENTED_EDGE('',*,*,#13181,.F.);
#13181 = EDGE_CURVE('',#13182,#13159,#13184,.T.);
#13182 = VERTEX_POINT('',#13183);
#13183 = CARTESIAN_POINT('',(34.636121642804,19.761221200948,-150.));
#13184 = SURFACE_CURVE('',#13185,(#13189,#13196),.PCURVE_S1.);
#13185 = LINE('',#13186,#13187);
#13186 = CARTESIAN_POINT('',(34.636121642804,19.761221200948,-150.));
#13187 = VECTOR('',#13188,1.);
#13188 = DIRECTION('',(-0.336889851754,0.941544065769,0.));
#13189 = PCURVE('',#11680,#13190);
#13190 = DEFINITIONAL_REPRESENTATION('',(#13191),#13195);
#13191 = LINE('',#13192,#13193);
#13192 = CARTESIAN_POINT('',(34.636121642804,19.761221200948));
#13193 = VECTOR('',#13194,1.);
#13194 = DIRECTION('',(-0.336889851754,0.941544065769));
#13195 = ( GEOMETRIC_REPRESENTATION_CONTEXT(2) 
PARAMETRIC_REPRESENTATION_CONTEXT() REPRESENTATION_CONTEXT('2D SPACE',''
  ) );
#13196 = PCURVE('',#13031,#13197);
#13197 = DEFINITIONAL_REPRESENTATION('',(#13198),#13202);
#13198 = LINE('',#13199,#13200);
#13199 = CARTESIAN_POINT('',(0.861130895211,0.261221200948));
#13200 = VECTOR('',#13201,1.);
#13201 = DIRECTION('',(-0.336889851754,0.941544065769));
#13202 = ( GEOMETRIC_REPRESENTATION_CONTEXT(2) 
PARAMETRIC_REPRESENTATION_CONTEXT() REPRESENTATION_CONTEXT('2D SPACE',''
  ) );
#13203 = ORIENTED_EDGE('',*,*,#13204,.F.);
#13204 = EDGE_CURVE('',#13205,#13182,#13207,.T.);
#13205 = VERTEX_POINT('',#13206);
#13206 = CARTESIAN_POINT('',(34.657579217591,19.675557761939,-150.));
#13207 = SURFACE_CURVE('',#13208,(#13212,#13219),.PCURVE_S1.);
#13208 = LINE('',#13209,#13210);
#13209 = CARTESIAN_POINT('',(34.657579217591,19.675557761939,-150.));
#13210 = VECTOR('',#13211,1.);
#13211 = DIRECTION('',(-0.24298018363,0.970031252261,0.));
#13212 = PCURVE('',#11680,#13213);
#13213 = DEFINITIONAL_REPRESENTATION('',(#13214),#13218);
#13214 = LINE('',#13215,#13216);
#13215 = CARTESIAN_POINT('',(34.657579217591,19.675557761939));
#13216 = VECTOR('',#13217,1.);
#13217 = DIRECTION('',(-0.24298018363,0.970031252261));
#13218 = ( GEOMETRIC_REPRESENTATION_CONTEXT(2) 
PARAMETRIC_REPRESENTATION_CONTEXT() REPRESENTATION_CONTEXT('2D SPACE',''
  ) );
#13219 = PCURVE('',#13031,#13220);
#13220 = DEFINITIONAL_REPRESENTATION('',(#13221),#13225);
#13221 = LINE('',#13222,#13223);
#13222 = CARTESIAN_POINT('',(0.882588469997,0.175557761939));
#13223 = VECTOR('',#13224,1.);
#13224 = DIRECTION('',(-0.24298018363,0.970031252261));
#13225 = ( GEOMETRIC_REPRESENTATION_CONTEXT(2) 
PARAMETRIC_REPRESENTATION_CONTEXT() REPRESENTATION_CONTEXT('2D SPACE',''
  ) );
#13226 = ORIENTED_EDGE('',*,*,#13227,.F.);
#13227 = EDGE_CURVE('',#13228,#13205,#13230,.T.);
#13228 = VERTEX_POINT('',#13229);
#13229 = CARTESIAN_POINT('',(34.67053698245,19.588203604946,-150.));
#13230 = SURFACE_CURVE('',#13231,(#13235,#13242),.PCURVE_S1.);
#13231 = LINE('',#13232,#13233);
#13232 = CARTESIAN_POINT('',(34.67053698245,19.588203604946,-150.));
#13233 = VECTOR('',#13234,1.);
#13234 = DIRECTION('',(-0.14673047131,0.989176510431,0.));
#13235 = PCURVE('',#11680,#13236);
#13236 = DEFINITIONAL_REPRESENTATION('',(#13237),#13241);
#13237 = LINE('',#13238,#13239);
#13238 = CARTESIAN_POINT('',(34.67053698245,19.588203604946));
#13239 = VECTOR('',#13240,1.);
#13240 = DIRECTION('',(-0.14673047131,0.989176510431));
#13241 = ( GEOMETRIC_REPRESENTATION_CONTEXT(2) 
PARAMETRIC_REPRESENTATION_CONTEXT() REPRESENTATION_CONTEXT('2D SPACE',''
  ) );
#13242 = PCURVE('',#13031,#13243);
#13243 = DEFINITIONAL_REPRESENTATION('',(#13244),#13248);
#13244 = LINE('',#13245,#13246);
#13245 = CARTESIAN_POINT('',(0.895546234857,8.820360494637E-02));
#13246 = VECTOR('',#13247,1.);
#13247 = DIRECTION('',(-0.14673047131,0.989176510431));
#13248 = ( GEOMETRIC_REPRESENTATION_CONTEXT(2) 
PARAMETRIC_REPRESENTATION_CONTEXT() REPRESENTATION_CONTEXT('2D SPACE',''
  ) );
#13249 = ORIENTED_EDGE('',*,*,#13250,.F.);
#13250 = EDGE_CURVE('',#13251,#13228,#13253,.T.);
#13251 = VERTEX_POINT('',#13252);
#13252 = CARTESIAN_POINT('',(34.674990748,19.497545137439,-150.));
#13253 = SURFACE_CURVE('',#13254,(#13258,#13265),.PCURVE_S1.);
#13254 = LINE('',#13255,#13256);
#13255 = CARTESIAN_POINT('',(34.674990748,19.497545137439,-150.));
#13256 = VECTOR('',#13257,1.);
#13257 = DIRECTION('',(-4.906768132518E-02,0.998795455861,0.));
#13258 = PCURVE('',#11680,#13259);
#13259 = DEFINITIONAL_REPRESENTATION('',(#13260),#13264);
#13260 = LINE('',#13261,#13262);
#13261 = CARTESIAN_POINT('',(34.674990748,19.497545137439));
#13262 = VECTOR('',#13263,1.);
#13263 = DIRECTION('',(-4.906768132518E-02,0.998795455861));
#13264 = ( GEOMETRIC_REPRESENTATION_CONTEXT(2) 
PARAMETRIC_REPRESENTATION_CONTEXT() REPRESENTATION_CONTEXT('2D SPACE',''
  ) );
#13265 = PCURVE('',#13031,#13266);
#13266 = DEFINITIONAL_REPRESENTATION('',(#13267),#13271);
#13267 = LINE('',#13268,#13269);
#13268 = CARTESIAN_POINT('',(0.900000000407,-2.454862561386E-03));
#13269 = VECTOR('',#13270,1.);
#13270 = DIRECTION('',(-4.906768132518E-02,0.998795455861));
#13271 = ( GEOMETRIC_REPRESENTATION_CONTEXT(2) 
PARAMETRIC_REPRESENTATION_CONTEXT() REPRESENTATION_CONTEXT('2D SPACE',''
  ) );
#13272 = ORIENTED_EDGE('',*,*,#13273,.F.);
#13273 = EDGE_CURVE('',#11693,#13251,#13274,.T.);
#13274 = SURFACE_CURVE('',#13275,(#13279,#13286),.PCURVE_S1.);
#13275 = LINE('',#13276,#13277);
#13276 = CARTESIAN_POINT('',(34.674990748,-19.49754513743,-150.));
#13277 = VECTOR('',#13278,1.);
#13278 = DIRECTION('',(0.,1.,0.));
#13279 = PCURVE('',#11680,#13280);
#13280 = DEFINITIONAL_REPRESENTATION('',(#13281),#13285);
#13281 = LINE('',#13282,#13283);
#13282 = CARTESIAN_POINT('',(34.674990748,-19.49754513743));
#13283 = VECTOR('',#13284,1.);
#13284 = DIRECTION('',(0.,1.));
#13285 = ( GEOMETRIC_REPRESENTATION_CONTEXT(2) 
PARAMETRIC_REPRESENTATION_CONTEXT() REPRESENTATION_CONTEXT('2D SPACE',''
  ) );
#13286 = PCURVE('',#13031,#13287);
#13287 = DEFINITIONAL_REPRESENTATION('',(#13288),#13292);
#13288 = LINE('',#13289,#13290);
#13289 = CARTESIAN_POINT('',(0.900000000407,-38.99754513743));
#13290 = VECTOR('',#13291,1.);
#13291 = DIRECTION('',(0.,1.));
#13292 = ( GEOMETRIC_REPRESENTATION_CONTEXT(2) 
PARAMETRIC_REPRESENTATION_CONTEXT() REPRESENTATION_CONTEXT('2D SPACE',''
  ) );
#13293 = ORIENTED_EDGE('',*,*,#11692,.T.);
#13294 = ADVANCED_FACE('',(#13295),#11651,.F.);
#13295 = FACE_BOUND('',#13296,.F.);
#13296 = EDGE_LOOP('',(#13297,#13298,#13319,#13342));
#13297 = ORIENTED_EDGE('',*,*,#11635,.F.);
#13298 = ORIENTED_EDGE('',*,*,#13299,.T.);
#13299 = EDGE_CURVE('',#11636,#13300,#13302,.T.);
#13300 = VERTEX_POINT('',#13301);
#13301 = CARTESIAN_POINT('',(33.929832153954,20.487939339674,-135.));
#13302 = SURFACE_CURVE('',#13303,(#13307,#13313),.PCURVE_S1.);
#13303 = LINE('',#13304,#13305);
#13304 = CARTESIAN_POINT('',(33.929832153954,20.487939339674,-150.));
#13305 = VECTOR('',#13306,1.);
#13306 = DIRECTION('',(0.,0.,1.));
#13307 = PCURVE('',#11651,#13308);
#13308 = DEFINITIONAL_REPRESENTATION('',(#13309),#13312);
#13309 = B_SPLINE_CURVE_WITH_KNOTS('',1,(#13310,#13311),.UNSPECIFIED.,
  .F.,.F.,(2,2),(-5.999999928008E-07,16.5),.PIECEWISE_BEZIER_KNOTS.);
#13310 = CARTESIAN_POINT('',(0.41684527259,5.999999928008E-07));
#13311 = CARTESIAN_POINT('',(0.41684527259,-16.5));
#13312 = ( GEOMETRIC_REPRESENTATION_CONTEXT(2) 
PARAMETRIC_REPRESENTATION_CONTEXT() REPRESENTATION_CONTEXT('2D SPACE',''
  ) );
#13313 = PCURVE('',#13000,#13314);
#13314 = DEFINITIONAL_REPRESENTATION('',(#13315),#13318);
#13315 = B_SPLINE_CURVE_WITH_KNOTS('',1,(#13316,#13317),.UNSPECIFIED.,
  .F.,.F.,(2,2),(-5.999999928008E-07,16.5),.PIECEWISE_BEZIER_KNOTS.);
#13316 = CARTESIAN_POINT('',(1.415329405204,-5.999999928008E-07));
#13317 = CARTESIAN_POINT('',(1.415329405204,16.5));
#13318 = ( GEOMETRIC_REPRESENTATION_CONTEXT(2) 
PARAMETRIC_REPRESENTATION_CONTEXT() REPRESENTATION_CONTEXT('2D SPACE',''
  ) );
#13319 = ORIENTED_EDGE('',*,*,#13320,.T.);
#13320 = EDGE_CURVE('',#13300,#13321,#13323,.T.);
#13321 = VERTEX_POINT('',#13322);
#13322 = CARTESIAN_POINT('',(6.,39.878263195958,-135.));
#13323 = SURFACE_CURVE('',#13324,(#13328,#13335),.PCURVE_S1.);
#13324 = LINE('',#13325,#13326);
#13325 = CARTESIAN_POINT('',(34.272247314161,20.250217150257,-135.));
#13326 = VECTOR('',#13327,1.);
#13327 = DIRECTION('',(-0.821444268946,0.570288797905,0.));
#13328 = PCURVE('',#11651,#13329);
#13329 = DEFINITIONAL_REPRESENTATION('',(#13330),#13334);
#13330 = LINE('',#13331,#13332);
#13331 = CARTESIAN_POINT('',(0.,-15.));
#13332 = VECTOR('',#13333,1.);
#13333 = DIRECTION('',(1.,0.));
#13334 = ( GEOMETRIC_REPRESENTATION_CONTEXT(2) 
PARAMETRIC_REPRESENTATION_CONTEXT() REPRESENTATION_CONTEXT('2D SPACE',''
  ) );
#13335 = PCURVE('',#12236,#13336);
#13336 = DEFINITIONAL_REPRESENTATION('',(#13337),#13341);
#13337 = LINE('',#13338,#13339);
#13338 = CARTESIAN_POINT('',(34.272247314161,19.559498047643));
#13339 = VECTOR('',#13340,1.);
#13340 = DIRECTION('',(-0.821444268946,0.570288797905));
#13341 = ( GEOMETRIC_REPRESENTATION_CONTEXT(2) 
PARAMETRIC_REPRESENTATION_CONTEXT() REPRESENTATION_CONTEXT('2D SPACE',''
  ) );
#13342 = ORIENTED_EDGE('',*,*,#13343,.F.);
#13343 = EDGE_CURVE('',#11613,#13321,#13344,.T.);
#13344 = SURFACE_CURVE('',#13345,(#13349,#13355),.PCURVE_S1.);
#13345 = LINE('',#13346,#13347);
#13346 = CARTESIAN_POINT('',(6.,39.878263195958,-150.));
#13347 = VECTOR('',#13348,1.);
#13348 = DIRECTION('',(0.,0.,1.));
#13349 = PCURVE('',#11651,#13350);
#13350 = DEFINITIONAL_REPRESENTATION('',(#13351),#13354);
#13351 = B_SPLINE_CURVE_WITH_KNOTS('',1,(#13352,#13353),.UNSPECIFIED.,
  .F.,.F.,(2,2),(0.,15.),.PIECEWISE_BEZIER_KNOTS.);
#13352 = CARTESIAN_POINT('',(34.417730311066,0.));
#13353 = CARTESIAN_POINT('',(34.417730311066,-15.));
#13354 = ( GEOMETRIC_REPRESENTATION_CONTEXT(2) 
PARAMETRIC_REPRESENTATION_CONTEXT() REPRESENTATION_CONTEXT('2D SPACE',''
  ) );
#13355 = PCURVE('',#13356,#13361);
#13356 = PLANE('',#13357);
#13357 = AXIS2_PLACEMENT_3D('',#13358,#13359,#13360);
#13358 = CARTESIAN_POINT('',(6.,40.,-150.));
#13359 = DIRECTION('',(1.,0.,-0.));
#13360 = DIRECTION('',(0.,-1.,0.));
#13361 = DEFINITIONAL_REPRESENTATION('',(#13362),#13365);
#13362 = B_SPLINE_CURVE_WITH_KNOTS('',1,(#13363,#13364),.UNSPECIFIED.,
  .F.,.F.,(2,2),(0.,15.),.PIECEWISE_BEZIER_KNOTS.);
#13363 = CARTESIAN_POINT('',(0.121736804042,0.));
#13364 = CARTESIAN_POINT('',(0.121736804042,-15.));
#13365 = ( GEOMETRIC_REPRESENTATION_CONTEXT(2) 
PARAMETRIC_REPRESENTATION_CONTEXT() REPRESENTATION_CONTEXT('2D SPACE',''
  ) );
#13366 = ADVANCED_FACE('',(#13367),#11577,.T.);
#13367 = FACE_BOUND('',#13368,.T.);
#13368 = EDGE_LOOP('',(#13369,#13370,#13398,#13421,#13442,#13443));
#13369 = ORIENTED_EDGE('',*,*,#11561,.F.);
#13370 = ORIENTED_EDGE('',*,*,#13371,.F.);
#13371 = EDGE_CURVE('',#13372,#11534,#13374,.T.);
#13372 = VERTEX_POINT('',#13373);
#13373 = CARTESIAN_POINT('',(-5.968690296616,39.9,-150.));
#13374 = SURFACE_CURVE('',#13375,(#13379,#13386),.PCURVE_S1.);
#13375 = LINE('',#13376,#13377);
#13376 = CARTESIAN_POINT('',(-5.968690296616,39.9,-150.));
#13377 = VECTOR('',#13378,1.);
#13378 = DIRECTION('',(-0.821444268946,-0.570288797905,0.));
#13379 = PCURVE('',#11577,#13380);
#13380 = DEFINITIONAL_REPRESENTATION('',(#13381),#13385);
#13381 = LINE('',#13382,#13383);
#13382 = CARTESIAN_POINT('',(-5.968690296616,39.9));
#13383 = VECTOR('',#13384,1.);
#13384 = DIRECTION('',(-0.821444268946,-0.570288797905));
#13385 = ( GEOMETRIC_REPRESENTATION_CONTEXT(2) 
PARAMETRIC_REPRESENTATION_CONTEXT() REPRESENTATION_CONTEXT('2D SPACE',''
  ) );
#13386 = PCURVE('',#13387,#13392);
#13387 = PLANE('',#13388);
#13388 = AXIS2_PLACEMENT_3D('',#13389,#13390,#13391);
#13389 = CARTESIAN_POINT('',(2.236893797763E-15,39.25,-150.));
#13390 = DIRECTION('',(-0.,-0.,-1.));
#13391 = DIRECTION('',(-1.,0.,0.));
#13392 = DEFINITIONAL_REPRESENTATION('',(#13393),#13397);
#13393 = LINE('',#13394,#13395);
#13394 = CARTESIAN_POINT('',(5.968690296616,0.65));
#13395 = VECTOR('',#13396,1.);
#13396 = DIRECTION('',(0.821444268946,-0.570288797905));
#13397 = ( GEOMETRIC_REPRESENTATION_CONTEXT(2) 
PARAMETRIC_REPRESENTATION_CONTEXT() REPRESENTATION_CONTEXT('2D SPACE',''
  ) );
#13398 = ORIENTED_EDGE('',*,*,#13399,.F.);
#13399 = EDGE_CURVE('',#13400,#13372,#13402,.T.);
#13400 = VERTEX_POINT('',#13401);
#13401 = CARTESIAN_POINT('',(5.968690296616,39.9,-150.));
#13402 = SURFACE_CURVE('',#13403,(#13407,#13414),.PCURVE_S1.);
#13403 = LINE('',#13404,#13405);
#13404 = CARTESIAN_POINT('',(5.968690296616,39.9,-150.));
#13405 = VECTOR('',#13406,1.);
#13406 = DIRECTION('',(-1.,0.,0.));
#13407 = PCURVE('',#11577,#13408);
#13408 = DEFINITIONAL_REPRESENTATION('',(#13409),#13413);
#13409 = LINE('',#13410,#13411);
#13410 = CARTESIAN_POINT('',(5.968690296616,39.9));
#13411 = VECTOR('',#13412,1.);
#13412 = DIRECTION('',(-1.,0.));
#13413 = ( GEOMETRIC_REPRESENTATION_CONTEXT(2) 
PARAMETRIC_REPRESENTATION_CONTEXT() REPRESENTATION_CONTEXT('2D SPACE',''
  ) );
#13414 = PCURVE('',#13387,#13415);
#13415 = DEFINITIONAL_REPRESENTATION('',(#13416),#13420);
#13416 = LINE('',#13417,#13418);
#13417 = CARTESIAN_POINT('',(-5.968690296616,0.65));
#13418 = VECTOR('',#13419,1.);
#13419 = DIRECTION('',(1.,0.));
#13420 = ( GEOMETRIC_REPRESENTATION_CONTEXT(2) 
PARAMETRIC_REPRESENTATION_CONTEXT() REPRESENTATION_CONTEXT('2D SPACE',''
  ) );
#13421 = ORIENTED_EDGE('',*,*,#13422,.F.);
#13422 = EDGE_CURVE('',#11613,#13400,#13423,.T.);
#13423 = SURFACE_CURVE('',#13424,(#13428,#13435),.PCURVE_S1.);
#13424 = LINE('',#13425,#13426);
#13425 = CARTESIAN_POINT('',(34.272247314161,20.250217150257,-150.));
#13426 = VECTOR('',#13427,1.);
#13427 = DIRECTION('',(-0.821444268946,0.570288797905,0.));
#13428 = PCURVE('',#11577,#13429);
#13429 = DEFINITIONAL_REPRESENTATION('',(#13430),#13434);
#13430 = LINE('',#13431,#13432);
#13431 = CARTESIAN_POINT('',(34.272247314161,20.250217150257));
#13432 = VECTOR('',#13433,1.);
#13433 = DIRECTION('',(-0.821444268946,0.570288797905));
#13434 = ( GEOMETRIC_REPRESENTATION_CONTEXT(2) 
PARAMETRIC_REPRESENTATION_CONTEXT() REPRESENTATION_CONTEXT('2D SPACE',''
  ) );
#13435 = PCURVE('',#13387,#13436);
#13436 = DEFINITIONAL_REPRESENTATION('',(#13437),#13441);
#13437 = LINE('',#13438,#13439);
#13438 = CARTESIAN_POINT('',(-34.27224731416,-18.99978284974));
#13439 = VECTOR('',#13440,1.);
#13440 = DIRECTION('',(0.821444268946,0.570288797905));
#13441 = ( GEOMETRIC_REPRESENTATION_CONTEXT(2) 
PARAMETRIC_REPRESENTATION_CONTEXT() REPRESENTATION_CONTEXT('2D SPACE',''
  ) );
#13442 = ORIENTED_EDGE('',*,*,#11612,.F.);
#13443 = ORIENTED_EDGE('',*,*,#11589,.F.);
#13444 = ADVANCED_FACE('',(#13445),#11549,.F.);
#13445 = FACE_BOUND('',#13446,.F.);
#13446 = EDGE_LOOP('',(#13447,#13448,#13474,#13497));
#13447 = ORIENTED_EDGE('',*,*,#11533,.F.);
#13448 = ORIENTED_EDGE('',*,*,#13449,.F.);
#13449 = EDGE_CURVE('',#13450,#11534,#13452,.T.);
#13450 = VERTEX_POINT('',#13451);
#13451 = CARTESIAN_POINT('',(-6.,39.878263195958,-135.));
#13452 = SURFACE_CURVE('',#13453,(#13457,#13463),.PCURVE_S1.);
#13453 = LINE('',#13454,#13455);
#13454 = CARTESIAN_POINT('',(-6.,39.878263195958,-150.));
#13455 = VECTOR('',#13456,1.);
#13456 = DIRECTION('',(-0.,-0.,-1.));
#13457 = PCURVE('',#11549,#13458);
#13458 = DEFINITIONAL_REPRESENTATION('',(#13459),#13462);
#13459 = B_SPLINE_CURVE_WITH_KNOTS('',1,(#13460,#13461),.UNSPECIFIED.,
  .F.,.F.,(2,2),(-15.,0.),.PIECEWISE_BEZIER_KNOTS.);
#13460 = CARTESIAN_POINT('',(3.811543225417E-02,-15.));
#13461 = CARTESIAN_POINT('',(3.811543225417E-02,0.));
#13462 = ( GEOMETRIC_REPRESENTATION_CONTEXT(2) 
PARAMETRIC_REPRESENTATION_CONTEXT() REPRESENTATION_CONTEXT('2D SPACE',''
  ) );
#13463 = PCURVE('',#13464,#13469);
#13464 = PLANE('',#13465);
#13465 = AXIS2_PLACEMENT_3D('',#13466,#13467,#13468);
#13466 = CARTESIAN_POINT('',(-6.,38.5,-150.));
#13467 = DIRECTION('',(-1.,0.,0.));
#13468 = DIRECTION('',(0.,1.,0.));
#13469 = DEFINITIONAL_REPRESENTATION('',(#13470),#13473);
#13470 = B_SPLINE_CURVE_WITH_KNOTS('',1,(#13471,#13472),.UNSPECIFIED.,
  .F.,.F.,(2,2),(-15.,0.),.PIECEWISE_BEZIER_KNOTS.);
#13471 = CARTESIAN_POINT('',(1.378263195958,-15.));
#13472 = CARTESIAN_POINT('',(1.378263195958,0.));
#13473 = ( GEOMETRIC_REPRESENTATION_CONTEXT(2) 
PARAMETRIC_REPRESENTATION_CONTEXT() REPRESENTATION_CONTEXT('2D SPACE',''
  ) );
#13474 = ORIENTED_EDGE('',*,*,#13475,.T.);
#13475 = EDGE_CURVE('',#13450,#13476,#13478,.T.);
#13476 = VERTEX_POINT('',#13477);
#13477 = CARTESIAN_POINT('',(-33.92983215395,20.487939339674,-135.));
#13478 = SURFACE_CURVE('',#13479,(#13483,#13490),.PCURVE_S1.);
#13479 = LINE('',#13480,#13481);
#13480 = CARTESIAN_POINT('',(-5.968690296616,39.9,-135.));
#13481 = VECTOR('',#13482,1.);
#13482 = DIRECTION('',(-0.821444268946,-0.570288797905,0.));
#13483 = PCURVE('',#11549,#13484);
#13484 = DEFINITIONAL_REPRESENTATION('',(#13485),#13489);
#13485 = LINE('',#13486,#13487);
#13486 = CARTESIAN_POINT('',(0.,-15.));
#13487 = VECTOR('',#13488,1.);
#13488 = DIRECTION('',(1.,0.));
#13489 = ( GEOMETRIC_REPRESENTATION_CONTEXT(2) 
PARAMETRIC_REPRESENTATION_CONTEXT() REPRESENTATION_CONTEXT('2D SPACE',''
  ) );
#13490 = PCURVE('',#12236,#13491);
#13491 = DEFINITIONAL_REPRESENTATION('',(#13492),#13496);
#13492 = LINE('',#13493,#13494);
#13493 = CARTESIAN_POINT('',(-5.968690296616,39.209280897386));
#13494 = VECTOR('',#13495,1.);
#13495 = DIRECTION('',(-0.821444268946,-0.570288797905));
#13496 = ( GEOMETRIC_REPRESENTATION_CONTEXT(2) 
PARAMETRIC_REPRESENTATION_CONTEXT() REPRESENTATION_CONTEXT('2D SPACE',''
  ) );
#13497 = ORIENTED_EDGE('',*,*,#13498,.F.);
#13498 = EDGE_CURVE('',#11505,#13476,#13499,.T.);
#13499 = SURFACE_CURVE('',#13500,(#13504,#13510),.PCURVE_S1.);
#13500 = LINE('',#13501,#13502);
#13501 = CARTESIAN_POINT('',(-33.92983215395,20.487939339674,-150.));
#13502 = VECTOR('',#13503,1.);
#13503 = DIRECTION('',(0.,0.,1.));
#13504 = PCURVE('',#11549,#13505);
#13505 = DEFINITIONAL_REPRESENTATION('',(#13506),#13509);
#13506 = B_SPLINE_CURVE_WITH_KNOTS('',1,(#13507,#13508),.UNSPECIFIED.,
  .F.,.F.,(2,2),(-5.999999928008E-07,16.5),.PIECEWISE_BEZIER_KNOTS.);
#13507 = CARTESIAN_POINT('',(34.03900047073,5.999999928008E-07));
#13508 = CARTESIAN_POINT('',(34.03900047073,-16.5));
#13509 = ( GEOMETRIC_REPRESENTATION_CONTEXT(2) 
PARAMETRIC_REPRESENTATION_CONTEXT() REPRESENTATION_CONTEXT('2D SPACE',''
  ) );
#13510 = PCURVE('',#13511,#13516);
#13511 = CYLINDRICAL_SURFACE('',#13512,1.);
#13512 = AXIS2_PLACEMENT_3D('',#13513,#13514,#13515);
#13513 = CARTESIAN_POINT('',(-33.77499074759,19.5,-150.));
#13514 = DIRECTION('',(0.,0.,1.));
#13515 = DIRECTION('',(1.,0.,-0.));
#13516 = DEFINITIONAL_REPRESENTATION('',(#13517),#13520);
#13517 = B_SPLINE_CURVE_WITH_KNOTS('',1,(#13518,#13519),.UNSPECIFIED.,
  .F.,.F.,(2,2),(-5.999999928008E-07,16.5),.PIECEWISE_BEZIER_KNOTS.);
#13518 = CARTESIAN_POINT('',(1.726263248385,-5.999999928008E-07));
#13519 = CARTESIAN_POINT('',(1.726263248385,16.5));
#13520 = ( GEOMETRIC_REPRESENTATION_CONTEXT(2) 
PARAMETRIC_REPRESENTATION_CONTEXT() REPRESENTATION_CONTEXT('2D SPACE',''
  ) );
#13521 = ADVANCED_FACE('',(#13522),#11521,.T.);
#13522 = FACE_BOUND('',#13523,.T.);
#13523 = EDGE_LOOP('',(#13524,#13525,#13553,#13576,#13599,#13622,#13645,
    #13668,#13691,#13714,#13737,#13760,#13783));
#13524 = ORIENTED_EDGE('',*,*,#11504,.T.);
#13525 = ORIENTED_EDGE('',*,*,#13526,.F.);
#13526 = EDGE_CURVE('',#13527,#11477,#13529,.T.);
#13527 = VERTEX_POINT('',#13528);
#13528 = CARTESIAN_POINT('',(-34.674990748,19.497545137439,-150.));
#13529 = SURFACE_CURVE('',#13530,(#13534,#13541),.PCURVE_S1.);
#13530 = LINE('',#13531,#13532);
#13531 = CARTESIAN_POINT('',(-34.674990748,19.497545137439,-150.));
#13532 = VECTOR('',#13533,1.);
#13533 = DIRECTION('',(0.,-1.,0.));
#13534 = PCURVE('',#11521,#13535);
#13535 = DEFINITIONAL_REPRESENTATION('',(#13536),#13540);
#13536 = LINE('',#13537,#13538);
#13537 = CARTESIAN_POINT('',(-34.674990748,19.497545137439));
#13538 = VECTOR('',#13539,1.);
#13539 = DIRECTION('',(0.,-1.));
#13540 = ( GEOMETRIC_REPRESENTATION_CONTEXT(2) 
PARAMETRIC_REPRESENTATION_CONTEXT() REPRESENTATION_CONTEXT('2D SPACE',''
  ) );
#13541 = PCURVE('',#13542,#13547);
#13542 = PLANE('',#13543);
#13543 = AXIS2_PLACEMENT_3D('',#13544,#13545,#13546);
#13544 = CARTESIAN_POINT('',(-33.77499074759,19.5,-150.));
#13545 = DIRECTION('',(0.,0.,1.));
#13546 = DIRECTION('',(1.,0.,-0.));
#13547 = DEFINITIONAL_REPRESENTATION('',(#13548),#13552);
#13548 = LINE('',#13549,#13550);
#13549 = CARTESIAN_POINT('',(-0.900000000407,-2.454862561429E-03));
#13550 = VECTOR('',#13551,1.);
#13551 = DIRECTION('',(0.,-1.));
#13552 = ( GEOMETRIC_REPRESENTATION_CONTEXT(2) 
PARAMETRIC_REPRESENTATION_CONTEXT() REPRESENTATION_CONTEXT('2D SPACE',''
  ) );
#13553 = ORIENTED_EDGE('',*,*,#13554,.F.);
#13554 = EDGE_CURVE('',#13555,#13527,#13557,.T.);
#13555 = VERTEX_POINT('',#13556);
#13556 = CARTESIAN_POINT('',(-34.67053698245,19.588203604946,-150.));
#13557 = SURFACE_CURVE('',#13558,(#13562,#13569),.PCURVE_S1.);
#13558 = LINE('',#13559,#13560);
#13559 = CARTESIAN_POINT('',(-34.67053698245,19.588203604946,-150.));
#13560 = VECTOR('',#13561,1.);
#13561 = DIRECTION('',(-4.906768132518E-02,-0.998795455861,0.));
#13562 = PCURVE('',#11521,#13563);
#13563 = DEFINITIONAL_REPRESENTATION('',(#13564),#13568);
#13564 = LINE('',#13565,#13566);
#13565 = CARTESIAN_POINT('',(-34.67053698245,19.588203604946));
#13566 = VECTOR('',#13567,1.);
#13567 = DIRECTION('',(-4.906768132518E-02,-0.998795455861));
#13568 = ( GEOMETRIC_REPRESENTATION_CONTEXT(2) 
PARAMETRIC_REPRESENTATION_CONTEXT() REPRESENTATION_CONTEXT('2D SPACE',''
  ) );
#13569 = PCURVE('',#13542,#13570);
#13570 = DEFINITIONAL_REPRESENTATION('',(#13571),#13575);
#13571 = LINE('',#13572,#13573);
#13572 = CARTESIAN_POINT('',(-0.895546234857,8.820360494633E-02));
#13573 = VECTOR('',#13574,1.);
#13574 = DIRECTION('',(-4.906768132518E-02,-0.998795455861));
#13575 = ( GEOMETRIC_REPRESENTATION_CONTEXT(2) 
PARAMETRIC_REPRESENTATION_CONTEXT() REPRESENTATION_CONTEXT('2D SPACE',''
  ) );
#13576 = ORIENTED_EDGE('',*,*,#13577,.F.);
#13577 = EDGE_CURVE('',#13578,#13555,#13580,.T.);
#13578 = VERTEX_POINT('',#13579);
#13579 = CARTESIAN_POINT('',(-34.65757921759,19.675557761939,-150.));
#13580 = SURFACE_CURVE('',#13581,(#13585,#13592),.PCURVE_S1.);
#13581 = LINE('',#13582,#13583);
#13582 = CARTESIAN_POINT('',(-34.65757921759,19.675557761939,-150.));
#13583 = VECTOR('',#13584,1.);
#13584 = DIRECTION('',(-0.14673047131,-0.989176510431,0.));
#13585 = PCURVE('',#11521,#13586);
#13586 = DEFINITIONAL_REPRESENTATION('',(#13587),#13591);
#13587 = LINE('',#13588,#13589);
#13588 = CARTESIAN_POINT('',(-34.65757921759,19.675557761939));
#13589 = VECTOR('',#13590,1.);
#13590 = DIRECTION('',(-0.14673047131,-0.989176510431));
#13591 = ( GEOMETRIC_REPRESENTATION_CONTEXT(2) 
PARAMETRIC_REPRESENTATION_CONTEXT() REPRESENTATION_CONTEXT('2D SPACE',''
  ) );
#13592 = PCURVE('',#13542,#13593);
#13593 = DEFINITIONAL_REPRESENTATION('',(#13594),#13598);
#13594 = LINE('',#13595,#13596);
#13595 = CARTESIAN_POINT('',(-0.882588469997,0.175557761939));
#13596 = VECTOR('',#13597,1.);
#13597 = DIRECTION('',(-0.14673047131,-0.989176510431));
#13598 = ( GEOMETRIC_REPRESENTATION_CONTEXT(2) 
PARAMETRIC_REPRESENTATION_CONTEXT() REPRESENTATION_CONTEXT('2D SPACE',''
  ) );
#13599 = ORIENTED_EDGE('',*,*,#13600,.F.);
#13600 = EDGE_CURVE('',#13601,#13578,#13603,.T.);
#13601 = VERTEX_POINT('',#13602);
#13602 = CARTESIAN_POINT('',(-34.6361216428,19.761221200948,-150.));
#13603 = SURFACE_CURVE('',#13604,(#13608,#13615),.PCURVE_S1.);
#13604 = LINE('',#13605,#13606);
#13605 = CARTESIAN_POINT('',(-34.6361216428,19.761221200948,-150.));
#13606 = VECTOR('',#13607,1.);
#13607 = DIRECTION('',(-0.24298018363,-0.970031252261,0.));
#13608 = PCURVE('',#11521,#13609);
#13609 = DEFINITIONAL_REPRESENTATION('',(#13610),#13614);
#13610 = LINE('',#13611,#13612);
#13611 = CARTESIAN_POINT('',(-34.6361216428,19.761221200948));
#13612 = VECTOR('',#13613,1.);
#13613 = DIRECTION('',(-0.24298018363,-0.970031252261));
#13614 = ( GEOMETRIC_REPRESENTATION_CONTEXT(2) 
PARAMETRIC_REPRESENTATION_CONTEXT() REPRESENTATION_CONTEXT('2D SPACE',''
  ) );
#13615 = PCURVE('',#13542,#13616);
#13616 = DEFINITIONAL_REPRESENTATION('',(#13617),#13621);
#13617 = LINE('',#13618,#13619);
#13618 = CARTESIAN_POINT('',(-0.861130895211,0.261221200948));
#13619 = VECTOR('',#13620,1.);
#13620 = DIRECTION('',(-0.24298018363,-0.970031252261));
#13621 = ( GEOMETRIC_REPRESENTATION_CONTEXT(2) 
PARAMETRIC_REPRESENTATION_CONTEXT() REPRESENTATION_CONTEXT('2D SPACE',''
  ) );
#13622 = ORIENTED_EDGE('',*,*,#13623,.F.);
#13623 = EDGE_CURVE('',#13624,#13601,#13626,.T.);
#13624 = VERTEX_POINT('',#13625);
#13625 = CARTESIAN_POINT('',(-34.6063709071,19.844368937537,-150.));
#13626 = SURFACE_CURVE('',#13627,(#13631,#13638),.PCURVE_S1.);
#13627 = LINE('',#13628,#13629);
#13628 = CARTESIAN_POINT('',(-34.6063709071,19.844368937537,-150.));
#13629 = VECTOR('',#13630,1.);
#13630 = DIRECTION('',(-0.336889851754,-0.941544065769,0.));
#13631 = PCURVE('',#11521,#13632);
#13632 = DEFINITIONAL_REPRESENTATION('',(#13633),#13637);
#13633 = LINE('',#13634,#13635);
#13634 = CARTESIAN_POINT('',(-34.6063709071,19.844368937537));
#13635 = VECTOR('',#13636,1.);
#13636 = DIRECTION('',(-0.336889851754,-0.941544065769));
#13637 = ( GEOMETRIC_REPRESENTATION_CONTEXT(2) 
PARAMETRIC_REPRESENTATION_CONTEXT() REPRESENTATION_CONTEXT('2D SPACE',''
  ) );
#13638 = PCURVE('',#13542,#13639);
#13639 = DEFINITIONAL_REPRESENTATION('',(#13640),#13644);
#13640 = LINE('',#13641,#13642);
#13641 = CARTESIAN_POINT('',(-0.831380159508,0.344368937537));
#13642 = VECTOR('',#13643,1.);
#13643 = DIRECTION('',(-0.336889851754,-0.941544065769));
#13644 = ( GEOMETRIC_REPRESENTATION_CONTEXT(2) 
PARAMETRIC_REPRESENTATION_CONTEXT() REPRESENTATION_CONTEXT('2D SPACE',''
  ) );
#13645 = ORIENTED_EDGE('',*,*,#13646,.F.);
#13646 = EDGE_CURVE('',#13647,#13624,#13649,.T.);
#13647 = VERTEX_POINT('',#13648);
#13648 = CARTESIAN_POINT('',(-34.56861352608,19.924200213175,-150.));
#13649 = SURFACE_CURVE('',#13650,(#13654,#13661),.PCURVE_S1.);
#13650 = LINE('',#13651,#13652);
#13651 = CARTESIAN_POINT('',(-34.56861352608,19.924200213175,-150.));
#13652 = VECTOR('',#13653,1.);
#13653 = DIRECTION('',(-0.42755508995,-0.903989294769,0.));
#13654 = PCURVE('',#11521,#13655);
#13655 = DEFINITIONAL_REPRESENTATION('',(#13656),#13660);
#13656 = LINE('',#13657,#13658);
#13657 = CARTESIAN_POINT('',(-34.56861352608,19.924200213175));
#13658 = VECTOR('',#13659,1.);
#13659 = DIRECTION('',(-0.42755508995,-0.903989294769));
#13660 = ( GEOMETRIC_REPRESENTATION_CONTEXT(2) 
PARAMETRIC_REPRESENTATION_CONTEXT() REPRESENTATION_CONTEXT('2D SPACE',''
  ) );
#13661 = PCURVE('',#13542,#13662);
#13662 = DEFINITIONAL_REPRESENTATION('',(#13663),#13667);
#13663 = LINE('',#13664,#13665);
#13664 = CARTESIAN_POINT('',(-0.793622778493,0.424200213175));
#13665 = VECTOR('',#13666,1.);
#13666 = DIRECTION('',(-0.42755508995,-0.903989294769));
#13667 = ( GEOMETRIC_REPRESENTATION_CONTEXT(2) 
PARAMETRIC_REPRESENTATION_CONTEXT() REPRESENTATION_CONTEXT('2D SPACE',''
  ) );
#13668 = ORIENTED_EDGE('',*,*,#13669,.F.);
#13669 = EDGE_CURVE('',#13670,#13647,#13672,.T.);
#13670 = VERTEX_POINT('',#13671);
#13671 = CARTESIAN_POINT('',(-34.52321312388,19.999946208041,-150.));
#13672 = SURFACE_CURVE('',#13673,(#13677,#13684),.PCURVE_S1.);
#13673 = LINE('',#13674,#13675);
#13674 = CARTESIAN_POINT('',(-34.52321312388,19.999946208041,-150.));
#13675 = VECTOR('',#13676,1.);
#13676 = DIRECTION('',(-0.51410274472,-0.857728609685,0.));
#13677 = PCURVE('',#11521,#13678);
#13678 = DEFINITIONAL_REPRESENTATION('',(#13679),#13683);
#13679 = LINE('',#13680,#13681);
#13680 = CARTESIAN_POINT('',(-34.52321312388,19.999946208041));
#13681 = VECTOR('',#13682,1.);
#13682 = DIRECTION('',(-0.51410274472,-0.857728609685));
#13683 = ( GEOMETRIC_REPRESENTATION_CONTEXT(2) 
PARAMETRIC_REPRESENTATION_CONTEXT() REPRESENTATION_CONTEXT('2D SPACE',''
  ) );
#13684 = PCURVE('',#13542,#13685);
#13685 = DEFINITIONAL_REPRESENTATION('',(#13686),#13690);
#13686 = LINE('',#13687,#13688);
#13687 = CARTESIAN_POINT('',(-0.748222376288,0.499946208041));
#13688 = VECTOR('',#13689,1.);
#13689 = DIRECTION('',(-0.51410274472,-0.857728609685));
#13690 = ( GEOMETRIC_REPRESENTATION_CONTEXT(2) 
PARAMETRIC_REPRESENTATION_CONTEXT() REPRESENTATION_CONTEXT('2D SPACE',''
  ) );
#13691 = ORIENTED_EDGE('',*,*,#13692,.F.);
#13692 = EDGE_CURVE('',#13693,#13670,#13695,.T.);
#13693 = VERTEX_POINT('',#13694);
#13694 = CARTESIAN_POINT('',(-34.47060693088,20.070877447974,-150.));
#13695 = SURFACE_CURVE('',#13696,(#13700,#13707),.PCURVE_S1.);
#13696 = LINE('',#13697,#13698);
#13697 = CARTESIAN_POINT('',(-34.47060693088,20.070877447974,-150.));
#13698 = VECTOR('',#13699,1.);
#13699 = DIRECTION('',(-0.59569930559,-0.803207530666,0.));
#13700 = PCURVE('',#11521,#13701);
#13701 = DEFINITIONAL_REPRESENTATION('',(#13702),#13706);
#13702 = LINE('',#13703,#13704);
#13703 = CARTESIAN_POINT('',(-34.47060693088,20.070877447974));
#13704 = VECTOR('',#13705,1.);
#13705 = DIRECTION('',(-0.59569930559,-0.803207530666));
#13706 = ( GEOMETRIC_REPRESENTATION_CONTEXT(2) 
PARAMETRIC_REPRESENTATION_CONTEXT() REPRESENTATION_CONTEXT('2D SPACE',''
  ) );
#13707 = PCURVE('',#13542,#13708);
#13708 = DEFINITIONAL_REPRESENTATION('',(#13709),#13713);
#13709 = LINE('',#13710,#13711);
#13710 = CARTESIAN_POINT('',(-0.695616183294,0.570877447974));
#13711 = VECTOR('',#13712,1.);
#13712 = DIRECTION('',(-0.59569930559,-0.803207530666));
#13713 = ( GEOMETRIC_REPRESENTATION_CONTEXT(2) 
PARAMETRIC_REPRESENTATION_CONTEXT() REPRESENTATION_CONTEXT('2D SPACE',''
  ) );
#13714 = ORIENTED_EDGE('',*,*,#13715,.F.);
#13715 = EDGE_CURVE('',#13716,#13693,#13718,.T.);
#13716 = VERTEX_POINT('',#13717);
#13717 = CARTESIAN_POINT('',(-34.41130157404,20.136310826049,-150.));
#13718 = SURFACE_CURVE('',#13719,(#13723,#13730),.PCURVE_S1.);
#13719 = LINE('',#13720,#13721);
#13720 = CARTESIAN_POINT('',(-34.41130157404,20.136310826049,-150.));
#13721 = VECTOR('',#13722,1.);
#13722 = DIRECTION('',(-0.671558953977,-0.740951126143,0.));
#13723 = PCURVE('',#11521,#13724);
#13724 = DEFINITIONAL_REPRESENTATION('',(#13725),#13729);
#13725 = LINE('',#13726,#13727);
#13726 = CARTESIAN_POINT('',(-34.41130157404,20.136310826049));
#13727 = VECTOR('',#13728,1.);
#13728 = DIRECTION('',(-0.671558953977,-0.740951126143));
#13729 = ( GEOMETRIC_REPRESENTATION_CONTEXT(2) 
PARAMETRIC_REPRESENTATION_CONTEXT() REPRESENTATION_CONTEXT('2D SPACE',''
  ) );
#13730 = PCURVE('',#13542,#13731);
#13731 = DEFINITIONAL_REPRESENTATION('',(#13732),#13736);
#13732 = LINE('',#13733,#13734);
#13733 = CARTESIAN_POINT('',(-0.636310826456,0.636310826049));
#13734 = VECTOR('',#13735,1.);
#13735 = DIRECTION('',(-0.671558953977,-0.740951126143));
#13736 = ( GEOMETRIC_REPRESENTATION_CONTEXT(2) 
PARAMETRIC_REPRESENTATION_CONTEXT() REPRESENTATION_CONTEXT('2D SPACE',''
  ) );
#13737 = ORIENTED_EDGE('',*,*,#13738,.F.);
#13738 = EDGE_CURVE('',#13739,#13716,#13741,.T.);
#13739 = VERTEX_POINT('',#13740);
#13740 = CARTESIAN_POINT('',(-34.34586819597,20.195616182887,-150.));
#13741 = SURFACE_CURVE('',#13742,(#13746,#13753),.PCURVE_S1.);
#13742 = LINE('',#13743,#13744);
#13743 = CARTESIAN_POINT('',(-34.34586819597,20.195616182887,-150.));
#13744 = VECTOR('',#13745,1.);
#13745 = DIRECTION('',(-0.740951126143,-0.671558953977,0.));
#13746 = PCURVE('',#11521,#13747);
#13747 = DEFINITIONAL_REPRESENTATION('',(#13748),#13752);
#13748 = LINE('',#13749,#13750);
#13749 = CARTESIAN_POINT('',(-34.34586819597,20.195616182887));
#13750 = VECTOR('',#13751,1.);
#13751 = DIRECTION('',(-0.740951126143,-0.671558953977));
#13752 = ( GEOMETRIC_REPRESENTATION_CONTEXT(2) 
PARAMETRIC_REPRESENTATION_CONTEXT() REPRESENTATION_CONTEXT('2D SPACE',''
  ) );
#13753 = PCURVE('',#13542,#13754);
#13754 = DEFINITIONAL_REPRESENTATION('',(#13755),#13759);
#13755 = LINE('',#13756,#13757);
#13756 = CARTESIAN_POINT('',(-0.570877448381,0.695616182887));
#13757 = VECTOR('',#13758,1.);
#13758 = DIRECTION('',(-0.740951126143,-0.671558953977));
#13759 = ( GEOMETRIC_REPRESENTATION_CONTEXT(2) 
PARAMETRIC_REPRESENTATION_CONTEXT() REPRESENTATION_CONTEXT('2D SPACE',''
  ) );
#13760 = ORIENTED_EDGE('',*,*,#13761,.F.);
#13761 = EDGE_CURVE('',#13762,#13739,#13764,.T.);
#13762 = VERTEX_POINT('',#13763);
#13763 = CARTESIAN_POINT('',(-34.27224731416,20.250217150257,-150.));
#13764 = SURFACE_CURVE('',#13765,(#13769,#13776),.PCURVE_S1.);
#13765 = LINE('',#13766,#13767);
#13766 = CARTESIAN_POINT('',(-34.27224731416,20.250217150257,-150.));
#13767 = VECTOR('',#13768,1.);
#13768 = DIRECTION('',(-0.803207530666,-0.59569930559,0.));
#13769 = PCURVE('',#11521,#13770);
#13770 = DEFINITIONAL_REPRESENTATION('',(#13771),#13775);
#13771 = LINE('',#13772,#13773);
#13772 = CARTESIAN_POINT('',(-34.27224731416,20.250217150257));
#13773 = VECTOR('',#13774,1.);
#13774 = DIRECTION('',(-0.803207530666,-0.59569930559));
#13775 = ( GEOMETRIC_REPRESENTATION_CONTEXT(2) 
PARAMETRIC_REPRESENTATION_CONTEXT() REPRESENTATION_CONTEXT('2D SPACE',''
  ) );
#13776 = PCURVE('',#13542,#13777);
#13777 = DEFINITIONAL_REPRESENTATION('',(#13778),#13782);
#13778 = LINE('',#13779,#13780);
#13779 = CARTESIAN_POINT('',(-0.497256566568,0.750217150257));
#13780 = VECTOR('',#13781,1.);
#13781 = DIRECTION('',(-0.803207530666,-0.59569930559));
#13782 = ( GEOMETRIC_REPRESENTATION_CONTEXT(2) 
PARAMETRIC_REPRESENTATION_CONTEXT() REPRESENTATION_CONTEXT('2D SPACE',''
  ) );
#13783 = ORIENTED_EDGE('',*,*,#13784,.F.);
#13784 = EDGE_CURVE('',#11505,#13762,#13785,.T.);
#13785 = SURFACE_CURVE('',#13786,(#13790,#13797),.PCURVE_S1.);
#13786 = LINE('',#13787,#13788);
#13787 = CARTESIAN_POINT('',(-5.968690296616,39.9,-150.));
#13788 = VECTOR('',#13789,1.);
#13789 = DIRECTION('',(-0.821444268946,-0.570288797905,0.));
#13790 = PCURVE('',#11521,#13791);
#13791 = DEFINITIONAL_REPRESENTATION('',(#13792),#13796);
#13792 = LINE('',#13793,#13794);
#13793 = CARTESIAN_POINT('',(-5.968690296616,39.9));
#13794 = VECTOR('',#13795,1.);
#13795 = DIRECTION('',(-0.821444268946,-0.570288797905));
#13796 = ( GEOMETRIC_REPRESENTATION_CONTEXT(2) 
PARAMETRIC_REPRESENTATION_CONTEXT() REPRESENTATION_CONTEXT('2D SPACE',''
  ) );
#13797 = PCURVE('',#13542,#13798);
#13798 = DEFINITIONAL_REPRESENTATION('',(#13799),#13803);
#13799 = LINE('',#13800,#13801);
#13800 = CARTESIAN_POINT('',(27.806300450977,20.4));
#13801 = VECTOR('',#13802,1.);
#13802 = DIRECTION('',(-0.821444268946,-0.570288797905));
#13803 = ( GEOMETRIC_REPRESENTATION_CONTEXT(2) 
PARAMETRIC_REPRESENTATION_CONTEXT() REPRESENTATION_CONTEXT('2D SPACE',''
  ) );
#13804 = ADVANCED_FACE('',(#13805),#11492,.F.);
#13805 = FACE_BOUND('',#13806,.F.);
#13806 = EDGE_LOOP('',(#13807,#13808,#13834,#13857));
#13807 = ORIENTED_EDGE('',*,*,#11476,.F.);
#13808 = ORIENTED_EDGE('',*,*,#13809,.T.);
#13809 = EDGE_CURVE('',#11477,#13810,#13812,.T.);
#13810 = VERTEX_POINT('',#13811);
#13811 = CARTESIAN_POINT('',(-34.674990748,19.064110106486,-135.));
#13812 = SURFACE_CURVE('',#13813,(#13817,#13823),.PCURVE_S1.);
#13813 = LINE('',#13814,#13815);
#13814 = CARTESIAN_POINT('',(-34.674990748,19.064110106486,-150.));
#13815 = VECTOR('',#13816,1.);
#13816 = DIRECTION('',(0.,0.,1.));
#13817 = PCURVE('',#11492,#13818);
#13818 = DEFINITIONAL_REPRESENTATION('',(#13819),#13822);
#13819 = B_SPLINE_CURVE_WITH_KNOTS('',1,(#13820,#13821),.UNSPECIFIED.,
  .F.,.F.,(2,2),(-5.999999928008E-07,16.5),.PIECEWISE_BEZIER_KNOTS.);
#13820 = CARTESIAN_POINT('',(0.433435030952,5.999999928008E-07));
#13821 = CARTESIAN_POINT('',(0.433435030952,-16.5));
#13822 = ( GEOMETRIC_REPRESENTATION_CONTEXT(2) 
PARAMETRIC_REPRESENTATION_CONTEXT() REPRESENTATION_CONTEXT('2D SPACE',''
  ) );
#13823 = PCURVE('',#13824,#13829);
#13824 = CYLINDRICAL_SURFACE('',#13825,1.);
#13825 = AXIS2_PLACEMENT_3D('',#13826,#13827,#13828);
#13826 = CARTESIAN_POINT('',(-33.77499074759,19.5,-150.));
#13827 = DIRECTION('',(0.,0.,1.));
#13828 = DIRECTION('',(1.,0.,-0.));
#13829 = DEFINITIONAL_REPRESENTATION('',(#13830),#13833);
#13830 = B_SPLINE_CURVE_WITH_KNOTS('',1,(#13831,#13832),.UNSPECIFIED.,
  .F.,.F.,(2,2),(-5.999999928008E-07,16.5),.PIECEWISE_BEZIER_KNOTS.);
#13831 = CARTESIAN_POINT('',(3.592619464453,-5.999999928008E-07));
#13832 = CARTESIAN_POINT('',(3.592619464453,16.5));
#13833 = ( GEOMETRIC_REPRESENTATION_CONTEXT(2) 
PARAMETRIC_REPRESENTATION_CONTEXT() REPRESENTATION_CONTEXT('2D SPACE',''
  ) );
#13834 = ORIENTED_EDGE('',*,*,#13835,.T.);
#13835 = EDGE_CURVE('',#13810,#13836,#13838,.T.);
#13836 = VERTEX_POINT('',#13837);
#13837 = CARTESIAN_POINT('',(-34.674990748,-19.06411010648,-135.));
#13838 = SURFACE_CURVE('',#13839,(#13843,#13850),.PCURVE_S1.);
#13839 = LINE('',#13840,#13841);
#13840 = CARTESIAN_POINT('',(-34.674990748,19.497545137439,-135.));
#13841 = VECTOR('',#13842,1.);
#13842 = DIRECTION('',(0.,-1.,0.));
#13843 = PCURVE('',#11492,#13844);
#13844 = DEFINITIONAL_REPRESENTATION('',(#13845),#13849);
#13845 = LINE('',#13846,#13847);
#13846 = CARTESIAN_POINT('',(0.,-15.));
#13847 = VECTOR('',#13848,1.);
#13848 = DIRECTION('',(1.,0.));
#13849 = ( GEOMETRIC_REPRESENTATION_CONTEXT(2) 
PARAMETRIC_REPRESENTATION_CONTEXT() REPRESENTATION_CONTEXT('2D SPACE',''
  ) );
#13850 = PCURVE('',#12236,#13851);
#13851 = DEFINITIONAL_REPRESENTATION('',(#13852),#13856);
#13852 = LINE('',#13853,#13854);
#13853 = CARTESIAN_POINT('',(-34.674990748,18.806826034825));
#13854 = VECTOR('',#13855,1.);
#13855 = DIRECTION('',(0.,-1.));
#13856 = ( GEOMETRIC_REPRESENTATION_CONTEXT(2) 
PARAMETRIC_REPRESENTATION_CONTEXT() REPRESENTATION_CONTEXT('2D SPACE',''
  ) );
#13857 = ORIENTED_EDGE('',*,*,#13858,.F.);
#13858 = EDGE_CURVE('',#11446,#13836,#13859,.T.);
#13859 = SURFACE_CURVE('',#13860,(#13864,#13870),.PCURVE_S1.);
#13860 = LINE('',#13861,#13862);
#13861 = CARTESIAN_POINT('',(-34.674990748,-19.06411010648,-150.));
#13862 = VECTOR('',#13863,1.);
#13863 = DIRECTION('',(0.,0.,1.));
#13864 = PCURVE('',#11492,#13865);
#13865 = DEFINITIONAL_REPRESENTATION('',(#13866),#13869);
#13866 = B_SPLINE_CURVE_WITH_KNOTS('',1,(#13867,#13868),.UNSPECIFIED.,
  .F.,.F.,(2,2),(-5.999999928008E-07,16.5),.PIECEWISE_BEZIER_KNOTS.);
#13867 = CARTESIAN_POINT('',(38.561655243925,5.999999928008E-07));
#13868 = CARTESIAN_POINT('',(38.561655243925,-16.5));
#13869 = ( GEOMETRIC_REPRESENTATION_CONTEXT(2) 
PARAMETRIC_REPRESENTATION_CONTEXT() REPRESENTATION_CONTEXT('2D SPACE',''
  ) );
#13870 = PCURVE('',#13871,#13876);
#13871 = CYLINDRICAL_SURFACE('',#13872,1.);
#13872 = AXIS2_PLACEMENT_3D('',#13873,#13874,#13875);
#13873 = CARTESIAN_POINT('',(-33.77499074759,-19.5,-150.));
#13874 = DIRECTION('',(0.,0.,1.));
#13875 = DIRECTION('',(1.,0.,-0.));
#13876 = DEFINITIONAL_REPRESENTATION('',(#13877),#13880);
#13877 = B_SPLINE_CURVE_WITH_KNOTS('',1,(#13878,#13879),.UNSPECIFIED.,
  .F.,.F.,(2,2),(-5.999999928008E-07,16.5),.PIECEWISE_BEZIER_KNOTS.);
#13878 = CARTESIAN_POINT('',(2.690565842727,-5.999999928008E-07));
#13879 = CARTESIAN_POINT('',(2.690565842727,16.5));
#13880 = ( GEOMETRIC_REPRESENTATION_CONTEXT(2) 
PARAMETRIC_REPRESENTATION_CONTEXT() REPRESENTATION_CONTEXT('2D SPACE',''
  ) );
#13881 = ADVANCED_FACE('',(#13882),#11905,.T.);
#13882 = FACE_BOUND('',#13883,.T.);
#13883 = EDGE_LOOP('',(#13884,#13908,#13930,#13931,#13932,#13933,#13934,
    #13935,#13936,#13937,#13938,#13939,#13940,#13941,#13942));
#13884 = ORIENTED_EDGE('',*,*,#13885,.T.);
#13885 = EDGE_CURVE('',#11448,#13886,#13888,.T.);
#13886 = VERTEX_POINT('',#13887);
#13887 = CARTESIAN_POINT('',(-32.77499074759,-19.5,-150.));
#13888 = SURFACE_CURVE('',#13889,(#13894,#13901),.PCURVE_S1.);
#13889 = CIRCLE('',#13890,1.);
#13890 = AXIS2_PLACEMENT_3D('',#13891,#13892,#13893);
#13891 = CARTESIAN_POINT('',(-33.77499074759,-19.5,-150.));
#13892 = DIRECTION('',(0.,0.,1.));
#13893 = DIRECTION('',(1.,0.,-0.));
#13894 = PCURVE('',#11905,#13895);
#13895 = DEFINITIONAL_REPRESENTATION('',(#13896),#13900);
#13896 = CIRCLE('',#13897,1.);
#13897 = AXIS2_PLACEMENT_2D('',#13898,#13899);
#13898 = CARTESIAN_POINT('',(0.,0.));
#13899 = DIRECTION('',(1.,0.));
#13900 = ( GEOMETRIC_REPRESENTATION_CONTEXT(2) 
PARAMETRIC_REPRESENTATION_CONTEXT() REPRESENTATION_CONTEXT('2D SPACE',''
  ) );
#13901 = PCURVE('',#12209,#13902);
#13902 = DEFINITIONAL_REPRESENTATION('',(#13903),#13907);
#13903 = LINE('',#13904,#13905);
#13904 = CARTESIAN_POINT('',(0.,0.));
#13905 = VECTOR('',#13906,1.);
#13906 = DIRECTION('',(1.,0.));
#13907 = ( GEOMETRIC_REPRESENTATION_CONTEXT(2) 
PARAMETRIC_REPRESENTATION_CONTEXT() REPRESENTATION_CONTEXT('2D SPACE',''
  ) );
#13908 = ORIENTED_EDGE('',*,*,#13909,.T.);
#13909 = EDGE_CURVE('',#13886,#11446,#13910,.T.);
#13910 = SURFACE_CURVE('',#13911,(#13916,#13923),.PCURVE_S1.);
#13911 = CIRCLE('',#13912,1.);
#13912 = AXIS2_PLACEMENT_3D('',#13913,#13914,#13915);
#13913 = CARTESIAN_POINT('',(-33.77499074759,-19.5,-150.));
#13914 = DIRECTION('',(0.,0.,1.));
#13915 = DIRECTION('',(1.,0.,-0.));
#13916 = PCURVE('',#11905,#13917);
#13917 = DEFINITIONAL_REPRESENTATION('',(#13918),#13922);
#13918 = CIRCLE('',#13919,1.);
#13919 = AXIS2_PLACEMENT_2D('',#13920,#13921);
#13920 = CARTESIAN_POINT('',(0.,0.));
#13921 = DIRECTION('',(1.,0.));
#13922 = ( GEOMETRIC_REPRESENTATION_CONTEXT(2) 
PARAMETRIC_REPRESENTATION_CONTEXT() REPRESENTATION_CONTEXT('2D SPACE',''
  ) );
#13923 = PCURVE('',#13871,#13924);
#13924 = DEFINITIONAL_REPRESENTATION('',(#13925),#13929);
#13925 = LINE('',#13926,#13927);
#13926 = CARTESIAN_POINT('',(0.,0.));
#13927 = VECTOR('',#13928,1.);
#13928 = DIRECTION('',(1.,0.));
#13929 = ( GEOMETRIC_REPRESENTATION_CONTEXT(2) 
PARAMETRIC_REPRESENTATION_CONTEXT() REPRESENTATION_CONTEXT('2D SPACE',''
  ) );
#13930 = ORIENTED_EDGE('',*,*,#11917,.T.);
#13931 = ORIENTED_EDGE('',*,*,#11887,.T.);
#13932 = ORIENTED_EDGE('',*,*,#12169,.T.);
#13933 = ORIENTED_EDGE('',*,*,#12146,.T.);
#13934 = ORIENTED_EDGE('',*,*,#12123,.T.);
#13935 = ORIENTED_EDGE('',*,*,#12100,.T.);
#13936 = ORIENTED_EDGE('',*,*,#12077,.T.);
#13937 = ORIENTED_EDGE('',*,*,#12054,.T.);
#13938 = ORIENTED_EDGE('',*,*,#12031,.T.);
#13939 = ORIENTED_EDGE('',*,*,#12008,.T.);
#13940 = ORIENTED_EDGE('',*,*,#11985,.T.);
#13941 = ORIENTED_EDGE('',*,*,#11962,.T.);
#13942 = ORIENTED_EDGE('',*,*,#11939,.T.);
#13943 = ADVANCED_FACE('',(#13944),#12261,.F.);
#13944 = FACE_BOUND('',#13945,.F.);
#13945 = EDGE_LOOP('',(#13946,#13970,#13993,#14015));
#13946 = ORIENTED_EDGE('',*,*,#13947,.F.);
#13947 = EDGE_CURVE('',#13948,#12221,#13950,.T.);
#13948 = VERTEX_POINT('',#13949);
#13949 = CARTESIAN_POINT('',(1.,-39.,-135.));
#13950 = SURFACE_CURVE('',#13951,(#13956,#13963),.PCURVE_S1.);
#13951 = CIRCLE('',#13952,1.);
#13952 = AXIS2_PLACEMENT_3D('',#13953,#13954,#13955);
#13953 = CARTESIAN_POINT('',(-7.164183775012E-15,-39.,-135.));
#13954 = DIRECTION('',(0.,0.,1.));
#13955 = DIRECTION('',(1.,0.,-0.));
#13956 = PCURVE('',#12261,#13957);
#13957 = DEFINITIONAL_REPRESENTATION('',(#13958),#13962);
#13958 = LINE('',#13959,#13960);
#13959 = CARTESIAN_POINT('',(0.,15.));
#13960 = VECTOR('',#13961,1.);
#13961 = DIRECTION('',(1.,0.));
#13962 = ( GEOMETRIC_REPRESENTATION_CONTEXT(2) 
PARAMETRIC_REPRESENTATION_CONTEXT() REPRESENTATION_CONTEXT('2D SPACE',''
  ) );
#13963 = PCURVE('',#12236,#13964);
#13964 = DEFINITIONAL_REPRESENTATION('',(#13965),#13969);
#13965 = CIRCLE('',#13966,1.);
#13966 = AXIS2_PLACEMENT_2D('',#13967,#13968);
#13967 = CARTESIAN_POINT('',(-8.105892811141E-15,-39.69071910261));
#13968 = DIRECTION('',(1.,0.));
#13969 = ( GEOMETRIC_REPRESENTATION_CONTEXT(2) 
PARAMETRIC_REPRESENTATION_CONTEXT() REPRESENTATION_CONTEXT('2D SPACE',''
  ) );
#13970 = ORIENTED_EDGE('',*,*,#13971,.F.);
#13971 = EDGE_CURVE('',#13972,#13948,#13974,.T.);
#13972 = VERTEX_POINT('',#13973);
#13973 = CARTESIAN_POINT('',(1.,-39.,-150.));
#13974 = SURFACE_CURVE('',#13975,(#13979,#13986),.PCURVE_S1.);
#13975 = LINE('',#13976,#13977);
#13976 = CARTESIAN_POINT('',(1.,-39.,-150.));
#13977 = VECTOR('',#13978,1.);
#13978 = DIRECTION('',(0.,0.,1.));
#13979 = PCURVE('',#12261,#13980);
#13980 = DEFINITIONAL_REPRESENTATION('',(#13981),#13985);
#13981 = LINE('',#13982,#13983);
#13982 = CARTESIAN_POINT('',(0.,-0.));
#13983 = VECTOR('',#13984,1.);
#13984 = DIRECTION('',(0.,1.));
#13985 = ( GEOMETRIC_REPRESENTATION_CONTEXT(2) 
PARAMETRIC_REPRESENTATION_CONTEXT() REPRESENTATION_CONTEXT('2D SPACE',''
  ) );
#13986 = PCURVE('',#12574,#13987);
#13987 = DEFINITIONAL_REPRESENTATION('',(#13988),#13992);
#13988 = LINE('',#13989,#13990);
#13989 = CARTESIAN_POINT('',(6.28318530718,-0.));
#13990 = VECTOR('',#13991,1.);
#13991 = DIRECTION('',(0.,1.));
#13992 = ( GEOMETRIC_REPRESENTATION_CONTEXT(2) 
PARAMETRIC_REPRESENTATION_CONTEXT() REPRESENTATION_CONTEXT('2D SPACE',''
  ) );
#13993 = ORIENTED_EDGE('',*,*,#13994,.T.);
#13994 = EDGE_CURVE('',#13972,#11826,#13995,.T.);
#13995 = SURFACE_CURVE('',#13996,(#14001,#14008),.PCURVE_S1.);
#13996 = CIRCLE('',#13997,1.);
#13997 = AXIS2_PLACEMENT_3D('',#13998,#13999,#14000);
#13998 = CARTESIAN_POINT('',(-7.164183775012E-15,-39.,-150.));
#13999 = DIRECTION('',(0.,0.,1.));
#14000 = DIRECTION('',(1.,0.,-0.));
#14001 = PCURVE('',#12261,#14002);
#14002 = DEFINITIONAL_REPRESENTATION('',(#14003),#14007);
#14003 = LINE('',#14004,#14005);
#14004 = CARTESIAN_POINT('',(0.,0.));
#14005 = VECTOR('',#14006,1.);
#14006 = DIRECTION('',(1.,0.));
#14007 = ( GEOMETRIC_REPRESENTATION_CONTEXT(2) 
PARAMETRIC_REPRESENTATION_CONTEXT() REPRESENTATION_CONTEXT('2D SPACE',''
  ) );
#14008 = PCURVE('',#12291,#14009);
#14009 = DEFINITIONAL_REPRESENTATION('',(#14010),#14014);
#14010 = CIRCLE('',#14011,1.);
#14011 = AXIS2_PLACEMENT_2D('',#14012,#14013);
#14012 = CARTESIAN_POINT('',(0.,0.));
#14013 = DIRECTION('',(1.,0.));
#14014 = ( GEOMETRIC_REPRESENTATION_CONTEXT(2) 
PARAMETRIC_REPRESENTATION_CONTEXT() REPRESENTATION_CONTEXT('2D SPACE',''
  ) );
#14015 = ORIENTED_EDGE('',*,*,#12248,.T.);
#14016 = ADVANCED_FACE('',(#14017),#12236,.T.);
#14017 = FACE_BOUND('',#14018,.T.);
#14018 = EDGE_LOOP('',(#14019,#14043,#14044,#14068,#14090,#14091,#14092,
    #14114,#14115,#14137,#14138,#14160,#14161,#14182,#14208,#14227,
    #14228));
#14019 = ORIENTED_EDGE('',*,*,#14020,.F.);
#14020 = EDGE_CURVE('',#13810,#14021,#14023,.T.);
#14021 = VERTEX_POINT('',#14022);
#14022 = CARTESIAN_POINT('',(-32.77499074759,19.5,-135.));
#14023 = SURFACE_CURVE('',#14024,(#14029,#14036),.PCURVE_S1.);
#14024 = CIRCLE('',#14025,1.);
#14025 = AXIS2_PLACEMENT_3D('',#14026,#14027,#14028);
#14026 = CARTESIAN_POINT('',(-33.77499074759,19.5,-135.));
#14027 = DIRECTION('',(0.,0.,1.));
#14028 = DIRECTION('',(1.,0.,-0.));
#14029 = PCURVE('',#12236,#14030);
#14030 = DEFINITIONAL_REPRESENTATION('',(#14031),#14035);
#14031 = CIRCLE('',#14032,1.);
#14032 = AXIS2_PLACEMENT_2D('',#14033,#14034);
#14033 = CARTESIAN_POINT('',(-33.77499074759,18.809280897386));
#14034 = DIRECTION('',(1.,0.));
#14035 = ( GEOMETRIC_REPRESENTATION_CONTEXT(2) 
PARAMETRIC_REPRESENTATION_CONTEXT() REPRESENTATION_CONTEXT('2D SPACE',''
  ) );
#14036 = PCURVE('',#13824,#14037);
#14037 = DEFINITIONAL_REPRESENTATION('',(#14038),#14042);
#14038 = LINE('',#14039,#14040);
#14039 = CARTESIAN_POINT('',(0.,15.));
#14040 = VECTOR('',#14041,1.);
#14041 = DIRECTION('',(1.,0.));
#14042 = ( GEOMETRIC_REPRESENTATION_CONTEXT(2) 
PARAMETRIC_REPRESENTATION_CONTEXT() REPRESENTATION_CONTEXT('2D SPACE',''
  ) );
#14043 = ORIENTED_EDGE('',*,*,#13835,.T.);
#14044 = ORIENTED_EDGE('',*,*,#14045,.F.);
#14045 = EDGE_CURVE('',#14046,#13836,#14048,.T.);
#14046 = VERTEX_POINT('',#14047);
#14047 = CARTESIAN_POINT('',(-32.77499074759,-19.5,-135.));
#14048 = SURFACE_CURVE('',#14049,(#14054,#14061),.PCURVE_S1.);
#14049 = CIRCLE('',#14050,1.);
#14050 = AXIS2_PLACEMENT_3D('',#14051,#14052,#14053);
#14051 = CARTESIAN_POINT('',(-33.77499074759,-19.5,-135.));
#14052 = DIRECTION('',(0.,0.,1.));
#14053 = DIRECTION('',(1.,0.,-0.));
#14054 = PCURVE('',#12236,#14055);
#14055 = DEFINITIONAL_REPRESENTATION('',(#14056),#14060);
#14056 = CIRCLE('',#14057,1.);
#14057 = AXIS2_PLACEMENT_2D('',#14058,#14059);
#14058 = CARTESIAN_POINT('',(-33.77499074759,-20.19071910261));
#14059 = DIRECTION('',(1.,0.));
#14060 = ( GEOMETRIC_REPRESENTATION_CONTEXT(2) 
PARAMETRIC_REPRESENTATION_CONTEXT() REPRESENTATION_CONTEXT('2D SPACE',''
  ) );
#14061 = PCURVE('',#13871,#14062);
#14062 = DEFINITIONAL_REPRESENTATION('',(#14063),#14067);
#14063 = LINE('',#14064,#14065);
#14064 = CARTESIAN_POINT('',(0.,15.));
#14065 = VECTOR('',#14066,1.);
#14066 = DIRECTION('',(1.,0.));
#14067 = ( GEOMETRIC_REPRESENTATION_CONTEXT(2) 
PARAMETRIC_REPRESENTATION_CONTEXT() REPRESENTATION_CONTEXT('2D SPACE',''
  ) );
#14068 = ORIENTED_EDGE('',*,*,#14069,.F.);
#14069 = EDGE_CURVE('',#12195,#14046,#14070,.T.);
#14070 = SURFACE_CURVE('',#14071,(#14076,#14083),.PCURVE_S1.);
#14071 = CIRCLE('',#14072,1.);
#14072 = AXIS2_PLACEMENT_3D('',#14073,#14074,#14075);
#14073 = CARTESIAN_POINT('',(-33.77499074759,-19.5,-135.));
#14074 = DIRECTION('',(0.,0.,1.));
#14075 = DIRECTION('',(1.,0.,-0.));
#14076 = PCURVE('',#12236,#14077);
#14077 = DEFINITIONAL_REPRESENTATION('',(#14078),#14082);
#14078 = CIRCLE('',#14079,1.);
#14079 = AXIS2_PLACEMENT_2D('',#14080,#14081);
#14080 = CARTESIAN_POINT('',(-33.77499074759,-20.19071910261));
#14081 = DIRECTION('',(1.,0.));
#14082 = ( GEOMETRIC_REPRESENTATION_CONTEXT(2) 
PARAMETRIC_REPRESENTATION_CONTEXT() REPRESENTATION_CONTEXT('2D SPACE',''
  ) );
#14083 = PCURVE('',#12209,#14084);
#14084 = DEFINITIONAL_REPRESENTATION('',(#14085),#14089);
#14085 = LINE('',#14086,#14087);
#14086 = CARTESIAN_POINT('',(0.,15.));
#14087 = VECTOR('',#14088,1.);
#14088 = DIRECTION('',(1.,0.));
#14089 = ( GEOMETRIC_REPRESENTATION_CONTEXT(2) 
PARAMETRIC_REPRESENTATION_CONTEXT() REPRESENTATION_CONTEXT('2D SPACE',''
  ) );
#14090 = ORIENTED_EDGE('',*,*,#12220,.T.);
#14091 = ORIENTED_EDGE('',*,*,#13947,.F.);
#14092 = ORIENTED_EDGE('',*,*,#14093,.F.);
#14093 = EDGE_CURVE('',#12560,#13948,#14094,.T.);
#14094 = SURFACE_CURVE('',#14095,(#14100,#14107),.PCURVE_S1.);
#14095 = CIRCLE('',#14096,1.);
#14096 = AXIS2_PLACEMENT_3D('',#14097,#14098,#14099);
#14097 = CARTESIAN_POINT('',(-7.164183775012E-15,-39.,-135.));
#14098 = DIRECTION('',(0.,0.,1.));
#14099 = DIRECTION('',(1.,0.,-0.));
#14100 = PCURVE('',#12236,#14101);
#14101 = DEFINITIONAL_REPRESENTATION('',(#14102),#14106);
#14102 = CIRCLE('',#14103,1.);
#14103 = AXIS2_PLACEMENT_2D('',#14104,#14105);
#14104 = CARTESIAN_POINT('',(-8.105892811141E-15,-39.69071910261));
#14105 = DIRECTION('',(1.,0.));
#14106 = ( GEOMETRIC_REPRESENTATION_CONTEXT(2) 
PARAMETRIC_REPRESENTATION_CONTEXT() REPRESENTATION_CONTEXT('2D SPACE',''
  ) );
#14107 = PCURVE('',#12574,#14108);
#14108 = DEFINITIONAL_REPRESENTATION('',(#14109),#14113);
#14109 = LINE('',#14110,#14111);
#14110 = CARTESIAN_POINT('',(0.,15.));
#14111 = VECTOR('',#14112,1.);
#14112 = DIRECTION('',(1.,0.));
#14113 = ( GEOMETRIC_REPRESENTATION_CONTEXT(2) 
PARAMETRIC_REPRESENTATION_CONTEXT() REPRESENTATION_CONTEXT('2D SPACE',''
  ) );
#14114 = ORIENTED_EDGE('',*,*,#12585,.T.);
#14115 = ORIENTED_EDGE('',*,*,#14116,.F.);
#14116 = EDGE_CURVE('',#12944,#12586,#14117,.T.);
#14117 = SURFACE_CURVE('',#14118,(#14123,#14130),.PCURVE_S1.);
#14118 = CIRCLE('',#14119,1.);
#14119 = AXIS2_PLACEMENT_3D('',#14120,#14121,#14122);
#14120 = CARTESIAN_POINT('',(33.774990747593,-19.5,-135.));
#14121 = DIRECTION('',(0.,0.,1.));
#14122 = DIRECTION('',(1.,0.,-0.));
#14123 = PCURVE('',#12236,#14124);
#14124 = DEFINITIONAL_REPRESENTATION('',(#14125),#14129);
#14125 = CIRCLE('',#14126,1.);
#14126 = AXIS2_PLACEMENT_2D('',#14127,#14128);
#14127 = CARTESIAN_POINT('',(33.774990747593,-20.19071910261));
#14128 = DIRECTION('',(1.,0.));
#14129 = ( GEOMETRIC_REPRESENTATION_CONTEXT(2) 
PARAMETRIC_REPRESENTATION_CONTEXT() REPRESENTATION_CONTEXT('2D SPACE',''
  ) );
#14130 = PCURVE('',#12621,#14131);
#14131 = DEFINITIONAL_REPRESENTATION('',(#14132),#14136);
#14132 = LINE('',#14133,#14134);
#14133 = CARTESIAN_POINT('',(0.,15.));
#14134 = VECTOR('',#14135,1.);
#14135 = DIRECTION('',(1.,0.));
#14136 = ( GEOMETRIC_REPRESENTATION_CONTEXT(2) 
PARAMETRIC_REPRESENTATION_CONTEXT() REPRESENTATION_CONTEXT('2D SPACE',''
  ) );
#14137 = ORIENTED_EDGE('',*,*,#12964,.T.);
#14138 = ORIENTED_EDGE('',*,*,#14139,.F.);
#14139 = EDGE_CURVE('',#13300,#12965,#14140,.T.);
#14140 = SURFACE_CURVE('',#14141,(#14146,#14153),.PCURVE_S1.);
#14141 = CIRCLE('',#14142,1.);
#14142 = AXIS2_PLACEMENT_3D('',#14143,#14144,#14145);
#14143 = CARTESIAN_POINT('',(33.774990747593,19.5,-135.));
#14144 = DIRECTION('',(0.,0.,1.));
#14145 = DIRECTION('',(1.,0.,-0.));
#14146 = PCURVE('',#12236,#14147);
#14147 = DEFINITIONAL_REPRESENTATION('',(#14148),#14152);
#14148 = CIRCLE('',#14149,1.);
#14149 = AXIS2_PLACEMENT_2D('',#14150,#14151);
#14150 = CARTESIAN_POINT('',(33.774990747593,18.809280897386));
#14151 = DIRECTION('',(1.,0.));
#14152 = ( GEOMETRIC_REPRESENTATION_CONTEXT(2) 
PARAMETRIC_REPRESENTATION_CONTEXT() REPRESENTATION_CONTEXT('2D SPACE',''
  ) );
#14153 = PCURVE('',#13000,#14154);
#14154 = DEFINITIONAL_REPRESENTATION('',(#14155),#14159);
#14155 = LINE('',#14156,#14157);
#14156 = CARTESIAN_POINT('',(0.,15.));
#14157 = VECTOR('',#14158,1.);
#14158 = DIRECTION('',(1.,0.));
#14159 = ( GEOMETRIC_REPRESENTATION_CONTEXT(2) 
PARAMETRIC_REPRESENTATION_CONTEXT() REPRESENTATION_CONTEXT('2D SPACE',''
  ) );
#14160 = ORIENTED_EDGE('',*,*,#13320,.T.);
#14161 = ORIENTED_EDGE('',*,*,#14162,.F.);
#14162 = EDGE_CURVE('',#14163,#13321,#14165,.T.);
#14163 = VERTEX_POINT('',#14164);
#14164 = CARTESIAN_POINT('',(6.,38.5,-135.));
#14165 = SURFACE_CURVE('',#14166,(#14170,#14176),.PCURVE_S1.);
#14166 = LINE('',#14167,#14168);
#14167 = CARTESIAN_POINT('',(6.,20.345359551307,-135.));
#14168 = VECTOR('',#14169,1.);
#14169 = DIRECTION('',(-0.,1.,0.));
#14170 = PCURVE('',#12236,#14171);
#14171 = DEFINITIONAL_REPRESENTATION('',(#14172),#14175);
#14172 = B_SPLINE_CURVE_WITH_KNOTS('',1,(#14173,#14174),.UNSPECIFIED.,
  .F.,.F.,(2,2),(18.154640448693,19.554640448693),
  .PIECEWISE_BEZIER_KNOTS.);
#14173 = CARTESIAN_POINT('',(6.,37.809280897386));
#14174 = CARTESIAN_POINT('',(6.,39.209280897386));
#14175 = ( GEOMETRIC_REPRESENTATION_CONTEXT(2) 
PARAMETRIC_REPRESENTATION_CONTEXT() REPRESENTATION_CONTEXT('2D SPACE',''
  ) );
#14176 = PCURVE('',#13356,#14177);
#14177 = DEFINITIONAL_REPRESENTATION('',(#14178),#14181);
#14178 = B_SPLINE_CURVE_WITH_KNOTS('',1,(#14179,#14180),.UNSPECIFIED.,
  .F.,.F.,(2,2),(18.154640448693,19.554640448693),
  .PIECEWISE_BEZIER_KNOTS.);
#14179 = CARTESIAN_POINT('',(1.5,-15.));
#14180 = CARTESIAN_POINT('',(0.1,-15.));
#14181 = ( GEOMETRIC_REPRESENTATION_CONTEXT(2) 
PARAMETRIC_REPRESENTATION_CONTEXT() REPRESENTATION_CONTEXT('2D SPACE',''
  ) );
#14182 = ORIENTED_EDGE('',*,*,#14183,.F.);
#14183 = EDGE_CURVE('',#14184,#14163,#14186,.T.);
#14184 = VERTEX_POINT('',#14185);
#14185 = CARTESIAN_POINT('',(-6.,38.5,-135.));
#14186 = SURFACE_CURVE('',#14187,(#14191,#14197),.PCURVE_S1.);
#14187 = LINE('',#14188,#14189);
#14188 = CARTESIAN_POINT('',(3.,38.5,-135.));
#14189 = VECTOR('',#14190,1.);
#14190 = DIRECTION('',(1.,0.,-0.));
#14191 = PCURVE('',#12236,#14192);
#14192 = DEFINITIONAL_REPRESENTATION('',(#14193),#14196);
#14193 = B_SPLINE_CURVE_WITH_KNOTS('',1,(#14194,#14195),.UNSPECIFIED.,
  .F.,.F.,(2,2),(-9.,3.),.PIECEWISE_BEZIER_KNOTS.);
#14194 = CARTESIAN_POINT('',(-6.,37.809280897386));
#14195 = CARTESIAN_POINT('',(6.,37.809280897386));
#14196 = ( GEOMETRIC_REPRESENTATION_CONTEXT(2) 
PARAMETRIC_REPRESENTATION_CONTEXT() REPRESENTATION_CONTEXT('2D SPACE',''
  ) );
#14197 = PCURVE('',#14198,#14203);
#14198 = PLANE('',#14199);
#14199 = AXIS2_PLACEMENT_3D('',#14200,#14201,#14202);
#14200 = CARTESIAN_POINT('',(6.,38.5,-150.));
#14201 = DIRECTION('',(0.,-1.,0.));
#14202 = DIRECTION('',(-1.,0.,0.));
#14203 = DEFINITIONAL_REPRESENTATION('',(#14204),#14207);
#14204 = B_SPLINE_CURVE_WITH_KNOTS('',1,(#14205,#14206),.UNSPECIFIED.,
  .F.,.F.,(2,2),(-9.,3.),.PIECEWISE_BEZIER_KNOTS.);
#14205 = CARTESIAN_POINT('',(12.,-15.));
#14206 = CARTESIAN_POINT('',(0.,-15.));
#14207 = ( GEOMETRIC_REPRESENTATION_CONTEXT(2) 
PARAMETRIC_REPRESENTATION_CONTEXT() REPRESENTATION_CONTEXT('2D SPACE',''
  ) );
#14208 = ORIENTED_EDGE('',*,*,#14209,.F.);
#14209 = EDGE_CURVE('',#13450,#14184,#14210,.T.);
#14210 = SURFACE_CURVE('',#14211,(#14215,#14221),.PCURVE_S1.);
#14211 = LINE('',#14212,#14213);
#14212 = CARTESIAN_POINT('',(-6.,19.595359551307,-135.));
#14213 = VECTOR('',#14214,1.);
#14214 = DIRECTION('',(0.,-1.,0.));
#14215 = PCURVE('',#12236,#14216);
#14216 = DEFINITIONAL_REPRESENTATION('',(#14217),#14220);
#14217 = B_SPLINE_CURVE_WITH_KNOTS('',1,(#14218,#14219),.UNSPECIFIED.,
  .F.,.F.,(2,2),(-20.30464044869,-18.90464044869),
  .PIECEWISE_BEZIER_KNOTS.);
#14218 = CARTESIAN_POINT('',(-6.,39.209280897386));
#14219 = CARTESIAN_POINT('',(-6.,37.809280897386));
#14220 = ( GEOMETRIC_REPRESENTATION_CONTEXT(2) 
PARAMETRIC_REPRESENTATION_CONTEXT() REPRESENTATION_CONTEXT('2D SPACE',''
  ) );
#14221 = PCURVE('',#13464,#14222);
#14222 = DEFINITIONAL_REPRESENTATION('',(#14223),#14226);
#14223 = B_SPLINE_CURVE_WITH_KNOTS('',1,(#14224,#14225),.UNSPECIFIED.,
  .F.,.F.,(2,2),(-20.30464044869,-18.90464044869),
  .PIECEWISE_BEZIER_KNOTS.);
#14224 = CARTESIAN_POINT('',(1.4,-15.));
#14225 = CARTESIAN_POINT('',(0.,-15.));
#14226 = ( GEOMETRIC_REPRESENTATION_CONTEXT(2) 
PARAMETRIC_REPRESENTATION_CONTEXT() REPRESENTATION_CONTEXT('2D SPACE',''
  ) );
#14227 = ORIENTED_EDGE('',*,*,#13475,.T.);
#14228 = ORIENTED_EDGE('',*,*,#14229,.F.);
#14229 = EDGE_CURVE('',#14021,#13476,#14230,.T.);
#14230 = SURFACE_CURVE('',#14231,(#14236,#14243),.PCURVE_S1.);
#14231 = CIRCLE('',#14232,1.);
#14232 = AXIS2_PLACEMENT_3D('',#14233,#14234,#14235);
#14233 = CARTESIAN_POINT('',(-33.77499074759,19.5,-135.));
#14234 = DIRECTION('',(0.,0.,1.));
#14235 = DIRECTION('',(1.,0.,-0.));
#14236 = PCURVE('',#12236,#14237);
#14237 = DEFINITIONAL_REPRESENTATION('',(#14238),#14242);
#14238 = CIRCLE('',#14239,1.);
#14239 = AXIS2_PLACEMENT_2D('',#14240,#14241);
#14240 = CARTESIAN_POINT('',(-33.77499074759,18.809280897386));
#14241 = DIRECTION('',(1.,0.));
#14242 = ( GEOMETRIC_REPRESENTATION_CONTEXT(2) 
PARAMETRIC_REPRESENTATION_CONTEXT() REPRESENTATION_CONTEXT('2D SPACE',''
  ) );
#14243 = PCURVE('',#13511,#14244);
#14244 = DEFINITIONAL_REPRESENTATION('',(#14245),#14249);
#14245 = LINE('',#14246,#14247);
#14246 = CARTESIAN_POINT('',(0.,15.));
#14247 = VECTOR('',#14248,1.);
#14248 = DIRECTION('',(1.,0.));
#14249 = ( GEOMETRIC_REPRESENTATION_CONTEXT(2) 
PARAMETRIC_REPRESENTATION_CONTEXT() REPRESENTATION_CONTEXT('2D SPACE',''
  ) );
#14250 = ADVANCED_FACE('',(#14251),#12209,.F.);
#14251 = FACE_BOUND('',#14252,.F.);
#14252 = EDGE_LOOP('',(#14253,#14274,#14275,#14276));
#14253 = ORIENTED_EDGE('',*,*,#14254,.T.);
#14254 = EDGE_CURVE('',#13886,#14046,#14255,.T.);
#14255 = SURFACE_CURVE('',#14256,(#14260,#14267),.PCURVE_S1.);
#14256 = LINE('',#14257,#14258);
#14257 = CARTESIAN_POINT('',(-32.77499074759,-19.5,-150.));
#14258 = VECTOR('',#14259,1.);
#14259 = DIRECTION('',(0.,0.,1.));
#14260 = PCURVE('',#12209,#14261);
#14261 = DEFINITIONAL_REPRESENTATION('',(#14262),#14266);
#14262 = LINE('',#14263,#14264);
#14263 = CARTESIAN_POINT('',(6.28318530718,-0.));
#14264 = VECTOR('',#14265,1.);
#14265 = DIRECTION('',(0.,1.));
#14266 = ( GEOMETRIC_REPRESENTATION_CONTEXT(2) 
PARAMETRIC_REPRESENTATION_CONTEXT() REPRESENTATION_CONTEXT('2D SPACE',''
  ) );
#14267 = PCURVE('',#13871,#14268);
#14268 = DEFINITIONAL_REPRESENTATION('',(#14269),#14273);
#14269 = LINE('',#14270,#14271);
#14270 = CARTESIAN_POINT('',(0.,-0.));
#14271 = VECTOR('',#14272,1.);
#14272 = DIRECTION('',(0.,1.));
#14273 = ( GEOMETRIC_REPRESENTATION_CONTEXT(2) 
PARAMETRIC_REPRESENTATION_CONTEXT() REPRESENTATION_CONTEXT('2D SPACE',''
  ) );
#14274 = ORIENTED_EDGE('',*,*,#14069,.F.);
#14275 = ORIENTED_EDGE('',*,*,#12194,.F.);
#14276 = ORIENTED_EDGE('',*,*,#13885,.T.);
#14277 = ADVANCED_FACE('',(#14278),#12291,.T.);
#14278 = FACE_BOUND('',#14279,.T.);
#14279 = EDGE_LOOP('',(#14280,#14302,#14303,#14304,#14305,#14306,#14307,
    #14308,#14309,#14310,#14311,#14312,#14313,#14314));
#14280 = ORIENTED_EDGE('',*,*,#14281,.T.);
#14281 = EDGE_CURVE('',#11798,#13972,#14282,.T.);
#14282 = SURFACE_CURVE('',#14283,(#14288,#14295),.PCURVE_S1.);
#14283 = CIRCLE('',#14284,1.);
#14284 = AXIS2_PLACEMENT_3D('',#14285,#14286,#14287);
#14285 = CARTESIAN_POINT('',(-7.164183775012E-15,-39.,-150.));
#14286 = DIRECTION('',(0.,0.,1.));
#14287 = DIRECTION('',(1.,0.,-0.));
#14288 = PCURVE('',#12291,#14289);
#14289 = DEFINITIONAL_REPRESENTATION('',(#14290),#14294);
#14290 = CIRCLE('',#14291,1.);
#14291 = AXIS2_PLACEMENT_2D('',#14292,#14293);
#14292 = CARTESIAN_POINT('',(0.,0.));
#14293 = DIRECTION('',(1.,0.));
#14294 = ( GEOMETRIC_REPRESENTATION_CONTEXT(2) 
PARAMETRIC_REPRESENTATION_CONTEXT() REPRESENTATION_CONTEXT('2D SPACE',''
  ) );
#14295 = PCURVE('',#12574,#14296);
#14296 = DEFINITIONAL_REPRESENTATION('',(#14297),#14301);
#14297 = LINE('',#14298,#14299);
#14298 = CARTESIAN_POINT('',(0.,0.));
#14299 = VECTOR('',#14300,1.);
#14300 = DIRECTION('',(1.,0.));
#14301 = ( GEOMETRIC_REPRESENTATION_CONTEXT(2) 
PARAMETRIC_REPRESENTATION_CONTEXT() REPRESENTATION_CONTEXT('2D SPACE',''
  ) );
#14302 = ORIENTED_EDGE('',*,*,#13994,.T.);
#14303 = ORIENTED_EDGE('',*,*,#12275,.T.);
#14304 = ORIENTED_EDGE('',*,*,#12534,.T.);
#14305 = ORIENTED_EDGE('',*,*,#12511,.T.);
#14306 = ORIENTED_EDGE('',*,*,#12488,.T.);
#14307 = ORIENTED_EDGE('',*,*,#12465,.T.);
#14308 = ORIENTED_EDGE('',*,*,#12442,.T.);
#14309 = ORIENTED_EDGE('',*,*,#12419,.T.);
#14310 = ORIENTED_EDGE('',*,*,#12396,.T.);
#14311 = ORIENTED_EDGE('',*,*,#12373,.T.);
#14312 = ORIENTED_EDGE('',*,*,#12350,.T.);
#14313 = ORIENTED_EDGE('',*,*,#12327,.T.);
#14314 = ORIENTED_EDGE('',*,*,#12304,.T.);
#14315 = ADVANCED_FACE('',(#14316),#12621,.F.);
#14316 = FACE_BOUND('',#14317,.F.);
#14317 = EDGE_LOOP('',(#14318,#14319,#14341,#14342));
#14318 = ORIENTED_EDGE('',*,*,#12943,.F.);
#14319 = ORIENTED_EDGE('',*,*,#14320,.T.);
#14320 = EDGE_CURVE('',#11717,#11774,#14321,.T.);
#14321 = SURFACE_CURVE('',#14322,(#14327,#14334),.PCURVE_S1.);
#14322 = CIRCLE('',#14323,1.);
#14323 = AXIS2_PLACEMENT_3D('',#14324,#14325,#14326);
#14324 = CARTESIAN_POINT('',(33.774990747593,-19.5,-150.));
#14325 = DIRECTION('',(0.,0.,1.));
#14326 = DIRECTION('',(1.,0.,-0.));
#14327 = PCURVE('',#12621,#14328);
#14328 = DEFINITIONAL_REPRESENTATION('',(#14329),#14333);
#14329 = LINE('',#14330,#14331);
#14330 = CARTESIAN_POINT('',(0.,0.));
#14331 = VECTOR('',#14332,1.);
#14332 = DIRECTION('',(1.,0.));
#14333 = ( GEOMETRIC_REPRESENTATION_CONTEXT(2) 
PARAMETRIC_REPRESENTATION_CONTEXT() REPRESENTATION_CONTEXT('2D SPACE',''
  ) );
#14334 = PCURVE('',#12651,#14335);
#14335 = DEFINITIONAL_REPRESENTATION('',(#14336),#14340);
#14336 = CIRCLE('',#14337,1.);
#14337 = AXIS2_PLACEMENT_2D('',#14338,#14339);
#14338 = CARTESIAN_POINT('',(0.,0.));
#14339 = DIRECTION('',(1.,0.));
#14340 = ( GEOMETRIC_REPRESENTATION_CONTEXT(2) 
PARAMETRIC_REPRESENTATION_CONTEXT() REPRESENTATION_CONTEXT('2D SPACE',''
  ) );
#14341 = ORIENTED_EDGE('',*,*,#12608,.T.);
#14342 = ORIENTED_EDGE('',*,*,#14116,.F.);
#14343 = ADVANCED_FACE('',(#14344),#12574,.F.);
#14344 = FACE_BOUND('',#14345,.F.);
#14345 = EDGE_LOOP('',(#14346,#14347,#14348,#14349));
#14346 = ORIENTED_EDGE('',*,*,#13971,.T.);
#14347 = ORIENTED_EDGE('',*,*,#14093,.F.);
#14348 = ORIENTED_EDGE('',*,*,#12559,.F.);
#14349 = ORIENTED_EDGE('',*,*,#14281,.T.);
#14350 = ADVANCED_FACE('',(#14351),#12651,.T.);
#14351 = FACE_BOUND('',#14352,.T.);
#14352 = EDGE_LOOP('',(#14353,#14354,#14355,#14356,#14357,#14358,#14359,
    #14360,#14361,#14362,#14363,#14364,#14365,#14366));
#14353 = ORIENTED_EDGE('',*,*,#12665,.T.);
#14354 = ORIENTED_EDGE('',*,*,#14320,.T.);
#14355 = ORIENTED_EDGE('',*,*,#12635,.T.);
#14356 = ORIENTED_EDGE('',*,*,#12918,.T.);
#14357 = ORIENTED_EDGE('',*,*,#12895,.T.);
#14358 = ORIENTED_EDGE('',*,*,#12872,.T.);
#14359 = ORIENTED_EDGE('',*,*,#12849,.T.);
#14360 = ORIENTED_EDGE('',*,*,#12826,.T.);
#14361 = ORIENTED_EDGE('',*,*,#12803,.T.);
#14362 = ORIENTED_EDGE('',*,*,#12780,.T.);
#14363 = ORIENTED_EDGE('',*,*,#12757,.T.);
#14364 = ORIENTED_EDGE('',*,*,#12734,.T.);
#14365 = ORIENTED_EDGE('',*,*,#12711,.T.);
#14366 = ORIENTED_EDGE('',*,*,#12688,.T.);
#14367 = ADVANCED_FACE('',(#14368),#13000,.F.);
#14368 = FACE_BOUND('',#14369,.F.);
#14369 = EDGE_LOOP('',(#14370,#14371,#14393,#14394));
#14370 = ORIENTED_EDGE('',*,*,#13299,.F.);
#14371 = ORIENTED_EDGE('',*,*,#14372,.T.);
#14372 = EDGE_CURVE('',#11636,#11693,#14373,.T.);
#14373 = SURFACE_CURVE('',#14374,(#14379,#14386),.PCURVE_S1.);
#14374 = CIRCLE('',#14375,1.);
#14375 = AXIS2_PLACEMENT_3D('',#14376,#14377,#14378);
#14376 = CARTESIAN_POINT('',(33.774990747593,19.5,-150.));
#14377 = DIRECTION('',(0.,0.,1.));
#14378 = DIRECTION('',(1.,0.,-0.));
#14379 = PCURVE('',#13000,#14380);
#14380 = DEFINITIONAL_REPRESENTATION('',(#14381),#14385);
#14381 = LINE('',#14382,#14383);
#14382 = CARTESIAN_POINT('',(0.,0.));
#14383 = VECTOR('',#14384,1.);
#14384 = DIRECTION('',(1.,0.));
#14385 = ( GEOMETRIC_REPRESENTATION_CONTEXT(2) 
PARAMETRIC_REPRESENTATION_CONTEXT() REPRESENTATION_CONTEXT('2D SPACE',''
  ) );
#14386 = PCURVE('',#13031,#14387);
#14387 = DEFINITIONAL_REPRESENTATION('',(#14388),#14392);
#14388 = CIRCLE('',#14389,1.);
#14389 = AXIS2_PLACEMENT_2D('',#14390,#14391);
#14390 = CARTESIAN_POINT('',(0.,0.));
#14391 = DIRECTION('',(1.,0.));
#14392 = ( GEOMETRIC_REPRESENTATION_CONTEXT(2) 
PARAMETRIC_REPRESENTATION_CONTEXT() REPRESENTATION_CONTEXT('2D SPACE',''
  ) );
#14393 = ORIENTED_EDGE('',*,*,#12987,.T.);
#14394 = ORIENTED_EDGE('',*,*,#14139,.F.);
#14395 = ADVANCED_FACE('',(#14396),#13031,.T.);
#14396 = FACE_BOUND('',#14397,.T.);
#14397 = EDGE_LOOP('',(#14398,#14399,#14400,#14401,#14402,#14403,#14404,
    #14405,#14406,#14407,#14408,#14409,#14410));
#14398 = ORIENTED_EDGE('',*,*,#13015,.T.);
#14399 = ORIENTED_EDGE('',*,*,#14372,.T.);
#14400 = ORIENTED_EDGE('',*,*,#13273,.T.);
#14401 = ORIENTED_EDGE('',*,*,#13250,.T.);
#14402 = ORIENTED_EDGE('',*,*,#13227,.T.);
#14403 = ORIENTED_EDGE('',*,*,#13204,.T.);
#14404 = ORIENTED_EDGE('',*,*,#13181,.T.);
#14405 = ORIENTED_EDGE('',*,*,#13158,.T.);
#14406 = ORIENTED_EDGE('',*,*,#13135,.T.);
#14407 = ORIENTED_EDGE('',*,*,#13112,.T.);
#14408 = ORIENTED_EDGE('',*,*,#13089,.T.);
#14409 = ORIENTED_EDGE('',*,*,#13066,.T.);
#14410 = ORIENTED_EDGE('',*,*,#13043,.T.);
#14411 = ADVANCED_FACE('',(#14412),#13356,.F.);
#14412 = FACE_BOUND('',#14413,.F.);
#14413 = EDGE_LOOP('',(#14414,#14437,#14438,#14439));
#14414 = ORIENTED_EDGE('',*,*,#14415,.F.);
#14415 = EDGE_CURVE('',#11613,#14416,#14418,.T.);
#14416 = VERTEX_POINT('',#14417);
#14417 = CARTESIAN_POINT('',(6.,38.5,-150.));
#14418 = SURFACE_CURVE('',#14419,(#14423,#14430),.PCURVE_S1.);
#14419 = LINE('',#14420,#14421);
#14420 = CARTESIAN_POINT('',(6.,40.,-150.));
#14421 = VECTOR('',#14422,1.);
#14422 = DIRECTION('',(0.,-1.,0.));
#14423 = PCURVE('',#13356,#14424);
#14424 = DEFINITIONAL_REPRESENTATION('',(#14425),#14429);
#14425 = LINE('',#14426,#14427);
#14426 = CARTESIAN_POINT('',(0.,0.));
#14427 = VECTOR('',#14428,1.);
#14428 = DIRECTION('',(1.,0.));
#14429 = ( GEOMETRIC_REPRESENTATION_CONTEXT(2) 
PARAMETRIC_REPRESENTATION_CONTEXT() REPRESENTATION_CONTEXT('2D SPACE',''
  ) );
#14430 = PCURVE('',#13387,#14431);
#14431 = DEFINITIONAL_REPRESENTATION('',(#14432),#14436);
#14432 = LINE('',#14433,#14434);
#14433 = CARTESIAN_POINT('',(-6.,0.75));
#14434 = VECTOR('',#14435,1.);
#14435 = DIRECTION('',(0.,-1.));
#14436 = ( GEOMETRIC_REPRESENTATION_CONTEXT(2) 
PARAMETRIC_REPRESENTATION_CONTEXT() REPRESENTATION_CONTEXT('2D SPACE',''
  ) );
#14437 = ORIENTED_EDGE('',*,*,#13343,.T.);
#14438 = ORIENTED_EDGE('',*,*,#14162,.F.);
#14439 = ORIENTED_EDGE('',*,*,#14440,.F.);
#14440 = EDGE_CURVE('',#14416,#14163,#14441,.T.);
#14441 = SURFACE_CURVE('',#14442,(#14446,#14453),.PCURVE_S1.);
#14442 = LINE('',#14443,#14444);
#14443 = CARTESIAN_POINT('',(6.,38.5,-150.));
#14444 = VECTOR('',#14445,1.);
#14445 = DIRECTION('',(0.,0.,1.));
#14446 = PCURVE('',#13356,#14447);
#14447 = DEFINITIONAL_REPRESENTATION('',(#14448),#14452);
#14448 = LINE('',#14449,#14450);
#14449 = CARTESIAN_POINT('',(1.5,0.));
#14450 = VECTOR('',#14451,1.);
#14451 = DIRECTION('',(0.,-1.));
#14452 = ( GEOMETRIC_REPRESENTATION_CONTEXT(2) 
PARAMETRIC_REPRESENTATION_CONTEXT() REPRESENTATION_CONTEXT('2D SPACE',''
  ) );
#14453 = PCURVE('',#14198,#14454);
#14454 = DEFINITIONAL_REPRESENTATION('',(#14455),#14459);
#14455 = LINE('',#14456,#14457);
#14456 = CARTESIAN_POINT('',(0.,-0.));
#14457 = VECTOR('',#14458,1.);
#14458 = DIRECTION('',(0.,-1.));
#14459 = ( GEOMETRIC_REPRESENTATION_CONTEXT(2) 
PARAMETRIC_REPRESENTATION_CONTEXT() REPRESENTATION_CONTEXT('2D SPACE',''
  ) );
#14460 = ADVANCED_FACE('',(#14461),#13387,.F.);
#14461 = FACE_BOUND('',#14462,.F.);
#14462 = EDGE_LOOP('',(#14463,#14486,#14487,#14488,#14489,#14490));
#14463 = ORIENTED_EDGE('',*,*,#14464,.T.);
#14464 = EDGE_CURVE('',#14465,#11534,#14467,.T.);
#14465 = VERTEX_POINT('',#14466);
#14466 = CARTESIAN_POINT('',(-6.,38.5,-150.));
#14467 = SURFACE_CURVE('',#14468,(#14472,#14479),.PCURVE_S1.);
#14468 = LINE('',#14469,#14470);
#14469 = CARTESIAN_POINT('',(-6.,38.5,-150.));
#14470 = VECTOR('',#14471,1.);
#14471 = DIRECTION('',(0.,1.,0.));
#14472 = PCURVE('',#13387,#14473);
#14473 = DEFINITIONAL_REPRESENTATION('',(#14474),#14478);
#14474 = LINE('',#14475,#14476);
#14475 = CARTESIAN_POINT('',(6.,-0.75));
#14476 = VECTOR('',#14477,1.);
#14477 = DIRECTION('',(0.,1.));
#14478 = ( GEOMETRIC_REPRESENTATION_CONTEXT(2) 
PARAMETRIC_REPRESENTATION_CONTEXT() REPRESENTATION_CONTEXT('2D SPACE',''
  ) );
#14479 = PCURVE('',#13464,#14480);
#14480 = DEFINITIONAL_REPRESENTATION('',(#14481),#14485);
#14481 = LINE('',#14482,#14483);
#14482 = CARTESIAN_POINT('',(0.,0.));
#14483 = VECTOR('',#14484,1.);
#14484 = DIRECTION('',(1.,0.));
#14485 = ( GEOMETRIC_REPRESENTATION_CONTEXT(2) 
PARAMETRIC_REPRESENTATION_CONTEXT() REPRESENTATION_CONTEXT('2D SPACE',''
  ) );
#14486 = ORIENTED_EDGE('',*,*,#13371,.F.);
#14487 = ORIENTED_EDGE('',*,*,#13399,.F.);
#14488 = ORIENTED_EDGE('',*,*,#13422,.F.);
#14489 = ORIENTED_EDGE('',*,*,#14415,.T.);
#14490 = ORIENTED_EDGE('',*,*,#14491,.T.);
#14491 = EDGE_CURVE('',#14416,#14465,#14492,.T.);
#14492 = SURFACE_CURVE('',#14493,(#14497,#14504),.PCURVE_S1.);
#14493 = LINE('',#14494,#14495);
#14494 = CARTESIAN_POINT('',(6.,38.5,-150.));
#14495 = VECTOR('',#14496,1.);
#14496 = DIRECTION('',(-1.,0.,0.));
#14497 = PCURVE('',#13387,#14498);
#14498 = DEFINITIONAL_REPRESENTATION('',(#14499),#14503);
#14499 = LINE('',#14500,#14501);
#14500 = CARTESIAN_POINT('',(-6.,-0.75));
#14501 = VECTOR('',#14502,1.);
#14502 = DIRECTION('',(1.,0.));
#14503 = ( GEOMETRIC_REPRESENTATION_CONTEXT(2) 
PARAMETRIC_REPRESENTATION_CONTEXT() REPRESENTATION_CONTEXT('2D SPACE',''
  ) );
#14504 = PCURVE('',#14198,#14505);
#14505 = DEFINITIONAL_REPRESENTATION('',(#14506),#14510);
#14506 = LINE('',#14507,#14508);
#14507 = CARTESIAN_POINT('',(0.,-0.));
#14508 = VECTOR('',#14509,1.);
#14509 = DIRECTION('',(1.,0.));
#14510 = ( GEOMETRIC_REPRESENTATION_CONTEXT(2) 
PARAMETRIC_REPRESENTATION_CONTEXT() REPRESENTATION_CONTEXT('2D SPACE',''
  ) );
#14511 = ADVANCED_FACE('',(#14512),#13511,.F.);
#14512 = FACE_BOUND('',#14513,.F.);
#14513 = EDGE_LOOP('',(#14514,#14515,#14538,#14560));
#14514 = ORIENTED_EDGE('',*,*,#14229,.F.);
#14515 = ORIENTED_EDGE('',*,*,#14516,.F.);
#14516 = EDGE_CURVE('',#14517,#14021,#14519,.T.);
#14517 = VERTEX_POINT('',#14518);
#14518 = CARTESIAN_POINT('',(-32.77499074759,19.5,-150.));
#14519 = SURFACE_CURVE('',#14520,(#14524,#14531),.PCURVE_S1.);
#14520 = LINE('',#14521,#14522);
#14521 = CARTESIAN_POINT('',(-32.77499074759,19.5,-150.));
#14522 = VECTOR('',#14523,1.);
#14523 = DIRECTION('',(0.,0.,1.));
#14524 = PCURVE('',#13511,#14525);
#14525 = DEFINITIONAL_REPRESENTATION('',(#14526),#14530);
#14526 = LINE('',#14527,#14528);
#14527 = CARTESIAN_POINT('',(0.,-0.));
#14528 = VECTOR('',#14529,1.);
#14529 = DIRECTION('',(0.,1.));
#14530 = ( GEOMETRIC_REPRESENTATION_CONTEXT(2) 
PARAMETRIC_REPRESENTATION_CONTEXT() REPRESENTATION_CONTEXT('2D SPACE',''
  ) );
#14531 = PCURVE('',#13824,#14532);
#14532 = DEFINITIONAL_REPRESENTATION('',(#14533),#14537);
#14533 = LINE('',#14534,#14535);
#14534 = CARTESIAN_POINT('',(6.28318530718,-0.));
#14535 = VECTOR('',#14536,1.);
#14536 = DIRECTION('',(0.,1.));
#14537 = ( GEOMETRIC_REPRESENTATION_CONTEXT(2) 
PARAMETRIC_REPRESENTATION_CONTEXT() REPRESENTATION_CONTEXT('2D SPACE',''
  ) );
#14538 = ORIENTED_EDGE('',*,*,#14539,.T.);
#14539 = EDGE_CURVE('',#14517,#11505,#14540,.T.);
#14540 = SURFACE_CURVE('',#14541,(#14546,#14553),.PCURVE_S1.);
#14541 = CIRCLE('',#14542,1.);
#14542 = AXIS2_PLACEMENT_3D('',#14543,#14544,#14545);
#14543 = CARTESIAN_POINT('',(-33.77499074759,19.5,-150.));
#14544 = DIRECTION('',(0.,0.,1.));
#14545 = DIRECTION('',(1.,0.,-0.));
#14546 = PCURVE('',#13511,#14547);
#14547 = DEFINITIONAL_REPRESENTATION('',(#14548),#14552);
#14548 = LINE('',#14549,#14550);
#14549 = CARTESIAN_POINT('',(0.,0.));
#14550 = VECTOR('',#14551,1.);
#14551 = DIRECTION('',(1.,0.));
#14552 = ( GEOMETRIC_REPRESENTATION_CONTEXT(2) 
PARAMETRIC_REPRESENTATION_CONTEXT() REPRESENTATION_CONTEXT('2D SPACE',''
  ) );
#14553 = PCURVE('',#13542,#14554);
#14554 = DEFINITIONAL_REPRESENTATION('',(#14555),#14559);
#14555 = CIRCLE('',#14556,1.);
#14556 = AXIS2_PLACEMENT_2D('',#14557,#14558);
#14557 = CARTESIAN_POINT('',(0.,0.));
#14558 = DIRECTION('',(1.,0.));
#14559 = ( GEOMETRIC_REPRESENTATION_CONTEXT(2) 
PARAMETRIC_REPRESENTATION_CONTEXT() REPRESENTATION_CONTEXT('2D SPACE',''
  ) );
#14560 = ORIENTED_EDGE('',*,*,#13498,.T.);
#14561 = ADVANCED_FACE('',(#14562),#13464,.F.);
#14562 = FACE_BOUND('',#14563,.F.);
#14563 = EDGE_LOOP('',(#14564,#14565,#14586,#14587));
#14564 = ORIENTED_EDGE('',*,*,#14464,.F.);
#14565 = ORIENTED_EDGE('',*,*,#14566,.T.);
#14566 = EDGE_CURVE('',#14465,#14184,#14567,.T.);
#14567 = SURFACE_CURVE('',#14568,(#14572,#14579),.PCURVE_S1.);
#14568 = LINE('',#14569,#14570);
#14569 = CARTESIAN_POINT('',(-6.,38.5,-150.));
#14570 = VECTOR('',#14571,1.);
#14571 = DIRECTION('',(0.,0.,1.));
#14572 = PCURVE('',#13464,#14573);
#14573 = DEFINITIONAL_REPRESENTATION('',(#14574),#14578);
#14574 = LINE('',#14575,#14576);
#14575 = CARTESIAN_POINT('',(0.,0.));
#14576 = VECTOR('',#14577,1.);
#14577 = DIRECTION('',(0.,-1.));
#14578 = ( GEOMETRIC_REPRESENTATION_CONTEXT(2) 
PARAMETRIC_REPRESENTATION_CONTEXT() REPRESENTATION_CONTEXT('2D SPACE',''
  ) );
#14579 = PCURVE('',#14198,#14580);
#14580 = DEFINITIONAL_REPRESENTATION('',(#14581),#14585);
#14581 = LINE('',#14582,#14583);
#14582 = CARTESIAN_POINT('',(12.,0.));
#14583 = VECTOR('',#14584,1.);
#14584 = DIRECTION('',(0.,-1.));
#14585 = ( GEOMETRIC_REPRESENTATION_CONTEXT(2) 
PARAMETRIC_REPRESENTATION_CONTEXT() REPRESENTATION_CONTEXT('2D SPACE',''
  ) );
#14586 = ORIENTED_EDGE('',*,*,#14209,.F.);
#14587 = ORIENTED_EDGE('',*,*,#13449,.T.);
#14588 = ADVANCED_FACE('',(#14589),#13542,.T.);
#14589 = FACE_BOUND('',#14590,.T.);
#14590 = EDGE_LOOP('',(#14591,#14613,#14614,#14615,#14616,#14617,#14618,
    #14619,#14620,#14621,#14622,#14623,#14624,#14625));
#14591 = ORIENTED_EDGE('',*,*,#14592,.T.);
#14592 = EDGE_CURVE('',#11477,#14517,#14593,.T.);
#14593 = SURFACE_CURVE('',#14594,(#14599,#14606),.PCURVE_S1.);
#14594 = CIRCLE('',#14595,1.);
#14595 = AXIS2_PLACEMENT_3D('',#14596,#14597,#14598);
#14596 = CARTESIAN_POINT('',(-33.77499074759,19.5,-150.));
#14597 = DIRECTION('',(0.,0.,1.));
#14598 = DIRECTION('',(1.,0.,-0.));
#14599 = PCURVE('',#13542,#14600);
#14600 = DEFINITIONAL_REPRESENTATION('',(#14601),#14605);
#14601 = CIRCLE('',#14602,1.);
#14602 = AXIS2_PLACEMENT_2D('',#14603,#14604);
#14603 = CARTESIAN_POINT('',(0.,0.));
#14604 = DIRECTION('',(1.,0.));
#14605 = ( GEOMETRIC_REPRESENTATION_CONTEXT(2) 
PARAMETRIC_REPRESENTATION_CONTEXT() REPRESENTATION_CONTEXT('2D SPACE',''
  ) );
#14606 = PCURVE('',#13824,#14607);
#14607 = DEFINITIONAL_REPRESENTATION('',(#14608),#14612);
#14608 = LINE('',#14609,#14610);
#14609 = CARTESIAN_POINT('',(0.,0.));
#14610 = VECTOR('',#14611,1.);
#14611 = DIRECTION('',(1.,0.));
#14612 = ( GEOMETRIC_REPRESENTATION_CONTEXT(2) 
PARAMETRIC_REPRESENTATION_CONTEXT() REPRESENTATION_CONTEXT('2D SPACE',''
  ) );
#14613 = ORIENTED_EDGE('',*,*,#14539,.T.);
#14614 = ORIENTED_EDGE('',*,*,#13784,.T.);
#14615 = ORIENTED_EDGE('',*,*,#13761,.T.);
#14616 = ORIENTED_EDGE('',*,*,#13738,.T.);
#14617 = ORIENTED_EDGE('',*,*,#13715,.T.);
#14618 = ORIENTED_EDGE('',*,*,#13692,.T.);
#14619 = ORIENTED_EDGE('',*,*,#13669,.T.);
#14620 = ORIENTED_EDGE('',*,*,#13646,.T.);
#14621 = ORIENTED_EDGE('',*,*,#13623,.T.);
#14622 = ORIENTED_EDGE('',*,*,#13600,.T.);
#14623 = ORIENTED_EDGE('',*,*,#13577,.T.);
#14624 = ORIENTED_EDGE('',*,*,#13554,.T.);
#14625 = ORIENTED_EDGE('',*,*,#13526,.T.);
#14626 = ADVANCED_FACE('',(#14627),#13871,.F.);
#14627 = FACE_BOUND('',#14628,.F.);
#14628 = EDGE_LOOP('',(#14629,#14630,#14631,#14632));
#14629 = ORIENTED_EDGE('',*,*,#14045,.F.);
#14630 = ORIENTED_EDGE('',*,*,#14254,.F.);
#14631 = ORIENTED_EDGE('',*,*,#13909,.T.);
#14632 = ORIENTED_EDGE('',*,*,#13858,.T.);
#14633 = ADVANCED_FACE('',(#14634),#13824,.F.);
#14634 = FACE_BOUND('',#14635,.F.);
#14635 = EDGE_LOOP('',(#14636,#14637,#14638,#14639));
#14636 = ORIENTED_EDGE('',*,*,#14516,.T.);
#14637 = ORIENTED_EDGE('',*,*,#14020,.F.);
#14638 = ORIENTED_EDGE('',*,*,#13809,.F.);
#14639 = ORIENTED_EDGE('',*,*,#14592,.T.);
#14640 = ADVANCED_FACE('',(#14641),#14198,.F.);
#14641 = FACE_BOUND('',#14642,.F.);
#14642 = EDGE_LOOP('',(#14643,#14644,#14645,#14646));
#14643 = ORIENTED_EDGE('',*,*,#14491,.F.);
#14644 = ORIENTED_EDGE('',*,*,#14440,.T.);
#14645 = ORIENTED_EDGE('',*,*,#14183,.F.);
#14646 = ORIENTED_EDGE('',*,*,#14566,.F.);
#14647 = ( GEOMETRIC_REPRESENTATION_CONTEXT(3) 
GLOBAL_UNCERTAINTY_ASSIGNED_CONTEXT((#14651)) 
GLOBAL_UNIT_ASSIGNED_CONTEXT((#14648,#14649,#14650)) 
REPRESENTATION_CONTEXT('Context #1',
  '3D Context with UNIT and UNCERTAINTY') );
#14648 = ( LENGTH_UNIT() NAMED_UNIT(*) SI_UNIT(.MILLI.,.METRE.) );
#14649 = ( NAMED_UNIT(*) PLANE_ANGLE_UNIT() SI_UNIT($,.RADIAN.) );
#14650 = ( NAMED_UNIT(*) SI_UNIT($,.STERADIAN.) SOLID_ANGLE_UNIT() );
#14651 = UNCERTAINTY_MEASURE_WITH_UNIT(LENGTH_MEASURE(1.E-07),#14648,
  'distance_accuracy_value','confusion accuracy');
#14652 = SHAPE_DEFINITION_REPRESENTATION(#14653,#11347);
#14653 = PRODUCT_DEFINITION_SHAPE('','',#14654);
#14654 = PRODUCT_DEFINITION('design','',#14655,#14658);
#14655 = PRODUCT_DEFINITION_FORMATION('','',#14656);
#14656 = PRODUCT('Open CASCADE STEP translator 7.5 2.7.1',
  'Open CASCADE STEP translator 7.5 2.7.1','',(#14657));
#14657 = PRODUCT_CONTEXT('',#2,'mechanical');
#14658 = PRODUCT_DEFINITION_CONTEXT('part definition',#2,'design');
#14659 = CONTEXT_DEPENDENT_SHAPE_REPRESENTATION(#14660,#14662);
#14660 = ( REPRESENTATION_RELATIONSHIP('','',#11347,#11333) 
REPRESENTATION_RELATIONSHIP_WITH_TRANSFORMATION(#14661) 
SHAPE_REPRESENTATION_RELATIONSHIP() );
#14661 = ITEM_DEFINED_TRANSFORMATION('','',#11,#11334);
#14662 = PRODUCT_DEFINITION_SHAPE('Placement','Placement of an item',
  #14663);
#14663 = NEXT_ASSEMBLY_USAGE_OCCURRENCE('27','','',#11328,#14654,$);
#14664 = PRODUCT_RELATED_PRODUCT_CATEGORY('part',$,(#14656));
#14665 = ADVANCED_BREP_SHAPE_REPRESENTATION('',(#11,#14666),#17965);
#14666 = MANIFOLD_SOLID_BREP('',#14667);
#14667 = CLOSED_SHELL('',(#14668,#14756,#14760,#15201,#15507,#15589,
    #15872,#15949,#16256,#16328,#16612,#16684,#16762,#16839,#17122,
    #17199,#17261,#17518,#17568,#17595,#17633,#17661,#17668,#17685,
    #17713,#17729,#17778,#17829,#17879,#17906,#17944,#17951,#17958));
#14668 = ADVANCED_FACE('',(#14669),#14682,.T.);
#14669 = FACE_BOUND('',#14670,.T.);
#14670 = EDGE_LOOP('',(#14671,#14705,#14728,#14755));
#14671 = ORIENTED_EDGE('',*,*,#14672,.F.);
#14672 = EDGE_CURVE('',#14673,#14673,#14675,.T.);
#14673 = VERTEX_POINT('',#14674);
#14674 = CARTESIAN_POINT('',(46.,-1.126675055216E-14,158.));
#14675 = SURFACE_CURVE('',#14676,(#14681,#14693),.PCURVE_S1.);
#14676 = CIRCLE('',#14677,46.);
#14677 = AXIS2_PLACEMENT_3D('',#14678,#14679,#14680);
#14678 = CARTESIAN_POINT('',(0.,0.,158.));
#14679 = DIRECTION('',(0.,0.,1.));
#14680 = DIRECTION('',(1.,0.,-0.));
#14681 = PCURVE('',#14682,#14687);
#14682 = CYLINDRICAL_SURFACE('',#14683,46.);
#14683 = AXIS2_PLACEMENT_3D('',#14684,#14685,#14686);
#14684 = CARTESIAN_POINT('',(0.,0.,150.));
#14685 = DIRECTION('',(0.,0.,1.));
#14686 = DIRECTION('',(1.,0.,-0.));
#14687 = DEFINITIONAL_REPRESENTATION('',(#14688),#14692);
#14688 = LINE('',#14689,#14690);
#14689 = CARTESIAN_POINT('',(0.,8.));
#14690 = VECTOR('',#14691,1.);
#14691 = DIRECTION('',(1.,0.));
#14692 = ( GEOMETRIC_REPRESENTATION_CONTEXT(2) 
PARAMETRIC_REPRESENTATION_CONTEXT() REPRESENTATION_CONTEXT('2D SPACE',''
  ) );
#14693 = PCURVE('',#14694,#14699);
#14694 = PLANE('',#14695);
#14695 = AXIS2_PLACEMENT_3D('',#14696,#14697,#14698);
#14696 = CARTESIAN_POINT('',(0.,0.,158.));
#14697 = DIRECTION('',(0.,0.,1.));
#14698 = DIRECTION('',(1.,0.,-0.));
#14699 = DEFINITIONAL_REPRESENTATION('',(#14700),#14704);
#14700 = CIRCLE('',#14701,46.);
#14701 = AXIS2_PLACEMENT_2D('',#14702,#14703);
#14702 = CARTESIAN_POINT('',(0.,0.));
#14703 = DIRECTION('',(1.,0.));
#14704 = ( GEOMETRIC_REPRESENTATION_CONTEXT(2) 
PARAMETRIC_REPRESENTATION_CONTEXT() REPRESENTATION_CONTEXT('2D SPACE',''
  ) );
#14705 = ORIENTED_EDGE('',*,*,#14706,.F.);
#14706 = EDGE_CURVE('',#14707,#14673,#14709,.T.);
#14707 = VERTEX_POINT('',#14708);
#14708 = CARTESIAN_POINT('',(46.,-1.126675055216E-14,150.));
#14709 = SEAM_CURVE('',#14710,(#14714,#14721),.PCURVE_S1.);
#14710 = LINE('',#14711,#14712);
#14711 = CARTESIAN_POINT('',(46.,-1.126675055216E-14,150.));
#14712 = VECTOR('',#14713,1.);
#14713 = DIRECTION('',(0.,0.,1.));
#14714 = PCURVE('',#14682,#14715);
#14715 = DEFINITIONAL_REPRESENTATION('',(#14716),#14720);
#14716 = LINE('',#14717,#14718);
#14717 = CARTESIAN_POINT('',(6.28318530718,-0.));
#14718 = VECTOR('',#14719,1.);
#14719 = DIRECTION('',(0.,1.));
#14720 = ( GEOMETRIC_REPRESENTATION_CONTEXT(2) 
PARAMETRIC_REPRESENTATION_CONTEXT() REPRESENTATION_CONTEXT('2D SPACE',''
  ) );
#14721 = PCURVE('',#14682,#14722);
#14722 = DEFINITIONAL_REPRESENTATION('',(#14723),#14727);
#14723 = LINE('',#14724,#14725);
#14724 = CARTESIAN_POINT('',(0.,-0.));
#14725 = VECTOR('',#14726,1.);
#14726 = DIRECTION('',(0.,1.));
#14727 = ( GEOMETRIC_REPRESENTATION_CONTEXT(2) 
PARAMETRIC_REPRESENTATION_CONTEXT() REPRESENTATION_CONTEXT('2D SPACE',''
  ) );
#14728 = ORIENTED_EDGE('',*,*,#14729,.T.);
#14729 = EDGE_CURVE('',#14707,#14707,#14730,.T.);
#14730 = SURFACE_CURVE('',#14731,(#14736,#14743),.PCURVE_S1.);
#14731 = CIRCLE('',#14732,46.);
#14732 = AXIS2_PLACEMENT_3D('',#14733,#14734,#14735);
#14733 = CARTESIAN_POINT('',(0.,0.,150.));
#14734 = DIRECTION('',(0.,0.,1.));
#14735 = DIRECTION('',(1.,0.,-0.));
#14736 = PCURVE('',#14682,#14737);
#14737 = DEFINITIONAL_REPRESENTATION('',(#14738),#14742);
#14738 = LINE('',#14739,#14740);
#14739 = CARTESIAN_POINT('',(0.,0.));
#14740 = VECTOR('',#14741,1.);
#14741 = DIRECTION('',(1.,0.));
#14742 = ( GEOMETRIC_REPRESENTATION_CONTEXT(2) 
PARAMETRIC_REPRESENTATION_CONTEXT() REPRESENTATION_CONTEXT('2D SPACE',''
  ) );
#14743 = PCURVE('',#14744,#14749);
#14744 = PLANE('',#14745);
#14745 = AXIS2_PLACEMENT_3D('',#14746,#14747,#14748);
#14746 = CARTESIAN_POINT('',(0.,0.,150.));
#14747 = DIRECTION('',(0.,0.,1.));
#14748 = DIRECTION('',(1.,0.,-0.));
#14749 = DEFINITIONAL_REPRESENTATION('',(#14750),#14754);
#14750 = CIRCLE('',#14751,46.);
#14751 = AXIS2_PLACEMENT_2D('',#14752,#14753);
#14752 = CARTESIAN_POINT('',(0.,0.));
#14753 = DIRECTION('',(1.,0.));
#14754 = ( GEOMETRIC_REPRESENTATION_CONTEXT(2) 
PARAMETRIC_REPRESENTATION_CONTEXT() REPRESENTATION_CONTEXT('2D SPACE',''
  ) );
#14755 = ORIENTED_EDGE('',*,*,#14706,.T.);
#14756 = ADVANCED_FACE('',(#14757),#14694,.T.);
#14757 = FACE_BOUND('',#14758,.T.);
#14758 = EDGE_LOOP('',(#14759));
#14759 = ORIENTED_EDGE('',*,*,#14672,.T.);
#14760 = ADVANCED_FACE('',(#14761,#14764),#14744,.F.);
#14761 = FACE_BOUND('',#14762,.F.);
#14762 = EDGE_LOOP('',(#14763));
#14763 = ORIENTED_EDGE('',*,*,#14729,.T.);
#14764 = FACE_BOUND('',#14765,.F.);
#14765 = EDGE_LOOP('',(#14766,#14797,#14825,#14854,#14882,#14910,#14933,
    #14956,#14984,#15013,#15037,#15065,#15094,#15118,#15146,#15175));
#14766 = ORIENTED_EDGE('',*,*,#14767,.F.);
#14767 = EDGE_CURVE('',#14768,#14770,#14772,.T.);
#14768 = VERTEX_POINT('',#14769);
#14769 = CARTESIAN_POINT('',(-34.674990748,-19.06411010648,150.));
#14770 = VERTEX_POINT('',#14771);
#14771 = CARTESIAN_POINT('',(-33.84627543229,-20.49745601092,150.));
#14772 = SURFACE_CURVE('',#14773,(#14778,#14785),.PCURVE_S1.);
#14773 = CIRCLE('',#14774,1.);
#14774 = AXIS2_PLACEMENT_3D('',#14775,#14776,#14777);
#14775 = CARTESIAN_POINT('',(-33.77499074759,-19.5,150.));
#14776 = DIRECTION('',(0.,0.,1.));
#14777 = DIRECTION('',(1.,0.,-0.));
#14778 = PCURVE('',#14744,#14779);
#14779 = DEFINITIONAL_REPRESENTATION('',(#14780),#14784);
#14780 = CIRCLE('',#14781,1.);
#14781 = AXIS2_PLACEMENT_2D('',#14782,#14783);
#14782 = CARTESIAN_POINT('',(-33.77499074759,-19.5));
#14783 = DIRECTION('',(1.,0.));
#14784 = ( GEOMETRIC_REPRESENTATION_CONTEXT(2) 
PARAMETRIC_REPRESENTATION_CONTEXT() REPRESENTATION_CONTEXT('2D SPACE',''
  ) );
#14785 = PCURVE('',#14786,#14791);
#14786 = PLANE('',#14787);
#14787 = AXIS2_PLACEMENT_3D('',#14788,#14789,#14790);
#14788 = CARTESIAN_POINT('',(0.,0.,150.));
#14789 = DIRECTION('',(0.,0.,1.));
#14790 = DIRECTION('',(1.,0.,-0.));
#14791 = DEFINITIONAL_REPRESENTATION('',(#14792),#14796);
#14792 = CIRCLE('',#14793,1.);
#14793 = AXIS2_PLACEMENT_2D('',#14794,#14795);
#14794 = CARTESIAN_POINT('',(-33.77499074759,-19.5));
#14795 = DIRECTION('',(1.,0.));
#14796 = ( GEOMETRIC_REPRESENTATION_CONTEXT(2) 
PARAMETRIC_REPRESENTATION_CONTEXT() REPRESENTATION_CONTEXT('2D SPACE',''
  ) );
#14797 = ORIENTED_EDGE('',*,*,#14798,.F.);
#14798 = EDGE_CURVE('',#14799,#14768,#14801,.T.);
#14799 = VERTEX_POINT('',#14800);
#14800 = CARTESIAN_POINT('',(-34.674990748,19.064110106486,150.));
#14801 = SURFACE_CURVE('',#14802,(#14806,#14813),.PCURVE_S1.);
#14802 = LINE('',#14803,#14804);
#14803 = CARTESIAN_POINT('',(-34.674990748,19.497545137439,150.));
#14804 = VECTOR('',#14805,1.);
#14805 = DIRECTION('',(0.,-1.,0.));
#14806 = PCURVE('',#14744,#14807);
#14807 = DEFINITIONAL_REPRESENTATION('',(#14808),#14812);
#14808 = LINE('',#14809,#14810);
#14809 = CARTESIAN_POINT('',(-34.674990748,19.497545137439));
#14810 = VECTOR('',#14811,1.);
#14811 = DIRECTION('',(0.,-1.));
#14812 = ( GEOMETRIC_REPRESENTATION_CONTEXT(2) 
PARAMETRIC_REPRESENTATION_CONTEXT() REPRESENTATION_CONTEXT('2D SPACE',''
  ) );
#14813 = PCURVE('',#14814,#14819);
#14814 = PLANE('',#14815);
#14815 = AXIS2_PLACEMENT_3D('',#14816,#14817,#14818);
#14816 = CARTESIAN_POINT('',(-34.674990748,19.497545137439,135.));
#14817 = DIRECTION('',(1.,0.,-0.));
#14818 = DIRECTION('',(0.,-1.,0.));
#14819 = DEFINITIONAL_REPRESENTATION('',(#14820),#14824);
#14820 = LINE('',#14821,#14822);
#14821 = CARTESIAN_POINT('',(0.,-15.));
#14822 = VECTOR('',#14823,1.);
#14823 = DIRECTION('',(1.,0.));
#14824 = ( GEOMETRIC_REPRESENTATION_CONTEXT(2) 
PARAMETRIC_REPRESENTATION_CONTEXT() REPRESENTATION_CONTEXT('2D SPACE',''
  ) );
#14825 = ORIENTED_EDGE('',*,*,#14826,.F.);
#14826 = EDGE_CURVE('',#14827,#14799,#14829,.T.);
#14827 = VERTEX_POINT('',#14828);
#14828 = CARTESIAN_POINT('',(-33.92983215395,20.487939339674,150.));
#14829 = SURFACE_CURVE('',#14830,(#14835,#14842),.PCURVE_S1.);
#14830 = CIRCLE('',#14831,1.);
#14831 = AXIS2_PLACEMENT_3D('',#14832,#14833,#14834);
#14832 = CARTESIAN_POINT('',(-33.77499074759,19.5,150.));
#14833 = DIRECTION('',(0.,0.,1.));
#14834 = DIRECTION('',(1.,0.,-0.));
#14835 = PCURVE('',#14744,#14836);
#14836 = DEFINITIONAL_REPRESENTATION('',(#14837),#14841);
#14837 = CIRCLE('',#14838,1.);
#14838 = AXIS2_PLACEMENT_2D('',#14839,#14840);
#14839 = CARTESIAN_POINT('',(-33.77499074759,19.5));
#14840 = DIRECTION('',(1.,0.));
#14841 = ( GEOMETRIC_REPRESENTATION_CONTEXT(2) 
PARAMETRIC_REPRESENTATION_CONTEXT() REPRESENTATION_CONTEXT('2D SPACE',''
  ) );
#14842 = PCURVE('',#14843,#14848);
#14843 = PLANE('',#14844);
#14844 = AXIS2_PLACEMENT_3D('',#14845,#14846,#14847);
#14845 = CARTESIAN_POINT('',(0.,0.,150.));
#14846 = DIRECTION('',(0.,0.,1.));
#14847 = DIRECTION('',(1.,0.,-0.));
#14848 = DEFINITIONAL_REPRESENTATION('',(#14849),#14853);
#14849 = CIRCLE('',#14850,1.);
#14850 = AXIS2_PLACEMENT_2D('',#14851,#14852);
#14851 = CARTESIAN_POINT('',(-33.77499074759,19.5));
#14852 = DIRECTION('',(1.,0.));
#14853 = ( GEOMETRIC_REPRESENTATION_CONTEXT(2) 
PARAMETRIC_REPRESENTATION_CONTEXT() REPRESENTATION_CONTEXT('2D SPACE',''
  ) );
#14854 = ORIENTED_EDGE('',*,*,#14855,.F.);
#14855 = EDGE_CURVE('',#14856,#14827,#14858,.T.);
#14856 = VERTEX_POINT('',#14857);
#14857 = CARTESIAN_POINT('',(-6.,39.878263195958,150.));
#14858 = SURFACE_CURVE('',#14859,(#14863,#14870),.PCURVE_S1.);
#14859 = LINE('',#14860,#14861);
#14860 = CARTESIAN_POINT('',(-5.968690296616,39.9,150.));
#14861 = VECTOR('',#14862,1.);
#14862 = DIRECTION('',(-0.821444268946,-0.570288797905,0.));
#14863 = PCURVE('',#14744,#14864);
#14864 = DEFINITIONAL_REPRESENTATION('',(#14865),#14869);
#14865 = LINE('',#14866,#14867);
#14866 = CARTESIAN_POINT('',(-5.968690296616,39.9));
#14867 = VECTOR('',#14868,1.);
#14868 = DIRECTION('',(-0.821444268946,-0.570288797905));
#14869 = ( GEOMETRIC_REPRESENTATION_CONTEXT(2) 
PARAMETRIC_REPRESENTATION_CONTEXT() REPRESENTATION_CONTEXT('2D SPACE',''
  ) );
#14870 = PCURVE('',#14871,#14876);
#14871 = PLANE('',#14872);
#14872 = AXIS2_PLACEMENT_3D('',#14873,#14874,#14875);
#14873 = CARTESIAN_POINT('',(-5.968690296616,39.9,135.));
#14874 = DIRECTION('',(0.570288797905,-0.821444268946,0.));
#14875 = DIRECTION('',(-0.821444268946,-0.570288797905,0.));
#14876 = DEFINITIONAL_REPRESENTATION('',(#14877),#14881);
#14877 = LINE('',#14878,#14879);
#14878 = CARTESIAN_POINT('',(0.,-15.));
#14879 = VECTOR('',#14880,1.);
#14880 = DIRECTION('',(1.,0.));
#14881 = ( GEOMETRIC_REPRESENTATION_CONTEXT(2) 
PARAMETRIC_REPRESENTATION_CONTEXT() REPRESENTATION_CONTEXT('2D SPACE',''
  ) );
#14882 = ORIENTED_EDGE('',*,*,#14883,.T.);
#14883 = EDGE_CURVE('',#14856,#14884,#14886,.T.);
#14884 = VERTEX_POINT('',#14885);
#14885 = CARTESIAN_POINT('',(-6.,40.,150.));
#14886 = SURFACE_CURVE('',#14887,(#14891,#14898),.PCURVE_S1.);
#14887 = LINE('',#14888,#14889);
#14888 = CARTESIAN_POINT('',(-6.,38.5,150.));
#14889 = VECTOR('',#14890,1.);
#14890 = DIRECTION('',(0.,1.,0.));
#14891 = PCURVE('',#14744,#14892);
#14892 = DEFINITIONAL_REPRESENTATION('',(#14893),#14897);
#14893 = LINE('',#14894,#14895);
#14894 = CARTESIAN_POINT('',(-6.,38.5));
#14895 = VECTOR('',#14896,1.);
#14896 = DIRECTION('',(0.,1.));
#14897 = ( GEOMETRIC_REPRESENTATION_CONTEXT(2) 
PARAMETRIC_REPRESENTATION_CONTEXT() REPRESENTATION_CONTEXT('2D SPACE',''
  ) );
#14898 = PCURVE('',#14899,#14904);
#14899 = PLANE('',#14900);
#14900 = AXIS2_PLACEMENT_3D('',#14901,#14902,#14903);
#14901 = CARTESIAN_POINT('',(0.,0.,150.));
#14902 = DIRECTION('',(0.,0.,1.));
#14903 = DIRECTION('',(1.,0.,-0.));
#14904 = DEFINITIONAL_REPRESENTATION('',(#14905),#14909);
#14905 = LINE('',#14906,#14907);
#14906 = CARTESIAN_POINT('',(-6.,38.5));
#14907 = VECTOR('',#14908,1.);
#14908 = DIRECTION('',(0.,1.));
#14909 = ( GEOMETRIC_REPRESENTATION_CONTEXT(2) 
PARAMETRIC_REPRESENTATION_CONTEXT() REPRESENTATION_CONTEXT('2D SPACE',''
  ) );
#14910 = ORIENTED_EDGE('',*,*,#14911,.T.);
#14911 = EDGE_CURVE('',#14884,#14912,#14914,.T.);
#14912 = VERTEX_POINT('',#14913);
#14913 = CARTESIAN_POINT('',(6.,40.,150.));
#14914 = SURFACE_CURVE('',#14915,(#14919,#14926),.PCURVE_S1.);
#14915 = LINE('',#14916,#14917);
#14916 = CARTESIAN_POINT('',(-6.,40.,150.));
#14917 = VECTOR('',#14918,1.);
#14918 = DIRECTION('',(1.,0.,0.));
#14919 = PCURVE('',#14744,#14920);
#14920 = DEFINITIONAL_REPRESENTATION('',(#14921),#14925);
#14921 = LINE('',#14922,#14923);
#14922 = CARTESIAN_POINT('',(-6.,40.));
#14923 = VECTOR('',#14924,1.);
#14924 = DIRECTION('',(1.,0.));
#14925 = ( GEOMETRIC_REPRESENTATION_CONTEXT(2) 
PARAMETRIC_REPRESENTATION_CONTEXT() REPRESENTATION_CONTEXT('2D SPACE',''
  ) );
#14926 = PCURVE('',#14899,#14927);
#14927 = DEFINITIONAL_REPRESENTATION('',(#14928),#14932);
#14928 = LINE('',#14929,#14930);
#14929 = CARTESIAN_POINT('',(-6.,40.));
#14930 = VECTOR('',#14931,1.);
#14931 = DIRECTION('',(1.,0.));
#14932 = ( GEOMETRIC_REPRESENTATION_CONTEXT(2) 
PARAMETRIC_REPRESENTATION_CONTEXT() REPRESENTATION_CONTEXT('2D SPACE',''
  ) );
#14933 = ORIENTED_EDGE('',*,*,#14934,.T.);
#14934 = EDGE_CURVE('',#14912,#14935,#14937,.T.);
#14935 = VERTEX_POINT('',#14936);
#14936 = CARTESIAN_POINT('',(6.,39.878263195958,150.));
#14937 = SURFACE_CURVE('',#14938,(#14942,#14949),.PCURVE_S1.);
#14938 = LINE('',#14939,#14940);
#14939 = CARTESIAN_POINT('',(6.,40.,150.));
#14940 = VECTOR('',#14941,1.);
#14941 = DIRECTION('',(0.,-1.,0.));
#14942 = PCURVE('',#14744,#14943);
#14943 = DEFINITIONAL_REPRESENTATION('',(#14944),#14948);
#14944 = LINE('',#14945,#14946);
#14945 = CARTESIAN_POINT('',(6.,40.));
#14946 = VECTOR('',#14947,1.);
#14947 = DIRECTION('',(0.,-1.));
#14948 = ( GEOMETRIC_REPRESENTATION_CONTEXT(2) 
PARAMETRIC_REPRESENTATION_CONTEXT() REPRESENTATION_CONTEXT('2D SPACE',''
  ) );
#14949 = PCURVE('',#14899,#14950);
#14950 = DEFINITIONAL_REPRESENTATION('',(#14951),#14955);
#14951 = LINE('',#14952,#14953);
#14952 = CARTESIAN_POINT('',(6.,40.));
#14953 = VECTOR('',#14954,1.);
#14954 = DIRECTION('',(0.,-1.));
#14955 = ( GEOMETRIC_REPRESENTATION_CONTEXT(2) 
PARAMETRIC_REPRESENTATION_CONTEXT() REPRESENTATION_CONTEXT('2D SPACE',''
  ) );
#14956 = ORIENTED_EDGE('',*,*,#14957,.F.);
#14957 = EDGE_CURVE('',#14958,#14935,#14960,.T.);
#14958 = VERTEX_POINT('',#14959);
#14959 = CARTESIAN_POINT('',(33.929832153954,20.487939339674,150.));
#14960 = SURFACE_CURVE('',#14961,(#14965,#14972),.PCURVE_S1.);
#14961 = LINE('',#14962,#14963);
#14962 = CARTESIAN_POINT('',(34.272247314161,20.250217150257,150.));
#14963 = VECTOR('',#14964,1.);
#14964 = DIRECTION('',(-0.821444268946,0.570288797905,0.));
#14965 = PCURVE('',#14744,#14966);
#14966 = DEFINITIONAL_REPRESENTATION('',(#14967),#14971);
#14967 = LINE('',#14968,#14969);
#14968 = CARTESIAN_POINT('',(34.272247314161,20.250217150257));
#14969 = VECTOR('',#14970,1.);
#14970 = DIRECTION('',(-0.821444268946,0.570288797905));
#14971 = ( GEOMETRIC_REPRESENTATION_CONTEXT(2) 
PARAMETRIC_REPRESENTATION_CONTEXT() REPRESENTATION_CONTEXT('2D SPACE',''
  ) );
#14972 = PCURVE('',#14973,#14978);
#14973 = PLANE('',#14974);
#14974 = AXIS2_PLACEMENT_3D('',#14975,#14976,#14977);
#14975 = CARTESIAN_POINT('',(34.272247314161,20.250217150257,135.));
#14976 = DIRECTION('',(-0.570288797905,-0.821444268946,0.));
#14977 = DIRECTION('',(-0.821444268946,0.570288797905,0.));
#14978 = DEFINITIONAL_REPRESENTATION('',(#14979),#14983);
#14979 = LINE('',#14980,#14981);
#14980 = CARTESIAN_POINT('',(0.,-15.));
#14981 = VECTOR('',#14982,1.);
#14982 = DIRECTION('',(1.,0.));
#14983 = ( GEOMETRIC_REPRESENTATION_CONTEXT(2) 
PARAMETRIC_REPRESENTATION_CONTEXT() REPRESENTATION_CONTEXT('2D SPACE',''
  ) );
#14984 = ORIENTED_EDGE('',*,*,#14985,.F.);
#14985 = EDGE_CURVE('',#14986,#14958,#14988,.T.);
#14986 = VERTEX_POINT('',#14987);
#14987 = CARTESIAN_POINT('',(34.774990747593,19.5,150.));
#14988 = SURFACE_CURVE('',#14989,(#14994,#15001),.PCURVE_S1.);
#14989 = CIRCLE('',#14990,1.);
#14990 = AXIS2_PLACEMENT_3D('',#14991,#14992,#14993);
#14991 = CARTESIAN_POINT('',(33.774990747593,19.5,150.));
#14992 = DIRECTION('',(0.,0.,1.));
#14993 = DIRECTION('',(1.,0.,-0.));
#14994 = PCURVE('',#14744,#14995);
#14995 = DEFINITIONAL_REPRESENTATION('',(#14996),#15000);
#14996 = CIRCLE('',#14997,1.);
#14997 = AXIS2_PLACEMENT_2D('',#14998,#14999);
#14998 = CARTESIAN_POINT('',(33.774990747593,19.5));
#14999 = DIRECTION('',(1.,0.));
#15000 = ( GEOMETRIC_REPRESENTATION_CONTEXT(2) 
PARAMETRIC_REPRESENTATION_CONTEXT() REPRESENTATION_CONTEXT('2D SPACE',''
  ) );
#15001 = PCURVE('',#15002,#15007);
#15002 = PLANE('',#15003);
#15003 = AXIS2_PLACEMENT_3D('',#15004,#15005,#15006);
#15004 = CARTESIAN_POINT('',(0.,0.,150.));
#15005 = DIRECTION('',(0.,0.,1.));
#15006 = DIRECTION('',(1.,0.,-0.));
#15007 = DEFINITIONAL_REPRESENTATION('',(#15008),#15012);
#15008 = CIRCLE('',#15009,1.);
#15009 = AXIS2_PLACEMENT_2D('',#15010,#15011);
#15010 = CARTESIAN_POINT('',(33.774990747593,19.5));
#15011 = DIRECTION('',(1.,0.));
#15012 = ( GEOMETRIC_REPRESENTATION_CONTEXT(2) 
PARAMETRIC_REPRESENTATION_CONTEXT() REPRESENTATION_CONTEXT('2D SPACE',''
  ) );
#15013 = ORIENTED_EDGE('',*,*,#15014,.F.);
#15014 = EDGE_CURVE('',#15015,#14986,#15017,.T.);
#15015 = VERTEX_POINT('',#15016);
#15016 = CARTESIAN_POINT('',(34.674990748,19.064110106486,150.));
#15017 = SURFACE_CURVE('',#15018,(#15023,#15030),.PCURVE_S1.);
#15018 = CIRCLE('',#15019,1.);
#15019 = AXIS2_PLACEMENT_3D('',#15020,#15021,#15022);
#15020 = CARTESIAN_POINT('',(33.774990747593,19.5,150.));
#15021 = DIRECTION('',(0.,0.,1.));
#15022 = DIRECTION('',(1.,0.,-0.));
#15023 = PCURVE('',#14744,#15024);
#15024 = DEFINITIONAL_REPRESENTATION('',(#15025),#15029);
#15025 = CIRCLE('',#15026,1.);
#15026 = AXIS2_PLACEMENT_2D('',#15027,#15028);
#15027 = CARTESIAN_POINT('',(33.774990747593,19.5));
#15028 = DIRECTION('',(1.,0.));
#15029 = ( GEOMETRIC_REPRESENTATION_CONTEXT(2) 
PARAMETRIC_REPRESENTATION_CONTEXT() REPRESENTATION_CONTEXT('2D SPACE',''
  ) );
#15030 = PCURVE('',#15002,#15031);
#15031 = DEFINITIONAL_REPRESENTATION('',(#15032),#15036);
#15032 = CIRCLE('',#15033,1.);
#15033 = AXIS2_PLACEMENT_2D('',#15034,#15035);
#15034 = CARTESIAN_POINT('',(33.774990747593,19.5));
#15035 = DIRECTION('',(1.,0.));
#15036 = ( GEOMETRIC_REPRESENTATION_CONTEXT(2) 
PARAMETRIC_REPRESENTATION_CONTEXT() REPRESENTATION_CONTEXT('2D SPACE',''
  ) );
#15037 = ORIENTED_EDGE('',*,*,#15038,.F.);
#15038 = EDGE_CURVE('',#15039,#15015,#15041,.T.);
#15039 = VERTEX_POINT('',#15040);
#15040 = CARTESIAN_POINT('',(34.674990748,-19.06411010648,150.));
#15041 = SURFACE_CURVE('',#15042,(#15046,#15053),.PCURVE_S1.);
#15042 = LINE('',#15043,#15044);
#15043 = CARTESIAN_POINT('',(34.674990748,-19.49754513743,150.));
#15044 = VECTOR('',#15045,1.);
#15045 = DIRECTION('',(0.,1.,0.));
#15046 = PCURVE('',#14744,#15047);
#15047 = DEFINITIONAL_REPRESENTATION('',(#15048),#15052);
#15048 = LINE('',#15049,#15050);
#15049 = CARTESIAN_POINT('',(34.674990748,-19.49754513743));
#15050 = VECTOR('',#15051,1.);
#15051 = DIRECTION('',(0.,1.));
#15052 = ( GEOMETRIC_REPRESENTATION_CONTEXT(2) 
PARAMETRIC_REPRESENTATION_CONTEXT() REPRESENTATION_CONTEXT('2D SPACE',''
  ) );
#15053 = PCURVE('',#15054,#15059);
#15054 = PLANE('',#15055);
#15055 = AXIS2_PLACEMENT_3D('',#15056,#15057,#15058);
#15056 = CARTESIAN_POINT('',(34.674990748,-19.49754513743,135.));
#15057 = DIRECTION('',(-1.,0.,0.));
#15058 = DIRECTION('',(0.,1.,0.));
#15059 = DEFINITIONAL_REPRESENTATION('',(#15060),#15064);
#15060 = LINE('',#15061,#15062);
#15061 = CARTESIAN_POINT('',(0.,-15.));
#15062 = VECTOR('',#15063,1.);
#15063 = DIRECTION('',(1.,0.));
#15064 = ( GEOMETRIC_REPRESENTATION_CONTEXT(2) 
PARAMETRIC_REPRESENTATION_CONTEXT() REPRESENTATION_CONTEXT('2D SPACE',''
  ) );
#15065 = ORIENTED_EDGE('',*,*,#15066,.F.);
#15066 = EDGE_CURVE('',#15067,#15039,#15069,.T.);
#15067 = VERTEX_POINT('',#15068);
#15068 = CARTESIAN_POINT('',(34.774990747593,-19.5,150.));
#15069 = SURFACE_CURVE('',#15070,(#15075,#15082),.PCURVE_S1.);
#15070 = CIRCLE('',#15071,1.);
#15071 = AXIS2_PLACEMENT_3D('',#15072,#15073,#15074);
#15072 = CARTESIAN_POINT('',(33.774990747593,-19.5,150.));
#15073 = DIRECTION('',(0.,0.,1.));
#15074 = DIRECTION('',(1.,0.,-0.));
#15075 = PCURVE('',#14744,#15076);
#15076 = DEFINITIONAL_REPRESENTATION('',(#15077),#15081);
#15077 = CIRCLE('',#15078,1.);
#15078 = AXIS2_PLACEMENT_2D('',#15079,#15080);
#15079 = CARTESIAN_POINT('',(33.774990747593,-19.5));
#15080 = DIRECTION('',(1.,0.));
#15081 = ( GEOMETRIC_REPRESENTATION_CONTEXT(2) 
PARAMETRIC_REPRESENTATION_CONTEXT() REPRESENTATION_CONTEXT('2D SPACE',''
  ) );
#15082 = PCURVE('',#15083,#15088);
#15083 = PLANE('',#15084);
#15084 = AXIS2_PLACEMENT_3D('',#15085,#15086,#15087);
#15085 = CARTESIAN_POINT('',(0.,0.,150.));
#15086 = DIRECTION('',(0.,0.,1.));
#15087 = DIRECTION('',(1.,0.,-0.));
#15088 = DEFINITIONAL_REPRESENTATION('',(#15089),#15093);
#15089 = CIRCLE('',#15090,1.);
#15090 = AXIS2_PLACEMENT_2D('',#15091,#15092);
#15091 = CARTESIAN_POINT('',(33.774990747593,-19.5));
#15092 = DIRECTION('',(1.,0.));
#15093 = ( GEOMETRIC_REPRESENTATION_CONTEXT(2) 
PARAMETRIC_REPRESENTATION_CONTEXT() REPRESENTATION_CONTEXT('2D SPACE',''
  ) );
#15094 = ORIENTED_EDGE('',*,*,#15095,.F.);
#15095 = EDGE_CURVE('',#15096,#15067,#15098,.T.);
#15096 = VERTEX_POINT('',#15097);
#15097 = CARTESIAN_POINT('',(33.846275432295,-20.49745601092,150.));
#15098 = SURFACE_CURVE('',#15099,(#15104,#15111),.PCURVE_S1.);
#15099 = CIRCLE('',#15100,1.);
#15100 = AXIS2_PLACEMENT_3D('',#15101,#15102,#15103);
#15101 = CARTESIAN_POINT('',(33.774990747593,-19.5,150.));
#15102 = DIRECTION('',(0.,0.,1.));
#15103 = DIRECTION('',(1.,0.,-0.));
#15104 = PCURVE('',#14744,#15105);
#15105 = DEFINITIONAL_REPRESENTATION('',(#15106),#15110);
#15106 = CIRCLE('',#15107,1.);
#15107 = AXIS2_PLACEMENT_2D('',#15108,#15109);
#15108 = CARTESIAN_POINT('',(33.774990747593,-19.5));
#15109 = DIRECTION('',(1.,0.));
#15110 = ( GEOMETRIC_REPRESENTATION_CONTEXT(2) 
PARAMETRIC_REPRESENTATION_CONTEXT() REPRESENTATION_CONTEXT('2D SPACE',''
  ) );
#15111 = PCURVE('',#15083,#15112);
#15112 = DEFINITIONAL_REPRESENTATION('',(#15113),#15117);
#15113 = CIRCLE('',#15114,1.);
#15114 = AXIS2_PLACEMENT_2D('',#15115,#15116);
#15115 = CARTESIAN_POINT('',(33.774990747593,-19.5));
#15116 = DIRECTION('',(1.,0.));
#15117 = ( GEOMETRIC_REPRESENTATION_CONTEXT(2) 
PARAMETRIC_REPRESENTATION_CONTEXT() REPRESENTATION_CONTEXT('2D SPACE',''
  ) );
#15118 = ORIENTED_EDGE('',*,*,#15119,.F.);
#15119 = EDGE_CURVE('',#15120,#15096,#15122,.T.);
#15120 = VERTEX_POINT('',#15121);
#15121 = CARTESIAN_POINT('',(0.828179901894,-39.56046235386,150.));
#15122 = SURFACE_CURVE('',#15123,(#15127,#15134),.PCURVE_S1.);
#15123 = LINE('',#15124,#15125);
#15124 = CARTESIAN_POINT('',(0.424941290921,-39.79327227446,150.));
#15125 = VECTOR('',#15126,1.);
#15126 = DIRECTION('',(0.866025403781,0.500000000007,0.));
#15127 = PCURVE('',#14744,#15128);
#15128 = DEFINITIONAL_REPRESENTATION('',(#15129),#15133);
#15129 = LINE('',#15130,#15131);
#15130 = CARTESIAN_POINT('',(0.424941290921,-39.79327227446));
#15131 = VECTOR('',#15132,1.);
#15132 = DIRECTION('',(0.866025403781,0.500000000007));
#15133 = ( GEOMETRIC_REPRESENTATION_CONTEXT(2) 
PARAMETRIC_REPRESENTATION_CONTEXT() REPRESENTATION_CONTEXT('2D SPACE',''
  ) );
#15134 = PCURVE('',#15135,#15140);
#15135 = PLANE('',#15136);
#15136 = AXIS2_PLACEMENT_3D('',#15137,#15138,#15139);
#15137 = CARTESIAN_POINT('',(0.424941290921,-39.79327227446,135.));
#15138 = DIRECTION('',(-0.500000000007,0.866025403781,0.));
#15139 = DIRECTION('',(0.866025403781,0.500000000007,0.));
#15140 = DEFINITIONAL_REPRESENTATION('',(#15141),#15145);
#15141 = LINE('',#15142,#15143);
#15142 = CARTESIAN_POINT('',(0.,-15.));
#15143 = VECTOR('',#15144,1.);
#15144 = DIRECTION('',(1.,0.));
#15145 = ( GEOMETRIC_REPRESENTATION_CONTEXT(2) 
PARAMETRIC_REPRESENTATION_CONTEXT() REPRESENTATION_CONTEXT('2D SPACE',''
  ) );
#15146 = ORIENTED_EDGE('',*,*,#15147,.F.);
#15147 = EDGE_CURVE('',#15148,#15120,#15150,.T.);
#15148 = VERTEX_POINT('',#15149);
#15149 = CARTESIAN_POINT('',(-0.828179901894,-39.56046235386,150.));
#15150 = SURFACE_CURVE('',#15151,(#15156,#15163),.PCURVE_S1.);
#15151 = CIRCLE('',#15152,1.);
#15152 = AXIS2_PLACEMENT_3D('',#15153,#15154,#15155);
#15153 = CARTESIAN_POINT('',(-7.164183775012E-15,-39.,150.));
#15154 = DIRECTION('',(0.,0.,1.));
#15155 = DIRECTION('',(1.,0.,-0.));
#15156 = PCURVE('',#14744,#15157);
#15157 = DEFINITIONAL_REPRESENTATION('',(#15158),#15162);
#15158 = CIRCLE('',#15159,1.);
#15159 = AXIS2_PLACEMENT_2D('',#15160,#15161);
#15160 = CARTESIAN_POINT('',(-7.164183775012E-15,-39.));
#15161 = DIRECTION('',(1.,0.));
#15162 = ( GEOMETRIC_REPRESENTATION_CONTEXT(2) 
PARAMETRIC_REPRESENTATION_CONTEXT() REPRESENTATION_CONTEXT('2D SPACE',''
  ) );
#15163 = PCURVE('',#15164,#15169);
#15164 = PLANE('',#15165);
#15165 = AXIS2_PLACEMENT_3D('',#15166,#15167,#15168);
#15166 = CARTESIAN_POINT('',(0.,0.,150.));
#15167 = DIRECTION('',(0.,0.,1.));
#15168 = DIRECTION('',(1.,0.,-0.));
#15169 = DEFINITIONAL_REPRESENTATION('',(#15170),#15174);
#15170 = CIRCLE('',#15171,1.);
#15171 = AXIS2_PLACEMENT_2D('',#15172,#15173);
#15172 = CARTESIAN_POINT('',(-7.164183775012E-15,-39.));
#15173 = DIRECTION('',(1.,0.));
#15174 = ( GEOMETRIC_REPRESENTATION_CONTEXT(2) 
PARAMETRIC_REPRESENTATION_CONTEXT() REPRESENTATION_CONTEXT('2D SPACE',''
  ) );
#15175 = ORIENTED_EDGE('',*,*,#15176,.F.);
#15176 = EDGE_CURVE('',#14770,#15148,#15177,.T.);
#15177 = SURFACE_CURVE('',#15178,(#15182,#15189),.PCURVE_S1.);
#15178 = LINE('',#15179,#15180);
#15179 = CARTESIAN_POINT('',(-34.19567895301,-20.29572779417,150.));
#15180 = VECTOR('',#15181,1.);
#15181 = DIRECTION('',(0.866025403781,-0.500000000007,0.));
#15182 = PCURVE('',#14744,#15183);
#15183 = DEFINITIONAL_REPRESENTATION('',(#15184),#15188);
#15184 = LINE('',#15185,#15186);
#15185 = CARTESIAN_POINT('',(-34.19567895301,-20.29572779417));
#15186 = VECTOR('',#15187,1.);
#15187 = DIRECTION('',(0.866025403781,-0.500000000007));
#15188 = ( GEOMETRIC_REPRESENTATION_CONTEXT(2) 
PARAMETRIC_REPRESENTATION_CONTEXT() REPRESENTATION_CONTEXT('2D SPACE',''
  ) );
#15189 = PCURVE('',#15190,#15195);
#15190 = PLANE('',#15191);
#15191 = AXIS2_PLACEMENT_3D('',#15192,#15193,#15194);
#15192 = CARTESIAN_POINT('',(-34.19567895301,-20.29572779417,135.));
#15193 = DIRECTION('',(0.500000000007,0.866025403781,-0.));
#15194 = DIRECTION('',(0.866025403781,-0.500000000007,0.));
#15195 = DEFINITIONAL_REPRESENTATION('',(#15196),#15200);
#15196 = LINE('',#15197,#15198);
#15197 = CARTESIAN_POINT('',(0.,-15.));
#15198 = VECTOR('',#15199,1.);
#15199 = DIRECTION('',(1.,0.));
#15200 = ( GEOMETRIC_REPRESENTATION_CONTEXT(2) 
PARAMETRIC_REPRESENTATION_CONTEXT() REPRESENTATION_CONTEXT('2D SPACE',''
  ) );
#15201 = ADVANCED_FACE('',(#15202),#14786,.F.);
#15202 = FACE_BOUND('',#15203,.F.);
#15203 = EDGE_LOOP('',(#15204,#15234,#15255,#15256,#15279,#15302,#15325,
    #15348,#15371,#15394,#15417,#15440,#15463,#15486));
#15204 = ORIENTED_EDGE('',*,*,#15205,.F.);
#15205 = EDGE_CURVE('',#15206,#15208,#15210,.T.);
#15206 = VERTEX_POINT('',#15207);
#15207 = CARTESIAN_POINT('',(-34.674990748,-19.49754513743,150.));
#15208 = VERTEX_POINT('',#15209);
#15209 = CARTESIAN_POINT('',(-34.67053698245,-19.58820360494,150.));
#15210 = SURFACE_CURVE('',#15211,(#15215,#15222),.PCURVE_S1.);
#15211 = LINE('',#15212,#15213);
#15212 = CARTESIAN_POINT('',(-34.674990748,-19.49754513743,150.));
#15213 = VECTOR('',#15214,1.);
#15214 = DIRECTION('',(4.906768132518E-02,-0.998795455861,0.));
#15215 = PCURVE('',#14786,#15216);
#15216 = DEFINITIONAL_REPRESENTATION('',(#15217),#15221);
#15217 = LINE('',#15218,#15219);
#15218 = CARTESIAN_POINT('',(-34.674990748,-19.49754513743));
#15219 = VECTOR('',#15220,1.);
#15220 = DIRECTION('',(4.906768132518E-02,-0.998795455861));
#15221 = ( GEOMETRIC_REPRESENTATION_CONTEXT(2) 
PARAMETRIC_REPRESENTATION_CONTEXT() REPRESENTATION_CONTEXT('2D SPACE',''
  ) );
#15222 = PCURVE('',#15223,#15228);
#15223 = PLANE('',#15224);
#15224 = AXIS2_PLACEMENT_3D('',#15225,#15226,#15227);
#15225 = CARTESIAN_POINT('',(-33.77499074759,-19.5,150.));
#15226 = DIRECTION('',(0.,0.,1.));
#15227 = DIRECTION('',(1.,0.,-0.));
#15228 = DEFINITIONAL_REPRESENTATION('',(#15229),#15233);
#15229 = LINE('',#15230,#15231);
#15230 = CARTESIAN_POINT('',(-0.900000000407,2.454862561404E-03));
#15231 = VECTOR('',#15232,1.);
#15232 = DIRECTION('',(4.906768132518E-02,-0.998795455861));
#15233 = ( GEOMETRIC_REPRESENTATION_CONTEXT(2) 
PARAMETRIC_REPRESENTATION_CONTEXT() REPRESENTATION_CONTEXT('2D SPACE',''
  ) );
#15234 = ORIENTED_EDGE('',*,*,#15235,.F.);
#15235 = EDGE_CURVE('',#14768,#15206,#15236,.T.);
#15236 = SURFACE_CURVE('',#15237,(#15241,#15248),.PCURVE_S1.);
#15237 = LINE('',#15238,#15239);
#15238 = CARTESIAN_POINT('',(-34.674990748,19.497545137439,150.));
#15239 = VECTOR('',#15240,1.);
#15240 = DIRECTION('',(0.,-1.,0.));
#15241 = PCURVE('',#14786,#15242);
#15242 = DEFINITIONAL_REPRESENTATION('',(#15243),#15247);
#15243 = LINE('',#15244,#15245);
#15244 = CARTESIAN_POINT('',(-34.674990748,19.497545137439));
#15245 = VECTOR('',#15246,1.);
#15246 = DIRECTION('',(0.,-1.));
#15247 = ( GEOMETRIC_REPRESENTATION_CONTEXT(2) 
PARAMETRIC_REPRESENTATION_CONTEXT() REPRESENTATION_CONTEXT('2D SPACE',''
  ) );
#15248 = PCURVE('',#15223,#15249);
#15249 = DEFINITIONAL_REPRESENTATION('',(#15250),#15254);
#15250 = LINE('',#15251,#15252);
#15251 = CARTESIAN_POINT('',(-0.900000000407,38.997545137439));
#15252 = VECTOR('',#15253,1.);
#15253 = DIRECTION('',(0.,-1.));
#15254 = ( GEOMETRIC_REPRESENTATION_CONTEXT(2) 
PARAMETRIC_REPRESENTATION_CONTEXT() REPRESENTATION_CONTEXT('2D SPACE',''
  ) );
#15255 = ORIENTED_EDGE('',*,*,#14767,.T.);
#15256 = ORIENTED_EDGE('',*,*,#15257,.F.);
#15257 = EDGE_CURVE('',#15258,#14770,#15260,.T.);
#15258 = VERTEX_POINT('',#15259);
#15259 = CARTESIAN_POINT('',(-34.19567895301,-20.29572779417,150.));
#15260 = SURFACE_CURVE('',#15261,(#15265,#15272),.PCURVE_S1.);
#15261 = LINE('',#15262,#15263);
#15262 = CARTESIAN_POINT('',(-34.19567895301,-20.29572779417,150.));
#15263 = VECTOR('',#15264,1.);
#15264 = DIRECTION('',(0.866025403781,-0.500000000007,0.));
#15265 = PCURVE('',#14786,#15266);
#15266 = DEFINITIONAL_REPRESENTATION('',(#15267),#15271);
#15267 = LINE('',#15268,#15269);
#15268 = CARTESIAN_POINT('',(-34.19567895301,-20.29572779417));
#15269 = VECTOR('',#15270,1.);
#15270 = DIRECTION('',(0.866025403781,-0.500000000007));
#15271 = ( GEOMETRIC_REPRESENTATION_CONTEXT(2) 
PARAMETRIC_REPRESENTATION_CONTEXT() REPRESENTATION_CONTEXT('2D SPACE',''
  ) );
#15272 = PCURVE('',#15223,#15273);
#15273 = DEFINITIONAL_REPRESENTATION('',(#15274),#15278);
#15274 = LINE('',#15275,#15276);
#15275 = CARTESIAN_POINT('',(-0.420688205422,-0.795727794176));
#15276 = VECTOR('',#15277,1.);
#15277 = DIRECTION('',(0.866025403781,-0.500000000007));
#15278 = ( GEOMETRIC_REPRESENTATION_CONTEXT(2) 
PARAMETRIC_REPRESENTATION_CONTEXT() REPRESENTATION_CONTEXT('2D SPACE',''
  ) );
#15279 = ORIENTED_EDGE('',*,*,#15280,.F.);
#15280 = EDGE_CURVE('',#15281,#15258,#15283,.T.);
#15281 = VERTEX_POINT('',#15282);
#15282 = CARTESIAN_POINT('',(-34.27493695625,-20.24822237572,150.));
#15283 = SURFACE_CURVE('',#15284,(#15288,#15295),.PCURVE_S1.);
#15284 = LINE('',#15285,#15286);
#15285 = CARTESIAN_POINT('',(-34.27493695625,-20.24822237572,150.));
#15286 = VECTOR('',#15287,1.);
#15287 = DIRECTION('',(0.857728612378,-0.514102740226,0.));
#15288 = PCURVE('',#14786,#15289);
#15289 = DEFINITIONAL_REPRESENTATION('',(#15290),#15294);
#15290 = LINE('',#15291,#15292);
#15291 = CARTESIAN_POINT('',(-34.27493695625,-20.24822237572));
#15292 = VECTOR('',#15293,1.);
#15293 = DIRECTION('',(0.857728612378,-0.514102740226));
#15294 = ( GEOMETRIC_REPRESENTATION_CONTEXT(2) 
PARAMETRIC_REPRESENTATION_CONTEXT() REPRESENTATION_CONTEXT('2D SPACE',''
  ) );
#15295 = PCURVE('',#15223,#15296);
#15296 = DEFINITIONAL_REPRESENTATION('',(#15297),#15301);
#15297 = LINE('',#15298,#15299);
#15298 = CARTESIAN_POINT('',(-0.499946208658,-0.748222375725));
#15299 = VECTOR('',#15300,1.);
#15300 = DIRECTION('',(0.857728612378,-0.514102740226));
#15301 = ( GEOMETRIC_REPRESENTATION_CONTEXT(2) 
PARAMETRIC_REPRESENTATION_CONTEXT() REPRESENTATION_CONTEXT('2D SPACE',''
  ) );
#15302 = ORIENTED_EDGE('',*,*,#15303,.F.);
#15303 = EDGE_CURVE('',#15304,#15281,#15306,.T.);
#15304 = VERTEX_POINT('',#15305);
#15305 = CARTESIAN_POINT('',(-34.34586819597,-20.19561618288,150.));
#15306 = SURFACE_CURVE('',#15307,(#15311,#15318),.PCURVE_S1.);
#15307 = LINE('',#15308,#15309);
#15308 = CARTESIAN_POINT('',(-34.34586819597,-20.19561618288,150.));
#15309 = VECTOR('',#15310,1.);
#15310 = DIRECTION('',(0.803207530666,-0.59569930559,0.));
#15311 = PCURVE('',#14786,#15312);
#15312 = DEFINITIONAL_REPRESENTATION('',(#15313),#15317);
#15313 = LINE('',#15314,#15315);
#15314 = CARTESIAN_POINT('',(-34.34586819597,-20.19561618288));
#15315 = VECTOR('',#15316,1.);
#15316 = DIRECTION('',(0.803207530666,-0.59569930559));
#15317 = ( GEOMETRIC_REPRESENTATION_CONTEXT(2) 
PARAMETRIC_REPRESENTATION_CONTEXT() REPRESENTATION_CONTEXT('2D SPACE',''
  ) );
#15318 = PCURVE('',#15223,#15319);
#15319 = DEFINITIONAL_REPRESENTATION('',(#15320),#15324);
#15320 = LINE('',#15321,#15322);
#15321 = CARTESIAN_POINT('',(-0.570877448381,-0.695616182887));
#15322 = VECTOR('',#15323,1.);
#15323 = DIRECTION('',(0.803207530666,-0.59569930559));
#15324 = ( GEOMETRIC_REPRESENTATION_CONTEXT(2) 
PARAMETRIC_REPRESENTATION_CONTEXT() REPRESENTATION_CONTEXT('2D SPACE',''
  ) );
#15325 = ORIENTED_EDGE('',*,*,#15326,.F.);
#15326 = EDGE_CURVE('',#15327,#15304,#15329,.T.);
#15327 = VERTEX_POINT('',#15328);
#15328 = CARTESIAN_POINT('',(-34.41130157404,-20.13631082604,150.));
#15329 = SURFACE_CURVE('',#15330,(#15334,#15341),.PCURVE_S1.);
#15330 = LINE('',#15331,#15332);
#15331 = CARTESIAN_POINT('',(-34.41130157404,-20.13631082604,150.));
#15332 = VECTOR('',#15333,1.);
#15333 = DIRECTION('',(0.740951126143,-0.671558953977,0.));
#15334 = PCURVE('',#14786,#15335);
#15335 = DEFINITIONAL_REPRESENTATION('',(#15336),#15340);
#15336 = LINE('',#15337,#15338);
#15337 = CARTESIAN_POINT('',(-34.41130157404,-20.13631082604));
#15338 = VECTOR('',#15339,1.);
#15339 = DIRECTION('',(0.740951126143,-0.671558953977));
#15340 = ( GEOMETRIC_REPRESENTATION_CONTEXT(2) 
PARAMETRIC_REPRESENTATION_CONTEXT() REPRESENTATION_CONTEXT('2D SPACE',''
  ) );
#15341 = PCURVE('',#15223,#15342);
#15342 = DEFINITIONAL_REPRESENTATION('',(#15343),#15347);
#15343 = LINE('',#15344,#15345);
#15344 = CARTESIAN_POINT('',(-0.636310826456,-0.636310826049));
#15345 = VECTOR('',#15346,1.);
#15346 = DIRECTION('',(0.740951126143,-0.671558953977));
#15347 = ( GEOMETRIC_REPRESENTATION_CONTEXT(2) 
PARAMETRIC_REPRESENTATION_CONTEXT() REPRESENTATION_CONTEXT('2D SPACE',''
  ) );
#15348 = ORIENTED_EDGE('',*,*,#15349,.F.);
#15349 = EDGE_CURVE('',#15350,#15327,#15352,.T.);
#15350 = VERTEX_POINT('',#15351);
#15351 = CARTESIAN_POINT('',(-34.47060693088,-20.07087744797,150.));
#15352 = SURFACE_CURVE('',#15353,(#15357,#15364),.PCURVE_S1.);
#15353 = LINE('',#15354,#15355);
#15354 = CARTESIAN_POINT('',(-34.47060693088,-20.07087744797,150.));
#15355 = VECTOR('',#15356,1.);
#15356 = DIRECTION('',(0.671558953977,-0.740951126143,0.));
#15357 = PCURVE('',#14786,#15358);
#15358 = DEFINITIONAL_REPRESENTATION('',(#15359),#15363);
#15359 = LINE('',#15360,#15361);
#15360 = CARTESIAN_POINT('',(-34.47060693088,-20.07087744797));
#15361 = VECTOR('',#15362,1.);
#15362 = DIRECTION('',(0.671558953977,-0.740951126143));
#15363 = ( GEOMETRIC_REPRESENTATION_CONTEXT(2) 
PARAMETRIC_REPRESENTATION_CONTEXT() REPRESENTATION_CONTEXT('2D SPACE',''
  ) );
#15364 = PCURVE('',#15223,#15365);
#15365 = DEFINITIONAL_REPRESENTATION('',(#15366),#15370);
#15366 = LINE('',#15367,#15368);
#15367 = CARTESIAN_POINT('',(-0.695616183294,-0.570877447974));
#15368 = VECTOR('',#15369,1.);
#15369 = DIRECTION('',(0.671558953977,-0.740951126143));
#15370 = ( GEOMETRIC_REPRESENTATION_CONTEXT(2) 
PARAMETRIC_REPRESENTATION_CONTEXT() REPRESENTATION_CONTEXT('2D SPACE',''
  ) );
#15371 = ORIENTED_EDGE('',*,*,#15372,.F.);
#15372 = EDGE_CURVE('',#15373,#15350,#15375,.T.);
#15373 = VERTEX_POINT('',#15374);
#15374 = CARTESIAN_POINT('',(-34.52321312388,-19.99994620804,150.));
#15375 = SURFACE_CURVE('',#15376,(#15380,#15387),.PCURVE_S1.);
#15376 = LINE('',#15377,#15378);
#15377 = CARTESIAN_POINT('',(-34.52321312388,-19.99994620804,150.));
#15378 = VECTOR('',#15379,1.);
#15379 = DIRECTION('',(0.59569930559,-0.803207530666,0.));
#15380 = PCURVE('',#14786,#15381);
#15381 = DEFINITIONAL_REPRESENTATION('',(#15382),#15386);
#15382 = LINE('',#15383,#15384);
#15383 = CARTESIAN_POINT('',(-34.52321312388,-19.99994620804));
#15384 = VECTOR('',#15385,1.);
#15385 = DIRECTION('',(0.59569930559,-0.803207530666));
#15386 = ( GEOMETRIC_REPRESENTATION_CONTEXT(2) 
PARAMETRIC_REPRESENTATION_CONTEXT() REPRESENTATION_CONTEXT('2D SPACE',''
  ) );
#15387 = PCURVE('',#15223,#15388);
#15388 = DEFINITIONAL_REPRESENTATION('',(#15389),#15393);
#15389 = LINE('',#15390,#15391);
#15390 = CARTESIAN_POINT('',(-0.748222376288,-0.499946208041));
#15391 = VECTOR('',#15392,1.);
#15392 = DIRECTION('',(0.59569930559,-0.803207530666));
#15393 = ( GEOMETRIC_REPRESENTATION_CONTEXT(2) 
PARAMETRIC_REPRESENTATION_CONTEXT() REPRESENTATION_CONTEXT('2D SPACE',''
  ) );
#15394 = ORIENTED_EDGE('',*,*,#15395,.F.);
#15395 = EDGE_CURVE('',#15396,#15373,#15398,.T.);
#15396 = VERTEX_POINT('',#15397);
#15397 = CARTESIAN_POINT('',(-34.56861352608,-19.92420021317,150.));
#15398 = SURFACE_CURVE('',#15399,(#15403,#15410),.PCURVE_S1.);
#15399 = LINE('',#15400,#15401);
#15400 = CARTESIAN_POINT('',(-34.56861352608,-19.92420021317,150.));
#15401 = VECTOR('',#15402,1.);
#15402 = DIRECTION('',(0.51410274472,-0.857728609685,0.));
#15403 = PCURVE('',#14786,#15404);
#15404 = DEFINITIONAL_REPRESENTATION('',(#15405),#15409);
#15405 = LINE('',#15406,#15407);
#15406 = CARTESIAN_POINT('',(-34.56861352608,-19.92420021317));
#15407 = VECTOR('',#15408,1.);
#15408 = DIRECTION('',(0.51410274472,-0.857728609685));
#15409 = ( GEOMETRIC_REPRESENTATION_CONTEXT(2) 
PARAMETRIC_REPRESENTATION_CONTEXT() REPRESENTATION_CONTEXT('2D SPACE',''
  ) );
#15410 = PCURVE('',#15223,#15411);
#15411 = DEFINITIONAL_REPRESENTATION('',(#15412),#15416);
#15412 = LINE('',#15413,#15414);
#15413 = CARTESIAN_POINT('',(-0.793622778493,-0.424200213175));
#15414 = VECTOR('',#15415,1.);
#15415 = DIRECTION('',(0.51410274472,-0.857728609685));
#15416 = ( GEOMETRIC_REPRESENTATION_CONTEXT(2) 
PARAMETRIC_REPRESENTATION_CONTEXT() REPRESENTATION_CONTEXT('2D SPACE',''
  ) );
#15417 = ORIENTED_EDGE('',*,*,#15418,.F.);
#15418 = EDGE_CURVE('',#15419,#15396,#15421,.T.);
#15419 = VERTEX_POINT('',#15420);
#15420 = CARTESIAN_POINT('',(-34.6063709071,-19.84436893753,150.));
#15421 = SURFACE_CURVE('',#15422,(#15426,#15433),.PCURVE_S1.);
#15422 = LINE('',#15423,#15424);
#15423 = CARTESIAN_POINT('',(-34.6063709071,-19.84436893753,150.));
#15424 = VECTOR('',#15425,1.);
#15425 = DIRECTION('',(0.42755508995,-0.903989294769,0.));
#15426 = PCURVE('',#14786,#15427);
#15427 = DEFINITIONAL_REPRESENTATION('',(#15428),#15432);
#15428 = LINE('',#15429,#15430);
#15429 = CARTESIAN_POINT('',(-34.6063709071,-19.84436893753));
#15430 = VECTOR('',#15431,1.);
#15431 = DIRECTION('',(0.42755508995,-0.903989294769));
#15432 = ( GEOMETRIC_REPRESENTATION_CONTEXT(2) 
PARAMETRIC_REPRESENTATION_CONTEXT() REPRESENTATION_CONTEXT('2D SPACE',''
  ) );
#15433 = PCURVE('',#15223,#15434);
#15434 = DEFINITIONAL_REPRESENTATION('',(#15435),#15439);
#15435 = LINE('',#15436,#15437);
#15436 = CARTESIAN_POINT('',(-0.831380159508,-0.344368937537));
#15437 = VECTOR('',#15438,1.);
#15438 = DIRECTION('',(0.42755508995,-0.903989294769));
#15439 = ( GEOMETRIC_REPRESENTATION_CONTEXT(2) 
PARAMETRIC_REPRESENTATION_CONTEXT() REPRESENTATION_CONTEXT('2D SPACE',''
  ) );
#15440 = ORIENTED_EDGE('',*,*,#15441,.F.);
#15441 = EDGE_CURVE('',#15442,#15419,#15444,.T.);
#15442 = VERTEX_POINT('',#15443);
#15443 = CARTESIAN_POINT('',(-34.6361216428,-19.76122120094,150.));
#15444 = SURFACE_CURVE('',#15445,(#15449,#15456),.PCURVE_S1.);
#15445 = LINE('',#15446,#15447);
#15446 = CARTESIAN_POINT('',(-34.6361216428,-19.76122120094,150.));
#15447 = VECTOR('',#15448,1.);
#15448 = DIRECTION('',(0.336889851754,-0.941544065769,0.));
#15449 = PCURVE('',#14786,#15450);
#15450 = DEFINITIONAL_REPRESENTATION('',(#15451),#15455);
#15451 = LINE('',#15452,#15453);
#15452 = CARTESIAN_POINT('',(-34.6361216428,-19.76122120094));
#15453 = VECTOR('',#15454,1.);
#15454 = DIRECTION('',(0.336889851754,-0.941544065769));
#15455 = ( GEOMETRIC_REPRESENTATION_CONTEXT(2) 
PARAMETRIC_REPRESENTATION_CONTEXT() REPRESENTATION_CONTEXT('2D SPACE',''
  ) );
#15456 = PCURVE('',#15223,#15457);
#15457 = DEFINITIONAL_REPRESENTATION('',(#15458),#15462);
#15458 = LINE('',#15459,#15460);
#15459 = CARTESIAN_POINT('',(-0.861130895211,-0.261221200948));
#15460 = VECTOR('',#15461,1.);
#15461 = DIRECTION('',(0.336889851754,-0.941544065769));
#15462 = ( GEOMETRIC_REPRESENTATION_CONTEXT(2) 
PARAMETRIC_REPRESENTATION_CONTEXT() REPRESENTATION_CONTEXT('2D SPACE',''
  ) );
#15463 = ORIENTED_EDGE('',*,*,#15464,.F.);
#15464 = EDGE_CURVE('',#15465,#15442,#15467,.T.);
#15465 = VERTEX_POINT('',#15466);
#15466 = CARTESIAN_POINT('',(-34.65757921759,-19.67555776193,150.));
#15467 = SURFACE_CURVE('',#15468,(#15472,#15479),.PCURVE_S1.);
#15468 = LINE('',#15469,#15470);
#15469 = CARTESIAN_POINT('',(-34.65757921759,-19.67555776193,150.));
#15470 = VECTOR('',#15471,1.);
#15471 = DIRECTION('',(0.24298018363,-0.970031252261,0.));
#15472 = PCURVE('',#14786,#15473);
#15473 = DEFINITIONAL_REPRESENTATION('',(#15474),#15478);
#15474 = LINE('',#15475,#15476);
#15475 = CARTESIAN_POINT('',(-34.65757921759,-19.67555776193));
#15476 = VECTOR('',#15477,1.);
#15477 = DIRECTION('',(0.24298018363,-0.970031252261));
#15478 = ( GEOMETRIC_REPRESENTATION_CONTEXT(2) 
PARAMETRIC_REPRESENTATION_CONTEXT() REPRESENTATION_CONTEXT('2D SPACE',''
  ) );
#15479 = PCURVE('',#15223,#15480);
#15480 = DEFINITIONAL_REPRESENTATION('',(#15481),#15485);
#15481 = LINE('',#15482,#15483);
#15482 = CARTESIAN_POINT('',(-0.882588469997,-0.175557761939));
#15483 = VECTOR('',#15484,1.);
#15484 = DIRECTION('',(0.24298018363,-0.970031252261));
#15485 = ( GEOMETRIC_REPRESENTATION_CONTEXT(2) 
PARAMETRIC_REPRESENTATION_CONTEXT() REPRESENTATION_CONTEXT('2D SPACE',''
  ) );
#15486 = ORIENTED_EDGE('',*,*,#15487,.F.);
#15487 = EDGE_CURVE('',#15208,#15465,#15488,.T.);
#15488 = SURFACE_CURVE('',#15489,(#15493,#15500),.PCURVE_S1.);
#15489 = LINE('',#15490,#15491);
#15490 = CARTESIAN_POINT('',(-34.67053698245,-19.58820360494,150.));
#15491 = VECTOR('',#15492,1.);
#15492 = DIRECTION('',(0.14673047131,-0.989176510431,0.));
#15493 = PCURVE('',#14786,#15494);
#15494 = DEFINITIONAL_REPRESENTATION('',(#15495),#15499);
#15495 = LINE('',#15496,#15497);
#15496 = CARTESIAN_POINT('',(-34.67053698245,-19.58820360494));
#15497 = VECTOR('',#15498,1.);
#15498 = DIRECTION('',(0.14673047131,-0.989176510431));
#15499 = ( GEOMETRIC_REPRESENTATION_CONTEXT(2) 
PARAMETRIC_REPRESENTATION_CONTEXT() REPRESENTATION_CONTEXT('2D SPACE',''
  ) );
#15500 = PCURVE('',#15223,#15501);
#15501 = DEFINITIONAL_REPRESENTATION('',(#15502),#15506);
#15502 = LINE('',#15503,#15504);
#15503 = CARTESIAN_POINT('',(-0.895546234857,-8.820360494635E-02));
#15504 = VECTOR('',#15505,1.);
#15505 = DIRECTION('',(0.14673047131,-0.989176510431));
#15506 = ( GEOMETRIC_REPRESENTATION_CONTEXT(2) 
PARAMETRIC_REPRESENTATION_CONTEXT() REPRESENTATION_CONTEXT('2D SPACE',''
  ) );
#15507 = ADVANCED_FACE('',(#15508),#15190,.F.);
#15508 = FACE_BOUND('',#15509,.F.);
#15509 = EDGE_LOOP('',(#15510,#15540,#15564,#15565));
#15510 = ORIENTED_EDGE('',*,*,#15511,.F.);
#15511 = EDGE_CURVE('',#15512,#15514,#15516,.T.);
#15512 = VERTEX_POINT('',#15513);
#15513 = CARTESIAN_POINT('',(-33.84627543229,-20.49745601092,135.));
#15514 = VERTEX_POINT('',#15515);
#15515 = CARTESIAN_POINT('',(-0.828179901894,-39.56046235386,135.));
#15516 = SURFACE_CURVE('',#15517,(#15521,#15528),.PCURVE_S1.);
#15517 = LINE('',#15518,#15519);
#15518 = CARTESIAN_POINT('',(-34.19567895301,-20.29572779417,135.));
#15519 = VECTOR('',#15520,1.);
#15520 = DIRECTION('',(0.866025403781,-0.500000000007,0.));
#15521 = PCURVE('',#15190,#15522);
#15522 = DEFINITIONAL_REPRESENTATION('',(#15523),#15527);
#15523 = LINE('',#15524,#15525);
#15524 = CARTESIAN_POINT('',(0.,0.));
#15525 = VECTOR('',#15526,1.);
#15526 = DIRECTION('',(1.,0.));
#15527 = ( GEOMETRIC_REPRESENTATION_CONTEXT(2) 
PARAMETRIC_REPRESENTATION_CONTEXT() REPRESENTATION_CONTEXT('2D SPACE',''
  ) );
#15528 = PCURVE('',#15529,#15534);
#15529 = PLANE('',#15530);
#15530 = AXIS2_PLACEMENT_3D('',#15531,#15532,#15533);
#15531 = CARTESIAN_POINT('',(9.417090361288E-16,0.690719102614,135.));
#15532 = DIRECTION('',(8.287608206104E-48,6.952465101463E-31,1.));
#15533 = DIRECTION('',(0.,1.,-6.952465101463E-31));
#15534 = DEFINITIONAL_REPRESENTATION('',(#15535),#15539);
#15535 = LINE('',#15536,#15537);
#15536 = CARTESIAN_POINT('',(-20.98644689679,34.195678953015));
#15537 = VECTOR('',#15538,1.);
#15538 = DIRECTION('',(-0.500000000007,-0.866025403781));
#15539 = ( GEOMETRIC_REPRESENTATION_CONTEXT(2) 
PARAMETRIC_REPRESENTATION_CONTEXT() REPRESENTATION_CONTEXT('2D SPACE',''
  ) );
#15540 = ORIENTED_EDGE('',*,*,#15541,.T.);
#15541 = EDGE_CURVE('',#15512,#14770,#15542,.T.);
#15542 = SURFACE_CURVE('',#15543,(#15547,#15553),.PCURVE_S1.);
#15543 = LINE('',#15544,#15545);
#15544 = CARTESIAN_POINT('',(-33.84627543229,-20.49745601092,-150.));
#15545 = VECTOR('',#15546,1.);
#15546 = DIRECTION('',(0.,0.,1.));
#15547 = PCURVE('',#15190,#15548);
#15548 = DEFINITIONAL_REPRESENTATION('',(#15549),#15552);
#15549 = B_SPLINE_CURVE_WITH_KNOTS('',1,(#15550,#15551),.UNSPECIFIED.,
  .F.,.F.,(2,2),(283.5,300.0000006),.PIECEWISE_BEZIER_KNOTS.);
#15550 = CARTESIAN_POINT('',(0.403456433489,1.5));
#15551 = CARTESIAN_POINT('',(0.403456433489,-15.0000006));
#15552 = ( GEOMETRIC_REPRESENTATION_CONTEXT(2) 
PARAMETRIC_REPRESENTATION_CONTEXT() REPRESENTATION_CONTEXT('2D SPACE',''
  ) );
#15553 = PCURVE('',#15554,#15559);
#15554 = CYLINDRICAL_SURFACE('',#15555,1.);
#15555 = AXIS2_PLACEMENT_3D('',#15556,#15557,#15558);
#15556 = CARTESIAN_POINT('',(-33.77499074759,-19.5,-150.));
#15557 = DIRECTION('',(0.,0.,1.));
#15558 = DIRECTION('',(1.,0.,-0.));
#15559 = DEFINITIONAL_REPRESENTATION('',(#15560),#15563);
#15560 = B_SPLINE_CURVE_WITH_KNOTS('',1,(#15561,#15562),.UNSPECIFIED.,
  .F.,.F.,(2,2),(283.5,300.0000006),.PIECEWISE_BEZIER_KNOTS.);
#15561 = CARTESIAN_POINT('',(4.641043784949,283.5));
#15562 = CARTESIAN_POINT('',(4.641043784949,300.0000006));
#15563 = ( GEOMETRIC_REPRESENTATION_CONTEXT(2) 
PARAMETRIC_REPRESENTATION_CONTEXT() REPRESENTATION_CONTEXT('2D SPACE',''
  ) );
#15564 = ORIENTED_EDGE('',*,*,#15176,.T.);
#15565 = ORIENTED_EDGE('',*,*,#15566,.F.);
#15566 = EDGE_CURVE('',#15514,#15148,#15567,.T.);
#15567 = SURFACE_CURVE('',#15568,(#15572,#15578),.PCURVE_S1.);
#15568 = LINE('',#15569,#15570);
#15569 = CARTESIAN_POINT('',(-0.828179901894,-39.56046235386,-150.));
#15570 = VECTOR('',#15571,1.);
#15571 = DIRECTION('',(0.,0.,1.));
#15572 = PCURVE('',#15190,#15573);
#15573 = DEFINITIONAL_REPRESENTATION('',(#15574),#15577);
#15574 = B_SPLINE_CURVE_WITH_KNOTS('',1,(#15575,#15576),.UNSPECIFIED.,
  .F.,.F.,(2,2),(283.5,300.0000006),.PIECEWISE_BEZIER_KNOTS.);
#15575 = CARTESIAN_POINT('',(38.529469118868,1.5));
#15576 = CARTESIAN_POINT('',(38.529469118868,-15.0000006));
#15577 = ( GEOMETRIC_REPRESENTATION_CONTEXT(2) 
PARAMETRIC_REPRESENTATION_CONTEXT() REPRESENTATION_CONTEXT('2D SPACE',''
  ) );
#15578 = PCURVE('',#15579,#15584);
#15579 = CYLINDRICAL_SURFACE('',#15580,1.);
#15580 = AXIS2_PLACEMENT_3D('',#15581,#15582,#15583);
#15581 = CARTESIAN_POINT('',(-7.164183775012E-15,-39.,-150.));
#15582 = DIRECTION('',(0.,0.,1.));
#15583 = DIRECTION('',(1.,0.,-0.));
#15584 = DEFINITIONAL_REPRESENTATION('',(#15585),#15588);
#15585 = B_SPLINE_CURVE_WITH_KNOTS('',1,(#15586,#15587),.UNSPECIFIED.,
  .F.,.F.,(2,2),(283.5,300.0000006),.PIECEWISE_BEZIER_KNOTS.);
#15586 = CARTESIAN_POINT('',(3.736536625287,283.5));
#15587 = CARTESIAN_POINT('',(3.736536625287,300.0000006));
#15588 = ( GEOMETRIC_REPRESENTATION_CONTEXT(2) 
PARAMETRIC_REPRESENTATION_CONTEXT() REPRESENTATION_CONTEXT('2D SPACE',''
  ) );
#15589 = ADVANCED_FACE('',(#15590),#15164,.F.);
#15590 = FACE_BOUND('',#15591,.F.);
#15591 = EDGE_LOOP('',(#15592,#15620,#15621,#15644,#15667,#15690,#15713,
    #15736,#15759,#15782,#15805,#15828,#15851));
#15592 = ORIENTED_EDGE('',*,*,#15593,.F.);
#15593 = EDGE_CURVE('',#15148,#15594,#15596,.T.);
#15594 = VERTEX_POINT('',#15595);
#15595 = CARTESIAN_POINT('',(-0.424941290921,-39.79327227446,150.));
#15596 = SURFACE_CURVE('',#15597,(#15601,#15608),.PCURVE_S1.);
#15597 = LINE('',#15598,#15599);
#15598 = CARTESIAN_POINT('',(-34.19567895301,-20.29572779417,150.));
#15599 = VECTOR('',#15600,1.);
#15600 = DIRECTION('',(0.866025403781,-0.500000000007,0.));
#15601 = PCURVE('',#15164,#15602);
#15602 = DEFINITIONAL_REPRESENTATION('',(#15603),#15607);
#15603 = LINE('',#15604,#15605);
#15604 = CARTESIAN_POINT('',(-34.19567895301,-20.29572779417));
#15605 = VECTOR('',#15606,1.);
#15606 = DIRECTION('',(0.866025403781,-0.500000000007));
#15607 = ( GEOMETRIC_REPRESENTATION_CONTEXT(2) 
PARAMETRIC_REPRESENTATION_CONTEXT() REPRESENTATION_CONTEXT('2D SPACE',''
  ) );
#15608 = PCURVE('',#15609,#15614);
#15609 = PLANE('',#15610);
#15610 = AXIS2_PLACEMENT_3D('',#15611,#15612,#15613);
#15611 = CARTESIAN_POINT('',(-7.164183775012E-15,-39.,150.));
#15612 = DIRECTION('',(0.,0.,1.));
#15613 = DIRECTION('',(1.,0.,-0.));
#15614 = DEFINITIONAL_REPRESENTATION('',(#15615),#15619);
#15615 = LINE('',#15616,#15617);
#15616 = CARTESIAN_POINT('',(-34.19567895301,18.704272205824));
#15617 = VECTOR('',#15618,1.);
#15618 = DIRECTION('',(0.866025403781,-0.500000000007));
#15619 = ( GEOMETRIC_REPRESENTATION_CONTEXT(2) 
PARAMETRIC_REPRESENTATION_CONTEXT() REPRESENTATION_CONTEXT('2D SPACE',''
  ) );
#15620 = ORIENTED_EDGE('',*,*,#15147,.T.);
#15621 = ORIENTED_EDGE('',*,*,#15622,.F.);
#15622 = EDGE_CURVE('',#15623,#15120,#15625,.T.);
#15623 = VERTEX_POINT('',#15624);
#15624 = CARTESIAN_POINT('',(0.424941290921,-39.79327227446,150.));
#15625 = SURFACE_CURVE('',#15626,(#15630,#15637),.PCURVE_S1.);
#15626 = LINE('',#15627,#15628);
#15627 = CARTESIAN_POINT('',(0.424941290921,-39.79327227446,150.));
#15628 = VECTOR('',#15629,1.);
#15629 = DIRECTION('',(0.866025403781,0.500000000007,0.));
#15630 = PCURVE('',#15164,#15631);
#15631 = DEFINITIONAL_REPRESENTATION('',(#15632),#15636);
#15632 = LINE('',#15633,#15634);
#15633 = CARTESIAN_POINT('',(0.424941290921,-39.79327227446));
#15634 = VECTOR('',#15635,1.);
#15635 = DIRECTION('',(0.866025403781,0.500000000007));
#15636 = ( GEOMETRIC_REPRESENTATION_CONTEXT(2) 
PARAMETRIC_REPRESENTATION_CONTEXT() REPRESENTATION_CONTEXT('2D SPACE',''
  ) );
#15637 = PCURVE('',#15609,#15638);
#15638 = DEFINITIONAL_REPRESENTATION('',(#15639),#15643);
#15639 = LINE('',#15640,#15641);
#15640 = CARTESIAN_POINT('',(0.424941290921,-0.793272274461));
#15641 = VECTOR('',#15642,1.);
#15642 = DIRECTION('',(0.866025403781,0.500000000007));
#15643 = ( GEOMETRIC_REPRESENTATION_CONTEXT(2) 
PARAMETRIC_REPRESENTATION_CONTEXT() REPRESENTATION_CONTEXT('2D SPACE',''
  ) );
#15644 = ORIENTED_EDGE('',*,*,#15645,.F.);
#15645 = EDGE_CURVE('',#15646,#15623,#15648,.T.);
#15646 = VERTEX_POINT('',#15647);
#15647 = CARTESIAN_POINT('',(0.344368937102,-39.83138016025,150.));
#15648 = SURFACE_CURVE('',#15649,(#15653,#15660),.PCURVE_S1.);
#15649 = LINE('',#15650,#15651);
#15650 = CARTESIAN_POINT('',(0.344368937102,-39.83138016025,150.));
#15651 = VECTOR('',#15652,1.);
#15652 = DIRECTION('',(0.903989290831,0.427555098278,0.));
#15653 = PCURVE('',#15164,#15654);
#15654 = DEFINITIONAL_REPRESENTATION('',(#15655),#15659);
#15655 = LINE('',#15656,#15657);
#15656 = CARTESIAN_POINT('',(0.344368937102,-39.83138016025));
#15657 = VECTOR('',#15658,1.);
#15658 = DIRECTION('',(0.903989290831,0.427555098278));
#15659 = ( GEOMETRIC_REPRESENTATION_CONTEXT(2) 
PARAMETRIC_REPRESENTATION_CONTEXT() REPRESENTATION_CONTEXT('2D SPACE',''
  ) );
#15660 = PCURVE('',#15609,#15661);
#15661 = DEFINITIONAL_REPRESENTATION('',(#15662),#15666);
#15662 = LINE('',#15663,#15664);
#15663 = CARTESIAN_POINT('',(0.344368937102,-0.831380160257));
#15664 = VECTOR('',#15665,1.);
#15665 = DIRECTION('',(0.903989290831,0.427555098278));
#15666 = ( GEOMETRIC_REPRESENTATION_CONTEXT(2) 
PARAMETRIC_REPRESENTATION_CONTEXT() REPRESENTATION_CONTEXT('2D SPACE',''
  ) );
#15667 = ORIENTED_EDGE('',*,*,#15668,.F.);
#15668 = EDGE_CURVE('',#15669,#15646,#15671,.T.);
#15669 = VERTEX_POINT('',#15670);
#15670 = CARTESIAN_POINT('',(0.261221201415,-39.86113089563,150.));
#15671 = SURFACE_CURVE('',#15672,(#15676,#15683),.PCURVE_S1.);
#15672 = LINE('',#15673,#15674);
#15673 = CARTESIAN_POINT('',(0.261221201415,-39.86113089563,150.));
#15674 = VECTOR('',#15675,1.);
#15675 = DIRECTION('',(0.941544065769,0.336889851754,0.));
#15676 = PCURVE('',#15164,#15677);
#15677 = DEFINITIONAL_REPRESENTATION('',(#15678),#15682);
#15678 = LINE('',#15679,#15680);
#15679 = CARTESIAN_POINT('',(0.261221201415,-39.86113089563));
#15680 = VECTOR('',#15681,1.);
#15681 = DIRECTION('',(0.941544065769,0.336889851754));
#15682 = ( GEOMETRIC_REPRESENTATION_CONTEXT(2) 
PARAMETRIC_REPRESENTATION_CONTEXT() REPRESENTATION_CONTEXT('2D SPACE',''
  ) );
#15683 = PCURVE('',#15609,#15684);
#15684 = DEFINITIONAL_REPRESENTATION('',(#15685),#15689);
#15685 = LINE('',#15686,#15687);
#15686 = CARTESIAN_POINT('',(0.261221201415,-0.861130895637));
#15687 = VECTOR('',#15688,1.);
#15688 = DIRECTION('',(0.941544065769,0.336889851754));
#15689 = ( GEOMETRIC_REPRESENTATION_CONTEXT(2) 
PARAMETRIC_REPRESENTATION_CONTEXT() REPRESENTATION_CONTEXT('2D SPACE',''
  ) );
#15690 = ORIENTED_EDGE('',*,*,#15691,.F.);
#15691 = EDGE_CURVE('',#15692,#15669,#15694,.T.);
#15692 = VERTEX_POINT('',#15693);
#15693 = CARTESIAN_POINT('',(0.175557761939,-39.88258846964,150.));
#15694 = SURFACE_CURVE('',#15695,(#15699,#15706),.PCURVE_S1.);
#15695 = LINE('',#15696,#15697);
#15696 = CARTESIAN_POINT('',(0.175557761939,-39.88258846964,150.));
#15697 = VECTOR('',#15698,1.);
#15698 = DIRECTION('',(0.970031254663,0.242980174042,0.));
#15699 = PCURVE('',#15164,#15700);
#15700 = DEFINITIONAL_REPRESENTATION('',(#15701),#15705);
#15701 = LINE('',#15702,#15703);
#15702 = CARTESIAN_POINT('',(0.175557761939,-39.88258846964));
#15703 = VECTOR('',#15704,1.);
#15704 = DIRECTION('',(0.970031254663,0.242980174042));
#15705 = ( GEOMETRIC_REPRESENTATION_CONTEXT(2) 
PARAMETRIC_REPRESENTATION_CONTEXT() REPRESENTATION_CONTEXT('2D SPACE',''
  ) );
#15706 = PCURVE('',#15609,#15707);
#15707 = DEFINITIONAL_REPRESENTATION('',(#15708),#15712);
#15708 = LINE('',#15709,#15710);
#15709 = CARTESIAN_POINT('',(0.175557761939,-0.882588469641));
#15710 = VECTOR('',#15711,1.);
#15711 = DIRECTION('',(0.970031254663,0.242980174042));
#15712 = ( GEOMETRIC_REPRESENTATION_CONTEXT(2) 
PARAMETRIC_REPRESENTATION_CONTEXT() REPRESENTATION_CONTEXT('2D SPACE',''
  ) );
#15713 = ORIENTED_EDGE('',*,*,#15714,.F.);
#15714 = EDGE_CURVE('',#15715,#15692,#15717,.T.);
#15715 = VERTEX_POINT('',#15716);
#15716 = CARTESIAN_POINT('',(8.820360494634E-02,-39.8955462354,150.));
#15717 = SURFACE_CURVE('',#15718,(#15722,#15729),.PCURVE_S1.);
#15718 = LINE('',#15719,#15720);
#15719 = CARTESIAN_POINT('',(8.820360494634E-02,-39.8955462354,150.));
#15720 = VECTOR('',#15721,1.);
#15721 = DIRECTION('',(0.989176508952,0.146730481281,0.));
#15722 = PCURVE('',#15164,#15723);
#15723 = DEFINITIONAL_REPRESENTATION('',(#15724),#15728);
#15724 = LINE('',#15725,#15726);
#15725 = CARTESIAN_POINT('',(8.820360494634E-02,-39.8955462354));
#15726 = VECTOR('',#15727,1.);
#15727 = DIRECTION('',(0.989176508952,0.146730481281));
#15728 = ( GEOMETRIC_REPRESENTATION_CONTEXT(2) 
PARAMETRIC_REPRESENTATION_CONTEXT() REPRESENTATION_CONTEXT('2D SPACE',''
  ) );
#15729 = PCURVE('',#15609,#15730);
#15730 = DEFINITIONAL_REPRESENTATION('',(#15731),#15735);
#15731 = LINE('',#15732,#15733);
#15732 = CARTESIAN_POINT('',(8.820360494635E-02,-0.8955462354));
#15733 = VECTOR('',#15734,1.);
#15734 = DIRECTION('',(0.989176508952,0.146730481281));
#15735 = ( GEOMETRIC_REPRESENTATION_CONTEXT(2) 
PARAMETRIC_REPRESENTATION_CONTEXT() REPRESENTATION_CONTEXT('2D SPACE',''
  ) );
#15736 = ORIENTED_EDGE('',*,*,#15737,.F.);
#15737 = EDGE_CURVE('',#15738,#15715,#15740,.T.);
#15738 = VERTEX_POINT('',#15739);
#15739 = CARTESIAN_POINT('',(0.,-39.89987940036,150.));
#15740 = SURFACE_CURVE('',#15741,(#15745,#15752),.PCURVE_S1.);
#15741 = LINE('',#15742,#15743);
#15742 = CARTESIAN_POINT('',(0.,-39.89987940036,150.));
#15743 = VECTOR('',#15744,1.);
#15744 = DIRECTION('',(0.998795456361,4.906767115975E-02,0.));
#15745 = PCURVE('',#15164,#15746);
#15746 = DEFINITIONAL_REPRESENTATION('',(#15747),#15751);
#15747 = LINE('',#15748,#15749);
#15748 = CARTESIAN_POINT('',(0.,-39.89987940036));
#15749 = VECTOR('',#15750,1.);
#15750 = DIRECTION('',(0.998795456361,4.906767115975E-02));
#15751 = ( GEOMETRIC_REPRESENTATION_CONTEXT(2) 
PARAMETRIC_REPRESENTATION_CONTEXT() REPRESENTATION_CONTEXT('2D SPACE',''
  ) );
#15752 = PCURVE('',#15609,#15753);
#15753 = DEFINITIONAL_REPRESENTATION('',(#15754),#15758);
#15754 = LINE('',#15755,#15756);
#15755 = CARTESIAN_POINT('',(7.164183775012E-15,-0.899879400369));
#15756 = VECTOR('',#15757,1.);
#15757 = DIRECTION('',(0.998795456361,4.906767115975E-02));
#15758 = ( GEOMETRIC_REPRESENTATION_CONTEXT(2) 
PARAMETRIC_REPRESENTATION_CONTEXT() REPRESENTATION_CONTEXT('2D SPACE',''
  ) );
#15759 = ORIENTED_EDGE('',*,*,#15760,.F.);
#15760 = EDGE_CURVE('',#15761,#15738,#15763,.T.);
#15761 = VERTEX_POINT('',#15762);
#15762 = CARTESIAN_POINT('',(-8.820360494634E-02,-39.8955462354,150.));
#15763 = SURFACE_CURVE('',#15764,(#15768,#15775),.PCURVE_S1.);
#15764 = LINE('',#15765,#15766);
#15765 = CARTESIAN_POINT('',(-8.820360494634E-02,-39.8955462354,150.));
#15766 = VECTOR('',#15767,1.);
#15767 = DIRECTION('',(0.998795456361,-4.906767115975E-02,0.));
#15768 = PCURVE('',#15164,#15769);
#15769 = DEFINITIONAL_REPRESENTATION('',(#15770),#15774);
#15770 = LINE('',#15771,#15772);
#15771 = CARTESIAN_POINT('',(-8.820360494634E-02,-39.8955462354));
#15772 = VECTOR('',#15773,1.);
#15773 = DIRECTION('',(0.998795456361,-4.906767115975E-02));
#15774 = ( GEOMETRIC_REPRESENTATION_CONTEXT(2) 
PARAMETRIC_REPRESENTATION_CONTEXT() REPRESENTATION_CONTEXT('2D SPACE',''
  ) );
#15775 = PCURVE('',#15609,#15776);
#15776 = DEFINITIONAL_REPRESENTATION('',(#15777),#15781);
#15777 = LINE('',#15778,#15779);
#15778 = CARTESIAN_POINT('',(-8.820360494633E-02,-0.8955462354));
#15779 = VECTOR('',#15780,1.);
#15780 = DIRECTION('',(0.998795456361,-4.906767115975E-02));
#15781 = ( GEOMETRIC_REPRESENTATION_CONTEXT(2) 
PARAMETRIC_REPRESENTATION_CONTEXT() REPRESENTATION_CONTEXT('2D SPACE',''
  ) );
#15782 = ORIENTED_EDGE('',*,*,#15783,.F.);
#15783 = EDGE_CURVE('',#15784,#15761,#15786,.T.);
#15784 = VERTEX_POINT('',#15785);
#15785 = CARTESIAN_POINT('',(-0.175557761939,-39.88258846964,150.));
#15786 = SURFACE_CURVE('',#15787,(#15791,#15798),.PCURVE_S1.);
#15787 = LINE('',#15788,#15789);
#15788 = CARTESIAN_POINT('',(-0.175557761939,-39.88258846964,150.));
#15789 = VECTOR('',#15790,1.);
#15790 = DIRECTION('',(0.989176508952,-0.146730481281,0.));
#15791 = PCURVE('',#15164,#15792);
#15792 = DEFINITIONAL_REPRESENTATION('',(#15793),#15797);
#15793 = LINE('',#15794,#15795);
#15794 = CARTESIAN_POINT('',(-0.175557761939,-39.88258846964));
#15795 = VECTOR('',#15796,1.);
#15796 = DIRECTION('',(0.989176508952,-0.146730481281));
#15797 = ( GEOMETRIC_REPRESENTATION_CONTEXT(2) 
PARAMETRIC_REPRESENTATION_CONTEXT() REPRESENTATION_CONTEXT('2D SPACE',''
  ) );
#15798 = PCURVE('',#15609,#15799);
#15799 = DEFINITIONAL_REPRESENTATION('',(#15800),#15804);
#15800 = LINE('',#15801,#15802);
#15801 = CARTESIAN_POINT('',(-0.175557761939,-0.882588469641));
#15802 = VECTOR('',#15803,1.);
#15803 = DIRECTION('',(0.989176508952,-0.146730481281));
#15804 = ( GEOMETRIC_REPRESENTATION_CONTEXT(2) 
PARAMETRIC_REPRESENTATION_CONTEXT() REPRESENTATION_CONTEXT('2D SPACE',''
  ) );
#15805 = ORIENTED_EDGE('',*,*,#15806,.F.);
#15806 = EDGE_CURVE('',#15807,#15784,#15809,.T.);
#15807 = VERTEX_POINT('',#15808);
#15808 = CARTESIAN_POINT('',(-0.261221201415,-39.86113089563,150.));
#15809 = SURFACE_CURVE('',#15810,(#15814,#15821),.PCURVE_S1.);
#15810 = LINE('',#15811,#15812);
#15811 = CARTESIAN_POINT('',(-0.261221201415,-39.86113089563,150.));
#15812 = VECTOR('',#15813,1.);
#15813 = DIRECTION('',(0.970031254663,-0.242980174042,0.));
#15814 = PCURVE('',#15164,#15815);
#15815 = DEFINITIONAL_REPRESENTATION('',(#15816),#15820);
#15816 = LINE('',#15817,#15818);
#15817 = CARTESIAN_POINT('',(-0.261221201415,-39.86113089563));
#15818 = VECTOR('',#15819,1.);
#15819 = DIRECTION('',(0.970031254663,-0.242980174042));
#15820 = ( GEOMETRIC_REPRESENTATION_CONTEXT(2) 
PARAMETRIC_REPRESENTATION_CONTEXT() REPRESENTATION_CONTEXT('2D SPACE',''
  ) );
#15821 = PCURVE('',#15609,#15822);
#15822 = DEFINITIONAL_REPRESENTATION('',(#15823),#15827);
#15823 = LINE('',#15824,#15825);
#15824 = CARTESIAN_POINT('',(-0.261221201415,-0.861130895637));
#15825 = VECTOR('',#15826,1.);
#15826 = DIRECTION('',(0.970031254663,-0.242980174042));
#15827 = ( GEOMETRIC_REPRESENTATION_CONTEXT(2) 
PARAMETRIC_REPRESENTATION_CONTEXT() REPRESENTATION_CONTEXT('2D SPACE',''
  ) );
#15828 = ORIENTED_EDGE('',*,*,#15829,.F.);
#15829 = EDGE_CURVE('',#15830,#15807,#15832,.T.);
#15830 = VERTEX_POINT('',#15831);
#15831 = CARTESIAN_POINT('',(-0.344368937102,-39.83138016025,150.));
#15832 = SURFACE_CURVE('',#15833,(#15837,#15844),.PCURVE_S1.);
#15833 = LINE('',#15834,#15835);
#15834 = CARTESIAN_POINT('',(-0.344368937102,-39.83138016025,150.));
#15835 = VECTOR('',#15836,1.);
#15836 = DIRECTION('',(0.941544065769,-0.336889851754,0.));
#15837 = PCURVE('',#15164,#15838);
#15838 = DEFINITIONAL_REPRESENTATION('',(#15839),#15843);
#15839 = LINE('',#15840,#15841);
#15840 = CARTESIAN_POINT('',(-0.344368937102,-39.83138016025));
#15841 = VECTOR('',#15842,1.);
#15842 = DIRECTION('',(0.941544065769,-0.336889851754));
#15843 = ( GEOMETRIC_REPRESENTATION_CONTEXT(2) 
PARAMETRIC_REPRESENTATION_CONTEXT() REPRESENTATION_CONTEXT('2D SPACE',''
  ) );
#15844 = PCURVE('',#15609,#15845);
#15845 = DEFINITIONAL_REPRESENTATION('',(#15846),#15850);
#15846 = LINE('',#15847,#15848);
#15847 = CARTESIAN_POINT('',(-0.344368937102,-0.831380160257));
#15848 = VECTOR('',#15849,1.);
#15849 = DIRECTION('',(0.941544065769,-0.336889851754));
#15850 = ( GEOMETRIC_REPRESENTATION_CONTEXT(2) 
PARAMETRIC_REPRESENTATION_CONTEXT() REPRESENTATION_CONTEXT('2D SPACE',''
  ) );
#15851 = ORIENTED_EDGE('',*,*,#15852,.F.);
#15852 = EDGE_CURVE('',#15594,#15830,#15853,.T.);
#15853 = SURFACE_CURVE('',#15854,(#15858,#15865),.PCURVE_S1.);
#15854 = LINE('',#15855,#15856);
#15855 = CARTESIAN_POINT('',(-0.424941290921,-39.79327227446,150.));
#15856 = VECTOR('',#15857,1.);
#15857 = DIRECTION('',(0.903989290831,-0.427555098278,0.));
#15858 = PCURVE('',#15164,#15859);
#15859 = DEFINITIONAL_REPRESENTATION('',(#15860),#15864);
#15860 = LINE('',#15861,#15862);
#15861 = CARTESIAN_POINT('',(-0.424941290921,-39.79327227446));
#15862 = VECTOR('',#15863,1.);
#15863 = DIRECTION('',(0.903989290831,-0.427555098278));
#15864 = ( GEOMETRIC_REPRESENTATION_CONTEXT(2) 
PARAMETRIC_REPRESENTATION_CONTEXT() REPRESENTATION_CONTEXT('2D SPACE',''
  ) );
#15865 = PCURVE('',#15609,#15866);
#15866 = DEFINITIONAL_REPRESENTATION('',(#15867),#15871);
#15867 = LINE('',#15868,#15869);
#15868 = CARTESIAN_POINT('',(-0.424941290921,-0.793272274461));
#15869 = VECTOR('',#15870,1.);
#15870 = DIRECTION('',(0.903989290831,-0.427555098278));
#15871 = ( GEOMETRIC_REPRESENTATION_CONTEXT(2) 
PARAMETRIC_REPRESENTATION_CONTEXT() REPRESENTATION_CONTEXT('2D SPACE',''
  ) );
#15872 = ADVANCED_FACE('',(#15873),#15135,.F.);
#15873 = FACE_BOUND('',#15874,.F.);
#15874 = EDGE_LOOP('',(#15875,#15900,#15924,#15925));
#15875 = ORIENTED_EDGE('',*,*,#15876,.F.);
#15876 = EDGE_CURVE('',#15877,#15879,#15881,.T.);
#15877 = VERTEX_POINT('',#15878);
#15878 = CARTESIAN_POINT('',(0.828179901894,-39.56046235386,135.));
#15879 = VERTEX_POINT('',#15880);
#15880 = CARTESIAN_POINT('',(33.846275432296,-20.49745601092,135.));
#15881 = SURFACE_CURVE('',#15882,(#15886,#15893),.PCURVE_S1.);
#15882 = LINE('',#15883,#15884);
#15883 = CARTESIAN_POINT('',(0.424941290921,-39.79327227446,135.));
#15884 = VECTOR('',#15885,1.);
#15885 = DIRECTION('',(0.866025403781,0.500000000007,0.));
#15886 = PCURVE('',#15135,#15887);
#15887 = DEFINITIONAL_REPRESENTATION('',(#15888),#15892);
#15888 = LINE('',#15889,#15890);
#15889 = CARTESIAN_POINT('',(0.,0.));
#15890 = VECTOR('',#15891,1.);
#15891 = DIRECTION('',(1.,0.));
#15892 = ( GEOMETRIC_REPRESENTATION_CONTEXT(2) 
PARAMETRIC_REPRESENTATION_CONTEXT() REPRESENTATION_CONTEXT('2D SPACE',''
  ) );
#15893 = PCURVE('',#15529,#15894);
#15894 = DEFINITIONAL_REPRESENTATION('',(#15895),#15899);
#15895 = LINE('',#15896,#15897);
#15896 = CARTESIAN_POINT('',(-40.48399137707,-0.424941290921));
#15897 = VECTOR('',#15898,1.);
#15898 = DIRECTION('',(0.500000000007,-0.866025403781));
#15899 = ( GEOMETRIC_REPRESENTATION_CONTEXT(2) 
PARAMETRIC_REPRESENTATION_CONTEXT() REPRESENTATION_CONTEXT('2D SPACE',''
  ) );
#15900 = ORIENTED_EDGE('',*,*,#15901,.T.);
#15901 = EDGE_CURVE('',#15877,#15120,#15902,.T.);
#15902 = SURFACE_CURVE('',#15903,(#15907,#15913),.PCURVE_S1.);
#15903 = LINE('',#15904,#15905);
#15904 = CARTESIAN_POINT('',(0.828179901894,-39.56046235386,-150.));
#15905 = VECTOR('',#15906,1.);
#15906 = DIRECTION('',(0.,0.,1.));
#15907 = PCURVE('',#15135,#15908);
#15908 = DEFINITIONAL_REPRESENTATION('',(#15909),#15912);
#15909 = B_SPLINE_CURVE_WITH_KNOTS('',1,(#15910,#15911),.UNSPECIFIED.,
  .F.,.F.,(2,2),(283.5,300.0000006),.PIECEWISE_BEZIER_KNOTS.);
#15910 = CARTESIAN_POINT('',(0.465619841188,1.5));
#15911 = CARTESIAN_POINT('',(0.465619841188,-15.0000006));
#15912 = ( GEOMETRIC_REPRESENTATION_CONTEXT(2) 
PARAMETRIC_REPRESENTATION_CONTEXT() REPRESENTATION_CONTEXT('2D SPACE',''
  ) );
#15913 = PCURVE('',#15914,#15919);
#15914 = CYLINDRICAL_SURFACE('',#15915,1.);
#15915 = AXIS2_PLACEMENT_3D('',#15916,#15917,#15918);
#15916 = CARTESIAN_POINT('',(-7.164183775012E-15,-39.,-150.));
#15917 = DIRECTION('',(0.,0.,1.));
#15918 = DIRECTION('',(1.,0.,-0.));
#15919 = DEFINITIONAL_REPRESENTATION('',(#15920),#15923);
#15920 = B_SPLINE_CURVE_WITH_KNOTS('',1,(#15921,#15922),.UNSPECIFIED.,
  .F.,.F.,(2,2),(283.5,300.0000006),.PIECEWISE_BEZIER_KNOTS.);
#15921 = CARTESIAN_POINT('',(5.688241335482,283.5));
#15922 = CARTESIAN_POINT('',(5.688241335482,300.0000006));
#15923 = ( GEOMETRIC_REPRESENTATION_CONTEXT(2) 
PARAMETRIC_REPRESENTATION_CONTEXT() REPRESENTATION_CONTEXT('2D SPACE',''
  ) );
#15924 = ORIENTED_EDGE('',*,*,#15119,.T.);
#15925 = ORIENTED_EDGE('',*,*,#15926,.F.);
#15926 = EDGE_CURVE('',#15879,#15096,#15927,.T.);
#15927 = SURFACE_CURVE('',#15928,(#15932,#15938),.PCURVE_S1.);
#15928 = LINE('',#15929,#15930);
#15929 = CARTESIAN_POINT('',(33.846275432295,-20.49745601092,-150.));
#15930 = VECTOR('',#15931,1.);
#15931 = DIRECTION('',(0.,0.,1.));
#15932 = PCURVE('',#15135,#15933);
#15933 = DEFINITIONAL_REPRESENTATION('',(#15934),#15937);
#15934 = B_SPLINE_CURVE_WITH_KNOTS('',1,(#15935,#15936),.UNSPECIFIED.,
  .F.,.F.,(2,2),(283.5,300.0000006),.PIECEWISE_BEZIER_KNOTS.);
#15935 = CARTESIAN_POINT('',(38.591632526567,1.5));
#15936 = CARTESIAN_POINT('',(38.591632526567,-15.0000006));
#15937 = ( GEOMETRIC_REPRESENTATION_CONTEXT(2) 
PARAMETRIC_REPRESENTATION_CONTEXT() REPRESENTATION_CONTEXT('2D SPACE',''
  ) );
#15938 = PCURVE('',#15939,#15944);
#15939 = CYLINDRICAL_SURFACE('',#15940,1.);
#15940 = AXIS2_PLACEMENT_3D('',#15941,#15942,#15943);
#15941 = CARTESIAN_POINT('',(33.774990747593,-19.5,-150.));
#15942 = DIRECTION('',(0.,0.,1.));
#15943 = DIRECTION('',(1.,0.,-0.));
#15944 = DEFINITIONAL_REPRESENTATION('',(#15945),#15948);
#15945 = B_SPLINE_CURVE_WITH_KNOTS('',1,(#15946,#15947),.UNSPECIFIED.,
  .F.,.F.,(2,2),(283.5,300.0000006),.PIECEWISE_BEZIER_KNOTS.);
#15946 = CARTESIAN_POINT('',(4.78373417582,283.5));
#15947 = CARTESIAN_POINT('',(4.78373417582,300.0000006));
#15948 = ( GEOMETRIC_REPRESENTATION_CONTEXT(2) 
PARAMETRIC_REPRESENTATION_CONTEXT() REPRESENTATION_CONTEXT('2D SPACE',''
  ) );
#15949 = ADVANCED_FACE('',(#15950),#15083,.F.);
#15950 = FACE_BOUND('',#15951,.F.);
#15951 = EDGE_LOOP('',(#15952,#15980,#15981,#15982,#16005,#16028,#16051,
    #16074,#16097,#16120,#16143,#16166,#16189,#16212,#16235));
#15952 = ORIENTED_EDGE('',*,*,#15953,.F.);
#15953 = EDGE_CURVE('',#15096,#15954,#15956,.T.);
#15954 = VERTEX_POINT('',#15955);
#15955 = CARTESIAN_POINT('',(34.195678953015,-20.29572779417,150.));
#15956 = SURFACE_CURVE('',#15957,(#15961,#15968),.PCURVE_S1.);
#15957 = LINE('',#15958,#15959);
#15958 = CARTESIAN_POINT('',(0.424941290921,-39.79327227446,150.));
#15959 = VECTOR('',#15960,1.);
#15960 = DIRECTION('',(0.866025403781,0.500000000007,0.));
#15961 = PCURVE('',#15083,#15962);
#15962 = DEFINITIONAL_REPRESENTATION('',(#15963),#15967);
#15963 = LINE('',#15964,#15965);
#15964 = CARTESIAN_POINT('',(0.424941290921,-39.79327227446));
#15965 = VECTOR('',#15966,1.);
#15966 = DIRECTION('',(0.866025403781,0.500000000007));
#15967 = ( GEOMETRIC_REPRESENTATION_CONTEXT(2) 
PARAMETRIC_REPRESENTATION_CONTEXT() REPRESENTATION_CONTEXT('2D SPACE',''
  ) );
#15968 = PCURVE('',#15969,#15974);
#15969 = PLANE('',#15970);
#15970 = AXIS2_PLACEMENT_3D('',#15971,#15972,#15973);
#15971 = CARTESIAN_POINT('',(33.774990747593,-19.5,150.));
#15972 = DIRECTION('',(0.,0.,1.));
#15973 = DIRECTION('',(1.,0.,-0.));
#15974 = DEFINITIONAL_REPRESENTATION('',(#15975),#15979);
#15975 = LINE('',#15976,#15977);
#15976 = CARTESIAN_POINT('',(-33.35004945667,-20.29327227446));
#15977 = VECTOR('',#15978,1.);
#15978 = DIRECTION('',(0.866025403781,0.500000000007));
#15979 = ( GEOMETRIC_REPRESENTATION_CONTEXT(2) 
PARAMETRIC_REPRESENTATION_CONTEXT() REPRESENTATION_CONTEXT('2D SPACE',''
  ) );
#15980 = ORIENTED_EDGE('',*,*,#15095,.T.);
#15981 = ORIENTED_EDGE('',*,*,#15066,.T.);
#15982 = ORIENTED_EDGE('',*,*,#15983,.F.);
#15983 = EDGE_CURVE('',#15984,#15039,#15986,.T.);
#15984 = VERTEX_POINT('',#15985);
#15985 = CARTESIAN_POINT('',(34.674990748,-19.49754513743,150.));
#15986 = SURFACE_CURVE('',#15987,(#15991,#15998),.PCURVE_S1.);
#15987 = LINE('',#15988,#15989);
#15988 = CARTESIAN_POINT('',(34.674990748,-19.49754513743,150.));
#15989 = VECTOR('',#15990,1.);
#15990 = DIRECTION('',(0.,1.,0.));
#15991 = PCURVE('',#15083,#15992);
#15992 = DEFINITIONAL_REPRESENTATION('',(#15993),#15997);
#15993 = LINE('',#15994,#15995);
#15994 = CARTESIAN_POINT('',(34.674990748,-19.49754513743));
#15995 = VECTOR('',#15996,1.);
#15996 = DIRECTION('',(0.,1.));
#15997 = ( GEOMETRIC_REPRESENTATION_CONTEXT(2) 
PARAMETRIC_REPRESENTATION_CONTEXT() REPRESENTATION_CONTEXT('2D SPACE',''
  ) );
#15998 = PCURVE('',#15969,#15999);
#15999 = DEFINITIONAL_REPRESENTATION('',(#16000),#16004);
#16000 = LINE('',#16001,#16002);
#16001 = CARTESIAN_POINT('',(0.900000000407,2.454862561432E-03));
#16002 = VECTOR('',#16003,1.);
#16003 = DIRECTION('',(0.,1.));
#16004 = ( GEOMETRIC_REPRESENTATION_CONTEXT(2) 
PARAMETRIC_REPRESENTATION_CONTEXT() REPRESENTATION_CONTEXT('2D SPACE',''
  ) );
#16005 = ORIENTED_EDGE('',*,*,#16006,.F.);
#16006 = EDGE_CURVE('',#16007,#15984,#16009,.T.);
#16007 = VERTEX_POINT('',#16008);
#16008 = CARTESIAN_POINT('',(34.67053698245,-19.58820360494,150.));
#16009 = SURFACE_CURVE('',#16010,(#16014,#16021),.PCURVE_S1.);
#16010 = LINE('',#16011,#16012);
#16011 = CARTESIAN_POINT('',(34.67053698245,-19.58820360494,150.));
#16012 = VECTOR('',#16013,1.);
#16013 = DIRECTION('',(4.906768132518E-02,0.998795455861,0.));
#16014 = PCURVE('',#15083,#16015);
#16015 = DEFINITIONAL_REPRESENTATION('',(#16016),#16020);
#16016 = LINE('',#16017,#16018);
#16017 = CARTESIAN_POINT('',(34.67053698245,-19.58820360494));
#16018 = VECTOR('',#16019,1.);
#16019 = DIRECTION('',(4.906768132518E-02,0.998795455861));
#16020 = ( GEOMETRIC_REPRESENTATION_CONTEXT(2) 
PARAMETRIC_REPRESENTATION_CONTEXT() REPRESENTATION_CONTEXT('2D SPACE',''
  ) );
#16021 = PCURVE('',#15969,#16022);
#16022 = DEFINITIONAL_REPRESENTATION('',(#16023),#16027);
#16023 = LINE('',#16024,#16025);
#16024 = CARTESIAN_POINT('',(0.895546234857,-8.820360494632E-02));
#16025 = VECTOR('',#16026,1.);
#16026 = DIRECTION('',(4.906768132518E-02,0.998795455861));
#16027 = ( GEOMETRIC_REPRESENTATION_CONTEXT(2) 
PARAMETRIC_REPRESENTATION_CONTEXT() REPRESENTATION_CONTEXT('2D SPACE',''
  ) );
#16028 = ORIENTED_EDGE('',*,*,#16029,.F.);
#16029 = EDGE_CURVE('',#16030,#16007,#16032,.T.);
#16030 = VERTEX_POINT('',#16031);
#16031 = CARTESIAN_POINT('',(34.657579217591,-19.67555776193,150.));
#16032 = SURFACE_CURVE('',#16033,(#16037,#16044),.PCURVE_S1.);
#16033 = LINE('',#16034,#16035);
#16034 = CARTESIAN_POINT('',(34.657579217591,-19.67555776193,150.));
#16035 = VECTOR('',#16036,1.);
#16036 = DIRECTION('',(0.14673047131,0.989176510431,0.));
#16037 = PCURVE('',#15083,#16038);
#16038 = DEFINITIONAL_REPRESENTATION('',(#16039),#16043);
#16039 = LINE('',#16040,#16041);
#16040 = CARTESIAN_POINT('',(34.657579217591,-19.67555776193));
#16041 = VECTOR('',#16042,1.);
#16042 = DIRECTION('',(0.14673047131,0.989176510431));
#16043 = ( GEOMETRIC_REPRESENTATION_CONTEXT(2) 
PARAMETRIC_REPRESENTATION_CONTEXT() REPRESENTATION_CONTEXT('2D SPACE',''
  ) );
#16044 = PCURVE('',#15969,#16045);
#16045 = DEFINITIONAL_REPRESENTATION('',(#16046),#16050);
#16046 = LINE('',#16047,#16048);
#16047 = CARTESIAN_POINT('',(0.882588469997,-0.175557761939));
#16048 = VECTOR('',#16049,1.);
#16049 = DIRECTION('',(0.14673047131,0.989176510431));
#16050 = ( GEOMETRIC_REPRESENTATION_CONTEXT(2) 
PARAMETRIC_REPRESENTATION_CONTEXT() REPRESENTATION_CONTEXT('2D SPACE',''
  ) );
#16051 = ORIENTED_EDGE('',*,*,#16052,.F.);
#16052 = EDGE_CURVE('',#16053,#16030,#16055,.T.);
#16053 = VERTEX_POINT('',#16054);
#16054 = CARTESIAN_POINT('',(34.636121642804,-19.76122120094,150.));
#16055 = SURFACE_CURVE('',#16056,(#16060,#16067),.PCURVE_S1.);
#16056 = LINE('',#16057,#16058);
#16057 = CARTESIAN_POINT('',(34.636121642804,-19.76122120094,150.));
#16058 = VECTOR('',#16059,1.);
#16059 = DIRECTION('',(0.24298018363,0.970031252261,0.));
#16060 = PCURVE('',#15083,#16061);
#16061 = DEFINITIONAL_REPRESENTATION('',(#16062),#16066);
#16062 = LINE('',#16063,#16064);
#16063 = CARTESIAN_POINT('',(34.636121642804,-19.76122120094));
#16064 = VECTOR('',#16065,1.);
#16065 = DIRECTION('',(0.24298018363,0.970031252261));
#16066 = ( GEOMETRIC_REPRESENTATION_CONTEXT(2) 
PARAMETRIC_REPRESENTATION_CONTEXT() REPRESENTATION_CONTEXT('2D SPACE',''
  ) );
#16067 = PCURVE('',#15969,#16068);
#16068 = DEFINITIONAL_REPRESENTATION('',(#16069),#16073);
#16069 = LINE('',#16070,#16071);
#16070 = CARTESIAN_POINT('',(0.861130895211,-0.261221200948));
#16071 = VECTOR('',#16072,1.);
#16072 = DIRECTION('',(0.24298018363,0.970031252261));
#16073 = ( GEOMETRIC_REPRESENTATION_CONTEXT(2) 
PARAMETRIC_REPRESENTATION_CONTEXT() REPRESENTATION_CONTEXT('2D SPACE',''
  ) );
#16074 = ORIENTED_EDGE('',*,*,#16075,.F.);
#16075 = EDGE_CURVE('',#16076,#16053,#16078,.T.);
#16076 = VERTEX_POINT('',#16077);
#16077 = CARTESIAN_POINT('',(34.606370907101,-19.84436893753,150.));
#16078 = SURFACE_CURVE('',#16079,(#16083,#16090),.PCURVE_S1.);
#16079 = LINE('',#16080,#16081);
#16080 = CARTESIAN_POINT('',(34.606370907101,-19.84436893753,150.));
#16081 = VECTOR('',#16082,1.);
#16082 = DIRECTION('',(0.336889851754,0.941544065769,0.));
#16083 = PCURVE('',#15083,#16084);
#16084 = DEFINITIONAL_REPRESENTATION('',(#16085),#16089);
#16085 = LINE('',#16086,#16087);
#16086 = CARTESIAN_POINT('',(34.606370907101,-19.84436893753));
#16087 = VECTOR('',#16088,1.);
#16088 = DIRECTION('',(0.336889851754,0.941544065769));
#16089 = ( GEOMETRIC_REPRESENTATION_CONTEXT(2) 
PARAMETRIC_REPRESENTATION_CONTEXT() REPRESENTATION_CONTEXT('2D SPACE',''
  ) );
#16090 = PCURVE('',#15969,#16091);
#16091 = DEFINITIONAL_REPRESENTATION('',(#16092),#16096);
#16092 = LINE('',#16093,#16094);
#16093 = CARTESIAN_POINT('',(0.831380159508,-0.344368937537));
#16094 = VECTOR('',#16095,1.);
#16095 = DIRECTION('',(0.336889851754,0.941544065769));
#16096 = ( GEOMETRIC_REPRESENTATION_CONTEXT(2) 
PARAMETRIC_REPRESENTATION_CONTEXT() REPRESENTATION_CONTEXT('2D SPACE',''
  ) );
#16097 = ORIENTED_EDGE('',*,*,#16098,.F.);
#16098 = EDGE_CURVE('',#16099,#16076,#16101,.T.);
#16099 = VERTEX_POINT('',#16100);
#16100 = CARTESIAN_POINT('',(34.568613526086,-19.92420021317,150.));
#16101 = SURFACE_CURVE('',#16102,(#16106,#16113),.PCURVE_S1.);
#16102 = LINE('',#16103,#16104);
#16103 = CARTESIAN_POINT('',(34.568613526086,-19.92420021317,150.));
#16104 = VECTOR('',#16105,1.);
#16105 = DIRECTION('',(0.42755508995,0.903989294769,0.));
#16106 = PCURVE('',#15083,#16107);
#16107 = DEFINITIONAL_REPRESENTATION('',(#16108),#16112);
#16108 = LINE('',#16109,#16110);
#16109 = CARTESIAN_POINT('',(34.568613526086,-19.92420021317));
#16110 = VECTOR('',#16111,1.);
#16111 = DIRECTION('',(0.42755508995,0.903989294769));
#16112 = ( GEOMETRIC_REPRESENTATION_CONTEXT(2) 
PARAMETRIC_REPRESENTATION_CONTEXT() REPRESENTATION_CONTEXT('2D SPACE',''
  ) );
#16113 = PCURVE('',#15969,#16114);
#16114 = DEFINITIONAL_REPRESENTATION('',(#16115),#16119);
#16115 = LINE('',#16116,#16117);
#16116 = CARTESIAN_POINT('',(0.793622778493,-0.424200213175));
#16117 = VECTOR('',#16118,1.);
#16118 = DIRECTION('',(0.42755508995,0.903989294769));
#16119 = ( GEOMETRIC_REPRESENTATION_CONTEXT(2) 
PARAMETRIC_REPRESENTATION_CONTEXT() REPRESENTATION_CONTEXT('2D SPACE',''
  ) );
#16120 = ORIENTED_EDGE('',*,*,#16121,.F.);
#16121 = EDGE_CURVE('',#16122,#16099,#16124,.T.);
#16122 = VERTEX_POINT('',#16123);
#16123 = CARTESIAN_POINT('',(34.523213123882,-19.99994620804,150.));
#16124 = SURFACE_CURVE('',#16125,(#16129,#16136),.PCURVE_S1.);
#16125 = LINE('',#16126,#16127);
#16126 = CARTESIAN_POINT('',(34.523213123882,-19.99994620804,150.));
#16127 = VECTOR('',#16128,1.);
#16128 = DIRECTION('',(0.51410274472,0.857728609685,0.));
#16129 = PCURVE('',#15083,#16130);
#16130 = DEFINITIONAL_REPRESENTATION('',(#16131),#16135);
#16131 = LINE('',#16132,#16133);
#16132 = CARTESIAN_POINT('',(34.523213123882,-19.99994620804));
#16133 = VECTOR('',#16134,1.);
#16134 = DIRECTION('',(0.51410274472,0.857728609685));
#16135 = ( GEOMETRIC_REPRESENTATION_CONTEXT(2) 
PARAMETRIC_REPRESENTATION_CONTEXT() REPRESENTATION_CONTEXT('2D SPACE',''
  ) );
#16136 = PCURVE('',#15969,#16137);
#16137 = DEFINITIONAL_REPRESENTATION('',(#16138),#16142);
#16138 = LINE('',#16139,#16140);
#16139 = CARTESIAN_POINT('',(0.748222376288,-0.499946208041));
#16140 = VECTOR('',#16141,1.);
#16141 = DIRECTION('',(0.51410274472,0.857728609685));
#16142 = ( GEOMETRIC_REPRESENTATION_CONTEXT(2) 
PARAMETRIC_REPRESENTATION_CONTEXT() REPRESENTATION_CONTEXT('2D SPACE',''
  ) );
#16143 = ORIENTED_EDGE('',*,*,#16144,.F.);
#16144 = EDGE_CURVE('',#16145,#16122,#16147,.T.);
#16145 = VERTEX_POINT('',#16146);
#16146 = CARTESIAN_POINT('',(34.470606930887,-20.07087744797,150.));
#16147 = SURFACE_CURVE('',#16148,(#16152,#16159),.PCURVE_S1.);
#16148 = LINE('',#16149,#16150);
#16149 = CARTESIAN_POINT('',(34.470606930887,-20.07087744797,150.));
#16150 = VECTOR('',#16151,1.);
#16151 = DIRECTION('',(0.59569930559,0.803207530666,0.));
#16152 = PCURVE('',#15083,#16153);
#16153 = DEFINITIONAL_REPRESENTATION('',(#16154),#16158);
#16154 = LINE('',#16155,#16156);
#16155 = CARTESIAN_POINT('',(34.470606930887,-20.07087744797));
#16156 = VECTOR('',#16157,1.);
#16157 = DIRECTION('',(0.59569930559,0.803207530666));
#16158 = ( GEOMETRIC_REPRESENTATION_CONTEXT(2) 
PARAMETRIC_REPRESENTATION_CONTEXT() REPRESENTATION_CONTEXT('2D SPACE',''
  ) );
#16159 = PCURVE('',#15969,#16160);
#16160 = DEFINITIONAL_REPRESENTATION('',(#16161),#16165);
#16161 = LINE('',#16162,#16163);
#16162 = CARTESIAN_POINT('',(0.695616183294,-0.570877447974));
#16163 = VECTOR('',#16164,1.);
#16164 = DIRECTION('',(0.59569930559,0.803207530666));
#16165 = ( GEOMETRIC_REPRESENTATION_CONTEXT(2) 
PARAMETRIC_REPRESENTATION_CONTEXT() REPRESENTATION_CONTEXT('2D SPACE',''
  ) );
#16166 = ORIENTED_EDGE('',*,*,#16167,.F.);
#16167 = EDGE_CURVE('',#16168,#16145,#16170,.T.);
#16168 = VERTEX_POINT('',#16169);
#16169 = CARTESIAN_POINT('',(34.411301574049,-20.13631082604,150.));
#16170 = SURFACE_CURVE('',#16171,(#16175,#16182),.PCURVE_S1.);
#16171 = LINE('',#16172,#16173);
#16172 = CARTESIAN_POINT('',(34.411301574049,-20.13631082604,150.));
#16173 = VECTOR('',#16174,1.);
#16174 = DIRECTION('',(0.671558953977,0.740951126143,0.));
#16175 = PCURVE('',#15083,#16176);
#16176 = DEFINITIONAL_REPRESENTATION('',(#16177),#16181);
#16177 = LINE('',#16178,#16179);
#16178 = CARTESIAN_POINT('',(34.411301574049,-20.13631082604));
#16179 = VECTOR('',#16180,1.);
#16180 = DIRECTION('',(0.671558953977,0.740951126143));
#16181 = ( GEOMETRIC_REPRESENTATION_CONTEXT(2) 
PARAMETRIC_REPRESENTATION_CONTEXT() REPRESENTATION_CONTEXT('2D SPACE',''
  ) );
#16182 = PCURVE('',#15969,#16183);
#16183 = DEFINITIONAL_REPRESENTATION('',(#16184),#16188);
#16184 = LINE('',#16185,#16186);
#16185 = CARTESIAN_POINT('',(0.636310826456,-0.636310826049));
#16186 = VECTOR('',#16187,1.);
#16187 = DIRECTION('',(0.671558953977,0.740951126143));
#16188 = ( GEOMETRIC_REPRESENTATION_CONTEXT(2) 
PARAMETRIC_REPRESENTATION_CONTEXT() REPRESENTATION_CONTEXT('2D SPACE',''
  ) );
#16189 = ORIENTED_EDGE('',*,*,#16190,.F.);
#16190 = EDGE_CURVE('',#16191,#16168,#16193,.T.);
#16191 = VERTEX_POINT('',#16192);
#16192 = CARTESIAN_POINT('',(34.345868195974,-20.19561618288,150.));
#16193 = SURFACE_CURVE('',#16194,(#16198,#16205),.PCURVE_S1.);
#16194 = LINE('',#16195,#16196);
#16195 = CARTESIAN_POINT('',(34.345868195974,-20.19561618288,150.));
#16196 = VECTOR('',#16197,1.);
#16197 = DIRECTION('',(0.740951126143,0.671558953977,0.));
#16198 = PCURVE('',#15083,#16199);
#16199 = DEFINITIONAL_REPRESENTATION('',(#16200),#16204);
#16200 = LINE('',#16201,#16202);
#16201 = CARTESIAN_POINT('',(34.345868195974,-20.19561618288));
#16202 = VECTOR('',#16203,1.);
#16203 = DIRECTION('',(0.740951126143,0.671558953977));
#16204 = ( GEOMETRIC_REPRESENTATION_CONTEXT(2) 
PARAMETRIC_REPRESENTATION_CONTEXT() REPRESENTATION_CONTEXT('2D SPACE',''
  ) );
#16205 = PCURVE('',#15969,#16206);
#16206 = DEFINITIONAL_REPRESENTATION('',(#16207),#16211);
#16207 = LINE('',#16208,#16209);
#16208 = CARTESIAN_POINT('',(0.570877448381,-0.695616182887));
#16209 = VECTOR('',#16210,1.);
#16210 = DIRECTION('',(0.740951126143,0.671558953977));
#16211 = ( GEOMETRIC_REPRESENTATION_CONTEXT(2) 
PARAMETRIC_REPRESENTATION_CONTEXT() REPRESENTATION_CONTEXT('2D SPACE',''
  ) );
#16212 = ORIENTED_EDGE('',*,*,#16213,.F.);
#16213 = EDGE_CURVE('',#16214,#16191,#16216,.T.);
#16214 = VERTEX_POINT('',#16215);
#16215 = CARTESIAN_POINT('',(34.274936956251,-20.24822237572,150.));
#16216 = SURFACE_CURVE('',#16217,(#16221,#16228),.PCURVE_S1.);
#16217 = LINE('',#16218,#16219);
#16218 = CARTESIAN_POINT('',(34.274936956251,-20.24822237572,150.));
#16219 = VECTOR('',#16220,1.);
#16220 = DIRECTION('',(0.803207530666,0.59569930559,0.));
#16221 = PCURVE('',#15083,#16222);
#16222 = DEFINITIONAL_REPRESENTATION('',(#16223),#16227);
#16223 = LINE('',#16224,#16225);
#16224 = CARTESIAN_POINT('',(34.274936956251,-20.24822237572));
#16225 = VECTOR('',#16226,1.);
#16226 = DIRECTION('',(0.803207530666,0.59569930559));
#16227 = ( GEOMETRIC_REPRESENTATION_CONTEXT(2) 
PARAMETRIC_REPRESENTATION_CONTEXT() REPRESENTATION_CONTEXT('2D SPACE',''
  ) );
#16228 = PCURVE('',#15969,#16229);
#16229 = DEFINITIONAL_REPRESENTATION('',(#16230),#16234);
#16230 = LINE('',#16231,#16232);
#16231 = CARTESIAN_POINT('',(0.499946208658,-0.748222375725));
#16232 = VECTOR('',#16233,1.);
#16233 = DIRECTION('',(0.803207530666,0.59569930559));
#16234 = ( GEOMETRIC_REPRESENTATION_CONTEXT(2) 
PARAMETRIC_REPRESENTATION_CONTEXT() REPRESENTATION_CONTEXT('2D SPACE',''
  ) );
#16235 = ORIENTED_EDGE('',*,*,#16236,.F.);
#16236 = EDGE_CURVE('',#15954,#16214,#16237,.T.);
#16237 = SURFACE_CURVE('',#16238,(#16242,#16249),.PCURVE_S1.);
#16238 = LINE('',#16239,#16240);
#16239 = CARTESIAN_POINT('',(34.195678953015,-20.29572779417,150.));
#16240 = VECTOR('',#16241,1.);
#16241 = DIRECTION('',(0.857728612378,0.514102740226,0.));
#16242 = PCURVE('',#15083,#16243);
#16243 = DEFINITIONAL_REPRESENTATION('',(#16244),#16248);
#16244 = LINE('',#16245,#16246);
#16245 = CARTESIAN_POINT('',(34.195678953015,-20.29572779417));
#16246 = VECTOR('',#16247,1.);
#16247 = DIRECTION('',(0.857728612378,0.514102740226));
#16248 = ( GEOMETRIC_REPRESENTATION_CONTEXT(2) 
PARAMETRIC_REPRESENTATION_CONTEXT() REPRESENTATION_CONTEXT('2D SPACE',''
  ) );
#16249 = PCURVE('',#15969,#16250);
#16250 = DEFINITIONAL_REPRESENTATION('',(#16251),#16255);
#16251 = LINE('',#16252,#16253);
#16252 = CARTESIAN_POINT('',(0.420688205422,-0.795727794176));
#16253 = VECTOR('',#16254,1.);
#16254 = DIRECTION('',(0.857728612378,0.514102740226));
#16255 = ( GEOMETRIC_REPRESENTATION_CONTEXT(2) 
PARAMETRIC_REPRESENTATION_CONTEXT() REPRESENTATION_CONTEXT('2D SPACE',''
  ) );
#16256 = ADVANCED_FACE('',(#16257),#15054,.F.);
#16257 = FACE_BOUND('',#16258,.F.);
#16258 = EDGE_LOOP('',(#16259,#16284,#16303,#16304));
#16259 = ORIENTED_EDGE('',*,*,#16260,.F.);
#16260 = EDGE_CURVE('',#16261,#16263,#16265,.T.);
#16261 = VERTEX_POINT('',#16262);
#16262 = CARTESIAN_POINT('',(34.674990748,-19.06411010648,135.));
#16263 = VERTEX_POINT('',#16264);
#16264 = CARTESIAN_POINT('',(34.674990748,19.064110106486,135.));
#16265 = SURFACE_CURVE('',#16266,(#16270,#16277),.PCURVE_S1.);
#16266 = LINE('',#16267,#16268);
#16267 = CARTESIAN_POINT('',(34.674990748,-19.49754513743,135.));
#16268 = VECTOR('',#16269,1.);
#16269 = DIRECTION('',(0.,1.,0.));
#16270 = PCURVE('',#15054,#16271);
#16271 = DEFINITIONAL_REPRESENTATION('',(#16272),#16276);
#16272 = LINE('',#16273,#16274);
#16273 = CARTESIAN_POINT('',(0.,0.));
#16274 = VECTOR('',#16275,1.);
#16275 = DIRECTION('',(1.,0.));
#16276 = ( GEOMETRIC_REPRESENTATION_CONTEXT(2) 
PARAMETRIC_REPRESENTATION_CONTEXT() REPRESENTATION_CONTEXT('2D SPACE',''
  ) );
#16277 = PCURVE('',#15529,#16278);
#16278 = DEFINITIONAL_REPRESENTATION('',(#16279),#16283);
#16279 = LINE('',#16280,#16281);
#16280 = CARTESIAN_POINT('',(-20.18826424005,-34.674990748));
#16281 = VECTOR('',#16282,1.);
#16282 = DIRECTION('',(1.,5.761930682754E-78));
#16283 = ( GEOMETRIC_REPRESENTATION_CONTEXT(2) 
PARAMETRIC_REPRESENTATION_CONTEXT() REPRESENTATION_CONTEXT('2D SPACE',''
  ) );
#16284 = ORIENTED_EDGE('',*,*,#16285,.T.);
#16285 = EDGE_CURVE('',#16261,#15039,#16286,.T.);
#16286 = SURFACE_CURVE('',#16287,(#16291,#16297),.PCURVE_S1.);
#16287 = LINE('',#16288,#16289);
#16288 = CARTESIAN_POINT('',(34.674990748,-19.06411010648,-150.));
#16289 = VECTOR('',#16290,1.);
#16290 = DIRECTION('',(0.,0.,1.));
#16291 = PCURVE('',#15054,#16292);
#16292 = DEFINITIONAL_REPRESENTATION('',(#16293),#16296);
#16293 = B_SPLINE_CURVE_WITH_KNOTS('',1,(#16294,#16295),.UNSPECIFIED.,
  .F.,.F.,(2,2),(283.5,300.0000006),.PIECEWISE_BEZIER_KNOTS.);
#16294 = CARTESIAN_POINT('',(0.433435030952,1.5));
#16295 = CARTESIAN_POINT('',(0.433435030952,-15.0000006));
#16296 = ( GEOMETRIC_REPRESENTATION_CONTEXT(2) 
PARAMETRIC_REPRESENTATION_CONTEXT() REPRESENTATION_CONTEXT('2D SPACE',''
  ) );
#16297 = PCURVE('',#15939,#16298);
#16298 = DEFINITIONAL_REPRESENTATION('',(#16299),#16302);
#16299 = B_SPLINE_CURVE_WITH_KNOTS('',1,(#16300,#16301),.UNSPECIFIED.,
  .F.,.F.,(2,2),(283.5,300.0000006),.PIECEWISE_BEZIER_KNOTS.);
#16300 = CARTESIAN_POINT('',(0.451026810863,283.5));
#16301 = CARTESIAN_POINT('',(0.451026810863,300.0000006));
#16302 = ( GEOMETRIC_REPRESENTATION_CONTEXT(2) 
PARAMETRIC_REPRESENTATION_CONTEXT() REPRESENTATION_CONTEXT('2D SPACE',''
  ) );
#16303 = ORIENTED_EDGE('',*,*,#15038,.T.);
#16304 = ORIENTED_EDGE('',*,*,#16305,.F.);
#16305 = EDGE_CURVE('',#16263,#15015,#16306,.T.);
#16306 = SURFACE_CURVE('',#16307,(#16311,#16317),.PCURVE_S1.);
#16307 = LINE('',#16308,#16309);
#16308 = CARTESIAN_POINT('',(34.674990748,19.064110106486,-150.));
#16309 = VECTOR('',#16310,1.);
#16310 = DIRECTION('',(0.,0.,1.));
#16311 = PCURVE('',#15054,#16312);
#16312 = DEFINITIONAL_REPRESENTATION('',(#16313),#16316);
#16313 = B_SPLINE_CURVE_WITH_KNOTS('',1,(#16314,#16315),.UNSPECIFIED.,
  .F.,.F.,(2,2),(283.5,300.0000006),.PIECEWISE_BEZIER_KNOTS.);
#16314 = CARTESIAN_POINT('',(38.561655243925,1.5));
#16315 = CARTESIAN_POINT('',(38.561655243925,-15.0000006));
#16316 = ( GEOMETRIC_REPRESENTATION_CONTEXT(2) 
PARAMETRIC_REPRESENTATION_CONTEXT() REPRESENTATION_CONTEXT('2D SPACE',''
  ) );
#16317 = PCURVE('',#16318,#16323);
#16318 = CYLINDRICAL_SURFACE('',#16319,1.);
#16319 = AXIS2_PLACEMENT_3D('',#16320,#16321,#16322);
#16320 = CARTESIAN_POINT('',(33.774990747593,19.5,-150.));
#16321 = DIRECTION('',(0.,0.,1.));
#16322 = DIRECTION('',(1.,0.,-0.));
#16323 = DEFINITIONAL_REPRESENTATION('',(#16324),#16327);
#16324 = B_SPLINE_CURVE_WITH_KNOTS('',1,(#16325,#16326),.UNSPECIFIED.,
  .F.,.F.,(2,2),(283.5,300.0000006),.PIECEWISE_BEZIER_KNOTS.);
#16325 = CARTESIAN_POINT('',(5.832158496317,283.5));
#16326 = CARTESIAN_POINT('',(5.832158496317,300.0000006));
#16327 = ( GEOMETRIC_REPRESENTATION_CONTEXT(2) 
PARAMETRIC_REPRESENTATION_CONTEXT() REPRESENTATION_CONTEXT('2D SPACE',''
  ) );
#16328 = ADVANCED_FACE('',(#16329),#15002,.F.);
#16329 = FACE_BOUND('',#16330,.F.);
#16330 = EDGE_LOOP('',(#16331,#16332,#16360,#16383,#16406,#16429,#16452,
    #16475,#16498,#16521,#16544,#16567,#16590,#16611));
#16331 = ORIENTED_EDGE('',*,*,#14985,.T.);
#16332 = ORIENTED_EDGE('',*,*,#16333,.F.);
#16333 = EDGE_CURVE('',#16334,#14958,#16336,.T.);
#16334 = VERTEX_POINT('',#16335);
#16335 = CARTESIAN_POINT('',(34.272247314161,20.250217150257,150.));
#16336 = SURFACE_CURVE('',#16337,(#16341,#16348),.PCURVE_S1.);
#16337 = LINE('',#16338,#16339);
#16338 = CARTESIAN_POINT('',(34.272247314161,20.250217150257,150.));
#16339 = VECTOR('',#16340,1.);
#16340 = DIRECTION('',(-0.821444268946,0.570288797905,0.));
#16341 = PCURVE('',#15002,#16342);
#16342 = DEFINITIONAL_REPRESENTATION('',(#16343),#16347);
#16343 = LINE('',#16344,#16345);
#16344 = CARTESIAN_POINT('',(34.272247314161,20.250217150257));
#16345 = VECTOR('',#16346,1.);
#16346 = DIRECTION('',(-0.821444268946,0.570288797905));
#16347 = ( GEOMETRIC_REPRESENTATION_CONTEXT(2) 
PARAMETRIC_REPRESENTATION_CONTEXT() REPRESENTATION_CONTEXT('2D SPACE',''
  ) );
#16348 = PCURVE('',#16349,#16354);
#16349 = PLANE('',#16350);
#16350 = AXIS2_PLACEMENT_3D('',#16351,#16352,#16353);
#16351 = CARTESIAN_POINT('',(33.774990747593,19.5,150.));
#16352 = DIRECTION('',(0.,0.,1.));
#16353 = DIRECTION('',(1.,0.,-0.));
#16354 = DEFINITIONAL_REPRESENTATION('',(#16355),#16359);
#16355 = LINE('',#16356,#16357);
#16356 = CARTESIAN_POINT('',(0.497256566568,0.750217150257));
#16357 = VECTOR('',#16358,1.);
#16358 = DIRECTION('',(-0.821444268946,0.570288797905));
#16359 = ( GEOMETRIC_REPRESENTATION_CONTEXT(2) 
PARAMETRIC_REPRESENTATION_CONTEXT() REPRESENTATION_CONTEXT('2D SPACE',''
  ) );
#16360 = ORIENTED_EDGE('',*,*,#16361,.F.);
#16361 = EDGE_CURVE('',#16362,#16334,#16364,.T.);
#16362 = VERTEX_POINT('',#16363);
#16363 = CARTESIAN_POINT('',(34.345868195974,20.195616182887,150.));
#16364 = SURFACE_CURVE('',#16365,(#16369,#16376),.PCURVE_S1.);
#16365 = LINE('',#16366,#16367);
#16366 = CARTESIAN_POINT('',(34.345868195974,20.195616182887,150.));
#16367 = VECTOR('',#16368,1.);
#16368 = DIRECTION('',(-0.803207530666,0.59569930559,0.));
#16369 = PCURVE('',#15002,#16370);
#16370 = DEFINITIONAL_REPRESENTATION('',(#16371),#16375);
#16371 = LINE('',#16372,#16373);
#16372 = CARTESIAN_POINT('',(34.345868195974,20.195616182887));
#16373 = VECTOR('',#16374,1.);
#16374 = DIRECTION('',(-0.803207530666,0.59569930559));
#16375 = ( GEOMETRIC_REPRESENTATION_CONTEXT(2) 
PARAMETRIC_REPRESENTATION_CONTEXT() REPRESENTATION_CONTEXT('2D SPACE',''
  ) );
#16376 = PCURVE('',#16349,#16377);
#16377 = DEFINITIONAL_REPRESENTATION('',(#16378),#16382);
#16378 = LINE('',#16379,#16380);
#16379 = CARTESIAN_POINT('',(0.570877448381,0.695616182887));
#16380 = VECTOR('',#16381,1.);
#16381 = DIRECTION('',(-0.803207530666,0.59569930559));
#16382 = ( GEOMETRIC_REPRESENTATION_CONTEXT(2) 
PARAMETRIC_REPRESENTATION_CONTEXT() REPRESENTATION_CONTEXT('2D SPACE',''
  ) );
#16383 = ORIENTED_EDGE('',*,*,#16384,.F.);
#16384 = EDGE_CURVE('',#16385,#16362,#16387,.T.);
#16385 = VERTEX_POINT('',#16386);
#16386 = CARTESIAN_POINT('',(34.411301574049,20.136310826049,150.));
#16387 = SURFACE_CURVE('',#16388,(#16392,#16399),.PCURVE_S1.);
#16388 = LINE('',#16389,#16390);
#16389 = CARTESIAN_POINT('',(34.411301574049,20.136310826049,150.));
#16390 = VECTOR('',#16391,1.);
#16391 = DIRECTION('',(-0.740951126143,0.671558953977,0.));
#16392 = PCURVE('',#15002,#16393);
#16393 = DEFINITIONAL_REPRESENTATION('',(#16394),#16398);
#16394 = LINE('',#16395,#16396);
#16395 = CARTESIAN_POINT('',(34.411301574049,20.136310826049));
#16396 = VECTOR('',#16397,1.);
#16397 = DIRECTION('',(-0.740951126143,0.671558953977));
#16398 = ( GEOMETRIC_REPRESENTATION_CONTEXT(2) 
PARAMETRIC_REPRESENTATION_CONTEXT() REPRESENTATION_CONTEXT('2D SPACE',''
  ) );
#16399 = PCURVE('',#16349,#16400);
#16400 = DEFINITIONAL_REPRESENTATION('',(#16401),#16405);
#16401 = LINE('',#16402,#16403);
#16402 = CARTESIAN_POINT('',(0.636310826456,0.636310826049));
#16403 = VECTOR('',#16404,1.);
#16404 = DIRECTION('',(-0.740951126143,0.671558953977));
#16405 = ( GEOMETRIC_REPRESENTATION_CONTEXT(2) 
PARAMETRIC_REPRESENTATION_CONTEXT() REPRESENTATION_CONTEXT('2D SPACE',''
  ) );
#16406 = ORIENTED_EDGE('',*,*,#16407,.F.);
#16407 = EDGE_CURVE('',#16408,#16385,#16410,.T.);
#16408 = VERTEX_POINT('',#16409);
#16409 = CARTESIAN_POINT('',(34.470606930887,20.070877447974,150.));
#16410 = SURFACE_CURVE('',#16411,(#16415,#16422),.PCURVE_S1.);
#16411 = LINE('',#16412,#16413);
#16412 = CARTESIAN_POINT('',(34.470606930887,20.070877447974,150.));
#16413 = VECTOR('',#16414,1.);
#16414 = DIRECTION('',(-0.671558953977,0.740951126143,0.));
#16415 = PCURVE('',#15002,#16416);
#16416 = DEFINITIONAL_REPRESENTATION('',(#16417),#16421);
#16417 = LINE('',#16418,#16419);
#16418 = CARTESIAN_POINT('',(34.470606930887,20.070877447974));
#16419 = VECTOR('',#16420,1.);
#16420 = DIRECTION('',(-0.671558953977,0.740951126143));
#16421 = ( GEOMETRIC_REPRESENTATION_CONTEXT(2) 
PARAMETRIC_REPRESENTATION_CONTEXT() REPRESENTATION_CONTEXT('2D SPACE',''
  ) );
#16422 = PCURVE('',#16349,#16423);
#16423 = DEFINITIONAL_REPRESENTATION('',(#16424),#16428);
#16424 = LINE('',#16425,#16426);
#16425 = CARTESIAN_POINT('',(0.695616183294,0.570877447974));
#16426 = VECTOR('',#16427,1.);
#16427 = DIRECTION('',(-0.671558953977,0.740951126143));
#16428 = ( GEOMETRIC_REPRESENTATION_CONTEXT(2) 
PARAMETRIC_REPRESENTATION_CONTEXT() REPRESENTATION_CONTEXT('2D SPACE',''
  ) );
#16429 = ORIENTED_EDGE('',*,*,#16430,.F.);
#16430 = EDGE_CURVE('',#16431,#16408,#16433,.T.);
#16431 = VERTEX_POINT('',#16432);
#16432 = CARTESIAN_POINT('',(34.523213123882,19.999946208041,150.));
#16433 = SURFACE_CURVE('',#16434,(#16438,#16445),.PCURVE_S1.);
#16434 = LINE('',#16435,#16436);
#16435 = CARTESIAN_POINT('',(34.523213123882,19.999946208041,150.));
#16436 = VECTOR('',#16437,1.);
#16437 = DIRECTION('',(-0.59569930559,0.803207530666,0.));
#16438 = PCURVE('',#15002,#16439);
#16439 = DEFINITIONAL_REPRESENTATION('',(#16440),#16444);
#16440 = LINE('',#16441,#16442);
#16441 = CARTESIAN_POINT('',(34.523213123882,19.999946208041));
#16442 = VECTOR('',#16443,1.);
#16443 = DIRECTION('',(-0.59569930559,0.803207530666));
#16444 = ( GEOMETRIC_REPRESENTATION_CONTEXT(2) 
PARAMETRIC_REPRESENTATION_CONTEXT() REPRESENTATION_CONTEXT('2D SPACE',''
  ) );
#16445 = PCURVE('',#16349,#16446);
#16446 = DEFINITIONAL_REPRESENTATION('',(#16447),#16451);
#16447 = LINE('',#16448,#16449);
#16448 = CARTESIAN_POINT('',(0.748222376288,0.499946208041));
#16449 = VECTOR('',#16450,1.);
#16450 = DIRECTION('',(-0.59569930559,0.803207530666));
#16451 = ( GEOMETRIC_REPRESENTATION_CONTEXT(2) 
PARAMETRIC_REPRESENTATION_CONTEXT() REPRESENTATION_CONTEXT('2D SPACE',''
  ) );
#16452 = ORIENTED_EDGE('',*,*,#16453,.F.);
#16453 = EDGE_CURVE('',#16454,#16431,#16456,.T.);
#16454 = VERTEX_POINT('',#16455);
#16455 = CARTESIAN_POINT('',(34.568613526086,19.924200213175,150.));
#16456 = SURFACE_CURVE('',#16457,(#16461,#16468),.PCURVE_S1.);
#16457 = LINE('',#16458,#16459);
#16458 = CARTESIAN_POINT('',(34.568613526086,19.924200213175,150.));
#16459 = VECTOR('',#16460,1.);
#16460 = DIRECTION('',(-0.51410274472,0.857728609685,0.));
#16461 = PCURVE('',#15002,#16462);
#16462 = DEFINITIONAL_REPRESENTATION('',(#16463),#16467);
#16463 = LINE('',#16464,#16465);
#16464 = CARTESIAN_POINT('',(34.568613526086,19.924200213175));
#16465 = VECTOR('',#16466,1.);
#16466 = DIRECTION('',(-0.51410274472,0.857728609685));
#16467 = ( GEOMETRIC_REPRESENTATION_CONTEXT(2) 
PARAMETRIC_REPRESENTATION_CONTEXT() REPRESENTATION_CONTEXT('2D SPACE',''
  ) );
#16468 = PCURVE('',#16349,#16469);
#16469 = DEFINITIONAL_REPRESENTATION('',(#16470),#16474);
#16470 = LINE('',#16471,#16472);
#16471 = CARTESIAN_POINT('',(0.793622778493,0.424200213175));
#16472 = VECTOR('',#16473,1.);
#16473 = DIRECTION('',(-0.51410274472,0.857728609685));
#16474 = ( GEOMETRIC_REPRESENTATION_CONTEXT(2) 
PARAMETRIC_REPRESENTATION_CONTEXT() REPRESENTATION_CONTEXT('2D SPACE',''
  ) );
#16475 = ORIENTED_EDGE('',*,*,#16476,.F.);
#16476 = EDGE_CURVE('',#16477,#16454,#16479,.T.);
#16477 = VERTEX_POINT('',#16478);
#16478 = CARTESIAN_POINT('',(34.606370907101,19.844368937537,150.));
#16479 = SURFACE_CURVE('',#16480,(#16484,#16491),.PCURVE_S1.);
#16480 = LINE('',#16481,#16482);
#16481 = CARTESIAN_POINT('',(34.606370907101,19.844368937537,150.));
#16482 = VECTOR('',#16483,1.);
#16483 = DIRECTION('',(-0.42755508995,0.903989294769,0.));
#16484 = PCURVE('',#15002,#16485);
#16485 = DEFINITIONAL_REPRESENTATION('',(#16486),#16490);
#16486 = LINE('',#16487,#16488);
#16487 = CARTESIAN_POINT('',(34.606370907101,19.844368937537));
#16488 = VECTOR('',#16489,1.);
#16489 = DIRECTION('',(-0.42755508995,0.903989294769));
#16490 = ( GEOMETRIC_REPRESENTATION_CONTEXT(2) 
PARAMETRIC_REPRESENTATION_CONTEXT() REPRESENTATION_CONTEXT('2D SPACE',''
  ) );
#16491 = PCURVE('',#16349,#16492);
#16492 = DEFINITIONAL_REPRESENTATION('',(#16493),#16497);
#16493 = LINE('',#16494,#16495);
#16494 = CARTESIAN_POINT('',(0.831380159508,0.344368937537));
#16495 = VECTOR('',#16496,1.);
#16496 = DIRECTION('',(-0.42755508995,0.903989294769));
#16497 = ( GEOMETRIC_REPRESENTATION_CONTEXT(2) 
PARAMETRIC_REPRESENTATION_CONTEXT() REPRESENTATION_CONTEXT('2D SPACE',''
  ) );
#16498 = ORIENTED_EDGE('',*,*,#16499,.F.);
#16499 = EDGE_CURVE('',#16500,#16477,#16502,.T.);
#16500 = VERTEX_POINT('',#16501);
#16501 = CARTESIAN_POINT('',(34.636121642804,19.761221200948,150.));
#16502 = SURFACE_CURVE('',#16503,(#16507,#16514),.PCURVE_S1.);
#16503 = LINE('',#16504,#16505);
#16504 = CARTESIAN_POINT('',(34.636121642804,19.761221200948,150.));
#16505 = VECTOR('',#16506,1.);
#16506 = DIRECTION('',(-0.336889851754,0.941544065769,0.));
#16507 = PCURVE('',#15002,#16508);
#16508 = DEFINITIONAL_REPRESENTATION('',(#16509),#16513);
#16509 = LINE('',#16510,#16511);
#16510 = CARTESIAN_POINT('',(34.636121642804,19.761221200948));
#16511 = VECTOR('',#16512,1.);
#16512 = DIRECTION('',(-0.336889851754,0.941544065769));
#16513 = ( GEOMETRIC_REPRESENTATION_CONTEXT(2) 
PARAMETRIC_REPRESENTATION_CONTEXT() REPRESENTATION_CONTEXT('2D SPACE',''
  ) );
#16514 = PCURVE('',#16349,#16515);
#16515 = DEFINITIONAL_REPRESENTATION('',(#16516),#16520);
#16516 = LINE('',#16517,#16518);
#16517 = CARTESIAN_POINT('',(0.861130895211,0.261221200948));
#16518 = VECTOR('',#16519,1.);
#16519 = DIRECTION('',(-0.336889851754,0.941544065769));
#16520 = ( GEOMETRIC_REPRESENTATION_CONTEXT(2) 
PARAMETRIC_REPRESENTATION_CONTEXT() REPRESENTATION_CONTEXT('2D SPACE',''
  ) );
#16521 = ORIENTED_EDGE('',*,*,#16522,.F.);
#16522 = EDGE_CURVE('',#16523,#16500,#16525,.T.);
#16523 = VERTEX_POINT('',#16524);
#16524 = CARTESIAN_POINT('',(34.657579217591,19.675557761939,150.));
#16525 = SURFACE_CURVE('',#16526,(#16530,#16537),.PCURVE_S1.);
#16526 = LINE('',#16527,#16528);
#16527 = CARTESIAN_POINT('',(34.657579217591,19.675557761939,150.));
#16528 = VECTOR('',#16529,1.);
#16529 = DIRECTION('',(-0.24298018363,0.970031252261,0.));
#16530 = PCURVE('',#15002,#16531);
#16531 = DEFINITIONAL_REPRESENTATION('',(#16532),#16536);
#16532 = LINE('',#16533,#16534);
#16533 = CARTESIAN_POINT('',(34.657579217591,19.675557761939));
#16534 = VECTOR('',#16535,1.);
#16535 = DIRECTION('',(-0.24298018363,0.970031252261));
#16536 = ( GEOMETRIC_REPRESENTATION_CONTEXT(2) 
PARAMETRIC_REPRESENTATION_CONTEXT() REPRESENTATION_CONTEXT('2D SPACE',''
  ) );
#16537 = PCURVE('',#16349,#16538);
#16538 = DEFINITIONAL_REPRESENTATION('',(#16539),#16543);
#16539 = LINE('',#16540,#16541);
#16540 = CARTESIAN_POINT('',(0.882588469997,0.175557761939));
#16541 = VECTOR('',#16542,1.);
#16542 = DIRECTION('',(-0.24298018363,0.970031252261));
#16543 = ( GEOMETRIC_REPRESENTATION_CONTEXT(2) 
PARAMETRIC_REPRESENTATION_CONTEXT() REPRESENTATION_CONTEXT('2D SPACE',''
  ) );
#16544 = ORIENTED_EDGE('',*,*,#16545,.F.);
#16545 = EDGE_CURVE('',#16546,#16523,#16548,.T.);
#16546 = VERTEX_POINT('',#16547);
#16547 = CARTESIAN_POINT('',(34.67053698245,19.588203604946,150.));
#16548 = SURFACE_CURVE('',#16549,(#16553,#16560),.PCURVE_S1.);
#16549 = LINE('',#16550,#16551);
#16550 = CARTESIAN_POINT('',(34.67053698245,19.588203604946,150.));
#16551 = VECTOR('',#16552,1.);
#16552 = DIRECTION('',(-0.14673047131,0.989176510431,0.));
#16553 = PCURVE('',#15002,#16554);
#16554 = DEFINITIONAL_REPRESENTATION('',(#16555),#16559);
#16555 = LINE('',#16556,#16557);
#16556 = CARTESIAN_POINT('',(34.67053698245,19.588203604946));
#16557 = VECTOR('',#16558,1.);
#16558 = DIRECTION('',(-0.14673047131,0.989176510431));
#16559 = ( GEOMETRIC_REPRESENTATION_CONTEXT(2) 
PARAMETRIC_REPRESENTATION_CONTEXT() REPRESENTATION_CONTEXT('2D SPACE',''
  ) );
#16560 = PCURVE('',#16349,#16561);
#16561 = DEFINITIONAL_REPRESENTATION('',(#16562),#16566);
#16562 = LINE('',#16563,#16564);
#16563 = CARTESIAN_POINT('',(0.895546234857,8.820360494637E-02));
#16564 = VECTOR('',#16565,1.);
#16565 = DIRECTION('',(-0.14673047131,0.989176510431));
#16566 = ( GEOMETRIC_REPRESENTATION_CONTEXT(2) 
PARAMETRIC_REPRESENTATION_CONTEXT() REPRESENTATION_CONTEXT('2D SPACE',''
  ) );
#16567 = ORIENTED_EDGE('',*,*,#16568,.F.);
#16568 = EDGE_CURVE('',#16569,#16546,#16571,.T.);
#16569 = VERTEX_POINT('',#16570);
#16570 = CARTESIAN_POINT('',(34.674990748,19.497545137439,150.));
#16571 = SURFACE_CURVE('',#16572,(#16576,#16583),.PCURVE_S1.);
#16572 = LINE('',#16573,#16574);
#16573 = CARTESIAN_POINT('',(34.674990748,19.497545137439,150.));
#16574 = VECTOR('',#16575,1.);
#16575 = DIRECTION('',(-4.906768132518E-02,0.998795455861,0.));
#16576 = PCURVE('',#15002,#16577);
#16577 = DEFINITIONAL_REPRESENTATION('',(#16578),#16582);
#16578 = LINE('',#16579,#16580);
#16579 = CARTESIAN_POINT('',(34.674990748,19.497545137439));
#16580 = VECTOR('',#16581,1.);
#16581 = DIRECTION('',(-4.906768132518E-02,0.998795455861));
#16582 = ( GEOMETRIC_REPRESENTATION_CONTEXT(2) 
PARAMETRIC_REPRESENTATION_CONTEXT() REPRESENTATION_CONTEXT('2D SPACE',''
  ) );
#16583 = PCURVE('',#16349,#16584);
#16584 = DEFINITIONAL_REPRESENTATION('',(#16585),#16589);
#16585 = LINE('',#16586,#16587);
#16586 = CARTESIAN_POINT('',(0.900000000407,-2.454862561386E-03));
#16587 = VECTOR('',#16588,1.);
#16588 = DIRECTION('',(-4.906768132518E-02,0.998795455861));
#16589 = ( GEOMETRIC_REPRESENTATION_CONTEXT(2) 
PARAMETRIC_REPRESENTATION_CONTEXT() REPRESENTATION_CONTEXT('2D SPACE',''
  ) );
#16590 = ORIENTED_EDGE('',*,*,#16591,.F.);
#16591 = EDGE_CURVE('',#15015,#16569,#16592,.T.);
#16592 = SURFACE_CURVE('',#16593,(#16597,#16604),.PCURVE_S1.);
#16593 = LINE('',#16594,#16595);
#16594 = CARTESIAN_POINT('',(34.674990748,-19.49754513743,150.));
#16595 = VECTOR('',#16596,1.);
#16596 = DIRECTION('',(0.,1.,0.));
#16597 = PCURVE('',#15002,#16598);
#16598 = DEFINITIONAL_REPRESENTATION('',(#16599),#16603);
#16599 = LINE('',#16600,#16601);
#16600 = CARTESIAN_POINT('',(34.674990748,-19.49754513743));
#16601 = VECTOR('',#16602,1.);
#16602 = DIRECTION('',(0.,1.));
#16603 = ( GEOMETRIC_REPRESENTATION_CONTEXT(2) 
PARAMETRIC_REPRESENTATION_CONTEXT() REPRESENTATION_CONTEXT('2D SPACE',''
  ) );
#16604 = PCURVE('',#16349,#16605);
#16605 = DEFINITIONAL_REPRESENTATION('',(#16606),#16610);
#16606 = LINE('',#16607,#16608);
#16607 = CARTESIAN_POINT('',(0.900000000407,-38.99754513743));
#16608 = VECTOR('',#16609,1.);
#16609 = DIRECTION('',(0.,1.));
#16610 = ( GEOMETRIC_REPRESENTATION_CONTEXT(2) 
PARAMETRIC_REPRESENTATION_CONTEXT() REPRESENTATION_CONTEXT('2D SPACE',''
  ) );
#16611 = ORIENTED_EDGE('',*,*,#15014,.T.);
#16612 = ADVANCED_FACE('',(#16613),#14973,.F.);
#16613 = FACE_BOUND('',#16614,.F.);
#16614 = EDGE_LOOP('',(#16615,#16640,#16659,#16660));
#16615 = ORIENTED_EDGE('',*,*,#16616,.F.);
#16616 = EDGE_CURVE('',#16617,#16619,#16621,.T.);
#16617 = VERTEX_POINT('',#16618);
#16618 = CARTESIAN_POINT('',(33.929832153954,20.487939339674,135.));
#16619 = VERTEX_POINT('',#16620);
#16620 = CARTESIAN_POINT('',(6.,39.878263195958,135.));
#16621 = SURFACE_CURVE('',#16622,(#16626,#16633),.PCURVE_S1.);
#16622 = LINE('',#16623,#16624);
#16623 = CARTESIAN_POINT('',(34.272247314161,20.250217150257,135.));
#16624 = VECTOR('',#16625,1.);
#16625 = DIRECTION('',(-0.821444268946,0.570288797905,0.));
#16626 = PCURVE('',#14973,#16627);
#16627 = DEFINITIONAL_REPRESENTATION('',(#16628),#16632);
#16628 = LINE('',#16629,#16630);
#16629 = CARTESIAN_POINT('',(0.,0.));
#16630 = VECTOR('',#16631,1.);
#16631 = DIRECTION('',(1.,0.));
#16632 = ( GEOMETRIC_REPRESENTATION_CONTEXT(2) 
PARAMETRIC_REPRESENTATION_CONTEXT() REPRESENTATION_CONTEXT('2D SPACE',''
  ) );
#16633 = PCURVE('',#15529,#16634);
#16634 = DEFINITIONAL_REPRESENTATION('',(#16635),#16639);
#16635 = LINE('',#16636,#16637);
#16636 = CARTESIAN_POINT('',(19.559498047643,-34.27224731416));
#16637 = VECTOR('',#16638,1.);
#16638 = DIRECTION('',(0.570288797905,0.821444268946));
#16639 = ( GEOMETRIC_REPRESENTATION_CONTEXT(2) 
PARAMETRIC_REPRESENTATION_CONTEXT() REPRESENTATION_CONTEXT('2D SPACE',''
  ) );
#16640 = ORIENTED_EDGE('',*,*,#16641,.T.);
#16641 = EDGE_CURVE('',#16617,#14958,#16642,.T.);
#16642 = SURFACE_CURVE('',#16643,(#16647,#16653),.PCURVE_S1.);
#16643 = LINE('',#16644,#16645);
#16644 = CARTESIAN_POINT('',(33.929832153954,20.487939339674,-150.));
#16645 = VECTOR('',#16646,1.);
#16646 = DIRECTION('',(0.,0.,1.));
#16647 = PCURVE('',#14973,#16648);
#16648 = DEFINITIONAL_REPRESENTATION('',(#16649),#16652);
#16649 = B_SPLINE_CURVE_WITH_KNOTS('',1,(#16650,#16651),.UNSPECIFIED.,
  .F.,.F.,(2,2),(283.5,300.0000006),.PIECEWISE_BEZIER_KNOTS.);
#16650 = CARTESIAN_POINT('',(0.41684527259,1.5));
#16651 = CARTESIAN_POINT('',(0.41684527259,-15.0000006));
#16652 = ( GEOMETRIC_REPRESENTATION_CONTEXT(2) 
PARAMETRIC_REPRESENTATION_CONTEXT() REPRESENTATION_CONTEXT('2D SPACE',''
  ) );
#16653 = PCURVE('',#16318,#16654);
#16654 = DEFINITIONAL_REPRESENTATION('',(#16655),#16658);
#16655 = B_SPLINE_CURVE_WITH_KNOTS('',1,(#16656,#16657),.UNSPECIFIED.,
  .F.,.F.,(2,2),(283.5,300.0000006),.PIECEWISE_BEZIER_KNOTS.);
#16656 = CARTESIAN_POINT('',(1.415329405204,283.5));
#16657 = CARTESIAN_POINT('',(1.415329405204,300.0000006));
#16658 = ( GEOMETRIC_REPRESENTATION_CONTEXT(2) 
PARAMETRIC_REPRESENTATION_CONTEXT() REPRESENTATION_CONTEXT('2D SPACE',''
  ) );
#16659 = ORIENTED_EDGE('',*,*,#14957,.T.);
#16660 = ORIENTED_EDGE('',*,*,#16661,.F.);
#16661 = EDGE_CURVE('',#16619,#14935,#16662,.T.);
#16662 = SURFACE_CURVE('',#16663,(#16667,#16673),.PCURVE_S1.);
#16663 = LINE('',#16664,#16665);
#16664 = CARTESIAN_POINT('',(6.,39.878263195958,-7.5));
#16665 = VECTOR('',#16666,1.);
#16666 = DIRECTION('',(0.,0.,1.));
#16667 = PCURVE('',#14973,#16668);
#16668 = DEFINITIONAL_REPRESENTATION('',(#16669),#16672);
#16669 = B_SPLINE_CURVE_WITH_KNOTS('',1,(#16670,#16671),.UNSPECIFIED.,
  .F.,.F.,(2,2),(142.5,157.5),.PIECEWISE_BEZIER_KNOTS.);
#16670 = CARTESIAN_POINT('',(34.417730311066,0.));
#16671 = CARTESIAN_POINT('',(34.417730311066,-15.));
#16672 = ( GEOMETRIC_REPRESENTATION_CONTEXT(2) 
PARAMETRIC_REPRESENTATION_CONTEXT() REPRESENTATION_CONTEXT('2D SPACE',''
  ) );
#16673 = PCURVE('',#16674,#16679);
#16674 = PLANE('',#16675);
#16675 = AXIS2_PLACEMENT_3D('',#16676,#16677,#16678);
#16676 = CARTESIAN_POINT('',(6.,40.,-150.));
#16677 = DIRECTION('',(1.,0.,-0.));
#16678 = DIRECTION('',(0.,-1.,0.));
#16679 = DEFINITIONAL_REPRESENTATION('',(#16680),#16683);
#16680 = B_SPLINE_CURVE_WITH_KNOTS('',1,(#16681,#16682),.UNSPECIFIED.,
  .F.,.F.,(2,2),(142.5,157.5),.PIECEWISE_BEZIER_KNOTS.);
#16681 = CARTESIAN_POINT('',(0.121736804042,-285.));
#16682 = CARTESIAN_POINT('',(0.121736804042,-300.));
#16683 = ( GEOMETRIC_REPRESENTATION_CONTEXT(2) 
PARAMETRIC_REPRESENTATION_CONTEXT() REPRESENTATION_CONTEXT('2D SPACE',''
  ) );
#16684 = ADVANCED_FACE('',(#16685),#14899,.F.);
#16685 = FACE_BOUND('',#16686,.F.);
#16686 = EDGE_LOOP('',(#16687,#16688,#16716,#16739,#16760,#16761));
#16687 = ORIENTED_EDGE('',*,*,#14883,.F.);
#16688 = ORIENTED_EDGE('',*,*,#16689,.F.);
#16689 = EDGE_CURVE('',#16690,#14856,#16692,.T.);
#16690 = VERTEX_POINT('',#16691);
#16691 = CARTESIAN_POINT('',(-5.968690296616,39.9,150.));
#16692 = SURFACE_CURVE('',#16693,(#16697,#16704),.PCURVE_S1.);
#16693 = LINE('',#16694,#16695);
#16694 = CARTESIAN_POINT('',(-5.968690296616,39.9,150.));
#16695 = VECTOR('',#16696,1.);
#16696 = DIRECTION('',(-0.821444268946,-0.570288797905,0.));
#16697 = PCURVE('',#14899,#16698);
#16698 = DEFINITIONAL_REPRESENTATION('',(#16699),#16703);
#16699 = LINE('',#16700,#16701);
#16700 = CARTESIAN_POINT('',(-5.968690296616,39.9));
#16701 = VECTOR('',#16702,1.);
#16702 = DIRECTION('',(-0.821444268946,-0.570288797905));
#16703 = ( GEOMETRIC_REPRESENTATION_CONTEXT(2) 
PARAMETRIC_REPRESENTATION_CONTEXT() REPRESENTATION_CONTEXT('2D SPACE',''
  ) );
#16704 = PCURVE('',#16705,#16710);
#16705 = PLANE('',#16706);
#16706 = AXIS2_PLACEMENT_3D('',#16707,#16708,#16709);
#16707 = CARTESIAN_POINT('',(2.236893797763E-15,39.25,150.));
#16708 = DIRECTION('',(-0.,-0.,-1.));
#16709 = DIRECTION('',(-1.,0.,0.));
#16710 = DEFINITIONAL_REPRESENTATION('',(#16711),#16715);
#16711 = LINE('',#16712,#16713);
#16712 = CARTESIAN_POINT('',(5.968690296616,0.65));
#16713 = VECTOR('',#16714,1.);
#16714 = DIRECTION('',(0.821444268946,-0.570288797905));
#16715 = ( GEOMETRIC_REPRESENTATION_CONTEXT(2) 
PARAMETRIC_REPRESENTATION_CONTEXT() REPRESENTATION_CONTEXT('2D SPACE',''
  ) );
#16716 = ORIENTED_EDGE('',*,*,#16717,.F.);
#16717 = EDGE_CURVE('',#16718,#16690,#16720,.T.);
#16718 = VERTEX_POINT('',#16719);
#16719 = CARTESIAN_POINT('',(5.968690296616,39.9,150.));
#16720 = SURFACE_CURVE('',#16721,(#16725,#16732),.PCURVE_S1.);
#16721 = LINE('',#16722,#16723);
#16722 = CARTESIAN_POINT('',(5.968690296616,39.9,150.));
#16723 = VECTOR('',#16724,1.);
#16724 = DIRECTION('',(-1.,0.,0.));
#16725 = PCURVE('',#14899,#16726);
#16726 = DEFINITIONAL_REPRESENTATION('',(#16727),#16731);
#16727 = LINE('',#16728,#16729);
#16728 = CARTESIAN_POINT('',(5.968690296616,39.9));
#16729 = VECTOR('',#16730,1.);
#16730 = DIRECTION('',(-1.,0.));
#16731 = ( GEOMETRIC_REPRESENTATION_CONTEXT(2) 
PARAMETRIC_REPRESENTATION_CONTEXT() REPRESENTATION_CONTEXT('2D SPACE',''
  ) );
#16732 = PCURVE('',#16705,#16733);
#16733 = DEFINITIONAL_REPRESENTATION('',(#16734),#16738);
#16734 = LINE('',#16735,#16736);
#16735 = CARTESIAN_POINT('',(-5.968690296616,0.65));
#16736 = VECTOR('',#16737,1.);
#16737 = DIRECTION('',(1.,0.));
#16738 = ( GEOMETRIC_REPRESENTATION_CONTEXT(2) 
PARAMETRIC_REPRESENTATION_CONTEXT() REPRESENTATION_CONTEXT('2D SPACE',''
  ) );
#16739 = ORIENTED_EDGE('',*,*,#16740,.F.);
#16740 = EDGE_CURVE('',#14935,#16718,#16741,.T.);
#16741 = SURFACE_CURVE('',#16742,(#16746,#16753),.PCURVE_S1.);
#16742 = LINE('',#16743,#16744);
#16743 = CARTESIAN_POINT('',(34.272247314161,20.250217150257,150.));
#16744 = VECTOR('',#16745,1.);
#16745 = DIRECTION('',(-0.821444268946,0.570288797905,0.));
#16746 = PCURVE('',#14899,#16747);
#16747 = DEFINITIONAL_REPRESENTATION('',(#16748),#16752);
#16748 = LINE('',#16749,#16750);
#16749 = CARTESIAN_POINT('',(34.272247314161,20.250217150257));
#16750 = VECTOR('',#16751,1.);
#16751 = DIRECTION('',(-0.821444268946,0.570288797905));
#16752 = ( GEOMETRIC_REPRESENTATION_CONTEXT(2) 
PARAMETRIC_REPRESENTATION_CONTEXT() REPRESENTATION_CONTEXT('2D SPACE',''
  ) );
#16753 = PCURVE('',#16705,#16754);
#16754 = DEFINITIONAL_REPRESENTATION('',(#16755),#16759);
#16755 = LINE('',#16756,#16757);
#16756 = CARTESIAN_POINT('',(-34.27224731416,-18.99978284974));
#16757 = VECTOR('',#16758,1.);
#16758 = DIRECTION('',(0.821444268946,0.570288797905));
#16759 = ( GEOMETRIC_REPRESENTATION_CONTEXT(2) 
PARAMETRIC_REPRESENTATION_CONTEXT() REPRESENTATION_CONTEXT('2D SPACE',''
  ) );
#16760 = ORIENTED_EDGE('',*,*,#14934,.F.);
#16761 = ORIENTED_EDGE('',*,*,#14911,.F.);
#16762 = ADVANCED_FACE('',(#16763),#14871,.F.);
#16763 = FACE_BOUND('',#16764,.F.);
#16764 = EDGE_LOOP('',(#16765,#16790,#16814,#16815));
#16765 = ORIENTED_EDGE('',*,*,#16766,.F.);
#16766 = EDGE_CURVE('',#16767,#16769,#16771,.T.);
#16767 = VERTEX_POINT('',#16768);
#16768 = CARTESIAN_POINT('',(-6.,39.878263195958,135.));
#16769 = VERTEX_POINT('',#16770);
#16770 = CARTESIAN_POINT('',(-33.92983215395,20.487939339674,135.));
#16771 = SURFACE_CURVE('',#16772,(#16776,#16783),.PCURVE_S1.);
#16772 = LINE('',#16773,#16774);
#16773 = CARTESIAN_POINT('',(-5.968690296616,39.9,135.));
#16774 = VECTOR('',#16775,1.);
#16775 = DIRECTION('',(-0.821444268946,-0.570288797905,0.));
#16776 = PCURVE('',#14871,#16777);
#16777 = DEFINITIONAL_REPRESENTATION('',(#16778),#16782);
#16778 = LINE('',#16779,#16780);
#16779 = CARTESIAN_POINT('',(0.,0.));
#16780 = VECTOR('',#16781,1.);
#16781 = DIRECTION('',(1.,0.));
#16782 = ( GEOMETRIC_REPRESENTATION_CONTEXT(2) 
PARAMETRIC_REPRESENTATION_CONTEXT() REPRESENTATION_CONTEXT('2D SPACE',''
  ) );
#16783 = PCURVE('',#15529,#16784);
#16784 = DEFINITIONAL_REPRESENTATION('',(#16785),#16789);
#16785 = LINE('',#16786,#16787);
#16786 = CARTESIAN_POINT('',(39.209280897386,5.968690296616));
#16787 = VECTOR('',#16788,1.);
#16788 = DIRECTION('',(-0.570288797905,0.821444268946));
#16789 = ( GEOMETRIC_REPRESENTATION_CONTEXT(2) 
PARAMETRIC_REPRESENTATION_CONTEXT() REPRESENTATION_CONTEXT('2D SPACE',''
  ) );
#16790 = ORIENTED_EDGE('',*,*,#16791,.F.);
#16791 = EDGE_CURVE('',#14856,#16767,#16792,.T.);
#16792 = SURFACE_CURVE('',#16793,(#16797,#16803),.PCURVE_S1.);
#16793 = LINE('',#16794,#16795);
#16794 = CARTESIAN_POINT('',(-6.,39.878263195958,-7.5));
#16795 = VECTOR('',#16796,1.);
#16796 = DIRECTION('',(-0.,-0.,-1.));
#16797 = PCURVE('',#14871,#16798);
#16798 = DEFINITIONAL_REPRESENTATION('',(#16799),#16802);
#16799 = B_SPLINE_CURVE_WITH_KNOTS('',1,(#16800,#16801),.UNSPECIFIED.,
  .F.,.F.,(2,2),(-157.5,-142.5),.PIECEWISE_BEZIER_KNOTS.);
#16800 = CARTESIAN_POINT('',(3.811543225417E-02,-15.));
#16801 = CARTESIAN_POINT('',(3.811543225417E-02,0.));
#16802 = ( GEOMETRIC_REPRESENTATION_CONTEXT(2) 
PARAMETRIC_REPRESENTATION_CONTEXT() REPRESENTATION_CONTEXT('2D SPACE',''
  ) );
#16803 = PCURVE('',#16804,#16809);
#16804 = PLANE('',#16805);
#16805 = AXIS2_PLACEMENT_3D('',#16806,#16807,#16808);
#16806 = CARTESIAN_POINT('',(-6.,38.5,-150.));
#16807 = DIRECTION('',(-1.,0.,0.));
#16808 = DIRECTION('',(0.,1.,0.));
#16809 = DEFINITIONAL_REPRESENTATION('',(#16810),#16813);
#16810 = B_SPLINE_CURVE_WITH_KNOTS('',1,(#16811,#16812),.UNSPECIFIED.,
  .F.,.F.,(2,2),(-157.5,-142.5),.PIECEWISE_BEZIER_KNOTS.);
#16811 = CARTESIAN_POINT('',(1.378263195958,-300.));
#16812 = CARTESIAN_POINT('',(1.378263195958,-285.));
#16813 = ( GEOMETRIC_REPRESENTATION_CONTEXT(2) 
PARAMETRIC_REPRESENTATION_CONTEXT() REPRESENTATION_CONTEXT('2D SPACE',''
  ) );
#16814 = ORIENTED_EDGE('',*,*,#14855,.T.);
#16815 = ORIENTED_EDGE('',*,*,#16816,.F.);
#16816 = EDGE_CURVE('',#16769,#14827,#16817,.T.);
#16817 = SURFACE_CURVE('',#16818,(#16822,#16828),.PCURVE_S1.);
#16818 = LINE('',#16819,#16820);
#16819 = CARTESIAN_POINT('',(-33.92983215395,20.487939339674,-150.));
#16820 = VECTOR('',#16821,1.);
#16821 = DIRECTION('',(0.,0.,1.));
#16822 = PCURVE('',#14871,#16823);
#16823 = DEFINITIONAL_REPRESENTATION('',(#16824),#16827);
#16824 = B_SPLINE_CURVE_WITH_KNOTS('',1,(#16825,#16826),.UNSPECIFIED.,
  .F.,.F.,(2,2),(283.5,300.0000006),.PIECEWISE_BEZIER_KNOTS.);
#16825 = CARTESIAN_POINT('',(34.03900047073,1.5));
#16826 = CARTESIAN_POINT('',(34.03900047073,-15.0000006));
#16827 = ( GEOMETRIC_REPRESENTATION_CONTEXT(2) 
PARAMETRIC_REPRESENTATION_CONTEXT() REPRESENTATION_CONTEXT('2D SPACE',''
  ) );
#16828 = PCURVE('',#16829,#16834);
#16829 = CYLINDRICAL_SURFACE('',#16830,1.);
#16830 = AXIS2_PLACEMENT_3D('',#16831,#16832,#16833);
#16831 = CARTESIAN_POINT('',(-33.77499074759,19.5,-150.));
#16832 = DIRECTION('',(0.,0.,1.));
#16833 = DIRECTION('',(1.,0.,-0.));
#16834 = DEFINITIONAL_REPRESENTATION('',(#16835),#16838);
#16835 = B_SPLINE_CURVE_WITH_KNOTS('',1,(#16836,#16837),.UNSPECIFIED.,
  .F.,.F.,(2,2),(283.5,300.0000006),.PIECEWISE_BEZIER_KNOTS.);
#16836 = CARTESIAN_POINT('',(1.726263248385,283.5));
#16837 = CARTESIAN_POINT('',(1.726263248385,300.0000006));
#16838 = ( GEOMETRIC_REPRESENTATION_CONTEXT(2) 
PARAMETRIC_REPRESENTATION_CONTEXT() REPRESENTATION_CONTEXT('2D SPACE',''
  ) );
#16839 = ADVANCED_FACE('',(#16840),#14843,.F.);
#16840 = FACE_BOUND('',#16841,.F.);
#16841 = EDGE_LOOP('',(#16842,#16843,#16871,#16894,#16917,#16940,#16963,
    #16986,#17009,#17032,#17055,#17078,#17101));
#16842 = ORIENTED_EDGE('',*,*,#14826,.T.);
#16843 = ORIENTED_EDGE('',*,*,#16844,.F.);
#16844 = EDGE_CURVE('',#16845,#14799,#16847,.T.);
#16845 = VERTEX_POINT('',#16846);
#16846 = CARTESIAN_POINT('',(-34.674990748,19.497545137439,150.));
#16847 = SURFACE_CURVE('',#16848,(#16852,#16859),.PCURVE_S1.);
#16848 = LINE('',#16849,#16850);
#16849 = CARTESIAN_POINT('',(-34.674990748,19.497545137439,150.));
#16850 = VECTOR('',#16851,1.);
#16851 = DIRECTION('',(0.,-1.,0.));
#16852 = PCURVE('',#14843,#16853);
#16853 = DEFINITIONAL_REPRESENTATION('',(#16854),#16858);
#16854 = LINE('',#16855,#16856);
#16855 = CARTESIAN_POINT('',(-34.674990748,19.497545137439));
#16856 = VECTOR('',#16857,1.);
#16857 = DIRECTION('',(0.,-1.));
#16858 = ( GEOMETRIC_REPRESENTATION_CONTEXT(2) 
PARAMETRIC_REPRESENTATION_CONTEXT() REPRESENTATION_CONTEXT('2D SPACE',''
  ) );
#16859 = PCURVE('',#16860,#16865);
#16860 = PLANE('',#16861);
#16861 = AXIS2_PLACEMENT_3D('',#16862,#16863,#16864);
#16862 = CARTESIAN_POINT('',(-33.77499074759,19.5,150.));
#16863 = DIRECTION('',(0.,0.,1.));
#16864 = DIRECTION('',(1.,0.,-0.));
#16865 = DEFINITIONAL_REPRESENTATION('',(#16866),#16870);
#16866 = LINE('',#16867,#16868);
#16867 = CARTESIAN_POINT('',(-0.900000000407,-2.454862561429E-03));
#16868 = VECTOR('',#16869,1.);
#16869 = DIRECTION('',(0.,-1.));
#16870 = ( GEOMETRIC_REPRESENTATION_CONTEXT(2) 
PARAMETRIC_REPRESENTATION_CONTEXT() REPRESENTATION_CONTEXT('2D SPACE',''
  ) );
#16871 = ORIENTED_EDGE('',*,*,#16872,.F.);
#16872 = EDGE_CURVE('',#16873,#16845,#16875,.T.);
#16873 = VERTEX_POINT('',#16874);
#16874 = CARTESIAN_POINT('',(-34.67053698245,19.588203604946,150.));
#16875 = SURFACE_CURVE('',#16876,(#16880,#16887),.PCURVE_S1.);
#16876 = LINE('',#16877,#16878);
#16877 = CARTESIAN_POINT('',(-34.67053698245,19.588203604946,150.));
#16878 = VECTOR('',#16879,1.);
#16879 = DIRECTION('',(-4.906768132518E-02,-0.998795455861,0.));
#16880 = PCURVE('',#14843,#16881);
#16881 = DEFINITIONAL_REPRESENTATION('',(#16882),#16886);
#16882 = LINE('',#16883,#16884);
#16883 = CARTESIAN_POINT('',(-34.67053698245,19.588203604946));
#16884 = VECTOR('',#16885,1.);
#16885 = DIRECTION('',(-4.906768132518E-02,-0.998795455861));
#16886 = ( GEOMETRIC_REPRESENTATION_CONTEXT(2) 
PARAMETRIC_REPRESENTATION_CONTEXT() REPRESENTATION_CONTEXT('2D SPACE',''
  ) );
#16887 = PCURVE('',#16860,#16888);
#16888 = DEFINITIONAL_REPRESENTATION('',(#16889),#16893);
#16889 = LINE('',#16890,#16891);
#16890 = CARTESIAN_POINT('',(-0.895546234857,8.820360494633E-02));
#16891 = VECTOR('',#16892,1.);
#16892 = DIRECTION('',(-4.906768132518E-02,-0.998795455861));
#16893 = ( GEOMETRIC_REPRESENTATION_CONTEXT(2) 
PARAMETRIC_REPRESENTATION_CONTEXT() REPRESENTATION_CONTEXT('2D SPACE',''
  ) );
#16894 = ORIENTED_EDGE('',*,*,#16895,.F.);
#16895 = EDGE_CURVE('',#16896,#16873,#16898,.T.);
#16896 = VERTEX_POINT('',#16897);
#16897 = CARTESIAN_POINT('',(-34.65757921759,19.675557761939,150.));
#16898 = SURFACE_CURVE('',#16899,(#16903,#16910),.PCURVE_S1.);
#16899 = LINE('',#16900,#16901);
#16900 = CARTESIAN_POINT('',(-34.65757921759,19.675557761939,150.));
#16901 = VECTOR('',#16902,1.);
#16902 = DIRECTION('',(-0.14673047131,-0.989176510431,0.));
#16903 = PCURVE('',#14843,#16904);
#16904 = DEFINITIONAL_REPRESENTATION('',(#16905),#16909);
#16905 = LINE('',#16906,#16907);
#16906 = CARTESIAN_POINT('',(-34.65757921759,19.675557761939));
#16907 = VECTOR('',#16908,1.);
#16908 = DIRECTION('',(-0.14673047131,-0.989176510431));
#16909 = ( GEOMETRIC_REPRESENTATION_CONTEXT(2) 
PARAMETRIC_REPRESENTATION_CONTEXT() REPRESENTATION_CONTEXT('2D SPACE',''
  ) );
#16910 = PCURVE('',#16860,#16911);
#16911 = DEFINITIONAL_REPRESENTATION('',(#16912),#16916);
#16912 = LINE('',#16913,#16914);
#16913 = CARTESIAN_POINT('',(-0.882588469997,0.175557761939));
#16914 = VECTOR('',#16915,1.);
#16915 = DIRECTION('',(-0.14673047131,-0.989176510431));
#16916 = ( GEOMETRIC_REPRESENTATION_CONTEXT(2) 
PARAMETRIC_REPRESENTATION_CONTEXT() REPRESENTATION_CONTEXT('2D SPACE',''
  ) );
#16917 = ORIENTED_EDGE('',*,*,#16918,.F.);
#16918 = EDGE_CURVE('',#16919,#16896,#16921,.T.);
#16919 = VERTEX_POINT('',#16920);
#16920 = CARTESIAN_POINT('',(-34.6361216428,19.761221200948,150.));
#16921 = SURFACE_CURVE('',#16922,(#16926,#16933),.PCURVE_S1.);
#16922 = LINE('',#16923,#16924);
#16923 = CARTESIAN_POINT('',(-34.6361216428,19.761221200948,150.));
#16924 = VECTOR('',#16925,1.);
#16925 = DIRECTION('',(-0.24298018363,-0.970031252261,0.));
#16926 = PCURVE('',#14843,#16927);
#16927 = DEFINITIONAL_REPRESENTATION('',(#16928),#16932);
#16928 = LINE('',#16929,#16930);
#16929 = CARTESIAN_POINT('',(-34.6361216428,19.761221200948));
#16930 = VECTOR('',#16931,1.);
#16931 = DIRECTION('',(-0.24298018363,-0.970031252261));
#16932 = ( GEOMETRIC_REPRESENTATION_CONTEXT(2) 
PARAMETRIC_REPRESENTATION_CONTEXT() REPRESENTATION_CONTEXT('2D SPACE',''
  ) );
#16933 = PCURVE('',#16860,#16934);
#16934 = DEFINITIONAL_REPRESENTATION('',(#16935),#16939);
#16935 = LINE('',#16936,#16937);
#16936 = CARTESIAN_POINT('',(-0.861130895211,0.261221200948));
#16937 = VECTOR('',#16938,1.);
#16938 = DIRECTION('',(-0.24298018363,-0.970031252261));
#16939 = ( GEOMETRIC_REPRESENTATION_CONTEXT(2) 
PARAMETRIC_REPRESENTATION_CONTEXT() REPRESENTATION_CONTEXT('2D SPACE',''
  ) );
#16940 = ORIENTED_EDGE('',*,*,#16941,.F.);
#16941 = EDGE_CURVE('',#16942,#16919,#16944,.T.);
#16942 = VERTEX_POINT('',#16943);
#16943 = CARTESIAN_POINT('',(-34.6063709071,19.844368937537,150.));
#16944 = SURFACE_CURVE('',#16945,(#16949,#16956),.PCURVE_S1.);
#16945 = LINE('',#16946,#16947);
#16946 = CARTESIAN_POINT('',(-34.6063709071,19.844368937537,150.));
#16947 = VECTOR('',#16948,1.);
#16948 = DIRECTION('',(-0.336889851754,-0.941544065769,0.));
#16949 = PCURVE('',#14843,#16950);
#16950 = DEFINITIONAL_REPRESENTATION('',(#16951),#16955);
#16951 = LINE('',#16952,#16953);
#16952 = CARTESIAN_POINT('',(-34.6063709071,19.844368937537));
#16953 = VECTOR('',#16954,1.);
#16954 = DIRECTION('',(-0.336889851754,-0.941544065769));
#16955 = ( GEOMETRIC_REPRESENTATION_CONTEXT(2) 
PARAMETRIC_REPRESENTATION_CONTEXT() REPRESENTATION_CONTEXT('2D SPACE',''
  ) );
#16956 = PCURVE('',#16860,#16957);
#16957 = DEFINITIONAL_REPRESENTATION('',(#16958),#16962);
#16958 = LINE('',#16959,#16960);
#16959 = CARTESIAN_POINT('',(-0.831380159508,0.344368937537));
#16960 = VECTOR('',#16961,1.);
#16961 = DIRECTION('',(-0.336889851754,-0.941544065769));
#16962 = ( GEOMETRIC_REPRESENTATION_CONTEXT(2) 
PARAMETRIC_REPRESENTATION_CONTEXT() REPRESENTATION_CONTEXT('2D SPACE',''
  ) );
#16963 = ORIENTED_EDGE('',*,*,#16964,.F.);
#16964 = EDGE_CURVE('',#16965,#16942,#16967,.T.);
#16965 = VERTEX_POINT('',#16966);
#16966 = CARTESIAN_POINT('',(-34.56861352608,19.924200213175,150.));
#16967 = SURFACE_CURVE('',#16968,(#16972,#16979),.PCURVE_S1.);
#16968 = LINE('',#16969,#16970);
#16969 = CARTESIAN_POINT('',(-34.56861352608,19.924200213175,150.));
#16970 = VECTOR('',#16971,1.);
#16971 = DIRECTION('',(-0.42755508995,-0.903989294769,0.));
#16972 = PCURVE('',#14843,#16973);
#16973 = DEFINITIONAL_REPRESENTATION('',(#16974),#16978);
#16974 = LINE('',#16975,#16976);
#16975 = CARTESIAN_POINT('',(-34.56861352608,19.924200213175));
#16976 = VECTOR('',#16977,1.);
#16977 = DIRECTION('',(-0.42755508995,-0.903989294769));
#16978 = ( GEOMETRIC_REPRESENTATION_CONTEXT(2) 
PARAMETRIC_REPRESENTATION_CONTEXT() REPRESENTATION_CONTEXT('2D SPACE',''
  ) );
#16979 = PCURVE('',#16860,#16980);
#16980 = DEFINITIONAL_REPRESENTATION('',(#16981),#16985);
#16981 = LINE('',#16982,#16983);
#16982 = CARTESIAN_POINT('',(-0.793622778493,0.424200213175));
#16983 = VECTOR('',#16984,1.);
#16984 = DIRECTION('',(-0.42755508995,-0.903989294769));
#16985 = ( GEOMETRIC_REPRESENTATION_CONTEXT(2) 
PARAMETRIC_REPRESENTATION_CONTEXT() REPRESENTATION_CONTEXT('2D SPACE',''
  ) );
#16986 = ORIENTED_EDGE('',*,*,#16987,.F.);
#16987 = EDGE_CURVE('',#16988,#16965,#16990,.T.);
#16988 = VERTEX_POINT('',#16989);
#16989 = CARTESIAN_POINT('',(-34.52321312388,19.999946208041,150.));
#16990 = SURFACE_CURVE('',#16991,(#16995,#17002),.PCURVE_S1.);
#16991 = LINE('',#16992,#16993);
#16992 = CARTESIAN_POINT('',(-34.52321312388,19.999946208041,150.));
#16993 = VECTOR('',#16994,1.);
#16994 = DIRECTION('',(-0.51410274472,-0.857728609685,0.));
#16995 = PCURVE('',#14843,#16996);
#16996 = DEFINITIONAL_REPRESENTATION('',(#16997),#17001);
#16997 = LINE('',#16998,#16999);
#16998 = CARTESIAN_POINT('',(-34.52321312388,19.999946208041));
#16999 = VECTOR('',#17000,1.);
#17000 = DIRECTION('',(-0.51410274472,-0.857728609685));
#17001 = ( GEOMETRIC_REPRESENTATION_CONTEXT(2) 
PARAMETRIC_REPRESENTATION_CONTEXT() REPRESENTATION_CONTEXT('2D SPACE',''
  ) );
#17002 = PCURVE('',#16860,#17003);
#17003 = DEFINITIONAL_REPRESENTATION('',(#17004),#17008);
#17004 = LINE('',#17005,#17006);
#17005 = CARTESIAN_POINT('',(-0.748222376288,0.499946208041));
#17006 = VECTOR('',#17007,1.);
#17007 = DIRECTION('',(-0.51410274472,-0.857728609685));
#17008 = ( GEOMETRIC_REPRESENTATION_CONTEXT(2) 
PARAMETRIC_REPRESENTATION_CONTEXT() REPRESENTATION_CONTEXT('2D SPACE',''
  ) );
#17009 = ORIENTED_EDGE('',*,*,#17010,.F.);
#17010 = EDGE_CURVE('',#17011,#16988,#17013,.T.);
#17011 = VERTEX_POINT('',#17012);
#17012 = CARTESIAN_POINT('',(-34.47060693088,20.070877447974,150.));
#17013 = SURFACE_CURVE('',#17014,(#17018,#17025),.PCURVE_S1.);
#17014 = LINE('',#17015,#17016);
#17015 = CARTESIAN_POINT('',(-34.47060693088,20.070877447974,150.));
#17016 = VECTOR('',#17017,1.);
#17017 = DIRECTION('',(-0.59569930559,-0.803207530666,0.));
#17018 = PCURVE('',#14843,#17019);
#17019 = DEFINITIONAL_REPRESENTATION('',(#17020),#17024);
#17020 = LINE('',#17021,#17022);
#17021 = CARTESIAN_POINT('',(-34.47060693088,20.070877447974));
#17022 = VECTOR('',#17023,1.);
#17023 = DIRECTION('',(-0.59569930559,-0.803207530666));
#17024 = ( GEOMETRIC_REPRESENTATION_CONTEXT(2) 
PARAMETRIC_REPRESENTATION_CONTEXT() REPRESENTATION_CONTEXT('2D SPACE',''
  ) );
#17025 = PCURVE('',#16860,#17026);
#17026 = DEFINITIONAL_REPRESENTATION('',(#17027),#17031);
#17027 = LINE('',#17028,#17029);
#17028 = CARTESIAN_POINT('',(-0.695616183294,0.570877447974));
#17029 = VECTOR('',#17030,1.);
#17030 = DIRECTION('',(-0.59569930559,-0.803207530666));
#17031 = ( GEOMETRIC_REPRESENTATION_CONTEXT(2) 
PARAMETRIC_REPRESENTATION_CONTEXT() REPRESENTATION_CONTEXT('2D SPACE',''
  ) );
#17032 = ORIENTED_EDGE('',*,*,#17033,.F.);
#17033 = EDGE_CURVE('',#17034,#17011,#17036,.T.);
#17034 = VERTEX_POINT('',#17035);
#17035 = CARTESIAN_POINT('',(-34.41130157404,20.136310826049,150.));
#17036 = SURFACE_CURVE('',#17037,(#17041,#17048),.PCURVE_S1.);
#17037 = LINE('',#17038,#17039);
#17038 = CARTESIAN_POINT('',(-34.41130157404,20.136310826049,150.));
#17039 = VECTOR('',#17040,1.);
#17040 = DIRECTION('',(-0.671558953977,-0.740951126143,0.));
#17041 = PCURVE('',#14843,#17042);
#17042 = DEFINITIONAL_REPRESENTATION('',(#17043),#17047);
#17043 = LINE('',#17044,#17045);
#17044 = CARTESIAN_POINT('',(-34.41130157404,20.136310826049));
#17045 = VECTOR('',#17046,1.);
#17046 = DIRECTION('',(-0.671558953977,-0.740951126143));
#17047 = ( GEOMETRIC_REPRESENTATION_CONTEXT(2) 
PARAMETRIC_REPRESENTATION_CONTEXT() REPRESENTATION_CONTEXT('2D SPACE',''
  ) );
#17048 = PCURVE('',#16860,#17049);
#17049 = DEFINITIONAL_REPRESENTATION('',(#17050),#17054);
#17050 = LINE('',#17051,#17052);
#17051 = CARTESIAN_POINT('',(-0.636310826456,0.636310826049));
#17052 = VECTOR('',#17053,1.);
#17053 = DIRECTION('',(-0.671558953977,-0.740951126143));
#17054 = ( GEOMETRIC_REPRESENTATION_CONTEXT(2) 
PARAMETRIC_REPRESENTATION_CONTEXT() REPRESENTATION_CONTEXT('2D SPACE',''
  ) );
#17055 = ORIENTED_EDGE('',*,*,#17056,.F.);
#17056 = EDGE_CURVE('',#17057,#17034,#17059,.T.);
#17057 = VERTEX_POINT('',#17058);
#17058 = CARTESIAN_POINT('',(-34.34586819597,20.195616182887,150.));
#17059 = SURFACE_CURVE('',#17060,(#17064,#17071),.PCURVE_S1.);
#17060 = LINE('',#17061,#17062);
#17061 = CARTESIAN_POINT('',(-34.34586819597,20.195616182887,150.));
#17062 = VECTOR('',#17063,1.);
#17063 = DIRECTION('',(-0.740951126143,-0.671558953977,0.));
#17064 = PCURVE('',#14843,#17065);
#17065 = DEFINITIONAL_REPRESENTATION('',(#17066),#17070);
#17066 = LINE('',#17067,#17068);
#17067 = CARTESIAN_POINT('',(-34.34586819597,20.195616182887));
#17068 = VECTOR('',#17069,1.);
#17069 = DIRECTION('',(-0.740951126143,-0.671558953977));
#17070 = ( GEOMETRIC_REPRESENTATION_CONTEXT(2) 
PARAMETRIC_REPRESENTATION_CONTEXT() REPRESENTATION_CONTEXT('2D SPACE',''
  ) );
#17071 = PCURVE('',#16860,#17072);
#17072 = DEFINITIONAL_REPRESENTATION('',(#17073),#17077);
#17073 = LINE('',#17074,#17075);
#17074 = CARTESIAN_POINT('',(-0.570877448381,0.695616182887));
#17075 = VECTOR('',#17076,1.);
#17076 = DIRECTION('',(-0.740951126143,-0.671558953977));
#17077 = ( GEOMETRIC_REPRESENTATION_CONTEXT(2) 
PARAMETRIC_REPRESENTATION_CONTEXT() REPRESENTATION_CONTEXT('2D SPACE',''
  ) );
#17078 = ORIENTED_EDGE('',*,*,#17079,.F.);
#17079 = EDGE_CURVE('',#17080,#17057,#17082,.T.);
#17080 = VERTEX_POINT('',#17081);
#17081 = CARTESIAN_POINT('',(-34.27224731416,20.250217150257,150.));
#17082 = SURFACE_CURVE('',#17083,(#17087,#17094),.PCURVE_S1.);
#17083 = LINE('',#17084,#17085);
#17084 = CARTESIAN_POINT('',(-34.27224731416,20.250217150257,150.));
#17085 = VECTOR('',#17086,1.);
#17086 = DIRECTION('',(-0.803207530666,-0.59569930559,0.));
#17087 = PCURVE('',#14843,#17088);
#17088 = DEFINITIONAL_REPRESENTATION('',(#17089),#17093);
#17089 = LINE('',#17090,#17091);
#17090 = CARTESIAN_POINT('',(-34.27224731416,20.250217150257));
#17091 = VECTOR('',#17092,1.);
#17092 = DIRECTION('',(-0.803207530666,-0.59569930559));
#17093 = ( GEOMETRIC_REPRESENTATION_CONTEXT(2) 
PARAMETRIC_REPRESENTATION_CONTEXT() REPRESENTATION_CONTEXT('2D SPACE',''
  ) );
#17094 = PCURVE('',#16860,#17095);
#17095 = DEFINITIONAL_REPRESENTATION('',(#17096),#17100);
#17096 = LINE('',#17097,#17098);
#17097 = CARTESIAN_POINT('',(-0.497256566568,0.750217150257));
#17098 = VECTOR('',#17099,1.);
#17099 = DIRECTION('',(-0.803207530666,-0.59569930559));
#17100 = ( GEOMETRIC_REPRESENTATION_CONTEXT(2) 
PARAMETRIC_REPRESENTATION_CONTEXT() REPRESENTATION_CONTEXT('2D SPACE',''
  ) );
#17101 = ORIENTED_EDGE('',*,*,#17102,.F.);
#17102 = EDGE_CURVE('',#14827,#17080,#17103,.T.);
#17103 = SURFACE_CURVE('',#17104,(#17108,#17115),.PCURVE_S1.);
#17104 = LINE('',#17105,#17106);
#17105 = CARTESIAN_POINT('',(-5.968690296616,39.9,150.));
#17106 = VECTOR('',#17107,1.);
#17107 = DIRECTION('',(-0.821444268946,-0.570288797905,0.));
#17108 = PCURVE('',#14843,#17109);
#17109 = DEFINITIONAL_REPRESENTATION('',(#17110),#17114);
#17110 = LINE('',#17111,#17112);
#17111 = CARTESIAN_POINT('',(-5.968690296616,39.9));
#17112 = VECTOR('',#17113,1.);
#17113 = DIRECTION('',(-0.821444268946,-0.570288797905));
#17114 = ( GEOMETRIC_REPRESENTATION_CONTEXT(2) 
PARAMETRIC_REPRESENTATION_CONTEXT() REPRESENTATION_CONTEXT('2D SPACE',''
  ) );
#17115 = PCURVE('',#16860,#17116);
#17116 = DEFINITIONAL_REPRESENTATION('',(#17117),#17121);
#17117 = LINE('',#17118,#17119);
#17118 = CARTESIAN_POINT('',(27.806300450977,20.4));
#17119 = VECTOR('',#17120,1.);
#17120 = DIRECTION('',(-0.821444268946,-0.570288797905));
#17121 = ( GEOMETRIC_REPRESENTATION_CONTEXT(2) 
PARAMETRIC_REPRESENTATION_CONTEXT() REPRESENTATION_CONTEXT('2D SPACE',''
  ) );
#17122 = ADVANCED_FACE('',(#17123),#14814,.F.);
#17123 = FACE_BOUND('',#17124,.F.);
#17124 = EDGE_LOOP('',(#17125,#17150,#17174,#17175));
#17125 = ORIENTED_EDGE('',*,*,#17126,.F.);
#17126 = EDGE_CURVE('',#17127,#17129,#17131,.T.);
#17127 = VERTEX_POINT('',#17128);
#17128 = CARTESIAN_POINT('',(-34.674990748,19.064110106486,135.));
#17129 = VERTEX_POINT('',#17130);
#17130 = CARTESIAN_POINT('',(-34.674990748,-19.06411010648,135.));
#17131 = SURFACE_CURVE('',#17132,(#17136,#17143),.PCURVE_S1.);
#17132 = LINE('',#17133,#17134);
#17133 = CARTESIAN_POINT('',(-34.674990748,19.497545137439,135.));
#17134 = VECTOR('',#17135,1.);
#17135 = DIRECTION('',(0.,-1.,0.));
#17136 = PCURVE('',#14814,#17137);
#17137 = DEFINITIONAL_REPRESENTATION('',(#17138),#17142);
#17138 = LINE('',#17139,#17140);
#17139 = CARTESIAN_POINT('',(0.,0.));
#17140 = VECTOR('',#17141,1.);
#17141 = DIRECTION('',(1.,0.));
#17142 = ( GEOMETRIC_REPRESENTATION_CONTEXT(2) 
PARAMETRIC_REPRESENTATION_CONTEXT() REPRESENTATION_CONTEXT('2D SPACE',''
  ) );
#17143 = PCURVE('',#15529,#17144);
#17144 = DEFINITIONAL_REPRESENTATION('',(#17145),#17149);
#17145 = LINE('',#17146,#17147);
#17146 = CARTESIAN_POINT('',(18.806826034825,34.674990748));
#17147 = VECTOR('',#17148,1.);
#17148 = DIRECTION('',(-1.,-5.761930682754E-78));
#17149 = ( GEOMETRIC_REPRESENTATION_CONTEXT(2) 
PARAMETRIC_REPRESENTATION_CONTEXT() REPRESENTATION_CONTEXT('2D SPACE',''
  ) );
#17150 = ORIENTED_EDGE('',*,*,#17151,.T.);
#17151 = EDGE_CURVE('',#17127,#14799,#17152,.T.);
#17152 = SURFACE_CURVE('',#17153,(#17157,#17163),.PCURVE_S1.);
#17153 = LINE('',#17154,#17155);
#17154 = CARTESIAN_POINT('',(-34.674990748,19.064110106486,-150.));
#17155 = VECTOR('',#17156,1.);
#17156 = DIRECTION('',(0.,0.,1.));
#17157 = PCURVE('',#14814,#17158);
#17158 = DEFINITIONAL_REPRESENTATION('',(#17159),#17162);
#17159 = B_SPLINE_CURVE_WITH_KNOTS('',1,(#17160,#17161),.UNSPECIFIED.,
  .F.,.F.,(2,2),(283.5,300.0000006),.PIECEWISE_BEZIER_KNOTS.);
#17160 = CARTESIAN_POINT('',(0.433435030952,1.5));
#17161 = CARTESIAN_POINT('',(0.433435030952,-15.0000006));
#17162 = ( GEOMETRIC_REPRESENTATION_CONTEXT(2) 
PARAMETRIC_REPRESENTATION_CONTEXT() REPRESENTATION_CONTEXT('2D SPACE',''
  ) );
#17163 = PCURVE('',#17164,#17169);
#17164 = CYLINDRICAL_SURFACE('',#17165,1.);
#17165 = AXIS2_PLACEMENT_3D('',#17166,#17167,#17168);
#17166 = CARTESIAN_POINT('',(-33.77499074759,19.5,-150.));
#17167 = DIRECTION('',(0.,0.,1.));
#17168 = DIRECTION('',(1.,0.,-0.));
#17169 = DEFINITIONAL_REPRESENTATION('',(#17170),#17173);
#17170 = B_SPLINE_CURVE_WITH_KNOTS('',1,(#17171,#17172),.UNSPECIFIED.,
  .F.,.F.,(2,2),(283.5,300.0000006),.PIECEWISE_BEZIER_KNOTS.);
#17171 = CARTESIAN_POINT('',(3.592619464453,283.5));
#17172 = CARTESIAN_POINT('',(3.592619464453,300.0000006));
#17173 = ( GEOMETRIC_REPRESENTATION_CONTEXT(2) 
PARAMETRIC_REPRESENTATION_CONTEXT() REPRESENTATION_CONTEXT('2D SPACE',''
  ) );
#17174 = ORIENTED_EDGE('',*,*,#14798,.T.);
#17175 = ORIENTED_EDGE('',*,*,#17176,.F.);
#17176 = EDGE_CURVE('',#17129,#14768,#17177,.T.);
#17177 = SURFACE_CURVE('',#17178,(#17182,#17188),.PCURVE_S1.);
#17178 = LINE('',#17179,#17180);
#17179 = CARTESIAN_POINT('',(-34.674990748,-19.06411010648,-150.));
#17180 = VECTOR('',#17181,1.);
#17181 = DIRECTION('',(0.,0.,1.));
#17182 = PCURVE('',#14814,#17183);
#17183 = DEFINITIONAL_REPRESENTATION('',(#17184),#17187);
#17184 = B_SPLINE_CURVE_WITH_KNOTS('',1,(#17185,#17186),.UNSPECIFIED.,
  .F.,.F.,(2,2),(283.5,300.0000006),.PIECEWISE_BEZIER_KNOTS.);
#17185 = CARTESIAN_POINT('',(38.561655243925,1.5));
#17186 = CARTESIAN_POINT('',(38.561655243925,-15.0000006));
#17187 = ( GEOMETRIC_REPRESENTATION_CONTEXT(2) 
PARAMETRIC_REPRESENTATION_CONTEXT() REPRESENTATION_CONTEXT('2D SPACE',''
  ) );
#17188 = PCURVE('',#17189,#17194);
#17189 = CYLINDRICAL_SURFACE('',#17190,1.);
#17190 = AXIS2_PLACEMENT_3D('',#17191,#17192,#17193);
#17191 = CARTESIAN_POINT('',(-33.77499074759,-19.5,-150.));
#17192 = DIRECTION('',(0.,0.,1.));
#17193 = DIRECTION('',(1.,0.,-0.));
#17194 = DEFINITIONAL_REPRESENTATION('',(#17195),#17198);
#17195 = B_SPLINE_CURVE_WITH_KNOTS('',1,(#17196,#17197),.UNSPECIFIED.,
  .F.,.F.,(2,2),(283.5,300.0000006),.PIECEWISE_BEZIER_KNOTS.);
#17196 = CARTESIAN_POINT('',(2.690565842727,283.5));
#17197 = CARTESIAN_POINT('',(2.690565842727,300.0000006));
#17198 = ( GEOMETRIC_REPRESENTATION_CONTEXT(2) 
PARAMETRIC_REPRESENTATION_CONTEXT() REPRESENTATION_CONTEXT('2D SPACE',''
  ) );
#17199 = ADVANCED_FACE('',(#17200),#15223,.F.);
#17200 = FACE_BOUND('',#17201,.F.);
#17201 = EDGE_LOOP('',(#17202,#17226,#17248,#17249,#17250,#17251,#17252,
    #17253,#17254,#17255,#17256,#17257,#17258,#17259,#17260));
#17202 = ORIENTED_EDGE('',*,*,#17203,.T.);
#17203 = EDGE_CURVE('',#14770,#17204,#17206,.T.);
#17204 = VERTEX_POINT('',#17205);
#17205 = CARTESIAN_POINT('',(-32.77499074759,-19.5,150.));
#17206 = SURFACE_CURVE('',#17207,(#17212,#17219),.PCURVE_S1.);
#17207 = CIRCLE('',#17208,1.);
#17208 = AXIS2_PLACEMENT_3D('',#17209,#17210,#17211);
#17209 = CARTESIAN_POINT('',(-33.77499074759,-19.5,150.));
#17210 = DIRECTION('',(0.,0.,1.));
#17211 = DIRECTION('',(1.,0.,-0.));
#17212 = PCURVE('',#15223,#17213);
#17213 = DEFINITIONAL_REPRESENTATION('',(#17214),#17218);
#17214 = CIRCLE('',#17215,1.);
#17215 = AXIS2_PLACEMENT_2D('',#17216,#17217);
#17216 = CARTESIAN_POINT('',(0.,0.));
#17217 = DIRECTION('',(1.,0.));
#17218 = ( GEOMETRIC_REPRESENTATION_CONTEXT(2) 
PARAMETRIC_REPRESENTATION_CONTEXT() REPRESENTATION_CONTEXT('2D SPACE',''
  ) );
#17219 = PCURVE('',#15554,#17220);
#17220 = DEFINITIONAL_REPRESENTATION('',(#17221),#17225);
#17221 = LINE('',#17222,#17223);
#17222 = CARTESIAN_POINT('',(0.,300.));
#17223 = VECTOR('',#17224,1.);
#17224 = DIRECTION('',(1.,0.));
#17225 = ( GEOMETRIC_REPRESENTATION_CONTEXT(2) 
PARAMETRIC_REPRESENTATION_CONTEXT() REPRESENTATION_CONTEXT('2D SPACE',''
  ) );
#17226 = ORIENTED_EDGE('',*,*,#17227,.T.);
#17227 = EDGE_CURVE('',#17204,#14768,#17228,.T.);
#17228 = SURFACE_CURVE('',#17229,(#17234,#17241),.PCURVE_S1.);
#17229 = CIRCLE('',#17230,1.);
#17230 = AXIS2_PLACEMENT_3D('',#17231,#17232,#17233);
#17231 = CARTESIAN_POINT('',(-33.77499074759,-19.5,150.));
#17232 = DIRECTION('',(0.,0.,1.));
#17233 = DIRECTION('',(1.,0.,-0.));
#17234 = PCURVE('',#15223,#17235);
#17235 = DEFINITIONAL_REPRESENTATION('',(#17236),#17240);
#17236 = CIRCLE('',#17237,1.);
#17237 = AXIS2_PLACEMENT_2D('',#17238,#17239);
#17238 = CARTESIAN_POINT('',(0.,0.));
#17239 = DIRECTION('',(1.,0.));
#17240 = ( GEOMETRIC_REPRESENTATION_CONTEXT(2) 
PARAMETRIC_REPRESENTATION_CONTEXT() REPRESENTATION_CONTEXT('2D SPACE',''
  ) );
#17241 = PCURVE('',#17189,#17242);
#17242 = DEFINITIONAL_REPRESENTATION('',(#17243),#17247);
#17243 = LINE('',#17244,#17245);
#17244 = CARTESIAN_POINT('',(0.,300.));
#17245 = VECTOR('',#17246,1.);
#17246 = DIRECTION('',(1.,0.));
#17247 = ( GEOMETRIC_REPRESENTATION_CONTEXT(2) 
PARAMETRIC_REPRESENTATION_CONTEXT() REPRESENTATION_CONTEXT('2D SPACE',''
  ) );
#17248 = ORIENTED_EDGE('',*,*,#15235,.T.);
#17249 = ORIENTED_EDGE('',*,*,#15205,.T.);
#17250 = ORIENTED_EDGE('',*,*,#15487,.T.);
#17251 = ORIENTED_EDGE('',*,*,#15464,.T.);
#17252 = ORIENTED_EDGE('',*,*,#15441,.T.);
#17253 = ORIENTED_EDGE('',*,*,#15418,.T.);
#17254 = ORIENTED_EDGE('',*,*,#15395,.T.);
#17255 = ORIENTED_EDGE('',*,*,#15372,.T.);
#17256 = ORIENTED_EDGE('',*,*,#15349,.T.);
#17257 = ORIENTED_EDGE('',*,*,#15326,.T.);
#17258 = ORIENTED_EDGE('',*,*,#15303,.T.);
#17259 = ORIENTED_EDGE('',*,*,#15280,.T.);
#17260 = ORIENTED_EDGE('',*,*,#15257,.T.);
#17261 = ADVANCED_FACE('',(#17262),#15529,.F.);
#17262 = FACE_BOUND('',#17263,.F.);
#17263 = EDGE_LOOP('',(#17264,#17288,#17289,#17313,#17335,#17336,#17360,
    #17382,#17383,#17405,#17406,#17428,#17429,#17450,#17476,#17495,
    #17496));
#17264 = ORIENTED_EDGE('',*,*,#17265,.F.);
#17265 = EDGE_CURVE('',#17127,#17266,#17268,.T.);
#17266 = VERTEX_POINT('',#17267);
#17267 = CARTESIAN_POINT('',(-32.77499074759,19.5,135.));
#17268 = SURFACE_CURVE('',#17269,(#17274,#17281),.PCURVE_S1.);
#17269 = CIRCLE('',#17270,1.);
#17270 = AXIS2_PLACEMENT_3D('',#17271,#17272,#17273);
#17271 = CARTESIAN_POINT('',(-33.77499074759,19.5,135.));
#17272 = DIRECTION('',(0.,0.,1.));
#17273 = DIRECTION('',(1.,0.,-0.));
#17274 = PCURVE('',#15529,#17275);
#17275 = DEFINITIONAL_REPRESENTATION('',(#17276),#17280);
#17276 = CIRCLE('',#17277,1.);
#17277 = AXIS2_PLACEMENT_2D('',#17278,#17279);
#17278 = CARTESIAN_POINT('',(18.809280897386,33.774990747593));
#17279 = DIRECTION('',(0.,-1.));
#17280 = ( GEOMETRIC_REPRESENTATION_CONTEXT(2) 
PARAMETRIC_REPRESENTATION_CONTEXT() REPRESENTATION_CONTEXT('2D SPACE',''
  ) );
#17281 = PCURVE('',#17164,#17282);
#17282 = DEFINITIONAL_REPRESENTATION('',(#17283),#17287);
#17283 = LINE('',#17284,#17285);
#17284 = CARTESIAN_POINT('',(0.,285.));
#17285 = VECTOR('',#17286,1.);
#17286 = DIRECTION('',(1.,0.));
#17287 = ( GEOMETRIC_REPRESENTATION_CONTEXT(2) 
PARAMETRIC_REPRESENTATION_CONTEXT() REPRESENTATION_CONTEXT('2D SPACE',''
  ) );
#17288 = ORIENTED_EDGE('',*,*,#17126,.T.);
#17289 = ORIENTED_EDGE('',*,*,#17290,.F.);
#17290 = EDGE_CURVE('',#17291,#17129,#17293,.T.);
#17291 = VERTEX_POINT('',#17292);
#17292 = CARTESIAN_POINT('',(-32.77499074759,-19.5,135.));
#17293 = SURFACE_CURVE('',#17294,(#17299,#17306),.PCURVE_S1.);
#17294 = CIRCLE('',#17295,1.);
#17295 = AXIS2_PLACEMENT_3D('',#17296,#17297,#17298);
#17296 = CARTESIAN_POINT('',(-33.77499074759,-19.5,135.));
#17297 = DIRECTION('',(0.,0.,1.));
#17298 = DIRECTION('',(1.,0.,-0.));
#17299 = PCURVE('',#15529,#17300);
#17300 = DEFINITIONAL_REPRESENTATION('',(#17301),#17305);
#17301 = CIRCLE('',#17302,1.);
#17302 = AXIS2_PLACEMENT_2D('',#17303,#17304);
#17303 = CARTESIAN_POINT('',(-20.19071910261,33.774990747593));
#17304 = DIRECTION('',(0.,-1.));
#17305 = ( GEOMETRIC_REPRESENTATION_CONTEXT(2) 
PARAMETRIC_REPRESENTATION_CONTEXT() REPRESENTATION_CONTEXT('2D SPACE',''
  ) );
#17306 = PCURVE('',#17189,#17307);
#17307 = DEFINITIONAL_REPRESENTATION('',(#17308),#17312);
#17308 = LINE('',#17309,#17310);
#17309 = CARTESIAN_POINT('',(0.,285.));
#17310 = VECTOR('',#17311,1.);
#17311 = DIRECTION('',(1.,0.));
#17312 = ( GEOMETRIC_REPRESENTATION_CONTEXT(2) 
PARAMETRIC_REPRESENTATION_CONTEXT() REPRESENTATION_CONTEXT('2D SPACE',''
  ) );
#17313 = ORIENTED_EDGE('',*,*,#17314,.F.);
#17314 = EDGE_CURVE('',#15512,#17291,#17315,.T.);
#17315 = SURFACE_CURVE('',#17316,(#17321,#17328),.PCURVE_S1.);
#17316 = CIRCLE('',#17317,1.);
#17317 = AXIS2_PLACEMENT_3D('',#17318,#17319,#17320);
#17318 = CARTESIAN_POINT('',(-33.77499074759,-19.5,135.));
#17319 = DIRECTION('',(0.,0.,1.));
#17320 = DIRECTION('',(1.,0.,-0.));
#17321 = PCURVE('',#15529,#17322);
#17322 = DEFINITIONAL_REPRESENTATION('',(#17323),#17327);
#17323 = CIRCLE('',#17324,1.);
#17324 = AXIS2_PLACEMENT_2D('',#17325,#17326);
#17325 = CARTESIAN_POINT('',(-20.19071910261,33.774990747593));
#17326 = DIRECTION('',(0.,-1.));
#17327 = ( GEOMETRIC_REPRESENTATION_CONTEXT(2) 
PARAMETRIC_REPRESENTATION_CONTEXT() REPRESENTATION_CONTEXT('2D SPACE',''
  ) );
#17328 = PCURVE('',#15554,#17329);
#17329 = DEFINITIONAL_REPRESENTATION('',(#17330),#17334);
#17330 = LINE('',#17331,#17332);
#17331 = CARTESIAN_POINT('',(0.,285.));
#17332 = VECTOR('',#17333,1.);
#17333 = DIRECTION('',(1.,0.));
#17334 = ( GEOMETRIC_REPRESENTATION_CONTEXT(2) 
PARAMETRIC_REPRESENTATION_CONTEXT() REPRESENTATION_CONTEXT('2D SPACE',''
  ) );
#17335 = ORIENTED_EDGE('',*,*,#15511,.T.);
#17336 = ORIENTED_EDGE('',*,*,#17337,.F.);
#17337 = EDGE_CURVE('',#17338,#15514,#17340,.T.);
#17338 = VERTEX_POINT('',#17339);
#17339 = CARTESIAN_POINT('',(1.,-39.,135.));
#17340 = SURFACE_CURVE('',#17341,(#17346,#17353),.PCURVE_S1.);
#17341 = CIRCLE('',#17342,1.);
#17342 = AXIS2_PLACEMENT_3D('',#17343,#17344,#17345);
#17343 = CARTESIAN_POINT('',(-7.164183775012E-15,-39.,135.));
#17344 = DIRECTION('',(0.,0.,1.));
#17345 = DIRECTION('',(1.,0.,-0.));
#17346 = PCURVE('',#15529,#17347);
#17347 = DEFINITIONAL_REPRESENTATION('',(#17348),#17352);
#17348 = CIRCLE('',#17349,1.);
#17349 = AXIS2_PLACEMENT_2D('',#17350,#17351);
#17350 = CARTESIAN_POINT('',(-39.69071910261,8.105892811141E-15));
#17351 = DIRECTION('',(0.,-1.));
#17352 = ( GEOMETRIC_REPRESENTATION_CONTEXT(2) 
PARAMETRIC_REPRESENTATION_CONTEXT() REPRESENTATION_CONTEXT('2D SPACE',''
  ) );
#17353 = PCURVE('',#15579,#17354);
#17354 = DEFINITIONAL_REPRESENTATION('',(#17355),#17359);
#17355 = LINE('',#17356,#17357);
#17356 = CARTESIAN_POINT('',(0.,285.));
#17357 = VECTOR('',#17358,1.);
#17358 = DIRECTION('',(1.,0.));
#17359 = ( GEOMETRIC_REPRESENTATION_CONTEXT(2) 
PARAMETRIC_REPRESENTATION_CONTEXT() REPRESENTATION_CONTEXT('2D SPACE',''
  ) );
#17360 = ORIENTED_EDGE('',*,*,#17361,.F.);
#17361 = EDGE_CURVE('',#15877,#17338,#17362,.T.);
#17362 = SURFACE_CURVE('',#17363,(#17368,#17375),.PCURVE_S1.);
#17363 = CIRCLE('',#17364,1.);
#17364 = AXIS2_PLACEMENT_3D('',#17365,#17366,#17367);
#17365 = CARTESIAN_POINT('',(-7.164183775012E-15,-39.,135.));
#17366 = DIRECTION('',(0.,0.,1.));
#17367 = DIRECTION('',(1.,0.,-0.));
#17368 = PCURVE('',#15529,#17369);
#17369 = DEFINITIONAL_REPRESENTATION('',(#17370),#17374);
#17370 = CIRCLE('',#17371,1.);
#17371 = AXIS2_PLACEMENT_2D('',#17372,#17373);
#17372 = CARTESIAN_POINT('',(-39.69071910261,8.105892811141E-15));
#17373 = DIRECTION('',(0.,-1.));
#17374 = ( GEOMETRIC_REPRESENTATION_CONTEXT(2) 
PARAMETRIC_REPRESENTATION_CONTEXT() REPRESENTATION_CONTEXT('2D SPACE',''
  ) );
#17375 = PCURVE('',#15914,#17376);
#17376 = DEFINITIONAL_REPRESENTATION('',(#17377),#17381);
#17377 = LINE('',#17378,#17379);
#17378 = CARTESIAN_POINT('',(0.,285.));
#17379 = VECTOR('',#17380,1.);
#17380 = DIRECTION('',(1.,0.));
#17381 = ( GEOMETRIC_REPRESENTATION_CONTEXT(2) 
PARAMETRIC_REPRESENTATION_CONTEXT() REPRESENTATION_CONTEXT('2D SPACE',''
  ) );
#17382 = ORIENTED_EDGE('',*,*,#15876,.T.);
#17383 = ORIENTED_EDGE('',*,*,#17384,.F.);
#17384 = EDGE_CURVE('',#16261,#15879,#17385,.T.);
#17385 = SURFACE_CURVE('',#17386,(#17391,#17398),.PCURVE_S1.);
#17386 = CIRCLE('',#17387,1.);
#17387 = AXIS2_PLACEMENT_3D('',#17388,#17389,#17390);
#17388 = CARTESIAN_POINT('',(33.774990747593,-19.5,135.));
#17389 = DIRECTION('',(0.,0.,1.));
#17390 = DIRECTION('',(1.,0.,-0.));
#17391 = PCURVE('',#15529,#17392);
#17392 = DEFINITIONAL_REPRESENTATION('',(#17393),#17397);
#17393 = CIRCLE('',#17394,1.);
#17394 = AXIS2_PLACEMENT_2D('',#17395,#17396);
#17395 = CARTESIAN_POINT('',(-20.19071910261,-33.77499074759));
#17396 = DIRECTION('',(0.,-1.));
#17397 = ( GEOMETRIC_REPRESENTATION_CONTEXT(2) 
PARAMETRIC_REPRESENTATION_CONTEXT() REPRESENTATION_CONTEXT('2D SPACE',''
  ) );
#17398 = PCURVE('',#15939,#17399);
#17399 = DEFINITIONAL_REPRESENTATION('',(#17400),#17404);
#17400 = LINE('',#17401,#17402);
#17401 = CARTESIAN_POINT('',(0.,285.));
#17402 = VECTOR('',#17403,1.);
#17403 = DIRECTION('',(1.,0.));
#17404 = ( GEOMETRIC_REPRESENTATION_CONTEXT(2) 
PARAMETRIC_REPRESENTATION_CONTEXT() REPRESENTATION_CONTEXT('2D SPACE',''
  ) );
#17405 = ORIENTED_EDGE('',*,*,#16260,.T.);
#17406 = ORIENTED_EDGE('',*,*,#17407,.F.);
#17407 = EDGE_CURVE('',#16617,#16263,#17408,.T.);
#17408 = SURFACE_CURVE('',#17409,(#17414,#17421),.PCURVE_S1.);
#17409 = CIRCLE('',#17410,1.);
#17410 = AXIS2_PLACEMENT_3D('',#17411,#17412,#17413);
#17411 = CARTESIAN_POINT('',(33.774990747593,19.5,135.));
#17412 = DIRECTION('',(0.,0.,1.));
#17413 = DIRECTION('',(1.,0.,-0.));
#17414 = PCURVE('',#15529,#17415);
#17415 = DEFINITIONAL_REPRESENTATION('',(#17416),#17420);
#17416 = CIRCLE('',#17417,1.);
#17417 = AXIS2_PLACEMENT_2D('',#17418,#17419);
#17418 = CARTESIAN_POINT('',(18.809280897386,-33.77499074759));
#17419 = DIRECTION('',(0.,-1.));
#17420 = ( GEOMETRIC_REPRESENTATION_CONTEXT(2) 
PARAMETRIC_REPRESENTATION_CONTEXT() REPRESENTATION_CONTEXT('2D SPACE',''
  ) );
#17421 = PCURVE('',#16318,#17422);
#17422 = DEFINITIONAL_REPRESENTATION('',(#17423),#17427);
#17423 = LINE('',#17424,#17425);
#17424 = CARTESIAN_POINT('',(0.,285.));
#17425 = VECTOR('',#17426,1.);
#17426 = DIRECTION('',(1.,0.));
#17427 = ( GEOMETRIC_REPRESENTATION_CONTEXT(2) 
PARAMETRIC_REPRESENTATION_CONTEXT() REPRESENTATION_CONTEXT('2D SPACE',''
  ) );
#17428 = ORIENTED_EDGE('',*,*,#16616,.T.);
#17429 = ORIENTED_EDGE('',*,*,#17430,.F.);
#17430 = EDGE_CURVE('',#17431,#16619,#17433,.T.);
#17431 = VERTEX_POINT('',#17432);
#17432 = CARTESIAN_POINT('',(6.,38.5,135.));
#17433 = SURFACE_CURVE('',#17434,(#17438,#17444),.PCURVE_S1.);
#17434 = LINE('',#17435,#17436);
#17435 = CARTESIAN_POINT('',(6.,20.345359551307,135.));
#17436 = VECTOR('',#17437,1.);
#17437 = DIRECTION('',(-0.,1.,-6.952465101463E-31));
#17438 = PCURVE('',#15529,#17439);
#17439 = DEFINITIONAL_REPRESENTATION('',(#17440),#17443);
#17440 = B_SPLINE_CURVE_WITH_KNOTS('',1,(#17441,#17442),.UNSPECIFIED.,
  .F.,.F.,(2,2),(18.154640448693,19.554640448693),
  .PIECEWISE_BEZIER_KNOTS.);
#17441 = CARTESIAN_POINT('',(37.809280897386,-6.));
#17442 = CARTESIAN_POINT('',(39.209280897386,-6.));
#17443 = ( GEOMETRIC_REPRESENTATION_CONTEXT(2) 
PARAMETRIC_REPRESENTATION_CONTEXT() REPRESENTATION_CONTEXT('2D SPACE',''
  ) );
#17444 = PCURVE('',#16674,#17445);
#17445 = DEFINITIONAL_REPRESENTATION('',(#17446),#17449);
#17446 = B_SPLINE_CURVE_WITH_KNOTS('',1,(#17447,#17448),.UNSPECIFIED.,
  .F.,.F.,(2,2),(18.154640448693,19.554640448693),
  .PIECEWISE_BEZIER_KNOTS.);
#17447 = CARTESIAN_POINT('',(1.5,-285.));
#17448 = CARTESIAN_POINT('',(0.1,-285.));
#17449 = ( GEOMETRIC_REPRESENTATION_CONTEXT(2) 
PARAMETRIC_REPRESENTATION_CONTEXT() REPRESENTATION_CONTEXT('2D SPACE',''
  ) );
#17450 = ORIENTED_EDGE('',*,*,#17451,.F.);
#17451 = EDGE_CURVE('',#17452,#17431,#17454,.T.);
#17452 = VERTEX_POINT('',#17453);
#17453 = CARTESIAN_POINT('',(-6.,38.5,135.));
#17454 = SURFACE_CURVE('',#17455,(#17459,#17465),.PCURVE_S1.);
#17455 = LINE('',#17456,#17457);
#17456 = CARTESIAN_POINT('',(3.,38.5,135.));
#17457 = VECTOR('',#17458,1.);
#17458 = DIRECTION('',(1.,0.,-8.287608206104E-48));
#17459 = PCURVE('',#15529,#17460);
#17460 = DEFINITIONAL_REPRESENTATION('',(#17461),#17464);
#17461 = B_SPLINE_CURVE_WITH_KNOTS('',1,(#17462,#17463),.UNSPECIFIED.,
  .F.,.F.,(2,2),(-9.,3.),.PIECEWISE_BEZIER_KNOTS.);
#17462 = CARTESIAN_POINT('',(37.809280897386,6.));
#17463 = CARTESIAN_POINT('',(37.809280897386,-6.));
#17464 = ( GEOMETRIC_REPRESENTATION_CONTEXT(2) 
PARAMETRIC_REPRESENTATION_CONTEXT() REPRESENTATION_CONTEXT('2D SPACE',''
  ) );
#17465 = PCURVE('',#17466,#17471);
#17466 = PLANE('',#17467);
#17467 = AXIS2_PLACEMENT_3D('',#17468,#17469,#17470);
#17468 = CARTESIAN_POINT('',(6.,38.5,-150.));
#17469 = DIRECTION('',(0.,-1.,0.));
#17470 = DIRECTION('',(-1.,0.,0.));
#17471 = DEFINITIONAL_REPRESENTATION('',(#17472),#17475);
#17472 = B_SPLINE_CURVE_WITH_KNOTS('',1,(#17473,#17474),.UNSPECIFIED.,
  .F.,.F.,(2,2),(-9.,3.),.PIECEWISE_BEZIER_KNOTS.);
#17473 = CARTESIAN_POINT('',(12.,-285.));
#17474 = CARTESIAN_POINT('',(0.,-285.));
#17475 = ( GEOMETRIC_REPRESENTATION_CONTEXT(2) 
PARAMETRIC_REPRESENTATION_CONTEXT() REPRESENTATION_CONTEXT('2D SPACE',''
  ) );
#17476 = ORIENTED_EDGE('',*,*,#17477,.F.);
#17477 = EDGE_CURVE('',#16767,#17452,#17478,.T.);
#17478 = SURFACE_CURVE('',#17479,(#17483,#17489),.PCURVE_S1.);
#17479 = LINE('',#17480,#17481);
#17480 = CARTESIAN_POINT('',(-6.,19.595359551307,135.));
#17481 = VECTOR('',#17482,1.);
#17482 = DIRECTION('',(0.,-1.,6.952465101463E-31));
#17483 = PCURVE('',#15529,#17484);
#17484 = DEFINITIONAL_REPRESENTATION('',(#17485),#17488);
#17485 = B_SPLINE_CURVE_WITH_KNOTS('',1,(#17486,#17487),.UNSPECIFIED.,
  .F.,.F.,(2,2),(-20.30464044869,-18.90464044869),
  .PIECEWISE_BEZIER_KNOTS.);
#17486 = CARTESIAN_POINT('',(39.209280897386,6.));
#17487 = CARTESIAN_POINT('',(37.809280897386,6.));
#17488 = ( GEOMETRIC_REPRESENTATION_CONTEXT(2) 
PARAMETRIC_REPRESENTATION_CONTEXT() REPRESENTATION_CONTEXT('2D SPACE',''
  ) );
#17489 = PCURVE('',#16804,#17490);
#17490 = DEFINITIONAL_REPRESENTATION('',(#17491),#17494);
#17491 = B_SPLINE_CURVE_WITH_KNOTS('',1,(#17492,#17493),.UNSPECIFIED.,
  .F.,.F.,(2,2),(-20.30464044869,-18.90464044869),
  .PIECEWISE_BEZIER_KNOTS.);
#17492 = CARTESIAN_POINT('',(1.4,-285.));
#17493 = CARTESIAN_POINT('',(0.,-285.));
#17494 = ( GEOMETRIC_REPRESENTATION_CONTEXT(2) 
PARAMETRIC_REPRESENTATION_CONTEXT() REPRESENTATION_CONTEXT('2D SPACE',''
  ) );
#17495 = ORIENTED_EDGE('',*,*,#16766,.T.);
#17496 = ORIENTED_EDGE('',*,*,#17497,.F.);
#17497 = EDGE_CURVE('',#17266,#16769,#17498,.T.);
#17498 = SURFACE_CURVE('',#17499,(#17504,#17511),.PCURVE_S1.);
#17499 = CIRCLE('',#17500,1.);
#17500 = AXIS2_PLACEMENT_3D('',#17501,#17502,#17503);
#17501 = CARTESIAN_POINT('',(-33.77499074759,19.5,135.));
#17502 = DIRECTION('',(0.,0.,1.));
#17503 = DIRECTION('',(1.,0.,-0.));
#17504 = PCURVE('',#15529,#17505);
#17505 = DEFINITIONAL_REPRESENTATION('',(#17506),#17510);
#17506 = CIRCLE('',#17507,1.);
#17507 = AXIS2_PLACEMENT_2D('',#17508,#17509);
#17508 = CARTESIAN_POINT('',(18.809280897386,33.774990747593));
#17509 = DIRECTION('',(0.,-1.));
#17510 = ( GEOMETRIC_REPRESENTATION_CONTEXT(2) 
PARAMETRIC_REPRESENTATION_CONTEXT() REPRESENTATION_CONTEXT('2D SPACE',''
  ) );
#17511 = PCURVE('',#16829,#17512);
#17512 = DEFINITIONAL_REPRESENTATION('',(#17513),#17517);
#17513 = LINE('',#17514,#17515);
#17514 = CARTESIAN_POINT('',(0.,285.));
#17515 = VECTOR('',#17516,1.);
#17516 = DIRECTION('',(1.,0.));
#17517 = ( GEOMETRIC_REPRESENTATION_CONTEXT(2) 
PARAMETRIC_REPRESENTATION_CONTEXT() REPRESENTATION_CONTEXT('2D SPACE',''
  ) );
#17518 = ADVANCED_FACE('',(#17519),#15579,.F.);
#17519 = FACE_BOUND('',#17520,.F.);
#17520 = EDGE_LOOP('',(#17521,#17545,#17566,#17567));
#17521 = ORIENTED_EDGE('',*,*,#17522,.F.);
#17522 = EDGE_CURVE('',#17523,#15148,#17525,.T.);
#17523 = VERTEX_POINT('',#17524);
#17524 = CARTESIAN_POINT('',(1.,-39.,150.));
#17525 = SURFACE_CURVE('',#17526,(#17531,#17538),.PCURVE_S1.);
#17526 = CIRCLE('',#17527,1.);
#17527 = AXIS2_PLACEMENT_3D('',#17528,#17529,#17530);
#17528 = CARTESIAN_POINT('',(-7.164183775012E-15,-39.,150.));
#17529 = DIRECTION('',(0.,0.,1.));
#17530 = DIRECTION('',(1.,0.,-0.));
#17531 = PCURVE('',#15579,#17532);
#17532 = DEFINITIONAL_REPRESENTATION('',(#17533),#17537);
#17533 = LINE('',#17534,#17535);
#17534 = CARTESIAN_POINT('',(0.,300.));
#17535 = VECTOR('',#17536,1.);
#17536 = DIRECTION('',(1.,0.));
#17537 = ( GEOMETRIC_REPRESENTATION_CONTEXT(2) 
PARAMETRIC_REPRESENTATION_CONTEXT() REPRESENTATION_CONTEXT('2D SPACE',''
  ) );
#17538 = PCURVE('',#15609,#17539);
#17539 = DEFINITIONAL_REPRESENTATION('',(#17540),#17544);
#17540 = CIRCLE('',#17541,1.);
#17541 = AXIS2_PLACEMENT_2D('',#17542,#17543);
#17542 = CARTESIAN_POINT('',(0.,0.));
#17543 = DIRECTION('',(1.,0.));
#17544 = ( GEOMETRIC_REPRESENTATION_CONTEXT(2) 
PARAMETRIC_REPRESENTATION_CONTEXT() REPRESENTATION_CONTEXT('2D SPACE',''
  ) );
#17545 = ORIENTED_EDGE('',*,*,#17546,.F.);
#17546 = EDGE_CURVE('',#17338,#17523,#17547,.T.);
#17547 = SURFACE_CURVE('',#17548,(#17552,#17559),.PCURVE_S1.);
#17548 = LINE('',#17549,#17550);
#17549 = CARTESIAN_POINT('',(1.,-39.,-150.));
#17550 = VECTOR('',#17551,1.);
#17551 = DIRECTION('',(0.,0.,1.));
#17552 = PCURVE('',#15579,#17553);
#17553 = DEFINITIONAL_REPRESENTATION('',(#17554),#17558);
#17554 = LINE('',#17555,#17556);
#17555 = CARTESIAN_POINT('',(0.,-0.));
#17556 = VECTOR('',#17557,1.);
#17557 = DIRECTION('',(0.,1.));
#17558 = ( GEOMETRIC_REPRESENTATION_CONTEXT(2) 
PARAMETRIC_REPRESENTATION_CONTEXT() REPRESENTATION_CONTEXT('2D SPACE',''
  ) );
#17559 = PCURVE('',#15914,#17560);
#17560 = DEFINITIONAL_REPRESENTATION('',(#17561),#17565);
#17561 = LINE('',#17562,#17563);
#17562 = CARTESIAN_POINT('',(6.28318530718,-0.));
#17563 = VECTOR('',#17564,1.);
#17564 = DIRECTION('',(0.,1.));
#17565 = ( GEOMETRIC_REPRESENTATION_CONTEXT(2) 
PARAMETRIC_REPRESENTATION_CONTEXT() REPRESENTATION_CONTEXT('2D SPACE',''
  ) );
#17566 = ORIENTED_EDGE('',*,*,#17337,.T.);
#17567 = ORIENTED_EDGE('',*,*,#15566,.T.);
#17568 = ADVANCED_FACE('',(#17569),#15554,.F.);
#17569 = FACE_BOUND('',#17570,.F.);
#17570 = EDGE_LOOP('',(#17571,#17592,#17593,#17594));
#17571 = ORIENTED_EDGE('',*,*,#17572,.T.);
#17572 = EDGE_CURVE('',#17291,#17204,#17573,.T.);
#17573 = SURFACE_CURVE('',#17574,(#17578,#17585),.PCURVE_S1.);
#17574 = LINE('',#17575,#17576);
#17575 = CARTESIAN_POINT('',(-32.77499074759,-19.5,-150.));
#17576 = VECTOR('',#17577,1.);
#17577 = DIRECTION('',(0.,0.,1.));
#17578 = PCURVE('',#15554,#17579);
#17579 = DEFINITIONAL_REPRESENTATION('',(#17580),#17584);
#17580 = LINE('',#17581,#17582);
#17581 = CARTESIAN_POINT('',(6.28318530718,-0.));
#17582 = VECTOR('',#17583,1.);
#17583 = DIRECTION('',(0.,1.));
#17584 = ( GEOMETRIC_REPRESENTATION_CONTEXT(2) 
PARAMETRIC_REPRESENTATION_CONTEXT() REPRESENTATION_CONTEXT('2D SPACE',''
  ) );
#17585 = PCURVE('',#17189,#17586);
#17586 = DEFINITIONAL_REPRESENTATION('',(#17587),#17591);
#17587 = LINE('',#17588,#17589);
#17588 = CARTESIAN_POINT('',(0.,-0.));
#17589 = VECTOR('',#17590,1.);
#17590 = DIRECTION('',(0.,1.));
#17591 = ( GEOMETRIC_REPRESENTATION_CONTEXT(2) 
PARAMETRIC_REPRESENTATION_CONTEXT() REPRESENTATION_CONTEXT('2D SPACE',''
  ) );
#17592 = ORIENTED_EDGE('',*,*,#17203,.F.);
#17593 = ORIENTED_EDGE('',*,*,#15541,.F.);
#17594 = ORIENTED_EDGE('',*,*,#17314,.T.);
#17595 = ADVANCED_FACE('',(#17596),#15609,.F.);
#17596 = FACE_BOUND('',#17597,.F.);
#17597 = EDGE_LOOP('',(#17598,#17620,#17621,#17622,#17623,#17624,#17625,
    #17626,#17627,#17628,#17629,#17630,#17631,#17632));
#17598 = ORIENTED_EDGE('',*,*,#17599,.T.);
#17599 = EDGE_CURVE('',#15120,#17523,#17600,.T.);
#17600 = SURFACE_CURVE('',#17601,(#17606,#17613),.PCURVE_S1.);
#17601 = CIRCLE('',#17602,1.);
#17602 = AXIS2_PLACEMENT_3D('',#17603,#17604,#17605);
#17603 = CARTESIAN_POINT('',(-7.164183775012E-15,-39.,150.));
#17604 = DIRECTION('',(0.,0.,1.));
#17605 = DIRECTION('',(1.,0.,-0.));
#17606 = PCURVE('',#15609,#17607);
#17607 = DEFINITIONAL_REPRESENTATION('',(#17608),#17612);
#17608 = CIRCLE('',#17609,1.);
#17609 = AXIS2_PLACEMENT_2D('',#17610,#17611);
#17610 = CARTESIAN_POINT('',(0.,0.));
#17611 = DIRECTION('',(1.,0.));
#17612 = ( GEOMETRIC_REPRESENTATION_CONTEXT(2) 
PARAMETRIC_REPRESENTATION_CONTEXT() REPRESENTATION_CONTEXT('2D SPACE',''
  ) );
#17613 = PCURVE('',#15914,#17614);
#17614 = DEFINITIONAL_REPRESENTATION('',(#17615),#17619);
#17615 = LINE('',#17616,#17617);
#17616 = CARTESIAN_POINT('',(0.,300.));
#17617 = VECTOR('',#17618,1.);
#17618 = DIRECTION('',(1.,0.));
#17619 = ( GEOMETRIC_REPRESENTATION_CONTEXT(2) 
PARAMETRIC_REPRESENTATION_CONTEXT() REPRESENTATION_CONTEXT('2D SPACE',''
  ) );
#17620 = ORIENTED_EDGE('',*,*,#17522,.T.);
#17621 = ORIENTED_EDGE('',*,*,#15593,.T.);
#17622 = ORIENTED_EDGE('',*,*,#15852,.T.);
#17623 = ORIENTED_EDGE('',*,*,#15829,.T.);
#17624 = ORIENTED_EDGE('',*,*,#15806,.T.);
#17625 = ORIENTED_EDGE('',*,*,#15783,.T.);
#17626 = ORIENTED_EDGE('',*,*,#15760,.T.);
#17627 = ORIENTED_EDGE('',*,*,#15737,.T.);
#17628 = ORIENTED_EDGE('',*,*,#15714,.T.);
#17629 = ORIENTED_EDGE('',*,*,#15691,.T.);
#17630 = ORIENTED_EDGE('',*,*,#15668,.T.);
#17631 = ORIENTED_EDGE('',*,*,#15645,.T.);
#17632 = ORIENTED_EDGE('',*,*,#15622,.T.);
#17633 = ADVANCED_FACE('',(#17634),#15939,.F.);
#17634 = FACE_BOUND('',#17635,.F.);
#17635 = EDGE_LOOP('',(#17636,#17658,#17659,#17660));
#17636 = ORIENTED_EDGE('',*,*,#17637,.F.);
#17637 = EDGE_CURVE('',#15039,#15096,#17638,.T.);
#17638 = SURFACE_CURVE('',#17639,(#17644,#17651),.PCURVE_S1.);
#17639 = CIRCLE('',#17640,1.);
#17640 = AXIS2_PLACEMENT_3D('',#17641,#17642,#17643);
#17641 = CARTESIAN_POINT('',(33.774990747593,-19.5,150.));
#17642 = DIRECTION('',(0.,0.,1.));
#17643 = DIRECTION('',(1.,0.,-0.));
#17644 = PCURVE('',#15939,#17645);
#17645 = DEFINITIONAL_REPRESENTATION('',(#17646),#17650);
#17646 = LINE('',#17647,#17648);
#17647 = CARTESIAN_POINT('',(0.,300.));
#17648 = VECTOR('',#17649,1.);
#17649 = DIRECTION('',(1.,0.));
#17650 = ( GEOMETRIC_REPRESENTATION_CONTEXT(2) 
PARAMETRIC_REPRESENTATION_CONTEXT() REPRESENTATION_CONTEXT('2D SPACE',''
  ) );
#17651 = PCURVE('',#15969,#17652);
#17652 = DEFINITIONAL_REPRESENTATION('',(#17653),#17657);
#17653 = CIRCLE('',#17654,1.);
#17654 = AXIS2_PLACEMENT_2D('',#17655,#17656);
#17655 = CARTESIAN_POINT('',(0.,0.));
#17656 = DIRECTION('',(1.,0.));
#17657 = ( GEOMETRIC_REPRESENTATION_CONTEXT(2) 
PARAMETRIC_REPRESENTATION_CONTEXT() REPRESENTATION_CONTEXT('2D SPACE',''
  ) );
#17658 = ORIENTED_EDGE('',*,*,#16285,.F.);
#17659 = ORIENTED_EDGE('',*,*,#17384,.T.);
#17660 = ORIENTED_EDGE('',*,*,#15926,.T.);
#17661 = ADVANCED_FACE('',(#17662),#15914,.F.);
#17662 = FACE_BOUND('',#17663,.F.);
#17663 = EDGE_LOOP('',(#17664,#17665,#17666,#17667));
#17664 = ORIENTED_EDGE('',*,*,#17546,.T.);
#17665 = ORIENTED_EDGE('',*,*,#17599,.F.);
#17666 = ORIENTED_EDGE('',*,*,#15901,.F.);
#17667 = ORIENTED_EDGE('',*,*,#17361,.T.);
#17668 = ADVANCED_FACE('',(#17669),#15969,.F.);
#17669 = FACE_BOUND('',#17670,.F.);
#17670 = EDGE_LOOP('',(#17671,#17672,#17673,#17674,#17675,#17676,#17677,
    #17678,#17679,#17680,#17681,#17682,#17683,#17684));
#17671 = ORIENTED_EDGE('',*,*,#15983,.T.);
#17672 = ORIENTED_EDGE('',*,*,#17637,.T.);
#17673 = ORIENTED_EDGE('',*,*,#15953,.T.);
#17674 = ORIENTED_EDGE('',*,*,#16236,.T.);
#17675 = ORIENTED_EDGE('',*,*,#16213,.T.);
#17676 = ORIENTED_EDGE('',*,*,#16190,.T.);
#17677 = ORIENTED_EDGE('',*,*,#16167,.T.);
#17678 = ORIENTED_EDGE('',*,*,#16144,.T.);
#17679 = ORIENTED_EDGE('',*,*,#16121,.T.);
#17680 = ORIENTED_EDGE('',*,*,#16098,.T.);
#17681 = ORIENTED_EDGE('',*,*,#16075,.T.);
#17682 = ORIENTED_EDGE('',*,*,#16052,.T.);
#17683 = ORIENTED_EDGE('',*,*,#16029,.T.);
#17684 = ORIENTED_EDGE('',*,*,#16006,.T.);
#17685 = ADVANCED_FACE('',(#17686),#16318,.F.);
#17686 = FACE_BOUND('',#17687,.F.);
#17687 = EDGE_LOOP('',(#17688,#17710,#17711,#17712));
#17688 = ORIENTED_EDGE('',*,*,#17689,.F.);
#17689 = EDGE_CURVE('',#14958,#15015,#17690,.T.);
#17690 = SURFACE_CURVE('',#17691,(#17696,#17703),.PCURVE_S1.);
#17691 = CIRCLE('',#17692,1.);
#17692 = AXIS2_PLACEMENT_3D('',#17693,#17694,#17695);
#17693 = CARTESIAN_POINT('',(33.774990747593,19.5,150.));
#17694 = DIRECTION('',(0.,0.,1.));
#17695 = DIRECTION('',(1.,0.,-0.));
#17696 = PCURVE('',#16318,#17697);
#17697 = DEFINITIONAL_REPRESENTATION('',(#17698),#17702);
#17698 = LINE('',#17699,#17700);
#17699 = CARTESIAN_POINT('',(0.,300.));
#17700 = VECTOR('',#17701,1.);
#17701 = DIRECTION('',(1.,0.));
#17702 = ( GEOMETRIC_REPRESENTATION_CONTEXT(2) 
PARAMETRIC_REPRESENTATION_CONTEXT() REPRESENTATION_CONTEXT('2D SPACE',''
  ) );
#17703 = PCURVE('',#16349,#17704);
#17704 = DEFINITIONAL_REPRESENTATION('',(#17705),#17709);
#17705 = CIRCLE('',#17706,1.);
#17706 = AXIS2_PLACEMENT_2D('',#17707,#17708);
#17707 = CARTESIAN_POINT('',(0.,0.));
#17708 = DIRECTION('',(1.,0.));
#17709 = ( GEOMETRIC_REPRESENTATION_CONTEXT(2) 
PARAMETRIC_REPRESENTATION_CONTEXT() REPRESENTATION_CONTEXT('2D SPACE',''
  ) );
#17710 = ORIENTED_EDGE('',*,*,#16641,.F.);
#17711 = ORIENTED_EDGE('',*,*,#17407,.T.);
#17712 = ORIENTED_EDGE('',*,*,#16305,.T.);
#17713 = ADVANCED_FACE('',(#17714),#16349,.F.);
#17714 = FACE_BOUND('',#17715,.F.);
#17715 = EDGE_LOOP('',(#17716,#17717,#17718,#17719,#17720,#17721,#17722,
    #17723,#17724,#17725,#17726,#17727,#17728));
#17716 = ORIENTED_EDGE('',*,*,#16333,.T.);
#17717 = ORIENTED_EDGE('',*,*,#17689,.T.);
#17718 = ORIENTED_EDGE('',*,*,#16591,.T.);
#17719 = ORIENTED_EDGE('',*,*,#16568,.T.);
#17720 = ORIENTED_EDGE('',*,*,#16545,.T.);
#17721 = ORIENTED_EDGE('',*,*,#16522,.T.);
#17722 = ORIENTED_EDGE('',*,*,#16499,.T.);
#17723 = ORIENTED_EDGE('',*,*,#16476,.T.);
#17724 = ORIENTED_EDGE('',*,*,#16453,.T.);
#17725 = ORIENTED_EDGE('',*,*,#16430,.T.);
#17726 = ORIENTED_EDGE('',*,*,#16407,.T.);
#17727 = ORIENTED_EDGE('',*,*,#16384,.T.);
#17728 = ORIENTED_EDGE('',*,*,#16361,.T.);
#17729 = ADVANCED_FACE('',(#17730),#16674,.F.);
#17730 = FACE_BOUND('',#17731,.F.);
#17731 = EDGE_LOOP('',(#17732,#17733,#17756,#17777));
#17732 = ORIENTED_EDGE('',*,*,#16661,.T.);
#17733 = ORIENTED_EDGE('',*,*,#17734,.T.);
#17734 = EDGE_CURVE('',#14935,#17735,#17737,.T.);
#17735 = VERTEX_POINT('',#17736);
#17736 = CARTESIAN_POINT('',(6.,38.5,150.));
#17737 = SURFACE_CURVE('',#17738,(#17742,#17749),.PCURVE_S1.);
#17738 = LINE('',#17739,#17740);
#17739 = CARTESIAN_POINT('',(6.,40.,150.));
#17740 = VECTOR('',#17741,1.);
#17741 = DIRECTION('',(0.,-1.,0.));
#17742 = PCURVE('',#16674,#17743);
#17743 = DEFINITIONAL_REPRESENTATION('',(#17744),#17748);
#17744 = LINE('',#17745,#17746);
#17745 = CARTESIAN_POINT('',(0.,-300.));
#17746 = VECTOR('',#17747,1.);
#17747 = DIRECTION('',(1.,0.));
#17748 = ( GEOMETRIC_REPRESENTATION_CONTEXT(2) 
PARAMETRIC_REPRESENTATION_CONTEXT() REPRESENTATION_CONTEXT('2D SPACE',''
  ) );
#17749 = PCURVE('',#16705,#17750);
#17750 = DEFINITIONAL_REPRESENTATION('',(#17751),#17755);
#17751 = LINE('',#17752,#17753);
#17752 = CARTESIAN_POINT('',(-6.,0.75));
#17753 = VECTOR('',#17754,1.);
#17754 = DIRECTION('',(0.,-1.));
#17755 = ( GEOMETRIC_REPRESENTATION_CONTEXT(2) 
PARAMETRIC_REPRESENTATION_CONTEXT() REPRESENTATION_CONTEXT('2D SPACE',''
  ) );
#17756 = ORIENTED_EDGE('',*,*,#17757,.F.);
#17757 = EDGE_CURVE('',#17431,#17735,#17758,.T.);
#17758 = SURFACE_CURVE('',#17759,(#17763,#17770),.PCURVE_S1.);
#17759 = LINE('',#17760,#17761);
#17760 = CARTESIAN_POINT('',(6.,38.5,-150.));
#17761 = VECTOR('',#17762,1.);
#17762 = DIRECTION('',(0.,0.,1.));
#17763 = PCURVE('',#16674,#17764);
#17764 = DEFINITIONAL_REPRESENTATION('',(#17765),#17769);
#17765 = LINE('',#17766,#17767);
#17766 = CARTESIAN_POINT('',(1.5,0.));
#17767 = VECTOR('',#17768,1.);
#17768 = DIRECTION('',(0.,-1.));
#17769 = ( GEOMETRIC_REPRESENTATION_CONTEXT(2) 
PARAMETRIC_REPRESENTATION_CONTEXT() REPRESENTATION_CONTEXT('2D SPACE',''
  ) );
#17770 = PCURVE('',#17466,#17771);
#17771 = DEFINITIONAL_REPRESENTATION('',(#17772),#17776);
#17772 = LINE('',#17773,#17774);
#17773 = CARTESIAN_POINT('',(0.,-0.));
#17774 = VECTOR('',#17775,1.);
#17775 = DIRECTION('',(0.,-1.));
#17776 = ( GEOMETRIC_REPRESENTATION_CONTEXT(2) 
PARAMETRIC_REPRESENTATION_CONTEXT() REPRESENTATION_CONTEXT('2D SPACE',''
  ) );
#17777 = ORIENTED_EDGE('',*,*,#17430,.T.);
#17778 = ADVANCED_FACE('',(#17779),#16705,.T.);
#17779 = FACE_BOUND('',#17780,.T.);
#17780 = EDGE_LOOP('',(#17781,#17804,#17805,#17806,#17807,#17808));
#17781 = ORIENTED_EDGE('',*,*,#17782,.T.);
#17782 = EDGE_CURVE('',#17783,#14856,#17785,.T.);
#17783 = VERTEX_POINT('',#17784);
#17784 = CARTESIAN_POINT('',(-6.,38.5,150.));
#17785 = SURFACE_CURVE('',#17786,(#17790,#17797),.PCURVE_S1.);
#17786 = LINE('',#17787,#17788);
#17787 = CARTESIAN_POINT('',(-6.,38.5,150.));
#17788 = VECTOR('',#17789,1.);
#17789 = DIRECTION('',(0.,1.,0.));
#17790 = PCURVE('',#16705,#17791);
#17791 = DEFINITIONAL_REPRESENTATION('',(#17792),#17796);
#17792 = LINE('',#17793,#17794);
#17793 = CARTESIAN_POINT('',(6.,-0.75));
#17794 = VECTOR('',#17795,1.);
#17795 = DIRECTION('',(0.,1.));
#17796 = ( GEOMETRIC_REPRESENTATION_CONTEXT(2) 
PARAMETRIC_REPRESENTATION_CONTEXT() REPRESENTATION_CONTEXT('2D SPACE',''
  ) );
#17797 = PCURVE('',#16804,#17798);
#17798 = DEFINITIONAL_REPRESENTATION('',(#17799),#17803);
#17799 = LINE('',#17800,#17801);
#17800 = CARTESIAN_POINT('',(0.,-300.));
#17801 = VECTOR('',#17802,1.);
#17802 = DIRECTION('',(1.,0.));
#17803 = ( GEOMETRIC_REPRESENTATION_CONTEXT(2) 
PARAMETRIC_REPRESENTATION_CONTEXT() REPRESENTATION_CONTEXT('2D SPACE',''
  ) );
#17804 = ORIENTED_EDGE('',*,*,#16689,.F.);
#17805 = ORIENTED_EDGE('',*,*,#16717,.F.);
#17806 = ORIENTED_EDGE('',*,*,#16740,.F.);
#17807 = ORIENTED_EDGE('',*,*,#17734,.T.);
#17808 = ORIENTED_EDGE('',*,*,#17809,.T.);
#17809 = EDGE_CURVE('',#17735,#17783,#17810,.T.);
#17810 = SURFACE_CURVE('',#17811,(#17815,#17822),.PCURVE_S1.);
#17811 = LINE('',#17812,#17813);
#17812 = CARTESIAN_POINT('',(6.,38.5,150.));
#17813 = VECTOR('',#17814,1.);
#17814 = DIRECTION('',(-1.,0.,0.));
#17815 = PCURVE('',#16705,#17816);
#17816 = DEFINITIONAL_REPRESENTATION('',(#17817),#17821);
#17817 = LINE('',#17818,#17819);
#17818 = CARTESIAN_POINT('',(-6.,-0.75));
#17819 = VECTOR('',#17820,1.);
#17820 = DIRECTION('',(1.,0.));
#17821 = ( GEOMETRIC_REPRESENTATION_CONTEXT(2) 
PARAMETRIC_REPRESENTATION_CONTEXT() REPRESENTATION_CONTEXT('2D SPACE',''
  ) );
#17822 = PCURVE('',#17466,#17823);
#17823 = DEFINITIONAL_REPRESENTATION('',(#17824),#17828);
#17824 = LINE('',#17825,#17826);
#17825 = CARTESIAN_POINT('',(0.,-300.));
#17826 = VECTOR('',#17827,1.);
#17827 = DIRECTION('',(1.,0.));
#17828 = ( GEOMETRIC_REPRESENTATION_CONTEXT(2) 
PARAMETRIC_REPRESENTATION_CONTEXT() REPRESENTATION_CONTEXT('2D SPACE',''
  ) );
#17829 = ADVANCED_FACE('',(#17830),#16829,.F.);
#17830 = FACE_BOUND('',#17831,.F.);
#17831 = EDGE_LOOP('',(#17832,#17856,#17877,#17878));
#17832 = ORIENTED_EDGE('',*,*,#17833,.F.);
#17833 = EDGE_CURVE('',#17834,#14827,#17836,.T.);
#17834 = VERTEX_POINT('',#17835);
#17835 = CARTESIAN_POINT('',(-32.77499074759,19.5,150.));
#17836 = SURFACE_CURVE('',#17837,(#17842,#17849),.PCURVE_S1.);
#17837 = CIRCLE('',#17838,1.);
#17838 = AXIS2_PLACEMENT_3D('',#17839,#17840,#17841);
#17839 = CARTESIAN_POINT('',(-33.77499074759,19.5,150.));
#17840 = DIRECTION('',(0.,0.,1.));
#17841 = DIRECTION('',(1.,0.,-0.));
#17842 = PCURVE('',#16829,#17843);
#17843 = DEFINITIONAL_REPRESENTATION('',(#17844),#17848);
#17844 = LINE('',#17845,#17846);
#17845 = CARTESIAN_POINT('',(0.,300.));
#17846 = VECTOR('',#17847,1.);
#17847 = DIRECTION('',(1.,0.));
#17848 = ( GEOMETRIC_REPRESENTATION_CONTEXT(2) 
PARAMETRIC_REPRESENTATION_CONTEXT() REPRESENTATION_CONTEXT('2D SPACE',''
  ) );
#17849 = PCURVE('',#16860,#17850);
#17850 = DEFINITIONAL_REPRESENTATION('',(#17851),#17855);
#17851 = CIRCLE('',#17852,1.);
#17852 = AXIS2_PLACEMENT_2D('',#17853,#17854);
#17853 = CARTESIAN_POINT('',(0.,0.));
#17854 = DIRECTION('',(1.,0.));
#17855 = ( GEOMETRIC_REPRESENTATION_CONTEXT(2) 
PARAMETRIC_REPRESENTATION_CONTEXT() REPRESENTATION_CONTEXT('2D SPACE',''
  ) );
#17856 = ORIENTED_EDGE('',*,*,#17857,.F.);
#17857 = EDGE_CURVE('',#17266,#17834,#17858,.T.);
#17858 = SURFACE_CURVE('',#17859,(#17863,#17870),.PCURVE_S1.);
#17859 = LINE('',#17860,#17861);
#17860 = CARTESIAN_POINT('',(-32.77499074759,19.5,-150.));
#17861 = VECTOR('',#17862,1.);
#17862 = DIRECTION('',(0.,0.,1.));
#17863 = PCURVE('',#16829,#17864);
#17864 = DEFINITIONAL_REPRESENTATION('',(#17865),#17869);
#17865 = LINE('',#17866,#17867);
#17866 = CARTESIAN_POINT('',(0.,-0.));
#17867 = VECTOR('',#17868,1.);
#17868 = DIRECTION('',(0.,1.));
#17869 = ( GEOMETRIC_REPRESENTATION_CONTEXT(2) 
PARAMETRIC_REPRESENTATION_CONTEXT() REPRESENTATION_CONTEXT('2D SPACE',''
  ) );
#17870 = PCURVE('',#17164,#17871);
#17871 = DEFINITIONAL_REPRESENTATION('',(#17872),#17876);
#17872 = LINE('',#17873,#17874);
#17873 = CARTESIAN_POINT('',(6.28318530718,-0.));
#17874 = VECTOR('',#17875,1.);
#17875 = DIRECTION('',(0.,1.));
#17876 = ( GEOMETRIC_REPRESENTATION_CONTEXT(2) 
PARAMETRIC_REPRESENTATION_CONTEXT() REPRESENTATION_CONTEXT('2D SPACE',''
  ) );
#17877 = ORIENTED_EDGE('',*,*,#17497,.T.);
#17878 = ORIENTED_EDGE('',*,*,#16816,.T.);
#17879 = ADVANCED_FACE('',(#17880),#16804,.F.);
#17880 = FACE_BOUND('',#17881,.F.);
#17881 = EDGE_LOOP('',(#17882,#17883,#17904,#17905));
#17882 = ORIENTED_EDGE('',*,*,#17477,.T.);
#17883 = ORIENTED_EDGE('',*,*,#17884,.T.);
#17884 = EDGE_CURVE('',#17452,#17783,#17885,.T.);
#17885 = SURFACE_CURVE('',#17886,(#17890,#17897),.PCURVE_S1.);
#17886 = LINE('',#17887,#17888);
#17887 = CARTESIAN_POINT('',(-6.,38.5,-150.));
#17888 = VECTOR('',#17889,1.);
#17889 = DIRECTION('',(0.,0.,1.));
#17890 = PCURVE('',#16804,#17891);
#17891 = DEFINITIONAL_REPRESENTATION('',(#17892),#17896);
#17892 = LINE('',#17893,#17894);
#17893 = CARTESIAN_POINT('',(0.,0.));
#17894 = VECTOR('',#17895,1.);
#17895 = DIRECTION('',(0.,-1.));
#17896 = ( GEOMETRIC_REPRESENTATION_CONTEXT(2) 
PARAMETRIC_REPRESENTATION_CONTEXT() REPRESENTATION_CONTEXT('2D SPACE',''
  ) );
#17897 = PCURVE('',#17466,#17898);
#17898 = DEFINITIONAL_REPRESENTATION('',(#17899),#17903);
#17899 = LINE('',#17900,#17901);
#17900 = CARTESIAN_POINT('',(12.,0.));
#17901 = VECTOR('',#17902,1.);
#17902 = DIRECTION('',(0.,-1.));
#17903 = ( GEOMETRIC_REPRESENTATION_CONTEXT(2) 
PARAMETRIC_REPRESENTATION_CONTEXT() REPRESENTATION_CONTEXT('2D SPACE',''
  ) );
#17904 = ORIENTED_EDGE('',*,*,#17782,.T.);
#17905 = ORIENTED_EDGE('',*,*,#16791,.T.);
#17906 = ADVANCED_FACE('',(#17907),#16860,.F.);
#17907 = FACE_BOUND('',#17908,.F.);
#17908 = EDGE_LOOP('',(#17909,#17931,#17932,#17933,#17934,#17935,#17936,
    #17937,#17938,#17939,#17940,#17941,#17942,#17943));
#17909 = ORIENTED_EDGE('',*,*,#17910,.T.);
#17910 = EDGE_CURVE('',#14799,#17834,#17911,.T.);
#17911 = SURFACE_CURVE('',#17912,(#17917,#17924),.PCURVE_S1.);
#17912 = CIRCLE('',#17913,1.);
#17913 = AXIS2_PLACEMENT_3D('',#17914,#17915,#17916);
#17914 = CARTESIAN_POINT('',(-33.77499074759,19.5,150.));
#17915 = DIRECTION('',(0.,0.,1.));
#17916 = DIRECTION('',(1.,0.,-0.));
#17917 = PCURVE('',#16860,#17918);
#17918 = DEFINITIONAL_REPRESENTATION('',(#17919),#17923);
#17919 = CIRCLE('',#17920,1.);
#17920 = AXIS2_PLACEMENT_2D('',#17921,#17922);
#17921 = CARTESIAN_POINT('',(0.,0.));
#17922 = DIRECTION('',(1.,0.));
#17923 = ( GEOMETRIC_REPRESENTATION_CONTEXT(2) 
PARAMETRIC_REPRESENTATION_CONTEXT() REPRESENTATION_CONTEXT('2D SPACE',''
  ) );
#17924 = PCURVE('',#17164,#17925);
#17925 = DEFINITIONAL_REPRESENTATION('',(#17926),#17930);
#17926 = LINE('',#17927,#17928);
#17927 = CARTESIAN_POINT('',(0.,300.));
#17928 = VECTOR('',#17929,1.);
#17929 = DIRECTION('',(1.,0.));
#17930 = ( GEOMETRIC_REPRESENTATION_CONTEXT(2) 
PARAMETRIC_REPRESENTATION_CONTEXT() REPRESENTATION_CONTEXT('2D SPACE',''
  ) );
#17931 = ORIENTED_EDGE('',*,*,#17833,.T.);
#17932 = ORIENTED_EDGE('',*,*,#17102,.T.);
#17933 = ORIENTED_EDGE('',*,*,#17079,.T.);
#17934 = ORIENTED_EDGE('',*,*,#17056,.T.);
#17935 = ORIENTED_EDGE('',*,*,#17033,.T.);
#17936 = ORIENTED_EDGE('',*,*,#17010,.T.);
#17937 = ORIENTED_EDGE('',*,*,#16987,.T.);
#17938 = ORIENTED_EDGE('',*,*,#16964,.T.);
#17939 = ORIENTED_EDGE('',*,*,#16941,.T.);
#17940 = ORIENTED_EDGE('',*,*,#16918,.T.);
#17941 = ORIENTED_EDGE('',*,*,#16895,.T.);
#17942 = ORIENTED_EDGE('',*,*,#16872,.T.);
#17943 = ORIENTED_EDGE('',*,*,#16844,.T.);
#17944 = ADVANCED_FACE('',(#17945),#17189,.F.);
#17945 = FACE_BOUND('',#17946,.F.);
#17946 = EDGE_LOOP('',(#17947,#17948,#17949,#17950));
#17947 = ORIENTED_EDGE('',*,*,#17227,.F.);
#17948 = ORIENTED_EDGE('',*,*,#17572,.F.);
#17949 = ORIENTED_EDGE('',*,*,#17290,.T.);
#17950 = ORIENTED_EDGE('',*,*,#17176,.T.);
#17951 = ADVANCED_FACE('',(#17952),#17164,.F.);
#17952 = FACE_BOUND('',#17953,.F.);
#17953 = EDGE_LOOP('',(#17954,#17955,#17956,#17957));
#17954 = ORIENTED_EDGE('',*,*,#17857,.T.);
#17955 = ORIENTED_EDGE('',*,*,#17910,.F.);
#17956 = ORIENTED_EDGE('',*,*,#17151,.F.);
#17957 = ORIENTED_EDGE('',*,*,#17265,.T.);
#17958 = ADVANCED_FACE('',(#17959),#17466,.F.);
#17959 = FACE_BOUND('',#17960,.F.);
#17960 = EDGE_LOOP('',(#17961,#17962,#17963,#17964));
#17961 = ORIENTED_EDGE('',*,*,#17451,.T.);
#17962 = ORIENTED_EDGE('',*,*,#17757,.T.);
#17963 = ORIENTED_EDGE('',*,*,#17809,.T.);
#17964 = ORIENTED_EDGE('',*,*,#17884,.F.);
#17965 = ( GEOMETRIC_REPRESENTATION_CONTEXT(3) 
GLOBAL_UNCERTAINTY_ASSIGNED_CONTEXT((#17969)) 
GLOBAL_UNIT_ASSIGNED_CONTEXT((#17966,#17967,#17968)) 
REPRESENTATION_CONTEXT('Context #1',
  '3D Context with UNIT and UNCERTAINTY') );
#17966 = ( LENGTH_UNIT() NAMED_UNIT(*) SI_UNIT(.MILLI.,.METRE.) );
#17967 = ( NAMED_UNIT(*) PLANE_ANGLE_UNIT() SI_UNIT($,.RADIAN.) );
#17968 = ( NAMED_UNIT(*) SI_UNIT($,.STERADIAN.) SOLID_ANGLE_UNIT() );
#17969 = UNCERTAINTY_MEASURE_WITH_UNIT(LENGTH_MEASURE(1.E-07),#17966,
  'distance_accuracy_value','confusion accuracy');
#17970 = SHAPE_DEFINITION_REPRESENTATION(#17971,#14665);
#17971 = PRODUCT_DEFINITION_SHAPE('','',#17972);
#17972 = PRODUCT_DEFINITION('design','',#17973,#17976);
#17973 = PRODUCT_DEFINITION_FORMATION('','',#17974);
#17974 = PRODUCT('Open CASCADE STEP translator 7.5 2.7.2',
  'Open CASCADE STEP translator 7.5 2.7.2','',(#17975));
#17975 = PRODUCT_CONTEXT('',#2,'mechanical');
#17976 = PRODUCT_DEFINITION_CONTEXT('part definition',#2,'design');
#17977 = CONTEXT_DEPENDENT_SHAPE_REPRESENTATION(#17978,#17980);
#17978 = ( REPRESENTATION_RELATIONSHIP('','',#14665,#11333) 
REPRESENTATION_RELATIONSHIP_WITH_TRANSFORMATION(#17979) 
SHAPE_REPRESENTATION_RELATIONSHIP() );
#17979 = ITEM_DEFINED_TRANSFORMATION('','',#11,#11338);
#17980 = PRODUCT_DEFINITION_SHAPE('Placement','Placement of an item',
  #17981);
#17981 = NEXT_ASSEMBLY_USAGE_OCCURRENCE('28','','',#11328,#17972,$);
#17982 = PRODUCT_RELATED_PRODUCT_CATEGORY('part',$,(#17974));
#17983 = CONTEXT_DEPENDENT_SHAPE_REPRESENTATION(#17984,#17986);
#17984 = ( REPRESENTATION_RELATIONSHIP('','',#11333,#10) 
REPRESENTATION_RELATIONSHIP_WITH_TRANSFORMATION(#17985) 
SHAPE_REPRESENTATION_RELATIONSHIP() );
#17985 = ITEM_DEFINED_TRANSFORMATION('','',#11,#39);
#17986 = PRODUCT_DEFINITION_SHAPE('Placement','Placement of an item',
  #17987);
#17987 = NEXT_ASSEMBLY_USAGE_OCCURRENCE('29','','',#5,#11328,$);
#17988 = PRODUCT_RELATED_PRODUCT_CATEGORY('part',$,(#11330));
#17989 = ADVANCED_BREP_SHAPE_REPRESENTATION('',(#11,#17990),#18088);
#17990 = MANIFOLD_SOLID_BREP('',#17991);
#17991 = CLOSED_SHELL('',(#17992,#18080,#18084));
#17992 = ADVANCED_FACE('',(#17993),#18006,.T.);
#17993 = FACE_BOUND('',#17994,.T.);
#17994 = EDGE_LOOP('',(#17995,#18029,#18052,#18079));
#17995 = ORIENTED_EDGE('',*,*,#17996,.F.);
#17996 = EDGE_CURVE('',#17997,#17997,#17999,.T.);
#17997 = VERTEX_POINT('',#17998);
#17998 = CARTESIAN_POINT('',(-7.347880794884E-16,-67.,151.));
#17999 = SURFACE_CURVE('',#18000,(#18005,#18017),.PCURVE_S1.);
#18000 = CIRCLE('',#18001,3.);
#18001 = AXIS2_PLACEMENT_3D('',#18002,#18003,#18004);
#18002 = CARTESIAN_POINT('',(0.,-67.,154.));
#18003 = DIRECTION('',(0.,-1.,0.));
#18004 = DIRECTION('',(0.,-0.,-1.));
#18005 = PCURVE('',#18006,#18011);
#18006 = CYLINDRICAL_SURFACE('',#18007,3.);
#18007 = AXIS2_PLACEMENT_3D('',#18008,#18009,#18010);
#18008 = CARTESIAN_POINT('',(0.,-42.,154.));
#18009 = DIRECTION('',(0.,-1.,0.));
#18010 = DIRECTION('',(0.,-0.,-1.));
#18011 = DEFINITIONAL_REPRESENTATION('',(#18012),#18016);
#18012 = LINE('',#18013,#18014);
#18013 = CARTESIAN_POINT('',(0.,25.));
#18014 = VECTOR('',#18015,1.);
#18015 = DIRECTION('',(1.,0.));
#18016 = ( GEOMETRIC_REPRESENTATION_CONTEXT(2) 
PARAMETRIC_REPRESENTATION_CONTEXT() REPRESENTATION_CONTEXT('2D SPACE',''
  ) );
#18017 = PCURVE('',#18018,#18023);
#18018 = PLANE('',#18019);
#18019 = AXIS2_PLACEMENT_3D('',#18020,#18021,#18022);
#18020 = CARTESIAN_POINT('',(0.,-67.,154.));
#18021 = DIRECTION('',(0.,-1.,0.));
#18022 = DIRECTION('',(0.,-0.,-1.));
#18023 = DEFINITIONAL_REPRESENTATION('',(#18024),#18028);
#18024 = CIRCLE('',#18025,3.);
#18025 = AXIS2_PLACEMENT_2D('',#18026,#18027);
#18026 = CARTESIAN_POINT('',(0.,0.));
#18027 = DIRECTION('',(1.,0.));
#18028 = ( GEOMETRIC_REPRESENTATION_CONTEXT(2) 
PARAMETRIC_REPRESENTATION_CONTEXT() REPRESENTATION_CONTEXT('2D SPACE',''
  ) );
#18029 = ORIENTED_EDGE('',*,*,#18030,.F.);
#18030 = EDGE_CURVE('',#18031,#17997,#18033,.T.);
#18031 = VERTEX_POINT('',#18032);
#18032 = CARTESIAN_POINT('',(-7.347880794884E-16,-42.,151.));
#18033 = SEAM_CURVE('',#18034,(#18038,#18045),.PCURVE_S1.);
#18034 = LINE('',#18035,#18036);
#18035 = CARTESIAN_POINT('',(-7.347880794884E-16,-42.,151.));
#18036 = VECTOR('',#18037,1.);
#18037 = DIRECTION('',(0.,-1.,0.));
#18038 = PCURVE('',#18006,#18039);
#18039 = DEFINITIONAL_REPRESENTATION('',(#18040),#18044);
#18040 = LINE('',#18041,#18042);
#18041 = CARTESIAN_POINT('',(6.28318530718,-0.));
#18042 = VECTOR('',#18043,1.);
#18043 = DIRECTION('',(0.,1.));
#18044 = ( GEOMETRIC_REPRESENTATION_CONTEXT(2) 
PARAMETRIC_REPRESENTATION_CONTEXT() REPRESENTATION_CONTEXT('2D SPACE',''
  ) );
#18045 = PCURVE('',#18006,#18046);
#18046 = DEFINITIONAL_REPRESENTATION('',(#18047),#18051);
#18047 = LINE('',#18048,#18049);
#18048 = CARTESIAN_POINT('',(0.,-0.));
#18049 = VECTOR('',#18050,1.);
#18050 = DIRECTION('',(0.,1.));
#18051 = ( GEOMETRIC_REPRESENTATION_CONTEXT(2) 
PARAMETRIC_REPRESENTATION_CONTEXT() REPRESENTATION_CONTEXT('2D SPACE',''
  ) );
#18052 = ORIENTED_EDGE('',*,*,#18053,.T.);
#18053 = EDGE_CURVE('',#18031,#18031,#18054,.T.);
#18054 = SURFACE_CURVE('',#18055,(#18060,#18067),.PCURVE_S1.);
#18055 = CIRCLE('',#18056,3.);
#18056 = AXIS2_PLACEMENT_3D('',#18057,#18058,#18059);
#18057 = CARTESIAN_POINT('',(0.,-42.,154.));
#18058 = DIRECTION('',(0.,-1.,0.));
#18059 = DIRECTION('',(0.,-0.,-1.));
#18060 = PCURVE('',#18006,#18061);
#18061 = DEFINITIONAL_REPRESENTATION('',(#18062),#18066);
#18062 = LINE('',#18063,#18064);
#18063 = CARTESIAN_POINT('',(0.,0.));
#18064 = VECTOR('',#18065,1.);
#18065 = DIRECTION('',(1.,0.));
#18066 = ( GEOMETRIC_REPRESENTATION_CONTEXT(2) 
PARAMETRIC_REPRESENTATION_CONTEXT() REPRESENTATION_CONTEXT('2D SPACE',''
  ) );
#18067 = PCURVE('',#18068,#18073);
#18068 = PLANE('',#18069);
#18069 = AXIS2_PLACEMENT_3D('',#18070,#18071,#18072);
#18070 = CARTESIAN_POINT('',(0.,-42.,154.));
#18071 = DIRECTION('',(0.,-1.,0.));
#18072 = DIRECTION('',(0.,-0.,-1.));
#18073 = DEFINITIONAL_REPRESENTATION('',(#18074),#18078);
#18074 = CIRCLE('',#18075,3.);
#18075 = AXIS2_PLACEMENT_2D('',#18076,#18077);
#18076 = CARTESIAN_POINT('',(0.,0.));
#18077 = DIRECTION('',(1.,0.));
#18078 = ( GEOMETRIC_REPRESENTATION_CONTEXT(2) 
PARAMETRIC_REPRESENTATION_CONTEXT() REPRESENTATION_CONTEXT('2D SPACE',''
  ) );
#18079 = ORIENTED_EDGE('',*,*,#18030,.T.);
#18080 = ADVANCED_FACE('',(#18081),#18018,.T.);
#18081 = FACE_BOUND('',#18082,.T.);
#18082 = EDGE_LOOP('',(#18083));
#18083 = ORIENTED_EDGE('',*,*,#17996,.T.);
#18084 = ADVANCED_FACE('',(#18085),#18068,.F.);
#18085 = FACE_BOUND('',#18086,.T.);
#18086 = EDGE_LOOP('',(#18087));
#18087 = ORIENTED_EDGE('',*,*,#18053,.F.);
#18088 = ( GEOMETRIC_REPRESENTATION_CONTEXT(3) 
GLOBAL_UNCERTAINTY_ASSIGNED_CONTEXT((#18092)) 
GLOBAL_UNIT_ASSIGNED_CONTEXT((#18089,#18090,#18091)) 
REPRESENTATION_CONTEXT('Context #1',
  '3D Context with UNIT and UNCERTAINTY') );
#18089 = ( LENGTH_UNIT() NAMED_UNIT(*) SI_UNIT(.MILLI.,.METRE.) );
#18090 = ( NAMED_UNIT(*) PLANE_ANGLE_UNIT() SI_UNIT($,.RADIAN.) );
#18091 = ( NAMED_UNIT(*) SI_UNIT($,.STERADIAN.) SOLID_ANGLE_UNIT() );
#18092 = UNCERTAINTY_MEASURE_WITH_UNIT(LENGTH_MEASURE(1.E-07),#18089,
  'distance_accuracy_value','confusion accuracy');
#18093 = SHAPE_DEFINITION_REPRESENTATION(#18094,#17989);
#18094 = PRODUCT_DEFINITION_SHAPE('','',#18095);
#18095 = PRODUCT_DEFINITION('design','',#18096,#18099);
#18096 = PRODUCT_DEFINITION_FORMATION('','',#18097);
#18097 = PRODUCT('Open CASCADE STEP translator 7.5 2.8',
  'Open CASCADE STEP translator 7.5 2.8','',(#18098));
#18098 = PRODUCT_CONTEXT('',#2,'mechanical');
#18099 = PRODUCT_DEFINITION_CONTEXT('part definition',#2,'design');
#18100 = CONTEXT_DEPENDENT_SHAPE_REPRESENTATION(#18101,#18103);
#18101 = ( REPRESENTATION_RELATIONSHIP('','',#17989,#10) 
REPRESENTATION_RELATIONSHIP_WITH_TRANSFORMATION(#18102) 
SHAPE_REPRESENTATION_RELATIONSHIP() );
#18102 = ITEM_DEFINED_TRANSFORMATION('','',#11,#43);
#18103 = PRODUCT_DEFINITION_SHAPE('Placement','Placement of an item',
  #18104);
#18104 = NEXT_ASSEMBLY_USAGE_OCCURRENCE('30','','',#5,#18095,$);
#18105 = PRODUCT_RELATED_PRODUCT_CATEGORY('part',$,(#18097));
#18106 = ADVANCED_BREP_SHAPE_REPRESENTATION('',(#11,#18107),#19461);
#18107 = MANIFOLD_SOLID_BREP('',#18108);
#18108 = CLOSED_SHELL('',(#18109,#18229,#18307,#18385,#18777,#19109,
    #19136,#19163,#19190,#19217,#19244,#19271,#19298,#19324,#19350,
    #19377,#19402,#19429,#19454));
#18109 = ADVANCED_FACE('',(#18110),#18124,.F.);
#18110 = FACE_BOUND('',#18111,.F.);
#18111 = EDGE_LOOP('',(#18112,#18147,#18175,#18203));
#18112 = ORIENTED_EDGE('',*,*,#18113,.T.);
#18113 = EDGE_CURVE('',#18114,#18116,#18118,.T.);
#18114 = VERTEX_POINT('',#18115);
#18115 = CARTESIAN_POINT('',(-34.774990748,19.5,-150.));
#18116 = VERTEX_POINT('',#18117);
#18117 = CARTESIAN_POINT('',(-34.774990748,19.5,150.));
#18118 = SURFACE_CURVE('',#18119,(#18123,#18135),.PCURVE_S1.);
#18119 = LINE('',#18120,#18121);
#18120 = CARTESIAN_POINT('',(-34.774990748,19.5,-150.));
#18121 = VECTOR('',#18122,1.);
#18122 = DIRECTION('',(0.,0.,1.));
#18123 = PCURVE('',#18124,#18129);
#18124 = PLANE('',#18125);
#18125 = AXIS2_PLACEMENT_3D('',#18126,#18127,#18128);
#18126 = CARTESIAN_POINT('',(-34.774990748,19.5,-150.));
#18127 = DIRECTION('',(1.,0.,-0.));
#18128 = DIRECTION('',(0.,-1.,0.));
#18129 = DEFINITIONAL_REPRESENTATION('',(#18130),#18134);
#18130 = LINE('',#18131,#18132);
#18131 = CARTESIAN_POINT('',(0.,0.));
#18132 = VECTOR('',#18133,1.);
#18133 = DIRECTION('',(0.,-1.));
#18134 = ( GEOMETRIC_REPRESENTATION_CONTEXT(2) 
PARAMETRIC_REPRESENTATION_CONTEXT() REPRESENTATION_CONTEXT('2D SPACE',''
  ) );
#18135 = PCURVE('',#18136,#18141);
#18136 = CYLINDRICAL_SURFACE('',#18137,1.);
#18137 = AXIS2_PLACEMENT_3D('',#18138,#18139,#18140);
#18138 = CARTESIAN_POINT('',(-33.77499074759,19.5,-150.));
#18139 = DIRECTION('',(0.,0.,1.));
#18140 = DIRECTION('',(1.,0.,-0.));
#18141 = DEFINITIONAL_REPRESENTATION('',(#18142),#18146);
#18142 = LINE('',#18143,#18144);
#18143 = CARTESIAN_POINT('',(3.14159265359,0.));
#18144 = VECTOR('',#18145,1.);
#18145 = DIRECTION('',(0.,1.));
#18146 = ( GEOMETRIC_REPRESENTATION_CONTEXT(2) 
PARAMETRIC_REPRESENTATION_CONTEXT() REPRESENTATION_CONTEXT('2D SPACE',''
  ) );
#18147 = ORIENTED_EDGE('',*,*,#18148,.T.);
#18148 = EDGE_CURVE('',#18116,#18149,#18151,.T.);
#18149 = VERTEX_POINT('',#18150);
#18150 = CARTESIAN_POINT('',(-34.774990748,-19.5,150.));
#18151 = SURFACE_CURVE('',#18152,(#18156,#18163),.PCURVE_S1.);
#18152 = LINE('',#18153,#18154);
#18153 = CARTESIAN_POINT('',(-34.774990748,19.5,150.));
#18154 = VECTOR('',#18155,1.);
#18155 = DIRECTION('',(0.,-1.,0.));
#18156 = PCURVE('',#18124,#18157);
#18157 = DEFINITIONAL_REPRESENTATION('',(#18158),#18162);
#18158 = LINE('',#18159,#18160);
#18159 = CARTESIAN_POINT('',(0.,-300.));
#18160 = VECTOR('',#18161,1.);
#18161 = DIRECTION('',(1.,0.));
#18162 = ( GEOMETRIC_REPRESENTATION_CONTEXT(2) 
PARAMETRIC_REPRESENTATION_CONTEXT() REPRESENTATION_CONTEXT('2D SPACE',''
  ) );
#18163 = PCURVE('',#18164,#18169);
#18164 = PLANE('',#18165);
#18165 = AXIS2_PLACEMENT_3D('',#18166,#18167,#18168);
#18166 = CARTESIAN_POINT('',(-9.392482951531E-16,0.690908286102,150.));
#18167 = DIRECTION('',(0.,-6.707086915878E-31,1.));
#18168 = DIRECTION('',(0.,1.,6.707086915878E-31));
#18169 = DEFINITIONAL_REPRESENTATION('',(#18170),#18174);
#18170 = LINE('',#18171,#18172);
#18171 = CARTESIAN_POINT('',(18.809091713898,34.774990748));
#18172 = VECTOR('',#18173,1.);
#18173 = DIRECTION('',(-1.,-0.));
#18174 = ( GEOMETRIC_REPRESENTATION_CONTEXT(2) 
PARAMETRIC_REPRESENTATION_CONTEXT() REPRESENTATION_CONTEXT('2D SPACE',''
  ) );
#18175 = ORIENTED_EDGE('',*,*,#18176,.F.);
#18176 = EDGE_CURVE('',#18177,#18149,#18179,.T.);
#18177 = VERTEX_POINT('',#18178);
#18178 = CARTESIAN_POINT('',(-34.774990748,-19.5,-150.));
#18179 = SURFACE_CURVE('',#18180,(#18184,#18191),.PCURVE_S1.);
#18180 = LINE('',#18181,#18182);
#18181 = CARTESIAN_POINT('',(-34.774990748,-19.5,-150.));
#18182 = VECTOR('',#18183,1.);
#18183 = DIRECTION('',(0.,0.,1.));
#18184 = PCURVE('',#18124,#18185);
#18185 = DEFINITIONAL_REPRESENTATION('',(#18186),#18190);
#18186 = LINE('',#18187,#18188);
#18187 = CARTESIAN_POINT('',(39.,0.));
#18188 = VECTOR('',#18189,1.);
#18189 = DIRECTION('',(0.,-1.));
#18190 = ( GEOMETRIC_REPRESENTATION_CONTEXT(2) 
PARAMETRIC_REPRESENTATION_CONTEXT() REPRESENTATION_CONTEXT('2D SPACE',''
  ) );
#18191 = PCURVE('',#18192,#18197);
#18192 = CYLINDRICAL_SURFACE('',#18193,1.);
#18193 = AXIS2_PLACEMENT_3D('',#18194,#18195,#18196);
#18194 = CARTESIAN_POINT('',(-33.77499074759,-19.5,-150.));
#18195 = DIRECTION('',(0.,0.,1.));
#18196 = DIRECTION('',(1.,0.,-0.));
#18197 = DEFINITIONAL_REPRESENTATION('',(#18198),#18202);
#18198 = LINE('',#18199,#18200);
#18199 = CARTESIAN_POINT('',(3.14159265359,0.));
#18200 = VECTOR('',#18201,1.);
#18201 = DIRECTION('',(0.,1.));
#18202 = ( GEOMETRIC_REPRESENTATION_CONTEXT(2) 
PARAMETRIC_REPRESENTATION_CONTEXT() REPRESENTATION_CONTEXT('2D SPACE',''
  ) );
#18203 = ORIENTED_EDGE('',*,*,#18204,.F.);
#18204 = EDGE_CURVE('',#18114,#18177,#18205,.T.);
#18205 = SURFACE_CURVE('',#18206,(#18210,#18217),.PCURVE_S1.);
#18206 = LINE('',#18207,#18208);
#18207 = CARTESIAN_POINT('',(-34.774990748,19.5,-150.));
#18208 = VECTOR('',#18209,1.);
#18209 = DIRECTION('',(0.,-1.,0.));
#18210 = PCURVE('',#18124,#18211);
#18211 = DEFINITIONAL_REPRESENTATION('',(#18212),#18216);
#18212 = LINE('',#18213,#18214);
#18213 = CARTESIAN_POINT('',(0.,0.));
#18214 = VECTOR('',#18215,1.);
#18215 = DIRECTION('',(1.,0.));
#18216 = ( GEOMETRIC_REPRESENTATION_CONTEXT(2) 
PARAMETRIC_REPRESENTATION_CONTEXT() REPRESENTATION_CONTEXT('2D SPACE',''
  ) );
#18217 = PCURVE('',#18218,#18223);
#18218 = PLANE('',#18219);
#18219 = AXIS2_PLACEMENT_3D('',#18220,#18221,#18222);
#18220 = CARTESIAN_POINT('',(-9.392482951531E-16,0.690908286102,-150.));
#18221 = DIRECTION('',(0.,-6.707086915878E-31,1.));
#18222 = DIRECTION('',(0.,1.,6.707086915878E-31));
#18223 = DEFINITIONAL_REPRESENTATION('',(#18224),#18228);
#18224 = LINE('',#18225,#18226);
#18225 = CARTESIAN_POINT('',(18.809091713898,34.774990748));
#18226 = VECTOR('',#18227,1.);
#18227 = DIRECTION('',(-1.,-0.));
#18228 = ( GEOMETRIC_REPRESENTATION_CONTEXT(2) 
PARAMETRIC_REPRESENTATION_CONTEXT() REPRESENTATION_CONTEXT('2D SPACE',''
  ) );
#18229 = ADVANCED_FACE('',(#18230),#18136,.F.);
#18230 = FACE_BOUND('',#18231,.F.);
#18231 = EDGE_LOOP('',(#18232,#18262,#18284,#18285));
#18232 = ORIENTED_EDGE('',*,*,#18233,.T.);
#18233 = EDGE_CURVE('',#18234,#18236,#18238,.T.);
#18234 = VERTEX_POINT('',#18235);
#18235 = CARTESIAN_POINT('',(-32.77499074759,19.5,-150.));
#18236 = VERTEX_POINT('',#18237);
#18237 = CARTESIAN_POINT('',(-32.77499074759,19.5,150.));
#18238 = SURFACE_CURVE('',#18239,(#18243,#18250),.PCURVE_S1.);
#18239 = LINE('',#18240,#18241);
#18240 = CARTESIAN_POINT('',(-32.77499074759,19.5,-150.));
#18241 = VECTOR('',#18242,1.);
#18242 = DIRECTION('',(0.,0.,1.));
#18243 = PCURVE('',#18136,#18244);
#18244 = DEFINITIONAL_REPRESENTATION('',(#18245),#18249);
#18245 = LINE('',#18246,#18247);
#18246 = CARTESIAN_POINT('',(6.28318530718,-0.));
#18247 = VECTOR('',#18248,1.);
#18248 = DIRECTION('',(0.,1.));
#18249 = ( GEOMETRIC_REPRESENTATION_CONTEXT(2) 
PARAMETRIC_REPRESENTATION_CONTEXT() REPRESENTATION_CONTEXT('2D SPACE',''
  ) );
#18250 = PCURVE('',#18251,#18256);
#18251 = CYLINDRICAL_SURFACE('',#18252,1.);
#18252 = AXIS2_PLACEMENT_3D('',#18253,#18254,#18255);
#18253 = CARTESIAN_POINT('',(-33.77499074759,19.5,-150.));
#18254 = DIRECTION('',(0.,0.,1.));
#18255 = DIRECTION('',(1.,0.,-0.));
#18256 = DEFINITIONAL_REPRESENTATION('',(#18257),#18261);
#18257 = LINE('',#18258,#18259);
#18258 = CARTESIAN_POINT('',(0.,-0.));
#18259 = VECTOR('',#18260,1.);
#18260 = DIRECTION('',(0.,1.));
#18261 = ( GEOMETRIC_REPRESENTATION_CONTEXT(2) 
PARAMETRIC_REPRESENTATION_CONTEXT() REPRESENTATION_CONTEXT('2D SPACE',''
  ) );
#18262 = ORIENTED_EDGE('',*,*,#18263,.F.);
#18263 = EDGE_CURVE('',#18116,#18236,#18264,.T.);
#18264 = SURFACE_CURVE('',#18265,(#18270,#18277),.PCURVE_S1.);
#18265 = CIRCLE('',#18266,1.);
#18266 = AXIS2_PLACEMENT_3D('',#18267,#18268,#18269);
#18267 = CARTESIAN_POINT('',(-33.77499074759,19.5,150.));
#18268 = DIRECTION('',(0.,0.,1.));
#18269 = DIRECTION('',(1.,0.,-0.));
#18270 = PCURVE('',#18136,#18271);
#18271 = DEFINITIONAL_REPRESENTATION('',(#18272),#18276);
#18272 = LINE('',#18273,#18274);
#18273 = CARTESIAN_POINT('',(0.,300.));
#18274 = VECTOR('',#18275,1.);
#18275 = DIRECTION('',(1.,0.));
#18276 = ( GEOMETRIC_REPRESENTATION_CONTEXT(2) 
PARAMETRIC_REPRESENTATION_CONTEXT() REPRESENTATION_CONTEXT('2D SPACE',''
  ) );
#18277 = PCURVE('',#18164,#18278);
#18278 = DEFINITIONAL_REPRESENTATION('',(#18279),#18283);
#18279 = CIRCLE('',#18280,1.);
#18280 = AXIS2_PLACEMENT_2D('',#18281,#18282);
#18281 = CARTESIAN_POINT('',(18.809091713898,33.774990747593));
#18282 = DIRECTION('',(0.,-1.));
#18283 = ( GEOMETRIC_REPRESENTATION_CONTEXT(2) 
PARAMETRIC_REPRESENTATION_CONTEXT() REPRESENTATION_CONTEXT('2D SPACE',''
  ) );
#18284 = ORIENTED_EDGE('',*,*,#18113,.F.);
#18285 = ORIENTED_EDGE('',*,*,#18286,.T.);
#18286 = EDGE_CURVE('',#18114,#18234,#18287,.T.);
#18287 = SURFACE_CURVE('',#18288,(#18293,#18300),.PCURVE_S1.);
#18288 = CIRCLE('',#18289,1.);
#18289 = AXIS2_PLACEMENT_3D('',#18290,#18291,#18292);
#18290 = CARTESIAN_POINT('',(-33.77499074759,19.5,-150.));
#18291 = DIRECTION('',(0.,0.,1.));
#18292 = DIRECTION('',(1.,0.,-0.));
#18293 = PCURVE('',#18136,#18294);
#18294 = DEFINITIONAL_REPRESENTATION('',(#18295),#18299);
#18295 = LINE('',#18296,#18297);
#18296 = CARTESIAN_POINT('',(0.,0.));
#18297 = VECTOR('',#18298,1.);
#18298 = DIRECTION('',(1.,0.));
#18299 = ( GEOMETRIC_REPRESENTATION_CONTEXT(2) 
PARAMETRIC_REPRESENTATION_CONTEXT() REPRESENTATION_CONTEXT('2D SPACE',''
  ) );
#18300 = PCURVE('',#18218,#18301);
#18301 = DEFINITIONAL_REPRESENTATION('',(#18302),#18306);
#18302 = CIRCLE('',#18303,1.);
#18303 = AXIS2_PLACEMENT_2D('',#18304,#18305);
#18304 = CARTESIAN_POINT('',(18.809091713898,33.774990747593));
#18305 = DIRECTION('',(0.,-1.));
#18306 = ( GEOMETRIC_REPRESENTATION_CONTEXT(2) 
PARAMETRIC_REPRESENTATION_CONTEXT() REPRESENTATION_CONTEXT('2D SPACE',''
  ) );
#18307 = ADVANCED_FACE('',(#18308),#18192,.F.);
#18308 = FACE_BOUND('',#18309,.F.);
#18309 = EDGE_LOOP('',(#18310,#18334,#18362,#18384));
#18310 = ORIENTED_EDGE('',*,*,#18311,.F.);
#18311 = EDGE_CURVE('',#18312,#18149,#18314,.T.);
#18312 = VERTEX_POINT('',#18313);
#18313 = CARTESIAN_POINT('',(-32.77499074759,-19.5,150.));
#18314 = SURFACE_CURVE('',#18315,(#18320,#18327),.PCURVE_S1.);
#18315 = CIRCLE('',#18316,1.);
#18316 = AXIS2_PLACEMENT_3D('',#18317,#18318,#18319);
#18317 = CARTESIAN_POINT('',(-33.77499074759,-19.5,150.));
#18318 = DIRECTION('',(0.,0.,1.));
#18319 = DIRECTION('',(1.,0.,-0.));
#18320 = PCURVE('',#18192,#18321);
#18321 = DEFINITIONAL_REPRESENTATION('',(#18322),#18326);
#18322 = LINE('',#18323,#18324);
#18323 = CARTESIAN_POINT('',(0.,300.));
#18324 = VECTOR('',#18325,1.);
#18325 = DIRECTION('',(1.,0.));
#18326 = ( GEOMETRIC_REPRESENTATION_CONTEXT(2) 
PARAMETRIC_REPRESENTATION_CONTEXT() REPRESENTATION_CONTEXT('2D SPACE',''
  ) );
#18327 = PCURVE('',#18164,#18328);
#18328 = DEFINITIONAL_REPRESENTATION('',(#18329),#18333);
#18329 = CIRCLE('',#18330,1.);
#18330 = AXIS2_PLACEMENT_2D('',#18331,#18332);
#18331 = CARTESIAN_POINT('',(-20.1909082861,33.774990747593));
#18332 = DIRECTION('',(0.,-1.));
#18333 = ( GEOMETRIC_REPRESENTATION_CONTEXT(2) 
PARAMETRIC_REPRESENTATION_CONTEXT() REPRESENTATION_CONTEXT('2D SPACE',''
  ) );
#18334 = ORIENTED_EDGE('',*,*,#18335,.F.);
#18335 = EDGE_CURVE('',#18336,#18312,#18338,.T.);
#18336 = VERTEX_POINT('',#18337);
#18337 = CARTESIAN_POINT('',(-32.77499074759,-19.5,-150.));
#18338 = SURFACE_CURVE('',#18339,(#18343,#18350),.PCURVE_S1.);
#18339 = LINE('',#18340,#18341);
#18340 = CARTESIAN_POINT('',(-32.77499074759,-19.5,-150.));
#18341 = VECTOR('',#18342,1.);
#18342 = DIRECTION('',(0.,0.,1.));
#18343 = PCURVE('',#18192,#18344);
#18344 = DEFINITIONAL_REPRESENTATION('',(#18345),#18349);
#18345 = LINE('',#18346,#18347);
#18346 = CARTESIAN_POINT('',(0.,-0.));
#18347 = VECTOR('',#18348,1.);
#18348 = DIRECTION('',(0.,1.));
#18349 = ( GEOMETRIC_REPRESENTATION_CONTEXT(2) 
PARAMETRIC_REPRESENTATION_CONTEXT() REPRESENTATION_CONTEXT('2D SPACE',''
  ) );
#18350 = PCURVE('',#18351,#18356);
#18351 = CYLINDRICAL_SURFACE('',#18352,1.);
#18352 = AXIS2_PLACEMENT_3D('',#18353,#18354,#18355);
#18353 = CARTESIAN_POINT('',(-33.77499074759,-19.5,-150.));
#18354 = DIRECTION('',(0.,0.,1.));
#18355 = DIRECTION('',(1.,0.,-0.));
#18356 = DEFINITIONAL_REPRESENTATION('',(#18357),#18361);
#18357 = LINE('',#18358,#18359);
#18358 = CARTESIAN_POINT('',(6.28318530718,-0.));
#18359 = VECTOR('',#18360,1.);
#18360 = DIRECTION('',(0.,1.));
#18361 = ( GEOMETRIC_REPRESENTATION_CONTEXT(2) 
PARAMETRIC_REPRESENTATION_CONTEXT() REPRESENTATION_CONTEXT('2D SPACE',''
  ) );
#18362 = ORIENTED_EDGE('',*,*,#18363,.T.);
#18363 = EDGE_CURVE('',#18336,#18177,#18364,.T.);
#18364 = SURFACE_CURVE('',#18365,(#18370,#18377),.PCURVE_S1.);
#18365 = CIRCLE('',#18366,1.);
#18366 = AXIS2_PLACEMENT_3D('',#18367,#18368,#18369);
#18367 = CARTESIAN_POINT('',(-33.77499074759,-19.5,-150.));
#18368 = DIRECTION('',(0.,0.,1.));
#18369 = DIRECTION('',(1.,0.,-0.));
#18370 = PCURVE('',#18192,#18371);
#18371 = DEFINITIONAL_REPRESENTATION('',(#18372),#18376);
#18372 = LINE('',#18373,#18374);
#18373 = CARTESIAN_POINT('',(0.,0.));
#18374 = VECTOR('',#18375,1.);
#18375 = DIRECTION('',(1.,0.));
#18376 = ( GEOMETRIC_REPRESENTATION_CONTEXT(2) 
PARAMETRIC_REPRESENTATION_CONTEXT() REPRESENTATION_CONTEXT('2D SPACE',''
  ) );
#18377 = PCURVE('',#18218,#18378);
#18378 = DEFINITIONAL_REPRESENTATION('',(#18379),#18383);
#18379 = CIRCLE('',#18380,1.);
#18380 = AXIS2_PLACEMENT_2D('',#18381,#18382);
#18381 = CARTESIAN_POINT('',(-20.1909082861,33.774990747593));
#18382 = DIRECTION('',(0.,-1.));
#18383 = ( GEOMETRIC_REPRESENTATION_CONTEXT(2) 
PARAMETRIC_REPRESENTATION_CONTEXT() REPRESENTATION_CONTEXT('2D SPACE',''
  ) );
#18384 = ORIENTED_EDGE('',*,*,#18176,.T.);
#18385 = ADVANCED_FACE('',(#18386),#18218,.F.);
#18386 = FACE_BOUND('',#18387,.F.);
#18387 = EDGE_LOOP('',(#18388,#18389,#18390,#18391,#18415,#18443,#18472,
    #18501,#18529,#18558,#18586,#18615,#18643,#18671,#18699,#18727,
    #18755));
#18388 = ORIENTED_EDGE('',*,*,#18286,.F.);
#18389 = ORIENTED_EDGE('',*,*,#18204,.T.);
#18390 = ORIENTED_EDGE('',*,*,#18363,.F.);
#18391 = ORIENTED_EDGE('',*,*,#18392,.F.);
#18392 = EDGE_CURVE('',#18393,#18336,#18395,.T.);
#18393 = VERTEX_POINT('',#18394);
#18394 = CARTESIAN_POINT('',(-34.246387484,-20.381921264,-150.));
#18395 = SURFACE_CURVE('',#18396,(#18401,#18408),.PCURVE_S1.);
#18396 = CIRCLE('',#18397,1.);
#18397 = AXIS2_PLACEMENT_3D('',#18398,#18399,#18400);
#18398 = CARTESIAN_POINT('',(-33.77499074759,-19.5,-150.));
#18399 = DIRECTION('',(0.,0.,1.));
#18400 = DIRECTION('',(1.,0.,-0.));
#18401 = PCURVE('',#18218,#18402);
#18402 = DEFINITIONAL_REPRESENTATION('',(#18403),#18407);
#18403 = CIRCLE('',#18404,1.);
#18404 = AXIS2_PLACEMENT_2D('',#18405,#18406);
#18405 = CARTESIAN_POINT('',(-20.1909082861,33.774990747593));
#18406 = DIRECTION('',(0.,-1.));
#18407 = ( GEOMETRIC_REPRESENTATION_CONTEXT(2) 
PARAMETRIC_REPRESENTATION_CONTEXT() REPRESENTATION_CONTEXT('2D SPACE',''
  ) );
#18408 = PCURVE('',#18351,#18409);
#18409 = DEFINITIONAL_REPRESENTATION('',(#18410),#18414);
#18410 = LINE('',#18411,#18412);
#18411 = CARTESIAN_POINT('',(0.,0.));
#18412 = VECTOR('',#18413,1.);
#18413 = DIRECTION('',(1.,0.));
#18414 = ( GEOMETRIC_REPRESENTATION_CONTEXT(2) 
PARAMETRIC_REPRESENTATION_CONTEXT() REPRESENTATION_CONTEXT('2D SPACE',''
  ) );
#18415 = ORIENTED_EDGE('',*,*,#18416,.T.);
#18416 = EDGE_CURVE('',#18393,#18417,#18419,.T.);
#18417 = VERTEX_POINT('',#18418);
#18418 = CARTESIAN_POINT('',(-0.528067856236,-39.84920217805,-150.));
#18419 = SURFACE_CURVE('',#18420,(#18424,#18431),.PCURVE_S1.);
#18420 = LINE('',#18421,#18422);
#18421 = CARTESIAN_POINT('',(-34.246387484,-20.381921264,-150.));
#18422 = VECTOR('',#18423,1.);
#18423 = DIRECTION('',(0.866025403781,-0.500000000007,0.));
#18424 = PCURVE('',#18218,#18425);
#18425 = DEFINITIONAL_REPRESENTATION('',(#18426),#18430);
#18426 = LINE('',#18427,#18428);
#18427 = CARTESIAN_POINT('',(-21.0728295501,34.246387484));
#18428 = VECTOR('',#18429,1.);
#18429 = DIRECTION('',(-0.500000000007,-0.866025403781));
#18430 = ( GEOMETRIC_REPRESENTATION_CONTEXT(2) 
PARAMETRIC_REPRESENTATION_CONTEXT() REPRESENTATION_CONTEXT('2D SPACE',''
  ) );
#18431 = PCURVE('',#18432,#18437);
#18432 = PLANE('',#18433);
#18433 = AXIS2_PLACEMENT_3D('',#18434,#18435,#18436);
#18434 = CARTESIAN_POINT('',(-34.246387484,-20.381921264,-150.));
#18435 = DIRECTION('',(0.500000000007,0.866025403781,-0.));
#18436 = DIRECTION('',(0.866025403781,-0.500000000007,0.));
#18437 = DEFINITIONAL_REPRESENTATION('',(#18438),#18442);
#18438 = LINE('',#18439,#18440);
#18439 = CARTESIAN_POINT('',(0.,0.));
#18440 = VECTOR('',#18441,1.);
#18441 = DIRECTION('',(1.,0.));
#18442 = ( GEOMETRIC_REPRESENTATION_CONTEXT(2) 
PARAMETRIC_REPRESENTATION_CONTEXT() REPRESENTATION_CONTEXT('2D SPACE',''
  ) );
#18443 = ORIENTED_EDGE('',*,*,#18444,.F.);
#18444 = EDGE_CURVE('',#18445,#18417,#18447,.T.);
#18445 = VERTEX_POINT('',#18446);
#18446 = CARTESIAN_POINT('',(1.,-39.,-150.));
#18447 = SURFACE_CURVE('',#18448,(#18453,#18460),.PCURVE_S1.);
#18448 = CIRCLE('',#18449,1.);
#18449 = AXIS2_PLACEMENT_3D('',#18450,#18451,#18452);
#18450 = CARTESIAN_POINT('',(-7.164183775012E-15,-39.,-150.));
#18451 = DIRECTION('',(0.,0.,1.));
#18452 = DIRECTION('',(1.,0.,-0.));
#18453 = PCURVE('',#18218,#18454);
#18454 = DEFINITIONAL_REPRESENTATION('',(#18455),#18459);
#18455 = CIRCLE('',#18456,1.);
#18456 = AXIS2_PLACEMENT_2D('',#18457,#18458);
#18457 = CARTESIAN_POINT('',(-39.6909082861,6.224935479859E-15));
#18458 = DIRECTION('',(0.,-1.));
#18459 = ( GEOMETRIC_REPRESENTATION_CONTEXT(2) 
PARAMETRIC_REPRESENTATION_CONTEXT() REPRESENTATION_CONTEXT('2D SPACE',''
  ) );
#18460 = PCURVE('',#18461,#18466);
#18461 = CYLINDRICAL_SURFACE('',#18462,1.);
#18462 = AXIS2_PLACEMENT_3D('',#18463,#18464,#18465);
#18463 = CARTESIAN_POINT('',(-7.164183775012E-15,-39.,-150.));
#18464 = DIRECTION('',(0.,0.,1.));
#18465 = DIRECTION('',(1.,0.,-0.));
#18466 = DEFINITIONAL_REPRESENTATION('',(#18467),#18471);
#18467 = LINE('',#18468,#18469);
#18468 = CARTESIAN_POINT('',(0.,0.));
#18469 = VECTOR('',#18470,1.);
#18470 = DIRECTION('',(1.,0.));
#18471 = ( GEOMETRIC_REPRESENTATION_CONTEXT(2) 
PARAMETRIC_REPRESENTATION_CONTEXT() REPRESENTATION_CONTEXT('2D SPACE',''
  ) );
#18472 = ORIENTED_EDGE('',*,*,#18473,.F.);
#18473 = EDGE_CURVE('',#18474,#18445,#18476,.T.);
#18474 = VERTEX_POINT('',#18475);
#18475 = CARTESIAN_POINT('',(0.528067856235,-39.84920217805,-150.));
#18476 = SURFACE_CURVE('',#18477,(#18482,#18489),.PCURVE_S1.);
#18477 = CIRCLE('',#18478,1.);
#18478 = AXIS2_PLACEMENT_3D('',#18479,#18480,#18481);
#18479 = CARTESIAN_POINT('',(-7.164183775012E-15,-39.,-150.));
#18480 = DIRECTION('',(0.,0.,1.));
#18481 = DIRECTION('',(1.,0.,-0.));
#18482 = PCURVE('',#18218,#18483);
#18483 = DEFINITIONAL_REPRESENTATION('',(#18484),#18488);
#18484 = CIRCLE('',#18485,1.);
#18485 = AXIS2_PLACEMENT_2D('',#18486,#18487);
#18486 = CARTESIAN_POINT('',(-39.6909082861,6.224935479859E-15));
#18487 = DIRECTION('',(0.,-1.));
#18488 = ( GEOMETRIC_REPRESENTATION_CONTEXT(2) 
PARAMETRIC_REPRESENTATION_CONTEXT() REPRESENTATION_CONTEXT('2D SPACE',''
  ) );
#18489 = PCURVE('',#18490,#18495);
#18490 = CYLINDRICAL_SURFACE('',#18491,1.);
#18491 = AXIS2_PLACEMENT_3D('',#18492,#18493,#18494);
#18492 = CARTESIAN_POINT('',(-7.164183775012E-15,-39.,-150.));
#18493 = DIRECTION('',(0.,0.,1.));
#18494 = DIRECTION('',(1.,0.,-0.));
#18495 = DEFINITIONAL_REPRESENTATION('',(#18496),#18500);
#18496 = LINE('',#18497,#18498);
#18497 = CARTESIAN_POINT('',(0.,0.));
#18498 = VECTOR('',#18499,1.);
#18499 = DIRECTION('',(1.,0.));
#18500 = ( GEOMETRIC_REPRESENTATION_CONTEXT(2) 
PARAMETRIC_REPRESENTATION_CONTEXT() REPRESENTATION_CONTEXT('2D SPACE',''
  ) );
#18501 = ORIENTED_EDGE('',*,*,#18502,.T.);
#18502 = EDGE_CURVE('',#18474,#18503,#18505,.T.);
#18503 = VERTEX_POINT('',#18504);
#18504 = CARTESIAN_POINT('',(34.246387484,-20.381921264,-150.));
#18505 = SURFACE_CURVE('',#18506,(#18510,#18517),.PCURVE_S1.);
#18506 = LINE('',#18507,#18508);
#18507 = CARTESIAN_POINT('',(0.471396737,-39.881921264,-150.));
#18508 = VECTOR('',#18509,1.);
#18509 = DIRECTION('',(0.866025403781,0.500000000007,0.));
#18510 = PCURVE('',#18218,#18511);
#18511 = DEFINITIONAL_REPRESENTATION('',(#18512),#18516);
#18512 = LINE('',#18513,#18514);
#18513 = CARTESIAN_POINT('',(-40.5728295501,-0.471396737));
#18514 = VECTOR('',#18515,1.);
#18515 = DIRECTION('',(0.500000000007,-0.866025403781));
#18516 = ( GEOMETRIC_REPRESENTATION_CONTEXT(2) 
PARAMETRIC_REPRESENTATION_CONTEXT() REPRESENTATION_CONTEXT('2D SPACE',''
  ) );
#18517 = PCURVE('',#18518,#18523);
#18518 = PLANE('',#18519);
#18519 = AXIS2_PLACEMENT_3D('',#18520,#18521,#18522);
#18520 = CARTESIAN_POINT('',(0.471396737,-39.881921264,-150.));
#18521 = DIRECTION('',(-0.500000000007,0.866025403781,0.));
#18522 = DIRECTION('',(0.866025403781,0.500000000007,0.));
#18523 = DEFINITIONAL_REPRESENTATION('',(#18524),#18528);
#18524 = LINE('',#18525,#18526);
#18525 = CARTESIAN_POINT('',(0.,0.));
#18526 = VECTOR('',#18527,1.);
#18527 = DIRECTION('',(1.,0.));
#18528 = ( GEOMETRIC_REPRESENTATION_CONTEXT(2) 
PARAMETRIC_REPRESENTATION_CONTEXT() REPRESENTATION_CONTEXT('2D SPACE',''
  ) );
#18529 = ORIENTED_EDGE('',*,*,#18530,.F.);
#18530 = EDGE_CURVE('',#18531,#18503,#18533,.T.);
#18531 = VERTEX_POINT('',#18532);
#18532 = CARTESIAN_POINT('',(34.774990747797,-19.5,-150.));
#18533 = SURFACE_CURVE('',#18534,(#18539,#18546),.PCURVE_S1.);
#18534 = CIRCLE('',#18535,1.);
#18535 = AXIS2_PLACEMENT_3D('',#18536,#18537,#18538);
#18536 = CARTESIAN_POINT('',(33.774990747593,-19.5,-150.));
#18537 = DIRECTION('',(0.,0.,1.));
#18538 = DIRECTION('',(1.,0.,-0.));
#18539 = PCURVE('',#18218,#18540);
#18540 = DEFINITIONAL_REPRESENTATION('',(#18541),#18545);
#18541 = CIRCLE('',#18542,1.);
#18542 = AXIS2_PLACEMENT_2D('',#18543,#18544);
#18543 = CARTESIAN_POINT('',(-20.1909082861,-33.77499074759));
#18544 = DIRECTION('',(0.,-1.));
#18545 = ( GEOMETRIC_REPRESENTATION_CONTEXT(2) 
PARAMETRIC_REPRESENTATION_CONTEXT() REPRESENTATION_CONTEXT('2D SPACE',''
  ) );
#18546 = PCURVE('',#18547,#18552);
#18547 = CYLINDRICAL_SURFACE('',#18548,1.);
#18548 = AXIS2_PLACEMENT_3D('',#18549,#18550,#18551);
#18549 = CARTESIAN_POINT('',(33.774990747593,-19.5,-150.));
#18550 = DIRECTION('',(0.,0.,1.));
#18551 = DIRECTION('',(1.,0.,-0.));
#18552 = DEFINITIONAL_REPRESENTATION('',(#18553),#18557);
#18553 = LINE('',#18554,#18555);
#18554 = CARTESIAN_POINT('',(0.,0.));
#18555 = VECTOR('',#18556,1.);
#18556 = DIRECTION('',(1.,0.));
#18557 = ( GEOMETRIC_REPRESENTATION_CONTEXT(2) 
PARAMETRIC_REPRESENTATION_CONTEXT() REPRESENTATION_CONTEXT('2D SPACE',''
  ) );
#18558 = ORIENTED_EDGE('',*,*,#18559,.T.);
#18559 = EDGE_CURVE('',#18531,#18560,#18562,.T.);
#18560 = VERTEX_POINT('',#18561);
#18561 = CARTESIAN_POINT('',(34.774990747797,19.5,-150.));
#18562 = SURFACE_CURVE('',#18563,(#18567,#18574),.PCURVE_S1.);
#18563 = LINE('',#18564,#18565);
#18564 = CARTESIAN_POINT('',(34.774990748,-19.5,-150.));
#18565 = VECTOR('',#18566,1.);
#18566 = DIRECTION('',(0.,1.,0.));
#18567 = PCURVE('',#18218,#18568);
#18568 = DEFINITIONAL_REPRESENTATION('',(#18569),#18573);
#18569 = LINE('',#18570,#18571);
#18570 = CARTESIAN_POINT('',(-20.1909082861,-34.774990748));
#18571 = VECTOR('',#18572,1.);
#18572 = DIRECTION('',(1.,0.));
#18573 = ( GEOMETRIC_REPRESENTATION_CONTEXT(2) 
PARAMETRIC_REPRESENTATION_CONTEXT() REPRESENTATION_CONTEXT('2D SPACE',''
  ) );
#18574 = PCURVE('',#18575,#18580);
#18575 = PLANE('',#18576);
#18576 = AXIS2_PLACEMENT_3D('',#18577,#18578,#18579);
#18577 = CARTESIAN_POINT('',(34.774990748,-19.5,-150.));
#18578 = DIRECTION('',(-1.,0.,0.));
#18579 = DIRECTION('',(0.,1.,0.));
#18580 = DEFINITIONAL_REPRESENTATION('',(#18581),#18585);
#18581 = LINE('',#18582,#18583);
#18582 = CARTESIAN_POINT('',(0.,0.));
#18583 = VECTOR('',#18584,1.);
#18584 = DIRECTION('',(1.,0.));
#18585 = ( GEOMETRIC_REPRESENTATION_CONTEXT(2) 
PARAMETRIC_REPRESENTATION_CONTEXT() REPRESENTATION_CONTEXT('2D SPACE',''
  ) );
#18586 = ORIENTED_EDGE('',*,*,#18587,.F.);
#18587 = EDGE_CURVE('',#18588,#18560,#18590,.T.);
#18588 = VERTEX_POINT('',#18589);
#18589 = CARTESIAN_POINT('',(34.330560981,20.331469612,-150.));
#18590 = SURFACE_CURVE('',#18591,(#18596,#18603),.PCURVE_S1.);
#18591 = CIRCLE('',#18592,1.);
#18592 = AXIS2_PLACEMENT_3D('',#18593,#18594,#18595);
#18593 = CARTESIAN_POINT('',(33.774990747593,19.5,-150.));
#18594 = DIRECTION('',(0.,0.,1.));
#18595 = DIRECTION('',(1.,0.,-0.));
#18596 = PCURVE('',#18218,#18597);
#18597 = DEFINITIONAL_REPRESENTATION('',(#18598),#18602);
#18598 = CIRCLE('',#18599,1.);
#18599 = AXIS2_PLACEMENT_2D('',#18600,#18601);
#18600 = CARTESIAN_POINT('',(18.809091713898,-33.77499074759));
#18601 = DIRECTION('',(0.,-1.));
#18602 = ( GEOMETRIC_REPRESENTATION_CONTEXT(2) 
PARAMETRIC_REPRESENTATION_CONTEXT() REPRESENTATION_CONTEXT('2D SPACE',''
  ) );
#18603 = PCURVE('',#18604,#18609);
#18604 = CYLINDRICAL_SURFACE('',#18605,1.);
#18605 = AXIS2_PLACEMENT_3D('',#18606,#18607,#18608);
#18606 = CARTESIAN_POINT('',(33.774990747593,19.5,-150.));
#18607 = DIRECTION('',(0.,0.,1.));
#18608 = DIRECTION('',(1.,0.,-0.));
#18609 = DEFINITIONAL_REPRESENTATION('',(#18610),#18614);
#18610 = LINE('',#18611,#18612);
#18611 = CARTESIAN_POINT('',(0.,0.));
#18612 = VECTOR('',#18613,1.);
#18613 = DIRECTION('',(1.,0.));
#18614 = ( GEOMETRIC_REPRESENTATION_CONTEXT(2) 
PARAMETRIC_REPRESENTATION_CONTEXT() REPRESENTATION_CONTEXT('2D SPACE',''
  ) );
#18615 = ORIENTED_EDGE('',*,*,#18616,.T.);
#18616 = EDGE_CURVE('',#18588,#18617,#18619,.T.);
#18617 = VERTEX_POINT('',#18618);
#18618 = CARTESIAN_POINT('',(6.,40.,-150.));
#18619 = SURFACE_CURVE('',#18620,(#18624,#18631),.PCURVE_S1.);
#18620 = LINE('',#18621,#18622);
#18621 = CARTESIAN_POINT('',(34.330560981,20.331469612,-150.));
#18622 = VECTOR('',#18623,1.);
#18623 = DIRECTION('',(-0.821444268946,0.570288797905,0.));
#18624 = PCURVE('',#18218,#18625);
#18625 = DEFINITIONAL_REPRESENTATION('',(#18626),#18630);
#18626 = LINE('',#18627,#18628);
#18627 = CARTESIAN_POINT('',(19.640561325898,-34.330560981));
#18628 = VECTOR('',#18629,1.);
#18629 = DIRECTION('',(0.570288797905,0.821444268946));
#18630 = ( GEOMETRIC_REPRESENTATION_CONTEXT(2) 
PARAMETRIC_REPRESENTATION_CONTEXT() REPRESENTATION_CONTEXT('2D SPACE',''
  ) );
#18631 = PCURVE('',#18632,#18637);
#18632 = PLANE('',#18633);
#18633 = AXIS2_PLACEMENT_3D('',#18634,#18635,#18636);
#18634 = CARTESIAN_POINT('',(34.330560981,20.331469612,-150.));
#18635 = DIRECTION('',(-0.570288797905,-0.821444268946,0.));
#18636 = DIRECTION('',(-0.821444268946,0.570288797905,0.));
#18637 = DEFINITIONAL_REPRESENTATION('',(#18638),#18642);
#18638 = LINE('',#18639,#18640);
#18639 = CARTESIAN_POINT('',(0.,0.));
#18640 = VECTOR('',#18641,1.);
#18641 = DIRECTION('',(1.,0.));
#18642 = ( GEOMETRIC_REPRESENTATION_CONTEXT(2) 
PARAMETRIC_REPRESENTATION_CONTEXT() REPRESENTATION_CONTEXT('2D SPACE',''
  ) );
#18643 = ORIENTED_EDGE('',*,*,#18644,.T.);
#18644 = EDGE_CURVE('',#18617,#18645,#18647,.T.);
#18645 = VERTEX_POINT('',#18646);
#18646 = CARTESIAN_POINT('',(6.,38.5,-150.));
#18647 = SURFACE_CURVE('',#18648,(#18652,#18659),.PCURVE_S1.);
#18648 = LINE('',#18649,#18650);
#18649 = CARTESIAN_POINT('',(6.,40.,-150.));
#18650 = VECTOR('',#18651,1.);
#18651 = DIRECTION('',(0.,-1.,0.));
#18652 = PCURVE('',#18218,#18653);
#18653 = DEFINITIONAL_REPRESENTATION('',(#18654),#18658);
#18654 = LINE('',#18655,#18656);
#18655 = CARTESIAN_POINT('',(39.309091713898,-6.));
#18656 = VECTOR('',#18657,1.);
#18657 = DIRECTION('',(-1.,-0.));
#18658 = ( GEOMETRIC_REPRESENTATION_CONTEXT(2) 
PARAMETRIC_REPRESENTATION_CONTEXT() REPRESENTATION_CONTEXT('2D SPACE',''
  ) );
#18659 = PCURVE('',#18660,#18665);
#18660 = PLANE('',#18661);
#18661 = AXIS2_PLACEMENT_3D('',#18662,#18663,#18664);
#18662 = CARTESIAN_POINT('',(6.,40.,-150.));
#18663 = DIRECTION('',(1.,0.,-0.));
#18664 = DIRECTION('',(0.,-1.,0.));
#18665 = DEFINITIONAL_REPRESENTATION('',(#18666),#18670);
#18666 = LINE('',#18667,#18668);
#18667 = CARTESIAN_POINT('',(0.,0.));
#18668 = VECTOR('',#18669,1.);
#18669 = DIRECTION('',(1.,0.));
#18670 = ( GEOMETRIC_REPRESENTATION_CONTEXT(2) 
PARAMETRIC_REPRESENTATION_CONTEXT() REPRESENTATION_CONTEXT('2D SPACE',''
  ) );
#18671 = ORIENTED_EDGE('',*,*,#18672,.T.);
#18672 = EDGE_CURVE('',#18645,#18673,#18675,.T.);
#18673 = VERTEX_POINT('',#18674);
#18674 = CARTESIAN_POINT('',(-6.,38.5,-150.));
#18675 = SURFACE_CURVE('',#18676,(#18680,#18687),.PCURVE_S1.);
#18676 = LINE('',#18677,#18678);
#18677 = CARTESIAN_POINT('',(6.,38.5,-150.));
#18678 = VECTOR('',#18679,1.);
#18679 = DIRECTION('',(-1.,0.,0.));
#18680 = PCURVE('',#18218,#18681);
#18681 = DEFINITIONAL_REPRESENTATION('',(#18682),#18686);
#18682 = LINE('',#18683,#18684);
#18683 = CARTESIAN_POINT('',(37.809091713898,-6.));
#18684 = VECTOR('',#18685,1.);
#18685 = DIRECTION('',(0.,1.));
#18686 = ( GEOMETRIC_REPRESENTATION_CONTEXT(2) 
PARAMETRIC_REPRESENTATION_CONTEXT() REPRESENTATION_CONTEXT('2D SPACE',''
  ) );
#18687 = PCURVE('',#18688,#18693);
#18688 = PLANE('',#18689);
#18689 = AXIS2_PLACEMENT_3D('',#18690,#18691,#18692);
#18690 = CARTESIAN_POINT('',(6.,38.5,-150.));
#18691 = DIRECTION('',(0.,-1.,0.));
#18692 = DIRECTION('',(-1.,0.,0.));
#18693 = DEFINITIONAL_REPRESENTATION('',(#18694),#18698);
#18694 = LINE('',#18695,#18696);
#18695 = CARTESIAN_POINT('',(0.,-0.));
#18696 = VECTOR('',#18697,1.);
#18697 = DIRECTION('',(1.,0.));
#18698 = ( GEOMETRIC_REPRESENTATION_CONTEXT(2) 
PARAMETRIC_REPRESENTATION_CONTEXT() REPRESENTATION_CONTEXT('2D SPACE',''
  ) );
#18699 = ORIENTED_EDGE('',*,*,#18700,.T.);
#18700 = EDGE_CURVE('',#18673,#18701,#18703,.T.);
#18701 = VERTEX_POINT('',#18702);
#18702 = CARTESIAN_POINT('',(-6.,40.,-150.));
#18703 = SURFACE_CURVE('',#18704,(#18708,#18715),.PCURVE_S1.);
#18704 = LINE('',#18705,#18706);
#18705 = CARTESIAN_POINT('',(-6.,38.5,-150.));
#18706 = VECTOR('',#18707,1.);
#18707 = DIRECTION('',(0.,1.,0.));
#18708 = PCURVE('',#18218,#18709);
#18709 = DEFINITIONAL_REPRESENTATION('',(#18710),#18714);
#18710 = LINE('',#18711,#18712);
#18711 = CARTESIAN_POINT('',(37.809091713898,6.));
#18712 = VECTOR('',#18713,1.);
#18713 = DIRECTION('',(1.,0.));
#18714 = ( GEOMETRIC_REPRESENTATION_CONTEXT(2) 
PARAMETRIC_REPRESENTATION_CONTEXT() REPRESENTATION_CONTEXT('2D SPACE',''
  ) );
#18715 = PCURVE('',#18716,#18721);
#18716 = PLANE('',#18717);
#18717 = AXIS2_PLACEMENT_3D('',#18718,#18719,#18720);
#18718 = CARTESIAN_POINT('',(-6.,38.5,-150.));
#18719 = DIRECTION('',(-1.,0.,0.));
#18720 = DIRECTION('',(0.,1.,0.));
#18721 = DEFINITIONAL_REPRESENTATION('',(#18722),#18726);
#18722 = LINE('',#18723,#18724);
#18723 = CARTESIAN_POINT('',(0.,0.));
#18724 = VECTOR('',#18725,1.);
#18725 = DIRECTION('',(1.,0.));
#18726 = ( GEOMETRIC_REPRESENTATION_CONTEXT(2) 
PARAMETRIC_REPRESENTATION_CONTEXT() REPRESENTATION_CONTEXT('2D SPACE',''
  ) );
#18727 = ORIENTED_EDGE('',*,*,#18728,.T.);
#18728 = EDGE_CURVE('',#18701,#18729,#18731,.T.);
#18729 = VERTEX_POINT('',#18730);
#18730 = CARTESIAN_POINT('',(-34.330560981,20.331469612,-150.));
#18731 = SURFACE_CURVE('',#18732,(#18736,#18743),.PCURVE_S1.);
#18732 = LINE('',#18733,#18734);
#18733 = CARTESIAN_POINT('',(-6.,40.,-150.));
#18734 = VECTOR('',#18735,1.);
#18735 = DIRECTION('',(-0.821444268946,-0.570288797905,0.));
#18736 = PCURVE('',#18218,#18737);
#18737 = DEFINITIONAL_REPRESENTATION('',(#18738),#18742);
#18738 = LINE('',#18739,#18740);
#18739 = CARTESIAN_POINT('',(39.309091713898,6.));
#18740 = VECTOR('',#18741,1.);
#18741 = DIRECTION('',(-0.570288797905,0.821444268946));
#18742 = ( GEOMETRIC_REPRESENTATION_CONTEXT(2) 
PARAMETRIC_REPRESENTATION_CONTEXT() REPRESENTATION_CONTEXT('2D SPACE',''
  ) );
#18743 = PCURVE('',#18744,#18749);
#18744 = PLANE('',#18745);
#18745 = AXIS2_PLACEMENT_3D('',#18746,#18747,#18748);
#18746 = CARTESIAN_POINT('',(-6.,40.,-150.));
#18747 = DIRECTION('',(0.570288797905,-0.821444268946,0.));
#18748 = DIRECTION('',(-0.821444268946,-0.570288797905,0.));
#18749 = DEFINITIONAL_REPRESENTATION('',(#18750),#18754);
#18750 = LINE('',#18751,#18752);
#18751 = CARTESIAN_POINT('',(0.,0.));
#18752 = VECTOR('',#18753,1.);
#18753 = DIRECTION('',(1.,0.));
#18754 = ( GEOMETRIC_REPRESENTATION_CONTEXT(2) 
PARAMETRIC_REPRESENTATION_CONTEXT() REPRESENTATION_CONTEXT('2D SPACE',''
  ) );
#18755 = ORIENTED_EDGE('',*,*,#18756,.F.);
#18756 = EDGE_CURVE('',#18234,#18729,#18757,.T.);
#18757 = SURFACE_CURVE('',#18758,(#18763,#18770),.PCURVE_S1.);
#18758 = CIRCLE('',#18759,1.);
#18759 = AXIS2_PLACEMENT_3D('',#18760,#18761,#18762);
#18760 = CARTESIAN_POINT('',(-33.77499074759,19.5,-150.));
#18761 = DIRECTION('',(0.,0.,1.));
#18762 = DIRECTION('',(1.,0.,-0.));
#18763 = PCURVE('',#18218,#18764);
#18764 = DEFINITIONAL_REPRESENTATION('',(#18765),#18769);
#18765 = CIRCLE('',#18766,1.);
#18766 = AXIS2_PLACEMENT_2D('',#18767,#18768);
#18767 = CARTESIAN_POINT('',(18.809091713898,33.774990747593));
#18768 = DIRECTION('',(0.,-1.));
#18769 = ( GEOMETRIC_REPRESENTATION_CONTEXT(2) 
PARAMETRIC_REPRESENTATION_CONTEXT() REPRESENTATION_CONTEXT('2D SPACE',''
  ) );
#18770 = PCURVE('',#18251,#18771);
#18771 = DEFINITIONAL_REPRESENTATION('',(#18772),#18776);
#18772 = LINE('',#18773,#18774);
#18773 = CARTESIAN_POINT('',(0.,0.));
#18774 = VECTOR('',#18775,1.);
#18775 = DIRECTION('',(1.,0.));
#18776 = ( GEOMETRIC_REPRESENTATION_CONTEXT(2) 
PARAMETRIC_REPRESENTATION_CONTEXT() REPRESENTATION_CONTEXT('2D SPACE',''
  ) );
#18777 = ADVANCED_FACE('',(#18778),#18164,.T.);
#18778 = FACE_BOUND('',#18779,.T.);
#18779 = EDGE_LOOP('',(#18780,#18781,#18782,#18783,#18807,#18830,#18854,
    #18878,#18901,#18925,#18948,#18972,#18995,#19018,#19041,#19064,
    #19087));
#18780 = ORIENTED_EDGE('',*,*,#18263,.F.);
#18781 = ORIENTED_EDGE('',*,*,#18148,.T.);
#18782 = ORIENTED_EDGE('',*,*,#18311,.F.);
#18783 = ORIENTED_EDGE('',*,*,#18784,.F.);
#18784 = EDGE_CURVE('',#18785,#18312,#18787,.T.);
#18785 = VERTEX_POINT('',#18786);
#18786 = CARTESIAN_POINT('',(-34.246387484,-20.381921264,150.));
#18787 = SURFACE_CURVE('',#18788,(#18793,#18800),.PCURVE_S1.);
#18788 = CIRCLE('',#18789,1.);
#18789 = AXIS2_PLACEMENT_3D('',#18790,#18791,#18792);
#18790 = CARTESIAN_POINT('',(-33.77499074759,-19.5,150.));
#18791 = DIRECTION('',(0.,0.,1.));
#18792 = DIRECTION('',(1.,0.,-0.));
#18793 = PCURVE('',#18164,#18794);
#18794 = DEFINITIONAL_REPRESENTATION('',(#18795),#18799);
#18795 = CIRCLE('',#18796,1.);
#18796 = AXIS2_PLACEMENT_2D('',#18797,#18798);
#18797 = CARTESIAN_POINT('',(-20.1909082861,33.774990747593));
#18798 = DIRECTION('',(0.,-1.));
#18799 = ( GEOMETRIC_REPRESENTATION_CONTEXT(2) 
PARAMETRIC_REPRESENTATION_CONTEXT() REPRESENTATION_CONTEXT('2D SPACE',''
  ) );
#18800 = PCURVE('',#18351,#18801);
#18801 = DEFINITIONAL_REPRESENTATION('',(#18802),#18806);
#18802 = LINE('',#18803,#18804);
#18803 = CARTESIAN_POINT('',(0.,300.));
#18804 = VECTOR('',#18805,1.);
#18805 = DIRECTION('',(1.,0.));
#18806 = ( GEOMETRIC_REPRESENTATION_CONTEXT(2) 
PARAMETRIC_REPRESENTATION_CONTEXT() REPRESENTATION_CONTEXT('2D SPACE',''
  ) );
#18807 = ORIENTED_EDGE('',*,*,#18808,.T.);
#18808 = EDGE_CURVE('',#18785,#18809,#18811,.T.);
#18809 = VERTEX_POINT('',#18810);
#18810 = CARTESIAN_POINT('',(-0.528067856236,-39.84920217805,150.));
#18811 = SURFACE_CURVE('',#18812,(#18816,#18823),.PCURVE_S1.);
#18812 = LINE('',#18813,#18814);
#18813 = CARTESIAN_POINT('',(-34.246387484,-20.381921264,150.));
#18814 = VECTOR('',#18815,1.);
#18815 = DIRECTION('',(0.866025403781,-0.500000000007,0.));
#18816 = PCURVE('',#18164,#18817);
#18817 = DEFINITIONAL_REPRESENTATION('',(#18818),#18822);
#18818 = LINE('',#18819,#18820);
#18819 = CARTESIAN_POINT('',(-21.0728295501,34.246387484));
#18820 = VECTOR('',#18821,1.);
#18821 = DIRECTION('',(-0.500000000007,-0.866025403781));
#18822 = ( GEOMETRIC_REPRESENTATION_CONTEXT(2) 
PARAMETRIC_REPRESENTATION_CONTEXT() REPRESENTATION_CONTEXT('2D SPACE',''
  ) );
#18823 = PCURVE('',#18432,#18824);
#18824 = DEFINITIONAL_REPRESENTATION('',(#18825),#18829);
#18825 = LINE('',#18826,#18827);
#18826 = CARTESIAN_POINT('',(0.,-300.));
#18827 = VECTOR('',#18828,1.);
#18828 = DIRECTION('',(1.,0.));
#18829 = ( GEOMETRIC_REPRESENTATION_CONTEXT(2) 
PARAMETRIC_REPRESENTATION_CONTEXT() REPRESENTATION_CONTEXT('2D SPACE',''
  ) );
#18830 = ORIENTED_EDGE('',*,*,#18831,.F.);
#18831 = EDGE_CURVE('',#18832,#18809,#18834,.T.);
#18832 = VERTEX_POINT('',#18833);
#18833 = CARTESIAN_POINT('',(1.,-39.,150.));
#18834 = SURFACE_CURVE('',#18835,(#18840,#18847),.PCURVE_S1.);
#18835 = CIRCLE('',#18836,1.);
#18836 = AXIS2_PLACEMENT_3D('',#18837,#18838,#18839);
#18837 = CARTESIAN_POINT('',(-7.164183775012E-15,-39.,150.));
#18838 = DIRECTION('',(0.,0.,1.));
#18839 = DIRECTION('',(1.,0.,-0.));
#18840 = PCURVE('',#18164,#18841);
#18841 = DEFINITIONAL_REPRESENTATION('',(#18842),#18846);
#18842 = CIRCLE('',#18843,1.);
#18843 = AXIS2_PLACEMENT_2D('',#18844,#18845);
#18844 = CARTESIAN_POINT('',(-39.6909082861,6.224935479859E-15));
#18845 = DIRECTION('',(0.,-1.));
#18846 = ( GEOMETRIC_REPRESENTATION_CONTEXT(2) 
PARAMETRIC_REPRESENTATION_CONTEXT() REPRESENTATION_CONTEXT('2D SPACE',''
  ) );
#18847 = PCURVE('',#18461,#18848);
#18848 = DEFINITIONAL_REPRESENTATION('',(#18849),#18853);
#18849 = LINE('',#18850,#18851);
#18850 = CARTESIAN_POINT('',(0.,300.));
#18851 = VECTOR('',#18852,1.);
#18852 = DIRECTION('',(1.,0.));
#18853 = ( GEOMETRIC_REPRESENTATION_CONTEXT(2) 
PARAMETRIC_REPRESENTATION_CONTEXT() REPRESENTATION_CONTEXT('2D SPACE',''
  ) );
#18854 = ORIENTED_EDGE('',*,*,#18855,.F.);
#18855 = EDGE_CURVE('',#18856,#18832,#18858,.T.);
#18856 = VERTEX_POINT('',#18857);
#18857 = CARTESIAN_POINT('',(0.528067856235,-39.84920217805,150.));
#18858 = SURFACE_CURVE('',#18859,(#18864,#18871),.PCURVE_S1.);
#18859 = CIRCLE('',#18860,1.);
#18860 = AXIS2_PLACEMENT_3D('',#18861,#18862,#18863);
#18861 = CARTESIAN_POINT('',(-7.164183775012E-15,-39.,150.));
#18862 = DIRECTION('',(0.,0.,1.));
#18863 = DIRECTION('',(1.,0.,-0.));
#18864 = PCURVE('',#18164,#18865);
#18865 = DEFINITIONAL_REPRESENTATION('',(#18866),#18870);
#18866 = CIRCLE('',#18867,1.);
#18867 = AXIS2_PLACEMENT_2D('',#18868,#18869);
#18868 = CARTESIAN_POINT('',(-39.6909082861,6.224935479859E-15));
#18869 = DIRECTION('',(0.,-1.));
#18870 = ( GEOMETRIC_REPRESENTATION_CONTEXT(2) 
PARAMETRIC_REPRESENTATION_CONTEXT() REPRESENTATION_CONTEXT('2D SPACE',''
  ) );
#18871 = PCURVE('',#18490,#18872);
#18872 = DEFINITIONAL_REPRESENTATION('',(#18873),#18877);
#18873 = LINE('',#18874,#18875);
#18874 = CARTESIAN_POINT('',(0.,300.));
#18875 = VECTOR('',#18876,1.);
#18876 = DIRECTION('',(1.,0.));
#18877 = ( GEOMETRIC_REPRESENTATION_CONTEXT(2) 
PARAMETRIC_REPRESENTATION_CONTEXT() REPRESENTATION_CONTEXT('2D SPACE',''
  ) );
#18878 = ORIENTED_EDGE('',*,*,#18879,.T.);
#18879 = EDGE_CURVE('',#18856,#18880,#18882,.T.);
#18880 = VERTEX_POINT('',#18881);
#18881 = CARTESIAN_POINT('',(34.246387484,-20.381921264,150.));
#18882 = SURFACE_CURVE('',#18883,(#18887,#18894),.PCURVE_S1.);
#18883 = LINE('',#18884,#18885);
#18884 = CARTESIAN_POINT('',(0.471396737,-39.881921264,150.));
#18885 = VECTOR('',#18886,1.);
#18886 = DIRECTION('',(0.866025403781,0.500000000007,0.));
#18887 = PCURVE('',#18164,#18888);
#18888 = DEFINITIONAL_REPRESENTATION('',(#18889),#18893);
#18889 = LINE('',#18890,#18891);
#18890 = CARTESIAN_POINT('',(-40.5728295501,-0.471396737));
#18891 = VECTOR('',#18892,1.);
#18892 = DIRECTION('',(0.500000000007,-0.866025403781));
#18893 = ( GEOMETRIC_REPRESENTATION_CONTEXT(2) 
PARAMETRIC_REPRESENTATION_CONTEXT() REPRESENTATION_CONTEXT('2D SPACE',''
  ) );
#18894 = PCURVE('',#18518,#18895);
#18895 = DEFINITIONAL_REPRESENTATION('',(#18896),#18900);
#18896 = LINE('',#18897,#18898);
#18897 = CARTESIAN_POINT('',(0.,-300.));
#18898 = VECTOR('',#18899,1.);
#18899 = DIRECTION('',(1.,0.));
#18900 = ( GEOMETRIC_REPRESENTATION_CONTEXT(2) 
PARAMETRIC_REPRESENTATION_CONTEXT() REPRESENTATION_CONTEXT('2D SPACE',''
  ) );
#18901 = ORIENTED_EDGE('',*,*,#18902,.F.);
#18902 = EDGE_CURVE('',#18903,#18880,#18905,.T.);
#18903 = VERTEX_POINT('',#18904);
#18904 = CARTESIAN_POINT('',(34.774990747797,-19.5,150.));
#18905 = SURFACE_CURVE('',#18906,(#18911,#18918),.PCURVE_S1.);
#18906 = CIRCLE('',#18907,1.);
#18907 = AXIS2_PLACEMENT_3D('',#18908,#18909,#18910);
#18908 = CARTESIAN_POINT('',(33.774990747593,-19.5,150.));
#18909 = DIRECTION('',(0.,0.,1.));
#18910 = DIRECTION('',(1.,0.,-0.));
#18911 = PCURVE('',#18164,#18912);
#18912 = DEFINITIONAL_REPRESENTATION('',(#18913),#18917);
#18913 = CIRCLE('',#18914,1.);
#18914 = AXIS2_PLACEMENT_2D('',#18915,#18916);
#18915 = CARTESIAN_POINT('',(-20.1909082861,-33.77499074759));
#18916 = DIRECTION('',(0.,-1.));
#18917 = ( GEOMETRIC_REPRESENTATION_CONTEXT(2) 
PARAMETRIC_REPRESENTATION_CONTEXT() REPRESENTATION_CONTEXT('2D SPACE',''
  ) );
#18918 = PCURVE('',#18547,#18919);
#18919 = DEFINITIONAL_REPRESENTATION('',(#18920),#18924);
#18920 = LINE('',#18921,#18922);
#18921 = CARTESIAN_POINT('',(0.,300.));
#18922 = VECTOR('',#18923,1.);
#18923 = DIRECTION('',(1.,0.));
#18924 = ( GEOMETRIC_REPRESENTATION_CONTEXT(2) 
PARAMETRIC_REPRESENTATION_CONTEXT() REPRESENTATION_CONTEXT('2D SPACE',''
  ) );
#18925 = ORIENTED_EDGE('',*,*,#18926,.T.);
#18926 = EDGE_CURVE('',#18903,#18927,#18929,.T.);
#18927 = VERTEX_POINT('',#18928);
#18928 = CARTESIAN_POINT('',(34.774990747797,19.5,150.));
#18929 = SURFACE_CURVE('',#18930,(#18934,#18941),.PCURVE_S1.);
#18930 = LINE('',#18931,#18932);
#18931 = CARTESIAN_POINT('',(34.774990748,-19.5,150.));
#18932 = VECTOR('',#18933,1.);
#18933 = DIRECTION('',(0.,1.,0.));
#18934 = PCURVE('',#18164,#18935);
#18935 = DEFINITIONAL_REPRESENTATION('',(#18936),#18940);
#18936 = LINE('',#18937,#18938);
#18937 = CARTESIAN_POINT('',(-20.1909082861,-34.774990748));
#18938 = VECTOR('',#18939,1.);
#18939 = DIRECTION('',(1.,0.));
#18940 = ( GEOMETRIC_REPRESENTATION_CONTEXT(2) 
PARAMETRIC_REPRESENTATION_CONTEXT() REPRESENTATION_CONTEXT('2D SPACE',''
  ) );
#18941 = PCURVE('',#18575,#18942);
#18942 = DEFINITIONAL_REPRESENTATION('',(#18943),#18947);
#18943 = LINE('',#18944,#18945);
#18944 = CARTESIAN_POINT('',(0.,-300.));
#18945 = VECTOR('',#18946,1.);
#18946 = DIRECTION('',(1.,0.));
#18947 = ( GEOMETRIC_REPRESENTATION_CONTEXT(2) 
PARAMETRIC_REPRESENTATION_CONTEXT() REPRESENTATION_CONTEXT('2D SPACE',''
  ) );
#18948 = ORIENTED_EDGE('',*,*,#18949,.F.);
#18949 = EDGE_CURVE('',#18950,#18927,#18952,.T.);
#18950 = VERTEX_POINT('',#18951);
#18951 = CARTESIAN_POINT('',(34.330560981,20.331469612,150.));
#18952 = SURFACE_CURVE('',#18953,(#18958,#18965),.PCURVE_S1.);
#18953 = CIRCLE('',#18954,1.);
#18954 = AXIS2_PLACEMENT_3D('',#18955,#18956,#18957);
#18955 = CARTESIAN_POINT('',(33.774990747593,19.5,150.));
#18956 = DIRECTION('',(0.,0.,1.));
#18957 = DIRECTION('',(1.,0.,-0.));
#18958 = PCURVE('',#18164,#18959);
#18959 = DEFINITIONAL_REPRESENTATION('',(#18960),#18964);
#18960 = CIRCLE('',#18961,1.);
#18961 = AXIS2_PLACEMENT_2D('',#18962,#18963);
#18962 = CARTESIAN_POINT('',(18.809091713898,-33.77499074759));
#18963 = DIRECTION('',(0.,-1.));
#18964 = ( GEOMETRIC_REPRESENTATION_CONTEXT(2) 
PARAMETRIC_REPRESENTATION_CONTEXT() REPRESENTATION_CONTEXT('2D SPACE',''
  ) );
#18965 = PCURVE('',#18604,#18966);
#18966 = DEFINITIONAL_REPRESENTATION('',(#18967),#18971);
#18967 = LINE('',#18968,#18969);
#18968 = CARTESIAN_POINT('',(0.,300.));
#18969 = VECTOR('',#18970,1.);
#18970 = DIRECTION('',(1.,0.));
#18971 = ( GEOMETRIC_REPRESENTATION_CONTEXT(2) 
PARAMETRIC_REPRESENTATION_CONTEXT() REPRESENTATION_CONTEXT('2D SPACE',''
  ) );
#18972 = ORIENTED_EDGE('',*,*,#18973,.T.);
#18973 = EDGE_CURVE('',#18950,#18974,#18976,.T.);
#18974 = VERTEX_POINT('',#18975);
#18975 = CARTESIAN_POINT('',(6.,40.,150.));
#18976 = SURFACE_CURVE('',#18977,(#18981,#18988),.PCURVE_S1.);
#18977 = LINE('',#18978,#18979);
#18978 = CARTESIAN_POINT('',(34.330560981,20.331469612,150.));
#18979 = VECTOR('',#18980,1.);
#18980 = DIRECTION('',(-0.821444268946,0.570288797905,0.));
#18981 = PCURVE('',#18164,#18982);
#18982 = DEFINITIONAL_REPRESENTATION('',(#18983),#18987);
#18983 = LINE('',#18984,#18985);
#18984 = CARTESIAN_POINT('',(19.640561325898,-34.330560981));
#18985 = VECTOR('',#18986,1.);
#18986 = DIRECTION('',(0.570288797905,0.821444268946));
#18987 = ( GEOMETRIC_REPRESENTATION_CONTEXT(2) 
PARAMETRIC_REPRESENTATION_CONTEXT() REPRESENTATION_CONTEXT('2D SPACE',''
  ) );
#18988 = PCURVE('',#18632,#18989);
#18989 = DEFINITIONAL_REPRESENTATION('',(#18990),#18994);
#18990 = LINE('',#18991,#18992);
#18991 = CARTESIAN_POINT('',(0.,-300.));
#18992 = VECTOR('',#18993,1.);
#18993 = DIRECTION('',(1.,0.));
#18994 = ( GEOMETRIC_REPRESENTATION_CONTEXT(2) 
PARAMETRIC_REPRESENTATION_CONTEXT() REPRESENTATION_CONTEXT('2D SPACE',''
  ) );
#18995 = ORIENTED_EDGE('',*,*,#18996,.T.);
#18996 = EDGE_CURVE('',#18974,#18997,#18999,.T.);
#18997 = VERTEX_POINT('',#18998);
#18998 = CARTESIAN_POINT('',(6.,38.5,150.));
#18999 = SURFACE_CURVE('',#19000,(#19004,#19011),.PCURVE_S1.);
#19000 = LINE('',#19001,#19002);
#19001 = CARTESIAN_POINT('',(6.,40.,150.));
#19002 = VECTOR('',#19003,1.);
#19003 = DIRECTION('',(0.,-1.,0.));
#19004 = PCURVE('',#18164,#19005);
#19005 = DEFINITIONAL_REPRESENTATION('',(#19006),#19010);
#19006 = LINE('',#19007,#19008);
#19007 = CARTESIAN_POINT('',(39.309091713898,-6.));
#19008 = VECTOR('',#19009,1.);
#19009 = DIRECTION('',(-1.,-0.));
#19010 = ( GEOMETRIC_REPRESENTATION_CONTEXT(2) 
PARAMETRIC_REPRESENTATION_CONTEXT() REPRESENTATION_CONTEXT('2D SPACE',''
  ) );
#19011 = PCURVE('',#18660,#19012);
#19012 = DEFINITIONAL_REPRESENTATION('',(#19013),#19017);
#19013 = LINE('',#19014,#19015);
#19014 = CARTESIAN_POINT('',(0.,-300.));
#19015 = VECTOR('',#19016,1.);
#19016 = DIRECTION('',(1.,0.));
#19017 = ( GEOMETRIC_REPRESENTATION_CONTEXT(2) 
PARAMETRIC_REPRESENTATION_CONTEXT() REPRESENTATION_CONTEXT('2D SPACE',''
  ) );
#19018 = ORIENTED_EDGE('',*,*,#19019,.T.);
#19019 = EDGE_CURVE('',#18997,#19020,#19022,.T.);
#19020 = VERTEX_POINT('',#19021);
#19021 = CARTESIAN_POINT('',(-6.,38.5,150.));
#19022 = SURFACE_CURVE('',#19023,(#19027,#19034),.PCURVE_S1.);
#19023 = LINE('',#19024,#19025);
#19024 = CARTESIAN_POINT('',(6.,38.5,150.));
#19025 = VECTOR('',#19026,1.);
#19026 = DIRECTION('',(-1.,0.,0.));
#19027 = PCURVE('',#18164,#19028);
#19028 = DEFINITIONAL_REPRESENTATION('',(#19029),#19033);
#19029 = LINE('',#19030,#19031);
#19030 = CARTESIAN_POINT('',(37.809091713898,-6.));
#19031 = VECTOR('',#19032,1.);
#19032 = DIRECTION('',(0.,1.));
#19033 = ( GEOMETRIC_REPRESENTATION_CONTEXT(2) 
PARAMETRIC_REPRESENTATION_CONTEXT() REPRESENTATION_CONTEXT('2D SPACE',''
  ) );
#19034 = PCURVE('',#18688,#19035);
#19035 = DEFINITIONAL_REPRESENTATION('',(#19036),#19040);
#19036 = LINE('',#19037,#19038);
#19037 = CARTESIAN_POINT('',(0.,-300.));
#19038 = VECTOR('',#19039,1.);
#19039 = DIRECTION('',(1.,0.));
#19040 = ( GEOMETRIC_REPRESENTATION_CONTEXT(2) 
PARAMETRIC_REPRESENTATION_CONTEXT() REPRESENTATION_CONTEXT('2D SPACE',''
  ) );
#19041 = ORIENTED_EDGE('',*,*,#19042,.T.);
#19042 = EDGE_CURVE('',#19020,#19043,#19045,.T.);
#19043 = VERTEX_POINT('',#19044);
#19044 = CARTESIAN_POINT('',(-6.,40.,150.));
#19045 = SURFACE_CURVE('',#19046,(#19050,#19057),.PCURVE_S1.);
#19046 = LINE('',#19047,#19048);
#19047 = CARTESIAN_POINT('',(-6.,38.5,150.));
#19048 = VECTOR('',#19049,1.);
#19049 = DIRECTION('',(0.,1.,0.));
#19050 = PCURVE('',#18164,#19051);
#19051 = DEFINITIONAL_REPRESENTATION('',(#19052),#19056);
#19052 = LINE('',#19053,#19054);
#19053 = CARTESIAN_POINT('',(37.809091713898,6.));
#19054 = VECTOR('',#19055,1.);
#19055 = DIRECTION('',(1.,0.));
#19056 = ( GEOMETRIC_REPRESENTATION_CONTEXT(2) 
PARAMETRIC_REPRESENTATION_CONTEXT() REPRESENTATION_CONTEXT('2D SPACE',''
  ) );
#19057 = PCURVE('',#18716,#19058);
#19058 = DEFINITIONAL_REPRESENTATION('',(#19059),#19063);
#19059 = LINE('',#19060,#19061);
#19060 = CARTESIAN_POINT('',(0.,-300.));
#19061 = VECTOR('',#19062,1.);
#19062 = DIRECTION('',(1.,0.));
#19063 = ( GEOMETRIC_REPRESENTATION_CONTEXT(2) 
PARAMETRIC_REPRESENTATION_CONTEXT() REPRESENTATION_CONTEXT('2D SPACE',''
  ) );
#19064 = ORIENTED_EDGE('',*,*,#19065,.T.);
#19065 = EDGE_CURVE('',#19043,#19066,#19068,.T.);
#19066 = VERTEX_POINT('',#19067);
#19067 = CARTESIAN_POINT('',(-34.330560981,20.331469612,150.));
#19068 = SURFACE_CURVE('',#19069,(#19073,#19080),.PCURVE_S1.);
#19069 = LINE('',#19070,#19071);
#19070 = CARTESIAN_POINT('',(-6.,40.,150.));
#19071 = VECTOR('',#19072,1.);
#19072 = DIRECTION('',(-0.821444268946,-0.570288797905,0.));
#19073 = PCURVE('',#18164,#19074);
#19074 = DEFINITIONAL_REPRESENTATION('',(#19075),#19079);
#19075 = LINE('',#19076,#19077);
#19076 = CARTESIAN_POINT('',(39.309091713898,6.));
#19077 = VECTOR('',#19078,1.);
#19078 = DIRECTION('',(-0.570288797905,0.821444268946));
#19079 = ( GEOMETRIC_REPRESENTATION_CONTEXT(2) 
PARAMETRIC_REPRESENTATION_CONTEXT() REPRESENTATION_CONTEXT('2D SPACE',''
  ) );
#19080 = PCURVE('',#18744,#19081);
#19081 = DEFINITIONAL_REPRESENTATION('',(#19082),#19086);
#19082 = LINE('',#19083,#19084);
#19083 = CARTESIAN_POINT('',(0.,-300.));
#19084 = VECTOR('',#19085,1.);
#19085 = DIRECTION('',(1.,0.));
#19086 = ( GEOMETRIC_REPRESENTATION_CONTEXT(2) 
PARAMETRIC_REPRESENTATION_CONTEXT() REPRESENTATION_CONTEXT('2D SPACE',''
  ) );
#19087 = ORIENTED_EDGE('',*,*,#19088,.F.);
#19088 = EDGE_CURVE('',#18236,#19066,#19089,.T.);
#19089 = SURFACE_CURVE('',#19090,(#19095,#19102),.PCURVE_S1.);
#19090 = CIRCLE('',#19091,1.);
#19091 = AXIS2_PLACEMENT_3D('',#19092,#19093,#19094);
#19092 = CARTESIAN_POINT('',(-33.77499074759,19.5,150.));
#19093 = DIRECTION('',(0.,0.,1.));
#19094 = DIRECTION('',(1.,0.,-0.));
#19095 = PCURVE('',#18164,#19096);
#19096 = DEFINITIONAL_REPRESENTATION('',(#19097),#19101);
#19097 = CIRCLE('',#19098,1.);
#19098 = AXIS2_PLACEMENT_2D('',#19099,#19100);
#19099 = CARTESIAN_POINT('',(18.809091713898,33.774990747593));
#19100 = DIRECTION('',(0.,-1.));
#19101 = ( GEOMETRIC_REPRESENTATION_CONTEXT(2) 
PARAMETRIC_REPRESENTATION_CONTEXT() REPRESENTATION_CONTEXT('2D SPACE',''
  ) );
#19102 = PCURVE('',#18251,#19103);
#19103 = DEFINITIONAL_REPRESENTATION('',(#19104),#19108);
#19104 = LINE('',#19105,#19106);
#19105 = CARTESIAN_POINT('',(0.,300.));
#19106 = VECTOR('',#19107,1.);
#19107 = DIRECTION('',(1.,0.));
#19108 = ( GEOMETRIC_REPRESENTATION_CONTEXT(2) 
PARAMETRIC_REPRESENTATION_CONTEXT() REPRESENTATION_CONTEXT('2D SPACE',''
  ) );
#19109 = ADVANCED_FACE('',(#19110),#18251,.F.);
#19110 = FACE_BOUND('',#19111,.F.);
#19111 = EDGE_LOOP('',(#19112,#19113,#19114,#19115));
#19112 = ORIENTED_EDGE('',*,*,#19088,.F.);
#19113 = ORIENTED_EDGE('',*,*,#18233,.F.);
#19114 = ORIENTED_EDGE('',*,*,#18756,.T.);
#19115 = ORIENTED_EDGE('',*,*,#19116,.T.);
#19116 = EDGE_CURVE('',#18729,#19066,#19117,.T.);
#19117 = SURFACE_CURVE('',#19118,(#19122,#19129),.PCURVE_S1.);
#19118 = LINE('',#19119,#19120);
#19119 = CARTESIAN_POINT('',(-34.330560981,20.331469612,-150.));
#19120 = VECTOR('',#19121,1.);
#19121 = DIRECTION('',(0.,0.,1.));
#19122 = PCURVE('',#18251,#19123);
#19123 = DEFINITIONAL_REPRESENTATION('',(#19124),#19128);
#19124 = LINE('',#19125,#19126);
#19125 = CARTESIAN_POINT('',(2.159844949833,0.));
#19126 = VECTOR('',#19127,1.);
#19127 = DIRECTION('',(0.,1.));
#19128 = ( GEOMETRIC_REPRESENTATION_CONTEXT(2) 
PARAMETRIC_REPRESENTATION_CONTEXT() REPRESENTATION_CONTEXT('2D SPACE',''
  ) );
#19129 = PCURVE('',#18744,#19130);
#19130 = DEFINITIONAL_REPRESENTATION('',(#19131),#19135);
#19131 = LINE('',#19132,#19133);
#19132 = CARTESIAN_POINT('',(34.488719505395,0.));
#19133 = VECTOR('',#19134,1.);
#19134 = DIRECTION('',(0.,-1.));
#19135 = ( GEOMETRIC_REPRESENTATION_CONTEXT(2) 
PARAMETRIC_REPRESENTATION_CONTEXT() REPRESENTATION_CONTEXT('2D SPACE',''
  ) );
#19136 = ADVANCED_FACE('',(#19137),#18351,.F.);
#19137 = FACE_BOUND('',#19138,.F.);
#19138 = EDGE_LOOP('',(#19139,#19140,#19141,#19162));
#19139 = ORIENTED_EDGE('',*,*,#18335,.T.);
#19140 = ORIENTED_EDGE('',*,*,#18784,.F.);
#19141 = ORIENTED_EDGE('',*,*,#19142,.F.);
#19142 = EDGE_CURVE('',#18393,#18785,#19143,.T.);
#19143 = SURFACE_CURVE('',#19144,(#19148,#19155),.PCURVE_S1.);
#19144 = LINE('',#19145,#19146);
#19145 = CARTESIAN_POINT('',(-34.246387484,-20.381921264,-150.));
#19146 = VECTOR('',#19147,1.);
#19147 = DIRECTION('',(0.,0.,1.));
#19148 = PCURVE('',#18351,#19149);
#19149 = DEFINITIONAL_REPRESENTATION('',(#19150),#19154);
#19150 = LINE('',#19151,#19152);
#19151 = CARTESIAN_POINT('',(4.221515128467,0.));
#19152 = VECTOR('',#19153,1.);
#19153 = DIRECTION('',(0.,1.));
#19154 = ( GEOMETRIC_REPRESENTATION_CONTEXT(2) 
PARAMETRIC_REPRESENTATION_CONTEXT() REPRESENTATION_CONTEXT('2D SPACE',''
  ) );
#19155 = PCURVE('',#18432,#19156);
#19156 = DEFINITIONAL_REPRESENTATION('',(#19157),#19161);
#19157 = LINE('',#19158,#19159);
#19158 = CARTESIAN_POINT('',(0.,0.));
#19159 = VECTOR('',#19160,1.);
#19160 = DIRECTION('',(0.,-1.));
#19161 = ( GEOMETRIC_REPRESENTATION_CONTEXT(2) 
PARAMETRIC_REPRESENTATION_CONTEXT() REPRESENTATION_CONTEXT('2D SPACE',''
  ) );
#19162 = ORIENTED_EDGE('',*,*,#18392,.T.);
#19163 = ADVANCED_FACE('',(#19164),#18744,.F.);
#19164 = FACE_BOUND('',#19165,.F.);
#19165 = EDGE_LOOP('',(#19166,#19187,#19188,#19189));
#19166 = ORIENTED_EDGE('',*,*,#19167,.T.);
#19167 = EDGE_CURVE('',#18701,#19043,#19168,.T.);
#19168 = SURFACE_CURVE('',#19169,(#19173,#19180),.PCURVE_S1.);
#19169 = LINE('',#19170,#19171);
#19170 = CARTESIAN_POINT('',(-6.,40.,-150.));
#19171 = VECTOR('',#19172,1.);
#19172 = DIRECTION('',(0.,0.,1.));
#19173 = PCURVE('',#18744,#19174);
#19174 = DEFINITIONAL_REPRESENTATION('',(#19175),#19179);
#19175 = LINE('',#19176,#19177);
#19176 = CARTESIAN_POINT('',(0.,0.));
#19177 = VECTOR('',#19178,1.);
#19178 = DIRECTION('',(0.,-1.));
#19179 = ( GEOMETRIC_REPRESENTATION_CONTEXT(2) 
PARAMETRIC_REPRESENTATION_CONTEXT() REPRESENTATION_CONTEXT('2D SPACE',''
  ) );
#19180 = PCURVE('',#18716,#19181);
#19181 = DEFINITIONAL_REPRESENTATION('',(#19182),#19186);
#19182 = LINE('',#19183,#19184);
#19183 = CARTESIAN_POINT('',(1.5,0.));
#19184 = VECTOR('',#19185,1.);
#19185 = DIRECTION('',(0.,-1.));
#19186 = ( GEOMETRIC_REPRESENTATION_CONTEXT(2) 
PARAMETRIC_REPRESENTATION_CONTEXT() REPRESENTATION_CONTEXT('2D SPACE',''
  ) );
#19187 = ORIENTED_EDGE('',*,*,#19065,.T.);
#19188 = ORIENTED_EDGE('',*,*,#19116,.F.);
#19189 = ORIENTED_EDGE('',*,*,#18728,.F.);
#19190 = ADVANCED_FACE('',(#19191),#18716,.F.);
#19191 = FACE_BOUND('',#19192,.F.);
#19192 = EDGE_LOOP('',(#19193,#19214,#19215,#19216));
#19193 = ORIENTED_EDGE('',*,*,#19194,.T.);
#19194 = EDGE_CURVE('',#18673,#19020,#19195,.T.);
#19195 = SURFACE_CURVE('',#19196,(#19200,#19207),.PCURVE_S1.);
#19196 = LINE('',#19197,#19198);
#19197 = CARTESIAN_POINT('',(-6.,38.5,-150.));
#19198 = VECTOR('',#19199,1.);
#19199 = DIRECTION('',(0.,0.,1.));
#19200 = PCURVE('',#18716,#19201);
#19201 = DEFINITIONAL_REPRESENTATION('',(#19202),#19206);
#19202 = LINE('',#19203,#19204);
#19203 = CARTESIAN_POINT('',(0.,0.));
#19204 = VECTOR('',#19205,1.);
#19205 = DIRECTION('',(0.,-1.));
#19206 = ( GEOMETRIC_REPRESENTATION_CONTEXT(2) 
PARAMETRIC_REPRESENTATION_CONTEXT() REPRESENTATION_CONTEXT('2D SPACE',''
  ) );
#19207 = PCURVE('',#18688,#19208);
#19208 = DEFINITIONAL_REPRESENTATION('',(#19209),#19213);
#19209 = LINE('',#19210,#19211);
#19210 = CARTESIAN_POINT('',(12.,0.));
#19211 = VECTOR('',#19212,1.);
#19212 = DIRECTION('',(0.,-1.));
#19213 = ( GEOMETRIC_REPRESENTATION_CONTEXT(2) 
PARAMETRIC_REPRESENTATION_CONTEXT() REPRESENTATION_CONTEXT('2D SPACE',''
  ) );
#19214 = ORIENTED_EDGE('',*,*,#19042,.T.);
#19215 = ORIENTED_EDGE('',*,*,#19167,.F.);
#19216 = ORIENTED_EDGE('',*,*,#18700,.F.);
#19217 = ADVANCED_FACE('',(#19218),#18688,.F.);
#19218 = FACE_BOUND('',#19219,.F.);
#19219 = EDGE_LOOP('',(#19220,#19241,#19242,#19243));
#19220 = ORIENTED_EDGE('',*,*,#19221,.T.);
#19221 = EDGE_CURVE('',#18645,#18997,#19222,.T.);
#19222 = SURFACE_CURVE('',#19223,(#19227,#19234),.PCURVE_S1.);
#19223 = LINE('',#19224,#19225);
#19224 = CARTESIAN_POINT('',(6.,38.5,-150.));
#19225 = VECTOR('',#19226,1.);
#19226 = DIRECTION('',(0.,0.,1.));
#19227 = PCURVE('',#18688,#19228);
#19228 = DEFINITIONAL_REPRESENTATION('',(#19229),#19233);
#19229 = LINE('',#19230,#19231);
#19230 = CARTESIAN_POINT('',(0.,-0.));
#19231 = VECTOR('',#19232,1.);
#19232 = DIRECTION('',(0.,-1.));
#19233 = ( GEOMETRIC_REPRESENTATION_CONTEXT(2) 
PARAMETRIC_REPRESENTATION_CONTEXT() REPRESENTATION_CONTEXT('2D SPACE',''
  ) );
#19234 = PCURVE('',#18660,#19235);
#19235 = DEFINITIONAL_REPRESENTATION('',(#19236),#19240);
#19236 = LINE('',#19237,#19238);
#19237 = CARTESIAN_POINT('',(1.5,0.));
#19238 = VECTOR('',#19239,1.);
#19239 = DIRECTION('',(0.,-1.));
#19240 = ( GEOMETRIC_REPRESENTATION_CONTEXT(2) 
PARAMETRIC_REPRESENTATION_CONTEXT() REPRESENTATION_CONTEXT('2D SPACE',''
  ) );
#19241 = ORIENTED_EDGE('',*,*,#19019,.T.);
#19242 = ORIENTED_EDGE('',*,*,#19194,.F.);
#19243 = ORIENTED_EDGE('',*,*,#18672,.F.);
#19244 = ADVANCED_FACE('',(#19245),#18660,.F.);
#19245 = FACE_BOUND('',#19246,.F.);
#19246 = EDGE_LOOP('',(#19247,#19268,#19269,#19270));
#19247 = ORIENTED_EDGE('',*,*,#19248,.T.);
#19248 = EDGE_CURVE('',#18617,#18974,#19249,.T.);
#19249 = SURFACE_CURVE('',#19250,(#19254,#19261),.PCURVE_S1.);
#19250 = LINE('',#19251,#19252);
#19251 = CARTESIAN_POINT('',(6.,40.,-150.));
#19252 = VECTOR('',#19253,1.);
#19253 = DIRECTION('',(0.,0.,1.));
#19254 = PCURVE('',#18660,#19255);
#19255 = DEFINITIONAL_REPRESENTATION('',(#19256),#19260);
#19256 = LINE('',#19257,#19258);
#19257 = CARTESIAN_POINT('',(0.,0.));
#19258 = VECTOR('',#19259,1.);
#19259 = DIRECTION('',(0.,-1.));
#19260 = ( GEOMETRIC_REPRESENTATION_CONTEXT(2) 
PARAMETRIC_REPRESENTATION_CONTEXT() REPRESENTATION_CONTEXT('2D SPACE',''
  ) );
#19261 = PCURVE('',#18632,#19262);
#19262 = DEFINITIONAL_REPRESENTATION('',(#19263),#19267);
#19263 = LINE('',#19264,#19265);
#19264 = CARTESIAN_POINT('',(34.488719505395,0.));
#19265 = VECTOR('',#19266,1.);
#19266 = DIRECTION('',(0.,-1.));
#19267 = ( GEOMETRIC_REPRESENTATION_CONTEXT(2) 
PARAMETRIC_REPRESENTATION_CONTEXT() REPRESENTATION_CONTEXT('2D SPACE',''
  ) );
#19268 = ORIENTED_EDGE('',*,*,#18996,.T.);
#19269 = ORIENTED_EDGE('',*,*,#19221,.F.);
#19270 = ORIENTED_EDGE('',*,*,#18644,.F.);
#19271 = ADVANCED_FACE('',(#19272),#18632,.F.);
#19272 = FACE_BOUND('',#19273,.F.);
#19273 = EDGE_LOOP('',(#19274,#19295,#19296,#19297));
#19274 = ORIENTED_EDGE('',*,*,#19275,.T.);
#19275 = EDGE_CURVE('',#18588,#18950,#19276,.T.);
#19276 = SURFACE_CURVE('',#19277,(#19281,#19288),.PCURVE_S1.);
#19277 = LINE('',#19278,#19279);
#19278 = CARTESIAN_POINT('',(34.330560981,20.331469612,-150.));
#19279 = VECTOR('',#19280,1.);
#19280 = DIRECTION('',(0.,0.,1.));
#19281 = PCURVE('',#18632,#19282);
#19282 = DEFINITIONAL_REPRESENTATION('',(#19283),#19287);
#19283 = LINE('',#19284,#19285);
#19284 = CARTESIAN_POINT('',(0.,0.));
#19285 = VECTOR('',#19286,1.);
#19286 = DIRECTION('',(0.,-1.));
#19287 = ( GEOMETRIC_REPRESENTATION_CONTEXT(2) 
PARAMETRIC_REPRESENTATION_CONTEXT() REPRESENTATION_CONTEXT('2D SPACE',''
  ) );
#19288 = PCURVE('',#18604,#19289);
#19289 = DEFINITIONAL_REPRESENTATION('',(#19290),#19294);
#19290 = LINE('',#19291,#19292);
#19291 = CARTESIAN_POINT('',(0.981747703757,0.));
#19292 = VECTOR('',#19293,1.);
#19293 = DIRECTION('',(0.,1.));
#19294 = ( GEOMETRIC_REPRESENTATION_CONTEXT(2) 
PARAMETRIC_REPRESENTATION_CONTEXT() REPRESENTATION_CONTEXT('2D SPACE',''
  ) );
#19295 = ORIENTED_EDGE('',*,*,#18973,.T.);
#19296 = ORIENTED_EDGE('',*,*,#19248,.F.);
#19297 = ORIENTED_EDGE('',*,*,#18616,.F.);
#19298 = ADVANCED_FACE('',(#19299),#18604,.F.);
#19299 = FACE_BOUND('',#19300,.F.);
#19300 = EDGE_LOOP('',(#19301,#19321,#19322,#19323));
#19301 = ORIENTED_EDGE('',*,*,#19302,.T.);
#19302 = EDGE_CURVE('',#18560,#18927,#19303,.T.);
#19303 = SURFACE_CURVE('',#19304,(#19308,#19314),.PCURVE_S1.);
#19304 = LINE('',#19305,#19306);
#19305 = CARTESIAN_POINT('',(34.774990748,19.5,-150.));
#19306 = VECTOR('',#19307,1.);
#19307 = DIRECTION('',(0.,0.,1.));
#19308 = PCURVE('',#18604,#19309);
#19309 = DEFINITIONAL_REPRESENTATION('',(#19310),#19313);
#19310 = B_SPLINE_CURVE_WITH_KNOTS('',1,(#19311,#19312),.UNSPECIFIED.,
  .F.,.F.,(2,2),(0.,300.),.PIECEWISE_BEZIER_KNOTS.);
#19311 = CARTESIAN_POINT('',(6.28318530718,0.));
#19312 = CARTESIAN_POINT('',(6.28318530718,300.));
#19313 = ( GEOMETRIC_REPRESENTATION_CONTEXT(2) 
PARAMETRIC_REPRESENTATION_CONTEXT() REPRESENTATION_CONTEXT('2D SPACE',''
  ) );
#19314 = PCURVE('',#18575,#19315);
#19315 = DEFINITIONAL_REPRESENTATION('',(#19316),#19320);
#19316 = LINE('',#19317,#19318);
#19317 = CARTESIAN_POINT('',(39.,0.));
#19318 = VECTOR('',#19319,1.);
#19319 = DIRECTION('',(0.,-1.));
#19320 = ( GEOMETRIC_REPRESENTATION_CONTEXT(2) 
PARAMETRIC_REPRESENTATION_CONTEXT() REPRESENTATION_CONTEXT('2D SPACE',''
  ) );
#19321 = ORIENTED_EDGE('',*,*,#18949,.F.);
#19322 = ORIENTED_EDGE('',*,*,#19275,.F.);
#19323 = ORIENTED_EDGE('',*,*,#18587,.T.);
#19324 = ADVANCED_FACE('',(#19325),#18575,.F.);
#19325 = FACE_BOUND('',#19326,.F.);
#19326 = EDGE_LOOP('',(#19327,#19347,#19348,#19349));
#19327 = ORIENTED_EDGE('',*,*,#19328,.T.);
#19328 = EDGE_CURVE('',#18531,#18903,#19329,.T.);
#19329 = SURFACE_CURVE('',#19330,(#19334,#19341),.PCURVE_S1.);
#19330 = LINE('',#19331,#19332);
#19331 = CARTESIAN_POINT('',(34.774990748,-19.5,-150.));
#19332 = VECTOR('',#19333,1.);
#19333 = DIRECTION('',(0.,0.,1.));
#19334 = PCURVE('',#18575,#19335);
#19335 = DEFINITIONAL_REPRESENTATION('',(#19336),#19340);
#19336 = LINE('',#19337,#19338);
#19337 = CARTESIAN_POINT('',(0.,0.));
#19338 = VECTOR('',#19339,1.);
#19339 = DIRECTION('',(0.,-1.));
#19340 = ( GEOMETRIC_REPRESENTATION_CONTEXT(2) 
PARAMETRIC_REPRESENTATION_CONTEXT() REPRESENTATION_CONTEXT('2D SPACE',''
  ) );
#19341 = PCURVE('',#18547,#19342);
#19342 = DEFINITIONAL_REPRESENTATION('',(#19343),#19346);
#19343 = B_SPLINE_CURVE_WITH_KNOTS('',1,(#19344,#19345),.UNSPECIFIED.,
  .F.,.F.,(2,2),(0.,300.),.PIECEWISE_BEZIER_KNOTS.);
#19344 = CARTESIAN_POINT('',(0.,0.));
#19345 = CARTESIAN_POINT('',(0.,300.));
#19346 = ( GEOMETRIC_REPRESENTATION_CONTEXT(2) 
PARAMETRIC_REPRESENTATION_CONTEXT() REPRESENTATION_CONTEXT('2D SPACE',''
  ) );
#19347 = ORIENTED_EDGE('',*,*,#18926,.T.);
#19348 = ORIENTED_EDGE('',*,*,#19302,.F.);
#19349 = ORIENTED_EDGE('',*,*,#18559,.F.);
#19350 = ADVANCED_FACE('',(#19351),#18547,.F.);
#19351 = FACE_BOUND('',#19352,.F.);
#19352 = EDGE_LOOP('',(#19353,#19354,#19355,#19356));
#19353 = ORIENTED_EDGE('',*,*,#18902,.F.);
#19354 = ORIENTED_EDGE('',*,*,#19328,.F.);
#19355 = ORIENTED_EDGE('',*,*,#18530,.T.);
#19356 = ORIENTED_EDGE('',*,*,#19357,.T.);
#19357 = EDGE_CURVE('',#18503,#18880,#19358,.T.);
#19358 = SURFACE_CURVE('',#19359,(#19363,#19370),.PCURVE_S1.);
#19359 = LINE('',#19360,#19361);
#19360 = CARTESIAN_POINT('',(34.246387484,-20.381921264,-150.));
#19361 = VECTOR('',#19362,1.);
#19362 = DIRECTION('',(0.,0.,1.));
#19363 = PCURVE('',#18547,#19364);
#19364 = DEFINITIONAL_REPRESENTATION('',(#19365),#19369);
#19365 = LINE('',#19366,#19367);
#19366 = CARTESIAN_POINT('',(5.203262832303,0.));
#19367 = VECTOR('',#19368,1.);
#19368 = DIRECTION('',(0.,1.));
#19369 = ( GEOMETRIC_REPRESENTATION_CONTEXT(2) 
PARAMETRIC_REPRESENTATION_CONTEXT() REPRESENTATION_CONTEXT('2D SPACE',''
  ) );
#19370 = PCURVE('',#18518,#19371);
#19371 = DEFINITIONAL_REPRESENTATION('',(#19372),#19376);
#19372 = LINE('',#19373,#19374);
#19373 = CARTESIAN_POINT('',(38.999999999486,0.));
#19374 = VECTOR('',#19375,1.);
#19375 = DIRECTION('',(0.,-1.));
#19376 = ( GEOMETRIC_REPRESENTATION_CONTEXT(2) 
PARAMETRIC_REPRESENTATION_CONTEXT() REPRESENTATION_CONTEXT('2D SPACE',''
  ) );
#19377 = ADVANCED_FACE('',(#19378),#18518,.F.);
#19378 = FACE_BOUND('',#19379,.F.);
#19379 = EDGE_LOOP('',(#19380,#19381,#19400,#19401));
#19380 = ORIENTED_EDGE('',*,*,#18502,.F.);
#19381 = ORIENTED_EDGE('',*,*,#19382,.T.);
#19382 = EDGE_CURVE('',#18474,#18856,#19383,.T.);
#19383 = SURFACE_CURVE('',#19384,(#19388,#19394),.PCURVE_S1.);
#19384 = LINE('',#19385,#19386);
#19385 = CARTESIAN_POINT('',(0.528067856235,-39.84920217805,-150.));
#19386 = VECTOR('',#19387,1.);
#19387 = DIRECTION('',(0.,0.,1.));
#19388 = PCURVE('',#18518,#19389);
#19389 = DEFINITIONAL_REPRESENTATION('',(#19390),#19393);
#19390 = B_SPLINE_CURVE_WITH_KNOTS('',1,(#19391,#19392),.UNSPECIFIED.,
  .F.,.F.,(2,2),(-5.999999928008E-07,300.0000006),
  .PIECEWISE_BEZIER_KNOTS.);
#19391 = CARTESIAN_POINT('',(6.543817189171E-02,5.999999928008E-07));
#19392 = CARTESIAN_POINT('',(6.543817189171E-02,-300.0000006));
#19393 = ( GEOMETRIC_REPRESENTATION_CONTEXT(2) 
PARAMETRIC_REPRESENTATION_CONTEXT() REPRESENTATION_CONTEXT('2D SPACE',''
  ) );
#19394 = PCURVE('',#18490,#19395);
#19395 = DEFINITIONAL_REPRESENTATION('',(#19396),#19399);
#19396 = B_SPLINE_CURVE_WITH_KNOTS('',1,(#19397,#19398),.UNSPECIFIED.,
  .F.,.F.,(2,2),(-5.999999928008E-07,300.0000006),
  .PIECEWISE_BEZIER_KNOTS.);
#19397 = CARTESIAN_POINT('',(5.268712686034,-5.999999928008E-07));
#19398 = CARTESIAN_POINT('',(5.268712686034,300.0000006));
#19399 = ( GEOMETRIC_REPRESENTATION_CONTEXT(2) 
PARAMETRIC_REPRESENTATION_CONTEXT() REPRESENTATION_CONTEXT('2D SPACE',''
  ) );
#19400 = ORIENTED_EDGE('',*,*,#18879,.T.);
#19401 = ORIENTED_EDGE('',*,*,#19357,.F.);
#19402 = ADVANCED_FACE('',(#19403),#18490,.F.);
#19403 = FACE_BOUND('',#19404,.F.);
#19404 = EDGE_LOOP('',(#19405,#19426,#19427,#19428));
#19405 = ORIENTED_EDGE('',*,*,#19406,.T.);
#19406 = EDGE_CURVE('',#18445,#18832,#19407,.T.);
#19407 = SURFACE_CURVE('',#19408,(#19412,#19419),.PCURVE_S1.);
#19408 = LINE('',#19409,#19410);
#19409 = CARTESIAN_POINT('',(1.,-39.,-150.));
#19410 = VECTOR('',#19411,1.);
#19411 = DIRECTION('',(0.,0.,1.));
#19412 = PCURVE('',#18490,#19413);
#19413 = DEFINITIONAL_REPRESENTATION('',(#19414),#19418);
#19414 = LINE('',#19415,#19416);
#19415 = CARTESIAN_POINT('',(6.28318530718,-0.));
#19416 = VECTOR('',#19417,1.);
#19417 = DIRECTION('',(0.,1.));
#19418 = ( GEOMETRIC_REPRESENTATION_CONTEXT(2) 
PARAMETRIC_REPRESENTATION_CONTEXT() REPRESENTATION_CONTEXT('2D SPACE',''
  ) );
#19419 = PCURVE('',#18461,#19420);
#19420 = DEFINITIONAL_REPRESENTATION('',(#19421),#19425);
#19421 = LINE('',#19422,#19423);
#19422 = CARTESIAN_POINT('',(0.,-0.));
#19423 = VECTOR('',#19424,1.);
#19424 = DIRECTION('',(0.,1.));
#19425 = ( GEOMETRIC_REPRESENTATION_CONTEXT(2) 
PARAMETRIC_REPRESENTATION_CONTEXT() REPRESENTATION_CONTEXT('2D SPACE',''
  ) );
#19426 = ORIENTED_EDGE('',*,*,#18855,.F.);
#19427 = ORIENTED_EDGE('',*,*,#19382,.F.);
#19428 = ORIENTED_EDGE('',*,*,#18473,.T.);
#19429 = ADVANCED_FACE('',(#19430),#18461,.F.);
#19430 = FACE_BOUND('',#19431,.F.);
#19431 = EDGE_LOOP('',(#19432,#19451,#19452,#19453));
#19432 = ORIENTED_EDGE('',*,*,#19433,.T.);
#19433 = EDGE_CURVE('',#18417,#18809,#19434,.T.);
#19434 = SURFACE_CURVE('',#19435,(#19439,#19445),.PCURVE_S1.);
#19435 = LINE('',#19436,#19437);
#19436 = CARTESIAN_POINT('',(-0.528067856236,-39.84920217805,-150.));
#19437 = VECTOR('',#19438,1.);
#19438 = DIRECTION('',(0.,0.,1.));
#19439 = PCURVE('',#18461,#19440);
#19440 = DEFINITIONAL_REPRESENTATION('',(#19441),#19444);
#19441 = B_SPLINE_CURVE_WITH_KNOTS('',1,(#19442,#19443),.UNSPECIFIED.,
  .F.,.F.,(2,2),(-5.999999928008E-07,300.0000006),
  .PIECEWISE_BEZIER_KNOTS.);
#19442 = CARTESIAN_POINT('',(4.156065274735,-5.999999928008E-07));
#19443 = CARTESIAN_POINT('',(4.156065274735,300.0000006));
#19444 = ( GEOMETRIC_REPRESENTATION_CONTEXT(2) 
PARAMETRIC_REPRESENTATION_CONTEXT() REPRESENTATION_CONTEXT('2D SPACE',''
  ) );
#19445 = PCURVE('',#18432,#19446);
#19446 = DEFINITIONAL_REPRESENTATION('',(#19447),#19450);
#19447 = B_SPLINE_CURVE_WITH_KNOTS('',1,(#19448,#19449),.UNSPECIFIED.,
  .F.,.F.,(2,2),(-5.999999928008E-07,300.0000006),
  .PIECEWISE_BEZIER_KNOTS.);
#19448 = CARTESIAN_POINT('',(38.934561827594,5.999999928008E-07));
#19449 = CARTESIAN_POINT('',(38.934561827594,-300.0000006));
#19450 = ( GEOMETRIC_REPRESENTATION_CONTEXT(2) 
PARAMETRIC_REPRESENTATION_CONTEXT() REPRESENTATION_CONTEXT('2D SPACE',''
  ) );
#19451 = ORIENTED_EDGE('',*,*,#18831,.F.);
#19452 = ORIENTED_EDGE('',*,*,#19406,.F.);
#19453 = ORIENTED_EDGE('',*,*,#18444,.T.);
#19454 = ADVANCED_FACE('',(#19455),#18432,.F.);
#19455 = FACE_BOUND('',#19456,.F.);
#19456 = EDGE_LOOP('',(#19457,#19458,#19459,#19460));
#19457 = ORIENTED_EDGE('',*,*,#18416,.F.);
#19458 = ORIENTED_EDGE('',*,*,#19142,.T.);
#19459 = ORIENTED_EDGE('',*,*,#18808,.T.);
#19460 = ORIENTED_EDGE('',*,*,#19433,.F.);
#19461 = ( GEOMETRIC_REPRESENTATION_CONTEXT(3) 
GLOBAL_UNCERTAINTY_ASSIGNED_CONTEXT((#19465)) 
GLOBAL_UNIT_ASSIGNED_CONTEXT((#19462,#19463,#19464)) 
REPRESENTATION_CONTEXT('Context #1',
  '3D Context with UNIT and UNCERTAINTY') );
#19462 = ( LENGTH_UNIT() NAMED_UNIT(*) SI_UNIT(.MILLI.,.METRE.) );
#19463 = ( NAMED_UNIT(*) PLANE_ANGLE_UNIT() SI_UNIT($,.RADIAN.) );
#19464 = ( NAMED_UNIT(*) SI_UNIT($,.STERADIAN.) SOLID_ANGLE_UNIT() );
#19465 = UNCERTAINTY_MEASURE_WITH_UNIT(LENGTH_MEASURE(1.E-07),#19462,
  'distance_accuracy_value','confusion accuracy');
#19466 = SHAPE_DEFINITION_REPRESENTATION(#19467,#18106);
#19467 = PRODUCT_DEFINITION_SHAPE('','',#19468);
#19468 = PRODUCT_DEFINITION('design','',#19469,#19472);
#19469 = PRODUCT_DEFINITION_FORMATION('','',#19470);
#19470 = PRODUCT('Open CASCADE STEP translator 7.5 2.9',
  'Open CASCADE STEP translator 7.5 2.9','',(#19471));
#19471 = PRODUCT_CONTEXT('',#2,'mechanical');
#19472 = PRODUCT_DEFINITION_CONTEXT('part definition',#2,'design');
#19473 = CONTEXT_DEPENDENT_SHAPE_REPRESENTATION(#19474,#19476);
#19474 = ( REPRESENTATION_RELATIONSHIP('','',#18106,#10) 
REPRESENTATION_RELATIONSHIP_WITH_TRANSFORMATION(#19475) 
SHAPE_REPRESENTATION_RELATIONSHIP() );
#19475 = ITEM_DEFINED_TRANSFORMATION('','',#11,#47);
#19476 = PRODUCT_DEFINITION_SHAPE('Placement','Placement of an item',
  #19477);
#19477 = NEXT_ASSEMBLY_USAGE_OCCURRENCE('31','','',#5,#19468,$);
#19478 = PRODUCT_RELATED_PRODUCT_CATEGORY('part',$,(#19470));
#19479 = ADVANCED_BREP_SHAPE_REPRESENTATION('',(#11,#19480),#19578);
#19480 = MANIFOLD_SOLID_BREP('',#19481);
#19481 = CLOSED_SHELL('',(#19482,#19570,#19574));
#19482 = ADVANCED_FACE('',(#19483),#19496,.T.);
#19483 = FACE_BOUND('',#19484,.T.);
#19484 = EDGE_LOOP('',(#19485,#19519,#19542,#19569));
#19485 = ORIENTED_EDGE('',*,*,#19486,.F.);
#19486 = EDGE_CURVE('',#19487,#19487,#19489,.T.);
#19487 = VERTEX_POINT('',#19488);
#19488 = CARTESIAN_POINT('',(30.,-7.347880794884E-15,226.));
#19489 = SURFACE_CURVE('',#19490,(#19495,#19507),.PCURVE_S1.);
#19490 = CIRCLE('',#19491,30.);
#19491 = AXIS2_PLACEMENT_3D('',#19492,#19493,#19494);
#19492 = CARTESIAN_POINT('',(0.,0.,226.));
#19493 = DIRECTION('',(0.,0.,1.));
#19494 = DIRECTION('',(1.,0.,-0.));
#19495 = PCURVE('',#19496,#19501);
#19496 = CYLINDRICAL_SURFACE('',#19497,30.);
#19497 = AXIS2_PLACEMENT_3D('',#19498,#19499,#19500);
#19498 = CARTESIAN_POINT('',(0.,0.,-226.));
#19499 = DIRECTION('',(0.,0.,1.));
#19500 = DIRECTION('',(1.,0.,-0.));
#19501 = DEFINITIONAL_REPRESENTATION('',(#19502),#19506);
#19502 = LINE('',#19503,#19504);
#19503 = CARTESIAN_POINT('',(0.,452.));
#19504 = VECTOR('',#19505,1.);
#19505 = DIRECTION('',(1.,0.));
#19506 = ( GEOMETRIC_REPRESENTATION_CONTEXT(2) 
PARAMETRIC_REPRESENTATION_CONTEXT() REPRESENTATION_CONTEXT('2D SPACE',''
  ) );
#19507 = PCURVE('',#19508,#19513);
#19508 = PLANE('',#19509);
#19509 = AXIS2_PLACEMENT_3D('',#19510,#19511,#19512);
#19510 = CARTESIAN_POINT('',(0.,0.,226.));
#19511 = DIRECTION('',(0.,0.,1.));
#19512 = DIRECTION('',(1.,0.,-0.));
#19513 = DEFINITIONAL_REPRESENTATION('',(#19514),#19518);
#19514 = CIRCLE('',#19515,30.);
#19515 = AXIS2_PLACEMENT_2D('',#19516,#19517);
#19516 = CARTESIAN_POINT('',(0.,0.));
#19517 = DIRECTION('',(1.,0.));
#19518 = ( GEOMETRIC_REPRESENTATION_CONTEXT(2) 
PARAMETRIC_REPRESENTATION_CONTEXT() REPRESENTATION_CONTEXT('2D SPACE',''
  ) );
#19519 = ORIENTED_EDGE('',*,*,#19520,.F.);
#19520 = EDGE_CURVE('',#19521,#19487,#19523,.T.);
#19521 = VERTEX_POINT('',#19522);
#19522 = CARTESIAN_POINT('',(30.,-7.347880794884E-15,-226.));
#19523 = SEAM_CURVE('',#19524,(#19528,#19535),.PCURVE_S1.);
#19524 = LINE('',#19525,#19526);
#19525 = CARTESIAN_POINT('',(30.,-7.347880794884E-15,-226.));
#19526 = VECTOR('',#19527,1.);
#19527 = DIRECTION('',(0.,0.,1.));
#19528 = PCURVE('',#19496,#19529);
#19529 = DEFINITIONAL_REPRESENTATION('',(#19530),#19534);
#19530 = LINE('',#19531,#19532);
#19531 = CARTESIAN_POINT('',(6.28318530718,-0.));
#19532 = VECTOR('',#19533,1.);
#19533 = DIRECTION('',(0.,1.));
#19534 = ( GEOMETRIC_REPRESENTATION_CONTEXT(2) 
PARAMETRIC_REPRESENTATION_CONTEXT() REPRESENTATION_CONTEXT('2D SPACE',''
  ) );
#19535 = PCURVE('',#19496,#19536);
#19536 = DEFINITIONAL_REPRESENTATION('',(#19537),#19541);
#19537 = LINE('',#19538,#19539);
#19538 = CARTESIAN_POINT('',(0.,-0.));
#19539 = VECTOR('',#19540,1.);
#19540 = DIRECTION('',(0.,1.));
#19541 = ( GEOMETRIC_REPRESENTATION_CONTEXT(2) 
PARAMETRIC_REPRESENTATION_CONTEXT() REPRESENTATION_CONTEXT('2D SPACE',''
  ) );
#19542 = ORIENTED_EDGE('',*,*,#19543,.T.);
#19543 = EDGE_CURVE('',#19521,#19521,#19544,.T.);
#19544 = SURFACE_CURVE('',#19545,(#19550,#19557),.PCURVE_S1.);
#19545 = CIRCLE('',#19546,30.);
#19546 = AXIS2_PLACEMENT_3D('',#19547,#19548,#19549);
#19547 = CARTESIAN_POINT('',(0.,0.,-226.));
#19548 = DIRECTION('',(0.,0.,1.));
#19549 = DIRECTION('',(1.,0.,-0.));
#19550 = PCURVE('',#19496,#19551);
#19551 = DEFINITIONAL_REPRESENTATION('',(#19552),#19556);
#19552 = LINE('',#19553,#19554);
#19553 = CARTESIAN_POINT('',(0.,0.));
#19554 = VECTOR('',#19555,1.);
#19555 = DIRECTION('',(1.,0.));
#19556 = ( GEOMETRIC_REPRESENTATION_CONTEXT(2) 
PARAMETRIC_REPRESENTATION_CONTEXT() REPRESENTATION_CONTEXT('2D SPACE',''
  ) );
#19557 = PCURVE('',#19558,#19563);
#19558 = PLANE('',#19559);
#19559 = AXIS2_PLACEMENT_3D('',#19560,#19561,#19562);
#19560 = CARTESIAN_POINT('',(0.,0.,-226.));
#19561 = DIRECTION('',(0.,0.,1.));
#19562 = DIRECTION('',(1.,0.,-0.));
#19563 = DEFINITIONAL_REPRESENTATION('',(#19564),#19568);
#19564 = CIRCLE('',#19565,30.);
#19565 = AXIS2_PLACEMENT_2D('',#19566,#19567);
#19566 = CARTESIAN_POINT('',(0.,0.));
#19567 = DIRECTION('',(1.,0.));
#19568 = ( GEOMETRIC_REPRESENTATION_CONTEXT(2) 
PARAMETRIC_REPRESENTATION_CONTEXT() REPRESENTATION_CONTEXT('2D SPACE',''
  ) );
#19569 = ORIENTED_EDGE('',*,*,#19520,.T.);
#19570 = ADVANCED_FACE('',(#19571),#19508,.T.);
#19571 = FACE_BOUND('',#19572,.T.);
#19572 = EDGE_LOOP('',(#19573));
#19573 = ORIENTED_EDGE('',*,*,#19486,.T.);
#19574 = ADVANCED_FACE('',(#19575),#19558,.F.);
#19575 = FACE_BOUND('',#19576,.T.);
#19576 = EDGE_LOOP('',(#19577));
#19577 = ORIENTED_EDGE('',*,*,#19543,.F.);
#19578 = ( GEOMETRIC_REPRESENTATION_CONTEXT(3) 
GLOBAL_UNCERTAINTY_ASSIGNED_CONTEXT((#19582)) 
GLOBAL_UNIT_ASSIGNED_CONTEXT((#19579,#19580,#19581)) 
REPRESENTATION_CONTEXT('Context #1',
  '3D Context with UNIT and UNCERTAINTY') );
#19579 = ( LENGTH_UNIT() NAMED_UNIT(*) SI_UNIT(.MILLI.,.METRE.) );
#19580 = ( NAMED_UNIT(*) PLANE_ANGLE_UNIT() SI_UNIT($,.RADIAN.) );
#19581 = ( NAMED_UNIT(*) SI_UNIT($,.STERADIAN.) SOLID_ANGLE_UNIT() );
#19582 = UNCERTAINTY_MEASURE_WITH_UNIT(LENGTH_MEASURE(1.E-07),#19579,
  'distance_accuracy_value','confusion accuracy');
#19583 = SHAPE_DEFINITION_REPRESENTATION(#19584,#19479);
#19584 = PRODUCT_DEFINITION_SHAPE('','',#19585);
#19585 = PRODUCT_DEFINITION('design','',#19586,#19589);
#19586 = PRODUCT_DEFINITION_FORMATION('','',#19587);
#19587 = PRODUCT('Open CASCADE STEP translator 7.5 2.10',
  'Open CASCADE STEP translator 7.5 2.10','',(#19588));
#19588 = PRODUCT_CONTEXT('',#2,'mechanical');
#19589 = PRODUCT_DEFINITION_CONTEXT('part definition',#2,'design');
#19590 = CONTEXT_DEPENDENT_SHAPE_REPRESENTATION(#19591,#19593);
#19591 = ( REPRESENTATION_RELATIONSHIP('','',#19479,#10) 
REPRESENTATION_RELATIONSHIP_WITH_TRANSFORMATION(#19592) 
SHAPE_REPRESENTATION_RELATIONSHIP() );
#19592 = ITEM_DEFINED_TRANSFORMATION('','',#11,#51);
#19593 = PRODUCT_DEFINITION_SHAPE('Placement','Placement of an item',
  #19594);
#19594 = NEXT_ASSEMBLY_USAGE_OCCURRENCE('32','','',#5,#19585,$);
#19595 = PRODUCT_RELATED_PRODUCT_CATEGORY('part',$,(#19587));
ENDSEC;
END-ISO-10303-21;
