sample,hw,n_gen,mm_2arm,mm_2arm_active,pair_tag,level,esum,acc,truth_arms,sigma68,bias,sigma68_firsthit,acc_125_155,acc_130_150,acc_120_160
X17_m16.6,as built,1000000,0.476305,0.383516,0.031427,trigger,none,0.031427,0.9979953543131702,5.358403320312497,0.42584991455078125,5.179123229980468,0.020078,0.015158,0.023755
X17_m16.6,as built,1000000,0.476305,0.383516,0.031427,trigger,> 13,0.017114,0.9995325464531962,4.925558471679686,0.6048965454101562,4.776017761230468,0.01012,0.007447,0.012351
X17_m16.6,as built,1000000,0.476305,0.383516,0.031427,trigger,11–15,0.024029,0.9989595904948187,5.262745056152344,0.5366744995117188,5.068426208496094,0.015248,0.011507,0.018081
X17_m16.6,as built,1000000,0.476305,0.383516,0.031427,trigger,12–16,0.021935,0.9992705721449738,5.099669189453124,0.563629150390625,4.934322814941405,0.0135,0.010104,0.016214
X17_m16.6,as built,1000000,0.476305,0.383516,0.031427,trigger,13–17,0.017114,0.9995325464531962,4.925558471679686,0.6048965454101562,4.776017761230468,0.01012,0.007447,0.012351
X17_m16.6,as built,1000000,0.476305,0.383516,0.031427,trigger,9–14,0.019621,0.998114265327965,5.696241607666015,0.323394775390625,5.474031677246095,0.013509,0.01047,0.015558
X17_m16.6,as built,1000000,0.476305,0.383516,0.031427,MM 15°,none,0.02037,0.998772704958272,5.215836029052735,0.1485595703125,5.143818969726562,0.014705,0.011377,0.016923
X17_m16.6,as built,1000000,0.476305,0.383516,0.031427,MM 15°,> 13,0.010787,0.9998145916380828,4.801539306640625,0.3212890625,4.7379232788085925,0.007421,0.005626,0.008744
X17_m16.6,as built,1000000,0.476305,0.383516,0.031427,MM 15°,11–15,0.015557,0.9994214822909301,5.124010009765625,0.2643280029296875,5.048116760253906,0.011215,0.008674,0.012919
X17_m16.6,as built,1000000,0.476305,0.383516,0.031427,MM 15°,12–16,0.014079,0.9995738333688472,4.984568481445313,0.298095703125,4.916113281249999,0.009946,0.007651,0.011585
X17_m16.6,as built,1000000,0.476305,0.383516,0.031427,MM 15°,13–17,0.010787,0.9998145916380828,4.801539306640625,0.3212890625,4.7379232788085925,0.007421,0.005626,0.008744
X17_m16.6,as built,1000000,0.476305,0.383516,0.031427,MM 15°,9–14,0.013095,0.9989308896525392,5.499674987792968,0.0581817626953125,5.4107742309570295,0.009952,0.007878,0.011188
X17_m16.6,as built,1000000,0.476305,0.383516,0.031427,MM 3°,none,0.019607,0.998979956138114,5.095538940429686,-0.0559844970703125,5.037960510253905,0.016001,0.012285,0.01819
X17_m16.6,as built,1000000,0.476305,0.383516,0.031427,MM 3°,> 13,0.010181,0.9999017778214321,4.689508056640626,0.08614349365234375,4.639742736816407,0.008196,0.006153,0.009487
X17_m16.6,as built,1000000,0.476305,0.383516,0.031427,MM 3°,11–15,0.014928,0.9995980707395499,4.985090026855468,0.057861328125,4.938347320556641,0.012253,0.009418,0.013931
X17_m16.6,as built,1000000,0.476305,0.383516,0.031427,MM 3°,12–16,0.01339,0.9997012696041823,4.833808898925781,0.064117431640625,4.779689025878905,0.010895,0.008314,0.012494
X17_m16.6,as built,1000000,0.476305,0.383516,0.031427,MM 3°,13–17,0.010181,0.9999017778214321,4.689508056640626,0.08614349365234375,4.639742736816407,0.008196,0.006153,0.009487
X17_m16.6,as built,1000000,0.476305,0.383516,0.031427,MM 3°,9–14,0.012833,0.9992207589807528,5.376268310546875,-0.098876953125,5.313031616210937,0.010722,0.008434,0.011958
X17_m16.6,as built,1000000,0.476305,0.383516,0.031427,MM 15° + TOF,none,0.02037,0.998772704958272,5.215836029052735,0.1485595703125,5.143818969726562,0.014705,0.011377,0.016923
X17_m16.6,as built,1000000,0.476305,0.383516,0.031427,MM 15° + TOF,> 13,0.010787,0.9998145916380828,4.801539306640625,0.3212890625,4.7379232788085925,0.007421,0.005626,0.008744
X17_m16.6,as built,1000000,0.476305,0.383516,0.031427,MM 15° + TOF,11–15,0.015557,0.9994214822909301,5.124010009765625,0.2643280029296875,5.048116760253906,0.011215,0.008674,0.012919
X17_m16.6,as built,1000000,0.476305,0.383516,0.031427,MM 15° + TOF,12–16,0.014079,0.9995738333688472,4.984568481445313,0.298095703125,4.916113281249999,0.009946,0.007651,0.011585
X17_m16.6,as built,1000000,0.476305,0.383516,0.031427,MM 15° + TOF,13–17,0.010787,0.9998145916380828,4.801539306640625,0.3212890625,4.7379232788085925,0.007421,0.005626,0.008744
X17_m16.6,as built,1000000,0.476305,0.383516,0.031427,MM 15° + TOF,9–14,0.013095,0.9989308896525392,5.499674987792968,0.0581817626953125,5.4107742309570295,0.009952,0.007878,0.011188
X17_m16.6,as built,1000000,0.476305,0.383516,0.031427,MM 3° + TOF,none,0.019607,0.998979956138114,5.095538940429686,-0.0559844970703125,5.037960510253905,0.016001,0.012285,0.01819
X17_m16.6,as built,1000000,0.476305,0.383516,0.031427,MM 3° + TOF,> 13,0.010181,0.9999017778214321,4.689508056640626,0.08614349365234375,4.639742736816407,0.008196,0.006153,0.009487
X17_m16.6,as built,1000000,0.476305,0.383516,0.031427,MM 3° + TOF,11–15,0.014928,0.9995980707395499,4.985090026855468,0.057861328125,4.938347320556641,0.012253,0.009418,0.013931
X17_m16.6,as built,1000000,0.476305,0.383516,0.031427,MM 3° + TOF,12–16,0.01339,0.9997012696041823,4.833808898925781,0.064117431640625,4.779689025878905,0.010895,0.008314,0.012494
X17_m16.6,as built,1000000,0.476305,0.383516,0.031427,MM 3° + TOF,13–17,0.010181,0.9999017778214321,4.689508056640626,0.08614349365234375,4.639742736816407,0.008196,0.006153,0.009487
X17_m16.6,as built,1000000,0.476305,0.383516,0.031427,MM 3° + TOF,9–14,0.012833,0.9992207589807528,5.376268310546875,-0.098876953125,5.313031616210937,0.010722,0.008434,0.011958
X17_m16.7,as built,1000000,0.479713,0.38745,0.032565,trigger,none,0.032565,0.9979425763856902,5.262321472167969,0.48706817626953125,5.1159970092773435,0.020724,0.015957,0.024574
X17_m16.7,as built,1000000,0.479713,0.38745,0.032565,trigger,> 13,0.017636,0.999829893399864,4.867040405273437,0.596405029296875,4.739939270019531,0.010435,0.00772,0.01278
X17_m16.7,as built,1000000,0.479713,0.38745,0.032565,trigger,11–15,0.025144,0.9992045816099269,5.130751647949218,0.5871963500976562,4.984939270019531,0.015998,0.012285,0.01897
X17_m16.7,as built,1000000,0.479713,0.38745,0.032565,trigger,12–16,0.022796,0.9994735918582207,5.002255249023436,0.6036529541015625,4.8715173339843725,0.014094,0.010654,0.016911
X17_m16.7,as built,1000000,0.479713,0.38745,0.032565,trigger,13–17,0.017636,0.999829893399864,4.867040405273437,0.596405029296875,4.739939270019531,0.010435,0.00772,0.01278
X17_m16.7,as built,1000000,0.479713,0.38745,0.032565,trigger,9–14,0.020517,0.9977579568162986,5.605352783203125,0.537200927734375,5.394505310058594,0.014062,0.011193,0.016167
X17_m16.7,as built,1000000,0.479713,0.38745,0.032565,MM 15°,none,0.020875,0.9986107784431137,5.1173965454101555,0.21063995361328125,5.068070983886718,0.015059,0.011885,0.017316
X17_m16.7,as built,1000000,0.479713,0.38745,0.032565,MM 15°,> 13,0.011041,0.9999094284937958,4.742303771972656,0.41204833984375,4.672987670898438,0.007588,0.005818,0.008936
X17_m16.7,as built,1000000,0.479713,0.38745,0.032565,MM 15°,11–15,0.016141,0.999628275819342,4.988377990722656,0.3108673095703125,4.930068359374999,0.01169,0.009243,0.013441
X17_m16.7,as built,1000000,0.479713,0.38745,0.032565,MM 15°,12–16,0.014489,0.9997239284974808,4.876969909667968,0.3804779052734375,4.831531066894531,0.010271,0.008016,0.011915
X17_m16.7,as built,1000000,0.479713,0.38745,0.032565,MM 15°,13–17,0.011041,0.9999094284937958,4.742303771972656,0.41204833984375,4.672987670898438,0.007588,0.005818,0.008936
X17_m16.7,as built,1000000,0.479713,0.38745,0.032565,MM 15°,9–14,0.013504,0.9982227488151659,5.338236389160156,0.2133636474609375,5.298697509765625,0.010299,0.008366,0.011528
X17_m16.7,as built,1000000,0.479713,0.38745,0.032565,MM 3°,none,0.020153,0.9991068327296184,5.0009152221679685,0.0302581787109375,4.941189270019528,0.016489,0.012919,0.018697
X17_m16.7,as built,1000000,0.479713,0.38745,0.032565,MM 3°,> 13,0.010529,0.9999050242188242,4.660634765625,0.19936370849609375,4.588612976074218,0.008419,0.006383,0.009757
X17_m16.7,as built,1000000,0.479713,0.38745,0.032565,MM 3°,11–15,0.015598,0.9997435568662649,4.855894165039062,0.15633392333984375,4.809653625488281,0.01281,0.010035,0.014526
X17_m16.7,as built,1000000,0.479713,0.38745,0.032565,MM 3°,12–16,0.013893,0.9997120852227741,4.764412231445313,0.18157958984375,4.7288693237304695,0.011311,0.008743,0.012923
X17_m16.7,as built,1000000,0.479713,0.38745,0.032565,MM 3°,13–17,0.010529,0.9999050242188242,4.660634765625,0.19936370849609375,4.588612976074218,0.008419,0.006383,0.009757
X17_m16.7,as built,1000000,0.479713,0.38745,0.032565,MM 3°,9–14,0.013272,0.9988698010849909,5.216722412109375,0.069183349609375,5.165319519042969,0.011188,0.009045,0.012381
X17_m16.7,as built,1000000,0.479713,0.38745,0.032565,MM 15° + TOF,none,0.020179,0.9986619753208782,5.119464721679687,0.20965576171875,5.067937316894532,0.014533,0.011464,0.016723
X17_m16.7,as built,1000000,0.479713,0.38745,0.032565,MM 15° + TOF,> 13,0.010662,0.9999062089664228,4.741429138183594,0.41387939453125,4.675753784179687,0.007306,0.005599,0.00862
X17_m16.7,as built,1000000,0.479713,0.38745,0.032565,MM 15° + TOF,11–15,0.015608,0.9996155817529472,4.990284729003907,0.3125,4.932010803222656,0.011289,0.008921,0.012987
X17_m16.7,as built,1000000,0.479713,0.38745,0.032565,MM 15° + TOF,12–16,0.014011,0.9997145100278353,4.883759460449219,0.3867340087890625,4.842839660644529,0.009914,0.007733,0.011513
X17_m16.7,as built,1000000,0.479713,0.38745,0.032565,MM 15° + TOF,13–17,0.010662,0.9999062089664228,4.741429138183594,0.41387939453125,4.675753784179687,0.007306,0.005599,0.00862
X17_m16.7,as built,1000000,0.479713,0.38745,0.032565,MM 15° + TOF,9–14,0.01306,0.9983154670750383,5.338889770507812,0.2112579345703125,5.298520202636719,0.00995,0.008078,0.011139
X17_m16.7,as built,1000000,0.479713,0.38745,0.032565,MM 3° + TOF,none,0.01949,0.9990764494612622,5.0023956298828125,0.03325653076171875,4.9426962280273425,0.015932,0.012478,0.018077
X17_m16.7,as built,1000000,0.479713,0.38745,0.032565,MM 3° + TOF,> 13,0.010183,0.9999017971128351,4.648743286132811,0.21160888671875,4.587850341796875,0.008126,0.006157,0.00943
X17_m16.7,as built,1000000,0.479713,0.38745,0.032565,MM 3° + TOF,11–15,0.015104,0.9997351694915254,4.862397155761719,0.16106414794921875,4.814158630371094,0.012393,0.009703,0.01406
X17_m16.7,as built,1000000,0.479713,0.38745,0.032565,MM 3° + TOF,12–16,0.01345,0.9997026022304832,4.765028381347655,0.19020843505859375,4.736460876464845,0.010935,0.008447,0.012504
X17_m16.7,as built,1000000,0.479713,0.38745,0.032565,MM 3° + TOF,13–17,0.010183,0.9999017971128351,4.648743286132811,0.21160888671875,4.587850341796875,0.008126,0.006157,0.00943
X17_m16.7,as built,1000000,0.479713,0.38745,0.032565,MM 3° + TOF,9–14,0.012845,0.9988322304398599,5.218677978515621,0.06243896484375,5.1669308471679685,0.010823,0.008749,0.011981
X17_m16.8,as built,1000000,0.485314,0.393462,0.034804,trigger,none,0.034804,0.9987070451672222,5.17098510742187,0.5269775390625,5.014611511230469,0.021914,0.016886,0.026063
X17_m16.8,as built,1000000,0.485314,0.393462,0.034804,trigger,> 13,0.019022,0.9999474292923983,4.788104248046874,0.6400604248046875,4.6501953124999975,0.011047,0.008186,0.0136
X17_m16.8,as built,1000000,0.485314,0.393462,0.034804,trigger,11–15,0.027011,0.9995187145977564,5.043618774414062,0.6069183349609375,4.892070922851563,0.016907,0.013003,0.020181
X17_m16.8,as built,1000000,0.485314,0.393462,0.034804,trigger,12–16,0.024452,0.9997955177490594,4.921283569335937,0.6256866455078125,4.775045166015624,0.014832,0.011239,0.017931
X17_m16.8,as built,1000000,0.485314,0.393462,0.034804,trigger,13–17,0.019022,0.9999474292923983,4.788104248046874,0.6400604248046875,4.6501953124999975,0.011047,0.008186,0.0136
X17_m16.8,as built,1000000,0.485314,0.393462,0.034804,trigger,9–14,0.022283,0.9986985594399318,5.374795532226564,0.536346435546875,5.1900942993164065,0.015206,0.012161,0.017517
X17_m16.8,as built,1000000,0.485314,0.393462,0.034804,MM 15°,none,0.022259,0.9992362639831079,4.999935607910157,0.24924468994140625,4.9346771240234375,0.015973,0.01266,0.018407
X17_m16.8,as built,1000000,0.485314,0.393462,0.034804,MM 15°,> 13,0.011907,1.0,4.652226867675781,0.3995208740234375,4.58515380859375,0.008083,0.006187,0.009581
X17_m16.8,as built,1000000,0.485314,0.393462,0.034804,MM 15°,11–15,0.017262,0.99976827714054,4.870597229003906,0.3536376953125,4.79625823974609,0.012371,0.009798,0.014273
X17_m16.8,as built,1000000,0.485314,0.393462,0.034804,MM 15°,12–16,0.015467,0.9998706924419732,4.7615658569335935,0.373992919921875,4.694014282226562,0.010826,0.008459,0.01264
X17_m16.8,as built,1000000,0.485314,0.393462,0.034804,MM 15°,13–17,0.011907,1.0,4.652226867675781,0.3995208740234375,4.58515380859375,0.008083,0.006187,0.009581
X17_m16.8,as built,1000000,0.485314,0.393462,0.034804,MM 15°,9–14,0.014608,0.9992469879518072,5.175795898437499,0.2642364501953125,5.090197143554687,0.011089,0.009094,0.012442
X17_m16.8,as built,1000000,0.485314,0.393462,0.034804,MM 3°,none,0.021568,0.9992117952522255,4.882545471191406,0.1083526611328125,4.815864562988281,0.017653,0.013806,0.020058
X17_m16.8,as built,1000000,0.485314,0.393462,0.034804,MM 3°,> 13,0.011282,0.9999113632334693,4.538291931152342,0.2219085693359375,4.4975341796874995,0.008998,0.006763,0.010475
X17_m16.8,as built,1000000,0.485314,0.393462,0.034804,MM 3°,11–15,0.016684,0.9997003116758572,4.747621154785156,0.219268798828125,4.67708068847656,0.013685,0.010677,0.015557
X17_m16.8,as built,1000000,0.485314,0.393462,0.034804,MM 3°,12–16,0.01483,0.9997977073499663,4.65334716796875,0.2274017333984375,4.586359558105469,0.012014,0.009239,0.013807
X17_m16.8,as built,1000000,0.485314,0.393462,0.034804,MM 3°,13–17,0.011282,0.9999113632334693,4.538291931152342,0.2219085693359375,4.4975341796874995,0.008998,0.006763,0.010475
X17_m16.8,as built,1000000,0.485314,0.393462,0.034804,MM 3°,9–14,0.014433,0.9992378576872445,5.007174682617187,0.16715240478515625,4.9510253906249995,0.012194,0.009902,0.013517
X17_m16.8,as built,1000000,0.485314,0.393462,0.034804,MM 15° + TOF,none,0.022259,0.9992362639831079,4.999935607910157,0.24924468994140625,4.9346771240234375,0.015973,0.01266,0.018407
X17_m16.8,as built,1000000,0.485314,0.393462,0.034804,MM 15° + TOF,> 13,0.011907,1.0,4.652226867675781,0.3995208740234375,4.58515380859375,0.008083,0.006187,0.009581
X17_m16.8,as built,1000000,0.485314,0.393462,0.034804,MM 15° + TOF,11–15,0.017262,0.99976827714054,4.870597229003906,0.3536376953125,4.79625823974609,0.012371,0.009798,0.014273
X17_m16.8,as built,1000000,0.485314,0.393462,0.034804,MM 15° + TOF,12–16,0.015467,0.9998706924419732,4.7615658569335935,0.373992919921875,4.694014282226562,0.010826,0.008459,0.01264
X17_m16.8,as built,1000000,0.485314,0.393462,0.034804,MM 15° + TOF,13–17,0.011907,1.0,4.652226867675781,0.3995208740234375,4.58515380859375,0.008083,0.006187,0.009581
X17_m16.8,as built,1000000,0.485314,0.393462,0.034804,MM 15° + TOF,9–14,0.014608,0.9992469879518072,5.175795898437499,0.2642364501953125,5.090197143554687,0.011089,0.009094,0.012442
X17_m16.8,as built,1000000,0.485314,0.393462,0.034804,MM 3° + TOF,none,0.021568,0.9992117952522255,4.882545471191406,0.1083526611328125,4.815864562988281,0.017653,0.013806,0.020058
X17_m16.8,as built,1000000,0.485314,0.393462,0.034804,MM 3° + TOF,> 13,0.011282,0.9999113632334693,4.538291931152342,0.2219085693359375,4.4975341796874995,0.008998,0.006763,0.010475
X17_m16.8,as built,1000000,0.485314,0.393462,0.034804,MM 3° + TOF,11–15,0.016684,0.9997003116758572,4.747621154785156,0.219268798828125,4.67708068847656,0.013685,0.010677,0.015557
X17_m16.8,as built,1000000,0.485314,0.393462,0.034804,MM 3° + TOF,12–16,0.01483,0.9997977073499663,4.65334716796875,0.2274017333984375,4.586359558105469,0.012014,0.009239,0.013807
X17_m16.8,as built,1000000,0.485314,0.393462,0.034804,MM 3° + TOF,13–17,0.011282,0.9999113632334693,4.538291931152342,0.2219085693359375,4.4975341796874995,0.008998,0.006763,0.010475
X17_m16.8,as built,1000000,0.485314,0.393462,0.034804,MM 3° + TOF,9–14,0.014433,0.9992378576872445,5.007174682617187,0.16715240478515625,4.9510253906249995,0.012194,0.009902,0.013517
X17_m17.0,as built,1000000,0.495623,0.404218,0.040107,trigger,none,0.040107,0.9986785349190914,4.9920217895507815,0.46240997314453125,4.815616455078124,0.024246,0.018253,0.029375
X17_m17.0,as built,1000000,0.495623,0.404218,0.040107,trigger,> 13,0.022053,0.9997279281730377,4.62643798828125,0.5638275146484375,4.493502807617187,0.012163,0.008689,0.015321
X17_m17.0,as built,1000000,0.495623,0.404218,0.040107,trigger,11–15,0.031659,0.99917874853912,4.870606384277343,0.5372161865234375,4.71189971923828,0.019057,0.014285,0.023148
X17_m17.0,as built,1000000,0.495623,0.404218,0.040107,trigger,12–16,0.028648,0.9993367774364703,4.75342529296875,0.5644683837890625,4.5992333984375,0.016679,0.012262,0.020527
X17_m17.0,as built,1000000,0.495623,0.404218,0.040107,trigger,13–17,0.022053,0.9997279281730377,4.62643798828125,0.5638275146484375,4.493502807617187,0.012163,0.008689,0.015321
X17_m17.0,as built,1000000,0.495623,0.404218,0.040107,trigger,9–14,0.026116,0.9985832439883596,5.1667327880859375,0.4588470458984375,4.985469055175781,0.017391,0.013624,0.020299
X17_m17.0,as built,1000000,0.495623,0.404218,0.040107,MM 15°,none,0.025244,0.998930438916178,4.8121072387695305,0.1649322509765625,4.740223693847656,0.017518,0.013583,0.020525
X17_m17.0,as built,1000000,0.495623,0.404218,0.040107,MM 15°,> 13,0.013706,0.9998540785057639,4.479342956542968,0.29845428466796875,4.416680908203125,0.00888,0.006571,0.010755
X17_m17.0,as built,1000000,0.495623,0.404218,0.040107,MM 15°,11–15,0.019969,0.9994992237968852,4.738031921386719,0.251495361328125,4.658560180664063,0.013858,0.010688,0.01626
X17_m17.0,as built,1000000,0.495623,0.404218,0.040107,MM 15°,12–16,0.017939,0.999554044261107,4.581983947753906,0.3090972900390625,4.538455200195311,0.012127,0.009197,0.014399
X17_m17.0,as built,1000000,0.495623,0.404218,0.040107,MM 15°,13–17,0.013706,0.9998540785057639,4.479342956542968,0.29845428466796875,4.416680908203125,0.00888,0.006571,0.010755
X17_m17.0,as built,1000000,0.495623,0.404218,0.040107,MM 15°,9–14,0.016796,0.9989283162657776,4.966315917968751,0.15821075439453125,4.910037231445313,0.012572,0.01009,0.014255
X17_m17.0,as built,1000000,0.495623,0.404218,0.040107,MM 3°,none,0.02424,0.9991336633663367,4.710699768066406,-0.0159149169921875,4.6754580688476555,0.019489,0.014891,0.022475
X17_m17.0,as built,1000000,0.495623,0.404218,0.040107,MM 3°,> 13,0.012849,0.9998443458634914,4.376110534667968,0.0933074951171875,4.349388732910157,0.009975,0.007258,0.011848
X17_m17.0,as built,1000000,0.495623,0.404218,0.040107,MM 3°,11–15,0.019161,0.9996346745994468,4.633917236328124,0.06622314453125,4.5819400024414065,0.015443,0.011757,0.017817
X17_m17.0,as built,1000000,0.495623,0.404218,0.040107,MM 3°,12–16,0.017062,0.999648341343336,4.522975158691404,0.128204345703125,4.459989929199218,0.013564,0.010137,0.015811
X17_m17.0,as built,1000000,0.495623,0.404218,0.040107,MM 3°,13–17,0.012849,0.9998443458634914,4.376110534667968,0.0933074951171875,4.349388732910157,0.009975,0.007258,0.011848
X17_m17.0,as built,1000000,0.495623,0.404218,0.040107,MM 3°,9–14,0.016599,0.9992770648834267,4.827596740722656,0.0322113037109375,4.7856576538085935,0.013911,0.011042,0.01557
X17_m17.0,as built,1000000,0.495623,0.404218,0.040107,MM 15° + TOF,none,0.025244,0.998930438916178,4.8121072387695305,0.1649322509765625,4.740223693847656,0.017518,0.013583,0.020525
X17_m17.0,as built,1000000,0.495623,0.404218,0.040107,MM 15° + TOF,> 13,0.013706,0.9998540785057639,4.479342956542968,0.29845428466796875,4.416680908203125,0.00888,0.006571,0.010755
X17_m17.0,as built,1000000,0.495623,0.404218,0.040107,MM 15° + TOF,11–15,0.019969,0.9994992237968852,4.738031921386719,0.251495361328125,4.658560180664063,0.013858,0.010688,0.01626
X17_m17.0,as built,1000000,0.495623,0.404218,0.040107,MM 15° + TOF,12–16,0.017939,0.999554044261107,4.581983947753906,0.3090972900390625,4.538455200195311,0.012127,0.009197,0.014399
X17_m17.0,as built,1000000,0.495623,0.404218,0.040107,MM 15° + TOF,13–17,0.013706,0.9998540785057639,4.479342956542968,0.29845428466796875,4.416680908203125,0.00888,0.006571,0.010755
X17_m17.0,as built,1000000,0.495623,0.404218,0.040107,MM 15° + TOF,9–14,0.016796,0.9989283162657776,4.966315917968751,0.15821075439453125,4.910037231445313,0.012572,0.01009,0.014255
X17_m17.0,as built,1000000,0.495623,0.404218,0.040107,MM 3° + TOF,none,0.02424,0.9991336633663367,4.710699768066406,-0.0159149169921875,4.6754580688476555,0.019489,0.014891,0.022475
X17_m17.0,as built,1000000,0.495623,0.404218,0.040107,MM 3° + TOF,> 13,0.012849,0.9998443458634914,4.376110534667968,0.0933074951171875,4.349388732910157,0.009975,0.007258,0.011848
X17_m17.0,as built,1000000,0.495623,0.404218,0.040107,MM 3° + TOF,11–15,0.019161,0.9996346745994468,4.633917236328124,0.06622314453125,4.5819400024414065,0.015443,0.011757,0.017817
X17_m17.0,as built,1000000,0.495623,0.404218,0.040107,MM 3° + TOF,12–16,0.017062,0.999648341343336,4.522975158691404,0.128204345703125,4.459989929199218,0.013564,0.010137,0.015811
X17_m17.0,as built,1000000,0.495623,0.404218,0.040107,MM 3° + TOF,13–17,0.012849,0.9998443458634914,4.376110534667968,0.0933074951171875,4.349388732910157,0.009975,0.007258,0.011848
X17_m17.0,as built,1000000,0.495623,0.404218,0.040107,MM 3° + TOF,9–14,0.016599,0.9992770648834267,4.827596740722656,0.0322113037109375,4.7856576538085935,0.013911,0.011042,0.01557
M1_18.15,as built,1000000,0.131616,0.101377,0.00308,trigger,none,0.00308,0.9931818181818182,6.99167526245117,1.3737411499023438,6.702733230590816,0.000176,0.000121,0.000244
M1_18.15,as built,1000000,0.131616,0.101377,0.00308,trigger,> 13,0.001525,1.0,5.785715942382811,0.6173782348632812,5.554093627929687,8.7e-05,5.5e-05,0.000116
M1_18.15,as built,1000000,0.131616,0.101377,0.00308,trigger,11–15,0.002253,0.9964491788726143,6.218487930297852,0.9204559326171875,5.909696197509765,0.000127,8.3e-05,0.000168
M1_18.15,as built,1000000,0.131616,0.101377,0.00308,trigger,12–16,0.002,0.9985,5.906712646484374,0.8239059448242188,5.674035415649412,0.000114,7.3e-05,0.000152
M1_18.15,as built,1000000,0.131616,0.101377,0.00308,trigger,13–17,0.001525,1.0,5.785715942382811,0.6173782348632812,5.554093627929687,8.7e-05,5.5e-05,0.000116
M1_18.15,as built,1000000,0.131616,0.101377,0.00308,trigger,9–14,0.001921,0.9932326913066112,7.583825531005853,1.4683609008789062,7.058755645751953,0.000107,7.5e-05,0.000148
M1_18.15,as built,1000000,0.131616,0.101377,0.00308,MM 15°,none,0.002385,0.9983228511530399,6.582619094848628,1.311614990234375,6.517525863647454,0.000119,8.1e-05,0.000163
M1_18.15,as built,1000000,0.131616,0.101377,0.00308,MM 15°,> 13,0.001203,1.0,5.580711364746094,0.578765869140625,5.524847946166992,5.4e-05,3.4e-05,7.1e-05
M1_18.15,as built,1000000,0.131616,0.101377,0.00308,MM 15°,11–15,0.001759,1.0,5.826090850830079,0.8895416259765625,5.6717753601074214,8.4e-05,5.5e-05,0.00011
M1_18.15,as built,1000000,0.131616,0.101377,0.00308,MM 15°,12–16,0.001584,1.0,5.582819061279298,0.8229484558105469,5.513761672973633,7.7e-05,5e-05,0.000101
M1_18.15,as built,1000000,0.131616,0.101377,0.00308,MM 15°,13–17,0.001203,1.0,5.580711364746094,0.578765869140625,5.524847946166992,5.4e-05,3.4e-05,7.1e-05
M1_18.15,as built,1000000,0.131616,0.101377,0.00308,MM 15°,9–14,0.001485,0.9986531986531987,7.010395507812499,1.4494857788085938,6.880887985229491,7.8e-05,5.4e-05,0.000106
M1_18.15,as built,1000000,0.131616,0.101377,0.00308,MM 3°,none,0.002348,0.9991482112436116,6.625287628173828,1.3093509674072266,6.545558547973632,0.000129,8.9e-05,0.000173
M1_18.15,as built,1000000,0.131616,0.101377,0.00308,MM 3°,> 13,0.001179,1.0,5.603520812988281,0.578765869140625,5.546244125366211,6.2e-05,4.1e-05,8e-05
M1_18.15,as built,1000000,0.131616,0.101377,0.00308,MM 3°,11–15,0.001732,1.0,5.890531311035156,0.8825397491455078,5.7955474853515625,9.2e-05,6.1e-05,0.000119
M1_18.15,as built,1000000,0.131616,0.101377,0.00308,MM 3°,12–16,0.001554,1.0,5.666192474365234,0.8150596618652344,5.602093505859374,8.5e-05,5.6e-05,0.00011
M1_18.15,as built,1000000,0.131616,0.101377,0.00308,MM 3°,13–17,0.001179,1.0,5.603520812988281,0.578765869140625,5.546244125366211,6.2e-05,4.1e-05,8e-05
M1_18.15,as built,1000000,0.131616,0.101377,0.00308,MM 3°,9–14,0.00146,0.9993150684931507,6.921313781738282,1.415985107421875,6.833760452270509,7.9e-05,5.4e-05,0.000104
M1_18.15,as built,1000000,0.131616,0.101377,0.00308,MM 15° + TOF,none,0.002304,0.9982638888888888,6.562269668579101,1.3187007904052734,6.4836859130859334,0.000119,8.1e-05,0.000162
M1_18.15,as built,1000000,0.131616,0.101377,0.00308,MM 15° + TOF,> 13,0.001163,1.0,5.593092651367186,0.591583251953125,5.541287155151366,5.4e-05,3.4e-05,7.1e-05
M1_18.15,as built,1000000,0.131616,0.101377,0.00308,MM 15° + TOF,11–15,0.001697,1.0,5.778566589355462,0.8875274658203125,5.6436033630371085,8.4e-05,5.5e-05,0.00011
M1_18.15,as built,1000000,0.131616,0.101377,0.00308,MM 15° + TOF,12–16,0.00153,1.0,5.607172241210938,0.8430042266845703,5.535677719116211,7.7e-05,5e-05,0.000101
M1_18.15,as built,1000000,0.131616,0.101377,0.00308,MM 15° + TOF,13–17,0.001163,1.0,5.593092651367186,0.591583251953125,5.541287155151366,5.4e-05,3.4e-05,7.1e-05
M1_18.15,as built,1000000,0.131616,0.101377,0.00308,MM 15° + TOF,9–14,0.001438,0.9986091794158554,6.976178741455072,1.4245071411132812,6.8596252441406245,7.8e-05,5.4e-05,0.000105
M1_18.15,as built,1000000,0.131616,0.101377,0.00308,MM 3° + TOF,none,0.002265,0.9991169977924945,6.57016632080078,1.2930107116699219,6.543505096435547,0.000129,8.9e-05,0.000172
M1_18.15,as built,1000000,0.131616,0.101377,0.00308,MM 3° + TOF,> 13,0.001138,1.0,5.644332733154295,0.6063194274902344,5.576655197143554,6.2e-05,4.1e-05,8e-05
M1_18.15,as built,1000000,0.131616,0.101377,0.00308,MM 3° + TOF,11–15,0.001667,1.0,5.8473143005371115,0.8583946228027344,5.74837875366211,9.2e-05,6.1e-05,0.000119
M1_18.15,as built,1000000,0.131616,0.101377,0.00308,MM 3° + TOF,12–16,0.001497,1.0,5.666128005981445,0.821990966796875,5.613264617919919,8.5e-05,5.6e-05,0.00011
M1_18.15,as built,1000000,0.131616,0.101377,0.00308,MM 3° + TOF,13–17,0.001138,1.0,5.644332733154295,0.6063194274902344,5.576655197143554,6.2e-05,4.1e-05,8e-05
M1_18.15,as built,1000000,0.131616,0.101377,0.00308,MM 3° + TOF,9–14,0.001412,0.9992917847025495,6.843775177001946,1.3842887878417969,6.801169967651365,7.9e-05,5.4e-05,0.000103
E1_18.15,as built,1000000,0.160725,0.124069,0.005431,trigger,none,0.005431,0.9966856932424968,5.939188995361328,0.7737884521484375,5.723825302124023,0.000694,0.000454,0.000958
E1_18.15,as built,1000000,0.160725,0.124069,0.005431,trigger,> 13,0.00286,0.9993006993006993,5.270953674316408,0.6850967407226562,5.182114562988282,0.000337,0.000224,0.000484
E1_18.15,as built,1000000,0.160725,0.124069,0.005431,trigger,11–15,0.004094,0.9982901807523205,5.64573989868164,0.6929779052734375,5.485137100219726,0.000512,0.000343,0.000714
E1_18.15,as built,1000000,0.160725,0.124069,0.005431,trigger,12–16,0.003684,0.998642779587405,5.433668060302734,0.6929779052734375,5.260115814208984,0.000438,0.000292,0.000624
E1_18.15,as built,1000000,0.160725,0.124069,0.005431,trigger,13–17,0.00286,0.9993006993006993,5.270953674316408,0.6850967407226562,5.182114562988282,0.000337,0.000224,0.000484
E1_18.15,as built,1000000,0.160725,0.124069,0.005431,trigger,9–14,0.003415,0.9964860907759883,6.301369171142578,0.6708450317382812,6.002648849487303,0.000456,0.0003,0.000617
E1_18.15,as built,1000000,0.160725,0.124069,0.005431,MM 15°,none,0.004076,0.9992639842983317,5.7588018035888675,0.6542739868164062,5.725058059692383,0.000505,0.000337,0.000679
E1_18.15,as built,1000000,0.160725,0.124069,0.005431,MM 15°,> 13,0.00219,1.0,5.179379348754883,0.5569839477539062,5.132960662841797,0.000251,0.000168,0.000343
E1_18.15,as built,1000000,0.160725,0.124069,0.005431,MM 15°,11–15,0.00312,1.0,5.537150955200195,0.6187458038330078,5.502005462646484,0.000385,0.000262,0.000521
E1_18.15,as built,1000000,0.160725,0.124069,0.005431,MM 15°,12–16,0.002814,1.0,5.358504333496094,0.6159782409667969,5.285459747314453,0.000327,0.000221,0.00045
E1_18.15,as built,1000000,0.160725,0.124069,0.005431,MM 15°,13–17,0.00219,1.0,5.179379348754883,0.5569839477539062,5.132960662841797,0.000251,0.000168,0.000343
E1_18.15,as built,1000000,0.160725,0.124069,0.005431,MM 15°,9–14,0.00255,0.9996078431372549,6.221540222167965,0.6171875,6.117694091796874,0.000336,0.000225,0.000444
E1_18.15,as built,1000000,0.160725,0.124069,0.005431,MM 3°,none,0.003976,0.9997484909456741,5.756927032470703,0.632476806640625,5.722520523071289,0.000543,0.000367,0.000716
E1_18.15,as built,1000000,0.160725,0.124069,0.005431,MM 3°,> 13,0.002135,1.0,5.135718994140625,0.4981842041015625,5.1130651855468745,0.000273,0.000185,0.00037
E1_18.15,as built,1000000,0.160725,0.124069,0.005431,MM 3°,11–15,0.003036,1.0,5.550293350219727,0.6027145385742188,5.511071014404297,0.000413,0.000285,0.000546
E1_18.15,as built,1000000,0.160725,0.124069,0.005431,MM 3°,12–16,0.002746,1.0,5.380567169189453,0.5743904113769531,5.287699890136718,0.000351,0.000242,0.000473
E1_18.15,as built,1000000,0.160725,0.124069,0.005431,MM 3°,13–17,0.002135,1.0,5.135718994140625,0.4981842041015625,5.1130651855468745,0.000273,0.000185,0.00037
E1_18.15,as built,1000000,0.160725,0.124069,0.005431,MM 3°,9–14,0.002488,1.0,6.236685333251952,0.5506248474121094,6.11959747314453,0.000357,0.000242,0.000464
E1_18.15,as built,1000000,0.160725,0.124069,0.005431,MM 15° + TOF,none,0.004076,0.9992639842983317,5.7588018035888675,0.6542739868164062,5.725058059692383,0.000505,0.000337,0.000679
E1_18.15,as built,1000000,0.160725,0.124069,0.005431,MM 15° + TOF,> 13,0.00219,1.0,5.179379348754883,0.5569839477539062,5.132960662841797,0.000251,0.000168,0.000343
E1_18.15,as built,1000000,0.160725,0.124069,0.005431,MM 15° + TOF,11–15,0.00312,1.0,5.537150955200195,0.6187458038330078,5.502005462646484,0.000385,0.000262,0.000521
E1_18.15,as built,1000000,0.160725,0.124069,0.005431,MM 15° + TOF,12–16,0.002814,1.0,5.358504333496094,0.6159782409667969,5.285459747314453,0.000327,0.000221,0.00045
E1_18.15,as built,1000000,0.160725,0.124069,0.005431,MM 15° + TOF,13–17,0.00219,1.0,5.179379348754883,0.5569839477539062,5.132960662841797,0.000251,0.000168,0.000343
E1_18.15,as built,1000000,0.160725,0.124069,0.005431,MM 15° + TOF,9–14,0.00255,0.9996078431372549,6.221540222167965,0.6171875,6.117694091796874,0.000336,0.000225,0.000444
E1_18.15,as built,1000000,0.160725,0.124069,0.005431,MM 3° + TOF,none,0.003976,0.9997484909456741,5.756927032470703,0.632476806640625,5.722520523071289,0.000543,0.000367,0.000716
E1_18.15,as built,1000000,0.160725,0.124069,0.005431,MM 3° + TOF,> 13,0.002135,1.0,5.135718994140625,0.4981842041015625,5.1130651855468745,0.000273,0.000185,0.00037
E1_18.15,as built,1000000,0.160725,0.124069,0.005431,MM 3° + TOF,11–15,0.003036,1.0,5.550293350219727,0.6027145385742188,5.511071014404297,0.000413,0.000285,0.000546
E1_18.15,as built,1000000,0.160725,0.124069,0.005431,MM 3° + TOF,12–16,0.002746,1.0,5.380567169189453,0.5743904113769531,5.287699890136718,0.000351,0.000242,0.000473
E1_18.15,as built,1000000,0.160725,0.124069,0.005431,MM 3° + TOF,13–17,0.002135,1.0,5.135718994140625,0.4981842041015625,5.1130651855468745,0.000273,0.000185,0.00037
E1_18.15,as built,1000000,0.160725,0.124069,0.005431,MM 3° + TOF,9–14,0.002488,1.0,6.236685333251952,0.5506248474121094,6.11959747314453,0.000357,0.000242,0.000464
M1_17.64,as built,1000000,0.132103,0.101735,0.002963,trigger,none,0.002963,0.9942625717178535,7.19927520751953,1.5105361938476562,6.9741142272949155,0.000153,0.0001,0.000212
M1_17.64,as built,1000000,0.132103,0.101735,0.002963,trigger,> 13,0.00138,0.9978260869565218,6.174117279052734,1.2037200927734375,5.916683883666991,7.1e-05,4.9e-05,0.000101
M1_17.64,as built,1000000,0.132103,0.101735,0.002963,trigger,11–15,0.002242,0.9968777876895629,6.569902954101561,1.1976089477539062,6.268655090332031,0.000112,7.4e-05,0.000161
M1_17.64,as built,1000000,0.132103,0.101735,0.002963,trigger,12–16,0.001891,0.9968270756213644,6.278071823120117,1.1660652160644531,6.061252212524414,9.1e-05,5.9e-05,0.000134
M1_17.64,as built,1000000,0.132103,0.101735,0.002963,trigger,13–17,0.00138,0.9978260869565218,6.174117279052734,1.2037200927734375,5.916683883666991,7.1e-05,4.9e-05,0.000101
M1_17.64,as built,1000000,0.132103,0.101735,0.002963,trigger,9–14,0.002162,0.9949121184088807,7.246137619018555,1.5316848754882812,7.01336669921875,0.000111,7.7e-05,0.000155
M1_17.64,as built,1000000,0.132103,0.101735,0.002963,MM 15°,none,0.002302,0.9995655951346655,6.8928375244140625,1.3989028930664062,6.772880554199219,0.000113,7.5e-05,0.000153
M1_17.64,as built,1000000,0.132103,0.101735,0.002963,MM 15°,> 13,0.0011,1.0,6.054031219482422,1.1393241882324219,5.910316848754883,4.9e-05,3.4e-05,7e-05
M1_17.64,as built,1000000,0.132103,0.101735,0.002963,MM 15°,11–15,0.001764,1.0,6.24515884399414,1.093170166015625,6.151675567626951,8.3e-05,5.7e-05,0.000116
M1_17.64,as built,1000000,0.132103,0.101735,0.002963,MM 15°,12–16,0.00149,1.0,6.093461685180664,1.0842113494873047,5.976080322265625,6.5e-05,4.3e-05,9.5e-05
M1_17.64,as built,1000000,0.132103,0.101735,0.002963,MM 15°,13–17,0.0011,1.0,6.054031219482422,1.1393241882324219,5.910316848754883,4.9e-05,3.4e-05,7e-05
M1_17.64,as built,1000000,0.132103,0.101735,0.002963,MM 15°,9–14,0.00167,1.0,6.856631240844727,1.4342155456542969,6.799009246826172,8.3e-05,5.8e-05,0.000113
M1_17.64,as built,1000000,0.132103,0.101735,0.002963,MM 3°,none,0.002249,0.9995553579368608,6.765799789428711,1.3529701232910156,6.730163116455078,0.000117,7.7e-05,0.000155
M1_17.64,as built,1000000,0.132103,0.101735,0.002963,MM 3°,> 13,0.00107,1.0,6.0291021728515615,1.0888805389404297,5.941114959716796,5.7e-05,3.9e-05,7.5e-05
M1_17.64,as built,1000000,0.132103,0.101735,0.002963,MM 3°,11–15,0.001726,1.0,6.214775085449219,1.012857437133789,6.126373291015625,8.8e-05,5.9e-05,0.000119
M1_17.64,as built,1000000,0.132103,0.101735,0.002963,MM 3°,12–16,0.001465,1.0,6.075270080566407,1.0138092041015625,5.957488784790039,7.1e-05,4.7e-05,9.9e-05
M1_17.64,as built,1000000,0.132103,0.101735,0.002963,MM 3°,13–17,0.00107,1.0,6.0291021728515615,1.0888805389404297,5.941114959716796,5.7e-05,3.9e-05,7.5e-05
M1_17.64,as built,1000000,0.132103,0.101735,0.002963,MM 3°,9–14,0.001643,1.0,6.787481460571289,1.3932113647460938,6.7401020812988275,8.3e-05,5.7e-05,0.000111
M1_17.64,as built,1000000,0.132103,0.101735,0.002963,MM 15° + TOF,none,0.002302,0.9995655951346655,6.8928375244140625,1.3989028930664062,6.772880554199219,0.000113,7.5e-05,0.000153
M1_17.64,as built,1000000,0.132103,0.101735,0.002963,MM 15° + TOF,> 13,0.0011,1.0,6.054031219482422,1.1393241882324219,5.910316848754883,4.9e-05,3.4e-05,7e-05
M1_17.64,as built,1000000,0.132103,0.101735,0.002963,MM 15° + TOF,11–15,0.001764,1.0,6.24515884399414,1.093170166015625,6.151675567626951,8.3e-05,5.7e-05,0.000116
M1_17.64,as built,1000000,0.132103,0.101735,0.002963,MM 15° + TOF,12–16,0.00149,1.0,6.093461685180664,1.0842113494873047,5.976080322265625,6.5e-05,4.3e-05,9.5e-05
M1_17.64,as built,1000000,0.132103,0.101735,0.002963,MM 15° + TOF,13–17,0.0011,1.0,6.054031219482422,1.1393241882324219,5.910316848754883,4.9e-05,3.4e-05,7e-05
M1_17.64,as built,1000000,0.132103,0.101735,0.002963,MM 15° + TOF,9–14,0.00167,1.0,6.856631240844727,1.4342155456542969,6.799009246826172,8.3e-05,5.8e-05,0.000113
M1_17.64,as built,1000000,0.132103,0.101735,0.002963,MM 3° + TOF,none,0.002249,0.9995553579368608,6.765799789428711,1.3529701232910156,6.730163116455078,0.000117,7.7e-05,0.000155
M1_17.64,as built,1000000,0.132103,0.101735,0.002963,MM 3° + TOF,> 13,0.00107,1.0,6.0291021728515615,1.0888805389404297,5.941114959716796,5.7e-05,3.9e-05,7.5e-05
M1_17.64,as built,1000000,0.132103,0.101735,0.002963,MM 3° + TOF,11–15,0.001726,1.0,6.214775085449219,1.012857437133789,6.126373291015625,8.8e-05,5.9e-05,0.000119
M1_17.64,as built,1000000,0.132103,0.101735,0.002963,MM 3° + TOF,12–16,0.001465,1.0,6.075270080566407,1.0138092041015625,5.957488784790039,7.1e-05,4.7e-05,9.9e-05
M1_17.64,as built,1000000,0.132103,0.101735,0.002963,MM 3° + TOF,13–17,0.00107,1.0,6.0291021728515615,1.0888805389404297,5.941114959716796,5.7e-05,3.9e-05,7.5e-05
M1_17.64,as built,1000000,0.132103,0.101735,0.002963,MM 3° + TOF,9–14,0.001643,1.0,6.787481460571289,1.3932113647460938,6.7401020812988275,8.3e-05,5.7e-05,0.000111
M1_15.1,as built,1000000,0.135256,0.104524,0.002541,trigger,none,0.002541,0.9925226288862653,7.604615020751952,2.053730010986328,7.311344757080076,0.00012,8.7e-05,0.000174
M1_15.1,as built,1000000,0.135256,0.104524,0.002541,trigger,> 13,0.0,,,,,0.0,0.0,0.0
M1_15.1,as built,1000000,0.135256,0.104524,0.002541,trigger,11–15,0.001125,0.9973333333333333,6.172725677490234,1.2915534973144531,6.057330017089843,5e-05,3.2e-05,7.8e-05
M1_15.1,as built,1000000,0.135256,0.104524,0.002541,trigger,12–16,0.00022,1.0,5.477271423339843,1.4093246459960938,5.284108505249023,6e-06,2e-06,1.2e-05
M1_15.1,as built,1000000,0.135256,0.104524,0.002541,trigger,13–17,0.0,,,,,0.0,0.0,0.0
M1_15.1,as built,1000000,0.135256,0.104524,0.002541,trigger,9–14,0.002078,0.9942252165543792,6.896266937255857,1.6937904357910156,6.601931381225586,9.3e-05,6.3e-05,0.000138
M1_15.1,as built,1000000,0.135256,0.104524,0.002541,MM 15°,none,0.001973,0.9974657881398885,7.1638996887207025,1.906808853149414,7.067614135742187,8.8e-05,6.5e-05,0.000129
M1_15.1,as built,1000000,0.135256,0.104524,0.002541,MM 15°,> 13,0.0,,,,,0.0,0.0,0.0
M1_15.1,as built,1000000,0.135256,0.104524,0.002541,MM 15°,11–15,0.000894,1.0,5.919401931762696,1.152313232421875,5.921066055297851,3.6e-05,2.3e-05,5.9e-05
M1_15.1,as built,1000000,0.135256,0.104524,0.002541,MM 15°,12–16,0.000187,1.0,5.125988922119139,1.322235107421875,5.151321105957031,6e-06,2e-06,1.2e-05
M1_15.1,as built,1000000,0.135256,0.104524,0.002541,MM 15°,13–17,0.0,,,,,0.0,0.0,0.0
M1_15.1,as built,1000000,0.135256,0.104524,0.002541,MM 15°,9–14,0.001637,0.9987782529016493,6.527704162597656,1.6239089965820312,6.404095611572266,6.7e-05,4.6e-05,0.000101
M1_15.1,as built,1000000,0.135256,0.104524,0.002541,MM 3°,none,0.001895,0.9989445910290238,7.063072357177734,1.7495574951171875,6.9835588836669915,8.9e-05,6.4e-05,0.00012
M1_15.1,as built,1000000,0.135256,0.104524,0.002541,MM 3°,> 13,0.0,,,,,0.0,0.0,0.0
M1_15.1,as built,1000000,0.135256,0.104524,0.002541,MM 3°,11–15,0.000873,1.0,5.904122314453125,1.005279541015625,5.892800369262696,4.1e-05,2.7e-05,5.8e-05
M1_15.1,as built,1000000,0.135256,0.104524,0.002541,MM 3°,12–16,0.000178,1.0,5.3845664978027346,0.8985481262207031,5.312192993164063,6e-06,2e-06,1.1e-05
M1_15.1,as built,1000000,0.135256,0.104524,0.002541,MM 3°,13–17,0.0,,,,,0.0,0.0,0.0
M1_15.1,as built,1000000,0.135256,0.104524,0.002541,MM 3°,9–14,0.001584,0.9993686868686869,6.4764741897583,1.4635467529296875,6.379270706176755,7.3e-05,5e-05,9.9e-05
M1_15.1,as built,1000000,0.135256,0.104524,0.002541,MM 15° + TOF,none,0.001973,0.9974657881398885,7.1638996887207025,1.906808853149414,7.067614135742187,8.8e-05,6.5e-05,0.000129
M1_15.1,as built,1000000,0.135256,0.104524,0.002541,MM 15° + TOF,> 13,0.0,,,,,0.0,0.0,0.0
M1_15.1,as built,1000000,0.135256,0.104524,0.002541,MM 15° + TOF,11–15,0.000894,1.0,5.919401931762696,1.152313232421875,5.921066055297851,3.6e-05,2.3e-05,5.9e-05
M1_15.1,as built,1000000,0.135256,0.104524,0.002541,MM 15° + TOF,12–16,0.000187,1.0,5.125988922119139,1.322235107421875,5.151321105957031,6e-06,2e-06,1.2e-05
M1_15.1,as built,1000000,0.135256,0.104524,0.002541,MM 15° + TOF,13–17,0.0,,,,,0.0,0.0,0.0
M1_15.1,as built,1000000,0.135256,0.104524,0.002541,MM 15° + TOF,9–14,0.001637,0.9987782529016493,6.527704162597656,1.6239089965820312,6.404095611572266,6.7e-05,4.6e-05,0.000101
M1_15.1,as built,1000000,0.135256,0.104524,0.002541,MM 3° + TOF,none,0.001895,0.9989445910290238,7.063072357177734,1.7495574951171875,6.9835588836669915,8.9e-05,6.4e-05,0.00012
M1_15.1,as built,1000000,0.135256,0.104524,0.002541,MM 3° + TOF,> 13,0.0,,,,,0.0,0.0,0.0
M1_15.1,as built,1000000,0.135256,0.104524,0.002541,MM 3° + TOF,11–15,0.000873,1.0,5.904122314453125,1.005279541015625,5.892800369262696,4.1e-05,2.7e-05,5.8e-05
M1_15.1,as built,1000000,0.135256,0.104524,0.002541,MM 3° + TOF,12–16,0.000178,1.0,5.3845664978027346,0.8985481262207031,5.312192993164063,6e-06,2e-06,1.1e-05
M1_15.1,as built,1000000,0.135256,0.104524,0.002541,MM 3° + TOF,13–17,0.0,,,,,0.0,0.0,0.0
M1_15.1,as built,1000000,0.135256,0.104524,0.002541,MM 3° + TOF,9–14,0.001584,0.9993686868686869,6.4764741897583,1.4635467529296875,6.379270706176755,7.3e-05,5e-05,9.9e-05
E1_15.1,as built,1000000,0.166026,0.128392,0.004707,trigger,none,0.004707,0.9957510091353303,6.642411499023437,0.8085861206054688,6.367976837158202,0.000556,0.000364,0.000818
E1_15.1,as built,1000000,0.166026,0.128392,0.004707,trigger,> 13,4e-06,1.0,,,,1e-06,0.0,1e-06
E1_15.1,as built,1000000,0.166026,0.128392,0.004707,trigger,11–15,0.002179,0.9995410738871042,5.748904724121093,0.4709129333496094,5.609712524414062,0.000254,0.000164,0.00038
E1_15.1,as built,1000000,0.166026,0.128392,0.004707,trigger,12–16,0.000424,1.0,5.150192947387696,0.0098876953125,5.111192169189453,4.3e-05,2.9e-05,6.8e-05
E1_15.1,as built,1000000,0.166026,0.128392,0.004707,trigger,13–17,4e-06,1.0,,,,1e-06,0.0,1e-06
E1_15.1,as built,1000000,0.166026,0.128392,0.004707,trigger,9–14,0.00398,0.9977386934673367,6.2432373046875,0.8350715637207031,5.965853118896483,0.00047,0.000304,0.000693
E1_15.1,as built,1000000,0.166026,0.128392,0.004707,MM 15°,none,0.003515,0.9988620199146515,6.4174034118652346,0.595794677734375,6.3330219268798835,0.000398,0.000269,0.000564
E1_15.1,as built,1000000,0.166026,0.128392,0.004707,MM 15°,> 13,4e-06,1.0,,,,1e-06,0.0,1e-06
E1_15.1,as built,1000000,0.166026,0.128392,0.004707,MM 15°,11–15,0.001645,1.0,5.670913619995117,0.28696441650390625,5.56111572265625,0.00018,0.000123,0.000256
E1_15.1,as built,1000000,0.166026,0.128392,0.004707,MM 15°,12–16,0.000325,1.0,5.027410354614258,0.147216796875,4.986847686767578,3.1e-05,2.1e-05,4.7e-05
E1_15.1,as built,1000000,0.166026,0.128392,0.004707,MM 15°,13–17,4e-06,1.0,,,,1e-06,0.0,1e-06
E1_15.1,as built,1000000,0.166026,0.128392,0.004707,MM 15°,9–14,0.003015,0.9996683250414594,6.060806121826172,0.5739059448242188,5.914817810058594,0.00034,0.000229,0.00048
E1_15.1,as built,1000000,0.166026,0.128392,0.004707,MM 3°,none,0.00339,0.9991150442477876,6.343390045166014,0.5133209228515625,6.2573373413085935,0.00042,0.00028,0.000582
E1_15.1,as built,1000000,0.166026,0.128392,0.004707,MM 3°,> 13,4e-06,1.0,,,,1e-06,0.0,1e-06
E1_15.1,as built,1000000,0.166026,0.128392,0.004707,MM 3°,11–15,0.001593,1.0,5.431381835937501,0.1786041259765625,5.411374053955077,0.000194,0.000129,0.000268
E1_15.1,as built,1000000,0.166026,0.128392,0.004707,MM 3°,12–16,0.000314,1.0,4.788596878051758,0.018291473388671875,4.730751190185547,3.7e-05,2.5e-05,5.2e-05
E1_15.1,as built,1000000,0.166026,0.128392,0.004707,MM 3°,13–17,4e-06,1.0,,,,1e-06,0.0,1e-06
E1_15.1,as built,1000000,0.166026,0.128392,0.004707,MM 3°,9–14,0.002893,0.9996543380573799,5.947833862304688,0.5124740600585938,5.856888275146485,0.000357,0.000236,0.000493
E1_15.1,as built,1000000,0.166026,0.128392,0.004707,MM 15° + TOF,none,0.003515,0.9988620199146515,6.4174034118652346,0.595794677734375,6.3330219268798835,0.000398,0.000269,0.000564
E1_15.1,as built,1000000,0.166026,0.128392,0.004707,MM 15° + TOF,> 13,4e-06,1.0,,,,1e-06,0.0,1e-06
E1_15.1,as built,1000000,0.166026,0.128392,0.004707,MM 15° + TOF,11–15,0.001645,1.0,5.670913619995117,0.28696441650390625,5.56111572265625,0.00018,0.000123,0.000256
E1_15.1,as built,1000000,0.166026,0.128392,0.004707,MM 15° + TOF,12–16,0.000325,1.0,5.027410354614258,0.147216796875,4.986847686767578,3.1e-05,2.1e-05,4.7e-05
E1_15.1,as built,1000000,0.166026,0.128392,0.004707,MM 15° + TOF,13–17,4e-06,1.0,,,,1e-06,0.0,1e-06
E1_15.1,as built,1000000,0.166026,0.128392,0.004707,MM 15° + TOF,9–14,0.003015,0.9996683250414594,6.060806121826172,0.5739059448242188,5.914817810058594,0.00034,0.000229,0.00048
E1_15.1,as built,1000000,0.166026,0.128392,0.004707,MM 3° + TOF,none,0.00339,0.9991150442477876,6.343390045166014,0.5133209228515625,6.2573373413085935,0.00042,0.00028,0.000582
E1_15.1,as built,1000000,0.166026,0.128392,0.004707,MM 3° + TOF,> 13,4e-06,1.0,,,,1e-06,0.0,1e-06
E1_15.1,as built,1000000,0.166026,0.128392,0.004707,MM 3° + TOF,11–15,0.001593,1.0,5.431381835937501,0.1786041259765625,5.411374053955077,0.000194,0.000129,0.000268
E1_15.1,as built,1000000,0.166026,0.128392,0.004707,MM 3° + TOF,12–16,0.000314,1.0,4.788596878051758,0.018291473388671875,4.730751190185547,3.7e-05,2.5e-05,5.2e-05
E1_15.1,as built,1000000,0.166026,0.128392,0.004707,MM 3° + TOF,13–17,4e-06,1.0,,,,1e-06,0.0,1e-06
E1_15.1,as built,1000000,0.166026,0.128392,0.004707,MM 3° + TOF,9–14,0.002893,0.9996543380573799,5.947833862304688,0.5124740600585938,5.856888275146485,0.000357,0.000236,0.000493
M1_14.6,as built,1000000,0.136864,0.105724,0.002443,trigger,none,0.002443,0.9954973393368809,7.291188201904297,1.9854183197021484,7.068707733154295,0.000125,7.8e-05,0.00017
M1_14.6,as built,1000000,0.136864,0.105724,0.002443,trigger,> 13,0.0,,,,,0.0,0.0,0.0
M1_14.6,as built,1000000,0.136864,0.105724,0.002443,trigger,11–15,0.000732,1.0,5.8682582092285145,1.2798957824707031,5.5950222778320295,3.9e-05,2.1e-05,5.3e-05
M1_14.6,as built,1000000,0.136864,0.105724,0.002443,trigger,12–16,7e-05,1.0,5.379280853271484,0.5612831115722656,5.283401641845703,3e-06,1e-06,3e-06
M1_14.6,as built,1000000,0.136864,0.105724,0.002443,trigger,13–17,0.0,,,,,0.0,0.0,0.0
M1_14.6,as built,1000000,0.136864,0.105724,0.002443,trigger,9–14,0.001959,0.9974476773864216,6.74501350402832,1.753549575805664,6.633726425170899,9.5e-05,5.9e-05,0.000132
M1_14.6,as built,1000000,0.136864,0.105724,0.002443,MM 15°,none,0.00189,0.9994708994708995,6.99552894592285,1.9451675415039062,6.906961479187012,9.2e-05,5.9e-05,0.000125
M1_14.6,as built,1000000,0.136864,0.105724,0.002443,MM 15°,> 13,0.0,,,,,0.0,0.0,0.0
M1_14.6,as built,1000000,0.136864,0.105724,0.002443,MM 15°,11–15,0.000574,1.0,5.514894256591796,1.2877235412597656,5.3960618591308585,2.5e-05,1.6e-05,3.3e-05
M1_14.6,as built,1000000,0.136864,0.105724,0.002443,MM 15°,12–16,5.7e-05,1.0,5.299493980407715,0.7379989624023438,5.265732917785645,2e-06,1e-06,2e-06
M1_14.6,as built,1000000,0.136864,0.105724,0.002443,MM 15°,13–17,0.0,,,,,0.0,0.0,0.0
M1_14.6,as built,1000000,0.136864,0.105724,0.002443,MM 15°,9–14,0.001532,1.0,6.6252352905273435,1.7347373962402344,6.544087753295898,7.1e-05,4.5e-05,9.8e-05
M1_14.6,as built,1000000,0.136864,0.105724,0.002443,MM 3°,none,0.001846,1.0,6.8961433410644535,1.8210487365722656,6.882656860351561,9.6e-05,6.2e-05,0.000126
M1_14.6,as built,1000000,0.136864,0.105724,0.002443,MM 3°,> 13,0.0,,,,,0.0,0.0,0.0
M1_14.6,as built,1000000,0.136864,0.105724,0.002443,MM 3°,11–15,0.000563,1.0,5.549546279907226,1.1146392822265625,5.427250061035156,2.9e-05,1.7e-05,3.5e-05
M1_14.6,as built,1000000,0.136864,0.105724,0.002443,MM 3°,12–16,5.5e-05,1.0,5.274923553466797,0.34661102294921875,5.2622998046875,2e-06,1e-06,2e-06
M1_14.6,as built,1000000,0.136864,0.105724,0.002443,MM 3°,13–17,0.0,,,,,0.0,0.0,0.0
M1_14.6,as built,1000000,0.136864,0.105724,0.002443,MM 3°,9–14,0.001499,1.0,6.573817977905273,1.624755859375,6.557109756469725,7.3e-05,4.7e-05,9.6e-05
M1_14.6,as built,1000000,0.136864,0.105724,0.002443,MM 15° + TOF,none,0.00189,0.9994708994708995,6.99552894592285,1.9451675415039062,6.906961479187012,9.2e-05,5.9e-05,0.000125
M1_14.6,as built,1000000,0.136864,0.105724,0.002443,MM 15° + TOF,> 13,0.0,,,,,0.0,0.0,0.0
M1_14.6,as built,1000000,0.136864,0.105724,0.002443,MM 15° + TOF,11–15,0.000574,1.0,5.514894256591796,1.2877235412597656,5.3960618591308585,2.5e-05,1.6e-05,3.3e-05
M1_14.6,as built,1000000,0.136864,0.105724,0.002443,MM 15° + TOF,12–16,5.7e-05,1.0,5.299493980407715,0.7379989624023438,5.265732917785645,2e-06,1e-06,2e-06
M1_14.6,as built,1000000,0.136864,0.105724,0.002443,MM 15° + TOF,13–17,0.0,,,,,0.0,0.0,0.0
M1_14.6,as built,1000000,0.136864,0.105724,0.002443,MM 15° + TOF,9–14,0.001532,1.0,6.6252352905273435,1.7347373962402344,6.544087753295898,7.1e-05,4.5e-05,9.8e-05
M1_14.6,as built,1000000,0.136864,0.105724,0.002443,MM 3° + TOF,none,0.001846,1.0,6.8961433410644535,1.8210487365722656,6.882656860351561,9.6e-05,6.2e-05,0.000126
M1_14.6,as built,1000000,0.136864,0.105724,0.002443,MM 3° + TOF,> 13,0.0,,,,,0.0,0.0,0.0
M1_14.6,as built,1000000,0.136864,0.105724,0.002443,MM 3° + TOF,11–15,0.000563,1.0,5.549546279907226,1.1146392822265625,5.427250061035156,2.9e-05,1.7e-05,3.5e-05
M1_14.6,as built,1000000,0.136864,0.105724,0.002443,MM 3° + TOF,12–16,5.5e-05,1.0,5.274923553466797,0.34661102294921875,5.2622998046875,2e-06,1e-06,2e-06
M1_14.6,as built,1000000,0.136864,0.105724,0.002443,MM 3° + TOF,13–17,0.0,,,,,0.0,0.0,0.0
M1_14.6,as built,1000000,0.136864,0.105724,0.002443,MM 3° + TOF,9–14,0.001499,1.0,6.573817977905273,1.624755859375,6.557109756469725,7.3e-05,4.7e-05,9.6e-05
E1_14.6,as built,1000000,0.167188,0.129589,0.004484,trigger,none,0.004484,0.9950936663693131,6.74918472290039,1.0348243713378906,6.506906814575196,0.000615,0.000417,0.000846
E1_14.6,as built,1000000,0.167188,0.129589,0.004484,trigger,> 13,0.0,,,,,0.0,0.0,0.0
E1_14.6,as built,1000000,0.167188,0.129589,0.004484,trigger,11–15,0.001327,1.0,5.710297088623046,0.872039794921875,5.546918487548828,0.000155,0.000102,0.00022
E1_14.6,as built,1000000,0.167188,0.129589,0.004484,trigger,12–16,0.000137,1.0,5.012646179199218,0.8110809326171875,5.059171447753906,1.2e-05,8e-06,2.1e-05
E1_14.6,as built,1000000,0.167188,0.129589,0.004484,trigger,13–17,0.0,,,,,0.0,0.0,0.0
E1_14.6,as built,1000000,0.167188,0.129589,0.004484,trigger,9–14,0.00369,0.9978319783197832,6.410139923095702,0.8445510864257812,6.160802154541015,0.000493,0.000332,0.000694
E1_14.6,as built,1000000,0.167188,0.129589,0.004484,MM 15°,none,0.003388,0.9991145218417946,6.619746856689453,0.9985733032226562,6.552179565429686,0.000452,0.000306,0.000612
E1_14.6,as built,1000000,0.167188,0.129589,0.004484,MM 15°,> 13,0.0,,,,,0.0,0.0,0.0
E1_14.6,as built,1000000,0.167188,0.129589,0.004484,MM 15°,11–15,0.001028,1.0,5.614434432983399,0.8321876525878906,5.542033767700195,0.000128,8.7e-05,0.000173
E1_14.6,as built,1000000,0.167188,0.129589,0.004484,MM 15°,12–16,0.000112,1.0,5.224241104125975,0.7518196105957031,5.225008239746092,1.2e-05,8e-06,1.7e-05
E1_14.6,as built,1000000,0.167188,0.129589,0.004484,MM 15°,13–17,0.0,,,,,0.0,0.0,0.0
E1_14.6,as built,1000000,0.167188,0.129589,0.004484,MM 15°,9–14,0.00282,1.0,6.289929504394532,0.8048343658447266,6.227054901123047,0.000374,0.000252,0.000515
E1_14.6,as built,1000000,0.167188,0.129589,0.004484,MM 3°,none,0.003235,0.9987635239567233,6.5336345672607425,0.938507080078125,6.460430526733397,0.000473,0.00032,0.000624
E1_14.6,as built,1000000,0.167188,0.129589,0.004484,MM 3°,> 13,0.0,,,,,0.0,0.0,0.0
E1_14.6,as built,1000000,0.167188,0.129589,0.004484,MM 3°,11–15,0.000973,1.0,5.544105224609375,0.8040008544921875,5.508736419677735,0.000127,8.6e-05,0.000174
E1_14.6,as built,1000000,0.167188,0.129589,0.004484,MM 3°,12–16,0.000108,1.0,4.834550933837891,0.6413459777832031,4.979920196533202,1.1e-05,7e-06,1.8e-05
E1_14.6,as built,1000000,0.167188,0.129589,0.004484,MM 3°,13–17,0.0,,,,,0.0,0.0,0.0
E1_14.6,as built,1000000,0.167188,0.129589,0.004484,MM 3°,9–14,0.002702,0.9996299037749815,6.280948638916016,0.7635574340820312,6.2309722900390625,0.00039,0.000265,0.000525
E1_14.6,as built,1000000,0.167188,0.129589,0.004484,MM 15° + TOF,none,0.003388,0.9991145218417946,6.619746856689453,0.9985733032226562,6.552179565429686,0.000452,0.000306,0.000612
E1_14.6,as built,1000000,0.167188,0.129589,0.004484,MM 15° + TOF,> 13,0.0,,,,,0.0,0.0,0.0
E1_14.6,as built,1000000,0.167188,0.129589,0.004484,MM 15° + TOF,11–15,0.001028,1.0,5.614434432983399,0.8321876525878906,5.542033767700195,0.000128,8.7e-05,0.000173
E1_14.6,as built,1000000,0.167188,0.129589,0.004484,MM 15° + TOF,12–16,0.000112,1.0,5.224241104125975,0.7518196105957031,5.225008239746092,1.2e-05,8e-06,1.7e-05
E1_14.6,as built,1000000,0.167188,0.129589,0.004484,MM 15° + TOF,13–17,0.0,,,,,0.0,0.0,0.0
E1_14.6,as built,1000000,0.167188,0.129589,0.004484,MM 15° + TOF,9–14,0.00282,1.0,6.289929504394532,0.8048343658447266,6.227054901123047,0.000374,0.000252,0.000515
E1_14.6,as built,1000000,0.167188,0.129589,0.004484,MM 3° + TOF,none,0.003235,0.9987635239567233,6.5336345672607425,0.938507080078125,6.460430526733397,0.000473,0.00032,0.000624
E1_14.6,as built,1000000,0.167188,0.129589,0.004484,MM 3° + TOF,> 13,0.0,,,,,0.0,0.0,0.0
E1_14.6,as built,1000000,0.167188,0.129589,0.004484,MM 3° + TOF,11–15,0.000973,1.0,5.544105224609375,0.8040008544921875,5.508736419677735,0.000127,8.6e-05,0.000174
E1_14.6,as built,1000000,0.167188,0.129589,0.004484,MM 3° + TOF,12–16,0.000108,1.0,4.834550933837891,0.6413459777832031,4.979920196533202,1.1e-05,7e-06,1.8e-05
E1_14.6,as built,1000000,0.167188,0.129589,0.004484,MM 3° + TOF,13–17,0.0,,,,,0.0,0.0,0.0
E1_14.6,as built,1000000,0.167188,0.129589,0.004484,MM 3° + TOF,9–14,0.002702,0.9996299037749815,6.280948638916016,0.7635574340820312,6.2309722900390625,0.00039,0.000265,0.000525
X17_m16.6,"as built, LS off",1000000,0.476305,0.383516,0.031427,trigger,none,0.031427,0.9979953543131702,5.358403320312497,0.42584991455078125,5.179123229980468,0.020078,0.015158,0.023755
X17_m16.6,"as built, LS off",1000000,0.476305,0.383516,0.031427,trigger,> 13,0.0012,0.9975,5.235094604492188,0.7236328125,5.0683355712890625,0.000889,0.000697,0.001001
X17_m16.6,"as built, LS off",1000000,0.476305,0.383516,0.031427,trigger,11–15,0.004775,0.9987434554973822,5.315732727050781,0.527496337890625,5.1149905395507815,0.003773,0.002985,0.004151
X17_m16.6,"as built, LS off",1000000,0.476305,0.383516,0.031427,trigger,12–16,0.002472,0.9987864077669902,5.232544555664062,0.6532745361328125,5.0850927734375,0.001882,0.001484,0.002103
X17_m16.6,"as built, LS off",1000000,0.476305,0.383516,0.031427,trigger,13–17,0.0012,0.9975,5.235094604492188,0.7236328125,5.0683355712890625,0.000889,0.000697,0.001001
X17_m16.6,"as built, LS off",1000000,0.476305,0.383516,0.031427,trigger,9–14,0.01868,0.998982869379015,5.2677978515625,0.615997314453125,5.074627685546874,0.013436,0.010439,0.015439
X17_m16.6,"as built, LS off",1000000,0.476305,0.383516,0.031427,MM 15°,none,0.02037,0.998772704958272,5.215836029052735,0.1485595703125,5.143818969726562,0.014705,0.011377,0.016923
X17_m16.6,"as built, LS off",1000000,0.476305,0.383516,0.031427,MM 15°,> 13,0.000796,1.0,4.918560791015623,0.5251922607421875,4.9237838745117175,0.000643,0.000514,0.000712
X17_m16.6,"as built, LS off",1000000,0.476305,0.383516,0.031427,MM 15°,11–15,0.003399,0.9997057958223007,5.065945587158203,0.28205108642578125,5.04499755859375,0.002842,0.00228,0.003088
X17_m16.6,"as built, LS off",1000000,0.476305,0.383516,0.031427,MM 15°,12–16,0.001711,1.0,5.115072631835934,0.454010009765625,5.043516540527341,0.001395,0.001117,0.001536
X17_m16.6,"as built, LS off",1000000,0.476305,0.383516,0.031427,MM 15°,13–17,0.000796,1.0,4.918560791015623,0.5251922607421875,4.9237838745117175,0.000643,0.000514,0.000712
X17_m16.6,"as built, LS off",1000000,0.476305,0.383516,0.031427,MM 15°,9–14,0.012745,0.9996076892899176,5.100105285644531,0.29241943359375,5.025334167480469,0.009988,0.007903,0.0112
X17_m16.6,"as built, LS off",1000000,0.476305,0.383516,0.031427,MM 3°,none,0.019607,0.998979956138114,5.095538940429686,-0.0559844970703125,5.037960510253905,0.016001,0.012285,0.01819
X17_m16.6,"as built, LS off",1000000,0.476305,0.383516,0.031427,MM 3°,> 13,0.000815,1.0,4.963603820800781,0.48883056640625,4.813952026367188,0.000716,0.000564,0.000784
X17_m16.6,"as built, LS off",1000000,0.476305,0.383516,0.031427,MM 3°,11–15,0.003511,0.9997151808601538,5.010486145019531,0.29659271240234375,4.980245971679687,0.003104,0.002481,0.003355
X17_m16.6,"as built, LS off",1000000,0.476305,0.383516,0.031427,MM 3°,12–16,0.001756,1.0,5.028817749023438,0.36090087890625,4.985440063476562,0.001534,0.001219,0.001676
X17_m16.6,"as built, LS off",1000000,0.476305,0.383516,0.031427,MM 3°,13–17,0.000815,1.0,4.963603820800781,0.48883056640625,4.813952026367188,0.000716,0.000564,0.000784
X17_m16.6,"as built, LS off",1000000,0.476305,0.383516,0.031427,MM 3°,9–14,0.012759,0.9996081197586018,4.970937805175781,0.17113494873046875,4.905445251464845,0.010876,0.008566,0.012063
X17_m16.6,"as built, LS off",1000000,0.476305,0.383516,0.031427,MM 15° + TOF,none,0.02037,0.998772704958272,5.215836029052735,0.1485595703125,5.143818969726562,0.014705,0.011377,0.016923
X17_m16.6,"as built, LS off",1000000,0.476305,0.383516,0.031427,MM 15° + TOF,> 13,0.000796,1.0,4.918560791015623,0.5251922607421875,4.9237838745117175,0.000643,0.000514,0.000712
X17_m16.6,"as built, LS off",1000000,0.476305,0.383516,0.031427,MM 15° + TOF,11–15,0.003399,0.9997057958223007,5.065945587158203,0.28205108642578125,5.04499755859375,0.002842,0.00228,0.003088
X17_m16.6,"as built, LS off",1000000,0.476305,0.383516,0.031427,MM 15° + TOF,12–16,0.001711,1.0,5.115072631835934,0.454010009765625,5.043516540527341,0.001395,0.001117,0.001536
X17_m16.6,"as built, LS off",1000000,0.476305,0.383516,0.031427,MM 15° + TOF,13–17,0.000796,1.0,4.918560791015623,0.5251922607421875,4.9237838745117175,0.000643,0.000514,0.000712
X17_m16.6,"as built, LS off",1000000,0.476305,0.383516,0.031427,MM 15° + TOF,9–14,0.012745,0.9996076892899176,5.100105285644531,0.29241943359375,5.025334167480469,0.009988,0.007903,0.0112
X17_m16.6,"as built, LS off",1000000,0.476305,0.383516,0.031427,MM 3° + TOF,none,0.019607,0.998979956138114,5.095538940429686,-0.0559844970703125,5.037960510253905,0.016001,0.012285,0.01819
X17_m16.6,"as built, LS off",1000000,0.476305,0.383516,0.031427,MM 3° + TOF,> 13,0.000815,1.0,4.963603820800781,0.48883056640625,4.813952026367188,0.000716,0.000564,0.000784
X17_m16.6,"as built, LS off",1000000,0.476305,0.383516,0.031427,MM 3° + TOF,11–15,0.003511,0.9997151808601538,5.010486145019531,0.29659271240234375,4.980245971679687,0.003104,0.002481,0.003355
X17_m16.6,"as built, LS off",1000000,0.476305,0.383516,0.031427,MM 3° + TOF,12–16,0.001756,1.0,5.028817749023438,0.36090087890625,4.985440063476562,0.001534,0.001219,0.001676
X17_m16.6,"as built, LS off",1000000,0.476305,0.383516,0.031427,MM 3° + TOF,13–17,0.000815,1.0,4.963603820800781,0.48883056640625,4.813952026367188,0.000716,0.000564,0.000784
X17_m16.6,"as built, LS off",1000000,0.476305,0.383516,0.031427,MM 3° + TOF,9–14,0.012759,0.9996081197586018,4.970937805175781,0.17113494873046875,4.905445251464845,0.010876,0.008566,0.012063
X17_m16.7,"as built, LS off",1000000,0.479713,0.38745,0.032565,trigger,none,0.032565,0.9979425763856902,5.262321472167969,0.48706817626953125,5.1159970092773435,0.020724,0.015957,0.024574
X17_m16.7,"as built, LS off",1000000,0.479713,0.38745,0.032565,trigger,> 13,0.001341,1.0,5.038851928710937,0.84368896484375,4.882737731933593,0.001003,0.000808,0.00113
X17_m16.7,"as built, LS off",1000000,0.479713,0.38745,0.032565,trigger,11–15,0.005245,0.9988560533841754,5.197495727539063,0.825347900390625,5.035867614746094,0.004062,0.003398,0.004511
X17_m16.7,"as built, LS off",1000000,0.479713,0.38745,0.032565,trigger,12–16,0.002736,0.9992690058479532,5.085402221679686,0.7523574829101562,4.943860168457031,0.002096,0.001731,0.002335
X17_m16.7,"as built, LS off",1000000,0.479713,0.38745,0.032565,trigger,13–17,0.001341,1.0,5.038851928710937,0.84368896484375,4.882737731933593,0.001003,0.000808,0.00113
X17_m16.7,"as built, LS off",1000000,0.479713,0.38745,0.032565,trigger,9–14,0.02013,0.9986587183308495,5.144297485351562,0.6964874267578125,4.980018005371093,0.01416,0.011146,0.016336
X17_m16.7,"as built, LS off",1000000,0.479713,0.38745,0.032565,MM 15°,none,0.020875,0.9986107784431137,5.1173965454101555,0.21063995361328125,5.068070983886718,0.015059,0.011885,0.017316
X17_m16.7,"as built, LS off",1000000,0.479713,0.38745,0.032565,MM 15°,> 13,0.000932,1.0,4.820659790039062,0.6337738037109375,4.856463928222656,0.000757,0.000623,0.000836
X17_m16.7,"as built, LS off",1000000,0.479713,0.38745,0.032565,MM 15°,11–15,0.003702,0.9997298757428417,4.98822021484375,0.5064239501953125,4.9022064208984375,0.003069,0.002616,0.003335
X17_m16.7,"as built, LS off",1000000,0.479713,0.38745,0.032565,MM 15°,12–16,0.001926,0.9994807892004154,4.779938354492185,0.569305419921875,4.778544616699218,0.001588,0.00134,0.001733
X17_m16.7,"as built, LS off",1000000,0.479713,0.38745,0.032565,MM 15°,13–17,0.000932,1.0,4.820659790039062,0.6337738037109375,4.856463928222656,0.000757,0.000623,0.000836
X17_m16.7,"as built, LS off",1000000,0.479713,0.38745,0.032565,MM 15°,9–14,0.013426,0.998882764784746,4.949049377441407,0.4063720703125,4.894908142089843,0.010393,0.008362,0.01168
X17_m16.7,"as built, LS off",1000000,0.479713,0.38745,0.032565,MM 3°,none,0.020153,0.9991068327296184,5.0009152221679685,0.0302581787109375,4.941189270019528,0.016489,0.012919,0.018697
X17_m16.7,"as built, LS off",1000000,0.479713,0.38745,0.032565,MM 3°,> 13,0.000939,1.0,4.773607177734375,0.4412841796875,4.7580258178710935,0.000819,0.000677,0.000894
X17_m16.7,"as built, LS off",1000000,0.479713,0.38745,0.032565,MM 3°,11–15,0.003768,0.9997346072186837,4.8543066406249995,0.5420074462890625,4.782424621582031,0.003318,0.002812,0.003584
X17_m16.7,"as built, LS off",1000000,0.479713,0.38745,0.032565,MM 3°,12–16,0.001941,0.9994848016486347,4.701102600097656,0.44417572021484375,4.720996398925781,0.001709,0.001444,0.00185
X17_m16.7,"as built, LS off",1000000,0.479713,0.38745,0.032565,MM 3°,13–17,0.000939,1.0,4.773607177734375,0.4412841796875,4.7580258178710935,0.000819,0.000677,0.000894
X17_m16.7,"as built, LS off",1000000,0.479713,0.38745,0.032565,MM 3°,9–14,0.013427,0.9991807551947568,4.832310485839844,0.254364013671875,4.788034057617187,0.011399,0.009106,0.012648
X17_m16.7,"as built, LS off",1000000,0.479713,0.38745,0.032565,MM 15° + TOF,none,0.020179,0.9986619753208782,5.119464721679687,0.20965576171875,5.067937316894532,0.014533,0.011464,0.016723
X17_m16.7,"as built, LS off",1000000,0.479713,0.38745,0.032565,MM 15° + TOF,> 13,0.000902,1.0,4.870025024414062,0.620269775390625,4.8544549560546875,0.000733,0.000603,0.000808
X17_m16.7,"as built, LS off",1000000,0.479713,0.38745,0.032565,MM 15° + TOF,11–15,0.003565,0.9997194950911641,4.993876342773437,0.46302032470703125,4.905095520019531,0.002958,0.002518,0.003212
X17_m16.7,"as built, LS off",1000000,0.479713,0.38745,0.032565,MM 15° + TOF,12–16,0.001859,0.9994620763851533,4.7858358764648425,0.5413436889648438,4.778999023437499,0.001534,0.001294,0.001672
X17_m16.7,"as built, LS off",1000000,0.479713,0.38745,0.032565,MM 15° + TOF,13–17,0.000902,1.0,4.870025024414062,0.620269775390625,4.8544549560546875,0.000733,0.000603,0.000808
X17_m16.7,"as built, LS off",1000000,0.479713,0.38745,0.032565,MM 15° + TOF,9–14,0.012974,0.9989209187605981,4.950911560058593,0.40164947509765625,4.892297973632812,0.010029,0.008062,0.011277
X17_m16.7,"as built, LS off",1000000,0.479713,0.38745,0.032565,MM 3° + TOF,none,0.01949,0.9990764494612622,5.0023956298828125,0.03325653076171875,4.9426962280273425,0.015932,0.012478,0.018077
X17_m16.7,"as built, LS off",1000000,0.479713,0.38745,0.032565,MM 3° + TOF,> 13,0.000907,1.0,4.768716430664062,0.4224090576171875,4.753742370605469,0.000791,0.000654,0.000863
X17_m16.7,"as built, LS off",1000000,0.479713,0.38745,0.032565,MM 3° + TOF,11–15,0.003633,0.9997247453894853,4.881021118164062,0.5024490356445312,4.801561279296875,0.003201,0.002713,0.003456
X17_m16.7,"as built, LS off",1000000,0.479713,0.38745,0.032565,MM 3° + TOF,12–16,0.001875,0.9994666666666666,4.694715576171875,0.43184661865234375,4.7045361328125,0.00165,0.001395,0.001786
X17_m16.7,"as built, LS off",1000000,0.479713,0.38745,0.032565,MM 3° + TOF,13–17,0.000907,1.0,4.768716430664062,0.4224090576171875,4.753742370605469,0.000791,0.000654,0.000863
X17_m16.7,"as built, LS off",1000000,0.479713,0.38745,0.032565,MM 3° + TOF,9–14,0.012989,0.9991531295711756,4.830949401855468,0.25383758544921875,4.783881225585937,0.011021,0.008798,0.012231
X17_m16.8,"as built, LS off",1000000,0.485314,0.393462,0.034804,trigger,none,0.034804,0.9987070451672222,5.17098510742187,0.5269775390625,5.014611511230469,0.021914,0.016886,0.026063
X17_m16.8,"as built, LS off",1000000,0.485314,0.393462,0.034804,trigger,> 13,0.001555,0.9993569131832798,5.131539916992187,0.9286346435546875,4.956235961914063,0.001162,0.000941,0.001297
X17_m16.8,"as built, LS off",1000000,0.485314,0.393462,0.034804,trigger,11–15,0.005952,0.9994959677419355,5.121783142089843,0.853302001953125,4.975577087402343,0.004521,0.003761,0.005027
X17_m16.8,"as built, LS off",1000000,0.485314,0.393462,0.034804,trigger,12–16,0.003081,0.9996754300551769,5.1990576171875,0.827850341796875,4.978715209960938,0.002325,0.001916,0.002591
X17_m16.8,"as built, LS off",1000000,0.485314,0.393462,0.034804,trigger,13–17,0.001555,0.9993569131832798,5.131539916992187,0.9286346435546875,4.956235961914063,0.001162,0.000941,0.001297
X17_m16.8,"as built, LS off",1000000,0.485314,0.393462,0.034804,trigger,9–14,0.022403,0.9992411730571799,5.052290344238281,0.6961669921875,4.893797302246091,0.015309,0.011911,0.01786
X17_m16.8,"as built, LS off",1000000,0.485314,0.393462,0.034804,MM 15°,none,0.022259,0.9992362639831079,4.999935607910157,0.24924468994140625,4.9346771240234375,0.015973,0.01266,0.018407
X17_m16.8,"as built, LS off",1000000,0.485314,0.393462,0.034804,MM 15°,> 13,0.001063,1.0,5.048533325195312,0.83843994140625,4.970743408203123,0.000861,0.000715,0.000939
X17_m16.8,"as built, LS off",1000000,0.485314,0.393462,0.034804,MM 15°,11–15,0.004124,0.9997575169738119,4.959551391601563,0.7352142333984375,4.9203076171875,0.003363,0.002859,0.003672
X17_m16.8,"as built, LS off",1000000,0.485314,0.393462,0.034804,MM 15°,12–16,0.00211,1.0,5.076403808593749,0.6800003051757812,4.975011596679687,0.001717,0.001453,0.001878
X17_m16.8,"as built, LS off",1000000,0.485314,0.393462,0.034804,MM 15°,13–17,0.001063,1.0,5.048533325195312,0.83843994140625,4.970743408203123,0.000861,0.000715,0.000939
X17_m16.8,"as built, LS off",1000000,0.485314,0.393462,0.034804,MM 15°,9–14,0.014799,0.9995269950672343,4.898648986816402,0.44138336181640625,4.812478027343749,0.011242,0.008986,0.012764
X17_m16.8,"as built, LS off",1000000,0.485314,0.393462,0.034804,MM 3°,none,0.021568,0.9992117952522255,4.882545471191406,0.1083526611328125,4.815864562988281,0.017653,0.013806,0.020058
X17_m16.8,"as built, LS off",1000000,0.485314,0.393462,0.034804,MM 3°,> 13,0.001068,0.9990636704119851,4.777183837890622,0.7390289306640625,4.739485778808592,0.000949,0.000776,0.001025
X17_m16.8,"as built, LS off",1000000,0.485314,0.393462,0.034804,MM 3°,11–15,0.0042,0.9995238095238095,4.838060302734375,0.652679443359375,4.783169250488282,0.003704,0.003104,0.004008
X17_m16.8,"as built, LS off",1000000,0.485314,0.393462,0.034804,MM 3°,12–16,0.002118,0.9995278564683664,4.827125549316405,0.557769775390625,4.763085632324218,0.001879,0.001575,0.002033
X17_m16.8,"as built, LS off",1000000,0.485314,0.393462,0.034804,MM 3°,13–17,0.001068,0.9990636704119851,4.777183837890622,0.7390289306640625,4.739485778808592,0.000949,0.000776,0.001025
X17_m16.8,"as built, LS off",1000000,0.485314,0.393462,0.034804,MM 3°,9–14,0.014742,0.9995251661918328,4.743022155761718,0.3019561767578125,4.678171081542969,0.012407,0.009773,0.013891
X17_m16.8,"as built, LS off",1000000,0.485314,0.393462,0.034804,MM 15° + TOF,none,0.022259,0.9992362639831079,4.999935607910157,0.24924468994140625,4.9346771240234375,0.015973,0.01266,0.018407
X17_m16.8,"as built, LS off",1000000,0.485314,0.393462,0.034804,MM 15° + TOF,> 13,0.001063,1.0,5.048533325195312,0.83843994140625,4.970743408203123,0.000861,0.000715,0.000939
X17_m16.8,"as built, LS off",1000000,0.485314,0.393462,0.034804,MM 15° + TOF,11–15,0.004124,0.9997575169738119,4.959551391601563,0.7352142333984375,4.9203076171875,0.003363,0.002859,0.003672
X17_m16.8,"as built, LS off",1000000,0.485314,0.393462,0.034804,MM 15° + TOF,12–16,0.00211,1.0,5.076403808593749,0.6800003051757812,4.975011596679687,0.001717,0.001453,0.001878
X17_m16.8,"as built, LS off",1000000,0.485314,0.393462,0.034804,MM 15° + TOF,13–17,0.001063,1.0,5.048533325195312,0.83843994140625,4.970743408203123,0.000861,0.000715,0.000939
X17_m16.8,"as built, LS off",1000000,0.485314,0.393462,0.034804,MM 15° + TOF,9–14,0.014799,0.9995269950672343,4.898648986816402,0.44138336181640625,4.812478027343749,0.011242,0.008986,0.012764
X17_m16.8,"as built, LS off",1000000,0.485314,0.393462,0.034804,MM 3° + TOF,none,0.021568,0.9992117952522255,4.882545471191406,0.1083526611328125,4.815864562988281,0.017653,0.013806,0.020058
X17_m16.8,"as built, LS off",1000000,0.485314,0.393462,0.034804,MM 3° + TOF,> 13,0.001068,0.9990636704119851,4.777183837890622,0.7390289306640625,4.739485778808592,0.000949,0.000776,0.001025
X17_m16.8,"as built, LS off",1000000,0.485314,0.393462,0.034804,MM 3° + TOF,11–15,0.0042,0.9995238095238095,4.838060302734375,0.652679443359375,4.783169250488282,0.003704,0.003104,0.004008
X17_m16.8,"as built, LS off",1000000,0.485314,0.393462,0.034804,MM 3° + TOF,12–16,0.002118,0.9995278564683664,4.827125549316405,0.557769775390625,4.763085632324218,0.001879,0.001575,0.002033
X17_m16.8,"as built, LS off",1000000,0.485314,0.393462,0.034804,MM 3° + TOF,13–17,0.001068,0.9990636704119851,4.777183837890622,0.7390289306640625,4.739485778808592,0.000949,0.000776,0.001025
X17_m16.8,"as built, LS off",1000000,0.485314,0.393462,0.034804,MM 3° + TOF,9–14,0.014742,0.9995251661918328,4.743022155761718,0.3019561767578125,4.678171081542969,0.012407,0.009773,0.013891
X17_m17.0,"as built, LS off",1000000,0.495623,0.404218,0.040107,trigger,none,0.040107,0.9986785349190914,4.9920217895507815,0.46240997314453125,4.815616455078124,0.024246,0.018253,0.029375
X17_m17.0,"as built, LS off",1000000,0.495623,0.404218,0.040107,trigger,> 13,0.001934,1.0,4.802158508300781,0.693878173828125,4.61931640625,0.001366,0.001069,0.001569
X17_m17.0,"as built, LS off",1000000,0.495623,0.404218,0.040107,trigger,11–15,0.007668,0.9990871152842984,4.990386962890625,0.65509033203125,4.878538513183593,0.005675,0.004587,0.006389
X17_m17.0,"as built, LS off",1000000,0.495623,0.404218,0.040107,trigger,12–16,0.003951,0.9992406985573272,4.91976318359375,0.6524429321289062,4.7699072265625,0.00289,0.002336,0.003261
X17_m17.0,"as built, LS off",1000000,0.495623,0.404218,0.040107,trigger,13–17,0.001934,1.0,4.802158508300781,0.693878173828125,4.61931640625,0.001366,0.001069,0.001569
X17_m17.0,"as built, LS off",1000000,0.495623,0.404218,0.040107,trigger,9–14,0.027628,0.9993846822064573,4.903155517578125,0.5733642578125,4.753317260742187,0.017418,0.01317,0.02104
X17_m17.0,"as built, LS off",1000000,0.495623,0.404218,0.040107,MM 15°,none,0.025244,0.998930438916178,4.8121072387695305,0.1649322509765625,4.740223693847656,0.017518,0.013583,0.020525
X17_m17.0,"as built, LS off",1000000,0.495623,0.404218,0.040107,MM 15°,> 13,0.001287,1.0,4.4615048217773445,0.4853057861328125,4.447865295410156,0.001012,0.000817,0.001124
X17_m17.0,"as built, LS off",1000000,0.495623,0.404218,0.040107,MM 15°,11–15,0.005211,0.9990404912684705,4.818780517578125,0.3626708984375,4.799995422363281,0.004228,0.003499,0.004639
X17_m17.0,"as built, LS off",1000000,0.495623,0.404218,0.040107,MM 15°,12–16,0.002683,0.9988818486768543,4.686948852539063,0.40607452392578125,4.63684814453125,0.002162,0.001792,0.00237
X17_m17.0,"as built, LS off",1000000,0.495623,0.404218,0.040107,MM 15°,13–17,0.001287,1.0,4.4615048217773445,0.4853057861328125,4.447865295410156,0.001012,0.000817,0.001124
X17_m17.0,"as built, LS off",1000000,0.495623,0.404218,0.040107,MM 15°,9–14,0.01779,0.9995503091624508,4.7503594970703125,0.26882171630859375,4.695756530761718,0.012716,0.009889,0.014861
X17_m17.0,"as built, LS off",1000000,0.495623,0.404218,0.040107,MM 3°,none,0.02424,0.9991336633663367,4.710699768066406,-0.0159149169921875,4.6754580688476555,0.019489,0.014891,0.022475
X17_m17.0,"as built, LS off",1000000,0.495623,0.404218,0.040107,MM 3°,> 13,0.001285,1.0,4.408525085449218,0.3812408447265625,4.3793551635742185,0.001115,0.000877,0.001232
X17_m17.0,"as built, LS off",1000000,0.495623,0.404218,0.040107,MM 3°,11–15,0.00531,0.9990583804143126,4.690373229980468,0.3162841796875,4.659514770507812,0.004657,0.003802,0.005076
X17_m17.0,"as built, LS off",1000000,0.495623,0.404218,0.040107,MM 3°,12–16,0.002721,0.9988974641675854,4.54314483642578,0.333160400390625,4.4979046630859365,0.002394,0.001949,0.002609
X17_m17.0,"as built, LS off",1000000,0.495623,0.404218,0.040107,MM 3°,13–17,0.001285,1.0,4.408525085449218,0.3812408447265625,4.3793551635742185,0.001115,0.000877,0.001232
X17_m17.0,"as built, LS off",1000000,0.495623,0.404218,0.040107,MM 3°,9–14,0.017447,0.9995987848913853,4.641558227539063,0.09792327880859375,4.593696594238281,0.014166,0.010847,0.016301
X17_m17.0,"as built, LS off",1000000,0.495623,0.404218,0.040107,MM 15° + TOF,none,0.025244,0.998930438916178,4.8121072387695305,0.1649322509765625,4.740223693847656,0.017518,0.013583,0.020525
X17_m17.0,"as built, LS off",1000000,0.495623,0.404218,0.040107,MM 15° + TOF,> 13,0.001287,1.0,4.4615048217773445,0.4853057861328125,4.447865295410156,0.001012,0.000817,0.001124
X17_m17.0,"as built, LS off",1000000,0.495623,0.404218,0.040107,MM 15° + TOF,11–15,0.005211,0.9990404912684705,4.818780517578125,0.3626708984375,4.799995422363281,0.004228,0.003499,0.004639
X17_m17.0,"as built, LS off",1000000,0.495623,0.404218,0.040107,MM 15° + TOF,12–16,0.002683,0.9988818486768543,4.686948852539063,0.40607452392578125,4.63684814453125,0.002162,0.001792,0.00237
X17_m17.0,"as built, LS off",1000000,0.495623,0.404218,0.040107,MM 15° + TOF,13–17,0.001287,1.0,4.4615048217773445,0.4853057861328125,4.447865295410156,0.001012,0.000817,0.001124
X17_m17.0,"as built, LS off",1000000,0.495623,0.404218,0.040107,MM 15° + TOF,9–14,0.01779,0.9995503091624508,4.7503594970703125,0.26882171630859375,4.695756530761718,0.012716,0.009889,0.014861
X17_m17.0,"as built, LS off",1000000,0.495623,0.404218,0.040107,MM 3° + TOF,none,0.02424,0.9991336633663367,4.710699768066406,-0.0159149169921875,4.6754580688476555,0.019489,0.014891,0.022475
X17_m17.0,"as built, LS off",1000000,0.495623,0.404218,0.040107,MM 3° + TOF,> 13,0.001285,1.0,4.408525085449218,0.3812408447265625,4.3793551635742185,0.001115,0.000877,0.001232
X17_m17.0,"as built, LS off",1000000,0.495623,0.404218,0.040107,MM 3° + TOF,11–15,0.00531,0.9990583804143126,4.690373229980468,0.3162841796875,4.659514770507812,0.004657,0.003802,0.005076
X17_m17.0,"as built, LS off",1000000,0.495623,0.404218,0.040107,MM 3° + TOF,12–16,0.002721,0.9988974641675854,4.54314483642578,0.333160400390625,4.4979046630859365,0.002394,0.001949,0.002609
X17_m17.0,"as built, LS off",1000000,0.495623,0.404218,0.040107,MM 3° + TOF,13–17,0.001285,1.0,4.408525085449218,0.3812408447265625,4.3793551635742185,0.001115,0.000877,0.001232
X17_m17.0,"as built, LS off",1000000,0.495623,0.404218,0.040107,MM 3° + TOF,9–14,0.017447,0.9995987848913853,4.641558227539063,0.09792327880859375,4.593696594238281,0.014166,0.010847,0.016301
M1_18.15,"as built, LS off",1000000,0.131616,0.101377,0.00308,trigger,none,0.00308,0.9931818181818182,6.99167526245117,1.3737411499023438,6.702733230590816,0.000176,0.000121,0.000244
M1_18.15,"as built, LS off",1000000,0.131616,0.101377,0.00308,trigger,> 13,8.7e-05,1.0,6.643867034912108,1.0440292358398438,5.619567718505859,2e-06,1e-06,4e-06
M1_18.15,"as built, LS off",1000000,0.131616,0.101377,0.00308,trigger,11–15,0.000391,0.9948849104859335,6.175660552978517,1.0440292358398438,5.838356018066407,1.4e-05,1.1e-05,2.2e-05
M1_18.15,"as built, LS off",1000000,0.131616,0.101377,0.00308,trigger,12–16,0.000198,0.9949494949494949,5.828796844482421,1.1885337829589844,5.554245758056638,5e-06,4e-06,9e-06
M1_18.15,"as built, LS off",1000000,0.131616,0.101377,0.00308,trigger,13–17,8.7e-05,1.0,6.643867034912108,1.0440292358398438,5.619567718505859,2e-06,1e-06,4e-06
M1_18.15,"as built, LS off",1000000,0.131616,0.101377,0.00308,trigger,9–14,0.001411,0.9936215450035436,6.11193130493164,0.795135498046875,5.9693525695800735,6.7e-05,4.9e-05,9.1e-05
M1_18.15,"as built, LS off",1000000,0.131616,0.101377,0.00308,MM 15°,none,0.002385,0.9983228511530399,6.582619094848628,1.311614990234375,6.517525863647454,0.000119,8.1e-05,0.000163
M1_18.15,"as built, LS off",1000000,0.131616,0.101377,0.00308,MM 15°,> 13,6.9e-05,1.0,5.868888702392578,0.6173782348632812,5.239556732177734,2e-06,1e-06,3e-06
M1_18.15,"as built, LS off",1000000,0.131616,0.101377,0.00308,MM 15°,11–15,0.000318,1.0,5.277230072021478,0.8284187316894531,5.139721679687497,1.1e-05,8e-06,1.6e-05
M1_18.15,"as built, LS off",1000000,0.131616,0.101377,0.00308,MM 15°,12–16,0.00016,1.0,5.3266874694824216,0.9447898864746094,5.013800964355469,4e-06,3e-06,7e-06
M1_18.15,"as built, LS off",1000000,0.131616,0.101377,0.00308,MM 15°,13–17,6.9e-05,1.0,5.868888702392578,0.6173782348632812,5.239556732177734,2e-06,1e-06,3e-06
M1_18.15,"as built, LS off",1000000,0.131616,0.101377,0.00308,MM 15°,9–14,0.001125,0.9991111111111111,5.553144836425776,0.6033134460449219,5.518921051025391,4.7e-05,3.3e-05,6.5e-05
M1_18.15,"as built, LS off",1000000,0.131616,0.101377,0.00308,MM 3°,none,0.002348,0.9991482112436116,6.625287628173828,1.3093509674072266,6.545558547973632,0.000129,8.9e-05,0.000173
M1_18.15,"as built, LS off",1000000,0.131616,0.101377,0.00308,MM 3°,> 13,6.9e-05,1.0,6.7038312530517565,0.6969680786132812,6.2930827331542964,2e-06,1e-06,3e-06
M1_18.15,"as built, LS off",1000000,0.131616,0.101377,0.00308,MM 3°,11–15,0.000314,1.0,5.8614662933349635,0.8362045288085938,5.838576583862306,1.2e-05,9e-06,1.8e-05
M1_18.15,"as built, LS off",1000000,0.131616,0.101377,0.00308,MM 3°,12–16,0.000157,1.0,5.986017303466795,1.3071060180664062,5.737528991699215,5e-06,4e-06,8e-06
M1_18.15,"as built, LS off",1000000,0.131616,0.101377,0.00308,MM 3°,13–17,6.9e-05,1.0,6.7038312530517565,0.6969680786132812,6.2930827331542964,2e-06,1e-06,3e-06
M1_18.15,"as built, LS off",1000000,0.131616,0.101377,0.00308,MM 3°,9–14,0.001125,1.0,5.523421249389648,0.6843605041503906,5.5381927490234375,4.9e-05,3.5e-05,6.8e-05
M1_18.15,"as built, LS off",1000000,0.131616,0.101377,0.00308,MM 15° + TOF,none,0.002304,0.9982638888888888,6.562269668579101,1.3187007904052734,6.4836859130859334,0.000119,8.1e-05,0.000162
M1_18.15,"as built, LS off",1000000,0.131616,0.101377,0.00308,MM 15° + TOF,> 13,6.4e-05,1.0,5.858488616943359,0.6571731567382812,5.440600967407225,2e-06,1e-06,3e-06
M1_18.15,"as built, LS off",1000000,0.131616,0.101377,0.00308,MM 15° + TOF,11–15,0.000307,1.0,5.206941986083976,0.8112869262695312,5.090367889404293,1.1e-05,8e-06,1.6e-05
M1_18.15,"as built, LS off",1000000,0.131616,0.101377,0.00308,MM 15° + TOF,12–16,0.000154,1.0,5.342910614013672,1.0813751220703125,5.067145843505858,4e-06,3e-06,7e-06
M1_18.15,"as built, LS off",1000000,0.131616,0.101377,0.00308,MM 15° + TOF,13–17,6.4e-05,1.0,5.858488616943359,0.6571731567382812,5.440600967407225,2e-06,1e-06,3e-06
M1_18.15,"as built, LS off",1000000,0.131616,0.101377,0.00308,MM 15° + TOF,9–14,0.001085,0.9990783410138249,5.515381774902343,0.6033134460449219,5.463040237426756,4.7e-05,3.3e-05,6.5e-05
M1_18.15,"as built, LS off",1000000,0.131616,0.101377,0.00308,MM 3° + TOF,none,0.002265,0.9991169977924945,6.57016632080078,1.2930107116699219,6.543505096435547,0.000129,8.9e-05,0.000172
M1_18.15,"as built, LS off",1000000,0.131616,0.101377,0.00308,MM 3° + TOF,> 13,6.3e-05,1.0,6.695579376220703,0.6969680786132812,6.284119033813476,2e-06,1e-06,3e-06
M1_18.15,"as built, LS off",1000000,0.131616,0.101377,0.00308,MM 3° + TOF,11–15,0.000302,1.0,5.6833236694335945,0.8190727233886719,5.767681884765626,1.2e-05,9e-06,1.8e-05
M1_18.15,"as built, LS off",1000000,0.131616,0.101377,0.00308,MM 3° + TOF,12–16,0.00015,1.0,6.02227813720703,1.310567855834961,5.729223785400389,5e-06,4e-06,8e-06
M1_18.15,"as built, LS off",1000000,0.131616,0.101377,0.00308,MM 3° + TOF,13–17,6.3e-05,1.0,6.695579376220703,0.6969680786132812,6.284119033813476,2e-06,1e-06,3e-06
M1_18.15,"as built, LS off",1000000,0.131616,0.101377,0.00308,MM 3° + TOF,9–14,0.001085,1.0,5.493087387084959,0.6688766479492188,5.47990982055664,4.9e-05,3.5e-05,6.8e-05
E1_18.15,"as built, LS off",1000000,0.160725,0.124069,0.005431,trigger,none,0.005431,0.9966856932424968,5.939188995361328,0.7737884521484375,5.723825302124023,0.000694,0.000454,0.000958
E1_18.15,"as built, LS off",1000000,0.160725,0.124069,0.005431,trigger,> 13,0.000205,0.9951219512195122,4.823348236083984,0.4624748229980469,4.899454650878907,2e-05,1.7e-05,2.6e-05
E1_18.15,"as built, LS off",1000000,0.160725,0.124069,0.005431,trigger,11–15,0.000766,0.9986945169712794,5.324579315185547,0.7326698303222656,5.162852172851563,9.9e-05,6.5e-05,0.00014
E1_18.15,"as built, LS off",1000000,0.160725,0.124069,0.005431,trigger,12–16,0.000403,0.9975186104218362,5.120816955566406,0.6188564300537109,5.037389831542969,4.5e-05,3.1e-05,6.4e-05
E1_18.15,"as built, LS off",1000000,0.160725,0.124069,0.005431,trigger,13–17,0.000205,0.9951219512195122,4.823348236083984,0.4624748229980469,4.899454650878907,2e-05,1.7e-05,2.6e-05
E1_18.15,"as built, LS off",1000000,0.160725,0.124069,0.005431,trigger,9–14,0.002718,0.9966887417218543,5.46952880859375,0.6237602233886719,5.286314544677731,0.000364,0.000226,0.000503
E1_18.15,"as built, LS off",1000000,0.160725,0.124069,0.005431,MM 15°,none,0.004076,0.9992639842983317,5.7588018035888675,0.6542739868164062,5.725058059692383,0.000505,0.000337,0.000679
E1_18.15,"as built, LS off",1000000,0.160725,0.124069,0.005431,MM 15°,> 13,0.000167,1.0,4.886214218139648,0.12384033203125,4.940946960449218,1.4e-05,1.3e-05,1.8e-05
E1_18.15,"as built, LS off",1000000,0.160725,0.124069,0.005431,MM 15°,11–15,0.000571,1.0,5.356660079956054,0.6101188659667969,5.385128784179685,6.7e-05,4.5e-05,9e-05
E1_18.15,"as built, LS off",1000000,0.160725,0.124069,0.005431,MM 15°,12–16,0.000309,1.0,5.158496322631834,0.6093292236328125,5.217243652343749,3.2e-05,2.3e-05,4.3e-05
E1_18.15,"as built, LS off",1000000,0.160725,0.124069,0.005431,MM 15°,13–17,0.000167,1.0,4.886214218139648,0.12384033203125,4.940946960449218,1.4e-05,1.3e-05,1.8e-05
E1_18.15,"as built, LS off",1000000,0.160725,0.124069,0.005431,MM 15°,9–14,0.002073,0.9995176073323685,5.307006225585937,0.5635414123535156,5.267565307617187,0.000265,0.000167,0.00036
E1_18.15,"as built, LS off",1000000,0.160725,0.124069,0.005431,MM 3°,none,0.003976,0.9997484909456741,5.756927032470703,0.632476806640625,5.722520523071289,0.000543,0.000367,0.000716
E1_18.15,"as built, LS off",1000000,0.160725,0.124069,0.005431,MM 3°,> 13,0.000158,1.0,4.852880401611327,0.10176658630371094,4.904239349365234,1.7e-05,1.5e-05,1.9e-05
E1_18.15,"as built, LS off",1000000,0.160725,0.124069,0.005431,MM 3°,11–15,0.000568,1.0,5.3199232482910155,0.4373664855957031,5.325209655761718,7.8e-05,5.3e-05,0.000102
E1_18.15,"as built, LS off",1000000,0.160725,0.124069,0.005431,MM 3°,12–16,0.000301,1.0,5.0850830078125,0.43280029296875,5.125862121582031,3.6e-05,2.7e-05,4.7e-05
E1_18.15,"as built, LS off",1000000,0.160725,0.124069,0.005431,MM 3°,13–17,0.000158,1.0,4.852880401611327,0.10176658630371094,4.904239349365234,1.7e-05,1.5e-05,1.9e-05
E1_18.15,"as built, LS off",1000000,0.160725,0.124069,0.005431,MM 3°,9–14,0.002029,1.0,5.306112518310547,0.5398483276367188,5.266429138183593,0.00029,0.000185,0.000385
E1_18.15,"as built, LS off",1000000,0.160725,0.124069,0.005431,MM 15° + TOF,none,0.004076,0.9992639842983317,5.7588018035888675,0.6542739868164062,5.725058059692383,0.000505,0.000337,0.000679
E1_18.15,"as built, LS off",1000000,0.160725,0.124069,0.005431,MM 15° + TOF,> 13,0.000167,1.0,4.886214218139648,0.12384033203125,4.940946960449218,1.4e-05,1.3e-05,1.8e-05
E1_18.15,"as built, LS off",1000000,0.160725,0.124069,0.005431,MM 15° + TOF,11–15,0.000571,1.0,5.356660079956054,0.6101188659667969,5.385128784179685,6.7e-05,4.5e-05,9e-05
E1_18.15,"as built, LS off",1000000,0.160725,0.124069,0.005431,MM 15° + TOF,12–16,0.000309,1.0,5.158496322631834,0.6093292236328125,5.217243652343749,3.2e-05,2.3e-05,4.3e-05
E1_18.15,"as built, LS off",1000000,0.160725,0.124069,0.005431,MM 15° + TOF,13–17,0.000167,1.0,4.886214218139648,0.12384033203125,4.940946960449218,1.4e-05,1.3e-05,1.8e-05
E1_18.15,"as built, LS off",1000000,0.160725,0.124069,0.005431,MM 15° + TOF,9–14,0.002073,0.9995176073323685,5.307006225585937,0.5635414123535156,5.267565307617187,0.000265,0.000167,0.00036
E1_18.15,"as built, LS off",1000000,0.160725,0.124069,0.005431,MM 3° + TOF,none,0.003976,0.9997484909456741,5.756927032470703,0.632476806640625,5.722520523071289,0.000543,0.000367,0.000716
E1_18.15,"as built, LS off",1000000,0.160725,0.124069,0.005431,MM 3° + TOF,> 13,0.000158,1.0,4.852880401611327,0.10176658630371094,4.904239349365234,1.7e-05,1.5e-05,1.9e-05
E1_18.15,"as built, LS off",1000000,0.160725,0.124069,0.005431,MM 3° + TOF,11–15,0.000568,1.0,5.3199232482910155,0.4373664855957031,5.325209655761718,7.8e-05,5.3e-05,0.000102
E1_18.15,"as built, LS off",1000000,0.160725,0.124069,0.005431,MM 3° + TOF,12–16,0.000301,1.0,5.0850830078125,0.43280029296875,5.125862121582031,3.6e-05,2.7e-05,4.7e-05
E1_18.15,"as built, LS off",1000000,0.160725,0.124069,0.005431,MM 3° + TOF,13–17,0.000158,1.0,4.852880401611327,0.10176658630371094,4.904239349365234,1.7e-05,1.5e-05,1.9e-05
E1_18.15,"as built, LS off",1000000,0.160725,0.124069,0.005431,MM 3° + TOF,9–14,0.002029,1.0,5.306112518310547,0.5398483276367188,5.266429138183593,0.00029,0.000185,0.000385
M1_17.64,"as built, LS off",1000000,0.132103,0.101735,0.002963,trigger,none,0.002963,0.9942625717178535,7.19927520751953,1.5105361938476562,6.9741142272949155,0.000153,0.0001,0.000212
M1_17.64,"as built, LS off",1000000,0.132103,0.101735,0.002963,trigger,> 13,8.4e-05,0.9880952380952381,6.439946060180663,1.476287841796875,6.023575668334959,2e-06,2e-06,3e-06
M1_17.64,"as built, LS off",1000000,0.132103,0.101735,0.002963,trigger,11–15,0.000386,0.9896373056994818,6.438176879882812,1.2661457061767578,6.0471090698242165,1.8e-05,1.2e-05,2.4e-05
M1_17.64,"as built, LS off",1000000,0.132103,0.101735,0.002963,trigger,12–16,0.000199,0.9849246231155779,6.648339080810547,1.1266117095947266,6.343149185180663,7e-06,4e-06,1e-05
M1_17.64,"as built, LS off",1000000,0.132103,0.101735,0.002963,trigger,13–17,8.4e-05,0.9880952380952381,6.439946060180663,1.476287841796875,6.023575668334959,2e-06,2e-06,3e-06
M1_17.64,"as built, LS off",1000000,0.132103,0.101735,0.002963,trigger,9–14,0.001324,0.993202416918429,6.677995147705078,1.545623779296875,6.321191864013671,5.8e-05,3.9e-05,7.8e-05
M1_17.64,"as built, LS off",1000000,0.132103,0.101735,0.002963,MM 15°,none,0.002302,0.9995655951346655,6.8928375244140625,1.3989028930664062,6.772880554199219,0.000113,7.5e-05,0.000153
M1_17.64,"as built, LS off",1000000,0.132103,0.101735,0.002963,MM 15°,> 13,7.6e-05,1.0,6.473846435546875,1.3982810974121094,6.064027786254883,1e-06,1e-06,2e-06
M1_17.64,"as built, LS off",1000000,0.132103,0.101735,0.002963,MM 15°,11–15,0.000315,1.0,6.091108474731445,1.0130615234375,5.98882469177246,1.4e-05,1e-05,1.7e-05
M1_17.64,"as built, LS off",1000000,0.132103,0.101735,0.002963,MM 15°,12–16,0.000167,1.0,6.520055999755859,0.85540771484375,6.121988906860351,5e-06,3e-06,8e-06
M1_17.64,"as built, LS off",1000000,0.132103,0.101735,0.002963,MM 15°,13–17,7.6e-05,1.0,6.473846435546875,1.3982810974121094,6.064027786254883,1e-06,1e-06,2e-06
M1_17.64,"as built, LS off",1000000,0.132103,0.101735,0.002963,MM 15°,9–14,0.001034,1.0,6.332116851806639,1.3936195373535156,6.160626678466796,4.7e-05,3.3e-05,6.1e-05
M1_17.64,"as built, LS off",1000000,0.132103,0.101735,0.002963,MM 3°,none,0.002249,0.9995553579368608,6.765799789428711,1.3529701232910156,6.730163116455078,0.000117,7.7e-05,0.000155
M1_17.64,"as built, LS off",1000000,0.132103,0.101735,0.002963,MM 3°,> 13,7.5e-05,1.0,6.658746566772459,1.9352264404296875,6.336984100341796,2e-06,2e-06,2e-06
M1_17.64,"as built, LS off",1000000,0.132103,0.101735,0.002963,MM 3°,11–15,0.000318,1.0,6.026556472778317,1.0573368072509766,5.953263778686522,1.4e-05,1e-05,1.6e-05
M1_17.64,"as built, LS off",1000000,0.132103,0.101735,0.002963,MM 3°,12–16,0.000166,1.0,6.67486801147461,1.2807140350341797,6.390345001220703,5e-06,3e-06,7e-06
M1_17.64,"as built, LS off",1000000,0.132103,0.101735,0.002963,MM 3°,13–17,7.5e-05,1.0,6.658746566772459,1.9352264404296875,6.336984100341796,2e-06,2e-06,2e-06
M1_17.64,"as built, LS off",1000000,0.132103,0.101735,0.002963,MM 3°,9–14,0.001031,1.0,6.381391906738281,1.35357666015625,6.3052322387695305,4.6e-05,3.2e-05,5.7e-05
M1_17.64,"as built, LS off",1000000,0.132103,0.101735,0.002963,MM 15° + TOF,none,0.002302,0.9995655951346655,6.8928375244140625,1.3989028930664062,6.772880554199219,0.000113,7.5e-05,0.000153
M1_17.64,"as built, LS off",1000000,0.132103,0.101735,0.002963,MM 15° + TOF,> 13,7.6e-05,1.0,6.473846435546875,1.3982810974121094,6.064027786254883,1e-06,1e-06,2e-06
M1_17.64,"as built, LS off",1000000,0.132103,0.101735,0.002963,MM 15° + TOF,11–15,0.000315,1.0,6.091108474731445,1.0130615234375,5.98882469177246,1.4e-05,1e-05,1.7e-05
M1_17.64,"as built, LS off",1000000,0.132103,0.101735,0.002963,MM 15° + TOF,12–16,0.000167,1.0,6.520055999755859,0.85540771484375,6.121988906860351,5e-06,3e-06,8e-06
M1_17.64,"as built, LS off",1000000,0.132103,0.101735,0.002963,MM 15° + TOF,13–17,7.6e-05,1.0,6.473846435546875,1.3982810974121094,6.064027786254883,1e-06,1e-06,2e-06
M1_17.64,"as built, LS off",1000000,0.132103,0.101735,0.002963,MM 15° + TOF,9–14,0.001034,1.0,6.332116851806639,1.3936195373535156,6.160626678466796,4.7e-05,3.3e-05,6.1e-05
M1_17.64,"as built, LS off",1000000,0.132103,0.101735,0.002963,MM 3° + TOF,none,0.002249,0.9995553579368608,6.765799789428711,1.3529701232910156,6.730163116455078,0.000117,7.7e-05,0.000155
M1_17.64,"as built, LS off",1000000,0.132103,0.101735,0.002963,MM 3° + TOF,> 13,7.5e-05,1.0,6.658746566772459,1.9352264404296875,6.336984100341796,2e-06,2e-06,2e-06
M1_17.64,"as built, LS off",1000000,0.132103,0.101735,0.002963,MM 3° + TOF,11–15,0.000318,1.0,6.026556472778317,1.0573368072509766,5.953263778686522,1.4e-05,1e-05,1.6e-05
M1_17.64,"as built, LS off",1000000,0.132103,0.101735,0.002963,MM 3° + TOF,12–16,0.000166,1.0,6.67486801147461,1.2807140350341797,6.390345001220703,5e-06,3e-06,7e-06
M1_17.64,"as built, LS off",1000000,0.132103,0.101735,0.002963,MM 3° + TOF,13–17,7.5e-05,1.0,6.658746566772459,1.9352264404296875,6.336984100341796,2e-06,2e-06,2e-06
M1_17.64,"as built, LS off",1000000,0.132103,0.101735,0.002963,MM 3° + TOF,9–14,0.001031,1.0,6.381391906738281,1.35357666015625,6.3052322387695305,4.6e-05,3.2e-05,5.7e-05
M1_15.1,"as built, LS off",1000000,0.135256,0.104524,0.002541,trigger,none,0.002541,0.9925226288862653,7.604615020751952,2.053730010986328,7.311344757080076,0.00012,8.7e-05,0.000174
M1_15.1,"as built, LS off",1000000,0.135256,0.104524,0.002541,trigger,> 13,0.0,,,,,0.0,0.0,0.0
M1_15.1,"as built, LS off",1000000,0.135256,0.104524,0.002541,trigger,11–15,0.00029,0.996551724137931,5.828307189941406,1.322235107421875,5.619275054931641,9e-06,4e-06,1.9e-05
M1_15.1,"as built, LS off",1000000,0.135256,0.104524,0.002541,trigger,12–16,0.000122,1.0,5.9880548858642575,1.1937141418457031,5.8459242248535155,5e-06,1e-06,7e-06
M1_15.1,"as built, LS off",1000000,0.135256,0.104524,0.002541,trigger,13–17,0.0,,,,,0.0,0.0,0.0
M1_15.1,"as built, LS off",1000000,0.135256,0.104524,0.002541,trigger,9–14,0.001076,0.9944237918215614,6.473351821899412,1.742879867553711,6.269435806274412,4.2e-05,2.8e-05,6.7e-05
M1_15.1,"as built, LS off",1000000,0.135256,0.104524,0.002541,MM 15°,none,0.001973,0.9974657881398885,7.1638996887207025,1.906808853149414,7.067614135742187,8.8e-05,6.5e-05,0.000129
M1_15.1,"as built, LS off",1000000,0.135256,0.104524,0.002541,MM 15°,> 13,0.0,,,,,0.0,0.0,0.0
M1_15.1,"as built, LS off",1000000,0.135256,0.104524,0.002541,MM 15°,11–15,0.000232,1.0,5.624436645507812,1.0990819931030273,5.578663406372071,7e-06,3e-06,1.6e-05
M1_15.1,"as built, LS off",1000000,0.135256,0.104524,0.002541,MM 15°,12–16,0.000101,1.0,5.720367431640625,0.9838790893554688,5.5980987548828125,5e-06,1e-06,7e-06
M1_15.1,"as built, LS off",1000000,0.135256,0.104524,0.002541,MM 15°,13–17,0.0,,,,,0.0,0.0,0.0
M1_15.1,"as built, LS off",1000000,0.135256,0.104524,0.002541,MM 15°,9–14,0.000857,0.9976662777129521,6.1299363708496095,1.6416473388671875,6.011707878112793,3.3e-05,2.3e-05,5.3e-05
M1_15.1,"as built, LS off",1000000,0.135256,0.104524,0.002541,MM 3°,none,0.001895,0.9989445910290238,7.063072357177734,1.7495574951171875,6.9835588836669915,8.9e-05,6.4e-05,0.00012
M1_15.1,"as built, LS off",1000000,0.135256,0.104524,0.002541,MM 3°,> 13,0.0,,,,,0.0,0.0,0.0
M1_15.1,"as built, LS off",1000000,0.135256,0.104524,0.002541,MM 3°,11–15,0.000228,1.0,5.675107421875,0.9881591796875,5.650818023681641,7e-06,3e-06,1.4e-05
M1_15.1,"as built, LS off",1000000,0.135256,0.104524,0.002541,MM 3°,12–16,0.000102,1.0,5.753833312988281,0.42928314208984375,5.7332539367675786,5e-06,1e-06,7e-06
M1_15.1,"as built, LS off",1000000,0.135256,0.104524,0.002541,MM 3°,13–17,0.0,,,,,0.0,0.0,0.0
M1_15.1,"as built, LS off",1000000,0.135256,0.104524,0.002541,MM 3°,9–14,0.000829,0.9987937273823885,6.089789199829101,1.484832763671875,6.039747314453122,3.3e-05,2.4e-05,4.9e-05
M1_15.1,"as built, LS off",1000000,0.135256,0.104524,0.002541,MM 15° + TOF,none,0.001973,0.9974657881398885,7.1638996887207025,1.906808853149414,7.067614135742187,8.8e-05,6.5e-05,0.000129
M1_15.1,"as built, LS off",1000000,0.135256,0.104524,0.002541,MM 15° + TOF,> 13,0.0,,,,,0.0,0.0,0.0
M1_15.1,"as built, LS off",1000000,0.135256,0.104524,0.002541,MM 15° + TOF,11–15,0.000232,1.0,5.624436645507812,1.0990819931030273,5.578663406372071,7e-06,3e-06,1.6e-05
M1_15.1,"as built, LS off",1000000,0.135256,0.104524,0.002541,MM 15° + TOF,12–16,0.000101,1.0,5.720367431640625,0.9838790893554688,5.5980987548828125,5e-06,1e-06,7e-06
M1_15.1,"as built, LS off",1000000,0.135256,0.104524,0.002541,MM 15° + TOF,13–17,0.0,,,,,0.0,0.0,0.0
M1_15.1,"as built, LS off",1000000,0.135256,0.104524,0.002541,MM 15° + TOF,9–14,0.000857,0.9976662777129521,6.1299363708496095,1.6416473388671875,6.011707878112793,3.3e-05,2.3e-05,5.3e-05
M1_15.1,"as built, LS off",1000000,0.135256,0.104524,0.002541,MM 3° + TOF,none,0.001895,0.9989445910290238,7.063072357177734,1.7495574951171875,6.9835588836669915,8.9e-05,6.4e-05,0.00012
M1_15.1,"as built, LS off",1000000,0.135256,0.104524,0.002541,MM 3° + TOF,> 13,0.0,,,,,0.0,0.0,0.0
M1_15.1,"as built, LS off",1000000,0.135256,0.104524,0.002541,MM 3° + TOF,11–15,0.000228,1.0,5.675107421875,0.9881591796875,5.650818023681641,7e-06,3e-06,1.4e-05
M1_15.1,"as built, LS off",1000000,0.135256,0.104524,0.002541,MM 3° + TOF,12–16,0.000102,1.0,5.753833312988281,0.42928314208984375,5.7332539367675786,5e-06,1e-06,7e-06
M1_15.1,"as built, LS off",1000000,0.135256,0.104524,0.002541,MM 3° + TOF,13–17,0.0,,,,,0.0,0.0,0.0
M1_15.1,"as built, LS off",1000000,0.135256,0.104524,0.002541,MM 3° + TOF,9–14,0.000829,0.9987937273823885,6.089789199829101,1.484832763671875,6.039747314453122,3.3e-05,2.4e-05,4.9e-05
E1_15.1,"as built, LS off",1000000,0.166026,0.128392,0.004707,trigger,none,0.004707,0.9957510091353303,6.642411499023437,0.8085861206054688,6.367976837158202,0.000556,0.000364,0.000818
E1_15.1,"as built, LS off",1000000,0.166026,0.128392,0.004707,trigger,> 13,2e-06,1.0,,,,0.0,0.0,0.0
E1_15.1,"as built, LS off",1000000,0.166026,0.128392,0.004707,trigger,11–15,0.000635,1.0,5.403317260742186,0.8160171508789062,5.298561096191405,5.9e-05,4.6e-05,9.6e-05
E1_15.1,"as built, LS off",1000000,0.166026,0.128392,0.004707,trigger,12–16,0.000268,1.0,5.138740234375,-0.49509429931640625,5.076492767333985,2.5e-05,2e-05,4.3e-05
E1_15.1,"as built, LS off",1000000,0.166026,0.128392,0.004707,trigger,13–17,2e-06,1.0,,,,0.0,0.0,0.0
E1_15.1,"as built, LS off",1000000,0.166026,0.128392,0.004707,trigger,9–14,0.002189,0.9977158519872088,6.043087768554688,0.7623252868652344,5.7921316528320315,0.000254,0.000175,0.000382
E1_15.1,"as built, LS off",1000000,0.166026,0.128392,0.004707,MM 15°,none,0.003515,0.9988620199146515,6.4174034118652346,0.595794677734375,6.3330219268798835,0.000398,0.000269,0.000564
E1_15.1,"as built, LS off",1000000,0.166026,0.128392,0.004707,MM 15°,> 13,2e-06,1.0,,,,0.0,0.0,0.0
E1_15.1,"as built, LS off",1000000,0.166026,0.128392,0.004707,MM 15°,11–15,0.000461,1.0,5.163630676269529,0.6978683471679688,4.968352508544922,3.9e-05,3.2e-05,6.2e-05
E1_15.1,"as built, LS off",1000000,0.166026,0.128392,0.004707,MM 15°,12–16,0.000194,1.0,4.94930534362793,-0.10607147216796875,4.8935213470458985,1.6e-05,1.3e-05,2.6e-05
E1_15.1,"as built, LS off",1000000,0.166026,0.128392,0.004707,MM 15°,13–17,2e-06,1.0,,,,0.0,0.0,0.0
E1_15.1,"as built, LS off",1000000,0.166026,0.128392,0.004707,MM 15°,9–14,0.001655,0.9993957703927493,5.935321731567383,0.5822105407714844,5.7693400573730464,0.000181,0.00013,0.000266
E1_15.1,"as built, LS off",1000000,0.166026,0.128392,0.004707,MM 3°,none,0.00339,0.9991150442477876,6.343390045166014,0.5133209228515625,6.2573373413085935,0.00042,0.00028,0.000582
E1_15.1,"as built, LS off",1000000,0.166026,0.128392,0.004707,MM 3°,> 13,2e-06,1.0,,,,0.0,0.0,0.0
E1_15.1,"as built, LS off",1000000,0.166026,0.128392,0.004707,MM 3°,11–15,0.00046,1.0,5.0544352722167964,0.5841598510742188,4.944943237304687,4.5e-05,3.5e-05,6.7e-05
E1_15.1,"as built, LS off",1000000,0.166026,0.128392,0.004707,MM 3°,12–16,0.0002,1.0,4.615284423828125,-0.32008934020996094,4.544771423339843,2.1e-05,1.6e-05,3e-05
E1_15.1,"as built, LS off",1000000,0.166026,0.128392,0.004707,MM 3°,13–17,2e-06,1.0,,,,0.0,0.0,0.0
E1_15.1,"as built, LS off",1000000,0.166026,0.128392,0.004707,MM 3°,9–14,0.001604,0.9993765586034913,5.843795776367188,0.5027084350585938,5.728870544433594,0.000192,0.000137,0.000271
E1_15.1,"as built, LS off",1000000,0.166026,0.128392,0.004707,MM 15° + TOF,none,0.003515,0.9988620199146515,6.4174034118652346,0.595794677734375,6.3330219268798835,0.000398,0.000269,0.000564
E1_15.1,"as built, LS off",1000000,0.166026,0.128392,0.004707,MM 15° + TOF,> 13,2e-06,1.0,,,,0.0,0.0,0.0
E1_15.1,"as built, LS off",1000000,0.166026,0.128392,0.004707,MM 15° + TOF,11–15,0.000461,1.0,5.163630676269529,0.6978683471679688,4.968352508544922,3.9e-05,3.2e-05,6.2e-05
E1_15.1,"as built, LS off",1000000,0.166026,0.128392,0.004707,MM 15° + TOF,12–16,0.000194,1.0,4.94930534362793,-0.10607147216796875,4.8935213470458985,1.6e-05,1.3e-05,2.6e-05
E1_15.1,"as built, LS off",1000000,0.166026,0.128392,0.004707,MM 15° + TOF,13–17,2e-06,1.0,,,,0.0,0.0,0.0
E1_15.1,"as built, LS off",1000000,0.166026,0.128392,0.004707,MM 15° + TOF,9–14,0.001655,0.9993957703927493,5.935321731567383,0.5822105407714844,5.7693400573730464,0.000181,0.00013,0.000266
E1_15.1,"as built, LS off",1000000,0.166026,0.128392,0.004707,MM 3° + TOF,none,0.00339,0.9991150442477876,6.343390045166014,0.5133209228515625,6.2573373413085935,0.00042,0.00028,0.000582
E1_15.1,"as built, LS off",1000000,0.166026,0.128392,0.004707,MM 3° + TOF,> 13,2e-06,1.0,,,,0.0,0.0,0.0
E1_15.1,"as built, LS off",1000000,0.166026,0.128392,0.004707,MM 3° + TOF,11–15,0.00046,1.0,5.0544352722167964,0.5841598510742188,4.944943237304687,4.5e-05,3.5e-05,6.7e-05
E1_15.1,"as built, LS off",1000000,0.166026,0.128392,0.004707,MM 3° + TOF,12–16,0.0002,1.0,4.615284423828125,-0.32008934020996094,4.544771423339843,2.1e-05,1.6e-05,3e-05
E1_15.1,"as built, LS off",1000000,0.166026,0.128392,0.004707,MM 3° + TOF,13–17,2e-06,1.0,,,,0.0,0.0,0.0
E1_15.1,"as built, LS off",1000000,0.166026,0.128392,0.004707,MM 3° + TOF,9–14,0.001604,0.9993765586034913,5.843795776367188,0.5027084350585938,5.728870544433594,0.000192,0.000137,0.000271
M1_14.6,"as built, LS off",1000000,0.136864,0.105724,0.002443,trigger,none,0.002443,0.9954973393368809,7.291188201904297,1.9854183197021484,7.068707733154295,0.000125,7.8e-05,0.00017
M1_14.6,"as built, LS off",1000000,0.136864,0.105724,0.002443,trigger,> 13,0.0,,,,,0.0,0.0,0.0
M1_14.6,"as built, LS off",1000000,0.136864,0.105724,0.002443,trigger,11–15,0.000298,1.0,5.207618713378905,0.8436431884765625,5.047279968261718,1e-05,4e-06,1.3e-05
M1_14.6,"as built, LS off",1000000,0.136864,0.105724,0.002443,trigger,12–16,4.6e-05,1.0,4.969644927978514,-0.0213165283203125,4.7310539245605465,1e-06,0.0,1e-06
M1_14.6,"as built, LS off",1000000,0.136864,0.105724,0.002443,trigger,13–17,0.0,,,,,0.0,0.0,0.0
M1_14.6,"as built, LS off",1000000,0.136864,0.105724,0.002443,trigger,9–14,0.001023,0.9970674486803519,6.690066604614257,1.5056705474853516,6.578937683105467,4.3e-05,2.7e-05,6.2e-05
M1_14.6,"as built, LS off",1000000,0.136864,0.105724,0.002443,MM 15°,none,0.00189,0.9994708994708995,6.99552894592285,1.9451675415039062,6.906961479187012,9.2e-05,5.9e-05,0.000125
M1_14.6,"as built, LS off",1000000,0.136864,0.105724,0.002443,MM 15°,> 13,0.0,,,,,0.0,0.0,0.0
M1_14.6,"as built, LS off",1000000,0.136864,0.105724,0.002443,MM 15°,11–15,0.00023,1.0,4.842161560058592,0.7136192321777344,4.815551834106445,6e-06,3e-06,7e-06
M1_14.6,"as built, LS off",1000000,0.136864,0.105724,0.002443,MM 15°,12–16,3.7e-05,1.0,4.960738677978515,-0.9728012084960938,4.839739685058594,0.0,0.0,0.0
M1_14.6,"as built, LS off",1000000,0.136864,0.105724,0.002443,MM 15°,13–17,0.0,,,,,0.0,0.0,0.0
M1_14.6,"as built, LS off",1000000,0.136864,0.105724,0.002443,MM 15°,9–14,0.000789,1.0,6.252902984619141,1.1989593505859375,6.338229217529291,3.3e-05,2.3e-05,4.6e-05
M1_14.6,"as built, LS off",1000000,0.136864,0.105724,0.002443,MM 3°,none,0.001846,1.0,6.8961433410644535,1.8210487365722656,6.882656860351561,9.6e-05,6.2e-05,0.000126
M1_14.6,"as built, LS off",1000000,0.136864,0.105724,0.002443,MM 3°,> 13,0.0,,,,,0.0,0.0,0.0
M1_14.6,"as built, LS off",1000000,0.136864,0.105724,0.002443,MM 3°,11–15,0.000225,1.0,4.922437591552734,0.7742996215820312,4.823257293701172,7e-06,3e-06,8e-06
M1_14.6,"as built, LS off",1000000,0.136864,0.105724,0.002443,MM 3°,12–16,3.7e-05,1.0,4.960738677978515,-0.9728012084960938,4.839739685058594,0.0,0.0,0.0
M1_14.6,"as built, LS off",1000000,0.136864,0.105724,0.002443,MM 3°,13–17,0.0,,,,,0.0,0.0,0.0
M1_14.6,"as built, LS off",1000000,0.136864,0.105724,0.002443,MM 3°,9–14,0.000786,1.0,6.4233055114746085,1.2440299987792969,6.389015197753906,3.6e-05,2.5e-05,4.8e-05
M1_14.6,"as built, LS off",1000000,0.136864,0.105724,0.002443,MM 15° + TOF,none,0.00189,0.9994708994708995,6.99552894592285,1.9451675415039062,6.906961479187012,9.2e-05,5.9e-05,0.000125
M1_14.6,"as built, LS off",1000000,0.136864,0.105724,0.002443,MM 15° + TOF,> 13,0.0,,,,,0.0,0.0,0.0
M1_14.6,"as built, LS off",1000000,0.136864,0.105724,0.002443,MM 15° + TOF,11–15,0.00023,1.0,4.842161560058592,0.7136192321777344,4.815551834106445,6e-06,3e-06,7e-06
M1_14.6,"as built, LS off",1000000,0.136864,0.105724,0.002443,MM 15° + TOF,12–16,3.7e-05,1.0,4.960738677978515,-0.9728012084960938,4.839739685058594,0.0,0.0,0.0
M1_14.6,"as built, LS off",1000000,0.136864,0.105724,0.002443,MM 15° + TOF,13–17,0.0,,,,,0.0,0.0,0.0
M1_14.6,"as built, LS off",1000000,0.136864,0.105724,0.002443,MM 15° + TOF,9–14,0.000789,1.0,6.252902984619141,1.1989593505859375,6.338229217529291,3.3e-05,2.3e-05,4.6e-05
M1_14.6,"as built, LS off",1000000,0.136864,0.105724,0.002443,MM 3° + TOF,none,0.001846,1.0,6.8961433410644535,1.8210487365722656,6.882656860351561,9.6e-05,6.2e-05,0.000126
M1_14.6,"as built, LS off",1000000,0.136864,0.105724,0.002443,MM 3° + TOF,> 13,0.0,,,,,0.0,0.0,0.0
M1_14.6,"as built, LS off",1000000,0.136864,0.105724,0.002443,MM 3° + TOF,11–15,0.000225,1.0,4.922437591552734,0.7742996215820312,4.823257293701172,7e-06,3e-06,8e-06
M1_14.6,"as built, LS off",1000000,0.136864,0.105724,0.002443,MM 3° + TOF,12–16,3.7e-05,1.0,4.960738677978515,-0.9728012084960938,4.839739685058594,0.0,0.0,0.0
M1_14.6,"as built, LS off",1000000,0.136864,0.105724,0.002443,MM 3° + TOF,13–17,0.0,,,,,0.0,0.0,0.0
M1_14.6,"as built, LS off",1000000,0.136864,0.105724,0.002443,MM 3° + TOF,9–14,0.000786,1.0,6.4233055114746085,1.2440299987792969,6.389015197753906,3.6e-05,2.5e-05,4.8e-05
E1_14.6,"as built, LS off",1000000,0.167188,0.129589,0.004484,trigger,none,0.004484,0.9950936663693131,6.74918472290039,1.0348243713378906,6.506906814575196,0.000615,0.000417,0.000846
E1_14.6,"as built, LS off",1000000,0.167188,0.129589,0.004484,trigger,> 13,0.0,,,,,0.0,0.0,0.0
E1_14.6,"as built, LS off",1000000,0.167188,0.129589,0.004484,trigger,11–15,0.000609,1.0,5.465118331909179,1.1352348327636719,5.250541534423828,7.4e-05,5.2e-05,0.000105
E1_14.6,"as built, LS off",1000000,0.167188,0.129589,0.004484,trigger,12–16,9.7e-05,1.0,5.295855331420899,0.7612075805664062,5.18503921508789,8e-06,7e-06,1.5e-05
E1_14.6,"as built, LS off",1000000,0.167188,0.129589,0.004484,trigger,13–17,0.0,,,,,0.0,0.0,0.0
E1_14.6,"as built, LS off",1000000,0.167188,0.129589,0.004484,trigger,9–14,0.002115,0.9966903073286052,6.322689208984373,0.8611297607421875,6.086010437011717,0.000278,0.000188,0.000399
E1_14.6,"as built, LS off",1000000,0.167188,0.129589,0.004484,MM 15°,none,0.003388,0.9991145218417946,6.619746856689453,0.9985733032226562,6.552179565429686,0.000452,0.000306,0.000612
E1_14.6,"as built, LS off",1000000,0.167188,0.129589,0.004484,MM 15°,> 13,0.0,,,,,0.0,0.0,0.0
E1_14.6,"as built, LS off",1000000,0.167188,0.129589,0.004484,MM 15°,11–15,0.000476,1.0,5.380283355712891,1.0159072875976562,5.258569717407227,6.3e-05,4.4e-05,8.4e-05
E1_14.6,"as built, LS off",1000000,0.167188,0.129589,0.004484,MM 15°,12–16,8.2e-05,1.0,5.790498580932617,0.6298103332519531,5.635915298461913,8e-06,7e-06,1.2e-05
E1_14.6,"as built, LS off",1000000,0.167188,0.129589,0.004484,MM 15°,13–17,0.0,,,,,0.0,0.0,0.0
E1_14.6,"as built, LS off",1000000,0.167188,0.129589,0.004484,MM 15°,9–14,0.001605,1.0,6.115831298828125,0.6770401000976562,6.084156188964844,0.000214,0.000143,0.000294
E1_14.6,"as built, LS off",1000000,0.167188,0.129589,0.004484,MM 3°,none,0.003235,0.9987635239567233,6.5336345672607425,0.938507080078125,6.460430526733397,0.000473,0.00032,0.000624
E1_14.6,"as built, LS off",1000000,0.167188,0.129589,0.004484,MM 3°,> 13,0.0,,,,,0.0,0.0,0.0
E1_14.6,"as built, LS off",1000000,0.167188,0.129589,0.004484,MM 3°,11–15,0.000445,1.0,5.248790054321288,0.97821044921875,5.157057571411133,6.3e-05,4.4e-05,8.7e-05
E1_14.6,"as built, LS off",1000000,0.167188,0.129589,0.004484,MM 3°,12–16,7.9e-05,1.0,4.913932647705078,0.4385986328125,4.944939727783202,7e-06,6e-06,1.3e-05
E1_14.6,"as built, LS off",1000000,0.167188,0.129589,0.004484,MM 3°,13–17,0.0,,,,,0.0,0.0,0.0
E1_14.6,"as built, LS off",1000000,0.167188,0.129589,0.004484,MM 3°,9–14,0.001559,0.9993585631815266,6.139486312866211,0.6657180786132812,6.059882354736326,0.000222,0.000152,0.000305
E1_14.6,"as built, LS off",1000000,0.167188,0.129589,0.004484,MM 15° + TOF,none,0.003388,0.9991145218417946,6.619746856689453,0.9985733032226562,6.552179565429686,0.000452,0.000306,0.000612
E1_14.6,"as built, LS off",1000000,0.167188,0.129589,0.004484,MM 15° + TOF,> 13,0.0,,,,,0.0,0.0,0.0
E1_14.6,"as built, LS off",1000000,0.167188,0.129589,0.004484,MM 15° + TOF,11–15,0.000476,1.0,5.380283355712891,1.0159072875976562,5.258569717407227,6.3e-05,4.4e-05,8.4e-05
E1_14.6,"as built, LS off",1000000,0.167188,0.129589,0.004484,MM 15° + TOF,12–16,8.2e-05,1.0,5.790498580932617,0.6298103332519531,5.635915298461913,8e-06,7e-06,1.2e-05
E1_14.6,"as built, LS off",1000000,0.167188,0.129589,0.004484,MM 15° + TOF,13–17,0.0,,,,,0.0,0.0,0.0
E1_14.6,"as built, LS off",1000000,0.167188,0.129589,0.004484,MM 15° + TOF,9–14,0.001605,1.0,6.115831298828125,0.6770401000976562,6.084156188964844,0.000214,0.000143,0.000294
E1_14.6,"as built, LS off",1000000,0.167188,0.129589,0.004484,MM 3° + TOF,none,0.003235,0.9987635239567233,6.5336345672607425,0.938507080078125,6.460430526733397,0.000473,0.00032,0.000624
E1_14.6,"as built, LS off",1000000,0.167188,0.129589,0.004484,MM 3° + TOF,> 13,0.0,,,,,0.0,0.0,0.0
E1_14.6,"as built, LS off",1000000,0.167188,0.129589,0.004484,MM 3° + TOF,11–15,0.000445,1.0,5.248790054321288,0.97821044921875,5.157057571411133,6.3e-05,4.4e-05,8.7e-05
E1_14.6,"as built, LS off",1000000,0.167188,0.129589,0.004484,MM 3° + TOF,12–16,7.9e-05,1.0,4.913932647705078,0.4385986328125,4.944939727783202,7e-06,6e-06,1.3e-05
E1_14.6,"as built, LS off",1000000,0.167188,0.129589,0.004484,MM 3° + TOF,13–17,0.0,,,,,0.0,0.0,0.0
E1_14.6,"as built, LS off",1000000,0.167188,0.129589,0.004484,MM 3° + TOF,9–14,0.001559,0.9993585631815266,6.139486312866211,0.6657180786132812,6.059882354736326,0.000222,0.000152,0.000305
X17_m16.7,20 SiPM bars,1000000,0.48123,0.388491,0.033183,trigger,none,0.033183,0.9983726606997559,5.249187622070313,0.4351348876953125,5.066374816894531,0.021083,0.016268,0.024955
X17_m16.7,20 SiPM bars,1000000,0.48123,0.388491,0.033183,trigger,> 13,0.018105,0.9996133664733499,4.824610595703125,0.5580673217773438,4.681437683105468,0.010665,0.00797,0.013019
X17_m16.7,20 SiPM bars,1000000,0.48123,0.388491,0.033183,trigger,11–15,0.025633,0.9991807435727382,5.1220678710937495,0.5139923095703125,4.974565124511718,0.016197,0.012446,0.019215
X17_m16.7,20 SiPM bars,1000000,0.48123,0.388491,0.033183,trigger,12–16,0.023245,0.999526779952678,4.990449829101562,0.5321426391601562,4.836387023925781,0.014254,0.010835,0.017113
X17_m16.7,20 SiPM bars,1000000,0.48123,0.388491,0.033183,trigger,13–17,0.018105,0.9996133664733499,4.824610595703125,0.5580673217773438,4.681437683105468,0.010665,0.00797,0.013019
X17_m16.7,20 SiPM bars,1000000,0.48123,0.388491,0.033183,trigger,9–14,0.020888,0.9982765224052087,5.527965393066406,0.42290496826171875,5.3372677612304695,0.014356,0.011371,0.016473
X17_m16.7,20 SiPM bars,1000000,0.48123,0.388491,0.033183,MM 15°,none,0.021415,0.9992528601447583,5.081850585937499,0.1673583984375,4.998981323242187,0.015412,0.012181,0.017699
X17_m16.7,20 SiPM bars,1000000,0.48123,0.388491,0.033183,MM 15°,> 13,0.011531,0.9998265545052467,4.69318572998047,0.2696685791015625,4.608749694824219,0.007899,0.006082,0.009286
X17_m16.7,20 SiPM bars,1000000,0.48123,0.388491,0.033183,MM 15°,11–15,0.016647,0.9996996455817865,4.963461303710937,0.23909759521484375,4.8723971557617185,0.011939,0.0094,0.013737
X17_m16.7,20 SiPM bars,1000000,0.48123,0.388491,0.033183,MM 15°,12–16,0.015009,0.9998667466186955,4.834800109863281,0.26397705078125,4.752077941894531,0.010552,0.00823,0.012253
X17_m16.7,20 SiPM bars,1000000,0.48123,0.388491,0.033183,MM 15°,13–17,0.011531,0.9998265545052467,4.69318572998047,0.2696685791015625,4.608749694824219,0.007899,0.006082,0.009286
X17_m16.7,20 SiPM bars,1000000,0.48123,0.388491,0.033183,MM 15°,9–14,0.013784,0.9992745211839814,5.28998504638672,0.14664459228515625,5.217831115722657,0.010488,0.008473,0.011757
X17_m16.7,20 SiPM bars,1000000,0.48123,0.388491,0.033183,MM 3°,none,0.020607,0.9991750376085796,4.979297180175779,-0.005340576171875,4.939207763671874,0.016903,0.013213,0.019142
X17_m16.7,20 SiPM bars,1000000,0.48123,0.388491,0.033183,MM 3°,> 13,0.01085,0.9999078341013825,4.589244384765625,0.09722900390625,4.569208068847656,0.008724,0.006641,0.010073
X17_m16.7,20 SiPM bars,1000000,0.48123,0.388491,0.033183,MM 3°,11–15,0.015937,0.9997490117337015,4.878059387207031,0.0884552001953125,4.835525207519531,0.013097,0.010209,0.014843
X17_m16.7,20 SiPM bars,1000000,0.48123,0.388491,0.033183,MM 3°,12–16,0.014263,0.9999298885227512,4.773808288574218,0.0909423828125,4.720024414062499,0.011604,0.008958,0.013266
X17_m16.7,20 SiPM bars,1000000,0.48123,0.388491,0.033183,MM 3°,13–17,0.01085,0.9999078341013825,4.589244384765625,0.09722900390625,4.569208068847656,0.008724,0.006641,0.010073
X17_m16.7,20 SiPM bars,1000000,0.48123,0.388491,0.033183,MM 3°,9–14,0.013561,0.9991888503797655,5.1829049682617185,0.03585052490234375,5.138062133789062,0.011446,0.009161,0.012687
X17_m16.7,20 SiPM bars,1000000,0.48123,0.388491,0.033183,MM 15° + TOF,none,0.021415,0.9992528601447583,5.081850585937499,0.1673583984375,4.998981323242187,0.015412,0.012181,0.017699
X17_m16.7,20 SiPM bars,1000000,0.48123,0.388491,0.033183,MM 15° + TOF,> 13,0.011531,0.9998265545052467,4.69318572998047,0.2696685791015625,4.608749694824219,0.007899,0.006082,0.009286
X17_m16.7,20 SiPM bars,1000000,0.48123,0.388491,0.033183,MM 15° + TOF,11–15,0.016647,0.9996996455817865,4.963461303710937,0.23909759521484375,4.8723971557617185,0.011939,0.0094,0.013737
X17_m16.7,20 SiPM bars,1000000,0.48123,0.388491,0.033183,MM 15° + TOF,12–16,0.015009,0.9998667466186955,4.834800109863281,0.26397705078125,4.752077941894531,0.010552,0.00823,0.012253
X17_m16.7,20 SiPM bars,1000000,0.48123,0.388491,0.033183,MM 15° + TOF,13–17,0.011531,0.9998265545052467,4.69318572998047,0.2696685791015625,4.608749694824219,0.007899,0.006082,0.009286
X17_m16.7,20 SiPM bars,1000000,0.48123,0.388491,0.033183,MM 15° + TOF,9–14,0.013784,0.9992745211839814,5.28998504638672,0.14664459228515625,5.217831115722657,0.010488,0.008473,0.011757
X17_m16.7,20 SiPM bars,1000000,0.48123,0.388491,0.033183,MM 3° + TOF,none,0.020607,0.9991750376085796,4.979297180175779,-0.005340576171875,4.939207763671874,0.016903,0.013213,0.019142
X17_m16.7,20 SiPM bars,1000000,0.48123,0.388491,0.033183,MM 3° + TOF,> 13,0.01085,0.9999078341013825,4.589244384765625,0.09722900390625,4.569208068847656,0.008724,0.006641,0.010073
X17_m16.7,20 SiPM bars,1000000,0.48123,0.388491,0.033183,MM 3° + TOF,11–15,0.015937,0.9997490117337015,4.878059387207031,0.0884552001953125,4.835525207519531,0.013097,0.010209,0.014843
X17_m16.7,20 SiPM bars,1000000,0.48123,0.388491,0.033183,MM 3° + TOF,12–16,0.014263,0.9999298885227512,4.773808288574218,0.0909423828125,4.720024414062499,0.011604,0.008958,0.013266
X17_m16.7,20 SiPM bars,1000000,0.48123,0.388491,0.033183,MM 3° + TOF,13–17,0.01085,0.9999078341013825,4.589244384765625,0.09722900390625,4.569208068847656,0.008724,0.006641,0.010073
X17_m16.7,20 SiPM bars,1000000,0.48123,0.388491,0.033183,MM 3° + TOF,9–14,0.013561,0.9991888503797655,5.1829049682617185,0.03585052490234375,5.138062133789062,0.011446,0.009161,0.012687
X17_m17.0,20 SiPM bars,1000000,0.49596,0.404208,0.040157,trigger,none,0.040157,0.9987797893268919,5.052362365722656,0.4748382568359375,4.867642211914061,0.024201,0.018099,0.029355
X17_m17.0,20 SiPM bars,1000000,0.49596,0.404208,0.040157,trigger,> 13,0.021986,0.9996816155735468,4.634560852050781,0.55810546875,4.480315246582031,0.012058,0.008519,0.015287
X17_m17.0,20 SiPM bars,1000000,0.49596,0.404208,0.040157,trigger,11–15,0.031525,0.9994290245836638,4.9207675170898435,0.5723419189453125,4.741290283203124,0.018869,0.014014,0.022999
X17_m17.0,20 SiPM bars,1000000,0.49596,0.404208,0.040157,trigger,12–16,0.028484,0.999578710855217,4.789631652832031,0.5632400512695312,4.630572814941406,0.016422,0.011977,0.020331
X17_m17.0,20 SiPM bars,1000000,0.49596,0.404208,0.040157,trigger,13–17,0.021986,0.9996816155735468,4.634560852050781,0.55810546875,4.480315246582031,0.012058,0.008519,0.015287
X17_m17.0,20 SiPM bars,1000000,0.49596,0.404208,0.040157,trigger,9–14,0.026253,0.9988953643393136,5.311069946289063,0.5061111450195312,5.085849914550781,0.017324,0.013424,0.020276
X17_m17.0,20 SiPM bars,1000000,0.49596,0.404208,0.040157,MM 15°,none,0.025054,0.9994412069928953,4.827637939453124,0.18901824951171875,4.758790283203124,0.017365,0.013425,0.020316
X17_m17.0,20 SiPM bars,1000000,0.49596,0.404208,0.040157,MM 15°,> 13,0.013473,0.9999257774808877,4.4315966796875,0.30474853515625,4.365779418945312,0.008714,0.006392,0.010588
X17_m17.0,20 SiPM bars,1000000,0.49596,0.404208,0.040157,MM 15°,11–15,0.019649,0.9998473204743243,4.68240966796875,0.27397918701171875,4.605363464355468,0.013578,0.010435,0.015926
X17_m17.0,20 SiPM bars,1000000,0.49596,0.404208,0.040157,MM 15°,12–16,0.017626,0.9999432656303189,4.552347106933594,0.2806854248046875,4.494823913574218,0.011841,0.008957,0.014088
X17_m17.0,20 SiPM bars,1000000,0.49596,0.404208,0.040157,MM 15°,13–17,0.013473,0.9999257774808877,4.4315966796875,0.30474853515625,4.365779418945312,0.008714,0.006392,0.010588
X17_m17.0,20 SiPM bars,1000000,0.49596,0.404208,0.040157,MM 15°,9–14,0.016728,0.9995217599234816,5.037408752441406,0.20508575439453125,4.958124999999999,0.012451,0.009973,0.014093
X17_m17.0,20 SiPM bars,1000000,0.49596,0.404208,0.040157,MM 3°,none,0.024078,0.9996677464905723,4.7284066772460935,-0.00095367431640625,4.672550048828125,0.01937,0.014764,0.022304
X17_m17.0,20 SiPM bars,1000000,0.49596,0.404208,0.040157,MM 3°,> 13,0.012693,0.9999212164184984,4.342687072753907,0.0966033935546875,4.293834533691406,0.009845,0.007096,0.011708
X17_m17.0,20 SiPM bars,1000000,0.49596,0.404208,0.040157,MM 3°,11–15,0.01886,0.9998409331919406,4.582514038085936,0.0912017822265625,4.52246337890625,0.015185,0.011514,0.017526
X17_m17.0,20 SiPM bars,1000000,0.49596,0.404208,0.040157,MM 3°,12–16,0.016789,0.9999404371910179,4.475272521972656,0.0904998779296875,4.422637329101562,0.013303,0.009904,0.015543
X17_m17.0,20 SiPM bars,1000000,0.49596,0.404208,0.040157,MM 3°,13–17,0.012693,0.9999212164184984,4.342687072753907,0.0966033935546875,4.293834533691406,0.009845,0.007096,0.011708
X17_m17.0,20 SiPM bars,1000000,0.49596,0.404208,0.040157,MM 3°,9–14,0.016428,0.9996956415875334,4.917689819335937,0.0551605224609375,4.837181091308594,0.013769,0.010896,0.015399
X17_m17.0,20 SiPM bars,1000000,0.49596,0.404208,0.040157,MM 15° + TOF,none,0.025054,0.9994412069928953,4.827637939453124,0.18901824951171875,4.758790283203124,0.017365,0.013425,0.020316
X17_m17.0,20 SiPM bars,1000000,0.49596,0.404208,0.040157,MM 15° + TOF,> 13,0.013473,0.9999257774808877,4.4315966796875,0.30474853515625,4.365779418945312,0.008714,0.006392,0.010588
X17_m17.0,20 SiPM bars,1000000,0.49596,0.404208,0.040157,MM 15° + TOF,11–15,0.019649,0.9998473204743243,4.68240966796875,0.27397918701171875,4.605363464355468,0.013578,0.010435,0.015926
X17_m17.0,20 SiPM bars,1000000,0.49596,0.404208,0.040157,MM 15° + TOF,12–16,0.017626,0.9999432656303189,4.552347106933594,0.2806854248046875,4.494823913574218,0.011841,0.008957,0.014088
X17_m17.0,20 SiPM bars,1000000,0.49596,0.404208,0.040157,MM 15° + TOF,13–17,0.013473,0.9999257774808877,4.4315966796875,0.30474853515625,4.365779418945312,0.008714,0.006392,0.010588
X17_m17.0,20 SiPM bars,1000000,0.49596,0.404208,0.040157,MM 15° + TOF,9–14,0.016728,0.9995217599234816,5.037408752441406,0.20508575439453125,4.958124999999999,0.012451,0.009973,0.014093
X17_m17.0,20 SiPM bars,1000000,0.49596,0.404208,0.040157,MM 3° + TOF,none,0.024078,0.9996677464905723,4.7284066772460935,-0.00095367431640625,4.672550048828125,0.01937,0.014764,0.022304
X17_m17.0,20 SiPM bars,1000000,0.49596,0.404208,0.040157,MM 3° + TOF,> 13,0.012693,0.9999212164184984,4.342687072753907,0.0966033935546875,4.293834533691406,0.009845,0.007096,0.011708
X17_m17.0,20 SiPM bars,1000000,0.49596,0.404208,0.040157,MM 3° + TOF,11–15,0.01886,0.9998409331919406,4.582514038085936,0.0912017822265625,4.52246337890625,0.015185,0.011514,0.017526
X17_m17.0,20 SiPM bars,1000000,0.49596,0.404208,0.040157,MM 3° + TOF,12–16,0.016789,0.9999404371910179,4.475272521972656,0.0904998779296875,4.422637329101562,0.013303,0.009904,0.015543
X17_m17.0,20 SiPM bars,1000000,0.49596,0.404208,0.040157,MM 3° + TOF,13–17,0.012693,0.9999212164184984,4.342687072753907,0.0966033935546875,4.293834533691406,0.009845,0.007096,0.011708
X17_m17.0,20 SiPM bars,1000000,0.49596,0.404208,0.040157,MM 3° + TOF,9–14,0.016428,0.9996956415875334,4.917689819335937,0.0551605224609375,4.837181091308594,0.013769,0.010896,0.015399
M1_18.15,20 SiPM bars,1000000,0.131319,0.101108,0.003143,trigger,none,0.003143,0.9933184855233853,6.95113441467285,1.5994224548339844,6.643567123413085,0.000176,0.000103,0.000235
M1_18.15,20 SiPM bars,1000000,0.131319,0.101108,0.003143,trigger,> 13,0.001564,0.9980818414322251,5.736660766601561,1.0405845642089844,5.576493072509765,9.1e-05,5.3e-05,0.000121
M1_18.15,20 SiPM bars,1000000,0.131319,0.101108,0.003143,trigger,11–15,0.002261,0.9955771782397169,6.220539093017578,1.3857574462890625,6.050914764404297,0.000127,7.2e-05,0.000166
M1_18.15,20 SiPM bars,1000000,0.131319,0.101108,0.003143,trigger,12–16,0.002031,0.9960610536681438,5.989342956542969,1.2160072326660156,5.843862915039063,0.000117,6.5e-05,0.000155
M1_18.15,20 SiPM bars,1000000,0.131319,0.101108,0.003143,trigger,13–17,0.001564,0.9980818414322251,5.736660766601561,1.0405845642089844,5.576493072509765,9.1e-05,5.3e-05,0.000121
M1_18.15,20 SiPM bars,1000000,0.131319,0.101108,0.003143,trigger,9–14,0.001975,0.9918987341772152,7.696716766357422,1.7555046081542969,7.389964218139649,0.000107,6.3e-05,0.000139
M1_18.15,20 SiPM bars,1000000,0.131319,0.101108,0.003143,MM 15°,none,0.002413,0.9983423124740987,6.728925170898439,1.5771713256835938,6.586061553955078,0.000127,7.8e-05,0.000166
M1_18.15,20 SiPM bars,1000000,0.131319,0.101108,0.003143,MM 15°,> 13,0.001237,1.0,5.555502090454102,1.0204086303710938,5.436031951904297,6.6e-05,4.1e-05,8.5e-05
M1_18.15,20 SiPM bars,1000000,0.131319,0.101108,0.003143,MM 15°,11–15,0.001774,0.9994363021420518,6.08224349975586,1.3321990966796875,5.937335357666016,9e-05,5.6e-05,0.000117
M1_18.15,20 SiPM bars,1000000,0.131319,0.101108,0.003143,MM 15°,12–16,0.001604,1.0,5.82869644165039,1.1856689453125,5.766279144287109,8.4e-05,5e-05,0.00011
M1_18.15,20 SiPM bars,1000000,0.131319,0.101108,0.003143,MM 15°,13–17,0.001237,1.0,5.555502090454102,1.0204086303710938,5.436031951904297,6.6e-05,4.1e-05,8.5e-05
M1_18.15,20 SiPM bars,1000000,0.131319,0.101108,0.003143,MM 15°,9–14,0.001512,0.9973544973544973,7.545728607177734,1.6846904754638672,7.341851730346678,7.6e-05,4.7e-05,9.6e-05
M1_18.15,20 SiPM bars,1000000,0.131319,0.101108,0.003143,MM 3°,none,0.002383,0.9983214435585397,6.6401115417480465,1.4620513916015625,6.520042953491211,0.000139,8.2e-05,0.000176
M1_18.15,20 SiPM bars,1000000,0.131319,0.101108,0.003143,MM 3°,> 13,0.001212,1.0,5.542950897216797,0.9180068969726562,5.405378570556641,6.9e-05,4.3e-05,8.7e-05
M1_18.15,20 SiPM bars,1000000,0.131319,0.101108,0.003143,MM 3°,11–15,0.001739,0.9994249568717654,6.020695800781249,1.2755775451660156,5.907417449951172,9.8e-05,5.7e-05,0.000124
M1_18.15,20 SiPM bars,1000000,0.131319,0.101108,0.003143,MM 3°,12–16,0.00157,1.0,5.792325439453126,1.1080150604248047,5.6869985961914065,9e-05,5.1e-05,0.000115
M1_18.15,20 SiPM bars,1000000,0.131319,0.101108,0.003143,MM 3°,13–17,0.001212,1.0,5.542950897216797,0.9180068969726562,5.405378570556641,6.9e-05,4.3e-05,8.7e-05
M1_18.15,20 SiPM bars,1000000,0.131319,0.101108,0.003143,MM 3°,9–14,0.001498,0.9979973297730307,7.299359207153321,1.5686569213867188,7.1649371337890635,8.7e-05,5e-05,0.000109
M1_18.15,20 SiPM bars,1000000,0.131319,0.101108,0.003143,MM 15° + TOF,none,0.002413,0.9983423124740987,6.728925170898439,1.5771713256835938,6.586061553955078,0.000127,7.8e-05,0.000166
M1_18.15,20 SiPM bars,1000000,0.131319,0.101108,0.003143,MM 15° + TOF,> 13,0.001237,1.0,5.555502090454102,1.0204086303710938,5.436031951904297,6.6e-05,4.1e-05,8.5e-05
M1_18.15,20 SiPM bars,1000000,0.131319,0.101108,0.003143,MM 15° + TOF,11–15,0.001774,0.9994363021420518,6.08224349975586,1.3321990966796875,5.937335357666016,9e-05,5.6e-05,0.000117
M1_18.15,20 SiPM bars,1000000,0.131319,0.101108,0.003143,MM 15° + TOF,12–16,0.001604,1.0,5.82869644165039,1.1856689453125,5.766279144287109,8.4e-05,5e-05,0.00011
M1_18.15,20 SiPM bars,1000000,0.131319,0.101108,0.003143,MM 15° + TOF,13–17,0.001237,1.0,5.555502090454102,1.0204086303710938,5.436031951904297,6.6e-05,4.1e-05,8.5e-05
M1_18.15,20 SiPM bars,1000000,0.131319,0.101108,0.003143,MM 15° + TOF,9–14,0.001512,0.9973544973544973,7.545728607177734,1.6846904754638672,7.341851730346678,7.6e-05,4.7e-05,9.6e-05
M1_18.15,20 SiPM bars,1000000,0.131319,0.101108,0.003143,MM 3° + TOF,none,0.002383,0.9983214435585397,6.6401115417480465,1.4620513916015625,6.520042953491211,0.000139,8.2e-05,0.000176
M1_18.15,20 SiPM bars,1000000,0.131319,0.101108,0.003143,MM 3° + TOF,> 13,0.001212,1.0,5.542950897216797,0.9180068969726562,5.405378570556641,6.9e-05,4.3e-05,8.7e-05
M1_18.15,20 SiPM bars,1000000,0.131319,0.101108,0.003143,MM 3° + TOF,11–15,0.001739,0.9994249568717654,6.020695800781249,1.2755775451660156,5.907417449951172,9.8e-05,5.7e-05,0.000124
M1_18.15,20 SiPM bars,1000000,0.131319,0.101108,0.003143,MM 3° + TOF,12–16,0.00157,1.0,5.792325439453126,1.1080150604248047,5.6869985961914065,9e-05,5.1e-05,0.000115
M1_18.15,20 SiPM bars,1000000,0.131319,0.101108,0.003143,MM 3° + TOF,13–17,0.001212,1.0,5.542950897216797,0.9180068969726562,5.405378570556641,6.9e-05,4.3e-05,8.7e-05
M1_18.15,20 SiPM bars,1000000,0.131319,0.101108,0.003143,MM 3° + TOF,9–14,0.001498,0.9979973297730307,7.299359207153321,1.5686569213867188,7.1649371337890635,8.7e-05,5e-05,0.000109
E1_18.15,20 SiPM bars,1000000,0.161312,0.124539,0.005288,trigger,none,0.005288,0.994894099848714,6.154157257080078,0.868408203125,5.911994171142577,0.000721,0.000445,0.000973
E1_18.15,20 SiPM bars,1000000,0.161312,0.124539,0.005288,trigger,> 13,0.002802,0.9985724482512491,5.317478256225586,0.8162612915039062,5.081330108642579,0.000335,0.0002,0.000456
E1_18.15,20 SiPM bars,1000000,0.161312,0.124539,0.005288,trigger,11–15,0.004027,0.9975167618574621,5.771471786499023,0.7430953979492188,5.584212799072265,0.000537,0.00034,0.000717
E1_18.15,20 SiPM bars,1000000,0.161312,0.124539,0.005288,trigger,12–16,0.003654,0.9978106185002736,5.575106811523435,0.7620716094970703,5.300969696044921,0.000463,0.000287,0.000619
E1_18.15,20 SiPM bars,1000000,0.161312,0.124539,0.005288,trigger,13–17,0.002802,0.9985724482512491,5.317478256225586,0.8162612915039062,5.081330108642579,0.000335,0.0002,0.000456
E1_18.15,20 SiPM bars,1000000,0.161312,0.124539,0.005288,trigger,9–14,0.003326,0.994588093806374,6.402335815429689,0.8126678466796875,6.160240859985352,0.000478,0.000305,0.000638
E1_18.15,20 SiPM bars,1000000,0.161312,0.124539,0.005288,MM 15°,none,0.00398,0.9977386934673367,6.012384033203123,0.7533721923828125,5.919254302978514,0.000519,0.000332,0.000681
E1_18.15,20 SiPM bars,1000000,0.161312,0.124539,0.005288,MM 15°,> 13,0.002149,1.0,5.128904495239257,0.7442550659179688,5.0477575683593745,0.000238,0.000146,0.000315
E1_18.15,20 SiPM bars,1000000,0.161312,0.124539,0.005288,MM 15°,11–15,0.003044,0.9996714848883048,5.638013916015625,0.6184921264648438,5.512982635498045,0.000384,0.000251,0.000497
E1_18.15,20 SiPM bars,1000000,0.161312,0.124539,0.005288,MM 15°,12–16,0.002768,0.9996387283236994,5.369323120117188,0.677581787109375,5.301102600097656,0.00033,0.00021,0.000429
E1_18.15,20 SiPM bars,1000000,0.161312,0.124539,0.005288,MM 15°,13–17,0.002149,1.0,5.128904495239257,0.7442550659179688,5.0477575683593745,0.000238,0.000146,0.000315
E1_18.15,20 SiPM bars,1000000,0.161312,0.124539,0.005288,MM 15°,9–14,0.002478,0.9975786924939467,6.331766815185547,0.6123046875,6.137114562988279,0.000338,0.000225,0.000439
E1_18.15,20 SiPM bars,1000000,0.161312,0.124539,0.005288,MM 3°,none,0.003877,0.9979365488779984,5.915559387207031,0.677581787109375,5.847359924316406,0.000561,0.000351,0.000718
E1_18.15,20 SiPM bars,1000000,0.161312,0.124539,0.005288,MM 3°,> 13,0.002078,1.0,5.097285919189452,0.7369918823242188,5.017596130371093,0.000252,0.000154,0.000325
E1_18.15,20 SiPM bars,1000000,0.161312,0.124539,0.005288,MM 3°,11–15,0.002958,0.9996619337390128,5.576773834228516,0.49898529052734375,5.447029113769531,0.000409,0.000264,0.000521
E1_18.15,20 SiPM bars,1000000,0.161312,0.124539,0.005288,MM 3°,12–16,0.002667,0.9996250468691413,5.3168083190917965,0.5687484741210938,5.263509750366211,0.000348,0.00022,0.000442
E1_18.15,20 SiPM bars,1000000,0.161312,0.124539,0.005288,MM 3°,13–17,0.002078,1.0,5.097285919189452,0.7369918823242188,5.017596130371093,0.000252,0.000154,0.000325
E1_18.15,20 SiPM bars,1000000,0.161312,0.124539,0.005288,MM 3°,9–14,0.002413,0.997513468711148,6.187018432617187,0.480865478515625,6.128468170166015,0.000364,0.000239,0.000463
E1_18.15,20 SiPM bars,1000000,0.161312,0.124539,0.005288,MM 15° + TOF,none,0.00398,0.9977386934673367,6.012384033203123,0.7533721923828125,5.919254302978514,0.000519,0.000332,0.000681
E1_18.15,20 SiPM bars,1000000,0.161312,0.124539,0.005288,MM 15° + TOF,> 13,0.002149,1.0,5.128904495239257,0.7442550659179688,5.0477575683593745,0.000238,0.000146,0.000315
E1_18.15,20 SiPM bars,1000000,0.161312,0.124539,0.005288,MM 15° + TOF,11–15,0.003044,0.9996714848883048,5.638013916015625,0.6184921264648438,5.512982635498045,0.000384,0.000251,0.000497
E1_18.15,20 SiPM bars,1000000,0.161312,0.124539,0.005288,MM 15° + TOF,12–16,0.002768,0.9996387283236994,5.369323120117188,0.677581787109375,5.301102600097656,0.00033,0.00021,0.000429
E1_18.15,20 SiPM bars,1000000,0.161312,0.124539,0.005288,MM 15° + TOF,13–17,0.002149,1.0,5.128904495239257,0.7442550659179688,5.0477575683593745,0.000238,0.000146,0.000315
E1_18.15,20 SiPM bars,1000000,0.161312,0.124539,0.005288,MM 15° + TOF,9–14,0.002478,0.9975786924939467,6.331766815185547,0.6123046875,6.137114562988279,0.000338,0.000225,0.000439
E1_18.15,20 SiPM bars,1000000,0.161312,0.124539,0.005288,MM 3° + TOF,none,0.003877,0.9979365488779984,5.915559387207031,0.677581787109375,5.847359924316406,0.000561,0.000351,0.000718
E1_18.15,20 SiPM bars,1000000,0.161312,0.124539,0.005288,MM 3° + TOF,> 13,0.002078,1.0,5.097285919189452,0.7369918823242188,5.017596130371093,0.000252,0.000154,0.000325
E1_18.15,20 SiPM bars,1000000,0.161312,0.124539,0.005288,MM 3° + TOF,11–15,0.002958,0.9996619337390128,5.576773834228516,0.49898529052734375,5.447029113769531,0.000409,0.000264,0.000521
E1_18.15,20 SiPM bars,1000000,0.161312,0.124539,0.005288,MM 3° + TOF,12–16,0.002667,0.9996250468691413,5.3168083190917965,0.5687484741210938,5.263509750366211,0.000348,0.00022,0.000442
E1_18.15,20 SiPM bars,1000000,0.161312,0.124539,0.005288,MM 3° + TOF,13–17,0.002078,1.0,5.097285919189452,0.7369918823242188,5.017596130371093,0.000252,0.000154,0.000325
E1_18.15,20 SiPM bars,1000000,0.161312,0.124539,0.005288,MM 3° + TOF,9–14,0.002413,0.997513468711148,6.187018432617187,0.480865478515625,6.128468170166015,0.000364,0.000239,0.000463
M1_17.64,20 SiPM bars,1000000,0.131991,0.101738,0.002962,trigger,none,0.002962,0.9935854152599595,6.978394622802732,1.6431655883789062,6.70907272338867,0.000171,0.000101,0.000231
M1_17.64,20 SiPM bars,1000000,0.131991,0.101738,0.002962,trigger,> 13,0.001249,0.9983987189751802,5.5246714782714825,1.3687171936035156,5.258311462402342,7.3e-05,3.9e-05,0.000101
M1_17.64,20 SiPM bars,1000000,0.131991,0.101738,0.002962,trigger,11–15,0.002147,0.9948765719608756,5.888306427001952,1.3499832153320312,5.616289520263667,0.000124,7e-05,0.00017
M1_17.64,20 SiPM bars,1000000,0.131991,0.101738,0.002962,trigger,12–16,0.001809,0.9977888336097291,5.722095184326171,1.3518218994140625,5.417965545654296,0.00011,6.3e-05,0.000148
M1_17.64,20 SiPM bars,1000000,0.131991,0.101738,0.002962,trigger,13–17,0.001249,0.9983987189751802,5.5246714782714825,1.3687171936035156,5.258311462402342,7.3e-05,3.9e-05,0.000101
M1_17.64,20 SiPM bars,1000000,0.131991,0.101738,0.002962,trigger,9–14,0.002167,0.9935394554683895,6.95367179870605,1.6484832763671875,6.695778121948228,0.000121,7.3e-05,0.00016
M1_17.64,20 SiPM bars,1000000,0.131991,0.101738,0.002962,MM 15°,none,0.00228,0.999561403508772,6.771691131591797,1.5394859313964844,6.5311449432373045,0.000115,6.5e-05,0.000155
M1_17.64,20 SiPM bars,1000000,0.131991,0.101738,0.002962,MM 15°,> 13,0.000989,1.0,5.435441284179687,1.1858596801757812,5.282900161743163,5.1e-05,2.6e-05,7.1e-05
M1_17.64,20 SiPM bars,1000000,0.131991,0.101738,0.002962,MM 15°,11–15,0.001694,1.0,5.755729370117186,1.2496109008789062,5.621841049194332,8.2e-05,4.5e-05,0.000114
M1_17.64,20 SiPM bars,1000000,0.131991,0.101738,0.002962,MM 15°,12–16,0.001426,1.0,5.534789085388184,1.2199745178222656,5.394813537597656,7.4e-05,4.1e-05,0.0001
M1_17.64,20 SiPM bars,1000000,0.131991,0.101738,0.002962,MM 15°,13–17,0.000989,1.0,5.435441284179687,1.1858596801757812,5.282900161743163,5.1e-05,2.6e-05,7.1e-05
M1_17.64,20 SiPM bars,1000000,0.131991,0.101738,0.002962,MM 15°,9–14,0.001682,0.9994054696789536,6.797247314453125,1.6011772155761719,6.597346115112305,8.1e-05,4.7e-05,0.000111
M1_17.64,20 SiPM bars,1000000,0.131991,0.101738,0.002962,MM 3°,none,0.002247,0.9995549621717846,6.627067565917969,1.4537544250488281,6.5621414184570295,0.000116,6.2e-05,0.000157
M1_17.64,20 SiPM bars,1000000,0.131991,0.101738,0.002962,MM 3°,> 13,0.000968,1.0,5.474040832519531,1.1474456787109375,5.234806442260742,5.1e-05,2.4e-05,7.1e-05
M1_17.64,20 SiPM bars,1000000,0.131991,0.101738,0.002962,MM 3°,11–15,0.001654,1.0,5.65248077392578,1.1676750183105469,5.602755432128906,8.3e-05,4.3e-05,0.000115
M1_17.64,20 SiPM bars,1000000,0.131991,0.101738,0.002962,MM 3°,12–16,0.00139,1.0,5.433004379272461,1.1474456787109375,5.374779510498047,7.4e-05,3.9e-05,9.9e-05
M1_17.64,20 SiPM bars,1000000,0.131991,0.101738,0.002962,MM 3°,13–17,0.000968,1.0,5.474040832519531,1.1474456787109375,5.234806442260742,5.1e-05,2.4e-05,7.1e-05
M1_17.64,20 SiPM bars,1000000,0.131991,0.101738,0.002962,MM 3°,9–14,0.001656,0.9993961352657005,6.622203063964843,1.49395751953125,6.577930984497069,8e-05,4.5e-05,0.00011
M1_17.64,20 SiPM bars,1000000,0.131991,0.101738,0.002962,MM 15° + TOF,none,0.00228,0.999561403508772,6.771691131591797,1.5394859313964844,6.5311449432373045,0.000115,6.5e-05,0.000155
M1_17.64,20 SiPM bars,1000000,0.131991,0.101738,0.002962,MM 15° + TOF,> 13,0.000989,1.0,5.435441284179687,1.1858596801757812,5.282900161743163,5.1e-05,2.6e-05,7.1e-05
M1_17.64,20 SiPM bars,1000000,0.131991,0.101738,0.002962,MM 15° + TOF,11–15,0.001694,1.0,5.755729370117186,1.2496109008789062,5.621841049194332,8.2e-05,4.5e-05,0.000114
M1_17.64,20 SiPM bars,1000000,0.131991,0.101738,0.002962,MM 15° + TOF,12–16,0.001426,1.0,5.534789085388184,1.2199745178222656,5.394813537597656,7.4e-05,4.1e-05,0.0001
M1_17.64,20 SiPM bars,1000000,0.131991,0.101738,0.002962,MM 15° + TOF,13–17,0.000989,1.0,5.435441284179687,1.1858596801757812,5.282900161743163,5.1e-05,2.6e-05,7.1e-05
M1_17.64,20 SiPM bars,1000000,0.131991,0.101738,0.002962,MM 15° + TOF,9–14,0.001682,0.9994054696789536,6.797247314453125,1.6011772155761719,6.597346115112305,8.1e-05,4.7e-05,0.000111
M1_17.64,20 SiPM bars,1000000,0.131991,0.101738,0.002962,MM 3° + TOF,none,0.002247,0.9995549621717846,6.627067565917969,1.4537544250488281,6.5621414184570295,0.000116,6.2e-05,0.000157
M1_17.64,20 SiPM bars,1000000,0.131991,0.101738,0.002962,MM 3° + TOF,> 13,0.000968,1.0,5.474040832519531,1.1474456787109375,5.234806442260742,5.1e-05,2.4e-05,7.1e-05
M1_17.64,20 SiPM bars,1000000,0.131991,0.101738,0.002962,MM 3° + TOF,11–15,0.001654,1.0,5.65248077392578,1.1676750183105469,5.602755432128906,8.3e-05,4.3e-05,0.000115
M1_17.64,20 SiPM bars,1000000,0.131991,0.101738,0.002962,MM 3° + TOF,12–16,0.00139,1.0,5.433004379272461,1.1474456787109375,5.374779510498047,7.4e-05,3.9e-05,9.9e-05
M1_17.64,20 SiPM bars,1000000,0.131991,0.101738,0.002962,MM 3° + TOF,13–17,0.000968,1.0,5.474040832519531,1.1474456787109375,5.234806442260742,5.1e-05,2.4e-05,7.1e-05
M1_17.64,20 SiPM bars,1000000,0.131991,0.101738,0.002962,MM 3° + TOF,9–14,0.001656,0.9993961352657005,6.622203063964843,1.49395751953125,6.577930984497069,8e-05,4.5e-05,0.00011
M1_15.1,20 SiPM bars,1000000,0.136045,0.105375,0.002763,trigger,none,0.002763,0.9916757148027506,7.430347671508788,1.8151683807373047,7.194182434082022,0.000142,8.4e-05,0.000192
M1_15.1,20 SiPM bars,1000000,0.136045,0.105375,0.002763,trigger,> 13,2e-06,1.0,,,,0.0,0.0,0.0
M1_15.1,20 SiPM bars,1000000,0.136045,0.105375,0.002763,trigger,11–15,0.001218,0.9975369458128078,6.518906631469726,1.2215805053710938,6.308003997802734,6.3e-05,3.3e-05,9.2e-05
M1_15.1,20 SiPM bars,1000000,0.136045,0.105375,0.002763,trigger,12–16,0.000236,1.0,5.700370407104492,0.6252002716064453,5.620674133300781,8e-06,2e-06,8e-06
M1_15.1,20 SiPM bars,1000000,0.136045,0.105375,0.002763,trigger,13–17,2e-06,1.0,,,,0.0,0.0,0.0
M1_15.1,20 SiPM bars,1000000,0.136045,0.105375,0.002763,trigger,9–14,0.002312,0.9926470588235294,7.11884376525879,1.6840934753417969,6.843777313232422,0.000115,6.6e-05,0.000158
M1_15.1,20 SiPM bars,1000000,0.136045,0.105375,0.002763,MM 15°,none,0.002151,0.99814039981404,7.268933334350585,1.8278656005859375,7.1573090362548815,9.9e-05,5.8e-05,0.000134
M1_15.1,20 SiPM bars,1000000,0.136045,0.105375,0.002763,MM 15°,> 13,2e-06,1.0,,,,0.0,0.0,0.0
M1_15.1,20 SiPM bars,1000000,0.136045,0.105375,0.002763,MM 15°,11–15,0.000976,1.0,6.371997833251953,1.4220428466796875,6.268556594848633,4.6e-05,2.3e-05,6.7e-05
M1_15.1,20 SiPM bars,1000000,0.136045,0.105375,0.002763,MM 15°,12–16,0.000197,1.0,5.645139465332029,0.8983154296875,5.642038116455077,8e-06,2e-06,8e-06
M1_15.1,20 SiPM bars,1000000,0.136045,0.105375,0.002763,MM 15°,13–17,2e-06,1.0,,,,0.0,0.0,0.0
M1_15.1,20 SiPM bars,1000000,0.136045,0.105375,0.002763,MM 15°,9–14,0.001814,0.9988974641675854,6.943235015869142,1.74853515625,6.882363624572754,7.8e-05,4.5e-05,0.00011
M1_15.1,20 SiPM bars,1000000,0.136045,0.105375,0.002763,MM 3°,none,0.002122,0.9995287464655985,7.284109497070313,1.8068695068359375,7.183821487426758,0.000102,6.1e-05,0.000134
M1_15.1,20 SiPM bars,1000000,0.136045,0.105375,0.002763,MM 3°,> 13,2e-06,1.0,,,,0.0,0.0,0.0
M1_15.1,20 SiPM bars,1000000,0.136045,0.105375,0.002763,MM 3°,11–15,0.000955,1.0,6.40165756225586,1.3978767395019531,6.308036804199219,5e-05,2.6e-05,6.9e-05
M1_15.1,20 SiPM bars,1000000,0.136045,0.105375,0.002763,MM 3°,12–16,0.000197,1.0,5.652002334594727,1.1992721557617188,5.611172637939452,8e-06,2e-06,8e-06
M1_15.1,20 SiPM bars,1000000,0.136045,0.105375,0.002763,MM 3°,13–17,2e-06,1.0,,,,0.0,0.0,0.0
M1_15.1,20 SiPM bars,1000000,0.136045,0.105375,0.002763,MM 3°,9–14,0.001796,0.9994432071269488,6.997104644775391,1.7026748657226562,6.913265151977539,8.3e-05,4.9e-05,0.000113
M1_15.1,20 SiPM bars,1000000,0.136045,0.105375,0.002763,MM 15° + TOF,none,0.002151,0.99814039981404,7.268933334350585,1.8278656005859375,7.1573090362548815,9.9e-05,5.8e-05,0.000134
M1_15.1,20 SiPM bars,1000000,0.136045,0.105375,0.002763,MM 15° + TOF,> 13,2e-06,1.0,,,,0.0,0.0,0.0
M1_15.1,20 SiPM bars,1000000,0.136045,0.105375,0.002763,MM 15° + TOF,11–15,0.000976,1.0,6.371997833251953,1.4220428466796875,6.268556594848633,4.6e-05,2.3e-05,6.7e-05
M1_15.1,20 SiPM bars,1000000,0.136045,0.105375,0.002763,MM 15° + TOF,12–16,0.000197,1.0,5.645139465332029,0.8983154296875,5.642038116455077,8e-06,2e-06,8e-06
M1_15.1,20 SiPM bars,1000000,0.136045,0.105375,0.002763,MM 15° + TOF,13–17,2e-06,1.0,,,,0.0,0.0,0.0
M1_15.1,20 SiPM bars,1000000,0.136045,0.105375,0.002763,MM 15° + TOF,9–14,0.001814,0.9988974641675854,6.943235015869142,1.74853515625,6.882363624572754,7.8e-05,4.5e-05,0.00011
M1_15.1,20 SiPM bars,1000000,0.136045,0.105375,0.002763,MM 3° + TOF,none,0.002122,0.9995287464655985,7.284109497070313,1.8068695068359375,7.183821487426758,0.000102,6.1e-05,0.000134
M1_15.1,20 SiPM bars,1000000,0.136045,0.105375,0.002763,MM 3° + TOF,> 13,2e-06,1.0,,,,0.0,0.0,0.0
M1_15.1,20 SiPM bars,1000000,0.136045,0.105375,0.002763,MM 3° + TOF,11–15,0.000955,1.0,6.40165756225586,1.3978767395019531,6.308036804199219,5e-05,2.6e-05,6.9e-05
M1_15.1,20 SiPM bars,1000000,0.136045,0.105375,0.002763,MM 3° + TOF,12–16,0.000197,1.0,5.652002334594727,1.1992721557617188,5.611172637939452,8e-06,2e-06,8e-06
M1_15.1,20 SiPM bars,1000000,0.136045,0.105375,0.002763,MM 3° + TOF,13–17,2e-06,1.0,,,,0.0,0.0,0.0
M1_15.1,20 SiPM bars,1000000,0.136045,0.105375,0.002763,MM 3° + TOF,9–14,0.001796,0.9994432071269488,6.997104644775391,1.7026748657226562,6.913265151977539,8.3e-05,4.9e-05,0.000113
E1_15.1,20 SiPM bars,1000000,0.165527,0.128391,0.004677,trigger,none,0.004677,0.9959375668163353,6.594206809997558,1.11297607421875,6.458546447753906,0.000648,0.00044,0.000854
E1_15.1,20 SiPM bars,1000000,0.165527,0.128391,0.004677,trigger,> 13,7e-06,1.0,,,,0.0,0.0,0.0
E1_15.1,20 SiPM bars,1000000,0.165527,0.128391,0.004677,trigger,11–15,0.002207,0.9995468962392388,5.994896697998047,0.8090553283691406,5.859279632568359,0.000302,0.000198,0.000403
E1_15.1,20 SiPM bars,1000000,0.165527,0.128391,0.004677,trigger,12–16,0.000411,1.0,5.935719299316407,0.9322662353515625,5.8048454284667965,4e-05,3e-05,5.4e-05
E1_15.1,20 SiPM bars,1000000,0.165527,0.128391,0.004677,trigger,13–17,7e-06,1.0,,,,0.0,0.0,0.0
E1_15.1,20 SiPM bars,1000000,0.165527,0.128391,0.004677,trigger,9–14,0.003976,0.9979879275653923,6.303678588867187,0.9905433654785156,6.133713531494139,0.000544,0.000367,0.000722
E1_15.1,20 SiPM bars,1000000,0.165527,0.128391,0.004677,MM 15°,none,0.003536,0.997737556561086,6.483638916015625,1.0493202209472656,6.431304473876953,0.000471,0.000326,0.000607
E1_15.1,20 SiPM bars,1000000,0.165527,0.128391,0.004677,MM 15°,> 13,7e-06,1.0,,,,0.0,0.0,0.0
E1_15.1,20 SiPM bars,1000000,0.165527,0.128391,0.004677,MM 15°,11–15,0.001703,1.0,5.931472015380859,0.728729248046875,5.867760772705077,0.00022,0.000144,0.000292
E1_15.1,20 SiPM bars,1000000,0.165527,0.128391,0.004677,MM 15°,12–16,0.000325,1.0,6.21345115661621,0.6023406982421875,6.138941192626952,3.2e-05,2.3e-05,4.1e-05
E1_15.1,20 SiPM bars,1000000,0.165527,0.128391,0.004677,MM 15°,13–17,7e-06,1.0,,,,0.0,0.0,0.0
E1_15.1,20 SiPM bars,1000000,0.165527,0.128391,0.004677,MM 15°,9–14,0.003026,0.9993390614672836,6.17939208984375,0.9396247863769531,6.102570724487297,0.000402,0.000277,0.000519
E1_15.1,20 SiPM bars,1000000,0.165527,0.128391,0.004677,MM 3°,none,0.003354,0.9979129397734049,6.320743942260742,0.87200927734375,6.326320114135742,0.000497,0.000342,0.000621
E1_15.1,20 SiPM bars,1000000,0.165527,0.128391,0.004677,MM 3°,> 13,7e-06,1.0,,,,0.0,0.0,0.0
E1_15.1,20 SiPM bars,1000000,0.165527,0.128391,0.004677,MM 3°,11–15,0.001604,1.0,5.703483276367187,0.5581092834472656,5.701991119384765,0.000238,0.000162,0.0003
E1_15.1,20 SiPM bars,1000000,0.165527,0.128391,0.004677,MM 3°,12–16,0.000299,1.0,5.958173980712891,0.5980758666992188,5.932833404541015,3.1e-05,2.2e-05,3.8e-05
E1_15.1,20 SiPM bars,1000000,0.165527,0.128391,0.004677,MM 3°,13–17,7e-06,1.0,,,,0.0,0.0,0.0
E1_15.1,20 SiPM bars,1000000,0.165527,0.128391,0.004677,MM 3°,9–14,0.00288,0.9993055555555556,6.089713287353513,0.7899322509765625,6.043701782226562,0.000421,0.000291,0.000527
E1_15.1,20 SiPM bars,1000000,0.165527,0.128391,0.004677,MM 15° + TOF,none,0.003536,0.997737556561086,6.483638916015625,1.0493202209472656,6.431304473876953,0.000471,0.000326,0.000607
E1_15.1,20 SiPM bars,1000000,0.165527,0.128391,0.004677,MM 15° + TOF,> 13,7e-06,1.0,,,,0.0,0.0,0.0
E1_15.1,20 SiPM bars,1000000,0.165527,0.128391,0.004677,MM 15° + TOF,11–15,0.001703,1.0,5.931472015380859,0.728729248046875,5.867760772705077,0.00022,0.000144,0.000292
E1_15.1,20 SiPM bars,1000000,0.165527,0.128391,0.004677,MM 15° + TOF,12–16,0.000325,1.0,6.21345115661621,0.6023406982421875,6.138941192626952,3.2e-05,2.3e-05,4.1e-05
E1_15.1,20 SiPM bars,1000000,0.165527,0.128391,0.004677,MM 15° + TOF,13–17,7e-06,1.0,,,,0.0,0.0,0.0
E1_15.1,20 SiPM bars,1000000,0.165527,0.128391,0.004677,MM 15° + TOF,9–14,0.003026,0.9993390614672836,6.17939208984375,0.9396247863769531,6.102570724487297,0.000402,0.000277,0.000519
E1_15.1,20 SiPM bars,1000000,0.165527,0.128391,0.004677,MM 3° + TOF,none,0.003354,0.9979129397734049,6.320743942260742,0.87200927734375,6.326320114135742,0.000497,0.000342,0.000621
E1_15.1,20 SiPM bars,1000000,0.165527,0.128391,0.004677,MM 3° + TOF,> 13,7e-06,1.0,,,,0.0,0.0,0.0
E1_15.1,20 SiPM bars,1000000,0.165527,0.128391,0.004677,MM 3° + TOF,11–15,0.001604,1.0,5.703483276367187,0.5581092834472656,5.701991119384765,0.000238,0.000162,0.0003
E1_15.1,20 SiPM bars,1000000,0.165527,0.128391,0.004677,MM 3° + TOF,12–16,0.000299,1.0,5.958173980712891,0.5980758666992188,5.932833404541015,3.1e-05,2.2e-05,3.8e-05
E1_15.1,20 SiPM bars,1000000,0.165527,0.128391,0.004677,MM 3° + TOF,13–17,7e-06,1.0,,,,0.0,0.0,0.0
E1_15.1,20 SiPM bars,1000000,0.165527,0.128391,0.004677,MM 3° + TOF,9–14,0.00288,0.9993055555555556,6.089713287353513,0.7899322509765625,6.043701782226562,0.000421,0.000291,0.000527
X17_m16.6,big plastics,1000000,0.475635,0.382851,0.22642,trigger,none,0.22642,0.9987412772723258,5.031108703613281,-0.1701812744140625,4.862969055175781,0.177733,0.143246,0.195936
X17_m16.6,big plastics,1000000,0.475635,0.382851,0.22642,trigger,> 13,0.187397,0.9995250724397936,4.815517883300782,-0.11426544189453125,4.666979370117188,0.148409,0.120147,0.163088
X17_m16.6,big plastics,1000000,0.475635,0.382851,0.22642,trigger,11–15,0.107819,0.9985716803160853,5.612311096191406,-0.3107452392578125,5.374576110839843,0.082655,0.065957,0.091929
X17_m16.6,big plastics,1000000,0.475635,0.382851,0.22642,trigger,12–16,0.198459,0.9993751858066402,4.916910400390625,-0.1414337158203125,4.7581640625,0.156608,0.126586,0.172322
X17_m16.6,big plastics,1000000,0.475635,0.382851,0.22642,trigger,13–17,0.187397,0.9995250724397936,4.815517883300782,-0.11426544189453125,4.666979370117188,0.148409,0.120147,0.163088
X17_m16.6,big plastics,1000000,0.475635,0.382851,0.22642,trigger,9–14,0.059928,0.9968462154585502,6.311658935546875,-0.4566497802734375,6.0364794921875,0.045285,0.03586,0.050604
X17_m16.6,big plastics,1000000,0.475635,0.382851,0.22642,MM 15°,none,0.156523,0.9993227832331351,4.856031036376953,-0.3828125,4.782336883544922,0.131949,0.107881,0.142775
X17_m16.6,big plastics,1000000,0.475635,0.382851,0.22642,MM 15°,> 13,0.1305,0.9997931034482759,4.66001953125,-0.3110504150390625,4.589301452636718,0.111039,0.091193,0.11978
X17_m16.6,big plastics,1000000,0.475635,0.382851,0.22642,MM 15°,11–15,0.072966,0.9992873393087192,5.403745422363281,-0.5665359497070312,5.3122831726074216,0.060033,0.048605,0.065546
X17_m16.6,big plastics,1000000,0.475635,0.382851,0.22642,MM 15°,12–16,0.137888,0.9997244140171734,4.754085693359374,-0.34600830078125,4.682288818359375,0.116799,0.095753,0.126187
X17_m16.6,big plastics,1000000,0.475635,0.382851,0.22642,MM 15°,13–17,0.1305,0.9997931034482759,4.66001953125,-0.3110504150390625,4.589301452636718,0.111039,0.091193,0.11978
X17_m16.6,big plastics,1000000,0.475635,0.382851,0.22642,MM 15°,9–14,0.040304,0.9983128225486304,6.150367736816406,-0.7482528686523438,6.0356185913085945,0.032494,0.026109,0.035667
X17_m16.6,big plastics,1000000,0.475635,0.382851,0.22642,MM 3°,none,0.161948,0.9993948674883296,4.778420104980469,-0.42520904541015625,4.716270141601562,0.143804,0.117154,0.154885
X17_m16.6,big plastics,1000000,0.475635,0.382851,0.22642,MM 3°,> 13,0.135198,0.9998076894628619,4.602467041015625,-0.35369873046875,4.539658508300781,0.121126,0.099056,0.130118
X17_m16.6,big plastics,1000000,0.475635,0.382851,0.22642,MM 3°,11–15,0.075001,0.9993733416887775,5.291050567626954,-0.6003341674804688,5.218353271484375,0.065173,0.052589,0.070778
X17_m16.6,big plastics,1000000,0.475635,0.382851,0.22642,MM 3°,12–16,0.142739,0.9997618030110902,4.688212890625,-0.38787841796875,4.622816467285157,0.127342,0.103978,0.13697
X17_m16.6,big plastics,1000000,0.475635,0.382851,0.22642,MM 3°,13–17,0.135198,0.9998076894628619,4.602467041015625,-0.35369873046875,4.539658508300781,0.121126,0.099056,0.130118
X17_m16.6,big plastics,1000000,0.475635,0.382851,0.22642,MM 3°,9–14,0.041486,0.9984814154172492,5.967996826171873,-0.7727813720703125,5.882286682128905,0.035282,0.028267,0.03849
X17_m16.6,big plastics,1000000,0.475635,0.382851,0.22642,MM 15° + TOF,none,0.156523,0.9993227832331351,4.856031036376953,-0.3828125,4.782336883544922,0.131949,0.107881,0.142775
X17_m16.6,big plastics,1000000,0.475635,0.382851,0.22642,MM 15° + TOF,> 13,0.1305,0.9997931034482759,4.66001953125,-0.3110504150390625,4.589301452636718,0.111039,0.091193,0.11978
X17_m16.6,big plastics,1000000,0.475635,0.382851,0.22642,MM 15° + TOF,11–15,0.072966,0.9992873393087192,5.403745422363281,-0.5665359497070312,5.3122831726074216,0.060033,0.048605,0.065546
X17_m16.6,big plastics,1000000,0.475635,0.382851,0.22642,MM 15° + TOF,12–16,0.137888,0.9997244140171734,4.754085693359374,-0.34600830078125,4.682288818359375,0.116799,0.095753,0.126187
X17_m16.6,big plastics,1000000,0.475635,0.382851,0.22642,MM 15° + TOF,13–17,0.1305,0.9997931034482759,4.66001953125,-0.3110504150390625,4.589301452636718,0.111039,0.091193,0.11978
X17_m16.6,big plastics,1000000,0.475635,0.382851,0.22642,MM 15° + TOF,9–14,0.040304,0.9983128225486304,6.150367736816406,-0.7482528686523438,6.0356185913085945,0.032494,0.026109,0.035667
X17_m16.6,big plastics,1000000,0.475635,0.382851,0.22642,MM 3° + TOF,none,0.161948,0.9993948674883296,4.778420104980469,-0.42520904541015625,4.716270141601562,0.143804,0.117154,0.154885
X17_m16.6,big plastics,1000000,0.475635,0.382851,0.22642,MM 3° + TOF,> 13,0.135198,0.9998076894628619,4.602467041015625,-0.35369873046875,4.539658508300781,0.121126,0.099056,0.130118
X17_m16.6,big plastics,1000000,0.475635,0.382851,0.22642,MM 3° + TOF,11–15,0.075001,0.9993733416887775,5.291050567626954,-0.6003341674804688,5.218353271484375,0.065173,0.052589,0.070778
X17_m16.6,big plastics,1000000,0.475635,0.382851,0.22642,MM 3° + TOF,12–16,0.142739,0.9997618030110902,4.688212890625,-0.38787841796875,4.622816467285157,0.127342,0.103978,0.13697
X17_m16.6,big plastics,1000000,0.475635,0.382851,0.22642,MM 3° + TOF,13–17,0.135198,0.9998076894628619,4.602467041015625,-0.35369873046875,4.539658508300781,0.121126,0.099056,0.130118
X17_m16.6,big plastics,1000000,0.475635,0.382851,0.22642,MM 3° + TOF,9–14,0.041486,0.9984814154172492,5.967996826171873,-0.7727813720703125,5.882286682128905,0.035282,0.028267,0.03849
X17_m16.7,big plastics,1000000,0.4803,0.388429,0.231556,trigger,none,0.231556,0.9988814800739346,5.003666992187498,-0.1957244873046875,4.842891540527344,0.180671,0.14995,0.199091
X17_m16.7,big plastics,1000000,0.4803,0.388429,0.231556,trigger,> 13,0.192043,0.9996198767984253,4.786618041992186,-0.13823699951171875,4.641979370117188,0.151263,0.126033,0.166128
X17_m16.7,big plastics,1000000,0.4803,0.388429,0.231556,trigger,11–15,0.109615,0.9987592938922593,5.571696166992187,-0.3562164306640625,5.3399320983886716,0.084046,0.069002,0.093165
X17_m16.7,big plastics,1000000,0.4803,0.388429,0.231556,trigger,12–16,0.203024,0.9994483410828277,4.890452575683593,-0.16478729248046875,4.735793457031249,0.15944,0.132643,0.175286
X17_m16.7,big plastics,1000000,0.4803,0.388429,0.231556,trigger,13–17,0.192043,0.9996198767984253,4.786618041992186,-0.13823699951171875,4.641979370117188,0.151263,0.126033,0.166128
X17_m16.7,big plastics,1000000,0.4803,0.388429,0.231556,trigger,9–14,0.060834,0.9973534536607818,6.332322387695311,-0.5018463134765625,6.082893371582031,0.045697,0.037289,0.051118
X17_m16.7,big plastics,1000000,0.4803,0.388429,0.231556,MM 15°,none,0.159242,0.9991899122090906,4.83936279296875,-0.450347900390625,4.768301391601561,0.133705,0.112771,0.144705
X17_m16.7,big plastics,1000000,0.4803,0.388429,0.231556,MM 15°,> 13,0.133017,0.9997443935737538,4.633618164062499,-0.3802642822265625,4.562793884277344,0.112828,0.095486,0.12173
X17_m16.7,big plastics,1000000,0.4803,0.388429,0.231556,MM 15°,11–15,0.073925,0.999120730470071,5.406572418212891,-0.6466064453125,5.30135986328125,0.06088,0.050789,0.066257
X17_m16.7,big plastics,1000000,0.4803,0.388429,0.231556,MM 15°,12–16,0.140274,0.999629296947403,4.72759521484375,-0.41196441650390625,4.655315551757813,0.118507,0.100168,0.128011
X17_m16.7,big plastics,1000000,0.4803,0.388429,0.231556,MM 15°,13–17,0.133017,0.9997443935737538,4.633618164062499,-0.3802642822265625,4.562793884277344,0.112828,0.095486,0.12173
X17_m16.7,big plastics,1000000,0.4803,0.388429,0.231556,MM 15°,9–14,0.040768,0.9980867346938775,6.194015808105469,-0.8434906005859375,6.094095458984375,0.032736,0.027141,0.035979
X17_m16.7,big plastics,1000000,0.4803,0.388429,0.231556,MM 3°,none,0.165008,0.9993091244060894,4.766093139648437,-0.48329925537109375,4.712252502441405,0.146549,0.123031,0.157716
X17_m16.7,big plastics,1000000,0.4803,0.388429,0.231556,MM 3°,> 13,0.137947,0.9997462793681632,4.574458618164062,-0.41619873046875,4.5183691406249995,0.123744,0.104222,0.132773
X17_m16.7,big plastics,1000000,0.4803,0.388429,0.231556,MM 3°,11–15,0.076134,0.9991725116242415,5.3007049560546875,-0.6932525634765625,5.227293395996094,0.066418,0.055246,0.07188
X17_m16.7,big plastics,1000000,0.4803,0.388429,0.231556,MM 3°,12–16,0.145392,0.9996423462088698,4.663262023925781,-0.4479217529296875,4.605621948242187,0.129892,0.109273,0.139522
X17_m16.7,big plastics,1000000,0.4803,0.388429,0.231556,MM 3°,13–17,0.137947,0.9997462793681632,4.574458618164062,-0.41619873046875,4.5183691406249995,0.123744,0.104222,0.132773
X17_m16.7,big plastics,1000000,0.4803,0.388429,0.231556,MM 3°,9–14,0.041973,0.9983322612155433,6.032553253173829,-0.8824005126953125,5.9580947875976555,0.035702,0.029492,0.038978
X17_m16.7,big plastics,1000000,0.4803,0.388429,0.231556,MM 15° + TOF,none,0.153349,0.9992044291126776,4.840150146484375,-0.4457855224609375,4.767671203613281,0.128662,0.108566,0.139273
X17_m16.7,big plastics,1000000,0.4803,0.388429,0.231556,MM 15° + TOF,> 13,0.128136,0.999734656927015,4.637402038574219,-0.3753204345703125,4.564975280761718,0.108626,0.091961,0.117208
X17_m16.7,big plastics,1000000,0.4803,0.388429,0.231556,MM 15° + TOF,11–15,0.071151,0.999100504560723,5.407940521240234,-0.6462860107421875,5.3033877563476555,0.058557,0.048881,0.063732
X17_m16.7,big plastics,1000000,0.4803,0.388429,0.231556,MM 15° + TOF,12–16,0.135131,0.9996225884512067,4.729931030273438,-0.4075775146484375,4.655213317871094,0.114093,0.096467,0.123254
X17_m16.7,big plastics,1000000,0.4803,0.388429,0.231556,MM 15° + TOF,13–17,0.128136,0.999734656927015,4.637402038574219,-0.3753204345703125,4.564975280761718,0.108626,0.091961,0.117208
X17_m16.7,big plastics,1000000,0.4803,0.388429,0.231556,MM 15° + TOF,9–14,0.039203,0.9980868811060378,6.194662780761719,-0.8434906005859375,6.098446044921875,0.031445,0.026086,0.034573
X17_m16.7,big plastics,1000000,0.4803,0.388429,0.231556,MM 3° + TOF,none,0.158832,0.9993011483831974,4.766987609863279,-0.481842041015625,4.712878417968749,0.141022,0.118433,0.151792
X17_m16.7,big plastics,1000000,0.4803,0.388429,0.231556,MM 3° + TOF,> 13,0.132821,0.9997364874530383,4.578582763671875,-0.413726806640625,4.522447204589843,0.119132,0.100359,0.127829
X17_m16.7,big plastics,1000000,0.4803,0.388429,0.231556,MM 3° + TOF,11–15,0.073254,0.9991399787042345,5.303306579589844,-0.6961517333984375,5.230038452148436,0.063888,0.053164,0.069149
X17_m16.7,big plastics,1000000,0.4803,0.388429,0.231556,MM 3° + TOF,12–16,0.139986,0.9996285342819996,4.665337829589844,-0.44594573974609375,4.607582092285156,0.125042,0.105221,0.134321
X17_m16.7,big plastics,1000000,0.4803,0.388429,0.231556,MM 3° + TOF,13–17,0.132821,0.9997364874530383,4.578582763671875,-0.413726806640625,4.522447204589843,0.119132,0.100359,0.127829
X17_m16.7,big plastics,1000000,0.4803,0.388429,0.231556,MM 3° + TOF,9–14,0.040335,0.9982893268873188,6.037425994873047,-0.8842391967773438,5.9592849731445305,0.034294,0.028338,0.037452
X17_m16.8,big plastics,1000000,0.48543,0.393223,0.236062,trigger,none,0.236062,0.9988011624064864,4.995835876464843,-0.199920654296875,4.831261291503906,0.181649,0.152263,0.201117
X17_m16.8,big plastics,1000000,0.48543,0.393223,0.236062,trigger,> 13,0.195563,0.9995704708968466,4.767730712890623,-0.1379547119140625,4.619254760742187,0.151531,0.127518,0.167432
X17_m16.8,big plastics,1000000,0.48543,0.393223,0.236062,trigger,11–15,0.112016,0.9987680331381231,5.599207458496094,-0.36708831787109375,5.357937927246093,0.084931,0.070648,0.094435
X17_m16.8,big plastics,1000000,0.48543,0.393223,0.236062,trigger,12–16,0.206887,0.9994441410045097,4.8765954589843705,-0.1746673583984375,4.718925476074219,0.160078,0.134531,0.176891
X17_m16.8,big plastics,1000000,0.48543,0.393223,0.236062,trigger,13–17,0.195563,0.9995704708968466,4.767730712890623,-0.1379547119140625,4.619254760742187,0.151531,0.127518,0.167432
X17_m16.8,big plastics,1000000,0.48543,0.393223,0.236062,trigger,9–14,0.062348,0.9972092128055431,6.411621398925781,-0.5228652954101562,6.133557434082031,0.046662,0.038447,0.052107
X17_m16.8,big plastics,1000000,0.48543,0.393223,0.236062,MM 15°,none,0.15983,0.9992679722204842,4.816667480468748,-0.453826904296875,4.747131652832031,0.133326,0.113837,0.144656
X17_m16.8,big plastics,1000000,0.48543,0.393223,0.236062,MM 15°,> 13,0.133435,0.9997901600029977,4.612439270019531,-0.364654541015625,4.545986022949219,0.112168,0.096159,0.121446
X17_m16.8,big plastics,1000000,0.48543,0.393223,0.236062,MM 15°,11–15,0.074226,0.9994745776412578,5.406709289550781,-0.67523193359375,5.309347229003906,0.06092,0.051639,0.06646
X17_m16.8,big plastics,1000000,0.48543,0.393223,0.236062,MM 15°,12–16,0.14069,0.999751226099936,4.713453369140625,-0.4140167236328125,4.640401916503906,0.117999,0.101002,0.127806
X17_m16.8,big plastics,1000000,0.48543,0.393223,0.236062,MM 15°,13–17,0.133435,0.9997901600029977,4.612439270019531,-0.364654541015625,4.545986022949219,0.112168,0.096159,0.121446
X17_m16.8,big plastics,1000000,0.48543,0.393223,0.236062,MM 15°,9–14,0.041073,0.998295717381248,6.213094787597656,-0.90997314453125,6.095056762695313,0.033123,0.027763,0.03626
X17_m16.8,big plastics,1000000,0.48543,0.393223,0.236062,MM 3°,none,0.165584,0.9993900376848005,4.732166748046875,-0.5107879638671875,4.681430358886719,0.146813,0.124476,0.158352
X17_m16.8,big plastics,1000000,0.48543,0.393223,0.236062,MM 3°,> 13,0.13832,0.9998048004626952,4.53933837890625,-0.4238433837890625,4.4912545776367185,0.123606,0.10514,0.133031
X17_m16.8,big plastics,1000000,0.48543,0.393223,0.236062,MM 3°,11–15,0.076509,0.999451044975101,5.294980468749998,-0.7446746826171875,5.22612579345703,0.066863,0.056307,0.072461
X17_m16.8,big plastics,1000000,0.48543,0.393223,0.236062,MM 3°,12–16,0.145841,0.999746299051707,4.633871765136718,-0.4720306396484375,4.579371032714844,0.12998,0.11045,0.139947
X17_m16.8,big plastics,1000000,0.48543,0.393223,0.236062,MM 3°,13–17,0.13832,0.9998048004626952,4.53933837890625,-0.4238433837890625,4.4912545776367185,0.123606,0.10514,0.133031
X17_m16.8,big plastics,1000000,0.48543,0.393223,0.236062,MM 3°,9–14,0.042346,0.998417796249941,6.064720764160155,-0.9544525146484375,5.9930859375,0.036319,0.030302,0.039517
X17_m16.8,big plastics,1000000,0.48543,0.393223,0.236062,MM 15° + TOF,none,0.15983,0.9992679722204842,4.816667480468748,-0.453826904296875,4.747131652832031,0.133326,0.113837,0.144656
X17_m16.8,big plastics,1000000,0.48543,0.393223,0.236062,MM 15° + TOF,> 13,0.133435,0.9997901600029977,4.612439270019531,-0.364654541015625,4.545986022949219,0.112168,0.096159,0.121446
X17_m16.8,big plastics,1000000,0.48543,0.393223,0.236062,MM 15° + TOF,11–15,0.074226,0.9994745776412578,5.406709289550781,-0.67523193359375,5.309347229003906,0.06092,0.051639,0.06646
X17_m16.8,big plastics,1000000,0.48543,0.393223,0.236062,MM 15° + TOF,12–16,0.14069,0.999751226099936,4.713453369140625,-0.4140167236328125,4.640401916503906,0.117999,0.101002,0.127806
X17_m16.8,big plastics,1000000,0.48543,0.393223,0.236062,MM 15° + TOF,13–17,0.133435,0.9997901600029977,4.612439270019531,-0.364654541015625,4.545986022949219,0.112168,0.096159,0.121446
X17_m16.8,big plastics,1000000,0.48543,0.393223,0.236062,MM 15° + TOF,9–14,0.041073,0.998295717381248,6.213094787597656,-0.90997314453125,6.095056762695313,0.033123,0.027763,0.03626
X17_m16.8,big plastics,1000000,0.48543,0.393223,0.236062,MM 3° + TOF,none,0.165584,0.9993900376848005,4.732166748046875,-0.5107879638671875,4.681430358886719,0.146813,0.124476,0.158352
X17_m16.8,big plastics,1000000,0.48543,0.393223,0.236062,MM 3° + TOF,> 13,0.13832,0.9998048004626952,4.53933837890625,-0.4238433837890625,4.4912545776367185,0.123606,0.10514,0.133031
X17_m16.8,big plastics,1000000,0.48543,0.393223,0.236062,MM 3° + TOF,11–15,0.076509,0.999451044975101,5.294980468749998,-0.7446746826171875,5.22612579345703,0.066863,0.056307,0.072461
X17_m16.8,big plastics,1000000,0.48543,0.393223,0.236062,MM 3° + TOF,12–16,0.145841,0.999746299051707,4.633871765136718,-0.4720306396484375,4.579371032714844,0.12998,0.11045,0.139947
X17_m16.8,big plastics,1000000,0.48543,0.393223,0.236062,MM 3° + TOF,13–17,0.13832,0.9998048004626952,4.53933837890625,-0.4238433837890625,4.4912545776367185,0.123606,0.10514,0.133031
X17_m16.8,big plastics,1000000,0.48543,0.393223,0.236062,MM 3° + TOF,9–14,0.042346,0.998417796249941,6.064720764160155,-0.9544525146484375,5.9930859375,0.036319,0.030302,0.039517
X17_m17.0,big plastics,1000000,0.495988,0.404764,0.245081,trigger,none,0.245081,0.9988126374545558,4.9883596801757815,-0.25682830810546875,4.824855041503905,0.18034,0.148147,0.203598
X17_m17.0,big plastics,1000000,0.495988,0.404764,0.245081,trigger,> 13,0.203195,0.9995816826201432,4.7414044189453115,-0.18988800048828125,4.598977661132812,0.150432,0.12394,0.169468
X17_m17.0,big plastics,1000000,0.495988,0.404764,0.245081,trigger,11–15,0.116034,0.9986469483082545,5.655529479980467,-0.43914794921875,5.419072265624999,0.084448,0.068789,0.095728
X17_m17.0,big plastics,1000000,0.495988,0.404764,0.245081,trigger,12–16,0.21508,0.9993769760089269,4.859742736816406,-0.220855712890625,4.704991149902343,0.158985,0.130843,0.179253
X17_m17.0,big plastics,1000000,0.495988,0.404764,0.245081,trigger,13–17,0.203195,0.9995816826201432,4.7414044189453115,-0.18988800048828125,4.598977661132812,0.150432,0.12394,0.169468
X17_m17.0,big plastics,1000000,0.495988,0.404764,0.245081,trigger,9–14,0.06472,0.9970179233621755,6.557899780273435,-0.6100616455078125,6.293953247070313,0.046542,0.037692,0.052993
X17_m17.0,big plastics,1000000,0.495988,0.404764,0.245081,MM 15°,none,0.161616,0.9992018117018117,4.842239990234374,-0.5673065185546875,4.770163269042968,0.130667,0.109671,0.143917
X17_m17.0,big plastics,1000000,0.495988,0.404764,0.245081,MM 15°,> 13,0.134692,0.9997401478929706,4.610920104980469,-0.47412109375,4.544388427734375,0.109731,0.092421,0.120597
X17_m17.0,big plastics,1000000,0.495988,0.404764,0.245081,MM 15°,11–15,0.075186,0.9991088766525683,5.484971618652343,-0.8063507080078125,5.394592285156249,0.059976,0.049925,0.066421
X17_m17.0,big plastics,1000000,0.495988,0.404764,0.245081,MM 15°,12–16,0.142331,0.9996065509270644,4.719215087890625,-0.5188446044921875,4.653000183105465,0.115634,0.097275,0.127205
X17_m17.0,big plastics,1000000,0.495988,0.404764,0.245081,MM 15°,13–17,0.134692,0.9997401478929706,4.610920104980469,-0.47412109375,4.544388427734375,0.109731,0.092421,0.120597
X17_m17.0,big plastics,1000000,0.495988,0.404764,0.245081,MM 15°,9–14,0.04189,0.9979708761040821,6.455191345214844,-1.0339813232421875,6.366929321289064,0.032816,0.027074,0.036476
X17_m17.0,big plastics,1000000,0.495988,0.404764,0.245081,MM 3°,none,0.167736,0.9993322840654362,4.740297241210937,-0.631866455078125,4.683494262695312,0.145946,0.121424,0.159663
X17_m17.0,big plastics,1000000,0.495988,0.404764,0.245081,MM 3°,> 13,0.140137,0.9997930596487723,4.529830627441406,-0.537933349609375,4.476759033203125,0.122818,0.102452,0.134101
X17_m17.0,big plastics,1000000,0.495988,0.404764,0.245081,MM 3°,11–15,0.077574,0.9992781086446489,5.365727844238281,-0.8990020751953125,5.294451904296874,0.066603,0.055028,0.073251
X17_m17.0,big plastics,1000000,0.495988,0.404764,0.245081,MM 3°,12–16,0.147952,0.9997026062506759,4.632499084472656,-0.5845947265625,4.577610473632812,0.129278,0.107757,0.141266
X17_m17.0,big plastics,1000000,0.495988,0.404764,0.245081,MM 3°,13–17,0.140137,0.9997930596487723,4.529830627441406,-0.537933349609375,4.476759033203125,0.122818,0.102452,0.134101
X17_m17.0,big plastics,1000000,0.495988,0.404764,0.245081,MM 3°,9–14,0.043088,0.998282584478277,6.215601806640625,-1.1361312866210938,6.167379760742186,0.036293,0.029784,0.040065
X17_m17.0,big plastics,1000000,0.495988,0.404764,0.245081,MM 15° + TOF,none,0.161616,0.9992018117018117,4.842239990234374,-0.5673065185546875,4.770163269042968,0.130667,0.109671,0.143917
X17_m17.0,big plastics,1000000,0.495988,0.404764,0.245081,MM 15° + TOF,> 13,0.134692,0.9997401478929706,4.610920104980469,-0.47412109375,4.544388427734375,0.109731,0.092421,0.120597
X17_m17.0,big plastics,1000000,0.495988,0.404764,0.245081,MM 15° + TOF,11–15,0.075186,0.9991088766525683,5.484971618652343,-0.8063507080078125,5.394592285156249,0.059976,0.049925,0.066421
X17_m17.0,big plastics,1000000,0.495988,0.404764,0.245081,MM 15° + TOF,12–16,0.142331,0.9996065509270644,4.719215087890625,-0.5188446044921875,4.653000183105465,0.115634,0.097275,0.127205
X17_m17.0,big plastics,1000000,0.495988,0.404764,0.245081,MM 15° + TOF,13–17,0.134692,0.9997401478929706,4.610920104980469,-0.47412109375,4.544388427734375,0.109731,0.092421,0.120597
X17_m17.0,big plastics,1000000,0.495988,0.404764,0.245081,MM 15° + TOF,9–14,0.04189,0.9979708761040821,6.455191345214844,-1.0339813232421875,6.366929321289064,0.032816,0.027074,0.036476
X17_m17.0,big plastics,1000000,0.495988,0.404764,0.245081,MM 3° + TOF,none,0.167736,0.9993322840654362,4.740297241210937,-0.631866455078125,4.683494262695312,0.145946,0.121424,0.159663
X17_m17.0,big plastics,1000000,0.495988,0.404764,0.245081,MM 3° + TOF,> 13,0.140137,0.9997930596487723,4.529830627441406,-0.537933349609375,4.476759033203125,0.122818,0.102452,0.134101
X17_m17.0,big plastics,1000000,0.495988,0.404764,0.245081,MM 3° + TOF,11–15,0.077574,0.9992781086446489,5.365727844238281,-0.8990020751953125,5.294451904296874,0.066603,0.055028,0.073251
X17_m17.0,big plastics,1000000,0.495988,0.404764,0.245081,MM 3° + TOF,12–16,0.147952,0.9997026062506759,4.632499084472656,-0.5845947265625,4.577610473632812,0.129278,0.107757,0.141266
X17_m17.0,big plastics,1000000,0.495988,0.404764,0.245081,MM 3° + TOF,13–17,0.140137,0.9997930596487723,4.529830627441406,-0.537933349609375,4.476759033203125,0.122818,0.102452,0.134101
X17_m17.0,big plastics,1000000,0.495988,0.404764,0.245081,MM 3° + TOF,9–14,0.043088,0.998282584478277,6.215601806640625,-1.1361312866210938,6.167379760742186,0.036293,0.029784,0.040065
M1_18.15,big plastics,1000000,0.131718,0.101246,0.023554,trigger,none,0.023554,0.9940137556253715,6.30904220581054,1.4658432006835938,6.107831192016601,0.00138,0.000933,0.001839
M1_18.15,big plastics,1000000,0.131718,0.101246,0.023554,trigger,> 13,0.01845,0.9971815718157182,5.6868701171875,1.2480077743530273,5.528905487060545,0.00108,0.000728,0.001463
M1_18.15,big plastics,1000000,0.131718,0.101246,0.023554,trigger,11–15,0.011528,0.9926266481609993,7.481573638916011,1.7145156860351562,7.129568099975583,0.000675,0.000456,0.000871
M1_18.15,big plastics,1000000,0.131718,0.101246,0.023554,trigger,12–16,0.019855,0.9961722488038277,5.922369537353516,1.3212776184082031,5.736712188720704,0.001172,0.000791,0.00157
M1_18.15,big plastics,1000000,0.131718,0.101246,0.023554,trigger,13–17,0.01845,0.9971815718157182,5.6868701171875,1.2480077743530273,5.528905487060545,0.00108,0.000728,0.001463
M1_18.15,big plastics,1000000,0.131718,0.101246,0.023554,trigger,9–14,0.007096,0.987739571589628,10.233909149169918,2.3510513305664062,9.772160339355468,0.00041,0.000277,0.000514
M1_18.15,big plastics,1000000,0.131718,0.101246,0.023554,MM 15°,none,0.017395,0.9979304397815464,6.0825687789917,1.3762130737304688,5.986149559020995,0.00101,0.000695,0.001353
M1_18.15,big plastics,1000000,0.131718,0.101246,0.023554,MM 15°,> 13,0.013888,0.9993519585253456,5.524844512939453,1.1814918518066406,5.422173233032227,0.000805,0.000552,0.001096
M1_18.15,big plastics,1000000,0.131718,0.101246,0.023554,MM 15°,11–15,0.008371,0.9980886393501374,7.201114196777342,1.6758995056152344,7.0844361877441395,0.000483,0.00034,0.000629
M1_18.15,big plastics,1000000,0.131718,0.101246,0.023554,MM 15°,12–16,0.014898,0.9989931534434152,5.747326354980468,1.2592697143554688,5.6635657501220695,0.000866,0.000595,0.001171
M1_18.15,big plastics,1000000,0.131718,0.101246,0.023554,MM 15°,13–17,0.013888,0.9993519585253456,5.524844512939453,1.1814918518066406,5.422173233032227,0.000805,0.000552,0.001096
M1_18.15,big plastics,1000000,0.131718,0.101246,0.023554,MM 15°,9–14,0.004998,0.9955982392957183,10.12923812866211,2.2364463806152344,9.873895645141602,0.000279,0.000195,0.000359
M1_18.15,big plastics,1000000,0.131718,0.101246,0.023554,MM 3°,none,0.017708,0.99791054890445,5.958267593383788,1.3328895568847656,5.877462768554686,0.001056,0.000718,0.001379
M1_18.15,big plastics,1000000,0.131718,0.101246,0.023554,MM 3°,> 13,0.014162,0.9994351080355882,5.410943908691406,1.1533832550048828,5.350557022094727,0.000832,0.000566,0.00111
M1_18.15,big plastics,1000000,0.131718,0.101246,0.023554,MM 3°,11–15,0.008456,0.9979895931882686,7.037331771850586,1.6579933166503906,6.958248825073243,0.000505,0.000345,0.000639
M1_18.15,big plastics,1000000,0.131718,0.101246,0.023554,MM 3°,12–16,0.01517,0.9989452867501648,5.6412377929687505,1.2271614074707031,5.563418502807618,0.000898,0.00061,0.001189
M1_18.15,big plastics,1000000,0.131718,0.101246,0.023554,MM 3°,13–17,0.014162,0.9994351080355882,5.410943908691406,1.1533832550048828,5.350557022094727,0.000832,0.000566,0.00111
M1_18.15,big plastics,1000000,0.131718,0.101246,0.023554,MM 3°,9–14,0.005049,0.9952465834818776,9.705408248901364,2.2149124145507812,9.58323532104492,0.000305,0.000207,0.00038
M1_18.15,big plastics,1000000,0.131718,0.101246,0.023554,MM 15° + TOF,none,0.016768,0.9979126908396947,6.083124160766601,1.362884521484375,5.987605056762694,0.000974,0.000668,0.001304
M1_18.15,big plastics,1000000,0.131718,0.101246,0.023554,MM 15° + TOF,> 13,0.013401,0.9993284083277367,5.517025604248045,1.1723213195800781,5.4193790435791005,0.00078,0.000532,0.001059
M1_18.15,big plastics,1000000,0.131718,0.101246,0.023554,MM 15° + TOF,11–15,0.008078,0.9981431047288933,7.177982330322265,1.6640815734863281,7.07120994567871,0.000464,0.000326,0.000606
M1_18.15,big plastics,1000000,0.131718,0.101246,0.023554,MM 15° + TOF,12–16,0.014381,0.9990264932897573,5.74187021255493,1.2489547729492188,5.660228843688962,0.000839,0.000574,0.001131
M1_18.15,big plastics,1000000,0.131718,0.101246,0.023554,MM 15° + TOF,13–17,0.013401,0.9993284083277367,5.517025604248045,1.1723213195800781,5.4193790435791005,0.00078,0.000532,0.001059
M1_18.15,big plastics,1000000,0.131718,0.101246,0.023554,MM 15° + TOF,9–14,0.00481,0.9956340956340957,10.200087127685547,2.2450485229492188,9.923275451660157,0.000269,0.000189,0.000347
M1_18.15,big plastics,1000000,0.131718,0.101246,0.023554,MM 3° + TOF,none,0.01707,0.997949619214997,5.965519046783447,1.317596435546875,5.88674087524414,0.001016,0.00069,0.001327
M1_18.15,big plastics,1000000,0.131718,0.101246,0.023554,MM 3° + TOF,> 13,0.013669,0.9994878923110688,5.412846221923829,1.1474113464355469,5.351354293823242,0.000805,0.000546,0.001072
M1_18.15,big plastics,1000000,0.131718,0.101246,0.023554,MM 3° + TOF,11–15,0.008164,0.9981626653601176,7.036161346435547,1.6450233459472656,6.954125213623045,0.000482,0.00033,0.000613
M1_18.15,big plastics,1000000,0.131718,0.101246,0.023554,MM 3° + TOF,12–16,0.014649,0.9990443033654174,5.639690017700194,1.2229385375976562,5.569136199951171,0.000867,0.000588,0.001146
M1_18.15,big plastics,1000000,0.131718,0.101246,0.023554,MM 3° + TOF,13–17,0.013669,0.9994878923110688,5.412846221923829,1.1474113464355469,5.351354293823242,0.000805,0.000546,0.001072
M1_18.15,big plastics,1000000,0.131718,0.101246,0.023554,MM 3° + TOF,9–14,0.004861,0.9954741822670232,9.824361343383794,2.2378158569335938,9.635686950683594,0.000289,0.000198,0.000362
E1_18.15,big plastics,1000000,0.160894,0.124514,0.037004,trigger,none,0.037004,0.9968111555507513,5.785577392578125,0.863067626953125,5.565000915527343,0.005684,0.003806,0.007483
E1_18.15,big plastics,1000000,0.160894,0.124514,0.037004,trigger,> 13,0.02949,0.9986096982027806,5.373335113525391,0.71954345703125,5.173800582885741,0.004633,0.003098,0.006112
E1_18.15,big plastics,1000000,0.160894,0.124514,0.037004,trigger,11–15,0.018104,0.996464869642068,6.460268478393555,0.9264717102050781,6.144008178710937,0.002806,0.001906,0.003693
E1_18.15,big plastics,1000000,0.160894,0.124514,0.037004,trigger,12–16,0.031461,0.9983471599758431,5.5391862869262685,0.7707862854003906,5.3337508392333985,0.004923,0.003296,0.006516
E1_18.15,big plastics,1000000,0.160894,0.124514,0.037004,trigger,13–17,0.02949,0.9986096982027806,5.373335113525391,0.71954345703125,5.173800582885741,0.004633,0.003098,0.006112
E1_18.15,big plastics,1000000,0.160894,0.124514,0.037004,trigger,9–14,0.010689,0.9932641032837497,7.760517807006838,1.256927490234375,7.483725814819337,0.001595,0.001084,0.002072
E1_18.15,big plastics,1000000,0.160894,0.124514,0.037004,MM 15°,none,0.027089,0.9985233858761859,5.621781234741211,0.77142333984375,5.503849716186523,0.004144,0.002787,0.00538
E1_18.15,big plastics,1000000,0.160894,0.124514,0.037004,MM 15°,> 13,0.021888,0.9995431286549707,5.265357894897461,0.6580047607421875,5.152296524047852,0.003425,0.002296,0.004449
E1_18.15,big plastics,1000000,0.160894,0.124514,0.037004,MM 15°,11–15,0.013013,0.9986167678475371,6.258636932373042,0.8812026977539062,6.128927612304688,0.002006,0.001373,0.002605
E1_18.15,big plastics,1000000,0.160894,0.124514,0.037004,MM 15°,12–16,0.023269,0.9993983411405732,5.422451019287109,0.7002410888671875,5.309498062133789,0.003618,0.002424,0.004722
E1_18.15,big plastics,1000000,0.160894,0.124514,0.037004,MM 15°,13–17,0.021888,0.9995431286549707,5.265357894897461,0.6580047607421875,5.152296524047852,0.003425,0.002296,0.004449
E1_18.15,big plastics,1000000,0.160894,0.124514,0.037004,MM 15°,9–14,0.007581,0.9965703733016752,7.490482559204101,1.1688766479492188,7.411627883911132,0.001126,0.000775,0.001449
E1_18.15,big plastics,1000000,0.160894,0.124514,0.037004,MM 3°,none,0.027421,0.9986506691951424,5.54032920837402,0.7464418411254883,5.464796447753906,0.004417,0.00299,0.005652
E1_18.15,big plastics,1000000,0.160894,0.124514,0.037004,MM 3°,> 13,0.022201,0.9996846988874375,5.215623626708984,0.6446027755737305,5.137907180786131,0.003649,0.002469,0.004663
E1_18.15,big plastics,1000000,0.160894,0.124514,0.037004,MM 3°,11–15,0.013132,0.9987816021931161,6.142885589599613,0.8547954559326172,6.029292678833008,0.002129,0.001467,0.002731
E1_18.15,big plastics,1000000,0.160894,0.124514,0.037004,MM 3°,12–16,0.023574,0.9994909646220412,5.359723205566404,0.6788330078125,5.2716883850097656,0.003847,0.002603,0.004939
E1_18.15,big plastics,1000000,0.160894,0.124514,0.037004,MM 3°,13–17,0.022201,0.9996846988874375,5.215623626708984,0.6446027755737305,5.137907180786131,0.003649,0.002469,0.004663
E1_18.15,big plastics,1000000,0.160894,0.124514,0.037004,MM 3°,9–14,0.007657,0.9968656131644247,7.361258163452148,1.0777740478515625,7.263701934814453,0.001198,0.000822,0.001524
E1_18.15,big plastics,1000000,0.160894,0.124514,0.037004,MM 15° + TOF,none,0.027089,0.9985233858761859,5.621781234741211,0.77142333984375,5.503849716186523,0.004144,0.002787,0.00538
E1_18.15,big plastics,1000000,0.160894,0.124514,0.037004,MM 15° + TOF,> 13,0.021888,0.9995431286549707,5.265357894897461,0.6580047607421875,5.152296524047852,0.003425,0.002296,0.004449
E1_18.15,big plastics,1000000,0.160894,0.124514,0.037004,MM 15° + TOF,11–15,0.013013,0.9986167678475371,6.258636932373042,0.8812026977539062,6.128927612304688,0.002006,0.001373,0.002605
E1_18.15,big plastics,1000000,0.160894,0.124514,0.037004,MM 15° + TOF,12–16,0.023269,0.9993983411405732,5.422451019287109,0.7002410888671875,5.309498062133789,0.003618,0.002424,0.004722
E1_18.15,big plastics,1000000,0.160894,0.124514,0.037004,MM 15° + TOF,13–17,0.021888,0.9995431286549707,5.265357894897461,0.6580047607421875,5.152296524047852,0.003425,0.002296,0.004449
E1_18.15,big plastics,1000000,0.160894,0.124514,0.037004,MM 15° + TOF,9–14,0.007581,0.9965703733016752,7.490482559204101,1.1688766479492188,7.411627883911132,0.001126,0.000775,0.001449
E1_18.15,big plastics,1000000,0.160894,0.124514,0.037004,MM 3° + TOF,none,0.027421,0.9986506691951424,5.54032920837402,0.7464418411254883,5.464796447753906,0.004417,0.00299,0.005652
E1_18.15,big plastics,1000000,0.160894,0.124514,0.037004,MM 3° + TOF,> 13,0.022201,0.9996846988874375,5.215623626708984,0.6446027755737305,5.137907180786131,0.003649,0.002469,0.004663
E1_18.15,big plastics,1000000,0.160894,0.124514,0.037004,MM 3° + TOF,11–15,0.013132,0.9987816021931161,6.142885589599613,0.8547954559326172,6.029292678833008,0.002129,0.001467,0.002731
E1_18.15,big plastics,1000000,0.160894,0.124514,0.037004,MM 3° + TOF,12–16,0.023574,0.9994909646220412,5.359723205566404,0.6788330078125,5.2716883850097656,0.003847,0.002603,0.004939
E1_18.15,big plastics,1000000,0.160894,0.124514,0.037004,MM 3° + TOF,13–17,0.022201,0.9996846988874375,5.215623626708984,0.6446027755737305,5.137907180786131,0.003649,0.002469,0.004663
E1_18.15,big plastics,1000000,0.160894,0.124514,0.037004,MM 3° + TOF,9–14,0.007657,0.9968656131644247,7.361258163452148,1.0777740478515625,7.263701934814453,0.001198,0.000822,0.001524
M1_17.64,big plastics,1000000,0.131972,0.101602,0.022784,trigger,none,0.022784,0.995215941011236,6.300912017822266,1.4722518920898438,6.0772806167602536,0.001283,0.000848,0.001739
M1_17.64,big plastics,1000000,0.131972,0.101602,0.022784,trigger,> 13,0.017005,0.9979417818288738,5.596608581542968,1.1262397766113281,5.416170196533203,0.001014,0.000668,0.001363
M1_17.64,big plastics,1000000,0.131972,0.101602,0.022784,trigger,11–15,0.016486,0.9959966031784544,6.327144927978516,1.4291419982910156,6.079273834228515,0.000964,0.000634,0.001302
M1_17.64,big plastics,1000000,0.131972,0.101602,0.022784,trigger,12–16,0.01898,0.9971022128556375,5.859407501220703,1.2586250305175781,5.674387245178222,0.001115,0.000737,0.001501
M1_17.64,big plastics,1000000,0.131972,0.101602,0.022784,trigger,13–17,0.017005,0.9979417818288738,5.596608581542968,1.1262397766113281,5.416170196533203,0.001014,0.000668,0.001363
M1_17.64,big plastics,1000000,0.131972,0.101602,0.022784,trigger,9–14,0.008439,0.9919421732432753,9.06593952178955,2.2285308837890625,8.4612024307251,0.000434,0.000292,0.000612
M1_17.64,big plastics,1000000,0.131972,0.101602,0.022784,MM 15°,none,0.016855,0.9981014535746069,6.077063980102539,1.4046630859375,5.976520690917969,0.000946,0.000616,0.001283
M1_17.64,big plastics,1000000,0.131972,0.101602,0.022784,MM 15°,> 13,0.012849,0.9993773834539653,5.485257339477539,1.0824012756347656,5.398303604125976,0.00076,0.000491,0.00102
M1_17.64,big plastics,1000000,0.131972,0.101602,0.022784,MM 15°,11–15,0.0122,0.9987704918032787,6.140205307006836,1.3712158203125,6.012540588378905,0.000709,0.000455,0.000959
M1_17.64,big plastics,1000000,0.131972,0.101602,0.022784,MM 15°,12–16,0.014276,0.9992294760437097,5.7157315826416015,1.2018661499023438,5.6400707244873045,0.000829,0.000536,0.001119
M1_17.64,big plastics,1000000,0.131972,0.101602,0.022784,MM 15°,13–17,0.012849,0.9993773834539653,5.485257339477539,1.0824012756347656,5.398303604125976,0.00076,0.000491,0.00102
M1_17.64,big plastics,1000000,0.131972,0.101602,0.022784,MM 15°,9–14,0.006021,0.9970104633781763,8.860694007873532,2.1555557250976562,8.532880477905268,0.00031,0.000207,0.000437
M1_17.64,big plastics,1000000,0.131972,0.101602,0.022784,MM 3°,none,0.017252,0.9980871782981683,5.9850767517089825,1.3456153869628906,5.934640808105469,0.001003,0.000656,0.001332
M1_17.64,big plastics,1000000,0.131972,0.101602,0.022784,MM 3°,> 13,0.013178,0.9994688116557899,5.403136825561521,1.0447463989257812,5.330835533142087,0.000807,0.000523,0.001062
M1_17.64,big plastics,1000000,0.131972,0.101602,0.022784,MM 3°,11–15,0.012477,0.9986374929870963,6.046877441406249,1.3096294403076172,5.972734870910644,0.000745,0.000483,0.000986
M1_17.64,big plastics,1000000,0.131972,0.101602,0.022784,MM 3°,12–16,0.014611,0.9991102593936075,5.6326415252685536,1.1619987487792969,5.556782341003418,0.000879,0.000571,0.001161
M1_17.64,big plastics,1000000,0.131972,0.101602,0.022784,MM 3°,13–17,0.013178,0.9994688116557899,5.403136825561521,1.0447463989257812,5.330835533142087,0.000807,0.000523,0.001062
M1_17.64,big plastics,1000000,0.131972,0.101602,0.022784,MM 3°,9–14,0.006146,0.9965831435079726,8.77478446960449,2.116039276123047,8.584639453887938,0.000323,0.000217,0.000445
M1_17.64,big plastics,1000000,0.131972,0.101602,0.022784,MM 15° + TOF,none,0.016855,0.9981014535746069,6.077063980102539,1.4046630859375,5.976520690917969,0.000946,0.000616,0.001283
M1_17.64,big plastics,1000000,0.131972,0.101602,0.022784,MM 15° + TOF,> 13,0.012849,0.9993773834539653,5.485257339477539,1.0824012756347656,5.398303604125976,0.00076,0.000491,0.00102
M1_17.64,big plastics,1000000,0.131972,0.101602,0.022784,MM 15° + TOF,11–15,0.0122,0.9987704918032787,6.140205307006836,1.3712158203125,6.012540588378905,0.000709,0.000455,0.000959
M1_17.64,big plastics,1000000,0.131972,0.101602,0.022784,MM 15° + TOF,12–16,0.014276,0.9992294760437097,5.7157315826416015,1.2018661499023438,5.6400707244873045,0.000829,0.000536,0.001119
M1_17.64,big plastics,1000000,0.131972,0.101602,0.022784,MM 15° + TOF,13–17,0.012849,0.9993773834539653,5.485257339477539,1.0824012756347656,5.398303604125976,0.00076,0.000491,0.00102
M1_17.64,big plastics,1000000,0.131972,0.101602,0.022784,MM 15° + TOF,9–14,0.006021,0.9970104633781763,8.860694007873532,2.1555557250976562,8.532880477905268,0.00031,0.000207,0.000437
M1_17.64,big plastics,1000000,0.131972,0.101602,0.022784,MM 3° + TOF,none,0.017252,0.9980871782981683,5.9850767517089825,1.3456153869628906,5.934640808105469,0.001003,0.000656,0.001332
M1_17.64,big plastics,1000000,0.131972,0.101602,0.022784,MM 3° + TOF,> 13,0.013178,0.9994688116557899,5.403136825561521,1.0447463989257812,5.330835533142087,0.000807,0.000523,0.001062
M1_17.64,big plastics,1000000,0.131972,0.101602,0.022784,MM 3° + TOF,11–15,0.012477,0.9986374929870963,6.046877441406249,1.3096294403076172,5.972734870910644,0.000745,0.000483,0.000986
M1_17.64,big plastics,1000000,0.131972,0.101602,0.022784,MM 3° + TOF,12–16,0.014611,0.9991102593936075,5.6326415252685536,1.1619987487792969,5.556782341003418,0.000879,0.000571,0.001161
M1_17.64,big plastics,1000000,0.131972,0.101602,0.022784,MM 3° + TOF,13–17,0.013178,0.9994688116557899,5.403136825561521,1.0447463989257812,5.330835533142087,0.000807,0.000523,0.001062
M1_17.64,big plastics,1000000,0.131972,0.101602,0.022784,MM 3° + TOF,9–14,0.006146,0.9965831435079726,8.77478446960449,2.116039276123047,8.584639453887938,0.000323,0.000217,0.000445
M1_15.1,big plastics,1000000,0.135789,0.104748,0.019137,trigger,none,0.019137,0.9946177561791294,7.00516689300537,1.8502264022827148,6.764745407104492,0.001081,0.000698,0.001442
M1_15.1,big plastics,1000000,0.135789,0.104748,0.019137,trigger,> 13,0.000295,1.0,6.058863983154295,1.1329116821289062,5.911378479003906,1.7e-05,1.1e-05,2.4e-05
M1_15.1,big plastics,1000000,0.135789,0.104748,0.019137,trigger,11–15,0.014702,0.9980954972112638,6.248876647949219,1.5161399841308594,6.045254058837891,0.00084,0.000538,0.001133
M1_15.1,big plastics,1000000,0.135789,0.104748,0.019137,trigger,12–16,0.009771,0.999795312659912,5.857310180664061,1.3411140441894531,5.72762092590332,0.000554,0.000357,0.000747
M1_15.1,big plastics,1000000,0.135789,0.104748,0.019137,trigger,13–17,0.000295,1.0,6.058863983154295,1.1329116821289062,5.911378479003906,1.7e-05,1.1e-05,2.4e-05
M1_15.1,big plastics,1000000,0.135789,0.104748,0.019137,trigger,9–14,0.017551,0.9962395305110819,6.730459289550781,1.7541885375976562,6.523159790039061,0.001,0.000637,0.001336
M1_15.1,big plastics,1000000,0.135789,0.104748,0.019137,MM 15°,none,0.014171,0.9983769670453744,6.830731277465819,1.7689628601074219,6.73337432861328,0.000774,0.000511,0.001029
M1_15.1,big plastics,1000000,0.135789,0.104748,0.019137,MM 15°,> 13,0.000235,1.0,6.149828338623047,1.0536041259765625,5.940970687866211,1.2e-05,8e-06,1.8e-05
M1_15.1,big plastics,1000000,0.135789,0.104748,0.019137,MM 15°,11–15,0.011092,0.9995492246664263,6.111135711669922,1.4765663146972656,6.030922088623047,0.00061,0.000403,0.000819
M1_15.1,big plastics,1000000,0.135789,0.104748,0.019137,MM 15°,12–16,0.007508,0.9998668087373468,5.777833251953124,1.3505058288574219,5.705973510742187,0.000411,0.000269,0.000554
M1_15.1,big plastics,1000000,0.135789,0.104748,0.019137,MM 15°,13–17,0.000235,1.0,6.149828338623047,1.0536041259765625,5.940970687866211,1.2e-05,8e-06,1.8e-05
M1_15.1,big plastics,1000000,0.135789,0.104748,0.019137,MM 15°,9–14,0.013127,0.9989334958482516,6.558075485229492,1.6843318939208984,6.453146705627441,0.000719,0.000468,0.00096
M1_15.1,big plastics,1000000,0.135789,0.104748,0.019137,MM 3°,none,0.014254,0.998175950610355,6.701871681213379,1.7274398803710938,6.604933319091797,0.000798,0.000527,0.001061
M1_15.1,big plastics,1000000,0.135789,0.104748,0.019137,MM 3°,> 13,0.000233,1.0,5.95508056640625,0.6844577789306641,5.905787963867187,1.1e-05,7e-06,1.8e-05
M1_15.1,big plastics,1000000,0.135789,0.104748,0.019137,MM 3°,11–15,0.011211,0.9992864151279993,6.056767959594726,1.4522514343261719,5.988523483276367,0.000626,0.000413,0.000842
M1_15.1,big plastics,1000000,0.135789,0.104748,0.019137,MM 3°,12–16,0.0076,0.9998684210526316,5.721565628051756,1.278167724609375,5.660699157714843,0.000425,0.000278,0.00057
M1_15.1,big plastics,1000000,0.135789,0.104748,0.019137,MM 3°,13–17,0.000233,1.0,5.95508056640625,0.6844577789306641,5.905787963867187,1.1e-05,7e-06,1.8e-05
M1_15.1,big plastics,1000000,0.135789,0.104748,0.019137,MM 3°,9–14,0.013235,0.9987910842463166,6.4809538269042966,1.6497993469238281,6.384281997680662,0.000741,0.000483,0.00099
M1_15.1,big plastics,1000000,0.135789,0.104748,0.019137,MM 15° + TOF,none,0.014171,0.9983769670453744,6.830731277465819,1.7689628601074219,6.73337432861328,0.000774,0.000511,0.001029
M1_15.1,big plastics,1000000,0.135789,0.104748,0.019137,MM 15° + TOF,> 13,0.000235,1.0,6.149828338623047,1.0536041259765625,5.940970687866211,1.2e-05,8e-06,1.8e-05
M1_15.1,big plastics,1000000,0.135789,0.104748,0.019137,MM 15° + TOF,11–15,0.011092,0.9995492246664263,6.111135711669922,1.4765663146972656,6.030922088623047,0.00061,0.000403,0.000819
M1_15.1,big plastics,1000000,0.135789,0.104748,0.019137,MM 15° + TOF,12–16,0.007508,0.9998668087373468,5.777833251953124,1.3505058288574219,5.705973510742187,0.000411,0.000269,0.000554
M1_15.1,big plastics,1000000,0.135789,0.104748,0.019137,MM 15° + TOF,13–17,0.000235,1.0,6.149828338623047,1.0536041259765625,5.940970687866211,1.2e-05,8e-06,1.8e-05
M1_15.1,big plastics,1000000,0.135789,0.104748,0.019137,MM 15° + TOF,9–14,0.013127,0.9989334958482516,6.558075485229492,1.6843318939208984,6.453146705627441,0.000719,0.000468,0.00096
M1_15.1,big plastics,1000000,0.135789,0.104748,0.019137,MM 3° + TOF,none,0.014254,0.998175950610355,6.701871681213379,1.7274398803710938,6.604933319091797,0.000798,0.000527,0.001061
M1_15.1,big plastics,1000000,0.135789,0.104748,0.019137,MM 3° + TOF,> 13,0.000233,1.0,5.95508056640625,0.6844577789306641,5.905787963867187,1.1e-05,7e-06,1.8e-05
M1_15.1,big plastics,1000000,0.135789,0.104748,0.019137,MM 3° + TOF,11–15,0.011211,0.9992864151279993,6.056767959594726,1.4522514343261719,5.988523483276367,0.000626,0.000413,0.000842
M1_15.1,big plastics,1000000,0.135789,0.104748,0.019137,MM 3° + TOF,12–16,0.0076,0.9998684210526316,5.721565628051756,1.278167724609375,5.660699157714843,0.000425,0.000278,0.00057
M1_15.1,big plastics,1000000,0.135789,0.104748,0.019137,MM 3° + TOF,13–17,0.000233,1.0,5.95508056640625,0.6844577789306641,5.905787963867187,1.1e-05,7e-06,1.8e-05
M1_15.1,big plastics,1000000,0.135789,0.104748,0.019137,MM 3° + TOF,9–14,0.013235,0.9987910842463166,6.4809538269042966,1.6497993469238281,6.384281997680662,0.000741,0.000483,0.00099
E1_15.1,big plastics,1000000,0.166453,0.128823,0.030852,trigger,none,0.030852,0.9967587190457669,6.403993682861328,0.9855175018310547,6.197766075134277,0.004573,0.003086,0.006054
E1_15.1,big plastics,1000000,0.166453,0.128823,0.030852,trigger,> 13,0.000463,1.0,5.502679824829102,1.4794769287109375,5.421389923095703,7.1e-05,4.9e-05,8.6e-05
E1_15.1,big plastics,1000000,0.166453,0.128823,0.030852,trigger,11–15,0.024287,0.9988882941491333,5.936076736450193,0.8185577392578125,5.758114891052245,0.003661,0.002504,0.004844
E1_15.1,big plastics,1000000,0.166453,0.128823,0.030852,trigger,12–16,0.016101,0.9994410285075461,5.70479064941406,0.7640342712402344,5.548198547363279,0.002476,0.00168,0.003235
E1_15.1,big plastics,1000000,0.166453,0.128823,0.030852,trigger,13–17,0.000463,1.0,5.502679824829102,1.4794769287109375,5.421389923095703,7.1e-05,4.9e-05,8.6e-05
E1_15.1,big plastics,1000000,0.166453,0.128823,0.030852,trigger,9–14,0.028721,0.9978413007903625,6.249040374755858,0.9212722778320312,6.057348175048826,0.004273,0.002897,0.005666
E1_15.1,big plastics,1000000,0.166453,0.128823,0.030852,MM 15°,none,0.022803,0.9987720913914836,6.280052490234375,0.9070892333984375,6.171467895507813,0.003307,0.002262,0.004352
E1_15.1,big plastics,1000000,0.166453,0.128823,0.030852,MM 15°,> 13,0.00037,1.0,5.490602951049804,1.3960304260253906,5.472933959960937,5.5e-05,3.9e-05,6.7e-05
E1_15.1,big plastics,1000000,0.166453,0.128823,0.030852,MM 15°,11–15,0.018187,0.999505141034805,5.832441558837891,0.7814979553222656,5.743981628417969,0.002694,0.001864,0.003529
E1_15.1,big plastics,1000000,0.166453,0.128823,0.030852,MM 15°,12–16,0.01228,0.9997557003257329,5.636300048828125,0.7207145690917969,5.540076141357421,0.001844,0.001276,0.002398
E1_15.1,big plastics,1000000,0.166453,0.128823,0.030852,MM 15°,13–17,0.00037,1.0,5.490602951049804,1.3960304260253906,5.472933959960937,5.5e-05,3.9e-05,6.7e-05
E1_15.1,big plastics,1000000,0.166453,0.128823,0.030852,MM 15°,9–14,0.021364,0.9991574611495975,6.152754211425781,0.8637886047363281,6.051075744628905,0.0031,0.002136,0.004088
E1_15.1,big plastics,1000000,0.166453,0.128823,0.030852,MM 3°,none,0.022696,0.9990306661966867,6.1854692077636715,0.8427276611328125,6.08780288696289,0.00349,0.002397,0.00452
E1_15.1,big plastics,1000000,0.166453,0.128823,0.030852,MM 3°,> 13,0.00036,1.0,5.411839218139649,1.5124588012695312,5.325065307617187,5.8e-05,4e-05,7e-05
E1_15.1,big plastics,1000000,0.166453,0.128823,0.030852,MM 3°,11–15,0.018113,0.9995583282725115,5.755725402832031,0.712249755859375,5.671700897216793,0.002846,0.001977,0.003669
E1_15.1,big plastics,1000000,0.166453,0.128823,0.030852,MM 3°,12–16,0.012217,0.9997544405336826,5.567627105712891,0.6625556945800781,5.489620513916016,0.001953,0.001353,0.002505
E1_15.1,big plastics,1000000,0.166453,0.128823,0.030852,MM 3°,13–17,0.00036,1.0,5.411839218139649,1.5124588012695312,5.325065307617187,5.8e-05,4e-05,7e-05
E1_15.1,big plastics,1000000,0.166453,0.128823,0.030852,MM 3°,9–14,0.021284,0.9992952452546514,6.0626485443115214,0.8159065246582031,5.973013076782227,0.003272,0.00226,0.004247
E1_15.1,big plastics,1000000,0.166453,0.128823,0.030852,MM 15° + TOF,none,0.022803,0.9987720913914836,6.280052490234375,0.9070892333984375,6.171467895507813,0.003307,0.002262,0.004352
E1_15.1,big plastics,1000000,0.166453,0.128823,0.030852,MM 15° + TOF,> 13,0.00037,1.0,5.490602951049804,1.3960304260253906,5.472933959960937,5.5e-05,3.9e-05,6.7e-05
E1_15.1,big plastics,1000000,0.166453,0.128823,0.030852,MM 15° + TOF,11–15,0.018187,0.999505141034805,5.832441558837891,0.7814979553222656,5.743981628417969,0.002694,0.001864,0.003529
E1_15.1,big plastics,1000000,0.166453,0.128823,0.030852,MM 15° + TOF,12–16,0.01228,0.9997557003257329,5.636300048828125,0.7207145690917969,5.540076141357421,0.001844,0.001276,0.002398
E1_15.1,big plastics,1000000,0.166453,0.128823,0.030852,MM 15° + TOF,13–17,0.00037,1.0,5.490602951049804,1.3960304260253906,5.472933959960937,5.5e-05,3.9e-05,6.7e-05
E1_15.1,big plastics,1000000,0.166453,0.128823,0.030852,MM 15° + TOF,9–14,0.021364,0.9991574611495975,6.152754211425781,0.8637886047363281,6.051075744628905,0.0031,0.002136,0.004088
E1_15.1,big plastics,1000000,0.166453,0.128823,0.030852,MM 3° + TOF,none,0.022696,0.9990306661966867,6.1854692077636715,0.8427276611328125,6.08780288696289,0.00349,0.002397,0.00452
E1_15.1,big plastics,1000000,0.166453,0.128823,0.030852,MM 3° + TOF,> 13,0.00036,1.0,5.411839218139649,1.5124588012695312,5.325065307617187,5.8e-05,4e-05,7e-05
E1_15.1,big plastics,1000000,0.166453,0.128823,0.030852,MM 3° + TOF,11–15,0.018113,0.9995583282725115,5.755725402832031,0.712249755859375,5.671700897216793,0.002846,0.001977,0.003669
E1_15.1,big plastics,1000000,0.166453,0.128823,0.030852,MM 3° + TOF,12–16,0.012217,0.9997544405336826,5.567627105712891,0.6625556945800781,5.489620513916016,0.001953,0.001353,0.002505
E1_15.1,big plastics,1000000,0.166453,0.128823,0.030852,MM 3° + TOF,13–17,0.00036,1.0,5.411839218139649,1.5124588012695312,5.325065307617187,5.8e-05,4e-05,7e-05
E1_15.1,big plastics,1000000,0.166453,0.128823,0.030852,MM 3° + TOF,9–14,0.021284,0.9992952452546514,6.0626485443115214,0.8159065246582031,5.973013076782227,0.003272,0.00226,0.004247
M1_14.6,big plastics,1000000,0.136806,0.105957,0.018249,trigger,none,0.018249,0.9945202476848046,7.13122314453125,1.9614219665527344,6.898147201538086,0.000907,0.000603,0.001235
M1_14.6,big plastics,1000000,0.136806,0.105957,0.018249,trigger,> 13,0.0,,,,,0.0,0.0,0.0
M1_14.6,big plastics,1000000,0.136806,0.105957,0.018249,trigger,11–15,0.012731,0.9983504830728144,6.214990615844725,1.539510726928711,6.065962371826171,0.000668,0.000441,0.000905
M1_14.6,big plastics,1000000,0.136806,0.105957,0.018249,trigger,12–16,0.0035,0.9994285714285714,5.941613616943359,1.350912094116211,5.781562805175781,0.000178,0.000118,0.00023
M1_14.6,big plastics,1000000,0.136806,0.105957,0.018249,trigger,13–17,0.0,,,,,0.0,0.0,0.0
M1_14.6,big plastics,1000000,0.136806,0.105957,0.018249,trigger,9–14,0.016515,0.9960641840750832,6.790267486572265,1.8264236450195312,6.589071807861329,0.000827,0.000545,0.001125
M1_14.6,big plastics,1000000,0.136806,0.105957,0.018249,MM 15°,none,0.013425,0.998584729981378,6.9844413757324215,1.8393058776855469,6.827613067626952,0.000675,0.000452,0.000909
M1_14.6,big plastics,1000000,0.136806,0.105957,0.018249,MM 15°,> 13,0.0,,,,,0.0,0.0,0.0
M1_14.6,big plastics,1000000,0.136806,0.105957,0.018249,MM 15°,11–15,0.009628,0.9997922725384296,6.079822540283203,1.457982063293457,5.985986709594727,0.000503,0.000334,0.000671
M1_14.6,big plastics,1000000,0.136806,0.105957,0.018249,MM 15°,12–16,0.00277,1.0,5.819502258300782,1.281285285949707,5.71830940246582,0.000134,9.2e-05,0.000171
M1_14.6,big plastics,1000000,0.136806,0.105957,0.018249,MM 15°,13–17,0.0,,,,,0.0,0.0,0.0
M1_14.6,big plastics,1000000,0.136806,0.105957,0.018249,MM 15°,9–14,0.012285,0.9991859991859992,6.670717468261719,1.7068290710449219,6.540464324951172,0.000621,0.000415,0.000835
M1_14.6,big plastics,1000000,0.136806,0.105957,0.018249,MM 3°,none,0.01344,0.9985863095238096,6.8108232498168935,1.8194465637207031,6.720339965820312,0.000692,0.000463,0.000915
M1_14.6,big plastics,1000000,0.136806,0.105957,0.018249,MM 3°,> 13,0.0,,,,,0.0,0.0,0.0
M1_14.6,big plastics,1000000,0.136806,0.105957,0.018249,MM 3°,11–15,0.00971,0.9997940267765191,6.028255615234375,1.458404541015625,5.924829559326172,0.000519,0.000345,0.000678
M1_14.6,big plastics,1000000,0.136806,0.105957,0.018249,MM 3°,12–16,0.002767,1.0,5.742123794555665,1.3125152587890625,5.630238876342773,0.00014,9.7e-05,0.000174
M1_14.6,big plastics,1000000,0.136806,0.105957,0.018249,MM 3°,13–17,0.0,,,,,0.0,0.0,0.0
M1_14.6,big plastics,1000000,0.136806,0.105957,0.018249,MM 3°,9–14,0.012338,0.9992705462797861,6.528274612426759,1.6909027099609375,6.42442337036133,0.000638,0.000424,0.000841
M1_14.6,big plastics,1000000,0.136806,0.105957,0.018249,MM 15° + TOF,none,0.013425,0.998584729981378,6.9844413757324215,1.8393058776855469,6.827613067626952,0.000675,0.000452,0.000909
M1_14.6,big plastics,1000000,0.136806,0.105957,0.018249,MM 15° + TOF,> 13,0.0,,,,,0.0,0.0,0.0
M1_14.6,big plastics,1000000,0.136806,0.105957,0.018249,MM 15° + TOF,11–15,0.009628,0.9997922725384296,6.079822540283203,1.457982063293457,5.985986709594727,0.000503,0.000334,0.000671
M1_14.6,big plastics,1000000,0.136806,0.105957,0.018249,MM 15° + TOF,12–16,0.00277,1.0,5.819502258300782,1.281285285949707,5.71830940246582,0.000134,9.2e-05,0.000171
M1_14.6,big plastics,1000000,0.136806,0.105957,0.018249,MM 15° + TOF,13–17,0.0,,,,,0.0,0.0,0.0
M1_14.6,big plastics,1000000,0.136806,0.105957,0.018249,MM 15° + TOF,9–14,0.012285,0.9991859991859992,6.670717468261719,1.7068290710449219,6.540464324951172,0.000621,0.000415,0.000835
M1_14.6,big plastics,1000000,0.136806,0.105957,0.018249,MM 3° + TOF,none,0.01344,0.9985863095238096,6.8108232498168935,1.8194465637207031,6.720339965820312,0.000692,0.000463,0.000915
M1_14.6,big plastics,1000000,0.136806,0.105957,0.018249,MM 3° + TOF,> 13,0.0,,,,,0.0,0.0,0.0
M1_14.6,big plastics,1000000,0.136806,0.105957,0.018249,MM 3° + TOF,11–15,0.00971,0.9997940267765191,6.028255615234375,1.458404541015625,5.924829559326172,0.000519,0.000345,0.000678
M1_14.6,big plastics,1000000,0.136806,0.105957,0.018249,MM 3° + TOF,12–16,0.002767,1.0,5.742123794555665,1.3125152587890625,5.630238876342773,0.00014,9.7e-05,0.000174
M1_14.6,big plastics,1000000,0.136806,0.105957,0.018249,MM 3° + TOF,13–17,0.0,,,,,0.0,0.0,0.0
M1_14.6,big plastics,1000000,0.136806,0.105957,0.018249,MM 3° + TOF,9–14,0.012338,0.9992705462797861,6.528274612426759,1.6909027099609375,6.42442337036133,0.000638,0.000424,0.000841
E1_14.6,big plastics,1000000,0.16685,0.129176,0.029351,trigger,none,0.029351,0.9964566794998467,6.503086547851562,1.0826683044433594,6.2943928527832025,0.004527,0.002987,0.005874
E1_14.6,big plastics,1000000,0.16685,0.129176,0.029351,trigger,> 13,0.0,,,,,0.0,0.0,0.0
E1_14.6,big plastics,1000000,0.16685,0.129176,0.029351,trigger,11–15,0.020909,0.9994739107561337,5.927720336914062,0.9107208251953125,5.760672454833984,0.003258,0.002131,0.004201
E1_14.6,big plastics,1000000,0.16685,0.129176,0.029351,trigger,12–16,0.005826,1.0,5.708301544189453,0.8871345520019531,5.600898742675781,0.000917,0.000624,0.001183
E1_14.6,big plastics,1000000,0.16685,0.129176,0.029351,trigger,13–17,0.0,,,,,0.0,0.0,0.0
E1_14.6,big plastics,1000000,0.16685,0.129176,0.029351,trigger,9–14,0.027006,0.9977042138783974,6.332984161376951,1.0433979034423828,6.1179324340820305,0.004191,0.002759,0.005433
E1_14.6,big plastics,1000000,0.16685,0.129176,0.029351,MM 15°,none,0.02158,0.9983781278962002,6.379311180114746,0.9871768951416016,6.2658900451660156,0.003302,0.002202,0.004227
E1_14.6,big plastics,1000000,0.16685,0.129176,0.029351,MM 15°,> 13,0.0,,,,,0.0,0.0,0.0
E1_14.6,big plastics,1000000,0.16685,0.129176,0.029351,MM 15°,11–15,0.015696,0.9998088685015291,5.869525566101074,0.8542633056640625,5.785526885986325,0.002406,0.001588,0.003064
E1_14.6,big plastics,1000000,0.16685,0.129176,0.029351,MM 15°,12–16,0.004476,1.0,5.713680267333984,0.8949670791625977,5.659765243530273,0.000683,0.000459,0.000874
E1_14.6,big plastics,1000000,0.16685,0.129176,0.029351,MM 15°,13–17,0.0,,,,,0.0,0.0,0.0
E1_14.6,big plastics,1000000,0.16685,0.129176,0.029351,MM 15°,9–14,0.019956,0.9990980156343957,6.202010192871093,0.9579677581787109,6.105068206787109,0.00306,0.002032,0.003915
E1_14.6,big plastics,1000000,0.16685,0.129176,0.029351,MM 3°,none,0.021362,0.9988765096901039,6.268190460205078,0.9778156280517578,6.202068786621089,0.003464,0.0023,0.004375
E1_14.6,big plastics,1000000,0.16685,0.129176,0.029351,MM 3°,> 13,0.0,,,,,0.0,0.0,0.0
E1_14.6,big plastics,1000000,0.16685,0.129176,0.029351,MM 3°,11–15,0.015591,0.9998075812969021,5.7913899230957036,0.8333663940429688,5.730553131103516,0.00253,0.001661,0.003174
E1_14.6,big plastics,1000000,0.16685,0.129176,0.029351,MM 3°,12–16,0.004444,1.0,5.666419906616211,0.8321132659912109,5.6025323486328125,0.000729,0.000496,0.000922
E1_14.6,big plastics,1000000,0.16685,0.129176,0.029351,MM 3°,13–17,0.0,,,,,0.0,0.0,0.0
E1_14.6,big plastics,1000000,0.16685,0.129176,0.029351,MM 3°,9–14,0.019797,0.9994443602566045,6.132220458984374,0.9499683380126953,6.061879730224607,0.00322,0.002131,0.004064
E1_14.6,big plastics,1000000,0.16685,0.129176,0.029351,MM 15° + TOF,none,0.02158,0.9983781278962002,6.379311180114746,0.9871768951416016,6.2658900451660156,0.003302,0.002202,0.004227
E1_14.6,big plastics,1000000,0.16685,0.129176,0.029351,MM 15° + TOF,> 13,0.0,,,,,0.0,0.0,0.0
E1_14.6,big plastics,1000000,0.16685,0.129176,0.029351,MM 15° + TOF,11–15,0.015696,0.9998088685015291,5.869525566101074,0.8542633056640625,5.785526885986325,0.002406,0.001588,0.003064
E1_14.6,big plastics,1000000,0.16685,0.129176,0.029351,MM 15° + TOF,12–16,0.004476,1.0,5.713680267333984,0.8949670791625977,5.659765243530273,0.000683,0.000459,0.000874
E1_14.6,big plastics,1000000,0.16685,0.129176,0.029351,MM 15° + TOF,13–17,0.0,,,,,0.0,0.0,0.0
E1_14.6,big plastics,1000000,0.16685,0.129176,0.029351,MM 15° + TOF,9–14,0.019956,0.9990980156343957,6.202010192871093,0.9579677581787109,6.105068206787109,0.00306,0.002032,0.003915
E1_14.6,big plastics,1000000,0.16685,0.129176,0.029351,MM 3° + TOF,none,0.021362,0.9988765096901039,6.268190460205078,0.9778156280517578,6.202068786621089,0.003464,0.0023,0.004375
E1_14.6,big plastics,1000000,0.16685,0.129176,0.029351,MM 3° + TOF,> 13,0.0,,,,,0.0,0.0,0.0
E1_14.6,big plastics,1000000,0.16685,0.129176,0.029351,MM 3° + TOF,11–15,0.015591,0.9998075812969021,5.7913899230957036,0.8333663940429688,5.730553131103516,0.00253,0.001661,0.003174
E1_14.6,big plastics,1000000,0.16685,0.129176,0.029351,MM 3° + TOF,12–16,0.004444,1.0,5.666419906616211,0.8321132659912109,5.6025323486328125,0.000729,0.000496,0.000922
E1_14.6,big plastics,1000000,0.16685,0.129176,0.029351,MM 3° + TOF,13–17,0.0,,,,,0.0,0.0,0.0
E1_14.6,big plastics,1000000,0.16685,0.129176,0.029351,MM 3° + TOF,9–14,0.019797,0.9994443602566045,6.132220458984374,0.9499683380126953,6.061879730224607,0.00322,0.002131,0.004064
