hw,scenario,I_uA,level,esum,e_lo,e_hi,mass,live,N_g0,S_ATOMKI,B_ipc,win_opt,R3_count_opt,days_count_opt,days_fisher_1norm,B_g1,B_epc,B_cos,B_acc,R3_count,R3_fisher,R3_fisher_1norm,days_count,days_fisher,days_fisher_live,days_fisher_1norm_live,days_count_opt_live,days_count_live
as built,ATOMKI 2016 anomaly,1.0,trigger,0–14,0,14,16.7,0.9989567650626051,159647559.20533565,13.576509062911546,220.80394522668325,128-174,4.488162670074346e-05,59.87991722071605,92.67030675391851,447.03573745804755,25.981056677843778,862.632051778513,0.009617948979766,5.056272279094167e-05,7.128037911709723e-05,5.583394235768973e-05,75.99848204618348,151.03723088814243,151.19496275564725,92.7670846176319,59.94245128012457,76.07784911634351
as built,ATOMKI 2016 anomaly,1.0,trigger,0–15,0,15,16.7,0.9989567650626051,159647559.20533565,17.91793630511572,296.25247992176946,130-176,3.783484929058846e-05,42.552788966752146,74.02577460274226,447.03573745804755,31.876585203129693,1576.5929182062364,0.014819412372142413,4.7093277588262284e-05,6.867096692019959e-05,4.990217487881916e-05,65.92677746745322,140.18138221626475,140.3277770559765,74.10308152635918,42.597227883115984,65.99562641064006
as built,ATOMKI 2016 anomaly,1.0,trigger,0–16,0,16,16.7,0.9989567650626051,159647559.20533565,18.437030001236806,305.25448120977046,130-176,4.244004783852771e-05,53.54214210869561,100.0008630649316,447.03573745804755,31.876585203129693,2565.0101244295147,0.021467788923501378,5.461711087375571e-05,7.629541412639134e-05,5.8000250288290134e-05,88.67505351355896,173.03775911764433,173.2184666738805,100.10529640756224,53.59805747482985,88.76765903677689
as built,ATOMKI 2016 anomaly,1.0,trigger,0–17,0,17,16.7,0.9989567650626051,159647559.20533565,18.437950380130637,305.25448120977046,130-178,5.0362764450850044e-05,75.39857440938778,148.92792918096396,447.03573745804755,31.876585203129693,4212.990066830321,0.02955796893590888,6.671129670050484e-05,9.31649971154979e-05,7.078089811275093e-05,132.29480105418514,258.0177374414605,258.2871916636857,149.08345825320134,75.47731498135708,132.43295974465337
as built,ATOMKI 2016 anomaly,1.0,trigger,0–18,0,18,16.7,0.9989567650626051,159647559.20533565,18.437950380130637,305.25448120977046,132-178,6.170969615202562e-05,113.20114741900493,237.1400208318077,447.03573745804755,31.876585203129693,7394.02306717215,0.0393520338504215,8.534267392714285e-05,0.00011727136358296743,8.931623760986583e-05,216.50927446595205,408.8160736209434,409.243010227097,237.38767194488744,113.3193661408465,216.73538038694127
as built,ATOMKI 2016 anomaly,1.0,trigger,0–20,0,20,16.7,0.9989567650626051,159647559.20533565,18.437950380130637,305.25448120977046,132-178,0.00010044084151497076,299.89187408547775,613.3435150625176,447.03573745804755,31.876585203129693,23353.929827401545,0.06434000258607896,0.00014661847430949698,0.0001852044682566936,0.0001436414837249431,639.030232129745,1019.6401623735026,1020.7049974876552,613.9840446689192,300.2050584908781,639.6975870018725
as built,ATOMKI 2016 anomaly,1.0,trigger,none,0,99,16.7,0.9989567650626051,159647559.20533565,18.437950380130637,305.25448120977046,132-178,0.0001934288184576995,1112.2089123050437,1817.9676855476544,447.03573745804755,31.876585203129693,81841.03166719002,0.2109382788258219,0.00027126478522405945,0.0003107185806844027,0.00024729826716300116,2187.4133086401635,2869.9773003130103,2872.9744876727946,1819.8662335839144,1113.3704192246407,2189.6976777599352
as built,ATOMKI 2016 anomaly,1.0,trigger,6–14,6,14,16.7,0.9989567650626051,159647559.20533565,13.560862621716408,220.60460338724508,128-174,4.486260367924151e-05,59.82916792154262,91.86486008167526,443.58210971085884,25.98105667528803,860.8843258642482,0.00958734713236846,5.053316112216787e-05,7.078874185757574e-05,5.5590771654543135e-05,75.90964247916106,148.96093857843326,149.1165021231903,91.96079679776535,59.89164898221906,75.9889167719924
as built,ATOMKI 2016 anomaly,1.0,trigger,6–15,6,15,16.7,0.9989567650626051,159647559.20533565,17.902289863920583,296.05313808233126,130-176,3.782553687983575e-05,42.531844240422544,73.72221961322529,443.58210971085884,31.876585200573953,1574.8451922919714,0.014788810524744875,4.7080284665302794e-05,6.836885076634185e-05,4.979975369205051e-05,65.89040440445734,138.95064670363618,139.09575625620602,73.79920952695593,42.57626128369735,65.95921536236652
as built,ATOMKI 2016 anomaly,1.0,trigger,6–16,6,16,16.7,0.9989567650626051,159647559.20533565,18.42138356004166,305.0551393703322,130-176,4.243992333305346e-05,53.54182795824777,99.63630139012092,443.58210971085884,31.876585200573953,2563.2623985152495,0.021437187076103835,5.461940922369245e-05,7.599944204116427e-05,5.7894431327750926e-05,88.68251676412544,171.69783562925937,171.87714387068493,99.74035401209447,53.59774299630703,88.77513008139813
as built,ATOMKI 2016 anomaly,1.0,trigger,6–17,6,17,16.7,0.9989567650626051,159647559.20533565,18.422303938935492,305.0551393703322,130-178,5.037365209770859e-05,75.4311779328472,148.03574600805487,443.58210971085884,31.876585200573953,4211.242340916055,0.02952736708851134,6.673186637472715e-05,9.293170450618646e-05,7.056856591791395e-05,132.37639684466228,256.7271611898084,256.99526763174697,148.19034335162382,75.50995255347202,132.5146407476065
as built,ATOMKI 2016 anomaly,1.0,trigger,6–18,6,18,16.7,0.9989567650626051,159647559.20533565,18.422303938935492,305.0551393703322,132-178,6.173289033817092e-05,113.28625890322935,235.33055897925405,443.58210971085884,31.876585200573953,7392.275341257884,0.039321432003023966,8.53869493922759e-05,0.0001170862986217075,8.897482792375666e-05,216.73398116881935,407.5267932500495,407.95238342923636,235.57632042714658,113.40456650907174,216.9603217565042
as built,ATOMKI 2016 anomaly,1.0,trigger,6–20,6,20,16.7,0.9989567650626051,159647559.20533565,18.422303938935492,305.0551393703322,132-178,0.00010050100004570547,300.25121908997886,611.5744293197878,443.58210971085884,31.876585200573953,23352.18210148728,0.06430940073868141,0.00014672658316993407,0.00018461458069625713,0.00014343417933783309,639.9729550750171,1013.1552736520462,1014.2133364385908,612.2131114267594,300.5647787681402,640.6412944557312
as built,ATOMKI 2016 anomaly,1.0,trigger,> 6,6,99,16.7,0.9989567650626051,159647559.20533565,18.422303938935492,305.0551393703322,132-178,0.0001935637785288051,1113.7614850876425,1832.2129355238594,443.58210971085884,31.876585200573953,81839.28394127577,0.21090767697842436,0.0002714863028304543,0.00030728779882448996,0.000248265267709808,2190.9872956167997,2806.9498010225984,2809.881167226177,1834.1263602224403,1114.9246133968998,2193.275397138423
as built,ATOMKI 2016 anomaly,1.0,trigger,8–14,8,14,16.7,0.9989567650626051,159647559.20533565,13.251615313388955,210.00985737028572,128-174,4.5123241280787594e-05,60.52636455660445,79.5337120063579,411.0449562624133,19.34685150373207,843.2118313745715,0.009232733170264096,5.0575730846164894e-05,7.476099741029422e-05,5.172537164577825e-05,76.03759068441484,166.14764369149876,166.32115573198627,79.61677100347129,60.58957371674762,76.11699859668053
as built,ATOMKI 2016 anomaly,1.0,trigger,8–15,8,15,16.7,0.9989567650626051,159647559.20533565,17.593042555593126,285.45839206537187,130-176,3.800221728530041e-05,42.93009865039195,61.07455339213787,411.0449562624133,25.242380029017987,1557.1726978022948,0.014434196562640512,4.721435491988805e-05,7.297718404961642e-05,4.532712186000252e-05,66.26621018136613,158.3135966650294,158.4789274189537,61.13833503926499,42.974931600469716,66.33541360242272
as built,ATOMKI 2016 anomaly,1.0,trigger,8–16,8,16,16.7,0.9989567650626051,159647559.20533565,18.112136251714215,294.46039335337287,130-176,4.276857096528969e-05,54.37427652832997,80.84452323510466,411.0449562624133,25.242380029017987,2545.5899040255727,0.02108257311399947,5.498893318165714e-05,8.090225037831807e-05,5.214987786782364e-05,89.88652712416032,194.56522343270112,194.76841264547383,80.92895114438521,54.43106091275362,89.98039781884563
as built,ATOMKI 2016 anomaly,1.0,trigger,8–17,8,17,16.7,0.9989567650626051,159647559.20533565,18.113056630608046,294.46039335337287,130-178,5.0915438510095636e-05,77.0624815301822,118.94745872172821,411.0449562624133,25.242380029017987,4193.569846426378,0.02917275312640698,6.741116248333917e-05,9.886194840686712e-05,6.325656101464051e-05,135.08516133636007,290.537599369859,290.8410148778069,119.07167845674854,77.1429597609789,135.22623406819235
as built,ATOMKI 2016 anomaly,1.0,trigger,8–18,8,18,16.7,0.9989567650626051,159647559.20533565,18.113056630608046,294.46039335337287,132-178,6.254937135742848e-05,116.30273059481252,186.68383061648865,411.0449562624133,25.242380029017987,7374.602846768209,0.038966818040919594,8.648572874758624e-05,0.00012434444854650867,7.924672902990179e-05,222.34783819860476,459.61777301829187,460.0977630793535,186.8787890983341,116.42418837568387,222.5800414742375
as built,ATOMKI 2016 anomaly,1.0,trigger,8–20,8,20,16.7,0.9989567650626051,159647559.20533565,18.113056630608046,294.46039335337287,132-178,0.00010214263062303296,310.1402196965918,486.8509629960643,411.0449562624133,25.242380029017987,23334.509606997603,0.06395478677657705,0.00014902301148436752,0.0001972732732763985,0.00012797525696472582,660.1622458938742,1156.8592256000177,1158.0673619318418,487.3593933422665,310.46410669950785,660.8516694438738
as built,ATOMKI 2016 anomaly,1.0,trigger,> 8,8,99,16.7,0.9989567650626051,159647559.20533565,18.113056630608046,294.46039335337287,132-178,0.0001969912434252301,1153.5538045843716,1577.4258370707312,411.0449562624133,25.242380029017987,81821.6114467861,0.21055306301631993,0.00027600871914249713,0.0003367399278626398,0.0002303575593703393,2264.590161791969,3370.8019921800196,3374.3222029922085,1579.0731813822524,1154.7584889843333,2266.9551285836137
as built,ATOMKI 2016 anomaly,1.0,trigger,9–14,9,14,16.7,0.9989567650626051,159647559.20533565,12.634041075627875,196.47140373152342,128-174,4.6133460466807994e-05,63.266830399599755,77.52180682670425,373.23564117568196,16.417827950805403,822.5218825417198,0.008844591904982834,5.1690338571389445e-05,7.835036649627626e-05,5.106695195182821e-05,79.42601372249914,182.48454013379336,182.67511319406998,77.60276474212166,63.33290149512606,79.50896024766544
as built,ATOMKI 2016 anomaly,1.0,trigger,9–15,9,15,16.7,0.9989567650626051,159647559.20533565,16.97546831783205,271.91993842660963,130-176,3.860481520191877e-05,44.302370891031465,59.90564778918369,373.23564117568196,22.313356476091325,1536.482748969443,0.014046055297359248,4.812047466744115e-05,7.655970562701154e-05,4.48912685455439e-05,68.8341284845376,174.2386600979388,174.4206217843864,59.96820871965302,44.34863693851156,68.90601364536906
as built,ATOMKI 2016 anomaly,1.0,trigger,9–16,9,16,16.7,0.9989567650626051,159647559.20533565,17.494562013953132,280.9219397146106,130-176,4.3610953206913315e-05,56.53731390058211,76.23280169698442,373.23564117568196,22.313356476091325,2524.899955192722,0.020694431848718213,5.6275009085325055e-05,8.48173997199038e-05,5.064061067055329e-05,94.14020949920976,213.85229771836907,214.07562889367574,76.31241347287626,56.596357197740076,94.23852241824494
as built,ATOMKI 2016 anomaly,1.0,trigger,9–17,9,17,16.7,0.9989567650626051,159647559.20533565,17.495482392846966,280.9219397146106,130-178,5.212257853896283e-05,80.75990468342295,109.05310807569613,373.23564117568196,22.313356476091325,4172.879897593528,0.028784611861125717,6.92574374102922e-05,0.00010371774689385278,6.0568527765386684e-05,142.58598800952856,319.7791623286952,320.11311551471846,109.16699489878495,80.84424422348417,142.73489403777413
as built,ATOMKI 2016 anomaly,1.0,trigger,9–18,9,18,16.7,0.9989567650626051,159647559.20533565,17.495482392846966,280.9219397146106,132-178,6.422197295610499e-05,122.60588021327825,163.0853516086587,373.23564117568196,22.313356476091325,7353.912897935358,0.03857867677563834,8.912355920636044e-05,0.00013041339275672895,7.406882764102102e-05,236.1179787636633,505.5782702235685,506.1062579539002,163.255665622764,122.73392052717566,236.36456253326006
as built,ATOMKI 2016 anomaly,1.0,trigger,9–20,9,20,16.7,0.9989567650626051,159647559.20533565,17.495482392846966,280.9219397146106,132-178,0.00010529925588645311,329.6056269393796,391.8414465597071,373.23564117568196,22.313356476091325,23313.819658164757,0.06356664551129577,0.00015404288950438875,0.00020806992575607213,0.00011481091525751612,705.3867956855328,1286.9528538685306,1288.2968501523453,392.2506561484172,329.9498421422904,706.1234483369516
as built,ATOMKI 2016 anomaly,1.0,trigger,> 9,9,99,16.7,0.9989567650626051,159647559.20533565,17.495482392846966,280.9219397146106,132-178,0.00020343784257755585,1230.290005725636,1317.6420551968586,373.23564117568196,22.313356476091325,81800.92149795326,0.2101649217510387,0.00028562179298177184,0.0003603385945488925,0.00021053616966408014,2425.083490669504,3859.806858545515,3863.837749077778,1319.0181009628393,1231.574827613819,2427.616064562637
as built,ATOMKI 2016 anomaly,1.0,trigger,10–14,10,14,16.7,0.9989567650626051,159647559.20533565,11.50473617289637,176.15533180504292,130-174,4.796651127269895e-05,68.39435801646715,120.84683450882459,304.27678805114545,9.500298261886778,784.367243436076,0.008183890010168346,5.3989556863636726e-05,8.418366859858969e-05,6.375960722022102e-05,86.64899673994837,210.6685510914737,210.88855740245273,120.97303780834905,68.46578391426264,86.73948640261527
as built,ATOMKI 2016 anomaly,1.0,trigger,10–15,10,15,16.7,0.9989567650626051,159647559.20533565,15.846163415100541,251.60386650012904,130-176,3.964781833043457e-05,46.72858199652626,106.39722272945677,304.27678805114545,15.395826787172702,1498.3281098637997,0.013385353402544762,4.9953993380002694e-05,8.360630024174473e-05,5.98264370710719e-05,74.17959139742426,207.78874673343532,208.0057455944183,106.5083359466401,46.77738179549518,74.257058955675
as built,ATOMKI 2016 anomaly,1.0,trigger,10–16,10,16,16.7,0.9989567650626051,159647559.20533565,16.365257111221627,260.60586778813,130-176,4.512943553654691e-05,60.54298311080092,134.0187738012681,304.27678805114545,15.395826787172702,2486.745316087077,0.020033729953903723,5.8882522517413285e-05,9.238275898285107e-05,6.714455711876176e-05,103.06633347246378,253.7031556861935,253.96810408535927,134.15873287856365,60.60620962610595,103.17396816067867
as built,ATOMKI 2016 anomaly,1.0,trigger,10–17,10,17,16.7,0.9989567650626051,159647559.20533565,16.366177490115458,260.60586778813,132-178,5.4336011534721986e-05,87.7646298900547,192.201901310945,304.27678805114545,15.395826787172702,4134.725258487883,0.02812390996631123,7.300360516541869e-05,0.00011310700778036732,8.040940218718325e-05,158.42825110429092,380.2971227416193,380.69427631113336,192.40262244872991,87.85628463565634,158.59370159464524
as built,ATOMKI 2016 anomaly,1.0,trigger,10–18,10,18,16.7,0.9989567650626051,159647559.20533565,16.366177490115458,260.60586778813,132-178,6.734172562718267e-05,134.80701576833386,283.1116055409091,304.27678805114545,15.395826787172702,7315.758258829715,0.037917974880823845,9.447297996615922e-05,0.0001417870785945844,9.759033973911652e-05,265.31343471124615,597.6092644585864,598.2333624029603,283.4072659022099,134.94779802595903,265.5905080082408
as built,ATOMKI 2016 anomaly,1.0,trigger,10–20,10,20,16.7,0.9989567650626051,159647559.20533565,16.366177490115458,260.60586778813,132-178,0.00011124224328239629,367.8607815249655,664.4616310468796,304.27678805114545,15.395826787172702,23275.665019059114,0.06290594361648129,0.00016421047709954705,0.00022568211219844875,0.00014950748900445434,801.5779069340326,1514.043274861867,1515.6244272163083,665.1555445497557,368.24494751973725,802.4150143112523
as built,ATOMKI 2016 anomaly,1.0,trigger,> 10,10,99,16.7,0.9989567650626051,159647559.20533565,16.366177490115458,260.60586778813,132-178,0.00021560947349617856,1381.9097818459966,2265.405184475229,304.27678805114545,15.395826787172702,81762.76685884762,0.20950421985622422,0.0003050815936709188,0.0003905795385791366,0.0002760583822414141,2766.788905968716,4534.850652695934,4539.586507942346,2267.771002414959,1383.3529439678919,2769.678331169137
as built,ATOMKI 2016 anomaly,1.0,trigger,11–14,11,14,16.7,0.9989567650626051,159647559.20533565,9.882108183071065,149.45502177130146,130-174,5.0951010777375304e-05,77.17019914495286,92.40245859022866,204.8306614257564,6.522628663826806,709.6476745837721,0.007267167018686371,5.7608361891930974e-05,8.778588273456803e-05,5.5753194589864465e-05,98.65408323043057,229.08327013933797,229.32250739097924,92.49895673356569,77.2507898678844,98.75711009800096
as built,ATOMKI 2016 anomaly,1.0,trigger,11–15,11,15,16.7,0.9989567650626051,159647559.20533565,14.223535425275236,224.9035564663877,130-176,4.1305460878894576e-05,50.71763074964002,66.77827380728125,204.8306614257564,12.41815718911273,1423.6085410114954,0.01246863041106278,5.284101318844147e-05,8.502124332286609e-05,4.7396425296397e-05,83.00156583772431,214.88144518923903,215.1058511283742,66.84801198888344,50.7705964096069,83.08824639925488
as built,ATOMKI 2016 anomaly,1.0,trigger,11–16,11,16,16.7,0.9989567650626051,159647559.20533565,14.742629121396325,233.90555775438867,130-176,4.759138184425626e-05,67.32876414523794,89.20065672634168,204.8306614257564,12.41815718911273,2412.025747234774,0.019117006962421745,6.315388809072689e-05,9.518826589465625e-05,5.477873759292135e-05,118.56164033817048,269.3461939367354,269.6274787426414,89.29381114982631,67.39907721733924,118.68545715363383
as built,ATOMKI 2016 anomaly,1.0,trigger,11–17,11,17,16.7,0.9989567650626051,159647559.20533565,14.743549500290156,233.90555775438867,132-178,5.7852998980123254e-05,99.49374230065821,133.49467051347767,204.8306614257564,12.41815718911273,4060.0056896355795,0.027207186974829246,7.926703693631563e-05,0.0001190378194480899,6.70131383840019e-05,186.77952273077366,421.22480555755203,421.6647009054027,133.63408225691478,99.59764604469433,186.97458114623018
as built,ATOMKI 2016 anomaly,1.0,trigger,11–18,11,18,16.7,0.9989567650626051,159647559.20533565,14.743549500290156,233.90555775438867,132-178,7.236568985402428e-05,155.6716132000247,206.47795113913136,204.8306614257564,12.41815718911273,7241.0386899774085,0.03700125188934187,0.00010350785972817554,0.00015186686125681862,8.334217585544776e-05,318.4862373813217,685.598797502907,686.3147850647372,206.6935811042746,155.83418486611748,318.81884033425814
as built,ATOMKI 2016 anomaly,1.0,trigger,11–20,11,20,16.7,0.9989567650626051,159647559.20533565,14.743549500290156,233.90555775438867,132-178,0.0001208271969100822,433.98369539678276,516.6828534468851,204.8306614257564,12.41815718911273,23200.945450206807,0.06198922062499932,0.0001815025022886514,0.00024378848191497154,0.00013183782154584176,979.2853251201516,1766.7307941262309,1768.5758342259276,517.2224379645743,434.43691516477674,980.3080166925736
as built,ATOMKI 2016 anomaly,1.0,trigger,> 11,11,99,16.7,0.9989567650626051,159647559.20533565,14.743549500290156,233.90555775438867,132-178,0.0002352368643064218,1644.9578575718756,1776.5976743381852,204.8306614257564,12.41815718911273,81688.04728999532,0.20858749686474226,0.00033823845839982226,0.0004103694000193524,0.00024446829194138157,3400.8696415186764,5006.035804763474,5011.263730167284,1778.4530186617685,1646.6757272210727,3404.4212527111144
as built,ATOMKI 2016 anomaly,1.0,trigger,12–15,12,15,16.7,0.9989567650626051,159647559.20533565,11.955721830873903,186.08779451260764,130-176,4.3038213421108846e-05,55.06206345068114,209.91240655161468,34.45801576084332,10.329428142016058,1315.0265993802925,0.010981603980138982,5.722238376382068e-05,0.00012273434996822678,8.403245418525107e-05,97.3365399409622,447.7919340702488,448.25957411899145,210.13162320239093,55.119566107778816,97.43819086591007
as built,ATOMKI 2016 anomaly,1.0,trigger,12–16,12,16,16.7,0.9989567650626051,159647559.20533565,12.47481552699499,195.08979580060864,132-178,5.085527235277894e-05,76.88046153612729,274.20788082633504,34.45801576084332,10.329428142016058,2303.4438056035706,0.01762998053149795,7.034240518049054e-05,0.00013546722348015618,9.604349593282157e-05,147.0884056651695,545.5222543823596,546.0919565905052,274.49424281054877,76.96074967900051,147.24201367809084
as built,ATOMKI 2016 anomaly,1.0,trigger,12–17,12,17,16.7,0.9989567650626051,159647559.20533565,12.475735905888822,195.08979580060864,132-178,6.328638030616781e-05,119.05962937743476,440.4338663438622,34.45801576084332,10.329428142016058,3951.4237480043766,0.025720160543905447,9.029398759344127e-05,0.00017570897526793936,0.00012172179453083791,242.36041009288124,917.7658736536658,918.7243189610404,440.8938221828449,119.18396625500928,242.61351298591225
as built,ATOMKI 2016 anomaly,1.0,trigger,12–18,12,18,16.7,0.9989567650626051,159647559.20533565,12.475735905888822,195.08979580060864,132-178,8.055126782461189e-05,192.88070000452893,699.9005155522166,34.45801576084332,10.329428142016058,7132.456748346206,0.03551422545841807,0.00011975306079434699,0.00022723980041953462,0.00015344267119408658,426.30188970316783,1535.0156627440524,1536.61871707516,700.6314387473551,193.08213002836115,426.7470871739392
as built,ATOMKI 2016 anomaly,1.0,trigger,12–20,12,20,16.7,0.9989567650626051,159647559.20533565,12.475735905888822,195.08979580060864,134-178,0.00013663884165373083,554.9991988250096,1647.0992701632817,34.45801576084332,10.329428142016058,23092.36350857561,0.06050219419407552,0.00021304034810686772,0.00034717434146553413,0.00023538993064337483,1349.173303254916,3582.9376745549134,3586.6794238390976,1648.8193761419266,555.5787980375983,1350.5822778730194
as built,ATOMKI 2016 anomaly,1.0,trigger,> 12,12,99,16.7,0.9989567650626051,159647559.20533565,12.475735905888822,195.08979580060864,132-178,0.0002689281558882666,2149.8915882718134,4611.934468807161,34.45801576084332,10.329428142016058,81579.4653483641,0.20710047043381843,0.0003989437062177827,0.0005256798091531,0.00039388510447930483,4731.155788667672,8214.603500334115,8223.18221131352,4616.750824564593,2152.1367725429823,4736.096650159998
as built,ATOMKI 2016 anomaly,1.0,trigger,13–16,13,16,16.7,0.9989567650626051,159647559.20533565,9.177097950395979,149.75397309502296,132-178,6.0231474595631546e-05,107.84276254352578,158.18426484812753,0.39912123170394126,5.896940491243584,2095.2765252832405,0.01541680285247421,8.996314214847667e-05,0.00012180356354713447,7.294736917457004e-05,240.58760241459626,441.02580537398404,441.486379389347,158.34946053767806,107.95538537322706,240.8388539212891
as built,ATOMKI 2016 anomaly,1.0,trigger,13–17,13,17,16.7,0.9989567650626051,159647559.20533565,9.17801832928981,149.75397309502296,134-178,7.687653043181292e-05,175.68373755152967,256.6804854819517,0.39912123170394126,5.896940491243584,3743.2564676840466,0.023506982864881707,0.00011838463068496494,0.00015961389501204488,9.292325613974607e-05,416.6147676104501,757.3304245218811,758.1213231729993,256.94854317930907,175.8672083676409,417.04984858312724
as built,ATOMKI 2016 anomaly,1.0,trigger,13–18,13,18,16.7,0.9989567650626051,159647559.20533565,9.17801832928981,149.75397309502296,134-178,9.923725609230428e-05,292.74771096104587,407.89711330532475,0.39912123170394126,5.896940491243584,6924.289468025878,0.033301047779394334,0.0001595248666395263,0.00021039154425538936,0.00011713948476748191,756.4858227217196,1315.8323987564643,1317.206554654045,408.32309021878604,293.0534345424841,757.2758393345584
as built,ATOMKI 2016 anomaly,1.0,trigger,13–20,13,20,16.7,0.9989567650626051,159647559.20533565,9.17801832928981,149.75397309502296,136-178,0.00017099141488728992,869.1457777989688,1016.1207977314081,0.39912123170394126,5.896940491243584,22884.196228255274,0.05828901651505177,0.0002877692833843968,0.00036244761402963053,0.00018488456840873597,2461.687290712522,3905.1210735960767,3909.199286869378,1017.1819574871464,870.0534479532745,2464.2580908476525
as built,ATOMKI 2016 anomaly,1.0,trigger,> 13,13,99,16.7,0.9989567650626051,159647559.20533565,9.17801832928981,149.75397309502296,134-178,0.0003404866111212762,3446.228666850509,3546.6263580597833,0.39912123170394126,5.896940491243584,81371.29806804378,0.20488729275479473,0.0005413180781813662,0.0006753334493390399,0.0003454106406657605,8710.620147620915,13557.52876920825,13571.687227483357,3550.3301865496796,3449.8276475804555,8719.716860894392
as built,ATOMKI 2016 anomaly,1.0,MM 15°,0–14,0,14,16.7,0.9989567650626051,159647559.20533565,9.93272902223181,160.55332227915247,128-160,4.1641899124287085e-05,51.547198652714066,65.46443246129787,322.1175658635635,14.21519457180253,134.19884526913626,0.002956935113515923,4.400738697991463e-05,5.9519579640825996e-05,4.6927854287172144e-05,57.569860546966694,105.30857195661797,105.41854826922187,65.5327985663075,51.601030650694454,57.62998215779515
as built,ATOMKI 2016 anomaly,1.0,MM 15°,0–15,0,15,16.7,0.9989567650626051,159647559.20533565,13.079504460242424,215.34860803091482,130-168,3.413138215073194e-05,34.62994195955121,46.50104452181665,322.1175658635635,14.215194571802531,249.5159968549128,0.004148777136632167,3.76555364161427e-05,5.3904766253465224e-05,3.955117112948632e-05,42.15039901270656,86.37704592273256,86.46725158052188,46.54960669784584,34.666106853364106,42.1944177034178
as built,ATOMKI 2016 anomaly,1.0,MM 15°,0–16,0,16,16.7,0.9989567650626051,159647559.20533565,13.457780185607255,220.42788727962676,130-168,3.60327676447609e-05,38.595729611811166,52.68093935187257,322.1175658635635,14.215194571802531,382.75017395301677,0.0055785527406761026,3.963035846538664e-05,5.2741647590778774e-05,4.209734908277472e-05,46.68743496120815,82.68969650980678,82.77605137858451,52.73595534294322,38.63603607448652,46.736191789323556
as built,ATOMKI 2016 anomaly,1.0,MM 15°,0–17,0,17,16.7,0.9989567650626051,159647559.20533565,13.458700564501086,220.42788727962676,128-168,4.0577895306431675e-05,48.946658368006226,65.26249280079476,322.1175658635635,14.215194571802531,634.535869497083,0.007079350071196556,4.462285403551712e-05,5.8054364361267906e-05,4.685541866015857e-05,59.191412077142274,100.1875511709528,100.2921794765302,65.33064801528695,48.99777455828002,59.253227113820806
as built,ATOMKI 2016 anomaly,1.0,MM 15°,0–18,0,18,16.7,0.9989567650626051,159647559.20533565,13.458700564501086,220.42788727962676,130-168,4.766970578316402e-05,67.55056032857969,88.72621298404653,322.1175658635635,14.215194571802531,1141.5692626863856,0.008748590538765087,5.3279269928276063e-05,6.68376177873628e-05,5.4632863779810456e-05,84.38408454489007,132.79628868875133,132.9349710949992,88.81887193434844,67.62110502784999,84.47220890445813
as built,ATOMKI 2016 anomaly,1.0,MM 15°,0–20,0,20,16.7,0.9989567650626051,159647559.20533565,13.458700564501086,220.42788727962676,130-174,7.43553303351627e-05,164.34943963291218,201.69383179241873,322.1175658635635,14.215194571802531,3793.6614435913457,0.012318816986889337,8.527317433580016e-05,9.678973349574685e-05,8.237099308310521e-05,216.1567854133105,278.485508625972,278.77633784132706,201.90446558493298,164.52107376500155,216.38252322137672
as built,ATOMKI 2016 anomaly,1.0,MM 15°,none,0,99,16.7,0.9989567650626051,159647559.20533565,13.458700564501086,220.42788727962676,128-174,0.0001408526195327304,589.7580389189089,630.1105044566384,322.1175658635635,14.215194571802531,14089.12819652118,0.02064325180009761,0.0001564603474554496,0.0001586980981215315,0.00014559161160561867,727.7003664054698,748.6648735847572,749.4467225894787,630.7685442393987,590.373937636779,728.4603216635352
as built,ATOMKI 2016 anomaly,1.0,MM 15°,6–14,6,14,16.7,0.9989567650626051,159647559.20533565,9.92168447550583,160.35414374906728,128-160,4.159194623786905e-05,51.423602611587064,65.44094430243528,320.17267424184814,14.21519457180253,133.3788592376922,0.0029465359870201355,4.395279197746341e-05,5.8857023136897294e-05,4.691943484670209e-05,57.42710828222865,102.97708598505537,103.08462746994034,65.5092858781872,51.477305535204344,57.487080813382015
as built,ATOMKI 2016 anomaly,1.0,MM 15°,6–15,6,15,16.7,0.9989567650626051,159647559.20533565,13.06845991351644,215.1494295008297,130-168,3.4103621832720124e-05,34.57363323749062,46.429786839836495,320.17267424184814,14.215194571802531,248.69601082346875,0.0041383780101363786,3.7617582939612484e-05,5.3232111686410806e-05,3.9520855624494014e-05,42.0654740255239,84.23477153967043,84.32273996802193,46.47827459972876,34.60973932673039,42.10940402699774
as built,ATOMKI 2016 anomaly,1.0,MM 15°,6–16,6,16,16.7,0.9989567650626051,159647559.20533565,13.446735638881274,220.22870874954162,130-168,3.601197218009997e-05,38.55119323128103,52.63335533403694,320.17267424184814,14.215194571802531,381.9301879215728,0.005568153614180314,3.9600293676168447e-05,5.2216473425823924e-05,4.2078332588601976e-05,46.6166248287392,81.05113249196715,81.13577616833861,52.6883216319561,38.59145318352693,46.66530770810458
as built,ATOMKI 2016 anomaly,1.0,MM 15°,6–17,6,17,16.7,0.9989567650626051,159647559.20533565,13.447656017775106,220.22870874954162,128-168,4.0564159428711084e-05,48.913526461292804,65.25899607534123,320.17267424184814,14.215194571802531,633.715883465639,0.007068950944700768,4.4603909783875324e-05,5.74639112886978e-05,4.685416340064647e-05,59.14116432842118,98.15996137322621,98.26247221727807,65.32714763811767,48.96460805110757,59.20292689014902
as built,ATOMKI 2016 anomaly,1.0,MM 15°,6–18,6,18,16.7,0.9989567650626051,159647559.20533565,13.447656017775106,220.22870874954162,130-168,4.766943899850651e-05,67.54980423401703,88.79656987089427,320.17267424184814,14.215194571802531,1140.7492766549415,0.0087381914122693,5.3276476168498426e-05,6.61417619959963e-05,5.465452049425449e-05,84.37523522391737,130.04556123469146,130.18137098910526,88.88930229661075,67.62034814367932,84.46335034192349
as built,ATOMKI 2016 anomaly,1.0,MM 15°,6–20,6,20,16.7,0.9989567650626051,159647559.20533565,13.447656017775106,220.22870874954162,130-174,7.438751840289901e-05,164.49176260825323,202.20575483186033,320.17267424184814,14.215194571802531,3792.841457559901,0.012308417860393548,8.531413085839383e-05,9.574605986258482e-05,8.247546054763067e-05,216.36447455776292,272.51212780052543,272.7967188684557,202.4169232381023,164.66354537170028,216.590429260673
as built,ATOMKI 2016 anomaly,1.0,MM 15°,> 6,6,99,16.7,0.9989567650626051,159647559.20533565,13.447656017775106,220.22870874954162,128-174,0.00014094072750333117,590.4960959919217,632.3746002705142,320.17267424184814,14.215194571802531,14088.308210489735,0.020632852673601827,0.00015657300201176762,0.00015735244718096512,0.0001458529449586127,728.7486610873062,736.0223731818792,736.7910193147871,633.0350045038065,591.1127654808114,729.5097111050999
as built,ATOMKI 2016 anomaly,1.0,MM 15°,8–14,8,14,16.7,0.9989567650626051,159647559.20533565,9.708156572136872,153.749206181506,128-160,4.1282220815208656e-05,50.66057536966846,56.2133984029709,296.75734491801086,8.86360703306873,128.995075015973,0.002823808870667753,4.347474261706498e-05,6.250730437834496e-05,4.348584507947318e-05,56.18469814566129,116.14634663041208,116.2676410956916,56.27210342726693,50.71348144530913,56.24337319757794
as built,ATOMKI 2016 anomaly,1.0,MM 15°,8–15,8,15,16.7,0.9989567650626051,159647559.20533565,12.854932010147486,208.54449193326835,128-168,3.395515802989419e-05,34.27326863362331,39.61059369881916,296.75734491801086,8.863607033068734,244.3122266017496,0.004015650893783996,3.727794933980867e-05,5.6607855163033914e-05,3.650342959268727e-05,41.30931947031337,95.25711254931704,95.35659187747453,39.65196000883656,34.30906104477443,41.35245980112512
as built,ATOMKI 2016 anomaly,1.0,MM 15°,8–16,8,16,16.7,0.9989567650626051,159647559.20533565,13.233207735512318,213.6237711819803,130-166,3.595426435171962e-05,38.42773855747134,44.14909201328877,296.75734491801086,8.863607033068734,377.54640369985344,0.005445426497827931,3.937595390612694e-05,5.5595594785043434e-05,3.8537974198536105e-05,46.089944887557465,91.8808014120912,91.97675477610183,44.19519798789483,38.46786958298747,46.13807774220237
as built,ATOMKI 2016 anomaly,1.0,MM 15°,8–17,8,17,16.7,0.9989567650626051,159647559.20533565,13.23412811440615,213.6237711819803,128-166,4.0654310756207985e-05,49.131182611840906,55.331145005810534,296.75734491801086,8.863607033068734,629.3320992439197,0.006946223828348386,4.455898104877652e-05,6.137600816799238e-05,4.314324649346021e-05,59.02208062143951,111.98021339588188,112.0971570665163,55.388928671345354,49.18249150528735,59.08371882114494
as built,ATOMKI 2016 anomaly,1.0,MM 15°,8–18,8,18,16.7,0.9989567650626051,159647559.20533565,13.23412811440615,213.6237711819803,130-168,4.799023562448152e-05,68.46203077566157,76.06619669390712,296.75734491801086,8.863607033068734,1136.3654924332225,0.008615464295916917,5.349757452816236e-05,7.085497919913784e-05,5.0585243468654327e-05,85.07700595708341,149.23983582967466,149.3956906336399,76.14563448012689,68.53352734577159,85.16585395139859
as built,ATOMKI 2016 anomaly,1.0,MM 15°,8–20,8,20,16.7,0.9989567650626051,159647559.20533565,13.23412811440615,213.6237711819803,130-174,7.537296631272315e-05,168.8788362300505,180.14609357723063,296.75734491801086,8.863607033068734,3788.4576733381823,0.01218569074404117,8.629335890416372e-05,0.00010277138455927189,7.784673781179298e-05,221.35980353634992,313.9701986988629,314.29808544235266,180.3342245406795,169.05520052158292,221.59097498326386
as built,ATOMKI 2016 anomaly,1.0,MM 15°,> 8,8,99,16.7,0.9989567650626051,159647559.20533565,13.23412811440615,213.6237711819803,128-174,0.00014320941728738183,609.6592508855962,606.3340786330577,296.75734491801086,8.863607033068734,14083.924426268013,0.020510125557249445,0.00015888312623496765,0.00016727062735493614,0.0001428183405771684,750.4116469142883,831.7319493375121,832.6005473173677,606.967288113874,610.2959329249735,751.195320117042
as built,ATOMKI 2016 anomaly,1.0,MM 15°,9–14,9,14,16.7,0.9989567650626051,159647559.20533565,9.286623038761949,145.0925197966459,128-160,4.1707232165480714e-05,51.70907297578207,68.32957240577684,270.2436850000075,5.9390591140429105,127.7665189864531,0.0026571985536413163,4.39030993250311e-05,6.973185482941555e-05,4.794378808281979e-05,57.2973284882148,144.5461230068574,144.69707605193366,68.40093064637747,51.7630740230699,57.35716548716095
as built,ATOMKI 2016 anomaly,1.0,MM 15°,9–15,9,15,16.7,0.9989567650626051,159647559.20533565,12.433398476772565,199.88780554840818,128-168,3.420251434851869e-05,34.77443483236108,42.303470616931975,270.2436850000075,5.939059114042914,243.08367057222966,0.003849040576757559,3.752939597703809e-05,6.096115575165802e-05,3.772384857823485e-05,41.868476884700435,110.47153717532423,110.58690529855005,42.34764916405646,34.81075062360857,41.9122011572508
as built,ATOMKI 2016 anomaly,1.0,MM 15°,9–16,9,16,16.7,0.9989567650626051,159647559.20533565,12.811674202137395,204.96708479712015,130-166,3.6317282113381936e-05,39.207639123156106,43.8011372940699,270.2436850000075,5.939059114042914,376.31784767033355,0.005278816180801495,3.976981564736654e-05,5.910025009658015e-05,3.83858080359462e-05,47.01659443000952,103.82995129245904,103.93838344540563,43.84687989106802,39.24858461787277,47.065695007394005
as built,ATOMKI 2016 anomaly,1.0,MM 15°,9–17,9,17,16.7,0.9989567650626051,159647559.20533565,12.812594581031227,204.96708479712015,128-166,4.1264378102992204e-05,50.616792515657025,54.762620481870584,270.2436850000075,5.939059114042914,628.1035432143998,0.006779613511321949,4.523023768341853e-05,6.54094858503351e-05,4.292102693331238e-05,60.81374556773287,127.18195122488666,127.3147704414576,54.8198104233656,50.669652867794376,60.87725484688183
as built,ATOMKI 2016 anomaly,1.0,MM 15°,9–18,9,18,16.7,0.9989567650626051,159647559.20533565,12.812594581031227,204.96708479712015,130-168,4.894906638856817e-05,71.22506243497186,74.9362901579169,270.2436850000075,5.939059114042914,1135.1369364037027,0.00844885397889048,5.4597468632331914e-05,7.559898354780635e-05,5.020813480813966e-05,88.61128362242768,169.89317221942613,170.07059580679535,75.0145479551566,71.29944450649789,88.70382254919147
as built,ATOMKI 2016 anomaly,1.0,MM 15°,9–20,9,20,16.7,0.9989567650626051,159647559.20533565,12.812594581031227,204.96708479712015,130-174,7.744411225183142e-05,178.28747094156552,176.54811791280312,270.2436850000075,5.939059114042914,3787.2291173086614,0.012019080427014732,8.872464287625443e-05,0.0001084187776384629,7.706541822754677e-05,234.008984944081,349.4242373548889,349.7891496164904,176.73249142242784,178.47366090002117,234.25336623994485
as built,ATOMKI 2016 anomaly,1.0,MM 15°,> 9,9,99,16.7,0.9989567650626051,159647559.20533565,12.812594581031227,204.96708479712015,128-174,0.00014766292083955807,648.1670092410699,600.4720365397794,270.2436850000075,5.939059114042914,14082.695870238498,0.020343515240223004,0.00016388926283197075,0.00017225331966421045,0.0001421262794461256,798.4450199645299,882.0215854738605,882.9427021484596,601.099124146927,648.8439058725919,799.2788555914038
as built,ATOMKI 2016 anomaly,1.0,MM 15°,10–14,10,14,16.7,0.9989567650626051,159647559.20533565,8.473008096614718,129.9541285787708,130-160,4.2369953716916897e-05,53.36542740706538,140.21004926678856,220.37940718586077,0.09451924675358334,123.92942550569234,0.0024030969499213664,4.47265709888768e-05,7.780044915203579e-05,6.867798815730385e-05,59.46688919212352,179.93192295655484,180.11983025639594,140.35647404420104,53.42115822572256,59.52899191627848
as built,ATOMKI 2016 anomaly,1.0,MM 15°,10–15,10,15,16.7,0.9989567650626051,159647559.20533565,11.619783534625332,184.74941433053314,130-168,3.4429129923893155e-05,35.236771323314954,66.6679306638004,220.37940718586077,0.09451924675358601,239.24657709146896,0.003594938973037608,3.801489078684801e-05,6.569811783312163e-05,4.7357250633142184e-05,42.958737263257476,128.30685751530123,128.4408514989737,66.73755361136405,35.273569943847015,43.00360012133781
as built,ATOMKI 2016 anomaly,1.0,MM 15°,10–16,10,16,16.7,0.9989567650626051,159647559.20533565,11.998059259990166,189.82869357924505,130-166,3.68528229762998e-05,40.37248993229757,60.829770471359105,220.37940718586077,0.09451924675358601,372.48075418957285,0.005024714577081545,4.057517821224852e-05,6.367801561770061e-05,4.523619655382756e-05,48.94010365504538,120.53774295505714,120.66362346272612,60.89329648570614,40.41465190915185,48.991213000072406
as built,ATOMKI 2016 anomaly,1.0,MM 15°,10–17,10,17,16.7,0.9989567650626051,159647559.20533565,11.998979638883997,189.82869357924505,130-166,4.233147681205379e-05,53.26854723809296,76.87540410902224,220.37940718586077,0.09451924675358601,624.2664497336391,0.006525511907601999,4.664295391924942e-05,7.117909848444748e-05,5.0853599619176505e-05,64.67197236365115,150.60832523955625,150.76560919042132,76.95568697030089,53.324176882424524,64.7395108832344
as built,ATOMKI 2016 anomaly,1.0,MM 15°,10–18,10,18,16.7,0.9989567650626051,159647559.20533565,11.998979638883997,189.82869357924505,130-168,5.0705655735316317e-05,76.42876110429299,107.87926834325162,220.37940718586077,0.09451924675358601,1131.2998429229417,0.00819475237517053,5.69366989152444e-05,8.316815203957415e-05,6.024166819624922e-05,96.36705360776435,205.61657293929017,205.8313033461504,107.99192929685077,76.50857752537785,96.46769207446629
as built,ATOMKI 2016 anomaly,1.0,MM 15°,10–20,10,20,16.7,0.9989567650626051,159647559.20533565,11.998979638883997,189.82869357924505,130-172,8.142864562053398e-05,197.1053605111328,263.6335123956508,220.37940718586077,0.09451924675358601,3783.392023827901,0.011764978823294778,9.39082924027566e-05,0.00012153812284148099,9.417341109352307e-05,262.1512301427358,439.10568679640085,439.56425558505714,263.9088313087592,197.31120245106916,262.42500107230035
as built,ATOMKI 2016 anomaly,1.0,MM 15°,> 10,10,99,16.7,0.9989567650626051,159647559.20533565,11.998979638883997,189.82869357924505,128-172,0.00015647229276749997,727.8114864422777,828.3155336907565,220.37940718586077,0.09451924675358601,14078.85877675774,0.020089413636503056,0.0001745528154018388,0.00019292514845657943,0.00016692673408821325,905.7278645870513,1106.4242837988468,1107.5797496896741,829.1805638243469,728.5715577457103,906.6737383076722
as built,ATOMKI 2016 anomaly,1.0,MM 15°,11–14,11,14,16.7,0.9989567650626051,159647559.20533565,7.30136576476695,111.23395434805063,130-160,4.333298675200789e-05,55.81889836057345,72.31813183035288,145.7987693492556,0.09446293942017922,108.01582995556775,0.002085965687007468,4.5538412129183655e-05,7.41845854277334e-05,4.932323949998693e-05,61.64527286704461,163.59550282653606,163.7663496040126,72.39365542093373,55.877191398844225,61.70965053045241
as built,ATOMKI 2016 anomaly,1.0,MM 15°,11–15,11,15,16.7,0.9989567650626051,159647559.20533565,10.448141202777565,166.02924009981294,130-166,3.491406488426078e-05,36.23638307795397,42.47466052604816,145.7987693492556,0.09446293942018189,223.33298154134442,0.00327780771012371,3.8529386633666966e-05,6.499793850883452e-05,3.780010026569057e-05,44.1294183818845,125.58656392384759,125.7177170385117,42.519017850974016,36.27422561744503,44.175503810836986
as built,ATOMKI 2016 anomaly,1.0,MM 15°,11–16,11,16,16.7,0.9989567650626051,159647559.20533565,10.826416928142399,171.10851934852488,130-166,3.785886305532636e-05,42.606822587454076,45.93355083571006,145.7987693492556,0.09446293942018189,356.56715863944817,0.004707583314167646,4.171161782765011e-05,6.38562974004843e-05,3.930909118910391e-05,51.71994832936796,121.21363607904571,121.34022243840472,45.98152036422856,42.65131793244714,51.773960734053034
as built,ATOMKI 2016 anomaly,1.0,MM 15°,11–17,11,17,16.7,0.9989567650626051,159647559.20533565,10.82733730703623,171.10851934852488,130-166,4.42314227485659e-05,58.15751362551584,60.79896229731554,145.7987693492556,0.09446293942018189,608.3528541835143,0.006208380644688101,4.8885845845065725e-05,7.177276119116783e-05,4.5224739818839145e-05,71.04119869166259,153.13107161130813,153.2909901277973,60.862456137934295,58.21824893680066,71.11538874979279
as built,ATOMKI 2016 anomaly,1.0,MM 15°,11–18,11,18,16.7,0.9989567650626051,159647559.20533565,10.82733730703623,171.10851934852488,130-168,5.3826275622544295e-05,86.12568214607926,87.97294372920092,145.7987693492556,0.09446293942018189,1115.3862473728173,0.00787762111225663,6.082177813632569e-05,8.388980467096995e-05,5.4400457967284796e-05,109.96696479382955,209.20033673405143,209.41880975293336,88.06481602203036,86.21562529854005,110.0818059797992
as built,ATOMKI 2016 anomaly,1.0,MM 15°,11–20,11,20,16.7,0.9989567650626051,159647559.20533565,10.82733730703623,171.10851934852488,130-174,8.8221294260209e-05,231.36137814941685,225.5161684419399,145.7987693492556,0.09446293942018189,3767.478428277776,0.011447847560380881,0.00010270618238777657,0.00012106692062556447,8.70997353979153e-05,313.5719352161481,435.7074693744568,436.16248932169833,225.75168048219453,231.60299448486873,313.89940604336005
as built,ATOMKI 2016 anomaly,1.0,MM 15°,> 11,11,99,16.7,0.9989567650626051,159647559.20533565,10.82733730703623,171.10851934852488,130-174,0.00017119663181823521,871.233256418204,808.1430339529786,145.7987693492556,0.09446293942018189,14062.945181207611,0.019772282373589155,0.00019271100746664203,0.00019538653021012944,0.00016488156859448602,1103.969452996675,1134.8363908309695,1136.0215281787985,808.9869974526193,872.1431065773936,1105.1223552477657
as built,ATOMKI 2016 anomaly,1.0,MM 15°,12–15,12,15,16.7,0.9989567650626051,159647559.20533565,8.766608963747032,138.43858423059163,130-168,3.433841859624007e-05,35.05133744621301,88.91301177807603,25.709983395361895,0.002587176468390731,207.47218319203566,0.0027964935154729323,3.826227044795805e-05,6.701949901230732e-05,5.469034390287263e-05,43.519659329152304,133.52001331333713,133.65945152287884,89.00586580691889,35.0879424136202,43.56510797183991
as built,ATOMKI 2016 anomaly,1.0,MM 15°,12–16,12,16,16.7,0.9989567650626051,159647559.20533565,9.144884689111866,143.51786347930357,130-166,3.86663058557701e-05,44.44361499797744,91.12972992585331,25.709983395361895,0.002587176468390731,340.7063602901395,0.004226269119516868,4.2966600022740784e-05,6.704854240986172e-05,5.536789787147157e-05,54.878974955831985,133.63576216667732,133.77532125557235,91.22489892757487,44.49002855012663,54.936286409144735
as built,ATOMKI 2016 anomaly,1.0,MM 15°,12–17,12,17,16.7,0.9989567650626051,159647559.20533565,9.145805068005696,143.51786347930357,130-168,4.6904872806667743e-05,65.40032975653027,126.57287878260631,25.709983395361895,0.002587176468390731,592.4920558342056,0.005727066450037324,5.250822401692286e-05,7.756649801148385e-05,6.525267536466897e-05,81.95938137370258,178.85141539136526,179.0381942907775,126.70506192995643,65.46862891752036,82.04497355655442
as built,ATOMKI 2016 anomaly,1.0,MM 15°,12–18,12,18,16.7,0.9989567650626051,159647559.20533565,9.145805068005696,143.51786347930357,130-168,5.8815782252942074e-05,102.83282526829655,192.2100370880531,25.709983395361895,0.002587176468390731,1099.5254490235086,0.007396306917605853,6.776689824117586e-05,9.285168345288021e-05,8.041110400710904e-05,136.51464022680983,256.28522948971073,256.552874411586,192.41076672222866,102.94021609819316,136.65720579834542
as built,ATOMKI 2016 anomaly,1.0,MM 15°,12–20,12,20,16.7,0.9989567650626051,159647559.20533565,9.145805068005696,143.51786347930357,130-174,9.993761495979235e-05,296.89437823578214,461.98065070161664,25.709983395361895,0.002587176468390731,3751.617629928467,0.010966533365730103,0.0001191291166981357,0.0001364374615942391,0.00012466366387044135,421.87117851599385,553.3644746218629,553.9423666520576,462.46310837352814,297.20443228308847,422.311748886905
as built,ATOMKI 2016 anomaly,1.0,MM 15°,> 12,12,99,16.7,0.9989567650626051,159647559.20533565,9.145805068005696,143.51786347930357,130-174,0.00019701064528018835,1153.7810449975086,1334.6634633804204,25.709983395361895,0.002587176468390731,14047.084382858302,0.019290968178938377,0.00022684077291930084,0.00022306132949629682,0.0002118916678591146,1529.629496391968,1479.0831366425534,1480.6277792711664,1336.0572850185126,1154.9859667101814,1531.226925818061
as built,ATOMKI 2016 anomaly,1.0,MM 15°,13–16,13,16,16.7,0.9989567650626051,159647559.20533565,6.712323272714658,107.78711996881613,130-168,4.561652653515692e-05,61.85694093735656,65.54486502799953,0.39912123170394126,0.001411965957665818,305.68475468894303,0.0036243249790603557,5.273652659456214e-05,7.986121829896178e-05,4.695667428110624e-05,82.67363963314388,189.5901958440674,189.78818951407342,65.61331513070219,61.921539650897664,82.75997773333332
as built,ATOMKI 2016 anomaly,1.0,MM 15°,13–17,13,17,16.7,0.9989567650626051,159647559.20533565,6.713243651608488,107.78711996881613,130-168,5.726149988277227e-05,97.46966019098478,99.90402108273643,0.39912123170394126,0.001411965957665818,557.4704502330093,0.005125122309580811,6.68719707049114e-05,9.879328192229314e-05,5.797215943212099e-05,132.9328319250454,290.13414247852825,290.4371366465949,100.00835329092085,97.57145013665964,133.0716569267284
as built,ATOMKI 2016 anomaly,1.0,MM 15°,13–18,13,18,16.7,0.9989567650626051,159647559.20533565,6.713243651608488,107.78711996881613,130-172,7.344486753187586e-05,160.34924395882257,161.0437489634426,0.39912123170394126,0.001411965957665818,1064.5038434223122,0.006794362777149341,8.87585062192691e-05,0.00012789786855551405,7.360374796931342e-05,234.1876464410235,486.26232999534915,486.77014561773836,161.21193088206365,160.51670058891227,234.4322143174503
as built,ATOMKI 2016 anomaly,1.0,MM 15°,13–20,13,20,16.7,0.9989567650626051,159647559.20533565,6.713243651608488,107.78711996881613,132-174,0.00012801459194761102,487.1502898785182,470.7220307388705,0.39912123170394126,0.001411965957665818,3716.5960243272716,0.010364589225273594,0.00016029532838447212,0.00021474422514836296,0.00012583755049290973,763.8107105197904,1370.8407322999642,1372.2723347431888,471.2136172473592,487.6590328190913,764.6083766917801
as built,ATOMKI 2016 anomaly,1.0,MM 15°,> 13,13,99,16.7,0.9989567650626051,159647559.20533565,6.713243651608488,107.78711996881613,130-174,0.00025524362723581954,1936.6619870540426,1830.154983917201,0.39912123170394126,0.001411965957665818,14012.062777257108,0.01868902403848187,0.0003079912124602008,0.0003617373505262475,0.00024812580208227974,2819.8153077498378,3889.8308788867193,3893.8931242364047,1832.066259446678,1938.6844904470627,2822.7601097161782
as built,ATOMKI 2016 anomaly,1.0,MM 3°,0–14,0,14,16.7,0.9989567650626051,159647559.20533565,10.763831163361843,168.09411777671798,130-162,3.389596662685362e-05,34.153880902757855,44.72361578888041,329.34007054473557,11.411408725614669,0.4326984200110882,0.00191341951058779,3.648049906536382e-05,5.756371312452401e-05,3.878791609687142e-05,39.56084459149852,98.5012208288495,98.60408805848206,44.770321752691224,34.18954863438701,39.602158947308624
as built,ATOMKI 2016 anomaly,1.0,MM 3°,0–15,0,15,16.7,0.9989567650626051,159647559.20533565,14.280598916692801,228.81302779569532,130-164,2.6064797032224643e-05,20.19541154372968,27.199085701539133,329.34007054473557,11.41140872561467,0.8653968400221764,0.00253405077827076,2.910080035418225e-05,5.3162493418600876e-05,3.024859076055902e-05,25.174095756657955,84.01458699413737,84.10232547839259,27.227490370751482,20.216502105037574,25.200385679434568
as built,ATOMKI 2016 anomaly,1.0,MM 3°,0–16,0,16,16.7,0.9989567650626051,159647559.20533565,14.72146040683819,233.73681650777388,130-164,2.5290176493107906e-05,19.012872385628647,26.46132411644812,329.34007054473557,11.41140872561467,0.8653968400221764,0.0032094154512466323,2.835091087071154e-05,4.788120844212716e-05,2.9835531556808486e-05,23.893405089150704,68.15131158972738,68.22248366820591,26.488958323226107,19.032727992424277,23.9183575553976
as built,ATOMKI 2016 anomaly,1.0,MM 3°,0–17,0,17,16.7,0.9989567650626051,159647559.20533565,14.722380785732021,233.73681650777388,130-164,2.5302214627426077e-05,19.03097696350577,26.477745064767248,329.34007054473557,11.41140872561467,1.2980952600332647,0.003904267104046126,2.83598136201285e-05,4.7892617976618644e-05,2.9844787551242015e-05,23.908413453282577,68.18379478758426,68.25500078905932,26.50539642034245,19.050851477354065,23.933381593130534
as built,ATOMKI 2016 anomaly,1.0,MM 3°,0–18,0,18,16.7,0.9989567650626051,159647559.20533565,14.722380785732021,233.73681650777388,130-164,2.531696852979995e-05,19.05317763195247,26.496938269741257,329.34007054473557,11.41140872561467,1.7307936800443529,0.004647283406098823,2.8370485913476723e-05,4.7912394357466914e-05,2.9855602546156996e-05,23.926411146456037,68.24011691633255,68.31138173638166,26.52460966924898,19.07307533050081,23.951398081734354
as built,ATOMKI 2016 anomaly,1.0,MM 3°,0–20,0,20,16.7,0.9989567650626051,159647559.20533565,14.722380785732021,233.73681650777388,130-164,2.5388100006093435e-05,19.160393041599328,26.660343782888468,329.34007054473557,11.41140872561467,5.63754779080435,0.005953692301348178,2.846653039427295e-05,4.809125449182068e-05,2.994752017874549e-05,24.088684681571507,68.75055762773668,68.82235551348217,26.68818583076281,19.180402707817425,24.11384108306415
as built,ATOMKI 2016 anomaly,1.0,MM 3°,none,0,99,16.7,0.9989567650626051,159647559.20533565,14.722380785732021,233.73681650777388,130-162,2.6464882206521536e-05,20.820154286714033,28.065805124410574,329.34007054473557,11.41140872561467,38.07746090866687,0.007816603371985552,2.9251647452906574e-05,4.9261079125177007e-05,3.072675844252322e-05,25.435757393256107,72.13596660454667,72.21129995553498,28.095114929875546,20.841897282120335,25.462320575667793
as built,ATOMKI 2016 anomaly,1.0,MM 3°,6–14,6,14,16.7,0.9989567650626051,159647559.20533565,10.750025479954365,167.89493924662384,130-162,3.3869014191559966e-05,34.09958746456868,44.786525661132686,327.7815550986597,11.411408725614669,0.4326984200110882,0.001903969552569948,3.646426023544548e-05,5.6727867341823316e-05,3.881518676034554e-05,39.52563241730946,95.66144272150724,95.7613443015345,44.833297323258925,34.13519849623486,39.56691000018641
as built,ATOMKI 2016 anomaly,1.0,MM 3°,6–15,6,15,16.7,0.9989567650626051,159647559.20533565,14.266793233285329,228.61384926560112,130-164,2.6041851906112612e-05,20.159870710460794,27.206142250105298,327.7815550986597,11.41140872561467,0.8653968400221764,0.0025246008202529178,2.908404767944594e-05,5.22866157931077e-05,3.025251436316562e-05,25.145119780626775,81.26903065089355,81.35390188363195,27.23455428864359,20.180924155608842,25.171379443084223
as built,ATOMKI 2016 anomaly,1.0,MM 3°,6–16,6,16,16.7,0.9989567650626051,159647559.20533565,14.707654723430718,233.5376379776797,130-164,2.526763657514044e-05,18.978996970671073,26.49430248440092,327.7815550986597,11.41140872561467,0.8653968400221764,0.0031999654932287906,2.8334143585866792e-05,4.7135447092084446e-05,2.985411756483931e-05,23.865151389551613,66.04489811446766,66.11387041392986,26.521971131293665,18.998817200543858,23.890074349770256
as built,ATOMKI 2016 anomaly,1.0,MM 3°,6–17,6,17,16.7,0.9989567650626051,159647559.20533565,14.708575102324549,233.5376379776797,130-164,2.5279713435005422e-05,18.997143619381497,26.510933374182386,327.7815550986597,11.41140872561467,1.2980952600332647,0.003894817146028284,2.8343072093502686e-05,4.714644097078742e-05,2.986348604412244e-05,23.88019428351637,66.07571035112788,66.14471482856106,26.53861938911934,19.01698280024255,23.905132953396425
as built,ATOMKI 2016 anomaly,1.0,MM 3°,6–18,6,18,16.7,0.9989567650626051,159647559.20533565,14.708575102324549,233.5376379776797,130-164,2.5294505931409972e-05,19.01938258959971,26.530273267843818,327.7815550986597,11.41140872561467,1.7307936800443529,0.004637833448080981,2.835377074012192e-05,4.7165432681356035e-05,2.9874376859279696e-05,23.89822577834108,66.12895481627608,66.19801489820408,26.55797947990387,19.039244995160285,23.92318327895138
as built,ATOMKI 2016 anomaly,1.0,MM 3°,6–20,6,20,16.7,0.9989567650626051,159647559.20533565,14.708575102324549,233.5376379776797,130-164,2.5365823054070934e-05,19.126782972961845,26.69421289791896,327.7815550986597,11.41140872561467,5.63754779080435,0.005944242343330336,2.8450051832749946e-05,4.733873996615077e-05,2.9966536701560856e-05,24.060804081039198,66.61582347154699,66.68539200229766,26.722090316136974,19.14675753936474,24.085931366140052
as built,ATOMKI 2016 anomaly,1.0,MM 3°,> 6,6,99,16.7,0.9989567650626051,159647559.20533565,14.708575102324549,233.5376379776797,130-162,2.6444963694743952e-05,20.78882594578851,28.110194466131826,327.7815550986597,11.41140872561467,38.07746090866687,0.00780715341396771,2.9237066933247364e-05,4.8462911823321605e-05,3.0751047816955356e-05,25.410406743733247,69.8172955527659,69.89020745896887,28.13955062847004,20.810536224243563,25.436943451842748
as built,ATOMKI 2016 anomaly,1.0,MM 3°,8–14,8,14,16.7,0.9989567650626051,159647559.20533565,10.522691893177933,160.85224427952264,130-162,3.3572382339237056e-05,33.504900592506424,41.43339621616839,304.4387942266013,6.059821186880902,0.4326984200110882,0.0018076928488229681,3.591655109765787e-05,6.0873540104957555e-05,3.733389142202973e-05,38.34716536119705,110.15421774405101,110.269254482848,41.47666612335494,33.53989057815396,38.38721224215726
as built,ATOMKI 2016 anomaly,1.0,MM 3°,8–15,8,15,16.7,0.9989567650626051,159647559.20533565,14.039459646508895,221.57115429849998,130-162,2.5747121610781784e-05,19.706131725338476,26.604910835469667,304.4387942266013,6.059821186880906,0.8653968400221764,0.002428324116505939,2.8611263310476576e-05,5.4651607132129404e-05,2.9916370109109155e-05,24.334256486962634,88.78710351143332,88.8798260511995,26.632694993363724,19.72671131978718,24.359669345086814
as built,ATOMKI 2016 anomaly,1.0,MM 3°,8–16,8,16,16.7,0.9989567650626051,159647559.20533565,14.480321136654284,226.49494301057854,130-162,2.4980589702118155e-05,18.550233705873115,24.55132286953555,304.4387942266013,6.059821186880906,0.8653968400221764,0.0031036887894818105,2.786804542597491e-05,4.961070721556476e-05,2.8738589062985956e-05,23.086443396676607,73.16356333021666,73.23996982555242,24.57696241538232,18.56960616780103,23.110553133127606
as built,ATOMKI 2016 anomaly,1.0,MM 3°,8–17,8,17,16.7,0.9989567650626051,159647559.20533565,14.481241515548115,226.49494301057854,130-162,2.4992412771324943e-05,18.567797150186863,24.564236299029517,304.4387942266013,6.059821186880906,1.2980952600332647,0.003798540442281304,2.7877498874333053e-05,4.9630941830672084e-05,2.874614598688584e-05,23.102108902747933,73.2232576397014,73.29972647526188,24.589889330685963,18.587187954048453,23.126234999069368
as built,ATOMKI 2016 anomaly,1.0,MM 3°,8–18,8,18,16.7,0.9989567650626051,159647559.20533565,14.481241515548115,226.49494301057854,130-162,2.5007007441869857e-05,18.589489334058694,24.582052241227363,304.4387942266013,6.059821186880906,1.7307936800443529,0.004541556744334002,2.7888720250705077e-05,4.9659419702145115e-05,2.8756568595625045e-05,23.120710975686304,73.30731168709269,73.38386830234688,24.607723878507187,18.608902791597473,23.144856498606643
as built,ATOMKI 2016 anomaly,1.0,MM 3°,8–20,8,20,16.7,0.9989567650626051,159647559.20533565,14.481241515548115,226.49494301057854,130-162,2.5084394058934232e-05,18.70472132294575,24.741748531259127,304.4387942266013,6.059821186880906,5.63754779080435,0.005847965639583357,2.7989692985401623e-05,4.985106016891835e-05,2.884982531301632e-05,23.288433811445916,73.87420332833285,73.95135196236758,24.767586943273315,18.724255120063695,23.312754491418275
as built,ATOMKI 2016 anomaly,1.0,MM 3°,> 8,8,99,16.7,0.9989567650626051,159647559.20533565,14.481241515548115,226.49494301057854,130-162,2.6202574593237883e-05,20.409480241206754,26.048744185615217,304.4387942266013,6.059821186880906,38.07746090866687,0.0077108767102207305,2.88142356861986e-05,5.141443701156912e-05,2.960202280933004e-05,24.680742514262803,78.58039040477432,78.66245382486564,26.075947525099075,20.430794359681503,24.706517216204094
as built,ATOMKI 2016 anomaly,1.0,MM 3°,9–14,9,14,16.7,0.9989567650626051,159647559.20533565,10.079989645244881,150.76771836092894,130-162,3.366499140872832e-05,33.69000138376193,68.3317452729482,278.0204405124722,5.938608318616887,0.4326984200110882,0.0016827121869443832,3.600926188815128e-05,6.510572122057563e-05,4.79445503783483e-05,38.54539065783188,126.00341663648368,126.13500508061226,68.40310578272705,33.725184674684655,38.585644550308665
as built,ATOMKI 2016 anomaly,1.0,MM 3°,9–15,9,15,16.7,0.9989567650626051,159647559.20533565,13.596757398575845,211.48662837990628,130-162,2.563194974674398e-05,19.530227343032365,42.434338180676036,278.0204405124722,5.93860831861689,0.8653968400221764,0.0023033434546273534,2.850965029271446e-05,5.471236810088796e-05,3.778215367601405e-05,24.161716998004568,88.98463802636925,89.07756685625182,42.478653395992225,19.550623236240256,24.186949668928207
as built,ATOMKI 2016 anomaly,1.0,MM 3°,9–16,9,16,16.7,0.9989567650626051,159647559.20533565,14.037618888721232,216.41041709198487,130-162,2.4851952786583185e-05,18.359677684499395,35.478395871937366,278.0204405124722,5.93860831861689,0.8653968400221764,0.0029787081276032253,2.7750941784066325e-05,4.919187197428192e-05,3.454697146106983e-05,22.892829069638466,71.933420580682,72.00854240791281,35.515446826884364,18.378851144122123,22.916736609921013
as built,ATOMKI 2016 anomaly,1.0,MM 3°,9–17,9,17,16.7,0.9989567650626051,159647559.20533565,14.038539267615064,216.41041709198487,130-162,2.486468516161198e-05,18.378494892570956,35.48692461653922,278.0204405124722,5.93860831861689,1.2980952600332647,0.0036735597804027193,2.7761116399219904e-05,4.92122673392535e-05,3.455112363006997e-05,22.90961901697491,71.99308135166933,72.0682654840998,35.52398447826242,18.39768800346346,22.933544091409356
as built,ATOMKI 2016 anomaly,1.0,MM 3°,9–18,9,18,16.7,0.9989567650626051,159647559.20533565,14.038539267615064,216.41041709198487,130-162,2.4880257486696182e-05,18.401522372303848,35.50923950374611,278.0204405124722,5.93860831861689,1.7307936800443529,0.004416576082455417,2.7773106542745292e-05,4.924143444484377e-05,3.4561985141279415e-05,22.92941281315937,72.07844429803349,72.15371757707281,35.546322669450795,18.420739531355608,22.953358558738397
as built,ATOMKI 2016 anomaly,1.0,MM 3°,9–20,9,20,16.7,0.9989567650626051,159647559.20533565,14.038539267615064,216.41041709198487,130-164,2.496177432155405e-05,18.522300156961805,35.77749454181072,278.0204405124722,5.93860831861689,5.63754779080435,0.005722984977704771,2.7880981060580153e-05,4.945571397257944e-05,3.4692289004712745e-05,23.10788064507815,72.7071237971935,72.78305362158183,35.81485785280059,18.541643447202645,23.132012768971006
as built,ATOMKI 2016 anomaly,1.0,MM 3°,> 9,9,99,16.7,0.9989567650626051,159647559.20533565,14.038539267615064,216.41041709198487,130-162,2.6153785098123054e-05,20.333545628977507,37.28081440540233,278.0204405124722,5.93860831861689,38.07746090866687,0.007585896048342147,2.876085798976072e-05,5.112947897666083e-05,3.54136498626975e-05,24.589386216028025,77.71176041690848,77.7929167054975,37.319747670026466,20.354780447082906,24.61506551235678
as built,ATOMKI 2016 anomaly,1.0,MM 3°,10–14,10,14,16.7,0.9989567650626051,159647559.20533565,9.204709317210927,134.55400316338648,130-160,3.34323780995649e-05,33.22603761570354,157.07138399296832,226.44549631734137,0.09451917672055288,0.4326984200110882,0.0015056976280475914,3.5942664848436486e-05,7.673999791449478e-05,7.269031130435097e-05,38.40294757452532,175.06026396898523,175.24308367641328,157.23541747387293,33.26073637793648,38.443052710212726
as built,ATOMKI 2016 anomaly,1.0,MM 3°,10–15,10,15,16.7,0.9989567650626051,159647559.20533565,12.721477070541885,195.27291318236385,130-162,2.513342103351509e-05,18.777908824255015,63.7356778609859,226.44549631734137,0.09451917672055556,0.8653968400221764,0.002126328895730562,2.812016018593368e-05,5.5023710806359896e-05,4.630408408816188e-05,23.506046637412883,90.0002601338266,90.09424960267049,63.802238585362154,18.79751905286731,23.530594575772003
as built,ATOMKI 2016 anomaly,1.0,MM 3°,10–16,10,16,16.7,0.9989567650626051,159647559.20533565,13.162338560687278,200.1967018944424,130-162,2.4338865823274137e-05,17.609405159433468,48.64802141340979,226.44549631734137,0.09451917672055556,0.8653968400221764,0.002801693568706434,2.733616174572792e-05,4.889341812209592e-05,4.0453917490733894e-05,22.21360698539234,71.06320855119195,71.13742159475579,48.698825729821245,17.627795091141785,22.236805197470385
as built,ATOMKI 2016 anomaly,1.0,MM 3°,10–17,10,17,16.7,0.9989567650626051,159647559.20533565,13.163258939581109,200.1967018944424,130-162,2.4353850345245554e-05,17.631094727664003,48.69014781456893,226.44549631734137,0.09451917672055556,1.2980952600332647,0.0034965452215059275,2.7348099018065106e-05,4.8939520405708205e-05,4.047142908870527e-05,22.23301188769006,71.19728470691823,71.2716377694847,48.74099612460955,17.649507310317933,22.25623036478131
as built,ATOMKI 2016 anomaly,1.0,MM 3°,10–18,10,18,16.7,0.9989567650626051,159647559.20533565,13.163258939581109,200.1967018944424,130-162,2.4371786100383282e-05,17.657073654067645,48.75273057043489,226.44549631734137,0.09451917672055556,1.7307936800443529,0.0042395615235586255,2.7361942171499314e-05,4.899314081584213e-05,4.049743024426896e-05,22.255525546863034,71.35338427470082,71.4279003558568,48.803644237175305,17.675513367148646,22.278767535518185
as built,ATOMKI 2016 anomaly,1.0,MM 3°,10–20,10,20,16.7,0.9989567650626051,159647559.20533565,13.163258939581109,200.1967018944424,130-162,2.4466842968867858e-05,17.79507743350887,49.22161350239924,226.44549631734137,0.09451917672055556,5.63754779080435,0.00554597041880798,2.748644209637861e-05,4.923733004710578e-05,4.069170773291176e-05,22.45851662061754,72.06642895860954,72.14168968973657,49.27301683503239,17.81366126730584,22.481970597806658
as built,ATOMKI 2016 anomaly,1.0,MM 3°,> 10,10,99,16.7,0.9989567650626051,159647559.20533565,13.163258939581109,200.1967018944424,130-162,2.583229466582597e-05,19.83672555594711,52.436387493033834,226.44549631734137,0.09451917672055556,38.07746090866687,0.007408881489445355,2.8498957151588996e-05,5.2096506336938324e-05,4.199952470285418e-05,24.143595681572698,80.6791311686877,80.76338635499556,52.49114809262803,19.85744153272132,24.16880942796319
as built,ATOMKI 2016 anomaly,1.0,MM 3°,11–14,11,14,16.7,0.9989567650626051,159647559.20533565,7.915258486952702,115.29723504141384,130-160,3.355435927868342e-05,33.46893658153888,70.18310084452621,152.92920993170273,0.09446293942016747,0.4326984200110882,0.0012878400710154168,3.603813742514812e-05,7.203532403369647e-05,4.858970582757074e-05,38.60723392015046,154.25350501306917,154.4145957141619,70.25639477012581,33.503889009091765,38.64755239705587
as built,ATOMKI 2016 anomaly,1.0,MM 3°,11–15,11,15,16.7,0.9989567650626051,159647559.20533565,11.432026240283665,176.01614506039118,130-162,2.467552611461252e-05,18.09992833034853,37.819797802314795,152.92920993170273,0.09446293942017014,0.8653968400221764,0.0019084713386983878,2.7645336594684295e-05,5.657999611935424e-05,3.5668725770201964e-05,22.71892495343016,95.16337576891026,95.26275720545956,37.859293940458585,18.11883052737943,22.74265088139861
as built,ATOMKI 2016 anomaly,1.0,MM 3°,11–16,11,16,16.7,0.9989567650626051,159647559.20533565,11.872887730429053,180.93993377246974,130-162,2.3845722997932363e-05,16.903047125271115,30.38080259493892,152.92920993170273,0.09446293942017014,0.8653968400221764,0.002583836011674259,2.6816747202127773e-05,4.978369200954214e-05,3.196889424571556e-05,21.37746523492353,73.67467271405914,73.75161297340222,30.41253000877865,16.92069939003996,21.39979024375874
as built,ATOMKI 2016 anomaly,1.0,MM 3°,11–17,11,17,16.7,0.9989567650626051,159647559.20533565,11.873808109322885,180.93993377246974,130-162,2.3864733891847728e-05,16.930009623326566,30.396823946522613,152.92920993170273,0.09446293942017014,1.2980952600332647,0.003278687664473753,2.6832016877260667e-05,4.98223143832572e-05,3.197732255147421e-05,21.401817173055925,73.7890312278275,73.86609091455834,30.42856809185093,16.94769004569037,21.424167613214635
as built,ATOMKI 2016 anomaly,1.0,MM 3°,11–18,11,18,16.7,0.9989567650626051,159647559.20533565,11.873808109322885,180.93993377246974,130-162,2.3886922284069016e-05,16.961505832495625,30.42520508459136,152.92920993170273,0.09446293942017014,1.7307936800443529,0.004021703966526451,2.684935592561085e-05,4.987002005036479e-05,3.199224748350221e-05,21.429486136151436,73.9304072480317,74.00761457719189,30.456978869035037,16.979219147119583,21.451865471683792
as built,ATOMKI 2016 anomaly,1.0,MM 3°,11–20,11,20,16.7,0.9989567650626051,159647559.20533565,11.873808109322885,180.93993377246974,130-162,2.4004446349268902e-05,17.128818208529403,30.73017463726286,152.92920993170273,0.09446293942017014,5.63754779080435,0.0053281128617758055,2.700518818627984e-05,5.014837457909158e-05,3.215218615891496e-05,21.67895924424459,74.75801049122705,74.83608210665847,30.762266908855644,17.14670625155227,21.70159911063414
as built,ATOMKI 2016 anomaly,1.0,MM 3°,> 11,11,99,16.7,0.9989567650626051,159647559.20533565,11.873808109322885,180.93993377246974,130-160,2.5651486923051086e-05,19.560011336607037,32.6528475515778,152.92920993170273,0.09446293942017014,38.07746090866687,0.007191023932413179,2.826564240173974e-05,5.263774144144455e-05,3.3142748703676905e-05,23.74989715764053,82.3642040444818,82.4502189935317,32.686947717433426,19.580438333966537,23.77469975505107
as built,ATOMKI 2016 anomaly,1.0,MM 3°,12–15,12,15,16.7,0.9989567650626051,159647559.20533565,9.613357546072203,147.82283447776163,130-164,2.1272139919761475e-05,13.451365540009204,52.589524030756415,28.467119818752664,0.002587176468390731,0.8653968400221764,0.0015760911869025281,2.4091086874040612e-05,4.8610209553907766e-05,4.206080822326939e-05,17.252689261967053,70.2423446157796,70.31570041109585,52.64444455457549,13.465413129432283,17.270706666555103
as built,ATOMKI 2016 anomaly,1.0,MM 3°,12–16,12,16,16.7,0.9989567650626051,159647559.20533565,10.054219036217594,152.74662318984022,130-164,2.0570233397429507e-05,12.578314566727832,40.60851848193617,28.467119818752664,0.002587176468390731,0.8653968400221764,0.0022514558598784,2.335268240440793e-05,4.2998753290430464e-05,3.696039179625039e-05,16.211289401936497,54.96114103838599,55.018538299744684,40.65092694916703,12.591450407705626,16.22821924722691
as built,ATOMKI 2016 anomaly,1.0,MM 3°,12–17,12,17,16.7,0.9989567650626051,159647559.20533565,10.055139415111427,152.74662318984022,130-164,2.0603920206997945e-05,12.619546013565342,40.684388488856676,28.467119818752664,0.002587176468390731,1.2980952600332647,0.0029463075126778936,2.3378317633039352e-05,4.308212876236243e-05,3.6994902740311925e-05,16.246900575246094,55.174489259713916,55.23210932582863,40.72687618898799,12.632724913549657,16.263867610154172
as built,ATOMKI 2016 anomaly,1.0,MM 3°,12–18,12,18,16.7,0.9989567650626051,159647559.20533565,10.055139415111427,152.74662318984022,130-164,2.0640700618440073e-05,12.664640963735803,40.77996645205976,28.467119818752664,0.002587176468390731,1.7307936800443529,0.0036893238147305916,2.3406060533838815e-05,4.3171371731847693e-05,3.70383324604023e-05,16.285483641906268,55.403309667341794,55.46116869619441,40.8225539665914,12.677866957477487,16.30249097005279
as built,ATOMKI 2016 anomaly,1.0,MM 3°,12–20,12,20,16.7,0.9989567650626051,159647559.20533565,10.055139415111427,152.74662318984022,130-164,2.081741240824211e-05,12.88242150341357,41.47384400757424,28.467119818752664,0.002587176468390731,5.63754779080435,0.004995732709979947,2.3654731084375016e-05,4.351819465308482e-05,3.735210987902555e-05,16.63336214845712,56.29706497811475,56.35585737745775,41.51715615537681,12.895874930689539,16.65073277462083
as built,ATOMKI 2016 anomaly,1.0,MM 3°,> 12,12,99,16.7,0.9989567650626051,159647559.20533565,10.055139415111427,152.74662318984022,130-160,2.335329436170963e-05,16.21213904710638,46.15340164775596,28.467119818752664,0.002587176468390731,38.07746090866687,0.00685864378061732,2.562601706312252e-05,4.7655191200253076e-05,3.9403051042152955e-05,19.52118758975762,67.50943068765392,67.5799324342361,46.201600771844724,16.229069779701984,19.541574042530478
as built,ATOMKI 2016 anomaly,1.0,MM 3°,13–16,13,16,16.7,0.9989567650626051,159647559.20533565,7.436661462160212,116.91350388530012,130-164,2.208588665483681e-05,14.500189932529686,21.51303137827891,0.39912123170394126,0.001411965957665818,0.8653968400221764,0.0018755728694747741,2.5435813709231576e-05,4.5028526629477416e-05,2.6901642618347728e-05,19.23247975775068,60.27253895426743,60.33548303813741,21.53549796214722,14.51533283487094,19.252564705886318
as built,ATOMKI 2016 anomaly,1.0,MM 3°,13–17,13,17,16.7,0.9989567650626051,159647559.20533565,7.437581841054045,116.91350388530012,130-164,2.2140066314475864e-05,14.571419037139979,21.568414496555015,0.39912123170394126,0.001411965957665818,1.2980952600332647,0.002570424522274268,2.547925663164356e-05,4.5151931020581866e-05,2.693624813637027e-05,19.29823182226969,60.60335537715168,60.666644940688336,21.59093891836581,14.5866363257741,19.318385436891514
as built,ATOMKI 2016 anomaly,1.0,MM 3°,13–18,13,18,16.7,0.9989567650626051,159647559.20533565,7.437581841054045,116.91350388530012,130-164,2.219852570700639e-05,14.648470379447785,21.632071638615265,0.39912123170394126,0.001411965957665818,1.7307936800443529,0.003313440824326966,2.5525767286319232e-05,4.5277404741735326e-05,2.6975968748555026e-05,19.368751354201105,60.94064744788693,61.0042892537674,21.654662539133586,14.66376813467974,19.388978614091727
as built,ATOMKI 2016 anomaly,1.0,MM 3°,13–20,13,20,16.7,0.9989567650626051,159647559.20533565,7.437581841054045,116.91350388530012,130-164,2.2478708252759315e-05,15.02058040168459,22.159110232387054,0.39912123170394126,0.001411965957665818,5.63754779080435,0.004619849719576321,2.5941358489677665e-05,4.580605327774818e-05,2.730260918332716e-05,20.00458027021318,62.372012987036406,62.4371496028935,22.1822515321755,15.03626676049713,20.025471541763352
as built,ATOMKI 2016 anomaly,1.0,MM 3°,> 13,13,99,16.7,0.9989567650626051,159647559.20533565,7.437581841054045,116.91350388530012,130-160,2.6458099968840992e-05,20.809484362698676,26.80129397319882,0.39912123170394126,0.001411965957665818,38.07746090866687,0.0064827607902136946,2.9163535759910982e-05,5.149509857048071e-05,3.002658037903098e-05,25.282753211046572,78.82714556431402,78.9094666768425,26.829283218797933,20.831216215242844,25.309156607455467
as built,ATOMKI 2016 anomaly,1.0,MM 15° + TOF,0–14,0,14,16.7,0.9989567650626051,159647559.20533565,9.590348073726412,160.4690425353097,128-174,3.701851797288494e-05,40.73634580585033,56.611197868411395,322.1175658635635,14.21519457180253,1.634689787601437,0.002956935113515923,4.050616079765442e-05,5.585914355315739e-05,4.36394396881234e-05,48.77375334617823,92.75398093020942,92.85084617690785,56.6703183244007,40.77888776627621,48.824688967516586
as built,ATOMKI 2016 anomaly,1.0,MM 15° + TOF,0–15,0,15,16.7,0.9989567650626051,159647559.20533565,12.624837286689559,215.23005295931472,130-176,2.793400509283314e-05,23.19585732837181,35.61796972952164,322.1175658635635,14.215194571802531,1.6346897904482807,0.004148777136632167,3.2416430625065706e-05,4.7911593168963474e-05,3.461485955050386e-05,31.237365471750827,68.23783472022197,68.30909715691797,35.655166444855546,23.220081328462815,31.269987415114173
as built,ATOMKI 2016 anomaly,1.0,MM 15° + TOF,0–16,0,16,16.7,0.9989567650626051,159647559.20533565,12.98194429749626,220.3093322080265,130-176,2.707770239679431e-05,21.79554004427349,35.389335901439594,322.1175658635635,14.215194571802531,1.634689790448281,0.0055785527406761026,3.166915387285898e-05,4.483993180000881e-05,3.450358328818078e-05,29.813772503650974,59.76871236116056,59.831130286619384,35.426293848885166,21.81830165883861,29.8449077541234
as built,ATOMKI 2016 anomaly,1.0,MM 15° + TOF,0–17,0,17,16.7,0.9989567650626051,159647559.20533565,12.98194429749626,220.3093322080265,130-176,2.707496304901841e-05,21.791130324188824,35.41150033591057,322.1175658635635,14.215194571802531,1.7190001178538017,0.007079350071196556,3.167158764247533e-05,4.485793209147876e-05,3.451438643957084e-05,29.818355047413675,59.81670842817241,59.879176477095754,35.44848143021616,21.813887333575607,29.84949508354843
as built,ATOMKI 2016 anomaly,1.0,MM 15° + TOF,0–18,0,18,16.7,0.9989567650626051,159647559.20533565,12.98194429749626,220.3093322080265,130-176,2.709346768844128e-05,21.820927211195343,35.46835459600513,322.1175658635635,14.215194571802531,2.6690929900220124,0.008748590538765087,3.16985689285282e-05,4.487887143912236e-05,3.4542082285374934e-05,29.869181691933807,59.87256544736244,59.935091829134564,35.50539506460253,21.84371533819866,29.90037480757427
as built,ATOMKI 2016 anomaly,1.0,MM 15° + TOF,0–20,0,20,16.7,0.9989567650626051,159647559.20533565,12.98194429749626,220.3093322080265,130-176,2.711694024311653e-05,21.85875291762047,35.51504743883376,322.1175658635635,14.215194571802531,3.9125022720696796,0.012318816986889337,3.173388454738746e-05,4.489440071481061e-05,3.456481152620925e-05,29.93577373563961,59.91400759637298,59.97657725719305,35.552136669906844,21.88158054693245,29.967036394977036
as built,ATOMKI 2016 anomaly,1.0,MM 15° + TOF,none,0,99,16.7,0.9989567650626051,159647559.20533565,12.98194429749626,220.3093322080265,130-176,2.7223807974152885e-05,22.03138289576546,35.81608424330604,322.1175658635635,14.215194571802531,8.96663392724722,0.02064325180009761,3.187685616485596e-05,4.50983724301381e-05,3.4710993560323436e-05,30.206122442179414,60.45966693957907,60.52280644577249,35.853487854463275,22.054390806778052,30.23766743327113
as built,ATOMKI 2016 anomaly,1.0,MM 15° + TOF,6–14,6,14,16.7,0.9989567650626051,159647559.20533565,9.581144284788095,160.26986400522452,128-174,3.696725550530384e-05,40.623602247158644,56.543553075004745,320.17267424184814,14.21519457180253,1.634689787601437,0.0029465359870201355,4.045777356156032e-05,5.5330232825547484e-05,4.361335948357063e-05,48.65729612242833,91.00578669825481,91.10082626303796,56.60260288788488,40.66602646673377,48.70811012464483
as built,ATOMKI 2016 anomaly,1.0,MM 15° + TOF,6–15,6,15,16.7,0.9989567650626051,159647559.20533565,12.615633497751242,215.03087442922956,130-176,2.7896300203445363e-05,23.13328076815534,35.49732943383142,320.17267424184814,14.215194571802531,1.6346897904482807,0.0041383780101363786,3.2377154047092186e-05,4.743572631521294e-05,3.455618847839109e-05,31.16171534450469,66.88906453780572,66.95891842087255,35.534400161559326,23.15743941801682,31.194258284593296
as built,ATOMKI 2016 anomaly,1.0,MM 15° + TOF,6–16,6,16,16.7,0.9989567650626051,159647559.20533565,12.972740508557946,220.11015367794133,130-176,2.704107191326865e-05,21.736610291871774,35.25220486318316,320.17267424184814,14.215194571802531,1.634689790448281,0.005568153614180314,3.163070793513815e-05,4.447241613859325e-05,3.443666899683362e-05,29.741429384007475,58.79297851379931,58.85437745658064,35.289019601337685,21.759310364657804,29.77248908479394
as built,ATOMKI 2016 anomaly,1.0,MM 15° + TOF,6–17,6,17,16.7,0.9989567650626051,159647559.20533565,12.972740508557946,220.11015367794133,130-176,2.703833483054388e-05,21.732210178614814,35.27412501342725,320.17267424184814,14.215194571802531,1.7190001178538017,0.007068950944700768,3.163314812135269e-05,4.449067943565504e-05,3.444737385420974e-05,29.74601843244467,58.84127695143334,58.90272633345221,35.310962643329816,21.75490565625515,29.777082925686454
as built,ATOMKI 2016 anomaly,1.0,MM 15° + TOF,6–18,6,18,16.7,0.9989567650626051,159647559.20533565,12.972740508557946,220.11015367794133,130-176,2.705689007344124e-05,21.762048170222442,35.33168759379254,320.17267424184814,14.215194571802531,2.6690929900220124,0.0087381914122693,3.1660200494786584e-05,4.451142053037172e-05,3.447546911435987e-05,29.79691722265412,58.89615212935782,58.95765881886467,35.36858533770306,21.784774808405853,29.828034870745114
as built,ATOMKI 2016 anomaly,1.0,MM 15° + TOF,6–20,6,20,16.7,0.9989567650626051,159647559.20533565,12.972740508557946,220.11015367794133,130-176,2.7080426742497976e-05,21.79992605695004,35.37874789787093,320.17267424184814,14.215194571802531,3.9125022720696796,0.012308417860393548,3.169560902557089e-05,4.4526869344458854e-05,3.449842140278854e-05,29.863603790185806,58.93704202195331,58.99859141377325,35.415694788005894,21.822692251935273,29.894791080687302
as built,ATOMKI 2016 anomaly,1.0,MM 15° + TOF,> 6,6,99,16.7,0.9989567650626051,159647559.20533565,12.972740508557946,220.11015367794133,130-176,2.7187585330681882e-05,21.97279417696518,35.67968468274373,320.17267424184814,14.215194571802531,8.96663392724722,0.020632852673601827,3.1838955246473314e-05,4.472792938380354e-05,3.464483500794165e-05,30.13433624217986,59.47050139603197,59.532607892499655,35.71694584850994,21.995740902348395,30.16580626519039
as built,ATOMKI 2016 anomaly,1.0,MM 15° + TOF,8–14,8,14,16.7,0.9989567650626051,159647559.20533565,9.374979412569793,153.6649265033951,128-174,3.6769461943149903e-05,40.190051474100734,48.79555700603015,296.75734491801086,8.86360703306873,1.634689787601437,0.002823808870667753,3.9846786260357736e-05,5.8484332753462227e-05,4.051521365712952e-05,47.19876264205214,101.6770861360789,101.78326999938456,48.84651539746278,40.232022926019226,47.24805346214775
as built,ATOMKI 2016 anomaly,1.0,MM 15° + TOF,8–15,8,15,16.7,0.9989567650626051,159647559.20533565,12.40946862553294,208.42593692740013,130-174,2.767498511806367e-05,22.76768136994785,30.2000646690134,296.75734491801086,8.863607033068734,1.6346897904482807,0.004015650893783996,3.18411366577839e-05,5.001315380242747e-05,3.18736595869632e-05,30.1384656260306,74.35539694605426,74.4330481023314,30.23160333382471,22.791458215432367,30.1699399614575
as built,ATOMKI 2016 anomaly,1.0,MM 15° + TOF,8–16,8,16,16.7,0.9989567650626051,159647559.20533565,12.766575636339642,213.5052161761119,130-174,2.6815332044821658e-05,21.37520905689772,29.046961713567832,296.75734491801086,8.863607033068734,1.634689790448281,0.005445426497827931,3.110256907170624e-05,4.687516912047351e-05,3.1259235308056114e-05,28.756533973253795,65.31752318885236,65.38573587292227,29.07729616481194,21.39753170955114,28.78656512371845
as built,ATOMKI 2016 anomaly,1.0,MM 15° + TOF,8–17,8,17,16.7,0.9989567650626051,159647559.20533565,12.766575636339642,213.5052161761119,130-174,2.681401387101213e-05,21.37310760626727,29.058327009728064,296.75734491801086,8.863607033068734,1.7190001178538017,0.006946223828348386,3.110513148451968e-05,4.68944427475904e-05,3.12653501596776e-05,28.761272433687793,65.37124734265855,65.43951613217385,29.088673330028417,21.39542806432449,28.79130853264236
as built,ATOMKI 2016 anomaly,1.0,MM 15° + TOF,8–18,8,18,16.7,0.9989567650626051,159647559.20533565,12.766575636339642,213.5052161761119,130-174,2.6833628210978285e-05,21.40438772190873,29.1052004785228,296.75734491801086,8.863607033068734,2.6690929900220124,0.008615464295916917,3.113353798694806e-05,4.6917911473135464e-05,3.1290556787911384e-05,28.813828406205054,65.43669491679476,65.50503205480952,29.135595749930943,21.426740846554363,28.84391939064478
as built,ATOMKI 2016 anomaly,1.0,MM 15° + TOF,8–20,8,20,16.7,0.9989567650626051,159647559.20533565,12.766575636339642,213.5052161761119,130-174,2.6858505458984404e-05,21.4440938017329,29.140167873378964,296.75734491801086,8.863607033068734,3.9125022720696796,0.01218569074404117,3.1170716435679914e-05,4.693508020800851e-05,3.1309347601961756e-05,28.88268618054595,65.48459435589156,65.55298151645994,29.170599662091217,21.46648839240704,28.912849074840448
as built,ATOMKI 2016 anomaly,1.0,MM 15° + TOF,> 8,8,99,16.7,0.9989567650626051,159647559.20533565,12.766575636339642,213.5052161761119,130-174,2.697175027354992e-05,21.625306564171815,29.41711734546926,296.75734491801086,8.863607033068734,8.96663392724722,0.020510125557249445,3.13211993114633e-05,4.716741115062097e-05,3.145777848961344e-05,29.162233243412874,66.13450281366597,66.20356868950309,29.447838359276417,21.64789039975774,29.192688075529738
as built,ATOMKI 2016 anomaly,1.0,MM 15° + TOF,9–14,9,14,16.7,0.9989567650626051,159647559.20533565,8.96909232039001,145.00824011853499,128-174,3.6904828201456455e-05,40.48651440484588,59.48163364541762,270.2436850000075,5.9390591140429105,1.7099189858442496,0.0026571985536413163,3.9895271480374324e-05,6.469491084820941e-05,4.473211548576536e-05,47.31369460442238,124.41829636319153,124.548229427521,59.54375176756511,40.52879546024053,47.363105450772146
as built,ATOMKI 2016 anomaly,1.0,MM 15° + TOF,9–15,9,15,16.7,0.9989567650626051,159647559.20533565,12.003581533353156,199.76925054253996,130-174,2.7529560764373054e-05,22.529034360264806,33.349858977906386,270.2436850000075,5.939059114042914,1.5150616536326353,0.003849040576757559,3.167465243447966e-05,5.327093131408378e-05,3.3494615328687846e-05,29.824126243908683,84.3576730995788,84.44576987702973,33.38468704981074,22.552561980850992,29.85527230704483
as built,ATOMKI 2016 anomaly,1.0,MM 15° + TOF,9–16,9,16,16.7,0.9989567650626051,159647559.20533565,12.360688544159858,204.8485297912517,130-174,2.665403787831841e-05,21.118838740155542,29.56055535421303,270.2436850000075,5.939059114042914,1.5150616536326362,0.005278816180801495,3.092277576645277e-05,4.9259491297294565e-05,3.153437936785385e-05,28.425031542875107,72.13131637539355,72.20664487003404,29.591426163834484,21.14089365902839,28.454716497258715
as built,ATOMKI 2016 anomaly,1.0,MM 15° + TOF,9–17,9,17,16.7,0.9989567650626051,159647559.20533565,12.360688544159858,204.8485297912517,130-174,2.6652691876541798e-05,21.116705834300745,29.56881073325281,270.2436850000075,5.939059114042914,1.5993719810381568,0.006779613511321949,3.0925525109872786e-05,4.927841140500137e-05,3.153878236499666e-05,28.430086305629377,72.18673693818577,72.26212330987298,29.599690164168134,21.13875852572794,28.459776538825132
as built,ATOMKI 2016 anomaly,1.0,MM 15° + TOF,9–18,9,18,16.7,0.9989567650626051,159647559.20533565,12.360688544159858,204.8485297912517,130-174,2.6673712225859358e-05,21.15002746456477,29.603349647280343,270.2436850000075,5.939059114042914,2.5494648532063673,0.00844885397889048,3.095600269511217e-05,4.9304575193308443e-05,3.155719699425966e-05,28.486150501182873,72.26341067159947,72.33887711553832,29.63426514802679,21.172114954583932,28.515899283586744
as built,ATOMKI 2016 anomaly,1.0,MM 15° + TOF,9–20,9,20,16.7,0.9989567650626051,159647559.20533565,12.360688544159858,204.8485297912517,130-174,2.670037101754411e-05,21.192324984378995,29.63399765113997,270.2436850000075,5.939059114042914,3.7928741352540336,0.012019080427014732,3.099588845937166e-05,4.932570520608659e-05,3.15735281681403e-05,28.559604678531784,72.32536248744817,72.40089362918074,29.66494515834506,21.214456646730714,28.589430170926306
as built,ATOMKI 2016 anomaly,1.0,MM 15° + TOF,> 9,9,99,16.7,0.9989567650626051,159647559.20533565,12.360688544159858,204.8485297912517,130-174,2.68217014477493e-05,21.385364701313815,29.92243536284182,270.2436850000075,5.939059114042914,8.847005790431574,0.020343515240223004,3.115729126771452e-05,4.9596088050132104e-05,3.1726813984483204e-05,28.857812102889394,73.12045035304567,73.19681182444685,29.9536840925909,21.40769795975463,28.88794902057734
as built,ATOMKI 2016 anomaly,1.0,MM 15° + TOF,10–14,10,14,16.7,0.9989567650626051,159647559.20533565,8.182168366163896,129.8698489006599,130-170,3.6874640787245076e-05,40.4203071696896,117.43093070527036,220.37940718586077,0.09451924675358334,1.7099189858442496,0.0024030969499213664,3.990127485248255e-05,7.005473767492413e-05,6.285202072268874e-05,47.32793504320322,145.8878201754588,146.04017438764325,117.55356669305993,40.46251908325225,47.37736076119086
as built,ATOMKI 2016 anomaly,1.0,MM 15° + TOF,10–15,10,15,16.7,0.9989567650626051,159647559.20533565,11.216657579127045,184.6308593246649,130-174,2.704088698289234e-05,21.736312985183005,53.783145960629845,220.37940718586077,0.09451924675358601,1.5150616536326091,0.003594938973037608,3.1281098271221355e-05,5.5440096985808244e-05,4.253545615266854e-05,29.087607284595943,91.36754916158812,91.46296652374346,53.839313012970315,21.7590127474844,29.117984183002164
as built,ATOMKI 2016 anomaly,1.0,MM 15° + TOF,10–16,10,16,16.7,0.9989567650626051,159647559.20533565,11.573764589933745,189.71013857337664,130-174,2.6145670567829933e-05,20.32093012608467,42.293681539114935,220.37940718586077,0.09451924675358601,1.5150616536326096,0.005024714577081545,3.050473290978969e-05,5.109024826988109e-05,3.77194836520309e-05,27.661674491605417,77.59255256474694,77.67358436166572,42.33784986326648,20.342151769512412,27.690562253584464
as built,ATOMKI 2016 anomaly,1.0,MM 15° + TOF,10–17,10,17,16.7,0.9989567650626051,159647559.20533565,11.573764589933745,189.71013857337664,130-174,2.6144284549336336e-05,20.318775701446686,42.31194432303956,220.37940718586077,0.09451924675358601,1.5993719810381306,0.006525511907601999,3.0507911781131975e-05,5.1110304183833846e-05,3.772762657558849e-05,27.667439989456927,77.65348376230747,77.73457919116339,42.356131719462205,20.339995094956183,27.696333772486135
as built,ATOMKI 2016 anomaly,1.0,MM 15° + TOF,10–18,10,18,16.7,0.9989567650626051,159647559.20533565,11.573764589933745,189.71013857337664,130-174,2.6168444234989608e-05,20.356345828768156,42.35518320370644,220.37940718586077,0.09451924675358601,2.549464853206341,0.00819475237517053,3.054314760379512e-05,5.1143001289354306e-05,3.774689871993042e-05,27.73138720413839,77.75287101316576,77.83407023455409,42.39941575554776,20.37760445767882,27.76034776880504
as built,ATOMKI 2016 anomaly,1.0,MM 15° + TOF,10–20,10,20,16.7,0.9989567650626051,159647559.20533565,11.573764589933745,189.71013857337664,130-174,2.6199079756306663e-05,20.40403626864796,42.41749948889167,220.37940718586077,0.09451924675358601,3.7928741352540074,0.011764978823294778,3.0589251442255405e-05,5.117012665467495e-05,3.777465662062749e-05,27.815169554028664,77.83537044754684,77.91665582510856,42.461797119150944,20.425344701849262,27.84421761464869
as built,ATOMKI 2016 anomaly,1.0,MM 15° + TOF,> 10,10,99,16.7,0.9989567650626051,159647559.20533565,11.573764589933745,189.71013857337664,130-174,2.633844339933405e-05,20.621688486918057,42.86820529447204,220.37940718586077,0.09451924675358601,8.847005790431547,0.020089413636503056,3.0775713291806035e-05,5.1491868280451796e-05,3.797481304899393e-05,28.15530703387178,78.81725621318064,78.8995669980183,42.91297360780721,20.643224219644466,28.18471030836582
as built,ATOMKI 2016 anomaly,1.0,MM 15° + TOF,11–14,11,14,16.7,0.9989567650626051,159647559.20533565,7.048261568963232,111.23255510155114,130-174,3.6769024168597773e-05,40.189094480110796,59.580471816446476,145.7987693492556,0.09446293942017922,1.7099189858442496,0.002085965687007468,3.971742452520984e-05,6.619344544049518e-05,4.476926481309761e-05,46.892800562299044,130.24887691093375,130.38489899287183,59.64269315770892,40.2310649326171,46.94177185872529
as built,ATOMKI 2016 anomaly,1.0,MM 15° + TOF,11–15,11,15,16.7,0.9989567650626051,159647559.20533565,10.082750781926379,165.9935655255561,130-176,2.6293390606941615e-05,20.551200642366396,30.599174732571324,145.7987693492556,0.09446293942018189,1.5150616536326091,0.00327780771012371,3.055084811296402e-05,5.41831383037977e-05,3.208358206316276e-05,27.74537218850764,87.27147670774283,87.36261644143677,30.631130197765525,20.572662762915915,27.774347358034884
as built,ATOMKI 2016 anomaly,1.0,MM 15° + TOF,11–16,11,16,16.7,0.9989567650626051,159647559.20533565,10.439857792733083,171.0728447742679,130-176,2.5373749240643668e-05,19.138738125061387,26.867168802215275,145.7987693492556,0.09446293942018189,1.5150616536326096,0.004707583314167646,2.974402474607711e-05,5.047051663582459e-05,3.0063458857997727e-05,26.299257077742197,75.7215531952154,75.80063106181568,26.89522684250654,19.158725176521482,26.326722033955104
as built,ATOMKI 2016 anomaly,1.0,MM 15° + TOF,11–17,11,17,16.7,0.9989567650626051,159647559.20533565,10.439857792733083,171.0728447742679,130-176,2.537066588038397e-05,19.134087015876315,26.880052603191114,145.7987693492556,0.09446293942018189,1.5993719810381306,0.006208380644688101,2.9748031511756543e-05,5.049939464849259e-05,3.007066626417428e-05,26.306343009050543,75.80823007919741,75.88739846458368,26.90812409835027,19.15406921006954,26.333815365274504
as built,ATOMKI 2016 anomaly,1.0,MM 15° + TOF,11–18,11,18,16.7,0.9989567650626051,159647559.20533565,10.439857792733083,171.0728447742679,130-176,2.5400256624373608e-05,19.178746628538505,26.9301653743101,145.7987693492556,0.09446293942018189,2.549464853206341,0.00787762111225663,2.979243586040148e-05,5.053759349214225e-05,3.0098683745170517e-05,26.384935627114626,75.92295945234893,76.00224765242048,26.958289203459543,19.19877546185551,26.41249005952832
as built,ATOMKI 2016 anomaly,1.0,MM 15° + TOF,11–20,11,20,16.7,0.9989567650626051,159647559.20533565,10.439857792733083,171.0728447742679,130-176,2.5437771058461448e-05,19.23543984609687,26.97271901546949,145.7987693492556,0.09446293942018189,3.7928741352540074,0.011447847560380881,2.9850513577332145e-05,5.056554407921686e-05,3.0122454542755872e-05,26.487906088896864,76.00696337774146,76.08633930516308,27.000887284425264,19.25552788552503,26.515568055877626
as built,ATOMKI 2016 anomaly,1.0,MM 15° + TOF,> 11,11,99,16.7,0.9989567650626051,159647559.20533565,10.439857792733083,171.0728447742679,130-176,2.5608282720248928e-05,19.494177879910815,27.356383284203165,145.7987693492556,0.09446293942018189,8.847005790431547,0.019772282373589155,3.0085144539526822e-05,5.0948970666706966e-05,3.0335931396292987e-05,26.905942983478607,77.16401938159828,77.24460365085207,27.384952223121214,19.51453612578429,26.93404151659396
as built,ATOMKI 2016 anomaly,1.0,MM 15° + TOF,12–15,12,15,16.7,0.9989567650626051,159647559.20533565,8.463804307676401,138.40369144732577,130-176,2.2353381701393614e-05,14.85355747586798,49.89308140987613,25.709983395361895,0.002587176468390731,1.7099189858442496,0.0027964935154729323,2.647365142579119e-05,4.874254034164827e-05,4.0968320183139474e-05,20.83395421564494,70.62530436852582,70.6990600980611,49.945185972837685,14.869069408561542,20.855711622653924
as built,ATOMKI 2016 anomaly,1.0,MM 15° + TOF,12–16,12,16,16.7,0.9989567650626051,159647559.20533565,8.820911318483102,143.48297069603754,130-176,2.159143783165933e-05,13.858210096266637,41.897860105669,25.709983395361895,0.002587176468390731,1.7099189858442496,0.004226269119516868,2.578808726665467e-05,4.552260875870601e-05,3.75425626982856e-05,19.768889562205608,61.60249429840122,61.66682728710542,41.941615063834355,13.872682563392157,19.789534696195467
as built,ATOMKI 2016 anomaly,1.0,MM 15° + TOF,12–17,12,17,16.7,0.9989567650626051,159647559.20533565,8.820911318483102,143.48297069603754,130-176,2.1587362342880115e-05,13.852978981058216,41.97148555267254,25.709983395361895,0.002587176468390731,1.599371980708331,0.005727066450037324,2.5779859114476223e-05,4.55591790917974e-05,3.757553424759127e-05,19.75627633657083,61.70151009270122,61.765946486016695,42.01531739968963,13.867445985202416,19.776908298261233
as built,ATOMKI 2016 anomaly,1.0,MM 15° + TOF,12–18,12,18,16.7,0.9989567650626051,159647559.20533565,8.820911318483102,143.48297069603754,130-176,2.163383588868116e-05,13.912688919690513,42.03406119562948,25.709983395361895,0.002587176468390731,2.549464852876542,0.007396306917605853,2.585158661733737e-05,4.560870456099552e-05,3.760353465594658e-05,19.86636535771987,61.835729242930235,61.900305804581,42.07795839191817,13.927218280381332,19.887112288062674
as built,ATOMKI 2016 anomaly,1.0,MM 15° + TOF,12–20,12,20,16.7,0.9989567650626051,159647559.20533565,8.820911318483102,143.48297069603754,130-176,2.1692688388521955e-05,13.988487797904732,42.221551674017974,25.709983395361895,0.002587176468390731,3.792874134924208,0.010966533365730103,2.594526244959927e-05,4.566894071959816e-05,3.7687305532685205e-05,20.010601771063786,61.99917201100387,62.06391925992748,42.26564467119048,14.003096317214556,20.031499331014302
as built,ATOMKI 2016 anomaly,1.0,MM 15° + TOF,> 12,12,99,16.7,0.9989567650626051,159647559.20533565,8.820911318483102,143.48297069603754,130-176,2.19592785488604e-05,14.334420760595734,43.05198302501162,25.709983395361895,0.002587176468390731,8.847005790101749,0.019290968178938377,2.6322141437365393e-05,4.619169204579634e-05,3.805612577445832e-05,20.596169139377775,63.426647266756376,63.49288526293868,43.09694326191738,14.349390546143795,20.61767822162654
as built,ATOMKI 2016 anomaly,1.0,MM 15° + TOF,13–16,13,16,16.7,0.9989567650626051,159647559.20533565,6.456457940229442,107.75284455586534,130-176,2.2862824530280863e-05,15.538309913864815,23.663315910458685,0.39912123170394126,0.001411965957665818,1.2824392393831872,0.0036243249790603557,2.819303663848479e-05,4.936289098376364e-05,2.8214073566711884e-05,23.6280414654859,72.43445321863653,72.51009828648293,23.68802808895908,15.55453695024631,23.65271680602225
as built,ATOMKI 2016 anomaly,1.0,MM 15° + TOF,13–17,13,17,16.7,0.9989567650626051,159647559.20533565,6.456457940229442,107.75284455586534,130-176,2.2827599195615973e-05,15.49046626146513,23.59668128710313,0.39912123170394126,0.001411965957665818,0.6125725627319082,0.005125122309580811,2.81068148821235e-05,4.925265816293428e-05,2.8174320905713937e-05,23.48374086854813,72.11130606762353,72.1866136650111,23.621323877439597,15.506643333552413,23.50826551244827
as built,ATOMKI 2016 anomaly,1.0,MM 15° + TOF,13–18,13,18,16.7,0.9989567650626051,159647559.20533565,6.456457940229442,107.75284455586534,130-176,2.2901937363689933e-05,15.591520065706806,23.730780132009127,0.39912123170394126,0.001411965957665818,1.562665434900119,0.006794362777149341,2.822951633232756e-05,4.937059059790982e-05,2.8254264167392277e-05,23.689226883387285,72.45705160482822,72.53272027272102,23.755562765043095,15.607802670748896,23.713966121349277
as built,ATOMKI 2016 anomaly,1.0,MM 15° + TOF,13–20,13,20,16.7,0.9989567650626051,159647559.20533565,6.456457940229442,107.75284455586534,130-176,2.2995959912155076e-05,15.71980298101793,23.859986968341715,0.39912123170394126,0.001411965957665818,2.8060747169477853,0.010364589225273594,2.838947472625039e-05,4.947153731424292e-05,2.833107766420147e-05,23.958450512259507,72.75365648735223,72.82963490696488,23.884904535229207,15.736219555040265,23.983470907029716
as built,ATOMKI 2016 anomaly,1.0,MM 15° + TOF,> 13,13,99,16.7,0.9989567650626051,159647559.20533565,6.456457940229442,107.75284455586534,130-176,2.3420270732266954e-05,16.30526400632224,24.781789778282295,0.39912123170394126,0.001411965957665818,7.860206372125326,0.01868902403848187,2.90298186164786e-05,5.0456997876633245e-05,2.887316068845627e-05,25.051437839050156,75.68099389781722,75.76002940735303,24.807670006348282,16.322291991586223,25.077599667168947
as built,ATOMKI 2016 anomaly,1.0,MM 3° + TOF,0–14,0,14,16.7,0.9989567650626051,159647559.20533565,10.40120187919215,168.00983803287517,130-162,3.502503409379274e-05,36.467093141240895,47.374216937859444,329.34007054473557,11.411408725614669,0.0,0.00191341951058779,3.773319506805148e-05,5.941853501276451e-05,3.9920779774317935e-05,42.32443549475697,104.95131697571706,105.0609201982227,47.42369098915955,36.505176616883396,42.36863593601518
as built,ATOMKI 2016 anomaly,1.0,MM 3° + TOF,0–15,0,15,16.7,0.9989567650626051,159647559.20533565,13.798320376324988,228.69447272409516,130-164,2.690564138356675e-05,21.519427415609385,28.775183808090965,329.34007054473557,11.41140872561467,0.0,0.00253405077827076,3.0091944019079454e-05,5.503193804556033e-05,3.111265310615892e-05,26.91810626775897,90.02717613110552,90.12119370898246,28.80523443503344,21.541900679015626,26.94621750328904
as built,ATOMKI 2016 anomaly,1.0,MM 3° + TOF,0–16,0,16,16.7,0.9989567650626051,159647559.20533565,14.216172394124586,233.6182614361736,130-164,2.6119036409624324e-05,20.279550028753892,27.87202946521015,329.34007054473557,11.41140872561467,0.0,0.0032094154512466323,2.9333477799586315e-05,4.9528338921838894e-05,3.062050083211686e-05,25.578267533258714,72.92081915447507,72.99697214614197,27.901136906023552,20.300728457935776,25.60497954248872
as built,ATOMKI 2016 anomaly,1.0,MM 3° + TOF,0–17,0,17,16.7,0.9989567650626051,159647559.20533565,14.216172394124586,233.6182614361736,130-164,2.6117599437974665e-05,20.27731868021684,27.872380718275977,329.34007054473557,11.41140872561467,0.0,0.003904267104046126,2.9333495542769872e-05,4.952756211933203e-05,3.0620693776640725e-05,25.578298476744944,72.91853179204199,72.99468239496045,27.90148852591153,20.298494779146974,25.605010518289987
as built,ATOMKI 2016 anomaly,1.0,MM 3° + TOF,0–18,0,18,16.7,0.9989567650626051,159647559.20533565,14.216172394124586,233.6182614361736,130-164,2.611761769003948e-05,20.277347021494148,27.872414719352854,329.34007054473557,11.41140872561467,0.0,0.004647283406098823,2.933351451583603e-05,4.952759407418278e-05,3.062071245348531e-05,25.578331565123747,72.9186258851672,72.99477658634942,27.901522562496563,20.29852315002177,25.605043641223794
as built,ATOMKI 2016 anomaly,1.0,MM 3° + TOF,0–20,0,20,16.7,0.9989567650626051,159647559.20533565,14.216172394124586,233.6182614361736,130-164,2.61176504185622e-05,20.277397841445367,27.872475181102544,329.34007054473557,11.41140872561467,0.0,0.005953692301348178,2.9333547875212166e-05,4.952765038525605e-05,3.062074566519061e-05,25.578389742787284,72.918791696913,72.99494257125647,27.901583087387934,20.298574023045504,25.605101879643684
as built,ATOMKI 2016 anomaly,1.0,MM 3° + TOF,none,0,99,16.7,0.9989567650626051,159647559.20533565,14.216172394124586,233.6182614361736,130-164,2.6117702884693704e-05,20.2774793095463,27.87256799670948,329.34007054473557,11.41140872561467,0.0,0.007816603371985552,2.933359544490157e-05,4.952773182126002e-05,3.0620796648835036e-05,25.578472702887936,72.91903149104198,72.9951826158083,27.901675999924475,20.298655576225563,25.605184926381593
as built,ATOMKI 2016 anomaly,1.0,MM 3° + TOF,6–14,6,14,16.7,0.9989567650626051,159647559.20533565,10.389236953572336,167.81065950278102,130-162,3.499281366272971e-05,36.40002996535442,47.420390450562486,327.7815550986597,11.411408725614669,0.0,0.001903969552569948,3.7711338191350696e-05,5.855090733610706e-05,3.994022952809513e-05,42.27541700899005,101.90870243404862,102.01512817990871,47.469912721989154,36.43804340528513,42.31956625904688
as built,ATOMKI 2016 anomaly,1.0,MM 3° + TOF,6–15,6,15,16.7,0.9989567650626051,159647559.20533565,13.786355450705177,228.49529419400108,130-164,2.68795401927199e-05,21.47769562937112,28.766276336975366,327.7815550986597,11.41140872561467,0.0,0.0025246008202529178,3.0071541983350104e-05,5.411749517804835e-05,3.110783721147858e-05,26.88161822997586,87.06014519459232,87.15106422962782,28.796317661628297,21.500125311254187,26.90969136015729
as built,ATOMKI 2016 anomaly,1.0,MM 3° + TOF,6–16,6,16,16.7,0.9989567650626051,159647559.20533565,14.204207468504771,233.4190829060795,130-164,2.609350406140043e-05,20.239921349652814,27.888292401345584,327.7815550986597,11.41140872561467,0.0,0.0031999654932287906,2.931323130959611e-05,4.87457588179081e-05,3.0629432844590276e-05,25.54297056509767,70.6346314724633,70.70839694252092,27.917416825940222,20.261058393637654,25.569645712842114
as built,ATOMKI 2016 anomaly,1.0,MM 3° + TOF,6–17,6,17,16.7,0.9989567650626051,159647559.20533565,14.204207468504771,233.4190829060795,130-164,2.6092067421967915e-05,20.237692697756223,27.88867785049052,327.7815550986597,11.41140872561467,0.0,0.003894817146028284,2.9313249094959983e-05,4.874506308614069e-05,3.062964451133087e-05,25.543001560736386,70.63261519833044,70.70637856274377,27.917802677619107,20.25882741430548,25.569676740850333
as built,ATOMKI 2016 anomaly,1.0,MM 3° + TOF,6–18,6,18,16.7,0.9989567650626051,159647559.20533565,14.204207468504771,233.4190829060795,130-164,2.6092085720409554e-05,20.23772108326992,27.88871199424448,327.7815550986597,11.41140872561467,0.0,0.004637833448080981,2.931326811313019e-05,4.874509435494825e-05,3.062966326106744e-05,25.54303470488273,70.63270581667084,70.7064692757191,27.917836857030228,20.258855829462863,25.569709919609917
as built,ATOMKI 2016 anomaly,1.0,MM 3° + TOF,6–20,6,20,16.7,0.9989567650626051,159647559.20533565,14.204207468504771,233.4190829060795,130-164,2.609211853209224e-05,20.237771982543137,27.88877271167442,327.7815550986597,11.41140872561467,0.0,0.005944242343330336,2.9313301551810373e-05,4.8745149430132305e-05,3.062969660347173e-05,25.54309298059954,70.63286542704897,70.70662905278225,27.917897637868858,20.258906781891433,25.569768256185483
as built,ATOMKI 2016 anomaly,1.0,MM 3° + TOF,> 6,6,99,16.7,0.9989567650626051,159647559.20533565,14.204207468504771,233.4190829060795,130-164,2.6092171131534802e-05,20.23785357780315,27.88886599031966,327.7815550986597,11.41140872561467,0.0,0.00780715341396771,2.9313349234585297e-05,4.8745229260711606e-05,3.0629747826489746e-05,25.54317608052207,70.63309678000401,70.70686064734483,27.917991013927264,20.25898846236337,25.56985144289129
as built,ATOMKI 2016 anomaly,1.0,MM 3° + TOF,8–14,8,14,16.7,0.9989567650626051,159647559.20533565,10.172027534628054,160.76796460141173,130-160,3.4673862217576983e-05,35.739498248618084,44.44182695521755,304.4387942266013,6.059821186880902,0.0,0.0018076928488229681,3.713435419616665e-05,6.279377579261418e-05,3.866552804208832e-05,40.99168435096195,117.2133852049078,117.33579400462038,44.48823864007003,35.77682187915137,41.0344929676641
as built,ATOMKI 2016 anomaly,1.0,MM 3° + TOF,8–15,8,15,16.7,0.9989567650626051,159647559.20533565,13.569146031760893,221.45259929263173,130-162,2.6572823890007076e-05,20.9903379753071,28.95453346453824,304.4387942266013,6.059821186880906,0.0,0.002428324116505939,2.9575604202161265e-05,5.649844758584931e-05,3.1209461798420466e-05,26.002270033379876,94.88925623100361,94.98835139782737,28.98477139070543,21.012258697694115,26.029424838771977
as built,ATOMKI 2016 anomaly,1.0,MM 3° + TOF,8–16,8,16,16.7,0.9989567650626051,159647559.20533565,13.986998049560485,226.37638800471015,130-164,2.5792409082096224e-05,19.775516238353145,26.5422280543644,304.4387942266013,6.059821186880906,0.0,0.0031036887894818105,2.8824553007633823e-05,5.1244586153950375e-05,2.9881106936471052e-05,24.69842021670309,78.06205737484072,78.14357948709475,26.56994675109987,19.79616829274268,24.72421337990061
as built,ATOMKI 2016 anomaly,1.0,MM 3° + TOF,8–17,8,17,16.7,0.9989567650626051,159647559.20533565,13.986998049560485,226.37638800471015,130-164,2.5790967204885975e-05,19.773305272399043,26.540566048897443,304.4387942266013,6.059821186880906,0.0,0.003798540442281304,2.8824571660640487e-05,5.124441596140213e-05,2.98801713831248e-05,24.69845218250293,78.06153885925103,78.14306043000657,26.568283009960027,19.793955017822856,24.724245379083115
as built,ATOMKI 2016 anomaly,1.0,MM 3° + TOF,8–18,8,18,16.7,0.9989567650626051,159647559.20533565,13.986998049560485,226.37638800471015,130-164,2.579098630842516e-05,19.773334564844646,26.540599300742983,304.4387942266013,6.059821186880906,0.0,0.004541556744334002,2.8824591606593986e-05,5.1244453204818853e-05,2.988019010108527e-05,24.698486364058514,78.06165232642299,78.14317401567507,26.568316296531282,19.79398434085928,24.72427959633533
as built,ATOMKI 2016 anomaly,1.0,MM 3° + TOF,8–20,8,20,16.7,0.9989567650626051,159647559.20533565,13.986998049560485,226.37638800471015,130-164,2.5791020563759314e-05,19.773387090376215,26.54065884980462,304.4387942266013,6.059821186880906,0.0,0.005847965639583357,2.8824626676546187e-05,5.124451988376542e-05,2.9880223622112125e-05,24.698546463800774,78.06185547317567,78.14337737457886,26.568375907781455,19.79403692124454,24.724339758841218
as built,ATOMKI 2016 anomaly,1.0,MM 3° + TOF,> 8,8,99,16.7,0.9989567650626051,159647559.20533565,13.986998049560485,226.37638800471015,130-164,2.5791075477471926e-05,19.77347129264725,26.540750462004425,304.4387942266013,6.059821186880906,0.0,0.0077108767102207305,2.8824676685472217e-05,5.1244620231203405e-05,2.9880275191869118e-05,24.69863216474452,78.06216119620275,78.14368341687997,26.56846761565412,19.794121211450065,24.724425549284554
as built,ATOMKI 2016 anomaly,1.0,MM 3° + TOF,9–14,9,14,16.7,0.9989567650626051,159647559.20533565,9.745892106783971,150.683438682818,130-162,3.4753744983308615e-05,35.904363566137,75.68004697405433,278.0204405124722,5.938608318616887,0.0,0.0016827121869443832,3.722156065209999e-05,6.724072914962904e-05,5.045668221561132e-05,41.18444046902373,134.40296244273992,134.54332273761298,75.75908149469454,35.94185936954624,41.227450385645746
as built,ATOMKI 2016 anomaly,1.0,MM 3° + TOF,9–15,9,15,16.7,0.9989567650626051,159647559.20533565,13.143010603916814,211.368073374038,130-164,2.6443446027581294e-05,20.78643988744366,48.35231309896384,278.0204405124722,5.93860831861689,0.0,0.0023033434546273534,2.946466136978444e-05,5.669171461479596e-05,4.033077996579218e-05,25.807558550418168,95.53955130694023,95.6393255927875,48.40280859996336,20.80814767407973,25.8345100138551
as built,ATOMKI 2016 anomaly,1.0,MM 3° + TOF,9–16,9,16,16.7,0.9989567650626051,159647559.20533565,13.560862621716407,216.29186208611645,130-164,2.56472918051459e-05,19.553614058808083,40.22388044503211,278.0204405124722,5.93860831861689,0.0,0.0029787081276032253,2.869836593147377e-05,5.089152375643046e-05,3.678493357573016e-05,24.482645872080088,76.99010672566368,77.07050937368513,40.26588722537082,19.5740343753342,24.508213696861795
as built,ATOMKI 2016 anomaly,1.0,MM 3° + TOF,9–17,9,17,16.7,0.9989567650626051,159647559.20533565,13.560862621716407,216.29186208611645,130-164,2.56458156777717e-05,19.551363310887062,40.21754224808965,278.0204405124722,5.93860831861689,0.0,0.0036735597804027193,2.869838586245331e-05,5.089138798966514e-05,3.678203530564528e-05,24.48267987842628,76.98969594276556,77.07009816179641,40.25954240929456,19.57178127690218,24.508247738721643
as built,ATOMKI 2016 anomaly,1.0,MM 3° + TOF,9–18,9,18,16.7,0.9989567650626051,159647559.20533565,13.560862621716407,216.29186208611645,130-164,2.5645836062885406e-05,19.551394392520614,40.21759647345703,278.0204405124722,5.93860831861689,0.0,0.004416576082455417,2.8698407174962267e-05,5.0891427769335746e-05,3.678206010227125e-05,24.482716241971627,76.9898163020665,77.0702186467915,40.25959669129081,19.57181239099504,24.508284140242328
as built,ATOMKI 2016 anomaly,1.0,MM 3° + TOF,9–20,9,20,16.7,0.9989567650626051,159647559.20533565,13.560862621716407,216.29186208611645,130-164,2.564587261626023e-05,19.55145012632124,40.21769258044332,278.0204405124722,5.93860831861689,0.0,0.005722984977704771,2.8698444647656584e-05,5.0891498352764476e-05,3.678210405083039e-05,24.482780178198837,76.99002986294379,77.07043243069562,40.259692898643976,19.571868182999832,24.5083481432397
as built,ATOMKI 2016 anomaly,1.0,MM 3° + TOF,> 9,9,99,16.7,0.9989567650626051,159647559.20533565,13.560862621716407,216.29186208611645,130-164,2.5645931213886474e-05,19.551539471682418,40.21782860195621,278.0204405124722,5.93860831861689,0.0,0.007585896048342147,2.8698498082830496e-05,5.08916023989373e-05,3.678216625172866e-05,24.482871349887798,76.99034467097268,77.07074756748622,40.259829062207444,19.571957621666552,24.508439410141484
as built,ATOMKI 2016 anomaly,1.0,MM 3° + TOF,10–14,10,14,16.7,0.9989567650626051,159647559.20533565,8.90006390335263,134.46972348527555,130-160,3.451246262403219e-05,35.40755280544646,175.09232229018625,226.44549631734137,0.09451917672055288,0.0,0.0015056976280475914,3.714637922023991e-05,7.99160344453391e-05,7.674702418883658e-05,41.01823689577501,189.85055176779503,190.04881733384826,175.27517547690178,35.44452977724962,41.061073241947945
as built,ATOMKI 2016 anomaly,1.0,MM 3° + TOF,10–15,10,15,16.7,0.9989567650626051,159647559.20533565,12.29718240048547,195.1543581764956,130-162,2.5925957567157074e-05,19.98083459494736,74.90896839344022,226.44549631734137,0.09451917672055556,0.0,0.002126328895730562,2.9056522178336277e-05,5.7444073806868726e-05,5.01989810330382e-05,25.097547000598926,98.0922002238104,98.19464030323965,74.98719765789427,20.00170106830915,25.123756981640792
as built,ATOMKI 2016 anomaly,1.0,MM 3° + TOF,10–16,10,16,16.7,0.9989567650626051,159647559.20533565,12.715034418285066,200.07814688857403,130-162,2.5120336756671373e-05,18.758362626889856,56.54621791018263,226.44549631734137,0.09451917672055556,0.0,0.002801693568706434,2.8265248276602146e-05,5.0742670190650083e-05,4.361438719618268e-05,23.749234843577895,76.54038579301691,76.6203187864893,56.60527050601519,18.77795244293106,23.774036749317695
as built,ATOMKI 2016 anomaly,1.0,MM 3° + TOF,10–17,10,17,16.7,0.9989567650626051,159647559.20533565,12.715034418285066,200.07814688857403,130-162,2.5118777989946814e-05,18.75603471189763,56.53806656743451,226.44549631734137,0.09451917672055556,0.0,0.0034965452215059275,2.826527129486442e-05,5.074296840637557e-05,4.361124349670045e-05,23.74927352474098,76.54128545453116,76.62121938754204,56.59711065062084,18.775622096840376,23.774075470876458
as built,ATOMKI 2016 anomaly,1.0,MM 3° + TOF,10–18,10,18,16.7,0.9989567650626051,159647559.20533565,12.715034418285066,200.07814688857403,130-162,2.5118801231045143e-05,18.756069419879754,56.53816550120541,226.44549631734137,0.09451917672055556,0.0,0.0042395615235586255,2.8265295908650157e-05,5.074302082922307e-05,4.361128165349592e-05,23.749314887144926,76.54144360508224,76.6213777032536,56.597209687710695,18.775656841068894,23.774116876476175
as built,ATOMKI 2016 anomaly,1.0,MM 3° + TOF,10–20,10,20,16.7,0.9989567650626051,159647559.20533565,12.715034418285066,200.07814688857403,130-162,2.5118842928473236e-05,18.75613169040755,56.53834276911677,226.44549631734137,0.09451917672055556,0.0,0.00554597041880798,2.826533918580294e-05,5.0743116141550084e-05,4.361135002213401e-05,23.74938761261852,76.54173114610107,76.62166554455854,56.59738714074726,18.775719176627323,23.774189677898757
as built,ATOMKI 2016 anomaly,1.0,MM 3° + TOF,> 10,10,99,16.7,0.9989567650626051,159647559.20533565,12.715034418285066,200.07814688857403,130-162,2.5118908851696053e-05,18.7562301397091,56.538596473937815,226.44549631734137,0.09451917672055556,0.0,0.007408881489445355,2.8265400897980165e-05,5.074326645944623e-05,4.361144787075142e-05,23.749491317584358,76.54218463062902,76.62211950267145,56.597641110518445,18.77581772874188,23.774293491166222
as built,ATOMKI 2016 anomaly,1.0,MM 3° + TOF,11–14,11,14,16.7,0.9989567650626051,159647559.20533565,7.6538708811044955,115.29583579491432,130-160,3.462658085000658e-05,35.64209575987046,80.46922428465923,152.92920993170273,0.09446293942016747,0.0,0.0012878400710154168,3.723876624801423e-05,7.434638955655215e-05,5.202869117069866e-05,41.222524128247436,164.30991795762796,164.481510816267,80.55326026008362,35.67931767060684,41.265573816564526
as built,ATOMKI 2016 anomaly,1.0,MM 3° + TOF,11–15,11,15,16.7,0.9989567650626051,159647559.20533565,11.050989378237336,175.98047048613432,130-162,2.5442365835132202e-05,19.24238939621588,44.06800532539641,152.92920993170273,0.09446293942017014,0.0,0.0019084713386983878,2.855946253177318e-05,5.8325496150306184e-05,3.850256743577414e-05,24.24622176289405,101.12554997560588,101.23115785623443,44.114026619194725,19.262484693228892,24.271542684206683
as built,ATOMKI 2016 anomaly,1.0,MM 3° + TOF,11–16,11,16,16.7,0.9989567650626051,159647559.20533565,11.468841396036932,180.9042591982128,130-164,2.4601728052218153e-05,17.99182589641194,34.83957779594821,152.92920993170273,0.09446293942017014,0.0,0.002583836011674259,2.772411908498926e-05,5.113584096062268e-05,3.423453515173965e-05,22.848596285334885,77.73110079518717,77.8122772814054,34.87596161758292,18.01061519943196,22.872457632240923
as built,ATOMKI 2016 anomaly,1.0,MM 3° + TOF,11–17,11,17,16.7,0.9989567650626051,159647559.20533565,11.468841396036932,180.9042591982128,130-164,2.4600078821348027e-05,17.98941373414196,34.83356597431752,152.92920993170273,0.09446293942017014,0.0,0.003278687664473753,2.7724147929522823e-05,5.11360993934441e-05,3.423158131573886e-05,22.848643829312262,77.7318864796728,77.8130637864005,34.86994351766013,18.008200518082035,22.872505225869638
as built,ATOMKI 2016 anomaly,1.0,MM 3° + TOF,11–18,11,18,16.7,0.9989567650626051,159647559.20533565,11.468841396036932,180.9042591982128,130-164,2.4600107857742267e-05,17.989456201324398,34.8336334823305,152.92920993170273,0.09446293942017014,0.0,0.004021703966526451,2.772417877342382e-05,5.1136158379675145e-05,3.423161448640128e-05,22.848694668869317,77.7320658094893,77.81324330349551,34.87001109617337,18.00824302961399,22.872556118519682
as built,ATOMKI 2016 anomaly,1.0,MM 3° + TOF,11–20,11,20,16.7,0.9989567650626051,159647559.20533565,11.468841396036932,180.9042591982128,130-164,2.4600159924051356e-05,17.989532351037525,34.83375447440419,152.92920993170273,0.09446293942017014,0.0,0.0053281128617758055,2.7724233004649575e-05,5.113626481052605e-05,3.423167393685207e-05,22.848784057553527,77.7323893808634,77.8135672127831,34.87013221460204,18.008319258852122,22.872645600554677
as built,ATOMKI 2016 anomaly,1.0,MM 3° + TOF,> 11,11,99,16.7,0.9989567650626051,159647559.20533565,11.468841396036932,180.9042591982128,130-164,2.4600243389925298e-05,17.989654424600573,34.83393135468672,152.92920993170273,0.09446293942017014,0.0,0.007191023932413179,2.77243103370311e-05,5.113643088065015e-05,3.423176084824825e-05,22.848911523900394,77.73289426906986,77.81407262825664,34.87030927960497,18.008441459899572,22.87277320001776
as built,ATOMKI 2016 anomaly,1.0,MM 3° + TOF,12–15,12,15,16.7,0.9989567650626051,159647559.20533565,9.294906448806433,147.78794169449574,130-164,2.188069540101866e-05,14.232010440908416,59.4075341891287,28.467119818752664,0.002587176468390731,0.0,0.0015760911869025281,2.4853076297023618e-05,5.0050616854331785e-05,4.470424420703575e-05,18.361337735602763,74.4668325653722,74.54460009658709,59.46957492740499,14.246873276859473,18.380512928857385
as built,ATOMKI 2016 anomaly,1.0,MM 3° + TOF,12–16,12,16,16.7,0.9989567650626051,159647559.20533565,9.71275846660603,152.71173040657422,130-164,2.1177200375666787e-05,13.33156408297091,45.4399783587636,28.467119818752664,0.002587176468390731,0.0,0.0022514558598784,2.4113830733454382e-05,4.417623389689352e-05,3.909732563729657e-05,17.28528039957459,58.012474474228405,58.073058317586685,45.48743243749478,13.345486560807679,17.303331839883292
as built,ATOMKI 2016 anomaly,1.0,MM 3° + TOF,12–17,12,17,16.7,0.9989567650626051,159647559.20533565,9.71275846660603,152.71173040657422,130-164,2.1175564306551912e-05,13.329504271727565,45.431821620021125,28.467119818752664,0.002587176468390731,0.0,0.0029463075126778936,2.4113876972492734e-05,4.417666018490922e-05,3.909381638184626e-05,17.285346689789396,58.01359408718618,58.0741790997836,45.479267180470906,13.343424598453165,17.30339819932659
as built,ATOMKI 2016 anomaly,1.0,MM 3° + TOF,12–18,12,18,16.7,0.9989567650626051,159647559.20533565,9.71275846660603,152.71173040657422,130-164,2.117560997249615e-05,13.329561762998763,45.43199908552584,28.467119818752664,0.002587176468390731,0.0,0.0036893238147305916,2.4113926416558946e-05,4.417675802988657e-05,3.9093892735785334e-05,17.28541757500652,58.013851071080474,58.07443635205245,45.479444831307184,13.343482149763902,17.303469158570877
as built,ATOMKI 2016 anomaly,1.0,MM 3° + TOF,12–20,12,20,16.7,0.9989567650626051,159647559.20533565,9.71275846660603,152.71173040657422,130-164,2.1175691857798655e-05,13.329664853045191,45.432316954067325,28.467119818752664,0.002587176468390731,0.0,0.004995732709979947,2.4114013351374602e-05,4.417693562724306e-05,3.909402949728801e-05,17.285542208985508,58.01431752121215,58.07490328930938,45.47976303180655,13.343585347469782,17.30359392270817
as built,ATOMKI 2016 anomaly,1.0,MM 3° + TOF,> 12,12,99,16.7,0.9989567650626051,159647559.20533565,9.71275846660603,152.71173040657422,130-164,2.1175823125270533e-05,13.329830113934074,45.43278313099627,28.467119818752664,0.002587176468390731,0.0,0.00685864378061732,2.4114137318015438e-05,4.417722841517742e-05,3.909423006693846e-05,17.285719934366963,58.01508651744229,58.075673088621066,45.48022969557544,13.343750780944646,17.30377183369258
as built,ATOMKI 2016 anomaly,1.0,MM 3° + TOF,13–16,13,16,16.7,0.9989567650626051,159647559.20533565,7.17159234073668,116.8792284723493,130-164,2.271510688821549e-05,15.338171252766195,23.037458777216493,0.39912123170394126,0.001411965957665818,0.0,0.0018755728694747741,2.6275359307790425e-05,4.5334842755915235e-05,2.7838464635564276e-05,20.52302338744022,61.09536170343519,61.159165081189784,23.061517357833523,15.354189279457898,20.54445608179452
as built,ATOMKI 2016 anomaly,1.0,MM 3° + TOF,13–17,13,17,16.7,0.9989567650626051,159647559.20533565,7.17159234073668,116.8792284723493,130-164,2.2712819440383674e-05,15.335082251232773,23.033841559708247,0.39912123170394126,0.001411965957665818,0.0,0.002570424522274268,2.6275437143716958e-05,4.533756460874881e-05,2.7836279026992554e-05,20.52314497899586,61.1026981168987,61.166509156248985,23.057896362776727,15.351097052004764,20.54457780033119
as built,ATOMKI 2016 anomaly,1.0,MM 3° + TOF,13–18,13,18,16.7,0.9989567650626051,159647559.20533565,7.17159234073668,116.8792284723493,130-164,2.2712892305954334e-05,15.335180645121268,23.033965817656473,0.39912123170394126,0.001411965957665818,0.0,0.003313440824326966,2.6275520374698442e-05,4.533772540530548e-05,2.7836354109436885e-05,20.523274998846404,61.10313153765998,61.16694302964215,23.05802075049056,15.351195548648398,20.54470795596464
as built,ATOMKI 2016 anomaly,1.0,MM 3° + TOF,13–20,13,20,16.7,0.9989567650626051,159647559.20533565,7.17159234073668,116.8792284723493,130-164,2.271302296372638e-05,15.335357079392443,23.03419049481378,0.39912123170394126,0.001411965957665818,0.0,0.004619849719576321,2.6275666714986342e-05,4.533801627835299e-05,2.783648986933402e-05,20.523503606332973,61.10391557836506,61.167727889140075,23.05824566228371,15.35137216717419,20.54493680219159
as built,ATOMKI 2016 anomaly,1.0,MM 3° + TOF,> 13,13,99,16.7,0.9989567650626051,159647559.20533565,7.17159234073668,116.8792284723493,130-164,2.2713232416128736e-05,15.335639916441174,23.03454469776041,0.39912123170394126,0.001411965957665818,0.0,0.0064827607902136946,2.6275875391689087e-05,4.53385099694875e-05,2.7836703893109546e-05,20.523829595706662,61.10524632144225,61.16906002194475,23.058600235133124,15.351655299596557,20.54526313200394
"as built, LS off",ATOMKI 2016 anomaly,1.0,trigger,0–14,0,14,16.7,0.9989567650626051,159647559.20533565,18.012735331180387,302.2680939609277,132-178,0.00019169885688806739,1092.4034403148553,1749.2722781405557,447.03573745804755,31.876585203129693,77229.21741554134,0.009617948979766,0.0002698024279773169,0.00031609060361813523,0.00024258095439800773,2163.8926915117504,2970.073415448189,2973.1751356246664,1751.099085885792,1093.5442638965399,2166.1524974768436
"as built, LS off",ATOMKI 2016 anomaly,1.0,trigger,0–15,0,15,16.7,0.9989567650626051,159647559.20533565,18.284247104860743,303.889944112358,132-178,0.0001912867044513249,1087.711156356971,1765.4420829897897,447.03573745804755,31.876585203129693,78787.17708356518,0.014819412372142413,0.0002684397523073051,0.0003098769465285812,0.00024369955205493616,2142.089792473463,2854.4507131354685,2857.4316857012113,1767.2857772569853,1088.8470796719653,2144.326829138814
"as built, LS off",ATOMKI 2016 anomaly,1.0,trigger,0–16,0,16,16.7,0.9989567650626051,159647559.20533565,18.437950380130637,305.25448120977046,132-178,0.00019093405564787956,1083.7043283634828,1772.8264890566243,447.03573745804755,31.876585203129693,79785.46122951161,0.021467788923501378,0.00026786893042014955,0.00030677454588128223,0.0002442086875847476,2132.989413924938,2797.58091559652,2800.502497644324,1774.6778950393518,1084.8360672501842,2135.2169468428024
"as built, LS off",ATOMKI 2016 anomaly,1.0,trigger,0–17,0,17,16.7,0.9989567650626051,159647559.20533565,18.437950380130637,305.25448120977046,132-178,0.0001917270791855782,1092.7251157263072,1787.3296279407257,447.03573745804755,31.876585203129693,80453.0249772674,0.02955796893590888,0.0002689763751489984,0.0003080232664164442,0.0002452055641373703,2150.662615585455,2820.402278652073,2823.3476936064567,1789.1961799054566,1093.866275241477,2152.908605059271
"as built, LS off",ATOMKI 2016 anomaly,1.0,trigger,0–18,0,18,16.7,0.9989567650626051,159647559.20533565,18.437950380130637,305.25448120977046,132-178,0.000192309341121146,1099.3722557208469,1797.691160344737,447.03573745804755,31.876585203129693,80948.04082838284,0.0393520338504215,0.000269794645251745,0.00030890689290298827,0.0002459152915822783,2163.767853939207,2836.607267627177,2839.5696058471613,1799.5685331107145,1100.5203570065905,2166.027529533375
"as built, LS off",ATOMKI 2016 anomaly,1.0,trigger,0–20,0,20,16.7,0.9989567650626051,159647559.20533565,18.437950380130637,305.25448120977046,132-178,0.00019294466166865424,1106.6481113683546,1809.0309187381267,447.03573745804755,31.876585203129693,81458.612752169,0.06434000258607896,0.0002706360624382889,0.0003099081222990045,0.0002466896838263623,2177.285323784227,2855.0250971133983,2858.006669522352,1810.9201338906332,1107.803811007777,2179.5591160021577
"as built, LS off",ATOMKI 2016 anomaly,1.0,trigger,none,0,99,16.7,0.9989567650626051,159647559.20533565,18.437950380130637,305.25448120977046,132-178,0.00019343086603804507,1112.2324594598138,1818.0220697518357,447.03573745804755,31.876585203129693,81842.51502352103,0.2109382788258219,0.00027126722019251196,0.0003107214836515904,0.0002473019660788239,2187.452578804184,2870.030927545944,2873.0281709099568,1819.9206745828478,1113.3939909702794,2189.736988934747
"as built, LS off",ATOMKI 2016 anomaly,1.0,trigger,6–14,6,14,16.7,0.9989567650626051,159647559.20533565,17.97039790206413,300.65276307297,132-178,0.00019207766746367967,1096.7250397826372,1771.9539985092415,441.69608098317286,31.876585200573953,77201.89474018523,0.00958734713236846,0.0002703786484271605,0.0003109150986937703,0.0002441485869503465,2173.145467458325,2873.6087573054974,2876.609737084474,1773.8044933287902,1097.8703765161497,2175.414936323228
"as built, LS off",ATOMKI 2016 anomaly,1.0,trigger,6–15,6,15,16.7,0.9989567650626051,159647559.20533565,18.241909675744477,302.27461322440035,132-178,0.00019166039940739493,1091.9651813615383,1789.6589730608862,441.69608098317286,31.876585200573953,78759.85440820908,0.014788810524744875,0.0002690048103337582,0.0003050172274071626,0.0002453652947214993,2151.1173597711418,2765.6215521745758,2768.509758278931,1791.5279576175926,1093.1055472586986,2153.3638241454123
"as built, LS off",ATOMKI 2016 anomaly,1.0,trigger,6–16,6,16,16.7,0.9989567650626051,159647559.20533565,18.395612951014375,303.63915032181274,132-178,0.0001913041695342359,1087.909788382392,1798.2412369988108,441.69608098317286,31.876585200573953,79758.1385541555,0.021437187076103835,0.0002684283111522412,0.00030202241992464024,0.00024595291259230903,2141.9072005958506,2711.579730592619,2714.4114995033674,1800.1191842232672,1089.0459191336595,2144.144046576046
"as built, LS off",ATOMKI 2016 anomaly,1.0,trigger,6–17,6,17,16.7,0.9989567650626051,159647559.20533565,18.395612951014375,303.63915032181274,132-178,0.0001920990364464208,1096.969078586305,1813.0157228452297,441.69608098317286,31.876585200573953,80425.70230191131,0.02952736708851134,0.0002695385398820552,0.0003032475381190708,0.000246961229581717,2159.661845474145,2733.6227519404665,2736.4775409165472,1814.9090994259468,1098.1146701754978,2161.917233063433
"as built, LS off",ATOMKI 2016 anomaly,1.0,trigger,6–18,6,18,16.7,0.9989567650626051,159647559.20533565,18.395612951014375,303.63915032181274,132-178,0.00019268265915615951,1103.6446831001408,1823.5998687584938,441.69608098317286,31.876585200573953,80920.71815302676,0.039321432003023966,0.00027035886578987746,0.000304110607056087,0.0002476810440567379,2172.827476551396,2749.205152319314,2752.076214376525,1825.50429862118,1104.7972461860998,2175.096613330632
"as built, LS off",ATOMKI 2016 anomaly,1.0,trigger,6–20,6,20,16.7,0.9989567650626051,159647559.20533565,18.395612951014375,303.63915032181274,132-178,0.00019331946368340866,1110.9516955660154,1835.1937645028293,441.69608098317286,31.876585200573953,81431.29007681289,0.06430940073868141,0.0002712023958472509,0.0003050920922139021,0.00024846713713864695,2186.407238801693,2766.9793320884705,2769.8689561555375,1837.1103021538843,1112.1118895434793,2188.690557258171
"as built, LS off",ATOMKI 2016 anomaly,1.0,trigger,> 6,6,99,16.7,0.9989567650626051,159647559.20533565,18.395612951014375,303.63915032181274,132-178,0.0001938068031719985,1116.5599570674724,1844.3895157413772,441.69608098317286,31.876585200573953,81815.19234816493,0.21090767697842436,0.00027183513777447857,0.00030588920138266873,0.00024908886628980417,2196.621347469374,2781.4567039990147,2784.3614471390056,1846.3156567399474,1117.7260078893376,2198.915332768892
"as built, LS off",ATOMKI 2016 anomaly,1.0,trigger,8–14,8,14,16.7,0.9989567650626051,159647559.20533565,16.338566123300506,222.34271428839287,132-178,0.00020143706115647716,1206.2095602662994,1338.0127811545249,304.9372388559809,14.8952619736802,67896.2976555384,0.009232733170264096,0.000278602810106098,0.0003857697776250375,0.0002121573707370032,2307.3580796377673,4423.850217861797,4428.470152644246,1339.4101005669359,1207.4692343574104,2309.7677100101164
"as built, LS off",ATOMKI 2016 anomaly,1.0,trigger,8–15,8,15,16.7,0.9989567650626051,159647559.20533565,16.61007789698086,223.96456443982316,132-178,0.00020097205653979826,1200.647072230555,1350.6856501094755,304.9372388559809,14.895261973680201,69454.2573235622,0.014434196562640512,0.00027715365374260213,0.00037579360967966756,0.00021315971774630112,2283.4169971127876,4198.003480263803,4202.387557784557,1352.0962041083203,1201.900937279613,2285.8016252281795
"as built, LS off",ATOMKI 2016 anomaly,1.0,trigger,8–16,8,16,16.7,0.9989567650626051,159647559.20533565,16.763781172250752,225.32910153723554,132-178,0.00020056981106511253,1195.8456929457468,1353.267138556543,304.9372388559809,14.895261973680201,70452.54146950867,0.02108257311399947,0.0002765664397015332,0.00037074368313866,0.00021336332051466136,2273.7513546130144,4085.935748728273,4090.2027911810633,1354.6803884667952,1197.094543797201,2276.1258886619758
"as built, LS off",ATOMKI 2016 anomaly,1.0,trigger,8–17,8,17,16.7,0.9989567650626051,159647559.20533565,16.763781172250752,225.32910153723554,132-178,0.0002015003476508772,1206.9676011719491,1365.9413641916349,304.9372388559809,14.895261973680201,71120.10521726447,0.02917275312640698,0.00027786363616660853,0.0003724715861294957,0.0002143601350330947,2295.1308056994467,4124.110656177833,4128.417565618442,1367.3678501051352,1208.228066903684,2297.527666831116
"as built, LS off",ATOMKI 2016 anomaly,1.0,trigger,8–18,8,18,16.7,0.9989567650626051,159647559.20533565,16.763781172250752,225.32910153723554,132-178,0.00020218325698991786,1215.162586416503,1375.2326310073931,304.9372388559809,14.895261973680201,71615.12106837989,0.038966818040919594,0.0002788216515549468,0.00037369250429935186,0.0002150879487723306,2310.9843452981017,4151.1916697241695,4155.526860528355,1376.6688200176577,1216.431610371394,2313.3977626682085
"as built, LS off",ATOMKI 2016 anomaly,1.0,trigger,8–20,8,20,16.7,0.9989567650626051,159647559.20533565,16.763781172250752,225.32910153723554,132-178,0.00020292812438954465,1224.1326893061384,1385.3157405418317,304.9372388559809,14.895261973680201,72125.69299216603,0.06395478677657705,0.0002798063653022994,0.000375088834271087,0.00021587501363480496,2327.336565507842,4182.272104484035,4186.639753345011,1386.7624595895431,1225.4110809584652,2329.767059900722
"as built, LS off",ATOMKI 2016 anomaly,1.0,trigger,> 8,8,99,16.7,0.9989567650626051,159647559.20533565,16.763781172250752,225.32910153723554,132-178,0.00020349797396757065,1231.0174021672428,1393.1210059871967,304.9372388559809,14.895261973680201,72509.59526351807,0.21055306301631993,0.0002805447467621995,0.00037624234817063056,0.00021648231022743938,2339.6359969044784,4208.035212751188,4212.429766655085,1394.5758762641635,1232.3029836932876,2342.0793358938336
"as built, LS off",ATOMKI 2016 anomaly,1.0,trigger,9–14,9,14,16.7,0.9989567650626051,159647559.20533565,12.662572821336658,152.09067744387949,130-176,0.0002216886010202674,1460.9344774769113,1898.068899193357,201.05211068732277,14.764534929966743,39401.195655080795,0.008844591904982834,0.0002740313424283877,0.0003486912517425845,0.0002526876288401641,2232.2585206035756,3614.315964381998,3618.0904827802906,1900.051098882547,1462.4601670176926,2234.5897226730117
"as built, LS off",ATOMKI 2016 anomaly,1.0,trigger,9–15,9,15,16.7,0.9989567650626051,159647559.20533565,12.934084595017012,153.7125275953098,130-176,0.00022162139608217088,1460.048846653105,1768.8677428520095,201.05211068732277,14.764534929966747,40959.15532310462,0.014046055297359248,0.00027348871825839705,0.000337460969245464,0.0002439358745029964,2223.4268434786227,3385.2528467326983,3388.7881489250867,1770.7150146194301,1461.573611307996,2225.7488224120284
"as built, LS off",ATOMKI 2016 anomaly,1.0,trigger,9–16,9,16,16.7,0.9989567650626051,159647559.20533565,13.08778787028691,155.0770646927222,130-176,0.00022139112926162244,1457.0164124773014,1719.5212041496586,201.05211068732277,14.764534929966747,41957.43946905108,0.020694431848718213,0.00027352604801203576,0.00033056898225003673,0.00024050923746832373,2224.033856750371,3248.3903693764887,3251.7827427425354,1721.31694212201,1458.5380102871513,2226.3564696025555
"as built, LS off",ATOMKI 2016 anomaly,1.0,trigger,9–17,9,17,16.7,0.9989567650626051,159647559.20533565,13.08778787028691,155.0770646927222,130-176,0.0002230763738395338,1479.282656521862,1745.917089588136,201.05211068732277,14.764534929966747,42625.00321680688,0.028784611861125717,0.00027567453643904163,0.00033314373989051056,0.00024234820175471675,2259.1096920594673,3299.189994894059,3302.635419549211,1747.7403934280564,1480.8275075139559,2261.4689354627753
"as built, LS off",ATOMKI 2016 anomaly,1.0,trigger,9–18,9,18,16.7,0.9989567650626051,159647559.20533565,13.08778787028691,155.0770646927222,130-176,0.00022431210251773776,1495.7169838266375,1764.9847078566213,201.05211068732277,14.764534929966747,43120.01906792229,0.03857867677563834,0.00027725695865846037,0.00033494433119600367,0.00024366798224694346,2285.1195340231625,3334.9496135653444,3338.432382863278,1766.8279244757994,1497.2789975879489,2287.505940139414
"as built, LS off",ATOMKI 2016 anomaly,1.0,trigger,9–20,9,20,16.7,0.9989567650626051,159647559.20533565,13.08778787028691,155.0770646927222,130-176,0.0002256509545227207,1513.6252460468177,1786.8117636457964,201.05211068732277,14.764534929966747,43630.590991708465,0.06356664551129577,0.00027887974978265474,0.0003370171522191304,0.00024517003839997375,2311.9475279083267,3376.3543665247475,3379.880375817015,1788.6777747922015,1515.205961843562,2314.3619511535476
"as built, LS off",ATOMKI 2016 anomaly,1.0,trigger,> 9,9,99,16.7,0.9989567650626051,159647559.20533565,13.08778787028691,155.0770646927222,130-176,0.00022666965109570636,1527.3225543355898,1803.8179177251513,201.05211068732277,14.764534929966747,44014.4932630605,0.2101649217510387,0.0002800941475646522,0.00033869356175636754,0.0002463339902495677,2332.1263822820797,3410.0276092513177,3413.5887843330333,1805.7016888134344,1528.9175745657737,2334.5618787975513
"as built, LS off",ATOMKI 2016 anomaly,1.0,trigger,10–14,10,14,16.7,0.9989567650626051,159647559.20533565,7.136617942771076,81.65760106979779,130-174,0.0003127100127967128,2906.883237316298,5024.759954756111,105.05391101337024,6.0216214989078685,20577.555729937416,0.008183890010168346,0.00035138090301128,0.0004420641899697892,0.0004111361391047929,3670.2895065702305,5809.178003972824,5815.244670382466,5030.007434246873,2909.9189664470837,3674.122479505118
"as built, LS off",ATOMKI 2016 anomaly,1.0,trigger,10–15,10,15,16.7,0.9989567650626051,159647559.20533565,7.4081297164514295,83.27945122122813,130-174,0.0003121774718568114,2896.990901751197,4596.393083678611,105.05391101337024,6.021621498907871,22135.51539796125,0.013385353402544762,0.00035098123780894457,0.00043163188383247756,0.00039322088364550085,3661.9449849553766,5538.230771128818,5544.014480728537,4601.193209188141,2900.016300074449,3665.769243502626
"as built, LS off",ATOMKI 2016 anomaly,1.0,trigger,10–16,10,16,16.7,0.9989567650626051,159647559.20533565,7.561832991721324,84.6439883186405,130-174,0.0003113444793312145,2881.551272592897,4390.320501708403,105.05391101337024,6.021621498907871,23133.799543907706,0.020033729953903723,0.0003514594671751235,0.00042644264992807584,0.0003843050632992892,3671.9309472955324,5405.8660427372,5411.511520619625,4394.905420589708,2884.56054693449,3675.765634427042
"as built, LS off",ATOMKI 2016 anomaly,1.0,trigger,10–17,10,17,16.7,0.9989567650626051,159647559.20533565,7.561832991721324,84.6439883186405,130-174,0.0003156367838270651,2961.5511089385677,4513.611337948211,105.05391101337024,6.021621498907871,23801.363291663492,0.02812390996631123,0.0003564524847676585,0.00043244180365863935,0.00038966381075046963,3777.0027912318014,5559.034291068287,5564.839726291757,4518.325012459714,2964.643929062301,3780.947207455064
"as built, LS off",ATOMKI 2016 anomaly,1.0,trigger,10–18,10,18,16.7,0.9989567650626051,159647559.20533565,7.561832991721324,84.6439883186405,130-174,0.0003187716120648976,3020.67005524535,4602.249378557443,105.05391101337024,6.021621498907871,24296.37914277891,0.037917974880823845,0.000360110266640992,0.00043677629578749253,0.00039347130657097786,3854.9168888301533,5671.032478057168,5676.954875721535,4607.055619938685,3023.824614727989,3858.9426726476636
"as built, LS off",ATOMKI 2016 anomaly,1.0,trigger,10–20,10,20,16.7,0.9989567650626051,159647559.20533565,7.561832991721324,84.6439883186405,130-174,0.00032215309458963565,3085.0956109892604,4699.697072339579,105.05391101337024,6.021621498907871,24806.951066565085,0.06290594361648129,0.00036384458238857605,0.0004413938540726601,0.00039761515252000073,3935.2818113411795,5791.573555681233,5797.621837335745,4704.605080726438,3088.3174516525905,3939.3915222092255
"as built, LS off",ATOMKI 2016 anomaly,1.0,trigger,> 10,10,99,16.7,0.9989567650626051,159647559.20533565,7.561832991721324,84.6439883186405,130-174,0.000324706058459152,3134.186218789483,4775.406564550434,105.05391101337024,6.021621498907871,25190.853337917117,0.20950421985622422,0.0003666283098956504,0.00044494858822577464,0.0004008050359357734,3995.7288233335626,5885.233239123363,5891.379331871818,4780.393638208314,3137.4593259729936,3999.9016604919316
"as built, LS off",ATOMKI 2016 anomaly,1.0,trigger,11–14,11,14,16.7,0.9989567650626051,159647559.20533565,3.40264077049583,39.08956198421134,130-168,0.00049302621472149,7225.768382954837,8329.12175691553,49.91578758788201,3.042540861042125,10935.253929470613,0.007267167018686371,0.000536992129814013,0.0006015526469113638,0.0005293313290394198,8571.954443584713,10757.003180917594,10768.236981951313,8337.820062106031,7233.314429280625,8580.906344878204
"as built, LS off",ATOMKI 2016 anomaly,1.0,trigger,11–15,11,15,16.7,0.9989567650626051,159647559.20533565,3.674152544176185,40.71141213564168,130-174,0.00048642234643617296,7033.492839253038,7496.414634913571,49.91578758788201,3.042540861042127,12493.213597494449,0.01246863041106278,0.0005313141514272861,0.0005838708487948549,0.000502174659175961,8391.6387487187,10133.922951023314,10144.50605416163,7504.243323727595,7040.838087534495,8400.402341929976
"as built, LS off",ATOMKI 2016 anomaly,1.0,trigger,11–16,11,16,16.7,0.9989567650626051,159647559.20533565,3.8278558194460794,42.07594923305407,130-174,0.00048064068839136014,6867.285117042823,7139.346092172991,49.91578758788201,3.042540861042127,13491.497743440901,0.019117006962421745,0.0005298443296896194,0.0005747338895573113,0.0004900689773294158,8345.273891327051,9819.23435807597,9829.488824234144,7146.801885590679,6874.456790542328,8353.989064585841
"as built, LS off",ATOMKI 2016 anomaly,1.0,trigger,11–17,11,17,16.7,0.9989567650626051,159647559.20533565,3.8278558194460794,42.07594923305407,130-174,0.0004920301938171678,7196.602604868004,7482.741463695374,49.91578758788201,3.042540861042127,14159.061491196697,0.027207186974829246,0.0005427051311129313,0.0005884958981914267,0.0005017164765469761,8755.316864931745,10295.10767503371,10305.85910731433,7490.55587328289,7204.118192659709,8764.460256078295
"as built, LS off",ATOMKI 2016 anomaly,1.0,trigger,11–18,11,18,16.7,0.9989567650626051,159647559.20533565,3.8278558194460794,42.07594923305407,130-174,0.000500290347375036,7440.262534977234,7734.289491642414,49.91578758788201,3.042540861042127,14654.077342312112,0.03700125188934187,0.0005520483968103494,0.0005982635991726304,0.0005100798942311399,9059.37670692262,10639.69483040992,10650.806123469343,7742.366598976585,7448.032582782448,9068.837635185206
"as built, LS off",ATOMKI 2016 anomaly,1.0,trigger,11–20,11,20,16.7,0.9989567650626051,159647559.20533565,3.8278558194460794,42.07594923305407,130-174,0.0005091393740283009,7705.79376295868,8009.1033774720345,49.91578758788201,3.042540861042127,15164.649266098291,0.06198922062499932,0.0005615227066874581,0.0006087611833379147,0.000519062845538148,9373.0008955294,11016.354885225272,11027.85953357538,8017.467479656239,7713.841111507718,9382.78934918869
"as built, LS off",ATOMKI 2016 anomaly,1.0,trigger,> 11,11,99,16.7,0.9989567650626051,159647559.20533565,3.8278558194460794,42.07594923305407,130-174,0.0005157801990881206,7908.121693560682,8220.36424963722,49.91578758788201,3.042540861042127,15548.551537450323,0.20858749686474226,0.0005685448459806055,0.0006168081867486432,0.000525864101605915,9608.895418879618,11309.522569564477,11321.333380084476,8228.948976707761,7916.380338107101,9618.930222948562
"as built, LS off",ATOMKI 2016 anomaly,1.0,trigger,12–15,12,15,16.7,0.9989567650626051,159647559.20533565,1.7339938359789409,17.289937583196934,130-178,0.0007845596941848847,18297.67876752318,16774.679648097583,21.917547557674055,3.0249999955707385,7284.8745321315955,0.010981603980138982,0.000858950806504463,0.0008189914337459253,0.0007511991902032395,21932.119143717813,19938.970527622063,19959.793281316313,16792.197855576167,18316.787480163322,21955.023391170806
"as built, LS off",ATOMKI 2016 anomaly,1.0,trigger,12–16,12,16,16.7,0.9989567650626051,159647559.20533565,1.8876971112488359,18.654474680609315,130-178,0.0007537699502006961,16889.68899600356,15748.197668508767,21.917547557674055,3.0249999955707385,8283.158678078045,0.01762998053149795,0.0008411148650337672,0.0007972913407953031,0.0007278525740619696,21030.7436438993,18896.357969892157,18916.091897838956,15764.643895796451,16907.327310551897,21052.70656291245
"as built, LS off",ATOMKI 2016 anomaly,1.0,trigger,12–17,12,17,16.7,0.9989567650626051,159647559.20533565,1.8876971112488359,18.654474680609315,130-178,0.0007828672672521809,18218.821585460693,16997.048841680127,21.917547557674055,3.0249999955707385,8950.72242583384,0.025720160543905447,0.0008741817026647031,0.000828312945303082,0.0007561618365364121,22716.81478221639,20395.43208551327,20416.731533156068,17014.799274736295,18237.84794562046,22740.538506481524
"as built, LS off",ATOMKI 2016 anomaly,1.0,trigger,12–18,12,18,16.7,0.9989567650626051,159647559.20533565,1.8876971112488359,18.654474680609315,130-178,0.0008037090717291122,19201.7916759712,17930.47099275523,21.917547557674055,3.0249999955707385,9445.738276949254,0.03551422545841807,0.0008979158668672728,0.0008504289674690276,0.0007766473100425224,23967.089892152373,21499.09122207005,21521.543247892907,17949.1962213515,19221.844575793843,23992.119309237918
"as built, LS off",ATOMKI 2016 anomaly,1.0,trigger,12–20,12,20,16.7,0.9989567650626051,159647559.20533565,1.8876971112488359,18.654474680609315,130-178,0.000825821703124374,20272.933571677815,18926.948636754587,21.917547557674055,3.0249999955707385,9956.310200735434,0.06050219419407552,0.0009217565581460444,0.000872916325870413,0.0007979364336464555,25256.69299896677,22651.097264301457,22674.752358158265,18946.714511281603,20294.10509113205,25283.06918005998
"as built, LS off",ATOMKI 2016 anomaly,1.0,trigger,> 12,12,99,16.7,0.9989567650626051,159647559.20533565,1.8876971112488359,18.654474680609315,130-178,0.0008423998162437467,21095.049060864985,19673.577471268258,21.917547557674055,3.0249999955707385,10340.21247208747,0.20710047043381843,0.0009392898380104365,0.000889375166277781,0.0008135226770861796,26226.67656925303,23513.323019965235,23537.878557228294,19694.123068514687,21117.07913559497,26254.065727869005
"as built, LS off",ATOMKI 2016 anomaly,1.0,trigger,13–16,13,16,16.7,0.9989567650626051,159647559.20533565,0.8982898003797483,8.346871930080479,130-176,0.0011629692301997874,40205.03657525226,39286.27614563498,6.406096884248326e-05,2.9876782423365755,4885.945792220181,0.01541680285247421,0.0013555356662899886,0.0012306897906638574,0.0011496044230687185,54621.78782949594,45023.70275993605,45070.7221118968,39327.303762913994,40247.02367647772,54678.830696013916
"as built, LS off",ATOMKI 2016 anomaly,1.0,trigger,13–17,13,17,16.7,0.9989567650626051,159647559.20533565,0.8982898003797483,8.346871930080479,130-176,0.0012382068745602774,45575.39429870186,44622.39874545705,6.406096884248326e-05,2.9876782423365755,5553.509539975974,0.023506982864881707,0.0014449745570658762,0.0013120409483783125,0.0012251928394327056,62067.52290629384,51172.75416829552,51226.19512475948,44668.9990058384,45622.98979560505,62132.34153572606
"as built, LS off",ATOMKI 2016 anomaly,1.0,trigger,13–18,13,18,16.7,0.9989567650626051,159647559.20533565,0.8982898003797483,8.346871930080479,130-176,0.0012911971087536396,49559.74951408317,48607.713120969776,6.406096884248326e-05,2.9876782423365755,6048.52539109139,0.033301047779394334,0.0015078747494733681,0.0013696408510915753,0.0012787351052463616,67588.77110878039,55764.44889949034,55822.68507485962,48658.47534244738,49611.505970408274,67659.3557125013
"as built, LS off",ATOMKI 2016 anomaly,1.0,trigger,13–20,13,20,16.7,0.9989567650626051,159647559.20533565,0.8982898003797483,8.346871930080479,130-176,0.0013465677398361222,53901.447026378184,52962.928658236095,6.406096884248326e-05,2.9876782423365755,6559.097314877572,0.05828901651505177,0.0015701157363623905,0.0014285375971623522,0.001334793212472652,73283.69279348428,60663.4859246845,60726.83828401992,53018.23913762362,53957.73762340971,73360.22474295126
"as built, LS off",ATOMKI 2016 anomaly,1.0,trigger,> 13,13,99,16.7,0.9989567650626051,159647559.20533565,0.8982898003797483,8.346871930080479,130-176,0.0013874278493250108,57222.23653634437,56275.055379396836,6.406096884248326e-05,2.9876782423365755,6942.999586229606,0.20488729275479473,0.0016153511900486547,0.001471309051981018,0.0013758971120555888,77567.1660877409,64350.48532821884,64417.68811104249,56333.82479357858,57281.995114931946,77648.17137294199
"as built, LS off",ATOMKI 2016 anomaly,1.0,MM 15°,0–14,0,14,16.7,0.9989567650626051,159647559.20533565,13.135647572766157,218.88939185076157,128-174,0.00014029728524073102,585.1167730653698,617.471654251695,322.1175658635635,14.21519457180253,13363.543001402839,0.002956935113515923,0.00015627811353721995,0.00016478704233608484,0.00014412406616879438,726.0062060271167,807.2166861437163,808.0596822357248,618.1164949746326,585.7278247960013,726.7643920321392
"as built, LS off",ATOMKI 2016 anomaly,1.0,MM 15°,0–15,0,15,16.7,0.9989567650626051,159647559.20533565,13.339971687196796,219.06565046811755,128-174,0.0001396320964074121,579.5815204259461,618.2091558544668,322.1175658635635,14.215194571802531,13607.49363527574,0.004148777136632167,0.00015522811241992226,0.00015915818386231162,0.00014421011061275927,716.283201113318,753.0121132684121,753.7985022016649,618.8547667683329,580.1867915571136,717.0312331469403
"as built, LS off",ATOMKI 2016 anomaly,1.0,MM 15°,0–16,0,16,16.7,0.9989567650626051,159647559.20533565,13.458700564501086,220.42788727962676,128-174,0.00013918111998488227,575.84376219519,615.9489399707962,322.1175658635635,14.215194571802531,13755.685059907568,0.0055785527406761026,0.0001546689467772925,0.00015704158755554056,0.0001439462480949663,711.1320778001468,733.1171290714777,733.8827411870352,616.5921904860361,576.4451298941868,711.8747303899381
"as built, LS off",ATOMKI 2016 anomaly,1.0,MM 15°,0–17,0,17,16.7,0.9989567650626051,159647559.20533565,13.458700564501086,220.42788727962676,128-174,0.00013970486030879004,580.1857310909196,620.3293281895495,322.1175658635635,14.215194571802531,13858.573216428167,0.007079350071196556,0.00015522389493140357,0.00015755492882034156,0.0001444571860458885,716.244279360149,737.9178238877199,738.6884494860739,620.9771532511452,580.7916332140351,716.9922707468342
"as built, LS off",ATOMKI 2016 anomaly,1.0,MM 15°,0–18,0,18,16.7,0.9989567650626051,159647559.20533565,13.458700564501086,220.42788727962676,128-174,0.00014014343797819054,583.8342214134047,624.0965771308227,322.1175658635635,14.215194571802531,13947.505989961459,0.008748590538765087,0.00015570198019556963,0.00015796704124512067,0.00014489516504935862,720.6630985975492,741.7831783512976,742.5578406336831,624.7483364224579,584.443933744035,721.4157046650411
"as built, LS off",ATOMKI 2016 anomaly,1.0,MM 15°,0–20,0,20,16.7,0.9989567650626051,159647559.20533565,13.458700564501086,220.42788727962676,128-174,0.00014056028402955475,587.312528135229,627.5127071379387,322.1175658635635,14.215194571802531,14030.222389865834,0.012318816986889337,0.00015614534435354134,0.00015837378117898712,0.00014529118165986627,724.7731439740191,745.6080429527256,746.3866996345912,628.1680339775387,587.9258729464851,725.5300422622367
"as built, LS off",ATOMKI 2016 anomaly,1.0,MM 15°,none,0,99,16.7,0.9989567650626051,159647559.20533565,13.458700564501086,220.42788727962676,128-174,0.0001408558538946813,589.7851241498157,630.1344808859182,322.1175658635635,14.215194571802531,14089.715394540635,0.02064325180009761,0.00015646348390407295,0.0001586993896862622,0.00014559438154339023,727.7295420749135,748.6770596549376,749.4589213858696,630.7925457078488,590.4010511534536,728.4895278018427
"as built, LS off",ATOMKI 2016 anomaly,1.0,MM 15°,6–14,6,14,16.7,0.9989567650626051,159647559.20533565,13.102513932588215,217.53882078893557,128-174,0.00014060958226469589,587.7245726709951,622.6344313310497,319.2122788818816,14.21519457180253,13358.963347095749,0.0029465359870201355,0.00015662357428932778,0.0001619734341181519,0.00014472533389139758,729.2195012831324,779.8868418557458,780.7012967241579,623.2846636681306,588.3383477904193,729.9810430108373
"as built, LS off",ATOMKI 2016 anomaly,1.0,MM 15°,6–15,6,15,16.7,0.9989567650626051,159647559.20533565,13.306838047018859,217.71507940629152,128-174,0.00013993897376280375,582.1318780554898,623.5099333943148,319.2122788818816,14.215194571802531,13602.913980968648,0.0041383780101363786,0.0001555660782457682,0.00015686795100084067,0.00014482704912889977,719.4056094164231,731.4968505113599,732.260770530461,624.1610800395741,582.7398125873918,720.1569022572639
"as built, LS off",ATOMKI 2016 anomaly,1.0,MM 15°,6–16,6,16,16.7,0.9989567650626051,159647559.20533565,13.42556692432315,219.07731621780061,128-174,0.0001394845159186229,578.3570208398502,621.2893066637168,319.2122788818816,14.215194571802531,13751.10540560048,0.005568153614180314,0.00015500279595179756,0.00015500012376677444,0.00014456891877636575,714.2053137001957,714.1806886954635,714.9265250240388,621.9381342542691,578.961013196206,714.9511757452647
"as built, LS off",ATOMKI 2016 anomaly,1.0,MM 15°,6–17,6,17,16.7,0.9989567650626051,159647559.20533565,13.42556692432315,219.07731621780061,128-174,0.00014000975630598,582.7209233311505,625.7051956710643,319.2122788818816,14.215194571802531,13853.993562121077,0.007068950944700768,0.00015555928487192988,0.00015551320248495277,0.0001450817796360887,719.3427797225396,718.9166512225303,719.6674334323923,626.3586348823125,583.3294730174144,720.0940069487973
"as built, LS off",ATOMKI 2016 anomaly,1.0,MM 15°,6–18,6,18,16.7,0.9989567650626051,159647559.20533565,13.42556692432315,219.07731621780061,128-174,0.00014044959984172488,586.3879338793295,629.5028387644186,319.2122788818816,14.215194571802531,13942.926335654367,0.0087381914122693,0.00015603869652000847,0.00015592663172541246,0.00014552139188461278,723.7834367319649,722.7441879082163,723.4989673080812,630.1602439470614,587.000313114232,724.5393014447477
"as built, LS off",ATOMKI 2016 anomaly,1.0,MM 15°,6–20,6,20,16.7,0.9989567650626051,159647559.20533565,13.42556692432315,219.07731621780061,128-174,0.0001408676481434552,589.8838969520896,632.9423664132172,319.2122788818816,14.215194571802531,14025.642735558744,0.012308417860393548,0.00015648328993073628,0.00015633155800834998,0.0001459184059882119,727.9137939223206,726.5028546170657,727.2615592843355,633.6033635785533,590.4999271065763,728.6739720679521
"as built, LS off",ATOMKI 2016 anomaly,1.0,MM 15°,> 6,6,99,16.7,0.9989567650626051,159647559.20533565,13.42556692432315,219.07731621780061,128-174,0.00014116406995666616,592.3690441953191,635.5862340473126,319.2122788818816,14.215194571802531,14085.135740233542,0.020632852673601827,0.00015680231106970116,0.00015665485902934196,0.0001462228467557365,730.8848025207884,729.5108459424197,730.2726919284648,636.249992268164,592.9876696497421,731.648083363231
"as built, LS off",ATOMKI 2016 anomaly,1.0,MM 15°,8–14,8,14,16.7,0.9989567650626051,159647559.20533565,11.970447893175214,161.46362510859637,128-172,0.00014594954710563213,633.2125535178101,585.3100042864586,222.55109110873374,5.962770368839195,11791.481269771897,0.002823808870667753,0.00016043109497532282,0.0001832780958266635,0.00014032044948686728,765.1051199459289,998.5392511845314,999.5820501019906,585.9212578131717,633.8738328461355,765.9041379012829
"as built, LS off",ATOMKI 2016 anomaly,1.0,MM 15°,8–15,8,15,16.7,0.9989567650626051,159647559.20533565,12.174772007605853,161.6398837259523,128-172,0.00014520274634513238,626.7490352606675,582.1376441023071,222.55109110873374,5.962770368839197,12035.431903644794,0.004015650893783996,0.00015931142232445184,0.00017532394468214974,0.00013993966681252894,754.462820542207,913.7480849854192,914.7023344180006,582.7455846558328,627.4035645790825,755.250724484482
"as built, LS off",ATOMKI 2016 anomaly,1.0,MM 15°,8–16,8,16,16.7,0.9989567650626051,159647559.20533565,12.293500884910143,163.0021205374615,128-172,0.00014469677826198,622.3887526574495,578.8110000813338,222.55109110873374,5.962770368839197,12183.623328276626,0.005445426497827931,0.00015871945661273442,0.00017164028970392887,0.00013953924911198307,748.8664062854245,875.754727991933,876.6693000342702,579.4154665392945,623.0387284262938,749.6484657556654
"as built, LS off",ATOMKI 2016 anomaly,1.0,MM 15°,8–17,8,17,16.7,0.9989567650626051,159647559.20533565,12.293500884910143,163.0021205374615,128-172,0.00014530653021441314,627.6452949747967,583.6022493847945,222.55109110873374,5.962770368839197,12286.511484797224,0.006946223828348386,0.00015936745401607004,0.00017224790504025538,0.00014011559395479324,754.9936206767002,881.9661352781459,882.8871940447519,584.2117194613721,628.3007602791116,755.7820789465142
"as built, LS off",ATOMKI 2016 anomaly,1.0,MM 15°,8–18,8,18,16.7,0.9989567650626051,159647559.20533565,12.293500884910143,163.0021205374615,128-172,0.0001458187170398749,632.0778311282729,587.8078411303488,222.55109110873374,5.962770368839197,12375.444258330514,0.008615464295916917,0.00015992544614090032,0.00017272910276303576,0.0001406195426518837,760.2897836910228,886.9008008716816,887.8270130300374,588.4217032090579,632.737925438305,761.0837728731684
"as built, LS off",ATOMKI 2016 anomaly,1.0,MM 15°,8–20,8,20,16.7,0.9989567650626051,159647559.20533565,12.293500884910143,163.0021205374615,128-172,0.00014630676683021637,636.3159934694203,591.6242548034736,222.55109110873374,5.962770368839197,12458.16065823489,0.01218569074404117,0.00016044270552246652,0.00017321630671637264,0.00014107529880028202,765.2158666875417,891.9110853882424,892.8425299090355,592.2421024561521,636.9805137958518,766.0150002984216
"as built, LS off",ATOMKI 2016 anomaly,1.0,MM 15°,> 8,8,99,16.7,0.9989567650626051,159647559.20533565,12.293500884910143,163.0021205374615,128-172,0.00014664938950532163,639.2997456089042,594.4564393593677,222.55109110873374,5.962770368839197,12517.653662909692,0.020510125557249445,0.0001608137467352312,0.00017360508227393792,0.00014141256881921468,768.7592490791642,895.9192803609022,896.8549107375578,595.0772447315203,639.9673819405377,769.5620831307806
"as built, LS off",ATOMKI 2016 anomaly,1.0,MM 15°,9–14,9,14,16.7,0.9989567650626051,159647559.20533565,9.328040088984375,111.09361060219237,128-160,0.00014874223379639578,657.6769356344132,647.1660884765649,146.76865457693424,5.836530495035384,6693.899385276263,0.0026571985536413163,0.00015559247856236579,0.00015837618612121108,0.00014754886382602764,719.6498033644546,745.6306875832489,746.4093679134551,647.8419398220971,658.3637637142347,720.4013512229968
"as built, LS off",ATOMKI 2016 anomaly,1.0,MM 15°,9–15,9,15,16.7,0.9989567650626051,159647559.20533565,9.532364203415016,111.26986921954834,128-160,0.00014814726223185106,652.4260198214281,609.6803236301978,146.76865457693424,5.836530495035388,6937.850019149165,0.003849040576757559,0.00015490556007140535,0.0001546119246225537,0.0001432118922677857,713.3095285682452,710.6078250740258,711.3499301738966,610.3170276763568,653.1073642416749,714.0544551230321
"as built, LS off",ATOMKI 2016 anomaly,1.0,MM 15°,9–16,9,16,16.7,0.9989567650626051,159647559.20533565,9.651093080719308,112.63210603105752,130-160,0.0001477333867760954,648.7857778934423,599.028819533559,146.76865457693424,5.836530495035388,7086.041443780992,0.005278816180801495,0.00015458037089007638,0.0001532747100037476,0.00014195537851419693,710.317808100879,698.3691060265434,699.0984299333277,599.6543999539535,649.4633207201741,711.0596103289446
"as built, LS off",ATOMKI 2016 anomaly,1.0,MM 15°,9–17,9,17,16.7,0.9989567650626051,159647559.20533565,9.651093080719308,112.63210603105752,130-160,0.0001487711307026982,657.9325009084217,607.2149949459579,146.76865457693424,5.836530495035388,7188.929600301593,0.006779613511321949,0.00015565837687034275,0.0001542860443075216,0.00014292205018814286,720.2595211031406,707.615441975699,708.3544220568468,607.8491243891856,658.619595881298,721.0117057048026
"as built, LS off",ATOMKI 2016 anomaly,1.0,MM 15°,9–18,9,18,16.7,0.9989567650626051,159647559.20533565,9.651093080719308,112.63210603105752,130-160,0.0001496642045021988,665.8553540212836,614.2967541004864,146.76865457693424,5.836530495035388,7277.862373834883,0.00844885397889048,0.00015658419006874016,0.0001551363400551062,0.00014375306190805246,728.8528115185296,715.4365043309616,716.1836521384636,614.9382791976869,666.5507230230871,729.6139703031613
"as built, LS off",ATOMKI 2016 anomaly,1.0,MM 15°,9–20,9,20,16.7,0.9989567650626051,159647559.20533565,9.651093080719308,112.63210603105752,130-160,0.00015048712875550174,673.1978573446777,620.960173460447,146.76865457693424,5.836530495035388,7360.578773739259,0.012019080427014732,0.0001574404234734974,0.0001559170391994507,0.00014453062040692082,736.845628523014,722.6552649442045,723.4099514796472,621.6086573291599,673.9008943019552,737.615134401573
"as built, LS off",ATOMKI 2016 anomaly,1.0,MM 15°,> 9,9,99,16.7,0.9989567650626051,159647559.20533565,9.651093080719308,112.63210603105752,130-160,0.00015105782116280766,678.313476053947,625.9651395504868,146.76865457693424,5.836530495035388,7420.07177841406,0.020343515240223004,0.00015805345275757537,0.00015653971538577723,0.00014511191299985808,742.5949443695334,728.4388374869243,729.1995639483683,626.6188502274744,679.0218553767307,743.3704543989895
"as built, LS off",ATOMKI 2016 anomaly,1.0,MM 15°,10–14,10,14,16.7,0.9989567650626051,159647559.20533565,5.299541670682983,59.33279956247909,130-152,0.00019055201336097292,1079.371872649239,1088.2776681222715,77.44846535395034,0.0014676103399678855,3429.087582630281,0.0024030969499213664,0.00019606219277075695,0.0002049593485254364,0.00019133651182049187,1142.698675210388,1248.761431271442,1250.0655433202671,1089.4141830593326,1080.4990870466695,1143.8920233337371
"as built, LS off",ATOMKI 2016 anomaly,1.0,MM 15°,10–15,10,15,16.7,0.9989567650626051,159647559.20533565,5.503865785113623,59.50905817983504,130-152,0.0001896563656110238,1069.2490195238504,990.0434002404194,77.44846535395034,0.001467610339970234,3673.038216503179,0.003594938973037608,0.0001951389424544543,0.00019834133076180541,0.00018249673965330918,1131.9621540500243,1169.4198421035642,1170.6410957938465,991.0773267333275,1070.3656623786317,1133.1442897622137
"as built, LS off",ATOMKI 2016 anomaly,1.0,MM 15°,10–16,10,16,16.7,0.9989567650626051,159647559.20533565,5.622594662417913,60.87129499134425,130-152,0.0001891741986567965,1063.819186606454,968.6290560035845,77.44846535395034,0.001467610339970234,3821.2296411350085,0.005024714577081545,0.00019473127673303077,0.0001966460700938415,0.00018051227505064743,1127.2375189677828,1149.51477061094,1150.715236949118,969.6406189740154,1064.9301589541603,1128.4147206282128
"as built, LS off",ATOMKI 2016 anomaly,1.0,MM 15°,10–17,10,17,16.7,0.9989567650626051,159647559.20533565,5.622594662417913,60.87129499134425,130-152,0.00019165758938748136,1091.9331620041737,993.1315533123993,77.44846535395034,0.001467610339970234,3924.1177976556096,0.006525511907601999,0.00019724511167332063,0.00019908105030249225,0.00018278114085821086,1156.5289559756454,1178.158876026856,1179.3892561036114,994.168704838952,1093.0734944627375,1157.736747398838
"as built, LS off",ATOMKI 2016 anomaly,1.0,MM 15°,10–18,10,18,16.7,0.9989567650626051,159647559.20533565,5.622594662417913,60.87129499134425,130-152,0.00019386053045778085,1117.1791102667116,1014.1473237688808,77.44846535395034,0.001467610339970234,4013.0505711889,0.00819475237517053,0.0001993924530373928,0.00020107544616095898,0.00018470494300799087,1181.8475127309416,1201.8827303456808,1203.1378858226744,1015.2064225775814,1118.345807685378,1183.0817449410583
"as built, LS off",ATOMKI 2016 anomaly,1.0,MM 15°,10–20,10,20,16.7,0.9989567650626051,159647559.20533565,5.622594662417913,60.87129499134425,130-152,0.00019576591699797826,1139.2477484559845,1034.4060515733752,77.44846535395034,0.001467610339970234,4095.7669710932746,0.011764978823294778,0.0002013691912770263,0.00020297608032661795,0.0001865406646683997,1205.396884529239,1224.7113312948175,1225.9903272370993,1035.4863070661006,1140.437492692276,1206.655709923238
"as built, LS off",ATOMKI 2016 anomaly,1.0,MM 15°,> 10,10,99,16.7,0.9989567650626051,159647559.20533565,5.622594662417913,60.87129499134425,130-152,0.00019719142720475255,1155.8994935507496,1049.9272283476546,77.44846535395034,0.001467610339970234,4155.259975768076,0.020089413636503056,0.0002027791642742783,0.000204501157618201,0.0001879349673733313,1222.3361909564433,1243.1844074668336,1244.482695293547,1051.0236929842056,1157.1066276109646,1223.6127064816853
"as built, LS off",ATOMKI 2016 anomaly,1.0,MM 15°,11–14,11,14,16.7,0.9989567650626051,159647559.20533565,2.58442393387944,27.682189250619928,128-150,0.0002816932065350337,2358.830636384933,2243.8239229048636,34.30868025015015,2.6320063196119683e-07,1811.307629021687,0.002085965687007468,0.00029139978588093267,0.0002772093985802403,0.00027474030786639155,2524.1924854772114,2284.3356320219536,2286.721219490208,2246.1672030062705,2361.294020804898,2526.8285613131807
"as built, LS off",ATOMKI 2016 anomaly,1.0,MM 15°,11–15,11,15,16.7,0.9989567650626051,159647559.20533565,2.788748048310079,27.858447867975876,130-150,0.0002779085474901421,2295.872793343655,2019.8844970599243,34.30868025015015,2.6320063431022174e-07,2055.2582628945834,0.00327780771012371,0.00028710738486995317,0.00026763250248036544,0.00026067012579330195,2450.3760537117537,2129.225814028026,2131.4494165266365,2021.9939117518636,2298.2704293511356,2452.9350412459416
"as built, LS off",ATOMKI 2016 anomaly,1.0,MM 15°,11–16,11,16,16.7,0.9989567650626051,159647559.20533565,2.907476925614371,29.22068467948507,130-150,0.00027607972740783436,2265.7555257308,1972.2901133698774,34.30868025015015,2.6320063431022174e-07,2203.4496875264135,0.004707583314167646,0.0002849424643694739,0.00026543400552304447,0.0002575807434839854,2413.5614744634036,2094.3879693224612,2096.575189809346,1974.3498240850024,2268.1217095404563,2416.082015633724
"as built, LS off",ATOMKI 2016 anomaly,1.0,MM 15°,11–17,11,17,16.7,0.9989567650626051,159647559.20533565,2.907476925614371,29.22068467948507,130-150,0.0002823612060034441,2370.0312323341077,2059.3818056158398,34.30868025015015,2.6320063431022174e-07,2306.337844047015,0.006208380644688101,0.0002913369345916173,0.00027121748082698015,0.0002632063903876896,2523.1037294066673,2186.650472833928,2188.934045305644,2061.5324683113563,2372.506313809864,2525.738668228092
"as built, LS off",ATOMKI 2016 anomaly,1.0,MM 15°,11–18,11,18,16.7,0.9989567650626051,159647559.20533565,2.907476925614371,29.22068467948507,130-150,0.00028788509246236886,2463.6690387059057,2133.134897553721,34.30868025015015,2.6320063431022174e-07,2395.2706175803055,0.00787762111225663,0.0002967531023731743,0.0002759635817576552,0.0002678780654583484,2617.7884592183013,2263.8495379463147,2266.2137312863965,2135.3625824036903,2466.2419084288463,2620.522279614617
"as built, LS off",ATOMKI 2016 anomaly,1.0,MM 15°,11–20,11,20,16.7,0.9989567650626051,159647559.20533565,2.907476925614371,29.22068467948507,130-150,0.0002926713554548948,2546.269985249862,2205.040202898378,34.30868025015015,2.6320063431022174e-07,2477.987017484681,0.011447847560380881,0.00030170354030926907,0.00028044293294161296,0.0002723555625014871,2705.8569035418172,2337.938128326219,2340.3796941899677,2207.342980214151,2548.9291171578243,2708.6826959645646
"as built, LS off",ATOMKI 2016 anomaly,1.0,MM 15°,> 11,11,99,16.7,0.9989567650626051,159647559.20533565,2.907476925614371,29.22068467948507,130-150,0.00029627318074750453,2609.3281102926126,2260.0382037342083,34.30868025015015,2.6320063431022174e-07,2537.480022159481,0.019772282373589155,0.0003052147951575462,0.00028393528503427,0.0002757311828096684,2769.2054453942587,2396.529312945664,2399.0320670139035,2262.398416804926,2612.0530953400016,2772.097394245797
"as built, LS off",ATOMKI 2016 anomaly,1.0,MM 15°,12–15,12,15,16.7,0.9989567650626051,159647559.20533565,1.3152214392855128,11.961219803931119,128-150,0.00043812770348001514,5706.179683610941,4758.850747901061,14.928813413402876,2.631998171113492e-07,1152.250604468626,0.0027964935154729323,0.0004542905336374754,0.0004219194708877352,0.0004001096589178918,6134.955081825867,5291.796668079263,5297.323020528946,4763.820531915435,5712.13878636012,6141.361965191142
"as built, LS off",ATOMKI 2016 anomaly,1.0,MM 15°,12–16,12,16,16.7,0.9989567650626051,159647559.20533565,1.4339503165898033,13.323456615440314,128-152,0.0004276213921558262,5435.792361155972,4524.723277272126,14.928813413402876,2.631998171113492e-07,1300.4420291004553,0.004226269119516868,0.00044231164214914525,0.00041174845524414374,0.0003901431673724844,5815.683376357714,5039.738121163455,5045.0012427190595,4529.448556253143,5441.469091823316,5821.756836486555
"as built, LS off",ATOMKI 2016 anomaly,1.0,MM 15°,12–17,12,17,16.7,0.9989567650626051,159647559.20533565,1.4339503165898033,13.323456615440314,128-152,0.00044413694159874155,5863.781893361592,4873.278590118275,14.928813413402876,2.631998171113492e-07,1403.3301856210562,0.005727066450037324,0.0004591178695936321,0.00042744667950262257,0.0004048914567777132,6266.02907788928,5431.351480910157,5437.023573857845,4878.367873921815,5869.905583945973,6272.572845028569
"as built, LS off",ATOMKI 2016 anomaly,1.0,MM 15°,12–18,12,18,16.7,0.9989567650626051,159647559.20533565,1.4339503165898033,13.323456615440314,128-152,0.0004582590155533941,6242.607768607785,5170.2140764823735,14.928813413402876,2.631998171113492e-07,1492.2629591543473,0.007396306917605853,0.00047316388344503536,0.0004399656552169941,0.00041704436398645533,6655.293121188673,5754.155106139087,5760.164310793242,5175.613457263442,6249.127076302004,6662.243406271524
"as built, LS off",ATOMKI 2016 anomaly,1.0,MM 15°,12–20,12,20,16.7,0.9989567650626051,159647559.20533565,1.4339503165898033,13.323456615440314,128-152,0.0004705363443840783,6581.582978190604,5454.6507102660935,14.928813413402876,2.631998171113492e-07,1574.9793590587224,0.010966533365730103,0.00048586404952791456,0.0004516146690609792,0.0004283625215788041,7017.356558372882,6062.895639448802,6069.227269379208,5460.3471351678045,6588.456285971629,7024.684955142279
"as built, LS off",ATOMKI 2016 anomaly,1.0,MM 15°,> 12,12,99,16.7,0.9989567650626051,159647559.20533565,1.4339503165898033,13.323456615440314,128-152,0.0004794913941332589,6834.482670863739,5671.036920917481,14.928813413402876,2.631998171113492e-07,1634.4723637335237,0.019290968178938377,0.0004947978786181183,0.00046079567277338063,0.00043677646687941435,7277.792529280325,6311.909989496804,6318.50167119218,5676.959323221636,6841.62008796789,7285.392905692192
"as built, LS off",ATOMKI 2016 anomaly,1.0,MM 15°,13–16,13,16,16.7,0.9989567650626051,159647559.20533565,0.6783192447539699,6.081212102749905,128-156,0.0006779797727050268,13663.988471972645,11496.485524674086,6.406096884248326e-05,2.631998171113492e-07,752.0855067935552,0.0036243249790603557,0.000706315154125641,0.000685019381937895,0.0006218856591448594,14829.996936609035,13949.213841574778,13963.781346133206,11508.491585172453,13678.25810871436,14845.484264456261
"as built, LS off",ATOMKI 2016 anomaly,1.0,MM 15°,13–17,13,17,16.7,0.9989567650626051,159647559.20533565,0.6783192447539699,6.081212102749905,128-156,0.000723142878723023,15545.054192860309,13063.06779214961,6.406096884248326e-05,2.631998171113492e-07,854.9736633141565,0.005125122309580811,0.000752717188434947,0.0007294409884118139,0.0006629039150042131,16842.54357209903,15817.008191890724,15833.526279687854,13076.709872755044,15561.28827245701,16860.13265153022
"as built, LS off",ATOMKI 2016 anomaly,1.0,MM 15°,13–18,13,18,16.7,0.9989567650626051,159647559.20533565,0.6783192447539699,6.081212102749905,128-156,0.0007602800536843343,17182.69203419305,14423.52180324095,6.406096884248326e-05,2.631998171113492e-07,943.9064368474469,0.006794362777149341,0.0007906343098776153,0.0007642655826811656,0.0006965682116354619,18582.122828646043,17363.31393790075,17381.44687053857,14438.58463918308,17200.636338967284,18601.52859316338
"as built, LS off",ATOMKI 2016 anomaly,1.0,MM 15°,13–20,13,20,16.7,0.9989567650626051,159647559.20533565,0.6783192447539699,6.081212102749905,128-156,0.0007925236815976565,18671.040008712946,15694.804985288201,6.406096884248326e-05,2.631998171113492e-07,1026.6228367518227,0.010364589225273594,0.0008243378521088137,0.0007954591688269735,0.0007266176709281815,20200.145494036038,18809.61026370094,18829.25359890038,15711.195453293316,18690.538631612173,20221.240999123806
"as built, LS off",ATOMKI 2016 anomaly,1.0,MM 15°,> 13,13,99,16.7,0.9989567650626051,159647559.20533565,0.6783192447539699,6.081212102749905,128-156,0.0008149091797991686,19740.69474794749,16652.365071022054,6.406096884248326e-05,2.631998171113492e-07,1086.115841426623,0.01868902403848187,0.0008477530058479977,0.0008199849883512229,0.0007484554502368073,21364.005913326848,19987.37756008784,20008.250866427858,16669.75554240172,19761.310437404496,21386.316866263933
"as built, LS off",ATOMKI 2016 anomaly,1.0,MM 3°,0–14,0,14,16.7,0.9989567650626051,159647559.20533565,14.368955290500647,231.80682387949295,130-162,2.6900132857059335e-05,21.510616757652887,28.501854515488827,329.34007054473557,11.411408725614669,33.61838194905551,0.00191341951058779,2.981428196702105e-05,5.191898868740186e-05,3.096453432398176e-05,26.42364474462059,80.13024335084903,80.21392532020866,28.531619697978222,21.533080819873927,26.451239601910704
"as built, LS off",ATOMKI 2016 anomaly,1.0,MM 3°,0–15,0,15,16.7,0.9989567650626051,159647559.20533565,14.592607361701754,232.4381459722008,130-162,2.6597593785638253e-05,21.029488560815178,28.28886920950265,329.34007054473557,11.41140872561467,36.063626574359645,0.00253405077827076,2.9431756528064396e-05,4.957212961379809e-05,3.084862331138408e-05,25.749949236838912,73.04982266489884,73.12611037808105,28.31841196623737,21.051450169114425,25.77684053746325
"as built, LS off",ATOMKI 2016 anomaly,1.0,MM 3°,0–16,0,16,16.7,0.9989567650626051,159647559.20533565,14.722380785732021,233.73681650777388,130-162,2.6418101107137033e-05,20.746613142298298,28.01363773362589,329.34007054473557,11.41140872561467,37.09116826312516,0.0032094154512466323,2.922797912548369e-05,4.9181058486020716e-05,3.069818843774295e-05,25.39461247799376,71.90179886460731,71.97688766850806,28.0428930594111,20.76827933689212,25.421132691765962
"as built, LS off",ATOMKI 2016 anomaly,1.0,MM 3°,0–17,0,17,16.7,0.9989567650626051,159647559.20533565,14.722380785732021,233.73681650777388,130-162,2.6438250217708488e-05,20.778272133595802,28.039641616190455,329.34007054473557,11.41140872561467,37.80777577680454,0.003904267104046126,2.9245114302557557e-05,4.919908774554821e-05,3.0712433051919655e-05,25.4243968659232,71.95452541599738,72.02966928352295,28.068924098465057,20.79997139044713,25.450948184258845
"as built, LS off",ATOMKI 2016 anomaly,1.0,MM 3°,0–18,0,18,16.7,0.9989567650626051,159647559.20533565,14.722380785732021,233.73681650777388,130-162,2.644582618442173e-05,20.790182002872946,28.04979892997633,329.34007054473557,11.41140872561467,37.88672805546898,0.004647283406098823,2.9247017472791365e-05,4.9216221455398484e-05,3.071799531226613e-05,25.427706036080952,72.00465084265238,72.07984705738473,28.07909201978169,20.811893697491517,25.45426081026378
"as built, LS off",ATOMKI 2016 anomaly,1.0,MM 3°,0–20,0,20,16.7,0.9989567650626051,159647559.20533565,14.722380785732021,233.73681650777388,130-162,2.645057712911323e-05,20.797652510795714,28.051526026003327,329.34007054473557,11.41140872561467,37.896733155630486,0.005953692301348178,2.924728758820418e-05,4.9225490968216946e-05,3.071894098947345e-05,25.428175721377,72.03177648816909,72.10700103087527,28.080820919457235,20.819372007048088,25.454730986063648
"as built, LS off",ATOMKI 2016 anomaly,1.0,MM 3°,none,0,99,16.7,0.9989567650626051,159647559.20533565,14.722380785732021,233.73681650777388,130-162,2.6464882206521536e-05,20.820154286714033,28.065805124410574,329.34007054473557,11.41140872561467,38.07746090866687,0.007816603371985552,2.9251647452906574e-05,4.9261079125177007e-05,3.072675844252322e-05,25.435757393256107,72.13596660454667,72.21129995553498,28.095114929875546,20.841897282120335,25.462320575667793
"as built, LS off",ATOMKI 2016 anomaly,1.0,MM 3°,6–14,6,14,16.7,0.9989567650626051,159647559.20533565,14.333060513641211,230.47649595002483,130-162,2.686487623388819e-05,21.45426798638913,28.55574289462669,326.8824769218987,11.411408725614669,33.61838194905551,0.001903969552569948,2.9795414487282097e-05,5.162543185013578e-05,3.0993792781381917e-05,26.3902117856403,79.22667103784225,79.3094093845764,28.585564354066,21.47667320221269,26.417771728075152
"as built, LS off",ATOMKI 2016 anomaly,1.0,MM 3°,6–15,6,15,16.7,0.9989567650626051,159647559.20533565,14.556712584842318,231.10781804273273,130-162,2.6562428280456666e-05,20.97391784049952,28.370326396575177,326.8824769218987,11.41140872561467,36.063626574359645,0.0025246008202529178,2.941246927577883e-05,4.9244766266280115e-05,3.0893005356889266e-05,25.71621132278934,72.08819871048037,72.16348217629076,28.39995422103898,20.995821414938888,25.74306739008639
"as built, LS off",ATOMKI 2016 anomaly,1.0,MM 3°,6–16,6,16,16.7,0.9989567650626051,159647559.20533565,14.686486008872588,232.40648857830584,130-162,2.6383040472773392e-05,20.691582181569522,28.10007368999951,326.8824769218987,11.41140872561467,37.09116826312516,0.0031999654932287906,2.9208538168206578e-05,4.883969218921298e-05,3.0745511524962204e-05,25.360841317585624,70.9071204856442,70.98117052263059,28.129419282964125,20.713190905987577,25.387326263310552
"as built, LS off",ATOMKI 2016 anomaly,1.0,MM 3°,6–17,6,17,16.7,0.9989567650626051,159647559.20533565,14.686486008872588,232.40648857830584,130-162,2.640331881406728e-05,20.723402033212817,28.126075737784184,326.8824769218987,11.41140872561467,37.80777577680454,0.003894817146028284,2.9225768636115763e-05,4.8861147549055356e-05,3.075973322086946e-05,25.39077147359595,70.96943340697258,71.04354851886397,28.155448485322093,20.745043987878766,25.41728767611349
"as built, LS off",ATOMKI 2016 anomaly,1.0,MM 3°,6–18,6,18,16.7,0.9989567650626051,159647559.20533565,14.686486008872588,232.40648857830584,130-162,2.6410940609039895e-05,20.735368128841635,28.136281617408937,326.8824769218987,11.41140872561467,37.88672805546898,0.004637833448080981,2.9227682386234568e-05,4.888089570256464e-05,3.0765313481413395e-05,25.39409683919757,71.02681226768735,71.10098730172378,28.165665023196095,20.75702257999338,25.420616514475586
"as built, LS off",ATOMKI 2016 anomaly,1.0,MM 3°,6–20,6,20,16.7,0.9989567650626051,159647559.20533565,14.686486008872588,232.40648857830584,130-162,2.6415720284752907e-05,20.7428739049437,28.137833944141327,326.8824769218987,11.41140872561467,37.896733155630486,0.005944242343330336,2.922795400317909e-05,4.8892804250911005e-05,3.076616215716407e-05,25.394568823185267,71.06142412359992,71.13563530364246,28.16721897106119,20.764536194560666,25.421088991367686
"as built, LS off",ATOMKI 2016 anomaly,1.0,MM 3°,> 6,6,99,16.7,0.9989567650626051,159647559.20533565,14.686486008872588,232.40648857830584,130-162,2.6430111832948476e-05,20.765481911479277,28.15185005333636,326.8824769218987,11.41140872561467,38.07746090866687,0.00780715341396771,2.9232338101566367e-05,4.893595387824674e-05,3.0773823873451854e-05,25.402187600603114,71.18690790647715,71.26125013229759,28.181249717621235,20.787167811189402,25.428715725260787
"as built, LS off",ATOMKI 2016 anomaly,1.0,MM 3°,8–14,8,14,16.7,0.9989567650626051,159647559.20533565,13.08318597581775,171.68291640407813,130-162,2.538691300025423e-05,19.15860141743392,28.991289980140834,230.6448115660042,5.964619345283103,30.996462360167715,0.0018076928488229681,2.7874795962552445e-05,5.582016980093876e-05,3.1229265039893876e-05,23.09762930897533,92.6245944294184,92.72132455463532,29.021566292034606,19.178609212615164,23.121750727147624
"as built, LS off",ATOMKI 2016 anomaly,1.0,MM 3°,8–15,8,15,16.7,0.9989567650626051,159647559.20533565,13.306838047018855,172.314238496786,130-160,2.508562020198114e-05,18.70654996783722,26.581614869654445,230.6448115660042,5.964619345283105,33.441706985471846,0.002428324116505939,2.7502117479151118e-05,5.312769374879847e-05,2.9903269456953625e-05,22.484139888139993,83.90463267140663,83.99225632767829,26.609374699002675,18.726085674653667,22.507620624332926
"as built, LS off",ATOMKI 2016 anomaly,1.0,MM 3°,8–16,8,16,16.7,0.9989567650626051,159647559.20533565,13.436611471049126,173.61290903235908,130-160,2.4909605190189464e-05,18.444959296406477,25.839215967998406,230.6448115660042,5.964619345283105,34.46924867423736,0.0031036887894818105,2.7308035692853827e-05,5.27457814257202e-05,2.948272757333464e-05,22.167919542276415,82.7026592809111,82.78902768702717,25.866200492049373,18.46422181769851,22.19107004184224
"as built, LS off",ATOMKI 2016 anomaly,1.0,MM 3°,8–17,8,17,16.7,0.9989567650626051,159647559.20533565,13.436611471049126,173.61290903235908,130-160,2.4935092554545643e-05,18.48272415885129,25.85800659366025,230.6448115660042,5.964619345283105,35.18585618791675,0.003798540442281304,2.7330051051122098e-05,5.275990256376869e-05,2.9493445743261854e-05,22.203676886353747,82.74694763788244,82.83336229541091,25.88501074122033,18.502026118911132,22.226864728186943
"as built, LS off",ATOMKI 2016 anomaly,1.0,MM 3°,8–18,8,18,16.7,0.9989567650626051,159647559.20533565,13.436611471049126,173.61290903235908,130-160,2.4941497024489718e-05,18.49221979258708,25.87136488500413,230.6448115660042,5.964619345283105,35.26480846658119,0.004541556744334002,2.7332495955038812e-05,5.2777900661441315e-05,2.9501062942401566e-05,22.207649676938555,82.80341255139616,82.8898861766123,25.89838298295398,18.51153166916905,22.230841667653944
"as built, LS off",ATOMKI 2016 anomaly,1.0,MM 3°,8–20,8,20,16.7,0.9989567650626051,159647559.20533565,13.436611471049126,173.61290903235908,130-160,2.4945049684695634e-05,18.497488221520022,25.87957805695595,230.6448115660042,5.964619345283105,35.27481356674269,0.005847965639583357,2.733284295344527e-05,5.278148985087561e-05,2.950574530216104e-05,22.208213552844914,82.81467511528196,82.90116050226851,25.906604732121778,18.516805600050944,22.23140613242968
"as built, LS off",ATOMKI 2016 anomaly,1.0,MM 3°,> 8,8,99,16.7,0.9989567650626051,159647559.20533565,13.436611471049126,173.61290903235908,130-160,2.4957125612912702e-05,18.515401868570248,25.90238296333225,230.6448115660042,5.964619345283105,35.45554131977907,0.0077108767102207305,2.7338443601106072e-05,5.2806239234440095e-05,2.9518742569535325e-05,22.217315651927983,82.89235737470035,82.97892388716687,25.929433454218547,18.53473795476011,22.240517737057033
"as built, LS off",ATOMKI 2016 anomaly,1.0,MM 3°,9–14,9,14,16.7,0.9989567650626051,159647559.20533565,10.221727994894964,118.91959707436746,130-160,2.7258996561029166e-05,22.088373766771692,59.18316824076438,150.82292603193773,5.836079699609371,21.946193540331436,0.0016827121869443832,2.936214234193004e-05,5.165215580958153e-05,4.4619746521235576e-05,25.628281893809774,79.30871580788606,79.39153983597653,59.24497466820333,22.1114411947422,25.65504613425751
"as built, LS off",ATOMKI 2016 anomaly,1.0,MM 3°,9–15,9,15,16.7,0.9989567650626051,159647559.20533565,10.445380066096073,119.55091916707534,130-160,2.6851282276942076e-05,21.43256123412674,50.84594384412905,150.82292603193773,5.836079699609375,24.39143816563557,0.0023033434546273534,2.888165913384057e-05,4.899189017367863e-05,4.135767825829324e-05,24.79638033065863,71.34974146224104,71.42425373911905,50.899043504593024,21.454943781058986,24.822275795994663
"as built, LS off",ATOMKI 2016 anomaly,1.0,MM 3°,9–16,9,16,16.7,0.9989567650626051,159647559.20533565,10.575153490126343,120.8495897026484,130-160,2.6619860491034655e-05,21.064713809814144,48.36415415583559,150.82292603193773,5.836079699609375,25.418979854401087,0.0029787081276032253,2.8637434461326026e-05,4.8479561074114396e-05,4.033571799041526e-05,24.37879466488535,69.86527473064172,69.93823674267146,48.41466202273988,21.08671220470088,24.404254035316054
"as built, LS off",ATOMKI 2016 anomaly,1.0,MM 3°,9–17,9,17,16.7,0.9989567650626051,159647559.20533565,10.575153490126343,120.8495897026484,130-160,2.6660657047009535e-05,21.12932919673779,48.400306449617794,150.82292603193773,5.836079699609375,26.135587368080472,0.0036735597804027193,2.8671319379049083e-05,4.8503256868398316e-05,4.035079068574918e-05,24.43652065800937,69.93358878840156,70.0066221424696,48.450852071245066,21.15139507105055,24.462040313103962
"as built, LS off",ATOMKI 2016 anomaly,1.0,MM 3°,9–18,9,18,16.7,0.9989567650626051,159647559.20533565,10.575153490126343,120.8495897026484,130-160,2.6670829635149405e-05,21.14545640389904,48.42309390011617,150.82292603193773,5.836079699609375,26.214539646744907,0.004416576082455417,2.867508166371331e-05,4.851478483723951e-05,4.036028838846309e-05,24.442934257450275,69.96683554707624,70.03990362154602,48.47366331923431,21.167539120247955,24.46846061042334
"as built, LS off",ATOMKI 2016 anomaly,1.0,MM 3°,9–20,9,20,16.7,0.9989567650626051,159647559.20533565,10.575153490126343,120.8495897026484,130-160,2.6676471983120075e-05,21.154404205296977,48.4399140385954,150.82292603193773,5.836079699609375,26.22454474690641,0.005722984977704771,2.86756156215717e-05,4.851724333706069e-05,4.0367297509969e-05,24.443844568255848,69.97392690331627,70.04700238346248,48.490501023394785,21.176496266053338,24.46937187188871
"as built, LS off",ATOMKI 2016 anomaly,1.0,MM 3°,> 9,9,99,16.7,0.9989567650626051,159647559.20533565,10.575153490126343,120.8495897026484,130-160,2.669564810386852e-05,21.184828409202698,48.48915140131518,150.82292603193773,5.836079699609375,26.405272499942804,0.007585896048342147,2.8684233407587e-05,4.85306111789886e-05,4.0387808224020314e-05,24.45853882820838,70.01249171837613,70.08560747270019,48.5397898058945,21.206952242697945,24.484081477415643
"as built, LS off",ATOMKI 2016 anomaly,1.0,MM 3°,10–14,10,14,16.7,0.9989567650626051,159647559.20533565,5.7827405899446305,63.890069676184616,130-152,3.555369886823961e-05,37.57626347245726,56.21184563004135,79.80864378644175,0.001467540306949142,9.817308584617471,0.0015056976280475914,3.728177640307518e-05,4.8081347350628955e-05,4.3485244474356945e-05,41.317801776720955,68.72223433566687,68.79400264270697,56.2705490327387,37.61550528175495,41.360950965812364
"as built, LS off",ATOMKI 2016 anomaly,1.0,MM 3°,10–15,10,15,16.7,0.9989567650626051,159647559.20533565,6.006392661145736,64.52139176889251,130-152,3.457242954955167e-05,35.530704071305394,49.7448445396778,79.80864378644175,0.0014675403069514907,12.262553209921602,0.002126328895730562,3.625151102977843e-05,4.621269864171677e-05,4.0907414612937366e-05,39.0657565975668,63.48434945749497,63.550647713483755,49.79679429525688,35.56780965298199,39.1065539208982
"as built, LS off",ATOMKI 2016 anomaly,1.0,MM 3°,10–16,10,16,16.7,0.9989567650626051,159647559.20533565,6.136166085176006,65.82006230446558,130-156,3.4099962839879244e-05,34.56621479432655,48.27267556713163,79.80864378644175,0.0014675403069514907,13.29009489868712,0.002801693568706434,3.5747495123736764e-05,4.589368249577282e-05,4.029755335102006e-05,37.987021629654684,62.61088267011903,62.676268743417715,48.32308790071246,34.60231313630502,38.02669240372382
"as built, LS off",ATOMKI 2016 anomaly,1.0,MM 3°,10–17,10,17,16.7,0.9989567650626051,159647559.20533565,6.136166085176006,65.82006230446558,130-152,3.419775214555209e-05,34.764751837354716,48.353271486300116,79.80864378644175,0.0014675403069514907,14.0067024123665,0.0034965452215059275,3.582807780514027e-05,4.595565494391152e-05,4.033117966039595e-05,38.15847678986874,62.78008981343219,62.84565259388151,48.403767988166926,34.801057516414126,38.198326618747444
"as built, LS off",ATOMKI 2016 anomaly,1.0,MM 3°,10–18,10,18,16.7,0.9989567650626051,159647559.20533565,6.136166085176006,65.82006230446558,130-152,3.419958881517805e-05,34.76848618095277,48.37467342271567,79.80864378644175,0.0014675403069514907,14.085654691030937,0.0042395615235586255,3.5837019694067506e-05,4.6005042445359663e-05,4.034010428767079e-05,38.17752617577236,62.915099001169565,62.980802775009636,48.42519227514717,34.80479575987837,38.21739589838981
"as built, LS off",ATOMKI 2016 anomaly,1.0,MM 3°,10–20,10,20,16.7,0.9989567650626051,159647559.20533565,6.136166085176006,65.82006230446558,130-152,3.4200183975136284e-05,34.769696311925344,48.386966891384596,79.80864378644175,0.0014675403069514907,14.095659791192439,0.00554597041880798,3.583828867548383e-05,4.603039906739716e-05,4.0345229782790656e-05,38.180229940169816,62.9844720066539,63.05024822841721,48.43749858218555,34.80600715462026,38.22010248639444
"as built, LS off",ATOMKI 2016 anomaly,1.0,MM 3°,> 10,10,99,16.7,0.9989567650626051,159647559.20533565,6.136166085176006,65.82006230446558,130-152,3.420451901474844e-05,34.77851132670296,48.43068378080996,79.80864378644175,0.0014675403069514907,14.276387544228836,0.007408881489445355,3.585876639241265e-05,4.611186673357786e-05,4.0363451319063976e-05,38.22387417317547,63.20761752839608,63.27362678647541,48.4812611262258,34.81483137513301,38.26379229813811
"as built, LS off",ATOMKI 2016 anomaly,1.0,MM 3°,11–14,11,14,16.7,0.9989567650626051,159647559.20533565,2.7869072905224166,31.19376804931289,130-152,5.081338267147828e-05,76.7538602413225,163.67403973575685,36.98713735751259,2.6320063196119683e-07,5.570633811121198,0.0012878400710154168,5.36186732410098e-05,7.582151883707347e-05,7.420239010106657e-05,85.46260761373902,170.89484895245798,171.07331861529354,163.844968531245,76.83401617137284,85.55185830127797
"as built, LS off",ATOMKI 2016 anomaly,1.0,MM 3°,11–15,11,15,16.7,0.9989567650626051,159647559.20533565,3.010559361723522,31.825090142020787,130-152,4.8024840896750906e-05,68.56080092622585,128.15594081231288,36.98713735751259,2.6320063431022174e-07,8.015878436425329,0.0019084713386983878,5.066027131568269e-05,6.929609253718604e-05,6.565946884438075e-05,76.29200623598639,142.74519741148185,142.89426970599268,128.2897771899881,68.63240064441538,76.37167984062367
"as built, LS off",ATOMKI 2016 anomaly,1.0,MM 3°,11–16,11,16,16.7,0.9989567650626051,159647559.20533565,3.1403327857537926,33.123760677593864,130-152,4.681199791974519e-05,65.14159183228978,119.53942183661226,36.98713735751259,2.6320063431022174e-07,9.043420125190842,0.002583836011674259,4.929671386042161e-05,6.842291506999091e-05,6.341376940841506e-05,72.2403685325887,139.17049068594494,139.31582982695258,119.66425977316513,65.20962078694899,72.31581091305925
"as built, LS off",ATOMKI 2016 anomaly,1.0,MM 3°,11–17,11,17,16.7,0.9989567650626051,159647559.20533565,3.1403327857537926,33.123760677593864,130-152,4.7036599627570905e-05,65.76818384436395,119.80556979309736,36.98713735751259,2.6320063431022174e-07,9.760027638870227,0.003278687664473753,4.951956810158831e-05,6.856350406511761e-05,6.348432379603484e-05,72.89499479690375,139.74298720830552,139.88892422140788,119.93068567445869,65.83686716435844,72.97112081956358
"as built, LS off",ATOMKI 2016 anomaly,1.0,MM 3°,11–18,11,18,16.7,0.9989567650626051,159647559.20533565,3.1403327857537926,33.123760677593864,130-152,4.7041692654974026e-05,65.78242710597613,119.9790241407987,36.98713735751259,2.6320063431022174e-07,9.838979917534663,0.004021703966526451,4.954426626720117e-05,6.863379536540103e-05,6.353026343481088e-05,72.96772651472436,140.02966308738834,140.17589948310987,120.10432116476989,65.85112530055643,73.04392849289272
"as built, LS off",ATOMKI 2016 anomaly,1.0,MM 3°,11–20,11,20,16.7,0.9989567650626051,159647559.20533565,3.1403327857537926,33.123760677593864,130-152,4.7043342955303306e-05,65.78704269947339,120.00183215242001,36.98713735751259,2.6320063431022174e-07,9.848985017696167,0.0053281128617758055,4.954777079041474e-05,6.865699992893394e-05,6.353630169916573e-05,72.97804965218417,140.12436501907354,140.2707003143343,120.12715299535454,65.85574571423066,73.054262411057
"as built, LS off",ATOMKI 2016 anomaly,1.0,MM 3°,> 11,11,99,16.7,0.9989567650626051,159647559.20533565,3.1403327857537926,33.123760677593864,130-152,4.705536257035749e-05,65.82066428739003,120.29389291917215,36.98713735751259,2.6320063431022174e-07,10.029712770732562,0.007191023932413179,4.960430663704241e-05,6.876264069670212e-05,6.361357211948525e-05,73.14468599707877,140.55590831105096,140.70269427750685,120.41951876829552,65.88940241399239,73.22107277835468
"as built, LS off",ATOMKI 2016 anomaly,1.0,MM 3°,12–15,12,15,16.7,0.9989567650626051,159647559.20533565,1.4127816020316744,13.73459271351234,130-152,7.10891269787292e-05,150.22782326390853,159.94637677500356,17.357792354177555,2.631998171113492e-07,6.673593355909721,0.0015760911869025281,7.568915408409483e-05,9.20365463310085e-05,7.335254675000126e-05,170.29869339969824,251.80516826812936,252.0681345526987,160.11341268105795,150.3847098472712,170.47654048273606
"as built, LS off",ATOMKI 2016 anomaly,1.0,MM 3°,12–16,12,16,16.7,0.9989567650626051,159647559.20533565,1.542555026061945,15.033263249085406,130-152,6.735379496527661e-05,134.85534174270273,143.46677272125132,17.357792354177555,2.631998171113492e-07,7.701135044675235,0.0022514558598784,7.142506955575435e-05,8.786665977447762e-05,6.947101722547968e-05,151.6510273794395,229.50505053281222,229.74472826001536,143.616598574474,134.99617446832275,151.80940024960486
"as built, LS off",ATOMKI 2016 anomaly,1.0,MM 3°,12–17,12,17,16.7,0.9989567650626051,159647559.20533565,1.542555026061945,15.033263249085406,130-152,6.799269475316283e-05,137.42587811524305,144.63417282140037,17.357792354177555,2.631998171113492e-07,8.41774255835462,0.0029463075126778936,7.206114590563435e-05,8.813097880356841e-05,6.975309006568747e-05,154.36411264069923,230.88791393802094,231.12903582323813,144.78521781904752,137.5693953147517,154.52531885203777
"as built, LS off",ATOMKI 2016 anomaly,1.0,MM 3°,12–18,12,18,16.7,0.9989567650626051,159647559.20533565,1.542555026061945,15.033263249085406,130-152,6.800714801702725e-05,137.48430979220728,144.83971281339544,17.357792354177555,2.631998171113492e-07,8.496694837019056,0.0036893238147305916,7.21314704337318e-05,8.853894883904436e-05,6.980263561673459e-05,154.6655477684995,233.03048339842195,233.27384282123342,144.99097246147412,137.62788801334267,154.82706877590095
"as built, LS off",ATOMKI 2016 anomaly,1.0,MM 3°,12–20,12,20,16.7,0.9989567650626051,159647559.20533565,1.542555026061945,15.033263249085406,130-152,6.801183100377311e-05,137.50324484202713,144.86967674110832,17.357792354177555,2.631998171113492e-07,8.506699937180558,0.004995732709979947,7.214144635244604e-05,8.860097229439532e-05,6.980985550458392e-05,154.7083318021061,233.35708357646268,233.6007840758134,145.0209676812482,137.6468428374973,154.86989748991834
"as built, LS off",ATOMKI 2016 anomaly,1.0,MM 3°,> 12,12,99,16.7,0.9989567650626051,159647559.20533565,1.542555026061945,15.033263249085406,130-152,6.804593378315035e-05,137.64117432880147,145.10212938841556,17.357792354177555,2.631998171113492e-07,8.687427690216955,0.00685864378061732,7.230228745010433e-05,8.898317578999209e-05,6.986584024132466e-05,155.39895275022334,235.37471978812817,235.6205273542315,145.25366308452993,137.78491636740196,155.5612396703519
"as built, LS off",ATOMKI 2016 anomaly,1.0,MM 3°,13–16,13,16,16.7,0.9989567650626051,159647559.20533565,0.7335419783838725,6.944775839926121,128-158,8.302274156828656e-05,204.89820503907538,246.86488950996562,6.406096884248326e-05,2.631998171113492e-07,6.219662246759079,0.0018755728694747741,8.607111626695487e-05,0.00012618083002343246,9.112922079725715e-05,220.2210777479091,473.29375343050987,473.78802565178916,247.12269654082024,205.11218523679983,220.45105999568233
"as built, LS off",ATOMKI 2016 anomaly,1.0,MM 3°,13–17,13,17,16.7,0.9989567650626051,159647559.20533565,0.7335419783838725,6.944775839926121,128-158,8.571818476127164e-05,218.41876334029428,254.90625686013823,6.406096884248326e-05,2.631998171113492e-07,6.936269760438464,0.002570424522274268,8.838459558710902e-05,0.00012732984203778878,9.260154685951553e-05,232.21869016340105,481.95269540333646,482.45601036910966,255.17246168723142,218.64686338713153,232.4612018107188
"as built, LS off",ATOMKI 2016 anomaly,1.0,MM 3°,13–18,13,18,16.7,0.9989567650626051,159647559.20533565,0.7335419783838725,6.944775839926121,128-158,8.611260903573487e-05,220.43345525984915,256.81742662351706,6.406096884248326e-05,2.631998171113492e-07,7.015222039102899,0.003313440824326966,8.863790583573262e-05,0.00013147867254105082,9.294804049368182e-05,233.5516751172474,513.871621080763,514.4082697598614,257.08562733185175,220.6636592986429,233.79557883329477
"as built, LS off",ATOMKI 2016 anomaly,1.0,MM 3°,13–20,13,20,16.7,0.9989567650626051,159647559.20533565,0.7335419783838725,6.944775839926121,128-156,8.628823222343075e-05,221.3335023853957,257.20107850411944,6.406096884248326e-05,2.631998171113492e-07,7.025227139264403,0.004619849719576321,8.867380064831364e-05,0.00013154353950944178,9.30174407349427e-05,233.74087162356915,514.3787986525587,514.915976989577,257.46967986947914,221.56464636537558,233.98497292214694
"as built, LS off",ATOMKI 2016 anomaly,1.0,MM 3°,> 13,13,99,16.7,0.9989567650626051,159647559.20533565,0.7335419783838725,6.944775839926121,128-156,8.673694554422857e-05,223.64143050958594,259.5867071258244,6.406096884248326e-05,2.631998171113492e-07,7.2059548923008006,0.0064827607902136946,8.925121835749188e-05,0.000135334941957193,9.344782944356029e-05,236.79488639407538,544.4573874719619,545.0259776135962,259.85779986139437,223.87498471524964,237.042177074836
"as built, LS off",ATOMKI 2016 anomaly,1.0,MM 15° + TOF,0–14,0,14,16.7,0.9989567650626051,159647559.20533565,12.66809509469965,218.77083677916147,130-176,2.77507247051143e-05,22.892470917331774,36.112635232461436,322.1175658635635,14.21519457180253,7.9479826087412295,0.002956935113515923,3.259216156519889e-05,4.7265324215831756e-05,3.4854397846182954e-05,31.57696181605314,66.40936008405743,66.47871300005212,36.15034853905638,22.916378083587123,31.60993840816944
"as built, LS off",ATOMKI 2016 anomaly,1.0,MM 15° + TOF,0–15,0,15,16.7,0.9989567650626051,159647559.20533565,12.868737693554962,218.94709539651745,130-176,2.7400065134066264e-05,22.317585295810748,36.16058961134705,322.1175658635635,14.215194571802531,7.9479826087412295,0.004148777136632167,3.208905704818989e-05,4.535780808377456e-05,3.4877531944300686e-05,30.60961897271062,61.157275688600606,61.22114372464143,36.19835299787058,22.340892094976798,30.641585345079775
"as built, LS off",ATOMKI 2016 anomaly,1.0,MM 15° + TOF,0–16,0,16,16.7,0.9989567650626051,159647559.20533565,12.98194429749626,220.3093322080265,130-176,2.7224796324080125e-05,22.032982606648233,35.801653492898694,322.1175658635635,14.215194571802531,8.939602649019374,0.0055785527406761026,3.1875669953131e-05,4.50851563692542e-05,3.4704000108072736e-05,30.203874404308507,60.42423676694715,60.48733927254633,35.839042033670985,22.05599218827795,30.235417047719395
"as built, LS off",ATOMKI 2016 anomaly,1.0,MM 15° + TOF,0–17,0,17,16.7,0.9989567650626051,159647559.20533565,12.98194429749626,220.3093322080265,130-176,2.7223391511055082e-05,22.030708839601246,35.800507706205636,322.1175658635635,14.215194571802531,8.939602649019374,0.007079350071196556,3.187571224447209e-05,4.508410012051652e-05,3.470344477478796e-05,30.203954550903322,60.42140557897615,60.48450512789661,35.83789505040491,22.05371604668053,30.235497278013256
"as built, LS off",ATOMKI 2016 anomaly,1.0,MM 15° + TOF,0–18,0,18,16.7,0.9989567650626051,159647559.20533565,12.98194429749626,220.3093322080265,130-176,2.7223433514870073e-05,22.03077682338142,35.80060438724628,322.1175658635635,14.215194571802531,8.939602649019374,0.008748590538765087,3.187575928234832e-05,4.5084161175856486e-05,3.470349163394031e-05,30.20404369281258,60.421569230993015,60.48466895081928,35.83799183241192,22.053784101457826,30.235586513015583
"as built, LS off",ATOMKI 2016 anomaly,1.0,MM 15° + TOF,0–20,0,20,16.7,0.9989567650626051,159647559.20533565,12.98194429749626,220.3093322080265,130-176,2.722352990151564e-05,22.030932826953507,35.80081247441659,322.1175658635635,14.215194571802531,8.939602649019374,0.012318816986889337,3.1875859888273056e-05,4.508428924520145e-05,3.470359248895385e-05,30.204234352461796,60.421912507282606,60.48501258560067,35.838200136892745,22.05394026794825,30.235777371775328
"as built, LS off",ATOMKI 2016 anomaly,1.0,MM 15° + TOF,none,0,99,16.7,0.9989567650626051,159647559.20533565,12.98194429749626,220.3093322080265,130-176,2.7223807974152885e-05,22.03138289576546,35.81608424330604,322.1175658635635,14.215194571802531,8.96663392724722,0.02064325180009761,3.187685616485596e-05,4.50983724301381e-05,3.4710993560323436e-05,30.206122442179414,60.45966693957907,60.52280644577249,35.853487854463275,22.054390806778052,30.23766743327113
"as built, LS off",ATOMKI 2016 anomaly,1.0,MM 15° + TOF,6–14,6,14,16.7,0.9989567650626051,159647559.20533565,12.63680221230937,217.42026571733538,130-176,2.768289926483116e-05,22.780704866432508,36.35548530422646,319.2122788818816,14.21519457180253,7.9479826087412295,0.0029465359870201355,3.2549156722442515e-05,4.652584571463934e-05,3.4971395820501336e-05,31.493686187340213,64.34763137522067,64.41483117759152,36.393452225080075,22.804495312672344,31.526575812684435
"as built, LS off",ATOMKI 2016 anomaly,1.0,MM 15° + TOF,6–15,6,15,16.7,0.9989567650626051,159647559.20533565,12.837444811164687,217.59652433469134,130-176,2.733234896130512e-05,22.207410812798955,36.43591140396818,319.2122788818816,14.215194571802531,7.9479826087412295,0.0041383780101363786,3.204551722671444e-05,4.4680222353045846e-05,3.501005654993276e-05,30.526610414020567,59.343705990416694,59.40568007134683,36.473962315761206,22.230602554062692,30.558490098525386
"as built, LS off",ATOMKI 2016 anomaly,1.0,MM 15° + TOF,6–16,6,16,16.7,0.9989567650626051,159647559.20533565,12.95065141510598,218.95876114620046,130-176,2.7157497730011914e-05,21.92418795944121,36.07799165696802,319.2122788818816,14.215194571802531,8.939602649019374,0.005568153614180314,3.183224764363305e-05,4.441089035416095e-05,3.4837675573155054e-05,30.12164060777591,58.63041563761314,58.691644812014204,36.115668784431314,21.947083924164836,30.153097372425492
"as built, LS off",ATOMKI 2016 anomaly,1.0,MM 15° + TOF,6–17,6,17,16.7,0.9989567650626051,159647559.20533565,12.95065141510598,218.95876114620046,130-176,2.71560931026411e-05,21.9219201129403,36.07693353561496,319.2122788818816,14.215194571802531,8.939602649019374,0.007068950944700768,3.1832290197568114e-05,4.440970832955943e-05,3.4837164697174876e-05,30.12172114215787,58.62729470619916,58.68852062133536,36.1146095580563,21.944813709296458,30.153177990911477
"as built, LS off",ATOMKI 2016 anomaly,1.0,MM 15° + TOF,6–18,6,18,16.7,0.9989567650626051,159647559.20533565,12.95065141510598,218.95876114620046,130-176,2.7156135425625845e-05,21.92198844396346,36.07703171545212,319.2122788818816,14.215194571802531,8.939602649019374,0.0087381914122693,3.183233752750983e-05,4.440976829375014e-05,3.483721210010654e-05,30.121810715377837,58.62745302926799,58.68867910974483,36.11470784042506,21.944882111679377,30.15326765767494
"as built, LS off",ATOMKI 2016 anomaly,1.0,MM 15° + TOF,6–20,6,20,16.7,0.9989567650626051,159647559.20533565,12.95065141510598,218.95876114620046,130-176,2.7156232544671503e-05,21.922145244360152,36.07724312785028,319.2122788818816,14.215194571802531,8.939602649019374,0.012308417860393548,3.183243875811063e-05,4.44098943385898e-05,3.483731417346756e-05,30.12200229752865,58.6277858253481,58.68901225337201,36.11491947360635,21.94503907582655,30.15345943989967
"as built, LS off",ATOMKI 2016 anomaly,1.0,MM 15° + TOF,> 6,6,99,16.7,0.9989567650626051,159647559.20533565,12.95065141510598,218.95876114620046,130-176,2.7156512730241997e-05,21.922597612003436,36.09269020494811,319.2122788818816,14.215194571802531,8.96663392724722,0.020632852673601827,3.183344122058152e-05,4.442458152945188e-05,3.484477146566547e-05,30.12389952271755,58.66657087000347,58.72783780219638,36.1303826824639,21.945491915888407,30.155358646407155
"as built, LS off",ATOMKI 2016 anomaly,1.0,MM 15° + TOF,8–14,8,14,16.7,0.9989567650626051,159647559.20533565,11.545232844224964,161.4622063601298,130-174,2.5777088555758345e-05,19.752030154916998,27.06954118134343,222.55109110873374,5.962770368839195,5.354458617290459,0.002823808870667753,2.9965965732404644e-05,5.05695684765127e-05,3.017647039235028e-05,26.69319566812275,76.01906230382602,76.09845086645153,27.097810564050754,19.772657682216234,26.721072024022856
"as built, LS off",ATOMKI 2016 anomaly,1.0,MM 15° + TOF,8–15,8,15,16.7,0.9989567650626051,159647559.20533565,11.745875443080275,161.6384649774857,130-174,2.542012975079275e-05,19.20876921959389,25.673841595209506,222.55109110873374,5.962770368839197,5.354458617290459,0.004015650893783996,2.9460697923784235e-05,4.777065710879303e-05,2.93882294679834e-05,25.800615997516786,67.83697029149458,67.90781409568132,25.700653414765668,19.228829406235683,25.827560210676232
"as built, LS off",ATOMKI 2016 anomaly,1.0,MM 15° + TOF,8–16,8,16,16.7,0.9989567650626051,159647559.20533565,11.859082047021575,163.00070178899483,130-174,2.5259633628967837e-05,18.96697654785026,25.30117543727583,222.55109110873374,5.962770368839197,6.3460786575686035,0.005445426497827931,2.926622021018616e-05,4.745610305999264e-05,2.91741588003829e-05,25.46110717571667,66.94654333057795,67.01645724015131,25.32759807246532,18.98678422450204,25.487696831525046
"as built, LS off",ATOMKI 2016 anomaly,1.0,MM 15° + TOF,8–17,8,17,16.7,0.9989567650626051,159647559.20533565,11.859082047021575,163.00070178899483,130-174,2.5258197420314377e-05,18.964819765861353,25.299293714573103,222.55109110873374,5.962770368839197,6.3460786575686035,0.006946223828348386,2.9266275407933767e-05,4.7454857943344836e-05,2.9173073896287296e-05,25.461203217985393,66.94303039307486,67.01294063400182,25.32571438463364,18.98462519013305,25.487792974093054
"as built, LS off",ATOMKI 2016 anomaly,1.0,MM 15° + TOF,8–18,8,18,16.7,0.9989567650626051,159647559.20533565,11.859082047021575,163.00070178899483,130-174,2.5258252508865374e-05,18.96490249112972,25.299388745978625,222.55109110873374,5.962770368839197,6.3460786575686035,0.008615464295916917,2.9266336800720547e-05,4.74549507115621e-05,2.917312868745348e-05,25.46131003963168,66.9432921235668,67.01320263782532,25.325809515282774,18.984708001793432,25.487899907295795
"as built, LS off",ATOMKI 2016 anomaly,1.0,MM 15° + TOF,8–20,8,20,16.7,0.9989567650626051,159647559.20533565,11.859082047021575,163.00070178899483,130-174,2.525837811547924e-05,18.965091112500613,25.299591599502392,222.55109110873374,5.962770368839197,6.3460786575686035,0.01218569074404117,2.9266468109201088e-05,4.745514346904133e-05,2.9173245644035915e-05,25.46153851328431,66.94383595919426,67.01374704139359,25.32601258065143,18.984896820146226,25.488128619549038
"as built, LS off",ATOMKI 2016 anomaly,1.0,MM 15° + TOF,> 8,8,99,16.7,0.9989567650626051,159647559.20533565,11.859082047021575,163.00070178899483,130-174,2.525873938517366e-05,18.965633630443612,25.312059155427065,222.55109110873374,5.962770368839197,6.37310993579645,0.020510125557249445,2.9267768416472965e-05,4.747177763242962e-05,2.918043299864768e-05,25.463801072541386,66.99077501732594,67.0607351191296,25.338493156749127,18.98543990465396,25.490393541651983
"as built, LS off",ATOMKI 2016 anomaly,1.0,MM 15° + TOF,9–14,9,14,16.7,0.9989567650626051,159647559.20533565,8.99670368720496,111.0921918537258,130-168,2.8998356730588824e-05,24.99716685714881,44.07082046878626,146.76865457693424,5.836530495035384,3.7562657107207906,0.0026571985536413163,3.1629494226939225e-05,4.6124034074832604e-05,3.850379722274116e-05,29.739146999167108,63.24097857717952,63.30702267501655,44.11684470250754,25.02327200875628,29.770204316403365
"as built, LS off",ATOMKI 2016 anomaly,1.0,MM 15° + TOF,9–15,9,15,16.7,0.9989567650626051,159647559.20533565,9.197346286060272,111.26845047108175,130-160,2.84308011091384e-05,24.02825361793654,37.63586760946148,146.76865457693424,5.836530495035388,3.7562657107207906,0.003849040576757559,3.0949750328901365e-05,4.295508377548394e-05,3.558188564961509e-05,28.47464463202527,54.84956070626763,54.90684144156147,37.67517166481456,24.053346909794115,28.504381398569087
"as built, LS off",ATOMKI 2016 anomaly,1.0,MM 15° + TOF,9–16,9,16,16.7,0.9989567650626051,159647559.20533565,9.310552890001574,112.63068728259083,130-160,2.819835225497026e-05,23.63695213719935,36.2255076527078,146.76865457693424,5.836530495035388,4.747885750998937,0.005278816180801495,3.070766835963607e-05,4.2384049847319014e-05,3.490882520849263e-05,28.030942214191263,53.40094177942993,53.45670968661318,36.263338834726774,23.661636783367708,28.06021561146798
"as built, LS off",ATOMKI 2016 anomaly,1.0,MM 15° + TOF,9–17,9,17,16.7,0.9989567650626051,159647559.20533565,9.310552890001574,112.63068728259083,130-160,2.8195889049823114e-05,23.632822809451095,36.223123811969735,146.76865457693424,5.836530495035388,4.747885750998937,0.006779613511321949,3.0707753707402746e-05,4.238458741244752e-05,3.490767659175646e-05,28.03109803075229,53.40229637703343,53.458065698856025,36.26095250448563,23.657503143261675,28.060371590752045
"as built, LS off",ATOMKI 2016 anomaly,1.0,MM 15° + TOF,9–18,9,18,16.7,0.9989567650626051,159647559.20533565,9.310552890001574,112.63068728259083,130-160,2.819597805194223e-05,23.63297200670654,36.223332041591696,146.76865457693424,5.836530495035388,4.747885750998937,0.00844885397889048,3.07078486339627e-05,4.238471404830958e-05,3.490777692548102e-05,28.0312713355043,53.40261548623577,53.458385141311894,36.26116095156687,23.657652496327458,28.06054507649044
"as built, LS off",ATOMKI 2016 anomaly,1.0,MM 15° + TOF,9–20,9,20,16.7,0.9989567650626051,159647559.20533565,9.310552890001574,112.63068728259083,130-160,2.8196175621456958e-05,23.633303200833637,36.22376410204222,146.76865457693424,5.836530495035388,4.747885750998937,0.012019080427014732,3.0708051665028224e-05,4.238497629365675e-05,3.490798510932277e-05,28.03164200541149,53.403276320268866,53.459046665470105,36.26159346322867,23.657984036328667,28.060916133497262
"as built, LS off",ATOMKI 2016 anomaly,1.0,MM 15° + TOF,> 9,9,99,16.7,0.9989567650626051,159647559.20533565,9.310552890001574,112.63068728259083,130-160,2.819671998083607e-05,23.634215745472055,36.24836038156839,146.76865457693424,5.836530495035388,4.774917029226781,0.020343515240223004,3.071006219558786e-05,4.240081206651203e-05,3.4919834524750555e-05,28.035312724639553,53.44318858203543,53.49900060858602,36.28621542925002,23.658897533959728,28.064590686147028
"as built, LS off",ATOMKI 2016 anomaly,1.0,MM 15° + TOF,10–14,10,14,16.7,0.9989567650626051,159647559.20533565,5.117306649704304,59.33277993744401,130-152,3.7676089450954906e-05,42.1964243851473,55.83803450313655,77.44846535395034,0.0014676103399678855,1.7099189858442496,0.0024030969499213664,4.001519227208552e-05,4.8568086743580045e-05,4.3340413942249254e-05,47.598561610344014,70.12066141295823,70.1938901315351,55.896347525748176,42.2404911412786,47.64826995026255
"as built, LS off",ATOMKI 2016 anomaly,1.0,MM 15° + TOF,10–15,10,15,16.7,0.9989567650626051,159647559.20533565,5.317949248559617,59.50903855479996,130-152,3.627304954426827e-05,39.11219153510524,47.67044882696467,77.44846535395034,0.001467610339970234,1.7099189858442496,0.003594938973037608,3.853010652263554e-05,4.59537404705832e-05,4.0045397969543164e-05,44.13106743893108,62.774859192559916,62.84041651054416,47.720232240458515,39.15303735157553,44.1771545900341
"as built, LS off",ATOMKI 2016 anomaly,1.0,MM 15° + TOF,10–16,10,16,16.7,0.9989567650626051,159647559.20533565,5.431155852500917,60.87127536630902,130-152,3.592550125719598e-05,38.36627944651575,46.59577354798399,77.44846535395034,0.001467610339970234,2.9115866130320813,0.005024714577081545,3.807434887985838e-05,4.566841591186937e-05,3.959143622242292e-05,43.093223621437964,61.99774708381341,62.06249284465077,46.64443465184783,38.40634628878189,43.13822692690538
"as built, LS off",ATOMKI 2016 anomaly,1.0,MM 15° + TOF,10–17,10,17,16.7,0.9989567650626051,159647559.20533565,5.431155852500917,60.87127536630902,130-152,3.5925696427040445e-05,38.36669630701149,46.59717747391522,77.44846535395034,0.001467610339970234,2.9115866130320813,0.006525511907601999,3.807455116891065e-05,4.56709596901565e-05,3.959203266090929e-05,43.09368153133161,62.00465395421819,62.069406928068936,46.645840043933184,38.40676358461523,43.13868531500551
"as built, LS off",ATOMKI 2016 anomaly,1.0,MM 15° + TOF,10–18,10,18,16.7,0.9989567650626051,159647559.20533565,5.431155852500917,60.87127536630902,130-152,3.592591621917052e-05,38.367165760608174,46.59773235120369,77.44846535395034,0.001467610339970234,2.9115866130320813,0.00819475237517053,3.8074776160767054e-05,4.5671232243593054e-05,3.9592268390362435e-05,43.0941908350926,62.005394014512895,62.07014776122667,46.64639550069355,38.40723352847376,43.139195150644845
"as built, LS off",ATOMKI 2016 anomaly,1.0,MM 15° + TOF,10–20,10,20,16.7,0.9989567650626051,159647559.20533565,5.431155852500917,60.87127536630902,130-152,3.59263835521325e-05,38.36816394574723,46.59887378874713,77.44846535395034,0.001467610339970234,2.9115866130320813,0.011764978823294778,3.807525737629142e-05,4.567180318146776e-05,3.959275330478361e-05,43.095280150738226,62.00694428795269,62.07169965365487,46.64753813026808,38.408232756041926,43.140285603889396
"as built, LS off",ATOMKI 2016 anomaly,1.0,MM 15° + TOF,> 10,10,99,16.7,0.9989567650626051,159647559.20533565,5.431155852500917,60.87127536630902,130-152,3.5927651918412506e-05,38.370873138246424,46.631458502083234,77.44846535395034,0.001467610339970234,2.938617891259926,0.020089413636503056,3.8080022493060225e-05,4.570202688779346e-05,3.960659369360208e-05,43.10606757051048,62.089038693596805,62.153879792490976,46.68015687261582,38.41094477781699,43.15108428922748
"as built, LS off",ATOMKI 2016 anomaly,1.0,MM 15° + TOF,11–14,11,14,16.7,0.9989567650626051,159647559.20533565,2.485943392239448,27.68218925021103,130-150,5.170800357262961e-05,79.48031015062652,117.50495925791164,34.30868025015015,2.6320063196119683e-07,0.4274797464610624,0.002085965687007468,5.5299526200612367e-05,6.661457559936561e-05,6.287182858352497e-05,90.90480374590406,131.9114649905944,132.049223353853,117.627672555526,79.56331337887826,90.99973785172476
"as built, LS off",ATOMKI 2016 anomaly,1.0,MM 15° + TOF,11–15,11,15,16.7,0.9989567650626051,159647559.20533565,2.6865859910947605,27.858447867566984,130-150,4.7943243659249364e-05,68.32802058769781,84.18987442001234,34.30868025015015,2.6320063431022174e-07,0.4274797464610624,0.00327780771012371,5.124226707101648e-05,5.891089235064993e-05,5.3217923442099984e-05,78.05499210991022,103.16567293548943,103.27341136633073,84.27779596120571,68.39937720769693,78.1365068437356
"as built, LS off",ATOMKI 2016 anomaly,1.0,MM 15° + TOF,11–16,11,16,16.7,0.9989567650626051,159647559.20533565,2.79979259503606,29.220684679076033,130-150,4.6780713411249105e-05,65.05455253464392,80.04877071020637,34.30868025015015,2.6320063431022174e-07,0.8549594929221248,0.004707583314167646,4.9868848092899576e-05,5.803608561696926e-05,5.189258758908966e-05,73.92693252415853,100.12447187099247,100.22903430131694,80.13236759569837,65.1224905920397,74.00413622457974
"as built, LS off",ATOMKI 2016 anomaly,1.0,MM 15° + TOF,11–17,11,17,16.7,0.9989567650626051,159647559.20533565,2.79979259503606,29.220684679076033,130-150,4.678128255867907e-05,65.05613548855439,80.05125351171469,34.30868025015015,2.6320063431022174e-07,0.8549594929221248,0.006208380644688101,4.9869429267948695e-05,5.8042206876864426e-05,5.189339233596203e-05,73.92865563349994,100.14559391012865,100.25017839871427,80.13485299005693,65.12407519906759,74.00586113340631
"as built, LS off",ATOMKI 2016 anomaly,1.0,MM 15° + TOF,11–18,11,18,16.7,0.9989567650626051,159647559.20533565,2.79979259503606,29.220684679076033,130-150,4.678192095147236e-05,65.05791105558289,80.0532380697644,34.30868025015015,2.6320063431022174e-07,0.8549594929221248,0.00787762111225663,4.987007566366849e-05,5.804292894860821e-05,5.189403557892636e-05,73.9305721373371,100.14808564010643,100.25267273086648,80.13683962062906,65.12585262036409,74.0077796386952
"as built, LS off",ATOMKI 2016 anomaly,1.0,MM 15° + TOF,11–20,11,20,16.7,0.9989567650626051,159647559.20533565,2.79979259503606,29.220684679076033,130-150,4.678326037672922e-05,65.06163648861005,80.05731181527797,34.30868025015015,2.6320063431022174e-07,0.8549594929221248,0.011447847560380881,4.987145816798449e-05,5.8044426489167484e-05,5.189535595278205e-05,73.93467121881767,100.15325346184207,100.25784594948453,80.14091762045452,65.1295819439519,74.01188300094664
"as built, LS off",ATOMKI 2016 anomaly,1.0,MM 15° + TOF,> 11,11,99,16.7,0.9989567650626051,159647559.20533565,2.79979259503606,29.220684679076033,130-150,4.7135627352455265e-05,66.04540326722737,81.13850211209325,34.30868025015015,2.6320063431022174e-07,1.7099189858442496,0.019772282373589155,5.0204631401488964e-05,5.842153496429219e-05,5.2244609397054706e-05,74.92583276335826,101.45885099833576,101.56480695335928,81.22323703069198,66.11437609423294,75.00407963968553
"as built, LS off",ATOMKI 2016 anomaly,1.0,MM 15° + TOF,12–15,12,15,16.7,0.9989567650626051,159647559.20533565,1.2710432523815907,11.961219803931119,130-152,6.576399632880083e-05,128.56430478996816,133.72341660329465,14.928813413402876,2.631998171113492e-07,0.4274797464610624,0.0027964935154729323,7.155363941856115e-05,8.126024134823958e-05,6.70705280621439e-05,152.19748258149426,196.29092817996863,196.49591958833872,133.86306723185777,128.69856763211467,152.35642612816778
"as built, LS off",ATOMKI 2016 anomaly,1.0,MM 15° + TOF,12–16,12,16,16.7,0.9989567650626051,159647559.20533565,1.384249856322891,13.323456615440177,130-156,6.242479400838135e-05,115.83991994616065,122.35150420649549,14.928813413402876,2.631998171113492e-07,0.8549594929221248,0.004226269119516868,6.782139604611389e-05,7.846644063620007e-05,6.415531623728862e-05,136.73429731402592,183.025633356549,183.21677149368793,122.47927886931889,115.96089440257298,136.87709227882021
"as built, LS off",ATOMKI 2016 anomaly,1.0,MM 15° + TOF,12–17,12,17,16.7,0.9989567650626051,159647559.20533565,1.384249856322891,13.323456615440177,130-156,6.242651454274182e-05,115.8463055277989,122.34474171564207,14.928813413402876,2.631998171113492e-07,0.8549594929221248,0.005727066450037324,6.782314423861455e-05,7.848633420948935e-05,6.415354324832105e-05,136.74134644506282,183.11844998940722,183.30968505722177,122.47250931623118,115.96728665283003,136.88414877143674
"as built, LS off",ATOMKI 2016 anomaly,1.0,MM 15° + TOF,12–18,12,18,16.7,0.9989567650626051,159647559.20533565,1.384249856322891,13.323456615440177,130-156,6.24284654928367e-05,115.85354648603752,122.35159035099623,14.928813413402876,2.631998171113492e-07,0.8549594929221248,0.007396306917605853,6.782508858790906e-05,7.848841945406028e-05,6.41553388223265e-05,136.74918674071674,183.12818039228623,183.31942562179805,122.47936510378244,115.9745351729781,136.8919972549028
"as built, LS off",ATOMKI 2016 anomaly,1.0,MM 15° + TOF,12–20,12,20,16.7,0.9989567650626051,159647559.20533565,1.384249856322891,13.323456615440177,130-156,6.24327213398881e-05,115.86934286278594,122.36590463591651,14.928813413402876,2.631998171113492e-07,0.8549594929221248,0.010966533365730103,6.782924703908201e-05,7.849279269389313e-05,6.415909157673783e-05,136.765955823092,183.1485881357456,183.33985467756213,122.49369433745991,115.99034804626841,136.9087838496402
"as built, LS off",ATOMKI 2016 anomaly,1.0,MM 15° + TOF,> 12,12,99,16.7,0.9989567650626051,159647559.20533565,1.384249856322891,13.323456615440177,130-156,6.349804869934727e-05,119.85737778313545,126.22541817394405,14.928813413402876,2.631998171113492e-07,1.7099189858442496,0.019290968178938377,6.882738931640473e-05,7.955770148369247e-05,6.516304986241419e-05,140.8207348428045,188.15183904186452,188.34833060074723,126.35723845969794,119.98254776884556,140.96779737407275
"as built, LS off",ATOMKI 2016 anomaly,1.0,MM 15° + TOF,13–16,13,16,16.7,0.9989567650626051,159647559.20533565,0.6562301513020088,6.08121210274977,128-158,6.446074002084791e-05,123.51923317584254,170.2307068797118,6.406096884248326e-05,2.631998171113492e-07,0.4274797464610624,0.0036243249790603557,6.766482315952608e-05,9.038287870390151e-05,7.567404429151058e-05,136.10369480410034,242.83783480392904,243.09143628324122,170.408482962767,123.64822732653653,136.24583121529855
"as built, LS off",ATOMKI 2016 anomaly,1.0,MM 15° + TOF,13–17,13,17,16.7,0.9989567650626051,159647559.20533565,0.6562301513020088,6.08121210274977,128-158,6.446793500378936e-05,123.5468086698219,170.27264612844021,6.406096884248326e-05,2.631998171113492e-07,0.4274797464610624,0.005125122309580811,6.767261948960653e-05,9.043980100450644e-05,7.568336551555256e-05,136.13506030276676,243.143805164528,243.39772617615745,170.45046600967675,123.67583161827746,136.27722946972096
"as built, LS off",ATOMKI 2016 anomaly,1.0,MM 15° + TOF,13–18,13,18,16.7,0.9989567650626051,159647559.20533565,0.6562301513020088,6.08121210274977,128-158,6.447607588683933e-05,123.57801313214813,170.30552292917662,6.406096884248326e-05,2.631998171113492e-07,0.4274797464610624,0.006794362777149341,6.768128979183685e-05,9.04488996817668e-05,7.569067175905828e-05,136.1699461321819,243.19273048877267,243.44670259431263,170.48337714445879,123.70706866818549,136.31215173125943
"as built, LS off",ATOMKI 2016 anomaly,1.0,MM 15° + TOF,13–20,13,20,16.7,0.9989567650626051,159647559.20533565,0.6562301513020088,6.08121210274977,128-158,6.449391754833554e-05,123.64641500390908,170.37628210869116,6.406096884248326e-05,2.631998171113492e-07,0.4274797464610624,0.010364589225273594,6.769983039228028e-05,9.046924949510535e-05,7.57063942486787e-05,136.2445610922567,243.30217313340128,243.55625953256688,170.55421021951196,123.77554197369102,136.38684461355862
"as built, LS off",ATOMKI 2016 anomaly,1.0,MM 15° + TOF,> 13,13,99,16.7,0.9989567650626051,159647559.20533565,0.6562301513020088,6.08121210274977,128-158,6.867481648310386e-05,140.1970992564802,188.5818063172455,6.406096884248326e-05,2.631998171113492e-07,1.2824392393831872,0.01868902403848187,7.204303361427242e-05,9.461979159345943e-05,7.964855280864895e-05,154.28652474278195,266.13867304368887,266.4166081572207,188.77874690145072,140.34351050988073,154.44764992718453
"as built, LS off",ATOMKI 2016 anomaly,1.0,MM 3° + TOF,0–14,0,14,16.7,0.9989567650626051,159647559.20533565,13.873791445619188,231.68826880789277,130-164,2.6692544251480534e-05,21.1799024559229,28.6147896225153,329.34007054473557,11.411408725614669,0.0,0.00191341951058779,3.0006801356828416e-05,5.242422240582359e-05,3.102582026154046e-05,26.765996660765744,81.69735715978763,81.78267570435605,28.64467274589406,21.202021145124878,26.793949044519763
"as built, LS off",ATOMKI 2016 anomaly,1.0,MM 3° + TOF,0–15,0,15,16.7,0.9989567650626051,159647559.20533565,14.093762001244965,232.3195909006007,130-164,2.6315897165595878e-05,20.58639844322881,28.19852848733304,329.34007054473557,11.41140872561467,0.0,0.00253405077827076,2.9554765482424042e-05,4.9934992900221135e-05,3.079932626396044e-05,25.965640984574424,74.12317229325609,74.20058093165899,28.2279768990461,20.607897321701053,25.992757537356628
"as built, LS off",ATOMKI 2016 anomaly,1.0,MM 3° + TOF,0–16,0,16,16.7,0.9989567650626051,159647559.20533565,14.216172394124586,233.6182614361736,130-164,2.6119036409624324e-05,20.279550028753892,27.873700535952796,329.34007054473557,11.41140872561467,0.0,0.0032094154512466323,2.9333477799586315e-05,4.952889778932151e-05,3.062141874618895e-05,25.578267533258714,72.92246481049514,72.9986195207608,27.90280972190617,20.300728457935776,25.60497954248872
"as built, LS off",ATOMKI 2016 anomaly,1.0,MM 3° + TOF,0–17,0,17,16.7,0.9989567650626051,159647559.20533565,14.216172394124586,233.6182614361736,130-164,2.6117599437974665e-05,20.27731868021684,27.872380718275977,329.34007054473557,11.41140872561467,0.0,0.003904267104046126,2.9333495542769872e-05,4.952756211933203e-05,3.0620693776640725e-05,25.578298476744944,72.91853179204199,72.99468239496045,27.90148852591153,20.298494779146974,25.605010518289987
"as built, LS off",ATOMKI 2016 anomaly,1.0,MM 3° + TOF,0–18,0,18,16.7,0.9989567650626051,159647559.20533565,14.216172394124586,233.6182614361736,130-164,2.611761769003948e-05,20.277347021494148,27.872414719352854,329.34007054473557,11.41140872561467,0.0,0.004647283406098823,2.933351451583603e-05,4.952759407418278e-05,3.062071245348531e-05,25.578331565123747,72.9186258851672,72.99477658634942,27.901522562496563,20.29852315002177,25.605043641223794
"as built, LS off",ATOMKI 2016 anomaly,1.0,MM 3° + TOF,0–20,0,20,16.7,0.9989567650626051,159647559.20533565,14.216172394124586,233.6182614361736,130-164,2.61176504185622e-05,20.277397841445367,27.872475181102544,329.34007054473557,11.41140872561467,0.0,0.005953692301348178,2.9333547875212166e-05,4.952765038525605e-05,3.062074566519061e-05,25.578389742787284,72.918791696913,72.99494257125647,27.901583087387934,20.298574023045504,25.605101879643684
"as built, LS off",ATOMKI 2016 anomaly,1.0,MM 3° + TOF,none,0,99,16.7,0.9989567650626051,159647559.20533565,14.216172394124586,233.6182614361736,130-164,2.6117702884693704e-05,20.2774793095463,27.87256799670948,329.34007054473557,11.41140872561467,0.0,0.007816603371985552,2.933359544490157e-05,4.952773182126002e-05,3.0620796648835036e-05,25.578472702887936,72.91903149104198,72.9951826158083,27.901675999924475,20.298655576225563,25.605184926381593
"as built, LS off",ATOMKI 2016 anomaly,1.0,MM 3° + TOF,6–14,6,14,16.7,0.9989567650626051,159647559.20533565,13.839737426547416,230.3579408784247,130-164,2.6646768953996945e-05,21.107321512713895,28.640030265927553,326.8824769218987,11.411408725614669,0.0,0.001903969552569948,2.9980946814662433e-05,5.203821123903477e-05,3.103950093261493e-05,26.71989214933464,80.49867505821653,80.58274178980272,28.66993974872643,21.129364403864955,26.747796385021818
"as built, LS off",ATOMKI 2016 anomaly,1.0,MM 3° + TOF,6–15,6,15,16.7,0.9989567650626051,159647559.20533565,14.059707982173194,230.98926297113266,130-164,2.6269908613886196e-05,20.514509470330914,28.255809278212112,326.8824769218987,11.41140872561467,0.0,0.0025246008202529178,2.9528274869951845e-05,4.952462926719901e-05,3.083059234135886e-05,25.91911464909125,72.90989607769038,72.98603766212152,28.28531750965349,20.535933273393727,25.946182613285455
"as built, LS off",ATOMKI 2016 anomaly,1.0,MM 3° + TOF,6–16,6,16,16.7,0.9989567650626051,159647559.20533565,14.182118375052811,232.28793350670557,130-164,2.607309978563845e-05,20.20827979880677,27.93670919657899,326.8824769218987,11.41140872561467,0.0,0.0031999654932287906,2.9306794883817273e-05,4.9108651746891066e-05,3.0656009156002636e-05,25.531754648101607,71.69024008315773,71.7651079510582,27.965884184014897,20.229383798747595,25.55841808279012
"as built, LS off",ATOMKI 2016 anomaly,1.0,MM 3° + TOF,6–17,6,17,16.7,0.9989567650626051,159647559.20533565,14.182118375052811,232.28793350670557,130-164,2.6071662001499173e-05,20.206051115351244,27.935410722512717,326.8824769218987,11.41140872561467,0.0,0.003894817146028284,2.9306812728545033e-05,4.910705653259068e-05,3.065529671533662e-05,25.531785740368875,71.68558267821216,71.76044568227093,27.964584353920454,20.227152787823524,25.5584492075278
"as built, LS off",ATOMKI 2016 anomaly,1.0,MM 3° + TOF,6–18,6,18,16.7,0.9989567650626051,159647559.20533565,14.182118375052811,232.28793350670557,130-164,2.607168037359148e-05,20.20607959282744,27.93544501615252,326.8824769218987,11.41140872561467,0.0,0.004637833448080981,2.9306831810193943e-05,4.91070888369467e-05,3.065531553162308e-05,25.53181898784172,71.68567699285893,71.7605400954128,27.964618683373942,20.227181295039443,25.558482489721793
"as built, LS off",ATOMKI 2016 anomaly,1.0,MM 3° + TOF,6–20,6,20,16.7,0.9989567650626051,159647559.20533565,14.182118375052811,232.28793350670557,130-164,2.6071713317340045e-05,20.20613065700256,27.93550596424046,326.8824769218987,11.41140872561467,0.0,0.005944242343330336,2.9306865360485384e-05,4.910714603731253e-05,3.065534897268418e-05,25.531877445232404,71.68584399316109,71.76070727011744,27.964679695111457,20.22723241254213,25.558541008160958
"as built, LS off",ATOMKI 2016 anomaly,1.0,MM 3° + TOF,> 6,6,99,16.7,0.9989567650626051,159647559.20533565,14.182118375052811,232.28793350670557,130-164,2.6071766128493096e-05,20.206212516612364,27.935599466014732,326.8824769218987,11.41140872561467,0.0,0.00780715341396771,2.9306913202415112e-05,4.9107230366408684e-05,3.0655400275265296e-05,25.53196080421799,71.68609019796465,71.76095373203869,27.964773294531916,20.227314357639923,25.55862445420037
"as built, LS off",ATOMKI 2016 anomaly,1.0,MM 3° + TOF,8–14,8,14,16.7,0.9989567650626051,159647559.20533565,12.636802212309371,171.6814976556116,130-162,2.4893419719339874e-05,18.420997185589155,30.32592574371212,230.6448115660042,5.964619345283103,0.0,0.0018076928488229681,2.7822611211143955e-05,5.6254590995095e-05,3.194000848494684e-05,23.011227544782198,94.07190868089842,94.17015027172161,30.357595848316397,18.44023468266387,23.035258731482813
"as built, LS off",ATOMKI 2016 anomaly,1.0,MM 3° + TOF,8–15,8,15,16.7,0.9989567650626051,159647559.20533565,12.856772767935151,172.31281974831947,130-162,2.4509006243492457e-05,17.856462159439722,27.41325733983774,230.6448115660042,5.964619345283105,0.0,0.002428324116505939,2.7367740346247934e-05,5.340355006182327e-05,3.0367449298749836e-05,22.264958729478206,84.77821519636336,84.8667511561927,27.441885673720563,17.875110098804576,22.288210569436256
"as built, LS off",ATOMKI 2016 anomaly,1.0,MM 3° + TOF,8–16,8,16,16.7,0.9989567650626051,159647559.20533565,12.979183160814769,173.61149028389235,130-162,2.431619825182611e-05,17.576620018493198,26.56796141908236,230.6448115660042,5.964619345283105,0.0,0.0031036887894818105,2.7152663205153945e-05,5.300694271189592e-05,2.9895588673547318e-05,21.91638285173962,83.52366158330011,83.61088738216377,26.595706989798835,17.594975711878444,21.939270665398727
"as built, LS off",ATOMKI 2016 anomaly,1.0,MM 3° + TOF,8–17,8,17,16.7,0.9989567650626051,159647559.20533565,12.979183160814769,173.61149028389235,130-162,2.4314712185175313e-05,17.574471719616906,26.565219607400394,230.6448115660042,5.964619345283105,0.0,0.003798540442281304,2.7152686201204606e-05,5.300616309747995e-05,2.989404602245988e-05,21.916419974467505,83.52120470620231,83.60842793928924,26.592962314775995,17.592825169481188,21.939307826894783
"as built, LS off",ATOMKI 2016 anomaly,1.0,MM 3° + TOF,8–18,8,18,16.7,0.9989567650626051,159647559.20533565,12.979183160814769,173.61149028389235,130-162,2.431473550883857e-05,17.57450543593267,26.565262883044813,230.6448115660042,5.964619345283105,0.0,0.004541556744334002,2.7152710791238297e-05,5.3006207912505856e-05,2.9894070371657783e-05,21.916459670411076,83.52134593530909,83.60856931588502,26.593005635614226,17.592858921007725,21.939347564293797
"as built, LS off",ATOMKI 2016 anomaly,1.0,MM 3° + TOF,8–20,8,20,16.7,0.9989567650626051,159647559.20533565,12.979183160814769,173.61149028389235,130-162,2.4314777354396427e-05,17.574565927285054,26.565340475150855,230.6448115660042,5.964619345283105,0.0,0.005847965639583357,2.715275402662699e-05,5.3006286848518944e-05,2.9894114029087315e-05,21.91652946582961,83.52159469284994,83.60881833320946,26.5930833087516,17.592919475532703,21.939417432601388
"as built, LS off",ATOMKI 2016 anomaly,1.0,MM 3° + TOF,> 8,8,99,16.7,0.9989567650626051,159647559.20533565,12.979183160814769,173.61149028389235,130-162,2.431484351180575e-05,17.574661563721822,26.5654599862448,230.6448115660042,5.964619345283105,0.0,0.0077108767102207305,2.7152815679245065e-05,5.3006400649382594e-05,2.9894181272235492e-05,21.91662899259978,83.52195332350973,83.609177338396,26.593202944653896,17.59301521184494,21.939517063309797
"as built, LS off",ATOMKI 2016 anomaly,1.0,MM 3° + TOF,9–14,9,14,16.7,0.9989567650626051,159647559.20533565,9.876585909708075,118.91817832590085,130-160,2.6792108344965758e-05,21.338200641152905,63.64498788622311,150.82292603193773,5.836079699609371,0.0,0.0016827121869443832,2.9245924702847583e-05,5.207971695469837e-05,4.627112914650501e-05,25.425805937117435,80.62713787400405,80.71133876244494,63.711453900844695,21.36048464501427,25.452358726980528
"as built, LS off",ATOMKI 2016 anomaly,1.0,MM 3° + TOF,9–15,9,15,16.7,0.9989567650626051,159647559.20533565,10.096556465333851,119.54950041860874,130-160,2.6249692380527575e-05,20.482947386216622,54.07622172659211,150.82292603193773,5.836079699609375,0.0,0.0023033434546273534,2.864153602680173e-05,4.913982340362989e-05,4.265119106053849e-05,24.385778417793738,71.78127955231663,71.85624249495729,54.13269484510987,20.50433822822447,24.411245081528097
"as built, LS off",ATOMKI 2016 anomaly,1.0,MM 3° + TOF,9–16,9,16,16.7,0.9989567650626051,159647559.20533565,10.21896685821347,120.84817095418168,130-160,2.59861922550604e-05,20.073786798958412,51.4114875134786,150.82292603193773,5.836079699609375,0.0,0.0029787081276032253,2.8364928810636697e-05,4.85539417670318e-05,4.15870465404003e-05,23.91703883568632,70.0798234576788,70.153009528182,51.46517778500315,20.094750344576102,23.942015983231695
"as built, LS off",ATOMKI 2016 anomaly,1.0,MM 3° + TOF,9–17,9,17,16.7,0.9989567650626051,159647559.20533565,10.21896685821347,120.84817095418168,130-160,2.5984075423053044e-05,20.07051651578208,51.4105834593777,150.82292603193773,5.836079699609375,0.0,0.0036735597804027193,2.8364964321779162e-05,4.8556576911177156e-05,4.1586680891524225e-05,23.917098721040567,70.0874304795203,70.1606244942221,51.46427278677648,20.091476646163212,23.94207593112568
"as built, LS off",ATOMKI 2016 anomaly,1.0,MM 3° + TOF,9–18,9,18,16.7,0.9989567650626051,159647559.20533565,10.21896685821347,120.84817095418168,130-160,2.5984112321889674e-05,20.070573518328736,51.41071632789449,150.82292603193773,5.836079699609375,0.0,0.004416576082455417,2.8365002294378744e-05,4.8556639360335116e-05,4.1586734631013903e-05,23.917162757434937,70.08761076009647,70.1608049630697,51.46440579405111,20.09153370823902,23.942140034394818
"as built, LS off",ATOMKI 2016 anomaly,1.0,MM 3° + TOF,9–20,9,20,16.7,0.9989567650626051,159647559.20533565,10.21896685821347,120.84817095418168,130-160,2.598417848134017e-05,20.07067572384487,51.41095158893789,150.82292603193773,5.836079699609375,0.0,0.005722984977704771,2.8365069059603332e-05,4.855674936530391e-05,4.158682978362105e-05,23.91727534946689,70.08792832713856,70.16112286175479,51.46464130078336,20.09163602049087,23.94225274400938
"as built, LS off",ATOMKI 2016 anomaly,1.0,MM 3° + TOF,> 9,9,99,16.7,0.9989567650626051,159647559.20533565,10.21896685821347,120.84817095418168,130-160,2.5984281409814495e-05,20.07083473199855,51.41128529730462,150.82292603193773,5.836079699609375,0.0,0.007585896048342147,2.836516426511009e-05,4.855690592413909e-05,4.1586964753409543e-05,23.91743590329008,70.08838028911097,70.16157529572213,51.46497535764989,20.091795194700644,23.942413465502845
"as built, LS off",ATOMKI 2016 anomaly,1.0,MM 3° + TOF,10–14,10,14,16.7,0.9989567650626051,159647559.20533565,5.589461022239972,63.89005005114952,130-156,3.534351882147491e-05,37.13330329024824,57.458132918006605,79.80864378644175,0.001467540306949142,0.0,0.0015056976280475914,3.7317300479932963e-05,4.770717581473519e-05,4.3964662984739714e-05,41.39657892715829,67.65679620148794,67.72745184547387,57.51813784894452,37.17208250541361,41.4398103851511
"as built, LS off",ATOMKI 2016 anomaly,1.0,MM 3° + TOF,10–15,10,15,16.7,0.9989567650626051,159647559.20533565,5.80943157786575,64.52137214385742,130-156,3.4045073722670245e-05,34.45502511242722,49.98697312007877,79.80864378644175,0.0014675403069514907,0.0,0.002126328895730562,3.598316365023652e-05,4.541875707364149e-05,4.100685035161138e-05,38.48953823661423,61.32174477153562,61.38578456665495,50.03917573644547,34.4910073363064,38.529733801044
"as built, LS off",ATOMKI 2016 anomaly,1.0,MM 3° + TOF,10–16,10,16,16.7,0.9989567650626051,159647559.20533565,5.931841970745367,65.82004267943036,130-156,3.3464188561118634e-05,33.289295958802114,48.36355875337316,79.80864378644175,0.0014675403069514907,0.0,0.002801693568706434,3.539887887892612e-05,4.4973867720229394e-05,4.0335469706741654e-05,37.24972134021646,60.12630135899796,60.18909272337709,48.414065998484126,33.324060783267086,37.28862213359354
"as built, LS off",ATOMKI 2016 anomaly,1.0,MM 3° + TOF,10–17,10,17,16.7,0.9989567650626051,159647559.20533565,5.931841970745367,65.82004267943036,130-156,3.346427129268152e-05,33.28946055737778,48.36931497545302,79.80864378644175,0.0014675403069514907,0.0,0.0034965452215059275,3.539896332732599e-05,4.497806714746007e-05,4.033786999550472e-05,37.24989906805501,60.13753044950733,60.200333540699816,48.41982823192723,33.324225553737065,37.28880004703761
"as built, LS off",ATOMKI 2016 anomaly,1.0,MM 3° + TOF,10–18,10,18,16.7,0.9989567650626051,159647559.20533565,5.931841970745367,65.82004267943036,130-156,3.346435939932846e-05,33.28963585039901,48.36955988749626,79.80864378644175,0.0014675403069514907,0.0,0.0042395615235586255,3.5399053629166196e-05,4.497818632432976e-05,4.033797211828297e-05,37.25008911535625,60.13784913870762,60.20065256271502,48.42007339973809,33.324401029821075,37.28899029280989
"as built, LS off",ATOMKI 2016 anomaly,1.0,MM 3° + TOF,10–20,10,20,16.7,0.9989567650626051,159647559.20533565,5.931841970745367,65.82004267943036,130-156,3.34645160260939e-05,33.289947469105094,48.36998814450678,79.80864378644175,0.0014675403069514907,0.0,0.00554597041880798,3.539921240187676e-05,4.497839577002829e-05,4.033815069114111e-05,37.250423266146996,60.138409216566544,60.20121322547692,48.42050210398786,33.324712973958185,37.28932479256246
"as built, LS off",ATOMKI 2016 anomaly,1.0,MM 3° + TOF,> 10,10,99,16.7,0.9989567650626051,159647559.20533565,5.931841970745367,65.82004267943036,130-156,3.346475116324847e-05,33.29041529185908,48.37057980877226,79.80864378644175,0.0014675403069514907,0.0,0.007408881489445355,3.53994388071256e-05,4.497870325723134e-05,4.033839739958814e-05,37.25089975800921,60.13923147152418,60.20203633913548,48.421094386142784,33.32518128527089,37.28980178203676
"as built, LS off",ATOMKI 2016 anomaly,1.0,MM 3° + TOF,11–14,11,14,16.7,0.9989567650626051,159647559.20533565,2.6829044755194325,31.193768048903998,130-152,5.046250067141552e-05,75.69750220013707,165.2613880467396,36.98713735751259,2.6320063196119683e-07,0.0,0.0012878400710154168,5.3552471999380964e-05,7.534457439552325e-05,7.456133779575257e-05,85.25170205839721,168.75163171351184,168.92786316226218,165.43397454882103,75.776554949696,85.34073249211586
"as built, LS off",ATOMKI 2016 anomaly,1.0,MM 3° + TOF,11–15,11,15,16.7,0.9989567650626051,159647559.20533565,2.9028750311452116,31.82509014161189,130-152,4.6843618903536424e-05,65.22962639654442,126.57264668628649,36.98713735751259,2.6320063431022174e-07,0.0,0.0019084713386983878,4.972327664657072e-05,6.765986927857043e-05,6.5252615537821e-05,73.49596434219397,136.0837666704292,136.2258822701909,126.70482959125275,65.29774728784828,73.57271797202148
"as built, LS off",ATOMKI 2016 anomaly,1.0,MM 3° + TOF,11–16,11,16,16.7,0.9989567650626051,159647559.20533565,3.0252854240248297,33.12376067718483,130-152,4.538494362171901e-05,61.23047287593973,118.51318884204692,36.98713735751259,2.6320063431022174e-07,0.0,0.002583836011674259,4.81596876589822e-05,6.666252407854377e-05,6.314098251252081e-05,68.94635895989065,132.1014303365763,132.23938708528334,118.63695505843002,61.29441735359026,69.0183613257474
"as built, LS off",ATOMKI 2016 anomaly,1.0,MM 3° + TOF,11–17,11,17,16.7,0.9989567650626051,159647559.20533565,3.0252854240248297,33.12376067718483,130-152,4.5385175222233065e-05,61.231097798834654,118.51825253804141,36.98713735751259,2.6320063431022174e-07,0.0,0.003278687664473753,4.815992629893161e-05,6.667070105318779e-05,6.314233140595708e-05,68.94704224490263,132.13384003934405,132.27183063429493,118.64202404256586,61.29504292910742,69.01904532433062
"as built, LS off",ATOMKI 2016 anomaly,1.0,MM 3° + TOF,11–18,11,18,16.7,0.9989567650626051,159647559.20533565,3.0252854240248297,33.12376067718483,130-152,4.538542332058404e-05,61.23176724104082,118.5193913048876,36.98713735751259,2.6320063431022174e-07,0.0,0.004021703966526451,4.816018147924666e-05,6.667104046643957e-05,6.314263475256968e-05,68.94777289280539,132.1351854006427,132.27317740058723,118.64316399865407,61.29571307042843,69.01977673526682
"as built, LS off",ATOMKI 2016 anomaly,1.0,MM 3° + TOF,11–20,11,20,16.7,0.9989567650626051,159647559.20533565,3.0252854240248297,33.12376067718483,130-152,4.5385856618604406e-05,61.232936415116434,118.52139497156953,36.98713735751259,2.6320063431022174e-07,0.0,0.0053281128617758055,4.816063014692259e-05,6.66716398506552e-05,6.314316848910577e-05,68.94905755495448,132.13756124778462,132.2755557288843,118.64516975781403,61.29688346550107,69.02106273901995
"as built, LS off",ATOMKI 2016 anomaly,1.0,MM 3° + TOF,> 11,11,99,16.7,0.9989567650626051,159647559.20533565,3.0252854240248297,33.12376067718483,130-152,4.538648041551747e-05,61.23461963460614,118.52413061677213,36.98713735751259,2.6320063431022174e-07,0.0,0.007191023932413179,4.816126993017774e-05,6.66724883239744e-05,6.314389720272431e-05,68.95088945563147,132.14092447415285,132.27892246755195,118.6479082599177,61.29856844281798,69.02289655279554
"as built, LS off",ATOMKI 2016 anomaly,1.0,MM 3° + TOF,12–15,12,15,16.7,0.9989567650626051,159647559.20533565,1.3667626573400884,13.73459271351234,130-158,6.570410277299906e-05,128.3302354698223,145.42887559944486,17.357792354177555,2.631998171113492e-07,0.0,0.0015760911869025281,7.098950885279038e-05,8.654122619705017e-05,6.994445921704825e-05,149.8070858252201,222.63328869467898,222.86579007323348,145.5807505246043,128.46425386766342,149.96353302220405
"as built, LS off",ATOMKI 2016 anomaly,1.0,MM 3° + TOF,12–16,12,16,16.7,0.9989567650626051,159647559.20533565,1.489173050219706,15.03326324908527,130-158,6.125859398643545e-05,111.55218005930278,127.83360539267241,17.357792354177555,2.631998171113492e-07,0.0,0.0022514558598784,6.6501543562105e-05,8.252512436425524e-05,6.557684412511402e-05,131.46418835144317,202.44935051533272,202.66077331449387,127.96710514759967,111.6686767242742,131.6014796127881
"as built, LS off",ATOMKI 2016 anomaly,1.0,MM 3° + TOF,12–17,12,17,16.7,0.9989567650626051,159647559.20533565,1.489173050219706,15.03326324908527,130-158,6.125932495119119e-05,111.55484225551827,127.83269559927297,17.357792354177555,2.631998171113492e-07,0.0,0.0029463075126778936,6.650225680294827e-05,8.256808204922934e-05,6.557661076908095e-05,131.46700832001423,202.66017161974634,202.8718145845336,127.96619440408077,111.67134170068618,131.60430252632116
"as built, LS off",ATOMKI 2016 anomaly,1.0,MM 3° + TOF,12–18,12,18,16.7,0.9989567650626051,159647559.20533565,1.489173050219706,15.03326324908527,130-158,6.126010082711646e-05,111.5576680543542,127.83534867425806,17.357792354177555,2.631998171113492e-07,0.0,0.0036893238147305916,6.650301947465096e-05,8.256900583336785e-05,6.5577291263074e-05,131.47002375879325,202.66470643016444,202.87635413076495,127.96885024973683,111.67417045057283,131.60732111419654
"as built, LS off",ATOMKI 2016 anomaly,1.0,MM 3° + TOF,12–20,12,20,16.7,0.9989567650626051,159647559.20533565,1.489173050219706,15.03326324908527,130-158,6.126148793391962e-05,111.56272009149167,127.84001854577832,17.357792354177555,2.631998171113492e-07,0.0,0.004995732709979947,6.65043604214587e-05,8.25706335578906e-05,6.557848903321868e-05,131.4753256559834,202.67269697239738,202.88435301771622,127.97352499811794,111.67922776367602,131.61262854828735
"as built, LS off",ATOMKI 2016 anomaly,1.0,MM 3° + TOF,> 12,12,99,16.7,0.9989567650626051,159647559.20533565,1.489173050219706,15.03326324908527,130-158,6.126360866999944e-05,111.57044433028628,127.84673298898184,17.357792354177555,2.631998171113492e-07,0.0,0.00685864378061732,6.650627253608585e-05,8.257315107479556e-05,6.558021117493713e-05,131.4828860476851,202.68505583891232,202.89672479089717,127.98024645337841,111.68696006908178,131.62019683549067
"as built, LS off",ATOMKI 2016 anomaly,1.0,MM 3° + TOF,13–16,13,16,16.7,0.9989567650626051,159647559.20533565,0.7086917482504165,6.944775839925985,128-164,5.974625690660389e-05,106.11222396997363,160.35766667703086,6.406096884248326e-05,2.631998171113492e-07,0.0,0.0018755728694747741,6.47115252271014e-05,0.00010974571711470547,7.344679643807019e-05,124.48220859743704,358.02979860347665,358.40369786277864,160.52513210317082,106.22303955599472,124.61220840687302
"as built, LS off",ATOMKI 2016 anomaly,1.0,MM 3° + TOF,13–17,13,17,16.7,0.9989567650626051,159647559.20533565,0.7086917482504165,6.944775839925985,128-164,5.968009461586248e-05,105.87733927937863,160.28514585697312,6.406096884248326e-05,2.631998171113492e-07,0.0,0.002570424522274268,6.471476156119107e-05,0.00010988542758378424,7.343018661714388e-05,124.49466004523818,358.941949918879,359.3168017600681,160.45253554785023,105.98790956958307,124.62467285802508
"as built, LS off",ATOMKI 2016 anomaly,1.0,MM 3° + TOF,13–18,13,18,16.7,0.9989567650626051,159647559.20533565,0.7086917482504165,6.944775839925985,128-164,5.96837559860071e-05,105.89033081442444,160.2989325046868,6.406096884248326e-05,2.631998171113492e-07,0.0,0.003313440824326966,6.471822204741435e-05,0.00010989053668388548,7.3433344534058e-05,124.5079745831875,358.9753285574429,359.3502152567591,160.4663365932967,106.00091467200609,124.63800130067143
"as built, LS off",ATOMKI 2016 anomaly,1.0,MM 3° + TOF,13–20,13,20,16.7,0.9989567650626051,159647559.20533565,0.7086917482504165,6.944775839925985,128-164,5.969030867324946e-05,105.91358351687869,160.32389798792525,6.406096884248326e-05,2.631998171113492e-07,0.0,0.004619849719576321,6.472430600092891e-05,0.00010989973406636723,7.343906268678683e-05,124.53138487817724,359.035420566535,359.4103700214033,160.49132814859877,106.02419165782518,124.66143604360374
"as built, LS off",ATOMKI 2016 anomaly,1.0,MM 3° + TOF,> 13,13,99,16.7,0.9989567650626051,159647559.20533565,0.7086917482504165,6.944775839925985,128-164,5.970068123254852e-05,105.95039654073636,160.36367700073976,6.406096884248326e-05,2.631998171113492e-07,0.0,0.0064827607902136946,6.473298059913423e-05,0.00010991540182350708,7.344817284524432e-05,124.56476745683379,359.13779898998285,359.5128553611382,160.5311487036075,106.06104312642239,124.69485348450216
20 SiPM bars,ATOMKI 2016 anomaly,1.0,trigger,0–14,0,14,16.7,0.9989567650626051,159647559.20533565,13.891278644601991,226.31804115479656,128-174,4.462155433885845e-05,59.187964078944624,93.2652359335386,499.88069391543144,25.981056677843778,862.632051778513,0.009617948979766,5.033490829729219e-05,8.405529402196808e-05,5.6012878312083184e-05,75.31519005044038,210.0265295219828,210.2458653541631,93.36263509631833,59.249775514794464,75.39384354208796
20 SiPM bars,ATOMKI 2016 anomaly,1.0,trigger,0–15,0,15,16.7,0.9989567650626051,159647559.20533565,18.294371272692892,298.6306551955229,130-176,3.7305847066501925e-05,41.371171978276756,67.11408114919361,499.88069391543144,31.876585203129693,1576.5929182062364,0.014819412372142413,4.666265165358219e-05,7.637493167392251e-05,4.751544685530036e-05,64.72660699594401,173.39863817468287,173.57972260572848,67.18417002260107,41.41437690317259,64.79420257180756
20 SiPM bars,ATOMKI 2016 anomaly,1.0,trigger,0–16,0,16,16.7,0.9989567650626051,159647559.20533565,18.80057966430033,303.2887116100809,130-176,4.181424225049351e-05,51.97475787702011,90.04893870095226,499.88069391543144,31.876585203129693,2565.0101244295147,0.021467788923501378,5.396627249912654e-05,8.233121034557063e-05,5.503858917069037e-05,86.57427370540965,201.49905460661697,201.70948498856097,90.14297900601218,52.02903638553649,86.66468533298736
20 SiPM bars,ATOMKI 2016 anomaly,1.0,trigger,0–17,0,17,16.7,0.9989567650626051,159647559.20533565,18.805181558769487,303.2887116100809,132-176,4.949792604664277e-05,72.83129259568715,132.09057320247751,499.88069391543144,31.876585203129693,4212.990066830321,0.02955796893590888,6.574068320809518e-05,0.00010059478793820396,6.66597845970968e-05,128.47316969878497,300.8118715913265,301.1260167725822,132.22851861281438,72.90735209258308,128.60733736633085
20 SiPM bars,ATOMKI 2016 anomaly,1.0,trigger,0–18,0,18,16.7,0.9989567650626051,159647559.20533565,18.805181558769487,303.2887116100809,132-178,6.054611548991557e-05,108.97241679304975,203.18391511255138,499.88069391543144,31.876585203129693,7394.02306717215,0.0393520338504215,8.393596916799251e-05,0.00012764486535906796,8.267470534804602e-05,209.43064566498776,484.34041773289493,484.8462262553886,203.3961050354544,109.08621934826218,209.6493592011088
20 SiPM bars,ATOMKI 2016 anomaly,1.0,trigger,0–20,0,20,16.7,0.9989567650626051,159647559.20533565,18.805181558769487,303.2887116100809,132-178,9.84193973544372e-05,287.94226443551133,482.2957472861843,499.88069391543144,31.876585203129693,23353.929827401545,0.06434000258607896,0.00014390670696181213,0.00020900320514237374,0.00012737515039719184,615.6105918131054,1298.5237740720916,1299.879854150357,482.7994205094137,288.24296957182713,616.2534889831041
20 SiPM bars,ATOMKI 2016 anomaly,1.0,trigger,none,0,99,16.7,0.9989567650626051,159647559.20533565,18.805181558769487,303.2887116100809,132-178,0.00018942703176669186,1066.664695717577,1429.0690280823276,499.88069391543144,31.876585203129693,81841.03166719002,0.2109382788258219,0.0002660493509707806,0.00036770811431091437,0.00021925757023348022,2104.109903447491,4019.3001584449594,4023.497611724035,1430.5614397563713,1067.7786396999159,2106.3072767875246
20 SiPM bars,ATOMKI 2016 anomaly,1.0,trigger,6–14,6,14,16.7,0.9989567650626051,159647559.20533565,13.87563220340685,224.76121613194823,128-174,4.458684355027507e-05,59.09591610513393,91.63837221601422,496.96272275061153,25.98105667528803,860.8843258642482,0.00958734713236846,5.0294483617778985e-05,8.226943484637844e-05,5.55222013373634e-05,75.1942652312437,201.1967868591708,201.40690157552683,91.73407240529694,59.15763141303754,75.27279243815046
20 SiPM bars,ATOMKI 2016 anomaly,1.0,trigger,6–15,6,15,16.7,0.9989567650626051,159647559.20533565,18.27872483149775,297.07383017267466,130-176,3.7284883067458246e-05,41.32468803073824,65.9430225664681,496.96272275061153,31.876585200573953,1574.8451922919714,0.014788810524744875,4.664218778907014e-05,7.553329374598351e-05,4.7099079387350945e-05,64.66984785228549,169.5980518465229,169.7751672324819,66.01188847480843,41.36784441131284,64.73738415318965
20 SiPM bars,ATOMKI 2016 anomaly,1.0,trigger,6–16,6,16,16.7,0.9989567650626051,159647559.20533565,18.78493322310519,301.7318865872327,130-176,4.1802876637732814e-05,51.94650699136467,88.36051277009707,496.96272275061153,31.876585200573953,2563.2623985152495,0.021437187076103835,5.3961776194419964e-05,8.170819447898467e-05,5.452015819480044e-05,86.55984809918753,198.46102987561179,198.66828757416155,88.45278981073768,52.00075599679147,86.6502446617525
20 SiPM bars,ATOMKI 2016 anomaly,1.0,trigger,6–17,6,17,16.7,0.9989567650626051,159647559.20533565,18.78953511757435,301.7318865872327,132-176,4.949639716783398e-05,72.82679347788238,129.3492619460345,496.96272275061153,31.876585200573953,4211.242340916055,0.02952736708851134,6.575486263130088e-05,9.98390522912342e-05,6.59644538510295e-05,128.5285957093118,296.30904763411996,296.61849040638924,129.4843445381023,72.90284827623975,128.66282125959358
20 SiPM bars,ATOMKI 2016 anomaly,1.0,trigger,6–18,6,18,16.7,0.9989567650626051,159647559.20533565,18.78953511757435,301.7318865872327,132-178,6.055666662303917e-05,109.01040049030638,198.45930507830735,496.96272275061153,31.876585200573953,7392.275341257884,0.039321432003023966,8.397409731817605e-05,0.0001266644432330673,8.17078394209164e-05,209.6209578003122,476.9286914251761,477.42675970094336,198.6665609756092,109.12424271282116,209.83987008404227
20 SiPM bars,ATOMKI 2016 anomaly,1.0,trigger,6–20,6,20,16.7,0.9989567650626051,159647559.20533565,18.78953511757435,301.7318865872327,132-178,9.846186338621344e-05,288.190800876497,470.29039591991665,496.96272275061153,31.876585200573953,23352.18210148728,0.06430940073868141,0.0001440080147307249,0.0002073980414559155,0.00012577984305422709,616.4776547765957,1278.6548037975515,1279.990134225096,470.78153166162633,288.49176556548565,617.1214574416149
20 SiPM bars,ATOMKI 2016 anomaly,1.0,trigger,> 6,6,99,16.7,0.9989567650626051,159647559.20533565,18.78953511757435,301.7318865872327,132-178,0.0001895304202827283,1067.8293761161601,1404.4332769331668,496.96272275061153,31.876585200573953,81839.28394127577,0.21090767697842436,0.000266260875360417,0.00036549833879813995,0.00021735946134463928,2107.457007957655,3971.136613085609,3975.2837679984436,1405.8999608908503,1068.9445364026728,2109.657876760642
20 SiPM bars,ATOMKI 2016 anomaly,1.0,trigger,8–14,8,14,16.7,0.9989567650626051,159647559.20533565,13.533251254901456,214.63618654009846,128-174,4.489690937393331e-05,59.920703666206315,81.9591569042415,467.93812965286116,19.34685150373207,843.2118313745715,0.009232733170264096,5.0539545824608715e-05,8.621971219286456e-05,5.25081521123976e-05,75.92882556949237,220.98212754519608,221.2129045758522,82.04474885267439,59.983280319895584,76.00811989569326
20 SiPM bars,ATOMKI 2016 anomaly,1.0,trigger,8–15,8,15,16.7,0.9989567650626051,159647559.20533565,17.936343882992354,286.94880058082487,130-176,3.746806540033528e-05,41.731745685011944,59.63589774767946,467.93812965286116,25.242380029017987,1557.1726978022948,0.014434196562640512,4.690013400259026e-05,7.885298707443285e-05,4.479008372655645e-05,65.38711562012256,184.83334038527568,185.02636635499644,59.69817697159501,41.775327165832444,65.4554009812674
20 SiPM bars,ATOMKI 2016 anomaly,1.0,trigger,8–16,8,16,16.7,0.9989567650626051,159647559.20533565,18.442552274599798,291.6068569953828,130-176,4.213406336950334e-05,52.77286849064575,79.28973876917391,467.93812965286116,25.242380029017987,2545.5899040255727,0.02108257311399947,5.4447296043087636e-05,8.44202071012731e-05,5.164597575992742e-05,88.12449602864525,211.85408344297977,212.07532783433604,79.37254297907955,52.8279804855603,88.21652659124086
20 SiPM bars,ATOMKI 2016 anomaly,1.0,trigger,8–17,8,17,16.7,0.9989567650626051,159647559.20533565,18.447154169068956,291.6068569953828,132-176,5.003336179121867e-05,74.41549619889952,115.61865480127597,467.93812965286116,25.242380029017987,4193.569846426378,0.02917275312640698,6.655246889595305e-05,0.0001031597089453543,6.23651468972448e-05,131.6656098735671,316.34737068044626,316.67773996267056,115.73939818509572,74.49321011829362,131.8031114843249
20 SiPM bars,ATOMKI 2016 anomaly,1.0,trigger,8–18,8,18,16.7,0.9989567650626051,159647559.20533565,18.447154169068956,291.6068569953828,132-178,6.135832182247308e-05,111.9156854004214,176.88005139661303,467.93812965286116,25.242380029017987,7374.602846768209,0.038966818040919594,8.520199416603938e-05,0.00013092879240035368,7.71378307251511e-05,215.79607044797288,509.582303193071,510.11447243278366,177.06477155247842,112.03256168289484,216.0214315525946
20 SiPM bars,ATOMKI 2016 anomaly,1.0,trigger,8–20,8,20,16.7,0.9989567650626051,159647559.20533565,18.447154169068956,291.6068569953828,132-178,0.00010007116434894297,297.6884047013422,427.42187249870796,467.93812965286116,25.242380029017987,23334.509606997603,0.06395478677657705,0.00014648824271088826,0.00021564978788107906,0.00011991026557745813,637.895518802738,1382.426605622901,1383.870307476484,427.86823959485497,297.9992879698712,638.5616886660363
20 SiPM bars,ATOMKI 2016 anomaly,1.0,trigger,> 8,8,99,16.7,0.9989567650626051,159647559.20533565,18.447154169068956,291.6068569953828,132-178,0.00019288911913139446,1106.01106656615,1349.6878074767185,467.93812965286116,25.242380029017987,81821.6114467861,0.21055306301631993,0.0002710985965545087,0.00038427038330790205,0.00021308096546504763,2184.7339195548234,4389.528165505408,4394.112256930673,1351.0973194041414,1107.1661009241334,2187.015490523161
20 SiPM bars,ATOMKI 2016 anomaly,1.0,trigger,9–14,9,14,16.7,0.9989567650626051,159647559.20533565,12.912915880458883,199.20018021769306,128-174,4.584656780756848e-05,62.48239535475549,80.64853214062639,417.14133516241975,16.417827950805403,822.5218825417198,0.008844591904982834,5.140433077048749e-05,9.163580091434144e-05,5.208662612620126e-05,78.54950124737474,249.61712274711115,249.8778040023259,80.73275537162222,62.547647245613966,78.63153240916488
20 SiPM bars,ATOMKI 2016 anomaly,1.0,trigger,9–15,9,15,16.7,0.9989567650626051,159647559.20533565,17.316008508549782,271.5127942584194,130-176,3.801346424215222e-05,42.955513189339634,59.42902813630715,417.14133516241975,22.313356476091325,1536.482748969443,0.014046055297359248,4.763737879983076e-05,8.265116267132607e-05,4.4712330586823285e-05,67.45897321398824,203.06821316652804,203.2802822590642,59.49109132123722,43.00037268044087,67.52942226659886
20 SiPM bars,ATOMKI 2016 anomaly,1.0,trigger,9–16,9,16,16.7,0.9989567650626051,159647559.20533565,17.822216900157223,276.17085067297745,130-176,4.291265662486261e-05,54.74126333541511,74.73212631756181,417.14133516241975,22.313356476091325,2524.899955192722,0.020694431848718213,5.557719598180936e-05,8.612903611470006e-05,5.013969215424821e-05,91.81999741975166,220.51756427013396,220.7478561460205,74.81017090151876,54.798430973120695,91.91588728466867
20 SiPM bars,ATOMKI 2016 anomaly,1.0,trigger,9–17,9,17,16.7,0.9989567650626051,159647559.20533565,17.82681879462638,276.17085067297745,132-176,5.116604089177409e-05,77.82294115751183,107.40553919866207,417.14133516241975,22.313356476091325,4172.879897593528,0.028784611861125717,6.824403991062903e-05,0.00010566664443612725,6.010925335289894e-05,138.44378666241167,331.9096238522872,332.25624517542184,107.51770542535033,77.90421355486254,138.58836688866643
20 SiPM bars,ATOMKI 2016 anomaly,1.0,trigger,9–18,9,18,16.7,0.9989567650626051,159647559.20533565,17.82681879462638,276.17085067297745,132-178,6.295763387264299e-05,117.82591149945786,161.9069425560633,417.14133516241975,22.313356476091325,7353.912897935358,0.03857867677563834,8.768004898689768e-05,0.00013495691720127523,7.380074218858487e-05,228.53124228135482,541.4200208225878,541.9854389680786,162.0760259288264,117.94895997533352,228.7699030368273
20 SiPM bars,ATOMKI 2016 anomaly,1.0,trigger,9–20,9,20,16.7,0.9989567650626051,159647559.20533565,17.82681879462638,276.17085067297745,132-178,0.00010309911180113199,315.9758280077976,391.29028725676113,417.14133516241975,22.313356476091325,23313.819658164757,0.06356664551129577,0.00015130310640033278,0.00022620823167155682,0.00011473014104112941,680.5181333647569,1521.110703804183,1522.6992368472065,391.6989212563557,316.30580927893834,681.2288150649928
20 SiPM bars,ATOMKI 2016 anomaly,1.0,trigger,> 9,9,99,16.7,0.9989567650626051,159647559.20533565,17.82681879462638,276.17085067297745,132-178,0.00019908058577356545,1178.1533778818655,1302.5943397913657,417.14133516241975,22.313356476091325,81800.92149795326,0.2101649217510387,0.00028037964046581556,0.000409090973592283,0.0002093305366891834,2336.8829603965514,4974.89371803454,4980.089120996904,1303.9546708607868,1179.383752216774,2339.323424322671
20 SiPM bars,ATOMKI 2016 anomaly,1.0,trigger,10–14,10,14,16.7,0.9989567650626051,159647559.20533565,11.754158853124762,179.75690642414986,130-174,4.8013320720114416e-05,68.52791220489203,120.7607997677166,345.0932547710431,9.500298261886778,784.367243436076,0.008183890010168346,5.3756991844934585e-05,0.00010338575330629717,6.373690692358696e-05,85.9041073786077,317.73525525298857,318.06707393695456,120.88691321906056,68.59947757658696,85.99381913512948
20 SiPM bars,ATOMKI 2016 anomaly,1.0,trigger,10–15,10,15,16.7,0.9989567650626051,159647559.20533565,16.15725148121566,252.06952046487623,130-176,3.92187270668437e-05,45.72260858334062,77.22209041283114,345.0932547710431,15.395826787172702,1498.3281098637997,0.013385353402544762,4.947839502425147e-05,9.212613793680021e-05,5.0968138297250365e-05,72.7738280076062,252.2956388570255,252.55911735200473,77.30273532708054,45.770357819715215,72.8498274928299
20 SiPM bars,ATOMKI 2016 anomaly,1.0,trigger,10–16,10,16,16.7,0.9989567650626051,159647559.20533565,16.6634598728231,256.7275768794343,130-176,4.4565919928977285e-05,59.04046430190292,86.39404387334869,345.0932547710431,15.395826787172702,2486.745316087077,0.020033729953903723,5.817597437563447e-05,9.287304202746638e-05,5.391006989329035e-05,100.6077287322972,256.40314909142495,256.6709171596191,86.4842672825128,59.10212170013467,100.71279583955975
20 SiPM bars,ATOMKI 2016 anomaly,1.0,trigger,10–17,10,17,16.7,0.9989567650626051,159647559.20533565,16.668061767292258,256.7275768794343,132-176,5.345447138307253e-05,84.93996762317835,123.37276984592793,345.0932547710431,15.395826787172702,4134.725258487883,0.02812390996631123,7.196163035042046e-05,0.00011472621349822444,6.442251141966615e-05,153.93805715489162,391.26349773008843,391.67210375272623,123.50161104139087,85.02867250501589,154.098818426085
20 SiPM bars,ATOMKI 2016 anomaly,1.0,trigger,10–18,10,18,16.7,0.9989567650626051,159647559.20533565,16.668061767292258,256.7275768794343,132-178,6.614972707283886e-05,130.07688441768934,182.6944725378459,345.0932547710431,15.395826787172702,7315.758258829715,0.037917974880823845,9.297864773584546e-05,0.00014745680283753535,7.839542114290309e-05,256.9865914026885,646.3587604954747,647.0337687286867,182.88526483565718,130.21272688366784,257.25496877393186
20 SiPM bars,ATOMKI 2016 anomaly,1.0,trigger,10–20,10,20,16.7,0.9989567650626051,159647559.20533565,16.668061767292258,256.7275768794343,132-178,0.00010907024423551618,353.6360932697725,424.79342424958304,345.0932547710431,15.395826787172702,23275.665019059114,0.06290594361648129,0.0001613611517259753,0.0002501873543935008,0.0001195410004632552,774.0018218291682,1860.6929934131733,1862.6361605314949,425.23704639305487,354.0054040753305,774.810130827495
20 SiPM bars,ATOMKI 2016 anomaly,1.0,trigger,> 10,10,99,16.7,0.9989567650626051,159647559.20533565,16.668061767292258,256.7275768794343,132-178,0.0002112325418019115,1326.3729701574398,1409.5599563609842,345.0932547710431,15.395826787172702,81762.76685884762,0.20950421985622422,0.00029962327707027677,0.00045740730538886064,0.00021775581951347136,2668.6714673701495,6219.424584515409,6225.919681444507,1411.0319942351523,1327.7581338310627,2671.4584261340906
20 SiPM bars,ATOMKI 2016 anomaly,1.0,trigger,11–14,11,14,16.7,0.9989567650626051,159647559.20533565,10.022926153827315,151.28679158650493,130-174,5.1217680144643515e-05,77.98010580853182,98.70508585601488,230.41286952425725,6.522628663826806,709.6476745837721,0.007267167018686371,5.7521685986201213e-05,0.00010302859952684835,5.762325128102667e-05,98.35744229176983,315.5437669578982,315.87329701713657,98.8081659868723,78.06154233676446,98.46015936996605
20 SiPM bars,ATOMKI 2016 anomaly,1.0,trigger,11–15,11,15,16.7,0.9989567650626051,159647559.20533565,14.426018781918215,223.59940562723136,130-176,4.091784051805758e-05,49.77020430027332,68.1634011139656,230.41286952425725,12.41815718911273,1423.6085410114954,0.01246863041106278,5.243720890949654e-05,0.00010720580240506893,4.7885455134871624e-05,81.73783823478546,341.6493480771309,342.0061408320505,68.23458581782944,49.822180539669496,81.82319905472876
20 SiPM bars,ATOMKI 2016 anomaly,1.0,trigger,11–16,11,16,16.7,0.9989567650626051,159647559.20533565,14.932227173525654,228.25746204178935,132-176,4.70100425768705e-05,65.69393885491014,98.22506808328893,230.41286952425725,12.41815718911273,2412.025747234774,0.019117006962421745,6.256868461457307e-05,0.00010480056739327565,5.748296521859185e-05,116.37456285368347,326.49105011749424,326.8320126917934,98.32764691986756,65.7625446390496,116.49609565073642
20 SiPM bars,ATOMKI 2016 anomaly,1.0,trigger,11–17,11,17,16.7,0.9989567650626051,159647559.20533565,14.936829067994815,228.25746204178935,132-178,5.702450073834923e-05,96.66449715986896,150.68088688961853,230.41286952425725,12.41815718911273,4060.0056896355795,0.027207186974829246,7.841401394267812e-05,0.00013218191436506385,7.119624312396524e-05,182.78114098104984,519.383427027737,519.925831820346,150.83824661838622,96.76544625413388,182.9720237888322
20 SiPM bars,ATOMKI 2016 anomaly,1.0,trigger,11–18,11,18,16.7,0.9989567650626051,159647559.20533565,14.936829067994815,228.25746204178935,132-178,7.122028879808276e-05,150.78268538889157,241.11049814951883,230.41286952425725,12.41815718911273,7241.0386899774085,0.03700125188934187,0.00010230078597506,0.0001716575270999563,9.006085252622148e-05,311.1013915313625,875.9306364468557,876.845392194687,241.36229572899316,150.94015142831725,311.4262823094908
20 SiPM bars,ATOMKI 2016 anomaly,1.0,trigger,11–20,11,20,16.7,0.9989567650626051,159647559.20533565,14.936829067994815,228.25746204178935,132-178,0.00011870757376652398,418.8908463000812,629.0568395802019,230.41286952425725,12.41815718911273,23200.945450206807,0.06198922062499932,0.00017922937618662432,0.0002877725741957827,0.0001454698322109364,954.9099074984094,2461.7435927249485,2464.314451657645,629.7137789950084,419.3283042373001,955.9071432271293
20 SiPM bars,ATOMKI 2016 anomaly,1.0,trigger,> 11,11,99,16.7,0.9989567650626051,159647559.20533565,14.936829067994815,228.25746204178935,132-178,0.00023094390613129435,1585.4663430196222,2058.320040839203,230.41286952425725,12.41815718911273,81688.04728999532,0.20858749686474226,0.00033390223007275074,0.0004958994107015026,0.0002631385303862412,3314.2300608667106,7310.232625864969,7317.866880261663,2060.469594707842,1587.1220842277996,3317.6911922299323
20 SiPM bars,ATOMKI 2016 anomaly,1.0,trigger,12–15,12,15,16.7,0.9989567650626051,159647559.20533565,12.121390031763612,188.7222410118597,132-176,4.2202452131120324e-05,52.94432122115048,117.62029286062821,31.033568389185582,10.329428142016058,1315.0265993802925,0.010981603980138982,5.642587801058271e-05,0.00013206001491715655,6.290267603076624e-05,94.64565128612253,518.4259078454105,518.9673126773615,117.74312660393954,52.999612268337195,94.74449205035519
20 SiPM bars,ATOMKI 2016 anomaly,1.0,trigger,12–16,12,16,16.7,0.9989567650626051,159647559.20533565,12.627598423371053,193.38029742641768,132-176,4.9878538442379034e-05,73.95566578917607,153.8813767045575,31.033568389185582,10.329428142016058,2303.4438056035706,0.01762998053149795,6.942115109377205e-05,0.00015397849952660553,7.194838088755935e-05,143.26088642046162,704.7972151148887,705.5332520529241,154.04207878297285,74.0328994964474,143.4104972615941
20 SiPM bars,ATOMKI 2016 anomaly,1.0,trigger,12–17,12,17,16.7,0.9989567650626051,159647559.20533565,12.632200317840212,193.38029742641768,132-178,6.203005520247555e-05,114.37954067842342,232.57237696679746,31.033568389185582,10.329428142016058,3951.4237480043766,0.025720160543905447,8.91209599024429e-05,0.0001952917373920632,8.845187822292452e-05,236.10420612166573,1133.7355140787924,1134.919501754153,232.8152579778786,114.49899002511405,236.3507755081562
20 SiPM bars,ATOMKI 2016 anomaly,1.0,trigger,12–18,12,18,16.7,0.9989567650626051,159647559.20533565,12.632200317840212,193.38029742641768,132-178,7.891760715787181e-05,185.1364066445951,345.38386138774456,31.033568389185582,10.329428142016058,7132.456748346206,0.03551422545841807,0.00011822859329753196,0.00025432643161759624,0.00010779013450721604,415.51724949801485,1922.7685439756197,1924.7765381068507,345.7445541860855,185.32974911380924,415.95118430573336
20 SiPM bars,ATOMKI 2016 anomaly,1.0,trigger,12–20,12,20,16.7,0.9989567650626051,159647559.20533565,12.632200317840212,193.38029742641768,134-178,0.00013387656391654985,532.7863961385867,769.8606564337215,31.033568389185582,10.329428142016058,23092.36350857561,0.06050219419407552,0.00021037844774861113,0.0004383903763818545,0.00016092890505571208,1315.6685873101992,5713.02384376409,5718.990094036804,770.6646407119271,533.3427979790464,1317.0425721354873
20 SiPM bars,ATOMKI 2016 anomaly,1.0,trigger,> 12,12,99,16.7,0.9989567650626051,159647559.20533565,12.632200317840212,193.38029742641768,132-178,0.0002633043264728065,2060.9146355320527,2458.0692675955015,31.033568389185582,10.329428142016058,81579.4653483641,0.20710047043381843,0.0003939899655179152,0.000827290959296745,0.0002875577336152041,4614.390396219024,20345.13470077671,20366.381621632714,2460.6362893407636,2063.0668989992714,4619.209316761409
20 SiPM bars,ATOMKI 2016 anomaly,1.0,trigger,13–16,13,16,16.7,0.9989567650626051,159647559.20533565,9.389705474871098,140.94614591822022,132-178,5.859348129399765e-05,102.05695749554256,451.97426893794545,0.014009860051602464,5.896940491243584,2095.2765252832405,0.01541680285247421,8.774644229220434e-05,0.00013766726781077405,0.00012330618154444848,228.87747131210298,563.3851553651422,563.9735122368729,452.4462767010943,102.16353806778275,229.1164936430048
20 SiPM bars,ATOMKI 2016 anomaly,1.0,trigger,13–17,13,17,16.7,0.9989567650626051,159647559.20533565,9.39430736934026,140.94614591822022,134-178,7.48482489081027e-05,166.5356826578269,808.4024016980966,0.014009860051602464,5.896940491243584,3743.2564676840466,0.023506982864881707,0.00011552259468038283,0.00018060057255647085,0.00016490802525384861,396.7143246637341,969.576896781364,970.5894496050588,809.2466360618056,166.70959993688018,397.12862311801035
20 SiPM bars,ATOMKI 2016 anomaly,1.0,trigger,13–18,13,18,16.7,0.9989567650626051,159647559.20533565,9.39430736934026,140.94614591822022,134-178,9.663272441809014e-05,277.5827416308725,1401.893360636965,0.014009860051602464,5.896940491243584,6924.289468025878,0.033301047779394334,0.00015575084975799297,0.0002356542549205858,0.00021716282520686526,721.1155529232132,1650.8004715272423,1652.5244427608293,1403.3573920980532,277.87262806461524,721.8686314998032
20 SiPM bars,ATOMKI 2016 anomaly,1.0,trigger,13–20,13,20,16.7,0.9989567650626051,159647559.20533565,9.39430736934026,140.94614591822022,134-178,0.0001668627610865968,827.6807680571546,3346.3004435045727,0.014009860051602464,5.896940491243584,22884.196228255274,0.05828901651505177,0.0002810877587396458,0.0003733080351834598,0.00033551385503357954,2348.7017869583024,4142.6542548316065,4146.980529804995,3349.795066751321,828.5451352894972,2351.154593573535
20 SiPM bars,ATOMKI 2016 anomaly,1.0,trigger,> 13,13,99,16.7,0.9989567650626051,159647559.20533565,9.39430736934026,140.94614591822022,134-178,0.0003316149408152691,3268.979458142521,7974.119600698561,0.014009860051602464,5.896940491243584,81371.29806804378,0.20488729275479473,0.0005288252699172183,0.0006058191613993154,0.0005179279712155925,8313.203510791282,10910.132470825498,10921.52618851503,7982.447168470619,3272.3933331966095,8321.885192168742
20 SiPM bars,ATOMKI 2016 anomaly,1.0,MM 15°,0–14,0,14,16.7,0.9989567650626051,159647559.20533565,10.165584882371231,161.4268502918283,128-164,4.177272540281806e-05,51.87159891733773,65.3153167916112,360.2290032322719,14.21519457180253,134.19884526913626,0.002956935113515923,4.4307565492508534e-05,9.560642867861835e-05,4.687437740247652e-05,58.35791795103843,271.717871720563,272.00163332747866,65.38352717148659,51.92576969443408,58.41886254945289
20 SiPM bars,ATOMKI 2016 anomaly,1.0,MM 15°,0–15,0,15,16.7,0.9989567650626051,159647559.20533565,13.462382080076416,214.5926644518544,130-170,3.3902936337457935e-05,34.167927832988276,43.16853251992884,360.2290032322719,14.215194571802531,249.5159968549128,0.004148777136632167,3.742774245691063e-05,6.699277713669043e-05,3.8107603361670575e-05,41.641971029156664,133.41356089436002,133.55288793304175,43.213614472317474,34.2036102341696,41.685458756112375
20 SiPM bars,ATOMKI 2016 anomaly,1.0,MM 15°,0–16,0,16,16.7,0.9989567650626051,159647559.20533565,13.829613258715268,218.5618783557754,130-168,3.572136814768665e-05,37.93151433836392,47.315324716481534,360.2290032322719,14.215194571802531,382.75017395301677,0.0055785527406761026,3.930168090923283e-05,6.3865266130952e-05,3.9895958735972736e-05,45.916234313054574,121.24768781145437,121.37430973186885,47.364737265197114,37.97112714481365,45.96418575750571
20 SiPM bars,ATOMKI 2016 anomaly,1.0,MM 15°,0–17,0,17,16.7,0.9989567650626051,159647559.20533565,13.833294774290595,218.5618783557754,130-168,4.0117863317894e-05,47.843131902295625,57.85640297212316,360.2290032322719,14.215194571802531,634.535869497083,0.007079350071196556,4.4069998902266276e-05,7.049462970302375e-05,4.4116770008492504e-05,57.733793199933125,147.72570799543513,147.8799815587385,57.9168238262016,47.893095652940765,57.794086009633176
20 SiPM bars,ATOMKI 2016 anomaly,1.0,MM 15°,0–18,0,18,16.7,0.9989567650626051,159647559.20533565,13.833294774290595,218.5618783557754,130-170,4.695700438029652e-05,65.5457865746488,77.30720056270852,360.2290032322719,14.215194571802531,1141.5692626863856,0.008748590538765087,5.238673064800467e-05,8.119646275600821e-05,5.0996217770826055e-05,81.58054542171791,195.98292402163577,196.18759377374397,77.38793435956524,65.61423763974511,81.66574197693653
20 SiPM bars,ATOMKI 2016 anomaly,1.0,MM 15°,0–20,0,20,16.7,0.9989567650626051,159647559.20533565,13.833294774290595,218.5618783557754,130-174,7.29188526640175e-05,158.06061456113827,172.6666125249448,360.2290032322719,14.215194571802531,3793.6614435913457,0.012318816986889337,8.330893568235858e-05,0.00011869278175988753,7.62135476496085e-05,206.31328075289406,418.7864578448362,419.22380676664284,172.84693248373338,158.22568111967541,206.52873874873285
20 SiPM bars,ATOMKI 2016 anomaly,1.0,MM 15°,none,0,99,16.7,0.9989567650626051,159647559.20533565,13.833294774290595,218.5618783557754,128-176,0.00013790370895840653,565.3220256981241,552.7525707957683,360.2290032322719,14.215194571802531,14089.12819652118,0.02064325180009761,0.00015241177393709895,0.0001929988298928549,0.00013636200527115185,690.5276110182328,1107.269570154909,1108.425918798914,553.3298237998589,565.9124052908287,691.2487458603448
20 SiPM bars,ATOMKI 2016 anomaly,1.0,MM 15°,6–14,6,14,16.7,0.9989567650626051,159647559.20533565,10.157301472326749,161.04175293675178,128-164,4.1718811255253414e-05,51.73778872031685,64.54582899150503,358.53975691784194,14.21519457180253,133.3788592376922,0.0029465359870201355,4.4247825245989036e-05,9.544700871161652e-05,4.659744292634768e-05,58.200655142674925,270.81246944100474,271.0952855142162,64.6132357764852,51.791819756157736,58.26143550769934
20 SiPM bars,ATOMKI 2016 anomaly,1.0,MM 15°,6–15,6,15,16.7,0.9989567650626051,159647559.20533565,13.454098670031932,214.20756709677786,130-170,3.3869101788662016e-05,34.09976385168694,42.74670002238713,358.53975691784194,14.215194571802531,248.69601082346875,0.0041383780101363786,3.738609802938017e-05,6.691667331843121e-05,3.792095711810427e-05,41.549355703401424,133.1106173604531,133.24962802780658,42.79134144480034,34.13537506755849,41.592746709911424
20 SiPM bars,ATOMKI 2016 anomaly,1.0,MM 15°,6–16,6,16,16.7,0.9989567650626051,159647559.20533565,13.821329848670782,218.17678100069887,130-168,3.569077254767334e-05,37.86656495391655,46.828338822246586,358.53975691784194,14.215194571802531,381.9301879215728,0.005568153614180314,3.926686793897862e-05,6.385457466979861e-05,3.96901161245514e-05,45.83492621097464,121.20709590549599,121.3336754347921,46.87724279970398,37.90610993213849,45.8827927433898
20 SiPM bars,ATOMKI 2016 anomaly,1.0,MM 15°,6–17,6,17,16.7,0.9989567650626051,159647559.20533565,13.825011364246109,218.17678100069887,130-168,4.00941459153383e-05,47.78657956838402,57.294992824301374,358.53975691784194,14.215194571802531,633.715883465639,0.007068950944700768,4.4044387555360424e-05,7.057506566781103e-05,4.390220448462125e-05,57.66670853527907,148.06301706349103,148.21764288688894,57.35482738405668,47.83648426004624,57.72693128682608
20 SiPM bars,ATOMKI 2016 anomaly,1.0,MM 15°,6–18,6,18,16.7,0.9989567650626051,159647559.20533565,13.825011364246109,218.17678100069887,130-170,4.694515214381544e-05,65.51270243180676,76.59120860854082,358.53975691784194,14.215194571802531,1140.7492766549415,0.0087381914122693,5.237436785039296e-05,8.144843590542471e-05,5.075951396133846e-05,81.54204541403908,197.20118048276086,197.40712248983286,76.67119467752022,65.58111894632502,81.62720176275977
20 SiPM bars,ATOMKI 2016 anomaly,1.0,MM 15°,6–20,6,20,16.7,0.9989567650626051,159647559.20533565,13.825011364246109,218.17678100069887,130-174,7.293122661296611e-05,158.11426323637977,171.38718473942018,358.53975691784194,14.215194571802531,3792.841457559901,0.012308417860393548,8.333134645636797e-05,0.00011970662597452197,7.593065846306151e-05,206.42429554789626,425.97135262200044,426.4162049048285,171.5661685605375,158.2793858215382,206.63986947919568
20 SiPM bars,ATOMKI 2016 anomaly,1.0,MM 15°,> 6,6,99,16.7,0.9989567650626051,159647559.20533565,13.825011364246109,218.17678100069887,128-176,0.00013796712026221825,565.8420414223957,550.7717674311779,358.53975691784194,14.215194571802531,14088.308210489735,0.020632852673601827,0.0001524880607027125,0.0001959132596192331,0.00013611745757390867,691.2190444968528,1140.9632965110886,1142.154832336096,551.3469518339572,566.4329640802164,691.9409014198264
20 SiPM bars,ATOMKI 2016 anomaly,1.0,MM 15°,8–14,8,14,16.7,0.9989567650626051,159647559.20533565,9.918923338824333,153.91766778182134,128-164,4.1688980591087406e-05,51.66382588359281,60.90697866829643,340.67876905443075,8.86360703306873,128.995075015973,0.002823808870667753,4.411644818007969e-05,0.00010902123430515945,4.526489547542877e-05,57.85555885926445,353.3183569982305,353.6873359840432,60.97058531304842,51.71777967823763,57.915978831815224
20 SiPM bars,ATOMKI 2016 anomaly,1.0,MM 15°,8–15,8,15,16.7,0.9989567650626051,159647559.20533565,13.215720536529517,207.08348194184745,130-168,3.3831813666338586e-05,34.02472104500161,41.02123938003773,340.67876905443075,8.863607033068734,244.3122266017496,0.004015650893783996,3.7261382387199265e-05,7.240617411261643e-05,3.714773872989404e-05,41.27261050550188,155.84583976297634,156.00859337812224,41.06407886177827,34.060253891838116,41.315712500245496
20 SiPM bars,ATOMKI 2016 anomaly,1.0,MM 15°,8–16,8,16,16.7,0.9989567650626051,159647559.20533565,13.582951715168372,211.05269584576843,130-168,3.5727309150771706e-05,37.9441325551372,44.90470745338639,340.67876905443075,8.863607033068734,377.54640369985344,0.005445426497827931,3.923652348955058e-05,6.819942484001129e-05,3.8866365391324135e-05,45.76411342289103,138.26282843366076,138.40721968081948,44.95160253564347,37.98375853909876,45.81190600378282
20 SiPM bars,ATOMKI 2016 anomaly,1.0,MM 15°,8–17,8,17,16.7,0.9989567650626051,159647559.20533565,13.586633230743695,211.05269584576843,130-168,4.027046032907405e-05,48.207787607477016,55.33844858019133,340.67876905443075,8.863607033068734,629.3320992439197,0.006946223828348386,4.417726799344048e-05,7.571520496887701e-05,4.314609380045471e-05,58.015190468616545,170.41594124491846,170.5939107727434,55.396239873027184,48.25813217697746,58.07577714835407
20 SiPM bars,ATOMKI 2016 anomaly,1.0,MM 15°,8–18,8,18,16.7,0.9989567650626051,159647559.20533565,13.586633230743695,211.05269584576843,130-168,4.732533676232453e-05,66.57810641104116,74.54658790930873,340.67876905443075,8.863607033068734,1136.3654924332225,0.008615464295916917,5.2756305419294775e-05,8.767956806300957e-05,5.0077412246132943e-05,82.73566472930769,228.52873530665656,228.76739344403413,74.62443873097637,66.64763555294475,82.82206760381928
20 SiPM bars,ATOMKI 2016 anomaly,1.0,MM 15°,8–20,8,20,16.7,0.9989567650626051,159647559.20533565,13.586633230743695,211.05269584576843,130-174,7.393152681197799e-05,162.481291817783,170.12456393068663,340.67876905443075,8.863607033068734,3788.4576733381823,0.01218569074404117,8.445694000678769e-05,0.00012964855105651623,7.5650448317431e-05,212.0384873754499,499.66548130362946,500.1872941641425,170.3022291660689,162.65097499750172,212.2599243443347
20 SiPM bars,ATOMKI 2016 anomaly,1.0,MM 15°,> 8,8,99,16.7,0.9989567650626051,159647559.20533565,13.586633230743695,211.05269584576843,128-174,0.00014026352161248135,584.835181187129,559.8048413295629,340.67876905443075,8.863607033068734,14083.924426268013,0.020510125557249445,0.00015497985986521144,0.0002128551700040257,0.00013722913270266813,713.9939644423475,1346.8288762616728,1348.2354025374325,560.3894591919397,585.4459388444875,714.7396057702268
20 SiPM bars,ATOMKI 2016 anomaly,1.0,MM 15°,9–14,9,14,16.7,0.9989567650626051,159647559.20533565,9.480822985360438,141.15181245242337,128-164,4.1869499063002534e-05,52.112216164886135,62.05067381421662,303.9002087489766,5.9390591140429105,127.7665189864531,0.0026571985536413163,4.4152221569060964e-05,0.00010534658891181165,4.5687905041818756e-05,57.94942537108954,329.902015319686,330.24654004821804,62.115474847730646,52.16663822444832,58.009943370730184
20 SiPM bars,ATOMKI 2016 anomaly,1.0,MM 15°,9–15,9,15,16.7,0.9989567650626051,159647559.20533565,12.77762018306562,194.3176266124494,130-168,3.391412917554564e-05,34.190492203792985,40.44323846170892,303.9002087489766,5.939059114042914,243.08367057222966,0.003849040576757559,3.722464908607776e-05,6.838014689090216e-05,3.688509918452014e-05,41.19127525510195,138.9965662550938,139.14172376257227,40.485474322979655,34.22619816949761,41.23429230945793
20 SiPM bars,ATOMKI 2016 anomaly,1.0,MM 15°,9–16,9,16,16.7,0.9989567650626051,159647559.20533565,13.144851361704475,198.28684051637043,130-164,3.5930342817185274e-05,38.37662113437744,43.42225194923705,303.9002087489766,5.939059114042914,376.31784767033355,0.005278816180801495,3.93667918550651e-05,6.467542956062173e-05,3.82194264160562e-05,46.06849883947741,124.34337660080091,124.47323142459348,43.467598867019795,38.416698776720686,46.11660929749074
20 SiPM bars,ATOMKI 2016 anomaly,1.0,MM 15°,9–17,9,17,16.7,0.9989567650626051,159647559.20533565,13.148532877279804,198.28684051637043,130-164,4.071730990696679e-05,49.28357092925017,53.98209747014048,303.9002087489766,5.939059114042914,628.1035432143998,0.006779613511321949,4.4607337968434124e-05,7.234163227640809e-05,4.261405588412732e-05,59.15025566676885,155.56812605276596,155.73058964470442,54.038472292399355,49.335038965536754,59.21202772280327
20 SiPM bars,ATOMKI 2016 anomaly,1.0,MM 15°,9–18,9,18,16.7,0.9989567650626051,159647559.20533565,13.148532877279804,198.28684051637043,130-168,4.8158840736495805e-05,68.94393403933314,73.50905483354346,303.9002087489766,5.939059114042914,1135.1369364037027,0.00844885397889048,5.364467424209027e-05,8.453032913583322e-05,4.972770459814531e-05,85.54551351189009,212.40715052949741,212.6289725023142,73.58582213409066,69.01593387278616,85.63485078008247
20 SiPM bars,ATOMKI 2016 anomaly,1.0,MM 15°,9–20,9,20,16.7,0.9989567650626051,159647559.20533565,13.148532877279804,198.28684051637043,130-174,7.586760891845918e-05,171.10267785387234,172.0277874286673,303.9002087489766,5.939059114042914,3787.2291173086614,0.012019080427014732,8.673055033534905e-05,0.0001266747787531296,7.607243107131761e-05,223.60845307587732,477.0065271151703,477.50467667664884,172.20744024681213,171.2813645575034,223.8419728424019
20 SiPM bars,ATOMKI 2016 anomaly,1.0,MM 15°,> 9,9,99,16.7,0.9989567650626051,159647559.20533565,13.148532877279804,198.28684051637043,128-174,0.0001445505469026307,621.1314093296562,581.4695670430824,303.9002087489766,5.939059114042914,14082.695870238498,0.020343515240223004,0.00015984981344362566,0.00020842910417668707,0.00013985934446911045,759.5708340654555,1291.3998652763457,1292.748505682739,582.0768099074252,621.7800720241677,760.3640724309554
20 SiPM bars,ATOMKI 2016 anomaly,1.0,MM 15°,10–14,10,14,16.7,0.9989567650626051,159647559.20533565,8.674571074363863,126.92688447770058,128-164,4.278771830684007e-05,54.42297377840358,66.91128646292493,253.68613310594503,0.09451924675358334,123.92942550569234,0.0024030969499213664,4.5060063698565844e-05,8.59229108973392e-05,4.744360522359989e-05,60.356995853710195,219.46333582259484,219.69252674197662,66.98116355289068,54.479809018554334,60.42002813798212
20 SiPM bars,ATOMKI 2016 anomaly,1.0,MM 15°,10–15,10,15,16.7,0.9989567650626051,159647559.20533565,11.971368272069043,180.09269863772667,130-168,3.427179759851453e-05,34.915461077097085,41.07817965544015,253.68613310594503,0.09451924675358601,239.24657709146896,0.003594938973037608,3.77096794783354e-05,6.610621271911536e-05,3.717351158565743e-05,42.27169816762158,129.90580737410608,130.04147118015143,41.12107860130039,34.95192414549484,42.31584353400159
20 SiPM bars,ATOMKI 2016 anomaly,1.0,MM 15°,10–16,10,16,16.7,0.9989567650626051,159647559.20533565,12.338599450707898,184.0619125416477,130-164,3.6572707252423295e-05,39.761085486666325,44.183217386452434,253.68613310594503,0.09451924675358601,372.48075418957285,0.005024714577081545,4.014337638318944e-05,6.408100644898621e-05,3.855286543021491e-05,47.90400319388857,122.0682338738113,122.19571271051076,44.22935899901879,39.80260895893175,47.95403051390958
20 SiPM bars,ATOMKI 2016 anomaly,1.0,MM 15°,10–17,10,17,16.7,0.9989567650626051,159647559.20533565,12.342280966283223,184.0619125416477,130-164,4.184074142904353e-05,52.04065527146491,56.02055452835219,253.68613310594503,0.09451924675358601,624.2664497336391,0.006525511907601999,4.594515290274983e-05,7.18549706604951e-05,4.3411190427512675e-05,62.75139938338469,153.48206922177798,153.6423542936407,56.07905816108203,52.09500259823907,62.816932201717485
20 SiPM bars,ATOMKI 2016 anomaly,1.0,MM 15°,10–18,10,18,16.7,0.9989567650626051,159647559.20533565,12.342280966283223,184.0619125416477,130-168,4.9927102312140556e-05,74.09974867083682,77.81926716725886,253.68613310594503,0.09451924675358601,1131.2998429229417,0.00819475237517053,5.5845236379486905e-05,8.430953406163591e-05,5.1164833113248676e-05,92.70780101904778,211.2989754366868,211.51964011520016,77.90053572777185,74.17713284737899,92.80461803893759
20 SiPM bars,ATOMKI 2016 anomaly,1.0,MM 15°,10–20,10,20,16.7,0.9989567650626051,159647559.20533565,12.342280966283223,184.0619125416477,130-174,7.969700009014739e-05,188.8112908254742,187.8354576321669,253.68613310594503,0.09451924675358601,3783.392023827901,0.011764978823294778,9.15955065622425e-05,0.0001266492498214527,7.949078433847596e-05,249.39764632561855,476.8142830064428,477.3122318027053,188.0316187862196,189.00847106595378,249.65809837624823
20 SiPM bars,ATOMKI 2016 anomaly,1.0,MM 15°,> 10,10,99,16.7,0.9989567650626051,159647559.20533565,12.342280966283223,184.0619125416477,130-174,0.00015285606392305239,694.5593423914469,648.0109287060197,253.68613310594503,0.09451924675358601,14078.85877675774,0.020089413636503056,0.00016985881544093222,0.00020887081587512007,0.0001476451409348459,857.6699519321246,1296.8792426973337,1298.2336053513363,648.6876623388287,695.2846876690589,858.565637601317
20 SiPM bars,ATOMKI 2016 anomaly,1.0,MM 15°,11–14,11,14,16.7,0.9989567650626051,159647559.20533565,7.415492747602085,106.99714121144078,128-162,4.3904914787845536e-05,57.30206725707424,67.58844726387791,167.9048626292174,0.09446293942017922,108.01582995556775,0.002085965687007468,4.592157501988393e-05,9.409089200641422e-05,4.768307211114709e-05,62.687011067384894,263.1716991249317,263.44653575516713,67.65903152939968,57.36190920483239,62.75247664342737
20 SiPM bars,ATOMKI 2016 anomaly,1.0,MM 15°,11–15,11,15,16.7,0.9989567650626051,159647559.20533565,10.712289945307266,160.1629553714668,130-166,3.4806694563655815e-05,36.013852153615545,41.12209840776524,167.9048626292174,0.09446293942018189,223.33298154134442,0.00327780771012371,3.814513119094335e-05,7.883420285125862e-05,3.719337831438848e-05,43.25359790648867,184.74528951228868,184.93822352833317,41.16504321905073,36.05146229862965,43.2987686947372
20 SiPM bars,ATOMKI 2016 anomaly,1.0,MM 15°,11–16,11,16,16.7,0.9989567650626051,159647559.20533565,11.079521123946119,164.13216927538778,130-164,3.758713222259899e-05,41.99739918903505,45.69370547142324,167.9048626292174,0.09446293942018189,356.56715863944817,0.004707583314167646,4.121396136842202e-05,7.455719896231979e-05,3.920632923468707e-05,50.49318108435738,165.2430415311218,165.41560887348908,45.74142452357245,42.04125809829523,50.54591234605929
20 SiPM bars,ATOMKI 2016 anomaly,1.0,MM 15°,11–17,11,17,16.7,0.9989567650626051,159647559.20533565,11.083202639521446,164.13216927538778,130-164,4.374990088066829e-05,56.898151815347795,60.40226236802574,167.9048626292174,0.09446293942018189,608.3528541835143,0.006208380644688101,4.814610895808748e-05,8.399777071940541e-05,4.507695759543213e-05,68.90748536872864,209.7391642636683,209.95819999329385,60.46534192522366,56.957571944349326,68.97944713794513
20 SiPM bars,ATOMKI 2016 anomaly,1.0,MM 15°,11–18,11,18,16.7,0.9989567650626051,159647559.20533565,11.083202639521446,164.13216927538778,130-170,5.3033727043371754e-05,83.608091679871,87.62321769951433,167.9048626292174,0.09446293942018189,1115.3862473728173,0.00787762111225663,5.973063119205455e-05,9.93669826234399e-05,5.4292218995097834e-05,106.05672718790841,293.5135920239895,293.8201154337193,87.71472476491306,83.6954056511457,106.16748481728514
20 SiPM bars,ATOMKI 2016 anomaly,1.0,MM 15°,11–20,11,20,16.7,0.9989567650626051,159647559.20533565,11.083202639521446,164.13216927538778,130-174,8.633057207535193e-05,221.55076322406464,224.6363072615307,167.9048626292174,0.09446293942018189,3767.478428277776,0.011447847560380881,0.00010052077974125969,0.00014751217222295934,8.692965763350212e-05,300.3694161650072,646.8442614130802,647.519776666753,224.8709004412745,221.78213409484238,300.68309927925947
20 SiPM bars,ATOMKI 2016 anomaly,1.0,MM 15°,> 11,11,99,16.7,0.9989567650626051,159647559.20533565,11.083202639521446,164.13216927538778,130-174,0.00016715576138670143,830.5900286791874,789.9372054499383,167.9048626292174,0.09446293942018189,14062.945181207611,0.019772282373589155,0.00018836111998800888,0.0002296357583192562,0.00016301376503637945,1054.6941594273803,1567.5559304060591,1569.1929673330953,790.7621561584125,831.4574341234216,1055.7956022864334
20 SiPM bars,ATOMKI 2016 anomaly,1.0,MM 15°,12–15,12,15,16.7,0.9989567650626051,159647559.20533565,9.057448694197854,134.23095575726933,130-168,3.331396032076108e-05,32.99108062583959,75.98918487115407,24.68800781057332,0.002587176468390731,207.47218319203566,0.0027964935154729323,3.6772151596750737e-05,9.812552562659977e-05,5.055962993402565e-05,40.19593142254511,286.2252907103593,286.5242027690972,76.06854223204724,33.02553401675198,40.23790901503731
20 SiPM bars,ATOMKI 2016 anomaly,1.0,MM 15°,12–16,12,16,16.7,0.9989567650626051,159647559.20533565,9.424679872836704,138.2001696611903,130-164,3.753782184962201e-05,41.88727910861948,74.69872146084153,24.68800781057332,0.002587176468390731,340.7063602901395,0.004226269119516868,4.143106376007645e-05,9.882170821857346e-05,5.01284848159478e-05,51.02654709546731,290.30113006054904,290.60429861782427,74.77673115929109,41.93102301679131,51.07983536431574
20 SiPM bars,ATOMKI 2016 anomaly,1.0,MM 15°,12–17,12,17,16.7,0.9989567650626051,159647559.20533565,9.42836138841203,138.2001696611903,130-168,4.554419026690592e-05,61.66091757039618,97.24321367320886,24.68800781057332,0.002587176468390731,592.4920558342056,0.005727066450037324,5.072221676848859e-05,0.00012007233840494691,5.7194944776323955e-05,76.47869423036695,428.57807520903947,429.0256497559034,97.34476713525693,61.725311571949625,76.5585627978344
20 SiPM bars,ATOMKI 2016 anomaly,1.0,MM 15°,12–18,12,18,16.7,0.9989567650626051,159647559.20533565,9.42836138841203,138.2001696611903,130-170,5.71076830553234e-05,96.94671414825419,136.08660643962406,24.68800781057332,0.002587176468390731,1099.5254490235086,0.007396306917605853,6.557156992158348e-05,0.00015113799589803296,6.766057523128926e-05,127.81304345960493,679.0337040450008,679.7428355194586,136.22872500502606,97.04795796860988,127.94652174120351
20 SiPM bars,ATOMKI 2016 anomaly,1.0,MM 15°,12–20,12,20,16.7,0.9989567650626051,159647559.20533565,9.42836138841203,138.2001696611903,130-176,9.685797452882854e-05,278.87833620175974,320.0359020091329,24.68800781057332,0.002587176468390731,3751.617629928467,0.010966533365730103,0.00011546550261045147,0.0002524896498843595,0.00010375937424438928,396.3223035994106,1895.0958174413324,1897.0749122686664,320.37012331467224,279.16957565654235,396.7361926565189
20 SiPM bars,ATOMKI 2016 anomaly,1.0,MM 15°,> 12,12,99,16.7,0.9989567650626051,159647559.20533565,9.42836138841203,138.2001696611903,130-176,0.00019090980173286446,1083.4290249013561,1070.237596387496,24.68800781057332,0.002587176468390731,14047.084382858302,0.019290968178938377,0.0002199935670711355,0.00044521616643058894,0.00018974401898999444,1438.6792375945952,5892.313758952136,5898.467246060305,1071.3552716372303,1084.560476281931,1440.1816854450476
20 SiPM bars,ATOMKI 2016 anomaly,1.0,MM 15°,13–16,13,16,16.7,0.9989567650626051,159647559.20533565,7.018809444360616,100.67660082560049,130-168,4.3751550772717366e-05,56.90244337151205,103.06076329562892,0.014009860051602464,0.001411965957665818,305.68475468894303,0.0036243249790603557,4.997492765755051e-05,8.298147548961772e-05,5.888093135527798e-05,74.2417774785198,204.6945682055299,204.90833574033766,103.16839216677215,56.96186798229045,74.31930997921319
20 SiPM bars,ATOMKI 2016 anomaly,1.0,MM 15°,13–17,13,17,16.7,0.9989567650626051,159647559.20533565,7.022490959935943,100.67660082560049,130-168,5.496980149908926e-05,89.82399158291545,148.33810424934381,0.014009860051602464,0.001411965957665818,557.4704502330093,0.005125122309580811,6.356620855235888e-05,9.805965937988193e-05,7.064059616784053e-05,120.11482965879853,285.84116521101265,286.1396761181139,148.49301735300565,89.91779697020836,120.24026850778759
20 SiPM bars,ATOMKI 2016 anomaly,1.0,MM 15°,13–18,13,18,16.7,0.9989567650626051,159647559.20533565,7.022490959935943,100.67660082560049,130-170,7.055817997068008e-05,147.99217481494884,226.13738257471366,0.014009860051602464,0.001411965957665818,1064.5038434223122,0.006794362777149341,8.457826914251013e-05,0.00011771209518579643,8.721961677176396e-05,212.64814539663735,411.8946894479786,412.3248411277989,226.37354336405292,148.14672665605713,212.87021904627733
20 SiPM bars,ATOMKI 2016 anomaly,1.0,MM 15°,13–20,13,20,16.7,0.9989567650626051,159647559.20533565,7.022490959935943,100.67660082560049,132-176,0.00012256441055627677,446.55275668869115,570.1658041971436,0.014009860051602464,0.001411965957665818,3716.5960243272716,0.010364589225273594,0.00015308622552536377,0.0001726269913073812,0.00013849324046029076,696.6525697265915,885.8525008275464,886.7776182205739,570.7612422659864,447.0191026342421,697.3801010126118
20 SiPM bars,ATOMKI 2016 anomaly,1.0,MM 15°,> 13,13,99,16.7,0.9989567650626051,159647559.20533565,7.022490959935943,100.67660082560049,130-176,0.0002447899065828474,1781.2752189310095,1888.7232453141446,0.014009860051602464,0.001411965957665818,14012.062777257108,0.01868902403848187,0.000294350138869906,0.0002827233426018796,0.0002520647733666246,2575.5649302239276,2376.114401069554,2378.5958353469296,1890.6956851088319,1783.1354481286046,2578.254655558107
20 SiPM bars,ATOMKI 2016 anomaly,1.0,MM 3°,0–14,0,14,16.7,0.9989567650626051,159647559.20533565,11.074919229476961,173.25743285995208,130-164,3.441662706561081e-05,35.21118366745941,57.88272639668178,372.8263723438654,11.411408725614669,0.4326984200110882,0.00191341951058779,3.71106422087253e-05,5.9769010209964835e-05,4.412680496007359e-05,40.939350925803325,106.19306128058501,106.30396128698307,57.94317474095512,35.24795556617779,40.98210488943196
20 SiPM bars,ATOMKI 2016 anomaly,1.0,MM 3°,0–15,0,15,16.7,0.9989567650626051,159647559.20533565,14.718699270156698,227.54751259982228,130-164,2.6261065343173443e-05,20.50070014739671,31.7402919215289,372.8263723438654,11.41140872561467,0.8653968400221764,0.00253405077827076,2.9260866192843534e-05,4.750943108544512e-05,3.267634343435985e-05,25.45179222222038,67.09708805180317,67.16715917890417,31.773439083261746,20.522109529046457,25.478372150195412
20 SiPM bars,ATOMKI 2016 anomaly,1.0,MM 3°,0–16,0,16,16.7,0.9989567650626051,159647559.20533565,15.135630909062462,231.85170391240246,130-164,2.550305810975277e-05,19.334303595405068,31.120222755924527,372.8263723438654,11.41140872561467,0.8653968400221764,0.0032094154512466323,2.8554630961638136e-05,4.499973846975081e-05,3.2355591379378326e-05,24.23801870854171,60.19549531349497,60.25835893881002,31.152722364289918,19.3544948806602,24.263331063204422
20 SiPM bars,ATOMKI 2016 anomaly,1.0,MM 3°,0–17,0,17,16.7,0.9989567650626051,159647559.20533565,15.139312424637792,231.85170391240246,130-164,2.551169252966976e-05,19.347397613805228,31.129692809756257,372.8263723438654,11.41140872561467,1.2980952600332647,0.003904267104046126,2.8557712321251833e-05,4.5011510307676886e-05,3.2360513996539065e-05,24.24325008987451,60.22699346546082,60.28988998506494,31.16220230793006,19.367602573463444,24.268567907796466
20 SiPM bars,ATOMKI 2016 anomaly,1.0,MM 3°,0–18,0,18,16.7,0.9989567650626051,159647559.20533565,15.139312424637792,231.85170391240246,130-164,2.5525692859576577e-05,19.368638405512442,31.152504605812748,372.8263723438654,11.41140872561467,1.7307936800443529,0.004647283406098823,2.856773507375155e-05,4.503237739095068e-05,3.237236869522434e-05,24.260270132106246,60.28284820098116,60.34580305104916,31.185037926902076,19.388865547447992,24.285605724473815
20 SiPM bars,ATOMKI 2016 anomaly,1.0,MM 3°,0–20,0,20,16.7,0.9989567650626051,159647559.20533565,15.139312424637792,231.85170391240246,130-164,2.5593197934544098e-05,19.471218207989068,31.263513030465152,372.8263723438654,11.41140872561467,5.63754779080435,0.005953692301348178,2.8657945452908702e-05,4.5142636412795024e-05,3.242999504077742e-05,24.413728822291628,60.57840732157572,60.641670831248874,31.296162280362406,19.491552476516635,24.43922467531576
20 SiPM bars,ATOMKI 2016 anomaly,1.0,MM 3°,none,0,99,16.7,0.9989567650626051,159647559.20533565,15.139312424637792,231.85170391240246,130-164,2.6674232901390342e-05,21.150853177099137,33.00951051674362,372.8263723438654,11.41140872561467,38.07746090866687,0.007816603371985552,2.9396118507688432e-05,4.6390645518077164e-05,3.3323264152589484e-05,25.687627328123135,63.97419713388504,64.04100694976098,33.043983154441015,21.17294152943006,25.71445354445673
20 SiPM bars,ATOMKI 2016 anomaly,1.0,MM 3°,6–14,6,14,16.7,0.9989567650626051,159647559.20533565,11.064795061644812,172.50910756406964,130-164,3.4342558262929236e-05,35.059789180817155,56.843716989725124,370.7111037954969,11.411408725614669,0.4326984200110882,0.001903969552569948,3.70491521450406e-05,5.898056901694446e-05,4.37289679678626e-05,40.803795323019216,103.40985498105077,103.5178484171635,56.90308027110933,35.096402974577124,40.84640772262253
20 SiPM bars,ATOMKI 2016 anomaly,1.0,MM 3°,6–15,6,15,16.7,0.9989567650626051,159647559.20533565,14.708575102324549,226.79918730393976,130-164,2.6207222225750573e-05,20.416721069853587,31.2504059232624,370.7111037954969,11.41140872561467,0.8653968400221764,0.0025246008202529178,2.9212495606698765e-05,4.718743490261552e-05,3.242319625296907e-05,25.367714018174627,66.19066625114677,66.25979077983277,31.283041485087615,20.438042750102465,25.394206141228565
20 SiPM bars,ATOMKI 2016 anomaly,1.0,MM 3°,6–16,6,16,16.7,0.9989567650626051,159647559.20533565,15.125506741230312,231.10337861652002,130-164,2.54509121332808e-05,19.255318918429836,30.585218400230676,370.7111037954969,11.41140872561467,0.8653968400221764,0.0031999654932287906,2.850735436968952e-05,4.476236964903137e-05,3.207626454223995e-05,24.1578255992585,59.56212058848171,59.62432276510878,30.617159290486295,19.275427718058545,24.183054206299428
20 SiPM bars,ATOMKI 2016 anomaly,1.0,MM 3°,6–17,6,17,16.7,0.9989567650626051,159647559.20533565,15.129188256805639,231.10337861652002,130-164,2.5459596992754935e-05,19.26846251585898,30.594943142521892,370.7111037954969,11.41140872561467,1.2980952600332647,0.003894817146028284,2.8510472650030642e-05,4.477390557301757e-05,3.2081363551358546e-05,24.163110901550098,59.592824621328575,59.65505886292673,30.6268941885633,19.28858504166736,24.188345028161237
20 SiPM bars,ATOMKI 2016 anomaly,1.0,MM 3°,6–18,6,18,16.7,0.9989567650626051,159647559.20533565,15.129188256805639,231.10337861652002,130-164,2.5473639259925202e-05,19.289723458525643,30.61769249552604,370.7111037954969,11.41140872561467,1.7307936800443529,0.004637833448080981,2.8520525442042857e-05,4.479451600773008e-05,3.2093288637182324e-05,24.18015373038686,59.647701081057846,59.7099926314826,30.64966729927217,19.309868187655496,24.20540565524022
20 SiPM bars,ATOMKI 2016 anomaly,1.0,MM 3°,6–20,6,20,16.7,0.9989567650626051,159647559.20533565,15.129188256805639,231.10337861652002,130-164,2.5541345998796544e-05,19.39240057759335,30.728148865137445,370.7111037954969,11.41140872561467,5.63754779080435,0.005944242343330336,2.8611005456554677e-05,4.490506229005638e-05,3.215112638498415e-05,24.33381787262192,59.94246787377655,60.00506725635911,30.760239021166946,19.412652534945313,24.35923027269044
20 SiPM bars,ATOMKI 2016 anomaly,1.0,MM 3°,> 6,6,99,16.7,0.9989567650626051,159647559.20533565,15.129188256805639,231.10337861652002,130-164,2.6625493040201043e-05,21.073629002193645,32.470267192083085,370.7111037954969,11.41140872561467,38.07746090866687,0.00780715341396771,2.9351336464768215e-05,4.614223152520139e-05,3.3049958976399275e-05,25.609421886683478,63.29088971834983,63.35698593961007,32.50417668481194,21.095636707433428,25.63616643116534
20 SiPM bars,ATOMKI 2016 anomaly,1.0,MM 3°,8–14,8,14,16.7,0.9989567650626051,159647559.20533565,10.807088971371932,164.34940143978275,130-164,3.420057238402971e-05,34.77048607001355,50.36870063935379,351.37975504088257,6.059821186880902,0.4326984200110882,0.0018076928488229681,3.679329819168835e-05,6.099086051880842e-05,4.116312779063153e-05,40.24217573788635,110.57922315174623,110.6947037340662,50.42130190308803,34.80679773747212,40.284201624446034
20 SiPM bars,ATOMKI 2016 anomaly,1.0,MM 3°,8–15,8,15,16.7,0.9989567650626051,159647559.20533565,14.45086901205167,218.63948117965293,130-164,2.5997966699217564e-05,20.091981940952,28.6490027952426,351.37975504088257,6.059821186880906,0.8653968400221764,0.002428324116505939,2.8921658872898738e-05,4.861676361371285e-05,3.104436267717476e-05,24.86511153270874,70.26128728512583,70.33466286273412,28.678921648272887,20.112964488200674,24.89107877571702
20 SiPM bars,ATOMKI 2016 anomaly,1.0,MM 3°,8–16,8,16,16.7,0.9989567650626051,159647559.20533565,14.867800650957433,222.9436724922331,130-164,2.5238460579859416e-05,18.9351929976551,27.833693890318436,351.37975504088257,6.059821186880906,0.8653968400221764,0.0031036887894818105,2.8215298898846344e-05,4.565818735395905e-05,3.059943565607562e-05,23.66537134218905,61.96997837245023,62.03469513374439,27.86276129635509,18.954967481969476,23.69008566722698
20 SiPM bars,ATOMKI 2016 anomaly,1.0,MM 3°,8–17,8,17,16.7,0.9989567650626051,159647559.20533565,14.87148216653276,222.9436724922331,130-164,2.524771234699399e-05,18.9490778465087,27.8431262493237,351.37975504088257,6.059821186880906,1.2980952600332647,0.003798540442281304,2.8218828439806494e-05,4.5676943888142405e-05,3.0604620027493385e-05,23.671292464780965,62.02090377409363,62.08567371802798,27.87220350580313,18.968866831109704,23.69601297339177
20 SiPM bars,ATOMKI 2016 anomaly,1.0,MM 3°,8–18,8,18,16.7,0.9989567650626051,159647559.20533565,14.87148216653276,222.9436724922331,130-164,2.526236841192265e-05,18.971083762773695,27.864730110405738,351.37975504088257,6.059821186880906,1.7307936800443529,0.004541556744334002,2.8229340081732463e-05,4.570558276128829e-05,3.061649099609635e-05,23.688931077589388,62.098700818935,62.163552008222545,27.893829928324717,18.990895728690287,23.71367000663416
20 SiPM bars,ATOMKI 2016 anomaly,1.0,MM 3°,8–20,8,20,16.7,0.9989567650626051,159647559.20533565,14.87148216653276,222.9436724922331,130-164,2.5333028730691616e-05,19.077358640607816,27.987208328798975,351.37975504088257,6.059821186880906,5.63754779080435,0.005847965639583357,2.832394058879943e-05,4.5827070544520787e-05,3.0683703951459276e-05,23.84796701777169,62.42926262462795,62.49445902767922,28.016436053711494,19.097281591973832,23.872872031931358
20 SiPM bars,ATOMKI 2016 anomaly,1.0,MM 3°,> 8,8,99,16.7,0.9989567650626051,159647559.20533565,14.87148216653276,222.9436724922331,130-162,2.6462445759032193e-05,20.816320914082073,29.63790927649928,351.37975504088257,6.059821186880906,38.07746090866687,0.0077108767102207305,2.9097371450324298e-05,4.750126806869205e-05,3.1575611919033905e-05,25.168163653928286,67.07403294095548,67.14407999104137,29.668860868710226,20.838059906203753,25.194447381665196
20 SiPM bars,ATOMKI 2016 anomaly,1.0,MM 3°,9–14,9,14,16.7,0.9989567650626051,159647559.20533565,10.328491946579444,150.96851996166237,130-164,3.4126390074385876e-05,34.619812708357394,57.52196195205805,314.5225527550966,5.938608318616887,0.4326984200110882,0.0016827121869443832,3.6594918486577236e-05,5.811188383035645e-05,4.398907591740514e-05,39.80939533410322,100.38617842784907,100.49101416471996,57.582033541214486,34.655967023945976,39.85096925752172
20 SiPM bars,ATOMKI 2016 anomaly,1.0,MM 3°,9–15,9,15,16.7,0.9989567650626051,159647559.20533565,13.972271987259179,205.25859970153252,130-164,2.5741390083318812e-05,19.697359198025687,28.739218510748074,314.5225527550966,5.93860831861689,0.8653968400221764,0.0023033434546273534,2.8577055214169897e-05,4.493222896973299e-05,3.109320360949584e-05,24.27610239933754,60.01501784151345,60.07769298979849,28.769231578252512,19.717929631109953,24.301454525728293
20 SiPM bars,ATOMKI 2016 anomaly,1.0,MM 3°,9–16,9,16,16.7,0.9989567650626051,159647559.20533565,14.389203626164946,209.56279101411272,130-164,2.4971495888640276e-05,18.53673028883407,25.986061734896552,314.5225527550966,5.93860831861689,0.8653968400221764,0.0029787081276032253,2.786221982293045e-05,4.202853015296861e-05,2.9566384911955673e-05,23.076792314545134,52.50883908498785,52.56367534754829,26.01319961356685,18.556088648813912,23.10089197213545
20 SiPM bars,ATOMKI 2016 anomaly,1.0,MM 3°,9–17,9,17,16.7,0.9989567650626051,159647559.20533565,14.392885141740273,209.56279101411272,130-164,2.4981757427117906e-05,18.551968018649248,25.993267557950613,314.5225527550966,5.93860831861689,1.2980952600332647,0.0036735597804027193,2.7866460439437734e-05,4.2046560579975564e-05,2.957048394344365e-05,23.083817402578717,52.553901801592,52.60878512424751,26.020412961837845,18.571342291762335,23.107924396639973
20 SiPM bars,ATOMKI 2016 anomaly,1.0,MM 3°,9–18,9,18,16.7,0.9989567650626051,159647559.20533565,14.392885141740273,209.56279101411272,130-164,2.4997536764867825e-05,18.575411543130752,26.011365865389582,314.5225527550966,5.93860831861689,1.7307936800443529,0.004416576082455417,2.7877824482096715e-05,4.207384017310539e-05,2.9580776658358812e-05,23.102648568804728,52.62211732794343,52.677071889738464,26.038530169781108,18.59481029888878,23.1267752287126
20 SiPM bars,ATOMKI 2016 anomaly,1.0,MM 3°,9–20,9,20,16.7,0.9989567650626051,159647559.20533565,14.392885141740273,209.56279101411272,130-164,2.507360136491561e-05,18.68862917380196,26.176360026163415,314.5225527550966,5.93860831861689,5.63754779080435,0.005722984977704771,2.7980078276382683e-05,4.220132417899009e-05,2.9674446098960927e-05,23.27243699026463,52.94149115517875,52.99677924685848,26.203696637985058,18.708146165495695,23.296740964366094
20 SiPM bars,ATOMKI 2016 anomaly,1.0,MM 3°,> 9,9,99,16.7,0.9989567650626051,159647559.20533565,14.392885141740273,209.56279101411272,130-162,2.6278500795548627e-05,20.527931155221456,27.47942368827477,314.5225527550966,5.93860831861689,38.07746090866687,0.007585896048342147,2.8814907046279105e-05,4.378994964010735e-05,3.040407559643219e-05,24.681892630371735,57.0023688906997,57.06189785613728,27.508121121290593,20.549368974877467,24.707668533407357
20 SiPM bars,ATOMKI 2016 anomaly,1.0,MM 3°,10–14,10,14,16.7,0.9989567650626051,159647559.20533565,9.455052376333153,136.2829938170638,130-164,3.439699996296344e-05,35.171034674557276,56.00543078601008,263.11556843132604,0.09451917672055288,0.4326984200110882,0.0015056976280475914,3.6802373368597274e-05,5.762641151163105e-05,4.340533022154513e-05,40.262029891844165,98.71591271426406,98.81900415187387,56.063918624646575,35.20776464470221,40.304076512581524
20 SiPM bars,ATOMKI 2016 anomaly,1.0,MM 3°,10–15,10,15,16.7,0.9989567650626051,159647559.20533565,13.09883241701289,190.57307355693393,130-164,2.5521119877690167e-05,19.361699162052084,27.315556339816396,263.11556843132604,0.09451917672055556,0.8653968400221764,0.002126328895730562,2.832406529674955e-05,4.619376548656152e-05,3.0313286117994924e-05,23.84817701945696,63.43234155253989,63.49858549540385,27.34408264215971,19.38191905716628,23.873082252926512
20 SiPM bars,ATOMKI 2016 anomaly,1.0,MM 3°,10–16,10,16,16.7,0.9989567650626051,159647559.20533565,13.515764055918654,194.8772648695141,130-164,2.4721341040761372e-05,18.16720281966803,24.925541673922137,263.11556843132604,0.09451917672055556,0.8653968400221764,0.002801693568706434,2.7579980835037093e-05,4.393651423737294e-05,2.8956781967455237e-05,22.611633259839866,57.384580360608645,57.44450847881522,24.95157202560217,18.186175273090505,22.635247140473375
20 SiPM bars,ATOMKI 2016 anomaly,1.0,MM 3°,10–17,10,17,16.7,0.9989567650626051,159647559.20533565,13.519445571493979,194.8772648695141,130-164,2.473350945874416e-05,18.18509185926834,24.93506259478596,263.11556843132604,0.09451917672055556,1.2980952600332647,0.0034965452215059275,2.7585485774792117e-05,4.39535597357706e-05,2.8962311815333385e-05,22.620660684639066,57.42911454952302,57.4890891758703,24.961102889396088,18.204082994651596,22.64428399283268
20 SiPM bars,ATOMKI 2016 anomaly,1.0,MM 3°,10–18,10,18,16.7,0.9989567650626051,159647559.20533565,13.519445571493979,194.8772648695141,130-164,2.4751475184910528e-05,18.211519733330604,24.955914051222063,263.11556843132604,0.09451917672055556,1.7307936800443529,0.0042395615235586255,2.7598496398706146e-05,4.397950398229806e-05,2.8974418867047368e-05,22.64200367031498,57.49693134747237,57.556976796557365,24.981976121517196,18.23053846798793,22.665649267509586
20 SiPM bars,ATOMKI 2016 anomaly,1.0,MM 3°,10–20,10,20,16.7,0.9989567650626051,159647559.20533565,13.519445571493979,194.8772648695141,130-164,2.4838055542564602e-05,18.339149914849113,25.133425629877163,263.11556843132604,0.09451917672055556,5.63754779080435,0.00554597041880798,2.7715528970610032e-05,4.411270706795811e-05,2.9077283886034952e-05,22.83443953985505,57.84574687465759,57.9061566003133,25.159673079847494,18.358301936820848,22.858286102526176
20 SiPM bars,ATOMKI 2016 anomaly,1.0,MM 3°,> 10,10,99,16.7,0.9989567650626051,159647559.20533565,13.519445571493979,194.8772648695141,130-162,2.6195686770801126e-05,20.398751646668398,26.670536438749135,263.11556843132604,0.09451917672055556,38.07746090866687,0.007408881489445355,2.866860692879796e-05,4.558906098631475e-05,2.9953244328444974e-05,24.43189724250661,61.78247567223323,61.84699661988004,26.698389131062825,20.42005456100995,24.457412069255522
20 SiPM bars,ATOMKI 2016 anomaly,1.0,MM 3°,11–14,11,14,16.7,0.9989567650626051,159647559.20533565,8.080926687842409,113.7372742332259,130-162,3.4702291327476283e-05,35.79812792440653,46.18130813004586,178.6617463390338,0.09446293942016747,0.4326984200110882,0.0012878400710154168,3.685259985939473e-05,6.023084278472465e-05,3.94149616959695e-05,40.37200108194591,107.84050007604688,107.95312054299814,46.229536397555364,35.83551278334157,40.41416254828184
20 SiPM bars,ATOMKI 2016 anomaly,1.0,MM 3°,11–15,11,15,16.7,0.9989567650626051,159647559.20533565,11.724706728522149,168.02735397309607,130-164,2.504104532171449e-05,18.64012933424967,26.01144093978023,178.6617463390338,0.09446293942017014,0.8653968400221764,0.0019084713386983878,2.7670621844787934e-05,4.690927273772768e-05,2.9580819346566568e-05,22.760502772807822,65.4126001421677,65.48091211742108,26.038605322573776,18.65959567637693,22.784272121508092
20 SiPM bars,ATOMKI 2016 anomaly,1.0,MM 3°,11–16,11,16,16.7,0.9989567650626051,159647559.20533565,12.14163836742791,172.33154528567627,130-164,2.419751193288987e-05,17.405457305063837,25.965836892451186,178.6617463390338,0.09446293942017014,0.8653968400221764,0.002583836011674259,2.6885367549187735e-05,4.4616219806582035e-05,2.955487697592494e-05,21.487009163344734,59.173813015138016,59.23560967268645,25.99295364982477,17.423634249048835,21.5094485715787
20 SiPM bars,ATOMKI 2016 anomaly,1.0,MM 3°,11–17,11,17,16.7,0.9989567650626051,159647559.20533565,12.14531988300324,172.33154528567627,130-164,2.4213622252432276e-05,17.428641575014368,25.985998844687273,178.6617463390338,0.09446293942017014,1.2980952600332647,0.003278687664473753,2.6893761018826012e-05,4.463511224750429e-05,2.9566349134366926e-05,21.500427518957352,59.22393713874278,59.28578614213718,26.01313665767979,17.446842730898474,21.522880940307672
20 SiPM bars,ATOMKI 2016 anomaly,1.0,MM 3°,11–18,11,18,16.7,0.9989567650626051,159647559.20533565,12.14531988300324,172.33154528567627,130-164,2.4235991394361486e-05,17.460858468120215,26.019616207205786,178.6617463390338,0.09446293942017014,1.7307936800443529,0.004021703966526451,2.6910295706126098e-05,4.4664348379352186e-05,2.9585467534085088e-05,21.52687321614592,59.301546258981574,59.36347631147492,26.04678912763069,17.479093268892306,21.549354255383435
20 SiPM bars,ATOMKI 2016 anomaly,1.0,MM 3°,11–20,11,20,16.7,0.9989567650626051,159647559.20533565,12.14531988300324,172.33154528567627,130-164,2.4343731096856588e-05,17.616446008206374,26.211476876238137,178.6617463390338,0.09446293942017014,5.63754779080435,0.0053281128617758055,2.7058922030814106e-05,4.483600354345763e-05,2.9694344278273784e-05,21.76531692834949,59.75824059895793,59.820647588499845,26.238850161443626,17.634843292844955,21.78804698017681
20 SiPM bars,ATOMKI 2016 anomaly,1.0,MM 3°,> 11,11,99,16.7,0.9989567650626051,159647559.20533565,12.14531988300324,172.33154528567627,130-162,2.6000256381739117e-05,20.09552116278733,28.705250073604905,178.6617463390338,0.09446293942017014,38.07746090866687,0.007191023932413179,2.8262547841332342e-05,4.6512873894515e-05,3.107482280683301e-05,23.74469710117715,64.31175499188627,64.37891732767416,28.73522766704116,20.116507406131767,23.76949426804178
20 SiPM bars,ATOMKI 2016 anomaly,1.0,MM 3°,12–15,12,15,16.7,0.9989567650626051,159647559.20533565,9.924445612187323,139.1141463007916,130-164,2.0130596085871244e-05,12.046400082416604,40.92058404749308,23.559844127417293,0.002587176468390731,0.8653968400221764,0.0015760911869025281,2.2421243913565006e-05,4.630883264043543e-05,3.710213534768137e-05,14.943881647787626,63.74875090724905,63.815325284126665,40.96331841241254,12.058980432112746,14.959487908219016
20 SiPM bars,ATOMKI 2016 anomaly,1.0,MM 3°,12–16,12,16,16.7,0.9989567650626051,159647559.20533565,10.341377251093087,143.41833761337176,130-164,1.94760327447218e-05,11.275738747725201,33.39598750579186,23.559844127417293,0.002587176468390731,0.8653968400221764,0.0022514558598784,2.1798644661800684e-05,4.1985249906970435e-05,3.351777169942594e-05,14.125472921862409,52.40074939806066,52.45547277992224,33.430863750844026,11.287514276975285,14.140224498081414
20 SiPM bars,ATOMKI 2016 anomaly,1.0,MM 3°,12–17,12,17,16.7,0.9989567650626051,159647559.20533565,10.345058766668414,143.41833761337176,130-164,1.9507307666123255e-05,11.31198134306751,33.49337252726776,23.559844127417293,0.002587176468390731,1.2980952600332647,0.0029463075126778936,2.1819001597795507e-05,4.21015061562574e-05,3.3566606200467865e-05,14.151867738543483,52.69134425164624,52.74637110880775,33.52835047387533,11.323794721344704,14.166646879513928
20 SiPM bars,ATOMKI 2016 anomaly,1.0,MM 3°,12–18,12,18,16.7,0.9989567650626051,159647559.20533565,10.345058766668414,143.41833761337176,130-164,1.9544352514363116e-05,11.354985588754216,33.60884970619602,23.559844127417293,0.002587176468390731,1.7307936800443529,0.0036893238147305916,2.184708299725555e-05,4.22265867496273e-05,3.362442124582123e-05,14.188318534154947,53.004893832455394,53.06024813709886,33.643948248440694,11.366843877415048,14.203135741581127
20 SiPM bars,ATOMKI 2016 anomaly,1.0,MM 3°,12–20,12,20,16.7,0.9989567650626051,159647559.20533565,10.345058766668414,143.41833761337176,130-164,1.9722276647620087e-05,11.562669327148056,34.30197362326456,23.559844127417293,0.002587176468390731,5.63754779080435,0.004995732709979947,2.2098663515043565e-05,4.271353223014871e-05,3.396937433463589e-05,14.516971734575433,54.23441841783449,54.291056745018984,34.33779601173714,11.574744505007098,14.532132162562258
20 SiPM bars,ATOMKI 2016 anomaly,1.0,MM 3°,> 12,12,99,16.7,0.9989567650626051,159647559.20533565,10.345058766668414,143.41833761337176,130-162,2.2346400003424547e-05,14.844280413586581,40.5371850723504,23.559844127417293,0.002587176468390731,38.07746090866687,0.00685864378061732,2.4085859633340853e-05,4.976054456758642e-05,3.692791499440318e-05,17.245203159244898,73.60617704110446,73.68304576874408,40.579519044360154,14.85978265801752,17.263212745913115
20 SiPM bars,ATOMKI 2016 anomaly,1.0,MM 3°,13–16,13,16,16.7,0.9989567650626051,159647559.20533565,7.731182708186358,104.41510049680375,130-164,2.049796514499102e-05,12.490088438919937,39.666137792421324,0.014009860051602464,0.001411965957665818,0.8653968400221764,0.0018755728694747741,2.3094733189843056e-05,4.576194344314304e-05,3.652901415774936e-05,15.85513380231981,62.251946126439414,62.316957353542776,39.70756210849168,12.503132143198586,15.871691705622675
20 SiPM bars,ATOMKI 2016 anomaly,1.0,MM 3°,13–17,13,17,16.7,0.9989567650626051,159647559.20533565,7.734864223761686,104.41510049680375,130-164,2.054972712104828e-05,12.553248654861688,39.74633509418418,0.014009860051602464,0.001411965957665818,1.2980952600332647,0.002570424522274268,2.3131197125390947e-05,4.587887484799153e-05,3.656592283217198e-05,15.905240203736456,62.570486246066274,62.63583013239312,39.78784316225463,12.566358318895784,15.921850434377575
20 SiPM bars,ATOMKI 2016 anomaly,1.0,MM 3°,13–18,13,18,16.7,0.9989567650626051,159647559.20533565,7.734864223761686,104.41510049680375,130-164,2.0609320202235063e-05,12.626161688414216,39.85849732604688,0.014009860051602464,0.001411965957665818,1.7307936800443529,0.003313440824326966,2.3178561413877535e-05,4.601250909584062e-05,3.661748011603498e-05,15.970443199075284,62.93552298736074,63.0012480904682,39.900122527874295,12.639347497309284,15.987121522796242
20 SiPM bars,ATOMKI 2016 anomaly,1.0,MM 3°,13–20,13,20,16.7,0.9989567650626051,159647559.20533565,7.734864223761686,104.41510049680375,130-164,2.0894725402063294e-05,12.97828625528029,40.758020889284566,0.014009860051602464,0.001411965957665818,5.63754779080435,0.004619849719576321,2.360132273459797e-05,4.66730036671654e-05,3.70283651099469e-05,16.558336350257164,64.75532911163005,64.8229546827002,40.80058548552924,12.991839796456992,16.5756286251482
20 SiPM bars,ATOMKI 2016 anomaly,1.0,MM 3°,> 13,13,99,16.7,0.9989567650626051,159647559.20533565,7.734864223761686,104.41510049680375,130-160,2.490252290158194e-05,18.434472261112155,46.965393782148695,0.014009860051602464,0.001411965957665818,38.07746090866687,0.0064827607902136946,2.6855053914876998e-05,5.275156122501756e-05,3.9748155263250674e-05,21.438582662632292,82.72078512713362,82.8071724625134,47.014440889446654,18.453723830537207,21.460971497889325
20 SiPM bars,ATOMKI 2016 anomaly,1.0,MM 15° + TOF,0–14,0,14,16.7,0.9989567650626051,159647559.20533565,10.165584882371231,161.4268502918283,128-176,3.6168737030318615e-05,38.8875605935892,54.91031048234191,360.2290032322719,14.21519457180253,1.634689787601437,0.002956935113515923,3.968346848798881e-05,8.288259818819619e-05,4.297886509234489e-05,46.81265372286567,204.20704763454165,204.42030603971523,54.96765466011,38.92817182248333,46.861541319990856
20 SiPM bars,ATOMKI 2016 anomaly,1.0,MM 15° + TOF,0–15,0,15,16.7,0.9989567650626051,159647559.20533565,13.462382080076416,214.5926644518544,130-176,2.700723291073465e-05,21.682242256084084,32.06486374358622,360.2290032322719,14.215194571802531,1.6346897904482807,0.004148777136632167,3.1412455666334577e-05,5.62172287238097e-05,3.2842990368330356e-05,29.332412930720423,93.94699183665679,94.04510297376993,32.09834986359665,21.70488555100305,29.363045485639358
20 SiPM bars,ATOMKI 2016 anomaly,1.0,MM 15° + TOF,0–16,0,16,16.7,0.9989567650626051,159647559.20533565,13.829613258715268,218.5618783557754,130-176,2.6184161855961527e-05,20.380806542782118,30.96239794261625,360.2290032322719,14.215194571802531,1.634689790448281,0.0055785527406761026,3.068093493503785e-05,5.0892760642673935e-05,3.2273442128003805e-05,27.982157208324193,76.99384916267837,77.07425571901815,30.99473273067611,20.40209071661359,28.01137965822829
20 SiPM bars,ATOMKI 2016 anomaly,1.0,MM 15° + TOF,0–17,0,17,16.7,0.9989567650626051,159647559.20533565,13.833294774290595,218.5618783557754,130-176,2.6179049362266757e-05,20.372848558620674,30.969229964510504,360.2290032322719,14.215194571802531,1.7190001178538017,0.007079350071196556,3.067498273771155e-05,5.089067053475362e-05,3.227700258707635e-05,27.97130100947983,76.9875251925339,77.06792514459727,31.00157188741762,20.394124421735008,28.00051212199044
20 SiPM bars,ATOMKI 2016 anomaly,1.0,MM 15° + TOF,0–18,0,18,16.7,0.9989567650626051,159647559.20533565,13.833294774290595,218.5618783557754,130-176,2.6196055139615375e-05,20.399325353084688,31.000819533802584,360.2290032322719,14.215194571802531,2.6690929900220124,0.008748590538765087,3.069951782882929e-05,5.0914935186097684e-05,3.229346016017979e-05,28.01606405834147,77.06095793711437,77.14143457678563,31.03319444646811,20.42062886656186,28.045321917996812
20 SiPM bars,ATOMKI 2016 anomaly,1.0,MM 15° + TOF,0–20,0,20,16.7,0.9989567650626051,159647559.20533565,13.833294774290595,218.5618783557754,130-176,2.621762726182261e-05,20.43293636265945,31.03710809705527,360.2290032322719,14.215194571802531,3.9125022720696796,0.012318816986889337,3.073163356600885e-05,5.093220646658473e-05,3.231235547565264e-05,28.07471170141027,77.113247787004,77.19377903424206,31.069520906753315,20.45427497693447,28.104030808231037
20 SiPM bars,ATOMKI 2016 anomaly,1.0,MM 15° + TOF,none,0,99,16.7,0.9989567650626051,159647559.20533565,13.833294774290595,218.5618783557754,130-176,2.6315854182565796e-05,20.586331193759378,31.25753478140708,360.2290032322719,14.215194571802531,8.96663392724722,0.02064325180009761,3.08616729740552e-05,5.114273205024504e-05,3.2426894239913486e-05,28.312807929771974,77.75205236513557,77.83325073158979,31.290177788072896,20.60783000200136,28.34237568629669
20 SiPM bars,ATOMKI 2016 anomaly,1.0,MM 15° + TOF,6–14,6,14,16.7,0.9989567650626051,159647559.20533565,10.157301472326749,161.04175293675178,128-176,3.612145593336304e-05,38.78595656200618,54.22706892026048,358.53975691784194,14.21519457180253,1.634689787601437,0.0029465359870201355,3.963912109978725e-05,8.259634179896938e-05,4.271063800129381e-05,46.70808328072529,202.79892029049276,203.01070815390418,54.28369957218523,38.82646168332965,46.756861672384865
20 SiPM bars,ATOMKI 2016 anomaly,1.0,MM 15° + TOF,6–15,6,15,16.7,0.9989567650626051,159647559.20533565,13.454098670031932,214.20756709677786,130-176,2.696758436511421e-05,21.618626827870166,31.711134965101454,358.53975691784194,14.215194571802531,1.6346897904482807,0.0041383780101363786,3.1376555524525685e-05,5.6075504050516685e-05,3.266133157460077e-05,29.26540536812257,93.47390471223284,93.5715217929124,31.744251677512892,21.641203687644396,29.29596794540802
20 SiPM bars,ATOMKI 2016 anomaly,1.0,MM 15° + TOF,6–16,6,16,16.7,0.9989567650626051,159647559.20533565,13.821329848670782,218.17678100069887,130-176,2.6145820118527015e-05,20.321162594244107,30.58092754857905,358.53975691784194,14.215194571802531,1.634689790448281,0.005568153614180314,3.064573038389628e-05,5.078587139559392e-05,3.207401444681036e-05,27.917978322308667,76.67077090992284,76.75084006775593,30.61286395779354,20.342384480444025,27.94713374863529
20 SiPM bars,ATOMKI 2016 anomaly,1.0,MM 15° + TOF,6–17,6,17,16.7,0.9989567650626051,159647559.20533565,13.825011364246109,218.17678100069887,130-176,2.6140713221892885e-05,20.31322496281942,30.587125301549147,358.53975691784194,14.215194571802531,1.7190001178538017,0.007068950944700768,3.063978786715827e-05,5.07837445258511e-05,3.2077264458555584e-05,27.907152215947054,76.66434922909961,76.74441168061465,30.619068183228368,20.334438559557057,27.936296336306505
20 SiPM bars,ATOMKI 2016 anomaly,1.0,MM 15° + TOF,6–18,6,18,16.7,0.9989567650626051,159647559.20533565,13.825011364246109,218.17678100069887,130-176,2.6157759243985076e-05,20.339725584610182,30.618711963983493,358.53975691784194,14.215194571802531,2.6690929900220124,0.0087381914122693,3.066438055003311e-05,5.080822286352174e-05,3.209382293321263e-05,27.951968921440216,76.73827320301106,76.81841285513677,30.650687832385422,20.36096685659412,27.981159844979327
20 SiPM bars,ATOMKI 2016 anomaly,1.0,MM 15° + TOF,6–20,6,20,16.7,0.9989567650626051,159647559.20533565,13.825011364246109,218.17678100069887,130-176,2.617938235633034e-05,20.373366841823433,30.654428474969823,358.53975691784194,14.215194571802531,3.9125022720696796,0.012308417860393548,3.0696571569420434e-05,5.082577690497922e-05,3.2112536086363296e-05,28.01068686434455,76.79130790709627,76.87150294465819,30.686441642996126,20.394643246193567,28.039939108464925
20 SiPM bars,ATOMKI 2016 anomaly,1.0,MM 15° + TOF,> 6,6,99,16.7,0.9989567650626051,159647559.20533565,13.825011364246109,218.17678100069887,130-176,2.6277840598316417e-05,20.526899717911014,30.874244990190775,358.53975691784194,14.215194571802531,8.96663392724722,0.020632852673601827,3.0826914606319675e-05,5.1038810912074877e-05,3.2227466569217284e-05,28.249068494213,77.43639177522394,77.51726048961785,30.90648771797033,20.54833646041186,28.27856968608908
20 SiPM bars,ATOMKI 2016 anomaly,1.0,MM 15° + TOF,8–14,8,14,16.7,0.9989567650626051,159647559.20533565,9.918923338824333,153.91766778182134,128-176,3.6128914629364776e-05,38.80197598977193,50.771586073098455,340.67876905443075,8.86360703306873,1.634689787601437,0.002823808870667753,3.942505871241745e-05,9.457736891603318e-05,4.132742619011051e-05,46.20497189291209,265.90008059094646,266.1777665365551,50.82460807992684,38.84249784057491,46.253224873066856
20 SiPM bars,ATOMKI 2016 anomaly,1.0,MM 15° + TOF,8–15,8,15,16.7,0.9989567650626051,159647559.20533565,13.215720536529517,207.08348194184745,130-176,2.6855679393780918e-05,21.439581322876005,30.23057435524321,340.67876905443075,8.863607033068734,1.6346897904482807,0.004015650893783996,3.110845429606732e-05,6.01131821839872e-05,3.188975574240702e-05,28.76741761862393,107.41958003226027,107.53176092213384,30.262144882064685,21.46197120105831,28.79746013514515
20 SiPM bars,ATOMKI 2016 anomaly,1.0,MM 15° + TOF,8–16,8,16,16.7,0.9989567650626051,159647559.20533565,13.582951715168372,211.05269584576843,130-176,2.6026685641737502e-05,20.13639612050609,28.91614513032167,340.67876905443075,8.863607033068734,1.634689790448281,0.005445426497827931,3.037484778289288e-05,5.340465950955292e-05,3.1188765961224264e-05,27.426616463552683,84.78173773279669,84.87027737129682,28.946342966614257,20.15742505056676,27.45525874869454
20 SiPM bars,ATOMKI 2016 anomaly,1.0,MM 15° + TOF,8–17,8,17,16.7,0.9989567650626051,159647559.20533565,13.586633230743695,211.05269584576843,130-176,2.6021516097521165e-05,20.128397741187662,28.91908207332643,340.67876905443075,8.863607033068734,1.7190001178538017,0.006946223828348386,3.036893449549918e-05,5.3400020547073907e-05,3.119034980481465e-05,27.41593883448038,84.76700934684648,84.8555336041336,28.949282976740296,20.149418318345546,27.44456996871352
20 SiPM bars,ATOMKI 2016 anomaly,1.0,MM 15° + TOF,8–18,8,18,16.7,0.9989567650626051,159647559.20533565,13.586633230743695,211.05269584576843,130-176,2.6039246183876967e-05,20.155836558399255,28.95231540087074,340.67876905443075,8.863607033068734,2.6690929900220124,0.008615464295916917,3.039462425296394e-05,5.342737197776131e-05,3.120826637423636e-05,27.462341958349104,84.85386671968116,84.94248168424319,28.98255101065989,20.176885790583817,27.491021552497344
20 SiPM bars,ATOMKI 2016 anomaly,1.0,MM 15° + TOF,8–20,8,20,16.7,0.9989567650626051,159647559.20533565,13.586633230743695,211.05269584576843,130-176,2.6061736295671236e-05,20.19066880930759,28.98551744302935,340.67876905443075,8.863607033068734,3.9125022720696796,0.01218569074404117,3.0428249630793844e-05,5.3447469410701856e-05,3.1226155811811155e-05,27.523138394586965,84.91771659952171,85.00639824407203,29.015787726521694,20.21175441766214,27.551881479937798
20 SiPM bars,ATOMKI 2016 anomaly,1.0,MM 15° + TOF,> 8,8,99,16.7,0.9989567650626051,159647559.20533565,13.586633230743695,211.05269584576843,130-176,2.6164131832539943e-05,20.349637174510406,29.212858119043716,340.67876905443075,8.863607033068734,8.96663392724722,0.020510125557249445,3.0564381151536325e-05,5.368632363445489e-05,3.134837391515915e-05,27.769958239488375,85.67839908987601,85.76787513372163,29.24336581995411,20.37088879740965,27.79895908482888
20 SiPM bars,ATOMKI 2016 anomaly,1.0,MM 15° + TOF,9–14,9,14,16.7,0.9989567650626051,159647559.20533565,9.480822985360438,141.15181245242337,128-176,3.600481532313362e-05,38.5358717732746,51.414922499962195,303.9002087489766,5.9390591140429105,1.7099189858442496,0.0026571985536413163,3.9049026510672826e-05,8.97740335267649e-05,4.1588435807309805e-05,45.32777858000087,239.5772026059663,239.827398927472,51.46861635872699,38.576115724947854,45.37511548576394
20 SiPM bars,ATOMKI 2016 anomaly,1.0,MM 15° + TOF,9–15,9,15,16.7,0.9989567650626051,159647559.20533565,12.77762018306562,194.3176266124494,130-176,2.6544452592568612e-05,20.94553993576464,29.562315240566132,303.9002087489766,5.939059114042914,1.5150616536326353,0.003849040576757559,3.062212754819372e-05,5.5969366220174295e-05,3.153531805282206e-05,27.874990950589915,93.12039105493423,93.21763895267112,29.593187888079868,20.9674138744653,27.904101484154797
20 SiPM bars,ATOMKI 2016 anomaly,1.0,MM 15° + TOF,9–16,9,16,16.7,0.9989567650626051,159647559.20533565,13.144851361704475,198.28684051637043,130-176,2.570730785609776e-05,19.64523416195558,27.410132946469066,303.9002087489766,5.939059114042914,1.5150616536326362,0.005278816180801495,2.9883266639641063e-05,4.971809012665247e-05,3.0365718702497714e-05,26.546064954098817,73.48063275392204,73.55737037259763,27.438758017471617,19.665750159592147,26.57378765780235
20 SiPM bars,ATOMKI 2016 anomaly,1.0,MM 15° + TOF,9–17,9,17,16.7,0.9989567650626051,159647559.20533565,13.148532877279804,198.28684051637043,130-176,2.5702046192824267e-05,19.63719317770726,27.409832131206883,303.9002087489766,5.939059114042914,1.5993719810381568,0.006779613511321949,2.9877414462095566e-05,4.971419566558956e-05,3.0365552076222816e-05,26.53566869619016,73.46912160156134,73.54584719885949,27.438456888060713,19.65770077794767,26.563380542827755
20 SiPM bars,ATOMKI 2016 anomaly,1.0,MM 15° + TOF,9–18,9,18,16.7,0.9989567650626051,159647559.20533565,13.148532877279804,198.28684051637043,130-176,2.572115997772487e-05,19.66641113554446,27.44493314935102,303.9002087489766,5.939059114042914,2.5494648532063673,0.00844885397889048,2.9905294715949672e-05,4.974441106245522e-05,3.038498891137149e-05,26.585215578115555,73.55845517094286,73.63527406146844,27.47359456305502,19.68694924881154,26.612979167771538
20 SiPM bars,ATOMKI 2016 anomaly,1.0,MM 15° + TOF,9–20,9,20,16.7,0.9989567650626051,159647559.20533565,13.148532877279804,198.28684051637043,130-176,2.5745403561967662e-05,19.703501919398846,27.475629213081266,303.9002087489766,5.939059114042914,3.7928741352540336,0.012019080427014732,2.9941783573576487e-05,4.97650561001327e-05,3.040197636220471e-05,26.650130902701978,73.61952463285834,73.69640729971388,27.504322683434008,19.724078767477007,26.67796228501621
20 SiPM bars,ATOMKI 2016 anomaly,1.0,MM 15° + TOF,> 9,9,99,16.7,0.9989567650626051,159647559.20533565,13.148532877279804,198.28684051637043,130-176,2.585575847802864e-05,19.872777838113848,27.723535990214405,303.9002087489766,5.939059114042914,8.847005790431574,0.020343515240223004,3.008946565058814e-05,5.00178310526461e-05,3.053882366285271e-05,26.913672507072636,74.36930508950798,74.44697077039888,27.75248835566668,19.893531465166475,26.941779112318184
20 SiPM bars,ATOMKI 2016 anomaly,1.0,MM 15° + TOF,10–14,10,14,16.7,0.9989567650626051,159647559.20533565,8.674571074363863,126.92688447770058,128-176,3.632818530929973e-05,39.2311845382527,53.25246489536217,253.68613310594503,0.09451924675358334,1.7099189858442496,0.0024030969499213664,3.922576814813923e-05,7.062782021857183e-05,4.232508616742539e-05,45.73902755087913,148.28445269996737,148.4393097740064,53.30807774451061,39.27215462202116,45.78679393398236
20 SiPM bars,ATOMKI 2016 anomaly,1.0,MM 15° + TOF,10–15,10,15,16.7,0.9989567650626051,159647559.20533565,11.971368272069043,180.09269863772667,130-176,2.6282459930864536e-05,20.534117122993454,29.09058244089626,253.68613310594503,0.09451924675358601,1.5150616536326091,0.003594938973037608,3.032813352220506e-05,5.378273326407554e-05,3.128269798645491e-05,27.34232113379008,85.98639706761881,86.07619476127178,29.120962446330836,20.555561402806628,27.37087538726115
20 SiPM bars,ATOMKI 2016 anomaly,1.0,MM 15° + TOF,10–16,10,16,16.7,0.9989567650626051,159647559.20533565,12.338599450707898,184.0619125416477,130-176,2.541740147670434e-05,19.204646189892152,26.50862310762797,253.68613310594503,0.09451924675358601,1.5150616536326096,0.005024714577081545,2.955935480900045e-05,4.914148437989951e-05,2.9862184805211505e-05,25.97370561011825,71.78613219559772,71.86110020597222,26.53630670989716,19.22470207075337,26.000830584985795
20 SiPM bars,ATOMKI 2016 anomaly,1.0,MM 15° + TOF,10–17,10,17,16.7,0.9989567650626051,159647559.20533565,12.342280966283223,184.0619125416477,130-176,2.5411899113404e-05,19.19633223988772,26.508553245378362,253.68613310594503,0.09451924675358601,1.5993719810381306,0.006525511907601999,2.955342329107612e-05,4.9145010972744785e-05,2.9862145454982436e-05,25.963282646299657,71.79643589510124,71.87141466588068,26.5362367746887,19.21637943828798,25.990396736211625
20 SiPM bars,ATOMKI 2016 anomaly,1.0,MM 15° + TOF,10–18,10,18,16.7,0.9989567650626051,159647559.20533565,12.342280966283223,184.0619125416477,130-176,2.5433618227732817e-05,19.229159814330046,26.549582632027956,253.68613310594503,0.09451924675358601,2.549464853206341,0.00819475237517053,2.958540953926746e-05,4.917332279517232e-05,2.9885246523015674e-05,26.019514197567712,71.87918176926911,71.95424695358503,26.577309009328427,19.249241295367717,26.046687011461458
20 SiPM bars,ATOMKI 2016 anomaly,1.0,MM 15° + TOF,10–20,10,20,16.7,0.9989567650626051,159647559.20533565,12.342280966283223,184.0619125416477,130-176,2.5461162904757106e-05,19.270832831824595,26.58270559181376,253.68613310594503,0.09451924675358601,3.7928741352540074,0.011764978823294778,2.9627265014562117e-05,4.919475667511131e-05,2.990388296038852e-05,26.093187640995723,71.94185744124283,72.0169880792931,26.61046656022977,19.290957833011806,26.12043739386504
20 SiPM bars,ATOMKI 2016 anomaly,1.0,MM 15° + TOF,> 10,10,99,16.7,0.9989567650626051,159647559.20533565,12.342280966283223,184.0619125416477,130-176,2.55864955706391e-05,19.461021271888647,26.86789512893244,253.68613310594503,0.09451924675358601,8.847005790431547,0.020089413636503056,2.9796584961170767e-05,4.9469766937099735e-05,3.006386522284331e-05,26.392285236274308,72.74844948902988,72.82442247084707,26.895953927744426,19.481344891506907,26.419847344064276
20 SiPM bars,ATOMKI 2016 anomaly,1.0,MM 15° + TOF,11–14,11,14,16.7,0.9989567650626051,159647559.20533565,7.415492747602085,106.99714121144078,128-166,3.651963530882911e-05,39.645771792208016,52.35139511363987,167.9048626292174,0.09446293942017922,1.7099189858442496,0.002085965687007468,3.903196913307019e-05,8.593351521543148e-05,4.196547308946779e-05,45.2881871107296,219.51751002618292,219.74675752100808,52.406066953617334,39.68717483956715,45.33548267015477
20 SiPM bars,ATOMKI 2016 anomaly,1.0,MM 15° + TOF,11–15,11,15,16.7,0.9989567650626051,159647559.20533565,10.712289945307266,160.1629553714668,130-176,2.5720152972197932e-05,19.66487125188056,27.385918039718444,167.9048626292174,0.09446293942018189,1.5150616536326091,0.00327780771012371,2.94926392508391e-05,6.58450797734808e-05,3.0352302760352938e-05,25.8565924488744,128.8815258732476,129.0161199971157,27.414517822502713,19.685407757009536,25.88359511960856
20 SiPM bars,ATOMKI 2016 anomaly,1.0,MM 15° + TOF,11–16,11,16,16.7,0.9989567650626051,159647559.20533565,11.079521123946119,164.13216927538778,130-176,2.4819561200932934e-05,18.31184953052483,24.91610820796573,167.9048626292174,0.09446293942018189,1.5150616536326096,0.004707583314167646,2.86863072521379e-05,5.677660968967704e-05,2.8951301872557775e-05,24.46207561724314,95.82590391955793,95.92597725042933,24.942128708046965,18.330973042038732,24.487621960005537
20 SiPM bars,ATOMKI 2016 anomaly,1.0,MM 15° + TOF,11–17,11,17,16.7,0.9989567650626051,159647559.20533565,11.083202639521446,164.13216927538778,130-176,2.4813690979291665e-05,18.303188466580874,24.918572588219106,167.9048626292174,0.09446293942018189,1.5993719810381306,0.006208380644688101,2.8680465925937887e-05,5.6793390894751257e-05,2.8952733581955452e-05,24.452114320121403,95.88255794661161,95.98269044266657,24.944595661912803,18.322302933134253,24.477650260058027
20 SiPM bars,ATOMKI 2016 anomaly,1.0,MM 15° + TOF,11–18,11,18,16.7,0.9989567650626051,159647559.20533565,11.083202639521446,164.13216927538778,130-176,2.484046355319471e-05,18.342705991010543,24.97039947437405,167.9048626292174,0.09446293942018189,2.549464853206341,0.00787762111225663,2.872133274740769e-05,5.68231635142702e-05,2.89828266102177e-05,24.521847645282797,95.98311271609656,96.08335022395214,24.996476672150216,18.36186172667943,24.547456409433295
20 SiPM bars,ATOMKI 2016 anomaly,1.0,MM 15° + TOF,11–20,11,20,16.7,0.9989567650626051,159647559.20533565,11.083202639521446,164.13216927538778,130-176,2.487440853222711e-05,18.392871576341637,25.01102919742609,167.9048626292174,0.09446293942018189,3.7928741352540074,0.011447847560380881,2.877478779537235e-05,5.6876462548723196e-05,2.9006396229132187e-05,24.61321084033024,96.16325779002118,96.26368342777535,25.037148825813937,18.41207970115598,24.638915017295787
20 SiPM bars,ATOMKI 2016 anomaly,1.0,MM 15° + TOF,> 11,11,99,16.7,0.9989567650626051,159647559.20533565,11.083202639521446,164.13216927538778,130-176,2.5028743048530455e-05,18.62181862631871,25.361048649200097,167.9048626292174,0.09446293942018189,8.847005790431547,0.019772282373589155,2.8990790947884793e-05,5.7215849728956564e-05,2.9208657561741713e-05,24.98412484494526,97.31431213455822,97.4159398464652,25.38753381144649,18.641265846126654,25.01021637646099
20 SiPM bars,ATOMKI 2016 anomaly,1.0,MM 15° + TOF,12–15,12,15,16.7,0.9989567650626051,159647559.20533565,9.057448694197854,134.23095575726933,130-176,2.0979607406463746e-05,13.08394550919585,48.93101216130814,24.68800781057332,0.002587176468390731,1.7099189858442496,0.0027964935154729323,2.43479534355089e-05,6.40420731378958e-05,4.0571409257091454e-05,17.62255756533025,121.91995041021387,122.04727439087225,48.982112011866306,13.097609392910886,17.640961232417137
20 SiPM bars,ATOMKI 2016 anomaly,1.0,MM 15° + TOF,12–16,12,16,16.7,0.9989567650626051,159647559.20533565,9.424679872836704,138.2001696611903,130-176,2.0284438001355313e-05,12.231225476540649,39.09334472082193,24.68800781057332,0.002587176468390731,1.7099189858442496,0.004226269119516868,2.368667130535877e-05,5.553343199470815e-05,3.6264309126308336e-05,16.678311460407443,91.67544795216631,91.77118686054543,39.13417085510396,12.243998843908036,16.695729028234975
20 SiPM bars,ATOMKI 2016 anomaly,1.0,MM 15° + TOF,12–17,12,17,16.7,0.9989567650626051,159647559.20533565,9.42836138841203,138.2001696611903,130-176,2.0277968103984604e-05,12.223424210054011,39.11809493086113,24.68800781057332,0.002587176468390731,1.599371980708331,0.005727066450037324,2.3669578193669673e-05,5.553055074383563e-05,3.627578687601647e-05,16.654248866416257,91.6659353719888,91.7616643461482,39.158946912391734,12.236189430368354,16.67164130508944
20 SiPM bars,ATOMKI 2016 anomaly,1.0,MM 15° + TOF,12–18,12,18,16.7,0.9989567650626051,159647559.20533565,9.42836138841203,138.2001696611903,130-176,2.0321223638549093e-05,12.275628126276052,39.2343084689133,24.68800781057332,0.002587176468390731,2.549464852876542,0.007396306917605853,2.3737954732366685e-05,5.5627427159769654e-05,3.632963166472024e-05,16.75060924125713,91.98604793149458,92.08211120701482,39.27528181507882,12.288447864414564,16.76810231142222
20 SiPM bars,ATOMKI 2016 anomaly,1.0,MM 15° + TOF,12–20,12,20,16.7,0.9989567650626051,159647559.20533565,9.42836138841203,138.2001696611903,130-176,2.0376002174240974e-05,12.341898472195982,39.31083250930982,24.68800781057332,0.002587176468390731,3.792874134924208,0.010966533365730103,2.382724334243538e-05,5.5738024559067806e-05,3.6365043731765024e-05,16.876858659323158,92.35218138368745,92.44862702131027,39.35188577139891,12.354787418074604,16.894483574837672
20 SiPM bars,ATOMKI 2016 anomaly,1.0,MM 15° + TOF,> 12,12,99,16.7,0.9989567650626051,159647559.20533565,9.42836138841203,138.2001696611903,130-176,2.062415479900838e-05,12.644344862469097,40.153216534867994,24.68800781057332,0.002587176468390731,8.847005790101749,0.019290968178938377,2.418634971936333e-05,5.667235468965358e-05,3.675260812830784e-05,17.38940287596155,95.47430993073422,95.5740160834196,40.195149519160196,12.657549660496738,17.4075630539143
20 SiPM bars,ATOMKI 2016 anomaly,1.0,MM 15° + TOF,13–16,13,16,16.7,0.9989567650626051,159647559.20533565,7.018809444360616,100.67660082560049,130-176,2.102185194226542e-05,13.136690222429499,43.421747588790744,0.014009860051602464,0.001411965957665818,1.2824392393831872,0.0036243249790603557,2.5034517484953903e-05,4.9105698414584546e-05,3.8219204451256185e-05,18.63041217908628,71.68161762140699,71.75647648466014,43.46709397985756,13.150409188736226,18.64986837335118
20 SiPM bars,ATOMKI 2016 anomaly,1.0,MM 15° + TOF,13–17,13,17,16.7,0.9989567650626051,159647559.20533565,7.022490959935943,100.67660082560049,130-176,2.0985625047650902e-05,13.091452397163877,43.30778316243426,0.014009860051602464,0.001411965957665818,0.6125725627319082,0.005125122309580811,2.4939263147820357e-05,4.8911772024792944e-05,3.8169016565590066e-05,18.488907442218505,71.11657082655522,71.19083959764596,43.3530105376684,13.105124120505284,18.50821585963212
20 SiPM bars,ATOMKI 2016 anomaly,1.0,MM 15° + TOF,13–18,13,18,16.7,0.9989567650626051,159647559.20533565,7.022490959935943,100.67660082560049,130-176,2.1054820539361756e-05,13.177927108939643,43.52893833232187,0.014009860051602464,0.001411965957665818,1.562665434900119,0.006794362777149341,2.5056136227885267e-05,4.9060852094834444e-05,3.826634925753054e-05,18.66260293312558,71.5507493540791,71.62547154840578,43.57439666529901,13.191689139933676,18.682092744980796
20 SiPM bars,ATOMKI 2016 anomaly,1.0,MM 15° + TOF,13–20,13,20,16.7,0.9989567650626051,159647559.20533565,7.022490959935943,100.67660082560049,130-176,2.1142334651427993e-05,13.287702571729275,43.73692937424934,0.014009860051602464,0.001411965957665818,2.8060747169477853,0.010364589225273594,2.5208440961725562e-05,4.918076487800116e-05,3.835766291303145e-05,18.890175259239093,71.90094036816978,71.97602827552173,43.78260491734928,13.301579243919058,18.90990273043022
20 SiPM bars,ATOMKI 2016 anomaly,1.0,MM 15° + TOF,> 13,13,99,16.7,0.9989567650626051,159647559.20533565,7.022490959935943,100.67660082560049,130-176,2.1537219578669287e-05,13.788698786558133,45.31379090743234,0.014009860051602464,0.001411965957665818,7.860206372125326,0.01868902403848187,2.5817537383065483e-05,5.0351125233319435e-05,3.904300098770616e-05,19.814067673186198,75.36372806960217,75.44243225068814,45.361113205527474,13.803098661325937,19.83475998778029
20 SiPM bars,ATOMKI 2016 anomaly,1.0,MM 3° + TOF,0–14,0,14,16.7,0.9989567650626051,159647559.20533565,11.074919229476961,173.25743285995208,130-164,3.439540031597051e-05,35.16776346301617,57.84690395235687,372.8263723438654,11.411408725614669,0.0,0.00191341951058779,3.709624897316354e-05,5.970534401790305e-05,4.411314825488298e-05,40.9076007098376,105.96694721451102,106.07761108446972,57.907314886377065,35.20449001695503,40.95032151594059
20 SiPM bars,ATOMKI 2016 anomaly,1.0,MM 3° + TOF,0–15,0,15,16.7,0.9989567650626051,159647559.20533565,14.718699270156698,227.54751259982228,130-164,2.6231972056138503e-05,20.455301960583572,31.695123789406722,372.8263723438654,11.41140872561467,0.0,0.00253405077827076,2.924019282606899e-05,4.7458346575894426e-05,3.265308506520697e-05,25.415840562000486,66.9528733566501,67.02279387682422,31.728223780956498,20.47666393179852,25.44238294477906
20 SiPM bars,ATOMKI 2016 anomaly,1.0,MM 3° + TOF,0–16,0,16,16.7,0.9989567650626051,159647559.20533565,15.135630909062462,231.85170391240246,130-164,2.5475046555119598e-05,19.291854844991406,31.074529290372258,372.8263723438654,11.41140872561467,0.0,0.0032094154512466323,2.853459738132388e-05,4.495678159239449e-05,3.233182898210559e-05,24.204020443348853,60.08062458817657,60.14336825118882,31.106981179936053,19.312001799980177,24.229297292793223
20 SiPM bars,ATOMKI 2016 anomaly,1.0,MM 3° + TOF,0–17,0,17,16.7,0.9989567650626051,159647559.20533565,15.139312424637792,231.85170391240246,130-164,2.546969560447325e-05,19.28375131345196,31.06122117782759,372.8263723438654,11.41140872561467,0.0,0.003904267104046126,2.85276745428408e-05,4.4947466859576946e-05,3.23249049561189e-05,24.192277491743372,60.05573059134267,60.11844825694629,31.093659169404564,19.30388980572491,24.2175420777367
20 SiPM bars,ATOMKI 2016 anomaly,1.0,MM 3° + TOF,0–18,0,18,16.7,0.9989567650626051,159647559.20533565,15.139312424637792,231.85170391240246,130-164,2.5469712350873912e-05,19.283776671708058,31.061257506932215,372.8263723438654,11.41140872561467,0.0,0.004647283406098823,2.852769174520105e-05,4.4947494407402004e-05,3.232492385966593e-05,24.192306667931394,60.055804206404105,60.11852194888572,31.093695536448557,19.303915190463258,24.217571284394126
20 SiPM bars,ATOMKI 2016 anomaly,1.0,MM 3° + TOF,0–20,0,20,16.7,0.9989567650626051,159647559.20533565,15.139312424637792,231.85170391240246,130-164,2.546974237953048e-05,19.2838221426769,31.061323257135903,372.8263723438654,11.41140872561467,0.0,0.005953692301348178,2.8527721991236965e-05,4.4947543703253266e-05,3.232495807220872e-05,24.192357966982907,60.05593593804584,60.11865381809803,31.09376135531679,19.30396070891854,24.21762263701849
20 SiPM bars,ATOMKI 2016 anomaly,1.0,MM 3° + TOF,none,0,99,16.7,0.9989567650626051,159647559.20533565,15.139312424637792,231.85170391240246,130-164,2.5469790517590657e-05,19.283895035967625,31.06143099818618,372.8263723438654,11.41140872561467,0.0,0.007816603371985552,2.8527765121380122e-05,4.4947622609551834e-05,3.232501413424259e-05,24.192431118330326,60.05614679698856,60.118864897245885,31.093869208883675,19.30403367833351,24.217695864759648
20 SiPM bars,ATOMKI 2016 anomaly,1.0,MM 3° + TOF,6–14,6,14,16.7,0.9989567650626051,159647559.20533565,11.064795061644812,172.50910756406964,130-164,3.4321256814846e-05,35.01631002825841,56.80816561003512,370.7111037954969,11.411408725614669,0.0,0.001903969552569948,3.703470861163599e-05,5.8922208381866764e-05,4.3715291273438654e-05,40.771986978263506,103.20531036254843,103.3130901877225,56.86749176424559,35.0528784156779,40.81456615963585
20 SiPM bars,ATOMKI 2016 anomaly,1.0,MM 3° + TOF,6–15,6,15,16.7,0.9989567650626051,159647559.20533565,14.708575102324549,226.79918730393976,130-164,2.6178040474930274e-05,20.371278332553143,31.2053874106624,370.7111037954969,11.41140872561467,0.0,0.0025246008202529178,2.9191759457550046e-05,4.7137127015854275e-05,3.23998338343684e-05,25.331712848616597,66.04960592475562,66.11858314069904,31.237975958555868,20.39255255584206,25.358167374770265
20 SiPM bars,ATOMKI 2016 anomaly,1.0,MM 3° + TOF,6–16,6,16,16.7,0.9989567650626051,159647559.20533565,15.125506741230312,231.10337861652002,130-164,2.5422816473744284e-05,19.212829888753976,30.539654958025636,370.7111037954969,11.41140872561467,0.0,0.0031999654932287906,2.848726066061469e-05,4.471996664734921e-05,3.2052363294895785e-05,24.12378180576115,59.44932868430516,59.5114130695931,30.571548265266216,19.232894316051706,24.148974860037413
20 SiPM bars,ATOMKI 2016 anomaly,1.0,MM 3° + TOF,6–17,6,17,16.7,0.9989567650626051,159647559.20533565,15.129188256805639,231.10337861652002,130-164,2.541747403426691e-05,19.204755834798824,30.526664561679304,370.7111037954969,11.41140872561467,0.0,0.003894817146028284,2.848034474589288e-05,4.471068068671885e-05,3.204554564763864e-05,24.112070060787993,59.42464231479588,59.48670091950547,30.558544302731843,19.224811830164896,24.13725088420306
20 SiPM bars,ATOMKI 2016 anomaly,1.0,MM 3° + TOF,6–18,6,18,16.7,0.9989567650626051,159647559.20533565,15.129188256805639,231.10337861652002,130-164,2.541749083099373e-05,19.20478121711207,30.526700432067063,370.7111037954969,11.41140872561467,0.0,0.004637833448080981,2.8480361999909654e-05,4.471070815480089e-05,3.204556447520836e-05,24.112099276037384,59.424715330076644,59.48677401103787,30.558580210579922,19.22483723898551,24.137280129962647
20 SiPM bars,ATOMKI 2016 anomaly,1.0,MM 3° + TOF,6–20,6,20,16.7,0.9989567650626051,159647559.20533565,15.129188256805639,231.10337861652002,130-164,2.5417520949892064e-05,19.204826731218844,30.52676538834132,370.7111037954969,11.41140872561467,0.0,0.005944242343330336,2.8480392336770492e-05,4.4710757273324055e-05,3.2045598569285645e-05,24.112150643768587,59.424845896376326,59.48690471369113,30.558645234689607,19.224882800623778,24.137331551338427
20 SiPM bars,ATOMKI 2016 anomaly,1.0,MM 3° + TOF,> 6,6,99,16.7,0.9989567650626051,159647559.20533565,15.129188256805639,231.10337861652002,130-164,2.5417569232615804e-05,19.204899693662824,30.52687197938045,370.7111037954969,11.41140872561467,0.0,0.00780715341396771,2.8480435596427623e-05,4.471083577325959e-05,3.20456545164295e-05,24.112223893051773,59.425054564310024,59.48711359954184,30.558751937044356,19.22495583926422,24.13740487711763
20 SiPM bars,ATOMKI 2016 anomaly,1.0,MM 3° + TOF,8–14,8,14,16.7,0.9989567650626051,159647559.20533565,10.807088971371932,164.34940143978275,130-164,3.417809744495016e-05,34.72480216874282,50.330095516051585,351.37975504088257,6.059821186880902,0.0,0.0018076928488229681,3.67780521316722e-05,6.089697327318628e-05,4.114735001382198e-05,40.20883230083228,110.23904143386336,110.35416675611044,50.38265646351309,34.761066127388005,40.25082336602663
20 SiPM bars,ATOMKI 2016 anomaly,1.0,MM 3° + TOF,8–15,8,15,16.7,0.9989567650626051,159647559.20533565,14.45086901205167,218.63948117965293,130-164,2.5967482011835723e-05,20.044890666914736,28.606613118694327,351.37975504088257,6.059821186880906,0.0,0.002428324116505939,2.8899960077471383e-05,4.854387882382554e-05,3.102138722418579e-05,24.827814877510093,70.0507779804476,70.12393371804984,28.636487703150532,20.065824035596286,24.853743170710818
20 SiPM bars,ATOMKI 2016 anomaly,1.0,MM 3° + TOF,8–16,8,16,16.7,0.9989567650626051,159647559.20533565,14.867800650957433,222.9436724922331,130-164,2.5209134605394307e-05,18.891214849966968,27.7904530758116,351.37975504088257,6.059821186880906,0.0,0.0031036887894818105,2.81942868969164e-05,4.559887790472677e-05,3.057565766210602e-05,23.6301371470164,61.809086390314484,61.87363512818383,27.81947532441002,18.910943406828068,23.654814676124133
20 SiPM bars,ATOMKI 2016 anomaly,1.0,MM 3° + TOF,8–17,8,17,16.7,0.9989567650626051,159647559.20533565,14.87148216653276,222.9436724922331,130-164,2.520374561502375e-05,18.88313891280704,27.77832037650499,351.37975504088257,6.059821186880906,0.0,0.003798540442281304,2.81873241224487e-05,4.558862672150538e-05,3.0568982604359406e-05,23.61846733602789,61.781298643066414,61.845818361512926,27.807329954629328,18.902859035769808,23.64313267806711
20 SiPM bars,ATOMKI 2016 anomaly,1.0,MM 3° + TOF,8–18,8,18,16.7,0.9989567650626051,159647559.20533565,14.87148216653276,222.9436724922331,130-164,2.5203763147727408e-05,18.88316518450482,27.778354283732877,351.37975504088257,6.059821186880906,0.0,0.004541556744334002,2.818734216526576e-05,4.558865829267062e-05,3.056900126115955e-05,23.61849757258528,61.781384213016814,61.84590402082611,27.80736389726736,18.90288533490376,23.64316294620128
20 SiPM bars,ATOMKI 2016 anomaly,1.0,MM 3° + TOF,8–20,8,20,16.7,0.9989567650626051,159647559.20533565,14.87148216653276,222.9436724922331,130-164,2.520379458633438e-05,18.883212293404817,27.778415612795413,351.37975504088257,6.059821186880906,0.0,0.005847965639583357,2.818737388903255e-05,4.558871532178011e-05,3.056903500626799e-05,23.618550736031928,61.7815387838974,61.846058753128844,27.807425290377335,18.902932493000733,23.64321616516781
20 SiPM bars,ATOMKI 2016 anomaly,1.0,MM 3° + TOF,> 8,8,99,16.7,0.9989567650626051,159647559.20533565,14.87148216653276,222.9436724922331,130-164,2.52038449846403e-05,18.883287812419088,27.778515135472656,351.37975504088257,6.059821186880906,0.0,0.0077108767102207305,2.8187419126381974e-05,4.5588808447403956e-05,3.056908976658121e-05,23.61862654596683,61.78179119066855,61.84631142349454,27.807524916988537,18.903008090881354,23.643292054272877
20 SiPM bars,ATOMKI 2016 anomaly,1.0,MM 3° + TOF,9–14,9,14,16.7,0.9989567650626051,159647559.20533565,10.328491946579444,150.96851996166237,130-164,3.410169780449545e-05,34.56973225770303,57.406733777146016,314.5225527550966,5.938608318616887,0.0,0.0016827121869443832,3.6578135904038465e-05,5.800357238138767e-05,4.394499430268699e-05,39.772890196620324,100.01231893587627,100.11676424215261,57.466685030706316,34.60583427305438,39.81442599683254
20 SiPM bars,ATOMKI 2016 anomaly,1.0,MM 3° + TOF,9–15,9,15,16.7,0.9989567650626051,159647559.20533565,13.972271987259179,205.25859970153252,130-164,2.5708514500948473e-05,19.647078413955942,28.69987553395277,314.5225527550966,5.93860831861689,0.0,0.0023033434546273534,2.8553563710830218e-05,4.4862585818179724e-05,3.1071913570975496e-05,24.236206914044,59.82912028220988,59.8916012931354,28.729847514626055,19.667596337589895,24.26151737660549
20 SiPM bars,ATOMKI 2016 anomaly,1.0,MM 3° + TOF,9–16,9,16,16.7,0.9989567650626051,159647559.20533565,14.389203626164946,209.56279101411272,130-164,2.4939918043984772e-05,18.48987847921157,25.949700150264174,314.5225527550966,5.93860831861689,0.0,0.0029787081276032253,2.783950174072942e-05,4.197200078328045e-05,2.9545691954240755e-05,23.039175302380393,52.36768281069246,52.422371660309594,25.976800055643945,18.50918791070282,23.063235675606556
20 SiPM bars,ATOMKI 2016 anomaly,1.0,MM 3° + TOF,9–17,9,17,16.7,0.9989567650626051,159647559.20533565,14.392885141740273,209.56279101411272,130-164,2.4934416139220883e-05,18.481721409150975,25.938813222114174,314.5225527550966,5.93860831861689,0.0,0.0036735597804027193,2.783239899670675e-05,4.196239580536063e-05,2.9539493509400615e-05,23.027420746488794,52.34371764939795,52.39838147161208,25.965901758009093,18.501022322014823,23.051468844145276
20 SiPM bars,ATOMKI 2016 anomaly,1.0,MM 3° + TOF,9–18,9,18,16.7,0.9989567650626051,159647559.20533565,14.392885141740273,209.56279101411272,130-164,2.49344350190566e-05,18.481749397133058,25.93884567321756,314.5225527550966,5.93860831861689,0.0,0.004416576082455417,2.7832418505047393e-05,4.196242724581305e-05,2.9539511987286432e-05,23.027453027351502,52.34379608680598,52.398459990934214,25.965934243001957,18.50105033922544,23.051501158719677
20 SiPM bars,ATOMKI 2016 anomaly,1.0,MM 3° + TOF,9–20,9,20,16.7,0.9989567650626051,159647559.20533565,14.392885141740273,209.56279101411272,130-164,2.4934468873258167e-05,18.481799583575516,25.938903947802594,314.5225527550966,5.93860831861689,0.0,0.005722984977704771,2.783245280556681e-05,4.196248373514219e-05,2.9539545169214767e-05,23.027509785199275,52.34393701611393,52.39860106741808,25.965992578444563,18.501100578078823,23.051557975841057
20 SiPM bars,ATOMKI 2016 anomaly,1.0,MM 3° + TOF,> 9,9,99,16.7,0.9989567650626051,159647559.20533565,14.392885141740273,209.56279101411272,130-164,2.4934523143924944e-05,18.481880036115594,25.938993860992394,314.5225527550966,5.93860831861689,0.0,0.007585896048342147,2.7832501717298865e-05,4.1962575190201e-05,2.953959636629763e-05,23.027590720673135,52.3441651781591,52.398829467738445,25.966082585532902,18.501181114637454,23.05163899583781
20 SiPM bars,ATOMKI 2016 anomaly,1.0,MM 3° + TOF,10–14,10,14,16.7,0.9989567650626051,159647559.20533565,9.455052376333153,136.2829938170638,130-164,3.4367734186942475e-05,35.11121144899924,55.745055094125334,263.11556843132604,0.09451917672055288,0.0,0.0015056976280475914,3.67824589503771e-05,5.756024171761532e-05,4.330431448904805e-05,40.218468681218084,98.48934086178069,98.59219568487363,55.80327101607021,35.14787894428925,40.26046980991973
20 SiPM bars,ATOMKI 2016 anomaly,1.0,MM 3° + TOF,10–15,10,15,16.7,0.9989567650626051,159647559.20533565,13.09883241701289,190.57307355693393,130-164,2.548356817822909e-05,19.304763587825512,27.27009822928292,263.11556843132604,0.09451917672055556,0.0,0.002126328895730562,2.8297095985379117e-05,4.612539777180544e-05,3.0288052172978664e-05,23.802783626806146,63.24471818095345,63.31076618414999,27.298577058611627,19.32492402372957,23.827641454847562
20 SiPM bars,ATOMKI 2016 anomaly,1.0,MM 3° + TOF,10–16,10,16,16.7,0.9989567650626051,159647559.20533565,13.515764055918654,194.8772648695141,130-164,2.4685378734675503e-05,18.114385352983636,24.883751026556922,263.11556843132604,0.09451917672055556,0.0,0.002801693568706434,2.7553966453139914e-05,4.38826912069606e-05,2.8932497032461182e-05,22.568997244374543,57.244072163063535,57.30385354512917,24.909737735243674,18.133302647836214,22.592566599176223
20 SiPM bars,ATOMKI 2016 anomaly,1.0,MM 3° + TOF,10–17,10,17,16.7,0.9989567650626051,159647559.20533565,13.519445571493979,194.8772648695141,130-164,2.4679598319382966e-05,18.105902889598404,24.87244792973632,263.11556843132604,0.09451917672055556,0.0,0.0034965452215059275,2.754648405233101e-05,4.38734389592644e-05,2.8925925194474416e-05,22.556741487673207,57.21993597242269,57.2796921484752,24.898422834323117,18.124811326007386,22.580298043488966
20 SiPM bars,ATOMKI 2016 anomaly,1.0,MM 3° + TOF,10–18,10,18,16.7,0.9989567650626051,159647559.20533565,13.519445571493979,194.8772648695141,130-164,2.4679619822361793e-05,18.105934440437366,24.87248438069325,263.11556843132604,0.09451917672055556,0.0,0.0042395615235586255,2.75465063923084e-05,4.387347436232979e-05,2.8925946390161915e-05,22.55677807436051,57.220028318133444,57.279784590624836,24.89845932334667,18.12484290979566,22.580334668384637
20 SiPM bars,ATOMKI 2016 anomaly,1.0,MM 3° + TOF,10–20,10,20,16.7,0.9989567650626051,159647559.20533565,13.519445571493979,194.8772648695141,130-164,2.467965838022188e-05,18.105991015590252,24.872549838563458,263.11556843132604,0.09451917672055556,0.0,0.00554597041880798,2.7546545671544208e-05,4.387353787010691e-05,2.8925984452897617e-05,22.556842402927195,57.22019397264283,57.27995041813127,24.89852484957613,18.124899544031358,22.580399064131214
20 SiPM bars,ATOMKI 2016 anomaly,1.0,MM 3° + TOF,> 10,10,99,16.7,0.9989567650626051,159647559.20533565,13.519445571493979,194.8772648695141,130-164,2.467972019116765e-05,18.106081709700597,24.87265179432148,263.11556843132604,0.09451917672055556,0.0,0.007408881489445355,2.75466016827953e-05,4.3873640941276824e-05,2.8926043738488933e-05,22.556934134083853,57.22046282532942,57.28021955158729,24.89862691180904,18.124990332855777,22.58049089108496
20 SiPM bars,ATOMKI 2016 anomaly,1.0,MM 3° + TOF,11–14,11,14,16.7,0.9989567650626051,159647559.20533565,8.080926687842409,113.7372742332259,130-164,3.466455990508983e-05,35.720324417763415,46.127101385276426,178.6617463390338,0.09446293942016747,0.0,0.0012878400710154168,3.6825371353328534e-05,6.016673886866798e-05,3.939182263618553e-05,40.312365496746416,107.61107211921768,107.72345298895257,46.175273043359006,35.75762802459705,40.354464684184826
20 SiPM bars,ATOMKI 2016 anomaly,1.0,MM 3° + TOF,11–15,11,15,16.7,0.9989567650626051,159647559.20533565,11.724706728522149,168.02735397309607,130-164,2.4994004505086315e-05,18.57016234245764,25.949859114231433,178.6617463390338,0.09446293942017014,0.0,0.0019084713386983878,2.7636160562642332e-05,4.684290950642949e-05,2.9545782450338756e-05,22.703845738529942,65.22765074398164,65.2957695720633,25.976959185621155,18.58955561634726,22.72755591890614
20 SiPM bars,ATOMKI 2016 anomaly,1.0,MM 3° + TOF,11–16,11,16,16.7,0.9989567650626051,159647559.20533565,12.14163836742791,172.33154528567627,130-164,2.4152711960483778e-05,17.341067034663975,25.898093022963504,178.6617463390338,0.09446293942017014,0.0,0.002583836011674259,2.685229402678484e-05,4.4555694636935594e-05,2.9516298028250296e-05,21.434176412036404,59.01337469024527,59.07500379813422,25.925139033760342,17.35917673431763,21.45656064573837
20 SiPM bars,ATOMKI 2016 anomaly,1.0,MM 3° + TOF,11–17,11,17,16.7,0.9989567650626051,159647559.20533565,12.14531988300324,172.33154528567627,130-164,2.4146470866785896e-05,17.332106281823418,25.884621911061373,178.6617463390338,0.09446293942017014,0.0,0.003278687664473753,2.6844181065421004e-05,4.454498975104543e-05,2.950862045382848e-05,21.421226429046,58.985021162923374,59.046620660531545,25.91165385364718,17.350206623544118,21.44359713876458
20 SiPM bars,ATOMKI 2016 anomaly,1.0,MM 3° + TOF,11–18,11,18,16.7,0.9989567650626051,159647559.20533565,12.14531988300324,172.33154528567627,130-164,2.4146497658742106e-05,17.332144743865577,25.884673650121716,178.6617463390338,0.09446293942017014,0.0,0.004021703966526451,2.6844209470665947e-05,4.454503483613801e-05,2.950864994522953e-05,21.421271762930775,58.985140563399185,59.04674018570019,25.911705646739886,17.350245125753126,21.44364251999264
20 SiPM bars,ATOMKI 2016 anomaly,1.0,MM 3° + TOF,11–20,11,20,16.7,0.9989567650626051,159647559.20533565,12.14531988300324,172.33154528567627,130-164,2.414654570046523e-05,17.332213711791194,25.88476704489913,178.6617463390338,0.09446293942017014,0.0,0.0053281128617758055,2.6844259414133423e-05,4.4545115103703e-05,2.95087031804247e-05,21.421351471263105,58.985353139183964,59.046952983483045,25.911799139051748,17.350314165703633,21.443722311566326
20 SiPM bars,ATOMKI 2016 anomaly,1.0,MM 3° + TOF,> 11,11,99,16.7,0.9989567650626051,159647559.20533565,12.14531988300324,172.33154528567627,130-164,2.4146622714663775e-05,17.3323242724232,25.884917551743015,178.6617463390338,0.09446293942017014,0.0,0.007191023932413179,2.6844330632286353e-05,4.454524470833106e-05,2.950878896940088e-05,21.421465133635774,58.98569637708372,59.04729657983452,25.911949803073604,17.35042484179681,21.443836092639383
20 SiPM bars,ATOMKI 2016 anomaly,1.0,MM 3° + TOF,12–15,12,15,16.7,0.9989567650626051,159647559.20533565,9.924445612187323,139.1141463007916,130-164,2.0051359925019003e-05,11.95175490019792,40.60528478787807,23.559844127417293,0.002587176468390731,0.0,0.0015760911869025281,2.236184380272577e-05,4.60056914484245e-05,3.695892017178287e-05,14.864805536786708,62.916874127456566,62.982579755104354,40.64768987808328,11.964236409619689,14.880329216104887
20 SiPM bars,ATOMKI 2016 anomaly,1.0,MM 3° + TOF,12–16,12,16,16.7,0.9989567650626051,159647559.20533565,10.341377251093087,143.41833761337176,130-164,1.9401655772014266e-05,11.189781411882711,33.154134324593976,23.559844127417293,0.002587176468390731,0.0,0.0022514558598784,2.174237705771081e-05,4.172334495730756e-05,3.3396183594526805e-05,14.052644474425364,51.749034317077346,51.80307709696947,33.18875799646463,11.201467173788489,14.067319994118742
20 SiPM bars,ATOMKI 2016 anomaly,1.0,MM 3° + TOF,12–17,12,17,16.7,0.9989567650626051,159647559.20533565,10.345058766668414,143.41833761337176,130-164,1.9395882170925973e-05,11.183122627480497,33.13422516711957,23.559844127417293,0.002587176468390731,0.0,0.0029463075126778936,2.1734684778146753e-05,4.171242256075491e-05,3.338615483433069e-05,14.04270280634376,51.72194399188392,51.77595848068808,33.16882804737103,11.194801435455162,14.057367943710453
20 SiPM bars,ATOMKI 2016 anomaly,1.0,MM 3° + TOF,12–18,12,18,16.7,0.9989567650626051,159647559.20533565,10.345058766668414,143.41833761337176,130-164,1.939592669306011e-05,11.183173967971513,33.134367632670454,23.559844127417293,0.002587176468390731,0.0,0.0036893238147305916,2.1734733133781682e-05,4.17125369036191e-05,3.33862266086336e-05,14.042765291221974,51.7222275545715,51.77624233950709,33.16897066170217,11.194852829562306,14.057430493843151
20 SiPM bars,ATOMKI 2016 anomaly,1.0,MM 3° + TOF,12–20,12,20,16.7,0.9989567650626051,159647559.20533565,10.345058766668414,143.41833761337176,130-164,1.9396006527338754e-05,11.183266028792138,33.13462300393845,23.559844127417293,0.002587176468390731,0.0,0.004995732709979947,2.1734818154847306e-05,4.171274051674737e-05,3.338635526457612e-05,14.042875155299642,51.7227325034928,51.77674781575888,33.169226299660615,11.194944986524295,14.057540472654559
20 SiPM bars,ATOMKI 2016 anomaly,1.0,MM 3° + TOF,> 12,12,99,16.7,0.9989567650626051,159647559.20533565,10.345058766668414,143.41833761337176,130-164,1.9396134506844294e-05,11.183413609024848,33.13503439191377,23.559844127417293,0.002587176468390731,0.0,0.00685864378061732,2.1734939392488485e-05,4.171307660716431e-05,3.338656252063065e-05,14.043031819118541,51.72356599391077,51.77758217661124,33.16963811725844,11.195092720878645,14.057697300081308
20 SiPM bars,ATOMKI 2016 anomaly,1.0,MM 3° + TOF,13–16,13,16,16.7,0.9989567650626051,159647559.20533565,7.731182708186358,104.41510049680375,130-164,2.0378003227556725e-05,12.344322697452801,39.42203364720531,0.014009860051602464,0.001411965957665818,0.0,0.0018755728694747741,2.299963460265035e-05,4.547058998543602e-05,3.641644150506728e-05,15.724827344097246,61.46178815765857,61.52597420350492,39.463203039357474,12.357214175009043,15.741249165184605
20 SiPM bars,ATOMKI 2016 anomaly,1.0,MM 3° + TOF,13–17,13,17,16.7,0.9989567650626051,159647559.20533565,7.734864223761686,104.41510049680375,130-164,2.037011748094578e-05,12.334770695229869,39.387289429201964,0.014009860051602464,0.001411965957665818,0.0,0.002570424522274268,2.298876408721729e-05,4.544989649872794e-05,3.6400390333049374e-05,15.70996653560438,61.405858850923956,61.469986488429875,39.428422537119054,12.347652197396995,15.72637283718663
20 SiPM bars,ATOMKI 2016 anomaly,1.0,MM 3° + TOF,13–18,13,18,16.7,0.9989567650626051,159647559.20533565,7.734864223761686,104.41510049680375,130-164,2.0370189357217626e-05,12.334857742238471,39.387526777749095,0.014009860051602464,0.001411965957665818,0.0,0.003313440824326966,2.2988845866831633e-05,4.5450061284010676e-05,3.640050000760264e-05,15.710078308232514,61.406304123671994,61.470432226187114,39.42866013353507,12.347739335310912,15.72648472654165
20 SiPM bars,ATOMKI 2016 anomaly,1.0,MM 3° + TOF,13–20,13,20,16.7,0.9989567650626051,159647559.20533565,7.734864223761686,104.41510049680375,130-164,2.037031824098617e-05,12.335013829936202,39.3879556282317,0.014009860051602464,0.001411965957665818,0.0,0.004619849719576321,2.298898965518619e-05,4.54503580644773e-05,3.640069817096527e-05,15.710274832528466,61.40710606983343,61.47123500984051,39.429089431876704,12.347895586014836,15.726681456072722
20 SiPM bars,ATOMKI 2016 anomaly,1.0,MM 3° + TOF,> 13,13,99,16.7,0.9989567650626051,159647559.20533565,7.734864223761686,104.41510049680375,130-164,2.0370524849397866e-05,12.33526404993864,39.388637226709996,0.014009860051602464,0.001411965957665818,0.0,0.0064827607902136946,2.298919469274088e-05,4.545084075937242e-05,3.640101312197951e-05,15.710555071960323,61.40841039636829,61.47254069851541,39.42977174216493,12.348146067328132,15.726961988165458
big plastics,ATOMKI 2016 anomaly,1.0,trigger,0–14,0,14,16.7,0.9934252834168307,159647559.20533565,43.955455211614776,765.3806704757179,128-176,2.3882154050825582e-05,16.954734902121427,53.996012561414204,3623.231320353109,69.97418513144233,65.82057028185433,0.012768491362361734,2.6626733998011926e-05,5.073985516525794e-05,4.261954789255717e-05,21.075593442356837,76.53189364421382,77.03839928553727,54.353370568240365,17.066945229948814,21.215076558016033
big plastics,ATOMKI 2016 anomaly,1.0,trigger,0–15,0,15,16.7,0.9934252834168307,159647559.20533565,86.12905688477137,1408.999979674356,130-176,1.3113516247293025e-05,5.111899773127769,14.514734004021834,3623.231320353109,85.81704245659093,165.12361696524877,0.020864853632620434,1.4684115350702957e-05,2.5808324962488136e-05,2.2096960241066972e-05,6.409727813101967,19.79992976722319,19.930970247830256,14.610795845762269,5.145731499349076,6.452148863230123
big plastics,ATOMKI 2016 anomaly,1.0,trigger,0–16,0,16,16.7,0.9934252834168307,159647559.20533565,161.2798343239181,2444.9697203803617,130-174,7.743156478725937e-06,1.7822970348999838,5.599714453936094,3623.231320353109,93.75253167783222,315.7215563903188,0.03182155064854936,8.683200475716151e-06,1.3899443794332677e-05,1.3724955163147536e-05,2.241318980424411,5.743000528888619,5.7810090247913655,5.636774649701072,1.7940926858332746,2.2561525439694066
big plastics,ATOMKI 2016 anomaly,1.0,trigger,0–17,0,17,16.7,0.9934252834168307,159647559.20533565,163.81087628195533,2479.789009277285,130-176,7.731272464938033e-06,1.7768303783326103,5.363581691359463,3623.231320353109,93.75253167783222,531.3546717332692,0.045204460871154026,8.712746558730435e-06,1.383763116611365e-05,1.3432456517604379e-05,2.2565978774277355,5.692034372455404,5.729705562634736,5.399079106293454,1.788589849677775,2.2715325602206273
big plastics,ATOMKI 2016 anomaly,1.0,trigger,0–18,0,18,16.7,0.9934252834168307,159647559.20533565,163.81087628195533,2479.789009277285,130-176,8.120947034379953e-06,1.9604572156719544,6.16104881331182,3623.231320353109,93.75253167783222,1384.3266996219338,0.06013325095194814,9.248564660839491e-06,1.4769663021916775e-05,1.4396446856075621e-05,2.5426857397660254,6.484629779458256,6.527546547994767,6.201824048730909,1.9734319715812663,2.5595138177081624
big plastics,ATOMKI 2016 anomaly,1.0,trigger,0–20,0,20,16.7,0.9934252834168307,159647559.20533565,163.81087628195533,2479.789009277285,130-178,1.7274613313560173e-05,8.8707569896858,30.452463085375634,3623.231320353109,93.75253167783222,31438.644535254232,0.10806312916135564,2.060656041660771e-05,3.254330267522977e-05,3.200657523372403e-05,12.622780386542916,31.482358769667577,31.69071624731129,30.65400447695079,8.929465695875313,12.706320844913035
big plastics,ATOMKI 2016 anomaly,1.0,trigger,none,0,99,16.7,0.9934252834168307,159647559.20533565,163.81087628195533,2479.789009277285,130-176,4.934157297630976e-05,72.37190320381988,196.51918591803343,3623.231320353109,93.75253167783222,268040.72551512474,0.6901678192446328,5.5625058475994856e-05,8.433337558237852e-05,8.130747452899177e-05,91.97821434179092,211.41849694169196,212.81771308913125,197.8197950047302,72.85087707341287,92.58694727945417
big plastics,ATOMKI 2016 anomaly,1.0,trigger,6–14,6,14,16.7,0.9934252834168307,159647559.20533565,43.9039139935602,758.8381983337924,128-176,2.3857333248036183e-05,16.91951099012642,52.451913425629705,3606.000344406835,69.05080953415384,65.6020748207742,0.012673309706247936,2.6584490131615922e-05,5.073981289897534e-05,4.200574207936557e-05,21.00877275737171,76.53176614218266,77.0382709396684,52.79905222990126,17.031488198017982,21.147813638397857
big plastics,ATOMKI 2016 anomaly,1.0,trigger,6–15,6,15,16.7,0.9934252834168307,159647559.20533565,86.07751566671679,1402.4575075324303,130-176,1.3096445520902478e-05,5.098599443578078,13.852177410879992,3606.000344406835,84.89366685930247,164.90512150416862,0.020769671976506636,1.4658221208739422e-05,2.5844996066878635e-05,2.158673778276845e-05,6.387141765884012,19.856237268043163,19.98765040461699,13.943854300985983,5.132343145165111,6.429413336366672
big plastics,ATOMKI 2016 anomaly,1.0,trigger,6–16,6,16,16.7,0.9934252834168307,159647559.20533565,161.22829310586354,2438.4272482384363,130-174,7.733370187142266e-06,1.7777947220981212,5.281713138697741,3606.000344406835,92.82915608054377,315.5030609292387,0.03172636899243556,8.669255638180844e-06,1.3720988528900229e-05,1.3329547253593875e-05,2.234125841858809,5.596478186986078,5.633516964393441,5.316668728755911,1.7895605756917075,2.248911799561471
big plastics,ATOMKI 2016 anomaly,1.0,trigger,6–17,6,17,16.7,0.9934252834168307,159647559.20533565,163.75933506390075,2473.246537135359,130-176,7.72190523558039e-06,1.7725273622854882,5.031538083833646,3606.000344406835,92.82915608054377,531.1361762721891,0.04510927921504023,8.69933645093266e-06,1.3695957830211222e-05,1.3010032326637927e-05,2.2496567980536755,5.5760779098372195,5.612981673527184,5.064837957946825,1.7842583552826232,2.264545543189828
big plastics,ATOMKI 2016 anomaly,1.0,trigger,6–18,6,18,16.7,0.9934252834168307,159647559.20533565,163.75933506390075,2473.246537135359,130-176,8.112302709784652e-06,1.9562858280374373,5.78043996358715,3606.000344406835,92.82915608054377,1384.1082041608531,0.060038069295834336,9.23626057424256e-06,1.460386676485102e-05,1.3944676417008455e-05,2.5359247739389863,6.339861013243763,6.381819668851357,5.818696242263585,1.9692329767457717,2.552708106257186
big plastics,ATOMKI 2016 anomaly,1.0,trigger,6–20,6,20,16.7,0.9934252834168307,159647559.20533565,163.75933506390075,2473.246537135359,130-178,1.7275526372202877e-05,8.871694751387547,28.406439323811906,3606.000344406835,92.82915608054377,31438.426039793147,0.10796794750524184,2.0606221837109526e-05,3.209473140666022e-05,3.0912661141561926e-05,12.622365588590053,30.62044542406842,30.823098561324223,28.594439660433796,8.930409663899281,12.705903301732098
big plastics,ATOMKI 2016 anomaly,1.0,trigger,> 6,6,99,16.7,0.9934252834168307,159647559.20533565,163.75933506390075,2473.246537135359,130-176,4.935735406973996e-05,72.4182045411913,182.14921819765826,3606.000344406835,92.82915608054377,268040.50701966364,0.6900726375885189,5.564003806298408e-05,8.372713842380301e-05,7.827834758200524e-05,92.02775968044936,208.38982487035284,209.76899657074128,183.35472353911328,72.89748484366427,92.63682052053782
big plastics,ATOMKI 2016 anomaly,1.0,trigger,8–14,8,14,16.7,0.9934252834168307,159647559.20533565,43.102263977032784,731.2350977017489,128-176,2.4091153009032016e-05,17.252783986462315,47.72729703320559,3501.509803948313,68.45453517611963,64.00052359171323,0.012202544269635133,2.6671770416507868e-05,4.955425551378962e-05,4.0069268426027396e-05,21.146948191168377,72.99715337473093,73.48026529349173,48.04316724157676,17.366966871552062,21.286903548935893
big plastics,ATOMKI 2016 anomaly,1.0,trigger,8–15,8,15,16.7,0.9934252834168307,159647559.20533565,85.27586565018939,1374.8544069003863,130-176,1.3097353252577179e-05,5.09930624919126,11.653105726742396,3501.509803948313,84.29739250126826,163.30357027510766,0.020298906539893836,1.460585740827121e-05,2.5371741557331266e-05,1.9799254446761734e-05,6.341589495563345,19.135709561593647,19.26235408039691,11.730228655608796,5.1330546285800995,6.383559590663731
big plastics,ATOMKI 2016 anomaly,1.0,trigger,8–16,8,16,16.7,0.9934252834168307,159647559.20533565,160.4266430893361,2410.824147606393,130-174,7.706264696401605e-06,1.765354208412774,4.191160701678643,3501.509803948313,92.23288172250953,313.90150970017766,0.031255603555822756,8.62143847641554e-06,1.3511014897351354e-05,1.1873948206239976e-05,2.20954819865096,5.426501889311838,5.46241572456027,4.218898765353928,1.7770377278308611,2.22417149586866
big plastics,ATOMKI 2016 anomaly,1.0,trigger,8–17,8,17,16.7,0.9934252834168307,159647559.20533565,162.9576850473733,2445.643436503316,130-174,7.696874401114759e-06,1.7610545644035573,4.083817379988026,3501.509803948313,92.23288172250953,529.5346250431282,0.044638513778427424,8.654119512745068e-06,1.351824909476294e-05,1.1720905112780206e-05,2.2263312883732143,5.432314464567748,5.4682667687735975,4.1108450209178935,1.7727096277905356,2.2410656599315373
big plastics,ATOMKI 2016 anomaly,1.0,trigger,8–18,8,18,16.7,0.9934252834168307,159647559.20533565,162.9576850473733,2445.643436503316,130-176,8.093563601736533e-06,1.9472583761995965,4.673109008847938,3501.509803948313,92.23288172250953,1382.5066529317926,0.059567303859221515,9.198848841384922e-06,1.4401576843854728e-05,1.253807748650664e-05,2.5154227112559067,6.16544041585769,6.206244715910595,4.7040367170594255,1.9601457791592642,2.5320703562166758
big plastics,ATOMKI 2016 anomaly,1.0,trigger,8–20,8,20,16.7,0.9934252834168307,159647559.20533565,162.9576850473733,2445.643436503316,130-178,1.735434683494066e-05,8.952834544215662,22.076292732308353,3501.509803948313,92.23288172250953,31436.82448856409,0.10749718206862904,2.0670589393429584e-05,3.183709450432475e-05,2.7251541011745613e-05,12.701345596663602,30.13081410455722,30.330226749337374,22.222398705595836,9.01208645850334,12.785406017630269
big plastics,ATOMKI 2016 anomaly,1.0,trigger,> 8,8,99,16.7,0.9934252834168307,159647559.20533565,162.9576850473733,2445.643436503316,130-176,4.966564442020101e-05,73.32569071563148,141.5017839359425,3501.509803948313,92.23288172250953,268038.90546843456,0.6896018721519062,5.590005914623091e-05,8.439961403843952e-05,6.899362297781663e-05,92.88991119358248,211.75073869909502,213.1521536987565,142.43827522614993,73.81097696993565,93.50467795030626
big plastics,ATOMKI 2016 anomaly,1.0,trigger,9–14,9,14,16.7,0.9934252834168307,159647559.20533565,41.60020562229944,698.218630646287,128-176,2.461417885304548e-05,18.010041635247067,42.22225370682674,3383.078601457209,47.1996483374978,63.03339510651733,0.011702924238631444,2.707950248168529e-05,5.0106323458246554e-05,3.7687618851522734e-05,21.798438009976213,74.63268877831239,75.12662504583881,42.501690274688464,18.129236225297724,21.942705076925066
big plastics,ATOMKI 2016 anomaly,1.0,trigger,9–15,9,15,16.7,0.9934252834168307,159647559.20533565,83.77380729545604,1341.8379398449244,128-176,1.315619315016329e-05,5.14522646267549,9.451567098530974,3383.078601457209,63.04250566264642,162.3364417899118,0.019799286508890148,1.4613607040258491e-05,2.5398685684747408e-05,1.7831172625337404e-05,6.3483207707221325,19.17637439098076,19.303288038960208,9.514119739355573,5.179278752578927,6.390335414946797
big plastics,ATOMKI 2016 anomaly,1.0,trigger,9–16,9,16,16.7,0.9934252834168307,159647559.20533565,158.92458473460277,2377.807680550931,130-174,7.69329245371604e-06,1.7594158376457836,2.610521381053579,3383.078601457209,70.9779948838877,312.9343812149818,0.03075598352481907,8.582485502161304e-06,1.328487148736701e-05,9.371122625312423e-06,2.1896271520454507,5.246367729960075,5.281089395989084,2.6277984108425714,1.7710600555628817,2.2041186072035037
big plastics,ATOMKI 2016 anomaly,1.0,trigger,9–17,9,17,16.7,0.9934252834168307,159647559.20533565,161.45562669263998,2412.6269694478538,130-174,7.685399357468661e-06,1.7558074697913109,2.5876893826020684,3383.078601457209,70.9779948838877,528.5674965579324,0.044138893747423746,8.618394338886775e-06,1.3364845929260305e-05,9.330052027225442e-06,2.207988138542081,5.309723742950823,5.344864713618245,2.604815304983839,1.7674278067015863,2.2226011109238426
big plastics,ATOMKI 2016 anomaly,1.0,trigger,9–18,9,18,16.7,0.9934252834168307,159647559.20533565,161.45562669263998,2412.6269694478538,130-176,8.091149281349053e-06,1.94609681013898,2.9393414636674144,3383.078601457209,70.9779948838877,1381.5395244465967,0.05906768382821784,9.175159212494631e-06,1.4248858237900693e-05,9.94381450137581e-06,2.502483548591709,6.035373397258929,6.07531688392367,2.9587947002493373,1.9589765255878016,2.519045559203564
big plastics,ATOMKI 2016 anomaly,1.0,trigger,9–20,9,20,16.7,0.9934252834168307,159647559.20533565,161.45562669263998,2412.6269694478538,130-178,1.7494893556605955e-05,9.098433429160895,12.733833482822455,3383.078601457209,70.9779948838877,31435.85736007889,0.10699756203762535,2.0814495752178e-05,3.1667879114816005e-05,2.069700843992067e-05,12.878811932741854,29.811372402812115,30.008670909076894,12.818108916077863,9.158648950293818,12.964046866661075
big plastics,ATOMKI 2016 anomaly,1.0,trigger,> 9,9,99,16.7,0.9934252834168307,159647559.20533565,161.45562669263998,2412.6269694478538,130-176,5.016908767744339e-05,74.81977878677176,85.65695173575372,3383.078601457209,70.9779948838877,268037.9383399494,0.6891022521209023,5.6402231951095585e-05,8.399410974210274e-05,5.367960372795943e-05,94.56634271894134,209.720882026409,211.10886296862282,86.22384910633785,75.31495325892384,95.19220448435307
big plastics,ATOMKI 2016 anomaly,1.0,trigger,10–14,10,14,16.7,0.9934252834168307,159647559.20533565,38.8068556795202,649.3486088030701,128-176,2.571837626143758e-05,19.662154504306653,40.553051822019526,3220.553264314141,35.9510422886493,58.348850331987734,0.011011856553742488,2.823054557587283e-05,5.555895610993844e-05,3.693514130598037e-05,23.69095432554794,91.75973852633965,92.36702554090144,40.82144122861417,19.7922831565951,23.84774649993226
big plastics,ATOMKI 2016 anomaly,1.0,trigger,10–15,10,15,16.7,0.9934252834168307,159647559.20533565,80.98045735267681,1292.9679180017079,128-176,1.3310936916310498e-05,5.2669750769916055,8.102007725860512,3220.553264314141,51.79389961379791,157.65189701538216,0.019108218824001193,1.476649273984028e-05,2.5861358786329445e-05,1.650913504390668e-05,6.481846249576567,19.881387582498785,20.01296716962736,8.15562867294268,5.301833127174033,6.524744596073315
big plastics,ATOMKI 2016 anomaly,1.0,trigger,10–16,10,16,16.7,0.9934252834168307,159647559.20533565,156.13123479182354,2328.937658707714,130-174,7.693392452242862e-06,1.7594615762255477,3.070164873444046,3220.553264314141,59.72938883503922,308.24983644045216,0.030064915839930116,8.572916524845407e-06,1.3362481105777093e-05,1.0162693852648407e-05,2.184747257490114,5.307844866297555,5.342973402127958,3.090483929384589,1.7711060968510666,2.1992064163857377
big plastics,ATOMKI 2016 anomaly,1.0,trigger,10–17,10,17,16.7,0.9934252834168307,159647559.20533565,158.66227674986072,2363.7569476046374,130-174,7.687447123546205e-06,1.7567432603245785,3.441408084179393,3220.553264314141,59.72938883503922,523.8829517834027,0.04344782606253479,8.612843419308815e-06,1.334678777668404e-05,1.0759598875041522e-05,2.205144820616265,5.2953847787111314,5.330430850821465,3.4641841129137183,1.7683697905114297,2.219738975267262
big plastics,ATOMKI 2016 anomaly,1.0,trigger,10–18,10,18,16.7,0.9934252834168307,159647559.20533565,158.66227674986072,2363.7569476046374,130-176,8.107604153389331e-06,1.954020365875622,3.930026075291855,3220.553264314141,59.72938883503922,1376.8549796720667,0.05837661614332889,9.189113120968064e-06,1.4266014116707866e-05,1.1498090153274066e-05,2.510101068666689,6.049915540371821,6.089955270278078,3.956035890061858,1.9669525212352943,2.52671349377513
big plastics,ATOMKI 2016 anomaly,1.0,trigger,10–20,10,20,16.7,0.9934252834168307,159647559.20533565,158.66227674986072,2363.7569476046374,130-178,1.7746258698546562e-05,9.361762716876918,19.57320826617142,3220.553264314141,59.72938883503922,31431.172815304362,0.10630649435273637,2.1116309213453286e-05,3.2007830138114025e-05,2.5660138855314225e-05,13.255009357852916,30.454851074624266,30.65640827046047,19.70274825183678,9.423721011687622,13.34273405269398
big plastics,ATOMKI 2016 anomaly,1.0,trigger,> 10,10,99,16.7,0.9934252834168307,159647559.20533565,158.66227674986072,2363.7569476046374,130-176,5.1035079593458216e-05,77.4250698308744,137.92461413736075,3220.553264314141,59.72938883503922,268033.2537951749,0.6884111844360133,5.737140630746779e-05,8.490159580482574e-05,6.81159600943921e-05,97.84418138218057,214.27707997045192,215.69521487661146,138.83743089664154,77.93748671724481,98.49173663634872
big plastics,ATOMKI 2016 anomaly,1.0,trigger,11–14,11,14,16.7,0.9934252834168307,159647559.20533565,34.1451365822626,580.4494902101511,128-176,2.7631617383402262e-05,22.696381665360818,40.71163621709311,2887.6309875420616,24.948980122144764,56.238204333795615,0.009954513348122515,3.035920390989414e-05,5.8284975928498e-05,3.7007289043417e-05,27.39837283122864,100.98508974392362,101.65343225067824,40.98107517162007,22.846591529559106,27.579701552383963
big plastics,ATOMKI 2016 anomaly,1.0,trigger,11–15,11,15,16.7,0.9934252834168307,159647559.20533565,76.31873825541919,1224.0687994087891,128-176,1.3476548374228443e-05,5.398851250978576,8.193909942582538,2887.6309875420616,40.79183744729337,155.54125101719006,0.01805087561838122,1.4964371482802863e-05,2.5633764993129197e-05,1.6602503740956562e-05,6.656730495699273,19.53299368974363,19.66226752611026,8.248139119632674,5.434582087954848,6.700786266284487
big plastics,ATOMKI 2016 anomaly,1.0,trigger,11–16,11,16,16.7,0.9934252834168307,159647559.20533565,151.46951569456596,2260.0385401147955,130-174,7.643055806875349e-06,1.7365131411120982,2.9026608335353106,2887.6309875420616,48.727326668534694,306.1391904422601,0.029007572634310138,8.521314695178225e-06,1.4180814105816895e-05,9.881574289561753e-06,2.1585256877009615,5.977868273000458,6.017431177551586,2.921871309286362,1.7480057837258363,2.1728113062281174
big plastics,ATOMKI 2016 anomaly,1.0,trigger,11–17,11,17,16.7,0.9934252834168307,159647559.20533565,154.0005576526031,2294.857829011718,130-174,7.642268856858108e-06,1.7361555671968885,3.059996356232202,2887.6309875420616,48.727326668534694,521.7723057852105,0.04239048285691482,8.569891151439699e-06,1.4226701054026248e-05,1.0145850256319146e-05,2.1832055394626764,6.016617802634707,6.056437160468563,3.0802481145914826,1.7476458433043687,2.197654494914467
big plastics,ATOMKI 2016 anomaly,1.0,trigger,11–18,11,18,16.7,0.9934252834168307,159647559.20533565,154.0005576526031,2294.857829011718,130-176,8.089555612419791e-06,1.9453302617845578,3.530801953880548,2887.6309875420616,48.727326668534694,1374.744333673875,0.057319272937708915,9.183258817364157e-06,1.526802259535143e-05,1.0898448409225126e-05,2.506903760603345,6.929622888589825,6.975484723678236,3.5541696117664254,1.9582049040403957,2.523495025193027
big plastics,ATOMKI 2016 anomaly,1.0,trigger,11–20,11,20,16.7,0.9934252834168307,159647559.20533565,154.0005576526031,2294.857829011718,130-178,1.815345352834541e-05,9.796310196367312,18.963102210329883,2887.6309875420616,48.727326668534694,31429.062169306177,0.10524915114711642,2.1633433704831012e-05,3.509666325224367e-05,2.5257053635677645e-05,13.912171636781165,36.61640224260972,36.85873799856357,19.088604374057557,9.861144426154981,14.004245582446854
big plastics,ATOMKI 2016 anomaly,1.0,trigger,> 11,11,99,16.7,0.9934252834168307,159647559.20533565,154.0005576526031,2294.857829011718,130-176,5.2502924513554945e-05,81.94283836135698,137.52496721059637,2887.6309875420616,48.727326668534694,268031.14314917667,0.6873538412303934,5.9063259134175835e-05,9.332277710161842e-05,6.801720294869867e-05,103.70001722802631,258.89241159210326,260.6058210051362,138.43513901477013,82.48515487699203,104.38632774812808
big plastics,ATOMKI 2016 anomaly,1.0,trigger,12–15,12,15,16.7,0.9934252834168307,159647559.20533565,69.37632025924658,1110.2745888823406,128-176,1.281204249636021e-05,4.879561026413196,8.468562657585244,1931.04123647854,32.382161645796046,149.2598241162704,0.01663634004963739,1.423857143493622e-05,2.429745626975162e-05,1.687846106139916e-05,6.02666220296616,17.549535706911183,17.665682563011217,8.524609549354428,4.9118550814714705,6.066548036947271
big plastics,ATOMKI 2016 anomaly,1.0,trigger,12–16,12,16,16.7,0.9934252834168307,159647559.20533565,144.52709769839336,2146.244329588347,130-174,7.175459122267748e-06,1.530535482025429,2.5915757628528033,1931.04123647854,40.317650867037365,299.8577635413404,0.02759303706556631,8.001799850590612e-06,1.279508770350706e-05,9.337055674160261e-06,1.9033531762458953,4.866654855542138,4.89886349459876,2.608727406191257,1.5406649172056885,1.9159500045130908
big plastics,ATOMKI 2016 anomaly,1.0,trigger,12–17,12,17,16.7,0.9934252834168307,159647559.20533565,147.05813965643054,2181.0636184852697,130-174,7.197934449274525e-06,1.5401385355544872,2.7351198274117303,1931.04123647854,40.317650867037365,515.4908788842911,0.04097594728817098,8.083947441019331e-06,1.2839322351652729e-05,9.592154658580658e-06,1.9426339544935491,4.900362617409315,4.9327943421721585,2.7532214783223945,1.5503315259475448,1.9554907519687523
big plastics,ATOMKI 2016 anomaly,1.0,trigger,12–18,12,18,16.7,0.9934252834168307,159647559.20533565,147.05813965643054,2181.0636184852697,130-176,7.71366258381576e-06,1.768745257341237,3.2749625555849105,1931.04123647854,40.317650867037365,1368.4629067729554,0.05590473736896509,8.791576229522374e-06,1.3914422850704253e-05,1.0496177417035042e-05,2.297616307951927,5.755385352800256,5.793475814310796,3.2966370096006212,1.7804512194996052,2.3128224601345
big plastics,ATOMKI 2016 anomaly,1.0,trigger,12–20,12,20,16.7,0.9934252834168307,159647559.20533565,147.05813965643054,2181.0636184852697,130-178,1.8659062064164814e-05,10.34960157890471,20.56958354057527,1931.04123647854,40.317650867037365,31422.780742405255,0.10383461557837259,2.2316932989801456e-05,3.435956120110549e-05,2.6305147600896525e-05,14.805157493201204,35.09451385055035,35.32677739975042,20.705717766541373,10.418097618079374,14.903141424264634
big plastics,ATOMKI 2016 anomaly,1.0,trigger,> 12,12,99,16.7,0.9934252834168307,159647559.20533565,147.05813965643054,2181.0636184852697,130-176,5.478173783095215e-05,89.21042805526675,148.25489106462845,1931.04123647854,40.317650867037365,268024.8617222758,0.6859393056616497,6.172863393408294e-05,9.553948456367468e-05,7.062077977064614e-05,113.27063755552959,271.3374884272483,273.13326221575335,149.23607596810305,89.80084314789379,114.02028863805597
big plastics,ATOMKI 2016 anomaly,1.0,trigger,13–16,13,16,16.7,0.9934252834168307,159647559.20533565,134.526260638018,1976.6459111492277,130-174,5.552726602830948e-06,0.916550913370586,1.497738189058628,54.85810697100905,28.902970267116604,290.0875036492683,0.02470233887733639,6.2708163034835115e-06,9.441762246856881e-06,7.098162627041752e-06,1.1689398665884247,2.6500259906709833,2.667564471035373,1.5076505642248619,0.922616857724982,1.1766761789753544
big plastics,ATOMKI 2016 anomaly,1.0,trigger,13–17,13,17,16.7,0.9934252834168307,159647559.20533565,137.05730259605517,2011.4652000461506,130-176,5.666057508906132e-06,0.954346245369547,1.628713346383323,54.85810697100905,28.902970267116604,505.720618992219,0.038085249099941064,6.474645430872486e-06,9.685491307078466e-06,7.402021141035399e-06,1.2461662739452422,2.7886070707340225,2.8070627124998917,1.6394925452082865,0.9606623279076676,1.2544136884246826
big plastics,ATOMKI 2016 anomaly,1.0,trigger,13–18,13,18,16.7,0.9934252834168307,159647559.20533565,137.05730259605517,2011.4652000461506,130-176,6.394314245974993e-06,1.2154356324696414,2.1759375658538898,54.85810697100905,28.902970267116604,1358.692646880883,0.05301403918073517,7.461162012505844e-06,1.1113782004125444e-05,8.555614514184522e-06,1.6548435962205783,3.6717048286332514,3.6960050140908716,2.1903384201878517,1.2234796645090595,1.665795731037604
big plastics,ATOMKI 2016 anomaly,1.0,trigger,13–20,13,20,16.7,0.9934252834168307,159647559.20533565,137.05730259605517,2011.4652000461506,130-178,1.926905998434339e-05,11.037356500601181,19.13664547873355,54.85810697100905,28.902970267116604,31413.010482513186,0.10094391739014266,2.3239325015517726e-05,3.374653320723409e-05,2.5372362008780276e-05,16.054287371488346,33.85340379033748,34.07745338824133,19.2632961916513,11.110404259733365,16.160538330845096
big plastics,ATOMKI 2016 anomaly,1.0,trigger,> 13,13,99,16.7,0.9934252834168307,159647559.20533565,137.05730259605517,2011.4652000461506,130-176,5.8384363958184204e-05,101.32978462549697,149.16409089911963,54.85810697100905,28.902970267116604,268015.09146238375,0.6830486074734197,6.59808952675943e-05,9.579175795473022e-05,7.083699610970516e-05,129.41374971204658,272.77232140480436,274.57759124734497,150.15129309582105,102.00040840210835,130.27023961674826
big plastics,ATOMKI 2016 anomaly,1.0,MM 15°,0–14,0,14,16.7,0.9934252834168307,159647559.20533565,31.5100918092224,534.9991126559199,128-172,2.8636762329290742e-05,24.377650318201106,57.93560744582887,2632.704832409252,14.302234727236183,5.195953725788218,0.00443957948068949,3.117487249766559e-05,5.9705467333288426e-05,4.414695725050237e-05,28.890388681501374,105.96738494311448,106.66870142326718,58.31903859600049,24.538987204307446,29.081591906071182
big plastics,ATOMKI 2016 anomaly,1.0,MM 15°,0–15,0,15,16.7,0.9934252834168307,159647559.20533565,62.325297553601864,1001.2442410410223,130-172,1.5497652289979857e-05,7.139632178986856,14.24230801859962,2632.704832409252,20.32501056805418,15.844535912274916,0.006842833167806612,1.6913182811180052e-05,2.841195154734817e-05,2.188860986325288e-05,8.503440927597987,23.996402815958977,24.15521651857369,14.336566882628553,7.186883903770288,8.55971865176501
big plastics,ATOMKI 2016 anomaly,1.0,MM 15°,0–16,0,16,16.7,0.9934252834168307,159647559.20533565,119.64557468254691,1783.8991178632239,130-172,8.889597978283214e-06,2.349136510567687,4.125005410750579,2632.704832409252,22.509660562478818,36.63114086640419,0.009893628755172695,9.729392945087184e-06,1.4619799145117089e-05,1.177986341252094e-05,2.813944324610947,6.353701755159522,6.395752011974489,4.15230564352344,2.3646836352785017,2.8325676541395675
big plastics,ATOMKI 2016 anomaly,1.0,MM 15°,0–17,0,17,16.7,0.9934252834168307,159647559.20533565,121.64187650326787,1811.391253527474,130-172,8.793601258950053e-06,2.298674884108441,3.8178382815849425,2632.704832409252,22.509660562478818,65.29409542897915,0.01394260110297826,9.629571379694544e-06,1.4515476151501412e-05,1.1332787820854915e-05,2.7564995528130876,6.263348629750483,6.30480090883941,3.8431056117815943,2.3138880421910315,2.774742699654534
big plastics,ATOMKI 2016 anomaly,1.0,MM 15°,0–18,0,18,16.7,0.9934252834168307,159647559.20533565,121.64187650326787,1811.391253527474,130-172,8.924512745911091e-06,2.367625676335598,3.9156590768415365,2632.704832409252,22.509660562478818,183.21078092506815,0.018117012152298873,9.754048071275156e-06,1.4702299315428467e-05,1.1477054123116667e-05,2.8282239529353914,6.4256125196328275,6.468138698395407,3.9415738075176083,2.3832951665899644,2.8469417883223924
big plastics,ATOMKI 2016 anomaly,1.0,MM 15°,0–20,0,20,16.7,0.9934252834168307,159647559.20533565,121.64187650326787,1811.391253527474,130-160,1.3172552157980791e-05,5.158030034325933,7.493759565926568,2632.704832409252,22.509660562478818,5084.158997707228,0.02917903492997402,1.3979314461381523e-05,2.032896551439945e-05,1.5877344607892397e-05,5.8091924140960325,12.28498332002503,12.366288159861924,7.543354987052676,5.192167061205829,5.847638983090546
big plastics,ATOMKI 2016 anomaly,1.0,MM 15°,none,0,99,16.7,0.9934252834168307,159647559.20533565,121.64187650326787,1811.391253527474,128-152,2.9694498436362677e-05,26.211749030533454,31.06188581279819,2632.704832409252,22.509660562478818,41146.37380409785,0.10184105947162948,3.054997387090784e-05,4.1140801307105836e-05,3.2325250791641685e-05,27.74378428992722,50.31407646226995,50.64706657074149,31.26746050388669,26.38522440296628,27.92739902341123
big plastics,ATOMKI 2016 anomaly,1.0,MM 15°,6–14,6,14,16.7,0.9934252834168307,159647559.20533565,31.47235627457531,530.688813906644,128-172,2.8608611618196357e-05,24.32974609752674,57.93935833531007,2621.311720423644,14.300384472317793,5.195953725788218,0.004404563539646535,3.113525555160657e-05,5.964169538533985e-05,4.4148386317053886e-05,28.817007677284405,105.74113639826602,106.44095551360974,58.32281430972935,24.490765942503437,29.00772524952246
big plastics,ATOMKI 2016 anomaly,1.0,MM 15°,6–15,6,15,16.7,0.9934252834168307,159647559.20533565,62.287562018954766,996.9339422917463,130-172,1.547752396564236e-05,7.121098338496836,13.981721550988057,2621.311720423644,20.323160313135794,15.844535912274916,0.006807817226763659,1.6887180877987514e-05,2.8391534029045973e-05,2.1687441365344098e-05,8.477315041791531,23.961926412677627,24.120511942540784,14.074255793952323,7.1682274020691485,8.53341985884865
big plastics,ATOMKI 2016 anomaly,1.0,MM 15°,6–16,6,16,16.7,0.9934252834168307,159647559.20533565,119.60783914789981,1779.588819113948,130-172,8.878356399778991e-06,2.3431989405914555,3.9506185665671127,2621.311720423644,22.507810307560426,36.63114086640419,0.00985861281412974,9.71537203546622e-06,1.4653922014520786e-05,1.1528174555380296e-05,2.8058398866682235,6.383395672046876,6.425642450020543,3.9767646671717287,2.358706769101098,2.8244095791660286
big plastics,ATOMKI 2016 anomaly,1.0,MM 15°,6–17,6,17,16.7,0.9934252834168307,159647559.20533565,121.60414096862078,1807.0809547781985,130-172,8.782600727303942e-06,2.292927334579064,3.663662866047725,2621.311720423644,22.507810307560426,65.29409542897915,0.013907585161935304,9.61585432713248e-06,1.4541995375112102e-05,1.1101604335133075e-05,2.7486520345015593,6.286255335605878,6.327859216532777,3.687909827950786,2.3081024540594224,2.76684324466529
big plastics,ATOMKI 2016 anomaly,1.0,MM 15°,6–18,6,18,16.7,0.9934252834168307,159647559.20533565,121.60414096862078,1807.0809547781985,130-172,8.913764084148192e-06,2.3619259853701027,3.756711523593767,2621.311720423644,22.507810307560426,183.21078092506815,0.01808199621125592,9.740583193652699e-06,1.4730012001038614e-05,1.124169807696748e-05,2.8204209557808975,6.449858904599926,6.492545551504384,3.7815743028733557,2.377557753761199,2.8390871491414207
big plastics,ATOMKI 2016 anomaly,1.0,MM 15°,6–20,6,20,16.7,0.9934252834168307,159647559.20533565,121.60414096862078,1807.0809547781985,130-160,1.3166804172510655e-05,5.153529492189178,7.197787000743009,2621.311720423644,22.507810307560426,5084.158997707228,0.029144018988931066,1.3972150378233748e-05,2.0368358978099175e-05,1.556064120481527e-05,5.803239779785299,12.332641125467097,12.41426137560106,7.2454236074872425,5.187636733448037,5.841646952879416
big plastics,ATOMKI 2016 anomaly,1.0,MM 15°,> 6,6,99,16.7,0.9934252834168307,159647559.20533565,121.60414096862078,1807.0809547781985,128-152,2.969781272823958e-05,26.21760050064176,29.885011019233456,2621.311720423644,22.507810307560426,41146.37380409785,0.10180604353058652,3.055419247091156e-05,4.088539095319726e-05,3.170696722625823e-05,27.751447013956856,49.691295879779545,50.02016428338638,30.082796882766697,26.391114599447064,27.9351124611076
big plastics,ATOMKI 2016 anomaly,1.0,MM 15°,8–14,8,14,16.7,0.9934252834168307,159647559.20533565,30.934855000577592,512.322049033192,128-172,2.884711204656207e-05,24.73709492945619,57.37084702089169,2554.3225798624107,14.23295389684988,5.195953725788218,0.004236376841833573,3.124673159344382e-05,5.618843127543825e-05,4.393125645577186e-05,29.02372875364804,93.85076721743897,94.47189313990933,57.750540456920795,24.900810702516385,29.215814453425775
big plastics,ATOMKI 2016 anomaly,1.0,MM 15°,8–15,8,15,16.7,0.9934252834168307,159647559.20533565,61.75006074495705,978.5671774182947,130-172,1.5470320918554252e-05,7.1144717396866,13.026922785295204,2554.3225798624107,20.25572973766788,15.844535912274916,0.006639630528950695,1.6833907251396286e-05,2.7521566260406122e-05,2.0933840605520305e-05,8.423913000850549,22.51595152871357,22.664967264846744,13.113137950837965,7.161556946906739,8.479664390941382
big plastics,ATOMKI 2016 anomaly,1.0,MM 15°,8–16,8,16,16.7,0.9934252834168307,159647559.20533565,119.07033787390209,1761.2220542404957,130-172,8.846242403645311e-06,2.326278378836277,3.4735452356828374,2554.3225798624107,22.440379732092513,36.63114086640419,0.00969042611631678,9.665317379689595e-06,1.4637183869694283e-05,1.0809720705382293e-05,2.7770023796114667,6.368821392248468,6.410971714292657,3.4965339554634376,2.3416742231838237,2.7953812188674343
big plastics,ATOMKI 2016 anomaly,1.0,MM 15°,8–17,8,17,16.7,0.9934252834168307,159647559.20533565,121.06663969462309,1788.7141899047465,130-172,8.750992530272072e-06,2.2764527427133654,3.27525261651878,2554.3225798624107,22.440379732092513,65.29409542897915,0.013739398464122343,9.566764813554859e-06,1.4466593203496236e-05,1.0496642225954535e-05,2.720659601601407,6.2212342127064035,6.262407768915259,3.2969289902243397,2.2915188295627362,2.73866555141807
big plastics,ATOMKI 2016 anomaly,1.0,MM 15°,8–18,8,18,16.7,0.9934252834168307,159647559.20533565,121.06663969462309,1788.7141899047465,130-172,8.884076211024004e-06,2.3462190880880684,3.3563560246302244,2554.3225798624107,22.440379732092513,183.21078092506815,0.01791380951344296,9.693233761745624e-06,1.4656429979170973e-05,1.0625808988898717e-05,2.7930672045138287,6.385580848226565,6.427842088197832,3.3785691593093197,2.3617469046271697,2.8115523644689517
big plastics,ATOMKI 2016 anomaly,1.0,MM 15°,8–20,8,20,16.7,0.9934252834168307,159647559.20533565,121.06663969462309,1788.7141899047465,130-160,1.317651220490002e-05,5.161131803979762,6.503722305716363,2554.3225798624107,22.440379732092513,5084.158997707228,0.02897583229111811,1.3971176173353652e-05,2.0223225292077758e-05,1.4791390007849108e-05,5.8024305489561465,12.157516088410626,12.237977320846445,6.546765432974661,5.19528935908329,5.840832366374864
big plastics,ATOMKI 2016 anomaly,1.0,MM 15°,> 8,8,99,16.7,0.9934252834168307,159647559.20533565,121.06663969462309,1788.7141899047465,128-152,2.97941934137743e-05,26.388048786486088,28.642933244982103,2554.3225798624107,22.440379732092513,41146.37380409785,0.10163785683277357,3.066108323337291e-05,3.978125355995831e-05,3.104107398852685e-05,27.945957938282433,47.04364253274957,47.354988158692315,28.83249875266546,26.56269095117639,28.130910703383623
big plastics,ATOMKI 2016 anomaly,1.0,MM 15°,9–14,9,14,16.7,0.9934252834168307,159647559.20533565,29.886543440503274,491.686948846362,128-172,2.9461291097003742e-05,25.80165496737193,54.63043096614737,2468.784324821703,14.162924551138866,5.195953725788218,0.00404362840965539,3.178115006328757e-05,6.092452369656028e-05,4.286919287438472e-05,30.0250148437932,110.33881057231672,111.0690581508179,54.99198769961749,25.97241624315075,30.223727284777617
big plastics,ATOMKI 2016 anomaly,1.0,MM 15°,9–15,9,15,16.7,0.9934252834168307,159647559.20533565,60.70174918488273,957.9320772314647,130-172,1.554588777748959e-05,7.184144672719984,11.450410766018816,2468.784324821703,20.185700391956864,15.844535912274916,0.006446882096772515,1.686781405356892e-05,2.8046259454120835e-05,1.9626304241218544e-05,8.45788201384593,23.38265961259995,23.53741142179974,11.526192213103101,7.231690991405534,8.513858218662925
big plastics,ATOMKI 2016 anomaly,1.0,MM 15°,9–16,9,16,16.7,0.9934252834168307,159647559.20533565,118.02202631382777,1740.586954053666,130-172,8.831311619968904e-06,2.3184323700653326,3.053702315280413,2468.784324821703,22.370350386381496,36.63114086640419,0.009497677684138598,9.632030188185612e-06,1.4525264268804774e-05,1.0135410494204617e-05,2.7579074181367105,6.271798516011196,6.313306718387211,3.0739124182317714,2.33377628772565,2.7761598825540683
big plastics,ATOMKI 2016 anomaly,1.0,MM 15°,9–17,9,17,16.7,0.9934252834168307,159647559.20533565,120.01832813454875,1768.0790897179163,130-172,8.736024195041665e-06,2.2686717816989703,2.9889819704125506,2468.784324821703,22.370350386381496,65.29409542897915,0.01354665003194416,9.533924435767786e-06,1.4383907644859371e-05,1.0027430053841224e-05,2.702012935402202,6.150321020685013,6.191025257109752,3.008763739263928,2.283686372362097,2.719895477301302
big plastics,ATOMKI 2016 anomaly,1.0,MM 15°,9–18,9,18,16.7,0.9934252834168307,159647559.20533565,120.01832813454875,1768.0790897179163,130-168,8.871002635533193e-06,2.3393188989190503,3.056655872561077,2468.784324821703,22.370350386381496,183.21078092506815,0.017721061081264776,9.663034929831165e-06,1.4577854027942269e-05,1.0140310821318774e-05,2.7756909647781565,6.317295721165059,6.359105034489432,3.0768855228325576,2.354801048422176,2.7940611247897
big plastics,ATOMKI 2016 anomaly,1.0,MM 15°,9–20,9,20,16.7,0.9934252834168307,159647559.20533565,120.01832813454875,1768.0790897179163,130-160,1.3231078119225884e-05,5.203966355441674,5.68629614588967,2468.784324821703,22.370350386381496,5084.158997707228,0.028783083858939924,1.4013759087774349e-05,2.0315979497030008e-05,1.3830654443941854e-05,5.837855046675926,12.269293190360987,12.350494189317832,5.723929359168284,5.23840739944017,5.876491311552843
big plastics,ATOMKI 2016 anomaly,1.0,MM 15°,> 9,9,99,16.7,0.9934252834168307,159647559.20533565,120.01832813454875,1768.0790897179163,128-152,3.001060164385708e-05,26.77277678437209,24.214974557066693,2468.784324821703,22.370350386381496,41146.37380409785,0.10144510840059538,3.089277393481086e-05,4.095852976171653e-05,2.8541053661344103e-05,28.36990134920717,49.869237819304956,50.19928388351714,24.375234817640884,26.9499651672732,28.557659869125214
big plastics,ATOMKI 2016 anomaly,1.0,MM 15°,10–14,10,14,16.7,0.9934252834168307,159647559.20533565,27.968473825757986,458.7173645106508,128-172,3.0735165646085874e-05,28.081165496205028,46.2146535403069,2354.9930243343674,14.148836187184926,5.005753809716805,0.003790865998888127,3.311263241547583e-05,7.491188954961278e-05,3.942918899870912e-05,32.5935322676106,166.81900106698524,167.92304751215977,46.520512726789256,28.267013095963726,32.8092437465523
big plastics,ATOMKI 2016 anomaly,1.0,MM 15°,10–15,10,15,16.7,0.9934252834168307,159647559.20533565,58.78367957013746,924.9624928957534,130-172,1.5729822617488303e-05,7.35515218720709,10.332156841606004,2354.9930243343674,20.17161202800292,15.654335996203503,0.0061941196860052505,1.7044561644040786e-05,2.9575822832374137e-05,1.8643330071412294e-05,8.636060690770103,26.002654465278926,26.17474600187772,10.40053742750449,7.403830272881173,8.693216122974901
big plastics,ATOMKI 2016 anomaly,1.0,MM 15°,10–16,10,16,16.7,0.9934252834168307,159647559.20533565,116.10395669908246,1707.6173697179543,130-172,8.829552046878362e-06,2.3175086013238366,3.6375062191128738,2354.9930243343674,22.356262022427554,36.44094095033278,0.009244915273371332,9.621117060121824e-06,1.4480841228369238e-05,1.1061903507577577e-05,2.7516615185662068,6.2334947289309826,6.2747494280508205,3.661580070321821,2.3328464052705558,2.7698726461863554
big plastics,ATOMKI 2016 anomaly,1.0,MM 15°,10–17,10,17,16.7,0.9934252834168307,159647559.20533565,118.10025851980346,1735.109505382205,130-170,8.733598325009634e-06,2.2674120006721483,3.7271532084061456,2354.9930243343674,22.356262022427554,65.10389551290773,0.013293887621176897,9.522710439123354e-06,1.4354433768454964e-05,1.1197385138092855e-05,2.6956603480198837,6.125141760195011,6.165679354493505,3.751820363970213,2.2824182538152358,2.713500847037344
big plastics,ATOMKI 2016 anomaly,1.0,MM 15°,10–18,10,18,16.7,0.9934252834168307,159647559.20533565,118.10025851980346,1735.109505382205,130-168,8.872666090957712e-06,2.340196300880821,3.825179121342288,2354.9930243343674,22.356262022427554,183.0205810089968,0.017468298670497512,9.656174423383855e-06,1.4555649349910453e-05,1.134367778288658e-05,2.771751025410598,6.298065636074571,6.339747680281225,3.8504950349016673,2.355684257231552,2.7900951099989277
big plastics,ATOMKI 2016 anomaly,1.0,MM 15°,10–20,10,20,16.7,0.9934252834168307,159647559.20533565,118.10025851980346,1735.109505382205,130-160,1.3349838534467718e-05,5.297805853042782,7.665203119903872,2354.9930243343674,22.356262022427554,5083.968797791156,0.02853032144817266,1.412890976509952e-05,2.0502587440062822e-05,1.605793987264762e-05,5.934188203041753,12.495722108722406,12.57842166624154,7.715933193827959,5.332867948378841,5.973462022862399
big plastics,ATOMKI 2016 anomaly,1.0,MM 15°,> 10,10,99,16.7,0.9934252834168307,159647559.20533565,118.10025851980346,1735.109505382205,128-152,3.0445402294820904e-05,27.554177196595894,31.329278314703537,2354.9930243343674,22.356262022427554,41146.18360418177,0.10119234598982813,3.134365560319077e-05,4.188975373885973e-05,3.246408665751475e-05,29.20406499915077,52.16264769031844,52.50787206754788,31.5366226707541,27.736537066808733,29.39734420560047
big plastics,ATOMKI 2016 anomaly,1.0,MM 15°,11–14,11,14,16.7,0.9934252834168307,159647559.20533565,24.652348671282343,410.7069991404088,128-172,3.3051118452588584e-05,32.47254551031633,58.27775778232347,2129.8747288248223,8.52130981247788,5.005753809716805,0.003309151593630536,3.5670641853327014e-05,7.122966290609462e-05,4.42771247011068e-05,37.82386118395733,150.82238043150628,151.82055756902133,58.663453361968386,32.68745627112371,38.07418818037756
big plastics,ATOMKI 2016 anomaly,1.0,MM 15°,11–15,11,15,16.7,0.9934252834168307,159647559.20533565,55.4675544156618,876.9521275255114,130-172,1.5936318017651826e-05,7.5495312710979245,11.029147246389037,2129.8747288248223,14.544085653295877,15.654335996203503,0.0057124052807476615,1.7287605440009663e-05,2.8054086482238593e-05,1.9261892777412278e-05,8.884105286844578,23.395712495627883,23.55055069180406,11.102140674792272,7.599495802172192,8.942902335129014
big plastics,ATOMKI 2016 anomaly,1.0,MM 15°,11–16,11,16,16.7,0.9934252834168307,159647559.20533565,112.78783154460685,1659.6070043477123,130-170,8.769805855674312e-06,2.2862513301492102,3.3898403265431827,2129.8747288248223,16.72873564772052,36.44094095033278,0.008763200868113741,9.563194547292462e-06,1.5175736125721556e-05,1.0678681032080351e-05,2.718629308839603,6.8461048441596395,6.891413937657037,3.4122750680192238,2.3013822662996626,2.7366218217126805
big plastics,ATOMKI 2016 anomaly,1.0,MM 15°,11–17,11,17,16.7,0.9934252834168307,159647559.20533565,114.78413336532779,1687.099140011963,130-170,8.67419062975991e-06,2.2366701272715397,3.436979869559721,2129.8747288248223,16.72873564772052,65.10389551290773,0.012812173215919306,9.465290402353132e-06,1.4797757033187403e-05,1.075267421676994e-05,2.663249774104587,6.509322628217812,6.5524028196960735,3.4597265913531223,2.2514729236391466,2.6808757725034824
big plastics,ATOMKI 2016 anomaly,1.0,MM 15°,11–18,11,18,16.7,0.9934252834168307,159647559.20533565,114.78413336532779,1687.099140011963,130-168,8.822304651851023e-06,2.3137056887655225,3.534429144124344,2129.8747288248223,16.72873564772052,183.0205810089968,0.01698658426523992,9.607364291431647e-06,1.5020199800893019e-05,1.0904044956269345e-05,2.7438004943007104,6.706492332305193,6.750877438148733,3.557820807587937,2.329018324163908,2.7619595958576393
big plastics,ATOMKI 2016 anomaly,1.0,MM 15°,11–20,11,20,16.7,0.9934252834168307,159647559.20533565,114.78413336532779,1687.099140011963,130-160,1.3529263333002766e-05,5.441170223951638,7.413676310897648,2129.8747288248223,16.72873564772052,5083.968797791156,0.02804860704291507,1.4315080823410282e-05,2.123070012424e-05,1.5792278844378252e-05,6.091603417977669,13.399007959732591,13.487685670378202,7.462741722657514,5.477181137606079,6.131919047828076
big plastics,ATOMKI 2016 anomaly,1.0,MM 15°,> 11,11,99,16.7,0.9934252834168307,159647559.20533565,114.78413336532779,1687.099140011963,128-152,3.122169799713442e-05,28.97724214697584,34.051386718299796,2129.8747288248223,16.72873564772052,41146.18360418177,0.10071063158457053,3.214970935430924e-05,4.141183202936985e-05,3.384506831435867e-05,30.72544029627107,50.97918644556309,51.31657840459126,34.27674661267122,29.169020187718836,30.92878831369445
big plastics,ATOMKI 2016 anomaly,1.0,MM 15°,12–15,12,15,16.7,0.9934252834168307,159647559.20533565,50.48002118998776,796.7528021174151,128-172,1.5172761223802413e-05,6.843421021240253,11.880692638983685,1449.148712900671,6.140505673108064,15.654335996203503,0.005148314442300043,1.641431123418132e-05,2.5401850639271657e-05,1.9991660770816697e-05,8.009203724511625,19.181153861470445,19.3080991410828,11.95932179028171,6.888712352581454,8.062210473408143
big plastics,ATOMKI 2016 anomaly,1.0,MM 15°,12–16,12,16,16.7,0.9934252834168307,159647559.20533565,107.8002983189328,1579.4076789396163,130-168,8.227674414626835e-06,2.0123253945631694,3.040236673743982,1449.148712900671,8.3251556675327,36.44094095033278,0.008199110029666126,8.948163931425746e-06,1.3783827356004579e-05,1.0113039192287726e-05,2.380191371690507,5.64785661653211,5.685235428180993,3.0603576579883875,2.025643425987598,2.3959440246013997
big plastics,ATOMKI 2016 anomaly,1.0,MM 15°,12–17,12,17,16.7,0.9934252834168307,159647559.20533565,109.7966001396538,1606.8998146038668,130-168,8.144301300664323e-06,1.9717492174792681,3.07365942226055,1449.148712900671,8.3251556675327,65.10389551290773,0.01224808237747169,8.865375352232888e-06,1.3524698689475865e-05,1.0168475941105672e-05,2.3363519659922227,5.437499246168554,5.473485864449292,3.094001605927393,1.9847987064488102,2.351814479652129
big plastics,ATOMKI 2016 anomaly,1.0,MM 15°,12–18,12,18,16.7,0.9934252834168307,159647559.20533565,109.7966001396538,1606.8998146038668,130-166,8.312371838200133e-06,2.0539692501933007,3.184682887471272,1449.148712900671,8.3251556675327,183.0205810089968,0.016422493426792306,9.0308569633631e-06,1.378712587244489e-05,1.0350494303874265e-05,2.4243869647064145,5.650560042290109,5.687956745831276,3.2057598499181874,2.0675628902143384,2.4404321141977294
big plastics,ATOMKI 2016 anomaly,1.0,MM 15°,12–20,12,20,16.7,0.9934252834168307,159647559.20533565,109.7966001396538,1606.8998146038668,130-160,1.3545241164771677e-05,5.454029673359845,7.309056865704912,1449.148712900671,8.3251556675327,5083.968797791156,0.02748451620446745,1.4305259012107732e-05,2.1294415310693303e-05,1.5680455126121604e-05,6.083247187975312,13.479551825930123,13.568762594372432,7.357429881959336,5.490125693802573,6.12350751437725
big plastics,ATOMKI 2016 anomaly,1.0,MM 15°,> 12,12,99,16.7,0.9934252834168307,159647559.20533565,109.7966001396538,1606.8998146038668,128-152,3.2346002629165764e-05,31.101780204696745,35.26233531827547,1449.148712900671,8.3251556675327,41146.18360418177,0.10014654074612289,3.3321446224449706e-05,4.412058671324274e-05,3.444161668834358e-05,33.00590899194094,57.86641414746646,58.249387360505025,35.49570954847519,31.307618926029257,33.224349674712286
big plastics,ATOMKI 2016 anomaly,1.0,MM 15°,13–16,13,16,16.7,0.9934252834168307,159647559.20533565,100.60017423248735,1461.9928998899031,130-172,6.241895629055604e-06,1.1581825518437407,1.5459738290606662,42.964712910831246,8.25316252323644,35.6401253975089,0.007165887979564024,6.807009024346376e-06,1.106197592461971e-05,7.211557363676782e-06,1.3773891753131093,3.637553845328956,3.661628011739135,1.5562054387657376,1.1658476698521671,1.3865050530782308
big plastics,ATOMKI 2016 anomaly,1.0,MM 15°,13–17,13,17,16.7,0.9934252834168307,159647559.20533565,102.59647605320829,1489.4850355541541,130-172,6.223733847611966e-06,1.1514525269295732,1.5404727622949854,42.964712910831246,8.25316252323644,64.30307996008385,0.011214860327369586,6.794486662229764e-06,1.0927919776187199e-05,7.1987154217682e-06,1.3723260702502422,3.5499236217236407,3.5734178311970046,1.550667964677339,1.159073104088127,1.3814084392237367
big plastics,ATOMKI 2016 anomaly,1.0,MM 15°,13–18,13,18,16.7,0.9934252834168307,159647559.20533565,102.59647605320829,1489.4850355541541,130-164,6.474850067302477e-06,1.2462450473854603,1.6405507526861816,42.964712910831246,8.25316252323644,182.2197654561729,0.0153892713766902,7.039659240568145e-06,1.1365502425315748e-05,7.428871200953962e-06,1.473151076792998,3.8399121694369245,3.8653255896908134,1.6514082941835333,1.2544929832056118,1.482900728805872
big plastics,ATOMKI 2016 anomaly,1.0,MM 15°,13–20,13,20,16.7,0.9934252834168307,159647559.20533565,102.59647605320829,1489.4850355541541,130-156,1.3103910935843158e-05,5.104413847042505,5.5076464177622695,42.964712910831246,8.25316252323644,5083.167982238332,0.026451294154365347,1.3803003587561971e-05,2.2252706240661563e-05,1.3611657705567047e-05,5.663582284133432,14.720063467098038,14.81748422636195,5.54409728612808,5.138196029686459,5.701065171860593
big plastics,ATOMKI 2016 anomaly,1.0,MM 15°,> 13,13,99,16.7,0.9934252834168307,159647559.20533565,102.59647605320829,1489.4850355541541,128-152,3.400648298559937e-05,34.37695853299225,33.09802574882121,42.964712910831246,8.25316252323644,41145.38278862895,0.0991133186960208,3.503970768205775e-05,5.195735811740394e-05,3.336791252371574e-05,36.497655007254956,80.24872361891084,80.7798280942678,33.31707608143654,34.604473136373805,36.7392048667448
big plastics,ATOMKI 2016 anomaly,1.0,MM 3°,0–14,0,14,16.7,0.9934252834168307,159647559.20533565,34.31172516204614,566.8508429484411,130-162,2.7209760599474184e-05,22.00865255293394,58.7474662257288,2744.0942589291863,10.312581144570219,0.4591354363967216,0.0032386317273560357,2.9227267078853492e-05,4.869877288753658e-05,4.445519951404466e-05,25.393375175345806,70.4985279652755,70.96510340747496,59.13627044368166,22.15431086798638,25.56143436173349
big plastics,ATOMKI 2016 anomaly,1.0,MM 3°,0–15,0,15,16.7,0.9934252834168307,159647559.20533565,67.92856425924931,1054.1811988608365,130-162,1.46995155497988e-05,6.423179470831649,13.630785335013966,2744.0942589291863,21.701198876836692,0.4591354363967216,0.0047006637833873184,1.583264713244905e-05,2.5584585070661235e-05,2.1413538209970575e-05,7.451626492884874,19.45811513786866,19.586893410789347,13.720997001537592,6.465689547118715,7.500943067661236
big plastics,ATOMKI 2016 anomaly,1.0,MM 3°,0–16,0,16,16.7,0.9934252834168307,159647559.20533565,130.98924454902274,1878.101905060374,130-162,8.349422545723675e-06,2.072320358116493,3.686978525517719,2744.0942589291863,23.85119552334597,0.4591354363967216,0.006623981293104146,9.054765233431387e-06,1.4033834127122397e-05,1.1136873780303703e-05,2.437240589552846,5.85459275587352,5.89333979475233,3.7113797958076553,2.0860354499825724,2.453370807284161
big plastics,ATOMKI 2016 anomaly,1.0,MM 3°,0–17,0,17,16.7,0.9934252834168307,159647559.20533565,133.1779055585545,1905.947512266549,130-162,8.23793163139984e-06,2.0173459442217014,3.38345587829932,2744.0942589291863,23.85119552334597,1.377406309190165,0.00909722364016209,8.933483834858169e-06,1.385970962860372e-05,1.0668620142548385e-05,2.3723880329272355,5.710212573995561,5.7480040716857985,3.4058483660312255,2.030697202796322,2.3880890415508045
big plastics,ATOMKI 2016 anomaly,1.0,MM 3°,0–18,0,18,16.7,0.9934252834168307,159647559.20533565,133.1779055585545,1905.947512266549,130-162,8.240941244492143e-06,2.018820231723297,3.385161098141522,2744.0942589291863,23.85119552334597,2.8224833766289783,0.011392086458249625,8.934866540775193e-06,1.3862140715077701e-05,1.0671308230085046e-05,2.3731224762623087,5.712215969221609,5.750020725841366,3.4075648714098055,2.0321812474710503,2.388828345600473
big plastics,ATOMKI 2016 anomaly,1.0,MM 3°,0–20,0,20,16.7,0.9934252834168307,159647559.20533565,133.1779055585545,1905.947512266549,130-162,8.249081142837832e-06,2.0228103359430056,3.39374147440292,2744.0942589291863,23.85119552334597,8.09821617277743,0.016915780398860304,8.939910026239071e-06,1.3872418570536181e-05,1.0684823966678825e-05,2.3758023566364406,5.7206895658786285,5.758550402706319,3.416202034571071,2.036197759116481,2.391525962038133
big plastics,ATOMKI 2016 anomaly,1.0,MM 3°,none,0,99,16.7,0.9934252834168307,159647559.20533565,133.1779055585545,1905.947512266549,130-160,8.361049550777723e-06,2.078096004475635,3.4811490337848063,2744.0942589291863,23.85119552334597,90.44968096882701,0.039913607024067994,9.018210761725466e-06,1.3997081693786176e-05,1.0821545799770055e-05,2.417601823510731,5.823968369278361,5.8625127289363395,3.5041880772468255,2.091849320895216,2.433602067379969
big plastics,ATOMKI 2016 anomaly,1.0,MM 3°,6–14,6,14,16.7,0.9934252834168307,159647559.20533565,34.27767114297435,561.8765871833813,130-162,2.717104600566771e-05,21.946068401965253,58.45712715882412,2732.7038386508457,10.312099949463075,0.4591354363967216,0.003212949363765862,2.9184145860704225e-05,4.901440033061931e-05,4.434521121409665e-05,25.3185008804655,71.41532222860329,71.88796522570301,58.84400984617998,22.091312520739333,25.486064531581007
big plastics,ATOMKI 2016 anomaly,1.0,MM 3°,6–15,6,15,16.7,0.9934252834168307,159647559.20533565,67.89451024017754,1049.2069430957768,130-162,1.4675588278006279e-05,6.402285710628871,13.100083936396082,2732.7038386508457,21.700717681729547,0.4591354363967216,0.004674981419797145,1.5806624686121747e-05,2.5690786493655067e-05,2.099254209523859e-05,7.427151723184108,19.619991399006224,19.749841006184543,13.186783299232204,6.444657507214401,7.476306318315994
big plastics,ATOMKI 2016 anomaly,1.0,MM 3°,6–16,6,16,16.7,0.9934252834168307,159647559.20533565,130.95519052995095,1873.1276492953139,130-162,8.336857847732409e-06,2.066087954021922,3.405239141239423,2732.7038386508457,23.850714328238826,0.4591354363967216,0.0065982989295139734,9.041156048085673e-06,1.40869706997171e-05,1.0702908236142839e-05,2.4299198182472095,5.899011399960999,5.938052411623429,3.4277757956061814,2.0797617984069503,2.446001585433417
big plastics,ATOMKI 2016 anomaly,1.0,MM 3°,6–17,6,17,16.7,0.9934252834168307,159647559.20533565,133.14385153948277,1900.9732565014892,130-162,8.225595289531363e-06,2.0113084978347366,3.155314323887021,2732.7038386508457,23.850714328238826,1.377406309190165,0.009071541276571919,8.92011580548597e-06,1.3916166982799434e-05,1.0302658581917553e-05,2.365293281310363,5.756828284576608,5.794928295740893,3.176196918438087,2.0246197992031707,2.3809473352390116
big plastics,ATOMKI 2016 anomaly,1.0,MM 3°,6–18,6,18,16.7,0.9934252834168307,159647559.20533565,133.14385153948277,1900.9732565014892,130-162,8.22861107861706e-06,2.012783599379887,3.1567929894959637,2732.7038386508457,23.850714328238826,2.8224833766289783,0.01136640409465945,8.921501291658958e-06,1.3918712721004727e-05,1.0305072351354173e-05,2.3660281003885983,5.758934714918513,5.797048666922367,3.1776853701954826,2.026104663308981,2.381687017518597
big plastics,ATOMKI 2016 anomaly,1.0,MM 3°,6–20,6,20,16.7,0.9934252834168307,159647559.20533565,133.14385153948277,1900.9732565014892,130-162,8.23676766116521e-06,2.0167759067781503,3.163896424492661,2732.7038386508457,23.850714328238826,8.09821617277743,0.016890098035270137,8.926554911859288e-06,1.392927377062786e-05,1.0316660104895049e-05,2.3687093517966464,5.767677401221796,5.805849214330636,3.184835817355701,2.0301233927141076,2.38438601406399
big plastics,ATOMKI 2016 anomaly,1.0,MM 3°,> 6,6,99,16.7,0.9934252834168307,159647559.20533565,133.14385153948277,1900.9732565014892,130-160,8.348883269836973e-06,2.0720526710274583,3.2397530904717198,2732.7038386508457,23.850714328238826,90.44968096882701,0.03988792466047781,9.005011718038638e-06,1.4057697770381407e-05,1.0439602193736535e-05,2.4105302033892144,5.8745204103265865,5.913399334997296,3.2611945201643855,2.0857659912789304,2.4264836456530787
big plastics,ATOMKI 2016 anomaly,1.0,MM 3°,8–14,8,14,16.7,0.9934252834168307,159647559.20533565,33.692310166497386,541.7611254022135,130-162,2.732469967877149e-05,22.194982536713873,62.049035298473534,2660.5169756802497,10.138930680553255,0.4591354363967216,0.003095066130667867,2.927289405130634e-05,4.810024065925525e-05,4.568730181834609e-05,25.47272075324037,68.77625301659548,69.23143004780732,62.459690058480646,22.341874026374157,25.641305066877674
big plastics,ATOMKI 2016 anomaly,1.0,MM 3°,8–15,8,15,16.7,0.9934252834168307,159647559.20533565,67.30914926370059,1029.0914813146087,130-162,1.4640997176600762e-05,6.372140259370732,12.460717527928768,2660.5169756802497,21.52754841281973,0.4591354363967216,0.004557098186699151,1.574909897035246e-05,2.523864523337278e-05,2.047385009321705e-05,7.373190201485045,18.93547007182076,19.06078935971236,12.54318541709632,6.414312546439438,7.421987666878549
big plastics,ATOMKI 2016 anomaly,1.0,MM 3°,8–16,8,16,16.7,0.9934252834168307,159647559.20533565,130.36982955347398,1853.0121875141467,130-160,8.295402390553637e-06,2.045591582080945,2.9693434159772836,2660.5169756802497,23.67754505932902,0.4591354363967216,0.0064804156964159785,8.99060083326024e-06,1.41967892011606e-05,9.994434076698681e-06,2.402821145749695,5.991344340730982,6.030996432992009,2.988995212367047,2.0591297767711803,2.418723567700357
big plastics,ATOMKI 2016 anomaly,1.0,MM 3°,8–17,8,17,16.7,0.9934252834168307,159647559.20533565,132.5584905630058,1880.8577947203216,130-160,8.184259733168372e-06,1.99114469024855,2.8099971698165613,2660.5169756802497,23.67754505932902,1.377406309190165,0.00895365804347392,8.870140786404492e-06,1.3872271232241086e-05,9.722566780055004e-06,2.3388643748702873,5.720568048182627,5.758428080778308,2.8285943761686165,2.0043225429094367,2.354343516228915
big plastics,ATOMKI 2016 anomaly,1.0,MM 3°,8–18,8,18,16.7,0.9934252834168307,159647559.20533565,132.5584905630058,1880.8577947203216,130-160,8.18700480840617e-06,1.9924806103705632,2.8111182923201605,2660.5169756802497,23.67754505932902,2.8224833766289783,0.011248520861561457,8.871546408658025e-06,1.3875142518271016e-05,9.724506123893913e-06,2.339605698007524,5.722936382352323,5.76081208912723,2.8297229185183173,2.0056673044575004,2.3550897456128568
big plastics,ATOMKI 2016 anomaly,1.0,MM 3°,8–20,8,20,16.7,0.9934252834168307,159647559.20533565,132.5584905630058,1880.8577947203216,130-160,8.194689575900572e-06,1.9962228669849431,2.8159393855434485,2660.5169756802497,23.67754505932902,8.09821617277743,0.016772214802172135,8.876673438633493e-06,1.388945280214642e-05,9.73284135952506e-06,2.3423106818115738,5.734747299139507,5.7727011732731075,2.83457591884332,2.0094343281852525,2.3578126316206967
big plastics,ATOMKI 2016 anomaly,1.0,MM 3°,> 8,8,99,16.7,0.9934252834168307,159647559.20533565,132.5584905630058,1880.8577947203216,130-160,8.308313188624871e-06,2.051963972659868,2.874408113352327,2660.5169756802497,23.67754505932902,90.44968096882701,0.039770041427379825,8.956262455917512e-06,1.4039395085679301e-05,9.833366103892008e-06,2.3845016997407127,5.859233483109277,5.89801123538629,2.89343160611532,2.0655443412938443,2.4002828793921496
big plastics,ATOMKI 2016 anomaly,1.0,MM 3°,9–14,9,14,16.7,0.9934252834168307,159647559.20533565,32.548279201464574,520.0209245877198,130-162,2.7907093294034233e-05,23.15118478364835,47.90226664426553,2573.2271184045703,9.505039095413096,0.4591354363967216,0.0029561001440885273,2.9780169178097007e-05,5.486979526095486e-05,4.01426487655348e-05,26.363212731155727,89.49745636085328,90.08977107269888,48.21929484168992,23.304404639291185,26.537690525130316
big plastics,ATOMKI 2016 anomaly,1.0,MM 3°,9–15,9,15,16.7,0.9934252834168307,159647559.20533565,66.16511829866776,1007.3512805001151,130-162,1.4705761150630035e-05,6.428638853132568,9.379557657399028,2573.2271184045703,20.893656827679568,0.4591354363967216,0.0044181322001198104,1.5782948062133094e-05,2.707016110769291e-05,1.7763116832214536e-05,7.404918238168573,21.78340137920481,21.927568930279307,9.441633723211236,6.471185060864995,7.453925686992555
big plastics,ATOMKI 2016 anomaly,1.0,MM 3°,9–16,9,16,16.7,0.9934252834168307,159647559.20533565,129.22579858844117,1831.2719866996522,130-160,8.277130318206088e-06,2.036589961491272,2.9256323590522992,2573.2271184045703,23.04365347418885,0.4591354363967216,0.006341449709836639,8.959922094798414e-06,1.3754721152051823e-05,9.920598397199605e-06,2.3864507712502014,5.624029547286023,5.66125066592073,2.944994865632723,2.0500685813899713,2.4022448503043305
big plastics,ATOMKI 2016 anomaly,1.0,MM 3°,9–17,9,17,16.7,0.9934252834168307,159647559.20533565,131.41445959797298,1859.117593905828,130-160,8.165602104212843e-06,1.9820766267635312,2.903803800791287,2573.2271184045703,23.04365347418885,1.377406309190165,0.008814692056894584,8.83927059976242e-06,1.3729417039220503e-05,9.883519608854878e-06,2.3226131015405556,5.603355892890554,5.640440188534487,2.923021840962026,1.9951944648985473,2.337984688241533
big plastics,ATOMKI 2016 anomaly,1.0,MM 3°,9–18,9,18,16.7,0.9934252834168307,159647559.20533565,131.41445959797298,1859.117593905828,130-160,8.1684042372742e-06,1.9834372111628744,2.9043800213550757,2573.2271184045703,23.04365347418885,2.8224833766289783,0.011109554874982119,8.840705793909599e-06,1.3731868990306445e-05,9.884500185562483e-06,2.323367388063815,5.605357490099277,5.642455032773038,2.923601875085787,1.9965640539577905,2.3387439668061627
big plastics,ATOMKI 2016 anomaly,1.0,MM 3°,9–20,9,20,16.7,0.9934252834168307,159647559.20533565,131.41445959797298,1859.117593905828,130-160,8.176248621294004e-06,1.9872485587756272,2.907421989360983,2573.2271184045703,23.04365347418885,8.09821617277743,0.016633248815592798,8.845940640457282e-06,1.3740111339762189e-05,9.889675208120006e-06,2.326119673439173,5.612088573991125,5.649230664523315,2.926663975534293,2.0004006259440037,2.3415144674379684
big plastics,ATOMKI 2016 anomaly,1.0,MM 3°,> 9,9,99,16.7,0.9934252834168307,159647559.20533565,131.41445959797298,1859.117593905828,130-160,8.292212714757746e-06,2.044018778442034,2.9485004654167493,2573.2271184045703,23.04365347418885,90.44968096882701,0.039631075440800474,8.927193893200921e-06,1.3861271427934824e-05,9.959294937726237e-06,2.3690484782046313,5.711499571904945,5.749299587242798,2.9680143183748524,2.057546563956723,2.384727384888395
big plastics,ATOMKI 2016 anomaly,1.0,MM 3°,10–14,10,14,16.7,0.9934252834168307,159647559.20533565,30.432328124545474,484.0660726808046,128-162,2.917239997763418e-05,25.298124864895076,41.700441482767495,2455.7067628260024,9.495780009523612,0.4591354363967216,0.002742549469888899,3.105311983803871e-05,5.864619254626266e-05,3.745400981844666e-05,28.665168004625247,102.24066290645997,102.91731508464224,41.9764245775396,25.465553662861883,28.85488066705229
big plastics,ATOMKI 2016 anomaly,1.0,MM 3°,10–15,10,15,16.7,0.9934252834168307,159647559.20533565,64.04916722174866,971.3964285931999,130-162,1.4895545382322175e-05,6.595638294792492,12.531723012736087,2455.7067628260024,20.884397741790085,0.4591354363967216,0.004204581525920181,1.5953199130165876e-05,2.8497122683373597e-05,2.0532100772898082e-05,7.565533962149977,24.140487551463906,24.30025483993527,12.614660832502599,6.63928974316736,7.615604402707314
big plastics,ATOMKI 2016 anomaly,1.0,MM 3°,10–16,10,16,16.7,0.9934252834168307,159647559.20533565,127.10984751152206,1795.3171347927375,130-160,8.278884624719996e-06,2.0374533480804145,3.701364447269215,2455.7067628260024,23.034394388299365,0.4591354363967216,0.00612789903563701,8.949811902906229e-06,1.3704627536586781e-05,1.1158579658994975e-05,2.38106816579673,5.583139593239378,5.6200900927712265,3.7258609268918335,2.0509376820697653,2.3968266215323
big plastics,ATOMKI 2016 anomaly,1.0,MM 3°,10–17,10,17,16.7,0.9934252834168307,159647559.20533565,129.29850852105386,1823.1627419989127,130-160,8.165972755877209e-06,1.982256571038312,3.758325412350137,2455.7067628260024,23.034394388299365,1.377406309190165,0.008601141382694955,8.827872162665124e-06,1.3597775143388741e-05,1.1244112542635751e-05,2.31662684067651,5.496417623369818,5.53279417699658,3.78319887271601,1.9953756000858478,2.3319588089288423
big plastics,ATOMKI 2016 anomaly,1.0,MM 3°,10–18,10,18,16.7,0.9934252834168307,159647559.20533565,129.29850852105386,1823.1627419989127,130-160,8.1688675309486e-06,1.9836622098152876,3.759415121135685,2455.7067628260024,23.034394388299365,2.8224833766289783,0.010896004200782489,8.829356624606485e-06,1.3600655746057972e-05,1.1245742513280502e-05,2.3174060167800956,5.498746632662893,5.53513860020782,3.7842957934444623,1.9967905417029377,2.3327431417987543
big plastics,ATOMKI 2016 anomaly,1.0,MM 3°,10–20,10,20,16.7,0.9934252834168307,159647559.20533565,129.29850852105386,1823.1627419989127,130-160,8.176971085929157e-06,1.987599766353194,3.7657688004596443,2455.7067628260024,23.034394388299365,8.09821617277743,0.016419698141393168,8.834771101811627e-06,1.3611250966349918e-05,1.1255241554380895e-05,2.320249120731445,5.507317267210509,5.543765957182406,3.7906915228767817,2.0007541578939443,2.335605062064736
big plastics,ATOMKI 2016 anomaly,1.0,MM 3°,> 10,10,99,16.7,0.9934252834168307,159647559.20533565,129.29850852105386,1823.1627419989127,130-160,8.296737056071381e-06,2.0462498744824016,3.838913239663695,2455.7067628260024,23.034394388299365,90.44968096882701,0.03941752476660086,8.918798010313937e-06,1.3748381322421987e-05,1.1364023996027408e-05,2.3645944693454166,5.618846283790775,5.656033098397765,3.8643200487710234,2.059792425902872,2.380243898376057
big plastics,ATOMKI 2016 anomaly,1.0,MM 3°,11–14,11,14,16.7,0.9934252834168307,159647559.20533565,26.818920587362175,431.81552149215395,128-162,3.141440642416733e-05,29.33605621232954,52.18154563488189,2222.1447856722043,3.868137302796039,0.4591354363967216,0.00230825115876753,3.3451001410234975e-05,5.617505745197091e-05,4.189734114663396e-05,33.263064665503634,93.8060963059522,94.42692658607538,52.526895083046796,29.530208966928864,33.48320726355704
big plastics,ATOMKI 2016 anomaly,1.0,MM 3°,11–15,11,15,16.7,0.9934252834168307,159647559.20533565,60.43575968456539,919.1458774045494,130-162,1.5103341363837858e-05,6.780942935571212,14.67173667332457,2222.1447856722043,15.256755035062515,0.4591354363967216,0.003770283214798814,1.6176824119950165e-05,2.5580962455514143e-05,2.2216147768923364e-05,7.77912124280028,19.45260523633841,19.58134704346588,14.768837594773059,6.825820772598558,7.8306052530135215
big plastics,ATOMKI 2016 anomaly,1.0,MM 3°,11–16,11,16,16.7,0.9934252834168307,159647559.20533565,123.4964399743388,1743.0665836040869,130-160,8.22407975955004e-06,2.0105674165113148,3.1750579431511867,2222.1447856722043,17.406751681571798,0.4591354363967216,0.00569360072451564,8.892103015054558e-06,1.4788183193238409e-05,1.0334841518262674e-05,2.3504606429947192,6.500902561140871,6.5439270266822485,3.1960712055070237,2.023873813233423,2.366016531117913
big plastics,ATOMKI 2016 anomaly,1.0,MM 3°,11–17,11,17,16.7,0.9934252834168307,159647559.20533565,125.68510098387057,1770.912190810262,130-160,8.110026808804227e-06,1.9551883127087772,3.190816538759793,2222.1447856722043,17.406751681571798,1.377406309190165,0.008166843071573586,8.768751353426382e-06,1.4214721854954684e-05,1.0360456957290999e-05,2.285701554643787,6.0064898161036355,6.046242144597579,3.211934095119019,1.9681281978087133,2.300828852253734
big plastics,ATOMKI 2016 anomaly,1.0,MM 3°,11–18,11,18,16.7,0.9934252834168307,159647559.20533565,125.68510098387057,1770.912190810262,130-160,8.113108505251754e-06,1.9566744832933514,3.1915831989039645,2222.1447856722043,17.406751681571798,2.8224833766289783,0.010461705889661119,8.770332980641289e-06,1.4219767456825796e-05,1.0361701540342174e-05,2.2865261769121377,6.010754652978654,6.050535207142101,3.2127058291960244,1.9696242042113916,2.301658932061563
big plastics,ATOMKI 2016 anomaly,1.0,MM 3°,11–20,11,20,16.7,0.9934252834168307,159647559.20533565,125.68510098387057,1770.912190810262,130-160,8.121734905753925e-06,1.9608376301825716,3.19500509516612,2222.1447856722043,17.406751681571798,8.09821617277743,0.015985399830271797,8.77610169819618e-06,1.4253393978884893e-05,1.0367254766879625e-05,2.2895351075232426,6.039216406578837,6.079185327161485,3.2161503723531966,1.9738149037624453,2.304687776466203
big plastics,ATOMKI 2016 anomaly,1.0,MM 3°,> 11,11,99,16.7,0.9934252834168307,159647559.20533565,125.68510098387057,1770.912190810262,130-160,8.249157773375541e-06,2.022847918253333,3.246226847586672,2222.1447856722043,17.406751681571798,90.44968096882701,0.03898322645547949,8.865593485176021e-06,1.4532431475725224e-05,1.0450027327850184e-05,2.3364669394885706,6.277989435096588,6.319538610396339,3.2677111220900845,2.0362355901551656,2.35193021406947
big plastics,ATOMKI 2016 anomaly,1.0,MM 3°,12–15,12,15,16.7,0.9934252834168307,159647559.20533565,54.96870905520501,832.451514575169,130-162,1.437289196391838e-05,6.140904381880781,12.64287362825975,1517.76786837281,11.442971839755252,0.4591354363967216,0.0032920104122381505,1.5384561727483207e-05,2.3621464746206515e-05,2.062295490114494e-05,7.035812709475062,16.586611080745453,16.696385080613947,12.726547068316293,6.1815462968281665,7.082377333175755
big plastics,ATOMKI 2016 anomaly,1.0,MM 3°,12–16,12,16,16.7,0.9934252834168307,159647559.20533565,118.02938934497843,1656.372220774706,130-160,7.699795061701583e-06,1.7623913196255672,2.8339216873037283,1517.76786837281,13.59296848626453,0.4591354363967216,0.005215327921954978,8.323992692794617e-06,1.3642667355391362e-05,9.763868370727733e-06,2.0597162410730734,5.532769695893613,5.569386835881568,2.85267723160479,1.7740552299654795,2.073347915999072
big plastics,ATOMKI 2016 anomaly,1.0,MM 3°,12–17,12,17,16.7,0.9934252834168307,159647559.20533565,120.21805035451023,1684.2178279808816,130-160,7.594167490627799e-06,1.7143691996346055,2.8397917196305302,1517.76786837281,13.59296848626453,1.377406309190165,0.007688570269012925,8.209234318216958e-06,1.3282698305684035e-05,9.773975314495686e-06,2.0033153415990204,5.24465143519089,5.2793617423871115,2.8585861131530956,1.7257152885601306,2.016573742424523
big plastics,ATOMKI 2016 anomaly,1.0,MM 3°,12–18,12,18,16.7,0.9934252834168307,159647559.20533565,120.21805035451023,1684.2178279808816,130-160,7.597758137437674e-06,1.715990746581462,2.840537613525917,1517.76786837281,13.59296848626453,2.8224833766289783,0.009983433087100455,8.211080854274949e-06,1.329140749423733e-05,9.775258836420234e-06,2.0042166704946673,5.251531307308807,5.286287147078096,2.8593369435455145,1.7273475672769347,2.0174810365217164
big plastics,ATOMKI 2016 anomaly,1.0,MM 3°,12–20,12,20,16.7,0.9934252834168307,159647559.20533565,120.21805035451023,1684.2178279808816,130-160,7.607807442003611e-06,1.7205331175566443,2.843340796020918,1517.76786837281,13.59296848626453,8.09821617277743,0.015507127027711138,8.217815085385799e-06,1.3336936732498839e-05,9.780081000592157e-06,2.007505492794126,5.287570790923805,5.322565148269129,2.8621586781457853,1.7319200007060087,2.0207916250021576
big plastics,ATOMKI 2016 anomaly,1.0,MM 3°,> 12,12,99,16.7,0.9934252834168307,159647559.20533565,120.21805035451023,1684.2178279808816,130-160,7.755951121755883e-06,1.7881919679865137,2.89138232045778,1517.76786837281,13.59296848626453,90.44968096882701,0.03850495365291882,8.32214701028667e-06,1.373276040385037e-05,9.86235779416868e-06,2.058802938787852,5.606085264850195,5.64318762410433,2.910518152420112,1.8000266329402523,2.072428569269663
big plastics,ATOMKI 2016 anomaly,1.0,MM 3°,13–16,13,16,16.7,0.9934252834168307,159647559.20533565,110.21537253634719,1535.977668606187,130-160,5.820405168680533e-06,1.007048642318759,1.4201904766209426,43.632977128625505,13.583664823204472,0.4591354363967216,0.0044739490919908625,6.302380620489028e-06,1.0535314743710375e-05,6.9119612002331525e-06,1.1807372617573024,3.2994309378430797,3.3212673292297046,1.4295896232238794,1.013713521418613,1.1885516520137505
big plastics,ATOMKI 2016 anomaly,1.0,MM 3°,13–17,13,17,16.7,0.9934252834168307,159647559.20533565,112.404033545879,1563.8232758123627,130-160,5.760817074535052e-06,0.9865342855604813,1.3945835025950708,43.632977128625505,13.583664823204472,1.377406309190165,0.00694719143904881,6.2351882457550406e-06,1.0343411948496574e-05,6.849364133063608e-06,1.155694781807426,3.1803261217687777,3.201374250140105,1.403813176365392,0.9930633959378926,1.1633434351826424
big plastics,ATOMKI 2016 anomaly,1.0,MM 3°,13–18,13,18,16.7,0.9934252834168307,159647559.20533565,112.404033545879,1563.8232758123627,130-160,5.766210027955303e-06,0.9883822261145153,1.3956435884361968,43.632977128625505,13.583664823204472,2.8224833766289783,0.009242054257136343,6.237968845372e-06,1.0355156157929893e-05,6.851966893892123e-06,1.1567257822779928,3.187552290580064,3.2086482433954737,1.4048802780979752,0.9949235665867391,1.164381259051007
big plastics,ATOMKI 2016 anomaly,1.0,MM 3°,13–20,13,20,16.7,0.9934252834168307,159647559.20533565,112.404033545879,1563.8232758123627,130-160,5.7812902964414714e-06,0.9935587839396051,1.3996235624829894,43.632977128625505,13.583664823204472,8.09821617277743,0.014765748197747026,6.248104366602876e-06,1.0396585428237067e-05,6.861729857836708e-06,1.1604877579061215,3.2131090537048546,3.2343741470456093,1.4088865925266794,1.0001343840598813,1.1681681322974675
big plastics,ATOMKI 2016 anomaly,1.0,MM 3°,> 13,13,99,16.7,0.9934252834168307,159647559.20533565,112.404033545879,1563.8232758123627,130-158,5.99734917009575e-06,1.069209187516295,1.4558106652204585,43.632977128625505,13.583664823204472,90.44968096882701,0.0377635748229547,6.404117266093541e-06,1.0825537687899363e-05,6.99810479901639e-06,1.2191652187240607,3.4837177833569997,3.506773827393387,1.4654455544087617,1.076285459374267,1.2272339340215
big plastics,ATOMKI 2016 anomaly,1.0,MM 15° + TOF,0–14,0,14,16.7,0.9934252834168307,159647559.20533565,30.26205802918661,531.6284216931904,128-174,2.9743739228548e-05,26.29875217883071,62.40156794167299,2632.704832409252,14.302234727236183,0.5701605891520128,0.00443957948068949,3.241980531659775e-05,6.194330565038102e-05,4.581690458289254e-05,31.243869701727103,114.05984289228671,114.81471711690713,62.8145558436426,26.472803358072007,31.45064880397
big plastics,ATOMKI 2016 anomaly,1.0,MM 15° + TOF,0–15,0,15,16.7,0.9934252834168307,159647559.20533565,59.91850674623194,995.1456266728786,130-172,1.6062626150541247e-05,7.669677730441483,15.22893176165255,2632.704832409252,20.32501056805418,1.1403211783040257,0.006842833167806612,1.7542617618227966e-05,2.9433936063552663e-05,2.2634073085991215e-05,9.148140098078542,25.75376314486641,25.924207461569516,15.329720328109117,7.720437418365331,9.208684589357366
big plastics,ATOMKI 2016 anomaly,1.0,MM 15° + TOF,0–16,0,16,16.7,0.9934252834168307,159647559.20533565,115.13847923945306,1774.12656514452,130-172,9.18166213926648e-06,2.5060320939250746,4.330909598349848,2632.704832409252,22.509660562478818,0.6767980013633039,0.009893628755172695,1.0058471336679692e-05,1.5084847810155291e-05,1.207028578321528e-05,3.0075162197029415,6.764347011163699,6.809115012553441,4.359572552305018,2.522617589624574,3.0274206524709717
big plastics,ATOMKI 2016 anomaly,1.0,MM 15° + TOF,0–17,0,17,16.7,0.9934252834168307,159647559.20533565,117.06023036977363,1801.3582796410044,130-172,9.059211871629628e-06,2.439634950507586,4.007536307668072,2632.704832409252,22.509660562478818,0.6778472756308541,0.01394260110297826,9.923710358340438e-06,1.494704045611329e-05,1.1610922503830346e-05,2.927468111659729,6.641320404182144,6.685274187244051,4.034059102949721,2.455781014669365,2.946842767672337
big plastics,ATOMKI 2016 anomaly,1.0,MM 15° + TOF,0–18,0,18,16.7,0.9934252834168307,159647559.20533565,117.06023036977363,1801.3582796410044,130-172,9.059216686439685e-06,2.4396375437534847,4.0078174626586325,2632.704832409252,22.509660562478818,0.6828789397631129,0.018117012152298873,9.923720606596427e-06,1.4947370959199627e-05,1.1611329787919918e-05,2.9274741580792667,6.641614107964457,6.6855698348254196,4.034342118688553,2.4557836250779603,2.946848854108467
big plastics,ATOMKI 2016 anomaly,1.0,MM 15° + TOF,0–20,0,20,16.7,0.9934252834168307,159647559.20533565,117.06023036977363,1801.3582796410044,130-172,9.061505273608718e-06,2.4408703276943697,4.010603332077802,2632.704832409252,22.509660562478818,3.1128997345609566,0.02917903492997402,9.926437660707717e-06,1.4952946900952794e-05,1.1615364655967426e-05,2.9290774266324755,6.646570184979601,6.690558712296002,4.037146425631081,2.4570245678659726,2.9484627334610183
big plastics,ATOMKI 2016 anomaly,1.0,MM 15° + TOF,none,0,99,16.7,0.9934252834168307,159647559.20533565,117.06023036977363,1801.3582796410044,130-172,9.076333755343657e-06,2.448865470820175,4.021345816756688,2632.704832409252,22.509660562478818,13.317734271894393,0.10184105947162948,9.937868909545513e-06,1.4973583517699014e-05,1.163091025138166e-05,2.9358275405264953,6.664928756287382,6.709038784843217,4.047960006539691,2.4650726246844044,2.955257521158391
big plastics,ATOMKI 2016 anomaly,1.0,MM 15° + TOF,6–14,6,14,16.7,0.9934252834168307,159647559.20533565,30.22432249453951,527.5784383273061,128-174,2.9716487361963992e-05,26.25058326794785,62.24497846362928,2621.311720423644,14.300384472317793,0.5701605891520128,0.004404563539646535,3.238133799441734e-05,6.194535126404108e-05,4.575938237691249e-05,31.16976962867705,114.06737643357417,114.82230051690028,62.65693002048545,26.42431565427894,31.376058319625578
big plastics,ATOMKI 2016 anomaly,1.0,MM 15° + TOF,6–15,6,15,16.7,0.9934252834168307,159647559.20533565,59.88077121158484,991.0956433069944,130-172,1.604233415208477e-05,7.650311683922275,14.916064252373767,2621.311720423644,20.323160313135794,1.1403211783040257,0.006807817226763659,1.7516487110505665e-05,2.943161676563731e-05,2.2400366100799638e-05,9.120907273855858,25.74970468012316,25.920122136974904,15.014782189829917,7.7009432029044556,9.181271532052222
big plastics,ATOMKI 2016 anomaly,1.0,MM 15° + TOF,6–16,6,16,16.7,0.9934252834168307,159647559.20533565,115.10074370480591,1770.0765817786364,130-172,9.17020874572746e-06,2.499783841861367,4.143536712845958,2621.311720423644,22.507810307560426,0.6767980013633039,0.00985861281412974,1.0044213845161387e-05,1.5113292660702265e-05,1.1806293873190607e-05,2.998996188089527,6.789881541261502,6.834818536033313,4.170959590030259,2.516327985194317,3.018844233332423
big plastics,ATOMKI 2016 anomaly,1.0,MM 15° + TOF,6–17,6,17,16.7,0.9934252834168307,159647559.20533565,117.02249483512655,1797.30829627512,130-172,9.047958111999832e-06,2.433577467196895,3.8433078763118247,2621.311720423644,22.507810307560426,0.6778472756308541,0.013907585161935304,9.909696477385531e-06,1.4971273736727173e-05,1.1370526679056243e-05,2.919205834539453,6.662872690250203,6.706969111288999,3.8687437701333534,2.4496834415435265,2.938525808905334
big plastics,ATOMKI 2016 anomaly,1.0,MM 15° + TOF,6–18,6,18,16.7,0.9934252834168307,159647559.20533565,117.02249483512655,1797.30829627512,130-172,9.047962936203483e-06,2.4335800622744332,3.843568077844559,2621.311720423644,22.507810307560426,0.6828789397631129,0.01808199621125592,9.909706746753957e-06,1.4971600990747287e-05,1.1370911579055172e-05,2.919211884859123,6.663163978185051,6.70726232703427,3.8690056937395654,2.4496860537958836,2.9385318992674088
big plastics,ATOMKI 2016 anomaly,1.0,MM 15° + TOF,6–20,6,20,16.7,0.9934252834168307,159647559.20533565,117.02249483512655,1797.30829627512,130-172,9.050255987424442e-06,2.4348137169414974,3.8461842969706894,2621.311720423644,22.507810307560426,3.1128997345609566,0.029144018988931066,9.912429396969729e-06,1.497721261852284e-05,1.1374780866025244e-05,2.92081618757163,6.668159863865628,6.712291276633171,3.8716392276044695,2.450927873072741,2.940146819623562
big plastics,ATOMKI 2016 anomaly,1.0,MM 15° + TOF,> 6,6,99,16.7,0.9934252834168307,159647559.20533565,117.02249483512655,1797.30829627512,130-172,9.065113348386541e-06,2.4428145071074865,3.8565500934004033,2621.311720423644,22.507810307560426,13.317734271894393,0.10180604353058652,9.923884161514612e-06,1.4997985685332033e-05,1.1390098557167518e-05,2.9275706555041787,6.686669875666603,6.730923791941531,3.8820736272545986,2.4589816143047645,2.94694599017549
big plastics,ATOMKI 2016 anomaly,1.0,MM 15° + TOF,8–14,8,14,16.7,0.9934252834168307,159647559.20533565,29.707069556206083,509.46307282458963,128-172,2.9966911324894923e-05,26.694880331572996,61.52439687021761,2554.3225798624107,14.23295389684988,0.5701605891520128,0.004236376841833573,3.249866897313763e-05,5.8413459722236866e-05,4.549374364364973e-05,31.396060791485674,101.43080489659299,102.1020972485494,61.931579452666924,26.871553177867035,31.60384712929862
big plastics,ATOMKI 2016 anomaly,1.0,MM 15° + TOF,8–15,8,15,16.7,0.9934252834168307,159647559.20533565,59.36351827325143,972.9802778042776,130-172,1.6034672220459008e-05,7.643005743684893,13.895492491985049,2554.3225798624107,20.25572973766788,1.1403211783040257,0.006639630528950695,1.74608185341804e-05,2.853612540494722e-05,2.162046177652959e-05,9.063025680249039,24.20661275644691,24.366817676705004,13.987456051241498,7.693588910277382,9.123006864771218
big plastics,ATOMKI 2016 anomaly,1.0,MM 15° + TOF,8–16,8,16,16.7,0.9934252834168307,159647559.20533565,114.5834907664725,1751.9612162759195,130-172,9.136433227570207e-06,2.481403451898007,3.667312267291602,2554.3225798624107,22.440379732092513,0.6767980013633039,0.00969042611631678,9.991750726377822e-06,1.506629333947751e-05,1.110713215333686e-05,2.9677491848416087,6.747716854672542,6.792374793868893,3.6915833817698767,2.497825949590651,2.9873904302437335
big plastics,ATOMKI 2016 anomaly,1.0,MM 15° + TOF,8–17,8,17,16.7,0.9934252834168307,159647559.20533565,116.50524189679312,1779.1929307724033,130-172,9.014370981925335e-06,2.4155435255581903,3.455158172152648,2554.3225798624107,22.440379732092513,0.6778472756308541,0.013739398464122343,9.857799763999962e-06,1.4872591319270617e-05,1.0781072345143367e-05,2.8887103503899434,6.575326175685008,6.618843193792634,3.478025202125745,2.431530147139062,2.9078284986409706
big plastics,ATOMKI 2016 anomaly,1.0,MM 15° + TOF,8–18,8,18,16.7,0.9934252834168307,159647559.20533565,116.50524189679312,1779.1929307724033,130-172,9.014375878004967e-06,2.415546149523122,3.455368992658402,2554.3225798624107,22.440379732092513,0.6828789397631129,0.01791380951344296,9.8578101793019e-06,1.4872947096869667e-05,1.0781401249978069e-05,2.888716454552561,6.575640765347321,6.619159865481551,3.4782374178900035,2.4315327884699953,2.907834643202338
big plastics,ATOMKI 2016 anomaly,1.0,MM 15° + TOF,8–20,8,20,16.7,0.9934252834168307,159647559.20533565,116.50524189679312,1779.1929307724033,130-172,9.016703087962796e-06,2.4167935367561775,3.457630386322564,2554.3225798624107,22.440379732092513,3.1128997345609566,0.02897583229111811,9.860571512469528e-06,1.4878743406628928e-05,1.0784928659749728e-05,2.89033503426057,6.5807671034573065,6.624320130873986,3.4805137779765762,2.432788431198118,2.9094639350424263
big plastics,ATOMKI 2016 anomaly,1.0,MM 15° + TOF,> 8,8,99,16.7,0.9934252834168307,159647559.20533565,116.50524189679312,1779.1929307724033,130-172,9.031781507165069e-06,2.4248833886197656,3.467133204165143,2554.3225798624107,22.440379732092513,13.317734271894393,0.10163785683277357,9.872188862178888e-06,1.4899459652696863e-05,1.0799738931479567e-05,2.897149611490157,6.599105170699814,6.642779563655317,3.490079487649169,2.4409318235585014,2.9163236127085197
big plastics,ATOMKI 2016 anomaly,1.0,MM 15° + TOF,9–14,9,14,16.7,0.9934252834168307,159647559.20533565,28.712139971974004,489.0724844937648,128-172,3.0595522874733183e-05,27.826576099236664,58.448367008978884,2468.784324821703,14.162924551138866,0.5701605891520128,0.00404362840965539,3.304087041473954e-05,6.322574690963658e-05,4.4341888392151837e-05,32.4524113485021,118.83160143523835,119.61805625333363,58.83519171965203,28.010738767920937,32.66718885680446
big plastics,ATOMKI 2016 anomaly,1.0,MM 15° + TOF,9–15,9,15,16.7,0.9934252834168307,159647559.20533565,58.368588689019354,952.5896894734531,130-172,1.6109406275151197e-05,7.714416484479214,12.204209146286198,2468.784324821703,20.185700391956864,1.1403211783040257,0.006446882096772515,1.7491218074087382e-05,2.9073540328226434e-05,2.026202348436769e-05,9.094610871441175,25.126954435701805,25.293250388473155,12.284979404098216,7.765472263747818,9.154801094009576
big plastics,ATOMKI 2016 anomaly,1.0,MM 15° + TOF,9–16,9,16,16.7,0.9934252834168307,159647559.20533565,113.58856118224043,1731.5706279450949,130-172,9.119196890133073e-06,2.4720497003868225,3.2604466905971936,2468.784324821703,22.370350386381496,0.6767980013633039,0.009497677684138598,9.955116667187272e-06,1.4955262364362662e-05,1.0472890082097186e-05,2.946026987434893,6.648628786769389,6.692630938385021,3.2820250752860542,2.4884102928046543,2.965524470347884
big plastics,ATOMKI 2016 anomaly,1.0,MM 15° + TOF,9–17,9,17,16.7,0.9934252834168307,159647559.20533565,115.51031231256101,1758.8023424415792,130-172,8.99664179755673e-06,2.406051237620237,3.177230405389089,2468.784324821703,22.370350386381496,0.6778472756308541,0.01354665003194416,9.82100839531367e-06,1.4793757128375026e-05,1.0338376605506735e-05,2.8671880469923177,6.50580410146691,6.548861006527397,3.198258045598742,2.4219750370604203,2.886163755698652
big plastics,ATOMKI 2016 anomaly,1.0,MM 15° + TOF,9–18,9,18,16.7,0.9934252834168307,159647559.20533565,115.51031231256101,1758.8023424415792,130-172,8.996646797028642e-06,2.406053911726686,3.177451449361636,2468.784324821703,22.370350386381496,0.6828789397631129,0.017721061081264776,9.821019030501992e-06,1.4794097665927592e-05,1.0338736226276664e-05,2.8671942567622555,6.506103619173728,6.549162506511157,3.1984805524910436,2.4219777288647197,2.8861700065662728
big plastics,ATOMKI 2016 anomaly,1.0,MM 15° + TOF,9–20,9,20,16.7,0.9934252834168307,159647559.20533565,115.51031231256101,1758.8023424415792,130-172,8.999023144410962e-06,2.4073251353639757,3.179592630641991,2468.784324821703,22.370350386381496,3.1128997345609566,0.028783083858939924,9.82383865066355e-06,1.4799905177123372e-05,1.0342219108817826e-05,2.8688408393065115,6.511212641255742,6.554305341274173,3.2006359046006563,2.423257365751872,2.8878274865718074
big plastics,ATOMKI 2016 anomaly,1.0,MM 15° + TOF,> 9,9,99,16.7,0.9934252834168307,159647559.20533565,115.51031231256101,1758.8023424415792,130-172,9.014419590933184e-06,2.4155695767360283,3.188148243468644,2468.784324821703,22.370350386381496,13.317734271894393,0.10144510840059538,9.835701007286266e-06,1.4821228967154052e-05,1.035612412586317e-05,2.8757733146472075,6.529988944613743,6.5732059105182135,3.2092481404370807,2.431556370729575,2.894805842625775
big plastics,ATOMKI 2016 anomaly,1.0,MM 15° + TOF,10–14,10,14,16.7,0.9934252834168307,159647559.20533565,26.864019153159933,456.1029026536219,128-172,3.191644906884888e-05,30.28120455304473,49.691667077173925,2354.9930243343674,14.148836187184926,0.2850802945760064,0.003790865998888127,3.442932438651317e-05,7.709568411378638e-05,4.088554366125185e-05,35.23716937311981,176.68681655685887,177.85617047026875,50.02053793745033,30.481612516337638,35.47037704931723
big plastics,ATOMKI 2016 anomaly,1.0,MM 15° + TOF,10–15,10,15,16.7,0.9934252834168307,159647559.20533565,56.520467870205266,919.6201076333098,130-172,1.6297596545092082e-05,7.895709070945224,11.128335690208639,2354.9930243343674,20.17161202800292,0.855240883728019,0.0061941196860052505,1.7673142932797175e-05,3.062190235275584e-05,1.9348312914014458e-05,9.284779462636108,27.874580966162707,28.059061342076625,11.201985570503451,7.947964686169829,9.346228264597443
big plastics,ATOMKI 2016 anomaly,1.0,MM 15° + TOF,10–16,10,16,16.7,0.9934252834168307,159647559.20533565,111.74044036342633,1698.6010461049518,130-172,9.117199153962716e-06,2.4709667185796214,3.8938218515575374,2354.9930243343674,22.356262022427554,1.1403211783040257,0.009244915273371332,9.942933759679428e-06,1.4912517703595171e-05,1.1445006207355047e-05,2.9388208011109658,6.610677296671802,6.654428276613563,3.919592058463577,2.4873201435752366,2.9582705918285632
big plastics,ATOMKI 2016 anomaly,1.0,MM 15° + TOF,10–17,10,17,16.7,0.9934252834168307,159647559.20533565,113.66219149374699,1725.832760601436,130-172,8.99174143866083e-06,2.4034308590882967,3.9488903835639064,2354.9930243343674,22.356262022427554,0.48764735955944133,0.013293887621176897,9.806637565785332e-06,1.4764092684214425e-05,1.1525652801602599e-05,2.8588032207690857,6.479739381333945,6.522623784092996,3.9750250466566737,2.4193373162618035,2.877723436770596
big plastics,ATOMKI 2016 anomaly,1.0,MM 15° + TOF,10–18,10,18,16.7,0.9934252834168307,159647559.20533565,113.66219149374699,1725.832760601436,130-172,8.991746604827738e-06,2.4034336208511045,3.94900140544057,2354.9930243343674,22.356262022427554,0.49267902369169986,0.017468298670497512,9.806648565732492e-06,1.4764434833936542e-05,1.15258148206112e-05,2.8588096341195937,6.480039713601627,6.5229261040285715,3.975136803301604,2.4193400963025917,2.8777298925661303
big plastics,ATOMKI 2016 anomaly,1.0,MM 15° + TOF,10–20,10,20,16.7,0.9934252834168307,159647559.20533565,113.66219149374699,1725.832760601436,130-172,8.99420217460606e-06,2.4047465147945415,3.9516289082731566,2354.9930243343674,22.356262022427554,2.922699818489544,0.02853032144817266,9.80956487636569e-06,1.4770407272717205e-05,1.1529648584163743e-05,2.8605101980864265,6.485283323482083,6.528204417322976,3.977781695551124,2.4206616792795432,2.879441711255689
big plastics,ATOMKI 2016 anomaly,1.0,MM 15° + TOF,> 10,10,99,16.7,0.9934252834168307,159647559.20533565,113.66219149374699,1725.832760601436,130-172,9.01011137450302e-06,2.4132612063302226,3.9646615328710353,2354.9930243343674,22.356262022427554,13.127534355822984,0.10119234598982813,9.821833689328013e-06,1.4792769341563461e-05,1.1548645546806849e-05,2.867669947111139,6.504935338665274,6.547986494054101,3.99090057305045,2.4292327229984982,2.886648845143088
big plastics,ATOMKI 2016 anomaly,1.0,MM 15° + TOF,11–14,11,14,16.7,0.9934252834168307,159647559.20533565,23.696075000591193,408.2612705140522,128-172,3.430457105281269e-05,34.982270960685916,62.2263133431058,2129.8747288248223,8.52130981247788,0.2850802945760064,0.003309151593630536,3.705805959764881e-05,7.408183596101872e-05,4.5752521032857625e-05,40.823417988789856,163.14264028999068,164.22235573557248,62.63814136990945,35.213791660673614,41.093596740743294
big plastics,ATOMKI 2016 anomaly,1.0,MM 15° + TOF,11–15,11,15,16.7,0.9934252834168307,159647559.20533565,53.35252371763654,871.7784754937403,130-172,1.6503525107089763e-05,8.09650240666891,11.895111928809488,2129.8747288248223,14.544085653295877,0.855240883728019,0.0057124052807476615,1.7913734276704692e-05,2.906307318278039e-05,2.000378877325871e-05,9.539294760296807,25.10886512567326,25.27504135923813,11.973836510277769,8.150086918284828,9.602428002926336
big plastics,ATOMKI 2016 anomaly,1.0,MM 15° + TOF,11–16,11,16,16.7,0.9934252834168307,159647559.20533565,108.57249621085761,1650.759413965382,130-172,9.050953221683123e-06,2.435188888855413,3.6322028490023612,2129.8747288248223,16.72873564772052,1.1403211783040257,0.008763200868113741,9.877252921032361e-06,1.546120119668649e-05,1.1053836611803137e-05,2.9001226297872265,7.106086279560635,7.153115989880638,3.656241601290439,2.4513055279605096,2.919316307123186
big plastics,ATOMKI 2016 anomaly,1.0,MM 15° + TOF,11–17,11,17,16.7,0.9934252834168307,159647559.20533565,110.49424734117822,1677.9911284618659,130-172,8.924347273604138e-06,2.367537879306944,3.6508221776486147,2129.8747288248223,16.72873564772052,0.48764735955944133,0.012812173215919306,9.739366213100803e-06,1.507064419087089e-05,1.1082132378567738e-05,2.8197162376007574,6.751614635191155,6.796298370793779,3.6749841569280544,2.3832067885004196,2.838377766974584
big plastics,ATOMKI 2016 anomaly,1.0,MM 15° + TOF,11–18,11,18,16.7,0.9934252834168307,159647559.20533565,110.49424734117822,1677.9911284618659,130-172,8.924352775532866e-06,2.367540798518465,3.6509746235860425,2129.8747288248223,16.72873564772052,0.49267902369169986,0.01698658426523992,9.739377933238788e-06,1.5071121988089538e-05,1.108236375226127e-05,2.8197230239732054,6.752042746131866,6.796729315070976,3.6751376117876924,2.3832097270319523,2.838384598260803
big plastics,ATOMKI 2016 anomaly,1.0,MM 15° + TOF,11–20,11,20,16.7,0.9934252834168307,159647559.20533565,110.49424734117822,1677.9911284618659,130-172,8.926967912669184e-06,2.3689285408390366,3.6536485906306897,2129.8747288248223,16.72873564772052,2.922699818489544,0.02804860704291507,9.742485147400983e-06,1.507768855419725e-05,1.1086421360782586e-05,2.8215224984342666,6.757927828102579,6.802653345865191,3.677829275760095,2.384606653749781,2.8401959820569473
big plastics,ATOMKI 2016 anomaly,1.0,MM 15° + TOF,> 11,11,99,16.7,0.9934252834168307,159647559.20533565,110.49424734117822,1677.9911284618659,130-170,8.94386085649798e-06,2.377902705719286,3.6656680281028655,2129.8747288248223,16.72873564772052,13.127534355822984,0.10071063158457053,9.755556348928031e-06,1.510449177432965e-05,1.1104641933235867e-05,2.829098682434899,6.781975973864212,6.826860647776131,3.6899282606287263,2.393640211713379,2.8478223069825366
big plastics,ATOMKI 2016 anomaly,1.0,MM 15° + TOF,12–15,12,15,16.7,0.9934252834168307,159647559.20533565,48.57023498528697,792.5170832805456,128-172,1.5694592872892072e-05,7.322242730256677,12.811469914789612,1449.148712900671,6.140505673108064,0.855240883728019,0.005148314442300043,1.6987973978614623e-05,2.625916055653746e-05,2.0760005971423095e-05,8.578812719919366,20.497726311950437,20.633384970281462,12.896259163774529,7.370703013589742,8.635589271910836
big plastics,ATOMKI 2016 anomaly,1.0,MM 15° + TOF,12–16,12,16,16.7,0.9934252834168307,159647559.20533565,103.79020747850804,1571.4980217521875,130-170,8.479798652529957e-06,2.1375441494485394,3.245356791038901,1449.148712900671,8.3251556675327,1.1403211783040257,0.008199110029666126,9.228323525564129e-06,1.4080640669976888e-05,1.0448626821288463e-05,2.531568225103458,5.893711108115552,5.932717041229776,3.2668353073083445,2.151690907338875,2.5483227247813454
big plastics,ATOMKI 2016 anomaly,1.0,MM 15° + TOF,12–17,12,17,16.7,0.9934252834168307,159647559.20533565,105.71195860882865,1598.729736248671,130-170,8.3622718197547e-06,2.0787036262622944,3.249398619640877,1449.148712900671,8.3251556675327,0.48764735955944133,0.01224808237747169,9.10021778686204e-06,1.3783224194609868e-05,1.0455131255260218e-05,2.461770623315108,5.6473623424161365,5.684737882845451,3.270903885659878,2.0924609640623495,2.478063186441144
big plastics,ATOMKI 2016 anomaly,1.0,MM 15° + TOF,12–18,12,18,16.7,0.9934252834168307,159647559.20533565,105.71195860882865,1598.729736248671,130-170,8.362278180433479e-06,2.0787067885539194,3.2497241707002233,1449.148712900671,8.3251556675327,0.49267902369169986,0.016422493426792306,9.100231490714251e-06,1.3783549533589701e-05,1.0455654981987284e-05,2.461778037591775,5.647628946044021,5.685006250917349,3.2712315912908707,2.0924641472827465,2.478070649787196
big plastics,ATOMKI 2016 anomaly,1.0,MM 15° + TOF,12–20,12,20,16.7,0.9934252834168307,159647559.20533565,105.71195860882865,1598.729736248671,130-170,8.365294372150044e-06,2.0802065972867183,3.2531553396650694,1449.148712900671,8.3251556675327,2.922699818489544,0.02748451620446745,9.10386447613642e-06,1.3790659318025596e-05,1.0461173243299862e-05,2.4637440071301615,5.65345673085155,5.690872605342601,3.2746854685196087,2.0939738820940454,2.480049630563309
big plastics,ATOMKI 2016 anomaly,1.0,MM 15° + TOF,> 12,12,99,16.7,0.9934252834168307,159647559.20533565,105.71195860882865,1598.729736248671,130-168,8.384544683899068e-06,2.089791603932822,3.2658188414976665,1449.148712900671,8.3251556675327,13.127534355822984,0.10014654074612289,9.119144270667223e-06,1.3822051072478316e-05,1.048151448159957e-05,2.4720211720940193,5.679224014571906,5.716810422861932,3.2874327803144543,2.1036223245145327,2.4883815757050605
big plastics,ATOMKI 2016 anomaly,1.0,MM 15° + TOF,13–16,13,16,16.7,0.9934252834168307,159647559.20533565,96.86251554463676,1454.9367559320342,130-172,6.389981571479784e-06,1.2137890750253046,1.625197800020745,42.964712910831246,8.25316252323644,0.855240883728019,0.007165887979564024,6.973528592191343e-06,1.1265915289508636e-05,7.394028265613939e-06,1.4456034787785426,3.772914604946029,3.797884619937697,1.635953732152828,1.2218222097695612,1.4551708144637414
big plastics,ATOMKI 2016 anomaly,1.0,MM 15° + TOF,13–17,13,17,16.7,0.9934252834168307,159647559.20533565,98.78426667495737,1482.1684704285183,130-172,6.3274035044440254e-06,1.1901318403106578,1.5954919335107285,42.964712910831246,8.25316252323644,1.1403211783040257,0.011214860327369586,6.900018816356267e-06,1.1059527326131881e-05,7.326141456681062e-06,1.4152871482185059,3.635943658664025,3.6600071684892095,1.6060512653987657,1.1980084060446559,1.4246538434684337
big plastics,ATOMKI 2016 anomaly,1.0,MM 15° + TOF,13–18,13,18,16.7,0.9934252834168307,159647559.20533565,98.78426667495737,1482.1684704285183,130-172,6.324582756629069e-06,1.1890709585448793,1.5950003420482004,42.964712910831246,8.25316252323644,0.34046721937914287,0.0153892713766902,6.898229705840161e-06,1.105461591567817e-05,7.3250127308081495e-06,1.4145533018589664,3.632715013173754,3.656757155081894,1.6055564204710857,1.1969405031198082,1.42391514034522
big plastics,ATOMKI 2016 anomaly,1.0,MM 15° + TOF,13–20,13,20,16.7,0.9934252834168307,159647559.20533565,98.78426667495737,1482.1684704285183,130-172,6.3291673702630515e-06,1.1907954697028091,1.5981550561897533,42.964712910831246,8.25316252323644,2.7704880141769865,0.026451294154365347,6.90371708666208e-06,1.1065344508728253e-05,7.332253138716864e-06,1.4168046852755634,3.639769592652869,3.663858423387499,1.608732013235045,1.1986764274884718,1.426181423934111
big plastics,ATOMKI 2016 anomaly,1.0,MM 15° + TOF,> 13,13,99,16.7,0.9934252834168307,159647559.20533565,98.78426667495737,1482.1684704285183,130-172,6.3588203622436846e-06,1.201979678932369,1.6102310816339016,42.964712910831246,8.25316252323644,12.975322551510423,0.0991133186960208,6.926772489910977e-06,1.1121083582698096e-05,7.359903096248242e-06,1.4262835055584875,3.676530917162815,3.7008630427822338,1.620887960587838,1.2099346563822364,1.4357229772256905
big plastics,ATOMKI 2016 anomaly,1.0,MM 3° + TOF,0–14,0,14,16.7,0.9934252834168307,159647559.20533565,32.95140515696286,562.5206672406654,130-162,2.83055751121673e-05,23.817050607328913,63.326552423336835,2744.0942589291863,10.312581144570219,0.9935435587993103,0.0032386317273560357,3.0416451422305195e-05,5.069145141786238e-05,4.6155229644332306e-05,27.501798963301173,76.38594669588291,76.89148642679771,63.745662084951874,23.97467731585359,27.68381218234176
big plastics,ATOMKI 2016 anomaly,1.0,MM 3° + TOF,0–15,0,15,16.7,0.9934252834168307,159647559.20533565,65.30916592740428,1047.4406495022617,130-162,1.5272902811152092e-05,6.934053516019544,14.554753736214991,2744.0942589291863,21.701198876836692,0.9935435587993103,0.0047006637833873184,1.645427674700501e-05,2.6583808492730442e-05,2.2127401919029545e-05,8.048252772503856,21.00769542146751,21.146729172437325,14.651080437730284,6.9799446740174105,8.101517956964354
big plastics,ATOMKI 2016 anomaly,1.0,MM 3° + TOF,0–16,0,16,16.7,0.9934252834168307,159647559.20533565,126.04680988914643,1867.7465321591126,130-162,8.665552295047831e-06,2.2322174963795693,3.900038300942786,2744.0942589291863,23.85119552334597,0.9935435587993103,0.006623981293104146,9.399862935048175e-06,1.4528992987002137e-05,1.1454138485443388e-05,2.6265583590277197,6.275018942222273,6.316548458118255,3.925849649737948,2.246990824213757,2.6439415252185037
big plastics,ATOMKI 2016 anomaly,1.0,MM 3° + TOF,0–17,0,17,16.7,0.9934252834168307,159647559.20533565,128.15263679823337,1895.331718197521,130-162,8.54806605505319e-06,2.1720996813779014,3.593550870101278,2744.0942589291863,23.85119552334597,0.9935435587993103,0.00909722364016209,9.272866341771508e-06,1.4368438421742346e-05,1.0994864768163682e-05,2.5560657013186354,6.137099366212892,6.1777160986930815,3.6173338147197756,2.1864751357113503,2.572982330917923
big plastics,ATOMKI 2016 anomaly,1.0,MM 3° + TOF,0–18,0,18,16.7,0.9934252834168307,159647559.20533565,128.15263679823337,1895.331718197521,130-162,8.54806832884468e-06,2.1721008369380934,3.593552634439368,2744.0942589291863,23.85119552334597,0.9935435587993103,0.011392086458249625,9.272868622933276e-06,1.4368441851636224e-05,1.0994867467256727e-05,2.5560669589233194,6.137102296190587,6.177719048062042,3.6173355907346596,2.1864762989193047,2.5729835968457238
big plastics,ATOMKI 2016 anomaly,1.0,MM 3° + TOF,0–20,0,20,16.7,0.9934252834168307,159647559.20533565,128.15263679823337,1895.331718197521,130-162,8.548073647821908e-06,2.1721035400888025,3.5935571540715796,2744.0942589291863,23.85119552334597,0.9935435587993103,0.016915780398860304,9.272874113646732e-06,1.436845049108512e-05,1.0994874381409183e-05,2.5560699859554,6.137109676419864,6.17772647713537,3.6173401402788348,2.186479019960086,2.5729866439113973
big plastics,ATOMKI 2016 anomaly,1.0,MM 3° + TOF,none,0,99,16.7,0.9934252834168307,159647559.20533565,128.15263679823337,1895.331718197521,130-162,8.548096452219118e-06,2.1721151295018153,3.593575109576221,2744.0942589291863,23.85119552334597,0.9935435587993103,0.039913607024067994,9.272896974124594e-06,1.436848458132939e-05,1.0994901849773107e-05,2.556082588963408,6.137138797975636,6.177755791424284,3.617358214617128,2.1864906860744946,2.5729993303290053
big plastics,ATOMKI 2016 anomaly,1.0,MM 3° + TOF,6–14,6,14,16.7,0.9934252834168307,159647559.20533565,32.917351137891096,557.8067268589973,130-162,2.8267668172662224e-05,23.753301543393007,62.79838945894712,2732.7038386508457,10.312099949463075,0.9935435587993103,0.003212949363765862,3.037393274320857e-05,5.1027576871575104e-05,4.596235221786393e-05,27.424964039505277,77.4023068188022,77.91457305433309,63.21400361681512,23.910506345977883,27.60646874738143
big plastics,ATOMKI 2016 anomaly,1.0,MM 3° + TOF,6–15,6,15,16.7,0.9934252834168307,159647559.20533565,65.27511190833249,1042.7267091205938,130-162,1.5248880872202697e-05,6.9122582596500965,13.944801120892865,2732.7038386508457,21.700717681729547,0.9935435587993103,0.004674981419797145,1.6428068551951753e-05,2.6697959923169214e-05,2.1658788278821973e-05,8.022634849810528,21.18849774254308,21.328728084779993,14.037091015975054,6.958005171637842,8.075730488977616
big plastics,ATOMKI 2016 anomaly,1.0,MM 3° + TOF,6–16,6,16,16.7,0.9934252834168307,159647559.20533565,126.01275587007464,1863.0325917774446,130-162,8.652834880984995e-06,2.225670376860601,3.6029470631519978,2732.7038386508457,23.850714328238826,0.9935435587993103,0.0065982989295139734,9.386060043491629e-06,1.4580170915188789e-05,1.1009229728025173e-05,2.61885027170125,6.319303921406572,6.3611265254611595,3.6267921939331593,2.2404003743548104,2.6361824240005864
big plastics,ATOMKI 2016 anomaly,1.0,MM 3° + TOF,6–17,6,17,16.7,0.9934252834168307,159647559.20533565,128.11858277916167,1890.617777815853,130-162,8.53557516128302e-06,2.165756341673949,3.352614672086008,2732.7038386508457,23.850714328238826,0.9935435587993103,0.009071541276571919,9.259304256988472e-06,1.4426010188621863e-05,1.0619885007332863e-05,2.548594391304543,6.186378417426332,6.2273212899802886,3.3748030456350753,2.180089814329017,2.5654615740589923
big plastics,ATOMKI 2016 anomaly,1.0,MM 3° + TOF,6–18,6,18,16.7,0.9934252834168307,159647559.20533565,128.11858277916167,1890.617777815853,130-162,8.535577439708161e-06,2.165757497896995,3.3526163055467646,2732.7038386508457,23.850714328238826,0.9935435587993103,0.01136640409465945,9.259306542706057e-06,1.4426013657946489e-05,1.0619887594442475e-05,2.548595649577859,6.186381392962503,6.227324285209241,3.3748046899064503,2.180090978204212,2.56546284065985
big plastics,ATOMKI 2016 anomaly,1.0,MM 3° + TOF,6–20,6,20,16.7,0.9934252834168307,159647559.20533565,128.11858277916167,1890.617777815853,130-162,8.535582769524665e-06,2.1657602025982854,3.352620446470953,2732.7038386508457,23.850714328238826,0.9935435587993103,0.016890098035270137,9.259312044385274e-06,1.4426022380009654e-05,1.0619894152922752e-05,2.5485986782193284,6.186388873618887,6.227331815374326,3.3748088582362255,2.1800937008058363,2.565465889345564
big plastics,ATOMKI 2016 anomaly,1.0,MM 3° + TOF,> 6,6,99,16.7,0.9934252834168307,159647559.20533565,128.11858277916167,1890.617777815853,130-162,8.535605620393699e-06,2.1657717986592298,3.352636988934095,2732.7038386508457,23.850714328238826,0.9935435587993103,0.03988792466047781,9.259334950518751e-06,1.442605684245754e-05,1.0619920353173228e-05,2.548611287928005,6.186418431088465,6.227361568462023,3.374825510181186,2.1801053736121743,2.5654785825081876
big plastics,ATOMKI 2016 anomaly,1.0,MM 3° + TOF,8–14,8,14,16.7,0.9934252834168307,159647559.20533565,32.35131811818459,537.9426644874126,130-162,2.8430959986841116e-05,24.02852216924377,66.39971105284792,2660.5169756802497,10.138930680553255,0.9935435587993103,0.003095066130667867,3.0470697776150267e-05,4.999169596547879e-05,4.726189035383376e-05,27.599982846774335,74.29160717909835,74.78328609030014,66.83915958376842,24.18754844511206,27.782645869295514
big plastics,ATOMKI 2016 anomaly,1.0,MM 3° + TOF,8–15,8,15,16.7,0.9934252834168307,159647559.20533565,64.70907888862601,1022.8626467490086,130-162,1.521379662100772e-05,6.880487741539414,13.237712578773511,2660.5169756802497,21.52754841281973,0.9935435587993103,0.004557098186699151,1.636934068135605e-05,2.6208751712508115e-05,2.1102527127098805e-05,7.965377953100417,20.419104230912517,20.55424255026221,13.325322799559862,6.926024388944845,8.01809465298079
big plastics,ATOMKI 2016 anomaly,1.0,MM 3° + TOF,8–16,8,16,16.7,0.9934252834168307,159647559.20533565,125.4467228503682,1843.1685294058598,130-162,8.610134773593107e-06,2.203758050518348,3.1654703809487446,2660.5169756802497,23.67754505932902,0.9935435587993103,0.0064804156964159785,9.333844215126752e-06,1.464217937984129e-05,1.0319225921313855e-05,2.5897933362739334,6.373169351707771,6.415348449545809,3.186420190616939,2.21834302720648,2.6069331831041023
big plastics,ATOMKI 2016 anomaly,1.0,MM 3° + TOF,8–17,8,17,16.7,0.9934252834168307,159647559.20533565,127.55254975945513,1870.753715444268,130-160,8.493257056330172e-06,2.144334584569032,3.005640224637327,2660.5169756802497,23.67754505932902,0.9935435587993103,0.00895365804347392,9.207667188480274e-06,1.4346575918834811e-05,1.0055333766553933e-05,2.5202477721110648,6.1184375920003236,6.1589308165746495,3.025532241639347,2.1585262831178538,2.5369273504322476
big plastics,ATOMKI 2016 anomaly,1.0,MM 3° + TOF,8–18,8,18,16.7,0.9934252834168307,159647559.20533565,127.55254975945513,1870.753715444268,130-160,8.493259351965945e-06,2.1443357437502075,3.0056416823592818,2660.5169756802497,23.67754505932902,0.9935435587993103,0.011248520861561457,9.207669507461716e-06,1.4346579442065957e-05,1.0055336204949402e-05,2.5202490415767027,6.1184405971316735,6.158933841594648,3.02553370900884,2.1585274499707565,2.5369286282995005
big plastics,ATOMKI 2016 anomaly,1.0,MM 3° + TOF,8–20,8,20,16.7,0.9934252834168307,159647559.20533565,127.55254975945513,1870.753715444268,130-160,8.493264728778222e-06,2.144338458772539,3.0056453061779336,2660.5169756802497,23.67754505932902,0.9935435587993103,0.016772214802172135,9.207675089206362e-06,1.4346588478581094e-05,1.0055342266667292e-05,2.520252097157889,6.118448304808435,6.158941600282585,3.0255373568107555,2.1585301829617287,2.5369317041032247
big plastics,ATOMKI 2016 anomaly,1.0,MM 3° + TOF,> 8,8,99,16.7,0.9934252834168307,159647559.20533565,127.55254975945513,1870.753715444268,130-160,8.493287738098916e-06,2.144350077352598,3.0056599155698893,2660.5169756802497,23.67754505932902,0.9935435587993103,0.039770041427379825,9.207698328689964e-06,1.4346623698794823e-05,1.0055366704390799e-05,2.520264819029725,6.118478345862699,6.158971840155442,3.025552062891021,2.158541878436218,2.536944510171329
big plastics,ATOMKI 2016 anomaly,1.0,MM 3° + TOF,9–14,9,14,16.7,0.9934252834168307,159647559.20533565,31.261589507887848,516.2024636729187,130-162,2.90309659765609e-05,25.053418119269814,51.571731211075765,2573.2271184045703,9.505039095413096,0.9935435587993103,0.0029561001440885273,3.098947467155156e-05,5.7228903703317204e-05,4.165180713895363e-05,28.547786576062297,97.3587223270973,98.00306470179359,51.91304476739074,25.219227391817515,28.736722381248224
big plastics,ATOMKI 2016 anomaly,1.0,MM 3° + TOF,9–15,9,15,16.7,0.9934252834168307,159647559.20533565,63.61935027832924,1001.122445934515,130-162,1.5279078278603652e-05,6.939662099991019,10.047975433113137,2573.2271184045703,20.893656827679568,0.9935435587993103,0.0044181322001198104,1.6401532310638288e-05,2.8068908822322652e-05,1.8385154162256187e-05,7.996737875651359,23.42044121509698,23.575443071615492,10.114475241211586,6.985590376885154,8.049662122698374
big plastics,ATOMKI 2016 anomaly,1.0,MM 3° + TOF,9–16,9,16,16.7,0.9934252834168307,159647559.20533565,124.35699424007144,1821.4283285913664,130-160,8.590667671227441e-06,2.193804133099652,3.17875262051341,2573.2271184045703,23.04365347418885,0.9935435587993103,0.006341449709836639,9.300927100664328e-06,1.4280259211678593e-05,1.034085287363045e-05,2.5715590051091595,6.062003660901644,6.102123392764599,3.1997903350922052,2.208323232477218,2.5885781729496817
big plastics,ATOMKI 2016 anomaly,1.0,MM 3° + TOF,9–17,9,17,16.7,0.9934252834168307,159647559.20533565,126.46282114915836,1849.0135146297746,130-160,8.473112155394262e-06,2.1341744826958973,3.142036217748201,2573.2271184045703,23.04365347418885,0.9935435587993103,0.008814692056894584,9.17455716780117e-06,1.426599729186831e-05,1.0280958047042576e-05,2.5021551493832286,6.049901270261413,6.089940905724804,3.1628309347446275,2.1482989393581002,2.518714986573732
big plastics,ATOMKI 2016 anomaly,1.0,MM 3° + TOF,9–18,9,18,16.7,0.9934252834168307,159647559.20533565,126.46282114915836,1849.0135146297746,130-160,8.473114498659706e-06,2.1341756631212037,3.142037729556481,2573.2271184045703,23.04365347418885,0.9935435587993103,0.011109554874982119,9.174559535433883e-06,1.4266000917403528e-05,1.028096052041248e-05,2.5021564408210697,6.049904345284134,6.089944001098731,3.162832456558402,2.148300127595732,2.5187162865586052
big plastics,ATOMKI 2016 anomaly,1.0,MM 3° + TOF,9–20,9,20,16.7,0.9934252834168307,159647559.20533565,126.46282114915836,1849.0135146297746,130-160,8.473119987029608e-06,2.1341784279013263,3.1420414744406644,2573.2271184045703,23.04365347418885,0.9935435587993103,0.016633248815592798,9.17456523428115e-06,1.4266009846595858e-05,1.0280966647168153e-05,2.5021595492889515,6.049911918643579,6.089951624580406,3.162836226227088,2.148302910673804,2.518719415599041
big plastics,ATOMKI 2016 anomaly,1.0,MM 3° + TOF,> 9,9,99,16.7,0.9934252834168307,159647559.20533565,126.46282114915836,1849.0135146297746,130-160,8.473143473744744e-06,2.134190259413292,3.1420562406836385,2573.2271184045703,23.04365347418885,0.9935435587993103,0.039631075440800474,9.174588961318297e-06,1.4266045649943974e-05,1.0280990805199546e-05,2.502172491353851,6.049942285561396,6.089982192473457,3.1628510901964484,2.1483148204894325,2.518732443317497
big plastics,ATOMKI 2016 anomaly,1.0,MM 3° + TOF,10–14,10,14,16.7,0.9934252834168307,159647559.20533565,29.221109500262948,480.24761426157187,128-162,3.035343504598786e-05,27.387961328507842,45.160391851212765,2455.7067628260024,9.495780009523612,0.9935435587993103,0.002742549469888899,3.232226765849747e-05,6.089554885421845e-05,3.897685956916998e-05,31.05615299011746,110.23388437147757,110.96343752429402,45.45927369181316,27.56922114394802,31.26168974006939
big plastics,ATOMKI 2016 anomaly,1.0,MM 3° + TOF,10–15,10,15,16.7,0.9934252834168307,159647559.20533565,61.578870270704364,965.167596523168,130-162,1.5477330812264393e-05,7.120920602623923,13.280954455108658,2455.7067628260024,20.884397741790085,0.9935435587993103,0.004204581525920181,1.6579471595169188e-05,2.9376301036419315e-05,2.113696543664334e-05,8.17119139045844,25.65300423847593,25.822781709605636,13.368850860559496,7.168048489899427,8.225270210915191
big plastics,ATOMKI 2016 anomaly,1.0,MM 3° + TOF,10–16,10,16,16.7,0.9934252834168307,159647559.20533565,122.31651423244652,1785.4734791800188,130-160,8.592622096295123e-06,2.194802452132556,4.0819331422812875,2455.7067628260024,23.034394388299365,0.9935435587993103,0.00612789903563701,9.29040359094613e-06,1.4195667261694322e-05,1.1718200839136634e-05,2.565743129686824,5.990397413934007,6.030043239216109,4.108948312893454,2.209328158614663,2.582723806728669
big plastics,ATOMKI 2016 anomaly,1.0,MM 3° + TOF,10–17,10,17,16.7,0.9934252834168307,159647559.20533565,124.42234114153347,1813.0586652184274,130-160,8.473567577354556e-06,2.1344039086799746,4.104644475465875,2455.7067628260024,23.034394388299365,0.9935435587993103,0.008601141382694955,9.162654413367468e-06,1.4114788358117893e-05,1.1750754875950396e-05,2.495666941105895,5.9223320569102365,5.961527410034005,4.131809954894826,2.1485298837360087,2.5121838378445416
big plastics,ATOMKI 2016 anomaly,1.0,MM 3° + TOF,10–18,10,18,16.7,0.9934252834168307,159647559.20533565,124.42234114153347,1813.0586652184274,130-160,8.473569998308017e-06,2.134405128306353,4.104646652550848,2455.7067628260024,23.034394388299365,0.9935435587993103,0.010896004200782489,9.162656862470908e-06,1.4114792081954897e-05,1.175075799222376e-05,2.495668275249263,5.922335181831647,5.961530555636863,4.131812146388247,2.1485311114341545,2.5121851808175766
big plastics,ATOMKI 2016 anomaly,1.0,MM 3° + TOF,10–20,10,20,16.7,0.9934252834168307,159647559.20533565,124.42234114153347,1813.0586652184274,130-160,8.473575668637822e-06,2.1344079849028206,4.104652138044713,2455.7067628260024,23.034394388299365,0.9935435587993103,0.016419698141393168,9.16266275741659e-06,1.4114801347821478e-05,1.1750765844140721e-05,2.49567148650859,5.922342957445393,5.961538382711406,4.13181766818637,2.148533986936233,2.512188413329755
big plastics,ATOMKI 2016 anomaly,1.0,MM 3° + TOF,> 10,10,99,16.7,0.9934252834168307,159647559.20533565,124.42234114153347,1813.0586652184274,130-160,8.47359993402367e-06,2.1344202093307354,4.1046735070135325,2455.7067628260024,23.034394388299365,0.9935435587993103,0.03941752476660086,9.16268730090417e-06,1.411483829234835e-05,1.175079643155881e-05,2.495684856544308,5.922373960140999,5.961569590589969,4.131839178579931,2.148546292268218,2.5122018718514387
big plastics,ATOMKI 2016 anomaly,1.0,MM 3° + TOF,11–14,11,14,16.7,0.9934252834168307,159647559.20533565,25.7687682695002,428.39812676636177,128-162,3.267389332112473e-05,31.735532246142668,56.88333275356255,2222.1447856722043,3.868137302796039,0.9935435587993103,0.00230825115876753,3.4795343488629366e-05,5.85904956065448e-05,4.374420320259411e-05,35.99036648310648,102.04655693877956,102.72192447910741,57.259799708253354,31.94556528397393,36.22855899068688
big plastics,ATOMKI 2016 anomaly,1.0,MM 3° + TOF,11–15,11,15,16.7,0.9934252834168307,159647559.20533565,58.126529039941616,913.318109027958,130-162,1.5689031894722145e-05,7.317054750107274,16.30459583309652,2222.1447856722043,15.256755035062515,0.9935435587993103,0.003770283214798814,1.6805384855402903e-05,2.6563128501595666e-05,2.341979085784856e-05,8.395391205059607,20.975023656132098,21.113841177858568,16.412503391314722,7.365480698196722,8.450953831358236
big plastics,ATOMKI 2016 anomaly,1.0,MM 3° + TOF,11–16,11,16,16.7,0.9934252834168307,159647559.20533565,118.86417300168378,1733.6239916848087,130-160,8.534073743431961e-06,2.1649944904380143,3.469441287526585,2222.1447856722043,17.406751681571798,0.9935435587993103,0.00569360072451564,9.22830109439118e-06,1.5242347701589259e-05,1.0803333046444247e-05,2.5315559182146683,6.906336606900811,6.9520443280312465,3.4924028464361565,2.1793229209867064,2.54831033644274
big plastics,ATOMKI 2016 anomaly,1.0,MM 3° + TOF,11–17,11,17,16.7,0.9934252834168307,159647559.20533565,120.96999991077074,1761.2091777232174,130-160,8.413773079691724e-06,2.10438696303642,3.4762215066597886,2222.1447856722043,17.406751681571798,0.9935435587993103,0.008166843071573586,9.099074460409938e-06,1.4659813317362697e-05,1.0813884199677529e-05,2.461152081928787,6.388529325205845,6.430810078874634,3.499227938616097,2.118314279055289,2.4774405514059317
big plastics,ATOMKI 2016 anomaly,1.0,MM 3° + TOF,11–18,11,18,16.7,0.9934252834168307,159647559.20533565,120.96999991077074,1761.2091777232174,130-160,8.413775656771472e-06,2.104388252154584,3.476223442120421,2222.1447856722043,17.406751681571798,0.9935435587993103,0.010461705889661119,9.099077069400983e-06,1.4659817645483686e-05,1.0813887210107703e-05,2.4611534933085246,6.388533097468335,6.430813876102824,3.4992298868860523,2.1183155767051334,2.4774419721265044
big plastics,ATOMKI 2016 anomaly,1.0,MM 3° + TOF,11–20,11,20,16.7,0.9934252834168307,159647559.20533565,120.96999991077074,1761.2091777232174,130-160,8.413781692778285e-06,2.1043912715140016,3.476228260717208,2222.1447856722043,17.406751681571798,0.9935435587993103,0.015985399830271797,9.099083349192906e-06,1.4659829452512997e-05,1.0813894704986122e-05,2.4611568904744225,6.3885433881322085,6.430824234872673,3.499234737373419,2.1183186160473646,2.477445391775626
big plastics,ATOMKI 2016 anomaly,1.0,MM 3° + TOF,> 11,11,99,16.7,0.9934252834168307,159647559.20533565,120.96999991077074,1761.2091777232174,130-160,8.413807523024605e-06,2.1044041924644894,3.4762474191998787,2222.1447856722043,17.406751681571798,0.9935435587993103,0.03898322645547949,9.099109494976883e-06,1.4659872825280147e-05,1.0813924504169794e-05,2.4611710345296802,6.3885811906476615,6.430862287573851,3.4992540226513262,2.118331622511669,2.4774596294394886
big plastics,ATOMKI 2016 anomaly,1.0,MM 3° + TOF,12–15,12,15,16.7,0.9934252834168307,159647559.20533565,52.883130481782366,827.5616793938623,130-162,1.4926145758582683e-05,6.6227653747460105,13.934563445380139,1517.76786837281,11.442971839755252,0.9935435587993103,0.0032920104122381505,1.597654076265683e-05,2.4499316821182987e-05,2.1650836341873446e-05,7.587688904305446,17.842346156501176,17.96043089937617,14.026785585175553,6.66659635636349,7.637905971356008
big plastics,ATOMKI 2016 anomaly,1.0,MM 3° + TOF,12–16,12,16,16.7,0.9934252834168307,159647559.20533565,113.62077444352454,1647.8675620507126,130-160,7.987770178555056e-06,1.8966846737637775,3.083731608741081,1517.76786837281,13.59296848626453,0.9935435587993103,0.005215327921954978,8.636157898818649e-06,1.4125746420752361e-05,1.018512303892545e-05,2.217099383273714,5.931531270612311,5.970787506244195,3.1041404524502925,1.9092373683506791,2.231772655964749
big plastics,ATOMKI 2016 anomaly,1.0,MM 3° + TOF,12–17,12,17,16.7,0.9934252834168307,159647559.20533565,115.72660135261148,1675.452748089121,130-160,7.875991020715816e-06,1.8439724898453078,3.0872137276269584,1517.76786837281,13.59296848626453,0.9935435587993103,0.007688570269012925,8.515706678110819e-06,1.3767078745892587e-05,1.0190871886024811e-05,2.1556855002265514,5.634139631260624,5.671427660752015,3.1076456167983357,1.856176323098067,2.169952321740989
big plastics,ATOMKI 2016 anomaly,1.0,MM 3° + TOF,12–18,12,18,16.7,0.9934252834168307,159647559.20533565,115.72660135261148,1675.452748089121,130-160,7.875994023782482e-06,1.843973896036188,3.0872158061175794,1517.76786837281,13.59296848626453,0.9935435587993103,0.009983433087100455,8.515709724168065e-06,1.3767084317197076e-05,1.019087531656606e-05,2.1556870423986485,5.6341441913440455,5.671432251015116,3.107647709044885,1.8561777385954412,2.1699538741195346
big plastics,ATOMKI 2016 anomaly,1.0,MM 3° + TOF,12–20,12,20,16.7,0.9934252834168307,159647559.20533565,115.72660135261148,1675.452748089121,130-160,7.87600105753012e-06,1.8439771896021275,3.087221009780708,1517.76786837281,13.59296848626453,0.9935435587993103,0.015507127027711138,8.515717055969147e-06,1.3767099184752842e-05,1.0190883905188157e-05,2.155690754379424,5.634156360369274,5.6714445005777465,3.1076529471470504,1.8561810539589563,2.1699576106670513
big plastics,ATOMKI 2016 anomaly,1.0,MM 3° + TOF,> 12,12,99,16.7,0.9934252834168307,159647559.20533565,115.72660135261148,1675.452748089121,130-160,7.876031157454716e-06,1.8439912839832777,3.0872419036072833,1517.76786837281,13.59296848626453,0.9935435587993103,0.03850495365291882,8.515747581758084e-06,1.3767154771486512e-05,1.0190918390280094e-05,2.1557062091622665,5.634201857968605,5.671490299290634,3.107673979253767,1.8561952416199565,2.1699731677331946
big plastics,ATOMKI 2016 anomaly,1.0,MM 3° + TOF,13–16,13,16,16.7,0.9934252834168307,159647559.20533565,106.10864191207013,1528.7265160361335,130-160,6.0327072152638206e-06,1.081853636893465,1.5274153710275122,43.632977128625505,13.583664823204472,0.9935435587993103,0.0044739490919908625,6.532492301794878e-06,1.0900129058249985e-05,7.1681415360862906e-06,1.2685331650716216,3.5318910073277556,3.555265872819357,1.5375241565969133,1.0890135926201616,1.2769286087712333
big plastics,ATOMKI 2016 anomaly,1.0,MM 3° + TOF,13–17,13,17,16.7,0.9934252834168307,159647559.20533565,108.21446882115707,1556.3117020745422,130-160,5.967867200677293e-06,1.0587229169120045,1.4985092747448543,43.632977128625505,13.583664823204472,0.9935435587993103,0.00694719143904881,6.460807763561372e-06,1.0713045320120438e-05,7.0999895776273435e-06,1.2408453316793966,3.411692628744185,3.434271993772757,1.5084267531331752,1.0657297882238173,1.2490575309414096
big plastics,ATOMKI 2016 anomaly,1.0,MM 3° + TOF,13–18,13,18,16.7,0.9934252834168307,159647559.20533565,108.21446882115707,1556.3117020745422,130-160,5.967871717048904e-06,1.0587245193564871,1.4985113179051248,43.632977128625505,13.583664823204472,0.9935435587993103,0.009242054257136343,6.4608123551988605e-06,1.0713053592043264e-05,7.099994417908257e-06,1.2408470953950725,3.411697897324348,3.4342772972215925,1.5084288098155494,1.0657314012736452,1.2490593063297608
big plastics,ATOMKI 2016 anomaly,1.0,MM 3° + TOF,13–20,13,20,16.7,0.9934252834168307,159647559.20533565,108.21446882115707,1556.3117020745422,130-160,5.96788229523504e-06,1.0587282725856075,1.4985163992740416,43.632977128625505,13.583664823204472,0.9935435587993103,0.014765748197747026,6.460823407175152e-06,1.0713074032141119e-05,7.100006455742048e-06,1.2408513406272987,3.4117109161158257,3.434290402174421,1.5084339248141323,1.0657351793424976,1.2490635796579084
big plastics,ATOMKI 2016 anomaly,1.0,MM 3° + TOF,> 13,13,99,16.7,0.9934252834168307,159647559.20533565,108.21446882115707,1556.3117020745422,130-160,5.967927562975989e-06,1.0587443340347362,1.498536846494923,43.632977128625505,13.583664823204472,0.9935435587993103,0.0377635748229547,6.460869421728973e-06,1.0713155501144592e-05,7.100054895287023e-06,1.2408690155954951,3.4117628059365224,3.4343426354138633,1.5084545073594153,1.0657513470899838,1.249081371603102
