hw,scenario,I_uA,level,esum,e_lo,e_hi,mass,live,N_g0,S_ATOMKI,B_ipc,win_opt,R3_count_opt,days_count_opt,days_fisher_1norm,B_g1,B_epc,B_cos,B_acc,R3_count,R3_fisher,R3_fisher_1norm,days_count,days_fisher,days_fisher_live,days_fisher_1norm_live,days_count_opt_live,days_count_live
as built,"ATOMKI 2016, 18.15 res",1.0,trigger,9–15,9,15,16.6,0.9989557913144643,191016489.75285098,19.632952282408308,325.0578074857063,128-176,3.484395670361007e-05,36.091002341351164,56.47537999572905,381.1410552498679,25.921320142621404,1536.482748969443,0.015706542567371286,4.2212821872612245e-05,6.820693651898491e-05,4.358705981201675e-05,52.97034276007404,138.29328743474545,138.43784543535588,56.53441372156878,36.12872827321141,53.02571266980056
as built,"ATOMKI 2016, 18.15 res",1.0,trigger,9–15,9,15,16.7,0.9989557913144643,191016489.75285098,20.299931152412764,325.0578074857063,130-176,3.276412163766528e-05,31.911048355758798,49.951212737162976,381.1410552498679,25.921320142621404,1536.482748969443,0.015706542567371286,4.082586838883416e-05,6.632105990380485e-05,4.099217969903726e-05,49.54671610292532,130.75157511189272,130.88824975912576,50.00342674968154,31.944404980894117,49.5985072950324
as built,"ATOMKI 2016, 18.15 res",1.0,trigger,9–15,9,15,16.8,0.9989557913144643,191016489.75285098,21.43357510638073,325.0578074857063,132-176,2.979411275870668e-05,26.38790591791106,41.69065753883472,381.1410552498679,25.921320142621404,1536.482748969443,0.015706542567371286,3.866654598765827e-05,6.332172225813713e-05,3.7449615747112816e-05,44.44416702186954,119.192642976714,119.3172350699081,41.73423679137648,26.415489201167592,44.490624518416574
as built,"ATOMKI 2016, 18.15 res",1.0,trigger,9–15,9,15,17.0,0.9989557913144643,191016489.75285098,23.77900740337659,325.0578074857063,136-176,2.4663536890635676e-05,18.082343993928262,29.355360015478393,381.1410552498679,25.921320142621404,1536.482748969443,0.015706542567371286,3.4852687644696e-05,6.057349622466702e-05,3.142474042726039e-05,36.109091440509665,109.07100014505794,109.18501208300533,29.38604517908794,18.101245471668793,36.14683628090883
as built,"ATOMKI 2016, 18.15 res",1.0,MM 15°,8–15,8,15,16.6,0.9989557913144643,191016489.75285098,15.023533953070602,249.29411967542165,128-168,3.064728057226988e-05,27.920802808425407,32.636464719513064,303.7465857924965,9.740727459056263,244.3122266017496,0.0045805227496465584,3.290336730635642e-05,5.0306346854259814e-05,3.313443334605889e-05,32.18286504450072,75.2297423846937,75.30838004923473,32.67057962251638,27.949988429103698,32.21650579967435
as built,"ATOMKI 2016, 18.15 res",1.0,MM 15°,8–15,8,15,16.7,0.9989557913144643,191016489.75285098,15.372432140845213,249.29411967542165,128-168,2.9210422340511664e-05,25.364113356452517,29.058936916990422,303.7465857924965,9.740727459056263,244.3122266017496,0.0045805227496465584,3.215658077838942e-05,4.9268328223639575e-05,3.126567827326888e-05,30.738575724051245,72.15719875006778,72.232624684142,29.0893122294767,25.390626469142788,30.77070676331357
as built,"ATOMKI 2016, 18.15 res",1.0,MM 15°,8–15,8,15,16.8,0.9989557913144643,191016489.75285098,16.270542302435366,249.29411967542165,132-166,2.6808152665903687e-05,21.36376484418546,24.22139117474953,303.7465857924965,9.740727459056263,244.3122266017496,0.0045805227496465584,3.0381584504617805e-05,4.717829935644685e-05,2.8544834893874836e-05,27.438783502117495,66.16503954121622,66.23420187008848,24.246709799718058,21.38609639178747,27.467465267919906
as built,"ATOMKI 2016, 18.15 res",1.0,MM 15°,8–15,8,15,17.0,0.9989557913144643,191016489.75285098,17.815820080465485,249.29411967542165,134-168,2.27302630776985e-05,15.35864624201497,17.937720799376663,303.7465857924965,9.740727459056263,244.3122266017496,0.0045805227496465584,2.7746399192670976e-05,4.815060053551561e-05,2.456470898852724e-05,22.885334963110953,68.9203428041259,68.9923852520419,17.956471102463425,15.374700637958638,22.909257008258145
as built,"ATOMKI 2016, 18.15 res",1.0,MM 3°,13–16,13,16,16.6,0.9989557913144643,191016489.75285098,8.732360321147413,139.75689223726823,128-164,2.1347004066205252e-05,13.546212324690355,19.311870290652028,0.39576192376907815,0.0018406942622531141,0.8653968400221764,0.0021728618175970897,2.3662527675209894e-05,4.071864640198303e-05,2.5488258406127602e-05,16.644328655769147,49.286806326091714,49.33832583445784,19.33205699247284,13.560372183103048,16.661726975793293
as built,"ATOMKI 2016, 18.15 res",1.0,MM 3°,13–16,13,16,16.7,0.9989557913144643,191016489.75285098,8.893051600059376,139.75689223726823,130-164,2.0173155645460585e-05,12.097390270391745,17.957441574237617,0.39576192376907815,0.0018406942622531141,0.8653968400221764,0.0021728618175970897,2.323496219989051e-05,4.112990486008784e-05,2.45782085302683e-05,16.048260060354956,50.287427877523086,50.339993335794134,17.976212491454227,12.110035674825545,16.065035309758844
as built,"ATOMKI 2016, 18.15 res",1.0,MM 3°,13–16,13,16,16.8,0.9989557913144643,191016489.75285098,9.476382955013767,139.75689223726823,132-164,1.848922411893616e-05,10.162051382884975,15.334174865001048,0.39576192376907815,0.0018406942622531141,0.8653968400221764,0.0021728618175970897,2.1804703202684704e-05,3.846147526935688e-05,2.2712147464707853e-05,14.133325854850433,43.97399167346464,44.019957695627326,15.3502036810095,10.172673777198247,14.14809942315191
as built,"ATOMKI 2016, 18.15 res",1.0,MM 3°,13–16,13,16,17.0,0.9989557913144643,191016489.75285098,10.43282625209936,139.75689223726823,136-164,1.5519288179796248e-05,7.159581022816989,11.0562269423616,0.39576192376907815,0.0018406942622531141,0.8653968400221764,0.0021728618175970897,1.9805727880062804e-05,3.262953766595942e-05,1.9285524995214527e-05,11.660727017214537,31.64942711933009,31.682510271735406,11.067784018563417,7.167064934271154,11.672915977463733
as built,"ATOMKI 2016, 18.15 res",1.0,MM 15° + TOF,13–17,13,17,16.6,0.9989557913144643,191016489.75285098,7.9112939234191595,128.8044994626145,128-176,2.1005576144158657e-05,13.116356395601878,19.320550080029776,0.39576192376907815,0.0018406942622531141,0.6125725627319082,0.00568140748712854,2.505954182635493e-05,4.294373673476076e-05,2.549398565725261e-05,18.6676764728547,54.82058634793225,54.87789031764581,19.340745854836133,13.130066925527178,18.68718979875081
as built,"ATOMKI 2016, 18.15 res",1.0,MM 15° + TOF,13–17,13,17,16.7,0.9989557913144643,191016489.75285098,7.72088576416046,128.8044994626145,130-176,2.0857526371508572e-05,12.932116716354802,19.691776275844553,0.39576192376907815,0.0018406942622531141,0.6125725627319082,0.00568140748712854,2.567754620781743e-05,4.501508769658743e-05,2.5737741818570853e-05,19.59977346178951,60.23656719177933,60.29953248733634,19.712360093466557,12.945634660507075,19.620261108851853
as built,"ATOMKI 2016, 18.15 res",1.0,MM 15° + TOF,13–17,13,17,16.8,0.9989557913144643,191016489.75285098,8.526543409116336,128.8044994626145,132-176,1.8372644539053565e-05,10.034306401855373,15.57970408863954,0.39576192376907815,0.0018406942622531141,0.6125725627319082,0.00568140748712854,2.3251321369283498e-05,4.118540377814287e-05,2.2893257643721966e-05,16.07086639172709,50.42323080762975,50.4759382207304,15.59598955639385,10.044795264314798,16.087665271533616
as built,"ATOMKI 2016, 18.15 res",1.0,MM 15° + TOF,13–17,13,17,17.0,0.9989557913144643,191016489.75285098,9.310188550111667,128.8044994626145,136-176,1.5395644098531368e-05,7.045952949127339,11.407937665373355,0.39576192376907815,0.0018406942622531141,0.6125725627319082,0.00568140748712854,2.1294241239843866e-05,3.719594060156507e-05,1.9589870419764387e-05,13.479331450079284,41.127764483803716,41.17075534412412,11.41986238486325,7.053318085133681,13.493421397900565
as built,"ATOMKI 2016, 18.15 res",1.0,MM 3° + TOF,13–17,13,17,16.6,0.9989557913144643,191016489.75285098,8.732360321147413,139.7158704812899,128-164,2.124941044370659e-05,13.422635083386046,19.29487287208746,0.39576192376907815,0.0018406942622531141,0.0,0.0030156784610217598,2.358643063564599e-05,3.967283269062431e-05,2.5477039141490173e-05,16.53744679340486,46.787564021946146,46.8364710718392,19.315041806503295,13.43666576648405,16.554733389797214
as built,"ATOMKI 2016, 18.15 res",1.0,MM 3° + TOF,13–17,13,17,16.7,0.9989557913144643,191016489.75285098,8.576071543027556,139.7158704812899,130-164,2.0763795246799786e-05,12.816147236950812,19.24553023683544,0.39576192376907815,0.0018406942622531141,0.0,0.0030156784610217598,2.4016265485525577e-05,4.145225761406386e-05,2.544444216655465e-05,17.14568988915717,51.078765199248366,51.13215784257777,19.26564759338492,12.82954395818341,17.163612282177386
as built,"ATOMKI 2016, 18.15 res",1.0,MM 3° + TOF,13–17,13,17,16.8,0.9989557913144643,191016489.75285098,9.47858420540982,139.7158704812899,132-164,1.8393279415318043e-05,10.05685872919032,15.320182636366683,0.39576192376907815,0.0018406942622531141,0.0,0.0030156784610217598,2.172953328648575e-05,3.721976977705285e-05,2.270178283499724e-05,14.036046874212012,41.18047747493509,41.2235234361555,15.336196826295785,10.067371165601953,14.050718756775856
as built,"ATOMKI 2016, 18.15 res",1.0,MM 3° + TOF,13–17,13,17,17.0,0.9989557913144643,191016489.75285098,10.43722875289147,139.7158704812899,136-164,1.54370111764177e-05,7.08386783771834,11.042925374999761,0.39576192376907815,0.0018406942622531141,0.0,0.0030156784610217598,1.9733706702859358e-05,3.1574037477353645e-05,1.927392045264772e-05,11.576075512320935,29.634953704558033,29.66593112750588,11.054468547070593,7.091272606165199,11.588175986335383
as built,"ATOMKI 2016, 18.15 res",4.0,trigger,9–15,9,15,16.6,0.9989315785752233,764065959.0114039,78.53180912963323,1300.2312299428252,128-176,1.2420050902094722e-05,4.585542937295598,7.858160633784766,1524.5642209994717,103.68528057048562,1536.482748969443,0.10833320330412415,1.4805322434928495e-05,2.3747086129316517e-05,1.6258798347987452e-05,6.515980154643193,16.76349880003498,16.781428437716194,7.8665654408411685,4.5904474697215605,6.522949413549364
as built,"ATOMKI 2016, 18.15 res",4.0,trigger,9–15,9,15,16.7,0.9989315785752233,764065959.0114039,81.19972460965106,1300.2312299428252,130-176,1.1697893303699302e-05,4.067797495384452,6.985755367268741,1524.5642209994717,103.68528057048562,1536.482748969443,0.10833320330412415,1.4318875601510218e-05,2.3168713362109058e-05,1.5329736154119564e-05,6.094833486668388,15.956875114612686,15.973942016501256,6.993227080910314,4.072148265836539,6.101352302188157
as built,"ATOMKI 2016, 18.15 res",4.0,trigger,9–15,9,15,16.8,0.9989315785752233,764065959.0114039,85.73430042552292,1300.2312299428252,132-176,1.0660218219292938e-05,3.3781287896238132,5.876937617576156,1524.5642209994717,103.68528057048562,1536.482748969443,0.10833320330412415,1.3561535462373136e-05,2.2231918366500462e-05,1.4060589655318938e-05,5.467159455921644,14.692574145503581,14.708288796375431,5.883223379481541,3.3817419151390133,5.473006933787654
as built,"ATOMKI 2016, 18.15 res",4.0,trigger,9–15,9,15,17.0,0.9989315785752233,764065959.0114039,95.11602961350636,1300.2312299428252,136-176,8.871111437807745e-06,2.3393762824614557,4.22525271103392,1524.5642209994717,103.68528057048562,1536.482748969443,0.10833320330412415,1.2223899171222144e-05,2.1555021488508712e-05,1.1922143313984322e-05,4.441846342098851,13.81150271611392,13.826275004553638,4.229771889943053,2.341878395513444,4.446597181795233
as built,"ATOMKI 2016, 18.15 res",4.0,MM 15°,8–15,8,15,16.6,0.9989315785752233,764065959.0114039,60.09413581228241,997.1764787016866,128-174,1.3137358105634608e-05,5.130504696661216,6.562819467854369,1214.986343169986,38.96290983622505,244.3122266017496,0.049995867754677424,1.4464215812722984e-05,2.2659373695501004e-05,1.4858440257934915e-05,6.2191896277356,15.262996916538729,15.27932167116826,6.5698388244117,5.135992100659044,6.225841450128179
as built,"ATOMKI 2016, 18.15 res",4.0,MM 15°,8–15,8,15,16.7,0.9989315785752233,764065959.0114039,61.48972856338085,997.1764787016866,130-174,1.2491291453563415e-05,4.6382985189615455,5.820786898775922,1214.986343169986,38.96290983622505,244.3122266017496,0.049995867754677424,1.413593082577996e-05,2.2109916377083364e-05,1.3993258065040538e-05,5.940087405209158,14.531759875196762,14.54730252488706,5.827012603884356,4.643259476867428,5.946440709864742
as built,"ATOMKI 2016, 18.15 res",4.0,MM 15°,8–15,8,15,16.8,0.9989315785752233,764065959.0114039,65.08216920974147,997.1764787016866,132-176,1.148178145930646e-05,3.918885418527752,4.838139027238272,1214.986343169986,38.96290983622505,244.3122266017496,0.049995867754677424,1.335564809873968e-05,2.110711622014525e-05,1.275754666369265e-05,5.302417839993127,13.243470723267496,13.257635465040224,4.843313727391532,3.923076917957945,5.308089116129423
as built,"ATOMKI 2016, 18.15 res",4.0,MM 15°,8–15,8,15,17.0,0.9989315785752233,764065959.0114039,71.26328032186194,997.1764787016866,134-174,9.68541054454874e-06,2.7885605652929817,3.5773102348905104,1214.986343169986,38.96290983622505,244.3122266017496,0.049995867754677424,1.2197229001276872e-05,2.155819261200681e-05,1.096999162724005e-05,4.422484997312414,13.815566845909187,13.830343481196518,3.5811363977429065,2.791543109759637,4.427215128808128
as built,"ATOMKI 2016, 18.15 res",4.0,MM 3°,13–16,13,16,16.6,0.9989315785752233,764065959.0114039,34.92944128458965,559.0275689490729,128-164,1.063910426982987e-05,3.364760394301789,4.810710456295393,1.5830476950763126,0.0073627770490124565,0.8653968400221764,0.030944410646750208,1.180423991661611e-05,2.029233086620025e-05,1.2721332467543524e-05,4.142095125119891,12.24074589724564,12.253838160472034,4.815855819831937,3.3683592214603415,4.146525361654662
as built,"ATOMKI 2016, 18.15 res",4.0,MM 3°,13–16,13,16,16.7,0.9989315785752233,764065959.0114039,35.572206400237505,559.0275689490729,130-164,1.0053045032019614e-05,3.0042721288886516,4.472683529590501,1.5830476950763126,0.0073627770490124565,0.8653968400221764,0.030944410646750208,1.1590945482479236e-05,2.0487848274798205e-05,1.2266257535834818e-05,3.993757942265333,12.477762393910574,12.491108161489512,4.4774673516377295,3.0074853907147943,3.998029522664237
as built,"ATOMKI 2016, 18.15 res",4.0,MM 3°,13–16,13,16,16.8,0.9989315785752233,764065959.0114039,37.90553182005507,559.0275689490729,132-164,9.212981651716297e-06,2.523157874995872,3.818849739643982,1.5830476950763126,0.0073627770490124565,0.8653968400221764,0.030944410646750208,1.087744941909782e-05,1.9152694415450186e-05,1.1334288916452747e-05,3.5172088544896405,10.904450159679449,10.916113168864351,3.822934244496315,2.52585655425435,3.5209707350589894
as built,"ATOMKI 2016, 18.15 res",4.0,MM 3°,13–16,13,16,17.0,0.9989315785752233,764065959.0114039,41.73130500839744,559.0275689490729,136-164,7.73169458482045e-06,1.777024410016108,2.752596387192635,1.5830476950763126,0.0073627770490124565,0.8653968400221764,0.030944410646750208,9.880244698642497e-06,1.6247391929713526e-05,9.622751293947082e-06,2.9018797653107358,7.847138659860886,7.855531678208896,2.7555404656629885,1.7789250516543673,2.9049835119335086
as built,"ATOMKI 2016, 18.15 res",4.0,MM 15° + TOF,13–17,13,17,16.6,0.9989315785752233,764065959.0114039,31.645175693676638,515.217997850458,128-176,1.0482029748491055e-05,3.266139941981315,4.810013448534296,1.5830476950763126,0.0073627770490124565,0.6125725627319082,0.05388185943635401,1.2507956611945242e-05,2.1441769518195503e-05,1.2720410858486205e-05,4.650683073909176,13.66675029938816,13.681367765829423,4.815158066576312,3.2696332882376313,4.655657277891292
as built,"ATOMKI 2016, 18.15 res",4.0,MM 15° + TOF,13–17,13,17,16.7,0.9989315785752233,764065959.0114039,30.88354305664184,515.217997850458,130-176,1.0407593971607661e-05,3.2199171307325836,4.901031844311399,1.5830476950763126,0.0073627770490124565,0.6125725627319082,0.05388185943635401,1.2816420830600487e-05,2.247554246565509e-05,1.2840199034385547e-05,4.882896638140608,15.016349855097063,15.032410804867029,4.9062738123683545,3.223361038726149,4.888119209430826
as built,"ATOMKI 2016, 18.15 res",4.0,MM 15° + TOF,13–17,13,17,16.8,0.9989315785752233,764065959.0114039,34.10617363646534,515.217997850458,132-176,9.167041107410286e-06,2.498057154130499,3.8765801347562165,1.5830476950763126,0.0073627770490124565,0.6125725627319082,0.05388185943635401,1.160542043715792e-05,2.0560543967874583e-05,1.1419639036904763e-05,4.003739105921602,12.566467546221874,12.579908189653423,3.880726385970684,2.500728986557297,4.008021361815528
as built,"ATOMKI 2016, 18.15 res",4.0,MM 15° + TOF,13–17,13,17,17.0,0.9989315785752233,764065959.0114039,37.240754200446666,515.217997850458,136-176,7.68034773299916e-06,1.7535000386380892,2.8364906188038757,1.5830476950763126,0.0073627770490124565,0.6125725627319082,0.05388185943635401,1.0628584008353518e-05,1.8560878363020266e-05,9.768292809726907e-06,3.3581093347986957,10.240969251094942,10.251922624872508,2.8395244275384344,1.7553755194515999,3.3617010482223106
as built,"ATOMKI 2016, 18.15 res",4.0,MM 3° + TOF,13–17,13,17,16.6,0.9989315785752233,764065959.0114039,34.92944128458965,558.8634819251596,128-164,1.0624987588279134e-05,3.355837135882451,4.823942442565496,1.5830476950763126,0.0073627770490124565,0.0,0.042745640645391075,1.1793538125485777e-05,1.983697396590065e-05,1.2738815634426275e-05,4.134588035591158,11.697548636261004,11.71005991515978,4.829101958560453,3.3594264190435177,4.139010242811949
as built,"ATOMKI 2016, 18.15 res",4.0,MM 3° + TOF,13–17,13,17,16.7,0.9989315785752233,764065959.0114039,34.304286172110224,558.8634819251596,130-164,1.0382171208059728e-05,3.2042056775702843,4.811600501441924,1.5830476950763126,0.0073627770490124565,0.0,0.042745640645391075,1.2008461433214086e-05,2.0726720833514e-05,1.2722509220609996e-05,4.2866571341554724,12.77042082373434,12.784079608283882,4.816746816938866,3.2076327811564878,4.291241989035459
as built,"ATOMKI 2016, 18.15 res",4.0,MM 3° + TOF,13–17,13,17,16.8,0.9989315785752233,764065959.0114039,37.91433682163928,558.8634819251596,132-164,9.196879495504563e-06,2.5143457923552988,3.830215461238741,1.5830476950763126,0.0073627770490124565,0.0,0.042745640645391075,1.086506403711149e-05,1.861041207347922e-05,1.1351143031257745e-05,3.5092038207649647,10.295702661851994,10.30671457652461,3.8343121224596577,2.517035046525921,3.5129571394370616
as built,"ATOMKI 2016, 18.15 res",4.0,MM 3° + TOF,13–17,13,17,17.0,0.9989315785752233,764065959.0114039,41.74891501156588,558.8634819251596,136-164,7.718701930354278e-06,1.7710570597400372,2.760849505019549,1.5830476950763126,0.0073627770490124565,0.0,0.042745640645391075,9.8671234300964e-06,1.5787463059621266e-05,9.637166458501049e-06,2.8941773122698375,7.409155465484722,7.417080032700944,2.7638024107290216,1.7729513189142514,2.897272820624816
as built,ATOMKI 2016 anomaly,1.0,trigger,9–15,9,15,16.6,0.9989567650626051,159647559.20533565,16.417718708170035,271.91993842660963,128-176,4.105836830681617e-05,50.11265184358402,68.66452204079876,373.23564117568196,22.313356476091325,1536.482748969443,0.014046055297359248,4.975524356801684e-05,7.863194139830192e-05,4.80611539754558e-05,73.59049531845068,183.7985198592743,183.99046514065657,68.7362300774804,50.16498570930989,73.6673476692845
as built,ATOMKI 2016 anomaly,1.0,trigger,9–15,9,15,16.7,0.9989567650626051,159647559.20533565,16.97546831783205,271.91993842660963,130-176,3.860481520191877e-05,44.302370891031465,59.90564778918369,373.23564117568196,22.313356476091325,1536.482748969443,0.014046055297359248,4.812047466744115e-05,7.655970562701154e-05,4.48912685455439e-05,68.8341284845376,174.2386600979388,174.4206217843864,59.96820871965302,44.34863693851156,68.90601364536906
as built,ATOMKI 2016 anomaly,1.0,trigger,9–15,9,15,16.8,0.9989567650626051,159647559.20533565,17.92345857847871,271.91993842660963,132-176,3.510193221359952e-05,36.62739729869607,49.19588815701154,373.23564117568196,22.313356476091325,1536.482748969443,0.014046055297359248,4.557533299611197e-05,7.318171030417685e-05,4.068107271940931e-05,61.74527282123937,159.2022212557807,159.36848002205923,49.247264624038465,36.665648183883725,61.80975491704064
as built,ATOMKI 2016 anomaly,1.0,trigger,9–15,9,15,17.0,0.9989567650626051,159647559.20533565,19.884786001234083,271.91993842660963,136-176,2.9050231765580453e-05,25.086681499225314,33.45498015881965,373.23564117568196,22.313356476091325,1536.482748969443,0.014046055297359248,4.1080029380526935e-05,7.017378952735659e-05,3.3547362527368574e-05,50.165541435938046,146.38408848483175,146.53696096212713,33.48991801133957,25.112880133158836,50.217930535556405
as built,ATOMKI 2016 anomaly,1.0,MM 15°,8–15,8,15,16.6,0.9989567650626051,159647559.20533565,12.563171900802836,208.54449193326835,128-168,3.5625409413361515e-05,37.72799631003648,45.457400093775036,296.75734491801086,8.863607033068734,244.3122266017496,0.004015650893783996,3.8143671679788114e-05,5.784275933464216e-05,3.910481989671596e-05,43.250288026619195,99.45852578612758,99.56239275269783,45.50487236644941,37.767396577640724,43.295455358279376
as built,ATOMKI 2016 anomaly,1.0,MM 15°,8–15,8,15,16.7,0.9989567650626051,159647559.20533565,12.854932010147486,208.54449193326835,128-168,3.395515802989419e-05,34.27326863362331,39.61059369881916,296.75734491801086,8.863607033068734,244.3122266017496,0.004015650893783996,3.727794933980867e-05,5.6607855163033914e-05,3.650342959268727e-05,41.30931947031337,95.25711254931704,95.35659187747453,39.65196000883656,34.30906104477443,41.35245980112512
as built,ATOMKI 2016 anomaly,1.0,MM 15°,8–15,8,15,16.8,0.9989567650626051,159647559.20533565,13.605961187514163,208.54449193326835,132-166,3.1163513707666215e-05,28.869339673243164,32.34086447012313,296.75734491801086,8.863607033068734,244.3122266017496,0.004015650893783996,3.522026100447187e-05,5.411102296659282e-05,3.298403675681529e-05,36.874755803303266,87.03932242839282,87.13021971770523,32.37463882443031,28.899488629454257,36.91326501101607
as built,ATOMKI 2016 anomaly,1.0,MM 15°,8–15,8,15,17.0,0.9989567650626051,159647559.20533565,14.898173154453882,208.54449193326835,134-168,2.6437656980993822e-05,20.77733967433684,22.880852128759383,296.75734491801086,8.863607033068734,244.3122266017496,0.004015650893783996,3.216538694193536e-05,5.4442248456176644e-05,2.7743681543938353e-05,30.755413707622644,88.10815746028739,88.20017096011718,22.904747161230173,20.799037957398202,30.78753233699277
as built,ATOMKI 2016 anomaly,1.0,MM 3°,13–16,13,16,16.6,0.9989567650626051,159647559.20533565,7.302286143660782,116.91350388530012,128-164,2.3371370677469148e-05,16.23724635385448,23.13567059708173,0.39912123170394126,0.001411965957665818,0.8653968400221764,0.0018755728694747741,2.5903878846810077e-05,4.4576475420939536e-05,2.7897741107226397e-05,19.94681745868652,59.068435224542995,59.13012183349211,23.159831742699904,16.25420330662347,19.96764840712245
as built,ATOMKI 2016 anomaly,1.0,MM 3°,13–16,13,16,16.7,0.9989567650626051,159647559.20533565,7.436661462160212,116.91350388530012,130-164,2.208588665483681e-05,14.500189932529686,21.51303137827891,0.39912123170394126,0.001411965957665818,0.8653968400221764,0.0018755728694747741,2.5435813709231576e-05,4.5028526629477416e-05,2.6901642618347728e-05,19.23247975775068,60.27253895426743,60.33548303813741,21.53549796214722,14.51533283487094,19.252564705886318
as built,ATOMKI 2016 anomaly,1.0,MM 3°,13–16,13,16,16.8,0.9989567650626051,159647559.20533565,7.92446227589102,116.91350388530012,132-164,2.0242212078030573e-05,12.18035522627725,18.370549748575694,0.39912123170394126,0.001411965957665818,0.8653968400221764,0.0018755728694747741,2.387007837056807e-05,4.2108517886161544e-05,2.4859309997304557e-05,16.93759338338471,52.70889650919103,52.763941696603595,18.38973456216036,12.193075468600385,16.955281725654284
as built,ATOMKI 2016 anomaly,1.0,MM 3°,13–16,13,16,17.0,0.9989567650626051,159647559.20533565,8.724271534630773,116.91350388530012,136-164,1.6991062320524847e-05,8.581932187275838,13.246521735063496,0.39912123170394126,0.001411965957665818,0.8653968400221764,0.0018755728694747741,2.1681757017680256e-05,3.572262107981088e-05,2.110954739371586e-05,13.974393203737426,37.93417529166909,37.97379087701732,13.260355401100197,8.590894508570653,13.988987003718469
as built,ATOMKI 2016 anomaly,1.0,MM 15° + TOF,13–17,13,17,16.6,0.9989567650626051,159647559.20533565,6.615683488862327,107.75284455586534,128-176,2.2990157275572447e-05,15.71187073589645,23.150989634045583,0.39912123170394126,0.001411965957665818,0.6125725627319082,0.005125122309580811,2.743034312716978e-05,4.698965505321776e-05,2.790697567435951e-05,22.36693591183919,65.63697033354318,65.70551662406498,23.175166777708043,15.728279026081553,22.390294249058357
as built,ATOMKI 2016 anomaly,1.0,MM 15° + TOF,13–17,13,17,16.7,0.9989567650626051,159647559.20533565,6.456457940229442,107.75284455586534,130-176,2.2827599195615973e-05,15.49046626146513,23.59668128710313,0.39912123170394126,0.001411965957665818,0.6125725627319082,0.005125122309580811,2.81068148821235e-05,4.925265816293428e-05,2.8174320905713937e-05,23.48374086854813,72.11130606762353,72.1866136650111,23.621323877439597,15.506643333552413,23.50826551244827
as built,ATOMKI 2016 anomaly,1.0,MM 15° + TOF,13–17,13,17,16.8,0.9989567650626051,159647559.20533565,7.130175290514253,107.75284455586534,132-176,2.010784966792937e-05,12.019191981808776,18.67006279854902,0.39912123170394126,0.001411965957665818,0.6125725627319082,0.005125122309580811,2.5451052846017348e-05,4.506144929702234e-05,2.506114348035997e-05,19.255531836229714,60.36070787003908,60.42374403086028,18.689560400923813,12.031743917421219,19.27564085821368
as built,ATOMKI 2016 anomaly,1.0,MM 15° + TOF,13–17,13,17,17.0,0.9989567650626051,159647559.20533565,7.785485062922431,107.75284455586534,136-176,1.685006277183696e-05,8.440089637777819,13.673448344265699,0.39912123170394126,0.001411965957665818,0.6125725627319082,0.005125122309580811,2.3308819765704735e-05,4.0698873678105294e-05,2.1447023157098007e-05,16.150448242274308,49.23895120886956,49.29037264769285,13.687727860182996,8.448903829435375,16.16731454965636
as built,ATOMKI 2016 anomaly,1.0,MM 3° + TOF,13–17,13,17,16.6,0.9989567650626051,159647559.20533565,7.302286143660782,116.8792284723493,128-164,2.324497380461709e-05,16.062092960087234,23.093713692591074,0.39912123170394126,0.001411965957665818,0.0,0.002570424522274268,2.580516841742407e-05,4.339450917742872e-05,2.787243313058198e-05,19.795086713781824,55.977509713137486,56.035968393115944,23.117831021589588,16.078866995891072,19.81575920609663
as built,ATOMKI 2016 anomaly,1.0,MM 3° + TOF,13–17,13,17,16.7,0.9989567650626051,159647559.20533565,7.17159234073668,116.8792284723493,130-164,2.2712819440383674e-05,15.335082251232773,23.033841559708247,0.39912123170394126,0.001411965957665818,0.0,0.002570424522274268,2.6275437143716958e-05,4.533756460874881e-05,2.7836279026992554e-05,20.52314497899586,61.1026981168987,61.166509156248985,23.057896362776727,15.351097052004764,20.54457780033119
as built,ATOMKI 2016 anomaly,1.0,MM 3° + TOF,13–17,13,17,16.8,0.9989567650626051,159647559.20533565,7.926303033678682,116.8792284723493,132-164,2.0119201817495236e-05,12.032766996822343,18.335434832111332,0.39912123170394126,0.001411965957665818,0.0,0.002570424522274268,2.3773595706437826e-05,4.07065019238113e-05,2.483553961065121e-05,16.80094687316168,49.25741078695757,49.30885150356891,18.354582974331468,12.045333109154372,16.818492512144665
as built,ATOMKI 2016 anomaly,1.0,MM 3° + TOF,13–17,13,17,17.0,0.9989567650626051,159647559.20533565,8.727953050206102,116.8792284723493,136-164,1.6885111076906718e-05,8.475237101054635,13.216298507684568,0.39912123170394126,0.001411965957665818,0.0,0.002570424522274268,2.1590024910243862e-05,3.4530359924591145e-05,2.1085451899319325e-05,13.856396421669155,35.44428527115963,35.48130060357349,13.230100610867074,8.48408799806615,13.870866994730015
as built,ATOMKI 2016 anomaly,4.0,trigger,9–15,9,15,16.6,0.9989354770703094,638590236.8213426,65.67087483268014,1087.6797537064385,128-176,1.4421838757212012e-05,6.182801222919812,9.219731667920191,1492.9425647027279,89.2534259043653,1536.482748969443,0.08949780499453022,1.7184393477179973e-05,2.7035971752469102e-05,1.76111264065884e-05,8.778340641454982,21.728411670639336,21.751566712161125,9.22955674270368,6.189389970464168,8.787695344648496
as built,ATOMKI 2016 anomaly,4.0,trigger,9–15,9,15,16.7,0.9989354770703094,638590236.8213426,67.9018732713282,1087.6797537064385,130-176,1.358266252927682e-05,5.4842069376997795,8.082409707002713,1492.9425647027279,89.2534259043653,1536.482748969443,0.08949780499453022,1.6619779377897226e-05,2.641529163954454e-05,1.6489155907552433e-05,8.210971063316821,20.742200725392138,20.764304803975055,8.09102278628336,5.4900512231119585,8.219721144951285
as built,ATOMKI 2016 anomaly,4.0,trigger,9–15,9,15,16.8,0.9989354770703094,638590236.8213426,71.69383431391483,1087.6797537064385,132-176,1.237696734777163e-05,4.55378480165889,6.684783763150298,1492.9425647027279,89.2534259043653,1536.482748969443,0.08949780499453022,1.5740742058433626e-05,2.5382451171260245e-05,1.4995870291262726e-05,7.36536743609219,19.151867641540143,19.172276969989074,6.691907452076401,4.5586375758865705,7.373216394009184
as built,ATOMKI 2016 anomaly,4.0,trigger,9–15,9,15,17.0,0.9989354770703094,638590236.8213426,79.53914400493633,1087.6797537064385,136-176,1.0298004703444877e-05,3.152464354107396,4.631564624098869,1492.9425647027279,89.2534259043653,1536.482748969443,0.08949780499453022,1.4188160650124341e-05,2.4700789894101134e-05,1.2482220714067106e-05,5.98406369303617,18.137010148410482,18.15633798651634,4.636500284965732,3.1558238009055235,5.990440654471806
as built,ATOMKI 2016 anomaly,4.0,MM 15°,8–15,8,15,16.6,0.9989354770703094,638590236.8213426,50.25268760321134,834.1779677330734,128-172,1.5121548877736538e-05,6.797302035130058,8.968065473980396,1187.0293796720434,35.454428132274934,244.3122266017496,0.040758146411310626,1.6609236037562268e-05,2.594326402129209e-05,1.7369102525597013e-05,8.200556532445217,20.007519265114997,20.028840425002528,8.977622358835479,6.804545629979297,8.209295515758349
as built,ATOMKI 2016 anomaly,4.0,MM 15°,8–15,8,15,16.7,0.9989354770703094,638590236.8213426,51.419728040589945,834.1779677330734,130-174,1.4381957330521736e-05,6.148653289445536,7.780317596728341,1187.0293796720434,35.454428132274934,244.3122266017496,0.040758146411310626,1.623226690862211e-05,2.5306972626755707e-05,1.6178067992005147e-05,7.832535344612021,19.03813506335798,19.058423191849453,7.788608749332394,6.155205646993722,7.840882143442717
as built,ATOMKI 2016 anomaly,4.0,MM 15°,8–15,8,15,16.8,0.9989354770703094,638590236.8213426,54.42384475005665,834.1779677330734,132-176,1.322383002914993e-05,5.198266368604262,6.329554962771281,1187.0293796720434,35.454428132274934,244.3122266017496,0.040758146411310626,1.533626949284482e-05,2.4127941797166222e-05,1.4591991945845706e-05,6.991711116443599,17.305516509139146,17.323958259939854,6.336300099516618,5.203805939348358,6.999161884758541
as built,ATOMKI 2016 anomaly,4.0,MM 15°,8–15,8,15,17.0,0.9989354770703094,638590236.8213426,59.59269261781553,834.1779677330734,134-174,1.1155036827641755e-05,3.6990144656969024,4.461284282683383,1187.0293796720434,35.454428132274934,244.3122266017496,0.040758146411310626,1.4006058683679802e-05,2.4343379480422035e-05,1.225061644446797e-05,5.831441137059524,17.615937114382653,17.634709667181806,4.466038483053475,3.702956347636605,5.8376554551471616
as built,ATOMKI 2016 anomaly,4.0,MM 3°,13–16,13,16,16.6,0.9989354770703094,638590236.8213426,29.20914457464313,467.65401554120047,128-164,1.1640685047916243e-05,4.028107859238429,5.759204342439168,1.596484926815765,0.005647863830663272,0.8653968400221764,0.025132591828214562,1.2916566842671588e-05,2.2201084376007185e-05,1.3919038547243615e-05,4.959503537491172,14.65184742778211,14.667461276631434,5.76534168085594,4.032400441970601,4.964788668870253
as built,ATOMKI 2016 anomaly,4.0,MM 3°,13–16,13,16,16.7,0.9989354770703094,638590236.8213426,29.74664584864085,467.65401554120047,130-164,1.0999074502518915e-05,3.596303207846662,5.354385929114385,1.596484926815765,0.005647863830663272,0.8653968400221764,0.025132591828214562,1.2683173431900542e-05,2.241406839878047e-05,1.3420936727941457e-05,4.781893231381324,14.93431813868042,14.950233004517946,5.360091869815052,3.6001356347798814,4.786989091032908
as built,ATOMKI 2016 anomaly,4.0,MM 3°,13–16,13,16,16.8,0.9989354770703094,638590236.8213426,31.69784910356408,467.65401554120047,132-164,1.0079726263579132e-05,3.020240236286769,4.571604722288133,1.596484926815765,0.005647863830663272,0.8653968400221764,0.025132591828214562,1.1902443824594234e-05,2.095283976187478e-05,1.2401160544794702e-05,4.211301099810387,13.050579491284207,13.064486937193493,4.576476486445144,3.0234587774823733,4.215788903765181
as built,ATOMKI 2016 anomaly,4.0,MM 3°,13–16,13,16,17.0,0.9989354770703094,638590236.8213426,34.89708613852309,467.65401554120047,136-164,8.458968491444473e-06,2.1270555273261107,3.2952299965541703,1.596484926815765,0.005647863830663272,0.8653968400221764,0.025132591828214562,1.0811271371426985e-05,1.77737826430158e-05,1.0528605657164784e-05,3.4745418747513885,9.39082489420837,9.400832295745367,3.2987415826079802,2.129322239674945,3.478244545825491
as built,ATOMKI 2016 anomaly,4.0,MM 15° + TOF,13–17,13,17,16.6,0.9989354770703094,638590236.8213426,26.46273395544931,431.01137822346135,128-176,1.146784867999139e-05,3.909380301640316,5.758892692507003,1.596484926815765,0.005647863830663272,0.6125725627319082,0.04381136693644881,1.368654389436799e-05,2.3455361557644347e-05,1.391866193913537e-05,5.568415094306234,16.35416129012545,16.37158922224801,5.765029698811736,3.913546361478517,5.574349116759125
as built,ATOMKI 2016 anomaly,4.0,MM 15° + TOF,13–17,13,17,16.7,0.9989354770703094,638590236.8213426,25.82583176091777,431.01137822346135,130-176,1.1386031435047683e-05,3.853796428058679,5.867756894798514,1.596484926815765,0.005647863830663272,0.6125725627319082,0.04381136693644881,1.4024073772304646e-05,2.4584367076293082e-05,1.4049602910439215e-05,5.846451996761089,17.966441871044086,17.985587941812113,5.874009913040176,3.8579032545336585,5.852682311281643
as built,ATOMKI 2016 anomaly,4.0,MM 15° + TOF,13–17,13,17,16.8,0.9989354770703094,638590236.8213426,28.520701162057012,431.01137822346135,132-176,1.002863511594795e-05,2.9897004247569656,4.641217583583469,1.596484926815765,0.005647863830663272,0.6125725627319082,0.04381136693644881,1.269896443948846e-05,2.2488574235301e-05,1.2495221467094848e-05,4.7938079023600615,15.033768464228418,15.049789310035964,4.646163531197521,2.9928864209780563,4.798916458968303
as built,ATOMKI 2016 anomaly,4.0,MM 15° + TOF,13–17,13,17,17.0,0.9989354770703094,638590236.8213426,31.141940251689725,431.01137822346135,136-176,8.40211742493704e-06,2.0985605595252856,3.396156684244041,1.596484926815765,0.005647863830663272,0.6125725627319082,0.04381136693644881,1.1630083640231362e-05,2.030086216294004e-05,1.0688625302533976e-05,4.020774241342959,12.251040563575817,12.264095974953081,3.3997758235640325,2.100796906002348,4.025059008951346
as built,ATOMKI 2016 anomaly,4.0,MM 3° + TOF,13–17,13,17,16.6,0.9989354770703094,638590236.8213426,29.20914457464313,467.5169138893972,128-164,1.1622770333070154e-05,4.015719090823297,5.773680359070912,1.596484926815765,0.005647863830663272,0.0,0.034129058084820765,1.2902912144572933e-05,2.1697849962799727e-05,1.3936520630313202e-05,4.949023240504389,13.99514545208585,14.010059481650396,5.779833123961154,4.019998471373396,4.954297203477994
as built,ATOMKI 2016 anomaly,4.0,MM 3° + TOF,13–17,13,17,16.7,0.9989354770703094,638590236.8213426,28.68636936294672,467.5169138893972,130-164,1.1356683052279854e-05,3.8339551114726644,5.758703388332098,1.596484926815765,0.005647863830663272,0.0,0.034129058084820765,1.313805248396325e-05,2.266941226421049e-05,1.3918433172720693e-05,5.131047059196578,15.276523555432133,15.29280309498599,5.764840192903446,3.838040793902862,5.136514997189786
as built,ATOMKI 2016 anomaly,4.0,MM 3° + TOF,13–17,13,17,16.8,0.9989354770703094,638590236.8213426,31.705212134714728,467.5169138893972,132-164,1.0059839138845664e-05,3.0083342300669167,4.584046395041798,1.596484926815765,0.005647863830663272,0.0,0.034129058084820765,1.188709997155616e-05,2.0353808615857886e-05,1.2418024026760703e-05,4.20045022989805,12.31502750210971,12.328151101638095,4.58893141775878,3.011540083539527,4.204926470543606
as built,ATOMKI 2016 anomaly,4.0,MM 3° + TOF,13–17,13,17,17.0,0.9989354770703094,638590236.8213426,34.91181220082441,467.5169138893972,136-164,8.4427480929493e-06,2.118905926307938,3.3042028165437376,1.596484926815765,0.005647863830663272,0.0,0.034129058084820765,1.079528682432159e-05,1.726564451952191e-05,1.0542930463041637e-05,3.4642751967708474,8.861548177006448,8.870991550921495,3.3077239645490875,2.1211639539745772,3.467966927084137
as built,ATOMKI 2022 direct,1.0,trigger,9–15,9,15,16.6,0.9989604971476108,74197813.45761879,7.3693633604377276,184.47760631599223,128-176,8.77703644633768e-05,229.00228531611165,322.54052712204907,292.54041182810755,10.363672979773597,1536.482748969443,0.007028469583995776,0.00010622108702782742,0.0001375950872554375,0.00010416459730823007,335.40188256163157,562.7945314159173,563.3801667061879,322.87615780906003,229.24058155452093,335.75089657631486
as built,ATOMKI 2022 direct,1.0,trigger,9–15,9,15,16.7,0.9989604971476108,74197813.45761879,7.619718456100093,184.47760631599223,130-176,8.252566095149206e-05,202.4519832188056,279.33795311186975,292.54041182810755,10.363672979773597,1536.482748969443,0.007028469583995776,0.00010273106432457089,0.0001322294490651734,9.693775705411849e-05,313.7238875522925,519.7570511319644,520.2979022854823,279.6286278681484,202.66265162324072,314.0503437804461
as built,ATOMKI 2022 direct,1.0,trigger,9–15,9,15,16.8,0.9989604971476108,74197813.45761879,8.045239493281999,184.47760631599223,132-176,7.503110302092674e-05,167.35036921929017,228.06994336767403,292.54041182810755,10.363672979773597,1536.482748969443,0.007028469583995776,9.729751208803459e-05,0.00012403905933705447,8.759151154586016e-05,281.4151563175159,457.36290847863603,457.83883325173576,228.30726942546298,167.5245114267634,281.70799257934294
as built,ATOMKI 2022 direct,1.0,trigger,9–15,9,15,17.0,0.9989604971476108,74197813.45761879,8.925613600305926,184.47760631599223,136-176,6.207547587371926e-05,114.54710775709577,154.00173885460725,292.54041182810755,10.363672979773597,1536.482748969443,0.007028469583995776,8.770061330258669e-05,0.00011181374453798521,7.197651349620228e-05,228.63845343786693,371.65022198590424,372.0369554623015,154.1619906836529,114.66630370687199,228.87637107844745
as built,ATOMKI 2022 direct,1.0,MM 15°,8–15,8,15,16.6,0.9989604971476108,74197813.45761879,5.639186560711682,142.65045357901937,126-166,7.262091072808342e-05,156.77160151534665,185.71645743405634,229.82526224824016,4.138933683584836,244.3122266017496,0.0013458076927873946,7.688710085447313e-05,0.00010424539232776079,7.904113883340533e-05,175.73205344250655,323.0410767410454,323.3772282922529,185.90971110904104,156.93473562066328,175.91491750102668
as built,ATOMKI 2022 direct,1.0,MM 15°,8–15,8,15,16.7,0.9989604971476108,74197813.45761879,5.770147889630775,142.65045357901937,128-166,6.926477235929344e-05,142.61619173557492,163.0042119818969,229.82526224824016,4.138933683584836,244.3122266017496,0.0013458076927873946,7.514204386507896e-05,9.97071601015358e-05,7.40503996685434e-05,167.8456229554533,295.5266877382073,295.83420824150863,163.17383164532748,142.76459594027503,168.02028051630924
as built,ATOMKI 2022 direct,1.0,MM 15°,8–15,8,15,16.8,0.9989604971476108,74197813.45761879,6.107259701611779,142.65045357901937,132-166,6.364623511183413e-05,120.417456715543,134.22181810641428,229.82526224824016,4.138933683584836,244.3122266017496,0.0013458076927873946,7.099431283660679e-05,9.233139323299374e-05,6.719540133892926e-05,149.82736192455383,253.42111106854108,253.6848171595863,134.36148725566778,120.54276125970733,149.98326996148944
as built,ATOMKI 2022 direct,1.0,MM 15°,8–15,8,15,17.0,0.9989604971476108,74197813.45761879,6.687290319284982,142.65045357901937,134-166,5.406085068675925e-05,86.87798980309387,96.36306314622219,229.82526224824016,4.138933683584836,244.3122266017496,0.0013458076927873946,6.483653096086723e-05,8.160109488051094e-05,5.69355200576838e-05,124.96360722471744,197.9411024286013,198.14707688021088,96.4633370602473,86.968393696409,125.09364242283172
as built,ATOMKI 2022 direct,1.0,MM 3°,13–16,13,16,16.6,0.9989604971476108,74197813.45761879,3.2777513679623795,80.29183782181279,128-164,4.367752220958925e-05,56.71004596816773,84.96362877441157,0.3593599960686978,0.004359070607546661,0.8653968400221764,0.0004844464130168125,4.7930190746320855e-05,8.225082406974226e-05,5.346191608959789e-05,68.29082000531216,201.1057687322144,201.3150362866632,85.05204061323055,56.769057565434444,68.36188237703779
as built,ATOMKI 2022 direct,1.0,MM 3°,13–16,13,16,16.7,0.9989604971476108,74197813.45761879,3.338067942164864,80.29183782181279,130-164,4.132516579609907e-05,50.76603234468122,79.81523820054653,0.3593599960686978,0.004359070607546661,0.8653968400221764,0.0004844464130168125,4.7064125418478915e-05,8.400844558952503e-05,5.181683715807426e-05,65.84518137355269,209.79247712152758,210.01078393045577,79.89829270371307,50.81885869324802,65.91369885152037
as built,ATOMKI 2022 direct,1.0,MM 3°,13–16,13,16,16.8,0.9989604971476108,74197813.45761879,3.5570253690642915,80.29183782181279,132-164,3.7909745260740184e-05,42.72142644869835,68.43050310615013,0.3593599960686978,0.004359070607546661,0.8653968400221764,0.0004844464130168125,4.416703059016373e-05,7.952085038398763e-05,4.79791842833003e-05,57.98830532557843,187.97757567754297,188.1731822372217,68.5017108299514,42.76588170471534,58.048647059774396
as built,ATOMKI 2022 direct,1.0,MM 3°,13–16,13,16,17.0,0.9989604971476108,74197813.45761879,3.9160329237352403,80.29183782181279,136-164,3.185482274115143e-05,30.16437966320387,49.55465047870797,0.3593599960686978,0.004359070607546661,0.8653968400221764,0.0004844464130168125,4.01179590021426e-05,6.866298440797572e-05,4.0829137170698775e-05,47.8433601218072,140.14879393014022,140.29463059882258,49.60621628202937,30.195768250430277,47.893145182834644
as built,ATOMKI 2022 direct,1.0,MM 15° + TOF,13–17,13,17,16.6,0.9989604971476108,74197813.45761879,2.969558461420921,74.45568415687089,128-176,4.3185711493222595e-05,55.44012120023359,86.48011245386571,0.3593599960686978,0.004359070607546661,0.6125725627319082,0.0020993352437514374,5.0891019787444616e-05,8.635168701279123e-05,5.393691669856595e-05,76.98858189673243,221.6591513066307,221.8898063932926,86.57010232216122,55.49781133341603,77.06869502504087
as built,ATOMKI 2022 direct,1.0,MM 15° + TOF,13–17,13,17,16.7,0.9989604971476108,74197813.45761879,2.8980874522631828,74.45568415687089,130-176,4.293651717460249e-05,54.802155383024214,89.05514251447345,0.3593599960686978,0.004359070607546661,0.6125725627319082,0.0020993352437514374,5.2146065606864144e-05,9.154740193461922e-05,5.473403871620371e-05,80.83270387263316,249.13575508260175,249.3950018984468,89.14781191924776,54.85918165883831,80.91681713485109
as built,ATOMKI 2022 direct,1.0,MM 15° + TOF,13–17,13,17,16.8,0.9989604971476108,74197813.45761879,3.2004965777167333,74.45568415687089,132-176,3.7864706348059695e-05,42.61997582713413,70.95242696143889,0.3593599960686978,0.004359070607546661,0.6125725627319082,0.0020993352437514374,4.7218878305428144e-05,8.444951120548184e-05,4.885529288606102e-05,66.27890809818169,212.00118736161718,212.22179252028116,71.02625896022258,42.66432551520244,66.34787690547489
as built,ATOMKI 2022 direct,1.0,MM 15° + TOF,13–17,13,17,17.0,0.9989604971476108,74197813.45761879,3.4946431587589832,74.45568415687089,136-176,3.178523568274108e-05,30.032735059672905,52.531528467431734,0.3593599960686978,0.004359070607546661,0.6125725627319082,0.0020993352437514374,4.324443199339779e-05,7.692215524545459e-05,4.2037609561491524e-05,55.59098984636165,175.89232959589228,176.07536043530024,52.58619196397457,30.06398665955971,55.64883697112528
as built,ATOMKI 2022 direct,1.0,MM 3° + TOF,13–17,13,17,16.6,0.9989604971476108,74197813.45761879,3.2777513679623795,80.28898179097628,128-164,4.335157653255166e-05,55.866801065924,84.34973048637298,0.3593599960686978,0.004359070607546661,0.0,0.0006839493309499416,4.7674323609929684e-05,8.101963611298845e-05,5.3268423419147555e-05,67.5636483847889,195.13024482405055,195.33329434068426,84.43750351212245,55.924935195579486,67.63395407296612
as built,ATOMKI 2022 direct,1.0,MM 3° + TOF,13–17,13,17,16.7,0.9989604971476108,74197813.45761879,3.2190873026421563,80.28898179097628,130-164,4.24078944071825e-05,53.46104364003391,84.98091405721648,0.3593599960686978,0.004359070607546661,0.0,0.0006839493309499416,4.854313186873486e-05,8.57327048552445e-05,5.3467354047911914e-05,70.0486222242979,218.49276699751672,218.72012719360941,85.06934388283356,53.516674375697825,70.12151373784224
as built,ATOMKI 2022 direct,1.0,MM 3° + TOF,13–17,13,17,16.8,0.9989604971476108,74197813.45761879,3.557851623505422,80.28898179097628,132-164,3.759731266198114e-05,42.02015218200853,67.86969674947767,0.3593599960686978,0.004359070607546661,0.0,0.0006839493309499416,4.392105010696494e-05,7.798469372342265e-05,4.7782178672099384e-05,57.34419270209645,180.7851502715825,180.9732725045572,67.94032090685258,42.06387770286321,57.40386418265248
as built,ATOMKI 2022 direct,1.0,MM 3° + TOF,13–17,13,17,17.0,0.9989604971476108,74197813.45761879,3.9176854326175006,80.28898179097628,136-164,3.15842508984716e-05,29.654129156290253,49.113466759597024,0.3593599960686978,0.004359070607546661,0.0,0.0006839493309499416,3.9886964412230526e-05,6.72922717628772e-05,4.0646980475711156e-05,47.29399316357147,134.60909152820807,134.7491636681982,49.164573473959706,29.68498678472611,47.343206561833746
as built,ATOMKI 2022 direct,4.0,trigger,9–15,9,15,16.6,0.9989504151590073,296791253.83047515,29.47745344175091,737.9104252639689,128-176,2.9435653227304044e-05,25.756768160466553,38.502595777132406,1170.1616473124302,41.45469191909439,1536.482748969443,0.030098286037696136,3.4851818609399385e-05,4.5945793492276945e-05,3.598926676028194e-05,36.10729073669671,62.75314921625915,62.81908317368331,38.54304997811506,25.78383047807907,36.14522822031097
as built,ATOMKI 2022 direct,4.0,trigger,9–15,9,15,16.7,0.9989504151590073,296791253.83047515,30.47887382440037,737.9104252639689,130-176,2.7731876977194683e-05,22.861385275810353,33.60511536178363,1170.1616473124302,41.45469191909439,1536.482748969443,0.030098286037696136,3.370671981969563e-05,4.4401489998540804e-05,3.3622553156629874e-05,33.77357196799828,58.605597921834686,58.667174098432284,33.64042384069139,22.885405450451117,33.80905744217784
as built,ATOMKI 2022 direct,4.0,trigger,9–15,9,15,16.8,0.9989504151590073,296791253.83047515,32.180957973127995,737.9104252639689,132-176,2.5275822312367414e-05,18.991295884850487,27.715740209434156,1170.1616473124302,41.45469191909439,1536.482748969443,0.030098286037696136,3.192393654896099e-05,4.197726350483794e-05,3.0534529645065195e-05,30.29541393525824,52.380816033133144,52.43585190842076,27.74486079473977,19.011249804453566,30.32724495182875
as built,ATOMKI 2022 direct,4.0,trigger,9–15,9,15,17.0,0.9989504151590073,296791253.83047515,35.702454401223704,737.9104252639689,136-176,2.1036724208337888e-05,13.155284346541892,19.181053814533538,1170.1616473124302,41.45469191909439,1536.482748969443,0.030098286037696136,2.877513262459922e-05,3.8682807552664543e-05,2.5401784392457714e-05,24.613800759907082,44.48155767409278,44.52829389636167,19.201207110445424,13.169106441031818,24.639662175814
as built,ATOMKI 2022 direct,4.0,MM 15°,8–15,8,15,16.6,0.9989504151590073,296791253.83047515,22.556746242846728,570.6018143160775,128-172,2.9789489942354488e-05,26.379717925851335,34.511364636031246,919.3010489929607,16.555734734339342,244.3122266017496,0.011125572410383281,3.227667763326942e-05,4.661713362327605e-05,3.40728969469297e-05,30.96860639244929,64.60039082194929,64.66826565327226,34.54762529983825,26.40743476907446,31.001144724005027
as built,ATOMKI 2022 direct,4.0,MM 15°,8–15,8,15,16.7,0.9989504151590073,296791253.83047515,23.0805915585231,570.6018143160775,128-172,2.8381593015728145e-05,23.945149289846274,30.209716862110103,919.3010489929607,16.555734734339342,244.3122266017496,0.011125572410383281,3.1544114677033536e-05,4.456227153015403e-05,3.1878752724054056e-05,29.578810070090444,59.03079797643211,59.092820905465985,30.241457837826204,23.970308161926955,29.60988815984651
as built,ATOMKI 2022 direct,4.0,MM 15°,8–15,8,15,16.8,0.9989504151590073,296791253.83047515,24.429038806447117,570.6018143160775,132-170,2.609669496807277e-05,20.244871826891636,24.82800905548107,919.3010489929607,16.555734734339342,244.3122266017496,0.011125572410383281,2.9802925637159407e-05,4.123395599417876e-05,2.8900073090329427e-05,26.403518921939757,50.54218569946107,50.595289748606845,24.8540955373937,20.26614286322627,26.431260772574976
as built,ATOMKI 2022 direct,4.0,MM 15°,8–15,8,15,17.0,0.9989504151590073,296791253.83047515,26.74916127713993,570.6018143160775,134-174,2.207488471139369e-05,14.485747176614826,17.817836984532114,919.3010489929607,16.555734734339342,244.3122266017496,0.011125572410383281,2.7217931036889322e-05,3.654088890536826e-05,2.4482484272631734e-05,22.021871876601157,39.69193109377125,39.73363491465521,17.836557965388074,14.500967171938225,22.04500998490084
as built,ATOMKI 2022 direct,4.0,MM 3°,13–16,13,16,16.6,0.9989504151590073,296791253.83047515,13.111005471849518,321.16735128725117,128-164,2.1718721253910235e-05,14.022082428806545,21.117627380045576,1.4374399842747911,0.017436282430186644,0.8653968400221764,0.005855651138884282,2.386964805528191e-05,4.093288829527038e-05,2.6653273439949798e-05,16.93698270758096,49.80681760383719,49.85914901082375,21.13981540984113,14.036815257316439,16.954778185747113
as built,ATOMKI 2022 direct,4.0,MM 3°,13–16,13,16,16.7,0.9989504151590073,296791253.83047515,13.352271768659456,321.16735128725117,130-164,2.0545719197309387e-05,12.548352477249924,19.83347187519606,1.4374399842747911,0.017436282430186644,0.8653968400221764,0.005855651138884282,2.3438340058243397e-05,4.177631594562318e-05,2.583017603272567e-05,16.330433551898246,51.88051646814891,51.935026684873904,19.854310658691784,12.561536875934475,16.347591736371477
as built,ATOMKI 2022 direct,4.0,MM 3°,13–16,13,16,16.8,0.9989504151590073,296791253.83047515,14.228101476257166,321.16735128725117,132-164,1.884475454472608e-05,10.556622290457021,17.000860354942663,1.4374399842747911,0.017436282430186644,0.8653968400221764,0.005855651138884282,2.1995561866504842e-05,3.9523605542193625e-05,2.391461775442525e-05,14.38182942399649,46.43624836667416,46.48503835826796,17.01872294856253,10.567714002878388,14.396940234223008
as built,ATOMKI 2022 direct,4.0,MM 3°,13–16,13,16,17.0,0.9989504151590073,296791253.83047515,15.664131694940961,321.16735128725117,136-164,1.5830241165725417e-05,7.449361931183934,12.305124703319846,1.4374399842747911,0.017436282430186644,0.8653968400221764,0.005855651138884282,1.9979089320667443e-05,3.4116541324844965e-05,2.0345623485646235e-05,11.865755353246367,34.59983329280185,34.63618690953188,12.318053545591836,7.457188883592572,11.87822255557864
as built,ATOMKI 2022 direct,4.0,MM 15° + TOF,13–17,13,17,16.6,0.9989504151590073,296791253.83047515,11.878233845683685,297.82273662748355,128-176,2.1520227791153304e-05,13.766950183802823,21.4496035263366,1.4374399842747911,0.017436282430186644,0.6125725627319082,0.012891147376390414,2.5368093976561408e-05,4.305905869896643e-05,2.6861955673888735e-05,19.13020784790877,55.11541426994757,55.173323353766875,21.472140359361454,13.781414948019695,19.15030772059265
as built,ATOMKI 2022 direct,4.0,MM 15° + TOF,13–17,13,17,16.7,0.9989504151590073,296791253.83047515,11.592349809052731,297.82273662748355,130-176,2.139431511955467e-05,13.606323407693383,22.076285943211353,1.4374399842747911,0.017436282430186644,0.6125725627319082,0.012891147376390414,2.599370769829272e-05,4.564761889185435e-05,2.7251536821427704e-05,20.085399521530384,61.94129341545713,62.006374366036646,22.09948122369755,13.620619403344064,20.10650300228696
as built,ATOMKI 2022 direct,4.0,MM 15° + TOF,13–17,13,17,16.8,0.9989504151590073,296791253.83047515,12.801986310866933,297.82273662748355,132-176,1.8865112028252726e-05,10.579442682476982,17.57986431361745,1.4374399842747911,0.017436282430186644,0.6125725627319082,0.012891147376390414,2.35376093330997e-05,4.209697170810741e-05,2.4318442292015563e-05,16.469056275791374,52.67999485711045,52.73534507588662,17.59833525953256,10.590558372001883,16.486360109445396
as built,ATOMKI 2022 direct,4.0,MM 15° + TOF,13–17,13,17,17.0,0.9989504151590073,296791253.83047515,13.978572635035933,297.82273662748355,136-176,1.583184616323658e-05,7.4508725605347434,12.99865302094221,1.4374399842747911,0.017436282430186644,0.6125725627319082,0.012891147376390414,2.1556432143695873e-05,3.831549837030217e-05,2.0911113973781886e-05,13.813310545950197,43.64082685388311,43.68667973068174,13.01231054483636,7.4587011001429495,13.82782402042595
as built,ATOMKI 2022 direct,4.0,MM 3° + TOF,13–17,13,17,16.6,0.9989504151590073,296791253.83047515,13.111005471849518,321.1559271639051,128-164,2.1675958232136934e-05,13.96691930087232,21.087737229285263,1.4374399842747911,0.017436282430186644,0.0,0.008110356399260556,2.3837360360953916e-05,4.05101612340283e-05,2.6634404074301277e-05,16.89119348923832,48.78338772910135,48.834643830981626,21.10989385386925,13.981594170166238,16.90894085723932
as built,ATOMKI 2022 direct,4.0,MM 3° + TOF,13–17,13,17,16.7,0.9989504151590073,296791253.83047515,12.876349210568625,321.1559271639051,130-164,2.120411045074083e-05,13.365466706516541,21.245525666543312,1.4374399842747911,0.017436282430186644,0.0,0.008110356399260556,2.427176810880497e-05,4.2866715597412624e-05,2.6733863982270076e-05,17.5124472986802,54.624117304086155,54.681510188262344,21.267848077485976,13.379509637011465,17.530847410371884
as built,ATOMKI 2022 direct,4.0,MM 3° + TOF,13–17,13,17,16.8,0.9989504151590073,296791253.83047515,14.231406494021687,321.1559271639051,132-164,1.8798798291026516e-05,10.505196705906702,16.967655063338803,1.4374399842747911,0.017436282430186644,0.0,0.008110356399260556,2.1960707977683274e-05,3.899267103168361e-05,2.389125187868391e-05,14.336287005977457,45.19703906614441,45.244527035859136,16.985482768569636,10.516234386102681,14.351349965348868
as built,ATOMKI 2022 direct,4.0,MM 3° + TOF,13–17,13,17,17.0,0.9989504151590073,296791253.83047515,15.670741730470002,321.1559271639051,136-164,1.5792240495186412e-05,7.413640304928822,12.278527718308846,1.4374399842747911,0.017436282430186644,0.0,0.008110356399260556,1.9943648328989597e-05,3.364641453818862e-05,2.0323623506744795e-05,11.82369526368637,33.6528302995134,33.688188911915844,12.291428615457773,7.421429725066744,11.83611827400296
as built,Hanoi 2024,1.0,trigger,9–15,9,15,16.6,0.9989604107650015,63738010.24757906,6.559207861173272,155.61891367527394,128-176,9.872872067023937e-05,289.75506198520065,408.9990227937207,326.13183761834773,10.040593428736056,1536.482748969443,0.007360350499460047,0.00011947085291842872,0.0001561178074979705,0.00011729760068637706,424.2950266663741,724.5175332334535,725.2715176957009,409.42465625891043,290.0566017058743,424.73657824082335
as built,Hanoi 2024,1.0,trigger,9–15,9,15,16.7,0.9989604107650015,63738010.24757906,6.782040015219187,155.61891367527394,130-176,9.282744457002212e-05,256.1514407075068,352.1366164422013,326.13183761834773,10.040593428736056,1536.482748969443,0.007360350499460047,0.00011554549307953433,0.0001500582467183513,0.0001088387604537816,396.87161031488455,669.3661536321517,670.0627436472209,352.5030748441131,256.4180101104774,397.28462313232336
as built,Hanoi 2024,1.0,trigger,9–15,9,15,16.8,0.9989604107650015,63738010.24757906,7.160781135132206,155.61891367527394,132-176,8.43965498724603e-05,211.73536356642919,285.80519596817425,326.13183761834773,10.040593428736056,1536.482748969443,0.007360350499460047,0.00010943417245347293,0.00014078884616823914,9.805348944514612e-05,355.99994353675544,589.2241143098722,589.8373028202848,286.1026251774135,211.95571044130043,356.37042239154556
as built,Hanoi 2024,1.0,trigger,9–15,9,15,17.0,0.9989604107650015,63738010.24757906,7.944370772544484,155.61891367527394,136-176,6.982369935904631e-05,144.92714007676824,190.9964986042655,326.13183761834773,10.040593428736056,1536.482748969443,0.007360350499460047,9.864017932695822e-05,0.00012700335687651612,8.015686004982663e-05,289.23558197546,479.4843239567096,479.98330943818047,191.1952631416102,145.07796156384555,289.5365810882976
as built,Hanoi 2024,1.0,MM 15°,8–15,8,15,16.6,0.9989604107650015,63738010.24757906,5.019239113410426,120.25459537960434,126-166,8.189520604504032e-05,199.3705342794176,241.74193564020246,256.28719498773944,4.801953858715917,244.3122266017496,0.0015586235648612585,8.671209923740184e-05,0.00011769909749822209,9.017870433165699e-05,223.51332206174268,411.8037322204515,412.23228446570084,241.99350948760528,199.5780134337257,223.7459259177015
as built,Hanoi 2024,1.0,MM 15°,8–15,8,15,16.7,0.9989604107650015,63738010.24757906,5.135803127985598,120.25459537960434,128-166,7.810102915287786e-05,181.3249332562032,210.06701305812732,256.28719498773944,4.801953858715917,244.3122266017496,0.0015586235648612585,8.474405059000038e-05,0.00011278348394875659,8.406339464520455e-05,213.48258354341687,378.12468048809257,378.51818391734423,210.28562372883076,181.51363287494544,213.70474869963306
as built,Hanoi 2024,1.0,MM 15°,8–15,8,15,16.8,0.9989604107650015,63738010.24757906,5.435854345314748,120.25459537960434,132-166,7.175468739026372e-05,153.05395845643494,171.4366513017005,256.28719498773944,4.801953858715917,244.3122266017496,0.0015586235648612585,8.006630282016745e-05,0.00010464308055217715,7.59416154014991e-05,190.56518571018887,325.510532326083,325.8492817316032,171.61506047112988,153.21323728857942,190.7635013926673
as built,Hanoi 2024,1.0,MM 15°,8–15,8,15,17.0,0.9989604107650015,63738010.24757906,5.952118939836963,120.25459537960434,134-166,6.0945717576543846e-05,110.41559128774807,121.17133495050302,256.28719498773944,4.801953858715917,244.3122266017496,0.0015586235648612585,7.312165037317202e-05,9.297774813407127e-05,6.384515414449966e-05,158.94101525851386,256.9816185518072,257.24905189687274,121.29743445759807,110.53049760319537,159.10642058056857
as built,Hanoi 2024,1.0,MM 3°,13–16,13,16,16.6,0.9989604107650015,63738010.24757906,2.9174097528057374,67.67427687266661,128-164,4.5105692430655154e-05,60.47929517386628,90.21536847542352,0.39941750932231884,0.0004989351741928842,0.8653968400221764,0.0005164939703147765,4.952081610880397e-05,8.319833383924276e-05,5.508942725708126e-05,72.89866908686024,205.76583690921777,205.97997147018347,90.30925300266584,60.54223422883333,72.97453262540665
as built,Hanoi 2024,1.0,MM 3°,13–16,13,16,16.7,0.9989604107650015,63738010.24757906,2.9710953872788455,67.67427687266661,130-164,4.267304068843338e-05,54.13164095115014,84.7132803693951,0.39941750932231884,0.0004989351741928842,0.8653968400221764,0.0005164939703147765,4.8626009283075575e-05,8.433561622727838e-05,5.338309424927007e-05,70.28801363845872,211.42973140412542,211.64976021643645,84.80143903252569,54.18797418578005,70.36116034331363
as built,Hanoi 2024,1.0,MM 3°,13–16,13,16,16.8,0.9989604107650015,63738010.24757906,3.1659815946127297,67.67427687266661,132-164,3.91455474954101e-05,45.55213700105254,72.63737739326636,0.39941750932231884,0.0004989351741928842,0.8653968400221764,0.0005164939703147765,4.5632770616405424e-05,7.917752994939131e-05,4.943198737163499e-05,61.90100339267165,186.35794437832217,186.55188170631277,72.71296901309715,45.59954179382226,61.96542197830243
as built,Hanoi 2024,1.0,MM 3°,13–16,13,16,17.0,0.9989604107650015,63738010.24757906,3.485521432675269,67.67427687266661,136-164,3.289665872910823e-05,32.169743030303586,52.62952554725772,0.39941750932231884,0.0004989351741928842,0.8653968400221764,0.0005164939703147765,4.144932535154032e-05,6.740849833401114e-05,4.2076801677524754e-05,51.07153900409759,135.07448417498165,135.21505228774976,52.68429557378971,32.20322115234584,51.12468767905139
as built,Hanoi 2024,1.0,MM 15° + TOF,13–17,13,17,16.6,0.9989604107650015,63738010.24757906,2.6430982232376654,62.73264885153578,128-176,4.4549720429140304e-05,58.99755024716293,91.79021582239264,0.39941750932231884,0.0004989351741928842,0.6125725627319082,0.002255199128333237,5.25614285249679e-05,8.688876141132971e-05,5.55681820853021e-05,82.12555792465247,224.42499582624785,224.658548434751,91.88573924776449,59.05894729299907,82.21102361980583
as built,Hanoi 2024,1.0,MM 15° + TOF,13–17,13,17,16.7,0.9989604107650015,63738010.24757906,2.5794844234852845,62.73264885153578,130-176,4.428717074371543e-05,58.30420607856729,94.48133315147464,0.39941750932231884,0.0004989351741928842,0.6125725627319082,0.002255199128333237,5.385766902886233e-05,9.151270578952821e-05,5.637687511041746e-05,86.22617459044221,248.9469477087024,249.2060196039795,94.57965714489232,58.36488158116103,86.3159076788743
as built,Hanoi 2024,1.0,MM 15° + TOF,13–17,13,17,16.8,0.9989604107650015,63738010.24757906,2.84864801550114,62.73264885153578,132-176,3.9052891539669135e-05,45.33675200978481,75.26407522638678,0.39941750932231884,0.0004989351741928842,0.6125725627319082,0.002255199128333237,4.876875541983597e-05,8.386406651197015e-05,5.0317824780247124e-05,70.70129325801962,209.0719872747964,209.28956245091794,75.34240037475531,45.383932657617564,70.77487005103309
as built,Hanoi 2024,1.0,MM 15° + TOF,13–17,13,17,17.0,0.9989604107650015,63738010.24757906,3.1104574110138308,62.73264885153578,136-176,3.27819989063124e-05,31.94588145937774,55.72675606185497,0.39941750932231884,0.0004989351741928842,0.6125725627319082,0.002255199128333237,4.466385485724899e-05,7.546122095457224e-05,4.329720630619026e-05,59.3002357523604,169.2745501770146,169.4507093102764,55.784749286690506,31.979126615151507,59.36194779425585
as built,Hanoi 2024,1.0,MM 3° + TOF,13–17,13,17,16.6,0.9989604107650015,63738010.24757906,2.9174097528057374,67.67020869124627,128-164,4.470749094066554e-05,59.41616368043076,89.47034909164411,0.39941750932231884,0.0004989351741928842,0.0,0.0007211563725700383,4.920762369308561e-05,8.152198781146527e-05,5.486148506414047e-05,71.97949552676339,197.5575058481775,197.7630982361838,89.56345829874071,59.47799636517127,72.0544025079449
as built,Hanoi 2024,1.0,MM 3° + TOF,13–17,13,17,16.7,0.9989604107650015,63738010.24757906,2.8651949576332623,67.67020869124627,130-164,4.3729057425823585e-05,56.84394956453557,90.10071926200251,0.39941750932231884,0.0004989351741928842,0.0,0.0007211563725700383,5.010437453554175e-05,8.553922457649285e-05,5.5054411230833855e-05,74.6268831033842,217.50769741818306,217.73405139410497,90.19448447712116,56.90310542036857,74.7045451443217
as built,Hanoi 2024,1.0,MM 3° + TOF,13–17,13,17,16.8,0.9989604107650015,63738010.24757906,3.166717014263046,67.67020869124627,132-164,3.8766431993447275e-05,44.674085894844595,71.96649184656093,0.39941750932231884,0.0004989351741928842,0.0,0.0007211563725700383,4.533363752681622e-05,7.716127336319592e-05,4.9203178613970765e-05,61.09211330002257,176.9875774979146,177.17176335584503,72.04138529518818,44.720576925198955,61.15569009710642
as built,Hanoi 2024,1.0,MM 3° + TOF,13–17,13,17,17.0,0.9989604107650015,63738010.24757906,3.4869922719759017,67.67020869124627,136-164,3.2567419081512265e-05,31.52903643373511,52.10088865135725,0.39941750932231884,0.0004989351741928842,0.0,0.0007211563725700383,4.116980769597609e-05,6.566716986322343e-05,4.1864948276949515e-05,50.38504951616088,128.18600469219496,128.31940416340464,52.15510854074639,31.56184779093523,50.437483781340376
as built,Hanoi 2024,4.0,trigger,9–15,9,15,16.6,0.9989500693744846,254952040.99031624,26.236831444693088,622.4756547010958,128-176,3.3158881760787416e-05,32.684644459746735,48.59013352605852,1304.527350473391,40.16237371494422,1536.482748969443,0.03188800245944478,3.925546092555661e-05,5.221609953608234e-05,4.0429841600191916e-05,45.808300014206345,81.0499717824631,81.13515806972654,48.64120341518605,32.718997136876894,45.85644610134544
as built,Hanoi 2024,4.0,trigger,9–15,9,15,16.7,0.9989500693744846,254952040.99031624,27.12816006087675,622.4756547010958,130-176,3.123796685067488e-05,29.007448661232537,42.13830585595299,1304.527350473391,40.16237371494422,1536.482748969443,0.03188800245944478,3.796567512416389e-05,5.046000179209829e-05,3.7650134249352405e-05,42.84757692133045,75.69000537629496,75.7695581558846,42.18259465394387,29.037936480044706,42.89261118742445
as built,Hanoi 2024,4.0,trigger,9–15,9,15,16.8,0.9989500693744846,254952040.99031624,28.643124540528824,622.4756547010958,132-176,2.847045573455075e-05,24.095328470065805,34.52583174416026,1304.527350473391,40.16237371494422,1536.482748969443,0.03188800245944478,3.595763130276671e-05,4.7701036607489524e-05,3.408003785023648e-05,38.43493605546101,67.63938446578642,67.71047576796343,34.562119571981604,24.12065348286491,38.47533248536428
as built,Hanoi 2024,4.0,trigger,9–15,9,15,17.0,0.9989500693744846,254952040.99031624,31.777483090177935,622.4756547010958,136-176,2.369478973941879e-05,16.689746159193398,23.622208918557003,1304.527350473391,40.16237371494422,1536.482748969443,0.03188800245944478,3.241096560935335e-05,4.396356896173427e-05,2.8189556719115995e-05,31.226833880222518,57.45527336067672,57.51566081441253,23.647036666555906,16.707287652168706,31.259654348666206
as built,Hanoi 2024,4.0,MM 15°,8–15,8,15,16.6,0.9989500693744846,254952040.99031624,20.076956453641703,481.01838151841736,128-172,3.364271739644717e-05,33.645435012402174,44.91024519506779,1025.1487799509578,19.20781543486367,244.3122266017496,0.011653974988894015,3.6458689713365124e-05,5.265021959493633e-05,3.886876185784776e-05,39.513556944573004,82.40325872161169,82.48986735964729,44.95744739593378,33.68079751320307,39.55508704185317
as built,Hanoi 2024,4.0,MM 15°,8–15,8,15,16.7,0.9989500693744846,254952040.99031624,20.543212511942393,481.01838151841736,130-172,3.2052122526272905e-05,30.53919614860912,38.9078974821711,1025.1487799509578,19.20781543486367,244.3122266017496,0.011653974988894015,3.563121032343624e-05,5.041589826828388e-05,3.617819331172075e-05,37.74028386185936,75.55775262181774,75.63716639924752,38.94879101068001,30.571293886322,37.779950188592814
as built,Hanoi 2024,4.0,MM 15°,8–15,8,15,16.8,0.9989500693744846,254952040.99031624,21.743417381258993,481.01838151841736,132-170,2.9468517527663302e-05,25.814314068911983,31.680423677635886,1025.1487799509578,19.20781543486367,244.3122266017496,0.011653974988894015,3.366441957569059e-05,4.6736293622728e-05,3.264551198121529e-05,33.68885687776872,64.93106841824749,64.99931318780084,31.713720884441507,25.84144579425897,33.72426501643247
as built,Hanoi 2024,4.0,MM 15°,8–15,8,15,17.0,0.9989500693744846,254952040.99031624,23.808475759347854,481.01838151841736,134-174,2.4923176750626388e-05,18.46506359521295,22.36918862002956,1025.1487799509578,19.20781543486367,244.3122266017496,0.011653974988894015,3.074449339515871e-05,4.164299073866682e-05,2.7431724429532216e-05,28.09821266721039,51.54990123842718,51.60408194446228,22.392699400918545,18.48447100742009,28.12774484795294
as built,Hanoi 2024,4.0,MM 3°,13–16,13,16,16.6,0.9989500693744846,254952040.99031624,11.66963901122295,270.69710749066644,128-164,2.2406065129015383e-05,14.923655010870364,22.39856071815887,1.5976700372892754,0.001995740696771537,0.8653968400221764,0.006468966210332228,2.464377562517266e-05,4.137231067175271e-05,2.744972827841588e-05,18.05337922306344,50.8819289631398,50.93540760751004,22.422102370125707,14.939340281757177,18.072353940941188
as built,Hanoi 2024,4.0,MM 3°,13–16,13,16,16.7,0.9989500693744846,254952040.99031624,11.884381549115382,270.69710749066644,130-164,2.119361031088395e-05,13.35223299671838,21.02695636386709,1.5976700372892754,0.001995740696771537,0.8653968400221764,0.006468966210332228,2.4198479679470282e-05,4.190582680832333e-05,2.6595992406385008e-05,17.40684954808966,52.20268491347177,52.25755171743436,21.049056412833124,13.366266649422414,17.425144741207493
as built,Hanoi 2024,4.0,MM 3°,13–16,13,16,16.8,0.9989500693744846,254952040.99031624,12.663926378450919,270.69710749066644,132-164,1.9438108905566964e-05,11.231869138664733,18.025105139235325,1.5976700372892754,0.001995740696771537,0.8653968400221764,0.006468966210332228,2.270891008247618e-05,3.9321693501599394e-05,2.462447028636101e-05,15.32980371979751,45.96300772395136,46.01131641417488,18.044050140085737,11.243674216568026,15.345915866842692
as built,Hanoi 2024,4.0,MM 3°,13–16,13,16,17.0,0.9989500693744846,254952040.99031624,13.942085730701075,270.69710749066644,136-164,1.632950682457074e-05,7.926658535484613,13.052366280526615,1.5976700372892754,0.001995740696771537,0.8653968400221764,0.006468966210332228,2.0627040385074365e-05,3.346944044422139e-05,2.0954274067046926e-05,12.64788332483617,33.29974564950305,33.334744818982244,13.066084763074947,7.93498972420921,12.661176681989653
as built,Hanoi 2024,4.0,MM 15° + TOF,13–17,13,17,16.6,0.9989500693744846,254952040.99031624,10.572392892950662,250.9305954061431,128-176,2.218599065376714e-05,14.631931667331834,22.734934158590395,1.5976700372892754,0.001995740696771537,0.6125725627319082,0.013718813602402354,2.6186083033696854e-05,4.3301515314339036e-05,2.7655075214053947e-05,20.38379740331945,55.73784864797675,55.7964310297093,22.75882935052639,14.647310327025606,20.405221470261502
as built,Hanoi 2024,4.0,MM 15° + TOF,13–17,13,17,16.7,0.9989500693744846,254952040.99031624,10.317937693941138,250.9305954061431,130-176,2.2053096328027003e-05,14.457165804198516,23.386538447678745,1.5976700372892754,0.001995740696771537,0.6125725627319082,0.013718813602402354,2.6831869543294794e-05,4.5602385936734354e-05,2.8048585586084607e-05,21.40158213996405,61.818597001274284,61.88357045711345,23.41111849796733,14.4723607790039,21.424075933409902
as built,Hanoi 2024,4.0,MM 15° + TOF,13–17,13,17,16.8,0.9989500693744846,254952040.99031624,11.39459206200456,250.9305954061431,132-176,1.9444153320150293e-05,11.238855479711995,18.61873738794807,1.5976700372892754,0.001995740696771537,0.6125725627319082,0.013718813602402354,2.4296574783298437e-05,4.1778011798745024e-05,2.5026672286394232e-05,17.548262372188272,51.88472859263015,51.939261213645,18.63830631655756,11.250667900498232,17.566706195011847
as built,Hanoi 2024,4.0,MM 15° + TOF,13–17,13,17,17.0,0.9989500693744846,254952040.99031624,12.441829644055323,250.9305954061431,136-176,1.6316622336241203e-05,7.91415471056853,13.764246640239511,1.5976700372892754,0.001995740696771537,0.6125725627319082,0.013718813602402354,2.2251514936306063e-05,3.75595238356301e-05,2.1518114624140684e-05,14.718487424514024,41.93572624135748,41.97980212125766,13.77871333334839,7.922472757346279,14.733957057263472
as built,Hanoi 2024,4.0,MM 3° + TOF,13–17,13,17,16.6,0.9989500693744846,254952040.99031624,11.66963901122295,270.6808347649851,128-164,2.2353982091711666e-05,14.854355391098863,22.36802897969178,1.5976700372892754,0.001995740696771537,0.0,0.008955749362636925,2.4604086141569518e-05,4.0761467080849324e-05,2.743101337677541e-05,17.995275114797057,49.39052314456489,49.44243427050552,22.39153854175918,14.869967825719515,18.01418876327343
as built,Hanoi 2024,4.0,MM 3° + TOF,13–17,13,17,16.7,0.9989500693744846,254952040.99031624,11.460779830533049,270.6808347649851,130-164,2.186475813880121e-05,14.211285626286378,22.525613966541044,1.5976700372892754,0.001995740696771537,0.0,0.008955749362636925,2.505246656150059e-05,4.277011743666322e-05,2.7527470894261988e-05,18.657136766204072,54.378208845004835,54.43536219888847,22.54928915580933,14.22622217263081,18.676746053871007
as built,Hanoi 2024,4.0,MM 3° + TOF,13–17,13,17,16.8,0.9989500693744846,254952040.99031624,12.666868057052184,270.6808347649851,132-164,1.9383417110455195e-05,11.168753236560262,17.991961761533513,1.5976700372892754,0.001995740696771537,0.0,0.008955749362636925,2.2667071463912284e-05,3.8581087495557e-05,2.4601820941913784e-05,15.273368868909229,44.247928428651136,44.29443451198515,18.010871927562498,11.180491977495764,15.289421700999528
as built,Hanoi 2024,4.0,MM 3° + TOF,13–17,13,17,17.0,0.9989500693744846,254952040.99031624,13.947969087903607,270.6808347649851,136-164,1.6283873323621678e-05,7.882417670028468,13.025455589857414,1.5976700372892754,0.001995740696771537,0.0,0.008955749362636925,2.0585133338311987e-05,3.283396235338968e-05,2.093266170468542e-05,12.596543238884767,32.047237925796985,32.08092066689989,13.039145788351163,7.890702360093156,12.609782635855243
as built,MEG II-2026 normalisation,1.0,trigger,9–15,9,15,16.6,0.9989459557223428,409287662.7257499,41.94245110573483,815.3684202756626,128-176,2.0708405240409753e-05,12.747861105857016,19.001221945947915,1122.611849323174,56.61304096301235,1536.482748969443,0.04374720908182088,2.465197211533927e-05,3.672319406925591e-05,2.5282426826981778e-05,18.06539028464521,40.08897094673699,40.131271083377534,19.021271208018494,12.76131209384493,18.08445209789356
as built,MEG II-2026 normalisation,1.0,trigger,9–15,9,15,16.7,0.9989459557223428,409287662.7257499,43.36733760478602,815.3684202756626,130-176,1.9503108086478444e-05,11.307111326779452,16.69061398291025,1122.611849323174,56.61304096301235,1536.482748969443,0.04374720908182088,2.3842001658719474e-05,3.5912344338247705e-05,2.369540576536095e-05,16.897771792341917,38.33818299253483,38.37863577395666,16.708225192063754,11.31904209833176,16.915601585396132
as built,MEG II-2026 normalisation,1.0,trigger,9–15,9,15,16.8,0.9989459557223428,409287662.7257499,45.78917439360242,815.3684202756626,132-176,1.7769812995371323e-05,9.386630615055514,13.83648073557025,1122.611849323174,56.61304096301235,1536.482748969443,0.04374720908182088,2.2580973533604904e-05,3.449788538979774e-05,2.15745037473538e-05,15.157561406818225,35.377648524602265,35.41497747895732,13.85108038759216,9.396534978979913,15.17355500564364
as built,MEG II-2026 normalisation,1.0,trigger,9–15,9,15,17.0,0.9989459557223428,409287662.7257499,50.79979011881383,815.3684202756626,136-176,1.4779102191589663e-05,6.492920974716123,9.635766516911513,1122.611849323174,56.61304096301235,1536.482748969443,0.04374720908182088,2.0353708798584675e-05,3.339339111390012e-05,1.8004088025470863e-05,12.314906713959072,33.14859007389725,33.18356702282992,9.645933758191996,6.499772022222222,12.3279008673238
as built,MEG II-2026 normalisation,1.0,MM 15°,8–15,8,15,16.6,0.9989459557223428,409287662.7257499,32.095215696450296,627.6383421201111,128-172,2.1005337896895644e-05,13.116058863340077,16.9908089070707,887.9237603351963,22.082595944224224,244.3122266017496,0.017278970589951446,2.2885460515632513e-05,3.497901709483596e-05,2.3907547168914222e-05,15.569093430813755,36.37133284544668,36.40971029223137,17.008736868837477,13.129898357570095,15.585521260312492
as built,MEG II-2026 normalisation,1.0,MM 15°,8–15,8,15,16.7,0.9989459557223428,409287662.7257499,32.84057711592097,627.6383421201111,130-174,2.000484542211358e-05,11.896368619579624,14.851083951196287,887.9237603351963,22.082595944224224,244.3122266017496,0.017278970589951446,2.2366043963512835e-05,3.4035059309288e-05,2.235152039835866e-05,14.87039008851929,34.434758091163836,34.47109214858765,14.866754168354777,11.908921149770611,14.88608067667328
as built,MEG II-2026 normalisation,1.0,MM 15°,8–15,8,15,16.8,0.9989459557223428,409287662.7257499,34.759236164148334,627.6383421201111,132-170,1.838960087240574e-05,10.052836511485907,12.178303327496675,887.9237603351963,22.082595944224224,244.3122266017496,0.017278970589951446,2.113147101659905e-05,3.225489046128103e-05,2.0240507007903437e-05,13.274050752834889,30.926812088859627,30.959444714400284,12.191153342915817,10.06344382686514,13.28805695322762
as built,MEG II-2026 normalisation,1.0,MM 15°,8–15,8,15,17.0,0.9989459557223428,409287662.7257499,38.06045835006894,627.6383421201111,134-174,1.5537739862374732e-05,7.176615934329034,8.716682071020507,887.9237603351963,22.082595944224224,244.3122266017496,0.017278970589951446,1.9298606044256735e-05,3.1211054686797174e-05,1.7123936021520575e-05,11.071230536605901,28.957489139781327,28.988043821491846,8.72587953441128,7.18418838698795,11.082912417018836
as built,MEG II-2026 normalisation,1.0,MM 3°,13–16,13,16,16.6,0.9989459557223428,409287662.7257499,18.65519716744591,352.5126485214489,128-164,1.5902981409374765e-05,7.517979123273465,10.989317064495197,1.2786637648625925,0.005714004396531153,0.8653968400221764,0.010213147607503359,1.7565610413498626e-05,3.0079200036625588e-05,1.9227080538907057e-05,9.172136420892134,26.895311380598592,26.923690142126315,11.000912513378932,7.525911767506158,9.181814459882082
as built,MEG II-2026 normalisation,1.0,MM 3°,13–16,13,16,16.7,0.9989459557223428,409287662.7257499,18.998486654016,352.5126485214489,130-164,1.5035302249751751e-05,6.719985545225625,10.263479401134818,1.2786637648625925,0.005714004396531153,0.8653968400221764,0.010213147607503359,1.724821200751214e-05,3.0413751183600716e-05,1.8581266023987046e-05,8.843662825686264,27.496916202674612,27.525929751416285,10.274308977719665,6.727076181379973,8.852994273640528
as built,MEG II-2026 normalisation,1.0,MM 3°,13–16,13,16,16.8,0.9989459557223428,409287662.7257499,20.244674516222496,352.5126485214489,132-164,1.3784763375865616e-05,5.648623701801606,8.779538578004209,1.2786637648625925,0.005714004396531153,0.8653968400221764,0.010213147607503359,1.618647537987202e-05,2.8470911106425152e-05,1.7185565971595513e-05,7.788406219476904,24.096099263673096,24.121524418454737,8.788802364844333,5.654583883586633,7.796624206606922
as built,MEG II-2026 normalisation,1.0,MM 3°,13–16,13,16,17.0,0.9989459557223428,409287662.7257499,22.287952350670505,352.5126485214489,136-164,1.1574486819014765e-05,3.982424052424094,6.342004418167048,1.2786637648625925,0.005714004396531153,0.8653968400221764,0.010213147607503359,1.4702558605411761e-05,2.4179976425939052e-05,1.4606335222332107e-05,6.4258391660394585,17.38023959449965,17.39857846657171,6.348696225093692,3.986626132886622,6.432619431741832
as built,MEG II-2026 normalisation,1.0,MM 15° + TOF,13–17,13,17,16.6,0.9989459557223428,409287662.7257499,16.901128968943933,325.80441195862613,128-176,1.5707054725701747e-05,7.333875391087681,11.06887680871875,1.2786637648625925,0.005714004396531153,0.6125725627319082,0.019752528880199113,1.8637417940042832e-05,3.171144029870784e-05,1.929655450709527e-05,10.325604859447989,29.893443692583578,29.924985952786084,11.080556205580502,7.34161377707818,10.336499988111461
as built,MEG II-2026 normalisation,1.0,MM 15° + TOF,13–17,13,17,16.7,0.9989459557223428,409287662.7257499,16.49435444033691,325.80441195862613,130-176,1.560486560500573e-05,7.238758339782723,11.32865544024485,1.2786637648625925,0.005714004396531153,0.6125725627319082,0.019752528880199113,1.9097043500075246e-05,3.330955203886762e-05,1.952167946181467e-05,10.841173318780205,32.982350090072224,33.01715162981217,11.34060894420764,7.246396362402149,10.852612452833746
as built,MEG II-2026 normalisation,1.0,MM 15° + TOF,13–17,13,17,16.8,0.9989459557223428,409287662.7257499,18.215504468893805,325.80441195862613,132-176,1.3752168209500953e-05,5.621942047039496,8.987993601097012,1.2786637648625925,0.005714004396531153,0.6125725627319082,0.019752528880199113,1.7292598444950025e-05,3.05031065620555e-05,1.7388389941018216e-05,8.88923784120951,27.65872502782738,27.687909310196083,8.997477340601222,5.627874075504156,8.898617377935786
as built,MEG II-2026 normalisation,1.0,MM 15° + TOF,13–17,13,17,17.0,0.9989459557223428,409287662.7257499,19.88962854038631,325.80441195862613,136-176,1.1531262892118712e-05,3.9527355495586796,6.608327786475887,1.2786637648625925,0.005714004396531153,0.6125725627319082,0.019752528880199113,1.5837068229463035e-05,2.7525431122141877e-05,1.4909867428553778e-05,7.455788647582266,22.52227581628349,22.546040341088844,6.615300606224861,3.9569063040056425,7.463655671132828
as built,MEG II-2026 normalisation,1.0,MM 3° + TOF,13–17,13,17,16.6,0.9989459557223428,409287662.7257499,18.65519716744591,352.4496573164911,128-164,1.5872890224551166e-05,7.489555412623424,10.998287551304383,1.2786637648625925,0.005714004396531153,0.0,0.014015492932692712,1.754269983506669e-05,2.947725724893384e-05,1.9234926389926202e-05,9.148225847302283,25.82962826753337,25.85688256664079,11.009892465455216,7.497458065394227,9.157878656896063
as built,MEG II-2026 normalisation,1.0,MM 3° + TOF,13–17,13,17,16.7,0.9989459557223428,409287662.7257499,18.3213128722887,352.4496573164911,130-164,1.5518418003546096e-05,7.158778160903198,11.019645368032103,1.2786637648625925,0.005714004396531153,0.0,0.014015492932692712,1.7862394826927503e-05,3.085497670415496e-05,1.92535936952196e-05,9.484695272088182,28.300522812542955,28.330384291989755,11.031272818021215,7.166331791920265,9.494703109568876
as built,MEG II-2026 normalisation,1.0,MM 3° + TOF,13–17,13,17,16.8,0.9989459557223428,409287662.7257499,20.249377111928936,352.4496573164911,132-164,1.3752346829837472e-05,5.622088089421545,8.78595116116607,1.2786637648625925,0.005714004396531153,0.0,0.014015492932692712,1.616160943931945e-05,2.774784475885516e-05,1.719184100268574e-05,7.764495233920915,22.8877196421381,22.911869767356812,8.795221714284738,5.628020271983768,7.772687991220075
as built,MEG II-2026 normalisation,1.0,MM 3° + TOF,13–17,13,17,17.0,0.9989459557223428,409287662.7257499,22.297357542083382,352.4496573164911,136-164,1.1547721324575982e-05,3.964026985435994,6.346007166395616,1.2786637648625925,0.005714004396531153,0.0,0.014015492932692712,1.4677188705200793e-05,2.356485789798719e-05,1.4610943880446209e-05,6.403682172653797,16.507209505122745,16.524627193856848,6.352703196847908,3.9682096541144576,6.410439059261482
as built,MEG II-2026 normalisation,4.0,trigger,9–15,9,15,16.6,0.9988921724138099,1637150650.9029996,167.76980442293933,3261.4736811026505,128-176,8.631620527891397e-06,2.214770301353037,3.448043003014841,4490.447397292696,226.4521638520494,1536.482748969443,0.4414964122900333,1.0116880854225482e-05,1.5020576638519437e-05,1.0769965952658313e-05,3.0425469149403717,6.706828851178235,6.714267101494319,3.4518670765861446,2.217226606152167,3.045921270549249
as built,MEG II-2026 normalisation,4.0,trigger,9–15,9,15,16.7,0.9988921724138099,1637150650.9029996,173.4693504191441,3261.4736811026505,130-176,8.140898924961521e-06,1.970102119692023,3.045749006754384,4490.447397292696,226.4521638520494,1536.482748969443,0.4414964122900333,9.784478457909031e-06,1.4734319423181297e-05,1.0122203148881053e-05,2.845898296471043,6.453631654706824,6.460789095094927,3.0491269136631347,1.9722870737201763,2.849054557704629
as built,MEG II-2026 normalisation,4.0,trigger,9–15,9,15,16.8,0.9988921724138099,1637150650.9029996,183.1566975744097,3261.4736811026505,132-176,7.430807500737387e-06,1.641406067568817,2.5444088358164,4490.447397292696,226.4521638520494,1536.482748969443,0.4414964122900333,9.266967273168025e-06,1.4222972603950327e-05,9.25169785698083e-06,2.552814579131011,6.013464616311579,6.020133886703827,2.547230728285586,1.6432264791928248,2.5556457940421815
as built,MEG II-2026 normalisation,4.0,trigger,9–15,9,15,17.0,0.9988921724138099,1637150650.9029996,203.19916047525533,3261.4736811026505,134-176,6.197080771775423e-06,1.1416114771673205,1.8055840879120346,4490.447397292696,226.4521638520494,1536.482748969443,0.4414964122900333,8.352923891584084e-06,1.3963842045369412e-05,7.79357740176877e-06,2.0740587853328236,5.796340210107806,5.802768677324826,1.8075865821922141,1.1428775884874853,2.076359033148581
as built,MEG II-2026 normalisation,4.0,MM 15°,8–15,8,15,16.6,0.9988921724138099,1637150650.9029996,128.38086278580118,2510.5533684804445,128-176,9.816903634647949e-06,2.864791824374676,3.8811768046755497,3551.6950413407853,88.3303837768969,244.3122266017496,0.23341920407250397,1.083860671732363e-05,1.6783161462642273e-05,1.1426407471698422e-05,3.4921342322477082,8.373201803838308,8.382488155457835,3.885481247987695,2.8679690395930764,3.496007205471449
as built,MEG II-2026 normalisation,4.0,MM 15°,8–15,8,15,16.7,0.9988921724138099,1637150650.9029996,131.3623084636839,2510.5533684804445,130-174,9.332974404177603e-06,2.5893106786276534,3.387424702570233,3551.6950413407853,88.3303837768969,244.3122266017496,0.23341920407250397,1.0592609844022879e-05,1.6320110332766787e-05,1.0674875502527543e-05,3.3354156750205224,7.917538682332973,7.926319677929144,3.3911815470378204,2.592182369765315,3.339114838552127
as built,MEG II-2026 normalisation,4.0,MM 15°,8–15,8,15,16.8,0.9988921724138099,1637150650.9029996,139.03694465659333,2510.5533684804445,132-176,8.573626877323228e-06,2.185109329118883,2.7742711607870207,3551.6950413407853,88.3303837768969,244.3122266017496,0.23341920407250397,1.000791325789539e-05,1.5460125902819062e-05,9.66056322627596e-06,2.9773581384529813,7.105097887366732,7.112977840438329,2.777347983499591,2.1875327382319902,2.9806601960432166
as built,MEG II-2026 normalisation,4.0,MM 15°,8–15,8,15,17.0,0.9988921724138099,1637150650.9029996,152.24183340027577,2510.5533684804445,134-176,7.236384364264311e-06,1.5566367023593637,1.9828727893362479,3551.6950413407853,88.3303837768969,244.3122266017496,0.23341920407250397,9.139864192961483e-06,1.4992617624082301e-05,8.167241923273205e-06,2.483267463310923,6.6818841623645415,6.689294747618109,1.9850719067551221,1.5583630999908342,2.4860215465600652
as built,MEG II-2026 normalisation,4.0,MM 3°,13–16,13,16,16.6,0.9988921724138099,1637150650.9029996,74.62078866978364,1410.0505940857956,128-164,7.941625856791004e-06,1.874834163176321,2.743698925583489,5.11465505945037,0.022856017586124613,0.8653968400221764,0.15498712779772938,8.775118908503896e-06,1.5021177467517773e-05,9.607186469337866e-06,2.2890223501302795,6.707365413515566,6.714804258909453,2.746741841968164,1.8769134596838504,2.2915610046266424
as built,MEG II-2026 normalisation,4.0,MM 3°,13–16,13,16,16.7,0.9988921724138099,1637150650.9029996,75.993946616064,1410.0505940857956,130-164,7.508028664204593e-06,1.6756984073281154,2.5623272248386817,5.11465505945037,0.022856017586124613,0.8653968400221764,0.15498712779772938,8.61655859159281e-06,1.5185433762251035e-05,9.284217136817368e-06,2.2070476207595675,6.854857269551534,6.862459691707125,2.5651689898088312,1.6775568510851497,2.2094953606716787
as built,MEG II-2026 normalisation,4.0,MM 3°,13–16,13,16,16.8,0.9988921724138099,1637150650.9029996,80.97869806488998,1410.0505940857956,132-164,6.883298849438316e-06,1.4084364759417012,2.19174541509057,5.11465505945037,0.022856017586124613,0.8653968400221764,0.15498712779772938,8.086154868765378e-06,1.4213675501192545e-05,8.586635881627146e-06,1.9436950226414396,6.00560556638529,6.012266120649262,2.1941761839961624,1.4099985111888833,1.945850689714112
as built,MEG II-2026 normalisation,4.0,MM 3°,13–16,13,16,17.0,0.9988921724138099,1637150650.9029996,89.15180940268202,1410.0505940857956,136-164,5.779204884397284e-06,0.9928421253222776,1.5830346888344329,5.11465505945037,0.022856017586124613,0.8653968400221764,0.15498712779772938,7.344845808636977e-06,1.2071038902837135e-05,7.297484973084243e-06,1.603649225703096,4.331450065214255,4.336253886890876,1.584790363317244,0.9939432430660534,1.605427762866435
as built,MEG II-2026 normalisation,4.0,MM 15° + TOF,13–17,13,17,16.6,0.9988921724138099,1637150650.9029996,67.60451587577573,1303.2176478345045,128-176,7.847807104801674e-06,1.8307989403738294,2.762696021321369,5.11465505945037,0.022856017586124613,0.6125725627319082,0.23886277430903885,9.31274332516032e-06,1.584725368238266e-05,9.640388693265997e-06,2.5780971533982786,7.4653819641435994,7.473661492514854,2.7657600065534105,1.832829399343202,2.5809564081059326
as built,MEG II-2026 normalisation,4.0,MM 15° + TOF,13–17,13,17,16.7,0.9988921724138099,1637150650.9029996,65.97741776134764,1303.2176478345045,130-176,7.796589334720096e-06,1.80697994216026,2.8271921637994457,5.11465505945037,0.022856017586124613,0.6125725627319082,0.23886277430903885,9.542408983785086e-06,1.6645707733167597e-05,9.752268679144016e-06,2.7068242929198063,8.236610759156822,8.245745623627382,2.8303276788800664,1.8089839845212887,2.7098263132634233
as built,MEG II-2026 normalisation,4.0,MM 15° + TOF,13–17,13,17,16.8,0.9988921724138099,1637150650.9029996,72.86201787557522,1303.2176478345045,132-176,6.870749958917957e-06,1.4033057371572861,2.242804386948973,5.11465505945037,0.022856017586124613,0.6125725627319082,0.23886277430903885,8.640764040435313e-06,1.524234871084394e-05,8.686077341180163e-06,2.219465017909631,6.906337521491258,6.9139970381409475,2.245291783125365,1.4048620821266584,2.2219265294134027
as built,MEG II-2026 normalisation,4.0,MM 15° + TOF,13–17,13,17,17.0,0.9988921724138099,1637150650.9029996,79.55851416154523,1303.2176478345045,136-176,5.7607718284144565e-06,0.9865187889136039,1.648505094588656,5.11465505945037,0.022856017586124613,0.6125725627319082,0.23886277430903885,7.913464832870593e-06,1.3752008449472841e-05,7.446859162221506e-06,1.8615614049072415,5.621811426705482,5.628046331688082,1.650333379432802,0.9876128937217459,1.8636259811795328
as built,MEG II-2026 normalisation,4.0,MM 3° + TOF,13–17,13,17,16.6,0.9988921724138099,1637150650.9029996,74.62078866978364,1409.7986292659643,128-164,7.936859640840372e-06,1.872584451795504,2.749831144396625,5.11465505945037,0.022856017586124613,0.0,0.21146615022754664,8.771831569305592e-06,1.4739463105232458e-05,9.61791659859361e-06,2.2873076421006595,6.458138306495505,6.465300745013847,2.7528808617567737,1.8746612532466123,2.2898443948894007
as built,MEG II-2026 normalisation,4.0,MM 3° + TOF,13–17,13,17,16.7,0.9988921724138099,1637150650.9029996,73.2852514891548,1409.7986292659643,130-164,7.759609375760426e-06,1.789879240915253,2.7551631062779354,5.11465505945037,0.022856017586124613,0.0,0.21146615022754664,8.931687842770861e-06,1.5428368702012947e-05,9.62723672167615e-06,2.3714342366438994,7.0759381927839655,7.0837858061146415,2.758218737083623,1.791864317637041,2.3740642905563667
as built,MEG II-2026 normalisation,4.0,MM 3° + TOF,13–17,13,17,16.8,0.9988921724138099,1637150650.9029996,80.99750844771575,1409.7986292659643,132-164,6.8765230498940266e-06,1.4056649600393532,2.1966830625780114,5.11465505945037,0.022856017586124613,0.0,0.21146615022754664,8.081248452260863e-06,1.3874702291865856e-05,8.596302590365482e-06,1.941336996051385,5.722573236858133,5.7289198923539555,2.1991193076123077,1.4072239215195592,1.943490047939979
as built,MEG II-2026 normalisation,4.0,MM 3° + TOF,13–17,13,17,17.0,0.9988921724138099,1637150650.9029996,89.18943016833353,1409.7986292659643,136-164,5.774144264133238e-06,0.9911041017545414,1.586635834193194,5.11465505945037,0.022856017586124613,0.0,0.21146615022754664,7.338997328996157e-06,1.178308027564648e-05,7.305780551197734e-06,1.601096367271484,4.1272586439455745,4.131836005854473,1.5883955025486978,0.9922032919324528,1.602872073171277
as built,"LNL 2023-24, thick",1.0,trigger,9–15,9,15,16.6,0.9989501604247009,313931208.84753615,32.22535094737164,579.6754691568354,128-176,2.439766179831031e-05,17.694586837833832,25.978019802766923,774.858203822991,43.38872695565618,1536.482748969443,0.030203544645076776,2.9249191483709728e-05,4.505304844649072e-05,2.956180958881035e-05,25.431486398653913,60.33820375510819,60.40161576174688,26.005321218150105,17.713182838181865,25.458213438638207
as built,"LNL 2023-24, thick",1.0,trigger,9–15,9,15,16.7,0.9989501604247009,313931208.84753615,33.32012405389183,579.6754691568354,130-176,2.2963410382572427e-05,15.675333424448128,22.803893611397136,774.858203822991,43.38872695565618,1536.482748969443,0.030203544645076776,2.8288173806463577e-05,4.401715585954899e-05,2.7696985054106518e-05,23.787775781946845,57.59542241271783,57.65595191278742,22.827859201406127,15.69180730476464,23.81277537593421
as built,"LNL 2023-24, thick",1.0,trigger,9–15,9,15,16.8,0.9989501604247009,313931208.84753615,35.18087702371987,579.6754691568354,132-176,2.0906901556587597e-05,12.993416548657693,18.876299048340787,774.858203822991,43.38872695565618,1536.482748969443,0.030203544645076776,2.6791983038226062e-05,4.2248109266730917e-05,2.5199180541957788e-05,21.338001044012866,53.05893985177272,53.114701767718685,18.896136960742446,13.007071887483935,21.360426064640777
as built,"LNL 2023-24, thick",1.0,trigger,9–15,9,15,17.0,0.9989501604247009,313931208.84753615,39.03064845935441,579.6754691568354,136-176,1.7357251098195103e-05,8.955831322407702,13.080924345382071,774.858203822991,43.38872695565618,1536.482748969443,0.030203544645076776,2.414936716900784e-05,4.0891506364000947e-05,2.0977185106173156e-05,17.33626440735891,49.70616209028329,49.75840042825646,13.09467164990569,8.96524338972042,17.35448383129389
as built,"LNL 2023-24, thick",1.0,MM 15°,8–15,8,15,16.6,0.9989501604247009,313931208.84753615,24.659493240925144,445.4495858712433,128-170,2.3632821317828486e-05,16.60256371701571,20.972161306388507,614.5494326707285,16.892299211510295,244.3122266017496,0.011097508918630148,2.564789870393597e-05,3.938254201012263e-05,2.6561315975435207e-05,19.554539474653996,46.105369060020024,46.15382317013539,20.994201850342815,16.62001206342184,19.575090179013973
as built,"LNL 2023-24, thick",1.0,MM 15°,8–15,8,15,16.7,0.9989501604247009,313931208.84753615,25.23217158212466,445.4495858712433,130-172,2.2518250168012872e-05,15.073471778514023,18.337714954553718,614.5494326707285,16.892299211510295,244.3122266017496,0.011097508918630148,2.506578487210753e-05,3.843135653465621e-05,2.4837083787578346e-05,18.67697893147368,43.90514759494239,43.95128939793777,18.356986845827713,15.089313136608915,18.69660736981434
as built,"LNL 2023-24, thick",1.0,MM 15°,8–15,8,15,16.8,0.9989501604247009,313931208.84753615,26.706321507736007,445.4495858712433,132-170,2.0690488302058774e-05,12.725811717527673,15.035155963508984,614.5494326707285,16.892299211510295,244.3122266017496,0.011097508918630148,2.3682190171732797e-05,3.659645243096863e-05,2.248961197113997e-05,16.67200152586556,39.812732774439645,39.85457368314889,15.050957053870265,12.739185818957504,16.689522847443666
as built,"LNL 2023-24, thick",1.0,MM 15°,8–15,8,15,17.0,0.9989501604247009,313931208.84753615,29.242726526802592,445.4495858712433,134-170,1.750438516526831e-05,9.108308561654733,10.75676118386408,614.5494326707285,16.892299211510295,244.3122266017496,0.011097508918630148,2.1628085334448997e-05,3.627912462748597e-05,1.90225509915255e-05,13.905293556308196,39.125293809056444,39.166412258668075,10.76806592562223,9.117880873838951,13.919907225798331
as built,"LNL 2023-24, thick",1.0,MM 3°,13–16,13,16,16.6,0.9989501604247009,313931208.84753615,14.333217536520154,249.97295705469563,128-164,1.7404966708882027e-05,9.005138708005102,13.014627782146164,0.8543751115364794,0.003606309368278257,0.8653968400221764,0.0060687774981987444,1.9259687575757353e-05,3.3058413926778976e-05,2.092395943867692e-05,11.026622042680799,32.48688262051884,32.52102447904622,13.02830541276757,9.01460259456447,11.03821039279163
as built,"LNL 2023-24, thick",1.0,MM 3°,13–16,13,16,16.7,0.9989501604247009,313931208.84753615,14.59697475360258,249.97295705469563,130-164,1.6451463376743862e-05,8.045500809641633,12.129444138005102,0.8543751115364794,0.003606309368278257,0.8653968400221764,0.0060687774981987444,1.8911678369561732e-05,3.3404716649507486e-05,2.019986388079117e-05,10.631735396960435,33.17107890707142,33.205939816826124,12.142191491163386,8.05395617156827,10.642908743755928
as built,"LNL 2023-24, thick",1.0,MM 3°,13–16,13,16,16.8,0.9989501604247009,313931208.84753615,15.554449582737403,249.97295705469563,132-164,1.5080517408095192e-05,6.760463891077945,10.366906373014782,0.8543751115364794,0.003606309368278257,0.8653968400221764,0.0060687774981987444,1.7747544857846552e-05,3.1250342235174845e-05,1.867465475954555e-05,9.363119752713304,29.030436677037834,29.06094600825293,10.377801399628707,6.767568752582965,9.372959856908777
as built,"LNL 2023-24, thick",1.0,MM 3°,13–16,13,16,17.0,0.9989501604247009,313931208.84753615,17.124346991262236,249.97295705469563,136-164,1.2660037739410681e-05,4.764463601762863,7.481821766664766,0.8543751115364794,0.003606309368278257,0.8653968400221764,0.0060687774981987444,1.6120514951583373e-05,2.652289086128113e-05,1.5864693007764214e-05,7.725059521528629,20.91152614861564,20.933502968481594,7.489684734105143,4.769470780941928,7.7331781179597
as built,"LNL 2023-24, thick",1.0,MM 15° + TOF,13–17,13,17,16.6,0.9989501604247009,313931208.84753615,12.98552655060586,230.73369268031283,128-176,1.7164341800814205e-05,8.75786651174726,13.067553239097936,0.8543751115364794,0.003606309368278257,0.6125725627319082,0.012976380964238587,2.041911416747277e-05,3.487311482014319e-05,2.0966461097745003e-05,12.394180243290343,36.15143095299912,36.18942404256629,13.081286491352383,8.767070529348409,12.407205818977987
as built,"LNL 2023-24, thick",1.0,MM 15° + TOF,13–17,13,17,16.7,0.9989501604247009,313931208.84753615,12.672992313926002,230.73369268031283,130-176,1.704808801071705e-05,8.639634507168681,13.347102337431982,0.8543751115364794,0.003606309368278257,0.6125725627319082,0.012976380964238587,2.0922678921709807e-05,3.659192662608846e-05,2.11895380466685e-05,13.013034876960754,39.802886272563654,39.8447168331617,13.361129379825615,8.64871426968445,13.026710833529771
as built,"LNL 2023-24, thick",1.0,MM 15° + TOF,13–17,13,17,16.8,0.9989501604247009,313931208.84753615,13.995391511900891,230.73369268031283,132-176,1.5020567536145321e-05,6.706820722589261,10.574980300385327,0.8543751115364794,0.003606309368278257,0.6125725627319082,0.012976380964238587,1.8945732881863208e-05,3.349254249797232e-05,1.8861132980416698e-05,10.670059287482543,33.34573136083478,33.38077582034517,10.58609400081522,6.713869208187398,10.681272910498555
as built,"LNL 2023-24, thick",1.0,MM 15° + TOF,13–17,13,17,17.0,0.9989501604247009,313931208.84753615,15.28165958424805,230.73369268031283,136-176,1.2590699564181787e-05,4.712417226976439,7.759288705141738,0.8543751115364794,0.003606309368278257,0.6125725627319082,0.012976380964238587,1.7351057174109736e-05,3.023238729585663e-05,1.6156189898641577e-05,8.949440697361025,27.16995367439576,27.198507744214716,7.767443274490189,4.717369708387621,8.958846048491743
as built,"LNL 2023-24, thick",1.0,MM 3° + TOF,13–17,13,17,16.6,0.9989501604247009,313931208.84753615,14.333217536520154,249.9150308484058,128-164,1.735924774698943e-05,8.95789186508197,13.02306164640944,0.8543751115364794,0.003606309368278257,0.0,0.008414514534085267,1.9224419754976147e-05,3.2322995590203086e-05,2.0930738013391062e-05,10.986275710925002,31.057551840793337,31.090191554290662,13.036748140540587,8.967306097907375,10.997821659345064
as built,"LNL 2023-24, thick",1.0,MM 3° + TOF,13–17,13,17,16.7,0.9989501604247009,313931208.84753615,14.07668654456328,249.9150308484058,130-164,1.696723118515678e-05,8.557875567495742,13.02053810011032,0.8543751115364794,0.003606309368278257,0.0,0.008414514534085267,1.9574762106773708e-05,3.3801549314044755e-05,2.092870998622971e-05,11.3903481431862,33.96387443608203,33.99956852866652,13.034221942138409,8.566869406034616,11.402318748658718
as built,"LNL 2023-24, thick",1.0,MM 3° + TOF,13–17,13,17,16.8,0.9989501604247009,313931208.84753615,15.558062695300174,249.9150308484058,132-164,1.5033343382925118e-05,6.718234639385803,10.373485879579047,0.8543751115364794,0.003606309368278257,0.0,0.008414514534085267,1.7710931994424146e-05,3.0371847940414563e-05,1.8680579888992718e-05,9.324527708416076,27.421199385126762,27.450017499840747,10.38438782087866,6.725295120358721,9.334327254576724
as built,"LNL 2023-24, thick",1.0,MM 3° + TOF,13–17,13,17,17.0,0.9989501604247009,313931208.84753615,17.13157321638778,249.9150308484058,136-164,1.2620402007050859e-05,4.734677372757828,7.485545602161832,0.8543751115364794,0.003606309368278257,0.0,0.008414514534085267,1.6084208197403854e-05,2.5776285271564067e-05,1.5868640586286023e-05,7.690301823348197,19.750799120126352,19.771556082166658,7.493412483140673,4.7396532483111,7.6983838914232585
as built,"LNL 2023-24, thick",4.0,trigger,9–15,9,15,16.6,0.998909024360423,1255724835.3901446,128.90140378948655,2318.701876627342,128-176,9.664815331278947e-06,2.776713893808697,4.33077666899006,3099.432815291964,173.55490782262473,1536.482748969443,0.2712886241425742,1.1396958354052165e-05,1.7464025742770726e-05,1.2070100544105903e-05,3.861196781331731,9.066355384784739,9.076257360463536,4.335506601077061,2.779746529556642,3.8654138536829827
as built,"LNL 2023-24, thick",4.0,trigger,9–15,9,15,16.7,0.998909024360423,1255724835.3901446,133.28049621556733,2318.701876627342,130-176,9.110975553010265e-06,2.4675943973707106,3.822855148721632,3099.432815291964,173.55490782262473,1536.482748969443,0.2712886241425742,1.1022497458229373e-05,1.7118063049597005e-05,1.1340231355796747e-05,3.611636451149612,8.71070400029662,8.720217545210255,3.8270303456006043,2.4702894229538583,3.6155809619019657
as built,"LNL 2023-24, thick",4.0,trigger,9–15,9,15,16.8,0.998909024360423,1255724835.3901446,140.7235080948795,2318.701876627342,132-176,8.311691669279056e-06,2.0536331273829624,3.1894038011781918,3099.432815291964,173.55490782262473,1536.482748969443,0.2712886241425742,1.0439506168202864e-05,1.6513487968973885e-05,1.035816315142962e-05,3.2396934909615234,8.106280764014423,8.115134177714209,3.192887163293263,2.0558760380584746,3.243231777824632
as built,"LNL 2023-24, thick",4.0,trigger,9–15,9,15,17.0,0.998909024360423,1255724835.3901446,156.12259383741764,2318.701876627342,134-176,6.92750243725314e-06,1.4265841265799102,2.2540825675016953,3099.432815291964,173.55490782262473,1536.482748969443,0.2712886241425742,9.409809910649506e-06,1.621574654076871e-05,8.707889386685906e-06,2.6321201710629505,7.8166003529861,7.825137387251935,2.256544402474419,1.4281421949244248,2.6349948862943076
as built,"LNL 2023-24, thick",4.0,MM 15°,8–15,8,15,16.6,0.998909024360423,1255724835.3901446,98.63797296370058,1781.7983434849732,128-174,1.0778122358835223e-05,3.4532675856725246,4.626075468392375,2458.197730682914,67.56919684604118,244.3122266017496,0.13961013236546593,1.1901646649618787e-05,1.856781290440643e-05,1.2474821792583632e-05,4.2107370086915,10.248622950447144,10.259816159944183,4.631127916132641,3.4570391311496733,4.215335837402742
as built,"LNL 2023-24, thick",4.0,MM 15°,8–15,8,15,16.7,0.998909024360423,1255724835.3901446,100.92868632849864,1781.7983434849732,130-174,1.0246054229983461e-05,3.120738028649286,4.035903462575012,2458.197730682914,67.56919684604118,244.3122266017496,0.13961013236546593,1.163152264389607e-05,1.8093966449677164e-05,1.1651943721157573e-05,4.021769292968697,9.73221230327119,9.742841506014512,4.040311343827435,3.12414639626208,4.026161737345138
as built,"LNL 2023-24, thick",4.0,MM 15°,8–15,8,15,16.8,0.998909024360423,1255724835.3901446,106.82528603094403,1781.7983434849732,132-176,9.412669800202983e-06,2.6337203557566364,3.302808625762676,2458.197730682914,67.56919684604118,244.3122266017496,0.13961013236546593,1.0989479589210338e-05,1.721187674380652e-05,1.0540705961682852e-05,3.590031558908163,8.806441767062655,8.816059873621828,3.3064158449037775,2.636596818657178,3.5939524735065564
as built,"LNL 2023-24, thick",4.0,MM 15°,8–15,8,15,17.0,0.998909024360423,1255724835.3901446,116.97090610721037,1781.7983434849732,134-176,7.943508433623479e-06,1.875723134216627,2.3580538321851003,2458.197730682914,67.56919684604118,244.3122266017496,0.13961013236546593,1.0036293122091581e-05,1.7099375177098678e-05,8.906454452514019e-06,2.994268122251569,8.691695346230034,8.701188130515805,2.360629221159459,1.877771737438859,2.9975383635849377
as built,"LNL 2023-24, thick",4.0,MM 3°,13–16,13,16,16.6,0.998909024360423,1255724835.3901446,57.332870146080616,999.8918282187825,128-164,8.687022055113898e-06,2.2432922766360073,3.247375420093101,3.4175004461459175,0.014425237473113028,0.8653968400221764,0.0913637302254735,9.61774111727959e-06,1.6499597305344677e-05,1.0451875866653409e-05,2.7497308025865177,8.09264896666282,8.101487492161105,3.250922096906989,2.245742326807321,2.7527339682881564
as built,"LNL 2023-24, thick",4.0,MM 3°,13–16,13,16,16.7,0.998909024360423,1255724835.3901446,58.38789901441032,999.8918282187825,130-164,8.210654908262652e-06,2.004008740266872,3.0262594535457343,3.4175004461459175,0.014425237473113028,0.8653968400221764,0.0913637302254735,9.443955201051517e-06,1.6668076027267473e-05,1.0089765508537774e-05,2.651257129591795,8.258762141818329,8.267782090672585,3.0295646347607823,2.006197452816076,2.6541527455809404
as built,"LNL 2023-24, thick",4.0,MM 3°,13–16,13,16,16.8,0.998909024360423,1255724835.3901446,62.21779833094961,999.8918282187825,132-164,7.526032456475669e-06,1.6837444867992024,2.5863349829090945,3.4175004461459175,0.014425237473113028,0.8653968400221764,0.0913637302254735,8.86261997961629e-06,1.5590423814767462e-05,9.327610027496966e-06,2.3348999079397688,7.2253660738427,7.233257381440643,2.589159693061199,1.6855834172458928,2.3374500089582715
as built,"LNL 2023-24, thick",4.0,MM 3°,13–16,13,16,17.0,0.998909024360423,1255724835.3901446,68.49738796504894,999.8918282187825,136-164,6.317438286660306e-06,1.1863860435719826,1.8662344573210206,3.4175004461459175,0.014425237473113028,0.8653968400221764,0.0913637302254735,8.050127442187599e-06,1.3231333187528765e-05,7.923391139170093e-06,1.9264135504001736,5.204167001171226,5.209850821503316,1.8682726973218857,1.1876817754565754,1.9285175160306607
as built,"LNL 2023-24, thick",4.0,MM 15° + TOF,13–17,13,17,16.6,0.998909024360423,1255724835.3901446,51.94210620242344,922.9347707212513,128-176,8.573022704865475e-06,2.18480137628237,3.259296001396937,3.4175004461459175,0.014425237473113028,0.6125725627319082,0.14394525275544057,1.019995886133497e-05,1.7423111917096947e-05,1.0471041852986405e-05,3.092721782786141,9.023924758492438,9.03378039283431,3.2628556974783414,2.187187544612729,3.096099551975051
as built,"LNL 2023-24, thick",4.0,MM 15° + TOF,13–17,13,17,16.7,0.998909024360423,1255724835.3901446,50.69196925570401,922.9347707212513,130-176,8.514707749918193e-06,2.155179787946401,3.328469876829653,3.4175004461459175,0.014425237473113028,0.6125725627319082,0.14394525275544057,1.0451504532469818e-05,1.8281619719186144e-05,1.058157486655694e-05,3.2471446787228633,9.93512543272698,9.945976250528119,3.332105122346643,2.1575336045505344,3.250691103528603
as built,"LNL 2023-24, thick",4.0,MM 15° + TOF,13–17,13,17,16.8,0.998909024360423,1255724835.3901446,55.981566047603565,922.9347707212513,132-176,7.501771795577971e-06,1.6729066609075247,2.6367656048904324,3.4175004461459175,0.014425237473113028,0.6125725627319082,0.14394525275544057,9.463960797118338e-06,1.67317920359181e-05,9.418109945658638e-06,2.66250160432202,8.322023327384432,8.331112368028531,2.6396453937120943,1.6747337546366106,2.66540950115728
as built,"LNL 2023-24, thick",4.0,MM 15° + TOF,13–17,13,17,17.0,0.998909024360423,1255724835.3901446,61.1266383369922,922.9347707212513,136-176,6.287617421356302e-06,1.175212034403783,1.9339012011831356,3.4175004461459175,0.014425237473113028,0.6125725627319082,0.14394525275544057,8.667372537566586e-06,1.509943480219206e-05,8.065757026330553e-06,2.2331553717289965,6.777435533461616,6.7848376260301,1.9360133445799683,1.1764955624024347,2.2355943507055924
as built,"LNL 2023-24, thick",4.0,MM 3° + TOF,13–17,13,17,16.6,0.998909024360423,1255724835.3901446,57.332870146080616,999.6601233936232,128-164,8.680007795329506e-06,2.2396710858198867,3.2560191685812048,3.4175004461459175,0.014425237473113028,0.0,0.12463200610517558,9.612645735551338e-06,1.6162276352336728e-05,1.0465776838394355e-05,2.7468180153749495,7.765136054973335,7.773616881622591,3.2595752858133946,2.2421171810454843,2.74981799982603
as built,"LNL 2023-24, thick",4.0,MM 3° + TOF,13–17,13,17,16.7,0.998909024360423,1255724835.3901446,56.30674617825312,999.6601233936232,130-164,8.483986711599281e-06,2.139656079744149,3.255380477097994,3.4175004461459175,0.014425237473113028,0.0,0.12463200610517558,9.787824854448702e-06,1.6901597970252598e-05,1.0464750319504834e-05,2.847845284820563,8.491795896196393,8.501070356866064,3.258935896772316,2.1419929418638683,2.8509556079383396
as built,"LNL 2023-24, thick",4.0,MM 3° + TOF,13–17,13,17,16.8,0.998909024360423,1255724835.3901446,62.2322507812007,999.6601233936232,132-164,7.516996053592395e-06,1.6797036168169925,2.5935620192637323,3.4175004461459175,0.014425237473113028,0.0,0.12463200610517558,8.855867541321912e-06,1.5186655232705106e-05,9.340633079616818e-06,2.331343338568341,6.855960081957472,6.8634479364596555,2.5963946225476606,1.6815381339581608,2.3338895552185477
as built,"LNL 2023-24, thick",4.0,MM 3° + TOF,13–17,13,17,17.0,0.998909024360423,1255724835.3901446,68.52629286555111,999.6601233936232,136-164,6.3104646922909255e-06,1.1837682708873483,1.8715172481095654,3.4175004461459175,0.014425237473113028,0.0,0.12463200610517558,8.042468761559033e-06,1.288875170493958e-05,7.934597672623722e-06,1.9227498151204776,4.9381664836974695,4.943559786997877,1.8735612578010818,1.1850611437265632,1.9248497793395825
"as built, LS off","ATOMKI 2016, 18.15 res",1.0,trigger,8–14,8,14,16.6,0.9989557913144643,191016489.75285098,18.87682277136366,265.7787858963464,130-178,0.00018170260935882574,981.4458456541626,1033.7640145211928,311.1450214926381,17.230730557085174,67896.2976555384,0.010406753175164492,0.00024123226783156123,0.0003474891696543519,0.00018648276448104509,1729.8753580011323,3589.4388533612055,3593.1908945020323,1034.8446082493065,982.4717511900486,1731.6835970537754
"as built, LS off","ATOMKI 2016, 18.15 res",1.0,trigger,8–14,8,14,16.7,0.9989557913144643,191016489.75285098,19.538298515377974,265.7787858963464,132-178,0.0001685296118121911,844.2993477279376,885.3031337361393,311.1450214926381,17.230730557085174,67896.2976555384,0.010406753175164492,0.00023306526732644816,0.0003342819457349924,0.000172573455139786,1614.727075919998,3321.772272424863,3325.244521635885,886.2285412763097,845.1818940025125,1616.4149504506884
"as built, LS off","ATOMKI 2016, 18.15 res",1.0,trigger,8–14,8,14,16.8,0.9989557913144643,191016489.75285098,20.692854348108458,265.7787858963464,134-178,0.00015124651836597637,680.0091949414276,708.8204516512765,311.1450214926381,17.230730557085174,67896.2976555384,0.010406753175164492,0.00022006141298755956,0.0003088803486689511,0.00015441735651651643,1439.5667504780395,2836.119791731653,2839.084388308894,709.5613818090823,680.7200086869165,1441.0715298860246
"as built, LS off","ATOMKI 2016, 18.15 res",1.0,trigger,8–14,8,14,17.0,0.9989557913144643,191016489.75285098,22.77743847317188,265.7787858963464,138-178,0.000123094666706516,450.4249991554179,467.34472950669516,311.1450214926381,17.230730557085174,67896.2976555384,0.010406753175164492,0.00019992146052568772,0.00027862950262549056,0.0001253853129381796,1188.1269434816916,2307.800229884906,2310.212573920027,467.833245044553,450.895828495805,1189.3688928098695
"as built, LS off","ATOMKI 2016, 18.15 res",1.0,MM 15°,8–16,8,16,16.6,0.9989557913144643,191016489.75285098,14.332341328709557,194.84638664365727,126-170,0.00012738103382760807,482.34030258591633,445.1501145006039,227.42543519585846,6.547207580484245,12183.623328276626,0.0061512581593764284,0.00013634267451759037,0.00015223553750096558,0.00012237176901475403,552.5958648813788,688.9315956661087,689.6517359988335,445.61543000302174,482.8444929992692,553.1734934478452
"as built, LS off","ATOMKI 2016, 18.15 res",1.0,MM 15°,8–16,8,16,16.7,0.9989557913144643,191016489.75285098,14.70105077004865,194.84638664365727,128-172,0.00012115898546546811,436.3703852265609,400.7684953189441,227.42543519585846,6.547207580484245,12183.623328276626,0.0061512581593764284,0.0001329231345038603,0.00014934241063584603,0.00011611137835082865,525.2247231370789,662.9951133925582,663.6881423152508,401.1874187060846,436.82652327623833,525.7737406436855
"as built, LS off","ATOMKI 2016, 18.15 res",1.0,MM 15°,8–16,8,16,16.8,0.9989557913144643,191016489.75285098,15.62887781198554,194.84638664365727,132-170,0.00011068471930961214,364.1827315293587,330.4575428761358,227.42543519585846,6.547207580484245,12183.623328276626,0.0061512581593764284,0.00012503199349070857,0.00013979712396575624,0.00010543524905055809,464.71460749882834,580.9523147769625,581.5595843460932,330.80297021083095,364.56341181039966,465.200373769633
"as built, LS off","ATOMKI 2016, 18.15 res",1.0,MM 15°,8–16,8,16,17.0,0.9989557913144643,191016489.75285098,17.10041370174784,194.84638664365727,136-170,9.311716789273033e-05,257.75288217487895,234.992931704661,227.42543519585846,6.547207580484245,12183.623328276626,0.0061512581593764284,0.00011427265930154224,0.00012637632014958527,8.891097920136072e-05,388.17600070886886,474.7614237381233,475.257691947923,235.2385698624844,258.0223113134144,388.5817611589117
"as built, LS off","ATOMKI 2016, 18.15 res",1.0,MM 3°,8–16,8,16,16.6,0.9989557913144643,191016489.75285098,15.60466405762894,207.52690477842557,128-160,2.3004195335617563e-05,15.731064299620952,23.251533577779753,235.1997178048099,6.549192982794167,34.46924867423736,0.0037875147145630893,2.4524761826606523e-05,4.478114078855215e-05,2.796750953439564e-05,17.879427546128905,59.612085919266626,59.674398444426416,23.27583841041103,15.74750798423363,17.89811691526656
"as built, LS off","ATOMKI 2016, 18.15 res",1.0,MM 3°,8–16,8,16,16.7,0.9989557913144643,191016489.75285098,16.06802726599837,207.52690477842557,130-160,2.169833850313486e-05,13.99577567766423,22.26092858007882,235.1997178048099,6.549192982794167,34.46924867423736,0.0037875147145630893,2.381752676057451e-05,4.598921345921847e-05,2.7365263335730053e-05,16.86309693789188,62.87181196782286,62.93753188526363,22.284197933110768,14.010405464738387,16.880723936444443
"as built, LS off","ATOMKI 2016, 18.15 res",1.0,MM 3°,8–16,8,16,16.8,0.9989557913144643,191016489.75285098,17.25119935387756,207.52690477842557,132-160,1.9684452415150275e-05,11.518361084551588,19.829164816372877,235.1997178048099,6.549192982794167,34.46924867423736,0.0037875147145630893,2.218400364792824e-05,4.590917370753584e-05,2.5827371225558047e-05,14.629310875484345,62.65315786292211,62.71864922118393,19.849892246263373,11.530401229663314,14.64460289702564
"as built, LS off","ATOMKI 2016, 18.15 res",1.0,MM 3°,8–16,8,16,17.0,0.9989557913144643,191016489.75285098,18.97697966438413,207.52690477842557,136-162,1.659218633742541e-05,8.183729115809939,17.387378389773946,235.1997178048099,6.549192982794167,34.46924867423736,0.0037875147145630893,2.0166574247629462e-05,5.1907977166553724e-05,2.4184941782687745e-05,12.089498123815451,80.09625723910412,80.17998187258156,17.405553419831488,8.192283569467548,12.102135278586879
"as built, LS off","ATOMKI 2016, 18.15 res",1.0,MM 15° + TOF,8–17,8,17,16.6,0.9989557913144643,191016489.75285098,14.332341328709557,194.84468864651052,128-176,2.2577174012184373e-05,15.152460950548555,20.780476583971325,227.42543519585846,6.547207580484245,6.3460786575686035,0.00789934506356013,2.5325745205367197e-05,4.03344415846385e-05,2.6439652650607862e-05,19.066390315314493,48.36109328016098,48.41164514049776,20.802198420239975,15.168299820966418,19.086320416868706
"as built, LS off","ATOMKI 2016, 18.15 res",1.0,MM 15° + TOF,8–17,8,17,16.7,0.9989557913144643,191016489.75285098,14.181555676579835,194.84468864651052,130-174,2.2062101666038367e-05,14.468975324691225,20.234895846741477,227.42543519585846,6.547207580484245,6.3460786575686035,0.00789934506356013,2.5595021658074637e-05,4.1666937703833165e-05,2.6090264396597887e-05,19.473993272214912,51.60920623112703,51.6631533445716,20.256047387357977,14.484099747449678,19.4943494412203
"as built, LS off","ATOMKI 2016, 18.15 res",1.0,MM 15° + TOF,8–17,8,17,16.8,0.9989557913144643,191016489.75285098,15.629978437183567,194.84468864651052,132-176,1.9367678224944836e-05,11.150623062574384,15.842962922543219,227.42543519585846,6.547207580484245,6.3460786575686035,0.00789934506356013,2.322314302262458e-05,3.8470724243565804e-05,2.3085867380593565e-05,16.03193733202368,43.99514339549588,44.04113152755777,15.859523574808492,11.162278811059263,16.048695519276425
"as built, LS off","ATOMKI 2016, 18.15 res",1.0,MM 15° + TOF,8–17,8,17,17.0,0.9989557913144643,191016489.75285098,17.10041370174784,194.84468864651052,136-176,1.623596500270785e-05,7.836104624528955,11.986902245022494,227.42543519585846,6.547207580484245,6.3460786575686035,0.00789934506356013,2.122622475795145e-05,3.837901960060847e-05,2.008082148525196e-05,13.393359615786892,43.78564641807042,43.831415562900524,11.9994321563016,7.844295706237318,13.407359697232843
"as built, LS off","ATOMKI 2016, 18.15 res",1.0,MM 3° + TOF,8–17,8,17,16.6,0.9989557913144643,191016489.75285098,15.60466405762894,207.52520678127874,128-162,2.1900006875958448e-05,14.257143316499025,22.794842599245925,235.1997178048099,6.549192982794167,0.0,0.004630331357987759,2.3634845229001e-05,4.3547332103953145e-05,2.76914879527741e-05,16.60540752077382,56.372477210820094,56.431403372358474,22.818670052707336,14.272046311217567,16.622765156527887
"as built, LS off","ATOMKI 2016, 18.15 res",1.0,MM 3° + TOF,8–17,8,17,16.7,0.9989557913144643,191016489.75285098,15.521016542578876,207.52520678127874,130-162,2.1271159490496548e-05,13.450125626341892,23.33603123974988,235.1997178048099,6.549192982794167,0.0,0.004630331357987759,2.3762220653579366e-05,4.627712477850336e-05,2.8018281369584148e-05,16.784873079351772,63.66148269218696,63.72802805259153,23.360424397803865,13.464185045309865,16.80241831048959
"as built, LS off","ATOMKI 2016, 18.15 res",1.0,MM 3° + TOF,8–17,8,17,16.8,0.9989557913144643,191016489.75285098,17.25340060427361,207.52520678127874,132-162,1.862884218078486e-05,10.316104666961628,19.52136161231537,235.1997178048099,6.549192982794167,0.0,0.004630331357987759,2.13762972478168e-05,4.463466701934051e-05,2.5626131285043578e-05,13.583415101873367,59.22275564588001,59.284661204028296,19.541767295456,10.326888093203106,13.597613848356382
"as built, LS off","ATOMKI 2016, 18.15 res",1.0,MM 3° + TOF,8–17,8,17,17.0,0.9989557913144643,191016489.75285098,18.97697966438413,207.52520678127874,136-164,1.564277203214374e-05,7.273968990773437,17.224659976587237,235.1997178048099,6.549192982794167,0.0,0.004630331357987759,1.9434800815263668e-05,5.04156664446931e-05,2.4071509333907475e-05,11.22804645448791,75.55705776048019,75.63603756784804,17.242664917055407,7.281572471993049,11.239783133659614
"as built, LS off","ATOMKI 2016, 18.15 res",4.0,trigger,8–14,8,14,16.6,0.9989315785752233,764065959.0114039,75.50729108545464,1063.1151435853856,130-178,4.619712075217861e-05,63.441556652537805,69.04368157051793,1244.5800859705523,68.9229222283407,67896.2976555384,0.0810666672418221,6.108781563963009e-05,9.000180947095086e-05,4.819366605719286e-05,110.93107073785474,240.79446218921936,241.0520073183237,69.11752821849419,63.50941146842563,111.04971863646136
"as built, LS off","ATOMKI 2016, 18.15 res",4.0,trigger,8–14,8,14,16.7,0.9989315785752233,764065959.0114039,78.1531940615119,1063.1151435853856,132-178,4.286582689191895e-05,54.62185241165165,59.242969420825865,1244.5800859705523,68.9229222283407,67896.2976555384,0.0810666672418221,5.9019666856427214e-05,8.669444221588723e-05,4.4642283670490943e-05,103.54699987644628,223.42230413566614,223.66126862695992,59.30633357824582,54.680273987892974,103.65775003743042
"as built, LS off","ATOMKI 2016, 18.15 res",4.0,trigger,8–14,8,14,16.8,0.9989315785752233,764065959.0114039,82.77141739243383,1063.1151435853856,134-178,3.848799511347063e-05,44.03465421684122,47.51462636807846,1244.5800859705523,68.9229222283407,67896.2976555384,0.0810666672418221,5.572667017899557e-05,8.022389968126703e-05,3.9979895335307716e-05,92.31455913313181,191.3161141519024,191.5207390127527,47.565446309995124,44.08175210523214,92.41329547795468
"as built, LS off","ATOMKI 2016, 18.15 res",4.0,trigger,8–14,8,14,17.0,0.9989315785752233,764065959.0114039,91.10975389268752,1063.1151435853856,138-178,3.1357383959058034e-05,29.229653054571642,31.460229589629645,1244.5800859705523,68.9229222283407,67896.2976555384,0.0810666672418221,5.062658255787851e-05,7.278849718829543e-05,3.253186320202305e-05,76.1905725769824,157.49599651993134,157.66444859473555,31.493878323980297,29.260916044181837,76.27206328350643
"as built, LS off","ATOMKI 2016, 18.15 res",4.0,MM 15°,8–16,8,16,16.6,0.9989315785752233,764065959.0114039,57.32936531483823,779.3855465746291,126-170,3.332225368209346e-05,33.00750863417929,31.82452902779381,909.7017407834338,26.18883032193698,12183.623328276626,0.06482946372331748,3.578189474092417e-05,4.490847097930046e-05,3.271967537270173e-05,38.06016620840001,59.951568540388564,60.01569059003773,31.858567403770692,33.04281228275706,38.10087399848271
"as built, LS off","ATOMKI 2016, 18.15 res",4.0,MM 15°,8–16,8,16,16.7,0.9989315785752233,764065959.0114039,58.8042030801946,779.3855465746291,128-172,3.166448484399801e-05,29.80498217704458,28.695354698751647,909.7017407834338,26.18883032193698,12183.623328276626,0.06482946372331748,3.488446756878899e-05,4.44964267039089e-05,3.106946623400546e-05,36.17497257900984,58.85648006588397,58.91943084813777,28.72604622198434,29.83686051807016,36.21366403353293
"as built, LS off","ATOMKI 2016, 18.15 res",4.0,MM 15°,8–16,8,16,16.8,0.9989315785752233,764065959.0114039,62.51551124794216,779.3855465746291,132-170,2.8916622035479314e-05,24.856451544077515,23.74429212338226,909.7017407834338,26.18883032193698,12183.623328276626,0.06482946372331748,3.281350938847285e-05,4.220833734243026e-05,2.826230682429478e-05,32.00732456561818,52.959088621058044,53.01573176472569,23.769688167480655,24.883037114043674,32.04155845315276
"as built, LS off","ATOMKI 2016, 18.15 res",4.0,MM 15°,8–16,8,16,17.0,0.9989315785752233,764065959.0114039,68.40165480699136,779.3855465746291,134-174,2.4311493102368028e-05,17.569818575103685,17.076226054034557,909.7017407834338,26.18883032193698,12183.623328276626,0.06482946372331748,2.998981999847554e-05,3.949832493361498e-05,2.3967566510968998e-05,26.735710568994154,46.37686303690341,46.42646606792705,17.094490173581647,17.588610623525916,26.764306127079607
"as built, LS off","ATOMKI 2016, 18.15 res",4.0,MM 3°,8–16,8,16,16.6,0.9989315785752233,764065959.0114039,62.41865623051576,830.1076191137023,128-162,1.10969553434306e-05,3.660595062250087,5.58107964476751,940.7988712192396,26.196771931176666,34.46924867423736,0.05412474367259636,1.1930353405921206e-05,2.1953815267633986e-05,1.3702099081891763e-05,4.231074090076565,14.3272890845838,14.342613039642636,5.587048967585756,3.664510303569736,4.235599495324143
"as built, LS off","ATOMKI 2016, 18.15 res",4.0,MM 3°,8–16,8,16,16.7,0.9989315785752233,764065959.0114039,64.27210906399348,830.1076191137023,130-162,1.0432105348597124e-05,3.235101724263636,5.31318648068062,940.7988712192396,26.196771931176666,34.46924867423736,0.05412474367259636,1.1586310746568316e-05,2.253384784161816e-05,1.3369203162870108e-05,3.9905647061844363,15.094360836777627,15.110505224298468,5.318869274569156,3.2385618731543793,3.994832871212442
"as built, LS off","ATOMKI 2016, 18.15 res",4.0,MM 3°,8–16,8,16,16.8,0.9989315785752233,764065959.0114039,69.00479741551024,830.1076191137023,132-162,9.450443039145917e-06,2.6549011187913645,4.710067808085832,940.7988712192396,26.196771931176666,34.46924867423736,0.05412474367259636,1.0791664577590329e-05,2.2465354105962915e-05,1.2587560568434514e-05,3.461950783448806,15.002738855716549,15.018785247649257,4.715105527851872,2.6577407059030524,3.4656535619652633
"as built, LS off","ATOMKI 2016, 18.15 res",4.0,MM 3°,8–16,8,16,17.0,0.9989315785752233,764065959.0114039,75.90791865753653,830.1076191137023,136-162,7.944081142782611e-06,1.8759936148369285,4.078550149956645,940.7988712192396,26.196771931176666,34.46924867423736,0.05412474367259636,9.810262764711217e-06,2.533809188491623e-05,1.1713343973628605e-05,2.8609172268929655,19.084985147694937,19.10539776399487,4.082912421062796,1.8780001103906028,2.863977161452332
"as built, LS off","ATOMKI 2016, 18.15 res",4.0,MM 15° + TOF,8–17,8,17,16.6,0.9989315785752233,764065959.0114039,57.32936531483823,779.3787545860421,128-176,1.1236521234875886e-05,3.7532523621229696,5.148713515485548,909.7017407834338,26.18883032193698,6.3460786575686035,0.08014880832940036,1.2593611550454916e-05,2.0080832175189023e-05,1.3160650540947201e-05,4.714597261704859,11.986915007375346,11.999735782176684,5.15422039498357,3.757266706370656,4.7196398260122
"as built, LS off","ATOMKI 2016, 18.15 res",4.0,MM 15° + TOF,8–17,8,17,16.7,0.9989315785752233,764065959.0114039,56.72622270631934,779.3787545860421,130-174,1.0979040126721354e-05,3.583214093464852,5.013324422295622,909.7017407834338,26.18883032193698,6.3460786575686035,0.08014880832940036,1.2727513357394173e-05,2.0739841953665003e-05,1.2986463474172819e-05,4.815386333610199,12.786594657045269,12.800270740547411,5.018686494470552,3.5870465708728445,4.820536698297583
"as built, LS off","ATOMKI 2016, 18.15 res",4.0,MM 15° + TOF,8–17,8,17,16.8,0.9989315785752233,764065959.0114039,62.51991374873427,779.3787545860421,132-176,9.638558990750038e-06,2.7616474262237927,3.925276829758877,909.7017407834338,26.18883032193698,6.3460786575686035,0.08014880832940036,1.1548060672489536e-05,1.9146645661965888e-05,1.1491140611492343e-05,3.9642599671670466,10.897563617861982,10.9092192614485,3.929475165213519,2.7646011853611956,3.9684999975886965
"as built, LS off","ATOMKI 2016, 18.15 res",4.0,MM 15° + TOF,8–17,8,17,17.0,0.9989315785752233,764065959.0114039,68.40165480699136,779.3787545860421,136-176,8.080577212853292e-06,1.941014509300947,2.972021691806713,909.7017407834338,26.18883032193698,6.3460786575686035,0.08014880832940036,1.055506272832747e-05,1.910795039065522e-05,9.998940429484408e-06,3.3118118073403013,10.853560289290753,10.865168868493669,2.9752004597208845,1.9430905488736447,3.315354002587385
"as built, LS off","ATOMKI 2016, 18.15 res",4.0,MM 3° + TOF,8–17,8,17,16.6,0.9989315785752233,764065959.0114039,62.41865623051576,830.100827125115,128-162,1.0950146935560602e-05,3.5643792482273255,5.698844725321753,940.7988712192396,26.196771931176666,0.0,0.06592597367123723,1.1817578474606985e-05,2.1773942096909294e-05,1.3845906852200899e-05,4.1514613853595215,14.093476648024929,14.108550525679108,5.704940005450642,3.5681915805597035,4.1559016397106525
"as built, LS off","ATOMKI 2016, 18.15 res",4.0,MM 3° + TOF,8–17,8,17,16.7,0.9989315785752233,764065959.0114039,62.0840661703155,830.100827125115,130-162,1.063571861819688e-05,3.362619218949457,5.8341438988472,940.7988712192396,26.196771931176666,0.0,0.06592597367123723,1.1881267026874049e-05,2.313885098189039e-05,1.4009304078262411e-05,4.196328958498349,15.915767680206,15.932790615055607,5.84038389012433,3.3662157559835704,4.200817201598107
"as built, LS off","ATOMKI 2016, 18.15 res",4.0,MM 3° + TOF,8–17,8,17,16.8,0.9989315785752233,764065959.0114039,69.01360241709445,830.100827125115,132-162,9.314541950578331e-06,2.5790930959894047,4.880452425969394,940.7988712192396,26.196771931176666,0.0,0.06592597367123723,1.0688289590008791e-05,2.2317605441491263e-05,1.2813212696650688e-05,3.395943351958688,14.806049721821653,14.82188574210411,4.88567238301785,2.5818516015561013,3.3995755312914664
"as built, LS off","ATOMKI 2016, 18.15 res",4.0,MM 3° + TOF,8–17,8,17,17.0,0.9989315785752233,764065959.0114039,75.90791865753653,830.100827125115,136-164,7.821486275086248e-06,1.8185388689465678,4.306259315597244,940.7988712192396,26.196771931176666,0.0,0.06592597367123723,9.717528570524174e-06,2.520811613164075e-05,1.2035886480716381e-05,2.8070856575194285,18.889688433599474,18.90989216753148,4.310865136268156,1.8204839129626385,2.810088015760976
"as built, LS off",ATOMKI 2016 anomaly,1.0,trigger,8–14,8,14,16.6,0.9989567650626051,159647559.20533565,15.78541840810765,222.34271428839287,130-178,0.00021718466378686528,1402.175332467708,1578.123376460051,304.9372388559809,14.8952619736802,67896.2976555384,0.009232733170264096,0.0002883655230017755,0.00040245922052855004,0.00023040848592036735,2471.898776934825,4814.905594186921,4819.933917645743,1579.7714492289856,1403.6396583988626,2474.4802411743112
"as built, LS off",ATOMKI 2016 anomaly,1.0,trigger,8–14,8,14,16.7,0.9989567650626051,159647559.20533565,16.338566123300506,222.34271428839287,132-178,0.00020143706115647716,1206.2095602662994,1338.0127811545249,304.9372388559809,14.8952619736802,67896.2976555384,0.009232733170264096,0.000278602810106098,0.0003857697776250375,0.0002121573707370032,2307.3580796377673,4423.850217861797,4428.470152644246,1339.4101005669359,1207.4692343574104,2309.7677100101164
"as built, LS off",ATOMKI 2016 anomaly,1.0,trigger,8–14,8,14,16.8,0.9989567650626051,159647559.20533565,17.304043582929967,222.34271428839287,134-178,0.0001807769813499562,971.471967479263,1062.6821988115312,304.9372388559809,14.8952619736802,67896.2976555384,0.009232733170264096,0.00026305819291545416,0.00035528657200151057,0.00018907307890871167,2057.063402495371,3752.3349656535233,3756.2536206643163,1063.791983775126,972.4864993715522,2059.211644025909
"as built, LS off",ATOMKI 2016 anomaly,1.0,trigger,8–14,8,14,17.0,0.9989567650626051,159647559.20533565,19.04724120784722,222.34271428839287,138-178,0.00014712454915185788,643.4492557413033,690.4303965748467,304.9372388559809,14.8952619736802,67896.2976555384,0.009232733170264096,0.00023898318845148362,0.00031676673517054825,0.00015240104507770885,1697.769451915497,2982.7932375329437,2985.908241330155,691.1514298935421,644.1212255076705,1699.5424740019623
"as built, LS off",ATOMKI 2016 anomaly,1.0,MM 15°,8–16,8,16,16.6,0.9989567650626051,159647559.20533565,11.98517395547652,163.0021205374615,126-170,0.00015212290276796095,687.9125311103002,649.3852147937703,222.55109110873374,5.962770368839197,12183.623328276626,0.005445426497827931,0.0001628026249405847,0.0001759454928779978,0.00014780161915778337,787.8922320911024,920.2383015482036,921.199328872388,650.0633836270912,688.630934960622,788.7150471839738
"as built, LS off",ATOMKI 2016 anomaly,1.0,MM 15°,8–16,8,16,16.7,0.9989567650626051,159647559.20533565,12.293500884910143,163.0021205374615,128-172,0.00014469677826198,622.3887526574495,578.8110000813338,222.55109110873374,5.962770368839197,12183.623328276626,0.005445426497827931,0.00015871945661273442,0.00017164028970392887,0.00013953924911198307,748.8664062854245,875.754727991933,876.6693000342702,579.4154665392945,623.0387284262938,749.6484657556654
"as built, LS off",ATOMKI 2016 anomaly,1.0,MM 15°,8–16,8,16,16.8,0.9989567650626051,159647559.20533565,13.069380292410276,163.0021205374615,132-170,0.0001321891343720857,519.4401678371382,473.6088656977243,222.55109110873374,5.962770368839197,12183.623328276626,0.005445426497827931,0.00014929688605466854,0.0001597481572125399,0.00012622282773758258,662.5909686569762,758.6050455648739,759.3972753338646,474.1034669984371,519.9826318855598,663.2829285814499
"as built, LS off",ATOMKI 2016 anomaly,1.0,MM 15°,8–16,8,16,17.0,0.9989567650626051,159647559.20533565,14.299926873463269,163.0021205374615,136-170,0.00011120959052405422,367.64485804184915,331.26871951150514,222.55109110873374,5.962770368839197,12183.623328276626,0.005445426497827931,0.0001364494935944065,0.00014230351318234613,0.00010556457608671118,553.4620779479778,601.9705667074362,602.5992192662217,331.61467152259024,368.0287985424561,554.0400719077087
"as built, LS off",ATOMKI 2016 anomaly,1.0,MM 3°,8–16,8,16,16.6,0.9989567650626051,159647559.20533565,13.049131956745978,173.61290903235908,128-160,2.6406606118088206e-05,20.728562624133577,27.88584164692938,230.6448115660042,5.964619345283105,34.46924867423736,0.0031036887894818105,2.811891755395493e-05,5.136923593287983e-05,3.0628086995480215e-05,23.503969215401742,78.44228300617931,78.52420219734263,27.914963512141348,20.750209968130612,23.52851498425834
"as built, LS off",ATOMKI 2016 anomaly,1.0,MM 3°,8–16,8,16,16.7,0.9989567650626051,159647559.20533565,13.436611471049126,173.61290903235908,130-160,2.4909605190189464e-05,18.444959296406477,25.839215967998406,230.6448115660042,5.964619345283105,34.46924867423736,0.0031036887894818105,2.7308035692853827e-05,5.27457814257202e-05,2.948272757333464e-05,22.167919542276415,82.7026592809111,82.78902768702717,25.866200492049373,18.46422181769851,22.19107004184224
"as built, LS off",ATOMKI 2016 anomaly,1.0,MM 3°,8–16,8,16,16.8,0.9989567650626051,159647559.20533565,14.426018781918213,173.61290903235908,132-160,2.260005224263003e-05,15.183185534173795,22.21941247924981,230.6448115660042,5.964619345283105,34.46924867423736,0.0031036887894818105,2.5435116312362705e-05,5.254952010283446e-05,2.7339733645410004e-05,19.231425143383454,82.08834907961364,82.17407594658926,22.242616754146823,15.19904170549589,19.25150899015956
"as built, LS off",ATOMKI 2016 anomaly,1.0,MM 3°,8–16,8,16,17.0,0.9989567650626051,159647559.20533565,15.869172887446336,173.61290903235908,136-162,1.9064520428365302e-05,10.804278809856061,17.858047860503955,230.6448115660042,5.964619345283105,34.46924867423736,0.0031036887894818105,2.3122028365617272e-05,5.7961921541285226e-05,2.45100944516204e-05,15.892633642699455,99.86873807247635,99.97303343375178,17.87669745585514,10.815561981983226,15.909230708001116
"as built, LS off",ATOMKI 2016 anomaly,1.0,MM 15° + TOF,8–17,8,17,16.6,0.9989567650626051,159647559.20533565,11.98517395547652,163.00070178899483,128-176,2.584877285629278e-05,19.862040968377475,26.556919890499053,222.55109110873374,5.962770368839197,6.3460786575686035,0.006946223828348386,2.8958374952482457e-05,4.5986564693119884e-05,2.9889375790009202e-05,24.92828418218083,62.86456992492569,62.93022093001786,26.58465393027767,19.882783382654914,24.954317397929188
"as built, LS off",ATOMKI 2016 anomaly,1.0,MM 15° + TOF,8–17,8,17,16.7,0.9989567650626051,159647559.20533565,11.859082047021575,163.00070178899483,130-174,2.5258197420314377e-05,18.964819765861353,25.299293714573103,222.55109110873374,5.962770368839197,6.3460786575686035,0.006946223828348386,2.9266275407933767e-05,4.7454857943344836e-05,2.9173073896287296e-05,25.461203217985393,66.94303039307486,67.01294063400182,25.32571438463364,18.98462519013305,25.487792974093054
"as built, LS off",ATOMKI 2016 anomaly,1.0,MM 15° + TOF,8–17,8,17,16.8,0.9989567650626051,159647559.20533565,13.070300671304107,163.00070178899483,132-176,2.2176198493176572e-05,14.619018418809953,19.389385041054815,222.55109110873374,5.962770368839197,6.3460786575686035,0.006946223828348386,2.6554183411817936e-05,4.3693051297512214e-05,2.5539360069921173e-05,20.96089942534087,56.75037846869897,56.80964427438698,19.40963384920835,14.6342854166404,20.982789404331466
"as built, LS off",ATOMKI 2016 anomaly,1.0,MM 15° + TOF,8–17,8,17,17.0,0.9989567650626051,159647559.20533565,14.299926873463269,163.00070178899483,136-176,1.85936814941116e-05,10.277199509645309,13.97881438640833,222.55109110873374,5.962770368839197,6.3460786575686035,0.006946223828348386,2.4270834693391685e-05,4.291930406731678e-05,2.1685186555775263e-05,17.511100377941297,54.75822418617106,54.815409536507154,13.99341280353837,10.287932239991619,17.529387647566377
"as built, LS off",ATOMKI 2016 anomaly,1.0,MM 3° + TOF,8–17,8,17,16.6,0.9989567650626051,159647559.20533565,13.049131956745978,173.61149028389235,128-162,2.50355105132589e-05,18.631890209854248,26.812519180211385,230.6448115660042,5.964619345283105,0.0,0.003798540442281304,2.7007136465607797e-05,4.9886208030638326e-05,3.00328677488899e-05,21.682087398096385,73.9784111675423,74.05566862836756,26.840520148568224,18.651347947662757,21.70473053129337
"as built, LS off",ATOMKI 2016 anomaly,1.0,MM 3° + TOF,8–17,8,17,16.7,0.9989567650626051,159647559.20533565,12.979183160814769,173.61149028389235,130-162,2.4314712185175313e-05,17.574471719616906,26.565219607400394,230.6448115660042,5.964619345283105,0.0,0.003798540442281304,2.7152686201204606e-05,5.300616309747995e-05,2.989404602245988e-05,21.916419974467505,83.52120470620231,83.60842793928924,26.592962314775995,17.592825169481188,21.939307826894783
"as built, LS off",ATOMKI 2016 anomaly,1.0,MM 3° + TOF,8–17,8,17,16.8,0.9989567650626051,159647559.20533565,14.427859539705878,173.61149028389235,132-162,2.1293375925169358e-05,13.478235977722415,21.40619356908487,230.6448115660042,5.964619345283105,0.0,0.003798540442281304,2.4426332024074216e-05,5.102743996396725e-05,2.6834760138000397e-05,17.736197864159138,77.40189147670279,77.48272416159269,21.428548579620795,13.49231162859959,17.754720208584406
"as built, LS off",ATOMKI 2016 anomaly,1.0,MM 3° + TOF,8–17,8,17,17.0,0.9989567650626051,159647559.20533565,15.869172887446336,173.61149028389235,136-162,1.788424655882659e-05,9.507915427375167,17.23014847610585,230.6448115660042,5.964619345283105,0.0,0.003798540442281304,2.2207817005532268e-05,5.626352181323375e-05,2.407534412497983e-05,14.66073531959596,94.10178022676068,94.20005301316847,17.248142340800932,9.517844775573748,14.676045883404337
"as built, LS off",ATOMKI 2016 anomaly,4.0,trigger,8–14,8,14,16.6,0.9989354770703094,638590236.8213426,63.1416736324306,889.3708571535715,130-178,5.514352219604851e-05,90.39262901861161,103.50722585028686,1219.7489554239237,59.5810478947208,67896.2976555384,0.06648182922344742,7.294305085315674e-05,0.00010442802256000296,5.9008330578009494e-05,158.16553709174224,324.17395647421176,324.51941483243064,103.6175290859167,90.4889565877831,158.33408735828678
"as built, LS off",ATOMKI 2016 anomaly,4.0,trigger,8–14,8,14,16.7,0.9989354770703094,638590236.8213426,65.35426449320202,889.3708571535715,132-178,5.1164970636207396e-05,77.81968549952333,87.82446954130398,1219.7489554239237,59.5810478947208,67896.2976555384,0.06648182922344742,7.047353904813492e-05,0.00010023879559009416,5.435453205915277e-05,147.63732776364438,298.686567816667,299.0048653519232,87.9180603324618,77.90261461906817,147.7946585665743
"as built, LS off",ATOMKI 2016 anomaly,4.0,trigger,8–14,8,14,16.8,0.9989354770703094,638590236.8213426,69.21617433171987,889.3708571535715,134-178,4.593742268001978e-05,62.730285448358956,69.80988759687656,1219.7489554239237,59.5810478947208,67896.2976555384,0.06648182922344742,6.65414746653099e-05,9.24589214082226e-05,4.846034067935272e-05,131.6221120878145,254.12164530237467,254.39245190056303,69.88428101644351,62.79713443788695,131.76237615850573
"as built, LS off",ATOMKI 2016 anomaly,4.0,trigger,8–14,8,14,17.0,0.9989354770703094,638590236.8213426,76.18896483138889,889.3708571535715,138-178,3.7422879098647476e-05,41.63114982259173,45.460311719871314,1219.7489554239237,59.5810478947208,67896.2976555384,0.06648182922344742,6.045161948212088e-05,8.293629649387093e-05,3.9106072242766485e-05,108.63252966739408,204.47173829129804,204.6896351013334,45.50875683502391,41.67551436323805,108.748294720689
"as built, LS off",ATOMKI 2016 anomaly,4.0,MM 15°,8–16,8,16,16.6,0.9989354770703094,638590236.8213426,47.94069582190608,652.008482149846,126-170,3.9652418855718887e-05,46.739426905748225,45.77651963991274,890.204364434935,23.85108147535679,12183.623328276626,0.05313565523305338,4.255907343719762e-05,5.172784934429453e-05,3.924184145381897e-05,53.84288739098632,79.54133168210558,79.62609548655274,45.82530172435831,46.78923511939551,53.90026545948435
"as built, LS off",ATOMKI 2016 anomaly,4.0,MM 15°,8–16,8,16,16.7,0.9989354770703094,638590236.8213426,49.17400353964057,652.008482149846,128-172,3.7683657810645315e-05,42.213378893870676,40.684601689915596,890.204364434935,23.85108147535679,12183.623328276626,0.05313565523305338,4.149167135578254e-05,5.0969589317440516e-05,3.699499967358779e-05,51.17594506231465,77.2264873718355,77.30878434543773,40.72795753459063,42.25836389120407,51.23048108412779
"as built, LS off",ATOMKI 2016 anomaly,4.0,MM 15°,8–16,8,16,16.8,0.9989354770703094,638590236.8213426,52.277521169641105,652.008482149846,132-170,3.4414746723669226e-05,35.207336267963775,33.27036874842774,890.204364434935,23.85108147535679,12183.623328276626,0.05313565523305338,3.902846861261882e-05,4.803728948522328e-05,3.345467388418409e-05,45.28006427604555,68.59634902161544,68.66944922488456,33.305823561300976,35.24485522450389,45.32831730918547
"as built, LS off",ATOMKI 2016 anomaly,4.0,MM 15°,8–16,8,16,17.0,0.9989354770703094,638590236.8213426,57.199707493853076,652.008482149846,134-174,2.8936950886998812e-05,24.891412801325245,23.335575560168465,890.204364434935,23.85108147535679,12183.623328276626,0.05313565523305338,3.566996552096206e-05,4.408883291949255e-05,2.8018007813619924e-05,37.82242688069625,57.78315066001574,57.84472769901305,23.360443287695954,24.917938518238532,37.86273262775924
"as built, LS off",ATOMKI 2016 anomaly,4.0,MM 3°,8–16,8,16,16.6,0.9989354770703094,638590236.8213426,52.19652782698391,694.4516361294363,128-160,1.269844608309725e-05,4.793416555449698,6.6599134366083765,922.5792462640168,23.85847738113242,34.46924867423736,0.04359009361120016,1.3644800007961863e-05,2.5166660168338265e-05,1.4967948690702606e-05,5.534499621203211,18.82760951333602,18.847673293728512,6.667010622288293,4.79852469501623,5.540397501383033
"as built, LS off",ATOMKI 2016 anomaly,4.0,MM 3°,8–16,8,16,16.7,0.9989354770703094,638590236.8213426,53.746445884196504,694.4516361294363,130-162,1.1940067865633704e-05,4.23796731973658,6.139652466858514,922.5792462640168,23.85847738113242,34.46924867423736,0.04359009361120016,1.325131683765212e-05,2.5828282915320522e-05,1.4371426824957932e-05,5.2198988683663075,19.830564754870327,19.85169734188404,6.146195232613987,4.242483540744537,5.225461491942696
"as built, LS off",ATOMKI 2016 anomaly,4.0,MM 3°,8–16,8,16,16.8,0.9989354770703094,638590236.8213426,57.70407512767285,694.4516361294363,132-162,1.0816558177220483e-05,3.4779408680498003,5.25564494291141,922.5792462640168,23.85847738113242,34.46924867423736,0.04359009361120016,1.234247636295032e-05,2.5700939517828432e-05,1.329661219557598e-05,4.528440034779647,19.635502143254314,19.656426860362956,5.261245659554741,3.4816471612860815,4.5332658001703106
"as built, LS off",ATOMKI 2016 anomaly,4.0,MM 3°,8–16,8,16,17.0,0.9989354770703094,638590236.8213426,63.47669154978534,694.4516361294363,136-162,9.093321118786158e-06,2.458040694689724,4.177257004909162,922.5792462640168,23.85847738113242,34.46924867423736,0.04359009361120016,1.1220042600213622e-05,2.8293005398305912e-05,1.1854236611656788e-05,3.7422519604818207,23.79590233259713,23.82126061073139,4.181708529524124,2.460660123813699,3.7462399187754793
"as built, LS off",ATOMKI 2016 anomaly,4.0,MM 15° + TOF,8–17,8,17,16.6,0.9989354770703094,638590236.8213426,47.94069582190608,652.0028071559793,128-176,1.2859294658730028e-05,4.915620068966784,6.572258905234029,890.204364434935,23.85108147535679,6.3460786575686035,0.06519768684592149,1.4392493248922689e-05,2.288704643533751e-05,1.4869122017525876e-05,6.157665336512639,15.571251323819718,15.587844942185136,6.579262681218644,4.920858435605247,6.164227297814987
"as built, LS off",ATOMKI 2016 anomaly,4.0,MM 15° + TOF,8–17,8,17,16.7,0.9989354770703094,638590236.8213426,47.4363281880863,652.0028071559793,130-174,1.2564073837832396e-05,4.692507473320584,6.26068290344048,890.204364434935,23.85108147535679,6.3460786575686035,0.06519768684592149,1.4545521698678407e-05,2.3613006643031522e-05,1.4512386877138364e-05,6.2893044437195105,16.574734920447405,16.592397908479533,6.267354646169831,4.697508078382429,6.296006687203524
"as built, LS off",ATOMKI 2016 anomaly,4.0,MM 15° + TOF,8–17,8,17,16.8,0.9989354770703094,638590236.8213426,52.28120268521643,652.0028071559793,132-176,1.1031495478874872e-05,3.617535448883374,4.798077113906681,890.204364434935,23.85108147535679,6.3460786575686035,0.06519768684592149,1.319759503467863e-05,2.173904687953117e-05,1.2704617826279576e-05,5.177660960147861,14.048340048467715,14.063310765244683,4.80319022003157,3.621390502110234,5.183178572587061
"as built, LS off",ATOMKI 2016 anomaly,4.0,MM 15° + TOF,8–17,8,17,17.0,0.9989354770703094,638590236.8213426,57.199707493853076,652.0028071559793,136-176,9.250088814917636e-06,2.543523872885385,3.4611565980135683,890.204364434935,23.85108147535679,6.3460786575686035,0.06519768684592149,1.2062756457969444e-05,2.136392144620042e-05,1.079042668096014e-05,4.325508126167763,13.567691425666535,13.58214993570759,3.464845004969182,2.546234397786195,4.3301176356792
"as built, LS off",ATOMKI 2016 anomaly,4.0,MM 3° + TOF,8–17,8,17,16.6,0.9989354770703094,638590236.8213426,52.19652782698391,694.4459611355694,128-162,1.2517896381562728e-05,4.658077580842485,6.70326646168303,922.5792462640168,23.85847738113242,0.0,0.052586559867806366,1.3503722089915103e-05,2.4943381521920137e-05,1.5016586954798255e-05,5.420645371036299,18.49501432069164,18.514723668573723,6.710409846832604,4.663041495436476,5.426421921598016
"as built, LS off",ATOMKI 2016 anomaly,4.0,MM 3° + TOF,8–17,8,17,16.7,0.9989354770703094,638590236.8213426,51.916732643259074,694.4459611355694,130-162,1.2157492384758363e-05,4.393716441303733,6.641438357141372,922.5792462640168,23.85847738113242,0.0,0.052586559867806366,1.3576497786896633e-05,2.6503369016792526e-05,1.4947173188741601e-05,5.479229850107287,20.880754139128356,20.903005868174485,6.648515854717131,4.398398637507279,5.485068831649509
"as built, LS off",ATOMKI 2016 anomaly,4.0,MM 3° + TOF,8–17,8,17,16.8,0.9989354770703094,638590236.8213426,57.71143815882351,694.4459611355694,132-162,1.0646806194972118e-05,3.3696338333322435,5.351653548594284,922.5792462640168,23.85847738113242,0.0,0.052586559867806366,1.2213305166548632e-05,2.5513986920629494e-05,1.3417511892102491e-05,4.434150508063123,19.3508777819873,19.371499187054404,5.357356577513577,3.3732247083813145,4.438875793126956
"as built, LS off",ATOMKI 2016 anomaly,4.0,MM 3° + TOF,8–17,8,17,17.0,0.9989354770703094,638590236.8213426,63.47669154978534,694.4459611355694,136-162,8.942220005584712e-06,2.3770302802698997,4.307616996968467,922.5792462640168,23.85847738113242,0.0,0.052586559867806366,1.1104035018606678e-05,2.813202435254183e-05,1.2037783673833785e-05,3.665267351202241,23.52588567693242,23.550956209833927,4.312207440666639,2.3795633800506155,3.6691732702814637
"as built, LS off",ATOMKI 2022 direct,1.0,trigger,8–14,8,14,16.6,0.9989604971476108,74197813.45761879,7.085544959909602,152.30035835684978,130-178,0.00048325752361864894,6942.266175208948,8355.365444691448,239.99718027994146,6.954713218537561,67896.2976555384,0.004474869305054062,0.0006417593540882099,0.0006992423085864178,0.0005301645910086983,12243.016306769212,14534.476995162398,14549.601347264004,8364.059908824225,6949.490190084191,12255.756200297608
"as built, LS off",ATOMKI 2022 direct,1.0,trigger,8–14,8,14,16.7,0.9989604971476108,74197813.45761879,7.333834419469142,152.30035835684978,132-178,0.00044820682107374067,5971.740620006782,7047.091175639844,239.99718027994146,6.954713218537561,67896.2976555384,0.004474869305054062,0.0006200323728011993,0.0006526149052268765,0.000486892336300875,11428.066091601822,12660.707922838434,12673.882459806247,7054.424269790254,5977.954720990705,11439.95796053301
"as built, LS off",ATOMKI 2022 direct,1.0,trigger,8–14,8,14,16.8,0.9989604971476108,74197813.45761879,7.767204873841783,152.30035835684978,134-178,0.0004022262205000327,4809.33211824438,5575.4893537123435,239.99718027994146,6.954713218537561,67896.2976555384,0.004474869305054062,0.0005854377257575069,0.000587414150289625,0.0004330813570899621,10188.386763975082,10257.294410240253,10267.967992256445,5581.29112175342,4814.336634908729,10198.988641759677
"as built, LS off",ATOMKI 2022 direct,1.0,trigger,8–14,8,14,17.0,0.9989604971476108,74197813.45761879,8.549667829591813,152.30035835684978,138-178,0.00032733080265144295,3185.0610690974395,3607.487771475471,239.99718027994146,6.954713218537561,67896.2976555384,0.004474869305054062,0.0005318586461448123,0.0004882113039959582,0.00034836172096318915,8408.847190219758,7085.323345702552,7092.696223658174,3611.241667489493,3188.375394414421,8417.597306630263
"as built, LS off",ATOMKI 2022 direct,1.0,MM 15°,8–16,8,16,16.6,0.9989604971476108,74197813.45761879,5.379742666196888,112.27392093432677,126-170,0.00033768998944570827,3389.849256000076,3208.369661805807,173.8021731366197,2.790612672756975,12183.623328276626,0.001957451923432843,0.0003612138241362249,0.0003450306234461085,0.00032852633900974724,3878.57986763126,3538.8267275746225,3542.5091759676557,3211.7082416840794,3393.376680738935,3882.6158578902687
"as built, LS off",ATOMKI 2022 direct,1.0,MM 15°,8–16,8,16,16.7,0.9989604971476108,74197813.45761879,5.518140285086149,112.27392093432677,128-172,0.0003212420991809193,3067.6720061285246,2851.9513572847245,173.8021731366197,2.790612672756975,12183.623328276626,0.001957451923432843,0.00035215440726974026,0.00032771612749645754,0.0003097412527563259,3686.4663067628444,3192.56421585239,3195.8863488279085,2854.919053784474,3070.8641782010645,3690.3023866199146
"as built, LS off",ATOMKI 2022 direct,1.0,MM 15°,8–16,8,16,16.8,0.9989604971476108,74197813.45761879,5.86640653202241,112.27392093432677,132-170,0.00029349070832715164,2560.5468452548507,2332.04133632221,173.8021731366197,2.790612672756975,12183.623328276626,0.001957451923432843,0.0003312483392888676,0.00029782243399773477,0.00028008904040301033,3261.7557158630416,2636.688531282255,2639.4322286125857,2334.4680224904,2563.211310723624,3265.149848443977
"as built, LS off",ATOMKI 2022 direct,1.0,MM 15°,8–16,8,16,17.0,0.9989604971476108,74197813.45761879,6.41875762591776,112.27392093432677,136-170,0.00024692508222830684,1812.4850247757456,1632.9938059077297,173.8021731366197,2.790612672756975,12183.623328276626,0.001957451923432843,0.00030274354237638665,0.00025152234868670246,0.00023437984476216387,2724.5437708264867,1880.6032071603786,1882.5601337892467,1634.6930740209552,1814.3710686769277,2727.378888961108
"as built, LS off",ATOMKI 2022 direct,1.0,MM 3°,8–16,8,16,16.6,0.9989604971476108,74197813.45761879,5.857317733169981,120.2266262930914,128-160,5.183325606730158e-05,79.86582742385421,111.71603561385747,182.07949335241025,2.7902530546597775,34.46924867423736,0.0007975850735305398,5.4741013314966036e-05,9.285970200672943e-05,6.130356790636387e-05,89.07784003416434,256.32949633705675,256.59622884885744,111.83228559372135,79.94893456938456,89.17053305762681
"as built, LS off",ATOMKI 2022 direct,1.0,MM 3°,8–16,8,16,16.7,0.9989604971476108,74197813.45761879,6.031244293027827,120.2266262930914,130-160,4.895017197144335e-05,71.2282799058822,104.76966556431297,182.07949335241025,2.7902530546597775,34.46924867423736,0.0007975850735305398,5.3162414328350475e-05,9.291424673121333e-05,5.9367091469799064e-05,84.01433701602866,256.6307147927701,256.89776074783987,104.8786872588734,71.30239895297602,84.10176103651708
"as built, LS off",ATOMKI 2022 direct,1.0,MM 3°,8–16,8,16,16.8,0.9989604971476108,74197813.45761879,6.475356055135158,120.2266262930914,132-160,4.446099475782304e-05,58.762784032555516,90.5423783328691,182.07949335241025,2.7902530546597775,34.46924867423736,0.0007975850735305398,4.9516274517008326e-05,8.885615039556118e-05,5.518918016348601e-05,72.88529851497407,234.70319450411966,234.94742302051097,90.63659533224782,58.82393167732284,72.96114183001994
"as built, LS off",ATOMKI 2022 direct,1.0,MM 3°,8–16,8,16,17.0,0.9989604971476108,74197813.45761879,7.1231395369810135,120.2266262930914,136-160,3.761653716109209e-05,42.06313519595191,71.4441486631978,182.07949335241025,2.7902530546597775,34.46924867423736,0.0007975850735305398,4.501322855698808e-05,8.150917630206761e-05,4.902429154031676e-05,60.231591709977614,197.495416808607,197.70092748664936,71.51849233998378,42.1069054442665,60.294267773310686
"as built, LS off",ATOMKI 2022 direct,1.0,MM 15° + TOF,8–17,8,17,16.6,0.9989604971476108,74197813.45761879,5.379742666196888,112.27380271578406,128-176,5.0234867078471266e-05,75.01610791889644,102.52883082651148,173.8021731366197,2.790612672756975,6.3460786575686035,0.002680162777751782,5.557215159950631e-05,8.089441248460035e-05,5.872878228776625e-05,91.80333036261922,194.52752589859287,194.729948235229,102.63552074308036,75.0941685212721,91.89885948918955
"as built, LS off",ATOMKI 2022 direct,1.0,MM 15° + TOF,8–17,8,17,16.7,0.9989604971476108,74197813.45761879,5.323144236979489,112.27380271578406,130-174,4.911494588257826e-05,71.70861798598665,98.31919165564337,173.8021731366197,2.790612672756975,6.3460786575686035,0.002680162777751782,5.616302352570983e-05,8.129674674254409e-05,5.7510499974316366e-05,93.76590997471567,196.46733147804258,196.6717723463811,98.42150108675948,71.78323686546203,93.86348133129472
"as built, LS off",ATOMKI 2022 direct,1.0,MM 15° + TOF,8–17,8,17,16.8,0.9989604971476108,74197813.45761879,5.866819659242974,112.27380271578406,132-176,4.318487019592351e-05,55.43796117237701,75.64149534819845,173.8021731366197,2.790612672756975,6.3460786575686035,0.002680162777751782,5.095842251452511e-05,7.230738915881715e-05,5.044382919162062e-05,77.19265235341436,155.42088367909116,155.58261224830542,75.72020671906641,55.49564905786785,77.27297783428571
"as built, LS off",ATOMKI 2022 direct,1.0,MM 15° + TOF,8–17,8,17,17.0,0.9989604971476108,74197813.45761879,6.41875762591776,112.27380271578406,134-176,3.6251703109948426e-05,39.066170581802744,54.47611015306861,173.8021731366197,2.790612672756975,6.3460786575686035,0.002680162777751782,4.6576595103866314e-05,6.305053239071956e-05,4.280860130335057e-05,64.4880859533146,118.17388926139051,118.2968591839409,54.532797151256105,39.10682223506397,64.55519125876461
"as built, LS off",ATOMKI 2022 direct,1.0,MM 3° + TOF,8–17,8,17,16.6,0.9989604971476108,74197813.45761879,5.857317733169981,120.22650807454866,128-160,4.837525045545628e-05,69.5649481756279,104.03137637507791,182.07949335241025,2.7902530546597775,0.0,0.0009970879914636692,5.188832037118697e-05,9.052461646205008e-05,5.915754813426281e-05,80.0356061516925,243.60006497031117,243.85355143259056,104.13962981731977,69.63733638543334,80.11888996634278
"as built, LS off",ATOMKI 2022 direct,1.0,MM 3° + TOF,8–17,8,17,16.7,0.9989604971476108,74197813.45761879,5.825920064407043,120.22650807454866,130-162,4.7037428228483676e-05,65.77050102109848,103.58933492330623,182.07949335241025,2.7902530546597775,0.0,0.0009970879914636692,5.216796243246978e-05,9.363348150656353e-05,5.90317306778314e-05,80.90060357775202,260.6191694126033,260.8903656919009,103.69712838404601,65.83894078784573,80.98478749535357
"as built, LS off",ATOMKI 2022 direct,1.0,MM 3° + TOF,8–17,8,17,16.8,0.9989604971476108,74197813.45761879,6.476182309576287,120.22650807454866,132-162,4.121932693559064e-05,50.50632916239916,83.25335588470388,182.07949335241025,2.7902530546597775,0.0,0.0009970879914636692,4.69298677100465e-05,8.64622544982693e-05,5.292110063066941e-05,65.4700500381232,222.22715377299312,222.4583999142419,83.33998803998954,50.55888526784871,65.53817716022164
"as built, LS off",ATOMKI 2022 direct,1.0,MM 3° + TOF,8–17,8,17,17.0,0.9989604971476108,74197813.45761879,7.1231395369810135,120.22650807454866,136-162,3.467148767629005e-05,35.734603379522376,64.80999020101895,182.07949335241025,2.7902530546597775,0.0,0.0009970879914636692,4.266747513181121e-05,7.901079694836432e-05,4.669269825531908e-05,54.11752182294077,185.57390114196357,185.76700647507423,64.87743047505344,35.771788255448975,54.17383567965464
"as built, LS off",ATOMKI 2022 direct,4.0,trigger,8–14,8,14,16.6,0.9989504151590073,296791253.83047515,28.34217983963841,609.2014334273991,130-178,0.00012226480949254525,444.3722841928771,541.8292502815751,959.9887211197658,27.818852874150245,67896.2976555384,0.020993229661164767,0.00016184062723424562,0.0001819510738401489,0.0001350079108033014,778.6084608672427,984.1317857188855,985.1658008092793,542.3985435706834,444.8391806535707,779.4265351431965
"as built, LS off",ATOMKI 2022 direct,4.0,trigger,8–14,8,14,16.7,0.9989504151590073,296791253.83047515,29.335337677876566,609.2014334273991,132-178,0.00011343335703993773,382.4948421328772,457.33675872686115,959.9887211197658,27.818852874150245,67896.2976555384,0.020993229661164767,0.0001563614577340326,0.0001700218871955102,0.00012403551331603225,726.7807807583729,859.3175423758262,860.2204166850913,457.8172768005356,382.89672473082044,727.5444003321106
"as built, LS off",ATOMKI 2022 direct,4.0,trigger,8–14,8,14,16.8,0.9989504151590073,296791253.83047515,31.068819495367133,609.2014334273991,134-178,0.0001018334308886755,308.2653878287351,362.0996157299277,959.9887211197658,27.818852874150245,67896.2976555384,0.020993229661164767,0.00014763728512816055,0.0001532129519645192,0.00011036770847106852,647.9419726520147,697.8064402402516,698.5396168329123,362.4800693158436,308.58927845749696,648.6227572655635
"as built, LS off",ATOMKI 2022 direct,4.0,trigger,8–14,8,14,17.0,0.9989504151590073,296791253.83047515,34.19867131836725,609.2014334273991,138-178,8.29403524827781e-05,204.49173810842674,234.72673284022815,959.9887211197658,27.818852874150245,67896.2976555384,0.020993229661164767,0.00013412556645057006,0.0001278696162697711,8.886060596656584e-05,534.7701419645149,486.04752571279755,486.55820983409996,234.9733573141022,204.70659504743978,535.3320183358583
"as built, LS off",ATOMKI 2022 direct,4.0,MM 15°,8–16,8,16,16.6,0.9989504151590073,296791253.83047515,21.518970664787552,449.09568373730707,126-170,8.716834585997272e-05,225.8715969073669,220.31395999446283,695.2086925464788,11.1624506910279,12183.623328276626,0.014500258316374717,9.338800432191279e-05,9.540169467947465e-05,8.608926538316917e-05,259.25443969172414,270.5553908357818,270.83966003729654,220.54544114623997,226.10891739948266,259.5268351237008
"as built, LS off",ATOMKI 2022 direct,4.0,MM 15°,8–16,8,16,16.7,0.9989504151590073,296791253.83047515,22.072561140344597,449.09568373730707,128-172,8.287428379667791e-05,204.16607951285104,195.8767666259539,695.2086925464788,11.1624506910279,12183.623328276626,0.014500258316374717,9.104578814703514e-05,9.091738147906176e-05,8.117446907308412e-05,246.41306597249712,245.71849747352084,245.97667085849176,196.08257192102508,204.38059428640713,246.6719691319959
"as built, LS off",ATOMKI 2022 direct,4.0,MM 15°,8–16,8,16,16.8,0.9989504151590073,296791253.83047515,23.46562612808964,449.09568373730707,132-170,7.570097765726344e-05,170.35190303999696,160.3277431826758,695.2086925464788,11.1624506910279,12183.623328276626,0.014500258316374717,8.564074593520762e-05,8.290541885205846e-05,7.343994335962695e-05,218.02429739413728,204.31951471567328,204.5341907016985,160.49619755867033,170.53088967672264,218.25337282575072
"as built, LS off",ATOMKI 2022 direct,4.0,MM 15°,8–16,8,16,17.0,0.9989504151590073,296791253.83047515,25.67503050367104,449.09568373730707,134-174,6.367651094171292e-05,120.53204654310598,112.63168674971777,695.2086925464788,11.1624506910279,12183.623328276626,0.014500258316374717,7.827113292655905e-05,7.035526738847077e-05,6.155428451586864e-05,182.11564356739228,147.14220122780077,147.2968017180107,112.75002746937113,120.6586880730415,182.30699022073497
"as built, LS off",ATOMKI 2022 direct,4.0,MM 3°,8–16,8,16,16.6,0.9989504151590073,296791253.83047515,23.429270932679923,480.9065051723656,128-160,2.4632449215833636e-05,18.036788179863944,26.429800454069007,728.317973409641,11.16101221863911,34.46924867423736,0.010166971451108132,2.6308068304298838e-05,4.561914286511614e-05,2.9817754564602637e-05,20.574151542914777,61.864036734479086,61.929036512419806,26.45756991838485,18.05573921003171,20.595768549372792
"as built, LS off",ATOMKI 2022 direct,4.0,MM 3°,8–16,8,16,16.7,0.9989504151590073,296791253.83047515,24.124977172111308,480.9065051723656,130-162,2.3209902842795968e-05,16.01366200868098,24.64798726854701,728.317973409641,11.16101221863911,34.46924867423736,0.010166971451108132,2.5549406974337215e-05,4.561665493446084e-05,2.8795108815802754e-05,19.404643184908178,61.85728916199972,61.92228185034952,24.673884603795557,16.030487365213233,19.425031403405
"as built, LS off",ATOMKI 2022 direct,4.0,MM 3°,8–16,8,16,16.8,0.9989504151590073,296791253.83047515,25.901424220540633,480.9065051723656,132-162,2.1042828058433345e-05,13.162919521307659,21.199683371769357,728.317973409641,11.16101221863911,34.46924867423736,0.010166971451108132,2.3797102999767064e-05,4.35867525628086e-05,2.6705006059282615e-05,16.83418879849948,56.4745837982016,56.53392094462696,21.22195761678012,13.17674963798124,16.85187627237725
"as built, LS off",ATOMKI 2022 direct,4.0,MM 3°,8–16,8,16,17.0,0.9989504151590073,296791253.83047515,28.492558147924054,480.9065051723656,136-162,1.7721666041961328e-05,9.335833748597066,16.548679152701887,728.317973409641,11.16101221863911,34.46924867423736,0.010166971451108132,2.1632977173086007e-05,3.987721385019684e-05,2.3594439317281763e-05,13.911584464068378,47.27087349745334,47.320540419345065,16.56606664512749,9.345642793602565,13.926201193733936
"as built, LS off",ATOMKI 2022 direct,4.0,MM 15° + TOF,8–17,8,17,16.6,0.9989504151590073,296791253.83047515,21.518970664787552,449.09521086313623,128-176,2.4950751571448997e-05,18.505945421526885,25.28112681904362,695.2086925464788,11.1624506910279,6.3460786575686035,0.018254069458765204,2.7561266870818615e-05,4.02210198195177e-05,2.9162597727099475e-05,22.580958130929954,48.08948975392495,48.14001678578845,25.307689386183913,18.52538938940349,22.604683664239374
"as built, LS off",ATOMKI 2022 direct,4.0,MM 15° + TOF,8–17,8,17,16.7,0.9989504151590073,296791253.83047515,21.292576947917954,449.09521086313623,130-174,2.4391062814468962e-05,17.68501620747237,24.24291843349996,695.2086925464788,11.1624506910279,6.3460786575686035,0.018254069458765204,2.7854312548839736e-05,4.042121703478314e-05,2.8557516980699476e-05,23.063695825459295,48.569405070542295,48.62043634349087,24.26839016793552,17.70359763518129,23.087928565291346
"as built, LS off",ATOMKI 2022 direct,4.0,MM 15° + TOF,8–17,8,17,16.8,0.9989504151590073,296791253.83047515,23.467278636971898,449.09521086313623,132-176,2.1447788325003772e-05,13.67442402004067,18.65155483214465,695.2086925464788,11.1624506910279,6.3460786575686035,0.018254069458765204,2.5273066487698048e-05,3.595392053115289e-05,2.5048718620986307e-05,18.987154865981157,38.42700361356888,38.46737839080059,18.671151790027338,13.688791568162122,19.00710443466695
"as built, LS off",ATOMKI 2022 direct,4.0,MM 15° + TOF,8–17,8,17,17.0,0.9989504151590073,296791253.83047515,25.67503050367104,449.09521086313623,134-176,1.800507428969553e-05,9.636822240709126,13.442686256459417,695.2086925464788,11.1624506910279,6.3460786575686035,0.018254069458765204,2.3099878817776916e-05,3.136987134336897e-05,2.1265276054340205e-05,15.862199803685451,29.252937815086845,29.28367351489666,13.456810320580013,9.646947530599094,15.878866020752987
"as built, LS off",ATOMKI 2022 direct,4.0,MM 3° + TOF,8–17,8,17,16.6,0.9989504151590073,296791253.83047515,23.429270932679923,480.90603229819465,128-160,2.418770732085682e-05,17.391355096296984,26.00800499571193,728.317973409641,11.16101221863911,0.0,0.012421676711484407,2.5944249827154075e-05,4.526244243987613e-05,2.957886556404335e-05,20.00903980659287,60.90037739664387,60.964364669641874,26.035331284758634,17.40962797790992,20.030063057141774
"as built, LS off",ATOMKI 2022 direct,4.0,MM 3° + TOF,8–17,8,17,16.7,0.9989504151590073,296791253.83047515,23.303680257628173,480.90603229819465,130-162,2.3518793285728032e-05,16.442735957693397,25.897490297642413,728.317973409641,11.16101221863911,0.0,0.012421676711484407,2.6084071340901326e-05,4.681687300594099e-05,2.951595456041852e-05,20.225290657468186,65.15516046535093,65.22361818627394,25.92470047026328,16.46001213691486,20.24654112011039
"as built, LS off",ATOMKI 2022 direct,4.0,MM 3° + TOF,8–17,8,17,16.8,0.9989504151590073,296791253.83047515,25.904729238305148,480.90603229819465,132-162,2.0609732049050422e-05,12.626666323830442,20.813461323017776,728.317973409641,11.16101221863911,0.0,0.012421676711484407,2.3465014930428076e-05,4.3231243455915306e-05,2.646062808979254e-05,16.3676256148993,55.55708712082698,55.615460264845794,20.835329769300717,12.639933005904602,16.384822876612944
"as built, LS off",ATOMKI 2022 direct,4.0,MM 3° + TOF,8–17,8,17,17.0,0.9989504151590073,296791253.83047515,28.492558147924054,480.90603229819465,136-162,1.733579998936698e-05,8.933708717935081,16.202587792961914,728.317973409641,11.16101221863911,0.0,0.012421676711484407,2.1333811277658653e-05,3.9505497826608755e-05,2.334641414340196e-05,13.529473948595584,46.39370863639087,46.44245393201641,16.219611651478093,8.943095255146437,13.543689199470464
"as built, LS off",Hanoi 2024,1.0,trigger,8–14,8,14,16.6,0.9989604107650015,63738010.24757906,6.306591211289539,128.53888170616878,130-178,0.0005429676093559379,8763.78789565108,11276.23130394098,267.52960543151227,6.810313607514145,67896.2976555384,0.004429874275763701,0.0007210449086940865,0.0007904298720654292,0.0006158996842543228,15454.986930846117,18572.514347603177,18591.842226640783,11287.966152037665,8772.908116488612,15471.07048918057
"as built, LS off",Hanoi 2024,1.0,trigger,8–14,8,14,16.7,0.9989604107650015,63738010.24757906,6.527584816209659,128.53888170616878,132-178,0.0005035863967758561,7538.622444045479,9470.453809135568,267.52960543151227,6.810313607514145,67896.2976555384,0.004429874275763701,0.000696633687979511,0.0007381153350821668,0.0005644342885928534,14426.233508559295,16195.429485239576,16212.283600745654,9480.309436770489,7546.467670598096,14441.246472932515
"as built, LS off",Hanoi 2024,1.0,trigger,8–14,8,14,16.8,0.9989604107650015,63738010.24757906,6.913312422800689,128.53888170616878,134-178,0.00045192489021763055,6071.227895309673,7466.3296001663175,267.52960543151227,6.810313607514145,67896.2976555384,0.004429874275763701,0.0006577650778688515,0.0006645893433771055,0.000501165968267594,12861.322760517724,13129.577744661483,13143.241316847465,7474.099593645177,6077.546046755087,12874.707167492807
"as built, LS off",Hanoi 2024,1.0,trigger,8–14,8,14,17.0,0.9989604107650015,63738010.24757906,7.6097548316504575,128.53888170616878,138-178,0.00036777628486749125,4020.7905978280037,4804.0030871971285,267.52960543151227,6.810313607514145,67896.2976555384,0.004429874275763701,0.0005975666213584091,0.0005528270067832798,0.0004020033132367337,10614.91875629323,9084.949447947694,9094.403892332892,4809.002474400596,4024.9749184243365,10625.965395529889
"as built, LS off",Hanoi 2024,1.0,MM 15°,8–16,8,16,16.6,0.9989604107650015,63738010.24757906,4.7883173432110295,94.66629471579132,126-170,0.0003794376870464829,4279.814457526298,4129.757702197256,193.77568655331748,3.23887768205549,12183.623328276626,0.002196499569609308,0.00040587465561518505,0.000387538252512572,0.0003727265071093223,4896.974912923455,4464.503482773424,4469.149562548248,4134.055421710553,4284.268336769048,4902.07105321958
"as built, LS off",Hanoi 2024,1.0,MM 15°,8–16,8,16,16.7,0.9989604107650015,63738010.24757906,4.91150013463905,94.66629471579132,128-172,0.0003609532891618216,3872.9868298673478,3656.0500797303907,193.77568655331748,3.23887768205549,12183.623328276626,0.002196499569609308,0.00039569512356224756,0.0003687380457757686,0.0003506986237243174,4654.418276187347,4041.8473960324854,4046.0536298302836,3659.8548254085426,3877.017335353083,4659.261994800179
"as built, LS off",Hanoi 2024,1.0,MM 15°,8–16,8,16,16.8,0.9989604107650015,63738010.24757906,5.221479517247475,94.66629471579132,132-170,0.0003297693569396629,3232.6940777764203,2978.8032906433677,193.77568655331748,3.23887768205549,12183.623328276626,0.002196499569609308,0.00037220420883246055,0.0003355369595390543,0.0003165548020442004,4118.191827366169,3346.7613322447373,3350.244210060132,2981.9032451568396,3236.0582490960087,4122.4775106077195
"as built, LS off",Hanoi 2024,1.0,MM 15°,8–16,8,16,17.0,0.9989604107650015,63738010.24757906,5.713107553484087,94.66629471579132,136-170,0.00027744691635595947,2288.251825072258,2070.341420032669,193.77568655331748,3.23887768205549,12183.623328276626,0.002196499569609308,0.00034017505087345943,0.00028410941155792267,0.0002639058267069884,3439.924650319878,2399.469611646524,2401.9666703398343,2072.4959645269687,2290.633142628665,3443.5044805084835
"as built, LS off",Hanoi 2024,1.0,MM 3°,8–16,8,16,16.6,0.9989604107650015,63738010.24757906,5.2133899010939935,101.34994697160165,128-160,5.8400328567548064e-05,101.38520739588495,135.83275624425954,202.95332610134824,3.239910619348304,34.46924867423736,0.0008821508372803459,6.172350058381202e-05,0.00010548939089995206,6.759744018864096e-05,113.25179917716537,330.79701523314174,331.1412661286729,135.97411346886022,101.49071605174463,113.36965705221232
"as built, LS off",Hanoi 2024,1.0,MM 3°,8–16,8,16,16.7,0.9989604107650015,63738010.24757906,5.368195737485626,101.34994697160165,130-160,5.51375855026426e-05,90.3731669162076,125.15678967689531,202.95332610134824,3.239910619348304,34.46924867423736,0.0008821508372803459,5.9943543480874506e-05,0.00010558882327455613,6.488662731819831e-05,106.81416186217275,331.42091559171956,331.76581576232655,125.2870367315663,90.46721565972773,106.92532027407844
"as built, LS off",Hanoi 2024,1.0,MM 3°,8–16,8,16,16.8,0.9989604107650015,63738010.24757906,5.76348379953077,101.34994697160165,132-160,5.007066376492768e-05,74.52649732046496,106.52290361142818,202.95332610134824,3.239910619348304,34.46924867423736,0.0008821508372803459,5.5832320484706315e-05,0.00010102571205463097,5.98617613964745e-05,92.66492302933875,303.394604522747,303.7103385212314,106.63375891928808,74.60405489281877,92.76135673722662
"as built, LS off",Hanoi 2024,1.0,MM 3°,8–16,8,16,17.0,0.9989604107650015,63738010.24757906,6.340052805378941,101.34994697160165,136-160,4.2349825079066745e-05,53.31473496514715,82.10654275061017,202.95332610134824,3.239910619348304,34.46924867423736,0.0008821508372803459,5.0754888718088794e-05,9.298889318763349e-05,5.2555343192966844e-05,76.57725115296009,257.04322997209,257.3107274343804,82.19198865722134,53.37021806932154,76.65694288557182
"as built, LS off",Hanoi 2024,1.0,MM 15° + TOF,8–17,8,17,16.6,0.9989604107650015,63738010.24757906,4.7883173432110295,94.66612632318403,128-176,5.667336872580531e-05,95.47772659723805,129.73828849819955,193.77568655331748,3.23887768205549,6.3460786575686035,0.0028957979853962736,6.273300195546759e-05,9.114480305832908e-05,6.606357563044429e-05,116.98660922546672,246.9493199923185,247.20631301415168,129.87330338631367,95.57708750852441,117.10835380941538
"as built, LS off",Hanoi 2024,1.0,MM 15° + TOF,8–17,8,17,16.7,0.9989604107650015,63738010.24757906,4.737941097164347,94.66612632318403,130-174,5.539985972515996e-05,91.23497198476221,123.06470723004585,193.77568655331748,3.23887768205549,6.3460786575686035,0.0028957979853962736,6.340001175507171e-05,9.175175413632208e-05,6.434202943037112e-05,119.48755917191531,250.24923861748206,250.50966576927888,123.19277711496414,91.32991758391574,119.61190642220949
"as built, LS off",Hanoi 2024,1.0,MM 15° + TOF,8–17,8,17,16.8,0.9989604107650015,63738010.24757906,5.221847227072633,94.66612632318403,132-176,4.8705435210435224e-05,70.51781863965229,93.84268241102961,193.77568655331748,3.23887768205549,6.3460786575686035,0.0028957979853962736,5.752476244377854e-05,8.171651332782525e-05,5.618601103750858e-05,98.36796356162763,198.5014432359287,198.7080179522998,93.94034177907521,70.59120449593183,98.47033225901082
"as built, LS off",Hanoi 2024,1.0,MM 15° + TOF,8–17,8,17,17.0,0.9989604107650015,63738010.24757906,5.713107553484087,94.66612632318403,134-176,4.0882984492822266e-05,49.68544652319695,66.5838388128053,193.77568655331748,3.23887768205549,6.3460786575686035,0.0028957979853962736,5.257830671713323e-05,7.154694978987583e-05,4.732737408374534e-05,82.17830966827992,152.16902569069595,152.32738359888083,66.65313068994952,49.73715273175636,82.26383026064863
"as built, LS off",Hanoi 2024,1.0,MM 3° + TOF,8–17,8,17,16.6,0.9989604107650015,63738010.24757906,5.2133899010939935,101.34977857899439,128-160,5.452694182332026e-05,88.3825025149748,126.2323495062175,202.95332610134824,3.239910619348304,0.0,0.0010868132395356076,5.8530568631531574e-05,0.00010278204867167332,6.516483896542028e-05,101.83791511089262,314.0353605572599,314.36216808308984,126.36371586492508,88.47447963157188,101.94389488659054
"as built, LS off",Hanoi 2024,1.0,MM 3° + TOF,8–17,8,17,16.7,0.9989604107650015,63738010.24757906,5.185443954381964,101.34977857899439,130-162,5.301222052390985e-05,83.54029503197528,123.67645781508482,202.95332610134824,3.239910619348304,0.0,0.0010868132395356076,5.8846007804414604e-05,0.00010637278176075191,6.450175223123364e-05,102.93854442679026,336.36054398099145,336.71058468013496,123.80516433116071,83.62723300315807,103.04566959561507
"as built, LS off",Hanoi 2024,1.0,MM 3° + TOF,8–17,8,17,16.8,0.9989604107650015,63738010.24757906,5.764219219181087,101.34977857899439,132-162,4.644559437999166e-05,64.12583939687016,97.9389766708018,202.95332610134824,3.239910619348304,0.0,0.0010868132395356076,5.293738211647452e-05,9.827438086248635e-05,5.7399191415957877e-05,83.30459052751594,287.0943499971766,287.3931207917643,98.04089893392307,64.19257330504493,83.3912832078315
"as built, LS off",Hanoi 2024,1.0,MM 3° + TOF,8–17,8,17,17.0,0.9989604107650015,63738010.24757906,6.340052805378941,101.34977857899439,136-162,3.905626127475884e-05,45.3445762414455,74.60034007967367,202.95332610134824,3.239910619348304,0.0,0.0010868132395356076,4.8129358662443725e-05,9.012775822773807e-05,5.009546327044219e-05,68.85954712420174,241.46887048625467,241.72016016264186,74.67797449805335,45.39176503173007,68.93120726523013
"as built, LS off",Hanoi 2024,4.0,trigger,8–14,8,14,16.6,0.9989500693744846,254952040.99031624,25.226364845158155,514.1555268246751,130-178,0.00013738691138723557,561.0928484103482,728.7759839860507,1070.118421726049,27.24125443005658,67896.2976555384,0.022638225107419307,0.00018184922645648688,0.00020590682608881351,0.0001565759371720021,983.0303556130392,1260.333562127494,1261.6582157271189,729.5419524244995,561.6825761488653,984.0635540759171
"as built, LS off",Hanoi 2024,4.0,trigger,8–14,8,14,16.7,0.9989500693744846,254952040.99031624,26.110339264838636,514.1555268246751,132-178,0.00012746340785130147,482.96433831947735,612.2306878608147,1070.118421726049,27.24125443005658,67896.2976555384,0.022638225107419307,0.00017569265902181203,0.0001924932373859933,0.00014351111573546424,917.5954350224346,1101.4758156759922,1102.6335043609402,612.8741632143606,483.471950326703,918.5598591499252
"as built, LS off",Hanoi 2024,4.0,trigger,8–14,8,14,16.8,0.9989500693744846,254952040.99031624,27.653249691202756,514.1555268246751,134-178,0.00011442909169018437,389.23950728420397,482.8798029314488,1070.118421726049,27.24125443005658,67896.2976555384,0.022638225107419307,0.00016588990388570853,0.00017350322648944225,0.00012745225212060373,818.0576757196675,894.8682997100681,895.8088368424764,483.3873260890957,389.6486112943915,818.9174822640665
"as built, LS off",Hanoi 2024,4.0,trigger,8–14,8,14,17.0,0.9989500693744846,254952040.99031624,30.43901932660183,514.1555268246751,138-178,9.319993051572017e-05,258.21126778047164,311.1340402117284,1070.118421726049,27.24125443005658,67896.2976555384,0.022638225107419307,0.00015070771118411242,0.00014490324482598803,0.00010230615383603541,675.1728362174149,624.166181958984,624.8222019242862,311.4610527096235,258.4826566378403,675.8824659176307
"as built, LS off",Hanoi 2024,4.0,MM 15°,8–16,8,16,16.6,0.9989500693744846,254952040.99031624,19.153269372844118,378.6651788631653,126-170,9.797184879739888e-05,285.3294636379426,283.76027431261656,775.1027462132699,12.95551072822196,12183.623328276626,0.01546395173407476,0.00010496701721596413,0.00010732368581575175,9.770207586267768e-05,327.5289745308117,342.4011158465574,342.76099110835406,284.0585160480539,285.6293546449305,327.8732186643737
"as built, LS off",Hanoi 2024,4.0,MM 15°,8–16,8,16,16.7,0.9989500693744846,254952040.99031624,19.6460005385562,378.6651788631653,128-172,9.314262593878286e-05,257.893839678122,250.6057438211152,775.1027462132699,12.95551072822196,12183.623328276626,0.01546395173407476,0.00010233439381494983,0.0001024681291348966,9.181708567659026e-05,311.30583107827704,312.12002046390745,312.4480692607074,250.8691390131618,258.1648949077186,311.63302413423753
"as built, LS off",Hanoi 2024,4.0,MM 15°,8–16,8,16,16.8,0.9989500693744846,254952040.99031624,20.8859180689899,378.6651788631653,132-170,8.507862044334892e-05,215.1715712408867,204.05791640739892,775.1027462132699,12.95551072822196,12183.623328276626,0.01546395173407476,9.625919001311866e-05,9.357351941221236e-05,8.285232831939547e-05,275.44089363798093,260.2854796429156,260.5590485677621,204.27238824376323,215.3977239078839,275.7303914203185
"as built, LS off",Hanoi 2024,4.0,MM 15°,8–16,8,16,17.0,0.9989500693744846,254952040.99031624,22.852430213936348,378.6651788631653,134-174,7.156339639348754e-05,152.23899237132653,141.98137371666573,775.1027462132699,12.95551072822196,12183.623328276626,0.01546395173407476,8.797583176844208e-05,7.963760287186193e-05,6.911044358003091e-05,230.0757127036035,188.52995812058234,188.72810954268684,142.13060098746539,152.3990007495114,230.31753013208223
"as built, LS off",Hanoi 2024,4.0,MM 3°,8–16,8,16,16.6,0.9989500693744846,254952040.99031624,20.853559604375974,405.3997878864066,128-160,2.7761665831788546e-05,22.910525854812594,32.07288209849532,811.813304405393,12.959642477393215,34.46924867423736,0.01130785020058294,2.9672544507350673e-05,5.1822557669642086e-05,3.28470965808758e-05,26.173005277666658,79.83286217073066,79.91676923424194,32.10659179249919,22.934605599615747,26.200513999719206
"as built, LS off",Hanoi 2024,4.0,MM 3°,8–16,8,16,16.7,0.9989500693744846,254952040.99031624,21.472782949942506,405.3997878864066,130-162,2.6154907451024667e-05,20.335290837445466,29.401086034906015,811.813304405393,12.959642477393215,34.46924867423736,0.01130785020058294,2.8816859786644143e-05,5.184226890017197e-05,3.144920562135455e-05,24.685238048843882,79.89360418304807,79.97757508848792,29.431987580036083,20.356663922330846,24.711183076748878
"as built, LS off",Hanoi 2024,4.0,MM 3°,8–16,8,16,16.8,0.9989500693744846,254952040.99031624,23.05393519812308,405.3997878864066,132-162,2.370810613887811e-05,16.708510603219672,24.90854388144456,811.813304405393,12.959642477393215,34.46924867423736,0.01130785020058294,2.68404578298595e-05,4.955978262672858e-05,2.8946906849813765e-05,21.41528467647045,73.01343799074279,73.09017760663636,24.934723611402937,16.726071818266238,21.437792871749956
"as built, LS off",Hanoi 2024,4.0,MM 3°,8–16,8,16,17.0,0.9989500693744846,254952040.99031624,25.360211221515765,405.3997878864066,136-162,1.9960613414052956e-05,11.8438194965895,19.002314215208553,811.813304405393,12.959642477393215,34.46924867423736,0.01130785020058294,2.4399567105046857e-05,4.54985929727489e-05,2.5283153486058968e-05,17.697350621690976,61.53751374850998,61.60219177625474,19.02228629615821,11.856267755210006,17.71595114135442
"as built, LS off",Hanoi 2024,4.0,MM 15° + TOF,8–17,8,17,16.6,0.9989500693744846,254952040.99031624,19.153269372844118,378.6645052927361,128-176,2.8150202691444497e-05,23.5562993926697,31.986650086417537,775.1027462132699,12.95551072822196,6.3460786575686035,0.019527023835454415,3.111513544715971e-05,4.531975864585321e-05,3.280291006766147e-05,28.779775680591392,61.05471235785928,61.11888294486038,32.02026914763288,23.581057867506846,28.810024207328507
"as built, LS off",Hanoi 2024,4.0,MM 15° + TOF,8–17,8,17,16.7,0.9989500693744846,254952040.99031624,18.951764388657388,378.6645052927361,130-174,2.7513718841874967e-05,22.50311309482002,30.339756156909036,775.1027462132699,12.95551072822196,6.3460786575686035,0.019527023835454415,3.144596769832469e-05,4.562138103305052e-05,3.194729091986393e-05,29.395032237933403,61.870107234327634,61.935134829180214,30.37164427638207,22.526764634903984,29.425927420316185
"as built, LS off",Hanoi 2024,4.0,MM 15° + TOF,8–17,8,17,16.8,0.9989500693744846,254952040.99031624,20.887388908290532,378.6645052927361,132-176,2.4190841678939212e-05,17.39586269725037,23.134682940481582,775.1027462132699,12.95551072822196,6.3460786575686035,0.019527023835454415,2.853188464142763e-05,4.0634090300537695e-05,2.7897145626708847e-05,24.199418584772108,49.082321478961106,49.13390867442967,23.158998282034148,17.414146342812895,24.224852999835242
"as built, LS off",Hanoi 2024,4.0,MM 15° + TOF,8–17,8,17,17.0,0.9989500693744846,254952040.99031624,22.852430213936348,378.6645052927361,134-176,2.0306319452257004e-05,12.257628112280354,16.42482185356521,775.1027462132699,12.95551072822196,6.3460786575686035,0.019527023835454415,2.607847678399393e-05,3.5599069357816185e-05,2.3505978115235575e-05,20.21661567697117,37.67222767962565,37.71182247698824,16.442084902051196,12.270511297882734,20.237864030211504
"as built, LS off",Hanoi 2024,4.0,MM 3° + TOF,8–17,8,17,16.6,0.9989500693744846,254952040.99031624,20.853559604375974,405.39911431597756,128-160,2.7263574031254645e-05,22.095792775199246,31.558306702672745,811.813304405393,12.959642477393215,0.0,0.01379463335288764,2.9265396689788154e-05,5.139119556590564e-05,3.2582532705084655e-05,25.459674298771205,78.50936330835789,78.59187932938262,31.591475560368796,22.119016207722005,25.486433285612925
"as built, LS off",Hanoi 2024,4.0,MM 3° + TOF,8–17,8,17,16.7,0.9989500693744846,254952040.99031624,20.741775817527856,405.39911431597756,130-162,2.6506210063755144e-05,20.885231032815533,30.9193261247457,811.813304405393,12.959642477393215,0.0,0.01379463335288764,2.942311688184772e-05,5.318656208437011e-05,3.225098650950767e-05,25.734833740870158,84.09067735893449,84.17905953156375,30.95182339204055,20.90718212362035,25.76188192967904
"as built, LS off",Hanoi 2024,4.0,MM 3° + TOF,8–17,8,17,16.8,0.9989500693744846,254952040.99031624,23.05687687672435,405.39911431597756,132-162,2.3222884093127638e-05,16.031579833615947,24.48490818486178,811.813304405393,12.959642477393215,0.0,0.01379463335288764,2.6468792693787727e-05,4.913734237089364e-05,2.86996918335154e-05,20.826307570354054,71.77403136963196,71.84946832685532,24.51064265924078,16.048429571314298,20.848196730588267
"as built, LS off",Hanoi 2024,4.0,MM 3° + TOF,8–17,8,17,17.0,0.9989500693744846,254952040.99031624,25.360211221515765,405.39911431597756,136-162,1.95282020291663e-05,11.33622694684705,18.65020237703229,811.813304405393,12.959642477393215,0.0,0.01379463335288764,2.406477173575087e-05,4.506400681699669e-05,2.5047810442499087e-05,17.215018986141317,60.36755976225695,60.43100812842175,18.669804376419474,11.348141708369356,17.233112558789745
"as built, LS off",MEG II-2026 normalisation,1.0,trigger,8–14,8,14,16.6,0.9989459557223428,409287662.7257499,40.32710948057282,669.8739551985462,130-178,8.592314249392508e-05,219.4645189069962,253.1322135181409,918.8466407087743,37.755387283623506,67896.2976555384,0.031095720034385713,0.00011376686644757919,0.0001495565915243831,9.22787497897011e-05,384.7473216795873,664.8981589890361,665.5997305762602,253.39930760828773,219.69608831170484,385.15329030125014
"as built, LS off",MEG II-2026 normalisation,1.0,trigger,8–14,8,14,16.7,0.9989459557223428,409287662.7257499,41.74023949035792,669.8739551985462,132-178,7.971540524720491e-05,188.89850873145375,214.594145160451,918.8466407087743,37.755387283623506,67896.2976555384,0.031095720034385713,0.00010991525047557632,0.00014221506845818398,8.49643869112087e-05,359.1368099616135,601.2225236791306,601.8569075084583,214.82057555884182,189.09782621309108,359.51575548641154
"as built, LS off",MEG II-2026 normalisation,1.0,trigger,8–14,8,14,16.8,0.9989459557223428,409287662.7257499,44.206750938385504,669.8739551985462,134-178,7.156221376169119e-05,152.23396071563565,170.4628109767836,918.8466407087743,37.755387283623506,67896.2976555384,0.031095720034385713,0.00010378253956930113,0.00013004394493554148,7.572561628180388e-05,320.1788204355991,502.7178244470315,503.24827040669453,170.64267591285366,152.39459136260731,320.51665918610803
"as built, LS off",MEG II-2026 normalisation,1.0,trigger,8–14,8,14,17.0,0.9989459557223428,409287662.7257499,48.6601090723838,669.8739551985462,138-178,5.8282502412911576e-05,100.97651865371711,110.95009678820736,918.8466407087743,37.755387283623506,67896.2976555384,0.031095720034385713,9.428439364302637e-05,0.0001131848513827217,6.10930540729083e-05,264.2552581638868,380.82076642475613,381.22259191627916,111.06716649949175,101.0830646796107,264.5340888064385
"as built, LS off",MEG II-2026 normalisation,1.0,MM 15°,8–16,8,16,16.6,0.9989459557223428,409287662.7257499,30.61860064462826,492.23190549637366,126-170,6.127583594389822e-05,111.61498426348183,107.9520404392666,668.3227264278584,14.854636199322654,12183.623328276626,0.02274335086126919,6.568281910082094e-05,7.300351259382968e-05,6.0261983375731415e-05,128.24710835407754,158.42784931740331,158.59501548594122,108.0659467320291,111.73275553508046,128.382429118842
"as built, LS off",MEG II-2026 normalisation,1.0,MM 15°,8–16,8,16,16.7,0.9989459557223428,409287662.7257499,31.4062854254569,492.23190549637366,128-172,5.825290045145478e-05,100.8739717897473,96.17509731447161,668.3227264278584,14.854636199322654,12183.623328276626,0.02274335086126919,6.403546232918247e-05,7.089561023111289e-05,5.68799637276504e-05,121.89478108537892,149.41104488828412,149.56869691738655,96.27657708962536,100.980409612655,122.02339915099431
"as built, LS off",MEG II-2026 normalisation,1.0,MM 15°,8–16,8,16,16.8,0.9989459557223428,409287662.7257499,33.388429515721185,492.23190549637366,132-170,5.320796785295561e-05,84.15837821168718,78.80902823738263,668.3227264278584,14.854636199322654,12183.623328276626,0.02274335086126919,6.023392044583735e-05,6.577410728948597e-05,5.148918051305101e-05,107.85152117346796,128.60384036054728,128.7395375333926,78.8921840925773,84.2471784680602,107.96532140267787
"as built, LS off",MEG II-2026 normalisation,1.0,MM 15°,8–16,8,16,17.0,0.9989459557223428,409287662.7257499,36.53211474547607,492.23190549637366,134-174,4.47517278994861e-05,59.533803507421,55.48385402955775,668.3227264278584,14.854636199322654,12183.623328276626,0.02274335086126919,5.505063206094421e-05,5.792376517145945e-05,4.320274122731477e-05,90.08834989029306,99.73729404394703,99.84253249398913,55.54239817652307,59.59662098473767,90.18340719458614
"as built, LS off",MEG II-2026 normalisation,1.0,MM 3°,8–16,8,16,16.6,0.9989459557223428,409287662.7257499,33.33670096295035,525.5844114833237,128-160,1.7375793285797842e-05,8.974975990213355,12.933022613010591,695.9160866066123,14.858588655368903,34.46924867423736,0.017305131676088867,1.860685745964975e-05,3.3950099883660355e-05,2.085825689509256e-05,10.291770051240295,34.26305832670971,34.299211214018,12.94666897535879,8.984445994101359,10.302629478887338
"as built, LS off",MEG II-2026 normalisation,1.0,MM 3°,8–16,8,16,16.7,0.9989459557223428,409287662.7257499,34.32659735915589,525.5844114833237,130-162,1.6357566451127428e-05,7.953923311624539,12.067193524185232,695.9160866066123,14.858588655368903,34.46924867423736,0.017305131676088867,1.8070280502973772e-05,3.471940645167219e-05,2.014796243180911e-05,9.70674903258484,35.83344781083282,35.87125770474888,12.07992630137772,7.962315945183459,9.716991171525232
"as built, LS off",MEG II-2026 normalisation,1.0,MM 3°,8–16,8,16,16.8,0.9989459557223428,409287662.7257499,36.85424255136718,525.5844114833237,132-162,1.4825985303252282e-05,6.53418074352713,10.428082640794933,695.9160866066123,14.858588655368903,34.46924867423736,0.017305131676088867,1.683093180189576e-05,3.422993414155308e-05,1.8729674317412505e-05,8.420935354342035,34.830213773337135,34.86696509837835,10.439085899551328,6.541075326544799,8.429820758674392
"as built, LS off",MEG II-2026 normalisation,1.0,MM 3°,8–16,8,16,17.0,0.9989459557223428,409287662.7257499,40.54107758521583,525.5844114833237,136-162,1.2477191552857914e-05,4.6278332059069225,8.356692835446772,695.9160866066123,14.858588655368903,34.46924867423736,0.017305131676088867,1.5300314642321894e-05,3.509448766849377e-05,1.6766608094198105e-05,6.95896635416319,36.611862803628455,36.650494047152165,8.365510453870355,4.632716294006629,6.966309152461733
"as built, LS off",MEG II-2026 normalisation,1.0,MM 15° + TOF,8–17,8,17,16.6,0.9989459557223428,409287662.7257499,30.61860064462826,492.2292981266075,128-176,1.755539950482823e-05,9.161475974260501,12.40189234729295,668.3227264278584,14.854636199322654,6.3460786575686035,0.02824664953387838,1.953585436500261e-05,3.0444384240651695e-05,2.0425465932578745e-05,11.345113132300577,27.552334476588616,27.58140650027997,12.414978284110555,9.171142764811327,11.357084001703445
"as built, LS off",MEG II-2026 normalisation,1.0,MM 15° + TOF,8–17,8,17,16.7,0.9989459557223428,409287662.7257499,30.296472838737145,492.2292981266075,130-174,1.715758694922948e-05,8.750974730094224,11.897935077517582,668.3227264278584,14.854636199322654,6.3460786575686035,0.02824664953387838,1.9743569696628946e-05,3.1240480792584354e-05,2.0006162450797292e-05,11.587649951416312,29.012117721516994,29.042730044928394,11.91048926056678,8.760208377605725,11.599876735110485
"as built, LS off",MEG II-2026 normalisation,1.0,MM 15° + TOF,8–17,8,17,16.8,0.9989459557223428,409287662.7257499,33.39078081357441,492.2292981266075,132-176,1.5074950640684809e-05,6.755473746108303,9.170840949484017,668.3227264278584,14.854636199322654,6.3460786575686035,0.02824664953387838,1.791394236610548e-05,2.848571889805225e-05,1.7564369887378322e-05,9.539516382168513,24.121170664056212,24.14662227308791,9.180517621548942,6.762601827867041,9.549582064497613
"as built, LS off",MEG II-2026 normalisation,1.0,MM 15° + TOF,8–17,8,17,17.0,0.9989459557223428,409287662.7257499,36.53211474547607,492.2292981266075,134-176,1.2648310185393494e-05,4.755640622649489,6.669499786229912,668.3227264278584,14.854636199322654,6.3460786575686035,0.02824664953387838,1.6373553166059335e-05,2.677661183189413e-05,1.4978717328555682e-05,7.969478099933758,21.31352381676375,21.33601291908914,6.676537152009554,4.760658567570516,7.977887146228034
"as built, LS off",MEG II-2026 normalisation,1.0,MM 3° + TOF,8–17,8,17,16.6,0.9989459557223428,409287662.7257499,33.33670096295035,525.5818041135576,128-162,1.7062425027894397e-05,8.654172052096229,12.894953881397019,695.9160866066123,14.858588655368903,0.0,0.021107477001278227,1.835279403299128e-05,3.359300775031453e-05,2.0827535825685087e-05,10.01263522049347,33.54608114484816,33.58147750905185,12.908560075277158,8.663303557636763,10.02320011722084
"as built, LS off",MEG II-2026 normalisation,1.0,MM 3° + TOF,8–17,8,17,16.7,0.9989459557223428,409287662.7257499,33.158002326105645,525.5818041135576,130-162,1.657714234228816e-05,8.168895607505439,12.894569738258665,695.9160866066123,14.858588655368903,0.0,0.021107477001278227,1.8451702864824167e-05,3.55590279766495e-05,2.0827225595240035e-05,10.120848353500604,37.587528853868655,37.62718957772738,12.908175526807693,8.177515070470925,10.131527432014245
"as built, LS off",MEG II-2026 normalisation,1.0,MM 3° + TOF,8–17,8,17,16.8,0.9989459557223428,409287662.7257499,36.85894514707362,525.5818041135576,132-162,1.4522374105130477e-05,6.269302902775392,10.459012303033388,695.9160866066123,14.858588655368903,0.0,0.021107477001278227,1.6598999349307882e-05,3.390770984747333e-05,1.8757429831244023e-05,8.190451230627927,34.1775501516183,34.21361281442332,10.470048197422676,6.27591799822847,8.199093438148385
"as built, LS off",MEG II-2026 normalisation,1.0,MM 3° + TOF,8–17,8,17,17.0,0.9989459557223428,409287662.7257499,40.54107758521583,525.5818041135576,136-162,1.2206505894047509e-05,4.429214808008815,8.428319517230014,695.9160866066123,14.858588655368903,0.0,0.021107477001278227,1.509139970999596e-05,3.479807402678432e-05,1.683830955172216e-05,6.770224292713025,35.99601533809635,36.03399676618887,8.437212713009538,4.433888322623047,6.77736793860629
"as built, LS off",MEG II-2026 normalisation,4.0,trigger,8–14,8,14,16.6,0.9988921724138099,1637150650.9029996,161.3084379222913,2679.495820794185,130-178,2.246747290410081e-05,15.00556892676885,18.114632455999093,3675.3865628350973,151.02154913449402,67896.2976555384,0.34222885607767956,2.942293923330767e-05,4.100420686584256e-05,2.468554710391912e-05,25.73452298236966,49.98052855816914,50.03595977470906,18.134722601965457,15.022210946460907,25.763064015390693
"as built, LS off",MEG II-2026 normalisation,4.0,trigger,8–14,8,14,16.7,0.9988921724138099,1637150650.9029996,166.9609579614317,2679.495820794185,132-178,2.086721695049245e-05,12.94413624431984,15.400888743143616,3675.3865628350973,151.02154913449402,67896.2976555384,0.34222885607767956,2.8426815614604546e-05,3.916554771169628e-05,2.27615003310272e-05,24.02151741934378,45.59869582512358,45.64926734277527,15.417969194740579,12.958492019254193,24.048158632874355
"as built, LS off",MEG II-2026 normalisation,4.0,trigger,8–14,8,14,16.8,0.9988921724138099,1637150650.9029996,176.82700375354202,2679.495820794185,134-178,1.8756214894362075e-05,10.457657466215508,12.26672564424332,3675.3865628350973,151.02154913449402,67896.2976555384,0.34222885607767956,2.6840744151399386e-05,3.5972277374395784e-05,2.031385366375236e-05,21.415741575531513,38.46625266053706,38.508913897667114,12.280330132731882,10.469255596372044,21.439492837130413
"as built, LS off",MEG II-2026 normalisation,4.0,trigger,8–14,8,14,17.0,0.9988921724138099,1637150650.9029996,194.6404362895352,2679.495820794185,136-178,1.5301047462762573e-05,6.959632980312514,8.037622382758347,3675.3865628350973,151.02154913449402,67896.2976555384,0.34222885607767956,2.4384287547255855e-05,3.1766721246965574e-05,1.644340648880246e-05,17.675192603663994,29.997757989964747,30.031027190327816,8.046536557930509,6.967351604622801,17.69479538612473
"as built, LS off",MEG II-2026 normalisation,4.0,MM 15°,8–16,8,16,16.6,0.9988921724138099,1637150650.9029996,122.47440257851304,1968.9276219854946,126-172,1.711964143970367e-05,8.712310434721138,9.105213695163489,2673.2909057114334,59.418544797290615,12183.623328276626,0.29908860488171696,1.846127306984634e-05,2.3709939372665482e-05,1.7501411048978303e-05,10.131349683693033,16.711094680602635,16.72962822425617,9.115311889130995,8.721972876880148,10.142585920170701
"as built, LS off",MEG II-2026 normalisation,4.0,MM 15°,8–16,8,16,16.7,0.9988921724138099,1637150650.9029996,125.6251417018276,1968.9276219854946,128-172,1.6246002934280802e-05,7.845797007748525,8.11413210620301,2673.2909057114334,59.418544797290615,12183.623328276626,0.29908860488171696,1.7998255440258964e-05,2.3222765509638035e-05,1.6521483106932903e-05,9.629524342830303,16.03141610926379,16.049195851163876,8.123131134960559,7.854498437793599,9.640204026787679
"as built, LS off",MEG II-2026 normalisation,4.0,MM 15°,8–16,8,16,16.8,0.9988921724138099,1637150650.9029996,133.55371806288474,1968.9276219854946,132-170,1.4829049187906427e-05,6.536881683036511,6.662550140305156,2673.2909057114334,59.418544797290615,12183.623328276626,0.29908860488171696,1.6929767458840778e-05,2.174141763310281e-05,1.4970911352348107e-05,8.520125630512013,14.05140430133751,14.066988098807977,6.669939283041122,6.54413145238712,8.529574928916743
"as built, LS off",MEG II-2026 normalisation,4.0,MM 15°,8–16,8,16,17.0,0.9988921724138099,1637150650.9029996,146.1284589819043,1968.9276219854946,134-174,1.245448872233639e-05,4.611007411855064,4.728177128955531,2673.2909057114334,59.418544797290615,12183.623328276626,0.29908860488171696,1.5472916130240005e-05,1.9582765913645667e-05,1.2611735749612902e-05,7.116858905274713,11.399664709531587,11.412307578689346,4.733420943253518,4.616121278348417,7.124751901976483
"as built, LS off",MEG II-2026 normalisation,4.0,MM 3°,8–16,8,16,16.6,0.9988921724138099,1637150650.9029996,133.3468038518014,2102.337645933295,128-160,8.571951782011277e-06,2.184255569355716,3.184736140037792,2783.6643464264494,59.43435462147561,34.46924867423736,0.26924430851794773,9.20850085046126e-06,1.68649561932166e-05,1.0350580841231633e-05,2.5207041591244277,8.455016272268574,8.46439336073396,3.1882681914925,2.18667803160124,2.523499761774265
"as built, LS off",MEG II-2026 normalisation,4.0,MM 3°,8–16,8,16,16.7,0.9988921724138099,1637150650.9029996,137.30638943662356,2102.337645933295,130-162,8.059030427636148e-06,1.9306769153854122,2.9656461934839218,2783.6643464264494,59.43435462147561,34.46924867423736,0.26924430851794773,8.942949863541319e-06,1.7246930220244844e-05,9.988209947172674e-06,2.377418319316697,8.842348454874994,8.852155116510298,2.968935261868632,1.932818144645139,2.380055009913329
"as built, LS off",MEG II-2026 normalisation,4.0,MM 3°,8–16,8,16,16.8,0.9988921724138099,1637150650.9029996,147.41697020546871,2102.337645933295,132-162,7.3004729185797865e-06,1.5843312971140564,2.558326779055062,2783.6643464264494,59.43435462147561,34.46924867423736,0.26924430851794773,8.329598383172115e-06,1.7000605525192606e-05,9.276966791328527e-06,2.0624913562706157,8.591575155267815,8.601103695213054,2.5611641073058955,1.586088409608357,2.0647787751571145
"as built, LS off",MEG II-2026 normalisation,4.0,MM 3°,8–16,8,16,17.0,0.9988921724138099,1637150650.9029996,162.16431034086332,2102.337645933295,136-162,6.137475338237535e-06,1.119756347427882,2.041277536656552,2783.6643464264494,59.43435462147561,34.46924867423736,0.26924430851794773,7.572098657803023e-06,1.7421959502996317e-05,8.286650489379072e-06,1.70441968143586,9.022731061951356,9.03273777804069,2.043541428224261,1.1209982201802677,1.7063099787008564
"as built, LS off",MEG II-2026 normalisation,4.0,MM 15° + TOF,8–17,8,17,16.6,0.9988921724138099,1637150650.9029996,122.47440257851304,1968.91719250643,128-176,8.763231357461118e-06,2.2828247272410764,3.090121874441725,2673.2909057114334,59.418544797290615,6.3460786575686035,0.36409063091518573,9.74849739436529e-06,1.5199838608028304e-05,1.0195670642788519e-05,2.825005988345625,6.8678684218224655,6.8754852740775325,3.093548993355795,2.2853565082251674,2.8281390788347402
"as built, LS off",MEG II-2026 normalisation,4.0,MM 15° + TOF,8–17,8,17,16.7,0.9988921724138099,1637150650.9029996,121.18589135494858,1968.91719250643,130-174,8.564338155575976e-06,2.1803771713155315,2.964522809973605,2673.2909057114334,59.418544797290615,6.3460786575686035,0.36409063091518573,9.852148472597967e-06,1.5596669004757263e-05,9.986318006528336e-06,2.885399213023616,7.231155887156835,7.239175645638349,2.967810632462836,2.1827953321995492,2.888599282994767
"as built, LS off",MEG II-2026 normalisation,4.0,MM 15° + TOF,8–17,8,17,16.8,0.9988921724138099,1637150650.9029996,133.56312325429764,1968.91719250643,132-176,7.524901746519709e-06,1.6832385937804804,2.285035551202174,2673.2909057114334,59.418544797290615,6.3460786575686035,0.36409063091518573,8.939154501050968e-06,1.4221277136254576e-05,8.767473749173198e-06,2.3754008083727634,6.012031016235349,6.018698696684503,2.2875697841143507,1.6851054000282695,2.3780352614363154
"as built, LS off",MEG II-2026 normalisation,4.0,MM 15° + TOF,8–17,8,17,17.0,0.9988921724138099,1637150650.9029996,146.1284589819043,1968.91719250643,134-176,6.313650197608017e-06,1.1849636985064134,1.6621334776013572,2673.2909057114334,59.418544797290615,6.3460786575686035,0.36409063091518573,8.170491926975913e-06,1.3370475912496422e-05,7.47757782885004e-06,1.984451198834083,5.31419816072078,5.320091905294532,1.6639768770885783,1.1862778898777073,1.9866520667978431
"as built, LS off",MEG II-2026 normalisation,4.0,MM 3° + TOF,8–17,8,17,16.6,0.9988921724138099,1637150650.9029996,133.3468038518014,2102.3272164542304,128-162,8.531416936198183e-06,2.163646698550808,3.2238780265718745,2783.6643464264494,59.43435462147561,0.0,0.32572333094776496,9.176620873800907e-06,1.6796881150860393e-05,1.0413993317353236e-05,2.5032809352401464,8.386897039123934,8.396198579529466,3.2274534885796684,2.166046304399787,2.506057214555001
"as built, LS off",MEG II-2026 normalisation,4.0,MM 3° + TOF,8–17,8,17,16.7,0.9988921724138099,1637150650.9029996,132.63200930442258,2102.3272164542304,130-162,8.288768620837457e-06,2.042321202431025,3.2237796274977697,2783.6643464264494,59.43435462147561,0.0,0.32572333094776496,9.226076496152975e-06,1.7779899751936788e-05,1.0413834388400124e-05,2.530335538432412,9.397289987780079,9.407712110779334,3.2273549803754578,2.044586251482763,2.5331418228234677
"as built, LS off",MEG II-2026 normalisation,4.0,MM 3° + TOF,8–17,8,17,16.8,0.9988921724138099,1637150650.9029996,147.43578058829448,2102.3272164542304,132-162,7.2613584436131855e-06,1.5673997160116677,2.6148616905159523,2783.6643464264494,59.43435462147561,0.0,0.32572333094776496,8.299702140134552e-06,1.6954206627486023e-05,9.378909705768398e-06,2.0477127115027955,8.544742044217923,8.554218643609616,2.617761719162513,1.569138050430475,2.0499837400412546
"as built, LS off",MEG II-2026 normalisation,4.0,MM 3° + TOF,8–17,8,17,17.0,0.9988921724138099,1637150650.9029996,162.16431034086332,2102.3272164542304,136-162,6.103393468140499e-06,1.1073546916450687,2.107162137493025,2783.6643464264494,59.43435462147561,0.0,0.32572333094776496,7.545883931605918e-06,1.73993561523935e-05,8.419319111737325e-06,1.6926386536643392,8.999333963074719,9.009314730465798,2.109499098787705,1.108582810263855,1.6945158851070983
"as built, LS off","LNL 2023-24, thick",1.0,trigger,8–14,8,14,16.6,0.9989501604247009,313931208.84753615,30.984246782059135,475.1901641273404,130-178,0.00011129380483781157,368.2018726301097,414.5437206150791,633.6146212230188,28.925247311892466,67896.2976555384,0.02127767325814252,0.00014755025974700167,0.00020115045779442198,0.00011809001126890988,647.17833387062,1202.779627553672,1204.0436802595975,414.97938239364913,368.5888317727179,647.8584813435276
"as built, LS off","LNL 2023-24, thick",1.0,trigger,8–14,8,14,16.7,0.9989501604247009,313931208.84753615,32.069987107172395,475.1901641273404,132-178,0.00010323978407421263,316.8386746637945,351.89119932015154,633.6146212230188,28.925247311892466,67896.2976555384,0.02127767325814252,0.00014255489550027184,0.00019219604673888764,0.00010880082695057929,604.0992339801849,1098.0773002989497,1099.231316837774,352.2610168765036,317.17165401834603,604.7341077790645
"as built, LS off","LNL 2023-24, thick",1.0,trigger,8–14,8,14,16.8,0.9989501604247009,313931208.84753615,33.96506464634679,475.1901641273404,134-178,9.266704792361757e-05,255.26699675618414,279.78697325845854,633.6146212230188,28.925247311892466,67896.2976555384,0.02127767325814252,0.00013460105871606967,0.00017649408738326978,9.701563678301837e-05,538.568519842058,925.9858169219162,926.9589751386956,280.0810133906059,255.5352677931981,539.1345246023957
"as built, LS off","LNL 2023-24, thick",1.0,trigger,8–14,8,14,17.0,0.9989501604247009,313931208.84753615,37.386682243292746,475.1901641273404,138-178,7.544595139379894e-05,169.20605177513292,182.2693317113677,633.6146212230188,28.925247311892466,67896.2976555384,0.02127767325814252,0.00012228241144821575,0.00015574210789487777,7.830415262788054e-05,444.5002422589395,721.0346067639639,721.7923729622487,182.46088637082394,169.38387767333202,444.96738663114235
"as built, LS off","LNL 2023-24, thick",1.0,MM 15°,8–16,8,16,16.6,0.9989501604247009,313931208.84753615,23.524975896214457,348.8016621027613,126-170,7.873906150490988e-05,184.29963753489835,175.74115672735581,461.67827582126495,11.361600347265606,12183.623328276626,0.014630805958671621,8.434964236330427e-05,9.392051714044757e-05,7.688909228433023e-05,211.50006441193028,262.2194869182254,262.49506462538983,175.92585064768392,184.49332592983805,211.7223389022848
"as built, LS off","LNL 2023-24, thick",1.0,MM 15°,8–16,8,16,16.7,0.9989501604247009,313931208.84753615,24.13017225047892,348.8016621027613,128-172,7.487162319648982e-05,166.63971343867874,156.7313112960878,461.67827582126495,11.361600347265606,12183.623328276626,0.014630805958671621,8.223411266414227e-05,9.164677001197925e-05,7.261157836048183e-05,201.02405724312848,249.67688625530968,249.93928240540075,156.89602695439171,166.8148422618325,201.23532204816271
"as built, LS off","LNL 2023-24, thick",1.0,MM 15°,8–16,8,16,16.8,0.9989501604247009,313931208.84753615,25.653099195687698,348.8016621027613,132-170,6.83922153032961e-05,139.04563359371014,128.44495235102247,461.67827582126495,11.361600347265606,12183.623328276626,0.014630805958671621,7.735218611654566e-05,8.540758814267016e-05,6.573346329753512e-05,177.86446780644232,216.83876671664603,217.06665187826553,128.57994066131832,139.19176261465864,178.05139320546655
"as built, LS off","LNL 2023-24, thick",1.0,MM 15°,8–16,8,16,17.0,0.9989501604247009,313931208.84753615,28.068464943901397,348.8016621027613,134-174,5.753175055140795e-05,98.39186449195687,90.35134510607361,461.67827582126495,11.361600347265606,12183.623328276626,0.014630805958671621,7.069582563267995e-05,7.611665616173552e-05,5.513092824693156e-05,148.57014749959237,172.22786400843842,172.4088656587394,90.44629921042406,98.49526872304205,148.7262862407752
"as built, LS off","LNL 2023-24, thick",1.0,MM 3°,8–16,8,16,16.6,0.9989501604247009,313931208.84753615,25.613354957497197,372.0055421600801,128-160,1.901687683334702e-05,10.750344961197698,15.272908693007857,479.55241291992945,11.364865317119362,34.46924867423736,0.0104174442757036,2.0350562339618098e-05,3.731001524738804e-05,2.2666729989850417e-05,12.311099510662377,41.38041729370773,41.423905749326835,15.288959647911385,10.76164295987221,12.32403777324421
"as built, LS off","LNL 2023-24, thick",1.0,MM 3°,8–16,8,16,16.7,0.9989501604247009,313931208.84753615,26.373915151960894,372.0055421600801,130-162,1.7909042666492302e-05,9.53429872860409,14.25571338012199,479.55241291992945,11.364865317119362,34.46924867423736,0.0104174442757036,1.976370113371501e-05,3.82765096500153e-05,2.1898908605391818e-05,11.611292583317717,43.55205680700696,43.59782753174686,14.270695320836841,9.544318732128348,11.623495388780166
"as built, LS off","LNL 2023-24, thick",1.0,MM 3°,8–16,8,16,16.8,0.9989501604247009,313931208.84753615,28.315963154451342,372.0055421600801,132-162,1.623479989135917e-05,7.834980009288814,12.341019926802968,479.55241291992945,11.364865317119362,34.46924867423736,0.0104174442757036,1.840820931804934e-05,3.7989628633246835e-05,2.0375276938919182e-05,10.073191744860837,42.90166122746753,42.94674842359303,12.353989634033612,7.843214125875703,10.083778094172635
"as built, LS off","LNL 2023-24, thick",1.0,MM 3°,8–16,8,16,17.0,0.9989501604247009,313931208.84753615,31.1486434036653,372.0055421600801,136-162,1.36663663477702e-05,5.552008595465689,9.997411462345111,479.55241291992945,11.364865317119362,34.46924867423736,0.0104174442757036,1.6734153395841865e-05,4.059136902322435e-05,1.8338836429645407e-05,8.324372469547141,48.97916882222286,49.03064313178498,10.007918170907285,5.557843439461752,8.333120909663858
"as built, LS off","LNL 2023-24, thick",1.0,MM 15° + TOF,8–17,8,17,16.6,0.9989501604247009,313931208.84753615,23.524975896214457,348.7992643864604,128-176,1.9068786201983213e-05,10.809114364356283,14.572826360684513,461.67827582126495,11.361600347265606,6.3460786575686035,0.018335437408744402,2.1285732804782164e-05,3.357637375065123e-05,2.2141135444539133e-05,13.468561861967286,33.512867843145685,33.54808795355494,14.58814156903375,10.820474126317592,13.48271655138547
"as built, LS off","LNL 2023-24, thick",1.0,MM 15° + TOF,8–17,8,17,16.7,0.9989501604247009,313931208.84753615,23.277477685664508,348.7992643864604,130-174,1.8634776965042073e-05,10.32267873177356,13.975570770381257,461.67827582126495,11.361600347265606,6.3460786575686035,0.018335437408744402,2.151205375117372e-05,3.45835114250741e-05,2.1682670516235437e-05,13.75649395343006,35.55348580523872,35.59085048860021,13.990258297210325,10.333527277662084,13.770951243034512
"as built, LS off","LNL 2023-24, thick",1.0,MM 15° + TOF,8–17,8,17,16.8,0.9989501604247009,313931208.84753615,25.654905751969086,348.7992643864604,132-176,1.6367239605034375e-05,7.963333302277223,10.774307231954486,461.67827582126495,11.361600347265606,6.3460786575686035,0.018335437408744402,1.951854183394644e-05,3.17235600726039e-05,1.9038059125944246e-05,11.325014129712162,29.916297969087644,29.94773828993512,10.78563041360724,7.971702310845653,11.336916072867304
"as built, LS off","LNL 2023-24, thick",1.0,MM 15° + TOF,8–17,8,17,17.0,0.9989501604247009,313931208.84753615,28.068464943901397,348.7992643864604,134-176,1.372939472740143e-05,5.603337680760945,7.854468721281839,461.67827582126495,11.361600347265606,6.3460786575686035,0.018335437408744402,1.784017587590097e-05,3.058024584665355e-05,1.6254978553782256e-05,9.46111400960401,27.79879417484458,27.82800912012067,7.862723319392165,5.6092264686945965,9.471057100167684
"as built, LS off","LNL 2023-24, thick",1.0,MM 3° + TOF,8–17,8,17,16.6,0.9989501604247009,313931208.84753615,25.613354957497197,372.003144443779,128-162,1.8527020559502537e-05,10.203641225096007,15.159222816656566,479.55241291992945,11.364865317119362,0.0,0.012763181311590122,1.995590214371943e-05,3.67604004259477e-05,2.258221104215278e-05,11.838229202428826,40.170244930916034,40.21246156448663,15.175154294195883,10.21436466936244,11.85067050531914
"as built, LS off","LNL 2023-24, thick",1.0,MM 3° + TOF,8–17,8,17,16.7,0.9989501604247009,313931208.84753615,25.476056680111824,372.003144443779,130-162,1.799740435896459e-05,9.628613664092676,15.165429665037037,479.55241291992945,11.364865317119362,0.0,0.012763181311590122,2.006345061648377e-05,3.9037770835400595e-05,2.2586833641124776e-05,11.9661727300857,45.30165136139278,45.34926081010178,15.18136766561957,9.638732787228442,11.97874849431759
"as built, LS off","LNL 2023-24, thick",1.0,MM 3° + TOF,8–17,8,17,16.8,0.9989501604247009,313931208.84753615,28.319576267014114,372.003144443779,132-162,1.5764211660388106e-05,7.387347481376821,12.329271371489746,479.55241291992945,11.364865317119362,0.0,0.012763181311590122,1.804891430171307e-05,3.7471950844753676e-05,2.0365576076726018e-05,9.683808188780691,41.74040131128525,41.784268089550565,12.342228731659636,7.39511116173815,9.693985318210117
"as built, LS off","LNL 2023-24, thick",1.0,MM 3° + TOF,8–17,8,17,17.0,0.9989501604247009,313931208.84753615,31.1486434036653,372.003144443779,136-162,1.3245783420577472e-05,5.21554038123796,10.053608386742852,479.55241291992945,11.364865317119362,0.0,0.012763181311590122,1.6409626527876937e-05,4.0080264413745194e-05,1.8390306852525043e-05,8.004632663032178,47.75349570379694,47.80368190090152,10.06417415506354,5.221021616354301,8.013045074870432
"as built, LS off","LNL 2023-24, thick",4.0,trigger,8–14,8,14,16.6,0.998909024360423,1255724835.3901446,123.93698712823654,1900.7606565093615,130-178,2.8724241923744768e-05,24.526815520030215,28.631132815865094,2534.4584848920754,115.70098924756986,67896.2976555384,0.20690183488001354,3.778851190690439e-05,5.381515118292884e-05,3.103467911749213e-05,42.44862164501352,86.09008611300496,86.184110878492,28.662402799090646,24.553602902660867,42.494982635873505
"as built, LS off","LNL 2023-24, thick",4.0,trigger,8–14,8,14,16.7,0.998909024360423,1255724835.3901446,128.27994842868958,1900.7606565093615,132-178,2.6666527364870467e-05,21.138635008959138,24.354587676880616,2534.4584848920754,115.70098924756986,67896.2976555384,0.20690183488001354,3.650916897900615e-05,5.1578303443033646e-05,2.862321312239882e-05,39.62305052133248,79.08208638708847,79.16845724536606,24.381186957915677,21.16172193207854,39.66632551618217
"as built, LS off","LNL 2023-24, thick",4.0,trigger,8–14,8,14,16.8,0.998909024360423,1255724835.3901446,135.86025858538716,1900.7606565093615,134-178,2.3956902243638388e-05,17.061033445637513,19.402773094084885,2534.4584848920754,115.70098924756986,67896.2976555384,0.20690183488001354,3.447214338148594e-05,4.75147443174066e-05,2.554817580347011e-05,35.32487126378492,67.11209653830326,67.18539416667448,19.423964165813807,17.079666946207915,35.363451928370125
"as built, LS off","LNL 2023-24, thick",4.0,trigger,8–14,8,14,17.0,0.998909024360423,1255724835.3901446,149.54672897317099,1900.7606565093615,136-178,1.953305259481959e-05,11.341859205469328,12.703975632568712,2534.4584848920754,115.70098924756986,67896.2976555384,0.20690183488001354,3.1317263479841364e-05,4.239781291097644e-05,2.0672729386310157e-05,29.154904633347364,53.435628407674216,53.49398904658784,12.71785049764943,11.354246411710259,29.186746662955155
"as built, LS off","LNL 2023-24, thick",4.0,MM 15°,8–16,8,16,16.6,0.998909024360423,1255724835.3901446,94.09990358485783,1395.2066484110453,126-170,2.1364621749820266e-05,13.56858093082322,13.76510855777514,1846.7131032850598,45.44640138906242,12183.623328276626,0.17857746264133878,2.2999670896457642e-05,2.932649642772473e-05,2.1518788346083888e-05,15.724876972216427,25.566093719540763,25.594016167698665,13.780142357396963,13.58340008942341,15.742051166556115
"as built, LS off","LNL 2023-24, thick",4.0,MM 15°,8–16,8,16,16.7,0.998909024360423,1255724835.3901446,96.52068900191568,1395.2066484110453,128-172,2.0283915945337245e-05,12.230595900044781,12.268856318685776,1846.7131032850598,45.44640138906242,12183.623328276626,0.17857746264133878,2.2422828061216695e-05,2.886319771916254e-05,2.0315617799136445e-05,14.945993408528146,24.76469032626247,24.79173750794643,12.282255960737992,12.243953755323947,14.962316931812385
"as built, LS off","LNL 2023-24, thick",4.0,MM 15°,8–16,8,16,16.8,0.998909024360423,1255724835.3901446,102.61239678275079,1395.2066484110453,132-170,1.8518107859635118e-05,10.193826358533885,10.069506097552626,1846.7131032850598,45.44640138906242,12183.623328276626,0.17857746264133878,2.1091670029131792e-05,2.717433374113186e-05,1.8404841350081515e-05,13.224094667591444,21.951379734673523,21.97535431089779,10.080503681503814,10.204959720992353,13.238537589605329
"as built, LS off","LNL 2023-24, thick",4.0,MM 15°,8–16,8,16,17.0,0.998909024360423,1255724835.3901446,112.27385977560559,1395.2066484110453,134-174,1.5559204169445498e-05,7.196457621477116,7.134268972282239,1846.7131032850598,45.44640138906242,12183.623328276626,0.17857746264133878,1.9276675961490083e-05,2.4861396210404798e-05,1.5491830370475096e-05,11.046083119033579,18.373633220295183,18.39370029924334,7.142060786616817,7.204317356212526,11.058147288344017
"as built, LS off","LNL 2023-24, thick",4.0,MM 3°,8–16,8,16,16.6,0.998909024360423,1255724835.3901446,102.45341982998879,1488.0221686403204,128-160,9.328363102692043e-06,2.5867526211553598,3.7356996055347382,1918.2096516797178,45.45946126847745,34.46924867423736,0.15751542043899716,1.0027814482166615e-05,1.8470987436452636e-05,1.121021564155608e-05,2.9892111560270656,10.142014770439687,10.15309154598275,3.739779613990989,2.5895777874382446,2.9924758743079574
"as built, LS off","LNL 2023-24, thick",4.0,MM 3°,8–16,8,16,16.7,0.998909024360423,1255724835.3901446,105.49566060784358,1488.0221686403204,130-162,8.768561331786217e-06,2.2856024919529268,3.4770346379146058,1918.2096516797178,45.45946126847745,34.46924867423736,0.15751542043899716,9.738636463330248e-06,1.8947601900077146e-05,1.0815148876434727e-05,2.819293702880662,10.672164618424706,10.683820406225514,3.480832140985878,2.288098751952253,2.822372842898068
"as built, LS off","LNL 2023-24, thick",4.0,MM 3°,8–16,8,16,16.8,0.998909024360423,1255724835.3901446,113.26385261780537,1488.0221686403204,132-162,7.942685077902442e-06,1.8753343117340695,3.002507998745229,1918.2096516797178,45.45946126847745,34.46924867423736,0.15751542043899716,9.070712883001036e-06,1.8797814068386858e-05,1.005009298851456e-05,2.4458332998169134,10.504096722640988,10.515568952204134,3.005787239401167,1.877382490297152,2.448504558643787
"as built, LS off","LNL 2023-24, thick",4.0,MM 3°,8–16,8,16,17.0,0.998909024360423,1255724835.3901446,124.5945736146612,1488.0221686403204,136-162,6.676183363343872e-06,1.3249531599580706,2.417080621666079,1918.2096516797178,45.45946126847745,34.46924867423736,0.15751542043899716,8.245815666869174e-06,2.0068462746947343e-05,9.017238607957921e-06,2.02120915612322,11.972152111344032,11.985227702802574,2.419720477761903,1.3264002302976547,2.023416654401887
"as built, LS off","LNL 2023-24, thick",4.0,MM 15° + TOF,8–17,8,17,16.6,0.998909024360423,1255724835.3901446,94.09990358485783,1395.1970575458415,128-176,9.511676395096297e-06,2.6894169989605254,3.6257909100767876,1846.7131032850598,45.44640138906242,6.3460786575686035,0.21760888081332053,1.0612473282404029e-05,1.6751883518493487e-05,1.1044075616138417e-05,3.3479366578400516,8.342021445219194,8.351132327151,3.629750879864453,2.692354291906106,3.351593164336115
"as built, LS off","LNL 2023-24, thick",4.0,MM 15° + TOF,8–17,8,17,16.7,0.998909024360423,1255724835.3901446,93.10991074265803,1395.1970575458415,130-174,9.294694034724762e-06,2.56811347203175,3.477126028225392,1846.7131032850598,45.44640138906242,6.3460786575686035,0.21760888081332053,1.072531060019133e-05,1.7252977845422256e-05,1.0815291008082131e-05,3.4195091400290276,8.848550669876074,8.858214766396355,3.4809236311101612,2.570918281247935,3.423243815640224
"as built, LS off","LNL 2023-24, thick",4.0,MM 15° + TOF,8–17,8,17,16.8,0.998909024360423,1255724835.3901446,102.61962300787634,1395.1970575458415,132-176,8.163872899161898e-06,1.9812372388130226,2.680650140561067,1846.7131032850598,45.44640138906242,6.3460786575686035,0.21760888081332053,9.731401104391612e-06,1.582574998109429e-05,9.496160841544034e-06,2.8151060479950734,7.445135626162481,7.45326695884985,2.6835778586317427,1.9834010810759872,2.8181806143933046
"as built, LS off","LNL 2023-24, thick",4.0,MM 15° + TOF,8–17,8,17,17.0,0.998909024360423,1255724835.3901446,112.27385977560559,1395.1970575458415,134-176,6.848196476527307e-06,1.394108055324644,1.9547790021009925,1846.7131032850598,45.44640138906242,6.3460786575686035,0.21760888081332053,8.89461460278466e-06,1.5259155939494056e-05,8.109177864042532e-06,2.351788612725033,6.921576693989199,6.929136212800676,1.9569139475465143,1.3956306543704091,2.3543571590324013
"as built, LS off","LNL 2023-24, thick",4.0,MM 3° + TOF,8–17,8,17,16.6,0.998909024360423,1255724835.3901446,102.45341982998879,1488.012577775116,128-162,9.26369745804305e-06,2.55101339459433,3.789942739810069,1918.2096516797178,45.45946126847745,0.0,0.19078369631869924,9.978153030526044e-06,1.8380551426353984e-05,1.1291309656864909e-05,2.9596771076277077,10.042945027849091,10.053913602672019,3.79408199083663,2.5537995276673784,2.962909569790619
"as built, LS off","LNL 2023-24, thick",4.0,MM 3° + TOF,8–17,8,17,16.7,0.998909024360423,1255724835.3901446,101.9042267204473,1488.012577775116,130-162,8.998883179532958e-06,2.4072502520475973,3.791492975560848,1918.2096516797178,45.45946126847745,0.0,0.19078369631869924,1.0031928355325362e-05,1.9519247798285926e-05,1.1293618715799951e-05,2.991664284375179,11.32583337131064,11.338203074661674,3.7956339197039974,2.4098793717364813,2.9949316818823104
"as built, LS off","LNL 2023-24, thick",4.0,MM 3° + TOF,8–17,8,17,16.8,0.998909024360423,1255724835.3901446,113.27830506805645,1488.012577775116,132-162,7.882263192332713e-06,1.8469106133532425,3.0824260086701636,1918.2096516797178,45.45946126847745,0.0,0.19078369631869924,9.024639810334157e-06,1.8736310733267067e-05,1.0182966705811441e-05,2.4210500507214068,10.43547383750115,10.446871119402218,3.0857925331526217,1.848927748486179,2.423694242097318
"as built, LS off","LNL 2023-24, thick",4.0,MM 3° + TOF,8–17,8,17,17.0,0.998909024360423,1255724835.3901446,124.5945736146612,1488.012577775116,136-162,6.623021254997859e-06,1.3039361041662725,2.513486333536115,1918.2096516797178,45.45946126847745,0.0,0.19078369631869924,8.204979333418297e-06,2.004045506146122e-05,9.195307513082689e-06,2.0012391754405874,11.938758593057273,11.951797713211539,2.5162314807851884,1.3053602203675665,2.00342486316202
20 SiPM bars,"ATOMKI 2016, 18.15 res",1.0,trigger,9–15,9,15,16.7,0.9989557913144643,191016489.75285098,20.70716247568281,324.5713891819897,130-176,3.226119218434622e-05,30.938897775128456,49.468914335101346,426.76423603145025,25.921320142621404,1536.482748969443,0.015706542567371286,4.04191689560173e-05,7.216341763653342e-05,4.079380195854279e-05,48.56448332625067,154.802581598833,154.96439676788683,49.520624201005184,30.97123821107025,48.615247790242705
20 SiPM bars,"ATOMKI 2016, 18.15 res",1.0,trigger,9–15,9,15,17.0,0.9989557913144643,191016489.75285098,23.649133630009388,324.5713891819897,136-176,2.4782898438401808e-05,18.257789982406024,30.38804108502865,426.76423603145025,25.921320142621404,1536.482748969443,0.015706542567371286,3.5390991982990154e-05,6.65388784105181e-05,3.197270245225392e-05,37.233124659336305,131.61184126426014,131.7494151478718,30.41980571036372,18.276874853872886,37.27204445188063
20 SiPM bars,"ATOMKI 2016, 18.15 res",1.0,MM 15°,9–15,9,15,16.7,0.9989557913144643,191016489.75285098,15.279979624210931,232.28973068481363,130-168,2.9127819520152702e-05,25.220864149779686,32.05807883398251,310.324734460426,6.530440136873832,243.08367057222966,0.004379282519911455,3.205183698332378e-05,5.989717004192135e-05,3.283951540408555e-05,30.538652021568435,106.64895894859809,106.76043912640549,32.0915891501057,25.24722752404599,30.570574080545153
20 SiPM bars,"ATOMKI 2016, 18.15 res",1.0,MM 15°,9–15,9,15,17.0,0.9989557913144643,191016489.75285098,17.12242620570838,232.28973068481363,134-168,2.3268277776116495e-05,16.094314823618216,21.525999993201165,310.324734460426,6.530440136873832,243.08367057222966,0.004379282519911455,2.8602921696952117e-05,5.3817043089026464e-05,2.6909749901685957e-05,24.320069250950475,86.09613932360672,86.18613563500955,21.548501125236413,16.11113821407522,24.345491024131505
20 SiPM bars,"ATOMKI 2016, 18.15 res",1.0,MM 3°,10–16,10,16,16.7,0.9989557913144643,191016489.75285098,16.162681033028704,232.9563534861997,130-164,2.1639629194930407e-05,13.920141251310476,19.753198321687837,268.92801093198403,0.11330877958249067,0.8653968400221764,0.0034234171605727107,2.4141385744840057e-05,3.855151176123051e-05,2.5777850793686798e-05,17.32480694652695,44.1801147168934,44.226296199514,19.773846343786467,13.934691977703858,17.342916570642537
20 SiPM bars,"ATOMKI 2016, 18.15 res",1.0,MM 3°,10–16,10,16,17.0,0.9989557913144643,191016489.75285098,18.51691833160878,232.9563534861997,136-164,1.6922043305708413e-05,8.512352843052046,13.215752093155416,268.92801093198403,0.11330877958249067,0.8653968400221764,0.0034234171605727107,2.1072054782630537e-05,3.188359999107642e-05,2.1085016016445144e-05,13.199509297330037,30.218904530052562,30.25049235691338,13.229566521422958,8.521250807156507,13.213306746999901
20 SiPM bars,"ATOMKI 2016, 18.15 res",1.0,MM 15° + TOF,11–16,11,16,16.7,0.9989557913144643,191016489.75285098,13.24932613385084,196.2048670076744,130-176,2.1808853994330674e-05,14.138707269501573,20.32145614118749,171.68112775754912,0.1132413946578682,1.5150616536326096,0.005327093519716508,2.5244932396842122e-05,5.019141436091632e-05,2.614600896101635e-05,18.944905223576956,74.88638750146244,74.96466625707636,20.342698163296834,14.153486462996845,18.96470833674083
20 SiPM bars,"ATOMKI 2016, 18.15 res",1.0,MM 15° + TOF,11–16,11,16,17.0,0.9989557913144643,191016489.75285098,14.81771704103953,196.2048670076744,136-176,1.7442973501759446e-05,9.044510243254525,12.547625174099467,171.68112775754912,0.1132413946578682,1.5150616536326096,0.005327093519716508,2.2572866091746674e-05,4.3986228556811696e-05,2.054512377321456e-05,15.14667906052101,57.51451553662534,57.57463547105076,12.560741209166846,9.053964471594295,15.162511887128087
20 SiPM bars,"ATOMKI 2016, 18.15 res",1.0,MM 3° + TOF,10–17,10,17,16.7,0.9989557913144643,191016489.75285098,16.167083533820815,232.9563534861997,130-164,2.1605842106040672e-05,13.87670669177051,19.713921359627623,268.92801093198403,0.11330877958249067,0.0,0.00426623380399738,2.411405590915028e-05,3.8496138811179814e-05,2.5752209896198682e-05,17.28560322204594,44.053290825494194,44.09933973907613,19.73452832551007,13.891212016010245,17.303671866500597
20 SiPM bars,"ATOMKI 2016, 18.15 res",1.0,MM 3° + TOF,10–17,10,17,17.0,0.9989557913144643,191016489.75285098,18.518018956806813,232.9563534861997,136-164,1.6895236497987213e-05,8.485404765841832,13.182705328778347,268.92801093198403,0.11330877958249067,0.0,0.00426623380399738,2.1052681560149092e-05,3.1800869196854385e-05,2.1058637355254105e-05,13.175249728687323,30.062285424359157,30.093709537237928,13.196485213256572,8.494274561115873,13.189021819825305
20 SiPM bars,"ATOMKI 2016, 18.15 res",4.0,trigger,9–15,9,15,16.7,0.9989315785752233,764065959.0114039,82.82864990273124,1298.2855567279587,130-176,1.1587762633099568e-05,3.9915648882597687,7.187169499662188,1707.056944125801,103.68528057048562,1536.482748969443,0.10833320330412415,1.4318266914001104e-05,2.5583758444514877e-05,1.5549160169238596e-05,6.094315321658105,19.456857792725515,19.477668150682394,7.194856638643111,3.9958341230466856,6.1008335829671445
20 SiPM bars,"ATOMKI 2016, 18.15 res",4.0,trigger,9–15,9,15,17.0,0.9989315785752233,764065959.0114039,94.59653452003755,1298.2855567279587,136-176,8.958162420725537e-06,2.38551349453327,4.563148803732465,1707.056944125801,103.68528057048562,1536.482748969443,0.10833320330412415,1.2537063048355598e-05,2.3982658155091504e-05,1.2389686265501647e-05,4.672352850132086,17.09773757978528,17.116024707289558,4.568029384195548,2.388064954294196,4.677350231330423
20 SiPM bars,"ATOMKI 2016, 18.15 res",4.0,MM 15°,9–15,9,15,16.7,0.9989315785752233,764065959.0114039,61.119918496843724,929.1589227392545,130-176,1.2399721693731881e-05,4.5705439382284485,6.584423168139667,1241.298937841704,26.121760547495327,243.08367057222966,0.047502891201159754,1.4061629658315027e-05,2.61901060085863e-05,1.4882875910798236e-05,5.877807034708821,20.390061020837933,20.41186949953098,6.591465631240764,4.575432428262422,5.884093726511621
20 SiPM bars,"ATOMKI 2016, 18.15 res",4.0,MM 15°,9–15,9,15,17.0,0.9989315785752233,764065959.0114039,68.48970482283352,929.1589227392545,134-174,9.88078947768303e-06,2.902199783064556,4.431821759000007,1241.298937841704,26.121760547495327,243.08367057222966,0.047502891201159754,1.2548537928031594e-05,2.3343238390800572e-05,1.221009762339189e-05,4.680909754198793,16.1981801001708,16.21550509322598,4.436561876761487,2.905303871966852,4.685916287555127
20 SiPM bars,"ATOMKI 2016, 18.15 res",4.0,MM 3°,10–16,10,16,16.7,0.9989315785752233,764065959.0114039,64.65072413211482,931.8254139447988,130-164,1.0809136507081149e-05,3.473169798713272,4.932641836429572,1075.7120437279361,0.45323511832996266,0.8653968400221764,0.04850157973727022,1.2063005068588381e-05,1.9258217918435146e-05,1.2881539945887325e-05,4.325686423447948,11.024939280438064,11.03673116046941,4.937917613401512,3.4768845766864795,4.330313022657345
20 SiPM bars,"ATOMKI 2016, 18.15 res",4.0,MM 3°,10–16,10,16,17.0,0.9989315785752233,764065959.0114039,74.06767332643513,931.8254139447988,136-164,8.451670968376018e-06,2.1233871033796077,3.2982161809879442,1075.7120437279361,0.45323511832996266,0.8653968400221764,0.04850157973727022,1.052931701332741e-05,1.5911990096810416e-05,1.0533375163186511e-05,3.2956752903432234,7.52649907375127,7.534549147486477,3.3017438348402117,2.1256582021445314,3.2992002265498974
20 SiPM bars,"ATOMKI 2016, 18.15 res",4.0,MM 15° + TOF,11–16,11,16,16.7,0.9989315785752233,764065959.0114039,52.99730453540336,784.8194680306976,130-176,1.0889599532821355e-05,3.525070689215905,5.064263797794618,686.7245110301965,0.4529655786314728,1.5150616536326096,0.053361616920130625,1.2603180888331868e-05,2.5065051903026993e-05,1.3052273141403799e-05,4.721764818787564,18.67588664986436,18.695861709068993,5.069680352900427,3.528840978521988,4.726815049257148
20 SiPM bars,"ATOMKI 2016, 18.15 res",4.0,MM 15° + TOF,11–16,11,16,17.0,0.9989315785752233,764065959.0114039,59.27086816415812,784.8194680306976,136-176,8.710883925763706e-06,2.2556331381726666,3.128642659196884,686.7245110301965,0.4529655786314728,1.5150616536326096,0.053361616920130625,1.1269189001986113e-05,2.1976567600535476e-05,1.0259022324538688e-05,3.775107632654125,14.357001293130367,14.372357027302877,3.1319889432860544,2.2580456825580364,3.7791453525160983
20 SiPM bars,"ATOMKI 2016, 18.15 res",4.0,MM 3° + TOF,10–17,10,17,16.7,0.9989315785752233,764065959.0114039,64.66833413528326,931.8254139447988,130-164,1.0803037487400055e-05,3.4692514552369462,4.928574116617203,1075.7120437279361,0.45323511832996266,0.0,0.0603028097359111,1.2057157764197002e-05,1.9248270302574122e-05,1.2876227447626215e-05,4.321493857037338,11.01355260526031,11.02533230651187,4.9338455429017785,3.4729620422903653,4.326115972027922
20 SiPM bars,"ATOMKI 2016, 18.15 res",4.0,MM 3° + TOF,10–17,10,17,17.0,0.9989315785752233,764065959.0114039,74.07207582722725,931.8254139447988,136-164,8.447708005853105e-06,2.1213962708726113,3.2957411245949744,1075.7120437279361,0.45323511832996266,0.0,0.0603028097359111,1.0526454109853774e-05,1.590063266706372e-05,1.052942217936839e-05,3.293883356922039,7.515758597291733,7.523797183398151,3.2992661312156053,2.1236652403144167,3.297406376540931
20 SiPM bars,ATOMKI 2016 anomaly,1.0,trigger,9–15,9,15,16.7,0.9989567650626051,159647559.20533565,17.316008508549782,271.5127942584194,130-176,3.801346424215222e-05,42.955513189339634,59.42902813630715,417.14133516241975,22.313356476091325,1536.482748969443,0.014046055297359248,4.763737879983076e-05,8.265116267132607e-05,4.4712330586823285e-05,67.45897321398824,203.06821316652804,203.2802822590642,59.49109132123722,43.00037268044087,67.52942226659886
20 SiPM bars,ATOMKI 2016 anomaly,1.0,trigger,9–15,9,15,17.0,0.9989567650626051,159647559.20533565,19.77618129176194,271.5127942584194,136-176,2.9195217951056756e-05,25.33771555320174,34.342925452763545,417.14133516241975,22.313356476091325,1536.482748969443,0.014046055297359248,4.171125074417164e-05,7.441781558769455e-05,3.398964566203899e-05,51.7190380096064,164.62578111902832,164.797703841278,34.378790608231434,25.36417634812635,51.77304946362233
20 SiPM bars,ATOMKI 2016 anomaly,1.0,MM 15°,9–15,9,15,16.7,0.9989567650626051,159647559.20533565,12.77762018306562,194.3176266124494,130-168,3.391412917554564e-05,34.190492203792985,40.44323846170892,303.9002087489766,5.939059114042914,243.08367057222966,0.003849040576757559,3.722464908607776e-05,6.838014689090216e-05,3.688509918452014e-05,41.19127525510195,138.9965662550938,139.14172376257227,40.485474322979655,34.22619816949761,41.23429230945793
20 SiPM bars,ATOMKI 2016 anomaly,1.0,MM 15°,9–15,9,15,17.0,0.9989567650626051,159647559.20533565,14.318334451339904,194.3176266124494,134-168,2.7102366794620734e-05,21.835264145961965,25.792270555153905,303.9002087489766,5.939059114042914,243.08367057222966,0.003849040576757559,3.321911700597914e-05,6.02909818836482e-05,2.945593287396238e-05,32.80349984116921,108.05596006225908,108.16880553933399,25.819206052964155,21.85806724537627,32.83775733688875
20 SiPM bars,ATOMKI 2016 anomaly,1.0,MM 3°,10–16,10,16,16.7,0.9989567650626051,159647559.20533565,13.515764055918654,194.8772648695141,130-164,2.4721341040761372e-05,18.16720281966803,24.925541673922137,263.11556843132604,0.09451917672055556,0.8653968400221764,0.002801693568706434,2.7579980835037093e-05,4.393651423737294e-05,2.8956781967455237e-05,22.611633259839866,57.384580360608645,57.44450847881522,24.95157202560217,18.186175273090505,22.635247140473375
20 SiPM bars,ATOMKI 2016 anomaly,1.0,MM 3°,10–16,10,16,17.0,0.9989567650626051,159647559.20533565,15.484454509824678,194.8772648695141,136-164,1.9332955150955616e-05,11.110676422974473,15.366351889300017,263.11556843132604,0.09451917672055556,0.8653968400221764,0.002801693568706434,2.4073467579797893e-05,3.570418816241229e-05,2.2735964407872665e-05,17.227462583697392,37.8950372276142,37.93461194012666,15.382399345718431,11.122279573609136,17.245453643449462
20 SiPM bars,ATOMKI 2016 anomaly,1.0,MM 15° + TOF,11–16,11,16,16.7,0.9989567650626051,159647559.20533565,11.079521123946119,164.13216927538778,130-176,2.4819561200932934e-05,18.31184953052483,24.91610820796573,167.9048626292174,0.09446293942018189,1.5150616536326096,0.004707583314167646,2.86863072521379e-05,5.677660968967704e-05,2.8951301872557775e-05,24.46207561724314,95.82590391955793,95.92597725042933,24.942128708046965,18.330973042038732,24.487621960005537
20 SiPM bars,ATOMKI 2016 anomaly,1.0,MM 15° + TOF,11–16,11,16,17.0,0.9989567650626051,159647559.20533565,12.391061047656306,164.13216927538778,136-176,1.9860036647423326e-05,11.724763841765679,15.265738403486502,167.9048626292174,0.09446293942018189,1.5150616536326096,0.004707583314167646,2.5649986384998587e-05,4.9406331516319477e-05,2.266140860346695e-05,19.557722994964706,72.56199744056072,72.63777570595182,15.281680786785392,11.737008298883568,19.578147602553162
20 SiPM bars,ATOMKI 2016 anomaly,1.0,MM 3° + TOF,10–17,10,17,16.7,0.9989567650626051,159647559.20533565,13.519445571493979,194.8772648695141,130-164,2.4679598319382966e-05,18.105902889598404,24.87244792973632,263.11556843132604,0.09451917672055556,0.0,0.0034965452215059275,2.754648405233101e-05,4.38734389592644e-05,2.8925925194474416e-05,22.556741487673207,57.21993597242269,57.2796921484752,24.898422834323117,18.124811326007386,22.580298043488966
20 SiPM bars,ATOMKI 2016 anomaly,1.0,MM 3° + TOF,10–17,10,17,17.0,0.9989567650626051,159647559.20533565,15.485374888718509,194.8772648695141,136-164,1.9299581933553462e-05,11.072350261888916,15.330500014483892,263.11556843132604,0.09451917672055556,0.0,0.0034965452215059275,2.4049349435048456e-05,3.561063219459303e-05,2.2709425807079275e-05,17.192961006214787,37.696704081408605,37.73607166977455,15.34651002991418,11.083913387577896,17.2109160351272
20 SiPM bars,ATOMKI 2016 anomaly,4.0,trigger,9–15,9,15,16.7,0.9989354770703094,638590236.8213426,69.26403403419913,1086.0511770336775,130-176,1.3460536155894692e-05,5.386029536389662,8.207643240569,1668.565340649679,89.2534259043653,1536.482748969443,0.08949780499453022,1.6626484929833522e-05,2.8943536438765835e-05,1.661641112312587e-05,8.217598130855565,24.902743804463903,24.929281596343927,8.216389775884705,5.391769198332887,8.226355274673237
20 SiPM bars,ATOMKI 2016 anomaly,4.0,trigger,9–15,9,15,17.0,0.9989354770703094,638590236.8213426,79.10472516704776,1086.0511770336775,136-176,1.0405266630937579e-05,3.218477219408533,4.8519544551514135,1668.565340649679,89.2534259043653,1536.482748969443,0.08949780499453022,1.4558136895326845e-05,2.647750510143788e-05,1.27757484270509e-05,6.300218485822732,20.84002010691643,20.862228427441885,4.8571249760608035,3.2219070133015237,6.3069323599358915
20 SiPM bars,ATOMKI 2016 anomaly,4.0,MM 15°,9–15,9,15,16.7,0.9989354770703094,638590236.8213426,51.11048073226248,777.2705064497976,130-176,1.430227910797379e-05,6.080713070225431,8.058152145286192,1215.6008349959063,23.756236456171656,243.08367057222966,0.038832018355817524,1.6183389533760365e-05,2.9787216511508135e-05,1.64643930397518e-05,7.785436884703461,26.375691661815182,26.40379911140021,8.066739374317992,6.087193026779891,7.793733492714353
20 SiPM bars,ATOMKI 2016 anomaly,4.0,MM 15°,9–15,9,15,17.0,0.9989354770703094,638590236.8213426,57.27333780535962,777.2705064497976,134-174,1.1399364828389074e-05,3.8628275413410775,5.113933608268808,1215.6008349959063,23.756236456171656,243.08367057222966,0.038832018355817524,1.4441987330281873e-05,2.6115472333087606e-05,1.3116124678507852e-05,6.200089121522655,20.274015909044714,20.29562106303863,5.119383309187313,3.866943991888272,6.206696292043161
20 SiPM bars,ATOMKI 2016 anomaly,4.0,MM 3°,10–16,10,16,16.7,0.9989354770703094,638590236.8213426,54.063056223674614,779.5090594780564,130-164,1.2347281237117352e-05,4.531966526411123,6.223635514868815,1052.4622737253042,0.3780767068822222,0.8653968400221764,0.03945727443883916,1.3780342353466072e-05,2.194831879601218e-05,1.4469384877049437e-05,5.6450010516864095,14.320115873108843,14.335376209789906,6.230267777776371,4.536796049833501,5.651016688527411
20 SiPM bars,ATOMKI 2016 anomaly,4.0,MM 3°,10–16,10,16,17.0,0.9989354770703094,638590236.8213426,61.93781803929871,779.5090594780564,136-164,9.654754791183102e-06,2.7709360903053817,3.835442453519055,1052.4622737253042,0.3780767068822222,0.8653968400221764,0.03945727443883916,1.2028312378783245e-05,1.781841841464522e-05,1.1358885690787677e-05,4.300841221212551,9.438050975010936,9.44810870336788,3.839529720946231,2.77388895870634,4.305424444255511
20 SiPM bars,ATOMKI 2016 anomaly,4.0,MM 15° + TOF,11–16,11,16,16.7,0.9989354770703094,638590236.8213426,44.318084495784476,656.5286771015511,130-176,1.239111698863853e-05,4.564202741561427,6.207635868888499,671.6194505168696,0.37785175768072754,1.5150616536326096,0.04415550055325739,1.4318845301752344e-05,2.8350095575975524e-05,1.4450774049489844e-05,6.094807692494505,23.892030890812922,23.91749160905144,6.214251081655776,4.569066617743299,6.1013026690867305
20 SiPM bars,ATOMKI 2016 anomaly,4.0,MM 15° + TOF,11–16,11,16,17.0,0.9989354770703094,638590236.8213426,49.564244190625224,656.5286771015511,136-176,9.916675367335505e-06,2.923318975657514,3.8058512294027294,671.6194505168696,0.37785175768072754,1.5150616536326096,0.04415550055325739,1.2803257798595758e-05,2.4682119282210305e-05,1.1314982782006689e-05,4.872871886364538,18.109602029169373,18.128900659611613,3.8099069627245377,2.926434231999709,4.878064698088167
20 SiPM bars,ATOMKI 2016 anomaly,4.0,MM 3° + TOF,10–17,10,17,16.7,0.9989354770703094,638590236.8213426,54.077782285975914,779.5090594780564,130-164,1.2339914578636677e-05,4.526560398574612,6.218213737766026,1052.4622737253042,0.3780767068822222,0.0,0.04845374069544536,1.3773371565920522e-05,2.1936919362976066e-05,1.4463080935210489e-05,5.63929144747051,14.30524468304739,14.320489172135513,6.224840222916981,4.5313841609171455,5.645300999829834
20 SiPM bars,ATOMKI 2016 anomaly,4.0,MM 3° + TOF,10–17,10,17,17.0,0.9989354770703094,638590236.8213426,61.941499554874035,779.5090594780564,136-164,9.649878765711124e-06,2.768137936769395,3.8326868117356843,1052.4622737253042,0.3780767068822222,0.0,0.04845374069544536,1.2024787811697269e-05,1.7805505096106077e-05,1.1354804460966663e-05,4.29832110333957,9.424376091779413,9.434419247396582,3.8367711425929496,2.7710878232974814,4.302901640800406
20 SiPM bars,ATOMKI 2022 direct,1.0,trigger,9–15,9,15,16.7,0.9989604971476108,74197813.45761879,7.772575527709127,185.24872768909145,130-176,8.115071065994999e-05,195.76212368058623,283.21994207316783,323.85146761366235,10.363672979773597,1536.482748969443,0.007028469583995776,0.00010150582299553247,0.00013534950392370864,9.760901009303068e-05,306.2851397740893,544.5745604159935,545.1412362860677,283.5146563671556,195.9658307205911,306.6038553562857
20 SiPM bars,ATOMKI 2022 direct,1.0,trigger,9–15,9,15,17.0,0.9989604971476108,74197813.45761879,8.876864588279261,185.24872768909145,136-176,6.231933266261542e-05,115.44884731015826,158.28735336098705,323.85146761366235,10.363672979773597,1536.482748969443,0.007028469583995776,8.887841736109962e-05,0.00010731524741340725,7.297113516359469e-05,234.82084044630835,342.34727489300855,342.70351617559686,158.45206473424525,115.56898159617519,235.06519138324865
20 SiPM bars,ATOMKI 2022 direct,1.0,MM 15°,9–15,9,15,16.7,0.9989604971476108,74197813.45761879,5.735445203103317,132.29474842063368,128-166,6.947746110280419e-05,143.49338886122675,171.70931942744807,238.24410600718537,2.781340065161015,243.08367057222966,0.0013095406467495438,7.532085676027459e-05,0.00011482245902681303,7.600198356318968e-05,168.64540615641502,391.9202466398381,392.3280727905763,171.88799749113156,143.64270586369696,168.82089595930762
20 SiPM bars,ATOMKI 2022 direct,1.0,MM 15°,9–15,9,15,17.0,0.9989604971476108,74197813.45761879,6.427020170329058,132.29474842063368,134-168,5.571899319608263e-05,92.28912612321945,106.112681439328,238.24410600718537,2.781340065161015,243.08367057222966,0.0013095406467495438,6.721600915362164e-05,8.833003087732257e-05,5.974638569502756e-05,134.3041583394693,231.9320557309381,232.17340064315556,106.22310065544896,92.3851607613493,134.4439131706966
20 SiPM bars,ATOMKI 2022 direct,1.0,MM 3°,10–16,10,16,16.7,0.9989604971476108,74197813.45761879,6.066773233996415,132.17265158520854,130-164,4.768202912795821e-05,67.58549053981733,101.52312047860687,205.28559859626586,0.049406458340172286,0.8653968400221764,0.0007351016079082293,5.275818461125327e-05,8.516753618679923e-05,5.84400357024218e-05,82.74155896180385,215.62155826782865,215.8459307284975,101.628763868533,67.65581895660344,82.82765854912238
20 SiPM bars,ATOMKI 2022 direct,1.0,MM 3°,10–16,10,16,17.0,0.9989604971476108,74197813.45761879,6.95045235878486,132.17265158520854,136-164,3.744051722867889e-05,41.6704022101962,56.0200447785543,205.28559859626586,0.049406458340172286,0.8653968400221764,0.0007351016079082293,4.605051955636319e-05,6.198644273446264e-05,4.3410992920579076e-05,63.039546712573966,114.2187598951491,114.33761417121546,56.078338371248456,41.7137637866363,63.10514469048015
20 SiPM bars,ATOMKI 2022 direct,1.0,MM 15° + TOF,11–16,11,16,16.7,0.9989604971476108,74197813.45761879,4.973225481160969,111.76471808355784,130-176,4.805961159895373e-05,68.66011495369465,98.52583092441103,130.73685297553916,0.04922734610063192,1.5150616536326096,0.0017396729190074778,5.4659564003163115e-05,9.579000374505021e-05,5.7570903695331965e-05,88.81295888870049,272.76233107838084,273.04616334401084,98.6283553811562,68.73156160803536,88.90537628093726
20 SiPM bars,ATOMKI 2022 direct,1.0,MM 15° + TOF,11–16,11,16,17.0,0.9989604971476108,74197813.45761879,5.5619317704660345,111.76471808355784,134-176,3.8598210989318944e-05,44.28721437502917,61.25327586608629,130.73685297553916,0.04922734610063192,1.5150616536326096,0.0017396729190074778,4.8874086865488937e-05,7.548832714625681e-05,4.539339379397781e-05,71.00702636549813,169.39618119323106,169.57245224102223,61.317015078160026,44.3332989657599,71.08091517957774
20 SiPM bars,ATOMKI 2022 direct,1.0,MM 3° + TOF,10–17,10,17,16.7,0.9989604971476108,74197813.45761879,6.068425742878674,132.17265158520854,130-164,4.757829737880119e-05,67.29174736818193,101.21273428520222,205.28559859626586,0.049406458340172286,0.0,0.0009346045258413583,5.267634366639224e-05,8.507510297868624e-05,5.8350633084433654e-05,82.4850529744311,215.15377963240388,215.37766532985518,101.31805469205312,67.36177012036403,82.57088564558399
20 SiPM bars,ATOMKI 2022 direct,1.0,MM 3° + TOF,10–17,10,17,17.0,0.9989604971476108,74197813.45761879,6.950865486005424,132.17265158520854,136-164,3.735614684956021e-05,41.48280937710781,55.858026648892704,205.28559859626586,0.049406458340172286,0.0,0.0009346045258413583,4.5988874419948634e-05,6.187855214620589e-05,4.334817200838751e-05,62.870884970683875,113.82149868343403,113.93993957562394,55.916151648025455,41.52597574734542,62.93630744178846
20 SiPM bars,ATOMKI 2022 direct,4.0,trigger,9–15,9,15,16.7,0.9989504151590073,296791253.83047515,31.090302110836507,740.9949107563658,130-176,2.7433967086308075e-05,22.372846316665715,34.52517472523671,1295.4058704546494,41.45469191909439,1536.482748969443,0.030098286037696136,3.3646547661126196e-05,4.592440907227076e-05,3.407971358091149e-05,33.6530965966836,62.69474877042998,62.76062136722831,34.56144989913357,22.396353189466897,33.68845548888119
20 SiPM bars,ATOMKI 2022 direct,4.0,trigger,9–15,9,15,17.0,0.9989504151590073,296791253.83047515,35.507458353117045,740.9949107563658,136-176,2.122900744383324e-05,13.396871493767152,19.597151773797197,1295.4058704546494,41.45469191909439,1536.482748969443,0.030098286037696136,2.9460890198558577e-05,3.691941221025049e-05,2.567582882149158e-05,25.800952773232005,40.518519558572905,40.56109186572929,19.617742258686416,13.410947420883462,25.828061515070452
20 SiPM bars,ATOMKI 2022 direct,4.0,MM 15°,9–15,9,15,16.7,0.9989504151590073,296791253.83047515,22.941780812413267,529.1789936825347,128-174,2.837462182470372e-05,23.93338774360739,32.19227647332386,952.9764240287415,11.12536026064406,243.08367057222966,0.010668782674961724,3.1604134322913047e-05,5.04921301968019e-05,3.2908178019492584e-05,29.691477595146566,75.78642127856105,75.86604913367776,32.22610049989285,23.958534257976968,29.72267406327715
20 SiPM bars,ATOMKI 2022 direct,4.0,MM 15°,9–15,9,15,17.0,0.9989504151590073,296791253.83047515,25.708080681316233,529.1789936825347,134-172,2.2656474740323507e-05,15.259091785342362,19.68777616220006,952.9764240287415,11.12536026064406,243.08367057222966,0.010668782674961724,2.8203393765186203e-05,3.854273257828205e-05,2.5735127551586182e-05,23.64540487140737,44.159995083262906,44.20639344369637,19.70846186501286,15.275124324277401,23.670248805736396
20 SiPM bars,ATOMKI 2022 direct,4.0,MM 3°,10–16,10,16,16.7,0.9989504151590073,296791253.83047515,24.26709293598566,528.6906063408342,130-164,2.3806366131292912e-05,16.847296919654283,25.331392072695817,821.1423943850634,0.19762583336068915,0.8653968400221764,0.009179418933903184,2.6353841648351206e-05,4.255625742089008e-05,2.919157462908583e-05,20.645807658334437,53.83576235651196,53.892326925899205,25.358007452916176,16.864998166072763,20.667499952986308
20 SiPM bars,ATOMKI 2022 direct,4.0,MM 3°,10–16,10,16,17.0,0.9989504151590073,296791253.83047515,27.80180943513944,528.6906063408342,136-164,1.8690067585752837e-05,10.38402575386471,13.9767847865712,821.1423943850634,0.19762583336068915,0.8653968400221764,0.009179418933903184,2.3003219484429234e-05,3.095525212786632e-05,2.168361225027452e-05,15.729729686350318,28.48476915278752,28.514697747288565,13.991470021408874,10.394936121240653,15.74625671870465
20 SiPM bars,ATOMKI 2022 direct,4.0,MM 15° + TOF,11–16,11,16,16.7,0.9989504151590073,296791253.83047515,19.892901924643876,447.05887233423135,130-176,2.3981729570169926e-05,17.096413590272373,24.513706384245772,522.9474119021567,0.19690938440252767,1.5150616536326096,0.01243559301411067,2.7266165507540073e-05,4.7805109755086307e-05,2.8716564605920882e-05,22.099993504297505,67.93485489583377,68.00623320730116,24.53946263223067,17.1143765804943,22.123213694024795
20 SiPM bars,ATOMKI 2022 direct,4.0,MM 15° + TOF,11–16,11,16,17.0,0.9989504151590073,296791253.83047515,22.247727081864138,447.05887233423135,134-176,1.92628242752059e-05,11.030214002897194,15.257079951686782,522.9474119021567,0.19690938440252767,1.5150616536326096,0.01243559301411067,2.4380160467931918e-05,3.768828738827253e-05,2.2654981120600023e-05,17.66921000125179,42.22375167244418,42.26811564588343,15.273110376813094,11.041803312270977,17.68777482157541
20 SiPM bars,ATOMKI 2022 direct,4.0,MM 3° + TOF,10–17,10,17,16.7,0.9989504151590073,296791253.83047515,24.273702971514695,528.6906063408342,130-164,2.3789215606368163e-05,16.823031485323142,25.303312618659316,821.1423943850634,0.19762583336068915,0.0,0.011434124194279456,2.6338246901855783e-05,4.2537658617256574e-05,2.9175390939826316e-05,20.621380792601535,53.788715833479856,53.84523097166747,25.329898496144754,16.84070723635001,20.643047422247818
20 SiPM bars,ATOMKI 2022 direct,4.0,MM 3° + TOF,10–17,10,17,17.0,0.9989504151590073,296791253.83047515,27.803461944021695,528.6906063408342,136-164,1.8678124312044504e-05,10.37075885303769,13.964574337127575,821.1423943850634,0.19762583336068915,0.0,0.011434124194279456,2.2994502748372047e-05,3.09393561760401e-05,2.1674138522695006e-05,15.717810839622162,28.455522015097227,28.48541987999258,13.979246742597102,10.381655281045088,15.73432534899171
20 SiPM bars,Hanoi 2024,1.0,trigger,9–15,9,15,16.7,0.9989604107650015,63738010.24757906,6.918092650527747,156.13424811620084,130-176,9.134215088486082e-05,248.01987301642924,365.96481741086467,361.11867439322225,10.040593428736056,1536.482748969443,0.007360350499460047,0.0001142601935582874,0.00015404116217956752,0.00011095520022829703,388.0913148625833,705.3709763862016,706.1050355799688,366.3456664219653,248.27798013186148,388.49519028024736
20 SiPM bars,Hanoi 2024,1.0,trigger,9–15,9,15,17.0,0.9989604107650015,63738010.24757906,7.9009810131758105,156.13424811620084,136-176,7.014838367292777e-05,146.27811331522827,202.90871074918454,361.11867439322225,10.040593428736056,1536.482748969443,0.007360350499460047,0.00010004613401617813,0.00012175501275304058,8.261869661040756e-05,297.5395045060367,440.67429044271915,441.1328874437094,203.11987198151078,146.4303407211191,297.849145271114
20 SiPM bars,Hanoi 2024,1.0,MM 15°,9–15,9,15,16.7,0.9989604107650015,63738010.24757906,5.104915502672304,111.5583643200563,128-166,7.842543360065897e-05,182.83438274231173,220.13264115239218,265.59961321567886,3.212540648327163,243.08367057222966,0.001508605898806374,8.510664869376383e-05,0.00012856973047013147,8.605383227007658e-05,215.31336658393974,491.3845301177839,491.8958997999558,220.3617268314118,183.02465320151936,215.5374369831666
20 SiPM bars,Hanoi 2024,1.0,MM 15°,9–15,9,15,17.0,0.9989604107650015,63738010.24757906,5.720461749987252,111.5583643200563,134-168,6.28782440899462e-05,117.52894113658898,135.4132681697228,265.59961321567886,3.212540648327163,243.08367057222966,0.001508605898806374,7.594880785598274e-05,9.905394595468043e-05,6.749297994035732e-05,171.4691264787451,291.66718814484994,291.970717759968,135.55418884520523,117.65125010968713,171.64756944415288
20 SiPM bars,Hanoi 2024,1.0,MM 3°,10–16,10,16,16.7,0.9989604107650015,63738010.24757906,5.3998187824492385,111.56052525531558,130-164,5.3704120031853034e-05,85.73521130783824,128.5701895103155,228.88230731626658,0.03764733845431827,0.8653968400221764,0.0007902666999678027,5.9534388397880396e-05,9.185664039418451e-05,6.576550140557748e-05,105.3609810317977,250.82171178675767,251.0827346948404,128.70398879156457,85.82443346496827,105.4706271604022
20 SiPM bars,Hanoi 2024,1.0,MM 3°,10–16,10,16,17.0,0.9989604107650015,63738010.24757906,6.186350098462783,111.56052525531558,136-164,4.213458309939141e-05,52.7741704209132,70.97443615415189,228.88230731626658,0.03764733845431827,0.8653968400221764,0.0007902666999678027,5.196519814686601e-05,6.790737424026164e-05,4.8862869668344996e-05,80.2729434733367,137.0811972713124,137.22385371241683,71.04829719908503,52.82909097518576,80.35648120616098
20 SiPM bars,Hanoi 2024,1.0,MM 15° + TOF,11–16,11,16,16.7,0.9989604107650015,63738010.24757906,4.42649087525529,94.25795320808965,130-176,5.3695146147639055e-05,85.7065612311628,123.0506914226406,145.77138538508353,0.03762041664278679,1.5150616536326096,0.0019611098080989857,6.109754254596436e-05,0.00010652307861492666,6.433836537756947e-05,110.96640027217373,337.3117204994603,337.6627510605228,123.1787467217131,85.79575357298586,111.08187979861576
20 SiPM bars,Hanoi 2024,1.0,MM 15° + TOF,11–16,11,16,17.0,0.9989604107650015,63738010.24757906,4.9504773761058285,94.25795320808965,134-176,4.312036777736806e-05,55.27247673173251,76.55554436937318,145.77138538508353,0.03762041664278679,1.5150616536326096,0.0019611098080989857,5.463063337802265e-05,8.413394422791614e-05,5.074769465291713e-05,88.71896858751255,210.41975539078786,210.63873315024458,76.63521351236244,55.32999720119537,88.8112958546293
20 SiPM bars,Hanoi 2024,1.0,MM 3° + TOF,10–17,10,17,16.7,0.9989604107650015,63738010.24757906,5.401289621749871,111.56052525531558,130-164,5.358780417620535e-05,85.36423176062222,128.17916953102994,228.88230731626658,0.03764733845431827,0.0,0.0009949291022230647,5.944269989068147e-05,9.175472064181786e-05,6.566541908054687e-05,105.03669947365108,250.2654209291925,250.52586492145352,128.31256188908492,85.45306785005673,105.14600813180797
20 SiPM bars,Hanoi 2024,1.0,MM 3° + TOF,10–17,10,17,17.0,0.9989604107650015,63738010.24757906,6.186717808287941,111.56052525531558,136-164,4.2039937171682863e-05,52.53734593932944,70.76942575429123,228.88230731626658,0.03764733845431827,0.0,0.0009949291022230647,5.1896215078408336e-05,6.778498945215142e-05,4.879224817913556e-05,80.05996252866873,136.58753849667892,136.72968120136062,70.84307345082492,52.59202003720694,80.14327861837788
20 SiPM bars,Hanoi 2024,4.0,trigger,9–15,9,15,16.7,0.9989500693744846,254952040.99031624,27.672370602110988,624.5369924648033,130-176,3.094668655156609e-05,28.469007387659975,44.4459646462002,1444.474697572889,40.16237371494422,1536.482748969443,0.03188800245944478,3.796581035680572e-05,5.238978712222504e-05,3.866732794877576e-05,42.84788216554507,81.59006524114317,81.67581918506963,44.49267887235951,28.498929286312073,42.89291675246116
20 SiPM bars,Hanoi 2024,4.0,trigger,9–15,9,15,17.0,0.9989500693744846,254952040.99031624,31.603924052703242,624.5369924648033,136-176,2.3947664245699632e-05,17.04787820525447,25.035069784569504,1444.474697572889,40.16237371494422,1536.482748969443,0.03188800245944478,3.324283315739483e-05,4.194772100473632e-05,2.9020333346688462e-05,32.850355420047244,52.30711348071333,52.36209004266512,25.06138249757146,17.06579610723626,32.88488226505379
20 SiPM bars,Hanoi 2024,4.0,MM 15°,9–15,9,15,16.7,0.9989500693744846,254952040.99031624,20.419662010689215,446.2334572802252,130-174,3.209146867630465e-05,30.614220029793177,41.381448545746494,1062.3984528627154,12.850162593308651,243.08367057222966,0.011060907293032714,3.5794885866626274e-05,5.636760679490971e-05,3.7310480150741995e-05,38.08780779443523,94.4502703860152,94.54954084457634,41.42494186086641,30.64639662016638,38.12783938068574
20 SiPM bars,Hanoi 2024,4.0,MM 15°,9–15,9,15,17.0,0.9989500693744846,254952040.99031624,22.88184699994901,446.2334572802252,134-172,2.5621496797670846e-05,19.5143013719696,25.18747791986807,1062.3984528627154,12.850162593308651,243.08367057222966,0.011060907293032714,3.194320244818234e-05,4.3159669521622765e-05,2.9108534096109373e-05,30.331991160688528,55.37327803851644,55.43147724409257,25.2139508190232,19.53481156889946,30.36387111888545
20 SiPM bars,Hanoi 2024,4.0,MM 3°,10–16,10,16,16.7,0.9989500693744846,254952040.99031624,21.599275129796954,446.24210102126233,130-164,2.681323547197175e-05,21.37186672043413,32.08041453652017,915.5292292650663,0.1505893538172731,0.8653968400221764,0.010114399449529892,2.973895644678727e-05,4.589786571930231e-05,3.285095348705329e-05,26.290295200472947,62.62229719343358,62.68811536561178,32.114132147373546,21.39432928195962,26.31792719823846
20 SiPM bars,Hanoi 2024,4.0,MM 3°,10–16,10,16,17.0,0.9989500693744846,254952040.99031624,24.74540039385113,446.24210102126233,136-164,2.103343338934196e-05,13.151168850888384,17.70791208850909,915.5292292650663,0.1505893538172731,0.8653968400221764,0.010114399449529892,2.5957951463449307e-05,3.39105541558858e-05,2.4406846634857317e-05,20.03017967237782,34.18328427940737,34.21921207814922,17.726523708634712,13.164991178311134,20.051232075012692
20 SiPM bars,Hanoi 2024,4.0,MM 15° + TOF,11–16,11,16,16.7,0.9989500693744846,254952040.99031624,17.70596350102116,377.0318128323586,130-176,2.6793255332713298e-05,21.34002768501693,30.614260694375343,583.0855415403341,0.15048166657114717,1.5150616536326096,0.01291319005953367,3.0476923451477877e-05,5.3163361035414366e-05,3.2091489989696436e-05,27.611262279050006,84.01732926818711,84.10563434946901,30.64643732748841,21.362456782629263,27.64028265831087
20 SiPM bars,Hanoi 2024,4.0,MM 15° + TOF,11–16,11,16,17.0,0.9989500693744846,254952040.99031624,19.801909504423314,377.0318128323586,134-176,2.1519189042352263e-05,13.76562119620968,19.06819085225715,583.0855415403341,0.15048166657114717,1.5150616536326096,0.01291319005953367,2.7251073646950213e-05,4.2006628628426214e-05,2.5326940997087083e-05,22.075535520556013,52.45412748889764,52.50925856759086,19.088232171801273,13.78008933402381,22.09873766201259
20 SiPM bars,Hanoi 2024,4.0,MM 3° + TOF,10–17,10,17,16.7,0.9989500693744846,254952040.99031624,21.605158486999485,446.24210102126233,130-164,2.6793986417182767e-05,21.341192274797102,32.0449754295315,915.5292292650663,0.1505893538172731,0.0,0.01260118260183459,2.9721444018450133e-05,4.5877490645250484e-05,3.2832803313903e-05,26.259341098152944,62.56671069872311,62.632470447597726,32.078655792673594,21.36362259643305,26.286940562100195
20 SiPM bars,Hanoi 2024,4.0,MM 3° + TOF,10–17,10,17,17.0,0.9989500693744846,254952040.99031624,24.746871233151765,446.24210102126233,136-164,2.102003327222661e-05,13.134417323588398,17.69245442376242,915.5292292650663,0.1505893538172731,0.0,0.01260118260183459,2.5948189669361908e-05,3.389259814449555e-05,2.439619164573372e-05,20.015117334042213,34.14709301380092,34.18298277428711,17.71104979735469,13.148222044584083,20.03615390564529
20 SiPM bars,MEG II-2026 normalisation,1.0,trigger,9–15,9,15,16.7,0.9989459557223428,409287662.7257499,44.23731781047736,816.1016776382979,130-176,1.929339437827331e-05,11.06525168357872,16.752087815399108,1249.457757091105,56.61304096301235,1536.482748969443,0.04374720908182088,2.3791608263120722e-05,3.8394138158689464e-05,2.3739002382367e-05,16.826415688043824,43.820149968743586,43.86638708302995,16.769763889064038,11.076927255366265,16.84417018924368
20 SiPM bars,MEG II-2026 normalisation,1.0,trigger,9–15,9,15,17.0,0.9989459557223428,409287662.7257499,50.52233697213389,816.1016776382979,136-176,1.4911137731285776e-05,6.609453877567606,9.737252934750636,1249.457757091105,56.61304096301235,1536.482748969443,0.04374720908182088,2.083191315038643e-05,3.3115798002593114e-05,1.809865157200976e-05,12.900374717753952,32.5997644871745,32.63416233924431,9.747527260080432,6.616427885518869,12.913986631464589
20 SiPM bars,MEG II-2026 normalisation,1.0,MM 15°,9–15,9,15,16.7,0.9989459557223428,409287662.7257499,32.64306809625051,583.5738368723332,130-174,1.9938099021559003e-05,11.817116307773247,15.508541488388257,914.1474003256553,14.803524173832315,243.08367057222966,0.016555368319480037,2.2334393010108916e-05,3.946459903377484e-05,2.2840913634734075e-05,14.828332673305649,46.297698480874615,46.346549796476744,15.524905426113822,11.829585214375518,14.843978884306317
20 SiPM bars,MEG II-2026 normalisation,1.0,MM 15°,9–15,9,15,17.0,0.9989459557223428,409287662.7257499,36.579140702540464,583.5738368723332,134-172,1.590455470227033e-05,7.519466714551403,9.745584314245836,914.1474003256553,14.803524173832315,243.08367057222966,0.016555368319480037,1.993111642086148e-05,3.2967804699909413e-05,1.8106392692395412e-05,11.808840718844651,32.30904122269231,32.34313231623174,9.75586743048452,7.527400928425642,11.82130089340581
20 SiPM bars,MEG II-2026 normalisation,1.0,MM 3°,10–16,10,16,16.7,0.9989459557223428,409287662.7257499,34.528808974532794,584.3875226395057,130-164,1.6813278733894123e-05,8.403280076801913,11.75111954410669,789.8095337621834,0.2454073069954981,0.8653968400221764,0.015775790365317958,1.8688313183519325e-05,2.9660889570053854e-05,1.988234547189413e-05,10.382076386602323,26.152448575711336,26.18004350075212,11.763518813797486,8.412146852054132,10.393031101562439
20 SiPM bars,MEG II-2026 normalisation,1.0,MM 3°,10–16,10,16,17.0,0.9989459557223428,409287662.7257499,39.55823508256996,584.3875226395057,136-164,1.317297248944859e-05,5.1583592213962355,7.0201548642516345,789.8095337621834,0.2454073069954981,0.8653968400221764,0.015775790365317958,1.631228477769741e-05,2.3134895820758775e-05,1.536743341073665e-05,7.909947522850733,15.910327129529184,15.927115013969248,7.027562226001832,5.163802097448005,7.918293755072075
20 SiPM bars,MEG II-2026 normalisation,1.0,MM 15° + TOF,11–16,11,16,16.7,0.9989459557223428,409287662.7257499,28.304923557059986,492.98516771141874,130-176,1.6931706548807143e-05,8.522077486769282,11.772476489639743,503.5657397776198,0.24518559591364647,1.5150616536326096,0.01933993580975039,1.9423363170998635e-05,3.737946195045711e-05,1.9900404747428657e-05,11.214834627601252,41.53460688780234,41.578432396543874,11.784898294249569,8.531069611875976,11.226668032798381
20 SiPM bars,MEG II-2026 normalisation,1.0,MM 15° + TOF,11–16,11,16,17.0,0.9989459557223428,409287662.7257499,31.655522997898196,492.98516771141874,134-176,1.35769536441217e-05,5.479597807807061,7.255119711759552,503.5657397776198,0.24518559591364647,1.5150616536326096,0.01933993580975039,1.736748465070799e-05,3.1613773112267134e-05,1.562249106588291e-05,8.96639486006473,29.709591272113688,29.74093953924718,7.262774998186303,5.485379640828254,8.975855809517828
20 SiPM bars,MEG II-2026 normalisation,1.0,MM 3° + TOF,10–17,10,17,16.7,0.9989459557223428,409287662.7257499,34.538214165945675,584.3875226395057,130-164,1.680125623001814e-05,8.391266673802715,11.739123488100812,789.8095337621834,0.2454073069954981,0.0,0.019578135690507315,1.8677370994131447e-05,2.9645324786529358e-05,1.9872194497329967e-05,10.369922332117202,26.12500837392425,26.152574345258873,11.751510100075627,8.400120773035162,10.38086422264822
20 SiPM bars,MEG II-2026 normalisation,1.0,MM 3° + TOF,10–17,10,17,17.0,0.9989459557223428,409287662.7257499,39.560586380423175,584.3875226395057,136-164,1.3164603722092913e-05,5.151807109385927,7.014047487938527,789.8095337621834,0.2454073069954981,0.0,0.019578135690507315,1.6306205202543643e-05,2.3117854449859803e-05,1.536074729608726e-05,7.904052559674833,15.886896384212326,15.903659545550122,7.0214484054511574,5.157243071934387,7.912392571787703
20 SiPM bars,MEG II-2026 normalisation,4.0,trigger,9–15,9,15,16.7,0.9988921724138099,1637150650.9029996,176.94927124190943,3264.4067105531917,130-176,8.091331150521846e-06,1.9461842980798207,3.104059903790627,4997.83102836442,226.4521638520494,1536.482748969443,0.4414964122900333,9.845912297361246e-06,1.5980310680361618e-05,1.0218638615956467e-05,2.8817475911810164,7.591270197410212,7.5996893429107635,3.1075024807629705,1.9483427258989243,2.8849436112982154
20 SiPM bars,MEG II-2026 normalisation,4.0,trigger,9–15,9,15,17.0,0.9988921724138099,1637150650.9029996,202.08934788853557,3264.4067105531917,136-176,6.286936742905505e-06,1.1749575983738192,1.8324840115730943,4997.83102836442,226.4521638520494,1536.482748969443,0.4414964122900333,8.621072926074113e-06,1.3954742392359466e-05,7.851417843250919e-06,2.2093608322439966,5.788788205621711,5.795208297241112,1.8345163393811772,1.1762606924174304,2.211811137637714
20 SiPM bars,MEG II-2026 normalisation,4.0,MM 15°,9–15,9,15,16.7,0.9988921724138099,1637150650.9029996,130.57227238500204,2334.295347489333,130-176,9.280870691979603e-06,2.560480404317656,3.5569818030946965,3656.5896013026213,59.21409669532926,243.08367057222966,0.22170081599408323,1.0571609346913094e-05,1.870447456269142e-05,1.0938778170166247e-05,3.322203453737821,10.400040685682828,10.411574915590004,3.5609266959208385,2.5633201210600025,3.3258879641731096
20 SiPM bars,MEG II-2026 normalisation,4.0,MM 15°,9–15,9,15,17.0,0.9988921724138099,1637150650.9029996,146.31656281016186,2334.295347489333,134-176,7.397667599187438e-06,1.6267980353171112,2.2289303527443396,3656.5896013026213,59.21409669532926,243.08367057222966,0.22170081599408323,9.43405878788934e-06,1.56102310813014e-05,8.659169536758106e-06,2.6457034843445912,7.243737051475275,7.251770763175448,2.231402361836672,1.628602245811953,2.6486377182747196
20 SiPM bars,MEG II-2026 normalisation,4.0,MM 3°,10–16,10,16,16.7,0.9988921724138099,1637150650.9029996,138.11523589813117,2337.550090558023,130-164,8.403736063036924e-06,2.0993691978949864,2.9366148161115526,3159.2381350487335,0.9816292279819924,0.8653968400221764,0.24185750857970206,9.342103312838453e-06,1.4827209246180159e-05,9.939201296582771e-06,2.5943785466036617,6.535259632283305,6.5425076026884215,2.939871687066344,2.101697516381461,2.5972558582918714
20 SiPM bars,MEG II-2026 normalisation,4.0,MM 3°,10–16,10,16,17.0,0.9988921724138099,1637150650.9029996,158.23294033027983,2337.550090558023,136-164,6.583936092386632e-06,1.2885913932411222,1.7541831645646628,3159.2381350487335,0.9816292279819924,0.8653968400221764,0.24185750857970206,8.154350163399468e-06,1.1561999268449186e-05,7.68184363652081e-06,1.9766179128220251,3.973835525672399,3.9782427327162626,1.7561286523306134,1.2900205135527871,1.978810093231138
20 SiPM bars,MEG II-2026 normalisation,4.0,MM 15° + TOF,11–16,11,16,16.7,0.9988921724138099,1637150650.9029996,113.21969422823994,1971.940670845675,130-176,8.461800729478809e-06,2.1284801303629037,2.9398126227854493,2014.2629591104792,0.9807423836545859,1.5150616536326096,0.24553781170396874,9.706357728327534e-06,1.8681734672466322e-05,9.944611436878896e-06,2.8006355633253164,10.374768441511009,10.386274643078357,2.9430730402876524,2.1308407345103717,2.8037416256427528
20 SiPM bars,MEG II-2026 normalisation,4.0,MM 15° + TOF,11–16,11,16,17.0,0.9988921724138099,1637150650.9029996,126.62209199159278,1971.940670845675,134-176,6.785417427748204e-06,1.3686649723183428,1.8121767359735903,2014.2629591104792,0.9807423836545859,1.5150616536326096,0.24553781170396874,8.678981975310621e-06,1.5802344080688294e-05,7.807792607270737e-06,2.2391417398265947,7.423129561369331,7.4313622294500865,1.81418654187117,1.3701828987316838,2.24162507392138
20 SiPM bars,MEG II-2026 normalisation,4.0,MM 3° + TOF,10–17,10,17,16.7,0.9988921724138099,1637150650.9029996,138.1528566637827,2337.550090558023,130-164,8.40079361900713e-06,2.0978993290472916,2.9348827285755585,3159.2381350487335,0.9816292279819924,0.0,0.29833653100951935,9.338872362381779e-06,1.4822931329485542e-05,9.936269671727e-06,2.5925843341515518,6.531489096273601,6.538732884942268,2.9381376785478786,2.1002260173665643,2.595459655957265
20 SiPM bars,MEG II-2026 normalisation,4.0,MM 3° + TOF,10–17,10,17,17.0,0.9988921724138099,1637150650.9029996,158.2423455216927,2337.550090558023,136-164,6.582427994820004e-06,1.2880011387333556,1.7535717164308604,3159.2381350487335,0.9816292279819924,0.0,0.29833653100951935,8.153265743300205e-06,1.155916143449979e-05,7.680504706120175e-06,1.976092220002159,3.971885049608419,3.9762900934646535,1.7555165260664494,1.2894296044195819,1.9782838173883752
20 SiPM bars,"LNL 2023-24, thick",1.0,trigger,9–15,9,15,16.7,0.9989501604247009,313931208.84753615,33.98854987800482,579.5517874298288,130-176,2.268172793944757e-05,15.293126703897633,22.786741784382343,864.290437206939,43.38872695565618,1536.482748969443,0.030203544645076776,2.815069460955642e-05,4.7418115104985235e-05,2.7686567024942294e-05,23.557122681346872,66.83940666199848,66.90965106165245,22.81068934880057,15.309198906776093,23.58187987209655
20 SiPM bars,"LNL 2023-24, thick",1.0,trigger,9–15,9,15,17.0,0.9989501604247009,313931208.84753615,38.81747481815082,579.5517874298288,136-176,1.7489218914831986e-05,9.09253205264319,13.3451457387126,864.290437206939,43.38872695565618,1536.482748969443,0.030203544645076776,2.4648725665946595e-05,4.196995472201029e-05,2.11879848652554e-05,18.06063248974716,52.36257727014249,52.417607348779725,13.359170724832707,9.102087784617328,18.079613183172956
20 SiPM bars,"LNL 2023-24, thick",1.0,MM 15°,9–15,9,15,16.7,0.9989501604247009,313931208.84753615,25.080420854488196,414.58665394241694,130-174,2.2448799696402976e-05,14.980636379584489,19.135756245560046,630.9408068897509,11.32258190071736,243.08367057222966,0.010669083624850615,2.501363534521705e-05,4.5264248961983915e-05,2.5371772506087156e-05,18.599344624955155,60.90523882557853,60.96924675369674,19.155866832660134,14.99638017297631,18.618891474072836
20 SiPM bars,"LNL 2023-24, thick",1.0,MM 15°,9–15,9,15,17.0,0.9989501604247009,313931208.84753615,28.104596069529126,414.58665394241694,134-172,1.790096391998637e-05,9.525698848533107,12.182382847578953,630.9408068897509,11.32258190071736,243.08367057222966,0.010669083624850615,2.2322060776348158e-05,3.889973693443729e-05,2.0243896833182983e-05,14.811961869886469,44.98185295982237,45.02912631867286,12.195185836298027,9.53570981407449,14.827528396000462
20 SiPM bars,"LNL 2023-24, thick",1.0,MM 3°,10–16,10,16,16.7,0.9989501604247009,313931208.84753615,26.529278992160133,415.4499689533439,130-164,1.8272027170509563e-05,9.924702048746719,13.72287490144101,545.7202217889766,0.18708475110435022,0.8653968400221764,0.00941847626413412,2.0345282271860012e-05,3.2325761223831446e-05,2.1485751364205898e-05,12.304711971511928,31.06286678656851,31.095512085770345,13.73729685934158,9.935132343867144,12.317643521154864
20 SiPM bars,"LNL 2023-24, thick",1.0,MM 3°,10–16,10,16,17.0,0.9989501604247009,313931208.84753615,30.393502878045766,415.4499689533439,136-164,1.43033746841052e-05,6.081644689473885,8.427852354501479,545.7202217889766,0.18708475110435022,0.8653968400221764,0.00941847626413412,1.775858714706754e-05,2.5781707150707585e-05,1.683784289050797e-05,9.374774597502746,19.75910890620828,19.77987460135924,8.436709546068245,6.088036150760805,9.384626950274564
20 SiPM bars,"LNL 2023-24, thick",1.0,MM 15° + TOF,11–16,11,16,16.7,0.9989501604247009,313931208.84753615,21.74732451533018,350.20869513739666,130-176,1.8386262631667346e-05,10.0491870856316,13.773190324609201,348.10007942396976,0.18694535974949644,1.5150616536326096,0.012451355766927425,2.1168965745683362e-05,4.147737256110724e-05,2.1525104471752363e-05,13.32119829791663,51.14067879229761,51.194424725409014,13.787665161146347,10.059748207417291,13.335198116643937
20 SiPM bars,"LNL 2023-24, thick",1.0,MM 15° + TOF,11–16,11,16,17.0,0.9989501604247009,313931208.84753615,24.321667216305883,350.20869513739666,136-176,1.4728988057457634e-05,6.448962223446182,8.466211273841676,348.10007942396976,0.18694535974949644,1.5150616536326096,0.012451355766927425,1.8928322784411818e-05,3.567994221063296e-05,1.6876117659344343e-05,10.65045789033542,37.84358728163222,37.88335873087314,8.47510877844225,6.45573971448628,10.661650913402335
20 SiPM bars,"LNL 2023-24, thick",1.0,MM 3° + TOF,10–17,10,17,16.7,0.9989501604247009,313931208.84753615,26.536505217285683,415.4499689533439,130-164,1.8255135440036513e-05,9.906360580680055,13.705782200389015,545.7202217889766,0.18708475110435022,0.0,0.011764213300020643,2.0330618325559662e-05,3.230226624732141e-05,2.14723662697218e-05,12.286981019607083,31.017729034269905,31.050326896271585,13.720186194836828,9.9167715999649,12.299893935032062
20 SiPM bars,"LNL 2023-24, thick",1.0,MM 3° + TOF,10–17,10,17,17.0,0.9989501604247009,313931208.84753615,30.39530943432715,415.4499689533439,136-164,1.4290930748948723e-05,6.071067231606663,8.417764293233873,545.7202217889766,0.18708475110435022,0.0,0.011764213300020643,1.774956627543215e-05,2.5751808522606533e-05,1.6827762502019915e-05,9.365252763554054,19.71330684259781,19.734024402395363,8.426610882824308,6.077447576589372,9.375095109422118
20 SiPM bars,"LNL 2023-24, thick",4.0,trigger,9–15,9,15,16.7,0.998909024360423,1255724835.3901446,135.95419951201927,2318.207149719315,130-176,9.048659501164389e-06,2.433954779072906,3.8954240060319973,3457.161748827756,173.55490782262473,1536.482748969443,0.2712886241425742,1.1073175611600552e-05,1.8728194706734047e-05,1.1447360550053291e-05,3.6449232498616304,10.426435106222984,10.437822516318516,3.899678460234296,2.4366130645694266,3.6489041153626434
20 SiPM bars,"LNL 2023-24, thick",4.0,trigger,9–15,9,15,17.0,0.998909024360423,1255724835.3901446,155.26989927260328,2318.207149719315,136-176,7.018697016689179e-06,1.4643908386468956,2.3264240566631185,3457.161748827756,173.55490782262473,1536.482748969443,0.2712886241425742,9.695663701617387e-06,1.6813509722147496e-05,8.846519387089326e-06,2.7944677352812413,8.403510974338536,8.412689013115182,2.3289649006351416,1.4659901982410353,2.797519761191937
20 SiPM bars,"LNL 2023-24, thick",4.0,MM 15°,9–15,9,15,16.7,0.998909024360423,1255724835.3901446,100.32168341795278,1658.3466157696678,130-176,1.0181576033949035e-05,3.081584141946651,4.247907409689092,2523.7632275590036,45.29032760286944,243.08367057222966,0.1325540725159485,1.159679928227075e-05,2.097232842280262e-05,1.1954062291202145e-05,3.9977929129986722,13.074867998629447,13.089147940174998,4.252546834691901,3.0849497469699148,4.002159171160118
20 SiPM bars,"LNL 2023-24, thick",4.0,MM 15°,9–15,9,15,17.0,0.998909024360423,1255724835.3901446,112.4183842781165,1658.3466157696678,134-176,8.113343267534945e-06,1.9567877222608387,2.6966320818891103,2523.7632275590036,45.29032760286944,243.08367057222966,0.1325540725159485,1.034893388415278e-05,1.7977416815828252e-05,9.524426661734012e-06,3.183722727067941,9.607238863556017,9.61773157441169,2.699577254911375,1.9589248615645676,3.1871998845003935
20 SiPM bars,"LNL 2023-24, thick",4.0,MM 3°,10–16,10,16,16.7,0.998909024360423,1255724835.3901446,106.11711596864053,1661.7998758133756,130-164,9.131402472783799e-06,2.478671555290192,3.428758818468074,2182.8808871559063,0.7483390044174009,0.8653968400221764,0.1412357321778567,1.0169346618410517e-05,1.615685434860309e-05,1.0739806639472892e-05,3.0741858099101482,7.759926945361905,7.768402082792671,3.43250359627437,2.4813786789815264,3.0775433347180683
20 SiPM bars,"LNL 2023-24, thick",4.0,MM 3°,10–16,10,16,17.0,0.998909024360423,1255724835.3901446,121.57401151218306,1661.7998758133756,136-164,7.147644520786231e-06,1.5186926930893405,2.1054030001073647,2182.8808871559063,0.7483390044174009,0.8653968400221764,0.1412357321778567,8.876417920313744e-06,1.2880643350341486e-05,8.415803997456913e-06,2.3421758351981854,4.931955205668738,4.937341725215216,2.107702452138124,1.5203513593860285,2.3447338827455515
20 SiPM bars,"LNL 2023-24, thick",4.0,MM 15° + TOF,11–16,11,16,16.7,0.998909024360423,1255724835.3901446,86.98929806132072,1400.8347805495866,130-176,9.186706174110913e-06,2.508786276142912,3.437702106257571,1392.400317695879,0.7477814389979858,1.5150616536326096,0.14676295807506728,1.0576072276888406e-05,2.072572045142512e-05,1.0753803924867921e-05,3.3250090608194856,12.769188116249149,12.783134204263444,3.4414566516291587,2.5115262901436157,3.3286405265468573
20 SiPM bars,"LNL 2023-24, thick",4.0,MM 15° + TOF,11–16,11,16,17.0,0.998909024360423,1255724835.3901446,97.28666886522353,1400.8347805495866,136-176,7.359913291067799e-06,1.6102355425694537,2.113801438014367,1392.400317695879,0.7477814389979858,1.5150616536326096,0.14676295807506728,9.456641021256974e-06,1.7832744612586465e-05,8.432572583429289e-06,2.6583846434280654,9.453233662833876,9.463558174265719,2.1161100625432656,1.6119941889607496,2.6612880438538076
20 SiPM bars,"LNL 2023-24, thick",4.0,MM 3° + TOF,10–17,10,17,16.7,0.998909024360423,1255724835.3901446,106.14602086914273,1661.7998758133756,130-164,9.127720402457793e-06,2.4766730007563686,3.4265447296606024,2182.8808871559063,0.7483390044174009,0.0,0.17450400805755875,1.0165477611229839e-05,1.615138333981506e-05,1.0736338514865423e-05,3.071847058989747,7.754672526446356,7.7631419251733,3.4302870893117974,2.4793779416920594,3.075202029490699
20 SiPM bars,"LNL 2023-24, thick",4.0,MM 3° + TOF,10–17,10,17,17.0,0.998909024360423,1255724835.3901446,121.5812377373086,1661.7998758133756,136-164,7.145582574504502e-06,1.517816597177835,2.1045011252655765,2182.8808871559063,0.7483390044174009,0.0,0.17450400805755875,8.874930200972074e-06,1.2876131572663258e-05,8.414001298664863e-06,2.3413907869240846,4.9285007216568255,4.9338834683292845,2.1067995922982448,1.519474306631333,2.343947977067501
big plastics,"ATOMKI 2016, 18.15 res",1.0,trigger,13–16,13,16,16.6,0.9934164547721269,191016489.75285098,158.45700975996888,2362.90278157,128-176,5.27640707232222e-06,0.8276002257090349,1.6210309373522351,56.41269872708332,34.57586678062901,290.0875036492683,0.027782821349037937,5.752152224271356e-06,9.008797580749371e-06,7.384543366554847e-06,0.9835688231626013,2.4125574866502886,2.4285459286092546,1.6317737939262063,0.8330848776798976,0.9900871064071669
big plastics,"ATOMKI 2016, 18.15 res",1.0,trigger,13–16,13,16,16.7,0.9934164547721269,191016489.75285098,160.87178144444044,2362.90278157,130-174,5.028424467264386e-06,0.75163652268083,1.3085725356250941,56.41269872708332,34.57586678062901,290.0875036492683,0.027782821349037937,5.6658093355980075e-06,8.519097930376965e-06,6.634785610585181e-06,0.954262646472935,2.1574027808368927,2.1717002677711483,1.317244675522572,0.7566177498572266,0.9605867125402375
big plastics,"ATOMKI 2016, 18.15 res",1.0,trigger,13–16,13,16,16.8,0.9934164547721269,191016489.75285098,160.5019713779033,2362.90278157,132-176,4.811395041138068e-06,0.6881546445269915,1.0928117043062282,56.41269872708332,34.57586678062901,290.0875036492683,0.027782821349037937,5.678863837729018e-06,8.378962525239003e-06,6.063182805495932e-06,0.9586651155608308,2.0870098989108077,2.10084087985993,1.100053959300383,0.692715166153396,0.9650183575635783
big plastics,"ATOMKI 2016, 18.15 res",1.0,trigger,13–16,13,16,17.0,0.9934164547721269,191016489.75285098,158.18295408566013,2362.90278157,134-176,4.3784998000526336e-06,0.5698947829685181,0.8164698998806946,56.41269872708332,34.57586678062901,290.0875036492683,0.027782821349037937,5.762117962777514e-06,8.882467488977207e-06,5.240805990683739e-06,0.9869798875434985,2.345369461734157,2.3609126368579685,0.8218807892285005,0.5736715757333035,0.9935207765104869
big plastics,"ATOMKI 2016, 18.15 res",1.0,MM 15°,13–17,13,17,16.6,0.9934164547721269,191016489.75285098,121.2360668130867,1780.5492202617268,128-174,5.928680583747955e-06,1.0448648473278828,1.5521686742627296,44.114578321090754,9.878356574315426,64.30307996008385,0.01333356523801991,6.2540841325287514e-06,1.0132185555020043e-05,7.225991572247938e-06,1.1627101170257998,3.0517593377335555,3.071983882563711,1.5624551685312793,1.0517893500843583,1.1704156010708582
big plastics,"ATOMKI 2016, 18.15 res",1.0,MM 15°,13–17,13,17,16.7,0.9934164547721269,191016489.75285098,122.68889207448252,1780.5492202617268,130-172,5.660939378277146e-06,0.9526229085769571,1.3193370992155158,44.114578321090754,9.878356574315426,64.30307996008385,0.01333356523801991,6.1800261533506806e-06,9.859255652477417e-06,6.662019214743376e-06,1.1353366009541737,2.889563674818903,2.9087133205194595,1.3280805777654947,0.9589361078133871,1.1428606759031397
big plastics,"ATOMKI 2016, 18.15 res",1.0,MM 15°,13–17,13,17,16.8,0.9934164547721269,191016489.75285098,121.50682061180136,1780.5492202617268,132-170,5.477422913759623e-06,0.8918597436438452,1.1640063541059218,44.114578321090754,9.878356574315426,64.30307996008385,0.01333356523801991,6.240148149117802e-06,9.94200145902813e-06,6.257569316605547e-06,1.157534153476169,2.9382697090165713,2.957742138155504,1.1717204285416485,0.8977702547200337,1.1652053355022067
big plastics,"ATOMKI 2016, 18.15 res",1.0,MM 15°,13–17,13,17,17.0,0.9934164547721269,191016489.75285098,118.06516561757047,1780.5492202617268,134-174,5.09034786818864e-06,0.7702628245889604,0.9516474628191964,44.114578321090754,9.878356574315426,64.30307996008385,0.01333356523801991,6.42205139661518e-06,1.0952122617243627e-05,5.658040354154234e-06,1.226003095742181,3.5656655714369614,3.5892958630878176,0.9579541976053622,0.7753674915377216,1.2341280334675004
big plastics,"ATOMKI 2016, 18.15 res",1.0,MM 3°,13–17,13,17,16.6,0.9934164547721269,191016489.75285098,132.09483501682257,1869.402935056555,128-160,5.517145570457596e-06,0.9048423081337654,1.4717077544312054,44.68883744029005,16.249044071572246,1.377406309190165,0.008251582795387206,5.789435601538172e-06,9.69297469014788e-06,7.036209836201999e-06,0.9963604216515356,2.7929179055840487,2.8114270628069042,1.481461020060102,0.9108388569437589,1.0029634770646958
big plastics,"ATOMKI 2016, 18.15 res",1.0,MM 3°,13–17,13,17,16.7,0.9934164547721269,191016489.75285098,134.41715418465984,1869.402935056555,130-160,5.255403846174872e-06,0.8210246607131283,1.2271347906932797,44.68883744029005,16.249044071572246,1.377406309190165,0.008251582795387206,5.689411781290191e-06,9.328354532315997e-06,6.425014736085976e-06,0.9622296794614632,2.5867478680315217,2.6038907002248903,1.2352672283596953,0.8264657352605032,0.9686065444548959
big plastics,"ATOMKI 2016, 18.15 res",1.0,MM 3°,13–17,13,17,16.8,0.9934164547721269,191016489.75285098,133.69514405475402,1869.402935056555,132-160,5.07951420780003e-06,0.7669876512259917,1.064230015033276,44.68883744029005,16.249044071572246,1.377406309190165,0.008251582795387206,5.720137002975241e-06,9.303167704313538e-06,5.983368424701876e-06,0.972650634150017,2.572798137175458,2.589848522053739,1.0712828541554533,0.7720706130259598,0.9790965606394417
big plastics,"ATOMKI 2016, 18.15 res",1.0,MM 3°,13–17,13,17,17.0,0.9934164547721269,191016489.75285098,131.97376624503957,1869.402935056555,134-162,4.696431143633279e-06,0.6556618753534061,0.8303567483136143,44.68883744029005,16.249044071572246,1.377406309190165,0.008251582795387206,5.7947466559813225e-06,9.673486359554803e-06,5.2851869421308065e-06,0.9981893224437194,2.7816985240336747,2.800133328445571,0.8358596682436513,0.6600070616947894,1.0048044983034705
big plastics,"ATOMKI 2016, 18.15 res",1.0,MM 15° + TOF,13–18,13,18,16.6,0.9934164547721269,191016489.75285098,121.2360668130867,1771.792554087803,128-174,5.8190008305837806e-06,1.0065627427566803,1.499381723263605,44.114578321090754,9.878356574315426,0.34046721937914287,0.018775746930364746,6.133170065075913e-06,9.887094145957657e-06,7.102056122742743e-06,1.1181859407593127,2.9059045972363307,2.9251625370981964,1.5093183891417805,1.013233410742697,1.1255963552725787
big plastics,"ATOMKI 2016, 18.15 res",1.0,MM 15° + TOF,13–18,13,18,16.7,0.9934164547721269,191016489.75285098,118.1301025042541,1771.792554087803,130-172,5.769610627993639e-06,0.9895483590563955,1.373136141030629,44.114578321090754,9.878356574315426,0.34046721937914287,0.018775746930364746,6.2944279233042195e-06,1.0003095262687818e-05,6.7964917261974475e-06,1.1777593008820413,2.974492117550757,2.994204598949446,1.38223615527448,0.9961062697349635,1.1855645185102148
big plastics,"ATOMKI 2016, 18.15 res",1.0,MM 15° + TOF,13–18,13,18,16.8,0.9934164547721269,191016489.75285098,121.50682061180136,1771.792554087803,132-174,5.380368507955018e-06,0.8605340452257462,1.1253378659844873,44.114578321090754,9.878356574315426,0.34046721937914287,0.018775746930364746,6.1195035146310805e-06,9.713402645756926e-06,6.152752701979672e-06,1.1132081826867462,2.804702466070084,2.823289721643916,1.1327956775616534,0.866236955399675,1.120585608723481
big plastics,"ATOMKI 2016, 18.15 res",1.0,MM 15° + TOF,13–18,13,18,17.0,0.9934164547721269,191016489.75285098,118.06516561757047,1771.792554087803,134-174,5.00122498899472e-06,0.7435270924656728,0.9216483590579142,44.114578321090754,9.878356574315426,0.34046721937914287,0.018775746930364746,6.2978899144059625e-06,1.07082854855177e-05,5.568146082737794e-06,1.1790552132573227,3.4086616539640024,3.4312514530936498,0.9277562845174785,0.7484545770245223,1.1868690191242888
big plastics,"ATOMKI 2016, 18.15 res",1.0,MM 3° + TOF,13–17,13,17,16.6,0.9934164547721269,191016489.75285098,132.09483501682257,1860.4128772174686,128-160,5.503353311760924e-06,0.9003239498831725,1.4689074024720488,44.68883744029005,16.249044071572246,0.9935435587993103,0.008251582795387206,5.775371574357111e-06,9.649667584020203e-06,7.029512431112113e-06,0.9915254703297304,2.7680167800859183,2.78636091317901,1.4786421096769446,0.9062905547398968,0.9980964836717645
big plastics,"ATOMKI 2016, 18.15 res",1.0,MM 3° + TOF,13–17,13,17,16.7,0.9934164547721269,191016489.75285098,129.40710828324026,1860.4128772174686,130-160,5.4444978820192275e-06,0.8811699520603998,1.3191098185481058,44.68883744029005,16.249044071572246,0.9935435587993103,0.008251582795387206,5.895323413036604e-06,9.657554795407642e-06,6.6614453608776435e-06,1.0331402539921983,2.7725435382372514,2.790917670951229,1.3278517908692056,0.8870096200113028,1.0399870558105295
big plastics,"ATOMKI 2016, 18.15 res",1.0,MM 3° + TOF,13–17,13,17,16.8,0.9934164547721269,191016489.75285098,133.69514405475402,1860.4128772174686,132-160,5.066703187329566e-06,0.7631236976366106,1.0608786723724704,44.68883744029005,16.249044071572246,0.9935435587993103,0.008251582795387206,5.706241319902462e-06,9.290193732672014e-06,5.9739399510381684e-06,0.9679307372462006,2.565627217318025,2.5826300792516435,1.0679093015585475,0.7681810523378722,0.9743453841503237
big plastics,"ATOMKI 2016, 18.15 res",1.0,MM 3° + TOF,13–17,13,17,17.0,0.9934164547721269,191016489.75285098,131.97376624503957,1860.4128772174686,134-162,4.684346298618374e-06,0.6522919216819161,0.8270187654551159,44.68883744029005,16.249044071572246,0.9935435587993103,0.008251582795387206,5.7806697268838756e-06,9.71305718951699e-06,5.274553182015525e-06,0.9933454961745452,2.8045029716655083,2.8230889051549024,0.8324995639868077,0.6566147747487643,0.9999285711473361
big plastics,"ATOMKI 2016, 18.15 res",4.0,trigger,13–16,13,16,16.6,0.9931992820371498,764065959.0114039,633.8280390398755,9451.61112628,128-174,2.5557016732767506e-06,0.1941620405109864,0.365366397120267,225.65079490833327,138.30346712251605,290.0875036492683,0.2116221146029697,2.7597169220950542e-06,4.299623085064648e-06,3.505841639196754e-06,0.22639826070445299,0.5495469284667313,0.5533098325842083,0.3678681647562858,0.19549152322456465,0.22794847398609452
big plastics,"ATOMKI 2016, 18.15 res",4.0,trigger,13–16,13,16,16.7,0.9931992820371498,764065959.0114039,643.4871257777618,9451.61112628,130-174,2.4385058788076213e-06,0.17676310704456982,0.29593411613447435,225.65079490833327,138.30346712251605,290.0875036492683,0.2116221146029697,2.7182920915822294e-06,4.079286104706378e-06,3.1551899573185316e-06,0.21965255336380768,0.4946663235449028,0.4980534445517251,0.2979604611951433,0.17797345431222145,0.22115657686872126
big plastics,"ATOMKI 2016, 18.15 res",4.0,trigger,13–16,13,16,16.8,0.9931992820371498,764065959.0114039,642.0078855116132,9451.61112628,132-176,2.336935698235432e-06,0.16234448447345798,0.24787570074440923,225.65079490833327,138.30346712251605,290.0875036492683,0.2116221146029697,2.724555265614457e-06,4.024821911577665e-06,2.8876527791689096e-06,0.22066591543957978,0.48154552377870646,0.48484280293780424,0.2495729761664665,0.16345610333152216,0.22217687772283948
big plastics,"ATOMKI 2016, 18.15 res",4.0,trigger,13–16,13,16,17.0,0.9931992820371498,764065959.0114039,632.7318163426405,9451.61112628,134-176,2.1294589805976397e-06,0.13479772740927284,0.18619283459694824,225.65079490833327,138.30346712251605,290.0875036492683,0.2116221146029697,2.7644981963249974e-06,4.29492973023622e-06,2.502703928921945e-06,0.22718342085268023,0.5483478414883165,0.5521025351162165,0.18746774989108766,0.13572072578706398,0.22873901034916638
big plastics,"ATOMKI 2016, 18.15 res",4.0,MM 15°,13–17,13,17,16.6,0.9931992820371498,764065959.0114039,484.9442672523468,7122.196881046907,128-174,2.928582945362736e-06,0.25495238013880733,0.3788017296144108,176.45831328436302,39.5134262972617,64.30307996008385,0.13925895258236817,3.087094197888829e-06,5.001360129212606e-06,3.5697185020991193e-06,0.2832981743947346,0.7435672753292965,0.7486586919436415,0.3813954927931996,0.2566981115973773,0.285237997568486
big plastics,"ATOMKI 2016, 18.15 res",4.0,MM 15°,13–17,13,17,16.7,0.9931992820371498,764065959.0114039,490.7555682979301,7122.196881046907,130-172,2.79717427229032e-06,0.23258572858391438,0.3222142986268376,176.45831328436302,39.5134262972617,64.30307996008385,0.13925895258236817,3.0505382525284407e-06,4.8678036989752634e-06,3.2923075503067478e-06,0.27662852646073927,0.7043850431556853,0.7092081678824033,0.3244205915714561,0.2341783092179226,0.27852268065815233
big plastics,"ATOMKI 2016, 18.15 res",4.0,MM 15°,13–17,13,17,16.8,0.9931992820371498,764065959.0114039,486.02728244720544,7122.196881046907,132-170,2.707337945822344e-06,0.2178858131061102,0.2845172648327046,176.45831328436302,39.5134262972617,64.30307996008385,0.13925895258236817,3.0802152220678843e-06,4.9101410514925265e-06,3.0937292688553377e-06,0.28203703371755956,0.7166909971923939,0.7215983842863739,0.2864654354654099,0.2193777392379955,0.28396822150240963
big plastics,"ATOMKI 2016, 18.15 res",4.0,MM 15°,13–17,13,17,17.0,0.9931992820371498,764065959.0114039,472.2606624702819,7122.196881046907,134-174,2.5163965235040582e-06,0.18823577477714953,0.2330120830064894,176.45831328436302,39.5134262972617,64.30307996008385,0.13925895258236817,3.1700049415578328e-06,5.412623526608162e-06,2.799736857695434e-06,0.29871971847506174,0.8708826825443571,0.8768458639620548,0.2346075830104897,0.18952467866374145,0.30076513734721805
big plastics,"ATOMKI 2016, 18.15 res",4.0,MM 3°,13–17,13,17,16.6,0.9931992820371498,764065959.0114039,528.3793400672903,7477.61174022622,128-160,2.757511521948262e-06,0.22603655748149282,0.36773872162752,178.7553497611602,64.99617628628899,1.377406309190165,0.11696334207771991,2.893959404634752e-06,4.843878488187086e-06,3.517204940794576e-06,0.24895960272514644,0.6974779669536745,0.7022537969651753,0.3702567332441598,0.22758429407829364,0.25066429993234157
big plastics,"ATOMKI 2016, 18.15 res",4.0,MM 3°,13–17,13,17,16.7,0.9931992820371498,764065959.0114039,537.6686167386393,7477.61174022622,130-160,2.6266250249565625e-06,0.2050879614068984,0.30662871311354645,178.7553497611602,64.99617628628899,1.377406309190165,0.11696334207771991,2.8439605972868933e-06,4.6616030534219185e-06,3.2116957995955503e-06,0.24043138760167726,0.6459733361377096,0.6503964992934292,0.30872828712141304,0.20649225700832438,0.24207768969438714
big plastics,"ATOMKI 2016, 18.15 res",4.0,MM 3°,13–17,13,17,16.8,0.9931992820371498,764065959.0114039,534.7805762190161,7477.61174022622,132-160,2.538646090451633e-06,0.19157919062322712,0.2659192762790021,178.7553497611602,64.99617628628899,1.377406309190165,0.11696334207771991,2.8593191832311457e-06,4.648944480618316e-06,2.990906961780261e-06,0.24303526134344902,0.6424698211614598,0.6468689947536921,0.2677401011945713,0.19289098782902792,0.24469939290024426
big plastics,"ATOMKI 2016, 18.15 res",4.0,MM 3°,13–17,13,17,17.0,0.9931992820371498,764065959.0114039,527.8950649801583,7477.61174022622,134-162,2.3470395301733827e-06,0.1637513245004903,0.20746122441499798,178.7553497611602,64.99617628628899,1.377406309190165,0.11696334207771991,2.8966142361264776e-06,4.833580886694524e-06,2.641778868361342e-06,0.2494165883748685,0.6945155822894953,0.6992711280106599,0.20888177042322717,0.1648725763923431,0.2511244146927799
big plastics,"ATOMKI 2016, 18.15 res",4.0,MM 15° + TOF,13–18,13,18,16.6,0.9931992820371498,764065959.0114039,484.9442672523468,7087.170216351212,128-174,2.9094647097298e-06,0.25163450942815413,0.37469782080744046,176.45831328436302,39.5134262972617,0.34046721937914287,0.1915471662631558,3.0663950684724838e-06,4.943147708138121e-06,3.5503288146258085e-06,0.2795118524361584,0.7263587771840413,0.731332362317266,0.37726348335542315,0.2533575224823229,0.28142574958658045
big plastics,"ATOMKI 2016, 18.15 res",4.0,MM 15° + TOF,13–18,13,18,16.7,0.9931992820371498,764065959.0114039,472.5204100170164,7087.170216351212,130-172,2.8847992899960622e-06,0.24738605658625992,0.3431655368790067,176.45831328436302,39.5134262972617,0.34046721937914287,0.1915471662631558,3.1470190029104725e-06,5.001305814403024e-06,3.3976592914254637e-06,0.2944033473448163,0.7435511251243013,0.7486424311535994,0.34551528891074135,0.2490799792755052,0.29641921079621203
big plastics,"ATOMKI 2016, 18.15 res",4.0,MM 15° + TOF,13–18,13,18,16.8,0.9931992820371498,764065959.0114039,486.02728244720544,7087.170216351212,132-174,2.690194963376513e-06,0.2151352241669547,0.28124691350342357,176.45831328436302,39.5134262972617,0.34046721937914287,0.1915471662631558,3.05956221654723e-06,4.856565388170189e-06,3.0758976202492775e-06,0.27826756709046957,0.7011363665152395,0.7059372466290346,0.283172691110447,0.21660831623407048,0.2801729442652388
big plastics,"ATOMKI 2016, 18.15 res",4.0,MM 15° + TOF,13–18,13,18,17.0,0.9931992820371498,764065959.0114039,472.2606624702819,7087.170216351212,134-174,2.5006299135899888e-06,0.18588436280443146,0.2303474173323527,176.45831328436302,39.5134262972617,0.34046721937914287,0.1915471662631558,3.1487498912323092e-06,5.35396022149662e-06,2.7836822949216647e-06,0.2947272853012925,0.8521073143093976,0.8579419354408325,0.23192467161261676,0.18715716590447415,0.29674536684800834
big plastics,"ATOMKI 2016, 18.15 res",4.0,MM 3° + TOF,13–17,13,17,16.6,0.9931992820371498,764065959.0114039,528.3793400672903,7441.651508869874,128-160,2.751136438066638e-06,0.22499261893156916,0.3670934614381231,178.7553497611602,64.99617628628899,0.9935435587993103,0.11696334207771991,2.8871418266502564e-06,4.824015367495091e-06,3.5141178185681914e-06,0.24778798832322763,0.6917694490436621,0.6965061912094567,0.3696070547747257,0.226533207384209,0.24948466315339052
big plastics,"ATOMKI 2016, 18.15 res",4.0,MM 3° + TOF,13–17,13,17,16.7,0.9931992820371498,764065959.0114039,517.628433132961,7441.651508869874,130-160,2.7216754816649243e-06,0.22019968571629006,0.3296376520608449,178.7553497611602,64.99617628628899,0.9935435587993103,0.11696334207771991,2.9471064481774384e-06,4.827767904157712e-06,3.3300166088665117e-06,0.2581877650680451,0.6928461039362468,0.6975902182643055,0.3318947748177239,0.22170745559203262,0.25995565012741095
big plastics,"ATOMKI 2016, 18.15 res",4.0,MM 3° + TOF,13–17,13,17,16.8,0.9931992820371498,764065959.0114039,534.7805762190161,7441.651508869874,132-160,2.53278592945852e-06,0.1906957361612086,0.26509616469578257,178.7553497611602,64.99617628628899,0.9935435587993103,0.11696334207771991,2.8525832105416105e-06,4.643977281447858e-06,2.9862744315226835e-06,0.2418915271422081,0.6410976513259165,0.6454874292810219,0.26691135353223794,0.19200148410304207,0.24354782722563462
big plastics,"ATOMKI 2016, 18.15 res",4.0,MM 3° + TOF,13–17,13,17,17.0,0.9931992820371498,764065959.0114039,527.8950649801583,7441.651508869874,134-162,2.341650414822553e-06,0.16300019813432326,0.20665871138234837,178.7553497611602,64.99617628628899,0.9935435587993103,0.11696334207771991,2.889790403900578e-06,4.855374025218797e-06,2.63666437964755e-06,0.2482428233791874,0.7007924175020627,0.705590942499141,0.2080737623555979,0.16411630685031683,0.24994261259433945
big plastics,ATOMKI 2016 anomaly,1.0,trigger,13–16,13,16,16.6,0.9934252834168307,159647559.20533565,132.5069493449512,1976.6459111492277,128-176,5.827928287028925e-06,1.0096536301650385,1.8141681802624618,54.85810697100905,28.902970267116604,290.0875036492683,0.02470233887733639,6.366379066349685e-06,9.964386385413907e-06,7.812081514169525e-06,1.204838954115799,2.9515159345369204,2.9710497445619124,1.82617476175232,1.016335749672478,1.2128128549052255
big plastics,ATOMKI 2016 anomaly,1.0,trigger,13–16,13,16,16.7,0.9934252834168307,159647559.20533565,134.526260638018,1976.6459111492277,130-174,5.552726602830948e-06,0.916550913370586,1.497738189058628,54.85810697100905,28.902970267116604,290.0875036492683,0.02470233887733639,6.2708163034835115e-06,9.441762246856881e-06,7.098162627041752e-06,1.1689398665884247,2.6500259906709833,2.667564471035373,1.5076505642248619,0.922616857724982,1.1766761789753544
big plastics,ATOMKI 2016 anomaly,1.0,trigger,13–16,13,16,16.8,0.9934252834168307,159647559.20533565,134.2170133296905,1976.6459111492277,132-176,5.311238571382838e-06,0.8385628764014508,1.278655482821684,54.85810697100905,28.902970267116604,290.0875036492683,0.02470233887733639,6.285264792648629e-06,9.289482649046123e-06,6.558503674019056e-06,1.174332744164935,2.5652344793974127,2.582211790074873,1.287117918343914,0.8441126780237168,1.182104747853692
big plastics,ATOMKI 2016 anomaly,1.0,trigger,13–16,13,16,17.0,0.9934252834168307,159647559.20533565,132.27777500038712,1976.6459111492277,134-176,4.831977841907501e-06,0.6940549900322552,0.9920148830722135,54.85810697100905,28.902970267116604,290.0875036492683,0.02470233887733639,6.3774089672515766e-06,9.735239562631785e-06,5.7767967479001085e-06,1.2090173940422362,2.8173272693766678,2.8359729880103597,0.998580265302121,0.6986484052883091,1.217018948706327
big plastics,ATOMKI 2016 anomaly,1.0,MM 15°,13–17,13,17,16.6,0.9934252834168307,159647559.20533565,101.38157591335045,1489.4850355541541,128-174,6.518315826195961e-06,1.2630333296681548,1.7775130262329277,42.964712910831246,8.25316252323644,64.30307996008385,0.011214860327369586,6.875907992701687e-06,1.1185405121314603e-05,7.732757477282971e-06,1.4054135173632265,3.719182156002703,3.7437965573120753,1.7892770154986102,1.2713923741944864,1.4147148666574958
big plastics,ATOMKI 2016 anomaly,1.0,MM 15°,13–17,13,17,16.7,0.9934252834168307,159647559.20533565,102.59647605320829,1489.4850355541541,130-172,6.223733847611966e-06,1.1514525269295732,1.5404727622949854,42.964712910831246,8.25316252323644,64.30307996008385,0.011214860327369586,6.794486662229764e-06,1.0927919776187199e-05,7.1987154217682e-06,1.3723260702502422,3.5499236217236407,3.5734178311970046,1.550667964677339,1.159073104088127,1.3814084392237367
big plastics,ATOMKI 2016 anomaly,1.0,MM 15°,13–17,13,17,16.8,0.9934252834168307,159647559.20533565,101.60798912123306,1489.4850355541541,132-170,6.021702798195765e-06,1.0779103623602468,1.3858000299583222,42.964712910831246,8.25316252323644,64.30307996008385,0.011214860327369586,6.860586398413704e-06,1.1050478773855098e-05,6.827760467957115e-06,1.3991571263406395,3.62999646645131,3.6540206163931526,1.3949715726903391,1.0850442205908375,1.4084170694028613
big plastics,ATOMKI 2016 anomaly,1.0,MM 15°,13–17,13,17,17.0,0.9934252834168307,159647559.20533565,98.72996432022131,1489.4850355541541,134-174,5.596170960832161e-06,0.9309491505012232,1.167716721508881,42.964712910831246,8.25316252323644,64.30307996008385,0.011214860327369586,7.060575712094378e-06,1.2080551698598382e-05,6.267534643825973e-06,1.4819182338352268,4.338279706971112,4.366991437997069,1.1754449388408807,0.9371103856943077,1.4917259089060548
big plastics,ATOMKI 2016 anomaly,1.0,MM 3°,13–17,13,17,16.6,0.9934252834168307,159647559.20533565,110.46203407989411,1563.8232758123627,128-160,6.047430749588735e-06,1.0871408641816693,1.6407545484133688,43.632977128625505,13.583664823204472,1.377406309190165,0.00694719143904881,6.344807196233661e-06,1.0682981994163272e-05,7.429332608560861e-06,1.1966878227520346,3.3925714710944317,3.4150242879120936,1.6516134386776278,1.0943358119923314,1.2046077774828658
big plastics,ATOMKI 2016 anomaly,1.0,MM 3°,13–17,13,17,16.7,0.9934252834168307,159647559.20533565,112.404033545879,1563.8232758123627,130-160,5.760817074535052e-06,0.9865342855604813,1.3945835025950708,43.632977128625505,13.583664823204472,1.377406309190165,0.00694719143904881,6.2351882457550406e-06,1.0343411948496574e-05,6.849364133063608e-06,1.155694781807426,3.1803261217687777,3.201374250140105,1.403813176365392,0.9930633959378926,1.1633434351826424
big plastics,ATOMKI 2016 anomaly,1.0,MM 3°,13–17,13,17,16.8,0.9934252834168307,159647559.20533565,111.80026499152542,1563.8232758123627,132-160,5.5682485550787575e-06,0.9216822821384265,1.2329077037297205,43.632977128625505,13.583664823204472,1.377406309190165,0.00694719143904881,6.268860890390967e-06,1.0364761606478004e-05,6.440109871226406e-06,1.168210965014073,3.1934685838026295,3.2146036920047707,1.2410673699477464,0.9277821870693203,1.175942453363052
big plastics,ATOMKI 2016 anomaly,1.0,MM 3°,13–17,13,17,17.0,0.9934252834168307,159647559.20533565,110.36079240157264,1563.8232758123627,134-162,5.14856035005884e-06,0.7879807871045778,0.991336605624171,43.632977128625505,13.583664823204472,1.377406309190165,0.00694719143904881,6.350627731907558e-06,1.073277054164468e-05,5.774821504877629e-06,1.1988844408226318,3.4242676426752627,3.4469302320328365,0.9978974988582173,0.793195824847906,1.206818933276125
big plastics,ATOMKI 2016 anomaly,1.0,MM 15° + TOF,13–18,13,18,16.6,0.9934252834168307,159647559.20533565,101.38157591335045,1482.1684704285183,128-174,6.378471686535875e-06,1.2094203643263912,1.7071665607846067,42.964712910831246,8.25316252323644,0.34046721937914287,0.0153892713766902,6.7215029625229195e-06,1.0880815464644382e-05,7.5781978797596845e-06,1.3430024398098803,3.519386004032233,3.5426781085412906,1.7184649809927355,1.2174245859403312,1.3518907382653869
big plastics,ATOMKI 2016 anomaly,1.0,MM 15° + TOF,13–18,13,18,16.7,0.9934252834168307,159647559.20533565,98.78426667495737,1482.1684704285183,130-172,6.324582756629069e-06,1.1890709585448793,1.5950003420482004,42.964712910831246,8.25316252323644,0.34046721937914287,0.0153892713766902,6.898229705840161e-06,1.105461591567817e-05,7.3250127308081495e-06,1.4145533018589664,3.632715013173754,3.656757155081894,1.6055564204710857,1.1969405031198082,1.42391514034522
big plastics,ATOMKI 2016 anomaly,1.0,MM 15° + TOF,13–18,13,18,16.8,0.9934252834168307,159647559.20533565,101.60798912123306,1482.1684704285183,132-174,5.8981373996806e-06,1.0341267772149532,1.3332134570553469,42.964712910831246,8.25316252323644,0.34046721937914287,0.0153892713766902,6.706525429154735e-06,1.0764083180624253e-05,6.696962049716414e-06,1.337023880258594,3.4442772508738972,3.4670722684120725,1.342036969775758,1.0409708656277923,1.345872611234511
big plastics,ATOMKI 2016 anomaly,1.0,MM 15° + TOF,13–18,13,18,17.0,0.9934252834168307,159647559.20533565,98.72996432022131,1482.1684704285183,134-174,5.48267441552745e-06,0.8935707118513455,1.1261345282049975,42.964712910831246,8.25316252323644,0.34046721937914287,0.0153892713766902,6.902023793269611e-06,1.177383416063109e-05,6.154930180661363e-06,1.4161097634619446,4.120783913259322,4.14805620719267,1.1335875450358186,0.8994845679565946,1.4254819029683987
big plastics,ATOMKI 2016 anomaly,1.0,MM 3° + TOF,13–17,13,17,16.6,0.9934252834168307,159647559.20533565,110.46203407989411,1556.3117020745422,128-160,6.0320966591526464e-06,1.0816346642497179,1.636670547051282,43.632977128625505,13.583664823204472,0.9935435587993103,0.00694719143904881,6.329350044230798e-06,1.0638227970773771e-05,7.420080673604912e-06,1.190864208751617,3.36420613430896,3.3864712228160343,1.6475024084569754,1.0887931707651892,1.198745621468085
big plastics,ATOMKI 2016 anomaly,1.0,MM 3° + TOF,13–17,13,17,16.7,0.9934252834168307,159647559.20533565,108.21446882115707,1556.3117020745422,130-160,5.967867200677293e-06,1.0587229169120045,1.4985092747448543,43.632977128625505,13.583664823204472,0.9935435587993103,0.00694719143904881,6.460807763561372e-06,1.0713045320120438e-05,7.0999895776273435e-06,1.2408453316793966,3.411692628744185,3.434271993772757,1.5084267531331752,1.0657297882238173,1.2490575309414096
big plastics,ATOMKI 2016 anomaly,1.0,MM 3° + TOF,13–17,13,17,16.8,0.9934252834168307,159647559.20533565,111.80026499152542,1556.3117020745422,132-160,5.553971426198155e-06,0.91696190853227,1.228426040428535,43.632977128625505,13.583664823204472,0.9935435587993103,0.00694719143904881,6.253588757972964e-06,1.0354928844458998e-05,6.428394200732864e-06,1.1625259320406014,3.1874123476162,3.208507374256948,1.2365560459699922,0.9230305729469969,1.1702197955362668
big plastics,ATOMKI 2016 anomaly,1.0,MM 3° + TOF,13–17,13,17,17.0,0.9934252834168307,159647559.20533565,110.36079240157264,1556.3117020745422,134-162,5.135013539295728e-06,0.7838395971685623,0.986902330394937,43.632977128625505,13.583664823204472,0.9935435587993103,0.00694719143904881,6.335156399977415e-06,1.0777090584727414e-05,5.761891563929825e-06,1.193050137103888,3.452606464667665,3.475456606854839,0.9934338765775537,0.789027227566214,1.2009460167960078
big plastics,ATOMKI 2016 anomaly,4.0,trigger,13–16,13,16,16.6,0.9932346131489103,638590236.8213426,530.0277973798048,7906.583644596911,128-174,2.806933761168562e-06,0.23421156776420593,0.4011404222399872,219.4324278840362,115.61188106846642,290.0875036492683,0.17679177433973953,3.032307795808126e-06,4.719722781137972e-06,3.6734675449979374e-06,0.27333206208438565,0.66218142481548,0.6666918531122543,0.4038727778205676,0.2358068926148991,0.2751938549723161
big plastics,ATOMKI 2016 anomaly,4.0,trigger,13–16,13,16,16.7,0.9932346131489103,638590236.8213426,538.105042552072,7906.583644596911,130-174,2.6780550839149112e-06,0.213197949835984,0.3321185729076449,219.4324278840362,115.61188106846642,290.0875036492683,0.17679177433973953,2.9867912301421403e-06,4.489166047005971e-06,3.3425243144385916e-06,0.26518792664845414,0.5990669380972418,0.603147464019588,0.33438078829603995,0.21465014107801778,0.26699424600972493
big plastics,ATOMKI 2016 anomaly,4.0,trigger,13–16,13,16,16.8,0.9932346131489103,638590236.8213426,536.868053318762,7906.583644596911,132-176,2.566309423085159e-06,0.19577717167109632,0.28422810561516976,219.4324278840362,115.61188106846642,290.0875036492683,0.17679177433973953,2.993673048814329e-06,4.432911098921637e-06,3.09215676719249e-06,0.266411365136661,0.5841468730957976,0.5881257714567985,0.2861641165666434,0.19711070182140794,0.2682260179113587
big plastics,ATOMKI 2016 anomaly,4.0,trigger,13–16,13,16,17.0,0.9932346131489103,638590236.8213426,529.1111000015485,7906.583644596911,134-176,2.3383165513723973e-06,0.16253639400779135,0.2214752893351739,219.4324278840362,115.61188106846642,290.0875036492683,0.17679177433973953,3.037561340113802e-06,4.681176299196328e-06,2.729547349513331e-06,0.2742799909320439,0.6514093800284609,0.6558464348753004,0.22298386141922474,0.1636435056290403,0.27614824060800486
big plastics,ATOMKI 2016 anomaly,4.0,MM 15°,13–17,13,17,16.6,0.9932346131489103,638590236.8213426,405.5263036534018,5957.940142216617,128-174,3.2125924342105845e-06,0.3067999449568099,0.43210684411077493,171.85885164332498,33.01265009294576,64.30307996008385,0.11348938120561732,3.3859271525058844e-06,5.508089798331997e-06,3.8126203896908577e-06,0.3407997230106006,0.9018743527493763,0.9080174420121253,0.43505012651627306,0.3088897032939115,0.34312106978445217
big plastics,ATOMKI 2016 anomaly,4.0,MM 15°,13–17,13,17,16.7,0.9932346131489103,638590236.8213426,410.38590421283317,5957.940142216617,130-172,3.0685070858011984e-06,0.2798970194890655,0.374858653593641,171.85885164332498,33.01265009294576,64.30307996008385,0.11348938120561732,3.345832565153834e-06,5.382938611627598e-06,3.551090692574619e-06,0.33277632443650074,0.8613563643445676,0.8672234665823403,0.37741199171986617,0.28180352938133263,0.33504302007909326
big plastics,ATOMKI 2016 anomaly,4.0,MM 15°,13–17,13,17,16.8,0.9932346131489103,638590236.8213426,406.43195648493224,5957.940142216617,132-170,2.969993557963262e-06,0.2622134879412389,0.3375975588323077,171.85885164332498,33.01265009294576,64.30307996008385,0.11348938120561732,3.3783822868424073e-06,5.445300705952209e-06,3.3699824746011415e-06,0.3392826063035236,0.881429838830072,0.8874336709185184,0.33989709416388764,0.2639995470052418,0.34159361928384263
big plastics,ATOMKI 2016 anomaly,4.0,MM 15°,13–17,13,17,17.0,0.9932346131489103,638590236.8213426,394.91985728088525,5957.940142216617,134-174,2.760608948846502e-06,0.22654464234397703,0.2850900049610674,171.85885164332498,33.01265009294576,64.30307996008385,0.11348938120561732,3.476863716221794e-06,5.957233145674169e-06,3.0968415792368693e-06,0.35935140609927535,1.0549532328156648,1.0621390141359295,0.2870318867132809,0.22808774416927458,0.36179911708876356
big plastics,ATOMKI 2016 anomaly,4.0,MM 3°,13–17,13,17,16.6,0.9932346131489103,638590236.8213426,441.84813631957644,6255.293103249451,128-160,3.0223260582333683e-06,0.27153551730905023,0.40996246245092494,174.53190851450202,54.33465929281789,1.377406309190165,0.09260550825075341,3.1714092940998723e-06,5.338026835370539e-06,3.713642044792297e-06,0.29898445037761734,0.8470431181669444,0.8528127261710239,0.4127549090855752,0.2733850730878027,0.3010209737150917
big plastics,ATOMKI 2016 anomaly,4.0,MM 3°,13–17,13,17,16.7,0.9932346131489103,638590236.8213426,449.616134183516,6255.293103249451,130-160,2.8789990486657584e-06,0.24639225690304223,0.34845348909098867,174.53190851450202,54.33465929281789,1.377406309190165,0.09260550825075341,3.1166169974066432e-06,5.168250431959946e-06,3.4237370478792407e-06,0.28874261321414985,0.7940193973678409,0.7994278359374875,0.35082696925579954,0.24807055014110949,0.2907093745945201
big plastics,ATOMKI 2016 anomaly,4.0,MM 3°,13–17,13,17,16.8,0.9932346131489103,638590236.8213426,447.2010599661017,6255.293103249451,132-160,2.7826704230417803e-06,0.23017998463946257,0.3080493687992078,174.53190851450202,54.33465929281789,1.377406309190165,0.09260550825075341,3.1334480428352087e-06,5.178815744166006e-06,3.2191273299460136e-06,0.29186969789381095,0.797269099643927,0.8026996734601282,0.31014763754817276,0.23174784848638066,0.2938577593147698
big plastics,ATOMKI 2016 anomaly,4.0,MM 3°,13–17,13,17,17.0,0.9932346131489103,638590236.8213426,441.44316960629055,6255.293103249451,134-162,2.572741804370654e-06,0.19675982140179452,0.24766064252064765,174.53190851450202,54.33465929281789,1.377406309190165,0.09260550825075341,3.174318649792161e-06,5.362208095840949e-06,2.886399836196397e-06,0.2995332607139812,0.8547347105559516,0.8605567096037217,0.24934757532812366,0.19810004484035776,0.30157352225608935
big plastics,ATOMKI 2016 anomaly,4.0,MM 15° + TOF,13–18,13,18,16.6,0.9932346131489103,638590236.8213426,405.5263036534018,5928.673881714073,128-174,3.189182659638537e-06,0.30234500703148426,0.42659506217252946,171.85885164332498,33.01265009294576,0.34046721937914287,0.1551647868601202,3.3604973477110143e-06,5.439914579057948e-06,3.788226219681699e-06,0.3356998342441368,0.8796869984377884,0.8856789592228012,0.42950080124581036,0.30440442069667917,0.33798644328337274
big plastics,ATOMKI 2016 anomaly,4.0,MM 15° + TOF,13–18,13,18,16.7,0.9932346131489103,638590236.8213426,395.13706669982946,5928.673881714073,130-172,3.162276903029474e-06,0.29726501817579315,0.3985844321777459,171.85885164332498,33.01265009294576,0.34046721937914287,0.1551647868601202,3.448854037501757e-06,5.527010819585325e-06,3.661745526174556e-06,0.35358484458954126,0.9080811117661487,0.9142664781759927,0.40129937771106283,0.2992898296539992,0.35599327682364024
big plastics,ATOMKI 2016 anomaly,4.0,MM 15° + TOF,13–18,13,18,16.8,0.9932346131489103,638590236.8213426,406.43195648493224,5928.673881714073,132-174,2.9490763453466426e-06,0.2585330348003303,0.3331741844919993,171.85885164332498,33.01265009294576,0.34046721937914287,0.1551647868601202,3.353009147313027e-06,5.381873879401525e-06,3.347832069610251e-06,0.33420542039134454,0.8610156496368733,0.8668804311069512,0.3354435901460558,0.2602940245715841,0.3364818502768378
big plastics,ATOMKI 2016 anomaly,4.0,MM 15° + TOF,13–18,13,18,17.0,0.9932346131489103,638590236.8213426,394.91985728088525,5928.673881714073,134-174,2.7413539310631056e-06,0.22339540354801252,0.28142879790374614,171.85885164332498,33.01265009294576,0.34046721937914287,0.1551647868601202,3.4507509377656922e-06,5.886693241080971e-06,3.0768920620460544e-06,0.3539739011441975,1.0301176371756355,1.0371342516042537,0.2833457414573137,0.22491705443064341,0.35638498342498676
big plastics,ATOMKI 2016 anomaly,4.0,MM 3° + TOF,13–17,13,17,16.6,0.9932346131489103,638590236.8213426,441.84813631957644,6225.246808298169,128-160,3.0153387887069268e-06,0.27028145097147904,0.4089841386291392,174.53190851450202,54.33465929281789,0.9935435587993103,0.09260550825075341,3.163960522231677e-06,5.318031591593471e-06,3.709208328401661e-06,0.2975816345493622,0.8407092749460815,0.8464357401729399,0.4117699214413326,0.27212246471615587,0.2996086026502053
big plastics,ATOMKI 2016 anomaly,4.0,MM 3° + TOF,13–17,13,17,16.7,0.9932346131489103,638590236.8213426,432.8578752846283,6225.246808298169,130-160,2.9831807080035503e-06,0.2645471800417527,0.3744333315030426,174.53190851450202,54.33465929281789,0.9935435587993103,0.09260550825075341,3.229674542059616e-06,5.355187179402473e-06,3.5490755517123547e-06,0.31007127371070115,0.85249791101179,0.8583046741686393,0.37698377256100096,0.26634913497732743,0.31218331460244214
big plastics,ATOMKI 2016 anomaly,4.0,MM 3° + TOF,13–17,13,17,16.8,0.9932346131489103,638590236.8213426,447.2010599661017,6225.246808298169,132-160,2.7762432782704507e-06,0.22911791736450235,0.3069330332416975,174.53190851450202,54.33465929281789,0.9935435587993103,0.09260550825075341,3.126088431549669e-06,5.1759829877791e-06,3.2132891619414997e-06,0.2905002640270115,0.7963971429779626,0.8018217774882993,0.3090236981055358,0.23067854697302212,0.2924789975915372
big plastics,ATOMKI 2016 anomaly,4.0,MM 3° + TOF,13–17,13,17,17.0,0.9932346131489103,638590236.8213426,441.44316960629055,6225.246808298169,134-162,2.5668206153038223e-06,0.19585517452879586,0.24658819371244975,174.53190851450202,54.33465929281789,0.9935435587993103,0.09260550825075341,3.1668630446442388e-06,5.387037950016888e-06,2.8801435444239253e-06,0.29812786990289464,0.8626687834400165,0.8685448251798704,0.2482678215680348,0.19718923599316043,0.30015855866895563
big plastics,ATOMKI 2022 direct,1.0,trigger,13–16,13,16,16.6,0.9934587652885534,74197813.45761879,59.477925944737066,1347.4713628923305,128-176,1.1028348555801658e-05,3.6154718153463885,6.182167327435877,41.4508944926029,13.280994066767729,290.0875036492683,0.010546661290673762,1.2034617089871427e-05,1.798582907165925e-05,1.442109943433381e-05,4.305351025559614,9.6162320866511,9.679548283876718,6.2228725976767105,3.6392771815710567,4.333698766359075
big plastics,ATOMKI 2022 direct,1.0,trigger,13–16,13,16,16.7,0.9934587652885534,74197813.45761879,60.384327066656596,1347.4713628923305,130-174,1.0506893876567692e-05,3.2816533571181825,5.6474935589975885,41.4508944926029,13.280994066767729,290.0875036492683,0.010546661290673762,1.1853971035472408e-05,1.723399444983495e-05,1.3783384320430122e-05,4.177069836796039,8.829089319171874,8.887222728975003,5.684678374504306,3.3032607610694495,4.204572935226754
big plastics,ATOMKI 2022 direct,1.0,trigger,13–16,13,16,16.8,0.9934587652885534,74197813.45761879,60.24551632054675,1347.4713628923305,132-176,1.0051190172299883e-05,3.003163611169374,5.28885602490311,41.4508944926029,13.280994066767729,290.0875036492683,0.010546661290673762,1.1881283583597043e-05,1.692994509398117e-05,1.333855751862774e-05,4.196340653800611,8.520304425838795,8.576404701974766,5.323679461791194,3.02293735391936,4.223970637152484
big plastics,ATOMKI 2022 direct,1.0,trigger,13–16,13,16,17.0,0.9934587652885534,74197813.45761879,59.37505726681638,1347.4713628923305,134-176,9.144609481635565e-06,2.4858466876224456,4.629500356945282,41.4508944926029,13.280994066767729,290.0875036492683,0.010546661290673762,1.2055467345960505e-05,1.6657591650782007e-05,1.2479438769737977e-05,4.320282191721761,8.248375731397216,8.30268554629084,4.659982395545756,2.5022142583848694,4.348728243861154
big plastics,ATOMKI 2022 direct,1.0,MM 15°,13–17,13,17,16.6,0.9934587652885534,74197813.45761879,45.5067895996713,1013.5163102144239,128-166,1.21519826468958e-05,4.389734906375049,6.450933679349299,32.73083441145024,3.922415939509702,64.30307996008385,0.0038105025261903165,1.2764637864875404e-05,2.0958196846844046e-05,1.4731239220558142e-05,4.843519019661442,13.057253717926981,13.143226648299247,6.493408589007319,4.41863825631458,4.875410222239698
big plastics,ATOMKI 2022 direct,1.0,MM 15°,13–17,13,17,16.7,0.9934587652885534,74197813.45761879,46.05211753081704,1013.5163102144239,130-166,1.1613155825446385e-05,4.0090781280053305,6.108363272693012,32.73083441145024,3.922415939509702,64.30307996008385,0.0038105025261903165,1.261348491183217e-05,2.0686323035198076e-05,1.433475986870352e-05,4.729488752111112,12.720688487412799,12.80444536992739,6.14858259458692,4.035475117923873,4.760629144720885
big plastics,ATOMKI 2022 direct,1.0,MM 15°,13–17,13,17,16.8,0.9934587652885534,74197813.45761879,45.60841889593028,1013.5163102144239,132-170,1.1242274219920207e-05,3.757096600353225,5.942436159061747,32.73083441145024,3.922415939509702,64.30307996008385,0.0038105025261903165,1.273619440652689e-05,2.0839169889415674e-05,1.4138725274607935e-05,4.821957430465127,12.909363902494912,12.994363081335685,5.981562966366044,3.781834467243302,4.853706664981282
big plastics,ATOMKI 2022 direct,1.0,MM 15°,13–17,13,17,17.0,0.9934587652885534,74197813.45761879,44.316570077223645,1013.5163102144239,134-174,1.0458797561327347e-05,3.251677955672618,5.404341918306705,32.73083441145024,3.922415939509702,64.30307996008385,0.0038105025261903165,1.3107460451489738e-05,2.093471905873863e-05,1.3483399502048347e-05,5.107179532918178,13.02801611380245,13.113796534895355,5.439925749446678,3.273087992462533,5.140806756518758
big plastics,ATOMKI 2022 direct,1.0,MM 3°,13–17,13,17,16.6,0.9934587652885534,74197813.45761879,49.582702757765176,1068.2979592792028,128-160,1.1184820972357723e-05,3.7187937034391543,5.496216674056576,33.68064937119346,6.223654312072903,1.377406309190165,0.001765358525324952,1.168957286907509e-05,2.0126718823455996e-05,1.3597526573434716e-05,4.0620128971883585,12.041760124805526,12.121046736457107,5.532405436535841,3.743279372404569,4.08875842572946
big plastics,ATOMKI 2022 direct,1.0,MM 3°,13–17,13,17,16.7,0.9934587652885534,74197813.45761879,50.45440119315724,1068.2979592792028,130-160,1.0664698521042969e-05,3.380968922257315,5.114415508183601,33.68064937119346,6.223654312072903,1.377406309190165,0.001765358525324952,1.14876126408412e-05,1.9677450909053176e-05,1.3116742648054675e-05,3.9228669496437134,11.510168676521927,11.585955128372902,5.148090375646444,3.4032302501003167,3.948696298939296
big plastics,ATOMKI 2022 direct,1.0,MM 3°,13–17,13,17,16.8,0.9934587652885534,74197813.45761879,50.18338973646663,1068.2979592792028,132-160,1.0316928359849756e-05,3.164060962612133,4.891834018963308,33.68064937119346,6.223654312072903,1.377406309190165,0.001765358525324952,1.1549650591088102e-05,1.9537659138687065e-05,1.282814469819879e-05,3.965351628306234,11.347209411995305,11.421922890477965,4.924043342193935,3.1848941024674753,3.9914607096495693
big plastics,ATOMKI 2022 direct,1.0,MM 3°,13–17,13,17,17.0,0.9934587652885534,74197813.45761879,49.537258763503026,1068.2979592792028,134-162,9.55045187947441e-06,2.7113891528583904,4.240118222974133,33.68064937119346,6.223654312072903,1.377406309190165,0.001765358525324952,1.1700296532346919e-05,1.8183243921983782e-05,1.1943097463424213e-05,4.069469053057351,9.828488689844235,9.893202449111733,4.268036451158168,2.7292417638198185,4.096263675196786
big plastics,ATOMKI 2022 direct,1.0,MM 15° + TOF,13–18,13,18,16.6,0.9934587652885534,74197813.45761879,45.5067895996713,1012.9066505832992,128-166,1.1820044201136228e-05,4.153193963044415,6.130888189015277,32.73083441145024,3.922415939509702,0.34046721937914287,0.005350164257995166,1.2389340836145404e-05,2.0299520565403023e-05,1.4361165644837955e-05,4.562894362490489,12.249421378870993,12.330075295387935,6.171255821810118,4.180539855459533,4.592937846962558
big plastics,ATOMKI 2022 direct,1.0,MM 15° + TOF,13–18,13,18,16.7,0.9934587652885534,74197813.45761879,44.34094458323698,1012.9066505832992,130-172,1.173219524624499e-05,4.091688623543804,6.27668103283689,32.73083441145024,3.922415939509702,0.34046721937914287,0.005350164257995166,1.2715090578431834e-05,2.0845260974837506e-05,1.4530917037290971e-05,4.80599073774453,12.916911566857417,13.001960441816282,6.31800861006426,4.118629546094305,4.837634842698896
big plastics,ATOMKI 2022 direct,1.0,MM 15° + TOF,13–18,13,18,16.8,0.9934587652885534,74197813.45761879,45.60841889593028,1012.9066505832992,132-170,1.0947633989132813e-05,3.562743458977884,5.674533680617103,32.73083441145024,3.922415939509702,0.34046721937914287,0.005350164257995166,1.2361733652630379e-05,2.0215666855608062e-05,1.3816342244456722e-05,4.542582012442757,12.148430036175098,12.228418994971117,5.711896536509914,3.586201645664753,4.572491754223286
big plastics,ATOMKI 2022 direct,1.0,MM 15° + TOF,13–18,13,18,17.0,0.9934587652885534,74197813.45761879,44.316570077223645,1012.9066505832992,134-174,1.018873226400311e-05,3.085917513303744,5.177944053826735,32.73083441145024,3.922415939509702,0.34046721937914287,0.005350164257995166,1.2722083990855765e-05,2.0315354520930788e-05,1.3197955825457644e-05,4.811278866539493,12.268538326727198,12.34931811504402,5.212037212558877,3.1062361329183394,4.842957790142444
big plastics,ATOMKI 2022 direct,1.0,MM 3° + TOF,13–17,13,17,16.6,0.9934587652885534,74197813.45761879,49.582702757765176,1067.6720503731071,128-160,1.1176924250010948e-05,3.7135444616671456,5.4934620795561795,33.68064937119346,6.223654312072903,0.9935435587993103,0.001765358525324952,1.1684252625910449e-05,2.010889507698167e-05,1.359411874143631e-05,4.058316273070607,12.02044177220742,12.099588017340652,5.529632704947331,3.737995568027964,4.085037461914038
big plastics,ATOMKI 2022 direct,1.0,MM 3° + TOF,13–17,13,17,16.7,0.9934587652885534,74197813.45761879,48.57384608514555,1067.6720503731071,130-160,1.1068117466554992e-05,3.6415940622312624,5.512972843490001,33.68064937119346,6.223654312072903,0.9935435587993103,0.001765358525324952,1.1926929234337962e-05,2.0434582081487293e-05,1.3618238008457763e-05,4.228645688493029,12.412965066737263,12.494695804643564,5.549271933685883,3.665571425275562,4.256488378020204
big plastics,ATOMKI 2022 direct,1.0,MM 3° + TOF,13–17,13,17,16.8,0.9934587652885534,74197813.45761879,50.18338973646663,1067.6720503731071,132-160,1.0309073555168586e-05,3.1592448741342527,4.8888532622160135,33.68064937119346,6.223654312072903,0.9935435587993103,0.001765358525324952,1.1544394030365189e-05,1.954658674453633e-05,1.2824235795592137e-05,3.961742970521147,11.357581847850279,11.432363621605806,4.921042959237498,3.1800463033980475,3.9878282913639054
big plastics,ATOMKI 2022 direct,1.0,MM 3° + TOF,13–17,13,17,17.0,0.9934587652885534,74197813.45761879,49.537258763503026,1067.6720503731071,134-162,9.54184838977763e-06,2.7065062631837673,4.235909477520411,33.68064937119346,6.223654312072903,0.9935435587993103,0.001765358525324952,1.1694971408550892e-05,1.8199764399221844e-05,1.1937168626763494e-05,4.065765643484626,9.846356248132663,9.911187652839075,4.263799994044119,2.7243267237142486,4.092535881248892
big plastics,ATOMKI 2022 direct,4.0,trigger,13–16,13,16,16.6,0.9933685888626214,296791253.83047515,237.91170377894827,5389.885451569322,128-174,5.230294991405566e-06,0.8131981479525013,1.2650860807163342,165.8035779704116,53.123976267070915,290.0875036492683,0.05579593057356479,5.617214791365686e-06,8.336258594980013e-06,6.523610637928775e-06,0.9379637934701976,2.065790944184844,2.079581504132434,1.2735313909661887,0.8186267988235766,0.9442253399054418
big plastics,ATOMKI 2022 direct,4.0,trigger,13–16,13,16,16.7,0.9933685888626214,296791253.83047515,241.53730826662638,5389.885451569322,130-174,4.99370254961741e-06,0.7412920675997449,1.1602764573278042,165.8035779704116,53.123976267070915,290.0875036492683,0.05579593057356479,5.532897385901574e-06,8.0257299425686e-06,6.247535516066102e-06,0.9100164531188013,1.914754492004821,1.927536780881264,1.168022092037647,0.7462406964654511,0.9160914320441158
big plastics,ATOMKI 2022 direct,4.0,trigger,13–16,13,16,16.8,0.9933685888626214,296791253.83047515,240.982065282187,5389.885451569322,130-176,4.7888521371992776e-06,0.6817213077276482,1.0901430800471605,165.8035779704116,53.123976267070915,290.0875036492683,0.05579593057356479,5.545645647700839e-06,7.91893835009255e-06,6.055775195033785e-06,0.9142147933966486,1.8641374730251636,1.8765818588642387,1.0974205267506427,0.6862722612441365,0.9203177990995249
big plastics,ATOMKI 2022 direct,4.0,trigger,13–16,13,16,17.0,0.9933685888626214,296791253.83047515,237.5002290672655,5389.885451569322,134-176,4.367257436085575e-06,0.5669719831463956,0.9616505806461949,165.8035779704116,53.123976267070915,290.0875036492683,0.05579593057356479,5.626946747607643e-06,7.85510536477895e-06,5.6876994939024335e-06,0.9412166973963207,1.8342057161646554,1.846450287163568,0.9680702525003909,0.5707569068552514,0.9474999591782814
big plastics,ATOMKI 2022 direct,4.0,MM 15°,13–17,13,17,16.6,0.9933685888626214,296791253.83047515,182.0271583986852,4054.0652408576957,128-166,5.953010184948412e-06,1.053458093403672,1.5523731684096713,130.92333764580096,15.689663758038808,64.30307996008385,0.02990326064156766,6.2427098207867505e-06,1.0252301410571741e-05,7.226467559278277e-06,1.1584847177927269,3.124544715018172,3.1454031766755244,1.5627363154165104,1.060490642863845,1.16621839142222
big plastics,ATOMKI 2022 direct,4.0,MM 15°,13–17,13,17,16.7,0.9933685888626214,296791253.83047515,184.20847012326817,4054.0652408576957,130-172,5.69201699246702e-06,0.9631111011454605,1.472649040375208,130.92333764580096,15.689663758038808,64.30307996008385,0.02990326064156766,6.168786530961158e-06,1.0125245455009684e-05,7.038459612601467e-06,1.1312106796839416,3.04758012854323,3.0679247992254535,1.4824799745896424,0.9695405229676078,1.1387622805540343
big plastics,ATOMKI 2022 direct,4.0,MM 15°,13–17,13,17,16.8,0.9933685888626214,296791253.83047515,182.4336755837211,4054.0652408576957,132-170,5.51216330425816e-06,0.9032088077529795,1.435187869625409,130.92333764580096,15.689663758038808,64.30307996008385,0.02990326064156766,6.22879918276873e-06,1.0205288438254069e-05,6.948360953073665e-06,1.1533275641872887,3.09595458109281,3.1166221841558226,1.4447687250395729,0.9092383410141122,1.16102681030796
big plastics,ATOMKI 2022 direct,4.0,MM 15°,13–17,13,17,17.0,0.9933685888626214,296791253.83047515,177.26628030889458,4054.0652408576957,134-174,5.129553502556803e-06,0.78217357715793,1.3085257631932368,130.92333764580096,15.689663758038808,64.30307996008385,0.02990326064156766,6.410371602570148e-06,1.025814749307287e-05,6.6346670356409364e-06,1.2215476838001713,3.1281090960058626,3.1489913523312207,1.3172610628764307,0.7873951179123717,1.229702345630647
big plastics,ATOMKI 2022 direct,4.0,MM 3°,13–17,13,17,16.6,0.9933685888626214,296791253.83047515,198.3308110310607,4273.191837116811,128-160,5.588649507210198e-06,0.9284483743888462,1.3734109607667728,134.72259748477384,24.894617248291613,1.377406309190165,0.021845498110395888,5.842074701235198e-06,1.0052448084863925e-05,6.7971718177631975e-06,1.0145611419385354,3.0039153537123773,3.0239685323166645,1.3825794132863503,0.9346463989282096,1.021334027785375
big plastics,ATOMKI 2022 direct,4.0,MM 3°,13–17,13,17,16.7,0.9933685888626214,296791253.83047515,201.81760477262895,4273.191837116811,130-160,5.328538907186087e-06,0.8440346874374521,1.2779334486038276,134.72259748477384,24.894617248291613,1.377406309190165,0.021845498110395888,5.741141437613372e-06,9.827883287649666e-06,6.556651676811326e-06,0.9798069264768531,2.8712036241279315,2.890370861651039,1.2864645237746293,0.8496691931882482,0.9863478042915611
big plastics,ATOMKI 2022 direct,4.0,MM 3°,13–17,13,17,16.8,0.9933685888626214,296791253.83047515,200.73355894586652,4273.191837116811,132-160,5.1545389157934015e-06,0.7898118737939539,1.222222113946937,134.72259748477384,24.894617248291613,1.377406309190165,0.021845498110395888,5.772146021246427e-06,9.758251994390802e-06,6.412140977331594e-06,0.9904182428832029,2.8306623658154595,2.8495589628583757,1.2303812780574694,0.7950844053749132,0.9970299584539949
big plastics,ATOMKI 2022 direct,4.0,MM 3°,13–17,13,17,17.0,0.9933685888626214,296791253.83047515,198.1490350540121,4273.191837116811,134-162,4.771080903470214e-06,0.6766710162740236,1.0591459033584176,134.72259748477384,24.894617248291613,1.377406309190165,0.021845498110395888,5.847434045208377e-06,9.082563871593708e-06,5.969059238186296e-06,1.0164234516368014,2.452228492318053,2.4685987857999256,1.0662164228195592,0.6811882556592539,1.0232087696678402
big plastics,ATOMKI 2022 direct,4.0,MM 15° + TOF,13–18,13,18,16.6,0.9933685888626214,296791253.83047515,182.0271583986852,4051.626602333197,128-166,5.9098145542915816e-06,1.038225566769221,1.531416974787684,130.92333764580096,15.689663758038808,0.34046721937914287,0.0414755179736503,6.193931868509637e-06,1.0148857713815508e-05,7.177525132791783e-06,1.1404516049863043,3.061810728159112,3.0822503977751077,1.5416402249452166,1.0451564287511443,1.1480648953195598
big plastics,ATOMKI 2022 direct,4.0,MM 15° + TOF,13–18,13,18,16.7,0.9933685888626214,296791253.83047515,177.36377833294793,4051.626602333197,130-172,5.866005666752236e-06,1.0228900856827985,1.5678312880571958,130.92333764580096,15.689663758038808,0.34046721937914287,0.0414755179736503,6.3567873211597275e-06,1.0422052547715937e-05,7.262358055772524e-06,1.2012112082775583,3.228869777269686,3.2504246796918044,1.5782976285291221,1.0297185728954632,1.2092301102986465
big plastics,ATOMKI 2022 direct,4.0,MM 15° + TOF,13–18,13,18,16.8,0.9933685888626214,296791253.83047515,182.4336755837211,4051.626602333197,132-170,5.47378612800518e-06,0.8906758197128994,1.4173962916330674,130.92333764580096,15.689663758038808,0.34046721937914287,0.0414755179736503,6.18012992246303e-06,1.0107415402312305e-05,6.905158307420359e-06,1.135374728255734,3.03685630543698,3.0571293873043577,1.426858376160198,0.8966216867524448,1.1429541269829215
big plastics,ATOMKI 2022 direct,4.0,MM 15° + TOF,13–18,13,18,17.0,0.9933685888626214,296791253.83047515,177.26628030889458,4051.626602333197,134-174,5.094363716869653e-06,0.771478646841795,1.2933339022998749,130.92333764580096,15.689663758038808,0.34046721937914287,0.0414755179736503,6.36028361048255e-06,1.0157183821893462e-05,6.5960406664428466e-06,1.2025329252607888,3.066836599040852,3.0873098197641746,1.3019677859763064,0.7766287916604209,1.210560650641928
big plastics,ATOMKI 2022 direct,4.0,MM 3° + TOF,13–17,13,17,16.6,0.9933685888626214,296791253.83047515,198.3308110310607,4270.688201492429,128-160,5.586529109851629e-06,0.9277439802383958,1.3725302231124512,134.72259748477384,24.894617248291613,0.9935435587993103,0.021845498110395888,5.840172250204578e-06,1.005155886676531e-05,6.794992031305325e-06,1.0139004730100951,3.0033839373379405,3.023433568376396,1.3816927961090042,0.9339373024675928,1.0206689484423723
big plastics,ATOMKI 2022 direct,4.0,MM 3° + TOF,13–17,13,17,16.7,0.9933685888626214,296791253.83047515,194.2953843405822,4270.688201492429,130-160,5.532011492384897e-06,0.9097250639678529,1.37729015170916,134.72259748477384,24.894617248291613,0.9935435587993103,0.021845498110395888,5.961469969424483e-06,1.0213763394764798e-05,6.806764334358592e-06,1.0564543459081435,3.1010987718263174,3.1218007158621623,1.386484500467362,0.9157980976723474,1.063506897392189
big plastics,ATOMKI 2022 direct,4.0,MM 3° + TOF,13–17,13,17,16.8,0.9933685888626214,296791253.83047515,200.73355894586652,4270.688201492429,132-160,5.152521149034522e-06,0.7891936442107025,1.2213005140197317,134.72259748477384,24.894617248291613,0.9935435587993103,0.021845498110395888,5.770266342243916e-06,9.769470410030994e-06,6.4097230276840964e-06,0.9897732954944406,2.837174556851104,2.856114627199545,1.2294535258237689,0.7944620486886007,0.9963807056026431
big plastics,ATOMKI 2022 direct,4.0,MM 3° + TOF,13–17,13,17,17.0,0.9933685888626214,296791253.83047515,198.1490350540121,4270.688201492429,134-162,4.769062987100477e-06,0.67609874479583,1.0582134147014373,134.72259748477384,24.894617248291613,0.9935435587993103,0.021845498110395888,5.845529848926286e-06,9.096289543644746e-06,5.966431032917112e-06,1.0157615699966753,2.4596457628365256,2.4760655716452136,1.0652777091664045,0.6806121638796166,1.022542469517476
big plastics,Hanoi 2024,1.0,trigger,13–16,13,16,16.6,0.9934581001603643,63738010.24757906,52.93918352803656,1136.1307932906952,128-176,1.1566124718803858e-05,3.976671849314079,6.896192637496951,46.25066628817326,11.541937951449086,290.0875036492683,0.011500178945702016,1.266170636458067e-05,1.906177554595826e-05,1.5231149671820492e-05,4.765719621369282,10.801167864580629,10.872293318497379,6.941603915035537,4.002858146379967,4.797101780739418
big plastics,Hanoi 2024,1.0,trigger,13–16,13,16,16.7,0.9934581001603643,63738010.24757906,53.74593888443381,1136.1307932906952,130-174,1.101549087238768e-05,3.60704634838455,6.288294197709218,46.25066628817326,11.541937951449086,290.0875036492683,0.011500178945702016,1.2471647363979359e-05,1.823194733360419e-05,1.4544353433925418e-05,4.623721402242963,9.881209975485046,9.946277526842872,6.329702477330609,3.6307986696190806,4.654168506448939
big plastics,Hanoi 2024,1.0,trigger,13–16,13,16,16.8,0.9934581001603643,63738010.24757906,53.62238838318063,1136.1307932906952,132-176,1.0532055735100085e-05,3.2973899526532278,5.881015768177025,46.25066628817326,11.541937951449086,290.0875036492683,0.011500178945702016,1.2500383090412536e-05,1.7886508867731167e-05,1.4065467302634319e-05,4.645052836119848,9.510321030779597,9.572946286556462,5.919742128256551,3.319103193301219,4.67564040735089
big plastics,Hanoi 2024,1.0,trigger,13–16,13,16,17.0,0.9934581001603643,63738010.24757906,52.847623781572146,1136.1307932906952,134-176,9.577815747215741e-06,2.726948706528354,5.142182845524397,46.25066628817326,11.541937951449086,290.0875036492683,0.011500178945702016,1.2683643067531393e-05,1.758720499790233e-05,1.3152301354646673e-05,4.782247368149142,9.194702129555312,9.255249041777505,5.176044006983631,2.7449056040593653,4.813738362369978
big plastics,Hanoi 2024,1.0,MM 15°,13–17,13,17,16.6,0.9934581001603643,63738010.24757906,40.50397266083409,854.7200910358366,128-166,1.2662301523246917e-05,4.766167653555922,6.963063644067346,36.51370266500239,3.2934927036139445,64.30307996008385,0.004091227462096668,1.3302199089151543e-05,2.1930383626698013e-05,1.530481822781393e-05,5.2600624437403125,14.296721938589306,14.390865539554738,7.008915265720181,4.797552763208198,5.294699839773043
big plastics,Hanoi 2024,1.0,MM 15°,13–17,13,17,16.7,0.9934581001603643,63738010.24757906,40.989349630043,854.7200910358366,130-166,1.2100405040904135e-05,4.352550599106367,6.5834070231534465,36.51370266500239,3.2934927036139445,64.30307996008385,0.004091227462096668,1.3144680584076905e-05,2.1616699245114804e-05,1.4881727462189393e-05,5.136225554619749,13.890656547376542,13.982126216630887,6.62675861426944,4.38121204951047,5.170047487448799
big plastics,Hanoi 2024,1.0,MM 15°,13–17,13,17,16.8,0.9934581001603643,63738010.24757906,40.59442927782301,854.7200910358366,132-170,1.1714147750644857e-05,4.079109914504696,6.397743531715239,36.51370266500239,3.2934927036139445,64.30307996008385,0.004091227462096668,1.327255778246183e-05,2.1756189773245597e-05,1.4670381467668136e-05,5.236646554363499,14.07050515604864,14.163159124453639,6.43987253280487,4.105970763987172,5.27112975727733
big plastics,Hanoi 2024,1.0,MM 15°,13–17,13,17,17.0,0.9934581001603643,63738010.24757906,39.44460065455309,854.7200910358366,134-174,1.089746406191153e-05,3.530164178973048,5.820548452487451,36.51370266500239,3.2934927036139445,64.30307996008385,0.004091227462096668,1.365945907158711e-05,2.186825179664404e-05,1.3992971447897616e-05,5.546397804053607,14.21582748636817,14.30943839913676,5.858876636616981,3.5534102328051964,5.582920712165219
big plastics,Hanoi 2024,1.0,MM 3°,13–17,13,17,16.6,0.9934581001603643,63738010.24757906,44.13179779584559,900.5999857630039,128-160,1.1599654276105975e-05,3.999761573281321,5.880746636299734,37.56153426083717,5.424735097108143,1.377406309190165,0.0018867516881110192,1.2120083621436638e-05,2.0974455110987114e-05,1.4065145461214507e-05,4.366718994964823,13.077519833615144,13.163635015411487,5.91947122415174,4.026099915674026,4.3954737439454625
big plastics,Hanoi 2024,1.0,MM 3°,13–17,13,17,16.7,0.9934581001603643,63738010.24757906,44.907665526929556,900.5999857630039,130-160,1.1061234678386226e-05,3.637066367726933,5.465103951867445,37.56153426083717,5.424735097108143,1.377406309190165,0.0018867516881110192,1.1910685478167024e-05,2.0526877734365177e-05,1.3558985837474013e-05,4.217135212836468,12.525348083281116,12.607827226190285,5.50109154174219,3.6610163701316005,4.244904955886652
big plastics,Hanoi 2024,1.0,MM 3°,13–17,13,17,16.8,0.9934581001603643,63738010.24757906,44.66644788162572,900.5999857630039,132-160,1.0701312421798902e-05,3.404223767804622,5.223037881165405,37.56153426083717,5.424735097108143,1.377406309190165,0.0018867516881110192,1.1975008200059128e-05,2.0425698709783064e-05,1.3255300612298623e-05,4.262806819009611,12.402175023270912,12.483843074276558,5.257431471264164,3.4266405067864576,4.290877308586549
big plastics,Hanoi 2024,1.0,MM 3°,13–17,13,17,17.0,0.9934581001603643,63738010.24757906,44.09134971507819,900.5999857630039,134-162,9.906908090599127e-06,2.9175632555166002,4.531192674870728,37.56153426083717,5.424735097108143,1.377406309190165,0.0018867516881110192,1.2131202222350322e-05,1.9172769955394152e-05,1.2346227018107651e-05,4.374734463720492,10.927321871654716,10.999278046946142,4.561030479432702,2.9367753456795476,4.403541994387404
big plastics,Hanoi 2024,1.0,MM 15° + TOF,13–18,13,18,16.6,0.9934581001603643,63738010.24757906,40.50397266083409,853.8516809499384,128-166,1.2257497646964818e-05,4.46629751977848,6.558949470254748,36.51370266500239,3.2934927036139445,0.34046721937914287,0.005841477374531213,1.2844631397985629e-05,2.111123714176663e-05,1.4854058710647733e-05,4.904416044890553,13.248642498689264,13.335884519488708,6.602140008920356,4.495707991164931,4.936711517173075
big plastics,Hanoi 2024,1.0,MM 15° + TOF,13–18,13,18,16.7,0.9934581001603643,63738010.24757906,39.466295534237425,853.8516809499384,130-172,1.2167622494817319e-05,4.40104153318622,6.707213342294695,36.51370266500239,3.2934927036139445,0.34046721937914287,0.005841477374531213,1.3182351977554396e-05,2.165386902077543e-05,1.5021007184433193e-05,5.165707599885026,13.938467406923241,14.03025190964097,6.751380195311724,4.4300222953296196,5.199723671336694
big plastics,Hanoi 2024,1.0,MM 15° + TOF,13–18,13,18,16.8,0.9934581001603643,63738010.24757906,40.59442927782301,853.8516809499384,132-170,1.1354783846021006e-05,3.8326728950612243,6.059731913340786,36.51370266500239,3.2934927036139445,0.34046721937914287,0.005841477374531213,1.2816009689948307e-05,2.0983471521298205e-05,1.4277583183605834e-05,4.8825833642345104,13.088765668404658,13.174954903776884,6.099635115323558,3.8579109621659464,4.914735068792899
big plastics,Hanoi 2024,1.0,MM 15° + TOF,13–18,13,18,17.0,0.9934581001603643,63738010.24757906,39.44460065455309,853.8516809499384,134-174,1.0568048236221842e-05,3.3199656219712117,5.534599511235822,36.51370266500239,3.2934927036139445,0.34046721937914287,0.005841477374531213,1.3189602387885945e-05,2.1098100112610168e-05,1.3644923142252324e-05,5.171391532417557,13.232158988160558,13.319292465404045,5.571044727847531,3.3418275229074097,5.205445032440512
big plastics,Hanoi 2024,1.0,MM 3° + TOF,13–17,13,17,16.6,0.9934581001603643,63738010.24757906,44.13179779584559,899.7084299191237,128-160,1.1588481722970121e-05,3.992060304506912,5.875361336788233,37.56153426083717,5.424735097108143,0.9935435587993103,0.0018867516881110192,1.2111901630284547e-05,2.095422860844439e-05,1.4058703900771087e-05,4.360825240835001,13.05230964848244,13.138258821761616,5.914050462560857,4.018347934213343,4.389541179573729
big plastics,Hanoi 2024,1.0,MM 3° + TOF,13–17,13,17,16.7,0.9934581001603643,63738010.24757906,43.2338504028091,899.7084299191237,130-160,1.1476664524233922e-05,3.915393240244037,5.888299471812359,37.56153426083717,5.424735097108143,0.9935435587993103,0.0018867516881110192,1.236346031386925e-05,2.13223863371675e-05,1.4074174726489925e-05,4.543851097878118,13.514986893918767,13.60398278672968,5.927073794920861,3.9411760190107796,4.573772257878463
big plastics,Hanoi 2024,1.0,MM 3° + TOF,13–17,13,17,16.8,0.9934581001603643,63738010.24757906,44.66644788162572,899.7084299191237,132-160,1.0690326927769569e-05,3.3972381041199506,5.217310290716582,37.56153426083717,5.424735097108143,0.9935435587993103,0.0018867516881110192,1.1966924146004766e-05,2.044732586403914e-05,1.3248030728365096e-05,4.257053314989058,12.428452288650535,12.510293374873415,5.25166616475763,3.4196088426593607,4.285085917867984
big plastics,Hanoi 2024,1.0,MM 3° + TOF,13–17,13,17,17.0,0.9934581001603643,63738010.24757906,44.09134971507819,899.7084299191237,134-162,9.895140843062388e-06,2.9106365131998038,4.524081421841746,37.56153426083717,5.424735097108143,0.9935435587993103,0.0018867516881110192,1.2123012725285143e-05,1.9208364664964786e-05,1.2336535130690318e-05,4.368829891124419,10.967933207558493,11.040156807607735,4.553872398958212,2.929802990916243,4.397598540310056
big plastics,Hanoi 2024,4.0,trigger,13–16,13,16,16.6,0.9933659266526516,254952040.99031624,211.75673411214623,4544.523173162781,128-174,5.440499268773397e-06,0.8798761086065358,1.3732247181883184,185.00266515269303,46.16775180579634,290.0875036492683,0.06172950108341474,5.848410840533956e-06,8.740385670241356e-06,6.79671093396321e-06,1.0167630606324345,2.270937623797873,2.286103804114018,1.3823956322074367,0.8857522540273323,1.023553388889253
big plastics,Hanoi 2024,4.0,trigger,13–16,13,16,16.7,0.9933659266526516,254952040.99031624,214.98375553773525,4544.523173162781,130-174,5.193797309141122e-06,0.8018885400844696,1.2578275879110834,185.00266515269303,46.16775180579634,290.0875036492683,0.06172950108341474,5.760623058425287e-06,8.40475935563629e-06,6.504868950050328e-06,0.9864678365416498,2.099880494237686,2.113904290349137,1.2662278362512283,0.8072438550279212,0.993055841834392
big plastics,Hanoi 2024,4.0,trigger,13–16,13,16,16.8,0.9933659266526516,254952040.99031624,214.4895535327225,4544.523173162781,130-176,4.980535069008631e-06,0.7373879183598337,1.1807203204301968,185.00266515269303,46.16775180579634,290.0875036492683,0.06172950108341474,5.773896019363042e-06,8.286802213898176e-06,6.302335406757706e-06,0.9910188835438873,2.0413522869282907,2.0549852095360692,1.188605617276278,0.742312473757392,0.9976372824497081
big plastics,Hanoi 2024,4.0,trigger,13–16,13,16,17.0,0.9933659266526516,254952040.99031624,211.39049512628858,4544.523173162781,134-176,4.5409078892567816e-06,0.61295613729829,1.0413504851687656,185.00266515269303,46.16775180579634,290.0875036492683,0.06172950108341474,5.858543349348207e-06,8.224236666082915e-06,5.918701742872104e-06,1.0202892442387665,2.0106441361397924,2.0240719781028393,1.0483050175455562,0.617049690202049,1.0271031216833042
big plastics,Hanoi 2024,4.0,MM 15°,13–17,13,17,16.6,0.9933659266526516,254952040.99031624,162.01589064333635,3418.8803641433465,128-166,6.181922091337935e-06,1.1360333157958376,1.66504456132353,146.05481066000957,13.173970814455778,64.30307996008385,0.035292728747562396,6.4816904633386835e-06,1.0688795627293544e-05,7.484123131197372e-06,1.2488796451407735,3.396264921582924,3.4189464631903865,1.676164358620832,1.1436201759244278,1.257220135735003
big plastics,Hanoi 2024,4.0,MM 15°,13–17,13,17,16.7,0.9933659266526516,254952040.99031624,163.957398520172,3418.8803641433465,130-172,5.911397233455722e-06,1.0387817256750285,1.577662777621288,146.05481066000957,13.173970814455778,64.30307996008385,0.035292728747562396,6.404937274989977e-06,1.0543137675691157e-05,7.285092713149239e-06,1.2194774523351972,3.304332700611722,3.3264002840789426,1.5881990063193967,1.0457191029044197,1.2276215839660158
big plastics,Hanoi 2024,4.0,MM 15°,13–17,13,17,16.8,0.9933659266526516,254952040.99031624,162.37771711129204,3418.8803641433465,132-170,5.724848809842698e-06,0.9742536829832743,1.5363653092103433,146.05481066000957,13.173970814455778,64.30307996008385,0.035292728747562396,6.467247304459164e-06,1.06175811546003e-05,7.189111836787347e-06,1.243320086118737,3.351160213273586,3.3735405285804414,1.5466257377957775,0.9807601175391834,1.2516234478752022
big plastics,Hanoi 2024,4.0,MM 15°,13–17,13,17,17.0,0.9933659266526516,254952040.99031624,157.77840261821237,3418.8803641433465,134-174,5.3275823372356355e-06,0.8437316753871912,1.4019245267453317,146.05481066000957,13.173970814455778,64.30307996008385,0.035292728747562396,6.65577059892872e-06,1.0679722195370491e-05,6.8673678421730816e-06,1.316863325373483,3.3905013724818396,3.4131444229286414,1.4112871089402084,0.849366434613191,1.3256578366956089
big plastics,Hanoi 2024,4.0,MM 3°,13–17,13,17,16.6,0.9933659266526516,254952040.99031624,176.52719118338237,3602.3999430520157,128-160,5.795252302934059e-06,0.9983635331350331,1.4693761055976535,150.24613704334868,21.698940388432572,1.377406309190165,0.026049731909341203,6.056743267359431e-06,1.0474292209631063e-05,7.030633840010805e-06,1.0904916470482695,3.2613197768352546,3.2831001037300873,1.4791891549461689,1.0050309823885564,1.0977743626891883
big plastics,Hanoi 2024,4.0,MM 3°,13–17,13,17,16.7,0.9933659266526516,254952040.99031624,179.63066210771822,3602.3999430520157,130-160,5.525982762753865e-06,0.907743326226303,1.3654343164643237,150.24613704334868,21.698940388432572,1.377406309190165,0.026049731909341203,5.9521011845108754e-06,1.0250587869093369e-05,6.777404400348252e-06,1.0531364004356647,3.1235003466707525,3.144360263287892,1.3745532032344134,0.9138055794656947,1.0601696436120192
big plastics,Hanoi 2024,4.0,MM 3°,13–17,13,17,16.8,0.9933659266526516,254952040.99031624,178.6657915265029,3602.3999430520157,132-160,5.345882040957742e-06,0.8495378952388379,1.3048367393453717,150.24613704334868,21.698940388432572,1.377406309190165,0.026049731909341203,5.984245039695932e-06,1.0200279080388416e-05,6.6253081371041386e-06,1.064541875598257,3.0929159725864905,3.113571635186542,1.3135509325775692,0.8552114305969086,1.0716512888512768
big plastics,Hanoi 2024,4.0,MM 3°,13–17,13,17,17.0,0.9933659266526516,254952040.99031624,176.36539886031275,3602.3999430520157,134-162,4.948412356103132e-06,0.7279068027953074,1.1316901345824304,150.24613704334868,21.698940388432572,1.377406309190165,0.026049731909341203,6.062299541831606e-06,9.575424675995398e-06,6.17009368870141e-06,1.0924933333796583,2.725587328349036,2.7437898313398534,1.1392479893042944,0.7327680397173852,1.0997894170389322
big plastics,Hanoi 2024,4.0,MM 15° + TOF,13–18,13,18,16.6,0.9933659266526516,254952040.99031624,162.01589064333635,3415.4067237997538,128-166,6.1284996947125205e-06,1.1164836060669276,1.6381144051791958,146.05481066000957,13.173970814455778,0.34046721937914287,0.04815671343890353,6.421420710399524e-06,1.0554529049891255e-05,7.423352921034278e-06,1.2257623049925066,3.3114769163198092,3.3335922115614576,1.6490543527088304,1.123939905840284,1.2339484092462905
big plastics,Hanoi 2024,4.0,MM 15° + TOF,13–18,13,18,16.7,0.9933659266526516,254952040.99031624,157.8651821369497,3415.4067237997538,130-172,6.0837025884693345e-06,1.100221081597755,1.6751421856513171,146.05481066000957,13.173970814455778,0.34046721937914287,0.04815671343890353,6.590257468479723e-06,1.082623297754463e-05,7.506782474889646e-06,1.2910669887292736,3.4841652938191094,3.507433867356124,1.6863294187027829,1.1075687740822493,1.2996892223591625
big plastics,Hanoi 2024,4.0,MM 15° + TOF,13–18,13,18,16.8,0.9933659266526516,254952040.99031624,162.37771711129204,3415.4067237997538,132-170,5.6773574748037595e-06,0.9581565962161154,1.513399652361281,146.05481066000957,13.173970814455778,0.34046721937914287,0.04815671343890353,6.407111850685054e-06,1.0491216501001868e-05,7.135177944903231e-06,1.2203056559806433,3.271867528861292,3.293718297633295,1.523506707604708,0.9645555283387047,1.2284553186686313
big plastics,Hanoi 2024,4.0,MM 15° + TOF,13–18,13,18,17.0,0.9933659266526516,254952040.99031624,157.77840261821237,3415.4067237997538,134-174,5.2840239147385025e-06,0.8299913416031036,1.382216233036494,146.05481066000957,13.173970814455778,0.34046721937914287,0.04815671343890353,6.5938821684511986e-06,1.054840206476675e-05,6.818926167612292e-06,1.292487575844788,3.3076333567174623,3.329722983214459,1.3914471957923427,0.8355343376835244,1.3011192966926979
big plastics,Hanoi 2024,4.0,MM 3° + TOF,13–17,13,17,16.6,0.9933659266526516,254952040.99031624,176.52719118338237,3598.8337196764946,128-160,5.791890510053228e-06,0.99720557908575,1.4677874510727589,150.24613704334868,21.698940388432572,0.9935435587993103,0.026049731909341203,6.053574237655074e-06,1.047354734062252e-05,7.026832135044043e-06,1.0893508041260762,3.2608559422194126,3.282633171451259,1.4775898907855307,1.0038652950841962,1.0966259007864958
big plastics,Hanoi 2024,4.0,MM 3° + TOF,13–17,13,17,16.7,0.9933659266526516,254952040.99031624,172.9354016112364,3598.8337196764946,130-160,5.735843127893186e-06,0.9779992980915422,1.4708752612441132,150.24613704334868,21.698940388432572,0.9935435587993103,0.026049731909341203,6.179304219014821e-06,1.0656837958426573e-05,7.0342194867840155e-06,1.135071362399951,3.3759867797907677,3.3985328962981862,1.4806983225210133,0.984530747281729,1.1426517982399547
big plastics,Hanoi 2024,4.0,MM 3° + TOF,13–17,13,17,16.8,0.9933659266526516,254952040.99031624,178.6657915265029,3598.8337196764946,132-160,5.3427127953895645e-06,0.8485309159934414,1.303179850102549,150.24613704334868,21.698940388432572,0.9935435587993103,0.026049731909341203,5.981113942759538e-06,1.0218940824669045e-05,6.621100373612362e-06,1.0634281806264134,3.1042435070775167,3.1249748192369515,1.3118829780017507,0.8541977263632736,1.070530156203214
big plastics,Hanoi 2024,4.0,MM 3° + TOF,13–17,13,17,17.0,0.9933659266526516,254952040.99031624,176.36539886031275,3598.8337196764946,134-162,4.945307500232614e-06,0.7269936466069248,1.1300600917711858,150.24613704334868,21.698940388432572,0.9935435587993103,0.026049731909341203,6.05912760495452e-06,9.599746450917498e-06,6.165648504997888e-06,1.0913503963472617,2.7394510083799966,2.757746098269279,1.1376070604506772,0.7318487851266227,1.0986388470407766
big plastics,MEG II-2026 normalisation,1.0,trigger,13–16,13,16,16.6,0.9933284029555499,409287662.7257499,338.5163519280549,5939.656868143784,128-174,3.834474996398298e-06,0.4370748661713356,0.6866669107178214,162.40218585722127,74.01246541214037,290.0875036492683,0.08717389506435799,4.13328844829221e-06,6.379982724360263e-06,4.80619130669468e-06,0.507849982068544,1.2099934471800058,1.2181202546708527,0.691278844614442,0.4400104385124424,0.511260908836883
big plastics,MEG II-2026 normalisation,1.0,trigger,13–16,13,16,16.7,0.9933284029555499,409287662.7257499,343.67509941801916,5939.656868143784,130-174,3.6593540110038733e-06,0.398063964858803,0.5911177816266235,162.40218585722127,74.01246541214037,290.0875036492683,0.08717389506435799,4.071245572785565e-06,6.099166454010455e-06,4.459282697241746e-06,0.4927182079050553,1.1058213862582182,1.113248531873202,0.5950879687601919,0.40073752414045877,0.4960275035315826
big plastics,MEG II-2026 normalisation,1.0,trigger,13–16,13,16,16.8,0.9933284029555499,409287662.7257499,342.88506333933725,5939.656868143784,132-176,3.5078705922613422e-06,0.36578942009666887,0.5245596408753702,162.40218585722127,74.01246541214037,290.0875036492683,0.08717389506435799,4.080626065643289e-06,6.022207114401902e-06,4.2007364019951854e-06,0.49499135218809226,1.0780909194040689,1.0853318159395386,0.5280827964997227,0.36824621042577543,0.4983159151749761
big plastics,MEG II-2026 normalisation,1.0,trigger,13–16,13,16,17.0,0.9933284029555499,409287662.7257499,337.9308787626032,5939.656868143784,134-176,3.1970432874921753e-06,0.30383727057368526,0.4311156634822934,162.40218585722127,74.01246541214037,290.0875036492683,0.08717389506435799,4.140449467375188e-06,6.176485992898145e-06,3.808245123353321e-06,0.5096112304366076,1.134036243176783,1.1416528912317123,0.43401121139751125,0.30587796510161963,0.513033986464406
big plastics,MEG II-2026 normalisation,1.0,MM 15°,13–17,13,17,16.6,0.9933284029555499,409287662.7257499,259.0001611278676,4472.179542858964,128-172,4.373742191871218e-06,0.5686569786252808,0.7759888459332523,127.6409648550942,21.207611703971466,64.30307996008385,0.05074252873313189,4.598558479174019e-06,7.5506559915796396e-06,5.109233286628691e-06,0.6286189086320826,1.6947801992621137,1.706163031500422,0.7812007022293681,0.5724763098823092,0.632840968567585
big plastics,MEG II-2026 normalisation,1.0,MM 15°,13–17,13,17,16.7,0.9933284029555499,409287662.7257499,262.10387429411776,4472.179542858964,130-172,4.178761280375141e-06,0.5190857859204067,0.6954626251967493,127.6409648550942,21.207611703971466,64.30307996008385,0.05074252873313189,4.544104471059786e-06,7.433500151634157e-06,4.8368753045348035e-06,0.6138194246107472,1.642595853280173,1.6536281942535744,0.7001336346846314,0.5225721769114006,0.6179420852000089
big plastics,MEG II-2026 normalisation,1.0,MM 15°,13–17,13,17,16.8,0.9933284029555499,409287662.7257499,259.5785803997597,4472.179542858964,132-170,4.045514015887388e-06,0.48650962106840967,0.6456381423870488,127.6409648550942,21.207611703971466,64.30307996008385,0.05074252873313189,4.5883115056248895e-06,7.536660903194694e-06,4.660393450117739e-06,0.6258205253463062,1.688503494938866,1.6998441702813407,0.6499745104096658,0.4897772173038128,0.6300237902029575
big plastics,MEG II-2026 normalisation,1.0,MM 15°,13–17,13,17,17.0,0.9933284029555499,409287662.7257499,252.22607201274144,4472.179542858964,134-174,3.7622829272727844e-06,0.42077208159477614,0.5663740041055546,127.6409648550942,21.207611703971466,64.30307996008385,0.05074252873313189,4.722062939638638e-06,7.98898029951592e-06,4.3649537796076215e-06,0.6628382403658946,1.8972594002988548,1.9100021650984187,0.5701780019783639,0.42359815781247234,0.6672901312332208
big plastics,MEG II-2026 normalisation,1.0,MM 3°,13–17,13,17,16.6,0.9933284029555499,409287662.7257499,282.1980657477343,4703.6079440169415,128-160,4.107795931995611e-06,0.5016048578751393,0.7101632642069966,130.36689748490753,34.77376289220732,1.377406309190165,0.03877116227975602,4.302957370245458e-06,7.355331356130285e-06,4.887728737146055e-06,0.5503995876976726,1.6082312532245353,1.6190327875850556,0.714933009157874,0.5049738398526247,0.5540962949010754
big plastics,MEG II-2026 normalisation,1.0,MM 3°,13–17,13,17,16.7,0.9933284029555499,409287662.7257499,287.15930421802796,4703.6079440169415,130-160,3.914640624664239e-06,0.4555413561317366,0.6241192774325723,130.36689748490753,34.77376289220732,1.377406309190165,0.03877116227975602,4.22861536799194e-06,7.198152939800716e-06,4.582070764712362e-06,0.5315454200480858,1.5402320375969585,1.5505768616040285,0.6283111160171877,0.45860095692050945,0.5351154950029872
big plastics,MEG II-2026 normalisation,1.0,MM 3°,13–17,13,17,16.8,0.9933284029555499,409287662.7257499,285.61685282631584,4703.6079440169415,132-160,3.785102961374096e-06,0.4258919271166156,0.569203931171035,130.36689748490753,34.77376289220732,1.377406309190165,0.03877116227975602,4.251451673324877e-06,7.246974075461586e-06,4.375845089190615e-06,0.537302060957696,1.5611959943642184,1.571681620820501,0.5730269359835329,0.4287523902965188,0.540910799851295
big plastics,MEG II-2026 normalisation,1.0,MM 3°,13–17,13,17,17.0,0.9933284029555499,409287662.7257499,281.93942298388,4703.6079440169415,134-162,3.5013878299371533e-06,0.3644386663386447,0.47626794873909545,130.36689748490753,34.77376289220732,1.377406309190165,0.03877116227975602,4.306904774177866e-06,7.2764204502471055e-06,4.002705809272419e-06,0.5514098910177198,1.5739088754094612,1.5844798867388186,0.4794667577429655,0.3668863844568359,0.5551133838286053
big plastics,MEG II-2026 normalisation,1.0,MM 15° + TOF,13–18,13,18,16.6,0.9933284029555499,409287662.7257499,259.0001611278676,4458.733191269315,128-174,4.339159829353489e-06,0.5597000007335017,0.7646249442448768,127.6409648550942,21.207611703971466,0.34046721937914287,0.06990730143816018,4.560422491974946e-06,7.455368950934627e-06,5.071684446453433e-06,0.6182358295276745,1.652274857151013,1.6633722062460246,0.7697604759612343,0.5634591732886828,0.6223881524863029
big plastics,MEG II-2026 normalisation,1.0,MM 15° + TOF,13–18,13,18,16.7,0.9933284029555499,409287662.7257499,252.36479858608135,4458.733191269315,130-172,4.303893772204426e-06,0.5506391677294898,0.7386431543581239,127.6409648550942,21.207611703971466,0.34046721937914287,0.06990730143816018,4.680328504015878e-06,7.63198669773618e-06,4.984772383229478e-06,0.6511734514121136,1.7314869487045772,1.74311631838243,0.7436041818197936,0.5543374840497037,0.6555469968185866
big plastics,MEG II-2026 normalisation,1.0,MM 15° + TOF,13–18,13,18,16.8,0.9933284029555499,409287662.7257499,259.5785803997597,4458.733191269315,132-170,4.014864948779691e-06,0.47916589051545033,0.6364660474168883,127.6409648550942,21.207611703971466,0.34046721937914287,0.06990730143816018,4.550260496893279e-06,7.446807422808104e-06,4.627171688526818e-06,0.6154836679425526,1.6484821876453586,1.6595540636313868,0.6407408119239788,0.4823841632734349,0.6196175062660467
big plastics,MEG II-2026 normalisation,1.0,MM 15° + TOF,13–18,13,18,17.0,0.9933284029555499,409287662.7257499,252.22607201274144,4458.733191269315,134-174,3.7340858003088084e-06,0.41448860773091184,0.5586867387773153,127.6409648550942,21.207611703971466,0.34046721937914287,0.06990730143816018,4.682902726142425e-06,7.889555101945104e-06,4.335230315965795e-06,0.6518899507286608,1.8503293610769325,1.8627569246700904,0.5624391058536115,0.41727248158578994,0.6562683084355859
big plastics,MEG II-2026 normalisation,1.0,MM 3° + TOF,13–17,13,17,16.6,0.9933284029555499,409287662.7257499,282.1980657477343,4689.80320644734,128-160,4.101786203035759e-06,0.5001382299469234,0.7087129407213122,130.36689748490753,34.77376289220732,0.9935435587993103,0.03877116227975602,4.296684741142637e-06,7.340537569015475e-06,4.882735229957175e-06,0.5487960691072523,1.6017684840109279,1.6125266117882313,0.7134729447105381,0.5034973614554983,0.5524820064284522
big plastics,MEG II-2026 normalisation,1.0,MM 3° + TOF,13–17,13,17,16.7,0.9933284029555499,409287662.7257499,276.45619639017144,4689.80320644734,130-160,4.0597370353080575e-06,0.4899365278196151,0.6712396482249405,130.36689748490753,34.77376289220732,0.9935435587993103,0.03877116227975602,4.385924927387028e-06,7.472340354414056e-06,4.7518945449459426e-06,0.5718292945503836,1.6598058969145297,1.6709538275317029,0.6757479663601017,0.4932271405527695,0.5756699323697604
big plastics,MEG II-2026 normalisation,1.0,MM 3° + TOF,13–17,13,17,16.8,0.9933284029555499,409287662.7257499,285.61685282631584,4689.80320644734,132-160,3.7795513301248286e-06,0.42464352726065285,0.5676474687265318,130.36689748490753,34.77376289220732,0.9935435587993103,0.03877116227975602,4.24525412656791e-06,7.254757877175322e-06,4.3698582182904435e-06,0.5357367003312088,1.5645514820581858,1.575059645332821,0.5714600197050173,0.4274956056800231,0.5393349256269905
big plastics,MEG II-2026 normalisation,1.0,MM 3° + TOF,13–17,13,17,17.0,0.9933284029555499,409287662.7257499,281.93942298388,4689.80320644734,134-162,3.4962119098183808e-06,0.36336200114018685,0.47476174510050045,130.36689748490753,34.77376289220732,0.9935435587993103,0.03877116227975602,4.300626390753388e-06,7.308421365961269e-06,3.996371492389169e-06,0.5498034290381839,1.5877830815231626,1.5984472776564849,0.47795043782891344,0.3658024879375636,0.5534961321978698
big plastics,MEG II-2026 normalisation,4.0,trigger,13–16,13,16,16.6,0.9928467594576709,1637150650.9029996,1354.0654077122197,23758.627472575135,128-174,1.892472340760596e-06,0.10646407730510965,0.16376958001683636,649.6087434288851,296.0498616485615,290.0875036492683,0.8801208092136996,2.031600820563601e-06,3.1285581211678976e-06,2.3471703542279107e-06,0.12269327865977099,0.29095945058042816,0.2930557488442233,0.1649495034926571,0.10723112735268855,0.12357725650108435
big plastics,MEG II-2026 normalisation,4.0,trigger,13–16,13,16,16.7,0.9928467594576709,1637150650.9029996,1374.7003976720766,23758.627472575135,130-174,1.807102243355342e-06,0.09707546129428982,0.14108117452914037,649.6087434288851,296.0498616485615,290.0875036492683,0.8801208092136996,2.0011054030851755e-06,2.995269709745133e-06,2.178524893399266e-06,0.11903753966280269,0.2666956193257043,0.26861710207059863,0.14209763307905043,0.09777486844728785,0.11989517871602394
big plastics,MEG II-2026 normalisation,4.0,trigger,13–16,13,16,16.8,0.9928467594576709,1637150650.9029996,1371.540253357349,23758.627472575135,130-176,1.7329240596588596e-06,0.0892694945465084,0.1252632766528246,649.6087434288851,296.0498616485615,290.0875036492683,0.8801208092136996,2.005716118554336e-06,2.9615576853651816e-06,2.0527680401353243e-06,0.11958671665364656,0.26072603816128337,0.26260451139881996,0.12616577075927404,0.08991266144160118,0.12044831240519856
big plastics,MEG II-2026 normalisation,4.0,trigger,13–16,13,16,17.0,0.9928467594576709,1637150650.9029996,1351.7235150504127,23758.627472575135,134-176,1.5807391601780842e-06,0.07427872451012232,0.10306313594926818,649.6087434288851,296.0498616485615,290.0875036492683,0.8801208092136996,2.0351206165872882e-06,3.045441240077783e-06,1.8619999713569767e-06,0.12311878490067255,0.2757048854567926,0.27769127796458004,0.10380568296920768,0.07481388623426245,0.12400582842001168
big plastics,MEG II-2026 normalisation,4.0,MM 15°,13–17,13,17,16.6,0.9928467594576709,1637150650.9029996,1036.0006445114705,17888.718171435856,128-172,2.1763208031235393e-06,0.14079584536588247,0.19221677081392974,510.5638594203768,84.83044681588586,64.30307996008385,0.6440987082604568,2.2874424250437073e-06,3.7559151665034985e-06,2.5428669194789956e-06,0.15554080998483458,0.41934895178272896,0.4223702679069957,0.19360164998566903,0.14181024818249927,0.15666144699892726
big plastics,MEG II-2026 normalisation,4.0,MM 15°,13–17,13,17,16.7,0.9928467594576709,1637150650.9029996,1048.415497176471,17888.718171435856,130-172,2.079553206779989e-06,0.12855355350264372,0.17234199984772064,510.5638594203768,84.83044681588586,64.30307996008385,0.6440987082604568,2.260355587083881e-06,3.698107102512971e-06,2.4078174504885797e-06,0.1518789351980177,0.4065397188364114,0.4094687472802733,0.17358368570579827,0.12947975332352835,0.15297318921701425
big plastics,MEG II-2026 normalisation,4.0,MM 15°,13–17,13,17,16.8,0.9928467594576709,1637150650.9029996,1038.3143215990387,17888.718171435856,132-170,2.0135017567941174e-06,0.12051692403724722,0.1600650191118942,510.5638594203768,84.83044681588586,64.30307996008385,0.6440987082604568,2.2823453142576357e-06,3.749921333321204e-06,2.3204713406814836e-06,0.15484839873703285,0.418011593522517,0.4210232742773418,0.16121825204861176,0.12138522172654112,0.15596404708176384
big plastics,MEG II-2026 normalisation,4.0,MM 15°,13–17,13,17,17.0,0.9928467594576709,1637150650.9029996,1008.9042880509658,17888.718171435856,134-174,1.8726581962850152e-06,0.10424639477150555,0.14052059845108328,510.5638594203768,84.83044681588586,64.30307996008385,0.6440987082604568,2.3488767514371487e-06,3.9757819882442475e-06,2.1741924781155974e-06,0.1640077881522572,0.469882354876557,0.4732677529543672,0.14153301817476924,0.10499746690863827,0.16518942786482402
big plastics,MEG II-2026 normalisation,4.0,MM 3°,13–17,13,17,16.6,0.9928467594576709,1637150650.9029996,1128.7922629909372,18814.431776067766,128-160,2.0536038344962997e-06,0.1253653005070721,0.17751781797525792,521.4675899396301,139.0950515688293,1.377406309190165,0.5769641485364666,2.1512737871190047e-06,3.67688550042457e-06,2.4437060782114688e-06,0.13757368927304828,0.40188724682617244,0.4047827552418038,0.1787967944541861,0.1262685296727475,0.13856487717016475
big plastics,MEG II-2026 normalisation,4.0,MM 3°,13–17,13,17,16.7,0.9928467594576709,1637150650.9029996,1148.6372168721118,18814.431776067766,130-160,1.9570209779816056e-06,0.11385050856896786,0.15600884741529294,521.4675899396301,139.0950515688293,1.377406309190165,0.5769641485364666,2.114106326005902e-06,3.5982814313777623e-06,2.2908814083340184e-06,0.13286104511469002,0.38488790901896536,0.3876609409786513,0.15713285653519246,0.11467077621440509,0.13381827945660374
big plastics,MEG II-2026 normalisation,4.0,MM 3°,13–17,13,17,16.8,0.9928467594576709,1637150650.9029996,1142.4674113052633,18814.431776067766,132-160,1.8922417617513068e-06,0.1064381356990395,0.14228012650433264,521.4675899396301,139.0950515688293,1.377406309190165,0.5769641485364666,2.1255233912543526e-06,3.6226654494047373e-06,2.1877622027098263e-06,0.13429993123571352,0.3901220261091209,0.39293276872074373,0.14330522323711994,0.10720499884310433,0.13526753243277245
big plastics,MEG II-2026 normalisation,4.0,MM 3°,13–17,13,17,17.0,0.9928467594576709,1637150650.9029996,1127.75769193552,18814.431776067766,134-162,1.7503641035893925e-06,0.0910753417102942,0.11904394725578105,521.4675899396301,139.0950515688293,1.377406309190165,0.5769641485364666,2.1532473011179302e-06,3.637338694374562e-06,2.001159260449921e-06,0.13782621699677913,0.3932887270390738,0.3961222850280566,0.11990163247428756,0.09173151933339932,0.13881922430009727
big plastics,MEG II-2026 normalisation,4.0,MM 15° + TOF,13–18,13,18,16.6,0.9928467594576709,1637150650.9029996,1036.0006445114705,17834.93276507726,128-174,2.169598563979778e-06,0.13992740573195941,0.19112988347747856,510.5638594203768,84.83044681588586,0.34046721937914287,0.8720619314952499,2.2801847120480486e-06,3.7276412907071257e-06,2.535667423023449e-06,0.15455536031681455,0.4130591436440155,0.4160351430966482,0.19250693186719034,0.14093555163376156,0.15566889738476694
big plastics,MEG II-2026 normalisation,4.0,MM 15° + TOF,13–18,13,18,16.7,0.9928467594576709,1637150650.9029996,1009.4591943443254,17834.93276507726,130-172,2.1519742491042227e-06,0.13766329277073966,0.18463684320461354,510.5638594203768,84.83044681588586,0.34046721937914287,0.8720619314952499,2.340137020418491e-06,3.815991614396287e-06,2.4922245896795095e-06,0.16278957414783388,0.4328713436724964,0.4359900856290718,0.18596711068027147,0.13865512624116977,0.16396243689887802
big plastics,MEG II-2026 normalisation,4.0,MM 15° + TOF,13–18,13,18,16.8,0.9928467594576709,1637150650.9029996,1038.3143215990387,17834.93276507726,132-170,2.007462872866284e-06,0.11979510065209735,0.15909633938958453,510.5638594203768,84.83044681588586,0.34046721937914287,0.8720619314952499,2.2751037736328256e-06,3.7234253302062254e-06,2.313439183783664e-06,0.15386733593336277,0.41212533262845835,0.4150946041799807,0.1602425932038986,0.12065819776410794,0.15497591593833748
big plastics,MEG II-2026 normalisation,4.0,MM 15° + TOF,13–18,13,18,17.0,0.9928467594576709,1637150650.9029996,1008.9042880509658,17834.93276507726,134-174,1.867073826592407e-06,0.10362558483788387,0.1396536441684124,510.5638594203768,84.83044681588586,0.34046721937914287,0.8720619314952499,2.3414241165041493e-06,3.944792775422019e-06,2.1674751647540034e-06,0.1629686948081818,0.4625859108508252,0.46591873966885533,0.14065981767890978,0.10437218417723189,0.1641428480838284
big plastics,MEG II-2026 normalisation,4.0,MM 3° + TOF,13–17,13,17,16.6,0.9928467594576709,1637150650.9029996,1128.7922629909372,18759.21282578936,128-160,2.0507524696774804e-06,0.12501741057931878,0.17715441318299946,521.4675899396301,139.0950515688293,0.9935435587993103,0.5769641485364666,2.1482008631171306e-06,3.6700581255258705e-06,2.4412034858807045e-06,0.13718094376626586,0.40039615471874146,0.4032809201466825,0.1784307714110561,0.1259181332752779,0.13816930201917474
big plastics,MEG II-2026 normalisation,4.0,MM 3° + TOF,13–17,13,17,16.7,0.9928467594576709,1637150650.9029996,1105.8247855606858,18759.21282578936,130-160,2.0297181172093618e-06,0.12246598202520559,0.16778376132534717,521.4675899396301,139.0950515688293,0.9935435587993103,0.5769641485364666,2.1928180171939155e-06,3.7359025239443206e-06,2.3757621368699097e-06,0.14293849157343208,0.41489202343678777,0.4178812283815248,0.16899260608655942,0.12334832224471476,0.14396833168041995
big plastics,MEG II-2026 normalisation,4.0,MM 3° + TOF,13–17,13,17,16.8,0.9928467594576709,1637150650.9029996,1142.4674113052633,18759.21282578936,132-160,1.8896264684367657e-06,0.10614411980430448,0.14188774925991304,521.4675899396301,139.0950515688293,0.9935435587993103,0.5769641485364666,2.122487249650881e-06,3.6270784161498736e-06,2.184743436905916e-06,0.1339165316566754,0.39107306292807,0.3938906575488934,0.14291001900174133,0.10690886462910376,0.13488137054486185
big plastics,MEG II-2026 normalisation,4.0,MM 3° + TOF,13–17,13,17,17.0,0.9928467594576709,1637150650.9029996,1127.75769193552,18759.21282578936,134-162,1.7479682948868446e-06,0.0908261938147926,0.11867096939823443,521.4675899396301,139.0950515688293,0.9935435587993103,0.5769641485364666,2.1501715581078147e-06,3.653917615670839e-06,1.9980218743939234e-06,0.13743275057359652,0.39688210291645853,0.3997415503810981,0.11952596739405873,0.0914805763826083,0.1384229230386644
big plastics,"LNL 2023-24, thick",1.0,trigger,13–16,13,16,16.6,0.9933660626571167,313931208.84753615,260.08990783120834,4218.570627027962,128-174,4.229186131742749e-06,0.5316889220251246,0.8876980223272105,113.03171108044262,56.80079266563716,290.0875036492683,0.05772671122228798,4.575950407077887e-06,7.106047407046712e-06,5.464628209776706e-06,0.622453095363742,1.5010674717953418,1.511091961185179,0.8936262830972312,0.5352396684490413,0.626609986754295
big plastics,"LNL 2023-24, thick",1.0,trigger,13–16,13,16,16.7,0.9933660626571167,313931208.84753615,264.0534923125702,4218.570627027962,130-174,4.0339545306432706e-06,0.4837333280409443,0.7459545416717469,113.03171108044262,56.80079266563716,290.0875036492683,0.05772671122228798,4.507262938254313e-06,6.7687966487746786e-06,5.0093822754744494e-06,0.6039066347966975,1.3619681353288735,1.371063685914332,0.750936205406919,0.4869638154810973,0.6079396684655513
big plastics,"LNL 2023-24, thick",1.0,trigger,13–16,13,16,16.8,0.9933660626571167,313931208.84753615,263.4464894020243,4218.570627027962,132-176,3.864585240093725e-06,0.4439660843623743,0.6473019055943818,113.03171108044262,56.80079266563716,290.0875036492683,0.05772671122228798,4.517648051862492e-06,6.678540051932413e-06,4.666394336550974e-06,0.606692744366735,1.3258887403467714,1.3347433440600966,0.65162474331259,0.446930996590347,0.6107443843449976
big plastics,"LNL 2023-24, thick",1.0,trigger,13–16,13,16,17.0,0.9933660626571167,313931208.84753615,259.6400753171431,4218.570627027962,134-176,3.520405612424041e-06,0.36840831379270766,0.5146867023345053,113.03171108044262,56.80079266563716,290.0875036492683,0.05772671122228798,4.583878348376392e-06,6.944624255631966e-06,4.161016782774705e-06,0.6246117928868572,1.4336446507702687,1.4432188743548051,0.5181239038484863,0.37086863306691437,0.628783100578358
big plastics,"LNL 2023-24, thick",1.0,MM 15°,13–17,13,17,16.6,0.9933660626571167,313931208.84753615,198.9957875072811,3177.4986847522764,128-174,4.8045792895693e-06,0.6862063659262257,0.9489715520096385,88.6738112303767,16.248455814859764,64.30307996008385,0.030470816925343407,5.058448041239409e-06,8.261710809575737e-06,5.650079911789234e-06,0.7606390186063854,2.0290090814821813,2.0425592918433946,0.9553090121392621,0.6907890169820365,0.7657187488082503
big plastics,"LNL 2023-24, thick",1.0,MM 15°,13–17,13,17,16.7,0.9933660626571167,313931208.84753615,201.38044179871125,3177.4986847522764,130-172,4.5893339119267465e-06,0.6260994576444961,0.8339427266369511,88.6738112303767,16.248455814859764,64.30307996008385,0.030470816925343407,4.998548233086365e-06,8.1034408146712e-06,5.296586950486798e-06,0.7427314042357555,1.9520140617383777,1.9650500808503668,0.8395119966211346,0.63028070031884,0.747691543084381
big plastics,"LNL 2023-24, thick",1.0,MM 15°,13–17,13,17,16.8,0.9933660626571167,313931208.84753615,199.4402003525022,3177.4986847522764,132-170,4.4421154508733834e-06,0.5865751985400726,0.7601723017872325,88.6738112303767,16.248455814859764,64.30307996008385,0.030470816925343407,5.047176295210088e-06,8.20934950062472e-06,5.056895908768788e-06,0.7572529296947271,2.0033715583652594,2.016750555184579,0.7652489151419939,0.5904924887116287,0.7623100467809222
big plastics,"LNL 2023-24, thick",1.0,MM 15°,13–17,13,17,17.0,0.9933660626571167,313931208.84753615,193.7910988606067,3177.4986847522764,134-174,4.129904183951861e-06,0.5070186851552642,0.6518995340839974,88.6738112303767,16.248455814859764,64.30307996008385,0.030470816925343407,5.194303853218515e-06,8.860082437938352e-06,4.68293714740927e-06,0.8020449619370008,2.33356304420522,2.3491471391354586,0.656253075870396,0.5104046778073527,0.8074012109812183
big plastics,"LNL 2023-24, thick",1.0,MM 3°,13–17,13,17,16.6,0.9933660626571167,313931208.84753615,216.81927177943982,3339.2145640962785,128-160,4.501276275067351e-06,0.6023034513818134,0.8800223377903108,90.29717844356449,26.690884494046696,1.377406309190165,0.02249500646228191,4.718879640552049e-06,7.992823776681349e-06,5.440951336233955e-06,0.6619448591562614,1.8990853723270718,1.9117679209286467,0.8858993384939816,0.6063257786064636,0.6663654860380982
big plastics,"LNL 2023-24, thick",1.0,MM 3°,13–17,13,17,16.7,0.9933660626571167,313931208.84753615,220.63110553316537,3339.2145640962785,130-160,4.288779105117827e-06,0.54677842486609,0.7585572051102781,90.29717844356449,26.690884494046696,1.377406309190165,0.02249500646228191,4.637351767815534e-06,7.780577837342611e-06,5.051520996681075e-06,0.6392696616665237,1.799565739683324,1.8115836722564638,0.7636230324612083,0.5504299426170584,0.6435388581290625
big plastics,"LNL 2023-24, thick",1.0,MM 3°,13–17,13,17,16.8,0.9933660626571167,313931208.84753615,219.44600461257576,3339.2145640962785,132-160,4.146134692903891e-06,0.5110116793014637,0.6795508886984009,90.29717844356449,26.690884494046696,1.377406309190165,0.02249500646228191,4.662395421988407e-06,7.818996092270399e-06,4.781222845236792e-06,0.6461929569256377,1.8173810906938097,1.8295179984632925,0.6840890928775001,0.5144243381282608,0.6505083888180768
big plastics,"LNL 2023-24, thick",1.0,MM 3°,13–17,13,17,17.0,0.9933660626571167,313931208.84753615,216.62055058848736,3339.2145640962785,134-162,3.83447130807442e-06,0.43707402534024825,0.5561072649645774,90.29717844356449,26.690884494046696,1.377406309190165,0.02249500646228191,4.723208599090767e-06,7.994880193240486e-06,4.325210791789041e-06,0.6631599129169131,1.9000627022672127,1.9127517777130498,0.5598210829521068,0.43999291074141966,0.6675886542198273
big plastics,"LNL 2023-24, thick",1.0,MM 15° + TOF,13–18,13,18,16.6,0.9933660626571167,313931208.84753615,198.9957875072811,3165.13352779826,128-174,4.75188113575966e-06,0.6712358599402054,0.9298855555738915,88.6738112303767,16.248455814859764,0.34046721937914287,0.04178333903752124,5.0004412418189026e-06,8.128986355862385e-06,5.592973278096876e-06,0.7432940729156767,1.964340641313817,1.9774589802871638,0.9360955548315959,0.6757185343585651,0.748257969400996
big plastics,"LNL 2023-24, thick",1.0,MM 15° + TOF,13–18,13,18,16.7,0.9933660626571167,313931208.84753615,193.89768568120854,3165.13352779826,130-172,4.712532015771849e-06,0.6601652199665481,0.8806501971159044,88.6738112303767,16.248455814859764,0.34046721937914287,0.04178333903752124,5.131916553329318e-06,8.290672742279626e-06,5.4428919363679295e-06,0.7828943968589616,2.0432596468364554,2.056905025898528,0.8865313908150708,0.6645739619901021,0.7881227538263462
big plastics,"LNL 2023-24, thick",1.0,MM 15° + TOF,13–18,13,18,16.8,0.9933660626571167,313931208.84753615,199.4402003525022,3165.13352779826,132-170,4.395487915283772e-06,0.5743256246553412,0.7453201507959529,88.6738112303767,16.248455814859764,0.34046721937914287,0.04178333903752124,4.989298752412505e-06,8.08472419384683e-06,5.007251728520932e-06,0.7399851974085904,1.943007291634134,1.9559831613704002,0.7502975779163672,0.578161109228052,0.7449269964279154
big plastics,"LNL 2023-24, thick",1.0,MM 15° + TOF,13–18,13,18,17.0,0.9933660626571167,313931208.84753615,193.7910988606067,3165.13352779826,134-174,4.08700445766995e-06,0.49653999515499525,0.6397950074674243,88.6738112303767,16.248455814859764,0.34046721937914287,0.04178333903752124,5.134739152882287e-06,8.723645305359008e-06,4.639256842556161e-06,0.7837558313954313,2.262246950467071,2.2773547793810005,0.6440677123154995,0.4998560085964881,0.7889899412297143
big plastics,"LNL 2023-24, thick",1.0,MM 3° + TOF,13–17,13,17,16.6,0.9933660626571167,313931208.84753615,216.81927177943982,3326.519838272767,128-160,4.492679877032632e-06,0.6000051271549922,0.8781223749597801,90.29717844356449,26.690884494046696,0.9935435587993103,0.02249500646228191,4.709946462596011e-06,7.968873081453135e-06,5.435074672315644e-06,0.6594410130951449,1.8877211114241488,1.9003277667597744,0.8839866872549725,0.6040121056180051,0.6638449186911334
big plastics,"LNL 2023-24, thick",1.0,MM 3° + TOF,13–17,13,17,16.7,0.9933660626571167,313931208.84753615,212.4076613402942,3326.519838272767,130-160,4.445747126220107e-06,0.5875347060135059,0.8155204622935728,90.29717844356449,26.690884494046696,0.9935435587993103,0.02249500646228191,4.807769906680341e-06,8.06879519923904e-06,5.23775795083696e-06,0.6871180581326126,1.9353583819043692,1.9482831703828833,0.8209667039682919,0.5914584040066074,0.691706797688122
big plastics,"LNL 2023-24, thick",1.0,MM 3° + TOF,13–17,13,17,16.8,0.9933660626571167,313931208.84753615,219.44600461257576,3326.519838272767,132-160,4.138184378888665e-06,0.5090538036170679,0.6774495635905391,90.29717844356449,26.690884494046696,0.9935435587993103,0.02249500646228191,4.653569172713448e-06,7.820740634386445e-06,4.773824810273806e-06,0.6437486933777918,1.818192154290823,1.830334478537963,0.6819737346154703,0.5124533872794279,0.6480478018907282
big plastics,"LNL 2023-24, thick",1.0,MM 3° + TOF,13–17,13,17,17.0,0.9933660626571167,313931208.84753615,216.62055058848736,3326.519838272767,134-162,3.827043188388576e-06,0.4353822700889237,0.5540545514254341,90.29717844356449,26.690884494046696,0.9935435587993103,0.02249500646228191,4.7142672261054135e-06,8.031388588340404e-06,4.3172207622441095e-06,0.6606514708422004,1.9174554892070295,1.9302607178647733,0.5577546608985362,0.43828985754187777,0.6650634601659827
big plastics,"LNL 2023-24, thick",4.0,trigger,13–16,13,16,16.6,0.9929975618174405,1255724835.3901446,1040.3596313248333,16874.282508111846,128-174,2.0764450404511836e-06,0.1281695602263471,0.20844781497317474,452.1268443217705,227.20317066254864,290.0875036492683,0.5359102865860147,2.2341623798238346e-06,3.4584047433722555e-06,2.6480529631594606e-06,0.1483793561064239,0.35554587898275014,0.3580531238485721,0.20991775104831248,0.12907338865139195,0.14942570033591177
big plastics,"LNL 2023-24, thick",4.0,trigger,13–16,13,16,16.7,0.9929975618174405,1255724835.3901446,1056.2139692502808,16874.282508111846,130-174,1.9821884982421483e-06,0.11679759936276644,0.17539099876281455,452.1268443217705,227.20317066254864,290.0875036492683,0.5359102865860147,2.2006264047456107e-06,3.3009584593709077e-06,2.4290230954812024e-06,0.1439582810125919,0.3239098320598203,0.32619398527724697,0.17662782418297585,0.11762123478832803,0.14497344862469883
big plastics,"LNL 2023-24, thick",4.0,trigger,13–16,13,16,16.8,0.9929975618174405,1255724835.3901446,1053.7859576080973,16874.282508111846,130-176,1.9006771607901003e-06,0.10738922917803555,0.1523576705375828,452.1268443217705,227.20317066254864,290.0875036492683,0.5359102865860147,2.205696833414965e-06,3.263202710584143e-06,2.2639152009040193e-06,0.14462242927873967,0.31654256630094224,0.3187747669003216,0.15343206911679538,0.10814651848840967,0.14564228034361282
big plastics,"LNL 2023-24, thick",4.0,trigger,13–16,13,16,17.0,0.9929975618174405,1255724835.3901446,1038.5603012685724,16874.282508111846,134-176,1.7327738562124829e-06,0.08925402011811764,0.12138140375134408,452.1268443217705,227.20317066254864,290.0875036492683,0.5359102865860147,2.238033118495122e-06,3.4061896854747876e-06,2.020710375634078e-06,0.14889394290966113,0.34489084938866915,0.34732295692391263,0.12223736333167319,0.08988342323294317,0.1499439159116836
big plastics,"LNL 2023-24, thick",4.0,MM 15°,13–17,13,17,16.6,0.9929975618174405,1255724835.3901446,795.9831500291244,12709.994739009106,128-174,2.385972572048497e-06,0.16922904621188226,0.2341336151984501,354.6952449215068,64.99382325943905,64.30307996008385,0.38561104932382445,2.5109597103708e-06,4.101025754007887e-06,2.80646660683427e-06,0.18742326596627265,0.49995280127930897,0.5034783774939658,0.23578468286460388,0.17042241866349567,0.1887449407461182
big plastics,"LNL 2023-24, thick",4.0,MM 15°,13–17,13,17,16.7,0.9929975618174405,1255724835.3901446,805.521767194845,12709.994739009106,130-172,2.279478716956946e-06,0.15445966768905123,0.20586319278037057,354.6952449215068,64.99382325943905,64.30307996008385,0.38561104932382445,2.481226083830597e-06,4.0231193097943425e-06,2.631584656653034e-06,0.18301078713083593,0.48113819800357027,0.48453109705824843,0.20731490256993992,0.15554888916982876,0.1843013459125511
big plastics,"LNL 2023-24, thick",4.0,MM 15°,13–17,13,17,16.8,0.9929975618174405,1255724835.3901446,797.7608014100088,12709.994739009106,132-170,2.2067508896153138e-06,0.14476068635011824,0.18776078686999348,354.6952449215068,64.99382325943905,64.30307996008385,0.38561104932382445,2.5053645357412665e-06,4.0764417446204875e-06,2.513219622378152e-06,0.18658892559304552,0.49397673297516415,0.4974601670431697,0.189084841785858,0.1457815123787102,0.18790471675634315
big plastics,"LNL 2023-24, thick",4.0,MM 15°,13–17,13,17,17.0,0.9929975618174405,1255724835.3901446,775.1643954424268,12709.994739009106,134-174,2.0518345027917844e-06,0.12514937059592177,0.16118922498608826,354.6952449215068,64.99382325943905,64.30307996008385,0.38561104932382445,2.578397087905998e-06,4.400983365477552e-06,2.328605919543281e-06,0.19762578902860078,0.5757626213796111,0.5798227946560288,0.16232590208083753,0.1260319011930566,0.19901941014527252
big plastics,"LNL 2023-24, thick",4.0,MM 3°,13–17,13,17,16.6,0.9929975618174405,1255724835.3901446,867.2770871177593,13356.858256385114,128-160,2.250169084745551e-06,0.15051310671654664,0.21995634497310054,361.18871377425796,106.76353797618678,1.377406309190165,0.3368654295215984,2.3591083820006765e-06,3.995210595080233e-06,2.7201712160992926e-06,0.16543972526830705,0.4744859601379712,0.47783194882124386,0.22150743710842952,0.15157449776721404,0.16660637611789286
big plastics,"LNL 2023-24, thick",4.0,MM 3°,13–17,13,17,16.7,0.9929975618174405,1255724835.3901446,882.5244221326615,13356.858256385114,130-160,2.1439130124715594e-06,0.13663385865175018,0.18959629159347097,361.18871377425796,106.76353797618678,1.377406309190165,0.3368654295215984,2.3183501718766955e-06,3.889077274006837e-06,2.5254740642509802e-06,0.159772518413814,0.4496112379071478,0.4527818145738886,0.19093329015477245,0.13759737576965964,0.16089920515151043
big plastics,"LNL 2023-24, thick",4.0,MM 3°,13–17,13,17,16.8,0.9929975618174405,1255724835.3901446,877.784018450303,13356.858256385114,132-160,2.0725750992855368e-06,0.12769225749638682,0.16984684109948625,361.18871377425796,106.76353797618678,1.377406309190165,0.3368654295215984,2.3308702399808774e-06,3.908244571125883e-06,2.390323771915997e-06,0.16150285599371322,0.4540539722870075,0.45725587830847453,0.17104457012827196,0.12859272006939998,0.1626417447572797
big plastics,"LNL 2023-24, thick",4.0,MM 3°,13–17,13,17,17.0,0.9929975618174405,1255724835.3901446,866.4822023539494,13356.858256385114,134-162,1.9167131638039903e-06,0.10920895815396853,0.1389847899019035,361.18871377425796,106.76353797618678,1.377406309190165,0.3368654295215984,2.3612725572185104e-06,3.996030699697602e-06,2.1622785047953546e-06,0.16574340337316418,0.47468077743536574,0.478028139934783,0.13996488535936144,0.1099790798620775,0.16691219570550728
big plastics,"LNL 2023-24, thick",4.0,MM 15° + TOF,13–18,13,18,16.6,0.9929975618174405,1255724835.3901446,795.9831500291244,12660.53411119304,128-174,2.375947188540022e-06,0.16780990020009615,0.232424318082097,354.6952449215068,64.99382325943905,0.34046721937914287,0.5228888737558457,2.5001570100354982e-06,4.064374552784762e-06,2.796203508380916e-06,0.1858140628665173,0.49105649540203133,0.4945193364858539,0.23406333209590244,0.168993265092173,0.18712438983881277
big plastics,"LNL 2023-24, thick",4.0,MM 15° + TOF,13–18,13,18,16.7,0.9929975618174405,1255724835.3901446,775.5907427248342,12660.53411119304,130-172,2.3562862107381646e-06,0.16504413516393632,0.22012176303957706,354.6952449215068,64.99382325943905,0.34046721937914287,0.5228888737558457,2.5658929932864083e-06,4.145284630727368e-06,2.721193875608898e-06,0.19571364010095968,0.5108021602183271,0.5144042441387551,0.22167402167302175,0.1662079963840628,0.19709377709120804
big plastics,"LNL 2023-24, thick",4.0,MM 15° + TOF,13–18,13,18,16.8,0.9929975618174405,1255724835.3901446,797.7608014100088,12660.53411119304,132-170,2.1977702934008643e-06,0.1435848472816683,0.18629726226716906,354.6952449215068,64.99382325943905,0.34046721937914287,0.5228888737558457,2.494585907076489e-06,4.042351523659239e-06,2.503405660828378e-06,0.1849868860815882,0.4857492818320502,0.489174697411144,0.18761099667374534,0.14459738150703125,0.18629137995365738
big plastics,"LNL 2023-24, thick",4.0,MM 15° + TOF,13–18,13,18,17.0,0.9929975618174405,1255724835.3901446,775.1643954424268,12660.53411119304,134-174,2.043530476445643e-06,0.12413843068258493,0.15992104191424047,354.6952449215068,64.99382325943905,0.34046721937914287,0.5228888737558457,2.5673042571564564e-06,4.361797679988749e-06,2.319427483236984e-06,0.19592898777686274,0.5655552616276822,0.5695434544598185,0.1610487760126459,0.12501383231533794,0.19731064335975043
big plastics,"LNL 2023-24, thick",4.0,MM 3° + TOF,13–17,13,17,16.6,0.9929975618174405,1255724835.3901446,867.2770871177593,13306.079353091069,128-160,2.246108070160181e-06,0.14997031696904553,0.21948656825841895,361.18871377425796,106.76353797618678,0.9935435587993103,0.3368654295215984,2.3547395917435135e-06,3.984084540062135e-06,2.717264829973923e-06,0.16482754295256863,0.4718468972164718,0.47517427570806,0.221034347613807,0.15102788036514544,0.16598987680381805
big plastics,"LNL 2023-24, thick",4.0,MM 3° + TOF,13–17,13,17,16.7,0.9929975618174405,1255724835.3901446,849.6306453611768,13306.079353091069,130-160,2.2226266599660025e-06,0.1468510484420817,0.20383282386405271,361.18871377425796,106.76353797618678,0.9935435587993103,0.3368654295215984,2.403646461198483e-06,4.033957392583879e-06,2.618575222289162e-06,0.1717454313445895,0.4837340144227742,0.4871452187026691,0.20527021586134242,0.14788661532391537,0.1729565488864356
big plastics,"LNL 2023-24, thick",4.0,MM 3° + TOF,13–17,13,17,16.8,0.9929975618174405,1255724835.3901446,877.784018450303,13306.079353091069,132-160,2.0688480724108655e-06,0.12723342291076556,0.16931954663550738,361.18871377425796,106.76353797618678,0.9935435587993103,0.3368654295215984,2.3265537434295388e-06,3.909879116463966e-06,2.3866104727873942e-06,0.16090524141099882,0.4544338497431939,0.45763843459138337,0.17051355727964643,0.1281306498657416,0.16203991590523237
big plastics,"LNL 2023-24, thick",4.0,MM 3° + TOF,13–17,13,17,17.0,0.9929975618174405,1255724835.3901446,866.4822023539494,13306.079353091069,134-162,1.9132962289506812e-06,0.10881993043153677,0.13847944079126678,361.18871377425796,106.76353797618678,0.9935435587993103,0.3368654295215984,2.3568997591643e-06,4.0152049262484885e-06,2.158343899432668e-06,0.16513009734687084,0.4792470451774712,0.4826266081664149,0.13945597261871806,0.10958730878691017,0.1662945647566751
