target,depth_ug_cm2,depth_um,E_keV,dE_keV,g0_17_64,g0_18_15,g0_direct,cum_g0,cum_frac_17_64
Li2O,0.623358510439318,0.003096664234671227,1099.875,0.25,6.533293257977623e-15,3.985081418620872e-13,7.430466241939851e-13,1.14808805931405e-12,0.005690585495576951
Li2O,1.8699786489935852,0.009289511420733162,1099.625,0.25,6.5387266510545606e-15,3.997919110032879e-13,7.436517579716325e-13,2.2980704549400248e-12,0.005688258983066443
Li2O,3.116405015936343,0.015481396005645022,1099.375,0.25,6.544166557376154e-15,4.010792586774049e-13,7.442566594019214e-13,3.449950539576727e-12,0.005685932665230336
Li2O,4.362637597339959,0.02167231792021838,1099.125,0.25,6.549612987162698e-15,4.0237017492091785e-13,7.448613284582089e-13,4.603731655943017e-12,0.005683606562904957
Li2O,5.608676379272638,0.027862277095244106,1098.875,0.25,6.555065950654375e-15,4.036646494003133e-13,7.441454868742465e-13,5.7580968581682305e-12,0.00568258336221086
Li2O,6.854521347798408,0.034051273461492344,1098.625,0.25,6.560525458111257e-15,4.0496267140740774e-13,7.421097507760903e-13,6.91172980580984e-12,0.005683293757999284
Li2O,8.10017248897713,0.04023930694971251,1098.375,0.25,6.565991519813319e-15,4.062642298546436e-13,7.400746038347643e-13,8.06463463101906e-12,0.005684991878715358
Li2O,9.34562978886448,0.04642637749063328,1098.125,0.25,6.571464146060576e-15,4.075693132703666e-13,7.380400461122615e-13,9.216815454547749e-12,0.005687305641163307
Li2O,10.590893233511967,0.05261248501496258,1097.875,0.25,6.576943347173069e-15,4.088779097940817e-13,7.360060776705962e-13,1.03682763853596e-11,0.005690028668476462
Li2O,11.835962808966917,0.05879762945338757,1097.625,0.25,6.582429133490869e-15,4.1019000717167246e-13,7.339726985718025e-13,1.1519021520236567e-11,0.005693037285646786
Li2O,13.080838501272467,0.06498181073657461,1097.375,0.25,6.587921515374244e-15,4.11505592750618e-13,7.319399088779462e-13,1.2669054943380505e-11,0.0056962528654874185
Li2O,14.32552029646758,0.07116502879516931,1097.125,0.25,6.593420503203578e-15,4.1282465347517206e-13,7.299077086511126e-13,1.3818380726009993e-11,0.005699623030302326
Li2O,15.570008180587028,0.07734728355979648,1096.875,0.25,6.598926107379521e-15,4.141471758815355e-13,7.278760979534143e-13,1.4967002925952323e-11,0.005703111541912166
Li2O,16.814302139661386,0.08352857496106005,1096.625,0.25,6.604438338322945e-15,4.1547314609299095e-13,7.258450768469862e-13,1.6114925587230622e-11,0.005706692530186158
Li2O,18.05840215971705,0.08970890292954324,1096.375,0.25,6.609957206475073e-15,4.1680254981504113e-13,7.238146453939895e-13,1.7262152739646126e-11,0.005710347032976758
Li2O,19.30230822677623,0.09588826739580841,1096.125,0.25,6.6154827222974874e-15,4.1813537233050987e-13,7.217848036566092e-13,1.8408688398355542e-11,0.0057140608350632885
Li2O,20.546020326856915,0.10206666829039701,1095.875,0.25,6.621014896272184e-15,4.1947159849463316e-13,7.197555516970572e-13,1.9554536563443504e-11,0.005717823070643521
Li2O,21.78953844597292,0.10824410554382971,1095.625,0.25,6.626553738901569e-15,4.2081121273013084e-13,7.17726889577564e-13,2.06997012194901e-11,0.005721625292136394
Li2O,23.032862570133844,0.11442057908660629,1095.375,0.25,6.6320992607085895e-15,4.221541990222704e-13,7.156988173603889e-13,2.1844186335133468e-11,0.00572546083333186
Li2O,24.2759926853451,0.12059608884920565,1095.125,0.25,6.637651472236779e-15,4.2350054091390704e-13,7.136713351078191e-13,2.298799586262743e-11,0.005729324363772227
Li2O,25.518928777607883,0.12677063476208586,1094.875,0.25,6.6432103840502e-15,4.248502215005078e-13,7.116444428821589e-13,2.4131133737394147e-11,0.0057332115705657095
Li2O,26.76167083291919,0.132944216755684,1094.625,0.25,6.648776006733611e-15,4.262032234251749e-13,7.096181407457429e-13,2.52736038775718e-11,0.005737118927051933
Li2O,28.0042188372718,0.1391168347604163,1094.375,0.25,6.654348350892459e-15,4.275595288736469e-13,7.075924287609278e-13,2.6415410183557266e-11,0.005741043521865172
Li2O,29.24657277665429,0.14528848870667804,1094.125,0.25,6.659927427152929e-15,4.2891911956928625e-13,7.055673069900974e-13,2.75565565375438e-11,0.005744982930765938
Li2O,30.488732637051022,0.15145917852484364,1093.875,0.25,6.665513246161997e-15,4.3028197676806937e-13,7.03542775495657e-13,2.869704680305369e-11,0.005748935119257017
Li2O,31.730698404442144,0.15762890414526648,1093.625,0.25,6.671105818587486e-15,4.316480812535543e-13,7.01518834340038e-13,2.9836884824465865e-11,0.005752898367690031
Li2O,32.97247006480358,0.1637976654982791,1093.375,0.25,6.676705155118103e-15,4.330174133318493e-13,6.994954835856972e-13,3.097607442653853e-11,0.0057568712130277025
Li2O,34.21404760410704,0.16996546251419295,1093.125,0.25,6.682311266463513e-15,4.343899528265725e-13,6.974727232951167e-13,3.211461941392668e-11,0.0057608524030951834
Li2O,35.45543100832001,0.17613229512329862,1092.875,0.25,6.687924163354361e-15,4.357656790738029e-13,6.954505535308019e-13,3.325252357069464e-11,0.005764840860303963
Li2O,36.696620263405755,0.18229816325586568,1092.625,0.25,6.6935438565422984e-15,4.3714457091702444e-13,6.934289743552826e-13,3.438979065982349e-11,0.005768835652636731
Li2O,37.93761535532331,0.18846306684214265,1092.375,0.25,6.699170356800096e-15,4.385266067020825e-13,6.914079858311136e-13,3.5526424422713484e-11,0.005772835970252674
Li2O,39.178416270027476,0.1946270058123571,1092.125,0.25,6.704803674921676e-15,4.3991176427211874e-13,6.893875880208774e-13,3.66624285786814e-11,0.005776841106483036
Li2O,40.419022993468836,0.20078998009671553,1091.875,0.25,6.7104438217221034e-15,4.413000209625139e-13,6.873677809871784e-13,3.779780682445282e-11,0.005780850442285165
Li2O,41.65943551159373,0.20695198962540354,1091.625,0.25,6.716090808037694e-15,4.426913535958351e-13,6.853485647926448e-13,3.8932562833649334e-11,0.005784863433442614
Li2O,42.89965381034426,0.2131130343285855,1091.375,0.25,6.7217446447260564e-15,4.440857384767785e-13,6.83329939499933e-13,4.006670025627077e-11,0.005788879599961824
Li2O,44.13967787565831,0.21927311413640493,1091.125,0.25,6.727405342666144e-15,4.4548315138711776e-13,6.81311905171723e-13,4.120022271817228e-11,0.00579289851723804
Li2O,45.37950769346949,0.2254322289789841,1090.875,0.25,6.733072912758255e-15,4.468835675806553e-13,6.792944618707184e-13,4.233313382053641e-11,0.0057969198086555915
Li2O,46.61914324970721,0.2315903787864243,1090.625,0.25,6.738747365924167e-15,4.4828696177818497e-13,6.772776096596496e-13,4.3465437139340166e-11,0.0058009431393581815
Li2O,47.8585845302966,0.2377475634888058,1090.375,0.25,6.744428713107117e-15,4.496933081624573e-13,6.752613486012704e-13,4.4597136224817e-11,0.005804968210979091
Li2O,49.09783152115855,0.24390378301618756,1090.125,0.25,6.75011696527187e-15,4.511025803731523e-13,6.732456787583601e-13,4.5728234600913785e-11,0.005808994757163235
Li2O,50.336884208209725,0.2500590372986077,1089.875,0.25,6.755812133404799e-15,4.5251475150187274e-13,6.712306001937229e-13,4.6858735764742784e-11,0.005813022539745821
Li2O,51.5757425773625,0.25621332626608295,1089.625,0.25,6.761514228513911e-15,4.539297940871361e-13,6.692161129701889e-13,4.798864318602862e-11,0.005817051345478124
Li2O,52.81440661452502,0.26236664984860913,1089.375,0.25,6.767223261628887e-15,4.553476801093908e-13,6.672022171506119e-13,4.911796030655025e-11,0.005821080983211282
Li2O,54.05287630560119,0.2685190079761609,1089.125,0.25,6.772939243801158e-15,4.567683809860422e-13,6.651889127978726e-13,5.024669053957797e-11,0.005825111281465221
Li2O,55.291151636490625,0.27467040057869163,1088.875,0.25,6.778662186103936e-15,4.581918675665008e-13,6.631761999748731e-13,5.1374837269305444e-11,0.005829142086322759
Li2O,56.5292325930887,0.28082082758613364,1088.625,0.25,6.784392099632275e-15,4.59618110127242e-13,6.611640787445446e-13,5.250240385027686e-11,0.005833173259599401
Li2O,57.76711916128651,0.286970288928398,1088.375,0.25,6.79012899550312e-15,4.610470783668959e-13,6.591525491698401e-13,5.3629393606809104e-11,0.00583720467724775
Li2O,59.0048113269709,0.2931187845353746,1088.125,0.25,6.795872884855385e-15,4.6247874140135e-13,6.571416113137407e-13,5.475580983240905e-11,0.005841236227962301
Li2O,60.24230907602445,0.2992663143369322,1087.875,0.25,6.801623778849934e-15,4.639130677588827e-13,6.551312652392503e-13,5.588165578918603e-11,0.005845267811955969
Li2O,61.479612394325464,0.30541287826291835,1087.625,0.25,6.807381688669706e-15,4.653500253753186e-13,6.531215110093981e-13,5.700693470725942e-11,0.005849299339884333
Li2O,62.716721267747964,0.31155847624315924,1087.375,0.25,6.813146625519751e-15,4.667895815892196e-13,6.511123486872403e-13,5.81316497841614e-11,0.005853330731897276
Li2O,63.95363568216171,0.31770310820746006,1087.125,0.25,6.818918600627246e-15,4.682317031370941e-13,6.491037783358565e-13,5.925580418423497e-11,0.005857361916800891
Li2O,65.19035562343221,0.32384677408560464,1086.875,0.25,6.824697625241582e-15,4.696763561486463e-13,6.470958000183517e-13,6.037940103802721e-11,0.005861392831315069
Li2O,66.42688107742063,0.3299894738073554,1086.625,0.25,6.830483710634393e-15,4.711235061420563e-13,6.450884137978558e-13,6.150244344167776e-11,0.005865423419414375
Li2O,67.66321202998394,0.3361312073024537,1086.375,0.25,6.836276868099658e-15,4.725731180193036e-13,6.430816197375258e-13,6.262493445630269e-11,0.005869453631741582
Li2O,68.89934846697473,0.3422719745006196,1086.125,0.25,6.842077108953658e-15,4.740251560615088e-13,6.410754179005405e-13,6.374687710737369e-11,0.005873483425084815
Li2O,70.13529037424138,0.3484117753315518,1085.875,0.25,6.847884444535156e-15,4.754795839243453e-13,6.390698083501083e-13,6.486827438409267e-11,0.005877512761910447
Li2O,71.37103773762796,0.35455060972492775,1085.625,0.25,6.85369888620534e-15,4.769363646334648e-13,6.370647911494598e-13,6.598912923876181e-11,0.005881541609945041
Li2O,72.60659054297423,0.36068847761040357,1085.375,0.25,6.859520445347907e-15,4.783954605799822e-13,6.350603663618499e-13,6.710944458614899e-11,0.005885569941800525
Li2O,73.84194877611571,0.36682537891761413,1085.125,0.25,6.865349133369175e-15,4.798568335160064e-13,6.33056534050563e-13,6.822922330284892e-11,0.005889597734637507
Li2O,75.07711242288357,0.37296131357617274,1084.875,0.25,6.871184961698029e-15,4.81320444550216e-13,6.310532942789029e-13,6.934846822663974e-11,0.005893624969862406
Li2O,76.31208146910471,0.3790962815156717,1084.625,0.25,6.877027941786093e-15,4.827862541434881e-13,6.290506471102059e-13,7.046718215583522e-11,0.005897651632854537
Li2O,77.5468559006017,0.3852302826656816,1084.375,0.25,6.882878085107692e-15,4.842542221045822e-13,6.270485926078273e-13,7.158536784863274e-11,0.005901677712719842
Li2O,78.78143570319287,0.391363316955752,1084.125,0.25,6.888735403159936e-15,4.85724307585875e-13,6.250471308351517e-13,7.270302802245693e-11,0.005905703202068328
Li2O,80.01582086269221,0.39749538431541087,1083.875,0.25,6.894599907462787e-15,4.871964690791623e-13,6.230462618555852e-13,7.382016535329914e-11,0.005909728096812683
Li2O,81.25001136490937,0.40362648467416473,1083.625,0.25,6.9004716095591155e-15,4.886706644115097e-13,6.210459857325644e-13,7.493678247505276e-11,0.005913752395985789
Li2O,82.48400719564974,0.409756617961499,1083.375,0.25,6.906350521014722e-15,4.901468507411793e-13,6.190463025295474e-13,7.60528819788445e-11,0.005917776101575183
Li2O,83.71780834071438,0.4158857841068773,1083.125,0.25,6.912236653418394e-15,4.916249845536098e-13,6.170472123100174e-13,7.716846641236155e-11,0.005921799218372695
Li2O,84.9514147859001,0.42201398303974214,1082.875,0.25,6.918130018382053e-15,4.931050216574789e-13,6.150487151374882e-13,7.82835382791749e-11,0.005925821753837743
Li2O,86.18482651699927,0.4281412146895145,1082.625,0.25,6.9240306275406296e-15,4.94586917180817e-13,6.130508110754918e-13,7.939810003805875e-11,0.00592984371797288
Li2O,87.41804351980001,0.4342674789855937,1082.375,0.25,6.929938492552319e-15,4.960706255672223e-13,6.110535001875908e-13,8.051215410230612e-11,0.005933865123210424
Li2O,88.65106578008617,0.4403927758573581,1082.125,0.25,6.935853625098488e-15,4.975561005721172e-13,6.090567825373722e-13,8.162570283904071e-11,0.005937885984309057
Li2O,89.88389328363718,0.4465171052341638,1081.875,0.25,6.94177603688379e-15,4.990432952591157e-13,6.070606581884468e-13,8.273874856852516e-11,0.0059419063182594494
Li2O,91.11652601622824,0.4526404670453465,1081.625,0.25,6.947705739636211e-15,5.005321619964521e-13,6.050651272044524e-13,8.385129356346569e-11,0.005945926144198044
Li2O,92.34896396363014,0.45876286122021925,1081.375,0.25,6.9536427451071575e-15,5.020226524535028e-13,6.030701896490535e-13,8.496334004831336e-11,0.005949945483328235
Li2O,93.5812071116094,0.46488428768807455,1081.125,0.25,6.959587065071426e-15,5.035147175973876e-13,6.010758455859368e-13,8.607489019856176e-11,0.0059539643588482636
Li2O,94.81325544592816,0.4710047463781826,1080.875,0.25,6.965538711327382e-15,5.050083076896763e-13,5.990820950788176e-13,8.718594614004158e-11,0.005957982795885205
Li2O,96.04510895234431,0.4771242372197929,1080.625,0.25,6.971497695696887e-15,5.065033722831617e-13,5.970889381914352e-13,8.829650994821187e-11,0.005962000821434501
Li2O,97.27676761661128,0.4832427601421326,1080.375,0.25,6.977464030025449e-15,5.079998602187575e-13,5.950963749875546e-13,8.940658364744821e-11,0.0059660184643045375
Li2O,98.50823142447824,0.4893603150744076,1080.125,0.25,6.983437726182238e-15,5.094977196224729e-13,5.931044055309677e-13,9.051616921032784e-11,0.005970035755065834
Li2O,99.73950036169006,0.4954769019458026,1079.875,0.25,6.989418796060172e-15,5.109968979025013e-13,5.911130298854914e-13,9.162526855691189e-11,0.00597405272600442
Li2O,100.97057441398717,0.5015925206854802,1079.625,0.25,6.995407251575893e-15,5.124973417463964e-13,5.891222481149666e-13,9.273388355402483e-11,0.005978069411079051
Li2O,102.20145356710572,0.5077071712225818,1079.375,0.25,7.001403104669957e-15,5.139989971183857e-13,5.871320602832622e-13,9.384201601453114e-11,0.005982085845881933
Li2O,103.43213780677748,0.5138208534862269,1079.125,0.25,7.007406367306762e-15,5.155018092567583e-13,5.851424664542715e-13,9.494966769660948e-11,0.005986102067602657
Li2O,104.66262711872987,0.5199335674055136,1078.875,0.25,7.013417051474682e-15,5.17005722671391e-13,5.831534666919133e-13,9.605684030302427e-11,0.005990118114995067
Li2O,105.89292148868601,0.5260453129095182,1078.625,0.25,7.019435169186107e-15,5.18510681141382e-13,5.811650610601338e-13,9.716353548039497e-11,0.005994134028346829
Li2O,107.1230209023646,0.5321560899272956,1078.375,0.25,7.02546073247748e-15,5.200166277128047e-13,5.791772496229029e-13,9.826975481846316e-11,0.005998149849451469
Li2O,108.35292534548002,0.5382658983878789,1078.125,0.25,7.031493753409386e-15,5.215235046965781e-13,5.771900324442189e-13,9.937549984935737e-11,0.006002165621582674
Li2O,109.58263480374227,0.5443747382202795,1077.875,0.25,7.037534244066571e-15,5.230312536664769e-13,5.752034095881009e-13,1.0048077204685601e-10,0.006006181389470692
Li2O,110.81214926285698,0.5504826093534873,1077.625,0.25,7.043582216558052e-15,5.24539815457256e-13,5.732173811186003e-13,1.0158557282564843e-10,0.006010197199280638
Li2O,112.04146870852547,0.5565895117164703,1077.375,0.25,7.0496376830171274e-15,5.260491301629108e-13,5.712319470997893e-13,1.0268990354059414e-10,0.006014213098592568
Li2O,113.27059312644465,0.5626954452381752,1077.125,0.25,7.055700655601441e-15,5.275591371350758e-13,5.692471075957676e-13,1.0379376548598058e-10,0.006018229136383169
Li2O,114.49952250230704,0.5688004098475263,1076.875,0.25,7.061771146493083e-15,5.290697749815627e-13,5.67262862670661e-13,1.048971598947793e-10,0.006022245363008951
Li2O,115.72825682180085,0.574904405473427,1076.625,0.25,7.067849167898582e-15,5.305809815650258e-13,5.652792123886214e-13,1.0600008793790085e-10,0.006026261830190815
Li2O,116.9567960706099,0.5810074320447586,1076.375,0.25,7.073934732049048e-15,5.320926940017967e-13,5.632961568138255e-13,1.0710255072344851e-10,0.006030278590999884
Li2O,118.18514023441358,0.5871094894903804,1076.125,0.25,7.080027851200138e-15,5.336048486608372e-13,5.613136960104768e-13,1.0820454929597103e-10,0.0060342956998445055
Li2O,119.41328929888694,0.5932105777391303,1075.875,0.25,7.086128537632181e-15,5.351173811628699e-13,5.593318300428038e-13,1.0930608463571434e-10,0.006038313212458336
Li2O,120.64124324970065,0.5993106967198244,1075.625,0.25,7.0922368036502235e-15,5.366302263796424e-13,5.573505589750635e-13,1.104071576578727e-10,0.006042331185889412
Li2O,121.86900207252104,0.605409846361257,1075.375,0.25,7.098352661584053e-15,5.381433184333624e-13,5.55369882871535e-13,1.1150776921183918e-10,0.006046349678490146
Li2O,123.09656575300995,0.6115080265922005,1075.125,0.25,7.1044761237883054e-15,5.396565906962854e-13,5.533898017965254e-13,1.1260792008045577e-10,0.006050368749908164
Li2O,124.32393427682499,0.6176052373414057,1074.875,0.25,7.110607202642509e-15,5.411699757904745e-13,5.514103158143678e-13,1.1370761097926327e-10,0.006054388461077916
Li2O,125.55110762961917,0.6237014785376015,1074.625,0.25,7.116745910551147e-15,5.426834055877156e-13,5.494314249894224e-13,1.1480684255575095e-10,0.006058408874213025
Li2O,126.77808579704129,0.6297967501094948,1074.375,0.25,7.122892259943677e-15,5.44196811209614e-13,5.47453129386072e-13,1.1590561538860658e-10,0.006062430052799277
Li2O,128.00486876473568,0.6358910519857708,1074.125,0.25,7.129046263274656e-15,5.457101230278553e-13,5.454754290687292e-13,1.1700392998696644e-10,0.00606645206158823
Li2O,129.23145651834224,0.6419843840950932,1073.875,0.25,7.135207933023775e-15,5.472232706646565e-13,5.450064345474366e-13,1.1810329490011156e-10,0.006070397450153645
Li2O,130.45784904349662,0.6480767463661035,1073.625,0.25,7.141377281695879e-15,5.48736182993377e-13,5.460454256927691e-13,1.192052178860794e-10,0.006074191468615516
Li2O,131.68404632582985,0.6541681387274211,1073.375,0.25,7.147554321821117e-15,5.502487881393369e-13,5.470840519706274e-13,1.203096982805112e-10,0.006077838131677437
Li2O,132.9100483509687,0.6602585611076438,1073.125,0.25,7.153739065954876e-15,5.517610134807972e-13,5.481223133394624e-13,1.2141673534639743e-10,0.006081341330577635
Li2O,134.13585510453552,0.666348013435348,1072.875,0.25,7.159931526677983e-15,5.532727856501552e-13,5.491602097577104e-13,1.2252632827333197e-10,0.006084704837880939
Li2O,135.36146657214823,0.6724364956390871,1072.625,0.25,7.166131716596658e-15,5.547840305353063e-13,5.501977411837879e-13,1.2363847617676767e-10,0.006087932312049674
Li2O,136.58688273942028,0.6785240076473933,1072.375,0.25,7.17233964834265e-15,5.562946732812291e-13,5.512349075760967e-13,1.2475317809727333e-10,0.006091027301805297
Li2O,137.81210359196083,0.6846105493887772,1072.125,0.25,7.178555334573207e-15,5.578046382917419e-13,5.522717088930183e-13,1.2587043299979267e-10,0.006093993250291807
Li2O,139.03712911537454,0.6906961207917265,1071.875,0.25,7.184778787971258e-15,5.593138492314936e-13,5.533081450929186e-13,1.2699023977290506e-10,0.006096833499051383
Li2O,140.2619592952617,0.696780721784708,1071.625,0.25,7.191010021245402e-15,5.608222290281264e-13,5.543442161341489e-13,1.2811259722808857e-10,0.006099551291822008
Li2O,141.4865941172181,0.7028643522961654,1071.375,0.25,7.197249047129919e-15,5.623296998746709e-13,5.553799219750371e-13,1.292375040989854e-10,0.006102149778166301
Li2O,142.7110335668352,0.7089470122545216,1071.125,0.25,7.20349587838495e-15,5.638361832321471e-13,5.564152625738974e-13,1.3036495904066984e-10,0.0061046320169402335
Li2O,143.93527762969995,0.7150287015881767,1070.875,0.25,7.209750527796498e-15,5.653415998323786e-13,5.574502378890282e-13,1.3149496062891904e-10,0.006107000979609883
Li2O,145.15932629139496,0.7211094202255091,1070.625,0.25,7.216013008176474e-15,5.668458696810203e-13,5.584848478787075e-13,1.3262750735948696e-10,0.006109259553423929
Li2O,146.38317953749834,0.7271891680948749,1070.375,0.25,7.222283332362816e-15,5.683489120608214e-13,5.595190925011981e-13,1.3376259764738133e-10,0.006111410544449117
Li2O,147.60683735358373,0.7332679451246088,1070.125,0.25,7.228561513219466e-15,5.698506455350924e-13,5.605529717147429e-13,1.3490022982614438e-10,0.006113456680475558
Li2O,148.83029972522053,0.7393457512430229,1069.875,0.25,7.234847563636516e-15,5.713509879514155e-13,5.615864854775704e-13,1.36040402147137e-10,0.006115400613798284
Li2O,150.05356663797346,0.7454225863784076,1069.625,0.25,7.24114149653025e-15,5.728498564455805e-13,5.626196337478897e-13,1.37183112778827e-10,0.006117244923881168
Li2O,151.27663807740294,0.7514984504590311,1069.375,0.25,7.247443324843152e-15,5.743471674457411e-13,5.636524164838935e-13,1.3832835980608148e-10,0.006118992119908934
Li2O,152.49951402906495,0.7575733434131394,1069.125,0.25,7.25375306154405e-15,5.758428366768299e-13,5.646848336437555e-13,1.394761412294636e-10,0.006120644643232702
Li2O,153.72219447851094,0.7636472651689565,1068.875,0.25,7.260070719628155e-15,5.773367791651893e-13,5.657168851856354e-13,1.4062645496453405e-10,0.006122204869714182
Li2O,154.94467941128804,0.7697202156546848,1068.625,0.25,7.26639631211707e-15,5.788289092434544e-13,5.667485710676706e-13,1.417792988411573e-10,0.006123675111973368
Li2O,156.16696881293876,0.7757921947985036,1068.375,0.25,7.272729852058934e-15,5.803191405556778e-13,5.677798912479862e-13,1.4293467060281303e-10,0.006125057621544331
Li2O,157.38906266900133,0.781863202528571,1068.125,0.25,7.279071352528413e-15,5.818073860626967e-13,5.688108456846837e-13,1.4409256790591294e-10,0.006126354590943424
Li2O,158.61096096500938,0.7879332387730223,1067.875,0.25,7.285420826626871e-15,5.832935580477572e-13,5.698414343358549e-13,1.4525298831912319e-10,0.006127568155654014
Li2O,159.8326636864922,0.7940023034599712,1067.625,0.25,7.29177828748229e-15,5.84777568122375e-13,5.708716571595675e-13,1.464159293226926e-10,0.0061287003960316345
Li2O,161.05417081897457,0.8000703965175091,1067.375,0.25,7.298143748249443e-15,5.862593272324618e-13,5.719015141138744e-13,1.475813883077872e-10,0.006129753339133223
Li2O,162.2754823479768,0.806137517873705,1067.125,0.25,7.30451722210994e-15,5.877387456647097e-13,5.729310051568108e-13,1.4874936257583083e-10,0.006130728960473945
Li2O,163.49659825901472,0.8122036674566058,1066.875,0.25,7.310898722272246e-15,5.892157330532129e-13,5.739601302463938e-13,1.4991984933785271e-10,0.006131629185714896
Li2O,164.71751853759974,0.8182688451942364,1066.625,0.25,7.31728826197183e-15,5.906901983863793e-13,5.749888893406258e-13,1.510928457138417e-10,0.006132455892284818
Li2O,165.9382431692388,0.8243330510145991,1066.375,0.25,7.323685854471126e-15,5.921620500140737e-13,5.760172823974864e-13,1.5226834873210771e-10,0.006133210910938822
Li2O,167.15877213943435,0.830396284845675,1066.125,0.25,7.33009151305968e-15,5.936311956550515e-13,5.770453093749417e-13,1.5344635532865077e-10,0.006133896027256891
Li2O,168.37910543368437,0.8364585466154217,1065.875,0.25,7.336505251054175e-15,5.950975424046383e-13,5.780729702309382e-13,1.546268623465374e-10,0.006134512983084895
Li2O,169.59924303748235,0.8425198362517753,1065.625,0.25,7.34292708179857e-15,5.965609967426988e-13,5.791002649234079e-13,1.558098665352853e-10,0.006135063477920608
Li2O,170.81918493631733,0.8485801536826495,1065.375,0.25,7.349357018664003e-15,5.9802146454184e-13,5.801271934102597e-13,1.5699536455025604e-10,0.0061355491702471815
Li2O,172.03893111567376,0.8546394988359354,1065.125,0.25,7.35579507504907e-15,5.994788510759348e-13,5.811537556493912e-13,1.581833529520564e-10,0.006135971678816334
Li2O,173.2584815610318,0.8606978716395023,1064.875,0.25,7.362241264379727e-15,6.009330610288702e-13,5.821799515986778e-13,1.5937382820594833e-10,0.006136332583883463
Li2O,174.47783625786698,0.8667552720211972,1064.625,0.25,7.36869560010941e-15,6.023839985036026e-13,5.832057812159785e-13,1.60566786681268e-10,0.006136633428396726
Li2O,175.69699519165042,0.8728116999088447,1064.375,0.25,7.375158095719139e-15,6.038315670314744e-13,5.842312444591366e-13,1.6176222465085433e-10,0.006136875719142082
Li2O,176.91595834784866,0.8788671552302466,1064.125,0.25,7.38162876471752e-15,6.052756695818134e-13,5.852563412859741e-13,1.6296013829048685e-10,0.00613706092784615
Li2O,178.13472571192378,0.8849216379131832,1063.875,0.25,7.388107620640884e-15,6.067162085718036e-13,5.862810716542985e-13,1.641605236783336e-10,0.006137190492238688
Li2O,179.3532972693335,0.8909751478854122,1063.625,0.25,7.394594677053278e-15,6.081530858766414e-13,5.873054355218986e-13,1.6536337679440919e-10,0.006137265817076363
Li2O,180.5716730055308,0.8970276850746688,1063.375,0.25,7.401089947546584e-15,6.095862028399688e-13,5.883294328465446e-13,1.6656869352004324e-10,0.006137288275129454
Li2O,181.78985290596438,0.9030792494086656,1063.125,0.25,7.407593445740584e-15,6.110154602845913e-13,5.893530635859893e-13,1.6777646963735955e-10,0.006137259208133012
Li2O,183.00783695607825,0.9091298408150933,1062.875,0.25,7.414105185283015e-15,6.124407585234686e-13,5.903763276979701e-13,1.6898670082876628e-10,0.006137179927703949
Li2O,184.22562514131207,0.9151794592216198,1062.625,0.25,7.420625179849633e-15,6.138619973710024e-13,5.913992251402031e-13,1.7019938267645733e-10,0.00613705171622546
Li2O,185.44321744710092,0.9212281045558913,1062.375,0.25,7.427153443144303e-15,6.152790761545871e-13,5.924217558703887e-13,1.7141451066192545e-10,0.006136875827700095
Li2O,186.66061385887537,0.9272757767455309,1062.125,0.25,7.433689988899027e-15,6.166918937264607e-13,5.934439198462095e-13,1.72632080165487e-10,0.006136653488572768
Li2O,187.87781436206146,0.9333224757181394,1061.875,0.25,7.440234830874088e-15,6.181003484758315e-13,5.944657170253305e-13,1.7385208646581903e-10,0.006136385898524901
Li2O,189.0948189420808,0.9393682014012956,1061.625,0.25,7.446787982858037e-15,6.195043383412874e-13,5.954871473653976e-13,1.750745247395086e-10,0.0061360742312408754
Li2O,190.31162758435036,0.9454129537225552,1061.375,0.25,7.453349458667785e-15,6.209037608234848e-13,5.965082108240397e-13,1.7629939006061479e-10,0.006135719635147882
Li2O,191.52824027428267,0.9514567326094521,1061.125,0.25,7.459919272148724e-15,6.222985129981371e-13,5.975289073588686e-13,1.7752667740024395e-10,0.006135323234130226
Li2O,192.74465699728572,0.9574995379894968,1060.875,0.25,7.466497437174735e-15,6.236884915292603e-13,5.985492369274766e-13,1.7875638162613786e-10,0.0061348861282191
Li2O,193.96087773876297,0.9635413697901788,1060.625,0.25,7.473083967648296e-15,6.250735926827217e-13,5.995691994874408e-13,1.7998849750227567e-10,0.006134409394258771
Li2O,195.17690248411338,0.9695822279389638,1060.375,0.25,7.479678877500505e-15,6.264537123400564e-13,6.005887949963176e-13,1.8122301968848955e-10,0.006133894086550118
Li2O,196.39273121873134,0.9756221123632953,1060.125,0.25,7.486282180691219e-15,6.278287460125761e-13,6.016080234116468e-13,1.8245994274009446e-10,0.006133341237472392
Li2O,197.60836392800672,0.9816610229905948,1059.875,0.25,7.492893891209063e-15,6.291985888557455e-13,6.026268846909506e-13,1.8369926110753237e-10,0.006132751858084026
Li2O,198.82380059732486,0.9876989597482607,1059.625,0.25,7.499514023071556e-15,6.305631356838476e-13,6.036453787917338e-13,1.8494096913603103e-10,0.00613212693870331
Li2O,200.0390412120666,0.9937359225636692,1059.375,0.25,7.506142590325111e-15,6.319222809849137e-13,6.046635056714811e-13,1.8618506106527775e-10,0.006131467449469698
Li2O,201.25408575760812,0.9997719113641735,1059.125,0.25,7.512779607045199e-15,6.33275918935948e-13,6.056812652876621e-13,1.874315310291084e-10,0.006130774340886469
Li2O,202.46893421932117,1.0058069260771048,1058.875,0.25,7.51942508733631e-15,6.346239434184006e-13,6.066986575977262e-13,1.8868037305521187e-10,0.006130048544345461
Li2O,203.68358658257299,1.0118409666297714,1058.625,0.25,7.52607904533215e-15,6.359662480339428e-13,6.077156825591068e-13,1.8993158106485025e-10,0.0061292909726345405
Li2O,204.8980428327261,1.017874032949459,1058.375,0.25,7.532741495195563e-15,6.37302726120482e-13,6.087323401292164e-13,1.9118514887259513e-10,0.0061285025204284495
Li2O,206.11230295513863,1.023906124963431,1058.125,0.25,7.53941245111878e-15,6.386332707684755e-13,6.097486302654542e-13,1.924410701860802e-10,0.006127684064763649
Li2O,207.32636693516415,1.0299372425989277,1057.875,0.25,7.546091927323327e-15,6.399577748374805e-13,6.107645529251969e-13,1.936993386057702e-10,0.006126836465497755
Li2O,208.54023475815154,1.035967385783167,1057.625,0.25,7.552779938060219e-15,6.412761309729951e-13,6.11780108065806e-13,1.9495994762474705e-10,0.006125960565754125
Li2O,209.75390640944525,1.0419965544433445,1057.375,0.25,7.559476497609929e-15,6.425882316235353e-13,6.127952956446229e-13,1.9622289062851282e-10,0.006125057192352141
Li2O,210.96738187438513,1.0480247485066325,1057.125,0.25,7.566181620282577e-15,6.438939690579967e-13,6.138101156189741e-13,1.9748816089481008e-10,0.006124127156223704
Li2O,212.18066113830648,1.0540519679001814,1056.875,0.25,7.57289532041789e-15,6.451932353832453e-13,6.148245679461649e-13,1.987557515934599e-10,0.006123171252816448
Li2O,213.39374418654,1.060078212551118,1056.625,0.25,7.579617612385336e-15,6.464859225619772e-13,6.15838652583484e-13,2.0002565578621776e-10,0.0061221902624841356
Li2O,214.60663100441187,1.0661034823865467,1056.375,0.25,7.586348510584204e-15,6.477719224308276e-13,6.168523694882018e-13,2.0129786642664737e-10,0.0061211849508647186
Li2O,215.81932157724364,1.0721277773335502,1056.125,0.25,7.593088029443651e-15,6.490511267187142e-13,6.178657186175704e-13,2.025723763600131e-10,0.006120156069246467
Li2O,217.03181589035236,1.078151097319187,1055.875,0.25,7.599836183422785e-15,6.503234270654315e-13,6.188786999288249e-13,2.038491783231908e-10,0.00611910435492263
Li2O,218.24411392905049,1.0841734422704943,1055.625,0.25,7.60659298701077e-15,6.515887150404822e-13,6.198913133791827e-13,2.0512826494459748e-10,0.006118030531534997
Li2O,219.45621567864583,1.090194812114485,1055.375,0.25,7.613358454726798e-15,6.528468821621335e-13,6.209035589258397e-13,2.064096287441402e-10,0.0061169353094067715
Li2O,220.6681211244417,1.0962152067781505,1055.125,0.25,7.620132601120302e-15,6.540978199167227e-13,6.219154365259768e-13,2.07693262133184e-10,0.006115819385865128
Li2O,221.8798302517368,1.102234626188459,1054.875,0.25,7.626915440770952e-15,6.553414197781655e-13,6.22926946136757e-13,2.089791574145397e-10,0.006114683445553789
Li2O,223.0913430458252,1.1082530702723556,1054.625,0.25,7.633706988288744e-15,6.565775732277024e-13,6.239380877153232e-13,2.1026730678247103e-10,0.006113528160736009
Li2O,224.30265949199648,1.1142705389567635,1054.375,0.25,7.640507258314026e-15,6.578061717738473e-13,6.249488612188006e-13,2.11557702322722e-10,0.006112354191588246
Li2O,225.51377957553555,1.120287032168582,1054.125,0.25,7.647316265517714e-15,6.590271069725663e-13,6.259592666042983e-13,2.128503360125644e-10,0.006111162186484887
Li2O,226.72470328172278,1.1263025498346886,1053.875,0.25,7.654134024601184e-15,6.602402704476364e-13,6.269693038289043e-13,2.1414519972086552e-10,0.006109952782274296
Li2O,227.93543059583388,1.1323170918819367,1053.625,0.25,7.660960550296518e-15,6.614455539112362e-13,6.27978972849692e-13,2.1544228520817675e-10,0.006108726604546496
Li2O,229.14596150314003,1.1383306582371586,1053.375,0.25,7.667795857366432e-15,6.626428491846967e-13,6.289882736237117e-13,2.1674158412684254e-10,0.006107484267892778
Li2O,230.3562959889078,1.1443432488271623,1053.125,0.25,7.674639960604482e-15,6.63832048219479e-13,6.299972061080004e-13,2.1804308802113062e-10,0.006106226376157478
Li2O,231.56643403839905,1.1503548635787335,1052.875,0.25,7.681492874835024e-15,6.65013043118303e-13,6.31005770259573e-13,2.1934678832738333e-10,0.006104953522682217
Li2O,232.77637563687125,1.156365502418635,1052.625,0.25,7.688354614913405e-15,6.661857261564791e-13,6.320139660354288e-13,2.2065267637419014e-10,0.0061036662905428396
Li2O,233.986120769577,1.1623751652736065,1052.375,0.25,7.695225195725938e-15,6.673499898033923e-13,6.330217933925488e-13,2.219607433825818e-10,0.006102365252779293
Li2O,235.19566942176453,1.1683838520703653,1052.125,0.25,7.702104632190043e-15,6.685057267441682e-13,6.340292522878932e-13,2.2327098046624606e-10,0.006101050972618689
Li2O,236.4050215786773,1.1743915627356052,1051.875,0.25,7.708992939254313e-15,6.69652829901487e-13,6.350363426784073e-13,2.245833786317652e-10,0.006099724003691759
Li2O,237.61417722555424,1.1803982971959974,1051.625,0.25,7.715890131898573e-15,6.707911924575513e-13,6.360430645210156e-13,2.2589792877887568e-10,0.006098384890242942
Li2O,238.82313634762963,1.18640405537819,1051.375,0.25,7.72279622513395e-15,6.719207078762025e-13,6.370494177726246e-13,2.2721462170074963e-10,0.006097034167334289
Li2O,240.03189893013308,1.1924088372088082,1051.125,0.25,7.729711234003006e-15,6.730412699251777e-13,6.380554023901233e-13,2.2853344808429894e-10,0.006095672361043403
Li2O,241.24046495828966,1.1984126426144543,1050.875,0.25,7.736635173579761e-15,6.741527726984882e-13,6.390610183303825e-13,2.298543985105014e-10,0.006094299988655599
Li2O,242.4488344173198,1.204415471521708,1050.625,0.25,7.743568058969816e-15,6.752551106389335e-13,6.400662655502563e-13,2.3117746345474956e-10,0.006092917558850477
Li2O,243.65700729243926,1.2104173238571252,1050.375,0.25,7.750509905310359e-15,6.763481785607206e-13,6.410711440065752e-13,2.3250263328722217e-10,0.006091525571883082
Li2O,244.8649835688592,1.216418199547239,1050.125,0.25,7.757460727770336e-15,6.774318716722e-13,6.420756536561564e-13,2.338298982732783e-10,0.0060901245197598295
Li2O,246.0727632317861,1.22241809851856,1049.875,0.25,7.764420541550461e-15,6.785060855987006e-13,6.430797944557965e-13,2.351592485738743e-10,0.006088714886409367
Li2O,247.2803462664219,1.2284170206975753,1049.625,0.25,7.771389361883328e-15,6.79570716405456e-13,6.440835663622736e-13,2.364906742460039e-10,0.0060872971478485175
Li2O,248.4877326579638,1.234414966010749,1049.375,0.25,7.778367204033488e-15,6.806256606206141e-13,6.450869693323492e-13,2.378241652431609e-10,0.0060858717723434866
Li2O,249.69492239160445,1.240411934384523,1049.125,0.25,7.785354083297523e-15,6.816708152583294e-13,6.460900033227643e-13,2.391597114158253e-10,0.006084439220566459
Li2O,250.90191545253174,1.2464079257453142,1048.875,0.25,7.792350015004127e-15,6.827060778419162e-13,6.471205364683852e-13,2.4049733038015064e-10,0.006082999240866215
Li2O,252.10871182592905,1.2524029400195185,1048.625,0.25,7.799355014514196e-15,6.837313464270661e-13,6.481785551003794e-13,2.418370396366926e-10,0.006081551590925834
Li2O,253.31531149697503,1.2583969771335073,1048.375,0.25,7.806369097220883e-15,6.847465196251107e-13,6.492361864537352e-13,2.431788287118687e-10,0.006080096734064004
Li2O,254.52171445084372,1.26439003701363,1048.125,0.25,7.813392278549692e-15,6.857514966263356e-13,6.502934304830636e-13,2.4452268703125663e-10,0.0060786351261267425
Li2O,255.72792067270444,1.270382119586212,1047.875,0.25,7.820424573958603e-15,6.867461772233211e-13,6.513502871429617e-13,2.4586860392019687e-10,0.0060771672156320865
Li2O,256.9339301477219,1.2763732247775554,1047.625,0.25,7.827465998938045e-15,6.87730461834302e-13,6.524067563880016e-13,2.472165686044181e-10,0.006075693443910806
Li2O,258.1397428610562,1.2823633525139406,1047.375,0.25,7.834516569011138e-15,6.887042515265612e-13,6.534628381727425e-13,2.4856657021068644e-10,0.006074214245243219
Li2O,259.34535879786256,1.2883525027216225,1047.125,0.25,7.841576299733594e-15,6.896674480398012e-13,6.545185324517171e-13,2.499185977674777e-10,0.006072730046992257
Li2O,260.5507779432919,1.2943406753268352,1046.875,0.25,7.848645206693946e-15,6.906199538095377e-13,6.555738391794447e-13,2.5127264020567337e-10,0.006071241269732889
Li2O,261.7560002824902,1.3003278702557886,1046.625,0.25,7.85572330551353e-15,6.915616719904629e-13,6.56628758310421e-13,2.5262868635927976e-10,0.0060697483273780065
Li2O,262.9610258005988,1.3063140874346688,1046.375,0.25,7.862810611846654e-15,6.924925064797974e-13,6.576832897991247e-13,2.5398672496617055e-10,0.00606825162730089
Li2O,264.16585448275447,1.3122993267896397,1046.125,0.25,7.869907141380612e-15,6.934123619406011e-13,6.587374336000154e-13,2.5534674466885254e-10,0.006066751570454356
Li2O,265.37048631408925,1.318283588246842,1045.875,0.25,7.877012909835781e-15,6.94321143825045e-13,6.597911896675304e-13,2.5670873401525496e-10,0.006065248551486679
Li2O,266.5749212797305,1.324266871732392,1045.625,0.25,7.88412793296577e-15,6.95218758397637e-13,6.60844557956092e-13,2.5807268145954165e-10,0.0060637429588544
Li2O,267.7791593648008,1.3302491771723837,1045.375,0.25,7.891252226557353e-15,6.961051127583674e-13,6.618975384200972e-13,2.594385753629467e-10,0.0060622351749320975
Li2O,268.9832005544183,1.336230504492888,1045.125,0.25,7.898385806430728e-15,6.969801148658125e-13,6.629501310139282e-13,2.6080640399463286e-10,0.006060725576119239
Li2O,270.1870448336963,1.3422108536199517,1044.875,0.25,7.9055286884395e-15,6.978436735601261e-13,6.640023356919462e-13,2.6217615553257336e-10,0.006059214532944162
Li2O,271.39069218774335,1.3481902244795994,1044.625,0.25,7.91268088847081e-15,6.986956985859613e-13,6.650541524084947e-13,2.635478180644563e-10,0.006057702410165321
Li2O,272.5941426016634,1.3541686169978313,1044.375,0.25,7.91984242244534e-15,6.995361006152705e-13,6.661055811178938e-13,2.649213795886119e-10,0.0060561895668698315
Li2O,273.7973960605557,1.3601460311006246,1044.125,0.25,7.927013306317494e-15,7.003647912700158e-13,6.67156621774447e-13,2.6629682801496267e-10,0.006054676356569434
Li2O,275.00045254951493,1.366122466713934,1043.875,0.25,7.934193556075448e-15,7.011816831447374e-13,6.682072743324379e-13,2.676741511659959e-10,0.006053163127293926
Li2O,276.20331205363067,1.3720979237636894,1043.625,0.25,7.941383187741189e-15,7.019866898289983e-13,6.692575387461279e-13,2.6905333677775877e-10,0.006051650221682157
Li2O,277.4059745579883,1.3780724021757988,1043.375,0.25,7.948582217370692e-15,7.027797259296894e-13,6.703074149697632e-13,2.704343725008756e-10,0.006050137977070652
Li2O,278.6084400476683,1.3840459018761466,1043.125,0.25,7.955790661053947e-15,7.035607070931753e-13,6.713569029575679e-13,2.7181724590158735e-10,0.006048626725579929
Li2O,279.8107085077462,1.3900184227905923,1042.875,0.25,7.963008534915015e-15,7.043295500272726e-13,6.724060026637459e-13,2.7320194446281327e-10,0.006047116794198586
Li2O,281.01277992329324,1.395989964844974,1042.625,0.25,7.970235855112207e-15,7.050861725230729e-13,6.734547140424836e-13,2.7458845558523393e-10,0.006045608504865234
Li2O,282.21465427937574,1.4019605279651055,1042.375,0.25,7.977472637838086e-15,7.058304934765597e-13,6.745030370479459e-13,2.759767665883963e-10,0.0060441021745483115
Li2O,283.41633156105513,1.4079301120767767,1042.125,0.25,7.984718899319576e-15,7.065624329100456e-13,6.75550971634279e-13,2.7736686471183994e-10,0.0060425981153238795
Li2O,284.6178117533884,1.4138987171057549,1041.875,0.25,7.991974655818077e-15,7.072819119934016e-13,6.765985177556086e-13,2.7875873711624474e-10,0.006041096634451425
Li2O,285.8190948414279,1.419866342977784,1041.625,0.25,7.999239923629552e-15,7.079888530650742e-13,6.776456753660426e-13,2.801523708845995e-10,0.006039598034447754
Li2O,287.02018081022084,1.4258329896185833,1041.375,0.25,8.00651471908453e-15,7.086831796528672e-13,6.786924444196658e-13,2.815477530233911e-10,0.006038102613159026
Li2O,288.2210696448101,1.4317986569538503,1041.125,0.25,8.013799058548341e-15,7.093648164945099e-13,6.797388248705481e-13,2.829448704638147e-10,0.006036610663830977
Li2O,289.42176133023355,1.4377633449092577,1040.875,0.25,8.021092958421042e-15,7.100336895579537e-13,6.80784816672734e-13,2.8434371006300377e-10,0.006035122475177396
Li2O,290.6222558515246,1.4437270534104552,1040.625,0.25,8.02839643513768e-15,7.106897260614458e-13,6.818304197802536e-13,2.8574425860528063e-10,0.0060336383314469
Li2O,291.8225531937117,1.4496897823830686,1040.375,0.25,8.035709505168207e-15,7.113328544933051e-13,6.828756341471151e-13,2.871465028034262e-10,0.006032158512488063
Li2O,293.02265334181885,1.4556515317527017,1040.125,0.25,8.043032185017658e-15,7.119630046314461e-13,6.839204597273038e-13,2.8855042929997e-10,0.006030683293812946
Li2O,294.2225562808649,1.4616123014449327,1039.875,0.25,8.050364491226283e-15,7.125801075626207e-13,6.849648964747921e-13,2.899560246684986e-10,0.006029212946659071
Li2O,295.42226199586435,1.4675720913853174,1039.625,0.25,8.057706440369523e-15,7.13184095701345e-13,6.860089443435265e-13,2.913632754149838e-10,0.006027747738049898
Li2O,296.6217704718267,1.4735309014993876,1039.375,0.25,8.065058049058197e-15,7.137749028085446e-13,6.870526032874363e-13,2.9277216797912886e-10,0.0060262879308538376
Li2O,297.8210816937568,1.4794887317126522,1039.125,0.25,8.072419333938556e-15,7.143524640098796e-13,6.880958732604303e-13,2.941826887357331e-10,0.006024833783841847
Li2O,299.0201956466548,1.4854455819505956,1038.875,0.25,8.079790311692334e-15,7.149167158137399e-13,6.891387542163974e-13,2.9559482399607493e-10,0.006023385551743659
Li2O,299.8098516519852,1.4893683638946111,1038.7103467030959,0.07930659380831206,2.56452020468882e-15,2.2689326378143522e-13,2.1881851608767134e-13,2.960431002961487e-10,0.0060229274401233275
Li metal,2.52502765555553,0.047285162089054866,1099.5,1.0,5.704877729315718e-14,3.4922455602892577e-12,6.488119139242924e-12,1.003741347682534e-11,0.005683613355659103
Li metal,7.5735058168916645,0.14182595162718473,1098.5,1.0,5.723884978337562e-14,3.5373930568213428e-12,6.463140979056089e-12,2.0095186362486145e-11,0.0056873136190409195
Li metal,12.618829229552556,0.23630766347476698,1097.5,1.0,5.742983642417527e-14,3.5830329104919678e-12,6.3921702305404735e-12,3.0127819339942763e-11,0.005699631346137589
Li metal,17.660996994750185,0.3307302808005652,1096.5,1.0,5.76217429781794e-14,3.6291582724514853e-12,6.321282092708858e-12,4.0135881448081286e-11,0.005714069261828835
Li metal,22.700008212620958,0.4250937867532014,1095.5,1.0,5.781457525302879e-14,3.675761388183312e-12,6.250476600027281e-12,5.0119934011544906e-11,0.005729332797321154
Li metal,27.73586198222346,0.5193981644611134,1094.5,1.0,5.800833910179971e-14,3.7228335540138384e-12,6.179753787016039e-12,6.008052969167658e-11,0.00574499130758386
Li metal,32.76855740153616,0.6136433970325123,1093.5,1.0,5.82030404234302e-14,3.770365073015196e-12,6.109113688250002e-12,7.001821149336521e-11,0.005760860676873591
Li metal,37.79809356745513,0.7078294675553396,1092.5,1.0,5.83986851631483e-14,3.818345210427953e-12,6.0385563383586345e-12,7.993351172731495e-11,0.005776849239347258
Li metal,42.82446957579178,0.8019563590972242,1091.5,1.0,5.859527931290627e-14,3.866762148747349e-12,5.9680817720262194e-12,8.982695092740143e-11,0.005792906475849965
Li metal,47.8476845212705,0.8960240547054401,1090.5,1.0,5.879282891181922e-14,3.9156029426334026e-12,5.89769002399195e-12,9.96990367229386e-11,0.005809002510771195
Li metal,52.86773749752643,0.9900325374068619,1089.5,1.0,5.899134004660904e-14,3.964853473822742e-12,5.827381129050142e-12,1.0955026266585809e-10,0.005825118800837979
Li metal,57.884627597103105,1.0839817902079234,1088.5,1.0,5.919081885205196e-14,4.0144984062387034e-12,5.757155122050302e-12,1.1938110701299915e-10,0.005841243484764718
Li metal,62.898353911450144,1.177871796094572,1087.5,1.0,5.939127151143174e-14,4.0645211415151625e-12,5.687012037897293e-12,1.2919203146392304e-10,0.005857368883207233
Li metal,67.90891553092095,1.2717025380322273,1086.5,1.0,5.959270425699843e-14,4.114903775169465e-12,5.616951911551506e-12,1.38983479854901e-10,0.005873490073527793
Li metal,72.91631154477027,1.3654739989657354,1085.5,1.0,5.979512337043144e-14,4.165627053679737e-12,5.546974778029002e-12,1.4875587680998018e-10,0.005889604037638687
Li metal,77.92054104115205,1.4591861618193267,1084.5,1.0,5.999853518330777e-14,4.216670332742475e-12,5.477080672401654e-12,1.585096263503076e-10,0.0059057091321194286
Li metal,82.92160310711692,1.5528390094965718,1083.5,1.0,6.020294607757543e-14,4.2680115370069226e-12,5.407269629797296e-12,1.682451104631894e-10,0.005921804747849779
Li metal,87.91949682860994,1.6464325248803355,1082.5,1.0,6.040836248603192e-14,4.319627121603552e-12,5.337541685399837e-12,1.7796268763267882e-10,0.005937891085408703
Li metal,92.91422129046812,1.7399666908327365,1081.5,1.0,6.061479089280864e-14,4.371492035804083e-12,5.267896874449445e-12,1.8766269133382516e-10,0.005953969003538809
Li metal,97.90577557641824,1.8334414901950982,1080.5,1.0,6.082223783386047e-14,4.423579689170608e-12,5.198335232242725e-12,1.9734542849307235e-10,0.005970039915049184
Li metal,102.89415876907427,1.9268569057879077,1079.5,1.0,6.10307098974598e-14,4.475861920570513e-12,5.128856794132802e-12,2.0701117791767313e-10,0.005986105714283717
Li metal,107.87936994993515,2.0202129204107706,1078.5,1.0,6.124021372469754e-14,4.528308970452235e-12,5.059461595529507e-12,2.1666018869737957e-10,0.006002168726044372
Li metal,112.86140819938228,2.1135095168423645,1077.5,1.0,6.14507560099886e-14,4.580889456793407e-12,4.990149671899536e-12,2.262926785820825e-10,0.006018231669365657
Li metal,117.84027259667721,2.2067466778403975,1076.5,1.0,6.166234350158399e-14,4.633570355148481e-12,4.920921058766618e-12,2.359088323394992e-10,0.0060342976317275705
Li metal,122.8159622199592,2.2999243861415577,1075.5,1.0,6.187498300208668e-14,4.686316983235494e-12,4.851775791711552e-12,2.4550880009744833e-10,0.006050370050696125
Li metal,127.78847614624281,2.3930426244614758,1074.5,1.0,6.20886813689765e-14,4.7390929905130844e-12,4.7827139063725556e-12,2.5509269567570296e-10,0.006066452700896823
Li metal,132.75781345141544,2.486101375494671,1073.5,1.0,6.230344551513727e-14,4.791860353205477e-12,4.7663289039574555e-12,2.64713188378381e-10,0.006081341198138541
Li metal,137.72397321023502,2.5791006219145136,1072.5,1.0,6.251928240939301e-14,4.844579375238853e-12,4.802519883641478e-12,2.744228069196707e-10,0.006093992403025657
Li metal,142.68695449632744,2.6720403463731732,1071.5,1.0,6.273619907704724e-14,4.897208695552168e-12,4.8386597211298575e-12,2.842214115354298e-10,0.0061046305072136025
Li metal,147.64675638218418,2.7649205315015766,1070.5,1.0,6.295420260043163e-14,4.9497053022431176e-12,4.87474839332639e-12,2.9410881943359976e-10,0.006113454556465158
Li metal,152.60337793915986,2.8577411599093603,1069.5,1.0,6.317330011945752e-14,5.0020245540007846e-12,4.910785877096468e-12,3.0408480316481647e-10,0.006120641949257832
Li metal,157.55681823746977,2.950502214184827,1068.5,1.0,6.339349883217632e-14,5.054120209264529e-12,4.9467721492671e-12,3.1414908902218026e-10,0.006126351367769457
Li metal,162.50707634618738,3.0432036768948945,1067.5,1.0,6.361480599534402e-14,5.105944463529371e-12,4.982707186626691e-12,3.2430135547833166e-10,0.006130725245589512
Li metal,167.4541513332419,3.135845530585054,1066.5,1.0,6.383722892499453e-14,5.157447995194478e-12,5.01859096592505e-12,3.3454123166837616e-10,0.0061338918551272804
Li metal,172.39804226541582,3.2284277577793223,1065.5,1.0,6.406077499701749e-14,5.2085800203201764e-12,5.054423463873219e-12,3.4486829592756655e-10,0.006135967081115417
Li metal,177.3387482083424,3.3209503409801946,1064.5,1.0,6.428545164774296e-14,5.2592883566227805e-12,5.0902046571433465e-12,3.552820743929804e-10,0.006137055933668972
Li metal,182.27626822650313,3.4134132626685982,1063.5,1.0,6.45112663745339e-14,5.3095194969925776e-12,5.125934522368627e-12,3.6578203967871617e-10,0.006137253844190917
Li metal,187.21060138322534,3.505816505303845,1062.5,1.0,6.473822673638447e-14,5.359218692769879e-12,5.161613036143199e-12,3.763676096343656e-10,0.0061366477793728036
Li metal,192.14174674067948,3.598160051323586,1061.5,1.0,6.496634035452505e-14,5.4083300469572414e-12,5.197240175021981e-12,3.8703814619669935e-10,0.0061353172021403075
Li metal,197.06970335987694,3.6904438831437627,1060.5,1.0,6.519561491303487e-14,5.456796617481494e-12,5.23281591552063e-12,3.977929543446145e-10,0.006133334903273584
Li metal,201.9944703006671,3.78266798315856,1059.5,1.0,6.542605815946115e-14,5.504560530548838e-12,5.2683402341154e-12,4.0863128116743823e-10,0.006130767723313566
Li metal,206.9160466217352,3.874832333740359,1058.5,1.0,6.565767790544555e-14,5.551563104058899e-12,5.303813107243033e-12,4.195523150566456e-10,0.006127677181035076
Li metal,211.8344313805995,3.9669369172396904,1057.5,1.0,6.589048202735714e-14,5.597744980960717e-12,5.339234511300639e-12,4.3055518503093435e-10,0.00612412002206165
Li metal,216.74962363360885,4.058981715985184,1056.5,1.0,6.612447846693417e-14,5.643046272344976e-12,5.374604422645625e-12,4.416389602043919e-10,0.006120148698988036
Li metal,221.66162243594022,4.150966712283525,1055.5,1.0,6.635967523193165e-14,5.687406709973166e-12,5.4099228175955425e-12,4.5280264940719253e-10,0.00611581179256519
Li metal,226.57042684159595,4.2428918884194,1054.5,1.0,6.659608039677767e-14,5.7307658078473335e-12,5.4451896724280426e-12,4.640452009678647e-10,0.006111154382011228
Li metal,231.4760359034013,4.334757226655455,1053.5,1.0,6.683370210323528e-14,5.773063032323284e-12,5.480404963380622e-12,4.753655026656718e-10,0.006106218371278749
Li metal,236.37844867300183,4.426562709232244,1052.5,1.0,6.707254856107599e-14,5.814237980168272e-12,5.5155686666507315e-12,4.867623818610519e-10,0.00610104277708561
Li metal,241.27766420086076,4.518308318368178,1051.5,1.0,6.731262804875583e-14,5.8542305638600934e-12,5.550680758395449e-12,4.982346058113562e-10,0.006095663983663599
Li metal,246.17368153625654,4.609994036259486,1050.5,1.0,6.755394891410342e-14,5.892981203323565e-12,5.585741214731482e-12,5.097808821783254e-10,0.006090115968466616
Li metal,251.06649972728,4.70161984508015,1049.5,1.0,6.779651957501556e-14,5.9304310231986914e-12,5.620750011735114e-12,5.213998597328342e-10,0.006084430502481887
Li metal,255.95611782083193,4.793185726981871,1048.5,1.0,6.804034852015704e-14,5.9665220546383356e-12,5.6566789213106455e-12,5.330911010573033e-10,0.0060786262472613765
Li metal,260.84253486262037,4.884691664094014,1047.5,1.0,6.828544430967506e-14,6.001197440542643e-12,5.6935260099471554e-12,5.448541099521028e-10,0.006072721014564674
Li metal,265.725749897158,4.976137638523556,1046.5,1.0,6.853181557591567e-14,6.034401643050743e-12,5.730318820277512e-12,5.566873622310069e-10,0.006066742390951785
Li metal,270.6057619677594,5.067523632355044,1045.5,1.0,6.877947102415303e-14,6.066080652035901e-12,5.767057327072632e-12,5.685892796811397e-10,0.006060716255344554
Li metal,275.4825701165386,5.158849627650535,1044.5,1.0,6.902841943332548e-14,6.0961821932822676e-12,5.803741505060461e-12,5.805582317989157e-10,0.0060546668996831286
Li metal,280.3561733844065,5.250115606449559,1043.5,1.0,6.927866965678069e-14,6.1246559349673325e-12,5.840371328925879e-12,5.925925377324657e-10,0.0060486171371372435
Li metal,285.2265708110676,5.341321550769056,1042.5,1.0,6.953023062302663e-14,6.151453691031478e-12,5.876946773310376e-12,6.046904684274305e-10,0.006042588399307264
Li metal,290.09376143501805,5.432467442603334,1041.5,1.0,6.978311133649884e-14,6.176529619989449e-12,5.9134678128122964e-12,6.168502489715688e-10,0.006036600823678023
Li metal,294.95774429354265,5.523553263924019,1040.5,1.0,7.003732087832811e-14,6.1998404177235226e-12,5.949934421986403e-12,6.290700611321571e-10,0.00603067333243999
Li metal,299.81851842271203,5.614578996680001,1039.5,1.0,7.029286840712298e-14,6.221345502804275e-12,5.986346575343915e-12,6.413480460787124e-10,0.006024823703663374
Li metal,304.6760828573802,5.705544622797381,1038.5,1.0,7.054976315975868e-14,6.241007192903155e-12,6.022704247352306e-12,6.536823072821276e-10,0.006019068635698641
Li metal,309.53043663118183,5.796450124179435,1037.5,1.0,7.080801445217758e-14,6.258790870899522e-12,6.0590074124352616e-12,6.660709135799145e-10,0.006013423805578913
Li metal,314.38157877652924,5.88729548270654,1036.5,1.0,7.106763168019641e-14,6.274665139338567e-12,6.095256044972424e-12,6.785119023959057e-10,0.006007903922113934
Li metal,319.2295083246099,5.97808068023614,1035.5,1.0,7.132862432032705e-14,6.288601961969335e-12,6.131450119299467e-12,6.910032831014949e-10,0.0060025227742897
Li metal,324.074224305384,6.068805698602696,1034.5,1.0,7.1591001930602e-14,6.300576791178585e-12,6.167589609707773e-12,7.035430405043119e-10,0.005997293275521241
Li metal,328.9157257475809,6.15947051961762,1033.5,1.0,7.185477415141451e-14,6.310568680241886e-12,6.2036744904444234e-12,7.161291384491497e-10,0.005992227504246986
Li metal,333.75401167869717,6.250075125069234,1032.5,1.0,7.2119950706366e-14,6.318560379430276e-12,6.2397047357120375e-12,7.287595235149983e-10,0.005987336741300586
Li metal,338.5890811249934,6.340619496722723,1031.5,1.0,7.238654140312426e-14,6.324538415143199e-12,6.275680319668654e-12,7.414321287912133e-10,0.005982631504449243
Li metal,343.4209331114917,6.431103616320069,1030.5,1.0,7.26545561342925e-14,6.3284931513812285e-12,6.31160121642762e-12,7.541448777151565e-10,0.005978121580445586
Li metal,348.2495666619725,6.521527465580009,1029.5,1.0,7.29240048782878e-14,6.330418833024767e-12,6.347467400057412e-12,7.66895687953117e-10,0.005973816054902414
Li metal,353.0749807989724,6.611891026197983,1028.5,1.0,7.319489770023103e-14,6.330313610545171e-12,6.383278844581547e-12,7.796824753059439e-10,0.005969723340265654
Li metal,357.89717454378047,6.702194279846075,1027.5,1.0,7.346724475284791e-14,6.328179545940033e-12,6.4190355239784904e-12,7.925031576206153e-10,0.005965851202130091
Li metal,362.71614691643657,6.792437208172968,1026.5,1.0,7.374105627737912e-14,6.324022599852499e-12,6.454737412181433e-12,8.053556586889266e-10,0.005962206784114624
Li metal,367.5318969357276,6.8826197928038875,1025.5,1.0,7.40163426045038e-14,6.31785260000378e-12,6.490384483078286e-12,8.182379121146132e-10,0.00595879663148848
Li metal,372.3444236191852,6.972742015340547,1024.5,1.0,7.429311415527201e-14,6.309683191233901e-12,6.525976710511421e-12,8.311478651305138e-10,0.005955626713716825
Li metal,377.1537259830825,7.062803857361095,1023.5,1.0,7.457138144205058e-14,6.2995317676091555e-12,6.533884093383692e-12,8.440558523729486e-10,0.005952897306423653
Li metal,381.95980304243176,7.15280530042007,1022.5,1.0,7.485115506947808e-14,6.2874193872095775e-12,6.51416222178209e-12,8.569322851370098e-10,0.005950795708807036
Li metal,386.7626538109813,7.242746326048339,1021.5,1.0,7.513244573543465e-14,6.273370670357541e-12,6.494459611442736e-12,8.697752478645455e-10,0.0059493086559676625
Li metal,391.5622773012124,7.332626915753041,1020.5,1.0,7.541526423202093e-14,6.257413682184018e-12,6.474776270105823e-12,8.825828530810673e-10,0.005948423603258875
Li metal,396.3586725243368,7.422447051017542,1019.5,1.0,7.569962144654963e-14,6.239579800553362e-12,6.455112205523836e-12,8.953532447085911e-10,0.005948128660972093
Li metal,401.15183849029364,7.512206713301378,1018.5,1.0,7.598552836254961e-14,6.219903570476899e-12,6.4354674254616225e-12,9.080846012328922e-10,0.005948412535103369
Li metal,405.94177420774656,7.601905884040197,1017.5,1.0,7.627299606078292e-14,6.198422546240063e-12,6.4158419376964414e-12,9.207751387128895e-10,0.0059492644736544725
Li metal,410.728478684081,7.691544544645711,1016.5,1.0,7.656203572027322e-14,6.1751771225461545e-12,6.396235750017984e-12,9.334231136211739e-10,0.005950674217976786
Li metal,415.5119509254009,7.781122676505635,1015.5,1.0,7.685265861934723e-14,6.150210356041354e-12,6.376648870228401e-12,9.46026825506063e-10,0.0059526319587143595
Li metal,420.2921899365264,7.87064026098364,1014.5,1.0,7.714487613668817e-14,6.123567778630077e-12,6.357081306142279e-12,9.58584619466972e-10,0.005955128295944726
Li metal,425.06919472099014,7.960097279419291,1013.5,1.0,7.743869975240546e-14,6.095297204017401e-12,6.3375330655868164e-12,9.710948884363287e-10,0.005958154203153281
Li metal,429.8429642810348,8.049493713127992,1012.5,1.0,7.773414104911308e-14,6.065448528925075e-12,6.318004156401704e-12,9.835560752627046e-10,0.0059617009947099606
Li metal,434.61349761761034,8.138829543400941,1011.5,1.0,7.803121171302504e-14,6.034073530423075e-12,6.298494586439286e-12,9.9596667459128e-10,0.0059657602965461085
Li metal,439.38079373037056,8.228104751505066,1010.5,1.0,7.832992353506216e-14,6.0012256607964415e-12,6.2790043635645095e-12,1.008325234539176e-09,0.005970324019755438
Li metal,444.1448516176704,8.317319318682966,1009.5,1.0,7.863028841197419e-14,5.9669598413320545e-12,6.259533495654996e-12,1.020630358164575e-09,0.005975384336866211
Li metal,448.90567027656283,8.40647322615286,1008.5,1.0,7.89323183474744e-14,5.931332256361043e-12,6.240081990601057e-12,1.0328807047298846e-09,0.00598093366055257
Li metal,453.6632487027962,8.495566455108541,1007.5,1.0,7.923602545338972e-14,5.8944001488314286e-12,6.220649856305726e-12,1.0450749907604752e-09,0.005986964624571753
Li metal,458.4175858908109,8.584598986719305,1006.5,1.0,7.95414219508248e-14,5.8562216186146435e-12,6.201237100684831e-12,1.0572119909017256e-09,0.00599347006673087
Li metal,463.1686808337364,8.673570802129895,1005.5,1.0,7.984852017134031e-14,5.816855424668864e-12,6.181843731666992e-12,1.0692905385782327e-09,0.006000443013702351
Li metal,467.9165325233883,8.762481882460454,1004.5,1.0,8.015733255814643e-14,5.776360792094953e-12,6.162469757193676e-12,1.0813095264600796e-09,0.006007876667521217
Li metal,472.66113995026546,8.851332208806468,1003.5,1.0,8.046787166731187e-14,5.734797225027223e-12,6.143115185219257e-12,1.0932679067419933e-09,0.0060157643936102
Li metal,477.4025021035467,8.940121762238702,1002.5,1.0,8.07801501689851e-14,5.6922243262035185e-12,6.123780023710902e-12,1.1051646912420768e-09,0.006024099710190551
Li metal,482.1406179710878,9.028850523803143,1001.5,1.0,8.109418084863733e-14,5.6487016239596246e-12,6.104464280648878e-12,1.116998951327534e-09,0.006032876278947275
Li metal,486.8754865394187,9.11751847452095,1000.5,1.0,8.14099766083141e-14,5.604288407290414e-12,6.085167964026347e-12,1.128769817675459e-09,0.006042087896827589
Li metal,491.60710679374023,9.206125595388393,999.5,1.0,8.172755046790635e-14,5.5590435695202654e-12,6.065891081849461e-12,1.1404764798772967e-09,0.00605172848886077
Li metal,496.3355150735454,9.294672566920326,998.5,1.0,8.204821240522877e-14,5.513112600257312e-12,6.069346414095724e-12,1.152140987104055e-09,0.006061673262843104
Li metal,501.060747703575,9.383160069355336,997.5,1.0,8.237069031789196e-14,5.4664646403324885e-12,6.095392291392364e-12,1.1637852147260976e-09,0.006071801581132206
Li metal,505.7828036381626,9.471588083111659,996.5,1.0,8.269499769157536e-14,5.4191565168764475e-12,6.121396300906741e-12,1.1754084625415723e-09,0.00608211369272061
Li metal,510.50168183024897,9.559956588581441,995.5,1.0,8.302114813613037e-14,5.371244132997801e-12,6.147358420802004e-12,1.1870100862435084e-09,0.00609260960501755
Li metal,515.2173812313781,9.648265566130675,994.5,1.0,8.334915538694833e-14,5.322782359169005e-12,6.173278629201482e-12,1.1985894963872659e-09,0.006103289099509397
Li metal,519.9299007916936,9.736514996099132,993.5,1.0,8.367903330634438e-14,5.2738249344873855e-12,6.199156904188544e-12,1.2101461572592482e-09,0.0061141517468853305
Li metal,524.6392394599368,9.824704858800313,992.5,1.0,8.401079588495922e-14,5.224424377738959e-12,6.2249932238064704e-12,1.2216795856566786e-09,0.0061251969216264465
Li metal,529.345396183442,9.912835134521384,991.5,1.0,8.434445724317792e-14,5.174631908126445e-12,6.2507875660582625e-12,1.2331893495881064e-09,0.006136423816057844
Li metal,534.0483699081336,10.0009058035231,990.5,1.0,8.468003163256952e-14,5.124497375463774e-12,6.2765399089066674e-12,1.2446750669041095e-09,0.006147831453864438
Li metal,538.7481595785237,10.088916846039766,989.5,1.0,8.501753343734303e-14,5.074069199585909e-12,6.3022502302739496e-12,1.2561364038674067e-09,0.0061594187030725904
Li metal,543.444764137707,10.176868242279157,988.5,1.0,8.535697717582253e-14,5.0233943186778405e-12,6.327918508041779e-12,1.2675730736713022e-09,0.006171184288500852
Li metal,548.1381825273594,10.26475997242246,987.5,1.0,8.569837750194225e-14,4.972518146186461e-12,6.353544720051143e-12,1.2789848349150417e-09,0.0061831268036843644
Li metal,552.8284136877331,10.352592016624214,986.5,1.0,8.604174920676044e-14,4.921484535946168e-12,6.379128844102215e-12,1.290371490044297e-09,0.006195244722278657
Li metal,557.5154565576543,10.440364355012253,985.5,1.0,8.63871072199935e-14,4.8703357551221875e-12,6.404670857954239e-12,1.3017328837645933e-09,0.0062075364089496776
Li metal,562.1993100745188,10.528076967687618,984.5,1.0,8.673446661156832e-14,4.819112464554574e-12,6.4301707393253456e-12,1.3130689014350847e-09,0.006220000129757938
Li metal,566.8799731742902,10.615729834724535,983.5,1.0,8.708384259319844e-14,4.767853706070172e-12,6.455628465892555e-12,1.3243794674496407e-09,0.006232634062045672
Li metal,571.5574447914944,10.703322936170306,982.5,1.0,8.74352505199761e-14,4.716596896319284e-12,6.48104401529151e-12,1.3356645436117715e-09,0.006245436303836759
Li metal,576.2317238592184,10.790856252045288,981.5,1.0,8.778870589198937e-14,4.665377826688079e-12,6.50641736511645e-12,1.346924127509468e-09,0.006258404882759997
Li metal,580.902809309105,10.878329762342789,980.5,1.0,8.814422435595839e-14,4.6142306688362905e-12,6.531748492920057e-12,1.3581582508955804e-09,0.006271537764507041
Li metal,585.5707000713508,10.96574344702904,979.5,1.0,8.850182170689308e-14,4.563187985411796e-12,6.5570373762133296e-12,1.3693669780789125e-09,0.00628483286083696
Li metal,590.2353950747014,11.053097286043098,978.5,1.0,8.886151388977285e-14,4.512280745499656e-12,6.582283992465421e-12,1.3805504043307675e-09,0.006298288037139901
Li metal,594.8968932464498,11.140391259296813,977.5,1.0,8.92233170012502e-14,4.461538344371833e-12,6.607488319103608e-12,1.3917086543112442e-09,0.006311901119572858
Li metal,599.5551935124308,11.227625346674733,976.5,1.0,8.958724729137353e-14,4.410988627114971e-12,6.6326503335130616e-12,1.4028418805191636e-09,0.006325669901780872
Li metal,604.2102947970192,11.314799528034065,975.5,1.0,8.995332116533468e-14,4.360657915727258e-12,6.657770013036707e-12,1.4139502617690928e-09,0.006339592151217369
Li metal,608.8621960231254,11.401913783204595,974.5,1.0,9.032155518524222e-14,4.310571039290991e-12,6.682847334975292e-12,1.4250340016985443e-09,0.006353665615077496
Li metal,613.5108961121923,11.48896809198862,973.5,1.0,9.069196607191211e-14,4.2607513668434006e-12,6.7078822765870155e-12,1.4360933273080467e-09,0.006367888025858527
Li metal,618.1563939841918,11.575962434160894,972.5,1.0,9.106457070668765e-14,4.211220842587493e-12,6.732874815087503e-12,1.4471284875364283e-09,0.0063822571065614755
Li metal,622.798688557621,11.662896789468558,971.5,1.0,9.143938613328149e-14,4.1620000231025966e-12,6.7578249276496905e-12,1.4581397518733139e-09,0.006396770575548092
Li metal,627.4377787494989,11.749771137631067,970.5,1.0,9.181642955964255e-14,4.113108116234167e-12,6.782732591403685e-12,1.4691274090105114e-09,0.006411426151067379
Li metal,632.0736634753627,11.836585458340124,969.5,1.0,9.219571835984787e-14,4.064563021361932e-12,6.807597783436607e-12,1.4800917655336697e-09,0.006426221555465665
Li metal,636.7063416492645,11.923339731259633,968.5,1.0,9.257727007602027e-14,4.0163813707658e-12,6.8324204807925055e-12,1.4910331446553041e-09,0.006441154519094183
Li metal,641.3358121837673,12.010033936025604,967.5,1.0,9.296110242027133e-14,3.968578571828445e-12,6.8572006604721985e-12,1.501951884990025e-09,0.006456222783927858
Li metal,645.9620739899422,12.096668052246105,966.5,1.0,9.334723327666952e-14,3.921168849833192e-12,6.881938299433081e-12,1.512848339372568e-09,0.006471424106908852
Li metal,650.5851259773635,12.183242059501188,965.5,1.0,9.373568070323829e-14,3.874165291135436e-12,6.906633374589127e-12,1.523722873718996e-09,0.006486756263028119
Li metal,655.2049670541065,12.26975593734282,964.5,1.0,9.412646293397733e-14,3.8275798865040896e-12,6.931285862810662e-12,1.5345758659312447e-09,0.006502217048157943
Li metal,659.8215961267433,12.356209665294818,963.5,1.0,9.451959838091253e-14,3.7814235744481444e-12,6.9558957409242004e-12,1.5454077048449979e-09,0.006517804281648165
Li metal,664.4350121003389,12.442603222852787,962.5,1.0,9.491510563617558e-14,3.735706284360928e-12,6.980462985712442e-12,1.5562187892207074e-09,0.006533515808698395
Li metal,669.0452138784476,12.528936589484037,961.5,1.0,9.531300347410849e-14,3.6904369793309925e-12,7.00498757391398e-12,1.5670095267774265e-09,0.0065493495025182365
Li metal,673.6522003631098,12.615209744627524,960.5,1.0,9.571331085339983e-14,3.6456236984851775e-12,7.029469482223269e-12,1.5777803332689883e-09,0.006565303266287124
Li metal,678.2559704548484,12.70142266769379,959.5,1.0,9.611604691924928e-14,3.6012735987440487e-12,7.0539086872905155e-12,1.588531631601942e-09,0.006581375034925016
Li metal,682.8565230526638,12.787575338064864,958.5,1.0,9.652123100555882e-14,3.5573929958843477e-12,7.078305165721379e-12,1.5992638509945533e-09,0.006597562776684819
Li metal,687.4538570540325,12.873667735094239,957.5,1.0,9.692888263715881e-14,3.5139874048166495e-12,7.102658894076959e-12,1.609977426176084e-09,0.006613864494576985
Li metal,692.0479713549009,12.959699838106758,956.5,1.0,9.733902153206295e-14,3.471061578998927e-12,7.1269698488737485e-12,1.6206727966254888e-09,0.006630278227636357
Li metal,696.6388648496836,13.045671626398569,955.5,1.0,9.775166760375117e-14,3.4286195489181703e-12,7.1512380065832896e-12,1.631350405848594e-09,0.00664680205204094
Li metal,701.2265364312583,13.131583079237046,954.5,1.0,9.816684096348733e-14,3.3866646595835404e-12,7.175463343632107e-12,1.642010700692773e-09,0.00666343408209185
Li metal,705.8109849909629,13.217434175860728,953.5,1.0,9.858456192266923e-14,3.34519960698429e-12,7.199645836401677e-12,1.6526541306980818e-09,0.006680172471063324
Li metal,710.3922094185914,13.30322489547924,952.5,1.0,9.900485099520887e-14,3.3042264734747847e-12,7.2237854612281695e-12,1.6632811474837799e-09,0.006697015411931282
Li metal,714.97020860239,13.388955217273221,951.5,1.0,9.942772889994547e-14,3.263746762057728e-12,7.247882194402257e-12,1.6738922041691398e-09,0.00671396113798853
Li metal,719.5449814290536,13.474625120394261,950.5,1.0,9.985321656309655e-14,3.223761429544439e-12,7.271936012169207e-12,1.6844877548274165e-09,0.006731007923354317
Li metal,724.1165267837218,13.560234583964826,949.5,1.0,1.0028133512073686e-13,3.184270918577307e-12,7.295946890728491e-12,1.695068253971843e-09,0.006748154083385606
Li metal,728.6848962406071,13.64578457379414,948.5,1.0,1.0071442995483711e-13,3.1453477689074626e-12,7.311474987870686e-12,1.705625791158576e-09,0.006765432517160738
Li metal,733.2501413538663,13.731276055315847,947.5,1.0,1.0115022108414948e-13,3.106917205318933e-12,7.318370321906113e-12,1.716152228906885e-09,0.006782875210383201
Li metal,737.8122609669257,13.816709006871266,946.5,1.0,1.0158873051360407e-13,3.0689783401362496e-12,7.32524750244113e-12,1.7266480434799761e-09,0.006800479799892793
Li metal,742.371253921563,13.902083406770844,945.5,1.0,1.020299804708091e-13,3.0315298880966998e-12,7.332106517767146e-12,1.7371137098663109e-09,0.006818243995433278
Li metal,746.9271190579029,13.987399233294061,944.5,1.0,1.0247399340874222e-13,2.994570192627765e-12,7.3389473561517e-12,1.747549701408499e-09,0.006836165578272714
Li metal,751.4798552144129,14.072656464689379,943.5,1.0,1.029207920084834e-13,2.958097251016478e-12,7.345770005838419e-12,1.7579564894573626e-09,0.006854242399831747
Li metal,756.0294612278993,14.157855079174144,942.5,1.0,1.033703991819847e-13,2.9221087384883694e-12,7.352574455046967e-12,1.7683345430500798e-09,0.006872472380321441
Li metal,760.5759359335035,14.242995054934521,941.5,1.0,1.0382283807487856e-13,2.8866020312163825e-12,7.359360691972922e-12,1.778684328611344e-09,0.0068908535073921254
Li metal,765.1192781646971,14.328076370125414,940.5,1.0,1.0427813206932987e-13,2.8515742282823526e-12,7.366128704787837e-12,1.7890063096764836e-09,0.006909383834794589
Li metal,769.6594867532779,14.413099002870371,939.5,1.0,1.0473630478691988e-13,2.8170221726154565e-12,7.372878481638841e-12,1.7993009466355248e-09,0.006928061481054867
Li metal,774.1965605293661,14.498062931261538,938.5,1.0,1.0519738009158315e-13,2.7829424709341093e-12,7.379610010648975e-12,1.8095686964971995e-09,0.006946884628163757
Li metal,778.7304983214,14.58296813335955,937.5,1.0,1.056613820925749e-13,2.749331512718085e-12,7.38632327991679e-12,1.819810012671927e-09,0.006965851520282082
Li metal,783.2612989561313,14.66781458719347,936.5,1.0,1.0612833514748845e-13,2.7161854882397242e-12,7.393018277516383e-12,1.8300253447728305e-09,0.006984960462462641
Li metal,787.7889612586218,14.752602270760708,935.5,1.0,1.0659826386531301e-13,2.6835004056831826e-12,7.399694991497406e-12,1.8402151384338763e-09,0.007004209819389681
Li metal,792.313484052238,14.837331162026928,934.5,1.0,1.0707119310953469e-13,2.651272107381305e-12,7.40635340988482e-12,1.850379835144252e-09,0.00702359801413663
Li metal,796.8348661586476,14.922001238925985,933.5,1.0,1.0754714800128345e-13,2.6194962852003924e-12,7.412993520678928e-12,1.8605198720981326e-09,0.007043123526942773
Li metal,801.3531063978154,15.006612479359838,932.5,1.0,1.0802615392252359e-13,2.5881684951028515e-12,7.419615311855184e-12,1.8706356820590133e-09,0.0070627848940094376
Li metal,805.8682035879982,15.091164861198466,931.5,1.0,1.0850823651929462e-13,2.5572841709181906e-12,7.426218771364303e-12,1.880727693237815e-09,0.007082580706316207
Li metal,810.3801565457416,15.175658362279803,930.5,1.0,1.0899342170499352e-13,2.5268386373522378e-12,7.432803887132044e-12,1.8907963291840042e-09,0.007102509608457589
Li metal,814.888964085874,15.260092960409624,929.5,1.0,1.0948173566370506e-13,2.4968271222646405e-12,7.43937064705901e-12,1.9008420086889914e-09,0.007122570297500519
Li metal,819.3946250215045,15.344468633361506,928.5,1.0,1.0997320485358794e-13,2.4672447682442227e-12,7.4459190390209e-12,1.9108651457011102e-09,0.007142761521862997
Li metal,823.8971381640165,15.428785358876715,927.5,1.0,1.1046785601029913e-13,2.438086643511086e-12,7.4524490508681e-12,1.9208661492514998e-09,0.00716308208021412
Li metal,828.3965023230646,15.51304311466413,926.5,1.0,1.1096571615047636e-13,2.409347752174308e-12,7.458960670425755e-12,1.9308454233902503e-09,0.007183530820395675
Li metal,832.8927163065699,15.597241878400185,925.5,1.0,1.1146681257526884e-13,2.38102304387316e-12,7.465453885493726e-12,1.9408033671321926e-09,0.00720410663836546
Li metal,837.3857789207151,15.681381627728745,924.5,1.0,1.1197117287391737e-13,2.3531074228291364e-12,7.471928683846353e-12,1.950740374411742e-09,0.007224808477162438
Li metal,841.8756889699408,15.765462340261063,923.5,1.0,1.124788249273915e-13,2.3255957563357088e-12,7.478385053232487e-12,1.960656834046238e-09,0.007245635325893727
Li metal,846.3624452569408,15.849483993575669,922.5,1.0,1.1298979691207706e-13,2.298482882711646e-12,7.484822981375411e-12,1.970553129707237e-09,0.007266586218743486
Li metal,850.8460465826572,15.933446565218297,921.5,1.0,1.1350411730351747e-13,2.2717636187432035e-12,7.491242455972677e-12,1.9804296398992564e-09,0.007287660234003645
Li metal,855.3264917462769,16.017350032701813,920.5,1.0,1.1402181488021341e-13,2.2454327666396416e-12,7.497643464696088e-12,1.9902867379454725e-09,0.007308856493126428
Li metal,859.8037795452263,16.10119437350611,919.5,1.0,1.1454291872747564e-13,2.21948512052581e-12,7.504025995191587e-12,2.0001247919799175e-09,0.007330174159798559
Li metal,864.2779087751674,16.184979565078038,918.5,1.0,1.150674582413367e-13,2.193915472494679e-12,7.510390035079207e-12,2.009944164945733e-09,0.0073516124390370545
Li metal,868.7488782299923,16.268705584831316,917.5,1.0,1.1559546313251916e-13,2.168718618241874e-12,7.516735571952908e-12,2.0197452145990602e-09,0.007373170576306434
Li metal,873.2166867018199,16.35237241014644,916.5,1.0,1.1612696343046355e-13,2.1438893623035584e-12,7.523062593380485e-12,2.0295282935181747e-09,0.0073948478566571805
Li metal,877.6813329809906,16.43598001837061,915.5,1.0,1.1666198948741975e-13,2.11942252291827e-12,7.529371086903683e-12,2.039293749117484e-09,0.007416643603885269
Li metal,882.1428158560623,16.519528386817644,914.5,1.0,1.1720057198259181e-13,2.0953129365320952e-12,7.535661040037808e-12,2.049041923666037e-09,0.007438557179712539
Li metal,886.6011341138047,16.603017492767876,913.5,1.0,1.1774274192635332e-13,2.071555461966549e-12,7.541932440271886e-12,2.0587731543102017e-09,0.007460587982987687
Li metal,891.0562865391962,16.686447313468094,912.5,1.0,1.1828853066451915e-13,2.0481449842669103e-12,7.54818527506841e-12,2.0684877731002013e-09,0.007482735448907624
Li metal,895.508271915418,16.769817826131423,911.5,1.0,1.1883796988268651e-13,2.0250764182486747e-12,7.55441953186333e-12,2.078186107020196e-09,0.007504999048258954
Li metal,899.9570890238507,16.853129007937277,910.5,1.0,1.193910916106389e-13,2.002344711758657e-12,7.560635198065985e-12,2.0878684780216313e-09,0.007527378286679303
Li metal,904.4027366440682,16.93638083603124,909.5,1.0,1.199479282268168e-13,1.9799448486667154e-12,7.566832261058988e-12,2.097535203059584e-09,0.007549872703938193
Li metal,908.8452135538345,17.01957328752499,908.5,1.0,1.2050851246285516e-13,1.9578718516032015e-12,7.573010708198049e-12,2.1071865941318478e-09,0.0075724818732372055
Li metal,913.2845185290977,17.10270633949621,907.5,1.0,1.2107287740819348e-13,1.9361207844569076e-12,7.579170526812065e-12,2.116822958320525e-09,0.007595205400529108
Li metal,917.7206503439863,17.18577996898851,906.5,1.0,1.2164105651474983e-13,1.914686754647083e-12,7.585311704202814e-12,2.1264445978358893e-09,0.007618042923855666
Li metal,922.1536077708043,17.268794153011317,905.5,1.0,1.2221308360167358e-13,1.8935649151829905e-12,7.591434227645142e-12,2.1360518100623192e-09,0.0076409941127038
Li metal,926.583389580026,17.35174886853981,904.5,1.0,1.227889928601621e-13,1.872750466523325e-12,7.59753808438653e-12,2.1456448876060894e-09,0.007664058667379815
Li metal,931.0099945402916,17.434644092514823,903.5,1.0,1.233688188583589e-13,1.8522386582477793e-12,7.60362326164728e-12,2.1552241183448427e-09,0.007687236318401347
Li metal,935.4334214184023,17.51747980184274,902.5,1.0,1.2395259654632283e-13,1.8320247905518655e-12,7.609689746620305e-12,2.1647897854785613e-09,0.007710526825906729
Li metal,939.8536689793156,17.60025597339542,901.5,1.0,1.2454036126107337e-13,1.812104215576031e-12,7.61573752647105e-12,2.1743421675818695e-09,0.007733929979081464
Li metal,944.2707359861408,17.682972584010127,900.5,1.0,1.25132148731716e-13,1.7924723385792088e-12,7.621766588337408e-12,2.1838815386575177e-09,0.007757445595601464
Li metal,948.6846212001336,17.76562961048939,899.5,1.0,1.2572799508464452e-13,1.7731246189666947e-12,7.627776919329626e-12,2.1934081681908986e-09,0.007781073521092749
Li metal,953.0952670194127,17.848225974146306,898.5,1.0,1.2632470717050604e-13,1.7540117272727515e-12,7.619392467034878e-12,2.2029078970923765e-09,0.007804863266559108
Li metal,957.5026158617314,17.93076059666164,897.5,1.0,1.269255172642708e-13,1.7351749913534647e-12,7.596839687374821e-12,2.212366837288369e-09,0.007828864612761291
Li metal,961.9066665257977,18.013233455539282,896.5,1.0,1.2753046233922225e-13,1.7166100185340292e-12,7.57431006925115e-12,2.2217852878384935e-09,0.007853076983063124
Li metal,966.307417808542,18.09564452824985,895.5,1.0,1.2813957978284264e-13,1.698312473520315e-12,7.55180362340425e-12,2.231163543515201e-09,0.007877499852531921
Li metal,970.7048685051114,18.17799379223055,894.5,1.0,1.2875290740236775e-13,1.6802780788214832e-12,7.529320360593869e-12,2.2405018948620186e-09,0.007902132746693488
Li metal,975.099017408866,18.26028122488513,893.5,1.0,1.2937048343042347e-13,1.6625026150756148e-12,7.506860291599136e-12,2.249800628252124e-09,0.007926975240336634
Li metal,979.4898633113734,18.34250680358377,892.5,1.0,1.2999234653075292e-13,1.6449819212850194e-12,7.484423427218613e-12,2.2590600259471585e-09,0.00795202695636532
Li metal,983.8774050024049,18.424670505663013,891.5,1.0,1.3061853580403336e-13,1.6277118949675856e-12,7.46200977827031e-12,2.2682803661562e-09,0.007977287564696543
Li metal,988.2616412699305,18.506772308425663,890.5,1.0,1.3124909079378524e-13,1.6106884922301566e-12,7.439619355591845e-12,2.277461923094816e-09,0.008002756781202252
Li metal,992.6425709001129,18.58881218914069,889.5,1.0,1.31884051492372e-13,1.5939077277695383e-12,7.417252170040419e-12,2.2866049670441184e-09,0.008028434366693621
Li metal,997.0201926773059,18.67079012504318,888.5,1.0,1.3252345834709887e-13,1.577365674806476e-12,7.394908232492969e-12,2.295709764409765e-09,0.008054320125946049
Li metal,1001.3945053840458,18.75270609333419,887.5,1.0,1.3316735226640232e-13,1.5610584649576095e-12,7.372587553846085e-12,2.3047765777808353e-09,0.008080413906763407
Li metal,1005.7655078010497,18.834560071180707,886.5,1.0,1.338157746261434e-13,1.5449822880502054e-12,7.350290145016197e-12,2.313805665988528e-09,0.00810671559908004
Li metal,1010.1331987072094,18.91635203571553,885.5,1.0,1.344687672759981e-13,1.5291333918840258e-12,7.328016016939618e-12,2.3227972841646275e-09,0.008133225134099142
Li metal,1014.4975768795863,18.998081964037194,884.5,1.0,1.3512637254595013e-13,1.5135080819445835e-12,7.30576518057255e-12,2.3317516837996905e-09,0.008159942483466194
Li metal,1018.8586410934074,19.079749833209874,883.5,1.0,1.3578863325288665e-13,1.498102721071744e-12,7.28353764689116e-12,2.3406691128009063e-09,0.008186867658476154
Li metal,1023.2163901220605,19.161355620263304,882.5,1.0,1.3645559270730278e-13,1.4829137290873748e-12,7.261333426891719e-12,2.3495498155495926e-09,0.008214000709313229
Li metal,1027.570822737088,19.24289930219266,881.5,1.0,1.3712729472010832e-13,1.4679375823855153e-12,7.239152531590548e-12,2.3583940329582888e-09,0.00824134172432202
Li metal,1031.921937708184,19.324380855958502,880.5,1.0,1.3780378360954905e-13,1.4531708134883825e-12,7.216994972024155e-12,2.3672020025274107e-09,0.008268890829308987
Li metal,1036.2697338031883,19.405800258486668,879.5,1.0,1.3848510420823797e-13,1.4386100105712962e-12,7.194860759249334e-12,2.3759739584014394e-09,0.008296648186873104
Li metal,1040.6142097880804,19.48715748666817,878.5,1.0,1.391713018702958e-13,1.4242518169593268e-12,7.172749904343025e-12,2.384710131424612e-09,0.008324613995764747
Li metal,1044.955364426978,19.568452517359137,877.5,1.0,1.398624224786166e-13,1.4100929305985936e-12,7.150662418402709e-12,2.393410749196092e-09,0.008352788490271802
Li metal,1049.2931964821275,19.649685327380663,876.5,1.0,1.4055851245224144e-13,1.3961301035044408e-12,7.128598312546181e-12,2.402076036124595e-09,0.008381171939632106
Li metal,1053.6277047139033,19.730855893518786,875.5,1.0,1.4125961875385717e-13,1.382360141189167e-12,7.106557597911724e-12,2.4107062134824495e-09,0.008409764647471268
Li metal,1057.9588878808,19.811964192524346,874.5,1.0,1.4196578889741776e-13,1.3687799020713902e-12,7.084540285658223e-12,2.4193014994590766e-09,0.00843856695126509
Li metal,1062.2867447394285,19.89301020111289,873.5,1.0,1.426770709558872e-13,1.3553862968691303e-12,7.0625463869651296e-12,2.4278621092138666e-09,0.008467579221825733
Li metal,1066.6112740445105,19.973993895964615,872.5,1.0,1.4339351356911177e-13,1.3421762879786237e-12,7.040575913032596e-12,2.436388254928447e-09,0.008496801862810826
Li metal,1070.9324745488743,20.05491525372424,871.5,1.0,1.4411516595182046e-13,1.3291468888406405e-12,7.0186288750814915e-12,2.444880145858321e-09,0.008526235310254858
Li metal,1075.2503450034487,20.135774251000914,870.5,1.0,1.4484207790175858e-13,1.3162951632960448e-12,6.996705284353561e-12,2.4533379883838724e-09,0.00855588003212204
Li metal,1079.5648841572595,20.21657086436815,869.5,1.0,1.4557429980795025e-13,1.3036182249321349e-12,6.974805152111326e-12,2.461761986060724e-09,0.008585736527880002
Li metal,1083.8760907574217,20.2973050703637,868.5,1.0,1.463118826591066e-13,1.2911132364213013e-12,6.952928489638344e-12,2.4701523396694428e-09,0.008615805328093692
Li metal,1088.1839635491372,20.377976845489457,867.5,1.0,1.470548780521638e-13,1.2787774088533202e-12,6.9310753082391e-12,2.4785092472645875e-09,0.0086460869940388
Li metal,1092.4885012756881,20.458586166211386,866.5,1.0,1.4780333820097006e-13,1.266608001062636e-12,6.909245619239225e-12,2.4868329042230903e-09,0.008676582117334151
Li metal,1096.7897026784324,20.539133008959407,865.5,1.0,1.485573159451123e-13,1.254602318951733e-12,6.887439433985446e-12,2.4951235032919727e-09,0.008707291319592464
Li metal,1101.0875664967975,20.619617350127292,864.5,1.0,1.493168647588926e-13,1.2427577148117749e-12,6.865656763845682e-12,2.503381234635389e-09,0.00873821525208895
Li metal,1105.3820914682767,20.700039166072596,863.5,1.0,1.5008203876045535e-13,1.2310715866415324e-12,6.843897620209176e-12,2.5116062858810004e-09,0.008769354595447221
Li metal,1109.6732763284228,20.78039843311653,862.5,1.0,1.5085289272106518e-13,1.219541377465489e-12,6.8221620144864735e-12,2.5197988421656735e-09,0.00880071005934199
Li metal,1113.9611198108437,20.860695127543888,861.5,1.0,1.5162948207454247e-13,1.2081645746520847e-12,6.800449958109565e-12,2.5279590861805096e-09,0.008832282382218101
Li metal,1118.2456206471957,20.94092922560291,860.5,1.0,1.524118629268563e-13,1.1969387092328406e-12,6.778761462531857e-12,2.536087198215201e-09,0.00886407233102542
Li metal,1122.52677756718,21.021100703505244,859.5,1.0,1.5320009206588246e-13,1.185861355223175e-12,6.757096539228384e-12,2.5441833562017184e-09,0.00889608070096915
Li metal,1126.804589298537,21.101209537425785,858.5,1.0,1.5399422697132238e-13,1.174930128945537e-12,6.735455199695731e-12,2.552247735757331e-09,0.008928308315275147
Li metal,1131.079054567039,21.181255703502604,857.5,1.0,1.5479432582479276e-13,1.1641426883555704e-12,6.7138374554521976e-12,2.5602805102269636e-09,0.008960756024969848
Li metal,1135.3501720964887,21.261239177836863,856.5,1.0,1.5560044752008745e-13,1.1534967323718021e-12,6.692243318037828e-12,2.5682818507248934e-09,0.008993424708674381
Li metal,1139.6179406087094,21.341159936492687,855.5,1.0,1.5641265167361277e-13,1.1429900002094754e-12,6.670672799014503e-12,2.576251926175791e-09,0.009026315272412568
Li metal,1143.8823588235432,21.421017955497064,854.5,1.0,1.5723099863500045e-13,1.1326202707189524e-12,6.649125909965985e-12,2.584190903355111e-09,0.009059428649432382
Li metal,1148.1434254588441,21.500813210839773,853.5,1.0,1.580555494979054e-13,1.1223853617291737e-12,6.627602662498022e-12,2.5920989469288362e-09,0.009092765800040589
Li metal,1152.4011392304724,21.580545678473264,852.5,1.0,1.5888636611098407e-13,1.1122831293965334e-12,6.60610306823833e-12,2.5999762194925823e-09,0.009126327711450218
Li metal,1156.6554988522894,21.66021533431254,851.5,1.0,1.5972351108906876e-13,1.102311467559626e-12,6.584627138836838e-12,2.607822881610068e-09,0.009160115397640575
Li metal,1160.9065030361528,21.73982215423507,850.5,1.0,1.6056704782452597e-13,1.0924683071000572e-12,6.563174885965548e-12,2.6156390918509582e-09,0.009194129899229474
Li metal,1165.1541504919105,21.81936611408072,849.5,1.0,1.6141704049881935e-13,1.0827516153097818e-12,6.5417463213187886e-12,2.6234250068280856e-09,0.009228372283357454
Li metal,1169.3985081362955,21.898848466971824,848.5,1.0,1.622787718732342e-13,1.0731939018644698e-12,6.526631240673144e-12,2.6311871107424964e-09,0.009262823344203282
Li metal,1173.6396428570258,21.978270465487373,847.5,1.0,1.6314715170589902e-13,1.0637581300929965e-12,6.517605013920548e-12,2.6389316210382158e-09,0.009297462787006777
Li metal,1177.8775533038317,22.057632084341417,846.5,1.0,1.6402224737336516e-13,1.0544423834453186e-12,6.5085828963523716e-12,2.646658668565387e-09,0.00933229172495442
Li metal,1182.1122381242844,22.136933298207577,845.5,1.0,1.6490412710014808e-13,1.0452447791010203e-12,6.4995648885384144e-12,2.6543683823601266e-09,0.0093673112909911
Li metal,1186.3436959637907,22.216174081718925,844.5,1.0,1.6579285997150375e-13,1.0361634673770705e-12,6.49055099104759e-12,2.6620608896785227e-09,0.009402522637837182
Li metal,1190.571925465585,22.295354409467887,843.5,1.0,1.6668851594642207e-13,1.0271966311431224e-12,6.4815412044478295e-12,2.66973631603006e-09,0.009437926938012263
Li metal,1194.7969252707267,22.374474256006117,842.5,1.0,1.675911658708558e-13,1.0183424852445015e-12,6.472535529306168e-12,2.6773947852104816e-09,0.009473525383865486
Li metal,1199.0186940180902,22.453533595844384,841.5,1.0,1.6850088149117608e-13,1.009599275932973e-12,6.463533966188616e-12,2.6850364193340942e-09,0.009509319187612384
Li metal,1203.2372303443617,22.532532403452464,840.5,1.0,1.6941773546787205e-13,1.0009652803053935e-12,6.454536515660234e-12,2.692661338865528e-09,0.009545309581378144
Li metal,1207.4525328840311,22.61147065325901,839.5,1.0,1.703418013894902e-13,9.924388057502962e-13,6.445543178285093e-12,2.7002696626509525e-09,0.009581497817247266
Li metal,1211.6646002693878,22.690348319651456,838.5,1.0,1.7127315378682397e-13,9.840181894024874e-13,6.436553954626339e-12,2.7078615079487684e-09,0.009617885167319524
Li metal,1215.873431130513,22.769165376975895,837.5,1.0,1.7221186814735086e-13,9.7570179760566e-13,6.427568845246046e-12,2.7154369904597676e-09,0.009654472923772197
Li metal,1220.0790240952738,22.84792179953696,836.5,1.0,1.7315802092993536e-13,9.674880253830862e-13,6.418587850705328e-12,2.722996224356786e-09,0.009691262398928513
Li metal,1224.2813777893173,22.9266175615977,835.5,1.0,1.741116895797885e-13,9.593752959163842e-13,6.409610971564263e-12,2.730539322313846e-09,0.009728254925332235
Li metal,1228.4804908360643,23.005252637379478,834.5,1.0,1.7507295254370069e-13,9.513620600323822e-13,6.400638208381926e-12,2.738066395534804e-09,0.009765451855828394
Li metal,1232.6763618567027,23.08382700106185,833.5,1.0,1.7604188928554635e-13,9.434467956980426e-13,6.391669561716382e-12,2.745577553781504e-09,0.009802854563650086
Li metal,1236.8689894701818,23.162340626782427,832.5,1.0,1.770185803020686e-13,9.356280075234494e-13,6.38270503212464e-12,2.7530729054014542e-09,0.009840464442511314
Li metal,1241.0583722932051,23.240793488636797,831.5,1.0,1.7800310713894999e-13,9.279042262728435e-13,6.373744620162662e-12,2.7605525573550285e-09,0.009878282906705843
Li metal,1245.2445089402252,23.319185560678374,830.5,1.0,1.7899555240717555e-13,9.202740083836516e-13,6.364788326385355e-12,2.7680166152422047e-09,0.009916311391212034
Li metal,1249.4273980234357,23.39751681691827,829.5,1.0,1.7999599979969317e-13,9.127359354934907e-13,6.355836151346592e-12,2.7754651833288446e-09,0.009954551351803662
Li metal,1253.6070381527663,23.475787231325214,828.5,1.0,1.810045341083748e-13,9.052886139750641e-13,6.34688809559912e-12,2.782898364572527e-09,0.009993004265166637
Li metal,1257.7834279358763,23.5539967778254,827.5,1.0,1.8202124124129565e-13,8.9793067447896e-13,6.3379441596947045e-12,2.790316260647942e-09,0.010031671629021677
Li metal,1261.9565659781465,23.63214543030237,826.5,1.0,1.830462082403184e-13,8.906607714841987e-13,6.329004344183917e-12,2.7977189719718504e-09,0.010070554962252877
Li metal,1266.1264508826753,23.71023316259691,825.5,1.0,1.8407952329901143e-13,8.834775828565823e-13,6.320068649616299e-12,2.805106597727622e-09,0.01010965580504217
Li metal,1270.293081250269,23.788259948506912,824.5,1.0,1.8512127578089192e-13,8.763798094146636e-13,6.311137076540276e-12,2.812479235889358e-09,0.010148975719009697
Li metal,1274.4564556794394,23.866225761787256,823.5,1.0,1.8617155623800592e-13,8.693661745033374e-13,6.302209625503136e-12,2.819836983245602e-09,0.010188516287360049
Li metal,1278.616572766393,23.944130576149675,822.5,1.0,1.8723045642985447e-13,8.624354235749533e-13,6.293286297051078e-12,2.8271799354226582e-09,0.010228279115034405
Li metal,1282.7734311050265,24.02197436526267,821.5,1.0,1.882980693426685e-13,8.555863237778532e-13,6.28436709172913e-12,2.834508186907508e-09,0.010268265828868568
Li metal,1286.9270292869212,24.099757102751333,820.5,1.0,1.8937448920904872e-13,8.488176635522977e-13,6.275452010081273e-12,2.8418218310703507e-09,0.010308478077756875
Li metal,1291.0773659013341,24.177478762197264,819.5,1.0,1.9045981152795948e-13,8.42128252233602e-13,6.266541052650189e-12,2.8491209601867624e-09,0.010348917532822046
Li metal,1295.2244395351925,24.255139317138436,818.5,1.0,1.9155413308511467e-13,8.355169196625375e-13,6.257634219977537e-12,2.8564056654594878e-09,0.010389585887590935
Li metal,1299.368248773087,24.332738741069047,817.5,1.0,1.9265755197372807e-13,8.289825158027567e-13,6.2487315126037185e-12,2.863676037039868e-09,0.010430484858176216
Li metal,1303.5087921972656,24.41027700743943,816.5,1.0,1.937701676156691e-13,8.22523910365253e-13,6.239832931068025e-12,2.870932164048917e-09,0.010471616183464044
Li metal,1307.6460683876253,24.4877540896559,815.5,1.0,1.9489208078300652e-13,8.161399924397086e-13,6.230938475908496e-12,2.8781741345980482e-09,0.010512981625307673
Li metal,1311.7800759217062,24.565169961080638,814.5,1.0,1.9602339361996767e-13,8.098296701326757e-13,6.222048147662044e-12,2.885402035809463e-09,0.010554582968727104
Li metal,1315.9108133746856,24.64252459503156,813.5,1.0,1.9716420966530752e-13,8.035918702124414e-13,6.213161946864312e-12,2.892615953836205e-09,0.010596422022114733
Li metal,1320.0382793193696,24.7198179647822,812.5,1.0,1.9831463387510903e-13,7.974255377605343e-13,6.2042798740497494e-12,2.8998159738818904e-09,0.01063850061744711
Li metal,1324.1624723261875,24.797050043561562,811.5,1.0,1.9947477264601557e-13,7.913296358297496e-13,6.195401929751625e-12,2.907002180220118e-09,0.01068082061050276
Li metal,1328.2833909631834,24.874220804553996,810.5,1.0,2.0064473383890575e-13,7.85303145108573e-13,6.186528114501937e-12,2.9141746562135673e-09,0.01072338388108617
Li metal,1332.4010337960112,24.951330220899084,809.5,1.0,2.0182462680302342e-13,7.793450635919424e-13,6.177658428831376e-12,2.9213334843327936e-09,0.01076619233325794
Li metal,1336.5153993879264,25.028378265691508,808.5,1.0,2.0301456240057608e-13,7.734544062582558e-13,6.1687928732695075e-12,2.928478746174722e-09,0.010809247895571165
Li metal,1340.6264862997791,25.10536491198088,807.5,1.0,2.042146530317992e-13,7.676302047524518e-13,6.1599314483445535e-12,2.935610522480851e-09,0.010852552521314111
Li metal,1344.7342930900074,25.18229013277167,806.5,1.0,2.0542501266051092e-13,7.618715070751585e-13,6.1510741545834756e-12,2.94272889315517e-09,0.010896108188759187
Li metal,1348.8388183146303,25.259153901023037,805.5,1.0,2.0664575684015783e-13,7.56177377277748e-13,6.142220992511917e-12,2.9498339372818e-09,0.010939916901418306
Li metal,1352.9400605272406,25.335956189648698,804.5,1.0,2.078770027403744e-13,7.505468951632437e-13,6.133371962654312e-12,2.9569257331423577e-09,0.010983980688304688
Li metal,1357.0380182789977,25.412696971516812,803.5,1.0,2.0911886917404899e-13,7.449791559929166e-13,6.124527065533719e-12,2.9640043582330583e-09,0.011028301604201167
Li metal,1361.132690118621,25.48937621944983,802.5,1.0,2.103714766249268e-13,7.394732701985565e-13,6.115686301671897e-12,2.971069889281554e-09,0.011072881729935032
Li metal,1365.224074592382,25.56599390622438,801.5,1.0,2.1163494727575258e-13,7.340283631002571e-13,6.106849671589282e-12,2.978122402263519e-09,0.011117723172659523
Li metal,1369.3121702440974,25.64255000457111,800.5,1.0,2.1290940503696463e-13,7.28643574629655e-13,6.098017175805034e-12,2.985161972418991e-09,0.011162828066142005
Li metal,1373.3969756151216,25.719044487174564,799.5,1.0,2.1419497557594996e-13,7.23318059058485e-13,6.0891888148368514e-12,2.992188674268462e-09,0.011208198571058928
Li metal,1377.4784941639343,25.795477418800267,798.5,1.0,2.1549230603636048e-13,7.180527164157701e-13,6.083335375195453e-12,2.9992055546661096e-09,0.011253825892926634
Li metal,1381.5567293449972,25.87184886413852,797.5,1.0,2.1680101299084867e-13,7.128449742892054e-13,6.0804350316489745e-12,3.0062156356850384e-09,0.011299701105626432
Li metal,1385.631679689148,25.948158795676928,796.5,1.0,2.1812122765646134e-13,7.076940287625746e-13,6.077529277526151e-12,3.0132189802189837e-09,0.011345826371860171
Li metal,1389.7033437247255,26.024407185856283,795.5,1.0,2.194530831317001e-13,7.025990892189202e-13,6.074618106929712e-12,3.0202156504982642e-09,0.0113922038803466
Li metal,1393.7717199775598,26.100594007070406,794.5,1.0,2.207967144288321e-13,6.975593780945761e-13,6.071701513946316e-12,3.027205708104734e-09,0.011438835846143513
Li metal,1397.8368069709668,26.17671923166604,793.5,1.0,2.2215225850685752e-13,6.925741306380172e-13,6.068779492646733e-12,3.0341892139865257e-09,0.011485724510976495
Li metal,1401.8986032257396,26.25278283194269,792.5,1.0,2.235198543051236e-13,6.876425946733528e-13,6.065852037085521e-12,3.0411662284725896e-09,0.011532872143574372
Li metal,1405.9571072601423,26.328784780152475,791.5,1.0,2.248996427776286e-13,6.827640303684762e-13,6.062919141301106e-12,3.0481368112870366e-09,0.011580281040011471
Li metal,1410.0123175899002,26.404725048500005,790.5,1.0,2.2629176692801373e-13,6.779377100077156e-13,6.0599807993156654e-12,3.055101021563288e-09,0.011627953524056782
Li metal,1414.0642327281953,26.480603609142232,789.5,1.0,2.2769637184526543e-13,6.731629177689385e-13,6.05703700513508e-12,3.0620589178580375e-09,0.01167589194753016
Li metal,1418.1128511856552,26.5564204341883,788.5,1.0,2.291136047401406e-13,6.68438949505005e-13,6.054087752748851e-12,3.0690105581650317e-09,0.011724098690665654
Li metal,1422.1581714703489,26.632175495699418,787.5,1.0,2.3054361498234005e-13,6.637651125294934e-13,6.051133036130065e-12,3.0759559999286736e-09,0.011772576162482087
Li metal,1426.2001920877767,26.7078687656887,786.5,1.0,2.3198655413843487e-13,6.591407254066158e-13,6.048172849235271e-12,3.082895300057454e-09,0.011821326801161009
Li metal,1430.2389115408637,26.783500216121045,785.5,1.0,2.3344257601057725e-13,6.545651177452597e-13,6.045207186004525e-12,3.089828514937214e-09,0.011870353074432145
Li metal,1434.274328329952,26.859069818912957,784.5,1.0,2.349118366759954e-13,6.500376299970227e-13,6.042236040361106e-12,3.0967557004442483e-09,0.01191965747996646
Li metal,1438.306440952792,26.93457754593243,783.5,1.0,2.3639449452732136e-13,6.455576132582515e-13,6.039259406211703e-12,3.1036769119582457e-09,0.011969242545776991
Li metal,1442.335247904536,27.0100233689988,782.5,1.0,2.378907103137343e-13,6.411244290759164e-13,6.036277277446184e-12,3.1105922043750815e-09,0.012019110830627533
Li metal,1446.3607476777297,27.085407259882576,781.5,1.0,2.394006471829676e-13,6.367374492573015e-13,6.0332896479375696e-12,3.1175016321194593e-09,0.01206926492444938
Li metal,1450.3829387623039,27.160729190305315,780.5,1.0,2.409244707241866e-13,6.323960556834253e-13,6.030296511541973e-12,3.1244052491574087e-09,0.012119707448766203
Li metal,1454.4018196455672,27.235989131939462,779.5,1.0,2.4246234901175984e-13,6.280996401261034e-13,6.0272978620985124e-12,3.1313031090086453e-09,0.012170441057127253
Li metal,1458.417388812199,27.311187056408222,778.5,1.0,2.4401445264994865e-13,6.238476040685988e-13,6.024293693429254e-12,3.138195264758793e-09,0.012221468435549018
Li metal,1462.4296447442389,27.38632293528537,777.5,1.0,2.455809548185324e-13,6.196393585297827e-13,6.021283999339142e-12,3.1450817690714805e-09,0.012272792302965477
Li metal,1466.438585921081,27.461396740095147,776.5,1.0,2.4716203131939213e-13,6.154743238917332e-13,6.01826877361589e-12,3.1519626742003074e-09,0.012324415411687148
Li metal,1470.4442108194658,27.53640844231209,775.5,1.0,2.487578606240859e-13,6.113519297307123e-13,6.015248010030011e-12,3.158838032000692e-09,0.012376340547869034
Li metal,1474.4465179134702,27.611358013360864,774.5,1.0,2.503686239224168e-13,6.072716146514285e-13,6.012221702334583e-12,3.1657078939416005e-09,0.012428570531987697
Li metal,1478.4455056745023,27.686245424616146,773.5,1.0,2.5199450517204835e-13,6.032328261245745e-13,6.009189844265345e-12,3.1725723111171625e-09,0.01248110821932756
Li metal,1482.4411725712905,27.761070647402445,772.5,1.0,2.536356911491645e-13,5.99235020327505e-13,6.006152429540531e-12,3.1794313342581798e-09,0.012533956500476699
Li metal,1486.433517069877,27.83583365299395,771.5,1.0,2.552923715002179e-13,5.952776619880406e-13,6.003109451860799e-12,3.1862850137435288e-09,0.012587118301832201
Li metal,1490.4225376336096,27.91053441261441,770.5,1.0,2.5696473879478227e-13,5.913602242313188e-13,6.000060904909151e-12,3.193133399611464e-09,0.012640596586115363
Li metal,1494.4082327231322,27.985172897436932,769.5,1.0,2.586529885795495e-13,5.87482188429639e-13,5.997006782350933e-12,3.199976541570824e-09,0.012694394352896883
Li metal,1498.3906007963776,28.05974907858385,768.5,1.0,2.603573194334796e-13,5.836430440552225e-13,5.99394707783368e-12,3.2068144890121465e-09,0.012748514639132217
Li metal,1502.3696403085594,28.134262927126578,767.5,1.0,2.6207793302414913e-13,5.798422885358459e-13,5.990881784987062e-12,3.2136472910186937e-09,0.012802960519707345
Li metal,1506.3453497121625,28.20871441408544,766.5,1.0,2.6381503416532586e-13,5.760794271132947e-13,5.987810897422878e-12,3.2204749963773953e-09,0.012857735107995129
Li metal,1510.3177274569362,28.283103510429516,765.5,1.0,2.655688308757808e-13,5.723539727045444e-13,5.984734408734796e-12,3.2272976535897102e-09,0.012912841556422458
Li metal,1514.286771989885,28.357430187076496,764.5,1.0,2.673395344394045e-13,5.686654457656785e-13,5.981652312498517e-12,3.234115310882414e-09,0.012968283057048422
Li metal,1518.252481755259,28.431694414892487,763.5,1.0,2.691273594666234e-13,5.650133741584149e-13,5.978564602271548e-12,3.2409280162183103e-09,0.013024062842153739
Li metal,1522.2148551945475,28.505896164691897,762.5,1.0,2.7093252395716726e-13,5.613972930192363e-13,5.975471271593111e-12,3.24773581730688e-09,0.013080184184841609
Li metal,1526.1738907464696,28.580035407237258,761.5,1.0,2.727552493642273e-13,5.578167446310644e-13,5.972372313984173e-12,3.2545387616148597e-09,0.013136650399650325
Li metal,1530.1295868469656,28.654112113239055,760.5,1.0,2.745957606600218e-13,5.542712782974096e-13,5.9692677229472854e-12,3.2613368963767645e-09,0.01319346484317777
Li metal,1534.081941929188,28.72812625335558,759.5,1.0,2.764542864028197e-13,5.5076045021896e-13,5.966157491966525e-12,3.268130268605353e-09,0.013250630914718132
Li metal,1538.0309544234933,28.802077798192755,758.5,1.0,2.7833105880545504e-13,5.472838233725575e-13,5.963041614507443e-12,3.2749189251020383e-09,0.01330815205691105
Li metal,1541.9766227574332,28.875966718303992,757.5,1.0,2.802263138053644e-13,5.438409673925051e-13,5.9599200840169145e-12,3.281702912467253e-09,0.013366031756403446
Li metal,1545.9189453557467,28.94979298419001,756.5,1.0,2.821402911361959e-13,5.40431458454177e-13,5.956792893923123e-12,3.2884822771107665e-09,0.013424273544524325
Li metal,1549.8579206403494,29.023556566298677,755.5,1.0,2.8407323440102723e-13,5.370548791598627e-13,5.953660037635485e-12,3.295257065261963e-09,0.013482880997972822
Li metal,1553.7935470303269,29.097257435024847,754.5,1.0,2.8602539114722734e-13,5.337108184268128e-13,5.950521508544596e-12,3.3020273229800816e-09,0.01354185773951973
Li metal,1557.7258229419242,29.17089556071019,753.5,1.0,2.879970129430013e-13,5.303988713774203e-13,5.9473773000219535e-12,3.308793096164424e-09,0.013601207438722866
Li metal,1561.654746788538,29.24447091364303,752.5,1.0,2.899883554556947e-13,5.271186392315556e-13,5.944227405420198e-12,3.3155544305645316e-09,0.013660933812656515
Li metal,1565.5803169807075,29.31798346405819,751.5,1.0,2.919996785318462e-13,5.23869729200907e-13,5.9410718180727155e-12,3.3223113717903373e-09,0.013721040626655256
Li metal,1569.5025319261051,29.391433182136797,750.5,1.0,2.940312462790901e-13,5.206517543854015e-13,5.937910531293768e-12,3.3290639653222955e-09,0.013781531695072532
Li metal,1573.4213900295276,29.464820038006135,749.5,1.0,2.960833271499231e-13,5.17464333671577e-13,5.934743538378365e-12,3.3358122565214954e-09,0.013842410882054217
Li metal,1577.3368958795854,29.53814411759523,748.5,1.0,2.981571366370795e-13,5.143087175955948e-13,5.92674492523543e-12,3.3425514673009634e-09,0.013903702447497888
Li metal,1581.249054059498,29.61140550673217,747.5,1.0,3.0025202402001424e-13,5.111828927078087e-13,5.913908371753994e-12,3.349276810589445e-09,0.013965430654442747
Li metal,1585.1578629603787,29.68460417528799,746.5,1.0,3.0236827154004897e-13,5.080864949103292e-13,5.901082685757437e-12,3.355988348041653e-09,0.014027599750109691
Li metal,1589.0633209704165,29.757740093078958,745.5,1.0,3.0450616614244135e-13,5.050191655005012e-13,5.888267872419462e-12,3.3626861412457153e-09,0.014090214039705225
Li metal,1592.965426474864,29.830813229866365,744.5,1.0,3.066659995703779e-13,5.019805510786885e-13,5.875463936923106e-12,3.3693702517332875e-09,0.014153277887326643
Li metal,1596.864177856029,29.90382355535635,743.5,1.0,3.088480684611586e-13,4.989703034577988e-13,5.862670884460773e-12,3.3760407409896673e-09,0.014216795716885871
Li metal,1600.759573493267,29.976771039199754,742.5,1.0,3.110526744446297e-13,4.959880795745285e-13,5.849888720234239e-12,3.3826976704639206e-09,0.014280772013052407
Li metal,1604.651611762968,30.04965565099191,741.5,1.0,3.1328012424392534e-13,4.930335414022856e-13,5.83711744945463e-12,3.3893411015790213e-09,0.014345211322215773
Li metal,1608.5402910385517,30.1224773602725,740.5,1.0,3.1553072977859623e-13,4.901063558657734e-13,5.8243570773425944e-12,3.395971095742008e-09,0.014410118253467889
Li metal,1612.4256096904537,30.195236136525352,739.5,1.0,3.178048082701567e-13,4.872061947571627e-13,5.811607609128152e-12,3.4025877143541636e-09,0.014475497479605817
Li metal,1616.3075660861196,30.26793194917827,738.5,1.0,3.2010268235015597e-13,4.843327346538733e-13,5.798869050050912e-12,3.4091910188212187e-09,0.014541353738155348
Li metal,1620.1861585899926,30.340564767602856,737.5,1.0,3.224246801708017e-13,4.81485656837877e-13,5.786141405359928e-12,3.4157810705635875e-09,0.014607691832415845
Li metal,1624.0613855635058,30.41313456111434,736.5,1.0,3.2477113551823887e-13,4.786646472165419e-13,5.773424680313851e-12,3.422357931026636e-09,0.014674516632526868
Li metal,1627.933245365072,30.485641298971384,735.5,1.0,3.271423879285372e-13,4.758693962449439e-13,5.760718880180896e-12,3.4289216616909906e-09,0.014741833076557033
Li metal,1631.8017363500735,30.55808495037591,734.5,1.0,3.2953878280646723e-13,4.730995988496453e-13,5.748024010238875e-12,3.4354723240828857e-09,0.014809646171615646
Li metal,1635.666856870853,30.630465484472904,733.5,1.0,3.3196067154714483e-13,4.703549543539051e-13,5.735340075775302e-12,3.442009979784562e-09,0.014877960994987595
Li metal,1639.5286052767046,30.70278287035027,732.5,0.9999999999999998,3.344084116606128e-13,4.676351664042713e-13,5.7226670820873245e-12,3.4485346904447145e-09,0.014946782695292047
Li metal,1643.386979913861,30.775037077038597,731.5,1.0,3.3688236689945604e-13,4.649399428985563e-13,5.710005034481803e-12,3.4550465177889944e-09,0.015016116493665488
Li metal,1647.2419791254877,30.847228073511,730.5,1.0,3.393829073895224e-13,4.622689959151528e-13,5.697353938275348e-12,3.4615455236305745e-09,0.015085967684969694
Li metal,1651.0936012516702,30.919355828682956,729.5,1.0,3.419104097638404e-13,4.596220416436579e-13,5.684713798794318e-12,3.4680317698807763e-09,0.015156341639025177
Li metal,1654.9418446294046,30.991420311412067,728.5,1.0,3.4446525729982496e-13,4.569988003167958e-13,5.672084621374872e-12,3.4745053185597678e-09,0.015227243801870701
Li metal,1658.7867075925888,31.063421490497912,727.5,1.0,3.470478400598624e-13,4.5439899614359946e-13,5.6594664113630304e-12,3.4809662318073344e-09,0.01529867969704953
Li metal,1662.628188472011,31.13535933468185,726.5,1.0,3.496585550353643e-13,4.5182235724382195e-13,5.64685917411464e-12,3.4874145718937282e-09,0.015370654926922956
Li metal,1666.4662855953404,31.207233812646823,725.5,1.0,3.5229780629440105e-13,4.4926861558357405e-13,5.634262914995457e-12,3.4938504012306016e-09,0.015443175174011815
Li metal,1670.3009972871173,31.279044893017176,724.5,1.0,3.5496600513300196e-13,4.467375069121437e-13,5.621677639381181e-12,3.5002737823820277e-09,0.015516246202366638
Li metal,1674.1323218687419,31.350792544358463,723.5,1.0,3.576635702302362e-13,4.442287706999707e-13,5.609103352657421e-12,3.5066847780756155e-09,0.0155898738589671
Li metal,1677.9602576584653,31.42247673517725,722.5,1.0,3.603909278071842e-13,4.417421500777812e-13,5.596540060219809e-12,3.5130834512137203e-09,0.015664064075151495
Li metal,1681.7848029713782,31.49409743392094,721.5,1.0,3.631485117899003e-13,4.3927739177682707e-13,5.583987767474002e-12,3.519469864884761e-09,0.01573882286807695
Li metal,1685.6059561194013,31.56565460897755,720.5,1.0,3.65936763976492e-13,4.368342460702242e-13,5.571446479835712e-12,3.5258440823746435e-09,0.015814156342211106
Li metal,1689.4237154112743,31.637148228675546,719.5,0.9999999999999998,3.687561342084309e-13,4.3441246671536473e-13,5.558916202730739e-12,3.532206167178298e-09,0.01589007069085606
Li metal,1693.2380791525459,31.70857826128363,718.5,1.0,3.716070805462118e-13,4.3201181089737965e-13,5.546396941594951e-12,3.5385561830113367e-09,0.01596657219770533
Li metal,1697.0490456455636,31.77994467501055,717.5,1.0,3.7449006944951206e-13,4.2963203917364525e-13,5.5338887018744494e-12,3.544894193821834e-09,0.016043667238434662
Li metal,1700.856613189463,31.851247438004922,716.5,1.0,3.774055759619345e-13,4.272729154192796e-13,5.521391489025461e-12,3.5512202638022407e-09,0.0161213622823275
Li metal,1704.6607800801562,31.922486518354983,715.5,1.0,3.8035408390052374e-13,4.2493420677364985e-13,5.508905308514458e-12,3.5575344574014293e-09,0.016199663893935984
Li metal,1708.4615446103228,31.99366188408844,714.5,1.0,3.833360860501557e-13,4.226156835878377e-13,5.496430165818154e-12,3.5638368393368857e-09,0.016278578734778382
Li metal,1712.2589050693985,32.064773503172255,713.5,1.0,3.8635208436296353e-13,4.203171193730644e-13,5.483966066423559e-12,3.5701274746070453e-09,0.016358113565073804
Li metal,1716.052859743564,32.13582134351244,712.5,1.0,3.894025901629391e-13,4.1803829075004475e-13,5.471513015827983e-12,3.5764064285037863e-09,0.01643827524551518
Li metal,1719.8434069157352,32.20680537295384,711.5,1.0,3.9248812435587975e-13,4.15778977399259e-13,5.4590710195391086e-12,3.5826737666250804e-09,0.016519070739081432
Li metal,1723.6305448655514,32.277725559279986,710.5,1.0,3.9560921764481463e-13,4.135389620121169e-13,5.446640083074985e-12,3.5889295548878125e-09,0.01660050711288988
Li metal,1727.4142718693645,32.34858187021282,709.5,1.0,3.987664107511039e-13,4.1131803024300477e-13,5.434220211964072e-12,3.5951738595407708e-09,0.016682591540089824
Li metal,1731.1945862002294,32.41937427341254,708.5,1.0,4.019602546413613e-13,4.091159706621982e-13,5.421811411745352e-12,3.6014067471778195e-09,0.016765331301798414
Li metal,1734.9714861278912,32.49010273647737,707.5,1.0,4.05191310760374e-13,4.0693257470960436e-13,5.409413687968215e-12,3.6076282847512577e-09,0.016848733789079844
Li metal,1738.744969918776,32.56076722694337,706.5,1.0,4.0846015127022216e-13,4.047676366493456e-13,5.397027046192589e-12,3.61383853958537e-09,0.01693280650496902
Li metal,1742.5150358359776,32.631367712284224,705.5,1.0,4.1176735929577197e-13,4.0262095352515685e-13,5.384651491988988e-12,3.62003757939018e-09,0.017017557066540817
Li metal,1746.281682139249,32.70190415991103,704.5,1.0,4.1511352917672794e-13,4.004923251165697e-13,5.372287030938522e-12,3.626225472275412e-09,0.0171029932070261
Li metal,1750.0449070849888,32.77237653717207,703.5,1.0,4.1849926672646784e-13,3.9838155389587594e-13,5.359933668632889e-12,3.632402286764667e-09,0.017189122777975782
Li metal,1753.8047089262316,32.84278481135265,702.5,1.0,4.21925189497855e-13,3.9628844498586795e-13,5.347591410674487e-12,3.6385680918098254e-09,0.017275953751474046
Li metal,1757.5610859126364,32.913128949674835,701.5,1.0,4.253919270562418e-13,3.9421280611831834e-13,5.335260262676413e-12,3.6447229568056764e-09,0.01736349422240218
Li metal,1761.3140362904742,32.98340891929727,700.5,1.0,4.2890012125989195e-13,3.9215444759319557e-13,5.322940230262435e-12,3.650866951604792e-09,0.01745175241075422
Li metal,1765.0635583026183,33.053624687314944,699.5,1.0,4.324504265480668e-13,3.901131822386124e-13,5.310631319067194e-12,3.657000146532646e-09,0.017540736664005838
Li metal,1768.8097421588748,33.12377794305009,698.5,1.0,4.360649306644812e-13,3.8810789004816536e-13,5.303098136666554e-12,3.663127417490025e-09,0.017630438180465023
Li metal,1772.5526780322516,33.193870375135795,697.5,1.0,4.3972328275947e-13,3.861191547823783e-13,5.300067861439252e-12,3.6692533277890063e-09,0.017720843712681053
Li metal,1776.2923640884921,33.26390194922269,696.5,1.0,4.434261842224412e-13,3.8414679870770645e-13,5.2970322561555814e-12,3.675377933028092e-09,0.017811961692404794
Li metal,1780.0287984896738,33.33387263089276,695.5,1.0,4.471743504195781e-13,3.8219064643636343e-13,5.2939913132981155e-12,3.6815012893382463e-09,0.0179038006830289
Li metal,1783.7619793941972,33.40378238565913,694.5,1.0,4.509685110280316e-13,3.8025052489012934e-13,5.290945025325304e-12,3.68762345339949e-09,0.017996369382149206
Li metal,1787.491904956771,33.473631178965746,693.5,1.0,4.548094103794602e-13,3.783262632648101e-13,5.287893384671496e-12,3.6937444824578057e-09,0.0180896766241861
Li metal,1791.2185733284007,33.543418976187276,692.5,1.0,4.586978078131738e-13,3.7641769299529443e-13,5.284836383746644e-12,3.699864434342361e-09,0.018183731383067513
Li metal,1794.9419826563753,33.613145742628745,691.5,1.0,4.626344780392633e-13,3.745246477212379e-13,5.281774014936322e-12,3.7059833674830577e-09,0.018278542774975225
Li metal,1798.6621310842554,33.68281144352538,690.5,1.0,4.666202115119701e-13,3.726469632533373e-13,5.278706270601614e-12,3.7121013409284244e-09,0.018374120061156192
Li metal,1802.3790167518587,33.7524160440423,689.5,1.0,4.706558148136528e-13,3.7078447754018464e-13,5.275633143078891e-12,3.7182184143638572e-09,0.018470472650800766
Li metal,1806.0926377952478,33.8219595092743,688.5,1.0,4.74742111049713e-13,3.689370306357034e-13,5.272554624679795e-12,3.7243346481302223e-09,0.018567610103989565
Li metal,1809.8029923467184,33.89144180424566,687.5,1.0,4.788799402548039e-13,3.671044646671426e-13,5.2694707076910475e-12,3.7304501032428356e-09,0.018665542134710944
Li metal,1813.510078534784,33.96086289390981,686.5,1.0,4.830701598107222e-13,3.6528662380362705e-13,5.2663813843743725e-12,3.736564841410825e-09,0.018764278613951083
Li metal,1817.213894484164,34.03022274314914,685.5,1.0,4.87313644876357e-13,3.63483354225251e-13,5.263286646966417e-12,3.7426789250568925e-09,0.018863829572858648
Li metal,1820.9144383157707,34.099521316774734,684.5,1.0,4.916112888300719e-13,3.616945040926931e-13,5.260186487678552e-12,3.748792417337494e-09,0.018964205205986146
Li metal,1824.6117081466948,34.16875857952612,683.5,1.0,4.959640037249693e-13,3.5991992351735994e-13,5.257080898696724e-12,3.754905382163433e-09,0.01906541587461022
Li metal,1828.3057020901929,34.23793449607103,682.5,1.0,5.003727207574608e-13,3.581594645320492e-13,5.253969872181481e-12,3.761017884220904e-09,0.01916747211013298
Li metal,1831.996418255675,34.30704903100515,681.5,1.0,5.048383907495492e-13,3.564129810620985e-13,5.250853400267716e-12,3.767129988992984e-09,0.019270384617566826
Li metal,1835.6838547486886,34.37610214885184,680.5,1.0,5.093619846453371e-13,3.546803288970359e-13,5.247731475064594e-12,3.773241762781591e-09,0.019374164279105033
Li metal,1839.3680096709072,34.445093814061934,679.5,1.0,5.139444940221964e-13,3.529613656627104e-13,5.244604088655379e-12,3.779353272729931e-09,0.01947882215778065
Li metal,1843.0488811201158,34.5140239910134,678.5,1.0,5.185869316171443e-13,3.512559507939057e-13,5.241471233097441e-12,3.78546458684544e-09,0.01958436950121618
Li metal,1846.7264671901976,34.58289264401119,677.5,1.0,5.23290331868881e-13,3.4956394550740063e-13,5.238332900421975e-12,3.791575774023238e-09,0.019690817745466757
Li metal,1850.4007659711194,34.65169973728688,676.5,1.0,5.280557514760779e-13,3.478852127754981e-13,5.23518908263391e-12,3.797686904070124e-09,0.01979817851895944
Li metal,1854.0717755489195,34.72044523499849,675.5,1.0,5.32884269972455e-13,3.462196173000083e-13,5.232039771711885e-12,3.803798047729108e-09,0.019906463646531546
Li metal,1857.7394940056913,34.78912910123017,674.5,1.0,5.377769903192172e-13,3.445670254866529e-13,5.228884959607995e-12,3.809909276704522e-09,0.0200156851535708
Li metal,1861.4039194195716,34.857751299991975,673.5,1.0,5.427350395154632e-13,3.4292730541991466e-13,5.2257246382477344e-12,3.816020663687705e-09,0.020125855270260413
Li metal,1865.065049864725,34.92631179521957,672.5,1.0,5.477595692271778e-13,3.4130032683830325e-13,5.222558799529811e-12,3.822132282383301e-09,0.020236986435932088
Li metal,1868.7228834113318,34.994810550774,671.5,1.0,5.528517564354803e-13,3.3968596111004166e-13,5.21938743532608e-12,3.828244207536173e-09,0.02034909130353028
Li metal,1872.3774181255703,35.063247530441394,670.5,1.0,5.580128041047817e-13,3.380840812091555e-13,5.216210537481393e-12,3.8343565149589676e-09,0.02046218274419088
Li metal,1876.0286520696068,35.131622697932706,669.5,1.0,5.632439418715482e-13,3.364945616919619e-13,5.213028097813426e-12,3.840469281560345e-09,0.02057627385193789
Li metal,1879.676583301577,35.19993601688346,668.5,1.0,5.68546426754425e-13,3.3491727867395025e-13,5.209840108112547e-12,3.846582585373886e-09,0.020691377948501535
Li metal,1883.321209875576,35.26818745085348,667.5,1.0,5.739215438864651e-13,3.3335210980705803e-13,5.2066465601417685e-12,3.852696505587721e-09,0.020807508588261536
Li metal,1886.9625298416397,35.336376963326586,666.5,1.0,5.793706072702367e-13,3.317989342573087e-13,5.2034474456365045e-12,3.858811122574885e-09,0.020924679563319313
Li metal,1890.6005412457337,35.404504517710365,665.5,1.0,5.848949605566626e-13,3.302576326828341e-13,5.2002427563045235e-12,3.864926517924429e-09,0.021042904908703062
Li metal,1894.2352421297355,35.472570077335874,664.5,1.0,5.904959778484085e-13,3.2872808721225016e-13,5.19703248382572e-12,3.8710427744733155e-09,0.021162198907709776
Li metal,1897.8666305314227,35.54057360545735,663.5,1.0,5.96175064528733e-13,3.272101814233995e-13,5.193816619852029e-12,3.877159976339119e-09,0.021282576097388355
Li metal,1901.494704484456,35.60851506525198,662.5,1.0,6.019336581167397e-13,3.25703800322444e-13,5.1905951560073755e-12,3.883278208953566e-09,0.02140405127416828
Li metal,1905.1194620183655,35.67639441981957,661.5,1.0,6.077732291499197e-13,3.2420883032328743e-13,5.187368083887294e-12,3.8893975590969265e-09,0.021526639499638223
Li metal,1908.7409011585364,35.74421163218233,660.5,1.0,6.136952820950989e-13,3.2272515922736195e-13,5.184135395059077e-12,3.895518114933308e-09,0.021650356106479408
Li metal,1912.3590199261916,35.81196666528449,659.5,1.0,6.197013562887201e-13,3.2125267620371894e-13,5.1808970810613786e-12,3.901639966046862e-09,0.021775216704558377
Li metal,1915.9738163383797,35.87965948199213,658.5,1.0,6.257930269076458e-13,3.197912717694715e-13,5.177653133404299e-12,3.907763203478944e-09,0.021901237187184397
Li metal,1919.5852884079575,35.947290045092835,657.5,1.0,6.319719059715255e-13,3.1834083777053255e-13,5.174403543569027e-12,3.913887919766255e-09,0.02202843373753647
Li metal,1923.1934341435751,36.01485831729541,656.5,1.0,6.382396433779864e-13,3.169012673626872e-13,5.171148303007865e-12,3.9200142089800035e-09,0.022156822835265506
Li metal,1926.7982515496622,36.08236426122963,655.5,1.0,6.445979279718081e-13,3.154724549929626e-13,5.16788740314398e-12,3.926142166766112e-09,0.022286421263277123
Li metal,1930.3997386264102,36.149807839445884,654.5,1.0,6.510484886494263e-13,3.140542963813032e-13,5.164620835371316e-12,3.932271890386514e-09,0.022417246114700893
Li metal,1933.9978933697596,36.21718901441497,653.5,1.0,6.575930955000449e-13,3.1264668850254335e-13,5.16134859105442e-12,3.938403478761571e-09,0.022549314800052022
Li metal,1937.592713771382,36.28450774852775,652.5,1.0,6.642335609847881e-13,3.112495295686733e-13,5.158070661528303e-12,3.944537032513653e-09,0.022682645054591655
Li metal,1941.1841978186649,36.351764004094846,651.5,1.0,6.709717411553237e-13,3.098627190113887e-13,5.154787038098255e-12,3.950672654011918e-09,0.02281725494589227
Li metal,1944.7723434946981,36.418957743346404,650.5,1.0,6.778095369135027e-13,3.0848615746492747e-13,5.1514977120397914e-12,3.956810447418336e-09,0.02295316288161482
Li metal,1948.357148778255,36.48608892843174,649.5,1.0,6.847488953135399e-13,3.0711974674917415e-13,5.148202674598371e-12,3.962950518734997e-09,0.02309038761750455
Li metal,1951.9386082242113,36.55315745738223,648.5,1.0,6.917904892514229e-13,3.057628056970464e-13,5.1483306182031665e-12,3.969096402648148e-09,0.02322892787746843
Li metal,1955.5167163823155,36.62016322813325,647.5,1.0,6.989376537106846e-13,3.0441582652966354e-13,5.151881695221209e-12,3.97525163782361e-09,0.0233687827068989
Li metal,1959.0914712167398,36.68710620256066,646.5,1.0,7.061924817523856e-13,3.0307871448051517e-13,5.155414136527487e-12,3.981416323156371e-09,0.02350997148097542
Li metal,1962.662870687277,36.75398634245837,645.5,1.0,7.135571182391559e-13,3.017513759043831e-13,5.158927921471822e-12,3.987590559571986e-09,0.02365251394808675
Li metal,1966.2309127493286,36.82080360953799,644.5,1.0,7.210337613759052e-13,3.0043371826174825e-13,5.162423029339454e-12,3.993774450080963e-09,0.023796430238814496
Li metal,1969.7955953538867,36.887557965428584,643.5,1.0,7.28624664304153e-13,2.9912565010345273e-13,5.1658994393507376e-12,3.999968099834721e-09,0.023941740875176625
Li metal,1973.3569164475155,36.95424937167632,642.5,1.0,7.363321367521217e-13,2.978270810555987e-13,5.1693571306607964e-12,4.0061716161831895e-09,0.02408846678013978
Li metal,1976.9148739723378,37.02087778974415,641.5,1.0,7.441585467428216e-13,2.965379218046991e-13,5.172796082359288e-12,4.012385108734096e-09,0.02423662928740948
Li metal,1980.469465866018,37.08744318101157,640.5,1.0,7.521063223624415e-13,2.952580840830524e-13,5.176216273470042e-12,4.018608689414012e-09,0.024386250151507777
Li metal,1984.020690061743,37.153945506774214,639.5,1.0,7.601779535915231e-13,2.9398748065435155e-13,5.1796176829506896e-12,4.024842472531209e-09,0.024537351558148134
Li metal,1987.5685444882101,37.22038472824363,638.5,1.0,7.683759942014598e-13,2.927260252995198e-13,5.183000289692377e-12,4.031086574840402e-09,0.02468995613491788
Li metal,1991.1130270696044,37.286760806546894,637.5,1.0,7.767030637190026e-13,2.9147363280277916e-13,5.186364072519526e-12,4.037341115609443e-09,0.024844086962278848
Li metal,1994.6541357255871,37.353073702726356,636.5,1.0,7.851618494615343e-13,2.9023021893791777e-13,5.189709010189352e-12,4.043606216688031e-09,0.024999767584897244
Li metal,1998.1918683712759,37.419323377739246,635.5,1.0,7.937551086460846e-13,2.8899570045479007e-13,5.193035081391591e-12,4.049882002578524e-09,0.02515702202331439
Li metal,2001.7262229172277,37.48550979245745,634.5,1.0,8.024856705751399e-13,2.8776999506602536e-13,5.196342264748256e-12,4.056168600508914e-09,0.0253158747859702
Li metal,2005.2571972694238,37.551632907667106,633.5,1.0,8.113564389024129e-13,2.865530214339345e-13,5.199630538813145e-12,4.0624661405080635e-09,0.025476350881591954
Li metal,2008.7847893292483,37.61769268406832,632.5,1.0,8.203703939820008e-13,2.853446991576351e-13,5.20289988207166e-12,4.0687747554832745e-09,0.02563847583196127
Li metal,2012.308996993476,37.68368908227483,631.5,1.0,8.295305953043612e-13,2.8414494876036395e-13,5.206150272940334e-12,4.07509458130028e-09,0.02580227568507287
Li metal,2015.8298181542511,37.74962206281369,630.5,1.0,8.38840184022896e-13,2.829536916769954e-13,5.209381689766556e-12,4.081425756865747e-09,0.025967777028699134
Li metal,2019.3472506990713,37.81549158612493,629.5,1.0,8.483023855749107e-13,2.8177085024175273e-13,5.2125941108282535e-12,4.087768424212392e-09,0.0261350070043751
Li metal,2022.8612925107695,37.88129761256122,628.5,1.0,8.579205124010596e-13,2.805963476761055e-13,5.215787514333521e-12,4.094122728586802e-09,0.02630399332181916
Li metal,2026.3719414674972,37.94704010238758,627.5,1.0,8.676979667674549e-13,2.7943010807685324e-13,5.218961878420179e-12,4.100488818540067e-09,0.026474764273805317
Li metal,2029.8791954427047,38.01271901578098,626.5,1.0,8.776382436949947e-13,2.782720564044023e-13,5.222117181155575e-12,4.106866846021322e-09,0.026647348751503583
Li metal,2033.383052305126,38.07833431283007,625.5,1.0,8.877449340004809e-13,2.7712211847121554e-13,5.225253400536174e-12,4.11325696647433e-09,0.026821776260305696
Li metal,2036.8835099187577,38.143885953534785,624.5,1.0,8.980217274544501e-13,2.759802209304368e-13,5.228370514487151e-12,4.1196593389372025e-09,0.026998076936154178
Li metal,2040.3805661428432,38.209373897806046,623.5,1.0,9.084724160608909e-13,2.748462912646998e-13,5.23146850086209e-12,4.1260741261453905e-09,0.027176281562393427
Li metal,2043.8742188318527,38.27479810546541,622.5,1.0,9.19100897464216e-13,2.737202577750977e-13,5.2345473374425815e-12,4.132501494638073e-09,0.027356421587162377
Li metal,2047.364465835467,38.340158536244694,621.5,1.0,9.29911178489177e-13,2.7260204957033303e-13,5.237607001937937e-12,4.13894161486807e-09,0.027538529141349122
Li metal,2050.8513049985577,38.405455149785716,620.5,1.0,9.4090737881961e-13,2.714915965560182e-13,5.240647471984691e-12,4.14539466131543e-09,0.027722637057128685
Li metal,2054.334734161168,38.470687905639856,619.5,1.0,9.520937348223907e-13,2.703888294241574e-13,5.243668725146396e-12,4.151860812604823e-09,0.027908778887106165
Li metal,2057.814751158496,38.535856763267724,618.5,1.0,9.634746035230246e-13,2.692936796427696e-13,5.246670738913119e-12,4.158340251626902e-09,0.02809698892408838
Li metal,2061.291353820875,38.60096168203886,617.5,1.0,9.750544667398884e-13,2.682060794456838e-13,5.249653490701133e-12,4.164833165663789e-09,0.028287302221508086
Li metal,2064.7645399737544,38.66600262123135,616.5,1.0,9.868379353843356e-13,2.671259618224792e-13,5.252616957852508e-12,4.171339746518848e-09,0.028479754614526072
Li metal,2068.2343074376804,38.73097954003146,615.5,1.0,9.988297539343177e-13,2.660532605085848e-13,5.2555611176347755e-12,4.1778601906509255e-09,0.028674382741837423
Li metal,2071.700654028279,38.795892397533315,614.5,1.0,1.0110348050895582e-12,2.6498790997552406e-13,5.258485947240548e-12,4.184394699313231e-09,0.028871224068209418
Li metal,2075.1635775562345,38.86074115273848,613.5,1.0,1.0234581146167183e-12,2.63929845421303e-13,5.2613914237870286e-12,4.190943478697056e-09,0.02907031690777986
Li metal,2078.623075827272,38.92552576455565,612.5,1.0,1.036104856393519e-12,2.6287900276095563e-13,5.264277524315817e-12,4.197506740080527e-09,0.029271700448145827
Li metal,2082.079146642137,38.99024619180032,611.5,1.0,1.0489803576610652e-12,2.6183531861721383e-13,5.2671442257922994e-12,4.2040846999825974e-09,0.029475414775274225
Li metal,2085.5317877965763,39.05490239319431,610.5,1.0,1.062090104494436e-12,2.6079873031133386e-13,5.26999150510546e-12,4.210677580322508e-09,0.02968150089926697
Li metal,2088.9809970813176,39.119494327365494,609.5,1.0,1.0754397475017497e-12,2.597691758540492e-13,5.272819339067379e-12,4.217285608584932e-09,0.029890000781015145
Li metal,2092.4267722820537,39.18402195284744,608.5,1.0,1.0890351077627788e-12,2.5874659393666053e-13,5.275627704412839e-12,4.2239090179910446e-09,0.030100957359778028
Li metal,2095.8691111794155,39.24848522807894,607.5,1.0,1.1028821830186574e-12,2.5773092392226074e-13,5.2784165777989285e-12,4.2305480476757844e-09,0.03031441458172451
Li metal,2099.30801154896,39.31288411140375,606.5,1.0,1.1169871541248636e-12,2.567221058370898e-13,5.281185935804684e-12,4.237202942871551e-09,0.030530417429476285
Li metal,2102.743471161146,39.377218561070144,605.5,1.0,1.1313563917803071e-12,2.5572008036201873e-13,5.283935754930663e-12,4.243873955098624e-09,0.030749011952693948
Li metal,2106.175487781312,39.441488535230555,604.5,1.0,1.1459964635461251e-12,2.54724788824154e-13,5.286666011598469e-12,4.250561342362593e-09,0.030970245299749084
Li metal,2109.6040591696615,39.50569399194122,603.5,1.0,1.160914141168496e-12,2.5373617318857755e-13,5.289376682150479e-12,4.2572653693591e-09,0.031194165750527574
Li metal,2113.0291830812394,39.56983488916178,602.5,1.0,1.1761164082205871e-12,2.527541760501956e-13,5.292067742849284e-12,4.26398630768622e-09,0.03142082275041127
Li metal,2116.45085726591,39.633911184754865,601.5,1.0,1.191610468079621e-12,2.517787406257185e-13,5.294739169877376e-12,4.270724436064803e-09,0.03165026694548782
Li metal,2119.8690794683407,39.69792283648577,600.5,1.0,1.207403752255909e-12,2.5080981074575304e-13,5.297390939336712e-12,4.277480040567142e-09,0.0318825502190404
Li metal,2123.283847427979,39.76186980202207,599.5,1.0,1.2235039290917107e-12,2.4984733084700953e-13,5.300023027248203e-12,4.2842534148543285e-09,0.032117725729371965
Li metal,2126.695157084612,39.82575200532981,598.5,1.0,1.239917607743882e-12,2.488909839884727e-13,5.299470167846535e-12,4.291041693613907e-09,0.032355871523641465
Li metal,2130.1030043682704,39.88956937019233,597.5,1.0,1.2566542217515904e-12,2.479409785863871e-13,5.295747516506537e-12,4.297842036330752e-09,0.032597067732744955
Li metal,2133.5073869936077,39.953321853812874,596.5,1.0,1.2737222048157514e-12,2.4699726083864535e-13,5.292017929455988e-12,4.304654773725862e-09,0.03284137232806834
Li metal,2136.908302669961,40.01700941329515,595.5,1.0,1.2911302663087963e-12,2.46059777519303e-13,5.288281395057413e-12,4.311480245164748e-09,0.03308884474051099
Li metal,2140.3057491013274,40.08063200564283,594.5,1.0,1.3088874021263568e-12,2.4512847597134007e-13,5.284537901629731e-12,4.3183187989444754e-09,0.03333954590646565
Li metal,2143.6997239863426,40.14418958775922,593.5,1.0,1.3270029060396121e-12,2.442033040995249e-13,5.280787437447958e-12,4.325170792592062e-09,0.03359353831554153
Li metal,2147.090225018259,40.20768211644679,592.5,1.0,1.3454863815748367e-12,2.4328421036338234e-13,5.277029990742939e-12,4.332036593174743e-09,0.03385088606010817
Li metal,2150.4772498849243,40.27110954840683,591.5,1.0,1.3643477544483062e-12,2.4237114377027093e-13,5.273265549701207e-12,4.3389165776226625e-09,0.034111654886741484
Li metal,2153.8607962687615,40.334471840238976,590.5,1.0,1.3835972855863582e-12,2.4146405386854806e-13,5.269494102464621e-12,4.345811133064582e-09,0.03437591224965736
Li metal,2157.240861846744,40.3977689484409,589.5,1.0,1.403245584762266e-12,2.405628907408463e-13,5.265715637130233e-12,4.352720657177215e-09,0.03464372736622298
Li metal,2160.617444290374,40.46100082940775,588.5,1.0,1.423303624883446e-12,2.396676049974363e-13,5.261930141749953e-12,4.359645558548846e-09,0.0349151712746403
Li metal,2163.9905412656635,40.5241674394319,587.5,1.0,1.4437827569647145e-12,2.3877814776969025e-13,5.258137604330314e-12,4.36658625705791e-09,0.03519031689390137
Li metal,2167.3601504331077,40.587268734702384,586.5,1.0,1.4646947258254006e-12,2.378944707036375e-13,5.254338012832208e-12,4.373543184267271e-09,0.03546923908612034
Li metal,2170.726269447666,40.6503046713046,585.5,1.0,1.4860516865505173e-12,2.3701652595361505e-13,5.250531355170649e-12,4.380516783834946e-09,0.03575201472135244
Li metal,2174.0888959587373,40.713275205219794,584.5,1.0,1.507866221758801e-12,2.361442661760083e-13,5.246717619214577e-12,4.387507511942095e-09,0.036038722745016245
Li metal,2177.448027610138,40.77618029232468,583.5,1.0,1.5301513597229088e-12,2.352776445230748e-13,5.242896792786439e-12,4.394515837739128e-09,0.03632944424804175
Li metal,2180.80366204008,40.839019888391,582.5,1.0,1.5529205933903412e-12,2.3441661463686777e-13,5.239068863662105e-12,4.401542243810817e-09,0.036624262539873324
Li metal,2184.1557968811453,40.90179394908512,581.5,1.0,1.5761879003563213e-12,2.335611306432334e-13,5.235233819570459e-12,4.408587226661387e-09,0.0369232632244637
Li metal,2187.5044297602676,40.96450242996755,580.5,1.0,1.5999677638435465e-12,2.327111471459046e-13,5.231391648193238e-12,4.41565129722057e-09,0.03722653427940265
Li metal,2190.849558298703,41.027145286492555,579.5,1.0,1.6242751947470623e-12,2.318666192206703e-13,5.227542337164691e-12,4.422734981371702e-09,0.03753416613833183
Li metal,2194.1911801120104,41.08972247400768,578.5,1.0,1.6491257548065046e-12,2.3102750240963215e-13,5.2236858740713686e-12,4.42983882050299e-09,0.03784625177680565
Li metal,2197.529292810028,41.15223394775333,577.5,1.0,1.6745355809718659e-12,2.301937527155398e-13,5.219822246451791e-12,4.4369633720831285e-09,0.03816288680176722
Li metal,2200.86389399685,41.21467966286236,576.5,1.0,1.7005214110336173e-12,2.2936532659620927e-13,5.215951441796268e-12,4.4441092102625544e-09,0.03848416954481756
Li metal,2204.1949812707994,41.27705957435954,575.5,1.0,1.7271006105923989e-12,2.285421809590129e-13,5.212073447546468e-12,4.451276926501652e-09,0.038810201159466706
Li metal,2207.5225522244086,41.3393736371612,574.5,1.0,1.754291201449054e-12,2.2772427315545777e-13,5.208188251095326e-12,4.458467130227352e-09,0.03914108572256583
Li metal,2210.846604444392,41.40162180607475,573.5,1.0,1.7821118915006968e-12,2.2691156097582895e-13,5.204295839786615e-12,4.465680449519615e-09,0.03947693034013119
Li metal,2214.1671355116237,41.4638040357982,572.5,1.0,1.8105821062349687e-12,2.2610400264391622e-13,5.200396200914744e-12,4.472917531829409e-09,0.03981784525778266
Li metal,2217.484143001112,41.5259202809197,571.5,1.0,1.839722021920485e-12,2.253015568118094e-13,5.196489321724448e-12,4.4801790447298655e-09,0.04016394397603292
Li metal,2220.7976244819756,41.58797049591715,570.5,1.0,1.869552600598704e-12,2.245041825547694e-13,5.192575189410504e-12,4.487465676702429e-09,0.04051534337067686
Li metal,2224.107577517419,41.64995463515766,569.5,1.0,1.9000956269895372e-12,2.2371183936616729e-13,5.188653791117413e-12,4.4947781379599026e-09,0.04087216381854577
Li metal,2227.413999664708,41.711872652897156,568.5,1.0,1.9313737474311694e-12,2.2292448715250174e-13,5.184725113939213e-12,4.5021171613084255e-09,0.04123452932890669
Li metal,2230.7168884751445,41.77372450327985,567.5,1.0,1.9634105109829143e-12,2.22142086228473e-13,5.1807891449190545e-12,4.5094835030505556e-09,0.041602567680803886
Li metal,2234.0162414940387,41.83551014033781,566.5,1.0,1.9962304128294555e-12,2.2136459731213815e-13,5.176845871048997e-12,4.516877943931746e-09,0.04197641056665751
Li metal,2237.3120562606905,41.89722951799046,565.5,1.0,2.0298589401345947e-12,2.2059198152012178e-13,5.172895279269622e-12,4.524301290132671e-09,0.042356193742453876
Li metal,2240.6043303083566,41.95888259004413,564.5,1.0,2.0643226205035622e-12,2.1982420036290496e-13,5.168937356469848e-12,4.531754374310007e-09,0.04274205718488189
Li metal,2243.893061164231,42.02046931019159,563.5,1.0,2.099649073224585e-12,2.1906121574017124e-13,5.164972089486587e-12,4.539238056688458e-09,0.043134145255792566
Li metal,2247.178246349414,42.0819896320115,562.5,1.0,2.1358670634730703e-12,2.183029899362138e-13,5.160999465104349e-12,4.546753226206972e-09,0.04353260687438166
Li metal,2250.459883378893,42.14344350896804,561.5,1.0,2.1730065596755303e-12,2.1754948561541637e-13,5.157019470055056e-12,4.554300801722318e-09,0.04393759569752082
Li metal,2253.7379697615092,42.20483089441029,560.5,1.0,2.2110987942451416e-12,2.1680066581778852e-13,5.153032091017693e-12,4.561881733273399e-09,0.04434927030868958
Li metal,2257.012502999937,42.26615174157185,559.5,1.0,2.2501763279169425e-12,2.1605649395456437e-13,5.1490373146180025e-12,4.569497003409888e-09,0.044767794415989125
Li metal,2260.283480590655,42.32740600357032,558.5,1.0,2.2902731179281747e-12,2.1531693380385888e-13,5.145035127428117e-12,4.577147628589049e-09,0.045193337059750024
Li metal,2263.5509000239194,42.38859363340673,557.5,1.0,2.3314245903082988e-12,2.1458194950638893e-13,5.1410255159663115e-12,4.58483466064483e-09,0.045626072830279044
Li metal,2266.8147587837398,42.44971458396516,556.5,1.0,2.3736677165637217e-12,2.138515055612488e-13,5.137008466696671e-12,4.592559188333652e-09,0.04606618209632585
Li metal,2270.075054347849,42.51076880801215,555.5,1.0,2.4170410950647018e-12,2.131255668217444e-13,5.132983966028761e-12,4.600322338961567e-09,0.04651385124488878
Li metal,2273.33178418768,42.57175625819625,554.5,1.0,2.4615850374663297e-12,2.1240409849128143e-13,5.128952000317256e-12,4.608125280097842e-09,0.046969272933019716
Li metal,2276.584945768335,42.63267688704746,553.5,1.0,2.5073416605220616e-12,2.116870661193159e-13,5.124912555861698e-12,4.615969221380345e-09,0.047432646352332505
Li metal,2279.8345365485607,42.69353064697679,552.5,1.0,2.5543549836770903e-12,2.1097443559735355e-13,5.120865618906142e-12,4.623855416418525e-09,0.04790417750696673
Li metal,2283.0805539807193,42.75431749027564,551.5,1.0,2.6026710328603694e-12,2.1026617315500516e-13,5.116811175638795e-12,4.631785164800179e-09,0.04838407950580996
Li metal,2286.322995510763,42.81503736911541,550.5,1.0,2.652337950928735e-12,2.0956224535609382e-13,5.112749212191651e-12,4.639759814208656e-09,0.04887257286983652
Li metal,2289.5618585782036,42.875690235546884,549.5,1.0,2.70340611525394e-12,2.0886261909482234e-13,5.108679714640302e-12,4.647780762657645e-09,0.04936988585548041
Li metal,2292.7972643037406,42.936278357747945,548.5,1.0,2.756139102794757e-12,2.081831872408972e-13,5.132985926360318e-12,4.655878070874041e-09,0.049875993593815636
Li metal,2296.0293337598127,42.99680400299274,547.5,1.0,2.810389975951487e-12,2.0750791581076243e-13,5.185190744172535e-12,4.664081159509976e-09,0.05039083300110168
Li metal,2299.2580642827056,43.057267121398986,546.5,1.0,2.866216986048436e-12,2.0683677344572464e-13,5.237272411618047e-12,4.672391485681089e-09,0.05091464457281515
Li metal,2302.4834532017303,43.11766766295374,545.5,1.0,2.9236811921375196e-12,2.0616972909563797e-13,5.289230774795176e-12,4.680810567377117e-09,0.051447677602894135
Li metal,2305.7054978391893,43.178005577512906,544.5,1.0,2.982846624473321e-12,2.055067520154099e-13,5.34106567925289e-12,4.689339986432859e-09,0.05199019058555563
Li metal,2308.9241955103503,43.23828081480057,543.5,1.0,3.0437804591751795e-12,2.0484781176154827e-13,5.392776969987625e-12,4.6979813916737836e-09,0.05254245163928623
Li metal,2312.139543523411,43.29849332440844,542.5,1.0,3.106553204958503e-12,2.0419287818875877e-13,5.444364491440216e-12,4.706736502248371e-09,0.05310473895444238
Li metal,2315.3515391794676,43.35864305579528,541.5,1.0,3.1712389028956947e-12,2.0354192144658497e-13,5.495828087492711e-12,4.715607111160206e-09,0.053677341266003785
Li metal,2318.5601797724858,43.41872995828624,540.5,1.0,3.2379153402544756e-12,2.0289491197609805e-13,5.54716760146529e-12,4.724595089013902e-09,0.054260558353139504
Li metal,2321.7654625892665,43.4787539810724,539.5,1.0,3.3066642795561488e-12,2.022518205066187e-13,5.598382876112876e-12,4.733702387990078e-09,0.05485470156737187
Li metal,2324.9673849094124,43.538715073209964,538.5,1.0,3.377571704102598e-12,2.0161261805250033e-13,5.64947375362214e-12,4.742931046065855e-09,0.05546009439126085
Li metal,2328.165944005299,43.59861318361983,537.5,1.0,3.450728081335808e-12,2.0097727590993953e-13,5.7004400756081255e-12,4.7522831914987086e-09,0.05607707302967913
Li metal,2331.36113714204,43.65844826108689,536.5,1.0,3.526228645523035e-12,2.0034576565383495e-13,5.751281683110972e-12,4.761761047592996e-09,0.05670598703591064
Li metal,2334.5529615774526,43.71822025425941,535.5,1.0,3.604173701401694e-12,1.9971805913468888e-13,5.801998416592663e-12,4.771366937770125e-09,0.05734719997498065
Li metal,2337.741414562029,43.77792911164848,534.5,1.0,3.684668950575521e-12,1.9909412847554974e-13,5.852590115933741e-12,4.7811032909651104e-09,0.058001090126817256
Li metal,2340.926493338899,43.83757478162732,533.5,1.0,3.767825842626659e-12,1.9847394606898948e-13,5.9030566204298624e-12,4.790972647374236e-09,0.05866805123205307
Li metal,2344.1081951437977,43.897157212430656,532.5,1.0,3.8537619531016254e-12,1.9785748457412683e-13,5.953397768788462e-12,4.8009776645807e-09,0.05934849328350355
Li metal,2347.2865172050324,43.95667635215417,531.5,1.0,3.94260139074236e-12,1.9724471691368766e-13,6.003613399125374e-12,4.811121124087482e-09,0.06004284336660736
Li metal,2350.4614567434487,44.01613214875372,530.5,1.0,4.034475236571487e-12,1.9663561627110611e-13,6.053703348961448e-12,4.821405938289286e-09,0.06075154655238606
Li metal,2353.6330109723963,44.07552455004487,529.5,1.0,4.129522017704688e-12,1.9603015608765658e-13,6.103667455218962e-12,4.831835157918297e-09,0.06147506684677746
Li metal,2356.8011770976927,44.13485350370211,528.5,1.0,4.227888219058045e-12,1.954283100596334e-13,6.153505554218302e-12,4.842411980001633e-09,0.06221388820052302
Li metal,2359.9659523175924,44.19411895725828,527.5,1.0,4.329728836445352e-12,1.948300521355585e-13,6.203217481674308e-12,4.853139756371888e-09,0.06296851558414569
Li metal,2363.127333822748,44.2533208581039,526.5,1.0,4.435207974927507e-12,1.9423535651343267e-13,6.252803072692865e-12,4.864022002776022e-09,0.06373947613294627
Li metal,2366.285318796178,44.312459153486486,525.5,1.0,4.544499496684149e-12,1.936441976380165e-13,6.302262161767251e-12,4.875062408632111e-09,0.06452732036737517
Li metal,2369.439904413232,44.37153379050996,524.5,1.0,4.657787723136677e-12,1.9305655019815087e-13,6.351594582774567e-12,4.8862648474882205e-09,0.0653326234946085
Li metal,2372.5910878415507,44.43054471613391,523.5,1.0,4.775268196563733e-12,1.9247238912411234e-13,6.400800168972166e-12,4.897633388242881e-09,0.06615598679767581
Li metal,2375.7388662410353,44.48949187717294,522.5,1.0,4.897148507025772e-12,1.9189168958500054e-13,6.449878752993963e-12,4.909172307192486e-09,0.06699803911905793
Li metal,2378.883236763809,44.548375220296045,521.5,1.0,5.023649191061585e-12,1.913144269861591e-13,6.498830166846713e-12,4.92088610097738e-09,0.06785943844630242
Li metal,2382.024196554181,44.60719469202586,520.5,1.0,5.155004709346374e-12,1.9074057696663481e-13,6.547654241906402e-12,4.9327795005055995e-09,0.06874087360789807
Li metal,2385.1617427486117,44.66595023873804,519.5,1.0,5.2914645113185384e-12,1.9017011539666327e-13,6.596350808914418e-12,4.944857485941229e-09,0.0696430660884162
Li metal,2388.295872475673,44.72464180666055,518.5,1.0,5.433294195706587e-12,1.896030183751945e-13,6.644919697973927e-12,4.957125302853285e-09,0.07056677197277302
Li metal,2391.426582856014,44.78326934187292,517.5,1.0,5.580776776928158e-12,1.8903926222743997e-13,6.6933607385458375e-12,4.969588479630986e-09,0.07151278403040497
Li metal,2394.5538710023225,44.84183279030566,516.5,1.0,5.734214068513997e-12,1.8847882350246417e-13,6.741673759445238e-12,4.982252846282448e-09,0.07248193395118609
Li metal,2397.677734019288,44.90033209773947,515.5,1.0,5.893928196042765e-12,1.879216789707957e-13,6.789858588837343e-12,4.9951245547463e-09,0.07347509474606818
Li metal,2400.798169003564,44.95876720980457,514.5,1.0,6.0602632535896485e-12,1.8736780562207695e-13,6.837915054233729e-12,5.008210100859745e-09,0.074493183326702
Li metal,2403.9151730437297,45.01713807197996,513.5,1.0,6.233587119411116e-12,1.8681718066273927e-13,6.8858429824883225e-12,5.021516348142307e-09,0.07553716327971763
Li metal,2407.028743220254,45.075444629592766,512.5,1.0,6.4142934485481725e-12,1.862697815137111e-13,6.933642199793506e-12,5.035050553572163e-09,0.07660804785292347
Li metal,2410.1388766054524,45.133686827817456,511.5,1.0,6.602803862262802e-12,1.857255858081543e-13,6.981312531676159e-12,5.04882039555191e-09,0.07770690317244303
Li metal,2413.245570263454,45.191864611675165,510.5,1.0,6.79957035677228e-12,1.8518457138922671e-13,7.028853802993503e-12,5.062834004283065e-09,0.07883485171177354
Li metal,2416.3488212501575,45.249977926032905,509.5,1.0,7.005077956662316e-12,1.8464671630788058e-13,7.076265837929268e-12,5.0770999947939645e-09,0.07999307603594359
Li metal,2419.4486266131958,45.308026715602914,508.5,1.0,7.219847641701885e-12,1.8411199882068009e-13,7.123548459989385e-12,5.091627502894477e-09,0.08118282284640077
Li metal,2422.5449833918933,45.366010924941826,507.5,1.0,7.444439579619037e-12,1.8358039738765562e-13,7.170701491998086e-12,5.106426224363481e-09,0.08240540735500704
Li metal,2425.6378886172315,45.42393049845003,506.5,1.0,7.679456701808531e-12,1.830518906701773e-13,7.21772475609359e-12,5.121506457712054e-09,0.08366221801859963
Li metal,2428.7273393118007,45.4817853803708,505.5,1.0,7.92554866402684e-12,1.8252645752886016e-13,7.26461807372395e-12,5.136879150907334e-09,0.08495472166903446
Li metal,2431.8133324897676,45.53957551478965,504.5,1.0,8.183416239999896e-12,1.8200407702149809e-13,7.311381265642944e-12,5.152555952489998e-09,0.08628446907751684
Li metal,2434.8958651568296,45.59730084563352,503.5,1.0,8.45381620265845e-12,1.8148472840101665e-13,7.358014151905653e-12,5.168549267572963e-09,0.08765310099640286
Li metal,2437.9749343101785,45.654961316670004,502.5,1.0,8.737566755591308e-12,1.8096839111346122e-13,7.40451655186435e-12,5.184872319271533e-09,0.08906235472659187
Li metal,2441.050536938454,45.71255687150663,501.5,1.0,9.035553586449558e-12,1.804550447960028e-13,7.450888284164076e-12,5.201539216186942e-09,0.09051407126420422
Li metal,2444.1226700217067,45.77008745359001,500.5,1.0,9.348736624687294e-12,1.7994466927497083e-13,7.497129166738195e-12,5.218565026647643e-09,0.09201020308654391
Li metal,2447.1913305313537,45.82755300620512,499.5,1.0,9.678157598449079e-12,1.7943724456391802e-13,7.543239016804258e-12,5.235965860507461e-09,0.09355282264448528
Li metal,2450.256382689601,45.884950986696644,498.5,1.0,1.002407972868766e-11,1.7891724438483356e-13,7.634724659014696e-12,5.253803582139548e-09,0.09514315817755761
Li metal,2453.317690775544,45.94227885347461,497.5,1.0,1.0388538610078374e-11,1.7840021501052274e-13,7.772065128865643e-12,5.272142586093502e-09,0.09678266388418784
Li metal,2456.375251865981,45.9995365517974,496.5,1.0,1.0772871075409829e-11,1.778861363799091e-13,7.909038884354696e-12,5.291002382189647e-09,0.0984737555002172
Li metal,2459.429063029536,46.05672402677033,495.5,1.0,1.117853590772273e-11,1.7737498861618848e-13,8.045645482856838e-12,5.310403938568843e-09,0.1002190072542696
Li metal,2462.479121326614,46.11384122334483,494.5,1.0,1.1607127360837228e-11,1.7686675202494607e-13,8.181884480069311e-12,5.330369817161774e-09,0.10202116492039741
Li metal,2465.5254238093685,46.17088808631775,493.5,1.0,1.2060390451656877e-11,1.7636140709229887e-13,8.317755430001447e-12,5.350924324450525e-09,0.10388316017010912
Li metal,2468.5679675216575,46.227864560330666,492.5,1.0,1.2540238293094108e-11,1.7585893448306262e-13,8.453257884964439e-12,5.372093679563067e-09,0.10580812637547898
Li metal,2471.6067494990043,46.28477058986899,491.5,1.0,1.3048771782951161e-11,1.7535931503893588e-13,8.588391395560798e-12,5.393906202056618e-09,0.10779941603533444
Li metal,2474.6417667685573,46.341606119261364,490.5,1.0,1.3588302019633861e-11,1.7486252977671522e-13,8.723155510674091e-12,5.416392522116703e-09,0.10986062001986585
Li metal,2477.6730163490465,46.398371092678765,489.5,1.0,1.4161375882121204e-11,1.7436855988652192e-13,8.85754977745808e-12,5.439585816336169e-09,0.11199558885591038
Li metal,2480.7004952507477,46.45506545413385,488.5,1.0,1.477080529160583e-11,1.7387738673006438e-13,8.869496772273983e-12,5.463399995786779e-09,0.11421100823765956
Li metal,2483.724200475437,46.51168914748009,487.5,1.0,1.5419700768664232e-11,1.7338899183890883e-13,8.759453002771814e-12,5.487752538550053e-09,0.11651402248943907
Li metal,2486.7441290163497,46.56824211641104,486.5,1.0,1.6111510016502918e-11,1.7290335691278187e-13,8.649647908683835e-12,5.512686599832153e-09,0.11890964973948615
Li metal,2489.76027785814,46.62472430445955,485.5,1.0,1.6850062402462968e-11,1.7242046381788628e-13,8.540081761507647e-12,5.5382491644599415e-09,0.12140329464169712
Li metal,2492.7726439768376,46.68113565499696,484.5,1.0,1.7639620382512805e-11,1.7194029458524546e-13,8.430754833749518e-12,5.564491479970789e-09,0.12400078569231598
Li metal,2495.781224339805,46.7374761112323,483.5,1.0,1.84849391244019e-11,1.7146283140906046e-13,8.321667398930282e-12,5.59146954932553e-09,0.1267084168784285
Li metal,2498.786015905697,46.79374561621155,482.5,1.0,1.939133584402226e-11,1.7098805664509365e-13,8.212819731591615e-12,5.6192446929577896e-09,0.12953299424301612
Li metal,2501.787015624413,46.849944112816715,481.5,1.0,2.0364770688413302e-11,1.7051595280907002e-13,8.104212107302265e-12,5.647884191706314e-09,0.132481888040512
Li metal,2504.7842204370586,46.906071543765144,480.5,1.0,2.141194139324907e-11,1.7004650257509907e-13,7.99584480266433e-12,5.677462024404803e-09,0.1355630912608965
Li metal,2507.7776272759,46.962127851608614,479.5,1.0,2.2540394432425505e-11,1.6957968877411398e-13,7.887718095319477e-12,5.708059716621322e-09,0.13878528542199603
Li metal,2510.7672330643177,47.01811297873253,478.5,1.0,2.375865598814829e-11,1.6911549439233292e-13,7.779832263955403e-12,5.739767320367819e-09,0.14215791467187
Li metal,2513.753034716765,47.074026867355144,477.5,1.0,2.5076386834888766e-11,1.6865390256973863e-13,7.672187588312252e-12,5.772684548693589e-09,0.1456912694095605
Li metal,2516.735029138723,47.129869459526645,476.5,1.0,2.6504566192925074e-11,1.6819489659857666e-13,7.564784349189105e-12,5.806922094132302e-09,0.14939658082715868
Li metal,2519.713213226655,47.18564069712838,475.5,1.0,2.8055710823320842e-11,1.6773845992187132e-13,7.457622828450477e-12,5.842603166243995e-09,0.15328612800381483
Li metal,2522.687583867962,47.241340521871955,474.5,1.0,2.974413718023648e-11,1.6728457613196217e-13,7.350703309032978e-12,5.879865291309396e-09,0.1573733594482644
Li metal,2525.6581379409363,47.296968875298425,473.5,1.0,3.1586276406084023e-11,1.668332289690553e-13,7.244026074951867e-12,5.918862427019401e-09,0.16167303129641647
Li metal,2528.6248723147132,47.3525256987774,472.5,1.0,3.360105447967858e-11,1.6638440231979666e-13,7.137591411307856e-12,5.959767457312707e-09,0.16620136473059666
Li metal,2531.587783849231,47.4080109335062,471.5,1.0,3.581035307929231e-11,1.6593808021585942e-13,7.0313996042938145e-12,6.002775148076509e-09,0.17097622560300854
Li metal,2534.54686939518,47.46342452050898,470.5,1.0,3.823957093127999e-11,1.6549424683255064e-13,6.925450941201598e-12,6.0481056641958234e-09,0.17601732972277548
Li metal,2537.5021257939543,47.51876640063585,469.5,1.0,4.091831088869744e-11,1.6505288648743393e-13,6.819745710428913e-12,6.096008773681437e-09,0.18134647780600618
Li metal,2540.453549877608,47.574036514561946,468.5,1.0,4.388122513703843e-11,1.6461398363897162e-13,6.7142842014863046e-12,6.146768897003601e-09,0.18698782468932065
Li metal,2543.4011384688074,47.629234802786655,467.5,1.0,4.716906031322252e-11,1.6417752288518049e-13,6.609066705004111e-12,6.200711201544713e-09,0.19296818805781832
Li metal,2546.34488838078,47.684361205632584,466.5,1.0,5.082995670033677e-11,1.6374348896230738e-13,6.50409351273958e-12,6.2582089952467515e-09,0.19931740261145683
Li metal,2549.2847964172684,47.73941566324472,465.5,1.0,5.4921072034833365e-11,1.6331186674351508e-13,6.3993649175838285e-12,6.319692744065912e-09,0.20606872623513237
Li metal,2552.2208593724813,47.79439811558954,464.5,1.0,5.951062218887509e-11,1.6288264123759383e-13,6.29488121356922e-12,6.385661130109594e-09,0.21325930524793976
Li metal,2555.153074031045,47.84930850245402,463.5,1.0,6.468045986593644e-11,1.624557975876809e-13,6.190642695876512e-12,6.4566946884689945e-09,0.22093070601114767
Li metal,2558.081437167953,47.904146763444814,462.5,1.0,7.052935082066251e-11,1.620313210699986e-13,6.086649660842147e-12,6.5334727202715695e-09,0.2291295197724986
Li metal,2561.0059455485184,47.958912837987235,461.5,1.0,7.717715796126335e-11,1.6160919709260898e-13,5.9829024059656735e-12,6.616794389835891e-09,0.23790804611095842
Li metal,2563.92659592832,48.013606665324346,460.5,1.0,8.477021058545946e-11,1.6118941119418171e-13,5.879401229917128e-12,6.707605191062462e-09,0.2473250568771914
Li metal,2566.843385053155,48.068228184516016,459.5,1.0,9.34882227541876e-11,1.6077194904277883e-13,5.776146432544576e-12,6.807030332198237e-09,0.25744663570164034
Li metal,2569.7563096589884,48.122777334437984,458.5,1.0,1.0355323436342253e-10,1.6035679643465383e-13,5.673138314881651e-12,6.916417061672975e-09,0.2683470756545065
Li metal,2572.665366471899,48.17725405378087,457.5,1.0,1.1524118003382154e-10,1.5994393929306556e-13,5.570377179155185e-12,7.037388562825245e-09,0.2801097956923555
Li metal,2575.57055220803,48.231658281049256,456.5,1.0,1.2889683321734668e-10,1.595333636671073e-13,5.467863328792933e-12,7.171912792735052e-09,0.2928281988991036
Li metal,2578.4718635735376,48.28598995456062,455.5,1.0,1.4495298904981735e-10,1.5912505573054842e-13,5.365597068431288e-12,7.322390503909031e-09,0.30660633212737415
Li metal,2581.3692972645363,48.340249012444495,454.5,1.0,1.6395474417682677e-10,1.587190017806939e-13,5.263578703923187e-12,7.491767545791561e-09,0.3215591012748322
Li metal,2584.262849967048,48.39443539264135,453.5,1.0,1.8658938174363472e-10,1.5831518823725458e-13,5.161808542345957e-12,7.68367705126578e-09,0.3378116237070023
Li metal,2587.1525183569493,48.44854903290167,452.5,1.0,2.1372118006656472e-10,1.5791360164123275e-13,5.060286892009332e-12,7.902616431825996e-09,0.35549702114869736
Li metal,2590.038299099914,48.50258987078491,451.5,1.0,2.464273835734688e-10,1.5751422865382097e-13,4.95901406246344e-12,8.154160343690581e-09,0.3747515201528778
Li metal,2592.920188851367,48.55655784365856,450.5,1.0,2.8602447653260674e-10,1.5711705605531595e-13,4.8579903645069916e-12,8.44519992764375e-09,0.3957050738327926
Li metal,2595.798184256421,48.61045288869701,449.5,1.0,3.340587667824565e-10,1.567220707440445e-13,4.75721611019544e-12,8.784172632607147e-09,0.41846482092559034
Li metal,2598.672113141533,48.66427178167664,448.5,1.0,3.9215938333789127e-10,1.5631088347071375e-13,4.656144225896014e-12,9.181144471054405e-09,0.44308491428782865
Li metal,2601.5418035091207,48.71801130166892,447.5,1.0,4.6185976425644935e-10,1.5590191985385033e-13,4.555345121954158e-12,9.647715482352663e-09,0.4695294324924596
Li metal,2604.407252346454,48.77167139225568,446.5,1.0,5.438085245288175e-10,1.5549516648807427e-13,4.4548190796424555e-12,1.0196134321127611e-08,0.49760965675915786
Li metal,2607.268456631577,48.825251996846006,445.5,1.0,6.36528063593621e-10,1.5509061008581926e-13,4.354566381364473e-12,1.0837172041712682e-08,0.5269107975236841
Li metal,2610.1254133332627,48.87875305867532,444.5,1.0,7.345116298490385e-10,1.5468823747626946e-13,4.2545873106622345e-12,1.1576092947109859e-08,0.5567279584480411
Li metal,2612.97811941096,48.932174520804494,443.5,1.0,8.264259006962088e-10,1.542880356043057e-13,4.1548821522236455e-12,1.2406828017993896e-08,0.5860611981886041
Li metal,2615.8265718147454,48.985516326118834,442.5,1.0,8.955485975003539e-10,1.5388999152947006e-13,4.055451191890177e-12,1.330658595667767e-08,0.6137343656768314
Li metal,2618.6707674852755,49.03877841732725,441.5,1.0,9.249588523328388e-10,1.5349409242493736e-13,3.956294716664406e-12,1.4235654597819598e-08,0.6386547159672703
Li metal,2621.510703353731,49.091960736961255,440.5,1.0,9.063037046953271e-10,1.5310032557650577e-13,3.857413014717836e-12,1.5145968815855218e-08,0.660107766629482
Li metal,2624.3463763417703,49.145063227373974,439.5,1.0,8.451212285147665e-10,1.5270867838159225e-13,3.758806375398596e-12,1.5995001559423766e-08,0.6779050840792396
Li metal,2627.177783361477,49.19808583073926,438.5,1.0,7.572122194938248e-10,1.523191383482473e-13,3.660475089239362e-12,1.6756026573145178e-08,0.6923064394678345
Li metal,2630.004921315307,49.25102848905069,437.5,1.0,6.599075781113807e-10,1.5193169309417647e-13,3.5624194479652397e-12,1.7419648502397618e-08,0.7038151586644507
Li metal,2632.8277870960387,49.30389114412058,436.5,1.0,5.658291486348116e-10,1.5154633034577878e-13,3.4646397445018192e-12,1.7989093837107276e-08,0.712989878165605
Li metal,2635.646377586719,49.35667373757901,435.5,1.0,4.816116509010154e-10,1.5116303793719092e-13,3.367136272983197e-12,1.847422378731921e-08,0.7203362710840495
Li metal,2638.46068966061,49.40937621087285,434.5,1.0,4.0944004488884303e-10,1.5078180380934822e-13,3.2699093287601508e-12,1.8887084523340623e-08,0.7262684456178005
Li metal,2641.270720181138,49.46199850526476,433.5,1.0,3.4901853903198523e-10,1.5040261600905731e-13,3.1729592084083965e-12,1.9239426424197026e-08,0.7311087008477519
Li metal,2644.0764660018363,49.514540561832135,432.5,1.0,2.989824769253512e-10,1.5002546268807426e-13,3.076286209736821e-12,1.9541635212794803e-08,0.7351019696432806
Li metal,2646.877923966294,49.56700232146618,431.5,1.0,2.576838387371859e-10,1.496503321022022e-13,2.9798906317959334e-12,1.980244859249589e-08,0.7384328410403962
Li metal,2649.6750909081,49.61938372487079,430.5,1.0,2.2355454476506695e-10,1.4927721261039406e-13,2.8837727748862876e-12,2.0029036187248454e-08,0.7412405060174669
Li metal,2652.4679636507913,49.67168471256163,429.5,1.0,1.9523964960334297e-10,1.4890609267386944e-13,2.787932940567028e-12,2.0227212675885038e-08,0.7436305144511663
Li metal,2655.2565390077903,49.72390522486498,428.5,1.0,1.7162154208516923e-10,1.4853696085524115e-13,2.6923714316645096e-12,2.0401675126362726e-08,0.7456835782326747
Li metal,2658.040813782357,49.776045201916794,427.5,1.0,1.5179955047374934e-10,1.481698058176517e-13,2.5970885522809753e-12,2.0556219935194574e-08,0.7474620192370025
Li metal,2660.8207847675285,49.828104583661585,426.5,1.0,1.3505568784080554e-10,1.4780461632392352e-13,2.502084607803359e-12,2.0693925512259506e-08,0.7490144554400141
Li metal,2663.596448746063,49.88008330985136,425.5,1.0,1.2081978440684463e-10,1.47441381235718e-13,2.4073599049121542e-12,2.0817300097952498e-08,0.7503792066880237
Li metal,2666.3678024903807,49.931981320044585,424.5,1.0,1.0863889615292433e-10,1.4708008951270475e-13,2.3129147515903597e-12,2.0928398988946526e-08,0.7515867810695258
Li metal,2669.1348427625126,49.983798553605105,423.5,1.0,9.815217107196138e-11,1.467207302117392e-13,2.218749457132466e-12,2.1028916630205833e-08,0.7526617028562579
Li metal,2671.897566314033,50.035534949700995,422.5,1.0,8.907086632607692e-11,1.463632924860566e-13,2.124864332153639e-12,2.112025872415655e-08,0.7536238676960014
Li metal,2674.655969886011,50.08719044730358,421.5,1.0,8.116272411768542e-11,1.460077655844694e-13,2.0312596885988818e-12,2.1203598715728418e-08,0.7544895564680648
Li metal,2677.4100502089423,50.138764985186185,420.5,1.0,7.423985107790203e-11,1.4565413885058008e-13,1.9379358397523548e-12,2.1279922156784923e-08,0.75527220086706
Li metal,2680.159804002696,50.19025850192315,419.5,1.0,6.814934022611928e-11,1.453024017219983e-13,1.8448931002467195e-12,2.135006169251301e-08,0.7559829669026585
Li metal,2682.9052279764524,50.24167093588862,418.5,1.0,6.276601076066568e-11,1.4495254372957485e-13,1.7521317860726582e-12,2.141472478760348e-08,0.7566312036847208
Li metal,2685.6463188286425,50.29300222525548,417.5,1.0,5.798677290441078e-11,1.4460455449663844e-13,1.659652214588398e-12,2.1474515817276974e-08,0.757224791650171
Li metal,2688.3830732468878,50.34425230799415,416.5,1.0,5.3726237254131556e-11,1.4425842373824796e-13,1.5674547045293943e-12,2.1529953767659372e-08,0.7577704150617713
Li metal,2691.115487907937,50.39542112187148,415.5,1.0,4.9913277957091354e-11,1.4391414126044892e-13,1.4755395760180543e-12,2.1581486499333743e-08,0.7582737769820574
Li metal,2693.8435594776083,50.4465086044496,414.5,1.0,4.648832879743353e-11,1.435716969595436e-13,1.3839071505735939e-12,2.162950230697871e-08,0.7587397701813735
Li metal,2696.567284610722,50.49751469308467,413.5,1.0,4.340124451557455e-11,1.4323108082137037e-13,1.2925577511219922e-12,2.1674339340326226e-08,0.7591726140152987
Li metal,2699.28665995104,50.54843932492584,412.5,1.0,4.06095999631237e-11,1.428922829205881e-13,1.2014917020059953e-12,2.1716293324274277e-08,0.7595759648160145
Li metal,2702.001682131203,50.59928243691391,411.5,1.0,3.807733005173528e-11,1.4255529341997375e-13,1.1107093289952709e-12,2.175562391894843e-08,0.7599530055152788
Li metal,2704.7123477726655,50.650043965780256,410.5,1.0,3.5773636313918915e-11,1.4222010256973038e-13,1.0202109592966517e-12,2.1792559986324214e-08,0.7603065188659182
Li metal,2707.4186534856312,50.70072384804552,409.5,1.0,3.367210312970678e-11,1.4188670070679625e-13,9.29996921564432e-13,2.1827303973076193e-08,0.7606389476221097
Li metal,2710.1205958689884,50.75132202001851,408.5,1.0,3.1749979702247874e-11,1.4155507825417388e-13,8.400675459108482e-13,2.1860035575402607e-08,0.7609524442827652
Li metal,2712.818171510245,50.80183841779485,407.5,1.0,2.9987593748679335e-11,1.4122522572025903e-13,7.504231639165892e-13,2.1890914817540924e-08,0.7612489124303973
Li metal,2715.5113769854606,50.852272977255815,406.5,1.0,2.836787040001518e-11,1.4089713369818258e-13,6.610641086414491e-13,2.192008464918328e-08,0.7615300412620198
Li metal,2718.2002088591835,50.9026256340671,405.5,1.0,2.687593556223343e-11,1.4057079286516078e-13,5.719907146350776e-13,2.1947673146253014e-08,0.7617973345742207
Li metal,2720.884663684378,50.952896323677486,404.5,1.0,2.549878741650998e-11,1.4024619398185388e-13,4.832033179478378e-13,2.1973795383181452e-08,0.7620521352062315
Li metal,2723.564738002363,51.003084981317656,403.5,1.0,2.422502315433999e-11,1.3992332789173098e-13,3.9470225614176163e-13,2.1998555031919826e-08,0.762295645744016
Li metal,2726.2404283427377,51.05319154199883,402.5,1.0,2.3044610695478192e-11,1.396021855204469e-13,3.064878683016317e-13,2.2022045732669124e-08,0.762528946131327
Li metal,2728.911731223317,51.103215940511554,401.5,1.0,2.194869720466141e-11,1.3928275787522655e-13,2.1856049504616896e-13,2.204435227312671e-08,0.7627530087101004
Li metal,2731.578643150061,51.15315811142437,400.5,1.0,2.0929447843394832e-11,1.3896503604425504e-13,1.309204785393241e-13,2.2065551606484686e-08,0.7629687111147732
Li metal,2734.2411606170035,51.20301798908246,399.5,1.0,1.9979909468609744e-11,1.3864901119607987e-13,4.356816250169397e-14,2.2085713733126992e-08,0.7631768473673091
Li metal,2736.8991197628625,51.25279250492252,398.5,1.0,1.9091589523507315e-11,1.3831797148240112e-13,0.0,2.210494364062198e-08,0.7633766112490049
Li metal,2739.552357036271,51.30247859618485,397.5,1.0,1.8261471084713363e-11,1.379886650001733e-13,0.0,2.2123343100371693e-08,0.763567168066437
Li metal,2742.200869539884,51.352076208612054,396.5,1.0,1.7484599345574365e-11,1.3766108261140382e-13,0.0,2.214096536079988e-08,0.763749130315591
Li metal,2744.8446543658633,51.401585287750244,395.5,1.0,1.675653304827306e-11,1.3733521525890146e-13,0.0,2.215785922906341e-08,0.7639230575806076
Li metal,2747.4837085958193,51.45100577894792,394.5,1.0,1.6073282263033066e-11,1.370110539656732e-13,0.0,2.217406952238041e-08,0.7640894621020831
Li metal,2750.118029300743,51.50033762735474,393.5,1.0,1.5431254737685463e-11,1.3668858983432943e-13,0.0,2.218963746570793e-08,0.7642488136597635
Li metal,2752.7476135409433,51.54958077792028,392.5,1.0,1.4827209502459157e-11,1.3636781404649888e-13,0.0,2.2204601043024438e-08,0.7644015438657079
Li metal,2755.372458365981,51.598735175392896,391.5,1.0,1.4258216636240433e-11,1.3604871786224987e-13,0.0,2.221899530837854e-08,0.7645480499489745
Li metal,2757.9925608146063,51.64780076431847,390.5,1.0,1.3721622281550736e-11,1.3573129261951987e-13,0.0,2.2232852661952712e-08,0.7646886981004517
Li metal,2760.6079179146886,51.696777489039114,389.5,1.0,1.3215018144005662e-11,1.3541552973355338e-13,0.0,2.224620309562645e-08,0.7648238264361068
Li metal,2763.2185266831525,51.74566529369199,388.5,1.0,1.2736214834313825e-11,1.3510142069634648e-13,0.0,2.2259074411881462e-08,0.7649537476283079
Li metal,2765.8243841259095,51.79446412220804,387.5,1.0,1.2283218511919925e-11,1.3478895707609883e-13,0.0,2.2271492419350457e-08,0.765078751247644
Li metal,2768.425487237791,51.84317391831069,386.5,1.0,1.1854210373166505e-11,1.3447813051667713e-13,0.0,2.228348110785414e-08,0.7651991058516079
Li metal,2771.0218330024795,51.89179462551459,385.5,1.0,1.1447528596512083e-11,1.3416893273707885e-13,0.0,2.229506280538339e-08,0.7653150608513966
Li metal,2773.6134183924387,51.94032618712431,384.5,1.0,1.1061652415470411e-11,1.338613555309116e-13,0.0,2.2306258319154392e-08,0.7654268481837619
Li metal,2776.2002403688452,51.98876854623306,383.5,1.0,1.0695188038566828e-11,1.3355539076587266e-13,0.0,2.2317087062583726e-08,0.7655346838111855
Li metal,2778.7822958815186,52.03712164572132,382.5,1.0,1.0346856176429735e-11,1.3325103038324298e-13,0.0,2.2327567169790538e-08,0.7656387690705371
Li metal,2781.3595818688486,52.08538542825559,381.5,1.0,1.001548097048734e-11,1.329482663973817e-13,0.0,2.233771559902742e-08,0.765739291887725
Li metal,2783.9320952577255,52.133559836287,380.5,1.0,9.699980146737785e-12,1.3264709089523154e-13,0.0,2.2347548226265053e-08,0.7658364278735799
Li metal,2786.499832963467,52.18164481204994,379.5,1.0,9.399356242596256e-12,1.3234749603583265e-13,0.0,2.2357079930003684e-08,0.7659303413142631
Li metal,2789.0627918897458,52.22964029756078,378.5,1.0,9.112688775642516e-12,1.3204947404984135e-13,0.0,2.2366324668253376e-08,0.7660211860678304
Li metal,2791.620968928516,52.2775462346164,377.5,1.0,8.839127240801187e-12,1.317530172390545e-13,0.0,2.2375295548511417e-08,0.7661091063771377
Li metal,2794.1743609599403,52.32536256479288,376.5,1.0,8.577884837589418e-12,1.3145811797594696e-13,0.0,2.238400489146698e-08,0.7661942376080327
Li metal,2796.722964852313,52.373089229444055,375.5,1.0,8.32823284197131e-12,1.3116476870320878e-13,0.0,2.2392464289077656e-08,0.7662767069207084
Li metal,2799.266777461986,52.4207261697001,374.5,1.0,8.089495548420357e-12,1.3087296193329477e-13,0.0,2.240068465758801e-08,0.7663566338811564
Li metal,2801.805795633293,52.46827332646617,373.5,1.0,7.861045717284543e-12,1.3058269024797818e-13,0.0,2.240867628599554e-08,0.7664341310188495
Li metal,2804.340016198472,52.51573064042082,372.5,1.0,7.642300470722001e-12,1.3029394629791334e-13,0.0,2.241644888041256e-08,0.7665093043360837
Li metal,2806.8694359775886,52.563098052014766,371.5,1.0,7.432717587522008e-12,1.3000672280220264e-13,0.0,2.2424011604722887e-08,0.7665822537737831
Li metal,2809.3940517784563,52.610375501469214,370.5,1.0,7.231792153217893e-12,1.2972101254797393e-13,0.0,2.2431373117888653e-08,0.7666530736380451
Li metal,2811.9138603965594,52.65756292877451,369.5,1.0,7.039053527171343e-12,1.2943680838995961e-13,0.0,2.2438541608224213e-08,0.7667218529912231
Li metal,2814.428858614972,52.70466027368861,368.5,1.0,6.854062592886048e-12,1.2915410325008896e-13,0.0,2.244552482492035e-08,0.7667886760109335
Li metal,2816.939043204279,52.751667475735566,367.5,1.0,6.67640926178533e-12,1.2887289011708052e-13,0.0,2.245233010707225e-08,0.7668536223200112
Li metal,2819.4444109224946,52.79858447420402,366.5,1.0,6.5057102041558635e-12,1.2859316204604742e-13,0.0,2.245896441043845e-08,0.7669167672901132
Li metal,2821.944958514979,52.84541120814567,365.5,1.0,6.341606783981291e-12,1.28314912158104e-13,0.0,2.246543433213459e-08,0.7669781823213901
Li metal,2824.440682714359,52.89214761637375,364.5,1.0,6.183763177034856e-12,1.2803813363998264e-13,0.0,2.2471746133445266e-08,0.7670379351003965
Li metal,2826.9315802404403,52.93879363746142,363.5,1.0,6.0318646539133054e-12,1.2776281974365658e-13,0.0,2.2477905760918923e-08,0.7670960898381837
Li metal,2829.4176478001277,52.985349209740214,362.5,1.0,5.8856160117251715e-12,1.274889637859672e-13,0.0,2.2483918865894434e-08,0.7671527074903296
Li metal,2831.8988820873365,53.03181427129844,361.5,1.0,5.7447401399302325e-12,1.2721655914826052e-13,0.0,2.2489790822593513e-08,0.7672078459604803
Li metal,2834.3752797829115,53.07818875997961,360.5,1.0,5.608976707396847e-12,1.2694559927603002e-13,0.0,2.2495526744900186e-08,0.7672615602888265
Li metal,2836.8468375545344,53.124472613380796,359.5,1.0,5.478080959126688e-12,1.2667607767856327e-13,0.0,2.250113150193699e-08,0.7673139028267973
Li metal,2839.313552056642,53.170665768850974,358.5,1.0,5.3518226123188664e-12,1.2640798792859864e-13,0.0,2.250660973253724e-08,0.7673649233991315
Li metal,2841.7754199303345,53.216768163489405,357.5,1.0,5.22998484252414e-12,1.261413236619854e-13,0.0,2.2511965858703426e-08,0.7674146694543771
Li metal,2844.232437803288,53.262779734143976,356.5,1.0,5.112363351596717e-12,1.2587607857735266e-13,0.0,2.25172040981336e-08,0.7674631862047696
Li metal,2846.6846022896657,53.30870041740946,355.5,1.0,4.99876550999808e-12,1.2561224643578392e-13,0.0,2.2522328475890033e-08,0.767510516756354
Li metal,2849.131909990023,53.354530149625894,354.5,1.0,4.889009566760606e-12,1.2534982106049782e-13,0.0,2.2527342835277854e-08,0.7675567022301322
Li metal,2851.574357491223,53.400268866876836,353.5,1.0,4.782923921087163e-12,1.2508879633653366e-13,0.0,2.253225084799528e-08,0.7676017818749511
Li metal,2854.011941366338,53.4459165049876,352.5,1.0,4.680346450159446e-12,1.2482916621044756e-13,0.0,2.253705602361165e-08,0.7676457931727787
Li metal,2856.4446581745574,53.49147299952355,351.5,1.0,4.581123888257922e-12,1.2457092469001118e-13,0.0,2.2541761718424597e-08,0.7676887719369607
Li metal,2858.8725044610965,53.53693828578832,350.5,1.0,4.485111252771313e-12,1.2431406584391844e-13,0.0,2.2546371143743213e-08,0.767730752403997
Li metal,2861.295476757098,53.58231229882206,349.5,1.0,4.3921713130963994e-12,1.2405858380149822e-13,0.0,2.255088737364011e-08,0.7677717673193303
Li metal,2863.713428033687,53.627592285275036,348.5,1.0,4.3016628013037005e-12,1.2378975904802304e-13,0.0,2.2555312826200462e-08,0.7678118432550897
Li metal,2866.1262117111028,53.67277550020791,347.5,1.0,4.213994161468374e-12,1.235223476296933e-13,0.0,2.255965034270956e-08,0.7678510104231107
Li metal,2868.5338252053493,53.71786189523125,346.5,1.0,4.1290476684481705e-12,1.232563433994297e-13,0.0,2.2563902646721406e-08,0.7678892977597409
Li metal,2870.9362659197736,53.76285142171861,345.5,1.0,4.046711637379865e-12,1.2299174027170084e-13,0.0,2.2568072350099056e-08,0.7679267329923892
Li metal,2873.3335312449753,53.80774403080478,344.5,1.0,3.966880055777685e-12,1.2272853222223215e-13,0.0,2.2572161958687057e-08,0.7679633427019549
Li metal,2875.725618558716,53.8525396733842,343.5,1.0,3.8894522414892124e-12,1.2246671328772401e-13,0.0,2.2576173877641835e-08,0.7679991523814299
Li metal,2878.112525225833,53.89723830010923,342.5,1.0,3.814332524454597e-12,1.2220627756557369e-13,0.0,2.2580110416443854e-08,0.7680341864909447
Li metal,2880.494248598143,53.94183986138844,341.5,1.0,3.741429950396437e-12,1.2194721921360698e-13,0.0,2.2583973793613465e-08,0.768068468509508
Li metal,2882.8707860143527,53.986344307384876,340.5,1.0,3.670658004731645e-12,1.2168953244981138e-13,0.0,2.2587766141150647e-08,0.7681020209836684
Li metal,2885.242134799966,54.03075158801434,339.5,1.0,3.6019343551449037e-12,1.2143321155208195e-13,0.0,2.2591489508717345e-08,0.7681348655733098
Li metal,2887.608292267189,54.07506165294361,338.5,1.0,3.535180611397035e-12,1.2117825085796761e-13,0.0,2.25951458675796e-08,0.7681670230947752
Li metal,2889.9692557148333,54.11927445158863,337.5,1.0,3.4703221010634304e-12,1.2092464476442826e-13,0.0,2.2598737114325428e-08,0.7681985135615
Li metal,2892.325022428223,54.16338993311278,336.5,1.0,3.407287660007307e-12,1.206723877275949e-13,0.0,2.2602265074373163e-08,0.7682293562223191
Li metal,2894.6755896790955,54.207408046425016,335.5,1.0,3.3460094364926732e-12,1.204214742625398e-13,0.0,2.260573150528392e-08,0.768259569597603
Li metal,2897.020954725506,54.25132874017801,334.5,1.0,3.286422707932383e-12,1.2017189894304947e-13,0.0,2.2609138099890796e-08,0.768289171513364
Li metal,2899.361114811725,54.29515196276638,333.5,1.0,3.2284657093490847e-12,1.199236564014067e-13,0.0,2.2612486489256547e-08,0.7683181791334655
Li metal,2901.696067168142,54.33887766232475,332.5,1.0,3.1720794727019255e-12,1.1967674132817815e-13,0.0,2.2615778245470576e-08,0.7683466089900555
Li metal,2904.0258090111597,54.382505786725844,331.5,1.0,3.1172076762999633e-12,1.1943114847200749e-13,0.0,2.2619014884295346e-08,0.7683744770123361
Li metal,2906.350337543099,54.42603628357863,330.5,1.0,3.063796503585764e-12,1.1918687263941933e-13,0.0,2.2622197867671572e-08,0.7684017985537775
Li metal,2908.669649952088,54.46946910022636,329.5,1.0,3.01179451062875e-12,1.1894390869462012e-13,0.0,2.2625328606090896e-08,0.7684285884178705
Li metal,2910.9837434119654,54.51280418374467,328.5,1.0,2.9611525017208026e-12,1.1870225155931838e-13,0.0,2.2628408460844177e-08,0.7684548608825097
Li metal,2913.292615082168,54.55604148093947,327.5,1.0,2.911823412512496e-12,1.1846189621254048e-13,0.0,2.26314387461529e-08,0.7684806297230904
Li metal,2915.5962621076296,54.59918093834512,326.5,1.0,2.8637622001729865e-12,1.1822283769045942e-13,0.0,2.2634420731190764e-08,0.7685059082344005
Li metal,2917.8946816186726,54.64222250222233,325.5,1.0,2.816925740095166e-12,1.17985071086228e-13,0.0,2.2637355642001946e-08,0.7685307092513761
Li metal,2920.187870730896,54.685166118556104,324.5,1.0,2.771272728704551e-12,1.1774859154981728e-13,0.0,2.26402446633222e-08,0.7685550451687923
Li metal,2922.4758265450714,54.72801173305377,323.5,1.0,2.7267635919633568e-12,1.1751339428786532e-13,0.0,2.264308894030845e-08,0.7685789279599496
Li metal,2924.7585461470267,54.770759291142824,322.5,1.0,2.6833603991917163e-12,1.1727947456352935e-13,0.0,2.2645889580182206e-08,0.7686023691944193
Li metal,2927.0360266075377,54.81340873796887,321.5,1.0,2.641026781856004e-12,1.1704682769634526e-13,0.0,2.2648647653791757e-08,0.7686253800548958
Li metal,2929.308264982212,54.85596001839349,320.5,1.0,2.5997278570000033e-12,1.168154490620959e-13,0.0,2.265136419709782e-08,0.7686479713532163
Li metal,2931.575258311378,54.89841307699209,319.5,1.0,2.559430155018043e-12,1.165853340926838e-13,0.0,2.265404021258693e-08,0.7686701535455884
Li metal,2933.8370036199653,54.940767858051785,318.5,1.0,2.520101551491214e-12,1.1635647827600964e-13,0.0,2.26566766706167e-08,0.768691936747075
Li metal,2936.0934979173912,54.983024305569124,317.5,1.0,2.4817112028276986e-12,1.1612887715586352e-13,0.0,2.265927451069668e-08,0.7687133307453761
Li metal,2938.34473819744,55.025182363247936,316.5,1.0,2.4442294854664303e-12,1.1590252633181522e-13,0.0,2.2661834642708478e-08,0.7687343450139487
Li metal,2940.5907214381446,55.06724197449709,315.5,1.0,2.4076279384207004e-12,1.1567742145911745e-13,0.0,2.266435794806836e-08,0.7687549887245005
Li metal,2942.831444601668,55.10920308242824,314.5,1.0,2.3718792089535865e-12,1.1545355824861216e-13,0.0,2.266684528083556e-08,0.7687752707588928
Li metal,2945.0669046341754,55.15106562985347,313.5,1.0,2.336957001191798e-12,1.1523093246664797e-13,0.0,2.266929746876922e-08,0.7687951997204834
Li metal,2947.2970984657177,55.1928295592831,312.5,1.0,2.3028360274976606e-12,1.1500953993499982e-13,0.0,2.2671715314336654e-08,0.7688147839449424
Li metal,2949.5220230101013,55.234494812923245,311.5,1.0,2.2694919624315122e-12,1.1478937653079923e-13,0.0,2.2674099595675616e-08,0.7688340315105674
Li metal,2951.741675164765,55.2760613326735,310.5,1.0,2.2369013991479816e-12,1.14570438186471e-13,0.0,2.2676451067512952e-08,0.7688529502481243
Li metal,2953.9560518106528,55.31752906012458,309.5,1.0,2.2050418080802984e-12,1.1435272088967746e-13,0.0,2.267877046204192e-08,0.7688715477502418
Li metal,2956.1651498120823,55.35889793655584,308.5,1.0,2.1738914977764066e-12,1.14136220683267e-13,0.0,2.268105848976038e-08,0.7688898313803809
Li metal,2958.3689660166183,55.40016790293292,307.5,1.0,2.1434295777599762e-12,1.139209336652356e-13,0.0,2.2683315840271808e-08,0.7689078082814007
Li metal,2960.5674972549355,55.44133889990516,306.5,1.0,2.1136359232973468e-12,1.1370685598869093e-13,0.0,2.2685543183051094e-08,0.7689254853837452
Li metal,2962.760740340692,55.48241086780322,305.5,1.0,2.084491141959649e-12,1.1349398386182565e-13,0.0,2.2687741168176917e-08,0.7689428694132656
Li metal,2964.9486920703894,55.523383746636505,304.5,1.0,2.0559765418762668e-12,1.1328231354789768e-13,0.0,2.268991042703234e-08,0.7689599668987024
Li metal,2967.13134922324,55.564257476090624,303.5,1.0,2.0280741015827045e-12,1.1307184136522211e-13,0.0,2.2692051572975287e-08,0.7689767841788386
Li metal,2969.308708561025,55.60503199552481,302.5,1.0,2.0007664413718076e-12,1.1286256368716275e-13,0.0,2.2694165201980347e-08,0.7689933274093461
Li metal,2971.4807668279595,55.64570724396928,301.5,1.0,1.974036796063597e-12,1.1265447694213983e-13,0.0,2.2696251893253352e-08,0.7690096025693373
Li metal,2973.64752075055,55.686283160122656,300.5,1.0,1.94786898911377e-12,1.1244757761364012e-13,0.0,2.269831220982008e-08,0.769025615467636
Li metal,2975.8089670374516,55.72675968234928,299.5,1.0,1.922247407986347e-12,1.1224186224023766e-13,0.0,2.2700346699090304e-08,0.7690413717487857
Li metal,2977.9649800144975,55.76713445720033,298.5,1.0,1.896941380493317e-12,1.1202459506217081e-13,0.0,2.270235566506586e-08,0.7690568751368944
Li metal,2980.115434537873,55.807405141158675,297.5,1.0,1.872157441514539e-12,1.1180854551029675e-13,0.0,2.2704339631052885e-08,0.7690721310203414
Li metal,2982.2603283595586,55.847571692126564,296.5,1.0,1.8478813664067667e-12,1.1159370989620319e-13,0.0,2.270629910612919e-08,0.7690871446380252
Li metal,2984.399659214617,55.88763406768945,295.5,1.0,1.82409941336914e-12,1.1138008458792732e-13,0.0,2.2708234585627147e-08,0.7691019210844949
Li metal,2986.5334248210584,55.92759222511346,294.5,1.0,1.8007983039141667e-12,1.1116766600998662e-13,0.0,2.271014655159707e-08,0.7691164653148744
Li metal,2988.6616228797006,55.967446121342704,293.5,1.0,1.777965204254257e-12,1.1095645064341587e-13,0.0,2.2712035473251968e-08,0.7691307821495837
Li metal,2990.7842510740275,56.00719571299676,292.5,1.0,1.7555877075551612e-12,1.107464350258156e-13,0.0,2.271390180739455e-08,0.7691448762788721
Li metal,2992.901307070043,56.046840956367845,291.5,1.0,1.7336538170104153e-12,1.1053761575140725e-13,0.0,2.271574599882731e-08,0.7691587522671686
Li metal,2995.0127885161305,56.08638180741817,290.5,1.0,1.71215192969373e-12,1.1032998947109852e-13,0.0,2.2717568480746476e-08,0.7691724145572583
Li metal,2997.118693042903,56.12581822177721,289.5,1.0,1.6910708211486924e-12,1.1012355289255506e-13,0.0,2.271936967512052e-08,0.7691858674742956
Li metal,2999.219018263057,56.165150154738896,288.5,1.0,1.6703996306776462e-12,1.0991830278028538e-13,0.0,2.2721149993053976e-08,0.7691991152296576
Li metal,3001.3137617712205,56.2043775612588,287.5,1.0,1.6501278472936506e-12,1.0971423595573112e-13,0.0,2.2722909835137225e-08,0.7692121619246481
Li metal,3003.4029211438014,56.24350039595134,286.5,1.0,1.6302452963016532e-12,1.095113492973689e-13,0.0,2.2724649591782825e-08,0.7692250115540576
Li metal,3005.4864939388353,56.28251861308681,285.5,1.0,1.6107421264768458e-12,1.0930963974082008e-13,0.0,2.2726369643549044e-08,0.7692376680095869
Li metal,3007.564477695828,56.321432166588544,284.5,1.0,1.591608797810058e-12,1.0910910427897146e-13,0.0,2.2728070361451133e-08,0.7692501350831378
Li metal,3009.6368699355994,56.36024101002995,283.5,1.0,1.5728360697917027e-12,1.0890973996210417e-13,0.0,2.2729752107260887e-08,0.7692624164699803
Li metal,3011.703668160122,56.39894509663149,282.5,1.0,1.5544149902074172e-12,1.0871154389803426e-13,0.0,2.2731415233794994e-08,0.7692745157717992
Li metal,3013.764869852363,56.43754437925774,281.5,1.0,1.5363368844199941e-12,1.0851451325226143e-13,0.0,2.2733060085192666e-08,0.7692864364996265
Li metal,3015.820472476119,56.4760388104142,280.5,1.0,1.5185933451136963e-12,1.0831864524812967e-13,0.0,2.2734686997183027e-08,0.769298182076664
Li metal,3017.870473475848,56.51442834224435,279.5,1.0,1.5011762224782092e-12,1.0812393716699518e-13,0.0,2.2736296297342672e-08,0.7693097558410013
Li metal,3019.9148702765083,56.552712926526375,278.5,1.0,1.4840776148109872e-12,1.0793038634841047e-13,0.0,2.2737888305343832e-08,0.7693211610482332
Li metal,3021.953660283383,56.590892514670095,277.5,1.0,1.467289859517547e-12,1.077379901903122e-13,0.0,2.273946333319354e-08,0.7693324008739825
Li metal,3023.9868408819134,56.62896705771374,276.5,1.0,1.4508055244907326e-12,1.0754674614922407e-13,0.0,2.274102168546418e-08,0.7693434784163284
Li metal,3026.014409437521,56.66693650632061,275.5,1.0,1.434617399850772e-12,1.0735665174047042e-13,0.0,2.274256365951577e-08,0.7693543966981496
Li metal,3028.0363632954336,56.704800810775914,274.5,1.0,1.418718490028951e-12,1.0716770453839926e-13,0.0,2.2744089545710337e-08,0.7693651586693812
Li metal,3030.0528454749515,56.74256264934366,273.5,1.0,1.4033050569967373e-12,1.0699538384263551e-13,0.0,2.2745599846151178e-08,0.769375768744311
Li metal,3032.0639985971766,56.78022469283101,272.5,1.0,1.3881636229618315e-12,1.0682419801889061e-13,0.0,2.2747094833972158e-08,0.7693862296941892
Li metal,3034.0698191892725,56.8177868762036,271.5,1.0,1.3732878926408525e-12,1.0665414540779834e-13,0.0,2.2748574776010208e-08,0.7693965442246654
Li metal,3036.070303755243,56.85524913399331,270.5,1.0,1.3586717534715331e-12,1.0648522441305442e-13,0.0,2.275003993298809e-08,0.7694067149777112
Li metal,3038.0654487757233,56.89261140029444,269.5,1.0,1.34430926929737e-12,1.0631743350179241e-13,0.0,2.275149055969089e-08,0.7694167445334732
Li metal,3040.0552507077673,56.92987360875968,268.5,1.0,1.3301946743059128e-12,1.061507712049712e-13,0.0,2.27529269051364e-08,0.7694266354120637
Li metal,3042.039705984637,56.9670356925962,267.5,1.0,1.3163223672091602e-12,1.0598523611778007e-13,0.0,2.2754349212739728e-08,0.7694363900752881
Li metal,3044.018811015579,57.00409758456141,266.5,1.0,1.3026869056550108e-12,1.0582082690005392e-13,0.0,2.2755757720472283e-08,0.7694460109283142
Li metal,3045.9925621856114,57.04105921695901,265.5,1.0,1.2892830008594621e-12,1.0565754227670884e-13,0.0,2.275715266101542e-08,0.7694555003212834
Li metal,3047.960955855295,57.07792052163474,264.5,1.0,1.2761055124495246e-12,1.0549538103818733e-13,0.0,2.2758534261908906e-08,0.7694648605508682
Li metal,3049.9239883605137,57.114681429972165,263.5,1.0,1.2631494435075618e-12,1.0533434204092265e-13,0.0,2.2759902745694453e-08,0.7694740938617766
Li metal,3051.8816560122395,57.15134187288837,262.5,1.0,1.2504099358080702e-12,1.0517442420781694e-13,0.0,2.276125833005447e-08,0.7694832024482056
Li metal,3053.8339550963074,57.187901780829726,261.5,1.0,1.2378822652384344e-12,1.0501562652873693e-13,0.0,2.2762601227946236e-08,0.7694921884552471
Li metal,3055.780881873174,57.224361083767306,260.5,1.0,1.2255618373955643e-12,1.0485794806102363e-13,0.0,2.2763931647731692e-08,0.769501053980247
Li metal,3057.7224325776865,57.26071971119262,259.5,1.0,1.2134441833507975e-12,1.0470138793002264e-13,0.0,2.2765249793302973e-08,0.7695098010741185
Li metal,3059.6586034188367,57.296977592113045,258.5,1.0,1.2015249555756935e-12,1.0454594532962796e-13,0.0,2.276655586420388e-08,0.7695184317426133
Li metal,3061.589390579519,57.333134655047175,257.5,1.0,1.189799924021817e-12,1.0439161952284333e-13,0.0,2.2767850055747425e-08,0.7695269479475506
Li metal,3063.5147902162835,57.36919082802028,256.5,1.0,1.178264972347954e-12,1.0423840984236569e-13,0.0,2.2769132559129614e-08,0.7695353516080072
Li metal,3065.434798459084,57.40514603855962,255.5,1.0,1.166916094288355e-12,1.0408631569118195e-13,0.0,2.2770403561539593e-08,0.7695436446014678
Li metal,3067.349411411024,57.44100021368959,254.5,1.0,1.1557493901561236e-12,1.0393533654318743e-13,0.0,2.2771663246266292e-08,0.7695518287649392
Li metal,3069.258625148102,57.476753279927,253.5,1.0,1.1447610634759615e-12,1.037854719438202e-13,0.0,2.2772911792801712e-08,0.7695599058960289
Li metal,3071.1624357189453,57.51240516327613,252.5,1.0,1.1339474177409422e-12,1.0363672151072081e-13,0.0,2.2774149376940965e-08,0.7695678777539892
Li metal,3073.0608391445503,57.54795578922378,251.5,1.0,1.1233048532879983e-12,1.0348908493440498e-13,0.0,2.2775376170879187e-08,0.7695757460607282
Li metal,3074.9538314180118,57.5834050827343,250.5,1.0,1.1128298642872995e-12,1.0334256197896168e-13,0.0,2.2776592343305453e-08,0.7695835125017892
Li metal,3076.841408504252,57.618752968244415,249.5,1.0,1.1025190358407753e-12,1.0319715248277074e-13,0.0,2.2777798059493777e-08,0.7695911787272995
Li metal,3078.723705549996,57.65400197659168,248.5,1.0,1.0925308642676669e-12,1.0306812256529225e-13,0.0,2.277899365848061e-08,0.7695987474738952
Li metal,3080.6008573829013,57.6891546326386,247.5,1.0,1.0826979176405606e-12,1.0294021997047853e-13,0.0,2.278017929661822e-08,0.769606220298835
Li metal,3082.4728592997612,57.724210848310136,246.5,1.0,1.0730170946653446e-12,1.0281344547855994e-13,0.0,2.2781355127158364e-08,0.7696135987272038
Li metal,3084.339706565535,57.75917053493511,245.5,1.0,1.0634853729379689e-12,1.0268779995389526e-13,0.0,2.2782521300331257e-08,0.7696208842527356
Li metal,3086.2013944130267,57.794033603240194,244.5,1.0,1.0540998065715071e-12,1.0256328434596176e-13,0.0,2.2783677963422173e-08,0.769628078338608
Li metal,3088.057918042564,57.82879996334388,243.5,1.0,1.0448575239067147e-12,1.0243989969037364e-13,0.0,2.278482526084577e-08,0.7696351824182156
Li metal,3089.90927262167,57.86346952475038,242.5,1.0,1.0357557253027214e-12,1.0231764710992557e-13,0.0,2.2785963334218182e-08,0.769642197895919
Li metal,3091.7554532847307,57.89804219634327,241.5,1.0,1.0267916810047335e-12,1.0219652781566823e-13,0.0,2.2787092322427003e-08,0.7696491261477704
Li metal,3093.596455132656,57.93251788637932,240.5,1.0,1.01796272908567e-12,1.0207654310801176e-13,0.0,2.2788212361699195e-08,0.7696559685222188
Li metal,3095.43227323254,57.966896502482015,239.5,1.0,1.0092662734588402e-12,1.0195769437785954e-13,0.0,2.278932358566703e-08,0.7696627263407944
Li metal,3097.262902617312,58.00117795163505,238.5,1.0,1.0006997819589096e-12,1.0183998310777423e-13,0.0,2.2790426125432098e-08,0.7696694008987706
Li metal,3099.0883382853867,58.03536214017578,237.5,1.0,9.92260784488463e-13,1.0172341087317417e-13,0.0,2.279152010962746e-08,0.76967599346581
Li metal,3100.908575200304,58.06944897378846,236.5,1.0,9.83946871227679e-13,1.0160797934356517e-13,0.0,2.279260566447803e-08,0.769682505286588
Li metal,3102.723608290369,58.10343835749754,235.5,1.0,9.75755690904633e-13,1.014936902838031e-13,0.0,2.279368291385922e-08,0.7696889375814009
Li metal,3104.5334324482833,58.13733019566073,234.5,1.0,9.676849491239551e-13,1.0138054555539285e-13,0.0,2.27947519793539e-08,0.7696952915467544
Li metal,3106.338042530771,58.171124391962,233.5,1.0,9.5973240675159e-13,1.0126854711782184e-13,0.0,2.279581298030777e-08,0.7697015683559367
Li metal,3108.1374333582025,58.20482084940454,232.5,1.0,9.518958783535546e-13,1.0115769702993008e-13,0.0,2.2796866033883153e-08,0.769707769159574
Li metal,3109.9315997142076,58.238419470303505,231.5,1.0,9.441732306866588e-13,1.0104799745131948e-13,0.0,2.279791125511129e-08,0.7697138950861704
Li metal,3111.7205363452863,58.27192015627877,230.5,1.0,9.365623812392026e-13,1.0093945064379765e-13,0.0,2.2798948756943173e-08,0.769719947242633
Li metal,3113.5042379604133,58.30532280824743,229.5,1.0,9.290612968198478e-13,1.0083205897286554e-13,0.0,2.2799978650298966e-08,0.7697259267147819
Li metal,3115.2826992306354,58.33862732641639,228.5,1.0,9.21667992192815e-13,1.007258249092422e-13,0.0,2.2801001044116067e-08,0.769731834567845
Li metal,3117.055914788666,58.37183361027464,227.5,1.0,9.143805287577277e-13,1.006207510304325e-13,0.0,2.2802016045395854e-08,0.7697376718469396
Li metal,3118.8238792284665,58.404941558585506,226.5,1.0,9.071970132724625e-13,1.0051684002233812e-13,0.0,2.280302375924915e-08,0.7697434395775415
Li metal,3120.58658710483,58.43795106937883,225.5,1.0,9.001155966174225e-13,1.0041409468091223e-13,0.0,2.2804024288940446e-08,0.7697491387659388
Li metal,3122.344032932952,58.470862039942915,224.5,1.0,8.931344725997196e-13,1.0031251791385889e-13,0.0,2.280501773593096e-08,0.7697547703996751
Li metal,3124.096617130742,58.50368196874048,223.5,1.0,8.866631470540949e-13,1.0025861674712899e-13,0.0,2.2806004657694763e-08,0.7697603380303611
Li metal,3125.844739105013,58.53641833529987,222.5,1.0,8.802838181031463e-13,1.0020596784211233e-13,0.0,2.2806985147480707e-08,0.7697658425575148
Li metal,3127.588391303537,58.56907099819357,221.5,1.0,8.739949125779772e-13,1.0015457704092523e-13,0.0,2.2807959296970325e-08,0.7697712848642249
Li metal,3129.3275661231323,58.601639815039924,220.5,1.0,8.677948935028588e-13,1.0010445033639115e-13,0.0,2.2808927196314165e-08,0.7697766658175209
Li metal,3131.062255909101,58.63412464249253,219.5,1.0,8.616822591482451e-13,1.0005559387474563e-13,0.0,2.2809888934167188e-08,0.7697819862687343
Li metal,3132.7924529546412,58.666525336229235,218.5,1.0,8.55655542113798e-13,1.0000801395841269e-13,0.0,2.281084459772326e-08,0.769787247053849
Li metal,3134.5181495002566,58.698841750941135,217.5,1.0,8.497133084403379e-13,9.996171704885294e-14,0.0,2.2811794272748748e-08,0.7697924489938436
Li metal,3136.2393377331564,58.73107374032128,216.5,1.0,8.438541567498091e-13,9.991670976949444e-14,0.0,2.2812738043615268e-08,0.7697975928950227
Li metal,3137.956009786646,58.763221157053295,215.5,1.0,8.380767174121761e-13,9.987299890873651e-14,0.0,2.281367599333159e-08,0.7698026795493421
Li metal,3139.6681577395047,58.795283852799706,214.5,1.0,8.323796517384164e-13,9.983059142303836e-14,0.0,2.281460820357475e-08,0.7698077097347226
Li metal,3141.375773615358,58.82726167819022,213.5,1.0,8.267616511986681e-13,9.97894944400899e-14,0.0,2.281553475472039e-08,0.7698126842153579
Li metal,3143.078849382036,58.859154482809664,212.5,1.0,8.212214366647114e-13,9.974971526207042e-14,0.0,2.2816455725872316e-08,0.7698176037420128
Li metal,3144.777376950922,58.890962115185815,211.5,1.0,8.157577576759288e-13,9.971126136899419e-14,0.0,2.281737119489136e-08,0.7698224690523147
Li metal,3146.471348176293,58.922684422777024,210.5,1.0,8.103693917279904e-13,9.967414042214988e-14,0.0,2.281828123842351e-08,0.7698272808710365
Li metal,3148.1607548546444,58.95432125195964,209.5,1.0,8.050551435834779e-13,9.963836026763275e-14,0.0,2.281918593192736e-08,0.7698320399103736
Li metal,3149.8455887240093,58.98587244801515,208.5,1.0,7.998138446037475e-13,9.960392893997591e-14,0.0,2.2820085349700903e-08,0.7698367468702128
Li metal,3151.525841463261,59.01733785511723,207.5,1.0,7.946443521012994e-13,9.957085466587997e-14,0.0,2.282097956490767e-08,0.7698414024383938
Li metal,3153.2015046914066,59.04871731631848,206.5,1.0,7.895455487120279e-13,9.953914586804965e-14,0.0,2.282186864960225e-08,0.7698460072909659
Li metal,3154.8725699668717,59.080010673536925,205.5,1.0,7.845163417866458e-13,9.950881116913289e-14,0.0,2.2822752674755206e-08,0.7698505620924362
Li metal,3156.5390287867654,59.11121776754242,204.5,1.0,7.795556628007354e-13,9.947985939577481e-14,0.0,2.28236317102774e-08,0.7698550674960128
Li metal,3158.200872586139,59.142338437942676,203.5,1.0,7.746624667827619e-13,9.945229958278213e-14,0.0,2.2824505825043765e-08,0.7698595241438415
Li metal,3159.858092737231,59.173372523169114,202.5,1.0,7.698357317595268e-13,9.942614097740707e-14,0.0,2.2825375086916504e-08,0.769863932667236
Li metal,3161.5106805486957,59.20431986046247,201.5,1.0,7.650744582184752e-13,9.940139304375096e-14,0.0,2.2826239562767766e-08,0.7698682936869036
Li metal,3163.158627264825,59.23518028585815,200.5,1.0,7.603776685863605e-13,9.937806546729481e-14,0.0,2.282709931850182e-08,0.7698726078131641
Li metal,3164.8019240647486,59.26595363417132,199.5,1.0,7.557444067237276e-13,9.93561681595575e-14,0.0,2.2827954419076704e-08,0.7698768756461641
Li metal,3166.44114093199,59.296650579250745,198.5,1.0,7.517052176297694e-13,9.940599455497358e-14,0.0,2.2828805530288887e-08,0.7698811007632707
Li metal,3168.0768472146224,59.32728178304536,197.5,1.0,7.477238309668054e-13,9.945757805819736e-14,0.0,2.2829652711697912e-08,0.7698852836948485
Li metal,3169.7090327477954,59.357847055202164,196.5,1.0,7.437994607999625e-13,9.951093549657122e-14,0.0,2.283049602209421e-08,0.7698894249626078
Li metal,3171.3376872855292,59.388346203848855,195.5,1.0,7.399313392698064e-13,9.956608405100926e-14,0.0,2.283133551951753e-08,0.7698935250797775
Li metal,3172.9628004996466,59.418779035573905,194.5,1.0,7.36118716214102e-13,9.962304126407984e-14,0.0,2.2832171261275006e-08,0.7698975845512764
Li metal,3174.584361978695,59.44914535540627,193.5,1.0,7.323608588017216e-13,9.968182504832668e-14,0.0,2.2833003303958856e-08,0.7699016038738788
Li metal,3176.202361226838,59.47944496679471,192.5,1.0,7.286570511783585e-13,9.974245369483493e-14,0.0,2.2833831703463728e-08,0.7699055835363774
Li metal,3177.816787662732,59.50967767158675,191.5,1.0,7.25006594123708e-13,9.980494588204868e-14,0.0,2.2834656515003733e-08,0.7699095240197409
Li metal,3179.4276306183842,59.53984327000719,190.5,1.0,7.214088047198344e-13,9.986932068485133e-14,0.0,2.283547779312914e-08,0.7699134257972692
Li metal,3181.034879337982,59.56994156063637,189.5,1.0,7.178630160304476e-13,9.993559758392044e-14,0.0,2.2836295591742754e-08,0.7699172893347442
Li metal,3182.638522976708,59.59997234038778,188.5,1.0,7.143685767907322e-13,1.0000379647535595e-13,0.0,2.283710996411602e-08,0.7699211150905773
Li metal,3184.2385505995258,59.6299354044855,187.5,1.0,7.109248511075678e-13,1.0007393768060646e-13,0.0,2.283792096290481e-08,0.769924903515953
Li metal,3185.8349511799515,59.659830546441036,186.5,1.0,7.075312181698023e-13,1.0014604195669199e-13,0.0,2.283872864016494e-08,0.76992865505497
Li metal,3187.4277135987904,59.68965755802978,185.5,1.0,7.041870719683656e-13,1.0022013050673861e-13,0.0,2.2839533047367414e-08,0.7699323701447782
Li metal,3189.0168266428605,59.71941622926705,184.5,1.0,7.008918210260008e-13,1.0029622499083766e-13,0.0,2.284033423541343e-08,0.769936049215713
Li metal,3190.6022790036823,59.74910634838356,183.5,1.0,6.976448881363599e-13,1.0037434753723586e-13,0.0,2.2841132254649105e-08,0.7699396926914259
Li metal,3192.184059276152,59.7787277018006,182.5,1.0,6.944457101122932e-13,1.0045452075387568e-13,0.0,2.284192715487997e-08,0.7699433009890131
Li metal,3193.7621559571776,59.808280074104445,181.5,1.0,6.91293737543086e-13,1.0053676774029034e-13,0.0,2.2842718985385255e-08,0.7699468745191402
Li metal,3195.3365574443005,59.8377632480206,180.5,1.0,6.881884345604905e-13,1.0062111209987314e-13,0.0,2.2843507794931915e-08,0.769950413686165
Li metal,3196.907252034283,59.86717700438732,179.5,1.0,6.851292786133623e-13,1.0070757795253334e-13,0.0,2.2844293631788482e-08,0.7699539188882562
Li metal,3198.4742279216653,59.89652112212856,178.5,1.0,6.82115760250702e-13,1.0079618994774816e-13,0.0,2.284507654373868e-08,0.7699573905175106
Li metal,3200.037473197302,59.92579537822662,177.5,1.0,6.79147382912989e-13,1.0088697327803318e-13,0.0,2.284585657809487e-08,0.7699608289600676
Li metal,3201.5969758468623,59.954999547694044,176.5,1.0,6.762236627316104e-13,1.0097995369284029e-13,0.0,2.2846633781711293e-08,0.7699642345962197
Li metal,3203.1527237493015,59.984133403544966,175.5,1.0,6.73344128336278e-13,1.0107515751290385e-13,0.0,2.2847408200997144e-08,0.7699676078005224
Li metal,3204.7047046753046,60.013196716766004,174.5,1.0,6.705083206702589e-13,1.0117261164504725e-13,0.0,2.284817988192946e-08,0.769970948941901
Li metal,3206.2531808859053,60.04219439861245,173.5,1.0,6.679529445270893e-13,1.0130831235858012e-13,0.0,2.2848949143186346e-08,0.7699742595591248
Li metal,3207.798414925306,60.07113136564244,172.5,1.0,6.654399633411077e-13,1.0144662067839563e-13,0.0,2.2849716029770364e-08,0.7699775399952382
Li metal,3209.3403950205116,60.100007397387856,171.5,1.0,6.629689990020095e-13,1.0158757134738819e-13,0.0,2.2850480586340714e-08,0.7699807905882179
Li metal,3210.8791092866845,60.12882227128622,170.5,1.0,6.605396850693193e-13,1.0173119989471261e-13,0.0,2.2851242857225677e-08,0.7699840116710659
Li metal,3212.4145457254226,60.157575762648364,169.5,1.0,6.581516666492709e-13,1.0187754265719495e-13,0.0,2.2852002886434983e-08,0.7699872035719003
Li metal,3213.946692223,60.18626764462546,168.5,1.0,6.558046002790997e-13,1.020266368014599e-13,0.0,2.2852760717672063e-08,0.7699903666140445
Li metal,3215.4755365485703,60.21489768817547,167.5,1.0,6.534981538187765e-13,1.021785203468151e-13,0.0,2.285351639434623e-08,0.7699935011161142
Li metal,3217.0010663523267,60.24346566202859,166.5,1.0,6.512320063500735e-13,1.0233323218891126e-13,0.0,2.2854269959584767e-08,0.7699966073921026
Li metal,3218.5232691636284,60.271971332652214,165.5,1.0,6.490058480829909e-13,1.0249081212421757e-13,0.0,2.2855021456244975e-08,0.769999685751464
Li metal,3220.0421323890832,60.30041446421504,164.5,1.0,6.468193802694871e-13,1.026513008753398e-13,0.0,2.285577092692612e-08,0.7700027364991957
Li metal,3221.5576433105853,60.328794818550286,163.5,1.0,6.446723151245435e-13,1.028147401172208e-13,0.0,2.285651841398136e-08,0.7700057599359169
Li metal,3223.0697890833135,60.35711215511822,162.5,1.0,6.425643757545207e-13,1.0298117250425339e-13,0.0,2.285726395952962e-08,0.7700087563579481
Li metal,3224.5785567336816,60.385366230967826,161.5,1.0,6.404952960928609e-13,1.0315064169834909e-13,0.0,2.285800760546741e-08,0.7700117260573871
Li metal,3226.0839331572483,60.41355680069753,160.5,1.0,6.384648208431294e-13,1.0332319239799852e-13,0.0,2.285874939348065e-08,0.7700146693221843
Li metal,3227.5859051165708,60.441683616415176,159.5,1.0,6.364727054294344e-13,1.0349887036836624e-13,0.0,2.285948936505645e-08,0.7700175864362159
Li metal,3229.0844592390195,60.46974642769699,158.5,1.0,6.345187159542745e-13,1.0367772247246365e-13,0.0,2.2860227561494875e-08,0.7700204776793561
Li metal,3230.579582014536,60.49774498154561,157.5,1.0,6.326026291638568e-13,1.0385979670344519e-13,0.0,2.2860964023920744e-08,0.7700233433275473
Li metal,3232.0712597933402,60.52567902234719,156.5,1.0,6.307242324209521e-13,1.0404514221807535e-13,0.0,2.2861698793295383e-08,0.7700261836528693
Li metal,3233.5594787835903,60.55354829182753,155.5,1.0,6.288833236853629e-13,1.0423380937141686e-13,0.0,2.286243191042844e-08,0.7700289989236069
Li metal,3235.0442250489796,60.581352529007106,154.5,1.0,6.270797115021098e-13,1.0442584975279628e-13,0.0,2.2863163415989696e-08,0.770031789404316
Li metal,3236.5254845062823,60.6090914701551,153.5,1.0,6.253132149973669e-13,1.0462131622309038e-13,0.0,2.2863893350520916e-08,0.7700345553558888
Li metal,3238.0032429228413,60.63676484874234,152.5,1.0,6.235836638823774e-13,1.0482026295341211e-13,0.0,2.286462175444775e-08,0.7700372970356172
Li metal,3239.477485913995,60.66437239539317,151.5,1.0,6.218908984653299e-13,1.0502274546523211e-13,0.0,2.286534866809168e-08,0.7700400146972554
Li metal,3240.948198940442,60.69191383783599,150.5,1.0,6.202347696714605e-13,1.0522882067202328e-13,0.0,2.2866074131682023e-08,0.7700427085910803
Li metal,3242.4153673055444,60.719388900852884,149.5,1.0,6.186151390714378e-13,1.0543854692247702e-13,0.0,2.2866798185368016e-08,0.7700453789639522
Li metal,3243.8794537236895,60.74680624950729,148.5,1.0,6.174350414568967e-13,1.0572101600880485e-13,0.0,2.286752134142548e-08,0.7700480277889049
Li metal,3245.3409219216505,60.77417456782116,147.5,1.0,6.162921435320001e-13,1.0600805166776389e-13,0.0,2.286824364162068e-08,0.7700506552885804
Li metal,3246.7997590734185,60.801493615607086,146.5,1.0,6.151864301416392e-13,1.06299734816746e-13,0.0,2.2868965127785637e-08,0.7700532616826915
Li metal,3248.255952202032,60.82876314985078,145.5,1.0,6.141178982534283e-13,1.0659614849579029e-13,0.0,2.2869685841832388e-08,0.7700558471880729
Li metal,3249.709488176744,60.85598292465812,144.5,1.0,6.130865571012668e-13,1.0689737793724018e-13,0.0,2.2870405825767426e-08,0.7700584120187318
Li metal,3251.160353710132,60.88315269120096,143.5,1.0,6.120924283407747e-13,1.0720351063819454e-13,0.0,2.2871125121706406e-08,0.7700609563858973
Li metal,3252.6085353551257,60.91027219766153,142.5,1.0,6.111355462170404e-13,1.0751463643588974e-13,0.0,2.287184377188906e-08,0.7700634804980693
Li metal,3254.0540195019553,60.93734118917519,141.5,1.0,6.10215957745054e-13,1.0783084758614395e-13,0.0,2.287256181869439e-08,0.7700659845610652
Li metal,3255.496792375025,60.964359407772,140.5,1.0,6.093337229033217e-13,1.0815223884501825e-13,0.0,2.2873279304656137e-08,0.7700684687780681
Li metal,3256.936840029702,60.99132659231652,139.5,1.0,6.084889148411215e-13,1.084789075538456e-13,0.0,2.2873996272478534e-08,0.7700709333496721
Li metal,3258.374148349016,61.018242478446,138.5,1.0,6.076816200999271e-13,1.0881095372779449e-13,0.0,2.2874712765052363e-08,0.7700733784739283
Li metal,3259.8087030402767,61.04510679850705,137.5,1.0,6.069119388495524e-13,1.0914848014814009e-13,0.0,2.2875428825471362e-08,0.7700758043463883
Li metal,3261.240489631592,61.07191928149049,136.5,1.0,6.061799851395883e-13,1.0949159245842525e-13,0.0,2.287614449704896e-08,0.7700782111601492
Li metal,3262.6694934683032,61.09867965296448,135.5,1.0,6.054858871667641e-13,1.0984039926470552e-13,0.0,2.2876859823335392e-08,0.770080599105896
Li metal,3264.095699709307,61.12538763500575,134.5,1.0,6.048297875589076e-13,1.1019501224008602e-13,0.0,2.287757484813519e-08,0.7700829683719443
Li metal,3265.5190933232893,61.15204294612901,133.5,1.0,6.042118436761805e-13,1.1055554623376179e-13,0.0,2.28782896155251e-08,0.7700853191442819
Li metal,3266.939659084845,61.178645301214324,132.5,1.0,6.036322279303734e-13,1.1092211938479576e-13,0.0,2.2879004169872415e-08,0.77008765160661
Li metal,3268.3573815704967,61.20519441143253,131.5,1.0,6.030911281230353e-13,1.1129485324087588e-13,0.0,2.2879718555853778e-08,0.770089965940384
Li metal,3269.7722451545937,61.231689984168426,130.5,1.0,6.0258874780329e-13,1.1167387288230632e-13,0.0,2.2880432818474463e-08,0.770092262324853
Li metal,3271.184234005098,61.25813172294191,129.5,1.0,6.021253066462828e-13,1.1205930705151443e-13,0.0,2.2881147003088162e-08,0.7700945409370991
Li metal,3272.5933320792496,61.28451932732678,128.5,1.0,6.017010408531497e-13,1.1245128828834945e-13,0.0,2.2881861155417302e-08,0.7700968019520765
Li metal,3273.9995231191056,61.31085249286714,127.5,1.0,6.013162035736024e-13,1.1284995307149177e-13,0.0,2.2882575321573948e-08,0.7700990455426495
Li metal,3275.4027906469473,61.337130910991526,126.5,1.0,6.009710653521841e-13,1.1325544196629349e-13,0.0,2.2883289548081268e-08,0.7701012718796303
Li metal,3276.8031179605564,61.363354268924276,125.5,1.0,6.006659145993757e-13,1.1366789977939658e-13,0.0,2.2884003881895648e-08,0.7701034811318161
Li metal,3278.2004881283483,61.389522249594535,124.5,1.0,6.004010580887716e-13,1.1408747572049565e-13,0.0,2.2884718370429457e-08,0.7701056734660263
Li metal,3279.595493871263,61.41564595264537,123.5,1.0,6.007023995286512e-13,1.1461460437619402e-13,0.0,2.288543368743336e-08,0.7701078509522465
Li metal,3280.9887306681208,61.441736529365556,122.5,1.0,6.010492413529831e-13,1.151508544700062e-13,0.0,2.2886149887529184e-08,0.770110013741748
Li metal,3282.3801869013796,61.46779376219811,121.5,1.0,6.014421385636383e-13,1.1569643644992894e-13,0.0,2.2886867026104198e-08,0.7701121619842597
Li metal,3283.769850779886,61.493817430334936,120.5,1.0,6.018816723112955e-13,1.162515675379188e-13,0.0,2.2887585159344046e-08,0.7701142958280024
Li metal,3285.1577103348213,61.51980730964084,119.5,1.0,6.023684508043783e-13,1.168164720053182e-13,0.0,2.2888304344266857e-08,0.7701164154197238
Li metal,3286.5437534155144,61.54576317257517,118.5,1.0,6.029031102664634e-13,1.1739138146190688e-13,0.0,2.2889024638758585e-08,0.7701185209047329
Li metal,3287.9279676851197,61.57168478811086,117.5,1.0,6.034863159448735e-13,1.1797653515937125e-13,0.0,2.288974610160969e-08,0.7701206124269346
Li metal,3289.3103406161576,61.597571921650896,116.5,1.0,6.041187631734196e-13,1.1857218031004317e-13,0.0,2.2890468792553173e-08,0.7701226901288644
Li metal,3290.6908594859046,61.62342433494203,115.5,1.0,6.048011784924034e-13,1.191785724218131e-13,0.0,2.289119277230409e-08,0.7701247541517219
Li metal,3292.0695113716347,61.64924178598566,114.5,1.0,6.055343208292539e-13,1.197959756501898e-13,0.0,2.289191810260057e-08,0.7701268046354062
Li metal,3293.4462831457017,61.67502402894572,113.5,1.0,6.063189827433671e-13,1.2042466316853803e-13,0.0,2.289264484624648e-08,0.7701288417185498
Li metal,3294.821161470454,61.70077081405345,112.5,1.0,6.071559917390102e-13,1.2106491755760837e-13,0.0,2.2893373067155778e-08,0.7701308655385527
Li metal,3296.1941327929826,61.72648188750903,111.5,1.0,6.080462116503899e-13,1.2171703121554232e-13,0.0,2.2894102830398645e-08,0.7701328762316174
Li metal,3297.56518333968,61.75215699137977,110.5,1.0,6.089905441032959e-13,1.223813067896233e-13,0.0,2.289483420224954e-08,0.7701348739327833
Li metal,3298.934299110623,61.777795863494816,109.5,1.0,6.099899300580606e-13,1.230580576311413e-13,0.0,2.289556725023723e-08,0.7701368587759617
Li metal,3300.30146587375,61.80339823733614,108.5,1.0,6.110453514388913e-13,1.237476082748253e-13,0.0,2.2896302043196942e-08,0.7701388308939705
Li metal,3301.666669158837,61.82896384192579,107.5,1.0,6.121578328550372e-13,1.244502949444181e-13,0.0,2.2897038651324743e-08,0.7701407904185695
Li metal,3303.0298942512654,61.85449240170908,106.5,1.0,6.133284434196195e-13,1.2516646608607043e-13,0.0,2.289777714623425e-08,0.7701427374804964
Li metal,3304.3911261855555,61.87998363643363,105.5,1.0,6.14558298672444e-13,1.2589648293137133e-13,0.0,2.289851760101585e-08,0.7701446722095021
Li metal,3305.750349738679,61.90543726102394,104.5,1.0,6.15848562613538e-13,1.2664072009195473e-13,0.0,2.2899260090298555e-08,0.7701465947343868
Li metal,3307.1075494231145,61.93085298545157,103.5,1.0,6.172004498546887e-13,1.2739956618777513e-13,0.0,2.2900004690314598e-08,0.7701485051830376
Li metal,3308.4627094796588,61.95623051460035,102.5,1.0,6.186152278968431e-13,1.2817342451131027e-13,0.0,2.2900751478967007e-08,0.7701504036824645
Li metal,3309.8158138699664,61.98156954812671,101.5,1.0,6.200942195417884e-13,1.2896271373011177e-13,0.0,2.2901500535900277e-08,0.7701522903588389
Li metal,3311.1668462688026,62.00686978031465,100.5,1.0,6.216388054472707e-13,1.297678686303324e-13,0.0,2.2902251942574356e-08,0.7701541653375319
Li metal,3312.515790056015,62.03213089992537,99.5,1.0,6.232504268353309e-13,1.3058934090404179e-13,0.0,2.2903005782342095e-08,0.770156028743153
Li metal,3313.86323458257,62.05736394349381,98.5,1.0,6.254936507756846e-13,1.315460162406807e-13,0.0,2.290376282200911e-08,0.7701578823681471
Li metal,3315.2097735248317,62.082580028554894,97.5,1.0,6.2781625710967e-13,1.3252279934548753e-13,0.0,2.2904523161065567e-08,0.770159726333167
Li metal,3316.5553986848595,62.10777900158912,96.5,1.0,6.30220264344616e-13,1.3352029909221973e-13,0.0,2.2905286901629003e-08,0.7701615607586078
Li metal,3317.9001017041924,62.13296070607101,95.5,1.0,6.327077803601581e-13,1.3453914951363422e-13,0.0,2.2906054148558876e-08,0.7701633857646559
Li metal,3319.243874058995,62.15812498237818,94.5,1.0,6.352810069807498e-13,1.355800111170695e-13,0.0,2.2906825009576973e-08,0.770165201471342
Li metal,3320.5868543822066,62.183274426633076,93.5,1.0,6.38082276082493e-13,1.3667356617292855e-13,0.0,2.290759976541923e-08,0.7701670083951213
Li metal,3321.9291827083316,62.2084116612047,92.5,1.0,6.409768755054475e-13,1.3779138256765128e-13,0.0,2.29083785336773e-08,0.7701688066566567
Li metal,3323.270853174498,62.233536576301454,91.5,1.0,6.43967442291599e-13,1.3893424219638562e-13,0.0,2.2909161435361788e-08,0.7701705963767359
Li metal,3324.6118597995223,62.258649059916145,90.5,1.0,6.470567347479003e-13,1.401029612395176e-13,0.0,2.2909948595057776e-08,0.770172377676335
Li metal,3325.952196480186,62.28374899775629,89.5,1.0,6.502476390799283e-13,1.41298392064847e-13,0.0,2.291074014108892e-08,0.7701741506766825
Li metal,3327.292125439484,62.30884130036487,88.5,1.0,6.538051675592356e-13,1.425785589625527e-13,0.0,2.291153652481544e-08,0.7701759162067826
Li metal,3328.631911466465,62.3339309263383,87.5,1.0,6.574761374939453e-13,1.4388890082177153e-13,0.0,2.2912337889853757e-08,0.7701776743898665
Li metal,3329.971553518797,62.35901785615724,86.5,1.0,6.612641103188801e-13,1.4523045849913197e-13,0.0,2.2913144384422576e-08,0.7701794253498494
Li metal,3331.3110505353875,62.384102069951076,85.5,1.0,6.651728191728725e-13,1.4660432152347919e-13,0.0,2.291395616156327e-08,0.7701811692114138
Li metal,3332.6504014358366,62.40918354748758,84.5,1.0,6.692061789639434e-13,1.4801163097387713e-13,0.0,2.291477337937321e-08,0.770182906100099
Li metal,3333.989729481333,62.43426459702871,83.5,1.0,6.734933650476594e-13,1.4948134128726055e-13,0.0,2.2915596354079547e-08,0.7701846364637107
Li metal,3335.329159761316,62.45934756107333,82.5,1.0,6.779171159481727e-13,1.5098791938744412e-13,0.0,2.291642525911488e-08,0.7701863604320959
Li metal,3336.6686948798515,62.48443248838673,81.5,1.0,6.824821241238061e-13,1.5253272515453787e-13,0.0,2.291726027396416e-08,0.770188078136393
Li metal,3338.0083375180784,62.509519429177494,80.5,1.0,6.871933211936893e-13,1.5411718635475786e-13,0.0,2.291810158447171e-08,0.770189789709148
Li metal,3339.3480904373673,62.53460843515669,79.5,1.0,6.920558929489837e-13,1.5574280292568482e-13,0.0,2.2918949383167585e-08,0.7701914952844343
Li metal,3340.688347644448,62.55970688472749,78.5,1.0,6.974822877851343e-13,1.57503057187799e-13,0.0,2.2919804368512556e-08,0.7701931959903334
Li metal,3342.0295081389486,62.58482224979304,77.5,1.0,7.030823783000097e-13,1.5931085080108832e-13,0.0,2.2920666761741656e-08,0.7701948919698346
Li metal,3343.37158488295,62.60995477308895,76.5,1.0,7.088627567291218e-13,1.6116807795570809e-13,0.0,2.292153679257634e-08,0.7701965833682931
Li metal,3344.7145911935513,62.63510470399909,75.5,1.0,7.148303738364606e-13,1.6307673463030485e-13,0.0,2.2922414699684808e-08,0.7701982703336013
Li metal,3346.05854075738,62.66027229882733,74.5,1.0,7.209925631663273e-13,1.6503892550193668e-13,0.0,2.2923300731173477e-08,0.7701999530163696
Li metal,3347.403719980558,62.68546292098423,73.5,1.0,7.276515316130156e-13,1.671245029781084e-13,0.0,2.2924195507208067e-08,0.7702016322496408
Li metal,3348.7504198986658,62.71068202057427,72.5,1.0,7.34530496462003e-13,1.6927082436647973e-13,0.0,2.2925099308528896e-08,0.7702033081963144
Li metal,3350.0986639844036,62.73593003716112,71.5,1.0,7.416386066061284e-13,1.7148050529830243e-13,0.0,2.29260124276408e-08,0.7702049810230199
Li metal,3351.4484764026124,62.761207423269894,70.5,1.0,7.489855449548842e-13,1.7375631300966496e-13,0.0,2.2926935169498764e-08,0.7702066509003704
Li metal,3352.7998820407165,62.786514644957236,69.5,1.0,7.565815674259362e-13,1.761011774384701e-13,0.0,2.292786785224363e-08,0.7702083180032339
Li metal,3354.1531284414696,62.81185633785523,68.5,1.0,7.646881348837426e-13,1.7857672317547076e-13,0.0,2.292881111710169e-08,0.7702099830566432
Li metal,3355.508467997555,62.83723722841862,67.5,1.0,7.730755287584148e-13,1.8113029651295447e-13,0.0,2.292976532292696e-08,0.7702116462518704
Li metal,3356.8659362221433,62.86265798168807,66.5,1.0,7.817565288605174e-13,1.837655393913434e-13,0.0,2.293073084499521e-08,0.7702133077857936
Li metal,3358.2255697683263,62.888119284051044,65.5,1.0,7.907447201498561e-13,1.8648632230740353e-13,0.0,2.2931708076037667e-08,0.7702149678612812
Li metal,3359.58740648353,62.91362184426085,64.5,1.0,8.000545564313597e-13,1.8929676242909308e-13,0.0,2.2932697427356528e-08,0.7702166266876052
Li metal,3360.9519396331866,62.93917489949787,63.5,1.0,8.102401585285165e-13,1.9232912300904276e-13,0.0,2.2933699996638066e-08,0.7702182855838359
Li metal,3362.3196724265767,62.96478787315686,62.5,1.0,8.208010218407712e-13,1.9546621908855988e-13,0.0,2.2934716263878995e-08,0.7702199447894436
Li metal,3363.6906642228605,62.9904618768326,61.5,1.0,8.317559924559743e-13,1.9871340449995552e-13,0.0,2.2935746733275952e-08,0.7702216045527321
Li metal,3365.0649764591135,63.01619806103208,60.5,1.0,8.431252107530116e-13,2.0207640024923335e-13,0.0,2.2936791934886955e-08,0.7702232651314632
