variant,hw,ecut,scenario,knobs,best,R,reach3,live,trig_Hz,occ,X17,M1,E0,G,WALL,ACC,COS
tubeBe,"nTOF 5 ns, no veto, strict",13.0,as is,MM occ + DREAM,False,1000000000.0,0.04893839923617534,0.9996564835379222,1.153135926803617,0.008458494367821364,1594.8460949220207,214.82505211644795,315.1004234725585,0.0,0.0,28.9164097131081,10744.226106097889
tubeBe,"nTOF 5 ns, no veto, strict",13.0,as is,MM occ + DREAM,False,1242553630.827767,0.04115883561312535,0.9995657188159682,1.4579525708714747,0.010510132888072652,1973.3878844563549,265.8144610154571,389.8905104684833,0.0,0.0,44.458334644471954,10699.258358718027
tubeBe,"nTOF 5 ns, no veto, strict",13.0,as is,MM occ + DREAM,False,1543939525.4832668,0.0348283238316732,0.999448894518847,1.8503669995868215,0.013059403780557002,2439.2851425816198,328.57061226813573,481.9397833089154,0.0,0.0,68.28392022111527,10643.602454148964
tubeBe,"nTOF 5 ns, no veto, strict",13.0,as is,MM occ + DREAM,False,1918427663.1677406,0.02967081809155677,0.9992974944466279,2.359058437466118,0.016227009583977034,3011.3454043702427,405.62687239491527,594.9641254792056,0.0,0.0,104.74458751264531,10574.78397142768
tubeBe,"nTOF 5 ns, no veto, strict",13.0,as is,MM occ + DREAM,False,2383749258.3495045,0.025465069025596646,0.999099747109748,3.0237049523170882,0.020162929676047638,3711.684633524415,499.9622517655462,733.3330805674487,0.0,0.0,160.41952648703747,10489.791544395926
tubeBe,"nTOF 5 ns, no veto, strict",13.0,as is,MM occ + DREAM,False,2961936295.9451733,0.022033843463002765,0.998839193680403,3.8998501908710983,0.025053521477097922,4565.885579525501,615.0227352359434,902.101139549819,0.0,0.0,245.20330967040312,10384.980135845526
tubeBe,"nTOF 5 ns, no veto, strict",13.0,as is,MM occ + DREAM,False,3680364698.807223,0.019235290478093702,0.9984925640943906,5.066146641718222,0.031130344076389465,5602.877989410518,754.7051467283213,1106.98407372948,0.0,0.0,373.87602083406193,10255.968273344432
tubeBe,"nTOF 5 ns, no veto, strict",13.0,as is,MM occ + DREAM,False,4573050519.273255,0.016956020864461515,0.9980266116293708,6.635202457638874,0.0386811220610354,6854.330986618624,923.275302934937,1354.2388844800792,0.0,0.0,568.3248702928084,10097.536527161246
tubeBe,"nTOF 5 ns, no veto, strict",13.0,as is,MM occ + DREAM,False,5682260526.681813,0.015105573393582842,0.9973933789382703,8.76991037581238,0.04806336866143177,8353.245747886975,1125.1784475285415,1650.3857525250608,0.0,0.0,860.6012854006357,9903.540372020048
tubeBe,"nTOF 5 ns, no veto, strict",13.0,as is,MM occ + DREAM,False,7060513448.737786,0.013612039305282451,0.9965231054628723,11.708139298209307,0.05972131324007556,10131.303624128936,1364.682044236672,2001.6840950713697,0.0,0.0,1296.9618625005548,9666.85949252166
tubeBe,"nTOF 5 ns, no veto, strict",13.0,as is,MM occ + DREAM,False,8773066621.237415,0.01241869561284082,0.9953136027429951,15.80021135913631,0.07420693460425828,12214.367692603739,1645.2698379409164,2413.243788628493,0.0,0.0,1942.8890790890966,9379.418673862492
tubeBe,"nTOF 5 ns, no veto, strict",13.0,as is,MM occ + DREAM,False,10901005783.71244,0.011481555634568527,0.9936143813527087,21.5659625065952,0.0922060960251198,14615.382592978545,1968.6854657859387,2887.622359878039,0.0,0.0,2888.6993843336936,9032.333786119416
tubeBe,"nTOF 5 ns, no veto, strict",13.0,as is,MM occ + DREAM,False,13545084316.226381,0.010767787528454635,0.9912030829229593,29.781844378623745,0.11457101940046635,17323.840679957946,2333.51355267354,3422.743769324517,0.0,0.0,4254.528959161921,8616.260646992245
tubeBe,"nTOF 5 ns, no veto, strict",13.0,as is,MM occ + DREAM,False,16830493696.995401,0.010254985392069718,0.9877508799886222,41.614166487865184,0.14236063614368857,20291.135476076568,2733.2068279373316,4009.0046316120565,0.0,0.0,6191.969326244413,8122.053668270254
tubeBe,"nTOF 5 ns, no veto, strict",13.0,as is,MM occ + DREAM,False,20912791051.82548,0.00993131371924287,0.9827726477990746,58.823276007915695,0.17689072532729086,23411.792938184124,3153.5579853746362,4625.565998225283,0.0,0.0,8877.123520998484,7541.8698939177275
tubeBe,"nTOF 5 ns, no veto, strict",13.0,as is,MM occ + DREAM,True,25985264452.18819,0.009796630657868708,0.9755574923117615,84.07688785786398,0.2197962130151825,26502.22836399304,3569.83824810706,5236.1562705327815,0.0,0.0,12486.33904081451,6870.868089051655
tubeBe,"nTOF 5 ns, no veto, strict",13.0,as is,MM occ + DREAM,False,32288084693.086143,0.009864953664169422,0.9650771592690978,121.43147268813195,0.27310858252420833,29281.961638672157,3944.2670707402326,5785.359817370934,0.0,0.0,17142.25855840097,6109.620622351911
tubeBe,"nTOF 5 ns, no veto, strict",13.0,as is,MM occ + DREAM,False,40119676867.86863,0.010169257451779025,0.9498772415658329,177.07254010667228,0.33935206082567987,31367.68016471376,4225.21241868557,6197.443963228534,0.0,0.0,22817.361224098822,5267.218499652818
tubeBe,"nTOF 5 ns, no veto, strict",13.0,as is,MM occ + DREAM,False,49850850159.80715,0.010770779314521396,0.9279749723496661,260.45392479374607,0.4216631353078355,32297.71767701775,4350.488053549085,6381.195370279935,0.0,0.0,29192.41291883542,4364.712321785805
tubeBe,"nTOF 5 ns, no veto, strict",13.0,as is,MM occ + DREAM,False,61942354865.91934,0.011777078763671176,0.8968259488410183,386.05221964410157,0.5239390597629711,31609.901295847438,4257.839496172968,6245.3006067236265,0.0,0.0,35500.661203211544,3437.8885036167007
tubeBe,"nTOF 5 ns, no veto, strict",13.0,as is,MM occ + DREAM,False,76966697940.67009,0.013377253509473157,0.8534834980649726,576.0698537120426,0.6510223810409661,28989.590119879747,3904.8847585773674,5727.594751715926,0.0,0.0,40454.84298195648,2537.4388222992034
tubeBe,"nTOF 5 ns, no veto, strict",13.0,as is,MM occ + DREAM,False,95635249979.00362,0.015912412977786818,0.7951330027818038,864.6014473331543,0.8089302233125903,24470.613617501826,3296.180654947979,4834.761635031118,0.0,0.0,42431.506110773975,1723.785496013679
tubeBe,"nTOF 5 ns, no veto, strict",13.0,as is,MM occ + DREAM,False,118831927096.53207,0.020023596514249446,0.7201450269504857,1304.057672652278,1.0051391860633756,18600.098714690106,2505.424936284997,3674.8994152422024,0.0,0.0,40075.041383201176,1054.4802958866792
tubeBe,"nTOF 5 ns, no veto, strict",13.0,as is,MM occ + DREAM,False,147655042472.05704,0.02698218037026062,0.6294963393298078,1975.0724461017,1.2489393451303188,12406.277961787544,1671.1200649379664,2451.1603043857754,0.0,0.0,33213.556358279006,566.0432088919557
tubeBe,"nTOF 5 ns, no veto, strict",13.0,as is,MM occ + DREAM,False,183469309133.68265,0.03948409036290775,0.5278348171999061,3001.785540698599,1.5518741179753315,7052.379502943019,949.9523490627354,1393.3681594368456,0.0,0.0,23459.820799015684,258.95756865218425
tubeBe,"nTOF 5 ns, no veto, strict",13.0,as is,MM occ + DREAM,False,227970456209.51935,0.06372860833576495,0.42310571293722266,4575.4212485082,1.9282868198778864,3308.6722883667017,445.6766700233714,653.7082433946347,0.0,0.0,13675.962857373403,97.77583772913552
tubeBe,"nTOF 5 ns, no veto, strict",13.0,as is,MM occ + DREAM,False,283265518084.60077,0.11542651183700256,0.32433623223353036,6990.671576035082,2.3959997893165963,1236.7022507188644,166.5832372848482,244.34044397872367,0.0,0.0,6351.619194760457,29.412219609105666
tubeBe,"nTOF 5 ns, no veto, strict",13.0,as is,MM occ + DREAM,False,351972597984.32916,0.2393014985385068,0.23871194155052644,10701.843810856244,2.9771582376779016,353.72939987569634,47.64719116494552,69.88779923681332,0.0,0.0,2257.384825518775,6.770467588497652
tubeBe,"nTOF 5 ns, no veto, strict",13.0,as is,MM occ + DREAM,False,437344829577.31195,0.5816931426112276,0.1697782490205061,16409.51680327458,3.699278777775487,73.75106115772093,9.934234787479857,14.571306081722376,0.0,0.0,584.8141340030271,1.13605834675901
tubeBe,"nTOF 5 ns, no veto, strict",13.0,as is,MM occ + DREAM,False,543424405915.04004,1.7089575521407434,0.11753782703519766,25194.29305704836,4.596552276769037,10.544285699966625,1.420310544220132,2.083278693695882,0.0,0.0,103.89194913878602,0.13071769626407256
tubeBe,"nTOF 5 ns, no veto, strict",13.0,as is,MM occ + DREAM,False,675233968650.1552,6.308953513468584,0.07974780710635697,38723.25420694214,5.7114627207890045,0.956036542038355,0.12877769248239615,0.1888881442608765,0.0,0.0,11.704540389812038,0.009538422827003267
tubeBe,"nTOF 5 ns, no veto, strict",13.0,as is,MM occ + DREAM,False,839014419404.4929,30.761716453087487,0.05332918384848223,59568.65408314039,7.096798741053815,0.0497448635919685,0.00670061076595152,0.009828301071383529,0.0,0.0,0.7567340210090948,0.0003994249407751991
tubeBe,"nTOF 5 ns, no veto, strict",13.0,as is,MM occ + DREAM,False,1042520413147.9036,211.05052420095473,0.03530254994758727,91699.88485485595,8.818153042950343,0.001308444109819973,0.00017624683345842138,0.00025851478359396613,0.0,0.0,0.024732347175813962,8.455260042620537e-06
tubeBe,"nTOF 5 ns, no veto, strict",13.0,as is,MM occ + DREAM,False,1295387524568.9966,2206.76082910669,0.0232070260794166,141242.94773180102,10.957028080712917,1.4827928411264837e-05,1.9973152919715917e-06,2.9296159275097835e-06,0.0,0.0,0.0003482617524447239,7.711469235051994e-08
tubeBe,"nTOF 5 ns, no veto, strict",13.0,as is,MM occ + DREAM,False,1609588471982.2002,38867.27625999686,0.015183592191901471,217652.91141700774,13.614695024771637,5.925574827338461e-08,7.98172265747773e-09,1.1707406397129338e-08,0.0,0.0,1.7293023429552225e-06,2.48011599742045e-10
tubeBe,"nTOF 5 ns, no veto, strict",13.0,as is,MM occ + DREAM,False,2000000000000.0002,1306666.9165561243,0.009902348676966112,335523.9699586223,16.91698873564273,6.502396386959429e-11,8.758698705524071e-12,1.2847056914401076e-11,0.0,0.0,2.3579197847494625e-09,2.190280843882369e-13
tubeBe,"nTOF 5 ns, no veto, strict",13.0,as is,"MM occ ÷10, DAQ 10 µs",False,1000000000.0,0.04855920046637905,0.9999884687737026,1.153135926803617,0.0008458494367821365,1619.8516539505713,218.1932896778109,320.04087651323226,0.0,0.0,29.3697895045984,10912.684605615526
tubeBe,"nTOF 5 ns, no veto, strict",13.0,as is,"MM occ ÷10, DAQ 10 µs",False,1242553630.827767,0.04076278788708322,0.9999854206868508,1.4579525708714747,0.0010510132888072652,2011.920702705102,271.00481431339426,397.5036007763384,0.0,0.0,45.326438144037816,10908.174497800563
tubeBe,"nTOF 5 ns, no veto, strict",13.0,as is,"MM occ ÷10, DAQ 10 µs",False,1543939525.4832668,0.03441219882759845,0.9999814966723837,1.8503669995868215,0.0013059403780557003,2498.6352997559184,336.5650517621306,493.6658424680587,0.0,0.0,69.94533377496954,10902.57155436901
tubeBe,"nTOF 5 ns, no veto, strict",13.0,as is,"MM occ ÷10, DAQ 10 µs",False,1918427663.1677406,0.029230717258507004,0.9999764099721279,2.359058437466118,0.0016227009583977036,3102.706318041334,417.9331464004695,613.0146838862275,0.0,0.0,107.92242330769191,10895.611307973648
tubeBe,"nTOF 5 ns, no veto, strict",13.0,as is,"MM occ ÷10, DAQ 10 µs",False,2383749258.3495045,0.024996250243201713,0.9999697638647285,3.0237049523170882,0.002016292967604764,3852.2197779831718,518.8922725548068,761.0991977324385,0.0,0.0,166.4934749915078,10886.96547364598
tubeBe,"nTOF 5 ns, no veto, strict",13.0,as is,"MM occ ÷10, DAQ 10 µs",False,2961936295.9451733,0.021530492793549384,0.9999610030189151,3.8998501908710983,0.0025053521477097925,4781.868214750743,644.1154991184541,944.7737335003469,0.0,0.0,256.8022987528383,10876.226650335448
tubeBe,"nTOF 5 ns, no veto, strict",13.0,as is,"MM occ ÷10, DAQ 10 µs",False,3680364698.807223,0.01869021960821114,0.9999493411000371,5.066146641718222,0.0031130344076389467,5934.441523366566,799.3666057172554,1172.4924699880646,0.0,0.0,396.0010171240861,10862.88941124502
tubeBe,"nTOF 5 ns, no veto, strict",13.0,as is,"MM occ ÷10, DAQ 10 µs",False,4573050519.273255,0.016360264197228466,0.9999336523777226,6.635202457638874,0.00386811220610354,7362.619069354989,991.7414792084213,1454.6634901058114,0.0,0.0,610.4694295877237,10846.326962255647
tubeBe,"nTOF 5 ns, no veto, strict",13.0,as is,"MM occ ÷10, DAQ 10 µs",False,5682260526.681813,0.014447849476982483,0.9999123085867002,8.76991037581238,0.004806336866143178,9131.10364261517,1229.9555563080223,1804.0703950813138,0.0,0.0,940.7408532125194,10825.762379685024
tubeBe,"nTOF 5 ns, no veto, strict",13.0,as is,"MM occ ÷10, DAQ 10 µs",False,7060513448.737786,0.012878026965627946,0.9998829323134658,11.708139298209307,0.005972131324007556,11319.130305703811,1524.6817643269712,2236.3679881241023,0.0,0.0,1449.021850278846,10800.233247593562
tubeBe,"nTOF 5 ns, no veto, strict",13.0,as is,"MM occ ÷10, DAQ 10 µs",False,8773066621.237415,0.011590051433836493,0.9998420228471326,15.80021135913631,0.0074206934604258284,14023.364677012287,1888.9409186122243,2770.6549003731575,0.0,0.0,2230.6387664708477,10768.548305746495
tubeBe,"nTOF 5 ns, no veto, strict",13.0,as is,"MM occ ÷10, DAQ 10 µs",False,10901005783.71244,0.010534558882407223,0.99978438687398,21.5659625065952,0.00922060960251198,17361.168323640955,2338.54156949919,3430.1187482451796,0.0,0.0,3431.3981128286478,10729.234504710346
tubeBe,"nTOF 5 ns, no veto, strict",13.0,as is,"MM occ ÷10, DAQ 10 µs",False,13545084316.226381,0.009671429156470249,0.9997022702256317,29.781844378623745,0.011457101940046635,21474.142265720497,2892.5573107510313,4242.736238426405,0.0,0.0,5273.7936021524665,10680.472670595442
tubeBe,"nTOF 5 ns, no veto, strict",13.0,as is,"MM occ ÷10, DAQ 10 µs",False,16830493696.995401,0.008968200499024762,0.9995840314369717,41.614166487865184,0.014236063614368858,26531.745604547134,3573.81420714195,5241.988115391009,0.0,0.0,8096.331284602966,10620.019858774906
tubeBe,"nTOF 5 ns, no veto, strict",13.0,as is,"MM occ ÷10, DAQ 10 µs",False,20912791051.82548,0.00839886358858922,0.9994121130542815,58.823276007915695,0.017689072532729087,32734.598691706888,4409.33572985347,6467.511782361314,0.0,0.0,12412.08124315216,10545.116515181831
tubeBe,"nTOF 5 ns, no veto, strict",13.0,as is,"MM occ ÷10, DAQ 10 µs",False,25985264452.18819,0.007942825274875994,0.9991599374198948,84.07688785786398,0.021979621301518253,40316.78045976875,5430.652205886169,7965.555194555906,0.0,0.0,18994.968383062806,10452.376928827793
tubeBe,"nTOF 5 ns, no veto, strict",13.0,as is,"MM occ ÷10, DAQ 10 µs",False,32288084693.086143,0.00758387206464327,0.9987871580449661,121.43147268813195,0.027310858252420835,49545.96260640885,6673.818892600908,9789.003370509123,0.0,0.0,29005.218707828368,10337.662436338023
tubeBe,"nTOF 5 ns, no veto, strict",13.0,as is,"MM occ ÷10, DAQ 10 µs",False,40119676867.86863,0.007309140277495709,0.9982324045251393,177.07254010667228,0.03393520608256799,60719.514711614866,8178.891338756972,11996.608863762229,0.0,0.0,44168.36352741937,10195.938925019253
tubeBe,"nTOF 5 ns, no veto, strict",13.0,as is,"MM occ ÷10, DAQ 10 µs",False,49850850159.80715,0.007108315850171692,0.9974022267544378,260.45392479374607,0.04216631353078355,74153.670904771,9988.466139437898,14650.85137590066,0.0,0.0,67024.07278889157,10021.124227425256
tubeBe,"nTOF 5 ns, no veto, strict",13.0,as is,"MM occ ÷10, DAQ 10 µs",False,61942354865.91934,0.006973308709407985,0.9961543241206516,386.05221964410157,0.05239390597629711,90161.37267094426,12144.69637201772,17813.560066979873,0.0,0.0,101259.04269204954,9805.938451837557
tubeBe,"nTOF 5 ns, no veto, strict",13.0,as is,"MM occ ÷10, DAQ 10 µs",False,76966697940.67009,0.006898425321220517,0.9942722970329828,576.0698537120426,0.06510223810409661,109012.43870028132,14683.926492778017,21538.044145829936,0.0,0.0,152126.36924023987,9541.78354808534
tubeBe,"nTOF 5 ns, no veto, strict",13.0,as is,"MM occ ÷10, DAQ 10 µs",True,95635249979.00362,0.006880860937293077,0.9914280983127206,864.6014473331543,0.08089302233125904,130867.37200428244,17627.776185223167,25856.014864748737,0.0,0.0,226921.14638797237,9218.701307966568
tubeBe,"nTOF 5 ns, no veto, strict",13.0,as is,"MM occ ÷10, DAQ 10 µs",False,118831927096.53207,0.006921364595881975,0.9871272908251502,1304.057672652278,0.10051391860633757,155673.95738179906,20969.212085228733,30757.155847726048,0.0,0.0,335408.9878799997,8825.497281482825
tubeBe,"nTOF 5 ns, no veto, strict",13.0,as is,"MM occ ÷10, DAQ 10 µs",False,147655042472.05704,0.007025123082293364,0.9806318112973578,1975.0724461017,0.12489393451303188,183015.43325981652,24652.096596240375,36159.12576504857,0.0,0.0,489961.08468086726,8350.179114011386
tubeBe,"nTOF 5 ns, no veto, strict",13.0,as is,"MM occ ÷10, DAQ 10 µs",False,183469309133.68265,0.007203112559028117,0.9708569562659424,3001.785540698599,0.15518741179753315,211904.19102166404,28543.399281514077,41866.79864542101,0.0,0.0,704901.7067011336,7780.947419417607
tubeBe,"nTOF 5 ns, no veto, strict",13.0,as is,"MM occ ÷10, DAQ 10 µs",False,227970456209.51935,0.007474356321212936,0.9562476421908416,4575.4212485082,0.19282868198778866,240533.19924306517,32399.713820444817,47523.151721047376,0.0,0.0,994212.4248386052,7108.088383473419
tubeBe,"nTOF 5 ns, no veto, strict",13.0,as is,"MM occ ÷10, DAQ 10 µs",False,283265518084.60077,0.007869800508480605,0.9346609244239857,6990.671576035082,0.23959997893165963,266041.1688208602,35835.62585696175,52562.868118435144,0.0,0.0,1366369.4664555264,6327.199031031034
tubeBe,"nTOF 5 ns, no veto, strict",13.0,as is,"MM occ ÷10, DAQ 10 µs",False,351972597984.32916,0.008439036456702402,0.9033273210052285,10701.843810856244,0.29771582376779016,284430.5674010808,38312.66957984159,56196.138625528496,0.0,0.0,1815142.4421903407,5444.0709153486605
tubeBe,"nTOF 5 ns, no veto, strict",13.0,as is,"MM occ ÷10, DAQ 10 µs",False,437344829577.31195,0.009262121810051854,0.8590362948503109,16409.51680327458,0.36992787777754876,290894.28233356384,39183.32907586301,57473.20185997863,0.0,0.0,2306666.3060688116,4480.923694952427
tubeBe,"nTOF 5 ns, no veto, strict",13.0,as is,"MM occ ÷10, DAQ 10 µs",False,543424405915.04004,0.010470822796500797,0.7987584542246836,25194.29305704836,0.4596552276769037,280878.2407629472,37834.17277842515,55494.29057162992,0.0,0.0,2767469.389000734,3482.052517161422
tubeBe,"nTOF 5 ns, no veto, strict",13.0,as is,"MM occ ÷10, DAQ 10 µs",False,675233968650.1552,0.012287973535795433,0.7208596754140713,38723.25420694214,0.5711462720789005,252016.28914221836,33946.480868310995,49791.913892843986,0.0,0.0,3085378.7543168026,2514.37870774855
tubeBe,"nTOF 5 ns, no veto, strict",13.0,as is,"MM occ ÷10, DAQ 10 µs",False,839014419404.4929,0.01510345636259957,0.6266894997302966,59568.65408314039,0.7096798741053816,206355.80164482028,27796.033726406327,40770.58011511851,0.0,0.0,3139147.3262066,1656.927929819646
tubeBe,"nTOF 5 ns, no veto, strict",13.0,as is,"MM occ ÷10, DAQ 10 µs",False,1042520413147.9036,0.019628753125456595,0.5216487223021246,91699.88485485595,0.8818153042950343,151266.45222249575,20375.523121406088,29886.346591224185,0.0,0.0,2859254.2733332217,977.494705098113
tubeBe,"nTOF 5 ns, no veto, strict",13.0,as is,"MM occ ÷10, DAQ 10 µs",False,1295387524568.9966,0.02723160097107813,0.4145198893489471,141242.94773180102,1.0957028080712916,97374.37074379795,13116.28397025076,19238.662310073785,0.0,0.0,2287020.0110134347,506.40888156897455
tubeBe,"nTOF 5 ns, no veto, strict",13.0,as is,"MM occ ÷10, DAQ 10 µs",False,1609588471982.2002,0.04071360537500069,0.3148090145118242,217652.91141700774,1.3614695024771637,54003.21000308866,7274.208113439463,10669.64040920999,0.0,0.0,1576013.8097419045,226.0273964017671
tubeBe,"nTOF 5 ns, no veto, strict",13.0,as is,"MM occ ÷10, DAQ 10 µs",False,2000000000000.0002,0.06626445970457745,0.22960848747199994,335523.9699586223,1.691698873564273,25283.77453111828,3405.7130645033058,4995.421242906575,0.0,0.0,916848.322560443,85.16639669585685
tubeBe,"nTOF 5 ns, no veto, strict",13.0,as is,"no MM loss, DREAM",False,1000000000.0,0.0485261998127199,0.9996564835379222,1.153135926803617,0.0,1622.055590804318,218.49015898136,320.4763175492882,0.0,0.0,29.409749436310737,10927.532179908501
tubeBe,"nTOF 5 ns, no veto, strict",13.0,as is,"no MM loss, DREAM",False,1242553630.827767,0.040728516100133616,0.9995657188159682,1.4579525708714747,0.0,2015.3080654094363,271.46109054707784,398.17285621483444,0.0,0.0,45.40275183069703,10926.54000466002
tubeBe,"nTOF 5 ns, no veto, strict",13.0,as is,"no MM loss, DREAM",False,1543939525.4832668,0.03437644375221745,0.999448894518847,1.8503669995868215,0.0,2503.8356837749984,337.26554115197297,494.6933041221014,0.0,0.0,70.09091028067571,10925.262964709587
tubeBe,"nTOF 5 ns, no veto, strict",13.0,as is,"no MM loss, DREAM",False,1918427663.1677406,0.02919323479593612,0.9992974944466279,2.359058437466118,0.0,3110.678831788482,419.0070404186343,614.5898468225547,0.0,0.0,108.19973379577876,10923.607967029424
tubeBe,"nTOF 5 ns, no veto, strict",13.0,as is,"no MM loss, DREAM",False,2383749258.3495045,0.02495676034640628,0.999099747109748,3.0237049523170882,0.0,3864.4204093592166,520.5356921170817,763.5097275794658,0.0,0.0,167.02078797777563,10921.446334085676
tubeBe,"nTOF 5 ns, no veto, strict",13.0,as is,"no MM loss, DREAM",False,2961936295.9451733,0.021488675793099737,0.998839193680403,3.8998501908710983,0.0,4800.497371033924,646.6248380961533,948.4543739411122,0.0,0.0,257.802746682915,10918.598149703701
tubeBe,"nTOF 5 ns, no veto, strict",13.0,as is,"no MM loss, DREAM",False,3680364698.807223,0.018645713742799004,0.9984925640943906,5.066146641718222,0.0,5962.8054329785155,803.1872115926524,1178.0964464209758,0.0,0.0,397.8937204242571,10914.809042127214
tubeBe,"nTOF 5 ns, no veto, strict",13.0,as is,"no MM loss, DREAM",False,4573050519.273255,0.016312666010739583,0.9980266116293708,6.635202457638874,0.0,7405.6480377126245,997.5374619050452,1463.1649036241747,0.0,0.0,614.0371640476483,10909.715581883958
tubeBe,"nTOF 5 ns, no veto, strict",13.0,as is,"no MM loss, DREAM",False,5682260526.681813,0.014396720044818304,0.9973933789382703,8.76991037581238,0.0,9196.076383005207,1238.707355233875,1816.907331558294,0.0,0.0,947.4347331225905,10902.793533436996
tubeBe,"nTOF 5 ns, no veto, strict",13.0,as is,"no MM loss, DREAM",False,7060513448.737786,0.012822908924503012,0.9965231054628723,11.708139298209307,0.0,11416.647827708139,1537.8173307076704,2255.6349334283523,0.0,0.0,1461.5055850140243,10893.28032408524
tubeBe,"nTOF 5 ns, no veto, strict",13.0,as is,"no MM loss, DREAM",False,8773066621.237415,0.011530504782735856,0.9953136027429951,15.80021135913631,0.0,14168.579586027896,1908.501301583779,2799.3456182242635,0.0,0.0,2253.737502970993,10880.058902416102
tubeBe,"nTOF 5 ns, no veto, strict",13.0,as is,"no MM loss, DREAM",False,10901005783.71244,0.010470227924341373,0.9936143813527087,21.5659625065952,0.0,17575.163987418586,2367.3666892208325,3472.3987679237666,0.0,0.0,3473.6939020953264,10861.484225285589
tubeBe,"nTOF 5 ns, no veto, strict",13.0,as is,"no MM loss, DREAM",False,13545084316.226381,0.009602159504398413,0.9912030829229593,29.781844378623745,0.0,21785.08727194735,2934.4414633226934,4304.170945794547,0.0,0.0,5350.157992597908,10835.125629487562
tubeBe,"nTOF 5 ns, no veto, strict",13.0,as is,"no MM loss, DREAM",False,16830493696.995401,0.00889423514999203,0.9877508799886222,41.614166487865184,0.0,26974.861774110323,3633.5017560052206,5329.5364331387,0.0,0.0,8231.55100816812,10797.388607542753
tubeBe,"nTOF 5 ns, no veto, strict",13.0,as is,"no MM loss, DREAM",False,20912791051.82548,0.00832116311043349,0.9827726477990746,58.823276007915695,0.0,33348.784262009474,4492.066250102117,6588.858998189399,0.0,0.0,12644.963926968254,10742.9701214466
tubeBe,"nTOF 5 ns, no veto, strict",13.0,as is,"no MM loss, DREAM",False,25985264452.18819,0.007863582592148689,0.9755574923117615,84.07688785786398,0.0,41133.432953918134,5540.654929769847,8126.9046486228035,0.0,0.0,19379.728478720644,10664.099184210621
tubeBe,"nTOF 5 ns, no veto, strict",13.0,as is,"no MM loss, DREAM",False,32288084693.086143,0.007507329875007159,0.9650771592690978,121.43147268813195,0.0,50561.42065054565,6810.600634706514,9989.631669844659,0.0,0.0,29599.68859214145,10549.535653171892
tubeBe,"nTOF 5 ns, no veto, strict",13.0,as is,"no MM loss, DREAM",False,40119676867.86863,0.007242867075981102,0.9498772415658329,177.07254010667228,0.0,61835.781795185125,8329.25201316147,12217.154427288006,0.0,0.0,44980.35437706612,10383.38098647424
tubeBe,"nTOF 5 ns, no veto, strict",13.0,as is,"no MM loss, DREAM",False,49850850159.80715,0.007065146224810874,0.9279749723496661,260.45392479374607,0.0,75062.6304852568,10110.90258635985,14830.4383276714,0.0,0.0,67845.63930530688,10143.960990091447
tubeBe,"nTOF 5 ns, no veto, strict",13.0,as is,"no MM loss, DREAM",True,61942354865.91934,0.006974189393702815,0.8968259488410183,386.05221964410157,0.0,90138.6033749093,12141.629358076412,17809.061441786114,0.0,0.0,101233.47079744579,9803.462066342348
tubeBe,"nTOF 5 ns, no veto, strict",13.0,as is,"no MM loss, DREAM",False,76966697940.67009,0.006976402510290714,0.8534834980649726,576.0698537120426,0.0,106589.13316480994,14357.50832640494,21059.261520433247,0.0,0.0,148744.65723502004,9329.673286485577
tubeBe,"nTOF 5 ns, no veto, strict",13.0,as is,"no MM loss, DREAM",False,95635249979.00362,0.007086342016289243,0.7951330027818038,864.6014473331543,0.0,123387.94300379354,16620.30046079606,24378.27274725481,0.0,0.0,213951.98091055415,8691.827260955113
tubeBe,"nTOF 5 ns, no veto, strict",13.0,as is,"no MM loss, DREAM",False,118831927096.53207,0.007328509976077384,0.7201450269504857,1304.057672652278,0.0,138857.08796249577,18703.98733348617,27434.576513972686,0.0,0.0,299176.02222470444,7872.112156319527
tubeBe,"nTOF 5 ns, no veto, strict",13.0,as is,"no MM loss, DREAM",False,147655042472.05704,0.007738727873778675,0.6294963393298078,1975.0724461017,0.0,150819.13266953995,20315.26937868922,29797.967793412467,0.0,0.0,403766.52677422133,6881.205312464845
tubeBe,"nTOF 5 ns, no veto, strict",13.0,as is,"no MM loss, DREAM",False,183469309133.68265,0.008364726993729041,0.5278348171999061,3001.785540698599,0.0,157136.2579485302,21166.18331427594,31046.06869598661,0.0,0.0,522715.5530926917,5769.914011075674
tubeBe,"nTOF 5 ns, no veto, strict",13.0,as is,"no MM loss, DREAM",False,227970456209.51935,0.009265953348934054,0.42310571293722266,4575.4212485082,0.0,156510.11294270953,21081.84186343867,30922.358604387482,0.0,0.0,646914.0201444415,4625.090088208522
tubeBe,"nTOF 5 ns, no veto, strict",13.0,as is,"no MM loss, DREAM",False,283265518084.60077,0.01051322803364866,0.32433623223353036,6990.671576035082,0.0,149074.76227438453,20080.303470541214,29453.325227614707,0.0,0.0,765637.9059437657,3545.412522408485
tubeBe,"nTOF 5 ns, no veto, strict",13.0,as is,"no MM loss, DREAM",False,351972597984.32916,0.012189391440396916,0.23871194155052644,10701.843810856244,0.0,136332.0439933578,18363.86504582874,26935.693000074047,0.0,0.0,870026.3180010236,2609.4288047728746
tubeBe,"nTOF 5 ns, no veto, strict",13.0,as is,"no MM loss, DREAM",False,437344829577.31195,0.014391881811827144,0.1697782490205061,16409.51680327458,0.0,120481.67422736711,16228.827362954145,23804.069051303934,0.0,0.0,955367.7583815508,1855.8948100392327
tubeBe,"nTOF 5 ns, no veto, strict",13.0,as is,"no MM loss, DREAM",False,543424405915.04004,0.017237488366141324,0.11753782703519766,25194.29305704836,0.0,103641.03559996167,13960.40090956427,20476.793535541245,0.0,0.0,1021166.2985645778,1284.8397508892047
tubeBe,"nTOF 5 ns, no veto, strict",13.0,as is,"no MM loss, DREAM",False,675233968650.1552,0.020868949309126594,0.07974780710635697,38723.25420694214,0.0,87375.15895887313,11769.394637380741,17263.07615298089,0.0,0.0,1069714.422128593,871.7461875980453
tubeBe,"nTOF 5 ns, no veto, strict",13.0,as is,"no MM loss, DREAM",False,839014419404.4929,0.025463027102676526,0.05332918384848223,59568.65408314039,0.0,72602.12112743924,9779.47308183954,14344.305187254233,0.0,0.0,1104445.5866882065,582.9566278308836
tubeBe,"nTOF 5 ns, no veto, strict",13.0,as is,"no MM loss, DREAM",False,1042520413147.9036,0.031240014591016323,0.03530254994758727,91699.88485485595,0.0,59718.04624279987,8043.993986159021,11798.744543422621,0.0,0.0,1128796.745121542,385.90231438283155
tubeBe,"nTOF 5 ns, no veto, strict",13.0,as is,"no MM loss, DREAM",False,1295387524568.9966,0.03847498267461223,0.0232070260794166,141242.94773180102,0.0,48779.140944239276,6570.528359386382,9637.499202648101,0.0,0.0,1145669.7548582153,253.68266845555905
tubeBe,"nTOF 5 ns, no veto, strict",13.0,as is,"no MM loss, DREAM",False,1609588471982.2002,0.047511329697062565,0.015183592191901471,217652.91141700774,0.0,39655.58224520136,5341.58910358683,7834.919493673639,0.0,0.0,1157296.857876018,165.97620784331826
tubeBe,"nTOF 5 ns, no veto, strict",13.0,as is,"no MM loss, DREAM",False,2000000000000.0002,0.058777354764907114,0.009902348676966112,335523.9699586223,0.0,32135.359091996143,4328.618425125456,6349.11750454881,0.0,0.0,1165302.674334163,108.2454179072172
tubeBe,"nTOF 5 ns, no veto, strict",13.0,as is,"no MM loss, no dead time",False,1000000000.0,0.048517864322575,1.0,1.153135926803617,0.0,1622.6129850762727,218.56523973924845,320.586444270414,0.0,0.0,29.419855641035383,10931.287257032996
tubeBe,"nTOF 5 ns, no veto, strict",13.0,as is,"no MM loss, no dead time",False,1242553630.827767,0.040719671325651595,1.0,1.4579525708714747,0.0,2016.183656034804,271.5790322107445,398.34585032236646,0.0,0.0,45.42247795820637,10931.287257032996
tubeBe,"nTOF 5 ns, no veto, strict",13.0,as is,"no MM loss, no dead time",False,1543939525.4832668,0.03436696992348066,1.0,1.8503669995868215,0.0,2505.216322221649,337.4515125301517,494.9660826432308,0.0,0.0,70.1295590650673,10931.287257032998
tubeBe,"nTOF 5 ns, no veto, strict",13.0,as is,"no MM loss, no dead time",False,1918427663.1677406,0.0291829787896118,1.0,2.359058437466118,0.0,3112.865637185506,419.30160212266327,615.0219031249453,0.0,0.0,108.27579814527162,10931.287257032996
tubeBe,"nTOF 5 ns, no veto, strict",13.0,as is,"no MM loss, no dead time",False,2383749258.3495045,0.02494552411915877,1.0,3.0237049523170882,0.0,3867.9024997638417,521.0047281294152,764.1976987665042,0.0,0.0,167.1712844097326,10931.287257032996
tubeBe,"nTOF 5 ns, no veto, strict",13.0,as is,"no MM loss, no dead time",False,2961936295.9451733,0.02147620007624552,1.0,3.8998501908710983,0.0,4806.076294769357,647.3763166156384,949.5566252725439,0.0,0.0,258.10235352599074,10931.287257032996
tubeBe,"nTOF 5 ns, no veto, strict",13.0,as is,"no MM loss, no dead time",False,3680364698.807223,0.018631654833383797,1.0,5.066146641718222,0.0,5971.807550100926,804.3997927226675,1179.8750324089606,0.0,0.0,398.4944252290326,10931.287257032996
tubeBe,"nTOF 5 ns, no veto, strict",13.0,as is,"no MM loss, no dead time",False,4573050519.273255,0.016296562449471336,1.0,6.635202457638874,0.0,7420.291153982576,999.5098830846537,1466.0580054427835,0.0,0.0,615.2512937958395,10931.287257032996
tubeBe,"nTOF 5 ns, no veto, strict",13.0,as is,"no MM loss, no dead time",False,5682260526.681813,0.0143779444047457,1.0,8.76991037581238,0.0,9220.109715180251,1241.9446342750787,1821.6556976670524,0.0,0.0,949.9107905961228,10931.287257032996
tubeBe,"nTOF 5 ns, no veto, strict",13.0,as is,"no MM loss, no dead time",False,7060513448.737786,0.01280059756305878,1.0,11.708139298209307,0.0,11456.48080322759,1543.182814605562,2263.504901254285,0.0,0.0,1466.604815284412,10931.287257032996
tubeBe,"nTOF 5 ns, no veto, strict",13.0,as is,"no MM loss, no dead time",False,8773066621.237415,0.011503454790773693,1.0,15.80021135913631,0.0,14235.291818559055,1917.4874093191538,2812.526233449958,0.0,0.0,2264.3491425816896,10931.287257032996
tubeBe,"nTOF 5 ns, no veto, strict",13.0,as is,"no MM loss, no dead time",False,10901005783.71244,0.010436744945014374,1.0,21.5659625065952,0.0,17688.113535043358,2382.5809425160433,3494.714683171589,0.0,0.0,3496.0181407260147,10931.287257032996
tubeBe,"nTOF 5 ns, no veto, strict",13.0,as is,"no MM loss, no dead time",False,13545084316.226381,0.009559831509342977,1.0,29.781844378623745,0.0,21978.4296954619,2960.484600864352,4342.370418281968,0.0,0.0,5397.6405892734165,10931.287257032996
tubeBe,"nTOF 5 ns, no veto, strict",13.0,as is,"no MM loss, no dead time",False,16830493696.995401,0.008839594031142843,1.0,41.614166487865184,0.0,27309.377617989103,3678.5608898137093,5395.62812963537,0.0,0.0,8333.630650132085,10931.287257032996
tubeBe,"nTOF 5 ns, no veto, strict",13.0,as is,"no MM loss, no dead time",False,20912791051.82548,0.00824917592255435,1.0,58.823276007915695,0.0,33933.36631487891,4570.809189859046,6704.3573230748625,0.0,0.0,12866.621751517738,10931.287257032996
tubeBe,"nTOF 5 ns, no veto, strict",13.0,as is,"no MM loss, no dead time",False,25985264452.18819,0.007766885216106951,1.0,84.07688785786398,0.0,42164.02752076145,5679.475554680283,8330.523534153399,0.0,0.0,19865.28588161098,10931.287257032996
tubeBe,"nTOF 5 ns, no veto, strict",13.0,as is,"no MM loss, no dead time",False,32288084693.086143,0.007375076303598363,1.0,121.43147268813195,0.0,52391.06548624403,7057.052971665531,10351.12226405847,0.0,0.0,30670.800057643894,10931.287257032996
tubeBe,"nTOF 5 ns, no veto, strict",13.0,as is,"no MM loss, no dead time",False,40119676867.86863,0.00705901746041603,1.0,177.07254010667228,0.0,65098.70864286781,8768.766792886887,12861.824552347984,0.0,0.0,47353.86048719085,10931.287257032996
tubeBe,"nTOF 5 ns, no veto, strict",13.0,as is,"no MM loss, no dead time",False,49850850159.80715,0.006805958339988912,1.0,260.45392479374607,0.0,80888.63678639467,10895.6630163836,15981.506796589774,0.0,0.0,73111.49689039488,10931.287257032996
tubeBe,"nTOF 5 ns, no veto, strict",13.0,as is,"no MM loss, no dead time",False,61942354865.91934,0.0066046197654821715,1.0,386.05221964410157,0.0,100508.4693316432,13538.445641283262,19857.879296201263,0.0,0.0,112879.7298163276,10931.287257032998
tubeBe,"nTOF 5 ns, no veto, strict",13.0,as is,"no MM loss, no dead time",False,76966697940.67009,0.0064450915980578255,1.0,576.0698537120426,0.0,124887.16349697452,16822.24478734087,24674.480020034418,0.0,0.0,174279.47648930017,10931.287257032993
tubeBe,"nTOF 5 ns, no veto, strict",13.0,as is,"no MM loss, no dead time",False,95635249979.00362,0.006318907518047371,1.0,864.6014473331543,0.0,155178.99844694664,20902.541339183877,30659.364737680946,0.0,0.0,269076.97223236214,10931.287257032993
tubeBe,"nTOF 5 ns, no veto, strict",13.0,as is,"no MM loss, no dead time",False,118831927096.53207,0.006219073167998965,1.0,1304.057672652278,0.0,192818.22794846992,25972.528634530423,38095.90497367828,0.0,0.0,415438.5728269074,10931.287257032996
tubeBe,"nTOF 5 ns, no veto, strict",13.0,as is,"no MM loss, no dead time",False,147655042472.05704,0.0061399690187602315,1.0,1975.0724461017,0.0,239586.98922714833,32272.259756614054,47336.20504471372,0.0,0.0,641412.0329978261,10931.287257032996
tubeBe,"nTOF 5 ns, no veto, strict",13.0,as is,"no MM loss, no dead time",False,183469309133.68265,0.006077161643073576,1.0,3001.785540698599,0.0,297699.6833632863,40100.01353559762,58817.77344791672,0.0,0.0,990301.3898659213,10931.287257032996
tubeBe,"nTOF 5 ns, no veto, strict",13.0,as is,"no MM loss, no dead time",False,227970456209.51935,0.0060271854442538655,1.0,4575.4212485082,0.0,369907.822459328,49826.41741489942,73084.23795491392,0.0,0.0,1528965.4579550098,10931.287257032996
tubeBe,"nTOF 5 ns, no veto, strict",13.0,as is,"no MM loss, no dead time",False,283265518084.60077,0.005987338582279022,1.0,6990.671576035082,0.0,459630.30786843103,61911.99587002318,90811.08522715881,0.0,0.0,2360630.2036353643,10931.287257032996
tubeBe,"nTOF 5 ns, no veto, strict",13.0,as is,"no MM loss, no dead time",False,351972597984.32916,0.005955511895110898,1.0,10701.843810856244,0.0,571115.3078804035,76928.97526009103,112837.64366841599,0.0,0.0,3644670.2764422502,10931.287257032996
tubeBe,"nTOF 5 ns, no veto, strict",13.0,as is,"no MM loss, no dead time",False,437344829577.31195,0.005930053465446651,1.0,16409.51680327458,0.0,709641.3994281159,95588.37752528593,140206.8238342406,0.0,0.0,5627150.497153261,10931.287257032996
tubeBe,"nTOF 5 ns, no veto, strict",13.0,as is,"no MM loss, no dead time",False,543424405915.04004,0.005909664346881446,1.0,25194.29305704836,0.0,881767.4974451034,118773.68555897937,174214.49802206483,0.0,0.0,8687980.068397736,10931.287257032996
tubeBe,"nTOF 5 ns, no veto, strict",13.0,as is,"no MM loss, no dead time",False,675233968650.1552,0.00589331912645552,1.0,38723.25420694214,0.0,1095643.4054963267,147582.6742381053,216470.85706015342,0.0,0.0,13413715.824210076,10931.287257032996
tubeBe,"nTOF 5 ns, no veto, strict",13.0,as is,"no MM loss, no dead time",False,839014419404.4929,0.005880205459151326,1.0,59568.65408314039,0.0,1361395.6915919604,183379.38772182935,268976.64940849226,0.0,0.0,20709966.04459829,10931.287257032996
tubeBe,"nTOF 5 ns, no veto, strict",13.0,as is,"no MM loss, no dead time",False,1042520413147.9036,0.005869677849182961,1.0,91699.88485485595,0.0,1691607.1595808691,227858.7240327318,334217.91233040934,0.0,0.0,31974935.147671655,10931.287257032996
tubeBe,"nTOF 5 ns, no veto, strict",13.0,as is,"no MM loss, no dead time",False,1295387524568.9966,0.005861222094927666,1.0,141242.94773180102,0.0,2101912.6180714634,283126.68486265425,415283.6804538282,0.0,0.0,49367366.199254796,10931.287257032996
tubeBe,"nTOF 5 ns, no veto, strict",13.0,as is,"no MM loss, no dead time",False,1609588471982.2002,0.005854427747821373,1.0,217652.91141700774,0.0,2611739.155267395,351800.0902603201,516012.24497142236,0.0,0.0,76220227.94403613,10931.287257032996
tubeBe,"nTOF 5 ns, no veto, strict",13.0,as is,"no MM loss, no dead time",True,2000000000000.0002,0.005848966639027943,1.0,335523.9699586223,0.0,3245225.970152546,437130.4794784969,641172.888540828,0.0,0.0,117679422.56414157,10931.287257032996
tubeBe,"nTOF 5 ns, no veto, strict",13.0,no Be window + air,MM occ + DREAM,False,1000000000.0,0.04840178506434669,0.9999811618583557,0.06321643129701461,0.007393869636209451,1598.7646319545897,215.35287729338646,315.8746252480693,0.0,0.0,0.031229531407377373,10770.624670835321
tubeBe,"nTOF 5 ns, no veto, strict",13.0,no Be window + air,MM occ + DREAM,False,1242553630.827767,0.04054085611706815,0.9999740731702514,0.08700504015607946,0.009187279562339234,1979.4241300474546,266.627540583338,391.0831167945707,0.0,0.0,0.04804353318882905,10731.985503545739
tubeBe,"nTOF 5 ns, no veto, strict",13.0,no Be window + air,MM occ + DREAM,False,1543939525.4832668,0.034117826593651104,0.9999638947897124,0.12116279839254684,0.011415687577614355,2448.578387061399,329.8224081223289,483.7758885483714,0.0,0.0,0.07384570360709884,10684.152694883549
tubeBe,"nTOF 5 ns, no veto, strict",13.0,no Be window + air,MM occ + DREAM,False,1918427663.1677406,0.02885553624246518,0.9999491320707481,0.1707064326498841,0.01418460404796021,3025.64306199147,407.552760449821,597.7889735855268,0.0,0.0,0.11338198509699667,10624.992307018309
tubeBe,"nTOF 5 ns, no veto, strict",13.0,no Be window + air,MM occ + DREAM,False,2383749258.3495045,0.02453158950235515,0.9999275226411924,0.24323024213409422,0.017625131261647203,3733.6623972842112,502.92264666517576,737.6753194140317,0.0,0.0,0.1738507435326773,10551.90408444579
tubeBe,"nTOF 5 ns, no veto, strict",13.0,no Be window + air,MM occ + DREAM,False,2961936295.9451733,0.020967566915994922,0.9998956299984277,0.35027146243831203,0.021900170842975707,4599.63197543306,619.5683595959778,908.7685563463367,0.0,0.0,0.266121359666694,10461.735377529172
tubeBe,"nTOF 5 ns, no veto, strict",13.0,no Be window + air,MM occ + DREAM,False,3680364698.807223,0.018020374571024515,0.9998482190374016,0.5094094079063818,0.027212136796687866,5654.623831424721,761.6752883883253,1117.2077164894517,0.0,0.0,0.4065140039864459,10350.688114643526
tubeBe,"nTOF 5 ns, no veto, strict",13.0,no Be window + air,MM occ + DREAM,False,4573050519.273255,0.015575298760424992,0.9997772959891363,0.747495365731713,0.03381253937930639,6933.539879576472,933.9447052126458,1369.8885172523444,0.0,0.0,0.6193582866190296,10214.2240188332
tubeBe,"nTOF 5 ns, no veto, strict",13.0,no Be window + air,MM occ + DREAM,False,5682260526.681813,0.013540425368459084,0.9996706320839147,1.105625620980142,0.04201389357326418,8474.229442345291,1141.4748967909513,1674.2890078162584,0.0,0.0,0.940594198960723,10046.977658385917
tubeBe,"nTOF 5 ns, no veto, strict",13.0,no Be window + air,MM occ + DREAM,False,7060513448.737786,0.011842160957281044,0.9995094935879113,1.6468024385938922,0.0522045160046708,10315.585636419648,1389.5047484590582,2038.0934641610058,0.0,0.0,1.422692719226956,9842.693559479323
tubeBe,"nTOF 5 ns, no veto, strict",13.0,no Be window + air,MM occ + DREAM,False,8773066621.237415,0.01042165149903064,0.9992651535936834,2.467740948542893,0.06486691090720997,12494.084374393311,1682.947549247739,2468.5085851282092,0.0,0.0,2.1410992404091274,9594.213244862402
tubeBe,"nTOF 5 ns, no veto, strict",13.0,no Be window + air,MM occ + DREAM,False,10901005783.71244,0.009231937363462533,0.9988935381844577,3.7170719106926677,0.08060061566833503,15038.063544807032,2025.6204000057974,2971.133206058749,0.0,0.0,3.2021334056040502,9293.551405135673
tubeBe,"nTOF 5 ns, no veto, strict",13.0,no Be window + air,MM occ + DREAM,False,13545084316.226381,0.008235715633812056,0.9983270264746944,5.623412939444631,0.1001505876456431,17958.902521695374,2419.0560973007587,3548.215597546607,0.0,0.0,4.751628095443262,8932.117763001113
tubeBe,"nTOF 5 ns, no veto, strict",13.0,no Be window + air,MM occ + DREAM,False,16830493696.995401,0.0074036092898194465,0.9974619350735702,8.53866809141689,0.12444247630862885,21238.25213532624,2860.7830162175014,4196.130437266724,0.0,0.0,6.982268790408142,8501.16169530049
tubeBe,"nTOF 5 ns, no veto, strict",13.0,no Be window + air,MM occ + DREAM,False,20912791051.82548,0.006712871562022278,0.9961395219293535,13.004829256298516,0.15462645076648515,24810.77257589449,3341.999913744956,4901.968265300199,0.0,0.0,10.135220970461706,7992.536890662064
tubeBe,"nTOF 5 ns, no veto, strict",13.0,no Be window + air,MM occ + DREAM,False,25985264452.18819,0.006146486013837842,0.9941174085597704,19.857050648487544,0.1921316578219071,28542.783909395832,3844.700162860718,5639.317377126666,0.0,0.0,14.48786552298745,7399.894848171052
tubeBe,"nTOF 5 ns, no veto, strict",13.0,no Be window + air,MM occ + DREAM,False,32288084693.086143,0.005692663279724168,0.991027192195031,30.38271153647599,0.2387338890235688,32209.292145679567,4338.577174224345,6363.7247676561665,0.0,0.0,20.314418720906247,6720.402067076985
tubeBe,"nTOF 5 ns, no veto, strict",13.0,no Be window + air,MM occ + DREAM,False,40119676867.86863,0.005344793425281702,0.9863129967381177,46.566902493581345,0.29663966060786856,35475.554634622786,4778.541263328212,7009.053929332337,0.0,0.0,27.801456961427284,5957.007234061566
tubeBe,"nTOF 5 ns, no veto, strict",13.0,no Be window + air,MM occ + DREAM,False,49850850159.80715,0.0051020086296476785,0.9791457105140657,71.4713208153473,0.3685906873358252,37894.92386194292,5104.429210762658,7487.058841839162,0.0,0.0,36.900694807528545,5121.118549842672
tubeBe,"nTOF 5 ns, no veto, strict",13.0,no Be window + air,MM occ + DREAM,False,61942354865.91934,0.004970686780154934,0.9683109629592379,109.81911239275391,0.4579936968384318,38941.19164912074,5245.361011407173,7693.774351163304,0.0,0.0,47.117027589056626,4235.238630917014
tubeBe,"nTOF 5 ns, no veto, strict",13.0,no Be window + air,MM occ + DREAM,True,76966697940.67009,0.004967576166534432,0.9520803683227556,168.89764613926297,0.5690817309028251,38097.22133197453,5131.678589044948,7527.027600377898,0.0,0.0,57.27658172142081,3334.623498632567
tubeBe,"nTOF 5 ns, no veto, strict",13.0,no Be window + air,MM occ + DREAM,False,95635249979.00362,0.005125961633608121,0.9281037649334734,259.9521119253133,0.7071145709710553,35013.66453488473,4716.324874509107,6917.79636755967,0.0,0.0,65.40884787673433,2466.4705197402604
tubeBe,"nTOF 5 ns, no veto, strict",13.0,no Be window + air,MM occ + DREAM,False,118831927096.53207,0.0055079551423997935,0.8934152198218711,400.33686425100865,0.8786277775713036,29719.05823715991,4003.1437860853853,5871.718823246443,0.0,0.0,68.98411844002013,1684.8384411338293
tubeBe,"nTOF 5 ns, no veto, strict",13.0,no Be window + air,MM occ + DREAM,False,147655042472.05704,0.006229966899396162,0.8447249349873109,616.8366098380642,1.0917421351673595,22798.34776829597,3070.9271967290088,4504.365066408473,0.0,0.0,65.75557693743957,1040.1870704452303
tubeBe,"nTOF 5 ns, no veto, strict",13.0,no Be window + air,MM occ + DREAM,False,183469309133.68265,0.00751858323747712,0.7792188469283855,950.793676910899,1.3565481539798616,15387.039390251082,2072.6272895254815,3040.081825634791,0.0,0.0,55.14414745137549,564.9994172310215
tubeBe,"nTOF 5 ns, no veto, strict",13.0,no Be window + air,MM occ + DREAM,False,227970456209.51935,0.009842220021403225,0.6959547387097739,1466.0236578080792,1.6855838341203815,8842.905742313147,1191.1354286798078,1747.1299287139245,0.0,0.0,39.3780766285973,261.3200829693727
tubeBe,"nTOF 5 ns, no veto, strict",13.0,no Be window + air,MM occ + DREAM,False,283265518084.60077,0.014249077065359012,0.5974469678742341,2261.0359977214503,2.094428313150869,4163.999812401933,560.8889030485808,822.6988851182263,0.0,0.0,23.04015242730604,99.03149837679219
tubeBe,"nTOF 5 ns, no veto, strict",13.0,no Be window + air,MM occ + DREAM,False,351972597984.32916,0.02332757655628016,0.49034161947714827,3487.9009938263443,2.6024395050140874,1537.3484877603746,207.08015027645217,303.74038037938504,0.0,0.0,10.569686699163439,29.425227623898827
tubeBe,"nTOF 5 ns, no veto, strict",13.0,no Be window + air,MM occ + DREAM,False,437344829577.31195,0.044285853798963,0.38407609500421697,5381.378243740722,3.233670655964884,423.3753578271829,57.02847039575403,83.64804288260436,0.0,0.0,3.6168500916214255,6.521656794104316
tubeBe,"nTOF 5 ns, no veto, strict",13.0,no Be window + air,MM occ + DREAM,False,543424405915.04004,0.10035276888638503,0.2878063423995424,8303.887894757872,4.018009214470374,82.12133228959995,11.061706546579364,16.22505561067875,0.0,0.0,0.871718095521601,1.0180596084443043
tubeBe,"nTOF 5 ns, no veto, strict",13.0,no Be window + air,MM occ + DREAM,False,675233968650.1552,0.280953392026812,0.20751827562959593,12814.94190075565,4.9925919381395865,10.476478374513022,1.4111769279603386,2.06988171637437,0.0,0.0,0.13818170225998672,0.10452433152921474
tubeBe,"nTOF 5 ns, no veto, strict",13.0,no Be window + air,MM occ + DREAM,False,839014419404.4929,1.0141182752928175,0.14505482252318236,19778.339655831966,6.203563239976782,0.8075510336600452,0.10877676124679166,0.15955124039377871,0.0,0.0,0.01323489004933844,0.006484207624698204
tubeBe,"nTOF 5 ns, no veto, strict",13.0,no Be window + air,MM occ + DREAM,False,1042520413147.9036,4.980150207527521,0.09903691181868989,30527.669049873977,7.708260027902817,0.03378990835383918,0.004551485466990108,0.00667601373279486,0.0,0.0,0.0006881015195796538,0.00021835282057812606
tubeBe,"nTOF 5 ns, no veto, strict",13.0,no Be window + air,MM occ + DREAM,False,1295387524568.9966,35.61991600985493,0.06647917574168584,47121.82695832695,9.57792648503523,0.000669913982286049,9.023711229338046e-05,0.00013235771161909088,0.0,0.0,1.69511703441533e-05,3.4839803115082383e-06
tubeBe,"nTOF 5 ns, no veto, strict",13.0,no Be window + air,MM occ + DREAM,False,1609588471982.2002,404.4217921319797,0.04409875331097879,72739.52353494272,11.901087329781959,5.2991107967504335e-06,7.137878424177382e-07,1.0469675170541835e-06,0.0,0.0,1.6660912693705875e-07,2.2179130028853666e-08
tubeBe,"nTOF 5 ns, no veto, strict",13.0,no Be window + air,MM occ + DREAM,False,2000000000000.0002,8122.1831389714125,0.029017524334927956,112288.36814758579,14.787739272418904,1.347218904881854e-08,1.8146978092432122e-09,2.6617568227438578e-09,0.0,0.0,5.263190623773499e-10,4.5380004298057245e-11
tubeBe,"nTOF 5 ns, no veto, strict",13.0,no Be window + air,"MM occ ÷10, DAQ 10 µs",False,1000000000.0,0.04808032783749305,0.9999993678360868,0.06321643129701461,0.0007393869636209452,1620.2142563266978,218.24213205488851,320.11251738355423,0.0,0.0,0.03164851848315867,10915.127400521013
tubeBe,"nTOF 5 ns, no veto, strict",13.0,no Be window + air,"MM occ ÷10, DAQ 10 µs",False,1242553630.827767,0.04020652027920592,0.9999991299503554,0.08700504015607946,0.0009187279562339235,2012.4806579763397,271.08024003673495,397.61423348482,0.0,0.0,0.048845863711404196,10911.210447379195
tubeBe,"nTOF 5 ns, no veto, strict",13.0,no Be window + air,"MM occ ÷10, DAQ 10 µs",False,1543939525.4832668,0.033768501366694445,0.9999987883734841,0.12116279839254684,0.0011415687577614356,2499.500064913,336.68153524008505,493.83669774247574,0.0,0.0,0.0753814302759593,10906.344879753364
tubeBe,"nTOF 5 ns, no veto, strict",13.0,no Be window + air,"MM occ ÷10, DAQ 10 µs",False,1918427663.1677406,0.028488803410851683,0.9999982929385876,0.1707064326498841,0.0014184604047960212,3104.0418996032818,418.1130486365315,613.2785603299118,0.0,0.0,0.1163198781847139,10900.301399808788
tubeBe,"nTOF 5 ns, no veto, strict",13.0,no Be window + air,"MM occ ÷10, DAQ 10 µs",False,2383749258.3495045,0.02414467870871287,0.9999975677034948,0.24323024213409422,0.0017625131261647204,3854.282669828922,519.1701431591773,761.5067719154545,0.0,0.0,0.17946719243343093,10892.79552322646
tubeBe,"nTOF 5 ns, no veto, strict",13.0,no Be window + air,"MM occ ÷10, DAQ 10 µs",False,2961936295.9451733,0.02055730230553311,0.9999964972976446,0.35027146243831203,0.002190017084297571,4785.054790029138,644.5447293761156,945.4033185260408,0.0,0.0,0.2768493856907517,10883.474427440486
tubeBe,"nTOF 5 ns, no veto, strict",13.0,no Be window + air,"MM occ ÷10, DAQ 10 µs",False,3680364698.807223,0.017583109716317595,0.9999949059318707,0.5094094079063818,0.0027212136796687866,5939.364447911317,800.0297214406215,1173.4651128115408,0.0,0.0,0.4269841628433917,10871.900736859907
tubeBe,"nTOF 5 ns, no veto, strict",13.0,no Be window + air,"MM occ ÷10, DAQ 10 µs",False,4573050519.273255,0.015106835660794139,0.9999925251022171,0.747495365731713,0.003381253937930639,7370.225573267363,992.7660718663602,1456.166338945939,0.0,0.0,0.6583664855668886,10857.53257097941
tubeBe,"nTOF 5 ns, no veto, strict",13.0,no Be window + air,"MM occ ÷10, DAQ 10 µs",False,5682260526.681813,0.01303591180528427,0.9999889438660295,1.105625620980142,0.004201389357326418,9142.858678654035,1231.5389543786705,1806.3928867910631,0.0,0.0,1.014808472388926,10839.699055020463
tubeBe,"nTOF 5 ns, no veto, strict",13.0,no Be window + air,"MM occ ÷10, DAQ 10 µs",False,7060513448.737786,0.011295958221828682,0.9999835322468055,1.6468024385938922,0.00522045160046708,11337.300375162718,1527.129264515797,2239.957924857971,0.0,0.0,1.5636043621689413,10817.5703559209
tubeBe,"nTOF 5 ns, no veto, strict",13.0,no Be window + air,"MM occ ÷10, DAQ 10 µs",False,8773066621.237415,0.009827160948338754,0.9999753231994741,2.467740948542893,0.006486691090720998,14051.45798131225,1892.7250740737318,2776.2054121810656,0.0,0.0,2.4079848597860387,10790.121167280795
tubeBe,"nTOF 5 ns, no veto, strict",13.0,no Be window + air,"MM occ ÷10, DAQ 10 µs",False,10901005783.71244,0.008581368664085752,0.9999628306625041,3.7170719106926677,0.008060061566833502,17404.61792737302,2344.394211591676,3438.703268456426,0.0,0.0,3.7060561894128776,10756.086441105845
tubeBe,"nTOF 5 ns, no veto, strict",13.0,no Be window + air,"MM occ ÷10, DAQ 10 µs",False,13545084316.226381,0.007519770820409121,0.9999437690327051,5.623412939444631,0.01001505876456431,21541.367449797868,2901.612512829113,4256.018199637737,0.0,0.0,5.699488967383944,10713.908080141939
tubeBe,"nTOF 5 ns, no veto, strict",13.0,no Be window + air,"MM occ ÷10, DAQ 10 µs",False,16830493696.995401,0.006611043051118296,0.9999146206093488,8.53866809141689,0.012444247630862887,26635.802445572048,3587.830616855355,5262.547061346085,0.0,0.0,8.75676260636585,10661.671310382995
tubeBe,"nTOF 5 ns, no veto, strict",13.0,no Be window + air,"MM occ ÷10, DAQ 10 µs",False,20912791051.82548,0.005829866211434708,0.9998699686177962,13.004829256298516,0.015462645076648516,32895.74958265559,4431.042682428324,6499.351038915657,0.0,0.0,13.43794071665129,10597.029628202823
tubeBe,"nTOF 5 ns, no veto, strict",13.0,no Be window + air,"MM occ ÷10, DAQ 10 µs",False,25985264452.18819,0.005155743525884845,0.999801468915933,19.857050648487544,0.019213165782190712,40566.49772375034,5464.289009098738,8014.892880417599,0.0,0.0,20.590912422064154,10517.117687861757
tubeBe,"nTOF 5 ns, no veto, strict",13.0,no Be window + air,"MM occ ÷10, DAQ 10 µs",False,32288084693.086143,0.004572055748297061,0.9996962651675132,30.38271153647599,0.02387338890235688,49933.17003225178,6725.975558815557,9865.505563569197,0.0,0.0,31.492878499456037,10418.452463428745
tubeBe,"nTOF 5 ns, no veto, strict",13.0,no Be window + air,"MM occ ÷10, DAQ 10 µs",False,40119676867.86863,0.004065306802667041,0.9995345477217727,46.566902493581345,0.029663966060786858,61320.31676416295,8259.819105179864,12115.311841926614,0.0,0.0,48.055461427970194,10296.824794461727
tubeBe,"nTOF 5 ns, no veto, strict",13.0,no Be window + air,"MM occ ÷10, DAQ 10 µs",False,49850850159.80715,0.003624522356040225,0.999285797241991,71.4713208153473,0.036859068733582516,75086.49823717472,10114.117561814845,14835.15397939517,0.0,0.0,73.11649353644998,10147.186477165527
tubeBe,"nTOF 5 ns, no veto, strict",13.0,no Be window + air,"MM occ ÷10, DAQ 10 µs",False,61942354865.91934,0.003240771706760197,0.9989030135768254,109.81911239275391,0.04579936968384318,91610.47930084562,12339.890383704515,18099.86613387414,0.0,0.0,110.84441173648844,9963.54308896773
tubeBe,"nTOF 5 ns, no veto, strict",13.0,no Be window + air,"MM occ ÷10, DAQ 10 µs",False,76966697940.67009,0.002906789863928963,0.9983138713701741,168.89764613926297,0.05690817309028251,111264.109467769,14987.225533052042,21982.916171171568,0.0,0.0,167.27802280013393,9738.870736860094
tubeBe,"nTOF 5 ns, no veto, strict",13.0,no Be window + air,"MM occ ÷10, DAQ 10 µs",False,95635249979.00362,0.0026166823456759986,0.9974072188700518,259.9521119253133,0.07071145709710554,134365.03216657485,18098.909436915917,26547.062234028166,0.0,0.0,251.00663028800403,9465.087277357723
tubeBe,"nTOF 5 ns, no veto, strict",13.0,no Be window + air,"MM occ ÷10, DAQ 10 µs",False,118831927096.53207,0.002365700583762521,0.996012594411986,400.33686425100865,0.08786277775713036,161100.27368109784,21700.13445166196,31829.25588875773,0.0,0.0,373.947258747273,9133.12702606801
tubeBe,"nTOF 5 ns, no veto, strict",13.0,no Be window + air,"MM occ ÷10, DAQ 10 µs",False,147655042472.05704,0.002150081385544684,0.9938694493822144,616.8366098380642,0.10917421351673595,191410.18984388083,25782.86653474324,37817.71298735798,0.0,0.0,552.0701584520993,8733.194468765372
tubeBe,"nTOF 5 ns, no veto, strict",13.0,no Be window + air,"MM occ ÷10, DAQ 10 µs",False,183469309133.68265,0.001966950203382816,0.9905816126621663,950.793676910899,0.13565481539798616,224822.8036942582,30283.53060170766,44419.1830646909,0.0,0.0,805.7210697207112,8255.308239997134
tubeBe,"nTOF 5 ns, no veto, strict",13.0,no Be window + air,"MM occ ÷10, DAQ 10 µs",False,227970456209.51935,0.0018142958449935687,0.9855515806675128,1466.0236578080792,0.16855838341203816,260234.53058186665,35053.47429620306,51415.626278683645,0.0,0.0,1158.8425326785423,7690.289945956203
tubeBe,"nTOF 5 ns, no veto, strict",13.0,no Be window + air,"MM occ ÷10, DAQ 10 µs",False,283265518084.60077,0.0016910354689791927,0.9778895649192149,2261.0359977214503,0.2094428313150869,295650.58192486333,39824.00049289545,58412.923893441766,0.0,0.0,1635.8873149999715,7031.393238008058
tubeBe,"nTOF 5 ns, no veto, strict",13.0,no Be window + air,"MM occ ÷10, DAQ 10 µs",False,351972597984.32916,0.0015972069314587217,0.9662965336012138,3487.9009938263443,0.26024395050140875,327936.07865347585,44172.84239018757,64791.70471975411,0.0,0.0,2254.649245968316,6276.77708554223
tubeBe,"nTOF 5 ns, no veto, strict",13.0,no Be window + air,"MM occ ÷10, DAQ 10 µs",False,437344829577.31195,0.0015343583737948635,0.9489342582776444,5381.378243740722,0.3233670655964884,352697.1943797726,47508.153548612034,69683.86207327642,0.0,0.0,3013.0541521214564,5432.933238706064
tubeBe,"nTOF 5 ns, no veto, strict",13.0,no Be window + air,"MM occ ÷10, DAQ 10 µs",True,543424405915.04004,0.0015062680232756727,0.9233278873346911,8303.887894757872,0.40180092144703744,364510.6260204655,49099.41748057785,72017.89124668608,0.0,0.0,3869.2809755131984,4518.844675967095
tubeBe,"nTOF 5 ns, no veto, strict",13.0,no Be window + air,"MM occ ÷10, DAQ 10 µs",False,675233968650.1552,0.0015202539855043934,0.886407405926521,12814.94190075565,0.49925919381395867,357809.262829579,48196.74687097034,70693.87485036103,0.0,0.0,4719.400093686583,3569.8803238317482
tubeBe,"nTOF 5 ns, no veto, strict",13.0,no Be window + air,"MM occ ÷10, DAQ 10 µs",False,839014419404.4929,0.0015896001115234173,0.834875489903579,19778.339655831966,0.6203563239976783,328678.59855202335,44272.85948676562,64938.407486380966,0.0,0.0,5386.687567832287,2639.115283088511
tubeBe,"nTOF 5 ns, no veto, strict",13.0,no Be window + air,"MM occ ÷10, DAQ 10 µs",False,1042520413147.9036,0.0017382128741613738,0.7661210893285046,30527.669049873977,0.7708260027902818,277374.14277828194,37362.17235495252,54801.9712548175,0.0,0.0,5648.478449221781,1792.4116809330237
tubeBe,"nTOF 5 ns, no veto, strict",13.0,no Be window + air,"MM occ ÷10, DAQ 10 µs",False,1295387524568.9966,0.0020100076037009034,0.6797087969028928,47121.82695832695,0.957792648503523,210382.4090798469,28338.415937979153,41566.13381272886,0.0,0.0,5323.411882755824,1094.122813529941
tubeBe,"nTOF 5 ns, no veto, strict",13.0,no Be window + air,"MM occ ÷10, DAQ 10 µs",False,1609588471982.2002,0.002488998664861514,0.5789063090692816,72739.52353494272,1.1901087329781959,139901.6290349853,18844.686546438315,27640.950869042987,0.0,0.0,4398.641425818997,585.5503952697445
tubeBe,"nTOF 5 ns, no veto, strict",13.0,no Be window + air,"MM occ ÷10, DAQ 10 µs",False,2000000000000.0002,0.0033454600375019813,0.4710573682043598,112288.36814758579,1.4787739272418905,79409.42127863382,10696.41335238281,15689.251992576594,0.0,0.0,3102.294066676846,267.48436099526555
tubeBe,"nTOF 5 ns, no veto, strict",13.0,no Be window + air,"no MM loss, DREAM",False,1000000000.0,0.04804522836668214,0.9999811618583557,0.06321643129701461,0.0,1622.5824180630264,218.56112237630367,320.58040501756756,0.0,0.0,0.03169477706296726,10931.081331895293
tubeBe,"nTOF 5 ns, no veto, strict",13.0,no Be window + air,"no MM loss, DREAM",False,1242553630.827767,0.040170101658478764,0.9999740731702514,0.08700504015607946,0.0,2016.1313827844126,271.57199102741316,398.3355224773242,0.0,0.0,0.04893447216869109,10931.003843409351
tubeBe,"nTOF 5 ns, no veto, strict",13.0,no Be window + air,"no MM loss, DREAM",False,1543939525.4832668,0.03373056279132822,0.9999638947897124,0.12116279839254684,0.0,2505.1258708595183,337.4393287723298,494.9482117887317,0.0,0.0,0.07555109672432496,10930.892580607866
tubeBe,"nTOF 5 ns, no veto, strict",13.0,no Be window + air,"no MM loss, DREAM",False,1918427663.1677406,0.028449121119379667,0.9999491320707481,0.1707064326498841,0.0,3112.7072921565036,419.28027311843135,614.9906182342888,0.0,0.0,0.11664460234721385,10930.731205086173
tubeBe,"nTOF 5 ns, no veto, strict",13.0,no Be window + air,"no MM loss, DREAM",False,2383749258.3495045,0.024103005040768587,0.9999275226411924,0.24323024213409422,0.0,3867.6221644065336,520.9669670827941,764.1423117356908,0.0,0.0,0.18008832011020073,10930.49498620424
tubeBe,"nTOF 5 ns, no veto, strict",13.0,no Be window + air,"no MM loss, DREAM",False,2961936295.9451733,0.020513365318109024,0.9998956299984277,0.35027146243831203,0.0,4805.574684578915,647.3087499484552,949.4575200460711,0.0,0.0,0.2780366072482523,10930.146358564789
tubeBe,"nTOF 5 ns, no veto, strict",13.0,no Be window + air,"no MM loss, DREAM",False,3680364698.807223,0.017536613609530703,0.9998482190374016,0.5094094079063818,0.0,5970.901143402521,804.2777001478142,1179.6959498407964,0.0,0.0,0.42925135315327295,10929.628095730684
tubeBe,"nTOF 5 ns, no veto, strict",13.0,no Be window + air,"no MM loss, DREAM",False,4573050519.273255,0.015057462374731247,0.9997772959891363,0.747495365731713,0.0,7418.63862538081,999.2872882247929,1465.7315084448123,0.0,0.0,0.6626911199567919,10928.85281551695
tubeBe,"nTOF 5 ns, no veto, strict",13.0,no Be window + air,"no MM loss, DREAM",False,5682260526.681813,0.012983324315891774,0.9996706320839147,1.105625620980142,0.0,9217.072906857285,1241.5355775589937,1821.0557027260868,0.0,0.0,1.0230458552687796,10927.686841729015
tubeBe,"nTOF 5 ns, no veto, strict",13.0,no Be window + air,"no MM loss, DREAM",False,7060513448.737786,0.011239806287193038,0.9995094935879113,1.6468024385938922,0.0,11450.861325933638,1542.4258735399733,2262.3946375864252,0.0,0.0,1.579266326844982,10925.925390541039
tubeBe,"nTOF 5 ns, no veto, strict",13.0,no Be window + air,"no MM loss, DREAM",False,8773066621.237415,0.009767090341095684,0.9992651535936834,2.467740948542893,0.0,14224.83106552332,1916.0783505872582,2810.4594586546355,0.0,0.0,2.4376956387265514,10923.25443987575
tubeBe,"nTOF 5 ns, no veto, strict",13.0,no Be window + air,"no MM loss, DREAM",False,10901005783.71244,0.008517035287666494,0.9988935381844577,3.7170719106926677,0.0,17668.54231282786,2379.944707680711,3490.8479148184447,0.0,0.0,3.762254987130441,10919.192205088366
tubeBe,"nTOF 5 ns, no veto, strict",13.0,no Be window + air,"no MM loss, DREAM",False,13545084316.226381,0.007450861577589412,0.9983270264746944,5.623412939444631,0.0,21941.6603644536,2955.5317885050317,4335.105747535112,0.0,0.0,5.8053998412464916,10912.999502854467
tubeBe,"nTOF 5 ns, no veto, strict",13.0,no Be window + air,"no MM loss, DREAM",False,16830493696.995401,0.006537305953343604,0.9974619350735702,8.53866809141689,0.0,27240.06464449426,3669.224463439537,5381.933675123485,0.0,0.0,8.955419306826629,10903.542940245188
tubeBe,"nTOF 5 ns, no veto, strict",13.0,no Be window + air,"no MM loss, DREAM",False,20912791051.82548,0.0057511530278141825,0.9961395219293535,13.004829256298516,0.0,33802.367298357116,4553.163681216485,6678.475298651354,0.0,0.0,13.80829479797876,10889.08726229328
tubeBe,"nTOF 5 ns, no veto, strict",13.0,no Be window + air,"no MM loss, DREAM",False,25985264452.18819,0.005072069302750467,0.9941174085597704,19.857050648487544,0.0,41915.993773382215,5646.0655203973265,8281.51846771876,0.0,0.0,21.275895265816587,10866.982960184083
tubeBe,"nTOF 5 ns, no veto, strict",13.0,no Be window + air,"no MM loss, DREAM",False,32288084693.086143,0.004483680784720991,0.991027192195031,30.38271153647599,0.0,51920.97052493842,6993.73139168129,10258.243633417334,0.0,0.0,32.74658539122567,10833.202917414732
tubeBe,"nTOF 5 ns, no veto, strict",13.0,no Be window + air,"no MM loss, DREAM",False,40119676867.86863,0.003972848067729583,0.9863129967381177,46.566902493581345,0.0,64207.70240532858,8648.748653189961,12685.784717746243,0.0,0.0,50.318245715930686,10781.670692689411
tubeBe,"nTOF 5 ns, no veto, strict",13.0,no Be window + air,"no MM loss, DREAM",False,49850850159.80715,0.003529102621684335,0.9791457105140657,71.4713208153473,0.0,79201.76173872862,10668.44170569875,15648.223827432264,0.0,0.0,77.12378704828386,10703.323028120922
tubeBe,"nTOF 5 ns, no veto, strict",13.0,no Be window + air,"no MM loss, DREAM",False,61942354865.91934,0.0031442151962382376,0.9683109629592379,109.81911239275391,0.0,97323.45272408247,13109.425335882293,19228.60222363296,0.0,0.0,117.75684340585352,10584.885290241666
tubeBe,"nTOF 5 ns, no veto, strict",13.0,no Be window + air,"no MM loss, DREAM",False,76966697940.67009,0.0028118715604641964,0.9520803683227556,168.89764613926297,0.0,118902.6166209837,16016.129013147054,23492.08802564684,0.0,0.0,178.76199889850525,10407.463997917814
tubeBe,"nTOF 5 ns, no veto, strict",13.0,no Be window + air,"no MM loss, DREAM",False,95635249979.00362,0.0025274315066018795,0.9281037649334734,259.9521119253133,0.0,144022.2126972168,19399.727313574127,28455.07184351027,0.0,0.0,269.04715991087687,10145.368858821625
tubeBe,"nTOF 5 ns, no veto, strict",13.0,no Be window + air,"no MM loss, DREAM",False,118831927096.53207,0.0022877428104531483,0.8934152198218711,400.33686425100865,0.0,172266.73950824596,23204.25237934884,34035.461316371904,0.0,0.0,399.86694957426045,9766.178407678151
tubeBe,"nTOF 5 ns, no veto, strict",13.0,no Be window + air,"no MM loss, DREAM",False,147655042472.05704,0.0020909716965679124,0.8447249349873109,616.8366098380642,0.0,202385.10389870845,27261.182524799417,39986.072728941814,0.0,0.0,583.7242858848585,9233.930917524816
tubeBe,"nTOF 5 ns, no veto, strict",13.0,no Be window + air,"no MM loss, DREAM",False,183469309133.68265,0.0019363980401268907,0.7792188469283855,950.793676910899,0.0,231973.20400128546,31246.686309021035,45831.91760498068,0.0,0.0,831.346709511878,8517.865051868206
tubeBe,"nTOF 5 ns, no veto, strict",13.0,no Be window + air,"no MM loss, DREAM",False,227970456209.51935,0.0018241196068413783,0.6959547387097739,1466.0236578080792,0.0,257439.10192638304,34676.93131283047,50863.32172971506,0.0,0.0,1146.3942937157897,7607.681166729878
tubeBe,"nTOF 5 ns, no veto, strict",13.0,no Be window + air,"no MM loss, DREAM",False,283265518084.60077,0.001754640204331412,0.5974469678742341,2261.0359977214503,0.0,274604.73377909494,36989.134207587456,54254.80751833471,0.0,0.0,1519.4368896670428,6530.864426676617
tubeBe,"nTOF 5 ns, no veto, strict",13.0,no Be window + air,"no MM loss, DREAM",True,351972597984.32916,0.0017284009918163744,0.49034161947714827,3487.9009938263443,0.0,280041.60497426713,37721.47831375051,55328.99293435648,0.0,0.0,1925.3617841853038,5360.065096583473
tubeBe,"nTOF 5 ns, no veto, strict",13.0,no Be window + air,"no MM loss, DREAM",False,437344829577.31195,0.0017454190022839276,0.38407609500421697,5381.378243740722,0.0,272556.29754567856,36713.21076770068,53850.08939119932,0.0,0.0,2328.4191002738403,4198.446123050591
tubeBe,"nTOF 5 ns, no veto, strict",13.0,no Be window + air,"no MM loss, DREAM",False,543424405915.04004,0.0018052199723223694,0.2878063423995424,8303.887894757872,0.0,253778.27828647304,34183.8200140432,50140.03746870279,0.0,0.0,2693.85689765108,3146.093803165393
tubeBe,"nTOF 5 ns, no veto, strict",13.0,no Be window + air,"no MM loss, DREAM",False,675233968650.1552,0.0019071249624536615,0.20751827562959593,12814.94190075565,0.0,227366.03021353588,30626.102070696,44921.65898118379,0.0,0.0,2998.891800076126,2268.4418819912635
tubeBe,"nTOF 5 ns, no veto, strict",13.0,no Be window + air,"no MM loss, DREAM",False,839014419404.4929,0.00205076230406944,0.14505482252318236,19778.339655831966,0.0,197477.01042769692,26600.0645403998,39016.36014282909,0.0,0.0,3236.4351122642133,1585.6359330188457
tubeBe,"nTOF 5 ns, no veto, strict",13.0,no Be window + air,"no MM loss, DREAM",False,1042520413147.9036,0.0022365965292539293,0.09903691181868989,30527.669049873977,0.0,167531.54909527503,22566.424359148852,33099.90991169338,0.0,0.0,3411.6314345343358,1082.600932139545
tubeBe,"nTOF 5 ns, no veto, strict",13.0,no Be window + air,"no MM loss, DREAM",False,1295387524568.9966,0.002466336161186614,0.06647917574168584,47121.82695832695,0.0,139733.41833043983,18822.028640145298,27607.716775544148,0.0,0.0,3535.744945652921,726.7029666431474
tubeBe,"nTOF 5 ns, no veto, strict",13.0,no Be window + air,"no MM loss, DREAM",False,1609588471982.2002,0.0027432032926505466,0.04409875331097879,72739.52353494272,0.0,115174.44072076098,15513.945395169927,22755.496696439113,0.0,0.0,3621.19490419361,482.05614011934404
tubeBe,"nTOF 5 ns, no veto, strict",13.0,no Be window + air,"no MM loss, DREAM",False,2000000000000.0002,0.003072127330208279,0.029017524334927956,112288.36814758579,0.0,94168.42356124171,12684.444325806013,18605.249896129528,0.0,0.0,3678.8851622188545,317.1988939930429
tubeBe,"nTOF 5 ns, no veto, strict",13.0,no Be window + air,"no MM loss, no dead time",False,1000000000.0,0.04804477582314228,1.0,0.06321643129701461,0.0,1622.6129850762727,218.56523973924845,320.586444270414,0.0,0.0,0.03169537414491487,10931.287257032996
tubeBe,"nTOF 5 ns, no veto, strict",13.0,no Be window + air,"no MM loss, no dead time",False,1242553630.827767,0.04016958091341008,1.0,0.08700504015607946,0.0,2016.1836560348042,271.5790322107445,398.3458503223666,0.0,0.0,0.04893574091731446,10931.287257032998
tubeBe,"nTOF 5 ns, no veto, strict",13.0,no Be window + air,"no MM loss, no dead time",False,1543939525.4832668,0.033729953861300406,1.0,0.12116279839254684,0.0,2505.216322221649,337.4515125301517,494.9660826432308,0.0,0.0,0.07555382461105058,10931.287257032998
tubeBe,"nTOF 5 ns, no veto, strict",13.0,no Be window + air,"no MM loss, no dead time",False,1918427663.1677406,0.028448397536237555,1.0,0.1707064326498841,0.0,3112.865637185506,419.30160212266327,615.0219031249454,0.0,0.0,0.11665053611843233,10931.287257032996
tubeBe,"nTOF 5 ns, no veto, strict",13.0,no Be window + air,"no MM loss, no dead time",False,2383749258.3495045,0.02410213156386914,1.0,0.24323024213409422,0.0,3867.9024997638417,521.0047281294152,764.1976987665042,0.0,0.0,0.18010137338206106,10931.287257032996
tubeBe,"nTOF 5 ns, no veto, strict",13.0,no Be window + air,"no MM loss, no dead time",False,2961936295.9451733,0.020512294800190543,1.0,0.35027146243831203,0.0,4806.0762947693565,647.3763166156382,949.5566252725439,0.0,0.0,0.2780656289583839,10931.287257032996
tubeBe,"nTOF 5 ns, no veto, strict",13.0,no Be window + air,"no MM loss, no dead time",False,3680364698.807223,0.0175352826969798,1.0,0.5094094079063818,0.0,5971.807550100926,804.3997927226675,1179.8750324089608,0.0,0.0,0.4293165152272134,10931.287257032996
tubeBe,"nTOF 5 ns, no veto, strict",13.0,no Be window + air,"no MM loss, no dead time",False,4573050519.273255,0.015055785602737948,1.0,0.747495365731713,0.0,7420.291153982576,999.5098830846537,1466.0580054427833,0.0,0.0,0.6628387368020333,10931.287257032996
tubeBe,"nTOF 5 ns, no veto, strict",13.0,no Be window + air,"no MM loss, no dead time",False,5682260526.681813,0.012981185994566768,1.0,1.105625620980142,0.0,9220.109715180251,1241.9446342750787,1821.6556976670524,0.0,0.0,1.0233829247700683,10931.287257032996
tubeBe,"nTOF 5 ns, no veto, strict",13.0,no Be window + air,"no MM loss, no dead time",False,7060513448.737786,0.011237049350550548,1.0,1.6468024385938922,0.0,11456.48080322759,1543.182814605562,2263.504901254285,0.0,0.0,1.5800413472571768,10931.287257032996
tubeBe,"nTOF 5 ns, no veto, strict",13.0,no Be window + air,"no MM loss, no dead time",False,8773066621.237415,0.009763501025956998,1.0,2.467740948542893,0.0,14235.291818559055,1917.4874093191538,2812.526233449958,0.0,0.0,2.439488287928186,10931.287257032995
tubeBe,"nTOF 5 ns, no veto, strict",13.0,no Be window + air,"no MM loss, no dead time",False,10901005783.71244,0.008512322096400404,1.0,3.7170719106926677,0.0,17688.11353504336,2382.5809425160433,3494.71468317159,0.0,0.0,3.766422389685832,10931.287257032996
tubeBe,"nTOF 5 ns, no veto, strict",13.0,no Be window + air,"no MM loss, no dead time",False,13545084316.226381,0.00744462642160507,1.0,5.623412939444631,0.0,21978.4296954619,2960.484600864352,4342.370418281968,0.0,0.0,5.815128397101094,10931.287257032996
tubeBe,"nTOF 5 ns, no veto, strict",13.0,no Be window + air,"no MM loss, no dead time",False,16830493696.995401,0.006529004629195475,1.0,8.53866809141689,0.0,27309.377617989103,3678.5608898137093,5395.62812963537,0.0,0.0,8.978206578044606,10931.287257032996
tubeBe,"nTOF 5 ns, no veto, strict",13.0,no Be window + air,"no MM loss, no dead time",False,20912791051.82548,0.005740041193123029,1.0,13.004829256298516,0.0,33933.36631487891,4570.8091898590465,6704.357323074863,0.0,0.0,13.861808003796932,10931.287257032996
tubeBe,"nTOF 5 ns, no veto, strict",13.0,no Be window + air,"no MM loss, no dead time",False,25985264452.18819,0.005057128842453499,1.0,19.857050648487544,0.0,42164.027520761454,5679.475554680283,8330.523534153399,0.0,0.0,21.401793271722386,10931.287257032998
tubeBe,"nTOF 5 ns, no veto, strict",13.0,no Be window + air,"no MM loss, no dead time",False,32288084693.086143,0.004463519854807,1.0,30.38271153647599,0.0,52391.06548624403,7057.052971665531,10351.12226405847,0.0,0.0,33.04307454843403,10931.287257032993
tubeBe,"nTOF 5 ns, no veto, strict",13.0,no Be window + air,"no MM loss, no dead time",False,40119676867.86863,0.003945566202121409,1.0,46.566902493581345,0.0,65098.70864286781,8768.766792886889,12861.824552347984,0.0,0.0,51.016508838817444,10931.287257032996
tubeBe,"nTOF 5 ns, no veto, strict",13.0,no Be window + air,"no MM loss, no dead time",False,49850850159.80715,0.003492110279457354,1.0,71.4713208153473,0.0,80888.63678639467,10895.6630163836,15981.506796589774,0.0,0.0,78.76640444841735,10931.287257032996
tubeBe,"nTOF 5 ns, no veto, strict",13.0,no Be window + air,"no MM loss, no dead time",False,61942354865.91934,0.0030939955645411478,1.0,109.81911239275391,0.0,100508.4693316432,13538.445641283262,19857.879296201263,0.0,0.0,121.61056510811255,10931.287257032998
tubeBe,"nTOF 5 ns, no veto, strict",13.0,no Be window + air,"no MM loss, no dead time",False,76966697940.67009,0.0027436725887371423,1.0,168.89764613926297,0.0,124887.16349697452,16822.24478734087,24674.480020034418,0.0,0.0,187.75935818677115,10931.287257032996
tubeBe,"nTOF 5 ns, no veto, strict",13.0,no Be window + air,"no MM loss, no dead time",False,95635249979.00362,0.00243488055972805,1.0,259.9521119253133,0.0,155178.99844694664,20902.541339183877,30659.364737680953,0.0,0.0,289.8890943839261,10931.287257032998
tubeBe,"nTOF 5 ns, no veto, strict",13.0,no Be window + air,"no MM loss, no dead time",False,118831927096.53207,0.002162389244286353,1.0,400.33686425100865,0.0,192818.22794846992,25972.528634530423,38095.90497367828,0.0,0.0,447.5712308258928,10931.287257032996
tubeBe,"nTOF 5 ns, no veto, strict",13.0,no Be window + air,"no MM loss, no dead time",False,147655042472.05704,0.0019217894781480955,1.0,616.8366098380642,0.0,239586.98922714833,32272.259756614047,47336.20504471372,0.0,0.0,691.0229137412962,10931.287257032996
tubeBe,"nTOF 5 ns, no veto, strict",13.0,no Be window + air,"no MM loss, no dead time",False,183469309133.68265,0.0017093238744312917,1.0,950.793676910899,0.0,297699.68336328625,40100.01353559762,58817.77344791671,0.0,0.0,1066.8975895398016,10931.287257032996
tubeBe,"nTOF 5 ns, no veto, strict",13.0,no Be window + air,"no MM loss, no dead time",False,227970456209.51935,0.0015217517490406659,1.0,1466.0236578080792,0.0,369907.82245932793,49826.41741489942,73084.23795491392,0.0,0.0,1647.2253581333218,10931.287257032996
tubeBe,"nTOF 5 ns, no veto, strict",13.0,no Be window + air,"no MM loss, no dead time",False,283265518084.60077,0.0013562437719932205,1.0,2261.0359977214503,0.0,459630.3078684311,61911.99587002318,90811.08522715881,0.0,0.0,2543.2163378003656,10931.287257032998
tubeBe,"nTOF 5 ns, no veto, strict",13.0,no Be window + air,"no MM loss, no dead time",False,351972597984.32916,0.0012103023746751554,1.0,3487.9009938263443,0.0,571115.3078804035,76928.97526009103,112837.64366841599,0.0,0.0,3926.572225784788,10931.287257032996
tubeBe,"nTOF 5 ns, no veto, strict",13.0,no Be window + air,"no MM loss, no dead time",False,437344829577.31195,0.0010817037579650235,1.0,5381.378243740722,0.0,709641.3994281159,95588.37752528592,140206.8238342406,0.0,0.0,6062.390059053987,10931.287257032993
tubeBe,"nTOF 5 ns, no veto, strict",13.0,no Be window + air,"no MM loss, no dead time",False,543424405915.04004,0.000968456927107857,1.0,8303.887894757872,0.0,881767.4974451034,118773.68555897937,174214.4980220648,0.0,0.0,9359.963631070292,10931.287257032996
tubeBe,"nTOF 5 ns, no veto, strict",13.0,no Be window + air,"no MM loss, no dead time",False,675233968650.1552,0.0008687750211715054,1.0,12814.94190075565,0.0,1095643.4054963265,147582.6742381053,216470.85706015342,0.0,0.0,14451.21780709529,10931.287257032996
tubeBe,"nTOF 5 ns, no veto, strict",13.0,no Be window + air,"no MM loss, no dead time",False,839014419404.4929,0.000781054631290458,1.0,19778.339655831966,0.0,1361395.6915919604,183379.38772182935,268976.64940849226,0.0,0.0,22311.806363742042,10931.287257032996
tubeBe,"nTOF 5 ns, no veto, strict",13.0,no Be window + air,"no MM loss, no dead time",False,1042520413147.9036,0.0007038598481137214,1.0,30527.669049873977,0.0,1691607.1595808687,227858.72403273178,334217.9123304093,0.0,0.0,34448.079729910416,10931.287257032996
tubeBe,"nTOF 5 ns, no veto, strict",13.0,no Be window + air,"no MM loss, no dead time",False,1295387524568.9966,0.0006359091640298873,1.0,47121.82695832695,0.0,2101912.6180714634,283126.68486265425,415283.6804538281,0.0,0.0,53185.751872008055,10931.287257032993
tubeBe,"nTOF 5 ns, no veto, strict",13.0,no Be window + air,"no MM loss, no dead time",False,1609588471982.2002,0.0005760645487290001,1.0,72739.52353494272,0.0,2611739.155267395,351800.0902603201,516012.24497142236,0.0,0.0,82115.58450773892,10931.287257032996
tubeBe,"nTOF 5 ns, no veto, strict",13.0,no Be window + air,"no MM loss, no dead time",True,2000000000000.0002,0.0005233224796819119,1.0,112288.36814758579,0.0,3245225.970152546,437130.4794784969,641172.888540828,0.0,0.0,126781.49657965949,10931.287257032996
tubeBe,"nTOF 5 ns, no veto, strict",13.0,oracle: no accidentals,MM occ + DREAM,False,1000000000.0,0.04846081717474339,0.9996564835379222,1.153135926803617,0.008458494367821364,1594.8460949220207,214.82505211644795,315.1004234725585,0.0,0.0,0.0,10744.226106097889
tubeBe,"nTOF 5 ns, no veto, strict",13.0,oracle: no accidentals,MM occ + DREAM,False,1242553630.827767,0.04060235385182655,0.9995657188159682,1.4579525708714747,0.010510132888072652,1973.3878844563549,265.8144610154571,389.8905104684833,0.0,0.0,0.0,10699.258358718027
tubeBe,"nTOF 5 ns, no veto, strict",13.0,oracle: no accidentals,MM occ + DREAM,False,1543939525.4832668,0.034182222534384306,0.999448894518847,1.8503669995868215,0.013059403780557002,2439.2851425816198,328.57061226813573,481.9397833089154,0.0,0.0,0.0,10643.602454148964
tubeBe,"nTOF 5 ns, no veto, strict",13.0,oracle: no accidentals,MM occ + DREAM,False,1918427663.1677406,0.02892333748362441,0.9992974944466279,2.359058437466118,0.016227009583977034,3011.3454043702427,405.62687239491527,594.9641254792056,0.0,0.0,0.0,10574.78397142768
tubeBe,"nTOF 5 ns, no veto, strict",13.0,oracle: no accidentals,MM occ + DREAM,False,2383749258.3495045,0.024603393018645992,0.999099747109748,3.0237049523170882,0.020162929676047638,3711.684633524415,499.9622517655462,733.3330805674487,0.0,0.0,0.0,10489.791544395926
tubeBe,"nTOF 5 ns, no veto, strict",13.0,oracle: no accidentals,MM occ + DREAM,False,2961936295.9451733,0.02104407942895419,0.998839193680403,3.8998501908710983,0.025053521477097922,4565.885579525501,615.0227352359434,902.101139549819,0.0,0.0,0.0,10384.980135845526
tubeBe,"nTOF 5 ns, no veto, strict",13.0,oracle: no accidentals,MM occ + DREAM,False,3680364698.807223,0.01810243873823413,0.9984925640943906,5.066146641718222,0.031130344076389465,5602.877989410518,754.7051467283213,1106.98407372948,0.0,0.0,0.0,10255.968273344432
tubeBe,"nTOF 5 ns, no veto, strict",13.0,oracle: no accidentals,MM occ + DREAM,False,4573050519.273255,0.015663928320224858,0.9980266116293708,6.635202457638874,0.0386811220610354,6854.330986618624,923.275302934937,1354.2388844800792,0.0,0.0,0.0,10097.536527161246
tubeBe,"nTOF 5 ns, no veto, strict",13.0,oracle: no accidentals,MM occ + DREAM,False,5682260526.681813,0.013636853059732765,0.9973933789382703,8.76991037581238,0.04806336866143177,8353.245747886975,1125.1784475285415,1650.3857525250608,0.0,0.0,0.0,9903.540372020048
tubeBe,"nTOF 5 ns, no veto, strict",13.0,oracle: no accidentals,MM occ + DREAM,False,7060513448.737786,0.011947904849579735,0.9965231054628723,11.708139298209307,0.05972131324007556,10131.303624128936,1364.682044236672,2001.6840950713697,0.0,0.0,0.0,9666.85949252166
tubeBe,"nTOF 5 ns, no veto, strict",13.0,oracle: no accidentals,MM occ + DREAM,False,8773066621.237415,0.010538608224499701,0.9953136027429951,15.80021135913631,0.07420693460425828,12214.367692603739,1645.2698379409164,2413.243788628493,0.0,0.0,0.0,9379.418673862492
tubeBe,"nTOF 5 ns, no veto, strict",13.0,oracle: no accidentals,MM occ + DREAM,False,10901005783.71244,0.009362515309104195,0.9936143813527087,21.5659625065952,0.0922060960251198,14615.382592978545,1968.6854657859387,2887.622359878039,0.0,0.0,0.0,9032.333786119416
tubeBe,"nTOF 5 ns, no veto, strict",13.0,oracle: no accidentals,MM occ + DREAM,False,13545084316.226381,0.00838302856463264,0.9912030829229593,29.781844378623745,0.11457101940046635,17323.840679957946,2333.51355267354,3422.743769324517,0.0,0.0,0.0,8616.260646992245
tubeBe,"nTOF 5 ns, no veto, strict",13.0,oracle: no accidentals,MM occ + DREAM,False,16830493696.995401,0.0075717631289396485,0.9877508799886222,41.614166487865184,0.14236063614368857,20291.135476076568,2733.2068279373316,4009.0046316120565,0.0,0.0,0.0,8122.053668270254
tubeBe,"nTOF 5 ns, no veto, strict",13.0,oracle: no accidentals,MM occ + DREAM,False,20912791051.82548,0.006907397783089991,0.9827726477990746,58.823276007915695,0.17689072532729086,23411.792938184124,3153.5579853746362,4625.565998225283,0.0,0.0,0.0,7541.8698939177275
tubeBe,"nTOF 5 ns, no veto, strict",13.0,oracle: no accidentals,MM occ + DREAM,False,25985264452.18819,0.00637501106458542,0.9755574923117615,84.07688785786398,0.2197962130151825,26502.22836399304,3569.83824810706,5236.1562705327815,0.0,0.0,0.0,6870.868089051655
tubeBe,"nTOF 5 ns, no veto, strict",13.0,oracle: no accidentals,MM occ + DREAM,False,32288084693.086143,0.005965967579778112,0.9650771592690978,121.43147268813195,0.27310858252420833,29281.961638672157,3944.2670707402326,5785.359817370934,0.0,0.0,0.0,6109.620622351911
tubeBe,"nTOF 5 ns, no veto, strict",13.0,oracle: no accidentals,MM occ + DREAM,False,40119676867.86863,0.005678531248551155,0.9498772415658329,177.07254010667228,0.33935206082567987,31367.68016471376,4225.21241868557,6197.443963228534,0.0,0.0,0.0,5267.218499652818
tubeBe,"nTOF 5 ns, no veto, strict",13.0,oracle: no accidentals,MM occ + DREAM,False,49850850159.80715,0.005519583641869476,0.9279749723496661,260.45392479374607,0.4216631353078355,32297.71767701775,4350.488053549085,6381.195370279935,0.0,0.0,0.0,4364.712321785805
tubeBe,"nTOF 5 ns, no veto, strict",13.0,oracle: no accidentals,MM occ + DREAM,True,61942354865.91934,0.005508217988256719,0.8968259488410183,386.05221964410157,0.5239390597629711,31609.901295847438,4257.839496172968,6245.3006067236265,0.0,0.0,0.0,3437.8885036167007
tubeBe,"nTOF 5 ns, no veto, strict",13.0,oracle: no accidentals,MM occ + DREAM,False,76966697940.67009,0.005682793383950285,0.8534834980649726,576.0698537120426,0.6510223810409661,28989.590119879747,3904.8847585773674,5727.594751715926,0.0,0.0,0.0,2537.4388222992034
tubeBe,"nTOF 5 ns, no veto, strict",13.0,oracle: no accidentals,MM occ + DREAM,False,95635249979.00362,0.006114824892196424,0.7951330027818038,864.6014473331543,0.8089302233125903,24470.613617501826,3296.180654947979,4834.761635031118,0.0,0.0,0.0,1723.785496013679
tubeBe,"nTOF 5 ns, no veto, strict",13.0,oracle: no accidentals,MM occ + DREAM,False,118831927096.53207,0.006937278991905616,0.7201450269504857,1304.057672652278,1.0051391860633756,18600.098714690106,2505.424936284997,3674.8994152422024,0.0,0.0,0.0,1054.4802958866792
tubeBe,"nTOF 5 ns, no veto, strict",13.0,oracle: no accidentals,MM occ + DREAM,False,147655042472.05704,0.008405351069626832,0.6294963393298078,1975.0724461017,1.2489393451303188,12406.277961787544,1671.1200649379664,2451.1603043857754,0.0,0.0,0.0,566.0432088919557
tubeBe,"nTOF 5 ns, no veto, strict",13.0,oracle: no accidentals,MM occ + DREAM,False,183469309133.68265,0.011036164442782024,0.5278348171999061,3001.785540698599,1.5518741179753315,7052.379502943019,949.9523490627354,1393.3681594368456,0.0,0.0,0.0,258.95756865218425
tubeBe,"nTOF 5 ns, no veto, strict",13.0,oracle: no accidentals,MM occ + DREAM,False,227970456209.51935,0.01595704004242405,0.42310571293722266,4575.4212485082,1.9282868198778864,3308.6722883667017,445.6766700233714,653.7082433946347,0.0,0.0,0.0,97.77583772913552
tubeBe,"nTOF 5 ns, no veto, strict",13.0,oracle: no accidentals,MM occ + DREAM,False,283265518084.60077,0.025860567533630557,0.32433623223353036,6990.671576035082,2.3959997893165963,1236.7022507188644,166.5832372848482,244.34044397872367,0.0,0.0,0.0,29.412219609105666
tubeBe,"nTOF 5 ns, no veto, strict",13.0,oracle: no accidentals,MM occ + DREAM,False,351972597984.32916,0.047934114110386644,0.23871194155052644,10701.843810856244,2.9771582376779016,353.72939987569634,47.64719116494552,69.88779923681332,0.0,0.0,0.0,6.770467588497652
tubeBe,"nTOF 5 ns, no veto, strict",13.0,oracle: no accidentals,MM occ + DREAM,False,437344829577.31195,0.10412270890966044,0.1697782490205061,16409.51680327458,3.699278777775487,73.75106115772093,9.934234787479857,14.571306081722376,0.0,0.0,0.0,1.13605834675901
tubeBe,"nTOF 5 ns, no veto, strict",13.0,oracle: no accidentals,MM occ + DREAM,False,543424405915.04004,0.2732934151391847,0.11753782703519766,25194.29305704836,4.596552276769037,10.544285699966625,1.420310544220132,2.083278693695882,0.0,0.0,0.0,0.13071769626407256
tubeBe,"nTOF 5 ns, no veto, strict",13.0,oracle: no accidentals,MM occ + DREAM,False,675233968650.1552,0.9013259321194511,0.07974780710635697,38723.25420694214,5.7114627207890045,0.956036542038355,0.12877769248239615,0.1888881442608765,0.0,0.0,0.0,0.009538422827003267
tubeBe,"nTOF 5 ns, no veto, strict",13.0,oracle: no accidentals,MM occ + DREAM,False,839014419404.4929,3.9265179167074944,0.05332918384848223,59568.65408314039,7.096798741053815,0.0497448635919685,0.00670061076595152,0.009828301071383529,0.0,0.0,0.0,0.0003994249407751991
tubeBe,"nTOF 5 ns, no veto, strict",13.0,oracle: no accidentals,MM occ + DREAM,False,1042520413147.9036,24.0740469464217,0.03530254994758727,91699.88485485595,8.818153042950343,0.001308444109819973,0.00017624683345842138,0.00025851478359396613,0.0,0.0,0.0,8.455260042620537e-06
tubeBe,"nTOF 5 ns, no veto, strict",13.0,oracle: no accidentals,MM occ + DREAM,False,1295387524568.9966,225.01340902701966,0.0232070260794166,141242.94773180102,10.957028080712917,1.4827928411264837e-05,1.9973152919715917e-06,2.9296159275097835e-06,0.0,0.0,0.0,7.711469235051994e-08
tubeBe,"nTOF 5 ns, no veto, strict",13.0,oracle: no accidentals,MM occ + DREAM,False,1609588471982.2002,3543.81548089691,0.015183592191901471,217652.91141700774,13.614695024771637,5.925574827338461e-08,7.98172265747773e-09,1.1707406397129338e-08,0.0,0.0,0.0,2.48011599742045e-10
tubeBe,"nTOF 5 ns, no veto, strict",13.0,oracle: no accidentals,MM occ + DREAM,False,2000000000000.0002,106570.55735561761,0.009902348676966112,335523.9699586223,16.91698873564273,6.502396386959429e-11,8.758698705524071e-12,1.2847056914401076e-11,0.0,0.0,0.0,2.190280843882369e-13
tubeBe,"nTOF 5 ns, no veto, strict",13.0,oracle: no accidentals,"MM occ ÷10, DAQ 10 µs",False,1000000000.0,0.04808531894548369,0.9999884687737026,1.153135926803617,0.0008458494367821365,1619.8516539505713,218.1932896778109,320.04087651323226,0.0,0.0,0.0,10912.684605615526
tubeBe,"nTOF 5 ns, no veto, strict",13.0,oracle: no accidentals,"MM occ ÷10, DAQ 10 µs",False,1242553630.827767,0.04021166082867787,0.9999854206868508,1.4579525708714747,0.0010510132888072652,2011.920702705102,271.00481431339426,397.5036007763384,0.0,0.0,0.0,10908.174497800563
tubeBe,"nTOF 5 ns, no veto, strict",13.0,oracle: no accidentals,"MM occ ÷10, DAQ 10 µs",False,1543939525.4832668,0.03377381707794745,0.9999814966723837,1.8503669995868215,0.0013059403780557003,2498.6352997559184,336.5650517621306,493.6658424680587,0.0,0.0,0.0,10902.57155436901
tubeBe,"nTOF 5 ns, no veto, strict",13.0,oracle: no accidentals,"MM occ ÷10, DAQ 10 µs",False,1918427663.1677406,0.02849432386890563,0.9999764099721279,2.359058437466118,0.0016227009583977036,3102.706318041334,417.9331464004695,613.0146838862275,0.0,0.0,0.0,10895.611307973648
tubeBe,"nTOF 5 ns, no veto, strict",13.0,oracle: no accidentals,"MM occ ÷10, DAQ 10 µs",False,2383749258.3495045,0.024150437923720063,0.9999697638647285,3.0237049523170882,0.002016292967604764,3852.2197779831718,518.8922725548068,761.0991977324385,0.0,0.0,0.0,10886.96547364598
tubeBe,"nTOF 5 ns, no veto, strict",13.0,oracle: no accidentals,"MM occ ÷10, DAQ 10 µs",False,2961936295.9451733,0.02056333935805462,0.9999610030189151,3.8998501908710983,0.0025053521477097925,4781.868214750743,644.1154991184541,944.7737335003469,0.0,0.0,0.0,10876.226650335448
tubeBe,"nTOF 5 ns, no veto, strict",13.0,oracle: no accidentals,"MM occ ÷10, DAQ 10 µs",False,3680364698.807223,0.01758946951422981,0.9999493411000371,5.066146641718222,0.0031130344076389467,5934.441523366566,799.3666057172554,1172.4924699880646,0.0,0.0,0.0,10862.88941124502
tubeBe,"nTOF 5 ns, no veto, strict",13.0,oracle: no accidentals,"MM occ ÷10, DAQ 10 µs",False,4573050519.273255,0.0151135698483623,0.9999336523777226,6.635202457638874,0.00386811220610354,7362.619069354989,991.7414792084213,1454.6634901058114,0.0,0.0,0.0,10846.326962255647
tubeBe,"nTOF 5 ns, no veto, strict",13.0,oracle: no accidentals,"MM occ ÷10, DAQ 10 µs",False,5682260526.681813,0.013043079876097041,0.9999123085867002,8.76991037581238,0.004806336866143178,9131.10364261517,1229.9555563080223,1804.0703950813138,0.0,0.0,0.0,10825.762379685024
tubeBe,"nTOF 5 ns, no veto, strict",13.0,oracle: no accidentals,"MM occ ÷10, DAQ 10 µs",False,7060513448.737786,0.011303628896805628,0.9998829323134658,11.708139298209307,0.005972131324007556,11319.130305703811,1524.6817643269712,2236.3679881241023,0.0,0.0,0.0,10800.233247593562
tubeBe,"nTOF 5 ns, no veto, strict",13.0,oracle: no accidentals,"MM occ ÷10, DAQ 10 µs",False,8773066621.237415,0.009835413892962245,0.9998420228471326,15.80021135913631,0.0074206934604258284,14023.364677012287,1888.9409186122243,2770.6549003731575,0.0,0.0,0.0,10768.548305746495
tubeBe,"nTOF 5 ns, no veto, strict",13.0,oracle: no accidentals,"MM occ ÷10, DAQ 10 µs",False,10901005783.71244,0.008590296641880402,0.99978438687398,21.5659625065952,0.00922060960251198,17361.168323640955,2338.54156949919,3430.1187482451796,0.0,0.0,0.0,10729.234504710346
tubeBe,"nTOF 5 ns, no veto, strict",13.0,oracle: no accidentals,"MM occ ÷10, DAQ 10 µs",False,13545084316.226381,0.007529482418302036,0.9997022702256317,29.781844378623745,0.011457101940046635,21474.142265720497,2892.5573107510313,4242.736238426405,0.0,0.0,0.0,10680.472670595442
tubeBe,"nTOF 5 ns, no veto, strict",13.0,oracle: no accidentals,"MM occ ÷10, DAQ 10 µs",False,16830493696.995401,0.006621666172627166,0.9995840314369717,41.614166487865184,0.014236063614368858,26531.745604547134,3573.81420714195,5241.988115391009,0.0,0.0,0.0,10620.019858774906
tubeBe,"nTOF 5 ns, no veto, strict",13.0,oracle: no accidentals,"MM occ ÷10, DAQ 10 µs",False,20912791051.82548,0.005841552625599603,0.9994121130542815,58.823276007915695,0.017689072532729087,32734.598691706888,4409.33572985347,6467.511782361314,0.0,0.0,0.0,10545.116515181831
tubeBe,"nTOF 5 ns, no veto, strict",13.0,oracle: no accidentals,"MM occ ÷10, DAQ 10 µs",False,25985264452.18819,0.005168674902603624,0.9991599374198948,84.07688785786398,0.021979621301518253,40316.78045976875,5430.652205886169,7965.555194555906,0.0,0.0,0.0,10452.376928827793
tubeBe,"nTOF 5 ns, no veto, strict",13.0,oracle: no accidentals,"MM occ ÷10, DAQ 10 µs",False,32288084693.086143,0.004586451838205969,0.9987871580449661,121.43147268813195,0.027310858252420835,49545.96260640885,6673.818892600908,9789.003370509123,0.0,0.0,0.0,10337.662436338023
tubeBe,"nTOF 5 ns, no veto, strict",13.0,oracle: no accidentals,"MM occ ÷10, DAQ 10 µs",False,40119676867.86863,0.0040814367875544625,0.9982324045251393,177.07254010667228,0.03393520608256799,60719.514711614866,8178.891338756972,11996.608863762229,0.0,0.0,0.0,10195.938925019253
tubeBe,"nTOF 5 ns, no veto, strict",13.0,oracle: no accidentals,"MM occ ÷10, DAQ 10 µs",False,49850850159.80715,0.0036427209900171094,0.9974022267544378,260.45392479374607,0.04216631353078355,74153.670904771,9988.466139437898,14650.85137590066,0.0,0.0,0.0,10021.124227425256
tubeBe,"nTOF 5 ns, no veto, strict",13.0,oracle: no accidentals,"MM occ ÷10, DAQ 10 µs",False,61942354865.91934,0.0032614628161708025,0.9961543241206516,386.05221964410157,0.05239390597629711,90161.37267094426,12144.69637201772,17813.560066979873,0.0,0.0,0.0,9805.938451837557
tubeBe,"nTOF 5 ns, no veto, strict",13.0,oracle: no accidentals,"MM occ ÷10, DAQ 10 µs",False,76966697940.67009,0.0029305212573975514,0.9942722970329828,576.0698537120426,0.06510223810409661,109012.43870028132,14683.926492778017,21538.044145829936,0.0,0.0,0.0,9541.78354808534
tubeBe,"nTOF 5 ns, no veto, strict",13.0,oracle: no accidentals,"MM occ ÷10, DAQ 10 µs",False,95635249979.00362,0.0026441784660715703,0.9914280983127206,864.6014473331543,0.08089302233125904,130867.37200428244,17627.776185223167,25856.014864748737,0.0,0.0,0.0,9218.701307966568
tubeBe,"nTOF 5 ns, no veto, strict",13.0,oracle: no accidentals,"MM occ ÷10, DAQ 10 µs",False,118831927096.53207,0.002397942705855161,0.9871272908251502,1304.057672652278,0.10051391860633757,155673.95738179906,20969.212085228733,30757.155847726048,0.0,0.0,0.0,8825.497281482825
tubeBe,"nTOF 5 ns, no veto, strict",13.0,oracle: no accidentals,"MM occ ÷10, DAQ 10 µs",False,147655042472.05704,0.0021884304753628145,0.9806318112973578,1975.0724461017,0.12489393451303188,183015.43325981652,24652.096596240375,36159.12576504857,0.0,0.0,0.0,8350.179114011386
tubeBe,"nTOF 5 ns, no veto, strict",13.0,oracle: no accidentals,"MM occ ÷10, DAQ 10 µs",False,183469309133.68265,0.002013335851748073,0.9708569562659424,3001.785540698599,0.15518741179753315,211904.19102166404,28543.399281514077,41866.79864542101,0.0,0.0,0.0,7780.947419417607
tubeBe,"nTOF 5 ns, no veto, strict",13.0,oracle: no accidentals,"MM occ ÷10, DAQ 10 µs",False,227970456209.51935,0.0018715080436176048,0.9562476421908416,4575.4212485082,0.19282868198778866,240533.19924306517,32399.713820444817,47523.151721047376,0.0,0.0,0.0,7108.088383473419
tubeBe,"nTOF 5 ns, no veto, strict",13.0,oracle: no accidentals,"MM occ ÷10, DAQ 10 µs",False,283265518084.60077,0.0017631781839960326,0.9346609244239857,6990.671576035082,0.23959997893165963,266041.1688208602,35835.62585696175,52562.868118435144,0.0,0.0,0.0,6327.199031031034
tubeBe,"nTOF 5 ns, no veto, strict",13.0,oracle: no accidentals,"MM occ ÷10, DAQ 10 µs",False,351972597984.32916,0.001690410377568923,0.9033273210052285,10701.843810856244,0.29771582376779016,284430.5674010808,38312.66957984159,56196.138625528496,0.0,0.0,0.0,5444.0709153486605
tubeBe,"nTOF 5 ns, no veto, strict",13.0,oracle: no accidentals,"MM occ ÷10, DAQ 10 µs",True,437344829577.31195,0.0016579140142251908,0.8590362948503109,16409.51680327458,0.36992787777754876,290894.28233356384,39183.32907586301,57473.20185997863,0.0,0.0,0.0,4480.923694952427
tubeBe,"nTOF 5 ns, no veto, strict",13.0,oracle: no accidentals,"MM occ ÷10, DAQ 10 µs",False,543424405915.04004,0.0016744751312215518,0.7987584542246836,25194.29305704836,0.4596552276769037,280878.2407629472,37834.17277842515,55494.29057162992,0.0,0.0,0.0,3482.052517161422
tubeBe,"nTOF 5 ns, no veto, strict",13.0,oracle: no accidentals,"MM occ ÷10, DAQ 10 µs",False,675233968650.1552,0.0017555160578320397,0.7208596754140713,38723.25420694214,0.5711462720789005,252016.28914221836,33946.480868310995,49791.913892843986,0.0,0.0,0.0,2514.37870774855
tubeBe,"nTOF 5 ns, no veto, strict",13.0,oracle: no accidentals,"MM occ ÷10, DAQ 10 µs",False,839014419404.4929,0.0019278505509403995,0.6266894997302966,59568.65408314039,0.7096798741053816,206355.80164482028,27796.033726406327,40770.58011511851,0.0,0.0,0.0,1656.927929819646
tubeBe,"nTOF 5 ns, no veto, strict",13.0,oracle: no accidentals,"MM occ ÷10, DAQ 10 µs",False,1042520413147.9036,0.0022390066361172595,0.5216487223021246,91699.88485485595,0.8818153042950343,151266.45222249575,20375.523121406088,29886.346591224185,0.0,0.0,0.0,977.494705098113
tubeBe,"nTOF 5 ns, no veto, strict",13.0,oracle: no accidentals,"MM occ ÷10, DAQ 10 µs",False,1295387524568.9966,0.002776683040112791,0.4145198893489471,141242.94773180102,1.0957028080712916,97374.37074379795,13116.28397025076,19238.662310073785,0.0,0.0,0.0,506.40888156897455
tubeBe,"nTOF 5 ns, no veto, strict",13.0,oracle: no accidentals,"MM occ ÷10, DAQ 10 µs",False,1609588471982.2002,0.0037121588877467382,0.3148090145118242,217652.91141700774,1.3614695024771637,54003.21000308866,7274.208113439463,10669.64040920999,0.0,0.0,0.0,226.0273964017671
tubeBe,"nTOF 5 ns, no veto, strict",13.0,oracle: no accidentals,"MM occ ÷10, DAQ 10 µs",False,2000000000000.0002,0.00540446866306067,0.22960848747199994,335523.9699586223,1.691698873564273,25283.77453111828,3405.7130645033058,4995.421242906575,0.0,0.0,0.0,85.16639669585685
tubeBe,"nTOF 5 ns, no veto, strict",13.0,oracle: no accidentals,"no MM loss, DREAM",False,1000000000.0,0.04805264033995952,0.9996564835379222,1.153135926803617,0.0,1622.055590804318,218.49015898136,320.4763175492882,0.0,0.0,0.0,10927.532179908501
tubeBe,"nTOF 5 ns, no veto, strict",13.0,oracle: no accidentals,"no MM loss, DREAM",False,1242553630.827767,0.040177852408198184,0.9995657188159682,1.4579525708714747,0.0,2015.3080654094363,271.46109054707784,398.17285621483444,0.0,0.0,0.0,10926.54000466002
tubeBe,"nTOF 5 ns, no veto, strict",13.0,oracle: no accidentals,"no MM loss, DREAM",False,1543939525.4832668,0.03373872529606004,0.999448894518847,1.8503669995868215,0.0,2503.8356837749984,337.26554115197297,494.6933041221014,0.0,0.0,0.0,10925.262964709587
tubeBe,"nTOF 5 ns, no veto, strict",13.0,oracle: no accidentals,"no MM loss, DREAM",False,1918427663.1677406,0.028457785681407416,0.9992974944466279,2.359058437466118,0.0,3110.678831788482,419.0070404186343,614.5898468225547,0.0,0.0,0.0,10923.607967029424
tubeBe,"nTOF 5 ns, no veto, strict",13.0,oracle: no accidentals,"no MM loss, DREAM",False,2383749258.3495045,0.02411228426899612,0.999099747109748,3.0237049523170882,0.0,3864.4204093592166,520.5356921170817,763.5097275794658,0.0,0.0,0.0,10921.446334085676
tubeBe,"nTOF 5 ns, no veto, strict",13.0,oracle: no accidentals,"no MM loss, DREAM",False,2961936295.9451733,0.02052340078444985,0.998839193680403,3.8998501908710983,0.0,4800.497371033924,646.6248380961533,948.4543739411122,0.0,0.0,0.0,10918.598149703701
tubeBe,"nTOF 5 ns, no veto, strict",13.0,oracle: no accidentals,"no MM loss, DREAM",False,3680364698.807223,0.01754758479702044,0.9984925640943906,5.066146641718222,0.0,5962.8054329785155,803.1872115926524,1178.0964464209758,0.0,0.0,0.0,10914.809042127214
tubeBe,"nTOF 5 ns, no veto, strict",13.0,oracle: no accidentals,"no MM loss, DREAM",False,4573050519.273255,0.015069598766509172,0.9980266116293708,6.635202457638874,0.0,7405.6480377126245,997.5374619050452,1463.1649036241747,0.0,0.0,0.0,10909.715581883958
tubeBe,"nTOF 5 ns, no veto, strict",13.0,oracle: no accidentals,"no MM loss, DREAM",False,5682260526.681813,0.012996921777011129,0.9973933789382703,8.76991037581238,0.0,9196.076383005207,1238.707355233875,1816.907331558294,0.0,0.0,0.0,10902.793533436996
tubeBe,"nTOF 5 ns, no veto, strict",13.0,oracle: no accidentals,"no MM loss, DREAM",False,7060513448.737786,0.01125524928989395,0.9965231054628723,11.708139298209307,0.0,11416.647827708139,1537.8173307076704,2255.6349334283523,0.0,0.0,0.0,10893.28032408524
tubeBe,"nTOF 5 ns, no veto, strict",13.0,oracle: no accidentals,"no MM loss, DREAM",False,8773066621.237415,0.009784882110350421,0.9953136027429951,15.80021135913631,0.0,14168.579586027896,1908.501301583779,2799.3456182242635,0.0,0.0,0.0,10880.058902416102
tubeBe,"nTOF 5 ns, no veto, strict",13.0,oracle: no accidentals,"no MM loss, DREAM",False,10901005783.71244,0.008537838630186638,0.9936143813527087,21.5659625065952,0.0,17575.163987418586,2367.3666892208325,3472.3987679237666,0.0,0.0,0.0,10861.484225285589
tubeBe,"nTOF 5 ns, no veto, strict",13.0,oracle: no accidentals,"no MM loss, DREAM",False,13545084316.226381,0.007475554025821599,0.9912030829229593,29.781844378623745,0.0,21785.08727194735,2934.4414633226934,4304.170945794547,0.0,0.0,0.0,10835.125629487562
tubeBe,"nTOF 5 ns, no veto, strict",13.0,oracle: no accidentals,"no MM loss, DREAM",False,16830493696.995401,0.006567053895650319,0.9877508799886222,41.614166487865184,0.0,26974.861774110323,3633.5017560052206,5329.5364331387,0.0,0.0,0.0,10797.388607542753
tubeBe,"nTOF 5 ns, no veto, strict",13.0,oracle: no accidentals,"no MM loss, DREAM",False,20912791051.82548,0.005787510620107611,0.9827726477990746,58.823276007915695,0.0,33348.784262009474,4492.066250102117,6588.858998189399,0.0,0.0,0.0,10742.9701214466
tubeBe,"nTOF 5 ns, no veto, strict",13.0,oracle: no accidentals,"no MM loss, DREAM",False,25985264452.18819,0.005117108910497112,0.9755574923117615,84.07688785786398,0.0,41133.432953918134,5540.654929769847,8126.9046486228035,0.0,0.0,0.0,10664.099184210621
tubeBe,"nTOF 5 ns, no veto, strict",13.0,oracle: no accidentals,"no MM loss, DREAM",False,32288084693.086143,0.004540161887193547,0.9650771592690978,121.43147268813195,0.0,50561.42065054565,6810.600634706514,9989.631669844659,0.0,0.0,0.0,10549.535653171892
tubeBe,"nTOF 5 ns, no veto, strict",13.0,oracle: no accidentals,"no MM loss, DREAM",False,40119676867.86863,0.004044429715255751,0.9498772415658329,177.07254010667228,0.0,61835.781795185125,8329.25201316147,12217.154427288006,0.0,0.0,0.0,10383.38098647424
tubeBe,"nTOF 5 ns, no veto, strict",13.0,oracle: no accidentals,"no MM loss, DREAM",False,49850850159.80715,0.003620598323587022,0.9279749723496661,260.45392479374607,0.0,75062.6304852568,10110.90258635985,14830.4383276714,0.0,0.0,0.0,10143.960990091447
tubeBe,"nTOF 5 ns, no veto, strict",13.0,oracle: no accidentals,"no MM loss, DREAM",False,61942354865.91934,0.0032618747180670283,0.8968259488410183,386.05221964410157,0.0,90138.6033749093,12141.629358076412,17809.061441786114,0.0,0.0,0.0,9803.462066342348
tubeBe,"nTOF 5 ns, no veto, strict",13.0,oracle: no accidentals,"no MM loss, DREAM",False,76966697940.67009,0.0029636467606133842,0.8534834980649726,576.0698537120426,0.0,106589.13316480994,14357.50832640494,21059.261520433247,0.0,0.0,0.0,9329.673286485577
tubeBe,"nTOF 5 ns, no veto, strict",13.0,oracle: no accidentals,"no MM loss, DREAM",False,95635249979.00362,0.0027231407716926696,0.7951330027818038,864.6014473331543,0.0,123387.94300379354,16620.30046079606,24378.27274725481,0.0,0.0,0.0,8691.827260955113
tubeBe,"nTOF 5 ns, no veto, strict",13.0,oracle: no accidentals,"no MM loss, DREAM",False,118831927096.53207,0.0025390003370689682,0.7201450269504857,1304.057672652278,0.0,138857.08796249577,18703.98733348617,27434.576513972686,0.0,0.0,0.0,7872.112156319527
tubeBe,"nTOF 5 ns, no veto, strict",13.0,oracle: no accidentals,"no MM loss, DREAM",False,147655042472.05704,0.002410728996649585,0.6294963393298078,1975.0724461017,0.0,150819.13266953995,20315.26937868922,29797.967793412467,0.0,0.0,0.0,6881.205312464845
tubeBe,"nTOF 5 ns, no veto, strict",13.0,oracle: no accidentals,"no MM loss, DREAM",False,183469309133.68265,0.0023380177122807365,0.5278348171999061,3001.785540698599,0.0,157136.2579485302,21166.18331427594,31046.06869598661,0.0,0.0,0.0,5769.914011075674
tubeBe,"nTOF 5 ns, no veto, strict",13.0,oracle: no accidentals,"no MM loss, DREAM",True,227970456209.51935,0.0023201069736398967,0.42310571293722266,4575.4212485082,0.0,156510.11294270953,21081.84186343867,30922.358604387482,0.0,0.0,0.0,4625.090088208522
tubeBe,"nTOF 5 ns, no veto, strict",13.0,oracle: no accidentals,"no MM loss, DREAM",False,283265518084.60077,0.0023554211180231875,0.32433623223353036,6990.671576035082,0.0,149074.76227438453,20080.303470541214,29453.325227614707,0.0,0.0,0.0,3545.412522408485
tubeBe,"nTOF 5 ns, no veto, strict",13.0,oracle: no accidentals,"no MM loss, DREAM",False,351972597984.32916,0.0024416382003815034,0.23871194155052644,10701.843810856244,0.0,136332.0439933578,18363.86504582874,26935.693000074047,0.0,0.0,0.0,2609.4288047728746
tubeBe,"nTOF 5 ns, no veto, strict",13.0,oracle: no accidentals,"no MM loss, DREAM",False,437344829577.31195,0.0025761378479179464,0.1697782490205061,16409.51680327458,0.0,120481.67422736711,16228.827362954145,23804.069051303934,0.0,0.0,0.0,1855.8948100392327
tubeBe,"nTOF 5 ns, no veto, strict",13.0,oracle: no accidentals,"no MM loss, DREAM",False,543424405915.04004,0.002756588107237409,0.11753782703519766,25194.29305704836,0.0,103641.03559996167,13960.40090956427,20476.793535541245,0.0,0.0,0.0,1284.8397508892047
tubeBe,"nTOF 5 ns, no veto, strict",13.0,oracle: no accidentals,"no MM loss, DREAM",False,675233968650.1552,0.0029814334735937457,0.07974780710635697,38723.25420694214,0.0,87375.15895887313,11769.394637380741,17263.07615298089,0.0,0.0,0.0,871.7461875980453
tubeBe,"nTOF 5 ns, no veto, strict",13.0,oracle: no accidentals,"no MM loss, DREAM",False,839014419404.4929,0.0032501772872375973,0.05332918384848223,59568.65408314039,0.0,72602.12112743924,9779.47308183954,14344.305187254233,0.0,0.0,0.0,582.9566278308836
tubeBe,"nTOF 5 ns, no veto, strict",13.0,oracle: no accidentals,"no MM loss, DREAM",False,1042520413147.9036,0.0035634764742632375,0.03530254994758727,91699.88485485595,0.0,59718.04624279987,8043.993986159021,11798.744543422621,0.0,0.0,0.0,385.90231438283155
tubeBe,"nTOF 5 ns, no veto, strict",13.0,oracle: no accidentals,"no MM loss, DREAM",False,1295387524568.9966,0.003923119759822168,0.0232070260794166,141242.94773180102,0.0,48779.140944239276,6570.528359386382,9637.499202648101,0.0,0.0,0.0,253.68266845555905
tubeBe,"nTOF 5 ns, no veto, strict",13.0,oracle: no accidentals,"no MM loss, DREAM",False,1609588471982.2002,0.0043319574176526295,0.015183592191901471,217652.91141700774,0.0,39655.58224520136,5341.58910358683,7834.919493673639,0.0,0.0,0.0,165.97620784331826
tubeBe,"nTOF 5 ns, no veto, strict",13.0,oracle: no accidentals,"no MM loss, DREAM",False,2000000000000.0002,0.0047938272392281595,0.009902348676966112,335523.9699586223,0.0,32135.359091996143,4328.618425125456,6349.11750454881,0.0,0.0,0.0,108.2454179072172
tubeBe,"nTOF 5 ns, no veto, strict",13.0,oracle: no accidentals,"no MM loss, no dead time",False,1000000000.0,0.048044386194538435,1.0,1.153135926803617,0.0,1622.6129850762727,218.56523973924845,320.586444270414,0.0,0.0,0.0,10931.287257032996
tubeBe,"nTOF 5 ns, no veto, strict",13.0,oracle: no accidentals,"no MM loss, no dead time",False,1242553630.827767,0.04016912721814097,1.0,1.4579525708714747,0.0,2016.183656034804,271.5790322107445,398.34585032236646,0.0,0.0,0.0,10931.287257032996
tubeBe,"nTOF 5 ns, no veto, strict",13.0,oracle: no accidentals,"no MM loss, no dead time",False,1543939525.4832668,0.03372942721660896,1.0,1.8503669995868215,0.0,2505.216322221649,337.4515125301517,494.9660826432308,0.0,0.0,0.0,10931.287257032998
tubeBe,"nTOF 5 ns, no veto, strict",13.0,oracle: no accidentals,"no MM loss, no dead time",False,1918427663.1677406,0.028447788049011935,1.0,2.359058437466118,0.0,3112.865637185506,419.30160212266327,615.0219031249453,0.0,0.0,0.0,10931.287257032996
tubeBe,"nTOF 5 ns, no veto, strict",13.0,oracle: no accidentals,"no MM loss, no dead time",False,2383749258.3495045,0.024101428248353107,1.0,3.0237049523170882,0.0,3867.9024997638417,521.0047281294152,764.1976987665042,0.0,0.0,0.0,10931.287257032996
tubeBe,"nTOF 5 ns, no veto, strict",13.0,oracle: no accidentals,"no MM loss, no dead time",False,2961936295.9451733,0.02051148547894021,1.0,3.8998501908710983,0.0,4806.076294769357,647.3763166156384,949.5566252725439,0.0,0.0,0.0,10931.287257032996
tubeBe,"nTOF 5 ns, no veto, strict",13.0,oracle: no accidentals,"no MM loss, no dead time",False,3680364698.807223,0.017534353879259935,1.0,5.066146641718222,0.0,5971.807550100926,804.3997927226675,1179.8750324089606,0.0,0.0,0.0,10931.287257032996
tubeBe,"nTOF 5 ns, no veto, strict",13.0,oracle: no accidentals,"no MM loss, no dead time",False,4573050519.273255,0.01505472233816419,1.0,6.635202457638874,0.0,7420.291153982576,999.5098830846537,1466.0580054427835,0.0,0.0,0.0,10931.287257032996
tubeBe,"nTOF 5 ns, no veto, strict",13.0,oracle: no accidentals,"no MM loss, no dead time",False,5682260526.681813,0.012979971699175528,1.0,8.76991037581238,0.0,9220.109715180251,1241.9446342750787,1821.6556976670524,0.0,0.0,0.0,10931.287257032996
tubeBe,"nTOF 5 ns, no veto, strict",13.0,oracle: no accidentals,"no MM loss, no dead time",False,7060513448.737786,0.011235665595076307,1.0,11.708139298209307,0.0,11456.48080322759,1543.182814605562,2263.504901254285,0.0,0.0,0.0,10931.287257032996
tubeBe,"nTOF 5 ns, no veto, strict",13.0,oracle: no accidentals,"no MM loss, no dead time",False,8773066621.237415,0.009761927262542542,1.0,15.80021135913631,0.0,14235.291818559055,1917.4874093191538,2812.526233449958,0.0,0.0,0.0,10931.287257032996
tubeBe,"nTOF 5 ns, no veto, strict",13.0,oracle: no accidentals,"no MM loss, no dead time",False,10901005783.71244,0.008510535282406868,1.0,21.5659625065952,0.0,17688.113535043358,2382.5809425160433,3494.714683171589,0.0,0.0,0.0,10931.287257032996
tubeBe,"nTOF 5 ns, no veto, strict",13.0,oracle: no accidentals,"no MM loss, no dead time",False,13545084316.226381,0.007442600478893268,1.0,29.781844378623745,0.0,21978.4296954619,2960.484600864352,4342.370418281968,0.0,0.0,0.0,10931.287257032996
tubeBe,"nTOF 5 ns, no veto, strict",13.0,oracle: no accidentals,"no MM loss, no dead time",False,16830493696.995401,0.006526709653975803,1.0,41.614166487865184,0.0,27309.377617989103,3678.5608898137093,5395.62812963537,0.0,0.0,0.0,10931.287257032996
tubeBe,"nTOF 5 ns, no veto, strict",13.0,oracle: no accidentals,"no MM loss, no dead time",False,20912791051.82548,0.005737442305277948,1.0,58.823276007915695,0.0,33933.36631487891,4570.809189859046,6704.3573230748625,0.0,0.0,0.0,10931.287257032996
tubeBe,"nTOF 5 ns, no veto, strict",13.0,oracle: no accidentals,"no MM loss, no dead time",False,25985264452.18819,0.00505418453744368,1.0,84.07688785786398,0.0,42164.02752076145,5679.475554680283,8330.523534153399,0.0,0.0,0.0,10931.287257032996
tubeBe,"nTOF 5 ns, no veto, strict",13.0,oracle: no accidentals,"no MM loss, no dead time",False,32288084693.086143,0.004460179705199058,1.0,121.43147268813195,0.0,52391.06548624403,7057.052971665531,10351.12226405847,0.0,0.0,0.0,10931.287257032996
tubeBe,"nTOF 5 ns, no veto, strict",13.0,oracle: no accidentals,"no MM loss, no dead time",False,40119676867.86863,0.00394176776653719,1.0,177.07254010667228,0.0,65098.70864286781,8768.766792886887,12861.824552347984,0.0,0.0,0.0,10931.287257032996
tubeBe,"nTOF 5 ns, no veto, strict",13.0,oracle: no accidentals,"no MM loss, no dead time",False,49850850159.80715,0.0034877751389818714,1.0,260.45392479374607,0.0,80888.63678639467,10895.6630163836,15981.506796589774,0.0,0.0,0.0,10931.287257032996
tubeBe,"nTOF 5 ns, no veto, strict",13.0,oracle: no accidentals,"no MM loss, no dead time",False,61942354865.91934,0.0030890245474153944,1.0,386.05221964410157,0.0,100508.4693316432,13538.445641283262,19857.879296201263,0.0,0.0,0.0,10931.287257032998
tubeBe,"nTOF 5 ns, no veto, strict",13.0,oracle: no accidentals,"no MM loss, no dead time",False,76966697940.67009,0.0027379404798196887,1.0,576.0698537120426,0.0,124887.16349697452,16822.24478734087,24674.480020034418,0.0,0.0,0.0,10931.287257032993
tubeBe,"nTOF 5 ns, no veto, strict",13.0,oracle: no accidentals,"no MM loss, no dead time",False,95635249979.00362,0.002428230906071999,1.0,864.6014473331543,0.0,155178.99844694664,20902.541339183877,30659.364737680946,0.0,0.0,0.0,10931.287257032993
tubeBe,"nTOF 5 ns, no veto, strict",13.0,oracle: no accidentals,"no MM loss, no dead time",False,118831927096.53207,0.0021546301937706786,1.0,1304.057672652278,0.0,192818.22794846992,25972.528634530423,38095.90497367828,0.0,0.0,0.0,10931.287257032996
tubeBe,"nTOF 5 ns, no veto, strict",13.0,oracle: no accidentals,"no MM loss, no dead time",False,147655042472.05704,0.0019126918007039261,1.0,1975.0724461017,0.0,239586.98922714833,32272.259756614054,47336.20504471372,0.0,0.0,0.0,10931.287257032996
tubeBe,"nTOF 5 ns, no veto, strict",13.0,oracle: no accidentals,"no MM loss, no dead time",False,183469309133.68265,0.0016986222709421484,1.0,3001.785540698599,0.0,297699.6833632863,40100.01353559762,58817.77344791672,0.0,0.0,0.0,10931.287257032996
tubeBe,"nTOF 5 ns, no veto, strict",13.0,oracle: no accidentals,"no MM loss, no dead time",False,227970456209.51935,0.0015091501601659746,1.0,4575.4212485082,0.0,369907.822459328,49826.41741489942,73084.23795491392,0.0,0.0,0.0,10931.287257032996
tubeBe,"nTOF 5 ns, no veto, strict",13.0,oracle: no accidentals,"no MM loss, no dead time",False,283265518084.60077,0.0013414246977539032,1.0,6990.671576035082,0.0,459630.30786843103,61911.99587002318,90811.08522715881,0.0,0.0,0.0,10931.287257032996
tubeBe,"nTOF 5 ns, no veto, strict",13.0,oracle: no accidentals,"no MM loss, no dead time",False,351972597984.32916,0.0011929394028432076,1.0,10701.843810856244,0.0,571115.3078804035,76928.97526009103,112837.64366841599,0.0,0.0,0.0,10931.287257032996
tubeBe,"nTOF 5 ns, no veto, strict",13.0,oracle: no accidentals,"no MM loss, no dead time",False,437344829577.31195,0.001061475863424605,1.0,16409.51680327458,0.0,709641.3994281159,95588.37752528593,140206.8238342406,0.0,0.0,0.0,10931.287257032996
tubeBe,"nTOF 5 ns, no veto, strict",13.0,oracle: no accidentals,"no MM loss, no dead time",False,543424405915.04004,0.0009450628833129148,1.0,25194.29305704836,0.0,881767.4974451034,118773.68555897937,174214.49802206483,0.0,0.0,0.0,10931.287257032996
tubeBe,"nTOF 5 ns, no veto, strict",13.0,oracle: no accidentals,"no MM loss, no dead time",False,675233968650.1552,0.0008419465040580959,1.0,38723.25420694214,0.0,1095643.4054963267,147582.6742381053,216470.85706015342,0.0,0.0,0.0,10931.287257032996
tubeBe,"nTOF 5 ns, no veto, strict",13.0,oracle: no accidentals,"no MM loss, no dead time",False,839014419404.4929,0.000750567092850294,1.0,59568.65408314039,0.0,1361395.6915919604,183379.38772182935,268976.64940849226,0.0,0.0,0.0,10931.287257032996
tubeBe,"nTOF 5 ns, no veto, strict",13.0,oracle: no accidentals,"no MM loss, no dead time",False,1042520413147.9036,0.0006695406260495942,1.0,91699.88485485595,0.0,1691607.1595808691,227858.7240327318,334217.91233040934,0.0,0.0,0.0,10931.287257032996
tubeBe,"nTOF 5 ns, no veto, strict",13.0,oracle: no accidentals,"no MM loss, no dead time",False,1295387524568.9966,0.0005976422760676078,1.0,141242.94773180102,0.0,2101912.6180714634,283126.68486265425,415283.6804538282,0.0,0.0,0.0,10931.287257032996
tubeBe,"nTOF 5 ns, no veto, strict",13.0,oracle: no accidentals,"no MM loss, no dead time",False,1609588471982.2002,0.0005337912424255757,1.0,217652.91141700774,0.0,2611739.155267395,351800.0902603201,516012.24497142236,0.0,0.0,0.0,10931.287257032996
tubeBe,"nTOF 5 ns, no veto, strict",13.0,oracle: no accidentals,"no MM loss, no dead time",True,2000000000000.0002,0.0004770363638795378,1.0,335523.9699586223,0.0,3245225.970152546,437130.4794784969,641172.888540828,0.0,0.0,0.0,10931.287257032996
tubeBe,"nTOF 5 ns, no veto, strict",13.0,oracle: IPC only,MM occ + DREAM,False,1000000000.0,0.021097311390420807,0.9996564835379222,1.153135926803617,0.008458494367821364,1594.8460949220207,214.82505211644795,315.1004234725585,0.0,0.0,0.0,0.0
tubeBe,"nTOF 5 ns, no veto, strict",13.0,oracle: IPC only,MM occ + DREAM,False,1242553630.827767,0.01896619772790232,0.9995657188159682,1.4579525708714747,0.010510132888072652,1973.3878844563549,265.8144610154571,389.8905104684833,0.0,0.0,0.0,0.0
tubeBe,"nTOF 5 ns, no veto, strict",13.0,oracle: IPC only,MM occ + DREAM,False,1543939525.4832668,0.01705906474040008,0.999448894518847,1.8503669995868215,0.013059403780557002,2439.2851425816198,328.57061226813573,481.9397833089154,0.0,0.0,0.0,0.0
tubeBe,"nTOF 5 ns, no veto, strict",13.0,oracle: IPC only,MM occ + DREAM,False,1918427663.1677406,0.01535345839476365,0.9992974944466279,2.359058437466118,0.016227009583977034,3011.3454043702427,405.62687239491527,594.9641254792056,0.0,0.0,0.0,0.0
tubeBe,"nTOF 5 ns, no veto, strict",13.0,oracle: IPC only,MM occ + DREAM,False,2383749258.3495045,0.013829324528583235,0.999099747109748,3.0237049523170882,0.020162929676047638,3711.684633524415,499.9622517655462,733.3330805674487,0.0,0.0,0.0,0.0
tubeBe,"nTOF 5 ns, no veto, strict",13.0,oracle: IPC only,MM occ + DREAM,False,2961936295.9451733,0.012468780815608201,0.998839193680403,3.8998501908710983,0.025053521477097922,4565.885579525501,615.0227352359434,902.101139549819,0.0,0.0,0.0,0.0
tubeBe,"nTOF 5 ns, no veto, strict",13.0,oracle: IPC only,MM occ + DREAM,False,3680364698.807223,0.011255917986578039,0.9984925640943906,5.066146641718222,0.031130344076389465,5602.877989410518,754.7051467283213,1106.98407372948,0.0,0.0,0.0,0.0
tubeBe,"nTOF 5 ns, no veto, strict",13.0,oracle: IPC only,MM occ + DREAM,False,4573050519.273255,0.01017662957342809,0.9980266116293708,6.635202457638874,0.0386811220610354,6854.330986618624,923.275302934937,1354.2388844800792,0.0,0.0,0.0,0.0
tubeBe,"nTOF 5 ns, no veto, strict",13.0,oracle: IPC only,MM occ + DREAM,False,5682260526.681813,0.009218470569402564,0.9973933789382703,8.76991037581238,0.04806336866143177,8353.245747886975,1125.1784475285415,1650.3857525250608,0.0,0.0,0.0,0.0
tubeBe,"nTOF 5 ns, no veto, strict",13.0,oracle: IPC only,MM occ + DREAM,False,7060513448.737786,0.008370546960341497,0.9965231054628723,11.708139298209307,0.05972131324007556,10131.303624128936,1364.682044236672,2001.6840950713697,0.0,0.0,0.0,0.0
tubeBe,"nTOF 5 ns, no veto, strict",13.0,oracle: IPC only,MM occ + DREAM,False,8773066621.237415,0.007623440374498895,0.9953136027429951,15.80021135913631,0.07420693460425828,12214.367692603739,1645.2698379409164,2413.243788628493,0.0,0.0,0.0,0.0
tubeBe,"nTOF 5 ns, no veto, strict",13.0,oracle: IPC only,MM occ + DREAM,False,10901005783.71244,0.0069691756152599005,0.9936143813527087,21.5659625065952,0.0922060960251198,14615.382592978545,1968.6854657859387,2887.622359878039,0.0,0.0,0.0,0.0
tubeBe,"nTOF 5 ns, no veto, strict",13.0,oracle: IPC only,MM occ + DREAM,False,13545084316.226381,0.006401244447491258,0.9912030829229593,29.781844378623745,0.11457101940046635,17323.840679957946,2333.51355267354,3422.743769324517,0.0,0.0,0.0,0.0
tubeBe,"nTOF 5 ns, no veto, strict",13.0,oracle: IPC only,MM occ + DREAM,False,16830493696.995401,0.005914708250125673,0.9877508799886222,41.614166487865184,0.14236063614368857,20291.135476076568,2733.2068279373316,4009.0046316120565,0.0,0.0,0.0,0.0
tubeBe,"nTOF 5 ns, no veto, strict",13.0,oracle: IPC only,MM occ + DREAM,False,20912791051.82548,0.005506417863483624,0.9827726477990746,58.823276007915695,0.17689072532729086,23411.792938184124,3153.5579853746362,4625.565998225283,0.0,0.0,0.0,0.0
tubeBe,"nTOF 5 ns, no veto, strict",13.0,oracle: IPC only,MM occ + DREAM,False,25985264452.18819,0.005175416507535843,0.9755574923117615,84.07688785786398,0.2197962130151825,26502.22836399304,3569.83824810706,5236.1562705327815,0.0,0.0,0.0,0.0
tubeBe,"nTOF 5 ns, no veto, strict",13.0,oracle: IPC only,MM occ + DREAM,False,32288084693.086143,0.0049236414479558,0.9650771592690978,121.43147268813195,0.27310858252420833,29281.961638672157,3944.2670707402326,5785.359817370934,0.0,0.0,0.0,0.0
tubeBe,"nTOF 5 ns, no veto, strict",13.0,oracle: IPC only,MM occ + DREAM,False,40119676867.86863,0.004757133093149453,0.9498772415658329,177.07254010667228,0.33935206082567987,31367.68016471376,4225.21241868557,6197.443963228534,0.0,0.0,0.0,0.0
tubeBe,"nTOF 5 ns, no veto, strict",13.0,oracle: IPC only,MM occ + DREAM,True,49850850159.80715,0.00468814014389708,0.9279749723496661,260.45392479374607,0.4216631353078355,32297.71767701775,4350.488053549085,6381.195370279935,0.0,0.0,0.0,0.0
tubeBe,"nTOF 5 ns, no veto, strict",13.0,oracle: IPC only,MM occ + DREAM,False,61942354865.91934,0.004738871503645773,0.8968259488410183,386.05221964410157,0.5239390597629711,31609.901295847438,4257.839496172968,6245.3006067236265,0.0,0.0,0.0,0.0
tubeBe,"nTOF 5 ns, no veto, strict",13.0,oracle: IPC only,MM occ + DREAM,False,76966697940.67009,0.0049484075992923034,0.8534834980649726,576.0698537120426,0.6510223810409661,28989.590119879747,3904.8847585773674,5727.594751715926,0.0,0.0,0.0,0.0
tubeBe,"nTOF 5 ns, no veto, strict",13.0,oracle: IPC only,MM occ + DREAM,False,95635249979.00362,0.005385971770293725,0.7951330027818038,864.6014473331543,0.8089302233125903,24470.613617501826,3296.180654947979,4834.761635031118,0.0,0.0,0.0,0.0
tubeBe,"nTOF 5 ns, no veto, strict",13.0,oracle: IPC only,MM occ + DREAM,False,118831927096.53207,0.006177729355922853,0.7201450269504857,1304.057672652278,1.0051391860633756,18600.098714690106,2505.424936284997,3674.8994152422024,0.0,0.0,0.0,0.0
tubeBe,"nTOF 5 ns, no veto, strict",13.0,oracle: IPC only,MM occ + DREAM,False,147655042472.05704,0.007564247824380307,0.6294963393298078,1975.0724461017,1.2489393451303188,12406.277961787544,1671.1200649379664,2451.1603043857754,0.0,0.0,0.0,0.0
tubeBe,"nTOF 5 ns, no veto, strict",13.0,oracle: IPC only,MM occ + DREAM,False,183469309133.68265,0.010032719389306608,0.5278348171999061,3001.785540698599,1.5518741179753315,7052.379502943019,949.9523490627354,1393.3681594368456,0.0,0.0,0.0,0.0
tubeBe,"nTOF 5 ns, no veto, strict",13.0,oracle: IPC only,MM occ + DREAM,False,227970456209.51935,0.014647369104175582,0.42310571293722266,4575.4212485082,1.9282868198778864,3308.6722883667017,445.6766700233714,653.7082433946347,0.0,0.0,0.0,0.0
tubeBe,"nTOF 5 ns, no veto, strict",13.0,oracle: IPC only,MM occ + DREAM,False,283265518084.60077,0.023958185714317418,0.32433623223353036,6990.671576035082,2.3959997893165963,1236.7022507188644,166.5832372848482,244.34044397872367,0.0,0.0,0.0,0.0
tubeBe,"nTOF 5 ns, no veto, strict",13.0,oracle: IPC only,MM occ + DREAM,False,351972597984.32916,0.044797205598248,0.23871194155052644,10701.843810856244,2.9771582376779016,353.72939987569634,47.64719116494552,69.88779923681332,0.0,0.0,0.0,0.0
tubeBe,"nTOF 5 ns, no veto, strict",13.0,oracle: IPC only,MM occ + DREAM,False,437344829577.31195,0.09810753543522563,0.1697782490205061,16409.51680327458,3.699278777775487,73.75106115772093,9.934234787479857,14.571306081722376,0.0,0.0,0.0,0.0
tubeBe,"nTOF 5 ns, no veto, strict",13.0,oracle: IPC only,MM occ + DREAM,False,543424405915.04004,0.2594644846638854,0.11753782703519766,25194.29305704836,4.596552276769037,10.544285699966625,1.420310544220132,2.083278693695882,0.0,0.0,0.0,0.0
tubeBe,"nTOF 5 ns, no veto, strict",13.0,oracle: IPC only,MM occ + DREAM,False,675233968650.1552,0.8616864355907419,0.07974780710635697,38723.25420694214,5.7114627207890045,0.956036542038355,0.12877769248239615,0.1888881442608765,0.0,0.0,0.0,0.0
tubeBe,"nTOF 5 ns, no veto, strict",13.0,oracle: IPC only,MM occ + DREAM,False,839014419404.4929,3.777568780145078,0.05332918384848223,59568.65408314039,7.096798741053815,0.0497448635919685,0.00670061076595152,0.009828301071383529,0.0,0.0,0.0,0.0
tubeBe,"nTOF 5 ns, no veto, strict",13.0,oracle: IPC only,MM occ + DREAM,False,1042520413147.9036,23.292114395768692,0.03530254994758727,91699.88485485595,8.818153042950343,0.001308444109819973,0.00017624683345842138,0.00025851478359396613,0.0,0.0,0.0,0.0
tubeBe,"nTOF 5 ns, no veto, strict",13.0,oracle: IPC only,MM occ + DREAM,False,1295387524568.9966,218.79946833174301,0.0232070260794166,141242.94773180102,10.957028080712917,1.4827928411264837e-05,1.9973152919715917e-06,2.9296159275097835e-06,0.0,0.0,0.0,0.0
tubeBe,"nTOF 5 ns, no veto, strict",13.0,oracle: IPC only,MM occ + DREAM,False,1609588471982.2002,3461.1566790318257,0.015183592191901471,217652.91141700774,13.614695024771637,5.925574827338461e-08,7.98172265747773e-09,1.1707406397129338e-08,0.0,0.0,0.0,0.0
tubeBe,"nTOF 5 ns, no veto, strict",13.0,oracle: IPC only,MM occ + DREAM,False,2000000000000.0002,104483.99803727836,0.009902348676966112,335523.9699586223,16.91698873564273,6.502396386959429e-11,8.758698705524071e-12,1.2847056914401076e-11,0.0,0.0,0.0,0.0
tubeBe,"nTOF 5 ns, no veto, strict",13.0,oracle: IPC only,"MM occ ÷10, DAQ 10 µs",False,1000000000.0,0.02093383905274484,0.9999884687737026,1.153135926803617,0.0008458494367821365,1619.8516539505713,218.1932896778109,320.04087651323226,0.0,0.0,0.0,0.0
tubeBe,"nTOF 5 ns, no veto, strict",13.0,oracle: IPC only,"MM occ ÷10, DAQ 10 µs",False,1242553630.827767,0.018783696950853968,0.9999854206868508,1.4579525708714747,0.0010510132888072652,2011.920702705102,271.00481431339426,397.5036007763384,0.0,0.0,0.0,0.0
tubeBe,"nTOF 5 ns, no veto, strict",13.0,oracle: IPC only,"MM occ ÷10, DAQ 10 µs",False,1543939525.4832668,0.01685524490057893,0.9999814966723837,1.8503669995868215,0.0013059403780557003,2498.6352997559184,336.5650517621306,493.6658424680587,0.0,0.0,0.0,0.0
tubeBe,"nTOF 5 ns, no veto, strict",13.0,oracle: IPC only,"MM occ ÷10, DAQ 10 µs",False,1918427663.1677406,0.015125723864192909,0.9999764099721279,2.359058437466118,0.0016227009583977036,3102.706318041334,417.9331464004695,613.0146838862275,0.0,0.0,0.0,0.0
tubeBe,"nTOF 5 ns, no veto, strict",13.0,oracle: IPC only,"MM occ ÷10, DAQ 10 µs",False,2383749258.3495045,0.01357472293766206,0.9999697638647285,3.0237049523170882,0.002016292967604764,3852.2197779831718,518.8922725548068,761.0991977324385,0.0,0.0,0.0,0.0
tubeBe,"nTOF 5 ns, no veto, strict",13.0,oracle: IPC only,"MM occ ÷10, DAQ 10 µs",False,2961936295.9451733,0.01218393858273394,0.9999610030189151,3.8998501908710983,0.0025053521477097925,4781.868214750743,644.1154991184541,944.7737335003469,0.0,0.0,0.0,0.0
tubeBe,"nTOF 5 ns, no veto, strict",13.0,oracle: IPC only,"MM occ ÷10, DAQ 10 µs",False,3680364698.807223,0.01093695877900806,0.9999493411000371,5.066146641718222,0.0031130344076389467,5934.441523366566,799.3666057172554,1172.4924699880646,0.0,0.0,0.0,0.0
tubeBe,"nTOF 5 ns, no veto, strict",13.0,oracle: IPC only,"MM occ ÷10, DAQ 10 µs",False,4573050519.273255,0.009819069567646424,0.9999336523777226,6.635202457638874,0.00386811220610354,7362.619069354989,991.7414792084213,1454.6634901058114,0.0,0.0,0.0,0.0
tubeBe,"nTOF 5 ns, no veto, strict",13.0,oracle: IPC only,"MM occ ÷10, DAQ 10 µs",False,5682260526.681813,0.00881708173033021,0.9999123085867002,8.76991037581238,0.004806336866143178,9131.10364261517,1229.9555563080223,1804.0703950813138,0.0,0.0,0.0,0.0
tubeBe,"nTOF 5 ns, no veto, strict",13.0,oracle: IPC only,"MM occ ÷10, DAQ 10 µs",False,7060513448.737786,0.007919175595570035,0.9998829323134658,11.708139298209307,0.005972131324007556,11319.130305703811,1524.6817643269712,2236.3679881241023,0.0,0.0,0.0,0.0
tubeBe,"nTOF 5 ns, no veto, strict",13.0,oracle: IPC only,"MM occ ÷10, DAQ 10 µs",False,8773066621.237415,0.007114762193854603,0.9998420228471326,15.80021135913631,0.0074206934604258284,14023.364677012287,1888.9409186122243,2770.6549003731575,0.0,0.0,0.0,0.0
tubeBe,"nTOF 5 ns, no veto, strict",13.0,oracle: IPC only,"MM occ ÷10, DAQ 10 µs",False,10901005783.71244,0.006394359198134116,0.99978438687398,21.5659625065952,0.00922060960251198,17361.168323640955,2338.54156949919,3430.1187482451796,0.0,0.0,0.0,0.0
tubeBe,"nTOF 5 ns, no veto, strict",13.0,oracle: IPC only,"MM occ ÷10, DAQ 10 µs",False,13545084316.226381,0.005749480292359123,0.9997022702256317,29.781844378623745,0.011457101940046635,21474.142265720497,2892.5573107510313,4242.736238426405,0.0,0.0,0.0,0.0
tubeBe,"nTOF 5 ns, no veto, strict",13.0,oracle: IPC only,"MM occ ÷10, DAQ 10 µs",False,16830493696.995401,0.0051725368152530544,0.9995840314369717,41.614166487865184,0.014236063614368858,26531.745604547134,3573.81420714195,5241.988115391009,0.0,0.0,0.0,0.0
tubeBe,"nTOF 5 ns, no veto, strict",13.0,oracle: IPC only,"MM occ ÷10, DAQ 10 µs",False,20912791051.82548,0.00465675073858161,0.9994121130542815,58.823276007915695,0.017689072532729087,32734.598691706888,4409.33572985347,6467.511782361314,0.0,0.0,0.0,0.0
tubeBe,"nTOF 5 ns, no veto, strict",13.0,oracle: IPC only,"MM occ ÷10, DAQ 10 µs",False,25985264452.18819,0.0041960782721811,0.9991599374198948,84.07688785786398,0.021979621301518253,40316.78045976875,5430.652205886169,7965.555194555906,0.0,0.0,0.0,0.0
tubeBe,"nTOF 5 ns, no veto, strict",13.0,oracle: IPC only,"MM occ ÷10, DAQ 10 µs",False,32288084693.086143,0.003785143661555717,0.9987871580449661,121.43147268813195,0.027310858252420835,49545.96260640885,6673.818892600908,9789.003370509123,0.0,0.0,0.0,0.0
tubeBe,"nTOF 5 ns, no veto, strict",13.0,oracle: IPC only,"MM occ ÷10, DAQ 10 µs",False,40119676867.86863,0.003419183087990714,0.9982324045251393,177.07254010667228,0.03393520608256799,60719.514711614866,8178.891338756972,11996.608863762229,0.0,0.0,0.0,0.0
tubeBe,"nTOF 5 ns, no veto, strict",13.0,oracle: IPC only,"MM occ ÷10, DAQ 10 µs",False,49850850159.80715,0.0030939990431110755,0.9974022267544378,260.45392479374607,0.04216631353078355,74153.670904771,9988.466139437898,14650.85137590066,0.0,0.0,0.0,0.0
tubeBe,"nTOF 5 ns, no veto, strict",13.0,oracle: IPC only,"MM occ ÷10, DAQ 10 µs",False,61942354865.91934,0.0028059262056626803,0.9961543241206516,386.05221964410157,0.05239390597629711,90161.37267094426,12144.69637201772,17813.560066979873,0.0,0.0,0.0,0.0
tubeBe,"nTOF 5 ns, no veto, strict",13.0,oracle: IPC only,"MM occ ÷10, DAQ 10 µs",False,76966697940.67009,0.002551810822640412,0.9942722970329828,576.0698537120426,0.06510223810409661,109012.43870028132,14683.926492778017,21538.044145829936,0.0,0.0,0.0,0.0
tubeBe,"nTOF 5 ns, no veto, strict",13.0,oracle: IPC only,"MM occ ÷10, DAQ 10 µs",False,95635249979.00362,0.0023290070974975314,0.9914280983127206,864.6014473331543,0.08089302233125904,130867.37200428244,17627.776185223167,25856.014864748737,0.0,0.0,0.0,0.0
tubeBe,"nTOF 5 ns, no veto, strict",13.0,oracle: IPC only,"MM occ ÷10, DAQ 10 µs",False,118831927096.53207,0.002135396466693531,0.9871272908251502,1304.057672652278,0.10051391860633757,155673.95738179906,20969.212085228733,30757.155847726048,0.0,0.0,0.0,0.0
tubeBe,"nTOF 5 ns, no veto, strict",13.0,oracle: IPC only,"MM occ ÷10, DAQ 10 µs",False,147655042472.05704,0.0019694395064459424,0.9806318112973578,1975.0724461017,0.12489393451303188,183015.43325981652,24652.096596240375,36159.12576504857,0.0,0.0,0.0,0.0
tubeBe,"nTOF 5 ns, no veto, strict",13.0,oracle: IPC only,"MM occ ÷10, DAQ 10 µs",False,183469309133.68265,0.0018302766093912194,0.9708569562659424,3001.785540698599,0.15518741179753315,211904.19102166404,28543.399281514077,41866.79864542101,0.0,0.0,0.0,0.0
tubeBe,"nTOF 5 ns, no veto, strict",13.0,oracle: IPC only,"MM occ ÷10, DAQ 10 µs",False,227970456209.51935,0.0017179043872435113,0.9562476421908416,4575.4212485082,0.19282868198778866,240533.19924306517,32399.713820444817,47523.151721047376,0.0,0.0,0.0,0.0
tubeBe,"nTOF 5 ns, no veto, strict",13.0,oracle: IPC only,"MM occ ÷10, DAQ 10 µs",False,283265518084.60077,0.0016334734465775083,0.9346609244239857,6990.671576035082,0.23959997893165963,266041.1688208602,35835.62585696175,52562.868118435144,0.0,0.0,0.0,0.0
tubeBe,"nTOF 5 ns, no veto, strict",13.0,oracle: IPC only,"MM occ ÷10, DAQ 10 µs",False,351972597984.32916,0.0015797863929430237,0.9033273210052285,10701.843810856244,0.29771582376779016,284430.5674010808,38312.66957984159,56196.138625528496,0.0,0.0,0.0,0.0
tubeBe,"nTOF 5 ns, no veto, strict",13.0,oracle: IPC only,"MM occ ÷10, DAQ 10 µs",True,437344829577.31195,0.0015621362486859373,0.8590362948503109,16409.51680327458,0.36992787777754876,290894.28233356384,39183.32907586301,57473.20185997863,0.0,0.0,0.0,0.0
tubeBe,"nTOF 5 ns, no veto, strict",13.0,oracle: IPC only,"MM occ ÷10, DAQ 10 µs",False,543424405915.04004,0.0015897449515335877,0.7987584542246836,25194.29305704836,0.4596552276769037,280878.2407629472,37834.17277842515,55494.29057162992,0.0,0.0,0.0,0.0
tubeBe,"nTOF 5 ns, no veto, strict",13.0,oracle: IPC only,"MM occ ÷10, DAQ 10 µs",False,675233968650.1552,0.0016783100547639917,0.7208596754140713,38723.25420694214,0.5711462720789005,252016.28914221836,33946.480868310995,49791.913892843986,0.0,0.0,0.0,0.0
tubeBe,"nTOF 5 ns, no veto, strict",13.0,oracle: IPC only,"MM occ ÷10, DAQ 10 µs",False,839014419404.4929,0.0018547191706499602,0.6266894997302966,59568.65408314039,0.7096798741053816,206355.80164482028,27796.033726406327,40770.58011511851,0.0,0.0,0.0,0.0
tubeBe,"nTOF 5 ns, no veto, strict",13.0,oracle: IPC only,"MM occ ÷10, DAQ 10 µs",False,1042520413147.9036,0.002166283002496184,0.5216487223021246,91699.88485485595,0.8818153042950343,151266.45222249575,20375.523121406088,29886.346591224185,0.0,0.0,0.0,0.0
tubeBe,"nTOF 5 ns, no veto, strict",13.0,oracle: IPC only,"MM occ ÷10, DAQ 10 µs",False,1295387524568.9966,0.0027000025266471707,0.4145198893489471,141242.94773180102,1.0957028080712916,97374.37074379795,13116.28397025076,19238.662310073785,0.0,0.0,0.0,0.0
tubeBe,"nTOF 5 ns, no veto, strict",13.0,oracle: IPC only,"MM occ ÷10, DAQ 10 µs",False,1609588471982.2002,0.0036255735088950424,0.3148090145118242,217652.91141700774,1.3614695024771637,54003.21000308866,7274.208113439463,10669.64040920999,0.0,0.0,0.0,0.0
tubeBe,"nTOF 5 ns, no veto, strict",13.0,oracle: IPC only,"MM occ ÷10, DAQ 10 µs",False,2000000000000.0002,0.005298653842068864,0.22960848747199994,335523.9699586223,1.691698873564273,25283.77453111828,3405.7130645033058,4995.421242906575,0.0,0.0,0.0,0.0
tubeBe,"nTOF 5 ns, no veto, strict",13.0,oracle: IPC only,"no MM loss, DREAM",False,1000000000.0,0.020919612492881833,0.9996564835379222,1.153135926803617,0.0,1622.055590804318,218.49015898136,320.4763175492882,0.0,0.0,0.0,0.0
tubeBe,"nTOF 5 ns, no veto, strict",13.0,oracle: IPC only,"no MM loss, DREAM",False,1242553630.827767,0.01876790433966629,0.9995657188159682,1.4579525708714747,0.0,2015.3080654094363,271.46109054707784,398.17285621483444,0.0,0.0,0.0,0.0
tubeBe,"nTOF 5 ns, no veto, strict",13.0,oracle: IPC only,"no MM loss, DREAM",False,1543939525.4832668,0.016837731908892338,0.999448894518847,1.8503669995868215,0.0,2503.8356837749984,337.26554115197297,494.6933041221014,0.0,0.0,0.0,0.0
tubeBe,"nTOF 5 ns, no veto, strict",13.0,oracle: IPC only,"no MM loss, DREAM",False,1918427663.1677406,0.015106328193071224,0.9992974944466279,2.359058437466118,0.0,3110.678831788482,419.0070404186343,614.5898468225547,0.0,0.0,0.0,0.0
tubeBe,"nTOF 5 ns, no veto, strict",13.0,oracle: IPC only,"no MM loss, DREAM",False,2383749258.3495045,0.013553277144688337,0.999099747109748,3.0237049523170882,0.0,3864.4204093592166,520.5356921170817,763.5097275794658,0.0,0.0,0.0,0.0
tubeBe,"nTOF 5 ns, no veto, strict",13.0,oracle: IPC only,"no MM loss, DREAM",False,2961936295.9451733,0.01216027466709214,0.998839193680403,3.8998501908710983,0.0,4800.497371033924,646.6248380961533,948.4543739411122,0.0,0.0,0.0,0.0
tubeBe,"nTOF 5 ns, no veto, strict",13.0,oracle: IPC only,"no MM loss, DREAM",False,3680364698.807223,0.010910915274670498,0.9984925640943906,5.066146641718222,0.0,5962.8054329785155,803.1872115926524,1178.0964464209758,0.0,0.0,0.0,0.0
tubeBe,"nTOF 5 ns, no veto, strict",13.0,oracle: IPC only,"no MM loss, DREAM",False,4573050519.273255,0.009790502186411384,0.9980266116293708,6.635202457638874,0.0,7405.6480377126245,997.5374619050452,1463.1649036241747,0.0,0.0,0.0,0.0
tubeBe,"nTOF 5 ns, no veto, strict",13.0,oracle: IPC only,"no MM loss, DREAM",False,5682260526.681813,0.008785878997844991,0.9973933789382703,8.76991037581238,0.0,9196.076383005207,1238.707355233875,1816.907331558294,0.0,0.0,0.0,0.0
tubeBe,"nTOF 5 ns, no veto, strict",13.0,oracle: IPC only,"no MM loss, DREAM",False,7060513448.737786,0.007885281471313479,0.9965231054628723,11.708139298209307,0.0,11416.647827708139,1537.8173307076704,2255.6349334283523,0.0,0.0,0.0,0.0
tubeBe,"nTOF 5 ns, no veto, strict",13.0,oracle: IPC only,"no MM loss, DREAM",False,8773066621.237415,0.007078208407666518,0.9953136027429951,15.80021135913631,0.0,14168.579586027896,1908.501301583779,2799.3456182242635,0.0,0.0,0.0,0.0
tubeBe,"nTOF 5 ns, no veto, strict",13.0,oracle: IPC only,"no MM loss, DREAM",False,10901005783.71244,0.006355311027439466,0.9936143813527087,21.5659625065952,0.0,17575.163987418586,2367.3666892208325,3472.3987679237666,0.0,0.0,0.0,0.0
tubeBe,"nTOF 5 ns, no veto, strict",13.0,oracle: IPC only,"no MM loss, DREAM",False,13545084316.226381,0.005708300804508646,0.9912030829229593,29.781844378623745,0.0,21785.08727194735,2934.4414633226934,4304.170945794547,0.0,0.0,0.0,0.0
tubeBe,"nTOF 5 ns, no veto, strict",13.0,oracle: IPC only,"no MM loss, DREAM",False,16830493696.995401,0.005129876251300849,0.9877508799886222,41.614166487865184,0.0,26974.861774110323,3633.5017560052206,5329.5364331387,0.0,0.0,0.0,0.0
tubeBe,"nTOF 5 ns, no veto, strict",13.0,oracle: IPC only,"no MM loss, DREAM",False,20912791051.82548,0.004613669700864618,0.9827726477990746,58.823276007915695,0.0,33348.784262009474,4492.066250102117,6588.858998189399,0.0,0.0,0.0,0.0
tubeBe,"nTOF 5 ns, no veto, strict",13.0,oracle: IPC only,"no MM loss, DREAM",False,25985264452.18819,0.004154215523383995,0.9755574923117615,84.07688785786398,0.0,41133.432953918134,5540.654929769847,8126.9046486228035,0.0,0.0,0.0,0.0
tubeBe,"nTOF 5 ns, no veto, strict",13.0,oracle: IPC only,"no MM loss, DREAM",False,32288084693.086143,0.003746941120495794,0.9650771592690978,121.43147268813195,0.0,50561.42065054565,6810.600634706514,9989.631669844659,0.0,0.0,0.0,0.0
tubeBe,"nTOF 5 ns, no veto, strict",13.0,oracle: IPC only,"no MM loss, DREAM",False,40119676867.86863,0.0033881807811252376,0.9498772415658329,177.07254010667228,0.0,61835.781795185125,8329.25201316147,12217.154427288006,0.0,0.0,0.0,0.0
tubeBe,"nTOF 5 ns, no veto, strict",13.0,oracle: IPC only,"no MM loss, DREAM",False,49850850159.80715,0.0030752088286111674,0.9279749723496661,260.45392479374607,0.0,75062.6304852568,10110.90258635985,14830.4383276714,0.0,0.0,0.0,0.0
tubeBe,"nTOF 5 ns, no veto, strict",13.0,oracle: IPC only,"no MM loss, DREAM",False,61942354865.91934,0.002806280576198213,0.8968259488410183,386.05221964410157,0.0,90138.6033749093,12141.629358076412,17809.061441786114,0.0,0.0,0.0,0.0
tubeBe,"nTOF 5 ns, no veto, strict",13.0,oracle: IPC only,"no MM loss, DREAM",False,76966697940.67009,0.0025806555264275667,0.8534834980649726,576.0698537120426,0.0,106589.13316480994,14357.50832640494,21059.261520433247,0.0,0.0,0.0,0.0
tubeBe,"nTOF 5 ns, no veto, strict",13.0,oracle: IPC only,"no MM loss, DREAM",False,95635249979.00362,0.0023985575354070936,0.7951330027818038,864.6014473331543,0.0,123387.94300379354,16620.30046079606,24378.27274725481,0.0,0.0,0.0,0.0
tubeBe,"nTOF 5 ns, no veto, strict",13.0,oracle: IPC only,"no MM loss, DREAM",False,118831927096.53207,0.002261009963028799,0.7201450269504857,1304.057672652278,0.0,138857.08796249577,18703.98733348617,27434.576513972686,0.0,0.0,0.0,0.0
tubeBe,"nTOF 5 ns, no veto, strict",13.0,oracle: IPC only,"no MM loss, DREAM",False,147655042472.05704,0.002169493149902036,0.6294963393298078,1975.0724461017,0.0,150819.13266953995,20315.26937868922,29797.967793412467,0.0,0.0,0.0,0.0
tubeBe,"nTOF 5 ns, no veto, strict",13.0,oracle: IPC only,"no MM loss, DREAM",True,183469309133.68265,0.002125437307150908,0.5278348171999061,3001.785540698599,0.0,157136.2579485302,21166.18331427594,31046.06869598661,0.0,0.0,0.0,0.0
tubeBe,"nTOF 5 ns, no veto, strict",13.0,oracle: IPC only,"no MM loss, DREAM",False,227970456209.51935,0.0021296846478874227,0.42310571293722266,4575.4212485082,0.0,156510.11294270953,21081.84186343867,30922.358604387482,0.0,0.0,0.0,0.0
tubeBe,"nTOF 5 ns, no veto, strict",13.0,oracle: IPC only,"no MM loss, DREAM",False,283265518084.60077,0.002182149193270329,0.32433623223353036,6990.671576035082,0.0,149074.76227438453,20080.303470541214,29453.325227614707,0.0,0.0,0.0,0.0
tubeBe,"nTOF 5 ns, no veto, strict",13.0,oracle: IPC only,"no MM loss, DREAM",False,351972597984.32916,0.0022818522984933086,0.23871194155052644,10701.843810856244,0.0,136332.0439933578,18363.86504582874,26935.693000074047,0.0,0.0,0.0,0.0
tubeBe,"nTOF 5 ns, no veto, strict",13.0,oracle: IPC only,"no MM loss, DREAM",False,437344829577.31195,0.002427314251110372,0.1697782490205061,16409.51680327458,0.0,120481.67422736711,16228.827362954145,23804.069051303934,0.0,0.0,0.0,0.0
tubeBe,"nTOF 5 ns, no veto, strict",13.0,oracle: IPC only,"no MM loss, DREAM",False,543424405915.04004,0.0026171018877666286,0.11753782703519766,25194.29305704836,0.0,103641.03559996167,13960.40090956427,20476.793535541245,0.0,0.0,0.0,0.0
tubeBe,"nTOF 5 ns, no veto, strict",13.0,oracle: IPC only,"no MM loss, DREAM",False,675233968650.1552,0.0028503127351177213,0.07974780710635697,38723.25420694214,0.0,87375.15895887313,11769.394637380741,17263.07615298089,0.0,0.0,0.0,0.0
tubeBe,"nTOF 5 ns, no veto, strict",13.0,oracle: IPC only,"no MM loss, DREAM",False,839014419404.4929,0.003126884560481172,0.05332918384848223,59568.65408314039,0.0,72602.12112743924,9779.47308183954,14344.305187254233,0.0,0.0,0.0,0.0
tubeBe,"nTOF 5 ns, no veto, strict",13.0,oracle: IPC only,"no MM loss, DREAM",False,1042520413147.9036,0.0034477336473544983,0.03530254994758727,91699.88485485595,0.0,59718.04624279987,8043.993986159021,11798.744543422621,0.0,0.0,0.0,0.0
tubeBe,"nTOF 5 ns, no veto, strict",13.0,oracle: IPC only,"no MM loss, DREAM",False,1295387524568.9966,0.0038147794007590526,0.0232070260794166,141242.94773180102,0.0,48779.140944239276,6570.528359386382,9637.499202648101,0.0,0.0,0.0,0.0
tubeBe,"nTOF 5 ns, no veto, strict",13.0,oracle: IPC only,"no MM loss, DREAM",False,1609588471982.2002,0.004230915359508254,0.015183592191901471,217652.91141700774,0.0,39655.58224520136,5341.58910358683,7834.919493673639,0.0,0.0,0.0,0.0
tubeBe,"nTOF 5 ns, no veto, strict",13.0,oracle: IPC only,"no MM loss, DREAM",False,2000000000000.0002,0.0046999682490462625,0.009902348676966112,335523.9699586223,0.0,32135.359091996143,4328.618425125456,6349.11750454881,0.0,0.0,0.0,0.0
tubeBe,"nTOF 5 ns, no veto, strict",13.0,oracle: IPC only,"no MM loss, no dead time",False,1000000000.0,0.020916019068619424,1.0,1.153135926803617,0.0,1622.6129850762727,218.56523973924845,320.586444270414,0.0,0.0,0.0,0.0
tubeBe,"nTOF 5 ns, no veto, strict",13.0,oracle: IPC only,"no MM loss, no dead time",False,1242553630.827767,0.01876382862325728,1.0,1.4579525708714747,0.0,2016.183656034804,271.5790322107445,398.34585032236646,0.0,0.0,0.0,0.0
tubeBe,"nTOF 5 ns, no veto, strict",13.0,oracle: IPC only,"no MM loss, no dead time",False,1543939525.4832668,0.016833091586304832,1.0,1.8503669995868215,0.0,2505.216322221649,337.4515125301517,494.9660826432308,0.0,0.0,0.0,0.0
tubeBe,"nTOF 5 ns, no veto, strict",13.0,oracle: IPC only,"no MM loss, no dead time",False,1918427663.1677406,0.015101021121122243,1.0,2.359058437466118,0.0,3112.865637185506,419.30160212266327,615.0219031249453,0.0,0.0,0.0,0.0
tubeBe,"nTOF 5 ns, no veto, strict",13.0,oracle: IPC only,"no MM loss, no dead time",False,2383749258.3495045,0.01354717508256839,1.0,3.0237049523170882,0.0,3867.9024997638417,521.0047281294152,764.1976987665042,0.0,0.0,0.0,0.0
tubeBe,"nTOF 5 ns, no veto, strict",13.0,oracle: IPC only,"no MM loss, no dead time",False,2961936295.9451733,0.012153214755859041,1.0,3.8998501908710983,0.0,4806.076294769357,647.3763166156384,949.5566252725439,0.0,0.0,0.0,0.0
tubeBe,"nTOF 5 ns, no veto, strict",13.0,oracle: IPC only,"no MM loss, no dead time",False,3680364698.807223,0.010902688420413295,1.0,5.066146641718222,0.0,5971.807550100926,804.3997927226675,1179.8750324089606,0.0,0.0,0.0,0.0
tubeBe,"nTOF 5 ns, no veto, strict",13.0,oracle: IPC only,"no MM loss, no dead time",False,4573050519.273255,0.00978083718427734,1.0,6.635202457638874,0.0,7420.291153982576,999.5098830846537,1466.0580054427835,0.0,0.0,0.0,0.0
tubeBe,"nTOF 5 ns, no veto, strict",13.0,oracle: IPC only,"no MM loss, no dead time",False,5682260526.681813,0.008774420797555516,1.0,8.76991037581238,0.0,9220.109715180251,1241.9446342750787,1821.6556976670524,0.0,0.0,0.0,0.0
tubeBe,"nTOF 5 ns, no veto, strict",13.0,oracle: IPC only,"no MM loss, no dead time",False,7060513448.737786,0.007871561389073807,1.0,11.708139298209307,0.0,11456.48080322759,1543.182814605562,2263.504901254285,0.0,0.0,0.0,0.0
tubeBe,"nTOF 5 ns, no veto, strict",13.0,oracle: IPC only,"no MM loss, no dead time",False,8773066621.237415,0.007061603282033105,1.0,15.80021135913631,0.0,14235.291818559055,1917.4874093191538,2812.526233449958,0.0,0.0,0.0,0.0
tubeBe,"nTOF 5 ns, no veto, strict",13.0,oracle: IPC only,"no MM loss, no dead time",False,10901005783.71244,0.006334987234176696,1.0,21.5659625065952,0.0,17688.113535043358,2382.5809425160433,3494.714683171589,0.0,0.0,0.0,0.0
tubeBe,"nTOF 5 ns, no veto, strict",13.0,oracle: IPC only,"no MM loss, no dead time",False,13545084316.226381,0.0056831376182360765,1.0,29.781844378623745,0.0,21978.4296954619,2960.484600864352,4342.370418281968,0.0,0.0,0.0,0.0
tubeBe,"nTOF 5 ns, no veto, strict",13.0,oracle: IPC only,"no MM loss, no dead time",False,16830493696.995401,0.005098361211142594,1.0,41.614166487865184,0.0,27309.377617989103,3678.5608898137093,5395.62812963537,0.0,0.0,0.0,0.0
tubeBe,"nTOF 5 ns, no veto, strict",13.0,oracle: IPC only,"no MM loss, no dead time",False,20912791051.82548,0.004573756397500574,1.0,58.823276007915695,0.0,33933.36631487891,4570.809189859046,6704.3573230748625,0.0,0.0,0.0,0.0
tubeBe,"nTOF 5 ns, no veto, strict",13.0,oracle: IPC only,"no MM loss, no dead time",False,25985264452.18819,0.004103131715728165,1.0,84.07688785786398,0.0,42164.02752076145,5679.475554680283,8330.523534153399,0.0,0.0,0.0,0.0
tubeBe,"nTOF 5 ns, no veto, strict",13.0,oracle: IPC only,"no MM loss, no dead time",False,32288084693.086143,0.00368093278553588,1.0,121.43147268813195,0.0,52391.06548624403,7057.052971665531,10351.12226405847,0.0,0.0,0.0,0.0
tubeBe,"nTOF 5 ns, no veto, strict",13.0,oracle: IPC only,"no MM loss, no dead time",False,40119676867.86863,0.003302176754330298,1.0,177.07254010667228,0.0,65098.70864286781,8768.766792886887,12861.824552347984,0.0,0.0,0.0,0.0
tubeBe,"nTOF 5 ns, no veto, strict",13.0,oracle: IPC only,"no MM loss, no dead time",False,49850850159.80715,0.0029623934888699335,1.0,260.45392479374607,0.0,80888.63678639467,10895.6630163836,15981.506796589774,0.0,0.0,0.0,0.0
tubeBe,"nTOF 5 ns, no veto, strict",13.0,oracle: IPC only,"no MM loss, no dead time",False,61942354865.91934,0.002657572818108818,1.0,386.05221964410157,0.0,100508.4693316432,13538.445641283262,19857.879296201263,0.0,0.0,0.0,0.0
tubeBe,"nTOF 5 ns, no veto, strict",13.0,oracle: IPC only,"no MM loss, no dead time",False,76966697940.67009,0.002384117204580088,1.0,576.0698537120426,0.0,124887.16349697452,16822.24478734087,24674.480020034418,0.0,0.0,0.0,0.0
tubeBe,"nTOF 5 ns, no veto, strict",13.0,oracle: IPC only,"no MM loss, no dead time",False,95635249979.00362,0.0021387992857406003,1.0,864.6014473331543,0.0,155178.99844694664,20902.541339183877,30659.364737680946,0.0,0.0,0.0,0.0
tubeBe,"nTOF 5 ns, no veto, strict",13.0,oracle: IPC only,"no MM loss, no dead time",False,118831927096.53207,0.001918723784173268,1.0,1304.057672652278,0.0,192818.22794846992,25972.528634530423,38095.90497367828,0.0,0.0,0.0,0.0
tubeBe,"nTOF 5 ns, no veto, strict",13.0,oracle: IPC only,"no MM loss, no dead time",False,147655042472.05704,0.0017212933371059127,1.0,1975.0724461017,0.0,239586.98922714833,32272.259756614054,47336.20504471372,0.0,0.0,0.0,0.0
tubeBe,"nTOF 5 ns, no veto, strict",13.0,oracle: IPC only,"no MM loss, no dead time",False,183469309133.68265,0.001544177841961675,1.0,3001.785540698599,0.0,297699.6833632863,40100.01353559762,58817.77344791672,0.0,0.0,0.0,0.0
tubeBe,"nTOF 5 ns, no veto, strict",13.0,oracle: IPC only,"no MM loss, no dead time",False,227970456209.51935,0.0013852869561527242,1.0,4575.4212485082,0.0,369907.822459328,49826.41741489942,73084.23795491392,0.0,0.0,0.0,0.0
tubeBe,"nTOF 5 ns, no veto, strict",13.0,oracle: IPC only,"no MM loss, no dead time",False,283265518084.60077,0.0012427454265559314,1.0,6990.671576035082,0.0,459630.30786843103,61911.99587002318,90811.08522715881,0.0,0.0,0.0,0.0
tubeBe,"nTOF 5 ns, no veto, strict",13.0,oracle: IPC only,"no MM loss, no dead time",False,351972597984.32916,0.0011148709575053675,1.0,10701.843810856244,0.0,571115.3078804035,76928.97526009103,112837.64366841599,0.0,0.0,0.0,0.0
tubeBe,"nTOF 5 ns, no veto, strict",13.0,oracle: IPC only,"no MM loss, no dead time",False,437344829577.31195,0.0010001543560965128,1.0,16409.51680327458,0.0,709641.3994281159,95588.37752528593,140206.8238342406,0.0,0.0,0.0,0.0
tubeBe,"nTOF 5 ns, no veto, strict",13.0,oracle: IPC only,"no MM loss, no dead time",False,543424405915.04004,0.0008972417204741968,1.0,25194.29305704836,0.0,881767.4974451034,118773.68555897937,174214.49802206483,0.0,0.0,0.0,0.0
tubeBe,"nTOF 5 ns, no veto, strict",13.0,oracle: IPC only,"no MM loss, no dead time",False,675233968650.1552,0.0008049184608878634,1.0,38723.25420694214,0.0,1095643.4054963267,147582.6742381053,216470.85706015342,0.0,0.0,0.0,0.0
tubeBe,"nTOF 5 ns, no veto, strict",13.0,oracle: IPC only,"no MM loss, no dead time",False,839014419404.4929,0.0007220949649283711,1.0,59568.65408314039,0.0,1361395.6915919604,183379.38772182935,268976.64940849226,0.0,0.0,0.0,0.0
tubeBe,"nTOF 5 ns, no veto, strict",13.0,oracle: IPC only,"no MM loss, no dead time",False,1042520413147.9036,0.0006477937377653796,1.0,91699.88485485595,0.0,1691607.1595808691,227858.7240327318,334217.91233040934,0.0,0.0,0.0,0.0
tubeBe,"nTOF 5 ns, no veto, strict",13.0,oracle: IPC only,"no MM loss, no dead time",False,1295387524568.9966,0.0005811378656125474,1.0,141242.94773180102,0.0,2101912.6180714634,283126.68486265425,415283.6804538282,0.0,0.0,0.0,0.0
tubeBe,"nTOF 5 ns, no veto, strict",13.0,oracle: IPC only,"no MM loss, no dead time",False,1609588471982.2002,0.0005213406662647066,1.0,217652.91141700774,0.0,2611739.155267395,351800.0902603201,516012.24497142236,0.0,0.0,0.0,0.0
tubeBe,"nTOF 5 ns, no veto, strict",13.0,oracle: IPC only,"no MM loss, no dead time",True,2000000000000.0002,0.00046769640456114866,1.0,335523.9699586223,0.0,3245225.970152546,437130.4794784969,641172.888540828,0.0,0.0,0.0,0.0
