variant,hw,ecut,scenario,knobs,best,R,reach3,live,trig_Hz,occ,X17,M1,E0,G,WALL,ACC,COS
tubeBe,"nTOF 5 ns + veto, per-arm coinc (strict)",14.0,as is,MM occ + DREAM,False,1000000000.0,0.026289151633510352,0.9996564835379222,1.153135926803617,0.008458494367821364,1332.4812727653136,181.05672339737512,269.07800404817965,0.0,0.0,10.840591711408152,106.38571084680888
tubeBe,"nTOF 5 ns + veto, per-arm coinc (strict)",14.0,as is,MM occ + DREAM,False,1242553630.827767,0.023479036094198602,0.9995657188159682,1.4579525708714747,0.010510132888072652,1648.7499378857756,224.03111214892203,332.9445235205209,0.0,0.0,16.66716784108221,105.94045534651077
tubeBe,"nTOF 5 ns + veto, per-arm coinc (strict)",14.0,as is,MM occ + DREAM,False,1543939525.4832668,0.021010590422684237,0.999448894518847,1.8503669995868215,0.013059403780557002,2038.0034047006893,276.9226301860315,411.5494150564627,0.0,0.0,25.5992395638218,105.38936931091054
tubeBe,"nTOF 5 ns + veto, per-arm coinc (strict)",14.0,as is,MM occ + DREAM,False,1918427663.1677406,0.01884472826227466,0.9992974944466279,2.359058437466118,0.016227009583977034,2515.95521970879,341.86642439606584,508.0658337425479,0.0,0.0,39.26812901290848,104.70795185641865
tubeBe,"nTOF 5 ns + veto, per-arm coinc (strict)",14.0,as is,MM occ + DREAM,False,2383749258.3495045,0.016948494222999464,0.999099747109748,3.0237049523170882,0.020162929676047638,3101.083095308886,421.3732348030587,626.2251235558133,0.0,0.0,60.1403357621909,103.86638544883563
tubeBe,"nTOF 5 ns + veto, per-arm coinc (strict)",14.0,as is,MM occ + DREAM,False,2961936295.9451733,0.015293741559742743,0.998839193680403,3.8998501908710983,0.025053521477097922,3814.761215943163,518.3473722438611,770.3435349422597,0.0,0.0,91.92527678212598,102.82857815649268
tubeBe,"nTOF 5 ns + veto, per-arm coinc (strict)",14.0,as is,MM occ + DREAM,False,3680364698.807223,0.01385602799900025,0.9984925640943906,5.066146641718222,0.031130344076389465,4681.160155985787,636.0731192733316,945.3020144804466,0.0,0.0,140.16391843800412,101.55114611398756
tubeBe,"nTOF 5 ns + veto, per-arm coinc (strict)",14.0,as is,MM occ + DREAM,False,4573050519.273255,0.012613766757061527,0.9980266116293708,6.635202457638874,0.0386811220610354,5726.739217084692,778.1457492793027,1156.443688727913,0.0,0.0,213.06164698207664,99.98240828476096
tubeBe,"nTOF 5 ns + veto, per-arm coinc (strict)",14.0,as is,MM occ + DREAM,False,5682260526.681813,0.011547707643676632,0.9973933789382703,8.76991037581238,0.04806336866143177,6979.070620861445,948.311758520762,1409.3364245753564,0.0,0.0,322.63435377705997,98.0615236475203
tubeBe,"nTOF 5 ns + veto, per-arm coinc (strict)",14.0,as is,MM occ + DREAM,False,7060513448.737786,0.01064080314280465,0.9965231054628723,11.708139298209307,0.05972131324007556,8464.623884921777,1150.1678085235092,1709.325411565806,0.0,0.0,486.2233643847746,95.71798923558217
tubeBe,"nTOF 5 ns + veto, per-arm coinc (strict)",14.0,as is,MM occ + DREAM,False,8773066621.237415,0.009878426480077923,0.9953136027429951,15.80021135913631,0.07420693460425828,10205.007405344611,1386.6500346553632,2060.7741962694404,0.0,0.0,728.3776739894175,92.87184698974009
tubeBe,"nTOF 5 ns + veto, per-arm coinc (strict)",14.0,as is,MM occ + DREAM,False,10901005783.71244,0.00924881736211562,0.9936143813527087,21.5659625065952,0.0922060960251198,12211.03632598246,1659.227991910476,2465.8667623420192,0.0,0.0,1082.956387506232,89.4351292455207
tubeBe,"nTOF 5 ns + veto, per-arm coinc (strict)",14.0,as is,MM occ + DREAM,False,13545084316.226381,0.008743627438623131,0.9912030829229593,29.781844378623745,0.11457101940046635,14473.931592466637,1966.7087878625077,2922.8302890503437,0.0,0.0,1594.9978516775993,85.31531305464728
tubeBe,"nTOF 5 ns + veto, per-arm coinc (strict)",14.0,as is,MM occ + DREAM,False,16830493696.995401,0.008358541492606671,0.9877508799886222,41.614166487865184,0.14236063614368857,16953.08287809296,2303.5743166742955,3423.464026502728,0.0,0.0,2321.33283562345,80.4218418806785
tubeBe,"nTOF 5 ns + veto, per-arm coinc (strict)",14.0,as is,MM occ + DREAM,False,20912791051.82548,0.008094104856693178,0.9827726477990746,58.823276007915695,0.17689072532729086,19560.36745571671,2657.8505172015875,3949.9726870534596,0.0,0.0,3327.981330243049,74.67705741255872
tubeBe,"nTOF 5 ns + veto, per-arm coinc (strict)",14.0,as is,MM occ + DREAM,True,25985264452.18819,0.007957046970851249,0.9755574923117615,84.07688785786398,0.2197962130151825,22142.401761529913,3008.6957265604833,4471.38236957026,0.0,0.0,4681.054973789711,68.03302337183295
tubeBe,"nTOF 5 ns + veto, per-arm coinc (strict)",14.0,as is,MM occ + DREAM,False,32288084693.086143,0.007962582937205854,0.9650771592690978,121.43147268813195,0.27310858252420833,24464.84688246405,3324.26811955472,4940.371248007172,0.0,0.0,6426.531782013635,60.49540716053403
tubeBe,"nTOF 5 ns + veto, per-arm coinc (strict)",14.0,as is,MM occ + DREAM,False,40119676867.86863,0.008138505160353644,0.9498772415658329,177.07254010667228,0.33935206082567987,26207.448181146727,3561.0516960118334,5292.267885419715,0.0,0.0,8554.094350449168,52.154224858782186
tubeBe,"nTOF 5 ns + veto, per-arm coinc (strict)",14.0,as is,MM occ + DREAM,False,49850850159.80715,0.008532549370497813,0.9279749723496661,260.45392479374607,0.4216631353078355,26984.487151903908,3666.635266207451,5449.181231665158,0.0,0.0,10944.063687840046,43.217912431261134
tubeBe,"nTOF 5 ns + veto, per-arm coinc (strict)",14.0,as is,MM occ + DREAM,False,61942354865.91934,0.009225949116274229,0.8968259488410183,386.05221964410157,0.5239390597629711,26409.822016547718,3588.5501264122995,5333.134761986216,0.0,0.0,13308.98882009506,34.04081491376635
tubeBe,"nTOF 5 ns + veto, per-arm coinc (strict)",14.0,as is,MM occ + DREAM,False,76966697940.67009,0.010359231250092468,0.8534834980649726,576.0698537120426,0.6510223810409661,24220.57279562818,3291.0763091500585,4891.043137308789,0.0,0.0,15166.28239354744,25.124865222948124
tubeBe,"nTOF 5 ns + veto, per-arm coinc (strict)",14.0,as is,MM occ + DREAM,False,95635249979.00362,0.012183505142106968,0.7951330027818038,864.6014473331543,0.8089302233125903,20445.00374187601,2778.0543434347505,4128.613971590495,0.0,0.0,15907.321759883142,17.068343827644636
tubeBe,"nTOF 5 ns + veto, per-arm coinc (strict)",14.0,as is,MM occ + DREAM,False,118831927096.53207,0.01516798120156055,0.7201450269504857,1304.057672652278,1.0051391860633756,15540.235065830957,2111.5974380676403,3138.157000342178,0.0,0.0,15023.897010842767,10.441108996039185
tubeBe,"nTOF 5 ns + veto, per-arm coinc (strict)",14.0,as is,MM occ + DREAM,False,147655042472.05704,0.020239854166998854,0.6294963393298078,1975.0724461017,1.2489393451303188,10365.346914312266,1408.436867024556,2093.1527639273136,0.0,0.0,12451.566682593048,5.604769348050313
tubeBe,"nTOF 5 ns + veto, per-arm coinc (strict)",14.0,as is,MM occ + DREAM,False,183469309133.68265,0.02935998618307707,0.5278348171999061,3001.785540698599,1.5518741179753315,5892.207182891209,800.6294331617652,1189.8578843966666,0.0,0.0,8794.948661612196,2.5641106905399416
tubeBe,"nTOF 5 ns + veto, per-arm coinc (strict)",14.0,as is,MM occ + DREAM,False,227970456209.51935,0.047027137756442794,0.42310571293722266,4575.4212485082,1.9282868198778864,2764.369474900177,375.620798291926,558.2299998964887,0.0,0.0,5127.037936869532,0.9681434379487495
tubeBe,"nTOF 5 ns + veto, per-arm coinc (strict)",14.0,as is,MM occ + DREAM,False,283265518084.60077,0.08461819239813473,0.32433623223353036,6990.671576035082,2.3959997893165963,1033.2549293103875,140.39803467322332,208.65296926446933,0.0,0.0,2381.1846311448658,0.2912298996501264
tubeBe,"nTOF 5 ns + veto, per-arm coinc (strict)",14.0,as is,MM occ + DREAM,False,351972597984.32916,0.17445290722712276,0.23871194155052644,10701.843810856244,2.9771582376779016,295.53811020487495,40.15753389291456,59.680241996245165,0.0,0.0,846.2802772463224,0.06703889140594377
tubeBe,"nTOF 5 ns + veto, per-arm coinc (strict)",14.0,as is,MM occ + DREAM,False,437344829577.31195,0.4220737715434356,0.1697782490205061,16409.51680327458,3.699278777775487,61.61842710223235,8.372673402664143,12.443074222610225,0.0,0.0,219.2433748410227,0.011248867400027387
tubeBe,"nTOF 5 ns + veto, per-arm coinc (strict)",14.0,as is,MM occ + DREAM,False,543424405915.04004,1.2351704481207721,0.11753782703519766,25194.29305704836,4.596552276769037,8.809667136301071,1.1970520700902496,1.7790026004982675,0.0,0.0,38.94847990777431,0.0012943226343140688
tubeBe,"nTOF 5 ns + veto, per-arm coinc (strict)",14.0,as is,MM occ + DREAM,False,675233968650.1552,4.545133897082721,0.07974780710635697,38723.25420694214,5.7114627207890045,0.7987609540516218,0.10853513972336308,0.16129983033966808,0.0,0.0,4.3879632635762675,9.444625260001256e-05
tubeBe,"nTOF 5 ns + veto, per-arm coinc (strict)",14.0,as is,MM occ + DREAM,False,839014419404.4929,22.102538394372367,0.05332918384848223,59568.65408314039,7.096798741053815,0.04156143929098315,0.005647342421621929,0.00839281523752943,0.0,0.0,0.2836951280356583,3.954971333877375e-06
tubeBe,"nTOF 5 ns + veto, per-arm coinc (strict)",14.0,as is,MM occ + DREAM,False,1042520413147.9036,151.31048731921567,0.03530254994758727,91699.88485485595,8.818153042950343,0.001093194684017734,0.00014854261111896372,0.0002207570564958933,0.0,0.0,0.009272011306308859,8.372113925620787e-08
tubeBe,"nTOF 5 ns + veto, per-arm coinc (strict)",14.0,as is,MM occ + DREAM,False,1295387524568.9966,1579.2931435428864,0.0232070260794166,141242.94773180102,10.957028080712917,1.2388616672683506e-05,1.6833574985464195e-06,2.5017269025369622e-06,0.0,0.0,0.00013056128006241877,7.635637300844694e-10
tubeBe,"nTOF 5 ns + veto, per-arm coinc (strict)",14.0,as is,MM occ + DREAM,False,1609588471982.2002,27775.39944404077,0.015183592191901471,217652.91141700774,13.614695024771637,4.950770806623891e-08,6.727076461483425e-09,9.997465288061722e-09,0.0,0.0,6.483052644347143e-07,2.4557273903456804e-12
tubeBe,"nTOF 5 ns + veto, per-arm coinc (strict)",14.0,as is,MM occ + DREAM,False,2000000000000.0002,932670.3158697726,0.009902348676966112,335523.9699586223,16.91698873564273,5.432700648236477e-11,7.381919721296797e-12,1.0970662604398113e-11,0.0,0.0,8.839702414070151e-10,2.1687423759476426e-15
tubeBe,"nTOF 5 ns + veto, per-arm coinc (strict)",14.0,as is,"MM occ ÷10, DAQ 10 µs",False,1000000000.0,0.026085450365916633,0.9999884687737026,1.153135926803617,0.0008458494367821365,1353.3732191585489,183.89550802922415,273.29687252391193,0.0,0.0,11.010561125263902,108.05373021296862
tubeBe,"nTOF 5 ns + veto, per-arm coinc (strict)",14.0,as is,"MM occ ÷10, DAQ 10 µs",False,1242553630.827767,0.023253110877504635,0.9999854206868508,1.4579525708714747,0.0010510132888072652,1680.9438021506758,228.40559432472463,339.4456736049942,0.0,0.0,16.992614730768935,108.00907264329793
tubeBe,"nTOF 5 ns + veto, per-arm coinc (strict)",14.0,as is,"MM occ ÷10, DAQ 10 µs",False,1543939525.4832668,0.020759558186177286,0.9999814966723837,1.8503669995868215,0.0013059403780557003,2087.589990655428,283.6604245257562,421.5628087521013,0.0,0.0,26.22209372102269,107.95359418315441
tubeBe,"nTOF 5 ns + veto, per-arm coinc (strict)",14.0,as is,"MM occ ÷10, DAQ 10 µs",False,1918427663.1677406,0.018565208480203543,0.9999764099721279,2.359058437466118,0.0016227009583977036,2592.2865390235925,352.23827640645493,523.4799933764511,0.0,0.0,40.45948093805366,107.88467616587448
tubeBe,"nTOF 5 ns + veto, per-arm coinc (strict)",14.0,as is,"MM occ ÷10, DAQ 10 µs",False,2383749258.3495045,0.01663646787753513,0.9999697638647285,3.0237049523170882,0.002016292967604764,3218.4990947290794,437.32764749460006,649.9358228452226,0.0,0.0,62.41742328676117,107.79906802418702
tubeBe,"nTOF 5 ns + veto, per-arm coinc (strict)",14.0,as is,"MM occ ÷10, DAQ 10 µs",False,2961936295.9451733,0.01494436469930214,0.9999610030189151,3.8998501908710983,0.0025053521477097925,3995.2129959590948,542.8670474458278,806.7835253466726,0.0,0.0,96.27366948216304,107.69273581000355
tubeBe,"nTOF 5 ns + veto, per-arm coinc (strict)",14.0,as is,"MM occ ÷10, DAQ 10 µs",False,3680364698.807223,0.013463389414044472,0.9999493411000371,5.066146641718222,0.0031130344076389467,4958.178860884656,673.714247936014,1001.2424931361104,0.0,0.0,148.4584492520369,107.56067495728531
tubeBe,"nTOF 5 ns + veto, per-arm coinc (strict)",14.0,as is,"MM occ ÷10, DAQ 10 µs",False,4573050519.273255,0.012170576948290265,0.9999336523777226,6.635202457638874,0.00386811220610354,6151.409881904616,835.8497340683051,1242.2006424676183,0.0,0.0,228.86139407053713,107.39667916161808
tubeBe,"nTOF 5 ns + veto, per-arm coinc (strict)",14.0,as is,"MM occ ÷10, DAQ 10 µs",False,5682260526.681813,0.011044899620355838,0.9999123085867002,8.76991037581238,0.004806336866143178,7628.964727194417,1036.6189639223928,1540.5744483652416,0.0,0.0,352.6782058042195,107.1930555861795
tubeBe,"nTOF 5 ns + veto, per-arm coinc (strict)",14.0,as is,"MM occ ÷10, DAQ 10 µs",False,7060513448.737786,0.01006701102867067,0.9998829323134658,11.708139298209307,0.005972131324007556,9457.043663563101,1285.0171884195922,1909.73223053787,0.0,0.0,543.2297583147555,106.94027471224477
tubeBe,"nTOF 5 ns + veto, per-arm coinc (strict)",14.0,as is,"MM occ ÷10, DAQ 10 µs",False,8773066621.237415,0.009219283132367966,0.9998420228471326,15.80021135913631,0.0074206934604258284,11716.410049078193,1592.0184822288322,2365.9831436679847,0.0,0.0,836.2533372179979,106.6265410818973
tubeBe,"nTOF 5 ns + veto, per-arm coinc (strict)",14.0,as is,"MM occ ÷10, DAQ 10 µs",False,10901005783.71244,0.008485976482184122,0.99978438687398,21.5659625065952,0.00922060960251198,14505.118542933167,1970.946451220063,2929.128105429008,0.0,0.0,1286.4109448417935,106.23726905541352
tubeBe,"nTOF 5 ns + veto, per-arm coinc (strict)",14.0,as is,"MM occ ÷10, DAQ 10 µs",False,13545084316.226381,0.007853365709506094,0.9997022702256317,29.781844378623745,0.011457101940046635,17941.475675224785,2437.8765128371483,3623.0576466936445,0.0,0.0,1977.1141638394743,105.75444578519549
tubeBe,"nTOF 5 ns + veto, per-arm coinc (strict)",14.0,as is,"MM occ ÷10, DAQ 10 µs",False,16830493696.995401,0.007309720406143369,0.9995840314369717,41.614166487865184,0.014236063614368858,22167.06318208156,3012.046704987475,4476.362436423477,0.0,0.0,3035.2669189389326,105.15586238842891
tubeBe,"nTOF 5 ns + veto, per-arm coinc (strict)",14.0,as is,"MM occ ÷10, DAQ 10 µs",False,20912791051.82548,0.006845145011518811,0.9994121130542815,58.823276007915695,0.017689072532729087,27349.497777288703,3716.2326820872595,5522.890583190293,0.0,0.0,4653.216162753604,104.41419468949341
tubeBe,"nTOF 5 ns + veto, per-arm coinc (strict)",14.0,as is,"MM occ ÷10, DAQ 10 µs",False,25985264452.18819,0.006451343936569557,0.9991599374198948,84.07688785786398,0.021979621301518253,33684.35055387528,4577.008522150824,6802.1352344306615,0.0,0.0,7121.101784587955,103.49591851766995
tubeBe,"nTOF 5 ns + veto, per-arm coinc (strict)",14.0,as is,"MM occ ÷10, DAQ 10 µs",False,32288084693.086143,0.006121388133754083,0.9987871580449661,121.43147268813195,0.027310858252420835,41395.2590938866,5624.7619601964625,8359.257215618716,0.0,0.0,10873.885680528621,102.360054221122
tubeBe,"nTOF 5 ns + veto, per-arm coinc (strict)",14.0,as is,"MM occ ÷10, DAQ 10 µs",False,40119676867.86863,0.005849539767108655,0.9982324045251393,177.07254010667228,0.03393520608256799,50730.67332467634,6893.252217231178,10244.42789645747,0.0,0.0,16558.459376952134,100.95675571023196
tubeBe,"nTOF 5 ns + veto, per-arm coinc (strict)",14.0,as is,"MM occ ÷10, DAQ 10 µs",False,49850850159.80715,0.005631166897172381,0.9974022267544378,260.45392479374607,0.04216631353078355,61954.80435511283,8418.380133765553,12511.001421034895,0.0,0.0,25126.93018077927,99.22579940994974
tubeBe,"nTOF 5 ns + veto, per-arm coinc (strict)",14.0,as is,"MM occ ÷10, DAQ 10 µs",False,61942354865.91934,0.00546276310247035,0.9961543241206516,386.05221964410157,0.05239390597629711,75329.1123158324,10235.672749105603,15211.776407633848,0.0,0.0,37961.41878619717,97.09510228258503
tubeBe,"nTOF 5 ns + veto, per-arm coinc (strict)",14.0,as is,"MM occ ÷10, DAQ 10 µs",False,76966697940.67009,0.005342081849118757,0.9942722970329828,576.0698537120426,0.06510223810409661,91079.02858407404,12375.761538040575,18392.275916335642,0.0,0.0,57031.279949142125,94.47952932908953
tubeBe,"nTOF 5 ns + veto, per-arm coinc (strict)",14.0,as is,"MM occ ÷10, DAQ 10 µs",False,95635249979.00362,0.005268403021506614,0.9914280983127206,864.6014473331543,0.08089302233125904,109338.65215392098,14856.867788160647,22079.579569503658,0.0,0.0,85071.40143202373,91.28047772336176
tubeBe,"nTOF 5 ns + veto, per-arm coinc (strict)",14.0,as is,"MM occ ÷10, DAQ 10 µs",True,118831927096.53207,0.005242970612435941,0.9871272908251502,1304.057672652278,0.10051391860633757,130064.35763863166,17673.063709153255,26264.87776340825,0.0,0.0,125742.85431761167,87.38710378909957
tubeBe,"nTOF 5 ns + veto, per-arm coinc (strict)",14.0,as is,"MM occ ÷10, DAQ 10 µs",False,147655042472.05704,0.00526968038682123,0.9806318112973578,1975.0724461017,0.12489393451303188,152907.94404688888,20777.03596772048,30877.855642849405,0.0,0.0,183683.5252440145,82.68066326695232
tubeBe,"nTOF 5 ns + veto, per-arm coinc (strict)",14.0,as is,"MM occ ÷10, DAQ 10 µs",False,183469309133.68265,0.005356164552973628,0.9708569562659424,3001.785540698599,0.15518741179753315,177044.2722065021,24056.665168327665,35751.88662473507,0.0,0.0,264263.4986444315,77.04432260659307
tubeBe,"nTOF 5 ns + veto, per-arm coinc (strict)",14.0,as is,"MM occ ÷10, DAQ 10 µs",False,227970456209.51935,0.005515538367109722,0.9562476421908416,4575.4212485082,0.19282868198778866,200963.5816836503,27306.806005858976,40582.09338551356,0.0,0.0,372724.38311035116,70.38189888879788
tubeBe,"nTOF 5 ns + veto, per-arm coinc (strict)",14.0,as is,"MM occ ÷10, DAQ 10 µs",False,283265518084.60077,0.005769283702360582,0.9346609244239857,6990.671576035082,0.23959997893165963,222275.2881090538,30202.62736879828,44885.7271738575,0.0,0.0,512243.8663629952,62.64979533551005
tubeBe,"nTOF 5 ns + veto, per-arm coinc (strict)",14.0,as is,"MM occ ÷10, DAQ 10 µs",False,351972597984.32916,0.006152132155706123,0.9033273210052285,10701.843810856244,0.29771582376779016,237639.48488238515,32290.304833592072,47988.33543265262,0.0,0.0,680486.2121217586,53.905357957898495
tubeBe,"nTOF 5 ns + veto, per-arm coinc (strict)",14.0,as is,"MM occ ÷10, DAQ 10 µs",False,437344829577.31195,0.0067205514359588315,0.8590362948503109,16409.51680327458,0.36992787777754876,243039.86748196647,33024.10544944853,49078.875465516394,0.0,0.0,864755.6140836779,44.36859833648404
tubeBe,"nTOF 5 ns + veto, per-arm coinc (strict)",14.0,as is,"MM occ ÷10, DAQ 10 µs",False,543424405915.04004,0.007567918155454552,0.7987584542246836,25194.29305704836,0.4596552276769037,234671.54412927452,31887.02289711836,47388.996747522055,0.0,0.0,1037507.9761847951,34.47811211213195
tubeBe,"nTOF 5 ns + veto, per-arm coinc (strict)",14.0,as is,"MM occ ÷10, DAQ 10 µs",False,675233968650.1552,0.008852575141783434,0.7208596754140713,38723.25420694214,0.5711462720789005,210557.61228812084,28610.436894280116,42519.48842332192,0.0,0.0,1156690.3250592526,24.896531729734708
tubeBe,"nTOF 5 ns + veto, per-arm coinc (strict)",14.0,as is,"MM occ ÷10, DAQ 10 µs",False,839014419404.4929,0.010851953747482764,0.6266894997302966,59568.65408314039,0.7096798741053816,172408.63685448028,23426.777930993172,34815.777777645184,0.0,0.0,1176847.8460152019,16.406342708643333
tubeBe,"nTOF 5 ns + veto, per-arm coinc (strict)",14.0,as is,"MM occ ÷10, DAQ 10 µs",False,1042520413147.9036,0.014072631243755903,0.5216487223021246,91699.88485485595,0.8818153042950343,126381.92200858092,17172.69665490186,25521.255733123642,0.0,0.0,1071917.588795737,9.678823586171008
tubeBe,"nTOF 5 ns + veto, per-arm coinc (strict)",14.0,as is,"MM occ ÷10, DAQ 10 µs",False,1295387524568.9966,0.01948860072830311,0.4145198893489471,141242.94773180102,1.0957028080712916,81355.51504094285,11054.536588757996,16428.733411087986,0.0,0.0,857390.3337653313,5.014290309310989
tubeBe,"nTOF 5 ns + veto, per-arm coinc (strict)",14.0,as is,"MM occ ÷10, DAQ 10 µs",False,1609588471982.2002,0.029094826314381386,0.3148090145118242,217652.91141700774,1.3614695024771637,45119.25396904612,6130.776058725378,9111.271618053073,0.0,0.0,590838.2960561009,2.2380472078308253
tubeBe,"nTOF 5 ns + veto, per-arm coinc (strict)",14.0,as is,"MM occ ÷10, DAQ 10 µs",False,2000000000000.0002,0.04729812454921331,0.22960848747199994,335523.9699586223,1.691698873564273,21124.39324070513,2870.369364353061,4265.808222686308,0.0,0.0,343721.03676694265,0.8432889966460927
tubeBe,"nTOF 5 ns + veto, per-arm coinc (strict)",14.0,as is,"no MM loss, DREAM",False,1000000000.0,0.026067722789992816,0.9996564835379222,1.153135926803617,0.0,1355.2145909331202,184.14571247627686,273.6687146292678,0.0,0.0,11.025541868337022,108.20074589654703
tubeBe,"nTOF 5 ns + veto, per-arm coinc (strict)",14.0,as is,"no MM loss, DREAM",False,1242553630.827767,0.02323356055469262,0.9995657188159682,1.4579525708714747,0.0,1683.773916844476,228.79014854231212,340.01718003333957,0.0,0.0,17.021224282482745,108.19092171116115
tubeBe,"nTOF 5 ns + veto, per-arm coinc (strict)",14.0,as is,"no MM loss, DREAM",False,1543939525.4832668,0.020737988522130532,0.999448894518847,1.8503669995868215,0.0,2091.9348702890647,284.25080405761236,422.4402031016837,0.0,0.0,26.27666949570535,108.17827689137003
tubeBe,"nTOF 5 ns + veto, per-arm coinc (strict)",14.0,as is,"no MM loss, DREAM",False,1918427663.1677406,0.01854140236809805,0.9992974944466279,2.359058437466118,0.0,2598.9475110752296,353.1433651299971,524.8250937552023,0.0,0.0,40.563443006943494,108.16188966134382
tubeBe,"nTOF 5 ns + veto, per-arm coinc (strict)",14.0,as is,"no MM loss, DREAM",False,2383749258.3495045,0.01661018503938412,0.999099747109748,3.0237049523170882,0.0,3228.692625550803,438.71273809823856,651.9942794883098,0.0,0.0,62.6151098199431,108.14048589944983
tubeBe,"nTOF 5 ns + veto, per-arm coinc (strict)",14.0,as is,"no MM loss, DREAM",False,2961936295.9451733,0.014915339422856198,0.998839193680403,3.8998501908710983,0.0,4010.77750839311,544.9819436775264,809.9265848592739,0.0,0.0,96.648731519466,108.11228413627889
tubeBe,"nTOF 5 ns + veto, per-arm coinc (strict)",14.0,as is,"no MM loss, DREAM",False,3680364698.807223,0.013431329876499535,0.9984925640943906,5.066146641718222,0.0,4981.87668257458,676.9342931513048,1006.0279731957141,0.0,0.0,149.16801257305622,108.07476566831114
tubeBe,"nTOF 5 ns + veto, per-arm coinc (strict)",14.0,as is,"no MM loss, DREAM",False,4573050519.273255,0.01213516814411214,0.9980266116293708,6.635202457638874,0.0,6187.360243952412,840.7346468174466,1249.460370512092,0.0,0.0,230.19891670901427,108.02433193922745
tubeBe,"nTOF 5 ns + veto, per-arm coinc (strict)",14.0,as is,"no MM loss, DREAM",False,5682260526.681813,0.01100581287275378,0.9973933789382703,8.76991037581238,0.0,7683.248936865569,1043.995068439703,1551.536468686423,0.0,0.0,355.18770196194555,107.95579214517677
tubeBe,"nTOF 5 ns + veto, per-arm coinc (strict)",14.0,as is,"no MM loss, DREAM",False,7060513448.737786,0.010023924154465135,0.9965231054628723,11.708139298209307,0.0,9538.518780347706,1296.087976418605,1926.1851160320862,0.0,0.0,547.9098369496991,107.86159554792287
tubeBe,"nTOF 5 ns + veto, per-arm coinc (strict)",14.0,as is,"no MM loss, DREAM",False,8773066621.237415,0.00917191686836,0.9953136027429951,15.80021135913631,0.0,11837.735954697366,1608.5041705335077,2390.4833998371337,0.0,0.0,844.9129175024051,107.73068148033093
tubeBe,"nTOF 5 ns + veto, per-arm coinc (strict)",14.0,as is,"no MM loss, DREAM",False,10901005783.71244,0.008434155518125078,0.9936143813527087,21.5659625065952,0.0,14683.910224051846,1995.2405532203675,2965.2328595288463,0.0,0.0,1302.2673871560683,107.54676127884166
tubeBe,"nTOF 5 ns + veto, per-arm coinc (strict)",14.0,as is,"no MM loss, DREAM",False,13545084316.226381,0.0077971175685654735,0.9912030829229593,29.781844378623745,0.0,18201.26776361274,2473.176899603912,3675.519424611068,0.0,0.0,2005.7427241041437,107.28576733444719
tubeBe,"nTOF 5 ns + veto, per-arm coinc (strict)",14.0,as is,"no MM loss, DREAM",False,16830493696.995401,0.007249433393020633,0.9877508799886222,41.614166487865184,0.0,22537.28322994851,3062.3519739416115,4551.123765963157,0.0,0.0,3085.959996988481,106.91210804384814
tubeBe,"nTOF 5 ns + veto, per-arm coinc (strict)",14.0,as is,"no MM loss, DREAM",False,20912791051.82548,0.00678181846325066,0.9827726477990746,58.823276007915695,0.0,27862.644953706942,3785.95880003118,5626.514266941604,0.0,0.0,4740.522509459668,106.37327450950353
tubeBe,"nTOF 5 ns + veto, per-arm coinc (strict)",14.0,as is,"no MM loss, DREAM",False,25985264452.18819,0.006386981221409835,0.9755574923117615,84.07688785786398,0.0,34366.657240568034,4669.719928734673,6939.9185752974345,0.0,0.0,7265.346078580588,105.59232103364161
tubeBe,"nTOF 5 ns + veto, per-arm coinc (strict)",14.0,as is,"no MM loss, DREAM",False,32288084693.086143,0.006059606441318307,0.9650771592690978,121.43147268813195,0.0,42243.66624201167,5740.042993773504,8530.582476771493,0.0,0.0,11096.748939297735,104.45795150657453
tubeBe,"nTOF 5 ns + veto, per-arm coinc (strict)",14.0,as is,"no MM loss, DREAM",False,40119676867.86863,0.005796501008371619,0.9498772415658329,177.07254010667228,0.0,51663.30562631196,7019.977712080546,10432.761378784146,0.0,0.0,16862.869964634105,102.81274391762481
tubeBe,"nTOF 5 ns + veto, per-arm coinc (strict)",14.0,as is,"no MM loss, DREAM",False,49850850159.80715,0.005596968168469404,0.9279749723496661,260.45392479374607,0.0,62714.23288088362,8521.57080769165,12664.358557160022,0.0,0.0,25434.930629541235,100.44208769216922
tubeBe,"nTOF 5 ns + veto, per-arm coinc (strict)",14.0,as is,"no MM loss, DREAM",False,61942354865.91934,0.0054634530145151435,0.8968259488410183,386.05221964410157,0.0,75310.08874944737,10233.087838782729,15207.934835240014,0.0,0.0,37951.83203350427,97.07058194685895
tubeBe,"nTOF 5 ns + veto, per-arm coinc (strict)",14.0,as is,"no MM loss, DREAM",True,76966697940.67009,0.005402466720590184,0.8534834980649726,576.0698537120426,0.0,89054.37601447171,12100.653010992002,17983.422536213453,0.0,0.0,55763.49603343916,92.3792849061444
tubeBe,"nTOF 5 ns + veto, per-arm coinc (strict)",14.0,as is,"no MM loss, DREAM",False,95635249979.00362,0.005425731755121703,0.7951330027818038,864.6014473331543,0.0,103089.64850030102,14007.757073325154,20817.671079850912,0.0,0.0,80209.33767053786,86.06354823355544
tubeBe,"nTOF 5 ns + veto, per-arm coinc (strict)",14.0,as is,"no MM loss, DREAM",False,118831927096.53207,0.005551385410382528,0.7201450269504857,1304.057672652278,0.0,116013.99651657186,15763.909412349816,23427.58225753297,0.0,0.0,112159.32887100425,77.94700514916993
tubeBe,"nTOF 5 ns + veto, per-arm coinc (strict)",14.0,as is,"no MM loss, DREAM",False,147655042472.05704,0.00580496911124372,0.6294963393298078,1975.0724461017,0.0,126008.19006720227,17121.914192050037,25445.785220411282,0.0,0.0,151369.69308843734,68.13537907899462
tubeBe,"nTOF 5 ns + veto, per-arm coinc (strict)",14.0,as is,"no MM loss, DREAM",False,183469309133.68265,0.0062199297667449305,0.5278348171999061,3001.785540698599,0.0,131286.09817304896,17839.073050165825,26511.59305403557,0.0,0.0,195962.98255907124,57.13174662667093
tubeBe,"nTOF 5 ns + veto, per-arm coinc (strict)",14.0,as is,"no MM loss, DREAM",False,227970456209.51935,0.006837608351484245,0.42310571293722266,4575.4212485082,0.0,130762.95898303678,17767.989223653356,26405.951607536495,0.0,0.0,242524.2564464193,45.7960854421459
tubeBe,"nTOF 5 ns + veto, per-arm coinc (strict)",14.0,as is,"no MM loss, DREAM",False,283265518084.60077,0.00770715789915747,0.32433623223353036,6990.671576035082,0.0,124550.78242660829,16923.88255179094,25151.479891675408,0.0,0.0,287033.14206228795,35.10548155976864
tubeBe,"nTOF 5 ns + veto, per-arm coinc (strict)",14.0,as is,"no MM loss, DREAM",False,351972597984.32916,0.008886174082041813,0.23871194155052644,10701.843810856244,0.0,113904.34229194278,15477.250913487715,23001.563851422896,0.0,0.0,326167.742994505,25.837685800594404
tubeBe,"nTOF 5 ns + veto, per-arm coinc (strict)",14.0,as is,"no MM loss, DREAM",False,437344829577.31195,0.010442680841408992,0.1697782490205061,16409.51680327458,0.0,100661.48397048151,13677.819593058388,20327.33348296411,0.0,0.0,358161.74641358765,18.37644579267273
tubeBe,"nTOF 5 ns + veto, per-arm coinc (strict)",14.0,as is,"no MM loss, DREAM",False,543424405915.04004,0.012458610339977538,0.11753782703519766,25194.29305704836,0.0,86591.26386342906,11765.966869773269,17486.02770230789,0.0,0.0,382829.2316376448,12.722050790145525
tubeBe,"nTOF 5 ns + veto, per-arm coinc (strict)",14.0,as is,"no MM loss, DREAM",False,675233968650.1552,0.015034532858566561,0.07974780710635697,38723.25420694214,0.0,73001.25284081625,9919.364657059203,14741.694167797139,0.0,0.0,401029.63725971314,8.631737356400034
tubeBe,"nTOF 5 ns + veto, per-arm coinc (strict)",14.0,as is,"no MM loss, DREAM",False,839014419404.4929,0.018295387873824807,0.05332918384848223,59568.65408314039,0.0,60658.49681256038,8242.238674244127,12249.228251451257,0.0,0.0,414050.14631972363,5.772240330036303
tubeBe,"nTOF 5 ns + veto, per-arm coinc (strict)",14.0,as is,"no MM loss, DREAM",False,1042520413147.9036,0.0223972048850505,0.03530254994758727,91699.88485485595,0.0,49893.95435586187,6779.559366161247,10075.46291760219,0.0,0.0,423179.25221131503,3.8210748384889026
tubeBe,"nTOF 5 ns + veto, per-arm coinc (strict)",14.0,as is,"no MM loss, DREAM",False,1295387524568.9966,0.02753505297651293,0.0232070260794166,141242.94773180102,0.0,40754.58567239154,5537.707655693595,8229.881194337124,0.0,0.0,429504.84419568133,2.511880404103076
tubeBe,"nTOF 5 ns + veto, per-arm coinc (strict)",14.0,as is,"no MM loss, DREAM",False,1609588471982.2002,0.03395262769703368,0.015183592191901471,217652.91141700774,0.0,33131.9246857604,4501.9452401031485,6690.579707898985,0.0,0.0,433863.77664452326,1.6434405494359043
tubeBe,"nTOF 5 ns + veto, per-arm coinc (strict)",14.0,as is,"no MM loss, DREAM",False,2000000000000.0002,0.04195399251330237,0.009902348676966112,335523.9699586223,0.0,26848.83784084951,3648.203322515176,5421.788542090407,0.0,0.0,436865.1100880692,1.0718096972506395
tubeBe,"nTOF 5 ns + veto, per-arm coinc (strict)",14.0,as is,"no MM loss, no dead time",False,1000000000.0,0.026063245059462677,1.0,1.153135926803617,0.0,1355.680289429854,184.2089912972502,273.7627566428784,0.0,0.0,11.0293306249724,108.23792740643235
tubeBe,"nTOF 5 ns + veto, per-arm coinc (strict)",14.0,as is,"no MM loss, no dead time",False,1242553630.827767,0.023228515057748506,1.0,1.4579525708714747,0.0,1684.5054658727029,228.88955096751874,340.164907252027,0.0,0.0,17.028619491517947,108.23792740643235
tubeBe,"nTOF 5 ns + veto, per-arm coinc (strict)",14.0,as is,"no MM loss, no dead time",False,1543939525.4832668,0.02073227332503156,1.0,1.8503669995868215,0.0,2093.088382769347,284.4075426132278,422.6731405861969,0.0,0.0,26.291158697369337,108.23792740643235
tubeBe,"nTOF 5 ns + veto, per-arm coinc (strict)",14.0,as is,"no MM loss, no dead time",False,1918427663.1677406,0.018534888504825348,1.0,2.359058437466118,0.0,2600.7745696534803,353.3916247088704,525.1940454887562,0.0,0.0,40.59195908362199,108.23792740643233
tubeBe,"nTOF 5 ns + veto, per-arm coinc (strict)",14.0,as is,"no MM loss, no dead time",False,2383749258.3495045,0.016602706672355097,1.0,3.0237049523170882,0.0,3231.601884487456,439.1080463861305,652.5817681111774,0.0,0.0,62.671530046003504,108.23792740643233
tubeBe,"nTOF 5 ns + veto, per-arm coinc (strict)",14.0,as is,"no MM loss, no dead time",False,2961936295.9451733,0.014906679999017514,1.0,3.8998501908710983,0.0,4015.438654959742,545.6152973627741,810.8678453785473,0.0,0.0,96.76105236053695,108.23792740643235
tubeBe,"nTOF 5 ns + veto, per-arm coinc (strict)",14.0,as is,"no MM loss, no dead time",False,3680364698.807223,0.0134212026240562,1.0,5.066146641718222,0.0,4989.397880086393,677.9562687732864,1007.5467853966023,0.0,0.0,149.39321326678896,108.23792740643233
tubeBe,"nTOF 5 ns + veto, per-arm coinc (strict)",14.0,as is,"no MM loss, no dead time",False,4573050519.273255,0.012123188531240727,1.0,6.635202457638874,0.0,6199.59445154571,842.3970233066926,1251.9309164233932,0.0,0.0,230.65408680154655,108.23792740643233
tubeBe,"nTOF 5 ns + veto, per-arm coinc (strict)",14.0,as is,"no MM loss, no dead time",False,5682260526.681813,0.010991459521395821,1.0,8.76991037581238,0.0,7703.328595427835,1046.7234799082385,1555.5913057474274,0.0,0.0,356.1159613271591,108.23792740643233
tubeBe,"nTOF 5 ns + veto, per-arm coinc (strict)",14.0,as is,"no MM loss, no dead time",False,7060513448.737786,0.010006482917362333,1.0,11.708139298209307,0.0,9571.798915708217,1300.6100604326568,1932.905625040573,0.0,0.0,549.8215083484712,108.23792740643233
tubeBe,"nTOF 5 ns + veto, per-arm coinc (strict)",14.0,as is,"no MM loss, no dead time",False,8773066621.237415,0.009150400006588413,1.0,15.80021135913631,0.0,11893.473496266532,1616.0777528817193,2401.7389024415784,0.0,0.0,848.8911587000326,108.23792740643235
tubeBe,"nTOF 5 ns + veto, per-arm coinc (strict)",14.0,as is,"no MM loss, no dead time",False,10901005783.71244,0.008407183740920726,1.0,21.5659625065952,0.0,14778.278675939795,2008.0632795431593,2984.2893935290795,0.0,0.0,1310.6366127502686,108.23792740643233
tubeBe,"nTOF 5 ns + veto, per-arm coinc (strict)",14.0,as is,"no MM loss, no dead time",False,13545084316.226381,0.007762746513415058,1.0,29.781844378623745,0.0,18362.803826173556,2495.1263189282663,3708.1396213703524,0.0,0.0,2023.5436699706465,108.23792740643233
tubeBe,"nTOF 5 ns + veto, per-arm coinc (strict)",14.0,as is,"no MM loss, no dead time",False,16830493696.995401,0.007204897000072031,1.0,41.614166487865184,0.0,22816.768566390056,3100.32826695825,4607.56235015005,0.0,0.0,3124.229053609173,108.23792740643235
tubeBe,"nTOF 5 ns + veto, per-arm coinc (strict)",14.0,as is,"no MM loss, no dead time",False,20912791051.82548,0.006723148294982464,1.0,58.823276007915695,0.0,28351.05862592483,3852.3241448669323,5725.143327444266,0.0,0.0,4823.6207225303815,108.23792740643233
tubeBe,"nTOF 5 ns + veto, per-arm coinc (strict)",14.0,as is,"no MM loss, no dead time",False,25985264452.18819,0.006308441406039311,1.0,84.07688785786398,0.0,35227.71083345378,4786.71935332988,7113.797628525235,0.0,0.0,7447.378689454811,108.23792740643233
tubeBe,"nTOF 5 ns + veto, per-arm coinc (strict)",14.0,as is,"no MM loss, no dead time",False,32288084693.086143,0.005952856823739357,1.0,121.43147268813195,0.0,43772.32000185866,5947.7555122335825,8839.275072297989,0.0,0.0,11498.302319891054,108.23792740643233
tubeBe,"nTOF 5 ns + veto, per-arm coinc (strict)",14.0,as is,"no MM loss, no dead time",False,40119676867.86863,0.0056493652856209175,1.0,177.07254010667228,0.0,54389.45514806436,7390.4052070017015,10983.273334969239,0.0,0.0,17752.683427635733,108.23792740643233
tubeBe,"nTOF 5 ns + veto, per-arm coinc (strict)",14.0,as is,"no MM loss, no dead time",False,49850850159.80715,0.005391641018139931,1.0,260.45392479374607,0.0,67581.81497297164,9182.974823248438,13647.30616073988,0.0,0.0,27409.069627318797,108.23792740643233
tubeBe,"nTOF 5 ns + veto, per-arm coinc (strict)",14.0,as is,"no MM loss, no dead time",False,61942354865.91934,0.005173938895326118,1.0,386.05221964410157,0.0,83974.02957259626,11410.338708427322,16957.509821045496,0.0,0.0,42317.9459543404,108.23792740643235
tubeBe,"nTOF 5 ns + veto, per-arm coinc (strict)",14.0,as is,"no MM loss, no dead time",False,76966697940.67009,0.004991024072693864,1.0,576.0698537120426,0.0,104342.23534066777,14177.95779113098,21070.6153979376,0.0,0.0,65336.34939617085,108.23792740643232
tubeBe,"nTOF 5 ns + veto, per-arm coinc (strict)",14.0,as is,"no MM loss, no dead time",False,95635249979.00362,0.004838137518558553,1.0,864.6014473331543,0.0,129650.82337123205,17616.87293109262,26181.369666482813,0.0,0.0,100875.3722835329,108.23792740643233
tubeBe,"nTOF 5 ns + veto, per-arm coinc (strict)",14.0,as is,"no MM loss, no dead time",False,118831927096.53207,0.004710981108524089,1.0,1304.057672652278,0.0,161098.1013197339,21889.909424360547,32531.75593913219,0.0,0.0,155745.4744163857,108.23792740643233
tubeBe,"nTOF 5 ns + veto, per-arm coinc (strict)",14.0,as is,"no MM loss, no dead time",False,147655042472.05704,0.004605709243073964,1.0,1975.0724461017,0.0,200173.03071429566,27199.386433730262,40422.45145937163,0.0,0.0,240461.5938666027,108.23792740643233
tubeBe,"nTOF 5 ns + veto, per-arm coinc (strict)",14.0,as is,"no MM loss, no dead time",False,183469309133.68265,0.0045189183854310805,1.0,3001.785540698599,0.0,248725.72610784622,33796.69636951906,50227.063827801394,0.0,0.0,371258.15913135273,108.23792740643235
tubeBe,"nTOF 5 ns + veto, per-arm coinc (strict)",14.0,as is,"no MM loss, no dead time",False,227970456209.51935,0.004447630155003467,1.0,4575.4212485082,0.0,309055.054055577,41994.207783929516,62409.82052505263,0.0,0.0,573200.1460410516,108.23792740643235
tubeBe,"nTOF 5 ns + veto, per-arm coinc (strict)",14.0,as is,"no MM loss, no dead time",False,283265518084.60077,0.004389266902767553,1.0,6990.671576035082,0.0,384017.47954242915,52180.0553556573,77547.54909271345,0.0,0.0,884986.361485561,108.23792740643233
tubeBe,"nTOF 5 ns + veto, per-arm coinc (strict)",14.0,as is,"no MM loss, no dead time",False,351972597984.32916,0.0043416208025150544,1.0,10701.843810856244,0.0,477162.31350677303,64836.51723896585,96356.98868694561,0.0,0.0,1366365.4230111795,108.23792740643235
tubeBe,"nTOF 5 ns + veto, per-arm coinc (strict)",14.0,as is,"no MM loss, no dead time",False,437344829577.31195,0.004302818527960715,1.0,16409.51680327458,0.0,592899.7651420204,80562.84990550442,119728.72614859478,0.0,0.0,2109585.58284064,108.23792740643233
tubeBe,"nTOF 5 ns + veto, per-arm coinc (strict)",14.0,as is,"no MM loss, no dead time",False,543424405915.04004,0.004271283830565123,1.0,25194.29305704836,0.0,736709.7558941479,100103.66165991698,148769.36339031986,0.0,0.0,3257072.5637373202,108.23792740643233
tubeBe,"nTOF 5 ns + veto, per-arm coinc (strict)",14.0,as is,"no MM loss, no dead time",False,675233968650.1552,0.004245700094444399,1.0,38723.25420694214,0.0,915401.3820525113,124384.16825468416,184853.9126365775,0.0,0.0,5028723.0685211625,108.23792740643233
tubeBe,"nTOF 5 ns + veto, per-arm coinc (strict)",14.0,as is,"no MM loss, no dead time",False,839014419404.4929,0.004224974478452606,1.0,59568.65408314039,0.0,1137435.3109341038,154553.9998823497,229690.90031929815,0.0,0.0,7764044.308199321,108.23792740643233
tubeBe,"nTOF 5 ns + veto, per-arm coinc (strict)",14.0,as is,"no MM loss, no dead time",False,1042520413147.9036,0.004208204737369051,1.0,91699.88485485595,0.0,1413324.3754328806,192041.63371276783,285403.26215984265,0.0,0.0,11987214.885032319,108.23792740643235
tubeBe,"nTOF 5 ns + veto, per-arm coinc (strict)",14.0,as is,"no MM loss, no dead time",False,1295387524568.9966,0.00419464934541567,1.0,141242.94773180102,0.0,1756131.3342315191,238622.02923989674,354628.859646803,0.0,0.0,18507534.8614629,108.23792740643233
tubeBe,"nTOF 5 ns + veto, per-arm coinc (strict)",14.0,as is,"no MM loss, no dead time",False,1609588471982.2002,0.0041837011712440395,1.0,217652.91141700774,0.0,2182087.3655597856,296500.66882752336,440645.3771504456,0.0,0.0,28574514.59187205,108.23792740643233
tubeBe,"nTOF 5 ns + veto, per-arm coinc (strict)",14.0,as is,"no MM loss, no dead time",True,2000000000000.0002,0.004174864683274959,1.0,335523.9699586223,0.0,2711360.5788597087,368417.9825945005,547525.5132857569,0.0,0.0,44117322.49988961,108.23792740643233
tubeBe,"nTOF 5 ns + veto, per-arm coinc (strict)",14.0,no Be window + air,MM occ + DREAM,False,1000000000.0,0.025920402713824356,0.9999811618583557,0.06321643129701461,0.007393869636209451,1335.7551794006688,181.50157978689583,269.73912873404714,0.0,0.0,0.014597488595807806,106.64710055018948
tubeBe,"nTOF 5 ns + veto, per-arm coinc (strict)",14.0,no Be window + air,MM occ + DREAM,False,1242553630.827767,0.02306355261216699,0.9999740731702514,0.08700504015607946,0.009187279562339234,1653.7931732384295,224.7163838198539,333.9629421132424,0.0,0.0,0.022456786772681887,106.26450852001075
tubeBe,"nTOF 5 ns + veto, per-arm coinc (strict)",14.0,no Be window + air,MM occ + DREAM,False,1543939525.4832668,0.020541068392907643,0.9999638947897124,0.12116279839254684,0.011415687577614355,2045.767836812328,277.97765637357196,413.11734545658885,0.0,0.0,0.03451738683467344,105.7908841471545
tubeBe,"nTOF 5 ns + veto, per-arm coinc (strict)",14.0,no Be window + air,MM occ + DREAM,False,1918427663.1677406,0.018312416280060643,0.9999491320707481,0.1707064326498841,0.01418460404796021,2527.9007993389223,343.4895822978842,510.478094830018,0.0,0.0,0.05299766470503223,105.20509789741759
tubeBe,"nTOF 5 ns + veto, per-arm coinc (strict)",14.0,no Be window + air,MM occ + DREAM,False,2383749258.3495045,0.016343109259662016,0.9999275226411924,0.24323024213409422,0.017625131261647203,3119.4453427510884,423.8682855208803,629.9331508223673,0.0,0.0,0.08126232228676546,104.48140291593407
tubeBe,"nTOF 5 ns + veto, per-arm coinc (strict)",14.0,no Be window + air,MM occ + DREAM,False,2961936295.9451733,0.014603545244993861,0.9998956299984277,0.35027146243831203,0.021900170842975707,3842.9560622755566,522.1784703598154,776.0371331418208,0.0,0.0,0.12439198853677791,103.58858272704978
tubeBe,"nTOF 5 ns + veto, per-arm coinc (strict)",14.0,no Be window + air,MM occ + DREAM,False,3680364698.807223,0.013068100466897895,0.9998482190374016,0.5094094079063818,0.027212136796687866,4724.3933968903075,641.9476250543976,954.0324292404081,0.0,0.0,0.19001513214593094,102.48903010380624
tubeBe,"nTOF 5 ns + veto, per-arm coinc (strict)",14.0,no Be window + air,MM occ + DREAM,False,4573050519.273255,0.011714440226033646,0.9997772959891363,0.747495365731713,0.03381253937930639,5792.917619401291,787.1380292670356,1169.8075931747594,0.0,0.0,0.28950404050906026,101.13780855518218
tubeBe,"nTOF 5 ns + veto, per-arm coinc (strict)",14.0,no Be window + air,MM occ + DREAM,False,5682260526.681813,0.010523011248581765,0.9996706320839147,1.105625620980142,0.04201389357326418,7080.151538756255,962.0465705335812,1429.7484575175135,0.0,0.0,0.4396579927346784,99.48179138214186
tubeBe,"nTOF 5 ns + veto, per-arm coinc (strict)",14.0,no Be window + air,MM occ + DREAM,False,7060513448.737786,0.00947668058883713,0.9995094935879113,1.6468024385938922,0.0522045160046708,8618.590045711037,1171.0886343214763,1740.4169609053006,0.0,0.0,0.6650032776139673,97.4590389882265
tubeBe,"nTOF 5 ns + veto, per-arm coinc (strict)",14.0,no Be window + air,MM occ + DREAM,False,8773066621.237415,0.008560488466402859,0.9992651535936834,2.467740948542893,0.06486691090720997,10438.70847615727,1418.4051902441427,2107.9672180127695,0.0,0.0,1.000805018066383,94.99867054093956
tubeBe,"nTOF 5 ns + veto, per-arm coinc (strict)",14.0,no Be window + air,MM occ + DREAM,False,10901005783.71244,0.007761488412634347,0.9988935381844577,3.7170719106926677,0.08060061566833503,12564.182911386122,1707.2133294450618,2537.180318696655,0.0,0.0,1.4967597579615997,92.02161819412757
tubeBe,"nTOF 5 ns + veto, per-arm coinc (strict)",14.0,no Be window + air,MM occ + DREAM,False,13545084316.226381,0.007068657817418812,0.9983270264746944,5.623412939444631,0.1001505876456431,15004.52072821917,2038.8049083507383,3029.976159342126,0.0,0.0,2.221033547700545,88.44282391311248
tubeBe,"nTOF 5 ns + veto, per-arm coinc (strict)",14.0,no Be window + air,MM occ + DREAM,False,16830493696.995401,0.006472874753620996,0.9974619350735702,8.53866809141689,0.12444247630862885,17744.391340766866,2411.0968165222807,3583.258918989919,0.0,0.0,3.2636925514921464,84.17564197247408
tubeBe,"nTOF 5 ns + veto, per-arm coinc (strict)",14.0,no Be window + air,MM occ + DREAM,False,20912791051.82548,0.005966972604066357,0.9961395219293535,13.004829256298516,0.15462645076648515,20729.20385577085,2816.6712774680323,4186.0046463865365,0.0,0.0,4.737463735922623,79.13941033871615
tubeBe,"nTOF 5 ns + veto, per-arm coinc (strict)",14.0,no Be window + air,MM occ + DREAM,False,25985264452.18819,0.0055459040947150335,0.9941174085597704,19.857050648487544,0.1921316578219071,23847.26974781643,3240.3521240883197,4815.659234312668,0.0,0.0,6.772002083241211,73.2712682924195
tubeBe,"nTOF 5 ns + veto, per-arm coinc (strict)",14.0,no Be window + air,MM occ + DREAM,False,32288084693.086143,0.005207075601700086,0.991027192195031,30.38271153647599,0.2387338890235688,26910.608321264634,3656.5966568270596,5434.262321586538,0.0,0.0,9.495483353261005,66.5431594627905
tubeBe,"nTOF 5 ns + veto, per-arm coinc (strict)",14.0,no Be window + air,MM occ + DREAM,False,40119676867.86863,0.004950961313160269,0.9863129967381177,46.566902493581345,0.29663966060786856,29639.544744854436,4027.402834229859,5985.337057901615,0.0,0.0,12.995118167075876,58.98428075294719
tubeBe,"nTOF 5 ns + veto, per-arm coinc (strict)",14.0,no Be window + air,MM occ + DREAM,False,49850850159.80715,0.004782195948651886,0.9791457105140657,71.4713208153473,0.3685906873358252,31660.90856019261,4302.06448740238,6393.526315044146,0.0,0.0,17.24833666582121,50.70759232687614
tubeBe,"nTOF 5 ns + veto, per-arm coinc (strict)",14.0,no Be window + air,MM occ + DREAM,True,61942354865.91934,0.004711518221371855,0.9683109629592379,109.81911239275391,0.4579936968384318,32535.057004453753,4420.843232226595,6570.049710480293,0.0,0.0,22.023714154645905,41.935907519691106
tubeBe,"nTOF 5 ns + veto, per-arm coinc (strict)",14.0,no Be window + air,MM occ + DREAM,False,76966697940.67009,0.004759291829117371,0.9520803683227556,168.89764613926297,0.5690817309028251,31829.926493147508,4325.030538604514,6427.657382382505,0.0,0.0,26.772551838154804,33.018319589082026
tubeBe,"nTOF 5 ns + veto, per-arm coinc (strict)",14.0,no Be window + air,MM occ + DREAM,False,95635249979.00362,0.004962091119755586,0.9281037649334734,259.9521119253133,0.7071145709710553,29253.639227114338,3974.9662334227137,5907.408243000383,0.0,0.0,30.57378282403567,24.422160975962903
tubeBe,"nTOF 5 ns + veto, per-arm coinc (strict)",14.0,no Be window + air,MM occ + DREAM,False,118831927096.53207,0.005385556541656598,0.8934152198218711,400.33686425100865,0.8786277775713036,24830.03762640403,3373.890009831349,5014.116972232105,0.0,0.0,32.244956515170934,16.682703198169154
tubeBe,"nTOF 5 ns + veto, per-arm coinc (strict)",14.0,no Be window + air,MM occ + DREAM,False,147655042472.05704,0.00615084301040945,0.8447249349873109,616.8366098380642,1.0917421351673595,19047.838877976883,2588.208454059861,3846.4739216038865,0.0,0.0,30.73585293144319,10.29958228821802
tubeBe,"nTOF 5 ns + veto, per-arm coinc (strict)",14.0,no Be window + air,MM occ + DREAM,False,183469309133.68265,0.0074925452703208,0.7792188469283855,950.793676910899,1.3565481539798616,12855.749464536428,1746.8312106450767,2596.0585541904084,0.0,0.0,25.77579705076331,5.594434074320228
tubeBe,"nTOF 5 ns + veto, per-arm coinc (strict)",14.0,no Be window + air,MM occ + DREAM,False,227970456209.51935,0.009895251921174443,0.6959547387097739,1466.0236578080792,1.6855838341203815,7388.177665530321,1003.9009683209184,1491.9504989878967,0.0,0.0,18.40632883703803,2.587503512185534
tubeBe,"nTOF 5 ns + veto, per-arm coinc (strict)",14.0,no Be window + air,MM occ + DREAM,False,283265518084.60077,0.014444555422127343,0.5974469678742341,2261.0359977214503,2.094428313150869,3478.9888425535783,472.72283179001136,702.5384844002078,0.0,0.0,10.769561602317939,0.9805765670791485
tubeBe,"nTOF 5 ns + veto, per-arm coinc (strict)",14.0,no Be window + air,MM occ + DREAM,False,351972597984.32916,0.023826162542241777,0.49034161947714827,3487.9009938263443,2.6024395050140874,1284.4424776642377,174.52924191246981,259.3771674459126,0.0,0.0,4.940544225260182,0.2913587006346563
tubeBe,"nTOF 5 ns + veto, per-arm coinc (strict)",14.0,no Be window + air,MM occ + DREAM,False,437344829577.31195,0.04553435125667772,0.38407609500421697,5381.378243740722,3.233670655964884,353.7267561122368,48.06417076823265,71.43071460628451,0.0,0.0,1.6906090352901655,0.06457525065913641
tubeBe,"nTOF 5 ns + veto, per-arm coinc (strict)",14.0,no Be window + air,MM occ + DREAM,False,543424405915.04004,0.10376721467337231,0.2878063423995424,8303.887894757872,4.018009214470374,68.61172229648885,9.322917987336595,13.855283122691096,0.0,0.0,0.407463525217348,0.010080483606660282
tubeBe,"nTOF 5 ns + veto, per-arm coinc (strict)",14.0,no Be window + air,MM occ + DREAM,False,675233968650.1552,0.2918392169302879,0.20751827562959593,12814.94190075565,4.9925919381395865,8.75301465327408,1.1893541660679998,1.7675623368571585,0.0,0.0,0.06458969225561172,0.001034964752297229
tubeBe,"nTOF 5 ns + veto, per-arm coinc (strict)",14.0,no Be window + air,MM occ + DREAM,False,839014419404.4929,1.0569837434614517,0.14505482252318236,19778.339655831966,6.203563239976782,0.6747024885852039,0.09167815289274052,0.13624776772890662,0.0,0.0,0.0061863290243397385,6.420444158749647e-05
tubeBe,"nTOF 5 ns + veto, per-arm coinc (strict)",14.0,no Be window + air,MM occ + DREAM,False,1042520413147.9036,5.202026284131932,0.09903691181868989,30527.669049873977,7.708260027902817,0.028231200636415255,0.003836037916086724,0.005700939498658341,0.0,0.0,0.0003216364009371331,2.1620561409653945e-06
tubeBe,"nTOF 5 ns + veto, per-arm coinc (strict)",14.0,no Be window + air,MM occ + DREAM,False,1295387524568.9966,37.244538558069245,0.06647917574168584,47121.82695832695,9.57792648503523,0.0005597078229692377,7.60527495267371e-05,0.00011302602665639114,0.0,0.0,7.92341430156455e-06,3.449720048293943e-08
tubeBe,"nTOF 5 ns + veto, per-arm coinc (strict)",14.0,no Be window + air,MM occ + DREAM,False,1609588471982.2002,422.8278773976234,0.04409875331097879,72739.52353494272,11.901087329781959,4.427365073946948e-06,6.015876019850047e-07,8.940512573343217e-07,0.0,0.0,7.787740388082417e-08,2.196102809809859e-10
tubeBe,"nTOF 5 ns + veto, per-arm coinc (strict)",14.0,no Be window + air,MM occ + DREAM,False,2000000000000.0002,8482.637956954755,0.029017524334927956,112288.36814758579,14.787739272418904,1.1255907179922825e-08,1.52944563988687e-09,2.272990322362787e-09,0.0,0.0,2.4601510700204344e-10,4.4933752955366897e-13
tubeBe,"nTOF 5 ns + veto, per-arm coinc (strict)",14.0,no Be window + air,"MM occ ÷10, DAQ 10 µs",False,1000000000.0,0.025748254088226376,0.9999993678360868,0.06321643129701461,0.0007393869636209452,1353.676170570091,183.93667287787417,273.35804978981986,0.0,0.0,0.0147933339634736,108.07791794598047
tubeBe,"nTOF 5 ns + veto, per-arm coinc (strict)",14.0,no Be window + air,"MM occ ÷10, DAQ 10 µs",False,1242553630.827767,0.022873350112140773,0.9999991299503554,0.08700504015607946,0.0009187279562339235,1681.4116403420137,228.46916388606488,339.54014770329155,0.0,0.0,0.022831816756340002,108.0391335942523
tubeBe,"nTOF 5 ns + veto, per-arm coinc (strict)",14.0,no Be window + air,"MM occ ÷10, DAQ 10 µs",False,1543939525.4832668,0.020330752728204074,0.9999987883734841,0.12116279839254684,0.0011415687577614356,2088.3124950906963,283.75859797731863,421.7087095278432,0.0,0.0,0.03523522509623867,107.99095638116725
tubeBe,"nTOF 5 ns + veto, per-arm coinc (strict)",14.0,no Be window + air,"MM occ ÷10, DAQ 10 µs",False,1918427663.1677406,0.018079678817840544,0.9999982929385876,0.1707064326498841,0.0014184604047960212,2593.402406833792,352.38989982780345,523.7053289885059,0.0,0.0,0.054370911721909464,107.93111587673786
tubeBe,"nTOF 5 ns + veto, per-arm coinc (strict)",14.0,no Be window + air,"MM occ ÷10, DAQ 10 µs",False,2383749258.3495045,0.016085346697084058,0.9999975677034948,0.24323024213409422,0.0017625131261647204,3220.2226245172856,437.5618396461212,650.283868228529,0.0,0.0,0.08388759538831192,107.85679521298285
tubeBe,"nTOF 5 ns + veto, per-arm coinc (strict)",14.0,no Be window + air,"MM occ ÷10, DAQ 10 µs",False,2961936295.9451733,0.014317803087818335,0.9999964972976446,0.35027146243831203,0.002190017084297571,3997.875354349812,543.2288070416921,807.3211554781252,0.0,0.0,0.12940654464711124,107.76450085959993
tubeBe,"nTOF 5 ns + veto, per-arm coinc (strict)",14.0,no Be window + air,"MM occ ÷10, DAQ 10 µs",False,3680364698.807223,0.012751002671320351,0.9999949059318707,0.5094094079063818,0.0027212136796687866,4962.291925326427,674.273128564335,1002.0730752937238,0.0,0.0,0.19958341245634417,107.64990207068975
tubeBe,"nTOF 5 ns + veto, per-arm coinc (strict)",14.0,no Be window + air,"MM occ ÷10, DAQ 10 µs",False,4573050519.273255,0.011362101368003407,0.9999925251022171,0.747495365731713,0.003381253937930639,6157.765055640017,836.713271107565,1243.4839906835014,0.0,0.0,0.30773747897653136,107.50763332786296
tubeBe,"nTOF 5 ns + veto, per-arm coinc (strict)",14.0,no Be window + air,"MM occ ÷10, DAQ 10 µs",False,5682260526.681813,0.010130925936940274,0.9999889438660295,1.105625620980142,0.004201389357326418,7638.785966643376,1037.9534678067437,1542.5577254005136,0.0,0.0,0.4743476586115874,107.33105185485078
tubeBe,"nTOF 5 ns + veto, per-arm coinc (strict)",14.0,no Be window + air,"MM occ ÷10, DAQ 10 µs",False,7060513448.737786,0.009039582251861009,0.9999835322468055,1.6468024385938922,0.00522045160046708,9472.224612593809,1287.079966295531,1912.7978341964215,0.0,0.0,0.7308690145675567,107.1119409239587
tubeBe,"nTOF 5 ns + veto, per-arm coinc (strict)",14.0,no Be window + air,"MM occ ÷10, DAQ 10 µs",False,8773066621.237415,0.008072165718030702,0.9999753231994741,2.467740948542893,0.006486691090720998,11739.881782174558,1595.2078066671909,2370.7229679508546,0.0,0.0,1.1255542413070254,106.84014829628973
tubeBe,"nTOF 5 ns + veto, per-arm coinc (strict)",14.0,no Be window + air,"MM occ ÷10, DAQ 10 µs",False,10901005783.71244,0.007214541306838386,0.9999628306625041,3.7170719106926677,0.008060061566833502,14541.420342502657,1975.8791170802292,2936.4588019056964,0.0,0.0,1.7323062666126827,106.50314789236643
tubeBe,"nTOF 5 ns + veto, per-arm coinc (strict)",14.0,no Be window + air,"MM occ ÷10, DAQ 10 µs",False,13545084316.226381,0.006454167331452551,0.9999437690327051,5.623412939444631,0.01001505876456431,17997.641783745537,2445.5083285951623,3634.3996930584335,0.0,0.0,2.664088170841576,106.0855119575687
tubeBe,"nTOF 5 ns + veto, per-arm coinc (strict)",14.0,no Be window + air,"MM occ ÷10, DAQ 10 µs",False,16830493696.995401,0.005779944887087458,0.9999146206093488,8.53866809141689,0.012444247630862887,22254.00184808218,3023.859876642746,4493.918617662339,0.0,0.0,4.09313673699328,105.56828104412097
tubeBe,"nTOF 5 ns + veto, per-arm coinc (strict)",14.0,no Be window + air,"MM occ ÷10, DAQ 10 µs",False,20912791051.82548,0.005182082160756162,0.9998699686177962,13.004829256298516,0.015462645076648516,27484.13806951645,3734.5275209313586,5550.079513974979,0.0,0.0,6.281240144260362,104.92822086285128
tubeBe,"nTOF 5 ns + veto, per-arm coinc (strict)",14.0,no Be window + air,"MM occ ÷10, DAQ 10 µs",False,25985264452.18819,0.0046519684689970905,0.999801468915933,19.857050648487544,0.019213165782190712,33892.987348862036,4605.357959589472,6844.266837713563,0.0,0.0,9.624723641782008,104.13695972460077
tubeBe,"nTOF 5 ns + veto, per-arm coinc (strict)",14.0,no Be window + air,"MM occ ÷10, DAQ 10 µs",False,32288084693.086143,0.004182056581734769,0.9996962651675132,30.38271153647599,0.02387338890235688,41718.76782946563,5668.720125201521,8424.585777183487,0.0,0.0,14.720583820107246,103.16000987884047
tubeBe,"nTOF 5 ns + veto, per-arm coinc (strict)",14.0,no Be window + air,"MM occ ÷10, DAQ 10 µs",False,40119676867.86863,0.003765753903776164,0.9995345477217727,46.566902493581345,0.029663966060786858,51232.63867807831,6961.458956045114,10345.793550260943,0.0,0.0,22.462362339364578,101.95569363549997
tubeBe,"nTOF 5 ns + veto, per-arm coinc (strict)",14.0,no Be window + air,"MM occ ÷10, DAQ 10 µs",False,49850850159.80715,0.0033973239531840463,0.999285797241991,71.4713208153473,0.036859068733582516,62734.17419845331,8524.280421472487,12668.385457979877,0.0,0.0,34.17653523650538,100.4740253796131
tubeBe,"nTOF 5 ns + veto, per-arm coinc (strict)",14.0,no Be window + air,"MM occ ÷10, DAQ 10 µs",False,61942354865.91934,0.0030717998584555966,0.9989030135768254,109.81911239275391,0.04579936968384318,76539.82942059355,10400.184233379063,15456.265653880464,0.0,0.0,51.811537455543835,98.65565035633887
tubeBe,"nTOF 5 ns + veto, per-arm coinc (strict)",14.0,no Be window + air,"MM occ ÷10, DAQ 10 µs",False,76966697940.67009,0.0027849117526484958,0.9983138713701741,168.89764613926297,0.05690817309028251,92960.28166527316,12631.385032137605,18772.17155505484,0.0,0.0,78.19006306247029,96.43102034105748
tubeBe,"nTOF 5 ns + veto, per-arm coinc (strict)",14.0,no Be window + air,"MM occ ÷10, DAQ 10 µs",False,95635249979.00362,0.002533030318754185,0.9974072188700518,259.9521119253133,0.07071145709710554,112260.91949971135,15253.943650564259,22669.69507864593,0.0,0.0,117.32697411641983,93.72010866909186
tubeBe,"nTOF 5 ns + veto, per-arm coinc (strict)",14.0,no Be window + air,"MM occ ÷10, DAQ 10 µs",False,118831927096.53207,0.0023131296325213037,0.996012594411986,400.33686425100865,0.08786277775713036,134598.00190182333,18289.092461016528,27180.390779866946,0.0,0.0,174.79259530956003,90.43314998471553
tubeBe,"nTOF 5 ns + veto, per-arm coinc (strict)",14.0,no Be window + air,"MM occ ÷10, DAQ 10 µs",False,147655042472.05704,0.002122774209822976,0.9938694493822144,616.8366098380642,0.10917421351673595,159921.69664239307,21730.060291301706,32294.19566042382,0.0,0.0,258.05183359832876,86.47315240282587
tubeBe,"nTOF 5 ns + veto, per-arm coinc (strict)",14.0,no Be window + air,"MM occ ÷10, DAQ 10 µs",False,183469309133.68265,0.001960138363548614,0.9905816126621663,950.793676910899,0.13565481539798616,187837.67071131646,25523.265418212013,37931.47907825211,0.0,0.0,376.6148128585663,81.74128380201942
tubeBe,"nTOF 5 ns + veto, per-arm coinc (strict)",14.0,no Be window + air,"MM occ ÷10, DAQ 10 µs",False,227970456209.51935,0.0018240716430551634,0.9855515806675128,1466.0236578080792,0.16855838341203816,217423.88787939074,29543.422134604505,43906.047295935095,0.0,0.0,541.6728939812376,76.14666281588063
tubeBe,"nTOF 5 ns + veto, per-arm coinc (strict)",14.0,no Be window + air,"MM occ ÷10, DAQ 10 µs",False,283265518084.60077,0.001714234223059669,0.9778895649192149,2261.0359977214503,0.2094428313150869,247013.7180956696,33564.06978973122,49881.345123721636,0.0,0.0,764.6559313758253,69.62248937076838
tubeBe,"nTOF 5 ns + veto, per-arm coinc (strict)",14.0,no Be window + air,"MM occ ÷10, DAQ 10 µs",False,351972597984.32916,0.0016313444249435169,0.9662965336012138,3487.9009938263443,0.26024395050140875,273987.99474203493,37229.317658821106,55328.46447091097,0.0,0.0,1053.8812198698022,62.15053420119148
tubeBe,"nTOF 5 ns + veto, per-arm coinc (strict)",14.0,no Be window + air,"MM occ ÷10, DAQ 10 µs",False,437344829577.31195,0.0015776146817256587,0.9489342582776444,5381.378243740722,0.3233670655964884,294675.7106935094,40040.35158575667,59506.09115153665,0.0,0.0,1408.3792372803314,53.79507643225822
tubeBe,"nTOF 5 ns + veto, per-arm coinc (strict)",14.0,no Be window + air,"MM occ ÷10, DAQ 10 µs",True,543424405915.04004,0.0015575179345957083,0.9233278873346911,8303.887894757872,0.40180092144703744,304545.739204998,41381.484897461785,61499.22053057726,0.0,0.0,1808.6017422818993,44.744079127879914
tubeBe,"nTOF 5 ns + veto, per-arm coinc (strict)",14.0,no Be window + air,"MM occ ÷10, DAQ 10 µs",False,675233968650.1552,0.0015791577722699675,0.886407405926521,12814.94190075565,0.49925919381395867,298946.8033689406,40620.704991801336,60368.58514353456,0.0,0.0,2205.969348306326,35.347753494626296
tubeBe,"nTOF 5 ns + veto, per-arm coinc (strict)",14.0,no Be window + air,"MM occ ÷10, DAQ 10 µs",False,839014419404.4929,0.0016567904527700432,0.834875489903579,19778.339655831966,0.6203563239976783,274608.36423262116,37313.613077868984,55453.740366123275,0.0,0.0,2517.876727475846,26.131631317652623
tubeBe,"nTOF 5 ns + veto, per-arm coinc (strict)",14.0,no Be window + air,"MM occ ÷10, DAQ 10 µs",False,1042520413147.9036,0.001815653882313951,0.7661210893285046,30527.669049873977,0.7708260027902818,231743.8980339129,31489.216173581277,46797.795066867664,0.0,0.0,2640.2445387542075,17.747857214021103
tubeBe,"nTOF 5 ns + veto, per-arm coinc (strict)",14.0,no Be window + air,"MM occ ÷10, DAQ 10 µs",False,1295387524568.9966,0.002101683947748183,0.6797087969028928,47121.82695832695,0.957792648503523,175772.83545460476,23883.903136312172,35495.135801690456,0.0,0.0,2488.3000399730236,10.833635863734376
tubeBe,"nTOF 5 ns + veto, per-arm coinc (strict)",14.0,no Be window + air,"MM occ ÷10, DAQ 10 µs",False,1609588471982.2002,0.0026022782223502562,0.5789063090692816,72739.52353494272,1.1901087329781959,116886.70230439554,15882.492129918044,23603.8143264622,0.0,0.0,2056.0384724591936,5.797922942262597
tubeBe,"nTOF 5 ns + veto, per-arm coinc (strict)",14.0,no Be window + air,"MM occ ÷10, DAQ 10 µs",False,2000000000000.0002,0.0034939283948703724,0.4710573682043598,112288.36814758579,1.4787739272418905,66345.94213937903,9015.04519424755,13397.737028236934,0.0,0.0,1450.0922754306716,2.648540118560541
tubeBe,"nTOF 5 ns + veto, per-arm coinc (strict)",14.0,no Be window + air,"no MM loss, DREAM",False,1000000000.0,0.025729457417457916,0.9999811618583557,0.06321643129701461,0.0,1355.6547509325374,184.20552114218,273.7575994612919,0.0,0.0,0.014814956416990613,108.23588840502458
tubeBe,"nTOF 5 ns + veto, per-arm coinc (strict)",14.0,no Be window + air,"no MM loss, DREAM",False,1242553630.827767,0.02285263168496257,0.9999740731702514,0.08700504015607946,0.0,1684.4617919862794,228.88361658709965,340.1560878543903,0.0,0.0,0.022873234635073587,108.23512114011616
tubeBe,"nTOF 5 ns + veto, per-arm coinc (strict)",14.0,no Be window + air,"no MM loss, DREAM",False,1543939525.4832668,0.020307911329758368,0.9999638947897124,0.12116279839254684,0.0,2093.012811373136,284.39727401909425,422.657879883573,0.0,0.0,0.035314531571023745,108.23401945330224
tubeBe,"nTOF 5 ns + veto, per-arm coinc (strict)",14.0,no Be window + air,"no MM loss, DREAM",False,1918427663.1677406,0.01805449548268168,0.9999491320707481,0.1707064326498841,0.0,2600.6422736366712,353.3736484087064,525.1673299552067,0.0,0.0,0.054522696172244076,108.23242156719864
tubeBe,"nTOF 5 ns + veto, per-arm coinc (strict)",14.0,no Be window + air,"no MM loss, DREAM",False,2383749258.3495045,0.016057583420334327,0.9999275226411924,0.24323024213409422,0.0,3231.367666518151,439.0762209946973,652.5344707082187,0.0,0.0,0.08417792648742171,108.23008260733113
tubeBe,"nTOF 5 ns + veto, per-arm coinc (strict)",14.0,no Be window + air,"no MM loss, DREAM",False,2961936295.9451733,0.014287201741160101,0.9998956299984277,0.35027146243831203,0.0,4015.0195636210105,545.5583514933303,810.7832151002502,0.0,0.0,0.12996148262937698,108.22663061377877
tubeBe,"nTOF 5 ns + veto, per-arm coinc (strict)",14.0,no Be window + air,"no MM loss, DREAM",False,3680364698.807223,0.012717284404676364,0.9998482190374016,0.5094094079063818,0.0,4988.640584473368,677.8533679182127,1007.3938589756523,0.0,0.0,0.2006431556930038,108.22149894962094
tubeBe,"nTOF 5 ns + veto, per-arm coinc (strict)",14.0,no Be window + air,"no MM loss, DREAM",False,4573050519.273255,0.011324966901612547,0.9997772959891363,0.747495365731713,0.0,6198.213776995623,842.2094181108627,1251.6521063869816,0.0,0.0,0.3097589246512731,108.21382238587137
tubeBe,"nTOF 5 ns + veto, per-arm coinc (strict)",14.0,no Be window + air,"no MM loss, DREAM",False,5682260526.681813,0.010090057298965208,0.9996706320839147,1.105625620980142,0.0,7700.791366141439,1046.3787227769435,1555.0789438807728,0.0,0.0,0.47819802386617327,108.20227730584111
tubeBe,"nTOF 5 ns + veto, per-arm coinc (strict)",14.0,no Be window + air,"no MM loss, DREAM",False,7060513448.737786,0.008994646707503252,0.9995094935879113,1.6468024385938922,0.0,9567.103886964842,1299.9721028583879,1931.9575224375287,0.0,0.0,0.7381898208827111,108.18483600900831
tubeBe,"nTOF 5 ns + veto, per-arm coinc (strict)",14.0,no Be window + air,"no MM loss, DREAM",False,8773066621.237415,0.008022822891654107,0.9992651535936834,2.467740948542893,0.0,11884.733620009176,1614.8901839526857,2399.9739932402076,0.0,0.0,1.1394418258211574,108.15838915445056
tubeBe,"nTOF 5 ns + veto, per-arm coinc (strict)",14.0,no Be window + air,"no MM loss, DREAM",False,10901005783.71244,0.007160454852829295,0.9988935381844577,3.7170719106926677,0.0,14761.927074885423,2005.8414342011524,2980.987391268611,0.0,0.0,1.758575034404262,108.1181662727637
tubeBe,"nTOF 5 ns + veto, per-arm coinc (strict)",14.0,no Be window + air,"no MM loss, DREAM",False,13545084316.226381,0.006395023004522406,0.9983270264746944,5.623412939444631,0.0,18332.083341521986,2490.952038654406,3701.9360019556634,0.0,0.0,2.713593645426294,108.05684821944743
tubeBe,"nTOF 5 ns + veto, per-arm coinc (strict)",14.0,no Be window + air,"no MM loss, DREAM",False,16830493696.995401,0.005715477546914954,0.9974619350735702,8.53866809141689,0.0,22758.85812635724,3092.4594325234652,4595.8680577527975,0.0,0.0,4.185994003457801,107.96321251917263
tubeBe,"nTOF 5 ns + veto, per-arm coinc (strict)",14.0,no Be window + air,"no MM loss, DREAM",False,20912791051.82548,0.005112115171830036,0.9961395219293535,13.004829256298516,0.0,28241.609985819832,3837.4523319846517,5703.041537177361,0.0,0.0,6.454353195752116,107.8200772612676
tubeBe,"nTOF 5 ns + veto, per-arm coinc (strict)",14.0,no Be window + air,"no MM loss, DREAM",False,25985264452.18819,0.004576470173603874,0.9941174085597704,19.857050648487544,0.0,35020.48060324602,4758.561039035199,7071.950063488148,0.0,0.0,9.94490229318624,107.60120790116308
tubeBe,"nTOF 5 ns + veto, per-arm coinc (strict)",14.0,no Be window + air,"no MM loss, DREAM",False,32288084693.086143,0.004101220056891088,0.991027192195031,30.38271153647599,0.0,43379.55938730438,5894.387445151367,8759.961955939007,0.0,0.0,15.306598762706402,107.2667292866062
tubeBe,"nTOF 5 ns + veto, per-arm coinc (strict)",14.0,no Be window + air,"no MM loss, DREAM",False,40119676867.86863,0.0036801080081698264,0.9863129967381177,46.566902493581345,0.0,53645.02649804082,7289.252706826838,10832.945237007372,0.0,0.0,23.520046087718022,106.75647454096115
tubeBe,"nTOF 5 ns + veto, per-arm coinc (strict)",14.0,no Be window + air,"no MM loss, DREAM",False,49850850159.80715,0.0033078854790100642,0.9791457105140657,71.4713208153473,0.0,66172.44423954045,8991.47040794237,13362.701287360638,0.0,0.0,36.04964759851893,105.98070233494104
tubeBe,"nTOF 5 ns + veto, per-arm coinc (strict)",14.0,no Be window + air,"no MM loss, DREAM",False,61942354865.91934,0.0029802777451467142,0.9683109629592379,109.81911239275391,0.0,81312.9734390082,11048.756062448327,16420.1426642073,0.0,0.0,55.04258633509957,104.80797171563458
tubeBe,"nTOF 5 ns + veto, per-arm coinc (strict)",14.0,no Be window + air,"no MM loss, DREAM",False,76966697940.67009,0.0026939732564948016,0.9520803683227556,168.89764613926297,0.0,99342.1938547626,13498.555275844465,20060.919268855552,0.0,0.0,83.55796973848605,103.05120579160776
tubeBe,"nTOF 5 ns + veto, per-arm coinc (strict)",14.0,no Be window + air,"no MM loss, DREAM",False,95635249979.00362,0.0024466327161859645,0.9281037649334734,259.9521119253133,0.0,120329.41729756526,16350.286093701663,24299.02775857774,0.0,0.0,125.75958304663286,100.45602793450585
tubeBe,"nTOF 5 ns + veto, per-arm coinc (strict)",14.0,no Be window + air,"no MM loss, DREAM",False,118831927096.53207,0.0022369042484786292,0.8934152198218711,400.33686425100865,0.0,143927.49560345613,19556.778240245927,29064.365883551243,0.0,0.0,186.9081274422142,96.70141170688147
tubeBe,"nTOF 5 ns + veto, per-arm coinc (strict)",14.0,no Be window + air,"no MM loss, DREAM",False,147655042472.05704,0.0020644152452953314,0.8447249349873109,616.8366098380642,0.0,169091.15035634642,22975.999936927547,34145.85268104543,0.0,0.0,272.84778932953765,91.43127619155985
tubeBe,"nTOF 5 ns + veto, per-arm coinc (strict)",14.0,no Be window + air,"no MM loss, DREAM",False,183469309133.68265,0.0019296920069584258,0.7792188469283855,950.793676910899,0.0,193811.77349918138,26335.022775045392,39137.874760497834,0.0,0.0,388.5928979515585,84.34103298755852
tubeBe,"nTOF 5 ns + veto, per-arm coinc (strict)",14.0,no Be window + air,"no MM loss, DREAM",False,227970456209.51935,0.001833948337346323,0.6959547387097739,1466.0236578080792,0.0,215088.3293921842,29226.067905588614,43434.41033643688,0.0,0.0,535.8542659676984,75.32869848663108
tubeBe,"nTOF 5 ns + veto, per-arm coinc (strict)",14.0,no Be window + air,"no MM loss, DREAM",False,283265518084.60077,0.00177871153065585,0.5974469678742341,2261.0359977214503,0.0,229430.07876333006,31174.815855747147,46330.54807151997,0.0,0.0,710.2239985491665,64.66642153796447
tubeBe,"nTOF 5 ns + veto, per-arm coinc (strict)",14.0,no Be window + air,"no MM loss, DREAM",True,351972597984.32916,0.0017653425279662073,0.49034161947714827,3487.9009938263443,0.0,233972.5415583738,31792.042864212555,47247.84188069816,0.0,0.0,899.9637657326416,53.07356061332005
tubeBe,"nTOF 5 ns + veto, per-arm coinc (strict)",14.0,no Be window + air,"no MM loss, DREAM",False,437344829577.31195,0.0017946254869751954,0.38407609500421697,5381.378243740722,0.0,227718.6265246646,30942.264794116996,45984.94159898157,0.0,0.0,1088.3631527842645,41.57160048961244
tubeBe,"nTOF 5 ns + veto, per-arm coinc (strict)",14.0,no Be window + air,"no MM loss, DREAM",False,543424405915.04004,0.0018666415533856668,0.2878063423995424,8303.887894757872,0.0,212029.74025395437,28810.468723142007,42816.76633847636,0.0,0.0,1259.1782063342264,31.151561995752477
tubeBe,"nTOF 5 ns + veto, per-arm coinc (strict)",14.0,no Be window + air,"no MM loss, DREAM",False,675233968650.1552,0.0019810184586686406,0.20751827562959593,12814.94190075565,0.0,189962.51631248606,25811.98811183358,38360.565193726536,0.0,0.0,1401.7593885936913,22.46134805310422
tubeBe,"nTOF 5 ns + veto, per-arm coinc (strict)",14.0,no Be window + air,"no MM loss, DREAM",False,839014419404.4929,0.002137445374879045,0.14505482252318236,19778.339655831966,0.0,164990.47715914715,22418.803023182183,33317.77278100577,0.0,0.0,1512.793260522262,15.700433350217141
tubeBe,"nTOF 5 ns + veto, per-arm coinc (strict)",14.0,no Be window + air,"no MM loss, DREAM",False,1042520413147.9036,0.002336241568495481,0.09903691181868989,30527.669049873977,0.0,139971.28154095117,19019.21034352853,28265.457707290763,0.0,0.0,1594.6845410222777,10.719550071988595
tubeBe,"nTOF 5 ns + veto, per-arm coinc (strict)",14.0,no Be window + air,"no MM loss, DREAM",False,1295387524568.9966,0.0025788256274119556,0.06647917574168584,47121.82695832695,0.0,116746.16359385841,15863.395817676796,23575.434283533454,0.0,0.0,1652.6983978267772,7.19556819796805
tubeBe,"nTOF 5 ns + veto, per-arm coinc (strict)",14.0,no Be window + air,"no MM loss, DREAM",False,1609588471982.2002,0.0028680522367179433,0.04409875331097879,72739.52353494272,0.0,96227.33243682457,13075.309851165173,19431.911784580716,0.0,0.0,1692.6399127678342,4.77315765958789
tubeBe,"nTOF 5 ns + veto, per-arm coinc (strict)",14.0,no Be window + air,"no MM loss, DREAM",False,2000000000000.0002,0.003208465440133255,0.029017524334927956,112288.36814758579,0.0,78676.97157782593,10690.577775360982,15887.834905763373,0.0,0.0,1719.6058275818416,3.140796692478316
tubeBe,"nTOF 5 ns + veto, per-arm coinc (strict)",14.0,no Be window + air,"no MM loss, no dead time",False,1000000000.0,0.025729215068734913,1.0,0.06321643129701461,0.0,1355.680289429854,184.20899129725024,273.7627566428784,0.0,0.0,0.014815235508495618,108.23792740643235
tubeBe,"nTOF 5 ns + veto, per-arm coinc (strict)",14.0,no Be window + air,"no MM loss, no dead time",False,1242553630.827767,0.022852335434896877,1.0,0.08700504015607946,0.0,1684.5054658727029,228.8895509675188,340.16490725202704,0.0,0.0,0.022873827680909564,108.23792740643235
tubeBe,"nTOF 5 ns + veto, per-arm coinc (strict)",14.0,no Be window + air,"no MM loss, no dead time",False,1543939525.4832668,0.020307544715744637,1.0,0.12116279839254684,0.0,2093.088382769347,284.4075426132278,422.6731405861969,0.0,0.0,0.03531580665564954,108.23792740643235
tubeBe,"nTOF 5 ns + veto, per-arm coinc (strict)",14.0,no Be window + air,"no MM loss, no dead time",False,1918427663.1677406,0.01805403627944251,1.0,0.1707064326498841,0.0,2600.7745696534803,353.3916247088704,525.1940454887562,0.0,0.0,0.05452546976998277,108.23792740643233
tubeBe,"nTOF 5 ns + veto, per-arm coinc (strict)",14.0,no Be window + air,"no MM loss, no dead time",False,2383749258.3495045,0.016057001504172625,1.0,0.24323024213409422,0.0,3231.6018844874566,439.1080463861305,652.5817681111774,0.0,0.0,0.0841840279234194,108.23792740643233
tubeBe,"nTOF 5 ns + veto, per-arm coinc (strict)",14.0,no Be window + air,"no MM loss, no dead time",False,2961936295.9451733,0.014286456144070996,1.0,0.35027146243831203,0.0,4015.4386549597416,545.615297362774,810.867845378547,0.0,0.0,0.12997504812535418,108.23792740643233
tubeBe,"nTOF 5 ns + veto, per-arm coinc (strict)",14.0,no Be window + air,"no MM loss, no dead time",False,3680364698.807223,0.012716319247217537,1.0,0.5094094079063818,0.0,4989.397880086392,677.9562687732865,1007.5467853966023,0.0,0.0,0.20067361412732415,108.23792740643233
tubeBe,"nTOF 5 ns + veto, per-arm coinc (strict)",14.0,no Be window + air,"no MM loss, no dead time",False,4573050519.273255,0.011323705773618123,1.0,0.747495365731713,0.0,6199.59445154571,842.3970233066926,1251.930916423393,0.0,0.0,0.30982792457275293,108.23792740643232
tubeBe,"nTOF 5 ns + veto, per-arm coinc (strict)",14.0,no Be window + air,"no MM loss, no dead time",False,5682260526.681813,0.010088395491544548,1.0,1.105625620980142,0.0,7703.328595427835,1046.7234799082385,1555.5913057474274,0.0,0.0,0.47835557884632557,108.23792740643233
tubeBe,"nTOF 5 ns + veto, per-arm coinc (strict)",14.0,no Be window + air,"no MM loss, no dead time",False,7060513448.737786,0.008992440470984537,1.0,1.6468024385938922,0.0,9571.798915708217,1300.6100604326568,1932.9056250405733,0.0,0.0,0.7385520854162694,108.23792740643235
tubeBe,"nTOF 5 ns + veto, per-arm coinc (strict)",14.0,no Be window + air,"no MM loss, no dead time",False,8773066621.237415,0.008019874578630029,1.0,2.467740948542893,0.0,11893.473496266528,1616.077752881719,2401.7389024415784,0.0,0.0,1.140279756302272,108.23792740643233
tubeBe,"nTOF 5 ns + veto, per-arm coinc (strict)",14.0,no Be window + air,"no MM loss, no dead time",False,10901005783.71244,0.00715649237150408,1.0,3.7170719106926677,0.0,14778.278675939795,2008.0632795431593,2984.28939352908,0.0,0.0,1.7605229858635048,108.23792740643235
tubeBe,"nTOF 5 ns + veto, per-arm coinc (strict)",14.0,no Be window + air,"no MM loss, no dead time",False,13545084316.226381,0.0063896714132277,1.0,5.623412939444631,0.0,18362.803826173556,2495.1263189282654,3708.1396213703524,0.0,0.0,2.718141023396483,108.23792740643233
tubeBe,"nTOF 5 ns + veto, per-arm coinc (strict)",14.0,no Be window + air,"no MM loss, no dead time",False,16830493696.995401,0.005708219812288962,1.0,8.53866809141689,0.0,22816.768566390056,3100.3282669582495,4607.56235015005,0.0,0.0,4.196645361859402,108.23792740643233
tubeBe,"nTOF 5 ns + veto, per-arm coinc (strict)",14.0,no Be window + air,"no MM loss, no dead time",False,20912791051.82548,0.005102238025727894,1.0,13.004829256298516,0.0,28351.05862592483,3852.3241448669323,5725.143327444266,0.0,0.0,6.479366648610756,108.23792740643235
tubeBe,"nTOF 5 ns + veto, per-arm coinc (strict)",14.0,no Be window + air,"no MM loss, no dead time",False,25985264452.18819,0.00456298956700177,1.0,19.857050648487544,0.0,35227.710833453784,4786.71935332988,7113.797628525236,0.0,0.0,10.003750268888197,108.23792740643235
tubeBe,"nTOF 5 ns + veto, per-arm coinc (strict)",14.0,no Be window + air,"no MM loss, no dead time",False,32288084693.086143,0.004082778866695166,1.0,30.38271153647599,0.0,43772.32000185866,5947.7555122335825,8839.275072297989,0.0,0.0,15.445185443200343,108.23792740643233
tubeBe,"nTOF 5 ns + veto, per-arm coinc (strict)",14.0,no Be window + air,"no MM loss, no dead time",False,40119676867.86863,0.003654836411977171,1.0,46.566902493581345,0.0,54389.45514806438,7390.405207001703,10983.27333496924,0.0,0.0,23.84643228417579,108.23792740643235
tubeBe,"nTOF 5 ns + veto, per-arm coinc (strict)",14.0,no Be window + air,"no MM loss, no dead time",False,49850850159.80715,0.0032732119529597483,1.0,71.4713208153473,0.0,67581.81497297164,9182.97482324844,13647.306160739883,0.0,0.0,36.817449345299536,108.23792740643233
tubeBe,"nTOF 5 ns + veto, per-arm coinc (strict)",14.0,no Be window + air,"no MM loss, no dead time",False,61942354865.91934,0.0029326765342323436,1.0,109.81911239275391,0.0,83974.02957259626,11410.338708427322,16957.509821045493,0.0,0.0,56.843915271685965,108.23792740643235
tubeBe,"nTOF 5 ns + veto, per-arm coinc (strict)",14.0,no Be window + air,"no MM loss, no dead time",False,76966697940.67009,0.0026286337834774804,1.0,168.89764613926297,0.0,104342.23534066777,14177.95779113098,21070.6153979376,0.0,0.0,87.76356757117786,108.23792740643233
tubeBe,"nTOF 5 ns + veto, per-arm coinc (strict)",14.0,no Be window + air,"no MM loss, no dead time",False,95635249979.00362,0.002357040506092818,1.0,259.9521119253133,0.0,129650.82337123208,17616.87293109262,26181.369666482817,0.0,0.0,135.5016408705629,108.23792740643235
tubeBe,"nTOF 5 ns + veto, per-arm coinc (strict)",14.0,no Be window + air,"no MM loss, no dead time",False,118831927096.53207,0.0021143363079569807,1.0,400.33686425100865,0.0,161098.1013197339,21889.909424360547,32531.75593913219,0.0,0.0,209.2063391079009,108.23792740643233
tubeBe,"nTOF 5 ns + veto, per-arm coinc (strict)",14.0,no Be window + air,"no MM loss, no dead time",False,147655042472.05704,0.0018973817309192041,1.0,616.8366098380642,0.0,200173.03071429566,27199.386433730262,40422.45145937163,0.0,0.0,323.0019359303466,108.23792740643233
tubeBe,"nTOF 5 ns + veto, per-arm coinc (strict)",14.0,no Be window + air,"no MM loss, no dead time",False,183469309133.68265,0.0017034042327253784,1.0,950.793676910899,0.0,248725.72610784622,33796.69636951905,50227.0638278014,0.0,0.0,498.6954556904759,108.23792740643235
tubeBe,"nTOF 5 ns + veto, per-arm coinc (strict)",14.0,no Be window + air,"no MM loss, no dead time",False,227970456209.51935,0.0015299512595226823,1.0,1466.0236578080792,0.0,309055.054055577,41994.207783929516,62409.82052505263,0.0,0.0,769.9556252194147,108.23792740643233
tubeBe,"nTOF 5 ns + veto, per-arm coinc (strict)",14.0,no Be window + air,"no MM loss, no dead time",False,283265518084.60077,0.0013748496299523323,1.0,2261.0359977214503,0.0,384017.4795424292,52180.0553556573,77547.54909271345,0.0,0.0,1188.7649226444355,108.23792740643235
tubeBe,"nTOF 5 ns + veto, per-arm coinc (strict)",14.0,no Be window + air,"no MM loss, no dead time",False,351972597984.32916,0.0012361704626582019,1.0,3487.9009938263443,0.0,477162.31350677303,64836.51723896585,96356.9886869456,0.0,0.0,1835.3811505788017,108.23792740643233
tubeBe,"nTOF 5 ns + veto, per-arm coinc (strict)",14.0,no Be window + air,"no MM loss, no dead time",False,437344829577.31195,0.0011121989223565787,1.0,5381.378243740722,0.0,592899.7651420204,80562.84990550444,119728.72614859478,0.0,0.0,2833.7175027055896,108.23792740643232
tubeBe,"nTOF 5 ns + veto, per-arm coinc (strict)",14.0,no Be window + air,"no MM loss, no dead time",False,543424405915.04004,0.001001408122289985,1.0,8303.887894757872,0.0,736709.7558941478,100103.66165991698,148769.36339031986,0.0,0.0,4375.088456480898,108.23792740643233
tubeBe,"nTOF 5 ns + veto, per-arm coinc (strict)",14.0,no Be window + air,"no MM loss, no dead time",False,675233968650.1552,0.0009024365929103649,1.0,12814.94190075565,0.0,915401.3820525112,124384.16825468415,184853.91263657747,0.0,0.0,6754.871995446433,108.23792740643233
tubeBe,"nTOF 5 ns + veto, per-arm coinc (strict)",14.0,no Be window + air,"no MM loss, no dead time",False,839014419404.4929,0.0008140688005951963,1.0,19778.339655831966,0.0,1137435.3109341038,154553.9998823497,229690.90031929815,0.0,0.0,10429.113863349772,108.23792740643235
tubeBe,"nTOF 5 ns + veto, per-arm coinc (strict)",14.0,no Be window + air,"no MM loss, no dead time",False,1042520413147.9036,0.0007352182720710533,1.0,30527.669049873977,0.0,1413324.3754328806,192041.6337127678,285403.2621598426,0.0,0.0,16101.921109391204,108.23792740643233
tubeBe,"nTOF 5 ns + veto, per-arm coinc (strict)",14.0,no Be window + air,"no MM loss, no dead time",False,1295387524568.9966,0.000664912948491738,1.0,47121.82695832695,0.0,1756131.3342315191,238622.02923989674,354628.8596468029,0.0,0.0,24860.392437002658,108.23792740643233
tubeBe,"nTOF 5 ns + veto, per-arm coinc (strict)",14.0,no Be window + air,"no MM loss, no dead time",False,1609588471982.2002,0.0006022824563905148,1.0,72739.52353494272,0.0,2182087.3655597856,296500.66882752336,440645.37715044565,0.0,0.0,38382.94250251369,108.23792740643233
tubeBe,"nTOF 5 ns + veto, per-arm coinc (strict)",14.0,no Be window + air,"no MM loss, no dead time",True,2000000000000.0002,0.0005465470371602136,1.0,112288.36814758579,0.0,2711360.5788597087,368417.9825945005,547525.5132857569,0.0,0.0,59260.94203398249,108.23792740643233
tubeBe,"nTOF 5 ns + veto, per-arm coinc (strict)",14.0,oracle: no accidentals,MM occ + DREAM,False,1000000000.0,0.0259516914336334,0.9996564835379222,1.153135926803617,0.008458494367821364,1332.4812727653136,181.05672339737512,269.07800404817965,0.0,0.0,0.0,106.38571084680888
tubeBe,"nTOF 5 ns + veto, per-arm coinc (strict)",14.0,oracle: no accidentals,MM occ + DREAM,False,1242553630.827767,0.02309819414855682,0.9995657188159682,1.4579525708714747,0.010510132888072652,1648.7499378857756,224.03111214892203,332.9445235205209,0.0,0.0,0.0,105.94045534651077
tubeBe,"nTOF 5 ns + veto, per-arm coinc (strict)",14.0,oracle: no accidentals,MM occ + DREAM,False,1543939525.4832668,0.02057947346865477,0.999448894518847,1.8503669995868215,0.013059403780557002,2038.0034047006893,276.9226301860315,411.5494150564627,0.0,0.0,0.0,105.38936931091054
tubeBe,"nTOF 5 ns + veto, per-arm coinc (strict)",14.0,oracle: no accidentals,MM occ + DREAM,False,1918427663.1677406,0.01835505605857773,0.9992974944466279,2.359058437466118,0.016227009583977034,2515.95521970879,341.86642439606584,508.0658337425479,0.0,0.0,0.0,104.70795185641865
tubeBe,"nTOF 5 ns + veto, per-arm coinc (strict)",14.0,oracle: no accidentals,MM occ + DREAM,False,2383749258.3495045,0.016390529938183566,0.999099747109748,3.0237049523170882,0.020162929676047638,3101.083095308886,421.3732348030587,626.2251235558133,0.0,0.0,0.0,103.86638544883563
tubeBe,"nTOF 5 ns + veto, per-arm coinc (strict)",14.0,oracle: no accidentals,MM occ + DREAM,False,2961936295.9451733,0.014656387452766465,0.998839193680403,3.8998501908710983,0.025053521477097922,3814.761215943163,518.3473722438611,770.3435349422597,0.0,0.0,0.0,102.82857815649268
tubeBe,"nTOF 5 ns + veto, per-arm coinc (strict)",14.0,oracle: no accidentals,MM occ + DREAM,False,3680364698.807223,0.013127125168320371,0.9984925640943906,5.066146641718222,0.031130344076389465,4681.160155985787,636.0731192733316,945.3020144804466,0.0,0.0,0.0,101.55114611398756
tubeBe,"nTOF 5 ns + veto, per-arm coinc (strict)",14.0,oracle: no accidentals,MM occ + DREAM,False,4573050519.273255,0.011780563573382075,0.9980266116293708,6.635202457638874,0.0386811220610354,5726.739217084692,778.1457492793027,1156.443688727913,0.0,0.0,0.0,99.98240828476096
tubeBe,"nTOF 5 ns + veto, per-arm coinc (strict)",14.0,oracle: no accidentals,MM occ + DREAM,False,5682260526.681813,0.010597351998819513,0.9973933789382703,8.76991037581238,0.04806336866143177,6979.070620861445,948.311758520762,1409.3364245753564,0.0,0.0,0.0,98.0615236475203
tubeBe,"nTOF 5 ns + veto, per-arm coinc (strict)",14.0,oracle: no accidentals,MM occ + DREAM,False,7060513448.737786,0.00956062553519416,0.9965231054628723,11.708139298209307,0.05972131324007556,8464.623884921777,1150.1678085235092,1709.325411565806,0.0,0.0,0.0,95.71798923558217
tubeBe,"nTOF 5 ns + veto, per-arm coinc (strict)",14.0,oracle: no accidentals,MM occ + DREAM,False,8773066621.237415,0.008655784224140605,0.9953136027429951,15.80021135913631,0.07420693460425828,10205.007405344611,1386.6500346553632,2060.7741962694404,0.0,0.0,0.0,92.87184698974009
tubeBe,"nTOF 5 ns + veto, per-arm coinc (strict)",14.0,oracle: no accidentals,MM occ + DREAM,False,10901005783.71244,0.007870372489823496,0.9936143813527087,21.5659625065952,0.0922060960251198,12211.03632598246,1659.227991910476,2465.8667623420192,0.0,0.0,0.0,89.4351292455207
tubeBe,"nTOF 5 ns + veto, per-arm coinc (strict)",14.0,oracle: no accidentals,MM occ + DREAM,False,13545084316.226381,0.007194049329403457,0.9912030829229593,29.781844378623745,0.11457101940046635,14473.931592466637,1966.7087878625077,2922.8302890503437,0.0,0.0,0.0,85.31531305464728
tubeBe,"nTOF 5 ns + veto, per-arm coinc (strict)",14.0,oracle: no accidentals,MM occ + DREAM,False,16830493696.995401,0.006618657428878261,0.9877508799886222,41.614166487865184,0.14236063614368857,16953.08287809296,2303.5743166742955,3423.464026502728,0.0,0.0,0.0,80.4218418806785
tubeBe,"nTOF 5 ns + veto, per-arm coinc (strict)",14.0,oracle: no accidentals,MM occ + DREAM,False,20912791051.82548,0.006138423571340364,0.9827726477990746,58.823276007915695,0.17689072532729086,19560.36745571671,2657.8505172015875,3949.9726870534596,0.0,0.0,0.0,74.67705741255872
tubeBe,"nTOF 5 ns + veto, per-arm coinc (strict)",14.0,oracle: no accidentals,MM occ + DREAM,False,25985264452.18819,0.005750358225270119,0.9755574923117615,84.07688785786398,0.2197962130151825,22142.401761529913,3008.6957265604833,4471.38236957026,0.0,0.0,0.0,68.03302337183295
tubeBe,"nTOF 5 ns + veto, per-arm coinc (strict)",14.0,oracle: no accidentals,MM occ + DREAM,False,32288084693.086143,0.005454980108583084,0.9650771592690978,121.43147268813195,0.27310858252420833,24464.84688246405,3324.26811955472,4940.371248007172,0.0,0.0,0.0,60.49540716053403
tubeBe,"nTOF 5 ns + veto, per-arm coinc (strict)",14.0,oracle: no accidentals,MM occ + DREAM,False,40119676867.86863,0.005257594976921231,0.9498772415658329,177.07254010667228,0.33935206082567987,26207.448181146727,3561.0516960118334,5292.267885419715,0.0,0.0,0.0,52.154224858782186
tubeBe,"nTOF 5 ns + veto, per-arm coinc (strict)",14.0,oracle: no accidentals,MM occ + DREAM,True,49850850159.80715,0.005170555191847265,0.9279749723496661,260.45392479374607,0.4216631353078355,26984.487151903908,3666.635266207451,5449.181231665158,0.0,0.0,0.0,43.217912431261134
tubeBe,"nTOF 5 ns + veto, per-arm coinc (strict)",14.0,oracle: no accidentals,MM occ + DREAM,False,61942354865.91934,0.0052173223836004395,0.8968259488410183,386.05221964410157,0.5239390597629711,26409.822016547718,3588.5501264122995,5333.134761986216,0.0,0.0,0.0,34.04081491376635
tubeBe,"nTOF 5 ns + veto, per-arm coinc (strict)",14.0,oracle: no accidentals,MM occ + DREAM,False,76966697940.67009,0.0054399881013925235,0.8534834980649726,576.0698537120426,0.6510223810409661,24220.57279562818,3291.0763091500585,4891.043137308789,0.0,0.0,0.0,25.124865222948124
tubeBe,"nTOF 5 ns + veto, per-arm coinc (strict)",14.0,oracle: no accidentals,MM occ + DREAM,False,95635249979.00362,0.005913752168723684,0.7951330027818038,864.6014473331543,0.8089302233125903,20445.00374187601,2778.0543434347505,4128.613971590495,0.0,0.0,0.0,17.068343827644636
tubeBe,"nTOF 5 ns + veto, per-arm coinc (strict)",14.0,oracle: no accidentals,MM occ + DREAM,False,118831927096.53207,0.006776194401353365,0.7201450269504857,1304.057672652278,1.0051391860633756,15540.235065830957,2111.5974380676403,3138.157000342178,0.0,0.0,0.0,10.441108996039185
tubeBe,"nTOF 5 ns + veto, per-arm coinc (strict)",14.0,oracle: no accidentals,MM occ + DREAM,False,147655042472.05704,0.008290068021822885,0.6294963393298078,1975.0724461017,1.2489393451303188,10365.346914312266,1408.436867024556,2093.1527639273136,0.0,0.0,0.0,5.604769348050313
tubeBe,"nTOF 5 ns + veto, per-arm coinc (strict)",14.0,oracle: no accidentals,MM occ + DREAM,False,183469309133.68265,0.010987818335527665,0.5278348171999061,3001.785540698599,1.5518741179753315,5892.207182891209,800.6294331617652,1189.8578843966666,0.0,0.0,0.0,2.5641106905399416
tubeBe,"nTOF 5 ns + veto, per-arm coinc (strict)",14.0,oracle: no accidentals,MM occ + DREAM,False,227970456209.51935,0.016032720555478296,0.42310571293722266,4575.4212485082,1.9282868198778864,2764.369474900177,375.620798291926,558.2299998964887,0.0,0.0,0.0,0.9681434379487495
tubeBe,"nTOF 5 ns + veto, per-arm coinc (strict)",14.0,oracle: no accidentals,MM occ + DREAM,False,283265518084.60077,0.02621207423984096,0.32433623223353036,6990.671576035082,2.3959997893165963,1033.2549293103875,140.39803467322332,208.65296926446933,0.0,0.0,0.0,0.2912298996501264
tubeBe,"nTOF 5 ns + veto, per-arm coinc (strict)",14.0,oracle: no accidentals,MM occ + DREAM,False,351972597984.32916,0.0489931594500002,0.23871194155052644,10701.843810856244,2.9771582376779016,295.53811020487495,40.15753389291456,59.680241996245165,0.0,0.0,0.0,0.06703889140594377
tubeBe,"nTOF 5 ns + veto, per-arm coinc (strict)",14.0,oracle: no accidentals,MM occ + DREAM,False,437344829577.31195,0.10726412874755739,0.1697782490205061,16409.51680327458,3.699278777775487,61.61842710223235,8.372673402664143,12.443074222610225,0.0,0.0,0.0,0.011248867400027387
tubeBe,"nTOF 5 ns + veto, per-arm coinc (strict)",14.0,oracle: no accidentals,MM occ + DREAM,False,543424405915.04004,0.2836107573706341,0.11753782703519766,25194.29305704836,4.596552276769037,8.809667136301071,1.1970520700902496,1.7790026004982675,0.0,0.0,0.0,0.0012943226343140688
tubeBe,"nTOF 5 ns + veto, per-arm coinc (strict)",14.0,oracle: no accidentals,MM occ + DREAM,False,675233968650.1552,0.9416881044289437,0.07974780710635697,38723.25420694214,5.7114627207890045,0.7987609540516218,0.10853513972336308,0.16129983033966808,0.0,0.0,0.0,9.444625260001256e-05
tubeBe,"nTOF 5 ns + veto, per-arm coinc (strict)",14.0,oracle: no accidentals,MM occ + DREAM,False,839014419404.4929,4.127621555510579,0.05332918384848223,59568.65408314039,7.096798741053815,0.04156143929098315,0.005647342421621929,0.00839281523752943,0.0,0.0,0.0,3.954971333877375e-06
tubeBe,"nTOF 5 ns + veto, per-arm coinc (strict)",14.0,oracle: no accidentals,MM occ + DREAM,False,1042520413147.9036,25.447174270426487,0.03530254994758727,91699.88485485595,8.818153042950343,0.001093194684017734,0.00014854261111896372,0.0002207570564958933,0.0,0.0,0.0,8.372113925620787e-08
tubeBe,"nTOF 5 ns + veto, per-arm coinc (strict)",14.0,oracle: no accidentals,MM occ + DREAM,False,1295387524568.9966,239.01822241454852,0.0232070260794166,141242.94773180102,10.957028080712917,1.2388616672683506e-05,1.6833574985464195e-06,2.5017269025369622e-06,0.0,0.0,0.0,7.635637300844694e-10
tubeBe,"nTOF 5 ns + veto, per-arm coinc (strict)",14.0,oracle: no accidentals,MM occ + DREAM,False,1609588471982.2002,3780.6717210753213,0.015183592191901471,217652.91141700774,13.614695024771637,4.950770806623891e-08,6.727076461483425e-09,9.997465288061722e-09,0.0,0.0,0.0,2.4557273903456804e-12
tubeBe,"nTOF 5 ns + veto, per-arm coinc (strict)",14.0,oracle: no accidentals,MM occ + DREAM,False,2000000000000.0002,114121.53815393907,0.009902348676966112,335523.9699586223,16.91698873564273,5.432700648236477e-11,7.381919721296797e-12,1.0970662604398113e-11,0.0,0.0,0.0,2.1687423759476426e-15
tubeBe,"nTOF 5 ns + veto, per-arm coinc (strict)",14.0,oracle: no accidentals,"MM occ ÷10, DAQ 10 µs",False,1000000000.0,0.025750604973525115,0.9999884687737026,1.153135926803617,0.0008458494367821365,1353.3732191585489,183.89550802922415,273.29687252391193,0.0,0.0,0.0,108.05373021296862
tubeBe,"nTOF 5 ns + veto, per-arm coinc (strict)",14.0,oracle: no accidentals,"MM occ ÷10, DAQ 10 µs",False,1242553630.827767,0.02287593355415609,0.9999854206868508,1.4579525708714747,0.0010510132888072652,1680.9438021506758,228.40559432472463,339.4456736049942,0.0,0.0,0.0,108.00907264329793
tubeBe,"nTOF 5 ns + veto, per-arm coinc (strict)",14.0,oracle: no accidentals,"MM occ ÷10, DAQ 10 µs",False,1543939525.4832668,0.02033359217036465,0.9999814966723837,1.8503669995868215,0.0013059403780557003,2087.589990655428,283.6604245257562,421.5628087521013,0.0,0.0,0.0,107.95359418315441
tubeBe,"nTOF 5 ns + veto, per-arm coinc (strict)",14.0,oracle: no accidentals,"MM occ ÷10, DAQ 10 µs",False,1918427663.1677406,0.018082799478488572,0.9999764099721279,2.359058437466118,0.0016227009583977036,2592.2865390235925,352.23827640645493,523.4799933764511,0.0,0.0,0.0,107.88467616587448
tubeBe,"nTOF 5 ns + veto, per-arm coinc (strict)",14.0,oracle: no accidentals,"MM occ ÷10, DAQ 10 µs",False,2383749258.3495045,0.016088775865547703,0.9999697638647285,3.0237049523170882,0.002016292967604764,3218.4990947290794,437.32764749460006,649.9358228452226,0.0,0.0,0.0,107.79906802418702
tubeBe,"nTOF 5 ns + veto, per-arm coinc (strict)",14.0,oracle: no accidentals,"MM occ ÷10, DAQ 10 µs",False,2961936295.9451733,0.014321570585772485,0.9999610030189151,3.8998501908710983,0.0025053521477097925,3995.2129959590948,542.8670474458278,806.7835253466726,0.0,0.0,0.0,107.69273581000355
tubeBe,"nTOF 5 ns + veto, per-arm coinc (strict)",14.0,oracle: no accidentals,"MM occ ÷10, DAQ 10 µs",False,3680364698.807223,0.012755141519687537,0.9999493411000371,5.066146641718222,0.0031130344076389467,4958.178860884656,673.714247936014,1001.2424931361104,0.0,0.0,0.0,107.56067495728531
tubeBe,"nTOF 5 ns + veto, per-arm coinc (strict)",14.0,oracle: no accidentals,"MM occ ÷10, DAQ 10 µs",False,4573050519.273255,0.011366648696259266,0.9999336523777226,6.635202457638874,0.00386811220610354,6151.409881904616,835.8497340683051,1242.2006424676183,0.0,0.0,0.0,107.39667916161808
tubeBe,"nTOF 5 ns + veto, per-arm coinc (strict)",14.0,oracle: no accidentals,"MM occ ÷10, DAQ 10 µs",False,5682260526.681813,0.010135924174754445,0.9999123085867002,8.76991037581238,0.004806336866143178,7628.964727194417,1036.6189639223928,1540.5744483652416,0.0,0.0,0.0,107.1930555861795
tubeBe,"nTOF 5 ns + veto, per-arm coinc (strict)",14.0,oracle: no accidentals,"MM occ ÷10, DAQ 10 µs",False,7060513448.737786,0.009045080659054624,0.9998829323134658,11.708139298209307,0.005972131324007556,9457.043663563101,1285.0171884195922,1909.73223053787,0.0,0.0,0.0,106.94027471224477
tubeBe,"nTOF 5 ns + veto, per-arm coinc (strict)",14.0,oracle: no accidentals,"MM occ ÷10, DAQ 10 µs",False,8773066621.237415,0.008078222341986466,0.9998420228471326,15.80021135913631,0.0074206934604258284,11716.410049078193,1592.0184822288322,2365.9831436679847,0.0,0.0,0.0,106.6265410818973
tubeBe,"nTOF 5 ns + veto, per-arm coinc (strict)",14.0,oracle: no accidentals,"MM occ ÷10, DAQ 10 µs",False,10901005783.71244,0.007221225508057141,0.99978438687398,21.5659625065952,0.00922060960251198,14505.118542933167,1970.946451220063,2929.128105429008,0.0,0.0,0.0,106.23726905541352
tubeBe,"nTOF 5 ns + veto, per-arm coinc (strict)",14.0,oracle: no accidentals,"MM occ ÷10, DAQ 10 µs",False,13545084316.226381,0.006461563088389001,0.9997022702256317,29.781844378623745,0.011457101940046635,17941.475675224785,2437.8765128371483,3623.0576466936445,0.0,0.0,0.0,105.75444578519549
tubeBe,"nTOF 5 ns + veto, per-arm coinc (strict)",14.0,oracle: no accidentals,"MM occ ÷10, DAQ 10 µs",False,16830493696.995401,0.005788155183764725,0.9995840314369717,41.614166487865184,0.014236063614368858,22167.06318208156,3012.046704987475,4476.362436423477,0.0,0.0,0.0,105.15586238842891
tubeBe,"nTOF 5 ns + veto, per-arm coinc (strict)",14.0,oracle: no accidentals,"MM occ ÷10, DAQ 10 µs",False,20912791051.82548,0.005191234884139672,0.9994121130542815,58.823276007915695,0.017689072532729087,27349.497777288703,3716.2326820872595,5522.890583190293,0.0,0.0,0.0,104.41419468949341
tubeBe,"nTOF 5 ns + veto, per-arm coinc (strict)",14.0,oracle: no accidentals,"MM occ ÷10, DAQ 10 µs",False,25985264452.18819,0.004662224416369202,0.9991599374198948,84.07688785786398,0.021979621301518253,33684.35055387528,4577.008522150824,6802.1352344306615,0.0,0.0,0.0,103.49591851766995
tubeBe,"nTOF 5 ns + veto, per-arm coinc (strict)",14.0,oracle: no accidentals,"MM occ ÷10, DAQ 10 µs",False,32288084693.086143,0.00419362043320364,0.9987871580449661,121.43147268813195,0.027310858252420835,41395.2590938866,5624.7619601964625,8359.257215618716,0.0,0.0,0.0,102.360054221122
tubeBe,"nTOF 5 ns + veto, per-arm coinc (strict)",14.0,oracle: no accidentals,"MM occ ÷10, DAQ 10 µs",False,40119676867.86863,0.0037788894017872806,0.9982324045251393,177.07254010667228,0.03393520608256799,50730.67332467634,6893.252217231178,10244.42789645747,0.0,0.0,0.0,100.95675571023196
tubeBe,"nTOF 5 ns + veto, per-arm coinc (strict)",14.0,oracle: no accidentals,"MM occ ÷10, DAQ 10 µs",False,49850850159.80715,0.0034123751263609122,0.9974022267544378,260.45392479374607,0.04216631353078355,61954.80435511283,8418.380133765553,12511.001421034895,0.0,0.0,0.0,99.22579940994974
tubeBe,"nTOF 5 ns + veto, per-arm coinc (strict)",14.0,oracle: no accidentals,"MM occ ÷10, DAQ 10 µs",False,61942354865.91934,0.003089221049414901,0.9961543241206516,386.05221964410157,0.05239390597629711,75329.1123158324,10235.672749105603,15211.776407633848,0.0,0.0,0.0,97.09510228258503
tubeBe,"nTOF 5 ns + veto, per-arm coinc (strict)",14.0,oracle: no accidentals,"MM occ ÷10, DAQ 10 µs",False,76966697940.67009,0.002805310644610971,0.9942722970329828,576.0698537120426,0.06510223810409661,91079.02858407404,12375.761538040575,18392.275916335642,0.0,0.0,0.0,94.47952932908953
tubeBe,"nTOF 5 ns + veto, per-arm coinc (strict)",14.0,oracle: no accidentals,"MM occ ÷10, DAQ 10 µs",False,95635249979.00362,0.002557230405432991,0.9914280983127206,864.6014473331543,0.08089302233125904,109338.65215392098,14856.867788160647,22079.579569503658,0.0,0.0,0.0,91.28047772336176
tubeBe,"nTOF 5 ns + veto, per-arm coinc (strict)",14.0,oracle: no accidentals,"MM occ ÷10, DAQ 10 µs",False,118831927096.53207,0.0023422621401187793,0.9871272908251502,1304.057672652278,0.10051391860633757,130064.35763863166,17673.063709153255,26264.87776340825,0.0,0.0,0.0,87.38710378909957
tubeBe,"nTOF 5 ns + veto, per-arm coinc (strict)",14.0,oracle: no accidentals,"MM occ ÷10, DAQ 10 µs",False,147655042472.05704,0.0021584151990207585,0.9806318112973578,1975.0724461017,0.12489393451303188,152907.94404688888,20777.03596772048,30877.855642849405,0.0,0.0,0.0,82.68066326695232
tubeBe,"nTOF 5 ns + veto, per-arm coinc (strict)",14.0,oracle: no accidentals,"MM occ ÷10, DAQ 10 µs",False,183469309133.68265,0.002004516034724474,0.9708569562659424,3001.785540698599,0.15518741179753315,177044.2722065021,24056.665168327665,35751.88662473507,0.0,0.0,0.0,77.04432260659307
tubeBe,"nTOF 5 ns + veto, per-arm coinc (strict)",14.0,oracle: no accidentals,"MM occ ÷10, DAQ 10 µs",False,227970456209.51935,0.0018803841690487387,0.9562476421908416,4575.4212485082,0.19282868198778866,200963.5816836503,27306.806005858976,40582.09338551356,0.0,0.0,0.0,70.38189888879788
tubeBe,"nTOF 5 ns + veto, per-arm coinc (strict)",14.0,oracle: no accidentals,"MM occ ÷10, DAQ 10 µs",False,283265518084.60077,0.001787143974967653,0.9346609244239857,6990.671576035082,0.23959997893165963,222275.2881090538,30202.62736879828,44885.7271738575,0.0,0.0,0.0,62.64979533551005
tubeBe,"nTOF 5 ns + veto, per-arm coinc (strict)",14.0,oracle: no accidentals,"MM occ ÷10, DAQ 10 µs",False,351972597984.32916,0.001727757917324762,0.9033273210052285,10701.843810856244,0.29771582376779016,237639.48488238515,32290.304833592072,47988.33543265262,0.0,0.0,0.0,53.905357957898495
tubeBe,"nTOF 5 ns + veto, per-arm coinc (strict)",14.0,oracle: no accidentals,"MM occ ÷10, DAQ 10 µs",True,437344829577.31195,0.001707933880480621,0.8590362948503109,16409.51680327458,0.36992787777754876,243039.86748196647,33024.10544944853,49078.875465516394,0.0,0.0,0.0,44.36859833648404
tubeBe,"nTOF 5 ns + veto, per-arm coinc (strict)",14.0,oracle: no accidentals,"MM occ ÷10, DAQ 10 µs",False,543424405915.04004,0.0017376897278047344,0.7987584542246836,25194.29305704836,0.4596552276769037,234671.54412927452,31887.02289711836,47388.996747522055,0.0,0.0,0.0,34.47811211213195
tubeBe,"nTOF 5 ns + veto, per-arm coinc (strict)",14.0,oracle: no accidentals,"MM occ ÷10, DAQ 10 µs",False,675233968650.1552,0.0018341296193565386,0.7208596754140713,38723.25420694214,0.5711462720789005,210557.61228812084,28610.436894280116,42519.48842332192,0.0,0.0,0.0,24.896531729734708
tubeBe,"nTOF 5 ns + veto, per-arm coinc (strict)",14.0,oracle: no accidentals,"MM occ ÷10, DAQ 10 µs",False,839014419404.4929,0.002026588865418215,0.6266894997302966,59568.65408314039,0.7096798741053816,172408.63685448028,23426.777930993172,34815.777777645184,0.0,0.0,0.0,16.406342708643333
tubeBe,"nTOF 5 ns + veto, per-arm coinc (strict)",14.0,oracle: no accidentals,"MM occ ÷10, DAQ 10 µs",False,1042520413147.9036,0.00236671433717488,0.5216487223021246,91699.88485485595,0.8818153042950343,126381.92200858092,17172.69665490186,25521.255733123642,0.0,0.0,0.0,9.678823586171008
tubeBe,"nTOF 5 ns + veto, per-arm coinc (strict)",14.0,oracle: no accidentals,"MM occ ÷10, DAQ 10 µs",False,1295387524568.9966,0.0029495035310392968,0.4145198893489471,141242.94773180102,1.0957028080712916,81355.51504094285,11054.536588757996,16428.733411087986,0.0,0.0,0.0,5.014290309310989
tubeBe,"nTOF 5 ns + veto, per-arm coinc (strict)",14.0,oracle: no accidentals,"MM occ ÷10, DAQ 10 µs",False,1609588471982.2002,0.003960266612834624,0.3148090145118242,217652.91141700774,1.3614695024771637,45119.25396904612,6130.776058725378,9111.271618053073,0.0,0.0,0.0,2.2380472078308253
tubeBe,"nTOF 5 ns + veto, per-arm coinc (strict)",14.0,oracle: no accidentals,"MM occ ÷10, DAQ 10 µs",False,2000000000000.0002,0.005787398433838957,0.22960848747199994,335523.9699586223,1.691698873564273,21124.39324070513,2870.369364353061,4265.808222686308,0.0,0.0,0.0,0.8432889966460927
tubeBe,"nTOF 5 ns + veto, per-arm coinc (strict)",14.0,oracle: no accidentals,"no MM loss, DREAM",False,1000000000.0,0.025733104957295812,0.9996564835379222,1.153135926803617,0.0,1355.2145909331202,184.14571247627686,273.6687146292678,0.0,0.0,0.0,108.20074589654703
tubeBe,"nTOF 5 ns + veto, per-arm coinc (strict)",14.0,oracle: no accidentals,"no MM loss, DREAM",False,1242553630.827767,0.022856700347555617,0.9995657188159682,1.4579525708714747,0.0,1683.773916844476,228.79014854231212,340.01718003333957,0.0,0.0,0.0,108.19092171116115
tubeBe,"nTOF 5 ns + veto, per-arm coinc (strict)",14.0,oracle: no accidentals,"no MM loss, DREAM",False,1543939525.4832668,0.020312465094920868,0.999448894518847,1.8503669995868215,0.0,2091.9348702890647,284.25080405761236,422.4402031016837,0.0,0.0,0.0,108.17827689137003
tubeBe,"nTOF 5 ns + veto, per-arm coinc (strict)",14.0,oracle: no accidentals,"no MM loss, DREAM",False,1918427663.1677406,0.01805961195802387,0.9992974944466279,2.359058437466118,0.0,2598.9475110752296,353.1433651299971,524.8250937552023,0.0,0.0,0.0,108.16188966134382
tubeBe,"nTOF 5 ns + veto, per-arm coinc (strict)",14.0,oracle: no accidentals,"no MM loss, DREAM",False,2383749258.3495045,0.016063358289218704,0.999099747109748,3.0237049523170882,0.0,3228.692625550803,438.71273809823856,651.9942794883098,0.0,0.0,0.0,108.14048589944983
tubeBe,"nTOF 5 ns + veto, per-arm coinc (strict)",14.0,oracle: no accidentals,"no MM loss, DREAM",False,2961936295.9451733,0.014293754913861612,0.998839193680403,3.8998501908710983,0.0,4010.77750839311,544.9819436775264,809.9265848592739,0.0,0.0,0.0,108.11228413627889
tubeBe,"nTOF 5 ns + veto, per-arm coinc (strict)",14.0,oracle: no accidentals,"no MM loss, DREAM",False,3680364698.807223,0.012724768489103217,0.9984925640943906,5.066146641718222,0.0,4981.87668257458,676.9342931513048,1006.0279731957141,0.0,0.0,0.0,108.07476566831114
tubeBe,"nTOF 5 ns + veto, per-arm coinc (strict)",14.0,oracle: no accidentals,"no MM loss, DREAM",False,4573050519.273255,0.011333578822944522,0.9980266116293708,6.635202457638874,0.0,6187.360243952412,840.7346468174466,1249.460370512092,0.0,0.0,0.0,108.02433193922745
tubeBe,"nTOF 5 ns + veto, per-arm coinc (strict)",14.0,oracle: no accidentals,"no MM loss, DREAM",False,5682260526.681813,0.01010005419643413,0.9973933789382703,8.76991037581238,0.0,7683.248936865569,1043.995068439703,1551.536468686423,0.0,0.0,0.0,107.95579214517677
tubeBe,"nTOF 5 ns + veto, per-arm coinc (strict)",14.0,oracle: no accidentals,"no MM loss, DREAM",False,7060513448.737786,0.00900636765363268,0.9965231054628723,11.708139298209307,0.0,9538.518780347706,1296.087976418605,1926.1851160320862,0.0,0.0,0.0,107.86159554792287
tubeBe,"nTOF 5 ns + veto, per-arm coinc (strict)",14.0,oracle: no accidentals,"no MM loss, DREAM",False,8773066621.237415,0.008036718549698953,0.9953136027429951,15.80021135913631,0.0,11837.735954697366,1608.5041705335077,2390.4833998371337,0.0,0.0,0.0,107.73068148033093
tubeBe,"nTOF 5 ns + veto, per-arm coinc (strict)",14.0,oracle: no accidentals,"no MM loss, DREAM",False,10901005783.71244,0.007177127946827635,0.9936143813527087,21.5659625065952,0.0,14683.910224051846,1995.2405532203675,2965.2328595288463,0.0,0.0,0.0,107.54676127884166
tubeBe,"nTOF 5 ns + veto, per-arm coinc (strict)",14.0,oracle: no accidentals,"no MM loss, DREAM",False,13545084316.226381,0.006415283451767406,0.9912030829229593,29.781844378623745,0.0,18201.26776361274,2473.176899603912,3675.519424611068,0.0,0.0,0.0,107.28576733444719
tubeBe,"nTOF 5 ns + veto, per-arm coinc (strict)",14.0,oracle: no accidentals,"no MM loss, DREAM",False,16830493696.995401,0.005740417299395459,0.9877508799886222,41.614166487865184,0.0,22537.28322994851,3062.3519739416115,4551.123765963157,0.0,0.0,0.0,106.91210804384814
tubeBe,"nTOF 5 ns + veto, per-arm coinc (strict)",14.0,oracle: no accidentals,"no MM loss, DREAM",False,20912791051.82548,0.005143209168700687,0.9827726477990746,58.823276007915695,0.0,27862.644953706942,3785.95880003118,5626.514266941604,0.0,0.0,0.0,106.37327450950353
tubeBe,"nTOF 5 ns + veto, per-arm coinc (strict)",14.0,oracle: no accidentals,"no MM loss, DREAM",False,25985264452.18819,0.004615711096807903,0.9755574923117615,84.07688785786398,0.0,34366.657240568034,4669.719928734673,6939.9185752974345,0.0,0.0,0.0,105.59232103364161
tubeBe,"nTOF 5 ns + veto, per-arm coinc (strict)",14.0,oracle: no accidentals,"no MM loss, DREAM",False,32288084693.086143,0.00415129523471346,0.9650771592690978,121.43147268813195,0.0,42243.66624201167,5740.042993773504,8530.582476771493,0.0,0.0,0.0,104.45795150657453
tubeBe,"nTOF 5 ns + veto, per-arm coinc (strict)",14.0,oracle: no accidentals,"no MM loss, DREAM",False,40119676867.86863,0.0037446255774087646,0.9498772415658329,177.07254010667228,0.0,51663.30562631196,7019.977712080546,10432.761378784146,0.0,0.0,0.0,102.81274391762481
tubeBe,"nTOF 5 ns + veto, per-arm coinc (strict)",14.0,oracle: no accidentals,"no MM loss, DREAM",False,49850850159.80715,0.0033916513770367992,0.9279749723496661,260.45392479374607,0.0,62714.23288088362,8521.57080769165,12664.358557160022,0.0,0.0,0.0,100.44208769216922
tubeBe,"nTOF 5 ns + veto, per-arm coinc (strict)",14.0,oracle: no accidentals,"no MM loss, DREAM",False,61942354865.91934,0.0030896111982774903,0.8968259488410183,386.05221964410157,0.0,75310.08874944737,10233.087838782729,15207.934835240014,0.0,0.0,0.0,97.07058194685895
tubeBe,"nTOF 5 ns + veto, per-arm coinc (strict)",14.0,oracle: no accidentals,"no MM loss, DREAM",False,76966697940.67009,0.0028370208144467644,0.8534834980649726,576.0698537120426,0.0,89054.37601447171,12100.653010992002,17983.422536213453,0.0,0.0,0.0,92.3792849061444
tubeBe,"nTOF 5 ns + veto, per-arm coinc (strict)",14.0,oracle: no accidentals,"no MM loss, DREAM",False,95635249979.00362,0.00263359620729105,0.7951330027818038,864.6014473331543,0.0,103089.64850030102,14007.757073325154,20817.671079850912,0.0,0.0,0.0,86.06354823355544
tubeBe,"nTOF 5 ns + veto, per-arm coinc (strict)",14.0,oracle: no accidentals,"no MM loss, DREAM",False,118831927096.53207,0.002480044393364529,0.7201450269504857,1304.057672652278,0.0,116013.99651657186,15763.909412349816,23427.58225753297,0.0,0.0,0.0,77.94700514916993
tubeBe,"nTOF 5 ns + veto, per-arm coinc (strict)",14.0,oracle: no accidentals,"no MM loss, DREAM",False,147655042472.05704,0.002377664799347064,0.6294963393298078,1975.0724461017,0.0,126008.19006720227,17121.914192050037,25445.785220411282,0.0,0.0,0.0,68.13537907899462
tubeBe,"nTOF 5 ns + veto, per-arm coinc (strict)",14.0,oracle: no accidentals,"no MM loss, DREAM",True,183469309133.68265,0.0023277755619696776,0.5278348171999061,3001.785540698599,0.0,131286.09817304896,17839.073050165825,26511.59305403557,0.0,0.0,0.0,57.13174662667093
tubeBe,"nTOF 5 ns + veto, per-arm coinc (strict)",14.0,oracle: no accidentals,"no MM loss, DREAM",False,227970456209.51935,0.002331110698994914,0.42310571293722266,4575.4212485082,0.0,130762.95898303678,17767.989223653356,26405.951607536495,0.0,0.0,0.0,45.7960854421459
tubeBe,"nTOF 5 ns + veto, per-arm coinc (strict)",14.0,oracle: no accidentals,"no MM loss, DREAM",False,283265518084.60077,0.002387436901043343,0.32433623223353036,6990.671576035082,0.0,124550.78242660829,16923.88255179094,25151.479891675408,0.0,0.0,0.0,35.10548155976864
tubeBe,"nTOF 5 ns + veto, per-arm coinc (strict)",14.0,oracle: no accidentals,"no MM loss, DREAM",False,351972597984.32916,0.002495583195613529,0.23871194155052644,10701.843810856244,0.0,113904.34229194278,15477.250913487715,23001.563851422896,0.0,0.0,0.0,25.837685800594404
tubeBe,"nTOF 5 ns + veto, per-arm coinc (strict)",14.0,oracle: no accidentals,"no MM loss, DREAM",False,437344829577.31195,0.00265386085978876,0.1697782490205061,16409.51680327458,0.0,100661.48397048151,13677.819593058388,20327.33348296411,0.0,0.0,0.0,18.37644579267273
tubeBe,"nTOF 5 ns + veto, per-arm coinc (strict)",14.0,oracle: no accidentals,"no MM loss, DREAM",False,543424405915.04004,0.002860654511029197,0.11753782703519766,25194.29305704836,0.0,86591.26386342906,11765.966869773269,17486.02770230789,0.0,0.0,0.0,12.722050790145525
tubeBe,"nTOF 5 ns + veto, per-arm coinc (strict)",14.0,oracle: no accidentals,"no MM loss, DREAM",False,675233968650.1552,0.00311494470111109,0.07974780710635697,38723.25420694214,0.0,73001.25284081625,9919.364657059203,14741.694167797139,0.0,0.0,0.0,8.631737356400034
tubeBe,"nTOF 5 ns + veto, per-arm coinc (strict)",14.0,oracle: no accidentals,"no MM loss, DREAM",False,839014419404.4929,0.0034166409308739633,0.05332918384848223,59568.65408314039,0.0,60658.49681256038,8242.238674244127,12249.228251451257,0.0,0.0,0.0,5.772240330036303
tubeBe,"nTOF 5 ns + veto, per-arm coinc (strict)",14.0,oracle: no accidentals,"no MM loss, DREAM",False,1042520413147.9036,0.0037667288366993977,0.03530254994758727,91699.88485485595,0.0,49893.95435586187,6779.559366161247,10075.46291760219,0.0,0.0,0.0,3.8210748384889026
tubeBe,"nTOF 5 ns + veto, per-arm coinc (strict)",14.0,oracle: no accidentals,"no MM loss, DREAM",False,1295387524568.9966,0.0041672943642193615,0.0232070260794166,141242.94773180102,0.0,40754.58567239154,5537.707655693595,8229.881194337124,0.0,0.0,0.0,2.511880404103076
tubeBe,"nTOF 5 ns + veto, per-arm coinc (strict)",14.0,oracle: no accidentals,"no MM loss, DREAM",False,1609588471982.2002,0.0046214903101209764,0.015183592191901471,217652.91141700774,0.0,33131.9246857604,4501.9452401031485,6690.579707898985,0.0,0.0,0.0,1.6434405494359043
tubeBe,"nTOF 5 ns + veto, per-arm coinc (strict)",14.0,oracle: no accidentals,"no MM loss, DREAM",False,2000000000000.0002,0.005133490447642201,0.009902348676966112,335523.9699586223,0.0,26848.83784084951,3648.203322515176,5421.788542090407,0.0,0.0,0.0,1.0718096972506395
tubeBe,"nTOF 5 ns + veto, per-arm coinc (strict)",14.0,oracle: no accidentals,"no MM loss, no dead time",False,1000000000.0,0.025728684705069258,1.0,1.153135926803617,0.0,1355.680289429854,184.2089912972502,273.7627566428784,0.0,0.0,0.0,108.23792740643235
tubeBe,"nTOF 5 ns + veto, per-arm coinc (strict)",14.0,oracle: no accidentals,"no MM loss, no dead time",False,1242553630.827767,0.022851736691146436,1.0,1.4579525708714747,0.0,1684.5054658727029,228.88955096751874,340.164907252027,0.0,0.0,0.0,108.23792740643235
tubeBe,"nTOF 5 ns + veto, per-arm coinc (strict)",14.0,oracle: no accidentals,"no MM loss, no dead time",False,1543939525.4832668,0.020306867168127782,1.0,1.8503669995868215,0.0,2093.088382769347,284.4075426132278,422.6731405861969,0.0,0.0,0.0,108.23792740643235
tubeBe,"nTOF 5 ns + veto, per-arm coinc (strict)",14.0,oracle: no accidentals,"no MM loss, no dead time",False,1918427663.1677406,0.018053267354702238,1.0,2.359058437466118,0.0,2600.7745696534803,353.3916247088704,525.1940454887562,0.0,0.0,0.0,108.23792740643233
tubeBe,"nTOF 5 ns + veto, per-arm coinc (strict)",14.0,oracle: no accidentals,"no MM loss, no dead time",False,2383749258.3495045,0.016056126118793108,1.0,3.0237049523170882,0.0,3231.601884487456,439.1080463861305,652.5817681111774,0.0,0.0,0.0,108.23792740643233
tubeBe,"nTOF 5 ns + veto, per-arm coinc (strict)",14.0,oracle: no accidentals,"no MM loss, no dead time",False,2961936295.9451733,0.014285456364392761,1.0,3.8998501908710983,0.0,4015.438654959742,545.6152973627741,810.8678453785473,0.0,0.0,0.0,108.23792740643235
tubeBe,"nTOF 5 ns + veto, per-arm coinc (strict)",14.0,oracle: no accidentals,"no MM loss, no dead time",False,3680364698.807223,0.01271517398550923,1.0,5.066146641718222,0.0,4989.397880086393,677.9562687732864,1007.5467853966023,0.0,0.0,0.0,108.23792740643233
tubeBe,"nTOF 5 ns + veto, per-arm coinc (strict)",14.0,oracle: no accidentals,"no MM loss, no dead time",False,4573050519.273255,0.011322390524180624,1.0,6.635202457638874,0.0,6199.59445154571,842.3970233066926,1251.9309164233932,0.0,0.0,0.0,108.23792740643233
tubeBe,"nTOF 5 ns + veto, per-arm coinc (strict)",14.0,oracle: no accidentals,"no MM loss, no dead time",False,5682260526.681813,0.010086882100170832,1.0,8.76991037581238,0.0,7703.328595427835,1046.7234799082385,1555.5913057474274,0.0,0.0,0.0,108.23792740643233
tubeBe,"nTOF 5 ns + veto, per-arm coinc (strict)",14.0,oracle: no accidentals,"no MM loss, no dead time",False,7060513448.737786,0.008990696925157343,1.0,11.708139298209307,0.0,9571.798915708217,1300.6100604326568,1932.905625040573,0.0,0.0,0.0,108.23792740643233
tubeBe,"nTOF 5 ns + veto, per-arm coinc (strict)",14.0,oracle: no accidentals,"no MM loss, no dead time",False,8773066621.237415,0.008017864806843127,1.0,15.80021135913631,0.0,11893.473496266532,1616.0777528817193,2401.7389024415784,0.0,0.0,0.0,108.23792740643235
tubeBe,"nTOF 5 ns + veto, per-arm coinc (strict)",14.0,oracle: no accidentals,"no MM loss, no dead time",False,10901005783.71244,0.007154176046600874,1.0,21.5659625065952,0.0,14778.278675939795,2008.0632795431593,2984.2893935290795,0.0,0.0,0.0,108.23792740643233
tubeBe,"nTOF 5 ns + veto, per-arm coinc (strict)",14.0,oracle: no accidentals,"no MM loss, no dead time",False,13545084316.226381,0.006387003762589027,1.0,29.781844378623745,0.0,18362.803826173556,2495.1263189282663,3708.1396213703524,0.0,0.0,0.0,108.23792740643233
tubeBe,"nTOF 5 ns + veto, per-arm coinc (strict)",14.0,oracle: no accidentals,"no MM loss, no dead time",False,16830493696.995401,0.005705151442510572,1.0,41.614166487865184,0.0,22816.768566390056,3100.32826695825,4607.56235015005,0.0,0.0,0.0,108.23792740643235
tubeBe,"nTOF 5 ns + veto, per-arm coinc (strict)",14.0,oracle: no accidentals,"no MM loss, no dead time",False,20912791051.82548,0.0050987147681204725,1.0,58.823276007915695,0.0,28351.05862592483,3852.3241448669323,5725.143327444266,0.0,0.0,0.0,108.23792740643233
tubeBe,"nTOF 5 ns + veto, per-arm coinc (strict)",14.0,oracle: no accidentals,"no MM loss, no dead time",False,25985264452.18819,0.004558952342588966,1.0,84.07688785786398,0.0,35227.71083345378,4786.71935332988,7113.797628525235,0.0,0.0,0.0,108.23792740643233
tubeBe,"nTOF 5 ns + veto, per-arm coinc (strict)",14.0,oracle: no accidentals,"no MM loss, no dead time",False,32288084693.086143,0.0040781635580848675,1.0,121.43147268813195,0.0,43772.32000185866,5947.7555122335825,8839.275072297989,0.0,0.0,0.0,108.23792740643233
tubeBe,"nTOF 5 ns + veto, per-arm coinc (strict)",14.0,oracle: no accidentals,"no MM loss, no dead time",False,40119676867.86863,0.0036495737194056233,1.0,177.07254010667228,0.0,54389.45514806436,7390.4052070017015,10983.273334969239,0.0,0.0,0.0,108.23792740643233
tubeBe,"nTOF 5 ns + veto, per-arm coinc (strict)",14.0,oracle: no accidentals,"no MM loss, no dead time",False,49850850159.80715,0.0032672272082374916,1.0,260.45392479374607,0.0,67581.81497297164,9182.974823248438,13647.30616073988,0.0,0.0,0.0,108.23792740643233
tubeBe,"nTOF 5 ns + veto, per-arm coinc (strict)",14.0,oracle: no accidentals,"no MM loss, no dead time",False,61942354865.91934,0.002925889452647134,1.0,386.05221964410157,0.0,83974.02957259626,11410.338708427322,16957.509821045496,0.0,0.0,0.0,108.23792740643235
tubeBe,"nTOF 5 ns + veto, per-arm coinc (strict)",14.0,oracle: no accidentals,"no MM loss, no dead time",False,76966697940.67009,0.002620958149667325,1.0,576.0698537120426,0.0,104342.23534066777,14177.95779113098,21070.6153979376,0.0,0.0,0.0,108.23792740643232
tubeBe,"nTOF 5 ns + veto, per-arm coinc (strict)",14.0,oracle: no accidentals,"no MM loss, no dead time",False,95635249979.00362,0.002348383811492451,1.0,864.6014473331543,0.0,129650.82337123205,17616.87293109262,26181.369666482813,0.0,0.0,0.0,108.23792740643233
tubeBe,"nTOF 5 ns + veto, per-arm coinc (strict)",14.0,oracle: no accidentals,"no MM loss, no dead time",False,118831927096.53207,0.0021045993786686706,1.0,1304.057672652278,0.0,161098.1013197339,21889.909424360547,32531.75593913219,0.0,0.0,0.0,108.23792740643233
tubeBe,"nTOF 5 ns + veto, per-arm coinc (strict)",14.0,oracle: no accidentals,"no MM loss, no dead time",False,147655042472.05704,0.0018864584002821932,1.0,1975.0724461017,0.0,200173.03071429566,27199.386433730262,40422.45145937163,0.0,0.0,0.0,108.23792740643233
tubeBe,"nTOF 5 ns + veto, per-arm coinc (strict)",14.0,oracle: no accidentals,"no MM loss, no dead time",False,183469309133.68265,0.0016911811191795587,1.0,3001.785540698599,0.0,248725.72610784622,33796.69636951906,50227.063827801394,0.0,0.0,0.0,108.23792740643235
tubeBe,"nTOF 5 ns + veto, per-arm coinc (strict)",14.0,oracle: no accidentals,"no MM loss, no dead time",False,227970456209.51935,0.0015163077068095633,1.0,4575.4212485082,0.0,309055.054055577,41994.207783929516,62409.82052505263,0.0,0.0,0.0,108.23792740643235
tubeBe,"nTOF 5 ns + veto, per-arm coinc (strict)",14.0,oracle: no accidentals,"no MM loss, no dead time",False,283265518084.60077,0.0013596578543357762,1.0,6990.671576035082,0.0,384017.47954242915,52180.0553556573,77547.54909271345,0.0,0.0,0.0,108.23792740643233
tubeBe,"nTOF 5 ns + veto, per-arm coinc (strict)",14.0,oracle: no accidentals,"no MM loss, no dead time",False,351972597984.32916,0.0012192959328108425,1.0,10701.843810856244,0.0,477162.31350677303,64836.51723896585,96356.98868694561,0.0,0.0,0.0,108.23792740643235
tubeBe,"nTOF 5 ns + veto, per-arm coinc (strict)",14.0,oracle: no accidentals,"no MM loss, no dead time",False,437344829577.31195,0.0010935009746585436,1.0,16409.51680327458,0.0,592899.7651420204,80562.84990550442,119728.72614859478,0.0,0.0,0.0,108.23792740643233
tubeBe,"nTOF 5 ns + veto, per-arm coinc (strict)",14.0,oracle: no accidentals,"no MM loss, no dead time",False,543424405915.04004,0.0009807407908556697,1.0,25194.29305704836,0.0,736709.7558941479,100103.66165991698,148769.36339031986,0.0,0.0,0.0,108.23792740643233
tubeBe,"nTOF 5 ns + veto, per-arm coinc (strict)",14.0,oracle: no accidentals,"no MM loss, no dead time",False,675233968650.1552,0.0008796496130680166,1.0,38723.25420694214,0.0,915401.3820525113,124384.16825468416,184853.9126365775,0.0,0.0,0.0,108.23792740643233
tubeBe,"nTOF 5 ns + veto, per-arm coinc (strict)",14.0,oracle: no accidentals,"no MM loss, no dead time",False,839014419404.4929,0.0007890087291142665,1.0,59568.65408314039,0.0,1137435.3109341038,154553.9998823497,229690.90031929815,0.0,0.0,0.0,108.23792740643233
tubeBe,"nTOF 5 ns + veto, per-arm coinc (strict)",14.0,oracle: no accidentals,"no MM loss, no dead time",False,1042520413147.9036,0.000707729657175358,1.0,91699.88485485595,0.0,1413324.3754328806,192041.63371276783,285403.26215984265,0.0,0.0,0.0,108.23792740643235
tubeBe,"nTOF 5 ns + veto, per-arm coinc (strict)",14.0,oracle: no accidentals,"no MM loss, no dead time",False,1295387524568.9966,0.0006348394750479577,1.0,141242.94773180102,0.0,1756131.3342315191,238622.02923989674,354628.859646803,0.0,0.0,0.0,108.23792740643233
tubeBe,"nTOF 5 ns + veto, per-arm coinc (strict)",14.0,oracle: no accidentals,"no MM loss, no dead time",False,1609588471982.2002,0.0005694679833288818,1.0,217652.91141700774,0.0,2182087.3655597856,296500.66882752336,440645.3771504456,0.0,0.0,0.0,108.23792740643233
tubeBe,"nTOF 5 ns + veto, per-arm coinc (strict)",14.0,oracle: no accidentals,"no MM loss, no dead time",True,2000000000000.0002,0.0005108364350543142,1.0,335523.9699586223,0.0,2711360.5788597087,368417.9825945005,547525.5132857569,0.0,0.0,0.0,108.23792740643233
tubeBe,"nTOF 5 ns + veto, per-arm coinc (strict)",14.0,oracle: IPC only,MM occ + DREAM,False,1000000000.0,0.023036747021569017,0.9996564835379222,1.153135926803617,0.008458494367821364,1332.4812727653136,181.05672339737512,269.07800404817965,0.0,0.0,0.0,0.0
tubeBe,"nTOF 5 ns + veto, per-arm coinc (strict)",14.0,oracle: IPC only,MM occ + DREAM,False,1242553630.827767,0.02070972414130104,0.9995657188159682,1.4579525708714747,0.010510132888072652,1648.7499378857756,224.03111214892203,332.9445235205209,0.0,0.0,0.0,0.0
tubeBe,"nTOF 5 ns + veto, per-arm coinc (strict)",14.0,oracle: IPC only,MM occ + DREAM,False,1543939525.4832668,0.01862727205266538,0.999448894518847,1.8503669995868215,0.013059403780557002,2038.0034047006893,276.9226301860315,411.5494150564627,0.0,0.0,0.0,0.0
tubeBe,"nTOF 5 ns + veto, per-arm coinc (strict)",14.0,oracle: IPC only,MM occ + DREAM,False,1918427663.1677406,0.016764872566034632,0.9992974944466279,2.359058437466118,0.016227009583977034,2515.95521970879,341.86642439606584,508.0658337425479,0.0,0.0,0.0,0.0
tubeBe,"nTOF 5 ns + veto, per-arm coinc (strict)",14.0,oracle: IPC only,MM occ + DREAM,False,2383749258.3495045,0.01510062797806564,0.999099747109748,3.0237049523170882,0.020162929676047638,3101.083095308886,421.3732348030587,626.2251235558133,0.0,0.0,0.0,0.0
tubeBe,"nTOF 5 ns + veto, per-arm coinc (strict)",14.0,oracle: IPC only,MM occ + DREAM,False,2961936295.9451733,0.01361501207433381,0.998839193680403,3.8998501908710983,0.025053521477097922,3814.761215943163,518.3473722438611,770.3435349422597,0.0,0.0,0.0,0.0
tubeBe,"nTOF 5 ns + veto, per-arm coinc (strict)",14.0,oracle: IPC only,MM occ + DREAM,False,3680364698.807223,0.012290653076773628,0.9984925640943906,5.066146641718222,0.031130344076389465,4681.160155985787,636.0731192733316,945.3020144804466,0.0,0.0,0.0,0.0
tubeBe,"nTOF 5 ns + veto, per-arm coinc (strict)",14.0,oracle: IPC only,MM occ + DREAM,False,4573050519.273255,0.011112147736593886,0.9980266116293708,6.635202457638874,0.0386811220610354,5726.739217084692,778.1457492793027,1156.443688727913,0.0,0.0,0.0,0.0
tubeBe,"nTOF 5 ns + veto, per-arm coinc (strict)",14.0,oracle: IPC only,MM occ + DREAM,False,5682260526.681813,0.010065907001284041,0.9973933789382703,8.76991037581238,0.04806336866143177,6979.070620861445,948.311758520762,1409.3364245753564,0.0,0.0,0.0,0.0
tubeBe,"nTOF 5 ns + veto, per-arm coinc (strict)",14.0,oracle: IPC only,MM occ + DREAM,False,7060513448.737786,0.009140035390723052,0.9965231054628723,11.708139298209307,0.05972131324007556,8464.623884921777,1150.1678085235092,1709.325411565806,0.0,0.0,0.0,0.0
tubeBe,"nTOF 5 ns + veto, per-arm coinc (strict)",14.0,oracle: IPC only,MM occ + DREAM,False,8773066621.237415,0.00832424872019883,0.9953136027429951,15.80021135913631,0.07420693460425828,10205.007405344611,1386.6500346553632,2060.7741962694404,0.0,0.0,0.0,0.0
tubeBe,"nTOF 5 ns + veto, per-arm coinc (strict)",14.0,oracle: IPC only,MM occ + DREAM,False,10901005783.71244,0.007609838648469966,0.9936143813527087,21.5659625065952,0.0922060960251198,12211.03632598246,1659.227991910476,2465.8667623420192,0.0,0.0,0.0,0.0
tubeBe,"nTOF 5 ns + veto, per-arm coinc (strict)",14.0,oracle: IPC only,MM occ + DREAM,False,13545084316.226381,0.006989698650750127,0.9912030829229593,29.781844378623745,0.11457101940046635,14473.931592466637,1966.7087878625077,2922.8302890503437,0.0,0.0,0.0,0.0
tubeBe,"nTOF 5 ns + veto, per-arm coinc (strict)",14.0,oracle: IPC only,MM occ + DREAM,False,16830493696.995401,0.006458436107948761,0.9877508799886222,41.614166487865184,0.14236063614368857,16953.08287809296,2303.5743166742955,3423.464026502728,0.0,0.0,0.0,0.0
tubeBe,"nTOF 5 ns + veto, per-arm coinc (strict)",14.0,oracle: IPC only,MM occ + DREAM,False,20912791051.82548,0.006012612364138344,0.9827726477990746,58.823276007915695,0.17689072532729086,19560.36745571671,2657.8505172015875,3949.9726870534596,0.0,0.0,0.0,0.0
tubeBe,"nTOF 5 ns + veto, per-arm coinc (strict)",14.0,oracle: IPC only,MM occ + DREAM,False,25985264452.18819,0.005651182684324851,0.9755574923117615,84.07688785786398,0.2197962130151825,22142.401761529913,3008.6957265604833,4471.38236957026,0.0,0.0,0.0,0.0
tubeBe,"nTOF 5 ns + veto, per-arm coinc (strict)",14.0,oracle: IPC only,MM occ + DREAM,False,32288084693.086143,0.005376262423323279,0.9650771592690978,121.43147268813195,0.27310858252420833,24464.84688246405,3324.26811955472,4940.371248007172,0.0,0.0,0.0,0.0
tubeBe,"nTOF 5 ns + veto, per-arm coinc (strict)",14.0,oracle: IPC only,MM occ + DREAM,False,40119676867.86863,0.005194447272773189,0.9498772415658329,177.07254010667228,0.33935206082567987,26207.448181146727,3561.0516960118334,5292.267885419715,0.0,0.0,0.0,0.0
tubeBe,"nTOF 5 ns + veto, per-arm coinc (strict)",14.0,oracle: IPC only,MM occ + DREAM,True,49850850159.80715,0.005119111933175343,0.9279749723496661,260.45392479374607,0.4216631353078355,26984.487151903908,3666.635266207451,5449.181231665158,0.0,0.0,0.0,0.0
tubeBe,"nTOF 5 ns + veto, per-arm coinc (strict)",14.0,oracle: IPC only,MM occ + DREAM,False,61942354865.91934,0.0051745069301474,0.8968259488410183,386.05221964410157,0.5239390597629711,26409.822016547718,3588.5501264122995,5333.134761986216,0.0,0.0,0.0,0.0
tubeBe,"nTOF 5 ns + veto, per-arm coinc (strict)",14.0,oracle: IPC only,MM occ + DREAM,False,76966697940.67009,0.005403305279755493,0.8534834980649726,576.0698537120426,0.6510223810409661,24220.57279562818,3291.0763091500585,4891.043137308789,0.0,0.0,0.0,0.0
tubeBe,"nTOF 5 ns + veto, per-arm coinc (strict)",14.0,oracle: IPC only,MM occ + DREAM,False,95635249979.00362,0.005881093891134628,0.7951330027818038,864.6014473331543,0.8089302233125903,20445.00374187601,2778.0543434347505,4128.613971590495,0.0,0.0,0.0,0.0
tubeBe,"nTOF 5 ns + veto, per-arm coinc (strict)",14.0,oracle: IPC only,MM occ + DREAM,False,118831927096.53207,0.006745636242764704,0.7201450269504857,1304.057672652278,1.0051391860633756,15540.235065830957,2111.5974380676403,3138.157000342178,0.0,0.0,0.0,0.0
tubeBe,"nTOF 5 ns + veto, per-arm coinc (strict)",14.0,oracle: IPC only,MM occ + DREAM,False,147655042472.05704,0.008259614711750594,0.6294963393298078,1975.0724461017,1.2489393451303188,10365.346914312266,1408.436867024556,2093.1527639273136,0.0,0.0,0.0,0.0
tubeBe,"nTOF 5 ns + veto, per-arm coinc (strict)",14.0,oracle: IPC only,MM occ + DREAM,False,183469309133.68265,0.010955008163494564,0.5278348171999061,3001.785540698599,1.5518741179753315,5892.207182891209,800.6294331617652,1189.8578843966666,0.0,0.0,0.0,0.0
tubeBe,"nTOF 5 ns + veto, per-arm coinc (strict)",14.0,oracle: IPC only,MM occ + DREAM,False,227970456209.51935,0.015993873832551374,0.42310571293722266,4575.4212485082,1.9282868198778864,2764.369474900177,375.620798291926,558.2299998964887,0.0,0.0,0.0,0.0
tubeBe,"nTOF 5 ns + veto, per-arm coinc (strict)",14.0,oracle: IPC only,MM occ + DREAM,False,283265518084.60077,0.026160616070116764,0.32433623223353036,6990.671576035082,2.3959997893165963,1033.2549293103875,140.39803467322332,208.65296926446933,0.0,0.0,0.0,0.0
tubeBe,"nTOF 5 ns + veto, per-arm coinc (strict)",14.0,oracle: IPC only,MM occ + DREAM,False,351972597984.32916,0.04891532733922787,0.23871194155052644,10701.843810856244,2.9771582376779016,295.53811020487495,40.15753389291456,59.680241996245165,0.0,0.0,0.0,0.0
tubeBe,"nTOF 5 ns + veto, per-arm coinc (strict)",14.0,oracle: IPC only,MM occ + DREAM,False,437344829577.31195,0.1071263742050608,0.1697782490205061,16409.51680327458,3.699278777775487,61.61842710223235,8.372673402664143,12.443074222610225,0.0,0.0,0.0,0.0
tubeBe,"nTOF 5 ns + veto, per-arm coinc (strict)",14.0,oracle: IPC only,MM occ + DREAM,False,543424405915.04004,0.28331656027969737,0.11753782703519766,25194.29305704836,4.596552276769037,8.809667136301071,1.1970520700902496,1.7790026004982675,0.0,0.0,0.0,0.0
tubeBe,"nTOF 5 ns + veto, per-arm coinc (strict)",14.0,oracle: IPC only,MM occ + DREAM,False,675233968650.1552,0.9408996275058311,0.07974780710635697,38723.25420694214,5.7114627207890045,0.7987609540516218,0.10853513972336308,0.16129983033966808,0.0,0.0,0.0,0.0
tubeBe,"nTOF 5 ns + veto, per-arm coinc (strict)",14.0,oracle: IPC only,MM occ + DREAM,False,839014419404.4929,4.1248334792219925,0.05332918384848223,59568.65408314039,7.096798741053815,0.04156143929098315,0.005647342421621929,0.00839281523752943,0.0,0.0,0.0,0.0
tubeBe,"nTOF 5 ns + veto, per-arm coinc (strict)",14.0,oracle: IPC only,MM occ + DREAM,False,1042520413147.9036,25.43331408458046,0.03530254994758727,91699.88485485595,8.818153042950343,0.001093194684017734,0.00014854261111896372,0.0002207570564958933,0.0,0.0,0.0,0.0
tubeBe,"nTOF 5 ns + veto, per-arm coinc (strict)",14.0,oracle: IPC only,MM occ + DREAM,False,1295387524568.9966,238.9132864911291,0.0232070260794166,141242.94773180102,10.957028080712917,1.2388616672683506e-05,1.6833574985464195e-06,2.5017269025369622e-06,0.0,0.0,0.0,0.0
tubeBe,"nTOF 5 ns + veto, per-arm coinc (strict)",14.0,oracle: IPC only,MM occ + DREAM,False,1609588471982.2002,3779.334216637348,0.015183592191901471,217652.91141700774,13.614695024771637,4.950770806623891e-08,6.727076461483425e-09,9.997465288061722e-09,0.0,0.0,0.0,0.0
tubeBe,"nTOF 5 ns + veto, per-arm coinc (strict)",14.0,oracle: IPC only,MM occ + DREAM,False,2000000000000.0002,114089.01286254784,0.009902348676966112,335523.9699586223,16.91698873564273,5.432700648236477e-11,7.381919721296797e-12,1.0970662604398113e-11,0.0,0.0,0.0,0.0
tubeBe,"nTOF 5 ns + veto, per-arm coinc (strict)",14.0,oracle: IPC only,"MM occ ÷10, DAQ 10 µs",False,1000000000.0,0.022858246983418415,0.9999884687737026,1.153135926803617,0.0008458494367821365,1353.3732191585489,183.89550802922415,273.29687252391193,0.0,0.0,0.0,0.0
tubeBe,"nTOF 5 ns + veto, per-arm coinc (strict)",14.0,oracle: IPC only,"MM occ ÷10, DAQ 10 µs",False,1242553630.827767,0.02051044641560887,0.9999854206868508,1.4579525708714747,0.0010510132888072652,1680.9438021506758,228.40559432472463,339.4456736049942,0.0,0.0,0.0,0.0
tubeBe,"nTOF 5 ns + veto, per-arm coinc (strict)",14.0,oracle: IPC only,"MM occ ÷10, DAQ 10 µs",False,1543939525.4832668,0.018404715443387284,0.9999814966723837,1.8503669995868215,0.0013059403780557003,2087.589990655428,283.6604245257562,421.5628087521013,0.0,0.0,0.0,0.0
tubeBe,"nTOF 5 ns + veto, per-arm coinc (strict)",14.0,oracle: IPC only,"MM occ ÷10, DAQ 10 µs",False,1918427663.1677406,0.016516202834060342,0.9999764099721279,2.359058437466118,0.0016227009583977036,2592.2865390235925,352.23827640645493,523.4799933764511,0.0,0.0,0.0,0.0
tubeBe,"nTOF 5 ns + veto, per-arm coinc (strict)",14.0,oracle: IPC only,"MM occ ÷10, DAQ 10 µs",False,2383749258.3495045,0.014822621348083237,0.9999697638647285,3.0237049523170882,0.002016292967604764,3218.4990947290794,437.32764749460006,649.9358228452226,0.0,0.0,0.0,0.0
tubeBe,"nTOF 5 ns + veto, per-arm coinc (strict)",14.0,oracle: IPC only,"MM occ ÷10, DAQ 10 µs",False,2961936295.9451733,0.01330398483781291,0.9999610030189151,3.8998501908710983,0.0025053521477097925,3995.2129959590948,542.8670474458278,806.7835253466726,0.0,0.0,0.0,0.0
tubeBe,"nTOF 5 ns + veto, per-arm coinc (strict)",14.0,oracle: IPC only,"MM occ ÷10, DAQ 10 µs",False,3680364698.807223,0.011942372557089707,0.9999493411000371,5.066146641718222,0.0031130344076389467,4958.178860884656,673.714247936014,1001.2424931361104,0.0,0.0,0.0,0.0
tubeBe,"nTOF 5 ns + veto, per-arm coinc (strict)",14.0,oracle: IPC only,"MM occ ÷10, DAQ 10 µs",False,4573050519.273255,0.010721717920879874,0.9999336523777226,6.635202457638874,0.00386811220610354,6151.409881904616,835.8497340683051,1242.2006424676183,0.0,0.0,0.0,0.0
tubeBe,"nTOF 5 ns + veto, per-arm coinc (strict)",14.0,oracle: IPC only,"MM occ ÷10, DAQ 10 µs",False,5682260526.681813,0.00962761925115918,0.9999123085867002,8.76991037581238,0.004806336866143178,7628.964727194417,1036.6189639223928,1540.5744483652416,0.0,0.0,0.0,0.0
tubeBe,"nTOF 5 ns + veto, per-arm coinc (strict)",14.0,oracle: IPC only,"MM occ ÷10, DAQ 10 µs",False,7060513448.737786,0.008647170316562855,0.9998829323134658,11.708139298209307,0.005972131324007556,9457.043663563101,1285.0171884195922,1909.73223053787,0.0,0.0,0.0,0.0
tubeBe,"nTOF 5 ns + veto, per-arm coinc (strict)",14.0,oracle: IPC only,"MM occ ÷10, DAQ 10 µs",False,8773066621.237415,0.007768808723791739,0.9998420228471326,15.80021135913631,0.0074206934604258284,11716.410049078193,1592.0184822288322,2365.9831436679847,0.0,0.0,0.0,0.0
tubeBe,"nTOF 5 ns + veto, per-arm coinc (strict)",14.0,oracle: IPC only,"MM occ ÷10, DAQ 10 µs",False,10901005783.71244,0.006982180453540746,0.99978438687398,21.5659625065952,0.00922060960251198,14505.118542933167,1970.946451220063,2929.128105429008,0.0,0.0,0.0,0.0
tubeBe,"nTOF 5 ns + veto, per-arm coinc (strict)",14.0,oracle: IPC only,"MM occ ÷10, DAQ 10 µs",False,13545084316.226381,0.00627801905889829,0.9997022702256317,29.781844378623745,0.011457101940046635,17941.475675224785,2437.8765128371483,3623.0576466936445,0.0,0.0,0.0,0.0
tubeBe,"nTOF 5 ns + veto, per-arm coinc (strict)",14.0,oracle: IPC only,"MM occ ÷10, DAQ 10 µs",False,16830493696.995401,0.005648038267418309,0.9995840314369717,41.614166487865184,0.014236063614368858,22167.06318208156,3012.046704987475,4476.362436423477,0.0,0.0,0.0,0.0
tubeBe,"nTOF 5 ns + veto, per-arm coinc (strict)",14.0,oracle: IPC only,"MM occ ÷10, DAQ 10 µs",False,20912791051.82548,0.005084836959647754,0.9994121130542815,58.823276007915695,0.017689072532729087,27349.497777288703,3716.2326820872595,5522.890583190293,0.0,0.0,0.0,0.0
tubeBe,"nTOF 5 ns + veto, per-arm coinc (strict)",14.0,oracle: IPC only,"MM occ ÷10, DAQ 10 µs",False,25985264452.18819,0.0045818157513107804,0.9991599374198948,84.07688785786398,0.021979621301518253,33684.35055387528,4577.008522150824,6802.1352344306615,0.0,0.0,0.0,0.0
tubeBe,"nTOF 5 ns + veto, per-arm coinc (strict)",14.0,oracle: IPC only,"MM occ ÷10, DAQ 10 µs",False,32288084693.086143,0.004133104705045323,0.9987871580449661,121.43147268813195,0.027310858252420835,41395.2590938866,5624.7619601964625,8359.257215618716,0.0,0.0,0.0,0.0
tubeBe,"nTOF 5 ns + veto, per-arm coinc (strict)",14.0,oracle: IPC only,"MM occ ÷10, DAQ 10 µs",False,40119676867.86863,0.00373350207336055,0.9982324045251393,177.07254010667228,0.03393520608256799,50730.67332467634,6893.252217231178,10244.42789645747,0.0,0.0,0.0,0.0
tubeBe,"nTOF 5 ns + veto, per-arm coinc (strict)",14.0,oracle: IPC only,"MM occ ÷10, DAQ 10 µs",False,49850850159.80715,0.0033784244789356963,0.9974022267544378,260.45392479374607,0.04216631353078355,61954.80435511283,8418.380133765553,12511.001421034895,0.0,0.0,0.0,0.0
tubeBe,"nTOF 5 ns + veto, per-arm coinc (strict)",14.0,oracle: IPC only,"MM occ ÷10, DAQ 10 µs",False,61942354865.91934,0.00306386965451871,0.9961543241206516,386.05221964410157,0.05239390597629711,75329.1123158324,10235.672749105603,15211.776407633848,0.0,0.0,0.0,0.0
tubeBe,"nTOF 5 ns + veto, per-arm coinc (strict)",14.0,oracle: IPC only,"MM occ ÷10, DAQ 10 µs",False,76966697940.67009,0.0027863939286008033,0.9942722970329828,576.0698537120426,0.06510223810409661,91079.02858407404,12375.761538040575,18392.275916335642,0.0,0.0,0.0,0.0
tubeBe,"nTOF 5 ns + veto, per-arm coinc (strict)",14.0,oracle: IPC only,"MM occ ÷10, DAQ 10 µs",False,95635249979.00362,0.00254310828160077,0.9914280983127206,864.6014473331543,0.08089302233125904,109338.65215392098,14856.867788160647,22079.579569503658,0.0,0.0,0.0,0.0
tubeBe,"nTOF 5 ns + veto, per-arm coinc (strict)",14.0,oracle: IPC only,"MM occ ÷10, DAQ 10 µs",False,118831927096.53207,0.0023316993944691483,0.9871272908251502,1304.057672652278,0.10051391860633757,130064.35763863166,17673.063709153255,26264.87776340825,0.0,0.0,0.0,0.0
tubeBe,"nTOF 5 ns + veto, per-arm coinc (strict)",14.0,oracle: IPC only,"MM occ ÷10, DAQ 10 µs",False,147655042472.05704,0.0021504863271288154,0.9806318112973578,1975.0724461017,0.12489393451303188,152907.94404688888,20777.03596772048,30877.855642849405,0.0,0.0,0.0,0.0
tubeBe,"nTOF 5 ns + veto, per-arm coinc (strict)",14.0,oracle: IPC only,"MM occ ÷10, DAQ 10 µs",False,183469309133.68265,0.001998530450149442,0.9708569562659424,3001.785540698599,0.15518741179753315,177044.2722065021,24056.665168327665,35751.88662473507,0.0,0.0,0.0,0.0
tubeBe,"nTOF 5 ns + veto, per-arm coinc (strict)",14.0,oracle: IPC only,"MM occ ÷10, DAQ 10 µs",False,227970456209.51935,0.001875828063766516,0.9562476421908416,4575.4212485082,0.19282868198778866,200963.5816836503,27306.806005858976,40582.09338551356,0.0,0.0,0.0,0.0
tubeBe,"nTOF 5 ns + veto, per-arm coinc (strict)",14.0,oracle: IPC only,"MM occ ÷10, DAQ 10 µs",False,283265518084.60077,0.0017836355476244393,0.9346609244239857,6990.671576035082,0.23959997893165963,222275.2881090538,30202.62736879828,44885.7271738575,0.0,0.0,0.0,0.0
tubeBe,"nTOF 5 ns + veto, per-arm coinc (strict)",14.0,oracle: IPC only,"MM occ ÷10, DAQ 10 µs",False,351972597984.32916,0.0017250131454603105,0.9033273210052285,10701.843810856244,0.29771582376779016,237639.48488238515,32290.304833592072,47988.33543265262,0.0,0.0,0.0,0.0
tubeBe,"nTOF 5 ns + veto, per-arm coinc (strict)",14.0,oracle: IPC only,"MM occ ÷10, DAQ 10 µs",True,437344829577.31195,0.0017057404570774083,0.8590362948503109,16409.51680327458,0.36992787777754876,243039.86748196647,33024.10544944853,49078.875465516394,0.0,0.0,0.0,0.0
tubeBe,"nTOF 5 ns + veto, per-arm coinc (strict)",14.0,oracle: IPC only,"MM occ ÷10, DAQ 10 µs",False,543424405915.04004,0.0017358871753641633,0.7987584542246836,25194.29305704836,0.4596552276769037,234671.54412927452,31887.02289711836,47388.996747522055,0.0,0.0,0.0,0.0
tubeBe,"nTOF 5 ns + veto, per-arm coinc (strict)",14.0,oracle: IPC only,"MM occ ÷10, DAQ 10 µs",False,675233968650.1552,0.0018325938997567491,0.7208596754140713,38723.25420694214,0.5711462720789005,210557.61228812084,28610.436894280116,42519.48842332192,0.0,0.0,0.0,0.0
tubeBe,"nTOF 5 ns + veto, per-arm coinc (strict)",14.0,oracle: IPC only,"MM occ ÷10, DAQ 10 µs",False,839014419404.4929,0.002025219969484711,0.6266894997302966,59568.65408314039,0.7096798741053816,172408.63685448028,23426.777930993172,34815.777777645184,0.0,0.0,0.0,0.0
tubeBe,"nTOF 5 ns + veto, per-arm coinc (strict)",14.0,oracle: IPC only,"MM occ ÷10, DAQ 10 µs",False,1042520413147.9036,0.0023654252706479194,0.5216487223021246,91699.88485485595,0.8818153042950343,126381.92200858092,17172.69665490186,25521.255733123642,0.0,0.0,0.0,0.0
tubeBe,"nTOF 5 ns + veto, per-arm coinc (strict)",14.0,oracle: IPC only,"MM occ ÷10, DAQ 10 µs",False,1295387524568.9966,0.002948208613549191,0.4145198893489471,141242.94773180102,1.0957028080712916,81355.51504094285,11054.536588757996,16428.733411087986,0.0,0.0,0.0,0.0
tubeBe,"nTOF 5 ns + veto, per-arm coinc (strict)",14.0,oracle: IPC only,"MM occ ÷10, DAQ 10 µs",False,1609588471982.2002,0.003958865572342084,0.3148090145118242,217652.91141700774,1.3614695024771637,45119.25396904612,6130.776058725378,9111.271618053073,0.0,0.0,0.0,0.0
tubeBe,"nTOF 5 ns + veto, per-arm coinc (strict)",14.0,oracle: IPC only,"MM occ ÷10, DAQ 10 µs",False,2000000000000.0002,0.0057857489921691145,0.22960848747199994,335523.9699586223,1.691698873564273,21124.39324070513,2870.369364353061,4265.808222686308,0.0,0.0,0.0,0.0
tubeBe,"nTOF 5 ns + veto, per-arm coinc (strict)",14.0,oracle: IPC only,"no MM loss, DREAM",False,1000000000.0,0.022842712603018612,0.9996564835379222,1.153135926803617,0.0,1355.2145909331202,184.14571247627686,273.6687146292678,0.0,0.0,0.0,0.0
tubeBe,"nTOF 5 ns + veto, per-arm coinc (strict)",14.0,oracle: IPC only,"no MM loss, DREAM",False,1242553630.827767,0.020493202019770555,0.9995657188159682,1.4579525708714747,0.0,1683.773916844476,228.79014854231212,340.01718003333957,0.0,0.0,0.0,0.0
tubeBe,"nTOF 5 ns + veto, per-arm coinc (strict)",14.0,oracle: IPC only,"no MM loss, DREAM",False,1543939525.4832668,0.01838559251574931,0.999448894518847,1.8503669995868215,0.0,2091.9348702890647,284.25080405761236,422.4402031016837,0.0,0.0,0.0,0.0
tubeBe,"nTOF 5 ns + veto, per-arm coinc (strict)",14.0,oracle: IPC only,"no MM loss, DREAM",False,1918427663.1677406,0.016495024155854604,0.9992974944466279,2.359058437466118,0.0,2598.9475110752296,353.1433651299971,524.8250937552023,0.0,0.0,0.0,0.0
tubeBe,"nTOF 5 ns + veto, per-arm coinc (strict)",14.0,oracle: IPC only,"no MM loss, DREAM",False,2383749258.3495045,0.014799204084230508,0.999099747109748,3.0237049523170882,0.0,3228.692625550803,438.71273809823856,651.9942794883098,0.0,0.0,0.0,0.0
tubeBe,"nTOF 5 ns + veto, per-arm coinc (strict)",14.0,oracle: IPC only,"no MM loss, DREAM",False,2961936295.9451733,0.01327814554350229,0.998839193680403,3.8998501908710983,0.0,4010.77750839311,544.9819436775264,809.9265848592739,0.0,0.0,0.0,0.0
tubeBe,"nTOF 5 ns + veto, per-arm coinc (strict)",14.0,oracle: IPC only,"no MM loss, DREAM",False,3680364698.807223,0.011913934923029256,0.9984925640943906,5.066146641718222,0.0,4981.87668257458,676.9342931513048,1006.0279731957141,0.0,0.0,0.0,0.0
tubeBe,"nTOF 5 ns + veto, per-arm coinc (strict)",14.0,oracle: IPC only,"no MM loss, DREAM",False,4573050519.273255,0.010690524394728528,0.9980266116293708,6.635202457638874,0.0,6187.360243952412,840.7346468174466,1249.460370512092,0.0,0.0,0.0,0.0
tubeBe,"nTOF 5 ns + veto, per-arm coinc (strict)",14.0,oracle: IPC only,"no MM loss, DREAM",False,5682260526.681813,0.009593548110939388,0.9973933789382703,8.76991037581238,0.0,7683.248936865569,1043.995068439703,1551.536468686423,0.0,0.0,0.0,0.0
tubeBe,"nTOF 5 ns + veto, per-arm coinc (strict)",14.0,oracle: IPC only,"no MM loss, DREAM",False,7060513448.737786,0.00861016037005515,0.9965231054628723,11.708139298209307,0.0,9538.518780347706,1296.087976418605,1926.1851160320862,0.0,0.0,0.0,0.0
tubeBe,"nTOF 5 ns + veto, per-arm coinc (strict)",14.0,oracle: IPC only,"no MM loss, DREAM",False,8773066621.237415,0.007728894617699631,0.9953136027429951,15.80021135913631,0.0,11837.735954697366,1608.5041705335077,2390.4833998371337,0.0,0.0,0.0,0.0
tubeBe,"nTOF 5 ns + veto, per-arm coinc (strict)",14.0,oracle: IPC only,"no MM loss, DREAM",False,10901005783.71244,0.00693954265892791,0.9936143813527087,21.5659625065952,0.0,14683.910224051846,1995.2405532203675,2965.2328595288463,0.0,0.0,0.0,0.0
tubeBe,"nTOF 5 ns + veto, per-arm coinc (strict)",14.0,oracle: IPC only,"no MM loss, DREAM",False,13545084316.226381,0.006233054019205132,0.9912030829229593,29.781844378623745,0.0,18201.26776361274,2473.176899603912,3675.519424611068,0.0,0.0,0.0,0.0
tubeBe,"nTOF 5 ns + veto, per-arm coinc (strict)",14.0,oracle: IPC only,"no MM loss, DREAM",False,16830493696.995401,0.005601455999119865,0.9877508799886222,41.614166487865184,0.0,22537.28322994851,3062.3519739416115,4551.123765963157,0.0,0.0,0.0,0.0
tubeBe,"nTOF 5 ns + veto, per-arm coinc (strict)",14.0,oracle: IPC only,"no MM loss, DREAM",False,20912791051.82548,0.00503779556423262,0.9827726477990746,58.823276007915695,0.0,27862.644953706942,3785.95880003118,5626.514266941604,0.0,0.0,0.0,0.0
tubeBe,"nTOF 5 ns + veto, per-arm coinc (strict)",14.0,oracle: IPC only,"no MM loss, DREAM",False,25985264452.18819,0.004536104639794258,0.9755574923117615,84.07688785786398,0.0,34366.657240568034,4669.719928734673,6939.9185752974345,0.0,0.0,0.0,0.0
tubeBe,"nTOF 5 ns + veto, per-arm coinc (strict)",14.0,oracle: IPC only,"no MM loss, DREAM",False,32288084693.086143,0.004091390277188031,0.9650771592690978,121.43147268813195,0.0,42243.66624201167,5740.042993773504,8530.582476771493,0.0,0.0,0.0,0.0
tubeBe,"nTOF 5 ns + veto, per-arm coinc (strict)",14.0,oracle: IPC only,"no MM loss, DREAM",False,40119676867.86863,0.0036996497835057743,0.9498772415658329,177.07254010667228,0.0,51663.30562631196,7019.977712080546,10432.761378784146,0.0,0.0,0.0,0.0
tubeBe,"nTOF 5 ns + veto, per-arm coinc (strict)",14.0,oracle: IPC only,"no MM loss, DREAM",False,49850850159.80715,0.0033579069158251643,0.9279749723496661,260.45392479374607,0.0,62714.23288088362,8521.57080769165,12664.358557160022,0.0,0.0,0.0,0.0
tubeBe,"nTOF 5 ns + veto, per-arm coinc (strict)",14.0,oracle: IPC only,"no MM loss, DREAM",False,61942354865.91934,0.0030642566016622504,0.8968259488410183,386.05221964410157,0.0,75310.08874944737,10233.087838782729,15207.934835240014,0.0,0.0,0.0,0.0
tubeBe,"nTOF 5 ns + veto, per-arm coinc (strict)",14.0,oracle: IPC only,"no MM loss, DREAM",False,76966697940.67009,0.0028178902710379937,0.8534834980649726,576.0698537120426,0.0,89054.37601447171,12100.653010992002,17983.422536213453,0.0,0.0,0.0,0.0
tubeBe,"nTOF 5 ns + veto, per-arm coinc (strict)",14.0,oracle: IPC only,"no MM loss, DREAM",False,95635249979.00362,0.002619052358725658,0.7951330027818038,864.6014473331543,0.0,103089.64850030102,14007.757073325154,20817.671079850912,0.0,0.0,0.0,0.0
tubeBe,"nTOF 5 ns + veto, per-arm coinc (strict)",14.0,oracle: IPC only,"no MM loss, DREAM",False,118831927096.53207,0.002468860300141909,0.7201450269504857,1304.057672652278,0.0,116013.99651657186,15763.909412349816,23427.58225753297,0.0,0.0,0.0,0.0
tubeBe,"nTOF 5 ns + veto, per-arm coinc (strict)",14.0,oracle: IPC only,"no MM loss, DREAM",False,147655042472.05704,0.0023689305207872397,0.6294963393298078,1975.0724461017,0.0,126008.19006720227,17121.914192050037,25445.785220411282,0.0,0.0,0.0,0.0
tubeBe,"nTOF 5 ns + veto, per-arm coinc (strict)",14.0,oracle: IPC only,"no MM loss, DREAM",True,183469309133.68265,0.0023208247083688596,0.5278348171999061,3001.785540698599,0.0,131286.09817304896,17839.073050165825,26511.59305403557,0.0,0.0,0.0,0.0
tubeBe,"nTOF 5 ns + veto, per-arm coinc (strict)",14.0,oracle: IPC only,"no MM loss, DREAM",False,227970456209.51935,0.0023254624990451615,0.42310571293722266,4575.4212485082,0.0,130762.95898303678,17767.989223653356,26405.951607536495,0.0,0.0,0.0,0.0
tubeBe,"nTOF 5 ns + veto, per-arm coinc (strict)",14.0,oracle: IPC only,"no MM loss, DREAM",False,283265518084.60077,0.0023827500101038634,0.32433623223353036,6990.671576035082,0.0,124550.78242660829,16923.88255179094,25151.479891675408,0.0,0.0,0.0,0.0
tubeBe,"nTOF 5 ns + veto, per-arm coinc (strict)",14.0,oracle: IPC only,"no MM loss, DREAM",False,351972597984.32916,0.0024916186317866028,0.23871194155052644,10701.843810856244,0.0,113904.34229194278,15477.250913487715,23001.563851422896,0.0,0.0,0.0,0.0
tubeBe,"nTOF 5 ns + veto, per-arm coinc (strict)",14.0,oracle: IPC only,"no MM loss, DREAM",False,437344829577.31195,0.0026504526245021004,0.1697782490205061,16409.51680327458,0.0,100661.48397048151,13677.819593058388,20327.33348296411,0.0,0.0,0.0,0.0
tubeBe,"nTOF 5 ns + veto, per-arm coinc (strict)",14.0,oracle: IPC only,"no MM loss, DREAM",False,543424405915.04004,0.0028576870769194294,0.11753782703519766,25194.29305704836,0.0,86591.26386342906,11765.966869773269,17486.02770230789,0.0,0.0,0.0,0.0
tubeBe,"nTOF 5 ns + veto, per-arm coinc (strict)",14.0,oracle: IPC only,"no MM loss, DREAM",False,675233968650.1552,0.0031123365530395073,0.07974780710635697,38723.25420694214,0.0,73001.25284081625,9919.364657059203,14741.694167797139,0.0,0.0,0.0,0.0
tubeBe,"nTOF 5 ns + veto, per-arm coinc (strict)",14.0,oracle: IPC only,"no MM loss, DREAM",False,839014419404.4929,0.0034143330992479643,0.05332918384848223,59568.65408314039,0.0,60658.49681256038,8242.238674244127,12249.228251451257,0.0,0.0,0.0,0.0
tubeBe,"nTOF 5 ns + veto, per-arm coinc (strict)",14.0,oracle: IPC only,"no MM loss, DREAM",False,1042520413147.9036,0.0037646772312380805,0.03530254994758727,91699.88485485595,0.0,49893.95435586187,6779.559366161247,10075.46291760219,0.0,0.0,0.0,0.0
tubeBe,"nTOF 5 ns + veto, per-arm coinc (strict)",14.0,oracle: IPC only,"no MM loss, DREAM",False,1295387524568.9966,0.004165464801277037,0.0232070260794166,141242.94773180102,0.0,40754.58567239154,5537.707655693595,8229.881194337124,0.0,0.0,0.0,0.0
tubeBe,"nTOF 5 ns + veto, per-arm coinc (strict)",14.0,oracle: IPC only,"no MM loss, DREAM",False,1609588471982.2002,0.00461985534568717,0.015183592191901471,217652.91141700774,0.0,33131.9246857604,4501.9452401031485,6690.579707898985,0.0,0.0,0.0,0.0
tubeBe,"nTOF 5 ns + veto, per-arm coinc (strict)",14.0,oracle: IPC only,"no MM loss, DREAM",False,2000000000000.0002,0.0051320273734901676,0.009902348676966112,335523.9699586223,0.0,26848.83784084951,3648.203322515176,5421.788542090407,0.0,0.0,0.0,0.0
tubeBe,"nTOF 5 ns + veto, per-arm coinc (strict)",14.0,oracle: IPC only,"no MM loss, no dead time",False,1000000000.0,0.02283878884211173,1.0,1.153135926803617,0.0,1355.680289429854,184.2089912972502,273.7627566428784,0.0,0.0,0.0,0.0
tubeBe,"nTOF 5 ns + veto, per-arm coinc (strict)",14.0,oracle: IPC only,"no MM loss, no dead time",False,1242553630.827767,0.020488751630519123,1.0,1.4579525708714747,0.0,1684.5054658727029,228.88955096751874,340.164907252027,0.0,0.0,0.0,0.0
tubeBe,"nTOF 5 ns + veto, per-arm coinc (strict)",14.0,oracle: IPC only,"no MM loss, no dead time",False,1543939525.4832668,0.018380525617149368,1.0,1.8503669995868215,0.0,2093.088382769347,284.4075426132278,422.6731405861969,0.0,0.0,0.0,0.0
tubeBe,"nTOF 5 ns + veto, per-arm coinc (strict)",14.0,oracle: IPC only,"no MM loss, no dead time",False,1918427663.1677406,0.016489229214895006,1.0,2.359058437466118,0.0,2600.7745696534803,353.3916247088704,525.1940454887562,0.0,0.0,0.0,0.0
tubeBe,"nTOF 5 ns + veto, per-arm coinc (strict)",14.0,oracle: IPC only,"no MM loss, no dead time",False,2383749258.3495045,0.014792541071168529,1.0,3.0237049523170882,0.0,3231.601884487456,439.1080463861305,652.5817681111774,0.0,0.0,0.0,0.0
tubeBe,"nTOF 5 ns + veto, per-arm coinc (strict)",14.0,oracle: IPC only,"no MM loss, no dead time",False,2961936295.9451733,0.01327043662808355,1.0,3.8998501908710983,0.0,4015.438654959742,545.6152973627741,810.8678453785473,0.0,0.0,0.0,0.0
tubeBe,"nTOF 5 ns + veto, per-arm coinc (strict)",14.0,oracle: IPC only,"no MM loss, no dead time",False,3680364698.807223,0.011904951789738048,1.0,5.066146641718222,0.0,4989.397880086393,677.9562687732864,1007.5467853966023,0.0,0.0,0.0,0.0
tubeBe,"nTOF 5 ns + veto, per-arm coinc (strict)",14.0,oracle: IPC only,"no MM loss, no dead time",False,4573050519.273255,0.010679970907366809,1.0,6.635202457638874,0.0,6199.59445154571,842.3970233066926,1251.9309164233932,0.0,0.0,0.0,0.0
tubeBe,"nTOF 5 ns + veto, per-arm coinc (strict)",14.0,oracle: IPC only,"no MM loss, no dead time",False,5682260526.681813,0.009581036580133085,1.0,8.76991037581238,0.0,7703.328595427835,1046.7234799082385,1555.5913057474274,0.0,0.0,0.0,0.0
tubeBe,"nTOF 5 ns + veto, per-arm coinc (strict)",14.0,oracle: IPC only,"no MM loss, no dead time",False,7060513448.737786,0.008595179026801425,1.0,11.708139298209307,0.0,9571.798915708217,1300.6100604326568,1932.905625040573,0.0,0.0,0.0,0.0
tubeBe,"nTOF 5 ns + veto, per-arm coinc (strict)",14.0,oracle: IPC only,"no MM loss, no dead time",False,8773066621.237415,0.007710763014510986,1.0,15.80021135913631,0.0,11893.473496266532,1616.0777528817193,2401.7389024415784,0.0,0.0,0.0,0.0
tubeBe,"nTOF 5 ns + veto, per-arm coinc (strict)",14.0,oracle: IPC only,"no MM loss, no dead time",False,10901005783.71244,0.006917350538081377,1.0,21.5659625065952,0.0,14778.278675939795,2008.0632795431593,2984.2893935290795,0.0,0.0,0.0,0.0
tubeBe,"nTOF 5 ns + veto, per-arm coinc (strict)",14.0,oracle: IPC only,"no MM loss, no dead time",False,13545084316.226381,0.006205577629171805,1.0,29.781844378623745,0.0,18362.803826173556,2495.1263189282663,3708.1396213703524,0.0,0.0,0.0,0.0
tubeBe,"nTOF 5 ns + veto, per-arm coinc (strict)",14.0,oracle: IPC only,"no MM loss, no dead time",False,16830493696.995401,0.005567043841377817,1.0,41.614166487865184,0.0,22816.768566390056,3100.32826695825,4607.56235015005,0.0,0.0,0.0,0.0
tubeBe,"nTOF 5 ns + veto, per-arm coinc (strict)",14.0,oracle: IPC only,"no MM loss, no dead time",False,20912791051.82548,0.004994213106952775,1.0,58.823276007915695,0.0,28351.05862592483,3852.3241448669323,5725.143327444266,0.0,0.0,0.0,0.0
tubeBe,"nTOF 5 ns + veto, per-arm coinc (strict)",14.0,oracle: IPC only,"no MM loss, no dead time",False,25985264452.18819,0.004480324795050618,1.0,84.07688785786398,0.0,35227.71083345378,4786.71935332988,7113.797628525235,0.0,0.0,0.0,0.0
tubeBe,"nTOF 5 ns + veto, per-arm coinc (strict)",14.0,oracle: IPC only,"no MM loss, no dead time",False,32288084693.086143,0.004019313921786795,1.0,121.43147268813195,0.0,43772.32000185866,5947.7555122335825,8839.275072297989,0.0,0.0,0.0,0.0
tubeBe,"nTOF 5 ns + veto, per-arm coinc (strict)",14.0,oracle: IPC only,"no MM loss, no dead time",False,40119676867.86863,0.0036057395704247423,1.0,177.07254010667228,0.0,54389.45514806436,7390.4052070017015,10983.273334969239,0.0,0.0,0.0,0.0
tubeBe,"nTOF 5 ns + veto, per-arm coinc (strict)",14.0,oracle: IPC only,"no MM loss, no dead time",False,49850850159.80715,0.00323472067689279,1.0,260.45392479374607,0.0,67581.81497297164,9182.974823248438,13647.30616073988,0.0,0.0,0.0,0.0
tubeBe,"nTOF 5 ns + veto, per-arm coinc (strict)",14.0,oracle: IPC only,"no MM loss, no dead time",False,61942354865.91934,0.002901878422762852,1.0,386.05221964410157,0.0,83974.02957259626,11410.338708427322,16957.509821045496,0.0,0.0,0.0,0.0
tubeBe,"nTOF 5 ns + veto, per-arm coinc (strict)",14.0,oracle: IPC only,"no MM loss, no dead time",False,76966697940.67009,0.002603284555804546,1.0,576.0698537120426,0.0,104342.23534066777,14177.95779113098,21070.6153979376,0.0,0.0,0.0,0.0
tubeBe,"nTOF 5 ns + veto, per-arm coinc (strict)",14.0,oracle: IPC only,"no MM loss, no dead time",False,95635249979.00362,0.0023354150281864883,1.0,864.6014473331543,0.0,129650.82337123205,17616.87293109262,26181.369666482813,0.0,0.0,0.0,0.0
tubeBe,"nTOF 5 ns + veto, per-arm coinc (strict)",14.0,oracle: IPC only,"no MM loss, no dead time",False,118831927096.53207,0.00209510840515615,1.0,1304.057672652278,0.0,161098.1013197339,21889.909424360547,32531.75593913219,0.0,0.0,0.0,0.0
tubeBe,"nTOF 5 ns + veto, per-arm coinc (strict)",14.0,oracle: IPC only,"no MM loss, no dead time",False,147655042472.05704,0.0018795285533314745,1.0,1975.0724461017,0.0,200173.03071429566,27199.386433730262,40422.45145937163,0.0,0.0,0.0,0.0
tubeBe,"nTOF 5 ns + veto, per-arm coinc (strict)",14.0,oracle: IPC only,"no MM loss, no dead time",False,183469309133.68265,0.0016861311682461713,1.0,3001.785540698599,0.0,248725.72610784622,33796.69636951906,50227.063827801394,0.0,0.0,0.0,0.0
tubeBe,"nTOF 5 ns + veto, per-arm coinc (strict)",14.0,oracle: IPC only,"no MM loss, no dead time",False,227970456209.51935,0.0015126337461018606,1.0,4575.4212485082,0.0,309055.054055577,41994.207783929516,62409.82052505263,0.0,0.0,0.0,0.0
tubeBe,"nTOF 5 ns + veto, per-arm coinc (strict)",14.0,oracle: IPC only,"no MM loss, no dead time",False,283265518084.60077,0.0013569886453294582,1.0,6990.671576035082,0.0,384017.47954242915,52180.0553556573,77547.54909271345,0.0,0.0,0.0,0.0
tubeBe,"nTOF 5 ns + veto, per-arm coinc (strict)",14.0,oracle: IPC only,"no MM loss, no dead time",False,351972597984.32916,0.0012173589200284033,1.0,10701.843810856244,0.0,477162.31350677303,64836.51723896585,96356.98868694561,0.0,0.0,0.0,0.0
tubeBe,"nTOF 5 ns + veto, per-arm coinc (strict)",14.0,oracle: IPC only,"no MM loss, no dead time",False,437344829577.31195,0.001092096640066517,1.0,16409.51680327458,0.0,592899.7651420204,80562.84990550442,119728.72614859478,0.0,0.0,0.0,0.0
tubeBe,"nTOF 5 ns + veto, per-arm coinc (strict)",14.0,oracle: IPC only,"no MM loss, no dead time",False,543424405915.04004,0.0009797234419712069,1.0,25194.29305704836,0.0,736709.7558941479,100103.66165991698,148769.36339031986,0.0,0.0,0.0,0.0
tubeBe,"nTOF 5 ns + veto, per-arm coinc (strict)",14.0,oracle: IPC only,"no MM loss, no dead time",False,675233968650.1552,0.0008789130810707799,1.0,38723.25420694214,0.0,915401.3820525113,124384.16825468416,184853.9126365775,0.0,0.0,0.0,0.0
tubeBe,"nTOF 5 ns + veto, per-arm coinc (strict)",14.0,oracle: IPC only,"no MM loss, no dead time",False,839014419404.4929,0.0007884757789637888,1.0,59568.65408314039,0.0,1137435.3109341038,154553.9998823497,229690.90031929815,0.0,0.0,0.0,0.0
tubeBe,"nTOF 5 ns + veto, per-arm coinc (strict)",14.0,oracle: IPC only,"no MM loss, no dead time",False,1042520413147.9036,0.0007073441815829419,1.0,91699.88485485595,0.0,1413324.3754328806,192041.63371276783,285403.26215984265,0.0,0.0,0.0,0.0
tubeBe,"nTOF 5 ns + veto, per-arm coinc (strict)",14.0,oracle: IPC only,"no MM loss, no dead time",False,1295387524568.9966,0.0006345607621286481,1.0,141242.94773180102,0.0,1756131.3342315191,238622.02923989674,354628.859646803,0.0,0.0,0.0,0.0
tubeBe,"nTOF 5 ns + veto, per-arm coinc (strict)",14.0,oracle: IPC only,"no MM loss, no dead time",False,1609588471982.2002,0.0005692665201997922,1.0,217652.91141700774,0.0,2182087.3655597856,296500.66882752336,440645.3771504456,0.0,0.0,0.0,0.0
tubeBe,"nTOF 5 ns + veto, per-arm coinc (strict)",14.0,oracle: IPC only,"no MM loss, no dead time",True,2000000000000.0002,0.0005106908437472552,1.0,335523.9699586223,0.0,2711360.5788597087,368417.9825945005,547525.5132857569,0.0,0.0,0.0,0.0
tubeBe,"nTOF 5 ns, no veto, strict",14.0,as is,MM occ + DREAM,False,1000000000.0,0.055048331090852456,0.9996564835379222,1.153135926803617,0.008458494367821364,1332.4812727653136,181.05672339737512,269.07800404817965,0.0,0.0,10.840591711408152,10638.571084680887
tubeBe,"nTOF 5 ns, no veto, strict",14.0,as is,MM occ + DREAM,False,1242553630.827767,0.046046553791664294,0.9995657188159682,1.4579525708714747,0.010510132888072652,1648.7499378857756,224.03111214892203,332.9445235205209,0.0,0.0,16.66716784108221,10594.045534651077
tubeBe,"nTOF 5 ns, no veto, strict",14.0,as is,MM occ + DREAM,False,1543939525.4832668,0.038719363723051965,0.999448894518847,1.8503669995868215,0.013059403780557002,2038.0034047006893,276.9226301860315,411.5494150564627,0.0,0.0,25.5992395638218,10538.936931091052
tubeBe,"nTOF 5 ns, no veto, strict",14.0,as is,MM occ + DREAM,False,1918427663.1677406,0.032744727228691914,0.9992974944466279,2.359058437466118,0.016227009583977034,2515.95521970879,341.86642439606584,508.0658337425479,0.0,0.0,39.26812901290848,10470.795185641866
tubeBe,"nTOF 5 ns, no veto, strict",14.0,as is,MM occ + DREAM,False,2383749258.3495045,0.02786444655316367,0.999099747109748,3.0237049523170882,0.020162929676047638,3101.083095308886,421.3732348030587,626.2251235558133,0.0,0.0,60.1403357621909,10386.638544883564
tubeBe,"nTOF 5 ns, no veto, strict",14.0,as is,MM occ + DREAM,False,2961936295.9451733,0.023871625731648596,0.998839193680403,3.8998501908710983,0.025053521477097922,3814.761215943163,518.3473722438611,770.3435349422597,0.0,0.0,91.92527678212598,10282.85781564927
tubeBe,"nTOF 5 ns, no veto, strict",14.0,as is,MM occ + DREAM,False,3680364698.807223,0.02060063525392167,0.9984925640943906,5.066146641718222,0.031130344076389465,4681.160155985787,636.0731192733316,945.3020144804466,0.0,0.0,140.16391843800412,10155.114611398756
tubeBe,"nTOF 5 ns, no veto, strict",14.0,as is,MM occ + DREAM,False,4573050519.273255,0.017919075207685743,0.9980266116293708,6.635202457638874,0.0386811220610354,5726.739217084692,778.1457492793027,1156.443688727913,0.0,0.0,213.06164698207664,9998.240828476097
tubeBe,"nTOF 5 ns, no veto, strict",14.0,as is,MM occ + DREAM,False,5682260526.681813,0.015721339565845892,0.9973933789382703,8.76991037581238,0.04806336866143177,6979.070620861445,948.311758520762,1409.3364245753564,0.0,0.0,322.63435377705997,9806.152364752028
tubeBe,"nTOF 5 ns, no veto, strict",14.0,as is,MM occ + DREAM,False,7060513448.737786,0.013923479959732192,0.9965231054628723,11.708139298209307,0.05972131324007556,8464.623884921777,1150.1678085235092,1709.325411565806,0.0,0.0,486.2233643847746,9571.798923558217
tubeBe,"nTOF 5 ns, no veto, strict",14.0,as is,MM occ + DREAM,False,8773066621.237415,0.012459148948928397,0.9953136027429951,15.80021135913631,0.07420693460425828,10205.007405344611,1386.6500346553632,2060.7741962694404,0.0,0.0,728.3776739894175,9287.184698974012
tubeBe,"nTOF 5 ns, no veto, strict",14.0,as is,MM occ + DREAM,False,10901005783.71244,0.011276468721561142,0.9936143813527087,21.5659625065952,0.0922060960251198,12211.03632598246,1659.227991910476,2465.8667623420192,0.0,0.0,1082.956387506232,8943.51292455207
tubeBe,"nTOF 5 ns, no veto, strict",14.0,as is,MM occ + DREAM,False,13545084316.226381,0.010335727886018088,0.9912030829229593,29.781844378623745,0.11457101940046635,14473.931592466637,1966.7087878625077,2922.8302890503437,0.0,0.0,1594.9978516775993,8531.531305464727
tubeBe,"nTOF 5 ns, no veto, strict",14.0,as is,MM occ + DREAM,False,16830493696.995401,0.009607868708533845,0.9877508799886222,41.614166487865184,0.14236063614368857,16953.08287809296,2303.5743166742955,3423.464026502728,0.0,0.0,2321.33283562345,8042.1841880678485
tubeBe,"nTOF 5 ns, no veto, strict",14.0,as is,MM occ + DREAM,False,20912791051.82548,0.009073803541665579,0.9827726477990746,58.823276007915695,0.17689072532729086,19560.36745571671,2657.8505172015875,3949.9726870534596,0.0,0.0,3327.981330243049,7467.705741255872
tubeBe,"nTOF 5 ns, no veto, strict",14.0,as is,MM occ + DREAM,False,25985264452.18819,0.008724708868834185,0.9755574923117615,84.07688785786398,0.2197962130151825,22142.401761529913,3008.6957265604833,4471.38236957026,0.0,0.0,4681.054973789711,6803.302337183295
tubeBe,"nTOF 5 ns, no veto, strict",14.0,as is,MM occ + DREAM,True,32288084693.086143,0.008563621384848948,0.9650771592690978,121.43147268813195,0.27310858252420833,24464.84688246405,3324.26811955472,4940.371248007172,0.0,0.0,6426.531782013635,6049.540716053401
tubeBe,"nTOF 5 ns, no veto, strict",14.0,as is,MM occ + DREAM,False,40119676867.86863,0.008608988163778255,0.9498772415658329,177.07254010667228,0.33935206082567987,26207.448181146727,3561.0516960118334,5292.267885419715,0.0,0.0,8554.094350449168,5215.422485878218
tubeBe,"nTOF 5 ns, no veto, strict",14.0,as is,MM occ + DREAM,False,49850850159.80715,0.008901511610415622,0.9279749723496661,260.45392479374607,0.4216631353078355,26984.487151903908,3666.635266207451,5449.181231665158,0.0,0.0,10944.063687840046,4321.791243126113
tubeBe,"nTOF 5 ns, no veto, strict",14.0,as is,MM occ + DREAM,False,61942354865.91934,0.009517134140579532,0.8968259488410183,386.05221964410157,0.5239390597629711,26409.822016547718,3588.5501264122995,5333.134761986216,0.0,0.0,13308.98882009506,3404.0814913766344
tubeBe,"nTOF 5 ns, no veto, strict",14.0,as is,MM occ + DREAM,False,76966697940.67009,0.010592279426838786,0.8534834980649726,576.0698537120426,0.6510223810409661,24220.57279562818,3291.0763091500585,4891.043137308789,0.0,0.0,15166.28239354744,2512.486522294813
tubeBe,"nTOF 5 ns, no veto, strict",14.0,as is,MM occ + DREAM,False,95635249979.00362,0.01237475849659568,0.7951330027818038,864.6014473331543,0.8089302233125903,20445.00374187601,2778.0543434347505,4128.613971590495,0.0,0.0,15907.321759883142,1706.8343827644633
tubeBe,"nTOF 5 ns, no veto, strict",14.0,as is,MM occ + DREAM,False,118831927096.53207,0.0153311836549062,0.7201450269504857,1304.057672652278,1.0051391860633756,15540.235065830957,2111.5974380676403,3138.157000342178,0.0,0.0,15023.897010842767,1044.1108996039181
tubeBe,"nTOF 5 ns, no veto, strict",14.0,as is,MM occ + DREAM,False,147655042472.05704,0.02038701932669614,0.6294963393298078,1975.0724461017,1.2489393451303188,10365.346914312266,1408.436867024556,2093.1527639273136,0.0,0.0,12451.566682593048,560.4769348050314
tubeBe,"nTOF 5 ns, no veto, strict",14.0,as is,MM occ + DREAM,False,183469309133.68265,0.029502693467182324,0.5278348171999061,3001.785540698599,1.5518741179753315,5892.207182891209,800.6294331617652,1189.8578843966666,0.0,0.0,8794.948661612196,256.41106905399414
tubeBe,"nTOF 5 ns, no veto, strict",14.0,as is,MM occ + DREAM,False,227970456209.51935,0.04717871300167609,0.42310571293722266,4575.4212485082,1.9282868198778864,2764.369474900177,375.620798291926,558.2299998964887,0.0,0.0,5127.037936869532,96.81434379487494
tubeBe,"nTOF 5 ns, no veto, strict",14.0,as is,MM occ + DREAM,False,283265518084.60077,0.08479797966003959,0.32433623223353036,6990.671576035082,2.3959997893165963,1033.2549293103875,140.39803467322332,208.65296926446933,0.0,0.0,2381.1846311448658,29.12298996501264
tubeBe,"nTOF 5 ns, no veto, strict",14.0,as is,MM occ + DREAM,False,351972597984.32916,0.17469618607486959,0.23871194155052644,10701.843810856244,2.9771582376779016,295.53811020487495,40.15753389291456,59.680241996245165,0.0,0.0,846.2802772463224,6.703889140594376
tubeBe,"nTOF 5 ns, no veto, strict",14.0,as is,MM occ + DREAM,False,437344829577.31195,0.4224588610182075,0.1697782490205061,16409.51680327458,3.699278777775487,61.61842710223235,8.372673402664143,12.443074222610225,0.0,0.0,219.2433748410227,1.1248867400027387
tubeBe,"nTOF 5 ns, no veto, strict",14.0,as is,MM occ + DREAM,False,543424405915.04004,1.2359060179750394,0.11753782703519766,25194.29305704836,4.596552276769037,8.809667136301071,1.1970520700902496,1.7790026004982675,0.0,0.0,38.94847990777431,0.12943226343140687
tubeBe,"nTOF 5 ns, no veto, strict",14.0,as is,MM occ + DREAM,False,675233968650.1552,4.5468975114106795,0.07974780710635697,38723.25420694214,5.7114627207890045,0.7987609540516218,0.10853513972336308,0.16129983033966808,0.0,0.0,4.3879632635762675,0.009444625260001255
tubeBe,"nTOF 5 ns, no veto, strict",14.0,as is,MM occ + DREAM,False,839014419404.4929,22.10811902425007,0.05332918384848223,59568.65408314039,7.096798741053815,0.04156143929098315,0.005647342421621929,0.00839281523752943,0.0,0.0,0.2836951280356583,0.0003954971333877375
tubeBe,"nTOF 5 ns, no veto, strict",14.0,as is,MM occ + DREAM,False,1042520413147.9036,151.33532185187096,0.03530254994758727,91699.88485485595,8.818153042950343,0.001093194684017734,0.00014854261111896372,0.0002207570564958933,0.0,0.0,0.009272011306308859,8.372113925620787e-06
tubeBe,"nTOF 5 ns, no veto, strict",14.0,as is,MM occ + DREAM,False,1295387524568.9966,1579.4615113561824,0.0232070260794166,141242.94773180102,10.957028080712917,1.2388616672683506e-05,1.6833574985464195e-06,2.5017269025369622e-06,0.0,0.0,0.00013056128006241877,7.635637300844693e-08
tubeBe,"nTOF 5 ns, no veto, strict",14.0,as is,MM occ + DREAM,False,1609588471982.2002,27777.321674716994,0.015183592191901471,217652.91141700774,13.614695024771637,4.950770806623891e-08,6.727076461483425e-09,9.997465288061722e-09,0.0,0.0,6.483052644347143e-07,2.4557273903456805e-10
tubeBe,"nTOF 5 ns, no veto, strict",14.0,as is,MM occ + DREAM,False,2000000000000.0002,932712.1970779012,0.009902348676966112,335523.9699586223,16.91698873564273,5.432700648236477e-11,7.381919721296797e-12,1.0970662604398113e-11,0.0,0.0,8.839702414070151e-10,2.1687423759476424e-13
tubeBe,"nTOF 5 ns, no veto, strict",14.0,as is,"MM occ ÷10, DAQ 10 µs",False,1000000000.0,0.0546217895661031,0.9999884687737026,1.153135926803617,0.0008458494367821365,1353.3732191585489,183.89550802922415,273.29687252391193,0.0,0.0,11.010561125263902,10805.37302129686
tubeBe,"nTOF 5 ns, no veto, strict",14.0,as is,"MM occ ÷10, DAQ 10 µs",False,1242553630.827767,0.04560347437385281,0.9999854206868508,1.4579525708714747,0.0010510132888072652,1680.9438021506758,228.40559432472463,339.4456736049942,0.0,0.0,16.992614730768935,10800.907264329793
tubeBe,"nTOF 5 ns, no veto, strict",14.0,as is,"MM occ ÷10, DAQ 10 µs",False,1543939525.4832668,0.03825674899990602,0.9999814966723837,1.8503669995868215,0.0013059403780557003,2087.589990655428,283.6604245257562,421.5628087521013,0.0,0.0,26.22209372102269,10795.359418315442
tubeBe,"nTOF 5 ns, no veto, strict",14.0,as is,"MM occ ÷10, DAQ 10 µs",False,1918427663.1677406,0.032259031765666066,0.9999764099721279,2.359058437466118,0.0016227009583977036,2592.2865390235925,352.23827640645493,523.4799933764511,0.0,0.0,40.45948093805366,10788.467616587448
tubeBe,"nTOF 5 ns, no veto, strict",14.0,as is,"MM occ ÷10, DAQ 10 µs",False,2383749258.3495045,0.027351454583967275,0.9999697638647285,3.0237049523170882,0.002016292967604764,3218.4990947290794,437.32764749460006,649.9358228452226,0.0,0.0,62.41742328676117,10779.906802418704
tubeBe,"nTOF 5 ns, no veto, strict",14.0,as is,"MM occ ÷10, DAQ 10 µs",False,2961936295.9451733,0.02332629196756237,0.9999610030189151,3.8998501908710983,0.0025053521477097925,3995.2129959590948,542.8670474458278,806.7835253466726,0.0,0.0,96.27366948216304,10769.273581000356
tubeBe,"nTOF 5 ns, no veto, strict",14.0,as is,"MM occ ÷10, DAQ 10 µs",False,3680364698.807223,0.02001687457763882,0.9999493411000371,5.066146641718222,0.0031130344076389467,4958.178860884656,673.714247936014,1001.2424931361104,0.0,0.0,148.4584492520369,10756.067495728528
tubeBe,"nTOF 5 ns, no veto, strict",14.0,as is,"MM occ ÷10, DAQ 10 µs",False,4573050519.273255,0.01728948123567051,0.9999336523777226,6.635202457638874,0.00386811220610354,6151.409881904616,835.8497340683051,1242.2006424676183,0.0,0.0,228.86139407053713,10739.667916161805
tubeBe,"nTOF 5 ns, no veto, strict",14.0,as is,"MM occ ÷10, DAQ 10 µs",False,5682260526.681813,0.015036804079239019,0.9999123085867002,8.76991037581238,0.004806336866143178,7628.964727194417,1036.6189639223928,1540.5744483652416,0.0,0.0,352.6782058042195,10719.30555861795
tubeBe,"nTOF 5 ns, no veto, strict",14.0,as is,"MM occ ÷10, DAQ 10 µs",False,7060513448.737786,0.013172673568994726,0.9998829323134658,11.708139298209307,0.005972131324007556,9457.043663563101,1285.0171884195922,1909.73223053787,0.0,0.0,543.2297583147555,10694.027471224475
tubeBe,"nTOF 5 ns, no veto, strict",14.0,as is,"MM occ ÷10, DAQ 10 µs",False,8773066621.237415,0.011627805499202294,0.9998420228471326,15.80021135913631,0.0074206934604258284,11716.410049078193,1592.0184822288322,2365.9831436679847,0.0,0.0,836.2533372179979,10662.654108189729
tubeBe,"nTOF 5 ns, no veto, strict",14.0,as is,"MM occ ÷10, DAQ 10 µs",False,10901005783.71244,0.010346387503035721,0.99978438687398,21.5659625065952,0.00922060960251198,14505.118542933167,1970.946451220063,2929.128105429008,0.0,0.0,1286.4109448417935,10623.726905541353
tubeBe,"nTOF 5 ns, no veto, strict",14.0,as is,"MM occ ÷10, DAQ 10 µs",False,13545084316.226381,0.009283361114437234,0.9997022702256317,29.781844378623745,0.011457101940046635,17941.475675224785,2437.8765128371483,3623.0576466936445,0.0,0.0,1977.1141638394743,10575.44457851955
tubeBe,"nTOF 5 ns, no veto, strict",14.0,as is,"MM occ ÷10, DAQ 10 µs",False,16830493696.995401,0.008402283343384375,0.9995840314369717,41.614166487865184,0.014236063614368858,22167.06318208156,3012.046704987475,4476.362436423477,0.0,0.0,3035.2669189389326,10515.58623884289
tubeBe,"nTOF 5 ns, no veto, strict",14.0,as is,"MM occ ÷10, DAQ 10 µs",False,20912791051.82548,0.007673671412518528,0.9994121130542815,58.823276007915695,0.017689072532729087,27349.497777288703,3716.2326820872595,5522.890583190293,0.0,0.0,4653.216162753604,10441.419468949343
tubeBe,"nTOF 5 ns, no veto, strict",14.0,as is,"MM occ ÷10, DAQ 10 µs",False,25985264452.18819,0.0070737420384068194,0.9991599374198948,84.07688785786398,0.021979621301518253,33684.35055387528,4577.008522150824,6802.1352344306615,0.0,0.0,7121.101784587955,10349.591851766996
tubeBe,"nTOF 5 ns, no veto, strict",14.0,as is,"MM occ ÷10, DAQ 10 µs",False,32288084693.086143,0.006583447951572888,0.9987871580449661,121.43147268813195,0.027310858252420835,41395.2590938866,5624.7619601964625,8359.257215618716,0.0,0.0,10873.885680528621,10236.0054221122
tubeBe,"nTOF 5 ns, no veto, strict",14.0,as is,"MM occ ÷10, DAQ 10 µs",False,40119676867.86863,0.006187698800500659,0.9982324045251393,177.07254010667228,0.03393520608256799,50730.67332467634,6893.252217231178,10244.42789645747,0.0,0.0,16558.459376952134,10095.675571023196
tubeBe,"nTOF 5 ns, no veto, strict",14.0,as is,"MM occ ÷10, DAQ 10 µs",False,49850850159.80715,0.0058746683246491075,0.9974022267544378,260.45392479374607,0.04216631353078355,61954.80435511283,8418.380133765553,12511.001421034895,0.0,0.0,25126.93018077927,9922.579940994972
tubeBe,"nTOF 5 ns, no veto, strict",14.0,as is,"MM occ ÷10, DAQ 10 µs",False,61942354865.91934,0.0056351762370670895,0.9961543241206516,386.05221964410157,0.05239390597629711,75329.1123158324,10235.672749105603,15211.776407633848,0.0,0.0,37961.41878619717,9709.510228258505
tubeBe,"nTOF 5 ns, no veto, strict",14.0,as is,"MM occ ÷10, DAQ 10 µs",False,76966697940.67009,0.005462260886048321,0.9942722970329828,576.0698537120426,0.06510223810409661,91079.02858407404,12375.761538040575,18392.275916335642,0.0,0.0,57031.279949142125,9447.952932908955
tubeBe,"nTOF 5 ns, no veto, strict",14.0,as is,"MM occ ÷10, DAQ 10 µs",False,95635249979.00362,0.005351104981156909,0.9914280983127206,864.6014473331543,0.08089302233125904,109338.65215392098,14856.867788160647,22079.579569503658,0.0,0.0,85071.40143202373,9128.047772336175
tubeBe,"nTOF 5 ns, no veto, strict",14.0,as is,"MM occ ÷10, DAQ 10 µs",True,118831927096.53207,0.005299383239495413,0.9871272908251502,1304.057672652278,0.10051391860633757,130064.35763863166,17673.063709153255,26264.87776340825,0.0,0.0,125742.85431761167,8738.710378909958
tubeBe,"nTOF 5 ns, no veto, strict",14.0,as is,"MM occ ÷10, DAQ 10 µs",False,147655042472.05704,0.005307996540153239,0.9806318112973578,1975.0724461017,0.12489393451303188,152907.94404688888,20777.03596772048,30877.855642849405,0.0,0.0,183683.5252440145,8268.06632669523
tubeBe,"nTOF 5 ns, no veto, strict",14.0,as is,"MM occ ÷10, DAQ 10 µs",False,183469309133.68265,0.0053821987510760914,0.9708569562659424,3001.785540698599,0.15518741179753315,177044.2722065021,24056.665168327665,35751.88662473507,0.0,0.0,264263.4986444315,7704.432260659308
tubeBe,"nTOF 5 ns, no veto, strict",14.0,as is,"MM occ ÷10, DAQ 10 µs",False,227970456209.51935,0.005533315742482174,0.9562476421908416,4575.4212485082,0.19282868198778866,200963.5816836503,27306.806005858976,40582.09338551356,0.0,0.0,372724.38311035116,7038.189888879787
tubeBe,"nTOF 5 ns, no veto, strict",14.0,as is,"MM occ ÷10, DAQ 10 µs",False,283265518084.60077,0.0057815416304798665,0.9346609244239857,6990.671576035082,0.23959997893165963,222275.2881090538,30202.62736879828,44885.7271738575,0.0,0.0,512243.8663629952,6264.979533551003
tubeBe,"nTOF 5 ns, no veto, strict",14.0,as is,"MM occ ÷10, DAQ 10 µs",False,351972597984.32916,0.006160711454531335,0.9033273210052285,10701.843810856244,0.29771582376779016,237639.48488238515,32290.304833592072,47988.33543265262,0.0,0.0,680486.2121217586,5390.5357957898495
tubeBe,"nTOF 5 ns, no veto, strict",14.0,as is,"MM occ ÷10, DAQ 10 µs",False,437344829577.31195,0.006726683097760955,0.8590362948503109,16409.51680327458,0.36992787777754876,243039.86748196647,33024.10544944853,49078.875465516394,0.0,0.0,864755.6140836779,4436.859833648403
tubeBe,"nTOF 5 ns, no veto, strict",14.0,as is,"MM occ ÷10, DAQ 10 µs",False,543424405915.04004,0.007572425009114462,0.7987584542246836,25194.29305704836,0.4596552276769037,234671.54412927452,31887.02289711836,47388.996747522055,0.0,0.0,1037507.9761847951,3447.811211213196
tubeBe,"nTOF 5 ns, no veto, strict",14.0,as is,"MM occ ÷10, DAQ 10 µs",False,675233968650.1552,0.008856010140336372,0.7208596754140713,38723.25420694214,0.5711462720789005,210557.61228812084,28610.436894280116,42519.48842332192,0.0,0.0,1156690.3250592526,2489.6531729734706
tubeBe,"nTOF 5 ns, no veto, strict",14.0,as is,"MM occ ÷10, DAQ 10 µs",False,839014419404.4929,0.010854693737624802,0.6266894997302966,59568.65408314039,0.7096798741053816,172408.63685448028,23426.777930993172,34815.777777645184,0.0,0.0,1176847.8460152019,1640.634270864333
tubeBe,"nTOF 5 ns, no veto, strict",14.0,as is,"MM occ ÷10, DAQ 10 µs",False,1042520413147.9036,0.014074940979362231,0.5216487223021246,91699.88485485595,0.8818153042950343,126381.92200858092,17172.69665490186,25521.255733123642,0.0,0.0,1071917.588795737,967.8823586171007
tubeBe,"nTOF 5 ns, no veto, strict",14.0,as is,"MM occ ÷10, DAQ 10 µs",False,1295387524568.9966,0.0194906784002681,0.4145198893489471,141242.94773180102,1.0957028080712916,81355.51504094285,11054.536588757996,16428.733411087986,0.0,0.0,857390.3337653313,501.429030931099
tubeBe,"nTOF 5 ns, no veto, strict",14.0,as is,"MM occ ÷10, DAQ 10 µs",False,1609588471982.2002,0.029096839857616866,0.3148090145118242,217652.91141700774,1.3614695024771637,45119.25396904612,6130.776058725378,9111.271618053073,0.0,0.0,590838.2960561009,223.8047207830825
tubeBe,"nTOF 5 ns, no veto, strict",14.0,as is,"MM occ ÷10, DAQ 10 µs",False,2000000000000.0002,0.04730024845362486,0.22960848747199994,335523.9699586223,1.691698873564273,21124.39324070513,2870.369364353061,4265.808222686308,0.0,0.0,343721.03676694265,84.32889966460925
tubeBe,"nTOF 5 ns, no veto, strict",14.0,as is,"no MM loss, DREAM",False,1000000000.0,0.05458466879923707,0.9996564835379222,1.153135926803617,0.0,1355.2145909331202,184.14571247627686,273.6687146292678,0.0,0.0,11.025541868337022,10820.074589654703
tubeBe,"nTOF 5 ns, no veto, strict",14.0,as is,"no MM loss, DREAM",False,1242553630.827767,0.04556513272356539,0.9995657188159682,1.4579525708714747,0.0,1683.773916844476,228.79014854231212,340.01718003333957,0.0,0.0,17.021224282482745,10819.092171116114
tubeBe,"nTOF 5 ns, no veto, strict",14.0,as is,"no MM loss, DREAM",False,1543939525.4832668,0.03821699934743028,0.999448894518847,1.8503669995868215,0.0,2091.9348702890647,284.25080405761236,422.4402031016837,0.0,0.0,26.27666949570535,10817.827689137004
tubeBe,"nTOF 5 ns, no veto, strict",14.0,as is,"no MM loss, DREAM",False,1918427663.1677406,0.03221766610432986,0.9992974944466279,2.359058437466118,0.0,2598.9475110752296,353.1433651299971,524.8250937552023,0.0,0.0,40.563443006943494,10816.188966134381
tubeBe,"nTOF 5 ns, no veto, strict",14.0,as is,"no MM loss, DREAM",False,2383749258.3495045,0.027308243858029713,0.999099747109748,3.0237049523170882,0.0,3228.692625550803,438.71273809823856,651.9942794883098,0.0,0.0,62.6151098199431,10814.048589944983
tubeBe,"nTOF 5 ns, no veto, strict",14.0,as is,"no MM loss, DREAM",False,2961936295.9451733,0.02328098712614283,0.998839193680403,3.8998501908710983,0.0,4010.77750839311,544.9819436775264,809.9265848592739,0.0,0.0,96.648731519466,10811.22841362789
tubeBe,"nTOF 5 ns, no veto, strict",14.0,as is,"no MM loss, DREAM",False,3680364698.807223,0.019969209630698766,0.9984925640943906,5.066146641718222,0.0,4981.87668257458,676.9342931513048,1006.0279731957141,0.0,0.0,149.16801257305622,10807.476566831112
tubeBe,"nTOF 5 ns, no veto, strict",14.0,as is,"no MM loss, DREAM",False,4573050519.273255,0.017239179605927215,0.9980266116293708,6.635202457638874,0.0,6187.360243952412,840.7346468174466,1249.460370512092,0.0,0.0,230.19891670901427,10802.433193922749
tubeBe,"nTOF 5 ns, no veto, strict",14.0,as is,"no MM loss, DREAM",False,5682260526.681813,0.014983590398174537,0.9973933789382703,8.76991037581238,0.0,7683.248936865569,1043.995068439703,1551.536468686423,0.0,0.0,355.18770196194555,10795.579214517675
tubeBe,"nTOF 5 ns, no veto, strict",14.0,as is,"no MM loss, DREAM",False,7060513448.737786,0.013116294438446321,0.9965231054628723,11.708139298209307,0.0,9538.518780347706,1296.087976418605,1926.1851160320862,0.0,0.0,547.9098369496991,10786.159554792288
tubeBe,"nTOF 5 ns, no veto, strict",14.0,as is,"no MM loss, DREAM",False,8773066621.237415,0.011568064877594212,0.9953136027429951,15.80021135913631,0.0,11837.735954697366,1608.5041705335077,2390.4833998371337,0.0,0.0,844.9129175024051,10773.068148033091
tubeBe,"nTOF 5 ns, no veto, strict",14.0,as is,"no MM loss, DREAM",False,10901005783.71244,0.010283205643403945,0.9936143813527087,21.5659625065952,0.0,14683.910224051846,1995.2405532203675,2965.2328595288463,0.0,0.0,1302.2673871560683,10754.676127884168
tubeBe,"nTOF 5 ns, no veto, strict",14.0,as is,"no MM loss, DREAM",False,13545084316.226381,0.009216870921100708,0.9912030829229593,29.781844378623745,0.0,18201.26776361274,2473.176899603912,3675.519424611068,0.0,0.0,2005.7427241041437,10728.576733444721
tubeBe,"nTOF 5 ns, no veto, strict",14.0,as is,"no MM loss, DREAM",False,16830493696.995401,0.008332985403375912,0.9877508799886222,41.614166487865184,0.0,22537.28322994851,3062.3519739416115,4551.123765963157,0.0,0.0,3085.959996988481,10691.210804384817
tubeBe,"nTOF 5 ns, no veto, strict",14.0,as is,"no MM loss, DREAM",False,20912791051.82548,0.007602679910909566,0.9827726477990746,58.823276007915695,0.0,27862.644953706942,3785.95880003118,5626.514266941604,0.0,0.0,4740.522509459668,10637.327450950355
tubeBe,"nTOF 5 ns, no veto, strict",14.0,as is,"no MM loss, DREAM",False,25985264452.18819,0.007003169883456188,0.9755574923117615,84.07688785786398,0.0,34366.657240568034,4669.719928734673,6939.9185752974345,0.0,0.0,7265.346078580588,10559.232103364162
tubeBe,"nTOF 5 ns, no veto, strict",14.0,as is,"no MM loss, DREAM",False,32288084693.086143,0.006517002800959381,0.9650771592690978,121.43147268813195,0.0,42243.66624201167,5740.042993773504,8530.582476771493,0.0,0.0,11096.748939297735,10445.795150657455
tubeBe,"nTOF 5 ns, no veto, strict",14.0,as is,"no MM loss, DREAM",False,40119676867.86863,0.006131593897058073,0.9498772415658329,177.07254010667228,0.0,51663.30562631196,7019.977712080546,10432.761378784146,0.0,0.0,16862.869964634105,10281.274391762481
tubeBe,"nTOF 5 ns, no veto, strict",14.0,as is,"no MM loss, DREAM",False,49850850159.80715,0.005838990783577539,0.9279749723496661,260.45392479374607,0.0,62714.23288088362,8521.57080769165,12664.358557160022,0.0,0.0,25434.930629541235,10044.20876921692
tubeBe,"nTOF 5 ns, no veto, strict",14.0,as is,"no MM loss, DREAM",False,61942354865.91934,0.00563588792378819,0.8968259488410183,386.05221964410157,0.0,75310.08874944737,10233.087838782729,15207.934835240014,0.0,0.0,37951.83203350427,9707.058194685895
tubeBe,"nTOF 5 ns, no veto, strict",14.0,as is,"no MM loss, DREAM",False,76966697940.67009,0.005524004215870542,0.8534834980649726,576.0698537120426,0.0,89054.37601447171,12100.653010992002,17983.422536213453,0.0,0.0,55763.49603343916,9237.928490614442
tubeBe,"nTOF 5 ns, no veto, strict",14.0,as is,"no MM loss, DREAM",True,95635249979.00362,0.005510903418499318,0.7951330027818038,864.6014473331543,0.0,103089.64850030102,14007.757073325154,20817.671079850912,0.0,0.0,80209.33767053786,8606.354823355543
tubeBe,"nTOF 5 ns, no veto, strict",14.0,as is,"no MM loss, DREAM",False,118831927096.53207,0.005611116478505716,0.7201450269504857,1304.057672652278,0.0,116013.99651657186,15763.909412349816,23427.58225753297,0.0,0.0,112159.32887100425,7794.700514916993
tubeBe,"nTOF 5 ns, no veto, strict",14.0,as is,"no MM loss, DREAM",False,147655042472.05704,0.005847177380100071,0.6294963393298078,1975.0724461017,0.0,126008.19006720227,17121.914192050037,25445.785220411282,0.0,0.0,151369.69308843734,6813.537907899462
tubeBe,"nTOF 5 ns, no veto, strict",14.0,as is,"no MM loss, DREAM",False,183469309133.68265,0.006250162386024875,0.5278348171999061,3001.785540698599,0.0,131286.09817304896,17839.073050165825,26511.59305403557,0.0,0.0,195962.98255907124,5713.174662667093
tubeBe,"nTOF 5 ns, no veto, strict",14.0,as is,"no MM loss, DREAM",False,227970456209.51935,0.006859646949028762,0.42310571293722266,4575.4212485082,0.0,130762.95898303678,17767.989223653356,26405.951607536495,0.0,0.0,242524.2564464193,4579.60854421459
tubeBe,"nTOF 5 ns, no veto, strict",14.0,as is,"no MM loss, DREAM",False,283265518084.60077,0.007723533205418309,0.32433623223353036,6990.671576035082,0.0,124550.78242660829,16923.88255179094,25151.479891675408,0.0,0.0,287033.14206228795,3510.5481559768646
tubeBe,"nTOF 5 ns, no veto, strict",14.0,as is,"no MM loss, DREAM",False,351972597984.32916,0.008898566069231485,0.23871194155052644,10701.843810856244,0.0,113904.34229194278,15477.250913487715,23001.563851422896,0.0,0.0,326167.742994505,2583.7685800594404
tubeBe,"nTOF 5 ns, no veto, strict",14.0,as is,"no MM loss, DREAM",False,437344829577.31195,0.010452208480299513,0.1697782490205061,16409.51680327458,0.0,100661.48397048151,13677.819593058388,20327.33348296411,0.0,0.0,358161.74641358765,1837.644579267273
tubeBe,"nTOF 5 ns, no veto, strict",14.0,as is,"no MM loss, DREAM",False,543424405915.04004,0.012466029703196688,0.11753782703519766,25194.29305704836,0.0,86591.26386342906,11765.966869773269,17486.02770230789,0.0,0.0,382829.2316376448,1272.2050790145527
tubeBe,"nTOF 5 ns, no veto, strict",14.0,as is,"no MM loss, DREAM",False,675233968650.1552,0.015040366595957783,0.07974780710635697,38723.25420694214,0.0,73001.25284081625,9919.364657059203,14741.694167797139,0.0,0.0,401029.63725971314,863.1737356400034
tubeBe,"nTOF 5 ns, no veto, strict",14.0,as is,"no MM loss, DREAM",False,839014419404.4929,0.018300007243164666,0.05332918384848223,59568.65408314039,0.0,60658.49681256038,8242.238674244127,12249.228251451257,0.0,0.0,414050.14631972363,577.2240330036303
tubeBe,"nTOF 5 ns, no veto, strict",14.0,as is,"no MM loss, DREAM",False,1042520413147.9036,0.022400880929758078,0.03530254994758727,91699.88485485595,0.0,49893.95435586187,6779.559366161247,10075.46291760219,0.0,0.0,423179.25221131503,382.10748384889024
tubeBe,"nTOF 5 ns, no veto, strict",14.0,as is,"no MM loss, DREAM",False,1295387524568.9966,0.027537988477548687,0.0232070260794166,141242.94773180102,0.0,40754.58567239154,5537.707655693595,8229.881194337124,0.0,0.0,429504.84419568133,251.1880404103076
tubeBe,"nTOF 5 ns, no veto, strict",14.0,as is,"no MM loss, DREAM",False,1609588471982.2002,0.03395497743038783,0.015183592191901471,217652.91141700774,0.0,33131.9246857604,4501.9452401031485,6690.579707898985,0.0,0.0,433863.77664452326,164.34405494359044
tubeBe,"nTOF 5 ns, no veto, strict",14.0,as is,"no MM loss, DREAM",False,2000000000000.0002,0.04195587644148409,0.009902348676966112,335523.9699586223,0.0,26848.83784084951,3648.203322515176,5421.788542090407,0.0,0.0,436865.1100880692,107.18096972506395
tubeBe,"nTOF 5 ns, no veto, strict",14.0,as is,"no MM loss, no dead time",False,1000000000.0,0.054575292627795785,1.0,1.153135926803617,0.0,1355.680289429854,184.2089912972502,273.7627566428784,0.0,0.0,11.0293306249724,10823.792740643235
tubeBe,"nTOF 5 ns, no veto, strict",14.0,as is,"no MM loss, no dead time",False,1242553630.827767,0.04555523760923837,1.0,1.4579525708714747,0.0,1684.5054658727029,228.88955096751874,340.164907252027,0.0,0.0,17.028619491517947,10823.792740643235
tubeBe,"nTOF 5 ns, no veto, strict",14.0,as is,"no MM loss, no dead time",False,1543939525.4832668,0.03820646709722829,1.0,1.8503669995868215,0.0,2093.088382769347,284.4075426132278,422.6731405861969,0.0,0.0,26.291158697369337,10823.792740643235
tubeBe,"nTOF 5 ns, no veto, strict",14.0,as is,"no MM loss, no dead time",False,1918427663.1677406,0.03220634757147008,1.0,2.359058437466118,0.0,2600.7745696534803,353.3916247088704,525.1940454887562,0.0,0.0,40.59195908362199,10823.792740643234
tubeBe,"nTOF 5 ns, no veto, strict",14.0,as is,"no MM loss, no dead time",False,2383749258.3495045,0.02729594892753954,1.0,3.0237049523170882,0.0,3231.601884487456,439.1080463861305,652.5817681111774,0.0,0.0,62.671530046003504,10823.792740643235
tubeBe,"nTOF 5 ns, no veto, strict",14.0,as is,"no MM loss, no dead time",False,2961936295.9451733,0.02326747084406622,1.0,3.8998501908710983,0.0,4015.438654959742,545.6152973627741,810.8678453785473,0.0,0.0,96.76105236053695,10823.792740643235
tubeBe,"nTOF 5 ns, no veto, strict",14.0,as is,"no MM loss, no dead time",False,3680364698.807223,0.019954152802455875,1.0,5.066146641718222,0.0,4989.397880086393,677.9562687732864,1007.5467853966023,0.0,0.0,149.39321326678896,10823.792740643235
tubeBe,"nTOF 5 ns, no veto, strict",14.0,as is,"no MM loss, no dead time",False,4573050519.273255,0.01722216140762561,1.0,6.635202457638874,0.0,6199.59445154571,842.3970233066926,1251.9309164233932,0.0,0.0,230.65408680154655,10823.792740643235
tubeBe,"nTOF 5 ns, no veto, strict",14.0,as is,"no MM loss, no dead time",False,5682260526.681813,0.014964049384705101,1.0,8.76991037581238,0.0,7703.328595427835,1046.7234799082385,1555.5913057474274,0.0,0.0,356.1159613271591,10823.792740643235
tubeBe,"nTOF 5 ns, no veto, strict",14.0,as is,"no MM loss, no dead time",False,7060513448.737786,0.013093472597649636,1.0,11.708139298209307,0.0,9571.798915708217,1300.6100604326568,1932.905625040573,0.0,0.0,549.8215083484712,10823.792740643235
tubeBe,"nTOF 5 ns, no veto, strict",14.0,as is,"no MM loss, no dead time",False,8773066621.237415,0.011540926771513603,1.0,15.80021135913631,0.0,11893.473496266532,1616.0777528817193,2401.7389024415784,0.0,0.0,848.8911587000326,10823.792740643237
tubeBe,"nTOF 5 ns, no veto, strict",14.0,as is,"no MM loss, no dead time",False,10901005783.71244,0.01025032074687053,1.0,21.5659625065952,0.0,14778.278675939795,2008.0632795431593,2984.2893935290795,0.0,0.0,1310.6366127502686,10823.792740643235
tubeBe,"nTOF 5 ns, no veto, strict",14.0,as is,"no MM loss, no dead time",False,13545084316.226381,0.009176241345368687,1.0,29.781844378623745,0.0,18362.803826173556,2495.1263189282663,3708.1396213703524,0.0,0.0,2023.5436699706465,10823.792740643235
tubeBe,"nTOF 5 ns, no veto, strict",14.0,as is,"no MM loss, no dead time",False,16830493696.995401,0.008281792283549876,1.0,41.614166487865184,0.0,22816.768566390056,3100.32826695825,4607.56235015005,0.0,0.0,3124.229053609173,10823.792740643235
tubeBe,"nTOF 5 ns, no veto, strict",14.0,as is,"no MM loss, no dead time",False,20912791051.82548,0.007536908390766506,1.0,58.823276007915695,0.0,28351.05862592483,3852.3241448669323,5725.143327444266,0.0,0.0,4823.6207225303815,10823.792740643235
tubeBe,"nTOF 5 ns, no veto, strict",14.0,as is,"no MM loss, no dead time",False,25985264452.18819,0.00691705288223325,1.0,84.07688785786398,0.0,35227.71083345378,4786.71935332988,7113.797628525235,0.0,0.0,7447.378689454811,10823.792740643235
tubeBe,"nTOF 5 ns, no veto, strict",14.0,as is,"no MM loss, no dead time",False,32288084693.086143,0.006402195418087165,1.0,121.43147268813195,0.0,43772.32000185866,5947.7555122335825,8839.275072297989,0.0,0.0,11498.302319891054,10823.792740643235
tubeBe,"nTOF 5 ns, no veto, strict",14.0,as is,"no MM loss, no dead time",False,40119676867.86863,0.005975952330127528,1.0,177.07254010667228,0.0,54389.45514806436,7390.4052070017015,10983.273334969239,0.0,0.0,17752.683427635733,10823.792740643235
tubeBe,"nTOF 5 ns, no veto, strict",14.0,as is,"no MM loss, no dead time",False,49850850159.80715,0.005624784930997202,1.0,260.45392479374607,0.0,67581.81497297164,9182.974823248438,13647.30616073988,0.0,0.0,27409.069627318797,10823.792740643235
tubeBe,"nTOF 5 ns, no veto, strict",14.0,as is,"no MM loss, no dead time",False,61942354865.91934,0.005337236297468966,1.0,386.05221964410157,0.0,83974.02957259626,11410.338708427322,16957.509821045496,0.0,0.0,42317.9459543404,10823.792740643237
tubeBe,"nTOF 5 ns, no veto, strict",14.0,as is,"no MM loss, no dead time",False,76966697940.67009,0.005103305479697681,1.0,576.0698537120426,0.0,104342.23534066777,14177.95779113098,21070.6153979376,0.0,0.0,65336.34939617085,10823.792740643234
tubeBe,"nTOF 5 ns, no veto, strict",14.0,as is,"no MM loss, no dead time",False,95635249979.00362,0.004914085287210464,1.0,864.6014473331543,0.0,129650.82337123205,17616.87293109262,26181.369666482813,0.0,0.0,100875.3722835329,10823.792740643234
tubeBe,"nTOF 5 ns, no veto, strict",14.0,as is,"no MM loss, no dead time",False,118831927096.53207,0.004761669704742627,1.0,1304.057672652278,0.0,161098.1013197339,21889.909424360547,32531.75593913219,0.0,0.0,155745.4744163857,10823.792740643235
tubeBe,"nTOF 5 ns, no veto, strict",14.0,as is,"no MM loss, no dead time",False,147655042472.05704,0.0046391976235081135,1.0,1975.0724461017,0.0,200173.03071429566,27199.386433730262,40422.45145937163,0.0,0.0,240461.5938666027,10823.792740643235
tubeBe,"nTOF 5 ns, no veto, strict",14.0,as is,"no MM loss, no dead time",False,183469309133.68265,0.004540883060954325,1.0,3001.785540698599,0.0,248725.72610784622,33796.69636951906,50227.063827801394,0.0,0.0,371258.15913135273,10823.792740643235
tubeBe,"nTOF 5 ns, no veto, strict",14.0,as is,"no MM loss, no dead time",False,227970456209.51935,0.004461965508240212,1.0,4575.4212485082,0.0,309055.054055577,41994.207783929516,62409.82052505263,0.0,0.0,573200.1460410516,10823.792740643235
tubeBe,"nTOF 5 ns, no veto, strict",14.0,as is,"no MM loss, no dead time",False,283265518084.60077,0.004398592725688762,1.0,6990.671576035082,0.0,384017.47954242915,52180.0553556573,77547.54909271345,0.0,0.0,884986.361485561,10823.792740643235
tubeBe,"nTOF 5 ns, no veto, strict",14.0,as is,"no MM loss, no dead time",False,351972597984.32916,0.004347675298957552,1.0,10701.843810856244,0.0,477162.31350677303,64836.51723896585,96356.98868694561,0.0,0.0,1366365.4230111795,10823.792740643235
tubeBe,"nTOF 5 ns, no veto, strict",14.0,as is,"no MM loss, no dead time",False,437344829577.31195,0.004306744311173709,1.0,16409.51680327458,0.0,592899.7651420204,80562.84990550442,119728.72614859478,0.0,0.0,2109585.58284064,10823.792740643232
tubeBe,"nTOF 5 ns, no veto, strict",14.0,as is,"no MM loss, no dead time",False,543424405915.04004,0.004273827469485211,1.0,25194.29305704836,0.0,736709.7558941479,100103.66165991698,148769.36339031986,0.0,0.0,3257072.5637373202,10823.792740643235
tubeBe,"nTOF 5 ns, no veto, strict",14.0,as is,"no MM loss, no dead time",False,675233968650.1552,0.004247347521712406,1.0,38723.25420694214,0.0,915401.3820525113,124384.16825468416,184853.9126365775,0.0,0.0,5028723.0685211625,10823.792740643235
tubeBe,"nTOF 5 ns, no veto, strict",14.0,as is,"no MM loss, no dead time",False,839014419404.4929,0.0042260412346045995,1.0,59568.65408314039,0.0,1137435.3109341038,154553.9998823497,229690.90031929815,0.0,0.0,7764044.308199321,10823.792740643235
tubeBe,"nTOF 5 ns, no veto, strict",14.0,as is,"no MM loss, no dead time",False,1042520413147.9036,0.00420889542840986,1.0,91699.88485485595,0.0,1413324.3754328806,192041.63371276783,285403.26215984265,0.0,0.0,11987214.885032319,10823.792740643235
tubeBe,"nTOF 5 ns, no veto, strict",14.0,as is,"no MM loss, no dead time",False,1295387524568.9966,0.004195096535312439,1.0,141242.94773180102,0.0,1756131.3342315191,238622.02923989674,354628.859646803,0.0,0.0,18507534.8614629,10823.792740643235
tubeBe,"nTOF 5 ns, no veto, strict",14.0,as is,"no MM loss, no dead time",False,1609588471982.2002,0.004183990709428639,1.0,217652.91141700774,0.0,2182087.3655597856,296500.66882752336,440645.3771504456,0.0,0.0,28574514.59187205,10823.792740643235
tubeBe,"nTOF 5 ns, no veto, strict",14.0,as is,"no MM loss, no dead time",True,2000000000000.0002,0.004175052153996115,1.0,335523.9699586223,0.0,2711360.5788597087,368417.9825945005,547525.5132857569,0.0,0.0,44117322.49988961,10823.792740643235
tubeBe,"nTOF 5 ns, no veto, strict",14.0,no Be window + air,MM occ + DREAM,False,1000000000.0,0.05476546009068447,0.9999811618583557,0.06321643129701461,0.007393869636209451,1335.7551794006688,181.50157978689583,269.73912873404714,0.0,0.0,0.014597488595807806,10664.710055018944
tubeBe,"nTOF 5 ns, no veto, strict",14.0,no Be window + air,MM occ + DREAM,False,1242553630.827767,0.04572437604726589,0.9999740731702514,0.08700504015607946,0.009187279562339234,1653.7931732384295,224.7163838198539,333.9629421132424,0.0,0.0,0.022456786772681887,10626.450852001075
tubeBe,"nTOF 5 ns, no veto, strict",14.0,no Be window + air,MM occ + DREAM,False,1543939525.4832668,0.038352128017787514,0.9999638947897124,0.12116279839254684,0.011415687577614355,2045.767836812328,277.97765637357196,413.11734545658885,0.0,0.0,0.03451738683467344,10579.088414715448
tubeBe,"nTOF 5 ns, no veto, strict",14.0,no Be window + air,MM occ + DREAM,False,1918427663.1677406,0.032325971552503885,0.9999491320707481,0.1707064326498841,0.01418460404796021,2527.9007993389223,343.4895822978842,510.478094830018,0.0,0.0,0.05299766470503223,10520.50978974176
tubeBe,"nTOF 5 ns, no veto, strict",14.0,no Be window + air,MM occ + DREAM,False,2383749258.3495045,0.027386922313808994,0.9999275226411924,0.24323024213409422,0.017625131261647203,3119.4453427510884,423.8682855208803,629.9331508223673,0.0,0.0,0.08126232228676546,10448.140291593409
tubeBe,"nTOF 5 ns, no veto, strict",14.0,no Be window + air,MM occ + DREAM,False,2961936295.9451733,0.023327201660850335,0.9998956299984277,0.35027146243831203,0.021900170842975707,3842.9560622755566,522.1784703598154,776.0371331418208,0.0,0.0,0.12439198853677791,10358.858272704978
tubeBe,"nTOF 5 ns, no veto, strict",14.0,no Be window + air,MM occ + DREAM,False,3680364698.807223,0.019980170491778595,0.9998482190374016,0.5094094079063818,0.027212136796687866,4724.3933968903075,641.9476250543976,954.0324292404081,0.0,0.0,0.19001513214593094,10248.903010380624
tubeBe,"nTOF 5 ns, no veto, strict",14.0,no Be window + air,MM occ + DREAM,False,4573050519.273255,0.017212251403342326,0.9997772959891363,0.747495365731713,0.03381253937930639,5792.917619401291,787.1380292670356,1169.8075931747594,0.0,0.0,0.28950404050906026,10113.780855518216
tubeBe,"nTOF 5 ns, no veto, strict",14.0,no Be window + air,MM occ + DREAM,False,5682260526.681813,0.01491643930390392,0.9996706320839147,1.105625620980142,0.04201389357326418,7080.151538756255,962.0465705335812,1429.7484575175135,0.0,0.0,0.4396579927346784,9948.179138214186
tubeBe,"nTOF 5 ns, no veto, strict",14.0,no Be window + air,MM occ + DREAM,False,7060513448.737786,0.013007089101627206,0.9995094935879113,1.6468024385938922,0.0522045160046708,8618.590045711037,1171.0886343214763,1740.4169609053006,0.0,0.0,0.6650032776139673,9745.903898822651
tubeBe,"nTOF 5 ns, no veto, strict",14.0,no Be window + air,MM occ + DREAM,False,8773066621.237415,0.011415740459909236,0.9992651535936834,2.467740948542893,0.06486691090720997,10438.70847615727,1418.4051902441427,2107.9672180127695,0.0,0.0,1.000805018066383,9499.867054093957
tubeBe,"nTOF 5 ns, no veto, strict",14.0,no Be window + air,MM occ + DREAM,False,10901005783.71244,0.010087792790360605,0.9988935381844577,3.7170719106926677,0.08060061566833503,12564.182911386122,1707.2133294450618,2537.180318696655,0.0,0.0,1.4967597579615997,9202.161819412757
tubeBe,"nTOF 5 ns, no veto, strict",14.0,no Be window + air,MM occ + DREAM,False,13545084316.226381,0.008979883046224902,0.9983270264746944,5.623412939444631,0.1001505876456431,15004.52072821917,2038.8049083507383,3029.976159342126,0.0,0.0,2.221033547700545,8844.282391311246
tubeBe,"nTOF 5 ns, no veto, strict",14.0,no Be window + air,MM occ + DREAM,False,16830493696.995401,0.008057851297627932,0.9974619350735702,8.53866809141689,0.12444247630862885,17744.391340766866,2411.0968165222807,3583.258918989919,0.0,0.0,3.2636925514921464,8417.56419724741
tubeBe,"nTOF 5 ns, no veto, strict",14.0,no Be window + air,MM occ + DREAM,False,20912791051.82548,0.00729521052311167,0.9961395219293535,13.004829256298516,0.15462645076648515,20729.20385577085,2816.6712774680323,4186.0046463865365,0.0,0.0,4.737463735922623,7913.941033871613
tubeBe,"nTOF 5 ns, no veto, strict",14.0,no Be window + air,MM occ + DREAM,False,25985264452.18819,0.006672072192094284,0.9941174085597704,19.857050648487544,0.1921316578219071,23847.26974781643,3240.3521240883197,4815.659234312668,0.0,0.0,6.772002083241211,7327.12682924195
tubeBe,"nTOF 5 ns, no veto, strict",14.0,no Be window + air,MM occ + DREAM,False,32288084693.086143,0.006174523518522783,0.991027192195031,30.38271153647599,0.2387338890235688,26910.608321264634,3656.5966568270596,5434.262321586538,0.0,0.0,9.495483353261005,6654.315946279051
tubeBe,"nTOF 5 ns, no veto, strict",14.0,no Be window + air,MM occ + DREAM,False,40119676867.86863,0.005794516027459179,0.9863129967381177,46.566902493581345,0.29663966060786856,29639.544744854436,4027.402834229859,5985.337057901615,0.0,0.0,12.995118167075876,5898.428075294719
tubeBe,"nTOF 5 ns, no veto, strict",14.0,no Be window + air,MM occ + DREAM,False,49850850159.80715,0.005530429826618774,0.9791457105140657,71.4713208153473,0.3685906873358252,31660.90856019261,4302.06448740238,6393.526315044146,0.0,0.0,17.24833666582121,5070.759232687614
tubeBe,"nTOF 5 ns, no veto, strict",14.0,no Be window + air,MM occ + DREAM,False,61942354865.91934,0.005388669603932583,0.9683109629592379,109.81911239275391,0.4579936968384318,32535.057004453753,4420.843232226595,6570.049710480293,0.0,0.0,22.023714154645905,4193.590751969111
tubeBe,"nTOF 5 ns, no veto, strict",14.0,no Be window + air,MM occ + DREAM,True,76966697940.67009,0.005387028152488886,0.9520803683227556,168.89764613926297,0.5690817309028251,31829.926493147508,4325.030538604514,6427.657382382505,0.0,0.0,26.772551838154804,3301.8319589082025
tubeBe,"nTOF 5 ns, no veto, strict",14.0,no Be window + air,MM occ + DREAM,False,95635249979.00362,0.005561355889888679,0.9281037649334734,259.9521119253133,0.7071145709710553,29253.639227114338,3974.9662334227137,5907.408243000383,0.0,0.0,30.57378282403567,2442.2160975962897
tubeBe,"nTOF 5 ns, no veto, strict",14.0,no Be window + air,MM occ + DREAM,False,118831927096.53207,0.005978875723884452,0.8934152198218711,400.33686425100865,0.8786277775713036,24830.03762640403,3373.890009831349,5014.116972232105,0.0,0.0,32.244956515170934,1668.2703198169154
tubeBe,"nTOF 5 ns, no veto, strict",14.0,no Be window + air,MM occ + DREAM,False,147655042472.05704,0.006765782240740945,0.8447249349873109,616.8366098380642,1.0917421351673595,19047.838877976883,2588.208454059861,3846.4739216038865,0.0,0.0,30.73585293144319,1029.9582288218019
tubeBe,"nTOF 5 ns, no veto, strict",14.0,no Be window + air,MM occ + DREAM,False,183469309133.68265,0.008167759229772371,0.7792188469283855,950.793676910899,1.3565481539798616,12855.749464536428,1746.8312106450767,2596.0585541904084,0.0,0.0,25.77579705076331,559.4434074320228
tubeBe,"nTOF 5 ns, no veto, strict",14.0,no Be window + air,MM occ + DREAM,False,227970456209.51935,0.010692443129175501,0.6959547387097739,1466.0236578080792,1.6855838341203815,7388.177665530321,1003.9009683209184,1491.9504989878967,0.0,0.0,18.40632883703803,258.75035121855336
tubeBe,"nTOF 5 ns, no veto, strict",14.0,no Be window + air,MM occ + DREAM,False,283265518084.60077,0.015474718628483698,0.5974469678742341,2261.0359977214503,2.094428313150869,3478.9888425535783,472.72283179001136,702.5384844002078,0.0,0.0,10.769561602317939,98.05765670791486
tubeBe,"nTOF 5 ns, no veto, strict",14.0,no Be window + air,MM occ + DREAM,False,351972597984.32916,0.025313454165576413,0.49034161947714827,3487.9009938263443,2.6024395050140874,1284.4424776642377,174.52924191246981,259.3771674459126,0.0,0.0,4.940544225260182,29.135870063465617
tubeBe,"nTOF 5 ns, no veto, strict",14.0,no Be window + air,MM occ + DREAM,False,437344829577.31195,0.047990310087584545,0.38407609500421697,5381.378243740722,3.233670655964884,353.7267561122368,48.06417076823265,71.43071460628451,0.0,0.0,1.6906090352901655,6.457525065913641
tubeBe,"nTOF 5 ns, no veto, strict",14.0,no Be window + air,MM occ + DREAM,False,543424405915.04004,0.10853372767157315,0.2878063423995424,8303.887894757872,4.018009214470374,68.61172229648885,9.322917987336595,13.855283122691096,0.0,0.0,0.407463525217348,1.0080483606660282
tubeBe,"nTOF 5 ns, no veto, strict",14.0,no Be window + air,MM occ + DREAM,False,675233968650.1552,0.3030744580906467,0.20751827562959593,12814.94190075565,4.9925919381395865,8.75301465327408,1.1893541660679998,1.7675623368571585,0.0,0.0,0.06458969225561172,0.10349647522972294
tubeBe,"nTOF 5 ns, no veto, strict",14.0,no Be window + air,MM occ + DREAM,False,839014419404.4929,1.0904950476489577,0.14505482252318236,19778.339655831966,6.203563239976782,0.6747024885852039,0.09167815289274052,0.13624776772890662,0.0,0.0,0.0061863290243397385,0.006420444158749646
tubeBe,"nTOF 5 ns, no veto, strict",14.0,no Be window + air,MM occ + DREAM,False,1042520413147.9036,5.335311750512258,0.09903691181868989,30527.669049873977,7.708260027902817,0.028231200636415255,0.003836037916086724,0.005700939498658341,0.0,0.0,0.0003216364009371331,0.00021620561409653948
tubeBe,"nTOF 5 ns, no veto, strict",14.0,no Be window + air,MM occ + DREAM,False,1295387524568.9966,38.000514916664144,0.06647917574168584,47121.82695832695,9.57792648503523,0.0005597078229692377,7.60527495267371e-05,0.00011302602665639114,0.0,0.0,7.92341430156455e-06,3.4497200482939425e-06
tubeBe,"nTOF 5 ns, no veto, strict",14.0,no Be window + air,MM occ + DREAM,False,1609588471982.2002,429.4886291905435,0.04409875331097879,72739.52353494272,11.901087329781959,4.427365073946948e-06,6.015876019850047e-07,8.940512573343217e-07,0.0,0.0,7.787740388082417e-08,2.196102809809859e-08
tubeBe,"nTOF 5 ns, no veto, strict",14.0,no Be window + air,MM occ + DREAM,False,2000000000000.0002,8584.224076158656,0.029017524334927956,112288.36814758579,14.787739272418904,1.1255907179922825e-08,1.52944563988687e-09,2.272990322362787e-09,0.0,0.0,2.4601510700204344e-10,4.4933752955366893e-11
tubeBe,"nTOF 5 ns, no veto, strict",14.0,no Be window + air,"MM occ ÷10, DAQ 10 µs",False,1000000000.0,0.05440173894063369,0.9999993678360868,0.06321643129701461,0.0007393869636209452,1353.676170570091,183.93667287787417,273.35804978981986,0.0,0.0,0.0147933339634736,10807.791794598048
tubeBe,"nTOF 5 ns, no veto, strict",14.0,no Be window + air,"MM occ ÷10, DAQ 10 µs",False,1242553630.827767,0.045347292309015644,0.9999991299503554,0.08700504015607946,0.0009187279562339235,1681.4116403420137,228.46916388606488,339.54014770329155,0.0,0.0,0.022831816756340002,10803.913359425229
tubeBe,"nTOF 5 ns, no veto, strict",14.0,no Be window + air,"MM occ ÷10, DAQ 10 µs",False,1543939525.4832668,0.03795944867207038,0.9999987883734841,0.12116279839254684,0.0011415687577614356,2088.3124950906963,283.75859797731863,421.7087095278432,0.0,0.0,0.03523522509623867,10799.095638116725
tubeBe,"nTOF 5 ns, no veto, strict",14.0,no Be window + air,"MM occ ÷10, DAQ 10 µs",False,1918427663.1677406,0.03191513201784775,0.9999982929385876,0.1707064326498841,0.0014184604047960212,2593.402406833792,352.38989982780345,523.7053289885059,0.0,0.0,0.054370911721909464,10793.111587673786
tubeBe,"nTOF 5 ns, no veto, strict",14.0,no Be window + air,"MM occ ÷10, DAQ 10 µs",False,2383749258.3495045,0.026954977378205174,0.9999975677034948,0.24323024213409422,0.0017625131261647204,3220.2226245172856,437.5618396461212,650.283868228529,0.0,0.0,0.08388759538831192,10785.679521298285
tubeBe,"nTOF 5 ns, no veto, strict",14.0,no Be window + air,"MM occ ÷10, DAQ 10 µs",False,2961936295.9451733,0.022870766951906943,0.9999964972976446,0.35027146243831203,0.002190017084297571,3997.875354349812,543.2288070416921,807.3211554781252,0.0,0.0,0.12940654464711124,10776.450085959992
tubeBe,"nTOF 5 ns, no veto, strict",14.0,no Be window + air,"MM occ ÷10, DAQ 10 µs",False,3680364698.807223,0.019495351138403158,0.9999949059318707,0.5094094079063818,0.0027212136796687866,4962.291925326427,674.273128564335,1002.0730752937238,0.0,0.0,0.19958341245634417,10764.990207068975
tubeBe,"nTOF 5 ns, no veto, strict",14.0,no Be window + air,"MM occ ÷10, DAQ 10 µs",False,4573050519.273255,0.016694553170514645,0.9999925251022171,0.747495365731713,0.003381253937930639,6157.765055640017,836.713271107565,1243.4839906835014,0.0,0.0,0.30773747897653136,10750.763332786295
tubeBe,"nTOF 5 ns, no veto, strict",14.0,no Be window + air,"MM occ ÷10, DAQ 10 µs",False,5682260526.681813,0.014360655734458386,0.9999889438660295,1.105625620980142,0.004201389357326418,7638.785966643376,1037.9534678067437,1542.5577254005136,0.0,0.0,0.4743476586115874,10733.10518548508
tubeBe,"nTOF 5 ns, no veto, strict",14.0,no Be window + air,"MM occ ÷10, DAQ 10 µs",False,7060513448.737786,0.012407155721798149,0.9999835322468055,1.6468024385938922,0.00522045160046708,9472.224612593809,1287.079966295531,1912.7978341964215,0.0,0.0,0.7308690145675567,10711.19409239587
tubeBe,"nTOF 5 ns, no veto, strict",14.0,no Be window + air,"MM occ ÷10, DAQ 10 µs",False,8773066621.237415,0.010764543302414734,0.9999753231994741,2.467740948542893,0.006486691090720998,11739.881782174558,1595.2078066671909,2370.7229679508546,0.0,0.0,1.1255542413070254,10684.014829628975
tubeBe,"nTOF 5 ns, no veto, strict",14.0,no Be window + air,"MM occ ÷10, DAQ 10 µs",False,10901005783.71244,0.00937691250848379,0.9999628306625041,3.7170719106926677,0.008060061566833502,14541.420342502657,1975.8791170802292,2936.4588019056964,0.0,0.0,1.7323062666126827,10650.314789236643
tubeBe,"nTOF 5 ns, no veto, strict",14.0,no Be window + air,"MM occ ÷10, DAQ 10 µs",False,13545084316.226381,0.008199246489819918,0.9999437690327051,5.623412939444631,0.01001505876456431,17997.641783745537,2445.5083285951623,3634.3996930584335,0.0,0.0,2.664088170841576,10608.551195756867
tubeBe,"nTOF 5 ns, no veto, strict",14.0,no Be window + air,"MM occ ÷10, DAQ 10 µs",False,16830493696.995401,0.007195247580309138,0.9999146206093488,8.53866809141689,0.012444247630862887,22254.00184808218,3023.859876642746,4493.918617662339,0.0,0.0,4.09313673699328,10556.828104412094
tubeBe,"nTOF 5 ns, no veto, strict",14.0,no Be window + air,"MM occ ÷10, DAQ 10 µs",False,20912791051.82548,0.0063356048065336765,0.9998699686177962,13.004829256298516,0.015462645076648516,27484.13806951645,3734.5275209313586,5550.079513974979,0.0,0.0,6.281240144260362,10492.822086285127
tubeBe,"nTOF 5 ns, no veto, strict",14.0,no Be window + air,"MM occ ÷10, DAQ 10 µs",False,25985264452.18819,0.005596611288333095,0.999801468915933,19.857050648487544,0.019213165782190712,33892.987348862036,4605.357959589472,6844.266837713563,0.0,0.0,9.624723641782008,10413.695972460077
tubeBe,"nTOF 5 ns, no veto, strict",14.0,no Be window + air,"MM occ ÷10, DAQ 10 µs",False,32288084693.086143,0.004959061226474893,0.9996962651675132,30.38271153647599,0.02387338890235688,41718.76782946563,5668.720125201521,8424.585777183487,0.0,0.0,14.720583820107246,10316.000987884045
tubeBe,"nTOF 5 ns, no veto, strict",14.0,no Be window + air,"MM occ ÷10, DAQ 10 µs",False,40119676867.86863,0.004407370603542348,0.9995345477217727,46.566902493581345,0.029663966060786858,51232.63867807831,6961.458956045114,10345.793550260943,0.0,0.0,22.462362339364578,10195.569363549996
tubeBe,"nTOF 5 ns, no veto, strict",14.0,no Be window + air,"MM occ ÷10, DAQ 10 µs",False,49850850159.80715,0.003928877428511072,0.999285797241991,71.4713208153473,0.036859068733582516,62734.17419845331,8524.280421472487,12668.385457979877,0.0,0.0,34.17653523650538,10047.402537961309
tubeBe,"nTOF 5 ns, no veto, strict",14.0,no Be window + air,"MM occ ÷10, DAQ 10 µs",False,61942354865.91934,0.003513286747260926,0.9989030135768254,109.81911239275391,0.04579936968384318,76539.82942059355,10400.184233379063,15456.265653880464,0.0,0.0,51.811537455543835,9865.565035633887
tubeBe,"nTOF 5 ns, no veto, strict",14.0,no Be window + air,"MM occ ÷10, DAQ 10 µs",False,76966697940.67009,0.0031522332633460025,0.9983138713701741,168.89764613926297,0.05690817309028251,92960.28166527316,12631.385032137605,18772.17155505484,0.0,0.0,78.19006306247029,9643.102034105748
tubeBe,"nTOF 5 ns, no veto, strict",14.0,no Be window + air,"MM occ ÷10, DAQ 10 µs",False,95635249979.00362,0.002838940830083762,0.9974072188700518,259.9521119253133,0.07071145709710554,112260.91949971135,15253.943650564259,22669.69507864593,0.0,0.0,117.32697411641983,9372.010866909186
tubeBe,"nTOF 5 ns, no veto, strict",14.0,no Be window + air,"MM occ ÷10, DAQ 10 µs",False,118831927096.53207,0.0025679638676349885,0.996012594411986,400.33686425100865,0.08786277775713036,134598.00190182333,18289.092461016528,27180.390779866946,0.0,0.0,174.79259530956003,9043.314998471555
tubeBe,"nTOF 5 ns, no veto, strict",14.0,no Be window + air,"MM occ ÷10, DAQ 10 µs",False,147655042472.05704,0.002335001564113588,0.9938694493822144,616.8366098380642,0.10917421351673595,159921.69664239307,21730.060291301706,32294.19566042382,0.0,0.0,258.05183359832876,8647.315240282589
tubeBe,"nTOF 5 ns, no veto, strict",14.0,no Be window + air,"MM occ ÷10, DAQ 10 µs",False,183469309133.68265,0.0021367823126705854,0.9905816126621663,950.793676910899,0.13565481539798616,187837.67071131646,25523.265418212013,37931.47907825211,0.0,0.0,376.6148128585663,8174.1283802019425
tubeBe,"nTOF 5 ns, no veto, strict",14.0,no Be window + air,"MM occ ÷10, DAQ 10 µs",False,227970456209.51935,0.0019710243318993926,0.9855515806675128,1466.0236578080792,0.16855838341203816,217423.88787939074,29543.422134604505,43906.047295935095,0.0,0.0,541.6728939812376,7614.666281588061
tubeBe,"nTOF 5 ns, no veto, strict",14.0,no Be window + air,"MM occ ÷10, DAQ 10 µs",False,283265518084.60077,0.0018364907392393066,0.9778895649192149,2261.0359977214503,0.2094428313150869,247013.7180956696,33564.06978973122,49881.345123721636,0.0,0.0,764.6559313758253,6962.248937076837
tubeBe,"nTOF 5 ns, no veto, strict",14.0,no Be window + air,"MM occ ÷10, DAQ 10 µs",False,351972597984.32916,0.0017331772271705027,0.9662965336012138,3487.9009938263443,0.26024395050140875,273987.99474203493,37229.317658821106,55328.46447091097,0.0,0.0,1053.8812198698022,6215.053420119148
tubeBe,"nTOF 5 ns, no veto, strict",14.0,no Be window + air,"MM occ ÷10, DAQ 10 µs",False,437344829577.31195,0.0016627055329713814,0.9489342582776444,5381.378243740722,0.3233670655964884,294675.7106935094,40040.35158575667,59506.09115153665,0.0,0.0,1408.3792372803314,5379.507643225822
tubeBe,"nTOF 5 ns, no veto, strict",14.0,no Be window + air,"MM occ ÷10, DAQ 10 µs",True,543424405915.04004,0.0016290620104731403,0.9233278873346911,8303.887894757872,0.40180092144703744,304545.739204998,41381.484897461785,61499.22053057726,0.0,0.0,1808.6017422818993,4474.407912787991
tubeBe,"nTOF 5 ns, no veto, strict",14.0,no Be window + air,"MM occ ÷10, DAQ 10 µs",False,675233968650.1552,0.0016399522692821557,0.886407405926521,12814.94190075565,0.49925919381395867,298946.8033689406,40620.704991801336,60368.58514353456,0.0,0.0,2205.969348306326,3534.775349462629
tubeBe,"nTOF 5 ns, no veto, strict",14.0,no Be window + air,"MM occ ÷10, DAQ 10 µs",False,839014419404.4929,0.0017093184213231916,0.834875489903579,19778.339655831966,0.6203563239976783,274608.36423262116,37313.613077868984,55453.740366123275,0.0,0.0,2517.876727475846,2613.163131765262
tubeBe,"nTOF 5 ns, no veto, strict",14.0,no Be window + air,"MM occ ÷10, DAQ 10 µs",False,1042520413147.9036,0.0018621742690385723,0.7661210893285046,30527.669049873977,0.7708260027902818,231743.8980339129,31489.216173581277,46797.795066867664,0.0,0.0,2640.2445387542075,1774.7857214021103
tubeBe,"nTOF 5 ns, no veto, strict",14.0,no Be window + air,"MM occ ÷10, DAQ 10 µs",False,1295387524568.9966,0.0021443431788528726,0.6797087969028928,47121.82695832695,0.957792648503523,175772.83545460476,23883.903136312172,35495.135801690456,0.0,0.0,2488.3000399730236,1083.3635863734376
tubeBe,"nTOF 5 ns, no veto, strict",14.0,no Be window + air,"MM occ ÷10, DAQ 10 µs",False,1609588471982.2002,0.0026432715680158184,0.5789063090692816,72739.52353494272,1.1901087329781959,116886.70230439554,15882.492129918044,23603.8143264622,0.0,0.0,2056.0384724591936,579.7922942262596
tubeBe,"nTOF 5 ns, no veto, strict",14.0,no Be window + air,"MM occ ÷10, DAQ 10 µs",False,2000000000000.0002,0.003535770876915735,0.4710573682043598,112288.36814758579,1.4787739272418905,66345.94213937903,9015.04519424755,13397.737028236934,0.0,0.0,1450.0922754306716,264.85401185605406
tubeBe,"nTOF 5 ns, no veto, strict",14.0,no Be window + air,"no MM loss, DREAM",False,1000000000.0,0.05436202473039656,0.9999811618583557,0.06321643129701461,0.0,1355.6547509325374,184.20552114218,273.7575994612919,0.0,0.0,0.014814956416990613,10823.588840502458
tubeBe,"nTOF 5 ns, no veto, strict",14.0,no Be window + air,"no MM loss, DREAM",False,1242553630.827767,0.04530621723392492,0.9999740731702514,0.08700504015607946,0.0,1684.4617919862794,228.88361658709965,340.1560878543903,0.0,0.0,0.022873234635073587,10823.512114011617
tubeBe,"nTOF 5 ns, no veto, strict",14.0,no Be window + air,"no MM loss, DREAM",False,1543939525.4832668,0.03791680160909692,0.9999638947897124,0.12116279839254684,0.0,2093.012811373136,284.39727401909425,422.657879883573,0.0,0.0,0.035314531571023745,10823.401945330224
tubeBe,"nTOF 5 ns, no veto, strict",14.0,no Be window + air,"no MM loss, DREAM",False,1918427663.1677406,0.03187067716473106,0.9999491320707481,0.1707064326498841,0.0,2600.6422736366712,353.3736484087064,525.1673299552067,0.0,0.0,0.054522696172244076,10823.242156719862
tubeBe,"nTOF 5 ns, no veto, strict",14.0,no Be window + air,"no MM loss, DREAM",False,2383749258.3495045,0.026908453140286833,0.9999275226411924,0.24323024213409422,0.0,3231.367666518151,439.0762209946973,652.5344707082187,0.0,0.0,0.08417792648742171,10823.00826073311
tubeBe,"nTOF 5 ns, no veto, strict",14.0,no Be window + air,"no MM loss, DREAM",False,2961936295.9451733,0.022821885411663467,0.9998956299984277,0.35027146243831203,0.0,4015.0195636210105,545.5583514933303,810.7832151002502,0.0,0.0,0.12996148262937698,10822.663061377876
tubeBe,"nTOF 5 ns, no veto, strict",14.0,no Be window + air,"no MM loss, DREAM",False,3680364698.807223,0.01944379837310718,0.9998482190374016,0.5094094079063818,0.0,4988.640584473368,677.8533679182127,1007.3938589756523,0.0,0.0,0.2006431556930038,10822.149894962095
tubeBe,"nTOF 5 ns, no veto, strict",14.0,no Be window + air,"no MM loss, DREAM",False,4573050519.273255,0.016639990787770308,0.9997772959891363,0.747495365731713,0.0,6198.213776995623,842.2094181108627,1251.6521063869816,0.0,0.0,0.3097589246512731,10821.382238587135
tubeBe,"nTOF 5 ns, no veto, strict",14.0,no Be window + air,"no MM loss, DREAM",False,5682260526.681813,0.014302724164930636,0.9996706320839147,1.105625620980142,0.0,7700.791366141439,1046.3787227769435,1555.0789438807728,0.0,0.0,0.47819802386617327,10820.22773058411
tubeBe,"nTOF 5 ns, no veto, strict",14.0,no Be window + air,"no MM loss, DREAM",False,7060513448.737786,0.012345480051312863,0.9995094935879113,1.6468024385938922,0.0,9567.103886964842,1299.9721028583879,1931.9575224375287,0.0,0.0,0.7381898208827111,10818.48360090083
tubeBe,"nTOF 5 ns, no veto, strict",14.0,no Be window + air,"no MM loss, DREAM",False,8773066621.237415,0.010698742746560422,0.9992651535936834,2.467740948542893,0.0,11884.733620009176,1614.8901839526857,2399.9739932402076,0.0,0.0,1.1394418258211574,10815.838915445054
tubeBe,"nTOF 5 ns, no veto, strict",14.0,no Be window + air,"no MM loss, DREAM",False,10901005783.71244,0.009306615045960887,0.9988935381844577,3.7170719106926677,0.0,14761.927074885423,2005.8414342011524,2980.987391268611,0.0,0.0,1.758575034404262,10811.816627276368
tubeBe,"nTOF 5 ns, no veto, strict",14.0,no Be window + air,"no MM loss, DREAM",False,13545084316.226381,0.008124110706988335,0.9983270264746944,5.623412939444631,0.0,18332.083341521986,2490.952038654406,3701.9360019556634,0.0,0.0,2.713593645426294,10805.684821944744
tubeBe,"nTOF 5 ns, no veto, strict",14.0,no Be window + air,"no MM loss, DREAM",False,16830493696.995401,0.007114994484051862,0.9974619350735702,8.53866809141689,0.0,22758.85812635724,3092.4594325234652,4595.8680577527975,0.0,0.0,4.185994003457801,10796.321251917261
tubeBe,"nTOF 5 ns, no veto, strict",14.0,no Be window + air,"no MM loss, DREAM",False,20912791051.82548,0.006250063285271046,0.9961395219293535,13.004829256298516,0.0,28241.609985819832,3837.4523319846517,5703.041537177361,0.0,0.0,6.454353195752116,10782.007726126758
tubeBe,"nTOF 5 ns, no veto, strict",14.0,no Be window + air,"no MM loss, DREAM",False,25985264452.18819,0.005505782080211084,0.9941174085597704,19.857050648487544,0.0,35020.48060324602,4758.561039035199,7071.950063488148,0.0,0.0,9.94490229318624,10760.12079011631
tubeBe,"nTOF 5 ns, no veto, strict",14.0,no Be window + air,"no MM loss, DREAM",False,32288084693.086143,0.00486320569028103,0.991027192195031,30.38271153647599,0.0,43379.55938730438,5894.387445151367,8759.961955939007,0.0,0.0,15.306598762706402,10726.672928660624
tubeBe,"nTOF 5 ns, no veto, strict",14.0,no Be window + air,"no MM loss, DREAM",False,40119676867.86863,0.004307132188538405,0.9863129967381177,46.566902493581345,0.0,53645.02649804082,7289.252706826838,10832.945237007372,0.0,0.0,23.520046087718022,10675.647454096112
tubeBe,"nTOF 5 ns, no veto, strict",14.0,no Be window + air,"no MM loss, DREAM",False,49850850159.80715,0.003825445195593368,0.9791457105140657,71.4713208153473,0.0,66172.44423954045,8991.47040794237,13362.701287360638,0.0,0.0,36.04964759851893,10598.070233494105
tubeBe,"nTOF 5 ns, no veto, strict",14.0,no Be window + air,"no MM loss, DREAM",False,61942354865.91934,0.0034086108430400417,0.9683109629592379,109.81911239275391,0.0,81312.9734390082,11048.756062448327,16420.1426642073,0.0,0.0,55.04258633509957,10480.797171563458
tubeBe,"nTOF 5 ns, no veto, strict",14.0,no Be window + air,"no MM loss, DREAM",False,76966697940.67009,0.0030493002521934176,0.9520803683227556,168.89764613926297,0.0,99342.1938547626,13498.555275844465,20060.919268855552,0.0,0.0,83.55796973848605,10305.120579160777
tubeBe,"nTOF 5 ns, no veto, strict",14.0,no Be window + air,"no MM loss, DREAM",False,95635249979.00362,0.002742109110488356,0.9281037649334734,259.9521119253133,0.0,120329.41729756526,16350.286093701663,24299.02775857774,0.0,0.0,125.75958304663286,10045.602793450584
tubeBe,"nTOF 5 ns, no veto, strict",14.0,no Be window + air,"no MM loss, DREAM",False,118831927096.53207,0.002483340840344973,0.8934152198218711,400.33686425100865,0.0,143927.49560345613,19556.778240245927,29064.365883551243,0.0,0.0,186.9081274422142,9670.141170688148
tubeBe,"nTOF 5 ns, no veto, strict",14.0,no Be window + air,"no MM loss, DREAM",False,147655042472.05704,0.0022708080795585533,0.8447249349873109,616.8366098380642,0.0,169091.15035634642,22975.999936927547,34145.85268104543,0.0,0.0,272.84778932953765,9143.127619155983
tubeBe,"nTOF 5 ns, no veto, strict",14.0,no Be window + air,"no MM loss, DREAM",False,183469309133.68265,0.0021035921882094737,0.7792188469283855,950.793676910899,0.0,193811.77349918138,26335.022775045392,39137.874760497834,0.0,0.0,388.5928979515585,8434.10329875585
tubeBe,"nTOF 5 ns, no veto, strict",14.0,no Be window + air,"no MM loss, DREAM",False,227970456209.51935,0.001981696722340154,0.6959547387097739,1466.0236578080792,0.0,215088.3293921842,29226.067905588614,43434.41033643688,0.0,0.0,535.8542659676984,7532.869848663109
tubeBe,"nTOF 5 ns, no veto, strict",14.0,no Be window + air,"no MM loss, DREAM",False,283265518084.60077,0.001905566468039144,0.5974469678742341,2261.0359977214503,0.0,229430.07876333006,31174.815855747147,46330.54807151997,0.0,0.0,710.2239985491665,6466.642153796448
tubeBe,"nTOF 5 ns, no veto, strict",14.0,no Be window + air,"no MM loss, DREAM",True,351972597984.32916,0.0018755398436063405,0.49034161947714827,3487.9009938263443,0.0,233972.5415583738,31792.042864212555,47247.84188069816,0.0,0.0,899.9637657326416,5307.356061332005
tubeBe,"nTOF 5 ns, no veto, strict",14.0,no Be window + air,"no MM loss, DREAM",False,437344829577.31195,0.0018914211190917485,0.38407609500421697,5381.378243740722,0.0,227718.6265246646,30942.264794116996,45984.94159898157,0.0,0.0,1088.3631527842645,4157.160048961244
tubeBe,"nTOF 5 ns, no veto, strict",14.0,no Be window + air,"no MM loss, DREAM",False,543424405915.04004,0.0019523851213825597,0.2878063423995424,8303.887894757872,0.0,212029.74025395437,28810.468723142007,42816.76633847636,0.0,0.0,1259.1782063342264,3115.1561995752472
tubeBe,"nTOF 5 ns, no veto, strict",14.0,no Be window + air,"no MM loss, DREAM",False,675233968650.1552,0.002057283809022773,0.20751827562959593,12814.94190075565,0.0,189962.51631248606,25811.98811183358,38360.565193726536,0.0,0.0,1401.7593885936913,2246.134805310422
tubeBe,"nTOF 5 ns, no veto, strict",14.0,no Be window + air,"no MM loss, DREAM",False,839014419404.4929,0.0022052123415754114,0.14505482252318236,19778.339655831966,0.0,164990.47715914715,22418.803023182183,33317.77278100577,0.0,0.0,1512.793260522262,1570.043335021714
tubeBe,"nTOF 5 ns, no veto, strict",14.0,no Be window + air,"no MM loss, DREAM",False,1042520413147.9036,0.0023961003677452795,0.09903691181868989,30527.669049873977,0.0,139971.28154095117,19019.21034352853,28265.457707290763,0.0,0.0,1594.6845410222777,1071.9550071988594
tubeBe,"nTOF 5 ns, no veto, strict",14.0,no Be window + air,"no MM loss, DREAM",False,1295387524568.9966,0.002631169710134916,0.06647917574168584,47121.82695832695,0.0,116746.16359385841,15863.395817676796,23575.434283533454,0.0,0.0,1652.6983978267772,719.556819796805
tubeBe,"nTOF 5 ns, no veto, strict",14.0,no Be window + air,"no MM loss, DREAM",False,1609588471982.2002,0.002913232285383331,0.04409875331097879,72739.52353494272,0.0,96227.33243682457,13075.309851165173,19431.911784580716,0.0,0.0,1692.6399127678342,477.31576595878903
tubeBe,"nTOF 5 ns, no veto, strict",14.0,no Be window + air,"no MM loss, DREAM",False,2000000000000.0002,0.003246889283555188,0.029017524334927956,112288.36814758579,0.0,78676.97157782593,10690.577775360982,15887.834905763373,0.0,0.0,1719.6058275818416,314.0796692478316
tubeBe,"nTOF 5 ns, no veto, strict",14.0,no Be window + air,"no MM loss, no dead time",False,1000000000.0,0.054361512688224076,1.0,0.06321643129701461,0.0,1355.680289429854,184.20899129725024,273.7627566428784,0.0,0.0,0.014815235508495618,10823.792740643235
tubeBe,"nTOF 5 ns, no veto, strict",14.0,no Be window + air,"no MM loss, no dead time",False,1242553630.827767,0.04530562990682762,1.0,0.08700504015607946,0.0,1684.5054658727029,228.8895509675188,340.16490725202704,0.0,0.0,0.022873827680909564,10823.792740643235
tubeBe,"nTOF 5 ns, no veto, strict",14.0,no Be window + air,"no MM loss, no dead time",False,1543939525.4832668,0.037916117105870534,1.0,0.12116279839254684,0.0,2093.088382769347,284.4075426132278,422.6731405861969,0.0,0.0,0.03531580665564954,10823.792740643237
tubeBe,"nTOF 5 ns, no veto, strict",14.0,no Be window + air,"no MM loss, no dead time",False,1918427663.1677406,0.03186986655674684,1.0,0.1707064326498841,0.0,2600.7745696534803,353.3916247088704,525.1940454887562,0.0,0.0,0.05452546976998277,10823.792740643235
tubeBe,"nTOF 5 ns, no veto, strict",14.0,no Be window + air,"no MM loss, no dead time",False,2383749258.3495045,0.026907477995810947,1.0,0.24323024213409422,0.0,3231.6018844874566,439.1080463861305,652.5817681111774,0.0,0.0,0.0841840279234194,10823.792740643235
tubeBe,"nTOF 5 ns, no veto, strict",14.0,no Be window + air,"no MM loss, no dead time",False,2961936295.9451733,0.022820694420478578,1.0,0.35027146243831203,0.0,4015.4386549597416,545.615297362774,810.867845378547,0.0,0.0,0.12997504812535418,10823.792740643235
tubeBe,"nTOF 5 ns, no veto, strict",14.0,no Be window + air,"no MM loss, no dead time",False,3680364698.807223,0.019442322717894114,1.0,0.5094094079063818,0.0,4989.397880086392,677.9562687732865,1007.5467853966023,0.0,0.0,0.20067361412732415,10823.792740643235
tubeBe,"nTOF 5 ns, no veto, strict",14.0,no Be window + air,"no MM loss, no dead time",False,4573050519.273255,0.01663813778825238,1.0,0.747495365731713,0.0,6199.59445154571,842.3970233066926,1251.930916423393,0.0,0.0,0.30982792457275293,10823.792740643235
tubeBe,"nTOF 5 ns, no veto, strict",14.0,no Be window + air,"no MM loss, no dead time",False,5682260526.681813,0.014300368541721724,1.0,1.105625620980142,0.0,7703.328595427835,1046.7234799082385,1555.5913057474274,0.0,0.0,0.47835557884632557,10823.792740643235
tubeBe,"nTOF 5 ns, no veto, strict",14.0,no Be window + air,"no MM loss, no dead time",False,7060513448.737786,0.01234245191137406,1.0,1.6468024385938922,0.0,9571.798915708217,1300.6100604326568,1932.9056250405733,0.0,0.0,0.7385520854162694,10823.792740643235
tubeBe,"nTOF 5 ns, no veto, strict",14.0,no Be window + air,"no MM loss, no dead time",False,8773066621.237415,0.010694811057801144,1.0,2.467740948542893,0.0,11893.473496266528,1616.077752881719,2401.7389024415784,0.0,0.0,1.140279756302272,10823.792740643235
tubeBe,"nTOF 5 ns, no veto, strict",14.0,no Be window + air,"no MM loss, no dead time",False,10901005783.71244,0.009301464913870322,1.0,3.7170719106926677,0.0,14778.278675939795,2008.0632795431593,2984.28939352908,0.0,0.0,1.7605229858635048,10823.792740643237
tubeBe,"nTOF 5 ns, no veto, strict",14.0,no Be window + air,"no MM loss, no dead time",False,13545084316.226381,0.008117312151282436,1.0,5.623412939444631,0.0,18362.803826173556,2495.1263189282654,3708.1396213703524,0.0,0.0,2.718141023396483,10823.792740643235
tubeBe,"nTOF 5 ns, no veto, strict",14.0,no Be window + air,"no MM loss, no dead time",False,16830493696.995401,0.007105959588646047,1.0,8.53866809141689,0.0,22816.768566390056,3100.3282669582495,4607.56235015005,0.0,0.0,4.196645361859402,10823.792740643235
tubeBe,"nTOF 5 ns, no veto, strict",14.0,no Be window + air,"no MM loss, no dead time",False,20912791051.82548,0.006237987503301885,1.0,13.004829256298516,0.0,28351.05862592483,3852.3241448669323,5725.143327444266,0.0,0.0,6.479366648610756,10823.792740643235
tubeBe,"nTOF 5 ns, no veto, strict",14.0,no Be window + air,"no MM loss, no dead time",False,25985264452.18819,0.005489564060767124,1.0,19.857050648487544,0.0,35227.710833453784,4786.71935332988,7113.797628525236,0.0,0.0,10.003750268888197,10823.792740643237
tubeBe,"nTOF 5 ns, no veto, strict",14.0,no Be window + air,"no MM loss, no dead time",False,32288084693.086143,0.004841338221612607,1.0,30.38271153647599,0.0,43772.32000185866,5947.7555122335825,8839.275072297989,0.0,0.0,15.445185443200343,10823.792740643235
tubeBe,"nTOF 5 ns, no veto, strict",14.0,no Be window + air,"no MM loss, no dead time",False,40119676867.86863,0.00427755476712156,1.0,46.566902493581345,0.0,54389.45514806438,7390.405207001703,10983.27333496924,0.0,0.0,23.84643228417579,10823.792740643235
tubeBe,"nTOF 5 ns, no veto, strict",14.0,no Be window + air,"no MM loss, no dead time",False,49850850159.80715,0.003785346566277107,1.0,71.4713208153473,0.0,67581.81497297164,9182.97482324844,13647.306160739883,0.0,0.0,36.817449345299536,10823.792740643235
tubeBe,"nTOF 5 ns, no veto, strict",14.0,no Be window + air,"no MM loss, no dead time",False,61942354865.91934,0.0033541682650189905,1.0,109.81911239275391,0.0,83974.02957259626,11410.338708427322,16957.509821045493,0.0,0.0,56.843915271685965,10823.792740643235
tubeBe,"nTOF 5 ns, no veto, strict",14.0,no Be window + air,"no MM loss, no dead time",False,76966697940.67009,0.002975342698580158,1.0,168.89764613926297,0.0,104342.23534066777,14177.95779113098,21070.6153979376,0.0,0.0,87.76356757117786,10823.792740643234
tubeBe,"nTOF 5 ns, no veto, strict",14.0,no Be window + air,"no MM loss, no dead time",False,95635249979.00362,0.0026416969751073753,1.0,259.9521119253133,0.0,129650.82337123208,17616.87293109262,26181.369666482817,0.0,0.0,135.5016408705629,10823.792740643235
tubeBe,"nTOF 5 ns, no veto, strict",14.0,no Be window + air,"no MM loss, no dead time",False,118831927096.53207,0.0023472697623712954,1.0,400.33686425100865,0.0,161098.1013197339,21889.909424360547,32531.75593913219,0.0,0.0,209.2063391079009,10823.792740643235
tubeBe,"nTOF 5 ns, no veto, strict",14.0,no Be window + air,"no MM loss, no dead time",False,147655042472.05704,0.0020870751533138064,1.0,616.8366098380642,0.0,200173.03071429566,27199.386433730262,40422.45145937163,0.0,0.0,323.0019359303466,10823.792740643235
tubeBe,"nTOF 5 ns, no veto, strict",14.0,no Be window + air,"no MM loss, no dead time",False,183469309133.68265,0.001856911789240393,1.0,950.793676910899,0.0,248725.72610784622,33796.69636951905,50227.0638278014,0.0,0.0,498.6954556904759,10823.792740643235
tubeBe,"nTOF 5 ns, no veto, strict",14.0,no Be window + air,"no MM loss, no dead time",False,227970456209.51935,0.0016532087270917204,1.0,1466.0236578080792,0.0,309055.054055577,41994.207783929516,62409.82052505263,0.0,0.0,769.9556252194147,10823.792740643235
tubeBe,"nTOF 5 ns, no veto, strict",14.0,no Be window + air,"no MM loss, no dead time",False,283265518084.60077,0.0014729017652835381,1.0,2261.0359977214503,0.0,384017.4795424292,52180.0553556573,77547.54909271345,0.0,0.0,1188.7649226444355,10823.792740643235
tubeBe,"nTOF 5 ns, no veto, strict",14.0,no Be window + air,"no MM loss, no dead time",False,351972597984.32916,0.0013133354685992801,1.0,3487.9009938263443,0.0,477162.31350677303,64836.51723896585,96356.9886869456,0.0,0.0,1835.3811505788017,10823.792740643235
tubeBe,"nTOF 5 ns, no veto, strict",14.0,no Be window + air,"no MM loss, no dead time",False,437344829577.31195,0.0011721869245944767,1.0,5381.378243740722,0.0,592899.7651420204,80562.84990550444,119728.72614859478,0.0,0.0,2833.7175027055896,10823.792740643234
tubeBe,"nTOF 5 ns, no veto, strict",14.0,no Be window + air,"no MM loss, no dead time",False,543424405915.04004,0.0010474074761940469,1.0,8303.887894757872,0.0,736709.7558941478,100103.66165991698,148769.36339031986,0.0,0.0,4375.088456480898,10823.792740643235
tubeBe,"nTOF 5 ns, no veto, strict",14.0,no Be window + air,"no MM loss, no dead time",False,675233968650.1552,0.0009371786432075398,1.0,12814.94190075565,0.0,915401.3820525112,124384.16825468415,184853.91263657747,0.0,0.0,6754.871995446433,10823.792740643235
tubeBe,"nTOF 5 ns, no veto, strict",14.0,no Be window + air,"no MM loss, no dead time",False,839014419404.4929,0.0008398785704947446,1.0,19778.339655831966,0.0,1137435.3109341038,154553.9998823497,229690.90031929815,0.0,0.0,10429.113863349772,10823.792740643235
tubeBe,"nTOF 5 ns, no veto, strict",14.0,no Be window + air,"no MM loss, no dead time",False,1042520413147.9036,0.0007540559143534935,1.0,30527.669049873977,0.0,1413324.3754328806,192041.6337127678,285403.2621598426,0.0,0.0,16101.921109391204,10823.792740643235
tubeBe,"nTOF 5 ns, no veto, strict",14.0,no Be window + air,"no MM loss, no dead time",False,1295387524568.9966,0.0006784091143470269,1.0,47121.82695832695,0.0,1756131.3342315191,238622.02923989674,354628.8596468029,0.0,0.0,24860.392437002658,10823.79274064323
tubeBe,"nTOF 5 ns, no veto, strict",14.0,no Be window + air,"no MM loss, no dead time",False,1609588471982.2002,0.0006117701325010363,1.0,72739.52353494272,0.0,2182087.3655597856,296500.66882752336,440645.37715044565,0.0,0.0,38382.94250251369,10823.792740643235
tubeBe,"nTOF 5 ns, no veto, strict",14.0,no Be window + air,"no MM loss, no dead time",True,2000000000000.0002,0.0005530923586450204,1.0,112288.36814758579,0.0,2711360.5788597087,368417.9825945005,547525.5132857569,0.0,0.0,59260.94203398249,10823.792740643235
tubeBe,"nTOF 5 ns, no veto, strict",14.0,oracle: no accidentals,MM occ + DREAM,False,1000000000.0,0.054832380423021215,0.9996564835379222,1.153135926803617,0.008458494367821364,1332.4812727653136,181.05672339737512,269.07800404817965,0.0,0.0,0.0,10638.571084680887
tubeBe,"nTOF 5 ns, no veto, strict",14.0,oracle: no accidentals,MM occ + DREAM,False,1242553630.827767,0.04579388058736894,0.9995657188159682,1.4579525708714747,0.010510132888072652,1648.7499378857756,224.03111214892203,332.9445235205209,0.0,0.0,0.0,10594.045534651077
tubeBe,"nTOF 5 ns, no veto, strict",14.0,oracle: no accidentals,MM occ + DREAM,False,1543939525.4832668,0.03842467825610406,0.999448894518847,1.8503669995868215,0.013059403780557002,2038.0034047006893,276.9226301860315,411.5494150564627,0.0,0.0,0.0,10538.936931091052
tubeBe,"nTOF 5 ns, no veto, strict",14.0,oracle: no accidentals,MM occ + DREAM,False,1918427663.1677406,0.0324021097007546,0.9992974944466279,2.359058437466118,0.016227009583977034,2515.95521970879,341.86642439606584,508.0658337425479,0.0,0.0,0.0,10470.795185641866
tubeBe,"nTOF 5 ns, no veto, strict",14.0,oracle: no accidentals,MM occ + DREAM,False,2383749258.3495045,0.027467288079572893,0.999099747109748,3.0237049523170882,0.020162929676047638,3101.083095308886,421.3732348030587,626.2251235558133,0.0,0.0,0.0,10386.638544883564
tubeBe,"nTOF 5 ns, no veto, strict",14.0,oracle: no accidentals,MM occ + DREAM,False,2961936295.9451733,0.023412553910672523,0.998839193680403,3.8998501908710983,0.025053521477097922,3814.761215943163,518.3473722438611,770.3435349422597,0.0,0.0,0.0,10282.85781564927
tubeBe,"nTOF 5 ns, no veto, strict",14.0,oracle: no accidentals,MM occ + DREAM,False,3680364698.807223,0.02007141578121366,0.9984925640943906,5.066146641718222,0.031130344076389465,4681.160155985787,636.0731192733316,945.3020144804466,0.0,0.0,0.0,10155.114611398756
tubeBe,"nTOF 5 ns, no veto, strict",14.0,oracle: no accidentals,MM occ + DREAM,False,4573050519.273255,0.017310482257360815,0.9980266116293708,6.635202457638874,0.0386811220610354,5726.739217084692,778.1457492793027,1156.443688727913,0.0,0.0,0.0,9998.240828476097
tubeBe,"nTOF 5 ns, no veto, strict",14.0,oracle: no accidentals,MM occ + DREAM,False,5682260526.681813,0.015022986445939416,0.9973933789382703,8.76991037581238,0.04806336866143177,6979.070620861445,948.311758520762,1409.3364245753564,0.0,0.0,0.0,9806.152364752028
tubeBe,"nTOF 5 ns, no veto, strict",14.0,oracle: no accidentals,MM occ + DREAM,False,7060513448.737786,0.013123593819002228,0.9965231054628723,11.708139298209307,0.05972131324007556,8464.623884921777,1150.1678085235092,1709.325411565806,0.0,0.0,0.0,9571.798923558217
tubeBe,"nTOF 5 ns, no veto, strict",14.0,oracle: no accidentals,MM occ + DREAM,False,8773066621.237415,0.011544256407759731,0.9953136027429951,15.80021135913631,0.07420693460425828,10205.007405344611,1386.6500346553632,2060.7741962694404,0.0,0.0,0.0,9287.184698974012
tubeBe,"nTOF 5 ns, no veto, strict",14.0,oracle: no accidentals,MM occ + DREAM,False,10901005783.71244,0.010230931518904628,0.9936143813527087,21.5659625065952,0.0922060960251198,12211.03632598246,1659.227991910476,2465.8667623420192,0.0,0.0,0.0,8943.51292455207
tubeBe,"nTOF 5 ns, no veto, strict",14.0,oracle: no accidentals,MM occ + DREAM,False,13545084316.226381,0.009141025640957243,0.9912030829229593,29.781844378623745,0.11457101940046635,14473.931592466637,1966.7087878625077,2922.8302890503437,0.0,0.0,0.0,8531.531305464727
tubeBe,"nTOF 5 ns, no veto, strict",14.0,oracle: no accidentals,MM occ + DREAM,False,16830493696.995401,0.008241461945833712,0.9877508799886222,41.614166487865184,0.14236063614368857,16953.08287809296,2303.5743166742955,3423.464026502728,0.0,0.0,0.0,8042.1841880678485
tubeBe,"nTOF 5 ns, no veto, strict",14.0,oracle: no accidentals,MM occ + DREAM,False,20912791051.82548,0.007507310544894407,0.9827726477990746,58.823276007915695,0.17689072532729086,19560.36745571671,2657.8505172015875,3949.9726870534596,0.0,0.0,0.0,7467.705741255872
tubeBe,"nTOF 5 ns, no veto, strict",14.0,oracle: no accidentals,MM occ + DREAM,False,25985264452.18819,0.006920972515676688,0.9755574923117615,84.07688785786398,0.2197962130151825,22142.401761529913,3008.6957265604833,4471.38236957026,0.0,0.0,0.0,6803.302337183295
tubeBe,"nTOF 5 ns, no veto, strict",14.0,oracle: no accidentals,MM occ + DREAM,False,32288084693.086143,0.006471983924800494,0.9650771592690978,121.43147268813195,0.27310858252420833,24464.84688246405,3324.26811955472,4940.371248007172,0.0,0.0,0.0,6049.540716053401
tubeBe,"nTOF 5 ns, no veto, strict",14.0,oracle: no accidentals,MM occ + DREAM,False,40119676867.86863,0.006157628716967151,0.9498772415658329,177.07254010667228,0.33935206082567987,26207.448181146727,3561.0516960118334,5292.267885419715,0.0,0.0,0.0,5215.422485878218
tubeBe,"nTOF 5 ns, no veto, strict",14.0,oracle: no accidentals,MM occ + DREAM,False,49850850159.80715,0.005984770146339276,0.9279749723496661,260.45392479374607,0.4216631353078355,26984.487151903908,3666.635266207451,5449.181231665158,0.0,0.0,0.0,4321.791243126113
tubeBe,"nTOF 5 ns, no veto, strict",14.0,oracle: no accidentals,MM occ + DREAM,True,61942354865.91934,0.005973739898377532,0.8968259488410183,386.05221964410157,0.5239390597629711,26409.822016547718,3588.5501264122995,5333.134761986216,0.0,0.0,0.0,3404.0814913766344
tubeBe,"nTOF 5 ns, no veto, strict",14.0,oracle: no accidentals,MM occ + DREAM,False,76966697940.67009,0.0061660140889949755,0.8534834980649726,576.0698537120426,0.6510223810409661,24220.57279562818,3291.0763091500585,4891.043137308789,0.0,0.0,0.0,2512.486522294813
tubeBe,"nTOF 5 ns, no veto, strict",14.0,oracle: no accidentals,MM occ + DREAM,False,95635249979.00362,0.006639363206654918,0.7951330027818038,864.6014473331543,0.8089302233125903,20445.00374187601,2778.0543434347505,4128.613971590495,0.0,0.0,0.0,1706.8343827644633
tubeBe,"nTOF 5 ns, no veto, strict",14.0,oracle: no accidentals,MM occ + DREAM,False,118831927096.53207,0.007538746878777243,0.7201450269504857,1304.057672652278,1.0051391860633756,15540.235065830957,2111.5974380676403,3138.157000342178,0.0,0.0,0.0,1044.1108996039181
tubeBe,"nTOF 5 ns, no veto, strict",14.0,oracle: no accidentals,MM occ + DREAM,False,147655042472.05704,0.009142709452124306,0.6294963393298078,1975.0724461017,1.2489393451303188,10365.346914312266,1408.436867024556,2093.1527639273136,0.0,0.0,0.0,560.4769348050314
tubeBe,"nTOF 5 ns, no veto, strict",14.0,oracle: no accidentals,MM occ + DREAM,False,183469309133.68265,0.012016038284868073,0.5278348171999061,3001.785540698599,1.5518741179753315,5892.207182891209,800.6294331617652,1189.8578843966666,0.0,0.0,0.0,256.41106905399414
tubeBe,"nTOF 5 ns, no veto, strict",14.0,oracle: no accidentals,MM occ + DREAM,False,227970456209.51935,0.01739042228529209,0.42310571293722266,4575.4212485082,1.9282868198778864,2764.369474900177,375.620798291926,558.2299998964887,0.0,0.0,0.0,96.81434379487494
tubeBe,"nTOF 5 ns, no veto, strict",14.0,oracle: no accidentals,MM occ + DREAM,False,283265518084.60077,0.028208532673890098,0.32433623223353036,6990.671576035082,2.3959997893165963,1033.2549293103875,140.39803467322332,208.65296926446933,0.0,0.0,0.0,29.12298996501264
tubeBe,"nTOF 5 ns, no veto, strict",14.0,oracle: no accidentals,MM occ + DREAM,False,351972597984.32916,0.05232707136076538,0.23871194155052644,10701.843810856244,2.9771582376779016,295.53811020487495,40.15753389291456,59.680241996245165,0.0,0.0,0.0,6.703889140594376
tubeBe,"nTOF 5 ns, no veto, strict",14.0,oracle: no accidentals,MM occ + DREAM,False,437344829577.31195,0.113739544075953,0.1697782490205061,16409.51680327458,3.699278777775487,61.61842710223235,8.372673402664143,12.443074222610225,0.0,0.0,0.0,1.1248867400027387
tubeBe,"nTOF 5 ns, no veto, strict",14.0,oracle: no accidentals,MM occ + DREAM,False,543424405915.04004,0.29868983858157533,0.11753782703519766,25194.29305704836,4.596552276769037,8.809667136301071,1.1970520700902496,1.7790026004982675,0.0,0.0,0.0,0.12943226343140687
tubeBe,"nTOF 5 ns, no veto, strict",14.0,oracle: no accidentals,MM occ + DREAM,False,675233968650.1552,0.9854622420834707,0.07974780710635697,38723.25420694214,5.7114627207890045,0.7987609540516218,0.10853513972336308,0.16129983033966808,0.0,0.0,0.0,0.009444625260001255
tubeBe,"nTOF 5 ns, no veto, strict",14.0,oracle: no accidentals,MM occ + DREAM,False,839014419404.4929,4.2941607307287875,0.05332918384848223,59568.65408314039,7.096798741053815,0.04156143929098315,0.005647342421621929,0.00839281523752943,0.0,0.0,0.0,0.0003954971333877375
tubeBe,"nTOF 5 ns, no veto, strict",14.0,oracle: no accidentals,MM occ + DREAM,False,1042520413147.9036,26.332046980810432,0.03530254994758727,91699.88485485595,8.818153042950343,0.001093194684017734,0.00014854261111896372,0.0002207570564958933,0.0,0.0,0.0,8.372113925620787e-06
tubeBe,"nTOF 5 ns, no veto, strict",14.0,oracle: no accidentals,MM occ + DREAM,False,1295387524568.9966,246.13231172805106,0.0232070260794166,141242.94773180102,10.957028080712917,1.2388616672683506e-05,1.6833574985464195e-06,2.5017269025369622e-06,0.0,0.0,0.0,7.635637300844693e-08
tubeBe,"nTOF 5 ns, no veto, strict",14.0,oracle: no accidentals,MM occ + DREAM,False,1609588471982.2002,3876.359248731126,0.015183592191901471,217652.91141700774,13.614695024771637,4.950770806623891e-08,6.727076461483425e-09,9.997465288061722e-09,0.0,0.0,0.0,2.4557273903456805e-10
tubeBe,"nTOF 5 ns, no veto, strict",14.0,oracle: no accidentals,MM occ + DREAM,False,2000000000000.0002,116562.4443962375,0.009902348676966112,335523.9699586223,16.91698873564273,5.432700648236477e-11,7.381919721296797e-12,1.0970662604398113e-11,0.0,0.0,0.0,2.1687423759476424e-13
tubeBe,"nTOF 5 ns, no veto, strict",14.0,oracle: no accidentals,"MM occ ÷10, DAQ 10 µs",False,1000000000.0,0.05440751219018282,0.9999884687737026,1.153135926803617,0.0008458494367821365,1353.3732191585489,183.89550802922415,273.29687252391193,0.0,0.0,0.0,10805.37302129686
tubeBe,"nTOF 5 ns, no veto, strict",14.0,oracle: no accidentals,"MM occ ÷10, DAQ 10 µs",False,1242553630.827767,0.04535323249800734,0.9999854206868508,1.4579525708714747,0.0010510132888072652,1680.9438021506758,228.40559432472463,339.4456736049942,0.0,0.0,0.0,10800.907264329793
tubeBe,"nTOF 5 ns, no veto, strict",14.0,oracle: no accidentals,"MM occ ÷10, DAQ 10 µs",False,1543939525.4832668,0.03796558440268838,0.9999814966723837,1.8503669995868215,0.0013059403780557003,2087.589990655428,283.6604245257562,421.5628087521013,0.0,0.0,0.0,10795.359418315442
tubeBe,"nTOF 5 ns, no veto, strict",14.0,oracle: no accidentals,"MM occ ÷10, DAQ 10 µs",False,1918427663.1677406,0.03192149620948287,0.9999764099721279,2.359058437466118,0.0016227009583977036,2592.2865390235925,352.23827640645493,523.4799933764511,0.0,0.0,0.0,10788.467616587448
tubeBe,"nTOF 5 ns, no veto, strict",14.0,oracle: no accidentals,"MM occ ÷10, DAQ 10 µs",False,2383749258.3495045,0.026961607904890765,0.9999697638647285,3.0237049523170882,0.002016292967604764,3218.4990947290794,437.32764749460006,649.9358228452226,0.0,0.0,0.0,10779.906802418704
tubeBe,"nTOF 5 ns, no veto, strict",14.0,oracle: no accidentals,"MM occ ÷10, DAQ 10 µs",False,2961936295.9451733,0.02287770738222468,0.9999610030189151,3.8998501908710983,0.0025053521477097925,3995.2129959590948,542.8670474458278,806.7835253466726,0.0,0.0,0.0,10769.273581000356
tubeBe,"nTOF 5 ns, no veto, strict",14.0,oracle: no accidentals,"MM occ ÷10, DAQ 10 µs",False,3680364698.807223,0.0195026516093338,0.9999493411000371,5.066146641718222,0.0031130344076389467,4958.178860884656,673.714247936014,1001.2424931361104,0.0,0.0,0.0,10756.067495728528
tubeBe,"nTOF 5 ns, no veto, strict",14.0,oracle: no accidentals,"MM occ ÷10, DAQ 10 µs",False,4573050519.273255,0.01670227144538564,0.9999336523777226,6.635202457638874,0.00386811220610354,6151.409881904616,835.8497340683051,1242.2006424676183,0.0,0.0,0.0,10739.667916161805
tubeBe,"nTOF 5 ns, no veto, strict",14.0,oracle: no accidentals,"MM occ ÷10, DAQ 10 µs",False,5682260526.681813,0.014368858514029548,0.9999123085867002,8.76991037581238,0.004806336866143178,7628.964727194417,1036.6189639223928,1540.5744483652416,0.0,0.0,0.0,10719.30555861795
tubeBe,"nTOF 5 ns, no veto, strict",14.0,oracle: no accidentals,"MM occ ÷10, DAQ 10 µs",False,7060513448.737786,0.012415920296488721,0.9998829323134658,11.708139298209307,0.005972131324007556,9457.043663563101,1285.0171884195922,1909.73223053787,0.0,0.0,0.0,10694.027471224475
tubeBe,"nTOF 5 ns, no veto, strict",14.0,oracle: no accidentals,"MM occ ÷10, DAQ 10 µs",False,8773066621.237415,0.010773959657484886,0.9998420228471326,15.80021135913631,0.0074206934604258284,11716.410049078193,1592.0184822288322,2365.9831436679847,0.0,0.0,0.0,10662.654108189729
tubeBe,"nTOF 5 ns, no veto, strict",14.0,oracle: no accidentals,"MM occ ÷10, DAQ 10 µs",False,10901005783.71244,0.009387086030683762,0.99978438687398,21.5659625065952,0.00922060960251198,14505.118542933167,1970.946451220063,2929.128105429008,0.0,0.0,0.0,10623.726905541353
tubeBe,"nTOF 5 ns, no veto, strict",14.0,oracle: no accidentals,"MM occ ÷10, DAQ 10 µs",False,13545084316.226381,0.008210301482117387,0.9997022702256317,29.781844378623745,0.011457101940046635,17941.475675224785,2437.8765128371483,3623.0576466936445,0.0,0.0,0.0,10575.44457851955
tubeBe,"nTOF 5 ns, no veto, strict",14.0,oracle: no accidentals,"MM occ ÷10, DAQ 10 µs",False,16830493696.995401,0.007207331879036654,0.9995840314369717,41.614166487865184,0.014236063614368858,22167.06318208156,3012.046704987475,4476.362436423477,0.0,0.0,0.0,10515.58623884289
tubeBe,"nTOF 5 ns, no veto, strict",14.0,oracle: no accidentals,"MM occ ÷10, DAQ 10 µs",False,20912791051.82548,0.006348895923162171,0.9994121130542815,58.823276007915695,0.017689072532729087,27349.497777288703,3716.2326820872595,5522.890583190293,0.0,0.0,0.0,10441.419468949343
tubeBe,"nTOF 5 ns, no veto, strict",14.0,oracle: no accidentals,"MM occ ÷10, DAQ 10 µs",False,25985264452.18819,0.005611324683357838,0.9991599374198948,84.07688785786398,0.021979621301518253,33684.35055387528,4577.008522150824,6802.1352344306615,0.0,0.0,0.0,10349.591851766996
tubeBe,"nTOF 5 ns, no veto, strict",14.0,oracle: no accidentals,"MM occ ÷10, DAQ 10 µs",False,32288084693.086143,0.004975461594755222,0.9987871580449661,121.43147268813195,0.027310858252420835,41395.2590938866,5624.7619601964625,8359.257215618716,0.0,0.0,0.0,10236.0054221122
tubeBe,"nTOF 5 ns, no veto, strict",14.0,oracle: no accidentals,"MM occ ÷10, DAQ 10 µs",False,40119676867.86863,0.0044257874562095185,0.9982324045251393,177.07254010667228,0.03393520608256799,50730.67332467634,6893.252217231178,10244.42789645747,0.0,0.0,0.0,10095.675571023196
tubeBe,"nTOF 5 ns, no veto, strict",14.0,oracle: no accidentals,"MM occ ÷10, DAQ 10 µs",False,49850850159.80715,0.003949726871991727,0.9974022267544378,260.45392479374607,0.04216631353078355,61954.80435511283,8418.380133765553,12511.001421034895,0.0,0.0,0.0,9922.579940994972
tubeBe,"nTOF 5 ns, no veto, strict",14.0,oracle: no accidentals,"MM occ ÷10, DAQ 10 µs",False,61942354865.91934,0.0035371023066936413,0.9961543241206516,386.05221964410157,0.05239390597629711,75329.1123158324,10235.672749105603,15211.776407633848,0.0,0.0,0.0,9709.510228258505
tubeBe,"nTOF 5 ns, no veto, strict",14.0,oracle: no accidentals,"MM occ ÷10, DAQ 10 µs",False,76966697940.67009,0.003179710072206042,0.9942722970329828,576.0698537120426,0.06510223810409661,91079.02858407404,12375.761538040575,18392.275916335642,0.0,0.0,0.0,9447.952932908955
tubeBe,"nTOF 5 ns, no veto, strict",14.0,oracle: no accidentals,"MM occ ÷10, DAQ 10 µs",False,95635249979.00362,0.0028709998289352307,0.9914280983127206,864.6014473331543,0.08089302233125904,109338.65215392098,14856.867788160647,22079.579569503658,0.0,0.0,0.0,9128.047772336175
tubeBe,"nTOF 5 ns, no veto, strict",14.0,oracle: no accidentals,"MM occ ÷10, DAQ 10 µs",False,118831927096.53207,0.0026058463426863743,0.9871272908251502,1304.057672652278,0.10051391860633757,130064.35763863166,17673.063709153255,26264.87776340825,0.0,0.0,0.0,8738.710378909958
tubeBe,"nTOF 5 ns, no veto, strict",14.0,oracle: no accidentals,"MM occ ÷10, DAQ 10 µs",False,147655042472.05704,0.0023804102680157063,0.9806318112973578,1975.0724461017,0.12489393451303188,152907.94404688888,20777.03596772048,30877.855642849405,0.0,0.0,0.0,8268.06632669523
tubeBe,"nTOF 5 ns, no veto, strict",14.0,oracle: no accidentals,"MM occ ÷10, DAQ 10 µs",False,183469309133.68265,0.0021920949801291514,0.9708569562659424,3001.785540698599,0.15518741179753315,177044.2722065021,24056.665168327665,35751.88662473507,0.0,0.0,0.0,7704.432260659308
tubeBe,"nTOF 5 ns, no veto, strict",14.0,oracle: no accidentals,"MM occ ÷10, DAQ 10 µs",False,227970456209.51935,0.00203962107648424,0.9562476421908416,4575.4212485082,0.19282868198778866,200963.5816836503,27306.806005858976,40582.09338551356,0.0,0.0,0.0,7038.189888879787
tubeBe,"nTOF 5 ns, no veto, strict",14.0,oracle: no accidentals,"MM occ ÷10, DAQ 10 µs",False,283265518084.60077,0.0019232628730387262,0.9346609244239857,6990.671576035082,0.23959997893165963,222275.2881090538,30202.62736879828,44885.7271738575,0.0,0.0,0.0,6264.979533551003
tubeBe,"nTOF 5 ns, no veto, strict",14.0,oracle: no accidentals,"MM occ ÷10, DAQ 10 µs",False,351972597984.32916,0.0018453292836981949,0.9033273210052285,10701.843810856244,0.29771582376779016,237639.48488238515,32290.304833592072,47988.33543265262,0.0,0.0,0.0,5390.5357957898495
tubeBe,"nTOF 5 ns, no veto, strict",14.0,oracle: no accidentals,"MM occ ÷10, DAQ 10 µs",True,437344829577.31195,0.001811039936146057,0.8590362948503109,16409.51680327458,0.36992787777754876,243039.86748196647,33024.10544944853,49078.875465516394,0.0,0.0,0.0,4436.859833648403
tubeBe,"nTOF 5 ns, no veto, strict",14.0,oracle: no accidentals,"MM occ ÷10, DAQ 10 µs",False,543424405915.04004,0.001830079610219326,0.7987584542246836,25194.29305704836,0.4596552276769037,234671.54412927452,31887.02289711836,47388.996747522055,0.0,0.0,0.0,3447.811211213196
tubeBe,"nTOF 5 ns, no veto, strict",14.0,oracle: no accidentals,"MM occ ÷10, DAQ 10 µs",False,675233968650.1552,0.0019193886791836205,0.7208596754140713,38723.25420694214,0.5711462720789005,210557.61228812084,28610.436894280116,42519.48842332192,0.0,0.0,0.0,2489.6531729734706
tubeBe,"nTOF 5 ns, no veto, strict",14.0,oracle: no accidentals,"MM occ ÷10, DAQ 10 µs",False,839014419404.4929,0.0021083566422393668,0.6266894997302966,59568.65408314039,0.7096798741053816,172408.63685448028,23426.777930993172,34815.777777645184,0.0,0.0,0.0,1640.634270864333
tubeBe,"nTOF 5 ns, no veto, strict",14.0,oracle: no accidentals,"MM occ ÷10, DAQ 10 µs",False,1042520413147.9036,0.002449011919923556,0.5216487223021246,91699.88485485595,0.8818153042950343,126381.92200858092,17172.69665490186,25521.255733123642,0.0,0.0,0.0,967.8823586171007
tubeBe,"nTOF 5 ns, no veto, strict",14.0,oracle: no accidentals,"MM occ ÷10, DAQ 10 µs",False,1295387524568.9966,0.003037291948752119,0.4145198893489471,141242.94773180102,1.0957028080712916,81355.51504094285,11054.536588757996,16428.733411087986,0.0,0.0,0.0,501.429030931099
tubeBe,"nTOF 5 ns, no veto, strict",14.0,oracle: no accidentals,"MM occ ÷10, DAQ 10 µs",False,1609588471982.2002,0.004060499626700267,0.3148090145118242,217652.91141700774,1.3614695024771637,45119.25396904612,6130.776058725378,9111.271618053073,0.0,0.0,0.0,223.8047207830825
tubeBe,"nTOF 5 ns, no veto, strict",14.0,oracle: no accidentals,"MM occ ÷10, DAQ 10 µs",False,2000000000000.0002,0.005911183104045301,0.22960848747199994,335523.9699586223,1.691698873564273,21124.39324070513,2870.369364353061,4265.808222686308,0.0,0.0,0.0,84.32889966460925
tubeBe,"nTOF 5 ns, no veto, strict",14.0,oracle: no accidentals,"no MM loss, DREAM",False,1000000000.0,0.05437053704543171,0.9996564835379222,1.153135926803617,0.0,1355.2145909331202,184.14571247627686,273.6687146292678,0.0,0.0,0.0,10820.074589654703
tubeBe,"nTOF 5 ns, no veto, strict",14.0,oracle: no accidentals,"no MM loss, DREAM",False,1242553630.827767,0.045315101241481,0.9995657188159682,1.4579525708714747,0.0,1683.773916844476,228.79014854231212,340.01718003333957,0.0,0.0,0.0,10819.092171116114
tubeBe,"nTOF 5 ns, no veto, strict",14.0,oracle: no accidentals,"no MM loss, DREAM",False,1543939525.4832668,0.03792613727700478,0.999448894518847,1.8503669995868215,0.0,2091.9348702890647,284.25080405761236,422.4402031016837,0.0,0.0,0.0,10817.827689137004
tubeBe,"nTOF 5 ns, no veto, strict",14.0,oracle: no accidentals,"no MM loss, DREAM",False,1918427663.1677406,0.031880563368995335,0.9992974944466279,2.359058437466118,0.0,2598.9475110752296,353.1433651299971,524.8250937552023,0.0,0.0,0.0,10816.188966134381
tubeBe,"nTOF 5 ns, no veto, strict",14.0,oracle: no accidentals,"no MM loss, DREAM",False,2383749258.3495045,0.02691901307153597,0.999099747109748,3.0237049523170882,0.0,3228.692625550803,438.71273809823856,651.9942794883098,0.0,0.0,0.0,10814.048589944983
tubeBe,"nTOF 5 ns, no veto, strict",14.0,oracle: no accidentals,"no MM loss, DREAM",False,2961936295.9451733,0.022833273791732195,0.998839193680403,3.8998501908710983,0.0,4010.77750839311,544.9819436775264,809.9265848592739,0.0,0.0,0.0,10811.22841362789
tubeBe,"nTOF 5 ns, no veto, strict",14.0,oracle: no accidentals,"no MM loss, DREAM",False,3680364698.807223,0.019456211149783353,0.9984925640943906,5.066146641718222,0.0,4981.87668257458,676.9342931513048,1006.0279731957141,0.0,0.0,0.0,10807.476566831112
tubeBe,"nTOF 5 ns, no veto, strict",14.0,oracle: no accidentals,"no MM loss, DREAM",False,4573050519.273255,0.01665367823066359,0.9980266116293708,6.635202457638874,0.0,6187.360243952412,840.7346468174466,1249.460370512092,0.0,0.0,0.0,10802.433193922749
tubeBe,"nTOF 5 ns, no veto, strict",14.0,oracle: no accidentals,"no MM loss, DREAM",False,5682260526.681813,0.014318008622643265,0.9973933789382703,8.76991037581238,0.0,7683.248936865569,1043.995068439703,1551.536468686423,0.0,0.0,0.0,10795.579214517675
tubeBe,"nTOF 5 ns, no veto, strict",14.0,oracle: no accidentals,"no MM loss, DREAM",False,7060513448.737786,0.01236278007498335,0.9965231054628723,11.708139298209307,0.0,9538.518780347706,1296.087976418605,1926.1851160320862,0.0,0.0,0.0,10786.159554792288
tubeBe,"nTOF 5 ns, no veto, strict",14.0,oracle: no accidentals,"no MM loss, DREAM",False,8773066621.237415,0.010718605872356419,0.9953136027429951,15.80021135913631,0.0,11837.735954697366,1608.5041705335077,2390.4833998371337,0.0,0.0,0.0,10773.068148033091
tubeBe,"nTOF 5 ns, no veto, strict",14.0,oracle: no accidentals,"no MM loss, DREAM",False,10901005783.71244,0.009329762297954063,0.9936143813527087,21.5659625065952,0.0,14683.910224051846,1995.2405532203675,2965.2328595288463,0.0,0.0,0.0,10754.676127884168
tubeBe,"nTOF 5 ns, no veto, strict",14.0,oracle: no accidentals,"no MM loss, DREAM",False,13545084316.226381,0.00815149686101433,0.9912030829229593,29.781844378623745,0.0,18201.26776361274,2473.176899603912,3675.519424611068,0.0,0.0,0.0,10728.576733444721
tubeBe,"nTOF 5 ns, no veto, strict",14.0,oracle: no accidentals,"no MM loss, DREAM",False,16830493696.995401,0.00714788931660892,0.9877508799886222,41.614166487865184,0.0,22537.28322994851,3062.3519739416115,4551.123765963157,0.0,0.0,0.0,10691.210804384817
tubeBe,"nTOF 5 ns, no veto, strict",14.0,oracle: no accidentals,"no MM loss, DREAM",False,20912791051.82548,0.006290160328306098,0.9827726477990746,58.823276007915695,0.0,27862.644953706942,3785.95880003118,5626.514266941604,0.0,0.0,0.0,10637.327450950355
tubeBe,"nTOF 5 ns, no veto, strict",14.0,oracle: no accidentals,"no MM loss, DREAM",False,25985264452.18819,0.005555342535170622,0.9755574923117615,84.07688785786398,0.0,34366.657240568034,4669.719928734673,6939.9185752974345,0.0,0.0,0.0,10559.232103364162
tubeBe,"nTOF 5 ns, no veto, strict",14.0,oracle: no accidentals,"no MM loss, DREAM",False,32288084693.086143,0.004925245462195647,0.9650771592690978,121.43147268813195,0.0,42243.66624201167,5740.042993773504,8530.582476771493,0.0,0.0,0.0,10445.795150657455
tubeBe,"nTOF 5 ns, no veto, strict",14.0,oracle: no accidentals,"no MM loss, DREAM",False,40119676867.86863,0.004385658098609248,0.9498772415658329,177.07254010667228,0.0,51663.30562631196,7019.977712080546,10432.761378784146,0.0,0.0,0.0,10281.274391762481
tubeBe,"nTOF 5 ns, no veto, strict",14.0,oracle: no accidentals,"no MM loss, DREAM",False,49850850159.80715,0.003925739723286548,0.9279749723496661,260.45392479374607,0.0,62714.23288088362,8521.57080769165,12664.358557160022,0.0,0.0,0.0,10044.20876921692
tubeBe,"nTOF 5 ns, no veto, strict",14.0,oracle: no accidentals,"no MM loss, DREAM",False,61942354865.91934,0.0035375490200947723,0.8968259488410183,386.05221964410157,0.0,75310.08874944737,10233.087838782729,15207.934835240014,0.0,0.0,0.0,9707.058194685895
tubeBe,"nTOF 5 ns, no veto, strict",14.0,oracle: no accidentals,"no MM loss, DREAM",False,76966697940.67009,0.0032156523114770918,0.8534834980649726,576.0698537120426,0.0,89054.37601447171,12100.653010992002,17983.422536213453,0.0,0.0,0.0,9237.928490614442
tubeBe,"nTOF 5 ns, no veto, strict",14.0,oracle: no accidentals,"no MM loss, DREAM",False,95635249979.00362,0.002956735632641141,0.7951330027818038,864.6014473331543,0.0,103089.64850030102,14007.757073325154,20817.671079850912,0.0,0.0,0.0,8606.354823355543
tubeBe,"nTOF 5 ns, no veto, strict",14.0,oracle: no accidentals,"no MM loss, DREAM",False,118831927096.53207,0.0027591337884243262,0.7201450269504857,1304.057672652278,0.0,116013.99651657186,15763.909412349816,23427.58225753297,0.0,0.0,0.0,7794.700514916993
tubeBe,"nTOF 5 ns, no veto, strict",14.0,oracle: no accidentals,"no MM loss, DREAM",False,147655042472.05704,0.0026222098995749435,0.6294963393298078,1975.0724461017,0.0,126008.19006720227,17121.914192050037,25445.785220411282,0.0,0.0,0.0,6813.537907899462
tubeBe,"nTOF 5 ns, no veto, strict",14.0,oracle: no accidentals,"no MM loss, DREAM",False,183469309133.68265,0.0025456045428753206,0.5278348171999061,3001.785540698599,0.0,131286.09817304896,17839.073050165825,26511.59305403557,0.0,0.0,0.0,5713.174662667093
tubeBe,"nTOF 5 ns, no veto, strict",14.0,oracle: no accidentals,"no MM loss, DREAM",True,227970456209.51935,0.002528516561428624,0.42310571293722266,4575.4212485082,0.0,130762.95898303678,17767.989223653356,26405.951607536495,0.0,0.0,0.0,4579.60854421459
tubeBe,"nTOF 5 ns, no veto, strict",14.0,oracle: no accidentals,"no MM loss, DREAM",False,283265518084.60077,0.002569277471661119,0.32433623223353036,6990.671576035082,0.0,124550.78242660829,16923.88255179094,25151.479891675408,0.0,0.0,0.0,3510.5481559768646
tubeBe,"nTOF 5 ns, no veto, strict",14.0,oracle: no accidentals,"no MM loss, DREAM",False,351972597984.32916,0.0026654039345404123,0.23871194155052644,10701.843810856244,0.0,113904.34229194278,15477.250913487715,23001.563851422896,0.0,0.0,0.0,2583.7685800594404
tubeBe,"nTOF 5 ns, no veto, strict",14.0,oracle: no accidentals,"no MM loss, DREAM",False,437344829577.31195,0.0028140714678602493,0.1697782490205061,16409.51680327458,0.0,100661.48397048151,13677.819593058388,20327.33348296411,0.0,0.0,0.0,1837.644579267273
tubeBe,"nTOF 5 ns, no veto, strict",14.0,oracle: no accidentals,"no MM loss, DREAM",False,543424405915.04004,0.0030127504402815706,0.11753782703519766,25194.29305704836,0.0,86591.26386342906,11765.966869773269,17486.02770230789,0.0,0.0,0.0,1272.2050790145527
tubeBe,"nTOF 5 ns, no veto, strict",14.0,oracle: no accidentals,"no MM loss, DREAM",False,675233968650.1552,0.003259742131907312,0.07974780710635697,38723.25420694214,0.0,73001.25284081625,9919.364657059203,14741.694167797139,0.0,0.0,0.0,863.1737356400034
tubeBe,"nTOF 5 ns, no veto, strict",14.0,oracle: no accidentals,"no MM loss, DREAM",False,839014419404.4929,0.0035544938214532554,0.05332918384848223,59568.65408314039,0.0,60658.49681256038,8242.238674244127,12249.228251451257,0.0,0.0,0.0,577.2240330036303
tubeBe,"nTOF 5 ns, no veto, strict",14.0,oracle: no accidentals,"no MM loss, DREAM",False,1042520413147.9036,0.0038977090201803193,0.03530254994758727,91699.88485485595,0.0,49893.95435586187,6779.559366161247,10075.46291760219,0.0,0.0,0.0,382.10748384889024
tubeBe,"nTOF 5 ns, no veto, strict",14.0,oracle: no accidentals,"no MM loss, DREAM",False,1295387524568.9966,0.00429132885833962,0.0232070260794166,141242.94773180102,0.0,40754.58567239154,5537.707655693595,8229.881194337124,0.0,0.0,0.0,251.1880404103076
tubeBe,"nTOF 5 ns, no veto, strict",14.0,oracle: no accidentals,"no MM loss, DREAM",False,1609588471982.2002,0.004738458673016811,0.015183592191901471,217652.91141700774,0.0,33131.9246857604,4501.9452401031485,6690.579707898985,0.0,0.0,0.0,164.34405494359044
tubeBe,"nTOF 5 ns, no veto, strict",14.0,oracle: no accidentals,"no MM loss, DREAM",False,2000000000000.0002,0.005243288905331468,0.009902348676966112,335523.9699586223,0.0,26848.83784084951,3648.203322515176,5421.788542090407,0.0,0.0,0.0,107.18096972506395
tubeBe,"nTOF 5 ns, no veto, strict",14.0,oracle: no accidentals,"no MM loss, no dead time",False,1000000000.0,0.05436119765604078,1.0,1.153135926803617,0.0,1355.680289429854,184.2089912972502,273.7627566428784,0.0,0.0,0.0,10823.792740643235
tubeBe,"nTOF 5 ns, no veto, strict",14.0,oracle: no accidentals,"no MM loss, no dead time",False,1242553630.827767,0.0453052604250338,1.0,1.4579525708714747,0.0,1684.5054658727029,228.88955096751874,340.164907252027,0.0,0.0,0.0,10823.792740643235
tubeBe,"nTOF 5 ns, no veto, strict",14.0,oracle: no accidentals,"no MM loss, no dead time",False,1543939525.4832668,0.037915685185688955,1.0,1.8503669995868215,0.0,2093.088382769347,284.4075426132278,422.6731405861969,0.0,0.0,0.0,10823.792740643235
tubeBe,"nTOF 5 ns, no veto, strict",14.0,oracle: no accidentals,"no MM loss, no dead time",False,1918427663.1677406,0.031869363265210324,1.0,2.359058437466118,0.0,2600.7745696534803,353.3916247088704,525.1940454887562,0.0,0.0,0.0,10823.792740643234
tubeBe,"nTOF 5 ns, no veto, strict",14.0,oracle: no accidentals,"no MM loss, no dead time",False,2383749258.3495045,0.026906893383565583,1.0,3.0237049523170882,0.0,3231.601884487456,439.1080463861305,652.5817681111774,0.0,0.0,0.0,10823.792740643235
tubeBe,"nTOF 5 ns, no veto, strict",14.0,oracle: no accidentals,"no MM loss, no dead time",False,2961936295.9451733,0.02282001743934346,1.0,3.8998501908710983,0.0,4015.438654959742,545.6152973627741,810.8678453785473,0.0,0.0,0.0,10823.792740643235
tubeBe,"nTOF 5 ns, no veto, strict",14.0,oracle: no accidentals,"no MM loss, no dead time",False,3680364698.807223,0.019441541123530075,1.0,5.066146641718222,0.0,4989.397880086393,677.9562687732864,1007.5467853966023,0.0,0.0,0.0,10823.792740643235
tubeBe,"nTOF 5 ns, no veto, strict",14.0,oracle: no accidentals,"no MM loss, no dead time",False,4573050519.273255,0.016637238028457988,1.0,6.635202457638874,0.0,6199.59445154571,842.3970233066926,1251.9309164233932,0.0,0.0,0.0,10823.792740643235
tubeBe,"nTOF 5 ns, no veto, strict",14.0,oracle: no accidentals,"no MM loss, no dead time",False,5682260526.681813,0.014299335634933685,1.0,8.76991037581238,0.0,7703.328595427835,1046.7234799082385,1555.5913057474274,0.0,0.0,0.0,10823.792740643235
tubeBe,"nTOF 5 ns, no veto, strict",14.0,oracle: no accidentals,"no MM loss, no dead time",False,7060513448.737786,0.012341269319792573,1.0,11.708139298209307,0.0,9571.798915708217,1300.6100604326568,1932.905625040573,0.0,0.0,0.0,10823.792740643235
tubeBe,"nTOF 5 ns, no veto, strict",14.0,oracle: no accidentals,"no MM loss, no dead time",False,8773066621.237415,0.01069346055494352,1.0,15.80021135913631,0.0,11893.473496266532,1616.0777528817193,2401.7389024415784,0.0,0.0,0.0,10823.792740643237
tubeBe,"nTOF 5 ns, no veto, strict",14.0,oracle: no accidentals,"no MM loss, no dead time",False,10901005783.71244,0.00929992643951759,1.0,21.5659625065952,0.0,14778.278675939795,2008.0632795431593,2984.2893935290795,0.0,0.0,0.0,10823.792740643235
tubeBe,"nTOF 5 ns, no veto, strict",14.0,oracle: no accidentals,"no MM loss, no dead time",False,13545084316.226381,0.008115563640089474,1.0,29.781844378623745,0.0,18362.803826173556,2495.1263189282663,3708.1396213703524,0.0,0.0,0.0,10823.792740643235
tubeBe,"nTOF 5 ns, no veto, strict",14.0,oracle: no accidentals,"no MM loss, no dead time",False,16830493696.995401,0.007103976752674749,1.0,41.614166487865184,0.0,22816.768566390056,3100.32826695825,4607.56235015005,0.0,0.0,0.0,10823.792740643235
tubeBe,"nTOF 5 ns, no veto, strict",14.0,oracle: no accidentals,"no MM loss, no dead time",False,20912791051.82548,0.006235743542174858,1.0,58.823276007915695,0.0,28351.05862592483,3852.3241448669323,5725.143327444266,0.0,0.0,0.0,10823.792740643235
tubeBe,"nTOF 5 ns, no veto, strict",14.0,oracle: no accidentals,"no MM loss, no dead time",False,25985264452.18819,0.005487029264486545,1.0,84.07688785786398,0.0,35227.71083345378,4786.71935332988,7113.797628525235,0.0,0.0,0.0,10823.792740643235
tubeBe,"nTOF 5 ns, no veto, strict",14.0,oracle: no accidentals,"no MM loss, no dead time",False,32288084693.086143,0.004838479419769723,1.0,121.43147268813195,0.0,43772.32000185866,5947.7555122335825,8839.275072297989,0.0,0.0,0.0,10823.792740643235
tubeBe,"nTOF 5 ns, no veto, strict",14.0,oracle: no accidentals,"no MM loss, no dead time",False,40119676867.86863,0.00427433456512856,1.0,177.07254010667228,0.0,54389.45514806436,7390.4052070017015,10983.273334969239,0.0,0.0,0.0,10823.792740643235
tubeBe,"nTOF 5 ns, no veto, strict",14.0,oracle: no accidentals,"no MM loss, no dead time",False,49850850159.80715,0.0037817222970559384,1.0,260.45392479374607,0.0,67581.81497297164,9182.974823248438,13647.30616073988,0.0,0.0,0.0,10823.792740643235
tubeBe,"nTOF 5 ns, no veto, strict",14.0,oracle: no accidentals,"no MM loss, no dead time",False,61942354865.91934,0.0033500905783511066,1.0,386.05221964410157,0.0,83974.02957259626,11410.338708427322,16957.509821045496,0.0,0.0,0.0,10823.792740643237
tubeBe,"nTOF 5 ns, no veto, strict",14.0,oracle: no accidentals,"no MM loss, no dead time",False,76966697940.67009,0.00297075371789473,1.0,576.0698537120426,0.0,104342.23534066777,14177.95779113098,21070.6153979376,0.0,0.0,0.0,10823.792740643234
tubeBe,"nTOF 5 ns, no veto, strict",14.0,oracle: no accidentals,"no MM loss, no dead time",False,95635249979.00362,0.0026365279822830453,1.0,864.6014473331543,0.0,129650.82337123205,17616.87293109262,26181.369666482813,0.0,0.0,0.0,10823.792740643234
tubeBe,"nTOF 5 ns, no veto, strict",14.0,oracle: no accidentals,"no MM loss, no dead time",False,118831927096.53207,0.0023414384324402134,1.0,1304.057672652278,0.0,161098.1013197339,21889.909424360547,32531.75593913219,0.0,0.0,0.0,10823.792740643235
tubeBe,"nTOF 5 ns, no veto, strict",14.0,oracle: no accidentals,"no MM loss, no dead time",False,147655042472.05704,0.0020804824522425106,1.0,1975.0724461017,0.0,200173.03071429566,27199.386433730262,40422.45145937163,0.0,0.0,0.0,10823.792740643235
tubeBe,"nTOF 5 ns, no veto, strict",14.0,oracle: no accidentals,"no MM loss, no dead time",False,183469309133.68265,0.0018494387560996895,1.0,3001.785540698599,0.0,248725.72610784622,33796.69636951906,50227.063827801394,0.0,0.0,0.0,10823.792740643235
tubeBe,"nTOF 5 ns, no veto, strict",14.0,oracle: no accidentals,"no MM loss, no dead time",False,227970456209.51935,0.0016447134623606325,1.0,4575.4212485082,0.0,309055.054055577,41994.207783929516,62409.82052505263,0.0,0.0,0.0,10823.792740643235
tubeBe,"nTOF 5 ns, no veto, strict",14.0,oracle: no accidentals,"no MM loss, no dead time",False,283265518084.60077,0.0014632170143576843,1.0,6990.671576035082,0.0,384017.47954242915,52180.0553556573,77547.54909271345,0.0,0.0,0.0,10823.792740643235
tubeBe,"nTOF 5 ns, no veto, strict",14.0,oracle: no accidentals,"no MM loss, no dead time",False,351972597984.32916,0.0013022672144913832,1.0,10701.843810856244,0.0,477162.31350677303,64836.51723896585,96356.98868694561,0.0,0.0,0.0,10823.792740643235
tubeBe,"nTOF 5 ns, no veto, strict",14.0,oracle: no accidentals,"no MM loss, no dead time",False,437344829577.31195,0.0011595144038971652,1.0,16409.51680327458,0.0,592899.7651420204,80562.84990550442,119728.72614859478,0.0,0.0,0.0,10823.792740643232
tubeBe,"nTOF 5 ns, no veto, strict",14.0,oracle: no accidentals,"no MM loss, no dead time",False,543424405915.04004,0.0010328850401405052,1.0,25194.29305704836,0.0,736709.7558941479,100103.66165991698,148769.36339031986,0.0,0.0,0.0,10823.792740643235
tubeBe,"nTOF 5 ns, no veto, strict",14.0,oracle: no accidentals,"no MM loss, no dead time",False,675233968650.1552,0.0009205399068596555,1.0,38723.25420694214,0.0,915401.3820525113,124384.16825468416,184853.9126365775,0.0,0.0,0.0,10823.792740643235
tubeBe,"nTOF 5 ns, no veto, strict",14.0,oracle: no accidentals,"no MM loss, no dead time",False,839014419404.4929,0.0008208432520276454,1.0,59568.65408314039,0.0,1137435.3109341038,154553.9998823497,229690.90031929815,0.0,0.0,0.0,10823.792740643235
tubeBe,"nTOF 5 ns, no veto, strict",14.0,oracle: no accidentals,"no MM loss, no dead time",False,1042520413147.9036,0.0007323394882437776,1.0,91699.88485485595,0.0,1413324.3754328806,192041.63371276783,285403.26215984265,0.0,0.0,0.0,10823.792740643235
tubeBe,"nTOF 5 ns, no veto, strict",14.0,oracle: no accidentals,"no MM loss, no dead time",False,1295387524568.9966,0.0006537347068826048,1.0,141242.94773180102,0.0,1756131.3342315191,238622.02923989674,354628.859646803,0.0,0.0,0.0,10823.792740643235
tubeBe,"nTOF 5 ns, no veto, strict",14.0,oracle: no accidentals,"no MM loss, no dead time",False,1609588471982.2002,0.0005838810261487914,1.0,217652.91141700774,0.0,2182087.3655597856,296500.66882752336,440645.3771504456,0.0,0.0,0.0,10823.792740643235
tubeBe,"nTOF 5 ns, no veto, strict",14.0,oracle: no accidentals,"no MM loss, no dead time",True,2000000000000.0002,0.0005217625394802433,1.0,335523.9699586223,0.0,2711360.5788597087,368417.9825945005,547525.5132857569,0.0,0.0,0.0,10823.792740643235
tubeBe,"nTOF 5 ns, no veto, strict",14.0,oracle: IPC only,MM occ + DREAM,False,1000000000.0,0.023036747021569017,0.9996564835379222,1.153135926803617,0.008458494367821364,1332.4812727653136,181.05672339737512,269.07800404817965,0.0,0.0,0.0,0.0
tubeBe,"nTOF 5 ns, no veto, strict",14.0,oracle: IPC only,MM occ + DREAM,False,1242553630.827767,0.02070972414130104,0.9995657188159682,1.4579525708714747,0.010510132888072652,1648.7499378857756,224.03111214892203,332.9445235205209,0.0,0.0,0.0,0.0
tubeBe,"nTOF 5 ns, no veto, strict",14.0,oracle: IPC only,MM occ + DREAM,False,1543939525.4832668,0.01862727205266538,0.999448894518847,1.8503669995868215,0.013059403780557002,2038.0034047006893,276.9226301860315,411.5494150564627,0.0,0.0,0.0,0.0
tubeBe,"nTOF 5 ns, no veto, strict",14.0,oracle: IPC only,MM occ + DREAM,False,1918427663.1677406,0.016764872566034632,0.9992974944466279,2.359058437466118,0.016227009583977034,2515.95521970879,341.86642439606584,508.0658337425479,0.0,0.0,0.0,0.0
tubeBe,"nTOF 5 ns, no veto, strict",14.0,oracle: IPC only,MM occ + DREAM,False,2383749258.3495045,0.01510062797806564,0.999099747109748,3.0237049523170882,0.020162929676047638,3101.083095308886,421.3732348030587,626.2251235558133,0.0,0.0,0.0,0.0
tubeBe,"nTOF 5 ns, no veto, strict",14.0,oracle: IPC only,MM occ + DREAM,False,2961936295.9451733,0.01361501207433381,0.998839193680403,3.8998501908710983,0.025053521477097922,3814.761215943163,518.3473722438611,770.3435349422597,0.0,0.0,0.0,0.0
tubeBe,"nTOF 5 ns, no veto, strict",14.0,oracle: IPC only,MM occ + DREAM,False,3680364698.807223,0.012290653076773628,0.9984925640943906,5.066146641718222,0.031130344076389465,4681.160155985787,636.0731192733316,945.3020144804466,0.0,0.0,0.0,0.0
tubeBe,"nTOF 5 ns, no veto, strict",14.0,oracle: IPC only,MM occ + DREAM,False,4573050519.273255,0.011112147736593886,0.9980266116293708,6.635202457638874,0.0386811220610354,5726.739217084692,778.1457492793027,1156.443688727913,0.0,0.0,0.0,0.0
tubeBe,"nTOF 5 ns, no veto, strict",14.0,oracle: IPC only,MM occ + DREAM,False,5682260526.681813,0.010065907001284041,0.9973933789382703,8.76991037581238,0.04806336866143177,6979.070620861445,948.311758520762,1409.3364245753564,0.0,0.0,0.0,0.0
tubeBe,"nTOF 5 ns, no veto, strict",14.0,oracle: IPC only,MM occ + DREAM,False,7060513448.737786,0.009140035390723052,0.9965231054628723,11.708139298209307,0.05972131324007556,8464.623884921777,1150.1678085235092,1709.325411565806,0.0,0.0,0.0,0.0
tubeBe,"nTOF 5 ns, no veto, strict",14.0,oracle: IPC only,MM occ + DREAM,False,8773066621.237415,0.00832424872019883,0.9953136027429951,15.80021135913631,0.07420693460425828,10205.007405344611,1386.6500346553632,2060.7741962694404,0.0,0.0,0.0,0.0
tubeBe,"nTOF 5 ns, no veto, strict",14.0,oracle: IPC only,MM occ + DREAM,False,10901005783.71244,0.007609838648469966,0.9936143813527087,21.5659625065952,0.0922060960251198,12211.03632598246,1659.227991910476,2465.8667623420192,0.0,0.0,0.0,0.0
tubeBe,"nTOF 5 ns, no veto, strict",14.0,oracle: IPC only,MM occ + DREAM,False,13545084316.226381,0.006989698650750127,0.9912030829229593,29.781844378623745,0.11457101940046635,14473.931592466637,1966.7087878625077,2922.8302890503437,0.0,0.0,0.0,0.0
tubeBe,"nTOF 5 ns, no veto, strict",14.0,oracle: IPC only,MM occ + DREAM,False,16830493696.995401,0.006458436107948761,0.9877508799886222,41.614166487865184,0.14236063614368857,16953.08287809296,2303.5743166742955,3423.464026502728,0.0,0.0,0.0,0.0
tubeBe,"nTOF 5 ns, no veto, strict",14.0,oracle: IPC only,MM occ + DREAM,False,20912791051.82548,0.006012612364138344,0.9827726477990746,58.823276007915695,0.17689072532729086,19560.36745571671,2657.8505172015875,3949.9726870534596,0.0,0.0,0.0,0.0
tubeBe,"nTOF 5 ns, no veto, strict",14.0,oracle: IPC only,MM occ + DREAM,False,25985264452.18819,0.005651182684324851,0.9755574923117615,84.07688785786398,0.2197962130151825,22142.401761529913,3008.6957265604833,4471.38236957026,0.0,0.0,0.0,0.0
tubeBe,"nTOF 5 ns, no veto, strict",14.0,oracle: IPC only,MM occ + DREAM,False,32288084693.086143,0.005376262423323279,0.9650771592690978,121.43147268813195,0.27310858252420833,24464.84688246405,3324.26811955472,4940.371248007172,0.0,0.0,0.0,0.0
tubeBe,"nTOF 5 ns, no veto, strict",14.0,oracle: IPC only,MM occ + DREAM,False,40119676867.86863,0.005194447272773189,0.9498772415658329,177.07254010667228,0.33935206082567987,26207.448181146727,3561.0516960118334,5292.267885419715,0.0,0.0,0.0,0.0
tubeBe,"nTOF 5 ns, no veto, strict",14.0,oracle: IPC only,MM occ + DREAM,True,49850850159.80715,0.005119111933175343,0.9279749723496661,260.45392479374607,0.4216631353078355,26984.487151903908,3666.635266207451,5449.181231665158,0.0,0.0,0.0,0.0
tubeBe,"nTOF 5 ns, no veto, strict",14.0,oracle: IPC only,MM occ + DREAM,False,61942354865.91934,0.0051745069301474,0.8968259488410183,386.05221964410157,0.5239390597629711,26409.822016547718,3588.5501264122995,5333.134761986216,0.0,0.0,0.0,0.0
tubeBe,"nTOF 5 ns, no veto, strict",14.0,oracle: IPC only,MM occ + DREAM,False,76966697940.67009,0.005403305279755493,0.8534834980649726,576.0698537120426,0.6510223810409661,24220.57279562818,3291.0763091500585,4891.043137308789,0.0,0.0,0.0,0.0
tubeBe,"nTOF 5 ns, no veto, strict",14.0,oracle: IPC only,MM occ + DREAM,False,95635249979.00362,0.005881093891134628,0.7951330027818038,864.6014473331543,0.8089302233125903,20445.00374187601,2778.0543434347505,4128.613971590495,0.0,0.0,0.0,0.0
tubeBe,"nTOF 5 ns, no veto, strict",14.0,oracle: IPC only,MM occ + DREAM,False,118831927096.53207,0.006745636242764704,0.7201450269504857,1304.057672652278,1.0051391860633756,15540.235065830957,2111.5974380676403,3138.157000342178,0.0,0.0,0.0,0.0
tubeBe,"nTOF 5 ns, no veto, strict",14.0,oracle: IPC only,MM occ + DREAM,False,147655042472.05704,0.008259614711750594,0.6294963393298078,1975.0724461017,1.2489393451303188,10365.346914312266,1408.436867024556,2093.1527639273136,0.0,0.0,0.0,0.0
tubeBe,"nTOF 5 ns, no veto, strict",14.0,oracle: IPC only,MM occ + DREAM,False,183469309133.68265,0.010955008163494564,0.5278348171999061,3001.785540698599,1.5518741179753315,5892.207182891209,800.6294331617652,1189.8578843966666,0.0,0.0,0.0,0.0
tubeBe,"nTOF 5 ns, no veto, strict",14.0,oracle: IPC only,MM occ + DREAM,False,227970456209.51935,0.015993873832551374,0.42310571293722266,4575.4212485082,1.9282868198778864,2764.369474900177,375.620798291926,558.2299998964887,0.0,0.0,0.0,0.0
tubeBe,"nTOF 5 ns, no veto, strict",14.0,oracle: IPC only,MM occ + DREAM,False,283265518084.60077,0.026160616070116764,0.32433623223353036,6990.671576035082,2.3959997893165963,1033.2549293103875,140.39803467322332,208.65296926446933,0.0,0.0,0.0,0.0
tubeBe,"nTOF 5 ns, no veto, strict",14.0,oracle: IPC only,MM occ + DREAM,False,351972597984.32916,0.04891532733922787,0.23871194155052644,10701.843810856244,2.9771582376779016,295.53811020487495,40.15753389291456,59.680241996245165,0.0,0.0,0.0,0.0
tubeBe,"nTOF 5 ns, no veto, strict",14.0,oracle: IPC only,MM occ + DREAM,False,437344829577.31195,0.1071263742050608,0.1697782490205061,16409.51680327458,3.699278777775487,61.61842710223235,8.372673402664143,12.443074222610225,0.0,0.0,0.0,0.0
tubeBe,"nTOF 5 ns, no veto, strict",14.0,oracle: IPC only,MM occ + DREAM,False,543424405915.04004,0.28331656027969737,0.11753782703519766,25194.29305704836,4.596552276769037,8.809667136301071,1.1970520700902496,1.7790026004982675,0.0,0.0,0.0,0.0
tubeBe,"nTOF 5 ns, no veto, strict",14.0,oracle: IPC only,MM occ + DREAM,False,675233968650.1552,0.9408996275058311,0.07974780710635697,38723.25420694214,5.7114627207890045,0.7987609540516218,0.10853513972336308,0.16129983033966808,0.0,0.0,0.0,0.0
tubeBe,"nTOF 5 ns, no veto, strict",14.0,oracle: IPC only,MM occ + DREAM,False,839014419404.4929,4.1248334792219925,0.05332918384848223,59568.65408314039,7.096798741053815,0.04156143929098315,0.005647342421621929,0.00839281523752943,0.0,0.0,0.0,0.0
tubeBe,"nTOF 5 ns, no veto, strict",14.0,oracle: IPC only,MM occ + DREAM,False,1042520413147.9036,25.43331408458046,0.03530254994758727,91699.88485485595,8.818153042950343,0.001093194684017734,0.00014854261111896372,0.0002207570564958933,0.0,0.0,0.0,0.0
tubeBe,"nTOF 5 ns, no veto, strict",14.0,oracle: IPC only,MM occ + DREAM,False,1295387524568.9966,238.9132864911291,0.0232070260794166,141242.94773180102,10.957028080712917,1.2388616672683506e-05,1.6833574985464195e-06,2.5017269025369622e-06,0.0,0.0,0.0,0.0
tubeBe,"nTOF 5 ns, no veto, strict",14.0,oracle: IPC only,MM occ + DREAM,False,1609588471982.2002,3779.334216637348,0.015183592191901471,217652.91141700774,13.614695024771637,4.950770806623891e-08,6.727076461483425e-09,9.997465288061722e-09,0.0,0.0,0.0,0.0
tubeBe,"nTOF 5 ns, no veto, strict",14.0,oracle: IPC only,MM occ + DREAM,False,2000000000000.0002,114089.01286254784,0.009902348676966112,335523.9699586223,16.91698873564273,5.432700648236477e-11,7.381919721296797e-12,1.0970662604398113e-11,0.0,0.0,0.0,0.0
tubeBe,"nTOF 5 ns, no veto, strict",14.0,oracle: IPC only,"MM occ ÷10, DAQ 10 µs",False,1000000000.0,0.022858246983418415,0.9999884687737026,1.153135926803617,0.0008458494367821365,1353.3732191585489,183.89550802922415,273.29687252391193,0.0,0.0,0.0,0.0
tubeBe,"nTOF 5 ns, no veto, strict",14.0,oracle: IPC only,"MM occ ÷10, DAQ 10 µs",False,1242553630.827767,0.02051044641560887,0.9999854206868508,1.4579525708714747,0.0010510132888072652,1680.9438021506758,228.40559432472463,339.4456736049942,0.0,0.0,0.0,0.0
tubeBe,"nTOF 5 ns, no veto, strict",14.0,oracle: IPC only,"MM occ ÷10, DAQ 10 µs",False,1543939525.4832668,0.018404715443387284,0.9999814966723837,1.8503669995868215,0.0013059403780557003,2087.589990655428,283.6604245257562,421.5628087521013,0.0,0.0,0.0,0.0
tubeBe,"nTOF 5 ns, no veto, strict",14.0,oracle: IPC only,"MM occ ÷10, DAQ 10 µs",False,1918427663.1677406,0.016516202834060342,0.9999764099721279,2.359058437466118,0.0016227009583977036,2592.2865390235925,352.23827640645493,523.4799933764511,0.0,0.0,0.0,0.0
tubeBe,"nTOF 5 ns, no veto, strict",14.0,oracle: IPC only,"MM occ ÷10, DAQ 10 µs",False,2383749258.3495045,0.014822621348083237,0.9999697638647285,3.0237049523170882,0.002016292967604764,3218.4990947290794,437.32764749460006,649.9358228452226,0.0,0.0,0.0,0.0
tubeBe,"nTOF 5 ns, no veto, strict",14.0,oracle: IPC only,"MM occ ÷10, DAQ 10 µs",False,2961936295.9451733,0.01330398483781291,0.9999610030189151,3.8998501908710983,0.0025053521477097925,3995.2129959590948,542.8670474458278,806.7835253466726,0.0,0.0,0.0,0.0
tubeBe,"nTOF 5 ns, no veto, strict",14.0,oracle: IPC only,"MM occ ÷10, DAQ 10 µs",False,3680364698.807223,0.011942372557089707,0.9999493411000371,5.066146641718222,0.0031130344076389467,4958.178860884656,673.714247936014,1001.2424931361104,0.0,0.0,0.0,0.0
tubeBe,"nTOF 5 ns, no veto, strict",14.0,oracle: IPC only,"MM occ ÷10, DAQ 10 µs",False,4573050519.273255,0.010721717920879874,0.9999336523777226,6.635202457638874,0.00386811220610354,6151.409881904616,835.8497340683051,1242.2006424676183,0.0,0.0,0.0,0.0
tubeBe,"nTOF 5 ns, no veto, strict",14.0,oracle: IPC only,"MM occ ÷10, DAQ 10 µs",False,5682260526.681813,0.00962761925115918,0.9999123085867002,8.76991037581238,0.004806336866143178,7628.964727194417,1036.6189639223928,1540.5744483652416,0.0,0.0,0.0,0.0
tubeBe,"nTOF 5 ns, no veto, strict",14.0,oracle: IPC only,"MM occ ÷10, DAQ 10 µs",False,7060513448.737786,0.008647170316562855,0.9998829323134658,11.708139298209307,0.005972131324007556,9457.043663563101,1285.0171884195922,1909.73223053787,0.0,0.0,0.0,0.0
tubeBe,"nTOF 5 ns, no veto, strict",14.0,oracle: IPC only,"MM occ ÷10, DAQ 10 µs",False,8773066621.237415,0.007768808723791739,0.9998420228471326,15.80021135913631,0.0074206934604258284,11716.410049078193,1592.0184822288322,2365.9831436679847,0.0,0.0,0.0,0.0
tubeBe,"nTOF 5 ns, no veto, strict",14.0,oracle: IPC only,"MM occ ÷10, DAQ 10 µs",False,10901005783.71244,0.006982180453540746,0.99978438687398,21.5659625065952,0.00922060960251198,14505.118542933167,1970.946451220063,2929.128105429008,0.0,0.0,0.0,0.0
tubeBe,"nTOF 5 ns, no veto, strict",14.0,oracle: IPC only,"MM occ ÷10, DAQ 10 µs",False,13545084316.226381,0.00627801905889829,0.9997022702256317,29.781844378623745,0.011457101940046635,17941.475675224785,2437.8765128371483,3623.0576466936445,0.0,0.0,0.0,0.0
tubeBe,"nTOF 5 ns, no veto, strict",14.0,oracle: IPC only,"MM occ ÷10, DAQ 10 µs",False,16830493696.995401,0.005648038267418309,0.9995840314369717,41.614166487865184,0.014236063614368858,22167.06318208156,3012.046704987475,4476.362436423477,0.0,0.0,0.0,0.0
tubeBe,"nTOF 5 ns, no veto, strict",14.0,oracle: IPC only,"MM occ ÷10, DAQ 10 µs",False,20912791051.82548,0.005084836959647754,0.9994121130542815,58.823276007915695,0.017689072532729087,27349.497777288703,3716.2326820872595,5522.890583190293,0.0,0.0,0.0,0.0
tubeBe,"nTOF 5 ns, no veto, strict",14.0,oracle: IPC only,"MM occ ÷10, DAQ 10 µs",False,25985264452.18819,0.0045818157513107804,0.9991599374198948,84.07688785786398,0.021979621301518253,33684.35055387528,4577.008522150824,6802.1352344306615,0.0,0.0,0.0,0.0
tubeBe,"nTOF 5 ns, no veto, strict",14.0,oracle: IPC only,"MM occ ÷10, DAQ 10 µs",False,32288084693.086143,0.004133104705045323,0.9987871580449661,121.43147268813195,0.027310858252420835,41395.2590938866,5624.7619601964625,8359.257215618716,0.0,0.0,0.0,0.0
tubeBe,"nTOF 5 ns, no veto, strict",14.0,oracle: IPC only,"MM occ ÷10, DAQ 10 µs",False,40119676867.86863,0.00373350207336055,0.9982324045251393,177.07254010667228,0.03393520608256799,50730.67332467634,6893.252217231178,10244.42789645747,0.0,0.0,0.0,0.0
tubeBe,"nTOF 5 ns, no veto, strict",14.0,oracle: IPC only,"MM occ ÷10, DAQ 10 µs",False,49850850159.80715,0.0033784244789356963,0.9974022267544378,260.45392479374607,0.04216631353078355,61954.80435511283,8418.380133765553,12511.001421034895,0.0,0.0,0.0,0.0
tubeBe,"nTOF 5 ns, no veto, strict",14.0,oracle: IPC only,"MM occ ÷10, DAQ 10 µs",False,61942354865.91934,0.00306386965451871,0.9961543241206516,386.05221964410157,0.05239390597629711,75329.1123158324,10235.672749105603,15211.776407633848,0.0,0.0,0.0,0.0
tubeBe,"nTOF 5 ns, no veto, strict",14.0,oracle: IPC only,"MM occ ÷10, DAQ 10 µs",False,76966697940.67009,0.0027863939286008033,0.9942722970329828,576.0698537120426,0.06510223810409661,91079.02858407404,12375.761538040575,18392.275916335642,0.0,0.0,0.0,0.0
tubeBe,"nTOF 5 ns, no veto, strict",14.0,oracle: IPC only,"MM occ ÷10, DAQ 10 µs",False,95635249979.00362,0.00254310828160077,0.9914280983127206,864.6014473331543,0.08089302233125904,109338.65215392098,14856.867788160647,22079.579569503658,0.0,0.0,0.0,0.0
tubeBe,"nTOF 5 ns, no veto, strict",14.0,oracle: IPC only,"MM occ ÷10, DAQ 10 µs",False,118831927096.53207,0.0023316993944691483,0.9871272908251502,1304.057672652278,0.10051391860633757,130064.35763863166,17673.063709153255,26264.87776340825,0.0,0.0,0.0,0.0
tubeBe,"nTOF 5 ns, no veto, strict",14.0,oracle: IPC only,"MM occ ÷10, DAQ 10 µs",False,147655042472.05704,0.0021504863271288154,0.9806318112973578,1975.0724461017,0.12489393451303188,152907.94404688888,20777.03596772048,30877.855642849405,0.0,0.0,0.0,0.0
tubeBe,"nTOF 5 ns, no veto, strict",14.0,oracle: IPC only,"MM occ ÷10, DAQ 10 µs",False,183469309133.68265,0.001998530450149442,0.9708569562659424,3001.785540698599,0.15518741179753315,177044.2722065021,24056.665168327665,35751.88662473507,0.0,0.0,0.0,0.0
tubeBe,"nTOF 5 ns, no veto, strict",14.0,oracle: IPC only,"MM occ ÷10, DAQ 10 µs",False,227970456209.51935,0.001875828063766516,0.9562476421908416,4575.4212485082,0.19282868198778866,200963.5816836503,27306.806005858976,40582.09338551356,0.0,0.0,0.0,0.0
tubeBe,"nTOF 5 ns, no veto, strict",14.0,oracle: IPC only,"MM occ ÷10, DAQ 10 µs",False,283265518084.60077,0.0017836355476244393,0.9346609244239857,6990.671576035082,0.23959997893165963,222275.2881090538,30202.62736879828,44885.7271738575,0.0,0.0,0.0,0.0
tubeBe,"nTOF 5 ns, no veto, strict",14.0,oracle: IPC only,"MM occ ÷10, DAQ 10 µs",False,351972597984.32916,0.0017250131454603105,0.9033273210052285,10701.843810856244,0.29771582376779016,237639.48488238515,32290.304833592072,47988.33543265262,0.0,0.0,0.0,0.0
tubeBe,"nTOF 5 ns, no veto, strict",14.0,oracle: IPC only,"MM occ ÷10, DAQ 10 µs",True,437344829577.31195,0.0017057404570774083,0.8590362948503109,16409.51680327458,0.36992787777754876,243039.86748196647,33024.10544944853,49078.875465516394,0.0,0.0,0.0,0.0
tubeBe,"nTOF 5 ns, no veto, strict",14.0,oracle: IPC only,"MM occ ÷10, DAQ 10 µs",False,543424405915.04004,0.0017358871753641633,0.7987584542246836,25194.29305704836,0.4596552276769037,234671.54412927452,31887.02289711836,47388.996747522055,0.0,0.0,0.0,0.0
tubeBe,"nTOF 5 ns, no veto, strict",14.0,oracle: IPC only,"MM occ ÷10, DAQ 10 µs",False,675233968650.1552,0.0018325938997567491,0.7208596754140713,38723.25420694214,0.5711462720789005,210557.61228812084,28610.436894280116,42519.48842332192,0.0,0.0,0.0,0.0
tubeBe,"nTOF 5 ns, no veto, strict",14.0,oracle: IPC only,"MM occ ÷10, DAQ 10 µs",False,839014419404.4929,0.002025219969484711,0.6266894997302966,59568.65408314039,0.7096798741053816,172408.63685448028,23426.777930993172,34815.777777645184,0.0,0.0,0.0,0.0
tubeBe,"nTOF 5 ns, no veto, strict",14.0,oracle: IPC only,"MM occ ÷10, DAQ 10 µs",False,1042520413147.9036,0.0023654252706479194,0.5216487223021246,91699.88485485595,0.8818153042950343,126381.92200858092,17172.69665490186,25521.255733123642,0.0,0.0,0.0,0.0
tubeBe,"nTOF 5 ns, no veto, strict",14.0,oracle: IPC only,"MM occ ÷10, DAQ 10 µs",False,1295387524568.9966,0.002948208613549191,0.4145198893489471,141242.94773180102,1.0957028080712916,81355.51504094285,11054.536588757996,16428.733411087986,0.0,0.0,0.0,0.0
tubeBe,"nTOF 5 ns, no veto, strict",14.0,oracle: IPC only,"MM occ ÷10, DAQ 10 µs",False,1609588471982.2002,0.003958865572342084,0.3148090145118242,217652.91141700774,1.3614695024771637,45119.25396904612,6130.776058725378,9111.271618053073,0.0,0.0,0.0,0.0
tubeBe,"nTOF 5 ns, no veto, strict",14.0,oracle: IPC only,"MM occ ÷10, DAQ 10 µs",False,2000000000000.0002,0.0057857489921691145,0.22960848747199994,335523.9699586223,1.691698873564273,21124.39324070513,2870.369364353061,4265.808222686308,0.0,0.0,0.0,0.0
tubeBe,"nTOF 5 ns, no veto, strict",14.0,oracle: IPC only,"no MM loss, DREAM",False,1000000000.0,0.022842712603018612,0.9996564835379222,1.153135926803617,0.0,1355.2145909331202,184.14571247627686,273.6687146292678,0.0,0.0,0.0,0.0
tubeBe,"nTOF 5 ns, no veto, strict",14.0,oracle: IPC only,"no MM loss, DREAM",False,1242553630.827767,0.020493202019770555,0.9995657188159682,1.4579525708714747,0.0,1683.773916844476,228.79014854231212,340.01718003333957,0.0,0.0,0.0,0.0
tubeBe,"nTOF 5 ns, no veto, strict",14.0,oracle: IPC only,"no MM loss, DREAM",False,1543939525.4832668,0.01838559251574931,0.999448894518847,1.8503669995868215,0.0,2091.9348702890647,284.25080405761236,422.4402031016837,0.0,0.0,0.0,0.0
tubeBe,"nTOF 5 ns, no veto, strict",14.0,oracle: IPC only,"no MM loss, DREAM",False,1918427663.1677406,0.016495024155854604,0.9992974944466279,2.359058437466118,0.0,2598.9475110752296,353.1433651299971,524.8250937552023,0.0,0.0,0.0,0.0
tubeBe,"nTOF 5 ns, no veto, strict",14.0,oracle: IPC only,"no MM loss, DREAM",False,2383749258.3495045,0.014799204084230508,0.999099747109748,3.0237049523170882,0.0,3228.692625550803,438.71273809823856,651.9942794883098,0.0,0.0,0.0,0.0
tubeBe,"nTOF 5 ns, no veto, strict",14.0,oracle: IPC only,"no MM loss, DREAM",False,2961936295.9451733,0.01327814554350229,0.998839193680403,3.8998501908710983,0.0,4010.77750839311,544.9819436775264,809.9265848592739,0.0,0.0,0.0,0.0
tubeBe,"nTOF 5 ns, no veto, strict",14.0,oracle: IPC only,"no MM loss, DREAM",False,3680364698.807223,0.011913934923029256,0.9984925640943906,5.066146641718222,0.0,4981.87668257458,676.9342931513048,1006.0279731957141,0.0,0.0,0.0,0.0
tubeBe,"nTOF 5 ns, no veto, strict",14.0,oracle: IPC only,"no MM loss, DREAM",False,4573050519.273255,0.010690524394728528,0.9980266116293708,6.635202457638874,0.0,6187.360243952412,840.7346468174466,1249.460370512092,0.0,0.0,0.0,0.0
tubeBe,"nTOF 5 ns, no veto, strict",14.0,oracle: IPC only,"no MM loss, DREAM",False,5682260526.681813,0.009593548110939388,0.9973933789382703,8.76991037581238,0.0,7683.248936865569,1043.995068439703,1551.536468686423,0.0,0.0,0.0,0.0
tubeBe,"nTOF 5 ns, no veto, strict",14.0,oracle: IPC only,"no MM loss, DREAM",False,7060513448.737786,0.00861016037005515,0.9965231054628723,11.708139298209307,0.0,9538.518780347706,1296.087976418605,1926.1851160320862,0.0,0.0,0.0,0.0
tubeBe,"nTOF 5 ns, no veto, strict",14.0,oracle: IPC only,"no MM loss, DREAM",False,8773066621.237415,0.007728894617699631,0.9953136027429951,15.80021135913631,0.0,11837.735954697366,1608.5041705335077,2390.4833998371337,0.0,0.0,0.0,0.0
tubeBe,"nTOF 5 ns, no veto, strict",14.0,oracle: IPC only,"no MM loss, DREAM",False,10901005783.71244,0.00693954265892791,0.9936143813527087,21.5659625065952,0.0,14683.910224051846,1995.2405532203675,2965.2328595288463,0.0,0.0,0.0,0.0
tubeBe,"nTOF 5 ns, no veto, strict",14.0,oracle: IPC only,"no MM loss, DREAM",False,13545084316.226381,0.006233054019205132,0.9912030829229593,29.781844378623745,0.0,18201.26776361274,2473.176899603912,3675.519424611068,0.0,0.0,0.0,0.0
tubeBe,"nTOF 5 ns, no veto, strict",14.0,oracle: IPC only,"no MM loss, DREAM",False,16830493696.995401,0.005601455999119865,0.9877508799886222,41.614166487865184,0.0,22537.28322994851,3062.3519739416115,4551.123765963157,0.0,0.0,0.0,0.0
tubeBe,"nTOF 5 ns, no veto, strict",14.0,oracle: IPC only,"no MM loss, DREAM",False,20912791051.82548,0.00503779556423262,0.9827726477990746,58.823276007915695,0.0,27862.644953706942,3785.95880003118,5626.514266941604,0.0,0.0,0.0,0.0
tubeBe,"nTOF 5 ns, no veto, strict",14.0,oracle: IPC only,"no MM loss, DREAM",False,25985264452.18819,0.004536104639794258,0.9755574923117615,84.07688785786398,0.0,34366.657240568034,4669.719928734673,6939.9185752974345,0.0,0.0,0.0,0.0
tubeBe,"nTOF 5 ns, no veto, strict",14.0,oracle: IPC only,"no MM loss, DREAM",False,32288084693.086143,0.004091390277188031,0.9650771592690978,121.43147268813195,0.0,42243.66624201167,5740.042993773504,8530.582476771493,0.0,0.0,0.0,0.0
tubeBe,"nTOF 5 ns, no veto, strict",14.0,oracle: IPC only,"no MM loss, DREAM",False,40119676867.86863,0.0036996497835057743,0.9498772415658329,177.07254010667228,0.0,51663.30562631196,7019.977712080546,10432.761378784146,0.0,0.0,0.0,0.0
tubeBe,"nTOF 5 ns, no veto, strict",14.0,oracle: IPC only,"no MM loss, DREAM",False,49850850159.80715,0.0033579069158251643,0.9279749723496661,260.45392479374607,0.0,62714.23288088362,8521.57080769165,12664.358557160022,0.0,0.0,0.0,0.0
tubeBe,"nTOF 5 ns, no veto, strict",14.0,oracle: IPC only,"no MM loss, DREAM",False,61942354865.91934,0.0030642566016622504,0.8968259488410183,386.05221964410157,0.0,75310.08874944737,10233.087838782729,15207.934835240014,0.0,0.0,0.0,0.0
tubeBe,"nTOF 5 ns, no veto, strict",14.0,oracle: IPC only,"no MM loss, DREAM",False,76966697940.67009,0.0028178902710379937,0.8534834980649726,576.0698537120426,0.0,89054.37601447171,12100.653010992002,17983.422536213453,0.0,0.0,0.0,0.0
tubeBe,"nTOF 5 ns, no veto, strict",14.0,oracle: IPC only,"no MM loss, DREAM",False,95635249979.00362,0.002619052358725658,0.7951330027818038,864.6014473331543,0.0,103089.64850030102,14007.757073325154,20817.671079850912,0.0,0.0,0.0,0.0
tubeBe,"nTOF 5 ns, no veto, strict",14.0,oracle: IPC only,"no MM loss, DREAM",False,118831927096.53207,0.002468860300141909,0.7201450269504857,1304.057672652278,0.0,116013.99651657186,15763.909412349816,23427.58225753297,0.0,0.0,0.0,0.0
tubeBe,"nTOF 5 ns, no veto, strict",14.0,oracle: IPC only,"no MM loss, DREAM",False,147655042472.05704,0.0023689305207872397,0.6294963393298078,1975.0724461017,0.0,126008.19006720227,17121.914192050037,25445.785220411282,0.0,0.0,0.0,0.0
tubeBe,"nTOF 5 ns, no veto, strict",14.0,oracle: IPC only,"no MM loss, DREAM",True,183469309133.68265,0.0023208247083688596,0.5278348171999061,3001.785540698599,0.0,131286.09817304896,17839.073050165825,26511.59305403557,0.0,0.0,0.0,0.0
tubeBe,"nTOF 5 ns, no veto, strict",14.0,oracle: IPC only,"no MM loss, DREAM",False,227970456209.51935,0.0023254624990451615,0.42310571293722266,4575.4212485082,0.0,130762.95898303678,17767.989223653356,26405.951607536495,0.0,0.0,0.0,0.0
tubeBe,"nTOF 5 ns, no veto, strict",14.0,oracle: IPC only,"no MM loss, DREAM",False,283265518084.60077,0.0023827500101038634,0.32433623223353036,6990.671576035082,0.0,124550.78242660829,16923.88255179094,25151.479891675408,0.0,0.0,0.0,0.0
tubeBe,"nTOF 5 ns, no veto, strict",14.0,oracle: IPC only,"no MM loss, DREAM",False,351972597984.32916,0.0024916186317866028,0.23871194155052644,10701.843810856244,0.0,113904.34229194278,15477.250913487715,23001.563851422896,0.0,0.0,0.0,0.0
tubeBe,"nTOF 5 ns, no veto, strict",14.0,oracle: IPC only,"no MM loss, DREAM",False,437344829577.31195,0.0026504526245021004,0.1697782490205061,16409.51680327458,0.0,100661.48397048151,13677.819593058388,20327.33348296411,0.0,0.0,0.0,0.0
tubeBe,"nTOF 5 ns, no veto, strict",14.0,oracle: IPC only,"no MM loss, DREAM",False,543424405915.04004,0.0028576870769194294,0.11753782703519766,25194.29305704836,0.0,86591.26386342906,11765.966869773269,17486.02770230789,0.0,0.0,0.0,0.0
tubeBe,"nTOF 5 ns, no veto, strict",14.0,oracle: IPC only,"no MM loss, DREAM",False,675233968650.1552,0.0031123365530395073,0.07974780710635697,38723.25420694214,0.0,73001.25284081625,9919.364657059203,14741.694167797139,0.0,0.0,0.0,0.0
tubeBe,"nTOF 5 ns, no veto, strict",14.0,oracle: IPC only,"no MM loss, DREAM",False,839014419404.4929,0.0034143330992479643,0.05332918384848223,59568.65408314039,0.0,60658.49681256038,8242.238674244127,12249.228251451257,0.0,0.0,0.0,0.0
tubeBe,"nTOF 5 ns, no veto, strict",14.0,oracle: IPC only,"no MM loss, DREAM",False,1042520413147.9036,0.0037646772312380805,0.03530254994758727,91699.88485485595,0.0,49893.95435586187,6779.559366161247,10075.46291760219,0.0,0.0,0.0,0.0
tubeBe,"nTOF 5 ns, no veto, strict",14.0,oracle: IPC only,"no MM loss, DREAM",False,1295387524568.9966,0.004165464801277037,0.0232070260794166,141242.94773180102,0.0,40754.58567239154,5537.707655693595,8229.881194337124,0.0,0.0,0.0,0.0
tubeBe,"nTOF 5 ns, no veto, strict",14.0,oracle: IPC only,"no MM loss, DREAM",False,1609588471982.2002,0.00461985534568717,0.015183592191901471,217652.91141700774,0.0,33131.9246857604,4501.9452401031485,6690.579707898985,0.0,0.0,0.0,0.0
tubeBe,"nTOF 5 ns, no veto, strict",14.0,oracle: IPC only,"no MM loss, DREAM",False,2000000000000.0002,0.0051320273734901676,0.009902348676966112,335523.9699586223,0.0,26848.83784084951,3648.203322515176,5421.788542090407,0.0,0.0,0.0,0.0
tubeBe,"nTOF 5 ns, no veto, strict",14.0,oracle: IPC only,"no MM loss, no dead time",False,1000000000.0,0.02283878884211173,1.0,1.153135926803617,0.0,1355.680289429854,184.2089912972502,273.7627566428784,0.0,0.0,0.0,0.0
tubeBe,"nTOF 5 ns, no veto, strict",14.0,oracle: IPC only,"no MM loss, no dead time",False,1242553630.827767,0.020488751630519123,1.0,1.4579525708714747,0.0,1684.5054658727029,228.88955096751874,340.164907252027,0.0,0.0,0.0,0.0
tubeBe,"nTOF 5 ns, no veto, strict",14.0,oracle: IPC only,"no MM loss, no dead time",False,1543939525.4832668,0.018380525617149368,1.0,1.8503669995868215,0.0,2093.088382769347,284.4075426132278,422.6731405861969,0.0,0.0,0.0,0.0
tubeBe,"nTOF 5 ns, no veto, strict",14.0,oracle: IPC only,"no MM loss, no dead time",False,1918427663.1677406,0.016489229214895006,1.0,2.359058437466118,0.0,2600.7745696534803,353.3916247088704,525.1940454887562,0.0,0.0,0.0,0.0
tubeBe,"nTOF 5 ns, no veto, strict",14.0,oracle: IPC only,"no MM loss, no dead time",False,2383749258.3495045,0.014792541071168529,1.0,3.0237049523170882,0.0,3231.601884487456,439.1080463861305,652.5817681111774,0.0,0.0,0.0,0.0
tubeBe,"nTOF 5 ns, no veto, strict",14.0,oracle: IPC only,"no MM loss, no dead time",False,2961936295.9451733,0.01327043662808355,1.0,3.8998501908710983,0.0,4015.438654959742,545.6152973627741,810.8678453785473,0.0,0.0,0.0,0.0
tubeBe,"nTOF 5 ns, no veto, strict",14.0,oracle: IPC only,"no MM loss, no dead time",False,3680364698.807223,0.011904951789738048,1.0,5.066146641718222,0.0,4989.397880086393,677.9562687732864,1007.5467853966023,0.0,0.0,0.0,0.0
tubeBe,"nTOF 5 ns, no veto, strict",14.0,oracle: IPC only,"no MM loss, no dead time",False,4573050519.273255,0.010679970907366809,1.0,6.635202457638874,0.0,6199.59445154571,842.3970233066926,1251.9309164233932,0.0,0.0,0.0,0.0
tubeBe,"nTOF 5 ns, no veto, strict",14.0,oracle: IPC only,"no MM loss, no dead time",False,5682260526.681813,0.009581036580133085,1.0,8.76991037581238,0.0,7703.328595427835,1046.7234799082385,1555.5913057474274,0.0,0.0,0.0,0.0
tubeBe,"nTOF 5 ns, no veto, strict",14.0,oracle: IPC only,"no MM loss, no dead time",False,7060513448.737786,0.008595179026801425,1.0,11.708139298209307,0.0,9571.798915708217,1300.6100604326568,1932.905625040573,0.0,0.0,0.0,0.0
tubeBe,"nTOF 5 ns, no veto, strict",14.0,oracle: IPC only,"no MM loss, no dead time",False,8773066621.237415,0.007710763014510986,1.0,15.80021135913631,0.0,11893.473496266532,1616.0777528817193,2401.7389024415784,0.0,0.0,0.0,0.0
tubeBe,"nTOF 5 ns, no veto, strict",14.0,oracle: IPC only,"no MM loss, no dead time",False,10901005783.71244,0.006917350538081377,1.0,21.5659625065952,0.0,14778.278675939795,2008.0632795431593,2984.2893935290795,0.0,0.0,0.0,0.0
tubeBe,"nTOF 5 ns, no veto, strict",14.0,oracle: IPC only,"no MM loss, no dead time",False,13545084316.226381,0.006205577629171805,1.0,29.781844378623745,0.0,18362.803826173556,2495.1263189282663,3708.1396213703524,0.0,0.0,0.0,0.0
tubeBe,"nTOF 5 ns, no veto, strict",14.0,oracle: IPC only,"no MM loss, no dead time",False,16830493696.995401,0.005567043841377817,1.0,41.614166487865184,0.0,22816.768566390056,3100.32826695825,4607.56235015005,0.0,0.0,0.0,0.0
tubeBe,"nTOF 5 ns, no veto, strict",14.0,oracle: IPC only,"no MM loss, no dead time",False,20912791051.82548,0.004994213106952775,1.0,58.823276007915695,0.0,28351.05862592483,3852.3241448669323,5725.143327444266,0.0,0.0,0.0,0.0
tubeBe,"nTOF 5 ns, no veto, strict",14.0,oracle: IPC only,"no MM loss, no dead time",False,25985264452.18819,0.004480324795050618,1.0,84.07688785786398,0.0,35227.71083345378,4786.71935332988,7113.797628525235,0.0,0.0,0.0,0.0
tubeBe,"nTOF 5 ns, no veto, strict",14.0,oracle: IPC only,"no MM loss, no dead time",False,32288084693.086143,0.004019313921786795,1.0,121.43147268813195,0.0,43772.32000185866,5947.7555122335825,8839.275072297989,0.0,0.0,0.0,0.0
tubeBe,"nTOF 5 ns, no veto, strict",14.0,oracle: IPC only,"no MM loss, no dead time",False,40119676867.86863,0.0036057395704247423,1.0,177.07254010667228,0.0,54389.45514806436,7390.4052070017015,10983.273334969239,0.0,0.0,0.0,0.0
tubeBe,"nTOF 5 ns, no veto, strict",14.0,oracle: IPC only,"no MM loss, no dead time",False,49850850159.80715,0.00323472067689279,1.0,260.45392479374607,0.0,67581.81497297164,9182.974823248438,13647.30616073988,0.0,0.0,0.0,0.0
tubeBe,"nTOF 5 ns, no veto, strict",14.0,oracle: IPC only,"no MM loss, no dead time",False,61942354865.91934,0.002901878422762852,1.0,386.05221964410157,0.0,83974.02957259626,11410.338708427322,16957.509821045496,0.0,0.0,0.0,0.0
tubeBe,"nTOF 5 ns, no veto, strict",14.0,oracle: IPC only,"no MM loss, no dead time",False,76966697940.67009,0.002603284555804546,1.0,576.0698537120426,0.0,104342.23534066777,14177.95779113098,21070.6153979376,0.0,0.0,0.0,0.0
tubeBe,"nTOF 5 ns, no veto, strict",14.0,oracle: IPC only,"no MM loss, no dead time",False,95635249979.00362,0.0023354150281864883,1.0,864.6014473331543,0.0,129650.82337123205,17616.87293109262,26181.369666482813,0.0,0.0,0.0,0.0
tubeBe,"nTOF 5 ns, no veto, strict",14.0,oracle: IPC only,"no MM loss, no dead time",False,118831927096.53207,0.00209510840515615,1.0,1304.057672652278,0.0,161098.1013197339,21889.909424360547,32531.75593913219,0.0,0.0,0.0,0.0
tubeBe,"nTOF 5 ns, no veto, strict",14.0,oracle: IPC only,"no MM loss, no dead time",False,147655042472.05704,0.0018795285533314745,1.0,1975.0724461017,0.0,200173.03071429566,27199.386433730262,40422.45145937163,0.0,0.0,0.0,0.0
tubeBe,"nTOF 5 ns, no veto, strict",14.0,oracle: IPC only,"no MM loss, no dead time",False,183469309133.68265,0.0016861311682461713,1.0,3001.785540698599,0.0,248725.72610784622,33796.69636951906,50227.063827801394,0.0,0.0,0.0,0.0
tubeBe,"nTOF 5 ns, no veto, strict",14.0,oracle: IPC only,"no MM loss, no dead time",False,227970456209.51935,0.0015126337461018606,1.0,4575.4212485082,0.0,309055.054055577,41994.207783929516,62409.82052505263,0.0,0.0,0.0,0.0
tubeBe,"nTOF 5 ns, no veto, strict",14.0,oracle: IPC only,"no MM loss, no dead time",False,283265518084.60077,0.0013569886453294582,1.0,6990.671576035082,0.0,384017.47954242915,52180.0553556573,77547.54909271345,0.0,0.0,0.0,0.0
tubeBe,"nTOF 5 ns, no veto, strict",14.0,oracle: IPC only,"no MM loss, no dead time",False,351972597984.32916,0.0012173589200284033,1.0,10701.843810856244,0.0,477162.31350677303,64836.51723896585,96356.98868694561,0.0,0.0,0.0,0.0
tubeBe,"nTOF 5 ns, no veto, strict",14.0,oracle: IPC only,"no MM loss, no dead time",False,437344829577.31195,0.001092096640066517,1.0,16409.51680327458,0.0,592899.7651420204,80562.84990550442,119728.72614859478,0.0,0.0,0.0,0.0
tubeBe,"nTOF 5 ns, no veto, strict",14.0,oracle: IPC only,"no MM loss, no dead time",False,543424405915.04004,0.0009797234419712069,1.0,25194.29305704836,0.0,736709.7558941479,100103.66165991698,148769.36339031986,0.0,0.0,0.0,0.0
tubeBe,"nTOF 5 ns, no veto, strict",14.0,oracle: IPC only,"no MM loss, no dead time",False,675233968650.1552,0.0008789130810707799,1.0,38723.25420694214,0.0,915401.3820525113,124384.16825468416,184853.9126365775,0.0,0.0,0.0,0.0
tubeBe,"nTOF 5 ns, no veto, strict",14.0,oracle: IPC only,"no MM loss, no dead time",False,839014419404.4929,0.0007884757789637888,1.0,59568.65408314039,0.0,1137435.3109341038,154553.9998823497,229690.90031929815,0.0,0.0,0.0,0.0
tubeBe,"nTOF 5 ns, no veto, strict",14.0,oracle: IPC only,"no MM loss, no dead time",False,1042520413147.9036,0.0007073441815829419,1.0,91699.88485485595,0.0,1413324.3754328806,192041.63371276783,285403.26215984265,0.0,0.0,0.0,0.0
tubeBe,"nTOF 5 ns, no veto, strict",14.0,oracle: IPC only,"no MM loss, no dead time",False,1295387524568.9966,0.0006345607621286481,1.0,141242.94773180102,0.0,1756131.3342315191,238622.02923989674,354628.859646803,0.0,0.0,0.0,0.0
tubeBe,"nTOF 5 ns, no veto, strict",14.0,oracle: IPC only,"no MM loss, no dead time",False,1609588471982.2002,0.0005692665201997922,1.0,217652.91141700774,0.0,2182087.3655597856,296500.66882752336,440645.3771504456,0.0,0.0,0.0,0.0
tubeBe,"nTOF 5 ns, no veto, strict",14.0,oracle: IPC only,"no MM loss, no dead time",True,2000000000000.0002,0.0005106908437472552,1.0,335523.9699586223,0.0,2711360.5788597087,368417.9825945005,547525.5132857569,0.0,0.0,0.0,0.0
