variant,hw,ecut,scenario,knobs,best,R,reach3,live,trig_Hz,occ,X17,M1,E0,G,WALL,ACC,COS
tubeMy,"nTOF 5 ns + veto, per-arm coinc (strict)",14.0,as is,MM occ + DREAM,False,1000000000.0,0.02618193864310891,0.9999630082867755,0.12413785792627809,0.005060247802405994,1341.9796828246674,182.34736142582733,270.9960897073483,0.0,0.0,3.3054937603056125,116.87963459495401
tubeMy,"nTOF 5 ns + veto, per-arm coinc (strict)",14.0,as is,MM occ + DREAM,False,1242553630.827767,0.023285634895843572,0.9999525261914726,0.15931564562762435,0.006287629279767796,1663.3760384231693,226.01849755801325,335.8980824335422,0.0,0.0,5.090916625929714,116.59185247511152
tubeMy,"nTOF 5 ns + veto, per-arm coinc (strict)",14.0,as is,MM occ + DREAM,False,1543939525.4832668,0.020734895813240794,0.9999386805885492,0.20578245554249144,0.007812716590874453,2060.51080548521,279.98092175194574,416.0945044345992,0.0,0.0,7.836020846693296,116.2351593299246
tubeMy,"nTOF 5 ns + veto, per-arm coinc (strict)",14.0,as is,MM occ + DREAM,False,1918427663.1677406,0.01848759129612007,0.9999202091601176,0.26777586231057127,0.009707719366619424,2550.562898473464,346.5688941790121,515.0544236139938,0.0,0.0,12.052353662742943,115.79332214757368
tubeMy,"nTOF 5 ns + veto, per-arm coinc (strict)",14.0,as is,MM occ + DREAM,False,2383749258.3495045,0.016508014983915444,0.9998953006610704,0.3513768524463909,0.012062361946049998,3154.2429825236586,428.59656708697577,636.9601009544009,0.0,0.0,18.520218978085317,115.24642944021548
tubeMy,"nTOF 5 ns + veto, per-arm coinc (strict)",14.0,as is,MM occ + DREAM,False,2961936295.9451733,0.01476566311368788,0.9998613298613671,0.4654005728427863,0.014988131632423112,3896.316627807397,529.4290706881604,786.8126350281565,0.0,0.0,28.426301396726053,114.57013704741648
tubeMy,"nTOF 5 ns + veto, per-arm coinc (strict)",14.0,as is,MM occ + DREAM,False,3680364698.807223,0.013234258473442718,0.9998144565904481,0.622744437239696,0.018623557379191847,4806.083742741602,653.0476582446117,970.5287775651047,0.0,0.0,43.568498299710505,113.73480354868349
tubeMy,"nTOF 5 ns + veto, per-arm coinc (strict)",14.0,as is,MM occ + DREAM,False,4573050519.273255,0.011890980636032826,0.9997490171460343,0.8424357791034679,0.023140768840444078,5917.720516363222,804.0961689844764,1195.0099844580936,0.0,0.0,66.65778072706391,112.70452567558354
tubeMy,"nTOF 5 ns + veto, per-arm coinc (strict)",14.0,as is,MM occ + DREAM,False,5682260526.681813,0.010715868612548123,0.9996565980548751,1.15275137761892,0.02875364634283997,7270.330613818264,987.8879845130898,1468.152754054616,0.0,0.0,101.75733007062429,111.4361047982126
tubeMy,"nTOF 5 ns + veto, per-arm coinc (strict)",14.0,as is,MM occ + DREAM,False,7060513448.737786,0.009691367522506268,0.9995246235372258,1.5959817215888719,0.03572794766283335,8907.465785997774,1210.3408895496216,1798.7518202410583,0.0,0.0,154.9104973872697,109.87800932982313
tubeMy,"nTOF 5 ns + veto, per-arm coinc (strict)",14.0,as is,MM occ + DREAM,False,8773066621.237415,0.008802000663090089,0.9993341984271341,2.2357220132260447,0.044393891090478005,10875.754985033274,1477.7907969965224,2196.2233193841034,0.0,0.0,235.01806338248042,107.96945074246968
tubeMy,"nTOF 5 ns + veto, per-arm coinc (strict)",14.0,as is,MM occ + DREAM,False,10901005783.71244,0.008034161991040744,0.9990568119593463,3.168048604662144,0.055161790561045906,13222.12061850417,1796.6134942992792,2670.042647524704,0.0,0.0,355.0243047809622,105.63977049099626
tubeMy,"nTOF 5 ns + veto, per-arm coinc (strict)",14.0,as is,MM occ + DREAM,False,13545084316.226381,0.0073760341883590775,0.9986493017633231,4.538674798425887,0.06854148314458842,15988.864478328645,2172.5569225322506,3228.752124896283,0.0,0.0,533.4451060305396,102.80845035836745
tubeMy,"nTOF 5 ns + veto, per-arm coinc (strict)",14.0,as is,MM occ + DREAM,False,16830493696.995401,0.006817635069933046,0.9980461693010998,6.569314183091345,0.0851664687436289,19205.69884188776,2609.6583673948653,3878.351776007128,0.0,0.0,796.1911959743533,99.38621775869449
tubeMy,"nTOF 5 ns + veto, per-arm coinc (strict)",14.0,as is,MM occ + DREAM,False,20912791051.82548,0.006350982267308198,0.9971478853667582,9.598229725418525,0.10582390496217563,22877.64816397718,3108.600548667696,4619.856226950288,0.0,0.0,1178.4570960653336,95.27792334544164
tubeMy,"nTOF 5 ns + veto, per-arm coinc (strict)",14.0,as is,MM occ + DREAM,False,25985264452.18819,0.005970362066322591,0.995803178620207,14.142647385697286,0.13149187733912385,26967.801168846334,3664.3679852476225,5445.811705122098,0.0,0.0,1726.0885807372883,90.38810904943371
tubeMy,"nTOF 5 ns + veto, per-arm coinc (strict)",14.0,as is,MM occ + DREAM,False,32288084693.086143,0.0056727140720766065,0.9937824256377389,20.994880729683885,0.16338570961208776,31374.430659731453,4263.138049152623,6335.6756696087905,0.0,0.0,2495.218250131563,84.63041572336019
tubeMy,"nTOF 5 ns + veto, per-arm coinc (strict)",14.0,as is,MM occ + DREAM,False,40119676867.86863,0.0054582040593757035,0.9907381902772225,31.370445495682063,0.2030155067038708,35903.48318752073,4878.542878876301,7250.261442268681,0.0,0.0,3548.0065359897326,77.94209262587947
tubeMy,"nTOF 5 ns + veto, per-arm coinc (strict)",14.0,as is,MM occ + DREAM,False,49850850159.80715,0.005331149657975112,0.9861479361680406,47.13637170741401,0.25225765496923463,40240.53128826831,5467.858266933142,8126.07431128425,0.0,0.0,4941.1345038964755,70.30464848851392
tubeMy,"nTOF 5 ns + veto, per-arm coinc (strict)",14.0,as is,MM occ + DREAM,True,61942354865.91934,0.005301603252920648,0.9792337353293927,71.16324673122963,0.31344366508612054,43931.663890677286,5969.40706035855,8871.452586861935,0.0,0.0,6702.792346616461,61.77074577503578
tubeMy,"nTOF 5 ns + veto, per-arm coinc (strict)",14.0,as is,MM occ + DREAM,False,76966697940.67009,0.005388144531758655,0.9688563849081016,107.86818057258503,0.38947056411272174,46390.56996646667,6303.521682697964,9367.998056234459,0.0,0.0,8794.739171501938,52.49521975798215
tubeMy,"nTOF 5 ns + veto, per-arm coinc (strict)",14.0,as is,MM occ + DREAM,False,95635249979.00362,0.0056229324696542024,0.9533909866559186,164.05240581920927,0.4839380635388009,46957.29377028388,6380.527759321835,9482.44087287627,0.0,0.0,11061.434655407535,42.76396513592302
tubeMy,"nTOF 5 ns + veto, per-arm coinc (strict)",14.0,as is,MM occ + DREAM,False,118831927096.53207,0.006061129120951326,0.9306154573653252,250.19360450556778,0.6013189979458956,45036.189554814926,6119.489317981614,9094.49779372579,0.0,0.0,13182.117529485871,33.0081666013613
tubeMy,"nTOF 5 ns + veto, per-arm coinc (strict)",14.0,as is,MM occ + DREAM,False,147655042472.05704,0.006799190806176145,0.8976925414769843,382.44009317476684,0.7471711041833903,40322.607305545396,5479.010704915896,8142.648541151893,0.0,0.0,14665.176360355821,23.78445628415081
tubeMy,"nTOF 5 ns + veto, per-arm coinc (strict)",14.0,as is,MM occ + DREAM,False,183469309133.68265,0.008012159968831256,0.8514006697246195,585.68837029931,0.9284001683526635,33071.702656727946,4493.762308398352,6678.418618881834,0.0,0.0,14945.497667568892,15.699507672691087
tubeMy,"nTOF 5 ns + veto, per-arm coinc (strict)",14.0,as is,MM occ + DREAM,False,227970456209.51935,0.010034279691608227,0.7888281559683555,898.3329813190715,1.153587000047712,24267.51555906188,3297.454862536318,4900.522643961091,0.0,0.0,13626.812680345198,9.27127904969492
tubeMy,"nTOF 5 ns + veto, per-arm coinc (strict)",14.0,as is,MM occ + DREAM,False,283265518084.60077,0.013545616526239482,0.7086568609276892,1379.5979329562579,1.4333937153849963,15479.503510694434,2103.345272273951,3125.8930188717572,0.0,0.0,10800.432299960195,4.759443990082538
tubeMy,"nTOF 5 ns + veto, per-arm coinc (strict)",14.0,as is,MM occ + DREAM,False,351972597984.32916,0.020040032490097767,0.6127397289635035,2120.8533565450116,1.7810685654573297,8297.087611688277,1127.4030843192331,1675.493546961972,0.0,0.0,7193.2462946415235,2.0530982204356043
tubeMy,"nTOF 5 ns + veto, per-arm coinc (strict)",14.0,as is,MM occ + DREAM,False,437344829577.31195,0.033113609910578864,0.5069967610349609,3263.084524919677,2.2130732127622164,3595.3029777815996,488.5275238630788,726.0266759338822,0.0,0.0,3873.0213575128364,0.7159857887637916
tubeMy,"nTOF 5 ns + veto, per-arm coinc (strict)",14.0,as is,MM occ + DREAM,False,543424405915.04004,0.062423300778018935,0.4004629405040205,5023.858948435001,2.749862155805364,1206.0320035070527,163.87487564023562,243.5431483764359,0.0,0.0,1614.3153362268936,0.19329142935337376
tubeMy,"nTOF 5 ns + veto, per-arm coinc (strict)",14.0,as is,MM occ + DREAM,False,675233968650.1552,0.1375314779117524,0.30246120178956765,7738.956958225625,3.4168512059718252,298.15492583161273,40.513105166444674,60.20867533350582,0.0,0.0,495.8915085146931,0.03845746125101267
tubeMy,"nTOF 5 ns + veto, per-arm coinc (strict)",14.0,as is,MM occ + DREAM,False,839014419404.4929,0.36438940423450117,0.2195804785509767,11926.640618550902,4.245620871978526,51.265004501937156,6.965856803983179,10.352329425444571,0.0,0.0,105.94508786282483,0.005321627594357321
tubeMy,"nTOF 5 ns + veto, per-arm coinc (strict)",14.0,as is,MM occ + DREAM,False,1042520413147.9036,1.2026316952500504,0.15433793963112216,18386.87334864883,5.275411629595067,5.708870958779816,0.7757178214970345,1.152835416417627,0.0,0.0,14.65970377955035,0.00047693430703340856
tubeMy,"nTOF 5 ns + veto, per-arm coinc (strict)",14.0,as is,MM occ + DREAM,False,1295387524568.9966,5.169834945820877,0.10582412781689544,28354.499460679963,6.554981874464405,0.376319545597219,0.051134064897452446,0.07599304716941574,0.0,0.0,1.200734216906689,2.5301715602006854e-05
tubeMy,"nTOF 5 ns + veto, per-arm coinc (strict)",14.0,as is,MM occ + DREAM,False,1609588471982.2002,30.64137553436438,0.07125933964088833,43735.732226599896,8.14491652812595,0.013095718186303203,0.0017794380107322412,0.0026445172500135727,0.0,0.0,0.0519199869365628,7.086101554669071e-07
tubeMy,"nTOF 5 ns + veto, per-arm coinc (strict)",14.0,as is,MM occ + DREAM,False,2000000000000.0002,269.171696107885,0.04737757496279311,67473.26239502954,10.120495604811989,0.0002080699267594305,2.8272411737849215e-05,4.2017131301731485e-05,0.0,0.0,0.0010250137962787658,9.06091847778683e-09
tubeMy,"nTOF 5 ns + veto, per-arm coinc (strict)",14.0,as is,"MM occ ÷10, DAQ 10 µs",False,1000000000.0,0.026062505478027107,0.9999987586229617,0.12413785792627809,0.0005060247802405993,1354.3072866204873,184.0224285327594,273.4854958189944,0.0,0.0,3.3358584654856736,117.95330645863979
tubeMy,"nTOF 5 ns + veto, per-arm coinc (strict)",14.0,as is,"MM occ ÷10, DAQ 10 µs",False,1242553630.827767,0.023153705560308675,0.9999984068460819,0.15931564562762435,0.0006287629279767797,1682.3858077472128,228.60153314485365,339.7368686826835,0.0,0.0,5.149097787898719,117.92431378837884
tubeMy,"nTOF 5 ns + veto, per-arm coinc (strict)",14.0,as is,"MM occ ÷10, DAQ 10 µs",False,1543939525.4832668,0.020589000818285682,0.9999979421796792,0.20578245554249144,0.0007812716590874453,2089.8160948784853,283.96290617769813,422.01234278562686,0.0,0.0,7.94746741518145,117.88829551963501
tubeMy,"nTOF 5 ns + veto, per-arm coinc (strict)",14.0,as is,"MM occ ÷10, DAQ 10 µs",False,1918427663.1677406,0.01832606311814528,0.9999973222485473,0.26777586231057127,0.0009707719366619425,2595.7229997616314,352.7052205459563,524.1739438396065,0.0,0.0,12.265751855156097,117.84355120085738
tubeMy,"nTOF 5 ns + veto, per-arm coinc (strict)",14.0,as is,"MM occ ÷10, DAQ 10 µs",False,2383749258.3495045,0.016328944974062527,0.9999964862438222,0.3513768524463909,0.001206236194605,3223.803802908837,438.0484479300261,651.0070426201204,0.0,0.0,18.928647128030203,117.78796990578545
tubeMy,"nTOF 5 ns + veto, per-arm coinc (strict)",14.0,as is,"MM occ ÷10, DAQ 10 µs",False,2961936295.9451733,0.014566845555068788,0.9999953460159313,0.4654005728427863,0.0014988131632423113,4003.4012613609702,543.9796638362216,808.4370436031663,0.0,0.0,29.207557223479753,117.71893174606738
tubeMy,"nTOF 5 ns + veto, per-arm coinc (strict)",14.0,as is,"MM occ ÷10, DAQ 10 µs",False,3680364698.807223,0.013013118163489759,0.9999937725944085,0.622744437239696,0.0018623557379191847,4970.817424269786,675.4315680377911,1003.7946936654649,0.0,0.0,45.06185536707435,117.63318607993989
tubeMy,"nTOF 5 ns + veto, per-arm coinc (strict)",14.0,as is,"MM occ ÷10, DAQ 10 µs",False,4573050519.273255,0.011644479395002192,0.9999915757131781,0.8424357791034679,0.002314076884044408,6170.9160838649,838.500224611806,1246.1396771072134,0.0,0.0,69.50980027968104,117.52670108240287
tubeMy,"nTOF 5 ns + veto, per-arm coinc (strict)",14.0,as is,"MM occ ÷10, DAQ 10 µs",False,5682260526.681813,0.01044038482382367,0.9999884726191058,1.15275137761892,0.002875364634283997,7659.067682334298,1040.7093346717652,1546.6533653831007,0.0,0.0,107.19818940602914,117.3944782212545
tubeMy,"nTOF 5 ns + veto, per-arm coinc (strict)",14.0,as is,"MM occ ÷10, DAQ 10 µs",False,7060513448.737786,0.009382541032719066,0.9999840404374959,1.5959817215888719,0.0035727947662833348,9503.494879913416,1291.3289506950628,1919.1124753762942,0.0,0.0,165.2760902072721,117.23032388432388
tubeMy,"nTOF 5 ns + veto, per-arm coinc (strict)",14.0,as is,"MM occ ÷10, DAQ 10 µs",False,8773066621.237415,0.008454532673084313,0.9999776432797017,2.2357220132260447,0.0044393891090478005,11788.07784715387,1601.7566578849583,2380.4555632470688,0.0,0.0,254.73277307667723,117.02656893412758
tubeMy,"nTOF 5 ns + veto, per-arm coinc (strict)",14.0,as is,"MM occ ÷10, DAQ 10 µs",False,10901005783.71244,0.007641554956800362,0.9999683205175749,3.168048604662144,0.005516179056104591,14615.67243723485,1985.968445352515,2951.4530880208567,0.0,0.0,392.4422636618331,116.7737253644675
tubeMy,"nTOF 5 ns + veto, per-arm coinc (strict)",14.0,as is,"MM occ ÷10, DAQ 10 µs",False,13545084316.226381,0.0069302485179008845,0.9999546153118792,4.538674798425887,0.006854148314458843,18111.97650891281,2461.044059665037,3657.4881673733944,0.0,0.0,604.2796373885836,116.46006758843491
tubeMy,"nTOF 5 ns + veto, per-arm coinc (strict)",14.0,as is,"MM occ ÷10, DAQ 10 µs",False,16830493696.995401,0.0063086253515098785,0.9999343111734746,6.569314183091345,0.00851664687436289,22429.941588158956,3047.7664586749106,4529.447457774565,0.0,0.0,929.8553604184195,116.07112437552152
tubeMy,"nTOF 5 ns + veto, per-arm coinc (strict)",14.0,as is,"MM occ ÷10, DAQ 10 µs",False,20912791051.82548,0.005766053445526821,0.9999040269144631,9.598229725418525,0.010582390496217564,27754.656060873433,3771.2853366967447,5604.707254462765,0.0,0.0,1429.6780486068517,115.58906639760464
tubeMy,"nTOF 5 ns + veto, per-arm coinc (strict)",14.0,as is,"MM occ ÷10, DAQ 10 µs",False,25985264452.18819,0.005293251807605195,0.9998585935247621,14.142647385697286,0.013149187733912385,34308.50287011385,4661.817949186532,6928.175024188445,0.0,0.0,2195.934131059503,114.99197429299808
tubeMy,"nTOF 5 ns + veto, per-arm coinc (strict)",14.0,as is,"MM occ ÷10, DAQ 10 µs",False,32288084693.086143,0.004882254047893599,0.9997900952619525,20.994880729683885,0.016338570961208776,42356.19051431538,5755.332721638648,8553.305352670244,0.0,0.0,3368.601034504756,114.25297403994512
tubeMy,"nTOF 5 ns + veto, per-arm coinc (strict)",14.0,as is,"MM occ ÷10, DAQ 10 µs",False,40119676867.86863,0.004526324298145463,0.9996863939246661,31.370445495682063,0.02030155067038708,52208.92928095969,7094.116713609325,10542.943282991624,0.0,0.0,5159.321767149747,113.3392317581304
tubeMy,"nTOF 5 ns + veto, per-arm coinc (strict)",14.0,as is,"MM occ ÷10, DAQ 10 µs",False,49850850159.80715,0.004219835718313284,0.9995288583619997,47.13637170741401,0.025225765496923465,64226.51643013674,8727.058952157116,12969.745392461233,0.0,0.0,7886.373420982714,112.21081125683224
tubeMy,"nTOF 5 ns + veto, per-arm coinc (strict)",14.0,as is,"MM occ ÷10, DAQ 10 µs",False,61942354865.91934,0.003958136004566614,0.9992888735933272,71.16324673122963,0.031344366508612054,78815.32572827805,10709.377250941829,15915.773803980062,0.0,0.0,12025.102518361302,110.81941855999764
tubeMy,"nTOF 5 ns + veto, per-arm coinc (strict)",14.0,as is,"MM occ ÷10, DAQ 10 µs",False,76966697940.67009,0.003737426158613324,0.9989224804949596,107.86818057258503,0.03894705641127218,96419.07039416424,13101.363085095269,19470.63087798618,0.0,0.0,18279.158369649704,109.10709424050464
tubeMy,"nTOF 5 ns + veto, per-arm coinc (strict)",14.0,as is,"MM occ ÷10, DAQ 10 µs",False,95635249979.00362,0.003554674711022286,0.9983621628530509,164.05240581920927,0.048393806353880096,117497.6190660433,15965.503118059685,23727.181360749,0.0,0.0,27678.17587238157,107.00497583772628
tubeMy,"nTOF 5 ns + veto, per-arm coinc (strict)",14.0,as is,"MM occ ÷10, DAQ 10 µs",False,118831927096.53207,0.00340758506752769,0.9975043080166747,250.19360450556778,0.06013189979458956,142487.01794036268,19361.047034759227,28773.479352998515,0.0,0.0,41706.028762262606,104.43235258573982
tubeMy,"nTOF 5 ns + veto, per-arm coinc (strict)",14.0,as is,"MM occ ÷10, DAQ 10 µs",False,147655042472.05704,0.0032946315479145936,0.9961901693879948,382.44009317476684,0.07471711041833903,171731.26097593844,23334.736519542268,34678.99015209741,0.0,0.0,62457.99557837804,101.29639282384831
tubeMy,"nTOF 5 ns + veto, per-arm coinc (strict)",14.0,as is,"MM occ ÷10, DAQ 10 µs",False,183469309133.68265,0.003215181827807242,0.9941772196443779,585.68837029931,0.09284001683526635,205373.6402015419,27906.04200381268,41472.64979931387,0.0,0.0,92810.80240928722,97.49316730315596
tubeMy,"nTOF 5 ns + veto, per-arm coinc (strict)",14.0,as is,"MM occ ÷10, DAQ 10 µs",False,227970456209.51935,0.003169732245142288,0.99109665189924,898.3329813190715,0.1153587000047712,243193.83730474493,33045.02677283531,49109.96775434901,0.0,0.0,136559.3794676118,92.9109501683805
tubeMy,"nTOF 5 ns + veto, per-arm coinc (strict)",14.0,as is,"MM occ ÷10, DAQ 10 µs",True,283265518084.60077,0.003160301913341275,0.9863917596727045,1379.5979329562579,0.14333937153849963,284378.9406979806,38641.23290763982,57426.78664259586,0.0,0.0,198418.2176399239,87.43727725349524
tubeMy,"nTOF 5 ns + veto, per-arm coinc (strict)",14.0,as is,"MM occ ÷10, DAQ 10 µs",False,351972597984.32916,0.003191069287554274,0.9792319268118505,2120.8533565450116,0.178106856545733,327227.6928652355,44463.49459914485,66079.5586888344,0.0,0.0,283693.44755273673,80.97185727585209
tubeMy,"nTOF 5 ns + veto, per-arm coinc (strict)",14.0,as is,"MM occ ÷10, DAQ 10 µs",False,437344829577.31195,0.0032694050688039395,0.9684002803138015,3263.084524919677,0.22130732127622166,368817.1333351775,50114.641803480925,74478.0284158484,0.0,0.0,397306.3308575977,73.44800361818871
tubeMy,"nTOF 5 ns + veto, per-arm coinc (strict)",14.0,as is,"MM occ ÷10, DAQ 10 µs",False,543424405915.04004,0.003407586718810581,0.9521645938481309,5023.858948435001,0.27498621558053643,404723.5327009374,54993.58093083563,81728.87874400696,0.0,0.0,541736.3750473884,64.86526883302031
tubeMy,"nTOF 5 ns + veto, per-arm coinc (strict)",14.0,as is,"MM occ ÷10, DAQ 10 µs",False,675233968650.1552,0.0036257317380749715,0.9281693718157463,7738.956958225625,0.34168512059718253,428997.60951528675,58291.92733264383,86630.72635178773,0.0,0.0,713509.1635275502,55.334182048794226
tubeMy,"nTOF 5 ns + veto, per-arm coinc (strict)",14.0,as is,"MM occ ÷10, DAQ 10 µs",False,839014419404.4929,0.0039569867211497675,0.8934423426573015,11926.640618550902,0.4245620871978526,434733.68667847634,59071.34191620964,87789.05572247691,0.0,0.0,898427.6716554378,45.128071394930814
tubeMy,"nTOF 5 ns + veto, per-arm coinc (strict)",14.0,as is,"MM occ ÷10, DAQ 10 µs",False,1042520413147.9036,0.004457043015307144,0.8446882426356546,18386.87334864883,0.5275411629595067,415644.33563385555,56477.49281486468,83934.19893563315,0.0,0.0,1067325.3751986471,34.72403643719146
tubeMy,"nTOF 5 ns + veto, per-arm coinc (strict)",14.0,as is,"MM occ ÷10, DAQ 10 µs",False,1295387524568.9966,0.005222294558313345,0.7790922828586461,28354.499460679963,0.6554981874464405,368797.01997237897,50111.90881230182,74473.9667726365,0.0,0.0,1176731.8656576513,24.79594117121971
tubeMy,"nTOF 5 ns + veto, per-arm coinc (strict)",14.0,as is,"MM occ ÷10, DAQ 10 µs",False,1609588471982.2002,0.006426114414215972,0.6957212270804705,43735.732226599896,0.8144916528125951,297748.0516062933,40457.81935074365,60126.51214916299,0.0,0.0,1180467.9002602857,16.111166271077487
tubeMy,"nTOF 5 ns + veto, per-arm coinc (strict)",14.0,as is,"MM occ ÷10, DAQ 10 µs",False,2000000000000.0002,0.008395386397060903,0.5971102405835017,67473.26239502954,1.012049560481199,213888.14693387455,29062.9878624976,43192.04843088802,0.0,0.0,1053676.0640147848,9.314287234663478
tubeMy,"nTOF 5 ns + veto, per-arm coinc (strict)",14.0,as is,"no MM loss, DREAM",False,1000000000.0,0.026049786189700736,0.9999630082867755,0.12413785792627809,0.0,1355.6301404933631,184.20217709107072,273.7526296894932,0.0,0.0,3.3391168495570205,118.06852033204123
tubeMy,"nTOF 5 ns + veto, per-arm coinc (strict)",14.0,as is,"no MM loss, DREAM",False,1242553630.827767,0.023139682783304936,0.9999525261914726,0.15931564562762435,0.0,1684.4254959827526,228.87868470880224,340.1487583283524,0.0,0.0,5.155340442902856,118.067282680776
tubeMy,"nTOF 5 ns + veto, per-arm coinc (strict)",14.0,as is,"no MM loss, DREAM",False,1543939525.4832668,0.02057353111781513,0.9999386805885492,0.20578245554249144,0.0,2092.9600358216,284.3901029101025,422.64722251797997,0.0,0.0,7.959423667342535,118.065647890452
tubeMy,"nTOF 5 ns + veto, per-arm coinc (strict)",14.0,as is,"no MM loss, DREAM",False,1918427663.1677406,0.01830898726956837,0.9999202091601176,0.26777586231057127,0.0,2600.567051666223,353.3634272943274,525.1521398147654,0.0,0.0,12.28864179319674,118.06346691555068
tubeMy,"nTOF 5 ns + veto, per-arm coinc (strict)",14.0,as is,"no MM loss, DREAM",False,2383749258.3495045,0.016310085480721194,0.9998953006610704,0.3513768524463909,0.0,3231.2635379064654,439.0620720639551,652.5134432314586,0.0,0.0,18.972447154356658,118.06052589713117
tubeMy,"nTOF 5 ns + veto, per-arm coinc (strict)",14.0,as is,"no MM loss, DREAM",False,2961936295.9451733,0.01454600366574428,0.9998613298613671,0.4654005728427863,0.0,4014.8818335247865,545.5396368138483,810.7554022220157,0.0,0.0,29.291315869326546,118.05651486670084
tubeMy,"nTOF 5 ns + veto, per-arm coinc (strict)",14.0,as is,"no MM loss, DREAM",False,3680364698.807223,0.012990070384579257,0.9998144565904481,0.622744437239696,0.0,4988.472130192111,677.8304784556514,1007.3598417307568,0.0,0.0,45.221900232318404,118.05098040423103
tubeMy,"nTOF 5 ns + veto, per-arm coinc (strict)",14.0,as is,"no MM loss, DREAM",False,4573050519.273255,0.011618973566307887,0.9997490171460343,0.8424357791034679,0.0,6198.03845963683,842.1855960976108,1251.6167032290211,0.0,0.0,69.81530936413397,118.04325378003668
tubeMy,"nTOF 5 ns + veto, per-arm coinc (strict)",14.0,as is,"no MM loss, DREAM",False,5682260526.681813,0.010412135953130086,0.9996565980548751,1.15275137761892,0.0,7700.68325740423,1046.3640330292305,1555.0571126672146,0.0,0.0,107.78065119950264,118.03234159103253
tubeMy,"nTOF 5 ns + veto, per-arm coinc (strict)",14.0,as is,"no MM loss, DREAM",False,7060513448.737786,0.009351227288380072,0.9995246235372258,1.5959817215888719,0.0,9567.248707797284,1299.9917810226798,1931.9867672016646,0.0,0.0,166.38483846689005,118.0167589785846
tubeMy,"nTOF 5 ns + veto, per-arm coinc (strict)",14.0,as is,"no MM loss, DREAM",False,8773066621.237415,0.008419792233827895,0.9993341984271341,2.2357220132260447,0.0,11885.554802905877,1615.0017657719775,2400.13982090272,0.0,0.0,256.8391873345179,117.99427493587878
tubeMy,"nTOF 5 ns + veto, per-arm coinc (strict)",14.0,as is,"no MM loss, DREAM",False,10901005783.71244,0.007602984810080476,0.9990568119593463,3.168048604662144,0.0,14764.3399802312,2006.1692982730183,2981.4746474632534,0.0,0.0,396.4341037469937,117.96152311452096
tubeMy,"nTOF 5 ns + veto, per-arm coinc (strict)",14.0,as is,"no MM loss, DREAM",False,13545084316.226381,0.006887406769372672,0.9986493017633231,4.538674798425887,0.0,18338.001219425096,2491.7561562090027,3703.1310437224156,0.0,0.0,611.8206216672464,117.91340720876647
tubeMy,"nTOF 5 ns + veto, per-arm coinc (strict)",14.0,as is,"no MM loss, DREAM",False,16830493696.995401,0.006261039208211616,0.9980461693010998,6.569314183091345,0.0,22772.188463515344,3094.2707504135997,4598.559953383232,0.0,0.0,944.0435423352458,117.84219361707478
tubeMy,"nTOF 5 ns + veto, per-arm coinc (strict)",14.0,as is,"no MM loss, DREAM",False,20912791051.82548,0.0057132359746381745,0.9971478853667582,9.598229725418525,0.0,28270.19815674993,3841.3368748013663,5708.814562382654,0.0,0.0,1456.2342853691027,117.73613063865774
tubeMy,"nTOF 5 ns + veto, per-arm coinc (strict)",14.0,as is,"no MM loss, DREAM",False,25985264452.18819,0.005234732244602636,0.995803178620207,14.142647385697286,0.0,35079.866423466774,4766.630347208757,7083.94229054632,0.0,0.0,2245.3056690912176,117.57735722951152
tubeMy,"nTOF 5 ns + veto, per-arm coinc (strict)",14.0,as is,"no MM loss, DREAM",False,32288084693.086143,0.004817629325683318,0.9937824256377389,20.994880729683885,0.0,43500.162347238416,5910.7749000477215,8784.3162222275,0.0,0.0,3459.5814709660203,117.33876108883494
tubeMy,"nTOF 5 ns + veto, per-arm coinc (strict)",14.0,as is,"no MM loss, DREAM",False,40119676867.86863,0.004455344122691711,0.9907381902772225,31.370445495682063,0.0,53885.710363557446,7321.956680200228,10881.548347207501,0.0,0.0,5325.022409881499,116.97931942791345
tubeMy,"nTOF 5 ns + veto, per-arm coinc (strict)",14.0,as is,"no MM loss, DREAM",False,49850850159.80715,0.00414254053584957,0.9861479361680406,47.13637170741401,0.0,66645.66735808639,9055.771669829528,13458.262804667023,0.0,0.0,8183.420943407201,116.43733486835688
tubeMy,"nTOF 5 ns + veto, per-arm coinc (strict)",14.0,as is,"no MM loss, DREAM",False,61942354865.91934,0.0038750772972313092,0.9792337353293927,71.16324673122963,0.0,82230.20264903433,11173.388594826849,16605.365683947246,0.0,0.0,12546.12104718465,115.62095520677684
tubeMy,"nTOF 5 ns + veto, per-arm coinc (strict)",14.0,as is,"no MM loss, DREAM",False,76966697940.67009,0.003650012232018272,0.9688563849081016,107.86818057258503,0.0,101092.64092538974,13736.404930894816,20414.4002622348,0.0,0.0,19165.17537378346,114.39567147222337
tubeMy,"nTOF 5 ns + veto, per-arm coinc (strict)",14.0,as is,"no MM loss, DREAM",False,95635249979.00362,0.0034657021611892995,0.9533909866559186,164.05240581920927,0.0,123607.92641465119,16795.767865566348,24961.08185833139,0.0,0.0,29117.54258273179,112.56962723573766
tubeMy,"nTOF 5 ns + veto, per-arm coinc (strict)",14.0,as is,"no MM loss, DREAM",False,118831927096.53207,0.0033220335429928966,0.9306154573653252,250.19360450556778,0.0,149920.38324034968,20371.088070636837,30274.55493219263,0.0,0.0,43881.7788866102,109.88045471551953
tubeMy,"nTOF 5 ns + veto, per-arm coinc (strict)",14.0,as is,"no MM loss, DREAM",False,147655042472.05704,0.00322080877966342,0.8976925414769843,382.44009317476684,0.0,179693.8366770665,24416.686334309932,36286.933183293346,0.0,0.0,65353.95357174094,105.99315095354089
tubeMy,"nTOF 5 ns + veto, per-arm coinc (strict)",14.0,as is,"no MM loss, DREAM",False,183469309133.68265,0.0031662889231800963,0.8514006697246195,585.68837029931,0.0,211765.24978596251,28774.52992348814,42763.35578129132,0.0,0.0,95699.24716604777,100.52733596247789
tubeMy,"nTOF 5 ns + veto, per-arm coinc (strict)",14.0,as is,"no MM loss, DREAM",True,227970456209.51935,0.0031658456250287736,0.7888281559683555,898.3329813190715,0.0,243791.3283833613,33126.21348754909,49230.623639093305,0.0,0.0,136894.88554719655,93.13921855069897
tubeMy,"nTOF 5 ns + veto, per-arm coinc (strict)",14.0,as is,"no MM loss, DREAM",False,283265518084.60077,0.0032306045147862126,0.7086568609276892,1379.5979329562579,0.0,272136.6215939009,36977.754231373154,54954.6027126782,0.0,0.0,189876.44893353275,83.67316220650231
tubeMy,"nTOF 5 ns + veto, per-arm coinc (strict)",14.0,as is,"no MM loss, DREAM",False,351972597984.32916,0.003375904647194422,0.6127397289635035,2120.8533565450116,0.0,292376.3066497384,39727.90999994145,59041.75513177842,0.0,0.0,253478.67623893422,72.34794942197423
tubeMy,"nTOF 5 ns + veto, per-arm coinc (strict)",14.0,as is,"no MM loss, DREAM",False,437344829577.31195,0.0036214379135515867,0.5069967610349609,3263.084524919677,0.0,300598.26054539334,40845.10396183645,60702.0763601794,0.0,0.0,323817.90639571485,59.86257180762452
tubeMy,"nTOF 5 ns + veto, per-arm coinc (strict)",14.0,as is,"no MM loss, DREAM",False,543424405915.04004,0.003991138225520021,0.4004629405040205,5023.858948435001,0.0,295024.9551433696,40087.806703549926,59576.616720198675,0.0,0.0,394901.05426112574,47.28381594248746
tubeMy,"nTOF 5 ns + veto, per-arm coinc (strict)",14.0,as is,"no MM loss, DREAM",False,675233968650.1552,0.004513178241551501,0.30246120178956765,7738.956958225625,0.0,276873.40213543363,37621.38501390756,55911.136571562965,0.0,0.0,460496.06146730954,35.71246761850587
tubeMy,"nTOF 5 ns + veto, per-arm coinc (strict)",14.0,as is,"no MM loss, DREAM",False,839014419404.4929,0.005220547156695517,0.2195804785509767,11926.640618550902,0.0,249758.58989568954,33937.04125613393,50435.63781091619,0.0,0.0,516155.14341745916,25.926501262014938
tubeMy,"nTOF 5 ns + veto, per-arm coinc (strict)",14.0,as is,"no MM loss, DREAM",False,1042520413147.9036,0.00615248388652879,0.15433793963112216,18386.87334864883,0.0,218129.5721347534,29639.310070623236,44048.55144575112,0.0,0.0,560130.8798437106,18.22312626800346
tubeMy,"nTOF 5 ns + veto, per-arm coinc (strict)",14.0,as is,"no MM loss, DREAM",False,1295387524568.9966,0.0073567198964238426,0.10582412781689544,28354.499460679963,0.0,185841.06677697142,25251.968122209797,37528.28977082314,0.0,0.0,592968.7426450793,12.494960396761396
tubeMy,"nTOF 5 ns + veto, per-arm coinc (strict)",14.0,as is,"no MM loss, DREAM",False,1609588471982.2002,0.008892337831620646,0.07125933964088833,43735.732226599896,0.0,155494.104708516,21128.441863731037,31400.098591550937,0.0,0.0,616480.2701407002,8.413796031967998
tubeMy,"nTOF 5 ns + veto, per-arm coinc (strict)",14.0,as is,"no MM loss, DREAM",False,2000000000000.0002,0.010833131022584128,0.04737757496279311,67473.26239502954,0.0,128457.68907608796,17454.75058801195,25940.431049737726,0.0,0.0,632820.4445100593,5.5940071046839375
tubeMy,"nTOF 5 ns + veto, per-arm coinc (strict)",14.0,as is,"no MM loss, no dead time",False,1000000000.0,0.026049304372134763,1.0,0.12413785792627809,0.0,1355.680289429854,184.20899129725018,273.7627566428784,0.0,0.0,3.3392403737793153,118.07288805045557
tubeMy,"nTOF 5 ns + veto, per-arm coinc (strict)",14.0,as is,"no MM loss, no dead time",False,1242553630.827767,0.023139133512350963,1.0,0.15931564562762435,0.0,1684.5054658727029,228.8895509675188,340.1649072520271,0.0,0.0,5.155585198167401,118.07288805045559
tubeMy,"nTOF 5 ns + veto, per-arm coinc (strict)",14.0,as is,"no MM loss, no dead time",False,1543939525.4832668,0.02057290032973532,1.0,0.20578245554249144,0.0,2093.0883827693465,284.40754261322775,422.67314058619684,0.0,0.0,7.959911764447132,118.07288805045557
tubeMy,"nTOF 5 ns + veto, per-arm coinc (strict)",14.0,as is,"no MM loss, no dead time",False,1918427663.1677406,0.018308256810261252,1.0,0.26777586231057127,0.0,2600.7745696534807,353.3916247088704,525.1940454887562,0.0,0.0,12.289622392489278,118.07288805045557
tubeMy,"nTOF 5 ns + veto, per-arm coinc (strict)",14.0,as is,"no MM loss, no dead time",False,2383749258.3495045,0.01630923163078734,1.0,0.3513768524463909,0.0,3231.6018844874566,439.1080463861306,652.5817681111774,0.0,0.0,18.97443376502842,118.07288805045557
tubeMy,"nTOF 5 ns + veto, per-arm coinc (strict)",14.0,as is,"no MM loss, no dead time",False,2961936295.9451733,0.014544995082605545,1.0,0.4654005728427863,0.0,4015.438654959742,545.6152973627741,810.8678453785473,0.0,0.0,29.29537826349165,118.07288805045559
tubeMy,"nTOF 5 ns + veto, per-arm coinc (strict)",14.0,as is,"no MM loss, no dead time",False,3680364698.807223,0.012988865217699232,1.0,0.622744437239696,0.0,4989.397880086393,677.9562687732865,1007.5467853966024,0.0,0.0,45.230292414988114,118.07288805045557
tubeMy,"nTOF 5 ns + veto, per-arm coinc (strict)",14.0,as is,"no MM loss, no dead time",False,4573050519.273255,0.01161751539323511,1.0,0.8424357791034679,0.0,6199.594451545711,842.3970233066926,1251.9309164233932,0.0,0.0,69.83283620866614,118.07288805045557
tubeMy,"nTOF 5 ns + veto, per-arm coinc (strict)",14.0,as is,"no MM loss, no dead time",False,5682260526.681813,0.010410348025752868,1.0,1.15275137761892,0.0,7703.328595427835,1046.7234799082385,1555.5913057474277,0.0,0.0,107.81767599915962,118.07288805045559
tubeMy,"nTOF 5 ns + veto, per-arm coinc (strict)",14.0,as is,"no MM loss, no dead time",False,7060513448.737786,0.009349004347489746,1.0,1.5959817215888719,0.0,9571.798915708217,1300.6100604326568,1932.905625040573,0.0,0.0,166.463971520851,118.07288805045557
tubeMy,"nTOF 5 ns + veto, per-arm coinc (strict)",14.0,as is,"no MM loss, no dead time",False,8773066621.237415,0.008416988811663237,1.0,2.2357220132260447,0.0,11893.473496266528,1616.0777528817193,2401.7389024415784,0.0,0.0,257.0103051999628,118.07288805045559
tubeMy,"nTOF 5 ns + veto, per-arm coinc (strict)",14.0,as is,"no MM loss, no dead time",False,10901005783.71244,0.0075993984420530455,1.0,3.168048604662144,0.0,14778.278675939795,2008.0632795431595,2984.28939352908,0.0,0.0,396.80836865474015,118.0728880504556
tubeMy,"nTOF 5 ns + veto, per-arm coinc (strict)",14.0,as is,"no MM loss, no dead time",False,13545084316.226381,0.006882753793560875,1.0,4.538674798425887,0.0,18362.803826173556,2495.1263189282663,3708.1396213703524,0.0,0.0,612.6481244085886,118.07288805045557
tubeMy,"nTOF 5 ns + veto, per-arm coinc (strict)",14.0,as is,"no MM loss, no dead time",False,16830493696.995401,0.006254919712329389,1.0,6.569314183091345,0.0,22816.768566390052,3100.328266958249,4607.5623501500495,0.0,0.0,945.8916544876173,118.07288805045556
tubeMy,"nTOF 5 ns + veto, per-arm coinc (strict)",14.0,as is,"no MM loss, no dead time",False,20912791051.82548,0.005705082755044636,1.0,9.598229725418525,0.0,28351.05862592483,3852.3241448669323,5725.143327444266,0.0,0.0,1460.3995121881937,118.07288805045557
tubeMy,"nTOF 5 ns + veto, per-arm coinc (strict)",14.0,as is,"no MM loss, no dead time",False,25985264452.18819,0.00522373607713373,1.0,14.142647385697286,0.0,35227.710833453784,4786.7193533298805,7113.797628525237,0.0,0.0,2254.7685298638344,118.07288805045559
tubeMy,"nTOF 5 ns + veto, per-arm coinc (strict)",14.0,as is,"no MM loss, no dead time",False,32288084693.086143,0.004802628988608372,1.0,20.994880729683885,0.0,43772.32000185866,5947.7555122335825,8839.275072297989,0.0,0.0,3481.226254072572,118.07288805045557
tubeMy,"nTOF 5 ns + veto, per-arm coinc (strict)",14.0,as is,"no MM loss, no dead time",False,40119676867.86863,0.004434663852362595,1.0,31.370445495682063,0.0,54389.45514806436,7390.405207001702,10983.273334969239,0.0,0.0,5374.802810812695,118.07288805045557
tubeMy,"nTOF 5 ns + veto, per-arm coinc (strict)",14.0,as is,"no MM loss, no dead time",False,49850850159.80715,0.004113749115042473,1.0,47.13637170741401,0.0,67581.81497297164,9182.97482324844,13647.306160739883,0.0,0.0,8298.37050129235,118.07288805045557
tubeMy,"nTOF 5 ns + veto, per-arm coinc (strict)",14.0,as is,"no MM loss, no dead time",False,61942354865.91934,0.0038346307744481006,1.0,71.16324673122963,0.0,83974.02957259624,11410.338708427318,16957.509821045493,0.0,0.0,12812.18221404965,118.07288805045559
tubeMy,"nTOF 5 ns + veto, per-arm coinc (strict)",14.0,as is,"no MM loss, no dead time",False,76966697940.67009,0.00359272538623353,1.0,107.86818057258503,0.0,104342.23534066777,14177.957791130984,21070.615397937607,0.0,0.0,19781.23452796497,118.07288805045559
tubeMy,"nTOF 5 ns + veto, per-arm coinc (strict)",14.0,as is,"no MM loss, no dead time",False,95635249979.00362,0.0033839719779375534,1.0,164.05240581920927,0.0,129650.82337123205,17616.87293109262,26181.369666482817,0.0,0.0,30541.029850579434,118.07288805045559
tubeMy,"nTOF 5 ns + veto, per-arm coinc (strict)",14.0,as is,"no MM loss, no dead time",False,118831927096.53207,0.0032047130153379623,1.0,250.19360450556778,0.0,161098.1013197339,21889.909424360543,32531.755939132185,0.0,0.0,47153.50313527388,118.07288805045557
tubeMy,"nTOF 5 ns + veto, per-arm coinc (strict)",14.0,as is,"no MM loss, no dead time",False,147655042472.05704,0.0030516080355592013,1.0,382.44009317476684,0.0,200173.03071429566,27199.386433730262,40422.45145937163,0.0,0.0,72802.15725554907,118.07288805045557
tubeMy,"nTOF 5 ns + veto, per-arm coinc (strict)",14.0,as is,"no MM loss, no dead time",False,183469309133.68265,0.002921578334959654,1.0,585.68837029931,0.0,248725.72610784622,33796.69636951906,50227.0638278014,0.0,0.0,112402.12812729068,118.07288805045559
tubeMy,"nTOF 5 ns + veto, per-arm coinc (strict)",14.0,as is,"no MM loss, no dead time",False,227970456209.51935,0.0028117773975145683,1.0,898.3329813190715,0.0,309055.054055577,41994.207783929516,62409.82052505263,0.0,0.0,173542.08836415844,118.07288805045559
tubeMy,"nTOF 5 ns + veto, per-arm coinc (strict)",14.0,as is,"no MM loss, no dead time",False,283265518084.60077,0.0027195797185743218,1.0,1379.5979329562579,0.0,384017.4795424292,52180.0553556573,77547.54909271345,0.0,0.0,267938.48956033407,118.07288805045557
tubeMy,"nTOF 5 ns + veto, per-arm coinc (strict)",14.0,as is,"no MM loss, no dead time",False,351972597984.32916,0.0026425802904170587,1.0,2120.8533565450116,0.0,477162.31350677303,64836.51723896585,96356.98868694561,0.0,0.0,413680.82443048526,118.07288805045559
tubeMy,"nTOF 5 ns + veto, per-arm coinc (strict)",14.0,as is,"no MM loss, no dead time",False,437344829577.31195,0.002578597969898957,1.0,3263.084524919677,0.0,592899.7651420204,80562.84990550444,119728.7261485948,0.0,0.0,638698.1757727352,118.07288805045559
tubeMy,"nTOF 5 ns + veto, per-arm coinc (strict)",14.0,as is,"no MM loss, no dead time",False,543424405915.04004,0.002525677730572058,1.0,5023.858948435001,0.0,736709.7558941479,100103.66165991698,148769.36339031986,0.0,0.0,986111.3584295852,118.07288805045559
tubeMy,"nTOF 5 ns + veto, per-arm coinc (strict)",14.0,as is,"no MM loss, no dead time",False,675233968650.1552,0.002482088842985947,1.0,7738.956958225625,0.0,915401.3820525111,124384.16825468415,184853.91263657744,0.0,0.0,1522496.3028074324,118.07288805045557
tubeMy,"nTOF 5 ns + veto, per-arm coinc (strict)",14.0,as is,"no MM loss, no dead time",False,839014419404.4929,0.002446317863758868,1.0,11926.640618550902,0.0,1137435.3109341038,154553.9998823497,229690.90031929815,0.0,0.0,2350642.219306536,118.07288805045559
tubeMy,"nTOF 5 ns + veto, per-arm coinc (strict)",14.0,as is,"no MM loss, no dead time",False,1042520413147.9036,0.002417056676299511,1.0,18386.87334864883,0.0,1413324.3754328806,192041.63371276783,285403.26215984265,0.0,0.0,3629249.432657066,118.07288805045559
tubeMy,"nTOF 5 ns + veto, per-arm coinc (strict)",14.0,as is,"no MM loss, no dead time",False,1295387524568.9966,0.002393186639860517,1.0,28354.499460679963,0.0,1756131.3342315191,238622.02923989674,354628.859646803,0.0,0.0,5603341.646917012,118.07288805045557
tubeMy,"nTOF 5 ns + veto, per-arm coinc (strict)",14.0,as is,"no MM loss, no dead time",False,1609588471982.2002,0.0023737602359248213,1.0,43735.732226599896,0.0,2182087.3655597856,296500.66882752336,440645.37715044565,0.0,0.0,8651220.643461676,118.07288805045557
tubeMy,"nTOF 5 ns + veto, per-arm coinc (strict)",14.0,as is,"no MM loss, no dead time",True,2000000000000.0002,0.0023579815873922693,1.0,67473.26239502954,0.0,2711360.5788597087,368417.9825945004,547525.5132857569,0.0,0.0,13356961.49511726,118.07288805045557
tubeMy,"nTOF 5 ns + veto, per-arm coinc (strict)",14.0,no Be window + air,MM occ + DREAM,False,1000000000.0,0.026078917179670133,0.9999960451238304,0.013271449029179849,0.004766368298377627,1342.813037788858,182.46059717804928,271.16437536735066,0.0,0.0,0.1661115354072027,116.95221559222927
tubeMy,"nTOF 5 ns + veto, per-arm coinc (strict)",14.0,no Be window + air,MM occ + DREAM,False,1242553630.827767,0.02316910661112656,0.9999938939234989,0.020490314716587292,0.005922468235011486,1664.6601460282616,226.19298129764974,336.1573919776412,0.0,0.0,0.2558732987216144,116.68186007471418
tubeMy,"nTOF 5 ns + veto, per-arm coinc (strict)",14.0,no Be window + air,MM occ + DREAM,False,1543939525.4832668,0.02060270270311263,0.9999905726184558,0.031635806780530594,0.00735898440887564,2062.488522001209,280.2496526373356,416.4938796630357,0.0,0.0,0.39391822020329853,116.34672399327636
tubeMy,"nTOF 5 ns + veto, per-arm coinc (strict)",14.0,no Be window + air,MM occ + DREAM,False,1918427663.1677406,0.018337137385346,0.9999854447676502,0.0488437725090131,0.009143932796453392,2553.6070552523424,346.98253230148106,515.6691531766618,0.0,0.0,0.6060155122614906,115.93152419966789
tubeMy,"nTOF 5 ns + veto, per-arm coinc (strict)",14.0,no Be window + air,MM occ + DREAM,False,2383749258.3495045,0.016336203914658343,0.9999775277793888,0.07541183095037832,0.011361826896278258,3158.9251505343354,429.23277715291533,637.905606492589,0.0,0.0,0.9315027680115152,115.4175015954868
tubeMy,"nTOF 5 ns + veto, per-arm coinc (strict)",14.0,no Be window + air,MM occ + DREAM,False,2961936295.9451733,0.01456884986895308,0.9999653046744724,0.11643130649335141,0.014117679262807128,3903.5115326618106,530.4067098675785,788.265556489127,0.0,0.0,1.430261418685665,114.78170127947358
tubeMy,"nTOF 5 ns + veto, per-arm coinc (strict)",14.0,no Be window + air,MM occ + DREAM,False,3680364698.807223,0.013008225115890011,0.9999464335264834,0.1797628960987418,0.017541973626862873,4817.127143307029,654.548228618401,972.7588548223129,0.0,0.0,2.193124107775245,113.99614293872536
tubeMy,"nTOF 5 ns + veto, per-arm coinc (strict)",14.0,no Be window + air,MM occ + DREAM,False,4573050519.273255,0.011630945770955638,0.9999172990139491,0.27754304050218914,0.021796843021943388,5934.646642751051,806.3960804700843,1198.428004956988,0.0,0.0,3.3572610190584546,113.02688815295814
tubeMy,"nTOF 5 ns + veto, per-arm coinc (strict)",14.0,no Be window + air,MM occ + DREAM,False,5682260526.681813,0.010416537911215856,0.9998723204224205,0.4285096702541366,0.02708374643749875,7296.226815703906,991.4067442567975,1473.3821696255798,0.0,0.0,5.128657668536932,111.83302923266942
tubeMy,"nTOF 5 ns + veto, per-arm coinc (strict)",14.0,no Be window + air,MM occ + DREAM,False,7060513448.737786,0.009347025706964381,0.9998028841432682,0.6615930169571627,0.03365300747233267,8946.997597518812,1215.7124474170785,1806.7347774186958,0.0,0.0,7.814439776732992,110.36565383607103
tubeMy,"nTOF 5 ns + veto, per-arm coinc (strict)",14.0,no Be window + air,MM occ + DREAM,False,8773066621.237415,0.008406630443041735,0.9996956976647163,1.0214596086638847,0.041815666623020935,10935.934632026125,1485.9679698562384,2208.375849875999,0.0,0.0,11.868383639057967,108.5668863633195
tubeMy,"nTOF 5 ns + veto, per-arm coinc (strict)",14.0,no Be window + air,MM occ + DREAM,False,10901005783.71244,0.007581551281534836,0.9995302533502955,1.5770718635008412,0.051958208387918134,13313.414978463383,1809.0185149301292,2688.4784069314373,0.0,0.0,17.953134414999496,106.36917808842173
tubeMy,"nTOF 5 ns + veto, per-arm coinc (strict)",14.0,no Be window + air,MM occ + DREAM,False,13545084316.226381,0.006859805712853562,0.9992749248472436,2.4349035845865004,0.06456086048371343,16126.760391070955,2191.2941330591934,3256.598487712398,0.0,0.0,27.02172621317367,103.69512152372785
tubeMy,"nTOF 5 ns + veto, per-arm coinc (strict)",14.0,no Be window + air,MM occ + DREAM,False,16830493696.995401,0.00623111654518608,0.9988809691551604,3.759343884984017,0.08022033160340335,19412.853698368424,2637.806439954568,3920.1841202584105,0.0,0.0,40.417596168635114,100.45820882996215
tubeMy,"nTOF 5 ns + veto, per-arm coinc (strict)",14.0,no Be window + air,MM occ + DREAM,False,20912791051.82548,0.005686841958515501,0.9982733350436603,5.804199613910643,0.09967806430001629,23186.728899777565,3150.5982460710748,4682.271233583974,0.0,0.0,59.984041806127344,96.56514353704817
tubeMy,"nTOF 5 ns + veto, per-arm coinc (strict)",14.0,no Be window + air,MM occ + DREAM,False,25985264452.18819,0.005219955292701983,0.9973366351624036,8.96133319771136,0.12385534070986887,27425.011161849907,3726.4933936340144,5538.139571083748,0.0,0.0,88.15728309018992,91.92054198482033
tubeMy,"nTOF 5 ns + veto, per-arm coinc (strict)",14.0,no Be window + air,MM occ + DREAM,False,32288084693.086143,0.0048250928247058535,0.9958938743393192,13.835756524971922,0.15389690329645772,32043.465199489376,4354.046044697546,6470.778865636267,0.0,0.0,127.98704196896398,86.43509137937684
tubeMy,"nTOF 5 ns + veto, per-arm coinc (strict)",14.0,no Be window + air,MM occ + DREAM,False,40119676867.86863,0.00449870352533069,0.9936745181586337,21.361571363867153,0.19122515596416323,36869.122476418386,5009.75334254664,7445.260274745966,0.0,0.0,182.980357079882,80.03837800591774
tubeMy,"nTOF 5 ns + veto, per-arm coinc (strict)",14.0,no Be window + air,MM occ + DREAM,False,49850850159.80715,0.004239360001545494,0.9902673255816272,32.98097435510627,0.23760751184887807,41610.12667881569,5653.958033482229,8402.647049359035,0.0,0.0,256.59952636170937,72.69748276334356
tubeMy,"nTOF 5 ns + veto, per-arm coinc (strict)",14.0,no Be window + air,MM occ + DREAM,False,61942354865.91934,0.004048334709311252,0.9850524712891008,50.920629895798555,0.2952400765597751,45831.29053413541,6227.527142623648,9255.058537734076,0.0,0.0,351.1834504956992,64.44174304826763
tubeMy,"nTOF 5 ns + veto, per-arm coinc (strict)",14.0,no Be window + air,MM occ + DREAM,False,76966697940.67009,0.003930630406177147,0.9771080438473679,78.61837315862829,0.3668516290952165,48950.7610864984,6651.398853610851,9884.996779323712,0.0,0.0,466.0650606156021,55.39231275696123
tubeMy,"nTOF 5 ns + veto, per-arm coinc (strict)",14.0,no Be window + air,MM occ + DREAM,True,95635249979.00362,0.0038968216613361724,0.965090886764737,121.38201374879891,0.45583282370734246,50281.95254347874,6832.2803176446705,10153.81432113193,0.0,0.0,594.8594626432082,45.79172888570964
tubeMy,"nTOF 5 ns + veto, per-arm coinc (strict)",14.0,no Be window + air,MM occ + DREAM,False,118831927096.53207,0.003966410678037785,0.9471067999747765,187.40648870952396,0.5663967301480318,49149.9893103186,6678.469860273712,9925.228438793381,0.0,0.0,722.5049237492149,36.02327487398795
tubeMy,"nTOF 5 ns + veto, per-arm coinc (strict)",14.0,no Be window + air,MM occ + DREAM,False,147655042472.05704,0.004174149985002111,0.9206199185302315,289.3442852506699,0.7037783135344148,45101.59030567524,6128.375931175002,9107.704661142563,0.0,0.0,823.8049206477259,26.603359124137963
tubeMy,"nTOF 5 ns + veto, per-arm coinc (strict)",14.0,no Be window + air,MM occ + DREAM,False,183469309133.68265,0.004582493015510494,0.8825147294472802,446.73007847121437,0.8744822987800298,38183.61093777059,5188.365213963165,7710.7048545343,0.0,0.0,866.6119334626721,18.126187789930086
tubeMy,"nTOF 5 ns + veto, per-arm coinc (strict)",14.0,no Be window + air,MM occ + DREAM,False,227970456209.51935,0.00530746998642034,0.8295052914188893,689.7242253739493,1.0865911554437382,29177.892847767274,3964.6738626899296,5892.11220471064,0.0,0.0,822.8425409646422,11.147263345329671
tubeMy,"nTOF 5 ns + veto, per-arm coinc (strict)",14.0,no Be window + air,MM occ + DREAM,False,283265518084.60077,0.0065760125647716565,0.7591066439276418,1064.892493238169,1.3501477854219557,19585.304110578778,2661.2388942948346,3955.008334049084,0.0,0.0,686.2909528109044,6.021844168233999
tubeMy,"nTOF 5 ns + veto, per-arm coinc (strict)",14.0,no Be window + air,MM occ + DREAM,False,351972597984.32916,0.008862841647782558,0.6711631807789927,1644.1296107008313,1.6776310329301196,11176.928137544151,1518.7140169196905,2257.0414880194826,0.0,0.0,486.64868666052683,2.765709167250706
tubeMy,"nTOF 5 ns + veto, per-arm coinc (strict)",14.0,no Be window + air,MM occ + DREAM,False,437344829577.31195,0.013247435275206079,0.5693288430897002,2538.43669097845,2.0845465311566658,5220.719418868721,709.3880950354661,1054.2592902708568,0.0,0.0,282.44805795952766,1.0396789739649674
tubeMy,"nTOF 5 ns + veto, per-arm coinc (strict)",14.0,no Be window + air,MM occ + DREAM,False,543424405915.04004,0.02244652147463754,0.461271753523358,3919.1927401385833,2.590160860918142,1911.9130771068071,259.78955519813945,386.0870431851257,0.0,0.0,128.52615821306495,0.30642338710642736
tubeMy,"nTOF 5 ns + veto, per-arm coinc (strict)",14.0,no Be window + air,MM occ + DREAM,False,675233968650.1552,0.044189283639790716,0.3567355440554431,6050.996579487026,3.218413782161812,522.9729845718883,71.06124262101297,105.60788337961716,0.0,0.0,43.683535467840656,0.06745557945555626
tubeMy,"nTOF 5 ns + veto, per-arm coinc (strict)",14.0,no Be window + air,MM occ + DREAM,False,839014419404.4929,0.10398002188291755,0.2642687211340922,9342.372787634069,3.999051730531286,101.02765458905878,13.727574628088936,20.401277080672898,0.0,0.0,10.485615748540882,0.01048730141892448
tubeMy,"nTOF 5 ns + veto, per-arm coinc (strict)",14.0,no Be window + air,MM occ + DREAM,False,1042520413147.9036,0.30257367026403587,0.18873730994710425,14424.058608627529,4.969036247639713,12.883965837513122,1.7506652337880182,2.6017564994277858,0.0,0.0,1.6615689784020562,0.001076360871164233
tubeMy,"nTOF 5 ns + veto, per-arm coinc (strict)",14.0,no Be window + air,MM occ + DREAM,False,1295387524568.9966,1.1359158588371354,0.130951371317489,22269.8742037474,6.174294031219535,0.9971107256415463,0.13548678284564103,0.2013540973178948,0.0,0.0,0.15978181176039824,6.704039771268137e-05
tubeMy,"nTOF 5 ns + veto, per-arm coinc (strict)",14.0,no Be window + air,MM occ + DREAM,False,1609588471982.2002,5.804318431264139,0.08891864679691558,34383.33901070581,7.671891466290044,0.042086685088242565,0.005718712492611873,0.008498882087135468,0.0,0.0,0.008379996100404097,2.2773132438554017e-06
tubeMy,"nTOF 5 ns + veto, per-arm coinc (strict)",14.0,no Be window + air,MM occ + DREAM,False,2000000000000.0002,43.20450868313318,0.05945456179493085,53085.796116719415,9.532736596755257,0.0008459460310236826,0.00011494661852192398,0.00017082826919431155,0.0,0.0,0.00020929405677556196,3.683880771763433e-08
tubeMy,"nTOF 5 ns + veto, per-arm coinc (strict)",14.0,no Be window + air,"MM occ ÷10, DAQ 10 µs",False,1000000000.0,0.02596723560906282,0.9999998672855274,0.013271449029179849,0.00047663682983776275,1354.388391150479,184.0334489656564,273.5018738690996,0.0,0.0,0.16754345456919262,117.9603702524891
tubeMy,"nTOF 5 ns + veto, per-arm coinc (strict)",14.0,no Be window + air,"MM occ ÷10, DAQ 10 µs",False,1242553630.827767,0.023045870691584078,0.9999997950968949,0.020490314716587292,0.0005922468235011486,1682.5110163336078,228.61854640939802,339.7621529978972,0.0,0.0,0.2586171387065978,117.93309009673992
tubeMy,"nTOF 5 ns + veto, per-arm coinc (strict)",14.0,no Be window + air,"MM occ ÷10, DAQ 10 µs",False,1543939525.4832668,0.020466606870991604,0.9999996836420323,0.031635806780530594,0.000735898440887564,2090.0093865206322,283.98917052534983,422.05137562633627,0.0,0.0,0.39917447731906097,117.89919926484336
tubeMy,"nTOF 5 ns + veto, per-arm coinc (strict)",14.0,no Be window + air,"MM occ ÷10, DAQ 10 µs",False,1918427663.1677406,0.018186722517140343,0.9999995115625134,0.0488437725090131,0.0009143932796453392,2596.021386525619,352.74576515314675,524.2341993317696,0.0,0.0,0.6160811731629733,117.85709769865507
tubeMy,"nTOF 5 ns + veto, per-arm coinc (strict)",14.0,no Be window + air,"MM occ ÷10, DAQ 10 µs",False,2383749258.3495045,0.016169831297720122,0.9999992458822591,0.07541183095037832,0.0011361826896278259,3224.264409874118,438.1110349168847,651.1000564623423,0.0,0.0,0.9507699864590731,117.80479908109571
tubeMy,"nTOF 5 ns + veto, per-arm coinc (strict)",14.0,no Be window + air,"MM occ ÷10, DAQ 10 µs",False,2961936295.9451733,0.014384669215588102,0.9999988356882907,0.11643130649335141,0.001411767926280713,4004.1122491100227,544.0762724076516,808.580618727506,0.0,0.0,1.4671219024383284,117.73983814860834
tubeMy,"nTOF 5 ns + veto, per-arm coinc (strict)",14.0,no Be window + air,"MM occ ÷10, DAQ 10 µs",False,3680364698.807223,0.012804135404303592,0.9999982023742704,0.1797628960987418,0.0017541973626862873,4971.91483617793,675.5806836826913,1004.0163023378702,0.0,0.0,2.26359528503984,117.65915606599629
tubeMy,"nTOF 5 ns + veto, per-arm coinc (strict)",14.0,no Be window + air,"MM occ ÷10, DAQ 10 µs",False,4573050519.273255,0.011404547298260468,0.9999972245772979,0.27754304050218914,0.002179684302194339,6172.609825815949,838.7303692106126,1246.481707207655,0.0,0.0,3.491878051304288,117.55895883818602
tubeMy,"nTOF 5 ns + veto, per-arm coinc (strict)",14.0,no Be window + air,"MM occ ÷10, DAQ 10 µs",False,5682260526.681813,0.010165073256569495,0.9999957149216594,0.4285096702541366,0.0027083746437498754,7661.681573271467,1041.0645085403028,1547.1812081157143,0.0,0.0,5.385542821951855,117.43454267497432
tubeMy,"nTOF 5 ns + veto, per-arm coinc (strict)",14.0,no Be window + air,"MM occ ÷10, DAQ 10 µs",False,7060513448.737786,0.009067306210534873,0.9999933841136007,0.6615930169571627,0.0033653007472332673,9507.528370897844,1291.8770189316826,1919.926988664863,0.0,0.0,8.304015628725036,117.2800789965709
tubeMy,"nTOF 5 ns + veto, per-arm coinc (strict)",14.0,no Be window + air,"MM occ ÷10, DAQ 10 µs",False,8773066621.237415,0.008094943163603173,0.9999897855082501,1.0214596086638847,0.004181566662302094,11794.301087295418,1602.6022678698582,2381.712269116206,0.0,0.0,12.799938438608446,117.08835037558573
tubeMy,"nTOF 5 ns + veto, per-arm coinc (strict)",14.0,no Be window + air,"MM occ ÷10, DAQ 10 µs",False,10901005783.71244,0.007233538984505964,0.9999842295300766,1.5770718635008412,0.005195820838791814,14625.272616718656,1987.2729117468207,2953.391724748295,0.0,0.0,19.722173880158497,116.85042718761694
tubeMy,"nTOF 5 ns + veto, per-arm coinc (strict)",14.0,no Be window + air,"MM occ ÷10, DAQ 10 µs",False,13545084316.226381,0.006470308897747287,0.9999756515570153,2.4349035845865004,0.006456086048371343,18126.78296781063,2463.055952055535,3660.4781474118963,0.0,0.0,30.372930123833164,116.55527316708265
tubeMy,"nTOF 5 ns + veto, per-arm coinc (strict)",14.0,no Be window + air,"MM occ ÷10, DAQ 10 µs",False,16830493696.995401,0.00579396122285539,0.9999624079743636,3.759343884984017,0.008022033160340334,22452.77175462449,3050.86860744004,4534.057725663648,0.0,0.0,46.74671100628652,116.18926659541626
tubeMy,"nTOF 5 ns + veto, per-arm coinc (strict)",14.0,no Be window + air,"MM occ ÷10, DAQ 10 µs",False,20912791051.82548,0.005194548766500768,0.9999419613725387,5.804199613910643,0.009967806430001629,27789.846428795638,3776.0669819186087,5611.813511155273,0.0,0.0,71.89230172034863,115.73562277234028
tubeMy,"nTOF 5 ns + veto, per-arm coinc (strict)",14.0,no Be window + air,"MM occ ÷10, DAQ 10 µs",False,25985264452.18819,0.004663332756477948,0.9999103946978525,8.96133319771136,0.012385534070986887,34362.7227222956,4669.185308848364,6939.124048315872,0.0,0.0,110.45845184534016,115.17370323266815
tubeMy,"nTOF 5 ns + veto, per-arm coinc (strict)",14.0,no Be window + air,"MM occ ÷10, DAQ 10 µs",False,32288084693.086143,0.004192656927083453,0.9998616615749178,13.835756524971922,0.015389690329645773,42439.68644517194,5766.678096592048,8570.166316407773,0.0,0.0,169.51131522112811,114.47819869553288
tubeMy,"nTOF 5 ns + veto, per-arm coinc (strict)",14.0,no Be window + air,"MM occ ÷10, DAQ 10 µs",False,40119676867.86863,0.003775831485974837,0.9997864299082888,21.361571363867153,0.019122515596416326,52337.4236105182,7111.576442883212,10568.891113130623,0.0,0.0,259.7490750429161,113.61817731012715
tubeMy,"nTOF 5 ns + veto, per-arm coinc (strict)",14.0,no Be window + air,"MM occ ÷10, DAQ 10 µs",False,49850850159.80715,0.003407027664708612,0.9996702989950528,32.98097435510627,0.02376075118488781,64424.093115461474,8753.905548800361,13009.643544292892,0.0,0.0,397.28770612290265,112.55599952762753
tubeMy,"nTOF 5 ns + veto, per-arm coinc (strict)",14.0,no Be window + air,"MM occ ÷10, DAQ 10 µs",False,61942354865.91934,0.0030811838766754045,0.9994910528601314,50.920629895798555,0.02952400765597751,79118.7973820725,10750.612789784318,15977.056126334015,0.0,0.0,606.2498336810245,111.24611922908939
tubeMy,"nTOF 5 ns + veto, per-arm coinc (strict)",14.0,no Be window + air,"MM occ ÷10, DAQ 10 µs",False,76966697940.67009,0.0027939245889181978,0.9992144338677269,78.61837315862829,0.03668516290952165,96884.54582003907,13164.611595339615,19564.62784521405,0.0,0.0,922.4473883162174,109.63382272844736
tubeMy,"nTOF 5 ns + veto, per-arm coinc (strict)",14.0,no Be window + air,"MM occ ÷10, DAQ 10 µs",False,95635249979.00362,0.002541493152137502,0.9987876514356131,121.38201374879891,0.04558328237073425,118210.2967228754,16062.3413131037,23871.097740926078,0.0,0.0,1398.4841484956166,107.65401073779984
tubeMy,"nTOF 5 ns + veto, per-arm coinc (strict)",14.0,no Be window + air,"MM occ ÷10, DAQ 10 µs",False,118831927096.53207,0.0023207002343735967,0.9981294406624784,187.40648870952396,0.05663967301480319,143575.6174585814,19508.965257618456,28993.308472969726,0.0,0.0,2110.5618129276127,105.23021480753799
tubeMy,"nTOF 5 ns + veto, per-arm coinc (strict)",14.0,no Be window + air,"MM occ ÷10, DAQ 10 µs",False,147655042472.05704,0.0021288903589900586,0.9971149050049855,289.3442852506699,0.07037783135344149,173388.92948000922,23559.97948089603,35013.73566902557,0.0,0.0,3167.0424994636915,102.27417543026384
tubeMy,"nTOF 5 ns + veto, per-arm coinc (strict)",14.0,no Be window + air,"MM occ ÷10, DAQ 10 µs",False,183469309133.68265,0.001963930620719763,0.995552567235168,446.73007847121437,0.08744822987800299,207887.4808793039,28247.621105569247,41980.28862763567,0.0,0.0,4718.196297388125,98.68651562930931
tubeMy,"nTOF 5 ns + veto, per-arm coinc (strict)",14.0,no Be window + air,"MM occ ÷10, DAQ 10 µs",False,227970456209.51935,0.0018242284073195574,0.9931500038292872,689.7242253739493,0.10865911554437382,246985.00673703116,33560.1685082456,49875.54722229229,0.0,0.0,6965.196958670008,94.3593468798549
tubeMy,"nTOF 5 ns + veto, per-arm coinc (strict)",14.0,no Be window + air,"MM occ ÷10, DAQ 10 µs",False,283265518084.60077,0.0017087897493053808,0.9894632798099555,1064.892493238169,0.13501477854219557,290053.6452916916,39412.30822478335,58572.72258694868,0.0,0.0,10163.804017012451,89.1820643944634
tubeMy,"nTOF 5 ns + veto, per-arm coinc (strict)",14.0,no Be window + air,"MM occ ÷10, DAQ 10 µs",False,351972597984.32916,0.0016173383778369027,0.9838246476506032,1644.1296107008313,0.16776310329301197,335634.5451860074,45605.812443601826,67777.21785225856,0.0,0.0,14613.685316989318,83.05211656043853
tubeMy,"nTOF 5 ns + veto, per-arm coinc (strict)",14.0,no Be window + air,"MM occ ÷10, DAQ 10 µs",False,437344829577.31195,0.0015505307918022545,0.9752440472773292,2538.43669097845,0.20845465311566658,381094.93372047035,51782.94165408579,76957.37734877592,0.0,0.0,20617.756920345317,75.89306336627493
tubeMy,"nTOF 5 ns + veto, per-arm coinc (strict)",14.0,no Be window + air,"MM occ ÷10, DAQ 10 µs",False,543424405915.04004,0.0015103306943332027,0.9622861510294931,3919.1927401385833,0.2590160860918142,422301.0320682502,57382.00057020539,85278.43590671217,0.0,0.0,28388.701301880596,67.6824245695895
tubeMy,"nTOF 5 ns + veto, per-arm coinc (strict)",14.0,no Be window + air,"MM occ ÷10, DAQ 10 µs",True,675233968650.1552,0.0015006593496204976,0.9429425769238132,6050.996579487026,0.32184137821618125,453470.3963827366,61617.274332401044,91572.70098091238,0.0,0.0,37878.03716135943,58.490800206398596
tubeMy,"nTOF 5 ns + veto, per-arm coinc (strict)",14.0,no Be window + air,"MM occ ÷10, DAQ 10 µs",False,839014419404.4929,0.0015285425883983348,0.9145585325299376,9342.372787634069,0.3999051730531286,467503.635583288,63524.10211320012,94406.53892790175,0.0,0.0,48521.996315879354,48.52979672494488
tubeMy,"nTOF 5 ns + veto, per-arm coinc (strict)",14.0,no Be window + air,"MM occ ÷10, DAQ 10 µs",False,1042520413147.9036,0.0016061872248653696,0.8739420819011225,14424.058608627529,0.4969036247639713,457213.9752548769,62125.94949221225,92328.6701277222,0.0,0.0,58964.18597784995,38.19687500885149
tubeMy,"nTOF 5 ns + veto, per-arm coinc (strict)",14.0,no Be window + air,"MM occ ÷10, DAQ 10 µs",False,1295387524568.9966,0.0017548713197891499,0.817862949898538,22269.8742037474,0.6174294031219536,417777.61003279744,56767.360808264944,84364.98714188172,0.0,0.0,66946.69080108439,28.089134347674136
tubeMy,"nTOF 5 ns + veto, per-arm coinc (strict)",14.0,no Be window + air,"MM occ ÷10, DAQ 10 µs",False,1609588471982.2002,0.0020125480125604877,0.7441398668627618,34383.33901070581,0.7671891466290045,350069.8278834168,47567.26964373473,70692.24347811907,0.0,0.0,69703.37023173393,18.94230095911733
tubeMy,"nTOF 5 ns + veto, per-arm coinc (strict)",14.0,no Be window + air,"MM occ ÷10, DAQ 10 µs",False,2000000000000.0002,0.002449490160667179,0.6532284675434914,53085.796116719415,0.9532736596755257,263177.88963663764,35760.44732648045,53145.4983273983,0.0,0.0,65112.39033656627,11.460730727851198
tubeMy,"nTOF 5 ns + veto, per-arm coinc (strict)",14.0,no Be window + air,"no MM loss, DREAM",False,1000000000.0,0.02595491121937451,0.9999960451238304,0.013271449029179849,0.0,1355.6749278821835,184.20826277350028,273.7616739450761,0.0,0.0,0.16770260449241134,118.07242108680434
tubeMy,"nTOF 5 ns + veto, per-arm coinc (strict)",14.0,no Be window + air,"no MM loss, DREAM",False,1242553630.827767,0.02303229384771057,0.9999938939234989,0.020490314716587292,0.0,1684.4951801534621,228.88815335041033,340.16283017908034,0.0,0.0,0.2589221226055645,118.07216708836846
tubeMy,"nTOF 5 ns + veto, per-arm coinc (strict)",14.0,no Be window + air,"no MM loss, DREAM",False,1543939525.4832668,0.020451644235303712,0.9999905726184558,0.031635806780530594,0.0,2093.0686504265564,284.40486139480936,422.669155885232,0.0,0.0,0.399758771379415,118.07177493228988
tubeMy,"nTOF 5 ns + veto, per-arm coinc (strict)",14.0,no Be window + air,"no MM loss, DREAM",False,1918427663.1677406,0.018170228100018924,0.9999854447676502,0.0488437725090131,0.0,2600.73671477533,353.38648101166234,525.1864011673953,0.0,0.0,0.6172002028346888,118.0711694721358
tubeMy,"nTOF 5 ns + veto, per-arm coinc (strict)",14.0,no Be window + air,"no MM loss, DREAM",False,2383749258.3495045,0.01615164524089223,0.9999775277793888,0.07541183095037832,0.0,3231.5292632169794,439.0981786532398,652.5671031497174,0.0,0.0,0.9529122439281772,118.07023469046706
tubeMy,"nTOF 5 ns + veto, per-arm coinc (strict)",14.0,no Be window + air,"no MM loss, DREAM",False,2961936295.9451733,0.01436461656155403,0.9999653046744724,0.11643130649335141,0.0,4015.299338008472,545.5963670624191,810.8397120546921,0.0,0.0,1.4712208942063756,118.06879147316867
tubeMy,"nTOF 5 ns + veto, per-arm coinc (strict)",14.0,no Be window + air,"no MM loss, DREAM",False,3680364698.807223,0.01278202497295733,0.9999464335264834,0.1797628960987418,0.0,4989.130615636986,677.9199530467699,1007.4928146684059,0.0,0.0,2.2714332224333464,118.06656330222478
tubeMy,"nTOF 5 ns + veto, per-arm coinc (strict)",14.0,no Be window + air,"no MM loss, DREAM",False,4573050519.273255,0.01138017085113779,0.9999172990139491,0.27754304050218914,0.0,6199.081738971451,842.3273562422187,1251.827380502137,0.0,0.0,3.50685335269741,118.06312330618792
tubeMy,"nTOF 5 ns + veto, per-arm coinc (strict)",14.0,no Be window + air,"no MM loss, DREAM",False,5682260526.681813,0.010138205199525338,0.9998723204224205,0.4285096702541366,0.0,7702.345037686814,1046.5898346964814,1555.3926885066232,0.0,0.0,5.414125950447009,118.05781255398568
tubeMy,"nTOF 5 ns + veto, per-arm coinc (strict)",14.0,no Be window + air,"no MM loss, DREAM",False,7060513448.737786,0.009037704173257312,0.9998028841432682,0.6615930169571627,0.0,9569.912162364484,1300.3536895663208,1932.5246186923114,0.0,0.0,8.358502553097914,118.0496140119707
tubeMy,"nTOF 5 ns + veto, per-arm coinc (strict)",14.0,no Be window + air,"no MM loss, DREAM",False,8773066621.237415,0.008062349911492928,0.9996956976647163,1.0214596086638847,0.0,11889.854284506982,1615.5859766475178,2401.008047684824,0.0,0.0,12.903638948953882,118.03695819488813
tubeMy,"nTOF 5 ns + veto, per-arm coinc (strict)",14.0,no Be window + air,"no MM loss, DREAM",False,10901005783.71244,0.007197686283638338,0.9995302533502955,1.5770718635008412,0.0,14771.336629043375,2007.1199985451995,2982.8875335847215,0.0,0.0,19.919141138424077,118.01742370687295
tubeMy,"nTOF 5 ns + veto, per-arm coinc (strict)",14.0,no Be window + air,"no MM loss, DREAM",False,13545084316.226381,0.006430924191554006,0.9992749248472436,2.4349035845865004,0.0,18349.489413384257,2493.3171648314215,3705.4509414679446,0.0,0.0,30.7460932670973,117.98727633311599
tubeMy,"nTOF 5 ns + veto, per-arm coinc (strict)",14.0,no Be window + air,"no MM loss, DREAM",False,16830493696.995401,0.005750778321294209,0.9988809691551604,3.759343884984017,0.0,22791.235898584702,3096.8589039983963,4602.406345760713,0.0,0.0,47.45139396020465,117.94076084678782
tubeMy,"nTOF 5 ns + veto, per-arm coinc (strict)",14.0,no Be window + air,"no MM loss, DREAM",False,20912791051.82548,0.00514732423524004,0.9982733350436603,5.804199613910643,0.0,28302.105846520313,3845.6724717655293,5715.257923090745,0.0,0.0,73.21751626273605,117.86901573236506
tubeMy,"nTOF 5 ns + veto, per-arm coinc (strict)",14.0,no Be window + air,"no MM loss, DREAM",False,25985264452.18819,0.004611870377524754,0.9973366351624036,8.96133319771136,0.0,35133.88658711093,4773.9705733167775,7094.850990059645,0.0,0.0,112.93734641126184,117.75841687214853
tubeMy,"nTOF 5 ns + veto, per-arm coinc (strict)",14.0,no Be window + air,"no MM loss, DREAM",False,32288084693.086143,0.004136843550352228,0.9958938743393192,13.835756524971922,0.0,43592.585355471485,5923.333280701345,8802.979898101812,0.0,0.0,174.1161892664243,117.5880659350009
tubeMy,"nTOF 5 ns + veto, per-arm coinc (strict)",14.0,no Be window + air,"no MM loss, DREAM",False,40119676867.86863,0.003715688883002482,0.9936745181586337,21.361571363867153,0.0,54045.41563716347,7343.657333064474,10913.798838930128,0.0,0.0,268.2257886160433,117.32602014113473
tubeMy,"nTOF 5 ns + veto, per-arm coinc (strict)",14.0,no Be window + air,"no MM loss, DREAM",False,49850850159.80715,0.0033427867084688838,0.9902673255816272,32.98097435510627,0.0,66924.06317123698,9093.599919101647,13514.48137318955,0.0,0.0,412.7044131467014,116.92372307342353
tubeMy,"nTOF 5 ns + veto, per-arm coinc (strict)",14.0,no Be window + air,"no MM loss, DREAM",False,61942354865.91934,0.003013389536675677,0.9850524712891008,50.920629895798555,0.0,82718.82535458995,11239.782342982018,16704.036956130058,0.0,0.0,633.8351412413274,116.3079901663426
tubeMy,"nTOF 5 ns + veto, per-arm coinc (strict)",14.0,no Be window + air,"no MM loss, DREAM",False,76966697940.67009,0.0027235827269608422,0.9771080438473679,78.61837315862829,0.0,101953.63746438157,13853.396603042538,20588.267794139032,0.0,0.0,970.7107135852941,115.3699686743899
tubeMy,"nTOF 5 ns + veto, per-arm coinc (strict)",14.0,no Be window + air,"no MM loss, DREAM",False,95635249979.00362,0.0024702724261287173,0.965090886764737,121.38201374879891,0.0,125124.82809712061,17001.88351908987,25267.401268141282,0.0,0.0,1480.2863500739354,113.95106823148767
tubeMy,"nTOF 5 ns + veto, per-arm coinc (strict)",14.0,no Be window + air,"no MM loss, DREAM",False,118831927096.53207,0.0022512032347345562,0.9471067999747765,187.40648870952396,0.0,152577.10722294555,20732.08206664382,30811.047265071917,0.0,0.0,2242.8837272777714,111.82763516524702
tubeMy,"nTOF 5 ns + veto, per-arm coinc (strict)",14.0,no Be window + air,"no MM loss, DREAM",False,147655042472.05704,0.0020650045455246455,0.9206199185302315,289.3442852506699,0.0,184283.27922814433,25040.29692269304,37213.71396931894,0.0,0.0,3366.033685116888,108.70025257763955
tubeMy,"nTOF 5 ns + veto, per-arm coinc (strict)",14.0,no Be window + air,"no MM loss, DREAM",False,183469309133.68265,0.0019112564973506295,0.8825147294472802,446.73007847121437,0.0,219504.11688264422,29826.08235275798,44326.12364492342,0.0,0.0,4981.846464041919,104.20106285290679
tubeMy,"nTOF 5 ns + veto, per-arm coinc (strict)",14.0,no Be window + air,"no MM loss, DREAM",False,227970456209.51935,0.0017905522721578912,0.8295052914188893,689.7242253739493,0.0,256362.80267885196,34834.41756571383,51769.27636203436,0.0,0.0,7229.659148646357,97.94208541096303
tubeMy,"nTOF 5 ns + veto, per-arm coinc (strict)",14.0,no Be window + air,"no MM loss, DREAM",False,283265518084.60077,0.0017045152901759978,0.7591066439276418,1064.892493238169,0.0,291510.2201050052,39610.22670099158,58866.85973658374,0.0,0.0,10214.844026951812,89.62991378682547
tubeMy,"nTOF 5 ns + veto, per-arm coinc (strict)",14.0,no Be window + air,"no MM loss, DREAM",False,351972597984.32916,0.0016557207425308951,0.6711631807789927,1644.1296107008313,0.0,320253.77608106873,43515.883140736296,64671.263017415826,0.0,0.0,13943.999425424496,79.24617510770568
tubeMy,"nTOF 5 ns + veto, per-arm coinc (strict)",14.0,no Be window + air,"no MM loss, DREAM",True,437344829577.31195,0.0016474974480404484,0.5693288430897002,2538.43669097845,0.0,337554.9373564614,45866.754132710004,68165.017142783,0.0,0.0,18262.18359224564,67.22230075402555
tubeMy,"nTOF 5 ns + veto, per-arm coinc (strict)",14.0,no Be window + air,"no MM loss, DREAM",False,543424405915.04004,0.0016836680826251803,0.461271753523358,3919.1927401385833,0.0,339823.4009390586,46174.99154797884,68623.10512160652,0.0,0.0,22844.237385356475,54.463688114600785
tubeMy,"nTOF 5 ns + veto, per-arm coinc (strict)",14.0,no Be window + air,"no MM loss, DREAM",False,675233968650.1552,0.001768388227742568,0.3567355440554431,6050.996579487026,0.0,326556.21005560714,44372.25393421853,65943.96109518682,0.0,0.0,27276.991747260785,42.1207959568767
tubeMy,"nTOF 5 ns + veto, per-arm coinc (strict)",14.0,no Be window + air,"no MM loss, DREAM",False,839014419404.4929,0.0019062673307579342,0.2642687211340922,9342.372787634069,0.0,300588.57499331416,40843.787895067195,60700.12048351918,0.0,0.0,31197.955734020394,31.20297112570274
tubeMy,"nTOF 5 ns + veto, per-arm coinc (strict)",14.0,no Be window + air,"no MM loss, DREAM",False,1042520413147.9036,0.0021028394242535403,0.18873730994710425,14424.058608627529,0.0,266747.0407018732,36245.42134479493,53866.24395017687,0.0,0.0,34400.79037001962,22.28475926832858
tubeMy,"nTOF 5 ns + veto, per-arm coinc (strict)",14.0,no Be window + air,"no MM loss, DREAM",False,1295387524568.9966,0.00236528967217644,0.130951371317489,22269.8742037474,0.0,229967.80643122902,31247.881955526438,46439.13547950618,0.0,0.0,36851.145828869325,15.461806605623517
tubeMy,"nTOF 5 ns + veto, per-arm coinc (strict)",14.0,no Be window + air,"no MM loss, DREAM",False,1609588471982.2002,0.0027032804319279467,0.08891864679691558,34383.33901070581,0.0,194028.25573822256,26364.43824652379,39181.59065353414,0.0,0.0,38633.50185564377,10.498881428850211
tubeMy,"nTOF 5 ns + veto, per-arm coinc (strict)",14.0,no Be window + air,"no MM loss, DREAM",False,2000000000000.0002,0.003129782582552485,0.05945456179493085,53085.796116719415,0.0,161202.755084154,21904.129712528487,32552.88946394927,0.0,0.0,39882.89717977932,7.019971818901762
tubeMy,"nTOF 5 ns + veto, per-arm coinc (strict)",14.0,no Be window + air,"no MM loss, no dead time",False,1000000000.0,0.025954859895093843,1.0,0.013271449029179849,0.0,1355.6802894298542,184.20899129725024,273.76275664287846,0.0,0.0,0.16770326773806854,118.07288805045557
tubeMy,"nTOF 5 ns + veto, per-arm coinc (strict)",14.0,no Be window + air,"no MM loss, no dead time",False,1242553630.827767,0.023032223529129106,1.0,0.020490314716587292,0.0,1684.5054658727029,228.88955096751874,340.164907252027,0.0,0.0,0.2589237036135067,118.07288805045557
tubeMy,"nTOF 5 ns + veto, per-arm coinc (strict)",14.0,no Be window + air,"no MM loss, no dead time",False,1543939525.4832668,0.020451547832349794,1.0,0.031635806780530594,0.0,2093.0883827693465,284.4075426132277,422.67314058619684,0.0,0.0,0.39976254009340756,118.07288805045557
tubeMy,"nTOF 5 ns + veto, per-arm coinc (strict)",14.0,no Be window + air,"no MM loss, no dead time",False,1918427663.1677406,0.018170095863591806,1.0,0.0488437725090131,0.0,2600.7745696534803,353.3916247088704,525.1940454887562,0.0,0.0,0.6172091864578061,118.07288805045559
tubeMy,"nTOF 5 ns + veto, per-arm coinc (strict)",14.0,no Be window + air,"no MM loss, no dead time",False,2383749258.3495045,0.016151463758205076,1.0,0.07541183095037832,0.0,3231.601884487456,439.1080463861305,652.5817681111774,0.0,0.0,0.9529336584635781,118.07288805045556
tubeMy,"nTOF 5 ns + veto, per-arm coinc (strict)",14.0,no Be window + air,"no MM loss, no dead time",False,2961936295.9451733,0.014364367366868688,1.0,0.11643130649335141,0.0,4015.4386549597416,545.615297362774,810.867845378547,0.0,0.0,1.47127194046529,118.07288805045557
tubeMy,"nTOF 5 ns + veto, per-arm coinc (strict)",14.0,no Be window + air,"no MM loss, no dead time",False,3680364698.807223,0.012781682624371571,1.0,0.1797628960987418,0.0,4989.397880086393,677.9562687732865,1007.5467853966024,0.0,0.0,2.2715549016188255,118.07288805045557
tubeMy,"nTOF 5 ns + veto, per-arm coinc (strict)",14.0,no Be window + air,"no MM loss, no dead time",False,4573050519.273255,0.011379700265732717,1.0,0.27754304050218914,0.0,6199.594451545711,842.3970233066927,1251.9309164233932,0.0,0.0,3.5071433969145565,118.07288805045559
tubeMy,"nTOF 5 ns + veto, per-arm coinc (strict)",14.0,no Be window + air,"no MM loss, no dead time",False,5682260526.681813,0.01013755795798615,1.0,0.4285096702541366,0.0,7703.328595427835,1046.7234799082385,1555.5913057474274,0.0,0.0,5.41481731203408,118.07288805045557
tubeMy,"nTOF 5 ns + veto, per-arm coinc (strict)",14.0,no Be window + air,"no MM loss, no dead time",False,7060513448.737786,0.00903681339195787,1.0,0.6615930169571627,0.0,9571.798915708217,1300.6100604326568,1932.905625040573,0.0,0.0,8.360150471320475,118.07288805045557
tubeMy,"nTOF 5 ns + veto, per-arm coinc (strict)",14.0,no Be window + air,"no MM loss, no dead time",False,8773066621.237415,0.008061123122204148,1.0,1.0214596086638847,0.0,11893.473496266528,1616.077752881719,2401.7389024415784,0.0,0.0,12.90756675165924,118.07288805045557
tubeMy,"nTOF 5 ns + veto, per-arm coinc (strict)",14.0,no Be window + air,"no MM loss, no dead time",False,10901005783.71244,0.007195995540551118,1.0,1.5770718635008412,0.0,14778.278675939795,2008.0632795431593,2984.2893935290795,0.0,0.0,19.928502485700356,118.07288805045559
tubeMy,"nTOF 5 ns + veto, per-arm coinc (strict)",14.0,no Be window + air,"no MM loss, no dead time",False,13545084316.226381,0.006428592317111022,1.0,2.4349035845865004,0.0,18362.803826173556,2495.1263189282663,3708.1396213703524,0.0,0.0,30.768402671364314,118.07288805045559
tubeMy,"nTOF 5 ns + veto, per-arm coinc (strict)",14.0,no Be window + air,"no MM loss, no dead time",False,16830493696.995401,0.00574755977146635,1.0,3.759343884984017,0.0,22816.768566390056,3100.3282669582495,4607.56235015005,0.0,0.0,47.504553020304684,118.07288805045557
tubeMy,"nTOF 5 ns + veto, per-arm coinc (strict)",14.0,no Be window + air,"no MM loss, no dead time",False,20912791051.82548,0.0051428784631332375,1.0,5.804199613910643,0.0,28351.05862592483,3852.3241448669323,5725.143327444266,0.0,0.0,73.34415704846388,118.07288805045559
tubeMy,"nTOF 5 ns + veto, per-arm coinc (strict)",14.0,no Be window + air,"no MM loss, no dead time",False,25985264452.18819,0.0046057247360756235,1.0,8.96133319771136,0.0,35227.710833453784,4786.71935332988,7113.797628525235,0.0,0.0,113.23894303037554,118.07288805045557
tubeMy,"nTOF 5 ns + veto, per-arm coinc (strict)",14.0,no Be window + air,"no MM loss, no dead time",False,32288084693.086143,0.004128341614141957,1.0,13.835756524971922,0.0,43772.32000185866,5947.7555122335825,8839.275072297989,0.0,0.0,174.8340799685447,118.07288805045557
tubeMy,"nTOF 5 ns + veto, per-arm coinc (strict)",14.0,no Be window + air,"no MM loss, no dead time",False,40119676867.86863,0.0037039184788261155,1.0,21.361571363867153,0.0,54389.45514806437,7390.405207001702,10983.273334969239,0.0,0.0,269.93324646493835,118.07288805045557
tubeMy,"nTOF 5 ns + veto, per-arm coinc (strict)",14.0,no Be window + air,"no MM loss, no dead time",False,49850850159.80715,0.003326479806671009,1.0,32.98097435510627,0.0,67581.81497297165,9182.974823248442,13647.306160739883,0.0,0.0,416.76060845923814,118.07288805045559
tubeMy,"nTOF 5 ns + veto, per-arm coinc (strict)",14.0,no Be window + air,"no MM loss, no dead time",False,61942354865.91934,0.002990783378758264,1.0,50.920629895798555,0.0,83974.02957259624,11410.338708427318,16957.509821045493,0.0,0.0,643.4531760646735,118.07288805045556
tubeMy,"nTOF 5 ns + veto, per-arm coinc (strict)",14.0,no Be window + air,"no MM loss, no dead time",False,76966697940.67009,0.0026922281781716056,1.0,78.61837315862829,0.0,104342.23534066777,14177.957791130983,21070.6153979376,0.0,0.0,993.452791323993,118.07288805045557
tubeMy,"nTOF 5 ns + veto, per-arm coinc (strict)",14.0,no Be window + air,"no MM loss, no dead time",False,95635249979.00362,0.002426771902672443,1.0,121.38201374879891,0.0,129650.82337123205,17616.87293109262,26181.369666482813,0.0,0.0,1533.8310312267918,118.07288805045557
tubeMy,"nTOF 5 ns + veto, per-arm coinc (strict)",14.0,no Be window + air,"no MM loss, no dead time",False,118831927096.53207,0.0021908577564882068,1.0,187.40648870952396,0.0,161098.1013197339,21889.909424360547,32531.75593913219,0.0,0.0,2368.1423545238026,118.07288805045559
tubeMy,"nTOF 5 ns + veto, per-arm coinc (strict)",14.0,no Be window + air,"no MM loss, no dead time",False,147655042472.05704,0.0019813499829476823,1.0,289.3442852506699,0.0,200173.03071429566,27199.386433730262,40422.45145937163,0.0,0.0,3656.2685831203357,118.07288805045557
tubeMy,"nTOF 5 ns + veto, per-arm coinc (strict)",14.0,no Be window + air,"no MM loss, no dead time",False,183469309133.68265,0.0017954774544784555,1.0,446.73007847121437,0.0,248725.72610784622,33796.69636951905,50227.063827801394,0.0,0.0,5645.057581262187,118.07288805045556
tubeMy,"nTOF 5 ns + veto, per-arm coinc (strict)",14.0,no Be window + air,"no MM loss, no dead time",False,227970456209.51935,0.001630784535315068,1.0,689.7242253739493,0.0,309055.054055577,41994.207783929516,62409.82052505263,0.0,0.0,8715.62752333966,118.07288805045557
tubeMy,"nTOF 5 ns + veto, per-arm coinc (strict)",14.0,no Be window + air,"no MM loss, no dead time",False,283265518084.60077,0.00148508837195774,1.0,1064.892493238169,0.0,384017.4795424291,52180.05535565729,77547.54909271344,0.0,0.0,13456.401822673935,118.07288805045556
tubeMy,"nTOF 5 ns + veto, per-arm coinc (strict)",14.0,no Be window + air,"no MM loss, no dead time",False,351972597984.32916,0.0013564417589945466,1.0,1644.1296107008313,0.0,477162.31350677303,64836.51723896584,96356.98868694558,0.0,0.0,20775.870644811363,118.07288805045557
tubeMy,"nTOF 5 ns + veto, per-arm coinc (strict)",14.0,no Be window + air,"no MM loss, no dead time",False,437344829577.31195,0.0012431007937194493,1.0,2538.43669097845,0.0,592899.7651420204,80562.84990550444,119728.72614859478,0.0,0.0,32076.687864852043,118.07288805045557
tubeMy,"nTOF 5 ns + veto, per-arm coinc (strict)",14.0,no Be window + air,"no MM loss, no dead time",False,543424405915.04004,0.0011434966838766198,1.0,3919.1927401385833,0.0,736709.7558941478,100103.66165991698,148769.36339031986,0.0,0.0,49524.46624113454,118.07288805045556
tubeMy,"nTOF 5 ns + veto, per-arm coinc (strict)",14.0,no Be window + air,"no MM loss, no dead time",False,675233968650.1552,0.0010562112932828585,1.0,6050.996579487026,0.0,915401.3820525111,124384.16825468416,184853.91263657747,0.0,0.0,76462.78090814929,118.07288805045557
tubeMy,"nTOF 5 ns + veto, per-arm coinc (strict)",14.0,no Be window + air,"no MM loss, no dead time",False,839014419404.4929,0.0009799562488501776,1.0,9342.372787634069,0.0,1137435.3109341038,154553.9998823497,229690.90031929815,0.0,0.0,118053.90967245903,118.07288805045559
tubeMy,"nTOF 5 ns + veto, per-arm coinc (strict)",14.0,no Be window + air,"no MM loss, no dead time",False,1042520413147.9036,0.0009135556144920529,1.0,14424.058608627529,0.0,1413324.3754328806,192041.63371276783,285403.26215984265,0.0,0.0,182268.0972811408,118.07288805045559
tubeMy,"nTOF 5 ns + veto, per-arm coinc (strict)",14.0,no Be window + air,"no MM loss, no dead time",False,1295387524568.9966,0.0008559321922719787,1.0,22269.8742037474,0.0,1756131.3342315191,238622.02923989674,354628.859646803,0.0,0.0,281410.9196269846,118.07288805045557
tubeMy,"nTOF 5 ns + veto, per-arm coinc (strict)",14.0,no Be window + air,"no MM loss, no dead time",False,1609588471982.2002,0.0008060974050887006,1.0,34383.33901070581,0.0,2182087.365559786,296500.66882752336,440645.37715044565,0.0,0.0,434481.4417146966,118.07288805045557
tubeMy,"nTOF 5 ns + veto, per-arm coinc (strict)",14.0,no Be window + air,"no MM loss, no dead time",True,2000000000000.0002,0.0007631444683842154,1.0,53085.796116719415,0.0,2711360.5788597087,368417.9825945004,547525.5132857569,0.0,0.0,670813.0709522743,118.07288805045557
tubeMy,"nTOF 5 ns + veto, per-arm coinc (strict)",14.0,oracle: no accidentals,MM occ + DREAM,False,1000000000.0,0.026079055771522475,0.9999630082867755,0.12413785792627809,0.005060247802405994,1341.9796828246674,182.34736142582733,270.9960897073483,0.0,0.0,0.0,116.87963459495401
tubeMy,"nTOF 5 ns + veto, per-arm coinc (strict)",14.0,oracle: no accidentals,MM occ + DREAM,False,1242553630.827767,0.023169096601233147,0.9999525261914726,0.15931564562762435,0.006287629279767796,1663.3760384231693,226.01849755801325,335.8980824335422,0.0,0.0,0.0,116.59185247511152
tubeMy,"nTOF 5 ns + veto, per-arm coinc (strict)",14.0,oracle: no accidentals,MM occ + DREAM,False,1543939525.4832668,0.02060252347913067,0.9999386805885492,0.20578245554249144,0.007812716590874453,2060.51080548521,279.98092175194574,416.0945044345992,0.0,0.0,0.0,116.2351593299246
tubeMy,"nTOF 5 ns + veto, per-arm coinc (strict)",14.0,oracle: no accidentals,MM occ + DREAM,False,1918427663.1677406,0.018336766963113132,0.9999202091601176,0.26777586231057127,0.009707719366619424,2550.562898473464,346.5688941790121,515.0544236139938,0.0,0.0,0.0,115.79332214757368
tubeMy,"nTOF 5 ns + veto, per-arm coinc (strict)",14.0,oracle: no accidentals,MM occ + DREAM,False,2383749258.3495045,0.016335619234221326,0.9998953006610704,0.3513768524463909,0.012062361946049998,3154.2429825236586,428.59656708697577,636.9601009544009,0.0,0.0,0.0,115.24642944021548
tubeMy,"nTOF 5 ns + veto, per-arm coinc (strict)",14.0,oracle: no accidentals,MM occ + DREAM,False,2961936295.9451733,0.014568027253814016,0.9998613298613671,0.4654005728427863,0.014988131632423112,3896.316627807397,529.4290706881604,786.8126350281565,0.0,0.0,0.0,114.57013704741648
tubeMy,"nTOF 5 ns + veto, per-arm coinc (strict)",14.0,oracle: no accidentals,MM occ + DREAM,False,3680364698.807223,0.013007140951008057,0.9998144565904481,0.622744437239696,0.018623557379191847,4806.083742741602,653.0476582446117,970.5287775651047,0.0,0.0,0.0,113.73480354868349
tubeMy,"nTOF 5 ns + veto, per-arm coinc (strict)",14.0,oracle: no accidentals,MM occ + DREAM,False,4573050519.273255,0.011629577441095728,0.9997490171460343,0.8424357791034679,0.023140768840444078,5917.720516363222,804.0961689844764,1195.0099844580936,0.0,0.0,0.0,112.70452567558354
tubeMy,"nTOF 5 ns + veto, per-arm coinc (strict)",14.0,oracle: no accidentals,MM occ + DREAM,False,5682260526.681813,0.010414865034304024,0.9996565980548751,1.15275137761892,0.02875364634283997,7270.330613818264,987.8879845130898,1468.152754054616,0.0,0.0,0.0,111.4361047982126
tubeMy,"nTOF 5 ns + veto, per-arm coinc (strict)",14.0,oracle: no accidentals,MM occ + DREAM,False,7060513448.737786,0.009345031723036778,0.9995246235372258,1.5959817215888719,0.03572794766283335,8907.465785997774,1210.3408895496216,1798.7518202410583,0.0,0.0,0.0,109.87800932982313
tubeMy,"nTOF 5 ns + veto, per-arm coinc (strict)",14.0,oracle: no accidentals,MM occ + DREAM,False,8773066621.237415,0.00840430470064684,0.9993341984271341,2.2357220132260447,0.044393891090478005,10875.754985033274,1477.7907969965224,2196.2233193841034,0.0,0.0,0.0,107.96945074246968
tubeMy,"nTOF 5 ns + veto, per-arm coinc (strict)",14.0,oracle: no accidentals,MM occ + DREAM,False,10901005783.71244,0.007578891914106955,0.9990568119593463,3.168048604662144,0.055161790561045906,13222.12061850417,1796.6134942992792,2670.042647524704,0.0,0.0,0.0,105.63977049099626
tubeMy,"nTOF 5 ns + veto, per-arm coinc (strict)",14.0,oracle: no accidentals,MM occ + DREAM,False,13545084316.226381,0.006856823829967121,0.9986493017633231,4.538674798425887,0.06854148314458842,15988.864478328645,2172.5569225322506,3228.752124896283,0.0,0.0,0.0,102.80845035836745
tubeMy,"nTOF 5 ns + veto, per-arm coinc (strict)",14.0,oracle: no accidentals,MM occ + DREAM,False,16830493696.995401,0.006227842606065465,0.9980461693010998,6.569314183091345,0.0851664687436289,19205.69884188776,2609.6583673948653,3878.351776007128,0.0,0.0,0.0,99.38621775869449
tubeMy,"nTOF 5 ns + veto, per-arm coinc (strict)",14.0,oracle: no accidentals,MM occ + DREAM,False,20912791051.82548,0.0056833357170982535,0.9971478853667582,9.598229725418525,0.10582390496217563,22877.64816397718,3108.600548667696,4619.856226950288,0.0,0.0,0.0,95.27792334544164
tubeMy,"nTOF 5 ns + veto, per-arm coinc (strict)",14.0,oracle: no accidentals,MM occ + DREAM,False,25985264452.18819,0.005216321549520286,0.995803178620207,14.142647385697286,0.13149187733912385,26967.801168846334,3664.3679852476225,5445.811705122098,0.0,0.0,0.0,90.38810904943371
tubeMy,"nTOF 5 ns + veto, per-arm coinc (strict)",14.0,oracle: no accidentals,MM occ + DREAM,False,32288084693.086143,0.004821506667912573,0.9937824256377389,20.994880729683885,0.16338570961208776,31374.430659731453,4263.138049152623,6335.6756696087905,0.0,0.0,0.0,84.63041572336019
tubeMy,"nTOF 5 ns + veto, per-arm coinc (strict)",14.0,oracle: no accidentals,MM occ + DREAM,False,40119676867.86863,0.004495451314018791,0.9907381902772225,31.370445495682063,0.2030155067038708,35903.48318752073,4878.542878876301,7250.261442268681,0.0,0.0,0.0,77.94209262587947
tubeMy,"nTOF 5 ns + veto, per-arm coinc (strict)",14.0,oracle: no accidentals,MM occ + DREAM,False,49850850159.80715,0.0042369070442846235,0.9861479361680406,47.13637170741401,0.25225765496923463,40240.53128826831,5467.858266933142,8126.07431128425,0.0,0.0,0.0,70.30464848851392
tubeMy,"nTOF 5 ns + veto, per-arm coinc (strict)",14.0,oracle: no accidentals,MM occ + DREAM,False,61942354865.91934,0.004047439415012405,0.9792337353293927,71.16324673122963,0.31344366508612054,43931.663890677286,5969.40706035855,8871.452586861935,0.0,0.0,0.0,61.77074577503578
tubeMy,"nTOF 5 ns + veto, per-arm coinc (strict)",14.0,oracle: no accidentals,MM occ + DREAM,False,76966697940.67009,0.003932541738153318,0.9688563849081016,107.86818057258503,0.38947056411272174,46390.56996646667,6303.521682697964,9367.998056234459,0.0,0.0,0.0,52.49521975798215
tubeMy,"nTOF 5 ns + veto, per-arm coinc (strict)",14.0,oracle: no accidentals,MM occ + DREAM,True,95635249979.00362,0.0039036307904671353,0.9533909866559186,164.05240581920927,0.4839380635388009,46957.29377028388,6380.527759321835,9482.44087287627,0.0,0.0,0.0,42.76396513592302
tubeMy,"nTOF 5 ns + veto, per-arm coinc (strict)",14.0,oracle: no accidentals,MM occ + DREAM,False,118831927096.53207,0.003981698449651519,0.9306154573653252,250.19360450556778,0.6013189979458956,45036.189554814926,6119.489317981614,9094.49779372579,0.0,0.0,0.0,33.0081666013613
tubeMy,"nTOF 5 ns + veto, per-arm coinc (strict)",14.0,oracle: no accidentals,MM occ + DREAM,False,147655042472.05704,0.004204225495404031,0.8976925414769843,382.44009317476684,0.7471711041833903,40322.607305545396,5479.010704915896,8142.648541151893,0.0,0.0,0.0,23.78445628415081
tubeMy,"nTOF 5 ns + veto, per-arm coinc (strict)",14.0,oracle: no accidentals,MM occ + DREAM,False,183469309133.68265,0.004638871451149692,0.8514006697246195,585.68837029931,0.9284001683526635,33071.702656727946,4493.762308398352,6678.418618881834,0.0,0.0,0.0,15.699507672691087
tubeMy,"nTOF 5 ns + veto, per-arm coinc (strict)",14.0,oracle: no accidentals,MM occ + DREAM,False,227970456209.51935,0.005412103444965746,0.7888281559683555,898.3329813190715,1.153587000047712,24267.51555906188,3297.454862536318,4900.522643961091,0.0,0.0,0.0,9.27127904969492
tubeMy,"nTOF 5 ns + veto, per-arm coinc (strict)",14.0,oracle: no accidentals,MM occ + DREAM,False,283265518084.60077,0.006773082798319509,0.7086568609276892,1379.5979329562579,1.4333937153849963,15479.503510694434,2103.345272273951,3125.8930188717572,0.0,0.0,0.0,4.759443990082538
tubeMy,"nTOF 5 ns + veto, per-arm coinc (strict)",14.0,oracle: no accidentals,MM occ + DREAM,False,351972597984.32916,0.009247575277818642,0.6127397289635035,2120.8533565450116,1.7810685654573297,8297.087611688277,1127.4030843192331,1675.493546961972,0.0,0.0,0.0,2.0530982204356043
tubeMy,"nTOF 5 ns + veto, per-arm coinc (strict)",14.0,oracle: no accidentals,MM occ + DREAM,False,437344829577.31195,0.014043695202661993,0.5069967610349609,3263.084524919677,2.2130732127622164,3595.3029777815996,488.5275238630788,726.0266759338822,0.0,0.0,0.0,0.7159857887637916
tubeMy,"nTOF 5 ns + veto, per-arm coinc (strict)",14.0,oracle: no accidentals,MM occ + DREAM,False,543424405915.04004,0.024241242151695354,0.4004629405040205,5023.858948435001,2.749862155805364,1206.0320035070527,163.87487564023562,243.5431483764359,0.0,0.0,0.0,0.19329142935337376
tubeMy,"nTOF 5 ns + veto, per-arm coinc (strict)",14.0,oracle: no accidentals,MM occ + DREAM,False,675233968650.1552,0.04874389702426516,0.30246120178956765,7738.956958225625,3.4168512059718252,298.15492583161273,40.513105166444674,60.20867533350582,0.0,0.0,0.0,0.03845746125101267
tubeMy,"nTOF 5 ns + veto, per-arm coinc (strict)",14.0,oracle: no accidentals,MM occ + DREAM,False,839014419404.4929,0.1175318197065065,0.2195804785509767,11926.640618550902,4.245620871978526,51.265004501937156,6.965856803983179,10.352329425444571,0.0,0.0,0.0,0.005321627594357321
tubeMy,"nTOF 5 ns + veto, per-arm coinc (strict)",14.0,oracle: no accidentals,MM occ + DREAM,False,1042520413147.9036,0.3521518690125086,0.15433793963112216,18386.87334864883,5.275411629595067,5.708870958779816,0.7757178214970345,1.152835416417627,0.0,0.0,0.0,0.00047693430703340856
tubeMy,"nTOF 5 ns + veto, per-arm coinc (strict)",14.0,oracle: no accidentals,MM occ + DREAM,False,1295387524568.9966,1.371442424728359,0.10582412781689544,28354.499460679963,6.554981874464405,0.376319545597219,0.051134064897452446,0.07599304716941574,0.0,0.0,0.0,2.5301715602006854e-05
tubeMy,"nTOF 5 ns + veto, per-arm coinc (strict)",14.0,oracle: no accidentals,MM occ + DREAM,False,1609588471982.2002,7.3510883923843355,0.07125933964088833,43735.732226599896,8.14491652812595,0.013095718186303203,0.0017794380107322412,0.0026445172500135727,0.0,0.0,0.0,7.086101554669071e-07
tubeMy,"nTOF 5 ns + veto, per-arm coinc (strict)",14.0,oracle: no accidentals,MM occ + DREAM,False,2000000000000.0002,58.31491602919254,0.04737757496279311,67473.26239502954,10.120495604811989,0.0002080699267594305,2.8272411737849215e-05,4.2017131301731485e-05,0.0,0.0,0.0,9.06091847778683e-09
tubeMy,"nTOF 5 ns + veto, per-arm coinc (strict)",14.0,oracle: no accidentals,"MM occ ÷10, DAQ 10 µs",False,1000000000.0,0.025960091923367644,0.9999987586229617,0.12413785792627809,0.0005060247802405993,1354.3072866204873,184.0224285327594,273.4854958189944,0.0,0.0,0.0,117.95330645863979
tubeMy,"nTOF 5 ns + veto, per-arm coinc (strict)",14.0,oracle: no accidentals,"MM occ ÷10, DAQ 10 µs",False,1242553630.827767,0.023037827536283136,0.9999984068460819,0.15931564562762435,0.0006287629279767797,1682.3858077472128,228.60153314485365,339.7368686826835,0.0,0.0,0.0,117.92431378837884
tubeMy,"nTOF 5 ns + veto, per-arm coinc (strict)",14.0,oracle: no accidentals,"MM occ ÷10, DAQ 10 µs",False,1543939525.4832668,0.020457559883165555,0.9999979421796792,0.20578245554249144,0.0007812716590874453,2089.8160948784853,283.96290617769813,422.01234278562686,0.0,0.0,0.0,117.88829551963501
tubeMy,"nTOF 5 ns + veto, per-arm coinc (strict)",14.0,oracle: no accidentals,"MM occ ÷10, DAQ 10 µs",False,1918427663.1677406,0.01817655655440936,0.9999973222485473,0.26777586231057127,0.0009707719366619425,2595.7229997616314,352.7052205459563,524.1739438396065,0.0,0.0,0.0,117.84355120085738
tubeMy,"nTOF 5 ns + veto, per-arm coinc (strict)",14.0,oracle: no accidentals,"MM occ ÷10, DAQ 10 µs",False,2383749258.3495045,0.01615841928013384,0.9999964862438222,0.3513768524463909,0.001206236194605,3223.803802908837,438.0484479300261,651.0070426201204,0.0,0.0,0.0,117.78796990578545
tubeMy,"nTOF 5 ns + veto, per-arm coinc (strict)",14.0,oracle: no accidentals,"MM occ ÷10, DAQ 10 µs",False,2961936295.9451733,0.014371870834004144,0.9999953460159313,0.4654005728427863,0.0014988131632423113,4003.4012613609702,543.9796638362216,808.4370436031663,0.0,0.0,0.0,117.71893174606738
tubeMy,"nTOF 5 ns + veto, per-arm coinc (strict)",14.0,oracle: no accidentals,"MM occ ÷10, DAQ 10 µs",False,3680364698.807223,0.012789795703650252,0.9999937725944085,0.622744437239696,0.0018623557379191847,4970.817424269786,675.4315680377911,1003.7946936654649,0.0,0.0,0.0,117.63318607993989
tubeMy,"nTOF 5 ns + veto, per-arm coinc (strict)",14.0,oracle: no accidentals,"MM occ ÷10, DAQ 10 µs",False,4573050519.273255,0.011388495114949729,0.9999915757131781,0.8424357791034679,0.002314076884044408,6170.9160838649,838.500224611806,1246.1396771072134,0.0,0.0,0.0,117.52670108240287
tubeMy,"nTOF 5 ns + veto, per-arm coinc (strict)",14.0,oracle: no accidentals,"MM occ ÷10, DAQ 10 µs",False,5682260526.681813,0.010147119452266536,0.9999884726191058,1.15275137761892,0.002875364634283997,7659.067682334298,1040.7093346717652,1546.6533653831007,0.0,0.0,0.0,117.3944782212545
tubeMy,"nTOF 5 ns + veto, per-arm coinc (strict)",14.0,oracle: no accidentals,"MM occ ÷10, DAQ 10 µs",False,7060513448.737786,0.009047241618877265,0.9999840404374959,1.5959817215888719,0.0035727947662833348,9503.494879913416,1291.3289506950628,1919.1124753762942,0.0,0.0,0.0,117.23032388432388
tubeMy,"nTOF 5 ns + veto, per-arm coinc (strict)",14.0,oracle: no accidentals,"MM occ ÷10, DAQ 10 µs",False,8773066621.237415,0.008072536166025455,0.9999776432797017,2.2357220132260447,0.0044393891090478005,11788.07784715387,1601.7566578849583,2380.4555632470688,0.0,0.0,0.0,117.02656893412758
tubeMy,"nTOF 5 ns + veto, per-arm coinc (strict)",14.0,oracle: no accidentals,"MM occ ÷10, DAQ 10 µs",False,10901005783.71244,0.007208532655662325,0.9999683205175749,3.168048604662144,0.005516179056104591,14615.67243723485,1985.968445352515,2951.4530880208567,0.0,0.0,0.0,116.7737253644675
tubeMy,"nTOF 5 ns + veto, per-arm coinc (strict)",14.0,oracle: no accidentals,"MM occ ÷10, DAQ 10 µs",False,13545084316.226381,0.006442417696508612,0.9999546153118792,4.538674798425887,0.006854148314458843,18111.97650891281,2461.044059665037,3657.4881673733944,0.0,0.0,0.0,116.46006758843491
tubeMy,"nTOF 5 ns + veto, per-arm coinc (strict)",14.0,oracle: no accidentals,"MM occ ÷10, DAQ 10 µs",False,16830493696.995401,0.005762867232819452,0.9999343111734746,6.569314183091345,0.00851664687436289,22429.941588158956,3047.7664586749106,4529.447457774565,0.0,0.0,0.0,116.07112437552152
tubeMy,"nTOF 5 ns + veto, per-arm coinc (strict)",14.0,oracle: no accidentals,"MM occ ÷10, DAQ 10 µs",False,20912791051.82548,0.005159897495281384,0.9999040269144631,9.598229725418525,0.010582390496217564,27754.656060873433,3771.2853366967447,5604.707254462765,0.0,0.0,0.0,115.58906639760464
tubeMy,"nTOF 5 ns + veto, per-arm coinc (strict)",14.0,oracle: no accidentals,"MM occ ÷10, DAQ 10 µs",False,25985264452.18819,0.004624728477825003,0.9998585935247621,14.142647385697286,0.013149187733912385,34308.50287011385,4661.817949186532,6928.175024188445,0.0,0.0,0.0,114.99197429299808
tubeMy,"nTOF 5 ns + veto, per-arm coinc (strict)",14.0,oracle: no accidentals,"MM occ ÷10, DAQ 10 µs",False,32288084693.086143,0.004149657491505628,0.9997900952619525,20.994880729683885,0.016338570961208776,42356.19051431538,5755.332721638648,8553.305352670244,0.0,0.0,0.0,114.25297403994512
tubeMy,"nTOF 5 ns + veto, per-arm coinc (strict)",14.0,oracle: no accidentals,"MM occ ÷10, DAQ 10 µs",False,40119676867.86863,0.0037279424316907163,0.9996863939246661,31.370445495682063,0.02030155067038708,52208.92928095969,7094.116713609325,10542.943282991624,0.0,0.0,0.0,113.3392317581304
tubeMy,"nTOF 5 ns + veto, per-arm coinc (strict)",14.0,oracle: no accidentals,"MM occ ÷10, DAQ 10 µs",False,49850850159.80715,0.0033536953242157275,0.9995288583619997,47.13637170741401,0.025225765496923465,64226.51643013674,8727.058952157116,12969.745392461233,0.0,0.0,0.0,112.21081125683224
tubeMy,"nTOF 5 ns + veto, per-arm coinc (strict)",14.0,oracle: no accidentals,"MM occ ÷10, DAQ 10 µs",False,61942354865.91934,0.003021786978502603,0.9992888735933272,71.16324673122963,0.031344366508612054,78815.32572827805,10709.377250941829,15915.773803980062,0.0,0.0,0.0,110.81941855999764
tubeMy,"nTOF 5 ns + veto, per-arm coinc (strict)",14.0,oracle: no accidentals,"MM occ ÷10, DAQ 10 µs",False,76966697940.67009,0.0027277635697006307,0.9989224804949596,107.86818057258503,0.03894705641127218,96419.07039416424,13101.363085095269,19470.63087798618,0.0,0.0,0.0,109.10709424050464
tubeMy,"nTOF 5 ns + veto, per-arm coinc (strict)",14.0,oracle: no accidentals,"MM occ ÷10, DAQ 10 µs",False,95635249979.00362,0.0024677759740007713,0.9983621628530509,164.05240581920927,0.048393806353880096,117497.6190660433,15965.503118059685,23727.181360749,0.0,0.0,0.0,107.00497583772628
tubeMy,"nTOF 5 ns + veto, per-arm coinc (strict)",14.0,oracle: no accidentals,"MM occ ÷10, DAQ 10 µs",False,118831927096.53207,0.0022385228741507333,0.9975043080166747,250.19360450556778,0.06013189979458956,142487.01794036268,19361.047034759227,28773.479352998515,0.0,0.0,0.0,104.43235258573982
tubeMy,"nTOF 5 ns + veto, per-arm coinc (strict)",14.0,oracle: no accidentals,"MM occ ÷10, DAQ 10 µs",False,147655042472.05704,0.002037209183646221,0.9961901693879948,382.44009317476684,0.07471711041833903,171731.26097593844,23334.736519542268,34678.99015209741,0.0,0.0,0.0,101.29639282384831
tubeMy,"nTOF 5 ns + veto, per-arm coinc (strict)",14.0,oracle: no accidentals,"MM occ ÷10, DAQ 10 µs",False,183469309133.68265,0.00186152239212542,0.9941772196443779,585.68837029931,0.09284001683526635,205373.6402015419,27906.04200381268,41472.64979931387,0.0,0.0,0.0,97.49316730315596
tubeMy,"nTOF 5 ns + veto, per-arm coinc (strict)",14.0,oracle: no accidentals,"MM occ ÷10, DAQ 10 µs",False,227970456209.51935,0.0017096313169245648,0.99109665189924,898.3329813190715,0.1153587000047712,243193.83730474493,33045.02677283531,49109.96775434901,0.0,0.0,0.0,92.9109501683805
tubeMy,"nTOF 5 ns + veto, per-arm coinc (strict)",14.0,oracle: no accidentals,"MM occ ÷10, DAQ 10 µs",False,283265518084.60077,0.0015802150079536055,0.9863917596727045,1379.5979329562579,0.14333937153849963,284378.9406979806,38641.23290763982,57426.78664259586,0.0,0.0,0.0,87.43727725349524
tubeMy,"nTOF 5 ns + veto, per-arm coinc (strict)",14.0,oracle: no accidentals,"MM occ ÷10, DAQ 10 µs",False,351972597984.32916,0.0014725352101087998,0.9792319268118505,2120.8533565450116,0.178106856545733,327227.6928652355,44463.49459914485,66079.5586888344,0.0,0.0,0.0,80.97185727585209
tubeMy,"nTOF 5 ns + veto, per-arm coinc (strict)",14.0,oracle: no accidentals,"MM occ ÷10, DAQ 10 µs",False,437344829577.31195,0.001386575743457442,0.9684002803138015,3263.084524919677,0.22130732127622166,368817.1333351775,50114.641803480925,74478.0284158484,0.0,0.0,0.0,73.44800361818871
tubeMy,"nTOF 5 ns + veto, per-arm coinc (strict)",14.0,oracle: no accidentals,"MM occ ÷10, DAQ 10 µs",False,543424405915.04004,0.001323290081973296,0.9521645938481309,5023.858948435001,0.27498621558053643,404723.5327009374,54993.58093083563,81728.87874400696,0.0,0.0,0.0,64.86526883302031
tubeMy,"nTOF 5 ns + veto, per-arm coinc (strict)",14.0,oracle: no accidentals,"MM occ ÷10, DAQ 10 µs",False,675233968650.1552,0.0012850315953976538,0.9281693718157463,7738.956958225625,0.34168512059718253,428997.60951528675,58291.92733264383,86630.72635178773,0.0,0.0,0.0,55.334182048794226
tubeMy,"nTOF 5 ns + veto, per-arm coinc (strict)",14.0,oracle: no accidentals,"MM occ ÷10, DAQ 10 µs",True,839014419404.4929,0.001276304537087801,0.8934423426573015,11926.640618550902,0.4245620871978526,434733.68667847634,59071.34191620964,87789.05572247691,0.0,0.0,0.0,45.128071394930814
tubeMy,"nTOF 5 ns + veto, per-arm coinc (strict)",14.0,oracle: no accidentals,"MM occ ÷10, DAQ 10 µs",False,1042520413147.9036,0.0013051011663077925,0.8446882426356546,18386.87334864883,0.5275411629595067,415644.33563385555,56477.49281486468,83934.19893563315,0.0,0.0,0.0,34.72403643719146
tubeMy,"nTOF 5 ns + veto, per-arm coinc (strict)",14.0,oracle: no accidentals,"MM occ ÷10, DAQ 10 µs",False,1295387524568.9966,0.0013853587951562281,0.7790922828586461,28354.499460679963,0.6554981874464405,368797.01997237897,50111.90881230182,74473.9667726365,0.0,0.0,0.0,24.79594117121971
tubeMy,"nTOF 5 ns + veto, per-arm coinc (strict)",14.0,oracle: no accidentals,"MM occ ÷10, DAQ 10 µs",False,1609588471982.2002,0.0015416714900901955,0.6957212270804705,43735.732226599896,0.8144916528125951,297748.0516062933,40457.81935074365,60126.51214916299,0.0,0.0,0.0,16.111166271077487
tubeMy,"nTOF 5 ns + veto, per-arm coinc (strict)",14.0,oracle: no accidentals,"MM occ ÷10, DAQ 10 µs",False,2000000000000.0002,0.0018188251582774446,0.5971102405835017,67473.26239502954,1.012049560481199,213888.14693387455,29062.9878624976,43192.04843088802,0.0,0.0,0.0,9.314287234663478
tubeMy,"nTOF 5 ns + veto, per-arm coinc (strict)",14.0,oracle: no accidentals,"no MM loss, DREAM",False,1000000000.0,0.02594742261594316,0.9999630082867755,0.12413785792627809,0.0,1355.6301404933631,184.20217709107072,273.7526296894932,0.0,0.0,0.0,118.06852033204123
tubeMy,"nTOF 5 ns + veto, per-arm coinc (strict)",14.0,oracle: no accidentals,"no MM loss, DREAM",False,1242553630.827767,0.023023874939479577,0.9999525261914726,0.15931564562762435,0.0,1684.4254959827526,228.87868470880224,340.1487583283524,0.0,0.0,0.0,118.067282680776
tubeMy,"nTOF 5 ns + veto, per-arm coinc (strict)",14.0,oracle: no accidentals,"no MM loss, DREAM",False,1543939525.4832668,0.020442188941829278,0.9999386805885492,0.20578245554249144,0.0,2092.9600358216,284.3901029101025,422.64722251797997,0.0,0.0,0.0,118.065647890452
tubeMy,"nTOF 5 ns + veto, per-arm coinc (strict)",14.0,oracle: no accidentals,"no MM loss, DREAM",False,1918427663.1677406,0.01815962001297259,0.9999202091601176,0.26777586231057127,0.0,2600.567051666223,353.3634272943274,525.1521398147654,0.0,0.0,0.0,118.06346691555068
tubeMy,"nTOF 5 ns + veto, per-arm coinc (strict)",14.0,oracle: no accidentals,"no MM loss, DREAM",False,2383749258.3495045,0.016139756739393822,0.9998953006610704,0.3513768524463909,0.0,3231.2635379064654,439.0620720639551,652.5134432314586,0.0,0.0,0.0,118.06052589713117
tubeMy,"nTOF 5 ns + veto, per-arm coinc (strict)",14.0,oracle: no accidentals,"no MM loss, DREAM",False,2961936295.9451733,0.014351307909781747,0.9998613298613671,0.4654005728427863,0.0,4014.8818335247865,545.5396368138483,810.7554022220157,0.0,0.0,0.0,118.05651486670084
tubeMy,"nTOF 5 ns + veto, per-arm coinc (strict)",14.0,oracle: no accidentals,"no MM loss, DREAM",False,3680364698.807223,0.012767143455358562,0.9998144565904481,0.622744437239696,0.0,4988.472130192111,677.8304784556514,1007.3598417307568,0.0,0.0,0.0,118.05098040423103
tubeMy,"nTOF 5 ns + veto, per-arm coinc (strict)",14.0,oracle: no accidentals,"no MM loss, DREAM",False,4573050519.273255,0.011363549988969032,0.9997490171460343,0.8424357791034679,0.0,6198.03845963683,842.1855960976108,1251.6167032290211,0.0,0.0,0.0,118.04325378003668
tubeMy,"nTOF 5 ns + veto, per-arm coinc (strict)",14.0,oracle: no accidentals,"no MM loss, DREAM",False,5682260526.681813,0.010119664078718884,0.9996565980548751,1.15275137761892,0.0,7700.68325740423,1046.3640330292305,1555.0571126672146,0.0,0.0,0.0,118.03234159103253
tubeMy,"nTOF 5 ns + veto, per-arm coinc (strict)",14.0,oracle: no accidentals,"no MM loss, DREAM",False,7060513448.737786,0.009017046918951223,0.9995246235372258,1.5959817215888719,0.0,9567.248707797284,1299.9917810226798,1931.9867672016646,0.0,0.0,0.0,118.0167589785846
tubeMy,"nTOF 5 ns + veto, per-arm coinc (strict)",14.0,oracle: no accidentals,"no MM loss, DREAM",False,8773066621.237415,0.008039365384958662,0.9993341984271341,2.2357220132260447,0.0,11885.554802905877,1615.0017657719775,2400.13982090272,0.0,0.0,0.0,117.99427493587878
tubeMy,"nTOF 5 ns + veto, per-arm coinc (strict)",14.0,oracle: no accidentals,"no MM loss, DREAM",False,10901005783.71244,0.007172148154898298,0.9990568119593463,3.168048604662144,0.0,14764.3399802312,2006.1692982730183,2981.4746474632534,0.0,0.0,0.0,117.96152311452096
tubeMy,"nTOF 5 ns + veto, per-arm coinc (strict)",14.0,oracle: no accidentals,"no MM loss, DREAM",False,13545084316.226381,0.00640259164436133,0.9986493017633231,4.538674798425887,0.0,18338.001219425096,2491.7561562090027,3703.1310437224156,0.0,0.0,0.0,117.91340720876647
tubeMy,"nTOF 5 ns + veto, per-arm coinc (strict)",14.0,oracle: no accidentals,"no MM loss, DREAM",False,16830493696.995401,0.00571939775877877,0.9980461693010998,6.569314183091345,0.0,22772.188463515344,3094.2707504135997,4598.559953383232,0.0,0.0,0.0,117.84219361707478
tubeMy,"nTOF 5 ns + veto, per-arm coinc (strict)",14.0,oracle: no accidentals,"no MM loss, DREAM",False,20912791051.82548,0.005112632457189017,0.9971478853667582,9.598229725418525,0.0,28270.19815674993,3841.3368748013663,5708.814562382654,0.0,0.0,0.0,117.73613063865774
tubeMy,"nTOF 5 ns + veto, per-arm coinc (strict)",14.0,oracle: no accidentals,"no MM loss, DREAM",False,25985264452.18819,0.004573599776723157,0.995803178620207,14.142647385697286,0.0,35079.866423466774,4766.630347208757,7083.94229054632,0.0,0.0,0.0,117.57735722951152
tubeMy,"nTOF 5 ns + veto, per-arm coinc (strict)",14.0,oracle: no accidentals,"no MM loss, DREAM",False,32288084693.086143,0.004094729898630357,0.9937824256377389,20.994880729683885,0.0,43500.162347238416,5910.7749000477215,8784.3162222275,0.0,0.0,0.0,117.33876108883494
tubeMy,"nTOF 5 ns + veto, per-arm coinc (strict)",14.0,oracle: no accidentals,"no MM loss, DREAM",False,40119676867.86863,0.0036694821910068305,0.9907381902772225,31.370445495682063,0.0,53885.710363557446,7321.956680200228,10881.548347207501,0.0,0.0,0.0,116.97931942791345
tubeMy,"nTOF 5 ns + veto, per-arm coinc (strict)",14.0,oracle: no accidentals,"no MM loss, DREAM",False,49850850159.80715,0.003292265328045981,0.9861479361680406,47.13637170741401,0.0,66645.66735808639,9055.771669829528,13458.262804667023,0.0,0.0,0.0,116.43733486835688
tubeMy,"nTOF 5 ns + veto, per-arm coinc (strict)",14.0,oracle: no accidentals,"no MM loss, DREAM",False,61942354865.91934,0.0029583768986095613,0.9792337353293927,71.16324673122963,0.0,82230.20264903433,11173.388594826849,16605.365683947246,0.0,0.0,0.0,115.62095520677684
tubeMy,"nTOF 5 ns + veto, per-arm coinc (strict)",14.0,oracle: no accidentals,"no MM loss, DREAM",False,76966697940.67009,0.002663964443154426,0.9688563849081016,107.86818057258503,0.0,101092.64092538974,13736.404930894816,20414.4002622348,0.0,0.0,0.0,114.39567147222337
tubeMy,"nTOF 5 ns + veto, per-arm coinc (strict)",14.0,oracle: no accidentals,"no MM loss, DREAM",False,95635249979.00362,0.0024060082065753565,0.9533909866559186,164.05240581920927,0.0,123607.92641465119,16795.767865566348,24961.08185833139,0.0,0.0,0.0,112.56962723573766
tubeMy,"nTOF 5 ns + veto, per-arm coinc (strict)",14.0,oracle: no accidentals,"no MM loss, DREAM",False,118831927096.53207,0.0021823220630794024,0.9306154573653252,250.19360450556778,0.0,149920.38324034968,20371.088070636837,30274.55493219263,0.0,0.0,0.0,109.88045471551953
tubeMy,"nTOF 5 ns + veto, per-arm coinc (strict)",14.0,oracle: no accidentals,"no MM loss, DREAM",False,147655042472.05704,0.0019915614627231716,0.8976925414769843,382.44009317476684,0.0,179693.8366770665,24416.686334309932,36286.933183293346,0.0,0.0,0.0,105.99315095354089
tubeMy,"nTOF 5 ns + veto, per-arm coinc (strict)",14.0,oracle: no accidentals,"no MM loss, DREAM",False,183469309133.68265,0.001833214432683649,0.8514006697246195,585.68837029931,0.0,211765.24978596251,28774.52992348814,42763.35578129132,0.0,0.0,0.0,100.52733596247789
tubeMy,"nTOF 5 ns + veto, per-arm coinc (strict)",14.0,oracle: no accidentals,"no MM loss, DREAM",False,227970456209.51935,0.0017075350239416978,0.7888281559683555,898.3329813190715,0.0,243791.3283833613,33126.21348754909,49230.623639093305,0.0,0.0,0.0,93.13921855069897
tubeMy,"nTOF 5 ns + veto, per-arm coinc (strict)",14.0,oracle: no accidentals,"no MM loss, DREAM",False,283265518084.60077,0.0016153677335310212,0.7086568609276892,1379.5979329562579,0.0,272136.6215939009,36977.754231373154,54954.6027126782,0.0,0.0,0.0,83.67316220650231
tubeMy,"nTOF 5 ns + veto, per-arm coinc (strict)",14.0,oracle: no accidentals,"no MM loss, DREAM",False,351972597984.32916,0.0015578284302230647,0.6127397289635035,2120.8533565450116,0.0,292376.3066497384,39727.90999994145,59041.75513177842,0.0,0.0,0.0,72.34794942197423
tubeMy,"nTOF 5 ns + veto, per-arm coinc (strict)",14.0,oracle: no accidentals,"no MM loss, DREAM",True,437344829577.31195,0.0015358751398782044,0.5069967610349609,3263.084524919677,0.0,300598.26054539334,40845.10396183645,60702.0763601794,0.0,0.0,0.0,59.86257180762452
tubeMy,"nTOF 5 ns + veto, per-arm coinc (strict)",14.0,oracle: no accidentals,"no MM loss, DREAM",False,543424405915.04004,0.001549904394350567,0.4004629405040205,5023.858948435001,0.0,295024.9551433696,40087.806703549926,59576.616720198675,0.0,0.0,0.0,47.28381594248746
tubeMy,"nTOF 5 ns + veto, per-arm coinc (strict)",14.0,oracle: no accidentals,"no MM loss, DREAM",False,675233968650.1552,0.0015995603246516234,0.30246120178956765,7738.956958225625,0.0,276873.40213543363,37621.38501390756,55911.136571562965,0.0,0.0,0.0,35.71246761850587
tubeMy,"nTOF 5 ns + veto, per-arm coinc (strict)",14.0,oracle: no accidentals,"no MM loss, DREAM",False,839014419404.4929,0.0016838590805872773,0.2195804785509767,11926.640618550902,0.0,249758.58989568954,33937.04125613393,50435.63781091619,0.0,0.0,0.0,25.926501262014938
tubeMy,"nTOF 5 ns + veto, per-arm coinc (strict)",14.0,oracle: no accidentals,"no MM loss, DREAM",False,1042520413147.9036,0.0018015562938077877,0.15433793963112216,18386.87334864883,0.0,218129.5721347534,29639.310070623236,44048.55144575112,0.0,0.0,0.0,18.22312626800346
tubeMy,"nTOF 5 ns + veto, per-arm coinc (strict)",14.0,oracle: no accidentals,"no MM loss, DREAM",False,1295387524568.9966,0.001951574446483004,0.10582412781689544,28354.499460679963,0.0,185841.06677697142,25251.968122209797,37528.28977082314,0.0,0.0,0.0,12.494960396761396
tubeMy,"nTOF 5 ns + veto, per-arm coinc (strict)",14.0,oracle: no accidentals,"no MM loss, DREAM",False,1609588471982.2002,0.0021333363883052807,0.07125933964088833,43735.732226599896,0.0,155494.104708516,21128.441863731037,31400.098591550937,0.0,0.0,0.0,8.413796031967998
tubeMy,"nTOF 5 ns + veto, per-arm coinc (strict)",14.0,oracle: no accidentals,"no MM loss, DREAM",False,2000000000000.0002,0.002346952280086806,0.04737757496279311,67473.26239502954,0.0,128457.68907608796,17454.75058801195,25940.431049737726,0.0,0.0,0.0,5.5940071046839375
tubeMy,"nTOF 5 ns + veto, per-arm coinc (strict)",14.0,oracle: no accidentals,"no MM loss, no dead time",False,1000000000.0,0.025946942691696687,1.0,0.12413785792627809,0.0,1355.680289429854,184.20899129725018,273.7627566428784,0.0,0.0,0.0,118.07288805045557
tubeMy,"nTOF 5 ns + veto, per-arm coinc (strict)",14.0,oracle: no accidentals,"no MM loss, no dead time",False,1242553630.827767,0.02302332841747792,1.0,0.15931564562762435,0.0,1684.5054658727029,228.8895509675188,340.1649072520271,0.0,0.0,0.0,118.07288805045559
tubeMy,"nTOF 5 ns + veto, per-arm coinc (strict)",14.0,oracle: no accidentals,"no MM loss, no dead time",False,1543939525.4832668,0.02044156218072362,1.0,0.20578245554249144,0.0,2093.0883827693465,284.40754261322775,422.67314058619684,0.0,0.0,0.0,118.07288805045557
tubeMy,"nTOF 5 ns + veto, per-arm coinc (strict)",14.0,oracle: no accidentals,"no MM loss, no dead time",False,1918427663.1677406,0.01815889551285379,1.0,0.26777586231057127,0.0,2600.7745696534807,353.3916247088704,525.1940454887562,0.0,0.0,0.0,118.07288805045557
tubeMy,"nTOF 5 ns + veto, per-arm coinc (strict)",14.0,oracle: no accidentals,"no MM loss, no dead time",False,2383749258.3495045,0.0161389118063467,1.0,0.3513768524463909,0.0,3231.6018844874566,439.1080463861306,652.5817681111774,0.0,0.0,0.0,118.07288805045557
tubeMy,"nTOF 5 ns + veto, per-arm coinc (strict)",14.0,oracle: no accidentals,"no MM loss, no dead time",False,2961936295.9451733,0.014350312826354749,1.0,0.4654005728427863,0.0,4015.438654959742,545.6152973627741,810.8678453785473,0.0,0.0,0.0,118.07288805045559
tubeMy,"nTOF 5 ns + veto, per-arm coinc (strict)",14.0,oracle: no accidentals,"no MM loss, no dead time",False,3680364698.807223,0.012765958970749197,1.0,0.622744437239696,0.0,4989.397880086393,677.9562687732865,1007.5467853966024,0.0,0.0,0.0,118.07288805045557
tubeMy,"nTOF 5 ns + veto, per-arm coinc (strict)",14.0,oracle: no accidentals,"no MM loss, no dead time",False,4573050519.273255,0.011362123871376945,1.0,0.8424357791034679,0.0,6199.594451545711,842.3970233066926,1251.9309164233932,0.0,0.0,0.0,118.07288805045557
tubeMy,"nTOF 5 ns + veto, per-arm coinc (strict)",14.0,oracle: no accidentals,"no MM loss, no dead time",False,5682260526.681813,0.010117926373358906,1.0,1.15275137761892,0.0,7703.328595427835,1046.7234799082385,1555.5913057474277,0.0,0.0,0.0,118.07288805045559
tubeMy,"nTOF 5 ns + veto, per-arm coinc (strict)",14.0,oracle: no accidentals,"no MM loss, no dead time",False,7060513448.737786,0.009014903418244,1.0,1.5959817215888719,0.0,9571.798915708217,1300.6100604326568,1932.905625040573,0.0,0.0,0.0,118.07288805045557
tubeMy,"nTOF 5 ns + veto, per-arm coinc (strict)",14.0,oracle: no accidentals,"no MM loss, no dead time",False,8773066621.237415,0.008036688628278204,1.0,2.2357220132260447,0.0,11893.473496266528,1616.0777528817193,2401.7389024415784,0.0,0.0,0.0,118.07288805045559
tubeMy,"nTOF 5 ns + veto, per-arm coinc (strict)",14.0,oracle: no accidentals,"no MM loss, no dead time",False,10901005783.71244,0.007168765014793033,1.0,3.168048604662144,0.0,14778.278675939795,2008.0632795431595,2984.28939352908,0.0,0.0,0.0,118.0728880504556
tubeMy,"nTOF 5 ns + veto, per-arm coinc (strict)",14.0,oracle: no accidentals,"no MM loss, no dead time",False,13545084316.226381,0.006398266198652716,1.0,4.538674798425887,0.0,18362.803826173556,2495.1263189282663,3708.1396213703524,0.0,0.0,0.0,118.07288805045557
tubeMy,"nTOF 5 ns + veto, per-arm coinc (strict)",14.0,oracle: no accidentals,"no MM loss, no dead time",False,16830493696.995401,0.005713807659456643,1.0,6.569314183091345,0.0,22816.768566390052,3100.328266958249,4607.5623501500495,0.0,0.0,0.0,118.07288805045556
tubeMy,"nTOF 5 ns + veto, per-arm coinc (strict)",14.0,oracle: no accidentals,"no MM loss, no dead time",False,20912791051.82548,0.00510533634421389,1.0,9.598229725418525,0.0,28351.05862592483,3852.3241448669323,5725.143327444266,0.0,0.0,0.0,118.07288805045557
tubeMy,"nTOF 5 ns + veto, per-arm coinc (strict)",14.0,oracle: no accidentals,"no MM loss, no dead time",False,25985264452.18819,0.00456399239534612,1.0,14.142647385697286,0.0,35227.710833453784,4786.7193533298805,7113.797628525237,0.0,0.0,0.0,118.07288805045559
tubeMy,"nTOF 5 ns + veto, per-arm coinc (strict)",14.0,oracle: no accidentals,"no MM loss, no dead time",False,32288084693.086143,0.004081980406181266,1.0,20.994880729683885,0.0,43772.32000185866,5947.7555122335825,8839.275072297989,0.0,0.0,0.0,118.07288805045557
tubeMy,"nTOF 5 ns + veto, per-arm coinc (strict)",14.0,oracle: no accidentals,"no MM loss, no dead time",False,40119676867.86863,0.0036524496382818,1.0,31.370445495682063,0.0,54389.45514806436,7390.405207001702,10983.273334969239,0.0,0.0,0.0,118.07288805045557
tubeMy,"nTOF 5 ns + veto, per-arm coinc (strict)",14.0,oracle: no accidentals,"no MM loss, no dead time",False,49850850159.80715,0.0032693834767645994,1.0,47.13637170741401,0.0,67581.81497297164,9182.97482324844,13647.306160739883,0.0,0.0,0.0,118.07288805045557
tubeMy,"nTOF 5 ns + veto, per-arm coinc (strict)",14.0,oracle: no accidentals,"no MM loss, no dead time",False,61942354865.91934,0.0029274985316886165,1.0,71.16324673122963,0.0,83974.02957259624,11410.338708427318,16957.509821045493,0.0,0.0,0.0,118.07288805045559
tubeMy,"nTOF 5 ns + veto, per-arm coinc (strict)",14.0,oracle: no accidentals,"no MM loss, no dead time",False,76966697940.67009,0.0026221535914284196,1.0,107.86818057258503,0.0,104342.23534066777,14177.957791130984,21070.615397937607,0.0,0.0,0.0,118.07288805045559
tubeMy,"nTOF 5 ns + veto, per-arm coinc (strict)",14.0,oracle: no accidentals,"no MM loss, no dead time",False,95635249979.00362,0.0023492683361298447,1.0,164.05240581920927,0.0,129650.82337123205,17616.87293109262,26181.369666482817,0.0,0.0,0.0,118.07288805045559
tubeMy,"nTOF 5 ns + veto, per-arm coinc (strict)",14.0,oracle: no accidentals,"no MM loss, no dead time",False,118831927096.53207,0.0021052514457481864,1.0,250.19360450556778,0.0,161098.1013197339,21889.909424360543,32531.755939132185,0.0,0.0,0.0,118.07288805045557
tubeMy,"nTOF 5 ns + veto, per-arm coinc (strict)",14.0,oracle: no accidentals,"no MM loss, no dead time",False,147655042472.05704,0.0018869375298930895,1.0,382.44009317476684,0.0,200173.03071429566,27199.386433730262,40422.45145937163,0.0,0.0,0.0,118.07288805045557
tubeMy,"nTOF 5 ns + veto, per-arm coinc (strict)",14.0,oracle: no accidentals,"no MM loss, no dead time",False,183469309133.68265,0.0016915321689862292,1.0,585.68837029931,0.0,248725.72610784622,33796.69636951906,50227.0638278014,0.0,0.0,0.0,118.07288805045559
tubeMy,"nTOF 5 ns + veto, per-arm coinc (strict)",14.0,oracle: no accidentals,"no MM loss, no dead time",False,227970456209.51935,0.0015165642783798495,1.0,898.3329813190715,0.0,309055.054055577,41994.207783929516,62409.82052505263,0.0,0.0,0.0,118.07288805045559
tubeMy,"nTOF 5 ns + veto, per-arm coinc (strict)",14.0,oracle: no accidentals,"no MM loss, no dead time",False,283265518084.60077,0.0013598449782520196,1.0,1379.5979329562579,0.0,384017.4795424292,52180.0553556573,77547.54909271345,0.0,0.0,0.0,118.07288805045557
tubeMy,"nTOF 5 ns + veto, per-arm coinc (strict)",14.0,oracle: no accidentals,"no MM loss, no dead time",False,351972597984.32916,0.0012194321628663368,1.0,2120.8533565450116,0.0,477162.31350677303,64836.51723896585,96356.98868694561,0.0,0.0,0.0,118.07288805045559
tubeMy,"nTOF 5 ns + veto, per-arm coinc (strict)",14.0,oracle: no accidentals,"no MM loss, no dead time",False,437344829577.31195,0.0010936000042657652,1.0,3263.084524919677,0.0,592899.7651420204,80562.84990550444,119728.7261485948,0.0,0.0,0.0,118.07288805045559
tubeMy,"nTOF 5 ns + veto, per-arm coinc (strict)",14.0,oracle: no accidentals,"no MM loss, no dead time",False,543424405915.04004,0.0009808126885449962,1.0,5023.858948435001,0.0,736709.7558941479,100103.66165991698,148769.36339031986,0.0,0.0,0.0,118.07288805045559
tubeMy,"nTOF 5 ns + veto, per-arm coinc (strict)",14.0,oracle: no accidentals,"no MM loss, no dead time",False,675233968650.1552,0.0008797017584964509,1.0,7738.956958225625,0.0,915401.3820525111,124384.16825468415,184853.91263657744,0.0,0.0,0.0,118.07288805045557
tubeMy,"nTOF 5 ns + veto, per-arm coinc (strict)",14.0,oracle: no accidentals,"no MM loss, no dead time",False,839014419404.4929,0.0007890465166299986,1.0,11926.640618550902,0.0,1137435.3109341038,154553.9998823497,229690.90031929815,0.0,0.0,0.0,118.07288805045559
tubeMy,"nTOF 5 ns + veto, per-arm coinc (strict)",14.0,oracle: no accidentals,"no MM loss, no dead time",False,1042520413147.9036,0.00070775702106459,1.0,18386.87334864883,0.0,1413324.3754328806,192041.63371276783,285403.26215984265,0.0,0.0,0.0,118.07288805045559
tubeMy,"nTOF 5 ns + veto, per-arm coinc (strict)",14.0,oracle: no accidentals,"no MM loss, no dead time",False,1295387524568.9966,0.000634859279376217,1.0,28354.499460679963,0.0,1756131.3342315191,238622.02923989674,354628.859646803,0.0,0.0,0.0,118.07288805045557
tubeMy,"nTOF 5 ns + veto, per-arm coinc (strict)",14.0,oracle: no accidentals,"no MM loss, no dead time",False,1609588471982.2002,0.0005694823098604221,1.0,43735.732226599896,0.0,2182087.3655597856,296500.66882752336,440645.37715044565,0.0,0.0,0.0,118.07288805045557
tubeMy,"nTOF 5 ns + veto, per-arm coinc (strict)",14.0,oracle: no accidentals,"no MM loss, no dead time",True,2000000000000.0002,0.0005108467950213065,1.0,67473.26239502954,0.0,2711360.5788597087,368417.9825945004,547525.5132857569,0.0,0.0,0.0,118.07288805045557
tubeMy,"nTOF 5 ns + veto, per-arm coinc (strict)",14.0,oracle: IPC only,MM occ + DREAM,False,1000000000.0,0.022955076250970412,0.9999630082867755,0.12413785792627809,0.005060247802405994,1341.9796828246674,182.34736142582733,270.9960897073483,0.0,0.0,0.0,0.0
tubeMy,"nTOF 5 ns + veto, per-arm coinc (strict)",14.0,oracle: IPC only,MM occ + DREAM,False,1242553630.827767,0.020618472583912008,0.9999525261914726,0.15931564562762435,0.006287629279767796,1663.3760384231693,226.01849755801325,335.8980824335422,0.0,0.0,0.0,0.0
tubeMy,"nTOF 5 ns + veto, per-arm coinc (strict)",14.0,oracle: IPC only,MM occ + DREAM,False,1543939525.4832668,0.018525257866210586,0.9999386805885492,0.20578245554249144,0.007812716590874453,2060.51080548521,279.98092175194574,416.0945044345992,0.0,0.0,0.0,0.0
tubeMy,"nTOF 5 ns + veto, per-arm coinc (strict)",14.0,oracle: IPC only,MM occ + DREAM,False,1918427663.1677406,0.0166507458177102,0.9999202091601176,0.26777586231057127,0.009707719366619424,2550.562898473464,346.5688941790121,515.0544236139938,0.0,0.0,0.0,0.0
tubeMy,"nTOF 5 ns + veto, per-arm coinc (strict)",14.0,oracle: IPC only,MM occ + DREAM,False,2383749258.3495045,0.014972838401047687,0.9998953006610704,0.3513768524463909,0.012062361946049998,3154.2429825236586,428.59656708697577,636.9601009544009,0.0,0.0,0.0,0.0
tubeMy,"nTOF 5 ns + veto, per-arm coinc (strict)",14.0,oracle: IPC only,MM occ + DREAM,False,2961936295.9451733,0.01347176781490699,0.9998613298613671,0.4654005728427863,0.014988131632423112,3896.316627807397,529.4290706881604,786.8126350281565,0.0,0.0,0.0,0.0
tubeMy,"nTOF 5 ns + veto, per-arm coinc (strict)",14.0,oracle: IPC only,MM occ + DREAM,False,3680364698.807223,0.012129867117612284,0.9998144565904481,0.622744437239696,0.018623557379191847,4806.083742741602,653.0476582446117,970.5287775651047,0.0,0.0,0.0,0.0
tubeMy,"nTOF 5 ns + veto, per-arm coinc (strict)",14.0,oracle: IPC only,MM occ + DREAM,False,4573050519.273255,0.010931367246291072,0.9997490171460343,0.8424357791034679,0.023140768840444078,5917.720516363222,804.0961689844764,1195.0099844580936,0.0,0.0,0.0,0.0
tubeMy,"nTOF 5 ns + veto, per-arm coinc (strict)",14.0,oracle: IPC only,MM occ + DREAM,False,5682260526.681813,0.009862218718408174,0.9996565980548751,1.15275137761892,0.02875364634283997,7270.330613818264,987.8879845130898,1468.152754054616,0.0,0.0,0.0,0.0
tubeMy,"nTOF 5 ns + veto, per-arm coinc (strict)",14.0,oracle: IPC only,MM occ + DREAM,False,7060513448.737786,0.008909936906044597,0.9995246235372258,1.5959817215888719,0.03572794766283335,8907.465785997774,1210.3408895496216,1798.7518202410583,0.0,0.0,0.0,0.0
tubeMy,"nTOF 5 ns + veto, per-arm coinc (strict)",14.0,oracle: IPC only,MM occ + DREAM,False,8773066621.237415,0.008063470521976942,0.9993341984271341,2.2357220132260447,0.044393891090478005,10875.754985033274,1477.7907969965224,2196.2233193841034,0.0,0.0,0.0,0.0
tubeMy,"nTOF 5 ns + veto, per-arm coinc (strict)",14.0,oracle: IPC only,MM occ + DREAM,False,10901005783.71244,0.007313093950202795,0.9990568119593463,3.168048604662144,0.055161790561045906,13222.12061850417,1796.6134942992792,2670.042647524704,0.0,0.0,0.0,0.0
tubeMy,"nTOF 5 ns + veto, per-arm coinc (strict)",14.0,oracle: IPC only,MM occ + DREAM,False,13545084316.226381,0.006650325454632684,0.9986493017633231,4.538674798425887,0.06854148314458842,15988.864478328645,2172.5569225322506,3228.752124896283,0.0,0.0,0.0,0.0
tubeMy,"nTOF 5 ns + veto, per-arm coinc (strict)",14.0,oracle: IPC only,MM occ + DREAM,False,16830493696.995401,0.00606787538040161,0.9980461693010998,6.569314183091345,0.0851664687436289,19205.69884188776,2609.6583673948653,3878.351776007128,0.0,0.0,0.0,0.0
tubeMy,"nTOF 5 ns + veto, per-arm coinc (strict)",14.0,oracle: IPC only,MM occ + DREAM,False,20912791051.82548,0.005559631690420081,0.9971478853667582,9.598229725418525,0.10582390496217563,22877.64816397718,3108.600548667696,4619.856226950288,0.0,0.0,0.0,0.0
tubeMy,"nTOF 5 ns + veto, per-arm coinc (strict)",14.0,oracle: IPC only,MM occ + DREAM,False,25985264452.18819,0.005120695380891455,0.995803178620207,14.142647385697286,0.13149187733912385,26967.801168846334,3664.3679852476225,5445.811705122098,0.0,0.0,0.0,0.0
tubeMy,"nTOF 5 ns + veto, per-arm coinc (strict)",14.0,oracle: IPC only,MM occ + DREAM,False,32288084693.086143,0.004747486990624296,0.9937824256377389,20.994880729683885,0.16338570961208776,31374.430659731453,4263.138049152623,6335.6756696087905,0.0,0.0,0.0,0.0
tubeMy,"nTOF 5 ns + veto, per-arm coinc (strict)",14.0,oracle: IPC only,MM occ + DREAM,False,40119676867.86863,0.004437960354054534,0.9907381902772225,31.370445495682063,0.2030155067038708,35903.48318752073,4878.542878876301,7250.261442268681,0.0,0.0,0.0,0.0
tubeMy,"nTOF 5 ns + veto, per-arm coinc (strict)",14.0,oracle: IPC only,MM occ + DREAM,False,49850850159.80715,0.004191986323911727,0.9861479361680406,47.13637170741401,0.25225765496923463,40240.53128826831,5467.858266933142,8126.07431128425,0.0,0.0,0.0,0.0
tubeMy,"nTOF 5 ns + veto, per-arm coinc (strict)",14.0,oracle: IPC only,MM occ + DREAM,False,61942354865.91934,0.004012018103076431,0.9792337353293927,71.16324673122963,0.31344366508612054,43931.663890677286,5969.40706035855,8871.452586861935,0.0,0.0,0.0,0.0
tubeMy,"nTOF 5 ns + veto, per-arm coinc (strict)",14.0,oracle: IPC only,MM occ + DREAM,False,76966697940.67009,0.003904243140240455,0.9688563849081016,107.86818057258503,0.38947056411272174,46390.56996646667,6303.521682697964,9367.998056234459,0.0,0.0,0.0,0.0
tubeMy,"nTOF 5 ns + veto, per-arm coinc (strict)",14.0,oracle: IPC only,MM occ + DREAM,True,95635249979.00362,0.003880611623773478,0.9533909866559186,164.05240581920927,0.4839380635388009,46957.29377028388,6380.527759321835,9482.44087287627,0.0,0.0,0.0,0.0
tubeMy,"nTOF 5 ns + veto, per-arm coinc (strict)",14.0,oracle: IPC only,MM occ + DREAM,False,118831927096.53207,0.003962514741652349,0.9306154573653252,250.19360450556778,0.6013189979458956,45036.189554814926,6119.489317981614,9094.49779372579,0.0,0.0,0.0,0.0
tubeMy,"nTOF 5 ns + veto, per-arm coinc (strict)",14.0,oracle: IPC only,MM occ + DREAM,False,147655042472.05704,0.0041877177903731425,0.8976925414769843,382.44009317476684,0.7471711041833903,40322.607305545396,5479.010704915896,8142.648541151893,0.0,0.0,0.0,0.0
tubeMy,"nTOF 5 ns + veto, per-arm coinc (strict)",14.0,oracle: IPC only,MM occ + DREAM,False,183469309133.68265,0.00462405970319712,0.8514006697246195,585.68837029931,0.9284001683526635,33071.702656727946,4493.762308398352,6678.418618881834,0.0,0.0,0.0,0.0
tubeMy,"nTOF 5 ns + veto, per-arm coinc (strict)",14.0,oracle: IPC only,MM occ + DREAM,False,227970456209.51935,0.0053980767086212935,0.7888281559683555,898.3329813190715,1.153587000047712,24267.51555906188,3297.454862536318,4900.522643961091,0.0,0.0,0.0,0.0
tubeMy,"nTOF 5 ns + veto, per-arm coinc (strict)",14.0,oracle: IPC only,MM occ + DREAM,False,283265518084.60077,0.006758856044760479,0.7086568609276892,1379.5979329562579,1.4333937153849963,15479.503510694434,2103.345272273951,3125.8930188717572,0.0,0.0,0.0,0.0
tubeMy,"nTOF 5 ns + veto, per-arm coinc (strict)",14.0,oracle: IPC only,MM occ + DREAM,False,351972597984.32916,0.009231852821254981,0.6127397289635035,2120.8533565450116,1.7810685654573297,8297.087611688277,1127.4030843192331,1675.493546961972,0.0,0.0,0.0,0.0
tubeMy,"nTOF 5 ns + veto, per-arm coinc (strict)",14.0,oracle: IPC only,MM occ + DREAM,False,437344829577.31195,0.014024389434089877,0.5069967610349609,3263.084524919677,2.2130732127622164,3595.3029777815996,488.5275238630788,726.0266759338822,0.0,0.0,0.0,0.0
tubeMy,"nTOF 5 ns + veto, per-arm coinc (strict)",14.0,oracle: IPC only,MM occ + DREAM,False,543424405915.04004,0.024214320915595444,0.4004629405040205,5023.858948435001,2.749862155805364,1206.0320035070527,163.87487564023562,243.5431483764359,0.0,0.0,0.0,0.0
tubeMy,"nTOF 5 ns + veto, per-arm coinc (strict)",14.0,oracle: IPC only,MM occ + DREAM,False,675233968650.1552,0.048700196746471094,0.30246120178956765,7738.956958225625,3.4168512059718252,298.15492583161273,40.513105166444674,60.20867533350582,0.0,0.0,0.0,0.0
tubeMy,"nTOF 5 ns + veto, per-arm coinc (strict)",14.0,oracle: IPC only,MM occ + DREAM,False,839014419404.4929,0.1174468059144537,0.2195804785509767,11926.640618550902,4.245620871978526,51.265004501937156,6.965856803983179,10.352329425444571,0.0,0.0,0.0,0.0
tubeMy,"nTOF 5 ns + veto, per-arm coinc (strict)",14.0,oracle: IPC only,MM occ + DREAM,False,1042520413147.9036,0.35194645643342054,0.15433793963112216,18386.87334864883,5.275411629595067,5.708870958779816,0.7757178214970345,1.152835416417627,0.0,0.0,0.0,0.0
tubeMy,"nTOF 5 ns + veto, per-arm coinc (strict)",14.0,oracle: IPC only,MM occ + DREAM,False,1295387524568.9966,1.370797558643655,0.10582412781689544,28354.499460679963,6.554981874464405,0.376319545597219,0.051134064897452446,0.07599304716941574,0.0,0.0,0.0,0.0
tubeMy,"nTOF 5 ns + veto, per-arm coinc (strict)",14.0,oracle: IPC only,MM occ + DREAM,False,1609588471982.2002,7.34830289959204,0.07125933964088833,43735.732226599896,8.14491652812595,0.013095718186303203,0.0017794380107322412,0.0026445172500135727,0.0,0.0,0.0,0.0
tubeMy,"nTOF 5 ns + veto, per-arm coinc (strict)",14.0,oracle: IPC only,MM occ + DREAM,False,2000000000000.0002,58.29711365568333,0.04737757496279311,67473.26239502954,10.120495604811989,0.0002080699267594305,2.8272411737849215e-05,4.2017131301731485e-05,0.0,0.0,0.0,0.0
tubeMy,"nTOF 5 ns + veto, per-arm coinc (strict)",14.0,oracle: IPC only,"MM occ ÷10, DAQ 10 µs",False,1000000000.0,0.022850362942734587,0.9999987586229617,0.12413785792627809,0.0005060247802405993,1354.3072866204873,184.0224285327594,273.4854958189944,0.0,0.0,0.0,0.0
tubeMy,"nTOF 5 ns + veto, per-arm coinc (strict)",14.0,oracle: IPC only,"MM occ ÷10, DAQ 10 µs",False,1242553630.827767,0.02050165458002646,0.9999984068460819,0.15931564562762435,0.0006287629279767797,1682.3858077472128,228.60153314485365,339.7368686826835,0.0,0.0,0.0,0.0
tubeMy,"nTOF 5 ns + veto, per-arm coinc (strict)",14.0,oracle: IPC only,"MM occ ÷10, DAQ 10 µs",False,1543939525.4832668,0.018394910338676518,0.9999979421796792,0.20578245554249144,0.0007812716590874453,2089.8160948784853,283.96290617769813,422.01234278562686,0.0,0.0,0.0,0.0
tubeMy,"nTOF 5 ns + veto, per-arm coinc (strict)",14.0,oracle: IPC only,"MM occ ÷10, DAQ 10 µs",False,1918427663.1677406,0.016505266366613692,0.9999973222485473,0.26777586231057127,0.0009707719366619425,2595.7229997616314,352.7052205459563,524.1739438396065,0.0,0.0,0.0,0.0
tubeMy,"nTOF 5 ns + veto, per-arm coinc (strict)",14.0,oracle: IPC only,"MM occ ÷10, DAQ 10 µs",False,2383749258.3495045,0.014810421155690565,0.9999964862438222,0.3513768524463909,0.001206236194605,3223.803802908837,438.0484479300261,651.0070426201204,0.0,0.0,0.0,0.0
tubeMy,"nTOF 5 ns + veto, per-arm coinc (strict)",14.0,oracle: IPC only,"MM occ ÷10, DAQ 10 µs",False,2961936295.9451733,0.013290372372885818,0.9999953460159313,0.4654005728427863,0.0014988131632423113,4003.4012613609702,543.9796638362216,808.4370436031663,0.0,0.0,0.0,0.0
tubeMy,"nTOF 5 ns + veto, per-arm coinc (strict)",14.0,oracle: IPC only,"MM occ ÷10, DAQ 10 µs",False,3680364698.807223,0.011927180840972022,0.9999937725944085,0.622744437239696,0.0018623557379191847,4970.817424269786,675.4315680377911,1003.7946936654649,0.0,0.0,0.0,0.0
tubeMy,"nTOF 5 ns + veto, per-arm coinc (strict)",14.0,oracle: IPC only,"MM occ ÷10, DAQ 10 µs",False,4573050519.273255,0.010704758888675307,0.9999915757131781,0.8424357791034679,0.002314076884044408,6170.9160838649,838.500224611806,1246.1396771072134,0.0,0.0,0.0,0.0
tubeMy,"nTOF 5 ns + veto, per-arm coinc (strict)",14.0,oracle: IPC only,"MM occ ÷10, DAQ 10 µs",False,5682260526.681813,0.009608680580156369,0.9999884726191058,1.15275137761892,0.002875364634283997,7659.067682334298,1040.7093346717652,1546.6533653831007,0.0,0.0,0.0,0.0
tubeMy,"nTOF 5 ns + veto, per-arm coinc (strict)",14.0,oracle: IPC only,"MM occ ÷10, DAQ 10 µs",False,7060513448.737786,0.008626011594933557,0.9999840404374959,1.5959817215888719,0.0035727947662833348,9503.494879913416,1291.3289506950628,1919.1124753762942,0.0,0.0,0.0,0.0
tubeMy,"nTOF 5 ns + veto, per-arm coinc (strict)",14.0,oracle: IPC only,"MM occ ÷10, DAQ 10 µs",False,8773066621.237415,0.007745156765595278,0.9999776432797017,2.2357220132260447,0.0044393891090478005,11788.07784715387,1601.7566578849583,2380.4555632470688,0.0,0.0,0.0,0.0
tubeMy,"nTOF 5 ns + veto, per-arm coinc (strict)",14.0,oracle: IPC only,"MM occ ÷10, DAQ 10 µs",False,10901005783.71244,0.006955723495124574,0.9999683205175749,3.168048604662144,0.005516179056104591,14615.67243723485,1985.968445352515,2951.4530880208567,0.0,0.0,0.0,0.0
tubeMy,"nTOF 5 ns + veto, per-arm coinc (strict)",14.0,oracle: IPC only,"MM occ ÷10, DAQ 10 µs",False,13545084316.226381,0.00624839947166511,0.9999546153118792,4.538674798425887,0.006854148314458843,18111.97650891281,2461.044059665037,3657.4881673733944,0.0,0.0,0.0,0.0
tubeMy,"nTOF 5 ns + veto, per-arm coinc (strict)",14.0,oracle: IPC only,"MM occ ÷10, DAQ 10 µs",False,16830493696.995401,0.005614843279515718,0.9999343111734746,6.569314183091345,0.00851664687436289,22429.941588158956,3047.7664586749106,4529.447457774565,0.0,0.0,0.0,0.0
tubeMy,"nTOF 5 ns + veto, per-arm coinc (strict)",14.0,oracle: IPC only,"MM occ ÷10, DAQ 10 µs",False,20912791051.82548,0.005047586674808008,0.9999040269144631,9.598229725418525,0.010582390496217564,27754.656060873433,3771.2853366967447,5604.707254462765,0.0,0.0,0.0,0.0
tubeMy,"nTOF 5 ns + veto, per-arm coinc (strict)",14.0,oracle: IPC only,"MM occ ÷10, DAQ 10 µs",False,25985264452.18819,0.004539947457122062,0.9998585935247621,14.142647385697286,0.013149187733912385,34308.50287011385,4661.817949186532,6928.175024188445,0.0,0.0,0.0,0.0
tubeMy,"nTOF 5 ns + veto, per-arm coinc (strict)",14.0,oracle: IPC only,"MM occ ÷10, DAQ 10 µs",False,32288084693.086143,0.004085952029803736,0.9997900952619525,20.994880729683885,0.016338570961208776,42356.19051431538,5755.332721638648,8553.305352670244,0.0,0.0,0.0,0.0
tubeMy,"nTOF 5 ns + veto, per-arm coinc (strict)",14.0,oracle: IPC only,"MM occ ÷10, DAQ 10 µs",False,40119676867.86863,0.0036802669094531566,0.9996863939246661,31.370445495682063,0.02030155067038708,52208.92928095969,7094.116713609325,10542.943282991624,0.0,0.0,0.0,0.0
tubeMy,"nTOF 5 ns + veto, per-arm coinc (strict)",14.0,oracle: IPC only,"MM occ ÷10, DAQ 10 µs",False,49850850159.80715,0.0033181386296032723,0.9995288583619997,47.13637170741401,0.025225765496923465,64226.51643013674,8727.058952157116,12969.745392461233,0.0,0.0,0.0,0.0
tubeMy,"nTOF 5 ns + veto, per-arm coinc (strict)",14.0,oracle: IPC only,"MM occ ÷10, DAQ 10 µs",False,61942354865.91934,0.002995341700835788,0.9992888735933272,71.16324673122963,0.031344366508612054,78815.32572827805,10709.377250941829,15915.773803980062,0.0,0.0,0.0,0.0
tubeMy,"nTOF 5 ns + veto, per-arm coinc (strict)",14.0,oracle: IPC only,"MM occ ÷10, DAQ 10 µs",False,76966697940.67009,0.0027081345639328363,0.9989224804949596,107.86818057258503,0.03894705641127218,96419.07039416424,13101.363085095269,19470.63087798618,0.0,0.0,0.0,0.0
tubeMy,"nTOF 5 ns + veto, per-arm coinc (strict)",14.0,oracle: IPC only,"MM occ ÷10, DAQ 10 µs",False,95635249979.00362,0.0024532238430341703,0.9983621628530509,164.05240581920927,0.048393806353880096,117497.6190660433,15965.503118059685,23727.181360749,0.0,0.0,0.0,0.0
tubeMy,"nTOF 5 ns + veto, per-arm coinc (strict)",14.0,oracle: IPC only,"MM occ ÷10, DAQ 10 µs",False,118831927096.53207,0.0022277377356702123,0.9975043080166747,250.19360450556778,0.06013189979458956,142487.01794036268,19361.047034759227,28773.479352998515,0.0,0.0,0.0,0.0
tubeMy,"nTOF 5 ns + veto, per-arm coinc (strict)",14.0,oracle: IPC only,"MM occ ÷10, DAQ 10 µs",False,147655042472.05704,0.002029210172097813,0.9961901693879948,382.44009317476684,0.07471711041833903,171731.26097593844,23334.736519542268,34678.99015209741,0.0,0.0,0.0,0.0
tubeMy,"nTOF 5 ns + veto, per-arm coinc (strict)",14.0,oracle: IPC only,"MM occ ÷10, DAQ 10 µs",False,183469309133.68265,0.0018555786187808513,0.9941772196443779,585.68837029931,0.09284001683526635,205373.6402015419,27906.04200381268,41472.64979931387,0.0,0.0,0.0,0.0
tubeMy,"nTOF 5 ns + veto, per-arm coinc (strict)",14.0,oracle: IPC only,"MM occ ÷10, DAQ 10 µs",False,227970456209.51935,0.0017052004061017061,0.99109665189924,898.3329813190715,0.1153587000047712,243193.83730474493,33045.02677283531,49109.96775434901,0.0,0.0,0.0,0.0
tubeMy,"nTOF 5 ns + veto, per-arm coinc (strict)",14.0,oracle: IPC only,"MM occ ÷10, DAQ 10 µs",False,283265518084.60077,0.0015768957912604313,0.9863917596727045,1379.5979329562579,0.14333937153849963,284378.9406979806,38641.23290763982,57426.78664259586,0.0,0.0,0.0,0.0
tubeMy,"nTOF 5 ns + veto, per-arm coinc (strict)",14.0,oracle: IPC only,"MM occ ÷10, DAQ 10 µs",False,351972597984.32916,0.0014700316488850328,0.9792319268118505,2120.8533565450116,0.178106856545733,327227.6928652355,44463.49459914485,66079.5586888344,0.0,0.0,0.0,0.0
tubeMy,"nTOF 5 ns + veto, per-arm coinc (strict)",14.0,oracle: IPC only,"MM occ ÷10, DAQ 10 µs",False,437344829577.31195,0.0013846696275794904,0.9684002803138015,3263.084524919677,0.22130732127622166,368817.1333351775,50114.641803480925,74478.0284158484,0.0,0.0,0.0,0.0
tubeMy,"nTOF 5 ns + veto, per-arm coinc (strict)",14.0,oracle: IPC only,"MM occ ÷10, DAQ 10 µs",False,543424405915.04004,0.0013218204953694996,0.9521645938481309,5023.858948435001,0.27498621558053643,404723.5327009374,54993.58093083563,81728.87874400696,0.0,0.0,0.0,0.0
tubeMy,"nTOF 5 ns + veto, per-arm coinc (strict)",14.0,oracle: IPC only,"MM occ ÷10, DAQ 10 µs",False,675233968650.1552,0.0012838795283467747,0.9281693718157463,7738.956958225625,0.34168512059718253,428997.60951528675,58291.92733264383,86630.72635178773,0.0,0.0,0.0,0.0
tubeMy,"nTOF 5 ns + veto, per-arm coinc (strict)",14.0,oracle: IPC only,"MM occ ÷10, DAQ 10 µs",True,839014419404.4929,0.0012753813531467802,0.8934423426573015,11926.640618550902,0.4245620871978526,434733.68667847634,59071.34191620964,87789.05572247691,0.0,0.0,0.0,0.0
tubeMy,"nTOF 5 ns + veto, per-arm coinc (strict)",14.0,oracle: IPC only,"MM occ ÷10, DAQ 10 µs",False,1042520413147.9036,0.0013043398919255372,0.8446882426356546,18386.87334864883,0.5275411629595067,415644.33563385555,56477.49281486468,83934.19893563315,0.0,0.0,0.0,0.0
tubeMy,"nTOF 5 ns + veto, per-arm coinc (strict)",14.0,oracle: IPC only,"MM occ ÷10, DAQ 10 µs",False,1295387524568.9966,0.0013847073854535423,0.7790922828586461,28354.499460679963,0.6554981874464405,368797.01997237897,50111.90881230182,74473.9667726365,0.0,0.0,0.0,0.0
tubeMy,"nTOF 5 ns + veto, per-arm coinc (strict)",14.0,oracle: IPC only,"MM occ ÷10, DAQ 10 µs",False,1609588471982.2002,0.001541087316074797,0.6957212270804705,43735.732226599896,0.8144916528125951,297748.0516062933,40457.81935074365,60126.51214916299,0.0,0.0,0.0,0.0
tubeMy,"nTOF 5 ns + veto, per-arm coinc (strict)",14.0,oracle: IPC only,"MM occ ÷10, DAQ 10 µs",False,2000000000000.0002,0.0018182699074596386,0.5971102405835017,67473.26239502954,1.012049560481199,213888.14693387455,29062.9878624976,43192.04843088802,0.0,0.0,0.0,0.0
tubeMy,"nTOF 5 ns + veto, per-arm coinc (strict)",14.0,oracle: IPC only,"no MM loss, DREAM",False,1000000000.0,0.022839211276795335,0.9999630082867755,0.12413785792627809,0.0,1355.6301404933631,184.20217709107072,273.7526296894932,0.0,0.0,0.0,0.0
tubeMy,"nTOF 5 ns + veto, per-arm coinc (strict)",14.0,oracle: IPC only,"no MM loss, DREAM",False,1242553630.827767,0.020489237987372018,0.9999525261914726,0.15931564562762435,0.0,1684.4254959827526,228.87868470880224,340.1487583283524,0.0,0.0,0.0,0.0
tubeMy,"nTOF 5 ns + veto, per-arm coinc (strict)",14.0,oracle: IPC only,"no MM loss, DREAM",False,1543939525.4832668,0.01838108918457421,0.9999386805885492,0.20578245554249144,0.0,2092.9600358216,284.3901029101025,422.64722251797997,0.0,0.0,0.0,0.0
tubeMy,"nTOF 5 ns + veto, per-arm coinc (strict)",14.0,oracle: IPC only,"no MM loss, DREAM",False,1918427663.1677406,0.016489887098989138,0.9999202091601176,0.26777586231057127,0.0,2600.567051666223,353.3634272943274,525.1521398147654,0.0,0.0,0.0,0.0
tubeMy,"nTOF 5 ns + veto, per-arm coinc (strict)",14.0,oracle: IPC only,"no MM loss, DREAM",False,2383749258.3495045,0.014793315516617639,0.9998953006610704,0.3513768524463909,0.0,3231.2635379064654,439.0620720639551,652.5134432314586,0.0,0.0,0.0,0.0
tubeMy,"nTOF 5 ns + veto, per-arm coinc (strict)",14.0,oracle: IPC only,"no MM loss, DREAM",False,2961936295.9451733,0.013271356830431576,0.9998613298613671,0.4654005728427863,0.0,4014.8818335247865,545.5396368138483,810.7554022220157,0.0,0.0,0.0,0.0
tubeMy,"nTOF 5 ns + veto, per-arm coinc (strict)",14.0,oracle: IPC only,"no MM loss, DREAM",False,3680364698.807223,0.011906056386126171,0.9998144565904481,0.622744437239696,0.0,4988.472130192111,677.8304784556514,1007.3598417307568,0.0,0.0,0.0,0.0
tubeMy,"nTOF 5 ns + veto, per-arm coinc (strict)",14.0,oracle: IPC only,"no MM loss, DREAM",False,4573050519.273255,0.010681311404492737,0.9997490171460343,0.8424357791034679,0.0,6198.03845963683,842.1855960976108,1251.6167032290211,0.0,0.0,0.0,0.0
tubeMy,"nTOF 5 ns + veto, per-arm coinc (strict)",14.0,oracle: IPC only,"no MM loss, DREAM",False,5682260526.681813,0.009582682077244373,0.9996565980548751,1.15275137761892,0.0,7700.68325740423,1046.3640330292305,1555.0571126672146,0.0,0.0,0.0,0.0
tubeMy,"nTOF 5 ns + veto, per-arm coinc (strict)",14.0,oracle: IPC only,"no MM loss, DREAM",False,7060513448.737786,0.00859722272837736,0.9995246235372258,1.5959817215888719,0.0,9567.248707797284,1299.9917810226798,1931.9867672016646,0.0,0.0,0.0,0.0
tubeMy,"nTOF 5 ns + veto, per-arm coinc (strict)",14.0,oracle: IPC only,"no MM loss, DREAM",False,8773066621.237415,0.007713331216088182,0.9993341984271341,2.2357220132260447,0.0,11885.554802905877,1615.0017657719775,2400.13982090272,0.0,0.0,0.0,0.0
tubeMy,"nTOF 5 ns + veto, per-arm coinc (strict)",14.0,oracle: IPC only,"no MM loss, DREAM",False,10901005783.71244,0.0069206150286846065,0.9990568119593463,3.168048604662144,0.0,14764.3399802312,2006.1692982730183,2981.4746474632534,0.0,0.0,0.0,0.0
tubeMy,"nTOF 5 ns + veto, per-arm coinc (strict)",14.0,oracle: IPC only,"no MM loss, DREAM",False,13545084316.226381,0.006209772810849492,0.9986493017633231,4.538674798425887,0.0,18338.001219425096,2491.7561562090027,3703.1310437224156,0.0,0.0,0.0,0.0
tubeMy,"nTOF 5 ns + veto, per-arm coinc (strict)",14.0,oracle: IPC only,"no MM loss, DREAM",False,16830493696.995401,0.005572490354431587,0.9980461693010998,6.569314183091345,0.0,22772.188463515344,3094.2707504135997,4598.559953383232,0.0,0.0,0.0,0.0
tubeMy,"nTOF 5 ns + veto, per-arm coinc (strict)",14.0,oracle: IPC only,"no MM loss, DREAM",False,20912791051.82548,0.0050013504120377745,0.9971478853667582,9.598229725418525,0.0,28270.19815674993,3841.3368748013663,5708.814562382654,0.0,0.0,0.0,0.0
tubeMy,"nTOF 5 ns + veto, per-arm coinc (strict)",14.0,oracle: IPC only,"no MM loss, DREAM",False,25985264452.18819,0.004489756052877198,0.995803178620207,14.142647385697286,0.0,35079.866423466774,4766.630347208757,7083.94229054632,0.0,0.0,0.0,0.0
tubeMy,"nTOF 5 ns + veto, per-arm coinc (strict)",14.0,oracle: IPC only,"no MM loss, DREAM",False,32288084693.086143,0.004031867684273932,0.9937824256377389,20.994880729683885,0.0,43500.162347238416,5910.7749000477215,8784.3162222275,0.0,0.0,0.0,0.0
tubeMy,"nTOF 5 ns + veto, per-arm coinc (strict)",14.0,oracle: IPC only,"no MM loss, DREAM",False,40119676867.86863,0.0036225542990119047,0.9907381902772225,31.370445495682063,0.0,53885.710363557446,7321.956680200228,10881.548347207501,0.0,0.0,0.0,0.0
tubeMy,"nTOF 5 ns + veto, per-arm coinc (strict)",14.0,oracle: IPC only,"no MM loss, DREAM",False,49850850159.80715,0.0032573599292140543,0.9861479361680406,47.13637170741401,0.0,66645.66735808639,9055.771669829528,13458.262804667023,0.0,0.0,0.0,0.0
tubeMy,"nTOF 5 ns + veto, per-arm coinc (strict)",14.0,oracle: IPC only,"no MM loss, DREAM",False,61942354865.91934,0.0029324865565426364,0.9792337353293927,71.16324673122963,0.0,82230.20264903433,11173.388594826849,16605.365683947246,0.0,0.0,0.0,0.0
tubeMy,"nTOF 5 ns + veto, per-arm coinc (strict)",14.0,oracle: IPC only,"no MM loss, DREAM",False,76966697940.67009,0.0026447945363484576,0.9688563849081016,107.86818057258503,0.0,101092.64092538974,13736.404930894816,20414.4002622348,0.0,0.0,0.0,0.0
tubeMy,"nTOF 5 ns + veto, per-arm coinc (strict)",14.0,oracle: IPC only,"no MM loss, DREAM",False,95635249979.00362,0.002391820311524234,0.9533909866559186,164.05240581920927,0.0,123607.92641465119,16795.767865566348,24961.08185833139,0.0,0.0,0.0,0.0
tubeMy,"nTOF 5 ns + veto, per-arm coinc (strict)",14.0,oracle: IPC only,"no MM loss, DREAM",False,118831927096.53207,0.0021718076984815708,0.9306154573653252,250.19360450556778,0.0,149920.38324034968,20371.088070636837,30274.55493219263,0.0,0.0,0.0,0.0
tubeMy,"nTOF 5 ns + veto, per-arm coinc (strict)",14.0,oracle: IPC only,"no MM loss, DREAM",False,147655042472.05704,0.0019837416849273664,0.8976925414769843,382.44009317476684,0.0,179693.8366770665,24416.686334309932,36286.933183293346,0.0,0.0,0.0,0.0
tubeMy,"nTOF 5 ns + veto, per-arm coinc (strict)",14.0,oracle: IPC only,"no MM loss, DREAM",False,183469309133.68265,0.0018273610456247765,0.8514006697246195,585.68837029931,0.0,211765.24978596251,28774.52992348814,42763.35578129132,0.0,0.0,0.0,0.0
tubeMy,"nTOF 5 ns + veto, per-arm coinc (strict)",14.0,oracle: IPC only,"no MM loss, DREAM",False,227970456209.51935,0.0017031095461541243,0.7888281559683555,898.3329813190715,0.0,243791.3283833613,33126.21348754909,49230.623639093305,0.0,0.0,0.0,0.0
tubeMy,"nTOF 5 ns + veto, per-arm coinc (strict)",14.0,oracle: IPC only,"no MM loss, DREAM",False,283265518084.60077,0.0016119746790923758,0.7086568609276892,1379.5979329562579,0.0,272136.6215939009,36977.754231373154,54954.6027126782,0.0,0.0,0.0,0.0
tubeMy,"nTOF 5 ns + veto, per-arm coinc (strict)",14.0,oracle: IPC only,"no MM loss, DREAM",False,351972597984.32916,0.0015551798559652714,0.6127397289635035,2120.8533565450116,0.0,292376.3066497384,39727.90999994145,59041.75513177842,0.0,0.0,0.0,0.0
tubeMy,"nTOF 5 ns + veto, per-arm coinc (strict)",14.0,oracle: IPC only,"no MM loss, DREAM",True,437344829577.31195,0.0015337637831748414,0.5069967610349609,3263.084524919677,0.0,300598.26054539334,40845.10396183645,60702.0763601794,0.0,0.0,0.0,0.0
tubeMy,"nTOF 5 ns + veto, per-arm coinc (strict)",14.0,oracle: IPC only,"no MM loss, DREAM",False,543424405915.04004,0.0015481831400570968,0.4004629405040205,5023.858948435001,0.0,295024.9551433696,40087.806703549926,59576.616720198675,0.0,0.0,0.0,0.0
tubeMy,"nTOF 5 ns + veto, per-arm coinc (strict)",14.0,oracle: IPC only,"no MM loss, DREAM",False,675233968650.1552,0.0015981262737282662,0.30246120178956765,7738.956958225625,0.0,276873.40213543363,37621.38501390756,55911.136571562965,0.0,0.0,0.0,0.0
tubeMy,"nTOF 5 ns + veto, per-arm coinc (strict)",14.0,oracle: IPC only,"no MM loss, DREAM",False,839014419404.4929,0.0016826411019489756,0.2195804785509767,11926.640618550902,0.0,249758.58989568954,33937.04125613393,50435.63781091619,0.0,0.0,0.0,0.0
tubeMy,"nTOF 5 ns + veto, per-arm coinc (strict)",14.0,oracle: IPC only,"no MM loss, DREAM",False,1042520413147.9036,0.0018005054337748088,0.15433793963112216,18386.87334864883,0.0,218129.5721347534,29639.310070623236,44048.55144575112,0.0,0.0,0.0,0.0
tubeMy,"nTOF 5 ns + veto, per-arm coinc (strict)",14.0,oracle: IPC only,"no MM loss, DREAM",False,1295387524568.9966,0.0019506567964602123,0.10582412781689544,28354.499460679963,0.0,185841.06677697142,25251.968122209797,37528.28977082314,0.0,0.0,0.0,0.0
tubeMy,"nTOF 5 ns + veto, per-arm coinc (strict)",14.0,oracle: IPC only,"no MM loss, DREAM",False,1609588471982.2002,0.0021325280191474127,0.07125933964088833,43735.732226599896,0.0,155494.104708516,21128.441863731037,31400.098591550937,0.0,0.0,0.0,0.0
tubeMy,"nTOF 5 ns + veto, per-arm coinc (strict)",14.0,oracle: IPC only,"no MM loss, DREAM",False,2000000000000.0002,0.0023462358026579877,0.04737757496279311,67473.26239502954,0.0,128457.68907608796,17454.75058801195,25940.431049737726,0.0,0.0,0.0,0.0
tubeMy,"nTOF 5 ns + veto, per-arm coinc (strict)",14.0,oracle: IPC only,"no MM loss, no dead time",False,1000000000.0,0.022838788842111733,1.0,0.12413785792627809,0.0,1355.680289429854,184.20899129725018,273.7627566428784,0.0,0.0,0.0,0.0
tubeMy,"nTOF 5 ns + veto, per-arm coinc (strict)",14.0,oracle: IPC only,"no MM loss, no dead time",False,1242553630.827767,0.020488751630519123,1.0,0.15931564562762435,0.0,1684.5054658727029,228.8895509675188,340.1649072520271,0.0,0.0,0.0,0.0
tubeMy,"nTOF 5 ns + veto, per-arm coinc (strict)",14.0,oracle: IPC only,"no MM loss, no dead time",False,1543939525.4832668,0.018380525617149368,1.0,0.20578245554249144,0.0,2093.0883827693465,284.40754261322775,422.67314058619684,0.0,0.0,0.0,0.0
tubeMy,"nTOF 5 ns + veto, per-arm coinc (strict)",14.0,oracle: IPC only,"no MM loss, no dead time",False,1918427663.1677406,0.016489229214895002,1.0,0.26777586231057127,0.0,2600.7745696534807,353.3916247088704,525.1940454887562,0.0,0.0,0.0,0.0
tubeMy,"nTOF 5 ns + veto, per-arm coinc (strict)",14.0,oracle: IPC only,"no MM loss, no dead time",False,2383749258.3495045,0.014792541071168529,1.0,0.3513768524463909,0.0,3231.6018844874566,439.1080463861306,652.5817681111774,0.0,0.0,0.0,0.0
tubeMy,"nTOF 5 ns + veto, per-arm coinc (strict)",14.0,oracle: IPC only,"no MM loss, no dead time",False,2961936295.9451733,0.013270436628083547,1.0,0.4654005728427863,0.0,4015.438654959742,545.6152973627741,810.8678453785473,0.0,0.0,0.0,0.0
tubeMy,"nTOF 5 ns + veto, per-arm coinc (strict)",14.0,oracle: IPC only,"no MM loss, no dead time",False,3680364698.807223,0.01190495178973805,1.0,0.622744437239696,0.0,4989.397880086393,677.9562687732865,1007.5467853966024,0.0,0.0,0.0,0.0
tubeMy,"nTOF 5 ns + veto, per-arm coinc (strict)",14.0,oracle: IPC only,"no MM loss, no dead time",False,4573050519.273255,0.010679970907366809,1.0,0.8424357791034679,0.0,6199.594451545711,842.3970233066926,1251.9309164233932,0.0,0.0,0.0,0.0
tubeMy,"nTOF 5 ns + veto, per-arm coinc (strict)",14.0,oracle: IPC only,"no MM loss, no dead time",False,5682260526.681813,0.009581036580133087,1.0,1.15275137761892,0.0,7703.328595427835,1046.7234799082385,1555.5913057474277,0.0,0.0,0.0,0.0
tubeMy,"nTOF 5 ns + veto, per-arm coinc (strict)",14.0,oracle: IPC only,"no MM loss, no dead time",False,7060513448.737786,0.008595179026801427,1.0,1.5959817215888719,0.0,9571.798915708217,1300.6100604326568,1932.905625040573,0.0,0.0,0.0,0.0
tubeMy,"nTOF 5 ns + veto, per-arm coinc (strict)",14.0,oracle: IPC only,"no MM loss, no dead time",False,8773066621.237415,0.007710763014510989,1.0,2.2357220132260447,0.0,11893.473496266528,1616.0777528817193,2401.7389024415784,0.0,0.0,0.0,0.0
tubeMy,"nTOF 5 ns + veto, per-arm coinc (strict)",14.0,oracle: IPC only,"no MM loss, no dead time",False,10901005783.71244,0.006917350538081384,1.0,3.168048604662144,0.0,14778.278675939795,2008.0632795431595,2984.28939352908,0.0,0.0,0.0,0.0
tubeMy,"nTOF 5 ns + veto, per-arm coinc (strict)",14.0,oracle: IPC only,"no MM loss, no dead time",False,13545084316.226381,0.0062055776291718035,1.0,4.538674798425887,0.0,18362.803826173556,2495.1263189282663,3708.1396213703524,0.0,0.0,0.0,0.0
tubeMy,"nTOF 5 ns + veto, per-arm coinc (strict)",14.0,oracle: IPC only,"no MM loss, no dead time",False,16830493696.995401,0.005567043841377819,1.0,6.569314183091345,0.0,22816.768566390052,3100.328266958249,4607.5623501500495,0.0,0.0,0.0,0.0
tubeMy,"nTOF 5 ns + veto, per-arm coinc (strict)",14.0,oracle: IPC only,"no MM loss, no dead time",False,20912791051.82548,0.004994213106952775,1.0,9.598229725418525,0.0,28351.05862592483,3852.3241448669323,5725.143327444266,0.0,0.0,0.0,0.0
tubeMy,"nTOF 5 ns + veto, per-arm coinc (strict)",14.0,oracle: IPC only,"no MM loss, no dead time",False,25985264452.18819,0.00448032479505062,1.0,14.142647385697286,0.0,35227.710833453784,4786.7193533298805,7113.797628525237,0.0,0.0,0.0,0.0
tubeMy,"nTOF 5 ns + veto, per-arm coinc (strict)",14.0,oracle: IPC only,"no MM loss, no dead time",False,32288084693.086143,0.004019313921786795,1.0,20.994880729683885,0.0,43772.32000185866,5947.7555122335825,8839.275072297989,0.0,0.0,0.0,0.0
tubeMy,"nTOF 5 ns + veto, per-arm coinc (strict)",14.0,oracle: IPC only,"no MM loss, no dead time",False,40119676867.86863,0.003605739570424743,1.0,31.370445495682063,0.0,54389.45514806436,7390.405207001702,10983.273334969239,0.0,0.0,0.0,0.0
tubeMy,"nTOF 5 ns + veto, per-arm coinc (strict)",14.0,oracle: IPC only,"no MM loss, no dead time",False,49850850159.80715,0.00323472067689279,1.0,47.13637170741401,0.0,67581.81497297164,9182.97482324844,13647.306160739883,0.0,0.0,0.0,0.0
tubeMy,"nTOF 5 ns + veto, per-arm coinc (strict)",14.0,oracle: IPC only,"no MM loss, no dead time",False,61942354865.91934,0.002901878422762851,1.0,71.16324673122963,0.0,83974.02957259624,11410.338708427318,16957.509821045493,0.0,0.0,0.0,0.0
tubeMy,"nTOF 5 ns + veto, per-arm coinc (strict)",14.0,oracle: IPC only,"no MM loss, no dead time",False,76966697940.67009,0.002603284555804545,1.0,107.86818057258503,0.0,104342.23534066777,14177.957791130984,21070.615397937607,0.0,0.0,0.0,0.0
tubeMy,"nTOF 5 ns + veto, per-arm coinc (strict)",14.0,oracle: IPC only,"no MM loss, no dead time",False,95635249979.00362,0.0023354150281864883,1.0,164.05240581920927,0.0,129650.82337123205,17616.87293109262,26181.369666482817,0.0,0.0,0.0,0.0
tubeMy,"nTOF 5 ns + veto, per-arm coinc (strict)",14.0,oracle: IPC only,"no MM loss, no dead time",False,118831927096.53207,0.002095108405156151,1.0,250.19360450556778,0.0,161098.1013197339,21889.909424360543,32531.755939132185,0.0,0.0,0.0,0.0
tubeMy,"nTOF 5 ns + veto, per-arm coinc (strict)",14.0,oracle: IPC only,"no MM loss, no dead time",False,147655042472.05704,0.001879528553331475,1.0,382.44009317476684,0.0,200173.03071429566,27199.386433730262,40422.45145937163,0.0,0.0,0.0,0.0
tubeMy,"nTOF 5 ns + veto, per-arm coinc (strict)",14.0,oracle: IPC only,"no MM loss, no dead time",False,183469309133.68265,0.0016861311682461716,1.0,585.68837029931,0.0,248725.72610784622,33796.69636951906,50227.0638278014,0.0,0.0,0.0,0.0
tubeMy,"nTOF 5 ns + veto, per-arm coinc (strict)",14.0,oracle: IPC only,"no MM loss, no dead time",False,227970456209.51935,0.001512633746101861,1.0,898.3329813190715,0.0,309055.054055577,41994.207783929516,62409.82052505263,0.0,0.0,0.0,0.0
tubeMy,"nTOF 5 ns + veto, per-arm coinc (strict)",14.0,oracle: IPC only,"no MM loss, no dead time",False,283265518084.60077,0.001356988645329459,1.0,1379.5979329562579,0.0,384017.4795424292,52180.0553556573,77547.54909271345,0.0,0.0,0.0,0.0
tubeMy,"nTOF 5 ns + veto, per-arm coinc (strict)",14.0,oracle: IPC only,"no MM loss, no dead time",False,351972597984.32916,0.0012173589200284026,1.0,2120.8533565450116,0.0,477162.31350677303,64836.51723896585,96356.98868694561,0.0,0.0,0.0,0.0
tubeMy,"nTOF 5 ns + veto, per-arm coinc (strict)",14.0,oracle: IPC only,"no MM loss, no dead time",False,437344829577.31195,0.0010920966400665177,1.0,3263.084524919677,0.0,592899.7651420204,80562.84990550444,119728.7261485948,0.0,0.0,0.0,0.0
tubeMy,"nTOF 5 ns + veto, per-arm coinc (strict)",14.0,oracle: IPC only,"no MM loss, no dead time",False,543424405915.04004,0.0009797234419712064,1.0,5023.858948435001,0.0,736709.7558941479,100103.66165991698,148769.36339031986,0.0,0.0,0.0,0.0
tubeMy,"nTOF 5 ns + veto, per-arm coinc (strict)",14.0,oracle: IPC only,"no MM loss, no dead time",False,675233968650.1552,0.0008789130810707805,1.0,7738.956958225625,0.0,915401.3820525111,124384.16825468415,184853.91263657744,0.0,0.0,0.0,0.0
tubeMy,"nTOF 5 ns + veto, per-arm coinc (strict)",14.0,oracle: IPC only,"no MM loss, no dead time",False,839014419404.4929,0.0007884757789637883,1.0,11926.640618550902,0.0,1137435.3109341038,154553.9998823497,229690.90031929815,0.0,0.0,0.0,0.0
tubeMy,"nTOF 5 ns + veto, per-arm coinc (strict)",14.0,oracle: IPC only,"no MM loss, no dead time",False,1042520413147.9036,0.0007073441815829418,1.0,18386.87334864883,0.0,1413324.3754328806,192041.63371276783,285403.26215984265,0.0,0.0,0.0,0.0
tubeMy,"nTOF 5 ns + veto, per-arm coinc (strict)",14.0,oracle: IPC only,"no MM loss, no dead time",False,1295387524568.9966,0.0006345607621286482,1.0,28354.499460679963,0.0,1756131.3342315191,238622.02923989674,354628.859646803,0.0,0.0,0.0,0.0
tubeMy,"nTOF 5 ns + veto, per-arm coinc (strict)",14.0,oracle: IPC only,"no MM loss, no dead time",False,1609588471982.2002,0.0005692665201997922,1.0,43735.732226599896,0.0,2182087.3655597856,296500.66882752336,440645.37715044565,0.0,0.0,0.0,0.0
tubeMy,"nTOF 5 ns + veto, per-arm coinc (strict)",14.0,oracle: IPC only,"no MM loss, no dead time",True,2000000000000.0002,0.0005106908437472555,1.0,67473.26239502954,0.0,2711360.5788597087,368417.9825945004,547525.5132857569,0.0,0.0,0.0,0.0
tubeMy,"nTOF 5 ns, no veto, strict",14.0,as is,MM occ + DREAM,False,1000000000.0,0.05686137461221295,0.9999630082867755,0.12413785792627809,0.005060247802405994,1341.9796828246674,182.34736142582733,270.9960897073483,0.0,0.0,3.3054937603056125,11687.9634594954
tubeMy,"nTOF 5 ns, no veto, strict",14.0,as is,MM occ + DREAM,False,1242553630.827767,0.047372752701222064,0.9999525261914726,0.15931564562762435,0.006287629279767796,1663.3760384231693,226.01849755801325,335.8980824335422,0.0,0.0,5.090916625929714,11659.185247511152
tubeMy,"nTOF 5 ns, no veto, strict",14.0,as is,MM occ + DREAM,False,1543939525.4832668,0.039657480343495116,0.9999386805885492,0.20578245554249144,0.007812716590874453,2060.51080548521,279.98092175194574,416.0945044345992,0.0,0.0,7.836020846693296,11623.515932992463
tubeMy,"nTOF 5 ns, no veto, strict",14.0,as is,MM occ + DREAM,False,1918427663.1677406,0.03336846238323131,0.9999202091601176,0.26777586231057127,0.009707719366619424,2550.562898473464,346.5688941790121,515.0544236139938,0.0,0.0,12.052353662742943,11579.332214757365
tubeMy,"nTOF 5 ns, no veto, strict",14.0,as is,MM occ + DREAM,False,2383749258.3495045,0.028227664310928276,0.9998953006610704,0.3513768524463909,0.012062361946049998,3154.2429825236586,428.59656708697577,636.9601009544009,0.0,0.0,18.520218978085317,11524.642944021549
tubeMy,"nTOF 5 ns, no veto, strict",14.0,as is,MM occ + DREAM,False,2961936295.9451733,0.024012667668405513,0.9998613298613671,0.4654005728427863,0.014988131632423112,3896.316627807397,529.4290706881604,786.8126350281565,0.0,0.0,28.426301396726053,11457.01370474165
tubeMy,"nTOF 5 ns, no veto, strict",14.0,as is,MM occ + DREAM,False,3680364698.807223,0.02054578097069688,0.9998144565904481,0.622744437239696,0.018623557379191847,4806.083742741602,653.0476582446117,970.5287775651047,0.0,0.0,43.568498299710505,11373.480354868349
tubeMy,"nTOF 5 ns, no veto, strict",14.0,as is,MM occ + DREAM,False,4573050519.273255,0.017685213405765142,0.9997490171460343,0.8424357791034679,0.023140768840444078,5917.720516363222,804.0961689844764,1195.0099844580936,0.0,0.0,66.65778072706391,11270.452567558355
tubeMy,"nTOF 5 ns, no veto, strict",14.0,as is,MM occ + DREAM,False,5682260526.681813,0.01531792724707905,0.9996565980548751,1.15275137761892,0.02875364634283997,7270.330613818264,987.8879845130898,1468.152754054616,0.0,0.0,101.75733007062429,11143.610479821258
tubeMy,"nTOF 5 ns, no veto, strict",14.0,as is,MM occ + DREAM,False,7060513448.737786,0.013353871033518688,0.9995246235372258,1.5959817215888719,0.03572794766283335,8907.465785997774,1210.3408895496216,1798.7518202410583,0.0,0.0,154.9104973872697,10987.800932982313
tubeMy,"nTOF 5 ns, no veto, strict",14.0,as is,MM occ + DREAM,False,8773066621.237415,0.011721358594392314,0.9993341984271341,2.2357220132260447,0.044393891090478005,10875.754985033274,1477.7907969965224,2196.2233193841034,0.0,0.0,235.01806338248042,10796.945074246969
tubeMy,"nTOF 5 ns, no veto, strict",14.0,as is,MM occ + DREAM,False,10901005783.71244,0.01036340191888753,0.9990568119593463,3.168048604662144,0.055161790561045906,13222.12061850417,1796.6134942992792,2670.042647524704,0.0,0.0,355.0243047809622,10563.977049099625
tubeMy,"nTOF 5 ns, no veto, strict",14.0,as is,MM occ + DREAM,False,13545084316.226381,0.009234836214537199,0.9986493017633231,4.538674798425887,0.06854148314458842,15988.864478328645,2172.5569225322506,3228.752124896283,0.0,0.0,533.4451060305396,10280.845035836745
tubeMy,"nTOF 5 ns, no veto, strict",14.0,as is,MM occ + DREAM,False,16830493696.995401,0.008300102331456203,0.9980461693010998,6.569314183091345,0.0851664687436289,19205.69884188776,2609.6583673948653,3878.351776007128,0.0,0.0,796.1911959743533,9938.621775869447
tubeMy,"nTOF 5 ns, no veto, strict",14.0,as is,MM occ + DREAM,False,20912791051.82548,0.007531581619229343,0.9971478853667582,9.598229725418525,0.10582390496217563,22877.64816397718,3108.600548667696,4619.856226950288,0.0,0.0,1178.4570960653336,9527.792334544165
tubeMy,"nTOF 5 ns, no veto, strict",14.0,as is,MM occ + DREAM,False,25985264452.18819,0.0069084138730551945,0.995803178620207,14.142647385697286,0.13149187733912385,26967.801168846334,3664.3679852476225,5445.811705122098,0.0,0.0,1726.0885807372883,9038.810904943371
tubeMy,"nTOF 5 ns, no veto, strict",14.0,as is,MM occ + DREAM,False,32288084693.086143,0.006415771324178996,0.9937824256377389,20.994880729683885,0.16338570961208776,31374.430659731453,4263.138049152623,6335.6756696087905,0.0,0.0,2495.218250131563,8463.041572336018
tubeMy,"nTOF 5 ns, no veto, strict",14.0,as is,MM occ + DREAM,False,40119676867.86863,0.006044614638247027,0.9907381902772225,31.370445495682063,0.2030155067038708,35903.48318752073,4878.542878876301,7250.261442268681,0.0,0.0,3548.0065359897326,7794.209262587946
tubeMy,"nTOF 5 ns, no veto, strict",14.0,as is,MM occ + DREAM,False,49850850159.80715,0.005792033342302367,0.9861479361680406,47.13637170741401,0.25225765496923463,40240.53128826831,5467.858266933142,8126.07431128425,0.0,0.0,4941.1345038964755,7030.464848851392
tubeMy,"nTOF 5 ns, no veto, strict",14.0,as is,MM occ + DREAM,True,61942354865.91934,0.005662403357816935,0.9792337353293927,71.16324673122963,0.31344366508612054,43931.663890677286,5969.40706035855,8871.452586861935,0.0,0.0,6702.792346616461,6177.0745775035775
tubeMy,"nTOF 5 ns, no veto, strict",14.0,as is,MM occ + DREAM,False,76966697940.67009,0.005669845171521419,0.9688563849081016,107.86818057258503,0.38947056411272174,46390.56996646667,6303.521682697964,9367.998056234459,0.0,0.0,8794.739171501938,5249.521975798214
tubeMy,"nTOF 5 ns, no veto, strict",14.0,as is,MM occ + DREAM,False,95635249979.00362,0.0058429827713865675,0.9533909866559186,164.05240581920927,0.4839380635388009,46957.29377028388,6380.527759321835,9482.44087287627,0.0,0.0,11061.434655407535,4276.396513592303
tubeMy,"nTOF 5 ns, no veto, strict",14.0,as is,MM occ + DREAM,False,118831927096.53207,0.006234104728260036,0.9306154573653252,250.19360450556778,0.6013189979458956,45036.189554814926,6119.489317981614,9094.49779372579,0.0,0.0,13182.117529485871,3300.8166601361295
tubeMy,"nTOF 5 ns, no veto, strict",14.0,as is,MM occ + DREAM,False,147655042472.05704,0.006937256913795546,0.8976925414769843,382.44009317476684,0.7471711041833903,40322.607305545396,5479.010704915896,8142.648541151893,0.0,0.0,14665.176360355821,2378.445628415081
tubeMy,"nTOF 5 ns, no veto, strict",14.0,as is,MM occ + DREAM,False,183469309133.68265,0.008125450951984952,0.8514006697246195,585.68837029931,0.9284001683526635,33071.702656727946,4493.762308398352,6678.418618881834,0.0,0.0,14945.497667568892,1569.9507672691086
tubeMy,"nTOF 5 ns, no veto, strict",14.0,as is,MM occ + DREAM,False,227970456209.51935,0.010131333879178356,0.7888281559683555,898.3329813190715,1.153587000047712,24267.51555906188,3297.454862536318,4900.522643961091,0.0,0.0,13626.812680345198,927.127904969492
tubeMy,"nTOF 5 ns, no veto, strict",14.0,as is,MM occ + DREAM,False,283265518084.60077,0.0136339998631874,0.7086568609276892,1379.5979329562579,1.4333937153849963,15479.503510694434,2103.345272273951,3125.8930188717572,0.0,0.0,10800.432299960195,475.9443990082537
tubeMy,"nTOF 5 ns, no veto, strict",14.0,as is,MM occ + DREAM,False,351972597984.32916,0.020127326011780623,0.6127397289635035,2120.8533565450116,1.7810685654573297,8297.087611688277,1127.4030843192331,1675.493546961972,0.0,0.0,7193.2462946415235,205.30982204356044
tubeMy,"nTOF 5 ns, no veto, strict",14.0,as is,MM occ + DREAM,False,437344829577.31195,0.033209171351626064,0.5069967610349609,3263.084524919677,2.2130732127622164,3595.3029777815996,488.5275238630788,726.0266759338822,0.0,0.0,3873.0213575128364,71.59857887637918
tubeMy,"nTOF 5 ns, no veto, strict",14.0,as is,MM occ + DREAM,False,543424405915.04004,0.06254198884637557,0.4004629405040205,5023.858948435001,2.749862155805364,1206.0320035070527,163.87487564023562,243.5431483764359,0.0,0.0,1614.3153362268936,19.329142935337373
tubeMy,"nTOF 5 ns, no veto, strict",14.0,as is,MM occ + DREAM,False,675233968650.1552,0.1377030691870882,0.30246120178956765,7738.956958225625,3.4168512059718252,298.15492583161273,40.513105166444674,60.20867533350582,0.0,0.0,495.8915085146931,3.845746125101267
tubeMy,"nTOF 5 ns, no veto, strict",14.0,as is,MM occ + DREAM,False,839014419404.4929,0.3646868478499222,0.2195804785509767,11926.640618550902,4.245620871978526,51.265004501937156,6.965856803983179,10.352329425444571,0.0,0.0,105.94508786282483,0.5321627594357321
tubeMy,"nTOF 5 ns, no veto, strict",14.0,as is,MM occ + DREAM,False,1042520413147.9036,1.2032725472952148,0.15433793963112216,18386.87334864883,5.275411629595067,5.708870958779816,0.7757178214970345,1.152835416417627,0.0,0.0,14.65970377955035,0.04769343070334085
tubeMy,"nTOF 5 ns, no veto, strict",14.0,as is,MM occ + DREAM,False,1295387524568.9966,5.171630345694464,0.10582412781689544,28354.499460679963,6.554981874464405,0.376319545597219,0.051134064897452446,0.07599304716941574,0.0,0.0,1.200734216906689,0.002530171560200686
tubeMy,"nTOF 5 ns, no veto, strict",14.0,as is,MM occ + DREAM,False,1609588471982.2002,30.64830171106096,0.07125933964088833,43735.732226599896,8.14491652812595,0.013095718186303203,0.0017794380107322412,0.0026445172500135727,0.0,0.0,0.0519199869365628,7.08610155466907e-05
tubeMy,"nTOF 5 ns, no veto, strict",14.0,as is,MM occ + DREAM,False,2000000000000.0002,269.2112583526982,0.04737757496279311,67473.26239502954,10.120495604811989,0.0002080699267594305,2.8272411737849215e-05,4.2017131301731485e-05,0.0,0.0,0.0010250137962787658,9.060918477786832e-07
tubeMy,"nTOF 5 ns, no veto, strict",14.0,as is,"MM occ ÷10, DAQ 10 µs",False,1000000000.0,0.056601992217600754,0.9999987586229617,0.12413785792627809,0.0005060247802405993,1354.3072866204873,184.0224285327594,273.4854958189944,0.0,0.0,3.3358584654856736,11795.330645863978
tubeMy,"nTOF 5 ns, no veto, strict",14.0,as is,"MM occ ÷10, DAQ 10 µs",False,1242553630.827767,0.04710435307139506,0.9999984068460819,0.15931564562762435,0.0006287629279767797,1682.3858077472128,228.60153314485365,339.7368686826835,0.0,0.0,5.149097787898719,11792.431378837882
tubeMy,"nTOF 5 ns, no veto, strict",14.0,as is,"MM occ ÷10, DAQ 10 µs",False,1543939525.4832668,0.039378442148813114,0.9999979421796792,0.20578245554249144,0.0007812716590874453,2089.8160948784853,283.96290617769813,422.01234278562686,0.0,0.0,7.94746741518145,11788.829551963503
tubeMy,"nTOF 5 ns, no veto, strict",14.0,as is,"MM occ ÷10, DAQ 10 µs",False,1918427663.1677406,0.03307691835003352,0.9999973222485473,0.26777586231057127,0.0009707719366619425,2595.7229997616314,352.7052205459563,524.1739438396065,0.0,0.0,12.265751855156097,11784.355120085738
tubeMy,"nTOF 5 ns, no veto, strict",14.0,as is,"MM occ ÷10, DAQ 10 µs",False,2383749258.3495045,0.027921465889663988,0.9999964862438222,0.3513768524463909,0.001206236194605,3223.803802908837,438.0484479300261,651.0070426201204,0.0,0.0,18.928647128030203,11778.796990578545
tubeMy,"nTOF 5 ns, no veto, strict",14.0,as is,"MM occ ÷10, DAQ 10 µs",False,2961936295.9451733,0.023689340505581476,0.9999953460159313,0.4654005728427863,0.0014988131632423113,4003.4012613609702,543.9796638362216,808.4370436031663,0.0,0.0,29.207557223479753,11771.893174606737
tubeMy,"nTOF 5 ns, no veto, strict",14.0,as is,"MM occ ÷10, DAQ 10 µs",False,3680364698.807223,0.020202467412086672,0.9999937725944085,0.622744437239696,0.0018623557379191847,4970.817424269786,675.4315680377911,1003.7946936654649,0.0,0.0,45.06185536707435,11763.31860799399
tubeMy,"nTOF 5 ns, no veto, strict",14.0,as is,"MM occ ÷10, DAQ 10 µs",False,4573050519.273255,0.017318597128617927,0.9999915757131781,0.8424357791034679,0.002314076884044408,6170.9160838649,838.500224611806,1246.1396771072134,0.0,0.0,69.50980027968104,11752.670108240285
tubeMy,"nTOF 5 ns, no veto, strict",14.0,as is,"MM occ ÷10, DAQ 10 µs",False,5682260526.681813,0.01492413363258012,0.9999884726191058,1.15275137761892,0.002875364634283997,7659.067682334298,1040.7093346717652,1546.6533653831007,0.0,0.0,107.19818940602914,11739.447822125447
tubeMy,"nTOF 5 ns, no veto, strict",14.0,as is,"MM occ ÷10, DAQ 10 µs",False,7060513448.737786,0.012928334688232526,0.9999840404374959,1.5959817215888719,0.0035727947662833348,9503.494879913416,1291.3289506950628,1919.1124753762942,0.0,0.0,165.2760902072721,11723.032388432388
tubeMy,"nTOF 5 ns, no veto, strict",14.0,as is,"MM occ ÷10, DAQ 10 µs",False,8773066621.237415,0.011258645960432953,0.9999776432797017,2.2357220132260447,0.0044393891090478005,11788.07784715387,1601.7566578849583,2380.4555632470688,0.0,0.0,254.73277307667723,11702.656893412759
tubeMy,"nTOF 5 ns, no veto, strict",14.0,as is,"MM occ ÷10, DAQ 10 µs",False,10901005783.71244,0.009856971441564239,0.9999683205175749,3.168048604662144,0.005516179056104591,14615.67243723485,1985.968445352515,2951.4530880208567,0.0,0.0,392.4422636618331,11677.37253644675
tubeMy,"nTOF 5 ns, no veto, strict",14.0,as is,"MM occ ÷10, DAQ 10 µs",False,13545084316.226381,0.008676710052382717,0.9999546153118792,4.538674798425887,0.006854148314458843,18111.97650891281,2461.044059665037,3657.4881673733944,0.0,0.0,604.2796373885836,11646.00675884349
tubeMy,"nTOF 5 ns, no veto, strict",14.0,as is,"MM occ ÷10, DAQ 10 µs",False,16830493696.995401,0.007680410501770229,0.9999343111734746,6.569314183091345,0.00851664687436289,22429.941588158956,3047.7664586749106,4529.447457774565,0.0,0.0,929.8553604184195,11607.11243755215
tubeMy,"nTOF 5 ns, no veto, strict",14.0,as is,"MM occ ÷10, DAQ 10 µs",False,20912791051.82548,0.006837918973474039,0.9999040269144631,9.598229725418525,0.010582390496217564,27754.656060873433,3771.2853366967447,5604.707254462765,0.0,0.0,1429.6780486068517,11558.906639760464
tubeMy,"nTOF 5 ns, no veto, strict",14.0,as is,"MM occ ÷10, DAQ 10 µs",False,25985264452.18819,0.006124917352584965,0.9998585935247621,14.142647385697286,0.013149187733912385,34308.50287011385,4661.817949186532,6928.175024188445,0.0,0.0,2195.934131059503,11499.19742929981
tubeMy,"nTOF 5 ns, no veto, strict",14.0,as is,"MM occ ÷10, DAQ 10 µs",False,32288084693.086143,0.005521770552832754,0.9997900952619525,20.994880729683885,0.016338570961208776,42356.19051431538,5755.332721638648,8553.305352670244,0.0,0.0,3368.601034504756,11425.297403994513
tubeMy,"nTOF 5 ns, no veto, strict",14.0,as is,"MM occ ÷10, DAQ 10 µs",False,40119676867.86863,0.005012616936339427,0.9996863939246661,31.370445495682063,0.02030155067038708,52208.92928095969,7094.116713609325,10542.943282991624,0.0,0.0,5159.321767149747,11333.92317581304
tubeMy,"nTOF 5 ns, no veto, strict",14.0,as is,"MM occ ÷10, DAQ 10 µs",False,49850850159.80715,0.0045846451042592575,0.9995288583619997,47.13637170741401,0.025225765496923465,64226.51643013674,8727.058952157116,12969.745392461233,0.0,0.0,7886.373420982714,11221.081125683224
tubeMy,"nTOF 5 ns, no veto, strict",14.0,as is,"MM occ ÷10, DAQ 10 µs",False,61942354865.91934,0.004227506573715615,0.9992888735933272,71.16324673122963,0.031344366508612054,78815.32572827805,10709.377250941829,15915.773803980062,0.0,0.0,12025.102518361302,11081.941855999765
tubeMy,"nTOF 5 ns, no veto, strict",14.0,as is,"MM occ ÷10, DAQ 10 µs",False,76966697940.67009,0.003932824655023708,0.9989224804949596,107.86818057258503,0.03894705641127218,96419.07039416424,13101.363085095269,19470.63087798618,0.0,0.0,18279.158369649704,10910.709424050461
tubeMy,"nTOF 5 ns, no veto, strict",14.0,as is,"MM occ ÷10, DAQ 10 µs",False,95635249979.00362,0.0036937849078710425,0.9983621628530509,164.05240581920927,0.048393806353880096,117497.6190660433,15965.503118059685,23727.181360749,0.0,0.0,27678.17587238157,10700.497583772627
tubeMy,"nTOF 5 ns, no veto, strict",14.0,as is,"MM occ ÷10, DAQ 10 µs",False,118831927096.53207,0.0035048324755187596,0.9975043080166747,250.19360450556778,0.06013189979458956,142487.01794036268,19361.047034759227,28773.479352998515,0.0,0.0,41706.028762262606,10443.235258573985
tubeMy,"nTOF 5 ns, no veto, strict",14.0,as is,"MM occ ÷10, DAQ 10 µs",False,147655042472.05704,0.003361533178833296,0.9961901693879948,382.44009317476684,0.07471711041833903,171731.26097593844,23334.736519542268,34678.99015209741,0.0,0.0,62457.99557837804,10129.63928238483
tubeMy,"nTOF 5 ns, no veto, strict",14.0,as is,"MM occ ÷10, DAQ 10 µs",False,183469309133.68265,0.0032606441140954744,0.9941772196443779,585.68837029931,0.09284001683526635,205373.6402015419,27906.04200381268,41472.64979931387,0.0,0.0,92810.80240928722,9749.316730315595
tubeMy,"nTOF 5 ns, no veto, strict",14.0,as is,"MM occ ÷10, DAQ 10 µs",False,227970456209.51935,0.0032003907275966344,0.99109665189924,898.3329813190715,0.1153587000047712,243193.83730474493,33045.02677283531,49109.96775434901,0.0,0.0,136559.3794676118,9291.09501683805
tubeMy,"nTOF 5 ns, no veto, strict",14.0,as is,"MM occ ÷10, DAQ 10 µs",True,283265518084.60077,0.003180922460831522,0.9863917596727045,1379.5979329562579,0.14333937153849963,284378.9406979806,38641.23290763982,57426.78664259586,0.0,0.0,198418.2176399239,8743.727725349523
tubeMy,"nTOF 5 ns, no veto, strict",14.0,as is,"MM occ ÷10, DAQ 10 µs",False,351972597984.32916,0.0032049694484538246,0.9792319268118505,2120.8533565450116,0.178106856545733,327227.6928652355,44463.49459914485,66079.5586888344,0.0,0.0,283693.44755273673,8097.185727585207
tubeMy,"nTOF 5 ns, no veto, strict",14.0,as is,"MM occ ÷10, DAQ 10 µs",False,437344829577.31195,0.0032788401337390345,0.9684002803138015,3263.084524919677,0.22130732127622166,368817.1333351775,50114.641803480925,74478.0284158484,0.0,0.0,397306.3308575977,7344.80036181887
tubeMy,"nTOF 5 ns, no veto, strict",14.0,as is,"MM occ ÷10, DAQ 10 µs",False,543424405915.04004,0.0034140657079119695,0.9521645938481309,5023.858948435001,0.27498621558053643,404723.5327009374,54993.58093083563,81728.87874400696,0.0,0.0,541736.3750473884,6486.526883302031
tubeMy,"nTOF 5 ns, no veto, strict",14.0,as is,"MM occ ÷10, DAQ 10 µs",False,675233968650.1552,0.003630255385623937,0.9281693718157463,7738.956958225625,0.34168512059718253,428997.60951528675,58291.92733264383,86630.72635178773,0.0,0.0,713509.1635275502,5533.418204879424
tubeMy,"nTOF 5 ns, no veto, strict",14.0,as is,"MM occ ÷10, DAQ 10 µs",False,839014419404.4929,0.003960216728451936,0.8934423426573015,11926.640618550902,0.4245620871978526,434733.68667847634,59071.34191620964,87789.05572247691,0.0,0.0,898427.6716554378,4512.807139493081
tubeMy,"nTOF 5 ns, no veto, strict",14.0,as is,"MM occ ÷10, DAQ 10 µs",False,1042520413147.9036,0.004459418060920053,0.8446882426356546,18386.87334864883,0.5275411629595067,415644.33563385555,56477.49281486468,83934.19893563315,0.0,0.0,1067325.3751986471,3472.4036437191453
tubeMy,"nTOF 5 ns, no veto, strict",14.0,as is,"MM occ ÷10, DAQ 10 µs",False,1295387524568.9966,0.005224108176559983,0.7790922828586461,28354.499460679963,0.6554981874464405,368797.01997237897,50111.90881230182,74473.9667726365,0.0,0.0,1176731.8656576513,2479.594117121971
tubeMy,"nTOF 5 ns, no veto, strict",14.0,as is,"MM occ ÷10, DAQ 10 µs",False,1609588471982.2002,0.006427566973153987,0.6957212270804705,43735.732226599896,0.8144916528125951,297748.0516062933,40457.81935074365,60126.51214916299,0.0,0.0,1180467.9002602857,1611.1166271077489
tubeMy,"nTOF 5 ns, no veto, strict",14.0,as is,"MM occ ÷10, DAQ 10 µs",False,2000000000000.0002,0.008396620331894113,0.5971102405835017,67473.26239502954,1.012049560481199,213888.14693387455,29062.9878624976,43192.04843088802,0.0,0.0,1053676.0640147848,931.428723466348
tubeMy,"nTOF 5 ns, no veto, strict",14.0,as is,"no MM loss, DREAM",False,1000000000.0,0.056574368739134046,0.9999630082867755,0.12413785792627809,0.0,1355.6301404933631,184.20217709107072,273.7526296894932,0.0,0.0,3.3391168495570205,11806.85203320412
tubeMy,"nTOF 5 ns, no veto, strict",14.0,as is,"no MM loss, DREAM",False,1242553630.827767,0.04707582485860838,0.9999525261914726,0.15931564562762435,0.0,1684.4254959827526,228.87868470880224,340.1487583283524,0.0,0.0,5.155340442902856,11806.7282680776
tubeMy,"nTOF 5 ns, no veto, strict",14.0,as is,"no MM loss, DREAM",False,1543939525.4832668,0.039348854860415075,0.9999386805885492,0.20578245554249144,0.0,2092.9600358216,284.3901029101025,422.64722251797997,0.0,0.0,7.959423667342535,11806.564789045198
tubeMy,"nTOF 5 ns, no veto, strict",14.0,as is,"no MM loss, DREAM",False,1918427663.1677406,0.033046097958032476,0.9999202091601176,0.26777586231057127,0.0,2600.567051666223,353.3634272943274,525.1521398147654,0.0,0.0,12.28864179319674,11806.346691555067
tubeMy,"nTOF 5 ns, no veto, strict",14.0,as is,"no MM loss, DREAM",False,2383749258.3495045,0.02788921734569113,0.9998953006610704,0.3513768524463909,0.0,3231.2635379064654,439.0620720639551,652.5134432314586,0.0,0.0,18.972447154356658,11806.052589713117
tubeMy,"nTOF 5 ns, no veto, strict",14.0,as is,"no MM loss, DREAM",False,2961936295.9451733,0.023655446371733408,0.9998613298613671,0.4654005728427863,0.0,4014.8818335247865,545.5396368138483,810.7554022220157,0.0,0.0,29.291315869326546,11805.651486670084
tubeMy,"nTOF 5 ns, no veto, strict",14.0,as is,"no MM loss, DREAM",False,3680364698.807223,0.020166686441184023,0.9998144565904481,0.622744437239696,0.0,4988.472130192111,677.8304784556514,1007.3598417307568,0.0,0.0,45.221900232318404,11805.098040423105
tubeMy,"nTOF 5 ns, no veto, strict",14.0,as is,"no MM loss, DREAM",False,4573050519.273255,0.01728066282888631,0.9997490171460343,0.8424357791034679,0.0,6198.03845963683,842.1855960976108,1251.6167032290211,0.0,0.0,69.81530936413397,11804.325378003667
tubeMy,"nTOF 5 ns, no veto, strict",14.0,as is,"no MM loss, DREAM",False,5682260526.681813,0.01488375294467308,0.9996565980548751,1.15275137761892,0.0,7700.68325740423,1046.3640330292305,1555.0571126672146,0.0,0.0,107.78065119950264,11803.234159103251
tubeMy,"nTOF 5 ns, no veto, strict",14.0,as is,"no MM loss, DREAM",False,7060513448.737786,0.012885187041369615,0.9995246235372258,1.5959817215888719,0.0,9567.248707797284,1299.9917810226798,1931.9867672016646,0.0,0.0,166.38483846689005,11801.67589785846
tubeMy,"nTOF 5 ns, no veto, strict",14.0,as is,"no MM loss, DREAM",False,8773066621.237415,0.011212383166116353,0.9993341984271341,2.2357220132260447,0.0,11885.554802905877,1615.0017657719775,2400.13982090272,0.0,0.0,256.8391873345179,11799.427493587878
tubeMy,"nTOF 5 ns, no veto, strict",14.0,as is,"no MM loss, DREAM",False,10901005783.71244,0.009807219154645629,0.9990568119593463,3.168048604662144,0.0,14764.3399802312,2006.1692982730183,2981.4746474632534,0.0,0.0,396.4341037469937,11796.152311452097
tubeMy,"nTOF 5 ns, no veto, strict",14.0,as is,"no MM loss, DREAM",False,13545084316.226381,0.008623071942702202,0.9986493017633231,4.538674798425887,0.0,18338.001219425096,2491.7561562090027,3703.1310437224156,0.0,0.0,611.8206216672464,11791.340720876644
tubeMy,"nTOF 5 ns, no veto, strict",14.0,as is,"no MM loss, DREAM",False,16830493696.995401,0.007622476943449274,0.9980461693010998,6.569314183091345,0.0,22772.188463515344,3094.2707504135997,4598.559953383232,0.0,0.0,944.0435423352458,11784.219361707477
tubeMy,"nTOF 5 ns, no veto, strict",14.0,as is,"no MM loss, DREAM",False,20912791051.82548,0.006775283136027795,0.9971478853667582,9.598229725418525,0.0,28270.19815674993,3841.3368748013663,5708.814562382654,0.0,0.0,1456.2342853691027,11773.613063865774
tubeMy,"nTOF 5 ns, no veto, strict",14.0,as is,"no MM loss, DREAM",False,25985264452.18819,0.0060572033083777545,0.995803178620207,14.142647385697286,0.0,35079.866423466774,4766.630347208757,7083.94229054632,0.0,0.0,2245.3056690912176,11757.73572295115
tubeMy,"nTOF 5 ns, no veto, strict",14.0,as is,"no MM loss, DREAM",False,32288084693.086143,0.005448680770001874,0.9937824256377389,20.994880729683885,0.0,43500.162347238416,5910.7749000477215,8784.3162222275,0.0,0.0,3459.5814709660203,11733.876108883493
tubeMy,"nTOF 5 ns, no veto, strict",14.0,as is,"no MM loss, DREAM",False,40119676867.86863,0.004934010896164708,0.9907381902772225,31.370445495682063,0.0,53885.710363557446,7321.956680200228,10881.548347207501,0.0,0.0,5325.022409881499,11697.931942791345
tubeMy,"nTOF 5 ns, no veto, strict",14.0,as is,"no MM loss, DREAM",False,49850850159.80715,0.004500667669230876,0.9861479361680406,47.13637170741401,0.0,66645.66735808639,9055.771669829528,13458.262804667023,0.0,0.0,8183.420943407201,11643.733486835688
tubeMy,"nTOF 5 ns, no veto, strict",14.0,as is,"no MM loss, DREAM",False,61942354865.91934,0.004138795313956167,0.9792337353293927,71.16324673122963,0.0,82230.20264903433,11173.388594826849,16605.365683947246,0.0,0.0,12546.12104718465,11562.095520677687
tubeMy,"nTOF 5 ns, no veto, strict",14.0,as is,"no MM loss, DREAM",False,76966697940.67009,0.0038408405913618352,0.9688563849081016,107.86818057258503,0.0,101092.64092538974,13736.404930894816,20414.4002622348,0.0,0.0,19165.17537378346,11439.567147222338
tubeMy,"nTOF 5 ns, no veto, strict",14.0,as is,"no MM loss, DREAM",False,95635249979.00362,0.003601330467308921,0.9533909866559186,164.05240581920927,0.0,123607.92641465119,16795.767865566348,24961.08185833139,0.0,0.0,29117.54258273179,11256.962723573766
tubeMy,"nTOF 5 ns, no veto, strict",14.0,as is,"no MM loss, DREAM",False,118831927096.53207,0.0034168394377580755,0.9306154573653252,250.19360450556778,0.0,149920.38324034968,20371.088070636837,30274.55493219263,0.0,0.0,43881.7788866102,10988.045471551954
tubeMy,"nTOF 5 ns, no veto, strict",14.0,as is,"no MM loss, DREAM",False,147655042472.05704,0.0032862113465674967,0.8976925414769843,382.44009317476684,0.0,179693.8366770665,24416.686334309932,36286.933183293346,0.0,0.0,65353.95357174094,10599.315095354094
tubeMy,"nTOF 5 ns, no veto, strict",14.0,as is,"no MM loss, DREAM",False,183469309133.68265,0.003211059869647857,0.8514006697246195,585.68837029931,0.0,211765.24978596251,28774.52992348814,42763.35578129132,0.0,0.0,95699.24716604777,10052.733596247788
tubeMy,"nTOF 5 ns, no veto, strict",14.0,as is,"no MM loss, DREAM",True,227970456209.51935,0.0031964665150729893,0.7888281559683555,898.3329813190715,0.0,243791.3283833613,33126.21348754909,49230.623639093305,0.0,0.0,136894.88554719655,9313.921855069895
tubeMy,"nTOF 5 ns, no veto, strict",14.0,as is,"no MM loss, DREAM",False,283265518084.60077,0.0032516837773522754,0.7086568609276892,1379.5979329562579,0.0,272136.6215939009,36977.754231373154,54954.6027126782,0.0,0.0,189876.44893353275,8367.316220650231
tubeMy,"nTOF 5 ns, no veto, strict",14.0,as is,"no MM loss, DREAM",False,351972597984.32916,0.0033906099429899597,0.6127397289635035,2120.8533565450116,0.0,292376.3066497384,39727.90999994145,59041.75513177842,0.0,0.0,253478.67623893422,7234.794942197424
tubeMy,"nTOF 5 ns, no veto, strict",14.0,as is,"no MM loss, DREAM",False,437344829577.31195,0.0036318888981049574,0.5069967610349609,3263.084524919677,0.0,300598.26054539334,40845.10396183645,60702.0763601794,0.0,0.0,323817.90639571485,5986.257180762452
tubeMy,"nTOF 5 ns, no veto, strict",14.0,as is,"no MM loss, DREAM",False,543424405915.04004,0.003998726745842198,0.4004629405040205,5023.858948435001,0.0,295024.9551433696,40087.806703549926,59576.616720198675,0.0,0.0,394901.05426112574,4728.381594248746
tubeMy,"nTOF 5 ns, no veto, strict",14.0,as is,"no MM loss, DREAM",False,675233968650.1552,0.004518809112549495,0.30246120178956765,7738.956958225625,0.0,276873.40213543363,37621.38501390756,55911.136571562965,0.0,0.0,460496.06146730954,3571.246761850587
tubeMy,"nTOF 5 ns, no veto, strict",14.0,as is,"no MM loss, DREAM",False,839014419404.4929,0.005224808582529296,0.2195804785509767,11926.640618550902,0.0,249758.58989568954,33937.04125613393,50435.63781091619,0.0,0.0,516155.14341745916,2592.6501262014935
tubeMy,"nTOF 5 ns, no veto, strict",14.0,as is,"no MM loss, DREAM",False,1042520413147.9036,0.006155762389745606,0.15433793963112216,18386.87334864883,0.0,218129.5721347534,29639.310070623236,44048.55144575112,0.0,0.0,560130.8798437106,1822.3126268003455
tubeMy,"nTOF 5 ns, no veto, strict",14.0,as is,"no MM loss, DREAM",False,1295387524568.9966,0.007359274765991342,0.10582412781689544,28354.499460679963,0.0,185841.06677697142,25251.968122209797,37528.28977082314,0.0,0.0,592968.7426450793,1249.4960396761396
tubeMy,"nTOF 5 ns, no veto, strict",14.0,as is,"no MM loss, DREAM",False,1609588471982.2002,0.008894347855713684,0.07125933964088833,43735.732226599896,0.0,155494.104708516,21128.441863731037,31400.098591550937,0.0,0.0,616480.2701407002,841.3796031967997
tubeMy,"nTOF 5 ns, no veto, strict",14.0,as is,"no MM loss, DREAM",False,2000000000000.0002,0.010834723251588152,0.04737757496279311,67473.26239502954,0.0,128457.68907608796,17454.75058801195,25940.431049737726,0.0,0.0,632820.4445100593,559.4007104683938
tubeMy,"nTOF 5 ns, no veto, strict",14.0,as is,"no MM loss, no dead time",False,1000000000.0,0.05657332233804474,1.0,0.12413785792627809,0.0,1355.680289429854,184.20899129725018,273.7627566428784,0.0,0.0,3.3392403737793153,11807.288805045555
tubeMy,"nTOF 5 ns, no veto, strict",14.0,as is,"no MM loss, no dead time",False,1242553630.827767,0.04707470741099805,1.0,0.15931564562762435,0.0,1684.5054658727029,228.8895509675188,340.1649072520271,0.0,0.0,5.155585198167401,11807.288805045559
tubeMy,"nTOF 5 ns, no veto, strict",14.0,as is,"no MM loss, no dead time",False,1543939525.4832668,0.039347648417609515,1.0,0.20578245554249144,0.0,2093.0883827693465,284.40754261322775,422.67314058619684,0.0,0.0,7.959911764447132,11807.288805045557
tubeMy,"nTOF 5 ns, no veto, strict",14.0,as is,"no MM loss, no dead time",False,1918427663.1677406,0.033044779543777145,1.0,0.26777586231057127,0.0,2600.7745696534807,353.3916247088704,525.1940454887562,0.0,0.0,12.289622392489278,11807.288805045559
tubeMy,"nTOF 5 ns, no veto, strict",14.0,as is,"no MM loss, no dead time",False,2383749258.3495045,0.027887757316164417,1.0,0.3513768524463909,0.0,3231.6018844874566,439.1080463861306,652.5817681111774,0.0,0.0,18.97443376502842,11807.288805045559
tubeMy,"nTOF 5 ns, no veto, strict",14.0,as is,"no MM loss, no dead time",False,2961936295.9451733,0.023653806162855544,1.0,0.4654005728427863,0.0,4015.438654959742,545.6152973627741,810.8678453785473,0.0,0.0,29.29537826349165,11807.288805045559
tubeMy,"nTOF 5 ns, no veto, strict",14.0,as is,"no MM loss, no dead time",False,3680364698.807223,0.02016481545651192,1.0,0.622744437239696,0.0,4989.397880086393,677.9562687732865,1007.5467853966024,0.0,0.0,45.230292414988114,11807.288805045557
tubeMy,"nTOF 5 ns, no veto, strict",14.0,as is,"no MM loss, no dead time",False,4573050519.273255,0.017278494117762833,1.0,0.8424357791034679,0.0,6199.594451545711,842.3970233066926,1251.9309164233932,0.0,0.0,69.83283620866614,11807.288805045557
tubeMy,"nTOF 5 ns, no veto, strict",14.0,as is,"no MM loss, no dead time",False,5682260526.681813,0.014881197170383787,1.0,1.15275137761892,0.0,7703.328595427835,1046.7234799082385,1555.5913057474277,0.0,0.0,107.81767599915962,11807.288805045559
tubeMy,"nTOF 5 ns, no veto, strict",14.0,as is,"no MM loss, no dead time",False,7060513448.737786,0.012882124019985338,1.0,1.5959817215888719,0.0,9571.798915708217,1300.6100604326568,1932.905625040573,0.0,0.0,166.463971520851,11807.288805045555
tubeMy,"nTOF 5 ns, no veto, strict",14.0,as is,"no MM loss, no dead time",False,8773066621.237415,0.011208649933441053,1.0,2.2357220132260447,0.0,11893.473496266528,1616.0777528817193,2401.7389024415784,0.0,0.0,257.0103051999628,11807.288805045559
tubeMy,"nTOF 5 ns, no veto, strict",14.0,as is,"no MM loss, no dead time",False,10901005783.71244,0.009802593037654385,1.0,3.168048604662144,0.0,14778.278675939795,2008.0632795431595,2984.28939352908,0.0,0.0,396.80836865474015,11807.288805045559
tubeMy,"nTOF 5 ns, no veto, strict",14.0,as is,"no MM loss, no dead time",False,13545084316.226381,0.008617246390862974,1.0,4.538674798425887,0.0,18362.803826173556,2495.1263189282663,3708.1396213703524,0.0,0.0,612.6481244085886,11807.288805045557
tubeMy,"nTOF 5 ns, no veto, strict",14.0,as is,"no MM loss, no dead time",False,16830493696.995401,0.00761502678785744,1.0,6.569314183091345,0.0,22816.768566390052,3100.328266958249,4607.5623501500495,0.0,0.0,945.8916544876173,11807.288805045555
tubeMy,"nTOF 5 ns, no veto, strict",14.0,as is,"no MM loss, no dead time",False,20912791051.82548,0.0067656142948558755,1.0,9.598229725418525,0.0,28351.05862592483,3852.3241448669323,5725.143327444266,0.0,0.0,1460.3995121881937,11807.288805045557
tubeMy,"nTOF 5 ns, no veto, strict",14.0,as is,"no MM loss, no dead time",False,25985264452.18819,0.006044479444221989,1.0,14.142647385697286,0.0,35227.710833453784,4786.7193533298805,7113.797628525237,0.0,0.0,2254.7685298638344,11807.288805045559
tubeMy,"nTOF 5 ns, no veto, strict",14.0,as is,"no MM loss, no dead time",False,32288084693.086143,0.005431715569352643,1.0,20.994880729683885,0.0,43772.32000185866,5947.7555122335825,8839.275072297989,0.0,0.0,3481.226254072572,11807.288805045557
tubeMy,"nTOF 5 ns, no veto, strict",14.0,as is,"no MM loss, no dead time",False,40119676867.86863,0.004911108809068943,1.0,31.370445495682063,0.0,54389.45514806436,7390.405207001702,10983.273334969239,0.0,0.0,5374.802810812695,11807.288805045557
tubeMy,"nTOF 5 ns, no veto, strict",14.0,as is,"no MM loss, no dead time",False,49850850159.80715,0.004469387198790974,1.0,47.13637170741401,0.0,67581.81497297164,9182.97482324844,13647.306160739883,0.0,0.0,8298.37050129235,11807.288805045557
tubeMy,"nTOF 5 ns, no veto, strict",14.0,as is,"no MM loss, no dead time",False,61942354865.91934,0.00409559620691369,1.0,71.16324673122963,0.0,83974.02957259624,11410.338708427318,16957.509821045493,0.0,0.0,12812.18221404965,11807.288805045559
tubeMy,"nTOF 5 ns, no veto, strict",14.0,as is,"no MM loss, no dead time",False,76966697940.67009,0.0037805586995065124,1.0,107.86818057258503,0.0,104342.23534066777,14177.957791130984,21070.615397937607,0.0,0.0,19781.23452796497,11807.288805045559
tubeMy,"nTOF 5 ns, no veto, strict",14.0,as is,"no MM loss, no dead time",False,95635249979.00362,0.0035164018192734986,1.0,164.05240581920927,0.0,129650.82337123205,17616.87293109262,26181.369666482817,0.0,0.0,30541.029850579434,11807.288805045559
tubeMy,"nTOF 5 ns, no veto, strict",14.0,as is,"no MM loss, no dead time",False,118831927096.53207,0.003296170756794426,1.0,250.19360450556778,0.0,161098.1013197339,21889.909424360543,32531.755939132185,0.0,0.0,47153.50313527388,11807.288805045555
tubeMy,"nTOF 5 ns, no veto, strict",14.0,as is,"no MM loss, no dead time",False,147655042472.05704,0.0031135747688750275,1.0,382.44009317476684,0.0,200173.03071429566,27199.386433730262,40422.45145937163,0.0,0.0,72802.15725554907,11807.288805045555
tubeMy,"nTOF 5 ns, no veto, strict",14.0,as is,"no MM loss, no dead time",False,183469309133.68265,0.002962889102994199,1.0,585.68837029931,0.0,248725.72610784622,33796.69636951906,50227.0638278014,0.0,0.0,112402.12812729068,11807.288805045557
tubeMy,"nTOF 5 ns, no veto, strict",14.0,as is,"no MM loss, no dead time",False,227970456209.51935,0.0028389736467054343,1.0,898.3329813190715,0.0,309055.054055577,41994.207783929516,62409.82052505263,0.0,0.0,173542.08836415844,11807.288805045557
tubeMy,"nTOF 5 ns, no veto, strict",14.0,as is,"no MM loss, no dead time",False,283265518084.60077,0.002737324612662956,1.0,1379.5979329562579,0.0,384017.4795424292,52180.0553556573,77547.54909271345,0.0,0.0,267938.48956033407,11807.288805045559
tubeMy,"nTOF 5 ns, no veto, strict",14.0,as is,"no MM loss, no dead time",False,351972597984.32916,0.0026540912567787223,1.0,2120.8533565450116,0.0,477162.31350677303,64836.51723896585,96356.98868694561,0.0,0.0,413680.82443048526,11807.288805045557
tubeMy,"nTOF 5 ns, no veto, strict",14.0,as is,"no MM loss, no dead time",False,437344829577.31195,0.0025860394581133286,1.0,3263.084524919677,0.0,592899.7651420204,80562.84990550444,119728.7261485948,0.0,0.0,638698.1757727352,11807.288805045557
tubeMy,"nTOF 5 ns, no veto, strict",14.0,as is,"no MM loss, no dead time",False,543424405915.04004,0.002530479908723436,1.0,5023.858948435001,0.0,736709.7558941479,100103.66165991698,148769.36339031986,0.0,0.0,986111.3584295852,11807.288805045557
tubeMy,"nTOF 5 ns, no veto, strict",14.0,as is,"no MM loss, no dead time",False,675233968650.1552,0.002485185623421457,1.0,7738.956958225625,0.0,915401.3820525111,124384.16825468415,184853.91263657744,0.0,0.0,1522496.3028074324,11807.288805045555
tubeMy,"nTOF 5 ns, no veto, strict",14.0,as is,"no MM loss, no dead time",False,839014419404.4929,0.0024483147429804073,1.0,11926.640618550902,0.0,1137435.3109341038,154553.9998823497,229690.90031929815,0.0,0.0,2350642.219306536,11807.288805045557
tubeMy,"nTOF 5 ns, no veto, strict",14.0,as is,"no MM loss, no dead time",False,1042520413147.9036,0.002418344664733877,1.0,18386.87334864883,0.0,1413324.3754328806,192041.63371276783,285403.26215984265,0.0,0.0,3629249.432657066,11807.288805045559
tubeMy,"nTOF 5 ns, no veto, strict",14.0,as is,"no MM loss, no dead time",False,1295387524568.9966,0.0023940177547869565,1.0,28354.499460679963,0.0,1756131.3342315191,238622.02923989674,354628.859646803,0.0,0.0,5603341.646917012,11807.288805045555
tubeMy,"nTOF 5 ns, no veto, strict",14.0,as is,"no MM loss, no dead time",False,1609588471982.2002,0.0023742968007017815,1.0,43735.732226599896,0.0,2182087.3655597856,296500.66882752336,440645.37715044565,0.0,0.0,8651220.643461676,11807.288805045557
tubeMy,"nTOF 5 ns, no veto, strict",14.0,as is,"no MM loss, no dead time",True,2000000000000.0002,0.002358328158172828,1.0,67473.26239502954,0.0,2711360.5788597087,368417.9825945004,547525.5132857569,0.0,0.0,13356961.49511726,11807.288805045557
tubeMy,"nTOF 5 ns, no veto, strict",14.0,no Be window + air,MM occ + DREAM,False,1000000000.0,0.056786658870147846,0.9999960451238304,0.013271449029179849,0.004766368298377627,1342.813037788858,182.46059717804928,271.16437536735066,0.0,0.0,0.1661115354072027,11695.221559222922
tubeMy,"nTOF 5 ns, no veto, strict",14.0,no Be window + air,MM occ + DREAM,False,1242553630.827767,0.04728710142164707,0.9999938939234989,0.020490314716587292,0.005922468235011486,1664.6601460282616,226.19298129764974,336.1573919776412,0.0,0.0,0.2558732987216144,11668.186007471417
tubeMy,"nTOF 5 ns, no veto, strict",14.0,no Be window + air,MM occ + DREAM,False,1543939525.4832668,0.03955930679843965,0.9999905726184558,0.031635806780530594,0.00735898440887564,2062.488522001209,280.2496526373356,416.4938796630357,0.0,0.0,0.39391822020329853,11634.672399327636
tubeMy,"nTOF 5 ns, no veto, strict",14.0,no Be window + air,MM occ + DREAM,False,1918427663.1677406,0.03325601753258862,0.9999854447676502,0.0488437725090131,0.009143932796453392,2553.6070552523424,346.98253230148106,515.6691531766618,0.0,0.0,0.6060155122614906,11593.152419966791
tubeMy,"nTOF 5 ns, no veto, strict",14.0,no Be window + air,MM occ + DREAM,False,2383749258.3495045,0.028099016028804574,0.9999775277793888,0.07541183095037832,0.011361826896278258,3158.9251505343354,429.23277715291533,637.905606492589,0.0,0.0,0.9315027680115152,11541.75015954868
tubeMy,"nTOF 5 ns, no veto, strict",14.0,no Be window + air,MM occ + DREAM,False,2961936295.9451733,0.023865670779230182,0.9999653046744724,0.11643130649335141,0.014117679262807128,3903.5115326618106,530.4067098675785,788.265556489127,0.0,0.0,1.430261418685665,11478.170127947356
tubeMy,"nTOF 5 ns, no veto, strict",14.0,no Be window + air,MM occ + DREAM,False,3680364698.807223,0.020378036770885604,0.9999464335264834,0.1797628960987418,0.017541973626862873,4817.127143307029,654.548228618401,972.7588548223129,0.0,0.0,2.193124107775245,11399.614293872535
tubeMy,"nTOF 5 ns, no veto, strict",14.0,no Be window + air,MM occ + DREAM,False,4573050519.273255,0.017494018184474703,0.9999172990139491,0.27754304050218914,0.021796843021943388,5934.646642751051,806.3960804700843,1198.428004956988,0.0,0.0,3.3572610190584546,11302.688815295813
tubeMy,"nTOF 5 ns, no veto, strict",14.0,no Be window + air,MM occ + DREAM,False,5682260526.681813,0.01510020931746954,0.9998723204224205,0.4285096702541366,0.02708374643749875,7296.226815703906,991.4067442567975,1473.3821696255798,0.0,0.0,5.128657668536932,11183.30292326694
tubeMy,"nTOF 5 ns, no veto, strict",14.0,no Be window + air,MM occ + DREAM,False,7060513448.737786,0.013106114173230593,0.9998028841432682,0.6615930169571627,0.03365300747233267,8946.997597518812,1215.7124474170785,1806.7347774186958,0.0,0.0,7.814439776732992,11036.565383607107
tubeMy,"nTOF 5 ns, no veto, strict",14.0,no Be window + air,MM occ + DREAM,False,8773066621.237415,0.011439506383555623,0.9996956976647163,1.0214596086638847,0.041815666623020935,10935.934632026125,1485.9679698562384,2208.375849875999,0.0,0.0,11.868383639057967,10856.68863633195
tubeMy,"nTOF 5 ns, no veto, strict",14.0,no Be window + air,MM occ + DREAM,False,10901005783.71244,0.010042732617127178,0.9995302533502955,1.5770718635008412,0.051958208387918134,13313.414978463383,1809.0185149301292,2688.4784069314373,0.0,0.0,17.953134414999496,10636.917808842176
tubeMy,"nTOF 5 ns, no veto, strict",14.0,no Be window + air,MM occ + DREAM,False,13545084316.226381,0.008869791752929967,0.9992749248472436,2.4349035845865004,0.06456086048371343,16126.760391070955,2191.2941330591934,3256.598487712398,0.0,0.0,27.02172621317367,10369.512152372785
tubeMy,"nTOF 5 ns, no veto, strict",14.0,no Be window + air,MM occ + DREAM,False,16830493696.995401,0.007884046914381642,0.9988809691551604,3.759343884984017,0.08022033160340335,19412.853698368424,2637.806439954568,3920.1841202584105,0.0,0.0,40.417596168635114,10045.820882996213
tubeMy,"nTOF 5 ns, no veto, strict",14.0,no Be window + air,MM occ + DREAM,False,20912791051.82548,0.007056453109260981,0.9982733350436603,5.804199613910643,0.09967806430001629,23186.728899777565,3150.5982460710748,4682.271233583974,0.0,0.0,59.984041806127344,9656.514353704819
tubeMy,"nTOF 5 ns, no veto, strict",14.0,no Be window + air,MM occ + DREAM,False,25985264452.18819,0.00636421102696247,0.9973366351624036,8.96133319771136,0.12385534070986887,27425.011161849907,3726.4933936340144,5538.139571083748,0.0,0.0,88.15728309018992,9192.054198482034
tubeMy,"nTOF 5 ns, no veto, strict",14.0,no Be window + air,MM occ + DREAM,False,32288084693.086143,0.0057897870629096924,0.9958938743393192,13.835756524971922,0.15389690329645772,32043.465199489376,4354.046044697546,6470.778865636267,0.0,0.0,127.98704196896398,8643.509137937684
tubeMy,"nTOF 5 ns, no veto, strict",14.0,no Be window + air,MM occ + DREAM,False,40119676867.86863,0.005320271737186256,0.9936745181586337,21.361571363867153,0.19122515596416323,36869.122476418386,5009.75334254664,7445.260274745966,0.0,0.0,182.980357079882,8003.837800591773
tubeMy,"nTOF 5 ns, no veto, strict",14.0,no Be window + air,MM occ + DREAM,False,49850850159.80715,0.00494708801899461,0.9902673255816272,32.98097435510627,0.23760751184887807,41610.12667881569,5653.958033482229,8402.647049359035,0.0,0.0,256.59952636170937,7269.748276334355
tubeMy,"nTOF 5 ns, no veto, strict",14.0,no Be window + air,MM occ + DREAM,False,61942354865.91934,0.004666118464455972,0.9850524712891008,50.920629895798555,0.2952400765597751,45831.29053413541,6227.527142623648,9255.058537734076,0.0,0.0,351.1834504956992,6444.174304826764
tubeMy,"nTOF 5 ns, no veto, strict",14.0,no Be window + air,MM occ + DREAM,False,76966697940.67009,0.004478417285882112,0.9771080438473679,78.61837315862829,0.3668516290952165,48950.7610864984,6651.398853610851,9884.996779323712,0.0,0.0,466.0650606156021,5539.231275696124
tubeMy,"nTOF 5 ns, no veto, strict",14.0,no Be window + air,MM occ + DREAM,True,95635249979.00362,0.004391855635930907,0.965090886764737,121.38201374879891,0.45583282370734246,50281.95254347874,6832.2803176446705,10153.81432113193,0.0,0.0,594.8594626432082,4579.172888570964
tubeMy,"nTOF 5 ns, no veto, strict",14.0,no Be window + air,MM occ + DREAM,False,118831927096.53207,0.004424415089308212,0.9471067999747765,187.40648870952396,0.5663967301480318,49149.9893103186,6678.469860273712,9925.228438793381,0.0,0.0,722.5049237492149,3602.3274873987953
tubeMy,"nTOF 5 ns, no veto, strict",14.0,no Be window + air,MM occ + DREAM,False,147655042472.05704,0.00461062837276103,0.9206199185302315,289.3442852506699,0.7037783135344148,45101.59030567524,6128.375931175002,9107.704661142563,0.0,0.0,823.8049206477259,2660.3359124137964
tubeMy,"nTOF 5 ns, no veto, strict",14.0,no Be window + air,MM occ + DREAM,False,183469309133.68265,0.0050144444299351255,0.8825147294472802,446.73007847121437,0.8744822987800298,38183.61093777059,5188.365213963165,7710.7048545343,0.0,0.0,866.6119334626721,1812.6187789930084
tubeMy,"nTOF 5 ns, no veto, strict",14.0,no Be window + air,MM occ + DREAM,False,227970456209.51935,0.005756087101702183,0.8295052914188893,689.7242253739493,1.0865911554437382,29177.892847767274,3964.6738626899296,5892.11220471064,0.0,0.0,822.8425409646422,1114.726334532967
tubeMy,"nTOF 5 ns, no veto, strict",14.0,no Be window + air,MM occ + DREAM,False,283265518084.60077,0.007071584177342631,0.7591066439276418,1064.892493238169,1.3501477854219557,19585.304110578778,2661.2388942948346,3955.008334049084,0.0,0.0,686.2909528109044,602.1844168233999
tubeMy,"nTOF 5 ns, no veto, strict",14.0,no Be window + air,MM occ + DREAM,False,351972597984.32916,0.009454749032367517,0.6711631807789927,1644.1296107008313,1.6776310329301196,11176.928137544151,1518.7140169196905,2257.0414880194826,0.0,0.0,486.64868666052683,276.5709167250706
tubeMy,"nTOF 5 ns, no veto, strict",14.0,no Be window + air,MM occ + DREAM,False,437344829577.31195,0.014026747053928597,0.5693288430897002,2538.43669097845,2.0845465311566658,5220.719418868721,709.3880950354661,1054.2592902708568,0.0,0.0,282.44805795952766,103.96789739649675
tubeMy,"nTOF 5 ns, no veto, strict",14.0,no Be window + air,MM occ + DREAM,False,543424405915.04004,0.023602759504152134,0.461271753523358,3919.1927401385833,2.590160860918142,1911.9130771068071,259.78955519813945,386.0870431851257,0.0,0.0,128.52615821306495,30.642338710642733
tubeMy,"nTOF 5 ns, no veto, strict",14.0,no Be window + air,MM occ + DREAM,False,675233968650.1552,0.04617100949360624,0.3567355440554431,6050.996579487026,3.218413782161812,522.9729845718883,71.06124262101297,105.60788337961716,0.0,0.0,43.683535467840656,6.745557945555625
tubeMy,"nTOF 5 ns, no veto, strict",14.0,no Be window + air,MM occ + DREAM,False,839014419404.4929,0.10801708470871864,0.2642687211340922,9342.372787634069,3.999051730531286,101.02765458905878,13.727574628088936,20.401277080672898,0.0,0.0,10.485615748540882,1.0487301418924477
tubeMy,"nTOF 5 ns, no veto, strict",14.0,no Be window + air,MM occ + DREAM,False,1042520413147.9036,0.3126854914664967,0.18873730994710425,14424.058608627529,4.969036247639713,12.883965837513122,1.7506652337880182,2.6017564994277858,0.0,0.0,1.6615689784020562,0.10763608711642327
tubeMy,"nTOF 5 ns, no veto, strict",14.0,no Be window + air,MM occ + DREAM,False,1295387524568.9966,1.1683847349079595,0.130951371317489,22269.8742037474,6.174294031219535,0.9971107256415463,0.13548678284564103,0.2013540973178948,0.0,0.0,0.15978181176039824,0.006704039771268137
tubeMy,"nTOF 5 ns, no veto, strict",14.0,no Be window + air,MM occ + DREAM,False,1609588471982.2002,5.945168837106497,0.08891864679691558,34383.33901070581,7.671891466290044,0.042086685088242565,0.005718712492611873,0.008498882087135468,0.0,0.0,0.008379996100404097,0.00022773132438554014
tubeMy,"nTOF 5 ns, no veto, strict",14.0,no Be window + air,MM occ + DREAM,False,2000000000000.0002,44.086556470129494,0.05945456179493085,53085.796116719415,9.532736596755257,0.0008459460310236826,0.00011494661852192398,0.00017082826919431155,0.0,0.0,0.00020929405677556196,3.6838807717634327e-06
tubeMy,"nTOF 5 ns, no veto, strict",14.0,no Be window + air,"MM occ ÷10, DAQ 10 µs",False,1000000000.0,0.056543473035074,0.9999998672855274,0.013271449029179849,0.00047663682983776275,1354.388391150479,184.0334489656564,273.5018738690996,0.0,0.0,0.16754345456919262,11796.037025248908
tubeMy,"nTOF 5 ns, no veto, strict",14.0,no Be window + air,"MM occ ÷10, DAQ 10 µs",False,1242553630.827767,0.04703558246910369,0.9999997950968949,0.020490314716587292,0.0005922468235011486,1682.5110163336078,228.61854640939802,339.7621529978972,0.0,0.0,0.2586171387065978,11793.309009673992
tubeMy,"nTOF 5 ns, no veto, strict",14.0,no Be window + air,"MM occ ÷10, DAQ 10 µs",False,1543939525.4832668,0.03929798881242358,0.9999996836420323,0.031635806780530594,0.000735898440887564,2090.0093865206322,283.98917052534983,422.05137562633627,0.0,0.0,0.39917447731906097,11789.919926484337
tubeMy,"nTOF 5 ns, no veto, strict",14.0,no Be window + air,"MM occ ÷10, DAQ 10 µs",False,1918427663.1677406,0.0329832268898023,0.9999995115625134,0.0488437725090131,0.0009143932796453392,2596.021386525619,352.74576515314675,524.2341993317696,0.0,0.0,0.6160811731629733,11785.709769865505
tubeMy,"nTOF 5 ns, no veto, strict",14.0,no Be window + air,"MM occ ÷10, DAQ 10 µs",False,2383749258.3495045,0.027812847537365334,0.9999992458822591,0.07541183095037832,0.0011361826896278259,3224.264409874118,438.1110349168847,651.1000564623423,0.0,0.0,0.9507699864590731,11780.47990810957
tubeMy,"nTOF 5 ns, no veto, strict",14.0,no Be window + air,"MM occ ÷10, DAQ 10 µs",False,2961936295.9451733,0.02356395891613529,0.9999988356882907,0.11643130649335141,0.001411767926280713,4004.1122491100227,544.0762724076516,808.580618727506,0.0,0.0,1.4671219024383284,11773.983814860834
tubeMy,"nTOF 5 ns, no veto, strict",14.0,no Be window + air,"MM occ ÷10, DAQ 10 µs",False,3680364698.807223,0.020058320006283603,0.9999982023742704,0.1797628960987418,0.0017541973626862873,4971.91483617793,675.5806836826913,1004.0163023378702,0.0,0.0,2.26359528503984,11765.915606599627
tubeMy,"nTOF 5 ns, no veto, strict",14.0,no Be window + air,"MM occ ÷10, DAQ 10 µs",False,4573050519.273255,0.01715349394197011,0.9999972245772979,0.27754304050218914,0.002179684302194339,6172.609825815949,838.7303692106126,1246.481707207655,0.0,0.0,3.491878051304288,11755.8958838186
tubeMy,"nTOF 5 ns, no veto, strict",14.0,no Be window + air,"MM occ ÷10, DAQ 10 µs",False,5682260526.681813,0.014735676595228227,0.9999957149216594,0.4285096702541366,0.0027083746437498754,7661.681573271467,1041.0645085403028,1547.1812081157143,0.0,0.0,5.385542821951855,11743.454267497433
tubeMy,"nTOF 5 ns, no veto, strict",14.0,no Be window + air,"MM occ ÷10, DAQ 10 µs",False,7060513448.737786,0.012713900032431558,0.9999933841136007,0.6615930169571627,0.0033653007472332673,9507.528370897844,1291.8770189316826,1919.926988664863,0.0,0.0,8.304015628725036,11728.00789965709
tubeMy,"nTOF 5 ns, no veto, strict",14.0,no Be window + air,"MM occ ÷10, DAQ 10 µs",False,8773066621.237415,0.011015371095705332,0.9999897855082501,1.0214596086638847,0.004181566662302094,11794.301087295418,1602.6022678698582,2381.712269116206,0.0,0.0,12.799938438608446,11708.835037558574
tubeMy,"nTOF 5 ns, no veto, strict",14.0,no Be window + air,"MM occ ÷10, DAQ 10 µs",False,10901005783.71244,0.00958174589861148,0.9999842295300766,1.5770718635008412,0.005195820838791814,14625.272616718656,1987.2729117468207,2953.391724748295,0.0,0.0,19.722173880158497,11685.042718761693
tubeMy,"nTOF 5 ns, no veto, strict",14.0,no Be window + air,"MM occ ÷10, DAQ 10 µs",False,13545084316.226381,0.008366168795803248,0.9999756515570153,2.4349035845865004,0.006456086048371343,18126.78296781063,2463.055952055535,3660.4781474118963,0.0,0.0,30.372930123833164,11655.527316708265
tubeMy,"nTOF 5 ns, no veto, strict",14.0,no Be window + air,"MM occ ÷10, DAQ 10 µs",False,16830493696.995401,0.0073309272535418,0.9999624079743636,3.759343884984017,0.008022033160340334,22452.77175462449,3050.86860744004,4534.057725663648,0.0,0.0,46.74671100628652,11618.926659541627
tubeMy,"nTOF 5 ns, no veto, strict",14.0,no Be window + air,"MM occ ÷10, DAQ 10 µs",False,20912791051.82548,0.00644559670586496,0.9999419613725387,5.804199613910643,0.009967806430001629,27789.846428795638,3776.0669819186087,5611.813511155273,0.0,0.0,71.89230172034863,11573.562277234028
tubeMy,"nTOF 5 ns, no veto, strict",14.0,no Be window + air,"MM occ ÷10, DAQ 10 µs",False,25985264452.18819,0.005685572401868208,0.9999103946978525,8.96133319771136,0.012385534070986887,34362.7227222956,4669.185308848364,6939.124048315872,0.0,0.0,110.45845184534016,11517.370323266816
tubeMy,"nTOF 5 ns, no veto, strict",14.0,no Be window + air,"MM occ ÷10, DAQ 10 µs",False,32288084693.086143,0.005030906496006381,0.9998616615749178,13.835756524971922,0.015389690329645773,42439.68644517194,5766.678096592048,8570.166316407773,0.0,0.0,169.51131522112811,11447.819869553285
tubeMy,"nTOF 5 ns, no veto, strict",14.0,no Be window + air,"MM occ ÷10, DAQ 10 µs",False,40119676867.86863,0.00446538639990356,0.9997864299082888,21.361571363867153,0.019122515596416326,52337.4236105182,7111.576442883212,10568.891113130623,0.0,0.0,259.7490750429161,11361.817731012716
tubeMy,"nTOF 5 ns, no veto, strict",14.0,no Be window + air,"MM occ ÷10, DAQ 10 µs",False,49850850159.80715,0.003975804304026685,0.9996702989950528,32.98097435510627,0.02376075118488781,64424.093115461474,8753.905548800361,13009.643544292892,0.0,0.0,397.28770612290265,11255.599952762754
tubeMy,"nTOF 5 ns, no veto, strict",14.0,no Be window + air,"MM occ ÷10, DAQ 10 µs",False,61942354865.91934,0.003551378532578184,0.9994910528601314,50.920629895798555,0.02952400765597751,79118.7973820725,10750.612789784318,15977.056126334015,0.0,0.0,606.2498336810245,11124.61192290894
tubeMy,"nTOF 5 ns, no veto, strict",14.0,no Be window + air,"MM occ ÷10, DAQ 10 µs",False,76966697940.67009,0.0031832960318015835,0.9992144338677269,78.61837315862829,0.03668516290952165,96884.54582003907,13164.611595339615,19564.62784521405,0.0,0.0,922.4473883162174,10963.382272844736
tubeMy,"nTOF 5 ns, no veto, strict",14.0,no Be window + air,"MM occ ÷10, DAQ 10 µs",False,95635249979.00362,0.002864352540082019,0.9987876514356131,121.38201374879891,0.04558328237073425,118210.2967228754,16062.3413131037,23871.097740926078,0.0,0.0,1398.4841484956166,10765.401073779982
tubeMy,"nTOF 5 ns, no veto, strict",14.0,no Be window + air,"MM occ ÷10, DAQ 10 µs",False,118831927096.53207,0.002588673228311088,0.9981294406624784,187.40648870952396,0.05663967301480319,143575.6174585814,19508.965257618456,28993.308472969726,0.0,0.0,2110.5618129276127,10523.021480753796
tubeMy,"nTOF 5 ns, no veto, strict",14.0,no Be window + air,"MM occ ÷10, DAQ 10 µs",False,147655042472.05704,0.0023515020607607637,0.9971149050049855,289.3442852506699,0.07037783135344149,173388.92948000922,23559.97948089603,35013.73566902557,0.0,0.0,3167.0424994636915,10227.417543026386
tubeMy,"nTOF 5 ns, no veto, strict",14.0,no Be window + air,"MM occ ÷10, DAQ 10 µs",False,183469309133.68265,0.002149053130798971,0.995552567235168,446.73007847121437,0.08744822987800299,207887.4808793039,28247.621105569247,41980.28862763567,0.0,0.0,4718.196297388125,9868.651562930929
tubeMy,"nTOF 5 ns, no veto, strict",14.0,no Be window + air,"MM occ ÷10, DAQ 10 µs",False,227970456209.51935,0.0019784224183645176,0.9931500038292872,689.7242253739493,0.10865911554437382,246985.00673703116,33560.1685082456,49875.54722229229,0.0,0.0,6965.196958670008,9435.934687985487
tubeMy,"nTOF 5 ns, no veto, strict",14.0,no Be window + air,"MM occ ÷10, DAQ 10 µs",False,283265518084.60077,0.001837565003802999,0.9894632798099555,1064.892493238169,0.13501477854219557,290053.6452916916,39412.30822478335,58572.72258694868,0.0,0.0,10163.804017012451,8918.20643944634
tubeMy,"nTOF 5 ns, no veto, strict",14.0,no Be window + air,"MM occ ÷10, DAQ 10 µs",False,351972597984.32916,0.0017253527785515799,0.9838246476506032,1644.1296107008313,0.16776310329301197,335634.5451860074,45605.812443601826,67777.21785225856,0.0,0.0,14613.685316989318,8305.211656043852
tubeMy,"nTOF 5 ns, no veto, strict",14.0,no Be window + air,"MM occ ÷10, DAQ 10 µs",False,437344829577.31195,0.001641744440649816,0.9752440472773292,2538.43669097845,0.20845465311566658,381094.93372047035,51782.94165408579,76957.37734877592,0.0,0.0,20617.756920345317,7589.306336627493
tubeMy,"nTOF 5 ns, no veto, strict",14.0,no Be window + air,"MM occ ÷10, DAQ 10 µs",False,543424405915.04004,0.0015881290199180513,0.9622861510294931,3919.1927401385833,0.2590160860918142,422301.0320682502,57382.00057020539,85278.43590671217,0.0,0.0,28388.701301880596,6768.242456958949
tubeMy,"nTOF 5 ns, no veto, strict",14.0,no Be window + air,"MM occ ÷10, DAQ 10 µs",True,675233968650.1552,0.0015679583684313622,0.9429425769238132,6050.996579487026,0.32184137821618125,453470.3963827366,61617.274332401044,91572.70098091238,0.0,0.0,37878.03716135943,5849.080020639859
tubeMy,"nTOF 5 ns, no veto, strict",14.0,no Be window + air,"MM occ ÷10, DAQ 10 µs",False,839014419404.4929,0.0015878888200064143,0.9145585325299376,9342.372787634069,0.3999051730531286,467503.635583288,63524.10211320012,94406.53892790175,0.0,0.0,48521.996315879354,4852.979672494488
tubeMy,"nTOF 5 ns, no veto, strict",14.0,no Be window + air,"MM occ ÷10, DAQ 10 µs",False,1042520413147.9036,0.0016598649887677687,0.8739420819011225,14424.058608627529,0.4969036247639713,457213.9752548769,62125.94949221225,92328.6701277222,0.0,0.0,58964.18597784995,3819.6875008851493
tubeMy,"nTOF 5 ns, no veto, strict",14.0,no Be window + air,"MM occ ÷10, DAQ 10 µs",False,1295387524568.9966,0.0018050323409239419,0.817862949898538,22269.8742037474,0.6174294031219536,417777.61003279744,56767.360808264944,84364.98714188172,0.0,0.0,66946.69080108439,2808.913434767414
tubeMy,"nTOF 5 ns, no veto, strict",14.0,no Be window + air,"MM occ ÷10, DAQ 10 µs",False,1609588471982.2002,0.0020613854786132634,0.7441398668627618,34383.33901070581,0.7671891466290045,350069.8278834168,47567.26964373473,70692.24347811907,0.0,0.0,69703.37023173393,1894.2300959117324
tubeMy,"nTOF 5 ns, no veto, strict",14.0,no Be window + air,"MM occ ÷10, DAQ 10 µs",False,2000000000000.0002,0.0024994980751497056,0.6532284675434914,53085.796116719415,0.9532736596755257,263177.88963663764,35760.44732648045,53145.4983273983,0.0,0.0,65112.39033656627,1146.0730727851198
tubeMy,"nTOF 5 ns, no veto, strict",14.0,no Be window + air,"no MM loss, DREAM",False,1000000000.0,0.056516636763146416,0.9999960451238304,0.013271449029179849,0.0,1355.6749278821835,184.20826277350028,273.7616739450761,0.0,0.0,0.16770260449241134,11807.242108680437
tubeMy,"nTOF 5 ns, no veto, strict",14.0,no Be window + air,"no MM loss, DREAM",False,1242553630.827767,0.04700787274321709,0.9999938939234989,0.020490314716587292,0.0,1684.4951801534621,228.88815335041033,340.16283017908034,0.0,0.0,0.2589221226055645,11807.216708836844
tubeMy,"nTOF 5 ns, no veto, strict",14.0,no Be window + air,"no MM loss, DREAM",False,1543939525.4832668,0.03926925901399766,0.9999905726184558,0.031635806780530594,0.0,2093.0686504265564,284.40486139480936,422.669155885232,0.0,0.0,0.399758771379415,11807.177493228988
tubeMy,"nTOF 5 ns, no veto, strict",14.0,no Be window + air,"no MM loss, DREAM",False,1918427663.1677406,0.03295331280815189,0.9999854447676502,0.0488437725090131,0.0,2600.73671477533,353.38648101166234,525.1864011673953,0.0,0.0,0.6172002028346888,11807.116947213579
tubeMy,"nTOF 5 ns, no veto, strict",14.0,no Be window + air,"no MM loss, DREAM",False,2383749258.3495045,0.027781566689931113,0.9999775277793888,0.07541183095037832,0.0,3231.5292632169794,439.0981786532398,652.5671031497174,0.0,0.0,0.9529122439281772,11807.023469046706
tubeMy,"nTOF 5 ns, no veto, strict",14.0,no Be window + air,"no MM loss, DREAM",False,2961936295.9451733,0.023531110060959204,0.9999653046744724,0.11643130649335141,0.0,4015.299338008472,545.5963670624191,810.8397120546921,0.0,0.0,1.4712208942063756,11806.879147316868
tubeMy,"nTOF 5 ns, no veto, strict",14.0,no Be window + air,"no MM loss, DREAM",False,3680364698.807223,0.020023682907142078,0.9999464335264834,0.1797628960987418,0.0,4989.130615636986,677.9199530467699,1007.4928146684059,0.0,0.0,2.2714332224333464,11806.656330222479
tubeMy,"nTOF 5 ns, no veto, strict",14.0,no Be window + air,"no MM loss, DREAM",False,4573050519.273255,0.01711682951092258,0.9999172990139491,0.27754304050218914,0.0,6199.081738971451,842.3273562422187,1251.827380502137,0.0,0.0,3.50685335269741,11806.31233061879
tubeMy,"nTOF 5 ns, no veto, strict",14.0,no Be window + air,"no MM loss, DREAM",False,5682260526.681813,0.014696727638407982,0.9998723204224205,0.4285096702541366,0.0,7702.345037686814,1046.5898346964814,1555.3926885066232,0.0,0.0,5.414125950447009,11805.781255398568
tubeMy,"nTOF 5 ns, no veto, strict",14.0,no Be window + air,"no MM loss, DREAM",False,7060513448.737786,0.012672392959220981,0.9998028841432682,0.6615930169571627,0.0,9569.912162364484,1300.3536895663208,1932.5246186923114,0.0,0.0,8.358502553097914,11804.961401197072
tubeMy,"nTOF 5 ns, no veto, strict",14.0,no Be window + air,"no MM loss, DREAM",False,8773066621.237415,0.010971019114480252,0.9996956976647163,1.0214596086638847,0.0,11889.854284506982,1615.5859766475178,2401.008047684824,0.0,0.0,12.903638948953882,11803.695819488814
tubeMy,"nTOF 5 ns, no veto, strict",14.0,no Be window + air,"no MM loss, DREAM",False,10901005783.71244,0.009534254418959772,0.9995302533502955,1.5770718635008412,0.0,14771.336629043375,2007.1199985451995,2982.8875335847215,0.0,0.0,19.919141138424077,11801.742370687294
tubeMy,"nTOF 5 ns, no veto, strict",14.0,no Be window + air,"no MM loss, DREAM",False,13545084316.226381,0.008315244009182819,0.9992749248472436,2.4349035845865004,0.0,18349.489413384257,2493.3171648314215,3705.4509414679446,0.0,0.0,30.7460932670973,11798.727633311597
tubeMy,"nTOF 5 ns, no veto, strict",14.0,no Be window + air,"no MM loss, DREAM",False,16830493696.995401,0.007276289209246122,0.9988809691551604,3.759343884984017,0.0,22791.235898584702,3096.8589039983963,4602.406345760713,0.0,0.0,47.45139396020465,11794.076084678783
tubeMy,"nTOF 5 ns, no veto, strict",14.0,no Be window + air,"no MM loss, DREAM",False,20912791051.82548,0.00638699868382055,0.9982733350436603,5.804199613910643,0.0,28302.105846520313,3845.6724717655293,5715.257923090745,0.0,0.0,73.21751626273605,11786.901573236506
tubeMy,"nTOF 5 ns, no veto, strict",14.0,no Be window + air,"no MM loss, DREAM",False,25985264452.18819,0.005622829059973001,0.9973366351624036,8.96133319771136,0.0,35133.88658711093,4773.9705733167775,7094.850990059645,0.0,0.0,112.93734641126184,11775.841687214852
tubeMy,"nTOF 5 ns, no veto, strict",14.0,no Be window + air,"no MM loss, DREAM",False,32288084693.086143,0.0049639341955189965,0.9958938743393192,13.835756524971922,0.0,43592.585355471485,5923.333280701345,8802.979898101812,0.0,0.0,174.1161892664243,11758.806593500087
tubeMy,"nTOF 5 ns, no veto, strict",14.0,no Be window + air,"no MM loss, DREAM",False,40119676867.86863,0.004394260354590077,0.9936745181586337,21.361571363867153,0.0,54045.41563716347,7343.657333064474,10913.798838930128,0.0,0.0,268.2257886160433,11732.602014113474
tubeMy,"nTOF 5 ns, no veto, strict",14.0,no Be window + air,"no MM loss, DREAM",False,49850850159.80715,0.0039008388222496098,0.9902673255816272,32.98097435510627,0.0,66924.06317123698,9093.599919101647,13514.48137318955,0.0,0.0,412.7044131467014,11692.372307342353
tubeMy,"nTOF 5 ns, no veto, strict",14.0,no Be window + air,"no MM loss, DREAM",False,61942354865.91934,0.003473238644359266,0.9850524712891008,50.920629895798555,0.0,82718.82535458995,11239.782342982018,16704.036956130058,0.0,0.0,633.8351412413274,11630.799016634257
tubeMy,"nTOF 5 ns, no veto, strict",14.0,no Be window + air,"no MM loss, DREAM",False,76966697940.67009,0.0031031510733705173,0.9771080438473679,78.61837315862829,0.0,101953.63746438157,13853.396603042538,20588.267794139032,0.0,0.0,970.7107135852941,11536.99686743899
tubeMy,"nTOF 5 ns, no veto, strict",14.0,no Be window + air,"no MM loss, DREAM",False,95635249979.00362,0.0027840842665758808,0.965090886764737,121.38201374879891,0.0,125124.82809712061,17001.88351908987,25267.401268141282,0.0,0.0,1480.2863500739354,11395.106823148766
tubeMy,"nTOF 5 ns, no veto, strict",14.0,no Be window + air,"no MM loss, DREAM",False,118831927096.53207,0.0025111513580803623,0.9471067999747765,187.40648870952396,0.0,152577.10722294555,20732.08206664382,30811.047265071917,0.0,0.0,2242.8837272777714,11182.763516524701
tubeMy,"nTOF 5 ns, no veto, strict",14.0,no Be window + air,"no MM loss, DREAM",False,147655042472.05704,0.0022809358987304373,0.9206199185302315,289.3442852506699,0.0,184283.27922814433,25040.29692269304,37213.71396931894,0.0,0.0,3366.033685116888,10870.025257763953
tubeMy,"nTOF 5 ns, no veto, strict",14.0,no Be window + air,"no MM loss, DREAM",False,183469309133.68265,0.0020914138799291836,0.8825147294472802,446.73007847121437,0.0,219504.11688264422,29826.08235275798,44326.12364492342,0.0,0.0,4981.846464041919,10420.106285290678
tubeMy,"nTOF 5 ns, no veto, strict",14.0,no Be window + air,"no MM loss, DREAM",False,227970456209.51935,0.0019418997874810242,0.8295052914188893,689.7242253739493,0.0,256362.80267885196,34834.41756571383,51769.27636203436,0.0,0.0,7229.659148646357,9794.208541096305
tubeMy,"nTOF 5 ns, no veto, strict",14.0,no Be window + air,"no MM loss, DREAM",False,283265518084.60077,0.0018329684192849042,0.7591066439276418,1064.892493238169,0.0,291510.2201050052,39610.22670099158,58866.85973658374,0.0,0.0,10214.844026951812,8962.991378682547
tubeMy,"nTOF 5 ns, no veto, strict",14.0,no Be window + air,"no MM loss, DREAM",False,351972597984.32916,0.0017662985203206766,0.6711631807789927,1644.1296107008313,0.0,320253.77608106873,43515.883140736296,64671.263017415826,0.0,0.0,13943.999425424496,7924.617510770568
tubeMy,"nTOF 5 ns, no veto, strict",14.0,no Be window + air,"no MM loss, DREAM",True,437344829577.31195,0.001744415390268571,0.5693288430897002,2538.43669097845,0.0,337554.9373564614,45866.754132710004,68165.017142783,0.0,0.0,18262.18359224564,6722.230075402556
tubeMy,"nTOF 5 ns, no veto, strict",14.0,no Be window + air,"no MM loss, DREAM",False,543424405915.04004,0.0017703951538290972,0.461271753523358,3919.1927401385833,0.0,339823.4009390586,46174.99154797884,68623.10512160652,0.0,0.0,22844.237385356475,5446.368811460078
tubeMy,"nTOF 5 ns, no veto, strict",14.0,no Be window + air,"no MM loss, DREAM",False,675233968650.1552,0.001847693896036879,0.3567355440554431,6050.996579487026,0.0,326556.21005560714,44372.25393421853,65943.96109518682,0.0,0.0,27276.991747260785,4212.07959568767
tubeMy,"nTOF 5 ns, no veto, strict",14.0,no Be window + air,"no MM loss, DREAM",False,839014419404.4929,0.0019802788652593137,0.2642687211340922,9342.372787634069,0.0,300588.57499331416,40843.787895067195,60700.12048351918,0.0,0.0,31197.955734020394,3120.297112570273
tubeMy,"nTOF 5 ns, no veto, strict",14.0,no Be window + air,"no MM loss, DREAM",False,1042520413147.9036,0.002173114991380654,0.18873730994710425,14424.058608627529,0.0,266747.0407018732,36245.42134479493,53866.24395017687,0.0,0.0,34400.79037001962,2228.4759268328576
tubeMy,"nTOF 5 ns, no veto, strict",14.0,no Be window + air,"no MM loss, DREAM",False,1295387524568.9966,0.002432898814737505,0.130951371317489,22269.8742037474,0.0,229967.80643122902,31247.881955526438,46439.13547950618,0.0,0.0,36851.145828869325,1546.1806605623517
tubeMy,"nTOF 5 ns, no veto, strict",14.0,no Be window + air,"no MM loss, DREAM",False,1609588471982.2002,0.002768879545838006,0.08891864679691558,34383.33901070581,0.0,194028.25573822256,26364.43824652379,39181.59065353414,0.0,0.0,38633.50185564377,1049.8881428850214
tubeMy,"nTOF 5 ns, no veto, strict",14.0,no Be window + air,"no MM loss, DREAM",False,2000000000000.0002,0.0031936791036532505,0.05945456179493085,53085.796116719415,0.0,161202.755084154,21904.129712528487,32552.88946394927,0.0,0.0,39882.89717977932,701.9971818901762
tubeMy,"nTOF 5 ns, no veto, strict",14.0,no Be window + air,"no MM loss, no dead time",False,1000000000.0,0.05651652500488593,1.0,0.013271449029179849,0.0,1355.6802894298542,184.20899129725024,273.76275664287846,0.0,0.0,0.16770326773806854,11807.288805045559
tubeMy,"nTOF 5 ns, no veto, strict",14.0,no Be window + air,"no MM loss, no dead time",False,1242553630.827767,0.047007729226164446,1.0,0.020490314716587292,0.0,1684.5054658727029,228.88955096751874,340.164907252027,0.0,0.0,0.2589237036135067,11807.288805045557
tubeMy,"nTOF 5 ns, no veto, strict",14.0,no Be window + air,"no MM loss, no dead time",False,1543939525.4832668,0.03926907391041756,1.0,0.031635806780530594,0.0,2093.0883827693465,284.4075426132277,422.67314058619684,0.0,0.0,0.39976254009340756,11807.288805045555
tubeMy,"nTOF 5 ns, no veto, strict",14.0,no Be window + air,"no MM loss, no dead time",False,1918427663.1677406,0.032953072985716904,1.0,0.0488437725090131,0.0,2600.7745696534803,353.3916247088704,525.1940454887562,0.0,0.0,0.6172091864578061,11807.288805045557
tubeMy,"nTOF 5 ns, no veto, strict",14.0,no Be window + air,"no MM loss, no dead time",False,2383749258.3495045,0.02778125453142962,1.0,0.07541183095037832,0.0,3231.601884487456,439.1080463861305,652.5817681111774,0.0,0.0,0.9529336584635781,11807.288805045555
tubeMy,"nTOF 5 ns, no veto, strict",14.0,no Be window + air,"no MM loss, no dead time",False,2961936295.9451733,0.02353070184765662,1.0,0.11643130649335141,0.0,4015.4386549597416,545.615297362774,810.867845378547,0.0,0.0,1.47127194046529,11807.288805045557
tubeMy,"nTOF 5 ns, no veto, strict",14.0,no Be window + air,"no MM loss, no dead time",False,3680364698.807223,0.02002314660091991,1.0,0.1797628960987418,0.0,4989.397880086393,677.9562687732865,1007.5467853966024,0.0,0.0,2.2715549016188255,11807.288805045557
tubeMy,"nTOF 5 ns, no veto, strict",14.0,no Be window + air,"no MM loss, no dead time",False,4573050519.273255,0.01711612170694893,1.0,0.27754304050218914,0.0,6199.594451545711,842.3970233066927,1251.9309164233932,0.0,0.0,3.5071433969145565,11807.288805045557
tubeMy,"nTOF 5 ns, no veto, strict",14.0,no Be window + air,"no MM loss, no dead time",False,5682260526.681813,0.01469578937246933,1.0,0.4285096702541366,0.0,7703.328595427835,1046.7234799082385,1555.5913057474274,0.0,0.0,5.41481731203408,11807.288805045557
tubeMy,"nTOF 5 ns, no veto, strict",14.0,no Be window + air,"no MM loss, no dead time",False,7060513448.737786,0.012671143932869704,1.0,0.6615930169571627,0.0,9571.798915708217,1300.6100604326568,1932.905625040573,0.0,0.0,8.360150471320475,11807.288805045557
tubeMy,"nTOF 5 ns, no veto, strict",14.0,no Be window + air,"no MM loss, no dead time",False,8773066621.237415,0.010969349734103014,1.0,1.0214596086638847,0.0,11893.473496266528,1616.077752881719,2401.7389024415784,0.0,0.0,12.90756675165924,11807.288805045557
tubeMy,"nTOF 5 ns, no veto, strict",14.0,no Be window + air,"no MM loss, no dead time",False,10901005783.71244,0.009532014813881773,1.0,1.5770718635008412,0.0,14778.278675939795,2008.0632795431593,2984.2893935290795,0.0,0.0,19.928502485700356,11807.288805045559
tubeMy,"nTOF 5 ns, no veto, strict",14.0,no Be window + air,"no MM loss, no dead time",False,13545084316.226381,0.008312228874123754,1.0,2.4349035845865004,0.0,18362.803826173556,2495.1263189282663,3708.1396213703524,0.0,0.0,30.768402671364314,11807.288805045559
tubeMy,"nTOF 5 ns, no veto, strict",14.0,no Be window + air,"no MM loss, no dead time",False,16830493696.995401,0.007272216873629375,1.0,3.759343884984017,0.0,22816.768566390056,3100.3282669582495,4607.56235015005,0.0,0.0,47.504553020304684,11807.288805045557
tubeMy,"nTOF 5 ns, no veto, strict",14.0,no Be window + air,"no MM loss, no dead time",False,20912791051.82548,0.0063814821981093405,1.0,5.804199613910643,0.0,28351.05862592483,3852.3241448669323,5725.143327444266,0.0,0.0,73.34415704846388,11807.288805045557
tubeMy,"nTOF 5 ns, no veto, strict",14.0,no Be window + air,"no MM loss, no dead time",False,25985264452.18819,0.005615336245018629,1.0,8.96133319771136,0.0,35227.710833453784,4786.71935332988,7113.797628525235,0.0,0.0,113.23894303037554,11807.288805045557
tubeMy,"nTOF 5 ns, no veto, strict",14.0,no Be window + air,"no MM loss, no dead time",False,32288084693.086143,0.004953732443538628,1.0,13.835756524971922,0.0,43772.32000185866,5947.7555122335825,8839.275072297989,0.0,0.0,174.8340799685447,11807.288805045555
tubeMy,"nTOF 5 ns, no veto, strict",14.0,no Be window + air,"no MM loss, no dead time",False,40119676867.86863,0.004380340400024904,1.0,21.361571363867153,0.0,54389.45514806437,7390.405207001702,10983.273334969239,0.0,0.0,269.93324646493835,11807.288805045557
tubeMy,"nTOF 5 ns, no veto, strict",14.0,no Be window + air,"no MM loss, no dead time",False,49850850159.80715,0.003881809610651212,1.0,32.98097435510627,0.0,67581.81497297165,9182.974823248442,13647.306160739883,0.0,0.0,416.76060845923814,11807.288805045559
tubeMy,"nTOF 5 ns, no veto, strict",14.0,no Be window + air,"no MM loss, no dead time",False,61942354865.91934,0.00344718274274959,1.0,50.920629895798555,0.0,83974.02957259624,11410.338708427318,16957.509821045493,0.0,0.0,643.4531760646735,11807.288805045555
tubeMy,"nTOF 5 ns, no veto, strict",14.0,no Be window + air,"no MM loss, no dead time",False,76966697940.67009,0.0030674268411791383,1.0,78.61837315862829,0.0,104342.23534066777,14177.957791130983,21070.6153979376,0.0,0.0,993.452791323993,11807.288805045555
tubeMy,"nTOF 5 ns, no veto, strict",14.0,no Be window + air,"no MM loss, no dead time",False,95635249979.00362,0.0027350576403376483,1.0,121.38201374879891,0.0,129650.82337123205,17616.87293109262,26181.369666482813,0.0,0.0,1533.8310312267918,11807.288805045555
tubeMy,"nTOF 5 ns, no veto, strict",14.0,no Be window + air,"no MM loss, no dead time",False,118831927096.53207,0.0024438377422707266,1.0,187.40648870952396,0.0,161098.1013197339,21889.909424360547,32531.75593913219,0.0,0.0,2368.1423545238026,11807.288805045557
tubeMy,"nTOF 5 ns, no veto, strict",14.0,no Be window + air,"no MM loss, no dead time",False,147655042472.05704,0.00218853382858104,1.0,289.3442852506699,0.0,200173.03071429566,27199.386433730262,40422.45145937163,0.0,0.0,3656.2685831203357,11807.288805045557
tubeMy,"nTOF 5 ns, no veto, strict",14.0,no Be window + air,"no MM loss, no dead time",False,183469309133.68265,0.0019647213624133814,1.0,446.73007847121437,0.0,248725.72610784622,33796.69636951905,50227.063827801394,0.0,0.0,5645.057581262187,11807.288805045555
tubeMy,"nTOF 5 ns, no veto, strict",14.0,no Be window + air,"no MM loss, no dead time",False,227970456209.51935,0.0017686275859118972,1.0,689.7242253739493,0.0,309055.054055577,41994.207783929516,62409.82052505263,0.0,0.0,8715.62752333966,11807.288805045555
tubeMy,"nTOF 5 ns, no veto, strict",14.0,no Be window + air,"no MM loss, no dead time",False,283265518084.60077,0.0015970053782061971,1.0,1064.892493238169,0.0,384017.4795424291,52180.05535565729,77547.54909271344,0.0,0.0,13456.401822673935,11807.288805045555
tubeMy,"nTOF 5 ns, no veto, strict",14.0,no Be window + air,"no MM loss, no dead time",False,351972597984.32916,0.0014470321052757699,1.0,1644.1296107008313,0.0,477162.31350677303,64836.51723896584,96356.98868694558,0.0,0.0,20775.870644811363,11807.288805045557
tubeMy,"nTOF 5 ns, no veto, strict",14.0,no Be window + air,"no MM loss, no dead time",False,437344829577.31195,0.0013162291442687828,1.0,2538.43669097845,0.0,592899.7651420204,80562.84990550444,119728.72614859478,0.0,0.0,32076.687864852043,11807.288805045557
tubeMy,"nTOF 5 ns, no veto, strict",14.0,no Be window + air,"no MM loss, no dead time",False,543424405915.04004,0.0012023991001826775,1.0,3919.1927401385833,0.0,736709.7558941478,100103.66165991698,148769.36339031986,0.0,0.0,49524.46624113454,11807.288805045555
tubeMy,"nTOF 5 ns, no veto, strict",14.0,no Be window + air,"no MM loss, no dead time",False,675233968650.1552,0.0011035784613965724,1.0,6050.996579487026,0.0,915401.3820525111,124384.16825468416,184853.91263657747,0.0,0.0,76462.78090814929,11807.288805045557
tubeMy,"nTOF 5 ns, no veto, strict",14.0,no Be window + air,"no MM loss, no dead time",False,839014419404.4929,0.001018003412829419,1.0,9342.372787634069,0.0,1137435.3109341038,154553.9998823497,229690.90031929815,0.0,0.0,118053.90967245903,11807.288805045559
tubeMy,"nTOF 5 ns, no veto, strict",14.0,no Be window + air,"no MM loss, no dead time",False,1042520413147.9036,0.0009440860668747291,1.0,14424.058608627529,0.0,1413324.3754328806,192041.63371276783,285403.26215984265,0.0,0.0,182268.0972811408,11807.288805045557
tubeMy,"nTOF 5 ns, no veto, strict",14.0,no Be window + air,"no MM loss, no dead time",False,1295387524568.9966,0.0008803980504248504,1.0,22269.8742037474,0.0,1756131.3342315191,238622.02923989674,354628.859646803,0.0,0.0,281410.9196269846,11807.288805045557
tubeMy,"nTOF 5 ns, no veto, strict",14.0,no Be window + air,"no MM loss, no dead time",False,1609588471982.2002,0.0008256585556354465,1.0,34383.33901070581,0.0,2182087.365559786,296500.66882752336,440645.37715044565,0.0,0.0,434481.4417146966,11807.288805045557
tubeMy,"nTOF 5 ns, no veto, strict",14.0,no Be window + air,"no MM loss, no dead time",True,2000000000000.0002,0.0007787245527322076,1.0,53085.796116719415,0.0,2711360.5788597087,368417.9825945004,547525.5132857569,0.0,0.0,670813.0709522743,11807.288805045557
tubeMy,"nTOF 5 ns, no veto, strict",14.0,oracle: no accidentals,MM occ + DREAM,False,1000000000.0,0.056799149625402695,0.9999630082867755,0.12413785792627809,0.005060247802405994,1341.9796828246674,182.34736142582733,270.9960897073483,0.0,0.0,0.0,11687.9634594954
tubeMy,"nTOF 5 ns, no veto, strict",14.0,oracle: no accidentals,MM occ + DREAM,False,1242553630.827767,0.04729930977233466,0.9999525261914726,0.15931564562762435,0.006287629279767796,1663.3760384231693,226.01849755801325,335.8980824335422,0.0,0.0,0.0,11659.185247511152
tubeMy,"nTOF 5 ns, no veto, strict",14.0,oracle: no accidentals,MM occ + DREAM,False,1543939525.4832668,0.0395712233758931,0.9999386805885492,0.20578245554249144,0.007812716590874453,2060.51080548521,279.98092175194574,416.0945044345992,0.0,0.0,0.0,11623.515932992463
tubeMy,"nTOF 5 ns, no veto, strict",14.0,oracle: no accidentals,MM occ + DREAM,False,1918427663.1677406,0.03326763925995032,0.9999202091601176,0.26777586231057127,0.009707719366619424,2550.562898473464,346.5688941790121,515.0544236139938,0.0,0.0,0.0,11579.332214757365
tubeMy,"nTOF 5 ns, no veto, strict",14.0,oracle: no accidentals,MM occ + DREAM,False,2383749258.3495045,0.02811034673626727,0.9998953006610704,0.3513768524463909,0.012062361946049998,3154.2429825236586,428.59656708697577,636.9601009544009,0.0,0.0,0.0,11524.642944021549
tubeMy,"nTOF 5 ns, no veto, strict",14.0,oracle: no accidentals,MM occ + DREAM,False,2961936295.9451733,0.02387672135940981,0.9998613298613671,0.4654005728427863,0.014988131632423112,3896.316627807397,529.4290706881604,786.8126350281565,0.0,0.0,0.0,11457.01370474165
tubeMy,"nTOF 5 ns, no veto, strict",14.0,oracle: no accidentals,MM occ + DREAM,False,3680364698.807223,0.020388824906543764,0.9998144565904481,0.622744437239696,0.018623557379191847,4806.083742741602,653.0476582446117,970.5287775651047,0.0,0.0,0.0,11373.480354868349
tubeMy,"nTOF 5 ns, no veto, strict",14.0,oracle: no accidentals,MM occ + DREAM,False,4573050519.273255,0.017504567839737698,0.9997490171460343,0.8424357791034679,0.023140768840444078,5917.720516363222,804.0961689844764,1195.0099844580936,0.0,0.0,0.0,11270.452567558355
tubeMy,"nTOF 5 ns, no veto, strict",14.0,oracle: no accidentals,MM occ + DREAM,False,5682260526.681813,0.015110550324822546,0.9996565980548751,1.15275137761892,0.02875364634283997,7270.330613818264,987.8879845130898,1468.152754054616,0.0,0.0,0.0,11143.610479821258
tubeMy,"nTOF 5 ns, no veto, strict",14.0,oracle: no accidentals,MM occ + DREAM,False,7060513448.737786,0.01311628232620413,0.9995246235372258,1.5959817215888719,0.03572794766283335,8907.465785997774,1210.3408895496216,1798.7518202410583,0.0,0.0,0.0,10987.800932982313
tubeMy,"nTOF 5 ns, no veto, strict",14.0,oracle: no accidentals,MM occ + DREAM,False,8773066621.237415,0.011449544467318197,0.9993341984271341,2.2357220132260447,0.044393891090478005,10875.754985033274,1477.7907969965224,2196.2233193841034,0.0,0.0,0.0,10796.945074246969
tubeMy,"nTOF 5 ns, no veto, strict",14.0,oracle: no accidentals,MM occ + DREAM,False,10901005783.71244,0.010052692846399982,0.9990568119593463,3.168048604662144,0.055161790561045906,13222.12061850417,1796.6134942992792,2670.042647524704,0.0,0.0,0.0,10563.977049099625
tubeMy,"nTOF 5 ns, no veto, strict",14.0,oracle: no accidentals,MM occ + DREAM,False,13545084316.226381,0.008879740236246289,0.9986493017633231,4.538674798425887,0.06854148314458842,15988.864478328645,2172.5569225322506,3228.752124896283,0.0,0.0,0.0,10280.845035836745
tubeMy,"nTOF 5 ns, no veto, strict",14.0,oracle: no accidentals,MM occ + DREAM,False,16830493696.995401,0.007894071111129053,0.9980461693010998,6.569314183091345,0.0851664687436289,19205.69884188776,2609.6583673948653,3878.351776007128,0.0,0.0,0.0,9938.621775869447
tubeMy,"nTOF 5 ns, no veto, strict",14.0,oracle: no accidentals,MM occ + DREAM,False,20912791051.82548,0.0070666738694854184,0.9971478853667582,9.598229725418525,0.10582390496217563,22877.64816397718,3108.600548667696,4619.856226950288,0.0,0.0,0.0,9527.792334544165
tubeMy,"nTOF 5 ns, no veto, strict",14.0,oracle: no accidentals,MM occ + DREAM,False,25985264452.18819,0.006374801837616199,0.995803178620207,14.142647385697286,0.13149187733912385,26967.801168846334,3664.3679852476225,5445.811705122098,0.0,0.0,0.0,9038.810904943371
tubeMy,"nTOF 5 ns, no veto, strict",14.0,oracle: no accidentals,MM occ + DREAM,False,32288084693.086143,0.0058010048576522585,0.9937824256377389,20.994880729683885,0.16338570961208776,31374.430659731453,4263.138049152623,6335.6756696087905,0.0,0.0,0.0,8463.041572336018
tubeMy,"nTOF 5 ns, no veto, strict",14.0,oracle: no accidentals,MM occ + DREAM,False,40119676867.86863,0.005332506638911843,0.9907381902772225,31.370445495682063,0.2030155067038708,35903.48318752073,4878.542878876301,7250.261442268681,0.0,0.0,0.0,7794.209262587946
tubeMy,"nTOF 5 ns, no veto, strict",14.0,oracle: no accidentals,MM occ + DREAM,False,49850850159.80715,0.004960944783387369,0.9861479361680406,47.13637170741401,0.25225765496923463,40240.53128826831,5467.858266933142,8126.07431128425,0.0,0.0,0.0,7030.464848851392
tubeMy,"nTOF 5 ns, no veto, strict",14.0,oracle: no accidentals,MM occ + DREAM,False,61942354865.91934,0.004682552351663722,0.9792337353293927,71.16324673122963,0.31344366508612054,43931.663890677286,5969.40706035855,8871.452586861935,0.0,0.0,0.0,6177.0745775035775
tubeMy,"nTOF 5 ns, no veto, strict",14.0,oracle: no accidentals,MM occ + DREAM,False,76966697940.67009,0.004498966064353094,0.9688563849081016,107.86818057258503,0.38947056411272174,46390.56996646667,6303.521682697964,9367.998056234459,0.0,0.0,0.0,5249.521975798214
tubeMy,"nTOF 5 ns, no veto, strict",14.0,oracle: no accidentals,MM occ + DREAM,True,95635249979.00362,0.004419046973833066,0.9533909866559186,164.05240581920927,0.4839380635388009,46957.29377028388,6380.527759321835,9482.44087287627,0.0,0.0,0.0,4276.396513592303
tubeMy,"nTOF 5 ns, no veto, strict",14.0,oracle: no accidentals,MM occ + DREAM,False,118831927096.53207,0.0044625060909403245,0.9306154573653252,250.19360450556778,0.6013189979458956,45036.189554814926,6119.489317981614,9094.49779372579,0.0,0.0,0.0,3300.8166601361295
tubeMy,"nTOF 5 ns, no veto, strict",14.0,oracle: no accidentals,MM occ + DREAM,False,147655042472.05704,0.0046670017127603295,0.8976925414769843,382.44009317476684,0.7471711041833903,40322.607305545396,5479.010704915896,8142.648541151893,0.0,0.0,0.0,2378.445628415081
tubeMy,"nTOF 5 ns, no veto, strict",14.0,oracle: no accidentals,MM occ + DREAM,False,183469309133.68265,0.005102368889402428,0.8514006697246195,585.68837029931,0.9284001683526635,33071.702656727946,4493.762308398352,6678.418618881834,0.0,0.0,0.0,1569.9507672691086
tubeMy,"nTOF 5 ns, no veto, strict",14.0,oracle: no accidentals,MM occ + DREAM,False,227970456209.51935,0.005900485954816449,0.7888281559683555,898.3329813190715,1.153587000047712,24267.51555906188,3297.454862536318,4900.522643961091,0.0,0.0,0.0,927.127904969492
tubeMy,"nTOF 5 ns, no veto, strict",14.0,oracle: no accidentals,MM occ + DREAM,False,283265518084.60077,0.007321922050184728,0.7086568609276892,1379.5979329562579,1.4333937153849963,15479.503510694434,2103.345272273951,3125.8930188717572,0.0,0.0,0.0,475.9443990082537
tubeMy,"nTOF 5 ns, no veto, strict",14.0,oracle: no accidentals,MM occ + DREAM,False,351972597984.32916,0.00991625585012981,0.6127397289635035,2120.8533565450116,1.7810685654573297,8297.087611688277,1127.4030843192331,1675.493546961972,0.0,0.0,0.0,205.30982204356044
tubeMy,"nTOF 5 ns, no veto, strict",14.0,oracle: no accidentals,MM occ + DREAM,False,437344829577.31195,0.014943817491982172,0.5069967610349609,3263.084524919677,2.2130732127622164,3595.3029777815996,488.5275238630788,726.0266759338822,0.0,0.0,0.0,71.59857887637918
tubeMy,"nTOF 5 ns, no veto, strict",14.0,oracle: no accidentals,MM occ + DREAM,False,543424405915.04004,0.025608964855088047,0.4004629405040205,5023.858948435001,2.749862155805364,1206.0320035070527,163.87487564023562,243.5431483764359,0.0,0.0,0.0,19.329142935337373
tubeMy,"nTOF 5 ns, no veto, strict",14.0,oracle: no accidentals,MM occ + DREAM,False,675233968650.1552,0.051147912383246376,0.30246120178956765,7738.956958225625,3.4168512059718252,298.15492583161273,40.513105166444674,60.20867533350582,0.0,0.0,0.0,3.845746125101267
tubeMy,"nTOF 5 ns, no veto, strict",14.0,oracle: no accidentals,MM occ + DREAM,False,839014419404.4929,0.12256341426440043,0.2195804785509767,11926.640618550902,4.245620871978526,51.265004501937156,6.965856803983179,10.352329425444571,0.0,0.0,0.0,0.5321627594357321
tubeMy,"nTOF 5 ns, no veto, strict",14.0,oracle: no accidentals,MM occ + DREAM,False,1042520413147.9036,0.36514828384918435,0.15433793963112216,18386.87334864883,5.275411629595067,5.708870958779816,0.7757178214970345,1.152835416417627,0.0,0.0,0.0,0.04769343070334085
tubeMy,"nTOF 5 ns, no veto, strict",14.0,oracle: no accidentals,MM occ + DREAM,False,1295387524568.9966,1.4147844263460876,0.10582412781689544,28354.499460679963,6.554981874464405,0.376319545597219,0.051134064897452446,0.07599304716941574,0.0,0.0,0.0,0.002530171560200686
tubeMy,"nTOF 5 ns, no veto, strict",14.0,oracle: no accidentals,MM occ + DREAM,False,1609588471982.2002,7.548751577927856,0.07125933964088833,43735.732226599896,8.14491652812595,0.013095718186303203,0.0017794380107322412,0.0026445172500135727,0.0,0.0,0.0,7.08610155466907e-05
tubeMy,"nTOF 5 ns, no veto, strict",14.0,oracle: no accidentals,MM occ + DREAM,False,2000000000000.0002,59.64088411679805,0.04737757496279311,67473.26239502954,10.120495604811989,0.0002080699267594305,2.8272411737849215e-05,4.2017131301731485e-05,0.0,0.0,0.0,9.060918477786832e-07
tubeMy,"nTOF 5 ns, no veto, strict",14.0,oracle: no accidentals,"MM occ ÷10, DAQ 10 µs",False,1000000000.0,0.05654005108017328,0.9999987586229617,0.12413785792627809,0.0005060247802405993,1354.3072866204873,184.0224285327594,273.4854958189944,0.0,0.0,0.0,11795.330645863978
tubeMy,"nTOF 5 ns, no veto, strict",14.0,oracle: no accidentals,"MM occ ÷10, DAQ 10 µs",False,1242553630.827767,0.047031326247838234,0.9999984068460819,0.15931564562762435,0.0006287629279767797,1682.3858077472128,228.60153314485365,339.7368686826835,0.0,0.0,0.0,11792.431378837882
tubeMy,"nTOF 5 ns, no veto, strict",14.0,oracle: no accidentals,"MM occ ÷10, DAQ 10 µs",False,1543939525.4832668,0.03929279210299003,0.9999979421796792,0.20578245554249144,0.0007812716590874453,2089.8160948784853,283.96290617769813,422.01234278562686,0.0,0.0,0.0,11788.829551963503
tubeMy,"nTOF 5 ns, no veto, strict",14.0,oracle: no accidentals,"MM occ ÷10, DAQ 10 µs",False,1918427663.1677406,0.03297697612979391,0.9999973222485473,0.26777586231057127,0.0009707719366619425,2595.7229997616314,352.7052205459563,524.1739438396065,0.0,0.0,0.0,11784.355120085738
tubeMy,"nTOF 5 ns, no veto, strict",14.0,oracle: no accidentals,"MM occ ÷10, DAQ 10 µs",False,2383749258.3495045,0.027805420912542463,0.9999964862438222,0.3513768524463909,0.001206236194605,3223.803802908837,438.0484479300261,651.0070426201204,0.0,0.0,0.0,11778.796990578545
tubeMy,"nTOF 5 ns, no veto, strict",14.0,oracle: no accidentals,"MM occ ÷10, DAQ 10 µs",False,2961936295.9451733,0.023555224694346004,0.9999953460159313,0.4654005728427863,0.0014988131632423113,4003.4012613609702,543.9796638362216,808.4370436031663,0.0,0.0,0.0,11771.893174606737
tubeMy,"nTOF 5 ns, no veto, strict",14.0,oracle: no accidentals,"MM occ ÷10, DAQ 10 µs",False,3680364698.807223,0.020048134034557453,0.9999937725944085,0.622744437239696,0.0018623557379191847,4970.817424269786,675.4315680377911,1003.7946936654649,0.0,0.0,0.0,11763.31860799399
tubeMy,"nTOF 5 ns, no veto, strict",14.0,oracle: no accidentals,"MM occ ÷10, DAQ 10 µs",False,4573050519.273255,0.01714169636359344,0.9999915757131781,0.8424357791034679,0.002314076884044408,6170.9160838649,838.500224611806,1246.1396771072134,0.0,0.0,0.0,11752.670108240285
tubeMy,"nTOF 5 ns, no veto, strict",14.0,oracle: no accidentals,"MM occ ÷10, DAQ 10 µs",False,5682260526.681813,0.01472208796085521,0.9999884726191058,1.15275137761892,0.002875364634283997,7659.067682334298,1040.7093346717652,1546.6533653831007,0.0,0.0,0.0,11739.447822125447
tubeMy,"nTOF 5 ns, no veto, strict",14.0,oracle: no accidentals,"MM occ ÷10, DAQ 10 µs",False,7060513448.737786,0.01269831701630824,0.9999840404374959,1.5959817215888719,0.0035727947662833348,9503.494879913416,1291.3289506950628,1919.1124753762942,0.0,0.0,0.0,11723.032388432388
tubeMy,"nTOF 5 ns, no veto, strict",14.0,oracle: no accidentals,"MM occ ÷10, DAQ 10 µs",False,8773066621.237415,0.010997561974380725,0.9999776432797017,2.2357220132260447,0.0044393891090478005,11788.07784715387,1601.7566578849583,2380.4555632470688,0.0,0.0,0.0,11702.656893412759
tubeMy,"nTOF 5 ns, no veto, strict",14.0,oracle: no accidentals,"MM occ ÷10, DAQ 10 µs",False,10901005783.71244,0.009561445852755115,0.9999683205175749,3.168048604662144,0.005516179056104591,14615.67243723485,1985.968445352515,2951.4530880208567,0.0,0.0,0.0,11677.37253644675
tubeMy,"nTOF 5 ns, no veto, strict",14.0,oracle: no accidentals,"MM occ ÷10, DAQ 10 µs",False,13545084316.226381,0.008343075023799608,0.9999546153118792,4.538674798425887,0.006854148314458843,18111.97650891281,2461.044059665037,3657.4881673733944,0.0,0.0,0.0,11646.00675884349
tubeMy,"nTOF 5 ns, no veto, strict",14.0,oracle: no accidentals,"MM occ ÷10, DAQ 10 µs",False,16830493696.995401,0.007304693875141602,0.9999343111734746,6.569314183091345,0.00851664687436289,22429.941588158956,3047.7664586749106,4529.447457774565,0.0,0.0,0.0,11607.11243755215
tubeMy,"nTOF 5 ns, no veto, strict",14.0,oracle: no accidentals,"MM occ ÷10, DAQ 10 µs",False,20912791051.82548,0.006415829473073136,0.9999040269144631,9.598229725418525,0.010582390496217564,27754.656060873433,3771.2853366967447,5604.707254462765,0.0,0.0,0.0,11558.906639760464
tubeMy,"nTOF 5 ns, no veto, strict",14.0,oracle: no accidentals,"MM occ ÷10, DAQ 10 µs",False,25985264452.18819,0.005651823285630478,0.9998585935247621,14.142647385697286,0.013149187733912385,34308.50287011385,4661.817949186532,6928.175024188445,0.0,0.0,0.0,11499.19742929981
tubeMy,"nTOF 5 ns, no veto, strict",14.0,oracle: no accidentals,"MM occ ÷10, DAQ 10 µs",False,32288084693.086143,0.004992668251610884,0.9997900952619525,20.994880729683885,0.016338570961208776,42356.19051431538,5755.332721638648,8553.305352670244,0.0,0.0,0.0,11425.297403994513
tubeMy,"nTOF 5 ns, no veto, strict",14.0,oracle: no accidentals,"MM occ ÷10, DAQ 10 µs",False,40119676867.86863,0.0044220872116843045,0.9996863939246661,31.370445495682063,0.02030155067038708,52208.92928095969,7094.116713609325,10542.943282991624,0.0,0.0,0.0,11333.92317581304
tubeMy,"nTOF 5 ns, no veto, strict",14.0,oracle: no accidentals,"MM occ ÷10, DAQ 10 µs",False,49850850159.80715,0.0039268025353970835,0.9995288583619997,47.13637170741401,0.025225765496923465,64226.51643013674,8727.058952157116,12969.745392461233,0.0,0.0,0.0,11221.081125683224
tubeMy,"nTOF 5 ns, no veto, strict",14.0,oracle: no accidentals,"MM occ ÷10, DAQ 10 µs",False,61942354865.91934,0.003495957387263519,0.9992888735933272,71.16324673122963,0.031344366508612054,78815.32572827805,10709.377250941829,15915.773803980062,0.0,0.0,0.0,11081.941855999765
tubeMy,"nTOF 5 ns, no veto, strict",14.0,oracle: no accidentals,"MM occ ÷10, DAQ 10 µs",False,76966697940.67009,0.003120657465017688,0.9989224804949596,107.86818057258503,0.03894705641127218,96419.07039416424,13101.363085095269,19470.63087798618,0.0,0.0,0.0,10910.709424050461
tubeMy,"nTOF 5 ns, no veto, strict",14.0,oracle: no accidentals,"MM occ ÷10, DAQ 10 µs",False,95635249979.00362,0.002793608959289166,0.9983621628530509,164.05240581920927,0.048393806353880096,117497.6190660433,15965.503118059685,23727.181360749,0.0,0.0,0.0,10700.497583772627
tubeMy,"nTOF 5 ns, no veto, strict",14.0,oracle: no accidentals,"MM occ ÷10, DAQ 10 µs",False,118831927096.53207,0.002508834379831345,0.9975043080166747,250.19360450556778,0.06013189979458956,142487.01794036268,19361.047034759227,28773.479352998515,0.0,0.0,0.0,10443.235258573985
tubeMy,"nTOF 5 ns, no veto, strict",14.0,oracle: no accidentals,"MM occ ÷10, DAQ 10 µs",False,147655042472.05704,0.002261453092780477,0.9961901693879948,382.44009317476684,0.07471711041833903,171731.26097593844,23334.736519542268,34678.99015209741,0.0,0.0,0.0,10129.63928238483
tubeMy,"nTOF 5 ns, no veto, strict",14.0,oracle: no accidentals,"MM occ ÷10, DAQ 10 µs",False,183469309133.68265,0.0020475182467392405,0.9941772196443779,585.68837029931,0.09284001683526635,205373.6402015419,27906.04200381268,41472.64979931387,0.0,0.0,0.0,9749.316730315595
tubeMy,"nTOF 5 ns, no veto, strict",14.0,oracle: no accidentals,"MM occ ÷10, DAQ 10 µs",False,227970456209.51935,0.0018639066448020553,0.99109665189924,898.3329813190715,0.1153587000047712,243193.83730474493,33045.02677283531,49109.96775434901,0.0,0.0,0.0,9291.09501683805
tubeMy,"nTOF 5 ns, no veto, strict",14.0,oracle: no accidentals,"MM occ ÷10, DAQ 10 µs",False,283265518084.60077,0.0017082636452693408,0.9863917596727045,1379.5979329562579,0.14333937153849963,284378.9406979806,38641.23290763982,57426.78664259586,0.0,0.0,0.0,8743.727725349523
tubeMy,"nTOF 5 ns, no veto, strict",14.0,oracle: no accidentals,"MM occ ÷10, DAQ 10 µs",False,351972597984.32916,0.001579012384661321,0.9792319268118505,2120.8533565450116,0.178106856545733,327227.6928652355,44463.49459914485,66079.5586888344,0.0,0.0,0.0,8097.185727585207
tubeMy,"nTOF 5 ns, no veto, strict",14.0,oracle: no accidentals,"MM occ ÷10, DAQ 10 µs",False,437344829577.31195,0.001475447490850548,0.9684002803138015,3263.084524919677,0.22130732127622166,368817.1333351775,50114.641803480925,74478.0284158484,0.0,0.0,0.0,7344.80036181887
tubeMy,"nTOF 5 ns, no veto, strict",14.0,oracle: no accidentals,"MM occ ÷10, DAQ 10 µs",False,543424405915.04004,0.0013979518454655855,0.9521645938481309,5023.858948435001,0.27498621558053643,404723.5327009374,54993.58093083563,81728.87874400696,0.0,0.0,0.0,6486.526883302031
tubeMy,"nTOF 5 ns, no veto, strict",14.0,oracle: no accidentals,"MM occ ÷10, DAQ 10 µs",False,675233968650.1552,0.001348408466774476,0.9281693718157463,7738.956958225625,0.34168512059718253,428997.60951528675,58291.92733264383,86630.72635178773,0.0,0.0,0.0,5533.418204879424
tubeMy,"nTOF 5 ns, no veto, strict",14.0,oracle: no accidentals,"MM occ ÷10, DAQ 10 µs",True,839014419404.4929,0.0013309437571650744,0.8934423426573015,11926.640618550902,0.4245620871978526,434733.68667847634,59071.34191620964,87789.05572247691,0.0,0.0,0.0,4512.807139493081
tubeMy,"nTOF 5 ns, no veto, strict",14.0,oracle: no accidentals,"MM occ ÷10, DAQ 10 µs",False,1042520413147.9036,0.0013532668517795975,0.8446882426356546,18386.87334864883,0.5275411629595067,415644.33563385555,56477.49281486468,83934.19893563315,0.0,0.0,0.0,3472.4036437191453
tubeMy,"nTOF 5 ns, no veto, strict",14.0,oracle: no accidentals,"MM occ ÷10, DAQ 10 µs",False,1295387524568.9966,0.0014291405989404348,0.7790922828586461,28354.499460679963,0.6554981874464405,368797.01997237897,50111.90881230182,74473.9667726365,0.0,0.0,0.0,2479.594117121971
tubeMy,"nTOF 5 ns, no veto, strict",14.0,oracle: no accidentals,"MM occ ÷10, DAQ 10 µs",False,1609588471982.2002,0.0015831254465014043,0.6957212270804705,43735.732226599896,0.8144916528125951,297748.0516062933,40457.81935074365,60126.51214916299,0.0,0.0,0.0,1611.1166271077489
tubeMy,"nTOF 5 ns, no veto, strict",14.0,oracle: no accidentals,"MM occ ÷10, DAQ 10 µs",False,2000000000000.0002,0.0018601817147303869,0.5971102405835017,67473.26239502954,1.012049560481199,213888.14693387455,29062.9878624976,43192.04843088802,0.0,0.0,0.0,931.428723466348
tubeMy,"nTOF 5 ns, no veto, strict",14.0,oracle: no accidentals,"no MM loss, DREAM",False,1000000000.0,0.05651245783084875,0.9999630082867755,0.12413785792627809,0.0,1355.6301404933631,184.20217709107072,273.7526296894932,0.0,0.0,0.0,11806.85203320412
tubeMy,"nTOF 5 ns, no veto, strict",14.0,oracle: no accidentals,"no MM loss, DREAM",False,1242553630.827767,0.04700284226291225,0.9999525261914726,0.15931564562762435,0.0,1684.4254959827526,228.87868470880224,340.1487583283524,0.0,0.0,0.0,11806.7282680776
tubeMy,"nTOF 5 ns, no veto, strict",14.0,oracle: no accidentals,"no MM loss, DREAM",False,1543939525.4832668,0.0392632691683975,0.9999386805885492,0.20578245554249144,0.0,2092.9600358216,284.3901029101025,422.64722251797997,0.0,0.0,0.0,11806.564789045198
tubeMy,"nTOF 5 ns, no veto, strict",14.0,oracle: no accidentals,"no MM loss, DREAM",False,1918427663.1677406,0.032946248861897516,0.9999202091601176,0.26777586231057127,0.0,2600.567051666223,353.3634272943274,525.1521398147654,0.0,0.0,0.0,11806.346691555067
tubeMy,"nTOF 5 ns, no veto, strict",14.0,oracle: no accidentals,"no MM loss, DREAM",False,2383749258.3495045,0.027773306397404697,0.9998953006610704,0.3513768524463909,0.0,3231.2635379064654,439.0620720639551,652.5134432314586,0.0,0.0,0.0,11806.052589713117
tubeMy,"nTOF 5 ns, no veto, strict",14.0,oracle: no accidentals,"no MM loss, DREAM",False,2961936295.9451733,0.023521522450147877,0.9998613298613671,0.4654005728427863,0.0,4014.8818335247865,545.5396368138483,810.7554022220157,0.0,0.0,0.0,11805.651486670084
tubeMy,"nTOF 5 ns, no veto, strict",14.0,oracle: no accidentals,"no MM loss, DREAM",False,3680364698.807223,0.02001262640640934,0.9998144565904481,0.622744437239696,0.0,4988.472130192111,677.8304784556514,1007.3598417307568,0.0,0.0,0.0,11805.098040423105
tubeMy,"nTOF 5 ns, no veto, strict",14.0,oracle: no accidentals,"no MM loss, DREAM",False,4573050519.273255,0.017104149543667103,0.9997490171460343,0.8424357791034679,0.0,6198.03845963683,842.1855960976108,1251.6167032290211,0.0,0.0,0.0,11804.325378003667
tubeMy,"nTOF 5 ns, no veto, strict",14.0,oracle: no accidentals,"no MM loss, DREAM",False,5682260526.681813,0.014682253954143444,0.9996565980548751,1.15275137761892,0.0,7700.68325740423,1046.3640330292305,1555.0571126672146,0.0,0.0,0.0,11803.234159103251
tubeMy,"nTOF 5 ns, no veto, strict",14.0,oracle: no accidentals,"no MM loss, DREAM",False,7060513448.737786,0.012655937041502087,0.9995246235372258,1.5959817215888719,0.0,9567.248707797284,1299.9917810226798,1931.9867672016646,0.0,0.0,0.0,11801.67589785846
tubeMy,"nTOF 5 ns, no veto, strict",14.0,oracle: no accidentals,"no MM loss, DREAM",False,8773066621.237415,0.010952371997771373,0.9993341984271341,2.2357220132260447,0.0,11885.554802905877,1615.0017657719775,2400.13982090272,0.0,0.0,0.0,11799.427493587878
tubeMy,"nTOF 5 ns, no veto, strict",14.0,oracle: no accidentals,"no MM loss, DREAM",False,10901005783.71244,0.009513185207967517,0.9990568119593463,3.168048604662144,0.0,14764.3399802312,2006.1692982730183,2981.4746474632534,0.0,0.0,0.0,11796.152311452097
tubeMy,"nTOF 5 ns, no veto, strict",14.0,oracle: no accidentals,"no MM loss, DREAM",False,13545084316.226381,0.008291499395422302,0.9986493017633231,4.538674798425887,0.0,18338.001219425096,2491.7561562090027,3703.1310437224156,0.0,0.0,0.0,11791.340720876644
tubeMy,"nTOF 5 ns, no veto, strict",14.0,oracle: no accidentals,"no MM loss, DREAM",False,16830493696.995401,0.007249594358190692,0.9980461693010998,6.569314183091345,0.0,22772.188463515344,3094.2707504135997,4598.559953383232,0.0,0.0,0.0,11784.219361707477
tubeMy,"nTOF 5 ns, no veto, strict",14.0,oracle: no accidentals,"no MM loss, DREAM",False,20912791051.82548,0.006357060006292787,0.9971478853667582,9.598229725418525,0.0,28270.19815674993,3841.3368748013663,5708.814562382654,0.0,0.0,0.0,11773.613063865774
tubeMy,"nTOF 5 ns, no veto, strict",14.0,oracle: no accidentals,"no MM loss, DREAM",False,25985264452.18819,0.005589339534457404,0.995803178620207,14.142647385697286,0.0,35079.866423466774,4766.630347208757,7083.94229054632,0.0,0.0,0.0,11757.73572295115
tubeMy,"nTOF 5 ns, no veto, strict",14.0,oracle: no accidentals,"no MM loss, DREAM",False,32288084693.086143,0.004926582014458263,0.9937824256377389,20.994880729683885,0.0,43500.162347238416,5910.7749000477215,8784.3162222275,0.0,0.0,0.0,11733.876108883493
tubeMy,"nTOF 5 ns, no veto, strict",14.0,oracle: no accidentals,"no MM loss, DREAM",False,40119676867.86863,0.0043527416444023095,0.9907381902772225,31.370445495682063,0.0,53885.710363557446,7321.956680200228,10881.548347207501,0.0,0.0,0.0,11697.931942791345
tubeMy,"nTOF 5 ns, no veto, strict",14.0,oracle: no accidentals,"no MM loss, DREAM",False,49850850159.80715,0.003854874873105579,0.9861479361680406,47.13637170741401,0.0,66645.66735808639,9055.771669829528,13458.262804667023,0.0,0.0,0.0,11643.733486835688
tubeMy,"nTOF 5 ns, no veto, strict",14.0,oracle: no accidentals,"no MM loss, DREAM",False,61942354865.91934,0.0034225971739837366,0.9792337353293927,71.16324673122963,0.0,82230.20264903433,11173.388594826849,16605.365683947246,0.0,0.0,0.0,11562.095520677687
tubeMy,"nTOF 5 ns, no veto, strict",14.0,oracle: no accidentals,"no MM loss, DREAM",False,76966697940.67009,0.0030476690202970664,0.9688563849081016,107.86818057258503,0.0,101092.64092538974,13736.404930894816,20414.4002622348,0.0,0.0,0.0,11439.567147222338
tubeMy,"nTOF 5 ns, no veto, strict",14.0,oracle: no accidentals,"no MM loss, DREAM",False,95635249979.00362,0.00272368568007222,0.9533909866559186,164.05240581920927,0.0,123607.92641465119,16795.767865566348,24961.08185833139,0.0,0.0,0.0,11256.962723573766
tubeMy,"nTOF 5 ns, no veto, strict",14.0,oracle: no accidentals,"no MM loss, DREAM",False,118831927096.53207,0.0024458470730593894,0.9306154573653252,250.19360450556778,0.0,149920.38324034968,20371.088070636837,30274.55493219263,0.0,0.0,0.0,10988.045471551954
tubeMy,"nTOF 5 ns, no veto, strict",14.0,oracle: no accidentals,"no MM loss, DREAM",False,147655042472.05704,0.002210780741365368,0.8976925414769843,382.44009317476684,0.0,179693.8366770665,24416.686334309932,36286.933183293346,0.0,0.0,0.0,10599.315095354094
tubeMy,"nTOF 5 ns, no veto, strict",14.0,oracle: no accidentals,"no MM loss, DREAM",False,183469309133.68265,0.0020163818694761085,0.8514006697246195,585.68837029931,0.0,211765.24978596251,28774.52992348814,42763.35578129132,0.0,0.0,0.0,10052.733596247788
tubeMy,"nTOF 5 ns, no veto, strict",14.0,oracle: no accidentals,"no MM loss, DREAM",False,227970456209.51935,0.0018616211845501654,0.7888281559683555,898.3329813190715,0.0,243791.3283833613,33126.21348754909,49230.623639093305,0.0,0.0,0.0,9313.921855069895
tubeMy,"nTOF 5 ns, no veto, strict",14.0,oracle: no accidentals,"no MM loss, DREAM",False,283265518084.60077,0.0017462648810719242,0.7086568609276892,1379.5979329562579,0.0,272136.6215939009,36977.754231373154,54954.6027126782,0.0,0.0,0.0,8367.316220650231
tubeMy,"nTOF 5 ns, no veto, strict",14.0,oracle: no accidentals,"no MM loss, DREAM",False,351972597984.32916,0.001670473050568333,0.6127397289635035,2120.8533565450116,0.0,292376.3066497384,39727.90999994145,59041.75513177842,0.0,0.0,0.0,7234.794942197424
tubeMy,"nTOF 5 ns, no veto, strict",14.0,oracle: no accidentals,"no MM loss, DREAM",True,437344829577.31195,0.001634316143265624,0.5069967610349609,3263.084524919677,0.0,300598.26054539334,40845.10396183645,60702.0763601794,0.0,0.0,0.0,5986.257180762452
tubeMy,"nTOF 5 ns, no veto, strict",14.0,oracle: no accidentals,"no MM loss, DREAM",False,543424405915.04004,0.0016373520348211277,0.4004629405040205,5023.858948435001,0.0,295024.9551433696,40087.806703549926,59576.616720198675,0.0,0.0,0.0,4728.381594248746
tubeMy,"nTOF 5 ns, no veto, strict",14.0,oracle: no accidentals,"no MM loss, DREAM",False,675233968650.1552,0.001678449535872574,0.30246120178956765,7738.956958225625,0.0,276873.40213543363,37621.38501390756,55911.136571562965,0.0,0.0,0.0,3571.246761850587
tubeMy,"nTOF 5 ns, no veto, strict",14.0,oracle: no accidentals,"no MM loss, DREAM",False,839014419404.4929,0.001755945909560912,0.2195804785509767,11926.640618550902,0.0,249758.58989568954,33937.04125613393,50435.63781091619,0.0,0.0,0.0,2592.6501262014935
tubeMy,"nTOF 5 ns, no veto, strict",14.0,oracle: no accidentals,"no MM loss, DREAM",False,1042520413147.9036,0.0018680440083600502,0.15433793963112216,18386.87334864883,0.0,218129.5721347534,29639.310070623236,44048.55144575112,0.0,0.0,0.0,1822.3126268003455
tubeMy,"nTOF 5 ns, no veto, strict",14.0,oracle: no accidentals,"no MM loss, DREAM",False,1295387524568.9966,0.002013250490107906,0.10582412781689544,28354.499460679963,0.0,185841.06677697142,25251.968122209797,37528.28977082314,0.0,0.0,0.0,1249.4960396761396
tubeMy,"nTOF 5 ns, no veto, strict",14.0,oracle: no accidentals,"no MM loss, DREAM",False,1609588471982.2002,0.0021906996036333923,0.07125933964088833,43735.732226599896,0.0,155494.104708516,21128.441863731037,31400.098591550937,0.0,0.0,0.0,841.3796031967997
tubeMy,"nTOF 5 ns, no veto, strict",14.0,oracle: no accidentals,"no MM loss, DREAM",False,2000000000000.0002,0.0024003174229770075,0.04737757496279311,67473.26239502954,0.0,128457.68907608796,17454.75058801195,25940.431049737726,0.0,0.0,0.0,559.4007104683938
tubeMy,"nTOF 5 ns, no veto, strict",14.0,oracle: no accidentals,"no MM loss, no dead time",False,1000000000.0,0.05651141257486536,1.0,0.12413785792627809,0.0,1355.680289429854,184.20899129725018,273.7627566428784,0.0,0.0,0.0,11807.288805045555
tubeMy,"nTOF 5 ns, no veto, strict",14.0,oracle: no accidentals,"no MM loss, no dead time",False,1242553630.827767,0.04700172654770332,1.0,0.15931564562762435,0.0,1684.5054658727029,228.8895509675188,340.1649072520271,0.0,0.0,0.0,11807.288805045559
tubeMy,"nTOF 5 ns, no veto, strict",14.0,oracle: no accidentals,"no MM loss, no dead time",False,1543939525.4832668,0.039262065349664324,1.0,0.20578245554249144,0.0,2093.0883827693465,284.40754261322775,422.67314058619684,0.0,0.0,0.0,11807.288805045557
tubeMy,"nTOF 5 ns, no veto, strict",14.0,oracle: no accidentals,"no MM loss, no dead time",False,1918427663.1677406,0.03294493443124327,1.0,0.26777586231057127,0.0,2600.7745696534807,353.3916247088704,525.1940454887562,0.0,0.0,0.0,11807.288805045559
tubeMy,"nTOF 5 ns, no veto, strict",14.0,oracle: no accidentals,"no MM loss, no dead time",False,2383749258.3495045,0.027771852435936686,1.0,0.3513768524463909,0.0,3231.6018844874566,439.1080463861306,652.5817681111774,0.0,0.0,0.0,11807.288805045559
tubeMy,"nTOF 5 ns, no veto, strict",14.0,oracle: no accidentals,"no MM loss, no dead time",False,2961936295.9451733,0.023519891527216338,1.0,0.4654005728427863,0.0,4015.438654959742,545.6152973627741,810.8678453785473,0.0,0.0,0.0,11807.288805045559
tubeMy,"nTOF 5 ns, no veto, strict",14.0,oracle: no accidentals,"no MM loss, no dead time",False,3680364698.807223,0.020010769714812342,1.0,0.622744437239696,0.0,4989.397880086393,677.9562687732865,1007.5467853966024,0.0,0.0,0.0,11807.288805045557
tubeMy,"nTOF 5 ns, no veto, strict",14.0,oracle: no accidentals,"no MM loss, no dead time",False,4573050519.273255,0.01710200298483774,1.0,0.8424357791034679,0.0,6199.594451545711,842.3970233066926,1251.9309164233932,0.0,0.0,0.0,11807.288805045557
tubeMy,"nTOF 5 ns, no veto, strict",14.0,oracle: no accidentals,"no MM loss, no dead time",False,5682260526.681813,0.014679732780397546,1.0,1.15275137761892,0.0,7703.328595427835,1046.7234799082385,1555.5913057474277,0.0,0.0,0.0,11807.288805045559
tubeMy,"nTOF 5 ns, no veto, strict",14.0,oracle: no accidentals,"no MM loss, no dead time",False,7060513448.737786,0.012652928516622166,1.0,1.5959817215888719,0.0,9571.798915708217,1300.6100604326568,1932.905625040573,0.0,0.0,0.0,11807.288805045555
tubeMy,"nTOF 5 ns, no veto, strict",14.0,oracle: no accidentals,"no MM loss, no dead time",False,8773066621.237415,0.010948725337430904,1.0,2.2357220132260447,0.0,11893.473496266528,1616.0777528817193,2401.7389024415784,0.0,0.0,0.0,11807.288805045559
tubeMy,"nTOF 5 ns, no veto, strict",14.0,oracle: no accidentals,"no MM loss, no dead time",False,10901005783.71244,0.009508697788339422,1.0,3.168048604662144,0.0,14778.278675939795,2008.0632795431595,2984.28939352908,0.0,0.0,0.0,11807.288805045559
tubeMy,"nTOF 5 ns, no veto, strict",14.0,oracle: no accidentals,"no MM loss, no dead time",False,13545084316.226381,0.008285897846476181,1.0,4.538674798425887,0.0,18362.803826173556,2495.1263189282663,3708.1396213703524,0.0,0.0,0.0,11807.288805045557
tubeMy,"nTOF 5 ns, no veto, strict",14.0,oracle: no accidentals,"no MM loss, no dead time",False,16830493696.995401,0.007242508655426758,1.0,6.569314183091345,0.0,22816.768566390052,3100.328266958249,4607.5623501500495,0.0,0.0,0.0,11807.288805045555
tubeMy,"nTOF 5 ns, no veto, strict",14.0,oracle: no accidentals,"no MM loss, no dead time",False,20912791051.82548,0.006347988001140073,1.0,9.598229725418525,0.0,28351.05862592483,3852.3241448669323,5725.143327444266,0.0,0.0,0.0,11807.288805045557
tubeMy,"nTOF 5 ns, no veto, strict",14.0,oracle: no accidentals,"no MM loss, no dead time",False,25985264452.18819,0.00557759847289216,1.0,14.142647385697286,0.0,35227.710833453784,4786.7193533298805,7113.797628525237,0.0,0.0,0.0,11807.288805045559
tubeMy,"nTOF 5 ns, no veto, strict",14.0,oracle: no accidentals,"no MM loss, no dead time",False,32288084693.086143,0.004911242438528198,1.0,20.994880729683885,0.0,43772.32000185866,5947.7555122335825,8839.275072297989,0.0,0.0,0.0,11807.288805045557
tubeMy,"nTOF 5 ns, no veto, strict",14.0,oracle: no accidentals,"no MM loss, no dead time",False,40119676867.86863,0.0043325376216825934,1.0,31.370445495682063,0.0,54389.45514806436,7390.405207001702,10983.273334969239,0.0,0.0,0.0,11807.288805045557
tubeMy,"nTOF 5 ns, no veto, strict",14.0,oracle: no accidentals,"no MM loss, no dead time",False,49850850159.80715,0.0038280827817138794,1.0,47.13637170741401,0.0,67581.81497297164,9182.97482324844,13647.306160739883,0.0,0.0,0.0,11807.288805045557
tubeMy,"nTOF 5 ns, no veto, strict",14.0,oracle: no accidentals,"no MM loss, no dead time",False,61942354865.91934,0.0033868734596015212,1.0,71.16324673122963,0.0,83974.02957259624,11410.338708427318,16957.509821045493,0.0,0.0,0.0,11807.288805045559
tubeMy,"nTOF 5 ns, no veto, strict",14.0,oracle: no accidentals,"no MM loss, no dead time",False,76966697940.67009,0.002999835935345418,1.0,107.86818057258503,0.0,104342.23534066777,14177.957791130984,21070.615397937607,0.0,0.0,0.0,11807.288805045559
tubeMy,"nTOF 5 ns, no veto, strict",14.0,oracle: no accidentals,"no MM loss, no dead time",False,95635249979.00362,0.0026594541565889483,1.0,164.05240581920927,0.0,129650.82337123205,17616.87293109262,26181.369666482817,0.0,0.0,0.0,11807.288805045559
tubeMy,"nTOF 5 ns, no veto, strict",14.0,oracle: no accidentals,"no MM loss, no dead time",False,118831927096.53207,0.002359469838916212,1.0,250.19360450556778,0.0,161098.1013197339,21889.909424360543,32531.755939132185,0.0,0.0,0.0,11807.288805045555
tubeMy,"nTOF 5 ns, no veto, strict",14.0,oracle: no accidentals,"no MM loss, no dead time",False,147655042472.05704,0.00209464042628296,1.0,382.44009317476684,0.0,200173.03071429566,27199.386433730262,40422.45145937163,0.0,0.0,0.0,11807.288805045555
tubeMy,"nTOF 5 ns, no veto, strict",14.0,oracle: no accidentals,"no MM loss, no dead time",False,183469309133.68265,0.0018605432819915053,1.0,585.68837029931,0.0,248725.72610784622,33796.69636951906,50227.0638278014,0.0,0.0,0.0,11807.288805045557
tubeMy,"nTOF 5 ns, no veto, strict",14.0,oracle: no accidentals,"no MM loss, no dead time",False,227970456209.51935,0.0016534174402154803,1.0,898.3329813190715,0.0,309055.054055577,41994.207783929516,62409.82052505263,0.0,0.0,0.0,11807.288805045557
tubeMy,"nTOF 5 ns, no veto, strict",14.0,oracle: no accidentals,"no MM loss, no dead time",False,283265518084.60077,0.0014700365000065883,1.0,1379.5979329562579,0.0,384017.4795424292,52180.0553556573,77547.54909271345,0.0,0.0,0.0,11807.288805045559
tubeMy,"nTOF 5 ns, no veto, strict",14.0,oracle: no accidentals,"no MM loss, no dead time",False,351972597984.32916,0.0013076077734521696,1.0,2120.8533565450116,0.0,477162.31350677303,64836.51723896585,96356.98868694561,0.0,0.0,0.0,11807.288805045557
tubeMy,"nTOF 5 ns, no veto, strict",14.0,oracle: no accidentals,"no MM loss, no dead time",False,437344829577.31195,0.0011636936459487354,1.0,3263.084524919677,0.0,592899.7651420204,80562.84990550444,119728.7261485948,0.0,0.0,0.0,11807.288805045557
tubeMy,"nTOF 5 ns, no veto, strict",14.0,oracle: no accidentals,"no MM loss, no dead time",False,543424405915.04004,0.0010361514279340063,1.0,5023.858948435001,0.0,736709.7558941479,100103.66165991698,148769.36339031986,0.0,0.0,0.0,11807.288805045557
tubeMy,"nTOF 5 ns, no veto, strict",14.0,oracle: no accidentals,"no MM loss, no dead time",False,675233968650.1552,0.0009230880420694574,1.0,7738.956958225625,0.0,915401.3820525111,124384.16825468415,184853.91263657744,0.0,0.0,0.0,11807.288805045555
tubeMy,"nTOF 5 ns, no veto, strict",14.0,oracle: no accidentals,"no MM loss, no dead time",False,839014419404.4929,0.0008228259830665315,1.0,11926.640618550902,0.0,1137435.3109341038,154553.9998823497,229690.90031929815,0.0,0.0,0.0,11807.288805045557
tubeMy,"nTOF 5 ns, no veto, strict",14.0,oracle: no accidentals,"no MM loss, no dead time",False,1042520413147.9036,0.0007338772966011609,1.0,18386.87334864883,0.0,1413324.3754328806,192041.63371276783,285403.26215984265,0.0,0.0,0.0,11807.288805045559
tubeMy,"nTOF 5 ns, no veto, strict",14.0,oracle: no accidentals,"no MM loss, no dead time",False,1295387524568.9966,0.0006549228791435963,1.0,28354.499460679963,0.0,1756131.3342315191,238622.02923989674,354628.859646803,0.0,0.0,0.0,11807.288805045555
tubeMy,"nTOF 5 ns, no veto, strict",14.0,oracle: no accidentals,"no MM loss, no dead time",False,1609588471982.2002,0.0005847951018538247,1.0,43735.732226599896,0.0,2182087.3655597856,296500.66882752336,440645.37715044565,0.0,0.0,0.0,11807.288805045557
tubeMy,"nTOF 5 ns, no veto, strict",14.0,oracle: no accidentals,"no MM loss, no dead time",True,2000000000000.0002,0.0005224624603429324,1.0,67473.26239502954,0.0,2711360.5788597087,368417.9825945004,547525.5132857569,0.0,0.0,0.0,11807.288805045557
tubeMy,"nTOF 5 ns, no veto, strict",14.0,oracle: IPC only,MM occ + DREAM,False,1000000000.0,0.022955076250970412,0.9999630082867755,0.12413785792627809,0.005060247802405994,1341.9796828246674,182.34736142582733,270.9960897073483,0.0,0.0,0.0,0.0
tubeMy,"nTOF 5 ns, no veto, strict",14.0,oracle: IPC only,MM occ + DREAM,False,1242553630.827767,0.020618472583912008,0.9999525261914726,0.15931564562762435,0.006287629279767796,1663.3760384231693,226.01849755801325,335.8980824335422,0.0,0.0,0.0,0.0
tubeMy,"nTOF 5 ns, no veto, strict",14.0,oracle: IPC only,MM occ + DREAM,False,1543939525.4832668,0.018525257866210586,0.9999386805885492,0.20578245554249144,0.007812716590874453,2060.51080548521,279.98092175194574,416.0945044345992,0.0,0.0,0.0,0.0
tubeMy,"nTOF 5 ns, no veto, strict",14.0,oracle: IPC only,MM occ + DREAM,False,1918427663.1677406,0.0166507458177102,0.9999202091601176,0.26777586231057127,0.009707719366619424,2550.562898473464,346.5688941790121,515.0544236139938,0.0,0.0,0.0,0.0
tubeMy,"nTOF 5 ns, no veto, strict",14.0,oracle: IPC only,MM occ + DREAM,False,2383749258.3495045,0.014972838401047687,0.9998953006610704,0.3513768524463909,0.012062361946049998,3154.2429825236586,428.59656708697577,636.9601009544009,0.0,0.0,0.0,0.0
tubeMy,"nTOF 5 ns, no veto, strict",14.0,oracle: IPC only,MM occ + DREAM,False,2961936295.9451733,0.01347176781490699,0.9998613298613671,0.4654005728427863,0.014988131632423112,3896.316627807397,529.4290706881604,786.8126350281565,0.0,0.0,0.0,0.0
tubeMy,"nTOF 5 ns, no veto, strict",14.0,oracle: IPC only,MM occ + DREAM,False,3680364698.807223,0.012129867117612284,0.9998144565904481,0.622744437239696,0.018623557379191847,4806.083742741602,653.0476582446117,970.5287775651047,0.0,0.0,0.0,0.0
tubeMy,"nTOF 5 ns, no veto, strict",14.0,oracle: IPC only,MM occ + DREAM,False,4573050519.273255,0.010931367246291072,0.9997490171460343,0.8424357791034679,0.023140768840444078,5917.720516363222,804.0961689844764,1195.0099844580936,0.0,0.0,0.0,0.0
tubeMy,"nTOF 5 ns, no veto, strict",14.0,oracle: IPC only,MM occ + DREAM,False,5682260526.681813,0.009862218718408174,0.9996565980548751,1.15275137761892,0.02875364634283997,7270.330613818264,987.8879845130898,1468.152754054616,0.0,0.0,0.0,0.0
tubeMy,"nTOF 5 ns, no veto, strict",14.0,oracle: IPC only,MM occ + DREAM,False,7060513448.737786,0.008909936906044597,0.9995246235372258,1.5959817215888719,0.03572794766283335,8907.465785997774,1210.3408895496216,1798.7518202410583,0.0,0.0,0.0,0.0
tubeMy,"nTOF 5 ns, no veto, strict",14.0,oracle: IPC only,MM occ + DREAM,False,8773066621.237415,0.008063470521976942,0.9993341984271341,2.2357220132260447,0.044393891090478005,10875.754985033274,1477.7907969965224,2196.2233193841034,0.0,0.0,0.0,0.0
tubeMy,"nTOF 5 ns, no veto, strict",14.0,oracle: IPC only,MM occ + DREAM,False,10901005783.71244,0.007313093950202795,0.9990568119593463,3.168048604662144,0.055161790561045906,13222.12061850417,1796.6134942992792,2670.042647524704,0.0,0.0,0.0,0.0
tubeMy,"nTOF 5 ns, no veto, strict",14.0,oracle: IPC only,MM occ + DREAM,False,13545084316.226381,0.006650325454632684,0.9986493017633231,4.538674798425887,0.06854148314458842,15988.864478328645,2172.5569225322506,3228.752124896283,0.0,0.0,0.0,0.0
tubeMy,"nTOF 5 ns, no veto, strict",14.0,oracle: IPC only,MM occ + DREAM,False,16830493696.995401,0.00606787538040161,0.9980461693010998,6.569314183091345,0.0851664687436289,19205.69884188776,2609.6583673948653,3878.351776007128,0.0,0.0,0.0,0.0
tubeMy,"nTOF 5 ns, no veto, strict",14.0,oracle: IPC only,MM occ + DREAM,False,20912791051.82548,0.005559631690420081,0.9971478853667582,9.598229725418525,0.10582390496217563,22877.64816397718,3108.600548667696,4619.856226950288,0.0,0.0,0.0,0.0
tubeMy,"nTOF 5 ns, no veto, strict",14.0,oracle: IPC only,MM occ + DREAM,False,25985264452.18819,0.005120695380891455,0.995803178620207,14.142647385697286,0.13149187733912385,26967.801168846334,3664.3679852476225,5445.811705122098,0.0,0.0,0.0,0.0
tubeMy,"nTOF 5 ns, no veto, strict",14.0,oracle: IPC only,MM occ + DREAM,False,32288084693.086143,0.004747486990624296,0.9937824256377389,20.994880729683885,0.16338570961208776,31374.430659731453,4263.138049152623,6335.6756696087905,0.0,0.0,0.0,0.0
tubeMy,"nTOF 5 ns, no veto, strict",14.0,oracle: IPC only,MM occ + DREAM,False,40119676867.86863,0.004437960354054534,0.9907381902772225,31.370445495682063,0.2030155067038708,35903.48318752073,4878.542878876301,7250.261442268681,0.0,0.0,0.0,0.0
tubeMy,"nTOF 5 ns, no veto, strict",14.0,oracle: IPC only,MM occ + DREAM,False,49850850159.80715,0.004191986323911727,0.9861479361680406,47.13637170741401,0.25225765496923463,40240.53128826831,5467.858266933142,8126.07431128425,0.0,0.0,0.0,0.0
tubeMy,"nTOF 5 ns, no veto, strict",14.0,oracle: IPC only,MM occ + DREAM,False,61942354865.91934,0.004012018103076431,0.9792337353293927,71.16324673122963,0.31344366508612054,43931.663890677286,5969.40706035855,8871.452586861935,0.0,0.0,0.0,0.0
tubeMy,"nTOF 5 ns, no veto, strict",14.0,oracle: IPC only,MM occ + DREAM,False,76966697940.67009,0.003904243140240455,0.9688563849081016,107.86818057258503,0.38947056411272174,46390.56996646667,6303.521682697964,9367.998056234459,0.0,0.0,0.0,0.0
tubeMy,"nTOF 5 ns, no veto, strict",14.0,oracle: IPC only,MM occ + DREAM,True,95635249979.00362,0.003880611623773478,0.9533909866559186,164.05240581920927,0.4839380635388009,46957.29377028388,6380.527759321835,9482.44087287627,0.0,0.0,0.0,0.0
tubeMy,"nTOF 5 ns, no veto, strict",14.0,oracle: IPC only,MM occ + DREAM,False,118831927096.53207,0.003962514741652349,0.9306154573653252,250.19360450556778,0.6013189979458956,45036.189554814926,6119.489317981614,9094.49779372579,0.0,0.0,0.0,0.0
tubeMy,"nTOF 5 ns, no veto, strict",14.0,oracle: IPC only,MM occ + DREAM,False,147655042472.05704,0.0041877177903731425,0.8976925414769843,382.44009317476684,0.7471711041833903,40322.607305545396,5479.010704915896,8142.648541151893,0.0,0.0,0.0,0.0
tubeMy,"nTOF 5 ns, no veto, strict",14.0,oracle: IPC only,MM occ + DREAM,False,183469309133.68265,0.00462405970319712,0.8514006697246195,585.68837029931,0.9284001683526635,33071.702656727946,4493.762308398352,6678.418618881834,0.0,0.0,0.0,0.0
tubeMy,"nTOF 5 ns, no veto, strict",14.0,oracle: IPC only,MM occ + DREAM,False,227970456209.51935,0.0053980767086212935,0.7888281559683555,898.3329813190715,1.153587000047712,24267.51555906188,3297.454862536318,4900.522643961091,0.0,0.0,0.0,0.0
tubeMy,"nTOF 5 ns, no veto, strict",14.0,oracle: IPC only,MM occ + DREAM,False,283265518084.60077,0.006758856044760479,0.7086568609276892,1379.5979329562579,1.4333937153849963,15479.503510694434,2103.345272273951,3125.8930188717572,0.0,0.0,0.0,0.0
tubeMy,"nTOF 5 ns, no veto, strict",14.0,oracle: IPC only,MM occ + DREAM,False,351972597984.32916,0.009231852821254981,0.6127397289635035,2120.8533565450116,1.7810685654573297,8297.087611688277,1127.4030843192331,1675.493546961972,0.0,0.0,0.0,0.0
tubeMy,"nTOF 5 ns, no veto, strict",14.0,oracle: IPC only,MM occ + DREAM,False,437344829577.31195,0.014024389434089877,0.5069967610349609,3263.084524919677,2.2130732127622164,3595.3029777815996,488.5275238630788,726.0266759338822,0.0,0.0,0.0,0.0
tubeMy,"nTOF 5 ns, no veto, strict",14.0,oracle: IPC only,MM occ + DREAM,False,543424405915.04004,0.024214320915595444,0.4004629405040205,5023.858948435001,2.749862155805364,1206.0320035070527,163.87487564023562,243.5431483764359,0.0,0.0,0.0,0.0
tubeMy,"nTOF 5 ns, no veto, strict",14.0,oracle: IPC only,MM occ + DREAM,False,675233968650.1552,0.048700196746471094,0.30246120178956765,7738.956958225625,3.4168512059718252,298.15492583161273,40.513105166444674,60.20867533350582,0.0,0.0,0.0,0.0
tubeMy,"nTOF 5 ns, no veto, strict",14.0,oracle: IPC only,MM occ + DREAM,False,839014419404.4929,0.1174468059144537,0.2195804785509767,11926.640618550902,4.245620871978526,51.265004501937156,6.965856803983179,10.352329425444571,0.0,0.0,0.0,0.0
tubeMy,"nTOF 5 ns, no veto, strict",14.0,oracle: IPC only,MM occ + DREAM,False,1042520413147.9036,0.35194645643342054,0.15433793963112216,18386.87334864883,5.275411629595067,5.708870958779816,0.7757178214970345,1.152835416417627,0.0,0.0,0.0,0.0
tubeMy,"nTOF 5 ns, no veto, strict",14.0,oracle: IPC only,MM occ + DREAM,False,1295387524568.9966,1.370797558643655,0.10582412781689544,28354.499460679963,6.554981874464405,0.376319545597219,0.051134064897452446,0.07599304716941574,0.0,0.0,0.0,0.0
tubeMy,"nTOF 5 ns, no veto, strict",14.0,oracle: IPC only,MM occ + DREAM,False,1609588471982.2002,7.34830289959204,0.07125933964088833,43735.732226599896,8.14491652812595,0.013095718186303203,0.0017794380107322412,0.0026445172500135727,0.0,0.0,0.0,0.0
tubeMy,"nTOF 5 ns, no veto, strict",14.0,oracle: IPC only,MM occ + DREAM,False,2000000000000.0002,58.29711365568333,0.04737757496279311,67473.26239502954,10.120495604811989,0.0002080699267594305,2.8272411737849215e-05,4.2017131301731485e-05,0.0,0.0,0.0,0.0
tubeMy,"nTOF 5 ns, no veto, strict",14.0,oracle: IPC only,"MM occ ÷10, DAQ 10 µs",False,1000000000.0,0.022850362942734587,0.9999987586229617,0.12413785792627809,0.0005060247802405993,1354.3072866204873,184.0224285327594,273.4854958189944,0.0,0.0,0.0,0.0
tubeMy,"nTOF 5 ns, no veto, strict",14.0,oracle: IPC only,"MM occ ÷10, DAQ 10 µs",False,1242553630.827767,0.02050165458002646,0.9999984068460819,0.15931564562762435,0.0006287629279767797,1682.3858077472128,228.60153314485365,339.7368686826835,0.0,0.0,0.0,0.0
tubeMy,"nTOF 5 ns, no veto, strict",14.0,oracle: IPC only,"MM occ ÷10, DAQ 10 µs",False,1543939525.4832668,0.018394910338676518,0.9999979421796792,0.20578245554249144,0.0007812716590874453,2089.8160948784853,283.96290617769813,422.01234278562686,0.0,0.0,0.0,0.0
tubeMy,"nTOF 5 ns, no veto, strict",14.0,oracle: IPC only,"MM occ ÷10, DAQ 10 µs",False,1918427663.1677406,0.016505266366613692,0.9999973222485473,0.26777586231057127,0.0009707719366619425,2595.7229997616314,352.7052205459563,524.1739438396065,0.0,0.0,0.0,0.0
tubeMy,"nTOF 5 ns, no veto, strict",14.0,oracle: IPC only,"MM occ ÷10, DAQ 10 µs",False,2383749258.3495045,0.014810421155690565,0.9999964862438222,0.3513768524463909,0.001206236194605,3223.803802908837,438.0484479300261,651.0070426201204,0.0,0.0,0.0,0.0
tubeMy,"nTOF 5 ns, no veto, strict",14.0,oracle: IPC only,"MM occ ÷10, DAQ 10 µs",False,2961936295.9451733,0.013290372372885818,0.9999953460159313,0.4654005728427863,0.0014988131632423113,4003.4012613609702,543.9796638362216,808.4370436031663,0.0,0.0,0.0,0.0
tubeMy,"nTOF 5 ns, no veto, strict",14.0,oracle: IPC only,"MM occ ÷10, DAQ 10 µs",False,3680364698.807223,0.011927180840972022,0.9999937725944085,0.622744437239696,0.0018623557379191847,4970.817424269786,675.4315680377911,1003.7946936654649,0.0,0.0,0.0,0.0
tubeMy,"nTOF 5 ns, no veto, strict",14.0,oracle: IPC only,"MM occ ÷10, DAQ 10 µs",False,4573050519.273255,0.010704758888675307,0.9999915757131781,0.8424357791034679,0.002314076884044408,6170.9160838649,838.500224611806,1246.1396771072134,0.0,0.0,0.0,0.0
tubeMy,"nTOF 5 ns, no veto, strict",14.0,oracle: IPC only,"MM occ ÷10, DAQ 10 µs",False,5682260526.681813,0.009608680580156369,0.9999884726191058,1.15275137761892,0.002875364634283997,7659.067682334298,1040.7093346717652,1546.6533653831007,0.0,0.0,0.0,0.0
tubeMy,"nTOF 5 ns, no veto, strict",14.0,oracle: IPC only,"MM occ ÷10, DAQ 10 µs",False,7060513448.737786,0.008626011594933557,0.9999840404374959,1.5959817215888719,0.0035727947662833348,9503.494879913416,1291.3289506950628,1919.1124753762942,0.0,0.0,0.0,0.0
tubeMy,"nTOF 5 ns, no veto, strict",14.0,oracle: IPC only,"MM occ ÷10, DAQ 10 µs",False,8773066621.237415,0.007745156765595278,0.9999776432797017,2.2357220132260447,0.0044393891090478005,11788.07784715387,1601.7566578849583,2380.4555632470688,0.0,0.0,0.0,0.0
tubeMy,"nTOF 5 ns, no veto, strict",14.0,oracle: IPC only,"MM occ ÷10, DAQ 10 µs",False,10901005783.71244,0.006955723495124574,0.9999683205175749,3.168048604662144,0.005516179056104591,14615.67243723485,1985.968445352515,2951.4530880208567,0.0,0.0,0.0,0.0
tubeMy,"nTOF 5 ns, no veto, strict",14.0,oracle: IPC only,"MM occ ÷10, DAQ 10 µs",False,13545084316.226381,0.00624839947166511,0.9999546153118792,4.538674798425887,0.006854148314458843,18111.97650891281,2461.044059665037,3657.4881673733944,0.0,0.0,0.0,0.0
tubeMy,"nTOF 5 ns, no veto, strict",14.0,oracle: IPC only,"MM occ ÷10, DAQ 10 µs",False,16830493696.995401,0.005614843279515718,0.9999343111734746,6.569314183091345,0.00851664687436289,22429.941588158956,3047.7664586749106,4529.447457774565,0.0,0.0,0.0,0.0
tubeMy,"nTOF 5 ns, no veto, strict",14.0,oracle: IPC only,"MM occ ÷10, DAQ 10 µs",False,20912791051.82548,0.005047586674808008,0.9999040269144631,9.598229725418525,0.010582390496217564,27754.656060873433,3771.2853366967447,5604.707254462765,0.0,0.0,0.0,0.0
tubeMy,"nTOF 5 ns, no veto, strict",14.0,oracle: IPC only,"MM occ ÷10, DAQ 10 µs",False,25985264452.18819,0.004539947457122062,0.9998585935247621,14.142647385697286,0.013149187733912385,34308.50287011385,4661.817949186532,6928.175024188445,0.0,0.0,0.0,0.0
tubeMy,"nTOF 5 ns, no veto, strict",14.0,oracle: IPC only,"MM occ ÷10, DAQ 10 µs",False,32288084693.086143,0.004085952029803736,0.9997900952619525,20.994880729683885,0.016338570961208776,42356.19051431538,5755.332721638648,8553.305352670244,0.0,0.0,0.0,0.0
tubeMy,"nTOF 5 ns, no veto, strict",14.0,oracle: IPC only,"MM occ ÷10, DAQ 10 µs",False,40119676867.86863,0.0036802669094531566,0.9996863939246661,31.370445495682063,0.02030155067038708,52208.92928095969,7094.116713609325,10542.943282991624,0.0,0.0,0.0,0.0
tubeMy,"nTOF 5 ns, no veto, strict",14.0,oracle: IPC only,"MM occ ÷10, DAQ 10 µs",False,49850850159.80715,0.0033181386296032723,0.9995288583619997,47.13637170741401,0.025225765496923465,64226.51643013674,8727.058952157116,12969.745392461233,0.0,0.0,0.0,0.0
tubeMy,"nTOF 5 ns, no veto, strict",14.0,oracle: IPC only,"MM occ ÷10, DAQ 10 µs",False,61942354865.91934,0.002995341700835788,0.9992888735933272,71.16324673122963,0.031344366508612054,78815.32572827805,10709.377250941829,15915.773803980062,0.0,0.0,0.0,0.0
tubeMy,"nTOF 5 ns, no veto, strict",14.0,oracle: IPC only,"MM occ ÷10, DAQ 10 µs",False,76966697940.67009,0.0027081345639328363,0.9989224804949596,107.86818057258503,0.03894705641127218,96419.07039416424,13101.363085095269,19470.63087798618,0.0,0.0,0.0,0.0
tubeMy,"nTOF 5 ns, no veto, strict",14.0,oracle: IPC only,"MM occ ÷10, DAQ 10 µs",False,95635249979.00362,0.0024532238430341703,0.9983621628530509,164.05240581920927,0.048393806353880096,117497.6190660433,15965.503118059685,23727.181360749,0.0,0.0,0.0,0.0
tubeMy,"nTOF 5 ns, no veto, strict",14.0,oracle: IPC only,"MM occ ÷10, DAQ 10 µs",False,118831927096.53207,0.0022277377356702123,0.9975043080166747,250.19360450556778,0.06013189979458956,142487.01794036268,19361.047034759227,28773.479352998515,0.0,0.0,0.0,0.0
tubeMy,"nTOF 5 ns, no veto, strict",14.0,oracle: IPC only,"MM occ ÷10, DAQ 10 µs",False,147655042472.05704,0.002029210172097813,0.9961901693879948,382.44009317476684,0.07471711041833903,171731.26097593844,23334.736519542268,34678.99015209741,0.0,0.0,0.0,0.0
tubeMy,"nTOF 5 ns, no veto, strict",14.0,oracle: IPC only,"MM occ ÷10, DAQ 10 µs",False,183469309133.68265,0.0018555786187808513,0.9941772196443779,585.68837029931,0.09284001683526635,205373.6402015419,27906.04200381268,41472.64979931387,0.0,0.0,0.0,0.0
tubeMy,"nTOF 5 ns, no veto, strict",14.0,oracle: IPC only,"MM occ ÷10, DAQ 10 µs",False,227970456209.51935,0.0017052004061017061,0.99109665189924,898.3329813190715,0.1153587000047712,243193.83730474493,33045.02677283531,49109.96775434901,0.0,0.0,0.0,0.0
tubeMy,"nTOF 5 ns, no veto, strict",14.0,oracle: IPC only,"MM occ ÷10, DAQ 10 µs",False,283265518084.60077,0.0015768957912604313,0.9863917596727045,1379.5979329562579,0.14333937153849963,284378.9406979806,38641.23290763982,57426.78664259586,0.0,0.0,0.0,0.0
tubeMy,"nTOF 5 ns, no veto, strict",14.0,oracle: IPC only,"MM occ ÷10, DAQ 10 µs",False,351972597984.32916,0.0014700316488850328,0.9792319268118505,2120.8533565450116,0.178106856545733,327227.6928652355,44463.49459914485,66079.5586888344,0.0,0.0,0.0,0.0
tubeMy,"nTOF 5 ns, no veto, strict",14.0,oracle: IPC only,"MM occ ÷10, DAQ 10 µs",False,437344829577.31195,0.0013846696275794904,0.9684002803138015,3263.084524919677,0.22130732127622166,368817.1333351775,50114.641803480925,74478.0284158484,0.0,0.0,0.0,0.0
tubeMy,"nTOF 5 ns, no veto, strict",14.0,oracle: IPC only,"MM occ ÷10, DAQ 10 µs",False,543424405915.04004,0.0013218204953694996,0.9521645938481309,5023.858948435001,0.27498621558053643,404723.5327009374,54993.58093083563,81728.87874400696,0.0,0.0,0.0,0.0
tubeMy,"nTOF 5 ns, no veto, strict",14.0,oracle: IPC only,"MM occ ÷10, DAQ 10 µs",False,675233968650.1552,0.0012838795283467747,0.9281693718157463,7738.956958225625,0.34168512059718253,428997.60951528675,58291.92733264383,86630.72635178773,0.0,0.0,0.0,0.0
tubeMy,"nTOF 5 ns, no veto, strict",14.0,oracle: IPC only,"MM occ ÷10, DAQ 10 µs",True,839014419404.4929,0.0012753813531467802,0.8934423426573015,11926.640618550902,0.4245620871978526,434733.68667847634,59071.34191620964,87789.05572247691,0.0,0.0,0.0,0.0
tubeMy,"nTOF 5 ns, no veto, strict",14.0,oracle: IPC only,"MM occ ÷10, DAQ 10 µs",False,1042520413147.9036,0.0013043398919255372,0.8446882426356546,18386.87334864883,0.5275411629595067,415644.33563385555,56477.49281486468,83934.19893563315,0.0,0.0,0.0,0.0
tubeMy,"nTOF 5 ns, no veto, strict",14.0,oracle: IPC only,"MM occ ÷10, DAQ 10 µs",False,1295387524568.9966,0.0013847073854535423,0.7790922828586461,28354.499460679963,0.6554981874464405,368797.01997237897,50111.90881230182,74473.9667726365,0.0,0.0,0.0,0.0
tubeMy,"nTOF 5 ns, no veto, strict",14.0,oracle: IPC only,"MM occ ÷10, DAQ 10 µs",False,1609588471982.2002,0.001541087316074797,0.6957212270804705,43735.732226599896,0.8144916528125951,297748.0516062933,40457.81935074365,60126.51214916299,0.0,0.0,0.0,0.0
tubeMy,"nTOF 5 ns, no veto, strict",14.0,oracle: IPC only,"MM occ ÷10, DAQ 10 µs",False,2000000000000.0002,0.0018182699074596386,0.5971102405835017,67473.26239502954,1.012049560481199,213888.14693387455,29062.9878624976,43192.04843088802,0.0,0.0,0.0,0.0
tubeMy,"nTOF 5 ns, no veto, strict",14.0,oracle: IPC only,"no MM loss, DREAM",False,1000000000.0,0.022839211276795335,0.9999630082867755,0.12413785792627809,0.0,1355.6301404933631,184.20217709107072,273.7526296894932,0.0,0.0,0.0,0.0
tubeMy,"nTOF 5 ns, no veto, strict",14.0,oracle: IPC only,"no MM loss, DREAM",False,1242553630.827767,0.020489237987372018,0.9999525261914726,0.15931564562762435,0.0,1684.4254959827526,228.87868470880224,340.1487583283524,0.0,0.0,0.0,0.0
tubeMy,"nTOF 5 ns, no veto, strict",14.0,oracle: IPC only,"no MM loss, DREAM",False,1543939525.4832668,0.01838108918457421,0.9999386805885492,0.20578245554249144,0.0,2092.9600358216,284.3901029101025,422.64722251797997,0.0,0.0,0.0,0.0
tubeMy,"nTOF 5 ns, no veto, strict",14.0,oracle: IPC only,"no MM loss, DREAM",False,1918427663.1677406,0.016489887098989138,0.9999202091601176,0.26777586231057127,0.0,2600.567051666223,353.3634272943274,525.1521398147654,0.0,0.0,0.0,0.0
tubeMy,"nTOF 5 ns, no veto, strict",14.0,oracle: IPC only,"no MM loss, DREAM",False,2383749258.3495045,0.014793315516617639,0.9998953006610704,0.3513768524463909,0.0,3231.2635379064654,439.0620720639551,652.5134432314586,0.0,0.0,0.0,0.0
tubeMy,"nTOF 5 ns, no veto, strict",14.0,oracle: IPC only,"no MM loss, DREAM",False,2961936295.9451733,0.013271356830431576,0.9998613298613671,0.4654005728427863,0.0,4014.8818335247865,545.5396368138483,810.7554022220157,0.0,0.0,0.0,0.0
tubeMy,"nTOF 5 ns, no veto, strict",14.0,oracle: IPC only,"no MM loss, DREAM",False,3680364698.807223,0.011906056386126171,0.9998144565904481,0.622744437239696,0.0,4988.472130192111,677.8304784556514,1007.3598417307568,0.0,0.0,0.0,0.0
tubeMy,"nTOF 5 ns, no veto, strict",14.0,oracle: IPC only,"no MM loss, DREAM",False,4573050519.273255,0.010681311404492737,0.9997490171460343,0.8424357791034679,0.0,6198.03845963683,842.1855960976108,1251.6167032290211,0.0,0.0,0.0,0.0
tubeMy,"nTOF 5 ns, no veto, strict",14.0,oracle: IPC only,"no MM loss, DREAM",False,5682260526.681813,0.009582682077244373,0.9996565980548751,1.15275137761892,0.0,7700.68325740423,1046.3640330292305,1555.0571126672146,0.0,0.0,0.0,0.0
tubeMy,"nTOF 5 ns, no veto, strict",14.0,oracle: IPC only,"no MM loss, DREAM",False,7060513448.737786,0.00859722272837736,0.9995246235372258,1.5959817215888719,0.0,9567.248707797284,1299.9917810226798,1931.9867672016646,0.0,0.0,0.0,0.0
tubeMy,"nTOF 5 ns, no veto, strict",14.0,oracle: IPC only,"no MM loss, DREAM",False,8773066621.237415,0.007713331216088182,0.9993341984271341,2.2357220132260447,0.0,11885.554802905877,1615.0017657719775,2400.13982090272,0.0,0.0,0.0,0.0
tubeMy,"nTOF 5 ns, no veto, strict",14.0,oracle: IPC only,"no MM loss, DREAM",False,10901005783.71244,0.0069206150286846065,0.9990568119593463,3.168048604662144,0.0,14764.3399802312,2006.1692982730183,2981.4746474632534,0.0,0.0,0.0,0.0
tubeMy,"nTOF 5 ns, no veto, strict",14.0,oracle: IPC only,"no MM loss, DREAM",False,13545084316.226381,0.006209772810849492,0.9986493017633231,4.538674798425887,0.0,18338.001219425096,2491.7561562090027,3703.1310437224156,0.0,0.0,0.0,0.0
tubeMy,"nTOF 5 ns, no veto, strict",14.0,oracle: IPC only,"no MM loss, DREAM",False,16830493696.995401,0.005572490354431587,0.9980461693010998,6.569314183091345,0.0,22772.188463515344,3094.2707504135997,4598.559953383232,0.0,0.0,0.0,0.0
tubeMy,"nTOF 5 ns, no veto, strict",14.0,oracle: IPC only,"no MM loss, DREAM",False,20912791051.82548,0.0050013504120377745,0.9971478853667582,9.598229725418525,0.0,28270.19815674993,3841.3368748013663,5708.814562382654,0.0,0.0,0.0,0.0
tubeMy,"nTOF 5 ns, no veto, strict",14.0,oracle: IPC only,"no MM loss, DREAM",False,25985264452.18819,0.004489756052877198,0.995803178620207,14.142647385697286,0.0,35079.866423466774,4766.630347208757,7083.94229054632,0.0,0.0,0.0,0.0
tubeMy,"nTOF 5 ns, no veto, strict",14.0,oracle: IPC only,"no MM loss, DREAM",False,32288084693.086143,0.004031867684273932,0.9937824256377389,20.994880729683885,0.0,43500.162347238416,5910.7749000477215,8784.3162222275,0.0,0.0,0.0,0.0
tubeMy,"nTOF 5 ns, no veto, strict",14.0,oracle: IPC only,"no MM loss, DREAM",False,40119676867.86863,0.0036225542990119047,0.9907381902772225,31.370445495682063,0.0,53885.710363557446,7321.956680200228,10881.548347207501,0.0,0.0,0.0,0.0
tubeMy,"nTOF 5 ns, no veto, strict",14.0,oracle: IPC only,"no MM loss, DREAM",False,49850850159.80715,0.0032573599292140543,0.9861479361680406,47.13637170741401,0.0,66645.66735808639,9055.771669829528,13458.262804667023,0.0,0.0,0.0,0.0
tubeMy,"nTOF 5 ns, no veto, strict",14.0,oracle: IPC only,"no MM loss, DREAM",False,61942354865.91934,0.0029324865565426364,0.9792337353293927,71.16324673122963,0.0,82230.20264903433,11173.388594826849,16605.365683947246,0.0,0.0,0.0,0.0
tubeMy,"nTOF 5 ns, no veto, strict",14.0,oracle: IPC only,"no MM loss, DREAM",False,76966697940.67009,0.0026447945363484576,0.9688563849081016,107.86818057258503,0.0,101092.64092538974,13736.404930894816,20414.4002622348,0.0,0.0,0.0,0.0
tubeMy,"nTOF 5 ns, no veto, strict",14.0,oracle: IPC only,"no MM loss, DREAM",False,95635249979.00362,0.002391820311524234,0.9533909866559186,164.05240581920927,0.0,123607.92641465119,16795.767865566348,24961.08185833139,0.0,0.0,0.0,0.0
tubeMy,"nTOF 5 ns, no veto, strict",14.0,oracle: IPC only,"no MM loss, DREAM",False,118831927096.53207,0.0021718076984815708,0.9306154573653252,250.19360450556778,0.0,149920.38324034968,20371.088070636837,30274.55493219263,0.0,0.0,0.0,0.0
tubeMy,"nTOF 5 ns, no veto, strict",14.0,oracle: IPC only,"no MM loss, DREAM",False,147655042472.05704,0.0019837416849273664,0.8976925414769843,382.44009317476684,0.0,179693.8366770665,24416.686334309932,36286.933183293346,0.0,0.0,0.0,0.0
tubeMy,"nTOF 5 ns, no veto, strict",14.0,oracle: IPC only,"no MM loss, DREAM",False,183469309133.68265,0.0018273610456247765,0.8514006697246195,585.68837029931,0.0,211765.24978596251,28774.52992348814,42763.35578129132,0.0,0.0,0.0,0.0
tubeMy,"nTOF 5 ns, no veto, strict",14.0,oracle: IPC only,"no MM loss, DREAM",False,227970456209.51935,0.0017031095461541243,0.7888281559683555,898.3329813190715,0.0,243791.3283833613,33126.21348754909,49230.623639093305,0.0,0.0,0.0,0.0
tubeMy,"nTOF 5 ns, no veto, strict",14.0,oracle: IPC only,"no MM loss, DREAM",False,283265518084.60077,0.0016119746790923758,0.7086568609276892,1379.5979329562579,0.0,272136.6215939009,36977.754231373154,54954.6027126782,0.0,0.0,0.0,0.0
tubeMy,"nTOF 5 ns, no veto, strict",14.0,oracle: IPC only,"no MM loss, DREAM",False,351972597984.32916,0.0015551798559652714,0.6127397289635035,2120.8533565450116,0.0,292376.3066497384,39727.90999994145,59041.75513177842,0.0,0.0,0.0,0.0
tubeMy,"nTOF 5 ns, no veto, strict",14.0,oracle: IPC only,"no MM loss, DREAM",True,437344829577.31195,0.0015337637831748414,0.5069967610349609,3263.084524919677,0.0,300598.26054539334,40845.10396183645,60702.0763601794,0.0,0.0,0.0,0.0
tubeMy,"nTOF 5 ns, no veto, strict",14.0,oracle: IPC only,"no MM loss, DREAM",False,543424405915.04004,0.0015481831400570968,0.4004629405040205,5023.858948435001,0.0,295024.9551433696,40087.806703549926,59576.616720198675,0.0,0.0,0.0,0.0
tubeMy,"nTOF 5 ns, no veto, strict",14.0,oracle: IPC only,"no MM loss, DREAM",False,675233968650.1552,0.0015981262737282662,0.30246120178956765,7738.956958225625,0.0,276873.40213543363,37621.38501390756,55911.136571562965,0.0,0.0,0.0,0.0
tubeMy,"nTOF 5 ns, no veto, strict",14.0,oracle: IPC only,"no MM loss, DREAM",False,839014419404.4929,0.0016826411019489756,0.2195804785509767,11926.640618550902,0.0,249758.58989568954,33937.04125613393,50435.63781091619,0.0,0.0,0.0,0.0
tubeMy,"nTOF 5 ns, no veto, strict",14.0,oracle: IPC only,"no MM loss, DREAM",False,1042520413147.9036,0.0018005054337748088,0.15433793963112216,18386.87334864883,0.0,218129.5721347534,29639.310070623236,44048.55144575112,0.0,0.0,0.0,0.0
tubeMy,"nTOF 5 ns, no veto, strict",14.0,oracle: IPC only,"no MM loss, DREAM",False,1295387524568.9966,0.0019506567964602123,0.10582412781689544,28354.499460679963,0.0,185841.06677697142,25251.968122209797,37528.28977082314,0.0,0.0,0.0,0.0
tubeMy,"nTOF 5 ns, no veto, strict",14.0,oracle: IPC only,"no MM loss, DREAM",False,1609588471982.2002,0.0021325280191474127,0.07125933964088833,43735.732226599896,0.0,155494.104708516,21128.441863731037,31400.098591550937,0.0,0.0,0.0,0.0
tubeMy,"nTOF 5 ns, no veto, strict",14.0,oracle: IPC only,"no MM loss, DREAM",False,2000000000000.0002,0.0023462358026579877,0.04737757496279311,67473.26239502954,0.0,128457.68907608796,17454.75058801195,25940.431049737726,0.0,0.0,0.0,0.0
tubeMy,"nTOF 5 ns, no veto, strict",14.0,oracle: IPC only,"no MM loss, no dead time",False,1000000000.0,0.022838788842111733,1.0,0.12413785792627809,0.0,1355.680289429854,184.20899129725018,273.7627566428784,0.0,0.0,0.0,0.0
tubeMy,"nTOF 5 ns, no veto, strict",14.0,oracle: IPC only,"no MM loss, no dead time",False,1242553630.827767,0.020488751630519123,1.0,0.15931564562762435,0.0,1684.5054658727029,228.8895509675188,340.1649072520271,0.0,0.0,0.0,0.0
tubeMy,"nTOF 5 ns, no veto, strict",14.0,oracle: IPC only,"no MM loss, no dead time",False,1543939525.4832668,0.018380525617149368,1.0,0.20578245554249144,0.0,2093.0883827693465,284.40754261322775,422.67314058619684,0.0,0.0,0.0,0.0
tubeMy,"nTOF 5 ns, no veto, strict",14.0,oracle: IPC only,"no MM loss, no dead time",False,1918427663.1677406,0.016489229214895002,1.0,0.26777586231057127,0.0,2600.7745696534807,353.3916247088704,525.1940454887562,0.0,0.0,0.0,0.0
tubeMy,"nTOF 5 ns, no veto, strict",14.0,oracle: IPC only,"no MM loss, no dead time",False,2383749258.3495045,0.014792541071168529,1.0,0.3513768524463909,0.0,3231.6018844874566,439.1080463861306,652.5817681111774,0.0,0.0,0.0,0.0
tubeMy,"nTOF 5 ns, no veto, strict",14.0,oracle: IPC only,"no MM loss, no dead time",False,2961936295.9451733,0.013270436628083547,1.0,0.4654005728427863,0.0,4015.438654959742,545.6152973627741,810.8678453785473,0.0,0.0,0.0,0.0
tubeMy,"nTOF 5 ns, no veto, strict",14.0,oracle: IPC only,"no MM loss, no dead time",False,3680364698.807223,0.01190495178973805,1.0,0.622744437239696,0.0,4989.397880086393,677.9562687732865,1007.5467853966024,0.0,0.0,0.0,0.0
tubeMy,"nTOF 5 ns, no veto, strict",14.0,oracle: IPC only,"no MM loss, no dead time",False,4573050519.273255,0.010679970907366809,1.0,0.8424357791034679,0.0,6199.594451545711,842.3970233066926,1251.9309164233932,0.0,0.0,0.0,0.0
tubeMy,"nTOF 5 ns, no veto, strict",14.0,oracle: IPC only,"no MM loss, no dead time",False,5682260526.681813,0.009581036580133087,1.0,1.15275137761892,0.0,7703.328595427835,1046.7234799082385,1555.5913057474277,0.0,0.0,0.0,0.0
tubeMy,"nTOF 5 ns, no veto, strict",14.0,oracle: IPC only,"no MM loss, no dead time",False,7060513448.737786,0.008595179026801427,1.0,1.5959817215888719,0.0,9571.798915708217,1300.6100604326568,1932.905625040573,0.0,0.0,0.0,0.0
tubeMy,"nTOF 5 ns, no veto, strict",14.0,oracle: IPC only,"no MM loss, no dead time",False,8773066621.237415,0.007710763014510989,1.0,2.2357220132260447,0.0,11893.473496266528,1616.0777528817193,2401.7389024415784,0.0,0.0,0.0,0.0
tubeMy,"nTOF 5 ns, no veto, strict",14.0,oracle: IPC only,"no MM loss, no dead time",False,10901005783.71244,0.006917350538081384,1.0,3.168048604662144,0.0,14778.278675939795,2008.0632795431595,2984.28939352908,0.0,0.0,0.0,0.0
tubeMy,"nTOF 5 ns, no veto, strict",14.0,oracle: IPC only,"no MM loss, no dead time",False,13545084316.226381,0.0062055776291718035,1.0,4.538674798425887,0.0,18362.803826173556,2495.1263189282663,3708.1396213703524,0.0,0.0,0.0,0.0
tubeMy,"nTOF 5 ns, no veto, strict",14.0,oracle: IPC only,"no MM loss, no dead time",False,16830493696.995401,0.005567043841377819,1.0,6.569314183091345,0.0,22816.768566390052,3100.328266958249,4607.5623501500495,0.0,0.0,0.0,0.0
tubeMy,"nTOF 5 ns, no veto, strict",14.0,oracle: IPC only,"no MM loss, no dead time",False,20912791051.82548,0.004994213106952775,1.0,9.598229725418525,0.0,28351.05862592483,3852.3241448669323,5725.143327444266,0.0,0.0,0.0,0.0
tubeMy,"nTOF 5 ns, no veto, strict",14.0,oracle: IPC only,"no MM loss, no dead time",False,25985264452.18819,0.00448032479505062,1.0,14.142647385697286,0.0,35227.710833453784,4786.7193533298805,7113.797628525237,0.0,0.0,0.0,0.0
tubeMy,"nTOF 5 ns, no veto, strict",14.0,oracle: IPC only,"no MM loss, no dead time",False,32288084693.086143,0.004019313921786795,1.0,20.994880729683885,0.0,43772.32000185866,5947.7555122335825,8839.275072297989,0.0,0.0,0.0,0.0
tubeMy,"nTOF 5 ns, no veto, strict",14.0,oracle: IPC only,"no MM loss, no dead time",False,40119676867.86863,0.003605739570424743,1.0,31.370445495682063,0.0,54389.45514806436,7390.405207001702,10983.273334969239,0.0,0.0,0.0,0.0
tubeMy,"nTOF 5 ns, no veto, strict",14.0,oracle: IPC only,"no MM loss, no dead time",False,49850850159.80715,0.00323472067689279,1.0,47.13637170741401,0.0,67581.81497297164,9182.97482324844,13647.306160739883,0.0,0.0,0.0,0.0
tubeMy,"nTOF 5 ns, no veto, strict",14.0,oracle: IPC only,"no MM loss, no dead time",False,61942354865.91934,0.002901878422762851,1.0,71.16324673122963,0.0,83974.02957259624,11410.338708427318,16957.509821045493,0.0,0.0,0.0,0.0
tubeMy,"nTOF 5 ns, no veto, strict",14.0,oracle: IPC only,"no MM loss, no dead time",False,76966697940.67009,0.002603284555804545,1.0,107.86818057258503,0.0,104342.23534066777,14177.957791130984,21070.615397937607,0.0,0.0,0.0,0.0
tubeMy,"nTOF 5 ns, no veto, strict",14.0,oracle: IPC only,"no MM loss, no dead time",False,95635249979.00362,0.0023354150281864883,1.0,164.05240581920927,0.0,129650.82337123205,17616.87293109262,26181.369666482817,0.0,0.0,0.0,0.0
tubeMy,"nTOF 5 ns, no veto, strict",14.0,oracle: IPC only,"no MM loss, no dead time",False,118831927096.53207,0.002095108405156151,1.0,250.19360450556778,0.0,161098.1013197339,21889.909424360543,32531.755939132185,0.0,0.0,0.0,0.0
tubeMy,"nTOF 5 ns, no veto, strict",14.0,oracle: IPC only,"no MM loss, no dead time",False,147655042472.05704,0.001879528553331475,1.0,382.44009317476684,0.0,200173.03071429566,27199.386433730262,40422.45145937163,0.0,0.0,0.0,0.0
tubeMy,"nTOF 5 ns, no veto, strict",14.0,oracle: IPC only,"no MM loss, no dead time",False,183469309133.68265,0.0016861311682461716,1.0,585.68837029931,0.0,248725.72610784622,33796.69636951906,50227.0638278014,0.0,0.0,0.0,0.0
tubeMy,"nTOF 5 ns, no veto, strict",14.0,oracle: IPC only,"no MM loss, no dead time",False,227970456209.51935,0.001512633746101861,1.0,898.3329813190715,0.0,309055.054055577,41994.207783929516,62409.82052505263,0.0,0.0,0.0,0.0
tubeMy,"nTOF 5 ns, no veto, strict",14.0,oracle: IPC only,"no MM loss, no dead time",False,283265518084.60077,0.001356988645329459,1.0,1379.5979329562579,0.0,384017.4795424292,52180.0553556573,77547.54909271345,0.0,0.0,0.0,0.0
tubeMy,"nTOF 5 ns, no veto, strict",14.0,oracle: IPC only,"no MM loss, no dead time",False,351972597984.32916,0.0012173589200284026,1.0,2120.8533565450116,0.0,477162.31350677303,64836.51723896585,96356.98868694561,0.0,0.0,0.0,0.0
tubeMy,"nTOF 5 ns, no veto, strict",14.0,oracle: IPC only,"no MM loss, no dead time",False,437344829577.31195,0.0010920966400665177,1.0,3263.084524919677,0.0,592899.7651420204,80562.84990550444,119728.7261485948,0.0,0.0,0.0,0.0
tubeMy,"nTOF 5 ns, no veto, strict",14.0,oracle: IPC only,"no MM loss, no dead time",False,543424405915.04004,0.0009797234419712064,1.0,5023.858948435001,0.0,736709.7558941479,100103.66165991698,148769.36339031986,0.0,0.0,0.0,0.0
tubeMy,"nTOF 5 ns, no veto, strict",14.0,oracle: IPC only,"no MM loss, no dead time",False,675233968650.1552,0.0008789130810707805,1.0,7738.956958225625,0.0,915401.3820525111,124384.16825468415,184853.91263657744,0.0,0.0,0.0,0.0
tubeMy,"nTOF 5 ns, no veto, strict",14.0,oracle: IPC only,"no MM loss, no dead time",False,839014419404.4929,0.0007884757789637883,1.0,11926.640618550902,0.0,1137435.3109341038,154553.9998823497,229690.90031929815,0.0,0.0,0.0,0.0
tubeMy,"nTOF 5 ns, no veto, strict",14.0,oracle: IPC only,"no MM loss, no dead time",False,1042520413147.9036,0.0007073441815829418,1.0,18386.87334864883,0.0,1413324.3754328806,192041.63371276783,285403.26215984265,0.0,0.0,0.0,0.0
tubeMy,"nTOF 5 ns, no veto, strict",14.0,oracle: IPC only,"no MM loss, no dead time",False,1295387524568.9966,0.0006345607621286482,1.0,28354.499460679963,0.0,1756131.3342315191,238622.02923989674,354628.859646803,0.0,0.0,0.0,0.0
tubeMy,"nTOF 5 ns, no veto, strict",14.0,oracle: IPC only,"no MM loss, no dead time",False,1609588471982.2002,0.0005692665201997922,1.0,43735.732226599896,0.0,2182087.3655597856,296500.66882752336,440645.37715044565,0.0,0.0,0.0,0.0
tubeMy,"nTOF 5 ns, no veto, strict",14.0,oracle: IPC only,"no MM loss, no dead time",True,2000000000000.0002,0.0005106908437472555,1.0,67473.26239502954,0.0,2711360.5788597087,368417.9825945004,547525.5132857569,0.0,0.0,0.0,0.0
