variant,hw,ecut,scenario,knobs,best,R,reach3,live,trig_Hz,occ,X17,M1,E0,G,WALL,ACC,COS
ringCFRP,"nTOF 5 ns, no veto, strict",13.0,as is,MM occ + DREAM,False,1000000000.0,0.06275011086747981,0.9975767502584543,8.151463574098505,0.011601140715263488,1581.5562515157621,213.0349161832948,312.47469344222543,12.2623219113546,0.0,35.70631461494913,10457.841166265092
ringCFRP,"nTOF 5 ns, no veto, strict",13.0,as is,MM occ + DREAM,False,1242553630.827767,0.05218912431098596,0.9969661030548177,10.211843914211238,0.014415039517494486,1952.9437657636488,263.06064741700436,385.8512803019448,15.14181054743742,0.0,54.7854540094548,10392.786214958305
ringCFRP,"nTOF 5 ns, no veto, strict",13.0,as is,MM occ + DREAM,False,1543939525.4832668,0.04364390403151571,0.9961949958466924,12.817239964411407,0.017911459690988518,2407.8636594297845,324.33815261126887,475.73170926415094,18.6689529899949,0.0,83.9310317443374,10312.382306488713
ringCFRP,"nTOF 5 ns, no veto, strict",13.0,as is,MM occ + DREAM,False,1918427663.1677406,0.0367291541618151,0.9952178871482318,16.124467586654827,0.022255949272463067,2963.1066041729027,399.12912769125785,585.4333836613042,22.973932797651617,0.0,128.33735631437048,10213.139091709816
ringCFRP,"nTOF 5 ns, no veto, strict",13.0,as is,MM occ + DREAM,False,2383749258.3495045,0.031136130007359684,0.993974676873124,20.341770866186813,0.027654210576017583,3637.7319638762137,490.0008604050199,718.7219418517634,28.2045234404549,0.0,195.77248397382775,10090.844726975954
ringCFRP,"nTOF 5 ns, no veto, strict",13.0,as is,MM occ + DREAM,False,2961936295.9451737,0.02661757760659684,0.992385350761288,25.748580633786656,0.03436183975890628,4452.712868827101,599.7784219750251,879.7411330387538,34.52333644412585,0.0,297.7561830418854,9940.457558526115
ringCFRP,"nTOF 5 ns, no veto, strict",13.0,as is,MM occ + DREAM,False,3680364698.807223,0.02297566610391025,0.9903424181466532,32.7240277732571,0.042696428754350924,5430.0713701931245,731.4281727948214,1072.8419461175208,42.10111596038596,0.0,451.1872082511342,9756.006470854754
ringCFRP,"nTOF 5 ns, no veto, strict",13.0,as is,MM occ + DREAM,False,4573050519.273256,0.020052396423359587,0.9877001990146874,41.788490061951826,0.05305260257209782,6591.210511339108,887.8330931851681,1302.2530700188222,51.10380677138932,0.0,680.5053842151593,9530.519661103566
ringCFRP,"nTOF 5 ns, no veto, strict",13.0,as is,MM occ + DREAM,False,5682260526.681813,0.017722061879885197,0.9842596516298998,53.66466143971506,0.06592070395082295,7954.040083281384,1071.4056239456681,1571.513017174371,61.67026933347242,0.0,1020.3973010736147,9256.014614744248
ringCFRP,"nTOF 5 ns, no veto, strict",13.0,as is,MM occ + DREAM,False,7060513448.737786,0.015885422199591243,0.9797469945069353,69.36801650065601,0.08191001004081737,9528.379386207404,1283.4684203978807,1882.5618278533332,73.87663588646383,0.0,1518.852882151776,8923.601228364114
ringCFRP,"nTOF 5 ns, no veto, strict",13.0,as is,MM occ + DREAM,False,8773066621.237415,0.014465362318204507,0.9737839480588676,90.34173220546873,0.10177758037735649,11309.049440385279,1523.323876299827,2234.3762693363437,87.68275210984288,0.0,2239.947885532401,8523.77689312784
ringCFRP,"nTOF 5 ns, no veto, strict",13.0,as is,MM occ + DREAM,False,10901005783.71244,0.013403948045235897,0.9658472446361338,118.6590967258885,0.12646410203474917,13266.141920456106,1786.943353669197,2621.047228502113,102.85672899363674,0.0,3264.9128505891567,8047.0271628295195
ringCFRP,"nTOF 5 ns, no veto, strict",13.0,as is,MM occ + DREAM,False,13545084316.226381,0.01266093928899686,0.9552157165310303,157.32868275927478,0.1571384291526508,15332.374340695656,2065.2639319218342,3029.2814228129096,118.87690346189984,0.0,4688.689906605224,7484.884438999793
ringCFRP,"nTOF 5 ns, no veto, strict",13.0,as is,MM occ + DREAM,False,16830493696.995401,0.012213958911215635,0.9409060135190672,210.7564041547099,0.1952529256861989,17388.555685029005,2342.230634767776,3435.5297839549235,134.81914865752455,0.0,6607.250160217846,6831.625536479854
ringCFRP,"nTOF 5 ns, no veto, strict",13.0,as is,MM occ + DREAM,True,20912791051.82548,0.012060698337039136,0.9216051516744985,285.44758061068666,0.24261223174113059,19250.47863894148,2593.030819741497,3803.397701191028,149.255245137263,0.0,9088.954191640993,6086.770571568449
ringCFRP,"nTOF 5 ns, no veto, strict",13.0,as is,MM occ + DREAM,False,25985264452.18819,0.01222397729576111,0.8956232668778483,391.0768139370662,0.30145870943316944,20664.445085466625,2783.491464522725,4082.760974860294,160.21818858143592,0.0,12123.032587054451,5258.404667029655
ringCFRP,"nTOF 5 ns, no veto, strict",13.0,as is,MM occ + DREAM,False,32288084693.086143,0.01276154388654266,0.860916780907967,542.1223305997158,0.3745786139508375,21323.748606787267,2872.299352493377,4213.022333261302,165.32998400949936,0.0,15544.122912558614,4366.954514622583
ringCFRP,"nTOF 5 ns, no veto, strict",13.0,as is,MM occ + DREAM,False,40119676867.86864,0.013784741936600134,0.8152686509392165,760.3675858191277,0.4654340167950456,20921.955122085514,2818.1779507067527,4133.63831145434,162.21474795856795,0.0,18950.4739803804,3448.277735431384
ringCFRP,"nTOF 5 ns, no veto, strict",13.0,as is,MM occ + DREAM,False,49850850159.80715,0.01549457304278138,0.7567367507559052,1078.7365983222912,0.5783267274794381,19253.253509351358,2593.4045935384274,3803.945943961298,149.27675961339725,0.0,21668.910839923243,2553.812206130294
ringCFRP,"nTOF 5 ns, no veto, strict",13.0,as is,MM occ + DREAM,False,61942354865.91934,0.01825295629056864,0.6844344867044478,1547.18193787582,0.7186019750343164,16344.242543138149,2201.562123964818,3229.200462087753,126.72224795617369,0.0,22856.666655977977,1744.7551336626702
ringCFRP,"nTOF 5 ns, no veto, strict",13.0,as is,MM occ + DREAM,False,76966697940.67007,0.022728811980659583,0.5995072083756416,2241.7337499660725,0.8929014931988941,12553.008658622644,1690.8846238474732,2480.1505027857174,97.32757401485217,0.0,21812.782412767334,1078.4558536043837
ringCFRP,"nTOF 5 ns, no veto, strict",13.0,as is,MM occ + DREAM,False,95635249979.00363,0.030214002768996558,0.5058248517132626,3278.4191229774992,1.109477992345821,8534.002537798173,1149.5263058809642,1686.0986286627067,66.1669075699995,0.0,18426.003495840007,590.0545567461959
ringCFRP,"nTOF 5 ns, no veto, strict",13.0,as is,MM occ + DREAM,False,118831927096.53209,0.04335419167687088,0.4097122877520586,4834.688410304369,1.378585907712801,5014.210607667235,675.411915008406,990.6785933057654,38.876811712271774,0.0,13452.286111865576,279.014535943631
ringCFRP,"nTOF 5 ns, no veto, strict",13.0,as is,MM occ + DREAM,False,147655042472.05707,0.0679780284225382,0.31843482538548035,7182.41623123132,1.7129669250365411,2480.9591956877766,334.18408848940805,490.1735005455682,19.23568654437816,0.0,8270.433776931797,111.10375494924068
ringCFRP,"nTOF 5 ns, no veto, strict",13.0,as is,MM occ + DREAM,False,183469309133.68265,0.11811066993138658,0.2380868144633538,10738.75368497896,2.1284532721920293,1004.0670027584118,135.24737395211045,198.3777235755576,7.784859246449578,0.0,4158.976865501958,36.187340557013606
ringCFRP,"nTOF 5 ns, no veto, strict",13.0,as is,MM occ + DREAM,False,227970456209.51938,0.2312474814638786,0.1720854580872206,16144.517664124674,2.6447173414094474,321.11854886661644,43.25452419231838,63.44473680246349,2.4897369373587916,0.0,1652.7392652958792,9.314171335033418
ringCFRP,"nTOF 5 ns, no veto, strict",13.0,as is,MM occ + DREAM,False,283265518084.60077,0.5210540856762762,0.12096652804534391,24385.065845817928,3.2862031350814687,77.75245275535136,10.473220437089703,15.361877780714138,0.6028401482209349,0.0,497.24244498782883,1.8150048308009452
ringCFRP,"nTOF 5 ns, no veto, strict",13.0,as is,MM occ + DREAM,False,351972597984.32916,1.388223511186876,0.08320114418426024,36976.729800208705,4.083283637133069,13.49453724718994,1.8177081015185177,2.666172249908333,0.10462755252063753,0.0,107.23269830964064,0.25351668122976667
ringCFRP,"nTOF 5 ns, no veto, strict",13.0,as is,MM occ + DREAM,False,437344829577.312,4.528320594610827,0.0562942073182074,56254.41964426049,5.073698909019327,1.5651060628379503,0.21081908316261133,0.3092245607585225,0.012134778228430568,0.0,15.45354618671487,0.023663401666771007
ringCFRP,"nTOF 5 ns, no veto, strict",13.0,as is,MM occ + DREAM,False,543424405915.04,18.908647288108675,0.0376322093065797,85815.3740087812,6.304343001128844,0.110925411151827,0.01494160302213662,0.021915998126149805,0.0008600409238618285,0.0,1.3609136514545077,0.0013497374752829857
ringCFRP,"nTOF 5 ns, no veto, strict",13.0,as is,MM occ + DREAM,False,675233968650.1553,106.94220714940761,0.024938422400846382,131203.91756074494,7.833484286036267,0.004290028790540327,0.0005778649497548852,0.0008475989582398045,3.326199367753596e-05,0.0,0.06539956699561472,4.2011029385839216e-05
ringCFRP,"nTOF 5 ns, no veto, strict",13.0,as is,MM occ + DREAM,False,839014419404.4929,879.5546151294367,0.016423453705986232,200968.23094068162,9.733524341646621,7.8526644550174e-05,1.057750372385979e-05,1.5514838096555474e-05,6.088427099383232e-07,0.0,0.0014874653209494843,6.188779564169708e-07
ringCFRP,"nTOF 5 ns, no veto, strict",13.0,as is,MM occ + DREAM,False,1042520413147.9037,11498.650455326224,0.010767643641064065,308291.3751876331,12.094426011463462,5.692921973319093e-07,7.668340308868132e-08,1.12477444080696e-07,4.4139082493056096e-09,0.0,1.3399240525382734e-05,3.610838482480354e-09
ringCFRP,"nTOF 5 ns, no veto, strict",13.0,as is,MM occ + DREAM,False,1295387524568.9966,267019.31152636645,0.00703701934402749,473508.7934555755,15.027972953321772,1.3087959624127674e-09,1.7629422784451608e-10,2.585843005845664e-10,1.0147522348323229e-11,0.0,3.827648429683743e-08,6.680817905784319e-12
ringCFRP,"nTOF 5 ns, no veto, strict",13.0,as is,MM occ + DREAM,False,1609588471982.2002,12648925.049608547,0.0045883703162878904,727994.3099410735,18.67306235713145,7.233897948238222e-13,9.744028020530253e-14,1.4292315190191354e-13,5.608677227267158e-15,0.0,2.6287398860459498e-11,2.9717681448155613e-15
ringCFRP,"nTOF 5 ns, no veto, strict",13.0,as is,MM occ + DREAM,False,2000000000000.0002,1452033352.2726786,0.0029867925165031565,1120158.7943658223,23.20228143052698,6.810898553382826e-17,9.17424973700579e-18,1.3456577567157024e-17,5.280711987772584e-19,0.0,3.0753517154323674e-15,2.251810367242964e-19
ringCFRP,"nTOF 5 ns, no veto, strict",13.0,as is,"MM occ ÷10, DAQ 10 µs",False,1000000000.0,0.06202558607553199,0.9999184920083534,8.151463574098505,0.001160114071526349,1618.720567604514,218.04093285541052,319.817403045942,12.550468986148081,0.0,36.545362079396,10703.585517334834
ringCFRP,"nTOF 5 ns, no veto, strict",13.0,as is,"MM occ ÷10, DAQ 10 µs",False,1242553630.827767,0.0514408391730821,0.9998978919879687,10.211843914211238,0.0014415039517494486,2010.174077725595,270.7695447137475,397.15851276286617,15.585535838708,0.0,56.39092195937907,10697.343062760476
ringCFRP,"nTOF 5 ns, no veto, strict",13.0,as is,"MM occ ÷10, DAQ 10 µs",False,1543939525.4832668,0.04286695521751917,0.9998718440264146,12.817239964411407,0.0017911459690988518,2495.9380509298976,336.20173355765576,493.13293571925334,19.35182249886378,0.0,87.0010454969474,10689.586718791536
ringCFRP,"nTOF 5 ns, no veto, strict",13.0,as is,"MM occ ÷10, DAQ 10 µs",False,1918427663.1677406,0.035917487743173784,0.9998387813197873,16.124467586654827,0.0022255949272463067,3098.5408500690814,417.372059736949,612.1916949306178,24.023998718107404,0.0,134.2032516042221,10679.949428256785
ringCFRP,"nTOF 5 ns, no veto, strict",13.0,as is,"MM occ ÷10, DAQ 10 µs",False,2383749258.3495045,0.030282198031376658,0.9997966236616869,20.341770866186813,0.0027654210576017585,3845.78649171054,518.0257117855899,759.828146415775,29.817638113407124,0.0,206.96939241034883,10667.975190673837
ringCFRP,"nTOF 5 ns, no veto, strict",13.0,as is,"MM occ ÷10, DAQ 10 µs",False,2961936295.9451737,0.025711875992069907,0.9997425804755361,25.748580633786656,0.0034361839758906285,4771.931699989737,642.7770550465241,942.8105346568955,36.99834424996966,0.0,319.102580962018,10653.097545997474
ringCFRP,"nTOF 5 ns, no veto, strict",13.0,as is,"MM occ ÷10, DAQ 10 µs",False,3680364698.807223,0.022006111461806768,0.9996728667734354,32.7240277732571,0.004269642875435092,5919.0927253161935,797.2991295190224,1169.4599436641354,45.892658165918554,0.0,491.820224826995,10634.612879447342
ringCFRP,"nTOF 5 ns, no veto, strict",13.0,as is,"MM occ ÷10, DAQ 10 µs",False,4573050519.273256,0.019003481337573777,0.9995822896542268,41.788490061951826,0.005305260257209782,7338.907410308997,988.5475293931122,1449.978678304586,56.90094491206769,0.0,757.700880343626,10611.647321025768
ringCFRP,"nTOF 5 ns, no veto, strict",13.0,as is,"MM occ ÷10, DAQ 10 µs",False,5682260526.681813,0.016573700694582298,0.9994636412207257,53.66466143971506,0.006592070395082295,9094.467792184047,1225.020723722449,1796.8320966512147,70.5123776491207,0.0,1166.6989721803275,10583.115739473256
ringCFRP,"nTOF 5 ns, no veto, strict",13.0,as is,"MM occ ÷10, DAQ 10 µs",False,7060513448.737786,0.014611356983665821,0.9993068006936027,69.36801650065601,0.008191001004081737,11262.517054482463,1517.0559848346236,2225.1826709384486,87.32197133160828,0.0,1795.2797422451283,10547.671009755475
ringCFRP,"nTOF 5 ns, no veto, strict",13.0,as is,"MM occ ÷10, DAQ 10 µs",False,8773066621.237415,0.01303092995445521,0.9990973981041329,90.34173220546873,0.01017775803773565,13935.864471977839,1877.1546803246706,2753.367118343231,108.04930656410414,0.0,2760.232884436786,10503.641371290982
ringCFRP,"nTOF 5 ns, no veto, strict",13.0,as is,"MM occ ÷10, DAQ 10 µs",False,10901005783.71244,0.011762891065665734,0.998814815362127,118.6590967258885,0.012646410203474918,17225.90153641265,2320.321194060788,3403.3935224863285,133.55803794543982,0.0,4239.444114682252,10448.953312793557
ringCFRP,"nTOF 5 ns, no veto, strict",13.0,as is,"MM occ ÷10, DAQ 10 µs",False,13545084316.226381,0.010750733717251434,0.9984291845157172,157.32868275927478,0.01571384291526508,21264.983816323114,2864.3837616321216,4201.4119274550685,164.8743614054762,0.0,6502.901166395201,10381.037073945961
ringCFRP,"nTOF 5 ns, no veto, strict",13.0,as is,"MM occ ÷10, DAQ 10 µs",False,16830493696.995401,0.009948765755995586,0.9978968684428973,210.7564041547099,0.01952529256861989,26208.24915136212,3530.2393803067916,5178.073566071783,203.20111125923205,0.0,9958.530285149314,10296.711665536655
ringCFRP,"nTOF 5 ns, no veto, strict",13.0,as is,"MM occ ÷10, DAQ 10 µs",False,20912791051.82548,0.009320414402346173,0.9971536490338616,285.44758061068666,0.02426122317411306,32234.133301534872,4341.923266752168,6368.63273887325,249.9217582037402,0.0,15219.079300825608,10192.04652828234
ringCFRP,"nTOF 5 ns, no veto, strict",13.0,as is,"MM occ ÷10, DAQ 10 µs",False,25985264452.18819,0.00883676093392723,0.9961044663893597,391.0768139370662,0.030145870943316944,39542.36173568138,5326.338351846128,7812.550043349173,306.5848389985787,0.0,23197.97787494934,10062.198071920138
ringCFRP,"nTOF 5 ns, no veto, strict",13.0,as is,"MM occ ÷10, DAQ 10 µs",False,32288084693.086143,0.008475164697048398,0.99460800788731,542.1223305997158,0.03745786139508375,48347.463854831374,6512.38164947826,9552.210951882758,374.85367012228255,0.0,35243.28365186119,9901.222315301808
ringCFRP,"nTOF 5 ns, no veto, strict",13.0,as is,"MM occ ÷10, DAQ 10 µs",False,40119676867.86864,0.008218110955565877,0.9924537037325563,760.3675858191277,0.04654340167950456,58864.782729183986,7929.059774409543,11630.161696883315,456.39787669607705,0.0,53317.939311158945,9701.871479103795
ringCFRP,"nTOF 5 ns, no veto, strict",13.0,as is,"MM occ ÷10, DAQ 10 µs",False,49850850159.80715,0.00805256489087582,0.9893277593821824,1078.7365983222912,0.05783267274794382,71284.46427211164,9601.985295702287,14083.970202939927,552.6917220587884,0.0,80228.34685233004,9455.395934882212
ringCFRP,"nTOF 5 ns, no veto, strict",13.0,as is,"MM occ ÷10, DAQ 10 µs",False,61942354865.91934,0.007969970402758634,0.9847639106437995,1547.18193787582,0.07186019750343164,85727.03611163072,11547.393230674175,16937.449618386483,664.6696962562382,0.0,119885.29187797479,9151.399090822253
ringCFRP,"nTOF 5 ns, no veto, strict",13.0,as is,"MM occ ÷10, DAQ 10 µs",True,76966697940.67007,0.007966802870268467,0.9780741809851515,2241.7337499660725,0.08929014931988942,102172.29723832723,13762.562512437324,20186.608745174977,792.1751742678937,0.0,177540.07416710866,8777.840837160009
ringCFRP,"nTOF 5 ns, no veto, strict",13.0,as is,"MM occ ÷10, DAQ 10 µs",False,95635249979.00363,0.008045573080531509,0.968256493943098,3278.4191229774992,0.11094779923458209,120352.55901556506,16211.435601960577,23778.5592180698,933.1326787079207,0.0,259856.57530941532,8321.368027331502
ringCFRP,"nTOF 5 ns, no veto, strict",13.0,as is,"MM occ ÷10, DAQ 10 µs",False,118831927096.53209,0.008216409291074613,0.9538827416419434,4834.688410304369,0.13785859077128013,139604.88911837657,18804.71581305315,27582.322720733046,1082.4022788489717,0.0,374536.50394421234,7768.280273920817
ringCFRP,"nTOF 5 ns, no veto, strict",13.0,as is,"MM occ ÷10, DAQ 10 µs",False,147655042472.05707,0.00849966365197494,0.9329888569060036,7182.41623123132,0.17129669250365412,158691.35563526727,21375.65427367644,31353.315859955757,1230.3858844628078,0.0,529007.6314169978,7106.608411661436
ringCFRP,"nTOF 5 ns, no veto, strict",13.0,as is,"MM occ ÷10, DAQ 10 µs",False,183469309133.68265,0.008930353712858422,0.9030262367271377,10738.75368497896,0.21284532721920293,175631.99685782293,23657.551031682742,34700.349307333614,1361.7322060727101,0.0,727490.7050693622,6329.911117028922
ringCFRP,"nTOF 5 ns, no veto, strict",13.0,as is,"MM occ ÷10, DAQ 10 µs",False,227970456209.51938,0.009565791755704925,0.8609963002230325,16144.517664124674,0.26447173414094477,187662.53180104794,25278.05868091358,37077.27248962788,1455.0088708124183,0.0,965865.2109232689,5443.226436250354
ringCFRP,"nTOF 5 ns, no veto, strict",13.0,as is,"MM occ ÷10, DAQ 10 µs",False,283265518084.60077,0.010498750973693818,0.8039550352769477,24385.065845817928,0.3286203135081469,191515.72557946865,25797.082150889513,37838.56412470665,1484.8839400377713,0.0,1224781.2675491297,4470.623816779334
ringCFRP,"nTOF 5 ns, no veto, strict",13.0,as is,"MM occ ÷10, DAQ 10 µs",False,351972597984.32916,0.011880497988144258,0.7300510104589141,36976.729800208705,0.4083283637133069,184250.0001987366,24818.39220798573,36403.044326530806,1428.5503992910244,0.0,1464120.2082699512,3461.433890717104
ringCFRP,"nTOF 5 ns, no veto, strict",13.0,as is,"MM occ ÷10, DAQ 10 µs",False,437344829577.312,0.013962194394872136,0.6399818976491471,56254.41964426049,0.5073698909019327,164630.67001261492,22175.677250634642,32526.771080116298,1276.4353276982115,0.0,1625530.5140001725,2489.11033167565
ringCFRP,"nTOF 5 ns, no veto, strict",13.0,as is,"MM occ ÷10, DAQ 10 µs",False,543424405915.04,0.017172514859697466,0.5381686016748767,85815.3740087812,0.6304343001128845,134488.1956879672,18115.49950788652,26571.396166857587,1042.7308843568312,0.0,1649999.036025437,1636.4488156350747
ringCFRP,"nTOF 5 ns, no veto, strict",13.0,as is,"MM occ ÷10, DAQ 10 µs",False,675233968650.1553,0.022271328624114288,0.4325186227596107,131203.91756074494,0.7833484286036267,98915.93047775594,13323.931373497115,19543.234724004527,766.9274997439613,0.0,1507929.0461821798,968.6555183946077
ringCFRP,"nTOF 5 ns, no veto, strict",13.0,as is,"MM occ ÷10, DAQ 10 µs",False,839014419404.4929,0.030673339738398787,0.332260982122426,200968.23094068162,0.9733524341646622,64568.47572748904,8697.344657520482,12757.064214214473,500.6204704620117,0.0,1223067.2661664835,508.8719444984697
ringCFRP,"nTOF 5 ns, no veto, strict",13.0,as is,"MM occ ÷10, DAQ 10 µs",False,1042520413147.9037,0.04517561581625329,0.24492312617195086,308291.3751876331,1.2094426011463462,36882.5392252225,4968.0614552545685,7287.0377684807845,285.962366785494,0.0,868092.0212533524,233.934159980028
ringCFRP,"nTOF 5 ns, no veto, strict",13.0,as is,"MM occ ÷10, DAQ 10 µs",False,1295387524568.9966,0.0717130064218793,0.1743652427671906,473508.7934555755,1.5027972953321773,18145.18625871865,2444.1484329448626,3585.020455776489,140.6855524946712,0.0,530666.3199164063,92.62305870623352
ringCFRP,"nTOF 5 ns, no veto, strict",13.0,as is,"MM occ ÷10, DAQ 10 µs",False,1609588471982.2002,0.12395081262117469,0.12077377682355904,727994.3099410735,1.8673062357131451,7533.223619155281,1014.7218353812489,1488.3705456389948,58.40754191308079,0.0,273751.2408921915,30.94734559343638
ringCFRP,"nTOF 5 ns, no veto, strict",13.0,as is,"MM occ ÷10, DAQ 10 µs",False,2000000000000.0002,0.236497624528836,0.08195654570680287,1120158.7943658223,2.3202281430526983,2567.4620310968467,345.83598153673216,507.26422808082145,19.90637126584434,0.0,115929.61926762892,8.488509370404643
ringCFRP,"nTOF 5 ns, no veto, strict",13.0,as is,"no MM loss, DREAM",False,1000000000.0,0.06202634437726971,0.9975767502584543,8.151463574098505,0.0,1618.680988579558,218.0356015785394,319.8095832521927,12.550162117047169,0.0,36.54446851578367,10703.32380602605
ringCFRP,"nTOF 5 ns, no veto, strict",13.0,as is,"no MM loss, DREAM",False,1242553630.827767,0.05144221233803066,0.9969661030548177,10.211843914211238,0.0,2010.066762599834,270.7550894145448,397.1373100639474,15.584703789505339,0.0,56.38791147439228,10696.771974550355
ringCFRP,"nTOF 5 ns, no veto, strict",13.0,as is,"no MM loss, DREAM",False,1543939525.4832668,0.042869137318376445,0.9961949958466924,12.817239964411407,0.0,2495.683963710661,336.1675081234346,493.082734643027,19.349852477707177,0.0,86.9921887652217,10688.498515755744
ringCFRP,"nTOF 5 ns, no veto, strict",13.0,as is,"no MM loss, DREAM",False,1918427663.1677406,0.03592074133619001,0.9952178871482318,16.124467586654827,0.0,3097.9795624160943,417.29645454238556,612.0807989778928,24.019646871703447,0.0,134.17894124919982,10678.014800301667
ringCFRP,"nTOF 5 ns, no veto, strict",13.0,as is,"no MM loss, DREAM",False,2383749258.3495045,0.03028688167924041,0.993974676873124,20.341770866186813,0.0,3844.5971373795132,517.865506291805,759.5931606986209,29.808416661018224,0.0,206.90538471158976,10664.675994911497
ringCFRP,"nTOF 5 ns, no veto, strict",13.0,as is,"no MM loss, DREAM",False,2961936295.9451737,0.025718484382987274,0.992385350761288,25.748580633786656,0.0,4769.4797095702,642.4467730391609,942.3260846387985,36.97933316780354,0.0,318.9386145600324,10647.62360069326
ringCFRP,"nTOF 5 ns, no veto, strict",13.0,as is,"no MM loss, DREAM",False,3680364698.807223,0.022015334463504625,0.9903424181466532,32.7240277732571,0.0,5914.134329873393,796.6312358816332,1168.4802927067508,45.85421410740015,0.0,491.40822939549435,10625.70431550276
ringCFRP,"nTOF 5 ns, no veto, strict",13.0,as is,"no MM loss, DREAM",False,4573050519.273256,0.019016291638124024,0.9877001990146874,41.788490061951826,0.0,7329.023049535518,987.2161104398594,1448.025783742913,56.824308236276885,0.0,756.6803757315666,10597.355091316671
ringCFRP,"nTOF 5 ns, no veto, strict",13.0,as is,"no MM loss, DREAM",False,5682260526.681813,0.016591484691671394,0.9842596516298998,53.66466143971506,0.0,9074.981976252771,1222.3959930752121,1792.9822023753954,70.36129775713096,0.0,1164.1992017771984,10560.440344937693
ringCFRP,"nTOF 5 ns, no veto, strict",13.0,as is,"no MM loss, DREAM",False,7060513448.737786,0.01463611106831225,0.9797469945069353,69.36801650065601,0.0,11224.452634588632,1511.9287245845526,2217.662124055603,87.02684545817834,0.0,1789.2121570325928,10512.022586203693
ringCFRP,"nTOF 5 ns, no veto, strict",13.0,as is,"no MM loss, DREAM",False,8773066621.237415,0.013065555361673512,0.9737839480588676,90.34173220546873,0.0,13862.098668846535,1867.2184597999753,2738.7928996280366,107.47737621184588,0.0,2745.622323609409,10448.043131001368
ringCFRP,"nTOF 5 ns, no veto, strict",13.0,as is,"no MM loss, DREAM",False,10901005783.71244,0.011811636525393243,0.9658472446361338,118.6590967258885,0.0,17084.015720632735,2301.209238451683,3375.360547530719,132.45795089758366,0.0,4204.524781990517,10362.88767136991
ringCFRP,"nTOF 5 ns, no veto, strict",13.0,as is,"no MM loss, DREAM",False,13545084316.226381,0.010819858311258828,0.9552157165310303,157.32868275927478,0.0,20994.141469777514,2827.9014192937243,4147.9004705423595,162.77443227719772,0.0,6420.076696530865,10248.818565576992
ringCFRP,"nTOF 5 ns, no veto, strict",13.0,as is,"no MM loss, DREAM",False,16830493696.995401,0.01004752710512841,0.9409060135190672,210.7564041547099,0.0,25695.557626228976,3461.18006232177,5076.778953886557,199.2260464985694,0.0,9763.719328854948,10095.285130815779
ringCFRP,"nTOF 5 ns, no veto, strict",13.0,as is,"no MM loss, DREAM",False,20912791051.82548,0.009462530699664577,0.9216051516744985,285.44758061068666,0.0,31273.165209450304,4212.481296695239,6178.770247612445,242.4710588812295,0.0,14765.366168160072,9888.199937617093
ringCFRP,"nTOF 5 ns, no veto, strict",13.0,as is,"no MM loss, DREAM",False,25985264452.18819,0.009042545038957898,0.8956232668778483,391.0768139370662,0.0,37763.084072871876,5086.670450435635,7461.010702461267,292.7895184400197,0.0,22154.144324208217,9609.431886940927
ringCFRP,"nTOF 5 ns, no veto, strict",13.0,as is,"no MM loss, DREAM",False,32288084693.086143,0.008774568996079578,0.860916780907967,542.1223305997158,0.0,45104.3474467557,6075.5353270632895,8911.454858358002,349.7087299067789,0.0,32879.187122847616,9237.054766675545
ringCFRP,"nTOF 5 ns, no veto, strict",13.0,as is,"no MM loss, DREAM",True,40119676867.86864,0.008654923129076154,0.8152686509392165,760.3675858191277,0.0,53072.93637315597,7148.900673637494,10485.842351409638,411.4918011703697,0.0,48071.86010738476,8747.281206828133
ringCFRP,"nTOF 5 ns, no veto, strict",13.0,as is,"no MM loss, DREAM",False,49850850159.80715,0.008689914574137684,0.7567367507559052,1078.7365983222912,0.0,61211.40417481091,8245.14862834941,12093.793525434763,474.5919988101578,0.0,68891.44522021974,8119.2735066871
ringCFRP,"nTOF 5 ns, no veto, strict",13.0,as is,"no MM loss, DREAM",False,61942354865.91934,0.008897097326035453,0.6844344867044478,1547.18193787582,0.0,68791.46261645295,9266.17909326778,13591.41742313439,533.3626663910379,0.0,96201.67625703504,7343.519116008841
ringCFRP,"nTOF 5 ns, no veto, strict",13.0,as is,"no MM loss, DREAM",False,76966697940.67007,0.00930667492628641,0.5995072083756416,2241.7337499660725,0.0,74870.75475002354,10085.05701107042,14792.52863493138,580.4974028656737,0.0,130099.44682226668,6432.306861230244
ringCFRP,"nTOF 5 ns, no veto, strict",13.0,as is,"no MM loss, DREAM",False,95635249979.00363,0.009962494503745225,0.5058248517132626,3278.4191229774992,0.0,78493.39387843941,10573.02487332303,15508.268622060306,608.5849066258027,0.0,169477.28145129318,5427.158537545596
ringCFRP,"nTOF 5 ns, no veto, strict",13.0,as is,"no MM loss, DREAM",False,118831927096.53209,0.010922419204496889,0.4097122877520586,4834.688410304369,0.0,78999.99729306555,10641.264125559312,15608.360380750757,612.5127682782629,0.0,211943.74340756677,4395.9357332474465
ringCFRP,"nTOF 5 ns, no veto, strict",13.0,as is,"no MM loss, DREAM",False,147655042472.05707,0.012258476004923309,0.31843482538548035,7182.41623123132,0.0,76292.84107917997,10276.611400392263,15073.496187824712,591.5233024105935,0.0,254326.99211500713,3416.5902987746335
ringCFRP,"nTOF 5 ns, no veto, strict",13.0,as is,"no MM loss, DREAM",False,183469309133.68265,0.014057678985847411,0.2380868144633538,10738.75368497896,0.0,70878.36927871393,9547.284482627809,14003.736314041724,549.5431350067252,0.0,293587.4770158174,2554.510486021549
ringCFRP,"nTOF 5 ns, no veto, strict",13.0,as is,"no MM loss, DREAM",False,227970456209.51938,0.016424451078874233,0.1720854580872206,16144.517664124674,0.0,63655.75707795971,8574.401865688033,12576.7345674268,493.5438648184889,0.0,327624.7029522417,1846.3605729971616
ringCFRP,"nTOF 5 ns, no veto, strict",13.0,as is,"no MM loss, DREAM",False,283265518084.60077,0.01948511250227317,0.12096652804534391,24385.065845817928,0.0,55599.88252725662,7489.279184754374,10985.101687959223,431.0840396156001,0.0,355572.3395103617,1297.889028613189
ringCFRP,"nTOF 5 ns, no veto, strict",13.0,as is,"no MM loss, DREAM",False,351972597984.32916,0.02339439636451965,0.08320114418426024,36976.729800208705,0.0,47517.447076795615,6400.578762562221,9388.221060268057,368.41827908617796,0.0,377591.61159019324,892.6920029013087
ringCFRP,"nTOF 5 ns, no veto, strict",13.0,as is,"no MM loss, DREAM",False,437344829577.312,0.02834377731597986,0.0562942073182074,56254.41964426049,0.0,39948.70006098919,5381.071941619524,7892.832008352127,309.7353126823758,0.0,394445.5242683674,603.9987691916729
ringCFRP,"nTOF 5 ns, no veto, strict",13.0,as is,"no MM loss, DREAM",False,543424405915.04,0.03457156847034341,0.0376322093065797,85815.3740087812,0.0,33182.859023593104,4469.7161950693935,6556.076453807058,257.27753843495924,0.0,407111.45778569835,403.76815281642627
ringCFRP,"nTOF 5 ns, no veto, strict",13.0,as is,"no MM loss, DREAM",False,675233968650.1553,0.042375042192416966,0.024938422400846382,131203.91756074494,0.0,27323.61804696922,3680.479069196381,5398.441670839347,211.84893041504034,0.0,416536.31625168765,267.5724049288009
ringCFRP,"nTOF 5 ns, no veto, strict",13.0,as is,"no MM loss, DREAM",False,839014419404.4929,0.05212509994437118,0.016423453705986232,200968.23094068162,0.0,22358.81911638967,3011.722884881564,4417.52554955166,173.35522356549376,0.0,423524.62967855594,176.21255004480236
ringCFRP,"nTOF 5 ns, no veto, strict",13.0,as is,"no MM loss, DREAM",False,1042520413147.9037,0.06428422220357001,0.010767643641064065,308291.3751876331,0.0,18214.623075039388,2453.5015408920167,3598.73937843424,141.223918799005,0.0,428711.50668405514,115.52953343023171
ringCFRP,"nTOF 5 ns, no veto, strict",13.0,as is,"no MM loss, DREAM",False,1295387524568.9966,0.07942860661909475,0.00703701934402749,473508.7934555755,0.0,14791.19975282435,1992.3679581888732,2922.3592926125198,114.68100021763483,0.0,432577.0718505726,75.5024579801818
ringCFRP,"nTOF 5 ns, no veto, strict",13.0,as is,"no MM loss, DREAM",False,1609588471982.2002,0.09827559395175317,0.0045883703162878904,727994.3099410735,0.0,11983.626413915723,1614.1890914178537,2367.6552676679503,92.91296759885245,0.0,435475.27154991403,49.230110088736254
ringCFRP,"nTOF 5 ns, no veto, strict",13.0,as is,"no MM loss, DREAM",False,2000000000000.0002,0.12171771733276943,0.0029867925165031565,1120158.7943658223,0.0,9692.816642013322,1305.618044841811,1915.0503852784577,75.15157161067813,0.0,437663.5484106818,32.04626354540259
ringCFRP,"nTOF 5 ns, no veto, strict",13.0,as is,"no MM loss, no dead time",False,1000000000.0,0.06195114613211515,1.0,8.151463574098505,0.0,1622.6129850762732,218.56523973924845,320.58644427041406,12.58064816947232,0.0,36.63324000515815,10729.32363675578
ringCFRP,"nTOF 5 ns, no veto, strict",13.0,as is,"no MM loss, no dead time",False,1242553630.827767,0.05136411787496488,1.0,10.211843914211238,0.0,2016.1836560348042,271.5790322107445,398.3458503223666,15.632130061144535,0.0,56.559507190478485,10729.323636755778
ringCFRP,"nTOF 5 ns, no veto, strict",13.0,as is,"no MM loss, no dead time",False,1543939525.4832668,0.04278750096492597,1.0,12.817239964411407,0.0,2505.216322221648,337.4515125301517,494.9660826432308,19.423759965047026,0.0,87.3244586932348,10729.323636755777
ringCFRP,"nTOF 5 ns, no veto, strict",13.0,as is,"no MM loss, no dead time",False,1918427663.1677406,0.03583474988839235,1.0,16.124467586654827,0.0,3112.865637185507,419.30160212266327,615.0219031249454,24.1350634688963,0.0,134.82368331791713,10729.323636755777
ringCFRP,"nTOF 5 ns, no veto, strict",13.0,as is,"no MM loss, no dead time",False,2383749258.3495045,0.03019549969545817,1.0,20.341770866186813,0.0,3867.9024997638417,521.0047281294152,764.1976987665042,29.9891107435357,0.0,208.1596136457712,10729.323636755777
ringCFRP,"nTOF 5 ns, no veto, strict",13.0,as is,"no MM loss, no dead time",False,2961936295.9451737,0.02562037864714325,1.0,25.748580633786656,0.0,4806.076294769357,647.3763166156384,949.556625272544,37.263078439676285,0.0,321.3858551170321,10729.323636755777
ringCFRP,"nTOF 5 ns, no veto, strict",13.0,as is,"no MM loss, no dead time",False,3680364698.807223,0.021908769101051998,1.0,32.7240277732571,0.0,5971.807550100926,804.3997927226675,1179.8750324089608,46.30137341103964,0.0,496.2003246464244,10729.323636755777
ringCFRP,"nTOF 5 ns, no veto, strict",13.0,as is,"no MM loss, no dead time",False,4573050519.273256,0.018898981497886394,1.0,41.788490061951826,0.0,7420.29115398258,999.509883084654,1466.058005442784,57.53193964419955,0.0,766.1032937792436,10729.323636755778
ringCFRP,"nTOF 5 ns, no veto, strict",13.0,as is,"no MM loss, no dead time",False,5682260526.681813,0.01646038889765032,1.0,53.66466143971506,0.0,9220.109715180251,1241.9446342750787,1821.6556976670524,71.48652049346438,0.0,1182.8171558687025,10729.323636755777
ringCFRP,"nTOF 5 ns, no veto, strict",13.0,as is,"no MM loss, no dead time",False,7060513448.737786,0.01448714031474635,1.0,69.36801650065601,0.0,11456.48080322759,1543.182814605562,2263.504901254285,88.82583559439774,0.0,1826.198158365392,10729.323636755777
ringCFRP,"nTOF 5 ns, no veto, strict",13.0,as is,"no MM loss, no dead time",False,8773066621.237415,0.012893154299679528,1.0,90.34173220546873,0.0,14235.291818559055,1917.4874093191538,2812.526233449958,110.37086452912924,0.0,2819.5395180650785,10729.323636755777
ringCFRP,"nTOF 5 ns, no veto, strict",13.0,as is,"no MM loss, no dead time",False,10901005783.71244,0.01160818435538474,1.0,118.6590967258885,0.0,17688.113535043358,2382.580942516043,3494.714683171589,137.1417184582691,0.0,4353.198505602715,10729.323636755777
ringCFRP,"nTOF 5 ns, no veto, strict",13.0,as is,"no MM loss, no dead time",False,13545084316.226381,0.010574803432778463,1.0,157.32868275927478,0.0,21978.4296954619,2960.484600864352,4342.370418281968,170.40594020828172,0.0,6721.075235074722,10729.323636755777
ringCFRP,"nTOF 5 ns, no veto, strict",13.0,as is,"no MM loss, no dead time",False,16830493696.995401,0.009746132436768008,1.0,210.7564041547099,0.0,27309.377617989103,3678.5608898137093,5395.628129635369,211.73851972042064,0.0,10376.93370917869,10729.323636755777
ringCFRP,"nTOF 5 ns, no veto, strict",13.0,as is,"no MM loss, no dead time",False,20912791051.82548,0.009084054861162384,1.0,285.44758061068666,0.0,33933.36631487892,4570.8091898590465,6704.357323074863,263.0964664647055,0.0,16021.358106920656,10729.323636755778
ringCFRP,"nTOF 5 ns, no veto, strict",13.0,as is,"no MM loss, no dead time",False,25985264452.18819,0.008557627220744622,1.0,391.0768139370662,0.0,42164.027520761454,5679.475554680283,8330.523534153399,326.9114696636756,0.0,24736.00803319657,10729.323636755778
ringCFRP,"nTOF 5 ns, no veto, strict",13.0,as is,"no MM loss, no dead time",False,32288084693.086143,0.00814153660472139,1.0,542.1223305997158,0.0,52391.06548624403,7057.052971665529,10351.12226405847,406.20503358984143,0.0,38190.90050512378,10729.323636755777
ringCFRP,"nTOF 5 ns, no veto, strict",13.0,as is,"no MM loss, no dead time",False,40119676867.86864,0.007814722959528016,1.0,760.3675858191277,0.0,65098.70864286783,8768.76679288689,12861.824552347987,504.73153934757266,0.0,58964.44080365948,10729.323636755777
ringCFRP,"nTOF 5 ns, no veto, strict",13.0,as is,"no MM loss, no dead time",False,49850850159.80715,0.007559410335542135,1.0,1078.7365983222912,0.0,80888.63678639467,10895.6630163836,15981.506796589774,627.1560068096169,0.0,91037.53075478892,10729.323636755777
ringCFRP,"nTOF 5 ns, no veto, strict",13.0,as is,"no MM loss, no dead time",False,61942354865.91934,0.007360618070083249,1.0,1547.18193787582,0.0,100508.4693316432,13538.445641283262,19857.87929620126,779.2749733567332,0.0,140556.4420347171,10729.323636755777
ringCFRP,"nTOF 5 ns, no veto, strict",13.0,as is,"no MM loss, no dead time",False,76966697940.67007,0.007205958378919868,1.0,2241.7337499660725,0.0,124887.16349697452,16822.24478734087,24674.480020034418,968.2909475576204,0.0,217010.6464186974,10729.32363675578
ringCFRP,"nTOF 5 ns, no veto, strict",13.0,as is,"no MM loss, no dead time",False,95635249979.00363,0.007085462049465785,1.0,3278.4191229774992,0.0,155178.99844694667,20902.541339183885,30659.36473768096,1203.15343258538,0.0,335051.31445650064,10729.323636755778
ringCFRP,"nTOF 5 ns, no veto, strict",13.0,as is,"no MM loss, no dead time",False,118831927096.53209,0.006991306392328012,1.0,4834.688410304369,0.0,192818.22794846998,25972.52863453043,38095.90497367829,1494.982666101855,0.0,517298.9674545144,10729.323636755777
ringCFRP,"nTOF 5 ns, no veto, strict",13.0,as is,"no MM loss, no dead time",False,147655042472.05707,0.006917461652422264,1.0,7182.41623123132,0.0,239586.98922714838,32272.25975661406,47336.20504471374,1857.5961397894428,0.0,798678.3223447134,10729.32363675578
ringCFRP,"nTOF 5 ns, no veto, strict",13.0,as is,"no MM loss, no dead time",False,183469309133.68265,0.0068593236317918,1.0,10738.75368497896,0.0,297699.68336328625,40100.01353559762,58817.773447916705,2308.1628281070157,0.0,1233111.030014668,10729.323636755777
ringCFRP,"nTOF 5 ns, no veto, strict",13.0,as is,"no MM loss, no dead time",False,227970456209.51938,0.006813385313697114,1.0,16144.517664124674,0.0,369907.822459328,49826.41741489943,73084.23795491393,2868.0161026060596,0.0,1903848.858549029,10729.323636755777
ringCFRP,"nTOF 5 ns, no veto, strict",13.0,as is,"no MM loss, no dead time",False,283265518084.60077,0.0067769694135676175,1.0,24385.065845817928,0.0,459630.30786843103,61911.995870023165,90811.08522715881,3563.6638215656603,0.0,2939427.5032600467,10729.323636755777
ringCFRP,"nTOF 5 ns, no veto, strict",13.0,as is,"no MM loss, no dead time",False,351972597984.32916,0.006748022051709661,1.0,36976.729800208705,0.0,571115.3078804035,76928.97526009103,112837.64366841599,4428.043420535968,0.0,4538298.3045757795,10729.323636755777
ringCFRP,"nTOF 5 ns, no veto, strict",13.0,as is,"no MM loss, no dead time",False,437344829577.312,0.006724958077993851,1.0,56254.41964426049,0.0,709641.399428116,95588.37752528596,140206.82383424064,5502.081429649996,0.0,7006858.130868302,10729.323636755778
ringCFRP,"nTOF 5 ns, no veto, strict",13.0,as is,"no MM loss, no dead time",False,543424405915.04,0.0067065465164498905,1.0,85815.3740087812,0.0,881767.4974451032,118773.68555897936,174214.49802206477,6836.631257521632,0.0,10818165.21770137,10729.323636755777
ringCFRP,"nTOF 5 ns, no veto, strict",13.0,as is,"no MM loss, no dead time",False,675233968650.1553,0.006691825876500976,1.0,131203.91756074494,0.0,1095643.405496327,147582.67423810536,216470.85706015347,8494.880991664108,0.0,16702592.87281744,10729.323636755777
ringCFRP,"nTOF 5 ns, no veto, strict",13.0,as is,"no MM loss, no dead time",False,839014419404.4929,0.006680041276448306,1.0,200968.23094068162,0.0,1361395.6915919604,183379.38772182935,268976.64940849226,10555.345219642017,0.0,25787793.314397946,10729.323636755777
ringCFRP,"nTOF 5 ns, no veto, strict",13.0,as is,"no MM loss, no dead time",False,1042520413147.9037,0.006670597411324665,1.0,308291.3751876331,0.0,1691607.1595808691,227858.72403273184,334217.9123304094,13115.582527306704,0.0,39814793.37309212,10729.323636755777
ringCFRP,"nTOF 5 ns, no veto, strict",13.0,as is,"no MM loss, no dead time",False,1295387524568.9966,0.006663023061425618,1.0,473508.7934555755,0.0,2101912.6180714634,283126.68486265425,415283.68045382824,16296.814689726229,0.0,61471633.18766666,10729.323636755777
ringCFRP,"nTOF 5 ns, no veto, strict",13.0,as is,"no MM loss, no dead time",False,1609588471982.2002,0.006656944068169407,1.0,727994.3099410735,0.0,2611739.1552673955,351800.09026032017,516012.2449714225,20249.66626364662,0.0,94908484.17444754,10729.32363675578
ringCFRP,"nTOF 5 ns, no veto, strict",13.0,as is,"no MM loss, no dead time",True,2000000000000.0002,0.006652062581844028,1.0,1120158.7943658223,0.0,3245225.970152546,437130.4794784968,641172.888540828,25161.29633894465,0.0,146532960.02063262,10729.323636755777
ringCFRP,"nTOF 5 ns, no veto, strict",13.0,no Be window + air,MM occ + DREAM,False,1000000000.0,0.06207242210002298,0.9983416340965454,5.5742303667814594,0.009037208982736772,1590.9059647301885,214.29431835066265,314.3219554461223,12.334813290086316,0.0,0.12597241423508632,10519.664965230755
ringCFRP,"nTOF 5 ns, no veto, strict",13.0,no Be window + air,MM occ + DREAM,False,1242553630.827767,0.05141872349583958,0.9979334949311465,6.948940789329391,0.011229216834048886,1967.3340819550904,264.99901653966873,388.69443535011203,15.25338336653666,0.0,0.1935638273755912,10469.365726547485
ringCFRP,"nTOF 5 ns, no veto, strict",13.0,no Be window + air,MM occ + DREAM,False,1543939525.4832668,0.042766278077348154,0.9974231705758224,8.669418216573773,0.013952904148499728,2429.9948148025433,327.31920929221627,480.1042543342345,18.840543062236016,0.0,0.29707532083748045,10407.165470059626
ringCFRP,"nTOF 5 ns, no veto, strict",13.0,no Be window + air,MM occ + DREAM,False,1918427663.1677406,0.035727711565743336,0.9967841571910357,10.826234289716941,0.017337231710310222,2997.10924919488,403.70926869182284,592.1514286687357,23.237566404548236,0.0,0.45528038997808706,10330.338298314942
ringCFRP,"nTOF 5 ns, no veto, strict",13.0,no Be window + air,MM occ + DREAM,False,2383749258.3495045,0.029991963964543154,0.9959826029235522,13.53557602667064,0.02154244021014826,3689.909756323394,497.02918559418805,729.0309268681351,28.609074898550666,0.0,0.6964777682800005,10235.582713999014
ringCFRP,"nTOF 5 ns, no veto, strict",13.0,no Be window + air,MM occ + DREAM,False,2961936295.9451737,0.025309242824935775,0.9949750398472192,16.94744261571738,0.026767637300009806,4532.65612973924,610.5467432860845,895.5358579638718,35.14316264316779,0.0,1.0630640425454776,10118.926868269997
ringCFRP,"nTOF 5 ns, no veto, strict",13.0,no Be window + air,MM occ + DREAM,False,3680364698.807223,0.021478945981041223,0.993705315058119,21.256909379195505,0.03326022491580795,5552.313145791964,747.8940850213627,1096.9937657695075,43.04889635199198,0.0,1.6180642063938924,9975.633704540385
ringCFRP,"nTOF 5 ns, no veto, strict",13.0,no Be window + air,MM occ + DREAM,False,4573050519.273256,0.018340000907225134,0.9921004031657803,26.719789775512165,0.04132761323128533,6777.6613246324805,912.9479339277548,1339.0909382072366,52.54942079305058,0.0,2.4542387292530004,9800.117049756871
ringCFRP,"nTOF 5 ns, no veto, strict",13.0,no Be window + air,MM occ + DREAM,False,5682260526.681813,0.015763158214660344,0.9900646505683653,33.67466836103602,0.05135177587397946,8237.511954548818,1109.5891575872329,1627.5197421889836,63.86811928978217,0.0,3.7063646255718954,9585.887202240416
ringCFRP,"nTOF 5 ns, no veto, strict",13.0,no Be window + air,MM occ + DREAM,False,7060513448.737786,0.013644852700576117,0.987471820373492,42.574249069701466,0.0638073355616669,9957.575206806154,1341.280904512717,1967.3598439464977,77.2043311929987,0.0,5.566994884984709,9325.555453386654
ringCFRP,"nTOF 5 ns, no veto, strict",13.0,no Be window + air,MM occ + DREAM,False,8773066621.237415,0.011902317858085097,0.9841540658802412,54.03043833599381,0.07928403647559491,11955.403171999285,1610.3874334178126,2362.0790835408707,92.69414359089845,0.0,8.305133085996875,9010.942063937344
ringCFRP,"nTOF 5 ns, no veto, strict",13.0,no Be window + air,MM occ + DREAM,False,10901005783.71244,0.010469710601731652,0.9798866610098422,68.87982950182365,0.09851466738943157,14232.743088009654,1917.1440964597818,2812.0226700791786,110.3511033891558,0.0,12.285310083151685,8633.351800208246
ringCFRP,"nTOF 5 ns, no veto, strict",13.0,no Be window + air,MM occ + DREAM,False,13545084316.226381,0.009295068517965282,0.9743669900568056,88.27968595785359,0.12240975765452802,16764.68731839092,2258.1958462050698,3312.269497495491,129.98209355139383,0.0,17.9807628449,8184.104069326292
ringCFRP,"nTOF 5 ns, no veto, strict",13.0,no Be window + air,MM occ + DREAM,False,16830493696.995401,0.008337979711896815,0.9671860547372205,113.84977041227143,0.15210068882238145,19485.378622518114,2624.671741943755,3849.807874896417,151.07650139218785,0.0,25.967889056813558,7655.426511368205
ringCFRP,"nTOF 5 ns, no veto, strict",13.0,no Be window + air,MM occ + DREAM,False,20912791051.82548,0.007567898502736387,0.9577908676141071,147.88341446406952,0.18899326314765444,22271.02341827023,2999.8968438082825,4400.17938571517,172.67451485738363,0.0,36.87933788513209,7041.830620606991
ringCFRP,"nTOF 5 ns, no veto, strict",13.0,no Be window + air,MM occ + DREAM,False,25985264452.18819,0.006963099067787125,0.9454371712011994,193.66357333184118,0.23483426532610563,24922.999578995394,3357.116840617578,4924.1414243998415,193.23615175957016,0.0,51.281225307919335,6342.063227951816
ringCFRP,"nTOF 5 ns, no veto, strict",13.0,no Be window + air,MM occ + DREAM,False,32288084693.086143,0.006510341783779271,0.9291351420437667,255.93858848434525,0.29179416902372374,27157.320791658785,3658.078903655246,5365.585625520941,210.5595735074773,0.0,69.4320756520152,5561.629281187445
ringCFRP,"nTOF 5 ns, no veto, strict",13.0,no Be window + air,MM occ + DREAM,False,40119676867.86864,0.006205464864227959,0.9075981679381866,341.64156881981705,0.3625699041747991,28611.575093496198,3853.966304437994,5652.9087395222095,221.8348818457118,0.0,90.89293675251102,4715.651897483445
ringCFRP,"nTOF 5 ns, no veto, strict",13.0,no Be window + air,MM occ + DREAM,True,49850850159.80715,0.006055368351128975,0.8792192719801192,460.98222520731747,0.45051255086127406,28885.140584207584,3890.8154530714924,5706.958219434471,223.95592439966825,0.0,114.01920203681412,3831.4160546377225
ringCFRP,"nTOF 5 ns, no veto, strict",13.0,no Be window + air,MM occ + DREAM,False,61942354865.91934,0.006082361859812666,0.8421233215409372,629.1091792092582,0.5597860058061551,27628.315520174085,3721.5216818781923,5458.642026938639,214.21134939219243,0.0,135.51053549719074,2949.334923967685
ringCFRP,"nTOF 5 ns, no veto, strict",13.0,no Be window + air,MM occ + DREAM,False,76966697940.67007,0.006332910955383677,0.7943714549541039,868.6473693727144,0.6955641340010115,24682.099637468196,3324.667726776309,4876.545813869508,191.36837587198988,0.0,150.42357232956155,2120.492031604708
ringCFRP,"nTOF 5 ns, no veto, strict",13.0,no Be window + air,MM occ + DREAM,False,95635249979.00363,0.0068951993456854285,0.7344048989846017,1213.5794974568635,0.8642757401765283,20233.366123290733,2725.425322083904,3997.590898597622,156.87589266350872,0.0,153.22057225917257,1398.9672286226078
ringCFRP,"nTOF 5 ns, no veto, strict",13.0,no Be window + air,MM occ + DREAM,False,118831927096.53209,0.007935608752646256,0.6617574154133722,1715.1938213604392,1.073908958992701,14895.717728143427,2006.446482484425,2943.009346801695,115.49136219980092,0.0,140.16046075455156,828.8686085722298
ringCFRP,"nTOF 5 ns, no veto, strict",13.0,no Be window + air,MM occ + DREAM,False,147655042472.05707,0.009778750987155797,0.5778806962671634,2451.2113655934077,1.3343894761748536,9599.872056174276,1293.0984509070804,1896.6869341275199,74.4309418952421,0.0,112.23922784663723,429.9070433431978
ringCFRP,"nTOF 5 ns, no veto, strict",13.0,no Be window + air,MM occ + DREAM,False,183469309133.68265,0.013095815673568122,0.4866504697213445,3539.8084203055914,1.6580504885594265,5258.128118453498,708.2674940725008,1038.8703976346221,40.76798379939221,0.0,76.38806903238611,189.50694763611156
ringCFRP,"nTOF 5 ns, no veto, strict",13.0,no Be window + air,MM occ + DREAM,False,227970456209.51938,0.019386960059146148,0.39400610905651506,5161.180245808153,2.0602166546552687,2366.546388239253,318.77273475366076,467.56848292505794,18.348606698580056,0.0,42.71933982517815,68.64262002354994
ringCFRP,"nTOF 5 ns, no veto, strict",13.0,no Be window + air,MM occ + DREAM,False,283265518084.60077,0.0323469337602888,0.3065569474184085,7590.727037603799,2.55992968453374,842.1571669801972,113.438191849858,166.38851911217495,6.529519434777226,0.0,18.889384308161507,19.658792387838787
ringCFRP,"nTOF 5 ns, no veto, strict",13.0,no Be window + air,MM occ + DREAM,False,351972597984.32916,0.06221767700099262,0.22975053039677215,11250.15798355491,3.180849924181178,226.53180420181238,30.513732201894236,44.75683745363773,1.756375028469792,0.0,6.313482488121094,4.25576588083402
ringCFRP,"nTOF 5 ns, no veto, strict",13.0,no Be window + air,MM occ + DREAM,False,437344829577.312,0.14176614936814255,0.1666029190075351,16786.227496099447,3.9523766224095667,43.624537425073704,5.876205582304553,8.619082593739122,0.3382352797300165,0.0,1.510726244665375,0.6595750768128532
ringCFRP,"nTOF 5 ns, no veto, strict",13.0,no Be window + air,MM occ + DREAM,False,543424405915.04,0.3957953210440015,0.11754688209650313,25192.09374750197,4.911039922573793,5.621990700418158,0.7572796203100518,1.110760252102673,0.04358912917899608,0.0,0.24191355556456853,0.06840823446361279
ringCFRP,"nTOF 5 ns, no veto, strict",13.0,no Be window + air,MM occ + DREAM,False,675233968650.1553,1.412810579823138,0.08115340923945534,37994.43363181625,6.102230486934183,0.4452930765558515,0.05998077725668039,0.08797841838087059,0.00345250258686161,0.0,0.023808452452609995,0.004360628200386147
ringCFRP,"nTOF 5 ns, no veto, strict",13.0,no Be window + air,MM occ + DREAM,False,839014419404.4929,6.804421042013782,0.05510394235825101,57542.019754647066,7.582348647687961,0.019463578359738807,0.002621735256346412,0.0038455007056620674,0.00015090747683824246,0.0,0.0012930730344485532,0.00015339480846071683
ringCFRP,"nTOF 5 ns, no veto, strict",13.0,no Be window + air,MM occ + DREAM,False,1042520413147.9037,47.32697998253591,0.03695442368077195,87450.87172097164,9.421474842386687,0.0004098046456665086,5.520050156762913e-05,8.096682043595707e-05,3.1773491971058445e-06,0.0,3.382925138702773e-05,2.599259908719839e-06
ringCFRP,"nTOF 5 ns, no veto, strict",13.0,no Be window + air,MM occ + DREAM,False,1295387524568.9966,517.7813186745941,0.02455751422681815,133291.05307206346,11.706687773160086,3.5034769065145135e-06,4.71916764524888e-07,6.921966078005975e-07,2.7163600153648788e-08,0.0,3.5936014665636155e-07,1.7883682347548545e-08
ringCFRP,"nTOF 5 ns, no veto, strict",13.0,no Be window + air,MM occ + DREAM,False,1609588471982.2002,9916.958342560407,0.016210966183496215,203646.43570514966,14.546187397507095,9.819307509417144e-09,1.322656307824553e-09,1.94004171579697e-09,7.613229659814891e-11,0.0,1.2514879039538377e-09,4.033884009621798e-11
ringCFRP,"nTOF 5 ns, no veto, strict",13.0,no Be window + air,MM occ + DREAM,False,2000000000000.0002,380048.04201274633,0.01064945187393027,311750.15593332937,18.074417965473547,6.907680245860282e-12,9.304614241747572e-13,1.3647793210980812e-12,5.355749993353916e-14,0.0,1.0939391474122894e-12,2.283808203765109e-14
ringCFRP,"nTOF 5 ns, no veto, strict",13.0,no Be window + air,"MM occ ÷10, DAQ 10 µs",False,1000000000.0,0.06152024531594798,0.9999442608033634,5.5742303667814594,0.0009037208982736772,1619.592575543407,218.15839193281937,319.98968930710004,12.557229948362178,0.0,0.12824390085998957,10709.351559808461
ringCFRP,"nTOF 5 ns, no veto, strict",13.0,no Be window + air,"MM occ ÷10, DAQ 10 µs",False,1242553630.827767,0.050850832965983084,0.9999305154205491,6.948940789329391,0.0011229216834048887,2011.5209247684038,270.9509644050178,397.42461497479314,15.595978383504269,0.0,0.19791132203500805,10704.510444446296
ringCFRP,"nTOF 5 ns, no veto, strict",13.0,no Be window + air,"MM occ ÷10, DAQ 10 µs",False,1543939525.4832668,0.04217997365826635,0.9999133133330639,8.669418216573773,0.001395290414849973,2498.018495328233,336.4819684829696,493.54397783360747,19.36795286343766,0.0,0.3053914524578508,10698.496832085946
ringCFRP,"nTOF 5 ns, no veto, strict",13.0,no Be window + air,"MM occ ÷10, DAQ 10 µs",False,1918427663.1677406,0.035119858135483364,0.9998917493765689,10.826234289716941,0.0017337231710310222,3101.754831041428,417.80498152926737,612.8266946140628,24.048917761778533,0.0,0.47117673453922676,10691.027272929145
ringCFRP,"nTOF 5 ns, no veto, strict",13.0,no Be window + air,"MM occ ÷10, DAQ 10 µs",False,2383749258.3495045,0.029358913907025386,0.9998646625584355,13.53557602667064,0.002154244021014826,3850.7523151566966,518.6946059716926,760.8092649548968,29.856139763660394,0.0,0.7268371195429113,10681.750079487623
ringCFRP,"nTOF 5 ns, no veto, strict",13.0,no Be window + air,"MM occ ÷10, DAQ 10 µs",False,2961936295.9451737,0.024646741489859993,0.9998305542905572,16.94744261571738,0.0026767637300009806,4779.605561391944,643.8107207280669,944.326691598436,37.057842202525435,0.0,1.1209821933168522,10670.229055669404
ringCFRP,"nTOF 5 ns, no veto, strict",13.0,no Be window + air,"MM occ ÷10, DAQ 10 µs",False,3680364698.807223,0.020782015629072812,0.9997874760822246,21.256909379195505,0.003326022491580795,5930.953913020502,798.8968261712914,1171.803408203074,45.98462182623215,0.0,1.728408319999652,10655.923432496511
ringCFRP,"nTOF 5 ns, no veto, strict",13.0,no Be window + air,"MM occ ÷10, DAQ 10 µs",False,4573050519.273256,0.017602796183992738,0.9997328734778901,26.719789775512165,0.004132761323128533,7357.245504887329,991.0176624899985,1453.6018124651243,57.04312614573856,0.0,2.664110228272013,10638.163174316347
ringCFRP,"nTOF 5 ns, no veto, strict",13.0,no Be window + air,"MM occ ÷10, DAQ 10 µs",False,5682260526.681813,0.014978782327045628,0.9996633666765449,33.67466836103602,0.005135177587397947,9122.828440464988,1228.8408902980257,1802.4354287292972,70.73226701347451,0.0,4.10470161420878,10616.11866279568
ringCFRP,"nTOF 5 ns, no veto, strict",13.0,no Be window + air,"MM occ ÷10, DAQ 10 µs",False,7060513448.737786,0.012805117855148939,0.9995744386888356,42.574249069701466,0.00638073355616669,11306.394604823048,1522.96627114292,2233.851742353726,87.66216830306736,0.0,6.3210811493189984,10588.763597093419
ringCFRP,"nTOF 5 ns, no veto, strict",13.0,no Be window + air,"MM occ ÷10, DAQ 10 µs",False,8773066621.237415,0.010997425434160503,0.9994599873878216,54.03043833599381,0.007928403647559491,14003.779463036773,1886.3027990931068,2766.785367609378,108.57587366038874,0.0,9.72809117971561,10554.829778816891
ringCFRP,"nTOF 5 ns, no veto, strict",13.0,no Be window + air,"MM occ ÷10, DAQ 10 µs",False,10901005783.71244,0.009487814401868626,0.9993116758215023,68.87982950182365,0.009851466738943158,17331.079067114035,2334.488560169874,3424.173887795136,134.37351367579447,0.0,14.959707984505618,10512.752302096418
ringCFRP,"nTOF 5 ns, no veto, strict",13.0,no Be window + air,"MM occ ÷10, DAQ 10 µs",False,13545084316.226381,0.008221665339178102,0.9991179817833332,88.27968595785359,0.012240975765452803,21427.971436997515,2886.3381208754336,4233.61407439502,166.13805763528765,0.0,22.982311887993138,10460.603583256741
ringCFRP,"nTOF 5 ns, no veto, strict",13.0,no Be window + air,"MM occ ÷10, DAQ 10 µs",False,16830493696.995401,0.007155040349795898,0.9988627969988833,113.84977041227143,0.015210068882238146,26461.00547633488,3564.285543668837,5228.011691943532,205.16081355813958,0.0,35.26420850488975,10396.01471263662
ringCFRP,"nTOF 5 ns, no veto, strict",13.0,no Be window + air,"MM occ ÷10, DAQ 10 µs",False,20912791051.82548,0.006252600401090465,0.9985233495764253,147.88341446406952,0.018899326314765444,32626.4201116928,4394.764123750908,6446.138487168986,252.9632859035137,0.0,54.02718809474643,10316.082914933715
ringCFRP,"nTOF 5 ns, no veto, strict",13.0,no Be window + air,"MM occ ÷10, DAQ 10 µs",False,25985264452.18819,0.005485933466272729,0.9980671075752201,193.66357333184118,0.023483426532610565,40151.74145449372,5408.421526059231,7932.947746967559,311.3095588883494,0.0,82.61567767984587,10217.26466790871
ringCFRP,"nTOF 5 ns, no veto, strict",13.0,no Be window + air,"MM occ ÷10, DAQ 10 µs",False,32288084693.086143,0.004832213875832129,0.9974471478489182,255.93858848434525,0.029179416902372374,49294.924319183374,6640.004148151181,9739.404684551631,382.1996403974664,0.0,126.03043359274051,10095.255589118939
ringCFRP,"nTOF 5 ns, no veto, strict",13.0,no Be window + air,"MM occ ÷10, DAQ 10 µs",False,40119676867.86864,0.004273127282966979,0.9965952164676766,341.64156881981705,0.036256990417479915,60339.08917087227,8127.648189416939,11921.446596149419,467.8286558205245,0.0,191.68455416349633,9944.861106431223
ringCFRP,"nTOF 5 ns, no veto, strict",13.0,no Be window + air,"MM occ ÷10, DAQ 10 µs",False,49850850159.80715,0.0037940082661554173,0.9954113306977835,460.98222520731747,0.04505125508612741,73579.87968152328,9911.176719580631,14537.485040424237,570.4888270580657,0.0,290.444117548761,9759.867066883247
ringCFRP,"nTOF 5 ns, no veto, strict",13.0,no Be window + air,"MM occ ÷10, DAQ 10 µs",False,61942354865.91934,0.0033831491111533944,0.9937482386126574,629.1091792092582,0.05597860058061552,89301.06458566859,12028.813259632145,17643.58539490941,692.3803057442016,0.0,438.00119025124405,9532.928214088484
ringCFRP,"nTOF 5 ns, no veto, strict",13.0,no Be window + air,"MM occ ÷10, DAQ 10 µs",False,76966697940.67007,0.0030312488860787965,0.991388331339551,868.6473693727144,0.06955641340010114,107732.23548033694,14511.483694491804,21285.109033144265,835.2831904800469,0.0,656.5676321718358,9255.507037020032
ringCFRP,"nTOF 5 ns, no veto, strict",13.0,no Be window + air,"MM occ ÷10, DAQ 10 µs",False,95635249979.00363,0.002730981982650335,0.9880097166459036,1213.5794974568635,0.08642757401765283,128980.51992835081,17373.618058718894,25483.221596452084,1000.0280762315729,0.0,976.7267074240724,8917.919016093078
ringCFRP,"nTOF 5 ns, no veto, strict",13.0,no Be window + air,"MM occ ÷10, DAQ 10 µs",False,118831927096.53209,0.002476675511792258,0.9831372899473327,1715.1938213604392,0.10739089589927009,152926.83812884177,20599.176356661774,30214.39598977326,1185.6916984294733,0.0,1438.956919368713,8509.576903012538
ringCFRP,"nTOF 5 ns, no veto, strict",13.0,no Be window + air,"MM occ ÷10, DAQ 10 µs",False,147655042472.05707,0.0022640960242469167,0.976074354486192,2451.2113655934077,0.13343894761748537,179078.1235212255,24121.742744238887,35381.21498737362,1388.4511510697314,0.0,2093.7352279939787,8019.580486069388
ringCFRP,"nTOF 5 ns, no veto, strict",13.0,no Be window + air,"MM occ ÷10, DAQ 10 µs",False,183469309133.68265,0.0020903588407845297,0.9658121018928659,3539.8084203055914,0.16580504885594266,206373.80906932752,27798.45931839327,40774.13791740799,1600.0835117025904,0.0,2998.119562423454,7437.869475167641
ringCFRP,"nTOF 5 ns, no veto, strict",13.0,no Be window + air,"MM occ ÷10, DAQ 10 µs",False,227970456209.51938,0.0019539896861060987,0.950921240768274,5161.180245808153,0.2060216654655269,232964.59239233355,31380.225879674694,46027.79036213241,1806.2505352714832,0.0,4205.323689871434,6757.230736738663
ringCFRP,"nTOF 5 ns, no veto, strict",13.0,no Be window + air,"MM occ ÷10, DAQ 10 µs",False,283265518084.60077,0.0018551930954480698,0.9294481295311744,7590.727037603799,0.255992968453374,256024.27720846958,34486.35505927901,50583.788883772475,1985.039799402198,0.0,5742.563447808046,5976.471268344785
ringCFRP,"nTOF 5 ns, no veto, strict",13.0,no Be window + air,"MM occ ÷10, DAQ 10 µs",False,351972597984.32916,0.00179642610999372,0.8988751280225785,11250.15798355491,0.31808499241811783,271730.2889327074,36601.94777881721,53686.89140954585,2106.8136354712815,0.0,7573.172458999945,5104.892430021685
ringCFRP,"nTOF 5 ns, no veto, strict",13.0,no Be window + air,"MM occ ÷10, DAQ 10 µs",True,437344829577.312,0.0017834619147837464,0.8562653503242916,16786.227496099447,0.3952376622409567,275643.808837652,37129.09715091983,54460.1019301363,2137.1564328488207,0.0,9545.598893874412,4167.557918507248
ringCFRP,"nTOF 5 ns, no veto, strict",13.0,no Be window + air,"MM occ ÷10, DAQ 10 µs",False,543424405915.04,0.001827304313134878,0.7987724863974914,25192.09374750197,0.49110399225737933,263760.45048573555,35528.41412238365,52112.25704348088,2045.0208762667978,0.0,11349.579142770675,3209.4302001805654
ringCFRP,"nTOF 5 ns, no veto, strict",13.0,no Be window + air,"MM occ ÷10, DAQ 10 µs",False,675233968650.1553,0.001947688868712999,0.7246669113249204,37994.43363181625,0.6102230486934184,234301.27678934034,31560.27666712341,46291.8846975589,1816.6142857572925,0.0,12527.36928040953,2294.445633101886
ringCFRP,"nTOF 5 ns, no veto, strict",13.0,no Be window + air,"MM occ ÷10, DAQ 10 µs",False,839014419404.4929,0.002179745346624216,0.6347512882958978,57542.019754647066,0.7582348647687961,189667.76532080525,25548.16273468973,37473.45487565791,1470.5561008923703,0.0,12600.677445200308,1494.794533400873
ringCFRP,"nTOF 5 ns, no veto, strict",13.0,no Be window + air,"MM occ ÷10, DAQ 10 µs",False,1042520413147.9037,0.002587382636848989,0.5334731126182978,87450.87172097164,0.9421474842386687,137111.26670662002,18468.825995051287,27089.647295545037,1063.0684102565513,0.0,11318.494210499202,869.6529489183305
ringCFRP,"nTOF 5 ns, no veto, strict",13.0,no Be window + air,"MM occ ÷10, DAQ 10 µs",False,1295387524568.9966,0.0032919460564303747,0.4286491002683676,133291.05307206346,1.1706687773160087,86673.55173094448,11674.88845914514,17124.456674063375,672.0083408393995,0.0,8890.316988630315,442.42970867249437
ringCFRP,"nTOF 5 ns, no veto, strict",13.0,no Be window + air,"MM occ ÷10, DAQ 10 µs",False,1609588471982.2002,0.004538068061761089,0.32933039298739925,203646.43570514966,1.4546187397507095,46891.68388305469,6316.288741640472,9264.586404880858,363.56653276695954,0.0,5976.427066714145,192.6364090529664
ringCFRP,"nTOF 5 ns, no veto, strict",13.0,no Be window + air,"MM occ ÷10, DAQ 10 µs",False,2000000000000.0002,0.006857424358642514,0.24286572466093254,311750.15593332937,1.8074417965473548,21217.156181464336,2857.941400714752,4191.962421295397,164.50353813925656,0.0,3360.06834676145,70.14788412771865
ringCFRP,"nTOF 5 ns, no veto, strict",13.0,no Be window + air,"no MM loss, DREAM",False,1000000000.0,0.06151398779386329,0.9983416340965454,5.5742303667814594,0.0,1619.9220990273197,218.2027785979845,320.0547946421261,12.559784851504709,0.0,0.12826999345737494,10711.530492269454
ringCFRP,"nTOF 5 ns, no veto, strict",13.0,no Be window + air,"no MM loss, DREAM",False,1242553630.827767,0.05084456122991718,0.9979334949311465,6.948940789329391,0.0,2012.0172022898685,271.0178127640866,397.5226666035185,15.599826185136198,0.0,0.19796015023219954,10707.151435075053
ringCFRP,"nTOF 5 ns, no veto, strict",13.0,no Be window + air,"no MM loss, DREAM",False,1543939525.4832668,0.042173707949252154,0.9974231705758224,8.669418216573773,0.0,2498.760807088618,336.5819575434308,493.6906394775059,19.373708248840934,0.0,0.3054822026532975,10701.675999907062
ringCFRP,"nTOF 5 ns, no veto, strict",13.0,no Be window + air,"no MM loss, DREAM",False,1918427663.1677406,0.035113630565750044,0.9967841571910357,10.826234289716941,0.0,3102.8551506108915,417.95319408068997,613.0440893604256,24.05744889859595,0.0,0.4713438802389773,10694.819818493464
ringCFRP,"nTOF 5 ns, no veto, strict",13.0,no Be window + air,"no MM loss, DREAM",False,2383749258.3495045,0.029352773454981947,0.9959826029235522,13.53557602667064,0.0,3852.3635995693053,518.9116452578126,761.1276131656515,29.868632577709356,0.0,0.7271412526642798,10686.219683345213
ringCFRP,"nTOF 5 ns, no veto, strict",13.0,no Be window + air,"no MM loss, DREAM",False,2961936295.9451737,0.0246407609467081,0.9949750398472192,16.94744261571738,0.0,4781.925952896919,644.123276420791,944.7851410677407,37.075832955346975,0.0,1.121526405077674,10675.409213014791
ringCFRP,"nTOF 5 ns, no veto, strict",13.0,no Be window + air,"no MM loss, DREAM",False,3680364698.807223,0.02077630124123044,0.993705315058119,21.256909379195505,0.0,5934.216903039493,799.3363494601639,1172.4480908091548,46.00992085304076,0.0,1.7293592259044372,10661.785924822923
ringCFRP,"nTOF 5 ns, no veto, strict",13.0,no Be window + air,"no MM loss, DREAM",False,4573050519.273256,0.017597500995383288,0.9921004031657803,26.719789775512165,0.0,7361.6738454735905,991.6141579764669,1454.4767382642056,57.077460515919725,0.0,2.6657137614750703,10644.566305721546
ringCFRP,"nTOF 5 ns, no veto, strict",13.0,no Be window + air,"no MM loss, DREAM",False,5682260526.681813,0.014974124569257702,0.9900646505683653,33.67466836103602,0.0,9128.504703361928,1229.6054803588117,1803.556911766602,70.77627693271009,0.0,4.107255577119273,10622.724057259511
ringCFRP,"nTOF 5 ns, no veto, strict",13.0,no Be window + air,"no MM loss, DREAM",False,7060513448.737786,0.012801406189157913,0.987471820373492,42.574249069701466,0.0,11312.951953837115,1523.849543107644,2235.1473052658903,87.71300957059648,0.0,6.324747175200023,10594.904742963565
ringCFRP,"nTOF 5 ns, no veto, strict",13.0,no Be window + air,"no MM loss, DREAM",False,8773066621.237415,0.010995093443149891,0.9841540658802412,54.03043833599381,0.0,14009.720322226629,1887.1030301556157,2767.9591280446166,108.62193508105982,0.0,9.73221815272581,10559.307481258178
ringCFRP,"nTOF 5 ns, no veto, strict",13.0,no Be window + air,"no MM loss, DREAM",False,10901005783.71244,0.009487467492806196,0.9798866610098422,68.87982950182365,0.0,17332.346511416636,2334.6592843477283,3424.424302075077,134.38334058522517,0.0,14.96080200736363,10513.521113314597
ringCFRP,"nTOF 5 ns, no veto, strict",13.0,no Be window + air,"no MM loss, DREAM",False,13545084316.226381,0.00822414413726822,0.9743669900568056,88.27968595785359,0.0,21415.05638854232,2884.598469653723,4231.062394173113,166.03792304854338,0.0,22.968460008802502,10454.298777291066
ringCFRP,"nTOF 5 ns, no veto, strict",13.0,no Be window + air,"no MM loss, DREAM",False,16830493696.995401,0.007161505737693641,0.9671860547372205,113.84977041227143,0.0,26413.249195671837,3557.8527941295615,5218.576283531202,204.7905435242928,0.0,35.20056438372339,10377.252198232625
ringCFRP,"nTOF 5 ns, no veto, strict",13.0,no Be window + air,"no MM loss, DREAM",False,20912791051.82548,0.00626464646845656,0.9577908676141071,147.88341446406952,0.0,32501.06836379519,4377.879299653629,6421.372217262865,251.99139288143604,0.0,53.81961391288753,10276.448194960862
ringCFRP,"nTOF 5 ns, no veto, strict",13.0,no Be window + air,"no MM loss, DREAM",False,25985264452.18819,0.005505735561745865,0.9454371712011994,193.66357333184118,0.0,39863.43890567822,5369.587302323286,7875.986604755009,309.0742551120521,0.0,82.02247027253543,10143.901388036546
ringCFRP,"nTOF 5 ns, no veto, strict",13.0,no Be window + air,"no MM loss, DREAM",False,32288084693.086143,0.004862719197798007,0.9291351420437667,255.93858848434525,0.0,48678.38007238562,6556.955915238837,9617.591455128359,377.41937158339033,0.0,124.45413867341162,9968.991641270622
ringCFRP,"nTOF 5 ns, no veto, strict",13.0,no Be window + air,"no MM loss, DREAM",False,40119676867.86864,0.004318294054009905,0.9075981679381866,341.64156881981705,0.0,59083.468699408644,7958.5166763013485,11673.368400053421,458.0934204124777,0.0,187.69571287373998,9737.914475935428
ringCFRP,"nTOF 5 ns, no veto, strict",13.0,no Be window + air,"no MM loss, DREAM",False,49850850159.80715,0.0038590948397406073,0.8792192719801192,460.98222520731747,0.0,71118.84834679822,9579.6769050055,14051.248770842989,551.4076477251101,0.0,280.7296130216008,9433.4281167475
ringCFRP,"nTOF 5 ns, no veto, strict",13.0,no Be window + air,"no MM loss, DREAM",False,61942354865.91934,0.003475043783564804,0.8421233215409372,629.1091792092582,0.0,84640.5260365588,11401.040811938883,16722.783271676013,656.2456289568975,0.0,415.14232018969386,9035.413658872465
ringCFRP,"nTOF 5 ns, no veto, strict",13.0,no Be window + air,"no MM loss, DREAM",False,76966697940.67007,0.0031588115434667196,0.7943714549541039,868.6473693727144,0.0,99206.79777218269,13363.11106731406,19600.7025937507,769.1826888302346,0.0,604.6098646168036,8523.068428003144
ringCFRP,"nTOF 5 ns, no veto, strict",13.0,no Be window + air,"no MM loss, DREAM",False,95635249979.00363,0.002905337847835656,0.7344048989846017,1213.5794974568635,0.0,113964.21667896153,15350.9287607248,22516.38766310865,883.601775120843,0.0,863.013222328766,7879.667841624727
ringCFRP,"nTOF 5 ns, no veto, strict",13.0,no Be window + air,"no MM loss, DREAM",False,118831927096.53209,0.002711362048229403,0.6617574154133722,1715.1938213604392,0.0,127598.89217176594,17187.51342093666,25210.247613214775,989.3158652073561,0.0,1200.6349640188923,7100.209478993107
ringCFRP,"nTOF 5 ns, no veto, strict",13.0,no Be window + air,"no MM loss, DREAM",False,147655042472.05707,0.0025749298442455625,0.5778806962671634,2451.2113655934077,0.0,138452.6961511379,18649.515938266893,27354.679129884393,1073.4689506447182,0.0,1618.753210288274,6200.269013684164
ringCFRP,"nTOF 5 ns, no veto, strict",13.0,no Be window + air,"no MM loss, DREAM",False,183469309133.68265,0.0024948841029288596,0.4866504697213445,3539.8084203055914,0.0,144875.69074463882,19514.69042293086,28623.6970763923,1123.2685244916265,0.0,2104.698481362035,5221.430387619524
ringCFRP,"nTOF 5 ns, no veto, strict",13.0,no Be window + air,"no MM loss, DREAM",True,227970456209.51938,0.002470409739976152,0.39400610905651506,5161.180245808153,0.0,145745.94183676798,19631.912853870308,28795.636229976117,1130.0158652992445,0.0,2630.9099404968397,4227.419058926242
ringCFRP,"nTOF 5 ns, no veto, strict",13.0,no Be window + air,"no MM loss, DREAM",False,283265518084.60077,0.0025007471534958,0.3065569474184085,7590.727037603799,0.0,140902.86412112956,18979.552462495423,27838.769078990743,1092.4659027645896,0.0,3160.4176213906903,3289.148701948029
ringCFRP,"nTOF 5 ns, no veto, strict",13.0,no Be window + air,"no MM loss, DREAM",False,351972597984.32916,0.0025851647301985536,0.22975053039677215,11250.15798355491,0.0,131214.04490323848,17674.47286888607,25924.508481540553,1017.3453244880761,0.0,3656.959240717085,2465.0677963432636
ringCFRP,"nTOF 5 ns, no veto, strict",13.0,no Be window + air,"no MM loss, DREAM",False,437344829577.312,0.0027231852480164133,0.1666029190075351,16786.227496099447,0.0,118228.32859331631,15925.302718906903,23358.86611555974,916.6628267968409,0.0,4094.270092275779,1787.5366368600546
ringCFRP,"nTOF 5 ns, no veto, strict",13.0,no Be window + air,"no MM loss, DREAM",False,543424405915.04,0.0029149634729655942,0.11754688209650313,25192.09374750197,0.0,103649.02005870815,13961.47641256848,20478.371058501125,803.624688365163,0.0,4460.004348872436,1261.198540504955
ringCFRP,"nTOF 5 ns, no veto, strict",13.0,no Be window + air,"no MM loss, DREAM",False,675233968650.1553,0.0031616872704251144,0.08115340923945534,37994.43363181625,0.0,88915.19766675391,11976.837159098182,17567.348051418274,689.3885535569874,0.0,4754.022389786271,870.7211919562027
ringCFRP,"nTOF 5 ns, no veto, strict",13.0,no Be window + air,"no MM loss, DREAM",False,839014419404.4929,0.0034659237286050163,0.05510394235825101,57542.019754647066,0.0,75018.26971625467,10104.927210715045,14821.673784721048,581.6411345545941,0.0,4983.878085939955,591.2280312228105
ringCFRP,"nTOF 5 ns, no veto, strict",13.0,no Be window + air,"no MM loss, DREAM",False,1042520413147.9037,0.003831900793447654,0.03695442368077195,87450.87172097164,0.0,62512.367676578666,8420.387827265668,12350.830333961047,484.67879353422165,0.0,5160.377324395262,396.495971480794
ringCFRP,"nTOF 5 ns, no veto, strict",13.0,no Be window + air,"no MM loss, DREAM",False,1295387524568.9966,0.004265760573949187,0.02455751422681815,133291.05307206346,0.0,51617.749021818556,6952.887591506493,10198.334890910292,400.209258594771,0.0,5294.558050050368,263.4855178537663
ringCFRP,"nTOF 5 ns, no veto, strict",13.0,no Be window + air,"no MM loss, DREAM",False,1609588471982.2002,0.00477583780956968,0.016210966183496215,203646.43570514966,0.0,42338.81512615271,5703.019366560967,8365.057053501696,328.2666550270596,0.0,5396.155986285339,173.9327026472346
ringCFRP,"nTOF 5 ns, no veto, strict",13.0,no Be window + air,"no MM loss, DREAM",False,2000000000000.0002,0.0053730206958830665,0.01064945187393027,311750.15593332937,0.0,34559.87778916821,4655.200003834316,6828.139819384406,267.9540144472889,0.0,5473.0968860367675,114.26141570945317
ringCFRP,"nTOF 5 ns, no veto, strict",13.0,no Be window + air,"no MM loss, no dead time",False,1000000000.0,0.061462960279541186,1.0,5.5742303667814594,0.0,1622.612985076273,218.56523973924845,320.586444270414,12.580648169472322,0.0,0.12848306539219267,10729.323636755777
ringCFRP,"nTOF 5 ns, no veto, strict",13.0,no Be window + air,"no MM loss, no dead time",False,1242553630.827767,0.05079199878898337,1.0,6.948940789329391,0.0,2016.183656034804,271.57903221074446,398.34585032236646,15.632130061144533,0.0,0.1983700830142574,10729.323636755777
ringCFRP,"nTOF 5 ns, no veto, strict",13.0,no Be window + air,"no MM loss, no dead time",False,1543939525.4832668,0.04211933567385342,1.0,8.669418216573773,0.0,2505.216322221648,337.4515125301517,494.96608264323083,19.423759965047033,0.0,0.3062714118391089,10729.323636755777
ringCFRP,"nTOF 5 ns, no veto, strict",13.0,no Be window + air,"no MM loss, no dead time",False,1918427663.1677406,0.03505712514285352,1.0,10.826234289716941,0.0,3112.865637185506,419.30160212266327,615.0219031249453,24.1350634688963,0.0,0.47286453826396774,10729.323636755777
ringCFRP,"nTOF 5 ns, no veto, strict",13.0,no Be window + air,"no MM loss, no dead time",False,2383749258.3495045,0.029293753245291,1.0,13.53557602667064,0.0,3867.9024997638417,521.0047281294152,764.1976987665042,29.989110743535697,0.0,0.7300742508251344,10729.323636755777
ringCFRP,"nTOF 5 ns, no veto, strict",13.0,no Be window + air,"no MM loss, no dead time",False,2961936295.9451737,0.02457877355664985,1.0,16.94744261571738,0.0,4806.076294769357,647.3763166156384,949.5566252725439,37.26307843967628,0.0,1.1271904923865093,10729.323636755777
ringCFRP,"nTOF 5 ns, no veto, strict",13.0,no Be window + air,"no MM loss, no dead time",False,3680364698.807223,0.0207108078782204,1.0,21.256909379195505,0.0,5971.807550100926,804.3997927226675,1179.8750324089608,46.30137341103964,0.0,1.7403139539444772,10729.323636755777
ringCFRP,"nTOF 5 ns, no veto, strict",13.0,no Be window + air,"no MM loss, no dead time",False,4573050519.273256,0.017527856600439037,1.0,26.719789775512165,0.0,7420.29115398258,999.5098830846541,1466.058005442784,57.53193964419955,0.0,2.6869395002449443,10729.32363675578
ringCFRP,"nTOF 5 ns, no veto, strict",13.0,no Be window + air,"no MM loss, no dead time",False,5682260526.681813,0.014899552301489427,1.0,33.67466836103602,0.0,9220.109715180251,1241.9446342750787,1821.6556976670524,71.48652049346438,0.0,4.148472097010458,10729.323636755777
ringCFRP,"nTOF 5 ns, no veto, strict",13.0,no Be window + air,"no MM loss, no dead time",False,7060513448.737786,0.012720964289316955,1.0,42.574249069701466,0.0,11456.48080322759,1543.182814605562,2263.504901254285,88.82583559439774,0.0,6.404990040938899,10729.323636755777
ringCFRP,"nTOF 5 ns, no veto, strict",13.0,no Be window + air,"no MM loss, no dead time",False,8773066621.237415,0.010907631818644788,1.0,54.03043833599381,0.0,14235.291818559055,1917.4874093191538,2812.526233449958,110.37086452912922,0.0,9.888917284532253,10729.323636755777
ringCFRP,"nTOF 5 ns, no veto, strict",13.0,no Be window + air,"no MM loss, no dead time",False,10901005783.71244,0.009391570516418582,1.0,68.87982950182365,0.0,17688.11353504336,2382.5809425160433,3494.71468317159,137.14171845826914,0.0,15.267890259824004,10729.32363675578
ringCFRP,"nTOF 5 ns, no veto, strict",13.0,no Be window + air,"no MM loss, no dead time",False,13545084316.226381,0.008118055094304147,1.0,88.27968595785359,0.0,21978.4296954619,2960.484600864352,4342.370418281968,170.40594020828172,0.0,23.57269924288326,10729.323636755777
ringCFRP,"nTOF 5 ns, no veto, strict",13.0,no Be window + air,"no MM loss, no dead time",False,16830493696.995401,0.0070430270640326545,1.0,113.84977041227143,0.0,27309.377617989103,3678.5608898137093,5395.62812963537,211.73851972042067,0.0,36.39482208341724,10729.323636755777
ringCFRP,"nTOF 5 ns, no veto, strict",13.0,no Be window + air,"no MM loss, no dead time",False,20912791051.82548,0.006131008432728095,1.0,147.88341446406952,0.0,33933.36631487891,4570.809189859046,6704.3573230748625,263.09646646470543,0.0,56.19140433751912,10729.323636755777
ringCFRP,"nTOF 5 ns, no veto, strict",13.0,no Be window + air,"no MM loss, no dead time",False,25985264452.18819,0.0053534245372998624,1.0,193.66357333184118,0.0,42164.02752076145,5679.475554680283,8330.523534153399,326.9114696636756,0.0,86.75613014910768,10729.323636755777
ringCFRP,"nTOF 5 ns, no veto, strict",13.0,no Be window + air,"no MM loss, no dead time",False,32288084693.086143,0.004687255580056851,1.0,255.93858848434525,0.0,52391.06548624403,7057.052971665529,10351.122264058467,406.2050335898415,0.0,133.94621841517778,10729.323636755777
ringCFRP,"nTOF 5 ns, no veto, strict",13.0,no Be window + air,"no MM loss, no dead time",False,40119676867.86864,0.004113950080204629,1.0,341.64156881981705,0.0,65098.708642867816,8768.766792886889,12861.824552347987,504.73153934757266,0.0,206.80486090020767,10729.323636755777
ringCFRP,"nTOF 5 ns, no veto, strict",13.0,no Be window + air,"no MM loss, no dead time",False,49850850159.80715,0.003618545611708471,1.0,460.98222520731747,0.0,80888.63678639467,10895.663016383602,15981.506796589774,627.1560068096169,0.0,319.2941988059022,10729.323636755778
ringCFRP,"nTOF 5 ns, no veto, strict",13.0,no Be window + air,"no MM loss, no dead time",False,61942354865.91934,0.0031889530712862863,1.0,629.1091792092582,0.0,100508.46933164318,13538.445641283262,19857.87929620126,779.2749733567332,0.0,492.97093379394425,10729.323636755777
ringCFRP,"nTOF 5 ns, no veto, strict",13.0,no Be window + air,"no MM loss, no dead time",False,76966697940.67007,0.002815370341998977,1.0,868.6473693727144,0.0,124887.16349697452,16822.24478734087,24674.480020034414,968.29094755762,0.0,761.1173095988653,10729.323636755777
ringCFRP,"nTOF 5 ns, no veto, strict",13.0,no Be window + air,"no MM loss, no dead time",False,95635249979.00363,0.002489799780476932,1.0,1213.5794974568635,0.0,155178.99844694667,20902.54133918388,30659.36473768096,1203.15343258538,0.0,1175.119097819173,10729.323636755777
ringCFRP,"nTOF 5 ns, no veto, strict",13.0,no Be window + air,"no MM loss, no dead time",False,118831927096.53209,0.00220565163951833,1.0,1715.1938213604392,0.0,192818.22794846998,25972.52863453043,38095.9049736783,1494.982666101855,0.0,1814.312822273258,10729.323636755778
ringCFRP,"nTOF 5 ns, no veto, strict",13.0,no Be window + air,"no MM loss, no dead time",False,147655042472.05707,0.001957422132551169,1.0,2451.2113655934077,0.0,239586.98922714838,32272.25975661406,47336.20504471374,1857.5961397894428,0.0,2801.189277898804,10729.323636755777
ringCFRP,"nTOF 5 ns, no veto, strict",13.0,no Be window + air,"no MM loss, no dead time",False,183469309133.68265,0.0017404395720641837,1.0,3539.8084203055914,0.0,297699.6833632863,40100.01353559762,58817.77344791672,2308.162828107016,0.0,4324.866844507894,10729.323636755777
ringCFRP,"nTOF 5 ns, no veto, strict",13.0,no Be window + air,"no MM loss, no dead time",False,227970456209.51938,0.0015506738698890736,1.0,5161.180245808153,0.0,369907.822459328,49826.41741489943,73084.23795491393,2868.0161026060605,0.0,6677.33286368783,10729.323636755777
ringCFRP,"nTOF 5 ns, no veto, strict",13.0,no Be window + air,"no MM loss, no dead time",False,283265518084.60077,0.0013846033070780688,1.0,7590.727037603799,0.0,459630.30786843103,61911.99587002318,90811.08522715881,3563.6638215656612,0.0,10309.398133056013,10729.323636755777
ringCFRP,"nTOF 5 ns, no veto, strict",13.0,no Be window + air,"no MM loss, no dead time",False,351972597984.32916,0.0012391288925822535,1.0,11250.15798355491,0.0,571115.3078804035,76928.97526009103,112837.64366841599,4428.043420535969,0.0,15917.087261568571,10729.323636755777
ringCFRP,"nTOF 5 ns, no veto, strict",13.0,no Be window + air,"no MM loss, no dead time",False,437344829577.312,0.0011115230901354053,1.0,16786.227496099447,0.0,709641.399428116,95588.37752528593,140206.8238342406,5502.081429649994,0.0,24575.02015370213,10729.323636755777
ringCFRP,"nTOF 5 ns, no veto, strict",13.0,no Be window + air,"no MM loss, no dead time",False,543424405915.04,0.0009993984558042338,1.0,25192.09374750197,0.0,881767.4974451032,118773.68555897936,174214.49802206477,6836.631257521632,0.0,37942.34495484857,10729.323636755777
ringCFRP,"nTOF 5 ns, no veto, strict",13.0,no Be window + air,"no MM loss, no dead time",False,675233968650.1553,0.0009006836834863974,1.0,37994.43363181625,0.0,1095643.4054963267,147582.67423810533,216470.85706015344,8494.880991664106,0.0,58580.686065311354,10729.323636755777
ringCFRP,"nTOF 5 ns, no veto, strict",13.0,no Be window + air,"no MM loss, no dead time",False,839014419404.4929,0.0008135988703885188,1.0,57542.019754647066,0.0,1361395.6915919606,183379.38772182935,268976.64940849226,10555.345219642018,0.0,90445.036646161,10729.323636755777
ringCFRP,"nTOF 5 ns, no veto, strict",13.0,no Be window + air,"no MM loss, no dead time",False,1042520413147.9037,0.0007366267293086566,1.0,87450.87172097164,0.0,1691607.1595808694,227858.72403273184,334217.9123304094,13115.582527306702,0.0,139641.66696179053,10729.323636755777
ringCFRP,"nTOF 5 ns, no veto, strict",13.0,no Be window + air,"no MM loss, no dead time",False,1295387524568.9966,0.0006684803999474865,1.0,133291.05307206346,0.0,2101912.618071464,283126.6848626543,415283.6804538282,16296.814689726229,0.0,215598.28902668096,10729.323636755778
ringCFRP,"nTOF 5 ns, no veto, strict",13.0,no Be window + air,"no MM loss, no dead time",False,1609588471982.2002,0.0006080706188234311,1.0,203646.43570514966,0.0,2611739.1552673955,351800.0902603202,516012.24497142236,20249.66626364662,0.0,332870.720054858,10729.323636755778
ringCFRP,"nTOF 5 ns, no veto, strict",13.0,no Be window + air,"no MM loss, no dead time",True,2000000000000.0002,0.0005544752188770125,1.0,311750.15593332937,0.0,3245225.970152546,437130.4794784969,641172.888540828,25161.29633894465,0.0,513932.2615687708,10729.32363675578
ringCFRP,"nTOF 5 ns, no veto, strict",13.0,oracle: no accidentals,MM occ + DREAM,False,1000000000.0,0.06225513645860241,0.9975767502584543,8.151463574098505,0.011601140715263488,1581.5562515157621,213.0349161832948,312.47469344222543,12.2623219113546,0.0,0.0,10457.841166265092
ringCFRP,"nTOF 5 ns, no veto, strict",13.0,oracle: no accidentals,MM occ + DREAM,False,1242553630.827767,0.051607244537784966,0.9969661030548177,10.211843914211238,0.014415039517494486,1952.9437657636488,263.06064741700436,385.8512803019448,15.14181054743742,0.0,0.0,10392.786214958305
ringCFRP,"nTOF 5 ns, no veto, strict",13.0,oracle: no accidentals,MM occ + DREAM,False,1543939525.4832668,0.04296170344123029,0.9961949958466924,12.817239964411407,0.017911459690988518,2407.8636594297845,324.33815261126887,475.73170926415094,18.6689529899949,0.0,0.0,10312.382306488713
ringCFRP,"nTOF 5 ns, no veto, strict",13.0,oracle: no accidentals,MM occ + DREAM,False,1918427663.1677406,0.0359313545758064,0.9952178871482318,16.124467586654827,0.022255949272463067,2963.1066041729027,399.12912769125785,585.4333836613042,22.973932797651617,0.0,0.0,10213.139091709816
ringCFRP,"nTOF 5 ns, no veto, strict",13.0,oracle: no accidentals,MM occ + DREAM,False,2383749258.3495045,0.030205406319755865,0.993974676873124,20.341770866186813,0.027654210576017583,3637.7319638762137,490.0008604050199,718.7219418517634,28.2045234404549,0.0,0.0,10090.844726975954
ringCFRP,"nTOF 5 ns, no veto, strict",13.0,oracle: no accidentals,MM occ + DREAM,False,2961936295.9451737,0.02553440402763766,0.992385350761288,25.748580633786656,0.03436183975890628,4452.712868827101,599.7784219750251,879.7411330387538,34.52333644412585,0.0,0.0,9940.457558526115
ringCFRP,"nTOF 5 ns, no veto, strict",13.0,oracle: no accidentals,MM occ + DREAM,False,3680364698.807223,0.021718175929199064,0.9903424181466532,32.7240277732571,0.042696428754350924,5430.0713701931245,731.4281727948214,1072.8419461175208,42.10111596038596,0.0,0.0,9756.006470854754
ringCFRP,"nTOF 5 ns, no veto, strict",13.0,oracle: no accidentals,MM occ + DREAM,False,4573050519.273256,0.01859620528650378,0.9877001990146874,41.788490061951826,0.05305260257209782,6591.210511339108,887.8330931851681,1302.2530700188222,51.10380677138932,0.0,0.0,9530.519661103566
ringCFRP,"nTOF 5 ns, no veto, strict",13.0,oracle: no accidentals,MM occ + DREAM,False,5682260526.681813,0.016039971331921716,0.9842596516298998,53.66466143971506,0.06592070395082295,7954.040083281384,1071.4056239456681,1571.513017174371,61.67026933347242,0.0,0.0,9256.014614744248
ringCFRP,"nTOF 5 ns, no veto, strict",13.0,oracle: no accidentals,MM occ + DREAM,False,7060513448.737786,0.013946880142875553,0.9797469945069353,69.36801650065601,0.08191001004081737,9528.379386207404,1283.4684203978807,1882.5618278533332,73.87663588646383,0.0,0.0,8923.601228364114
ringCFRP,"nTOF 5 ns, no veto, strict",13.0,oracle: no accidentals,MM occ + DREAM,False,8773066621.237415,0.012235483483351572,0.9737839480588676,90.34173220546873,0.10177758037735649,11309.049440385279,1523.323876299827,2234.3762693363437,87.68275210984288,0.0,0.0,8523.77689312784
ringCFRP,"nTOF 5 ns, no veto, strict",13.0,oracle: no accidentals,MM occ + DREAM,False,10901005783.71244,0.010841761813424281,0.9658472446361338,118.6590967258885,0.12646410203474917,13266.141920456106,1786.943353669197,2621.047228502113,102.85672899363674,0.0,0.0,8047.0271628295195
ringCFRP,"nTOF 5 ns, no veto, strict",13.0,oracle: no accidentals,MM occ + DREAM,False,13545084316.226381,0.009716325826016252,0.9552157165310303,157.32868275927478,0.1571384291526508,15332.374340695656,2065.2639319218342,3029.2814228129096,118.87690346189984,0.0,0.0,7484.884438999793
ringCFRP,"nTOF 5 ns, no veto, strict",13.0,oracle: no accidentals,MM occ + DREAM,False,16830493696.995401,0.008822470769020693,0.9409060135190672,210.7564041547099,0.1952529256861989,17388.555685029005,2342.230634767776,3435.5297839549235,134.81914865752455,0.0,0.0,6831.625536479854
ringCFRP,"nTOF 5 ns, no veto, strict",13.0,oracle: no accidentals,MM occ + DREAM,False,20912791051.82548,0.008135110730430174,0.9216051516744985,285.44758061068666,0.24261223174113059,19250.47863894148,2593.030819741497,3803.397701191028,149.255245137263,0.0,0.0,6086.770571568449
ringCFRP,"nTOF 5 ns, no veto, strict",13.0,oracle: no accidentals,MM occ + DREAM,False,25985264452.18819,0.007640752272405395,0.8956232668778483,391.0768139370662,0.30145870943316944,20664.445085466625,2783.491464522725,4082.760974860294,160.21818858143592,0.0,0.0,5258.404667029655
ringCFRP,"nTOF 5 ns, no veto, strict",13.0,oracle: no accidentals,MM occ + DREAM,False,32288084693.086143,0.007338889711350706,0.860916780907967,542.1223305997158,0.3745786139508375,21323.748606787267,2872.299352493377,4213.022333261302,165.32998400949936,0.0,0.0,4366.954514622583
ringCFRP,"nTOF 5 ns, no veto, strict",13.0,oracle: no accidentals,MM occ + DREAM,True,40119676867.86864,0.00724562191168836,0.8152686509392165,760.3675858191277,0.4654340167950456,20921.955122085514,2818.1779507067527,4133.63831145434,162.21474795856795,0.0,0.0,3448.277735431384
ringCFRP,"nTOF 5 ns, no veto, strict",13.0,oracle: no accidentals,MM occ + DREAM,False,49850850159.80715,0.007401130825937791,0.7567367507559052,1078.7365983222912,0.5783267274794381,19253.253509351358,2593.4045935384274,3803.945943961298,149.27675961339725,0.0,0.0,2553.812206130294
ringCFRP,"nTOF 5 ns, no veto, strict",13.0,oracle: no accidentals,MM occ + DREAM,False,61942354865.91934,0.007884462724080388,0.6844344867044478,1547.18193787582,0.7186019750343164,16344.242543138149,2201.562123964818,3229.200462087753,126.72224795617369,0.0,0.0,1744.7551336626702
ringCFRP,"nTOF 5 ns, no veto, strict",13.0,oracle: no accidentals,MM occ + DREAM,False,76966697940.67007,0.008843156859359496,0.5995072083756416,2241.7337499660725,0.8929014931988941,12553.008658622644,1690.8846238474732,2480.1505027857174,97.32757401485217,0.0,0.0,1078.4558536043837
ringCFRP,"nTOF 5 ns, no veto, strict",13.0,oracle: no accidentals,MM occ + DREAM,False,95635249979.00363,0.010555223390874943,0.5058248517132626,3278.4191229774992,1.109477992345821,8534.002537798173,1149.5263058809642,1686.0986286627067,66.1669075699995,0.0,0.0,590.0545567461959
ringCFRP,"nTOF 5 ns, no veto, strict",13.0,oracle: no accidentals,MM occ + DREAM,False,118831927096.53209,0.013566796489998187,0.4097122877520586,4834.688410304369,1.378585907712801,5014.210607667235,675.411915008406,990.6785933057654,38.876811712271774,0.0,0.0,279.014535943631
ringCFRP,"nTOF 5 ns, no veto, strict",13.0,oracle: no accidentals,MM occ + DREAM,False,147655042472.05707,0.01902101463098576,0.31843482538548035,7182.41623123132,1.7129669250365411,2480.9591956877766,334.18408848940805,490.1735005455682,19.23568654437816,0.0,0.0,111.10375494924068
ringCFRP,"nTOF 5 ns, no veto, strict",13.0,oracle: no accidentals,MM occ + DREAM,False,183469309133.68265,0.02951434670704517,0.2380868144633538,10738.75368497896,2.1284532721920293,1004.0670027584118,135.24737395211045,198.3777235755576,7.784859246449578,0.0,0.0,36.187340557013606
ringCFRP,"nTOF 5 ns, no veto, strict",13.0,oracle: no accidentals,MM occ + DREAM,False,227970456209.51938,0.051564215978784814,0.1720854580872206,16144.517664124674,2.6447173414094474,321.11854886661644,43.25452419231838,63.44473680246349,2.4897369373587916,0.0,0.0,9.314171335033418
ringCFRP,"nTOF 5 ns, no veto, strict",13.0,oracle: no accidentals,MM occ + DREAM,False,283265518084.60077,0.1036295963013634,0.12096652804534391,24385.065845817928,3.2862031350814687,77.75245275535136,10.473220437089703,15.361877780714138,0.6028401482209349,0.0,0.0,1.8150048308009452
ringCFRP,"nTOF 5 ns, no veto, strict",13.0,oracle: no accidentals,MM occ + DREAM,False,351972597984.32916,0.24621560683096355,0.08320114418426024,36976.729800208705,4.083283637133069,13.49453724718994,1.8177081015185177,2.666172249908333,0.10462755252063753,0.0,0.0,0.25351668122976667
ringCFRP,"nTOF 5 ns, no veto, strict",13.0,oracle: no accidentals,MM occ + DREAM,False,437344829577.312,0.7162596761062012,0.0562942073182074,56254.41964426049,5.073698909019327,1.5651060628379503,0.21081908316261133,0.3092245607585225,0.012134778228430568,0.0,0.0,0.023663401666771007
ringCFRP,"nTOF 5 ns, no veto, strict",13.0,oracle: no accidentals,MM occ + DREAM,False,543424405915.04,2.667874803563711,0.0376322093065797,85815.3740087812,6.304343001128844,0.110925411151827,0.01494160302213662,0.021915998126149805,0.0008600409238618285,0.0,0.0,0.0013497374752829857
ringCFRP,"nTOF 5 ns, no veto, strict",13.0,oracle: no accidentals,MM occ + DREAM,False,675233968650.1553,13.463934838857384,0.024938422400846382,131203.91756074494,7.833484286036267,0.004290028790540327,0.0005778649497548852,0.0008475989582398045,3.326199367753596e-05,0.0,0.0,4.2011029385839216e-05
ringCFRP,"nTOF 5 ns, no veto, strict",13.0,oracle: no accidentals,MM occ + DREAM,False,839014419404.4929,98.85161702890417,0.016423453705986232,200968.23094068162,9.733524341646621,7.8526644550174e-05,1.057750372385979e-05,1.5514838096555474e-05,6.088427099383232e-07,0.0,0.0,6.188779564169708e-07
ringCFRP,"nTOF 5 ns, no veto, strict",13.0,oracle: no accidentals,MM occ + DREAM,False,1042520413147.9037,1154.1586472360432,0.010767643641064065,308291.3751876331,12.094426011463462,5.692921973319093e-07,7.668340308868132e-08,1.12477444080696e-07,4.4139082493056096e-09,0.0,0.0,3.610838482480354e-09
ringCFRP,"nTOF 5 ns, no veto, strict",13.0,oracle: no accidentals,MM occ + DREAM,False,1295387524568.9966,23947.825470983982,0.00703701934402749,473508.7934555755,15.027972953321772,1.3087959624127674e-09,1.7629422784451608e-10,2.585843005845664e-10,1.0147522348323229e-11,0.0,0.0,6.680817905784319e-12
ringCFRP,"nTOF 5 ns, no veto, strict",13.0,oracle: no accidentals,MM occ + DREAM,False,1609588471982.2002,1014115.2818766974,0.0045883703162878904,727994.3099410735,18.67306235713145,7.233897948238222e-13,9.744028020530253e-14,1.4292315190191354e-13,5.608677227267158e-15,0.0,0.0,2.9717681448155613e-15
ringCFRP,"nTOF 5 ns, no veto, strict",13.0,oracle: no accidentals,MM occ + DREAM,False,2000000000000.0002,104116075.12055477,0.0029867925165031565,1120158.7943658223,23.20228143052698,6.810898553382826e-17,9.17424973700579e-18,1.3456577567157024e-17,5.280711987772584e-19,0.0,0.0,2.251810367242964e-19
ringCFRP,"nTOF 5 ns, no veto, strict",13.0,oracle: no accidentals,"MM occ ÷10, DAQ 10 µs",False,1000000000.0,0.06153632673592953,0.9999184920083534,8.151463574098505,0.001160114071526349,1618.720567604514,218.04093285541052,319.817403045942,12.550468986148081,0.0,0.0,10703.585517334834
ringCFRP,"nTOF 5 ns, no veto, strict",13.0,oracle: no accidentals,"MM occ ÷10, DAQ 10 µs",False,1242553630.827767,0.05086730236390051,0.9998978919879687,10.211843914211238,0.0014415039517494486,2010.174077725595,270.7695447137475,397.15851276286617,15.585535838708,0.0,0.0,10697.343062760476
ringCFRP,"nTOF 5 ns, no veto, strict",13.0,oracle: no accidentals,"MM occ ÷10, DAQ 10 µs",False,1543939525.4832668,0.042196899162680115,0.9998718440264146,12.817239964411407,0.0017911459690988518,2495.9380509298976,336.20173355765576,493.13293571925334,19.35182249886378,0.0,0.0,10689.586718791536
ringCFRP,"nTOF 5 ns, no veto, strict",13.0,oracle: no accidentals,"MM occ ÷10, DAQ 10 µs",False,1918427663.1677406,0.035137318487826,0.9998387813197873,16.124467586654827,0.0022255949272463067,3098.5408500690814,417.372059736949,612.1916949306178,24.023998718107404,0.0,0.0,10679.949428256785
ringCFRP,"nTOF 5 ns, no veto, strict",13.0,oracle: no accidentals,"MM occ ÷10, DAQ 10 µs",False,2383749258.3495045,0.029377000146673278,0.9997966236616869,20.341770866186813,0.0027654210576017585,3845.78649171054,518.0257117855899,759.828146415775,29.817638113407124,0.0,0.0,10667.975190673837
ringCFRP,"nTOF 5 ns, no veto, strict",13.0,oracle: no accidentals,"MM occ ÷10, DAQ 10 µs",False,2961936295.9451737,0.02466555896233452,0.9997425804755361,25.748580633786656,0.0034361839758906285,4771.931699989737,642.7770550465241,942.8105346568955,36.99834424996966,0.0,0.0,10653.097545997474
ringCFRP,"nTOF 5 ns, no veto, strict",13.0,oracle: no accidentals,"MM occ ÷10, DAQ 10 µs",False,3680364698.807223,0.020801686361717416,0.9996728667734354,32.7240277732571,0.004269642875435092,5919.0927253161935,797.2991295190224,1169.4599436641354,45.892658165918554,0.0,0.0,10634.612879447342
ringCFRP,"nTOF 5 ns, no veto, strict",13.0,oracle: no accidentals,"MM occ ÷10, DAQ 10 µs",False,4573050519.273256,0.01762346168760602,0.9995822896542268,41.788490061951826,0.005305260257209782,7338.907410308997,988.5475293931122,1449.978678304586,56.90094491206769,0.0,0.0,10611.647321025768
ringCFRP,"nTOF 5 ns, no veto, strict",13.0,oracle: no accidentals,"MM occ ÷10, DAQ 10 µs",False,5682260526.681813,0.015000606916212501,0.9994636412207257,53.66466143971506,0.006592070395082295,9094.467792184047,1225.020723722449,1796.8320966512147,70.5123776491207,0.0,0.0,10583.115739473256
ringCFRP,"nTOF 5 ns, no veto, strict",13.0,oracle: no accidentals,"MM occ ÷10, DAQ 10 µs",False,7060513448.737786,0.012828292633053103,0.9993068006936027,69.36801650065601,0.008191001004081737,11262.517054482463,1517.0559848346236,2225.1826709384486,87.32197133160828,0.0,0.0,10547.671009755475
ringCFRP,"nTOF 5 ns, no veto, strict",13.0,oracle: no accidentals,"MM occ ÷10, DAQ 10 µs",False,8773066621.237415,0.01102217315564884,0.9990973981041329,90.34173220546873,0.01017775803773565,13935.864471977839,1877.1546803246706,2753.367118343231,108.04930656410414,0.0,0.0,10503.641371290982
ringCFRP,"nTOF 5 ns, no veto, strict",13.0,oracle: no accidentals,"MM occ ÷10, DAQ 10 µs",False,10901005783.71244,0.009514395515471445,0.998814815362127,118.6590967258885,0.012646410203474918,17225.90153641265,2320.321194060788,3403.3935224863285,133.55803794543982,0.0,0.0,10448.953312793557
ringCFRP,"nTOF 5 ns, no veto, strict",13.0,oracle: no accidentals,"MM occ ÷10, DAQ 10 µs",False,13545084316.226381,0.00825038563737005,0.9984291845157172,157.32868275927478,0.01571384291526508,21264.983816323114,2864.3837616321216,4201.4119274550685,164.8743614054762,0.0,0.0,10381.037073945961
ringCFRP,"nTOF 5 ns, no veto, strict",13.0,oracle: no accidentals,"MM occ ÷10, DAQ 10 µs",False,16830493696.995401,0.007186260876439237,0.9978968684428973,210.7564041547099,0.01952529256861989,26208.24915136212,3530.2393803067916,5178.073566071783,203.20111125923205,0.0,0.0,10296.711665536655
ringCFRP,"nTOF 5 ns, no veto, strict",13.0,oracle: no accidentals,"MM occ ÷10, DAQ 10 µs",False,20912791051.82548,0.006286750658850874,0.9971536490338616,285.44758061068666,0.02426122317411306,32234.133301534872,4341.923266752168,6368.63273887325,249.9217582037402,0.0,0.0,10192.04652828234
ringCFRP,"nTOF 5 ns, no veto, strict",13.0,oracle: no accidentals,"MM occ ÷10, DAQ 10 µs",False,25985264452.18819,0.005523529662479113,0.9961044663893597,391.0768139370662,0.030145870943316944,39542.36173568138,5326.338351846128,7812.550043349173,306.5848389985787,0.0,0.0,10062.198071920138
ringCFRP,"nTOF 5 ns, no veto, strict",13.0,oracle: no accidentals,"MM occ ÷10, DAQ 10 µs",False,32288084693.086143,0.0048738851309958545,0.99460800788731,542.1223305997158,0.03745786139508375,48347.463854831374,6512.38164947826,9552.210951882758,374.85367012228255,0.0,0.0,9901.222315301808
ringCFRP,"nTOF 5 ns, no veto, strict",13.0,oracle: no accidentals,"MM occ ÷10, DAQ 10 µs",False,40119676867.86864,0.004319654665005683,0.9924537037325563,760.3675858191277,0.04654340167950456,58864.782729183986,7929.059774409543,11630.161696883315,456.39787669607705,0.0,0.0,9701.871479103795
ringCFRP,"nTOF 5 ns, no veto, strict",13.0,oracle: no accidentals,"MM occ ÷10, DAQ 10 µs",False,49850850159.80715,0.0038463845423279378,0.9893277593821824,1078.7365983222912,0.05783267274794382,71284.46427211164,9601.985295702287,14083.970202939927,552.6917220587884,0.0,0.0,9455.395934882212
ringCFRP,"nTOF 5 ns, no veto, strict",13.0,oracle: no accidentals,"MM occ ÷10, DAQ 10 µs",False,61942354865.91934,0.003442671617257074,0.9847639106437995,1547.18193787582,0.07186019750343164,85727.03611163072,11547.393230674175,16937.449618386483,664.6696962562382,0.0,0.0,9151.399090822253
ringCFRP,"nTOF 5 ns, no veto, strict",13.0,oracle: no accidentals,"MM occ ÷10, DAQ 10 µs",False,76966697940.67007,0.0030996643163456196,0.9780741809851515,2241.7337499660725,0.08929014931988942,102172.29723832723,13762.562512437324,20186.608745174977,792.1751742678937,0.0,0.0,8777.840837160009
ringCFRP,"nTOF 5 ns, no veto, strict",13.0,oracle: no accidentals,"MM occ ÷10, DAQ 10 µs",False,95635249979.00363,0.0028107107099282274,0.968256493943098,3278.4191229774992,0.11094779923458209,120352.55901556506,16211.435601960577,23778.5592180698,933.1326787079207,0.0,0.0,8321.368027331502
ringCFRP,"nTOF 5 ns, no veto, strict",13.0,oracle: no accidentals,"MM occ ÷10, DAQ 10 µs",False,118831927096.53209,0.002571155139077551,0.9538827416419434,4834.688410304369,0.13785859077128013,139604.88911837657,18804.71581305315,27582.322720733046,1082.4022788489717,0.0,0.0,7768.280273920817
ringCFRP,"nTOF 5 ns, no veto, strict",13.0,oracle: no accidentals,"MM occ ÷10, DAQ 10 µs",False,147655042472.05707,0.0023783012016434252,0.9329888569060036,7182.41623123132,0.17129669250365412,158691.35563526727,21375.65427367644,31353.315859955757,1230.3858844628078,0.0,0.0,7106.608411661436
ringCFRP,"nTOF 5 ns, no veto, strict",13.0,oracle: no accidentals,"MM occ ÷10, DAQ 10 µs",False,183469309133.68265,0.002231581243684146,0.9030262367271377,10738.75368497896,0.21284532721920293,175631.99685782293,23657.551031682742,34700.349307333614,1361.7322060727101,0.0,0.0,6329.911117028922
ringCFRP,"nTOF 5 ns, no veto, strict",13.0,oracle: no accidentals,"MM occ ÷10, DAQ 10 µs",False,227970456209.51938,0.002133007239589312,0.8609963002230325,16144.517664124674,0.26447173414094477,187662.53180104794,25278.05868091358,37077.27248962788,1455.0088708124183,0.0,0.0,5443.226436250354
ringCFRP,"nTOF 5 ns, no veto, strict",13.0,oracle: no accidentals,"MM occ ÷10, DAQ 10 µs",True,283265518084.60077,0.0020880391402369365,0.8039550352769477,24385.065845817928,0.3286203135081469,191515.72557946865,25797.082150889513,37838.56412470665,1484.8839400377713,0.0,0.0,4470.623816779334
ringCFRP,"nTOF 5 ns, no veto, strict",13.0,oracle: no accidentals,"MM occ ÷10, DAQ 10 µs",False,351972597984.32916,0.002107127561255658,0.7300510104589141,36976.729800208705,0.4083283637133069,184250.0001987366,24818.39220798573,36403.044326530806,1428.5503992910244,0.0,0.0,3461.433890717104
ringCFRP,"nTOF 5 ns, no veto, strict",13.0,oracle: no accidentals,"MM occ ÷10, DAQ 10 µs",False,437344829577.312,0.002208447177283479,0.6399818976491471,56254.41964426049,0.5073698909019327,164630.67001261492,22175.677250634642,32526.771080116298,1276.4353276982115,0.0,0.0,2489.11033167565
ringCFRP,"nTOF 5 ns, no veto, strict",13.0,oracle: no accidentals,"MM occ ÷10, DAQ 10 µs",False,543424405915.04,0.0024229189433779266,0.5381686016748767,85815.3740087812,0.6304343001128845,134488.1956879672,18115.49950788652,26571.396166857587,1042.7308843568312,0.0,0.0,1636.4488156350747
ringCFRP,"nTOF 5 ns, no veto, strict",13.0,oracle: no accidentals,"MM occ ÷10, DAQ 10 µs",False,675233968650.1553,0.002803941730423837,0.4325186227596107,131203.91756074494,0.7833484286036267,98915.93047775594,13323.931373497115,19543.234724004527,766.9274997439613,0.0,0.0,968.6555183946077
ringCFRP,"nTOF 5 ns, no veto, strict",13.0,oracle: no accidentals,"MM occ ÷10, DAQ 10 µs",False,839014419404.4929,0.003447323430133387,0.332260982122426,200968.23094068162,0.9733524341646622,64568.47572748904,8697.344657520482,12757.064214214473,500.6204704620117,0.0,0.0,508.8719444984697
ringCFRP,"nTOF 5 ns, no veto, strict",13.0,oracle: no accidentals,"MM occ ÷10, DAQ 10 µs",False,1042520413147.9037,0.0045344301786642,0.24492312617195086,308291.3751876331,1.2094426011463462,36882.5392252225,4968.0614552545685,7287.0377684807845,285.962366785494,0.0,0.0,233.934159980028
ringCFRP,"nTOF 5 ns, no veto, strict",13.0,oracle: no accidentals,"MM occ ÷10, DAQ 10 µs",False,1295387524568.9966,0.006431634296312452,0.1743652427671906,473508.7934555755,1.5027972953321773,18145.18625871865,2444.1484329448626,3585.020455776489,140.6855524946712,0.0,0.0,92.62305870623352
ringCFRP,"nTOF 5 ns, no veto, strict",13.0,oracle: no accidentals,"MM occ ÷10, DAQ 10 µs",False,1609588471982.2002,0.009937636027344335,0.12077377682355904,727994.3099410735,1.8673062357131451,7533.223619155281,1014.7218353812489,1488.3705456389948,58.40754191308079,0.0,0.0,30.94734559343638
ringCFRP,"nTOF 5 ns, no veto, strict",13.0,oracle: no accidentals,"MM occ ÷10, DAQ 10 µs",False,2000000000000.0002,0.01695774026315412,0.08195654570680287,1120158.7943658223,2.3202281430526983,2567.4620310968467,345.83598153673216,507.26422808082145,19.90637126584434,0.0,0.0,8.488509370404643
ringCFRP,"nTOF 5 ns, no veto, strict",13.0,oracle: no accidentals,"no MM loss, DREAM",False,1000000000.0,0.06153707905616453,0.9975767502584543,8.151463574098505,0.0,1618.680988579558,218.0356015785394,319.8095832521927,12.550162117047169,0.0,0.0,10703.32380602605
ringCFRP,"nTOF 5 ns, no veto, strict",13.0,oracle: no accidentals,"no MM loss, DREAM",False,1242553630.827767,0.050868660218822005,0.9969661030548177,10.211843914211238,0.0,2010.066762599834,270.7550894145448,397.1373100639474,15.584703789505339,0.0,0.0,10696.771974550355
ringCFRP,"nTOF 5 ns, no veto, strict",13.0,oracle: no accidentals,"no MM loss, DREAM",False,1543939525.4832668,0.0421990471549826,0.9961949958466924,12.817239964411407,0.0,2495.683963710661,336.1675081234346,493.082734643027,19.349852477707177,0.0,0.0,10688.498515755744
ringCFRP,"nTOF 5 ns, no veto, strict",13.0,oracle: no accidentals,"no MM loss, DREAM",False,1918427663.1677406,0.03514050140904975,0.9952178871482318,16.124467586654827,0.0,3097.9795624160943,417.29645454238556,612.0807989778928,24.019646871703447,0.0,0.0,10678.014800301667
ringCFRP,"nTOF 5 ns, no veto, strict",13.0,oracle: no accidentals,"no MM loss, DREAM",False,2383749258.3495045,0.029381543790560564,0.993974676873124,20.341770866186813,0.0,3844.5971373795132,517.865506291805,759.5931606986209,29.808416661018224,0.0,0.0,10664.675994911497
ringCFRP,"nTOF 5 ns, no veto, strict",13.0,oracle: no accidentals,"no MM loss, DREAM",False,2961936295.9451737,0.02467189843191926,0.992385350761288,25.748580633786656,0.0,4769.4797095702,642.4467730391609,942.3260846387985,36.97933316780354,0.0,0.0,10647.62360069326
ringCFRP,"nTOF 5 ns, no veto, strict",13.0,oracle: no accidentals,"no MM loss, DREAM",False,3680364698.807223,0.020810404575699288,0.9903424181466532,32.7240277732571,0.0,5914.134329873393,796.6312358816332,1168.4802927067508,45.85421410740015,0.0,0.0,10625.70431550276
ringCFRP,"nTOF 5 ns, no veto, strict",13.0,oracle: no accidentals,"no MM loss, DREAM",False,4573050519.273256,0.017635341713004706,0.9877001990146874,41.788490061951826,0.0,7329.023049535518,987.2161104398594,1448.025783742913,56.824308236276885,0.0,0.0,10597.355091316671
ringCFRP,"nTOF 5 ns, no veto, strict",13.0,oracle: no accidentals,"no MM loss, DREAM",False,5682260526.681813,0.015016702944169557,0.9842596516298998,53.66466143971506,0.0,9074.981976252771,1222.3959930752121,1792.9822023753954,70.36129775713096,0.0,0.0,10560.440344937693
ringCFRP,"nTOF 5 ns, no veto, strict",13.0,oracle: no accidentals,"no MM loss, DREAM",False,7060513448.737786,0.01285002590820772,0.9797469945069353,69.36801650065601,0.0,11224.452634588632,1511.9287245845526,2217.662124055603,87.02684545817834,0.0,0.0,10512.022586203693
ringCFRP,"nTOF 5 ns, no veto, strict",13.0,oracle: no accidentals,"no MM loss, DREAM",False,8773066621.237415,0.011051460952857382,0.9737839480588676,90.34173220546873,0.0,13862.098668846535,1867.2184597999753,2738.7928996280366,107.47737621184588,0.0,0.0,10448.043131001368
ringCFRP,"nTOF 5 ns, no veto, strict",13.0,oracle: no accidentals,"no MM loss, DREAM",False,10901005783.71244,0.009553823202155087,0.9658472446361338,118.6590967258885,0.0,17084.015720632735,2301.209238451683,3375.360547530719,132.45795089758366,0.0,0.0,10362.88767136991
ringCFRP,"nTOF 5 ns, no veto, strict",13.0,oracle: no accidentals,"no MM loss, DREAM",False,13545084316.226381,0.00830343360345187,0.9552157165310303,157.32868275927478,0.0,20994.141469777514,2827.9014192937243,4147.9004705423595,162.77443227719772,0.0,0.0,10248.818565576992
ringCFRP,"nTOF 5 ns, no veto, strict",13.0,oracle: no accidentals,"no MM loss, DREAM",False,16830493696.995401,0.007257598853107313,0.9409060135190672,210.7564041547099,0.0,25695.557626228976,3461.18006232177,5076.778953886557,199.2260464985694,0.0,0.0,10095.285130815779
ringCFRP,"nTOF 5 ns, no veto, strict",13.0,oracle: no accidentals,"no MM loss, DREAM",False,20912791051.82548,0.006382610101063553,0.9216051516744985,285.44758061068666,0.0,31273.165209450304,4212.481296695239,6178.770247612445,242.4710588812295,0.0,0.0,9888.199937617093
ringCFRP,"nTOF 5 ns, no veto, strict",13.0,oracle: no accidentals,"no MM loss, DREAM",False,25985264452.18819,0.005652157631109527,0.8956232668778483,391.0768139370662,0.0,37763.084072871876,5086.670450435635,7461.010702461267,292.7895184400197,0.0,0.0,9609.431886940927
ringCFRP,"nTOF 5 ns, no veto, strict",13.0,oracle: no accidentals,"no MM loss, DREAM",False,32288084693.086143,0.005046066110760464,0.860916780907967,542.1223305997158,0.0,45104.3474467557,6075.5353270632895,8911.454858358002,349.7087299067789,0.0,0.0,9237.054766675545
ringCFRP,"nTOF 5 ns, no veto, strict",13.0,oracle: no accidentals,"no MM loss, DREAM",False,40119676867.86864,0.004549254600226438,0.8152686509392165,760.3675858191277,0.0,53072.93637315597,7148.900673637494,10485.842351409638,411.4918011703697,0.0,0.0,8747.281206828133
ringCFRP,"nTOF 5 ns, no veto, strict",13.0,oracle: no accidentals,"no MM loss, DREAM",False,49850850159.80715,0.00415082070682675,0.7567367507559052,1078.7365983222912,0.0,61211.40417481091,8245.14862834941,12093.793525434763,474.5919988101578,0.0,0.0,8119.2735066871
ringCFRP,"nTOF 5 ns, no veto, strict",13.0,oracle: no accidentals,"no MM loss, DREAM",False,61942354865.91934,0.0038431490824249585,0.6844344867044478,1547.18193787582,0.0,68791.46261645295,9266.17909326778,13591.41742313439,533.3626663910379,0.0,0.0,7343.519116008841
ringCFRP,"nTOF 5 ns, no veto, strict",13.0,oracle: no accidentals,"no MM loss, DREAM",False,76966697940.67007,0.003620971755243938,0.5995072083756416,2241.7337499660725,0.0,74870.75475002354,10085.05701107042,14792.52863493138,580.4974028656737,0.0,0.0,6432.306861230244
ringCFRP,"nTOF 5 ns, no veto, strict",13.0,oracle: no accidentals,"no MM loss, DREAM",False,95635249979.00363,0.0034803847679956736,0.5058248517132626,3278.4191229774992,0.0,78493.39387843941,10573.02487332303,15508.268622060306,608.5849066258027,0.0,0.0,5427.158537545596
ringCFRP,"nTOF 5 ns, no veto, strict",13.0,oracle: no accidentals,"no MM loss, DREAM",True,118831927096.53209,0.003417944904388825,0.4097122877520586,4834.688410304369,0.0,78999.99729306555,10641.264125559312,15608.360380750757,612.5127682782629,0.0,0.0,4395.9357332474465
ringCFRP,"nTOF 5 ns, no veto, strict",13.0,oracle: no accidentals,"no MM loss, DREAM",False,147655042472.05707,0.00343005904781327,0.31843482538548035,7182.41623123132,0.0,76292.84107917997,10276.611400392263,15073.496187824712,591.5233024105935,0.0,0.0,3416.5902987746335
ringCFRP,"nTOF 5 ns, no veto, strict",13.0,oracle: no accidentals,"no MM loss, DREAM",False,183469309133.68265,0.003512834291141272,0.2380868144633538,10738.75368497896,0.0,70878.36927871393,9547.284482627809,14003.736314041724,549.5431350067252,0.0,0.0,2554.510486021549
ringCFRP,"nTOF 5 ns, no veto, strict",13.0,oracle: no accidentals,"no MM loss, DREAM",False,227970456209.51938,0.0036623704500597853,0.1720854580872206,16144.517664124674,0.0,63655.75707795971,8574.401865688033,12576.7345674268,493.5438648184889,0.0,0.0,1846.3605729971616
ringCFRP,"nTOF 5 ns, no veto, strict",13.0,oracle: no accidentals,"no MM loss, DREAM",False,283265518084.60077,0.003875287418342475,0.12096652804534391,24385.065845817928,0.0,55599.88252725662,7489.279184754374,10985.101687959223,431.0840396156001,0.0,0.0,1297.889028613189
ringCFRP,"nTOF 5 ns, no veto, strict",13.0,oracle: no accidentals,"no MM loss, DREAM",False,351972597984.32916,0.004149234940135578,0.08320114418426024,36976.729800208705,0.0,47517.447076795615,6400.578762562221,9388.221060268057,368.41827908617796,0.0,0.0,892.6920029013087
ringCFRP,"nTOF 5 ns, no veto, strict",13.0,oracle: no accidentals,"no MM loss, DREAM",False,437344829577.312,0.004483230446212435,0.0562942073182074,56254.41964426049,0.0,39948.70006098919,5381.071941619524,7892.832008352127,309.7353126823758,0.0,0.0,603.9987691916729
ringCFRP,"nTOF 5 ns, no veto, strict",13.0,oracle: no accidentals,"no MM loss, DREAM",False,543424405915.04,0.00487780088318165,0.0376322093065797,85815.3740087812,0.0,33182.859023593104,4469.7161950693935,6556.076453807058,257.27753843495924,0.0,0.0,403.76815281642627
ringCFRP,"nTOF 5 ns, no veto, strict",13.0,oracle: no accidentals,"no MM loss, DREAM",False,675233968650.1553,0.005334982530101035,0.024938422400846382,131203.91756074494,0.0,27323.61804696922,3680.479069196381,5398.441670839347,211.84893041504034,0.0,0.0,267.5724049288009
ringCFRP,"nTOF 5 ns, no veto, strict",13.0,oracle: no accidentals,"no MM loss, DREAM",False,839014419404.4929,0.005858249537507182,0.016423453705986232,200968.23094068162,0.0,22358.81911638967,3011.722884881564,4417.52554955166,173.35522356549376,0.0,0.0,176.21255004480236
ringCFRP,"nTOF 5 ns, no veto, strict",13.0,oracle: no accidentals,"no MM loss, DREAM",False,1042520413147.9037,0.006452425980365939,0.010767643641064065,308291.3751876331,0.0,18214.623075039388,2453.5015408920167,3598.73937843424,141.223918799005,0.0,0.0,115.52953343023171
ringCFRP,"nTOF 5 ns, no veto, strict",13.0,oracle: no accidentals,"no MM loss, DREAM",False,1295387524568.9966,0.007123613636198369,0.00703701934402749,473508.7934555755,0.0,14791.19975282435,1992.3679581888732,2922.3592926125198,114.68100021763483,0.0,0.0,75.5024579801818
ringCFRP,"nTOF 5 ns, no veto, strict",13.0,oracle: no accidentals,"no MM loss, DREAM",False,1609588471982.2002,0.007879150304955462,0.0045883703162878904,727994.3099410735,0.0,11983.626413915723,1614.1890914178537,2367.6552676679503,92.91296759885245,0.0,0.0,49.230110088736254
ringCFRP,"nTOF 5 ns, no veto, strict",13.0,oracle: no accidentals,"no MM loss, DREAM",False,2000000000000.0002,0.008727603247877226,0.0029867925165031565,1120158.7943658223,0.0,9692.816642013322,1305.618044841811,1915.0503852784577,75.15157161067813,0.0,0.0,32.04626354540259
ringCFRP,"nTOF 5 ns, no veto, strict",13.0,oracle: no accidentals,"no MM loss, no dead time",False,1000000000.0,0.06146247397660648,1.0,8.151463574098505,0.0,1622.6129850762732,218.56523973924845,320.58644427041406,12.58064816947232,0.0,0.0,10729.32363675578
ringCFRP,"nTOF 5 ns, no veto, strict",13.0,oracle: no accidentals,"no MM loss, no dead time",False,1242553630.827767,0.05079143646568005,1.0,10.211843914211238,0.0,2016.1836560348042,271.5790322107445,398.3458503223666,15.632130061144535,0.0,0.0,10729.323636755778
ringCFRP,"nTOF 5 ns, no veto, strict",13.0,oracle: no accidentals,"no MM loss, no dead time",False,1543939525.4832668,0.042118686864472676,1.0,12.817239964411407,0.0,2505.216322221648,337.4515125301517,494.9660826432308,19.423759965047026,0.0,0.0,10729.323636755777
ringCFRP,"nTOF 5 ns, no veto, strict",13.0,oracle: no accidentals,"no MM loss, no dead time",False,1918427663.1677406,0.03505637779466723,1.0,16.124467586654827,0.0,3112.865637185507,419.30160212266327,615.0219031249454,24.1350634688963,0.0,0.0,10729.323636755777
ringCFRP,"nTOF 5 ns, no veto, strict",13.0,oracle: no accidentals,"no MM loss, no dead time",False,2383749258.3495045,0.02929289340434385,1.0,20.341770866186813,0.0,3867.9024997638417,521.0047281294152,764.1976987665042,29.9891107435357,0.0,0.0,10729.323636755777
ringCFRP,"nTOF 5 ns, no veto, strict",13.0,oracle: no accidentals,"no MM loss, no dead time",False,2961936295.9451737,0.024577785003060557,1.0,25.748580633786656,0.0,4806.076294769357,647.3763166156384,949.556625272544,37.263078439676285,0.0,0.0,10729.323636755777
ringCFRP,"nTOF 5 ns, no veto, strict",13.0,oracle: no accidentals,"no MM loss, no dead time",False,3680364698.807223,0.020709671683811073,1.0,32.7240277732571,0.0,5971.807550100926,804.3997927226675,1179.8750324089608,46.30137341103964,0.0,0.0,10729.323636755777
ringCFRP,"nTOF 5 ns, no veto, strict",13.0,oracle: no accidentals,"no MM loss, no dead time",False,4573050519.273256,0.01752655055388387,1.0,41.788490061951826,0.0,7420.29115398258,999.509883084654,1466.058005442784,57.53193964419955,0.0,0.0,10729.323636755778
ringCFRP,"nTOF 5 ns, no veto, strict",13.0,oracle: no accidentals,"no MM loss, no dead time",False,5682260526.681813,0.014898050115165526,1.0,53.66466143971506,0.0,9220.109715180251,1241.9446342750787,1821.6556976670524,71.48652049346438,0.0,0.0,10729.323636755777
ringCFRP,"nTOF 5 ns, no veto, strict",13.0,oracle: no accidentals,"no MM loss, no dead time",False,7060513448.737786,0.012719234468189785,1.0,69.36801650065601,0.0,11456.48080322759,1543.182814605562,2263.504901254285,88.82583559439774,0.0,0.0,10729.323636755777
ringCFRP,"nTOF 5 ns, no veto, strict",13.0,oracle: no accidentals,"no MM loss, no dead time",False,8773066621.237415,0.010905636029835252,1.0,90.34173220546873,0.0,14235.291818559055,1917.4874093191538,2812.526233449958,110.37086452912924,0.0,0.0,10729.323636755777
ringCFRP,"nTOF 5 ns, no veto, strict",13.0,oracle: no accidentals,"no MM loss, no dead time",False,10901005783.71244,0.009389261241737728,1.0,118.6590967258885,0.0,17688.113535043358,2382.580942516043,3494.714683171589,137.1417184582691,0.0,0.0,10729.323636755777
ringCFRP,"nTOF 5 ns, no veto, strict",13.0,oracle: no accidentals,"no MM loss, no dead time",False,13545084316.226381,0.008115372276387521,1.0,157.32868275927478,0.0,21978.4296954619,2960.484600864352,4342.370418281968,170.40594020828172,0.0,0.0,10729.323636755777
ringCFRP,"nTOF 5 ns, no veto, strict",13.0,oracle: no accidentals,"no MM loss, no dead time",False,16830493696.995401,0.007039893384235427,1.0,210.7564041547099,0.0,27309.377617989103,3678.5608898137093,5395.628129635369,211.73851972042064,0.0,0.0,10729.323636755777
ringCFRP,"nTOF 5 ns, no veto, strict",13.0,oracle: no accidentals,"no MM loss, no dead time",False,20912791051.82548,0.006127322822585452,1.0,285.44758061068666,0.0,33933.36631487892,4570.8091898590465,6704.357323074863,263.0964664647055,0.0,0.0,10729.323636755778
ringCFRP,"nTOF 5 ns, no veto, strict",13.0,oracle: no accidentals,"no MM loss, no dead time",False,25985264452.18819,0.005349053589618237,1.0,391.0768139370662,0.0,42164.027520761454,5679.475554680283,8330.523534153399,326.9114696636756,0.0,0.0,10729.323636755778
ringCFRP,"nTOF 5 ns, no veto, strict",13.0,oracle: no accidentals,"no MM loss, no dead time",False,32288084693.086143,0.004682022782994365,1.0,542.1223305997158,0.0,52391.06548624403,7057.052971665529,10351.12226405847,406.20503358984143,0.0,0.0,10729.323636755777
ringCFRP,"nTOF 5 ns, no veto, strict",13.0,oracle: no accidentals,"no MM loss, no dead time",False,40119676867.86864,0.0041076233541224826,1.0,760.3675858191277,0.0,65098.70864286783,8768.76679288689,12861.824552347987,504.73153934757266,0.0,0.0,10729.323636755777
ringCFRP,"nTOF 5 ns, no veto, strict",13.0,oracle: no accidentals,"no MM loss, no dead time",False,49850850159.80715,0.003610824558109324,1.0,1078.7365983222912,0.0,80888.63678639467,10895.6630163836,15981.506796589774,627.1560068096169,0.0,0.0,10729.323636755777
ringCFRP,"nTOF 5 ns, no veto, strict",13.0,oracle: no accidentals,"no MM loss, no dead time",False,61942354865.91934,0.0031794585970575462,1.0,1547.18193787582,0.0,100508.4693316432,13538.445641283262,19857.87929620126,779.2749733567332,0.0,0.0,10729.323636755777
ringCFRP,"nTOF 5 ns, no veto, strict",13.0,oracle: no accidentals,"no MM loss, no dead time",False,76966697940.67007,0.0028036406091540424,1.0,2241.7337499660725,0.0,124887.16349697452,16822.24478734087,24674.480020034418,968.2909475576204,0.0,0.0,10729.32363675578
ringCFRP,"nTOF 5 ns, no veto, strict",13.0,oracle: no accidentals,"no MM loss, no dead time",False,95635249979.00363,0.002475297143893185,1.0,3278.4191229774992,0.0,155178.99844694667,20902.541339183885,30659.36473768096,1203.15343258538,0.0,0.0,10729.323636755778
ringCFRP,"nTOF 5 ns, no veto, strict",13.0,oracle: no accidentals,"no MM loss, no dead time",False,118831927096.53209,0.002187784556816898,1.0,4834.688410304369,0.0,192818.22794846998,25972.52863453043,38095.90497367829,1494.982666101855,0.0,0.0,10729.323636755777
ringCFRP,"nTOF 5 ns, no veto, strict",13.0,oracle: no accidentals,"no MM loss, no dead time",False,147655042472.05707,0.001935583339989638,1.0,7182.41623123132,0.0,239586.98922714838,32272.25975661406,47336.20504471374,1857.5961397894428,0.0,0.0,10729.32363675578
ringCFRP,"nTOF 5 ns, no veto, strict",13.0,oracle: no accidentals,"no MM loss, no dead time",False,183469309133.68265,0.0017140572986516693,1.0,10738.75368497896,0.0,297699.68336328625,40100.01353559762,58817.773447916705,2308.1628281070157,0.0,0.0,10729.323636755777
ringCFRP,"nTOF 5 ns, no veto, strict",13.0,oracle: no accidentals,"no MM loss, no dead time",False,227970456209.51938,0.0015192678840787134,1.0,16144.517664124674,0.0,369907.822459328,49826.41741489943,73084.23795491393,2868.0161026060596,0.0,0.0,10729.323636755777
ringCFRP,"nTOF 5 ns, no veto, strict",13.0,oracle: no accidentals,"no MM loss, no dead time",False,283265518084.60077,0.0013478343684095477,1.0,24385.065845817928,0.0,459630.30786843103,61911.995870023165,90811.08522715881,3563.6638215656603,0.0,0.0,10729.323636755777
ringCFRP,"nTOF 5 ns, no veto, strict",13.0,oracle: no accidentals,"no MM loss, no dead time",False,351972597984.32916,0.001196830575899066,1.0,36976.729800208705,0.0,571115.3078804035,76928.97526009103,112837.64366841599,4428.043420535968,0.0,0.0,10729.323636755777
ringCFRP,"nTOF 5 ns, no veto, strict",13.0,oracle: no accidentals,"no MM loss, no dead time",False,437344829577.312,0.0010637092039163865,1.0,56254.41964426049,0.0,709641.399428116,95588.37752528596,140206.82383424064,5502.081429649996,0.0,0.0,10729.323636755778
ringCFRP,"nTOF 5 ns, no veto, strict",13.0,oracle: no accidentals,"no MM loss, no dead time",False,543424405915.04,0.0009462457148596095,1.0,85815.3740087812,0.0,881767.4974451032,118773.68555897936,174214.49802206477,6836.631257521632,0.0,0.0,10729.323636755777
ringCFRP,"nTOF 5 ns, no veto, strict",13.0,oracle: no accidentals,"no MM loss, no dead time",False,675233968650.1553,0.0008424953061639529,1.0,131203.91756074494,0.0,1095643.405496327,147582.67423810536,216470.85706015347,8494.880991664108,0.0,0.0,10729.323636755777
ringCFRP,"nTOF 5 ns, no veto, strict",13.0,oracle: no accidentals,"no MM loss, no dead time",False,839014419404.4929,0.0007507582481385349,1.0,200968.23094068162,0.0,1361395.6915919604,183379.38772182935,268976.64940849226,10555.345219642017,0.0,0.0,10729.323636755777
ringCFRP,"nTOF 5 ns, no veto, strict",13.0,oracle: no accidentals,"no MM loss, no dead time",False,1042520413147.9037,0.0006695505454681022,1.0,308291.3751876331,0.0,1691607.1595808691,227858.72403273184,334217.9123304094,13115.582527306704,0.0,0.0,10729.323636755777
ringCFRP,"nTOF 5 ns, no veto, strict",13.0,oracle: no accidentals,"no MM loss, no dead time",False,1295387524568.9966,0.0005975781769192608,1.0,473508.7934555755,0.0,2101912.6180714634,283126.68486265425,415283.68045382824,16296.814689726229,0.0,0.0,10729.323636755777
ringCFRP,"nTOF 5 ns, no veto, strict",13.0,oracle: no accidentals,"no MM loss, no dead time",False,1609588471982.2002,0.0005337140257889303,1.0,727994.3099410735,0.0,2611739.1552673955,351800.09026032017,516012.2449714225,20249.66626364662,0.0,0.0,10729.32363675578
ringCFRP,"nTOF 5 ns, no veto, strict",13.0,oracle: no accidentals,"no MM loss, no dead time",True,2000000000000.0002,0.0004769770931183432,1.0,1120158.7943658223,0.0,3245225.970152546,437130.4794784968,641172.888540828,25161.29633894465,0.0,0.0,10729.323636755777
ringCFRP,"nTOF 5 ns, no veto, strict",13.0,oracle: IPC only,MM occ + DREAM,False,1000000000.0,0.021185766485469527,0.9975767502584543,8.151463574098505,0.011601140715263488,1581.5562515157621,213.0349161832948,312.47469344222543,0.0,0.0,0.0,0.0
ringCFRP,"nTOF 5 ns, no veto, strict",13.0,oracle: IPC only,MM occ + DREAM,False,1242553630.827767,0.0190652117681264,0.9969661030548177,10.211843914211238,0.014415039517494486,1952.9437657636488,263.06064741700436,385.8512803019448,0.0,0.0,0.0,0.0
ringCFRP,"nTOF 5 ns, no veto, strict",13.0,oracle: IPC only,MM occ + DREAM,False,1543939525.4832668,0.017170010334294224,0.9961949958466924,12.817239964411407,0.017911459690988518,2407.8636594297845,324.33815261126887,475.73170926415094,0.0,0.0,0.0,0.0
ringCFRP,"nTOF 5 ns, no veto, strict",13.0,oracle: IPC only,MM occ + DREAM,False,1918427663.1677406,0.015477929509372317,0.9952178871482318,16.124467586654827,0.022255949272463067,2963.1066041729027,399.12912769125785,585.4333836613042,0.0,0.0,0.0,0.0
ringCFRP,"nTOF 5 ns, no veto, strict",13.0,oracle: IPC only,MM occ + DREAM,False,2383749258.3495045,0.013969187755046783,0.993974676873124,20.341770866186813,0.027654210576017583,3637.7319638762137,490.0008604050199,718.7219418517634,0.0,0.0,0.0,0.0
ringCFRP,"nTOF 5 ns, no veto, strict",13.0,oracle: IPC only,MM occ + DREAM,False,2961936295.9451737,0.01262624340525841,0.992385350761288,25.748580633786656,0.03436183975890628,4452.712868827101,599.7784219750251,879.7411330387538,0.0,0.0,0.0,0.0
ringCFRP,"nTOF 5 ns, no veto, strict",13.0,oracle: IPC only,MM occ + DREAM,False,3680364698.807223,0.011433619462006035,0.9903424181466532,32.7240277732571,0.042696428754350924,5430.0713701931245,731.4281727948214,1072.8419461175208,0.0,0.0,0.0,0.0
ringCFRP,"nTOF 5 ns, no veto, strict",13.0,oracle: IPC only,MM occ + DREAM,False,4573050519.273256,0.010377766896771636,0.9877001990146874,41.788490061951826,0.05305260257209782,6591.210511339108,887.8330931851681,1302.2530700188222,0.0,0.0,0.0,0.0
ringCFRP,"nTOF 5 ns, no veto, strict",13.0,oracle: IPC only,MM occ + DREAM,False,5682260526.681813,0.009446971715025971,0.9842596516298998,53.66466143971506,0.06592070395082295,7954.040083281384,1071.4056239456681,1571.513017174371,0.0,0.0,0.0,0.0
ringCFRP,"nTOF 5 ns, no veto, strict",13.0,oracle: IPC only,MM occ + DREAM,False,7060513448.737786,0.008631315312667859,0.9797469945069353,69.36801650065601,0.08191001004081737,9528.379386207404,1283.4684203978807,1882.5618278533332,0.0,0.0,0.0,0.0
ringCFRP,"nTOF 5 ns, no veto, strict",13.0,oracle: IPC only,MM occ + DREAM,False,8773066621.237415,0.007922704378444447,0.9737839480588676,90.34173220546873,0.10177758037735649,11309.049440385279,1523.323876299827,2234.3762693363437,0.0,0.0,0.0,0.0
ringCFRP,"nTOF 5 ns, no veto, strict",13.0,oracle: IPC only,MM occ + DREAM,False,10901005783.71244,0.007314997518517857,0.9658472446361338,118.6590967258885,0.12646410203474917,13266.141920456106,1786.943353669197,2621.047228502113,0.0,0.0,0.0,0.0
ringCFRP,"nTOF 5 ns, no veto, strict",13.0,oracle: IPC only,MM occ + DREAM,False,13545084316.226381,0.006804274028628044,0.9552157165310303,157.32868275927478,0.1571384291526508,15332.374340695656,2065.2639319218342,3029.2814228129096,0.0,0.0,0.0,0.0
ringCFRP,"nTOF 5 ns, no veto, strict",13.0,oracle: IPC only,MM occ + DREAM,False,16830493696.995401,0.006389321584889267,0.9409060135190672,210.7564041547099,0.1952529256861989,17388.555685029005,2342.230634767776,3435.5297839549235,0.0,0.0,0.0,0.0
ringCFRP,"nTOF 5 ns, no veto, strict",13.0,oracle: IPC only,MM occ + DREAM,False,20912791051.82548,0.0060724750147863795,0.9216051516744985,285.44758061068666,0.24261223174113059,19250.47863894148,2593.030819741497,3803.397701191028,0.0,0.0,0.0,0.0
ringCFRP,"nTOF 5 ns, no veto, strict",13.0,oracle: IPC only,MM occ + DREAM,False,25985264452.18819,0.005861039239123813,0.8956232668778483,391.0768139370662,0.30145870943316944,20664.445085466625,2783.491464522725,4082.760974860294,0.0,0.0,0.0,0.0
ringCFRP,"nTOF 5 ns, no veto, strict",13.0,oracle: IPC only,MM occ + DREAM,True,32288084693.086143,0.005769719841189277,0.860916780907967,542.1223305997158,0.3745786139508375,21323.748606787267,2872.299352493377,4213.022333261302,0.0,0.0,0.0,0.0
ringCFRP,"nTOF 5 ns, no veto, strict",13.0,oracle: IPC only,MM occ + DREAM,False,40119676867.86864,0.005824858363274888,0.8152686509392165,760.3675858191277,0.4654340167950456,20921.955122085514,2818.1779507067527,4133.63831145434,0.0,0.0,0.0,0.0
ringCFRP,"nTOF 5 ns, no veto, strict",13.0,oracle: IPC only,MM occ + DREAM,False,49850850159.80715,0.0060720374020367665,0.7567367507559052,1078.7365983222912,0.5783267274794381,19253.253509351358,2593.4045935384274,3803.945943961298,0.0,0.0,0.0,0.0
ringCFRP,"nTOF 5 ns, no veto, strict",13.0,oracle: IPC only,MM occ + DREAM,False,61942354865.91934,0.006590283591143437,0.6844344867044478,1547.18193787582,0.7186019750343164,16344.242543138149,2201.562123964818,3229.200462087753,0.0,0.0,0.0,0.0
ringCFRP,"nTOF 5 ns, no veto, strict",13.0,oracle: IPC only,MM occ + DREAM,False,76966697940.67007,0.007519909057659464,0.5995072083756416,2241.7337499660725,0.8929014931988941,12553.008658622644,1690.8846238474732,2480.1505027857174,0.0,0.0,0.0,0.0
ringCFRP,"nTOF 5 ns, no veto, strict",13.0,oracle: IPC only,MM occ + DREAM,False,95635249979.00363,0.009120320889527099,0.5058248517132626,3278.4191229774992,1.109477992345821,8534.002537798173,1149.5263058809642,1686.0986286627067,0.0,0.0,0.0,0.0
ringCFRP,"nTOF 5 ns, no veto, strict",13.0,oracle: IPC only,MM occ + DREAM,False,118831927096.53209,0.01189830827687691,0.4097122877520586,4834.688410304369,1.378585907712801,5014.210607667235,675.411915008406,990.6785933057654,0.0,0.0,0.0,0.0
ringCFRP,"nTOF 5 ns, no veto, strict",13.0,oracle: IPC only,MM occ + DREAM,False,147655042472.05707,0.016915182659861687,0.31843482538548035,7182.41623123132,1.7129669250365411,2480.9591956877766,334.18408848940805,490.1735005455682,0.0,0.0,0.0,0.0
ringCFRP,"nTOF 5 ns, no veto, strict",13.0,oracle: IPC only,MM occ + DREAM,False,183469309133.68265,0.02658919292887392,0.2380868144633538,10738.75368497896,2.1284532721920293,1004.0670027584118,135.24737395211045,198.3777235755576,0.0,0.0,0.0,0.0
ringCFRP,"nTOF 5 ns, no veto, strict",13.0,oracle: IPC only,MM occ + DREAM,False,227970456209.51938,0.04701688000399512,0.1720854580872206,16144.517664124674,2.6447173414094474,321.11854886661644,43.25452419231838,63.44473680246349,0.0,0.0,0.0,0.0
ringCFRP,"nTOF 5 ns, no veto, strict",13.0,oracle: IPC only,MM occ + DREAM,False,283265518084.60077,0.09554972768005904,0.12096652804534391,24385.065845817928,3.2862031350814687,77.75245275535136,10.473220437089703,15.361877780714138,0.0,0.0,0.0,0.0
ringCFRP,"nTOF 5 ns, no veto, strict",13.0,oracle: IPC only,MM occ + DREAM,False,351972597984.32916,0.22935462618357352,0.08320114418426024,36976.729800208705,4.083283637133069,13.49453724718994,1.8177081015185177,2.666172249908333,0.0,0.0,0.0,0.0
ringCFRP,"nTOF 5 ns, no veto, strict",13.0,oracle: IPC only,MM occ + DREAM,False,437344829577.312,0.6734643570971733,0.0562942073182074,56254.41964426049,5.073698909019327,1.5651060628379503,0.21081908316261133,0.3092245607585225,0.0,0.0,0.0,0.0
ringCFRP,"nTOF 5 ns, no veto, strict",13.0,oracle: IPC only,MM occ + DREAM,False,543424405915.04,2.5297114070571123,0.0376322093065797,85815.3740087812,6.304343001128844,0.110925411151827,0.01494160302213662,0.021915998126149805,0.0,0.0,0.0,0.0
ringCFRP,"nTOF 5 ns, no veto, strict",13.0,oracle: IPC only,MM occ + DREAM,False,675233968650.1553,12.863418500611296,0.024938422400846382,131203.91756074494,7.833484286036267,0.004290028790540327,0.0005778649497548852,0.0008475989582398045,0.0,0.0,0.0,0.0
ringCFRP,"nTOF 5 ns, no veto, strict",13.0,oracle: IPC only,MM occ + DREAM,False,839014419404.4929,95.0775500749848,0.016423453705986232,200968.23094068162,9.733524341646621,7.8526644550174e-05,1.057750372385979e-05,1.5514838096555474e-05,0.0,0.0,0.0,0.0
ringCFRP,"nTOF 5 ns, no veto, strict",13.0,oracle: IPC only,MM occ + DREAM,False,1042520413147.9037,1116.6546709995785,0.010767643641064065,308291.3751876331,12.094426011463462,5.692921973319093e-07,7.668340308868132e-08,1.12477444080696e-07,0.0,0.0,0.0,0.0
ringCFRP,"nTOF 5 ns, no veto, strict",13.0,oracle: IPC only,MM occ + DREAM,False,1295387524568.9966,23288.983295904014,0.00703701934402749,473508.7934555755,15.027972953321772,1.3087959624127674e-09,1.7629422784451608e-10,2.585843005845664e-10,0.0,0.0,0.0,0.0
ringCFRP,"nTOF 5 ns, no veto, strict",13.0,oracle: IPC only,MM occ + DREAM,False,1609588471982.2002,990604.5394653077,0.0045883703162878904,727994.3099410735,18.67306235713145,7.233897948238222e-13,9.744028020530253e-14,1.4292315190191354e-13,0.0,0.0,0.0,0.0
ringCFRP,"nTOF 5 ns, no veto, strict",13.0,oracle: IPC only,MM occ + DREAM,False,2000000000000.0002,102090256.93990771,0.0029867925165031565,1120158.7943658223,23.20228143052698,6.810898553382826e-17,9.17424973700579e-18,1.3456577567157024e-17,0.0,0.0,0.0,0.0
ringCFRP,"nTOF 5 ns, no veto, strict",13.0,oracle: IPC only,"MM occ ÷10, DAQ 10 µs",False,1000000000.0,0.02094115157016593,0.9999184920083534,8.151463574098505,0.001160114071526349,1618.720567604514,218.04093285541052,319.817403045942,0.0,0.0,0.0,0.0
ringCFRP,"nTOF 5 ns, no veto, strict",13.0,oracle: IPC only,"MM occ ÷10, DAQ 10 µs",False,1242553630.827767,0.018791855684738804,0.9998978919879687,10.211843914211238,0.0014415039517494486,2010.174077725595,270.7695447137475,397.15851276286617,0.0,0.0,0.0,0.0
ringCFRP,"nTOF 5 ns, no veto, strict",13.0,oracle: IPC only,"MM occ ÷10, DAQ 10 µs",False,1543939525.4832668,0.016864349796778928,0.9998718440264146,12.817239964411407,0.0017911459690988518,2495.9380509298976,336.20173355765576,493.13293571925334,0.0,0.0,0.0,0.0
ringCFRP,"nTOF 5 ns, no veto, strict",13.0,oracle: IPC only,"MM occ ÷10, DAQ 10 µs",False,1918427663.1677406,0.015135887447703623,0.9998387813197873,16.124467586654827,0.0022255949272463067,3098.5408500690814,417.372059736949,612.1916949306178,0.0,0.0,0.0,0.0
ringCFRP,"nTOF 5 ns, no veto, strict",13.0,oracle: IPC only,"MM occ ÷10, DAQ 10 µs",False,2383749258.3495045,0.013586072188027865,0.9997966236616869,20.341770866186813,0.0027654210576017585,3845.78649171054,518.0257117855899,759.828146415775,0.0,0.0,0.0,0.0
ringCFRP,"nTOF 5 ns, no veto, strict",13.0,oracle: IPC only,"MM occ ÷10, DAQ 10 µs",False,2961936295.9451737,0.01219661719334052,0.9997425804755361,25.748580633786656,0.0034361839758906285,4771.931699989737,642.7770550465241,942.8105346568955,0.0,0.0,0.0,0.0
ringCFRP,"nTOF 5 ns, no veto, strict",13.0,oracle: IPC only,"MM occ ÷10, DAQ 10 µs",False,3680364698.807223,0.0109511299108741,0.9996728667734354,32.7240277732571,0.004269642875435092,5919.0927253161935,797.2991295190224,1169.4599436641354,0.0,0.0,0.0,0.0
ringCFRP,"nTOF 5 ns, no veto, strict",13.0,oracle: IPC only,"MM occ ÷10, DAQ 10 µs",False,4573050519.273256,0.009834919247793806,0.9995822896542268,41.788490061951826,0.005305260257209782,7338.907410308997,988.5475293931122,1449.978678304586,0.0,0.0,0.0,0.0
ringCFRP,"nTOF 5 ns, no veto, strict",13.0,oracle: IPC only,"MM occ ÷10, DAQ 10 µs",False,5682260526.681813,0.008834823099942796,0.9994636412207257,53.66466143971506,0.006592070395082295,9094.467792184047,1225.020723722449,1796.8320966512147,0.0,0.0,0.0,0.0
ringCFRP,"nTOF 5 ns, no veto, strict",13.0,oracle: IPC only,"MM occ ÷10, DAQ 10 µs",False,7060513448.737786,0.007939054290619757,0.9993068006936027,69.36801650065601,0.008191001004081737,11262.517054482463,1517.0559848346236,2225.1826709384486,0.0,0.0,0.0,0.0
ringCFRP,"nTOF 5 ns, no veto, strict",13.0,oracle: IPC only,"MM occ ÷10, DAQ 10 µs",False,8773066621.237415,0.007137063250426748,0.9990973981041329,90.34173220546873,0.01017775803773565,13935.864471977839,1877.1546803246706,2753.367118343231,0.0,0.0,0.0,0.0
ringCFRP,"nTOF 5 ns, no veto, strict",13.0,oracle: IPC only,"MM occ ÷10, DAQ 10 µs",False,10901005783.71244,0.006419416030676377,0.998814815362127,118.6590967258885,0.012646410203474918,17225.90153641265,2320.321194060788,3403.3935224863285,0.0,0.0,0.0,0.0
ringCFRP,"nTOF 5 ns, no veto, strict",13.0,oracle: IPC only,"MM occ ÷10, DAQ 10 µs",False,13545084316.226381,0.005777686516873387,0.9984291845157172,157.32868275927478,0.01571384291526508,21264.983816323114,2864.3837616321216,4201.4119274550685,0.0,0.0,0.0,0.0
ringCFRP,"nTOF 5 ns, no veto, strict",13.0,oracle: IPC only,"MM occ ÷10, DAQ 10 µs",False,16830493696.995401,0.0052043620131569,0.9978968684428973,210.7564041547099,0.01952529256861989,26208.24915136212,3530.2393803067916,5178.073566071783,0.0,0.0,0.0,0.0
ringCFRP,"nTOF 5 ns, no veto, strict",13.0,oracle: IPC only,"MM occ ÷10, DAQ 10 µs",False,20912791051.82548,0.004692761729383987,0.9971536490338616,285.44758061068666,0.02426122317411306,32234.133301534872,4341.923266752168,6368.63273887325,0.0,0.0,0.0,0.0
ringCFRP,"nTOF 5 ns, no veto, strict",13.0,oracle: IPC only,"MM occ ÷10, DAQ 10 µs",False,25985264452.18819,0.004236968159165663,0.9961044663893597,391.0768139370662,0.030145870943316944,39542.36173568138,5326.338351846128,7812.550043349173,0.0,0.0,0.0,0.0
ringCFRP,"nTOF 5 ns, no veto, strict",13.0,oracle: IPC only,"MM occ ÷10, DAQ 10 µs",False,32288084693.086143,0.003831771950529634,0.99460800788731,542.1223305997158,0.03745786139508375,48347.463854831374,6512.38164947826,9552.210951882758,0.0,0.0,0.0,0.0
ringCFRP,"nTOF 5 ns, no veto, strict",13.0,oracle: IPC only,"MM occ ÷10, DAQ 10 µs",False,40119676867.86864,0.003472631736597847,0.9924537037325563,760.3675858191277,0.04654340167950456,58864.782729183986,7929.059774409543,11630.161696883315,0.0,0.0,0.0,0.0
ringCFRP,"nTOF 5 ns, no veto, strict",13.0,oracle: IPC only,"MM occ ÷10, DAQ 10 µs",False,49850850159.80715,0.003155651663632358,0.9893277593821824,1078.7365983222912,0.05783267274794382,71284.46427211164,9601.985295702287,14083.970202939927,0.0,0.0,0.0,0.0
ringCFRP,"nTOF 5 ns, no veto, strict",13.0,oracle: IPC only,"MM occ ÷10, DAQ 10 µs",False,61942354865.91934,0.002877581271278159,0.9847639106437995,1547.18193787582,0.07186019750343164,85727.03611163072,11547.393230674175,16937.449618386483,0.0,0.0,0.0,0.0
ringCFRP,"nTOF 5 ns, no veto, strict",13.0,oracle: IPC only,"MM occ ÷10, DAQ 10 µs",False,76966697940.67007,0.0026358453365577334,0.9780741809851515,2241.7337499660725,0.08929014931988942,102172.29723832723,13762.562512437324,20186.608745174977,0.0,0.0,0.0,0.0
ringCFRP,"nTOF 5 ns, no veto, strict",13.0,oracle: IPC only,"MM occ ÷10, DAQ 10 µs",False,95635249979.00363,0.0024286159234050185,0.968256493943098,3278.4191229774992,0.11094779923458209,120352.55901556506,16211.435601960577,23778.5592180698,0.0,0.0,0.0,0.0
ringCFRP,"nTOF 5 ns, no veto, strict",13.0,oracle: IPC only,"MM occ ÷10, DAQ 10 µs",False,118831927096.53209,0.0022549462207216396,0.9538827416419434,4834.688410304369,0.13785859077128013,139604.88911837657,18804.71581305315,27582.322720733046,0.0,0.0,0.0,0.0
ringCFRP,"nTOF 5 ns, no veto, strict",13.0,oracle: IPC only,"MM occ ÷10, DAQ 10 µs",False,147655042472.05707,0.002114997544896067,0.9329888569060036,7182.41623123132,0.17129669250365412,158691.35563526727,21375.65427367644,31353.315859955757,0.0,0.0,0.0,0.0
ringCFRP,"nTOF 5 ns, no veto, strict",13.0,oracle: IPC only,"MM occ ÷10, DAQ 10 µs",False,183469309133.68265,0.002010410218926189,0.9030262367271377,10738.75368497896,0.21284532721920293,175631.99685782293,23657.551031682742,34700.349307333614,0.0,0.0,0.0,0.0
ringCFRP,"nTOF 5 ns, no veto, strict",13.0,oracle: IPC only,"MM occ ÷10, DAQ 10 µs",False,227970456209.51938,0.0019449019737386292,0.8609963002230325,16144.517664124674,0.26447173414094477,187662.53180104794,25278.05868091358,37077.27248962788,0.0,0.0,0.0,0.0
ringCFRP,"nTOF 5 ns, no veto, strict",13.0,oracle: IPC only,"MM occ ÷10, DAQ 10 µs",True,283265518084.60077,0.0019252373680463627,0.8039550352769477,24385.065845817928,0.3286203135081469,191515.72557946865,25797.082150889513,37838.56412470665,0.0,0.0,0.0,0.0
ringCFRP,"nTOF 5 ns, no veto, strict",13.0,oracle: IPC only,"MM occ ÷10, DAQ 10 µs",False,351972597984.32916,0.001962830302892565,0.7300510104589141,36976.729800208705,0.4083283637133069,184250.0001987366,24818.39220798573,36403.044326530806,0.0,0.0,0.0,0.0
ringCFRP,"nTOF 5 ns, no veto, strict",13.0,oracle: IPC only,"MM occ ÷10, DAQ 10 µs",False,437344829577.312,0.0020764961480419252,0.6399818976491471,56254.41964426049,0.5073698909019327,164630.67001261492,22175.677250634642,32526.771080116298,0.0,0.0,0.0,0.0
ringCFRP,"nTOF 5 ns, no veto, strict",13.0,oracle: IPC only,"MM occ ÷10, DAQ 10 µs",False,543424405915.04,0.0022974412746994298,0.5381686016748767,85815.3740087812,0.6304343001128845,134488.1956879672,18115.49950788652,26571.396166857587,0.0,0.0,0.0,0.0
ringCFRP,"nTOF 5 ns, no veto, strict",13.0,oracle: IPC only,"MM occ ÷10, DAQ 10 µs",False,675233968650.1553,0.002678880755251112,0.4325186227596107,131203.91756074494,0.7833484286036267,98915.93047775594,13323.931373497115,19543.234724004527,0.0,0.0,0.0,0.0
ringCFRP,"nTOF 5 ns, no veto, strict",13.0,oracle: IPC only,"MM occ ÷10, DAQ 10 µs",False,839014419404.4929,0.003315707682933877,0.332260982122426,200968.23094068162,0.9733524341646622,64568.47572748904,8697.344657520482,12757.064214214473,0.0,0.0,0.0,0.0
ringCFRP,"nTOF 5 ns, no veto, strict",13.0,oracle: IPC only,"MM occ ÷10, DAQ 10 µs",False,1042520413147.9037,0.004387085476899161,0.24492312617195086,308291.3751876331,1.2094426011463462,36882.5392252225,4968.0614552545685,7287.0377684807845,0.0,0.0,0.0,0.0
ringCFRP,"nTOF 5 ns, no veto, strict",13.0,oracle: IPC only,"MM occ ÷10, DAQ 10 µs",False,1295387524568.9966,0.00625468996647191,0.1743652427671906,473508.7934555755,1.5027972953321773,18145.18625871865,2444.1484329448626,3585.020455776489,0.0,0.0,0.0,0.0
ringCFRP,"nTOF 5 ns, no veto, strict",13.0,oracle: IPC only,"MM occ ÷10, DAQ 10 µs",False,1609588471982.2002,0.009707246834919712,0.12077377682355904,727994.3099410735,1.8673062357131451,7533.223619155281,1014.7218353812489,1488.3705456389948,0.0,0.0,0.0,0.0
ringCFRP,"nTOF 5 ns, no veto, strict",13.0,oracle: IPC only,"MM occ ÷10, DAQ 10 µs",False,2000000000000.0002,0.016627788346622385,0.08195654570680287,1120158.7943658223,2.3202281430526983,2567.4620310968467,345.83598153673216,507.26422808082145,0.0,0.0,0.0,0.0
ringCFRP,"nTOF 5 ns, no veto, strict",13.0,oracle: IPC only,"no MM loss, DREAM",False,1000000000.0,0.020941407588893526,0.9975767502584543,8.151463574098505,0.0,1618.680988579558,218.0356015785394,319.8095832521927,0.0,0.0,0.0,0.0
ringCFRP,"nTOF 5 ns, no veto, strict",13.0,oracle: IPC only,"no MM loss, DREAM",False,1242553630.827767,0.01879235731569895,0.9969661030548177,10.211843914211238,0.0,2010.066762599834,270.7550894145448,397.1373100639474,0.0,0.0,0.0,0.0
ringCFRP,"nTOF 5 ns, no veto, strict",13.0,oracle: IPC only,"no MM loss, DREAM",False,1543939525.4832668,0.016865208260179506,0.9961949958466924,12.817239964411407,0.0,2495.683963710661,336.1675081234346,493.082734643027,0.0,0.0,0.0,0.0
ringCFRP,"nTOF 5 ns, no veto, strict",13.0,oracle: IPC only,"no MM loss, DREAM",False,1918427663.1677406,0.015137258535181832,0.9952178871482318,16.124467586654827,0.0,3097.9795624160943,417.29645454238556,612.0807989778928,0.0,0.0,0.0,0.0
ringCFRP,"nTOF 5 ns, no veto, strict",13.0,oracle: IPC only,"no MM loss, DREAM",False,2383749258.3495045,0.01358817350108029,0.993974676873124,20.341770866186813,0.0,3844.5971373795132,517.865506291805,759.5931606986209,0.0,0.0,0.0,0.0
ringCFRP,"nTOF 5 ns, no veto, strict",13.0,oracle: IPC only,"no MM loss, DREAM",False,2961936295.9451737,0.012199751932101217,0.992385350761288,25.748580633786656,0.0,4769.4797095702,642.4467730391609,942.3260846387985,0.0,0.0,0.0,0.0
ringCFRP,"nTOF 5 ns, no veto, strict",13.0,oracle: IPC only,"no MM loss, DREAM",False,3680364698.807223,0.010955719649044652,0.9903424181466532,32.7240277732571,0.0,5914.134329873393,796.6312358816332,1168.4802927067508,0.0,0.0,0.0,0.0
ringCFRP,"nTOF 5 ns, no veto, strict",13.0,oracle: IPC only,"no MM loss, DREAM",False,4573050519.273256,0.009841548994691944,0.9877001990146874,41.788490061951826,0.0,7329.023049535518,987.2161104398594,1448.025783742913,0.0,0.0,0.0,0.0
ringCFRP,"nTOF 5 ns, no veto, strict",13.0,oracle: IPC only,"no MM loss, DREAM",False,5682260526.681813,0.00884430308701311,0.9842596516298998,53.66466143971506,0.0,9074.981976252771,1222.3959930752121,1792.9822023753954,0.0,0.0,0.0,0.0
ringCFRP,"nTOF 5 ns, no veto, strict",13.0,oracle: IPC only,"no MM loss, DREAM",False,7060513448.737786,0.007952504377572153,0.9797469945069353,69.36801650065601,0.0,11224.452634588632,1511.9287245845526,2217.662124055603,0.0,0.0,0.0,0.0
ringCFRP,"nTOF 5 ns, no veto, strict",13.0,oracle: IPC only,"no MM loss, DREAM",False,8773066621.237415,0.0071560276468476056,0.9737839480588676,90.34173220546873,0.0,13862.098668846535,1867.2184597999753,2738.7928996280366,0.0,0.0,0.0,0.0
ringCFRP,"nTOF 5 ns, no veto, strict",13.0,oracle: IPC only,"no MM loss, DREAM",False,10901005783.71244,0.006446018112073765,0.9658472446361338,118.6590967258885,0.0,17084.015720632735,2301.209238451683,3375.360547530719,0.0,0.0,0.0,0.0
ringCFRP,"nTOF 5 ns, no veto, strict",13.0,oracle: IPC only,"no MM loss, DREAM",False,13545084316.226381,0.005814835631090592,0.9552157165310303,157.32868275927478,0.0,20994.141469777514,2827.9014192937243,4147.9004705423595,0.0,0.0,0.0,0.0
ringCFRP,"nTOF 5 ns, no veto, strict",13.0,oracle: IPC only,"no MM loss, DREAM",False,16830493696.995401,0.005256025689476262,0.9409060135190672,210.7564041547099,0.0,25695.557626228976,3461.18006232177,5076.778953886557,0.0,0.0,0.0,0.0
ringCFRP,"nTOF 5 ns, no veto, strict",13.0,oracle: IPC only,"no MM loss, DREAM",False,20912791051.82548,0.004764316264664061,0.9216051516744985,285.44758061068666,0.0,31273.165209450304,4212.481296695239,6178.770247612445,0.0,0.0,0.0,0.0
ringCFRP,"nTOF 5 ns, no veto, strict",13.0,oracle: IPC only,"no MM loss, DREAM",False,25985264452.18819,0.004335635612907665,0.8956232668778483,391.0768139370662,0.0,37763.084072871876,5086.670450435635,7461.010702461267,0.0,0.0,0.0,0.0
ringCFRP,"nTOF 5 ns, no veto, strict",13.0,oracle: IPC only,"no MM loss, DREAM",False,32288084693.086143,0.003967137932891623,0.860916780907967,542.1223305997158,0.0,45104.3474467557,6075.5353270632895,8911.454858358002,0.0,0.0,0.0,0.0
ringCFRP,"nTOF 5 ns, no veto, strict",13.0,oracle: IPC only,"no MM loss, DREAM",False,40119676867.86864,0.0036572103854948536,0.8152686509392165,760.3675858191277,0.0,53072.93637315597,7148.900673637494,10485.842351409638,0.0,0.0,0.0,0.0
ringCFRP,"nTOF 5 ns, no veto, strict",13.0,oracle: IPC only,"no MM loss, DREAM",False,49850850159.80715,0.0034054172495737722,0.7567367507559052,1078.7365983222912,0.0,61211.40417481091,8245.14862834941,12093.793525434763,0.0,0.0,0.0,0.0
ringCFRP,"nTOF 5 ns, no veto, strict",13.0,oracle: IPC only,"no MM loss, DREAM",False,61942354865.91934,0.0032123231756641044,0.6844344867044478,1547.18193787582,0.0,68791.46261645295,9266.17909326778,13591.41742313439,0.0,0.0,0.0,0.0
ringCFRP,"nTOF 5 ns, no veto, strict",13.0,oracle: IPC only,"no MM loss, DREAM",False,76966697940.67007,0.0030791468174590575,0.5995072083756416,2241.7337499660725,0.0,74870.75475002354,10085.05701107042,14792.52863493138,0.0,0.0,0.0,0.0
ringCFRP,"nTOF 5 ns, no veto, strict",13.0,oracle: IPC only,"no MM loss, DREAM",False,95635249979.00363,0.0030072528763895453,0.5058248517132626,3278.4191229774992,0.0,78493.39387843941,10573.02487332303,15508.268622060306,0.0,0.0,0.0,0.0
ringCFRP,"nTOF 5 ns, no veto, strict",13.0,oracle: IPC only,"no MM loss, DREAM",True,118831927096.53209,0.0029975950605421256,0.4097122877520586,4834.688410304369,0.0,78999.99729306555,10641.264125559312,15608.360380750757,0.0,0.0,0.0,0.0
ringCFRP,"nTOF 5 ns, no veto, strict",13.0,oracle: IPC only,"no MM loss, DREAM",False,147655042472.05707,0.003050314426095669,0.31843482538548035,7182.41623123132,0.0,76292.84107917997,10276.611400392263,15073.496187824712,0.0,0.0,0.0,0.0
ringCFRP,"nTOF 5 ns, no veto, strict",13.0,oracle: IPC only,"no MM loss, DREAM",False,183469309133.68265,0.003164678846576798,0.2380868144633538,10738.75368497896,0.0,70878.36927871393,9547.284482627809,14003.736314041724,0.0,0.0,0.0,0.0
ringCFRP,"nTOF 5 ns, no veto, strict",13.0,oracle: IPC only,"no MM loss, DREAM",False,227970456209.51938,0.0033393939714216614,0.1720854580872206,16144.517664124674,0.0,63655.75707795971,8574.401865688033,12576.7345674268,0.0,0.0,0.0,0.0
ringCFRP,"nTOF 5 ns, no veto, strict",13.0,oracle: IPC only,"no MM loss, DREAM",False,283265518084.60077,0.003573136157239965,0.12096652804534391,24385.065845817928,0.0,55599.88252725662,7489.279184754374,10985.101687959223,0.0,0.0,0.0,0.0
ringCFRP,"nTOF 5 ns, no veto, strict",13.0,oracle: IPC only,"no MM loss, DREAM",False,351972597984.32916,0.003865093041384496,0.08320114418426024,36976.729800208705,0.0,47517.447076795615,6400.578762562221,9388.221060268057,0.0,0.0,0.0,0.0
ringCFRP,"nTOF 5 ns, no veto, strict",13.0,oracle: IPC only,"no MM loss, DREAM",False,437344829577.312,0.004215364917079669,0.0562942073182074,56254.41964426049,0.0,39948.70006098919,5381.071941619524,7892.832008352127,0.0,0.0,0.0,0.0
ringCFRP,"nTOF 5 ns, no veto, strict",13.0,oracle: IPC only,"no MM loss, DREAM",False,543424405915.04,0.004625190252201877,0.0376322093065797,85815.3740087812,0.0,33182.859023593104,4469.7161950693935,6556.076453807058,0.0,0.0,0.0,0.0
ringCFRP,"nTOF 5 ns, no veto, strict",13.0,oracle: IPC only,"no MM loss, DREAM",False,675233968650.1553,0.005097032464839503,0.024938422400846382,131203.91756074494,0.0,27323.61804696922,3680.479069196381,5398.441670839347,0.0,0.0,0.0,0.0
ringCFRP,"nTOF 5 ns, no veto, strict",13.0,oracle: IPC only,"no MM loss, DREAM",False,839014419404.4929,0.005634586772528283,0.016423453705986232,200968.23094068162,0.0,22358.81911638967,3011.722884881564,4417.52554955166,0.0,0.0,0.0,0.0
ringCFRP,"nTOF 5 ns, no veto, strict",13.0,oracle: IPC only,"no MM loss, DREAM",False,1042520413147.9037,0.006242756684715196,0.010767643641064065,308291.3751876331,0.0,18214.623075039388,2453.5015408920167,3598.73937843424,0.0,0.0,0.0,0.0
ringCFRP,"nTOF 5 ns, no veto, strict",13.0,oracle: IPC only,"no MM loss, DREAM",False,1295387524568.9966,0.006927631871249023,0.00703701934402749,473508.7934555755,0.0,14791.19975282435,1992.3679581888732,2922.3592926125198,0.0,0.0,0.0,0.0
ringCFRP,"nTOF 5 ns, no veto, strict",13.0,oracle: IPC only,"no MM loss, DREAM",False,1609588471982.2002,0.007696484017846936,0.0045883703162878904,727994.3099410735,0.0,11983.626413915723,1614.1890914178537,2367.6552676679503,0.0,0.0,0.0,0.0
ringCFRP,"nTOF 5 ns, no veto, strict",13.0,oracle: IPC only,"no MM loss, DREAM",False,2000000000000.0002,0.008557787613619475,0.0029867925165031565,1120158.7943658223,0.0,9692.816642013322,1305.618044841811,1915.0503852784577,0.0,0.0,0.0,0.0
ringCFRP,"nTOF 5 ns, no veto, strict",13.0,oracle: IPC only,"no MM loss, no dead time",False,1000000000.0,0.020916019068619424,1.0,8.151463574098505,0.0,1622.6129850762732,218.56523973924845,320.58644427041406,0.0,0.0,0.0,0.0
ringCFRP,"nTOF 5 ns, no veto, strict",13.0,oracle: IPC only,"no MM loss, no dead time",False,1242553630.827767,0.018763828623257282,1.0,10.211843914211238,0.0,2016.1836560348042,271.5790322107445,398.3458503223666,0.0,0.0,0.0,0.0
ringCFRP,"nTOF 5 ns, no veto, strict",13.0,oracle: IPC only,"no MM loss, no dead time",False,1543939525.4832668,0.016833091586304832,1.0,12.817239964411407,0.0,2505.216322221648,337.4515125301517,494.9660826432308,0.0,0.0,0.0,0.0
ringCFRP,"nTOF 5 ns, no veto, strict",13.0,oracle: IPC only,"no MM loss, no dead time",False,1918427663.1677406,0.015101021121122243,1.0,16.124467586654827,0.0,3112.865637185507,419.30160212266327,615.0219031249454,0.0,0.0,0.0,0.0
ringCFRP,"nTOF 5 ns, no veto, strict",13.0,oracle: IPC only,"no MM loss, no dead time",False,2383749258.3495045,0.01354717508256839,1.0,20.341770866186813,0.0,3867.9024997638417,521.0047281294152,764.1976987665042,0.0,0.0,0.0,0.0
ringCFRP,"nTOF 5 ns, no veto, strict",13.0,oracle: IPC only,"no MM loss, no dead time",False,2961936295.9451737,0.012153214755859044,1.0,25.748580633786656,0.0,4806.076294769357,647.3763166156384,949.556625272544,0.0,0.0,0.0,0.0
ringCFRP,"nTOF 5 ns, no veto, strict",13.0,oracle: IPC only,"no MM loss, no dead time",False,3680364698.807223,0.010902688420413295,1.0,32.7240277732571,0.0,5971.807550100926,804.3997927226675,1179.8750324089608,0.0,0.0,0.0,0.0
ringCFRP,"nTOF 5 ns, no veto, strict",13.0,oracle: IPC only,"no MM loss, no dead time",False,4573050519.273256,0.00978083718427734,1.0,41.788490061951826,0.0,7420.29115398258,999.509883084654,1466.058005442784,0.0,0.0,0.0,0.0
ringCFRP,"nTOF 5 ns, no veto, strict",13.0,oracle: IPC only,"no MM loss, no dead time",False,5682260526.681813,0.008774420797555516,1.0,53.66466143971506,0.0,9220.109715180251,1241.9446342750787,1821.6556976670524,0.0,0.0,0.0,0.0
ringCFRP,"nTOF 5 ns, no veto, strict",13.0,oracle: IPC only,"no MM loss, no dead time",False,7060513448.737786,0.007871561389073805,1.0,69.36801650065601,0.0,11456.48080322759,1543.182814605562,2263.504901254285,0.0,0.0,0.0,0.0
ringCFRP,"nTOF 5 ns, no veto, strict",13.0,oracle: IPC only,"no MM loss, no dead time",False,8773066621.237415,0.007061603282033107,1.0,90.34173220546873,0.0,14235.291818559055,1917.4874093191538,2812.526233449958,0.0,0.0,0.0,0.0
ringCFRP,"nTOF 5 ns, no veto, strict",13.0,oracle: IPC only,"no MM loss, no dead time",False,10901005783.71244,0.006334987234176696,1.0,118.6590967258885,0.0,17688.113535043358,2382.580942516043,3494.714683171589,0.0,0.0,0.0,0.0
ringCFRP,"nTOF 5 ns, no veto, strict",13.0,oracle: IPC only,"no MM loss, no dead time",False,13545084316.226381,0.0056831376182360765,1.0,157.32868275927478,0.0,21978.4296954619,2960.484600864352,4342.370418281968,0.0,0.0,0.0,0.0
ringCFRP,"nTOF 5 ns, no veto, strict",13.0,oracle: IPC only,"no MM loss, no dead time",False,16830493696.995401,0.005098361211142594,1.0,210.7564041547099,0.0,27309.377617989103,3678.5608898137093,5395.628129635369,0.0,0.0,0.0,0.0
ringCFRP,"nTOF 5 ns, no veto, strict",13.0,oracle: IPC only,"no MM loss, no dead time",False,20912791051.82548,0.004573756397500575,1.0,285.44758061068666,0.0,33933.36631487892,4570.8091898590465,6704.357323074863,0.0,0.0,0.0,0.0
ringCFRP,"nTOF 5 ns, no veto, strict",13.0,oracle: IPC only,"no MM loss, no dead time",False,25985264452.18819,0.004103131715728164,1.0,391.0768139370662,0.0,42164.027520761454,5679.475554680283,8330.523534153399,0.0,0.0,0.0,0.0
ringCFRP,"nTOF 5 ns, no veto, strict",13.0,oracle: IPC only,"no MM loss, no dead time",False,32288084693.086143,0.0036809327855358807,1.0,542.1223305997158,0.0,52391.06548624403,7057.052971665529,10351.12226405847,0.0,0.0,0.0,0.0
ringCFRP,"nTOF 5 ns, no veto, strict",13.0,oracle: IPC only,"no MM loss, no dead time",False,40119676867.86864,0.003302176754330298,1.0,760.3675858191277,0.0,65098.70864286783,8768.76679288689,12861.824552347987,0.0,0.0,0.0,0.0
ringCFRP,"nTOF 5 ns, no veto, strict",13.0,oracle: IPC only,"no MM loss, no dead time",False,49850850159.80715,0.002962393488869934,1.0,1078.7365983222912,0.0,80888.63678639467,10895.6630163836,15981.506796589774,0.0,0.0,0.0,0.0
ringCFRP,"nTOF 5 ns, no veto, strict",13.0,oracle: IPC only,"no MM loss, no dead time",False,61942354865.91934,0.0026575728181088176,1.0,1547.18193787582,0.0,100508.4693316432,13538.445641283262,19857.87929620126,0.0,0.0,0.0,0.0
ringCFRP,"nTOF 5 ns, no veto, strict",13.0,oracle: IPC only,"no MM loss, no dead time",False,76966697940.67007,0.002384117204580089,1.0,2241.7337499660725,0.0,124887.16349697452,16822.24478734087,24674.480020034418,0.0,0.0,0.0,0.0
ringCFRP,"nTOF 5 ns, no veto, strict",13.0,oracle: IPC only,"no MM loss, no dead time",False,95635249979.00363,0.0021387992857406003,1.0,3278.4191229774992,0.0,155178.99844694667,20902.541339183885,30659.36473768096,0.0,0.0,0.0,0.0
ringCFRP,"nTOF 5 ns, no veto, strict",13.0,oracle: IPC only,"no MM loss, no dead time",False,118831927096.53209,0.001918723784173268,1.0,4834.688410304369,0.0,192818.22794846998,25972.52863453043,38095.90497367829,0.0,0.0,0.0,0.0
ringCFRP,"nTOF 5 ns, no veto, strict",13.0,oracle: IPC only,"no MM loss, no dead time",False,147655042472.05707,0.001721293337105913,1.0,7182.41623123132,0.0,239586.98922714838,32272.25975661406,47336.20504471374,0.0,0.0,0.0,0.0
ringCFRP,"nTOF 5 ns, no veto, strict",13.0,oracle: IPC only,"no MM loss, no dead time",False,183469309133.68265,0.0015441778419616747,1.0,10738.75368497896,0.0,297699.68336328625,40100.01353559762,58817.773447916705,0.0,0.0,0.0,0.0
ringCFRP,"nTOF 5 ns, no veto, strict",13.0,oracle: IPC only,"no MM loss, no dead time",False,227970456209.51938,0.0013852869561527235,1.0,16144.517664124674,0.0,369907.822459328,49826.41741489943,73084.23795491393,0.0,0.0,0.0,0.0
ringCFRP,"nTOF 5 ns, no veto, strict",13.0,oracle: IPC only,"no MM loss, no dead time",False,283265518084.60077,0.0012427454265559312,1.0,24385.065845817928,0.0,459630.30786843103,61911.995870023165,90811.08522715881,0.0,0.0,0.0,0.0
ringCFRP,"nTOF 5 ns, no veto, strict",13.0,oracle: IPC only,"no MM loss, no dead time",False,351972597984.32916,0.0011148709575053675,1.0,36976.729800208705,0.0,571115.3078804035,76928.97526009103,112837.64366841599,0.0,0.0,0.0,0.0
ringCFRP,"nTOF 5 ns, no veto, strict",13.0,oracle: IPC only,"no MM loss, no dead time",False,437344829577.312,0.0010001543560965126,1.0,56254.41964426049,0.0,709641.399428116,95588.37752528596,140206.82383424064,0.0,0.0,0.0,0.0
ringCFRP,"nTOF 5 ns, no veto, strict",13.0,oracle: IPC only,"no MM loss, no dead time",False,543424405915.04,0.0008972417204741966,1.0,85815.3740087812,0.0,881767.4974451032,118773.68555897936,174214.49802206477,0.0,0.0,0.0,0.0
ringCFRP,"nTOF 5 ns, no veto, strict",13.0,oracle: IPC only,"no MM loss, no dead time",False,675233968650.1553,0.0008049184608878632,1.0,131203.91756074494,0.0,1095643.405496327,147582.67423810536,216470.85706015347,0.0,0.0,0.0,0.0
ringCFRP,"nTOF 5 ns, no veto, strict",13.0,oracle: IPC only,"no MM loss, no dead time",False,839014419404.4929,0.000722094964928371,1.0,200968.23094068162,0.0,1361395.6915919604,183379.38772182935,268976.64940849226,0.0,0.0,0.0,0.0
ringCFRP,"nTOF 5 ns, no veto, strict",13.0,oracle: IPC only,"no MM loss, no dead time",False,1042520413147.9037,0.0006477937377653796,1.0,308291.3751876331,0.0,1691607.1595808691,227858.72403273184,334217.9123304094,0.0,0.0,0.0,0.0
ringCFRP,"nTOF 5 ns, no veto, strict",13.0,oracle: IPC only,"no MM loss, no dead time",False,1295387524568.9966,0.0005811378656125473,1.0,473508.7934555755,0.0,2101912.6180714634,283126.68486265425,415283.68045382824,0.0,0.0,0.0,0.0
ringCFRP,"nTOF 5 ns, no veto, strict",13.0,oracle: IPC only,"no MM loss, no dead time",False,1609588471982.2002,0.0005213406662647067,1.0,727994.3099410735,0.0,2611739.1552673955,351800.09026032017,516012.2449714225,0.0,0.0,0.0,0.0
ringCFRP,"nTOF 5 ns, no veto, strict",13.0,oracle: IPC only,"no MM loss, no dead time",True,2000000000000.0002,0.0004676964045611487,1.0,1120158.7943658223,0.0,3245225.970152546,437130.4794784968,641172.888540828,0.0,0.0,0.0,0.0
