variant,hw,ecut,scenario,knobs,best,R,reach3,live,trig_Hz,occ,X17,M1,E0,G,WALL,ACC,COS
tubeBe25,"nTOF 5 ns + veto, per-arm coinc (strict)",14.0,as is,MM occ + DREAM,False,1000000000.0,0.02621696923460475,0.9998593768901674,0.47195599823068357,0.0061251586976635965,1338.9857663177506,181.94054992014463,270.3915055421268,0.0,0.0,3.363022306899437,107.25447501984253
tubeBe25,"nTOF 5 ns + veto, per-arm coinc (strict)",14.0,as is,MM occ + DREAM,False,1242553630.827767,0.02331016139067923,0.9998216290578372,0.5986669933953781,0.007610838179178178,1658.7627040642974,225.3916405657041,334.96647699437824,0.0,0.0,5.176702322969951,106.93221929945226
tubeBe25,"nTOF 5 ns + veto, per-arm coinc (strict)",14.0,as is,MM occ + DREAM,False,1543939525.4832668,0.020756960883136052,0.9997727467806786,0.7627680372018392,0.009456874613180438,2053.405515871616,279.0154594354984,414.6596796558297,0.0,0.0,7.962671464731657,106.53293691952045
tubeBe25,"nTOF 5 ns + veto, per-arm coinc (strict)",14.0,as is,MM occ + DREAM,False,1918427663.1677406,0.018512560613057335,0.9997089540512858,0.9769485943605815,0.011750673886890335,2539.6261266937217,345.0828124580469,512.8458787125586,0.0,0.0,12.236832125230704,106.03855945134798
tubeBe25,"nTOF 5 ns + veto, per-arm coinc (strict)",14.0,as is,MM occ + DREAM,False,2383749258.3495045,0.01653947271977304,0.9996249750063172,1.2589452691052752,0.014600842502828615,3137.4211523851736,426.3108273106107,633.5631417846057,0.0,0.0,18.78396103809099,105.42696645672753
tubeBe25,"nTOF 5 ns + veto, per-arm coinc (strict)",14.0,as is,MM occ + DREAM,False,2961936295.9451733,0.014806065775081464,0.9995133534642068,1.6338371676178303,0.018142329865034074,3870.4669967312366,525.9166389569682,781.5926238523745,0.0,0.0,28.793394651575422,104.67117899637354
tubeBe25,"nTOF 5 ns + veto, per-arm coinc (strict)",14.0,as is,MM occ + DREAM,False,3680364698.807223,0.013285405824753242,0.9993634362362162,2.137480655427982,0.022542817845473122,4766.407302345302,647.6564482958845,962.5166143866938,0.0,0.0,44.059117621781176,103.73845027988257
tubeBe25,"nTOF 5 ns + veto, per-arm coinc (strict)",14.0,as is,MM occ + DREAM,False,4573050519.273255,0.011954347024841744,0.9991598467649944,2.8216767986276334,0.028010660162981607,5856.9093640684505,795.8331875786212,1182.7299293325243,0.0,0.0,67.27106295897516,102.58927609374045
tubeBe25,"nTOF 5 ns + veto, per-arm coinc (strict)",14.0,as is,MM occ + DREAM,False,5682260526.681813,0.010792828639669641,0.9988801850325555,3.761981069838612,0.034804747487395635,7177.295086414609,975.2463751370011,1449.3653875594812,0.0,0.0,102.43201866247334,101.17637642365571
tubeBe25,"nTOF 5 ns + veto, per-arm coinc (strict)",14.0,as is,MM occ + DREAM,False,7060513448.737786,0.009783349426269496,0.99849155245141,5.069551678271102,0.04324676536050705,8765.451643843435,1191.0440965814232,1770.0738322658876,0.0,0.0,155.4405665170197,99.443745789737
tubeBe25,"nTOF 5 ns + veto, per-arm coinc (strict)",14.0,as is,MM occ + DREAM,False,8773066621.237415,0.00891060910793918,0.9979452941223906,6.909182504375806,0.053736425320254536,10659.591888798908,1448.4186904434582,2152.571873264409,0.0,0.0,234.87986716156908,97.32594100485511
tubeBe25,"nTOF 5 ns + veto, per-arm coinc (strict)",14.0,as is,MM occ + DREAM,False,10901005783.71244,0.008161322193593105,0.9971690442308984,9.526821584693426,0.06677039038938742,12894.26571590791,1752.0647748334857,2603.836431639258,0.0,0.0,353.0343575298576,94.7478811496616
tubeBe25,"nTOF 5 ns + veto, per-arm coinc (strict)",14.0,as is,MM occ + DREAM,False,13545084316.226381,0.007524209314602282,0.9960547133617523,13.291656300875406,0.08296579101012079,15493.838295148858,2105.293073835574,3128.78775012862,0.0,0.0,527.1018244547755,91.62558644023794
tubeBe25,"nTOF 5 ns + veto, per-arm coinc (strict)",14.0,as is,MM occ + DREAM,False,16830493696.995401,0.006990154760681587,0.9944404254777377,18.76059124828855,0.10308944485412372,18462.501939217127,2508.673236281265,3728.2724140883024,0.0,0.0,780.4430132925595,87.86848924345037
tubeBe25,"nTOF 5 ns + veto, per-arm coinc (strict)",14.0,as is,MM occ + DREAM,False,20912791051.82548,0.006552508466612917,0.9920835708906504,26.777177984787468,0.12809416400351029,21769.896312553137,2958.0799187304538,4396.159531728998,0.0,0.0,1143.4630791915051,83.38421092990511
tubeBe25,"nTOF 5 ns + veto, per-arm coinc (strict)",14.0,as is,MM occ + DREAM,False,25985264452.18819,0.0062075355420564155,0.9886211401076411,38.62358597183355,0.15916386857040915,25331.816653505844,3442.071430743955,5115.444999758967,0.0,0.0,1653.283245624406,78.08698525228651
tubeBe25,"nTOF 5 ns + veto, per-arm coinc (strict)",14.0,as is,MM occ + DREAM,False,32288084693.086143,0.005955086502523918,0.9835126156631325,56.254278995122746,0.19776964278875545,28986.713060954302,3938.6964726225024,5853.505826893988,0.0,0.0,2350.68828409684,71.9111358881502
tubeBe25,"nTOF 5 ns + veto, per-arm coinc (strict)",14.0,as is,MM occ + DREAM,False,40119676867.86863,0.0057996723854949785,0.9759607486398612,82.6556076540184,0.24573938771467851,32471.364561046626,4412.188742783351,6557.187814485783,0.0,0.0,3271.988387427815,64.83097815634963
tubeBe25,"nTOF 5 ns + veto, per-arm coinc (strict)",14.0,as is,MM occ + DREAM,True,49850850159.80715,0.005752296418854092,0.9648085530537963,122.39952006285411,0.3053443684422675,35403.99308381863,4810.672475446138,7149.395634325989,0.0,0.0,4432.8047653870135,56.88780004182792
tubeBe25,"nTOF 5 ns + veto, per-arm coinc (strict)",14.0,as is,MM occ + DREAM,False,61942354865.91934,0.005833687034483056,0.9484210749159467,182.4966207514893,0.37940675366075083,37290.45398177161,5067.003604432139,7530.342926802892,0.0,0.0,5801.484952158924,48.222466462718415
tubeBe25,"nTOF 5 ns + veto, per-arm coinc (strict)",14.0,as is,MM occ + DREAM,False,76966697940.67009,0.006080160002649937,0.9245853918769934,273.71095952688205,0.47143323932174225,37577.28988100335,5105.978687331322,7588.265865632992,0.0,0.0,7264.104735566174,39.10768077132585
tubeBe25,"nTOF 5 ns + veto, per-arm coinc (strict)",14.0,as is,MM occ + DREAM,False,95635249979.00362,0.006554576916847013,0.8905108291752541,412.5871498446953,0.5857810832121263,35777.62438122113,4861.441262857323,7224.845823240354,0.0,0.0,8593.761273263799,29.966289019480968
tubeBe25,"nTOF 5 ns + veto, per-arm coinc (strict)",14.0,as is,MM occ + DREAM,False,118831927096.53207,0.007367633364620025,0.8430822981338272,624.5765929555644,0.7278644118154498,31677.09866852836,4304.264389214612,6396.795705860625,0.0,0.0,9454.364133456862,21.352646896108514
tubeBe25,"nTOF 5 ns + veto, per-arm coinc (strict)",14.0,as is,MM occ + DREAM,False,147655042472.05704,0.008721218806270921,0.7795689202595001,948.859800133156,0.9044105676516079,25568.134559470884,3474.182160259397,5163.166458782518,0.0,0.0,9482.025385687099,13.87043946985575
tubeBe25,"nTOF 5 ns + veto, per-arm coinc (strict)",14.0,as is,MM occ + DREAM,False,183469309133.68265,0.011001887839371552,0.6988880498679704,1445.7863256766777,1.1237786345945076,18366.508419778034,2495.629696794248,3708.8877179277124,0.0,0.0,8463.37950493797,8.018675480142866
tubeBe25,"nTOF 5 ns + veto, per-arm coinc (strict)",14.0,as is,MM occ + DREAM,False,227970456209.51935,0.01499633130357291,0.6031036676360091,2208.354812942885,1.3963552226620757,11417.449087814317,1551.3958534711064,2305.6116995138286,0.0,0.0,6537.345522603603,4.011714114251746
tubeBe25,"nTOF 5 ns + veto, per-arm coinc (strict)",14.0,as is,MM occ + DREAM,False,283265518084.60077,0.02242875310042736,0.49820177331953597,3379.929090764111,1.7350462518440772,5952.703289793833,808.8496063964369,1202.0743200275112,0.0,0.0,4235.081131292061,1.6832940404881684
tubeBe25,"nTOF 5 ns + veto, per-arm coinc (strict)",14.0,as is,MM occ + DREAM,False,351972597984.32916,0.03743017420971745,0.3930646209069056,5181.580316991534,2.1558880198829664,2515.066947011153,341.7457264565115,507.88645812998516,0.0,0.0,2223.372302441679,0.5723743416863902
tubeBe25,"nTOF 5 ns + veto, per-arm coinc (strict)",14.0,as is,MM occ + DREAM,False,437344829577.31195,0.07101176795275506,0.29670262414694615,7954.288624905698,2.6788064867636754,828.9358359237453,112.63528383220397,167.3932720656372,0.0,0.0,910.5393084616402,0.15182258430886517
tubeBe25,"nTOF 5 ns + veto, per-arm coinc (strict)",14.0,as is,MM occ + DREAM,False,543424405915.04004,0.15651988023362381,0.21538833463248913,12224.083797580368,3.3285607264131802,203.87664915537337,27.70263179511835,41.17035109462359,0.0,0.0,278.26617218195054,0.03005161448381256
tubeBe25,"nTOF 5 ns + veto, per-arm coinc (strict)",14.0,as is,MM occ + DREAM,False,675233968650.1552,0.41168785167312083,0.1514423133938455,18802.59850529076,4.135915216035406,35.43630957515078,4.815063620111275,7.155921547420023,0.0,0.0,60.09752083022449,0.004203718888478388
tubeBe25,"nTOF 5 ns + veto, per-arm coinc (strict)",14.0,as is,MM occ + DREAM,False,839014419404.4929,1.3370178706585167,0.10389823173808554,28942.291541698127,5.139096468480602,4.062303681018976,0.5519832878431267,0.8203316539358823,0.0,0.0,8.560430361570852,0.00038783091306008336
tubeBe25,"nTOF 5 ns + veto, per-arm coinc (strict)",14.0,as is,MM occ + DREAM,False,1042520413147.9036,5.601518233739425,0.07001002081238414,44576.072196914494,6.385602976084727,0.28114980312240123,0.038202459710009504,0.05677470251098877,0.0,0.0,0.736166649566142,2.16019361130582e-05
tubeBe25,"nTOF 5 ns + veto, per-arm coinc (strict)",14.0,as is,MM occ + DREAM,False,1295387524568.9966,32.01879371517912,0.0465792354789271,68687.22738287016,7.934454162958706,0.010494699995683934,0.001426013282958646,0.0021192740083037817,0.0,0.0,0.0341447176684548,6.489478218786857e-07
tubeBe25,"nTOF 5 ns + veto, per-arm coinc (strict)",14.0,as is,MM occ + DREAM,False,1609588471982.2002,268.0951515864063,0.030719706193287274,105880.51901042408,9.858984828820832,0.00018318241311271382,2.4890711922263417e-05,3.6991407762756224e-05,0.0,0.0,0.0007405466408934468,9.11608537730259e-09
tubeBe25,"nTOF 5 ns + veto, per-arm coinc (strict)",14.0,as is,MM occ + DREAM,False,2000000000000.0002,3595.829894824057,0.020139919424278337,163263.8644916166,12.250317395327196,1.249552516367975e-06,1.6978841575537666e-07,2.523315741315441e-07,0.0,0.0,6.276800085402246e-06,5.004537857087512e-11
tubeBe25,"nTOF 5 ns + veto, per-arm coinc (strict)",14.0,as is,"MM occ ÷10, DAQ 10 µs",False,1000000000.0,0.026071070308211163,0.9999952804622918,0.47195599823068357,0.0006125158697663597,1354.0141645168999,183.98259928433723,273.426303459456,0.0,0.0,3.4007679197745424,108.45826896581669
tubeBe25,"nTOF 5 ns + veto, per-arm coinc (strict)",14.0,as is,"MM occ ÷10, DAQ 10 µs",False,1242553630.827767,0.023149042575088794,0.999994013365906,0.5986669933953781,0.0007610838179178179,1681.93324749596,228.54003954047326,339.64547977418056,0.0,0.0,5.24901345325596,108.42590952135758
tubeBe25,"nTOF 5 ns + veto, per-arm coinc (strict)",14.0,as is,"MM occ ÷10, DAQ 10 µs",False,1543939525.4832668,0.02057878399282508,0.999992372377809,0.7627680372018392,0.0009456874613180438,2089.1173742141227,283.8679644500766,421.8712448463186,0.0,0.0,8.101154483881288,108.38570741354833
tubeBe25,"nTOF 5 ns + veto, per-arm coinc (strict)",14.0,as is,"MM occ ÷10, DAQ 10 µs",False,1918427663.1677406,0.018315234279514814,0.9999902306094983,0.9769485943605815,0.0011750673886890336,2594.6442271383667,352.558637595448,523.9560991387295,0.0,0.0,12.501929121955449,108.33576377350343
tubeBe25,"nTOF 5 ns + veto, per-arm coinc (strict)",14.0,as is,"MM occ ÷10, DAQ 10 µs",False,2383749258.3495045,0.01632059486218169,0.9999874107058013,1.2589452691052752,0.0014600842502828617,3222.1382626538884,437.8221353600779,650.6707075011033,0.0,0.0,19.29116833391017,108.27372100729865
tubeBe25,"nTOF 5 ns + veto, per-arm coinc (strict)",14.0,as is,"MM occ ÷10, DAQ 10 µs",False,2961936295.9451733,0.014562848119174377,0.9999836618952618,1.6338371676178303,0.0018142329865034074,4000.82980660899,543.630256170032,807.9177703298338,0.0,0.0,29.763196961185223,108.19665254225535
tubeBe25,"nTOF 5 ns + veto, per-arm coinc (strict)",14.0,as is,"MM occ ÷10, DAQ 10 µs",False,3680364698.807223,0.013014575143843743,0.9999786256503183,2.137480655427982,0.0022542817845473124,4966.84733115576,674.8921142642184,1002.99298278754,0.0,0.0,45.911920004222914,108.10092638481395
tubeBe25,"nTOF 5 ns + veto, per-arm coinc (strict)",14.0,as is,"MM occ ÷10, DAQ 10 µs",False,4573050519.273255,0.011652016333313848,0.9999717840281772,2.8216767986276334,0.002801066016298161,6164.786656788055,837.667361887564,1244.9019156185477,0.0,0.0,70.80726805534232,107.98203644266697
tubeBe25,"nTOF 5 ns + veto, per-arm coinc (strict)",14.0,as is,"MM occ ÷10, DAQ 10 µs",False,5682260526.681813,0.010454329662021433,0.9999623816044986,3.761981069838612,0.0034804747487395637,7649.604536838123,1039.42348837014,1544.7424009634328,0.0,0.0,109.1726653626234,107.83439426591374
tubeBe25,"nTOF 5 ns + veto, per-arm coinc (strict)",14.0,as is,"MM occ ÷10, DAQ 10 µs",False,7060513448.737786,0.009403014859897025,0.9999493070531225,5.069551678271102,0.004324676536050705,9488.885012781318,1289.3437710709482,1916.162194597372,0.0,0.0,168.2694425720263,107.65107234398262
tubeBe25,"nTOF 5 ns + veto, per-arm coinc (strict)",14.0,as is,"MM occ ÷10, DAQ 10 µs",False,8773066621.237415,0.008481488402110392,0.9999309129483068,6.909182504375806,0.005373642532025454,11765.522463397414,1598.6918464227754,2375.900784305123,0.0,0.0,259.24860746245906,107.42348835767102
tubeBe25,"nTOF 5 ns + veto, per-arm coinc (strict)",14.0,as is,"MM occ ÷10, DAQ 10 µs",False,10901005783.71244,0.007674805756975343,0.9999047408593214,9.526821584693426,0.006677039038938743,14580.851166445891,1981.2369528186666,2944.421365899262,0.0,0.0,399.2116757322658,107.14101786152355
tubeBe25,"nTOF 5 ns + veto, per-arm coinc (strict)",14.0,as is,"MM occ ÷10, DAQ 10 µs",False,13545084316.226381,0.006969520500848996,0.9998671011014559,13.291656300875406,0.008296579101012079,18058.22069826018,2453.739753676453,3646.6328506555956,0.0,0.0,614.3423530785259,106.79052085262742
tubeBe25,"nTOF 5 ns + veto, per-arm coinc (strict)",14.0,as is,"MM occ ÷10, DAQ 10 µs",False,16830493696.995401,0.006353643620503855,0.9998124292768938,18.76059124828855,0.010308944485412372,22346.959058726436,3036.490844386465,4512.690169062932,0.0,0.0,944.6459706889248,106.35576576458266
tubeBe25,"nTOF 5 ns + veto, per-arm coinc (strict)",14.0,as is,"MM occ ÷10, DAQ 10 µs",False,20912791051.82548,0.00581664190819502,0.9997322999026838,26.777177984787468,0.012809416400351029,27626.56478523061,3753.880374137271,5578.840816044139,0.0,0.0,1451.0843957758186,105.81673298976742
tubeBe25,"nTOF 5 ns + veto, per-arm coinc (strict)",14.0,as is,"MM occ ÷10, DAQ 10 µs",False,25985264452.18819,0.005349416640222129,0.9996139132608252,38.62358597183355,0.015916386857040915,34110.80094787478,4634.9543354295565,6888.251582321092,0.0,0.0,2226.2444290250137,105.14877977342941
tubeBe25,"nTOF 5 ns + veto, per-arm coinc (strict)",14.0,as is,"MM occ ÷10, DAQ 10 µs",False,32288084693.086143,0.004944232944120855,0.9994377734865203,56.254278995122746,0.019776964278875545,42051.09140436509,5713.87604506982,8491.694385806954,0.0,0.0,3410.148908220919,104.32165047018161
tubeBe25,"nTOF 5 ns + veto, per-arm coinc (strict)",14.0,as is,"MM occ ÷10, DAQ 10 µs",False,40119676867.86863,0.004594604287886477,0.9991741265541749,82.6556076540184,0.02457393877146785,51738.19052420607,7030.153025251376,10447.883451619648,0.0,0.0,5213.41683265169,103.29832284743824
tubeBe25,"nTOF 5 ns + veto, per-arm coinc (strict)",14.0,as is,"MM occ ÷10, DAQ 10 µs",False,49850850159.80715,0.004295156747297198,0.9987775011321185,122.39952006285411,0.03053443684422675,63500.43886700757,8628.399986211805,12823.123068032235,0.0,0.0,7950.658202520395,102.03369603768482
tubeBe25,"nTOF 5 ns + veto, per-arm coinc (strict)",14.0,as is,"MM occ ÷10, DAQ 10 µs",False,61942354865.91934,0.004041502166909479,0.9981783582271627,182.4966207514893,0.03794067536607509,77695.93392548533,10557.274991680111,15689.726565493726,0.0,0.0,12087.591954042031,100.47315513623852
tubeBe25,"nTOF 5 ns + veto, per-arm coinc (strict)",14.0,as is,"MM occ ÷10, DAQ 10 µs",False,76966697940.67009,0.0038301457153739962,0.9972703617238484,273.71095952688205,0.04714332393217423,94694.52672524654,12867.033168096184,19122.380754092665,0.0,0.0,18305.496809252447,98.55110184076544
tubeBe25,"nTOF 5 ns + veto, per-arm coinc (strict)",14.0,as is,"MM occ ÷10, DAQ 10 µs",False,95635249979.00362,0.003658448976222019,0.9958910813718106,412.5871498446953,0.05857810832121263,114843.60687814296,15604.87759902279,23191.236641047453,0.0,0.0,27585.357002890854,96.18963738566208
tubeBe25,"nTOF 5 ns + veto, per-arm coinc (strict)",14.0,as is,"MM occ ÷10, DAQ 10 µs",False,118831927096.53207,0.0035246684931476502,0.993793001530013,624.5765929555644,0.07278644118154498,138409.167486708,18806.95126115712,27950.008221881457,0.0,0.0,41309.67556470186,93.2977515224351
tubeBe25,"nTOF 5 ns + veto, per-arm coinc (strict)",14.0,as is,"MM occ ÷10, DAQ 10 µs",False,147655042472.05704,0.0034280936908949347,0.9906005892289246,948.859800133156,0.09044105676516079,165480.9642478858,22485.45010256022,33416.82054216139,0.0,0.0,61369.15073709249,89.77165278424455
tubeBe25,"nTOF 5 ns + veto, per-arm coinc (strict)",14.0,as is,"MM occ ÷10, DAQ 10 µs",False,183469309133.68265,0.0033693199461208665,0.9857481874995262,1445.7863256766777,0.11237786345945076,195828.7819441969,26609.092623217784,39545.18450482675,0.0,0.0,90238.88818185688,85.49733113078841
tubeBe25,"nTOF 5 ns + veto, per-arm coinc (strict)",14.0,as is,"MM occ ÷10, DAQ 10 µs",True,227970456209.51935,0.0033507172300725786,0.9783935978914394,2208.354812942885,0.13963552226620757,228698.63829075635,31075.42818101489,46182.84277429524,0.0,0.0,130947.11503038774,80.35714003055102
tubeBe25,"nTOF 5 ns + veto, per-arm coinc (strict)",14.0,as is,"MM occ ÷10, DAQ 10 µs",False,283265518084.60077,0.0033772014568844823,0.9673057515081418,3379.929090764111,0.17350462518440773,262549.1159614748,35675.00995207949,53018.525311740275,0.0,0.0,186791.90830026465,74.24313639000377
tubeBe25,"nTOF 5 ns + veto, per-arm coinc (strict)",14.0,as is,"MM occ ÷10, DAQ 10 µs",False,351972597984.32916,0.0034575019077953237,0.9507368086562731,5181.580316991534,0.21558880198829666,294759.89273036545,40051.79018836489,59523.09066583896,0.0,0.0,260573.9708623624,67.08091796824274
tubeBe25,"nTOF 5 ns + veto, per-arm coinc (strict)",14.0,as is,"MM occ ÷10, DAQ 10 µs",False,437344829577.31195,0.0036062778228753926,0.9263179932337529,7954.288624905698,0.26788064867636757,321412.82600373554,43673.374120565626,64905.3187194792,0.0,0.0,353053.8790062213,58.86791686297866
tubeBe25,"nTOF 5 ns + veto, per-arm coinc (strict)",14.0,as is,"MM occ ÷10, DAQ 10 µs",False,543424405915.04004,0.003847739217070667,0.8910743275068382,12224.083797580368,0.33285607264131806,337361.28430074855,45840.44067640867,68125.91131910347,0.0,0.0,460456.0336540229,49.72737829256585
tubeBe25,"nTOF 5 ns + veto, per-arm coinc (strict)",14.0,as is,"MM occ ÷10, DAQ 10 µs",False,675233968650.1552,0.004222017206694622,0.8417324305877586,18802.59850529076,0.4135915216035406,336933.8098597907,45782.355716268605,68039.58817767887,0.0,0.0,571416.3494794313,39.969597219790664
tubeBe25,"nTOF 5 ns + veto, per-arm coinc (strict)",14.0,as is,"MM occ ÷10, DAQ 10 µs",False,839014419404.4929,0.0047967365660217705,0.7755407384524525,28942.291541698127,0.5139096468480603,315613.1390612609,42885.316279905885,63734.14414578581,0.0,0.0,665086.7365615052,30.131802422310354
tubeBe25,"nTOF 5 ns + veto, per-arm coinc (strict)",14.0,as is,"MM occ ÷10, DAQ 10 µs",False,1042520413147.9036,0.005688858685046474,0.6916773881074781,44576.072196914494,0.6385602976084728,272583.14639739983,37038.427742881046,55044.77283764671,0.0,0.0,713735.593562585,20.943723412139406
tubeBe25,"nTOF 5 ns + veto, per-arm coinc (strict)",14.0,as is,"MM occ ÷10, DAQ 10 µs",False,1295387524568.9966,0.0071079039467133375,0.5928131106988292,68687.22738287016,0.7934454162958706,212959.42227906385,28936.79333625903,43004.50404918862,0.0,0.0,692867.766734289,13.168509180193611
tubeBe25,"nTOF 5 ns + veto, per-arm coinc (strict)",14.0,as is,"MM occ ÷10, DAQ 10 µs",False,1609588471982.2002,0.009446538057411982,0.4857186123323151,105880.51901042408,0.9858984828820833,147542.22843928725,20047.945881089578,29794.316177422395,0.0,0.0,596465.0197801352,7.3424491377478995
tubeBe25,"nTOF 5 ns + veto, per-arm coinc (strict)",14.0,as is,"MM occ ÷10, DAQ 10 µs",False,2000000000000.0002,0.01348350831743347,0.3798470412683029,163263.8644916166,1.2250317395327197,88868.32120952386,12075.37200026058,17945.851084679995,0.0,0.0,446406.7566994734,3.559233181183914
tubeBe25,"nTOF 5 ns + veto, per-arm coinc (strict)",14.0,as is,"no MM loss, DREAM",False,1000000000.0,0.02605687693336925,0.9998593768901674,0.47195599823068357,0.0,1355.4896494516156,184.1830872560349,273.724259272683,0.0,0.0,3.4044737760082406,108.57645719907018
tubeBe25,"nTOF 5 ns + veto, per-arm coinc (strict)",14.0,as is,"no MM loss, DREAM",False,1242553630.827767,0.023133424933809734,0.9998216290578372,0.5986669933953781,0.0,1684.2049990456771,228.84872372266153,340.10423171702985,0.0,0.0,5.2561031843524075,108.57235809674029
tubeBe25,"nTOF 5 ns + veto, per-arm coinc (strict)",14.0,as is,"no MM loss, DREAM",False,1543939525.4832668,0.02056159016096336,0.9997727467806786,0.7627680372018392,0.0,2092.6127216960376,284.34291008356956,422.5770867542779,0.0,0.0,8.114708700736385,108.56704988580941
tubeBe25,"nTOF 5 ns + veto, per-arm coinc (strict)",14.0,as is,"no MM loss, DREAM",False,1918427663.1677406,0.018296298650796967,0.9997089540512858,0.9769485943605815,0.0,2600.017624751464,353.28877150818926,525.0411898895278,0.0,0.0,12.527820084346509,108.56012252310961
tubeBe25,"nTOF 5 ns + veto, per-arm coinc (strict)",14.0,as is,"no MM loss, DREAM",False,2383749258.3495045,0.016299736914860082,0.9996249750063172,1.2589452691052752,0.0,3230.38995301114,438.9433698938084,652.3370336377137,0.0,0.0,19.340571784272953,108.55100309352541
tubeBe25,"nTOF 5 ns + veto, per-arm coinc (strict)",14.0,as is,"no MM loss, DREAM",False,2961936295.9451733,0.014539871241627672,0.9995133534642068,1.6338371676178303,0.0,4013.4845556486157,545.3497755684367,810.4732393506077,0.0,0.0,29.857338878329156,108.53888191741851
tubeBe25,"nTOF 5 ns + veto, per-arm coinc (strict)",14.0,as is,"no MM loss, DREAM",False,3680364698.807223,0.012989265797485067,0.9993634362362162,2.137480655427982,0.0,4986.22181019283,677.5247063791554,1006.9054176227017,0.0,0.0,46.09101138198556,108.52260214661814
tubeBe25,"nTOF 5 ns + veto, per-arm coinc (strict)",14.0,as is,"no MM loss, DREAM",False,4573050519.273255,0.011624144063730496,0.9991598467649944,2.8216767986276334,0.0,6194.385842211523,841.6892807224025,1250.8791026139565,0.0,0.0,71.147237234031,108.50049401419555
tubeBe25,"nTOF 5 ns + veto, per-arm coinc (strict)",14.0,as is,"no MM loss, DREAM",False,5682260526.681813,0.010423648836150257,0.9988801850325555,3.761981069838612,0.0,7694.7022927675325,1045.5513432886614,1553.8493313200254,0.0,0.0,109.81628585215024,108.47012506349688
tubeBe25,"nTOF 5 ns + veto, per-arm coinc (strict)",14.0,as is,"no MM loss, DREAM",False,7060513448.737786,0.009369269551965029,0.99849155245141,5.069551678271102,0.0,9557.360359098222,1298.6481583753255,1929.9899382888243,0.0,0.0,169.48373785952853,108.42792278006763
tubeBe25,"nTOF 5 ns + veto, per-arm coinc (strict)",14.0,as is,"no MM loss, DREAM",False,8773066621.237415,0.008444422600033308,0.9979452941223906,6.909182504375806,0.0,11869.035906368561,1612.7571884241995,2396.8040354022487,0.0,0.0,261.52948500337584,108.36860364434588
tubeBe25,"nTOF 5 ns + veto, per-arm coinc (strict)",14.0,as is,"no MM loss, DREAM",False,10901005783.71244,0.007634182032351577,0.9971690442308984,9.526821584693426,0.0,14736.442022664749,2002.3785412172151,2975.8410022537996,0.0,0.0,403.4716250130517,108.28430932749751
tubeBe25,"nTOF 5 ns + veto, per-arm coinc (strict)",14.0,as is,"no MM loss, DREAM",False,13545084316.226381,0.006925151573006578,0.9960547133617523,13.291656300875406,0.0,18290.357301597393,2485.282330401458,3693.5099476694036,0.0,0.0,622.2396619835822,108.16330221318138
tubeBe25,"nTOF 5 ns + veto, per-arm coinc (strict)",14.0,as is,"no MM loss, DREAM",False,16830493696.995401,0.006305443143755182,0.9944404254777377,18.76059124828855,0.0,22689.917041188004,3083.09176091462,4581.946263898423,0.0,0.0,959.1434186592074,107.98800390284214
tubeBe25,"nTOF 5 ns + veto, per-arm coinc (strict)",14.0,as is,"no MM loss, DREAM",False,20912791051.82548,0.005764703863070258,0.9920835708906504,26.777177984787468,0.0,28126.619480137677,3821.8274938678574,5679.820636151687,0.0,0.0,1477.3497519811622,107.73206899127962
tubeBe25,"nTOF 5 ns + veto, per-arm coinc (strict)",14.0,as is,"no MM loss, DREAM",False,25985264452.18819,0.005294137601699873,0.9886211401076411,38.62358597183355,0.0,34826.859647551384,4732.251944464297,7032.850722007652,0.0,0.0,2272.9780631441877,107.35607765049187
tubeBe25,"nTOF 5 ns + veto, per-arm coinc (strict)",14.0,as is,"no MM loss, DREAM",False,32288084693.086143,0.004886498950129805,0.9835126156631325,56.254278995122746,0.0,43050.62893867167,5849.692581161666,8693.538546921725,0.0,0.0,3491.2067765783518,106.80133415503678
tubeBe25,"nTOF 5 ns + veto, per-arm coinc (strict)",14.0,as is,"no MM loss, DREAM",False,40119676867.86863,0.004536074738280106,0.9759607486398612,82.6556076540184,0.0,53081.97336441905,7212.74539857731,10719.243666512804,0.0,0.0,5348.8235797298885,105.98126386757738
tubeBe25,"nTOF 5 ns + veto, per-arm coinc (strict)",14.0,as is,"no MM loss, DREAM",False,49850850159.80715,0.004238692223567014,0.9648085530537963,122.39952006285411,0.0,65203.51311682216,8859.812651947768,13167.037710025608,0.0,0.0,8163.893913885292,104.7702276811767
tubeBe25,"nTOF 5 ns + veto, per-arm coinc (strict)",14.0,as is,"no MM loss, DREAM",False,61942354865.91934,0.003991800855249075,0.9484210749159467,182.4966207514893,0.0,79642.73939226524,10821.805703001675,16082.859692373695,0.0,0.0,12390.467393043806,102.99068311745117
tubeBe25,"nTOF 5 ns + veto, per-arm coinc (strict)",14.0,as is,"no MM loss, DREAM",False,76966697940.67009,0.003794671221847771,0.9245853918769934,273.71095952688205,0.0,96473.30655177278,13108.73266032831,19481.583194791543,0.0,0.0,18649.35457553407,100.40232511520999
tubeBe25,"nTOF 5 ns + veto, per-arm coinc (strict)",14.0,as is,"no MM loss, DREAM",False,95635249979.00362,0.003648742137523051,0.8905108291752541,412.5871498446953,0.0,115455.46222357027,15688.016121342383,23314.793210643453,0.0,0.0,27732.324244660336,96.70210948061798
tubeBe25,"nTOF 5 ns + veto, per-arm coinc (strict)",14.0,as is,"no MM loss, DREAM",False,118831927096.53207,0.0035581193236355066,0.8430822981338272,624.5765929555644,0.0,135818.95748563742,18454.995143431217,27426.947559492346,0.0,0.0,40536.60007605009,91.55176335229444
tubeBe25,"nTOF 5 ns + veto, per-arm coinc (strict)",14.0,as is,"no MM loss, DREAM",True,147655042472.05704,0.0035301784845537744,0.7795689202595001,948.859800133156,0.0,156048.6734190152,21203.796313864,31512.086838424395,0.0,0.0,57871.1551802987,84.65473591650756
tubeBe25,"nTOF 5 ns + veto, per-arm coinc (strict)",14.0,as is,"no MM loss, DREAM",False,183469309133.68265,0.003576155158597639,0.6988880498679704,1445.7863256766777,0.0,173831.43767150756,23620.10721767309,35103.094689206206,0.0,0.0,80102.40124457577,75.89346080790604
tubeBe25,"nTOF 5 ns + veto, per-arm coinc (strict)",14.0,as is,"no MM loss, DREAM",False,227970456209.51935,0.003711552930778015,0.6031036676360091,2208.354812942885,0.0,186392.23660236358,25326.860733956528,37639.591655164324,0.0,0.0,106723.52852451359,65.49206925413125
tubeBe25,"nTOF 5 ns + veto, per-arm coinc (strict)",14.0,as is,"no MM loss, DREAM",False,283265518084.60077,0.003956253550834157,0.49820177331953597,3379.929090764111,0.0,191318.1892937367,25996.19611010001,38634.3264745736,0.0,0.0,136114.30204157374,54.10059131072333
tubeBe25,"nTOF 5 ns + veto, per-arm coinc (strict)",14.0,as is,"no MM loss, DREAM",False,351972597984.32916,0.004334425850240615,0.3930646209069056,5181.580316991534,0.0,187555.62386960175,25484.94106945816,37874.52322996526,0.0,0.0,165803.1329044351,42.683566284197
tubeBe25,"nTOF 5 ns + veto, per-arm coinc (strict)",14.0,as is,"no MM loss, DREAM",False,437344829577.31195,0.004874605228281369,0.29670262414694615,7954.288624905698,0.0,175914.9161737456,23903.20897571972,35523.82723405917,0.0,0.0,193232.62329759455,32.219450570879076
tubeBe25,"nTOF 5 ns + veto, per-arm coinc (strict)",14.0,as is,"no MM loss, DREAM",False,543424405915.04004,0.005610401613021663,0.21538833463248913,12224.083797580368,0.0,158678.6874295481,21561.16097554367,32043.1854249766,0.0,0.0,216576.5973729846,23.389391385357154
tubeBe25,"nTOF 5 ns + veto, per-arm coinc (strict)",14.0,as is,"no MM loss, DREAM",False,675233968650.1552,0.006582076049311315,0.1514423133938455,18802.59850529076,0.0,138630.5029819557,18837.026190058685,27994.7041695871,0.0,0.0,235107.70846478967,16.44538245915883
tubeBe25,"nTOF 5 ns + veto, per-arm coinc (strict)",14.0,as is,"no MM loss, DREAM",False,839014419404.4929,0.007838915335825015,0.10389823173808554,28942.291541698127,0.0,118177.5175225129,16057.887295824416,23864.47838950395,0.0,0.0,249033.67362260597,11.282488489987431
tubeBe25,"nTOF 5 ns + veto, per-arm coinc (strict)",14.0,as is,"no MM loss, DREAM",False,1042520413147.9036,0.009442209189238458,0.07001002081238414,44576.072196914494,0.0,98946.8689387058,13444.838773075127,19981.088323732907,0.0,0.0,259083.89115945782,7.60250911671636
tubeBe25,"nTOF 5 ns + veto, per-arm coinc (strict)",14.0,as is,"no MM loss, DREAM",False,1295387524568.9966,0.011468729411001926,0.0465792354789271,68687.22738287016,0.0,81799.25494909236,11114.831690424582,16518.34116111182,0.0,0.0,266135.52239467273,5.058119655859051
tubeBe25,"nTOF 5 ns + veto, per-arm coinc (strict)",14.0,as is,"no MM loss, DREAM",False,1609588471982.2002,0.014014778932992362,0.030719706193287274,105880.51901042408,0.0,67033.08275808084,9108.41343249469,13536.496521491952,0.0,0.0,270992.8503599555,3.3359059701350953
tubeBe25,"nTOF 5 ns + veto, per-arm coinc (strict)",14.0,as is,"no MM loss, DREAM",False,2000000000000.0002,0.017201007782862026,0.020139919424278337,163263.8644916166,0.0,54606.58358839921,7419.908483908419,11027.119720311786,0.0,0.0,274301.8833073621,2.1870286461323905
tubeBe25,"nTOF 5 ns + veto, per-arm coinc (strict)",14.0,as is,"no MM loss, no dead time",False,1000000000.0,0.02605504476942232,1.0,0.47195599823068357,0.0,1355.680289429854,184.2089912972502,273.7627566428784,0.0,0.0,3.404952591030424,108.59172770552217
tubeBe25,"nTOF 5 ns + veto, per-arm coinc (strict)",14.0,as is,"no MM loss, no dead time",False,1242553630.827767,0.023131361676398895,1.0,0.5986669933953781,0.0,1684.5054658727029,228.88955096751874,340.164907252027,0.0,0.0,5.2570408876885315,108.59172770552217
tubeBe25,"nTOF 5 ns + veto, per-arm coinc (strict)",14.0,as is,"no MM loss, no dead time",False,1543939525.4832668,0.02055925368443361,1.0,0.7627680372018392,0.0,2093.0883827693465,284.40754261322775,422.67314058619684,0.0,0.0,8.116553213583964,108.59172770552217
tubeBe25,"nTOF 5 ns + veto, per-arm coinc (strict)",14.0,as is,"no MM loss, no dead time",False,1918427663.1677406,0.018293635925239585,1.0,0.9769485943605815,0.0,2600.7745696534803,353.3916247088703,525.1940454887562,0.0,0.0,12.53146731714061,108.59172770552217
tubeBe25,"nTOF 5 ns + veto, per-arm coinc (strict)",14.0,as is,"no MM loss, no dead time",False,2383749258.3495045,0.01629668022388257,1.0,1.2589452691052752,0.0,3231.6018844874566,439.1080463861305,652.5817681111774,0.0,0.0,19.347827703235144,108.59172770552217
tubeBe25,"nTOF 5 ns + veto, per-arm coinc (strict)",14.0,as is,"no MM loss, no dead time",False,2961936295.9451733,0.014536332922112254,1.0,1.6338371676178303,0.0,4015.4386549597416,545.615297362774,810.8678453785471,0.0,0.0,29.87187592326486,108.59172770552217
tubeBe25,"nTOF 5 ns + veto, per-arm coinc (strict)",14.0,as is,"no MM loss, no dead time",False,3680364698.807223,0.012985130891385071,1.0,2.137480655427982,0.0,4989.3978800863915,677.9562687732864,1007.5467853966022,0.0,0.0,46.12036993826057,108.59172770552217
tubeBe25,"nTOF 5 ns + veto, per-arm coinc (strict)",14.0,as is,"no MM loss, no dead time",False,4573050519.273255,0.01161926000655617,1.0,2.8216767986276334,0.0,6199.594451545711,842.3970233066929,1251.9309164233935,0.0,0.0,71.20706207759073,108.59172770552217
tubeBe25,"nTOF 5 ns + veto, per-arm coinc (strict)",14.0,as is,"no MM loss, no dead time",False,5682260526.681813,0.010417810922355615,1.0,3.761981069838612,0.0,7703.328595427835,1046.7234799082385,1555.5913057474277,0.0,0.0,109.93939763513391,108.59172770552219
tubeBe25,"nTOF 5 ns + veto, per-arm coinc (strict)",14.0,as is,"no MM loss, no dead time",False,7060513448.737786,0.009362200359238447,1.0,5.069551678271102,0.0,9571.79891570822,1300.6100604326568,1932.9056250405733,0.0,0.0,169.73978141670477,108.59172770552217
tubeBe25,"nTOF 5 ns + veto, per-arm coinc (strict)",14.0,as is,"no MM loss, no dead time",False,8773066621.237415,0.008435742736724467,1.0,6.909182504375806,0.0,11893.473496266528,1616.0777528817193,2401.7389024415784,0.0,0.0,262.06795757614054,108.59172770552217
tubeBe25,"nTOF 5 ns + veto, per-arm coinc (strict)",14.0,as is,"no MM loss, no dead time",False,10901005783.71244,0.007623368357835395,1.0,9.526821584693426,0.0,14778.278675939795,2008.0632795431595,2984.28939352908,0.0,0.0,404.61707806447544,108.5917277055222
tubeBe25,"nTOF 5 ns + veto, per-arm coinc (strict)",14.0,as is,"no MM loss, no dead time",False,13545084316.226381,0.006911477218380885,1.0,13.291656300875406,0.0,18362.803826173556,2495.1263189282663,3708.1396213703524,0.0,0.0,624.704299509292,108.59172770552217
tubeBe25,"nTOF 5 ns + veto, per-arm coinc (strict)",14.0,as is,"no MM loss, no dead time",False,16830493696.995401,0.006287890923507226,1.0,18.76059124828855,0.0,22816.768566390056,3100.3282669582495,4607.5623501500495,0.0,0.0,964.5056597517408,108.59172770552217
tubeBe25,"nTOF 5 ns + veto, per-arm coinc (strict)",14.0,as is,"no MM loss, no dead time",False,20912791051.82548,0.0057418405895564625,1.0,26.777177984787468,0.0,28351.05862592483,3852.3241448669323,5725.143327444266,0.0,0.0,1489.1384106430276,108.59172770552217
tubeBe25,"nTOF 5 ns + veto, per-arm coinc (strict)",14.0,as is,"no MM loss, no dead time",False,25985264452.18819,0.005263930801105288,1.0,38.62358597183355,0.0,35227.710833453784,4786.71935332988,7113.797628525235,0.0,0.0,2299.139651107103,108.59172770552219
tubeBe25,"nTOF 5 ns + veto, per-arm coinc (strict)",14.0,as is,"no MM loss, no dead time",False,32288084693.086143,0.004846048734482593,1.0,56.254278995122746,0.0,43772.320001858665,5947.755512233584,8839.275072297993,0.0,0.0,3549.732581950064,108.59172770552219
tubeBe25,"nTOF 5 ns + veto, per-arm coinc (strict)",14.0,as is,"no MM loss, no dead time",False,40119676867.86863,0.0044812211527155985,1.0,82.6556076540184,0.0,54389.45514806437,7390.405207001702,10983.273334969239,0.0,0.0,5480.57243816847,108.59172770552217
tubeBe25,"nTOF 5 ns + veto, per-arm coinc (strict)",14.0,as is,"no MM loss, no dead time",False,49850850159.80715,0.004163441391505527,1.0,122.39952006285411,0.0,67581.81497297164,9182.97482324844,13647.306160739883,0.0,0.0,8461.672409562567,108.59172770552217
tubeBe25,"nTOF 5 ns + veto, per-arm coinc (strict)",14.0,as is,"no MM loss, no dead time",False,61942354865.91934,0.003887491610764162,1.0,182.4966207514893,0.0,83974.02957259624,11410.338708427322,16957.509821045493,0.0,0.0,13064.310484814883,108.59172770552217
tubeBe25,"nTOF 5 ns + veto, per-arm coinc (strict)",14.0,as is,"no MM loss, no dead time",False,76966697940.67009,0.0036487799048177845,1.0,273.71095952688205,0.0,104342.23534066777,14177.957791130984,21070.6153979376,0.0,0.0,20170.50533069116,108.59172770552217
tubeBe25,"nTOF 5 ns + veto, per-arm coinc (strict)",14.0,as is,"no MM loss, no dead time",False,95635249979.00362,0.003443204162915851,1.0,412.5871498446953,0.0,129650.82337123205,17616.87293109262,26181.369666482813,0.0,0.0,31142.040429025,108.59172770552217
tubeBe25,"nTOF 5 ns + veto, per-arm coinc (strict)",14.0,as is,"no MM loss, no dead time",False,118831927096.53207,0.0032670478375911886,1.0,624.5765929555644,0.0,161098.1013197339,21889.909424360547,32531.75593913219,0.0,0.0,48081.42712256956,108.59172770552219
tubeBe25,"nTOF 5 ns + veto, per-arm coinc (strict)",14.0,as is,"no MM loss, no dead time",False,147655042472.05704,0.003116907556991842,1.0,948.859800133156,0.0,200173.0307142957,27199.386433730262,40422.45145937163,0.0,0.0,74234.81577617892,108.59172770552217
tubeBe25,"nTOF 5 ns + veto, per-arm coinc (strict)",14.0,as is,"no MM loss, no dead time",False,183469309133.68265,0.0029896487084090807,1.0,1445.7863256766777,0.0,248725.72610784622,33796.69636951905,50227.063827801394,0.0,0.0,114614.06624381147,108.59172770552217
tubeBe25,"nTOF 5 ns + veto, per-arm coinc (strict)",14.0,as is,"no MM loss, no dead time",False,227970456209.51935,0.0028823827047685224,1.0,2208.354812942885,0.0,309055.054055577,41994.20778392951,62409.820525052615,0.0,0.0,176957.1870501779,108.59172770552217
tubeBe25,"nTOF 5 ns + veto, per-arm coinc (strict)",14.0,as is,"no MM loss, no dead time",False,283265518084.60077,0.002792458654887022,1.0,3379.929090764111,0.0,384017.4795424292,52180.0553556573,77547.54909271345,0.0,0.0,273211.1954051054,108.59172770552217
tubeBe25,"nTOF 5 ns + veto, per-arm coinc (strict)",14.0,as is,"no MM loss, no dead time",False,351972597984.32916,0.0027174624739457857,1.0,5181.580316991534,0.0,477162.31350677303,64836.51723896585,96356.9886869456,0.0,0.0,421821.56339047453,108.59172770552217
tubeBe25,"nTOF 5 ns + veto, per-arm coinc (strict)",14.0,as is,"no MM loss, no dead time",False,437344829577.31195,0.0026552177561613368,1.0,7954.288624905698,0.0,592899.7651420204,80562.84990550444,119728.72614859481,0.0,0.0,651266.9844197042,108.59172770552219
tubeBe25,"nTOF 5 ns + veto, per-arm coinc (strict)",14.0,as is,"no MM loss, no dead time",False,543424405915.04004,0.002603784515295746,1.0,12224.083797580368,0.0,736709.7558941479,100103.661659917,148769.36339031986,0.0,0.0,1005516.8388878764,108.59172770552217
tubeBe25,"nTOF 5 ns + veto, per-arm coinc (strict)",14.0,as is,"no MM loss, no dead time",False,675233968650.1552,0.0025614537194429137,1.0,18802.59850529076,0.0,915401.3820525114,124384.16825468416,184853.91263657747,0.0,0.0,1552457.1910979818,108.59172770552219
tubeBe25,"nTOF 5 ns + veto, per-arm coinc (strict)",14.0,as is,"no MM loss, no dead time",False,839014419404.4929,0.0025267370702588207,1.0,28942.291541698127,0.0,1137435.310934104,154553.9998823497,229690.90031929815,0.0,0.0,2396900.0189569034,108.5917277055222
tubeBe25,"nTOF 5 ns + veto, per-arm coinc (strict)",14.0,as is,"no MM loss, no dead time",False,1042520413147.9036,0.0024983525401376283,1.0,44576.072196914494,0.0,1413324.3754328806,192041.63371276783,285403.26215984265,0.0,0.0,3700668.6778991544,108.59172770552217
tubeBe25,"nTOF 5 ns + veto, per-arm coinc (strict)",14.0,as is,"no MM loss, no dead time",False,1295387524568.9966,0.002475206770479103,1.0,68687.22738287016,0.0,1756131.3342315194,238622.02923989674,354628.859646803,0.0,0.0,5713608.642526454,108.59172770552217
tubeBe25,"nTOF 5 ns + veto, per-arm coinc (strict)",14.0,as is,"no MM loss, no dead time",False,1609588471982.2002,0.0024563756327175635,1.0,105880.51901042408,0.0,2182087.365559786,296500.6688275234,440645.37715044565,0.0,0.0,8821466.216339389,108.59172770552217
tubeBe25,"nTOF 5 ns + veto, per-arm coinc (strict)",14.0,as is,"no MM loss, no dead time",True,2000000000000.0002,0.0024410841829463985,1.0,163263.8644916166,0.0,2711360.578859709,368417.9825945005,547525.5132857569,0.0,0.0,13619810.364121702,108.5917277055222
tubeBe25,"nTOF 5 ns + veto, per-arm coinc (strict)",14.0,no Be window + air,MM occ + DREAM,False,1000000000.0,0.02608945347642306,0.9999943906667095,0.018823371662281055,0.005567617499822552,1340.6606872144334,182.16813712583482,270.729734964956,0.0,0.0,0.008436856957384109,107.38863832911167
tubeBe25,"nTOF 5 ns + veto, per-arm coinc (strict)",14.0,no Be window + air,MM occ + DREAM,False,1242553630.827767,0.023166089770051686,0.9999913395550453,0.02906214751225738,0.006918063339464727,1661.3445451865036,225.7424595253951,335.48784766587073,0.0,0.0,0.012990822952222876,107.09865781437645
tubeBe25,"nTOF 5 ns + veto, per-arm coinc (strict)",14.0,no Be window + air,MM occ + DREAM,False,1543939525.4832668,0.020593813419977285,0.9999866288597145,0.04487019823959937,0.008596064720748364,2057.383787707962,279.55602452875337,415.4630421249046,0.0,0.0,0.019989752181630873,106.7393340385085
tubeBe25,"nTOF 5 ns + veto, per-arm coinc (strict)",14.0,no Be window + air,MM occ + DREAM,False,1918427663.1677406,0.01832730352417474,0.9999793559181585,0.0692768725783877,0.010681071429596399,2545.7531130520924,345.91534353898646,514.0831473285141,0.0,0.0,0.030734313937266364,106.29438325170617
tubeBe25,"nTOF 5 ns + veto, per-arm coinc (strict)",14.0,no Be window + air,MM occ + DREAM,False,2383749258.3495045,0.0163284734462543,0.9999681271439822,0.10695930177564064,0.013271804085975732,3146.8516355038187,427.5922354687701,635.4675104437678,0.0,0.0,0.0472061573898735,105.74385959256435
tubeBe25,"nTOF 5 ns + veto, per-arm coinc (strict)",14.0,no Be window + air,MM occ + DREAM,False,2961936295.9451733,0.014565021360328372,0.9999507910909343,0.1651386936295041,0.01649092835466394,3884.9710367314515,527.8874388564772,784.5215341595293,0.0,0.0,0.07241446232893661,105.06341976946769
tubeBe25,"nTOF 5 ns + veto, per-arm coinc (strict)",14.0,no Be window + air,MM occ + DREAM,False,3680364698.807223,0.013009298642059824,0.9999240264538465,0.2549641562812632,0.020490862902808254,4788.693099925958,650.6846285568172,967.0169537567018,0.0,0.0,0.11090973622801718,104.22348942102577
tubeBe25,"nTOF 5 ns + veto, per-arm coinc (strict)",14.0,no Be window + air,MM occ + DREAM,False,4573050519.273255,0.01163744253668269,0.9998827062863669,0.3936492384641348,0.025460996098678388,5891.110890521643,800.4804696390681,1189.6365018011393,0.0,0.0,0.16953720075341708,103.1883479970312
tubeBe25,"nTOF 5 ns + veto, per-arm coinc (strict)",14.0,no Be window + air,MM occ + DREAM,False,5682260526.681813,0.010428725144289072,0.9998189171526412,0.6077706184411709,0.03163665314690458,7229.704146229412,982.3676854625958,1459.948744712218,0.0,0.0,0.2585255547420861,101.91517268324787
tubeBe25,"nTOF 5 ns + veto, per-arm coinc (strict)",14.0,no Be window + air,MM occ + DREAM,False,7060513448.737786,0.00936507435644297,0.9997204465700623,0.9383610802387327,0.03931023823492498,8845.608253345437,1201.9357266340967,1786.2604616293954,0.0,0.0,0.3930300872489921,100.35311975271844
tubeBe25,"nTOF 5 ns + veto, per-arm coinc (strict)",14.0,no Be window + air,MM occ + DREAM,False,8773066621.237415,0.008430726714836299,0.9995684520312879,1.4487727609557548,0.048845079247510546,10781.891397098934,1465.0366712725308,2177.2687363738996,0.0,0.0,0.5952620445499646,98.44257988314449
tubeBe25,"nTOF 5 ns + veto, per-arm coinc (strict)",14.0,no Be window + air,MM occ + DREAM,False,10901005783.71244,0.007611978760386877,0.9993338723980905,2.2368175290831105,0.06069263056706425,13080.294158757815,1777.342203499496,2641.4025596752354,0.0,0.0,0.8973169928780437,96.11482992999069
tubeBe25,"nTOF 5 ns + veto, per-arm coinc (strict)",14.0,no Be window + air,MM occ + DREAM,False,13545084316.226381,0.00689701235382878,0.9989719117768219,3.45351099444523,0.075413848475594,15775.699872292536,2143.592248955193,3185.7061865418345,0.0,0.0,1.3447209145026602,93.29242533508078
tubeBe25,"nTOF 5 ns + veto, per-arm coinc (strict)",14.0,no Be window + air,MM occ + DREAM,False,16830493696.995401,0.006275779871991308,0.9984135811102651,5.332012126015057,0.09370575123804477,18887.428613285145,2566.412007447057,3814.081065708424,0.0,0.0,2.0004675122599846,89.89084054841032
tubeBe25,"nTOF 5 ns + veto, per-arm coinc (strict)",14.0,no Be window + air,MM occ + DREAM,False,20912791051.82548,0.005739946416162952,0.9975527769199649,8.23230427171071,0.11643442143027603,22406.370270211904,3044.5636027092173,4524.6875235709,0.0,0.0,2.94880000182107,85.82206722351583
tubeBe25,"nTOF 5 ns + veto, per-arm coinc (strict)",14.0,no Be window + air,MM occ + DREAM,False,25985264452.18819,0.005282898444051581,0.9962266584101179,12.710179950898906,0.14467601310151987,26277.170165821553,3570.5254757579346,5306.3473722072795,0.0,0.0,4.297021689765319,81.00109941883514
tubeBe25,"nTOF 5 ns + veto, per-arm coinc (strict)",14.0,no Be window + air,MM occ + DREAM,False,32288084693.086143,0.004899843325733131,0.9941861215851329,19.623749202197786,0.1797677053729791,30375.470724309267,4127.399996836559,6133.948147397793,0.0,0.0,6.1720169767019755,75.35640892877488
tubeBe25,"nTOF 5 ns + veto, per-arm coinc (strict)",14.0,no Be window + air,MM occ + DREAM,False,40119676867.86863,0.004588046254312644,0.9910520203941242,30.29788203144388,0.22337101501677142,34482.08840834756,4685.404643742127,6963.228462547561,0.0,0.0,8.705882449592648,68.84550589748429
tubeBe25,"nTOF 5 ns + veto, per-arm coinc (strict)",14.0,no Be window + air,MM occ + DREAM,False,49850850159.80715,0.004347287574925253,0.9862517754190089,46.778097606775844,0.2775504657307742,38259.595802754426,5198.689989975374,7726.049052029315,0.0,0.0,12.002584112724367,61.476236043640576
tubeBe25,"nTOF 5 ns + veto, per-arm coinc (strict)",14.0,no Be window + air,MM occ + DREAM,False,61942354865.91934,0.004180690393440701,0.9789311299462641,72.22255382201543,0.3448713389317111,41242.56751730819,5604.014324105269,8328.42305269242,0.0,0.0,16.07663742802773,53.33317556047917
tubeBe25,"nTOF 5 ns + veto, per-arm coinc (strict)",14.0,no Be window + air,MM occ + DREAM,True,76966697940.67009,0.004096197184434349,0.967839504197095,111.50725547715223,0.4285211343580312,42860.25524591897,5823.824722651859,8655.094949764914,0.0,0.0,20.759620932827985,44.605802739976305
tubeBe25,"nTOF 5 ns + veto, per-arm coinc (strict)",14.0,no Be window + air,MM occ + DREAM,False,95635249979.00362,0.004109234348673507,0.9511998187450408,172.16045910933573,0.5324604913830049,42516.52210353545,5777.118477877488,8585.682321033692,0.0,0.0,25.588070600964073,35.61059213664339
tubeBe25,"nTOF 5 ns + veto, per-arm coinc (strict)",14.0,no Be window + air,MM occ + DREAM,False,118831927096.53207,0.004247653885522421,0.9266037274682608,265.80533754424914,0.6616107168402897,39748.12966090879,5400.951041242659,8026.639932889566,0.0,0.0,29.724300921629954,26.79310331767681
tubeBe25,"nTOF 5 ns + veto, per-arm coinc (strict)",14.0,no Be window + air,MM occ + DREAM,False,147655042472.05704,0.0045612647621627225,0.8910309786197236,410.38736671899085,0.822086798404467,34454.25373787684,4681.622486097378,6957.607597379184,0.0,0.0,32.014958410456735,18.69106406017606
tubeBe25,"nTOF 5 ns + veto, per-arm coinc (strict)",14.0,no Be window + air,MM occ + DREAM,False,183469309133.68265,0.005141146258491985,0.8411725311618331,633.6132762364464,1.0214869362130452,27123.985909299598,3685.590270265146,5477.351269004095,0.0,0.0,31.31689866788892,11.842122398203207
tubeBe25,"nTOF 5 ns + veto, per-arm coinc (strict)",14.0,no Be window + air,MM occ + DREAM,False,227970456209.51935,0.006161169629019655,0.7742804757149971,978.2605810523967,1.2692523014346506,18900.601128765546,2568.2018806261617,3816.741091215877,0.0,0.0,27.115398831830714,6.641046325929049
tubeBe25,"nTOF 5 ns + veto, per-arm coinc (strict)",14.0,no Be window + air,MM occ + DREAM,False,283265518084.60077,0.007973734845977735,0.6896115115214232,1510.3751773090225,1.577114055584125,11300.343158824455,1535.4835729560434,2281.9636150875426,0.0,0.0,20.144066867403627,3.1954894051806937
tubeBe25,"nTOF 5 ns + veto, per-arm coinc (strict)",14.0,no Be window + air,MM occ + DREAM,False,351972597984.32916,0.011349461796998271,0.5900002540224438,2331.9279345561968,1.9596487959955593,5589.706656798466,759.5258505450504,1128.7716691918274,0.0,0.0,12.381112854591999,1.2720952305890514
tubeBe25,"nTOF 5 ns + veto, per-arm coinc (strict)",14.0,no Be window + air,MM occ + DREAM,False,437344829577.31195,0.018138392026366246,0.48241454239552434,3600.3557087398976,2.434968726611554,2194.899837301223,298.2416194881746,443.23269630725076,0.0,0.0,6.0408842494745345,0.4020038115819065
tubeBe25,"nTOF 5 ns + veto, per-arm coinc (strict)",14.0,no Be window + air,MM occ + DREAM,False,543424405915.04004,0.033315054045057184,0.3764348781329142,5558.73148452285,3.025579232203251,653.132878413873,88.747287729829,131.89205348989586,0.0,0.0,2.233585065599378,0.09627241545371072
tubeBe25,"nTOF 5 ns + veto, per-arm coinc (strict)",14.0,no Be window + air,MM occ + DREAM,False,675233968650.1552,0.07222396611720232,0.2810932030328051,8582.3452505031,3.759444460331237,139.65289395146064,18.975948036656547,28.201163297421854,0.0,0.0,0.593425266017693,0.016566666088335926
tubeBe25,"nTOF 5 ns + veto, per-arm coinc (strict)",14.0,no Be window + air,MM occ + DREAM,False,839014419404.4929,0.19078555434937905,0.20207386908528197,13250.622053595325,4.671311364079913,20.13665670207132,2.7361563401851767,4.066347125728846,0.0,0.0,0.1063208897114757,0.0019224603988205091
tubeBe25,"nTOF 5 ns + veto, per-arm coinc (strict)",14.0,no Be window + air,MM occ + DREAM,False,1042520413147.9036,0.6388322189427642,0.1409139114433282,20458.15912578608,5.804354896164505,1.8096605311636917,0.24589554309763256,0.36543841454502607,0.0,0.0,0.011872535950960569,0.0001390439215904479
tubeBe25,"nTOF 5 ns + veto, per-arm coinc (strict)",14.0,no Be window + air,MM occ + DREAM,False,1295387524568.9966,2.8505542408453275,0.0960367936757753,31586.160492927575,7.212222250842162,0.09173561830191435,0.012464978538953357,0.018524866035511102,0.0,0.0,0.0007478241982516436,5.672542303277356e-06
tubeBe25,"nTOF 5 ns + veto, per-arm coinc (strict)",14.0,no Be window + air,MM occ + DREAM,False,1609588471982.2002,18.062900768864367,0.06438071251192361,48767.12164328893,8.96157294412074,0.0023104924615711844,0.0003139482731027422,0.00046657518768553703,0.0,0.0,2.340352204360225e-05,1.1498181613284515e-07
tubeBe25,"nTOF 5 ns + veto, per-arm coinc (strict)",14.0,no Be window + air,MM occ + DREAM,False,2000000000000.0002,176.16234430478914,0.04266674126599077,75293.48664912424,11.135234999645107,2.46226346802303e-05,3.345708226999049e-06,4.972234529355949e-06,0.0,0.0,3.099033912043121e-07,9.861522887939225e-10
tubeBe25,"nTOF 5 ns + veto, per-arm coinc (strict)",14.0,no Be window + air,"MM occ ÷10, DAQ 10 µs",False,1000000000.0,0.02595897961446912,0.9999998117663188,0.018823371662281055,0.0005567617499822552,1354.1712928340012,184.00394978196059,273.45803356689487,0.0,0.0,0.00852187999722334,108.47085514528582
tubeBe25,"nTOF 5 ns + veto, per-arm coinc (strict)",14.0,no Be window + air,"MM occ ÷10, DAQ 10 µs",False,1242553630.827767,0.02302220349584563,0.9999997093786094,0.02906214751225738,0.0006918063339464727,1682.175885546331,228.57300904726458,339.6944775076831,0.0,0.0,0.013153712856822186,108.44155119520825
tubeBe25,"nTOF 5 ns + veto, per-arm coinc (strict)",14.0,no Be window + air,"MM occ ÷10, DAQ 10 µs",False,1543939525.4832668,0.020434972918395973,0.9999995512982188,0.04487019823959937,0.0008596064720748364,2089.492072060802,283.91887815953777,421.9469104115812,0.0,0.0,0.020301719570032264,108.40514715000354
tubeBe25,"nTOF 5 ns + veto, per-arm coinc (strict)",14.0,no Be window + air,"MM occ ÷10, DAQ 10 µs",False,1918427663.1677406,0.018151786828820595,0.9999993072317542,0.0692768725783877,0.00106810714295964,2595.2228899530146,352.6372659374093,524.0729528899717,0.0,0.0,0.03133155160571279,108.3599250351271
tubeBe25,"nTOF 5 ns + veto, per-arm coinc (strict)",14.0,no Be window + air,"MM occ ÷10, DAQ 10 µs",False,2383749258.3495045,0.01613434767503266,0.9999989304081263,0.10695930177564064,0.0013271804085975732,3223.031974007741,437.94357230084313,650.8511813825793,0.0,0.0,0.04834894436109791,108.30375244788259
tubeBe25,"nTOF 5 ns + veto, per-arm coinc (strict)",14.0,no Be window + air,"MM occ ÷10, DAQ 10 µs",False,2961936295.9451733,0.01435010475352038,0.9999983486157907,0.1651386936295041,0.001649092835466394,4002.2101995652715,543.8178231030715,808.1965235018823,0.0,0.0,0.07459975814201647,108.23398327219941
tubeBe25,"nTOF 5 ns + veto, per-arm coinc (strict)",14.0,no Be window + air,"MM occ ÷10, DAQ 10 µs",False,3680364698.807223,0.01277111387192116,0.9999974503649379,0.2549641562812632,0.0020490862902808253,4968.97963872136,675.1818508849078,1003.423575753832,0.0,0.0,0.11508530815255112,108.14733498322863
tubeBe25,"nTOF 5 ns + veto, per-arm coinc (strict)",14.0,no Be window + air,"MM occ ÷10, DAQ 10 µs",False,4573050519.273255,0.011373159235329656,0.9999960635231112,0.3936492384641348,0.002546099609867839,6168.080843921295,838.1149739784752,1245.5671356984774,0.0,0.0,0.1775079742568885,108.03973722857802
tubeBe25,"nTOF 5 ns + veto, per-arm coinc (strict)",14.0,no Be window + air,"MM occ ÷10, DAQ 10 µs",False,5682260526.681813,0.010135088715418683,0.999993922330754,0.6077706184411709,0.003163665314690458,7654.694442574219,1040.1151015836347,1545.770244059058,0.0,0.0,0.27372269834579027,107.90614528248973
tubeBe25,"nTOF 5 ns + veto, per-arm coinc (strict)",14.0,no Be window + air,"MM occ ÷10, DAQ 10 µs",False,7060513448.737786,0.009038316749620164,0.999990616477249,0.9383610802387327,0.003931023823492498,9496.750914036587,1290.4125848223716,1917.7506154277935,0.0,0.0,0.42196180674337447,107.74031072172043
tubeBe25,"nTOF 5 ns + veto, per-arm coinc (strict)",14.0,no Be window + air,"MM occ ÷10, DAQ 10 µs",False,8773066621.237415,0.008066452753839257,0.9999855124822816,1.4487727609557548,0.004884507924751055,11777.681008728712,1600.3439419711017,2378.3560511645856,0.0,0.0,0.6502390182857463,107.5345002873925
tubeBe25,"nTOF 5 ns + veto, per-arm coinc (strict)",14.0,no Be window + air,"MM occ ÷10, DAQ 10 µs",False,10901005783.71244,0.007205018526735744,0.9999776323250332,2.2368175290831105,0.006069263056706425,14599.649938866927,1983.791318278064,2948.2175439506873,0.0,0.0,1.001545823145333,107.27915243190938
tubeBe25,"nTOF 5 ns + veto, per-arm coinc (strict)",14.0,no Be window + air,"MM occ ÷10, DAQ 10 µs",False,13545084316.226381,0.006441225523751178,0.9999654660826882,3.45351099444523,0.0075413848475594,18087.295453422994,2457.6904132549066,3652.504135488863,0.0,0.0,1.5417613595530606,106.96245962219838
tubeBe25,"nTOF 5 ns + veto, per-arm coinc (strict)",14.0,no Be window + air,"MM occ ÷10, DAQ 10 µs",False,16830493696.995401,0.005763790917519747,0.9999466827216235,5.332012126015057,0.009370575123804478,22391.944197353692,3042.603396936285,4521.774357757407,0.0,0.0,2.3716493028403467,106.56986330036617
tubeBe25,"nTOF 5 ns + veto, per-arm coinc (strict)",14.0,no Be window + air,"MM occ ÷10, DAQ 10 µs",False,20912791051.82548,0.0051627787111001595,0.9999176837338083,8.23230427171071,0.011643442143027604,27696.198536850527,3763.3421648309627,5592.902485264744,0.0,0.0,3.6449701272891235,106.08344787667149
tubeBe25,"nTOF 5 ns + veto, per-arm coinc (strict)",14.0,no Be window + air,"MM occ ÷10, DAQ 10 µs",False,25985264452.18819,0.004629457962948089,0.9998729143533054,12.710179950898906,0.014467601310151987,34218.646546141346,4649.608327987705,6910.029658246113,0.0,0.0,5.595665951672134,105.48122089901291
tubeBe25,"nTOF 5 ns + veto, per-arm coinc (strict)",14.0,no Be window + air,"MM occ ÷10, DAQ 10 µs",False,32288084693.086143,0.004156174177093856,0.9998038010095759,19.623749202197786,0.01797677053729791,42218.22056780031,5736.585451448887,8525.44403965542,0.0,0.0,8.57835509564889,104.73626967717449
tubeBe25,"nTOF 5 ns + veto, per-arm coinc (strict)",14.0,no Be window + air,"MM occ ÷10, DAQ 10 µs",False,40119676867.86863,0.003736232337054251,0.9996971129480473,30.29788203144388,0.022337101501677142,51997.3710175111,7065.370308860125,10500.221725524245,0.0,0.0,13.128062152312095,103.81579185827763
tubeBe25,"nTOF 5 ns + veto, per-arm coinc (strict)",14.0,no Be window + air,"MM occ ÷10, DAQ 10 µs",False,49850850159.80715,0.0033637913571509265,0.9995324377406622,46.778097606775844,0.02775504657307742,63902.67180773861,8683.055147060792,12904.349002735027,0.0,0.0,20.047184956015254,102.68001147019461
tubeBe25,"nTOF 5 ns + veto, per-arm coinc (strict)",14.0,no Be window + air,"MM occ ÷10, DAQ 10 µs",False,61942354865.91934,0.0030337703413265095,0.9992782956950599,72.22255382201543,0.03448713389317112,78320.6538507964,10642.161545082203,15815.88097683714,0.0,0.0,30.529931352040567,101.2810169998037
tubeBe25,"nTOF 5 ns + veto, per-arm coinc (strict)",14.0,no Be window + air,"MM occ ÷10, DAQ 10 µs",False,76966697940.67009,0.002741767344200775,0.9988861694471087,111.50725547715223,0.04285211343580312,95665.48190930396,12998.96595228181,19318.453065416194,0.0,0.0,46.33614824266739,99.56160061546763
tubeBe25,"nTOF 5 ns + veto, per-arm coinc (strict)",14.0,no Be window + air,"MM occ ÷10, DAQ 10 µs",False,95635249979.00362,0.0024839915918286183,0.9982813542373422,172.16045910933573,0.05324604913830049,116353.46150284544,15810.03570273683,23496.13298527503,0.0,0.0,70.02596732515407,97.45424734352676
tubeBe25,"nTOF 5 ns + veto, per-arm coinc (strict)",14.0,no Be window + air,"MM occ ÷10, DAQ 10 µs",False,118831927096.53207,0.002257210548309883,0.9973489931422839,265.80533754424914,0.06616107168402897,140757.25824263928,19126.008367022703,28424.175917025685,0.0,0.0,105.26057795928327,94.8805338762127
tubeBe25,"nTOF 5 ns + veto, per-arm coinc (strict)",14.0,no Be window + air,"MM occ ÷10, DAQ 10 µs",False,147655042472.05704,0.002058714013611469,0.9959128992778389,410.38736671899085,0.0822086798404467,169130.28087057074,22981.316966768885,34153.754601230044,0.0,0.0,157.15618016905736,91.75136801155432
tubeBe25,"nTOF 5 ns + veto, per-arm coinc (strict)",14.0,no Be window + air,"MM occ ÷10, DAQ 10 µs",False,183469309133.68265,0.0018862988833976634,0.993703761043567,633.6132762364464,0.10214869362130452,201489.49714630132,27378.267070564223,40688.2954657083,0.0,0.0,232.6363900156425,87.96875559284383
tubeBe25,"nTOF 5 ns + veto, per-arm coinc (strict)",14.0,no Be window + air,"MM occ ÷10, DAQ 10 µs",False,227970456209.51935,0.001738280743616266,0.9903121664462899,978.2605810523967,0.12692523014346507,237444.49794278445,32263.810129980877,47948.96024772837,0.0,0.0,340.6453698630546,83.43014594784938
tubeBe25,"nTOF 5 ns + veto, per-arm coinc (strict)",14.0,no Be window + air,"MM occ ÷10, DAQ 10 µs",False,283265518084.60077,0.0016135429084814857,0.9851209772925098,1510.3751773090225,0.1577114055584125,275965.1071377825,37497.966456728376,55727.7177047839,0.0,0.0,491.9372352787904,78.0368846913915
tubeBe25,"nTOF 5 ns + veto, per-arm coinc (strict)",14.0,no Be window + air,"MM occ ÷10, DAQ 10 µs",False,351972597984.32916,0.0015116413111237242,0.9772121176486823,2331.9279345561968,0.19596487959955594,315095.3887450751,42814.96469020436,63629.59091526612,0.0,0.0,697.9313598271656,71.70883300570043
tubeBe25,"nTOF 5 ns + veto, per-arm coinc (strict)",14.0,no Be window + air,"MM occ ÷10, DAQ 10 µs",False,437344829577.31195,0.0014329976214268176,0.965247651090486,3600.3557087398976,0.2434968726611554,351658.67503333086,47783.16120245486,71013.09137938023,0.0,0.0,967.8479696877365,64.40755306313369
tubeBe25,"nTOF 5 ns + veto, per-arm coinc (strict)",14.0,no Be window + air,"MM occ ÷10, DAQ 10 µs",False,543424405915.04004,0.0013792385989075417,0.9473399177278112,5558.73148452285,0.3025579232203251,381069.1448820149,51779.43748281795,76952.16961391305,0.0,0.0,1303.1809898105341,56.1699590468701
tubeBe25,"nTOF 5 ns + veto, per-arm coinc (strict)",14.0,no Be window + air,"MM occ ÷10, DAQ 10 µs",True,675233968650.1552,0.0013537882142131276,0.9209600305583441,8582.3452505031,0.3759444460331237,397476.2184038659,54008.820389071654,80265.37384857319,0.0,0.0,1688.9906393490373,47.15158849941225
tubeBe25,"nTOF 5 ns + veto, per-arm coinc (strict)",14.0,no Be window + air,"MM occ ÷10, DAQ 10 µs",False,839014419404.4929,0.0013629144341103993,0.8829973574244516,13250.622053595325,0.4671311364079913,394585.5350925327,53616.036145550315,79681.63634197791,0.0,0.0,2083.3987378848938,37.67135112775523
tubeBe25,"nTOF 5 ns + veto, per-arm coinc (strict)",14.0,no Be window + air,"MM occ ÷10, DAQ 10 µs",False,1042520413147.9036,0.0014176286612571577,0.8301637740916906,20458.15912578608,0.5804354896164505,367490.204065811,49934.33948283893,74210.07156976585,0.0,0.0,2410.971883545225,28.235836633142743
tubeBe25,"nTOF 5 ns + veto, per-arm coinc (strict)",14.0,no Be window + air,"MM occ ÷10, DAQ 10 µs",False,1295387524568.9966,0.001537261496287013,0.7599583392766807,31586.160492927575,0.7212222250842162,315428.63156387757,42860.245516360264,63696.8851537515,0.0,0.0,2571.358517784661,19.50477131273278
tubeBe25,"nTOF 5 ns + veto, per-arm coinc (strict)",14.0,no Be window + air,"MM occ ÷10, DAQ 10 µs",False,1609588471982.2002,0.001756521033823311,0.6721915359751206,48767.12164328893,0.8961572944120739,244327.77419321425,33199.10540925741,49338.95219180584,0.0,0.0,2474.8535406632377,12.158988473534105
tubeBe25,"nTOF 5 ns + veto, per-arm coinc (strict)",14.0,no Be window + air,"MM occ ÷10, DAQ 10 µs",False,2000000000000.0002,0.0021402608352682566,0.5704718521582307,75293.48664912424,1.1135234999645107,166811.9944945888,22666.309661442203,33685.605529561115,0.0,0.0,2099.515484788267,6.680927216176338
tubeBe25,"nTOF 5 ns + veto, per-arm coinc (strict)",14.0,no Be window + air,"no MM loss, DREAM",False,1000000000.0,0.025944600994475913,0.9999943906667095,0.018823371662281055,0.0,1355.6726849672755,184.20795800762292,273.76122101633393,0.0,0.0,0.008531328346672366,108.5911185783289
tubeBe25,"nTOF 5 ns + veto, per-arm coinc (strict)",14.0,no Be window + air,"no MM loss, DREAM",False,1242553630.827767,0.023006378377436264,0.9999913395550453,0.02906214751225738,0.0,1684.49087730584,228.8875686821619,340.1619612725723,0.0,0.0,0.013171814850277287,108.59078725284186
tubeBe25,"nTOF 5 ns + veto, per-arm coinc (strict)",14.0,no Be window + air,"no MM loss, DREAM",False,1543939525.4832668,0.02041754635392345,0.9999866288597145,0.04487019823959937,0.0,2093.0603957909507,284.40373976007714,422.6674889643391,0.0,0.0,0.020336389769873276,108.59027571029718
tubeBe25,"nTOF 5 ns + veto, per-arm coinc (strict)",14.0,no Be window + air,"no MM loss, DREAM",False,1918427663.1677406,0.01813259001174713,0.9999793559181585,0.0692768725783877,0.0,2600.7208790504137,353.38432926324776,525.1832033398983,0.0,0.0,0.03139792761133438,108.58948592900812
tubeBe25,"nTOF 5 ns + veto, per-arm coinc (strict)",14.0,no Be window + air,"no MM loss, DREAM",False,2383749258.3495045,0.016113196859898045,0.9999681271439822,0.10695930177564064,0.0,3231.498884105884,439.09405075859166,652.5609684664425,0.0,0.0,0.04847595711447638,108.58826657702029
tubeBe25,"nTOF 5 ns + veto, per-arm coinc (strict)",14.0,no Be window + air,"no MM loss, DREAM",False,2961936295.9451733,0.014326800278661265,0.9999507910909343,0.1651386936295041,0.0,4015.2410596041123,545.5884482292213,810.8279434564798,0.0,0.0,0.07484264868469348,108.58638402506827
tubeBe25,"nTOF 5 ns + veto, per-arm coinc (strict)",14.0,no Be window + air,"no MM loss, DREAM",False,3680364698.807223,0.012745439470447309,0.9999240264538465,0.2549641562812632,0.0,4989.0188178362705,677.9047620314109,1007.4702384944002,0.0,0.0,0.11554943062260357,108.58347760688544
tubeBe25,"nTOF 5 ns + veto, per-arm coinc (strict)",14.0,no Be window + air,"no MM loss, DREAM",False,4573050519.273255,0.011344881904711057,0.9998827062863669,0.3936492384641348,0.0,6198.867278089469,842.2982154314755,1251.7840727969935,0.0,0.0,0.17839396095227544,108.57899057850973
tubeBe25,"nTOF 5 ns + veto, per-arm coinc (strict)",14.0,no Be window + air,"no MM loss, DREAM",False,5682260526.681813,0.010103959519947841,0.9998189171526412,0.6077706184411709,0.0,7701.933654751634,1046.5339362400994,1555.309614844456,0.0,0.0,0.2754119159523108,108.57206360626967
tubeBe25,"nTOF 5 ns + veto, per-arm coinc (strict)",14.0,no Be window + air,"no MM loss, DREAM",False,7060513448.737786,0.009004073062427693,0.9997204465700623,0.9383610802387327,0.0,9569.123086490657,1300.2464704292518,1932.3652746433472,0.0,0.0,0.425177463647835,108.56137051557924
tubeBe25,"nTOF 5 ns + veto, per-arm coinc (strict)",14.0,no Be window + air,"no MM loss, DREAM",False,8773066621.237415,0.008028822622411806,0.9995684520312879,1.4487727609557548,0.0,11888.340891938284,1615.3803378101825,2400.7024368968528,0.0,0.0,0.6563484870146478,108.5448651660119
tubeBe25,"nTOF 5 ns + veto, per-arm coinc (strict)",14.0,no Be window + air,"no MM loss, DREAM",False,10901005783.71244,0.007163728091129025,0.9993338723980905,2.2368175290831105,0.0,14768.434456605039,2006.7256531662747,2982.301475991964,0.0,0.0,1.013124554790273,108.5193917583585
tubeBe25,"nTOF 5 ns + veto, per-arm coinc (strict)",14.0,no Be window + air,"no MM loss, DREAM",False,13545084316.226381,0.006396010759289853,0.9989719117768219,3.45351099444523,0.0,18343.925243815338,2492.5611089444346,3704.3273266957217,0.0,0.0,1.5636364870731476,108.48008582913359
tubeBe25,"nTOF 5 ns + veto, per-arm coinc (strict)",14.0,no Be window + air,"no MM loss, DREAM",False,16830493696.995401,0.005714415449403089,0.9984135811102651,5.332012126015057,0.0,22780.571613733624,3095.409847631169,4600.252826202142,0.0,0.0,2.4128108890339672,108.4194557374212
tubeBe25,"nTOF 5 ns + veto, per-arm coinc (strict)",14.0,no Be window + air,"no MM loss, DREAM",False,20912791051.82548,0.005109060099286751,0.9975527769199649,8.23230427171071,0.0,28281.67726091204,3842.896648307838,5711.132624556836,0.0,0.0,3.7220223067255245,108.32597952318038
tubeBe25,"nTOF 5 ns + veto, per-arm coinc (strict)",14.0,no Be window + air,"no MM loss, DREAM",False,25985264452.18819,0.004571305729616624,0.9962266584101179,12.710179950898906,0.0,35094.78464704958,4768.657426114868,7086.954840071519,0.0,0.0,5.738938016322738,108.1819740230538
tubeBe25,"nTOF 5 ns + veto, per-arm coinc (strict)",14.0,no Be window + air,"no MM loss, DREAM",False,32288084693.086143,0.004093643991631828,0.9941861215851329,19.623749202197786,0.0,43517.8330554312,5913.175984844102,8787.884601752081,0.0,0.0,8.842424430066556,107.96038860378192
tubeBe25,"nTOF 5 ns + veto, per-arm coinc (strict)",14.0,no Be window + air,"no MM loss, DREAM",False,40119676867.86863,0.0036696022072058095,0.9910520203941242,30.29788203144388,0.0,53902.77941262478,7324.276011930294,10884.995229162174,0.0,0.0,13.609131086127338,107.62005114064635
tubeBe25,"nTOF 5 ns + veto, per-arm coinc (strict)",14.0,no Be window + air,"no MM loss, DREAM",False,49850850159.80715,0.0032936673462992195,0.9862517754190089,46.778097606775844,0.0,66652.68500313224,9056.725223056832,13459.679930716486,0.0,0.0,20.909903549776185,107.09878424538883
tubeBe25,"nTOF 5 ns + veto, per-arm coinc (strict)",14.0,no Be window + air,"no MM loss, DREAM",False,61942354865.91934,0.002961230998817195,0.9789311299462641,72.22255382201543,0.0,82204.79165564264,11169.935764910351,16600.234250190933,0.0,0.0,32.04399507231703,106.30382270558388
tubeBe25,"nTOF 5 ns + veto, per-arm coinc (strict)",14.0,no Be window + air,"no MM loss, DREAM",False,76966697940.67009,0.0026685570428916466,0.967839504197095,111.50725547715223,0.0,100986.53731892852,13721.987639095549,20392.9739598676,0.0,0.0,48.91343325024785,105.09936390241853
tubeBe25,"nTOF 5 ns + veto, per-arm coinc (strict)",14.0,no Be window + air,"no MM loss, DREAM",False,95635249979.00362,0.0024127718453918374,0.9511998187450408,172.16045910933573,0.0,123323.83969086122,16757.166338909723,24903.71408125536,0.0,0.0,74.22100775569616,103.29243171070353
tubeBe25,"nTOF 5 ns + veto, per-arm coinc (strict)",14.0,no Be window + air,"no MM loss, DREAM",False,118831927096.53207,0.0021918722488147215,0.9266037274682608,265.80533754424914,0.0,149274.101170925,20283.271666555098,30144.046314287614,0.0,0.0,111.62961228271692,100.62149966415528
tubeBe25,"nTOF 5 ns + veto, per-arm coinc (strict)",14.0,no Be window + air,"no MM loss, DREAM",False,147655042472.05704,0.002004737534669694,0.8910309786197236,410.38736671899085,0.0,178360.37145063488,24235.495911902715,36017.65648205218,0.0,0.0,165.73279797345475,96.75859340745797
tubeBe25,"nTOF 5 ns + veto, per-arm coinc (strict)",14.0,no Be window + air,"no MM loss, DREAM",False,183469309133.68265,0.0018511167875109229,0.8411725311618331,633.6132762364464,0.0,209221.24859520188,28428.852630056277,42249.62641285865,0.0,0.0,241.563340407823,91.34437845729065
tubeBe25,"nTOF 5 ns + veto, per-arm coinc (strict)",14.0,no Be window + air,"no MM loss, DREAM",False,227970456209.51935,0.001731545449125083,0.7742804757149971,978.2605810523967,0.0,239295.2942762764,32515.295180215377,48322.70552542535,0.0,0.0,343.3005806892724,84.08045458654517
tubeBe25,"nTOF 5 ns + veto, per-arm coinc (strict)",14.0,no Be window + air,"no MM loss, DREAM",False,283265518084.60077,0.0016471375126237493,0.6896115115214232,1510.3751773090225,0.0,264822.87451790174,35983.96684508636,53477.68254460788,0.0,0.0,472.0750173096158,74.88610548172797
tubeBe25,"nTOF 5 ns + veto, per-arm coinc (strict)",14.0,no Be window + air,"no MM loss, DREAM",False,351972597984.32916,0.0015992288239796038,0.5900002540224438,2331.9279345561968,0.0,281525.8861789331,38253.5616409204,56850.647802135645,0.0,0.0,623.5754364732246,64.06914693099415
tubeBe25,"nTOF 5 ns + veto, per-arm coinc (strict)",14.0,no Be window + air,"no MM loss, DREAM",True,437344829577.31195,0.0015889319670937569,0.48241454239552434,3600.3557087398976,0.0,286023.4688874016,38864.69037124323,57758.878636573405,0.0,0.0,787.2043356231065,52.38622862899886
tubeBe25,"nTOF 5 ns + veto, per-arm coinc (strict)",14.0,no Be window + air,"no MM loss, DREAM",False,543424405915.04004,0.0016167696835811115,0.3764348781329142,5558.73148452285,0.0,277323.2471793426,37682.509677609334,56001.9771777463,0.0,0.0,948.3905706103363,40.87771378507085
tubeBe25,"nTOF 5 ns + veto, per-arm coinc (strict)",14.0,no Be window + air,"no MM loss, DREAM",False,675233968650.1552,0.001682578555457404,0.2810932030328051,8582.3452505031,0.0,257313.106541797,34963.54426128053,51961.178396161886,0.0,0.0,1093.3973108532766,30.52439656361144
tubeBe25,"nTOF 5 ns + veto, per-arm coinc (strict)",14.0,no Be window + air,"no MM loss, DREAM",False,839014419404.4929,0.0017857503322530606,0.20207386908528197,13250.622053595325,0.0,229845.95411467503,31231.32473883261,46414.528921202414,0.0,0.0,1213.5791308167634,21.943550568110275
tubeBe25,"nTOF 5 ns + veto, per-arm coinc (strict)",14.0,no Be window + air,"no MM loss, DREAM",False,1042520413147.9036,0.001925695027016311,0.1409139114433282,20458.15912578608,0.0,199157.0658804461,27061.337766433044,40217.290009629054,0.0,0.0,1306.5983281587858,15.302085101373965
tubeBe25,"nTOF 5 ns + veto, per-arm coinc (strict)",14.0,no Be window + air,"no MM loss, DREAM",False,1295387524568.9966,0.002102330463591939,0.0960367936757753,31586.160492927575,0.0,168653.22261315645,22916.494588606787,34057.41862537549,0.0,0.0,1374.8526833726887,10.428801348551204
tubeBe25,"nTOF 5 ns + veto, per-arm coinc (strict)",14.0,no Be window + air,"no MM loss, DREAM",False,1609588471982.2002,0.002316465397560397,0.06438071251192361,48767.12164328893,0.0,140484.3393580053,19088.924319377857,28369.06334603099,0.0,0.0,1422.9989440044237,6.9912128025823135
tubeBe25,"nTOF 5 ns + veto, per-arm coinc (strict)",14.0,no Be window + air,"no MM loss, DREAM",False,2000000000000.0002,0.0025700523286401322,0.04266674126599077,75293.48664912424,0.0,115684.92029701409,15719.194741097837,23361.129411892176,0.0,0.0,1456.024084215098,4.633255149638436
tubeBe25,"nTOF 5 ns + veto, per-arm coinc (strict)",14.0,no Be window + air,"no MM loss, no dead time",False,1000000000.0,0.02594452822841685,1.0,0.018823371662281055,0.0,1355.6802894298542,184.20899129725024,273.76275664287846,0.0,0.0,0.00853137620200491,108.59172770552217
tubeBe25,"nTOF 5 ns + veto, per-arm coinc (strict)",14.0,no Be window + air,"no MM loss, no dead time",False,1242553630.827767,0.023006278754483807,1.0,0.02906214751225738,0.0,1684.5054658727029,228.88955096751874,340.164907252027,0.0,0.0,0.013171928925042691,108.59172770552217
tubeBe25,"nTOF 5 ns + veto, per-arm coinc (strict)",14.0,no Be window + air,"no MM loss, no dead time",False,1543939525.4832668,0.020417409850528825,1.0,0.04487019823959937,0.0,2093.0883827693465,284.40754261322775,422.67314058619684,0.0,0.0,0.020336661694229735,108.59172770552217
tubeBe25,"nTOF 5 ns + veto, per-arm coinc (strict)",14.0,no Be window + air,"no MM loss, no dead time",False,1918427663.1677406,0.018132402845445067,1.0,0.0692768725783877,0.0,2600.7745696534803,353.3916247088703,525.1940454887562,0.0,0.0,0.03139857580610303,108.59172770552217
tubeBe25,"nTOF 5 ns + veto, per-arm coinc (strict)",14.0,no Be window + air,"no MM loss, no dead time",False,2383749258.3495045,0.01611294007105011,1.0,0.10695930177564064,0.0,3231.6018844874566,439.1080463861305,652.5817681111774,0.0,0.0,0.0484775022309251,108.59172770552217
tubeBe25,"nTOF 5 ns + veto, per-arm coinc (strict)",14.0,no Be window + air,"no MM loss, no dead time",False,2961936295.9451733,0.01432644777121855,1.0,0.1651386936295041,0.0,4015.438654959742,545.6152973627741,810.8678453785473,0.0,0.0,0.07484633179102848,108.5917277055222
tubeBe25,"nTOF 5 ns + veto, per-arm coinc (strict)",14.0,no Be window + air,"no MM loss, no dead time",False,3680364698.807223,0.012744955303134218,1.0,0.2549641562812632,0.0,4989.3978800863915,677.9562687732863,1007.5467853966022,0.0,0.0,0.11555820998960366,108.59172770552217
tubeBe25,"nTOF 5 ns + veto, per-arm coinc (strict)",14.0,no Be window + air,"no MM loss, no dead time",False,4573050519.273255,0.011344216543535138,1.0,0.3936492384641348,0.0,6199.59445154571,842.3970233066926,1251.930916423393,0.0,0.0,0.17841488789704432,108.59172770552217
tubeBe25,"nTOF 5 ns + veto, per-arm coinc (strict)",14.0,no Be window + air,"no MM loss, no dead time",False,5682260526.681813,0.010103044651649483,1.0,0.6077706184411709,0.0,7703.328595427835,1046.7234799082385,1555.5913057474274,0.0,0.0,0.2754617973589152,108.59172770552217
tubeBe25,"nTOF 5 ns + veto, per-arm coinc (strict)",14.0,no Be window + air,"no MM loss, no dead time",False,7060513448.737786,0.009002814414702711,1.0,0.9383610802387327,0.0,9571.798915708217,1300.6100604326568,1932.905625040573,0.0,0.0,0.4252963567030913,108.59172770552219
tubeBe25,"nTOF 5 ns + veto, per-arm coinc (strict)",14.0,no Be window + air,"no MM loss, no dead time",False,8773066621.237415,0.008027090024419927,1.0,1.4487727609557548,0.0,11893.473496266528,1616.077752881719,2401.7389024415784,0.0,0.0,0.6566318551579328,108.59172770552217
tubeBe25,"nTOF 5 ns + veto, per-arm coinc (strict)",14.0,no Be window + air,"no MM loss, no dead time",False,10901005783.71244,0.007161341715148061,1.0,2.2368175290831105,0.0,14778.278675939795,2008.0632795431593,2984.289393529079,0.0,0.0,1.013799874869736,108.59172770552217
tubeBe25,"nTOF 5 ns + veto, per-arm coinc (strict)",14.0,no Be window + air,"no MM loss, no dead time",False,13545084316.226381,0.00639272208214146,1.0,3.45351099444523,0.0,18362.80382617356,2495.1263189282663,3708.1396213703524,0.0,0.0,1.5652456977413753,108.59172770552219
tubeBe25,"nTOF 5 ns + veto, per-arm coinc (strict)",14.0,no Be window + air,"no MM loss, no dead time",False,16830493696.995401,0.005709880921967901,1.0,5.332012126015057,0.0,22816.76856639006,3100.32826695825,4607.562350150051,0.0,0.0,2.4166446998355644,108.59172770552219
tubeBe25,"nTOF 5 ns + veto, per-arm coinc (strict)",14.0,no Be window + air,"no MM loss, no dead time",False,20912791051.82548,0.00510280476499673,1.0,8.23230427171071,0.0,28351.05862592483,3852.3241448669323,5725.143327444266,0.0,0.0,3.7311532711257716,108.59172770552219
tubeBe25,"nTOF 5 ns + veto, per-arm coinc (strict)",14.0,no Be window + air,"no MM loss, no dead time",False,25985264452.18819,0.00456267302937349,1.0,12.710179950898906,0.0,35227.710833453784,4786.71935332988,7113.797628525235,0.0,0.0,5.760675010927262,108.59172770552217
tubeBe25,"nTOF 5 ns + veto, per-arm coinc (strict)",14.0,no Be window + air,"no MM loss, no dead time",False,32288084693.086143,0.004081726670697868,1.0,19.623749202197786,0.0,43772.32000185866,5947.755512233583,8839.275072297989,0.0,0.0,8.894133842834352,108.59172770552217
tubeBe25,"nTOF 5 ns + veto, per-arm coinc (strict)",14.0,no Be window + air,"no MM loss, no dead time",False,40119676867.86863,0.0036531475526596427,1.0,30.29788203144388,0.0,54389.45514806438,7390.405207001703,10983.27333496924,0.0,0.0,13.732004784890329,108.59172770552219
tubeBe25,"nTOF 5 ns + veto, per-arm coinc (strict)",14.0,no Be window + air,"no MM loss, no dead time",False,49850850159.80715,0.0032709479490158995,1.0,46.778097606775844,0.0,67581.81497297164,9182.97482324844,13647.306160739883,0.0,0.0,21.201384951517703,108.59172770552217
tubeBe25,"nTOF 5 ns + veto, per-arm coinc (strict)",14.0,no Be window + air,"no MM loss, no dead time",False,61942354865.91934,0.0029298700389098894,1.0,72.22255382201543,0.0,83974.02957259626,11410.33870842732,16957.509821045493,0.0,0.0,32.733656221634305,108.59172770552217
tubeBe25,"nTOF 5 ns + veto, per-arm coinc (strict)",14.0,no Be window + air,"no MM loss, no dead time",False,76966697940.67009,0.0026252953119351476,1.0,111.50725547715223,0.0,104342.23534066777,14177.95779113098,21070.6153979376,0.0,0.0,50.53878565416246,108.59172770552217
tubeBe25,"nTOF 5 ns + veto, per-arm coinc (strict)",14.0,no Be window + air,"no MM loss, no dead time",False,95635249979.00362,0.0023531636758677282,1.0,172.16045910933573,0.0,129650.82337123205,17616.87293109262,26181.369666482813,0.0,0.0,78.02882874138808,108.59172770552217
tubeBe25,"nTOF 5 ns + veto, per-arm coinc (strict)",14.0,no Be window + air,"no MM loss, no dead time",False,118831927096.53207,0.002109901882246782,1.0,265.80533754424914,0.0,161098.1013197339,21889.909424360547,32531.75593913219,0.0,0.0,120.47179282099381,108.59172770552217
tubeBe25,"nTOF 5 ns + veto, per-arm coinc (strict)",14.0,no Be window + air,"no MM loss, no dead time",False,147655042472.05704,0.0018923607144514674,1.0,410.38736671899085,0.0,200173.03071429566,27199.386433730262,40422.45145937164,0.0,0.0,186.00116264216513,108.59172770552217
tubeBe25,"nTOF 5 ns + veto, per-arm coinc (strict)",14.0,no Be window + air,"no MM loss, no dead time",False,183469309133.68265,0.0016977602473965386,1.0,633.6132762364464,0.0,248725.72610784622,33796.69636951905,50227.0638278014,0.0,0.0,287.17454678908035,108.59172770552219
tubeBe25,"nTOF 5 ns + veto, per-arm coinc (strict)",14.0,no Be window + air,"no MM loss, no dead time",False,227970456209.51935,0.0015236423987992668,1.0,978.2605810523967,0.0,309055.054055577,41994.207783929516,62409.82052505263,0.0,0.0,443.38013350040484,108.59172770552217
tubeBe25,"nTOF 5 ns + veto, per-arm coinc (strict)",14.0,no Be window + air,"no MM loss, no dead time",False,283265518084.60077,0.0013678299516631045,1.0,1510.3751773090225,0.0,384017.47954242915,52180.0553556573,77547.54909271345,0.0,0.0,684.5521129253226,108.59172770552217
tubeBe25,"nTOF 5 ns + veto, per-arm coinc (strict)",14.0,no Be window + air,"no MM loss, no dead time",False,351972597984.32916,0.0012283912325576813,1.0,2331.9279345561968,0.0,477162.31350677303,64836.51723896585,96356.9886869456,0.0,0.0,1056.90706439849,108.59172770552217
tubeBe25,"nTOF 5 ns + veto, per-arm coinc (strict)",14.0,no Be window + air,"no MM loss, no dead time",False,437344829577.31195,0.0011036096723350244,1.0,3600.3557087398976,0.0,592899.7651420204,80562.84990550444,119728.72614859478,0.0,0.0,1631.8005914873304,108.59172770552217
tubeBe25,"nTOF 5 ns + veto, per-arm coinc (strict)",14.0,no Be window + air,"no MM loss, no dead time",False,543424405915.04004,0.0009919575444757383,1.0,5558.73148452285,0.0,736709.7558941478,100103.66165991698,148769.36339031986,0.0,0.0,2519.4014309042636,108.59172770552217
tubeBe25,"nTOF 5 ns + veto, per-arm coinc (strict)",14.0,no Be window + air,"no MM loss, no dead time",False,675233968650.1552,0.0008920732602430619,1.0,8582.3452505031,0.0,915401.3820525111,124384.16825468413,184853.91263657747,0.0,0.0,3889.80344973219,108.59172770552217
tubeBe25,"nTOF 5 ns + veto, per-arm coinc (strict)",14.0,no Be window + air,"no MM loss, no dead time",False,839014419404.4929,0.0008027416893164338,1.0,13250.622053595325,0.0,1137435.3109341038,154553.9998823497,229690.90031929815,0.0,0.0,6005.621292402693,108.59172770552217
tubeBe25,"nTOF 5 ns + veto, per-arm coinc (strict)",14.0,no Be window + air,"no MM loss, no dead time",False,1042520413147.9036,0.0007228770616210002,1.0,20458.15912578608,0.0,1413324.3754328806,192041.63371276783,285403.26215984265,0.0,0.0,9272.316088424415,108.59172770552216
tubeBe25,"nTOF 5 ns + veto, per-arm coinc (strict)",14.0,no Be window + air,"no MM loss, no dead time",False,1295387524568.9966,0.0006515080849434132,1.0,31586.160492927575,0.0,1756131.3342315191,238622.02923989674,354628.85964680294,0.0,0.0,14315.89530169297,108.59172770552216
tubeBe25,"nTOF 5 ns + veto, per-arm coinc (strict)",14.0,no Be window + air,"no MM loss, no dead time",False,1609588471982.2002,0.000587764980176619,1.0,48767.12164328893,0.0,2182087.3655597856,296500.66882752336,440645.37715044554,0.0,0.0,22102.876598963976,108.59172770552216
tubeBe25,"nTOF 5 ns + veto, per-arm coinc (strict)",14.0,no Be window + air,"no MM loss, no dead time",True,2000000000000.0002,0.000530868190367703,1.0,75293.48664912424,0.0,2711360.5788597087,368417.9825945004,547525.5132857567,0.0,0.0,34125.504808019636,108.59172770552217
tubeBe25,"nTOF 5 ns + veto, per-arm coinc (strict)",14.0,oracle: no accidentals,MM occ + DREAM,False,1000000000.0,0.026105502186197914,0.9998593768901674,0.47195599823068357,0.0061251586976635965,1338.9857663177506,181.94054992014463,270.3915055421268,0.0,0.0,0.0,107.25447501984253
tubeBe25,"nTOF 5 ns + veto, per-arm coinc (strict)",14.0,oracle: no accidentals,MM occ + DREAM,False,1242553630.827767,0.0231838121148984,0.9998216290578372,0.5986669933953781,0.007610838179178178,1658.7627040642974,225.3916405657041,334.96647699437824,0.0,0.0,0.0,106.93221929945226
tubeBe25,"nTOF 5 ns + veto, per-arm coinc (strict)",14.0,oracle: no accidentals,MM occ + DREAM,False,1543939525.4832668,0.020613411851897898,0.9997727467806786,0.7627680372018392,0.009456874613180438,2053.405515871616,279.0154594354984,414.6596796558297,0.0,0.0,0.0,106.53293691952045
tubeBe25,"nTOF 5 ns + veto, per-arm coinc (strict)",14.0,oracle: no accidentals,MM occ + DREAM,False,1918427663.1677406,0.018349008038480604,0.9997089540512858,0.9769485943605815,0.011750673886890335,2539.6261266937217,345.0828124580469,512.8458787125586,0.0,0.0,0.0,106.03855945134798
tubeBe25,"nTOF 5 ns + veto, per-arm coinc (strict)",14.0,oracle: no accidentals,MM occ + DREAM,False,2383749258.3495045,0.01635254767049376,0.9996249750063172,1.2589452691052752,0.014600842502828615,3137.4211523851736,426.3108273106107,633.5631417846057,0.0,0.0,0.0,105.42696645672753
tubeBe25,"nTOF 5 ns + veto, per-arm coinc (strict)",14.0,oracle: no accidentals,MM occ + DREAM,False,2961936295.9451733,0.014591770540527495,0.9995133534642068,1.6338371676178303,0.018142329865034074,3870.4669967312366,525.9166389569682,781.5926238523745,0.0,0.0,0.0,104.67117899637354
tubeBe25,"nTOF 5 ns + veto, per-arm coinc (strict)",14.0,oracle: no accidentals,MM occ + DREAM,False,3680364698.807223,0.013039080148519924,0.9993634362362162,2.137480655427982,0.022542817845473122,4766.407302345302,647.6564482958845,962.5166143866938,0.0,0.0,0.0,103.73845027988257
tubeBe25,"nTOF 5 ns + veto, per-arm coinc (strict)",14.0,oracle: no accidentals,MM occ + DREAM,False,4573050519.273255,0.011670679765425948,0.9991598467649944,2.8216767986276334,0.028010660162981607,5856.9093640684505,795.8331875786212,1182.7299293325243,0.0,0.0,0.0,102.58927609374045
tubeBe25,"nTOF 5 ns + veto, per-arm coinc (strict)",14.0,oracle: no accidentals,MM occ + DREAM,False,5682260526.681813,0.010465926085889084,0.9988801850325555,3.761981069838612,0.034804747487395635,7177.295086414609,975.2463751370011,1449.3653875594812,0.0,0.0,0.0,101.17637642365571
tubeBe25,"nTOF 5 ns + veto, per-arm coinc (strict)",14.0,oracle: no accidentals,MM occ + DREAM,False,7060513448.737786,0.009406856716717895,0.99849155245141,5.069551678271102,0.04324676536050705,8765.451643843435,1191.0440965814232,1770.0738322658876,0.0,0.0,0.0,99.443745789737
tubeBe25,"nTOF 5 ns + veto, per-arm coinc (strict)",14.0,oracle: no accidentals,MM occ + DREAM,False,8773066621.237415,0.00847785241738257,0.9979452941223906,6.909182504375806,0.053736425320254536,10659.591888798908,1448.4186904434582,2152.571873264409,0.0,0.0,0.0,97.32594100485511
tubeBe25,"nTOF 5 ns + veto, per-arm coinc (strict)",14.0,oracle: no accidentals,MM occ + DREAM,False,10901005783.71244,0.007665402127780384,0.9971690442308984,9.526821584693426,0.06677039038938742,12894.26571590791,1752.0647748334857,2603.836431639258,0.0,0.0,0.0,94.7478811496616
tubeBe25,"nTOF 5 ns + veto, per-arm coinc (strict)",14.0,oracle: no accidentals,MM occ + DREAM,False,13545084316.226381,0.006957948572752285,0.9960547133617523,13.291656300875406,0.08296579101012079,15493.838295148858,2105.293073835574,3128.78775012862,0.0,0.0,0.0,91.62558644023794
tubeBe25,"nTOF 5 ns + veto, per-arm coinc (strict)",14.0,oracle: no accidentals,MM occ + DREAM,False,16830493696.995401,0.006345804054136551,0.9944404254777377,18.76059124828855,0.10308944485412372,18462.501939217127,2508.673236281265,3728.2724140883024,0.0,0.0,0.0,87.86848924345037
tubeBe25,"nTOF 5 ns + veto, per-arm coinc (strict)",14.0,oracle: no accidentals,MM occ + DREAM,False,20912791051.82548,0.005821139655962907,0.9920835708906504,26.777177984787468,0.12809416400351029,21769.896312553137,2958.0799187304538,4396.159531728998,0.0,0.0,0.0,83.38421092990511
tubeBe25,"nTOF 5 ns + veto, per-arm coinc (strict)",14.0,oracle: no accidentals,MM occ + DREAM,False,25985264452.18819,0.005378067521265105,0.9886211401076411,38.62358597183355,0.15916386857040915,25331.816653505844,3442.071430743955,5115.444999758967,0.0,0.0,0.0,78.08698525228651
tubeBe25,"nTOF 5 ns + veto, per-arm coinc (strict)",14.0,oracle: no accidentals,MM occ + DREAM,False,32288084693.086143,0.005012858380688353,0.9835126156631325,56.254278995122746,0.19776964278875545,28986.713060954302,3938.6964726225024,5853.505826893988,0.0,0.0,0.0,71.9111358881502
tubeBe25,"nTOF 5 ns + veto, per-arm coinc (strict)",14.0,oracle: no accidentals,MM occ + DREAM,False,40119676867.86863,0.004724372079327002,0.9759607486398612,82.6556076540184,0.24573938771467851,32471.364561046626,4412.188742783351,6557.187814485783,0.0,0.0,0.0,64.83097815634963
tubeBe25,"nTOF 5 ns + veto, per-arm coinc (strict)",14.0,oracle: no accidentals,MM occ + DREAM,False,49850850159.80715,0.004514841217100368,0.9648085530537963,122.39952006285411,0.3053443684422675,35403.99308381863,4810.672475446138,7149.395634325989,0.0,0.0,0.0,56.88780004182792
tubeBe25,"nTOF 5 ns + veto, per-arm coinc (strict)",14.0,oracle: no accidentals,MM occ + DREAM,False,61942354865.91934,0.0043912649513785235,0.9484210749159467,182.4966207514893,0.37940675366075083,37290.45398177161,5067.003604432139,7530.342926802892,0.0,0.0,0.0,48.222466462718415
tubeBe25,"nTOF 5 ns + veto, per-arm coinc (strict)",14.0,oracle: no accidentals,MM occ + DREAM,True,76966697940.67009,0.0043679001229635726,0.9245853918769934,273.71095952688205,0.47143323932174225,37577.28988100335,5105.978687331322,7588.265865632992,0.0,0.0,0.0,39.10768077132585
tubeBe25,"nTOF 5 ns + veto, per-arm coinc (strict)",14.0,oracle: no accidentals,MM occ + DREAM,False,95635249979.00362,0.004470810360447726,0.8905108291752541,412.5871498446953,0.5857810832121263,35777.62438122113,4861.441262857323,7224.845823240354,0.0,0.0,0.0,29.966289019480968
tubeBe25,"nTOF 5 ns + veto, per-arm coinc (strict)",14.0,oracle: no accidentals,MM occ + DREAM,False,118831927096.53207,0.0047464560693593364,0.8430822981338272,624.5765929555644,0.7278644118154498,31677.09866852836,4304.264389214612,6396.795705860625,0.0,0.0,0.0,21.352646896108514
tubeBe25,"nTOF 5 ns + veto, per-arm coinc (strict)",14.0,oracle: no accidentals,MM occ + DREAM,False,147655042472.05704,0.005278639314957625,0.7795689202595001,948.859800133156,0.9044105676516079,25568.134559470884,3474.182160259397,5163.166458782518,0.0,0.0,0.0,13.87043946985575
tubeBe25,"nTOF 5 ns + veto, per-arm coinc (strict)",14.0,oracle: no accidentals,MM occ + DREAM,False,183469309133.68265,0.0062237767218229646,0.6988880498679704,1445.7863256766777,1.1237786345945076,18366.508419778034,2495.629696794248,3708.8877179277124,0.0,0.0,0.0,8.018675480142866
tubeBe25,"nTOF 5 ns + veto, per-arm coinc (strict)",14.0,oracle: no accidentals,MM occ + DREAM,False,227970456209.51935,0.007889217666943813,0.6031036676360091,2208.354812942885,1.3963552226620757,11417.449087814317,1551.3958534711064,2305.6116995138286,0.0,0.0,0.0,4.011714114251746
tubeBe25,"nTOF 5 ns + veto, per-arm coinc (strict)",14.0,oracle: no accidentals,MM occ + DREAM,False,283265518084.60077,0.010920899672725037,0.49820177331953597,3379.929090764111,1.7350462518440772,5952.703289793833,808.8496063964369,1202.0743200275112,0.0,0.0,0.0,1.6832940404881684
tubeBe25,"nTOF 5 ns + veto, per-arm coinc (strict)",14.0,oracle: no accidentals,MM occ + DREAM,False,351972597984.32916,0.01679483076403162,0.3930646209069056,5181.580316991534,2.1558880198829664,2515.066947011153,341.7457264565115,507.88645812998516,0.0,0.0,0.0,0.5723743416863902
tubeBe25,"nTOF 5 ns + veto, per-arm coinc (strict)",14.0,oracle: no accidentals,MM occ + DREAM,False,437344829577.31195,0.029245285068281522,0.29670262414694615,7954.288624905698,2.6788064867636754,828.9358359237453,112.63528383220397,167.3932720656372,0.0,0.0,0.0,0.15182258430886517
tubeBe25,"nTOF 5 ns + veto, per-arm coinc (strict)",14.0,oracle: no accidentals,MM occ + DREAM,False,543424405915.04004,0.058955437551172496,0.21538833463248913,12224.083797580368,3.3285607264131802,203.87664915537337,27.70263179511835,41.17035109462359,0.0,0.0,0.0,0.03005161448381256
tubeBe25,"nTOF 5 ns + veto, per-arm coinc (strict)",14.0,oracle: no accidentals,MM occ + DREAM,False,675233968650.1552,0.1413824032558981,0.1514423133938455,18802.59850529076,4.135915216035406,35.43630957515078,4.815063620111275,7.155921547420023,0.0,0.0,0.0,0.004203718888478388
tubeBe25,"nTOF 5 ns + veto, per-arm coinc (strict)",14.0,oracle: no accidentals,MM occ + DREAM,False,839014419404.4929,0.417505537354407,0.10389823173808554,28942.291541698127,5.139096468480602,4.062303681018976,0.5519832878431267,0.8203316539358823,0.0,0.0,0.0,0.00038783091306008336
tubeBe25,"nTOF 5 ns + veto, per-arm coinc (strict)",14.0,oracle: no accidentals,MM occ + DREAM,False,1042520413147.9036,1.5867994438868314,0.07001002081238414,44576.072196914494,6.385602976084727,0.28114980312240123,0.038202459710009504,0.05677470251098877,0.0,0.0,0.0,2.16019361130582e-05
tubeBe25,"nTOF 5 ns + veto, per-arm coinc (strict)",14.0,oracle: no accidentals,MM occ + DREAM,False,1295387524568.9966,8.212199548768634,0.0465792354789271,68687.22738287016,7.934454162958706,0.010494699995683934,0.001426013282958646,0.0021192740083037817,0.0,0.0,0.0,6.489478218786857e-07
tubeBe25,"nTOF 5 ns + veto, per-arm coinc (strict)",14.0,oracle: no accidentals,MM occ + DREAM,False,1609588471982.2002,62.15343891303756,0.030719706193287274,105880.51901042408,9.858984828820832,0.00018318241311271382,2.4890711922263417e-05,3.6991407762756224e-05,0.0,0.0,0.0,9.11608537730259e-09
tubeBe25,"nTOF 5 ns + veto, per-arm coinc (strict)",14.0,oracle: no accidentals,MM occ + DREAM,False,2000000000000.0002,752.488013687503,0.020139919424278337,163263.8644916166,12.250317395327196,1.249552516367975e-06,1.6978841575537666e-07,2.523315741315441e-07,0.0,0.0,0.0,5.004537857087512e-11
tubeBe25,"nTOF 5 ns + veto, per-arm coinc (strict)",14.0,oracle: no accidentals,"MM occ ÷10, DAQ 10 µs",False,1000000000.0,0.025960223580274812,0.9999952804622918,0.47195599823068357,0.0006125158697663597,1354.0141645168999,183.98259928433723,273.426303459456,0.0,0.0,0.0,108.45826896581669
tubeBe25,"nTOF 5 ns + veto, per-arm coinc (strict)",14.0,oracle: no accidentals,"MM occ ÷10, DAQ 10 µs",False,1242553630.827767,0.023023566619973693,0.999994013365906,0.5986669933953781,0.0007610838179178179,1681.93324749596,228.54003954047326,339.64547977418056,0.0,0.0,0.0,108.42590952135758
tubeBe25,"nTOF 5 ns + veto, per-arm coinc (strict)",14.0,oracle: no accidentals,"MM occ ÷10, DAQ 10 µs",False,1543939525.4832668,0.020436467180510363,0.999992372377809,0.7627680372018392,0.0009456874613180438,2089.1173742141227,283.8679644500766,421.8712448463186,0.0,0.0,0.0,108.38570741354833
tubeBe25,"nTOF 5 ns + veto, per-arm coinc (strict)",14.0,oracle: no accidentals,"MM occ ÷10, DAQ 10 µs",False,1918427663.1677406,0.018153425020223143,0.9999902306094983,0.9769485943605815,0.0011750673886890336,2594.6442271383667,352.558637595448,523.9560991387295,0.0,0.0,0.0,108.33576377350343
tubeBe25,"nTOF 5 ns + veto, per-arm coinc (strict)",14.0,oracle: no accidentals,"MM occ ÷10, DAQ 10 µs",False,2383749258.3495045,0.016136143516569376,0.9999874107058013,1.2589452691052752,0.0014600842502828617,3222.1382626538884,437.8221353600779,650.6707075011033,0.0,0.0,0.0,108.27372100729865
tubeBe25,"nTOF 5 ns + veto, per-arm coinc (strict)",14.0,oracle: no accidentals,"MM occ ÷10, DAQ 10 µs",False,2961936295.9451733,0.014352073089475073,0.9999836618952618,1.6338371676178303,0.0018142329865034074,4000.82980660899,543.630256170032,807.9177703298338,0.0,0.0,0.0,108.19665254225535
tubeBe25,"nTOF 5 ns + veto, per-arm coinc (strict)",14.0,oracle: no accidentals,"MM occ ÷10, DAQ 10 µs",False,3680364698.807223,0.012773270958974698,0.9999786256503183,2.137480655427982,0.0022542817845473124,4966.84733115576,674.8921142642184,1002.99298278754,0.0,0.0,0.0,108.10092638481395
tubeBe25,"nTOF 5 ns + veto, per-arm coinc (strict)",14.0,oracle: no accidentals,"MM occ ÷10, DAQ 10 µs",False,4573050519.273255,0.011375523143592083,0.9999717840281772,2.8216767986276334,0.002801066016298161,6164.786656788055,837.667361887564,1244.9019156185477,0.0,0.0,0.0,107.98203644266697
tubeBe25,"nTOF 5 ns + veto, per-arm coinc (strict)",14.0,oracle: no accidentals,"MM occ ÷10, DAQ 10 µs",False,5682260526.681813,0.010137679858834797,0.9999623816044986,3.761981069838612,0.0034804747487395637,7649.604536838123,1039.42348837014,1544.7424009634328,0.0,0.0,0.0,107.83439426591374
tubeBe25,"nTOF 5 ns + veto, per-arm coinc (strict)",14.0,oracle: no accidentals,"MM occ ÷10, DAQ 10 µs",False,7060513448.737786,0.009041158568323633,0.9999493070531225,5.069551678271102,0.004324676536050705,9488.885012781318,1289.3437710709482,1916.162194597372,0.0,0.0,0.0,107.65107234398262
tubeBe25,"nTOF 5 ns + veto, per-arm coinc (strict)",14.0,oracle: no accidentals,"MM occ ÷10, DAQ 10 µs",False,8773066621.237415,0.008069572582728153,0.9999309129483068,6.909182504375806,0.005373642532025454,11765.522463397414,1598.6918464227754,2375.900784305123,0.0,0.0,0.0,107.42348835767102
tubeBe25,"nTOF 5 ns + veto, per-arm coinc (strict)",14.0,oracle: no accidentals,"MM occ ÷10, DAQ 10 µs",False,10901005783.71244,0.00720844870283441,0.9999047408593214,9.526821584693426,0.006677039038938743,14580.851166445891,1981.2369528186666,2944.421365899262,0.0,0.0,0.0,107.14101786152355
tubeBe25,"nTOF 5 ns + veto, per-arm coinc (strict)",14.0,oracle: no accidentals,"MM occ ÷10, DAQ 10 µs",False,13545084316.226381,0.006445004809679912,0.9998671011014559,13.291656300875406,0.008296579101012079,18058.22069826018,2453.739753676453,3646.6328506555956,0.0,0.0,0.0,106.79052085262742
tubeBe25,"nTOF 5 ns + veto, per-arm coinc (strict)",14.0,oracle: no accidentals,"MM occ ÷10, DAQ 10 µs",False,16830493696.995401,0.005767966350662147,0.9998124292768938,18.76059124828855,0.010308944485412372,22346.959058726436,3036.490844386465,4512.690169062932,0.0,0.0,0.0,106.35576576458266
tubeBe25,"nTOF 5 ns + veto, per-arm coinc (strict)",14.0,oracle: no accidentals,"MM occ ÷10, DAQ 10 µs",False,20912791051.82548,0.005167408031421016,0.9997322999026838,26.777177984787468,0.012809416400351029,27626.56478523061,3753.880374137271,5578.840816044139,0.0,0.0,0.0,105.81673298976742
tubeBe25,"nTOF 5 ns + veto, per-arm coinc (strict)",14.0,oracle: no accidentals,"MM occ ÷10, DAQ 10 µs",False,25985264452.18819,0.004634612833962617,0.9996139132608252,38.62358597183355,0.015916386857040915,34110.80094787478,4634.9543354295565,6888.251582321092,0.0,0.0,0.0,105.14877977342941
tubeBe25,"nTOF 5 ns + veto, per-arm coinc (strict)",14.0,oracle: no accidentals,"MM occ ÷10, DAQ 10 µs",False,32288084693.086143,0.004161944505677165,0.9994377734865203,56.254278995122746,0.019776964278875545,42051.09140436509,5713.87604506982,8491.694385806954,0.0,0.0,0.0,104.32165047018161
tubeBe25,"nTOF 5 ns + veto, per-arm coinc (strict)",14.0,oracle: no accidentals,"MM occ ÷10, DAQ 10 µs",False,40119676867.86863,0.003742732135617764,0.9991741265541749,82.6556076540184,0.02457393877146785,51738.19052420607,7030.153025251376,10447.883451619648,0.0,0.0,0.0,103.29832284743824
tubeBe25,"nTOF 5 ns + veto, per-arm coinc (strict)",14.0,oracle: no accidentals,"MM occ ÷10, DAQ 10 µs",False,49850850159.80715,0.003371166800974275,0.9987775011321185,122.39952006285411,0.03053443684422675,63500.43886700757,8628.399986211805,12823.123068032235,0.0,0.0,0.0,102.03369603768482
tubeBe25,"nTOF 5 ns + veto, per-arm coinc (strict)",14.0,oracle: no accidentals,"MM occ ÷10, DAQ 10 µs",False,61942354865.91934,0.003042210991361938,0.9981783582271627,182.4966207514893,0.03794067536607509,77695.93392548533,10557.274991680111,15689.726565493726,0.0,0.0,0.0,100.47315513623852
tubeBe25,"nTOF 5 ns + veto, per-arm coinc (strict)",14.0,oracle: no accidentals,"MM occ ÷10, DAQ 10 µs",False,76966697940.67009,0.0027515219885429244,0.9972703617238484,273.71095952688205,0.04714332393217423,94694.52672524654,12867.033168096184,19122.380754092665,0.0,0.0,0.0,98.55110184076544
tubeBe25,"nTOF 5 ns + veto, per-arm coinc (strict)",14.0,oracle: no accidentals,"MM occ ÷10, DAQ 10 µs",False,95635249979.00362,0.00249539089914757,0.9958910813718106,412.5871498446953,0.05857810832121263,114843.60687814296,15604.87759902279,23191.236641047453,0.0,0.0,0.0,96.18963738566208
tubeBe25,"nTOF 5 ns + veto, per-arm coinc (strict)",14.0,oracle: no accidentals,"MM occ ÷10, DAQ 10 µs",False,118831927096.53207,0.0022706998752296203,0.993793001530013,624.5765929555644,0.07278644118154498,138409.167486708,18806.95126115712,27950.008221881457,0.0,0.0,0.0,93.2977515224351
tubeBe25,"nTOF 5 ns + veto, per-arm coinc (strict)",14.0,oracle: no accidentals,"MM occ ÷10, DAQ 10 µs",False,147655042472.05704,0.0020749015171027067,0.9906005892289246,948.859800133156,0.09044105676516079,165480.9642478858,22485.45010256022,33416.82054216139,0.0,0.0,0.0,89.77165278424455
tubeBe25,"nTOF 5 ns + veto, per-arm coinc (strict)",14.0,oracle: no accidentals,"MM occ ÷10, DAQ 10 µs",False,183469309133.68265,0.0019060269796604904,0.9857481874995262,1445.7863256766777,0.11237786345945076,195828.7819441969,26609.092623217784,39545.18450482675,0.0,0.0,0.0,85.49733113078841
tubeBe25,"nTOF 5 ns + veto, per-arm coinc (strict)",14.0,oracle: no accidentals,"MM occ ÷10, DAQ 10 µs",False,227970456209.51935,0.001762733633533659,0.9783935978914394,2208.354812942885,0.13963552226620757,228698.63829075635,31075.42818101489,46182.84277429524,0.0,0.0,0.0,80.35714003055102
tubeBe25,"nTOF 5 ns + veto, per-arm coinc (strict)",14.0,oracle: no accidentals,"MM occ ÷10, DAQ 10 µs",False,283265518084.60077,0.0016444105528324482,0.9673057515081418,3379.929090764111,0.17350462518440773,262549.1159614748,35675.00995207949,53018.525311740275,0.0,0.0,0.0,74.24313639000377
tubeBe25,"nTOF 5 ns + veto, per-arm coinc (strict)",14.0,oracle: no accidentals,"MM occ ÷10, DAQ 10 µs",False,351972597984.32916,0.0015513729399812284,0.9507368086562731,5181.580316991534,0.21558880198829666,294759.89273036545,40051.79018836489,59523.09066583896,0.0,0.0,0.0,67.08091796824274
tubeBe25,"nTOF 5 ns + veto, per-arm coinc (strict)",14.0,oracle: no accidentals,"MM occ ÷10, DAQ 10 µs",False,437344829577.31195,0.0014851992283248141,0.9263179932337529,7954.288624905698,0.26788064867636757,321412.82600373554,43673.374120565626,64905.3187194792,0.0,0.0,0.0,58.86791686297866
tubeBe25,"nTOF 5 ns + veto, per-arm coinc (strict)",14.0,oracle: no accidentals,"MM occ ÷10, DAQ 10 µs",True,543424405915.04004,0.0014493056651117726,0.8910743275068382,12224.083797580368,0.33285607264131806,337361.28430074855,45840.44067640867,68125.91131910347,0.0,0.0,0.0,49.72737829256585
tubeBe25,"nTOF 5 ns + veto, per-arm coinc (strict)",14.0,oracle: no accidentals,"MM occ ÷10, DAQ 10 µs",False,675233968650.1552,0.0014499309047967513,0.8417324305877586,18802.59850529076,0.4135915216035406,336933.8098597907,45782.355716268605,68039.58817767887,0.0,0.0,0.0,39.969597219790664
tubeBe25,"nTOF 5 ns + veto, per-arm coinc (strict)",14.0,oracle: no accidentals,"MM occ ÷10, DAQ 10 µs",False,839014419404.4929,0.0014978588704712584,0.7755407384524525,28942.291541698127,0.5139096468480603,315613.1390612609,42885.316279905885,63734.14414578581,0.0,0.0,0.0,30.131802422310354
tubeBe25,"nTOF 5 ns + veto, per-arm coinc (strict)",14.0,oracle: no accidentals,"MM occ ÷10, DAQ 10 µs",False,1042520413147.9036,0.0016115412681172846,0.6916773881074781,44576.072196914494,0.6385602976084728,272583.14639739983,37038.427742881046,55044.77283764671,0.0,0.0,0.0,20.943723412139406
tubeBe25,"nTOF 5 ns + veto, per-arm coinc (strict)",14.0,oracle: no accidentals,"MM occ ÷10, DAQ 10 µs",False,1295387524568.9966,0.0018230394968383186,0.5928131106988292,68687.22738287016,0.7934454162958706,212959.42227906385,28936.79333625903,43004.50404918862,0.0,0.0,0.0,13.168509180193611
tubeBe25,"nTOF 5 ns + veto, per-arm coinc (strict)",14.0,oracle: no accidentals,"MM occ ÷10, DAQ 10 µs",False,1609588471982.2002,0.002190024036677919,0.4857186123323151,105880.51901042408,0.9858984828820833,147542.22843928725,20047.945881089578,29794.316177422395,0.0,0.0,0.0,7.3424491377478995
tubeBe25,"nTOF 5 ns + veto, per-arm coinc (strict)",14.0,oracle: no accidentals,"MM occ ÷10, DAQ 10 µs",False,2000000000000.0002,0.002821651381765622,0.3798470412683029,163263.8644916166,1.2250317395327197,88868.32120952386,12075.37200026058,17945.851084679995,0.0,0.0,0.0,3.559233181183914
tubeBe25,"nTOF 5 ns + veto, per-arm coinc (strict)",14.0,oracle: no accidentals,"no MM loss, DREAM",False,1000000000.0,0.025946090551599747,0.9998593768901674,0.47195599823068357,0.0,1355.4896494516156,184.1830872560349,273.724259272683,0.0,0.0,0.0,108.57645719907018
tubeBe25,"nTOF 5 ns + veto, per-arm coinc (strict)",14.0,oracle: no accidentals,"no MM loss, DREAM",False,1242553630.827767,0.02300803363180502,0.9998216290578372,0.5986669933953781,0.0,1684.2049990456771,228.84872372266153,340.10423171702985,0.0,0.0,0.0,108.57235809674029
tubeBe25,"nTOF 5 ns + veto, per-arm coinc (strict)",14.0,oracle: no accidentals,"no MM loss, DREAM",False,1543939525.4832668,0.020419392256128422,0.9997727467806786,0.7627680372018392,0.0,2092.6127216960376,284.34291008356956,422.5770867542779,0.0,0.0,0.0,108.56704988580941
tubeBe25,"nTOF 5 ns + veto, per-arm coinc (strict)",14.0,oracle: no accidentals,"no MM loss, DREAM",False,1918427663.1677406,0.018134656681751786,0.9997089540512858,0.9769485943605815,0.0,2600.017624751464,353.28877150818926,525.0411898895278,0.0,0.0,0.0,108.56012252310961
tubeBe25,"nTOF 5 ns + veto, per-arm coinc (strict)",14.0,oracle: no accidentals,"no MM loss, DREAM",False,2383749258.3495045,0.016115521300633956,0.9996249750063172,1.2589452691052752,0.0,3230.38995301114,438.9433698938084,652.3370336377137,0.0,0.0,0.0,108.55100309352541
tubeBe25,"nTOF 5 ns + veto, per-arm coinc (strict)",14.0,oracle: no accidentals,"no MM loss, DREAM",False,2961936295.9451733,0.014329428767209312,0.9995133534642068,1.6338371676178303,0.0,4013.4845556486157,545.3497755684367,810.4732393506077,0.0,0.0,0.0,108.53888191741851
tubeBe25,"nTOF 5 ns + veto, per-arm coinc (strict)",14.0,oracle: no accidentals,"no MM loss, DREAM",False,3680364698.807223,0.012748430875048733,0.9993634362362162,2.137480655427982,0.0,4986.22181019283,677.5247063791554,1006.9054176227017,0.0,0.0,0.0,108.52260214661814
tubeBe25,"nTOF 5 ns + veto, per-arm coinc (strict)",14.0,oracle: no accidentals,"no MM loss, DREAM",False,4573050519.273255,0.011348312261059826,0.9991598467649944,2.8216767986276334,0.0,6194.385842211523,841.6892807224025,1250.8791026139565,0.0,0.0,0.0,108.50049401419555
tubeBe25,"nTOF 5 ns + veto, per-arm coinc (strict)",14.0,oracle: no accidentals,"no MM loss, DREAM",False,5682260526.681813,0.01010792832042516,0.9988801850325555,3.761981069838612,0.0,7694.7022927675325,1045.5513432886614,1553.8493313200254,0.0,0.0,0.0,108.47012506349688
tubeBe25,"nTOF 5 ns + veto, per-arm coinc (strict)",14.0,oracle: no accidentals,"no MM loss, DREAM",False,7060513448.737786,0.009008711881330577,0.99849155245141,5.069551678271102,0.0,9557.360359098222,1298.6481583753255,1929.9899382888243,0.0,0.0,0.0,108.42792278006763
tubeBe25,"nTOF 5 ns + veto, per-arm coinc (strict)",14.0,oracle: no accidentals,"no MM loss, DREAM",False,8773066621.237415,0.00803430693523596,0.9979452941223906,6.909182504375806,0.0,11869.035906368561,1612.7571884241995,2396.8040354022487,0.0,0.0,0.0,108.36860364434588
tubeBe25,"nTOF 5 ns + veto, per-arm coinc (strict)",14.0,oracle: no accidentals,"no MM loss, DREAM",False,10901005783.71244,0.0071702934655109955,0.9971690442308984,9.526821584693426,0.0,14736.442022664749,2002.3785412172151,2975.8410022537996,0.0,0.0,0.0,108.28430932749751
tubeBe25,"nTOF 5 ns + veto, per-arm coinc (strict)",14.0,oracle: no accidentals,"no MM loss, DREAM",False,13545084316.226381,0.006403975021000773,0.9960547133617523,13.291656300875406,0.0,18290.357301597393,2485.282330401458,3693.5099476694036,0.0,0.0,0.0,108.16330221318138
tubeBe25,"nTOF 5 ns + veto, per-arm coinc (strict)",14.0,oracle: no accidentals,"no MM loss, DREAM",False,16830493696.995401,0.005724208981728994,0.9944404254777377,18.76059124828855,0.0,22689.917041188004,3083.09176091462,4581.946263898423,0.0,0.0,0.0,107.98800390284214
tubeBe25,"nTOF 5 ns + veto, per-arm coinc (strict)",14.0,oracle: no accidentals,"no MM loss, DREAM",False,20912791051.82548,0.0051212671350498815,0.9920835708906504,26.777177984787468,0.0,28126.619480137677,3821.8274938678574,5679.820636151687,0.0,0.0,0.0,107.73206899127962
tubeBe25,"nTOF 5 ns + veto, per-arm coinc (strict)",14.0,oracle: no accidentals,"no MM loss, DREAM",False,25985264452.18819,0.00458672033303868,0.9886211401076411,38.62358597183355,0.0,34826.859647551384,4732.251944464297,7032.850722007652,0.0,0.0,0.0,107.35607765049187
tubeBe25,"nTOF 5 ns + veto, per-arm coinc (strict)",14.0,oracle: no accidentals,"no MM loss, DREAM",False,32288084693.086143,0.004113345323195773,0.9835126156631325,56.254278995122746,0.0,43050.62893867167,5849.692581161666,8693.538546921725,0.0,0.0,0.0,106.80133415503678
tubeBe25,"nTOF 5 ns + veto, per-arm coinc (strict)",14.0,oracle: no accidentals,"no MM loss, DREAM",False,40119676867.86863,0.0036950543787383425,0.9759607486398612,82.6556076540184,0.0,53081.97336441905,7212.74539857731,10719.243666512804,0.0,0.0,0.0,105.98126386757738
tubeBe25,"nTOF 5 ns + veto, per-arm coinc (strict)",14.0,oracle: no accidentals,"no MM loss, DREAM",False,49850850159.80715,0.003326849133650071,0.9648085530537963,122.39952006285411,0.0,65203.51311682216,8859.812651947768,13167.037710025608,0.0,0.0,0.0,104.7702276811767
tubeBe25,"nTOF 5 ns + veto, per-arm coinc (strict)",14.0,oracle: no accidentals,"no MM loss, DREAM",False,61942354865.91934,0.003004798695048854,0.9484210749159467,182.4966207514893,0.0,79642.73939226524,10821.805703001675,16082.859692373695,0.0,0.0,0.0,102.99068311745117
tubeBe25,"nTOF 5 ns + veto, per-arm coinc (strict)",14.0,oracle: no accidentals,"no MM loss, DREAM",False,76966697940.67009,0.002726037618959271,0.9245853918769934,273.71095952688205,0.0,96473.30655177278,13108.73266032831,19481.583194791543,0.0,0.0,0.0,100.40232511520999
tubeBe25,"nTOF 5 ns + veto, per-arm coinc (strict)",14.0,oracle: no accidentals,"no MM loss, DREAM",False,95635249979.00362,0.002488769963033298,0.8905108291752541,412.5871498446953,0.0,115455.46222357027,15688.016121342383,23314.793210643453,0.0,0.0,0.0,96.70210948061798
tubeBe25,"nTOF 5 ns + veto, per-arm coinc (strict)",14.0,oracle: no accidentals,"no MM loss, DREAM",False,118831927096.53207,0.0022922499293021566,0.8430822981338272,624.5765929555644,0.0,135818.95748563742,18454.995143431217,27426.947559492346,0.0,0.0,0.0,91.55176335229444
tubeBe25,"nTOF 5 ns + veto, per-arm coinc (strict)",14.0,oracle: no accidentals,"no MM loss, DREAM",False,147655042472.05704,0.00213668976221352,0.7795689202595001,948.859800133156,0.0,156048.6734190152,21203.796313864,31512.086838424395,0.0,0.0,0.0,84.65473591650756
tubeBe25,"nTOF 5 ns + veto, per-arm coinc (strict)",14.0,oracle: no accidentals,"no MM loss, DREAM",False,183469309133.68265,0.0020230338242548784,0.6988880498679704,1445.7863256766777,0.0,173831.43767150756,23620.10721767309,35103.094689206206,0.0,0.0,0.0,75.89346080790604
tubeBe25,"nTOF 5 ns + veto, per-arm coinc (strict)",14.0,oracle: no accidentals,"no MM loss, DREAM",False,227970456209.51935,0.0019525608204130989,0.6031036676360091,2208.354812942885,0.0,186392.23660236358,25326.860733956528,37639.591655164324,0.0,0.0,0.0,65.49206925413125
tubeBe25,"nTOF 5 ns + veto, per-arm coinc (strict)",14.0,oracle: no accidentals,"no MM loss, DREAM",True,283265518084.60077,0.0019263597898225874,0.49820177331953597,3379.929090764111,0.0,191318.1892937367,25996.19611010001,38634.3264745736,0.0,0.0,0.0,54.10059131072333
tubeBe25,"nTOF 5 ns + veto, per-arm coinc (strict)",14.0,oracle: no accidentals,"no MM loss, DREAM",False,351972597984.32916,0.0019448466418074003,0.3930646209069056,5181.580316991534,0.0,187555.62386960175,25484.94106945816,37874.52322996526,0.0,0.0,0.0,42.683566284197
tubeBe25,"nTOF 5 ns + veto, per-arm coinc (strict)",14.0,oracle: no accidentals,"no MM loss, DREAM",False,437344829577.31195,0.002007543588990356,0.29670262414694615,7954.288624905698,0.0,175914.9161737456,23903.20897571972,35523.82723405917,0.0,0.0,0.0,32.219450570879076
tubeBe25,"nTOF 5 ns + veto, per-arm coinc (strict)",14.0,oracle: no accidentals,"no MM loss, DREAM",False,543424405915.04004,0.0021132375097642126,0.21538833463248913,12224.083797580368,0.0,158678.6874295481,21561.16097554367,32043.1854249766,0.0,0.0,0.0,23.389391385357154
tubeBe25,"nTOF 5 ns + veto, per-arm coinc (strict)",14.0,oracle: no accidentals,"no MM loss, DREAM",False,675233968650.1552,0.002260425529883271,0.1514423133938455,18802.59850529076,0.0,138630.5029819557,18837.026190058685,27994.7041695871,0.0,0.0,0.0,16.44538245915883
tubeBe25,"nTOF 5 ns + veto, per-arm coinc (strict)",14.0,oracle: no accidentals,"no MM loss, DREAM",False,839014419404.4929,0.0024478285828351634,0.10389823173808554,28942.291541698127,0.0,118177.5175225129,16057.887295824416,23864.47838950395,0.0,0.0,0.0,11.282488489987431
tubeBe25,"nTOF 5 ns + veto, per-arm coinc (strict)",14.0,oracle: no accidentals,"no MM loss, DREAM",False,1042520413147.9036,0.0026747913093098244,0.07001002081238414,44576.072196914494,0.0,98946.8689387058,13444.838773075127,19981.088323732907,0.0,0.0,0.0,7.60250911671636
tubeBe25,"nTOF 5 ns + veto, per-arm coinc (strict)",14.0,oracle: no accidentals,"no MM loss, DREAM",False,1295387524568.9966,0.0029415066454964566,0.0465792354789271,68687.22738287016,0.0,81799.25494909236,11114.831690424582,16518.34116111182,0.0,0.0,0.0,5.058119655859051
tubeBe25,"nTOF 5 ns + veto, per-arm coinc (strict)",14.0,oracle: no accidentals,"no MM loss, DREAM",False,1609588471982.2002,0.0032490953347611125,0.030719706193287274,105880.51901042408,0.0,67033.08275808084,9108.41343249469,13536.496521491952,0.0,0.0,0.0,3.3359059701350953
tubeBe25,"nTOF 5 ns + veto, per-arm coinc (strict)",14.0,oracle: no accidentals,"no MM loss, DREAM",False,2000000000000.0002,0.00359960080385906,0.020139919424278337,163263.8644916166,0.0,54606.58358839921,7419.908483908419,11027.119720311786,0.0,0.0,0.0,2.1870286461323905
tubeBe25,"nTOF 5 ns + veto, per-arm coinc (strict)",14.0,oracle: no accidentals,"no MM loss, no dead time",False,1000000000.0,0.025944266177489527,1.0,0.47195599823068357,0.0,1355.680289429854,184.2089912972502,273.7627566428784,0.0,0.0,0.0,108.59172770552217
tubeBe25,"nTOF 5 ns + veto, per-arm coinc (strict)",14.0,oracle: no accidentals,"no MM loss, no dead time",False,1242553630.827767,0.023005981557975258,1.0,0.5986669933953781,0.0,1684.5054658727029,228.88955096751874,340.164907252027,0.0,0.0,0.0,108.59172770552217
tubeBe25,"nTOF 5 ns + veto, per-arm coinc (strict)",14.0,oracle: no accidentals,"no MM loss, no dead time",False,1543939525.4832668,0.0204170719379826,1.0,0.7627680372018392,0.0,2093.0883827693465,284.40754261322775,422.67314058619684,0.0,0.0,0.0,108.59172770552217
tubeBe25,"nTOF 5 ns + veto, per-arm coinc (strict)",14.0,oracle: no accidentals,"no MM loss, no dead time",False,1918427663.1677406,0.01813201748052632,1.0,0.9769485943605815,0.0,2600.7745696534803,353.3916247088703,525.1940454887562,0.0,0.0,0.0,108.59172770552217
tubeBe25,"nTOF 5 ns + veto, per-arm coinc (strict)",14.0,oracle: no accidentals,"no MM loss, no dead time",False,2383749258.3495045,0.016112499155625418,1.0,1.2589452691052752,0.0,3231.6018844874566,439.1080463861305,652.5817681111774,0.0,0.0,0.0,108.59172770552217
tubeBe25,"nTOF 5 ns + veto, per-arm coinc (strict)",14.0,oracle: no accidentals,"no MM loss, no dead time",False,2961936295.9451733,0.014325941659475736,1.0,1.6338371676178303,0.0,4015.4386549597416,545.615297362774,810.8678453785471,0.0,0.0,0.0,108.59172770552217
tubeBe25,"nTOF 5 ns + veto, per-arm coinc (strict)",14.0,oracle: no accidentals,"no MM loss, no dead time",False,3680364698.807223,0.012744372634543637,1.0,2.137480655427982,0.0,4989.3978800863915,677.9562687732864,1007.5467853966022,0.0,0.0,0.0,108.59172770552217
tubeBe25,"nTOF 5 ns + veto, per-arm coinc (strict)",14.0,oracle: no accidentals,"no MM loss, no dead time",False,4573050519.273255,0.011343544098723624,1.0,2.8216767986276334,0.0,6199.594451545711,842.3970233066929,1251.9309164233935,0.0,0.0,0.0,108.59172770552217
tubeBe25,"nTOF 5 ns + veto, per-arm coinc (strict)",14.0,oracle: no accidentals,"no MM loss, no dead time",False,5682260526.681813,0.010102267230426374,1.0,3.761981069838612,0.0,7703.328595427835,1046.7234799082385,1555.5913057474277,0.0,0.0,0.0,108.59172770552219
tubeBe25,"nTOF 5 ns + veto, per-arm coinc (strict)",14.0,oracle: no accidentals,"no MM loss, no dead time",False,7060513448.737786,0.009001914732400862,1.0,5.069551678271102,0.0,9571.79891570822,1300.6100604326568,1932.9056250405733,0.0,0.0,0.0,108.59172770552217
tubeBe25,"nTOF 5 ns + veto, per-arm coinc (strict)",14.0,oracle: no accidentals,"no MM loss, no dead time",False,8773066621.237415,0.008026048622112345,1.0,6.909182504375806,0.0,11893.473496266528,1616.0777528817193,2401.7389024415784,0.0,0.0,0.0,108.59172770552217
tubeBe25,"nTOF 5 ns + veto, per-arm coinc (strict)",14.0,oracle: no accidentals,"no MM loss, no dead time",False,10901005783.71244,0.007160136880379413,1.0,9.526821584693426,0.0,14778.278675939795,2008.0632795431595,2984.28939352908,0.0,0.0,0.0,108.5917277055222
tubeBe25,"nTOF 5 ns + veto, per-arm coinc (strict)",14.0,oracle: no accidentals,"no MM loss, no dead time",False,13545084316.226381,0.00639132977785655,1.0,13.291656300875406,0.0,18362.803826173556,2495.1263189282663,3708.1396213703524,0.0,0.0,0.0,108.59172770552217
tubeBe25,"nTOF 5 ns + veto, per-arm coinc (strict)",14.0,oracle: no accidentals,"no MM loss, no dead time",False,16830493696.995401,0.005708274720725916,1.0,18.76059124828855,0.0,22816.768566390056,3100.3282669582495,4607.5623501500495,0.0,0.0,0.0,108.59172770552217
tubeBe25,"nTOF 5 ns + veto, per-arm coinc (strict)",14.0,oracle: no accidentals,"no MM loss, no dead time",False,20912791051.82548,0.005100955782719032,1.0,26.777177984787468,0.0,28351.05862592483,3852.3241448669323,5725.143327444266,0.0,0.0,0.0,108.59172770552217
tubeBe25,"nTOF 5 ns + veto, per-arm coinc (strict)",14.0,oracle: no accidentals,"no MM loss, no dead time",False,25985264452.18819,0.004560549848456116,1.0,38.62358597183355,0.0,35227.710833453784,4786.71935332988,7113.797628525235,0.0,0.0,0.0,108.59172770552219
tubeBe25,"nTOF 5 ns + veto, per-arm coinc (strict)",14.0,oracle: no accidentals,"no MM loss, no dead time",False,32288084693.086143,0.004079295238042206,1.0,56.254278995122746,0.0,43772.320001858665,5947.755512233584,8839.275072297993,0.0,0.0,0.0,108.59172770552219
tubeBe25,"nTOF 5 ns + veto, per-arm coinc (strict)",14.0,oracle: no accidentals,"no MM loss, no dead time",False,40119676867.86863,0.0036503710361516025,1.0,82.6556076540184,0.0,54389.45514806437,7390.405207001702,10983.273334969239,0.0,0.0,0.0,108.59172770552217
tubeBe25,"nTOF 5 ns + veto, per-arm coinc (strict)",14.0,oracle: no accidentals,"no MM loss, no dead time",False,49850850159.80715,0.003267786537866803,1.0,122.39952006285411,0.0,67581.81497297164,9182.97482324844,13647.306160739883,0.0,0.0,0.0,108.59172770552217
tubeBe25,"nTOF 5 ns + veto, per-arm coinc (strict)",14.0,oracle: no accidentals,"no MM loss, no dead time",False,61942354865.91934,0.0029262806794776055,1.0,182.4966207514893,0.0,83974.02957259624,11410.338708427322,16957.509821045493,0.0,0.0,0.0,108.59172770552217
tubeBe25,"nTOF 5 ns + veto, per-arm coinc (strict)",14.0,oracle: no accidentals,"no MM loss, no dead time",False,76966697940.67009,0.002621231380091071,1.0,273.71095952688205,0.0,104342.23534066777,14177.957791130984,21070.6153979376,0.0,0.0,0.0,108.59172770552217
tubeBe25,"nTOF 5 ns + veto, per-arm coinc (strict)",14.0,oracle: no accidentals,"no MM loss, no dead time",False,95635249979.00362,0.002348574597566237,1.0,412.5871498446953,0.0,129650.82337123205,17616.87293109262,26181.369666482813,0.0,0.0,0.0,108.59172770552217
tubeBe25,"nTOF 5 ns + veto, per-arm coinc (strict)",14.0,oracle: no accidentals,"no MM loss, no dead time",False,118831927096.53207,0.002104732723548294,1.0,624.5765929555644,0.0,161098.1013197339,21889.909424360547,32531.75593913219,0.0,0.0,0.0,108.59172770552219
tubeBe25,"nTOF 5 ns + veto, per-arm coinc (strict)",14.0,oracle: no accidentals,"no MM loss, no dead time",False,147655042472.05704,0.0018865517695296516,1.0,948.859800133156,0.0,200173.0307142957,27199.386433730262,40422.45145937163,0.0,0.0,0.0,108.59172770552217
tubeBe25,"nTOF 5 ns + veto, per-arm coinc (strict)",14.0,oracle: no accidentals,"no MM loss, no dead time",False,183469309133.68265,0.0016912466577997211,1.0,1445.7863256766777,0.0,248725.72610784622,33796.69636951905,50227.063827801394,0.0,0.0,0.0,108.59172770552217
tubeBe25,"nTOF 5 ns + veto, per-arm coinc (strict)",14.0,oracle: no accidentals,"no MM loss, no dead time",False,227970456209.51935,0.0015163538399511943,1.0,2208.354812942885,0.0,309055.054055577,41994.20778392951,62409.820525052615,0.0,0.0,0.0,108.59172770552217
tubeBe25,"nTOF 5 ns + veto, per-arm coinc (strict)",14.0,oracle: no accidentals,"no MM loss, no dead time",False,283265518084.60077,0.0013596904238815136,1.0,3379.929090764111,0.0,384017.4795424292,52180.0553556573,77547.54909271345,0.0,0.0,0.0,108.59172770552217
tubeBe25,"nTOF 5 ns + veto, per-arm coinc (strict)",14.0,oracle: no accidentals,"no MM loss, no dead time",False,351972597984.32916,0.0012193189938634436,1.0,5181.580316991534,0.0,477162.31350677303,64836.51723896585,96356.9886869456,0.0,0.0,0.0,108.59172770552217
tubeBe25,"nTOF 5 ns + veto, per-arm coinc (strict)",14.0,oracle: no accidentals,"no MM loss, no dead time",False,437344829577.31195,0.0010935173484057513,1.0,7954.288624905698,0.0,592899.7651420204,80562.84990550444,119728.72614859481,0.0,0.0,0.0,108.59172770552219
tubeBe25,"nTOF 5 ns + veto, per-arm coinc (strict)",14.0,oracle: no accidentals,"no MM loss, no dead time",False,543424405915.04004,0.0009807524460094222,1.0,12224.083797580368,0.0,736709.7558941479,100103.661659917,148769.36339031986,0.0,0.0,0.0,108.59172770552217
tubeBe25,"nTOF 5 ns + veto, per-arm coinc (strict)",14.0,oracle: no accidentals,"no MM loss, no dead time",False,675233968650.1552,0.0008796579282381637,1.0,18802.59850529076,0.0,915401.3820525114,124384.16825468416,184853.91263657747,0.0,0.0,0.0,108.59172770552219
tubeBe25,"nTOF 5 ns + veto, per-arm coinc (strict)",14.0,oracle: no accidentals,"no MM loss, no dead time",False,839014419404.4929,0.0007890146731936577,1.0,28942.291541698127,0.0,1137435.310934104,154553.9998823497,229690.90031929815,0.0,0.0,0.0,108.5917277055222
tubeBe25,"nTOF 5 ns + veto, per-arm coinc (strict)",14.0,oracle: no accidentals,"no MM loss, no dead time",False,1042520413147.9036,0.0007077339135388526,1.0,44576.072196914494,0.0,1413324.3754328806,192041.63371276783,285403.26215984265,0.0,0.0,0.0,108.59172770552217
tubeBe25,"nTOF 5 ns + veto, per-arm coinc (strict)",14.0,oracle: no accidentals,"no MM loss, no dead time",False,1295387524568.9966,0.000634842527312364,1.0,68687.22738287016,0.0,1756131.3342315194,238622.02923989674,354628.859646803,0.0,0.0,0.0,108.59172770552217
tubeBe25,"nTOF 5 ns + veto, per-arm coinc (strict)",14.0,oracle: no accidentals,"no MM loss, no dead time",False,1609588471982.2002,0.0005694701747949333,1.0,105880.51901042408,0.0,2182087.365559786,296500.6688275234,440645.37715044565,0.0,0.0,0.0,108.59172770552217
tubeBe25,"nTOF 5 ns + veto, per-arm coinc (strict)",14.0,oracle: no accidentals,"no MM loss, no dead time",True,2000000000000.0002,0.0005108380100831203,1.0,163263.8644916166,0.0,2711360.578859709,368417.9825945005,547525.5132857569,0.0,0.0,0.0,108.5917277055222
tubeBe25,"nTOF 5 ns + veto, per-arm coinc (strict)",14.0,oracle: IPC only,MM occ + DREAM,False,1000000000.0,0.022980725219554167,0.9998593768901674,0.47195599823068357,0.0061251586976635965,1338.9857663177506,181.94054992014463,270.3915055421268,0.0,0.0,0.0,0.0
tubeBe25,"nTOF 5 ns + veto, per-arm coinc (strict)",14.0,oracle: IPC only,MM occ + DREAM,False,1242553630.827767,0.020647124621644634,0.9998216290578372,0.5986669933953781,0.007610838179178178,1658.7627040642974,225.3916405657041,334.96647699437824,0.0,0.0,0.0,0.0
tubeBe25,"nTOF 5 ns + veto, per-arm coinc (strict)",14.0,oracle: IPC only,MM occ + DREAM,False,1543939525.4832668,0.018557281168991028,0.9997727467806786,0.7627680372018392,0.009456874613180438,2053.405515871616,279.0154594354984,414.6596796558297,0.0,0.0,0.0,0.0
tubeBe25,"nTOF 5 ns + veto, per-arm coinc (strict)",14.0,oracle: IPC only,MM occ + DREAM,False,1918427663.1677406,0.016686560099415642,0.9997089540512858,0.9769485943605815,0.011750673886890335,2539.6261266937217,345.0828124580469,512.8458787125586,0.0,0.0,0.0,0.0
tubeBe25,"nTOF 5 ns + veto, per-arm coinc (strict)",14.0,oracle: IPC only,MM occ + DREAM,False,2383749258.3495045,0.015012924481647932,0.9996249750063172,1.2589452691052752,0.014600842502828615,3137.4211523851736,426.3108273106107,633.5631417846057,0.0,0.0,0.0,0.0
tubeBe25,"nTOF 5 ns + veto, per-arm coinc (strict)",14.0,oracle: IPC only,MM occ + DREAM,False,2961936295.9451733,0.013516679800348508,0.9995133534642068,1.6338371676178303,0.018142329865034074,3870.4669967312366,525.9166389569682,781.5926238523745,0.0,0.0,0.0,0.0
tubeBe25,"nTOF 5 ns + veto, per-arm coinc (strict)",14.0,oracle: IPC only,MM occ + DREAM,False,3680364698.807223,0.012180248098671409,0.9993634362362162,2.137480655427982,0.022542817845473122,4766.407302345302,647.6564482958845,962.5166143866938,0.0,0.0,0.0,0.0
tubeBe25,"nTOF 5 ns + veto, per-arm coinc (strict)",14.0,oracle: IPC only,MM occ + DREAM,False,4573050519.273255,0.01098796983369319,0.9991598467649944,2.8216767986276334,0.028010660162981607,5856.9093640684505,795.8331875786212,1182.7299293325243,0.0,0.0,0.0,0.0
tubeBe25,"nTOF 5 ns + veto, per-arm coinc (strict)",14.0,oracle: IPC only,MM occ + DREAM,False,5682260526.681813,0.009925932306746193,0.9988801850325555,3.761981069838612,0.034804747487395635,7177.295086414609,975.2463751370011,1449.3653875594812,0.0,0.0,0.0,0.0
tubeBe25,"nTOF 5 ns + veto, per-arm coinc (strict)",14.0,oracle: IPC only,MM occ + DREAM,False,7060513448.737786,0.008981824418825135,0.99849155245141,5.069551678271102,0.04324676536050705,8765.451643843435,1191.0440965814232,1770.0738322658876,0.0,0.0,0.0,0.0
tubeBe25,"nTOF 5 ns + veto, per-arm coinc (strict)",14.0,oracle: IPC only,MM occ + DREAM,False,8773066621.237415,0.008144818694760345,0.9979452941223906,6.909182504375806,0.053736425320254536,10659.591888798908,1448.4186904434582,2152.571873264409,0.0,0.0,0.0,0.0
tubeBe25,"nTOF 5 ns + veto, per-arm coinc (strict)",14.0,oracle: IPC only,MM occ + DREAM,False,10901005783.71244,0.007405483221767965,0.9971690442308984,9.526821584693426,0.06677039038938742,12894.26571590791,1752.0647748334857,2603.836431639258,0.0,0.0,0.0,0.0
tubeBe25,"nTOF 5 ns + veto, per-arm coinc (strict)",14.0,oracle: IPC only,MM occ + DREAM,False,13545084316.226381,0.006755728699463224,0.9960547133617523,13.291656300875406,0.08296579101012079,15493.838295148858,2105.293073835574,3128.78775012862,0.0,0.0,0.0,0.0
tubeBe25,"nTOF 5 ns + veto, per-arm coinc (strict)",14.0,oracle: IPC only,MM occ + DREAM,False,16830493696.995401,0.006188799787421366,0.9944404254777377,18.76059124828855,0.10308944485412372,18462.501939217127,2508.673236281265,3728.2724140883024,0.0,0.0,0.0,0.0
tubeBe25,"nTOF 5 ns + veto, per-arm coinc (strict)",14.0,oracle: IPC only,MM occ + DREAM,False,20912791051.82548,0.005699326401868133,0.9920835708906504,26.777177984787468,0.12809416400351029,21769.896312553137,2958.0799187304538,4396.159531728998,0.0,0.0,0.0,0.0
tubeBe25,"nTOF 5 ns + veto, per-arm coinc (strict)",14.0,oracle: IPC only,MM occ + DREAM,False,25985264452.18819,0.005283461439005536,0.9886211401076411,38.62358597183355,0.15916386857040915,25331.816653505844,3442.071430743955,5115.444999758967,0.0,0.0,0.0,0.0
tubeBe25,"nTOF 5 ns + veto, per-arm coinc (strict)",14.0,oracle: IPC only,MM occ + DREAM,False,32288084693.086143,0.004939150098661688,0.9835126156631325,56.254278995122746,0.19776964278875545,28986.713060954302,3938.6964726225024,5853.505826893988,0.0,0.0,0.0,0.0
tubeBe25,"nTOF 5 ns + veto, per-arm coinc (strict)",14.0,oracle: IPC only,MM occ + DREAM,False,40119676867.86863,0.004666609279750963,0.9759607486398612,82.6556076540184,0.24573938771467851,32471.364561046626,4412.188742783351,6557.187814485783,0.0,0.0,0.0,0.0
tubeBe25,"nTOF 5 ns + veto, per-arm coinc (strict)",14.0,oracle: IPC only,MM occ + DREAM,False,49850850159.80715,0.004469156742219749,0.9648085530537963,122.39952006285411,0.3053443684422675,35403.99308381863,4810.672475446138,7149.395634325989,0.0,0.0,0.0,0.0
tubeBe25,"nTOF 5 ns + veto, per-arm coinc (strict)",14.0,oracle: IPC only,MM occ + DREAM,False,61942354865.91934,0.004354646189754761,0.9484210749159467,182.4966207514893,0.37940675366075083,37290.45398177161,5067.003604432139,7530.342926802892,0.0,0.0,0.0,0.0
tubeBe25,"nTOF 5 ns + veto, per-arm coinc (strict)",14.0,oracle: IPC only,MM occ + DREAM,True,76966697940.67009,0.004337994355543227,0.9245853918769934,273.71095952688205,0.47143323932174225,37577.28988100335,5105.978687331322,7588.265865632992,0.0,0.0,0.0,0.0
tubeBe25,"nTOF 5 ns + veto, per-arm coinc (strict)",14.0,oracle: IPC only,MM occ + DREAM,False,95635249979.00362,0.004445759446934918,0.8905108291752541,412.5871498446953,0.5857810832121263,35777.62438122113,4861.441262857323,7224.845823240354,0.0,0.0,0.0,0.0
tubeBe25,"nTOF 5 ns + veto, per-arm coinc (strict)",14.0,oracle: IPC only,MM occ + DREAM,False,118831927096.53207,0.0047247519337535486,0.8430822981338272,624.5765929555644,0.7278644118154498,31677.09866852836,4304.264389214612,6396.795705860625,0.0,0.0,0.0,0.0
tubeBe25,"nTOF 5 ns + veto, per-arm coinc (strict)",14.0,oracle: IPC only,MM occ + DREAM,False,147655042472.05704,0.005258988104882225,0.7795689202595001,948.859800133156,0.9044105676516079,25568.134559470884,3474.182160259397,5163.166458782518,0.0,0.0,0.0,0.0
tubeBe25,"nTOF 5 ns + veto, per-arm coinc (strict)",14.0,oracle: IPC only,MM occ + DREAM,False,183469309133.68265,0.006204951753473562,0.6988880498679704,1445.7863256766777,1.1237786345945076,18366.508419778034,2495.629696794248,3708.8877179277124,0.0,0.0,0.0,0.0
tubeBe25,"nTOF 5 ns + veto, per-arm coinc (strict)",14.0,oracle: IPC only,MM occ + DREAM,False,227970456209.51935,0.007869862929714542,0.6031036676360091,2208.354812942885,1.3963552226620757,11417.449087814317,1551.3958534711064,2305.6116995138286,0.0,0.0,0.0,0.0
tubeBe25,"nTOF 5 ns + veto, per-arm coinc (strict)",14.0,oracle: IPC only,MM occ + DREAM,False,283265518084.60077,0.010899199253286395,0.49820177331953597,3379.929090764111,1.7350462518440772,5952.703289793833,808.8496063964369,1202.0743200275112,0.0,0.0,0.0,0.0
tubeBe25,"nTOF 5 ns + veto, per-arm coinc (strict)",14.0,oracle: IPC only,MM occ + DREAM,False,351972597984.32916,0.016767832818038654,0.3930646209069056,5181.580316991534,2.1558880198829664,2515.066947011153,341.7457264565115,507.88645812998516,0.0,0.0,0.0,0.0
tubeBe25,"nTOF 5 ns + veto, per-arm coinc (strict)",14.0,oracle: IPC only,MM occ + DREAM,False,437344829577.31195,0.029207289310426966,0.29670262414694615,7954.288624905698,2.6788064867636754,828.9358359237453,112.63528383220397,167.3932720656372,0.0,0.0,0.0,0.0
tubeBe25,"nTOF 5 ns + veto, per-arm coinc (strict)",14.0,oracle: IPC only,MM occ + DREAM,False,543424405915.04004,0.058893581591942655,0.21538833463248913,12224.083797580368,3.3285607264131802,203.87664915537337,27.70263179511835,41.17035109462359,0.0,0.0,0.0,0.0
tubeBe25,"nTOF 5 ns + veto, per-arm coinc (strict)",14.0,oracle: IPC only,MM occ + DREAM,False,675233968650.1552,0.14126268821758312,0.1514423133938455,18802.59850529076,4.135915216035406,35.43630957515078,4.815063620111275,7.155921547420023,0.0,0.0,0.0,0.0
tubeBe25,"nTOF 5 ns + veto, per-arm coinc (strict)",14.0,oracle: IPC only,MM occ + DREAM,False,839014419404.4929,0.4172203825497338,0.10389823173808554,28942.291541698127,5.139096468480602,4.062303681018976,0.5519832878431267,0.8203316539358823,0.0,0.0,0.0,0.0
tubeBe25,"nTOF 5 ns + veto, per-arm coinc (strict)",14.0,oracle: IPC only,MM occ + DREAM,False,1042520413147.9036,1.5859256317957713,0.07001002081238414,44576.072196914494,6.385602976084727,0.28114980312240123,0.038202459710009504,0.05677470251098877,0.0,0.0,0.0,0.0
tubeBe25,"nTOF 5 ns + veto, per-arm coinc (strict)",14.0,oracle: IPC only,MM occ + DREAM,False,1295387524568.9966,8.208554689114427,0.0465792354789271,68687.22738287016,7.934454162958706,0.010494699995683934,0.001426013282958646,0.0021192740083037817,0.0,0.0,0.0,0.0
tubeBe25,"nTOF 5 ns + veto, per-arm coinc (strict)",14.0,oracle: IPC only,MM occ + DREAM,False,1609588471982.2002,62.131211526953685,0.030719706193287274,105880.51901042408,9.858984828820832,0.00018318241311271382,2.4890711922263417e-05,3.6991407762756224e-05,0.0,0.0,0.0,0.0
tubeBe25,"nTOF 5 ns + veto, per-arm coinc (strict)",14.0,oracle: IPC only,MM occ + DREAM,False,2000000000000.0002,752.2712308687404,0.020139919424278337,163263.8644916166,12.250317395327196,1.249552516367975e-06,1.6978841575537666e-07,2.523315741315441e-07,0.0,0.0,0.0,0.0
tubeBe25,"nTOF 5 ns + veto, per-arm coinc (strict)",14.0,oracle: IPC only,"MM occ ÷10, DAQ 10 µs",False,1000000000.0,0.022852836175352484,0.9999952804622918,0.47195599823068357,0.0006125158697663597,1354.0141645168999,183.98259928433723,273.426303459456,0.0,0.0,0.0,0.0
tubeBe25,"nTOF 5 ns + veto, per-arm coinc (strict)",14.0,oracle: IPC only,"MM occ ÷10, DAQ 10 µs",False,1242553630.827767,0.020504412599679927,0.999994013365906,0.5986669933953781,0.0007610838179178179,1681.93324749596,228.54003954047326,339.64547977418056,0.0,0.0,0.0,0.0
tubeBe25,"nTOF 5 ns + veto, per-arm coinc (strict)",14.0,oracle: IPC only,"MM occ ÷10, DAQ 10 µs",False,1543939525.4832668,0.018397986238007015,0.999992372377809,0.7627680372018392,0.0009456874613180438,2089.1173742141227,283.8679644500766,421.8712448463186,0.0,0.0,0.0,0.0
tubeBe25,"nTOF 5 ns + veto, per-arm coinc (strict)",14.0,oracle: IPC only,"MM occ ÷10, DAQ 10 µs",False,1918427663.1677406,0.016508697199048825,0.9999902306094983,0.9769485943605815,0.0011750673886890336,2594.6442271383667,352.558637595448,523.9560991387295,0.0,0.0,0.0,0.0
tubeBe25,"nTOF 5 ns + veto, per-arm coinc (strict)",14.0,oracle: IPC only,"MM occ ÷10, DAQ 10 µs",False,2383749258.3495045,0.014814248453554505,0.9999874107058013,1.2589452691052752,0.0014600842502828617,3222.1382626538884,437.8221353600779,650.6707075011033,0.0,0.0,0.0,0.0
tubeBe25,"nTOF 5 ns + veto, per-arm coinc (strict)",14.0,oracle: IPC only,"MM occ ÷10, DAQ 10 µs",False,2961936295.9451733,0.013294642749681024,0.9999836618952618,1.6338371676178303,0.0018142329865034074,4000.82980660899,543.630256170032,807.9177703298338,0.0,0.0,0.0,0.0
tubeBe25,"nTOF 5 ns + veto, per-arm coinc (strict)",14.0,oracle: IPC only,"MM occ ÷10, DAQ 10 µs",False,3680364698.807223,0.011931946697139258,0.9999786256503183,2.137480655427982,0.0022542817845473124,4966.84733115576,674.8921142642184,1002.99298278754,0.0,0.0,0.0,0.0
tubeBe25,"nTOF 5 ns + veto, per-arm coinc (strict)",14.0,oracle: IPC only,"MM occ ÷10, DAQ 10 µs",False,4573050519.273255,0.010710079246160058,0.9999717840281772,2.8216767986276334,0.002801066016298161,6164.786656788055,837.667361887564,1244.9019156185477,0.0,0.0,0.0,0.0
tubeBe25,"nTOF 5 ns + veto, per-arm coinc (strict)",14.0,oracle: IPC only,"MM occ ÷10, DAQ 10 µs",False,5682260526.681813,0.009614622079352306,0.9999623816044986,3.761981069838612,0.0034804747487395637,7649.604536838123,1039.42348837014,1544.7424009634328,0.0,0.0,0.0,0.0
tubeBe25,"nTOF 5 ns + veto, per-arm coinc (strict)",14.0,oracle: IPC only,"MM occ ÷10, DAQ 10 µs",False,7060513448.737786,0.008632649698928605,0.9999493070531225,5.069551678271102,0.004324676536050705,9488.885012781318,1289.3437710709482,1916.162194597372,0.0,0.0,0.0,0.0
tubeBe25,"nTOF 5 ns + veto, per-arm coinc (strict)",14.0,oracle: IPC only,"MM occ ÷10, DAQ 10 µs",False,8773066621.237415,0.007752577232386135,0.9999309129483068,6.909182504375806,0.005373642532025454,11765.522463397414,1598.6918464227754,2375.900784305123,0.0,0.0,0.0,0.0
tubeBe25,"nTOF 5 ns + veto, per-arm coinc (strict)",14.0,oracle: IPC only,"MM occ ÷10, DAQ 10 µs",False,10901005783.71244,0.006964024200420227,0.9999047408593214,9.526821584693426,0.006677039038938743,14580.851166445891,1981.2369528186666,2944.421365899262,0.0,0.0,0.0,0.0
tubeBe25,"nTOF 5 ns + veto, per-arm coinc (strict)",14.0,oracle: IPC only,"MM occ ÷10, DAQ 10 µs",False,13545084316.226381,0.006257692695723699,0.9998671011014559,13.291656300875406,0.008296579101012079,18058.22069826018,2453.739753676453,3646.6328506555956,0.0,0.0,0.0,0.0
tubeBe25,"nTOF 5 ns + veto, per-arm coinc (strict)",14.0,oracle: IPC only,"MM occ ÷10, DAQ 10 µs",False,16830493696.995401,0.00562525861503119,0.9998124292768938,18.76059124828855,0.010308944485412372,22346.959058726436,3036.490844386465,4512.690169062932,0.0,0.0,0.0,0.0
tubeBe25,"nTOF 5 ns + veto, per-arm coinc (strict)",14.0,oracle: IPC only,"MM occ ÷10, DAQ 10 µs",False,20912791051.82548,0.00505927477492062,0.9997322999026838,26.777177984787468,0.012809416400351029,27626.56478523061,3753.880374137271,5578.840816044139,0.0,0.0,0.0,0.0
tubeBe25,"nTOF 5 ns + veto, per-arm coinc (strict)",14.0,oracle: IPC only,"MM occ ÷10, DAQ 10 µs",False,25985264452.18819,0.004553084931741713,0.9996139132608252,38.62358597183355,0.015916386857040915,34110.80094787478,4634.9543354295565,6888.251582321092,0.0,0.0,0.0,0.0
tubeBe25,"nTOF 5 ns + veto, per-arm coinc (strict)",14.0,oracle: IPC only,"MM occ ÷10, DAQ 10 µs",False,32288084693.086143,0.00410074792757602,0.9994377734865203,56.254278995122746,0.019776964278875545,42051.09140436509,5713.87604506982,8491.694385806954,0.0,0.0,0.0,0.0
tubeBe25,"nTOF 5 ns + veto, per-arm coinc (strict)",14.0,oracle: IPC only,"MM occ ÷10, DAQ 10 µs",False,40119676867.86863,0.0036969714117403,0.9991741265541749,82.6556076540184,0.02457393877146785,51738.19052420607,7030.153025251376,10447.883451619648,0.0,0.0,0.0,0.0
tubeBe25,"nTOF 5 ns + veto, per-arm coinc (strict)",14.0,oracle: IPC only,"MM occ ÷10, DAQ 10 µs",False,49850850159.80715,0.0033370548626730674,0.9987775011321185,122.39952006285411,0.03053443684422675,63500.43886700757,8628.399986211805,12823.123068032235,0.0,0.0,0.0,0.0
tubeBe25,"nTOF 5 ns + veto, per-arm coinc (strict)",14.0,oracle: IPC only,"MM occ ÷10, DAQ 10 µs",False,61942354865.91934,0.003016841991692055,0.9981783582271627,182.4966207514893,0.03794067536607509,77695.93392548533,10557.274991680111,15689.726565493726,0.0,0.0,0.0,0.0
tubeBe25,"nTOF 5 ns + veto, per-arm coinc (strict)",14.0,oracle: IPC only,"MM occ ÷10, DAQ 10 µs",False,76966697940.67009,0.002732683101589275,0.9972703617238484,273.71095952688205,0.04714332393217423,94694.52672524654,12867.033168096184,19122.380754092665,0.0,0.0,0.0,0.0
tubeBe25,"nTOF 5 ns + veto, per-arm coinc (strict)",14.0,oracle: IPC only,"MM occ ÷10, DAQ 10 µs",False,95635249979.00362,0.0024814086864041636,0.9958910813718106,412.5871498446953,0.05857810832121263,114843.60687814296,15604.87759902279,23191.236641047453,0.0,0.0,0.0,0.0
tubeBe25,"nTOF 5 ns + veto, per-arm coinc (strict)",14.0,oracle: IPC only,"MM occ ÷10, DAQ 10 µs",False,118831927096.53207,0.0022603166382857043,0.993793001530013,624.5765929555644,0.07278644118154498,138409.167486708,18806.95126115712,27950.008221881457,0.0,0.0,0.0,0.0
tubeBe25,"nTOF 5 ns + veto, per-arm coinc (strict)",14.0,oracle: IPC only,"MM occ ÷10, DAQ 10 µs",False,147655042472.05704,0.0020671771163309396,0.9906005892289246,948.859800133156,0.09044105676516079,165480.9642478858,22485.45010256022,33416.82054216139,0.0,0.0,0.0,0.0
tubeBe25,"nTOF 5 ns + veto, per-arm coinc (strict)",14.0,oracle: IPC only,"MM occ ÷10, DAQ 10 µs",False,183469309133.68265,0.0019002618471422581,0.9857481874995262,1445.7863256766777,0.11237786345945076,195828.7819441969,26609.092623217784,39545.18450482675,0.0,0.0,0.0,0.0
tubeBe25,"nTOF 5 ns + veto, per-arm coinc (strict)",14.0,oracle: IPC only,"MM occ ÷10, DAQ 10 µs",False,227970456209.51935,0.0017584090924039092,0.9783935978914394,2208.354812942885,0.13963552226620757,228698.63829075635,31075.42818101489,46182.84277429524,0.0,0.0,0.0,0.0
tubeBe25,"nTOF 5 ns + veto, per-arm coinc (strict)",14.0,oracle: IPC only,"MM occ ÷10, DAQ 10 µs",False,283265518084.60077,0.0016411430199555648,0.9673057515081418,3379.929090764111,0.17350462518440773,262549.1159614748,35675.00995207949,53018.525311740275,0.0,0.0,0.0,0.0
tubeBe25,"nTOF 5 ns + veto, per-arm coinc (strict)",14.0,oracle: IPC only,"MM occ ÷10, DAQ 10 µs",False,351972597984.32916,0.0015488790843754736,0.9507368086562731,5181.580316991534,0.21558880198829666,294759.89273036545,40051.79018836489,59523.09066583896,0.0,0.0,0.0,0.0
tubeBe25,"nTOF 5 ns + veto, per-arm coinc (strict)",14.0,oracle: IPC only,"MM occ ÷10, DAQ 10 µs",False,437344829577.31195,0.0014832696430903587,0.9263179932337529,7954.288624905698,0.26788064867636757,321412.82600373554,43673.374120565626,64905.3187194792,0.0,0.0,0.0,0.0
tubeBe25,"nTOF 5 ns + veto, per-arm coinc (strict)",14.0,oracle: IPC only,"MM occ ÷10, DAQ 10 µs",True,543424405915.04004,0.0014477850557183662,0.8910743275068382,12224.083797580368,0.33285607264131806,337361.28430074855,45840.44067640867,68125.91131910347,0.0,0.0,0.0,0.0
tubeBe25,"nTOF 5 ns + veto, per-arm coinc (strict)",14.0,oracle: IPC only,"MM occ ÷10, DAQ 10 µs",False,675233968650.1552,0.0014487031810501995,0.8417324305877586,18802.59850529076,0.4135915216035406,336933.8098597907,45782.355716268605,68039.58817767887,0.0,0.0,0.0,0.0
tubeBe25,"nTOF 5 ns + veto, per-arm coinc (strict)",14.0,oracle: IPC only,"MM occ ÷10, DAQ 10 µs",False,839014419404.4929,0.0014968358381628874,0.7755407384524525,28942.291541698127,0.5139096468480603,315613.1390612609,42885.316279905885,63734.14414578581,0.0,0.0,0.0,0.0
tubeBe25,"nTOF 5 ns + veto, per-arm coinc (strict)",14.0,oracle: IPC only,"MM occ ÷10, DAQ 10 µs",False,1042520413147.9036,0.0016106538313017803,0.6916773881074781,44576.072196914494,0.6385602976084728,272583.14639739983,37038.427742881046,55044.77283764671,0.0,0.0,0.0,0.0
tubeBe25,"nTOF 5 ns + veto, per-arm coinc (strict)",14.0,oracle: IPC only,"MM occ ÷10, DAQ 10 µs",False,1295387524568.9966,0.0018222303685322427,0.5928131106988292,68687.22738287016,0.7934454162958706,212959.42227906385,28936.79333625903,43004.50404918862,0.0,0.0,0.0,0.0
tubeBe25,"nTOF 5 ns + veto, per-arm coinc (strict)",14.0,oracle: IPC only,"MM occ ÷10, DAQ 10 µs",False,1609588471982.2002,0.002189240837700555,0.4857186123323151,105880.51901042408,0.9858984828820833,147542.22843928725,20047.945881089578,29794.316177422395,0.0,0.0,0.0,0.0
tubeBe25,"nTOF 5 ns + veto, per-arm coinc (strict)",14.0,oracle: IPC only,"MM occ ÷10, DAQ 10 µs",False,2000000000000.0002,0.0028208384976678345,0.3798470412683029,163263.8644916166,1.2250317395327197,88868.32120952386,12075.37200026058,17945.851084679995,0.0,0.0,0.0,0.0
tubeBe25,"nTOF 5 ns + veto, per-arm coinc (strict)",14.0,oracle: IPC only,"no MM loss, DREAM",False,1000000000.0,0.02284039484225017,0.9998593768901674,0.47195599823068357,0.0,1355.4896494516156,184.1830872560349,273.724259272683,0.0,0.0,0.0,0.0
tubeBe25,"nTOF 5 ns + veto, per-arm coinc (strict)",14.0,oracle: IPC only,"no MM loss, DREAM",False,1242553630.827767,0.020490579173974288,0.9998216290578372,0.5986669933953781,0.0,1684.2049990456771,228.84872372266153,340.10423171702985,0.0,0.0,0.0,0.0
tubeBe25,"nTOF 5 ns + veto, per-arm coinc (strict)",14.0,oracle: IPC only,"no MM loss, DREAM",False,1543939525.4832668,0.018382614489993076,0.9997727467806786,0.7627680372018392,0.0,2092.6127216960376,284.34291008356956,422.5770867542779,0.0,0.0,0.0,0.0
tubeBe25,"nTOF 5 ns + veto, per-arm coinc (strict)",14.0,oracle: IPC only,"no MM loss, DREAM",False,1918427663.1677406,0.016491629300489315,0.9997089540512858,0.9769485943605815,0.0,2600.017624751464,353.28877150818926,525.0411898895278,0.0,0.0,0.0,0.0
tubeBe25,"nTOF 5 ns + veto, per-arm coinc (strict)",14.0,oracle: IPC only,"no MM loss, DREAM",False,2383749258.3495045,0.014795315637902717,0.9996249750063172,1.2589452691052752,0.0,3230.38995301114,438.9433698938084,652.3370336377137,0.0,0.0,0.0,0.0
tubeBe25,"nTOF 5 ns + veto, per-arm coinc (strict)",14.0,oracle: IPC only,"no MM loss, DREAM",False,2961936295.9451733,0.013273666813106894,0.9995133534642068,1.6338371676178303,0.0,4013.4845556486157,545.3497755684367,810.4732393506077,0.0,0.0,0.0,0.0
tubeBe25,"nTOF 5 ns + veto, per-arm coinc (strict)",14.0,oracle: IPC only,"no MM loss, DREAM",False,3680364698.807223,0.011908742730175042,0.9993634362362162,2.137480655427982,0.0,4986.22181019283,677.5247063791554,1006.9054176227017,0.0,0.0,0.0,0.0
tubeBe25,"nTOF 5 ns + veto, per-arm coinc (strict)",14.0,oracle: IPC only,"no MM loss, DREAM",False,4573050519.273255,0.010684460142352704,0.9991598467649944,2.8216767986276334,0.0,6194.385842211523,841.6892807224025,1250.8791026139565,0.0,0.0,0.0,0.0
tubeBe25,"nTOF 5 ns + veto, per-arm coinc (strict)",14.0,oracle: IPC only,"no MM loss, DREAM",False,5682260526.681813,0.009586405583855187,0.9988801850325555,3.761981069838612,0.0,7694.7022927675325,1045.5513432886614,1553.8493313200254,0.0,0.0,0.0,0.0
tubeBe25,"nTOF 5 ns + veto, per-arm coinc (strict)",14.0,oracle: IPC only,"no MM loss, DREAM",False,7060513448.737786,0.00860166905849573,0.99849155245141,5.069551678271102,0.0,9557.360359098222,1298.6481583753255,1929.9899382888243,0.0,0.0,0.0,0.0
tubeBe25,"nTOF 5 ns + veto, per-arm coinc (strict)",14.0,oracle: IPC only,"no MM loss, DREAM",False,8773066621.237415,0.007718696918028645,0.9979452941223906,6.909182504375806,0.0,11869.035906368561,1612.7571884241995,2396.8040354022487,0.0,0.0,0.0,0.0
tubeBe25,"nTOF 5 ns + veto, per-arm coinc (strict)",14.0,oracle: IPC only,"no MM loss, DREAM",False,10901005783.71244,0.006927162733127193,0.9971690442308984,9.526821584693426,0.0,14736.442022664749,2002.3785412172151,2975.8410022537996,0.0,0.0,0.0,0.0
tubeBe25,"nTOF 5 ns + veto, per-arm coinc (strict)",14.0,oracle: IPC only,"no MM loss, DREAM",False,13545084316.226381,0.006217855361771849,0.9960547133617523,13.291656300875406,0.0,18290.357301597393,2485.282330401458,3693.5099476694036,0.0,0.0,0.0,0.0
tubeBe25,"nTOF 5 ns + veto, per-arm coinc (strict)",14.0,oracle: IPC only,"no MM loss, DREAM",False,16830493696.995401,0.005582583865977898,0.9944404254777377,18.76059124828855,0.0,22689.917041188004,3083.09176091462,4581.946263898423,0.0,0.0,0.0,0.0
tubeBe25,"nTOF 5 ns + veto, per-arm coinc (strict)",14.0,oracle: IPC only,"no MM loss, DREAM",False,20912791051.82548,0.0050140994236258785,0.9920835708906504,26.777177984787468,0.0,28126.619480137677,3821.8274938678574,5679.820636151687,0.0,0.0,0.0,0.0
tubeBe25,"nTOF 5 ns + veto, per-arm coinc (strict)",14.0,oracle: IPC only,"no MM loss, DREAM",False,25985264452.18819,0.004506034912222875,0.9886211401076411,38.62358597183355,0.0,34826.859647551384,4732.251944464297,7032.850722007652,0.0,0.0,0.0,0.0
tubeBe25,"nTOF 5 ns + veto, per-arm coinc (strict)",14.0,oracle: IPC only,"no MM loss, DREAM",False,32288084693.086143,0.004052863339838097,0.9835126156631325,56.254278995122746,0.0,43050.62893867167,5849.692581161666,8693.538546921725,0.0,0.0,0.0,0.0
tubeBe25,"nTOF 5 ns + veto, per-arm coinc (strict)",14.0,oracle: IPC only,"no MM loss, DREAM",False,40119676867.86863,0.0036498765896231288,0.9759607486398612,82.6556076540184,0.0,53081.97336441905,7212.74539857731,10719.243666512804,0.0,0.0,0.0,0.0
tubeBe25,"nTOF 5 ns + veto, per-arm coinc (strict)",14.0,oracle: IPC only,"no MM loss, DREAM",False,49850850159.80715,0.0032931856340119928,0.9648085530537963,122.39952006285411,0.0,65203.51311682216,8859.812651947768,13167.037710025608,0.0,0.0,0.0,0.0
tubeBe25,"nTOF 5 ns + veto, per-arm coinc (strict)",14.0,oracle: IPC only,"no MM loss, DREAM",False,61942354865.91934,0.0029797416765451413,0.9484210749159467,182.4966207514893,0.0,79642.73939226524,10821.805703001675,16082.859692373695,0.0,0.0,0.0,0.0
tubeBe25,"nTOF 5 ns + veto, per-arm coinc (strict)",14.0,oracle: IPC only,"no MM loss, DREAM",False,76966697940.67009,0.0027073732162218736,0.9245853918769934,273.71095952688205,0.0,96473.30655177278,13108.73266032831,19481.583194791543,0.0,0.0,0.0,0.0
tubeBe25,"nTOF 5 ns + veto, per-arm coinc (strict)",14.0,oracle: IPC only,"no MM loss, DREAM",False,95635249979.00362,0.0024748248488211644,0.8905108291752541,412.5871498446953,0.0,115455.46222357027,15688.016121342383,23314.793210643453,0.0,0.0,0.0,0.0
tubeBe25,"nTOF 5 ns + veto, per-arm coinc (strict)",14.0,oracle: IPC only,"no MM loss, DREAM",False,118831927096.53207,0.0022817681503536262,0.8430822981338272,624.5765929555644,0.0,135818.95748563742,18454.995143431217,27426.947559492346,0.0,0.0,0.0,0.0
tubeBe25,"nTOF 5 ns + veto, per-arm coinc (strict)",14.0,oracle: IPC only,"no MM loss, DREAM",False,147655042472.05704,0.002128735337431315,0.7795689202595001,948.859800133156,0.0,156048.6734190152,21203.796313864,31512.086838424395,0.0,0.0,0.0,0.0
tubeBe25,"nTOF 5 ns + veto, per-arm coinc (strict)",14.0,oracle: IPC only,"no MM loss, DREAM",False,183469309133.68265,0.002016914782808898,0.6988880498679704,1445.7863256766777,0.0,173831.43767150756,23620.10721767309,35103.094689206206,0.0,0.0,0.0,0.0
tubeBe25,"nTOF 5 ns + veto, per-arm coinc (strict)",14.0,oracle: IPC only,"no MM loss, DREAM",False,227970456209.51935,0.001947770573369769,0.6031036676360091,2208.354812942885,0.0,186392.23660236358,25326.860733956528,37639.591655164324,0.0,0.0,0.0,0.0
tubeBe25,"nTOF 5 ns + veto, per-arm coinc (strict)",14.0,oracle: IPC only,"no MM loss, DREAM",True,283265518084.60077,0.0019225320085333544,0.49820177331953597,3379.929090764111,0.0,191318.1892937367,25996.19611010001,38634.3264745736,0.0,0.0,0.0,0.0
tubeBe25,"nTOF 5 ns + veto, per-arm coinc (strict)",14.0,oracle: IPC only,"no MM loss, DREAM",False,351972597984.32916,0.0019417202712391083,0.3930646209069056,5181.580316991534,0.0,187555.62386960175,25484.94106945816,37874.52322996526,0.0,0.0,0.0,0.0
tubeBe25,"nTOF 5 ns + veto, per-arm coinc (strict)",14.0,oracle: IPC only,"no MM loss, DREAM",False,437344829577.31195,0.0020049353688990964,0.29670262414694615,7954.288624905698,0.0,175914.9161737456,23903.20897571972,35523.82723405917,0.0,0.0,0.0,0.0
tubeBe25,"nTOF 5 ns + veto, per-arm coinc (strict)",14.0,oracle: IPC only,"no MM loss, DREAM",False,543424405915.04004,0.0021110203040461935,0.21538833463248913,12224.083797580368,0.0,158678.6874295481,21561.16097554367,32043.1854249766,0.0,0.0,0.0,0.0
tubeBe25,"nTOF 5 ns + veto, per-arm coinc (strict)",14.0,oracle: IPC only,"no MM loss, DREAM",False,675233968650.1552,0.0022585115227459884,0.1514423133938455,18802.59850529076,0.0,138630.5029819557,18837.026190058685,27994.7041695871,0.0,0.0,0.0,0.0
tubeBe25,"nTOF 5 ns + veto, per-arm coinc (strict)",14.0,oracle: IPC only,"no MM loss, DREAM",False,839014419404.4929,0.002446156724574709,0.10389823173808554,28942.291541698127,0.0,118177.5175225129,16057.887295824416,23864.47838950395,0.0,0.0,0.0,0.0
tubeBe25,"nTOF 5 ns + veto, per-arm coinc (strict)",14.0,oracle: IPC only,"no MM loss, DREAM",False,1042520413147.9036,0.0026733183664019214,0.07001002081238414,44576.072196914494,0.0,98946.8689387058,13444.838773075127,19981.088323732907,0.0,0.0,0.0,0.0
tubeBe25,"nTOF 5 ns + veto, per-arm coinc (strict)",14.0,oracle: IPC only,"no MM loss, DREAM",False,1295387524568.9966,0.0029402011025866574,0.0465792354789271,68687.22738287016,0.0,81799.25494909236,11114.831690424582,16518.34116111182,0.0,0.0,0.0,0.0
tubeBe25,"nTOF 5 ns + veto, per-arm coinc (strict)",14.0,oracle: IPC only,"no MM loss, DREAM",False,1609588471982.2002,0.0032479333894578077,0.030719706193287274,105880.51901042408,0.0,67033.08275808084,9108.41343249469,13536.496521491952,0.0,0.0,0.0,0.0
tubeBe25,"nTOF 5 ns + veto, per-arm coinc (strict)",14.0,oracle: IPC only,"no MM loss, DREAM",False,2000000000000.0002,0.0035985638018145296,0.020139919424278337,163263.8644916166,0.0,54606.58358839921,7419.908483908419,11027.119720311786,0.0,0.0,0.0,0.0
tubeBe25,"nTOF 5 ns + veto, per-arm coinc (strict)",14.0,oracle: IPC only,"no MM loss, no dead time",False,1000000000.0,0.02283878884211173,1.0,0.47195599823068357,0.0,1355.680289429854,184.2089912972502,273.7627566428784,0.0,0.0,0.0,0.0
tubeBe25,"nTOF 5 ns + veto, per-arm coinc (strict)",14.0,oracle: IPC only,"no MM loss, no dead time",False,1242553630.827767,0.020488751630519123,1.0,0.5986669933953781,0.0,1684.5054658727029,228.88955096751874,340.164907252027,0.0,0.0,0.0,0.0
tubeBe25,"nTOF 5 ns + veto, per-arm coinc (strict)",14.0,oracle: IPC only,"no MM loss, no dead time",False,1543939525.4832668,0.01838052561714937,1.0,0.7627680372018392,0.0,2093.0883827693465,284.40754261322775,422.67314058619684,0.0,0.0,0.0,0.0
tubeBe25,"nTOF 5 ns + veto, per-arm coinc (strict)",14.0,oracle: IPC only,"no MM loss, no dead time",False,1918427663.1677406,0.016489229214895006,1.0,0.9769485943605815,0.0,2600.7745696534803,353.3916247088703,525.1940454887562,0.0,0.0,0.0,0.0
tubeBe25,"nTOF 5 ns + veto, per-arm coinc (strict)",14.0,oracle: IPC only,"no MM loss, no dead time",False,2383749258.3495045,0.01479254107116853,1.0,1.2589452691052752,0.0,3231.6018844874566,439.1080463861305,652.5817681111774,0.0,0.0,0.0,0.0
tubeBe25,"nTOF 5 ns + veto, per-arm coinc (strict)",14.0,oracle: IPC only,"no MM loss, no dead time",False,2961936295.9451733,0.01327043662808355,1.0,1.6338371676178303,0.0,4015.4386549597416,545.615297362774,810.8678453785471,0.0,0.0,0.0,0.0
tubeBe25,"nTOF 5 ns + veto, per-arm coinc (strict)",14.0,oracle: IPC only,"no MM loss, no dead time",False,3680364698.807223,0.01190495178973805,1.0,2.137480655427982,0.0,4989.3978800863915,677.9562687732864,1007.5467853966022,0.0,0.0,0.0,0.0
tubeBe25,"nTOF 5 ns + veto, per-arm coinc (strict)",14.0,oracle: IPC only,"no MM loss, no dead time",False,4573050519.273255,0.010679970907366807,1.0,2.8216767986276334,0.0,6199.594451545711,842.3970233066929,1251.9309164233935,0.0,0.0,0.0,0.0
tubeBe25,"nTOF 5 ns + veto, per-arm coinc (strict)",14.0,oracle: IPC only,"no MM loss, no dead time",False,5682260526.681813,0.009581036580133087,1.0,3.761981069838612,0.0,7703.328595427835,1046.7234799082385,1555.5913057474277,0.0,0.0,0.0,0.0
tubeBe25,"nTOF 5 ns + veto, per-arm coinc (strict)",14.0,oracle: IPC only,"no MM loss, no dead time",False,7060513448.737786,0.00859517902680143,1.0,5.069551678271102,0.0,9571.79891570822,1300.6100604326568,1932.9056250405733,0.0,0.0,0.0,0.0
tubeBe25,"nTOF 5 ns + veto, per-arm coinc (strict)",14.0,oracle: IPC only,"no MM loss, no dead time",False,8773066621.237415,0.007710763014510991,1.0,6.909182504375806,0.0,11893.473496266528,1616.0777528817193,2401.7389024415784,0.0,0.0,0.0,0.0
tubeBe25,"nTOF 5 ns + veto, per-arm coinc (strict)",14.0,oracle: IPC only,"no MM loss, no dead time",False,10901005783.71244,0.0069173505380813825,1.0,9.526821584693426,0.0,14778.278675939795,2008.0632795431595,2984.28939352908,0.0,0.0,0.0,0.0
tubeBe25,"nTOF 5 ns + veto, per-arm coinc (strict)",14.0,oracle: IPC only,"no MM loss, no dead time",False,13545084316.226381,0.0062055776291718035,1.0,13.291656300875406,0.0,18362.803826173556,2495.1263189282663,3708.1396213703524,0.0,0.0,0.0,0.0
tubeBe25,"nTOF 5 ns + veto, per-arm coinc (strict)",14.0,oracle: IPC only,"no MM loss, no dead time",False,16830493696.995401,0.0055670438413778205,1.0,18.76059124828855,0.0,22816.768566390056,3100.3282669582495,4607.5623501500495,0.0,0.0,0.0,0.0
tubeBe25,"nTOF 5 ns + veto, per-arm coinc (strict)",14.0,oracle: IPC only,"no MM loss, no dead time",False,20912791051.82548,0.004994213106952775,1.0,26.777177984787468,0.0,28351.05862592483,3852.3241448669323,5725.143327444266,0.0,0.0,0.0,0.0
tubeBe25,"nTOF 5 ns + veto, per-arm coinc (strict)",14.0,oracle: IPC only,"no MM loss, no dead time",False,25985264452.18819,0.004480324795050617,1.0,38.62358597183355,0.0,35227.710833453784,4786.71935332988,7113.797628525235,0.0,0.0,0.0,0.0
tubeBe25,"nTOF 5 ns + veto, per-arm coinc (strict)",14.0,oracle: IPC only,"no MM loss, no dead time",False,32288084693.086143,0.004019313921786796,1.0,56.254278995122746,0.0,43772.320001858665,5947.755512233584,8839.275072297993,0.0,0.0,0.0,0.0
tubeBe25,"nTOF 5 ns + veto, per-arm coinc (strict)",14.0,oracle: IPC only,"no MM loss, no dead time",False,40119676867.86863,0.003605739570424744,1.0,82.6556076540184,0.0,54389.45514806437,7390.405207001702,10983.273334969239,0.0,0.0,0.0,0.0
tubeBe25,"nTOF 5 ns + veto, per-arm coinc (strict)",14.0,oracle: IPC only,"no MM loss, no dead time",False,49850850159.80715,0.00323472067689279,1.0,122.39952006285411,0.0,67581.81497297164,9182.97482324844,13647.306160739883,0.0,0.0,0.0,0.0
tubeBe25,"nTOF 5 ns + veto, per-arm coinc (strict)",14.0,oracle: IPC only,"no MM loss, no dead time",False,61942354865.91934,0.00290187842276285,1.0,182.4966207514893,0.0,83974.02957259624,11410.338708427322,16957.509821045493,0.0,0.0,0.0,0.0
tubeBe25,"nTOF 5 ns + veto, per-arm coinc (strict)",14.0,oracle: IPC only,"no MM loss, no dead time",False,76966697940.67009,0.0026032845558045456,1.0,273.71095952688205,0.0,104342.23534066777,14177.957791130984,21070.6153979376,0.0,0.0,0.0,0.0
tubeBe25,"nTOF 5 ns + veto, per-arm coinc (strict)",14.0,oracle: IPC only,"no MM loss, no dead time",False,95635249979.00362,0.002335415028186489,1.0,412.5871498446953,0.0,129650.82337123205,17616.87293109262,26181.369666482813,0.0,0.0,0.0,0.0
tubeBe25,"nTOF 5 ns + veto, per-arm coinc (strict)",14.0,oracle: IPC only,"no MM loss, no dead time",False,118831927096.53207,0.002095108405156149,1.0,624.5765929555644,0.0,161098.1013197339,21889.909424360547,32531.75593913219,0.0,0.0,0.0,0.0
tubeBe25,"nTOF 5 ns + veto, per-arm coinc (strict)",14.0,oracle: IPC only,"no MM loss, no dead time",False,147655042472.05704,0.0018795285533314745,1.0,948.859800133156,0.0,200173.0307142957,27199.386433730262,40422.45145937163,0.0,0.0,0.0,0.0
tubeBe25,"nTOF 5 ns + veto, per-arm coinc (strict)",14.0,oracle: IPC only,"no MM loss, no dead time",False,183469309133.68265,0.0016861311682461716,1.0,1445.7863256766777,0.0,248725.72610784622,33796.69636951905,50227.063827801394,0.0,0.0,0.0,0.0
tubeBe25,"nTOF 5 ns + veto, per-arm coinc (strict)",14.0,oracle: IPC only,"no MM loss, no dead time",False,227970456209.51935,0.0015126337461018606,1.0,2208.354812942885,0.0,309055.054055577,41994.20778392951,62409.820525052615,0.0,0.0,0.0,0.0
tubeBe25,"nTOF 5 ns + veto, per-arm coinc (strict)",14.0,oracle: IPC only,"no MM loss, no dead time",False,283265518084.60077,0.0013569886453294584,1.0,3379.929090764111,0.0,384017.4795424292,52180.0553556573,77547.54909271345,0.0,0.0,0.0,0.0
tubeBe25,"nTOF 5 ns + veto, per-arm coinc (strict)",14.0,oracle: IPC only,"no MM loss, no dead time",False,351972597984.32916,0.0012173589200284033,1.0,5181.580316991534,0.0,477162.31350677303,64836.51723896585,96356.9886869456,0.0,0.0,0.0,0.0
tubeBe25,"nTOF 5 ns + veto, per-arm coinc (strict)",14.0,oracle: IPC only,"no MM loss, no dead time",False,437344829577.31195,0.0010920966400665177,1.0,7954.288624905698,0.0,592899.7651420204,80562.84990550444,119728.72614859481,0.0,0.0,0.0,0.0
tubeBe25,"nTOF 5 ns + veto, per-arm coinc (strict)",14.0,oracle: IPC only,"no MM loss, no dead time",False,543424405915.04004,0.0009797234419712064,1.0,12224.083797580368,0.0,736709.7558941479,100103.661659917,148769.36339031986,0.0,0.0,0.0,0.0
tubeBe25,"nTOF 5 ns + veto, per-arm coinc (strict)",14.0,oracle: IPC only,"no MM loss, no dead time",False,675233968650.1552,0.0008789130810707801,1.0,18802.59850529076,0.0,915401.3820525114,124384.16825468416,184853.91263657747,0.0,0.0,0.0,0.0
tubeBe25,"nTOF 5 ns + veto, per-arm coinc (strict)",14.0,oracle: IPC only,"no MM loss, no dead time",False,839014419404.4929,0.0007884757789637882,1.0,28942.291541698127,0.0,1137435.310934104,154553.9998823497,229690.90031929815,0.0,0.0,0.0,0.0
tubeBe25,"nTOF 5 ns + veto, per-arm coinc (strict)",14.0,oracle: IPC only,"no MM loss, no dead time",False,1042520413147.9036,0.000707344181582942,1.0,44576.072196914494,0.0,1413324.3754328806,192041.63371276783,285403.26215984265,0.0,0.0,0.0,0.0
tubeBe25,"nTOF 5 ns + veto, per-arm coinc (strict)",14.0,oracle: IPC only,"no MM loss, no dead time",False,1295387524568.9966,0.0006345607621286483,1.0,68687.22738287016,0.0,1756131.3342315194,238622.02923989674,354628.859646803,0.0,0.0,0.0,0.0
tubeBe25,"nTOF 5 ns + veto, per-arm coinc (strict)",14.0,oracle: IPC only,"no MM loss, no dead time",False,1609588471982.2002,0.000569266520199792,1.0,105880.51901042408,0.0,2182087.365559786,296500.6688275234,440645.37715044565,0.0,0.0,0.0,0.0
tubeBe25,"nTOF 5 ns + veto, per-arm coinc (strict)",14.0,oracle: IPC only,"no MM loss, no dead time",True,2000000000000.0002,0.0005106908437472551,1.0,163263.8644916166,0.0,2711360.578859709,368417.9825945005,547525.5132857569,0.0,0.0,0.0,0.0
tubeBe25,"nTOF 5 ns, no veto, strict",14.0,as is,MM occ + DREAM,False,1000000000.0,0.06410684098019578,0.9998593768901674,0.47195599823068357,0.0061251586976635965,1338.9857663177506,181.94054992014463,270.3915055421268,0.0,0.0,3.363022306899437,10725.447501984254
tubeBe25,"nTOF 5 ns, no veto, strict",14.0,as is,MM occ + DREAM,False,1242553630.827767,0.05305877759193013,0.9998216290578372,0.5986669933953781,0.007610838179178178,1658.7627040642974,225.3916405657041,334.96647699437824,0.0,0.0,5.176702322969951,10693.221929945224
tubeBe25,"nTOF 5 ns, no veto, strict",14.0,as is,MM occ + DREAM,False,1543939525.4832668,0.04409725621429193,0.9997727467806786,0.7627680372018392,0.009456874613180438,2053.405515871616,279.0154594354984,414.6596796558297,0.0,0.0,7.962671464731657,10653.293691952045
tubeBe25,"nTOF 5 ns, no veto, strict",14.0,as is,MM occ + DREAM,False,1918427663.1677406,0.0368175773880242,0.9997089540512858,0.9769485943605815,0.011750673886890335,2539.6261266937217,345.0828124580469,512.8458787125586,0.0,0.0,12.236832125230704,10603.855945134797
tubeBe25,"nTOF 5 ns, no veto, strict",14.0,as is,MM occ + DREAM,False,2383749258.3495045,0.03089433956304108,0.9996249750063172,1.2589452691052752,0.014600842502828615,3137.4211523851736,426.3108273106107,633.5631417846057,0.0,0.0,18.78396103809099,10542.696645672751
tubeBe25,"nTOF 5 ns, no veto, strict",14.0,as is,MM occ + DREAM,False,2961936295.9451733,0.026066039087833993,0.9995133534642068,1.6338371676178303,0.018142329865034074,3870.4669967312366,525.9166389569682,781.5926238523745,0.0,0.0,28.793394651575422,10467.117899637356
tubeBe25,"nTOF 5 ns, no veto, strict",14.0,as is,MM occ + DREAM,False,3680364698.807223,0.02212267208552535,0.9993634362362162,2.137480655427982,0.022542817845473122,4766.407302345302,647.6564482958845,962.5166143866938,0.0,0.0,44.059117621781176,10373.845027988256
tubeBe25,"nTOF 5 ns, no veto, strict",14.0,as is,MM occ + DREAM,False,4573050519.273255,0.018895754219643693,0.9991598467649944,2.8216767986276334,0.028010660162981607,5856.9093640684505,795.8331875786212,1182.7299293325243,0.0,0.0,67.27106295897516,10258.927609374043
tubeBe25,"nTOF 5 ns, no veto, strict",14.0,as is,MM occ + DREAM,False,5682260526.681813,0.0162502876580842,0.9988801850325555,3.761981069838612,0.034804747487395635,7177.295086414609,975.2463751370011,1449.3653875594812,0.0,0.0,102.43201866247334,10117.637642365571
tubeBe25,"nTOF 5 ns, no veto, strict",14.0,as is,MM occ + DREAM,False,7060513448.737786,0.014078297797358752,0.99849155245141,5.069551678271102,0.04324676536050705,8765.451643843435,1191.0440965814232,1770.0738322658876,0.0,0.0,155.4405665170197,9944.374578973699
tubeBe25,"nTOF 5 ns, no veto, strict",14.0,as is,MM occ + DREAM,False,8773066621.237415,0.012293641061920199,0.9979452941223906,6.909182504375806,0.053736425320254536,10659.591888798908,1448.4186904434582,2152.571873264409,0.0,0.0,234.87986716156908,9732.59410048551
tubeBe25,"nTOF 5 ns, no veto, strict",14.0,as is,MM occ + DREAM,False,10901005783.71244,0.01082785189198366,0.9971690442308984,9.526821584693426,0.06677039038938742,12894.26571590791,1752.0647748334857,2603.836431639258,0.0,0.0,353.0343575298576,9474.788114966159
tubeBe25,"nTOF 5 ns, no veto, strict",14.0,as is,MM occ + DREAM,False,13545084316.226381,0.009626852952689315,0.9960547133617523,13.291656300875406,0.08296579101012079,15493.838295148858,2105.293073835574,3128.78775012862,0.0,0.0,527.1018244547755,9162.558644023795
tubeBe25,"nTOF 5 ns, no veto, strict",14.0,as is,MM occ + DREAM,False,16830493696.995401,0.008648399835797953,0.9944404254777377,18.76059124828855,0.10308944485412372,18462.501939217127,2508.673236281265,3728.2724140883024,0.0,0.0,780.4430132925595,8786.848924345037
tubeBe25,"nTOF 5 ns, no veto, strict",14.0,as is,MM occ + DREAM,False,20912791051.82548,0.007860174959470298,0.9920835708906504,26.777177984787468,0.12809416400351029,21769.896312553137,2958.0799187304538,4396.159531728998,0.0,0.0,1143.4630791915051,8338.421092990511
tubeBe25,"nTOF 5 ns, no veto, strict",14.0,as is,MM occ + DREAM,False,25985264452.18819,0.007238492584382358,0.9886211401076411,38.62358597183355,0.15916386857040915,25331.816653505844,3442.071430743955,5115.444999758967,0.0,0.0,1653.283245624406,7808.698525228651
tubeBe25,"nTOF 5 ns, no veto, strict",14.0,as is,MM occ + DREAM,False,32288084693.086143,0.006767638398921722,0.9835126156631325,56.254278995122746,0.19776964278875545,28986.713060954302,3938.6964726225024,5853.505826893988,0.0,0.0,2350.68828409684,7191.113588815019
tubeBe25,"nTOF 5 ns, no veto, strict",14.0,as is,MM occ + DREAM,False,40119676867.86863,0.006439959680571079,0.9759607486398612,82.6556076540184,0.24573938771467851,32471.364561046626,4412.188742783351,6557.187814485783,0.0,0.0,3271.988387427815,6483.097815634963
tubeBe25,"nTOF 5 ns, no veto, strict",14.0,as is,MM occ + DREAM,False,49850850159.80715,0.006256977991139858,0.9648085530537963,122.39952006285411,0.3053443684422675,35403.99308381863,4810.672475446138,7149.395634325989,0.0,0.0,4432.8047653870135,5688.780004182793
tubeBe25,"nTOF 5 ns, no veto, strict",14.0,as is,MM occ + DREAM,True,61942354865.91934,0.006232086769644906,0.9484210749159467,182.4966207514893,0.37940675366075083,37290.45398177161,5067.003604432139,7530.342926802892,0.0,0.0,5801.484952158924,4822.246646271842
tubeBe25,"nTOF 5 ns, no veto, strict",14.0,as is,MM occ + DREAM,False,76966697940.67009,0.006395984102242096,0.9245853918769934,273.71095952688205,0.47143323932174225,37577.28988100335,5105.978687331322,7588.265865632992,0.0,0.0,7264.104735566174,3910.768077132585
tubeBe25,"nTOF 5 ns, no veto, strict",14.0,as is,MM occ + DREAM,False,95635249979.00362,0.006807252489171104,0.8905108291752541,412.5871498446953,0.5857810832121263,35777.62438122113,4861.441262857323,7224.845823240354,0.0,0.0,8593.761273263799,2996.628901948097
tubeBe25,"nTOF 5 ns, no veto, strict",14.0,as is,MM occ + DREAM,False,118831927096.53207,0.007573313716959413,0.8430822981338272,624.5765929555644,0.7278644118154498,31677.09866852836,4304.264389214612,6396.795705860625,0.0,0.0,9454.364133456862,2135.2646896108513
tubeBe25,"nTOF 5 ns, no veto, strict",14.0,as is,MM occ + DREAM,False,147655042472.05704,0.008893555882476575,0.7795689202595001,948.859800133156,0.9044105676516079,25568.134559470884,3474.182160259397,5163.166458782518,0.0,0.0,9482.025385687099,1387.043946985575
tubeBe25,"nTOF 5 ns, no veto, strict",14.0,as is,MM occ + DREAM,False,183469309133.68265,0.011152752674367813,0.6988880498679704,1445.7863256766777,1.1237786345945076,18366.508419778034,2495.629696794248,3708.8877179277124,0.0,0.0,8463.37950493797,801.8675480142866
tubeBe25,"nTOF 5 ns, no veto, strict",14.0,as is,MM occ + DREAM,False,227970456209.51935,0.015136732295812357,0.6031036676360091,2208.354812942885,1.3963552226620757,11417.449087814317,1551.3958534711064,2305.6116995138286,0.0,0.0,6537.345522603603,401.1714114251746
tubeBe25,"nTOF 5 ns, no veto, strict",14.0,as is,MM occ + DREAM,False,283265518084.60077,0.022570314413091062,0.49820177331953597,3379.929090764111,1.7350462518440772,5952.703289793833,808.8496063964369,1202.0743200275112,0.0,0.0,4235.081131292061,168.32940404881688
tubeBe25,"nTOF 5 ns, no veto, strict",14.0,as is,MM occ + DREAM,False,351972597984.32916,0.03758791539265007,0.3930646209069056,5181.580316991534,2.1558880198829664,2515.066947011153,341.7457264565115,507.88645812998516,0.0,0.0,2223.372302441679,57.23743416863902
tubeBe25,"nTOF 5 ns, no veto, strict",14.0,as is,MM occ + DREAM,False,437344829577.31195,0.0712101630134635,0.29670262414694615,7954.288624905698,2.6788064867636754,828.9358359237453,112.63528383220397,167.3932720656372,0.0,0.0,910.5393084616402,15.182258430886517
tubeBe25,"nTOF 5 ns, no veto, strict",14.0,as is,MM occ + DREAM,False,543424405915.04004,0.1568082438923221,0.21538833463248913,12224.083797580368,3.3285607264131802,203.87664915537337,27.70263179511835,41.17035109462359,0.0,0.0,278.26617218195054,3.0051614483812563
tubeBe25,"nTOF 5 ns, no veto, strict",14.0,as is,MM occ + DREAM,False,675233968650.1552,0.4121860315267307,0.1514423133938455,18802.59850529076,4.135915216035406,35.43630957515078,4.815063620111275,7.155921547420023,0.0,0.0,60.09752083022449,0.4203718888478387
tubeBe25,"nTOF 5 ns, no veto, strict",14.0,as is,MM occ + DREAM,False,839014419404.4929,1.338077368947099,0.10389823173808554,28942.291541698127,5.139096468480602,4.062303681018976,0.5519832878431267,0.8203316539358823,0.0,0.0,8.560430361570852,0.03878309130600833
tubeBe25,"nTOF 5 ns, no veto, strict",14.0,as is,MM occ + DREAM,False,1042520413147.9036,5.604418360261558,0.07001002081238414,44576.072196914494,6.385602976084727,0.28114980312240123,0.038202459710009504,0.05677470251098877,0.0,0.0,0.736166649566142,0.0021601936113058193
tubeBe25,"nTOF 5 ns, no veto, strict",14.0,as is,MM occ + DREAM,False,1295387524568.9966,32.02960535790012,0.0465792354789271,68687.22738287016,7.934454162958706,0.010494699995683934,0.001426013282958646,0.0021192740083037817,0.0,0.0,0.0341447176684548,6.489478218786857e-05
tubeBe25,"nTOF 5 ns, no veto, strict",14.0,as is,MM occ + DREAM,False,1609588471982.2002,268.1541100247826,0.030719706193287274,105880.51901042408,9.858984828820832,0.00018318241311271382,2.4890711922263417e-05,3.6991407762756224e-05,0.0,0.0,0.0007405466408934468,9.11608537730259e-07
tubeBe25,"nTOF 5 ns, no veto, strict",14.0,as is,MM occ + DREAM,False,2000000000000.0002,3596.344350967594,0.020139919424278337,163263.8644916166,12.250317395327196,1.249552516367975e-06,1.6978841575537666e-07,2.523315741315441e-07,0.0,0.0,6.276800085402246e-06,5.004537857087511e-09
tubeBe25,"nTOF 5 ns, no veto, strict",14.0,as is,"MM occ ÷10, DAQ 10 µs",False,1000000000.0,0.06375008276036509,0.9999952804622918,0.47195599823068357,0.0006125158697663597,1354.0141645168999,183.98259928433723,273.426303459456,0.0,0.0,3.4007679197745424,10845.82689658167
tubeBe25,"nTOF 5 ns, no veto, strict",14.0,as is,"MM occ ÷10, DAQ 10 µs",False,1242553630.827767,0.05269203764281474,0.999994013365906,0.5986669933953781,0.0007610838179178179,1681.93324749596,228.54003954047326,339.64547977418056,0.0,0.0,5.24901345325596,10842.590952135753
tubeBe25,"nTOF 5 ns, no veto, strict",14.0,as is,"MM occ ÷10, DAQ 10 µs",False,1543939525.4832668,0.04371872719803833,0.999992372377809,0.7627680372018392,0.0009456874613180438,2089.1173742141227,283.8679644500766,421.8712448463186,0.0,0.0,8.101154483881288,10838.570741354832
tubeBe25,"nTOF 5 ns, no veto, strict",14.0,as is,"MM occ ÷10, DAQ 10 µs",False,1918427663.1677406,0.03642513694135943,0.9999902306094983,0.9769485943605815,0.0011750673886890336,2594.6442271383667,352.558637595448,523.9560991387295,0.0,0.0,12.501929121955449,10833.576377350342
tubeBe25,"nTOF 5 ns, no veto, strict",14.0,as is,"MM occ ÷10, DAQ 10 µs",False,2383749258.3495045,0.03048549419234349,0.9999874107058013,1.2589452691052752,0.0014600842502828617,3222.1382626538884,437.8221353600779,650.6707075011033,0.0,0.0,19.29116833391017,10827.372100729868
tubeBe25,"nTOF 5 ns, no veto, strict",14.0,as is,"MM occ ÷10, DAQ 10 µs",False,2961936295.9451733,0.02563785505690827,0.9999836618952618,1.6338371676178303,0.0018142329865034074,4000.82980660899,543.630256170032,807.9177703298338,0.0,0.0,29.763196961185223,10819.665254225534
tubeBe25,"nTOF 5 ns, no veto, strict",14.0,as is,"MM occ ÷10, DAQ 10 µs",False,3680364698.807223,0.02167168862115145,0.9999786256503183,2.137480655427982,0.0022542817845473124,4966.84733115576,674.8921142642184,1002.99298278754,0.0,0.0,45.911920004222914,10810.092638481394
tubeBe25,"nTOF 5 ns, no veto, strict",14.0,as is,"MM occ ÷10, DAQ 10 µs",False,4573050519.273255,0.01841787228863613,0.9999717840281772,2.8216767986276334,0.002801066016298161,6164.786656788055,837.667361887564,1244.9019156185477,0.0,0.0,70.80726805534232,10798.203644266698
tubeBe25,"nTOF 5 ns, no veto, strict",14.0,as is,"MM occ ÷10, DAQ 10 µs",False,5682260526.681813,0.01574062462697367,0.9999623816044986,3.761981069838612,0.0034804747487395637,7649.604536838123,1039.42348837014,1544.7424009634328,0.0,0.0,109.1726653626234,10783.439426591372
tubeBe25,"nTOF 5 ns, no veto, strict",14.0,as is,"MM occ ÷10, DAQ 10 µs",False,7060513448.737786,0.013530994102609443,0.9999493070531225,5.069551678271102,0.004324676536050705,9488.885012781318,1289.3437710709482,1916.162194597372,0.0,0.0,168.2694425720263,10765.107234398261
tubeBe25,"nTOF 5 ns, no veto, strict",14.0,as is,"MM occ ÷10, DAQ 10 µs",False,8773066621.237415,0.011701598939345591,0.9999309129483068,6.909182504375806,0.005373642532025454,11765.522463397414,1598.6918464227754,2375.900784305123,0.0,0.0,259.24860746245906,10742.348835767103
tubeBe25,"nTOF 5 ns, no veto, strict",14.0,as is,"MM occ ÷10, DAQ 10 µs",False,10901005783.71244,0.0101823770787422,0.9999047408593214,9.526821584693426,0.006677039038938743,14580.851166445891,1981.2369528186666,2944.421365899262,0.0,0.0,399.2116757322658,10714.101786152352
tubeBe25,"nTOF 5 ns, no veto, strict",14.0,as is,"MM occ ÷10, DAQ 10 µs",False,13545084316.226381,0.008917156103328503,0.9998671011014559,13.291656300875406,0.008296579101012079,18058.22069826018,2453.739753676453,3646.6328506555956,0.0,0.0,614.3423530785259,10679.052085262745
tubeBe25,"nTOF 5 ns, no veto, strict",14.0,as is,"MM occ ÷10, DAQ 10 µs",False,16830493696.995401,0.007860891829371507,0.9998124292768938,18.76059124828855,0.010308944485412372,22346.959058726436,3036.490844386465,4512.690169062932,0.0,0.0,944.6459706889248,10635.576576458267
tubeBe25,"nTOF 5 ns, no veto, strict",14.0,as is,"MM occ ÷10, DAQ 10 µs",False,20912791051.82548,0.00697745349097325,0.9997322999026838,26.777177984787468,0.012809416400351029,27626.56478523061,3753.880374137271,5578.840816044139,0.0,0.0,1451.0843957758186,10581.673298976744
tubeBe25,"nTOF 5 ns, no veto, strict",14.0,as is,"MM occ ÷10, DAQ 10 µs",False,25985264452.18819,0.0062378559766074065,0.9996139132608252,38.62358597183355,0.015916386857040915,34110.80094787478,4634.9543354295565,6888.251582321092,0.0,0.0,2226.2444290250137,10514.877977342941
tubeBe25,"nTOF 5 ns, no veto, strict",14.0,as is,"MM occ ÷10, DAQ 10 µs",False,32288084693.086143,0.005618857209154651,0.9994377734865203,56.254278995122746,0.019776964278875545,42051.09140436509,5713.87604506982,8491.694385806954,0.0,0.0,3410.148908220919,10432.165047018163
tubeBe25,"nTOF 5 ns, no veto, strict",14.0,as is,"MM occ ÷10, DAQ 10 µs",False,40119676867.86863,0.005101851345288113,0.9991741265541749,82.6556076540184,0.02457393877146785,51738.19052420607,7030.153025251376,10447.883451619648,0.0,0.0,5213.41683265169,10329.832284743823
tubeBe25,"nTOF 5 ns, no veto, strict",14.0,as is,"MM occ ÷10, DAQ 10 µs",False,49850850159.80715,0.004671995196257314,0.9987775011321185,122.39952006285411,0.03053443684422675,63500.43886700757,8628.399986211805,12823.123068032235,0.0,0.0,7950.658202520395,10203.36960376848
tubeBe25,"nTOF 5 ns, no veto, strict",14.0,as is,"MM occ ÷10, DAQ 10 µs",False,61942354865.91934,0.0043175082987837515,0.9981783582271627,182.4966207514893,0.03794067536607509,77695.93392548533,10557.274991680111,15689.726565493726,0.0,0.0,12087.591954042031,10047.315513623853
tubeBe25,"nTOF 5 ns, no veto, strict",14.0,as is,"MM occ ÷10, DAQ 10 µs",False,76966697940.67009,0.004029096453732457,0.9972703617238484,273.71095952688205,0.04714332393217423,94694.52672524654,12867.033168096184,19122.380754092665,0.0,0.0,18305.496809252447,9855.110184076544
tubeBe25,"nTOF 5 ns, no veto, strict",14.0,as is,"MM occ ÷10, DAQ 10 µs",False,95635249979.00362,0.0037994803045003464,0.9958910813718106,412.5871498446953,0.05857810832121263,114843.60687814296,15604.87759902279,23191.236641047453,0.0,0.0,27585.357002890854,9618.963738566208
tubeBe25,"nTOF 5 ns, no veto, strict",14.0,as is,"MM occ ÷10, DAQ 10 µs",False,118831927096.53207,0.003623065769677642,0.993793001530013,624.5765929555644,0.07278644118154498,138409.167486708,18806.95126115712,27950.008221881457,0.0,0.0,41309.67556470186,9329.775152243508
tubeBe25,"nTOF 5 ns, no veto, strict",14.0,as is,"MM occ ÷10, DAQ 10 µs",False,147655042472.05704,0.003495835099151209,0.9906005892289246,948.859800133156,0.09044105676516079,165480.9642478858,22485.45010256022,33416.82054216139,0.0,0.0,61369.15073709249,8977.165278424456
tubeBe25,"nTOF 5 ns, no veto, strict",14.0,as is,"MM occ ÷10, DAQ 10 µs",False,183469309133.68265,0.0034155221893306265,0.9857481874995262,1445.7863256766777,0.11237786345945076,195828.7819441969,26609.092623217784,39545.18450482675,0.0,0.0,90238.88818185688,8549.73311307884
tubeBe25,"nTOF 5 ns, no veto, strict",14.0,as is,"MM occ ÷10, DAQ 10 µs",True,227970456209.51935,0.0033820878376093636,0.9783935978914394,2208.354812942885,0.13963552226620757,228698.63829075635,31075.42818101489,46182.84277429524,0.0,0.0,130947.11503038774,8035.714003055104
tubeBe25,"nTOF 5 ns, no veto, strict",14.0,as is,"MM occ ÷10, DAQ 10 µs",False,283265518084.60077,0.0033985170007859045,0.9673057515081418,3379.929090764111,0.17350462518440773,262549.1159614748,35675.00995207949,53018.525311740275,0.0,0.0,186791.90830026465,7424.3136390003765
tubeBe25,"nTOF 5 ns, no veto, strict",14.0,as is,"MM occ ÷10, DAQ 10 µs",False,351972597984.32916,0.003472072784165591,0.9507368086562731,5181.580316991534,0.21558880198829666,294759.89273036545,40051.79018836489,59523.09066583896,0.0,0.0,260573.9708623624,6708.091796824276
tubeBe25,"nTOF 5 ns, no veto, strict",14.0,as is,"MM occ ÷10, DAQ 10 µs",False,437344829577.31195,0.003616353162896179,0.9263179932337529,7954.288624905698,0.26788064867636757,321412.82600373554,43673.374120565626,64905.3187194792,0.0,0.0,353053.8790062213,5886.791686297866
tubeBe25,"nTOF 5 ns, no veto, strict",14.0,as is,"MM occ ÷10, DAQ 10 µs",False,543424405915.04004,0.003854828081160622,0.8910743275068382,12224.083797580368,0.33285607264131806,337361.28430074855,45840.44067640867,68125.91131910347,0.0,0.0,460456.0336540229,4972.737829256585
tubeBe25,"nTOF 5 ns, no veto, strict",14.0,as is,"MM occ ÷10, DAQ 10 µs",False,675233968650.1552,0.0042271262326360505,0.8417324305877586,18802.59850529076,0.4135915216035406,336933.8098597907,45782.355716268605,68039.58817767887,0.0,0.0,571416.3494794313,3996.9597219790667
tubeBe25,"nTOF 5 ns, no veto, strict",14.0,as is,"MM occ ÷10, DAQ 10 µs",False,839014419404.4929,0.004800537662696698,0.7755407384524525,28942.291541698127,0.5139096468480603,315613.1390612609,42885.316279905885,63734.14414578581,0.0,0.0,665086.7365615052,3013.180242231035
tubeBe25,"nTOF 5 ns, no veto, strict",14.0,as is,"MM occ ÷10, DAQ 10 µs",False,1042520413147.9036,0.0056918040311588515,0.6916773881074781,44576.072196914494,0.6385602976084728,272583.14639739983,37038.427742881046,55044.77283764671,0.0,0.0,713735.593562585,2094.37234121394
tubeBe25,"nTOF 5 ns, no veto, strict",14.0,as is,"MM occ ÷10, DAQ 10 µs",False,1295387524568.9966,0.007110304040815893,0.5928131106988292,68687.22738287016,0.7934454162958706,212959.42227906385,28936.79333625903,43004.50404918862,0.0,0.0,692867.766734289,1316.8509180193614
tubeBe25,"nTOF 5 ns, no veto, strict",14.0,as is,"MM occ ÷10, DAQ 10 µs",False,1609588471982.2002,0.009448615503157013,0.4857186123323151,105880.51901042408,0.9858984828820833,147542.22843928725,20047.945881089578,29794.316177422395,0.0,0.0,596465.0197801352,734.24491377479
tubeBe25,"nTOF 5 ns, no veto, strict",14.0,as is,"MM occ ÷10, DAQ 10 µs",False,2000000000000.0002,0.013485437405820068,0.3798470412683029,163263.8644916166,1.2250317395327197,88868.32120952386,12075.37200026058,17945.851084679995,0.0,0.0,446406.7566994734,355.9233181183914
tubeBe25,"nTOF 5 ns, no veto, strict",14.0,as is,"no MM loss, DREAM",False,1000000000.0,0.06371537652045527,0.9998593768901674,0.47195599823068357,0.0,1355.4896494516156,184.1830872560349,273.724259272683,0.0,0.0,3.4044737760082406,10857.645719907012
tubeBe25,"nTOF 5 ns, no veto, strict",14.0,as is,"no MM loss, DREAM",False,1242553630.827767,0.05265648864161964,0.9998216290578372,0.5986669933953781,0.0,1684.2049990456771,228.84872372266153,340.10423171702985,0.0,0.0,5.2561031843524075,10857.235809674026
tubeBe25,"nTOF 5 ns, no veto, strict",14.0,as is,"no MM loss, DREAM",False,1543939525.4832668,0.04368219965370358,0.9997727467806786,0.7627680372018392,0.0,2092.6127216960376,284.34291008356956,422.5770867542779,0.0,0.0,8.114708700736385,10856.704988580943
tubeBe25,"nTOF 5 ns, no veto, strict",14.0,as is,"no MM loss, DREAM",False,1918427663.1677406,0.03638747797076739,0.9997089540512858,0.9769485943605815,0.0,2600.017624751464,353.28877150818926,525.0411898895278,0.0,0.0,12.527820084346509,10856.01225231096
tubeBe25,"nTOF 5 ns, no veto, strict",14.0,as is,"no MM loss, DREAM",False,2383749258.3495045,0.030446533306584957,0.9996249750063172,1.2589452691052752,0.0,3230.38995301114,438.9433698938084,652.3370336377137,0.0,0.0,19.340571784272953,10855.10030935254
tubeBe25,"nTOF 5 ns, no veto, strict",14.0,as is,"no MM loss, DREAM",False,2961936295.9451733,0.025597404325610258,0.9995133534642068,1.6338371676178303,0.0,4013.4845556486157,545.3497755684367,810.4732393506077,0.0,0.0,29.857338878329156,10853.88819174185
tubeBe25,"nTOF 5 ns, no veto, strict",14.0,as is,"no MM loss, DREAM",False,3680364698.807223,0.02162954385135086,0.9993634362362162,2.137480655427982,0.0,4986.22181019283,677.5247063791554,1006.9054176227017,0.0,0.0,46.09101138198556,10852.260214661814
tubeBe25,"nTOF 5 ns, no veto, strict",14.0,as is,"no MM loss, DREAM",False,4573050519.273255,0.01837381571620299,0.9991598467649944,2.8216767986276334,0.0,6194.385842211523,841.6892807224025,1250.8791026139565,0.0,0.0,71.147237234031,10850.049401419556
tubeBe25,"nTOF 5 ns, no veto, strict",14.0,as is,"no MM loss, DREAM",False,5682260526.681813,0.01569442985610872,0.9988801850325555,3.761981069838612,0.0,7694.7022927675325,1045.5513432886614,1553.8493313200254,0.0,0.0,109.81628585215024,10847.012506349689
tubeBe25,"nTOF 5 ns, no veto, strict",14.0,as is,"no MM loss, DREAM",False,7060513448.737786,0.01348243440453152,0.99849155245141,5.069551678271102,0.0,9557.360359098222,1298.6481583753255,1929.9899382888243,0.0,0.0,169.48373785952853,10842.792278006764
tubeBe25,"nTOF 5 ns, no veto, strict",14.0,as is,"no MM loss, DREAM",False,8773066621.237415,0.011650460609643563,0.9979452941223906,6.909182504375806,0.0,11869.035906368561,1612.7571884241995,2396.8040354022487,0.0,0.0,261.52948500337584,10836.86036443459
tubeBe25,"nTOF 5 ns, no veto, strict",14.0,as is,"no MM loss, DREAM",False,10901005783.71244,0.010128480459653665,0.9971690442308984,9.526821584693426,0.0,14736.442022664749,2002.3785412172151,2975.8410022537996,0.0,0.0,403.4716250130517,10828.430932749752
tubeBe25,"nTOF 5 ns, no veto, strict",14.0,as is,"no MM loss, DREAM",False,13545084316.226381,0.00886038825887493,0.9960547133617523,13.291656300875406,0.0,18290.357301597393,2485.282330401458,3693.5099476694036,0.0,0.0,622.2396619835822,10816.330221318138
tubeBe25,"nTOF 5 ns, no veto, strict",14.0,as is,"no MM loss, DREAM",False,16830493696.995401,0.007801256955828615,0.9944404254777377,18.76059124828855,0.0,22689.917041188004,3083.09176091462,4581.946263898423,0.0,0.0,959.1434186592074,10798.800390284214
tubeBe25,"nTOF 5 ns, no veto, strict",14.0,as is,"no MM loss, DREAM",False,20912791051.82548,0.006915150309861211,0.9920835708906504,26.777177984787468,0.0,28126.619480137677,3821.8274938678574,5679.820636151687,0.0,0.0,1477.3497519811622,10773.206899127961
tubeBe25,"nTOF 5 ns, no veto, strict",14.0,as is,"no MM loss, DREAM",False,25985264452.18819,0.0061733961104166735,0.9886211401076411,38.62358597183355,0.0,34826.859647551384,4732.251944464297,7032.850722007652,0.0,0.0,2272.9780631441877,10735.607765049186
tubeBe25,"nTOF 5 ns, no veto, strict",14.0,as is,"no MM loss, DREAM",False,32288084693.086143,0.0055532456022550185,0.9835126156631325,56.254278995122746,0.0,43050.62893867167,5849.692581161666,8693.538546921725,0.0,0.0,3491.2067765783518,10680.13341550368
tubeBe25,"nTOF 5 ns, no veto, strict",14.0,as is,"no MM loss, DREAM",False,40119676867.86863,0.0050368600984498045,0.9759607486398612,82.6556076540184,0.0,53081.97336441905,7212.74539857731,10719.243666512804,0.0,0.0,5348.8235797298885,10598.126386757738
tubeBe25,"nTOF 5 ns, no veto, strict",14.0,as is,"no MM loss, DREAM",False,49850850159.80715,0.004610576719785552,0.9648085530537963,122.39952006285411,0.0,65203.51311682216,8859.812651947768,13167.037710025608,0.0,0.0,8163.893913885292,10477.022768117673
tubeBe25,"nTOF 5 ns, no veto, strict",14.0,as is,"no MM loss, DREAM",False,61942354865.91934,0.004264412737605736,0.9484210749159467,182.4966207514893,0.0,79642.73939226524,10821.805703001675,16082.859692373695,0.0,0.0,12390.467393043806,10299.068311745115
tubeBe25,"nTOF 5 ns, no veto, strict",14.0,as is,"no MM loss, DREAM",False,76966697940.67009,0.003991779294886313,0.9245853918769934,273.71095952688205,0.0,96473.30655177278,13108.73266032831,19481.583194791543,0.0,0.0,18649.35457553407,10040.232511520999
tubeBe25,"nTOF 5 ns, no veto, strict",14.0,as is,"no MM loss, DREAM",False,95635249979.00362,0.0037893992721570236,0.8905108291752541,412.5871498446953,0.0,115455.46222357027,15688.016121342383,23314.793210643453,0.0,0.0,27732.324244660336,9670.210948061796
tubeBe25,"nTOF 5 ns, no veto, strict",14.0,as is,"no MM loss, DREAM",False,118831927096.53207,0.0036574504385176966,0.8430822981338272,624.5765929555644,0.0,135818.95748563742,18454.995143431217,27426.947559492346,0.0,0.0,40536.60007605009,9155.176335229446
tubeBe25,"nTOF 5 ns, no veto, strict",14.0,as is,"no MM loss, DREAM",True,147655042472.05704,0.0035999371561370036,0.7795689202595001,948.859800133156,0.0,156048.6734190152,21203.796313864,31512.086838424395,0.0,0.0,57871.1551802987,8465.473591650756
tubeBe25,"nTOF 5 ns, no veto, strict",14.0,as is,"no MM loss, DREAM",False,183469309133.68265,0.0036251936568808285,0.6988880498679704,1445.7863256766777,0.0,173831.43767150756,23620.10721767309,35103.094689206206,0.0,0.0,80102.40124457577,7589.346080790607
tubeBe25,"nTOF 5 ns, no veto, strict",14.0,as is,"no MM loss, DREAM",False,227970456209.51935,0.00374630181059946,0.6031036676360091,2208.354812942885,0.0,186392.23660236358,25326.860733956528,37639.591655164324,0.0,0.0,106723.52852451359,6549.206925413126
tubeBe25,"nTOF 5 ns, no veto, strict",14.0,as is,"no MM loss, DREAM",False,283265518084.60077,0.003981223839792205,0.49820177331953597,3379.929090764111,0.0,191318.1892937367,25996.19611010001,38634.3264745736,0.0,0.0,136114.30204157374,5410.059131072333
tubeBe25,"nTOF 5 ns, no veto, strict",14.0,as is,"no MM loss, DREAM",False,351972597984.32916,0.004352692328433307,0.3930646209069056,5181.580316991534,0.0,187555.62386960175,25484.94106945816,37874.52322996526,0.0,0.0,165803.1329044351,4268.3566284196995
tubeBe25,"nTOF 5 ns, no veto, strict",14.0,as is,"no MM loss, DREAM",False,437344829577.31195,0.004888224063976863,0.29670262414694615,7954.288624905698,0.0,175914.9161737456,23903.20897571972,35523.82723405917,0.0,0.0,193232.62329759455,3221.9450570879076
tubeBe25,"nTOF 5 ns, no veto, strict",14.0,as is,"no MM loss, DREAM",False,543424405915.04004,0.005620737909813383,0.21538833463248913,12224.083797580368,0.0,158678.6874295481,21561.16097554367,32043.1854249766,0.0,0.0,216576.5973729846,2338.9391385357153
tubeBe25,"nTOF 5 ns, no veto, strict",14.0,as is,"no MM loss, DREAM",False,675233968650.1552,0.006590040961730674,0.1514423133938455,18802.59850529076,0.0,138630.5029819557,18837.026190058685,27994.7041695871,0.0,0.0,235107.70846478967,1644.5382459158825
tubeBe25,"nTOF 5 ns, no veto, strict",14.0,as is,"no MM loss, DREAM",False,839014419404.4929,0.007845127158093742,0.10389823173808554,28942.291541698127,0.0,118177.5175225129,16057.887295824416,23864.47838950395,0.0,0.0,249033.67362260597,1128.248848998743
tubeBe25,"nTOF 5 ns, no veto, strict",14.0,as is,"no MM loss, DREAM",False,1042520413147.9036,0.009447097792676783,0.07001002081238414,44576.072196914494,0.0,98946.8689387058,13444.838773075127,19981.088323732907,0.0,0.0,259083.89115945782,760.2509116716359
tubeBe25,"nTOF 5 ns, no veto, strict",14.0,as is,"no MM loss, DREAM",False,1295387524568.9966,0.011472602005514948,0.0465792354789271,68687.22738287016,0.0,81799.25494909236,11114.831690424582,16518.34116111182,0.0,0.0,266135.52239467273,505.811965585905
tubeBe25,"nTOF 5 ns, no veto, strict",14.0,as is,"no MM loss, DREAM",False,1609588471982.2002,0.014017861008424105,0.030719706193287274,105880.51901042408,0.0,67033.08275808084,9108.41343249469,13536.496521491952,0.0,0.0,270992.8503599555,333.59059701350947
tubeBe25,"nTOF 5 ns, no veto, strict",14.0,as is,"no MM loss, DREAM",False,2000000000000.0002,0.017203468734683376,0.020139919424278337,163263.8644916166,0.0,54606.58358839921,7419.908483908419,11027.119720311786,0.0,0.0,274301.8833073621,218.70286461323906
tubeBe25,"nTOF 5 ns, no veto, strict",14.0,as is,"no MM loss, no dead time",False,1000000000.0,0.06371089643575363,1.0,0.47195599823068357,0.0,1355.680289429854,184.2089912972502,273.7627566428784,0.0,0.0,3.404952591030424,10859.172770552217
tubeBe25,"nTOF 5 ns, no veto, strict",14.0,as is,"no MM loss, no dead time",False,1242553630.827767,0.05265179223843987,1.0,0.5986669933953781,0.0,1684.5054658727029,228.88955096751874,340.164907252027,0.0,0.0,5.2570408876885315,10859.172770552219
tubeBe25,"nTOF 5 ns, no veto, strict",14.0,as is,"no MM loss, no dead time",False,1543939525.4832668,0.04367723591143183,1.0,0.7627680372018392,0.0,2093.0883827693465,284.40754261322775,422.67314058619684,0.0,0.0,8.116553213583964,10859.172770552217
tubeBe25,"nTOF 5 ns, no veto, strict",14.0,as is,"no MM loss, no dead time",False,1918427663.1677406,0.03638218237139998,1.0,0.9769485943605815,0.0,2600.7745696534803,353.3916247088703,525.1940454887562,0.0,0.0,12.53146731714061,10859.172770552217
tubeBe25,"nTOF 5 ns, no veto, strict",14.0,as is,"no MM loss, no dead time",False,2383749258.3495045,0.030440823665739743,1.0,1.2589452691052752,0.0,3231.6018844874566,439.1080463861305,652.5817681111774,0.0,0.0,19.347827703235144,10859.172770552217
tubeBe25,"nTOF 5 ns, no veto, strict",14.0,as is,"no MM loss, no dead time",False,2961936295.9451733,0.025591175123592953,1.0,1.6338371676178303,0.0,4015.4386549597416,545.615297362774,810.8678453785471,0.0,0.0,29.87187592326486,10859.172770552217
tubeBe25,"nTOF 5 ns, no veto, strict",14.0,as is,"no MM loss, no dead time",False,3680364698.807223,0.021622658463507867,1.0,2.137480655427982,0.0,4989.3978800863915,677.9562687732864,1007.5467853966022,0.0,0.0,46.12036993826057,10859.172770552217
tubeBe25,"nTOF 5 ns, no veto, strict",14.0,as is,"no MM loss, no dead time",False,4573050519.273255,0.018366095684003072,1.0,2.8216767986276334,0.0,6199.594451545711,842.3970233066929,1251.9309164233935,0.0,0.0,71.20706207759073,10859.172770552219
tubeBe25,"nTOF 5 ns, no veto, strict",14.0,as is,"no MM loss, no dead time",False,5682260526.681813,0.015685639965927603,1.0,3.761981069838612,0.0,7703.328595427835,1046.7234799082385,1555.5913057474277,0.0,0.0,109.93939763513391,10859.172770552219
tubeBe25,"nTOF 5 ns, no veto, strict",14.0,as is,"no MM loss, no dead time",False,7060513448.737786,0.013472261794308247,1.0,5.069551678271102,0.0,9571.79891570822,1300.6100604326568,1932.9056250405733,0.0,0.0,169.73978141670477,10859.172770552219
tubeBe25,"nTOF 5 ns, no veto, strict",14.0,as is,"no MM loss, no dead time",False,8773066621.237415,0.011638485320110277,1.0,6.909182504375806,0.0,11893.473496266528,1616.0777528817193,2401.7389024415784,0.0,0.0,262.06795757614054,10859.172770552219
tubeBe25,"nTOF 5 ns, no veto, strict",14.0,as is,"no MM loss, no dead time",False,10901005783.71244,0.010114133658572676,1.0,9.526821584693426,0.0,14778.278675939795,2008.0632795431595,2984.28939352908,0.0,0.0,404.61707806447544,10859.172770552219
tubeBe25,"nTOF 5 ns, no veto, strict",14.0,as is,"no MM loss, no dead time",False,13545084316.226381,0.008842892599769725,1.0,13.291656300875406,0.0,18362.803826173556,2495.1263189282663,3708.1396213703524,0.0,0.0,624.704299509292,10859.172770552219
tubeBe25,"nTOF 5 ns, no veto, strict",14.0,as is,"no MM loss, no dead time",False,16830493696.995401,0.0077795408960406095,1.0,18.76059124828855,0.0,22816.768566390056,3100.3282669582495,4607.5623501500495,0.0,0.0,964.5056597517408,10859.172770552217
tubeBe25,"nTOF 5 ns, no veto, strict",14.0,as is,"no MM loss, no dead time",False,20912791051.82548,0.0068877242743390415,1.0,26.777177984787468,0.0,28351.05862592483,3852.3241448669323,5725.143327444266,0.0,0.0,1489.1384106430276,10859.172770552217
tubeBe25,"nTOF 5 ns, no veto, strict",14.0,as is,"no MM loss, no dead time",False,25985264452.18819,0.0061381725179586975,1.0,38.62358597183355,0.0,35227.710833453784,4786.71935332988,7113.797628525235,0.0,0.0,2299.139651107103,10859.172770552217
tubeBe25,"nTOF 5 ns, no veto, strict",14.0,as is,"no MM loss, no dead time",False,32288084693.086143,0.005507276088202997,1.0,56.254278995122746,0.0,43772.320001858665,5947.755512233584,8839.275072297993,0.0,0.0,3549.732581950064,10859.172770552219
tubeBe25,"nTOF 5 ns, no veto, strict",14.0,as is,"no MM loss, no dead time",False,40119676867.86863,0.004975950644278964,1.0,82.6556076540184,0.0,54389.45514806437,7390.405207001702,10983.273334969239,0.0,0.0,5480.57243816847,10859.172770552217
tubeBe25,"nTOF 5 ns, no veto, strict",14.0,as is,"no MM loss, no dead time",False,49850850159.80715,0.00452872370566054,1.0,122.39952006285411,0.0,67581.81497297164,9182.97482324844,13647.306160739883,0.0,0.0,8461.672409562567,10859.172770552217
tubeBe25,"nTOF 5 ns, no veto, strict",14.0,as is,"no MM loss, no dead time",False,61942354865.91934,0.004152979906419643,1.0,182.4966207514893,0.0,83974.02957259624,11410.338708427322,16957.509821045493,0.0,0.0,13064.310484814883,10859.172770552219
tubeBe25,"nTOF 5 ns, no veto, strict",14.0,as is,"no MM loss, no dead time",False,76966697940.67009,0.0038383098888226117,1.0,273.71095952688205,0.0,104342.23534066777,14177.957791130984,21070.6153979376,0.0,0.0,20170.50533069116,10859.172770552217
tubeBe25,"nTOF 5 ns, no veto, strict",14.0,as is,"no MM loss, no dead time",False,95635249979.00362,0.0035759379142366,1.0,412.5871498446953,0.0,129650.82337123205,17616.87293109262,26181.369666482813,0.0,0.0,31142.040429025,10859.172770552217
tubeBe25,"nTOF 5 ns, no veto, strict",14.0,as is,"no MM loss, no dead time",False,118831927096.53207,0.0033582531836080292,1.0,624.5765929555644,0.0,161098.1013197339,21889.909424360547,32531.75593913219,0.0,0.0,48081.42712256956,10859.172770552217
tubeBe25,"nTOF 5 ns, no veto, strict",14.0,as is,"no MM loss, no dead time",False,147655042472.05704,0.0031784997205537803,1.0,948.859800133156,0.0,200173.0307142957,27199.386433730262,40422.45145937163,0.0,0.0,74234.81577617892,10859.172770552217
tubeBe25,"nTOF 5 ns, no veto, strict",14.0,as is,"no MM loss, no dead time",False,183469309133.68265,0.003030644659801794,1.0,1445.7863256766777,0.0,248725.72610784622,33796.69636951905,50227.063827801394,0.0,0.0,114614.06624381147,10859.172770552219
tubeBe25,"nTOF 5 ns, no veto, strict",14.0,as is,"no MM loss, no dead time",False,227970456209.51935,0.002909368597756021,1.0,2208.354812942885,0.0,309055.054055577,41994.20778392951,62409.820525052615,0.0,0.0,176957.1870501779,10859.172770552217
tubeBe25,"nTOF 5 ns, no veto, strict",14.0,as is,"no MM loss, no dead time",False,283265518084.60077,0.0028100835362602737,1.0,3379.929090764111,0.0,384017.4795424292,52180.0553556573,77547.54909271345,0.0,0.0,273211.1954051054,10859.172770552217
tubeBe25,"nTOF 5 ns, no veto, strict",14.0,as is,"no MM loss, no dead time",False,351972597984.32916,0.0027289146179516736,1.0,5181.580316991534,0.0,477162.31350677303,64836.51723896585,96356.9886869456,0.0,0.0,421821.56339047453,10859.172770552217
tubeBe25,"nTOF 5 ns, no veto, strict",14.0,as is,"no MM loss, no dead time",False,437344829577.31195,0.002662635992646852,1.0,7954.288624905698,0.0,592899.7651420204,80562.84990550444,119728.72614859481,0.0,0.0,651266.9844197042,10859.172770552219
tubeBe25,"nTOF 5 ns, no veto, strict",14.0,as is,"no MM loss, no dead time",False,543424405915.04004,0.002608581585343158,1.0,12224.083797580368,0.0,736709.7558941479,100103.661659917,148769.36339031986,0.0,0.0,1005516.8388878764,10859.172770552219
tubeBe25,"nTOF 5 ns, no veto, strict",14.0,as is,"no MM loss, no dead time",False,675233968650.1552,0.0025645533120925252,1.0,18802.59850529076,0.0,915401.3820525114,124384.16825468416,184853.91263657747,0.0,0.0,1552457.1910979818,10859.172770552219
tubeBe25,"nTOF 5 ns, no veto, strict",14.0,as is,"no MM loss, no dead time",False,839014419404.4929,0.002528739342375288,1.0,28942.291541698127,0.0,1137435.310934104,154553.9998823497,229690.90031929815,0.0,0.0,2396900.0189569034,10859.172770552219
tubeBe25,"nTOF 5 ns, no veto, strict",14.0,as is,"no MM loss, no dead time",False,1042520413147.9036,0.002499646035608135,1.0,44576.072196914494,0.0,1413324.3754328806,192041.63371276783,285403.26215984265,0.0,0.0,3700668.6778991544,10859.172770552217
tubeBe25,"nTOF 5 ns, no veto, strict",14.0,as is,"no MM loss, no dead time",False,1295387524568.9966,0.002476042562467429,1.0,68687.22738287016,0.0,1756131.3342315194,238622.02923989674,354628.859646803,0.0,0.0,5713608.642526454,10859.172770552217
tubeBe25,"nTOF 5 ns, no veto, strict",14.0,as is,"no MM loss, no dead time",False,1609588471982.2002,0.002456915829250445,1.0,105880.51901042408,0.0,2182087.365559786,296500.6688275234,440645.37715044565,0.0,0.0,8821466.216339389,10859.172770552217
tubeBe25,"nTOF 5 ns, no veto, strict",14.0,as is,"no MM loss, no dead time",True,2000000000000.0002,0.0024414334293767228,1.0,163263.8644916166,0.0,2711360.578859709,368417.9825945005,547525.5132857569,0.0,0.0,13619810.364121702,10859.172770552219
tubeBe25,"nTOF 5 ns, no veto, strict",14.0,no Be window + air,MM occ + DREAM,False,1000000000.0,0.06401113633723123,0.9999943906667095,0.018823371662281055,0.005567617499822552,1340.6606872144334,182.16813712583482,270.729734964956,0.0,0.0,0.008436856957384109,10738.863832911169
tubeBe25,"nTOF 5 ns, no veto, strict",14.0,no Be window + air,MM occ + DREAM,False,1242553630.827767,0.0529514423721651,0.9999913395550453,0.02906214751225738,0.006918063339464727,1661.3445451865036,225.7424595253951,335.48784766587073,0.0,0.0,0.012990822952222876,10709.865781437644
tubeBe25,"nTOF 5 ns, no veto, strict",14.0,no Be window + air,MM occ + DREAM,False,1543939525.4832668,0.04397631167345115,0.9999866288597145,0.04487019823959937,0.008596064720748364,2057.383787707962,279.55602452875337,415.4630421249046,0.0,0.0,0.019989752181630873,10673.933403850851
tubeBe25,"nTOF 5 ns, no veto, strict",14.0,no Be window + air,MM occ + DREAM,False,1918427663.1677406,0.03668076064952812,0.9999793559181585,0.0692768725783877,0.010681071429596399,2545.7531130520924,345.91534353898646,514.0831473285141,0.0,0.0,0.030734313937266364,10629.438325170619
tubeBe25,"nTOF 5 ns, no veto, strict",14.0,no Be window + air,MM occ + DREAM,False,2383749258.3495045,0.03073906951154603,0.9999681271439822,0.10695930177564064,0.013271804085975732,3146.8516355038187,427.5922354687701,635.4675104437678,0.0,0.0,0.0472061573898735,10574.385959256437
tubeBe25,"nTOF 5 ns, no veto, strict",14.0,no Be window + air,MM occ + DREAM,False,2961936295.9451733,0.025889375867550517,0.9999507910909343,0.1651386936295041,0.01649092835466394,3884.9710367314515,527.8874388564772,784.5215341595293,0.0,0.0,0.07241446232893661,10506.341976946767
tubeBe25,"nTOF 5 ns, no veto, strict",14.0,no Be window + air,MM occ + DREAM,False,3680364698.807223,0.021921267012898937,0.9999240264538465,0.2549641562812632,0.020490862902808254,4788.693099925958,650.6846285568172,967.0169537567018,0.0,0.0,0.11090973622801718,10422.348942102575
tubeBe25,"nTOF 5 ns, no veto, strict",14.0,no Be window + air,MM occ + DREAM,False,4573050519.273255,0.018665785703133944,0.9998827062863669,0.3936492384641348,0.025460996098678388,5891.110890521643,800.4804696390681,1189.6365018011393,0.0,0.0,0.16953720075341708,10318.834799703121
tubeBe25,"nTOF 5 ns, no veto, strict",14.0,no Be window + air,MM occ + DREAM,False,5682260526.681813,0.015987377348400836,0.9998189171526412,0.6077706184411709,0.03163665314690458,7229.704146229412,982.3676854625958,1459.948744712218,0.0,0.0,0.2585255547420861,10191.51726832479
tubeBe25,"nTOF 5 ns, no veto, strict",14.0,no Be window + air,MM occ + DREAM,False,7060513448.737786,0.013777399224776821,0.9997204465700623,0.9383610802387327,0.03931023823492498,8845.608253345437,1201.9357266340967,1786.2604616293954,0.0,0.0,0.3930300872489921,10035.311975271845
tubeBe25,"nTOF 5 ns, no veto, strict",14.0,no Be window + air,MM occ + DREAM,False,8773066621.237415,0.01194888950075268,0.9995684520312879,1.4487727609557548,0.048845079247510546,10781.891397098934,1465.0366712725308,2177.2687363738996,0.0,0.0,0.5952620445499646,9844.25798831445
tubeBe25,"nTOF 5 ns, no veto, strict",14.0,no Be window + air,MM occ + DREAM,False,10901005783.71244,0.010432357821906258,0.9993338723980905,2.2368175290831105,0.06069263056706425,13080.294158757815,1777.342203499496,2641.4025596752354,0.0,0.0,0.8973169928780437,9611.482992999068
tubeBe25,"nTOF 5 ns, no veto, strict",14.0,no Be window + air,MM occ + DREAM,False,13545084316.226381,0.009172410694584975,0.9989719117768219,3.45351099444523,0.075413848475594,15775.699872292536,2143.592248955193,3185.7061865418345,0.0,0.0,1.3447209145026602,9329.242533508077
tubeBe25,"nTOF 5 ns, no veto, strict",14.0,no Be window + air,MM occ + DREAM,False,16830493696.995401,0.008125065483114813,0.9984135811102651,5.332012126015057,0.09370575123804477,18887.428613285145,2566.412007447057,3814.081065708424,0.0,0.0,2.0004675122599846,8989.084054841032
tubeBe25,"nTOF 5 ns, no veto, strict",14.0,no Be window + air,MM occ + DREAM,False,20912791051.82548,0.007255639619611625,0.9975527769199649,8.23230427171071,0.11643442143027603,22406.370270211904,3044.5636027092173,4524.6875235709,0.0,0.0,2.94880000182107,8582.206722351582
tubeBe25,"nTOF 5 ns, no veto, strict",14.0,no Be window + air,MM occ + DREAM,False,25985264452.18819,0.006537130787793898,0.9962266584101179,12.710179950898906,0.14467601310151987,26277.170165821553,3570.5254757579346,5306.3473722072795,0.0,0.0,4.297021689765319,8100.109941883511
tubeBe25,"nTOF 5 ns, no veto, strict",14.0,no Be window + air,MM occ + DREAM,False,32288084693.086143,0.005949033835551422,0.9941861215851329,19.623749202197786,0.1797677053729791,30375.470724309267,4127.399996836559,6133.948147397793,0.0,0.0,6.1720169767019755,7535.640892877488
tubeBe25,"nTOF 5 ns, no veto, strict",14.0,no Be window + air,MM occ + DREAM,False,40119676867.86863,0.0054765761987958005,0.9910520203941242,30.29788203144388,0.22337101501677142,34482.08840834756,4685.404643742127,6963.228462547561,0.0,0.0,8.705882449592648,6884.550589748428
tubeBe25,"nTOF 5 ns, no veto, strict",14.0,no Be window + air,MM occ + DREAM,False,49850850159.80715,0.0051104038899998,0.9862517754190089,46.778097606775844,0.2775504657307742,38259.595802754426,5198.689989975374,7726.049052029315,0.0,0.0,12.002584112724367,6147.623604364057
tubeBe25,"nTOF 5 ns, no veto, strict",14.0,no Be window + air,MM occ + DREAM,False,61942354865.91934,0.0048468304969696225,0.9789311299462641,72.22255382201543,0.3448713389317111,41242.56751730819,5604.014324105269,8328.42305269242,0.0,0.0,16.07663742802773,5333.317556047918
tubeBe25,"nTOF 5 ns, no veto, strict",14.0,no Be window + air,MM occ + DREAM,False,76966697940.67009,0.00468890527889682,0.967839504197095,111.50725547715223,0.4285211343580312,42860.25524591897,5823.824722651859,8655.094949764914,0.0,0.0,20.759620932827985,4460.58027399763
tubeBe25,"nTOF 5 ns, no veto, strict",14.0,no Be window + air,MM occ + DREAM,True,95635249979.00362,0.004648835569144818,0.9511998187450408,172.16045910933573,0.5324604913830049,42516.52210353545,5777.118477877488,8585.682321033692,0.0,0.0,25.588070600964073,3561.059213664339
tubeBe25,"nTOF 5 ns, no veto, strict",14.0,no Be window + air,MM occ + DREAM,False,118831927096.53207,0.004752878356645886,0.9266037274682608,265.80533754424914,0.6616107168402897,39748.12966090879,5400.951041242659,8026.639932889566,0.0,0.0,29.724300921629954,2679.3103317676805
tubeBe25,"nTOF 5 ns, no veto, strict",14.0,no Be window + air,MM occ + DREAM,False,147655042472.05704,0.005051094009021645,0.8910309786197236,410.38736671899085,0.822086798404467,34454.25373787684,4681.622486097378,6957.607597379184,0.0,0.0,32.014958410456735,1869.1064060176063
tubeBe25,"nTOF 5 ns, no veto, strict",14.0,no Be window + air,MM occ + DREAM,False,183469309133.68265,0.005637350212410606,0.8411725311618331,633.6132762364464,1.0214869362130452,27123.985909299598,3685.590270265146,5477.351269004095,0.0,0.0,31.31689866788892,1184.2122398203205
tubeBe25,"nTOF 5 ns, no veto, strict",14.0,no Be window + air,MM occ + DREAM,False,227970456209.51935,0.006692466595898566,0.7742804757149971,978.2605810523967,1.2692523014346506,18900.601128765546,2568.2018806261617,3816.741091215877,0.0,0.0,27.115398831830714,664.104632592905
tubeBe25,"nTOF 5 ns, no veto, strict",14.0,no Be window + air,MM occ + DREAM,False,283265518084.60077,0.008583649822395865,0.6896115115214232,1510.3751773090225,1.577114055584125,11300.343158824455,1535.4835729560434,2281.9636150875426,0.0,0.0,20.144066867403627,319.54894051806934
tubeBe25,"nTOF 5 ns, no veto, strict",14.0,no Be window + air,MM occ + DREAM,False,351972597984.32916,0.01211297135475678,0.5900002540224438,2331.9279345561968,1.9596487959955593,5589.706656798466,759.5258505450504,1128.7716691918274,0.0,0.0,12.381112854591999,127.20952305890515
tubeBe25,"nTOF 5 ns, no veto, strict",14.0,no Be window + air,MM occ + DREAM,False,437344829577.31195,0.019201105314038437,0.48241454239552434,3600.3557087398976,2.434968726611554,2194.899837301223,298.2416194881746,443.23269630725076,0.0,0.0,6.0408842494745345,40.20038115819065
tubeBe25,"nTOF 5 ns, no veto, strict",14.0,no Be window + air,MM occ + DREAM,False,543424405915.04004,0.0349963039347438,0.3764348781329142,5558.73148452285,3.025579232203251,653.132878413873,88.747287729829,131.89205348989586,0.0,0.0,2.233585065599378,9.62724154537107
tubeBe25,"nTOF 5 ns, no veto, strict",14.0,no Be window + air,MM occ + DREAM,False,675233968650.1552,0.07532487307342092,0.2810932030328051,8582.3452505031,3.759444460331237,139.65289395146064,18.975948036656547,28.201163297421854,0.0,0.0,0.593425266017693,1.6566666088335926
tubeBe25,"nTOF 5 ns, no veto, strict",14.0,no Be window + air,MM occ + DREAM,False,839014419404.4929,0.197660178931986,0.20207386908528197,13250.622053595325,4.671311364079913,20.13665670207132,2.7361563401851767,4.066347125728846,0.0,0.0,0.1063208897114757,0.1922460398820509
tubeBe25,"nTOF 5 ns, no veto, strict",14.0,no Be window + air,MM occ + DREAM,False,1042520413147.9036,0.6578653922792286,0.1409139114433282,20458.15912578608,5.804354896164505,1.8096605311636917,0.24589554309763256,0.36543841454502607,0.0,0.0,0.011872535950960569,0.013904392159044791
tubeBe25,"nTOF 5 ns, no veto, strict",14.0,no Be window + air,MM occ + DREAM,False,1295387524568.9966,2.919653733529549,0.0960367936757753,31586.160492927575,7.212222250842162,0.09173561830191435,0.012464978538953357,0.018524866035511102,0.0,0.0,0.0007478241982516436,0.0005672542303277356
tubeBe25,"nTOF 5 ns, no veto, strict",14.0,no Be window + air,MM occ + DREAM,False,1609588471982.2002,18.4130883708157,0.06438071251192361,48767.12164328893,8.96157294412074,0.0023104924615711844,0.0003139482731027422,0.00046657518768553703,0.0,0.0,2.340352204360225e-05,1.1498181613284515e-05
tubeBe25,"nTOF 5 ns, no veto, strict",14.0,no Be window + air,MM occ + DREAM,False,2000000000000.0002,178.8452368146206,0.04266674126599077,75293.48664912424,11.135234999645107,2.46226346802303e-05,3.345708226999049e-06,4.972234529355949e-06,0.0,0.0,3.099033912043121e-07,9.861522887939225e-08
tubeBe25,"nTOF 5 ns, no veto, strict",14.0,no Be window + air,"MM occ ÷10, DAQ 10 µs",False,1000000000.0,0.06369101540508809,0.9999998117663188,0.018823371662281055,0.0005567617499822552,1354.1712928340012,184.00394978196059,273.45803356689487,0.0,0.0,0.00852187999722334,10847.08551452858
tubeBe25,"nTOF 5 ns, no veto, strict",14.0,no Be window + air,"MM occ ÷10, DAQ 10 µs",False,1242553630.827767,0.052622557099234094,0.9999997093786094,0.02906214751225738,0.0006918063339464727,1682.175885546331,228.57300904726458,339.6944775076831,0.0,0.0,0.013153712856822186,10844.155119520825
tubeBe25,"nTOF 5 ns, no veto, strict",14.0,no Be window + air,"MM occ ÷10, DAQ 10 µs",False,1543939525.4832668,0.043637121487473715,0.9999995512982188,0.04487019823959937,0.0008596064720748364,2089.492072060802,283.91887815953777,421.9469104115812,0.0,0.0,0.020301719570032264,10840.514715000352
tubeBe25,"nTOF 5 ns, no veto, strict",14.0,no Be window + air,"MM occ ÷10, DAQ 10 µs",False,1918427663.1677406,0.03632947679133315,0.9999993072317542,0.0692768725783877,0.00106810714295964,2595.2228899530146,352.6372659374093,524.0729528899717,0.0,0.0,0.03133155160571279,10835.992503512709
tubeBe25,"nTOF 5 ns, no veto, strict",14.0,no Be window + air,"MM occ ÷10, DAQ 10 µs",False,2383749258.3495045,0.03037361920811099,0.9999989304081263,0.10695930177564064,0.0013271804085975732,3223.031974007741,437.94357230084313,650.8511813825793,0.0,0.0,0.04834894436109791,10830.375244788258
tubeBe25,"nTOF 5 ns, no veto, strict",14.0,no Be window + air,"MM occ ÷10, DAQ 10 µs",False,2961936295.9451733,0.025507360855270073,0.9999983486157907,0.1651386936295041,0.001649092835466394,4002.2101995652715,543.8178231030715,808.1965235018823,0.0,0.0,0.07459975814201647,10823.398327219942
tubeBe25,"nTOF 5 ns, no veto, strict",14.0,no Be window + air,"MM occ ÷10, DAQ 10 µs",False,3680364698.807223,0.021519914711881367,0.9999974503649379,0.2549641562812632,0.0020490862902808253,4968.97963872136,675.1818508849078,1003.423575753832,0.0,0.0,0.11508530815255112,10814.733498322863
tubeBe25,"nTOF 5 ns, no veto, strict",14.0,no Be window + air,"MM occ ÷10, DAQ 10 µs",False,4573050519.273255,0.01824189055156408,0.9999960635231112,0.3936492384641348,0.002546099609867839,6168.080843921295,838.1149739784752,1245.5671356984774,0.0,0.0,0.1775079742568885,10803.973722857803
tubeBe25,"nTOF 5 ns, no veto, strict",14.0,no Be window + air,"MM occ ÷10, DAQ 10 µs",False,5682260526.681813,0.015537228713103968,0.999993922330754,0.6077706184411709,0.003163665314690458,7654.694442574219,1040.1151015836347,1545.770244059058,0.0,0.0,0.27372269834579027,10790.614528248972
tubeBe25,"nTOF 5 ns, no veto, strict",14.0,no Be window + air,"MM occ ÷10, DAQ 10 µs",False,7060513448.737786,0.013296690815255946,0.999990616477249,0.9383610802387327,0.003931023823492498,9496.750914036587,1290.4125848223716,1917.7506154277935,0.0,0.0,0.42196180674337447,10774.031072172043
tubeBe25,"nTOF 5 ns, no veto, strict",14.0,no Be window + air,"MM occ ÷10, DAQ 10 µs",False,8773066621.237415,0.011432603128867881,0.9999855124822816,1.4487727609557548,0.004884507924751055,11777.681008728712,1600.3439419711017,2378.3560511645856,0.0,0.0,0.6502390182857463,10753.450028739251
tubeBe25,"nTOF 5 ns, no veto, strict",14.0,no Be window + air,"MM occ ÷10, DAQ 10 µs",False,10901005783.71244,0.009874611287085477,0.9999776323250332,2.2368175290831105,0.006069263056706425,14599.649938866927,1983.791318278064,2948.2175439506873,0.0,0.0,1.001545823145333,10727.915243190937
tubeBe25,"nTOF 5 ns, no veto, strict",14.0,no Be window + air,"MM occ ÷10, DAQ 10 µs",False,13545084316.226381,0.008566254901296609,0.9999654660826882,3.45351099444523,0.0075413848475594,18087.295453422994,2457.6904132549066,3652.504135488863,0.0,0.0,1.5417613595530606,10696.245962219838
tubeBe25,"nTOF 5 ns, no veto, strict",14.0,no Be window + air,"MM occ ÷10, DAQ 10 µs",False,16830493696.995401,0.007462208616468057,0.9999466827216235,5.332012126015057,0.009370575123804478,22391.944197353692,3042.603396936285,4521.774357757407,0.0,0.0,2.3716493028403467,10656.986330036616
tubeBe25,"nTOF 5 ns, no veto, strict",14.0,no Be window + air,"MM occ ÷10, DAQ 10 µs",False,20912791051.82548,0.0065260647134379665,0.9999176837338083,8.23230427171071,0.011643442143027604,27696.198536850527,3763.3421648309627,5592.902485264744,0.0,0.0,3.6449701272891235,10608.344787667149
tubeBe25,"nTOF 5 ns, no veto, strict",14.0,no Be window + air,"MM occ ÷10, DAQ 10 µs",False,25985264452.18819,0.00572855459950426,0.9998729143533054,12.710179950898906,0.014467601310151987,34218.646546141346,4649.608327987705,6910.029658246113,0.0,0.0,5.595665951672134,10548.12208990129
tubeBe25,"nTOF 5 ns, no veto, strict",14.0,no Be window + air,"MM occ ÷10, DAQ 10 µs",False,32288084693.086143,0.005046124776301272,0.9998038010095759,19.623749202197786,0.01797677053729791,42218.22056780031,5736.585451448887,8525.44403965542,0.0,0.0,8.57835509564889,10473.626967717448
tubeBe25,"nTOF 5 ns, no veto, strict",14.0,no Be window + air,"MM occ ÷10, DAQ 10 µs",False,40119676867.86863,0.004459798344676448,0.9996971129480473,30.29788203144388,0.022337101501677142,51997.3710175111,7065.370308860125,10500.221725524245,0.0,0.0,13.128062152312095,10381.57918582776
tubeBe25,"nTOF 5 ns, no veto, strict",14.0,no Be window + air,"MM occ ÷10, DAQ 10 µs",False,49850850159.80715,0.00395426622703407,0.9995324377406622,46.778097606775844,0.02775504657307742,63902.67180773861,8683.055147060792,12904.349002735027,0.0,0.0,20.047184956015254,10268.001147019462
tubeBe25,"nTOF 5 ns, no veto, strict",14.0,no Be window + air,"MM occ ÷10, DAQ 10 µs",False,61942354865.91934,0.003517163249929581,0.9992782956950599,72.22255382201543,0.03448713389317112,78320.6538507964,10642.161545082203,15815.88097683714,0.0,0.0,30.529931352040567,10128.101699980372
tubeBe25,"nTOF 5 ns, no veto, strict",14.0,no Be window + air,"MM occ ÷10, DAQ 10 µs",False,76966697940.67009,0.0031384932889907333,0.9988861694471087,111.50725547715223,0.04285211343580312,95665.48190930396,12998.96595228181,19318.453065416194,0.0,0.0,46.33614824266739,9956.16006154676
tubeBe25,"nTOF 5 ns, no veto, strict",14.0,no Be window + air,"MM occ ÷10, DAQ 10 µs",False,95635249979.00362,0.002810175201927147,0.9982813542373422,172.16045910933573,0.05324604913830049,116353.46150284544,15810.03570273683,23496.13298527503,0.0,0.0,70.02596732515407,9745.424734352675
tubeBe25,"nTOF 5 ns, no veto, strict",14.0,no Be window + air,"MM occ ÷10, DAQ 10 µs",False,118831927096.53207,0.0025256876973947144,0.9973489931422839,265.80533754424914,0.06616107168402897,140757.25824263928,19126.008367022703,28424.175917025685,0.0,0.0,105.26057795928327,9488.05338762127
tubeBe25,"nTOF 5 ns, no veto, strict",14.0,no Be window + air,"MM occ ÷10, DAQ 10 µs",False,147655042472.05704,0.0022797970656522966,0.9959128992778389,410.38736671899085,0.0822086798404467,169130.28087057074,22981.316966768885,34153.754601230044,0.0,0.0,157.15618016905736,9175.136801155433
tubeBe25,"nTOF 5 ns, no veto, strict",14.0,no Be window + air,"MM occ ÷10, DAQ 10 µs",False,183469309133.68265,0.002068357303281783,0.993703761043567,633.6132762364464,0.10214869362130452,201489.49714630132,27378.267070564223,40688.2954657083,0.0,0.0,232.6363900156425,8796.875559284383
tubeBe25,"nTOF 5 ns, no veto, strict",14.0,no Be window + air,"MM occ ÷10, DAQ 10 µs",False,227970456209.51935,0.0018881781400971838,0.9903121664462899,978.2605810523967,0.12692523014346507,237444.49794278445,32263.810129980877,47948.96024772837,0.0,0.0,340.6453698630546,8343.014594784938
tubeBe25,"nTOF 5 ns, no veto, strict",14.0,no Be window + air,"MM occ ÷10, DAQ 10 µs",False,283265518084.60077,0.0017369636145854262,0.9851209772925098,1510.3751773090225,0.1577114055584125,275965.1071377825,37497.966456728376,55727.7177047839,0.0,0.0,491.9372352787904,7803.688469139148
tubeBe25,"nTOF 5 ns, no veto, strict",14.0,no Be window + air,"MM occ ÷10, DAQ 10 µs",False,351972597984.32916,0.0016133335860165142,0.9772121176486823,2331.9279345561968,0.19596487959955594,315095.3887450751,42814.96469020436,63629.59091526612,0.0,0.0,697.9313598271656,7170.883300570043
tubeBe25,"nTOF 5 ns, no veto, strict",14.0,no Be window + air,"MM occ ÷10, DAQ 10 µs",False,437344829577.31195,0.0015169557590213368,0.965247651090486,3600.3557087398976,0.2434968726611554,351658.67503333086,47783.16120245486,71013.09137938023,0.0,0.0,967.8479696877365,6440.755306313368
tubeBe25,"nTOF 5 ns, no veto, strict",14.0,no Be window + air,"MM occ ÷10, DAQ 10 µs",False,543424405915.04004,0.001448842110254955,0.9473399177278112,5558.73148452285,0.3025579232203251,381069.1448820149,51779.43748281795,76952.16961391305,0.0,0.0,1303.1809898105341,5616.99590468701
tubeBe25,"nTOF 5 ns, no veto, strict",14.0,no Be window + air,"MM occ ÷10, DAQ 10 µs",True,675233968650.1552,0.0014119125670614319,0.9209600305583441,8582.3452505031,0.3759444460331237,397476.2184038659,54008.820389071654,80265.37384857319,0.0,0.0,1688.9906393490373,4715.158849941226
tubeBe25,"nTOF 5 ns, no veto, strict",14.0,no Be window + air,"MM occ ÷10, DAQ 10 µs",False,839014419404.4929,0.0014120246778323493,0.8829973574244516,13250.622053595325,0.4671311364079913,394585.5350925327,53616.036145550315,79681.63634197791,0.0,0.0,2083.3987378848938,3767.1351127755224
tubeBe25,"nTOF 5 ns, no veto, strict",14.0,no Be window + air,"MM occ ÷10, DAQ 10 µs",False,1042520413147.9036,0.001459865059541986,0.8301637740916906,20458.15912578608,0.5804354896164505,367490.204065811,49934.33948283893,74210.07156976585,0.0,0.0,2410.971883545225,2823.5836633142744
tubeBe25,"nTOF 5 ns, no veto, strict",14.0,no Be window + air,"MM occ ÷10, DAQ 10 µs",False,1295387524568.9966,0.0015745258247443867,0.7599583392766807,31586.160492927575,0.7212222250842162,315428.63156387757,42860.245516360264,63696.8851537515,0.0,0.0,2571.358517784661,1950.477131273278
tubeBe25,"nTOF 5 ns, no veto, strict",14.0,no Be window + air,"MM occ ÷10, DAQ 10 µs",False,1609588471982.2002,0.001790574915671122,0.6721915359751206,48767.12164328893,0.8961572944120739,244327.77419321425,33199.10540925741,49338.95219180584,0.0,0.0,2474.8535406632377,1215.8988473534105
tubeBe25,"nTOF 5 ns, no veto, strict",14.0,no Be window + air,"MM occ ÷10, DAQ 10 µs",False,2000000000000.0002,0.0021728562789011573,0.5704718521582307,75293.48664912424,1.1135234999645107,166811.9944945888,22666.309661442203,33685.605529561115,0.0,0.0,2099.515484788267,668.0927216176337
tubeBe25,"nTOF 5 ns, no veto, strict",14.0,no Be window + air,"no MM loss, DREAM",False,1000000000.0,0.06365573709595991,0.9999943906667095,0.018823371662281055,0.0,1355.6726849672755,184.20795800762292,273.76122101633393,0.0,0.0,0.008531328346672366,10859.11185783289
tubeBe25,"nTOF 5 ns, no veto, strict",14.0,no Be window + air,"no MM loss, DREAM",False,1242553630.827767,0.05258638514040098,0.9999913395550453,0.02906214751225738,0.0,1684.49087730584,228.8875686821619,340.1619612725723,0.0,0.0,0.013171814850277287,10859.078725284186
tubeBe25,"nTOF 5 ns, no veto, strict",14.0,no Be window + air,"no MM loss, DREAM",False,1543939525.4832668,0.043599908562649475,0.9999866288597145,0.04487019823959937,0.0,2093.0603957909507,284.40373976007714,422.6674889643391,0.0,0.0,0.020336389769873276,10859.027571029717
tubeBe25,"nTOF 5 ns, no veto, strict",14.0,no Be window + air,"no MM loss, DREAM",False,1918427663.1677406,0.036291055762763674,0.9999793559181585,0.0692768725783877,0.0,2600.7208790504137,353.38432926324776,525.1832033398983,0.0,0.0,0.03139792761133438,10858.94859290081
tubeBe25,"nTOF 5 ns, no veto, strict",14.0,no Be window + air,"no MM loss, DREAM",False,2383749258.3495045,0.030333801868248293,0.9999681271439822,0.10695930177564064,0.0,3231.498884105884,439.09405075859166,652.5609684664425,0.0,0.0,0.04847595711447638,10858.82665770203
tubeBe25,"nTOF 5 ns, no veto, strict",14.0,no Be window + air,"no MM loss, DREAM",False,2961936295.9451733,0.025465937070567175,0.9999507910909343,0.1651386936295041,0.0,4015.2410596041123,545.5884482292213,810.8279434564798,0.0,0.0,0.07484264868469348,10858.638402506827
tubeBe25,"nTOF 5 ns, no veto, strict",14.0,no Be window + air,"no MM loss, DREAM",False,3680364698.807223,0.021476652163638754,0.9999240264538465,0.2549641562812632,0.0,4989.0188178362705,677.9047620314109,1007.4702384944002,0.0,0.0,0.11554943062260357,10858.347760688544
tubeBe25,"nTOF 5 ns, no veto, strict",14.0,no Be window + air,"no MM loss, DREAM",False,4573050519.273255,0.018196535346421728,0.9998827062863669,0.3936492384641348,0.0,6198.867278089469,842.2982154314755,1251.7840727969935,0.0,0.0,0.17839396095227544,10857.899057850975
tubeBe25,"nTOF 5 ns, no veto, strict",14.0,no Be window + air,"no MM loss, DREAM",False,5682260526.681813,0.015489507233473563,0.9998189171526412,0.6077706184411709,0.0,7701.933654751634,1046.5339362400994,1555.309614844456,0.0,0.0,0.2754119159523108,10857.206360626966
tubeBe25,"nTOF 5 ns, no veto, strict",14.0,no Be window + air,"no MM loss, DREAM",False,7060513448.737786,0.01324631332422681,0.9997204465700623,0.9383610802387327,0.0,9569.123086490657,1300.2464704292518,1932.3652746433472,0.0,0.0,0.425177463647835,10856.137051557926
tubeBe25,"nTOF 5 ns, no veto, strict",14.0,no Be window + air,"no MM loss, DREAM",False,8773066621.237415,0.011379269851970852,0.9995684520312879,1.4487727609557548,0.0,11888.340891938284,1615.3803378101825,2400.7024368968528,0.0,0.0,0.6563484870146478,10854.486516601191
tubeBe25,"nTOF 5 ns, no veto, strict",14.0,no Be window + air,"no MM loss, DREAM",False,10901005783.71244,0.009818021980621124,0.9993338723980905,2.2368175290831105,0.0,14768.434456605039,2006.7256531662747,2982.301475991964,0.0,0.0,1.013124554790273,10851.93917583585
tubeBe25,"nTOF 5 ns, no veto, strict",14.0,no Be window + air,"no MM loss, DREAM",False,13545084316.226381,0.008506123301145424,0.9989719117768219,3.45351099444523,0.0,18343.925243815338,2492.5611089444346,3704.3273266957217,0.0,0.0,1.5636364870731476,10848.008582913359
tubeBe25,"nTOF 5 ns, no veto, strict",14.0,no Be window + air,"no MM loss, DREAM",False,16830493696.995401,0.007398283666917534,0.9984135811102651,5.332012126015057,0.0,22780.571613733624,3095.409847631169,4600.252826202142,0.0,0.0,2.4128108890339672,10841.94557374212
tubeBe25,"nTOF 5 ns, no veto, strict",14.0,no Be window + air,"no MM loss, DREAM",False,20912791051.82548,0.00645816113735468,0.9975527769199649,8.23230427171071,0.0,28281.67726091204,3842.896648307838,5711.132624556836,0.0,0.0,3.7220223067255245,10832.597952318036
tubeBe25,"nTOF 5 ns, no veto, strict",14.0,no Be window + air,"no MM loss, DREAM",False,25985264452.18819,0.005656596230643675,0.9962266584101179,12.710179950898906,0.0,35094.78464704958,4768.657426114868,7086.954840071519,0.0,0.0,5.738938016322738,10818.19740230538
tubeBe25,"nTOF 5 ns, no veto, strict",14.0,no Be window + air,"no MM loss, DREAM",False,32288084693.086143,0.004970205167381697,0.9941861215851329,19.623749202197786,0.0,43517.8330554312,5913.175984844102,8787.884601752081,0.0,0.0,8.842424430066556,10796.03886037819
tubeBe25,"nTOF 5 ns, no veto, strict",14.0,no Be window + air,"no MM loss, DREAM",False,40119676867.86863,0.004380264494531058,0.9910520203941242,30.29788203144388,0.0,53902.77941262478,7324.276011930294,10884.995229162174,0.0,0.0,13.609131086127338,10762.005114064637
tubeBe25,"nTOF 5 ns, no veto, strict",14.0,no Be window + air,"no MM loss, DREAM",False,49850850159.80715,0.003871832752905065,0.9862517754190089,46.778097606775844,0.0,66652.68500313224,9056.725223056832,13459.679930716486,0.0,0.0,20.909903549776185,10709.878424538882
tubeBe25,"nTOF 5 ns, no veto, strict",14.0,no Be window + air,"no MM loss, DREAM",False,61942354865.91934,0.003433065681246695,0.9789311299462641,72.22255382201543,0.0,82204.79165564264,11169.935764910351,16600.234250190933,0.0,0.0,32.04399507231703,10630.382270558388
tubeBe25,"nTOF 5 ns, no veto, strict",14.0,no Be window + air,"no MM loss, DREAM",False,76966697940.67009,0.003054689665087451,0.967839504197095,111.50725547715223,0.0,100986.53731892852,13721.987639095549,20392.9739598676,0.0,0.0,48.91343325024785,10509.936390241852
tubeBe25,"nTOF 5 ns, no veto, strict",14.0,no Be window + air,"no MM loss, DREAM",False,95635249979.00362,0.0027296032845412054,0.9511998187450408,172.16045910933573,0.0,123323.83969086122,16757.166338909723,24903.71408125536,0.0,0.0,74.22100775569616,10329.243171070353
tubeBe25,"nTOF 5 ns, no veto, strict",14.0,no Be window + air,"no MM loss, DREAM",False,118831927096.53207,0.0024525779295322615,0.9266037274682608,265.80533754424914,0.0,149274.101170925,20283.271666555098,30144.046314287614,0.0,0.0,111.62961228271692,10062.149966415527
tubeBe25,"nTOF 5 ns, no veto, strict",14.0,no Be window + air,"no MM loss, DREAM",False,147655042472.05704,0.002220024111520685,0.8910309786197236,410.38736671899085,0.0,178360.37145063488,24235.495911902715,36017.65648205218,0.0,0.0,165.73279797345475,9675.859340745797
tubeBe25,"nTOF 5 ns, no veto, strict",14.0,no Be window + air,"no MM loss, DREAM",False,183469309133.68265,0.002029779564826561,0.8411725311618331,633.6132762364464,0.0,209221.24859520188,28428.852630056277,42249.62641285865,0.0,0.0,241.563340407823,9134.437845729064
tubeBe25,"nTOF 5 ns, no veto, strict",14.0,no Be window + air,"no MM loss, DREAM",False,227970456209.51935,0.0018808620400528856,0.7742804757149971,978.2605810523967,0.0,239295.2942762764,32515.295180215377,48322.70552542535,0.0,0.0,343.3005806892724,8408.045458654517
tubeBe25,"nTOF 5 ns, no veto, strict",14.0,no Be window + air,"no MM loss, DREAM",False,283265518084.60077,0.0017731278868429396,0.6896115115214232,1510.3751773090225,0.0,264822.87451790174,35983.96684508636,53477.68254460788,0.0,0.0,472.0750173096158,7488.6105481727955
tubeBe25,"nTOF 5 ns, no veto, strict",14.0,no Be window + air,"no MM loss, DREAM",False,351972597984.32916,0.0017068133521265048,0.5900002540224438,2331.9279345561968,0.0,281525.8861789331,38253.5616409204,56850.647802135645,0.0,0.0,623.5754364732246,6406.914693099415
tubeBe25,"nTOF 5 ns, no veto, strict",14.0,no Be window + air,"no MM loss, DREAM",True,437344829577.31195,0.0016820261681774673,0.48241454239552434,3600.3557087398976,0.0,286023.4688874016,38864.69037124323,57758.878636573405,0.0,0.0,787.2043356231065,5238.622862899885
tubeBe25,"nTOF 5 ns, no veto, strict",14.0,no Be window + air,"no MM loss, DREAM",False,543424405915.04004,0.001698360241666147,0.3764348781329142,5558.73148452285,0.0,277323.2471793426,37682.509677609334,56001.9771777463,0.0,0.0,948.3905706103363,4087.7713785070846
tubeBe25,"nTOF 5 ns, no veto, strict",14.0,no Be window + air,"no MM loss, DREAM",False,675233968650.1552,0.0017548193894561222,0.2810932030328051,8582.3452505031,0.0,257313.106541797,34963.54426128053,51961.178396161886,0.0,0.0,1093.3973108532766,3052.439656361144
tubeBe25,"nTOF 5 ns, no veto, strict",14.0,no Be window + air,"no MM loss, DREAM",False,839014419404.4929,0.0018500967298321154,0.20207386908528197,13250.622053595325,0.0,229845.95411467503,31231.32473883261,46414.528921202414,0.0,0.0,1213.5791308167634,2194.3550568110277
tubeBe25,"nTOF 5 ns, no veto, strict",14.0,no Be window + air,"no MM loss, DREAM",False,1042520413147.9036,0.0019830686004766894,0.1409139114433282,20458.15912578608,0.0,199157.0658804461,27061.337766433044,40217.290009629054,0.0,0.0,1306.5983281587858,1530.2085101373964
tubeBe25,"nTOF 5 ns, no veto, strict",14.0,no Be window + air,"no MM loss, DREAM",False,1295387524568.9966,0.002153292471754149,0.0960367936757753,31586.160492927575,0.0,168653.22261315645,22916.494588606787,34057.41862537549,0.0,0.0,1374.8526833726887,1042.8801348551208
tubeBe25,"nTOF 5 ns, no veto, strict",14.0,no Be window + air,"no MM loss, DREAM",False,1609588471982.2002,0.0023613749872744274,0.06438071251192361,48767.12164328893,0.0,140484.3393580053,19088.924319377857,28369.06334603099,0.0,0.0,1422.9989440044237,699.1212802582313
tubeBe25,"nTOF 5 ns, no veto, strict",14.0,no Be window + air,"no MM loss, DREAM",False,2000000000000.0002,0.0026091933503471,0.04266674126599077,75293.48664912424,0.0,115684.92029701409,15719.194741097837,23361.129411892176,0.0,0.0,1456.024084215098,463.3255149638436
tubeBe25,"nTOF 5 ns, no veto, strict",14.0,no Be window + air,"no MM loss, no dead time",False,1000000000.0,0.0636555585625869,1.0,0.018823371662281055,0.0,1355.6802894298542,184.20899129725024,273.76275664287846,0.0,0.0,0.00853137620200491,10859.172770552217
tubeBe25,"nTOF 5 ns, no veto, strict",14.0,no Be window + air,"no MM loss, no dead time",False,1242553630.827767,0.052586157429161055,1.0,0.02906214751225738,0.0,1684.5054658727029,228.88955096751874,340.164907252027,0.0,0.0,0.013171928925042691,10859.172770552217
tubeBe25,"nTOF 5 ns, no veto, strict",14.0,no Be window + air,"no MM loss, no dead time",False,1543939525.4832668,0.04359961707142816,1.0,0.04487019823959937,0.0,2093.0883827693465,284.40754261322775,422.67314058619684,0.0,0.0,0.020336661694229735,10859.172770552217
tubeBe25,"nTOF 5 ns, no veto, strict",14.0,no Be window + air,"no MM loss, no dead time",False,1918427663.1677406,0.036290681163067724,1.0,0.0692768725783877,0.0,2600.7745696534803,353.3916247088703,525.1940454887562,0.0,0.0,0.03139857580610303,10859.172770552217
tubeBe25,"nTOF 5 ns, no veto, strict",14.0,no Be window + air,"no MM loss, no dead time",False,2383749258.3495045,0.030333318451946558,1.0,0.10695930177564064,0.0,3231.6018844874566,439.1080463861305,652.5817681111774,0.0,0.0,0.0484775022309251,10859.172770552217
tubeBe25,"nTOF 5 ns, no veto, strict",14.0,no Be window + air,"no MM loss, no dead time",False,2961936295.9451733,0.02546531048736793,1.0,0.1651386936295041,0.0,4015.438654959742,545.6152973627741,810.8678453785473,0.0,0.0,0.07484633179102848,10859.172770552219
tubeBe25,"nTOF 5 ns, no veto, strict",14.0,no Be window + air,"no MM loss, no dead time",False,3680364698.807223,0.02147583631943062,1.0,0.2549641562812632,0.0,4989.3978800863915,677.9562687732863,1007.5467853966022,0.0,0.0,0.11555820998960366,10859.172770552217
tubeBe25,"nTOF 5 ns, no veto, strict",14.0,no Be window + air,"no MM loss, no dead time",False,4573050519.273255,0.018195468145523808,1.0,0.3936492384641348,0.0,6199.59445154571,842.3970233066926,1251.930916423393,0.0,0.0,0.17841488789704432,10859.172770552217
tubeBe25,"nTOF 5 ns, no veto, strict",14.0,no Be window + air,"no MM loss, no dead time",False,5682260526.681813,0.015488104727941255,1.0,0.6077706184411709,0.0,7703.328595427835,1046.7234799082385,1555.5913057474274,0.0,0.0,0.2754617973589152,10859.172770552217
tubeBe25,"nTOF 5 ns, no veto, strict",14.0,no Be window + air,"no MM loss, no dead time",False,7060513448.737786,0.013244461668646684,1.0,0.9383610802387327,0.0,9571.798915708217,1300.6100604326568,1932.905625040573,0.0,0.0,0.4252963567030913,10859.172770552217
tubeBe25,"nTOF 5 ns, no veto, strict",14.0,no Be window + air,"no MM loss, no dead time",False,8773066621.237415,0.011376814236618299,1.0,1.4487727609557548,0.0,11893.473496266528,1616.077752881719,2401.7389024415784,0.0,0.0,0.6566318551579328,10859.172770552217
tubeBe25,"nTOF 5 ns, no veto, strict",14.0,no Be window + air,"no MM loss, no dead time",False,10901005783.71244,0.009814751408157019,1.0,2.2368175290831105,0.0,14778.278675939795,2008.0632795431593,2984.289393529079,0.0,0.0,1.013799874869736,10859.172770552217
tubeBe25,"nTOF 5 ns, no veto, strict",14.0,no Be window + air,"no MM loss, no dead time",False,13545084316.226381,0.008501749654137202,1.0,3.45351099444523,0.0,18362.80382617356,2495.1263189282663,3708.1396213703524,0.0,0.0,1.5652456977413753,10859.172770552219
tubeBe25,"nTOF 5 ns, no veto, strict",14.0,no Be window + air,"no MM loss, no dead time",False,16830493696.995401,0.007392412949158565,1.0,5.332012126015057,0.0,22816.76856639006,3100.32826695825,4607.562350150051,0.0,0.0,2.4166446998355644,10859.172770552219
tubeBe25,"nTOF 5 ns, no veto, strict",14.0,no Be window + air,"no MM loss, no dead time",False,20912791051.82548,0.006450254016274109,1.0,8.23230427171071,0.0,28351.05862592483,3852.3241448669323,5725.143327444266,0.0,0.0,3.7311532711257716,10859.172770552219
tubeBe25,"nTOF 5 ns, no veto, strict",14.0,no Be window + air,"no MM loss, no dead time",False,25985264452.18819,0.005645914009295127,1.0,12.710179950898906,0.0,35227.710833453784,4786.71935332988,7113.797628525235,0.0,0.0,5.760675010927262,10859.172770552217
tubeBe25,"nTOF 5 ns, no veto, strict",14.0,no Be window + air,"no MM loss, no dead time",False,32288084693.086143,0.004955736021992306,1.0,19.623749202197786,0.0,43772.32000185866,5947.755512233583,8839.275072297989,0.0,0.0,8.894133842834352,10859.172770552217
tubeBe25,"nTOF 5 ns, no veto, strict",14.0,no Be window + air,"no MM loss, no dead time",False,40119676867.86863,0.004360623199641699,1.0,30.29788203144388,0.0,54389.45514806438,7390.405207001703,10983.27333496924,0.0,0.0,13.732004784890329,10859.172770552219
tubeBe25,"nTOF 5 ns, no veto, strict",14.0,no Be window + air,"no MM loss, no dead time",False,49850850159.80715,0.0038451252268318368,1.0,46.778097606775844,0.0,67581.81497297164,9182.97482324844,13647.306160739883,0.0,0.0,21.201384951517703,10859.172770552217
tubeBe25,"nTOF 5 ns, no veto, strict",14.0,no Be window + air,"no MM loss, no dead time",False,61942354865.91934,0.0033967077492813263,1.0,72.22255382201543,0.0,83974.02957259626,11410.33870842732,16957.509821045493,0.0,0.0,32.733656221634305,10859.172770552219
tubeBe25,"nTOF 5 ns, no veto, strict",14.0,no Be window + air,"no MM loss, no dead time",False,76966697940.67009,0.0030051680845768827,1.0,111.50725547715223,0.0,104342.23534066777,14177.95779113098,21070.6153979376,0.0,0.0,50.53878565416246,10859.172770552217
tubeBe25,"nTOF 5 ns, no veto, strict",14.0,no Be window + air,"no MM loss, no dead time",False,95635249979.00362,0.0026621677101294557,1.0,172.16045910933573,0.0,129650.82337123205,17616.87293109262,26181.369666482813,0.0,0.0,78.02882874138808,10859.172770552217
tubeBe25,"nTOF 5 ns, no veto, strict",14.0,no Be window + air,"no MM loss, no dead time",False,118831927096.53207,0.0023608578431864803,1.0,265.80533754424914,0.0,161098.1013197339,21889.909424360547,32531.75593913219,0.0,0.0,120.47179282099381,10859.172770552217
tubeBe25,"nTOF 5 ns, no veto, strict",14.0,no Be window + air,"no MM loss, no dead time",False,147655042472.05704,0.002095579267172727,1.0,410.38736671899085,0.0,200173.03071429566,27199.386433730262,40422.45145937164,0.0,0.0,186.00116264216513,10859.172770552217
tubeBe25,"nTOF 5 ns, no veto, strict",14.0,no Be window + air,"no MM loss, no dead time",False,183469309133.68265,0.001861621632622163,1.0,633.6132762364464,0.0,248725.72610784622,33796.69636951905,50227.0638278014,0.0,0.0,287.17454678908035,10859.172770552217
tubeBe25,"nTOF 5 ns, no veto, strict",14.0,no Be window + air,"no MM loss, no dead time",False,227970456209.51935,0.001655030858106947,1.0,978.2605810523967,0.0,309055.054055577,41994.207783929516,62409.82052505263,0.0,0.0,443.38013350040484,10859.172770552217
tubeBe25,"nTOF 5 ns, no veto, strict",14.0,no Be window + air,"no MM loss, no dead time",False,283265518084.60077,0.0014724559504989514,1.0,1510.3751773090225,0.0,384017.47954242915,52180.0553556573,77547.54909271345,0.0,0.0,684.5521129253226,10859.172770552217
tubeBe25,"nTOF 5 ns, no veto, strict",14.0,no Be window + air,"no MM loss, no dead time",False,351972597984.32916,0.0013110284944384694,1.0,2331.9279345561968,0.0,477162.31350677303,64836.51723896585,96356.9886869456,0.0,0.0,1056.90706439849,10859.172770552217
tubeBe25,"nTOF 5 ns, no veto, strict",14.0,no Be window + air,"no MM loss, no dead time",False,437344829577.31195,0.0011682692442248146,1.0,3600.3557087398976,0.0,592899.7651420204,80562.84990550444,119728.72614859478,0.0,0.0,1631.8005914873304,10859.172770552217
tubeBe25,"nTOF 5 ns, no veto, strict",14.0,no Be window + air,"no MM loss, no dead time",False,543424405915.04004,0.001042016851297455,1.0,5558.73148452285,0.0,736709.7558941478,100103.66165991698,148769.36339031986,0.0,0.0,2519.4014309042636,10859.172770552217
tubeBe25,"nTOF 5 ns, no veto, strict",14.0,no Be window + air,"no MM loss, no dead time",False,675233968650.1552,0.0009303740671200394,1.0,8582.3452505031,0.0,915401.3820525111,124384.16825468413,184853.91263657747,0.0,0.0,3889.80344973219,10859.172770552217
tubeBe25,"nTOF 5 ns, no veto, strict",14.0,no Be window + air,"no MM loss, no dead time",False,839014419404.4929,0.0008316670855272623,1.0,13250.622053595325,0.0,1137435.3109341038,154553.9998823497,229690.90031929815,0.0,0.0,6005.621292402693,10859.172770552217
tubeBe25,"nTOF 5 ns, no veto, strict",14.0,no Be window + air,"no MM loss, no dead time",False,1042520413147.9036,0.0007444142415045641,1.0,20458.15912578608,0.0,1413324.3754328806,192041.63371276783,285403.26215984265,0.0,0.0,9272.316088424415,10859.172770552217
tubeBe25,"nTOF 5 ns, no veto, strict",14.0,no Be window + air,"no MM loss, no dead time",False,1295387524568.9966,0.0006673011112623593,1.0,31586.160492927575,0.0,1756131.3342315191,238622.02923989674,354628.85964680294,0.0,0.0,14315.89530169297,10859.172770552215
tubeBe25,"nTOF 5 ns, no veto, strict",14.0,no Be window + air,"no MM loss, no dead time",False,1609588471982.2002,0.0005991600496371029,1.0,48767.12164328893,0.0,2182087.3655597856,296500.66882752336,440645.37715044554,0.0,0.0,22102.876598963976,10859.172770552217
tubeBe25,"nTOF 5 ns, no veto, strict",14.0,no Be window + air,"no MM loss, no dead time",True,2000000000000.0002,0.0005389531321142837,1.0,75293.48664912424,0.0,2711360.5788597087,368417.9825945004,547525.5132857567,0.0,0.0,34125.504808019636,10859.172770552217
tubeBe25,"nTOF 5 ns, no veto, strict",14.0,oracle: no accidentals,MM occ + DREAM,False,1000000000.0,0.06405102191822185,0.9998593768901674,0.47195599823068357,0.0061251586976635965,1338.9857663177506,181.94054992014463,270.3915055421268,0.0,0.0,0.0,10725.447501984254
tubeBe25,"nTOF 5 ns, no veto, strict",14.0,oracle: no accidentals,MM occ + DREAM,False,1242553630.827767,0.052992472926533744,0.9998216290578372,0.5986669933953781,0.007610838179178178,1658.7627040642974,225.3916405657041,334.96647699437824,0.0,0.0,0.0,10693.221929945224
tubeBe25,"nTOF 5 ns, no veto, strict",14.0,oracle: no accidentals,MM occ + DREAM,False,1543939525.4832668,0.044018699022536203,0.9997727467806786,0.7627680372018392,0.009456874613180438,2053.405515871616,279.0154594354984,414.6596796558297,0.0,0.0,0.0,10653.293691952045
tubeBe25,"nTOF 5 ns, no veto, strict",14.0,oracle: no accidentals,MM occ + DREAM,False,1918427663.1677406,0.036724755043035774,0.9997089540512858,0.9769485943605815,0.011750673886890335,2539.6261266937217,345.0828124580469,512.8458787125586,0.0,0.0,0.0,10603.855945134797
tubeBe25,"nTOF 5 ns, no veto, strict",14.0,oracle: no accidentals,MM occ + DREAM,False,2383749258.3495045,0.030784966983629876,0.9996249750063172,1.2589452691052752,0.014600842502828615,3137.4211523851736,426.3108273106107,633.5631417846057,0.0,0.0,0.0,10542.696645672751
tubeBe25,"nTOF 5 ns, no veto, strict",14.0,oracle: no accidentals,MM occ + DREAM,False,2961936295.9451733,0.025937527447256692,0.9995133534642068,1.6338371676178303,0.018142329865034074,3870.4669967312366,525.9166389569682,781.5926238523745,0.0,0.0,0.0,10467.117899637356
tubeBe25,"nTOF 5 ns, no veto, strict",14.0,oracle: no accidentals,MM occ + DREAM,False,3680364698.807223,0.021972090481585008,0.9993634362362162,2.137480655427982,0.022542817845473122,4766.407302345302,647.6564482958845,962.5166143866938,0.0,0.0,0.0,10373.845027988256
tubeBe25,"nTOF 5 ns, no veto, strict",14.0,oracle: no accidentals,MM occ + DREAM,False,4573050519.273255,0.018719780907760622,0.9991598467649944,2.8216767986276334,0.028010660162981607,5856.9093640684505,795.8331875786212,1182.7299293325243,0.0,0.0,0.0,10258.927609374043
tubeBe25,"nTOF 5 ns, no veto, strict",14.0,oracle: no accidentals,MM occ + DREAM,False,5682260526.681813,0.016045146542977846,0.9988801850325555,3.761981069838612,0.034804747487395635,7177.295086414609,975.2463751370011,1449.3653875594812,0.0,0.0,0.0,10117.637642365571
tubeBe25,"nTOF 5 ns, no veto, strict",14.0,oracle: no accidentals,MM occ + DREAM,False,7060513448.737786,0.013839674595093585,0.99849155245141,5.069551678271102,0.04324676536050705,8765.451643843435,1191.0440965814232,1770.0738322658876,0.0,0.0,0.0,9944.374578973699
tubeBe25,"nTOF 5 ns, no veto, strict",14.0,oracle: no accidentals,MM occ + DREAM,False,8773066621.237415,0.012016571053010523,0.9979452941223906,6.909182504375806,0.053736425320254536,10659.591888798908,1448.4186904434582,2152.571873264409,0.0,0.0,0.0,9732.59410048551
tubeBe25,"nTOF 5 ns, no veto, strict",14.0,oracle: no accidentals,MM occ + DREAM,False,10901005783.71244,0.010506566395484345,0.9971690442308984,9.526821584693426,0.06677039038938742,12894.26571590791,1752.0647748334857,2603.836431639258,0.0,0.0,0.0,9474.788114966159
tubeBe25,"nTOF 5 ns, no veto, strict",14.0,oracle: no accidentals,MM occ + DREAM,False,13545084316.226381,0.009254563352081243,0.9960547133617523,13.291656300875406,0.08296579101012079,15493.838295148858,2105.293073835574,3128.78775012862,0.0,0.0,0.0,9162.558644023795
tubeBe25,"nTOF 5 ns, no veto, strict",14.0,oracle: no accidentals,MM occ + DREAM,False,16830493696.995401,0.008216984548416397,0.9944404254777377,18.76059124828855,0.10308944485412372,18462.501939217127,2508.673236281265,3728.2724140883024,0.0,0.0,0.0,8786.848924345037
tubeBe25,"nTOF 5 ns, no veto, strict",14.0,oracle: no accidentals,MM occ + DREAM,False,20912791051.82548,0.0073597132398582465,0.9920835708906504,26.777177984787468,0.12809416400351029,21769.896312553137,2958.0799187304538,4396.159531728998,0.0,0.0,0.0,8338.421092990511
tubeBe25,"nTOF 5 ns, no veto, strict",14.0,oracle: no accidentals,MM occ + DREAM,False,25985264452.18819,0.0066565539887333556,0.9886211401076411,38.62358597183355,0.15916386857040915,25331.816653505844,3442.071430743955,5115.444999758967,0.0,0.0,0.0,7808.698525228651
tubeBe25,"nTOF 5 ns, no veto, strict",14.0,oracle: no accidentals,MM occ + DREAM,False,32288084693.086143,0.006088178119844125,0.9835126156631325,56.254278995122746,0.19776964278875545,28986.713060954302,3938.6964726225024,5853.505826893988,0.0,0.0,0.0,7191.113588815019
tubeBe25,"nTOF 5 ns, no veto, strict",14.0,oracle: no accidentals,MM occ + DREAM,False,40119676867.86863,0.0056415694182975,0.9759607486398612,82.6556076540184,0.24573938771467851,32471.364561046626,4412.188742783351,6557.187814485783,0.0,0.0,0.0,6483.097815634963
tubeBe25,"nTOF 5 ns, no veto, strict",14.0,oracle: no accidentals,MM occ + DREAM,False,49850850159.80715,0.005310063285453678,0.9648085530537963,122.39952006285411,0.3053443684422675,35403.99308381863,4810.672475446138,7149.395634325989,0.0,0.0,0.0,5688.780004182793
tubeBe25,"nTOF 5 ns, no veto, strict",14.0,oracle: no accidentals,MM occ + DREAM,False,61942354865.91934,0.005094206357731178,0.9484210749159467,182.4966207514893,0.37940675366075083,37290.45398177161,5067.003604432139,7530.342926802892,0.0,0.0,0.0,4822.246646271842
tubeBe25,"nTOF 5 ns, no veto, strict",14.0,oracle: no accidentals,MM occ + DREAM,True,76966697940.67009,0.00500391481081554,0.9245853918769934,273.71095952688205,0.47143323932174225,37577.28988100335,5105.978687331322,7588.265865632992,0.0,0.0,0.0,3910.768077132585
tubeBe25,"nTOF 5 ns, no veto, strict",14.0,oracle: no accidentals,MM occ + DREAM,False,95635249979.00362,0.005062914757605247,0.8905108291752541,412.5871498446953,0.5857810832121263,35777.62438122113,4861.441262857323,7224.845823240354,0.0,0.0,0.0,2996.628901948097
tubeBe25,"nTOF 5 ns, no veto, strict",14.0,oracle: no accidentals,MM occ + DREAM,False,118831927096.53207,0.005317527144164999,0.8430822981338272,624.5765929555644,0.7278644118154498,31677.09866852836,4304.264389214612,6396.795705860625,0.0,0.0,0.0,2135.2646896108513
tubeBe25,"nTOF 5 ns, no veto, strict",14.0,oracle: no accidentals,MM occ + DREAM,False,147655042472.05704,0.005854307133921445,0.7795689202595001,948.859800133156,0.9044105676516079,25568.134559470884,3474.182160259397,5163.166458782518,0.0,0.0,0.0,1387.043946985575
tubeBe25,"nTOF 5 ns, no veto, strict",14.0,oracle: no accidentals,MM occ + DREAM,False,183469309133.68265,0.006836971887992437,0.6988880498679704,1445.7863256766777,1.1237786345945076,18366.508419778034,2495.629696794248,3708.8877179277124,0.0,0.0,0.0,801.8675480142866
tubeBe25,"nTOF 5 ns, no veto, strict",14.0,oracle: no accidentals,MM occ + DREAM,False,227970456209.51935,0.008588449589482409,0.6031036676360091,2208.354812942885,1.3963552226620757,11417.449087814317,1551.3958534711064,2305.6116995138286,0.0,0.0,0.0,401.1714114251746
tubeBe25,"nTOF 5 ns, no veto, strict",14.0,oracle: no accidentals,MM occ + DREAM,False,283265518084.60077,0.011787210443930256,0.49820177331953597,3379.929090764111,1.7350462518440772,5952.703289793833,808.8496063964369,1202.0743200275112,0.0,0.0,0.0,168.32940404881688
tubeBe25,"nTOF 5 ns, no veto, strict",14.0,oracle: no accidentals,MM occ + DREAM,False,351972597984.32916,0.017980350825856868,0.3930646209069056,5181.580316991534,2.1558880198829664,2515.066947011153,341.7457264565115,507.88645812998516,0.0,0.0,0.0,57.23743416863902
tubeBe25,"nTOF 5 ns, no veto, strict",14.0,oracle: no accidentals,MM occ + DREAM,False,437344829577.31195,0.031070752336215667,0.29670262414694615,7954.288624905698,2.6788064867636754,828.9358359237453,112.63528383220397,167.3932720656372,0.0,0.0,0.0,15.182258430886517
tubeBe25,"nTOF 5 ns, no veto, strict",14.0,oracle: no accidentals,MM occ + DREAM,False,543424405915.04004,0.06218796774631977,0.21538833463248913,12224.083797580368,3.3285607264131802,203.87664915537337,27.70263179511835,41.17035109462359,0.0,0.0,0.0,3.0051614483812563
tubeBe25,"nTOF 5 ns, no veto, strict",14.0,oracle: no accidentals,MM occ + DREAM,False,675233968650.1552,0.1481454987435839,0.1514423133938455,18802.59850529076,4.135915216035406,35.43630957515078,4.815063620111275,7.155921547420023,0.0,0.0,0.0,0.4203718888478387
tubeBe25,"nTOF 5 ns, no veto, strict",14.0,oracle: no accidentals,MM occ + DREAM,False,839014419404.4929,0.4348096312764849,0.10389823173808554,28942.291541698127,5.139096468480602,4.062303681018976,0.5519832878431267,0.8203316539358823,0.0,0.0,0.0,0.03878309130600833
tubeBe25,"nTOF 5 ns, no veto, strict",14.0,oracle: no accidentals,MM occ + DREAM,False,1042520413147.9036,1.6433939785422864,0.07001002081238414,44576.072196914494,6.385602976084727,0.28114980312240123,0.038202459710009504,0.05677470251098877,0.0,0.0,0.0,0.0021601936113058193
tubeBe25,"nTOF 5 ns, no veto, strict",14.0,oracle: no accidentals,MM occ + DREAM,False,1295387524568.9966,8.462564498736988,0.0465792354789271,68687.22738287016,7.934454162958706,0.010494699995683934,0.001426013282958646,0.0021192740083037817,0.0,0.0,0.0,6.489478218786857e-05
tubeBe25,"nTOF 5 ns, no veto, strict",14.0,oracle: no accidentals,MM occ + DREAM,False,1609588471982.2002,63.76274229460613,0.030719706193287274,105880.51901042408,9.858984828820832,0.00018318241311271382,2.4890711922263417e-05,3.6991407762756224e-05,0.0,0.0,0.0,9.11608537730259e-07
tubeBe25,"nTOF 5 ns, no veto, strict",14.0,oracle: no accidentals,MM occ + DREAM,False,2000000000000.0002,768.9339557014157,0.020139919424278337,163263.8644916166,12.250317395327196,1.249552516367975e-06,1.6978841575537666e-07,2.523315741315441e-07,0.0,0.0,0.0,5.004537857087511e-09
tubeBe25,"nTOF 5 ns, no veto, strict",14.0,oracle: no accidentals,"MM occ ÷10, DAQ 10 µs",False,1000000000.0,0.06369457433464892,0.9999952804622918,0.47195599823068357,0.0006125158697663597,1354.0141645168999,183.98259928433723,273.426303459456,0.0,0.0,0.0,10845.82689658167
tubeBe25,"nTOF 5 ns, no veto, strict",14.0,oracle: no accidentals,"MM occ ÷10, DAQ 10 µs",False,1242553630.827767,0.0526261912723644,0.999994013365906,0.5986669933953781,0.0007610838179178179,1681.93324749596,228.54003954047326,339.64547977418056,0.0,0.0,0.0,10842.590952135753
tubeBe25,"nTOF 5 ns, no veto, strict",14.0,oracle: no accidentals,"MM occ ÷10, DAQ 10 µs",False,1543939525.4832668,0.04364084433795467,0.999992372377809,0.7627680372018392,0.0009456874613180438,2089.1173742141227,283.8679644500766,421.8712448463186,0.0,0.0,0.0,10838.570741354832
tubeBe25,"nTOF 5 ns, no veto, strict",14.0,oracle: no accidentals,"MM occ ÷10, DAQ 10 µs",False,1918427663.1677406,0.03633330399450938,0.9999902306094983,0.9769485943605815,0.0011750673886890336,2594.6442271383667,352.558637595448,523.9560991387295,0.0,0.0,0.0,10833.576377350342
tubeBe25,"nTOF 5 ns, no veto, strict",14.0,oracle: no accidentals,"MM occ ÷10, DAQ 10 µs",False,2383749258.3495045,0.03037756901311646,0.9999874107058013,1.2589452691052752,0.0014600842502828617,3222.1382626538884,437.8221353600779,650.6707075011033,0.0,0.0,0.0,10827.372100729868
tubeBe25,"nTOF 5 ns, no veto, strict",14.0,oracle: no accidentals,"MM occ ÷10, DAQ 10 µs",False,2961936295.9451733,0.025511454463279768,0.9999836618952618,1.6338371676178303,0.0018142329865034074,4000.82980660899,543.630256170032,807.9177703298338,0.0,0.0,0.0,10819.665254225534
tubeBe25,"nTOF 5 ns, no veto, strict",14.0,oracle: no accidentals,"MM occ ÷10, DAQ 10 µs",False,3680364698.807223,0.021524176710291297,0.9999786256503183,2.137480655427982,0.0022542817845473124,4966.84733115576,674.8921142642184,1002.99298278754,0.0,0.0,0.0,10810.092638481394
tubeBe25,"nTOF 5 ns, no veto, strict",14.0,oracle: no accidentals,"MM occ ÷10, DAQ 10 µs",False,4573050519.273255,0.01824634941917047,0.9999717840281772,2.8216767986276334,0.002801066016298161,6164.786656788055,837.667361887564,1244.9019156185477,0.0,0.0,0.0,10798.203644266698
tubeBe25,"nTOF 5 ns, no veto, strict",14.0,oracle: no accidentals,"MM occ ÷10, DAQ 10 µs",False,5682260526.681813,0.015541917419052847,0.9999623816044986,3.761981069838612,0.0034804747487395637,7649.604536838123,1039.42348837014,1544.7424009634328,0.0,0.0,0.0,10783.439426591372
tubeBe25,"nTOF 5 ns, no veto, strict",14.0,oracle: no accidentals,"MM occ ÷10, DAQ 10 µs",False,7060513448.737786,0.013301647544590086,0.9999493070531225,5.069551678271102,0.004324676536050705,9488.885012781318,1289.3437710709482,1916.162194597372,0.0,0.0,0.0,10765.107234398261
tubeBe25,"nTOF 5 ns, no veto, strict",14.0,oracle: no accidentals,"MM occ ÷10, DAQ 10 µs",False,8773066621.237415,0.011437872179628751,0.9999309129483068,6.909182504375806,0.005373642532025454,11765.522463397414,1598.6918464227754,2375.900784305123,0.0,0.0,0.0,10742.348835767103
tubeBe25,"nTOF 5 ns, no veto, strict",14.0,oracle: no accidentals,"MM occ ÷10, DAQ 10 µs",False,10901005783.71244,0.009880244198839329,0.9999047408593214,9.526821584693426,0.006677039038938743,14580.851166445891,1981.2369528186666,2944.421365899262,0.0,0.0,0.0,10714.101786152352
tubeBe25,"nTOF 5 ns, no veto, strict",14.0,oracle: no accidentals,"MM occ ÷10, DAQ 10 µs",False,13545084316.226381,0.008572311895093167,0.9998671011014559,13.291656300875406,0.008296579101012079,18058.22069826018,2453.739753676453,3646.6328506555956,0.0,0.0,0.0,10679.052085262745
tubeBe25,"nTOF 5 ns, no veto, strict",14.0,oracle: no accidentals,"MM occ ÷10, DAQ 10 µs",False,16830493696.995401,0.007468760455703279,0.9998124292768938,18.76059124828855,0.010308944485412372,22346.959058726436,3036.490844386465,4512.690169062932,0.0,0.0,0.0,10635.576576458267
tubeBe25,"nTOF 5 ns, no veto, strict",14.0,oracle: no accidentals,"MM occ ÷10, DAQ 10 µs",False,20912791051.82548,0.0065331951391412214,0.9997322999026838,26.777177984787468,0.012809416400351029,27626.56478523061,3753.880374137271,5578.840816044139,0.0,0.0,0.0,10581.673298976744
tubeBe25,"nTOF 5 ns, no veto, strict",14.0,oracle: no accidentals,"MM occ ÷10, DAQ 10 µs",False,25985264452.18819,0.0057363635588739414,0.9996139132608252,38.62358597183355,0.015916386857040915,34110.80094787478,4634.9543354295565,6888.251582321092,0.0,0.0,0.0,10514.877977342941
tubeBe25,"nTOF 5 ns, no veto, strict",14.0,oracle: no accidentals,"MM occ ÷10, DAQ 10 µs",False,32288084693.086143,0.005054732759473995,0.9994377734865203,56.254278995122746,0.019776964278875545,42051.09140436509,5713.87604506982,8491.694385806954,0.0,0.0,0.0,10432.165047018163
tubeBe25,"nTOF 5 ns, no veto, strict",14.0,oracle: no accidentals,"MM occ ÷10, DAQ 10 µs",False,40119676867.86863,0.004469352286957956,0.9991741265541749,82.6556076540184,0.02457393877146785,51738.19052420607,7030.153025251376,10447.883451619648,0.0,0.0,0.0,10329.832284743823
tubeBe25,"nTOF 5 ns, no veto, strict",14.0,oracle: no accidentals,"MM occ ÷10, DAQ 10 µs",False,49850850159.80715,0.003964947646706105,0.9987775011321185,122.39952006285411,0.03053443684422675,63500.43886700757,8628.399986211805,12823.123068032235,0.0,0.0,0.0,10203.36960376848
tubeBe25,"nTOF 5 ns, no veto, strict",14.0,oracle: no accidentals,"MM occ ÷10, DAQ 10 µs",False,61942354865.91934,0.0035291996145417094,0.9981783582271627,182.4966207514893,0.03794067536607509,77695.93392548533,10557.274991680111,15689.726565493726,0.0,0.0,0.0,10047.315513623853
tubeBe25,"nTOF 5 ns, no veto, strict",14.0,oracle: no accidentals,"MM occ ÷10, DAQ 10 µs",False,76966697940.67009,0.003152174098113962,0.9972703617238484,273.71095952688205,0.04714332393217423,94694.52672524654,12867.033168096184,19122.380754092665,0.0,0.0,0.0,9855.110184076544
tubeBe25,"nTOF 5 ns, no veto, strict",14.0,oracle: no accidentals,"MM occ ÷10, DAQ 10 µs",False,95635249979.00362,0.002825875040699072,0.9958910813718106,412.5871498446953,0.05857810832121263,114843.60687814296,15604.87759902279,23191.236641047453,0.0,0.0,0.0,9618.963738566208
tubeBe25,"nTOF 5 ns, no veto, strict",14.0,oracle: no accidentals,"MM occ ÷10, DAQ 10 µs",False,118831927096.53207,0.00254389971093009,0.993793001530013,624.5765929555644,0.07278644118154498,138409.167486708,18806.95126115712,27950.008221881457,0.0,0.0,0.0,9329.775152243508
tubeBe25,"nTOF 5 ns, no veto, strict",14.0,oracle: no accidentals,"MM occ ÷10, DAQ 10 µs",False,147655042472.05704,0.0023011821852155323,0.9906005892289246,948.859800133156,0.09044105676516079,165480.9642478858,22485.45010256022,33416.82054216139,0.0,0.0,0.0,8977.165278424456
tubeBe25,"nTOF 5 ns, no veto, strict",14.0,oracle: no accidentals,"MM occ ÷10, DAQ 10 µs",False,183469309133.68265,0.0020938175420079914,0.9857481874995262,1445.7863256766777,0.11237786345945076,195828.7819441969,26609.092623217784,39545.18450482675,0.0,0.0,0.0,8549.73311307884
tubeBe25,"nTOF 5 ns, no veto, strict",14.0,oracle: no accidentals,"MM occ ÷10, DAQ 10 µs",False,227970456209.51935,0.0019189670751160398,0.9783935978914394,2208.354812942885,0.13963552226620757,228698.63829075635,31075.42818101489,46182.84277429524,0.0,0.0,0.0,8035.714003055104
tubeBe25,"nTOF 5 ns, no veto, strict",14.0,oracle: no accidentals,"MM occ ÷10, DAQ 10 µs",False,283265518084.60077,0.001774854986614785,0.9673057515081418,3379.929090764111,0.17350462518440773,262549.1159614748,35675.00995207949,53018.525311740275,0.0,0.0,0.0,7424.3136390003765
tubeBe25,"nTOF 5 ns, no veto, strict",14.0,oracle: no accidentals,"MM occ ÷10, DAQ 10 µs",False,351972597984.32916,0.0016608818579072976,0.9507368086562731,5181.580316991534,0.21558880198829666,294759.89273036545,40051.79018836489,59523.09066583896,0.0,0.0,0.0,6708.091796824276
tubeBe25,"nTOF 5 ns, no veto, strict",14.0,oracle: no accidentals,"MM occ ÷10, DAQ 10 µs",False,437344829577.31195,0.0015779041744841001,0.9263179932337529,7954.288624905698,0.26788064867636757,321412.82600373554,43673.374120565626,64905.3187194792,0.0,0.0,0.0,5886.791686297866
tubeBe25,"nTOF 5 ns, no veto, strict",14.0,oracle: no accidentals,"MM occ ÷10, DAQ 10 µs",False,543424405915.04004,0.0015287711821034074,0.8910743275068382,12224.083797580368,0.33285607264131806,337361.28430074855,45840.44067640867,68125.91131910347,0.0,0.0,0.0,4972.737829256585
tubeBe25,"nTOF 5 ns, no veto, strict",14.0,oracle: no accidentals,"MM occ ÷10, DAQ 10 µs",True,675233968650.1552,0.001519289049331463,0.8417324305877586,18802.59850529076,0.4135915216035406,336933.8098597907,45782.355716268605,68039.58817767887,0.0,0.0,0.0,3996.9597219790667
tubeBe25,"nTOF 5 ns, no veto, strict",14.0,oracle: no accidentals,"MM occ ÷10, DAQ 10 µs",False,839014419404.4929,0.0015599397011612968,0.7755407384524525,28942.291541698127,0.5139096468480603,315613.1390612609,42885.316279905885,63734.14414578581,0.0,0.0,0.0,3013.180242231035
tubeBe25,"nTOF 5 ns, no veto, strict",14.0,oracle: no accidentals,"MM occ ÷10, DAQ 10 µs",False,1042520413147.9036,0.0016690182407104654,0.6916773881074781,44576.072196914494,0.6385602976084728,272583.14639739983,37038.427742881046,55044.77283764671,0.0,0.0,0.0,2094.37234121394
tubeBe25,"nTOF 5 ns, no veto, strict",14.0,oracle: no accidentals,"MM occ ÷10, DAQ 10 µs",False,1295387524568.9966,0.001878618418137753,0.5928131106988292,68687.22738287016,0.7934454162958706,212959.42227906385,28936.79333625903,43004.50404918862,0.0,0.0,0.0,1316.8509180193614
tubeBe25,"nTOF 5 ns, no veto, strict",14.0,oracle: no accidentals,"MM occ ÷10, DAQ 10 µs",False,1609588471982.2002,0.002246729074236232,0.4857186123323151,105880.51901042408,0.9858984828820833,147542.22843928725,20047.945881089578,29794.316177422395,0.0,0.0,0.0,734.24491377479
tubeBe25,"nTOF 5 ns, no veto, strict",14.0,oracle: no accidentals,"MM occ ÷10, DAQ 10 µs",False,2000000000000.0002,0.0028833197594193612,0.3798470412683029,163263.8644916166,1.2250317395327197,88868.32120952386,12075.37200026058,17945.851084679995,0.0,0.0,0.0,355.9233181183914
tubeBe25,"nTOF 5 ns, no veto, strict",14.0,oracle: no accidentals,"no MM loss, DREAM",False,1000000000.0,0.06365989831413105,0.9998593768901674,0.47195599823068357,0.0,1355.4896494516156,184.1830872560349,273.724259272683,0.0,0.0,0.0,10857.645719907012
tubeBe25,"nTOF 5 ns, no veto, strict",14.0,oracle: no accidentals,"no MM loss, DREAM",False,1242553630.827767,0.05259068669482048,0.9998216290578372,0.5986669933953781,0.0,1684.2049990456771,228.84872372266153,340.10423171702985,0.0,0.0,0.0,10857.235809674026
tubeBe25,"nTOF 5 ns, no veto, strict",14.0,oracle: no accidentals,"no MM loss, DREAM",False,1543939525.4832668,0.04360438186572538,0.9997727467806786,0.7627680372018392,0.0,2092.6127216960376,284.34291008356956,422.5770867542779,0.0,0.0,0.0,10856.704988580943
tubeBe25,"nTOF 5 ns, no veto, strict",14.0,oracle: no accidentals,"no MM loss, DREAM",False,1918427663.1677406,0.036295739967534144,0.9997089540512858,0.9769485943605815,0.0,2600.017624751464,353.28877150818926,525.0411898895278,0.0,0.0,0.0,10856.01225231096
tubeBe25,"nTOF 5 ns, no veto, strict",14.0,oracle: no accidentals,"no MM loss, DREAM",False,2383749258.3495045,0.030338746057238665,0.9996249750063172,1.2589452691052752,0.0,3230.38995301114,438.9433698938084,652.3370336377137,0.0,0.0,0.0,10855.10030935254
tubeBe25,"nTOF 5 ns, no veto, strict",14.0,oracle: no accidentals,"no MM loss, DREAM",False,2961936295.9451733,0.025471203163503514,0.9995133534642068,1.6338371676178303,0.0,4013.4845556486157,545.3497755684367,810.4732393506077,0.0,0.0,0.0,10853.88819174185
tubeBe25,"nTOF 5 ns, no veto, strict",14.0,oracle: no accidentals,"no MM loss, DREAM",False,3680364698.807223,0.021482318805793852,0.9993634362362162,2.137480655427982,0.0,4986.22181019283,677.5247063791554,1006.9054176227017,0.0,0.0,0.0,10852.260214661814
tubeBe25,"nTOF 5 ns, no veto, strict",14.0,oracle: no accidentals,"no MM loss, DREAM",False,4573050519.273255,0.018202703138958054,0.9991598467649944,2.8216767986276334,0.0,6194.385842211523,841.6892807224025,1250.8791026139565,0.0,0.0,0.0,10850.049401419556
tubeBe25,"nTOF 5 ns, no veto, strict",14.0,oracle: no accidentals,"no MM loss, DREAM",False,5682260526.681813,0.015496305803822242,0.9988801850325555,3.761981069838612,0.0,7694.7022927675325,1045.5513432886614,1553.8493313200254,0.0,0.0,0.0,10847.012506349689
tubeBe25,"nTOF 5 ns, no veto, strict",14.0,oracle: no accidentals,"no MM loss, DREAM",False,7060513448.737786,0.013253910919785868,0.99849155245141,5.069551678271102,0.0,9557.360359098222,1298.6481583753255,1929.9899382888243,0.0,0.0,0.0,10842.792278006764
tubeBe25,"nTOF 5 ns, no veto, strict",14.0,oracle: no accidentals,"no MM loss, DREAM",False,8773066621.237415,0.011387886388657505,0.9979452941223906,6.909182504375806,0.0,11869.035906368561,1612.7571884241995,2396.8040354022487,0.0,0.0,0.0,10836.86036443459
tubeBe25,"nTOF 5 ns, no veto, strict",14.0,oracle: no accidentals,"no MM loss, DREAM",False,10901005783.71244,0.00982794680757513,0.9971690442308984,9.526821584693426,0.0,14736.442022664749,2002.3785412172151,2975.8410022537996,0.0,0.0,0.0,10828.430932749752
tubeBe25,"nTOF 5 ns, no veto, strict",14.0,oracle: no accidentals,"no MM loss, DREAM",False,13545084316.226381,0.008517739376385499,0.9960547133617523,13.291656300875406,0.0,18290.357301597393,2485.282330401458,3693.5099476694036,0.0,0.0,0.0,10816.330221318138
tubeBe25,"nTOF 5 ns, no veto, strict",14.0,oracle: no accidentals,"no MM loss, DREAM",False,16830493696.995401,0.007412100397917735,0.9944404254777377,18.76059124828855,0.0,22689.917041188004,3083.09176091462,4581.946263898423,0.0,0.0,0.0,10798.800390284214
tubeBe25,"nTOF 5 ns, no veto, strict",14.0,oracle: no accidentals,"no MM loss, DREAM",False,20912791051.82548,0.006474858836287926,0.9920835708906504,26.777177984787468,0.0,28126.619480137677,3821.8274938678574,5679.820636151687,0.0,0.0,0.0,10773.206899127961
tubeBe25,"nTOF 5 ns, no veto, strict",14.0,oracle: no accidentals,"no MM loss, DREAM",False,25985264452.18819,0.005677085943486049,0.9886211401076411,38.62358597183355,0.0,34826.859647551384,4732.251944464297,7032.850722007652,0.0,0.0,0.0,10735.607765049186
tubeBe25,"nTOF 5 ns, no veto, strict",14.0,oracle: no accidentals,"no MM loss, DREAM",False,32288084693.086143,0.004995708454984289,0.9835126156631325,56.254278995122746,0.0,43050.62893867167,5849.692581161666,8693.538546921725,0.0,0.0,0.0,10680.13341550368
tubeBe25,"nTOF 5 ns, no veto, strict",14.0,oracle: no accidentals,"no MM loss, DREAM",False,40119676867.86863,0.004412418292211658,0.9759607486398612,82.6556076540184,0.0,53081.97336441905,7212.74539857731,10719.243666512804,0.0,0.0,0.0,10598.126386757738
tubeBe25,"nTOF 5 ns, no veto, strict",14.0,oracle: no accidentals,"no MM loss, DREAM",False,49850850159.80715,0.00391282408203591,0.9648085530537963,122.39952006285411,0.0,65203.51311682216,8859.812651947768,13167.037710025608,0.0,0.0,0.0,10477.022768117673
tubeBe25,"nTOF 5 ns, no veto, strict",14.0,oracle: no accidentals,"no MM loss, DREAM",False,61942354865.91934,0.0034857984625170334,0.9484210749159467,182.4966207514893,0.0,79642.73939226524,10821.805703001675,16082.859692373695,0.0,0.0,0.0,10299.068311745115
tubeBe25,"nTOF 5 ns, no veto, strict",14.0,oracle: no accidentals,"no MM loss, DREAM",False,76966697940.67009,0.0031229789217559834,0.9245853918769934,273.71095952688205,0.0,96473.30655177278,13108.73266032831,19481.583194791543,0.0,0.0,0.0,10040.232511520999
tubeBe25,"nTOF 5 ns, no veto, strict",14.0,oracle: no accidentals,"no MM loss, DREAM",False,95635249979.00362,0.002818377242210756,0.8905108291752541,412.5871498446953,0.0,115455.46222357027,15688.016121342383,23314.793210643453,0.0,0.0,0.0,9670.210948061796
tubeBe25,"nTOF 5 ns, no veto, strict",14.0,oracle: no accidentals,"no MM loss, DREAM",False,118831927096.53207,0.0025680425652648635,0.8430822981338272,624.5765929555644,0.0,135818.95748563742,18454.995143431217,27426.947559492346,0.0,0.0,0.0,9155.176335229446
tubeBe25,"nTOF 5 ns, no veto, strict",14.0,oracle: no accidentals,"no MM loss, DREAM",False,147655042472.05704,0.0023697088153870087,0.7795689202595001,948.859800133156,0.0,156048.6734190152,21203.796313864,31512.086838424395,0.0,0.0,0.0,8465.473591650756
tubeBe25,"nTOF 5 ns, no veto, strict",14.0,oracle: no accidentals,"no MM loss, DREAM",False,183469309133.68265,0.0022223524401815582,0.6988880498679704,1445.7863256766777,0.0,173831.43767150756,23620.10721767309,35103.094689206206,0.0,0.0,0.0,7589.346080790607
tubeBe25,"nTOF 5 ns, no veto, strict",14.0,oracle: no accidentals,"no MM loss, DREAM",False,227970456209.51935,0.0021256188996763457,0.6031036676360091,2208.354812942885,0.0,186392.23660236358,25326.860733956528,37639.591655164324,0.0,0.0,0.0,6549.206925413126
tubeBe25,"nTOF 5 ns, no veto, strict",14.0,oracle: no accidentals,"no MM loss, DREAM",True,283265518084.60077,0.002079170115450598,0.49820177331953597,3379.929090764111,0.0,191318.1892937367,25996.19611010001,38634.3264745736,0.0,0.0,0.0,5410.059131072333
tubeBe25,"nTOF 5 ns, no veto, strict",14.0,oracle: no accidentals,"no MM loss, DREAM",False,351972597984.32916,0.0020821302348028145,0.3930646209069056,5181.580316991534,0.0,187555.62386960175,25484.94106945816,37874.52322996526,0.0,0.0,0.0,4268.3566284196995
tubeBe25,"nTOF 5 ns, no veto, strict",14.0,oracle: no accidentals,"no MM loss, DREAM",False,437344829577.31195,0.0021328528517346457,0.29670262414694615,7954.288624905698,0.0,175914.9161737456,23903.20897571972,35523.82723405917,0.0,0.0,0.0,3221.9450570879076
tubeBe25,"nTOF 5 ns, no veto, strict",14.0,oracle: no accidentals,"no MM loss, DREAM",False,543424405915.04004,0.002229106449824262,0.21538833463248913,12224.083797580368,0.0,158678.6874295481,21561.16097554367,32043.1854249766,0.0,0.0,0.0,2338.9391385357153
tubeBe25,"nTOF 5 ns, no veto, strict",14.0,oracle: no accidentals,"no MM loss, DREAM",False,675233968650.1552,0.002368554075935314,0.1514423133938455,18802.59850529076,0.0,138630.5029819557,18837.026190058685,27994.7041695871,0.0,0.0,0.0,1644.5382459158825
tubeBe25,"nTOF 5 ns, no veto, strict",14.0,oracle: no accidentals,"no MM loss, DREAM",False,839014419404.4929,0.0025492822209615745,0.10389823173808554,28942.291541698127,0.0,118177.5175225129,16057.887295824416,23864.47838950395,0.0,0.0,0.0,1128.248848998743
tubeBe25,"nTOF 5 ns, no veto, strict",14.0,oracle: no accidentals,"no MM loss, DREAM",False,1042520413147.9036,0.0027701899874692064,0.07001002081238414,44576.072196914494,0.0,98946.8689387058,13444.838773075127,19981.088323732907,0.0,0.0,0.0,760.2509116716359
tubeBe25,"nTOF 5 ns, no veto, strict",14.0,oracle: no accidentals,"no MM loss, DREAM",False,1295387524568.9966,0.0030311842233192838,0.0465792354789271,68687.22738287016,0.0,81799.25494909236,11114.831690424582,16518.34116111182,0.0,0.0,0.0,505.811965585905
tubeBe25,"nTOF 5 ns, no veto, strict",14.0,oracle: no accidentals,"no MM loss, DREAM",False,1609588471982.2002,0.003333222298622043,0.030719706193287274,105880.51901042408,0.0,67033.08275808084,9108.41343249469,13536.496521491952,0.0,0.0,0.0,333.59059701350947
tubeBe25,"nTOF 5 ns, no veto, strict",14.0,oracle: no accidentals,"no MM loss, DREAM",False,2000000000000.0002,0.003678271593315762,0.020139919424278337,163263.8644916166,0.0,54606.58358839921,7419.908483908419,11027.119720311786,0.0,0.0,0.0,218.70286461323906
tubeBe25,"nTOF 5 ns, no veto, strict",14.0,oracle: no accidentals,"no MM loss, no dead time",False,1000000000.0,0.06365542213032552,1.0,0.47195599823068357,0.0,1355.680289429854,184.2089912972502,273.7627566428784,0.0,0.0,0.0,10859.172770552217
tubeBe25,"nTOF 5 ns, no veto, strict",14.0,oracle: no accidentals,"no MM loss, no dead time",False,1242553630.827767,0.05258599616048003,1.0,0.5986669933953781,0.0,1684.5054658727029,228.88955096751874,340.164907252027,0.0,0.0,0.0,10859.172770552219
tubeBe25,"nTOF 5 ns, no veto, strict",14.0,oracle: no accidentals,"no MM loss, no dead time",False,1543939525.4832668,0.0435994269661274,1.0,0.7627680372018392,0.0,2093.0883827693465,284.40754261322775,422.67314058619684,0.0,0.0,0.0,10859.172770552217
tubeBe25,"nTOF 5 ns, no veto, strict",14.0,oracle: no accidentals,"no MM loss, no dead time",False,1918427663.1677406,0.03629045771912539,1.0,0.9769485943605815,0.0,2600.7745696534803,353.3916247088703,525.1940454887562,0.0,0.0,0.0,10859.172770552217
tubeBe25,"nTOF 5 ns, no veto, strict",14.0,oracle: no accidentals,"no MM loss, no dead time",False,2383749258.3495045,0.030333056629745034,1.0,1.2589452691052752,0.0,3231.6018844874566,439.1080463861305,652.5817681111774,0.0,0.0,0.0,10859.172770552217
tubeBe25,"nTOF 5 ns, no veto, strict",14.0,oracle: no accidentals,"no MM loss, no dead time",False,2961936295.9451733,0.025465004672902206,1.0,1.6338371676178303,0.0,4015.4386549597416,545.615297362774,810.8678453785471,0.0,0.0,0.0,10859.172770552217
tubeBe25,"nTOF 5 ns, no veto, strict",14.0,oracle: no accidentals,"no MM loss, no dead time",False,3680364698.807223,0.021475480284474976,1.0,2.137480655427982,0.0,4989.3978800863915,677.9562687732864,1007.5467853966022,0.0,0.0,0.0,10859.172770552217
tubeBe25,"nTOF 5 ns, no veto, strict",14.0,oracle: no accidentals,"no MM loss, no dead time",False,4573050519.273255,0.0181950550022548,1.0,2.8216767986276334,0.0,6199.594451545711,842.3970233066929,1251.9309164233935,0.0,0.0,0.0,10859.172770552219
tubeBe25,"nTOF 5 ns, no veto, strict",14.0,oracle: no accidentals,"no MM loss, no dead time",False,5682260526.681813,0.015487626875853684,1.0,3.761981069838612,0.0,7703.328595427835,1046.7234799082385,1555.5913057474277,0.0,0.0,0.0,10859.172770552219
tubeBe25,"nTOF 5 ns, no veto, strict",14.0,oracle: no accidentals,"no MM loss, no dead time",False,7060513448.737786,0.013243910732455039,1.0,5.069551678271102,0.0,9571.79891570822,1300.6100604326568,1932.9056250405733,0.0,0.0,0.0,10859.172770552219
tubeBe25,"nTOF 5 ns, no veto, strict",14.0,oracle: no accidentals,"no MM loss, no dead time",False,8773066621.237415,0.011376180994231834,1.0,6.909182504375806,0.0,11893.473496266528,1616.0777528817193,2401.7389024415784,0.0,0.0,0.0,10859.172770552219
tubeBe25,"nTOF 5 ns, no veto, strict",14.0,oracle: no accidentals,"no MM loss, no dead time",False,10901005783.71244,0.009814025706730393,1.0,9.526821584693426,0.0,14778.278675939795,2008.0632795431595,2984.28939352908,0.0,0.0,0.0,10859.172770552219
tubeBe25,"nTOF 5 ns, no veto, strict",14.0,oracle: no accidentals,"no MM loss, no dead time",False,13545084316.226381,0.008500920309306026,1.0,13.291656300875406,0.0,18362.803826173556,2495.1263189282663,3708.1396213703524,0.0,0.0,0.0,10859.172770552219
tubeBe25,"nTOF 5 ns, no veto, strict",14.0,oracle: no accidentals,"no MM loss, no dead time",False,16830493696.995401,0.007391467618314749,1.0,18.76059124828855,0.0,22816.768566390056,3100.3282669582495,4607.5623501500495,0.0,0.0,0.0,10859.172770552217
tubeBe25,"nTOF 5 ns, no veto, strict",14.0,oracle: no accidentals,"no MM loss, no dead time",False,20912791051.82548,0.006449179031730132,1.0,26.777177984787468,0.0,28351.05862592483,3852.3241448669323,5725.143327444266,0.0,0.0,0.0,10859.172770552217
tubeBe25,"nTOF 5 ns, no veto, strict",14.0,oracle: no accidentals,"no MM loss, no dead time",False,25985264452.18819,0.0056446941516674655,1.0,38.62358597183355,0.0,35227.710833453784,4786.71935332988,7113.797628525235,0.0,0.0,0.0,10859.172770552217
tubeBe25,"nTOF 5 ns, no veto, strict",14.0,oracle: no accidentals,"no MM loss, no dead time",False,32288084693.086143,0.004954354208032215,1.0,56.254278995122746,0.0,43772.320001858665,5947.755512233584,8839.275072297993,0.0,0.0,0.0,10859.172770552219
tubeBe25,"nTOF 5 ns, no veto, strict",14.0,oracle: no accidentals,"no MM loss, no dead time",False,40119676867.86863,0.00435906005225682,1.0,82.6556076540184,0.0,54389.45514806437,7390.405207001702,10983.273334969239,0.0,0.0,0.0,10859.172770552217
tubeBe25,"nTOF 5 ns, no veto, strict",14.0,oracle: no accidentals,"no MM loss, no dead time",False,49850850159.80715,0.0038433584892650146,1.0,122.39952006285411,0.0,67581.81497297164,9182.97482324844,13647.306160739883,0.0,0.0,0.0,10859.172770552217
tubeBe25,"nTOF 5 ns, no veto, strict",14.0,oracle: no accidentals,"no MM loss, no dead time",False,61942354865.91934,0.003394711502711989,1.0,182.4966207514893,0.0,83974.02957259624,11410.338708427322,16957.509821045493,0.0,0.0,0.0,10859.172770552219
tubeBe25,"nTOF 5 ns, no veto, strict",14.0,oracle: no accidentals,"no MM loss, no dead time",False,76966697940.67009,0.0030029117324488677,1.0,273.71095952688205,0.0,104342.23534066777,14177.957791130984,21070.6153979376,0.0,0.0,0.0,10859.172770552217
tubeBe25,"nTOF 5 ns, no veto, strict",14.0,oracle: no accidentals,"no MM loss, no dead time",False,95635249979.00362,0.002659614707559221,1.0,412.5871498446953,0.0,129650.82337123205,17616.87293109262,26181.369666482813,0.0,0.0,0.0,10859.172770552217
tubeBe25,"nTOF 5 ns, no veto, strict",14.0,oracle: no accidentals,"no MM loss, no dead time",False,118831927096.53207,0.0023579641789860783,1.0,624.5765929555644,0.0,161098.1013197339,21889.909424360547,32531.75593913219,0.0,0.0,0.0,10859.172770552217
tubeBe25,"nTOF 5 ns, no veto, strict",14.0,oracle: no accidentals,"no MM loss, no dead time",False,147655042472.05704,0.002092291748665959,1.0,948.859800133156,0.0,200173.0307142957,27199.386433730262,40422.45145937163,0.0,0.0,0.0,10859.172770552217
tubeBe25,"nTOF 5 ns, no veto, strict",14.0,oracle: no accidentals,"no MM loss, no dead time",False,183469309133.68265,0.0018578760729788886,1.0,1445.7863256766777,0.0,248725.72610784622,33796.69636951905,50227.063827801394,0.0,0.0,0.0,10859.172770552219
tubeBe25,"nTOF 5 ns, no veto, strict",14.0,oracle: no accidentals,"no MM loss, no dead time",False,227970456209.51935,0.001650750310617793,1.0,2208.354812942885,0.0,309055.054055577,41994.20778392951,62409.820525052615,0.0,0.0,0.0,10859.172770552217
tubeBe25,"nTOF 5 ns, no veto, strict",14.0,oracle: no accidentals,"no MM loss, no dead time",False,283265518084.60077,0.0014675491621734711,1.0,3379.929090764111,0.0,384017.4795424292,52180.0553556573,77547.54909271345,0.0,0.0,0.0,10859.172770552217
tubeBe25,"nTOF 5 ns, no veto, strict",14.0,oracle: no accidentals,"no MM loss, no dead time",False,351972597984.32916,0.0013053887583820312,1.0,5181.580316991534,0.0,477162.31350677303,64836.51723896585,96356.9886869456,0.0,0.0,0.0,10859.172770552217
tubeBe25,"nTOF 5 ns, no veto, strict",14.0,oracle: no accidentals,"no MM loss, no dead time",False,437344829577.31195,0.0011617738253651031,1.0,7954.288624905698,0.0,592899.7651420204,80562.84990550444,119728.72614859481,0.0,0.0,0.0,10859.172770552219
tubeBe25,"nTOF 5 ns, no veto, strict",14.0,oracle: no accidentals,"no MM loss, no dead time",False,543424405915.04004,0.0010345271617502438,1.0,12224.083797580368,0.0,736709.7558941479,100103.661659917,148769.36339031986,0.0,0.0,0.0,10859.172770552219
tubeBe25,"nTOF 5 ns, no veto, strict",14.0,oracle: no accidentals,"no MM loss, no dead time",False,675233968650.1552,0.0009217367897383947,1.0,18802.59850529076,0.0,915401.3820525114,124384.16825468416,184853.91263657747,0.0,0.0,0.0,10859.172770552219
tubeBe25,"nTOF 5 ns, no veto, strict",14.0,oracle: no accidentals,"no MM loss, no dead time",False,839014419404.4929,0.0008217164766172874,1.0,28942.291541698127,0.0,1137435.310934104,154553.9998823497,229690.90031929815,0.0,0.0,0.0,10859.172770552219
tubeBe25,"nTOF 5 ns, no veto, strict",14.0,oracle: no accidentals,"no MM loss, no dead time",False,1042520413147.9036,0.0007329758378733507,1.0,44576.072196914494,0.0,1413324.3754328806,192041.63371276783,285403.26215984265,0.0,0.0,0.0,10859.172770552217
tubeBe25,"nTOF 5 ns, no veto, strict",14.0,oracle: no accidentals,"no MM loss, no dead time",False,1295387524568.9966,0.0006541969422464457,1.0,68687.22738287016,0.0,1756131.3342315194,238622.02923989674,354628.859646803,0.0,0.0,0.0,10859.172770552217
tubeBe25,"nTOF 5 ns, no veto, strict",14.0,oracle: no accidentals,"no MM loss, no dead time",False,1609588471982.2002,0.0005842151397401905,1.0,105880.51901042408,0.0,2182087.365559786,296500.6688275234,440645.37715044565,0.0,0.0,0.0,10859.172770552217
tubeBe25,"nTOF 5 ns, no veto, strict",14.0,oracle: no accidentals,"no MM loss, no dead time",True,2000000000000.0002,0.0005220025896372326,1.0,163263.8644916166,0.0,2711360.578859709,368417.9825945005,547525.5132857569,0.0,0.0,0.0,10859.172770552219
tubeBe25,"nTOF 5 ns, no veto, strict",14.0,oracle: IPC only,MM occ + DREAM,False,1000000000.0,0.022980725219554167,0.9998593768901674,0.47195599823068357,0.0061251586976635965,1338.9857663177506,181.94054992014463,270.3915055421268,0.0,0.0,0.0,0.0
tubeBe25,"nTOF 5 ns, no veto, strict",14.0,oracle: IPC only,MM occ + DREAM,False,1242553630.827767,0.020647124621644634,0.9998216290578372,0.5986669933953781,0.007610838179178178,1658.7627040642974,225.3916405657041,334.96647699437824,0.0,0.0,0.0,0.0
tubeBe25,"nTOF 5 ns, no veto, strict",14.0,oracle: IPC only,MM occ + DREAM,False,1543939525.4832668,0.018557281168991028,0.9997727467806786,0.7627680372018392,0.009456874613180438,2053.405515871616,279.0154594354984,414.6596796558297,0.0,0.0,0.0,0.0
tubeBe25,"nTOF 5 ns, no veto, strict",14.0,oracle: IPC only,MM occ + DREAM,False,1918427663.1677406,0.016686560099415642,0.9997089540512858,0.9769485943605815,0.011750673886890335,2539.6261266937217,345.0828124580469,512.8458787125586,0.0,0.0,0.0,0.0
tubeBe25,"nTOF 5 ns, no veto, strict",14.0,oracle: IPC only,MM occ + DREAM,False,2383749258.3495045,0.015012924481647932,0.9996249750063172,1.2589452691052752,0.014600842502828615,3137.4211523851736,426.3108273106107,633.5631417846057,0.0,0.0,0.0,0.0
tubeBe25,"nTOF 5 ns, no veto, strict",14.0,oracle: IPC only,MM occ + DREAM,False,2961936295.9451733,0.013516679800348508,0.9995133534642068,1.6338371676178303,0.018142329865034074,3870.4669967312366,525.9166389569682,781.5926238523745,0.0,0.0,0.0,0.0
tubeBe25,"nTOF 5 ns, no veto, strict",14.0,oracle: IPC only,MM occ + DREAM,False,3680364698.807223,0.012180248098671409,0.9993634362362162,2.137480655427982,0.022542817845473122,4766.407302345302,647.6564482958845,962.5166143866938,0.0,0.0,0.0,0.0
tubeBe25,"nTOF 5 ns, no veto, strict",14.0,oracle: IPC only,MM occ + DREAM,False,4573050519.273255,0.01098796983369319,0.9991598467649944,2.8216767986276334,0.028010660162981607,5856.9093640684505,795.8331875786212,1182.7299293325243,0.0,0.0,0.0,0.0
tubeBe25,"nTOF 5 ns, no veto, strict",14.0,oracle: IPC only,MM occ + DREAM,False,5682260526.681813,0.009925932306746193,0.9988801850325555,3.761981069838612,0.034804747487395635,7177.295086414609,975.2463751370011,1449.3653875594812,0.0,0.0,0.0,0.0
tubeBe25,"nTOF 5 ns, no veto, strict",14.0,oracle: IPC only,MM occ + DREAM,False,7060513448.737786,0.008981824418825135,0.99849155245141,5.069551678271102,0.04324676536050705,8765.451643843435,1191.0440965814232,1770.0738322658876,0.0,0.0,0.0,0.0
tubeBe25,"nTOF 5 ns, no veto, strict",14.0,oracle: IPC only,MM occ + DREAM,False,8773066621.237415,0.008144818694760345,0.9979452941223906,6.909182504375806,0.053736425320254536,10659.591888798908,1448.4186904434582,2152.571873264409,0.0,0.0,0.0,0.0
tubeBe25,"nTOF 5 ns, no veto, strict",14.0,oracle: IPC only,MM occ + DREAM,False,10901005783.71244,0.007405483221767965,0.9971690442308984,9.526821584693426,0.06677039038938742,12894.26571590791,1752.0647748334857,2603.836431639258,0.0,0.0,0.0,0.0
tubeBe25,"nTOF 5 ns, no veto, strict",14.0,oracle: IPC only,MM occ + DREAM,False,13545084316.226381,0.006755728699463224,0.9960547133617523,13.291656300875406,0.08296579101012079,15493.838295148858,2105.293073835574,3128.78775012862,0.0,0.0,0.0,0.0
tubeBe25,"nTOF 5 ns, no veto, strict",14.0,oracle: IPC only,MM occ + DREAM,False,16830493696.995401,0.006188799787421366,0.9944404254777377,18.76059124828855,0.10308944485412372,18462.501939217127,2508.673236281265,3728.2724140883024,0.0,0.0,0.0,0.0
tubeBe25,"nTOF 5 ns, no veto, strict",14.0,oracle: IPC only,MM occ + DREAM,False,20912791051.82548,0.005699326401868133,0.9920835708906504,26.777177984787468,0.12809416400351029,21769.896312553137,2958.0799187304538,4396.159531728998,0.0,0.0,0.0,0.0
tubeBe25,"nTOF 5 ns, no veto, strict",14.0,oracle: IPC only,MM occ + DREAM,False,25985264452.18819,0.005283461439005536,0.9886211401076411,38.62358597183355,0.15916386857040915,25331.816653505844,3442.071430743955,5115.444999758967,0.0,0.0,0.0,0.0
tubeBe25,"nTOF 5 ns, no veto, strict",14.0,oracle: IPC only,MM occ + DREAM,False,32288084693.086143,0.004939150098661688,0.9835126156631325,56.254278995122746,0.19776964278875545,28986.713060954302,3938.6964726225024,5853.505826893988,0.0,0.0,0.0,0.0
tubeBe25,"nTOF 5 ns, no veto, strict",14.0,oracle: IPC only,MM occ + DREAM,False,40119676867.86863,0.004666609279750963,0.9759607486398612,82.6556076540184,0.24573938771467851,32471.364561046626,4412.188742783351,6557.187814485783,0.0,0.0,0.0,0.0
tubeBe25,"nTOF 5 ns, no veto, strict",14.0,oracle: IPC only,MM occ + DREAM,False,49850850159.80715,0.004469156742219749,0.9648085530537963,122.39952006285411,0.3053443684422675,35403.99308381863,4810.672475446138,7149.395634325989,0.0,0.0,0.0,0.0
tubeBe25,"nTOF 5 ns, no veto, strict",14.0,oracle: IPC only,MM occ + DREAM,False,61942354865.91934,0.004354646189754761,0.9484210749159467,182.4966207514893,0.37940675366075083,37290.45398177161,5067.003604432139,7530.342926802892,0.0,0.0,0.0,0.0
tubeBe25,"nTOF 5 ns, no veto, strict",14.0,oracle: IPC only,MM occ + DREAM,True,76966697940.67009,0.004337994355543227,0.9245853918769934,273.71095952688205,0.47143323932174225,37577.28988100335,5105.978687331322,7588.265865632992,0.0,0.0,0.0,0.0
tubeBe25,"nTOF 5 ns, no veto, strict",14.0,oracle: IPC only,MM occ + DREAM,False,95635249979.00362,0.004445759446934918,0.8905108291752541,412.5871498446953,0.5857810832121263,35777.62438122113,4861.441262857323,7224.845823240354,0.0,0.0,0.0,0.0
tubeBe25,"nTOF 5 ns, no veto, strict",14.0,oracle: IPC only,MM occ + DREAM,False,118831927096.53207,0.0047247519337535486,0.8430822981338272,624.5765929555644,0.7278644118154498,31677.09866852836,4304.264389214612,6396.795705860625,0.0,0.0,0.0,0.0
tubeBe25,"nTOF 5 ns, no veto, strict",14.0,oracle: IPC only,MM occ + DREAM,False,147655042472.05704,0.005258988104882225,0.7795689202595001,948.859800133156,0.9044105676516079,25568.134559470884,3474.182160259397,5163.166458782518,0.0,0.0,0.0,0.0
tubeBe25,"nTOF 5 ns, no veto, strict",14.0,oracle: IPC only,MM occ + DREAM,False,183469309133.68265,0.006204951753473562,0.6988880498679704,1445.7863256766777,1.1237786345945076,18366.508419778034,2495.629696794248,3708.8877179277124,0.0,0.0,0.0,0.0
tubeBe25,"nTOF 5 ns, no veto, strict",14.0,oracle: IPC only,MM occ + DREAM,False,227970456209.51935,0.007869862929714542,0.6031036676360091,2208.354812942885,1.3963552226620757,11417.449087814317,1551.3958534711064,2305.6116995138286,0.0,0.0,0.0,0.0
tubeBe25,"nTOF 5 ns, no veto, strict",14.0,oracle: IPC only,MM occ + DREAM,False,283265518084.60077,0.010899199253286395,0.49820177331953597,3379.929090764111,1.7350462518440772,5952.703289793833,808.8496063964369,1202.0743200275112,0.0,0.0,0.0,0.0
tubeBe25,"nTOF 5 ns, no veto, strict",14.0,oracle: IPC only,MM occ + DREAM,False,351972597984.32916,0.016767832818038654,0.3930646209069056,5181.580316991534,2.1558880198829664,2515.066947011153,341.7457264565115,507.88645812998516,0.0,0.0,0.0,0.0
tubeBe25,"nTOF 5 ns, no veto, strict",14.0,oracle: IPC only,MM occ + DREAM,False,437344829577.31195,0.029207289310426966,0.29670262414694615,7954.288624905698,2.6788064867636754,828.9358359237453,112.63528383220397,167.3932720656372,0.0,0.0,0.0,0.0
tubeBe25,"nTOF 5 ns, no veto, strict",14.0,oracle: IPC only,MM occ + DREAM,False,543424405915.04004,0.058893581591942655,0.21538833463248913,12224.083797580368,3.3285607264131802,203.87664915537337,27.70263179511835,41.17035109462359,0.0,0.0,0.0,0.0
tubeBe25,"nTOF 5 ns, no veto, strict",14.0,oracle: IPC only,MM occ + DREAM,False,675233968650.1552,0.14126268821758312,0.1514423133938455,18802.59850529076,4.135915216035406,35.43630957515078,4.815063620111275,7.155921547420023,0.0,0.0,0.0,0.0
tubeBe25,"nTOF 5 ns, no veto, strict",14.0,oracle: IPC only,MM occ + DREAM,False,839014419404.4929,0.4172203825497338,0.10389823173808554,28942.291541698127,5.139096468480602,4.062303681018976,0.5519832878431267,0.8203316539358823,0.0,0.0,0.0,0.0
tubeBe25,"nTOF 5 ns, no veto, strict",14.0,oracle: IPC only,MM occ + DREAM,False,1042520413147.9036,1.5859256317957713,0.07001002081238414,44576.072196914494,6.385602976084727,0.28114980312240123,0.038202459710009504,0.05677470251098877,0.0,0.0,0.0,0.0
tubeBe25,"nTOF 5 ns, no veto, strict",14.0,oracle: IPC only,MM occ + DREAM,False,1295387524568.9966,8.208554689114427,0.0465792354789271,68687.22738287016,7.934454162958706,0.010494699995683934,0.001426013282958646,0.0021192740083037817,0.0,0.0,0.0,0.0
tubeBe25,"nTOF 5 ns, no veto, strict",14.0,oracle: IPC only,MM occ + DREAM,False,1609588471982.2002,62.131211526953685,0.030719706193287274,105880.51901042408,9.858984828820832,0.00018318241311271382,2.4890711922263417e-05,3.6991407762756224e-05,0.0,0.0,0.0,0.0
tubeBe25,"nTOF 5 ns, no veto, strict",14.0,oracle: IPC only,MM occ + DREAM,False,2000000000000.0002,752.2712308687404,0.020139919424278337,163263.8644916166,12.250317395327196,1.249552516367975e-06,1.6978841575537666e-07,2.523315741315441e-07,0.0,0.0,0.0,0.0
tubeBe25,"nTOF 5 ns, no veto, strict",14.0,oracle: IPC only,"MM occ ÷10, DAQ 10 µs",False,1000000000.0,0.022852836175352484,0.9999952804622918,0.47195599823068357,0.0006125158697663597,1354.0141645168999,183.98259928433723,273.426303459456,0.0,0.0,0.0,0.0
tubeBe25,"nTOF 5 ns, no veto, strict",14.0,oracle: IPC only,"MM occ ÷10, DAQ 10 µs",False,1242553630.827767,0.020504412599679927,0.999994013365906,0.5986669933953781,0.0007610838179178179,1681.93324749596,228.54003954047326,339.64547977418056,0.0,0.0,0.0,0.0
tubeBe25,"nTOF 5 ns, no veto, strict",14.0,oracle: IPC only,"MM occ ÷10, DAQ 10 µs",False,1543939525.4832668,0.018397986238007015,0.999992372377809,0.7627680372018392,0.0009456874613180438,2089.1173742141227,283.8679644500766,421.8712448463186,0.0,0.0,0.0,0.0
tubeBe25,"nTOF 5 ns, no veto, strict",14.0,oracle: IPC only,"MM occ ÷10, DAQ 10 µs",False,1918427663.1677406,0.016508697199048825,0.9999902306094983,0.9769485943605815,0.0011750673886890336,2594.6442271383667,352.558637595448,523.9560991387295,0.0,0.0,0.0,0.0
tubeBe25,"nTOF 5 ns, no veto, strict",14.0,oracle: IPC only,"MM occ ÷10, DAQ 10 µs",False,2383749258.3495045,0.014814248453554505,0.9999874107058013,1.2589452691052752,0.0014600842502828617,3222.1382626538884,437.8221353600779,650.6707075011033,0.0,0.0,0.0,0.0
tubeBe25,"nTOF 5 ns, no veto, strict",14.0,oracle: IPC only,"MM occ ÷10, DAQ 10 µs",False,2961936295.9451733,0.013294642749681024,0.9999836618952618,1.6338371676178303,0.0018142329865034074,4000.82980660899,543.630256170032,807.9177703298338,0.0,0.0,0.0,0.0
tubeBe25,"nTOF 5 ns, no veto, strict",14.0,oracle: IPC only,"MM occ ÷10, DAQ 10 µs",False,3680364698.807223,0.011931946697139258,0.9999786256503183,2.137480655427982,0.0022542817845473124,4966.84733115576,674.8921142642184,1002.99298278754,0.0,0.0,0.0,0.0
tubeBe25,"nTOF 5 ns, no veto, strict",14.0,oracle: IPC only,"MM occ ÷10, DAQ 10 µs",False,4573050519.273255,0.010710079246160058,0.9999717840281772,2.8216767986276334,0.002801066016298161,6164.786656788055,837.667361887564,1244.9019156185477,0.0,0.0,0.0,0.0
tubeBe25,"nTOF 5 ns, no veto, strict",14.0,oracle: IPC only,"MM occ ÷10, DAQ 10 µs",False,5682260526.681813,0.009614622079352306,0.9999623816044986,3.761981069838612,0.0034804747487395637,7649.604536838123,1039.42348837014,1544.7424009634328,0.0,0.0,0.0,0.0
tubeBe25,"nTOF 5 ns, no veto, strict",14.0,oracle: IPC only,"MM occ ÷10, DAQ 10 µs",False,7060513448.737786,0.008632649698928605,0.9999493070531225,5.069551678271102,0.004324676536050705,9488.885012781318,1289.3437710709482,1916.162194597372,0.0,0.0,0.0,0.0
tubeBe25,"nTOF 5 ns, no veto, strict",14.0,oracle: IPC only,"MM occ ÷10, DAQ 10 µs",False,8773066621.237415,0.007752577232386135,0.9999309129483068,6.909182504375806,0.005373642532025454,11765.522463397414,1598.6918464227754,2375.900784305123,0.0,0.0,0.0,0.0
tubeBe25,"nTOF 5 ns, no veto, strict",14.0,oracle: IPC only,"MM occ ÷10, DAQ 10 µs",False,10901005783.71244,0.006964024200420227,0.9999047408593214,9.526821584693426,0.006677039038938743,14580.851166445891,1981.2369528186666,2944.421365899262,0.0,0.0,0.0,0.0
tubeBe25,"nTOF 5 ns, no veto, strict",14.0,oracle: IPC only,"MM occ ÷10, DAQ 10 µs",False,13545084316.226381,0.006257692695723699,0.9998671011014559,13.291656300875406,0.008296579101012079,18058.22069826018,2453.739753676453,3646.6328506555956,0.0,0.0,0.0,0.0
tubeBe25,"nTOF 5 ns, no veto, strict",14.0,oracle: IPC only,"MM occ ÷10, DAQ 10 µs",False,16830493696.995401,0.00562525861503119,0.9998124292768938,18.76059124828855,0.010308944485412372,22346.959058726436,3036.490844386465,4512.690169062932,0.0,0.0,0.0,0.0
tubeBe25,"nTOF 5 ns, no veto, strict",14.0,oracle: IPC only,"MM occ ÷10, DAQ 10 µs",False,20912791051.82548,0.00505927477492062,0.9997322999026838,26.777177984787468,0.012809416400351029,27626.56478523061,3753.880374137271,5578.840816044139,0.0,0.0,0.0,0.0
tubeBe25,"nTOF 5 ns, no veto, strict",14.0,oracle: IPC only,"MM occ ÷10, DAQ 10 µs",False,25985264452.18819,0.004553084931741713,0.9996139132608252,38.62358597183355,0.015916386857040915,34110.80094787478,4634.9543354295565,6888.251582321092,0.0,0.0,0.0,0.0
tubeBe25,"nTOF 5 ns, no veto, strict",14.0,oracle: IPC only,"MM occ ÷10, DAQ 10 µs",False,32288084693.086143,0.00410074792757602,0.9994377734865203,56.254278995122746,0.019776964278875545,42051.09140436509,5713.87604506982,8491.694385806954,0.0,0.0,0.0,0.0
tubeBe25,"nTOF 5 ns, no veto, strict",14.0,oracle: IPC only,"MM occ ÷10, DAQ 10 µs",False,40119676867.86863,0.0036969714117403,0.9991741265541749,82.6556076540184,0.02457393877146785,51738.19052420607,7030.153025251376,10447.883451619648,0.0,0.0,0.0,0.0
tubeBe25,"nTOF 5 ns, no veto, strict",14.0,oracle: IPC only,"MM occ ÷10, DAQ 10 µs",False,49850850159.80715,0.0033370548626730674,0.9987775011321185,122.39952006285411,0.03053443684422675,63500.43886700757,8628.399986211805,12823.123068032235,0.0,0.0,0.0,0.0
tubeBe25,"nTOF 5 ns, no veto, strict",14.0,oracle: IPC only,"MM occ ÷10, DAQ 10 µs",False,61942354865.91934,0.003016841991692055,0.9981783582271627,182.4966207514893,0.03794067536607509,77695.93392548533,10557.274991680111,15689.726565493726,0.0,0.0,0.0,0.0
tubeBe25,"nTOF 5 ns, no veto, strict",14.0,oracle: IPC only,"MM occ ÷10, DAQ 10 µs",False,76966697940.67009,0.002732683101589275,0.9972703617238484,273.71095952688205,0.04714332393217423,94694.52672524654,12867.033168096184,19122.380754092665,0.0,0.0,0.0,0.0
tubeBe25,"nTOF 5 ns, no veto, strict",14.0,oracle: IPC only,"MM occ ÷10, DAQ 10 µs",False,95635249979.00362,0.0024814086864041636,0.9958910813718106,412.5871498446953,0.05857810832121263,114843.60687814296,15604.87759902279,23191.236641047453,0.0,0.0,0.0,0.0
tubeBe25,"nTOF 5 ns, no veto, strict",14.0,oracle: IPC only,"MM occ ÷10, DAQ 10 µs",False,118831927096.53207,0.0022603166382857043,0.993793001530013,624.5765929555644,0.07278644118154498,138409.167486708,18806.95126115712,27950.008221881457,0.0,0.0,0.0,0.0
tubeBe25,"nTOF 5 ns, no veto, strict",14.0,oracle: IPC only,"MM occ ÷10, DAQ 10 µs",False,147655042472.05704,0.0020671771163309396,0.9906005892289246,948.859800133156,0.09044105676516079,165480.9642478858,22485.45010256022,33416.82054216139,0.0,0.0,0.0,0.0
tubeBe25,"nTOF 5 ns, no veto, strict",14.0,oracle: IPC only,"MM occ ÷10, DAQ 10 µs",False,183469309133.68265,0.0019002618471422581,0.9857481874995262,1445.7863256766777,0.11237786345945076,195828.7819441969,26609.092623217784,39545.18450482675,0.0,0.0,0.0,0.0
tubeBe25,"nTOF 5 ns, no veto, strict",14.0,oracle: IPC only,"MM occ ÷10, DAQ 10 µs",False,227970456209.51935,0.0017584090924039092,0.9783935978914394,2208.354812942885,0.13963552226620757,228698.63829075635,31075.42818101489,46182.84277429524,0.0,0.0,0.0,0.0
tubeBe25,"nTOF 5 ns, no veto, strict",14.0,oracle: IPC only,"MM occ ÷10, DAQ 10 µs",False,283265518084.60077,0.0016411430199555648,0.9673057515081418,3379.929090764111,0.17350462518440773,262549.1159614748,35675.00995207949,53018.525311740275,0.0,0.0,0.0,0.0
tubeBe25,"nTOF 5 ns, no veto, strict",14.0,oracle: IPC only,"MM occ ÷10, DAQ 10 µs",False,351972597984.32916,0.0015488790843754736,0.9507368086562731,5181.580316991534,0.21558880198829666,294759.89273036545,40051.79018836489,59523.09066583896,0.0,0.0,0.0,0.0
tubeBe25,"nTOF 5 ns, no veto, strict",14.0,oracle: IPC only,"MM occ ÷10, DAQ 10 µs",False,437344829577.31195,0.0014832696430903587,0.9263179932337529,7954.288624905698,0.26788064867636757,321412.82600373554,43673.374120565626,64905.3187194792,0.0,0.0,0.0,0.0
tubeBe25,"nTOF 5 ns, no veto, strict",14.0,oracle: IPC only,"MM occ ÷10, DAQ 10 µs",True,543424405915.04004,0.0014477850557183662,0.8910743275068382,12224.083797580368,0.33285607264131806,337361.28430074855,45840.44067640867,68125.91131910347,0.0,0.0,0.0,0.0
tubeBe25,"nTOF 5 ns, no veto, strict",14.0,oracle: IPC only,"MM occ ÷10, DAQ 10 µs",False,675233968650.1552,0.0014487031810501995,0.8417324305877586,18802.59850529076,0.4135915216035406,336933.8098597907,45782.355716268605,68039.58817767887,0.0,0.0,0.0,0.0
tubeBe25,"nTOF 5 ns, no veto, strict",14.0,oracle: IPC only,"MM occ ÷10, DAQ 10 µs",False,839014419404.4929,0.0014968358381628874,0.7755407384524525,28942.291541698127,0.5139096468480603,315613.1390612609,42885.316279905885,63734.14414578581,0.0,0.0,0.0,0.0
tubeBe25,"nTOF 5 ns, no veto, strict",14.0,oracle: IPC only,"MM occ ÷10, DAQ 10 µs",False,1042520413147.9036,0.0016106538313017803,0.6916773881074781,44576.072196914494,0.6385602976084728,272583.14639739983,37038.427742881046,55044.77283764671,0.0,0.0,0.0,0.0
tubeBe25,"nTOF 5 ns, no veto, strict",14.0,oracle: IPC only,"MM occ ÷10, DAQ 10 µs",False,1295387524568.9966,0.0018222303685322427,0.5928131106988292,68687.22738287016,0.7934454162958706,212959.42227906385,28936.79333625903,43004.50404918862,0.0,0.0,0.0,0.0
tubeBe25,"nTOF 5 ns, no veto, strict",14.0,oracle: IPC only,"MM occ ÷10, DAQ 10 µs",False,1609588471982.2002,0.002189240837700555,0.4857186123323151,105880.51901042408,0.9858984828820833,147542.22843928725,20047.945881089578,29794.316177422395,0.0,0.0,0.0,0.0
tubeBe25,"nTOF 5 ns, no veto, strict",14.0,oracle: IPC only,"MM occ ÷10, DAQ 10 µs",False,2000000000000.0002,0.0028208384976678345,0.3798470412683029,163263.8644916166,1.2250317395327197,88868.32120952386,12075.37200026058,17945.851084679995,0.0,0.0,0.0,0.0
tubeBe25,"nTOF 5 ns, no veto, strict",14.0,oracle: IPC only,"no MM loss, DREAM",False,1000000000.0,0.02284039484225017,0.9998593768901674,0.47195599823068357,0.0,1355.4896494516156,184.1830872560349,273.724259272683,0.0,0.0,0.0,0.0
tubeBe25,"nTOF 5 ns, no veto, strict",14.0,oracle: IPC only,"no MM loss, DREAM",False,1242553630.827767,0.020490579173974288,0.9998216290578372,0.5986669933953781,0.0,1684.2049990456771,228.84872372266153,340.10423171702985,0.0,0.0,0.0,0.0
tubeBe25,"nTOF 5 ns, no veto, strict",14.0,oracle: IPC only,"no MM loss, DREAM",False,1543939525.4832668,0.018382614489993076,0.9997727467806786,0.7627680372018392,0.0,2092.6127216960376,284.34291008356956,422.5770867542779,0.0,0.0,0.0,0.0
tubeBe25,"nTOF 5 ns, no veto, strict",14.0,oracle: IPC only,"no MM loss, DREAM",False,1918427663.1677406,0.016491629300489315,0.9997089540512858,0.9769485943605815,0.0,2600.017624751464,353.28877150818926,525.0411898895278,0.0,0.0,0.0,0.0
tubeBe25,"nTOF 5 ns, no veto, strict",14.0,oracle: IPC only,"no MM loss, DREAM",False,2383749258.3495045,0.014795315637902717,0.9996249750063172,1.2589452691052752,0.0,3230.38995301114,438.9433698938084,652.3370336377137,0.0,0.0,0.0,0.0
tubeBe25,"nTOF 5 ns, no veto, strict",14.0,oracle: IPC only,"no MM loss, DREAM",False,2961936295.9451733,0.013273666813106894,0.9995133534642068,1.6338371676178303,0.0,4013.4845556486157,545.3497755684367,810.4732393506077,0.0,0.0,0.0,0.0
tubeBe25,"nTOF 5 ns, no veto, strict",14.0,oracle: IPC only,"no MM loss, DREAM",False,3680364698.807223,0.011908742730175042,0.9993634362362162,2.137480655427982,0.0,4986.22181019283,677.5247063791554,1006.9054176227017,0.0,0.0,0.0,0.0
tubeBe25,"nTOF 5 ns, no veto, strict",14.0,oracle: IPC only,"no MM loss, DREAM",False,4573050519.273255,0.010684460142352704,0.9991598467649944,2.8216767986276334,0.0,6194.385842211523,841.6892807224025,1250.8791026139565,0.0,0.0,0.0,0.0
tubeBe25,"nTOF 5 ns, no veto, strict",14.0,oracle: IPC only,"no MM loss, DREAM",False,5682260526.681813,0.009586405583855187,0.9988801850325555,3.761981069838612,0.0,7694.7022927675325,1045.5513432886614,1553.8493313200254,0.0,0.0,0.0,0.0
tubeBe25,"nTOF 5 ns, no veto, strict",14.0,oracle: IPC only,"no MM loss, DREAM",False,7060513448.737786,0.00860166905849573,0.99849155245141,5.069551678271102,0.0,9557.360359098222,1298.6481583753255,1929.9899382888243,0.0,0.0,0.0,0.0
tubeBe25,"nTOF 5 ns, no veto, strict",14.0,oracle: IPC only,"no MM loss, DREAM",False,8773066621.237415,0.007718696918028645,0.9979452941223906,6.909182504375806,0.0,11869.035906368561,1612.7571884241995,2396.8040354022487,0.0,0.0,0.0,0.0
tubeBe25,"nTOF 5 ns, no veto, strict",14.0,oracle: IPC only,"no MM loss, DREAM",False,10901005783.71244,0.006927162733127193,0.9971690442308984,9.526821584693426,0.0,14736.442022664749,2002.3785412172151,2975.8410022537996,0.0,0.0,0.0,0.0
tubeBe25,"nTOF 5 ns, no veto, strict",14.0,oracle: IPC only,"no MM loss, DREAM",False,13545084316.226381,0.006217855361771849,0.9960547133617523,13.291656300875406,0.0,18290.357301597393,2485.282330401458,3693.5099476694036,0.0,0.0,0.0,0.0
tubeBe25,"nTOF 5 ns, no veto, strict",14.0,oracle: IPC only,"no MM loss, DREAM",False,16830493696.995401,0.005582583865977898,0.9944404254777377,18.76059124828855,0.0,22689.917041188004,3083.09176091462,4581.946263898423,0.0,0.0,0.0,0.0
tubeBe25,"nTOF 5 ns, no veto, strict",14.0,oracle: IPC only,"no MM loss, DREAM",False,20912791051.82548,0.0050140994236258785,0.9920835708906504,26.777177984787468,0.0,28126.619480137677,3821.8274938678574,5679.820636151687,0.0,0.0,0.0,0.0
tubeBe25,"nTOF 5 ns, no veto, strict",14.0,oracle: IPC only,"no MM loss, DREAM",False,25985264452.18819,0.004506034912222875,0.9886211401076411,38.62358597183355,0.0,34826.859647551384,4732.251944464297,7032.850722007652,0.0,0.0,0.0,0.0
tubeBe25,"nTOF 5 ns, no veto, strict",14.0,oracle: IPC only,"no MM loss, DREAM",False,32288084693.086143,0.004052863339838097,0.9835126156631325,56.254278995122746,0.0,43050.62893867167,5849.692581161666,8693.538546921725,0.0,0.0,0.0,0.0
tubeBe25,"nTOF 5 ns, no veto, strict",14.0,oracle: IPC only,"no MM loss, DREAM",False,40119676867.86863,0.0036498765896231288,0.9759607486398612,82.6556076540184,0.0,53081.97336441905,7212.74539857731,10719.243666512804,0.0,0.0,0.0,0.0
tubeBe25,"nTOF 5 ns, no veto, strict",14.0,oracle: IPC only,"no MM loss, DREAM",False,49850850159.80715,0.0032931856340119928,0.9648085530537963,122.39952006285411,0.0,65203.51311682216,8859.812651947768,13167.037710025608,0.0,0.0,0.0,0.0
tubeBe25,"nTOF 5 ns, no veto, strict",14.0,oracle: IPC only,"no MM loss, DREAM",False,61942354865.91934,0.0029797416765451413,0.9484210749159467,182.4966207514893,0.0,79642.73939226524,10821.805703001675,16082.859692373695,0.0,0.0,0.0,0.0
tubeBe25,"nTOF 5 ns, no veto, strict",14.0,oracle: IPC only,"no MM loss, DREAM",False,76966697940.67009,0.0027073732162218736,0.9245853918769934,273.71095952688205,0.0,96473.30655177278,13108.73266032831,19481.583194791543,0.0,0.0,0.0,0.0
tubeBe25,"nTOF 5 ns, no veto, strict",14.0,oracle: IPC only,"no MM loss, DREAM",False,95635249979.00362,0.0024748248488211644,0.8905108291752541,412.5871498446953,0.0,115455.46222357027,15688.016121342383,23314.793210643453,0.0,0.0,0.0,0.0
tubeBe25,"nTOF 5 ns, no veto, strict",14.0,oracle: IPC only,"no MM loss, DREAM",False,118831927096.53207,0.0022817681503536262,0.8430822981338272,624.5765929555644,0.0,135818.95748563742,18454.995143431217,27426.947559492346,0.0,0.0,0.0,0.0
tubeBe25,"nTOF 5 ns, no veto, strict",14.0,oracle: IPC only,"no MM loss, DREAM",False,147655042472.05704,0.002128735337431315,0.7795689202595001,948.859800133156,0.0,156048.6734190152,21203.796313864,31512.086838424395,0.0,0.0,0.0,0.0
tubeBe25,"nTOF 5 ns, no veto, strict",14.0,oracle: IPC only,"no MM loss, DREAM",False,183469309133.68265,0.002016914782808898,0.6988880498679704,1445.7863256766777,0.0,173831.43767150756,23620.10721767309,35103.094689206206,0.0,0.0,0.0,0.0
tubeBe25,"nTOF 5 ns, no veto, strict",14.0,oracle: IPC only,"no MM loss, DREAM",False,227970456209.51935,0.001947770573369769,0.6031036676360091,2208.354812942885,0.0,186392.23660236358,25326.860733956528,37639.591655164324,0.0,0.0,0.0,0.0
tubeBe25,"nTOF 5 ns, no veto, strict",14.0,oracle: IPC only,"no MM loss, DREAM",True,283265518084.60077,0.0019225320085333544,0.49820177331953597,3379.929090764111,0.0,191318.1892937367,25996.19611010001,38634.3264745736,0.0,0.0,0.0,0.0
tubeBe25,"nTOF 5 ns, no veto, strict",14.0,oracle: IPC only,"no MM loss, DREAM",False,351972597984.32916,0.0019417202712391083,0.3930646209069056,5181.580316991534,0.0,187555.62386960175,25484.94106945816,37874.52322996526,0.0,0.0,0.0,0.0
tubeBe25,"nTOF 5 ns, no veto, strict",14.0,oracle: IPC only,"no MM loss, DREAM",False,437344829577.31195,0.0020049353688990964,0.29670262414694615,7954.288624905698,0.0,175914.9161737456,23903.20897571972,35523.82723405917,0.0,0.0,0.0,0.0
tubeBe25,"nTOF 5 ns, no veto, strict",14.0,oracle: IPC only,"no MM loss, DREAM",False,543424405915.04004,0.0021110203040461935,0.21538833463248913,12224.083797580368,0.0,158678.6874295481,21561.16097554367,32043.1854249766,0.0,0.0,0.0,0.0
tubeBe25,"nTOF 5 ns, no veto, strict",14.0,oracle: IPC only,"no MM loss, DREAM",False,675233968650.1552,0.0022585115227459884,0.1514423133938455,18802.59850529076,0.0,138630.5029819557,18837.026190058685,27994.7041695871,0.0,0.0,0.0,0.0
tubeBe25,"nTOF 5 ns, no veto, strict",14.0,oracle: IPC only,"no MM loss, DREAM",False,839014419404.4929,0.002446156724574709,0.10389823173808554,28942.291541698127,0.0,118177.5175225129,16057.887295824416,23864.47838950395,0.0,0.0,0.0,0.0
tubeBe25,"nTOF 5 ns, no veto, strict",14.0,oracle: IPC only,"no MM loss, DREAM",False,1042520413147.9036,0.0026733183664019214,0.07001002081238414,44576.072196914494,0.0,98946.8689387058,13444.838773075127,19981.088323732907,0.0,0.0,0.0,0.0
tubeBe25,"nTOF 5 ns, no veto, strict",14.0,oracle: IPC only,"no MM loss, DREAM",False,1295387524568.9966,0.0029402011025866574,0.0465792354789271,68687.22738287016,0.0,81799.25494909236,11114.831690424582,16518.34116111182,0.0,0.0,0.0,0.0
tubeBe25,"nTOF 5 ns, no veto, strict",14.0,oracle: IPC only,"no MM loss, DREAM",False,1609588471982.2002,0.0032479333894578077,0.030719706193287274,105880.51901042408,0.0,67033.08275808084,9108.41343249469,13536.496521491952,0.0,0.0,0.0,0.0
tubeBe25,"nTOF 5 ns, no veto, strict",14.0,oracle: IPC only,"no MM loss, DREAM",False,2000000000000.0002,0.0035985638018145296,0.020139919424278337,163263.8644916166,0.0,54606.58358839921,7419.908483908419,11027.119720311786,0.0,0.0,0.0,0.0
tubeBe25,"nTOF 5 ns, no veto, strict",14.0,oracle: IPC only,"no MM loss, no dead time",False,1000000000.0,0.02283878884211173,1.0,0.47195599823068357,0.0,1355.680289429854,184.2089912972502,273.7627566428784,0.0,0.0,0.0,0.0
tubeBe25,"nTOF 5 ns, no veto, strict",14.0,oracle: IPC only,"no MM loss, no dead time",False,1242553630.827767,0.020488751630519123,1.0,0.5986669933953781,0.0,1684.5054658727029,228.88955096751874,340.164907252027,0.0,0.0,0.0,0.0
tubeBe25,"nTOF 5 ns, no veto, strict",14.0,oracle: IPC only,"no MM loss, no dead time",False,1543939525.4832668,0.01838052561714937,1.0,0.7627680372018392,0.0,2093.0883827693465,284.40754261322775,422.67314058619684,0.0,0.0,0.0,0.0
tubeBe25,"nTOF 5 ns, no veto, strict",14.0,oracle: IPC only,"no MM loss, no dead time",False,1918427663.1677406,0.016489229214895006,1.0,0.9769485943605815,0.0,2600.7745696534803,353.3916247088703,525.1940454887562,0.0,0.0,0.0,0.0
tubeBe25,"nTOF 5 ns, no veto, strict",14.0,oracle: IPC only,"no MM loss, no dead time",False,2383749258.3495045,0.01479254107116853,1.0,1.2589452691052752,0.0,3231.6018844874566,439.1080463861305,652.5817681111774,0.0,0.0,0.0,0.0
tubeBe25,"nTOF 5 ns, no veto, strict",14.0,oracle: IPC only,"no MM loss, no dead time",False,2961936295.9451733,0.01327043662808355,1.0,1.6338371676178303,0.0,4015.4386549597416,545.615297362774,810.8678453785471,0.0,0.0,0.0,0.0
tubeBe25,"nTOF 5 ns, no veto, strict",14.0,oracle: IPC only,"no MM loss, no dead time",False,3680364698.807223,0.01190495178973805,1.0,2.137480655427982,0.0,4989.3978800863915,677.9562687732864,1007.5467853966022,0.0,0.0,0.0,0.0
tubeBe25,"nTOF 5 ns, no veto, strict",14.0,oracle: IPC only,"no MM loss, no dead time",False,4573050519.273255,0.010679970907366807,1.0,2.8216767986276334,0.0,6199.594451545711,842.3970233066929,1251.9309164233935,0.0,0.0,0.0,0.0
tubeBe25,"nTOF 5 ns, no veto, strict",14.0,oracle: IPC only,"no MM loss, no dead time",False,5682260526.681813,0.009581036580133087,1.0,3.761981069838612,0.0,7703.328595427835,1046.7234799082385,1555.5913057474277,0.0,0.0,0.0,0.0
tubeBe25,"nTOF 5 ns, no veto, strict",14.0,oracle: IPC only,"no MM loss, no dead time",False,7060513448.737786,0.00859517902680143,1.0,5.069551678271102,0.0,9571.79891570822,1300.6100604326568,1932.9056250405733,0.0,0.0,0.0,0.0
tubeBe25,"nTOF 5 ns, no veto, strict",14.0,oracle: IPC only,"no MM loss, no dead time",False,8773066621.237415,0.007710763014510991,1.0,6.909182504375806,0.0,11893.473496266528,1616.0777528817193,2401.7389024415784,0.0,0.0,0.0,0.0
tubeBe25,"nTOF 5 ns, no veto, strict",14.0,oracle: IPC only,"no MM loss, no dead time",False,10901005783.71244,0.0069173505380813825,1.0,9.526821584693426,0.0,14778.278675939795,2008.0632795431595,2984.28939352908,0.0,0.0,0.0,0.0
tubeBe25,"nTOF 5 ns, no veto, strict",14.0,oracle: IPC only,"no MM loss, no dead time",False,13545084316.226381,0.0062055776291718035,1.0,13.291656300875406,0.0,18362.803826173556,2495.1263189282663,3708.1396213703524,0.0,0.0,0.0,0.0
tubeBe25,"nTOF 5 ns, no veto, strict",14.0,oracle: IPC only,"no MM loss, no dead time",False,16830493696.995401,0.0055670438413778205,1.0,18.76059124828855,0.0,22816.768566390056,3100.3282669582495,4607.5623501500495,0.0,0.0,0.0,0.0
tubeBe25,"nTOF 5 ns, no veto, strict",14.0,oracle: IPC only,"no MM loss, no dead time",False,20912791051.82548,0.004994213106952775,1.0,26.777177984787468,0.0,28351.05862592483,3852.3241448669323,5725.143327444266,0.0,0.0,0.0,0.0
tubeBe25,"nTOF 5 ns, no veto, strict",14.0,oracle: IPC only,"no MM loss, no dead time",False,25985264452.18819,0.004480324795050617,1.0,38.62358597183355,0.0,35227.710833453784,4786.71935332988,7113.797628525235,0.0,0.0,0.0,0.0
tubeBe25,"nTOF 5 ns, no veto, strict",14.0,oracle: IPC only,"no MM loss, no dead time",False,32288084693.086143,0.004019313921786796,1.0,56.254278995122746,0.0,43772.320001858665,5947.755512233584,8839.275072297993,0.0,0.0,0.0,0.0
tubeBe25,"nTOF 5 ns, no veto, strict",14.0,oracle: IPC only,"no MM loss, no dead time",False,40119676867.86863,0.003605739570424744,1.0,82.6556076540184,0.0,54389.45514806437,7390.405207001702,10983.273334969239,0.0,0.0,0.0,0.0
tubeBe25,"nTOF 5 ns, no veto, strict",14.0,oracle: IPC only,"no MM loss, no dead time",False,49850850159.80715,0.00323472067689279,1.0,122.39952006285411,0.0,67581.81497297164,9182.97482324844,13647.306160739883,0.0,0.0,0.0,0.0
tubeBe25,"nTOF 5 ns, no veto, strict",14.0,oracle: IPC only,"no MM loss, no dead time",False,61942354865.91934,0.00290187842276285,1.0,182.4966207514893,0.0,83974.02957259624,11410.338708427322,16957.509821045493,0.0,0.0,0.0,0.0
tubeBe25,"nTOF 5 ns, no veto, strict",14.0,oracle: IPC only,"no MM loss, no dead time",False,76966697940.67009,0.0026032845558045456,1.0,273.71095952688205,0.0,104342.23534066777,14177.957791130984,21070.6153979376,0.0,0.0,0.0,0.0
tubeBe25,"nTOF 5 ns, no veto, strict",14.0,oracle: IPC only,"no MM loss, no dead time",False,95635249979.00362,0.002335415028186489,1.0,412.5871498446953,0.0,129650.82337123205,17616.87293109262,26181.369666482813,0.0,0.0,0.0,0.0
tubeBe25,"nTOF 5 ns, no veto, strict",14.0,oracle: IPC only,"no MM loss, no dead time",False,118831927096.53207,0.002095108405156149,1.0,624.5765929555644,0.0,161098.1013197339,21889.909424360547,32531.75593913219,0.0,0.0,0.0,0.0
tubeBe25,"nTOF 5 ns, no veto, strict",14.0,oracle: IPC only,"no MM loss, no dead time",False,147655042472.05704,0.0018795285533314745,1.0,948.859800133156,0.0,200173.0307142957,27199.386433730262,40422.45145937163,0.0,0.0,0.0,0.0
tubeBe25,"nTOF 5 ns, no veto, strict",14.0,oracle: IPC only,"no MM loss, no dead time",False,183469309133.68265,0.0016861311682461716,1.0,1445.7863256766777,0.0,248725.72610784622,33796.69636951905,50227.063827801394,0.0,0.0,0.0,0.0
tubeBe25,"nTOF 5 ns, no veto, strict",14.0,oracle: IPC only,"no MM loss, no dead time",False,227970456209.51935,0.0015126337461018606,1.0,2208.354812942885,0.0,309055.054055577,41994.20778392951,62409.820525052615,0.0,0.0,0.0,0.0
tubeBe25,"nTOF 5 ns, no veto, strict",14.0,oracle: IPC only,"no MM loss, no dead time",False,283265518084.60077,0.0013569886453294584,1.0,3379.929090764111,0.0,384017.4795424292,52180.0553556573,77547.54909271345,0.0,0.0,0.0,0.0
tubeBe25,"nTOF 5 ns, no veto, strict",14.0,oracle: IPC only,"no MM loss, no dead time",False,351972597984.32916,0.0012173589200284033,1.0,5181.580316991534,0.0,477162.31350677303,64836.51723896585,96356.9886869456,0.0,0.0,0.0,0.0
tubeBe25,"nTOF 5 ns, no veto, strict",14.0,oracle: IPC only,"no MM loss, no dead time",False,437344829577.31195,0.0010920966400665177,1.0,7954.288624905698,0.0,592899.7651420204,80562.84990550444,119728.72614859481,0.0,0.0,0.0,0.0
tubeBe25,"nTOF 5 ns, no veto, strict",14.0,oracle: IPC only,"no MM loss, no dead time",False,543424405915.04004,0.0009797234419712064,1.0,12224.083797580368,0.0,736709.7558941479,100103.661659917,148769.36339031986,0.0,0.0,0.0,0.0
tubeBe25,"nTOF 5 ns, no veto, strict",14.0,oracle: IPC only,"no MM loss, no dead time",False,675233968650.1552,0.0008789130810707801,1.0,18802.59850529076,0.0,915401.3820525114,124384.16825468416,184853.91263657747,0.0,0.0,0.0,0.0
tubeBe25,"nTOF 5 ns, no veto, strict",14.0,oracle: IPC only,"no MM loss, no dead time",False,839014419404.4929,0.0007884757789637882,1.0,28942.291541698127,0.0,1137435.310934104,154553.9998823497,229690.90031929815,0.0,0.0,0.0,0.0
tubeBe25,"nTOF 5 ns, no veto, strict",14.0,oracle: IPC only,"no MM loss, no dead time",False,1042520413147.9036,0.000707344181582942,1.0,44576.072196914494,0.0,1413324.3754328806,192041.63371276783,285403.26215984265,0.0,0.0,0.0,0.0
tubeBe25,"nTOF 5 ns, no veto, strict",14.0,oracle: IPC only,"no MM loss, no dead time",False,1295387524568.9966,0.0006345607621286483,1.0,68687.22738287016,0.0,1756131.3342315194,238622.02923989674,354628.859646803,0.0,0.0,0.0,0.0
tubeBe25,"nTOF 5 ns, no veto, strict",14.0,oracle: IPC only,"no MM loss, no dead time",False,1609588471982.2002,0.000569266520199792,1.0,105880.51901042408,0.0,2182087.365559786,296500.6688275234,440645.37715044565,0.0,0.0,0.0,0.0
tubeBe25,"nTOF 5 ns, no veto, strict",14.0,oracle: IPC only,"no MM loss, no dead time",True,2000000000000.0002,0.0005106908437472551,1.0,163263.8644916166,0.0,2711360.578859709,368417.9825945005,547525.5132857569,0.0,0.0,0.0,0.0
