variant,hw,ecut,scenario,knobs,best,R,reach3,live,trig_Hz,occ,X17,M1,E0,G,WALL,ACC,COS
tubeMy,"nTOF 5 ns, no veto, strict",13.0,as is,MM occ + DREAM,False,1000000000.0,0.050198425578099656,0.9999630082867755,0.12413785792627809,0.005060247802405994,1606.214736643859,216.35640304627333,317.34657363856195,0.0,0.0,6.234139530256521,11866.344972554865
tubeMy,"nTOF 5 ns, no veto, strict",13.0,as is,MM occ + DREAM,False,1242553630.827767,0.041967903204161376,0.9999525261914726,0.15931564562762435,0.006287629279767796,1990.893856061937,268.17250752194593,393.3492386076942,0.0,0.0,9.601435332921113,11837.12754795546
tubeMy,"nTOF 5 ns, no veto, strict",13.0,as is,MM occ + DREAM,False,1543939525.4832668,0.03526497307026819,0.9999386805885492,0.20578245554249144,0.007812716590874453,2466.2242380734033,332.1992963219882,487.2622532478368,0.0,0.0,14.77868387074744,11800.91384892396
tubeMy,"nTOF 5 ns, no veto, strict",13.0,as is,MM occ + DREAM,False,1918427663.1677406,0.029791383895568416,0.9999202091601176,0.26777586231057127,0.009707719366619424,3052.767315852428,411.2063852527742,603.1480260390387,0.0,0.0,22.73065988017203,11756.055799481492
tubeMy,"nTOF 5 ns, no veto, strict",13.0,as is,MM occ + DREAM,False,2383749258.3495045,0.02530847382161387,0.9998953006610704,0.3513768524463909,0.012062361946049998,3775.311672991187,508.5327853819158,745.9041412761408,0.0,0.0,34.9290114011935,11700.531861962554
tubeMy,"nTOF 5 ns, no veto, strict",13.0,as is,MM occ + DREAM,False,2961936295.9451733,0.021625516468123974,0.9998613298613671,0.4654005728427863,0.014988131632423112,4663.499206666015,628.1712469352881,921.3870727483902,0.0,0.0,53.611817805982376,11631.870466304717
tubeMy,"nTOF 5 ns, no veto, strict",13.0,as is,MM occ + DREAM,False,3680364698.807223,0.01859027795714918,0.9998144565904481,0.622744437239696,0.018623557379191847,5752.398960979366,774.8455543902595,1136.5255583964852,0.0,0.0,82.1699017513883,11547.06223176969
tubeMy,"nTOF 5 ns, no veto, strict",13.0,as is,MM occ + DREAM,False,4573050519.273255,0.016081365807537353,0.9997490171460343,0.8424357791034679,0.023140768840444078,7082.916397598086,954.0656550467023,1399.401461626935,0.0,0.0,125.71613682046099,11442.462036002808
tubeMy,"nTOF 5 ns, no veto, strict",13.0,as is,MM occ + DREAM,False,5682260526.681813,0.014002044568957652,0.9996565980548751,1.15275137761892,0.02875364634283997,8701.854671605794,1172.1359128567658,1719.2618778388853,0.0,0.0,191.91365644205248,11313.684086333169
tubeMy,"nTOF 5 ns, no veto, strict",13.0,as is,MM occ + DREAM,False,7060513448.737786,0.012275264849476357,0.9995246235372258,1.5959817215888719,0.03572794766283335,10661.340849442564,1436.077820239262,2106.405769899003,0.0,0.0,292.16018103279964,11155.496576660016
tubeMy,"nTOF 5 ns, no veto, strict",13.0,as is,MM occ + DREAM,False,8773066621.237415,0.010839702526225691,0.9993341984271341,2.2357220132260447,0.044393891090478005,13017.185098003227,1753.4089815887364,2571.8597862585893,0.0,0.0,443.2425245666152,10961.727878833803
tubeMy,"nTOF 5 ns, no veto, strict",13.0,as is,MM occ + DREAM,False,10901005783.71244,0.009646638740854597,0.9990568119593463,3.168048604662144,0.055161790561045906,15825.548820845117,2131.694312720296,3126.719970667618,0.0,0.0,669.5735079627576,10725.204299379307
tubeMy,"nTOF 5 ns, no veto, strict",13.0,as is,MM occ + DREAM,False,13545084316.226381,0.00865753753244055,0.9986493017633231,4.538674798425887,0.06854148314458842,19137.063009208276,2577.753785395781,3780.9897001487166,0.0,0.0,1006.0739677268061,10437.751129817778
tubeMy,"nTOF 5 ns, no veto, strict",13.0,as is,MM occ + DREAM,False,16830493696.995401,0.007842204500650624,0.9980461693010998,6.569314183091345,0.0851664687436289,22987.2902713792,3096.3776669662957,4541.6952281858685,0.0,0.0,1501.6113683442622,10090.304863881247
tubeMy,"nTOF 5 ns, no veto, strict",13.0,as is,MM occ + DREAM,False,20912791051.82548,0.007177440222972542,0.9971478853667582,9.598229725418525,0.10582390496217563,27382.24437451076,3688.3760091641975,5410.024719945965,0.0,0.0,2222.5623462114663,9673.205350134287
tubeMy,"nTOF 5 ns, no veto, strict",13.0,as is,MM occ + DREAM,False,25985264452.18819,0.0066461357924501915,0.995803178620207,14.142647385697286,0.13149187733912385,32277.74623316843,4347.797909039573,6377.249528462146,0.0,0.0,3255.3917309176272,9176.761093705494
tubeMy,"nTOF 5 ns, no veto, strict",13.0,as is,MM occ + DREAM,False,32288084693.086143,0.006236794627018519,0.9937824256377389,20.994880729683885,0.16338570961208776,37552.03862207478,5058.242723076375,7419.313568719112,0.0,0.0,4705.965237799898,8592.204378670087
tubeMy,"nTOF 5 ns, no veto, strict",13.0,as is,MM occ + DREAM,False,40119676867.86863,0.00594351157022492,0.9907381902772225,31.370445495682063,0.2030155067038708,42972.85907582208,5788.4248015841495,8490.327772524148,0.0,0.0,6691.517033018719,7913.164360811925
tubeMy,"nTOF 5 ns, no veto, strict",13.0,as is,MM occ + DREAM,False,49850850159.80715,0.005766519603416009,0.9861479361680406,47.13637170741401,0.25225765496923463,48163.86953753871,6487.651577463002,9515.937453574512,0.0,0.0,9318.947234136505,7137.763691938608
tubeMy,"nTOF 5 ns, no veto, strict",13.0,as is,MM occ + DREAM,True,61942354865.91934,0.005713573245251855,0.9792337353293927,71.16324673122963,0.31344366508612054,52581.784098224714,7082.74268297296,10388.803339110513,0.0,0.0,12641.422359629314,6271.348991796092
tubeMy,"nTOF 5 ns, no veto, strict",13.0,as is,MM occ + DREAM,False,76966697940.67009,0.005802758710465028,0.9688563849081016,107.86818057258503,0.38947056411272174,55524.84741393964,7479.1719887182135,10970.276686313755,0.0,0.0,16586.820337027835,5329.640096985618
tubeMy,"nTOF 5 ns, no veto, strict",13.0,as is,MM occ + DREAM,False,95635249979.00362,0.006067950201164029,0.9533909866559186,164.05240581920927,0.4839380635388009,56203.1588198039,7570.54023019301,11104.293512084358,0.0,0.0,20861.793138054483,4341.662809399985
tubeMy,"nTOF 5 ns, no veto, strict",13.0,as is,MM occ + DREAM,False,118831927096.53207,0.006569385257403991,0.9306154573653252,250.19360450556778,0.6013189979458956,53903.790251853665,7260.816317636429,10649.99763250857,0.0,0.0,24861.38711556888,3351.1936716837336
tubeMy,"nTOF 5 ns, no veto, strict",13.0,as is,MM occ + DREAM,False,147655042472.05704,0.007414536884251546,0.8976925414769843,382.44009317476684,0.7471711041833903,48262.10627700857,6500.884022113025,9535.346497686087,0.0,0.0,27658.42633380888,2414.7454278965442
tubeMy,"nTOF 5 ns, no veto, strict",13.0,as is,MM occ + DREAM,False,183469309133.68265,0.008800865928170079,0.8514006697246195,585.68837029931,0.9284001683526635,39583.50253211738,5331.879998633626,7820.678402831797,0.0,0.0,28187.11047880893,1593.9113309947606
tubeMy,"nTOF 5 ns, no veto, strict",13.0,as is,MM occ + DREAM,False,227970456209.51935,0.011108327134271283,0.7888281559683555,898.3329813190715,1.153587000047712,29045.775887347772,3912.452956200293,5738.69560914579,0.0,0.0,25700.079250516133,941.2777163597519
tubeMy,"nTOF 5 ns, no veto, strict",13.0,as is,MM occ + DREAM,False,283265518084.60077,0.015113752008025425,0.7086568609276892,1379.5979329562579,1.4333937153849963,18527.40915009532,2495.6336846074096,3660.5378334828197,0.0,0.0,20369.54440924917,483.20825488198994
tubeMy,"nTOF 5 ns, no veto, strict",13.0,as is,MM occ + DREAM,False,351972597984.32916,0.0225293415626143,0.6127397289635035,2120.8533565450116,1.7810685654573297,9930.779551794527,1337.671541827066,1962.065714144085,0.0,0.0,13566.415285609222,208.4432572933384
tubeMy,"nTOF 5 ns, no veto, strict",13.0,as is,MM occ + DREAM,False,437344829577.31195,0.037488105412292444,0.5069967610349609,3263.084524919677,2.2130732127622164,4303.2161362213765,579.6412792905245,850.2044373652251,0.0,0.0,7304.492852579521,72.69131525232154
tubeMy,"nTOF 5 ns, no veto, strict",13.0,as is,MM occ + DREAM,False,543424405915.04004,0.07111669848446811,0.4004629405040205,5023.858948435001,2.749862155805364,1443.4990348138076,194.43867114906828,285.1981508437025,0.0,0.0,3044.58812560002,19.62414400844109
tubeMy,"nTOF 5 ns, no veto, strict",13.0,as is,MM occ + DREAM,False,675233968650.1552,0.15755854847387352,0.30246120178956765,7738.956958225625,3.4168512059718252,356.8614650451922,48.06907893544036,70.50661447195992,0.0,0.0,935.248129363936,3.9044398415057975
tubeMy,"nTOF 5 ns, no veto, strict",13.0,as is,MM occ + DREAM,False,839014419404.4929,0.4194680946996394,0.2195804785509767,11926.640618550902,4.245620871978526,61.359055400754144,8.265037182116016,12.122965596626518,0.0,0.0,199.81174014410234,0.5402846190352267
tubeMy,"nTOF 5 ns, no veto, strict",13.0,as is,MM occ + DREAM,False,1042520413147.9036,1.390128687818138,0.15433793963112216,18386.87334864883,5.275411629595067,6.832944478182784,0.9203945498616805,1.3500134624245035,0.0,0.0,27.648105082339093,0.04842132708677342
tubeMy,"nTOF 5 ns, no veto, strict",13.0,as is,MM occ + DREAM,False,1295387524568.9966,5.996680681237406,0.10582412781689544,28354.499460679963,6.554981874464405,0.4504166550070986,0.0606709209710591,0.08899070523715298,0.0,0.0,2.2645768498614607,0.002568786998448138
tubeMy,"nTOF 5 ns, no veto, strict",13.0,as is,MM occ + DREAM,False,1609588471982.2002,35.64579676605112,0.07125933964088833,43735.732226599896,8.14491652812595,0.015674257819984747,0.002111315482908403,0.0030968287738991794,0.0,0.0,0.09792075449015598,7.194249524278607e-05
tubeMy,"nTOF 5 ns, no veto, strict",13.0,as is,MM occ + DREAM,False,2000000000000.0002,313.8927900370166,0.04737757496279311,67473.26239502954,10.120495604811989,0.0002490387797153188,3.3545411686872416e-05,4.9203634883165974e-05,0.0,0.0,0.0019331692902209443,9.199206071975275e-07
tubeMy,"nTOF 5 ns, no veto, strict",13.0,as is,"MM occ ÷10, DAQ 10 µs",False,1000000000.0,0.04996943730757318,0.9999987586229617,0.12413785792627809,0.0005060247802405993,1620.9696387767106,218.34388173136728,320.26176145835274,0.0,0.0,6.291407164871599,11975.350795219983
tubeMy,"nTOF 5 ns, no veto, strict",13.0,as is,"MM occ ÷10, DAQ 10 µs",False,1242553630.827767,0.04173012581014639,0.9999984068460819,0.15931564562762435,0.0006287629279767797,2013.6466384022842,271.2372970760115,397.8446011216381,0.0,0.0,9.711164622415733,11972.40727962649
tubeMy,"nTOF 5 ns, no veto, strict",13.0,as is,"MM occ ÷10, DAQ 10 µs",False,1543939525.4832668,0.03501684146090206,0.9999979421796792,0.20578245554249144,0.0007812716590874453,2501.2997226634648,336.92394833014197,494.19226366264985,0.0,0.0,14.98887136723184,11968.750481727442
tubeMy,"nTOF 5 ns, no veto, strict",13.0,as is,"MM occ ÷10, DAQ 10 µs",False,1918427663.1677406,0.029531093202047477,0.9999973222485473,0.26777586231057127,0.0009707719366619425,3106.819415989074,418.48717884522824,613.8273258767266,0.0,0.0,23.13312747003222,11964.207761141282
tubeMy,"nTOF 5 ns, no veto, strict",13.0,as is,"MM occ ÷10, DAQ 10 µs",False,2383749258.3495045,0.02503394119845996,0.9999964862438222,0.3513768524463909,0.001206236194605,3858.568980255733,519.7475072470094,762.3536362209969,0.0,0.0,35.69930421052118,11958.56480354965
tubeMy,"nTOF 5 ns, no veto, strict",13.0,as is,"MM occ ÷10, DAQ 10 µs",False,2961936295.9451733,0.02133433195748157,0.9999953460159313,0.4654005728427863,0.0014988131632423113,4791.668745060085,645.4356261458686,946.710065326071,0.0,0.0,55.085261166032204,11951.555621647909
tubeMy,"nTOF 5 ns, no veto, strict",13.0,as is,"MM occ ÷10, DAQ 10 µs",False,3680364698.807223,0.018279640240815836,0.9999937725944085,0.622744437239696,0.0018623557379191847,5949.568612859061,801.4042178723986,1175.4811924235207,0.0,0.0,84.9863633760444,11942.850190135427
tubeMy,"nTOF 5 ns, no veto, strict",13.0,as is,"MM occ ÷10, DAQ 10 µs",False,4573050519.273255,0.01574799745463523,0.9999915757131781,0.8424357791034679,0.002314076884044408,7385.96603164179,994.8863045341955,1459.27624724068,0.0,0.0,131.0950269722279,11932.039173147268
tubeMy,"nTOF 5 ns, no veto, strict",13.0,as is,"MM occ ÷10, DAQ 10 µs",False,5682260526.681813,0.013642079695626867,0.9999884726191058,1.15275137761892,0.002875364634283997,9167.133852894087,1234.8088094373247,1811.189034649634,0.0,0.0,202.175081427552,11918.615088711322
tubeMy,"nTOF 5 ns, no veto, strict",13.0,as is,"MM occ ÷10, DAQ 10 µs",False,7060513448.737786,0.011884099521583459,0.9999840404374959,1.5959817215888719,0.0035727947662833348,11374.72774074088,1532.170713835898,2247.3526062511737,0.0,0.0,311.7096210377161,11901.94912292943
tubeMy,"nTOF 5 ns, no veto, strict",13.0,as is,"MM occ ÷10, DAQ 10 µs",False,8773066621.237415,0.010411794168431288,0.9999776432797017,2.2357220132260447,0.0044393891090478005,14109.143824703764,1900.4953312492796,2787.602645894658,0.0,0.0,480.4243376161612,11881.262657427775
tubeMy,"nTOF 5 ns, no veto, strict",13.0,as is,"MM occ ÷10, DAQ 10 µs",False,10901005783.71244,0.009175234476083906,0.9999683205175749,3.168048604662144,0.005516179056104591,17493.490218296593,2356.3652692317546,3456.262139242867,0.0,0.0,740.1435327505775,11855.592411006517
tubeMy,"nTOF 5 ns, no veto, strict",13.0,as is,"MM occ ÷10, DAQ 10 µs",False,13545084316.226381,0.008134301593606784,0.9999546153118792,4.538674798425887,0.006854148314458843,21678.214618815546,2920.045764984174,4283.055668046624,0.0,0.0,1139.6674288155207,11823.74792940264
tubeMy,"nTOF 5 ns, no veto, strict",13.0,as is,"MM occ ÷10, DAQ 10 µs",False,16830493696.995401,0.007256699664479879,0.9999343111734746,6.569314183091345,0.00851664687436289,26846.384622701426,3616.1959414598123,5304.15266416915,0.0,0.0,1753.7011049355126,11784.260003596244
tubeMy,"nTOF 5 ns, no veto, strict",13.0,as is,"MM occ ÷10, DAQ 10 µs",False,20912791051.82548,0.006516394186890794,0.9999040269144631,9.598229725418525,0.010582390496217564,33219.53241618575,4474.65608456725,6563.322169599266,0.0,0.0,2696.363413354601,11735.31848968274
tubeMy,"nTOF 5 ns, no veto, strict",13.0,as is,"MM occ ÷10, DAQ 10 µs",False,25985264452.18819,0.005892384734154876,0.9998585935247621,14.142647385697286,0.013149187733912385,41063.828020237495,5531.279176489881,8113.152510314048,0.0,0.0,4141.517354131037,11674.697998198451
tubeMy,"nTOF 5 ns, no veto, strict",13.0,as is,"MM occ ÷10, DAQ 10 µs",False,32288084693.086143,0.005367733227297231,0.9997900952619525,20.994880729683885,0.016338570961208776,50696.100889537,6828.742002361046,10016.241008811396,0.0,0.0,6353.159435075598,11599.670111878293
tubeMy,"nTOF 5 ns, no veto, strict",13.0,as is,"MM occ ÷10, DAQ 10 µs",False,40119676867.86863,0.0049287752059044045,0.9996863939246661,31.370445495682063,0.02030155067038708,62488.83844423364,8417.218450244978,12346.181564967279,0.0,0.0,9730.446980159304,11506.901331674639
tubeMy,"nTOF 5 ns, no veto, strict",13.0,as is,"MM occ ÷10, DAQ 10 µs",False,49850850159.80715,0.004564449875543565,0.9995288583619997,47.13637170741401,0.025225765496923465,76872.68182499218,10354.71568821976,15188.057752814473,0.0,0.0,14873.648495275671,11392.33708796434
tubeMy,"nTOF 5 ns, no veto, strict",13.0,as is,"MM occ ÷10, DAQ 10 µs",False,61942354865.91934,0.004265709616105515,0.9992888735933272,71.16324673122963,0.031344366508612054,94334.01956703537,12706.750033352444,18637.967392643513,0.0,0.0,22679.26440078119,11251.074276952386
tubeMy,"nTOF 5 ns, no veto, strict",13.0,as is,"MM occ ÷10, DAQ 10 µs",False,76966697940.67009,0.0040250186439476756,0.9989224804949596,107.86818057258503,0.03894705641127218,115403.93177535335,15544.857737069273,22800.838205388136,0.0,0.0,34474.372676328014,11077.228498340783
tubeMy,"nTOF 5 ns, no veto, strict",13.0,as is,"MM occ ÷10, DAQ 10 µs",False,95635249979.00362,0.0038360035878479658,0.9983621628530509,164.05240581920927,0.048393806353880096,140632.83496751921,18943.179656879878,27785.41828801256,0.0,0.0,52200.85797876471,10863.80840828858
tubeMy,"nTOF 5 ns, no veto, strict",13.0,as is,"MM occ ÷10, DAQ 10 µs",False,118831927096.53207,0.003693328199953088,0.9975043080166747,250.19360450556778,0.06013189979458956,170542.63259375302,22972.01595293781,33694.822291328375,0.0,0.0,78657.2964315014,10602.619749560476
tubeMy,"nTOF 5 ns, no veto, strict",13.0,as is,"MM occ ÷10, DAQ 10 µs",False,147655042472.05704,0.003592805059955347,0.9961901693879948,382.44009317476684,0.07471711041833903,205545.0508322066,27686.825956372762,40610.39668099361,0.0,0.0,117795.36960304344,10284.237676553357
tubeMy,"nTOF 5 ns, no veto, strict",13.0,as is,"MM occ ÷10, DAQ 10 µs",False,183469309133.68265,0.003531679885486354,0.9941772196443779,585.68837029931,0.09284001683526635,245811.59583249007,33110.711468446665,48566.026645392485,0.0,0.0,175040.56400973815,9898.110647722724
tubeMy,"nTOF 5 ns, no veto, strict",13.0,as is,"MM occ ÷10, DAQ 10 µs",True,227970456209.51935,0.00350901348071208,0.99109665189924,898.3329813190715,0.1153587000047712,291078.56872888736,39208.152370477954,57509.61209504244,0.0,0.0,257550.09311759495,9432.895561717096
tubeMy,"nTOF 5 ns, no veto, strict",13.0,as is,"MM occ ÷10, DAQ 10 µs",False,283265518084.60077,0.0035261606067323445,0.9863917596727045,1379.5979329562579,0.14333937153849963,340372.99609396927,45848.08957913503,67248.91859429056,0.0,0.0,374215.4557864682,8877.174359301885
tubeMy,"nTOF 5 ns, no veto, strict",13.0,as is,"MM occ ÷10, DAQ 10 µs",False,351972597984.32916,0.0035874537611055466,0.9792319268118505,2120.8533565450116,0.178106856545733,391658.6437521964,52756.24326624245,77381.63882768835,0.0,0.0,535043.9795414272,8220.764847815663
tubeMy,"nTOF 5 ns, no veto, strict",13.0,as is,"MM occ ÷10, DAQ 10 µs",False,437344829577.31195,0.003701312003909593,0.9684002803138015,3263.084524919677,0.22130732127622166,441437.0219397006,59461.36843314811,87216.56151809795,0.0,0.0,749317.1315475499,7456.896588522639
tubeMy,"nTOF 5 ns, no veto, strict",13.0,as is,"MM occ ÷10, DAQ 10 µs",False,543424405915.04004,0.0038821451961198374,0.9521645938481309,5023.858948435001,0.27498621558053643,484413.3713876366,65250.26338628712,95707.57889806117,0.0,0.0,1021711.2466576092,6585.524153780688
tubeMy,"nTOF 5 ns, no veto, strict",13.0,as is,"MM occ ÷10, DAQ 10 µs",False,675233968650.1552,0.004153703853697415,0.9281693718157463,7738.956958225625,0.34168512059718253,513467.0004377919,69163.77415998765,101447.8260894782,0.0,0.0,1345673.5979849831,5617.869145815184
tubeMy,"nTOF 5 ns, no veto, strict",13.0,as is,"MM occ ÷10, DAQ 10 µs",False,839014419404.4929,0.004555098642781308,0.8934423426573015,11926.640618550902,0.4245620871978526,520332.50800691446,70088.55494356209,102804.2731781801,0.0,0.0,1694428.6902618906,4581.681530526049
tubeMy,"nTOF 5 ns, no veto, strict",13.0,as is,"MM occ ÷10, DAQ 10 µs",False,1042520413147.9036,0.00515192089389401,0.8446882426356546,18386.87334864883,0.5275411629595067,497484.4743494304,67010.93507989284,98290.09146252024,0.0,0.0,2012968.650274073,3525.3994130904634
tubeMy,"nTOF 5 ns, no veto, strict",13.0,as is,"MM occ ÷10, DAQ 10 µs",False,1295387524568.9966,0.006057530504892434,0.7790922828586461,28354.499460679963,0.6554981874464405,441412.948266944,59458.12572024872,87211.80518173154,0.0,0.0,2219308.5729892952,2517.4376432348313
tubeMy,"nTOF 5 ns, no veto, strict",13.0,as is,"MM occ ÷10, DAQ 10 µs",False,1609588471982.2002,0.007475642473936551,0.6957212270804705,43735.732226599896,0.8144916528125951,356374.47751100466,48003.481933481984,70410.3983049348,0.0,0.0,2226354.709721539,1635.7054635337608
tubeMy,"nTOF 5 ns, no veto, strict",13.0,as is,"MM occ ÷10, DAQ 10 µs",False,2000000000000.0002,0.009790224223857648,0.5971102405835017,67473.26239502954,1.012049560481199,256002.60420896552,34483.435715987645,50579.5068584765,0.0,0.0,1987226.1389936341,945.6441738803371
tubeMy,"nTOF 5 ns, no veto, strict",13.0,as is,"no MM loss, DREAM",False,1000000000.0,0.04994505071584055,0.9999630082867755,0.12413785792627809,0.0,1622.5529618420544,218.55715463657913,320.57458522860384,0.0,0.0,6.29755245583777,11987.048021791094
tubeMy,"nTOF 5 ns, no veto, strict",13.0,as is,"no MM loss, DREAM",False,1242553630.827767,0.04170485243664474,0.9999525261914726,0.15931564562762435,0.0,2016.0879401179616,271.56613931976926,398.32693932774066,0.0,0.0,9.722938228768403,11986.922367763173
tubeMy,"nTOF 5 ns, no veto, strict",13.0,as is,"no MM loss, DREAM",False,1543939525.4832668,0.0349905312939539,0.9999386805885492,0.20578245554249144,0.0,2505.0627038312123,337.43082020201007,494.93573161435495,0.0,0.0,15.011420780310823,11986.75639371637
tubeMy,"nTOF 5 ns, no veto, strict",13.0,as is,"no MM loss, DREAM",False,1918427663.1677406,0.029503576736968268,0.9999202091601176,0.26777586231057127,0.0,3112.617259021874,419.26814569566596,614.9728300107489,0.0,0.0,23.17629774289673,11986.534967625801
tubeMy,"nTOF 5 ns, no veto, strict",13.0,as is,"no MM loss, DREAM",False,2383749258.3495045,0.02500502766803349,0.9998953006610704,0.3513768524463909,0.0,3867.4975329290714,520.9501792788008,764.1176877726317,0.0,0.0,35.78191077261096,11986.236377206202
tubeMy,"nTOF 5 ns, no veto, strict",13.0,as is,"no MM loss, DREAM",False,2961936295.9451733,0.02130380731274715,0.9998613298613671,0.4654005728427863,0.0,4805.409835503281,647.2865448520656,949.4249501236776,0.0,0.0,55.24322942219555,11985.829152534881
tubeMy,"nTOF 5 ns, no veto, strict",13.0,as is,"no MM loss, DREAM",False,3680364698.807223,0.018247264825366507,0.9998144565904481,0.622744437239696,0.0,5970.699520566893,804.2505416424829,1179.6561143726021,0.0,0.0,85.28820694114624,11985.267259600054
tubeMy,"nTOF 5 ns, no veto, strict",13.0,as is,"no MM loss, DREAM",False,4573050519.273255,0.015713503364197082,0.9997490171460343,0.8424357791034679,0.0,7418.428788131493,999.2590232416298,1465.6900500204977,0.0,0.0,131.6712150997361,11984.48280481902
tubeMy,"nTOF 5 ns, no veto, strict",13.0,as is,"no MM loss, DREAM",False,5682260526.681813,0.013605167900533476,0.9996565980548751,1.15275137761892,0.0,9216.943511569794,1241.518148071931,1821.030137557126,0.0,0.0,203.27360054598518,11983.37493175304
tubeMy,"nTOF 5 ns, no veto, strict",13.0,as is,"no MM loss, DREAM",False,7060513448.737786,0.0118444369554598,0.9995246235372258,1.5959817215888719,0.0,11451.03466190751,1542.4492218177406,2262.4288843008544,0.0,0.0,313.8007129760499,11981.792888349828
tubeMy,"nTOF 5 ns, no veto, strict",13.0,as is,"no MM loss, DREAM",False,8773066621.237415,0.010369011164704747,0.9993341984271341,2.2357220132260447,0.0,14225.813938876057,1916.2107431860788,2810.6536490600006,0.0,0.0,484.3970210771297,11979.510168968907
tubeMy,"nTOF 5 ns, no veto, strict",13.0,as is,"no MM loss, DREAM",False,10901005783.71244,0.00912892320279819,0.9990568119593463,3.168048604662144,0.0,17671.43031789539,2380.333720665173,3491.418510076925,0.0,0.0,747.6721169434155,11976.185001055283
tubeMy,"nTOF 5 ns, no veto, strict",13.0,as is,"no MM loss, DREAM",False,13545084316.226381,0.008084016571009708,0.9986493017633231,4.538674798425887,0.0,21948.743469227313,2956.485879534255,4336.505186214996,0.0,0.0,1153.8896756559775,11971.299976060736
tubeMy,"nTOF 5 ns, no veto, strict",13.0,as is,"no MM loss, DREAM",False,16830493696.995401,0.007201962169246654,0.9980461693010998,6.569314183091345,0.0,27256.01971763122,3671.373604619418,5385.085985755839,0.0,0.0,1780.4599228804536,11964.069930820804
tubeMy,"nTOF 5 ns, no veto, strict",13.0,as is,"no MM loss, DREAM",False,20912791051.82548,0.006456703539983574,0.9971478853667582,9.598229725418525,0.0,33836.584464257096,4557.772718082892,6685.235727447239,0.0,0.0,2746.4483015375677,11953.301759829556
tubeMy,"nTOF 5 ns, no veto, strict",13.0,as is,"no MM loss, DREAM",False,25985264452.18819,0.005827241455085802,0.995803178620207,14.142647385697286,0.0,41987.07262860414,5655.639810246387,8295.561814880395,0.0,0.0,4234.631750718074,11937.182099189558
tubeMy,"nTOF 5 ns, no veto, strict",13.0,as is,"no MM loss, DREAM",False,32288084693.086143,0.005296682383709398,0.9937824256377389,20.994880729683885,0.0,52065.320140665215,7013.175220035783,10286.763391648828,0.0,0.0,6524.7479409243315,11912.958340070185
tubeMy,"nTOF 5 ns, no veto, strict",13.0,as is,"no MM loss, DREAM",False,40119676867.86863,0.004851483941327863,0.9907381902772225,31.370445495682063,0.0,64495.77679021906,8687.552143347757,12742.700780656389,0.0,0.0,10042.957304470856,11876.465594684869
tubeMy,"nTOF 5 ns, no veto, strict",13.0,as is,"no MM loss, DREAM",False,49850850159.80715,0.0044808423586808884,0.9861479361680406,47.13637170741401,0.0,79768.16222634938,10744.735596789136,15760.129944312523,0.0,0.0,15433.878172351218,11821.439962753484
tubeMy,"nTOF 5 ns, no veto, strict",13.0,as is,"no MM loss, DREAM",False,61942354865.91934,0.004176196692301801,0.9792337353293927,71.16324673122963,0.0,98421.2838558647,13257.302695867746,19445.505318939373,0.0,0.0,23661.9019254799,11738.556039249976
tubeMy,"nTOF 5 ns, no veto, strict",13.0,as is,"no MM loss, DREAM",False,76966697940.67009,0.003930878273180779,0.9688563849081016,107.86818057258503,0.0,120997.72574710577,16298.339270702238,23906.02751169773,0.0,0.0,36145.394929124224,11614.157639701081
tubeMy,"nTOF 5 ns, no veto, strict",13.0,as is,"no MM loss, DREAM",False,95635249979.00362,0.003739989452061919,0.9533909866559186,164.05240581920927,0.0,147946.25843761177,19928.294510980646,29230.361997501335,0.0,0.0,54915.49414455799,11428.766310233146
tubeMy,"nTOF 5 ns, no veto, strict",13.0,as is,"no MM loss, DREAM",False,118831927096.53207,0.0036006027501545353,0.9306154573653252,250.19360450556778,0.0,179439.6233906369,24170.436614157534,35452.63803082558,0.0,0.0,82760.74688148858,11155.744847373437
tubeMy,"nTOF 5 ns, no veto, strict",13.0,as is,"no MM loss, DREAM",False,147655042472.05704,0.003512301121516279,0.8976925414769843,382.44009317476684,0.0,215075.45326413767,28970.566880120274,42493.35821046471,0.0,0.0,123257.12736558628,10761.081674335586
tubeMy,"nTOF 5 ns, no veto, strict",13.0,as is,"no MM loss, DREAM",True,183469309133.68265,0.00347797403086834,0.8514006697246195,585.68837029931,0.0,253461.70979230915,34141.178380174126,50077.49170526723,0.0,0.0,180488.15185737584,10206.158257053481
tubeMy,"nTOF 5 ns, no veto, strict",13.0,as is,"no MM loss, DREAM",False,227970456209.51935,0.003504710845247008,0.7888281559683555,898.3329813190715,0.0,291793.70546886156,39304.48096790468,57650.90465632727,0.0,0.0,258182.85538098132,9456.070782792222
tubeMy,"nTOF 5 ns, no veto, strict",13.0,as is,"no MM loss, DREAM",False,283265518084.60077,0.00360460192992347,0.7086568609276892,1379.5979329562579,0.0,325720.1711612697,43874.36064701869,64353.89859451522,0.0,0.0,358105.7360858031,8495.01806818416
tubeMy,"nTOF 5 ns, no veto, strict",13.0,as is,"no MM loss, DREAM",False,351972597984.32916,0.0037952487810107875,0.6127397289635035,2120.8533565450116,0.0,349945.0389575462,47137.43945030823,69140.10719826558,0.0,0.0,478059.11921374593,7345.212267930564
tubeMy,"nTOF 5 ns, no veto, strict",13.0,as is,"no MM loss, DREAM",False,437344829577.31195,0.004099850382181457,0.5069967610349609,3263.084524919677,0.0,359785.8910063718,48462.99779790703,71084.40555895938,0.0,0.0,610718.4454886973,6077.619342970443
tubeMy,"nTOF 5 ns, no veto, strict",13.0,as is,"no MM loss, DREAM",False,543424405915.04004,0.004546965159748321,0.4004629405040205,5023.858948435001,0.0,353115.2048677375,47564.45937344879,69766.45015634793,0.0,0.0,744780.7956780548,4800.546079193245
tubeMy,"nTOF 5 ns, no veto, strict",13.0,as is,"no MM loss, DREAM",False,675233968650.1552,0.00517037861833344,0.30246120178956765,7738.956958225625,0.0,331389.6211592336,44638.03301337561,65474.03557883171,0.0,0.0,868492.5486156022,3625.7510733241206
tubeMy,"nTOF 5 ns, no veto, strict",13.0,as is,"no MM loss, DREAM",False,839014419404.4929,0.006009650510307975,0.2195804785509767,11926.640618550902,0.0,298935.9174570005,40266.53371234439,59062.02139615502,0.0,0.0,973465.2117529644,2632.2191113329377
tubeMy,"nTOF 5 ns, no veto, strict",13.0,as is,"no MM loss, DREAM",False,1042520413147.9036,0.007111690458336223,0.15433793963112216,18386.87334864883,0.0,261079.16367496626,35167.24599418829,51582.5039768904,0.0,0.0,1056403.1619373534,1850.1247332261169
tubeMy,"nTOF 5 ns, no veto, strict",13.0,as is,"no MM loss, DREAM",False,1295387524568.9966,0.008533328538045792,0.10582412781689544,28354.499460679963,0.0,222433.0695547399,29961.634487279403,43947.03328061666,0.0,0.0,1118335.1555891049,1268.565828428616
tubeMy,"nTOF 5 ns, no veto, strict",13.0,as is,"no MM loss, DREAM",False,1609588471982.2002,0.010344655277160456,0.07125933964088833,43735.732226599896,0.0,186110.8075186061,25069.04211755532,36770.69182327586,0.0,0.0,1162677.7420847495,854.220725364553
tubeMy,"nTOF 5 ns, no veto, strict",13.0,as is,"no MM loss, DREAM",False,2000000000000.0002,0.01263298396779644,0.04737757496279311,67473.26239502954,0.0,153750.93667210528,20710.182060014184,30377.216590953674,0.0,0.0,1193495.2036666125,567.9382752448155
tubeMy,"nTOF 5 ns, no veto, strict",13.0,as is,"no MM loss, no dead time",False,1000000000.0,0.04994412693080086,1.0,0.12413785792627809,0.0,1622.6129850762727,218.56523973924845,320.58644427041395,0.0,0.0,6.2977854217100395,11987.49145963745
tubeMy,"nTOF 5 ns, no veto, strict",13.0,as is,"no MM loss, no dead time",False,1242553630.827767,0.04170386248080573,1.0,0.15931564562762435,0.0,2016.1836560348042,271.5790322107445,398.3458503223666,0.0,0.0,9.723399835590433,11987.491459637453
tubeMy,"nTOF 5 ns, no veto, strict",13.0,as is,"no MM loss, no dead time",False,1543939525.4832668,0.0349894584781149,1.0,0.20578245554249144,0.0,2505.216322221648,337.4515125301517,494.9660826432308,0.0,0.0,15.01234132824557,11987.49145963745
tubeMy,"nTOF 5 ns, no veto, strict",13.0,as is,"no MM loss, no dead time",False,1918427663.1677406,0.02950239965590406,1.0,0.26777586231057127,0.0,3112.865637185507,419.30160212266327,615.0219031249455,0.0,0.0,23.178147146724488,11987.491459637451
tubeMy,"nTOF 5 ns, no veto, strict",13.0,as is,"no MM loss, no dead time",False,2383749258.3495045,0.02500371862883532,1.0,0.3513768524463909,0.0,3867.9024997638417,521.0047281294152,764.1976987665043,0.0,0.0,35.785657507295134,11987.491459637451
tubeMy,"nTOF 5 ns, no veto, strict",13.0,as is,"no MM loss, no dead time",False,2961936295.9451733,0.021302330160579405,1.0,0.4654005728427863,0.0,4806.076294769357,647.3763166156382,949.5566252725439,0.0,0.0,55.250891070919934,11987.491459637451
tubeMy,"nTOF 5 ns, no veto, strict",13.0,as is,"no MM loss, no dead time",False,3680364698.807223,0.018245571916970516,1.0,0.622744437239696,0.0,5971.807550100926,804.3997927226675,1179.8750324089608,0.0,0.0,85.3040345425638,11987.491459637451
tubeMy,"nTOF 5 ns, no veto, strict",13.0,as is,"no MM loss, no dead time",False,4573050519.273255,0.015711531330492565,1.0,0.8424357791034679,0.0,7420.291153982576,999.5098830846537,1466.0580054427835,0.0,0.0,131.7042706134541,11987.49145963745
tubeMy,"nTOF 5 ns, no veto, strict",13.0,as is,"no MM loss, no dead time",False,5682260526.681813,0.013602831679390134,1.0,1.15275137761892,0.0,9220.109715180251,1241.944634275079,1821.6556976670524,0.0,0.0,203.34342907505786,11987.491459637453
tubeMy,"nTOF 5 ns, no veto, strict",13.0,as is,"no MM loss, no dead time",False,7060513448.737786,0.011841621337528675,1.0,1.5959817215888719,0.0,11456.48080322759,1543.182814605562,2263.504901254285,0.0,0.0,313.9499573962851,11987.49145963745
tubeMy,"nTOF 5 ns, no veto, strict",13.0,as is,"no MM loss, no dead time",False,8773066621.237415,0.010365558737980018,1.0,2.2357220132260447,0.0,14235.291818559055,1917.487409319154,2812.526233449958,0.0,0.0,484.7197482479122,11987.491459637453
tubeMy,"nTOF 5 ns, no veto, strict",13.0,as is,"no MM loss, no dead time",False,10901005783.71244,0.009124617041584258,1.0,3.168048604662144,0.0,17688.11353504336,2382.5809425160433,3494.71468317159,0.0,0.0,748.3779781022502,11987.491459637453
tubeMy,"nTOF 5 ns, no veto, strict",13.0,as is,"no MM loss, no dead time",False,13545084316.226381,0.0080785551927542,1.0,4.538674798425887,0.0,21978.4296954619,2960.484600864352,4342.370418281968,0.0,0.0,1155.4503403933143,11987.491459637451
tubeMy,"nTOF 5 ns, no veto, strict",13.0,as is,"no MM loss, no dead time",False,16830493696.995401,0.007194923021850678,1.0,6.569314183091345,0.0,27309.377617989103,3678.5608898137093,5395.628129635369,0.0,0.0,1783.9454502663475,11987.49145963745
tubeMy,"nTOF 5 ns, no veto, strict",13.0,as is,"no MM loss, no dead time",False,20912791051.82548,0.006447489335976325,1.0,9.598229725418525,0.0,33933.36631487891,4570.809189859046,6704.3573230748625,0.0,0.0,2754.3038919722567,11987.491459637451
tubeMy,"nTOF 5 ns, no veto, strict",13.0,as is,"no MM loss, no dead time",False,25985264452.18819,0.005815000652705142,1.0,14.142647385697286,0.0,42164.02752076145,5679.475554680283,8330.523534153399,0.0,0.0,4252.478644008362,11987.491459637453
tubeMy,"nTOF 5 ns, no veto, strict",13.0,as is,"no MM loss, no dead time",False,32288084693.086143,0.005280190450485925,1.0,20.994880729683885,0.0,52391.06548624403,7057.052971665531,10351.12226405847,0.0,0.0,6565.569859757997,11987.491459637451
tubeMy,"nTOF 5 ns, no veto, strict",13.0,as is,"no MM loss, no dead time",False,40119676867.86863,0.004828964917737059,1.0,31.370445495682063,0.0,65098.70864286781,8768.766792886887,12861.824552347984,0.0,0.0,10136.842813801994,11987.49145963745
tubeMy,"nTOF 5 ns, no veto, strict",13.0,as is,"no MM loss, no dead time",False,49850850159.80715,0.004449699677806046,1.0,47.13637170741401,0.0,80888.63678639467,10895.6630163836,15981.506796589774,0.0,0.0,15650.672283840046,11987.491459637451
tubeMy,"nTOF 5 ns, no veto, strict",13.0,as is,"no MM loss, no dead time",False,61942354865.91934,0.0041326072044784185,1.0,71.16324673122963,0.0,100508.4693316432,13538.445641283262,19857.87929620126,0.0,0.0,24163.691539406114,11987.491459637451
tubeMy,"nTOF 5 ns, no veto, strict",13.0,as is,"no MM loss, no dead time",False,76966697940.67009,0.0038691832422822754,1.0,107.86818057258503,0.0,124887.16349697452,16822.244787340875,24674.480020034418,0.0,0.0,37307.27844927472,11987.491459637451
tubeMy,"nTOF 5 ns, no veto, strict",13.0,as is,"no MM loss, no dead time",False,95635249979.00362,0.0036517908680348027,1.0,164.05240581920927,0.0,155178.99844694664,20902.541339183877,30659.364737680953,0.0,0.0,57600.18178604528,11987.491459637451
tubeMy,"nTOF 5 ns, no veto, strict",13.0,as is,"no MM loss, no dead time",False,118831927096.53207,0.003473444306671946,1.0,250.19360450556778,0.0,192818.22794846992,25972.528634530423,38095.90497367828,0.0,0.0,88931.19733449664,11987.49145963745
tubeMy,"nTOF 5 ns, no veto, strict",13.0,as is,"no MM loss, no dead time",False,147655042472.05704,0.0033277872295301965,1.0,382.44009317476684,0.0,239586.98922714833,32272.259756614047,47336.20504471372,0.0,0.0,137304.3906132826,11987.49145963745
tubeMy,"nTOF 5 ns, no veto, strict",13.0,as is,"no MM loss, no dead time",False,183469309133.68265,0.0032091744703865357,1.0,585.68837029931,0.0,297699.6833632863,40100.01353559762,58817.77344791671,0.0,0.0,211989.67569024078,11987.491459637451
tubeMy,"nTOF 5 ns, no veto, strict",13.0,as is,"no MM loss, no dead time",False,227970456209.51935,0.003112743925850825,1.0,898.3329813190715,0.0,369907.822459328,49826.41741489943,73084.23795491393,0.0,0.0,327299.23929254187,11987.491459637451
tubeMy,"nTOF 5 ns, no veto, strict",13.0,as is,"no MM loss, no dead time",False,283265518084.60077,0.0030344173226051607,1.0,1379.5979329562579,0.0,459630.30786843103,61911.99587002318,90811.08522715881,0.0,0.0,505330.2322043614,11987.491459637453
tubeMy,"nTOF 5 ns, no veto, strict",13.0,as is,"no MM loss, no dead time",False,351972597984.32916,0.0029708332059269985,1.0,2120.8533565450116,0.0,571115.3078804035,76928.97526009103,112837.64366841599,0.0,0.0,780199.3189219504,11987.491459637451
tubeMy,"nTOF 5 ns, no veto, strict",13.0,as is,"no MM loss, no dead time",False,437344829577.31195,0.0029192453729006756,1.0,3263.084524919677,0.0,709641.399428116,95588.37752528593,140206.8238342406,0.0,0.0,1204580.566238734,11987.491459637451
tubeMy,"nTOF 5 ns, no veto, strict",13.0,as is,"no MM loss, no dead time",False,543424405915.04004,0.0028774169163652647,1.0,5023.858948435001,0.0,881767.4974451034,118773.68555897938,174214.4980220648,0.0,0.0,1859799.5478449962,11987.491459637451
tubeMy,"nTOF 5 ns, no veto, strict",13.0,as is,"no MM loss, no dead time",False,675233968650.1552,0.0028435258692922323,1.0,7738.956958225625,0.0,1095643.4054963265,147582.6742381053,216470.85706015342,0.0,0.0,2871418.031393796,11987.49145963745
tubeMy,"nTOF 5 ns, no veto, strict",13.0,as is,"no MM loss, no dead time",False,839014419404.4929,0.0028160870799641842,1.0,11926.640618550902,0.0,1361395.6915919604,183379.38772182938,268976.64940849226,0.0,0.0,4433295.792854235,11987.491459637453
tubeMy,"nTOF 5 ns, no veto, strict",13.0,as is,"no MM loss, no dead time",False,1042520413147.9036,0.0027938893005041675,1.0,18386.87334864883,0.0,1691607.1595808691,227858.72403273184,334217.9123304094,0.0,0.0,6844740.602746328,11987.491459637451
tubeMy,"nTOF 5 ns, no veto, strict",13.0,as is,"no MM loss, no dead time",False,1295387524568.9966,0.002775944733293286,1.0,28354.499460679963,0.0,2101912.6180714634,283126.68486265425,415283.6804538282,0.0,0.0,10567865.558260301,11987.49145963745
tubeMy,"nTOF 5 ns, no veto, strict",13.0,as is,"no MM loss, no dead time",False,1609588471982.2002,0.002761448318343751,1.0,43735.732226599896,0.0,2611739.1552673946,351800.0902603201,516012.24497142236,0.0,0.0,16316145.33539137,11987.49145963745
tubeMy,"nTOF 5 ns, no veto, strict",13.0,as is,"no MM loss, no dead time",True,2000000000000.0002,0.00274974460548711,1.0,67473.26239502954,0.0,3245225.970152546,437130.4794784969,641172.888540828,0.0,0.0,25191141.68684016,11987.49145963745
tubeMy,"nTOF 5 ns, no veto, strict",13.0,no Be window + air,MM occ + DREAM,False,1000000000.0,0.05009154454801157,0.9999960451238304,0.013271449029179849,0.004766368298377627,1607.2121787374099,216.49075804793296,317.54364245107485,0.0,0.0,0.2792478936787086,11873.713845285387
tubeMy,"nTOF 5 ns, no veto, strict",13.0,no Be window + air,MM occ + DREAM,False,1242553630.827767,0.041844287627611804,0.9999938939234989,0.020490314716587292,0.005922468235011486,1992.4308037409019,268.3795336834578,393.6528997986009,0.0,0.0,0.43014520058151,11846.265677371575
tubeMy,"nTOF 5 ns, no veto, strict",13.0,no Be window + air,MM occ + DREAM,False,1543939525.4832668,0.035122290605930126,0.9999905726184558,0.031635806780530594,0.00735898440887564,2468.591365872399,332.5181473725094,487.7299366025204,0.0,0.0,0.6622106827426694,11812.240585071508
tubeMy,"nTOF 5 ns, no veto, strict",13.0,no Be window + air,MM occ + DREAM,False,1918427663.1677406,0.029627075434872377,0.9999854447676502,0.0488437725090131,0.009143932796453392,3056.410865409451,411.69716974036106,603.867897387137,0.0,0.0,1.0187646205352399,11770.086928443765
tubeMy,"nTOF 5 ns, no veto, strict",13.0,no Be window + air,MM occ + DREAM,False,2383749258.3495045,0.025119723798565252,0.9999775277793888,0.07541183095037832,0.011361826896278258,3780.9157572813183,509.28765301680886,747.0113636837565,0.0,0.0,1.5659369187422691,11717.900167541904
tubeMy,"nTOF 5 ns, no veto, strict",13.0,no Be window + air,MM occ + DREAM,False,2961936295.9451733,0.021409211810034003,0.9999653046744724,0.11643130649335141,0.014117679262807128,4672.110784288104,629.3312225701536,923.0884982114029,0.0,0.0,2.4043934552697865,11653.349778506052
tubeMy,"nTOF 5 ns, no veto, strict",13.0,no Be window + air,MM occ + DREAM,False,3680364698.807223,0.01834295577754532,0.9999464335264834,0.1797628960987418,0.017541973626862873,5765.616800979382,776.6259914969568,1139.1370624122387,0.0,0.0,3.686831779448348,11573.595026536723
tubeMy,"nTOF 5 ns, no veto, strict",13.0,no Be window + air,MM occ + DREAM,False,4573050519.273255,0.015799150962025246,0.9999172990139491,0.27754304050218914,0.021796843021943388,7103.175268865944,956.7945159002953,1403.4040916837812,0.0,0.0,5.64384686351564,11475.190272842277
tubeMy,"nTOF 5 ns, no veto, strict",13.0,no Be window + air,MM occ + DREAM,False,5682260526.681813,0.013680577271294781,0.9998723204224205,0.4285096702541366,0.02708374643749875,8732.849821252372,1176.310945582108,1725.3857193871888,0.0,0.0,8.621718219793152,11353.982315221578
tubeMy,"nTOF 5 ns, no veto, strict",13.0,no Be window + air,MM occ + DREAM,False,7060513448.737786,0.01190961499964769,0.9998028841432682,0.6615930169571627,0.03365300747233267,10708.656452684532,1442.451210728,2115.7541118273402,0.0,0.0,13.1367508137378,11205.005269557309
tubeMy,"nTOF 5 ns, no veto, strict",13.0,no Be window + air,MM occ + DREAM,False,8773066621.237415,0.010424261584737027,0.9996956976647163,1.0214596086638847,0.041815666623020935,13089.21408404755,1763.1112536324995,2586.0908547467216,0.0,0.0,19.95178194249643,11022.383246216365
tubeMy,"nTOF 5 ns, no veto, strict",13.0,no Be window + air,MM occ + DREAM,False,10901005783.71244,0.009174972685932661,0.9995302533502955,1.5770718635008412,0.051958208387918134,15934.818989548643,2146.412955328663,3148.3089356097685,0.0,0.0,30.180775573650862,10799.258279840904
tubeMy,"nTOF 5 ns, no veto, strict",13.0,no Be window + air,MM occ + DREAM,False,13545084316.226381,0.008122175726583199,0.9992749248472436,2.4349035845865004,0.06456086048371343,19302.110550541725,2599.9856150259516,3813.598834241882,0.0,0.0,45.42586467636915,10527.771482480981
tubeMy,"nTOF 5 ns, no veto, strict",13.0,no Be window + air,MM occ + DREAM,False,16830493696.995401,0.0072343278421180286,0.9988809691551604,3.759343884984017,0.08022033160340335,23235.23380398637,3129.7755493600043,4590.6824705101,0.0,0.0,67.94548355705952,10199.140042081828
tubeMy,"nTOF 5 ns, no veto, strict",13.0,no Be window + air,MM occ + DREAM,False,20912791051.82548,0.006486415544028373,0.9982733350436603,5.804199613910643,0.09967806430001629,27752.182935436176,3738.206567036662,5483.11503102838,0.0,0.0,100.83837517746733,9803.891922711071
tubeMy,"nTOF 5 ns, no veto, strict",13.0,no Be window + air,MM occ + DREAM,False,25985264452.18819,0.005858819954421406,0.9973366351624036,8.96133319771136,0.12385534070986887,32824.980619725924,4421.510134931736,6485.368918472278,0.0,0.0,148.20003652982746,9332.343183961171
tubeMy,"nTOF 5 ns, no veto, strict",13.0,no Be window + air,MM occ + DREAM,False,32288084693.086143,0.005336498482930972,0.9958938743393192,13.835756524971922,0.15389690329645772,38352.805690933106,5166.105687313707,7577.524472770309,0.0,0.0,215.15731463434508,8775.426237397476
tubeMy,"nTOF 5 ns, no veto, strict",13.0,no Be window + air,MM occ + DREAM,False,40119676867.86863,0.004908462731191634,0.9936745181586337,21.361571363867153,0.19122515596416323,44128.6322041045,5944.106922453748,8718.678710786813,0.0,0.0,307.6058455174535,8125.99224624006
tubeMy,"nTOF 5 ns, no veto, strict",13.0,no Be window + air,MM occ + DREAM,False,49850850159.80715,0.004567568273857974,0.9902673255816272,32.98097435510627,0.23760751184887807,49803.137499410026,6708.460235090274,9839.814491374766,0.0,0.0,431.3660522118959,7380.699059299069
tubeMy,"nTOF 5 ns, no veto, strict",13.0,no Be window + air,MM occ + DREAM,False,61942354865.91934,0.004310685258863478,0.9850524712891008,50.920629895798555,0.2952400765597751,54855.44617217015,7389.003942341941,10838.020278986289,0.0,0.0,590.3698295566581,6542.525190924036
tubeMy,"nTOF 5 ns, no veto, strict",13.0,no Be window + air,MM occ + DREAM,False,76966697940.67009,0.004139410115058007,0.9771080438473679,78.61837315862829,0.3668516290952165,58589.13874282483,7891.930653346555,11575.701559879513,0.0,0.0,783.4957769495352,5623.7709356265495
tubeMy,"nTOF 5 ns, no veto, strict",13.0,no Be window + air,MM occ + DREAM,True,95635249979.00362,0.004061650981652531,0.965090886764737,121.38201374879891,0.45583282370734246,60182.44105795054,8106.547759018356,11890.496972311124,0.0,0.0,1000.0103338444102,4649.060152614431
tubeMy,"nTOF 5 ns, no veto, strict",13.0,no Be window + air,MM occ + DREAM,False,118831927096.53207,0.004094767943020308,0.9471067999747765,187.40648870952396,0.5663967301480318,58827.59489320545,7924.050589618846,11622.814340356459,0.0,0.0,1214.5934214314404,3657.306152413003
tubeMy,"nTOF 5 ns, no veto, strict",13.0,no Be window + air,MM occ + DREAM,False,147655042472.05704,0.004271696785674732,0.9206199185302315,289.3442852506699,0.7037783135344148,53982.06837421564,7271.360345533246,10665.463369035391,0.0,0.0,1384.887499408775,2700.9379169415633
tubeMy,"nTOF 5 ns, no veto, strict",13.0,no Be window + air,MM occ + DREAM,False,183469309133.68265,0.0046531849140693145,0.8825147294472802,446.73007847121437,0.8744822987800298,45701.94271304463,6156.031140818498,9029.524258328569,0.0,0.0,1456.8497995220575,1840.2829380671963
tubeMy,"nTOF 5 ns, no veto, strict",13.0,no Be window + air,MM occ + DREAM,False,227970456209.51935,0.005353381024487662,0.8295052914188893,689.7242253739493,1.0865911554437382,34923.00373553598,4704.112905588077,6899.884133671956,0.0,0.0,1383.2696557186212,1131.739270181707
tubeMy,"nTOF 5 ns, no veto, strict",13.0,no Be window + air,MM occ + DREAM,False,283265518084.60077,0.006596687626389668,0.7591066439276418,1064.892493238169,1.3501477854219557,23441.639606531422,3157.578318185197,4631.462929512523,0.0,0.0,1153.714596360833,611.3749458480713
tubeMy,"nTOF 5 ns, no veto, strict",13.0,no Be window + air,MM occ + DREAM,False,351972597984.32916,0.008853730678889414,0.6711631807789927,1644.1296107008313,1.6776310329301196,13377.659076883625,1801.964664513985,2643.0801402210864,0.0,0.0,818.0986370292105,280.7919376723582
tubeMy,"nTOF 5 ns, no veto, strict",13.0,no Be window + air,MM occ + DREAM,False,437344829577.31195,0.013196336066812999,0.5693288430897002,2538.43669097845,2.0845465311566658,6248.676171325688,841.6938715515887,1234.5771256529183,0.0,0.0,474.81967501830644,105.55465379862525
tubeMy,"nTOF 5 ns, no veto, strict",13.0,no Be window + air,MM occ + DREAM,False,543424405915.04004,0.022325408440101863,0.461271753523358,3919.1927401385833,2.590160860918142,2288.3676995520404,308.2421005281389,452.12239192586696,0.0,0.0,216.0636157846182,31.11000159835004
tubeMy,"nTOF 5 ns, no veto, strict",13.0,no Be window + air,MM occ + DREAM,False,675233968650.1552,0.043935278190878606,0.3567355440554431,6050.996579487026,3.218413782161812,625.9460746215613,84.31465489416881,123.67078792883987,0.0,0.0,73.43581069147545,6.848508544000639
tubeMy,"nTOF 5 ns, no veto, strict",13.0,no Be window + air,MM occ + DREAM,False,839014419404.4929,0.10345395946314712,0.2642687211340922,9342.372787634069,3.999051730531286,120.91994363726371,16.287862055468896,23.890659774442167,0.0,0.0,17.62722922599253,1.064735844695177
tubeMy,"nTOF 5 ns, no veto, strict",13.0,no Be window + air,MM occ + DREAM,False,1042520413147.9036,0.30151567000128854,0.18873730994710425,14424.058608627529,4.969036247639713,15.420811551387239,2.0771763844502273,3.046754332975449,0.0,0.0,2.7932415186172497,0.10927882737191488
tubeMy,"nTOF 5 ns, no veto, strict",13.0,no Be window + air,MM occ + DREAM,False,1295387524568.9966,1.1345116178876469,0.130951371317489,22269.8742037474,6.174294031219535,1.1934412734327164,0.1607560030898398,0.23579319148451455,0.0,0.0,0.2686070794113219,0.0068063567199952565
tubeMy,"nTOF 5 ns, no veto, strict",13.0,no Be window + air,MM occ + DREAM,False,1609588471982.2002,5.813314980867914,0.08891864679691558,34383.33901070581,7.671891466290044,0.0503735299948328,0.0067852918478372186,0.009952509325958205,0.0,0.0,0.01408750003024876,0.00023120695624867074
tubeMy,"nTOF 5 ns, no veto, strict",13.0,no Be window + air,MM occ + DREAM,False,2000000000000.0002,43.40768281506984,0.05945456179493085,53085.796116719415,9.532736596755257,0.001012512334445788,0.0001363849563342964,0.00020004630313287758,0.0,0.0,0.0003518414562286534,3.740104101710958e-06
tubeMy,"nTOF 5 ns, no veto, strict",13.0,no Be window + air,"MM occ ÷10, DAQ 10 µs",False,1000000000.0,0.049877030182605725,0.9999998672855274,0.013271449029179849,0.00047663682983776275,1621.0667127435886,218.35695755107184,320.28094076861277,0.0,0.0,0.281655073944207,11976.06795535589
tubeMy,"nTOF 5 ns, no veto, strict",13.0,no Be window + air,"MM occ ÷10, DAQ 10 µs",False,1242553630.827767,0.04162171887043263,0.9999997950968949,0.020490314716587292,0.0005922468235011486,2013.7965004897637,271.2574834318333,397.8742100020045,0.0,0.0,0.4347578335002279,11973.298304850508
tubeMy,"nTOF 5 ns, no veto, strict",13.0,no Be window + air,"MM occ ÷10, DAQ 10 µs",False,1543939525.4832668,0.03489028233813673,0.9999996836420323,0.031635806780530594,0.000735898440887564,2501.5310733225397,336.95511115992923,494.2379725814459,0.0,0.0,0.6710469066967271,11969.857497526931
tubeMy,"nTOF 5 ns, no veto, strict",13.0,no Be window + air,"MM occ ÷10, DAQ 10 µs",False,1918427663.1677406,0.029384052079961125,0.9999995115625134,0.0488437725090131,0.0009143932796453392,3107.17655494108,418.53528530153244,613.8978873154599,0.0,0.0,1.0356858692512465,11965.583085564518
tubeMy,"nTOF 5 ns, no veto, strict",13.0,no Be window + air,"MM occ ÷10, DAQ 10 µs",False,2383749258.3495045,0.024863897279322103,0.9999992458822591,0.07541183095037832,0.0011361826896278259,3859.1202804765226,519.8217671389449,762.4625589149072,0.0,0.0,1.5983267835119788,11960.273405741358
tubeMy,"nTOF 5 ns, no veto, strict",13.0,no Be window + air,"MM occ ÷10, DAQ 10 µs",False,2961936295.9451733,0.021138554712550703,0.9999988356882907,0.11643130649335141,0.001411767926280713,4792.519725901834,645.5502528827435,946.878197175568,0.0,0.0,2.4663591244370537,11953.678169220424
tubeMy,"nTOF 5 ns, no veto, strict",13.0,no Be window + air,"MM occ ÷10, DAQ 10 µs",False,3680364698.807223,0.018055167972450506,0.9999982023742704,0.1797628960987418,0.0017541973626862873,5950.882104562093,801.5811446143939,1175.7407044812494,0.0,0.0,3.8052999386159603,11945.48682409262
tubeMy,"nTOF 5 ns, no veto, strict",13.0,no Be window + air,"MM occ ÷10, DAQ 10 µs",False,4573050519.273255,0.01549161761795146,0.9999972245772979,0.27754304050218914,0.002179684302194339,7387.993270441799,995.1593726893306,1459.6767773021056,0.0,0.0,5.870149766657056,11935.314180461328
tubeMy,"nTOF 5 ns, no veto, strict",13.0,no Be window + air,"MM occ ÷10, DAQ 10 µs",False,5682260526.681813,0.013350315751756214,0.9999957149216594,0.4285096702541366,0.0027083746437498754,9170.262417504264,1235.2302256840526,1811.8071582646128,0.0,0.0,9.053564435846722,11922.682680389069
tubeMy,"nTOF 5 ns, no veto, strict",13.0,no Be window + air,"MM occ ÷10, DAQ 10 µs",False,7060513448.737786,0.01155320734497648,0.9999933841136007,0.6615930169571627,0.0033653007472332673,11379.555423858757,1532.8210005818742,2248.306431826995,0.0,0.0,13.959770269488429,11907.000570327582
tubeMy,"nTOF 5 ns, no veto, strict",13.0,no Be window + air,"MM occ ÷10, DAQ 10 µs",False,8773066621.237415,0.01003776788128274,0.9999897855082501,1.0214596086638847,0.004181566662302094,14116.592417370963,1901.4986533334734,2789.0742955486176,0.0,0.0,21.51780633076708,11887.535092311615
tubeMy,"nTOF 5 ns, no veto, strict",13.0,no Be window + air,"MM occ ÷10, DAQ 10 µs",False,10901005783.71244,0.008753818333605681,0.9999842295300766,1.5770718635008412,0.005195820838791814,17504.980667786003,2357.9130276131195,3458.5323554797387,0.0,0.0,33.15468429870825,11863.379655522376
tubeMy,"nTOF 5 ns, no veto, strict",13.0,no Be window + air,"MM occ ÷10, DAQ 10 µs",False,13545084316.226381,0.0076610020855703105,0.9999756515570153,2.4349035845865004,0.006456086048371343,21695.936461242498,2922.4328891932696,4286.557046688255,0.0,0.0,51.05952901548608,11833.41378987064
tubeMy,"nTOF 5 ns, no veto, strict",13.0,no Be window + air,"MM occ ÷10, DAQ 10 µs",False,16830493696.995401,0.006726790405330666,0.9999624079743636,3.759343884984017,0.008022033160340334,26873.71003625745,3619.876662383272,5309.551460586235,0.0,0.0,78.58527436347319,11796.25453405446
tubeMy,"nTOF 5 ns, no veto, strict",13.0,no Be window + air,"MM occ ÷10, DAQ 10 µs",False,20912791051.82548,0.005924905617042952,0.9999419613725387,5.804199613910643,0.009967806430001629,33261.651747996795,4480.32953962992,6571.643862414826,0.0,0.0,120.85719259597582,11750.19780126313
tubeMy,"nTOF 5 ns, no veto, strict",13.0,no Be window + air,"MM occ ÷10, DAQ 10 µs",False,25985264452.18819,0.005234072990233912,0.9999103946978525,8.96133319771136,0.012385534070986887,41128.72373118424,5540.020599584344,8125.974227761251,0.0,0.0,185.69023482450353,11693.148246585137
tubeMy,"nTOF 5 ns, no veto, strict",13.0,no Be window + air,"MM occ ÷10, DAQ 10 µs",False,32288084693.086143,0.004637031481812959,0.9998616615749178,13.835756524971922,0.015389690329645773,50796.0371227811,6842.203368058552,10035.985829026798,0.0,0.0,284.963218322977,11622.536314949435
tubeMy,"nTOF 5 ns, no veto, strict",13.0,no Be window + air,"MM occ ÷10, DAQ 10 µs",False,40119676867.86863,0.004119748728452839,0.9997864299082888,21.361571363867153,0.019122515596416326,62642.63323587879,8437.93453955015,12376.567446168958,0.0,0.0,436.6607166258364,11535.221613133628
tubeMy,"nTOF 5 ns, no veto, strict",13.0,no Be window + air,"MM occ ÷10, DAQ 10 µs",False,49850850159.80715,0.003670797352384866,0.9996702989950528,32.98097435510627,0.02376075118488781,77109.16124986531,10386.569360454714,15234.779983352786,0.0,0.0,667.8750807239592,11427.382740835616
tubeMy,"nTOF 5 ns, no veto, strict",13.0,no Be window + air,"MM occ ÷10, DAQ 10 µs",False,61942354865.91934,0.003280858642069189,0.9994910528601314,50.920629895798555,0.02952400765597751,94697.24462082481,12755.676284831354,18709.731287999504,0.0,0.0,1019.1585351582562,11294.395573746393
tubeMy,"nTOF 5 ns, no veto, strict",13.0,no Be window + air,"MM occ ÷10, DAQ 10 µs",False,76966697940.67009,0.00294232693206212,0.9992144338677269,78.61837315862829,0.03668516290952165,115961.05905392139,15619.902531068488,22910.91217551219,0.0,0.0,1550.7140403300384,11130.70523931847
tubeMy,"nTOF 5 ns, no veto, strict",13.0,no Be window + air,"MM occ ÷10, DAQ 10 µs",False,95635249979.00362,0.0026489942454033044,0.9987876514356131,121.38201374879891,0.04558328237073425,141485.83845895145,19058.0788437581,27953.94976087986,0.0,0.0,2350.9731088400376,10929.702454331673
tubeMy,"nTOF 5 ns, no veto, strict",13.0,no Be window + air,"MM occ ÷10, DAQ 10 µs",False,118831927096.53207,0.0023958005603630047,0.9981294406624784,187.40648870952396,0.05663967301480319,171845.5767521817,23147.521945416007,33952.25042648775,0.0,0.0,3548.037403266317,10683.623667798553
tubeMy,"nTOF 5 ns, no veto, strict",13.0,no Be window + air,"MM occ ÷10, DAQ 10 µs",False,147655042472.05704,0.0021786409535418673,0.9971149050049855,289.3442852506699,0.07037783135344149,207529.1133435739,27954.07828483496,41002.39622221482,0.0,0.0,5324.073039227597,10383.508227458995
tubeMy,"nTOF 5 ns, no veto, strict",13.0,no Be window + air,"MM occ ÷10, DAQ 10 µs",False,183469309133.68265,0.001994227226463967,0.995552567235168,446.73007847121437,0.08744822987800299,248820.4103427792,33515.99743054647,49160.49073152666,0.0,0.0,7931.69706594131,10019.266766661924
tubeMy,"nTOF 5 ns, no veto, strict",13.0,no Be window + air,"MM occ ÷10, DAQ 10 µs",False,227970456209.51935,0.0018400084720332946,0.9931500038292872,689.7242253739493,0.10865911554437382,295616.2173156637,39819.371595482866,58406.134333655544,0.0,0.0,11709.100003187436,9579.945773629814
tubeMy,"nTOF 5 ns, no veto, strict",13.0,no Be window + air,"MM occ ÷10, DAQ 10 µs",False,283265518084.60077,0.001714162204575367,0.9894632798099555,1064.892493238169,0.13501477854219557,347165.0468687871,46762.97576553481,68590.85251644552,0.0,0.0,17086.235802687414,9054.315964767682
tubeMy,"nTOF 5 ns, no veto, strict",13.0,no Be window + air,"MM occ ÷10, DAQ 10 µs",False,351972597984.32916,0.0016156757598825497,0.9838246476506032,1644.1296107008313,0.16776310329301197,401720.8006232975,54111.61127392715,79369.66130912179,0.0,0.0,24566.87209379554,8431.965664697142
tubeMy,"nTOF 5 ns, no veto, strict",13.0,no Be window + air,"MM occ ÷10, DAQ 10 µs",False,437344829577.31195,0.001544549943856654,0.9752440472773292,2538.43669097845,0.20845465311566658,456132.3143981674,61440.817721896536,90119.97200482736,0.0,0.0,34660.237040566186,7705.1342096432645
tubeMy,"nTOF 5 ns, no veto, strict",13.0,no Be window + air,"MM occ ÷10, DAQ 10 µs",False,543424405915.04004,0.0015021815147933004,0.9622861510294931,3919.1927401385833,0.2590160860918142,505451.8706126765,68084.13977527626,99864.2433161167,0.0,0.0,47723.86832371924,6871.539266057442
tubeMy,"nTOF 5 ns, no veto, strict",13.0,no Be window + air,"MM occ ÷10, DAQ 10 µs",True,675233968650.1552,0.001492033374715096,0.9429425769238132,6050.996579487026,0.32184137821618125,542758.4654400817,73109.32132953548,107235.06352620678,0.0,0.0,63676.264673999474,5938.348587204378
tubeMy,"nTOF 5 ns, no veto, strict",13.0,no Be window + air,"MM occ ÷10, DAQ 10 µs",False,839014419404.4929,0.0015208092873447898,0.9145585325299376,9342.372787634069,0.3999051730531286,559554.841641046,75371.78565397928,110553.59392897083,0.0,0.0,81569.68289456825,4927.04577133424
tubeMy,"nTOF 5 ns, no veto, strict",13.0,no Be window + air,"MM occ ÷10, DAQ 10 µs",False,1042520413147.9036,0.001600570918250039,0.8739420819011225,14424.058608627529,0.4969036247639713,547239.1529118648,73712.86791795437,108120.33171873173,0.0,0.0,99123.90910378812,3877.9835109799337
tubeMy,"nTOF 5 ns, no veto, strict",13.0,no Be window + air,"MM occ ÷10, DAQ 10 µs",False,1295387524568.9966,0.0017527019142392932,0.817862949898538,22269.8742037474,0.6174294031219536,500037.789292078,67354.86545497444,98794.56059107676,0.0,0.0,112543.19183273276,2851.783027086323
tubeMy,"nTOF 5 ns, no veto, strict",13.0,no Be window + air,"MM occ ÷10, DAQ 10 µs",False,1609588471982.2002,0.0020156674120626666,0.7441398668627618,34383.33901070581,0.7671891466290045,418998.3824622385,56438.89378150865,82783.2655254573,0.0,0.0,117177.40897285633,1923.1398056111582
tubeMy,"nTOF 5 ns, no veto, strict",13.0,no Be window + air,"MM occ ÷10, DAQ 10 µs",False,2000000000000.0002,0.0024610091676470036,0.6532284675434914,53085.796116719415,0.9532736596755257,314997.4698599277,42430.017601489555,62235.36958310749,0.0,0.0,109459.573709314,1163.5644218562047
tubeMy,"nTOF 5 ns, no veto, strict",13.0,no Be window + air,"no MM loss, DREAM",False,1000000000.0,0.04985335789165732,0.9999960451238304,0.013271449029179849,0.0,1622.606567842846,218.5643753407903,320.5851763907253,0.0,0.0,0.28192261876419217,11987.444050593142
tubeMy,"nTOF 5 ns, no veto, strict",13.0,no Be window + air,"no MM loss, DREAM",False,1242553630.827767,0.04159719857408917,0.9999938939234989,0.020490314716587292,0.0,2016.1713450631605,271.57737392839766,398.3434179921306,0.0,0.0,0.43527053787794373,11987.418263097541
tubeMy,"nTOF 5 ns, no veto, strict",13.0,no Be window + air,"no MM loss, DREAM",False,1543939525.4832668,0.034864774906105456,0.9999905726184558,0.031635806780530594,0.0,2505.192704591528,337.44833124599035,494.9614164091182,0.0,0.0,0.6720291556732529,11987.3784489817
tubeMy,"nTOF 5 ns, no veto, strict",13.0,no Be window + air,"no MM loss, DREAM",False,1918427663.1677406,0.02935740226379619,0.9999854447676502,0.0488437725090131,0.0,3112.820328702883,419.2954990904198,615.0129513382454,0.0,0.0,1.037567055154589,11987.316978913963
tubeMy,"nTOF 5 ns, no veto, strict",13.0,no Be window + air,"no MM loss, DREAM",False,2383749258.3495045,0.024835933088443455,0.9999775277793888,0.07541183095037832,0.0,3867.8155794055624,520.9930199962249,764.1805255472267,0.0,0.0,1.6019281040614413,11987.22207408479
tubeMy,"nTOF 5 ns, no veto, strict",13.0,no Be window + air,"no MM loss, DREAM",False,2961936295.9451733,0.021109086942518687,0.9999653046744724,0.11643130649335141,0.0,4805.909546387798,647.3538556835945,949.5236800963232,0.0,0.0,2.473249885001199,11987.075549719
tubeMy,"nTOF 5 ns, no veto, strict",13.0,no Be window + air,"no MM loss, DREAM",False,3680364698.807223,0.018023989955404073,0.9999464335264834,0.1797628960987418,0.0,5971.487661429948,804.3567038624739,1179.8118306642841,0.0,0.0,3.8184761909608484,11986.849331993646
tubeMy,"nTOF 5 ns, no veto, strict",13.0,no Be window + air,"no MM loss, DREAM",False,4573050519.273255,0.015458505334944275,0.9999172990139491,0.27754304050218914,0.0,7419.6774885873565,999.4272226317547,1465.936761000125,0.0,0.0,5.89532454672866,11986.500082273458
tubeMy,"nTOF 5 ns, no veto, strict",13.0,no Be window + air,"no MM loss, DREAM",False,5682260526.681813,0.013315028544657739,0.9998723204224205,0.4285096702541366,0.0,9218.932495466577,1241.786063308797,1821.423109437079,0.0,0.0,9.101615153140092,11985.960901791643
tubeMy,"nTOF 5 ns, no veto, strict",13.0,no Be window + air,"no MM loss, DREAM",False,7060513448.737786,0.011515489585527243,0.9998028841432682,0.6615930169571627,0.0,11454.22254919893,1542.8786288029671,2263.0587285464576,0.0,0.0,14.051367513634405,11985.128534988316
tubeMy,"nTOF 5 ns, no veto, strict",13.0,no Be window + air,"no MM loss, DREAM",False,8773066621.237415,0.009997352094220806,0.9996956976647163,1.0214596086638847,0.0,14230.959986015225,1916.9039134226211,2811.6703751490727,0.0,0.0,21.692135879984615,11983.84363799209
tubeMy,"nTOF 5 ns, no veto, strict",13.0,no Be window + air,"no MM loss, DREAM",False,10901005783.71244,0.008710430438574428,0.9995302533502955,1.5770718635008412,0.0,17679.804602970682,2381.461733100647,3493.0730526574966,0.0,0.0,33.48580333784964,11981.860375685927
tubeMy,"nTOF 5 ns, no veto, strict",13.0,no Be window + air,"no MM loss, DREAM",False,13545084316.226381,0.007614369641732684,0.9992749248472436,2.4349035845865004,0.0,21962.49368219311,2958.338027040148,4339.221873387606,0.0,0.0,51.68684861433025,11978.799627436185
tubeMy,"nTOF 5 ns, no veto, strict",13.0,no Be window + air,"no MM loss, DREAM",False,16830493696.995401,0.0066766550459930445,0.9988809691551604,3.759343884984017,0.0,27278.817582081207,3674.444466713387,5389.590255331023,0.0,0.0,79.76990750836912,11974.077086941865
tubeMy,"nTOF 5 ns, no veto, strict",13.0,no Be window + air,"no MM loss, DREAM",False,20912791051.82548,0.005871041286740899,0.9982733350436603,5.804199613910643,0.0,33874.77476041238,4562.9169338088,6692.781144230331,0.0,0.0,123.08499314412504,11966.793078219674
tubeMy,"nTOF 5 ns, no veto, strict",13.0,no Be window + air,"no MM loss, DREAM",False,25985264452.18819,0.005176312186585931,0.9973366351624036,8.96133319771136,0.0,42051.7293324512,5664.349039191958,8308.336310693765,0.0,0.0,189.85747152175222,11955.564396392861
tubeMy,"nTOF 5 ns, no veto, strict",13.0,no Be window + air,"no MM loss, DREAM",False,32288084693.086143,0.004575302513879248,0.9958938743393192,13.835756524971922,0.0,52175.94118786054,7028.0758253697895,10308.619255313173,0.0,0.0,292.70441085757426,11938.26931334784
tubeMy,"nTOF 5 ns, no veto, strict",13.0,no Be window + air,"no MM loss, DREAM",False,40119676867.86863,0.004054128106070315,0.9936745181586337,21.361571363867153,0.0,64686.92794345096,8713.300117767307,12780.46731469527,0.0,0.0,450.91080711359706,11911.664800085977
tubeMy,"nTOF 5 ns, no veto, strict",13.0,no Be window + air,"no MM loss, DREAM",False,49850850159.80715,0.003601582906455307,0.9902673255816272,32.98097435510627,0.0,80101.3740204067,10789.619075672836,15825.963994223555,0.0,0.0,693.7919019326982,11870.821108167775
tubeMy,"nTOF 5 ns, no veto, strict",13.0,no Be window + air,"no MM loss, DREAM",False,61942354865.91934,0.003208670919695578,0.9850524712891008,50.920629895798555,0.0,99006.11610061991,13336.079336359233,19561.053075283722,0.0,0.0,1065.5318289443296,11808.308086872856
tubeMy,"nTOF 5 ns, no veto, strict",13.0,no Be window + air,"no MM loss, DREAM",False,76966697940.67009,0.002868248785604821,0.9771080438473679,78.61837315862829,0.0,122028.25202617518,16437.15069728022,24109.632905326795,0.0,0.0,1631.8488747669228,11713.074330763375
tubeMy,"nTOF 5 ns, no veto, strict",13.0,no Be window + air,"no MM loss, DREAM",False,95635249979.00362,0.002574760996656582,0.965090886764737,121.38201374879891,0.0,149761.83721842742,20172.852156669538,29589.073502332016,0.0,0.0,2488.489702332654,11569.018762866215
tubeMy,"nTOF 5 ns, no veto, strict",13.0,no Be window + air,"no MM loss, DREAM",False,118831927096.53207,0.0023240545639552864,0.9471067999747765,187.40648870952396,0.0,182619.45484908242,24598.75848230336,36080.89065176361,0.0,0.0,3770.482014227479,11353.434676062187
tubeMy,"nTOF 5 ns, no veto, strict",13.0,no Be window + air,"no MM loss, DREAM",False,147655042472.05704,0.002113262175824015,0.9206199185302315,289.3442852506699,0.0,220568.5545032007,29710.48514792049,43578.65323179467,0.0,0.0,5658.594475791687,11035.923410953274
tubeMy,"nTOF 5 ns, no veto, strict",13.0,no Be window + air,"no MM loss, DREAM",False,183469309133.68265,0.0019407405249254224,0.8825147294472802,446.73007847121437,0.0,262724.3555198916,35388.85259620021,51907.55142107963,0.0,0.0,8374.915855808204,10579.137782253525
tubeMy,"nTOF 5 ns, no veto, strict",13.0,no Be window + air,"no MM loss, DREAM",False,227970456209.51935,0.0018060410292754826,0.8295052914188893,689.7242253739493,0.0,306840.4960672516,41331.276898105374,60623.76210291832,0.0,0.0,12153.683874665829,9943.687596608008
tubeMy,"nTOF 5 ns, no veto, strict",13.0,no Be window + air,"no MM loss, DREAM",False,283265518084.60077,0.0017098743064957065,0.7591066439276418,1064.892493238169,0.0,348908.4204534334,46997.80740375531,68935.29813821557,0.0,0.0,17172.03848480679,9099.784411036651
tubeMy,"nTOF 5 ns, no veto, strict",13.0,no Be window + air,"no MM loss, DREAM",False,351972597984.32916,0.0016540186676456095,0.6711631807789927,1644.1296107008313,0.0,383311.5666285852,51631.89572963111,75732.47183610062,0.0,0.0,23441.072045127064,8045.562897611281
tubeMy,"nTOF 5 ns, no veto, strict",13.0,no Be window + air,"no MM loss, DREAM",True,437344829577.31195,0.0016411425715171383,0.5693288430897002,2538.43669097845,0.0,404019.3169449651,54421.22038929253,79823.78880682963,0.0,0.0,30700.314036633372,6824.82464426305
tubeMy,"nTOF 5 ns, no veto, strict",13.0,no Be window + air,"no MM loss, DREAM",False,543424405915.04004,0.0016745836393688824,0.461271753523358,3919.1927401385833,0.0,406734.439746406,54786.946210222355,80360.22699182943,0.0,0.0,38403.14374868271,5529.491205933245
tubeMy,"nTOF 5 ns, no veto, strict",13.0,no Be window + air,"no MM loss, DREAM",False,675233968650.1552,0.001758223314246796,0.3567355440554431,6050.996579487026,0.0,390854.9463504906,52647.98558748773,77222.84896550192,0.0,0.0,45854.98817190399,4276.364287713744
tubeMy,"nTOF 5 ns, no veto, strict",13.0,no Be window + air,"no MM loss, DREAM",False,839014419404.4929,0.001896623020374185,0.2642687211340922,9342.372787634069,0.0,359774.2983744703,48461.43627560069,71082.11515411534,0.0,0.0,52446.46859985031,3167.9190376442416
tubeMy,"nTOF 5 ns, no veto, strict",13.0,no Be window + air,"no MM loss, DREAM",False,1042520413147.9036,0.002095486488813275,0.18873730994710425,14424.058608627529,0.0,319269.38478655514,43005.442621917406,63079.38970937859,0.0,0.0,57830.71132394243,2262.4868911058584
tubeMy,"nTOF 5 ns, no veto, strict",13.0,no Be window + air,"no MM loss, DREAM",False,1295387524568.9966,0.002362365655763397,0.130951371317489,22269.8742037474,0.0,275248.3397259917,37075.827639339135,54381.9674412027,0.0,0.0,61949.971307727006,1569.7784452962117
tubeMy,"nTOF 5 ns, no veto, strict",13.0,no Be window + air,"no MM loss, DREAM",False,1609588471982.2002,0.00270747044954789,0.08891864679691558,34383.33901070581,0.0,232232.31147289617,31281.587968980428,45883.110553497405,0.0,0.0,64946.26632746912,1065.9115190805444
tubeMy,"nTOF 5 ns, no veto, strict",13.0,no Be window + air,"no MM loss, DREAM",False,2000000000000.0002,0.0031445007422710516,0.05945456179493085,53085.796116719415,0.0,192943.487980949,25989.401104602042,38120.65312298497,0.0,0.0,67046.6081958506,712.7110517532205
tubeMy,"nTOF 5 ns, no veto, strict",13.0,no Be window + air,"no MM loss, no dead time",False,1000000000.0,0.04985325930963126,1.0,0.013271449029179849,0.0,1622.6129850762732,218.56523973924845,320.58644427041406,0.0,0.0,0.28192373373764834,11987.491459637451
tubeMy,"nTOF 5 ns, no veto, strict",13.0,no Be window + air,"no MM loss, no dead time",False,1242553630.827767,0.041597071576056965,1.0,0.020490314716587292,0.0,2016.183656034804,271.57903221074446,398.3458503223666,0.0,0.0,0.4352731956893755,11987.491459637451
tubeMy,"nTOF 5 ns, no veto, strict",13.0,no Be window + air,"no MM loss, no dead time",False,1543939525.4832668,0.03486461056395039,1.0,0.031635806780530594,0.0,2505.216322221648,337.4515125301517,494.9660826432307,0.0,0.0,0.6720354912082397,11987.49145963745
tubeMy,"nTOF 5 ns, no veto, strict",13.0,no Be window + air,"no MM loss, no dead time",False,1918427663.1677406,0.029357188611113173,1.0,0.0488437725090131,0.0,3112.865637185506,419.30160212266327,615.0219031249454,0.0,0.0,1.0375821574039719,11987.49145963745
tubeMy,"nTOF 5 ns, no veto, strict",13.0,no Be window + air,"no MM loss, no dead time",False,2383749258.3495045,0.024835654027591924,1.0,0.07541183095037832,0.0,3867.9024997638417,521.0047281294152,764.1976987665041,0.0,0.0,1.6019641037521926,11987.49145963745
tubeMy,"nTOF 5 ns, no veto, strict",13.0,no Be window + air,"no MM loss, no dead time",False,2961936295.9451733,0.021108720746020822,1.0,0.11643130649335141,0.0,4806.076294769357,647.3763166156382,949.5566252725439,0.0,0.0,2.4733356981883867,11987.491459637451
tubeMy,"nTOF 5 ns, no veto, strict",13.0,no Be window + air,"no MM loss, no dead time",False,3680364698.807223,0.01802350720814893,1.0,0.1797628960987418,0.0,5971.807550100926,804.3997927226675,1179.8750324089608,0.0,0.0,3.818680744221802,11987.491459637451
tubeMy,"nTOF 5 ns, no veto, strict",13.0,no Be window + air,"no MM loss, no dead time",False,4573050519.273255,0.015457866104910716,1.0,0.27754304050218914,0.0,7420.291153982578,999.5098830846537,1466.0580054427835,0.0,0.0,5.895812136205896,11987.491459637451
tubeMy,"nTOF 5 ns, no veto, strict",13.0,no Be window + air,"no MM loss, no dead time",False,5682260526.681813,0.01331417848891318,1.0,0.4285096702541366,0.0,9220.109715180251,1241.9446342750787,1821.6556976670524,0.0,0.0,9.102777391912294,11987.491459637451
tubeMy,"nTOF 5 ns, no veto, strict",13.0,no Be window + air,"no MM loss, no dead time",False,7060513448.737786,0.01151435458679525,1.0,0.6615930169571627,0.0,11456.48080322759,1543.182814605562,2263.504901254285,0.0,0.0,14.054137807048871,11987.491459637451
tubeMy,"nTOF 5 ns, no veto, strict",13.0,no Be window + air,"no MM loss, no dead time",False,8773066621.237415,0.009995830869689486,1.0,1.0214596086638847,0.0,14235.291818559055,1917.4874093191538,2812.526233449958,0.0,0.0,21.698738856891474,11987.491459637451
tubeMy,"nTOF 5 ns, no veto, strict",13.0,no Be window + air,"no MM loss, no dead time",False,10901005783.71244,0.008708384350502451,1.0,1.5770718635008412,0.0,17688.11353504336,2382.5809425160433,3494.71468317159,0.0,0.0,33.50154057429435,11987.491459637453
tubeMy,"nTOF 5 ns, no veto, strict",13.0,no Be window + air,"no MM loss, no dead time",False,13545084316.226381,0.00761160864604403,1.0,2.4349035845865004,0.0,21978.4296954619,2960.484600864353,4342.370418281968,0.0,0.0,51.72435265723443,11987.491459637451
tubeMy,"nTOF 5 ns, no veto, strict",13.0,no Be window + air,"no MM loss, no dead time",False,16830493696.995401,0.006672918308850988,1.0,3.759343884984017,0.0,27309.377617989103,3678.5608898137093,5395.62812963537,0.0,0.0,79.85927249754032,11987.491459637451
tubeMy,"nTOF 5 ns, no veto, strict",13.0,no Be window + air,"no MM loss, no dead time",False,20912791051.82548,0.005865970436256725,1.0,5.804199613910643,0.0,33933.36631487891,4570.809189859046,6704.357323074863,0.0,0.0,123.29788728529125,11987.491459637451
tubeMy,"nTOF 5 ns, no veto, strict",13.0,no Be window + air,"no MM loss, no dead time",False,25985264452.18819,0.005169414386751279,1.0,8.96133319771136,0.0,42164.02752076145,5679.475554680283,8330.523534153399,0.0,0.0,190.36448158834193,11987.491459637451
tubeMy,"nTOF 5 ns, no veto, strict",13.0,no Be window + air,"no MM loss, no dead time",False,32288084693.086143,0.004565899467899336,1.0,13.835756524971922,0.0,52391.06548624403,7057.052971665529,10351.12226405847,0.0,0.0,293.91124737237266,11987.49145963745
tubeMy,"nTOF 5 ns, no veto, strict",13.0,no Be window + air,"no MM loss, no dead time",False,40119676867.86863,0.004041285608247229,1.0,21.361571363867153,0.0,65098.70864286781,8768.766792886889,12861.824552347984,0.0,0.0,453.78119180229606,11987.491459637451
tubeMy,"nTOF 5 ns, no veto, strict",13.0,no Be window + air,"no MM loss, no dead time",False,49850850159.80715,0.0035840135357791385,1.0,32.98097435510627,0.0,80888.63678639467,10895.6630163836,15981.506796589774,0.0,0.0,700.6107179444741,11987.491459637453
tubeMy,"nTOF 5 ns, no veto, strict",13.0,no Be window + air,"no MM loss, no dead time",False,61942354865.91934,0.003184599779661135,1.0,50.920629895798555,0.0,100508.46933164317,13538.445641283262,19857.87929620126,0.0,0.0,1081.700579411682,11987.49145963745
tubeMy,"nTOF 5 ns, no veto, strict",13.0,no Be window + air,"no MM loss, no dead time",False,76966697940.67009,0.0028352288058562125,1.0,78.61837315862829,0.0,124887.16349697452,16822.24478734087,24674.480020034418,0.0,0.0,1670.0802792918473,11987.49145963745
tubeMy,"nTOF 5 ns, no veto, strict",13.0,no Be window + air,"no MM loss, no dead time",False,95635249979.00362,0.002529420470670594,1.0,121.38201374879891,0.0,155178.99844694664,20902.541339183877,30659.364737680953,0.0,0.0,2578.5029539288153,11987.49145963745
tubeMy,"nTOF 5 ns, no veto, strict",13.0,no Be window + air,"no MM loss, no dead time",False,118831927096.53207,0.0022617562418986246,1.0,187.40648870952396,0.0,192818.22794846992,25972.528634530423,38095.90497367828,0.0,0.0,3981.0526271460567,11987.491459637451
tubeMy,"nTOF 5 ns, no veto, strict",13.0,no Be window + air,"no MM loss, no dead time",False,147655042472.05704,0.0020276526679359422,1.0,289.3442852506699,0.0,239586.98922714833,32272.259756614047,47336.20504471373,0.0,0.0,6146.504504079844,11987.49145963745
tubeMy,"nTOF 5 ns, no veto, strict",13.0,no Be window + air,"no MM loss, no dead time",False,183469309133.68265,0.001823175414878403,1.0,446.73007847121437,0.0,297699.68336328625,40100.01353559762,58817.773447916705,0.0,0.0,9489.8312474098,11987.49145963745
tubeMy,"nTOF 5 ns, no veto, strict",13.0,no Be window + air,"no MM loss, no dead time",False,227970456209.51935,0.0016448912586827006,1.0,689.7242253739493,0.0,369907.82245932793,49826.41741489942,73084.23795491392,0.0,0.0,14651.725553042159,11987.49145963745
tubeMy,"nTOF 5 ns, no veto, strict",13.0,no Be window + air,"no MM loss, no dead time",False,283265518084.60077,0.001489757507440067,1.0,1064.892493238169,0.0,459630.307868431,61911.995870023165,90811.08522715881,0.0,0.0,22621.378197874976,11987.49145963745
tubeMy,"nTOF 5 ns, no veto, strict",13.0,no Be window + air,"no MM loss, no dead time",False,351972597984.32916,0.001355047341812935,1.0,1644.1296107008313,0.0,571115.3078804035,76928.97526009103,112837.64366841597,0.0,0.0,34926.0399206046,11987.49145963745
tubeMy,"nTOF 5 ns, no veto, strict",13.0,no Be window + air,"no MM loss, no dead time",False,437344829577.31195,0.001238305792634918,1.0,2538.43669097845,0.0,709641.399428116,95588.37752528593,140206.8238342406,0.0,0.0,53923.69350202833,11987.49145963745
tubeMy,"nTOF 5 ns, no veto, strict",13.0,no Be window + air,"no MM loss, no dead time",False,543424405915.04004,0.0011373268034556262,1.0,3919.1927401385833,0.0,881767.4974451034,118773.68555897937,174214.49802206477,0.0,0.0,83254.92175782674,11987.491459637451
tubeMy,"nTOF 5 ns, no veto, strict",13.0,no Be window + air,"no MM loss, no dead time",False,675233968650.1552,0.0010501400605857358,1.0,6050.996579487026,0.0,1095643.4054963265,147582.6742381053,216470.85706015342,0.0,0.0,128540.56439292547,11987.49145963745
tubeMy,"nTOF 5 ns, no veto, strict",13.0,no Be window + air,"no MM loss, no dead time",False,839014419404.4929,0.0009749983911174701,1.0,9342.372787634069,0.0,1361395.6915919604,183379.38772182935,268976.6494084923,0.0,0.0,198458.85799416472,11987.491459637451
tubeMy,"nTOF 5 ns, no veto, strict",13.0,no Be window + air,"no MM loss, no dead time",False,1042520413147.9036,0.0009103612120203398,1.0,14424.058608627529,0.0,1691607.1595808691,227858.72403273184,334217.91233040934,0.0,0.0,306408.47503946174,11987.491459637451
tubeMy,"nTOF 5 ns, no veto, strict",13.0,no Be window + air,"no MM loss, no dead time",False,1295387524568.9966,0.0008548740724957438,1.0,22269.8742037474,0.0,2101912.6180714634,283126.68486265425,415283.6804538282,0.0,0.0,473076.15555648156,11987.49145963745
tubeMy,"nTOF 5 ns, no veto, strict",13.0,no Be window + air,"no MM loss, no dead time",False,1609588471982.2002,0.0008073468360729297,1.0,34383.33901070581,0.0,2611739.1552673946,351800.09026032017,516012.24497142236,0.0,0.0,730400.9751273226,11987.49145963745
tubeMy,"nTOF 5 ns, no veto, strict",13.0,no Be window + air,"no MM loss, no dead time",True,2000000000000.0002,0.000766733242325458,1.0,53085.796116719415,0.0,3245225.970152546,437130.4794784969,641172.888540828,0.0,0.0,1127694.9349505936,11987.49145963745
tubeMy,"nTOF 5 ns, no veto, strict",13.0,oracle: no accidentals,MM occ + DREAM,False,1000000000.0,0.05010115490687607,0.9999630082867755,0.12413785792627809,0.005060247802405994,1606.214736643859,216.35640304627333,317.34657363856195,0.0,0.0,0.0,11866.344972554865
tubeMy,"nTOF 5 ns, no veto, strict",13.0,oracle: no accidentals,MM occ + DREAM,False,1242553630.827767,0.04185347941894013,0.9999525261914726,0.15931564562762435,0.006287629279767796,1990.893856061937,268.17250752194593,393.3492386076942,0.0,0.0,0.0,11837.12754795546
tubeMy,"nTOF 5 ns, no veto, strict",13.0,oracle: no accidentals,MM occ + DREAM,False,1543939525.4832668,0.03513103809804888,0.9999386805885492,0.20578245554249144,0.007812716590874453,2466.2242380734033,332.1992963219882,487.2622532478368,0.0,0.0,0.0,11800.91384892396
tubeMy,"nTOF 5 ns, no veto, strict",13.0,oracle: no accidentals,MM occ + DREAM,False,1918427663.1677406,0.029635357360494944,0.9999202091601176,0.26777586231057127,0.009707719366619424,3052.767315852428,411.2063852527742,603.1480260390387,0.0,0.0,0.0,11756.055799481492
tubeMy,"nTOF 5 ns, no veto, strict",13.0,oracle: no accidentals,MM occ + DREAM,False,2383749258.3495045,0.025127523542949164,0.9998953006610704,0.3513768524463909,0.012062361946049998,3775.311672991187,508.5327853819158,745.9041412761408,0.0,0.0,0.0,11700.531861962554
tubeMy,"nTOF 5 ns, no veto, strict",13.0,oracle: no accidentals,MM occ + DREAM,False,2961936295.9451733,0.02141651709059535,0.9998613298613671,0.4654005728427863,0.014988131632423112,4663.499206666015,628.1712469352881,921.3870727483902,0.0,0.0,0.0,11631.870466304717
tubeMy,"nTOF 5 ns, no veto, strict",13.0,oracle: no accidentals,MM occ + DREAM,False,3680364698.807223,0.018349757908133854,0.9998144565904481,0.622744437239696,0.018623557379191847,5752.398960979366,774.8455543902595,1136.5255583964852,0.0,0.0,0.0,11547.06223176969
tubeMy,"nTOF 5 ns, no veto, strict",13.0,oracle: no accidentals,MM occ + DREAM,False,4573050519.273255,0.015805443932469777,0.9997490171460343,0.8424357791034679,0.023140768840444078,7082.916397598086,954.0656550467023,1399.401461626935,0.0,0.0,0.0,11442.462036002808
tubeMy,"nTOF 5 ns, no veto, strict",13.0,oracle: no accidentals,MM occ + DREAM,False,5682260526.681813,0.013686356941426722,0.9996565980548751,1.15275137761892,0.02875364634283997,8701.854671605794,1172.1359128567658,1719.2618778388853,0.0,0.0,0.0,11313.684086333169
tubeMy,"nTOF 5 ns, no veto, strict",13.0,oracle: no accidentals,MM occ + DREAM,False,7060513448.737786,0.011914878678663123,0.9995246235372258,1.5959817215888719,0.03572794766283335,10661.340849442564,1436.077820239262,2106.405769899003,0.0,0.0,0.0,11155.496576660016
tubeMy,"nTOF 5 ns, no veto, strict",13.0,oracle: no accidentals,MM occ + DREAM,False,8773066621.237415,0.01042900817829183,0.9993341984271341,2.2357220132260447,0.044393891090478005,13017.185098003227,1753.4089815887364,2571.8597862585893,0.0,0.0,0.0,10961.727878833803
tubeMy,"nTOF 5 ns, no veto, strict",13.0,oracle: no accidentals,MM occ + DREAM,False,10901005783.71244,0.009179203524764108,0.9990568119593463,3.168048604662144,0.055161790561045906,15825.548820845117,2131.694312720296,3126.719970667618,0.0,0.0,0.0,10725.204299379307
tubeMy,"nTOF 5 ns, no veto, strict",13.0,oracle: no accidentals,MM occ + DREAM,False,13545084316.226381,0.008125896213745761,0.9986493017633231,4.538674798425887,0.06854148314458842,19137.063009208276,2577.753785395781,3780.9897001487166,0.0,0.0,0.0,10437.751129817778
tubeMy,"nTOF 5 ns, no veto, strict",13.0,oracle: no accidentals,MM occ + DREAM,False,16830493696.995401,0.007237550205489827,0.9980461693010998,6.569314183091345,0.0851664687436289,22987.2902713792,3096.3776669662957,4541.6952281858685,0.0,0.0,0.0,10090.304863881247
tubeMy,"nTOF 5 ns, no veto, strict",13.0,oracle: no accidentals,MM occ + DREAM,False,20912791051.82548,0.006489163276067481,0.9971478853667582,9.598229725418525,0.10582390496217563,27382.24437451076,3688.3760091641975,5410.024719945965,0.0,0.0,0.0,9673.205350134287
tubeMy,"nTOF 5 ns, no veto, strict",13.0,oracle: no accidentals,MM occ + DREAM,False,25985264452.18819,0.0058611350276941265,0.995803178620207,14.142647385697286,0.13149187733912385,32277.74623316843,4347.797909039573,6377.249528462146,0.0,0.0,0.0,9176.761093705494
tubeMy,"nTOF 5 ns, no veto, strict",13.0,oracle: no accidentals,MM occ + DREAM,False,32288084693.086143,0.005338453326305787,0.9937824256377389,20.994880729683885,0.16338570961208776,37552.03862207478,5058.242723076375,7419.313568719112,0.0,0.0,0.0,8592.204378670087
tubeMy,"nTOF 5 ns, no veto, strict",13.0,oracle: no accidentals,MM occ + DREAM,False,40119676867.86863,0.0049101806031012565,0.9907381902772225,31.370445495682063,0.2030155067038708,42972.85907582208,5788.4248015841495,8490.327772524148,0.0,0.0,0.0,7913.164360811925
tubeMy,"nTOF 5 ns, no veto, strict",13.0,oracle: no accidentals,MM occ + DREAM,False,49850850159.80715,0.004569258763335246,0.9861479361680406,47.13637170741401,0.25225765496923463,48163.86953753871,6487.651577463002,9515.937453574512,0.0,0.0,0.0,7137.763691938608
tubeMy,"nTOF 5 ns, no veto, strict",13.0,oracle: no accidentals,MM occ + DREAM,False,61942354865.91934,0.004312707501729216,0.9792337353293927,71.16324673122963,0.31344366508612054,52581.784098224714,7082.74268297296,10388.803339110513,0.0,0.0,0.0,6271.348991796092
tubeMy,"nTOF 5 ns, no veto, strict",13.0,oracle: no accidentals,MM occ + DREAM,False,76966697940.67009,0.004142387574680673,0.9688563849081016,107.86818057258503,0.38947056411272174,55524.84741393964,7479.1719887182135,10970.276686313755,0.0,0.0,0.0,5329.640096985618
tubeMy,"nTOF 5 ns, no veto, strict",13.0,oracle: no accidentals,MM occ + DREAM,True,95635249979.00362,0.004066683836250748,0.9533909866559186,164.05240581920927,0.4839380635388009,56203.1588198039,7570.54023019301,11104.293512084358,0.0,0.0,0.0,4341.662809399985
tubeMy,"nTOF 5 ns, no veto, strict",13.0,oracle: no accidentals,MM occ + DREAM,False,118831927096.53207,0.004103834374470328,0.9306154573653252,250.19360450556778,0.6013189979458956,53903.790251853665,7260.816317636429,10649.99763250857,0.0,0.0,0.0,3351.1936716837336
tubeMy,"nTOF 5 ns, no veto, strict",13.0,oracle: no accidentals,MM occ + DREAM,False,147655042472.05704,0.00428843108085265,0.8976925414769843,382.44009317476684,0.7471711041833903,48262.10627700857,6500.884022113025,9535.346497686087,0.0,0.0,0.0,2414.7454278965442
tubeMy,"nTOF 5 ns, no veto, strict",13.0,oracle: no accidentals,MM occ + DREAM,False,183469309133.68265,0.0046844392425008825,0.8514006697246195,585.68837029931,0.9284001683526635,39583.50253211738,5331.879998633626,7820.678402831797,0.0,0.0,0.0,1593.9113309947606
tubeMy,"nTOF 5 ns, no veto, strict",13.0,oracle: no accidentals,MM occ + DREAM,False,227970456209.51935,0.005412511849248475,0.7888281559683555,898.3329813190715,1.153587000047712,29045.775887347772,3912.452956200293,5738.69560914579,0.0,0.0,0.0,941.2777163597519
tubeMy,"nTOF 5 ns, no veto, strict",13.0,oracle: no accidentals,MM occ + DREAM,False,283265518084.60077,0.00671092719306897,0.7086568609276892,1379.5979329562579,1.4333937153849963,18527.40915009532,2495.6336846074096,3660.5378334828197,0.0,0.0,0.0,483.20825488198994
tubeMy,"nTOF 5 ns, no veto, strict",13.0,oracle: no accidentals,MM occ + DREAM,False,351972597984.32916,0.00908215287120429,0.6127397289635035,2120.8533565450116,1.7810685654573297,9930.779551794527,1337.671541827066,1962.065714144085,0.0,0.0,0.0,208.4432572933384
tubeMy,"nTOF 5 ns, no veto, strict",13.0,oracle: no accidentals,MM occ + DREAM,False,437344829577.31195,0.01367837382760467,0.5069967610349609,3263.084524919677,2.2130732127622164,4303.2161362213765,579.6412792905245,850.2044373652251,0.0,0.0,0.0,72.69131525232154
tubeMy,"nTOF 5 ns, no veto, strict",13.0,oracle: no accidentals,MM occ + DREAM,False,543424405915.04004,0.02342881993711378,0.4004629405040205,5023.858948435001,2.749862155805364,1443.4990348138076,194.43867114906828,285.1981508437025,0.0,0.0,0.0,19.62414400844109
tubeMy,"nTOF 5 ns, no veto, strict",13.0,oracle: no accidentals,MM occ + DREAM,False,675233968650.1552,0.04677633462327923,0.30246120178956765,7738.956958225625,3.4168512059718252,356.8614650451922,48.06907893544036,70.50661447195992,0.0,0.0,0.0,3.9044398415057975
tubeMy,"nTOF 5 ns, no veto, strict",13.0,oracle: no accidentals,MM occ + DREAM,False,839014419404.4929,0.11205997223974218,0.2195804785509767,11926.640618550902,4.245620871978526,61.359055400754144,8.265037182116016,12.122965596626518,0.0,0.0,0.0,0.5402846190352267
tubeMy,"nTOF 5 ns, no veto, strict",13.0,oracle: no accidentals,MM occ + DREAM,False,1042520413147.9036,0.3338077262191263,0.15433793963112216,18386.87334864883,5.275411629595067,6.832944478182784,0.9203945498616805,1.3500134624245035,0.0,0.0,0.0,0.04842132708677342
tubeMy,"nTOF 5 ns, no veto, strict",13.0,oracle: no accidentals,MM occ + DREAM,False,1295387524568.9966,1.2932844178465515,0.10582412781689544,28354.499460679963,6.554981874464405,0.4504166550070986,0.0606709209710591,0.08899070523715298,0.0,0.0,0.0,0.002568786998448138
tubeMy,"nTOF 5 ns, no veto, strict",13.0,oracle: no accidentals,MM occ + DREAM,False,1609588471982.2002,6.900606629922497,0.07125933964088833,43735.732226599896,8.14491652812595,0.015674257819984747,0.002111315482908403,0.0030968287738991794,0.0,0.0,0.0,7.194249524278607e-05
tubeMy,"nTOF 5 ns, no veto, strict",13.0,oracle: no accidentals,MM occ + DREAM,False,2000000000000.0002,54.52414146889387,0.04737757496279311,67473.26239502954,10.120495604811989,0.0002490387797153188,3.3545411686872416e-05,4.9203634883165974e-05,0.0,0.0,0.0,9.199206071975275e-07
tubeMy,"nTOF 5 ns, no veto, strict",13.0,oracle: no accidentals,"MM occ ÷10, DAQ 10 µs",False,1000000000.0,0.04987261035231321,0.9999987586229617,0.12413785792627809,0.0005060247802405993,1620.9696387767106,218.34388173136728,320.26176145835274,0.0,0.0,0.0,11975.350795219983
tubeMy,"nTOF 5 ns, no veto, strict",13.0,oracle: no accidentals,"MM occ ÷10, DAQ 10 µs",False,1242553630.827767,0.041616350315342,0.9999984068460819,0.15931564562762435,0.0006287629279767797,2013.6466384022842,271.2372970760115,397.8446011216381,0.0,0.0,0.0,11972.40727962649
tubeMy,"nTOF 5 ns, no veto, strict",13.0,oracle: no accidentals,"MM occ ÷10, DAQ 10 µs",False,1543939525.4832668,0.034883848882716104,0.9999979421796792,0.20578245554249144,0.0007812716590874453,2501.2997226634648,336.92394833014197,494.19226366264985,0.0,0.0,0.0,11968.750481727442
tubeMy,"nTOF 5 ns, no veto, strict",13.0,oracle: no accidentals,"MM occ ÷10, DAQ 10 µs",False,1918427663.1677406,0.029376429888473395,0.9999973222485473,0.26777586231057127,0.0009707719366619425,3106.819415989074,418.48717884522824,613.8273258767266,0.0,0.0,0.0,11964.207761141282
tubeMy,"nTOF 5 ns, no veto, strict",13.0,oracle: no accidentals,"MM occ ÷10, DAQ 10 µs",False,2383749258.3495045,0.02485495377045992,0.9999964862438222,0.3513768524463909,0.001206236194605,3858.568980255733,519.7475072470094,762.3536362209969,0.0,0.0,0.0,11958.56480354965
tubeMy,"nTOF 5 ns, no veto, strict",13.0,oracle: no accidentals,"MM occ ÷10, DAQ 10 µs",False,2961936295.9451733,0.021128146726914963,0.9999953460159313,0.4654005728427863,0.0014988131632423113,4791.668745060085,645.4356261458686,946.710065326071,0.0,0.0,0.0,11951.555621647909
tubeMy,"nTOF 5 ns, no veto, strict",13.0,oracle: no accidentals,"MM occ ÷10, DAQ 10 µs",False,3680364698.807223,0.018043139206412935,0.9999937725944085,0.622744437239696,0.0018623557379191847,5949.568612859061,801.4042178723986,1175.4811924235207,0.0,0.0,0.0,11942.850190135427
tubeMy,"nTOF 5 ns, no veto, strict",13.0,oracle: no accidentals,"MM occ ÷10, DAQ 10 µs",False,4573050519.273255,0.015477795468171764,0.9999915757131781,0.8424357791034679,0.002314076884044408,7385.96603164179,994.8863045341955,1459.27624724068,0.0,0.0,0.0,11932.039173147268
tubeMy,"nTOF 5 ns, no veto, strict",13.0,oracle: no accidentals,"MM occ ÷10, DAQ 10 µs",False,5682260526.681813,0.013334507772648718,0.9999884726191058,1.15275137761892,0.002875364634283997,9167.133852894087,1234.8088094373247,1811.189034649634,0.0,0.0,0.0,11918.615088711322
tubeMy,"nTOF 5 ns, no veto, strict",13.0,oracle: no accidentals,"MM occ ÷10, DAQ 10 µs",False,7060513448.737786,0.011535197467520688,0.9999840404374959,1.5959817215888719,0.0035727947662833348,11374.72774074088,1532.170713835898,2247.3526062511737,0.0,0.0,0.0,11901.94912292943
tubeMy,"nTOF 5 ns, no veto, strict",13.0,oracle: no accidentals,"MM occ ÷10, DAQ 10 µs",False,8773066621.237415,0.010017312400460263,0.9999776432797017,2.2357220132260447,0.0044393891090478005,14109.143824703764,1900.4953312492796,2787.602645894658,0.0,0.0,0.0,11881.262657427775
tubeMy,"nTOF 5 ns, no veto, strict",13.0,oracle: no accidentals,"MM occ ÷10, DAQ 10 µs",False,10901005783.71244,0.008730641512127914,0.9999683205175749,3.168048604662144,0.005516179056104591,17493.490218296593,2356.3652692317546,3456.262139242867,0.0,0.0,0.0,11855.592411006517
tubeMy,"nTOF 5 ns, no veto, strict",13.0,oracle: no accidentals,"MM occ ÷10, DAQ 10 µs",False,13545084316.226381,0.0076347911023519855,0.9999546153118792,4.538674798425887,0.006854148314458843,21678.214618815546,2920.045764984174,4283.055668046624,0.0,0.0,0.0,11823.74792940264
tubeMy,"nTOF 5 ns, no veto, strict",13.0,oracle: no accidentals,"MM occ ÷10, DAQ 10 µs",False,16830493696.995401,0.006697189309903478,0.9999343111734746,6.569314183091345,0.00851664687436289,26846.384622701426,3616.1959414598123,5304.15266416915,0.0,0.0,0.0,11784.260003596244
tubeMy,"nTOF 5 ns, no veto, strict",13.0,oracle: no accidentals,"MM occ ÷10, DAQ 10 µs",False,20912791051.82548,0.0058915079103840475,0.9999040269144631,9.598229725418525,0.010582390496217564,33219.53241618575,4474.65608456725,6563.322169599266,0.0,0.0,0.0,11735.31848968274
tubeMy,"nTOF 5 ns, no veto, strict",13.0,oracle: no accidentals,"MM occ ÷10, DAQ 10 µs",False,25985264452.18819,0.005196412417759682,0.9998585935247621,14.142647385697286,0.013149187733912385,41063.828020237495,5531.279176489881,8113.152510314048,0.0,0.0,0.0,11674.697998198451
tubeMy,"nTOF 5 ns, no veto, strict",13.0,oracle: no accidentals,"MM occ ÷10, DAQ 10 µs",False,32288084693.086143,0.004594570611295828,0.9997900952619525,20.994880729683885,0.016338570961208776,50696.100889537,6828.742002361046,10016.241008811396,0.0,0.0,0.0,11599.670111878293
tubeMy,"nTOF 5 ns, no veto, strict",13.0,oracle: no accidentals,"MM occ ÷10, DAQ 10 µs",False,40119676867.86863,0.004071864945013038,0.9996863939246661,31.370445495682063,0.02030155067038708,62488.83844423364,8417.218450244978,12346.181564967279,0.0,0.0,0.0,11506.901331674639
tubeMy,"nTOF 5 ns, no veto, strict",13.0,oracle: no accidentals,"MM occ ÷10, DAQ 10 µs",False,49850850159.80715,0.0036167660960134485,0.9995288583619997,47.13637170741401,0.025225765496923465,76872.68182499218,10354.71568821976,15188.057752814473,0.0,0.0,0.0,11392.33708796434
tubeMy,"nTOF 5 ns, no veto, strict",13.0,oracle: no accidentals,"MM occ ÷10, DAQ 10 µs",False,61942354865.91934,0.0032198340813894277,0.9992888735933272,71.16324673122963,0.031344366508612054,94334.01956703537,12706.750033352444,18637.967392643513,0.0,0.0,0.0,11251.074276952386
tubeMy,"nTOF 5 ns, no veto, strict",13.0,oracle: no accidentals,"MM occ ÷10, DAQ 10 µs",False,76966697940.67009,0.0028733207859354096,0.9989224804949596,107.86818057258503,0.03894705641127218,115403.93177535335,15544.857737069273,22800.838205388136,0.0,0.0,0.0,11077.228498340783
tubeMy,"nTOF 5 ns, no veto, strict",13.0,oracle: no accidentals,"MM occ ÷10, DAQ 10 µs",False,95635249979.00362,0.0025708539571581614,0.9983621628530509,164.05240581920927,0.048393806353880096,140632.83496751921,18943.179656879878,27785.41828801256,0.0,0.0,0.0,10863.80840828858
tubeMy,"nTOF 5 ns, no veto, strict",13.0,oracle: no accidentals,"MM occ ÷10, DAQ 10 µs",False,118831927096.53207,0.0023071880593523884,0.9975043080166747,250.19360450556778,0.06013189979458956,170542.63259375302,22972.01595293781,33694.822291328375,0.0,0.0,0.0,10602.619749560476
tubeMy,"nTOF 5 ns, no veto, strict",13.0,oracle: no accidentals,"MM occ ÷10, DAQ 10 µs",False,147655042472.05704,0.00207801203596177,0.9961901693879948,382.44009317476684,0.07471711041833903,205545.0508322066,27686.825956372762,40610.39668099361,0.0,0.0,0.0,10284.237676553357
tubeMy,"nTOF 5 ns, no veto, strict",13.0,oracle: no accidentals,"MM occ ÷10, DAQ 10 µs",False,183469309133.68265,0.001879808189620177,0.9941772196443779,585.68837029931,0.09284001683526635,245811.59583249007,33110.711468446665,48566.026645392485,0.0,0.0,0.0,9898.110647722724
tubeMy,"nTOF 5 ns, no veto, strict",13.0,oracle: no accidentals,"MM occ ÷10, DAQ 10 µs",False,227970456209.51935,0.0017097603279013144,0.99109665189924,898.3329813190715,0.1153587000047712,291078.56872888736,39208.152370477954,57509.61209504244,0.0,0.0,0.0,9432.895561717096
tubeMy,"nTOF 5 ns, no veto, strict",13.0,oracle: no accidentals,"MM occ ÷10, DAQ 10 µs",False,283265518084.60077,0.0015657136024385683,0.9863917596727045,1379.5979329562579,0.14333937153849963,340372.99609396927,45848.08957913503,67248.91859429056,0.0,0.0,0.0,8877.174359301885
tubeMy,"nTOF 5 ns, no veto, strict",13.0,oracle: no accidentals,"MM occ ÷10, DAQ 10 µs",False,351972597984.32916,0.0014461942168254194,0.9792319268118505,2120.8533565450116,0.178106856545733,391658.6437521964,52756.24326624245,77381.63882768835,0.0,0.0,0.0,8220.764847815663
tubeMy,"nTOF 5 ns, no veto, strict",13.0,oracle: no accidentals,"MM occ ÷10, DAQ 10 µs",False,437344829577.31195,0.0013505064789290418,0.9684002803138015,3263.084524919677,0.22130732127622166,441437.0219397006,59461.36843314811,87216.56151809795,0.0,0.0,0.0,7456.896588522639
tubeMy,"nTOF 5 ns, no veto, strict",13.0,oracle: no accidentals,"MM occ ÷10, DAQ 10 µs",False,543424405915.04004,0.001278941271289293,0.9521645938481309,5023.858948435001,0.27498621558053643,484413.3713876366,65250.26338628712,95707.57889806117,0.0,0.0,0.0,6585.524153780688
tubeMy,"nTOF 5 ns, no veto, strict",13.0,oracle: no accidentals,"MM occ ÷10, DAQ 10 µs",False,675233968650.1552,0.001233160899668817,0.9281693718157463,7738.956958225625,0.34168512059718253,513467.0004377919,69163.77415998765,101447.8260894782,0.0,0.0,0.0,5617.869145815184
tubeMy,"nTOF 5 ns, no veto, strict",13.0,oracle: no accidentals,"MM occ ÷10, DAQ 10 µs",True,839014419404.4929,0.0012168845113830755,0.8934423426573015,11926.640618550902,0.4245620871978526,520332.50800691446,70088.55494356209,102804.2731781801,0.0,0.0,0.0,4581.681530526049
tubeMy,"nTOF 5 ns, no veto, strict",13.0,oracle: no accidentals,"MM occ ÷10, DAQ 10 µs",False,1042520413147.9036,0.0012371164010367892,0.8446882426356546,18386.87334864883,0.5275411629595067,497484.4743494304,67010.93507989284,98290.09146252024,0.0,0.0,0.0,3525.3994130904634
tubeMy,"nTOF 5 ns, no veto, strict",13.0,oracle: no accidentals,"MM occ ÷10, DAQ 10 µs",False,1295387524568.9966,0.0013064076993659394,0.7790922828586461,28354.499460679963,0.6554981874464405,441412.948266944,59458.12572024872,87211.80518173154,0.0,0.0,0.0,2517.4376432348313
tubeMy,"nTOF 5 ns, no veto, strict",13.0,oracle: no accidentals,"MM occ ÷10, DAQ 10 µs",False,1609588471982.2002,0.0014471963793416297,0.6957212270804705,43735.732226599896,0.8144916528125951,356374.47751100466,48003.481933481984,70410.3983049348,0.0,0.0,0.0,1635.7054635337608
tubeMy,"nTOF 5 ns, no veto, strict",13.0,oracle: no accidentals,"MM occ ÷10, DAQ 10 µs",False,2000000000000.0002,0.0017005920095547777,0.5971102405835017,67473.26239502954,1.012049560481199,256002.60420896552,34483.435715987645,50579.5068584765,0.0,0.0,0.0,945.6441738803371
tubeMy,"nTOF 5 ns, no veto, strict",13.0,oracle: no accidentals,"no MM loss, DREAM",False,1000000000.0,0.04984827101505358,0.9999630082867755,0.12413785792627809,0.0,1622.5529618420544,218.55715463657913,320.57458522860384,0.0,0.0,0.0,11987.048021791094
tubeMy,"nTOF 5 ns, no veto, strict",13.0,oracle: no accidentals,"no MM loss, DREAM",False,1242553630.827767,0.04159114584866772,0.9999525261914726,0.15931564562762435,0.0,2016.0879401179616,271.56613931976926,398.32693932774066,0.0,0.0,0.0,11986.922367763173
tubeMy,"nTOF 5 ns, no veto, strict",13.0,oracle: no accidentals,"no MM loss, DREAM",False,1543939525.4832668,0.03485763864074088,0.9999386805885492,0.20578245554249144,0.0,2505.0627038312123,337.43082020201007,494.93573161435495,0.0,0.0,0.0,11986.75639371637
tubeMy,"nTOF 5 ns, no veto, strict",13.0,oracle: no accidentals,"no MM loss, DREAM",False,1918427663.1677406,0.02934905753548772,0.9999202091601176,0.26777586231057127,0.0,3112.617259021874,419.26814569566596,614.9728300107489,0.0,0.0,0.0,11986.534967625801
tubeMy,"nTOF 5 ns, no veto, strict",13.0,oracle: no accidentals,"no MM loss, DREAM",False,2383749258.3495045,0.024826246965710577,0.9998953006610704,0.3513768524463909,0.0,3867.4975329290714,520.9501792788008,764.1176877726317,0.0,0.0,0.0,11986.236377206202
tubeMy,"nTOF 5 ns, no veto, strict",13.0,oracle: no accidentals,"no MM loss, DREAM",False,2961936295.9451733,0.021097917087007707,0.9998613298613671,0.4654005728427863,0.0,4805.409835503281,647.2865448520656,949.4249501236776,0.0,0.0,0.0,11985.829152534881
tubeMy,"nTOF 5 ns, no veto, strict",13.0,oracle: no accidentals,"no MM loss, DREAM",False,3680364698.807223,0.01801118266240433,0.9998144565904481,0.622744437239696,0.0,5970.699520566893,804.2505416424829,1179.6561143726021,0.0,0.0,0.0,11985.267259600054
tubeMy,"nTOF 5 ns, no veto, strict",13.0,oracle: no accidentals,"no MM loss, DREAM",False,4573050519.273255,0.015443893222619572,0.9997490171460343,0.8424357791034679,0.0,7418.428788131493,999.2590232416298,1465.6900500204977,0.0,0.0,0.0,11984.48280481902
tubeMy,"nTOF 5 ns, no veto, strict",13.0,oracle: no accidentals,"no MM loss, DREAM",False,5682260526.681813,0.013298428184377944,0.9996565980548751,1.15275137761892,0.0,9216.943511569794,1241.518148071931,1821.030137557126,0.0,0.0,0.0,11983.37493175304
tubeMy,"nTOF 5 ns, no veto, strict",13.0,oracle: no accidentals,"no MM loss, DREAM",False,7060513448.737786,0.011496699343916617,0.9995246235372258,1.5959817215888719,0.0,11451.03466190751,1542.4492218177406,2262.4288843008544,0.0,0.0,0.0,11981.792888349828
tubeMy,"nTOF 5 ns, no veto, strict",13.0,oracle: no accidentals,"no MM loss, DREAM",False,8773066621.237415,0.00997615035798941,0.9993341984271341,2.2357220132260447,0.0,14225.813938876057,1916.2107431860788,2810.6536490600006,0.0,0.0,0.0,11979.510168968907
tubeMy,"nTOF 5 ns, no veto, strict",13.0,oracle: no accidentals,"no MM loss, DREAM",False,10901005783.71244,0.008686574286807244,0.9990568119593463,3.168048604662144,0.0,17671.43031789539,2380.333720665173,3491.418510076925,0.0,0.0,0.0,11976.185001055283
tubeMy,"nTOF 5 ns, no veto, strict",13.0,oracle: no accidentals,"no MM loss, DREAM",False,13545084316.226381,0.007587593978089042,0.9986493017633231,4.538674798425887,0.0,21948.743469227313,2956.485879534255,4336.505186214996,0.0,0.0,0.0,11971.299976060736
tubeMy,"nTOF 5 ns, no veto, strict",13.0,oracle: no accidentals,"no MM loss, DREAM",False,16830493696.995401,0.0066466722174404694,0.9980461693010998,6.569314183091345,0.0,27256.01971763122,3671.373604619418,5385.085985755839,0.0,0.0,0.0,11964.069930820804
tubeMy,"nTOF 5 ns, no veto, strict",13.0,oracle: no accidentals,"no MM loss, DREAM",False,20912791051.82548,0.005837541267430305,0.9971478853667582,9.598229725418525,0.0,33836.584464257096,4557.772718082892,6685.235727447239,0.0,0.0,0.0,11953.301759829556
tubeMy,"nTOF 5 ns, no veto, strict",13.0,oracle: no accidentals,"no MM loss, DREAM",False,25985264452.18819,0.005138963462954341,0.995803178620207,14.142647385697286,0.0,41987.07262860414,5655.639810246387,8295.561814880395,0.0,0.0,0.0,11937.182099189558
tubeMy,"nTOF 5 ns, no veto, strict",13.0,oracle: no accidentals,"no MM loss, DREAM",False,32288084693.086143,0.004533753856059874,0.9937824256377389,20.994880729683885,0.0,52065.320140665215,7013.175220035783,10286.763391648828,0.0,0.0,0.0,11912.958340070185
tubeMy,"nTOF 5 ns, no veto, strict",13.0,oracle: no accidentals,"no MM loss, DREAM",False,40119676867.86863,0.004008011436253303,0.9907381902772225,31.370445495682063,0.0,64495.77679021906,8687.552143347757,12742.700780656389,0.0,0.0,0.0,11876.465594684869
tubeMy,"nTOF 5 ns, no veto, strict",13.0,oracle: no accidentals,"no MM loss, DREAM",False,49850850159.80715,0.003550517404362561,0.9861479361680406,47.13637170741401,0.0,79768.16222634938,10744.735596789136,15760.129944312523,0.0,0.0,0.0,11821.439962753484
tubeMy,"nTOF 5 ns, no veto, strict",13.0,oracle: no accidentals,"no MM loss, DREAM",False,61942354865.91934,0.0031522681219767583,0.9792337353293927,71.16324673122963,0.0,98421.2838558647,13257.302695867746,19445.505318939373,0.0,0.0,0.0,11738.556039249976
tubeMy,"nTOF 5 ns, no veto, strict",13.0,oracle: no accidentals,"no MM loss, DREAM",False,76966697940.67009,0.0028061172502382723,0.9688563849081016,107.86818057258503,0.0,120997.72574710577,16298.339270702238,23906.02751169773,0.0,0.0,0.0,11614.157639701081
tubeMy,"nTOF 5 ns, no veto, strict",13.0,oracle: no accidentals,"no MM loss, DREAM",False,95635249979.00362,0.002506506175599605,0.9533909866559186,164.05240581920927,0.0,147946.25843761177,19928.294510980646,29230.361997501335,0.0,0.0,0.0,11428.766310233146
tubeMy,"nTOF 5 ns, no veto, strict",13.0,oracle: no accidentals,"no MM loss, DREAM",False,118831927096.53207,0.0022492633261602417,0.9306154573653252,250.19360450556778,0.0,179439.6233906369,24170.436614157534,35452.63803082558,0.0,0.0,0.0,11155.744847373437
tubeMy,"nTOF 5 ns, no veto, strict",13.0,oracle: no accidentals,"no MM loss, DREAM",False,147655042472.05704,0.0020314500460327134,0.8976925414769843,382.44009317476684,0.0,215075.45326413767,28970.566880120274,42493.35821046471,0.0,0.0,0.0,10761.081674335586
tubeMy,"nTOF 5 ns, no veto, strict",13.0,oracle: no accidentals,"no MM loss, DREAM",False,183469309133.68265,0.0018512221601342145,0.8514006697246195,585.68837029931,0.0,253461.70979230915,34141.178380174126,50077.49170526723,0.0,0.0,0.0,10206.158257053481
tubeMy,"nTOF 5 ns, no veto, strict",13.0,oracle: no accidentals,"no MM loss, DREAM",False,227970456209.51935,0.0017076638767294877,0.7888281559683555,898.3329813190715,0.0,291793.70546886156,39304.48096790468,57650.90465632727,0.0,0.0,0.0,9456.070782792222
tubeMy,"nTOF 5 ns, no veto, strict",13.0,oracle: no accidentals,"no MM loss, DREAM",False,283265518084.60077,0.0016005437365167342,0.7086568609276892,1379.5979329562579,0.0,325720.1711612697,43874.36064701869,64353.89859451522,0.0,0.0,0.0,8495.01806818416
tubeMy,"nTOF 5 ns, no veto, strict",13.0,oracle: no accidentals,"no MM loss, DREAM",False,351972597984.32916,0.0015299616954003816,0.6127397289635035,2120.8533565450116,0.0,349945.0389575462,47137.43945030823,69140.10719826558,0.0,0.0,0.0,7345.212267930564
tubeMy,"nTOF 5 ns, no veto, strict",13.0,oracle: no accidentals,"no MM loss, DREAM",True,437344829577.31195,0.001495922121109305,0.5069967610349609,3263.084524919677,0.0,359785.8910063718,48462.99779790703,71084.40555895938,0.0,0.0,0.0,6077.619342970443
tubeMy,"nTOF 5 ns, no veto, strict",13.0,oracle: no accidentals,"no MM loss, DREAM",False,543424405915.04004,0.0014979608201488642,0.4004629405040205,5023.858948435001,0.0,353115.2048677375,47564.45937344879,69766.45015634793,0.0,0.0,0.0,4800.546079193245
tubeMy,"nTOF 5 ns, no veto, strict",13.0,oracle: no accidentals,"no MM loss, DREAM",False,675233968650.1552,0.0015349935799917397,0.30246120178956765,7738.956958225625,0.0,331389.6211592336,44638.03301337561,65474.03557883171,0.0,0.0,0.0,3625.7510733241206
tubeMy,"nTOF 5 ns, no veto, strict",13.0,oracle: no accidentals,"no MM loss, DREAM",False,839014419404.4929,0.0016054648204838627,0.2195804785509767,11926.640618550902,0.0,298935.9174570005,40266.53371234439,59062.02139615502,0.0,0.0,0.0,2632.2191113329377
tubeMy,"nTOF 5 ns, no veto, strict",13.0,oracle: no accidentals,"no MM loss, DREAM",False,1042520413147.9036,0.0017077104028386464,0.15433793963112216,18386.87334864883,0.0,261079.16367496626,35167.24599418829,51582.5039768904,0.0,0.0,0.0,1850.1247332261169
tubeMy,"nTOF 5 ns, no veto, strict",13.0,oracle: no accidentals,"no MM loss, DREAM",False,1295387524568.9966,0.001840354925875867,0.10582412781689544,28354.499460679963,0.0,222433.0695547399,29961.634487279403,43947.03328061666,0.0,0.0,0.0,1268.565828428616
tubeMy,"nTOF 5 ns, no veto, strict",13.0,oracle: no accidentals,"no MM loss, DREAM",False,1609588471982.2002,0.0020026034838930085,0.07125933964088833,43735.732226599896,0.0,186110.8075186061,25069.04211755532,36770.69182327586,0.0,0.0,0.0,854.220725364553
tubeMy,"nTOF 5 ns, no veto, strict",13.0,oracle: no accidentals,"no MM loss, DREAM",False,2000000000000.0002,0.0021943881060573988,0.04737757496279311,67473.26239502954,0.0,153750.93667210528,20710.182060014184,30377.216590953674,0.0,0.0,0.0,567.9382752448155
tubeMy,"nTOF 5 ns, no veto, strict",13.0,oracle: no accidentals,"no MM loss, no dead time",False,1000000000.0,0.049847349020053874,1.0,0.12413785792627809,0.0,1622.6129850762727,218.56523973924845,320.58644427041395,0.0,0.0,0.0,11987.49145963745
tubeMy,"nTOF 5 ns, no veto, strict",13.0,oracle: no accidentals,"no MM loss, no dead time",False,1242553630.827767,0.041590158591903126,1.0,0.15931564562762435,0.0,2016.1836560348042,271.5790322107445,398.3458503223666,0.0,0.0,0.0,11987.491459637453
tubeMy,"nTOF 5 ns, no veto, strict",13.0,oracle: no accidentals,"no MM loss, no dead time",False,1543939525.4832668,0.034856569899413985,1.0,0.20578245554249144,0.0,2505.216322221648,337.4515125301517,494.9660826432308,0.0,0.0,0.0,11987.49145963745
tubeMy,"nTOF 5 ns, no veto, strict",13.0,oracle: no accidentals,"no MM loss, no dead time",False,1918427663.1677406,0.02934788661915492,1.0,0.26777586231057127,0.0,3112.865637185507,419.30160212266327,615.0219031249455,0.0,0.0,0.0,11987.491459637451
tubeMy,"nTOF 5 ns, no veto, strict",13.0,oracle: no accidentals,"no MM loss, no dead time",False,2383749258.3495045,0.02482494728586808,1.0,0.3513768524463909,0.0,3867.9024997638417,521.0047281294152,764.1976987665043,0.0,0.0,0.0,11987.491459637451
tubeMy,"nTOF 5 ns, no veto, strict",13.0,oracle: no accidentals,"no MM loss, no dead time",False,2961936295.9451733,0.021096454210747975,1.0,0.4654005728427863,0.0,4806.076294769357,647.3763166156382,949.5566252725439,0.0,0.0,0.0,11987.491459637451
tubeMy,"nTOF 5 ns, no veto, strict",13.0,oracle: no accidentals,"no MM loss, no dead time",False,3680364698.807223,0.018009511656769086,1.0,0.622744437239696,0.0,5971.807550100926,804.3997927226675,1179.8750324089608,0.0,0.0,0.0,11987.491459637451
tubeMy,"nTOF 5 ns, no veto, strict",13.0,oracle: no accidentals,"no MM loss, no dead time",False,4573050519.273255,0.015441955024799642,1.0,0.8424357791034679,0.0,7420.291153982576,999.5098830846537,1466.0580054427835,0.0,0.0,0.0,11987.49145963745
tubeMy,"nTOF 5 ns, no veto, strict",13.0,oracle: no accidentals,"no MM loss, no dead time",False,5682260526.681813,0.0132961446352645,1.0,1.15275137761892,0.0,9220.109715180251,1241.944634275079,1821.6556976670524,0.0,0.0,0.0,11987.491459637453
tubeMy,"nTOF 5 ns, no veto, strict",13.0,oracle: no accidentals,"no MM loss, no dead time",False,7060513448.737786,0.011493966388948541,1.0,1.5959817215888719,0.0,11456.48080322759,1543.182814605562,2263.504901254285,0.0,0.0,0.0,11987.49145963745
tubeMy,"nTOF 5 ns, no veto, strict",13.0,oracle: no accidentals,"no MM loss, no dead time",False,8773066621.237415,0.009972828736712439,1.0,2.2357220132260447,0.0,14235.291818559055,1917.487409319154,2812.526233449958,0.0,0.0,0.0,11987.491459637453
tubeMy,"nTOF 5 ns, no veto, strict",13.0,oracle: no accidentals,"no MM loss, no dead time",False,10901005783.71244,0.008682476783909609,1.0,3.168048604662144,0.0,17688.11353504336,2382.5809425160433,3494.71468317159,0.0,0.0,0.0,11987.491459637453
tubeMy,"nTOF 5 ns, no veto, strict",13.0,oracle: no accidentals,"no MM loss, no dead time",False,13545084316.226381,0.007582467971678797,1.0,4.538674798425887,0.0,21978.4296954619,2960.484600864352,4342.370418281968,0.0,0.0,0.0,11987.491459637451
tubeMy,"nTOF 5 ns, no veto, strict",13.0,oracle: no accidentals,"no MM loss, no dead time",False,16830493696.995401,0.0066401758065552366,1.0,6.569314183091345,0.0,27309.377617989103,3678.5608898137093,5395.628129635369,0.0,0.0,0.0,11987.49145963745
tubeMy,"nTOF 5 ns, no veto, strict",13.0,oracle: no accidentals,"no MM loss, no dead time",False,20912791051.82548,0.005829210654787836,1.0,9.598229725418525,0.0,33933.36631487891,4570.809189859046,6704.3573230748625,0.0,0.0,0.0,11987.491459637451
tubeMy,"nTOF 5 ns, no veto, strict",13.0,oracle: no accidentals,"no MM loss, no dead time",False,25985264452.18819,0.005128168469014878,1.0,14.142647385697286,0.0,42164.02752076145,5679.475554680283,8330.523534153399,0.0,0.0,0.0,11987.491459637453
tubeMy,"nTOF 5 ns, no veto, strict",13.0,oracle: no accidentals,"no MM loss, no dead time",False,32288084693.086143,0.004519637403452537,1.0,20.994880729683885,0.0,52391.06548624403,7057.052971665531,10351.12226405847,0.0,0.0,0.0,11987.491459637451
tubeMy,"nTOF 5 ns, no veto, strict",13.0,oracle: no accidentals,"no MM loss, no dead time",False,40119676867.86863,0.003989407539965753,1.0,31.370445495682063,0.0,65098.70864286781,8768.766792886887,12861.824552347984,0.0,0.0,0.0,11987.49145963745
tubeMy,"nTOF 5 ns, no veto, strict",13.0,oracle: no accidentals,"no MM loss, no dead time",False,49850850159.80715,0.003525840653516729,1.0,47.13637170741401,0.0,80888.63678639467,10895.6630163836,15981.506796589774,0.0,0.0,0.0,11987.491459637451
tubeMy,"nTOF 5 ns, no veto, strict",13.0,oracle: no accidentals,"no MM loss, no dead time",False,61942354865.91934,0.0031193659952229455,1.0,71.16324673122963,0.0,100508.4693316432,13538.445641283262,19857.87929620126,0.0,0.0,0.0,11987.491459637451
tubeMy,"nTOF 5 ns, no veto, strict",13.0,oracle: no accidentals,"no MM loss, no dead time",False,76966697940.67009,0.002762075313951549,1.0,107.86818057258503,0.0,124887.16349697452,16822.244787340875,24674.480020034418,0.0,0.0,0.0,11987.491459637451
tubeMy,"nTOF 5 ns, no veto, strict",13.0,oracle: no accidentals,"no MM loss, no dead time",False,95635249979.00362,0.0024473963042011115,1.0,164.05240581920927,0.0,155178.99844694664,20902.541339183877,30659.364737680953,0.0,0.0,0.0,11987.491459637451
tubeMy,"nTOF 5 ns, no veto, strict",13.0,oracle: no accidentals,"no MM loss, no dead time",False,118831927096.53207,0.002169828619422674,1.0,250.19360450556778,0.0,192818.22794846992,25972.528634530423,38095.90497367828,0.0,0.0,0.0,11987.49145963745
tubeMy,"nTOF 5 ns, no veto, strict",13.0,oracle: no accidentals,"no MM loss, no dead time",False,147655042472.05704,0.0019247306215299,1.0,382.44009317476684,0.0,239586.98922714833,32272.259756614047,47336.20504471372,0.0,0.0,0.0,11987.49145963745
tubeMy,"nTOF 5 ns, no veto, strict",13.0,oracle: no accidentals,"no MM loss, no dead time",False,183469309133.68265,0.0017081481467626954,1.0,585.68837029931,0.0,297699.6833632863,40100.01353559762,58817.77344791671,0.0,0.0,0.0,11987.491459637451
tubeMy,"nTOF 5 ns, no veto, strict",13.0,oracle: no accidentals,"no MM loss, no dead time",False,227970456209.51935,0.0015166787202697035,1.0,898.3329813190715,0.0,369907.822459328,49826.41741489943,73084.23795491393,0.0,0.0,0.0,11987.491459637451
tubeMy,"nTOF 5 ns, no veto, strict",13.0,oracle: no accidentals,"no MM loss, no dead time",False,283265518084.60077,0.0013473658767576267,1.0,1379.5979329562579,0.0,459630.30786843103,61911.99587002318,90811.08522715881,0.0,0.0,0.0,11987.491459637453
tubeMy,"nTOF 5 ns, no veto, strict",13.0,oracle: no accidentals,"no MM loss, no dead time",False,351972597984.32916,0.00119761872561126,1.0,2120.8533565450116,0.0,571115.3078804035,76928.97526009103,112837.64366841599,0.0,0.0,0.0,11987.491459637451
tubeMy,"nTOF 5 ns, no veto, strict",13.0,oracle: no accidentals,"no MM loss, no dead time",False,437344829577.31195,0.0010651519746299933,1.0,3263.084524919677,0.0,709641.399428116,95588.37752528593,140206.8238342406,0.0,0.0,0.0,11987.491459637451
tubeMy,"nTOF 5 ns, no veto, strict",13.0,oracle: no accidentals,"no MM loss, no dead time",False,543424405915.04004,0.000947941682532554,1.0,5023.858948435001,0.0,881767.4974451034,118773.68555897938,174214.4980220648,0.0,0.0,0.0,11987.491459637451
tubeMy,"nTOF 5 ns, no veto, strict",13.0,oracle: no accidentals,"no MM loss, no dead time",False,675233968650.1552,0.0008441923263466744,1.0,7738.956958225625,0.0,1095643.4054963265,147582.6742381053,216470.85706015342,0.0,0.0,0.0,11987.49145963745
tubeMy,"nTOF 5 ns, no veto, strict",13.0,oracle: no accidentals,"no MM loss, no dead time",False,839014419404.4929,0.0007523114248568718,1.0,11926.640618550902,0.0,1361395.6915919604,183379.38772182938,268976.64940849226,0.0,0.0,0.0,11987.491459637453
tubeMy,"nTOF 5 ns, no veto, strict",13.0,oracle: no accidentals,"no MM loss, no dead time",False,1042520413147.9036,0.0006708888485518762,1.0,18386.87334864883,0.0,1691607.1595808691,227858.72403273184,334217.9123304094,0.0,0.0,0.0,11987.491459637451
tubeMy,"nTOF 5 ns, no veto, strict",13.0,oracle: no accidentals,"no MM loss, no dead time",False,1295387524568.9966,0.0005986788790679108,1.0,28354.499460679963,0.0,2101912.6180714634,283126.68486265425,415283.6804538282,0.0,0.0,0.0,11987.49145963745
tubeMy,"nTOF 5 ns, no veto, strict",13.0,oracle: no accidentals,"no MM loss, no dead time",False,1609588471982.2002,0.0005345838865327237,1.0,43735.732226599896,0.0,2611739.1552673946,351800.0902603201,516012.24497142236,0.0,0.0,0.0,11987.49145963745
tubeMy,"nTOF 5 ns, no veto, strict",13.0,oracle: no accidentals,"no MM loss, no dead time",True,2000000000000.0002,0.00047763908134120046,1.0,67473.26239502954,0.0,3245225.970152546,437130.4794784969,641172.888540828,0.0,0.0,0.0,11987.49145963745
tubeMy,"nTOF 5 ns, no veto, strict",13.0,oracle: IPC only,MM occ + DREAM,False,1000000000.0,0.021022516382375553,0.9999630082867755,0.12413785792627809,0.005060247802405994,1606.214736643859,216.35640304627333,317.34657363856195,0.0,0.0,0.0,0.0
tubeMy,"nTOF 5 ns, no veto, strict",13.0,oracle: IPC only,MM occ + DREAM,False,1242553630.827767,0.01888262852781974,0.9999525261914726,0.15931564562762435,0.006287629279767796,1990.893856061937,268.17250752194593,393.3492386076942,0.0,0.0,0.0,0.0
tubeMy,"nTOF 5 ns, no veto, strict",13.0,oracle: IPC only,MM occ + DREAM,False,1543939525.4832668,0.01696563900386435,0.9999386805885492,0.20578245554249144,0.007812716590874453,2466.2242380734033,332.1992963219882,487.2622532478368,0.0,0.0,0.0,0.0
tubeMy,"nTOF 5 ns, no veto, strict",13.0,oracle: IPC only,MM occ + DREAM,False,1918427663.1677406,0.015248939838167002,0.9999202091601176,0.26777586231057127,0.009707719366619424,3052.767315852428,411.2063852527742,603.1480260390387,0.0,0.0,0.0,0.0
tubeMy,"nTOF 5 ns, no veto, strict",13.0,oracle: IPC only,MM occ + DREAM,False,2383749258.3495045,0.013712293400174626,0.9998953006610704,0.3513768524463909,0.012062361946049998,3775.311672991187,508.5327853819158,745.9041412761408,0.0,0.0,0.0,0.0
tubeMy,"nTOF 5 ns, no veto, strict",13.0,oracle: IPC only,MM occ + DREAM,False,2961936295.9451733,0.01233759611565087,0.9998613298613671,0.4654005728427863,0.014988131632423112,4663.499206666015,628.1712469352881,921.3870727483902,0.0,0.0,0.0,0.0
tubeMy,"nTOF 5 ns, no veto, strict",13.0,oracle: IPC only,MM occ + DREAM,False,3680364698.807223,0.011108668401189153,0.9998144565904481,0.622744437239696,0.018623557379191847,5752.398960979366,774.8455543902595,1136.5255583964852,0.0,0.0,0.0,0.0
tubeMy,"nTOF 5 ns, no veto, strict",13.0,oracle: IPC only,MM occ + DREAM,False,4573050519.273255,0.01001106877208489,0.9997490171460343,0.8424357791034679,0.023140768840444078,7082.916397598086,954.0656550467023,1399.401461626935,0.0,0.0,0.0,0.0
tubeMy,"nTOF 5 ns, no veto, strict",13.0,oracle: IPC only,MM occ + DREAM,False,5682260526.681813,0.009031930554599756,0.9996565980548751,1.15275137761892,0.02875364634283997,8701.854671605794,1172.1359128567658,1719.2618778388853,0.0,0.0,0.0,0.0
tubeMy,"nTOF 5 ns, no veto, strict",13.0,oracle: IPC only,MM occ + DREAM,False,7060513448.737786,0.00815982018641026,0.9995246235372258,1.5959817215888719,0.03572794766283335,10661.340849442564,1436.077820239262,2106.405769899003,0.0,0.0,0.0,0.0
tubeMy,"nTOF 5 ns, no veto, strict",13.0,oracle: IPC only,MM occ + DREAM,False,8773066621.237415,0.007384616774683836,0.9993341984271341,2.2357220132260447,0.044393891090478005,13017.185098003227,1753.4089815887364,2571.8597862585893,0.0,0.0,0.0,0.0
tubeMy,"nTOF 5 ns, no veto, strict",13.0,oracle: IPC only,MM occ + DREAM,False,10901005783.71244,0.006697413491165838,0.9990568119593463,3.168048604662144,0.055161790561045906,15825.548820845117,2131.694312720296,3126.719970667618,0.0,0.0,0.0,0.0
tubeMy,"nTOF 5 ns, no veto, strict",13.0,oracle: IPC only,MM occ + DREAM,False,13545084316.226381,0.006090442666782018,0.9986493017633231,4.538674798425887,0.06854148314458842,19137.063009208276,2577.753785395781,3780.9897001487166,0.0,0.0,0.0,0.0
tubeMy,"nTOF 5 ns, no veto, strict",13.0,oracle: IPC only,MM occ + DREAM,False,16830493696.995401,0.005557028353818408,0.9980461693010998,6.569314183091345,0.0851664687436289,22987.2902713792,3096.3776669662957,4541.6952281858685,0.0,0.0,0.0,0.0
tubeMy,"nTOF 5 ns, no veto, strict",13.0,oracle: IPC only,MM occ + DREAM,False,20912791051.82548,0.0050915730801325285,0.9971478853667582,9.598229725418525,0.10582390496217563,27382.24437451076,3688.3760091641975,5410.024719945965,0.0,0.0,0.0,0.0
tubeMy,"nTOF 5 ns, no veto, strict",13.0,oracle: IPC only,MM occ + DREAM,False,25985264452.18819,0.004689590283081488,0.995803178620207,14.142647385697286,0.13149187733912385,32277.74623316843,4347.797909039573,6377.249528462146,0.0,0.0,0.0,0.0
tubeMy,"nTOF 5 ns, no veto, strict",13.0,oracle: IPC only,MM occ + DREAM,False,32288084693.086143,0.004347801851945273,0.9937824256377389,20.994880729683885,0.16338570961208776,37552.03862207478,5058.242723076375,7419.313568719112,0.0,0.0,0.0,0.0
tubeMy,"nTOF 5 ns, no veto, strict",13.0,oracle: IPC only,MM occ + DREAM,False,40119676867.86863,0.0040643338853427104,0.9907381902772225,31.370445495682063,0.2030155067038708,42972.85907582208,5788.4248015841495,8490.327772524148,0.0,0.0,0.0,0.0
tubeMy,"nTOF 5 ns, no veto, strict",13.0,oracle: IPC only,MM occ + DREAM,False,49850850159.80715,0.0038390681087545108,0.9861479361680406,47.13637170741401,0.25225765496923463,48163.86953753871,6487.651577463002,9515.937453574512,0.0,0.0,0.0,0.0
tubeMy,"nTOF 5 ns, no veto, strict",13.0,oracle: IPC only,MM occ + DREAM,False,61942354865.91934,0.0036742511929031847,0.9792337353293927,71.16324673122963,0.31344366508612054,52581.784098224714,7082.74268297296,10388.803339110513,0.0,0.0,0.0,0.0
tubeMy,"nTOF 5 ns, no veto, strict",13.0,oracle: IPC only,MM occ + DREAM,False,76966697940.67009,0.0035755496727227242,0.9688563849081016,107.86818057258503,0.38947056411272174,55524.84741393964,7479.1719887182135,10970.276686313755,0.0,0.0,0.0,0.0
tubeMy,"nTOF 5 ns, no veto, strict",13.0,oracle: IPC only,MM occ + DREAM,True,95635249979.00362,0.00355390766480099,0.9533909866559186,164.05240581920927,0.4839380635388009,56203.1588198039,7570.54023019301,11104.293512084358,0.0,0.0,0.0,0.0
tubeMy,"nTOF 5 ns, no veto, strict",13.0,oracle: IPC only,MM occ + DREAM,False,118831927096.53207,0.0036289154590923942,0.9306154573653252,250.19360450556778,0.6013189979458956,53903.790251853665,7260.816317636429,10649.99763250857,0.0,0.0,0.0,0.0
tubeMy,"nTOF 5 ns, no veto, strict",13.0,oracle: IPC only,MM occ + DREAM,False,147655042472.05704,0.0038351589378477127,0.8976925414769843,382.44009317476684,0.7471711041833903,48262.10627700857,6500.884022113025,9535.346497686087,0.0,0.0,0.0,0.0
tubeMy,"nTOF 5 ns, no veto, strict",13.0,oracle: IPC only,MM occ + DREAM,False,183469309133.68265,0.004234765757287982,0.8514006697246195,585.68837029931,0.9284001683526635,39583.50253211738,5331.879998633626,7820.678402831797,0.0,0.0,0.0,0.0
tubeMy,"nTOF 5 ns, no veto, strict",13.0,oracle: IPC only,MM occ + DREAM,False,227970456209.51935,0.004943619215183992,0.7888281559683555,898.3329813190715,1.153587000047712,29045.775887347772,3912.452956200293,5738.69560914579,0.0,0.0,0.0,0.0
tubeMy,"nTOF 5 ns, no veto, strict",13.0,oracle: IPC only,MM occ + DREAM,False,283265518084.60077,0.006189836198914327,0.7086568609276892,1379.5979329562579,1.4333937153849963,18527.40915009532,2495.6336846074096,3660.5378334828197,0.0,0.0,0.0,0.0
tubeMy,"nTOF 5 ns, no veto, strict",13.0,oracle: IPC only,MM occ + DREAM,False,351972597984.32916,0.008454634393397336,0.6127397289635035,2120.8533565450116,1.7810685654573297,9930.779551794527,1337.671541827066,1962.065714144085,0.0,0.0,0.0,0.0
tubeMy,"nTOF 5 ns, no veto, strict",13.0,oracle: IPC only,MM occ + DREAM,False,437344829577.31195,0.012843693194811568,0.5069967610349609,3263.084524919677,2.2130732127622164,4303.2161362213765,579.6412792905245,850.2044373652251,0.0,0.0,0.0,0.0
tubeMy,"nTOF 5 ns, no veto, strict",13.0,oracle: IPC only,MM occ + DREAM,False,543424405915.04004,0.022175746774732885,0.4004629405040205,5023.858948435001,2.749862155805364,1443.4990348138076,194.43867114906828,285.1981508437025,0.0,0.0,0.0,0.0
tubeMy,"nTOF 5 ns, no veto, strict",13.0,oracle: IPC only,MM occ + DREAM,False,675233968650.1552,0.044600186587675596,0.30246120178956765,7738.956958225625,3.4168512059718252,356.8614650451922,48.06907893544036,70.50661447195992,0.0,0.0,0.0,0.0
tubeMy,"nTOF 5 ns, no veto, strict",13.0,oracle: IPC only,MM occ + DREAM,False,839014419404.4929,0.10755910258803478,0.2195804785509767,11926.640618550902,4.245620871978526,61.359055400754144,8.265037182116016,12.122965596626518,0.0,0.0,0.0,0.0
tubeMy,"nTOF 5 ns, no veto, strict",13.0,oracle: IPC only,MM occ + DREAM,False,1042520413147.9036,0.322316513576287,0.15433793963112216,18386.87334864883,5.275411629595067,6.832944478182784,0.9203945498616805,1.3500134624245035,0.0,0.0,0.0,0.0
tubeMy,"nTOF 5 ns, no veto, strict",13.0,oracle: IPC only,MM occ + DREAM,False,1295387524568.9966,1.2553917843025426,0.10582412781689544,28354.499460679963,6.554981874464405,0.4504166550070986,0.0606709209710591,0.08899070523715298,0.0,0.0,0.0,0.0
tubeMy,"nTOF 5 ns, no veto, strict",13.0,oracle: IPC only,MM occ + DREAM,False,1609588471982.2002,6.729658242054456,0.07125933964088833,43735.732226599896,8.14491652812595,0.015674257819984747,0.002111315482908403,0.0030968287738991794,0.0,0.0,0.0,0.0
tubeMy,"nTOF 5 ns, no veto, strict",13.0,oracle: IPC only,MM occ + DREAM,False,2000000000000.0002,53.38915076877622,0.04737757496279311,67473.26239502954,10.120495604811989,0.0002490387797153188,3.3545411686872416e-05,4.9203634883165974e-05,0.0,0.0,0.0,0.0
tubeMy,"nTOF 5 ns, no veto, strict",13.0,oracle: IPC only,"MM occ ÷10, DAQ 10 µs",False,1000000000.0,0.0209266187598291,0.9999987586229617,0.12413785792627809,0.0005060247802405993,1620.9696387767106,218.34388173136728,320.26176145835274,0.0,0.0,0.0,0.0
tubeMy,"nTOF 5 ns, no veto, strict",13.0,oracle: IPC only,"MM occ ÷10, DAQ 10 µs",False,1242553630.827767,0.018775645289184833,0.9999984068460819,0.15931564562762435,0.0006287629279767797,2013.6466384022842,271.2372970760115,397.8446011216381,0.0,0.0,0.0,0.0
tubeMy,"nTOF 5 ns, no veto, strict",13.0,oracle: IPC only,"MM occ ÷10, DAQ 10 µs",False,1543939525.4832668,0.016846265275673337,0.9999979421796792,0.20578245554249144,0.0007812716590874453,2501.2997226634648,336.92394833014197,494.19226366264985,0.0,0.0,0.0,0.0
tubeMy,"nTOF 5 ns, no veto, strict",13.0,oracle: IPC only,"MM occ ÷10, DAQ 10 µs",False,1918427663.1677406,0.01511570812460011,0.9999973222485473,0.26777586231057127,0.0009707719366619425,3106.819415989074,418.48717884522824,613.8273258767266,0.0,0.0,0.0,0.0
tubeMy,"nTOF 5 ns, no veto, strict",13.0,oracle: IPC only,"MM occ ÷10, DAQ 10 µs",False,2383749258.3495045,0.013563549864584924,0.9999964862438222,0.3513768524463909,0.001206236194605,3858.568980255733,519.7475072470094,762.3536362209969,0.0,0.0,0.0,0.0
tubeMy,"nTOF 5 ns, no veto, strict",13.0,oracle: IPC only,"MM occ ÷10, DAQ 10 µs",False,2961936295.9451733,0.012171472134624349,0.9999953460159313,0.4654005728427863,0.0014988131632423113,4791.668745060085,645.4356261458686,946.710065326071,0.0,0.0,0.0,0.0
tubeMy,"nTOF 5 ns, no veto, strict",13.0,oracle: IPC only,"MM occ ÷10, DAQ 10 µs",False,3680364698.807223,0.010923046034939245,0.9999937725944085,0.622744437239696,0.0018623557379191847,5949.568612859061,801.4042178723986,1175.4811924235207,0.0,0.0,0.0,0.0
tubeMy,"nTOF 5 ns, no veto, strict",13.0,oracle: IPC only,"MM occ ÷10, DAQ 10 µs",False,4573050519.273255,0.009803538295676255,0.9999915757131781,0.8424357791034679,0.002314076884044408,7385.96603164179,994.8863045341955,1459.27624724068,0.0,0.0,0.0,0.0
tubeMy,"nTOF 5 ns, no veto, strict",13.0,oracle: IPC only,"MM occ ÷10, DAQ 10 µs",False,5682260526.681813,0.008799737482937437,0.9999884726191058,1.15275137761892,0.002875364634283997,9167.133852894087,1234.8088094373247,1811.189034649634,0.0,0.0,0.0,0.0
tubeMy,"nTOF 5 ns, no veto, strict",13.0,oracle: IPC only,"MM occ ÷10, DAQ 10 µs",False,7060513448.737786,0.007899798200904959,0.9999840404374959,1.5959817215888719,0.0035727947662833348,11374.72774074088,1532.170713835898,2247.3526062511737,0.0,0.0,0.0,0.0
tubeMy,"nTOF 5 ns, no veto, strict",13.0,oracle: IPC only,"MM occ ÷10, DAQ 10 µs",False,8773066621.237415,0.007093101465167657,0.9999776432797017,2.2357220132260447,0.0044393891090478005,14109.143824703764,1900.4953312492796,2787.602645894658,0.0,0.0,0.0,0.0
tubeMy,"nTOF 5 ns, no veto, strict",13.0,oracle: IPC only,"MM occ ÷10, DAQ 10 µs",False,10901005783.71244,0.006370129618774374,0.9999683205175749,3.168048604662144,0.005516179056104591,17493.490218296593,2356.3652692317546,3456.262139242867,0.0,0.0,0.0,0.0
tubeMy,"nTOF 5 ns, no veto, strict",13.0,oracle: IPC only,"MM occ ÷10, DAQ 10 µs",False,13545084316.226381,0.0057223543420446546,0.9999546153118792,4.538674798425887,0.006854148314458843,21678.214618815546,2920.045764984174,4283.055668046624,0.0,0.0,0.0,0.0
tubeMy,"nTOF 5 ns, no veto, strict",13.0,oracle: IPC only,"MM occ ÷10, DAQ 10 µs",False,16830493696.995401,0.005142136472890193,0.9999343111734746,6.569314183091345,0.00851664687436289,26846.384622701426,3616.1959414598123,5304.15266416915,0.0,0.0,0.0,0.0
tubeMy,"nTOF 5 ns, no veto, strict",13.0,oracle: IPC only,"MM occ ÷10, DAQ 10 µs",False,20912791051.82548,0.004622636509784021,0.9999040269144631,9.598229725418525,0.010582390496217564,33219.53241618575,4474.65608456725,6563.322169599266,0.0,0.0,0.0,0.0
tubeMy,"nTOF 5 ns, no veto, strict",13.0,oracle: IPC only,"MM occ ÷10, DAQ 10 µs",False,25985264452.18819,0.004157734818608505,0.9998585935247621,14.142647385697286,0.013149187733912385,41063.828020237495,5531.279176489881,8113.152510314048,0.0,0.0,0.0,0.0
tubeMy,"nTOF 5 ns, no veto, strict",13.0,oracle: IPC only,"MM occ ÷10, DAQ 10 µs",False,32288084693.086143,0.003741960712525123,0.9997900952619525,20.994880729683885,0.016338570961208776,50696.100889537,6828.742002361046,10016.241008811396,0.0,0.0,0.0,0.0
tubeMy,"nTOF 5 ns, no veto, strict",13.0,oracle: IPC only,"MM occ ÷10, DAQ 10 µs",False,40119676867.86863,0.0033704297275955653,0.9996863939246661,31.370445495682063,0.02030155067038708,62488.83844423364,8417.218450244978,12346.181564967279,0.0,0.0,0.0,0.0
tubeMy,"nTOF 5 ns, no veto, strict",13.0,oracle: IPC only,"MM occ ÷10, DAQ 10 µs",False,49850850159.80715,0.003038788585896294,0.9995288583619997,47.13637170741401,0.025225765496923465,76872.68182499218,10354.71568821976,15188.057752814473,0.0,0.0,0.0,0.0
tubeMy,"nTOF 5 ns, no veto, strict",13.0,oracle: IPC only,"MM occ ÷10, DAQ 10 µs",False,61942354865.91934,0.0027431675368088148,0.9992888735933272,71.16324673122963,0.031344366508612054,94334.01956703537,12706.750033352444,18637.967392643513,0.0,0.0,0.0,0.0
tubeMy,"nTOF 5 ns, no veto, strict",13.0,oracle: IPC only,"MM occ ÷10, DAQ 10 µs",False,76966697940.67009,0.002480140018421797,0.9989224804949596,107.86818057258503,0.03894705641127218,115403.93177535335,15544.857737069273,22800.838205388136,0.0,0.0,0.0,0.0
tubeMy,"nTOF 5 ns, no veto, strict",13.0,oracle: IPC only,"MM occ ÷10, DAQ 10 µs",False,95635249979.00362,0.002246689920171358,0.9983621628530509,164.05240581920927,0.048393806353880096,140632.83496751921,18943.179656879878,27785.41828801256,0.0,0.0,0.0,0.0
tubeMy,"nTOF 5 ns, no veto, strict",13.0,oracle: IPC only,"MM occ ÷10, DAQ 10 µs",False,118831927096.53207,0.002040187213134761,0.9975043080166747,250.19360450556778,0.06013189979458956,170542.63259375302,22972.01595293781,33694.822291328375,0.0,0.0,0.0,0.0
tubeMy,"nTOF 5 ns, no veto, strict",13.0,oracle: IPC only,"MM occ ÷10, DAQ 10 µs",False,147655042472.05704,0.00185837344297238,0.9961901693879948,382.44009317476684,0.07471711041833903,205545.0508322066,27686.825956372762,40610.39668099361,0.0,0.0,0.0,0.0
tubeMy,"nTOF 5 ns, no veto, strict",13.0,oracle: IPC only,"MM occ ÷10, DAQ 10 µs",False,183469309133.68265,0.0016993597183305876,0.9941772196443779,585.68837029931,0.09284001683526635,245811.59583249007,33110.711468446665,48566.026645392485,0.0,0.0,0.0,0.0
tubeMy,"nTOF 5 ns, no veto, strict",13.0,oracle: IPC only,"MM occ ÷10, DAQ 10 µs",False,227970456209.51935,0.0015616416639431178,0.99109665189924,898.3329813190715,0.1153587000047712,291078.56872888736,39208.152370477954,57509.61209504244,0.0,0.0,0.0,0.0
tubeMy,"nTOF 5 ns, no veto, strict",13.0,oracle: IPC only,"MM occ ÷10, DAQ 10 µs",False,283265518084.60077,0.0014441388581172792,0.9863917596727045,1379.5979329562579,0.14333937153849963,340372.99609396927,45848.08957913503,67248.91859429056,0.0,0.0,0.0,0.0
tubeMy,"nTOF 5 ns, no veto, strict",13.0,oracle: IPC only,"MM occ ÷10, DAQ 10 µs",False,351972597984.32916,0.0013462714775338519,0.9792319268118505,2120.8533565450116,0.178106856545733,391658.6437521964,52756.24326624245,77381.63882768835,0.0,0.0,0.0,0.0
tubeMy,"nTOF 5 ns, no veto, strict",13.0,oracle: IPC only,"MM occ ÷10, DAQ 10 µs",False,437344829577.31195,0.001268095980676045,0.9684002803138015,3263.084524919677,0.22130732127622166,441437.0219397006,59461.36843314811,87216.56151809795,0.0,0.0,0.0,0.0
tubeMy,"nTOF 5 ns, no veto, strict",13.0,oracle: IPC only,"MM occ ÷10, DAQ 10 µs",False,543424405915.04004,0.001210538040242422,0.9521645938481309,5023.858948435001,0.27498621558053643,484413.3713876366,65250.26338628712,95707.57889806117,0.0,0.0,0.0,0.0
tubeMy,"nTOF 5 ns, no veto, strict",13.0,oracle: IPC only,"MM occ ÷10, DAQ 10 µs",False,675233968650.1552,0.0011757912769523324,0.9281693718157463,7738.956958225625,0.34168512059718253,513467.0004377919,69163.77415998765,101447.8260894782,0.0,0.0,0.0,0.0
tubeMy,"nTOF 5 ns, no veto, strict",13.0,oracle: IPC only,"MM occ ÷10, DAQ 10 µs",True,839014419404.4929,0.0011680085527562133,0.8934423426573015,11926.640618550902,0.4245620871978526,520332.50800691446,70088.55494356209,102804.2731781801,0.0,0.0,0.0,0.0
tubeMy,"nTOF 5 ns, no veto, strict",13.0,oracle: IPC only,"MM occ ÷10, DAQ 10 µs",False,1042520413147.9036,0.0011945291074792826,0.8446882426356546,18386.87334864883,0.5275411629595067,497484.4743494304,67010.93507989284,98290.09146252024,0.0,0.0,0.0,0.0
tubeMy,"nTOF 5 ns, no veto, strict",13.0,oracle: IPC only,"MM occ ÷10, DAQ 10 µs",False,1295387524568.9966,0.0012681305597607377,0.7790922828586461,28354.499460679963,0.6554981874464405,441412.948266944,59458.12572024872,87211.80518173154,0.0,0.0,0.0,0.0
tubeMy,"nTOF 5 ns, no veto, strict",13.0,oracle: IPC only,"MM occ ÷10, DAQ 10 µs",False,1609588471982.2002,0.0014113450547777635,0.6957212270804705,43735.732226599896,0.8144916528125951,356374.47751100466,48003.481933481984,70410.3983049348,0.0,0.0,0.0,0.0
tubeMy,"nTOF 5 ns, no veto, strict",13.0,oracle: IPC only,"MM occ ÷10, DAQ 10 µs",False,2000000000000.0002,0.0016651919819057354,0.5971102405835017,67473.26239502954,1.012049560481199,256002.60420896552,34483.435715987645,50579.5068584765,0.0,0.0,0.0,0.0
tubeMy,"nTOF 5 ns, no veto, strict",13.0,oracle: IPC only,"no MM loss, DREAM",False,1000000000.0,0.020916405939042294,0.9999630082867755,0.12413785792627809,0.0,1622.5529618420544,218.55715463657913,320.57458522860384,0.0,0.0,0.0,0.0
tubeMy,"nTOF 5 ns, no veto, strict",13.0,oracle: IPC only,"no MM loss, DREAM",False,1242553630.827767,0.01876427403432001,0.9999525261914726,0.15931564562762435,0.0,2016.0879401179616,271.56613931976926,398.32693932774066,0.0,0.0,0.0,0.0
tubeMy,"nTOF 5 ns, no veto, strict",13.0,oracle: IPC only,"no MM loss, DREAM",False,1543939525.4832668,0.01683360770767564,0.9999386805885492,0.20578245554249144,0.0,2505.0627038312123,337.43082020201007,494.93573161435495,0.0,0.0,0.0,0.0
tubeMy,"nTOF 5 ns, no veto, strict",13.0,oracle: IPC only,"no MM loss, DREAM",False,1918427663.1677406,0.015101623618756999,0.9999202091601176,0.26777586231057127,0.0,3112.617259021874,419.26814569566596,614.9728300107489,0.0,0.0,0.0,0.0
tubeMy,"nTOF 5 ns, no veto, strict",13.0,oracle: IPC only,"no MM loss, DREAM",False,2383749258.3495045,0.013547884328399814,0.9998953006610704,0.3513768524463909,0.0,3867.4975329290714,520.9501792788008,764.1176877726317,0.0,0.0,0.0,0.0
tubeMy,"nTOF 5 ns, no veto, strict",13.0,oracle: IPC only,"no MM loss, DREAM",False,2961936295.9451733,0.01215405748749386,0.9998613298613671,0.4654005728427863,0.0,4805.409835503281,647.2865448520656,949.4249501236776,0.0,0.0,0.0,0.0
tubeMy,"nTOF 5 ns, no veto, strict",13.0,oracle: IPC only,"no MM loss, DREAM",False,3680364698.807223,0.01090370002217891,0.9998144565904481,0.622744437239696,0.0,5970.699520566893,804.2505416424829,1179.6561143726021,0.0,0.0,0.0,0.0
tubeMy,"nTOF 5 ns, no veto, strict",13.0,oracle: IPC only,"no MM loss, DREAM",False,4573050519.273255,0.009782064826585397,0.9997490171460343,0.8424357791034679,0.0,7418.428788131493,999.2590232416298,1465.6900500204977,0.0,0.0,0.0,0.0
tubeMy,"nTOF 5 ns, no veto, strict",13.0,oracle: IPC only,"no MM loss, DREAM",False,5682260526.681813,0.008775927762272193,0.9996565980548751,1.15275137761892,0.0,9216.943511569794,1241.518148071931,1821.030137557126,0.0,0.0,0.0,0.0
tubeMy,"nTOF 5 ns, no veto, strict",13.0,oracle: IPC only,"no MM loss, DREAM",False,7060513448.737786,0.007873433033907,0.9995246235372258,1.5959817215888719,0.0,11451.03466190751,1542.4492218177406,2262.4288843008544,0.0,0.0,0.0,0.0
tubeMy,"nTOF 5 ns, no veto, strict",13.0,oracle: IPC only,"no MM loss, DREAM",False,8773066621.237415,0.007063955269852245,0.9993341984271341,2.2357220132260447,0.0,14225.813938876057,1916.2107431860788,2810.6536490600006,0.0,0.0,0.0,0.0
tubeMy,"nTOF 5 ns, no veto, strict",13.0,oracle: IPC only,"no MM loss, DREAM",False,10901005783.71244,0.006337976891298115,0.9990568119593463,3.168048604662144,0.0,17671.43031789539,2380.333720665173,3491.418510076925,0.0,0.0,0.0,0.0
tubeMy,"nTOF 5 ns, no veto, strict",13.0,oracle: IPC only,"no MM loss, DREAM",False,13545084316.226381,0.005686979612685673,0.9986493017633231,4.538674798425887,0.0,21948.743469227313,2956.485879534255,4336.505186214996,0.0,0.0,0.0,0.0
tubeMy,"nTOF 5 ns, no veto, strict",13.0,oracle: IPC only,"no MM loss, DREAM",False,16830493696.995401,0.005103349188906112,0.9980461693010998,6.569314183091345,0.0,27256.01971763122,3671.373604619418,5385.085985755839,0.0,0.0,0.0,0.0
tubeMy,"nTOF 5 ns, no veto, strict",13.0,oracle: IPC only,"no MM loss, DREAM",False,20912791051.82548,0.004580292821576668,0.9971478853667582,9.598229725418525,0.0,33836.584464257096,4557.772718082892,6685.235727447239,0.0,0.0,0.0,0.0
tubeMy,"nTOF 5 ns, no veto, strict",13.0,oracle: IPC only,"no MM loss, DREAM",False,25985264452.18819,0.004111768967462724,0.995803178620207,14.142647385697286,0.0,41987.07262860414,5655.639810246387,8295.561814880395,0.0,0.0,0.0,0.0
tubeMy,"nTOF 5 ns, no veto, strict",13.0,oracle: IPC only,"no MM loss, DREAM",False,32288084693.086143,0.003692429662072507,0.9937824256377389,20.994880729683885,0.0,52065.320140665215,7013.175220035783,10286.763391648828,0.0,0.0,0.0,0.0
tubeMy,"nTOF 5 ns, no veto, strict",13.0,oracle: IPC only,"no MM loss, DREAM",False,40119676867.86863,0.0033175758714285852,0.9907381902772225,31.370445495682063,0.0,64495.77679021906,8687.552143347757,12742.700780656389,0.0,0.0,0.0,0.0
tubeMy,"nTOF 5 ns, no veto, strict",13.0,oracle: IPC only,"no MM loss, DREAM",False,49850850159.80715,0.002983126770154,0.9861479361680406,47.13637170741401,0.0,79768.16222634938,10744.735596789136,15760.129944312523,0.0,0.0,0.0,0.0
tubeMy,"nTOF 5 ns, no veto, strict",13.0,oracle: IPC only,"no MM loss, DREAM",False,61942354865.91934,0.0026856040904419775,0.9792337353293927,71.16324673122963,0.0,98421.2838558647,13257.302695867746,19445.505318939373,0.0,0.0,0.0,0.0
tubeMy,"nTOF 5 ns, no veto, strict",13.0,oracle: IPC only,"no MM loss, DREAM",False,76966697940.67009,0.002422132510496556,0.9688563849081016,107.86818057258503,0.0,120997.72574710577,16298.339270702238,23906.02751169773,0.0,0.0,0.0,0.0
tubeMy,"nTOF 5 ns, no veto, strict",13.0,oracle: IPC only,"no MM loss, DREAM",False,95635249979.00362,0.0021904558770782217,0.9533909866559186,164.05240581920927,0.0,147946.25843761177,19928.294510980646,29230.361997501335,0.0,0.0,0.0,0.0
tubeMy,"nTOF 5 ns, no veto, strict",13.0,oracle: IPC only,"no MM loss, DREAM",False,118831927096.53207,0.001988965857552665,0.9306154573653252,250.19360450556778,0.0,179439.6233906369,24170.436614157534,35452.63803082558,0.0,0.0,0.0,0.0
tubeMy,"nTOF 5 ns, no veto, strict",13.0,oracle: IPC only,"no MM loss, DREAM",False,147655042472.05704,0.0018167328922736156,0.8976925414769843,382.44009317476684,0.0,215075.45326413767,28970.566880120274,42493.35821046471,0.0,0.0,0.0,0.0
tubeMy,"nTOF 5 ns, no veto, strict",13.0,oracle: IPC only,"no MM loss, DREAM",False,183469309133.68265,0.0016735177482382702,0.8514006697246195,585.68837029931,0.0,253461.70979230915,34141.178380174126,50077.49170526723,0.0,0.0,0.0,0.0
tubeMy,"nTOF 5 ns, no veto, strict",13.0,oracle: IPC only,"no MM loss, DREAM",False,227970456209.51935,0.0015597268309440575,0.7888281559683555,898.3329813190715,0.0,291793.70546886156,39304.48096790468,57650.90465632727,0.0,0.0,0.0,0.0
tubeMy,"nTOF 5 ns, no veto, strict",13.0,oracle: IPC only,"no MM loss, DREAM",False,283265518084.60077,0.0014762644971724492,0.7086568609276892,1379.5979329562579,0.0,325720.1711612697,43874.36064701869,64353.89859451522,0.0,0.0,0.0,0.0
tubeMy,"nTOF 5 ns, no veto, strict",13.0,oracle: IPC only,"no MM loss, DREAM",False,351972597984.32916,0.0014242511609251689,0.6127397289635035,2120.8533565450116,0.0,349945.0389575462,47137.43945030823,69140.10719826558,0.0,0.0,0.0,0.0
tubeMy,"nTOF 5 ns, no veto, strict",13.0,oracle: IPC only,"no MM loss, DREAM",True,437344829577.31195,0.0014046380811792909,0.5069967610349609,3263.084524919677,0.0,359785.8910063718,48462.99779790703,71084.40555895938,0.0,0.0,0.0,0.0
tubeMy,"nTOF 5 ns, no veto, strict",13.0,oracle: IPC only,"no MM loss, DREAM",False,543424405915.04004,0.0014178434899945957,0.4004629405040205,5023.858948435001,0.0,353115.2048677375,47564.45937344879,69766.45015634793,0.0,0.0,0.0,0.0
tubeMy,"nTOF 5 ns, no veto, strict",13.0,oracle: IPC only,"no MM loss, DREAM",False,675233968650.1552,0.0014635819721634333,0.30246120178956765,7738.956958225625,0.0,331389.6211592336,44638.03301337561,65474.03557883171,0.0,0.0,0.0,0.0
tubeMy,"nTOF 5 ns, no veto, strict",13.0,oracle: IPC only,"no MM loss, DREAM",False,839014419404.4929,0.0015409816000888006,0.2195804785509767,11926.640618550902,0.0,298935.9174570005,40266.53371234439,59062.02139615502,0.0,0.0,0.0,0.0
tubeMy,"nTOF 5 ns, no veto, strict",13.0,oracle: IPC only,"no MM loss, DREAM",False,1042520413147.9036,0.001648923077591041,0.15433793963112216,18386.87334864883,0.0,261079.16367496626,35167.24599418829,51582.5039768904,0.0,0.0,0.0,0.0
tubeMy,"nTOF 5 ns, no veto, strict",13.0,oracle: IPC only,"no MM loss, DREAM",False,1295387524568.9966,0.0017864333802090268,0.10582412781689544,28354.499460679963,0.0,222433.0695547399,29961.634487279403,43947.03328061666,0.0,0.0,0.0,0.0
tubeMy,"nTOF 5 ns, no veto, strict",13.0,oracle: IPC only,"no MM loss, DREAM",False,1609588471982.2002,0.0019529930865076605,0.07125933964088833,43735.732226599896,0.0,186110.8075186061,25069.04211755532,36770.69182327586,0.0,0.0,0.0,0.0
tubeMy,"nTOF 5 ns, no veto, strict",13.0,oracle: IPC only,"no MM loss, DREAM",False,2000000000000.0002,0.0021487090724086983,0.04737757496279311,67473.26239502954,0.0,153750.93667210528,20710.182060014184,30377.216590953674,0.0,0.0,0.0,0.0
tubeMy,"nTOF 5 ns, no veto, strict",13.0,oracle: IPC only,"no MM loss, no dead time",False,1000000000.0,0.020916019068619424,1.0,0.12413785792627809,0.0,1622.6129850762727,218.56523973924845,320.58644427041395,0.0,0.0,0.0,0.0
tubeMy,"nTOF 5 ns, no veto, strict",13.0,oracle: IPC only,"no MM loss, no dead time",False,1242553630.827767,0.018763828623257286,1.0,0.15931564562762435,0.0,2016.1836560348042,271.5790322107445,398.3458503223666,0.0,0.0,0.0,0.0
tubeMy,"nTOF 5 ns, no veto, strict",13.0,oracle: IPC only,"no MM loss, no dead time",False,1543939525.4832668,0.016833091586304832,1.0,0.20578245554249144,0.0,2505.216322221648,337.4515125301517,494.9660826432308,0.0,0.0,0.0,0.0
tubeMy,"nTOF 5 ns, no veto, strict",13.0,oracle: IPC only,"no MM loss, no dead time",False,1918427663.1677406,0.015101021121122247,1.0,0.26777586231057127,0.0,3112.865637185507,419.30160212266327,615.0219031249455,0.0,0.0,0.0,0.0
tubeMy,"nTOF 5 ns, no veto, strict",13.0,oracle: IPC only,"no MM loss, no dead time",False,2383749258.3495045,0.013547175082568388,1.0,0.3513768524463909,0.0,3867.9024997638417,521.0047281294152,764.1976987665043,0.0,0.0,0.0,0.0
tubeMy,"nTOF 5 ns, no veto, strict",13.0,oracle: IPC only,"no MM loss, no dead time",False,2961936295.9451733,0.012153214755859041,1.0,0.4654005728427863,0.0,4806.076294769357,647.3763166156382,949.5566252725439,0.0,0.0,0.0,0.0
tubeMy,"nTOF 5 ns, no veto, strict",13.0,oracle: IPC only,"no MM loss, no dead time",False,3680364698.807223,0.010902688420413295,1.0,0.622744437239696,0.0,5971.807550100926,804.3997927226675,1179.8750324089608,0.0,0.0,0.0,0.0
tubeMy,"nTOF 5 ns, no veto, strict",13.0,oracle: IPC only,"no MM loss, no dead time",False,4573050519.273255,0.00978083718427734,1.0,0.8424357791034679,0.0,7420.291153982576,999.5098830846537,1466.0580054427835,0.0,0.0,0.0,0.0
tubeMy,"nTOF 5 ns, no veto, strict",13.0,oracle: IPC only,"no MM loss, no dead time",False,5682260526.681813,0.008774420797555518,1.0,1.15275137761892,0.0,9220.109715180251,1241.944634275079,1821.6556976670524,0.0,0.0,0.0,0.0
tubeMy,"nTOF 5 ns, no veto, strict",13.0,oracle: IPC only,"no MM loss, no dead time",False,7060513448.737786,0.007871561389073807,1.0,1.5959817215888719,0.0,11456.48080322759,1543.182814605562,2263.504901254285,0.0,0.0,0.0,0.0
tubeMy,"nTOF 5 ns, no veto, strict",13.0,oracle: IPC only,"no MM loss, no dead time",False,8773066621.237415,0.007061603282033105,1.0,2.2357220132260447,0.0,14235.291818559055,1917.487409319154,2812.526233449958,0.0,0.0,0.0,0.0
tubeMy,"nTOF 5 ns, no veto, strict",13.0,oracle: IPC only,"no MM loss, no dead time",False,10901005783.71244,0.006334987234176696,1.0,3.168048604662144,0.0,17688.11353504336,2382.5809425160433,3494.71468317159,0.0,0.0,0.0,0.0
tubeMy,"nTOF 5 ns, no veto, strict",13.0,oracle: IPC only,"no MM loss, no dead time",False,13545084316.226381,0.005683137618236075,1.0,4.538674798425887,0.0,21978.4296954619,2960.484600864352,4342.370418281968,0.0,0.0,0.0,0.0
tubeMy,"nTOF 5 ns, no veto, strict",13.0,oracle: IPC only,"no MM loss, no dead time",False,16830493696.995401,0.005098361211142594,1.0,6.569314183091345,0.0,27309.377617989103,3678.5608898137093,5395.628129635369,0.0,0.0,0.0,0.0
tubeMy,"nTOF 5 ns, no veto, strict",13.0,oracle: IPC only,"no MM loss, no dead time",False,20912791051.82548,0.004573756397500573,1.0,9.598229725418525,0.0,33933.36631487891,4570.809189859046,6704.3573230748625,0.0,0.0,0.0,0.0
tubeMy,"nTOF 5 ns, no veto, strict",13.0,oracle: IPC only,"no MM loss, no dead time",False,25985264452.18819,0.004103131715728165,1.0,14.142647385697286,0.0,42164.02752076145,5679.475554680283,8330.523534153399,0.0,0.0,0.0,0.0
tubeMy,"nTOF 5 ns, no veto, strict",13.0,oracle: IPC only,"no MM loss, no dead time",False,32288084693.086143,0.00368093278553588,1.0,20.994880729683885,0.0,52391.06548624403,7057.052971665531,10351.12226405847,0.0,0.0,0.0,0.0
tubeMy,"nTOF 5 ns, no veto, strict",13.0,oracle: IPC only,"no MM loss, no dead time",False,40119676867.86863,0.003302176754330298,1.0,31.370445495682063,0.0,65098.70864286781,8768.766792886887,12861.824552347984,0.0,0.0,0.0,0.0
tubeMy,"nTOF 5 ns, no veto, strict",13.0,oracle: IPC only,"no MM loss, no dead time",False,49850850159.80715,0.002962393488869934,1.0,47.13637170741401,0.0,80888.63678639467,10895.6630163836,15981.506796589774,0.0,0.0,0.0,0.0
tubeMy,"nTOF 5 ns, no veto, strict",13.0,oracle: IPC only,"no MM loss, no dead time",False,61942354865.91934,0.002657572818108818,1.0,71.16324673122963,0.0,100508.4693316432,13538.445641283262,19857.87929620126,0.0,0.0,0.0,0.0
tubeMy,"nTOF 5 ns, no veto, strict",13.0,oracle: IPC only,"no MM loss, no dead time",False,76966697940.67009,0.002384117204580088,1.0,107.86818057258503,0.0,124887.16349697452,16822.244787340875,24674.480020034418,0.0,0.0,0.0,0.0
tubeMy,"nTOF 5 ns, no veto, strict",13.0,oracle: IPC only,"no MM loss, no dead time",False,95635249979.00362,0.0021387992857406007,1.0,164.05240581920927,0.0,155178.99844694664,20902.541339183877,30659.364737680953,0.0,0.0,0.0,0.0
tubeMy,"nTOF 5 ns, no veto, strict",13.0,oracle: IPC only,"no MM loss, no dead time",False,118831927096.53207,0.0019187237841732673,1.0,250.19360450556778,0.0,192818.22794846992,25972.528634530423,38095.90497367828,0.0,0.0,0.0,0.0
tubeMy,"nTOF 5 ns, no veto, strict",13.0,oracle: IPC only,"no MM loss, no dead time",False,147655042472.05704,0.0017212933371059127,1.0,382.44009317476684,0.0,239586.98922714833,32272.259756614047,47336.20504471372,0.0,0.0,0.0,0.0
tubeMy,"nTOF 5 ns, no veto, strict",13.0,oracle: IPC only,"no MM loss, no dead time",False,183469309133.68265,0.001544177841961675,1.0,585.68837029931,0.0,297699.6833632863,40100.01353559762,58817.77344791671,0.0,0.0,0.0,0.0
tubeMy,"nTOF 5 ns, no veto, strict",13.0,oracle: IPC only,"no MM loss, no dead time",False,227970456209.51935,0.0013852869561527235,1.0,898.3329813190715,0.0,369907.822459328,49826.41741489943,73084.23795491393,0.0,0.0,0.0,0.0
tubeMy,"nTOF 5 ns, no veto, strict",13.0,oracle: IPC only,"no MM loss, no dead time",False,283265518084.60077,0.0012427454265559318,1.0,1379.5979329562579,0.0,459630.30786843103,61911.99587002318,90811.08522715881,0.0,0.0,0.0,0.0
tubeMy,"nTOF 5 ns, no veto, strict",13.0,oracle: IPC only,"no MM loss, no dead time",False,351972597984.32916,0.0011148709575053678,1.0,2120.8533565450116,0.0,571115.3078804035,76928.97526009103,112837.64366841599,0.0,0.0,0.0,0.0
tubeMy,"nTOF 5 ns, no veto, strict",13.0,oracle: IPC only,"no MM loss, no dead time",False,437344829577.31195,0.0010001543560965121,1.0,3263.084524919677,0.0,709641.399428116,95588.37752528593,140206.8238342406,0.0,0.0,0.0,0.0
tubeMy,"nTOF 5 ns, no veto, strict",13.0,oracle: IPC only,"no MM loss, no dead time",False,543424405915.04004,0.0008972417204741969,1.0,5023.858948435001,0.0,881767.4974451034,118773.68555897938,174214.4980220648,0.0,0.0,0.0,0.0
tubeMy,"nTOF 5 ns, no veto, strict",13.0,oracle: IPC only,"no MM loss, no dead time",False,675233968650.1552,0.0008049184608878635,1.0,7738.956958225625,0.0,1095643.4054963265,147582.6742381053,216470.85706015342,0.0,0.0,0.0,0.0
tubeMy,"nTOF 5 ns, no veto, strict",13.0,oracle: IPC only,"no MM loss, no dead time",False,839014419404.4929,0.0007220949649283711,1.0,11926.640618550902,0.0,1361395.6915919604,183379.38772182938,268976.64940849226,0.0,0.0,0.0,0.0
tubeMy,"nTOF 5 ns, no veto, strict",13.0,oracle: IPC only,"no MM loss, no dead time",False,1042520413147.9036,0.0006477937377653796,1.0,18386.87334864883,0.0,1691607.1595808691,227858.72403273184,334217.9123304094,0.0,0.0,0.0,0.0
tubeMy,"nTOF 5 ns, no veto, strict",13.0,oracle: IPC only,"no MM loss, no dead time",False,1295387524568.9966,0.0005811378656125474,1.0,28354.499460679963,0.0,2101912.6180714634,283126.68486265425,415283.6804538282,0.0,0.0,0.0,0.0
tubeMy,"nTOF 5 ns, no veto, strict",13.0,oracle: IPC only,"no MM loss, no dead time",False,1609588471982.2002,0.0005213406662647066,1.0,43735.732226599896,0.0,2611739.1552673946,351800.0902603201,516012.24497142236,0.0,0.0,0.0,0.0
tubeMy,"nTOF 5 ns, no veto, strict",13.0,oracle: IPC only,"no MM loss, no dead time",True,2000000000000.0002,0.0004676964045611487,1.0,67473.26239502954,0.0,3245225.970152546,437130.4794784969,641172.888540828,0.0,0.0,0.0,0.0
