variant,hw,ecut,scenario,knobs,best,R,reach3,live,trig_Hz,occ,X17,M1,E0,G,WALL,ACC,COS
ringCFRP,"nTOF 5 ns + veto, per-arm coinc (strict)",14.0,as is,MM occ + DREAM,False,1000000000.0,0.027106942007478447,0.9975767502584543,8.151463574098505,0.011601140715263488,1321.377713924616,179.54797875470226,266.8357785762329,1.4966964295227103,0.0,11.841933866041595,105.47881456954254
ringCFRP,"nTOF 5 ns + veto, per-arm coinc (strict)",14.0,as is,MM occ + DREAM,False,1242553630.827767,0.024159929143701957,0.9969661030548177,10.211843914211238,0.014415039517494486,1631.6690387426179,221.71017023795386,329.49524859056197,1.8481568129339212,0.0,18.2720380304768,105.41424776489004
ringCFRP,"nTOF 5 ns + veto, per-arm coinc (strict)",14.0,as is,MM occ + DREAM,False,1543939525.4832668,0.021598750298605158,0.9961949958466924,12.817239964411407,0.017911459690988518,2011.7510045502038,273.3554704444921,406.24806968047346,2.278667570876552,0.0,28.189101882136686,105.33271471573066
ringCFRP,"nTOF 5 ns + veto, per-arm coinc (strict)",14.0,as is,MM occ + DREAM,False,1918427663.1677406,0.019376170066044807,0.9952178871482318,16.124467586654827,0.022255949272463067,2475.6520844481024,336.39005954044757,499.9271173384338,2.804118456431993,0.0,43.47958016689276,105.22940009137469
ringCFRP,"nTOF 5 ns + veto, per-arm coinc (strict)",14.0,as is,MM occ + DREAM,False,2383749258.3495045,0.017453384354951532,0.993974676873124,20.341770866186813,0.027654210576017583,3039.296225910653,412.97767356638235,613.7480345085811,3.4425461861859703,0.0,67.0459848451294,105.09794920697396
ringCFRP,"nTOF 5 ns + veto, per-arm coinc (strict)",14.0,as is,MM occ + DREAM,False,2961936295.9451733,0.01579836713080724,0.992385350761288,25.748580633786652,0.034361839758906276,3720.2063130758243,505.499311078402,751.2493494879967,4.213798558272102,0.0,103.34942973149552,104.92990175178072
ringCFRP,"nTOF 5 ns + veto, per-arm coinc (strict)",14.0,as is,MM occ + DREAM,False,3680364698.807223,0.014384642748906641,0.9903424181466532,32.7240277732571,0.042696428754350924,4536.781595164014,616.4550505728474,916.1465615916812,5.138716010911701,0.0,159.23678712735145,104.71389219624399
ringCFRP,"nTOF 5 ns + veto, per-arm coinc (strict)",14.0,as is,MM occ + DREAM,False,4573050519.273255,0.013190505423501434,0.9877001990146874,41.78849006195182,0.053052602572097804,5506.904145282228,748.2746969786738,1112.0507328572194,6.237553187943302,0.0,245.19604008674037,104.43451705864126
ringCFRP,"nTOF 5 ns + veto, per-arm coinc (strict)",14.0,as is,MM occ + DREAM,False,5682260526.681813,0.012198758598864615,0.9842596516298998,53.66466143971506,0.06592070395082295,6645.5374518851695,902.9914797645266,1341.9835534871581,7.527258914451027,0.0,377.2491573762968,104.07073065371183
ringCFRP,"nTOF 5 ns + veto, per-arm coinc (strict)",14.0,as is,MM occ + DREAM,False,7060513448.737786,0.011397074110591526,0.9797469945069353,69.36801650065601,0.08191001004081737,7960.885462459126,1081.7201461926375,1607.6017085396986,9.017125627246328,0.0,579.7794549056459,103.5935846859797
ringCFRP,"nTOF 5 ns + veto, per-arm coinc (strict)",14.0,as is,MM occ + DREAM,False,8773066621.237415,0.010779072974207486,0.9737839480588676,90.34173220546873,0.10177758037735649,9448.621180482765,1283.8727466772855,1908.0314149371509,10.702252229409092,0.0,889.6962877779276,102.96308174933618
ringCFRP,"nTOF 5 ns + veto, per-arm coinc (strict)",14.0,as is,MM occ + DREAM,False,10901005783.71244,0.010346273283700072,0.9658472446361338,118.6590967258885,0.12646410203474917,11083.756437149466,1506.0539044426014,2238.226623084122,12.554335153655662,0.0,1362.4416068593348,102.12389411950909
ringCFRP,"nTOF 5 ns + veto, per-arm coinc (strict)",14.0,as is,MM occ + DREAM,False,13545084316.226381,0.010111254863860178,0.9552157165310303,157.32868275927478,0.1571384291526508,12810.077248866643,1740.6252984957014,2586.8356188410958,14.509702016498977,0.0,2080.3729467948724,100.99976910226248
ringCFRP,"nTOF 5 ns + veto, per-arm coinc (strict)",14.0,as is,MM occ + DREAM,True,16830493696.995401,0.010102879992128465,0.9409060135190672,210.7564041547099,0.1952529256861989,14528.000466321399,1974.0556326835333,2933.748824984271,16.455557102946564,0.0,3163.8527874322517,99.48673212525492
ringCFRP,"nTOF 5 ns + veto, per-arm coinc (strict)",14.0,as is,MM occ + DREAM,False,20912791051.82548,0.010375375394925512,0.9216051516744985,285.44758061068666,0.24261223174113059,16083.622338124369,2185.4325613584206,3247.8872949754814,18.21757690748806,0.0,4784.595228022569,97.44595478455592
ringCFRP,"nTOF 5 ns + veto, per-arm coinc (strict)",14.0,as is,MM occ + DREAM,False,25985264452.18819,0.011025020012980676,0.8956232668778483,391.0768139370662,0.30145870943316944,17264.980098169166,2345.9547162025774,3486.447787071544,19.55567571361706,0.0,7178.867899876709,94.6987592350174
ringCFRP,"nTOF 5 ns + veto, per-arm coinc (strict)",14.0,as is,MM occ + DREAM,False,32288084693.086143,0.012222412742026763,0.860916780907967,542.1223305997158,0.3745786139508375,17815.822965092288,2420.8029010366795,3597.6836462204305,20.179603711996275,0.0,10654.229635596019,91.029067657874
ringCFRP,"nTOF 5 ns + veto, per-arm coinc (strict)",14.0,as is,MM occ + DREAM,False,40119676867.86863,0.014278246380453784,0.8152686509392165,760.3675858191277,0.46543401679504554,17480.12769293477,2375.1888370501038,3529.894165312307,19.799368817801227,0.0,15577.290116105713,86.20246094799154
ringCFRP,"nTOF 5 ns + veto, per-arm coinc (strict)",14.0,as is,MM occ + DREAM,False,49850850159.80715,0.017785570825763066,0.7567367507559052,1078.7365983222912,0.5783267274794381,16085.9407203603,2185.747581689138,3248.3554634048724,18.220202889732363,0.0,22323.705101403237,80.01358831815234
ringCFRP,"nTOF 5 ns + veto, per-arm coinc (strict)",14.0,as is,MM occ + DREAM,False,61942354865.91934,0.023949315494968294,0.6844344867044478,1547.18193787582,0.7186019750343164,13655.485112706476,1855.498791196693,2757.555211872647,15.467277521190502,0.0,31173.3604101021,72.36870575561676
ringCFRP,"nTOF 5 ns + veto, per-arm coinc (strict)",14.0,as is,MM occ + DREAM,False,76966697940.67009,0.03541289344161662,0.5995072083756415,2241.7337499660734,0.8929014931988943,10487.939248641633,1425.0946368716677,2117.9087596078352,11.879465697866728,0.0,42157.65361623678,63.38891684171194
ringCFRP,"nTOF 5 ns + veto, per-arm coinc (strict)",14.0,as is,MM occ + DREAM,False,95635249979.00362,0.0585342656932091,0.5058248517132627,3278.419122977498,1.1094779923458207,7130.091486290864,968.8323794241544,1439.8332081849628,8.076102962268228,0.0,54917.71642200595,53.4834093965267
ringCFRP,"nTOF 5 ns + veto, per-arm coinc (strict)",14.0,as is,MM occ + DREAM,False,118831927096.53207,0.11037866824705891,0.4097122877520586,4834.6884103043685,1.378585907712801,4189.333223871019,569.2439828138904,845.9836886356601,4.745168631326204,0.0,68678.62346033829,43.320943892754066
ringCFRP,"nTOF 5 ns + veto, per-arm coinc (strict)",14.0,as is,MM occ + DREAM,False,147655042472.05704,0.24317388765935577,0.3184348253854804,7182.416231231319,1.7129669250365407,2072.8217457939086,281.6537246346518,418.58054556247646,2.3478411004468955,0.0,82412.56593113195,33.669718034845594
ringCFRP,"nTOF 5 ns + veto, per-arm coinc (strict)",14.0,as is,MM occ + DREAM,False,183469309133.68265,0.6441104877811704,0.2380868144633538,10738.75368497896,2.1284532721920293,838.8900233301814,113.98785260200921,169.40339628575975,0.9501928853873003,0.0,95134.602524531,25.174118129484086
ringCFRP,"nTOF 5 ns + veto, per-arm coinc (strict)",14.0,as is,MM occ + DREAM,False,227970456209.51935,2.125652679897974,0.17208545808722064,16144.517664124667,2.6447173414094474,268.2920026356908,36.45534980775199,54.17822977840492,0.30388864454334535,0.0,106164.08509447363,18.195462272946955
ringCFRP,"nTOF 5 ns + veto, per-arm coinc (strict)",14.0,as is,MM occ + DREAM,False,283265518084.60077,9.14314933299993,0.12096652804534391,24385.065845817928,3.2862031350814687,64.96155807005387,8.826935951259577,13.118177900597528,0.07358057502794285,0.0,115220.28640960516,12.790400315073965
ringCFRP,"nTOF 5 ns + veto, per-arm coinc (strict)",14.0,as is,MM occ + DREAM,False,351972597984.32916,54.28338797153198,0.08320114418426024,36976.729800208705,4.083283637133069,11.274578922547237,1.5319827446168142,2.2767608483282675,0.012770475723878558,0.0,122355.45007014992,8.797276056315129
ringCFRP,"nTOF 5 ns + veto, per-arm coinc (strict)",14.0,as is,MM occ + DREAM,False,437344829577.31195,478.3613222034684,0.05629420731820741,56254.419644260466,5.073698909019326,1.3076337116560413,0.1776804523076326,0.26406034842674425,0.0014811288905019172,0.0,127816.82158340033,5.952270092018679
ringCFRP,"nTOF 5 ns + veto, per-arm coinc (strict)",14.0,as is,MM occ + DREAM,False,543424405915.04004,6856.929800957127,0.0376322093065797,85815.3740087812,6.304343001128845,0.09267730190656973,0.012592933919205794,0.01871502731579665,0.00010497360852967626,0.0,131921.11296197475,3.9790430423148213
ringCFRP,"nTOF 5 ns + veto, per-arm coinc (strict)",14.0,as is,MM occ + DREAM,False,675233968650.1552,179336.71193783058,0.024938422400846386,131203.9175607449,7.833484286036265,0.0035842850549780082,0.00048703041539166015,0.0007238017435934863,4.059843440407262e-06,0.0,134975.1606792877,2.6368650145407786
ringCFRP,"nTOF 5 ns + veto, per-arm coinc (strict)",14.0,as is,MM occ + DREAM,False,839014419404.4929,9879263.566326126,0.016423453705986232,200968.23094068162,9.733524341646621,6.560838917897048e-05,8.914826958484681e-06,1.3248797390192569e-05,7.431322686626116e-08,0.0,137239.66605581014,1.7365344847866324
ringCFRP,"nTOF 5 ns + veto, per-arm coinc (strict)",14.0,as is,MM occ + DREAM,False,1042520413147.9036,1371036967.613563,0.010767643641064065,308291.3751876331,12.09442601146346,4.7563911909210104e-07,6.462954653291956e-08,9.604939853821002e-08,5.387463128707555e-10,0.0,138920.43080530656,1.1385171984736568
ringCFRP,"nTOF 5 ns + veto, per-arm coinc (strict)",14.0,as is,MM occ + DREAM,False,1295387524568.9966,599047605119.0983,0.00703701934402749,473508.7934555755,15.027972953321772,1.0934886540704965e-09,1.485825555861904e-10,2.2081642008821097e-10,1.238571338856616e-12,0.0,140173.03534207807,0.7440595005032484
ringCFRP,"nTOF 5 ns + veto, per-arm coinc (strict)",14.0,as is,MM occ + DREAM,False,1609588471982.2002,1087453554691060.9,0.0045883703162878904,727994.3099410735,18.67306235713145,6.043864405357655e-13,8.212365218620339e-14,1.2204831723874492e-13,6.845756652843217e-16,0.0,141112.17307109886,0.4851515050272914
ringCFRP,"nTOF 5 ns + veto, per-arm coinc (strict)",14.0,as is,MM occ + DREAM,False,2000000000000.0002,1.1578891920310723e+19,0.0029867925165031565,1120158.7943658223,23.20228143052698,5.690451763328749e-17,7.732150327193244e-18,1.149115889209668e-17,6.445453670661221e-20,0.0,141821.26615462825,0.3158086171558346
ringCFRP,"nTOF 5 ns + veto, per-arm coinc (strict)",14.0,as is,"MM occ ÷10, DAQ 10 µs",False,1000000000.0,0.02674958619989442,0.9999184920083534,8.151463574098505,0.001160114071526349,1352.4282054805515,183.76710016068515,273.10603877677335,1.5318666608327753,0.0,11.869731978744674,105.72641872004358
ringCFRP,"nTOF 5 ns + veto, per-arm coinc (strict)",14.0,as is,"MM occ ÷10, DAQ 10 µs",False,1242553630.827767,0.023765638226052807,0.9998978919879687,10.211843914211238,0.0014415039517494486,1679.484510822724,228.20730673020344,339.1509878890477,1.9023163810756314,0.0,18.32577080907351,105.72424057612663
ringCFRP,"nTOF 5 ns + veto, per-arm coinc (strict)",14.0,as is,"MM occ ÷10, DAQ 10 µs",False,1543939525.4832668,0.021161479327123624,0.9998718440264146,12.817239964411407,0.0017911459690988518,2085.336460637639,283.3542162739496,421.10773642077254,2.362016251749754,0.0,28.293144813867386,105.72148639394871
ringCFRP,"nTOF 5 ns + veto, per-arm coinc (strict)",14.0,as is,"MM occ ÷10, DAQ 10 µs",False,1918427663.1677406,0.01888856281193105,0.9998387813197873,16.124467586654827,0.0022255949272463067,2588.8063235451195,351.7653869001422,522.7772071881982,2.9322858561521357,0.0,43.6814601181772,105.7179905074411
ringCFRP,"nTOF 5 ns + veto, per-arm coinc (strict)",14.0,as is,"MM occ ÷10, DAQ 10 µs",False,2383749258.3495045,0.016906293532245677,0.9997966236616869,20.341770866186813,0.0027654210576017585,3213.124135033649,436.59730132708665,648.8504166513446,3.6394373613542452,0.0,67.43868917174572,105.71353296590327
ringCFRP,"nTOF 5 ns + veto, per-arm coinc (strict)",14.0,as is,"MM occ ÷10, DAQ 10 µs",False,2961936295.9451733,0.015180176918125692,0.9997425804755361,25.748580633786652,0.0034361839758906276,3986.911116625563,541.738993265336,805.1070641711397,4.515889416172118,0.0,104.11562956988271,105.7078187076176
ringCFRP,"nTOF 5 ns + veto, per-arm coinc (strict)",14.0,as is,"MM occ ÷10, DAQ 10 µs",False,3680364698.807223,0.013680332765885825,0.9996728667734354,32.7240277732571,0.004269642875435092,4945.355061756518,671.9717581171302,998.6528865545833,5.601498485750385,0.0,160.7370264734214,105.70044752674865
ringCFRP,"nTOF 5 ns + veto, per-arm coinc (strict)",14.0,as is,"MM occ ÷10, DAQ 10 µs",False,4573050519.273255,0.012380373811713107,0.9995822896542268,41.78849006195182,0.00530526025720978,6131.598978692336,833.1578409089258,1238.2000772036206,6.9451317378563475,0.0,248.14576266012156,105.69087035170041
ringCFRP,"nTOF 5 ns + veto, per-arm coinc (strict)",14.0,as is,"MM occ ÷10, DAQ 10 µs",False,5682260526.681813,0.011256672373592593,0.9994636412207257,53.66466143971506,0.006592070395082295,7598.355764507211,1032.459837183421,1534.393349422841,8.606495949749338,0.0,383.0765752252343,105.67832505519772
ringCFRP,"nTOF 5 ns + veto, per-arm coinc (strict)",14.0,as is,"MM occ ÷10, DAQ 10 µs",False,7060513448.737786,0.01028801229696428,0.9993068006936027,69.36801650065601,0.008191001004081737,9409.743740841406,1278.5901044522768,1900.1806000138836,10.658216580489768,0.0,591.3542531265614,105.66174151626385
ringCFRP,"nTOF 5 ns + veto, per-arm coinc (strict)",14.0,as is,"MM occ ÷10, DAQ 10 µs",False,8773066621.237415,0.009455543145792139,0.9990973981041329,90.34173220546873,0.01017775803773565,11643.304321232254,1582.0849215733067,2351.2203520735848,13.188123139807118,0.0,912.8238845934411,105.63960032572453
ringCFRP,"nTOF 5 ns + veto, per-arm coinc (strict)",14.0,as is,"MM occ ÷10, DAQ 10 µs",False,10901005783.71244,0.008742875577588656,0.998814815362127,118.6590967258885,0.012646410203474918,14392.104214226001,1955.5901347967877,2906.306268740632,16.301630308848765,0.0,1408.946258897859,105.6097214290513
ringCFRP,"nTOF 5 ns + veto, per-arm coinc (strict)",14.0,as is,"MM occ ÷10, DAQ 10 µs",False,13545084316.226381,0.008136153865483015,0.9984291845157172,157.32868275927478,0.01571384291526508,17766.7254483847,2414.131561120904,3587.7690139704914,20.123991999175402,0.0,2174.4879494866314,105.56894673724918
ringCFRP,"nTOF 5 ns + veto, per-arm coinc (strict)",14.0,as is,"MM occ ÷10, DAQ 10 µs",False,16830493696.995401,0.007624019488823297,0.9978968684428973,210.7564041547099,0.01952529256861989,21896.784459233324,2975.321400877667,4421.783013232209,24.802021990233563,0.0,3355.4879482434044,105.51266227760955
ringCFRP,"nTOF 5 ns + veto, per-arm coinc (strict)",14.0,as is,"MM occ ÷10, DAQ 10 µs",False,20912791051.82548,0.007197477026722899,0.9971536490338616,285.44758061068666,0.02426122317411306,26931.362910109554,3659.416777401005,5438.453452415449,30.504581910968163,0.0,5176.81198081862,105.43407794591793
ringCFRP,"nTOF 5 ns + veto, per-arm coinc (strict)",14.0,as is,"MM occ ÷10, DAQ 10 µs",False,25985264452.18819,0.006849734525505384,0.9961044663893597,391.0768139370662,0.030145870943316944,33037.32984735645,4489.091752521908,6671.477457960287,37.420680780698696,0.0,7984.274910157828,105.32314258021268
ringCFRP,"nTOF 5 ns + veto, per-arm coinc (strict)",14.0,as is,"MM occ ÷10, DAQ 10 µs",False,32288084693.086143,0.006576106665276633,0.99460800788731,542.1223305997158,0.03745786139508375,40393.92288533684,5488.701021371469,8157.049834633486,45.75333723264868,0.0,12308.718273859397,105.16491448517354
ringCFRP,"nTOF 5 ns + veto, per-arm coinc (strict)",14.0,as is,"MM occ ÷10, DAQ 10 µs",False,40119676867.86863,0.0063740625533785684,0.9924537037325563,760.3675858191277,0.046543401679504555,49181.059452556015,6682.691651802025,9931.502667204404,55.70633991106051,0.0,18962.754488395356,104.93712905572485
ringCFRP,"nTOF 5 ns + veto, per-arm coinc (strict)",14.0,as is,"MM occ ÷10, DAQ 10 µs",False,49850850159.80715,0.006243495867937244,0.9893277593821824,1078.7365983222912,0.05783267274794382,59557.60495268424,8092.65017567532,12026.916846118258,67.45963227944372,0.0,29185.130928316445,104.60660721427016
ringCFRP,"nTOF 5 ns + veto, per-arm coinc (strict)",14.0,as is,"MM occ ÷10, DAQ 10 µs",True,61942354865.91934,0.006187311704480787,0.9847639106437995,1547.18193787582,0.07186019750343164,71624.25926371843,9732.259629540758,14463.62745805367,81.12727494761725,0.0,44852.21142665318,104.12404849918923
ringCFRP,"nTOF 5 ns + veto, per-arm coinc (strict)",14.0,as is,"MM occ ÷10, DAQ 10 µs",False,76966697940.67009,0.006212478106633321,0.9780741809851515,2241.7337499660734,0.08929014931988943,85364.14460239117,11599.226670745751,17238.22624480305,96.69015080948162,0.0,68778.67681470871,103.41670968640908
ringCFRP,"nTOF 5 ns + veto, per-arm coinc (strict)",14.0,as is,"MM occ ÷10, DAQ 10 µs",False,95635249979.00362,0.006331805434345528,0.968256493943098,3278.419122977498,0.11094779923458208,100553.60923429023,13663.161641257222,20305.54952299795,113.89493430276657,0.0,105124.20530155324,102.37863618405221
ringCFRP,"nTOF 5 ns + veto, per-arm coinc (strict)",14.0,as is,"MM occ ÷10, DAQ 10 µs",False,118831927096.53207,0.006566942115919107,0.9538827416419434,4834.6884103043685,0.13785859077128013,116638.77845580471,15848.804392164882,23553.749191815834,132.11426333216684,0.0,159895.99432806624,100.85882695308406
ringCFRP,"nTOF 5 ns + veto, per-arm coinc (strict)",14.0,as is,"MM occ ÷10, DAQ 10 µs",False,147655042472.05704,0.006953513891968056,0.9329888569060036,7182.416231231319,0.1712966925036541,132585.36996579147,18015.617290152324,26773.96481704108,150.17662833540766,0.0,241462.30108374127,98.64961127807095
ringCFRP,"nTOF 5 ns + veto, per-arm coinc (strict)",14.0,as is,"MM occ ÷10, DAQ 10 µs",False,183469309133.68265,0.007550209502196436,0.9030262367271377,10738.75368497896,0.21284532721920293,146739.1414485472,19938.822922201984,29632.142757831338,166.20830422889816,0.0,360830.74274355645,95.48151252572391
ringCFRP,"nTOF 5 ns + veto, per-arm coinc (strict)",14.0,as is,"MM occ ÷10, DAQ 10 µs",False,227970456209.51935,0.008455434609798161,0.8609963002230328,16144.517664124667,0.26447173414094477,156790.55804870496,21304.603134144283,31661.901203152138,177.59333000810523,0.0,531171.4627076501,91.03747563559236
ringCFRP,"nTOF 5 ns + veto, per-arm coinc (strict)",14.0,as is,"MM occ ÷10, DAQ 10 µs",False,283265518084.60077,0.0098391143230607,0.8039550352769477,24385.065845817928,0.3286203135081469,160009.87091308043,21742.041356150352,32312.00135664626,181.23977721154438,0.0,765764.967564675,85.00621537767088
ringCFRP,"nTOF 5 ns + veto, per-arm coinc (strict)",14.0,as is,"MM occ ÷10, DAQ 10 µs",False,351972597984.32916,0.012006322491801932,0.7300510104589141,36976.729800208705,0.4083283637133069,153939.41494011428,20917.191588684345,31086.148348237213,174.3639008557006,0.0,1073611.6772750649,77.19197058126339
ringCFRP,"nTOF 5 ns + veto, per-arm coinc (strict)",14.0,as is,"MM occ ÷10, DAQ 10 µs",False,437344829577.31195,0.015531671628107658,0.6399818976491471,56254.419644260466,0.5073698909019326,137547.6200575588,18689.88473439876,27776.029444568358,155.79726346227693,0.0,1453088.2647666312,67.66850960841771
ringCFRP,"nTOF 5 ns + veto, per-arm coinc (strict)",14.0,as is,"MM occ ÷10, DAQ 10 µs",False,543424405915.04004,0.021561776170815013,0.5381686016748767,85815.3740087812,0.6304343001128845,112363.8216457339,15267.925929917976,22690.47488593475,127.27211068605237,0.0,1886570.100515633,56.9032769944843
ringCFRP,"nTOF 5 ns + veto, per-arm coinc (strict)",14.0,as is,"MM occ ÷10, DAQ 10 µs",False,675233968650.1552,0.03254847277690051,0.4325186227596109,131203.9175607449,0.7833484286036265,82643.47598143008,11229.543917202072,16688.82108829721,93.60850733389078,0.0,2340936.7948544077,45.73237256794045
ringCFRP,"nTOF 5 ns + veto, per-arm coinc (strict)",14.0,as is,"MM occ ÷10, DAQ 10 µs",False,839014419404.4929,0.05418597545052784,0.332260982122426,200968.23094068162,0.9733524341646622,53946.449749489824,7330.20991003757,10893.81391000965,61.10399613572867,0.0,2776479.725043252,35.131627228587206
ringCFRP,"nTOF 5 ns + veto, per-arm coinc (strict)",14.0,as is,"MM occ ÷10, DAQ 10 µs",False,1042520413147.9036,0.10106491874839263,0.24492312617195086,308291.3751876331,1.2094426011463462,30815.06921960643,4187.132365910492,6222.719590655426,34.903573437376195,0.0,3159913.843380827,25.89695580073483
ringCFRP,"nTOF 5 ns + veto, per-arm coinc (strict)",14.0,as is,"MM occ ÷10, DAQ 10 µs",False,1295387524568.9966,0.2152128939111826,0.1743652427671906,473508.7934555755,1.5027972953321773,15160.159314158327,2059.952982233881,3061.405434119458,17.171589983233737,0.0,3473246.859493066,18.436515390368477
ringCFRP,"nTOF 5 ns + veto, per-arm coinc (strict)",14.0,as is,"MM occ ÷10, DAQ 10 µs",False,1609588471982.2002,0.5358714723802651,0.12077377682355904,727994.3099410735,1.8673062357131451,6293.948631180334,855.2178103246135,1270.984568319752,7.129021735888282,0.0,3714314.434708547,12.770019757512422
ringCFRP,"nTOF 5 ns + veto, per-arm coinc (strict)",14.0,as is,"MM occ ÷10, DAQ 10 µs",False,2000000000000.0002,1.6091244697160212,0.08195654570680287,1120158.7943658223,2.3202281430526983,2145.094179222238,291.47405776498675,433.175063723502,2.4297025484834482,0.0,3891526.1162521266,8.66567839028768
ringCFRP,"nTOF 5 ns + veto, per-arm coinc (strict)",14.0,as is,"no MM loss, DREAM",False,1000000000.0,0.026745012777769663,0.9975767502584543,8.151463574098505,0.0,1352.3951375188744,183.76260690669872,273.0993611135988,1.5318292054559726,0.0,11.841933866041595,105.47881456954254
ringCFRP,"nTOF 5 ns + veto, per-arm coinc (strict)",14.0,as is,"no MM loss, DREAM",False,1242553630.827767,0.023760991980799857,0.9969661030548177,10.211843914211238,0.0,1679.3948498856491,228.19512365805429,339.1328819790569,1.9022148240393852,0.0,18.2720380304768,105.41424776489004
ringCFRP,"nTOF 5 ns + veto, per-arm coinc (strict)",14.0,as is,"no MM loss, DREAM",False,1543939525.4832668,0.02115674936358751,0.9961949958466924,12.817239964411407,0.0,2085.1241727796696,283.32537073235244,421.06486753077485,2.361775797808609,0.0,28.189101882136686,105.33271471573066
ringCFRP,"nTOF 5 ns + veto, per-arm coinc (strict)",14.0,as is,"no MM loss, DREAM",False,1918427663.1677406,0.01888375360349226,0.9952178871482318,16.124467586654827,0.0,2588.337372159389,351.70166607864275,522.6825082941521,2.931754684892589,0.0,43.47958016689276,105.22940009137469
ringCFRP,"nTOF 5 ns + veto, per-arm coinc (strict)",14.0,as is,"no MM loss, DREAM",False,2383749258.3495045,0.01690142979660891,0.993974676873124,20.341770866186813,0.0,3212.1304389159977,436.46227851904285,648.6497520915995,3.638311822898703,0.0,67.0459848451294,105.09794920697396
ringCFRP,"nTOF 5 ns + veto, per-arm coinc (strict)",14.0,as is,"no MM loss, DREAM",False,2961936295.9451733,0.015175310689539617,0.992385350761288,25.748580633786652,0.0,3984.862498062658,541.4606282540806,804.6933711570395,4.513568989502102,0.0,103.34942973149552,104.92990175178072
ringCFRP,"nTOF 5 ns + veto, per-arm coinc (strict)",14.0,as is,"no MM loss, DREAM",False,3680364698.807223,0.013675556582459433,0.9903424181466532,32.7240277732571,0.0,4941.212361660543,671.408850614619,997.8163198455583,5.596806137471094,0.0,159.23678712735145,104.71389219624399
ringCFRP,"nTOF 5 ns + veto, per-arm coinc (strict)",14.0,as is,"no MM loss, DREAM",False,4573050519.273255,0.012375846988975514,0.9877001990146874,41.78849006195182,0.0,6123.340673602052,832.0357075694008,1236.5324153040253,6.935777731343078,0.0,245.19604008674037,104.43451705864126
ringCFRP,"nTOF 5 ns + veto, per-arm coinc (strict)",14.0,as is,"no MM loss, DREAM",False,5682260526.681813,0.011252670795053533,0.9842596516298998,53.66466143971506,0.0,7582.075519726448,1030.2476876873193,1531.1057566734642,8.58805566278343,0.0,377.2491573762968,104.07073065371183
ringCFRP,"nTOF 5 ns + veto, per-arm coinc (strict)",14.0,as is,"no MM loss, DREAM",False,7060513448.737786,0.01028501574121417,0.9797469945069353,69.36801650065601,0.0,9377.94121968987,1274.2687977343792,1893.7584767990506,10.62219454125319,0.0,579.7794549056459,103.5935846859797
ringCFRP,"nTOF 5 ns + veto, per-arm coinc (strict)",14.0,as is,"no MM loss, DREAM",False,8773066621.237415,0.009454378618423676,0.9737839480588676,90.34173220546873,0.0,11581.673577327925,1573.7105745712638,2338.774790626132,13.118315307134909,0.0,889.6962877779276,102.96308174933618
ringCFRP,"nTOF 5 ns + veto, per-arm coinc (strict)",14.0,as is,"no MM loss, DREAM",False,10901005783.71244,0.008744942514655872,0.9658472446361338,118.6590967258885,0.0,14273.559739621385,1939.482385601759,2882.3676879369,16.167357504024917,0.0,1362.4416068593348,102.12389411950909
ringCFRP,"nTOF 5 ns + veto, per-arm coinc (strict)",14.0,as is,"no MM loss, DREAM",False,13545084316.226381,0.008143769766805156,0.9552157165310303,157.32868275927478,0.0,17540.438814337118,2383.383874570495,3542.073245424385,19.867681942135153,0.0,2080.3729467948724,100.99976910226248
ringCFRP,"nTOF 5 ns + veto, per-arm coinc (strict)",14.0,as is,"no MM loss, DREAM",False,16830493696.995401,0.007640943384160796,0.9409060135190672,210.7564041547099,0.0,21468.43475318923,2917.117510264166,4335.283122920229,24.316839389628672,0.0,3163.8527874322517,99.48673212525492
ringCFRP,"nTOF 5 ns + veto, per-arm coinc (strict)",14.0,as is,"no MM loss, DREAM",False,20912791051.82548,0.007229691568603654,0.9216051516744985,285.44758061068666,0.0,26128.48168507805,3550.3217778294224,5276.321584647515,29.595175425470245,0.0,4784.595228022569,97.44595478455592
ringCFRP,"nTOF 5 ns + veto, per-arm coinc (strict)",14.0,as is,"no MM loss, DREAM",False,25985264452.18819,0.006906590580588685,0.8956232668778483,391.0768139370662,0.0,31550.757461286044,4287.097224856729,6371.282671967661,35.73687185989412,0.0,7178.867899876709,94.6987592350174
ringCFRP,"nTOF 5 ns + veto, per-arm coinc (strict)",14.0,as is,"no MM loss, DREAM",False,32288084693.086143,0.006671946553011736,0.860916780907967,542.1223305997158,0.0,37684.32482887358,5120.522529219752,7609.880240802821,42.684233149982425,0.0,10654.229635596019,91.029067657874
ringCFRP,"nTOF 5 ns + veto, per-arm coinc (strict)",14.0,as is,"no MM loss, DREAM",False,40119676867.86863,0.00653041899166889,0.8152686509392165,760.3675858191277,0.0,44342.01772388145,6025.165683006441,8954.318434697041,50.2252602763,0.0,15577.290116105713,86.20246094799154
ringCFRP,"nTOF 5 ns + veto, per-arm coinc (strict)",14.0,as is,"no MM loss, DREAM",True,49850850159.80715,0.006491878742347043,0.7567367507559052,1078.7365983222912,0.0,51141.64307283334,6949.0945300183075,10327.418120649349,57.92705127415316,0.0,22323.705101403237,80.01358831815234
ringCFRP,"nTOF 5 ns + veto, per-arm coinc (strict)",14.0,as is,"no MM loss, DREAM",False,61942354865.91934,0.006572399728167063,0.6844344867044478,1547.18193787582,0.0,57474.72182702405,7809.629317026345,11606.304530152907,65.100394868038,0.0,31173.3604101021,72.36870575561676
ringCFRP,"nTOF 5 ns + veto, per-arm coinc (strict)",14.0,as is,"no MM loss, DREAM",False,76966697940.67009,0.006795195541694744,0.5995072083756415,2241.7337499660734,0.0,62553.92222475796,8499.787895828613,12631.98581597438,70.85349711882438,0.0,42157.65361623678,63.38891684171194
ringCFRP,"nTOF 5 ns + veto, per-arm coinc (strict)",14.0,as is,"no MM loss, DREAM",False,95635249979.00362,0.007191301397827709,0.5058248517132627,3278.419122977498,0.0,65580.60850625587,8911.05213802132,13243.187429198782,74.28176028920032,0.0,54917.71642200595,53.4834093965267
ringCFRP,"nTOF 5 ns + veto, per-arm coinc (strict)",14.0,as is,"no MM loss, DREAM",False,118831927096.53207,0.007799958211912918,0.4097122877520586,4834.6884103043685,0.0,66003.8716442211,8968.564868940108,13328.660150413465,74.76118144233874,0.0,68678.62346033829,43.320943892754066
ringCFRP,"nTOF 5 ns + veto, per-arm coinc (strict)",14.0,as is,"no MM loss, DREAM",False,147655042472.05704,0.008668971756059678,0.3184348253854804,7182.416231231319,0.0,63742.06408238915,8661.231869617102,12871.916272118066,72.19928012798488,0.0,82412.56593113195,33.669718034845594
ringCFRP,"nTOF 5 ns + veto, per-arm coinc (strict)",14.0,as is,"no MM loss, DREAM",False,183469309133.68265,0.009855598710238507,0.2380868144633538,10738.75368497896,0.0,59218.315804101745,8046.547778003987,11958.40162660878,67.0753266778675,0.0,95134.602524531,25.174118129484086
ringCFRP,"nTOF 5 ns + veto, per-arm coinc (strict)",14.0,as is,"no MM loss, DREAM",False,227970456209.51935,0.011428503200046382,0.17208545808722064,16144.517664124667,0.0,53183.88055132473,7226.5924835074375,10739.822554194909,60.24025022558475,0.0,106164.08509447363,18.195462272946955
ringCFRP,"nTOF 5 ns + veto, per-arm coinc (strict)",14.0,as is,"no MM loss, DREAM",False,283265518084.60077,0.01347103064407074,0.12096652804534391,24385.065845817928,0.0,46453.26120897153,6312.0401295877155,9380.657772171406,52.61662086357842,0.0,115220.28640960516,12.790400315073965
ringCFRP,"nTOF 5 ns + veto, per-arm coinc (strict)",14.0,as is,"no MM loss, DREAM",False,351972597984.32916,0.016085739509962692,0.08320114418426024,36976.729800208705,0.0,39700.450445372204,5394.472419204471,8017.011708903693,44.96785575076054,0.0,122355.45007014992,8.797276056315129
ringCFRP,"nTOF 5 ns + veto, per-arm coinc (strict)",14.0,as is,"no MM loss, DREAM",False,437344829577.31195,0.01940005357542257,0.05629420731820741,56254.419644260466,0.0,33376.822297821374,4535.221774726093,6740.033731753876,37.80521665799272,0.0,127816.82158340033,5.952270092018679
ringCFRP,"nTOF 5 ns + veto, per-arm coinc (strict)",14.0,as is,"no MM loss, DREAM",False,543424405915.04004,0.023573033694823782,0.0376322093065797,85815.3740087812,0.0,27724.01573200781,3767.1219479410324,5598.519821511132,31.402402901805537,0.0,131921.11296197475,3.9790430423148213
ringCFRP,"nTOF 5 ns + veto, per-arm coinc (strict)",14.0,as is,"no MM loss, DREAM",False,675233968650.1552,0.02880347221306015,0.024938422400846386,131203.9175607449,0.0,22828.666331944085,3101.9449279132614,4609.964955780123,25.857544765383615,0.0,134975.1606792877,2.6368650145407786
ringCFRP,"nTOF 5 ns + veto, per-arm coinc (strict)",14.0,as is,"no MM loss, DREAM",False,839014419404.4929,0.035339685415382106,0.016423453705986232,200968.23094068162,0.0,18680.61617268031,2538.3104621427715,3772.317868080292,21.159136583205516,0.0,137239.66605581014,1.7365344847866324
ringCFRP,"nTOF 5 ns + veto, per-arm coinc (strict)",14.0,as is,"no MM loss, DREAM",False,1042520413147.9036,0.043491507058987855,0.010767643641064065,308291.3751876331,0.0,15218.173223890697,2067.835876066839,3073.120620934369,17.23730110477309,0.0,138920.43080530656,1.1385171984736568
ringCFRP,"nTOF 5 ns + veto, per-arm coinc (strict)",14.0,as is,"no MM loss, DREAM",False,1295387524568.9966,0.05364509716919076,0.00703701934402749,473508.7934555755,0.0,12357.930169640005,1679.1878356722466,2495.5301452849617,13.997564637484393,0.0,140173.03534207807,0.7440595005032484
ringCFRP,"nTOF 5 ns + veto, per-arm coinc (strict)",14.0,as is,"no MM loss, DREAM",False,1609588471982.2002,0.06628130427496676,0.0045883703162878904,727994.3099410735,0.0,10012.224895681362,1360.4548676077143,2021.844168526587,11.340634169193796,0.0,141112.17307109886,0.4851515050272914
ringCFRP,"nTOF 5 ns + veto, per-arm coinc (strict)",14.0,as is,"no MM loss, DREAM",False,2000000000000.0002,0.08199847555719175,0.0029867925165031565,1120158.7943658223,0.0,8098.271486479843,1100.3880733584442,1635.3451056764482,9.172739854314987,0.0,141821.26615462825,0.3158086171558346
ringCFRP,"nTOF 5 ns + veto, per-arm coinc (strict)",14.0,as is,"no MM loss, no dead time",False,1000000000.0,0.026712588199991977,1.0,8.151463574098505,0.0,1355.6802894298542,184.20899129725024,273.7627566428784,1.5355502271470374,0.0,11.870699535623263,105.73503697055374
ringCFRP,"nTOF 5 ns + veto, per-arm coinc (strict)",14.0,as is,"no MM loss, no dead time",False,1242553630.827767,0.02372492040015984,1.0,10.211843914211238,0.0,1684.5054658727029,228.8895509675188,340.16490725202704,1.9080035100599533,0.0,18.327642208184614,105.73503697055374
ringCFRP,"nTOF 5 ns + veto, per-arm coinc (strict)",14.0,as is,"no MM loss, no dead time",False,1543939525.4832668,0.021116460242393425,1.0,12.817239964411407,0.0,2093.0883827693465,284.40754261322775,422.67314058619684,2.3707966890571193,0.0,28.29677121413165,105.73503697055374
ringCFRP,"nTOF 5 ns + veto, per-arm coinc (strict)",14.0,as is,"no MM loss, no dead time",False,1918427663.1677406,0.01883854737300219,1.0,16.124467586654827,0.0,2600.7745696534803,353.3916247088704,525.1940454887562,2.945842033942384,0.0,43.688503521055324,105.73503697055374
ringCFRP,"nTOF 5 ns + veto, per-arm coinc (strict)",14.0,as is,"no MM loss, no dead time",False,2383749258.3495045,0.016850434576964696,1.0,20.341770866186813,0.0,3231.6018844874566,439.1080463861305,652.5817681111774,3.660366715120163,0.0,67.45240739537218,105.73503697055374
ringCFRP,"nTOF 5 ns + veto, per-arm coinc (strict)",14.0,as is,"no MM loss, no dead time",False,2961936295.9451733,0.015117422946246213,1.0,25.748580633786652,0.0,4015.4386549597407,545.615297362774,810.867845378547,4.548201952033664,0.0,104.1424378667149,105.73503697055374
ringCFRP,"nTOF 5 ns + veto, per-arm coinc (strict)",14.0,as is,"no MM loss, no dead time",False,3680364698.807223,0.013609359966352267,1.0,32.7240277732571,0.0,4989.397880086393,677.9562687732865,1007.5467853966023,5.651384849237369,0.0,160.78962610260643,105.73503697055374
ringCFRP,"nTOF 5 ns + veto, per-arm coinc (strict)",14.0,as is,"no MM loss, no dead time",False,4573050519.273255,0.012299501275864697,1.0,41.78849006195182,0.0,6199.594451545711,842.3970233066927,1251.9309164233935,7.022148763624925,0.0,248.24945902748996,105.73503697055374
ringCFRP,"nTOF 5 ns + veto, per-arm coinc (strict)",14.0,as is,"no MM loss, no dead time",False,5682260526.681813,0.011163759052665858,1.0,53.66466143971506,0.0,7703.328595427835,1046.7234799082385,1555.5913057474274,8.725396442454901,0.0,383.2821519723839,105.73503697055374
ringCFRP,"nTOF 5 ns + veto, per-arm coinc (strict)",14.0,as is,"no MM loss, no dead time",False,7060513448.737786,0.01018033174843395,1.0,69.36801650065601,0.0,9571.798915708217,1300.6100604326568,1932.905625040573,10.841773029984019,0.0,591.7644638424475,105.73503697055374
ringCFRP,"nTOF 5 ns + veto, per-arm coinc (strict)",14.0,as is,"no MM loss, no dead time",False,8773066621.237415,0.009329627326251994,1.0,90.34173220546873,0.0,11893.473496266528,1616.077752881719,2401.7389024415784,13.471484443017204,0.0,913.6485455027681,105.73503697055374
ringCFRP,"nTOF 5 ns + veto, per-arm coinc (strict)",14.0,as is,"no MM loss, no dead time",False,10901005783.71244,0.008594313300204385,1.0,118.6590967258885,0.0,14778.278675939793,2008.063279543159,2984.289393529079,16.739041907310803,0.0,1410.6181018020206,105.73503697055374
ringCFRP,"nTOF 5 ns + veto, per-arm coinc (strict)",14.0,as is,"no MM loss, no dead time",False,13545084316.226381,0.007959324605587108,1.0,157.32868275927478,0.0,18362.803826173556,2495.1263189282663,3708.1396213703524,20.799157298507197,0.0,2177.909042734318,105.73503697055374
ringCFRP,"nTOF 5 ns + veto, per-arm coinc (strict)",14.0,as is,"no MM loss, no dead time",False,16830493696.995401,0.007411738767628399,1.0,210.7564041547099,0.0,22816.768566390056,3100.3282669582495,4607.56235015005,25.844068419418065,0.0,3362.5598539849666,105.73503697055374
ringCFRP,"nTOF 5 ns + veto, per-arm coinc (strict)",14.0,as is,"no MM loss, no dead time",False,20912791051.82548,0.006940523304279097,1.0,285.44758061068666,0.0,28351.058625924838,3852.3241448669323,5725.143327444267,32.11264104990914,0.0,5191.589065370631,105.73503697055374
ringCFRP,"nTOF 5 ns + veto, per-arm coinc (strict)",14.0,as is,"no MM loss, no dead time",False,25985264452.18819,0.00653621599896346,1.0,391.0768139370662,0.0,35227.710833453784,4786.7193533298805,7113.797628525237,39.90167873203341,0.0,8015.49955809245,105.73503697055374
ringCFRP,"nTOF 5 ns + veto, per-arm coinc (strict)",14.0,as is,"no MM loss, no dead time",False,32288084693.086143,0.006190605727798105,1.0,542.1223305997158,0.0,43772.32000185866,5947.7555122335825,8839.275072297989,49.5799757846112,0.0,12375.446584232592,105.73503697055374
ringCFRP,"nTOF 5 ns + veto, per-arm coinc (strict)",14.0,as is,"no MM loss, no dead time",False,40119676867.86863,0.0058964608314181575,1.0,760.3675858191277,0.0,54389.45514806437,7390.405207001702,10983.27333496924,61.6057789275214,0.0,19106.941126903577,105.73503697055374
ringCFRP,"nTOF 5 ns + veto, per-arm coinc (strict)",14.0,as is,"no MM loss, no dead time",False,49850850159.80715,0.005647325395814288,1.0,1078.7365983222912,0.0,67581.81497297165,9182.97482324844,13647.306160739883,76.54848428636478,0.0,29499.96161690847,105.73503697055374
ringCFRP,"nTOF 5 ns + veto, per-arm coinc (strict)",14.0,as is,"no MM loss, no dead time",False,61942354865.91934,0.005437382826126002,1.0,1547.18193787582,0.0,83974.02957259624,11410.33870842732,16957.509821045493,95.11559708438483,0.0,45546.15674058424,105.73503697055374
ringCFRP,"nTOF 5 ns + veto, per-arm coinc (strict)",14.0,as is,"no MM loss, no dead time",False,76966697940.67009,0.005261373867456309,1.0,2241.7337499660734,0.0,104342.23534066777,14177.957791130984,21070.6153979376,118.18623050555335,0.0,70320.51162564414,105.73503697055374
ringCFRP,"nTOF 5 ns + veto, per-arm coinc (strict)",14.0,as is,"no MM loss, no dead time",False,95635249979.00362,0.005114551693998258,1.0,3278.419122977498,0.0,129650.82337123205,17616.87293109262,26181.369666482817,146.8527298285227,0.0,108570.61735103751,105.73503697055374
ringCFRP,"nTOF 5 ns + veto, per-arm coinc (strict)",14.0,as is,"no MM loss, no dead time",False,118831927096.53207,0.004992657458558879,1.0,4834.6884103043685,0.0,161098.10131973392,21889.909424360547,32531.75593913219,182.4723926454,0.0,167626.4674343862,105.73503697055374
ringCFRP,"nTOF 5 ns + veto, per-arm coinc (strict)",14.0,as is,"no MM loss, no dead time",False,147655042472.05704,0.004891903338097662,1.0,7182.416231231319,0.0,200173.03071429566,27199.386433730262,40422.45145937163,226.73173400737258,0.0,258805.12858908452,105.73503697055374
ringCFRP,"nTOF 5 ns + veto, per-arm coinc (strict)",14.0,as is,"no MM loss, no dead time",False,183469309133.68265,0.004808954679264976,1.0,10738.75368497896,0.0,248725.72610784622,33796.69636951905,50227.063827801394,281.7263393147364,0.0,399579.4674264671,105.73503697055374
ringCFRP,"nTOF 5 ns + veto, per-arm coinc (strict)",14.0,as is,"no MM loss, no dead time",False,227970456209.51935,0.004740907046865742,1.0,16144.517664124667,0.0,309055.054055577,41994.207783929516,62409.82052505263,350.06008581534115,0.0,616926.5333312759,105.73503697055374
ringCFRP,"nTOF 5 ns + veto, per-arm coinc (strict)",14.0,as is,"no MM loss, no dead time",False,283265518084.60077,0.004685257148679492,1.0,24385.065845817928,0.0,384017.4795424291,52180.0553556573,77547.54909271344,434.9684306377318,0.0,952497.2591295273,105.73503697055374
ringCFRP,"nTOF 5 ns + veto, per-arm coinc (strict)",14.0,as is,"no MM loss, no dead time",False,351972597984.32916,0.004639868592459592,1.0,36976.729800208705,0.0,477162.31350677303,64836.51723896585,96356.9886869456,540.4716027843695,0.0,1470598.1662845542,105.73503697055374
ringCFRP,"nTOF 5 ns + veto, per-arm coinc (strict)",14.0,as is,"no MM loss, no dead time",False,437344829577.31195,0.004602934377839504,1.0,56254.419644260466,0.0,592899.7651420204,80562.84990550444,119728.72614859478,671.5649523990236,0.0,2270514.6350299553,105.73503697055374
ringCFRP,"nTOF 5 ns + veto, per-arm coinc (strict)",14.0,as is,"no MM loss, no dead time",False,543424405915.04004,0.004572938226502333,1.0,85815.3740087812,0.0,736709.7558941478,100103.66165991696,148769.36339031986,834.4554699400834,0.0,3505537.288210962,105.73503697055374
ringCFRP,"nTOF 5 ns + veto, per-arm coinc (strict)",14.0,as is,"no MM loss, no dead time",False,675233968650.1552,0.004548616608172372,1.0,131203.9175607449,0.0,915401.3820525111,124384.16825468413,184853.91263657744,1036.8556739381409,0.0,5412337.577324329,105.73503697055374
ringCFRP,"nTOF 5 ns + veto, per-arm coinc (strict)",14.0,as is,"no MM loss, no dead time",False,839014419404.4929,0.004528922870620668,1.0,200968.23094068162,0.0,1137435.3109341038,154553.9998823497,229690.90031929815,1288.3487822962086,0.0,8356321.910889379,105.73503697055374
ringCFRP,"nTOF 5 ns + veto, per-arm coinc (strict)",14.0,as is,"no MM loss, no dead time",False,1042520413147.9036,0.004512994393610009,1.0,308291.3751876331,0.0,1413324.3754328806,192041.6337127678,285403.26215984265,1600.842457214686,0.0,12901655.685883973,105.73503697055374
ringCFRP,"nTOF 5 ns + veto, per-arm coinc (strict)",14.0,as is,"no MM loss, no dead time",False,1295387524568.9966,0.004500123252631857,1.0,473508.7934555755,0.0,1756131.3342315194,238622.02923989674,354628.859646803,1989.1326075953607,0.0,19919376.157612354,105.73503697055374
ringCFRP,"nTOF 5 ns + veto, per-arm coinc (strict)",14.0,as is,"no MM loss, no dead time",False,1609588471982.2002,0.004489730538188222,1.0,727994.3099410735,0.0,2182087.365559786,296500.6688275234,440645.37715044565,2471.6039437655204,0.0,30754312.17270672,105.73503697055374
ringCFRP,"nTOF 5 ns + veto, per-arm coinc (strict)",14.0,as is,"no MM loss, no dead time",True,2000000000000.0002,0.004481344236279035,1.0,1120158.7943658223,0.0,2711360.5788597083,368417.9825945004,547525.5132857569,3071.1004542940746,0.0,47482798.14249306,105.73503697055374
ringCFRP,"nTOF 5 ns + veto, per-arm coinc (strict)",14.0,no Be window + air,MM occ + DREAM,False,1000000000.0,0.026629795058745194,0.9983416340965454,5.5742303667814594,0.009037208982736772,1329.1893252165248,180.60941561980107,268.413236224448,1.5055444754721867,0.0,0.028094396670362478,105.55968959044128
ringCFRP,"nTOF 5 ns + veto, per-arm coinc (strict)",14.0,no Be window + air,MM occ + DREAM,False,1242553630.827767,0.023618738752956787,0.9979334949311465,6.948940789329391,0.011229216834048886,1643.692033873822,223.343847309723,331.9231427746742,1.8617750037777763,0.0,0.04335831659176092,105.5165349806987
ringCFRP,"nTOF 5 ns + veto, per-arm coinc (strict)",14.0,no Be window + air,MM occ + DREAM,False,1543939525.4832668,0.02098264436965247,0.9974231705758224,8.669418216573773,0.013952904148499728,2030.2414094693709,275.8679351202674,409.98197675397904,2.2996112592188886,0.0,0.06690838555261776,105.46257581612151
ringCFRP,"nTOF 5 ns + veto, per-arm coinc (strict)",14.0,no Be window + air,MM occ + DREAM,False,1918427663.1677406,0.018671997302453627,0.9967841571910357,10.826234289716941,0.017337231710310222,2504.061024884757,340.25024862961754,505.6639491769441,2.836296658977711,0.0,0.10323631881981901,105.39500971225638
ringCFRP,"nTOF 5 ns + veto, per-arm coinc (strict)",14.0,no Be window + air,MM occ + DREAM,False,2383749258.3495045,0.016645370487226415,0.9959826029235522,13.53557602667064,0.02154244021014826,3082.890357978615,418.90121701341116,622.5513267460142,3.491924332288094,0.0,0.15926246066678967,105.31025734215017
ringCFRP,"nTOF 5 ns + veto, per-arm coinc (strict)",14.0,no Be window + air,MM occ + DREAM,False,2961936295.9451733,0.014867790766759235,0.9949750398472192,16.947442615717378,0.026767637300009802,3786.998273998187,514.5749610264058,764.737154456659,4.289452391676336,0.0,0.245642857314157,105.20372262302394
ringCFRP,"nTOF 5 ns + veto, per-arm coinc (strict)",14.0,no Be window + air,MM occ + DREAM,False,3680364698.807223,0.013309494488292798,0.993705315058119,21.256909379195505,0.03326022491580795,4638.913629881132,630.3326876832077,936.7708544900187,5.254398794184162,0.0,0.378773731630816,105.06946822550597
ringCFRP,"nTOF 5 ns + veto, per-arm coinc (strict)",14.0,no Be window + air,MM occ + DREAM,False,4573050519.273255,0.011945003645829125,0.9921004031657803,26.719789775512158,0.04132761323128532,5662.682322120932,769.441738386092,1143.5081962788504,6.413999815289213,0.0,0.5838592316558562,104.89977280723507
ringCFRP,"nTOF 5 ns + veto, per-arm coinc (strict)",14.0,no Be window + air,MM occ + DREAM,False,5682260526.681813,0.010752458212895999,0.9900646505683653,33.67466836103602,0.05135177587397946,6882.375953745793,935.1729475252221,1389.810140370561,7.795520847714208,0.0,0.8995936173372668,104.68452243108449
ringCFRP,"nTOF 5 ns + veto, per-arm coinc (strict)",14.0,no Be window + air,MM occ + DREAM,False,7060513448.737786,0.00971314758637096,0.987471820373492,42.574249069701466,0.0638073355616669,8319.475169088426,1130.4450916409046,1680.0144354606487,9.423292560379794,0.0,1.385280775264651,104.41036943457121
ringCFRP,"nTOF 5 ns + veto, per-arm coinc (strict)",14.0,no Be window + air,MM occ + DREAM,False,8773066621.237415,0.00881119610178358,0.9841540658802412,54.03043833599381,0.07928403647559491,9988.644600736214,1357.2507918531244,2017.0824215299178,11.313925270686136,0.0,2.131603735959035,104.0595665405681
ringCFRP,"nTOF 5 ns + veto, per-arm coinc (strict)",14.0,no Be window + air,MM occ + DREAM,False,10901005783.71244,0.008033374225497722,0.9798866610098422,68.87982950182365,0.09851466738943157,11891.344052091814,1615.7884053367954,2401.308887701427,13.469072466895932,0.0,3.276796815627053,103.60835232882812
ringCFRP,"nTOF 5 ns + veto, per-arm coinc (strict)",14.0,no Be window + air,MM occ + DREAM,False,13545084316.226381,0.007369027453250292,0.9743669900568056,88.27968595785359,0.12240975765452802,14006.763390303362,1903.2302642329887,2828.49148672557,15.865162954180441,0.0,5.030677939568834,103.02472971654352
ringCFRP,"nTOF 5 ns + veto, per-arm coinc (strict)",14.0,no Be window + air,MM occ + DREAM,False,16830493696.995401,0.00681013956171774,0.9671860547372205,113.84977041227143,0.15210068882238145,16279.879412763315,2212.099850125593,3287.518967857898,18.439873121345226,0.0,7.709820451075257,102.26545325504401
ringCFRP,"nTOF 5 ns + veto, per-arm coinc (strict)",14.0,no Be window + air,MM occ + DREAM,False,20912791051.82548,0.00635157930540033,0.9577908676141071,147.88341446406952,0.18899326314765444,18607.26356270371,2528.343355297475,3757.505221713213,21.076051642169183,0.0,11.787866679956451,101.27205279723636
ringCFRP,"nTOF 5 ns + veto, per-arm coinc (strict)",14.0,no Be window + air,MM occ + DREAM,False,25985264452.18819,0.005991629319383173,0.9454371712011994,193.66357333184118,0.23483426532610563,20822.968627435443,2829.4119760989865,4204.939274681297,23.585733638704323,0.0,17.965010783955368,99.96583425029458
ringCFRP,"nTOF 5 ns + veto, per-arm coinc (strict)",14.0,no Be window + air,MM occ + DREAM,False,32288084693.086143,0.0057329831455830895,0.9291351420437667,255.93858848434525,0.29179416902372374,22689.726293078296,3083.065842180568,4581.907744692424,25.70017033875541,0.0,27.258627251127344,98.24213859463839
ringCFRP,"nTOF 5 ns + veto, per-arm coinc (strict)",14.0,no Be window + air,MM occ + DREAM,False,40119676867.86863,0.005584564626059055,0.9075981679381867,341.64156881981694,0.36256990417479906,23904.744236945466,3248.161721786489,4827.265491852359,27.076395319113875,0.0,41.11014328969802,95.96492584135102
ringCFRP,"nTOF 5 ns + veto, per-arm coinc (strict)",14.0,no Be window + air,MM occ + DREAM,True,49850850159.80715,0.005564872762740295,0.8792192719801192,460.98222520731747,0.45051255086127406,24133.30603636199,3279.2185563867088,4873.420701719606,27.335282407572446,0.0,61.486937769019946,92.96428222804124
ringCFRP,"nTOF 5 ns + veto, per-arm coinc (strict)",14.0,no Be window + air,MM occ + DREAM,False,61942354865.91934,0.005708326202935081,0.8421233215409372,629.1091792092582,0.5597860058061551,23083.23865600539,3136.536056362323,4661.372667276257,26.14589342183718,0.0,90.92674524801973,89.04194053689652
ringCFRP,"nTOF 5 ns + veto, per-arm coinc (strict)",14.0,no Be window + air,MM occ + DREAM,False,76966697940.67009,0.006077905455725203,0.7943714549541039,868.6473693727146,0.6955641340010116,20621.698635479923,2802.063535256696,4164.295305556095,23.357759400032492,0.0,132.4249647911869,83.99289515792475
ringCFRP,"nTOF 5 ns + veto, per-arm coinc (strict)",14.0,no Be window + air,MM occ + DREAM,False,95635249979.00362,0.006792045971947188,0.7344048989846017,1213.5794974568635,0.8642757401765282,16904.817041676517,2297.0159849572146,3413.717341733419,19.14772668056012,0.0,189.02188381204792,77.65232914549266
ringCFRP,"nTOF 5 ns + veto, per-arm coinc (strict)",14.0,no Be window + air,MM occ + DREAM,False,118831927096.53207,0.00808679088537733,0.6617574154133723,1715.193821360439,1.073908958992701,12445.254109688794,1691.053358124634,2513.1641278213074,14.09647460690918,0.0,262.9696472750055,69.97094478427101
ringCFRP,"nTOF 5 ns + veto, per-arm coinc (strict)",14.0,no Be window + air,MM occ + DREAM,False,147655042472.05704,0.010476655907561132,0.5778806962671634,2451.211365593407,1.3343894761748534,8020.617021619702,1089.8364331574714,1619.663753272424,9.08478229375687,0.0,354.54819615605646,61.10223678437787
ringCFRP,"nTOF 5 ns + veto, per-arm coinc (strict)",14.0,no Be window + air,MM occ + DREAM,False,183469309133.68265,0.015253258979779291,0.4866504697213445,3539.8084203055914,1.6580504885594265,4393.124371027522,596.9349966507862,887.1367736660857,4.975998528866671,0.0,460.98259158751694,51.45600540772371
ringCFRP,"nTOF 5 ns + veto, per-arm coinc (strict)",14.0,no Be window + air,MM occ + DREAM,False,227970456209.51935,0.026488441635358427,0.39400610905651506,5161.180245808152,2.0602166546552683,1977.2307519199092,268.66488007009997,399.27713442843657,2.2395672150028854,0.0,576.2363081189371,41.66025050771465
ringCFRP,"nTOF 5 ns + veto, per-arm coinc (strict)",14.0,no Be window + air,MM occ + DREAM,False,283265518084.60077,0.06118370760940251,0.3065569474184085,7590.727037603799,2.55992968453374,703.6156387121927,95.60685367982545,142.08641843712246,0.7969704673534087,0.0,692.2119811977625,32.413810168865524
ringCFRP,"nTOF 5 ns + veto, per-arm coinc (strict)",14.0,no Be window + air,MM occ + DREAM,False,351972597984.32916,0.21001301146637652,0.22975053039677215,11250.15798355491,3.180849924181178,189.26552709113452,25.717281651607465,38.2198168977785,0.21437703666704602,0.0,800.9672468736397,24.292680825507034
ringCFRP,"nTOF 5 ns + veto, per-arm coinc (strict)",14.0,no Be window + air,MM occ + DREAM,False,437344829577.31195,1.0979934294284677,0.16660291900753513,16786.22749609944,3.952376622409566,36.44795528361156,4.952525407347355,7.360210803562147,0.041283823664894186,0.0,896.7494653082786,17.6157658006639
ringCFRP,"nTOF 5 ns + veto, per-arm coinc (strict)",14.0,no Be window + air,MM occ + DREAM,False,543424405915.04004,8.792427444637127,0.11754688209650309,25192.09374750198,4.911039922573793,4.6971286745598,0.6382429116070886,0.9485266580032666,0.005320337736998841,0.0,976.8545857952544,12.428823924247078
ringCFRP,"nTOF 5 ns + veto, per-arm coinc (strict)",14.0,no Be window + air,MM occ + DREAM,False,675233968650.1552,114.3077449800998,0.08115340923945537,37994.43363181624,6.102230486934182,0.3720388364068045,0.050552404805355985,0.07512861124193962,0.00042140047635585813,0.0,1041.2520278394145,8.580758726220292
ringCFRP,"nTOF 5 ns + veto, per-arm coinc (strict)",14.0,no Be window + air,MM occ + DREAM,False,839014419404.4929,2674.8037395787646,0.05510394235825101,57542.019754647066,7.582348647687961,0.016261665465983573,0.002209624950409194,0.00328384088806383,1.841924257125687e-05,0.0,1091.5962816327217,5.8264173824729335
ringCFRP,"nTOF 5 ns + veto, per-arm coinc (strict)",14.0,no Be window + air,MM occ + DREAM,False,1042520413147.9036,129186.81390305131,0.03695442368077197,87450.87172097161,9.421474842386685,0.0003423885336531793,4.6523540179611214e-05,6.91411017381007e-05,3.878162091187387e-07,0.0,1130.25411175749,3.907377354111931
ringCFRP,"nTOF 5 ns + veto, per-arm coinc (strict)",14.0,no Be window + air,MM occ + DREAM,False,1295387524568.9966,15299988.315754713,0.02455751422681815,133291.05307206346,11.706687773160086,2.9271271894888385e-06,3.9773621493107465e-07,5.910968940735998e-07,3.3154947045797727e-09,0.0,1159.6431093746473,2.596589674677517
ringCFRP,"nTOF 5 ns + veto, per-arm coinc (strict)",14.0,no Be window + air,MM occ + DREAM,False,1609588471982.2002,5509608875.025019,0.016210966183496215,203646.43570514966,14.546187397507095,8.203953603724937e-09,1.114748093466182e-09,1.6566862935438628e-09,9.292443740553043e-12,0.0,1181.8956459542487,1.7140671087403694
ringCFRP,"nTOF 5 ns + veto, per-arm coinc (strict)",14.0,no Be window + air,MM occ + DREAM,False,2000000000000.0002,7886210852451.869,0.01064945187393027,311750.15593332937,18.074417965473547,5.7713121003752835e-12,7.842022848313705e-13,1.1654446275896006e-12,6.537042454452721e-15,0.0,1198.7476633242313,1.12602018760615
ringCFRP,"nTOF 5 ns + veto, per-arm coinc (strict)",14.0,no Be window + air,"MM occ ÷10, DAQ 10 µs",False,1000000000.0,0.026364031991174097,0.9999442608033634,5.5742303667814594,0.0009037208982736772,1353.1567612026226,183.86609585732023,273.2531615345484,1.532691880402048,0.0,0.02813949629245388,105.72914338453667
ringCFRP,"nTOF 5 ns + veto, per-arm coinc (strict)",14.0,no Be window + air,"MM occ ÷10, DAQ 10 µs",False,1242553630.827767,0.023328513216752545,0.9999305154205491,6.948940789329391,0.0011229216834048887,1680.6097908529016,228.36020907812582,339.3782241817478,1.9035909618299698,0.0,0.043445083342310495,105.72769001597662
ringCFRP,"nTOF 5 ns + veto, per-arm coinc (strict)",14.0,no Be window + air,"MM occ ÷10, DAQ 10 µs",False,1543939525.4832668,0.020664927456161206,0.9999133133330639,8.669418216573773,0.001395290414849973,2087.0746554444213,283.5904010990385,421.4587432220051,2.3639850680342356,0.0,0.06707542742270624,105.72587115262039
ringCFRP,"nTOF 5 ns + veto, per-arm coinc (strict)",14.0,no Be window + air,"MM occ ÷10, DAQ 10 µs",False,1918427663.1677406,0.018323445803863712,0.9998917493765689,10.826234289716941,0.0017337231710310222,2591.4915791759363,352.13025775869534,523.3194611322256,2.93532738808706,0.0,0.10355817022096062,105.72359108688318
ringCFRP,"nTOF 5 ns + veto, per-arm coinc (strict)",14.0,no Be window + air,"MM occ ÷10, DAQ 10 µs",False,2383749258.3495045,0.01626226453428435,0.9998646625584355,13.53557602667064,0.002154244021014826,3217.273041167558,437.16105210215756,649.6882365924673,3.6441367390806967,0.0,0.1598832208769499,105.72072706116643
ringCFRP,"nTOF 5 ns + veto, per-arm coinc (strict)",14.0,no Be window + air,"MM occ ÷10, DAQ 10 µs",False,2961936295.9451733,0.014445945220045255,0.9998305542905572,16.947442615717378,0.00267676373000098,3993.322567009894,542.6101771405156,806.4017767556471,4.5231515296444185,0.0,0.24684160340709904,105.7171206222013
ringCFRP,"nTOF 5 ns + veto, per-arm coinc (strict)",14.0,no Be window + air,"MM occ ÷10, DAQ 10 µs",False,3680364698.807223,0.012844138321392543,0.9997874760822246,21.256909379195505,0.003326022491580795,4955.264990080679,673.3183129904693,1000.6540732040529,5.61272325076897,0.0,0.3810920877798372,105.71256574625065
ringCFRP,"nTOF 5 ns + veto, per-arm coinc (strict)",14.0,no Be window + air,"MM occ ÷10, DAQ 10 µs",False,4573050519.273255,0.01143062073386587,0.9997328734778901,26.719789775512158,0.004132761323128532,6146.920311378687,835.2396940283431,1241.2940295936946,6.962485885489943,0.0,0.5883510030913323,105.70679233786264
ringCFRP,"nTOF 5 ns + veto, per-arm coinc (strict)",14.0,no Be window + air,"MM occ ÷10, DAQ 10 µs",False,5682260526.681813,0.010182580310686128,0.9996633666765449,33.67466836103602,0.005135177587397947,7622.0508613809225,1035.6795121523865,1539.1782792397344,8.633334881959527,0.0,0.9083152131851681,105.69944303365273
ringCFRP,"nTOF 5 ns + veto, per-arm coinc (strict)",14.0,no Be window + air,"MM occ ÷10, DAQ 10 µs",False,7060513448.737786,0.009080084887410283,0.9995744386888356,42.574249069701466,0.00638073355616669,9446.403086410737,1283.571353439664,1907.583498453902,10.699739841434809,0.0,1.402259006072564,105.69004022958453
ringCFRP,"nTOF 5 ns + veto, per-arm coinc (strict)",14.0,no Be window + air,"MM occ ÷10, DAQ 10 µs",False,8773066621.237415,0.00810568161142114,0.9994599873878216,54.03043833599381,0.007928403647559491,11700.046758019222,1589.795048456298,2362.678780756624,13.252394090986725,0.0,2.1647552115246746,105.6779387170405
ringCFRP,"nTOF 5 ns + veto, per-arm coinc (strict)",14.0,no Be window + air,"MM occ ÷10, DAQ 10 µs",False,10901005783.71244,0.007244083774106465,0.9993116758215023,68.87982950182365,0.009851466738943158,14479.979207569579,1967.5305340268153,2924.051529629414,16.40116444461909,0.0,3.341755171742198,105.66225698809258
ringCFRP,"nTOF 5 ns + veto, per-arm coinc (strict)",14.0,no Be window + air,"MM occ ÷10, DAQ 10 µs",False,13545084316.226381,0.0064819147121387335,0.9991179817833332,88.27968595785359,0.012240975765452803,17902.900313741742,2432.6349168036863,3615.267832693668,20.27823437258828,0.0,5.158467847613475,105.64177674180578
ringCFRP,"nTOF 5 ns + veto, per-arm coinc (strict)",14.0,no Be window + air,"MM occ ÷10, DAQ 10 µs",False,16830493696.995401,0.005807489445741457,0.9988627969988833,113.84977041227143,0.015210068882238146,22107.9603655929,3004.015851184339,4464.427358445689,25.04121644744206,0.0,7.962328222580257,105.61479476918765
ringCFRP,"nTOF 5 ns + veto, per-arm coinc (strict)",14.0,no Be window + air,"MM occ ÷10, DAQ 10 µs",False,20912791051.82548,0.0052106232100205645,0.9985233495764253,147.88341446406952,0.018899326314765444,27259.11543102841,3703.9515853083944,5504.638993595762,30.875820219785528,0.0,12.28917555974522,105.5789032834245
ringCFRP,"nTOF 5 ns + veto, per-arm coinc (strict)",14.0,no Be window + air,"MM occ ÷10, DAQ 10 µs",False,25985264452.18819,0.00468246166921232,0.9980671075752201,193.66357333184118,0.023483426532610565,33546.46177294214,4558.272280689656,6774.290311794616,37.99736368305889,0.0,18.965074461710806,105.53066251855954
ringCFRP,"nTOF 5 ns + veto, per-arm coinc (strict)",14.0,no Be window + air,"MM occ ÷10, DAQ 10 µs",False,32288084693.086143,0.004215330905742106,0.9974471478489182,255.93858848434525,0.029179416902372374,41185.51859444901,5596.262552086143,8316.902732962755,46.649960854319126,0.0,29.262739913278438,105.46511105397873
ringCFRP,"nTOF 5 ns + veto, per-arm coinc (strict)",14.0,no Be window + air,"MM occ ÷10, DAQ 10 µs",False,40119676867.86863,0.0038026070584502637,0.9965952164676766,341.64156881981694,0.03625699041747991,50412.830800350544,6850.063973473464,10180.243555712683,57.101541115685656,0.0,45.141312089563556,105.37503205788678
ringCFRP,"nTOF 5 ns + veto, per-arm coinc (strict)",14.0,no Be window + air,"MM occ ÷10, DAQ 10 µs",False,49850850159.80715,0.0034386065217671463,0.9954113306977835,460.98222520731747,0.04505125508612741,61475.40633552393,8353.23983018003,12414.192959338525,69.63188511221222,0.0,69.61266261526613,105.24985385223825
ringCFRP,"nTOF 5 ns + veto, per-arm coinc (strict)",14.0,no Be window + air,"MM occ ÷10, DAQ 10 µs",False,61942354865.91934,0.003118498531920038,0.9937482386126574,629.1091792092582,0.05597860058061552,74610.33172873477,10138.00529170753,15066.627616669286,84.50953571196143,0.0,107.29817192054686,105.074006749132
ringCFRP,"nTOF 5 ns + veto, per-arm coinc (strict)",14.0,no Be window + air,"MM occ ÷10, DAQ 10 µs",False,76966697940.67009,0.0028382432672506746,0.991388331339551,868.6473693727146,0.06955641340010116,90009.4289397315,12230.42500618091,18176.28358435108,101.95176556849344,0.0,165.26848246280292,104.824481866363
ringCFRP,"nTOF 5 ns + veto, per-arm coinc (strict)",14.0,no Be window + air,"MM occ ÷10, DAQ 10 µs",False,95635249979.00362,0.002594560805839537,0.9880097166459036,1213.5794974568635,0.08642757401765283,107762.2021982403,14642.660752452644,21761.235127276657,122.05995421897359,0.0,254.29495108655604,104.46724391682098
ringCFRP,"nTOF 5 ns + veto, per-arm coinc (strict)",14.0,no Be window + air,"MM occ ÷10, DAQ 10 µs",False,118831927096.53207,0.0023849401664430116,0.983137289947333,1715.193821360439,0.10739089589927009,127769.16127437213,17361.19386020298,25801.39143214304,144.72141119626434,0.0,390.67981761694153,103.95205769971128
ringCFRP,"nTOF 5 ns + veto, per-arm coinc (strict)",14.0,no Be window + air,"MM occ ÷10, DAQ 10 µs",False,147655042472.05704,0.0022077045151476884,0.976074354486192,2451.211365593407,0.13343894761748534,149618.3529644305,20330.0483853201,30213.56367815588,169.46952586919977,0.0,598.8526765692048,103.2052579576069
ringCFRP,"nTOF 5 ns + veto, per-arm coinc (strict)",14.0,no Be window + air,"MM occ ÷10, DAQ 10 µs",False,183469309133.68265,0.0020621609323185994,0.9658121018928659,3539.8084203055914,0.16580504885594266,172423.6819149429,23428.822244415318,34818.81594029919,195.3006368790454,0.0,914.8713366537881,102.1201783002504
ringCFRP,"nTOF 5 ns + veto, per-arm coinc (strict)",14.0,no Be window + air,"MM occ ÷10, DAQ 10 µs",False,227970456209.51935,0.0019488858547880195,0.950921240768274,5161.180245808152,0.20602166546552683,194640.07064290874,26447.571273780723,39305.139056625936,220.46466782616642,0.0,1390.7280432892783,100.54569254871829
ringCFRP,"nTOF 5 ns + veto, per-arm coinc (strict)",14.0,no Be window + air,"MM occ ÷10, DAQ 10 µs",False,283265518084.60077,0.0018702408007049106,0.9294481295311744,7590.727037603799,0.255992968453374,213906.2545531964,29065.448314505404,43195.70503917571,242.28706453014212,0.0,2098.7132621894534,98.27523233819076
ringCFRP,"nTOF 5 ns + veto, per-arm coinc (strict)",14.0,no Be window + air,"MM occ ÷10, DAQ 10 µs",True,351972597984.32916,0.0018313002536296645,0.8988751280225785,11250.15798355491,0.31808499241811783,227028.5028748457,30848.491223464163,45845.57971973031,257.1503560805877,0.0,3133.701303461932,95.04259489337856
ringCFRP,"nTOF 5 ns + veto, per-arm coinc (strict)",14.0,no Be window + air,"MM occ ÷10, DAQ 10 µs",False,437344829577.31195,0.0018415596968544131,0.8562653503242916,16786.22749609944,0.39523766224095663,230298.2177398326,31292.77803784439,46505.85792975832,260.85389255801795,0.0,4608.89580830565,90.53724847314314
ringCFRP,"nTOF 5 ns + veto, per-arm coinc (strict)",14.0,no Be window + air,"MM occ ÷10, DAQ 10 µs",False,543424405915.04004,0.001918221732862858,0.7987724863974914,25192.09374750198,0.49110399225737933,220369.76601530306,29943.70621642829,44500.93071019534,249.60814647784775,0.0,6638.0711459779295,84.4582383802999
ringCFRP,"nTOF 5 ns + veto, per-arm coinc (strict)",14.0,no Be window + air,"MM occ ÷10, DAQ 10 µs",False,675233968650.1552,0.0020929593287843766,0.7246669113249204,37994.43363181624,0.6102230486934183,195756.85986306012,26599.31989573808,39530.66073594921,221.72963122059627,0.0,9297.956770968834,76.62268266027748
ringCFRP,"nTOF 5 ns + veto, per-arm coinc (strict)",14.0,no Be window + air,"MM occ ÷10, DAQ 10 µs",False,839014419404.4929,0.0024272426608626537,0.6347512882958978,57542.019754647066,0.7582348647687961,158465.9147625003,21532.249558391628,32000.21863382131,179.4909709212903,0.0,12574.275385972114,67.11545093507338
ringCFRP,"nTOF 5 ns + veto, per-arm coinc (strict)",14.0,no Be window + air,"MM occ ÷10, DAQ 10 µs",False,1042520413147.9036,0.0030517262308220232,0.5334731126182979,87450.87172097161,0.9421474842386686,114555.37669334446,15565.713061471326,23133.032143605575,129.75443847188959,0.0,16316.31937376494,56.40679928549211
ringCFRP,"nTOF 5 ns + veto, per-arm coinc (strict)",14.0,no Be window + air,"MM occ ÷10, DAQ 10 µs",False,1295387524568.9966,0.004282418703722469,0.4286491002683676,133291.05307206346,1.1706687773160087,72415.0655622893,9839.713895643956,14623.320944752038,82.02300442075911,0.0,20241.46136594787,45.32322846427046
ringCFRP,"nTOF 5 ns + veto, per-arm coinc (strict)",14.0,no Be window + air,"MM occ ÷10, DAQ 10 µs",False,1609588471982.2002,0.007008409396551257,0.32933039298739925,203646.43570514966,1.4546187397507095,39177.630256326716,5323.431938344186,7911.434680678375,44.375668443542644,0.0,24010.546511933,34.82176127804966
ringCFRP,"nTOF 5 ns + veto, per-arm coinc (strict)",14.0,no Be window + air,"MM occ ÷10, DAQ 10 µs",False,2000000000000.0002,0.014138813416889159,0.24286572466093254,311750.15593332937,1.8074417965473548,17726.76583850579,2408.701874279678,3579.6996682404397,20.078730599046857,0.0,27338.00043282353,25.67941637590403
ringCFRP,"nTOF 5 ns + veto, per-arm coinc (strict)",14.0,no Be window + air,"no MM loss, DREAM",False,1000000000.0,0.02635815544837316,0.9983416340965454,5.5742303667814594,0.0,1353.432075461878,183.90350538697308,273.3087578216262,1.5330037230072944,0.0,0.028094396670362478,105.55968959044128
ringCFRP,"nTOF 5 ns + veto, per-arm coinc (strict)",14.0,no Be window + air,"no MM loss, DREAM",False,1242553630.827767,0.023322388130878138,0.9979334949311465,6.948940789329391,0.0,1681.0244267889652,228.41654955023677,339.4619547469446,1.9040606111350238,0.0,0.04335831659176092,105.5165349806987
ringCFRP,"nTOF 5 ns + veto, per-arm coinc (strict)",14.0,no Be window + air,"no MM loss, DREAM",False,1543939525.4832668,0.020658536952127656,0.9974231705758224,8.669418216573773,0.0,2087.6948510372217,283.6746728889639,421.5839840007248,2.364687550390014,0.0,0.06690838555261776,105.46257581612151
ringCFRP,"nTOF 5 ns + veto, per-arm coinc (strict)",14.0,no Be window + air,"no MM loss, DREAM",False,1918427663.1677406,0.018316789235302024,0.9967841571910357,10.826234289716941,0.0,2592.4108874559233,352.2551727938021,523.5051039942601,2.9363686690211845,0.0,0.10323631881981901,105.39500971225638
ringCFRP,"nTOF 5 ns + veto, per-arm coinc (strict)",14.0,no Be window + air,"no MM loss, DREAM",False,2383749258.3495045,0.016255363348306708,0.9959826029235522,13.53557602667064,0.0,3218.6192565244733,437.3439750043342,649.9600880238244,3.6456615685801124,0.0,0.15926246066678967,105.31025734215017
ringCFRP,"nTOF 5 ns + veto, per-arm coinc (strict)",14.0,no Be window + air,"no MM loss, DREAM",False,2961936295.9451733,0.014438849795121562,0.9949750398472192,16.947442615717378,0.0,3995.261235722634,542.8736022347784,806.793266766349,4.525347418457896,0.0,0.245642857314157,105.20372262302394
ringCFRP,"nTOF 5 ns + veto, per-arm coinc (strict)",14.0,no Be window + air,"no MM loss, DREAM",False,3680364698.807223,0.012836936410136099,0.993705315058119,21.256909379195505,0.0,4957.991192381562,673.6887476569856,1001.2045958183257,5.6158111621261,0.0,0.378773731630816,105.06946822550597
ringCFRP,"nTOF 5 ns + veto, per-arm coinc (strict)",14.0,no Be window + air,"no MM loss, DREAM",False,4573050519.273255,0.011423448592198123,0.9921004031657803,26.719789775512158,0.0,6150.620154842834,835.7424264482232,1242.0411669193531,6.966676619482371,0.0,0.5838592316558562,104.89977280723507
ringCFRP,"nTOF 5 ns + veto, per-arm coinc (strict)",14.0,no Be window + air,"no MM loss, DREAM",False,5682260526.681813,0.010175638088666863,0.9900646505683653,33.67466836103602,0.0,7626.793334045556,1036.3239163770536,1540.1359625520142,8.63870657986957,0.0,0.8995936173372668,104.68452243108449
ringCFRP,"nTOF 5 ns + veto, per-arm coinc (strict)",14.0,no Be window + air,"no MM loss, DREAM",False,7060513448.737786,0.009073658380970883,0.987471820373492,42.574249069701466,0.0,9451.881699543414,1284.315783971513,1908.6898361689773,10.70594534999455,0.0,1.385280775264651,104.41036943457121
ringCFRP,"nTOF 5 ns + veto, per-arm coinc (strict)",14.0,no Be window + air,"no MM loss, DREAM",False,8773066621.237415,0.008100173061926725,0.9841540658802412,54.03043833599381,0.0,11705.010298789593,1590.469491277148,2363.6811060206273,13.258016188037798,0.0,2.131603735959035,104.0595665405681
ringCFRP,"nTOF 5 ns + veto, per-arm coinc (strict)",14.0,no Be window + air,"no MM loss, DREAM",False,10901005783.71244,0.007240055123571966,0.9798866610098422,68.87982950182365,0.0,14481.038147239597,1967.6744220880198,2924.265369312296,16.402363883058605,0.0,3.276796815627053,103.60835232882812
ringCFRP,"nTOF 5 ns + veto, per-arm coinc (strict)",14.0,no Be window + air,"no MM loss, DREAM",False,13545084316.226381,0.006480147646787612,0.9743669900568056,88.27968595785359,0.0,17892.109893112316,2431.1687211856515,3613.0888415850127,20.266012292664488,0.0,5.030677939568834,103.02472971654352
ringCFRP,"nTOF 5 ns + veto, per-arm coinc (strict)",14.0,no Be window + air,"no MM loss, DREAM",False,16830493696.995401,0.005809067717548596,0.9671860547372205,113.84977041227143,0.0,22068.060371579028,2998.594264909634,4456.3700513973845,24.996022572935754,0.0,7.709820451075257,102.26545325504401
ringCFRP,"nTOF 5 ns + veto, per-arm coinc (strict)",14.0,no Be window + air,"no MM loss, DREAM",False,20912791051.82548,0.0052170440489711966,0.9577908676141071,147.88341446406952,0.0,27154.385039102955,3689.7208850428724,5483.489994807959,30.757194332572872,0.0,11.787866679956451,101.27205279723636
ringCFRP,"nTOF 5 ns + veto, per-arm coinc (strict)",14.0,no Be window + air,"no MM loss, DREAM",False,25985264452.18819,0.0046957843501595955,0.9454371712011994,193.66357333184118,0.0,33305.58727827438,4525.542404746236,6725.6487064107,37.72453026659272,0.0,17.965010783955368,99.96583425029458
ringCFRP,"nTOF 5 ns + veto, per-arm coinc (strict)",14.0,no Be window + air,"no MM loss, DREAM",False,32288084693.086143,0.004238371163469257,0.9291351420437667,255.93858848434525,0.0,40670.40076251215,5526.268662700747,8212.88109986352,46.066497843161244,0.0,27.258627251127344,98.24213859463839
ringCFRP,"nTOF 5 ns + veto, per-arm coinc (strict)",14.0,no Be window + air,"no MM loss, DREAM",False,40119676867.86863,0.003839184957489115,0.9075981679381867,341.64156881981694,0.0,49363.7698475394,6707.5182261955815,9968.39875678242,55.91329208902338,0.0,41.11014328969802,95.96492584135102
ringCFRP,"nTOF 5 ns + veto, per-arm coinc (strict)",14.0,no Be window + air,"no MM loss, DREAM",False,49850850159.80715,0.0034938506176714285,0.8792192719801192,460.98222520731747,0.0,59419.23415963124,8073.848438708258,11998.974587135517,67.30290262543924,0.0,61.486937769019946,92.96428222804124
ringCFRP,"nTOF 5 ns + veto, per-arm coinc (strict)",14.0,no Be window + air,"no MM loss, DREAM",False,61942354865.91934,0.0031991975948486144,0.8421233215409372,629.1091792092582,0.0,70716.48870685167,9608.912333047943,14280.314495561895,80.09906254705163,0.0,90.92674524801973,89.04194053689652
ringCFRP,"nTOF 5 ns + veto, per-arm coinc (strict)",14.0,no Be window + air,"no MM loss, DREAM",False,76966697940.67009,0.0029532144549436843,0.7943714549541039,868.6473693727146,0.0,82886.49330072977,11262.56495881859,16737.895410438035,93.88376788223752,0.0,132.4249647911869,83.99289515792475
ringCFRP,"nTOF 5 ns + veto, per-arm coinc (strict)",14.0,no Be window + air,"no MM loss, DREAM",False,95635249979.00362,0.0027549667966567395,0.7344048989846017,1213.5794974568635,0.0,95216.19984122012,12937.917785383645,19227.726145191828,107.8493642153292,0.0,189.02188381204792,77.65232914549266
ringCFRP,"nTOF 5 ns + veto, per-arm coinc (strict)",14.0,no Be window + air,"no MM loss, DREAM",False,118831927096.53207,0.0026044395334154187,0.6617574154133723,1715.193821360439,0.0,106607.86315734871,14485.80988429766,21528.13072913874,120.75245894131395,0.0,262.9696472750055,69.97094478427101
ringCFRP,"nTOF 5 ns + veto, per-arm coinc (strict)",14.0,no Be window + air,"no MM loss, DREAM",False,147655042472.05704,0.0025022733063146227,0.5778806962671634,2451.211365593407,0.0,115676.1303630855,15718.000370363685,23359.354394167298,131.0238923140418,0.0,354.54819615605646,61.10223678437787
ringCFRP,"nTOF 5 ns + veto, per-arm coinc (strict)",14.0,no Be window + air,"no MM loss, DREAM",False,183469309133.68265,0.002449405054766457,0.4866504697213445,3539.8084203055914,0.0,121042.49144216586,16447.17816325611,24443.024204523506,137.10225536039135,0.0,460.98259158751694,51.45600540772371
ringCFRP,"nTOF 5 ns + veto, per-arm coinc (strict)",14.0,no Be window + air,"no MM loss, DREAM",True,227970456209.51935,0.002446692103254859,0.39400610905651506,5161.180245808152,0.0,121769.57933268881,16545.974411856885,24589.850551991414,137.92581234809228,0.0,576.2363081189371,41.66025050771465
ringCFRP,"nTOF 5 ns + veto, per-arm coinc (strict)",14.0,no Be window + air,"no MM loss, DREAM",False,283265518084.60077,0.0024946570673554124,0.3065569474184085,7590.727037603799,0.0,117723.22628383823,15996.158485953882,23772.739929641415,133.34259431967888,0.0,692.2119811977625,32.413810168865524
ringCFRP,"nTOF 5 ns + veto, per-arm coinc (strict)",14.0,no Be window + air,"no MM loss, DREAM",False,351972597984.32916,0.00259347628015852,0.22975053039677215,11250.15798355491,0.0,109628.29461353197,14896.224224731865,22138.069258261523,124.17363740410242,0.0,800.9672468736397,24.292680825507034
ringCFRP,"nTOF 5 ns + veto, per-arm coinc (strict)",14.0,no Be window + air,"no MM loss, DREAM",False,437344829577.31195,0.0027432333834108437,0.16660291900753513,16786.22749609944,0.0,98778.83155154264,13422.005957822967,19947.155265409696,111.88468137283373,0.0,896.7494653082786,17.6157658006639
ringCFRP,"nTOF 5 ns + veto, per-arm coinc (strict)",14.0,no Be window + air,"no MM loss, DREAM",False,543424405915.04004,0.002944343085077678,0.11754688209650309,25192.09374750198,0.0,86597.93481543298,11766.873314566497,17487.374818013755,98.08763873982906,0.0,976.8545857952544,12.428823924247078
ringCFRP,"nTOF 5 ns + veto, per-arm coinc (strict)",14.0,no Be window + air,"no MM loss, DREAM",False,675233968650.1552,0.0031980056319325027,0.08115340923945537,37994.43363181624,0.0,74287.9429760705,10094.199309281657,15001.525221710703,84.14437282935327,0.0,1041.2520278394145,8.580758726220292
ringCFRP,"nTOF 5 ns + veto, per-arm coinc (strict)",14.0,no Be window + air,"no MM loss, DREAM",False,839014419404.4929,0.003506593978267865,0.05510394235825101,57542.019754647066,0.0,62677.16980995216,8516.53470075413,12656.87413140938,70.99309703697315,0.0,1091.5962816327217,5.8264173824729335
ringCFRP,"nTOF 5 ns + veto, per-arm coinc (strict)",14.0,no Be window + air,"no MM loss, DREAM",False,1042520413147.9036,0.003873948958975141,0.03695442368077197,87450.87172097161,0.0,52228.58776810911,7096.787896569245,10546.91306972926,59.1582104100796,0.0,1130.25411175749,3.907377354111931
ringCFRP,"nTOF 5 ns + veto, per-arm coinc (strict)",14.0,no Be window + air,"no MM loss, DREAM",False,1295387524568.9966,0.004305611831996232,0.02455751422681815,133291.05307206346,0.0,43126.22022455168,5859.963877890984,8708.803266016661,48.84815231005096,0.0,1159.6431093746473,2.596589674677517
ringCFRP,"nTOF 5 ns + veto, per-arm coinc (strict)",14.0,no Be window + air,"no MM loss, DREAM",False,1609588471982.2002,0.004809045730475546,0.016210966183496215,203646.43570514966,0.0,35373.744492524034,4806.562315746992,7143.28730789981,40.067087951378724,0.0,1181.8956459542487,1.7140671087403694
ringCFRP,"nTOF 5 ns + veto, per-arm coinc (strict)",14.0,no Be window + air,"no MM loss, DREAM",False,2000000000000.0002,0.005393900079949299,0.01064945187393027,311750.15593332937,0.0,28874.503997438183,3923.4495751306126,5830.846603485637,32.70553648801014,0.0,1198.7476633242313,1.12602018760615
ringCFRP,"nTOF 5 ns + veto, per-arm coinc (strict)",14.0,no Be window + air,"no MM loss, no dead time",False,1000000000.0,0.02633629064651454,1.0,5.5742303667814594,0.0,1355.6802894298542,184.20899129725024,273.76275664287846,1.5355502271470374,0.0,0.028141064852801267,105.73503697055374
ringCFRP,"nTOF 5 ns + veto, per-arm coinc (strict)",14.0,no Be window + air,"no MM loss, no dead time",False,1242553630.827767,0.023298277751736048,1.0,6.948940789329391,0.0,1684.5054658727026,228.88955096751874,340.164907252027,1.908003510059953,0.0,0.04344810231542781,105.73503697055374
ringCFRP,"nTOF 5 ns + veto, per-arm coinc (strict)",14.0,no Be window + air,"no MM loss, no dead time",False,1543939525.4832668,0.020631903020346048,1.0,8.669418216573773,0.0,2093.088382769347,284.40754261322775,422.6731405861969,2.3707966890571193,0.0,0.06708124247203005,105.73503697055374
ringCFRP,"nTOF 5 ns + veto, per-arm coinc (strict)",14.0,no Be window + air,"no MM loss, no dead time",False,1918427663.1677406,0.018287313561463413,1.0,10.826234289716941,0.0,2600.7745696534803,353.3916247088703,525.1940454887562,2.945842033942384,0.0,0.1035693816710949,105.73503697055374
ringCFRP,"nTOF 5 ns + veto, per-arm coinc (strict)",14.0,no Be window + air,"no MM loss, no dead time",False,2383749258.3495045,0.016222678363533777,1.0,13.53557602667064,0.0,3231.601884487456,439.1080463861305,652.5817681111774,3.6603667151201624,0.0,0.15990486199186557,105.73503697055374
ringCFRP,"nTOF 5 ns + veto, per-arm coinc (strict)",14.0,no Be window + air,"no MM loss, no dead time",False,2961936295.9451733,0.014402526784798197,1.0,16.947442615717378,0.0,4015.4386549597416,545.615297362774,810.8678453785471,4.548201952033664,0.0,0.24688343674618815,105.73503697055374
ringCFRP,"nTOF 5 ns + veto, per-arm coinc (strict)",14.0,no Be window + air,"no MM loss, no dead time",False,3680364698.807223,0.012796470394242108,1.0,21.256909379195505,0.0,4989.397880086392,677.9562687732864,1007.5467853966023,5.651384849237368,0.0,0.3811730961795879,105.73503697055374
ringCFRP,"nTOF 5 ns + veto, per-arm coinc (strict)",14.0,no Be window + air,"no MM loss, no dead time",False,4573050519.273255,0.011378238811241751,1.0,26.719789775512158,0.0,6199.594451545711,842.3970233066926,1251.9309164233932,7.022148763624924,0.0,0.5885082092425005,105.73503697055374
ringCFRP,"nTOF 5 ns + veto, per-arm coinc (strict)",14.0,no Be window + air,"no MM loss, no dead time",False,5682260526.681813,0.010124962644853686,1.0,33.67466836103602,0.0,7703.328595427834,1046.7234799082385,1555.5913057474272,8.725396442454901,0.0,0.908621085320881,105.73503697055374
ringCFRP,"nTOF 5 ns + veto, per-arm coinc (strict)",14.0,no Be window + air,"no MM loss, no dead time",False,7060513448.737786,0.009016641026167232,1.0,42.574249069701466,0.0,9571.798915708217,1300.6100604326568,1932.905625040573,10.841773029984019,0.0,1.4028560073144114,105.73503697055374
ringCFRP,"nTOF 5 ns + veto, per-arm coinc (strict)",14.0,no Be window + air,"no MM loss, no dead time",False,8773066621.237415,0.008035739385357111,1.0,54.03043833599381,0.0,11893.473496266528,1616.077752881719,2401.7389024415784,13.471484443017202,0.0,2.1659248382543628,105.73503697055374
ringCFRP,"nTOF 5 ns + veto, per-arm coinc (strict)",14.0,no Be window + air,"no MM loss, no dead time",False,10901005783.71244,0.0071668744359167326,1.0,68.87982950182365,0.0,14778.278675939795,2008.0632795431595,2984.2893935290795,16.73904190731081,0.0,3.3440569670068614,105.73503697055374
ringCFRP,"nTOF 5 ns + veto, per-arm coinc (strict)",14.0,no Be window + air,"no MM loss, no dead time",False,13545084316.226381,0.006396555646132089,1.0,88.27968595785359,0.0,18362.803826173556,2495.126318928266,3708.1396213703524,20.79915729850719,0.0,5.1630217268295855,105.73503697055374
ringCFRP,"nTOF 5 ns + veto, per-arm coinc (strict)",14.0,no Be window + air,"no MM loss, no dead time",False,16830493696.995401,0.005712963537283886,1.0,113.84977041227143,0.0,22816.768566390056,3100.3282669582495,4607.56235015005,25.844068419418065,0.0,7.971393314981134,105.73503697055374
ringCFRP,"nTOF 5 ns + veto, per-arm coinc (strict)",14.0,no Be window + air,"no MM loss, no dead time",False,20912791051.82548,0.005105753567932257,1.0,147.88341446406952,0.0,28351.05862592483,3852.3241448669323,5725.143327444266,32.11264104990914,0.0,12.307349212172454,105.73503697055374
ringCFRP,"nTOF 5 ns + veto, per-arm coinc (strict)",14.0,no Be window + air,"no MM loss, no dead time",False,25985264452.18819,0.004565879868382514,1.0,193.66357333184118,0.0,35227.710833453784,4786.71935332988,7113.797628525235,39.9016787320334,0.0,19.0018029025984,105.73503697055374
ringCFRP,"nTOF 5 ns + veto, per-arm coinc (strict)",14.0,no Be window + air,"no MM loss, no dead time",False,32288084693.086143,0.004085436168166867,1.0,255.93858848434525,0.0,43772.32000185866,5947.7555122335825,8839.275072297989,49.5799757846112,0.0,29.337634556764332,105.73503697055374
ringCFRP,"nTOF 5 ns + veto, per-arm coinc (strict)",14.0,no Be window + air,"no MM loss, no dead time",False,40119676867.86863,0.0036575126812210704,1.0,341.64156881981694,0.0,54389.45514806437,7390.405207001703,10983.27333496924,61.60577892752141,0.0,45.2955335763722,105.73503697055374
ringCFRP,"nTOF 5 ns + veto, per-arm coinc (strict)",14.0,no Be window + air,"no MM loss, no dead time",False,49850850159.80715,0.0032760681832296476,1.0,460.98222520731747,0.0,67581.81497297165,9182.974823248442,13647.306160739883,76.54848428636478,0.0,69.93356461641606,105.73503697055374
ringCFRP,"nTOF 5 ns + veto, per-arm coinc (strict)",14.0,no Be window + air,"no MM loss, no dead time",False,61942354865.91934,0.0029358165338793443,1.0,629.1091792092582,0.0,83974.02957259624,11410.338708427318,16957.509821045493,95.11559708438483,0.0,107.97319456922276,105.73503697055374
ringCFRP,"nTOF 5 ns + veto, per-arm coinc (strict)",14.0,no Be window + air,"no MM loss, no dead time",False,76966697940.67009,0.002632126758941201,1.0,868.6473693727146,0.0,104342.23534066777,14177.95779113098,21070.6153979376,118.18623050555335,0.0,166.70408278811828,105.73503697055374
ringCFRP,"nTOF 5 ns + veto, per-arm coinc (strict)",14.0,no Be window + air,"no MM loss, no dead time",False,95635249979.00362,0.0023609356587038777,1.0,1213.5794974568635,0.0,129650.82337123205,17616.87293109262,26181.369666482817,146.8527298285227,0.0,257.38102247601046,105.73503697055374
ringCFRP,"nTOF 5 ns + veto, per-arm coinc (strict)",14.0,no Be window + air,"no MM loss, no dead time",False,118831927096.53207,0.002118671805801586,1.0,1715.193821360439,0.0,161098.1013197339,21889.909424360547,32531.75593913219,182.4723926454,0.0,397.38073371000957,105.73503697055374
ringCFRP,"nTOF 5 ns + veto, per-arm coinc (strict)",14.0,no Be window + air,"no MM loss, no dead time",False,147655042472.05704,0.0019021897479724556,1.0,2451.211365593407,0.0,200173.0307142957,27199.386433730266,40422.45145937164,226.7317340073726,0.0,613.5318214404294,105.73503697055374
ringCFRP,"nTOF 5 ns + veto, per-arm coinc (strict)",14.0,no Be window + air,"no MM loss, no dead time",False,183469309133.68265,0.0017087132345446397,1.0,3539.8084203055914,0.0,248725.72610784622,33796.69636951905,50227.063827801394,281.7263393147364,0.0,947.2560292636213,105.73503697055374
ringCFRP,"nTOF 5 ns + veto, per-arm coinc (strict)",14.0,no Be window + air,"no MM loss, no dead time",False,227970456209.51935,0.0015357863316301026,1.0,5161.180245808152,0.0,309055.054055577,41994.20778392951,62409.82052505262,350.06008581534115,0.0,1462.5060243324388,105.73503697055374
ringCFRP,"nTOF 5 ns + veto, per-arm coinc (strict)",14.0,no Be window + air,"no MM loss, no dead time",False,283265518084.60077,0.0013812313734547178,1.0,7590.727037603799,0.0,384017.47954242915,52180.0553556573,77547.54909271345,434.96843063773184,0.0,2258.020857224245,105.73503697055374
ringCFRP,"nTOF 5 ns + veto, per-arm coinc (strict)",14.0,no Be window + air,"no MM loss, no dead time",False,351972597984.32916,0.0012431128095749411,1.0,11250.15798355491,0.0,477162.31350677303,64836.51723896585,96356.98868694561,540.4716027843696,0.0,3486.247650834119,105.73503697055374
ringCFRP,"nTOF 5 ns + veto, per-arm coinc (strict)",14.0,no Be window + air,"no MM loss, no dead time",False,437344829577.31195,0.0011197061417369467,1.0,16786.22749609944,0.0,592899.7651420204,80562.84990550444,119728.72614859478,671.5649523990235,0.0,5382.555543746027,105.73503697055374
ringCFRP,"nTOF 5 ns + veto, per-arm coinc (strict)",14.0,no Be window + air,"no MM loss, no dead time",False,543424405915.04004,0.0010094712883625993,1.0,25192.09374750198,0.0,736709.7558941478,100103.66165991696,148769.36339031986,834.4554699400833,0.0,8310.34025209857,105.73503697055374
ringCFRP,"nTOF 5 ns + veto, per-arm coinc (strict)",14.0,no Be window + air,"no MM loss, no dead time",False,675233968650.1552,0.0009110298540032127,1.0,37994.43363181624,0.0,915401.3820525114,124384.16825468416,184853.9126365775,1036.8556739381413,0.0,12830.662785429551,105.73503697055374
ringCFRP,"nTOF 5 ns + veto, per-arm coinc (strict)",14.0,no Be window + air,"no MM loss, no dead time",False,839014419404.4929,0.0008231458978983919,1.0,57542.019754647066,0.0,1137435.3109341038,154553.9998823497,229690.90031929815,1288.3487822962088,0.0,19809.76741257191,105.73503697055374
ringCFRP,"nTOF 5 ns + veto, per-arm coinc (strict)",14.0,no Be window + air,"no MM loss, no dead time",False,1042520413147.9036,0.0007447098724575895,1.0,87450.87172097161,0.0,1413324.3754328806,192041.63371276783,285403.26215984265,1600.8424572146862,0.0,30585.082898900157,105.73503697055374
ringCFRP,"nTOF 5 ns + veto, per-arm coinc (strict)",14.0,no Be window + air,"no MM loss, no dead time",False,1295387524568.9966,0.0006747254257654832,1.0,133291.05307206346,0.0,1756131.3342315194,238622.02923989677,354628.859646803,1989.1326075953607,0.0,47221.51837779467,105.73503697055374
ringCFRP,"nTOF 5 ns + veto, per-arm coinc (strict)",14.0,no Be window + air,"no MM loss, no dead time",False,1609588471982.2002,0.0006122987274444175,1.0,203646.43570514966,0.0,2182087.365559786,296500.6688275234,440645.37715044565,2471.6039437655204,0.0,72907.16867681168,105.73503697055374
ringCFRP,"nTOF 5 ns + veto, per-arm coinc (strict)",14.0,no Be window + air,"no MM loss, no dead time",True,2000000000000.0002,0.0005566298915844931,1.0,311750.15593332937,0.0,2711360.5788597087,368417.9825945005,547525.5132857569,3071.100454294075,0.0,112564.25941120512,105.73503697055374
ringCFRP,"nTOF 5 ns + veto, per-arm coinc (strict)",14.0,oracle: no accidentals,MM occ + DREAM,False,1000000000.0,0.026717045353908387,0.9975767502584543,8.151463574098505,0.011601140715263488,1321.377713924616,179.54797875470226,266.8357785762329,1.4966964295227103,0.0,0.0,105.47881456954254
ringCFRP,"nTOF 5 ns + veto, per-arm coinc (strict)",14.0,oracle: no accidentals,MM occ + DREAM,False,1242553630.827767,0.023714330357870225,0.9969661030548177,10.211843914211238,0.014415039517494486,1631.6690387426179,221.71017023795386,329.49524859056197,1.8481568129339212,0.0,0.0,105.41424776489004
ringCFRP,"nTOF 5 ns + veto, per-arm coinc (strict)",14.0,oracle: no accidentals,MM occ + DREAM,False,1543939525.4832668,0.02108771180070168,0.9961949958466924,12.817239964411407,0.017911459690988518,2011.7510045502038,273.3554704444921,406.24806968047346,2.278667570876552,0.0,0.0,105.33271471573066
ringCFRP,"nTOF 5 ns + veto, per-arm coinc (strict)",14.0,oracle: no accidentals,MM occ + DREAM,False,1918427663.1677406,0.01878783873353175,0.9952178871482318,16.124467586654827,0.022255949272463067,2475.6520844481024,336.39005954044757,499.9271173384338,2.804118456431993,0.0,0.0,105.22940009137469
ringCFRP,"nTOF 5 ns + veto, per-arm coinc (strict)",14.0,oracle: no accidentals,MM occ + DREAM,False,2383749258.3495045,0.01677349315024515,0.993974676873124,20.341770866186813,0.027654210576017583,3039.296225910653,412.97767356638235,613.7480345085811,3.4425461861859703,0.0,0.0,105.09794920697396
ringCFRP,"nTOF 5 ns + veto, per-arm coinc (strict)",14.0,oracle: no accidentals,MM occ + DREAM,False,2961936295.9451733,0.015009975136179248,0.992385350761288,25.748580633786652,0.034361839758906276,3720.2063130758243,505.499311078402,751.2493494879967,4.213798558272102,0.0,0.0,104.92990175178072
ringCFRP,"nTOF 5 ns + veto, per-arm coinc (strict)",14.0,oracle: no accidentals,MM occ + DREAM,False,3680364698.807223,0.013467883656926208,0.9903424181466532,32.7240277732571,0.042696428754350924,4536.781595164014,616.4550505728474,916.1465615916812,5.138716010911701,0.0,0.0,104.71389219624399
ringCFRP,"nTOF 5 ns + veto, per-arm coinc (strict)",14.0,oracle: no accidentals,MM occ + DREAM,False,4573050519.273255,0.012122226900443279,0.9877001990146874,41.78849006195182,0.053052602572097804,5506.904145282228,748.2746969786738,1112.0507328572194,6.237553187943302,0.0,0.0,104.43451705864126
ringCFRP,"nTOF 5 ns + veto, per-arm coinc (strict)",14.0,oracle: no accidentals,MM occ + DREAM,False,5682260526.681813,0.010951802312538342,0.9842596516298998,53.66466143971506,0.06592070395082295,6645.5374518851695,902.9914797645266,1341.9835534871581,7.527258914451027,0.0,0.0,104.07073065371183
ringCFRP,"nTOF 5 ns + veto, per-arm coinc (strict)",14.0,oracle: no accidentals,MM occ + DREAM,False,7060513448.737786,0.009938796737591297,0.9797469945069353,69.36801650065601,0.08191001004081737,7960.885462459126,1081.7201461926375,1607.6017085396986,9.017125627246328,0.0,0.0,103.5935846859797
ringCFRP,"nTOF 5 ns + veto, per-arm coinc (strict)",14.0,oracle: no accidentals,MM occ + DREAM,False,8773066621.237415,0.009068573807546701,0.9737839480588676,90.34173220546873,0.10177758037735649,9448.621180482765,1283.8727466772855,1908.0314149371509,10.702252229409092,0.0,0.0,102.96308174933618
ringCFRP,"nTOF 5 ns + veto, per-arm coinc (strict)",14.0,oracle: no accidentals,MM occ + DREAM,False,10901005783.71244,0.008329639946165902,0.9658472446361338,118.6590967258885,0.12646410203474917,11083.756437149466,1506.0539044426014,2238.226623084122,12.554335153655662,0.0,0.0,102.12389411950909
ringCFRP,"nTOF 5 ns + veto, per-arm coinc (strict)",14.0,oracle: no accidentals,MM occ + DREAM,False,13545084316.226381,0.007713813554744237,0.9552157165310303,157.32868275927478,0.1571384291526508,12810.077248866643,1740.6252984957014,2586.8356188410958,14.509702016498977,0.0,0.0,100.99976910226248
ringCFRP,"nTOF 5 ns + veto, per-arm coinc (strict)",14.0,oracle: no accidentals,MM occ + DREAM,False,16830493696.995401,0.007216668893224809,0.9409060135190672,210.7564041547099,0.1952529256861989,14528.000466321399,1974.0556326835333,2933.748824984271,16.455557102946564,0.0,0.0,99.48673212525492
ringCFRP,"nTOF 5 ns + veto, per-arm coinc (strict)",14.0,oracle: no accidentals,MM occ + DREAM,False,20912791051.82548,0.006838398835612538,0.9216051516744985,285.44758061068666,0.24261223174113059,16083.622338124369,2185.4325613584206,3247.8872949754814,18.21757690748806,0.0,0.0,97.44595478455592
ringCFRP,"nTOF 5 ns + veto, per-arm coinc (strict)",14.0,oracle: no accidentals,MM occ + DREAM,False,25985264452.18819,0.006585364950979887,0.8956232668778483,391.0768139370662,0.30145870943316944,17264.980098169166,2345.9547162025774,3486.447787071544,19.55567571361706,0.0,0.0,94.6987592350174
ringCFRP,"nTOF 5 ns + veto, per-arm coinc (strict)",14.0,oracle: no accidentals,MM occ + DREAM,True,32288084693.086143,0.006472833661902164,0.860916780907967,542.1223305997158,0.3745786139508375,17815.822965092288,2420.8029010366795,3597.6836462204305,20.179603711996275,0.0,0.0,91.029067657874
ringCFRP,"nTOF 5 ns + veto, per-arm coinc (strict)",14.0,oracle: no accidentals,MM occ + DREAM,False,40119676867.86863,0.006529851630944803,0.8152686509392165,760.3675858191277,0.46543401679504554,17480.12769293477,2375.1888370501038,3529.894165312307,19.799368817801227,0.0,0.0,86.20246094799154
ringCFRP,"nTOF 5 ns + veto, per-arm coinc (strict)",14.0,oracle: no accidentals,MM occ + DREAM,False,49850850159.80715,0.006808162560666199,0.7567367507559052,1078.7365983222912,0.5783267274794381,16085.9407203603,2185.747581689138,3248.3554634048724,18.220202889732363,0.0,0.0,80.01358831815234
ringCFRP,"nTOF 5 ns + veto, per-arm coinc (strict)",14.0,oracle: no accidentals,MM occ + DREAM,False,61942354865.91934,0.007399170061224988,0.6844344867044478,1547.18193787582,0.7186019750343164,13655.485112706476,1855.498791196693,2757.555211872647,15.467277521190502,0.0,0.0,72.36870575561676
ringCFRP,"nTOF 5 ns + veto, per-arm coinc (strict)",14.0,oracle: no accidentals,MM occ + DREAM,False,76966697940.67009,0.008467915406190104,0.5995072083756415,2241.7337499660734,0.8929014931988943,10487.939248641633,1425.0946368716677,2117.9087596078352,11.879465697866728,0.0,0.0,63.38891684171194
ringCFRP,"nTOF 5 ns + veto, per-arm coinc (strict)",14.0,oracle: no accidentals,MM occ + DREAM,False,95635249979.00362,0.010325599659036261,0.5058248517132627,3278.419122977498,1.1094779923458207,7130.091486290864,968.8323794241544,1439.8332081849628,8.076102962268228,0.0,0.0,53.4834093965267
ringCFRP,"nTOF 5 ns + veto, per-arm coinc (strict)",14.0,oracle: no accidentals,MM occ + DREAM,False,118831927096.53207,0.01359648125783542,0.4097122877520586,4834.6884103043685,1.378585907712801,4189.333223871019,569.2439828138904,845.9836886356601,4.745168631326204,0.0,0.0,43.320943892754066
ringCFRP,"nTOF 5 ns + veto, per-arm coinc (strict)",14.0,oracle: no accidentals,MM occ + DREAM,False,147655042472.05704,0.019637106576452564,0.3184348253854804,7182.416231231319,1.7129669250365407,2072.8217457939086,281.6537246346518,418.58054556247646,2.3478411004468955,0.0,0.0,33.669718034845594
ringCFRP,"nTOF 5 ns + veto, per-arm coinc (strict)",14.0,oracle: no accidentals,MM occ + DREAM,False,183469309133.68265,0.03170309981197141,0.2380868144633538,10738.75368497896,2.1284532721920293,838.8900233301814,113.98785260200921,169.40339628575975,0.9501928853873003,0.0,0.0,25.174118129484086
ringCFRP,"nTOF 5 ns + veto, per-arm coinc (strict)",14.0,oracle: no accidentals,MM occ + DREAM,False,227970456209.51935,0.0586616577093287,0.17208545808722064,16144.517664124667,2.6447173414094474,268.2920026356908,36.45534980775199,54.17822977840492,0.30388864454334535,0.0,0.0,18.195462272946955
ringCFRP,"nTOF 5 ns + veto, per-arm coinc (strict)",14.0,oracle: no accidentals,MM occ + DREAM,False,283265518084.60077,0.12979199292114038,0.12096652804534391,24385.065845817928,3.2862031350814687,64.96155807005387,8.826935951259577,13.118177900597528,0.07358057502794285,0.0,0.0,12.790400315073965
ringCFRP,"nTOF 5 ns + veto, per-arm coinc (strict)",14.0,oracle: no accidentals,MM occ + DREAM,False,351972597984.32916,0.38047297016265025,0.08320114418426024,36976.729800208705,4.083283637133069,11.274578922547237,1.5319827446168142,2.2767608483282675,0.012770475723878558,0.0,0.0,8.797276056315129
ringCFRP,"nTOF 5 ns + veto, per-arm coinc (strict)",14.0,oracle: no accidentals,MM occ + DREAM,False,437344829577.31195,1.827989590203918,0.05629420731820741,56254.419644260466,5.073698909019326,1.3076337116560413,0.1776804523076326,0.26406034842674425,0.0014811288905019172,0.0,0.0,5.952270092018679
ringCFRP,"nTOF 5 ns + veto, per-arm coinc (strict)",14.0,oracle: no accidentals,MM occ + DREAM,False,543424405915.04004,17.70998062486311,0.0376322093065797,85815.3740087812,6.304343001128845,0.09267730190656973,0.012592933919205794,0.01871502731579665,0.00010497360852967626,0.0,0.0,3.9790430423148213
ringCFRP,"nTOF 5 ns + veto, per-arm coinc (strict)",14.0,oracle: no accidentals,MM occ + DREAM,False,675233968650.1552,360.64867608926994,0.024938422400846386,131203.9175607449,7.833484286036265,0.0035842850549780082,0.00048703041539166015,0.0007238017435934863,4.059843440407262e-06,0.0,0.0,2.6368650145407786
ringCFRP,"nTOF 5 ns + veto, per-arm coinc (strict)",14.0,oracle: no accidentals,MM occ + DREAM,False,839014419404.4929,15952.755566751483,0.016423453705986232,200968.23094068162,9.733524341646621,6.560838917897048e-05,8.914826958484681e-06,1.3248797390192569e-05,7.431322686626116e-08,0.0,0.0,1.7365344847866324
ringCFRP,"nTOF 5 ns + veto, per-arm coinc (strict)",14.0,oracle: no accidentals,MM occ + DREAM,False,1042520413147.9036,1781629.3338215647,0.010767643641064065,308291.3751876331,12.09442601146346,4.7563911909210104e-07,6.462954653291956e-08,9.604939853821002e-08,5.387463128707555e-10,0.0,0.0,1.1385171984736568
ringCFRP,"nTOF 5 ns + veto, per-arm coinc (strict)",14.0,oracle: no accidentals,MM occ + DREAM,False,1295387524568.9966,626490312.7225646,0.00703701934402749,473508.7934555755,15.027972953321772,1.0934886540704965e-09,1.485825555861904e-10,2.2081642008821097e-10,1.238571338856616e-12,0.0,0.0,0.7440595005032484
ringCFRP,"nTOF 5 ns + veto, per-arm coinc (strict)",14.0,oracle: no accidentals,MM occ + DREAM,False,1609588471982.2002,915269069384.508,0.0045883703162878904,727994.3099410735,18.67306235713145,6.043864405357655e-13,8.212365218620339e-14,1.2204831723874492e-13,6.845756652843217e-16,0.0,0.0,0.4851515050272914
ringCFRP,"nTOF 5 ns + veto, per-arm coinc (strict)",14.0,oracle: no accidentals,MM occ + DREAM,False,2000000000000.0002,7843141469929802.0,0.0029867925165031565,1120158.7943658223,23.20228143052698,5.690451763328749e-17,7.732150327193244e-18,1.149115889209668e-17,6.445453670661221e-20,0.0,0.0,0.3158086171558346
ringCFRP,"nTOF 5 ns + veto, per-arm coinc (strict)",14.0,oracle: no accidentals,"MM occ ÷10, DAQ 10 µs",False,1000000000.0,0.026371453797343167,0.9999184920083534,8.151463574098505,0.001160114071526349,1352.4282054805515,183.76710016068515,273.10603877677335,1.5318666608327753,0.0,0.0,105.72641872004358
ringCFRP,"nTOF 5 ns + veto, per-arm coinc (strict)",14.0,oracle: no accidentals,"MM occ ÷10, DAQ 10 µs",False,1242553630.827767,0.02333655876768185,0.9998978919879687,10.211843914211238,0.0014415039517494486,1679.484510822724,228.20730673020344,339.1509878890477,1.9023163810756314,0.0,0.0,105.72424057612663
ringCFRP,"nTOF 5 ns + veto, per-arm coinc (strict)",14.0,oracle: no accidentals,"MM occ ÷10, DAQ 10 µs",False,1543939525.4832668,0.0206736631211144,0.9998718440264146,12.817239964411407,0.0017911459690988518,2085.336460637639,283.3542162739496,421.10773642077254,2.362016251749754,0.0,0.0,105.72148639394871
ringCFRP,"nTOF 5 ns + veto, per-arm coinc (strict)",14.0,oracle: no accidentals,"MM occ ÷10, DAQ 10 µs",False,1918427663.1677406,0.018332942200596808,0.9998387813197873,16.124467586654827,0.0022255949272463067,2588.8063235451195,351.7653869001422,522.7772071881982,2.9322858561521357,0.0,0.0,105.7179905074411
ringCFRP,"nTOF 5 ns + veto, per-arm coinc (strict)",14.0,oracle: no accidentals,"MM occ ÷10, DAQ 10 µs",False,2383749258.3495045,0.01627259790331058,0.9997966236616869,20.341770866186813,0.0027654210576017585,3213.124135033649,436.59730132708665,648.8504166513446,3.6394373613542452,0.0,0.0,105.71353296590327
ringCFRP,"nTOF 5 ns + veto, per-arm coinc (strict)",14.0,oracle: no accidentals,"MM occ ÷10, DAQ 10 µs",False,2961936295.9451733,0.014457199593637993,0.9997425804755361,25.748580633786652,0.0034361839758906276,3986.911116625563,541.738993265336,805.1070641711397,4.515889416172118,0.0,0.0,105.7078187076176
ringCFRP,"nTOF 5 ns + veto, per-arm coinc (strict)",14.0,oracle: no accidentals,"MM occ ÷10, DAQ 10 µs",False,3680364698.807223,0.012856408527062862,0.9996728667734354,32.7240277732571,0.004269642875435092,4945.355061756518,671.9717581171302,998.6528865545833,5.601498485750385,0.0,0.0,105.70044752674865
ringCFRP,"nTOF 5 ns + veto, per-arm coinc (strict)",14.0,oracle: no accidentals,"MM occ ÷10, DAQ 10 µs",False,4573050519.273255,0.011444016224335626,0.9995822896542268,41.78849006195182,0.00530526025720978,6131.598978692336,833.1578409089258,1238.2000772036206,6.9451317378563475,0.0,0.0,105.69087035170041
ringCFRP,"nTOF 5 ns + veto, per-arm coinc (strict)",14.0,oracle: no accidentals,"MM occ ÷10, DAQ 10 µs",False,5682260526.681813,0.010197229824025324,0.9994636412207257,53.66466143971506,0.006592070395082295,7598.355764507211,1032.459837183421,1534.393349422841,8.606495949749338,0.0,0.0,105.67832505519772
ringCFRP,"nTOF 5 ns + veto, per-arm coinc (strict)",14.0,oracle: no accidentals,"MM occ ÷10, DAQ 10 µs",False,7060513448.737786,0.00909614202845109,0.9993068006936027,69.36801650065601,0.008191001004081737,9409.743740841406,1278.5901044522768,1900.1806000138836,10.658216580489768,0.0,0.0,105.66174151626385
ringCFRP,"nTOF 5 ns + veto, per-arm coinc (strict)",14.0,oracle: no accidentals,"MM occ ÷10, DAQ 10 µs",False,8773066621.237415,0.008123331604335551,0.9990973981041329,90.34173220546873,0.01017775803773565,11643.304321232254,1582.0849215733067,2351.2203520735848,13.188123139807118,0.0,0.0,105.63960032572453
ringCFRP,"nTOF 5 ns + veto, per-arm coinc (strict)",14.0,oracle: no accidentals,"MM occ ÷10, DAQ 10 µs",False,10901005783.71244,0.007263551852143987,0.998814815362127,118.6590967258885,0.012646410203474918,14392.104214226001,1955.5901347967877,2906.306268740632,16.301630308848765,0.0,0.0,105.6097214290513
ringCFRP,"nTOF 5 ns + veto, per-arm coinc (strict)",14.0,oracle: no accidentals,"MM occ ÷10, DAQ 10 µs",False,13545084316.226381,0.0065034768780752854,0.9984291845157172,157.32868275927478,0.01571384291526508,17766.7254483847,2414.131561120904,3587.7690139704914,20.123991999175402,0.0,0.0,105.56894673724918
ringCFRP,"nTOF 5 ns + veto, per-arm coinc (strict)",14.0,oracle: no accidentals,"MM occ ÷10, DAQ 10 µs",False,16830493696.995401,0.005831486671922407,0.9978968684428973,210.7564041547099,0.01952529256861989,21896.784459233324,2975.321400877667,4421.783013232209,24.802021990233563,0.0,0.0,105.51266227760955
ringCFRP,"nTOF 5 ns + veto, per-arm coinc (strict)",14.0,oracle: no accidentals,"MM occ ÷10, DAQ 10 µs",False,20912791051.82548,0.00523748059544078,0.9971536490338616,285.44758061068666,0.02426122317411306,26931.362910109554,3659.416777401005,5438.453452415449,30.504581910968163,0.0,0.0,105.43407794591793
ringCFRP,"nTOF 5 ns + veto, per-arm coinc (strict)",14.0,oracle: no accidentals,"MM occ ÷10, DAQ 10 µs",False,25985264452.18819,0.004712714710794326,0.9961044663893597,391.0768139370662,0.030145870943316944,33037.32984735645,4489.091752521908,6671.477457960287,37.420680780698696,0.0,0.0,105.32314258021268
ringCFRP,"nTOF 5 ns + veto, per-arm coinc (strict)",14.0,oracle: no accidentals,"MM occ ÷10, DAQ 10 µs",False,32288084693.086143,0.004249661989109568,0.99460800788731,542.1223305997158,0.03745786139508375,40393.92288533684,5488.701021371469,8157.049834633486,45.75333723264868,0.0,0.0,105.16491448517354
ringCFRP,"nTOF 5 ns + veto, per-arm coinc (strict)",14.0,oracle: no accidentals,"MM occ ÷10, DAQ 10 µs",False,40119676867.86863,0.0038418967030732737,0.9924537037325563,760.3675858191277,0.046543401679504555,49181.059452556015,6682.691651802025,9931.502667204404,55.70633991106051,0.0,0.0,104.93712905572485
ringCFRP,"nTOF 5 ns + veto, per-arm coinc (strict)",14.0,oracle: no accidentals,"MM occ ÷10, DAQ 10 µs",False,49850850159.80715,0.0034840060856906763,0.9893277593821824,1078.7365983222912,0.05783267274794382,59557.60495268424,8092.65017567532,12026.916846118258,67.45963227944372,0.0,0.0,104.60660721427016
ringCFRP,"nTOF 5 ns + veto, per-arm coinc (strict)",14.0,oracle: no accidentals,"MM occ ÷10, DAQ 10 µs",False,61942354865.91934,0.0031715343869454502,0.9847639106437995,1547.18193787582,0.07186019750343164,71624.25926371843,9732.259629540758,14463.62745805367,81.12727494761725,0.0,0.0,104.12404849918923
ringCFRP,"nTOF 5 ns + veto, per-arm coinc (strict)",14.0,oracle: no accidentals,"MM occ ÷10, DAQ 10 µs",False,76966697940.67009,0.002900967499177985,0.9780741809851515,2241.7337499660734,0.08929014931988943,85364.14460239117,11599.226670745751,17238.22624480305,96.69015080948162,0.0,0.0,103.41670968640908
ringCFRP,"nTOF 5 ns + veto, per-arm coinc (strict)",14.0,oracle: no accidentals,"MM occ ÷10, DAQ 10 µs",False,95635249979.00362,0.002669771189640939,0.968256493943098,3278.419122977498,0.11094779923458208,100553.60923429023,13663.161641257222,20305.54952299795,113.89493430276657,0.0,0.0,102.37863618405221
ringCFRP,"nTOF 5 ns + veto, per-arm coinc (strict)",14.0,oracle: no accidentals,"MM occ ÷10, DAQ 10 µs",False,118831927096.53207,0.002476503873591036,0.9538827416419434,4834.6884103043685,0.13785859077128013,116638.77845580471,15848.804392164882,23553.749191815834,132.11426333216684,0.0,0.0,100.85882695308406
ringCFRP,"nTOF 5 ns + veto, per-arm coinc (strict)",14.0,oracle: no accidentals,"MM occ ÷10, DAQ 10 µs",False,147655042472.05704,0.0023210377201207644,0.9329888569060036,7182.416231231319,0.1712966925036541,132585.36996579147,18015.617290152324,26773.96481704108,150.17662833540766,0.0,0.0,98.64961127807095
ringCFRP,"nTOF 5 ns + veto, per-arm coinc (strict)",14.0,oracle: no accidentals,"MM occ ÷10, DAQ 10 µs",False,183469309133.68265,0.0022049431278817295,0.9030262367271377,10738.75368497896,0.21284532721920293,146739.1414485472,19938.822922201984,29632.142757831338,166.20830422889816,0.0,0.0,95.48151252572391
ringCFRP,"nTOF 5 ns + veto, per-arm coinc (strict)",14.0,oracle: no accidentals,"MM occ ÷10, DAQ 10 µs",False,227970456209.51935,0.002132127954495514,0.8609963002230328,16144.517664124667,0.26447173414094477,156790.55804870496,21304.603134144283,31661.901203152138,177.59333000810523,0.0,0.0,91.03747563559236
ringCFRP,"nTOF 5 ns + veto, per-arm coinc (strict)",14.0,oracle: no accidentals,"MM occ ÷10, DAQ 10 µs",True,283265518084.60077,0.0021098891378160587,0.8039550352769477,24385.065845817928,0.3286203135081469,160009.87091308043,21742.041356150352,32312.00135664626,181.23977721154438,0.0,0.0,85.00621537767088
ringCFRP,"nTOF 5 ns + veto, per-arm coinc (strict)",14.0,oracle: no accidentals,"MM occ ÷10, DAQ 10 µs",False,351972597984.32916,0.0021506659240835536,0.7300510104589141,36976.729800208705,0.4083283637133069,153939.41494011428,20917.191588684345,31086.148348237213,174.3639008557006,0.0,0.0,77.19197058126339
ringCFRP,"nTOF 5 ns + veto, per-arm coinc (strict)",14.0,oracle: no accidentals,"MM occ ÷10, DAQ 10 µs",False,437344829577.31195,0.0022750668997475135,0.6399818976491471,56254.419644260466,0.5073698909019326,137547.6200575588,18689.88473439876,27776.029444568358,155.79726346227693,0.0,0.0,67.66850960841771
ringCFRP,"nTOF 5 ns + veto, per-arm coinc (strict)",14.0,oracle: no accidentals,"MM occ ÷10, DAQ 10 µs",False,543424405915.04004,0.0025173804732946605,0.5381686016748767,85815.3740087812,0.6304343001128845,112363.8216457339,15267.925929917976,22690.47488593475,127.27211068605237,0.0,0.0,56.9032769944843
ringCFRP,"nTOF 5 ns + veto, per-arm coinc (strict)",14.0,oracle: no accidentals,"MM occ ÷10, DAQ 10 µs",False,675233968650.1552,0.002936240685756263,0.4325186227596109,131203.9175607449,0.7833484286036265,82643.47598143008,11229.543917202072,16688.82108829721,93.60850733389078,0.0,0.0,45.73237256794045
ringCFRP,"nTOF 5 ns + veto, per-arm coinc (strict)",14.0,oracle: no accidentals,"MM occ ÷10, DAQ 10 µs",False,839014419404.4929,0.003636557543995265,0.332260982122426,200968.23094068162,0.9733524341646622,53946.449749489824,7330.20991003757,10893.81391000965,61.10399613572867,0.0,0.0,35.131627228587206
ringCFRP,"nTOF 5 ns + veto, per-arm coinc (strict)",14.0,oracle: no accidentals,"MM occ ÷10, DAQ 10 µs",False,1042520413147.9036,0.0048174007896099125,0.24492312617195086,308291.3751876331,1.2094426011463462,30815.06921960643,4187.132365910492,6222.719590655426,34.903573437376195,0.0,0.0,25.89695580073483
ringCFRP,"nTOF 5 ns + veto, per-arm coinc (strict)",14.0,oracle: no accidentals,"MM occ ÷10, DAQ 10 µs",False,1295387524568.9966,0.006883998309575817,0.1743652427671906,473508.7934555755,1.5027972953321773,15160.159314158327,2059.952982233881,3061.405434119458,17.171589983233737,0.0,0.0,18.436515390368477
ringCFRP,"nTOF 5 ns + veto, per-arm coinc (strict)",14.0,oracle: no accidentals,"MM occ ÷10, DAQ 10 µs",False,1609588471982.2002,0.01073340891408461,0.12077377682355904,727994.3099410735,1.8673062357131451,6293.948631180334,855.2178103246135,1270.984568319752,7.129021735888282,0.0,0.0,12.770019757512422
ringCFRP,"nTOF 5 ns + veto, per-arm coinc (strict)",14.0,oracle: no accidentals,"MM occ ÷10, DAQ 10 µs",False,2000000000000.0002,0.01856834403897984,0.08195654570680287,1120158.7943658223,2.3202281430526983,2145.094179222238,291.47405776498675,433.175063723502,2.4297025484834482,0.0,0.0,8.66567839028768
ringCFRP,"nTOF 5 ns + veto, per-arm coinc (strict)",14.0,oracle: no accidentals,"no MM loss, DREAM",False,1000000000.0,0.026367673833205818,0.9975767502584543,8.151463574098505,0.0,1352.3951375188744,183.76260690669872,273.0993611135988,1.5318292054559726,0.0,0.0,105.47881456954254
ringCFRP,"nTOF 5 ns + veto, per-arm coinc (strict)",14.0,oracle: no accidentals,"no MM loss, DREAM",False,1242553630.827767,0.02333301132149027,0.9969661030548177,10.211843914211238,0.0,1679.3948498856491,228.19512365805429,339.1328819790569,1.9022148240393852,0.0,0.0,105.41424776489004
ringCFRP,"nTOF 5 ns + veto, per-arm coinc (strict)",14.0,oracle: no accidentals,"no MM loss, DREAM",False,1543939525.4832668,0.02067045137589047,0.9961949958466924,12.817239964411407,0.0,2085.1241727796696,283.32537073235244,421.06486753077485,2.361775797808609,0.0,0.0,105.33271471573066
ringCFRP,"nTOF 5 ns + veto, per-arm coinc (strict)",14.0,oracle: no accidentals,"no MM loss, DREAM",False,1918427663.1677406,0.018330227582879978,0.9952178871482318,16.124467586654827,0.0,2588.337372159389,351.70166607864275,522.6825082941521,2.931754684892589,0.0,0.0,105.22940009137469
ringCFRP,"nTOF 5 ns + veto, per-arm coinc (strict)",14.0,oracle: no accidentals,"no MM loss, DREAM",False,2383749258.3495045,0.016270620770240392,0.993974676873124,20.341770866186813,0.0,3212.1304389159977,436.46227851904285,648.6497520915995,3.638311822898703,0.0,0.0,105.09794920697396
ringCFRP,"nTOF 5 ns + veto, per-arm coinc (strict)",14.0,oracle: no accidentals,"no MM loss, DREAM",False,2961936295.9451733,0.014456305984145648,0.992385350761288,25.748580633786652,0.0,3984.862498062658,541.4606282540806,804.6933711570395,4.513568989502102,0.0,0.0,104.92990175178072
ringCFRP,"nTOF 5 ns + veto, per-arm coinc (strict)",14.0,oracle: no accidentals,"no MM loss, DREAM",False,3680364698.807223,0.0128570855326486,0.9903424181466532,32.7240277732571,0.0,4941.212361660543,671.408850614619,997.8163198455583,5.596806137471094,0.0,0.0,104.71389219624399
ringCFRP,"nTOF 5 ns + veto, per-arm coinc (strict)",14.0,oracle: no accidentals,"no MM loss, DREAM",False,4573050519.273255,0.011446939718809255,0.9877001990146874,41.78849006195182,0.0,6123.340673602052,832.0357075694008,1236.5324153040253,6.935777731343078,0.0,0.0,104.43451705864126
ringCFRP,"nTOF 5 ns + veto, per-arm coinc (strict)",14.0,oracle: no accidentals,"no MM loss, DREAM",False,5682260526.681813,0.01020332971225995,0.9842596516298998,53.66466143971506,0.0,7582.075519726448,1030.2476876873193,1531.1057566734642,8.58805566278343,0.0,0.0,104.07073065371183
ringCFRP,"nTOF 5 ns + veto, per-arm coinc (strict)",14.0,oracle: no accidentals,"no MM loss, DREAM",False,7060513448.737786,0.009106691832253853,0.9797469945069353,69.36801650065601,0.0,9377.94121968987,1274.2687977343792,1893.7584767990506,10.62219454125319,0.0,0.0,103.5935846859797
ringCFRP,"nTOF 5 ns + veto, per-arm coinc (strict)",14.0,oracle: no accidentals,"no MM loss, DREAM",False,8773066621.237415,0.008140071122255848,0.9737839480588676,90.34173220546873,0.0,11581.673577327925,1573.7105745712638,2338.774790626132,13.118315307134909,0.0,0.0,102.96308174933618
ringCFRP,"nTOF 5 ns + veto, per-arm coinc (strict)",14.0,oracle: no accidentals,"no MM loss, DREAM",False,10901005783.71244,0.007288853787011095,0.9658472446361338,118.6590967258885,0.0,14273.559739621385,1939.482385601759,2882.3676879369,16.167357504024917,0.0,0.0,102.12389411950909
ringCFRP,"nTOF 5 ns + veto, per-arm coinc (strict)",14.0,oracle: no accidentals,"no MM loss, DREAM",False,13545084316.226381,0.006540570504879247,0.9552157165310303,157.32868275927478,0.0,17540.438814337118,2383.383874570495,3542.073245424385,19.867681942135153,0.0,0.0,100.99976910226248
ringCFRP,"nTOF 5 ns + veto, per-arm coinc (strict)",14.0,oracle: no accidentals,"no MM loss, DREAM",False,16830493696.995401,0.005884753164101256,0.9409060135190672,210.7564041547099,0.0,21468.43475318923,2917.117510264166,4335.283122920229,24.316839389628672,0.0,0.0,99.48673212525492
ringCFRP,"nTOF 5 ns + veto, per-arm coinc (strict)",14.0,oracle: no accidentals,"no MM loss, DREAM",False,20912791051.82548,0.005312834071889255,0.9216051516744985,285.44758061068666,0.0,26128.48168507805,3550.3217778294224,5276.321584647515,29.595175425470245,0.0,0.0,97.44595478455592
ringCFRP,"nTOF 5 ns + veto, per-arm coinc (strict)",14.0,oracle: no accidentals,"no MM loss, DREAM",False,25985264452.18819,0.0048180776166474445,0.8956232668778483,391.0768139370662,0.0,31550.757461286044,4287.097224856729,6371.282671967661,35.73687185989412,0.0,0.0,94.6987592350174
ringCFRP,"nTOF 5 ns + veto, per-arm coinc (strict)",14.0,oracle: no accidentals,"no MM loss, DREAM",False,32288084693.086143,0.004395528484892443,0.860916780907967,542.1223305997158,0.0,37684.32482887358,5120.522529219752,7609.880240802821,42.684233149982425,0.0,0.0,91.029067657874
ringCFRP,"nTOF 5 ns + veto, per-arm coinc (strict)",14.0,oracle: no accidentals,"no MM loss, DREAM",False,40119676867.86863,0.004041947164766755,0.8152686509392165,760.3675858191277,0.0,44342.01772388145,6025.165683006441,8954.318434697041,50.2252602763,0.0,0.0,86.20246094799154
ringCFRP,"nTOF 5 ns + veto, per-arm coinc (strict)",14.0,oracle: no accidentals,"no MM loss, DREAM",False,49850850159.80715,0.0037556845944243054,0.7567367507559052,1078.7365983222912,0.0,51141.64307283334,6949.0945300183075,10327.418120649349,57.92705127415316,0.0,0.0,80.01358831815234
ringCFRP,"nTOF 5 ns + veto, per-arm coinc (strict)",14.0,oracle: no accidentals,"no MM loss, DREAM",False,61942354865.91934,0.003536432804222031,0.6844344867044478,1547.18193787582,0.0,57474.72182702405,7809.629317026345,11606.304530152907,65.100394868038,0.0,0.0,72.36870575561676
ringCFRP,"nTOF 5 ns + veto, per-arm coinc (strict)",14.0,oracle: no accidentals,"no MM loss, DREAM",False,76966697940.67009,0.0033847985482086547,0.5995072083756415,2241.7337499660734,0.0,62553.92222475796,8499.787895828613,12631.98581597438,70.85349711882438,0.0,0.0,63.38891684171194
ringCFRP,"nTOF 5 ns + veto, per-arm coinc (strict)",14.0,oracle: no accidentals,"no MM loss, DREAM",False,95635249979.00362,0.0033017087722200696,0.5058248517132627,3278.419122977498,0.0,65580.60850625587,8911.05213802132,13243.187429198782,74.28176028920032,0.0,0.0,53.4834093965267
ringCFRP,"nTOF 5 ns + veto, per-arm coinc (strict)",14.0,oracle: no accidentals,"no MM loss, DREAM",True,118831927096.53207,0.0032877704500178335,0.4097122877520586,4834.6884103043685,0.0,66003.8716442211,8968.564868940108,13328.660150413465,74.76118144233874,0.0,0.0,43.320943892754066
ringCFRP,"nTOF 5 ns + veto, per-arm coinc (strict)",14.0,oracle: no accidentals,"no MM loss, DREAM",False,147655042472.05704,0.0033428069988753403,0.3184348253854804,7182.416231231319,0.0,63742.06408238915,8661.231869617102,12871.916272118066,72.19928012798488,0.0,0.0,33.669718034845594
ringCFRP,"nTOF 5 ns + veto, per-arm coinc (strict)",14.0,oracle: no accidentals,"no MM loss, DREAM",False,183469309133.68265,0.003465772277728702,0.2380868144633538,10738.75368497896,0.0,59218.315804101745,8046.547778003987,11958.40162660878,67.0753266778675,0.0,0.0,25.174118129484086
ringCFRP,"nTOF 5 ns + veto, per-arm coinc (strict)",14.0,oracle: no accidentals,"no MM loss, DREAM",False,227970456209.51935,0.003655073367149715,0.17208545808722064,16144.517664124667,0.0,53183.88055132473,7226.5924835074375,10739.822554194909,60.24025022558475,0.0,0.0,18.195462272946955
ringCFRP,"nTOF 5 ns + veto, per-arm coinc (strict)",14.0,oracle: no accidentals,"no MM loss, DREAM",False,283265518084.60077,0.003909137646349922,0.12096652804534391,24385.065845817928,0.0,46453.26120897153,6312.0401295877155,9380.657772171406,52.61662086357842,0.0,0.0,12.790400315073965
ringCFRP,"nTOF 5 ns + veto, per-arm coinc (strict)",14.0,oracle: no accidentals,"no MM loss, DREAM",False,351972597984.32916,0.004226989931091634,0.08320114418426024,36976.729800208705,0.0,39700.450445372204,5394.472419204471,8017.011708903693,44.96785575076054,0.0,0.0,8.797276056315129
ringCFRP,"nTOF 5 ns + veto, per-arm coinc (strict)",14.0,oracle: no accidentals,"no MM loss, DREAM",False,437344829577.31195,0.004608679690509059,0.05629420731820741,56254.419644260466,0.0,33376.822297821374,4535.221774726093,6740.033731753876,37.80521665799272,0.0,0.0,5.952270092018679
ringCFRP,"nTOF 5 ns + veto, per-arm coinc (strict)",14.0,oracle: no accidentals,"no MM loss, DREAM",False,543424405915.04004,0.005055518604316193,0.0376322093065797,85815.3740087812,0.0,27724.01573200781,3767.1219479410324,5598.519821511132,31.402402901805537,0.0,0.0,3.9790430423148213
ringCFRP,"nTOF 5 ns + veto, per-arm coinc (strict)",14.0,oracle: no accidentals,"no MM loss, DREAM",False,675233968650.1552,0.005570168920075867,0.024938422400846386,131203.9175607449,0.0,22828.666331944085,3101.9449279132614,4609.964955780123,25.857544765383615,0.0,0.0,2.6368650145407786
ringCFRP,"nTOF 5 ns + veto, per-arm coinc (strict)",14.0,oracle: no accidentals,"no MM loss, DREAM",False,839014419404.4929,0.006156646478364936,0.016423453705986232,200968.23094068162,0.0,18680.61617268031,2538.3104621427715,3772.317868080292,21.159136583205516,0.0,0.0,1.7365344847866324
ringCFRP,"nTOF 5 ns + veto, per-arm coinc (strict)",14.0,oracle: no accidentals,"no MM loss, DREAM",False,1042520413147.9036,0.006820292067502325,0.010767643641064065,308291.3751876331,0.0,15218.173223890697,2067.835876066839,3073.120620934369,17.23730110477309,0.0,0.0,1.1385171984736568
ringCFRP,"nTOF 5 ns + veto, per-arm coinc (strict)",14.0,oracle: no accidentals,"no MM loss, DREAM",False,1295387524568.9966,0.007567745323286152,0.00703701934402749,473508.7934555755,0.0,12357.930169640005,1679.1878356722466,2495.5301452849617,13.997564637484393,0.0,0.0,0.7440595005032484
ringCFRP,"nTOF 5 ns + veto, per-arm coinc (strict)",14.0,oracle: no accidentals,"no MM loss, DREAM",False,1609588471982.2002,0.008406938967974644,0.0045883703162878904,727994.3099410735,0.0,10012.224895681362,1360.4548676077143,2021.844168526587,11.340634169193796,0.0,0.0,0.4851515050272914
ringCFRP,"nTOF 5 ns + veto, per-arm coinc (strict)",14.0,oracle: no accidentals,"no MM loss, DREAM",False,2000000000000.0002,0.009347120725690302,0.0029867925165031565,1120158.7943658223,0.0,8098.271486479843,1100.3880733584442,1635.3451056764482,9.172739854314987,0.0,0.0,0.3158086171558346
ringCFRP,"nTOF 5 ns + veto, per-arm coinc (strict)",14.0,oracle: no accidentals,"no MM loss, no dead time",False,1000000000.0,0.026335706725987576,1.0,8.151463574098505,0.0,1355.6802894298542,184.20899129725024,273.7627566428784,1.5355502271470374,0.0,0.0,105.73503697055374
ringCFRP,"nTOF 5 ns + veto, per-arm coinc (strict)",14.0,oracle: no accidentals,"no MM loss, no dead time",False,1242553630.827767,0.023297589458626224,1.0,10.211843914211238,0.0,1684.5054658727029,228.8895509675188,340.16490725202704,1.9080035100599533,0.0,0.0,105.73503697055374
ringCFRP,"nTOF 5 ns + veto, per-arm coinc (strict)",14.0,oracle: no accidentals,"no MM loss, no dead time",False,1543939525.4832668,0.020631088319387335,1.0,12.817239964411407,0.0,2093.0883827693465,284.40754261322775,422.67314058619684,2.3707966890571193,0.0,0.0,105.73503697055374
ringCFRP,"nTOF 5 ns + veto, per-arm coinc (strict)",14.0,oracle: no accidentals,"no MM loss, no dead time",False,1918427663.1677406,0.018286346450428998,1.0,16.124467586654827,0.0,2600.7745696534803,353.3916247088704,525.1940454887562,2.945842033942384,0.0,0.0,105.73503697055374
ringCFRP,"nTOF 5 ns + veto, per-arm coinc (strict)",14.0,oracle: no accidentals,"no MM loss, no dead time",False,2383749258.3495045,0.01622152883601292,1.0,20.341770866186813,0.0,3231.6018844874566,439.1080463861305,652.5817681111774,3.660366715120163,0.0,0.0,105.73503697055374
ringCFRP,"nTOF 5 ns + veto, per-arm coinc (strict)",14.0,oracle: no accidentals,"no MM loss, no dead time",False,2961936295.9451733,0.014401160956350046,1.0,25.748580633786652,0.0,4015.4386549597407,545.615297362774,810.867845378547,4.548201952033664,0.0,0.0,105.73503697055374
ringCFRP,"nTOF 5 ns + veto, per-arm coinc (strict)",14.0,oracle: no accidentals,"no MM loss, no dead time",False,3680364698.807223,0.012794850730713535,1.0,32.7240277732571,0.0,4989.397880086393,677.9562687732865,1007.5467853966023,5.651384849237369,0.0,0.0,105.73503697055374
ringCFRP,"nTOF 5 ns + veto, per-arm coinc (strict)",14.0,oracle: no accidentals,"no MM loss, no dead time",False,4573050519.273255,0.011376324368074273,1.0,41.78849006195182,0.0,6199.594451545711,842.3970233066927,1251.9309164233935,7.022148763624925,0.0,0.0,105.73503697055374
ringCFRP,"nTOF 5 ns + veto, per-arm coinc (strict)",14.0,oracle: no accidentals,"no MM loss, no dead time",False,5682260526.681813,0.010122709223187112,1.0,53.66466143971506,0.0,7703.328595427835,1046.7234799082385,1555.5913057474274,8.725396442454901,0.0,0.0,105.73503697055374
ringCFRP,"nTOF 5 ns + veto, per-arm coinc (strict)",14.0,oracle: no accidentals,"no MM loss, no dead time",False,7060513448.737786,0.009014001175670881,1.0,69.36801650065601,0.0,9571.798915708217,1300.6100604326568,1932.905625040573,10.841773029984019,0.0,0.0,105.73503697055374
ringCFRP,"nTOF 5 ns + veto, per-arm coinc (strict)",14.0,oracle: no accidentals,"no MM loss, no dead time",False,8773066621.237415,0.008032662224024099,1.0,90.34173220546873,0.0,11893.473496266528,1616.077752881719,2401.7389024415784,13.471484443017204,0.0,0.0,105.73503697055374
ringCFRP,"nTOF 5 ns + veto, per-arm coinc (strict)",14.0,oracle: no accidentals,"no MM loss, no dead time",False,10901005783.71244,0.007163305297887332,1.0,118.6590967258885,0.0,14778.278675939793,2008.063279543159,2984.289393529079,16.739041907310803,0.0,0.0,105.73503697055374
ringCFRP,"nTOF 5 ns + veto, per-arm coinc (strict)",14.0,oracle: no accidentals,"no MM loss, no dead time",False,13545084316.226381,0.0063924355973640976,1.0,157.32868275927478,0.0,18362.803826173556,2495.1263189282663,3708.1396213703524,20.799157298507197,0.0,0.0,105.73503697055374
ringCFRP,"nTOF 5 ns + veto, per-arm coinc (strict)",14.0,oracle: no accidentals,"no MM loss, no dead time",False,16830493696.995401,0.005708228810425037,1.0,210.7564041547099,0.0,22816.768566390056,3100.3282669582495,4607.56235015005,25.844068419418065,0.0,0.0,105.73503697055374
ringCFRP,"nTOF 5 ns + veto, per-arm coinc (strict)",14.0,oracle: no accidentals,"no MM loss, no dead time",False,20912791051.82548,0.005100334964197829,1.0,285.44758061068666,0.0,28351.058625924838,3852.3241448669323,5725.143327444267,32.11264104990914,0.0,0.0,105.73503697055374
ringCFRP,"nTOF 5 ns + veto, per-arm coinc (strict)",14.0,oracle: no accidentals,"no MM loss, no dead time",False,25985264452.18819,0.004559702161973888,1.0,391.0768139370662,0.0,35227.710833453784,4786.7193533298805,7113.797628525237,39.90167873203341,0.0,0.0,105.73503697055374
ringCFRP,"nTOF 5 ns + veto, per-arm coinc (strict)",14.0,oracle: no accidentals,"no MM loss, no dead time",False,32288084693.086143,0.004078417535133242,1.0,542.1223305997158,0.0,43772.32000185866,5947.7555122335825,8839.275072297989,49.5799757846112,0.0,0.0,105.73503697055374
ringCFRP,"nTOF 5 ns + veto, per-arm coinc (strict)",14.0,oracle: no accidentals,"no MM loss, no dead time",False,40119676867.86863,0.0036495641658083207,1.0,760.3675858191277,0.0,54389.45514806437,7390.405207001702,10983.27333496924,61.6057789275214,0.0,0.0,105.73503697055374
ringCFRP,"nTOF 5 ns + veto, per-arm coinc (strict)",14.0,oracle: no accidentals,"no MM loss, no dead time",False,49850850159.80715,0.0032670932145434477,1.0,1078.7365983222912,0.0,67581.81497297165,9182.97482324844,13647.306160739883,76.54848428636478,0.0,0.0,105.73503697055374
ringCFRP,"nTOF 5 ns + veto, per-arm coinc (strict)",14.0,oracle: no accidentals,"no MM loss, no dead time",False,61942354865.91934,0.002925710515295777,1.0,1547.18193787582,0.0,83974.02957259624,11410.33870842732,16957.509821045493,95.11559708438483,0.0,0.0,105.73503697055374
ringCFRP,"nTOF 5 ns + veto, per-arm coinc (strict)",14.0,oracle: no accidentals,"no MM loss, no dead time",False,76966697940.67009,0.0026207767707163766,1.0,2241.7337499660734,0.0,104342.23534066777,14177.957791130984,21070.6153979376,118.18623050555335,0.0,0.0,105.73503697055374
ringCFRP,"nTOF 5 ns + veto, per-arm coinc (strict)",14.0,oracle: no accidentals,"no MM loss, no dead time",False,95635249979.00362,0.002348220337301965,1.0,3278.419122977498,0.0,129650.82337123205,17616.87293109262,26181.369666482817,146.8527298285227,0.0,0.0,105.73503697055374
ringCFRP,"nTOF 5 ns + veto, per-arm coinc (strict)",14.0,oracle: no accidentals,"no MM loss, no dead time",False,118831927096.53207,0.002104461487273194,1.0,4834.6884103043685,0.0,161098.10131973392,21889.909424360547,32531.75593913219,182.4723926454,0.0,0.0,105.73503697055374
ringCFRP,"nTOF 5 ns + veto, per-arm coinc (strict)",14.0,oracle: no accidentals,"no MM loss, no dead time",False,147655042472.05704,0.0018863469828453274,1.0,7182.416231231319,0.0,200173.03071429566,27199.386433730262,40422.45145937163,226.73173400737258,0.0,0.0,105.73503697055374
ringCFRP,"nTOF 5 ns + veto, per-arm coinc (strict)",14.0,oracle: no accidentals,"no MM loss, no dead time",False,183469309133.68265,0.0016910937937170674,1.0,10738.75368497896,0.0,248725.72610784622,33796.69636951905,50227.063827801394,281.7263393147364,0.0,0.0,105.73503697055374
ringCFRP,"nTOF 5 ns + veto, per-arm coinc (strict)",14.0,oracle: no accidentals,"no MM loss, no dead time",False,227970456209.51935,0.0015162408217255468,1.0,16144.517664124667,0.0,309055.054055577,41994.207783929516,62409.82052505263,350.06008581534115,0.0,0.0,105.73503697055374
ringCFRP,"nTOF 5 ns + veto, per-arm coinc (strict)",14.0,oracle: no accidentals,"no MM loss, no dead time",False,283265518084.60077,0.0013596075598561975,1.0,24385.065845817928,0.0,384017.4795424291,52180.0553556573,77547.54909271344,434.9684306377318,0.0,0.0,105.73503697055374
ringCFRP,"nTOF 5 ns + veto, per-arm coinc (strict)",14.0,oracle: no accidentals,"no MM loss, no dead time",False,351972597984.32916,0.0012192586986608776,1.0,36976.729800208705,0.0,477162.31350677303,64836.51723896585,96356.9886869456,540.4716027843695,0.0,0.0,105.73503697055374
ringCFRP,"nTOF 5 ns + veto, per-arm coinc (strict)",14.0,oracle: no accidentals,"no MM loss, no dead time",False,437344829577.31195,0.0010934737938440384,1.0,56254.419644260466,0.0,592899.7651420204,80562.84990550444,119728.72614859478,671.5649523990236,0.0,0.0,105.73503697055374
ringCFRP,"nTOF 5 ns + veto, per-arm coinc (strict)",14.0,oracle: no accidentals,"no MM loss, no dead time",False,543424405915.04004,0.0009807212164443491,1.0,85815.3740087812,0.0,736709.7558941478,100103.66165991696,148769.36339031986,834.4554699400834,0.0,0.0,105.73503697055374
ringCFRP,"nTOF 5 ns + veto, per-arm coinc (strict)",14.0,oracle: no accidentals,"no MM loss, no dead time",False,675233968650.1552,0.0008796357144988404,1.0,131203.9175607449,0.0,915401.3820525111,124384.16825468413,184853.91263657744,1036.8556739381409,0.0,0.0,105.73503697055374
ringCFRP,"nTOF 5 ns + veto, per-arm coinc (strict)",14.0,oracle: no accidentals,"no MM loss, no dead time",False,839014419404.4929,0.0007889990166708351,1.0,200968.23094068162,0.0,1137435.3109341038,154553.9998823497,229690.90031929815,1288.3487822962086,0.0,0.0,105.73503697055374
ringCFRP,"nTOF 5 ns + veto, per-arm coinc (strict)",14.0,oracle: no accidentals,"no MM loss, no dead time",False,1042520413147.9036,0.0007077230003015025,1.0,308291.3751876331,0.0,1413324.3754328806,192041.6337127678,285403.26215984265,1600.842457214686,0.0,0.0,105.73503697055374
ringCFRP,"nTOF 5 ns + veto, per-arm coinc (strict)",14.0,oracle: no accidentals,"no MM loss, no dead time",False,1295387524568.9966,0.0006348350268041778,1.0,473508.7934555755,0.0,1756131.3342315194,238622.02923989674,354628.859646803,1989.1326075953607,0.0,0.0,105.73503697055374
ringCFRP,"nTOF 5 ns + veto, per-arm coinc (strict)",14.0,oracle: no accidentals,"no MM loss, no dead time",False,1609588471982.2002,0.0005694651158434707,1.0,727994.3099410735,0.0,2182087.365559786,296500.6688275234,440645.37715044565,2471.6039437655204,0.0,0.0,105.73503697055374
ringCFRP,"nTOF 5 ns + veto, per-arm coinc (strict)",14.0,oracle: no accidentals,"no MM loss, no dead time",True,2000000000000.0002,0.0005108346869285525,1.0,1120158.7943658223,0.0,2711360.5788597083,368417.9825945004,547525.5132857569,3071.1004542940746,0.0,0.0,105.73503697055374
ringCFRP,"nTOF 5 ns + veto, per-arm coinc (strict)",14.0,oracle: IPC only,MM occ + DREAM,False,1000000000.0,0.02313333362493743,0.9975767502584543,8.151463574098505,0.011601140715263488,1321.377713924616,179.54797875470226,266.8357785762329,0.0,0.0,0.0,0.0
ringCFRP,"nTOF 5 ns + veto, per-arm coinc (strict)",14.0,oracle: IPC only,MM occ + DREAM,False,1242553630.827767,0.020817840353552677,0.9969661030548177,10.211843914211238,0.014415039517494486,1631.6690387426179,221.71017023795386,329.49524859056197,0.0,0.0,0.0,0.0
ringCFRP,"nTOF 5 ns + veto, per-arm coinc (strict)",14.0,oracle: IPC only,MM occ + DREAM,False,1543939525.4832668,0.018748416663578123,0.9961949958466924,12.817239964411407,0.017911459690988518,2011.7510045502038,273.3554704444921,406.24806968047346,0.0,0.0,0.0,0.0
ringCFRP,"nTOF 5 ns + veto, per-arm coinc (strict)",14.0,oracle: IPC only,MM occ + DREAM,False,1918427663.1677406,0.016900786073005675,0.9952178871482318,16.124467586654827,0.022255949272463067,2475.6520844481024,336.39005954044757,499.9271173384338,0.0,0.0,0.0,0.0
ringCFRP,"nTOF 5 ns + veto, per-arm coinc (strict)",14.0,oracle: IPC only,MM occ + DREAM,False,2383749258.3495045,0.015253348564401786,0.993974676873124,20.341770866186813,0.027654210576017583,3039.296225910653,412.97767356638235,613.7480345085811,0.0,0.0,0.0,0.0
ringCFRP,"nTOF 5 ns + veto, per-arm coinc (strict)",14.0,oracle: IPC only,MM occ + DREAM,False,2961936295.9451733,0.013786949899775393,0.992385350761288,25.748580633786652,0.034361839758906276,3720.2063130758243,505.499311078402,751.2493494879967,0.0,0.0,0.0,0.0
ringCFRP,"nTOF 5 ns + veto, per-arm coinc (strict)",14.0,oracle: IPC only,MM occ + DREAM,False,3680364698.807223,0.012484690310193475,0.9903424181466532,32.7240277732571,0.042696428754350924,4536.781595164014,616.4550505728474,916.1465615916812,0.0,0.0,0.0,0.0
ringCFRP,"nTOF 5 ns + veto, per-arm coinc (strict)",14.0,oracle: IPC only,MM occ + DREAM,False,4573050519.273255,0.011331775230766656,0.9877001990146874,41.78849006195182,0.053052602572097804,5506.904145282228,748.2746969786738,1112.0507328572194,0.0,0.0,0.0,0.0
ringCFRP,"nTOF 5 ns + veto, per-arm coinc (strict)",14.0,oracle: IPC only,MM occ + DREAM,False,5682260526.681813,0.010315413821771839,0.9842596516298998,53.66466143971506,0.06592070395082295,6645.5374518851695,902.9914797645266,1341.9835534871581,0.0,0.0,0.0,0.0
ringCFRP,"nTOF 5 ns + veto, per-arm coinc (strict)",14.0,oracle: IPC only,MM occ + DREAM,False,7060513448.737786,0.009424775680734663,0.9797469945069353,69.36801650065601,0.08191001004081737,7960.885462459126,1081.7201461926375,1607.6017085396986,0.0,0.0,0.0,0.0
ringCFRP,"nTOF 5 ns + veto, per-arm coinc (strict)",14.0,oracle: IPC only,MM occ + DREAM,False,8773066621.237415,0.008651023493722137,0.9737839480588676,90.34173220546873,0.10177758037735649,9448.621180482765,1283.8727466772855,1908.0314149371509,0.0,0.0,0.0,0.0
ringCFRP,"nTOF 5 ns + veto, per-arm coinc (strict)",14.0,oracle: IPC only,MM occ + DREAM,False,10901005783.71244,0.007987451300264467,0.9658472446361338,118.6590967258885,0.12646410203474917,11083.756437149466,1506.0539044426014,2238.226623084122,0.0,0.0,0.0,0.0
ringCFRP,"nTOF 5 ns + veto, per-arm coinc (strict)",14.0,oracle: IPC only,MM occ + DREAM,False,13545084316.226381,0.007429777973230651,0.9552157165310303,157.32868275927478,0.1571384291526508,12810.077248866643,1740.6252984957014,2586.8356188410958,0.0,0.0,0.0,0.0
ringCFRP,"nTOF 5 ns + veto, per-arm coinc (strict)",14.0,oracle: IPC only,MM occ + DREAM,False,16830493696.995401,0.006976679742110435,0.9409060135190672,210.7564041547099,0.1952529256861989,14528.000466321399,1974.0556326835333,2933.748824984271,0.0,0.0,0.0,0.0
ringCFRP,"nTOF 5 ns + veto, per-arm coinc (strict)",14.0,oracle: IPC only,MM occ + DREAM,False,20912791051.82548,0.006630706070629899,0.9216051516744985,285.44758061068666,0.24261223174113059,16083.622338124369,2185.4325613584206,3247.8872949754814,0.0,0.0,0.0,0.0
ringCFRP,"nTOF 5 ns + veto, per-arm coinc (strict)",14.0,oracle: IPC only,MM occ + DREAM,False,25985264452.18819,0.006399833407042083,0.8956232668778483,391.0768139370662,0.30145870943316944,17264.980098169166,2345.9547162025774,3486.447787071544,0.0,0.0,0.0,0.0
ringCFRP,"nTOF 5 ns + veto, per-arm coinc (strict)",14.0,oracle: IPC only,MM occ + DREAM,True,32288084693.086143,0.006300119190882062,0.860916780907967,542.1223305997158,0.3745786139508375,17815.822965092288,2420.8029010366795,3597.6836462204305,0.0,0.0,0.0,0.0
ringCFRP,"nTOF 5 ns + veto, per-arm coinc (strict)",14.0,oracle: IPC only,MM occ + DREAM,False,40119676867.86863,0.006360326492225973,0.8152686509392165,760.3675858191277,0.46543401679504554,17480.12769293477,2375.1888370501038,3529.894165312307,0.0,0.0,0.0,0.0
ringCFRP,"nTOF 5 ns + veto, per-arm coinc (strict)",14.0,oracle: IPC only,MM occ + DREAM,False,49850850159.80715,0.006630228228974166,0.7567367507559052,1078.7365983222912,0.5783267274794381,16085.9407203603,2185.747581689138,3248.3554634048724,0.0,0.0,0.0,0.0
ringCFRP,"nTOF 5 ns + veto, per-arm coinc (strict)",14.0,oracle: IPC only,MM occ + DREAM,False,61942354865.91934,0.007196115802627896,0.6844344867044478,1547.18193787582,0.7186019750343164,13655.485112706476,1855.498791196693,2757.555211872647,0.0,0.0,0.0,0.0
ringCFRP,"nTOF 5 ns + veto, per-arm coinc (strict)",14.0,oracle: IPC only,MM occ + DREAM,False,76966697940.67009,0.008211199966701128,0.5995072083756415,2241.7337499660734,0.8929014931988943,10487.939248641633,1425.0946368716677,2117.9087596078352,0.0,0.0,0.0,0.0
ringCFRP,"nTOF 5 ns + veto, per-arm coinc (strict)",14.0,oracle: IPC only,MM occ + DREAM,False,95635249979.00362,0.009958734608380659,0.5058248517132627,3278.419122977498,1.1094779923458207,7130.091486290864,968.8323794241544,1439.8332081849628,0.0,0.0,0.0,0.0
ringCFRP,"nTOF 5 ns + veto, per-arm coinc (strict)",14.0,oracle: IPC only,MM occ + DREAM,False,118831927096.53207,0.012992097082261782,0.4097122877520586,4834.6884103043685,1.378585907712801,4189.333223871019,569.2439828138904,845.9836886356601,0.0,0.0,0.0,0.0
ringCFRP,"nTOF 5 ns + veto, per-arm coinc (strict)",14.0,oracle: IPC only,MM occ + DREAM,False,147655042472.05704,0.018470163166657998,0.3184348253854804,7182.416231231319,1.7129669250365407,2072.8217457939086,281.6537246346518,418.58054556247646,0.0,0.0,0.0,0.0
ringCFRP,"nTOF 5 ns + veto, per-arm coinc (strict)",14.0,oracle: IPC only,MM occ + DREAM,False,183469309133.68265,0.029033486764018575,0.2380868144633538,10738.75368497896,2.1284532721920293,838.8900233301814,113.98785260200921,169.40339628575975,0.0,0.0,0.0,0.0
ringCFRP,"nTOF 5 ns + veto, per-arm coinc (strict)",14.0,oracle: IPC only,MM occ + DREAM,False,227970456209.51935,0.05133905218308005,0.17208545808722064,16144.517664124667,2.6447173414094474,268.2920026356908,36.45534980775199,54.17822977840492,0.0,0.0,0.0,0.0
ringCFRP,"nTOF 5 ns + veto, per-arm coinc (strict)",14.0,oracle: IPC only,MM occ + DREAM,False,283265518084.60077,0.10433343205735504,0.12096652804534391,24385.065845817928,3.2862031350814687,64.96155807005387,8.826935951259577,13.118177900597528,0.0,0.0,0.0,0.0
ringCFRP,"nTOF 5 ns + veto, per-arm coinc (strict)",14.0,oracle: IPC only,MM occ + DREAM,False,351972597984.32916,0.25043875988940084,0.08320114418426024,36976.729800208705,4.083283637133069,11.274578922547237,1.5319827446168142,2.2767608483282675,0.0,0.0,0.0,0.0
ringCFRP,"nTOF 5 ns + veto, per-arm coinc (strict)",14.0,oracle: IPC only,MM occ + DREAM,False,437344829577.31195,0.7353746520296176,0.05629420731820741,56254.419644260466,5.073698909019326,1.3076337116560413,0.1776804523076326,0.26406034842674425,0.0,0.0,0.0,0.0
ringCFRP,"nTOF 5 ns + veto, per-arm coinc (strict)",14.0,oracle: IPC only,MM occ + DREAM,False,543424405915.04004,2.7622629558576075,0.0376322093065797,85815.3740087812,6.304343001128845,0.09267730190656973,0.012592933919205794,0.01871502731579665,0.0,0.0,0.0,0.0
ringCFRP,"nTOF 5 ns + veto, per-arm coinc (strict)",14.0,oracle: IPC only,MM occ + DREAM,False,675233968650.1552,14.045928049661399,0.024938422400846386,131203.9175607449,7.833484286036265,0.0035842850549780082,0.00048703041539166015,0.0007238017435934863,0.0,0.0,0.0,0.0
ringCFRP,"nTOF 5 ns + veto, per-arm coinc (strict)",14.0,oracle: IPC only,MM occ + DREAM,False,839014419404.4929,103.81784806487123,0.016423453705986232,200968.23094068162,9.733524341646621,6.560838917897048e-05,8.914826958484681e-06,1.3248797390192569e-05,0.0,0.0,0.0,0.0
ringCFRP,"nTOF 5 ns + veto, per-arm coinc (strict)",14.0,oracle: IPC only,MM occ + DREAM,False,1042520413147.9036,1219.3066069049246,0.010767643641064065,308291.3751876331,12.09442601146346,4.7563911909210104e-07,6.462954653291956e-08,9.604939853821002e-08,0.0,0.0,0.0,0.0
ringCFRP,"nTOF 5 ns + veto, per-arm coinc (strict)",14.0,oracle: IPC only,MM occ + DREAM,False,1295387524568.9966,25429.895148672123,0.00703701934402749,473508.7934555755,15.027972953321772,1.0934886540704965e-09,1.485825555861904e-10,2.2081642008821097e-10,0.0,0.0,0.0,0.0
ringCFRP,"nTOF 5 ns + veto, per-arm coinc (strict)",14.0,oracle: IPC only,MM occ + DREAM,False,1609588471982.2002,1081668.9269914124,0.0045883703162878904,727994.3099410735,18.67306235713145,6.043864405357655e-13,8.212365218620339e-14,1.2204831723874492e-13,0.0,0.0,0.0,0.0
ringCFRP,"nTOF 5 ns + veto, per-arm coinc (strict)",14.0,oracle: IPC only,MM occ + DREAM,False,2000000000000.0002,111475219.70782861,0.0029867925165031565,1120158.7943658223,23.20228143052698,5.690451763328749e-17,7.732150327193244e-18,1.149115889209668e-17,0.0,0.0,0.0,0.0
ringCFRP,"nTOF 5 ns + veto, per-arm coinc (strict)",14.0,oracle: IPC only,"MM occ ÷10, DAQ 10 µs",False,1000000000.0,0.022866231726630628,0.9999184920083534,8.151463574098505,0.001160114071526349,1352.4282054805515,183.76710016068515,273.10603877677335,0.0,0.0,0.0,0.0
ringCFRP,"nTOF 5 ns + veto, per-arm coinc (strict)",14.0,oracle: IPC only,"MM occ ÷10, DAQ 10 µs",False,1242553630.827767,0.020519355166351692,0.9998978919879687,10.211843914211238,0.0014415039517494486,1679.484510822724,228.20730673020344,339.1509878890477,0.0,0.0,0.0,0.0
ringCFRP,"nTOF 5 ns + veto, per-arm coinc (strict)",14.0,oracle: IPC only,"MM occ ÷10, DAQ 10 µs",False,1543939525.4832668,0.01841465733534381,0.9998718440264146,12.817239964411407,0.0017911459690988518,2085.336460637639,283.3542162739496,421.10773642077254,0.0,0.0,0.0,0.0
ringCFRP,"nTOF 5 ns + veto, per-arm coinc (strict)",14.0,oracle: IPC only,"MM occ ÷10, DAQ 10 µs",False,1918427663.1677406,0.016527300736434533,0.9998387813197873,16.124467586654827,0.0022255949272463067,2588.8063235451195,351.7653869001422,522.7772071881982,0.0,0.0,0.0,0.0
ringCFRP,"nTOF 5 ns + veto, per-arm coinc (strict)",14.0,oracle: IPC only,"MM occ ÷10, DAQ 10 µs",False,2383749258.3495045,0.014835013913406997,0.9997966236616869,20.341770866186813,0.0027654210576017585,3213.124135033649,436.59730132708665,648.8504166513446,0.0,0.0,0.0,0.0
ringCFRP,"nTOF 5 ns + veto, per-arm coinc (strict)",14.0,oracle: IPC only,"MM occ ÷10, DAQ 10 µs",False,2961936295.9451733,0.01331782896893104,0.9997425804755361,25.748580633786652,0.0034361839758906276,3986.911116625563,541.738993265336,805.1070641711397,0.0,0.0,0.0,0.0
ringCFRP,"nTOF 5 ns + veto, per-arm coinc (strict)",14.0,oracle: IPC only,"MM occ ÷10, DAQ 10 µs",False,3680364698.807223,0.011957846414102368,0.9996728667734354,32.7240277732571,0.004269642875435092,4945.355061756518,671.9717581171302,998.6528865545833,0.0,0.0,0.0,0.0
ringCFRP,"nTOF 5 ns + veto, per-arm coinc (strict)",14.0,oracle: IPC only,"MM occ ÷10, DAQ 10 µs",False,4573050519.273255,0.010739024631918608,0.9995822896542268,41.78849006195182,0.00530526025720978,6131.598978692336,833.1578409089258,1238.2000772036206,0.0,0.0,0.0,0.0
ringCFRP,"nTOF 5 ns + veto, per-arm coinc (strict)",14.0,oracle: IPC only,"MM occ ÷10, DAQ 10 µs",False,5682260526.681813,0.00964699155107067,0.9994636412207257,53.66466143971506,0.006592070395082295,7598.355764507211,1032.459837183421,1534.393349422841,0.0,0.0,0.0,0.0
ringCFRP,"nTOF 5 ns + veto, per-arm coinc (strict)",14.0,oracle: IPC only,"MM occ ÷10, DAQ 10 µs",False,7060513448.737786,0.008668876422165829,0.9993068006936027,69.36801650065601,0.008191001004081737,9409.743740841406,1278.5901044522768,1900.1806000138836,0.0,0.0,0.0,0.0
ringCFRP,"nTOF 5 ns + veto, per-arm coinc (strict)",14.0,oracle: IPC only,"MM occ ÷10, DAQ 10 µs",False,8773066621.237415,0.007793159873995616,0.9990973981041329,90.34173220546873,0.01017775803773565,11643.304321232254,1582.0849215733067,2351.2203520735848,0.0,0.0,0.0,0.0
ringCFRP,"nTOF 5 ns + veto, per-arm coinc (strict)",14.0,oracle: IPC only,"MM occ ÷10, DAQ 10 µs",False,10901005783.71244,0.0070095407129480165,0.998814815362127,118.6590967258885,0.012646410203474918,14392.104214226001,1955.5901347967877,2906.306268740632,0.0,0.0,0.0,0.0
ringCFRP,"nTOF 5 ns + veto, per-arm coinc (strict)",14.0,oracle: IPC only,"MM occ ÷10, DAQ 10 µs",False,13545084316.226381,0.006308818227879782,0.9984291845157172,157.32868275927478,0.01571384291526508,17766.7254483847,2414.131561120904,3587.7690139704914,0.0,0.0,0.0,0.0
ringCFRP,"nTOF 5 ns + veto, per-arm coinc (strict)",14.0,oracle: IPC only,"MM occ ÷10, DAQ 10 µs",False,16830493696.995401,0.005682789095116439,0.9978968684428973,210.7564041547099,0.01952529256861989,21896.784459233324,2975.321400877667,4421.783013232209,0.0,0.0,0.0,0.0
ringCFRP,"nTOF 5 ns + veto, per-arm coinc (strict)",14.0,oracle: IPC only,"MM occ ÷10, DAQ 10 µs",False,20912791051.82548,0.005124158372208744,0.9971536490338616,285.44758061068666,0.02426122317411306,26931.362910109554,3659.416777401005,5438.453452415449,0.0,0.0,0.0,0.0
ringCFRP,"nTOF 5 ns + veto, per-arm coinc (strict)",14.0,oracle: IPC only,"MM occ ÷10, DAQ 10 µs",False,25985264452.18819,0.004626464567682313,0.9961044663893597,391.0768139370662,0.030145870943316944,33037.32984735645,4489.091752521908,6671.477457960287,0.0,0.0,0.0,0.0
ringCFRP,"nTOF 5 ns + veto, per-arm coinc (strict)",14.0,oracle: IPC only,"MM occ ÷10, DAQ 10 µs",False,32288084693.086143,0.004184019443765465,0.99460800788731,542.1223305997158,0.03745786139508375,40393.92288533684,5488.701021371469,8157.049834633486,0.0,0.0,0.0,0.0
ringCFRP,"nTOF 5 ns + veto, per-arm coinc (strict)",14.0,oracle: IPC only,"MM occ ÷10, DAQ 10 µs",False,40119676867.86863,0.003791864154377486,0.9924537037325563,760.3675858191277,0.046543401679504555,49181.059452556015,6682.691651802025,9931.502667204404,0.0,0.0,0.0,0.0
ringCFRP,"nTOF 5 ns + veto, per-arm coinc (strict)",14.0,oracle: IPC only,"MM occ ÷10, DAQ 10 µs",False,49850850159.80715,0.0034457447073706028,0.9893277593821824,1078.7365983222912,0.05783267274794382,59557.60495268424,8092.65017567532,12026.916846118258,0.0,0.0,0.0,0.0
ringCFRP,"nTOF 5 ns + veto, per-arm coinc (strict)",14.0,oracle: IPC only,"MM occ ÷10, DAQ 10 µs",False,61942354865.91934,0.003142111833763748,0.9847639106437995,1547.18193787582,0.07186019750343164,71624.25926371843,9732.259629540758,14463.62745805367,0.0,0.0,0.0,0.0
ringCFRP,"nTOF 5 ns + veto, per-arm coinc (strict)",14.0,oracle: IPC only,"MM occ ÷10, DAQ 10 µs",False,76966697940.67009,0.002878153575238661,0.9780741809851515,2241.7337499660734,0.08929014931988943,85364.14460239117,11599.226670745751,17238.22624480305,0.0,0.0,0.0,0.0
ringCFRP,"nTOF 5 ns + veto, per-arm coinc (strict)",14.0,oracle: IPC only,"MM occ ÷10, DAQ 10 µs",False,95635249979.00362,0.00265187395705021,0.968256493943098,3278.419122977498,0.11094779923458208,100553.60923429023,13663.161641257222,20305.54952299795,0.0,0.0,0.0,0.0
ringCFRP,"nTOF 5 ns + veto, per-arm coinc (strict)",14.0,oracle: IPC only,"MM occ ÷10, DAQ 10 µs",False,118831927096.53207,0.0024622391295600734,0.9538827416419434,4834.6884103043685,0.13785859077128013,116638.77845580471,15848.804392164882,23553.749191815834,0.0,0.0,0.0,0.0
ringCFRP,"nTOF 5 ns + veto, per-arm coinc (strict)",14.0,oracle: IPC only,"MM occ ÷10, DAQ 10 µs",False,147655042472.05704,0.0023094252386649003,0.9329888569060036,7182.416231231319,0.1712966925036541,132585.36996579147,18015.617290152324,26773.96481704108,0.0,0.0,0.0,0.0
ringCFRP,"nTOF 5 ns + veto, per-arm coinc (strict)",14.0,oracle: IPC only,"MM occ ÷10, DAQ 10 µs",False,183469309133.68265,0.0021952233991298195,0.9030262367271377,10738.75368497896,0.21284532721920293,146739.1414485472,19938.822922201984,29632.142757831338,0.0,0.0,0.0,0.0
ringCFRP,"nTOF 5 ns + veto, per-arm coinc (strict)",14.0,oracle: IPC only,"MM occ ÷10, DAQ 10 µs",False,227970456209.51935,0.0021236931058006914,0.8609963002230328,16144.517664124667,0.26447173414094477,156790.55804870496,21304.603134144283,31661.901203152138,0.0,0.0,0.0,0.0
ringCFRP,"nTOF 5 ns + veto, per-arm coinc (strict)",14.0,oracle: IPC only,"MM occ ÷10, DAQ 10 µs",True,283265518084.60077,0.002102220770381814,0.8039550352769477,24385.065845817928,0.3286203135081469,160009.87091308043,21742.041356150352,32312.00135664626,0.0,0.0,0.0,0.0
ringCFRP,"nTOF 5 ns + veto, per-arm coinc (strict)",14.0,oracle: IPC only,"MM occ ÷10, DAQ 10 µs",False,351972597984.32916,0.0021432695520878786,0.7300510104589141,36976.729800208705,0.4083283637133069,153939.41494011428,20917.191588684345,31086.148348237213,0.0,0.0,0.0,0.0
ringCFRP,"nTOF 5 ns + veto, per-arm coinc (strict)",14.0,oracle: IPC only,"MM occ ÷10, DAQ 10 µs",False,437344829577.31195,0.0022673844817697533,0.6399818976491471,56254.419644260466,0.5073698909019326,137547.6200575588,18689.88473439876,27776.029444568358,0.0,0.0,0.0,0.0
ringCFRP,"nTOF 5 ns + veto, per-arm coinc (strict)",14.0,oracle: IPC only,"MM occ ÷10, DAQ 10 µs",False,543424405915.04004,0.0025086406728675676,0.5381686016748767,85815.3740087812,0.6304343001128845,112363.8216457339,15267.925929917976,22690.47488593475,0.0,0.0,0.0,0.0
ringCFRP,"nTOF 5 ns + veto, per-arm coinc (strict)",14.0,oracle: IPC only,"MM occ ÷10, DAQ 10 µs",False,675233968650.1552,0.002925145157960276,0.4325186227596109,131203.9175607449,0.7833484286036265,82643.47598143008,11229.543917202072,16688.82108829721,0.0,0.0,0.0,0.0
ringCFRP,"nTOF 5 ns + veto, per-arm coinc (strict)",14.0,oracle: IPC only,"MM occ ÷10, DAQ 10 µs",False,839014419404.4929,0.003620514371509071,0.332260982122426,200968.23094068162,0.9733524341646622,53946.449749489824,7330.20991003757,10893.81391000965,0.0,0.0,0.0,0.0
ringCFRP,"nTOF 5 ns + veto, per-arm coinc (strict)",14.0,oracle: IPC only,"MM occ ÷10, DAQ 10 µs",False,1042520413147.9036,0.004790381884357712,0.24492312617195086,308291.3751876331,1.2094426011463462,30815.06921960643,4187.132365910492,6222.719590655426,0.0,0.0,0.0,0.0
ringCFRP,"nTOF 5 ns + veto, per-arm coinc (strict)",14.0,oracle: IPC only,"MM occ ÷10, DAQ 10 µs",False,1295387524568.9966,0.006829671695578339,0.1743652427671906,473508.7934555755,1.5027972953321773,15160.159314158327,2059.952982233881,3061.405434119458,0.0,0.0,0.0,0.0
ringCFRP,"nTOF 5 ns + veto, per-arm coinc (strict)",14.0,oracle: IPC only,"MM occ ÷10, DAQ 10 µs",False,1609588471982.2002,0.010599615537433249,0.12077377682355904,727994.3099410735,1.8673062357131451,6293.948631180334,855.2178103246135,1270.984568319752,0.0,0.0,0.0,0.0
ringCFRP,"nTOF 5 ns + veto, per-arm coinc (strict)",14.0,oracle: IPC only,"MM occ ÷10, DAQ 10 µs",False,2000000000000.0002,0.01815634924188761,0.08195654570680287,1120158.7943658223,2.3202281430526983,2145.094179222238,291.47405776498675,433.175063723502,0.0,0.0,0.0,0.0
ringCFRP,"nTOF 5 ns + veto, per-arm coinc (strict)",14.0,oracle: IPC only,"no MM loss, DREAM",False,1000000000.0,0.022866511280671943,0.9975767502584543,8.151463574098505,0.0,1352.3951375188744,183.76260690669872,273.0993611135988,0.0,0.0,0.0,0.0
ringCFRP,"nTOF 5 ns + veto, per-arm coinc (strict)",14.0,oracle: IPC only,"no MM loss, DREAM",False,1242553630.827767,0.020519902911290057,0.9969661030548177,10.211843914211238,0.0,1679.3948498856491,228.19512365805429,339.1328819790569,0.0,0.0,0.0,0.0
ringCFRP,"nTOF 5 ns + veto, per-arm coinc (strict)",14.0,oracle: IPC only,"no MM loss, DREAM",False,1543939525.4832668,0.018415594715648846,0.9961949958466924,12.817239964411407,0.0,2085.1241727796696,283.32537073235244,421.06486753077485,0.0,0.0,0.0,0.0
ringCFRP,"nTOF 5 ns + veto, per-arm coinc (strict)",14.0,oracle: IPC only,"no MM loss, DREAM",False,1918427663.1677406,0.016528797865371758,0.9952178871482318,16.124467586654827,0.0,2588.337372159389,351.70166607864275,522.6825082941521,0.0,0.0,0.0,0.0
ringCFRP,"nTOF 5 ns + veto, per-arm coinc (strict)",14.0,oracle: IPC only,"no MM loss, DREAM",False,2383749258.3495045,0.014837308396163883,0.993974676873124,20.341770866186813,0.0,3212.1304389159977,436.46227851904285,648.6497520915995,0.0,0.0,0.0,0.0
ringCFRP,"nTOF 5 ns + veto, per-arm coinc (strict)",14.0,oracle: IPC only,"no MM loss, DREAM",False,2961936295.9451733,0.01332125187825216,0.992385350761288,25.748580633786652,0.0,3984.862498062658,541.4606282540806,804.6933711570395,0.0,0.0,0.0,0.0
ringCFRP,"nTOF 5 ns + veto, per-arm coinc (strict)",14.0,oracle: IPC only,"no MM loss, DREAM",False,3680364698.807223,0.011962858078156318,0.9903424181466532,32.7240277732571,0.0,4941.212361660543,671.408850614619,997.8163198455583,0.0,0.0,0.0,0.0
ringCFRP,"nTOF 5 ns + veto, per-arm coinc (strict)",14.0,oracle: IPC only,"no MM loss, DREAM",False,4573050519.273255,0.010746263838814822,0.9877001990146874,41.78849006195182,0.0,6123.340673602052,832.0357075694008,1236.5324153040253,0.0,0.0,0.0,0.0
ringCFRP,"nTOF 5 ns + veto, per-arm coinc (strict)",14.0,oracle: IPC only,"no MM loss, DREAM",False,5682260526.681813,0.009657343015286417,0.9842596516298998,53.66466143971506,0.0,7582.075519726448,1030.2476876873193,1531.1057566734642,0.0,0.0,0.0,0.0
ringCFRP,"nTOF 5 ns + veto, per-arm coinc (strict)",14.0,oracle: IPC only,"no MM loss, DREAM",False,7060513448.737786,0.00868356294998004,0.9797469945069353,69.36801650065601,0.0,9377.94121968987,1274.2687977343792,1893.7584767990506,0.0,0.0,0.0,0.0
ringCFRP,"nTOF 5 ns + veto, per-arm coinc (strict)",14.0,oracle: IPC only,"no MM loss, DREAM",False,8773066621.237415,0.00781386763123915,0.9737839480588676,90.34173220546873,0.0,11581.673577327925,1573.7105745712638,2338.774790626132,0.0,0.0,0.0,0.0
ringCFRP,"nTOF 5 ns + veto, per-arm coinc (strict)",14.0,oracle: IPC only,"no MM loss, DREAM",False,10901005783.71244,0.007038588272992892,0.9658472446361338,118.6590967258885,0.0,14273.559739621385,1939.482385601759,2882.3676879369,0.0,0.0,0.0,0.0
ringCFRP,"nTOF 5 ns + veto, per-arm coinc (strict)",14.0,oracle: IPC only,"no MM loss, DREAM",False,13545084316.226381,0.00634938238937221,0.9552157165310303,157.32868275927478,0.0,17540.438814337118,2383.383874570495,3542.073245424385,0.0,0.0,0.0,0.0
ringCFRP,"nTOF 5 ns + veto, per-arm coinc (strict)",14.0,oracle: IPC only,"no MM loss, DREAM",False,16830493696.995401,0.005739202114744799,0.9409060135190672,210.7564041547099,0.0,21468.43475318923,2917.117510264166,4335.283122920229,0.0,0.0,0.0,0.0
ringCFRP,"nTOF 5 ns + veto, per-arm coinc (strict)",14.0,oracle: IPC only,"no MM loss, DREAM",False,20912791051.82548,0.005202290779556227,0.9216051516744985,285.44758061068666,0.0,26128.48168507805,3550.3217778294224,5276.321584647515,0.0,0.0,0.0,0.0
ringCFRP,"nTOF 5 ns + veto, per-arm coinc (strict)",14.0,oracle: IPC only,"no MM loss, DREAM",False,25985264452.18819,0.004734202332417066,0.8956232668778483,391.0768139370662,0.0,31550.757461286044,4287.097224856729,6371.282671967661,0.0,0.0,0.0,0.0
ringCFRP,"nTOF 5 ns + veto, per-arm coinc (strict)",14.0,oracle: IPC only,"no MM loss, DREAM",False,32288084693.086143,0.004331829362920153,0.860916780907967,542.1223305997158,0.0,37684.32482887358,5120.522529219752,7609.880240802821,0.0,0.0,0.0,0.0
ringCFRP,"nTOF 5 ns + veto, per-arm coinc (strict)",14.0,oracle: IPC only,"no MM loss, DREAM",False,40119676867.86863,0.003993410766717578,0.8152686509392165,760.3675858191277,0.0,44342.01772388145,6025.165683006441,8954.318434697041,0.0,0.0,0.0,0.0
ringCFRP,"nTOF 5 ns + veto, per-arm coinc (strict)",14.0,oracle: IPC only,"no MM loss, DREAM",False,49850850159.80715,0.0037184707676513845,0.7567367507559052,1078.7365983222912,0.0,51141.64307283334,6949.0945300183075,10327.418120649349,0.0,0.0,0.0,0.0
ringCFRP,"nTOF 5 ns + veto, per-arm coinc (strict)",14.0,oracle: IPC only,"no MM loss, DREAM",False,61942354865.91934,0.0035076259235049933,0.6844344867044478,1547.18193787582,0.0,57474.72182702405,7809.629317026345,11606.304530152907,0.0,0.0,0.0,0.0
ringCFRP,"nTOF 5 ns + veto, per-arm coinc (strict)",14.0,oracle: IPC only,"no MM loss, DREAM",False,76966697940.67009,0.00336220691648325,0.5995072083756415,2241.7337499660734,0.0,62553.92222475796,8499.787895828613,12631.98581597438,0.0,0.0,0.0,0.0
ringCFRP,"nTOF 5 ns + veto, per-arm coinc (strict)",14.0,oracle: IPC only,"no MM loss, DREAM",False,95635249979.00362,0.003283703902418911,0.5058248517132627,3278.419122977498,0.0,65580.60850625587,8911.05213802132,13243.187429198782,0.0,0.0,0.0,0.0
ringCFRP,"nTOF 5 ns + veto, per-arm coinc (strict)",14.0,oracle: IPC only,"no MM loss, DREAM",True,118831927096.53207,0.003273158261965459,0.4097122877520586,4834.6884103043685,0.0,66003.8716442211,8968.564868940108,13328.660150413465,0.0,0.0,0.0,0.0
ringCFRP,"nTOF 5 ns + veto, per-arm coinc (strict)",14.0,oracle: IPC only,"no MM loss, DREAM",False,147655042472.05704,0.0033307240183274747,0.3184348253854804,7182.416231231319,0.0,63742.06408238915,8661.231869617102,12871.916272118066,0.0,0.0,0.0,0.0
ringCFRP,"nTOF 5 ns + veto, per-arm coinc (strict)",14.0,oracle: IPC only,"no MM loss, DREAM",False,183469309133.68265,0.003455601742040102,0.2380868144633538,10738.75368497896,0.0,59218.315804101745,8046.547778003987,11958.40162660878,0.0,0.0,0.0,0.0
ringCFRP,"nTOF 5 ns + veto, per-arm coinc (strict)",14.0,oracle: IPC only,"no MM loss, DREAM",False,227970456209.51935,0.0036463780953587717,0.17208545808722064,16144.517664124667,0.0,53183.88055132473,7226.5924835074375,10739.822554194909,0.0,0.0,0.0,0.0
ringCFRP,"nTOF 5 ns + veto, per-arm coinc (strict)",14.0,oracle: IPC only,"no MM loss, DREAM",False,283265518084.60077,0.00390160775487879,0.12096652804534391,24385.065845817928,0.0,46453.26120897153,6312.0401295877155,9380.657772171406,0.0,0.0,0.0,0.0
ringCFRP,"nTOF 5 ns + veto, per-arm coinc (strict)",14.0,oracle: IPC only,"no MM loss, DREAM",False,351972597984.32916,0.004220403679002886,0.08320114418426024,36976.729800208705,0.0,39700.450445372204,5394.472419204471,8017.011708903693,0.0,0.0,0.0,0.0
ringCFRP,"nTOF 5 ns + veto, per-arm coinc (strict)",14.0,oracle: IPC only,"no MM loss, DREAM",False,437344829577.31195,0.004602875380720479,0.05629420731820741,56254.419644260466,0.0,33376.822297821374,4535.221774726093,6740.033731753876,0.0,0.0,0.0,0.0
ringCFRP,"nTOF 5 ns + veto, per-arm coinc (strict)",14.0,oracle: IPC only,"no MM loss, DREAM",False,543424405915.04004,0.005050375177899692,0.0376322093065797,85815.3740087812,0.0,27724.01573200781,3767.1219479410324,5598.519821511132,0.0,0.0,0.0,0.0
ringCFRP,"nTOF 5 ns + veto, per-arm coinc (strict)",14.0,oracle: IPC only,"no MM loss, DREAM",False,675233968650.1552,0.005565592945959264,0.024938422400846386,131203.9175607449,0.0,22828.666331944085,3101.9449279132614,4609.964955780123,0.0,0.0,0.0,0.0
ringCFRP,"nTOF 5 ns + veto, per-arm coinc (strict)",14.0,oracle: IPC only,"no MM loss, DREAM",False,839014419404.4929,0.006152563596741038,0.016423453705986232,200968.23094068162,0.0,18680.61617268031,2538.3104621427715,3772.317868080292,0.0,0.0,0.0,0.0
ringCFRP,"nTOF 5 ns + veto, per-arm coinc (strict)",14.0,oracle: IPC only,"no MM loss, DREAM",False,1042520413147.9036,0.006816641409970888,0.010767643641064065,308291.3751876331,0.0,15218.173223890697,2067.835876066839,3073.120620934369,0.0,0.0,0.0,0.0
ringCFRP,"nTOF 5 ns + veto, per-arm coinc (strict)",14.0,oracle: IPC only,"no MM loss, DREAM",False,1295387524568.9966,0.00756447586724174,0.00703701934402749,473508.7934555755,0.0,12357.930169640005,1679.1878356722466,2495.5301452849617,0.0,0.0,0.0,0.0
ringCFRP,"nTOF 5 ns + veto, per-arm coinc (strict)",14.0,oracle: IPC only,"no MM loss, DREAM",False,1609588471982.2002,0.00840400712648118,0.0045883703162878904,727994.3099410735,0.0,10012.224895681362,1360.4548676077143,2021.844168526587,0.0,0.0,0.0,0.0
ringCFRP,"nTOF 5 ns + veto, per-arm coinc (strict)",14.0,oracle: IPC only,"no MM loss, DREAM",False,2000000000000.0002,0.009344488720433893,0.0029867925165031565,1120158.7943658223,0.0,8098.271486479843,1100.3880733584442,1635.3451056764482,0.0,0.0,0.0,0.0
ringCFRP,"nTOF 5 ns + veto, per-arm coinc (strict)",14.0,oracle: IPC only,"no MM loss, no dead time",False,1000000000.0,0.02283878884211174,1.0,8.151463574098505,0.0,1355.6802894298542,184.20899129725024,273.7627566428784,0.0,0.0,0.0,0.0
ringCFRP,"nTOF 5 ns + veto, per-arm coinc (strict)",14.0,oracle: IPC only,"no MM loss, no dead time",False,1242553630.827767,0.020488751630519123,1.0,10.211843914211238,0.0,1684.5054658727029,228.8895509675188,340.16490725202704,0.0,0.0,0.0,0.0
ringCFRP,"nTOF 5 ns + veto, per-arm coinc (strict)",14.0,oracle: IPC only,"no MM loss, no dead time",False,1543939525.4832668,0.01838052561714938,1.0,12.817239964411407,0.0,2093.0883827693465,284.40754261322775,422.67314058619684,0.0,0.0,0.0,0.0
ringCFRP,"nTOF 5 ns + veto, per-arm coinc (strict)",14.0,oracle: IPC only,"no MM loss, no dead time",False,1918427663.1677406,0.016489229214895006,1.0,16.124467586654827,0.0,2600.7745696534803,353.3916247088704,525.1940454887562,0.0,0.0,0.0,0.0
ringCFRP,"nTOF 5 ns + veto, per-arm coinc (strict)",14.0,oracle: IPC only,"no MM loss, no dead time",False,2383749258.3495045,0.014792541071168525,1.0,20.341770866186813,0.0,3231.6018844874566,439.1080463861305,652.5817681111774,0.0,0.0,0.0,0.0
ringCFRP,"nTOF 5 ns + veto, per-arm coinc (strict)",14.0,oracle: IPC only,"no MM loss, no dead time",False,2961936295.9451733,0.013270436628083552,1.0,25.748580633786652,0.0,4015.4386549597407,545.615297362774,810.867845378547,0.0,0.0,0.0,0.0
ringCFRP,"nTOF 5 ns + veto, per-arm coinc (strict)",14.0,oracle: IPC only,"no MM loss, no dead time",False,3680364698.807223,0.011904951789738048,1.0,32.7240277732571,0.0,4989.397880086393,677.9562687732865,1007.5467853966023,0.0,0.0,0.0,0.0
ringCFRP,"nTOF 5 ns + veto, per-arm coinc (strict)",14.0,oracle: IPC only,"no MM loss, no dead time",False,4573050519.273255,0.01067997090736681,1.0,41.78849006195182,0.0,6199.594451545711,842.3970233066927,1251.9309164233935,0.0,0.0,0.0,0.0
ringCFRP,"nTOF 5 ns + veto, per-arm coinc (strict)",14.0,oracle: IPC only,"no MM loss, no dead time",False,5682260526.681813,0.009581036580133085,1.0,53.66466143971506,0.0,7703.328595427835,1046.7234799082385,1555.5913057474274,0.0,0.0,0.0,0.0
ringCFRP,"nTOF 5 ns + veto, per-arm coinc (strict)",14.0,oracle: IPC only,"no MM loss, no dead time",False,7060513448.737786,0.008595179026801425,1.0,69.36801650065601,0.0,9571.798915708217,1300.6100604326568,1932.905625040573,0.0,0.0,0.0,0.0
ringCFRP,"nTOF 5 ns + veto, per-arm coinc (strict)",14.0,oracle: IPC only,"no MM loss, no dead time",False,8773066621.237415,0.007710763014510991,1.0,90.34173220546873,0.0,11893.473496266528,1616.077752881719,2401.7389024415784,0.0,0.0,0.0,0.0
ringCFRP,"nTOF 5 ns + veto, per-arm coinc (strict)",14.0,oracle: IPC only,"no MM loss, no dead time",False,10901005783.71244,0.006917350538081381,1.0,118.6590967258885,0.0,14778.278675939793,2008.063279543159,2984.289393529079,0.0,0.0,0.0,0.0
ringCFRP,"nTOF 5 ns + veto, per-arm coinc (strict)",14.0,oracle: IPC only,"no MM loss, no dead time",False,13545084316.226381,0.006205577629171805,1.0,157.32868275927478,0.0,18362.803826173556,2495.1263189282663,3708.1396213703524,0.0,0.0,0.0,0.0
ringCFRP,"nTOF 5 ns + veto, per-arm coinc (strict)",14.0,oracle: IPC only,"no MM loss, no dead time",False,16830493696.995401,0.00556704384137782,1.0,210.7564041547099,0.0,22816.768566390056,3100.3282669582495,4607.56235015005,0.0,0.0,0.0,0.0
ringCFRP,"nTOF 5 ns + veto, per-arm coinc (strict)",14.0,oracle: IPC only,"no MM loss, no dead time",False,20912791051.82548,0.004994213106952774,1.0,285.44758061068666,0.0,28351.058625924838,3852.3241448669323,5725.143327444267,0.0,0.0,0.0,0.0
ringCFRP,"nTOF 5 ns + veto, per-arm coinc (strict)",14.0,oracle: IPC only,"no MM loss, no dead time",False,25985264452.18819,0.004480324795050616,1.0,391.0768139370662,0.0,35227.710833453784,4786.7193533298805,7113.797628525237,0.0,0.0,0.0,0.0
ringCFRP,"nTOF 5 ns + veto, per-arm coinc (strict)",14.0,oracle: IPC only,"no MM loss, no dead time",False,32288084693.086143,0.004019313921786795,1.0,542.1223305997158,0.0,43772.32000185866,5947.7555122335825,8839.275072297989,0.0,0.0,0.0,0.0
ringCFRP,"nTOF 5 ns + veto, per-arm coinc (strict)",14.0,oracle: IPC only,"no MM loss, no dead time",False,40119676867.86863,0.003605739570424743,1.0,760.3675858191277,0.0,54389.45514806437,7390.405207001702,10983.27333496924,0.0,0.0,0.0,0.0
ringCFRP,"nTOF 5 ns + veto, per-arm coinc (strict)",14.0,oracle: IPC only,"no MM loss, no dead time",False,49850850159.80715,0.00323472067689279,1.0,1078.7365983222912,0.0,67581.81497297165,9182.97482324844,13647.306160739883,0.0,0.0,0.0,0.0
ringCFRP,"nTOF 5 ns + veto, per-arm coinc (strict)",14.0,oracle: IPC only,"no MM loss, no dead time",False,61942354865.91934,0.002901878422762851,1.0,1547.18193787582,0.0,83974.02957259624,11410.33870842732,16957.509821045493,0.0,0.0,0.0,0.0
ringCFRP,"nTOF 5 ns + veto, per-arm coinc (strict)",14.0,oracle: IPC only,"no MM loss, no dead time",False,76966697940.67009,0.0026032845558045443,1.0,2241.7337499660734,0.0,104342.23534066777,14177.957791130984,21070.6153979376,0.0,0.0,0.0,0.0
ringCFRP,"nTOF 5 ns + veto, per-arm coinc (strict)",14.0,oracle: IPC only,"no MM loss, no dead time",False,95635249979.00362,0.002335415028186488,1.0,3278.419122977498,0.0,129650.82337123205,17616.87293109262,26181.369666482817,0.0,0.0,0.0,0.0
ringCFRP,"nTOF 5 ns + veto, per-arm coinc (strict)",14.0,oracle: IPC only,"no MM loss, no dead time",False,118831927096.53207,0.002095108405156149,1.0,4834.6884103043685,0.0,161098.10131973392,21889.909424360547,32531.75593913219,0.0,0.0,0.0,0.0
ringCFRP,"nTOF 5 ns + veto, per-arm coinc (strict)",14.0,oracle: IPC only,"no MM loss, no dead time",False,147655042472.05704,0.001879528553331475,1.0,7182.416231231319,0.0,200173.03071429566,27199.386433730262,40422.45145937163,0.0,0.0,0.0,0.0
ringCFRP,"nTOF 5 ns + veto, per-arm coinc (strict)",14.0,oracle: IPC only,"no MM loss, no dead time",False,183469309133.68265,0.0016861311682461716,1.0,10738.75368497896,0.0,248725.72610784622,33796.69636951905,50227.063827801394,0.0,0.0,0.0,0.0
ringCFRP,"nTOF 5 ns + veto, per-arm coinc (strict)",14.0,oracle: IPC only,"no MM loss, no dead time",False,227970456209.51935,0.001512633746101861,1.0,16144.517664124667,0.0,309055.054055577,41994.207783929516,62409.82052505263,0.0,0.0,0.0,0.0
ringCFRP,"nTOF 5 ns + veto, per-arm coinc (strict)",14.0,oracle: IPC only,"no MM loss, no dead time",False,283265518084.60077,0.0013569886453294584,1.0,24385.065845817928,0.0,384017.4795424291,52180.0553556573,77547.54909271344,0.0,0.0,0.0,0.0
ringCFRP,"nTOF 5 ns + veto, per-arm coinc (strict)",14.0,oracle: IPC only,"no MM loss, no dead time",False,351972597984.32916,0.0012173589200284033,1.0,36976.729800208705,0.0,477162.31350677303,64836.51723896585,96356.9886869456,0.0,0.0,0.0,0.0
ringCFRP,"nTOF 5 ns + veto, per-arm coinc (strict)",14.0,oracle: IPC only,"no MM loss, no dead time",False,437344829577.31195,0.0010920966400665172,1.0,56254.419644260466,0.0,592899.7651420204,80562.84990550444,119728.72614859478,0.0,0.0,0.0,0.0
ringCFRP,"nTOF 5 ns + veto, per-arm coinc (strict)",14.0,oracle: IPC only,"no MM loss, no dead time",False,543424405915.04004,0.0009797234419712069,1.0,85815.3740087812,0.0,736709.7558941478,100103.66165991696,148769.36339031986,0.0,0.0,0.0,0.0
ringCFRP,"nTOF 5 ns + veto, per-arm coinc (strict)",14.0,oracle: IPC only,"no MM loss, no dead time",False,675233968650.1552,0.0008789130810707798,1.0,131203.9175607449,0.0,915401.3820525111,124384.16825468413,184853.91263657744,0.0,0.0,0.0,0.0
ringCFRP,"nTOF 5 ns + veto, per-arm coinc (strict)",14.0,oracle: IPC only,"no MM loss, no dead time",False,839014419404.4929,0.0007884757789637888,1.0,200968.23094068162,0.0,1137435.3109341038,154553.9998823497,229690.90031929815,0.0,0.0,0.0,0.0
ringCFRP,"nTOF 5 ns + veto, per-arm coinc (strict)",14.0,oracle: IPC only,"no MM loss, no dead time",False,1042520413147.9036,0.0007073441815829419,1.0,308291.3751876331,0.0,1413324.3754328806,192041.6337127678,285403.26215984265,0.0,0.0,0.0,0.0
ringCFRP,"nTOF 5 ns + veto, per-arm coinc (strict)",14.0,oracle: IPC only,"no MM loss, no dead time",False,1295387524568.9966,0.0006345607621286483,1.0,473508.7934555755,0.0,1756131.3342315194,238622.02923989674,354628.859646803,0.0,0.0,0.0,0.0
ringCFRP,"nTOF 5 ns + veto, per-arm coinc (strict)",14.0,oracle: IPC only,"no MM loss, no dead time",False,1609588471982.2002,0.0005692665201997924,1.0,727994.3099410735,0.0,2182087.365559786,296500.6688275234,440645.37715044565,0.0,0.0,0.0,0.0
ringCFRP,"nTOF 5 ns + veto, per-arm coinc (strict)",14.0,oracle: IPC only,"no MM loss, no dead time",True,2000000000000.0002,0.0005106908437472553,1.0,1120158.7943658223,0.0,2711360.5788597083,368417.9825945004,547525.5132857569,0.0,0.0,0.0,0.0
ringCFRP,"nTOF 5 ns, no veto, strict",14.0,as is,MM occ + DREAM,False,1000000000.0,0.07125090603884998,0.9975767502584543,8.151463574098505,0.011601140715263488,1321.377713924616,179.54797875470226,266.8357785762329,1.4966964295227103,0.0,11.841933866041595,10547.88145695425
ringCFRP,"nTOF 5 ns, no veto, strict",14.0,as is,MM occ + DREAM,False,1242553630.827767,0.05912940015144175,0.9969661030548177,10.211843914211238,0.014415039517494486,1631.6690387426179,221.71017023795386,329.49524859056197,1.8481568129339212,0.0,18.2720380304768,10541.424776489002
ringCFRP,"nTOF 5 ns, no veto, strict",14.0,as is,MM occ + DREAM,False,1543939525.4832668,0.049307977954880976,0.9961949958466924,12.817239964411407,0.017911459690988518,2011.7510045502038,273.3554704444921,406.24806968047346,2.278667570876552,0.0,28.189101882136686,10533.271471573065
ringCFRP,"nTOF 5 ns, no veto, strict",14.0,as is,MM occ + DREAM,False,1918427663.1677406,0.041344309846346045,0.9952178871482318,16.124467586654827,0.022255949272463067,2475.6520844481024,336.39005954044757,499.9271173384338,2.804118456431993,0.0,43.47958016689276,10522.940009137466
ringCFRP,"nTOF 5 ns, no veto, strict",14.0,as is,MM occ + DREAM,False,2383749258.3495045,0.03488384396969071,0.993974676873124,20.341770866186813,0.027654210576017583,3039.296225910653,412.97767356638235,613.7480345085811,3.4425461861859703,0.0,67.0459848451294,10509.794920697399
ringCFRP,"nTOF 5 ns, no veto, strict",14.0,as is,MM occ + DREAM,False,2961936295.9451733,0.029642777668552313,0.992385350761288,25.748580633786652,0.034361839758906276,3720.2063130758243,505.499311078402,751.2493494879967,4.213798558272102,0.0,103.34942973149552,10492.990175178073
ringCFRP,"nTOF 5 ns, no veto, strict",14.0,as is,MM occ + DREAM,False,3680364698.807223,0.025394466337371684,0.9903424181466532,32.7240277732571,0.042696428754350924,4536.781595164014,616.4550505728474,916.1465615916812,5.138716010911701,0.0,159.23678712735145,10471.389219624398
ringCFRP,"nTOF 5 ns, no veto, strict",14.0,as is,MM occ + DREAM,False,4573050519.273255,0.021958677811009984,0.9877001990146874,41.78849006195182,0.053052602572097804,5506.904145282228,748.2746969786738,1112.0507328572194,6.237553187943302,0.0,245.19604008674037,10443.451705864127
ringCFRP,"nTOF 5 ns, no veto, strict",14.0,as is,MM occ + DREAM,False,5682260526.681813,0.01919323073873623,0.9842596516298998,53.66466143971506,0.06592070395082295,6645.5374518851695,902.9914797645266,1341.9835534871581,7.527258914451027,0.0,377.2491573762968,10407.073065371182
ringCFRP,"nTOF 5 ns, no veto, strict",14.0,as is,MM occ + DREAM,False,7060513448.737786,0.01698767625069727,0.9797469945069353,69.36801650065601,0.08191001004081737,7960.885462459126,1081.7201461926375,1607.6017085396986,9.017125627246328,0.0,579.7794549056459,10359.358468597971
ringCFRP,"nTOF 5 ns, no veto, strict",14.0,as is,MM occ + DREAM,False,8773066621.237415,0.015258822203204035,0.9737839480588676,90.34173220546873,0.10177758037735649,9448.621180482765,1283.8727466772855,1908.0314149371509,10.702252229409092,0.0,889.6962877779276,10296.308174933614
ringCFRP,"nTOF 5 ns, no veto, strict",14.0,as is,MM occ + DREAM,False,10901005783.71244,0.01394809025222175,0.9658472446361338,118.6590967258885,0.12646410203474917,11083.756437149466,1506.0539044426014,2238.226623084122,12.554335153655662,0.0,1362.4416068593348,10212.389411950908
ringCFRP,"nTOF 5 ns, no veto, strict",14.0,as is,MM occ + DREAM,False,13545084316.226381,0.013020987067603376,0.9552157165310303,157.32868275927478,0.1571384291526508,12810.077248866643,1740.6252984957014,2586.8356188410958,14.509702016498977,0.0,2080.3729467948724,10099.976910226249
ringCFRP,"nTOF 5 ns, no veto, strict",14.0,as is,MM occ + DREAM,False,16830493696.995401,0.012469465068587877,0.9409060135190672,210.7564041547099,0.1952529256861989,14528.000466321399,1974.0556326835333,2933.748824984271,16.455557102946564,0.0,3163.8527874322517,9948.673212525493
ringCFRP,"nTOF 5 ns, no veto, strict",14.0,as is,MM occ + DREAM,True,20912791051.82548,0.012318880916255298,0.9216051516744985,285.44758061068666,0.24261223174113059,16083.622338124369,2185.4325613584206,3247.8872949754814,18.21757690748806,0.0,4784.595228022569,9744.595478455589
ringCFRP,"nTOF 5 ns, no veto, strict",14.0,as is,MM occ + DREAM,False,25985264452.18819,0.012643183882607375,0.8956232668778483,391.0768139370662,0.30145870943316944,17264.980098169166,2345.9547162025774,3486.447787071544,19.55567571361706,0.0,7178.867899876709,9469.875923501744
ringCFRP,"nTOF 5 ns, no veto, strict",14.0,as is,MM occ + DREAM,False,32288084693.086143,0.013596221728600791,0.860916780907967,542.1223305997158,0.3745786139508375,17815.822965092288,2420.8029010366795,3597.6836462204305,20.179603711996275,0.0,10654.229635596019,9102.906765787402
ringCFRP,"nTOF 5 ns, no veto, strict",14.0,as is,MM occ + DREAM,False,40119676867.86863,0.015477076551433813,0.8152686509392165,760.3675858191277,0.46543401679504554,17480.12769293477,2375.1888370501038,3529.894165312307,19.799368817801227,0.0,15577.290116105713,8620.246094799155
ringCFRP,"nTOF 5 ns, no veto, strict",14.0,as is,MM occ + DREAM,False,49850850159.80715,0.018872548806279147,0.7567367507559052,1078.7365983222912,0.5783267274794381,16085.9407203603,2185.747581689138,3248.3554634048724,18.220202889732363,0.0,22323.705101403237,8001.358831815235
ringCFRP,"nTOF 5 ns, no veto, strict",14.0,as is,MM occ + DREAM,False,61942354865.91934,0.024988027082579675,0.6844344867044478,1547.18193787582,0.7186019750343164,13655.485112706476,1855.498791196693,2757.555211872647,15.467277521190502,0.0,31173.3604101021,7236.870575561676
ringCFRP,"nTOF 5 ns, no veto, strict",14.0,as is,MM occ + DREAM,False,76966697940.67009,0.03647784779840358,0.5995072083756415,2241.7337499660734,0.8929014931988943,10487.939248641633,1425.0946368716677,2117.9087596078352,11.879465697866728,0.0,42157.65361623678,6338.891684171194
ringCFRP,"nTOF 5 ns, no veto, strict",14.0,as is,MM occ + DREAM,False,95635249979.00362,0.05973097979607521,0.5058248517132627,3278.419122977498,1.1094779923458207,7130.091486290864,968.8323794241544,1439.8332081849628,8.076102962268228,0.0,54917.71642200595,5348.34093965267
ringCFRP,"nTOF 5 ns, no veto, strict",14.0,as is,MM occ + DREAM,False,118831927096.53207,0.11188923889286617,0.4097122877520586,4834.6884103043685,1.378585907712801,4189.333223871019,569.2439828138904,845.9836886356601,4.745168631326204,0.0,68678.62346033829,4332.094389275407
ringCFRP,"nTOF 5 ns, no veto, strict",14.0,as is,MM occ + DREAM,False,147655042472.05704,0.24537639364244615,0.3184348253854804,7182.416231231319,1.7129669250365407,2072.8217457939086,281.6537246346518,418.58054556247646,2.3478411004468955,0.0,82412.56593113195,3366.97180348456
ringCFRP,"nTOF 5 ns, no veto, strict",14.0,as is,MM occ + DREAM,False,183469309133.68265,0.6479415762206684,0.2380868144633538,10738.75368497896,2.1284532721920293,838.8900233301814,113.98785260200921,169.40339628575975,0.9501928853873003,0.0,95134.602524531,2517.411812948409
ringCFRP,"nTOF 5 ns, no veto, strict",14.0,as is,MM occ + DREAM,False,227970456209.51935,2.133913356065169,0.17208545808722064,16144.517664124667,2.6447173414094474,268.2920026356908,36.45534980775199,54.17822977840492,0.30388864454334535,0.0,106164.08509447363,1819.5462272946954
ringCFRP,"nTOF 5 ns, no veto, strict",14.0,as is,MM occ + DREAM,False,283265518084.60077,9.166291124053226,0.12096652804534391,24385.065845817928,3.2862031350814687,64.96155807005387,8.826935951259577,13.118177900597528,0.07358057502794285,0.0,115220.28640960516,1279.0400315073966
ringCFRP,"nTOF 5 ns, no veto, strict",14.0,as is,MM occ + DREAM,False,351972597984.32916,54.37269451316068,0.08320114418426024,36976.729800208705,4.083283637133069,11.274578922547237,1.5319827446168142,2.2767608483282675,0.012770475723878558,0.0,122355.45007014992,879.7276056315127
ringCFRP,"nTOF 5 ns, no veto, strict",14.0,as is,MM occ + DREAM,False,437344829577.31195,478.872230490723,0.05629420731820741,56254.419644260466,5.073698909019326,1.3076337116560413,0.1776804523076326,0.26406034842674425,0.0014811288905019172,0.0,127816.82158340033,595.2270092018679
ringCFRP,"nTOF 5 ns, no veto, strict",14.0,as is,MM occ + DREAM,False,543424405915.04004,6861.6802758386875,0.0376322093065797,85815.3740087812,6.304343001128845,0.09267730190656973,0.012592933919205794,0.01871502731579665,0.00010497360852967626,0.0,131921.11296197475,397.9043042314821
ringCFRP,"nTOF 5 ns, no veto, strict",14.0,as is,MM occ + DREAM,False,675233968650.1552,179417.26265000697,0.024938422400846386,131203.9175607449,7.833484286036265,0.0035842850549780082,0.00048703041539166015,0.0007238017435934863,4.059843440407262e-06,0.0,134975.1606792877,263.6865014540778
ringCFRP,"nTOF 5 ns, no veto, strict",14.0,as is,MM occ + DREAM,False,839014419404.4929,9882139.43690139,0.016423453705986232,200968.23094068162,9.733524341646621,6.560838917897048e-05,8.914826958484681e-06,1.3248797390192569e-05,7.431322686626116e-08,0.0,137239.66605581014,173.65344847866322
ringCFRP,"nTOF 5 ns, no veto, strict",14.0,as is,MM occ + DREAM,False,1042520413147.9036,1371295575.6525273,0.010767643641064065,308291.3751876331,12.09442601146346,4.7563911909210104e-07,6.462954653291956e-08,9.604939853821002e-08,5.387463128707555e-10,0.0,138920.43080530656,113.85171984736567
ringCFRP,"nTOF 5 ns, no veto, strict",14.0,as is,MM occ + DREAM,False,1295387524568.9966,599120809923.6866,0.00703701934402749,473508.7934555755,15.027972953321772,1.0934886540704965e-09,1.485825555861904e-10,2.2081642008821097e-10,1.238571338856616e-12,0.0,140173.03534207807,74.40595005032483
ringCFRP,"nTOF 5 ns, no veto, strict",14.0,as is,MM occ + DREAM,False,1609588471982.2002,1087539640916651.8,0.0045883703162878904,727994.3099410735,18.67306235713145,6.043864405357655e-13,8.212365218620339e-14,1.2204831723874492e-13,6.845756652843217e-16,0.0,141112.17307109886,48.51515050272914
ringCFRP,"nTOF 5 ns, no veto, strict",14.0,as is,MM occ + DREAM,False,2000000000000.0002,1.1579485676647647e+19,0.0029867925165031565,1120158.7943658223,23.20228143052698,5.690451763328749e-17,7.732150327193244e-18,1.149115889209668e-17,6.445453670661221e-20,0.0,141821.26615462825,31.580861715583456
ringCFRP,"nTOF 5 ns, no veto, strict",14.0,as is,"MM occ ÷10, DAQ 10 µs",False,1000000000.0,0.06984823419726302,0.9999184920083534,8.151463574098505,0.001160114071526349,1352.4282054805515,183.76710016068515,273.10603877677335,1.5318666608327753,0.0,11.869731978744674,10572.641872004357
ringCFRP,"nTOF 5 ns, no veto, strict",14.0,as is,"MM occ ÷10, DAQ 10 µs",False,1242553630.827767,0.0577063520651018,0.9998978919879687,10.211843914211238,0.0014415039517494486,1679.484510822724,228.20730673020344,339.1509878890477,1.9023163810756314,0.0,18.32577080907351,10572.424057612661
ringCFRP,"nTOF 5 ns, no veto, strict",14.0,as is,"MM occ ÷10, DAQ 10 µs",False,1543939525.4832668,0.04785939450820553,0.9998718440264146,12.817239964411407,0.0017911459690988518,2085.336460637639,283.3542162739496,421.10773642077254,2.362016251749754,0.0,28.293144813867386,10572.148639394869
ringCFRP,"nTOF 5 ns, no veto, strict",14.0,as is,"MM occ ÷10, DAQ 10 µs",False,1918427663.1677406,0.039863677219088685,0.9998387813197873,16.124467586654827,0.0022255949272463067,2588.8063235451195,351.7653869001422,522.7772071881982,2.9322858561521357,0.0,43.6814601181772,10571.79905074411
ringCFRP,"nTOF 5 ns, no veto, strict",14.0,as is,"MM occ ÷10, DAQ 10 µs",False,2383749258.3495045,0.033362853864253014,0.9997966236616869,20.341770866186813,0.0027654210576017585,3213.124135033649,436.59730132708665,648.8504166513446,3.6394373613542452,0.0,67.43868917174572,10571.353296590327
ringCFRP,"nTOF 5 ns, no veto, strict",14.0,as is,"MM occ ÷10, DAQ 10 µs",False,2961936295.9451733,0.02807070455560782,0.9997425804755361,25.748580633786652,0.0034361839758906276,3986.911116625563,541.738993265336,805.1070641711397,4.515889416172118,0.0,104.11562956988271,10570.781870761759
ringCFRP,"nTOF 5 ns, no veto, strict",14.0,as is,"MM occ ÷10, DAQ 10 µs",False,3680364698.807223,0.02375728625651986,0.9996728667734354,32.7240277732571,0.004269642875435092,4945.355061756518,671.9717581171302,998.6528865545833,5.601498485750385,0.0,160.7370264734214,10570.044752674867
ringCFRP,"nTOF 5 ns, no veto, strict",14.0,as is,"MM occ ÷10, DAQ 10 µs",False,4573050519.273255,0.02023782083490342,0.9995822896542268,41.78849006195182,0.00530526025720978,6131.598978692336,833.1578409089258,1238.2000772036206,6.9451317378563475,0.0,248.14576266012156,10569.087035170043
ringCFRP,"nTOF 5 ns, no veto, strict",14.0,as is,"MM occ ÷10, DAQ 10 µs",False,5682260526.681813,0.017363801944837158,0.9994636412207257,53.66466143971506,0.006592070395082295,7598.355764507211,1032.459837183421,1534.393349422841,8.606495949749338,0.0,383.0765752252343,10567.832505519771
ringCFRP,"nTOF 5 ns, no veto, strict",14.0,as is,"MM occ ÷10, DAQ 10 µs",False,7060513448.737786,0.015015880938242847,0.9993068006936027,69.36801650065601,0.008191001004081737,9409.743740841406,1278.5901044522768,1900.1806000138836,10.658216580489768,0.0,591.3542531265614,10566.174151626386
ringCFRP,"nTOF 5 ns, no veto, strict",14.0,as is,"MM occ ÷10, DAQ 10 µs",False,8773066621.237415,0.01309816448268826,0.9990973981041329,90.34173220546873,0.01017775803773565,11643.304321232254,1582.0849215733067,2351.2203520735848,13.188123139807118,0.0,912.8238845934411,10563.960032572453
ringCFRP,"nTOF 5 ns, no veto, strict",14.0,as is,"MM occ ÷10, DAQ 10 µs",False,10901005783.71244,0.011533632675662054,0.998814815362127,118.6590967258885,0.012646410203474918,14392.104214226001,1955.5901347967877,2906.306268740632,16.301630308848765,0.0,1408.946258897859,10560.972142905131
ringCFRP,"nTOF 5 ns, no veto, strict",14.0,as is,"MM occ ÷10, DAQ 10 µs",False,13545084316.226381,0.010260463512378483,0.9984291845157172,157.32868275927478,0.01571384291526508,17766.7254483847,2414.131561120904,3587.7690139704914,20.123991999175402,0.0,2174.4879494866314,10556.894673724917
ringCFRP,"nTOF 5 ns, no veto, strict",14.0,as is,"MM occ ÷10, DAQ 10 µs",False,16830493696.995401,0.009229116167344249,0.9978968684428973,210.7564041547099,0.01952529256861989,21896.784459233324,2975.321400877667,4421.783013232209,24.802021990233563,0.0,3355.4879482434044,10551.266227760956
ringCFRP,"nTOF 5 ns, no veto, strict",14.0,as is,"MM occ ÷10, DAQ 10 µs",False,20912791051.82548,0.008400069116692709,0.9971536490338616,285.44758061068666,0.02426122317411306,26931.362910109554,3659.416777401005,5438.453452415449,30.504581910968163,0.0,5176.81198081862,10543.407794591792
ringCFRP,"nTOF 5 ns, no veto, strict",14.0,as is,"MM occ ÷10, DAQ 10 µs",False,25985264452.18819,0.0077421226156219655,0.9961044663893597,391.0768139370662,0.030145870943316944,33037.32984735645,4489.091752521908,6671.477457960287,37.420680780698696,0.0,7984.274910157828,10532.314258021266
ringCFRP,"nTOF 5 ns, no veto, strict",14.0,as is,"MM occ ÷10, DAQ 10 µs",False,32288084693.086143,0.007231163792599466,0.99460800788731,542.1223305997158,0.03745786139508375,40393.92288533684,5488.701021371469,8157.049834633486,45.75333723264868,0.0,12308.718273859397,10516.491448517354
ringCFRP,"nTOF 5 ns, no veto, strict",14.0,as is,"MM occ ÷10, DAQ 10 µs",False,40119676867.86863,0.006849285172489922,0.9924537037325563,760.3675858191277,0.046543401679504555,49181.059452556015,6682.691651802025,9931.502667204404,55.70633991106051,0.0,18962.754488395356,10493.712905572484
ringCFRP,"nTOF 5 ns, no veto, strict",14.0,as is,"MM occ ÷10, DAQ 10 µs",False,49850850159.80715,0.006584196732462098,0.9893277593821824,1078.7365983222912,0.05783267274794382,59557.60495268424,8092.65017567532,12026.916846118258,67.45963227944372,0.0,29185.130928316445,10460.660721427017
ringCFRP,"nTOF 5 ns, no veto, strict",14.0,as is,"MM occ ÷10, DAQ 10 µs",False,61942354865.91934,0.006429010710567948,0.9847639106437995,1547.18193787582,0.07186019750343164,71624.25926371843,9732.259629540758,14463.62745805367,81.12727494761725,0.0,44852.21142665318,10412.404849918921
ringCFRP,"nTOF 5 ns, no veto, strict",14.0,as is,"MM occ ÷10, DAQ 10 µs",True,76966697940.67009,0.006382651798828174,0.9780741809851515,2241.7337499660734,0.08929014931988943,85364.14460239117,11599.226670745751,17238.22624480305,96.69015080948162,0.0,68778.67681470871,10341.670968640907
ringCFRP,"nTOF 5 ns, no veto, strict",14.0,as is,"MM occ ÷10, DAQ 10 µs",False,95635249979.00362,0.00645125482792111,0.968256493943098,3278.419122977498,0.11094779923458208,100553.60923429023,13663.161641257222,20305.54952299795,113.89493430276657,0.0,105124.20530155324,10237.863618405223
ringCFRP,"nTOF 5 ns, no veto, strict",14.0,as is,"MM occ ÷10, DAQ 10 µs",False,118831927096.53207,0.006651005398081441,0.9538827416419434,4834.6884103043685,0.13785859077128013,116638.77845580471,15848.804392164882,23553.749191815834,132.11426333216684,0.0,159895.99432806624,10085.882695308406
ringCFRP,"nTOF 5 ns, no veto, strict",14.0,as is,"MM occ ÷10, DAQ 10 µs",False,147655042472.05704,0.007013212282029663,0.9329888569060036,7182.416231231319,0.1712966925036541,132585.36996579147,18015.617290152324,26773.96481704108,150.17662833540766,0.0,241462.30108374127,9864.961127807097
ringCFRP,"nTOF 5 ns, no veto, strict",14.0,as is,"MM occ ÷10, DAQ 10 µs",False,183469309133.68265,0.007593297340530818,0.9030262367271377,10738.75368497896,0.21284532721920293,146739.1414485472,19938.822922201984,29632.142757831338,166.20830422889816,0.0,360830.74274355645,9548.151252572392
ringCFRP,"nTOF 5 ns, no veto, strict",14.0,as is,"MM occ ÷10, DAQ 10 µs",False,227970456209.51935,0.008487294742959865,0.8609963002230328,16144.517664124667,0.26447173414094477,156790.55804870496,21304.603134144283,31661.901203152138,177.59333000810523,0.0,531171.4627076501,9103.747563559235
ringCFRP,"nTOF 5 ns, no veto, strict",14.0,as is,"MM occ ÷10, DAQ 10 µs",False,283265518084.60077,0.009863469422335843,0.8039550352769477,24385.065845817928,0.3286203135081469,160009.87091308043,21742.041356150352,32312.00135664626,181.23977721154438,0.0,765764.967564675,8500.62153776709
ringCFRP,"nTOF 5 ns, no veto, strict",14.0,as is,"MM occ ÷10, DAQ 10 µs",False,351972597984.32916,0.012025772180020548,0.7300510104589141,36976.729800208705,0.4083283637133069,153939.41494011428,20917.191588684345,31086.148348237213,174.3639008557006,0.0,1073611.6772750649,7719.19705812634
ringCFRP,"nTOF 5 ns, no veto, strict",14.0,as is,"MM occ ÷10, DAQ 10 µs",False,437344829577.31195,0.01554809021101453,0.6399818976491471,56254.419644260466,0.5073698909019326,137547.6200575588,18689.88473439876,27776.029444568358,155.79726346227693,0.0,1453088.2647666312,6766.850960841771
ringCFRP,"nTOF 5 ns, no veto, strict",14.0,as is,"MM occ ÷10, DAQ 10 µs",False,543424405915.04004,0.021576617157879258,0.5381686016748767,85815.3740087812,0.6304343001128845,112363.8216457339,15267.925929917976,22690.47488593475,127.27211068605237,0.0,1886570.100515633,5690.3276994484295
ringCFRP,"nTOF 5 ns, no veto, strict",14.0,as is,"MM occ ÷10, DAQ 10 µs",False,675233968650.1552,0.032563035642580895,0.4325186227596109,131203.9175607449,0.7833484286036265,82643.47598143008,11229.543917202072,16688.82108829721,93.60850733389078,0.0,2340936.7948544077,4573.237256794044
ringCFRP,"nTOF 5 ns, no veto, strict",14.0,as is,"MM occ ÷10, DAQ 10 µs",False,839014419404.4929,0.0542017153628975,0.332260982122426,200968.23094068162,0.9733524341646622,53946.449749489824,7330.20991003757,10893.81391000965,61.10399613572867,0.0,2776479.725043252,3513.16272285872
ringCFRP,"nTOF 5 ns, no veto, strict",14.0,as is,"MM occ ÷10, DAQ 10 µs",False,1042520413147.9036,0.10108396134054246,0.24492312617195086,308291.3751876331,1.2094426011463462,30815.06921960643,4187.132365910492,6222.719590655426,34.903573437376195,0.0,3159913.843380827,2589.6955800734822
ringCFRP,"nTOF 5 ns, no veto, strict",14.0,as is,"MM occ ÷10, DAQ 10 µs",False,1295387524568.9966,0.2152391806813099,0.1743652427671906,473508.7934555755,1.5027972953321773,15160.159314158327,2059.952982233881,3061.405434119458,17.171589983233737,0.0,3473246.859493066,1843.6515390368477
ringCFRP,"nTOF 5 ns, no veto, strict",14.0,as is,"MM occ ÷10, DAQ 10 µs",False,1609588471982.2002,0.5359138857029879,0.12077377682355904,727994.3099410735,1.8673062357131451,6293.948631180334,855.2178103246135,1270.984568319752,7.129021735888282,0.0,3714314.434708547,1277.001975751242
ringCFRP,"nTOF 5 ns, no veto, strict",14.0,as is,"MM occ ÷10, DAQ 10 µs",False,2000000000000.0002,1.609206979309953,0.08195654570680287,1120158.7943658223,2.3202281430526983,2145.094179222238,291.47405776498675,433.175063723502,2.4297025484834482,0.0,3891526.1162521266,866.5678390287678
ringCFRP,"nTOF 5 ns, no veto, strict",14.0,as is,"no MM loss, DREAM",False,1000000000.0,0.06978505906192581,0.9975767502584543,8.151463574098505,0.0,1352.3951375188744,183.76260690669872,273.0993611135988,1.5318292054559726,0.0,11.841933866041595,10547.88145695425
ringCFRP,"nTOF 5 ns, no veto, strict",14.0,as is,"no MM loss, DREAM",False,1242553630.827767,0.057644491561700095,0.9969661030548177,10.211843914211238,0.0,1679.3948498856491,228.19512365805429,339.1328819790569,1.9022148240393852,0.0,18.2720380304768,10541.424776489002
ringCFRP,"nTOF 5 ns, no veto, strict",14.0,as is,"no MM loss, DREAM",False,1543939525.4832668,0.047799051251703514,0.9961949958466924,12.817239964411407,0.0,2085.1241727796696,283.32537073235244,421.06486753077485,2.361775797808609,0.0,28.189101882136686,10533.271471573065
ringCFRP,"nTOF 5 ns, no veto, strict",14.0,as is,"no MM loss, DREAM",False,1918427663.1677406,0.039805093551297036,0.9952178871482318,16.124467586654827,0.0,2588.337372159389,351.70166607864275,522.6825082941521,2.931754684892589,0.0,43.47958016689276,10522.940009137466
ringCFRP,"nTOF 5 ns, no veto, strict",14.0,as is,"no MM loss, DREAM",False,2383749258.3495045,0.0333063218619311,0.993974676873124,20.341770866186813,0.0,3212.1304389159977,436.46227851904285,648.6497520915995,3.638311822898703,0.0,67.0459848451294,10509.794920697399
ringCFRP,"nTOF 5 ns, no veto, strict",14.0,as is,"no MM loss, DREAM",False,2961936295.9451733,0.028016578577851094,0.992385350761288,25.748580633786652,0.0,3984.862498062658,541.4606282540806,804.6933711570395,4.513568989502102,0.0,103.34942973149552,10492.990175178073
ringCFRP,"nTOF 5 ns, no veto, strict",14.0,as is,"no MM loss, DREAM",False,3680364698.807223,0.02370600031073784,0.9903424181466532,32.7240277732571,0.0,4941.212361660543,671.408850614619,997.8163198455583,5.596806137471094,0.0,159.23678712735145,10471.389219624398
ringCFRP,"nTOF 5 ns, no veto, strict",14.0,as is,"no MM loss, DREAM",False,4573050519.273255,0.02018991533342838,0.9877001990146874,41.78849006195182,0.0,6123.340673602052,832.0357075694008,1236.5324153040253,6.935777731343078,0.0,245.19604008674037,10443.451705864127
ringCFRP,"nTOF 5 ns, no veto, strict",14.0,as is,"no MM loss, DREAM",False,5682260526.681813,0.017319967453873084,0.9842596516298998,53.66466143971506,0.0,7582.075519726448,1030.2476876873193,1531.1057566734642,8.58805566278343,0.0,377.2491573762968,10407.073065371182
ringCFRP,"nTOF 5 ns, no veto, strict",14.0,as is,"no MM loss, DREAM",False,7060513448.737786,0.014977030566452262,0.9797469945069353,69.36801650065601,0.0,9377.94121968987,1274.2687977343792,1893.7584767990506,10.62219454125319,0.0,579.7794549056459,10359.358468597971
ringCFRP,"nTOF 5 ns, no veto, strict",14.0,as is,"no MM loss, DREAM",False,8773066621.237415,0.013065552597577645,0.9737839480588676,90.34173220546873,0.0,11581.673577327925,1573.7105745712638,2338.774790626132,13.118315307134909,0.0,889.6962877779276,10296.308174933614
ringCFRP,"nTOF 5 ns, no veto, strict",14.0,as is,"no MM loss, DREAM",False,10901005783.71244,0.011509047272205456,0.9658472446361338,118.6590967258885,0.0,14273.559739621385,1939.482385601759,2882.3676879369,16.167357504024917,0.0,1362.4416068593348,10212.389411950908
ringCFRP,"nTOF 5 ns, no veto, strict",14.0,as is,"no MM loss, DREAM",False,13545084316.226381,0.010246534297429208,0.9552157165310303,157.32868275927478,0.0,17540.438814337118,2383.383874570495,3542.073245424385,19.867681942135153,0.0,2080.3729467948724,10099.976910226249
ringCFRP,"nTOF 5 ns, no veto, strict",14.0,as is,"no MM loss, DREAM",False,16830493696.995401,0.009229800559969768,0.9409060135190672,210.7564041547099,0.0,21468.43475318923,2917.117510264166,4335.283122920229,24.316839389628672,0.0,3163.8527874322517,9948.673212525493
ringCFRP,"nTOF 5 ns, no veto, strict",14.0,as is,"no MM loss, DREAM",False,20912791051.82548,0.008421401915496002,0.9216051516744985,285.44758061068666,0.0,26128.48168507805,3550.3217778294224,5276.321584647515,29.595175425470245,0.0,4784.595228022569,9744.595478455589
ringCFRP,"nTOF 5 ns, no veto, strict",14.0,as is,"no MM loss, DREAM",False,25985264452.18819,0.00779333684432073,0.8956232668778483,391.0768139370662,0.0,31550.757461286044,4287.097224856729,6371.282671967661,35.73687185989412,0.0,7178.867899876709,9469.875923501744
ringCFRP,"nTOF 5 ns, no veto, strict",14.0,as is,"no MM loss, DREAM",False,32288084693.086143,0.007326300183925405,0.860916780907967,542.1223305997158,0.0,37684.32482887358,5120.522529219752,7609.880240802821,42.684233149982425,0.0,10654.229635596019,9102.906765787402
ringCFRP,"nTOF 5 ns, no veto, strict",14.0,as is,"no MM loss, DREAM",False,40119676867.86863,0.007009387507803713,0.8152686509392165,760.3675858191277,0.0,44342.01772388145,6025.165683006441,8954.318434697041,50.2252602763,0.0,15577.290116105713,8620.246094799155
ringCFRP,"nTOF 5 ns, no veto, strict",14.0,as is,"no MM loss, DREAM",False,49850850159.80715,0.006840107629938956,0.7567367507559052,1078.7365983222912,0.0,51141.64307283334,6949.0945300183075,10327.418120649349,57.92705127415316,0.0,22323.705101403237,8001.358831815235
ringCFRP,"nTOF 5 ns, no veto, strict",14.0,as is,"no MM loss, DREAM",True,61942354865.91934,0.006824591161023408,0.6844344867044478,1547.18193787582,0.0,57474.72182702405,7809.629317026345,11606.304530152907,65.100394868038,0.0,31173.3604101021,7236.870575561676
ringCFRP,"nTOF 5 ns, no veto, strict",14.0,as is,"no MM loss, DREAM",False,76966697940.67009,0.006977909321726103,0.5995072083756415,2241.7337499660734,0.0,62553.92222475796,8499.787895828613,12631.98581597438,70.85349711882438,0.0,42157.65361623678,6338.891684171194
ringCFRP,"nTOF 5 ns, no veto, strict",14.0,as is,"no MM loss, DREAM",False,95635249979.00362,0.007324393273693391,0.5058248517132627,3278.419122977498,0.0,65580.60850625587,8911.05213802132,13243.187429198782,74.28176028920032,0.0,54917.71642200595,5348.34093965267
ringCFRP,"nTOF 5 ns, no veto, strict",14.0,as is,"no MM loss, DREAM",False,118831927096.53207,0.007897868220903595,0.4097122877520586,4834.6884103043685,0.0,66003.8716442211,8968.564868940108,13328.660150413465,74.76118144233874,0.0,68678.62346033829,4332.094389275407
ringCFRP,"nTOF 5 ns, no veto, strict",14.0,as is,"no MM loss, DREAM",False,147655042472.05704,0.008741934704668053,0.3184348253854804,7182.416231231319,0.0,63742.06408238915,8661.231869617102,12871.916272118066,72.19928012798488,0.0,82412.56593113195,3366.97180348456
ringCFRP,"nTOF 5 ns, no veto, strict",14.0,as is,"no MM loss, DREAM",False,183469309133.68265,0.009910735560642694,0.2380868144633538,10738.75368497896,0.0,59218.315804101745,8046.547778003987,11958.40162660878,67.0753266778675,0.0,95134.602524531,2517.411812948409
ringCFRP,"nTOF 5 ns, no veto, strict",14.0,as is,"no MM loss, DREAM",False,227970456209.51935,0.011470728185415356,0.17208545808722064,16144.517664124667,0.0,53183.88055132473,7226.5924835074375,10739.822554194909,60.24025022558475,0.0,106164.08509447363,1819.5462272946954
ringCFRP,"nTOF 5 ns, no veto, strict",14.0,as is,"no MM loss, DREAM",False,283265518084.60077,0.013503744915160393,0.12096652804534391,24385.065845817928,0.0,46453.26120897153,6312.0401295877155,9380.657772171406,52.61662086357842,0.0,115220.28640960516,1279.0400315073966
ringCFRP,"nTOF 5 ns, no veto, strict",14.0,as is,"no MM loss, DREAM",False,351972597984.32916,0.016111326045765952,0.08320114418426024,36976.729800208705,0.0,39700.450445372204,5394.472419204471,8017.011708903693,44.96785575076054,0.0,122355.45007014992,879.7276056315127
ringCFRP,"nTOF 5 ns, no veto, strict",14.0,as is,"no MM loss, DREAM",False,437344829577.31195,0.019420213020382597,0.05629420731820741,56254.419644260466,0.0,33376.822297821374,4535.221774726093,6740.033731753876,37.80521665799272,0.0,127816.82158340033,595.2270092018679
ringCFRP,"nTOF 5 ns, no veto, strict",14.0,as is,"no MM loss, DREAM",False,543424405915.04004,0.02358900541846637,0.0376322093065797,85815.3740087812,0.0,27724.01573200781,3767.1219479410324,5598.519821511132,31.402402901805537,0.0,131921.11296197475,397.9043042314821
ringCFRP,"nTOF 5 ns, no veto, strict",14.0,as is,"no MM loss, DREAM",False,675233968650.1552,0.028816178064749915,0.024938422400846386,131203.9175607449,0.0,22828.666331944085,3101.9449279132614,4609.964955780123,25.857544765383615,0.0,134975.1606792877,263.6865014540778
ringCFRP,"nTOF 5 ns, no veto, strict",14.0,as is,"no MM loss, DREAM",False,839014419404.4929,0.035349823536743125,0.016423453705986232,200968.23094068162,0.0,18680.61617268031,2538.3104621427715,3772.317868080292,21.159136583205516,0.0,137239.66605581014,173.65344847866322
ringCFRP,"nTOF 5 ns, no veto, strict",14.0,as is,"no MM loss, DREAM",False,1042520413147.9036,0.043499614064174894,0.010767643641064065,308291.3751876331,0.0,15218.173223890697,2067.835876066839,3073.120620934369,17.23730110477309,0.0,138920.43080530656,113.85171984736567
ringCFRP,"nTOF 5 ns, no veto, strict",14.0,as is,"no MM loss, DREAM",False,1295387524568.9966,0.05365159033551609,0.00703701934402749,473508.7934555755,0.0,12357.930169640005,1679.1878356722466,2495.5301452849617,13.997564637484393,0.0,140173.03534207807,74.40595005032483
ringCFRP,"nTOF 5 ns, no veto, strict",14.0,as is,"no MM loss, DREAM",False,1609588471982.2002,0.06628651095618701,0.0045883703162878904,727994.3099410735,0.0,10012.224895681362,1360.4548676077143,2021.844168526587,11.340634169193796,0.0,141112.17307109886,48.51515050272914
ringCFRP,"nTOF 5 ns, no veto, strict",14.0,as is,"no MM loss, DREAM",False,2000000000000.0002,0.08200265425377115,0.0029867925165031565,1120158.7943658223,0.0,8098.271486479843,1100.3880733584442,1635.3451056764482,9.172739854314987,0.0,141821.26615462825,31.580861715583456
ringCFRP,"nTOF 5 ns, no veto, strict",14.0,as is,"no MM loss, no dead time",False,1000000000.0,0.06970045446315172,1.0,8.151463574098505,0.0,1355.6802894298542,184.20899129725024,273.7627566428784,1.5355502271470374,0.0,11.870699535623263,10573.503697055372
ringCFRP,"nTOF 5 ns, no veto, strict",14.0,as is,"no MM loss, no dead time",False,1242553630.827767,0.05755698141366,1.0,10.211843914211238,0.0,1684.5054658727029,228.8895509675188,340.16490725202704,1.9080035100599533,0.0,18.327642208184614,10573.503697055372
ringCFRP,"nTOF 5 ns, no veto, strict",14.0,as is,"no MM loss, no dead time",False,1543939525.4832668,0.04770802678779611,1.0,12.817239964411407,0.0,2093.0883827693465,284.40754261322775,422.67314058619684,2.3707966890571193,0.0,28.29677121413165,10573.503697055372
ringCFRP,"nTOF 5 ns, no veto, strict",14.0,as is,"no MM loss, no dead time",False,1918427663.1677406,0.03970980326783212,1.0,16.124467586654827,0.0,2600.7745696534803,353.3916247088704,525.1940454887562,2.945842033942384,0.0,43.688503521055324,10573.503697055372
ringCFRP,"nTOF 5 ns, no veto, strict",14.0,as is,"no MM loss, no dead time",False,2383749258.3495045,0.03320582958291518,1.0,20.341770866186813,0.0,3231.6018844874566,439.1080463861305,652.5817681111774,3.660366715120163,0.0,67.45240739537218,10573.503697055372
ringCFRP,"nTOF 5 ns, no veto, strict",14.0,as is,"no MM loss, no dead time",False,2961936295.9451733,0.027909706531416292,1.0,25.748580633786652,0.0,4015.4386549597407,545.615297362774,810.867845378547,4.548201952033664,0.0,104.1424378667149,10573.503697055372
ringCFRP,"nTOF 5 ns, no veto, strict",14.0,as is,"no MM loss, no dead time",False,3680364698.807223,0.023591251269808964,1.0,32.7240277732571,0.0,4989.397880086393,677.9562687732865,1007.5467853966023,5.651384849237369,0.0,160.78962610260643,10573.503697055372
ringCFRP,"nTOF 5 ns, no veto, strict",14.0,as is,"no MM loss, no dead time",False,4573050519.273255,0.02006536519272681,1.0,41.78849006195182,0.0,6199.594451545711,842.3970233066927,1251.9309164233935,7.022148763624925,0.0,248.24945902748996,10573.503697055372
ringCFRP,"nTOF 5 ns, no veto, strict",14.0,as is,"no MM loss, no dead time",False,5682260526.681813,0.017183115633316978,1.0,53.66466143971506,0.0,7703.328595427835,1046.7234799082385,1555.5913057474274,8.725396442454901,0.0,383.2821519723839,10573.503697055372
ringCFRP,"nTOF 5 ns, no veto, strict",14.0,as is,"no MM loss, no dead time",False,7060513448.737786,0.014824589831392915,1.0,69.36801650065601,0.0,9571.798915708217,1300.6100604326568,1932.905625040573,10.841773029984019,0.0,591.7644638424475,10573.503697055372
ringCFRP,"nTOF 5 ns, no veto, strict",14.0,as is,"no MM loss, no dead time",False,8773066621.237415,0.012893151572056172,1.0,90.34173220546873,0.0,11893.473496266528,1616.077752881719,2401.7389024415784,13.471484443017204,0.0,913.6485455027681,10573.503697055372
ringCFRP,"nTOF 5 ns, no veto, strict",14.0,as is,"no MM loss, no dead time",False,10901005783.71244,0.011310807118334584,1.0,118.6590967258885,0.0,14778.278675939793,2008.063279543159,2984.289393529079,16.739041907310803,0.0,1410.6181018020206,10573.503697055372
ringCFRP,"nTOF 5 ns, no veto, strict",14.0,as is,"no MM loss, no dead time",False,13545084316.226381,0.010014464417688855,1.0,157.32868275927478,0.0,18362.803826173556,2495.1263189282663,3708.1396213703524,20.799157298507197,0.0,2177.909042734318,10573.503697055372
ringCFRP,"nTOF 5 ns, no veto, strict",14.0,as is,"no MM loss, no dead time",False,16830493696.995401,0.008952935153218608,1.0,210.7564041547099,0.0,22816.768566390056,3100.3282669582495,4607.56235015005,25.844068419418065,0.0,3362.5598539849666,10573.503697055372
ringCFRP,"nTOF 5 ns, no veto, strict",14.0,as is,"no MM loss, no dead time",False,20912791051.82548,0.008084568434845372,1.0,285.44758061068666,0.0,28351.058625924838,3852.3241448669323,5725.143327444267,32.11264104990914,0.0,5191.589065370631,10573.503697055372
ringCFRP,"nTOF 5 ns, no veto, strict",14.0,as is,"no MM loss, no dead time",False,25985264452.18819,0.007375409382210509,1.0,391.0768139370662,0.0,35227.710833453784,4786.7193533298805,7113.797628525237,39.90167873203341,0.0,8015.49955809245,10573.503697055372
ringCFRP,"nTOF 5 ns, no veto, strict",14.0,as is,"no MM loss, no dead time",False,32288084693.086143,0.006797751678886549,1.0,542.1223305997158,0.0,43772.32000185866,5947.7555122335825,8839.275072297989,49.5799757846112,0.0,12375.446584232592,10573.503697055372
ringCFRP,"nTOF 5 ns, no veto, strict",14.0,as is,"no MM loss, no dead time",False,40119676867.86863,0.006328932177969493,1.0,760.3675858191277,0.0,54389.45514806437,7390.405207001702,10983.27333496924,61.6057789275214,0.0,19106.941126903577,10573.503697055372
ringCFRP,"nTOF 5 ns, no veto, strict",14.0,as is,"no MM loss, no dead time",False,49850850159.80715,0.005950251854934037,1.0,1078.7365983222912,0.0,67581.81497297165,9182.97482324844,13647.306160739883,76.54848428636478,0.0,29499.96161690847,10573.503697055372
ringCFRP,"nTOF 5 ns, no veto, strict",14.0,as is,"no MM loss, no dead time",False,61942354865.91934,0.005646022200270038,1.0,1547.18193787582,0.0,83974.02957259624,11410.33870842732,16957.509821045493,95.11559708438483,0.0,45546.15674058424,10573.503697055372
ringCFRP,"nTOF 5 ns, no veto, strict",14.0,as is,"no MM loss, no dead time",False,76966697940.67009,0.005402845220500157,1.0,2241.7337499660734,0.0,104342.23534066777,14177.957791130984,21070.6153979376,118.18623050555335,0.0,70320.51162564414,10573.503697055372
ringCFRP,"nTOF 5 ns, no veto, strict",14.0,as is,"no MM loss, no dead time",False,95635249979.00362,0.005209208452421968,1.0,3278.419122977498,0.0,129650.82337123205,17616.87293109262,26181.369666482817,146.8527298285227,0.0,108570.61735103751,10573.503697055372
ringCFRP,"nTOF 5 ns, no veto, strict",14.0,as is,"no MM loss, no dead time",False,118831927096.53207,0.005055328452860912,1.0,4834.6884103043685,0.0,161098.10131973392,21889.909424360547,32531.75593913219,182.4723926454,0.0,167626.4674343862,10573.503697055372
ringCFRP,"nTOF 5 ns, no veto, strict",14.0,as is,"no MM loss, no dead time",False,147655042472.05704,0.0049330763516797225,1.0,7182.416231231319,0.0,200173.03071429566,27199.386433730262,40422.45145937163,226.73173400737258,0.0,258805.12858908452,10573.503697055372
ringCFRP,"nTOF 5 ns, no veto, strict",14.0,as is,"no MM loss, no dead time",False,183469309133.68265,0.004835858231504342,1.0,10738.75368497896,0.0,248725.72610784622,33796.69636951905,50227.063827801394,281.7263393147364,0.0,399579.4674264671,10573.503697055372
ringCFRP,"nTOF 5 ns, no veto, strict",14.0,as is,"no MM loss, no dead time",False,227970456209.51935,0.004758423315373118,1.0,16144.517664124667,0.0,309055.054055577,41994.207783929516,62409.82052505263,350.06008581534115,0.0,616926.5333312759,10573.503697055372
ringCFRP,"nTOF 5 ns, no veto, strict",14.0,as is,"no MM loss, no dead time",False,283265518084.60077,0.004696635251553458,1.0,24385.065845817928,0.0,384017.4795424291,52180.0553556573,77547.54909271344,434.9684306377318,0.0,952497.2591295273,10573.503697055372
ringCFRP,"nTOF 5 ns, no veto, strict",14.0,as is,"no MM loss, no dead time",False,351972597984.32916,0.004647248928551058,1.0,36976.729800208705,0.0,477162.31350677303,64836.51723896585,96356.9886869456,540.4716027843695,0.0,1470598.1662845542,10573.503697055372
ringCFRP,"nTOF 5 ns, no veto, strict",14.0,as is,"no MM loss, no dead time",False,437344829577.31195,0.00460771748845742,1.0,56254.419644260466,0.0,592899.7651420204,80562.84990550444,119728.72614859478,671.5649523990236,0.0,2270514.6350299553,10573.503697055372
ringCFRP,"nTOF 5 ns, no veto, strict",14.0,as is,"no MM loss, no dead time",False,543424405915.04004,0.0045760365848440555,1.0,85815.3740087812,0.0,736709.7558941478,100103.66165991696,148769.36339031986,834.4554699400834,0.0,3505537.288210962,10573.503697055372
ringCFRP,"nTOF 5 ns, no veto, strict",14.0,as is,"no MM loss, no dead time",False,675233968650.1552,0.004550623104041678,1.0,131203.9175607449,0.0,915401.3820525111,124384.16825468413,184853.91263657744,1036.8556739381409,0.0,5412337.577324329,10573.503697055372
ringCFRP,"nTOF 5 ns, no veto, strict",14.0,as is,"no MM loss, no dead time",False,839014419404.4929,0.004530222111662494,1.0,200968.23094068162,0.0,1137435.3109341038,154553.9998823497,229690.90031929815,1288.3487822962086,0.0,8356321.910889379,10573.503697055372
ringCFRP,"nTOF 5 ns, no veto, strict",14.0,as is,"no MM loss, no dead time",False,1042520413147.9036,0.004513835635301373,1.0,308291.3751876331,0.0,1413324.3754328806,192041.6337127678,285403.26215984265,1600.842457214686,0.0,12901655.685883973,10573.503697055372
ringCFRP,"nTOF 5 ns, no veto, strict",14.0,as is,"no MM loss, no dead time",False,1295387524568.9966,0.004500667944510626,1.0,473508.7934555755,0.0,1756131.3342315194,238622.02923989674,354628.859646803,1989.1326075953607,0.0,19919376.157612354,10573.503697055372
ringCFRP,"nTOF 5 ns, no veto, strict",14.0,as is,"no MM loss, no dead time",False,1609588471982.2002,0.004490083225811563,1.0,727994.3099410735,0.0,2182087.365559786,296500.6688275234,440645.37715044565,2471.6039437655204,0.0,30754312.17270672,10573.503697055372
ringCFRP,"nTOF 5 ns, no veto, strict",14.0,as is,"no MM loss, no dead time",True,2000000000000.0002,0.004481572608546995,1.0,1120158.7943658223,0.0,2711360.5788597083,368417.9825945004,547525.5132857569,3071.1004542940746,0.0,47482798.14249306,10573.503697055372
ringCFRP,"nTOF 5 ns, no veto, strict",14.0,no Be window + air,MM occ + DREAM,False,1000000000.0,0.0706947796521172,0.9983416340965454,5.5742303667814594,0.009037208982736772,1329.1893252165248,180.60941561980107,268.413236224448,1.5055444754721867,0.0,0.028094396670362478,10555.968959044127
ringCFRP,"nTOF 5 ns, no veto, strict",14.0,no Be window + air,MM occ + DREAM,False,1242553630.827767,0.05853031752223585,0.9979334949311465,6.948940789329391,0.011229216834048886,1643.692033873822,223.343847309723,331.9231427746742,1.8617750037777763,0.0,0.04335831659176092,10551.653498069867
ringCFRP,"nTOF 5 ns, no veto, strict",14.0,no Be window + air,MM occ + DREAM,False,1543939525.4832668,0.048658063418109826,0.9974231705758224,8.669418216573773,0.013952904148499728,2030.2414094693709,275.8679351202674,409.98197675397904,2.2996112592188886,0.0,0.06690838555261776,10546.257581612152
ringCFRP,"nTOF 5 ns, no veto, strict",14.0,no Be window + air,MM occ + DREAM,False,1918427663.1677406,0.040634104308984606,0.9967841571910357,10.826234289716941,0.017337231710310222,2504.061024884757,340.25024862961754,505.6639491769441,2.836296658977711,0.0,0.10323631881981901,10539.50097122564
ringCFRP,"nTOF 5 ns, no veto, strict",14.0,no Be window + air,MM occ + DREAM,False,2383749258.3495045,0.03410189699976496,0.9959826029235522,13.53557602667064,0.02154244021014826,3082.890357978615,418.90121701341116,622.5513267460142,3.491924332288094,0.0,0.15926246066678967,10531.025734215014
ringCFRP,"nTOF 5 ns, no veto, strict",14.0,no Be window + air,MM occ + DREAM,False,2961936295.9451733,0.028775106488157905,0.9949750398472192,16.947442615717378,0.026767637300009802,3786.998273998187,514.5749610264058,764.737154456659,4.289452391676336,0.0,0.245642857314157,10520.372262302393
ringCFRP,"nTOF 5 ns, no veto, strict",14.0,no Be window + air,MM occ + DREAM,False,3680364698.807223,0.024423819485922038,0.993705315058119,21.256909379195505,0.03326022491580795,4638.913629881132,630.3326876832077,936.7708544900187,5.254398794184162,0.0,0.378773731630816,10506.946822550595
ringCFRP,"nTOF 5 ns, no veto, strict",14.0,no Be window + air,MM occ + DREAM,False,4573050519.273255,0.02086350272425204,0.9921004031657803,26.719789775512158,0.04132761323128532,5662.682322120932,769.441738386092,1143.5081962788504,6.413999815289213,0.0,0.5838592316558562,10489.977280723506
ringCFRP,"nTOF 5 ns, no veto, strict",14.0,no Be window + air,MM occ + DREAM,False,5682260526.681813,0.017946186740181665,0.9900646505683653,33.67466836103602,0.05135177587397946,6882.375953745793,935.1729475252221,1389.810140370561,7.795520847714208,0.0,0.8995936173372668,10468.452243108448
ringCFRP,"nTOF 5 ns, no veto, strict",14.0,no Be window + air,MM occ + DREAM,False,7060513448.737786,0.015553444794637602,0.987471820373492,42.574249069701466,0.0638073355616669,8319.475169088426,1130.4450916409046,1680.0144354606487,9.423292560379794,0.0,1.385280775264651,10441.036943457118
ringCFRP,"nTOF 5 ns, no veto, strict",14.0,no Be window + air,MM occ + DREAM,False,8773066621.237415,0.01359081732644736,0.9841540658802412,54.03043833599381,0.07928403647559491,9988.644600736214,1357.2507918531244,2017.0824215299178,11.313925270686136,0.0,2.131603735959035,10405.95665405681
ringCFRP,"nTOF 5 ns, no veto, strict",14.0,no Be window + air,MM occ + DREAM,False,10901005783.71244,0.011983410487974307,0.9798866610098422,68.87982950182365,0.09851466738943157,11891.344052091814,1615.7884053367954,2401.308887701427,13.469072466895932,0.0,3.276796815627053,10360.835232882811
ringCFRP,"nTOF 5 ns, no veto, strict",14.0,no Be window + air,MM occ + DREAM,False,13545084316.226381,0.010672472382363747,0.9743669900568056,88.27968595785359,0.12240975765452802,14006.763390303362,1903.2302642329887,2828.49148672557,15.865162954180441,0.0,5.030677939568834,10302.47297165435
ringCFRP,"nTOF 5 ns, no veto, strict",14.0,no Be window + air,MM occ + DREAM,False,16830493696.995401,0.009612822508784407,0.9671860547372205,113.84977041227143,0.15210068882238145,16279.879412763315,2212.099850125593,3287.518967857898,18.439873121345226,0.0,7.709820451075257,10226.545325504401
ringCFRP,"nTOF 5 ns, no veto, strict",14.0,no Be window + air,MM occ + DREAM,False,20912791051.82548,0.008771084881286357,0.9577908676141071,147.88341446406952,0.18899326314765444,18607.26356270371,2528.343355297475,3757.505221713213,21.076051642169183,0.0,11.787866679956451,10127.205279723636
ringCFRP,"nTOF 5 ns, no veto, strict",14.0,no Be window + air,MM occ + DREAM,False,25985264452.18819,0.008124770416507682,0.9454371712011994,193.66357333184118,0.23483426532610563,20822.968627435443,2829.4119760989865,4204.939274681297,23.585733638704323,0.0,17.965010783955368,9996.583425029456
ringCFRP,"nTOF 5 ns, no veto, strict",14.0,no Be window + air,MM occ + DREAM,False,32288084693.086143,0.007662404269289219,0.9291351420437667,255.93858848434525,0.29179416902372374,22689.726293078296,3083.065842180568,4581.907744692424,25.70017033875541,0.0,27.258627251127344,9824.213859463838
ringCFRP,"nTOF 5 ns, no veto, strict",14.0,no Be window + air,MM occ + DREAM,False,40119676867.86863,0.007385170493097866,0.9075981679381867,341.64156881981694,0.36256990417479906,23904.744236945466,3248.161721786489,4827.265491852359,27.076395319113875,0.0,41.11014328969802,9596.492584135103
ringCFRP,"nTOF 5 ns, no veto, strict",14.0,no Be window + air,MM occ + DREAM,True,49850850159.80715,0.007311111924267512,0.8792192719801192,460.98222520731747,0.45051255086127406,24133.30603636199,3279.2185563867088,4873.420701719606,27.335282407572446,0.0,61.486937769019946,9296.428222804125
ringCFRP,"nTOF 5 ns, no veto, strict",14.0,no Be window + air,MM occ + DREAM,False,61942354865.91934,0.007484180180619806,0.8421233215409372,629.1091792092582,0.5597860058061551,23083.23865600539,3136.536056362323,4661.372667276257,26.14589342183718,0.0,90.92674524801973,8904.19405368965
ringCFRP,"nTOF 5 ns, no veto, strict",14.0,no Be window + air,MM occ + DREAM,False,76966697940.67009,0.007993468204159783,0.7943714549541039,868.6473693727146,0.6955641340010116,20621.698635479923,2802.063535256696,4164.295305556095,23.357759400032492,0.0,132.4249647911869,8399.289515792474
ringCFRP,"nTOF 5 ns, no veto, strict",14.0,no Be window + air,MM occ + DREAM,False,95635249979.00362,0.009016007463401999,0.7344048989846017,1213.5794974568635,0.8642757401765282,16904.817041676517,2297.0159849572146,3413.717341733419,19.14772668056012,0.0,189.02188381204792,7765.232914549267
ringCFRP,"nTOF 5 ns, no veto, strict",14.0,no Be window + air,MM occ + DREAM,False,118831927096.53207,0.010920240326607626,0.6617574154133723,1715.193821360439,1.073908958992701,12445.254109688794,1691.053358124634,2513.1641278213074,14.09647460690918,0.0,262.9696472750055,6997.094478427101
ringCFRP,"nTOF 5 ns, no veto, strict",14.0,no Be window + air,MM occ + DREAM,False,147655042472.05704,0.014546492443590669,0.5778806962671634,2451.211365593407,1.3343894761748534,8020.617021619702,1089.8364331574714,1619.663753272424,9.08478229375687,0.0,354.54819615605646,6110.2236784377865
ringCFRP,"nTOF 5 ns, no veto, strict",14.0,no Be window + air,MM occ + DREAM,False,183469309133.68265,0.02208605765138529,0.4866504697213445,3539.8084203055914,1.6580504885594265,4393.124371027522,596.9349966507862,887.1367736660857,4.975998528866671,0.0,460.98259158751694,5145.6005407723715
ringCFRP,"nTOF 5 ns, no veto, strict",14.0,no Be window + air,MM occ + DREAM,False,227970456209.51935,0.04035880507507093,0.39400610905651506,5161.180245808152,2.0602166546552683,1977.2307519199092,268.66488007009997,399.27713442843657,2.2395672150028854,0.0,576.2363081189371,4166.0250507714645
ringCFRP,"nTOF 5 ns, no veto, strict",14.0,no Be window + air,MM occ + DREAM,False,283265518084.60077,0.09561804982573036,0.3065569474184085,7590.727037603799,2.55992968453374,703.6156387121927,95.60685367982545,142.08641843712246,0.7969704673534087,0.0,692.2119811977625,3241.3810168865525
ringCFRP,"nTOF 5 ns, no veto, strict",14.0,no Be window + air,MM occ + DREAM,False,351972597984.32916,0.31590544552743827,0.22975053039677215,11250.15798355491,3.180849924181178,189.26552709113452,25.717281651607465,38.2198168977785,0.21437703666704602,0.0,800.9672468736397,2429.2680825507036
ringCFRP,"nTOF 5 ns, no veto, strict",14.0,no Be window + air,MM occ + DREAM,False,437344829577.31195,1.5257456958155593,0.16660291900753513,16786.22749609944,3.952376622409566,36.44795528361156,4.952525407347355,7.360210803562147,0.041283823664894186,0.0,896.7494653082786,1761.5765800663899
ringCFRP,"nTOF 5 ns, no veto, strict",14.0,no Be window + air,MM occ + DREAM,False,543424405915.04004,11.272554584144665,0.11754688209650309,25192.09374750198,4.911039922573793,4.6971286745598,0.6382429116070886,0.9485266580032666,0.005320337736998841,0.0,976.8545857952544,1242.8823924247076
ringCFRP,"nTOF 5 ns, no veto, strict",14.0,no Be window + air,MM occ + DREAM,False,675233968650.1552,137.0714048596959,0.08115340923945537,37994.43363181624,6.102230486934182,0.3720388364068045,0.050552404805355985,0.07512861124193962,0.00042140047635585813,0.0,1041.2520278394145,858.0758726220291
ringCFRP,"nTOF 5 ns, no veto, strict",14.0,no Be window + air,MM occ + DREAM,False,839014419404.4929,3045.315292877306,0.05510394235825101,57542.019754647066,7.582348647687961,0.016261665465983573,0.002209624950409194,0.00328384088806383,1.841924257125687e-05,0.0,1091.5962816327217,582.6417382472932
ringCFRP,"nTOF 5 ns, no veto, strict",14.0,no Be window + air,MM occ + DREAM,False,1042520413147.9036,141483.78747095302,0.03695442368077197,87450.87172097161,9.421474842386685,0.0003423885336531793,4.6523540179611214e-05,6.91411017381007e-05,3.878162091187387e-07,0.0,1130.25411175749,390.7377354111931
ringCFRP,"nTOF 5 ns, no veto, strict",14.0,no Be window + air,MM occ + DREAM,False,1295387524568.9966,16290289.152494345,0.02455751422681815,133291.05307206346,11.706687773160086,2.9271271894888385e-06,3.9773621493107465e-07,5.910968940735998e-07,3.3154947045797727e-09,0.0,1159.6431093746473,259.6589674677517
ringCFRP,"nTOF 5 ns, no veto, strict",14.0,no Be window + air,MM occ + DREAM,False,1609588471982.2002,5749880032.312474,0.016210966183496215,203646.43570514966,14.546187397507095,8.203953603724937e-09,1.114748093466182e-09,1.6566862935438628e-09,9.292443740553043e-12,0.0,1181.8956459542487,171.4067108740369
ringCFRP,"nTOF 5 ns, no veto, strict",14.0,no Be window + air,MM occ + DREAM,False,2000000000000.0002,8116056581568.337,0.01064945187393027,311750.15593332937,18.074417965473547,5.7713121003752835e-12,7.842022848313705e-13,1.1654446275896006e-12,6.537042454452721e-15,0.0,1198.7476633242313,112.60201876061501
ringCFRP,"nTOF 5 ns, no veto, strict",14.0,no Be window + air,"MM occ ÷10, DAQ 10 µs",False,1000000000.0,0.06961733624730175,0.9999442608033634,5.5742303667814594,0.0009037208982736772,1353.1567612026226,183.86609585732023,273.2531615345484,1.532691880402048,0.0,0.02813949629245388,10572.914338453667
ringCFRP,"nTOF 5 ns, no veto, strict",14.0,no Be window + air,"MM occ ÷10, DAQ 10 µs",False,1242553630.827767,0.05744038774918406,0.9999305154205491,6.948940789329391,0.0011229216834048887,1680.6097908529016,228.36020907812582,339.3782241817478,1.9035909618299698,0.0,0.043445083342310495,10572.769001597662
ringCFRP,"nTOF 5 ns, no veto, strict",14.0,no Be window + air,"MM occ ÷10, DAQ 10 µs",False,1543939525.4832668,0.047552931910483674,0.9999133133330639,8.669418216573773,0.001395290414849973,2087.0746554444213,283.5904010990385,421.4587432220051,2.3639850680342356,0.0,0.06707542742270624,10572.58711526204
ringCFRP,"nTOF 5 ns, no veto, strict",14.0,no Be window + air,"MM occ ÷10, DAQ 10 µs",False,1918427663.1677406,0.039510540431776466,0.9998917493765689,10.826234289716941,0.0017337231710310222,2591.4915791759363,352.13025775869534,523.3194611322256,2.93532738808706,0.0,0.10355817022096062,10572.359108688319
ringCFRP,"nTOF 5 ns, no veto, strict",14.0,no Be window + air,"MM occ ÷10, DAQ 10 µs",False,2383749258.3495045,0.032956049679525,0.9998646625584355,13.53557602667064,0.002154244021014826,3217.273041167558,437.16105210215756,649.6882365924673,3.6441367390806967,0.0,0.1598832208769499,10572.072706116642
ringCFRP,"nTOF 5 ns, no veto, strict",14.0,no Be window + air,"MM occ ÷10, DAQ 10 µs",False,2961936295.9451733,0.02760236564835855,0.9998305542905572,16.947442615717378,0.00267676373000098,3993.322567009894,542.6101771405156,806.4017767556471,4.5231515296444185,0.0,0.24684160340709904,10571.712062220133
ringCFRP,"nTOF 5 ns, no veto, strict",14.0,no Be window + air,"MM occ ÷10, DAQ 10 µs",False,3680364698.807223,0.02321863609933155,0.9997874760822246,21.256909379195505,0.003326022491580795,4955.264990080679,673.3183129904693,1000.6540732040529,5.61272325076897,0.0,0.3810920877798372,10571.256574625066
ringCFRP,"nTOF 5 ns, no veto, strict",14.0,no Be window + air,"MM occ ÷10, DAQ 10 µs",False,4573050519.273255,0.01961915947428286,0.9997328734778901,26.719789775512158,0.004132761323128532,6146.920311378687,835.2396940283431,1241.2940295936946,6.962485885489943,0.0,0.5883510030913323,10570.679233786263
ringCFRP,"nTOF 5 ns, no veto, strict",14.0,no Be window + air,"MM occ ÷10, DAQ 10 µs",False,5682260526.681813,0.016654507888910104,0.9996633666765449,33.67466836103602,0.005135177587397947,7622.0508613809225,1035.6795121523865,1539.1782792397344,8.633334881959527,0.0,0.9083152131851681,10569.944303365271
ringCFRP,"nTOF 5 ns, no veto, strict",14.0,no Be window + air,"MM occ ÷10, DAQ 10 µs",False,7060513448.737786,0.01420442508144559,0.9995744386888356,42.574249069701466,0.00638073355616669,9446.403086410737,1283.571353439664,1907.583498453902,10.699739841434809,0.0,1.402259006072564,10569.004022958454
ringCFRP,"nTOF 5 ns, no veto, strict",14.0,no Be window + air,"MM occ ÷10, DAQ 10 µs",False,8773066621.237415,0.01217213474551031,0.9994599873878216,54.03043833599381,0.007928403647559491,11700.046758019222,1589.795048456298,2362.678780756624,13.252394090986725,0.0,2.1647552115246746,10567.79387170405
ringCFRP,"nTOF 5 ns, no veto, strict",14.0,no Be window + air,"MM occ ÷10, DAQ 10 µs",False,10901005783.71244,0.010479765871438545,0.9993116758215023,68.87982950182365,0.009851466738943158,14479.979207569579,1967.5305340268153,2924.051529629414,16.40116444461909,0.0,3.341755171742198,10566.225698809256
ringCFRP,"nTOF 5 ns, no veto, strict",14.0,no Be window + air,"MM occ ÷10, DAQ 10 µs",False,13545084316.226381,0.009064666745903765,0.9991179817833332,88.27968595785359,0.012240975765452803,17902.900313741742,2432.6349168036863,3615.267832693668,20.27823437258828,0.0,5.158467847613475,10564.177674180579
ringCFRP,"nTOF 5 ns, no veto, strict",14.0,no Be window + air,"MM occ ÷10, DAQ 10 µs",False,16830493696.995401,0.007876432718495927,0.9988627969988833,113.84977041227143,0.015210068882238146,22107.9603655929,3004.015851184339,4464.427358445689,25.04121644744206,0.0,7.962328222580257,10561.479476918765
ringCFRP,"nTOF 5 ns, no veto, strict",14.0,no Be window + air,"MM occ ÷10, DAQ 10 µs",False,20912791051.82548,0.006874512252978431,0.9985233495764253,147.88341446406952,0.018899326314765444,27259.11543102841,3703.9515853083944,5504.638993595762,30.875820219785528,0.0,12.28917555974522,10557.89032834245
ringCFRP,"nTOF 5 ns, no veto, strict",14.0,no Be window + air,"MM occ ÷10, DAQ 10 µs",False,25985264452.18819,0.0060262830800722885,0.9980671075752201,193.66357333184118,0.023483426532610565,33546.46177294214,4558.272280689656,6774.290311794616,37.99736368305889,0.0,18.965074461710806,10553.066251855955
ringCFRP,"nTOF 5 ns, no veto, strict",14.0,no Be window + air,"MM occ ÷10, DAQ 10 µs",False,32288084693.086143,0.005305509769841824,0.9974471478489182,255.93858848434525,0.029179416902372374,41185.51859444901,5596.262552086143,8316.902732962755,46.649960854319126,0.0,29.262739913278438,10546.511105397874
ringCFRP,"nTOF 5 ns, no veto, strict",14.0,no Be window + air,"MM occ ÷10, DAQ 10 µs",False,40119676867.86863,0.004691109634249967,0.9965952164676766,341.64156881981694,0.03625699041747991,50412.830800350544,6850.063973473464,10180.243555712683,57.101541115685656,0.0,45.141312089563556,10537.503205788676
ringCFRP,"nTOF 5 ns, no veto, strict",14.0,no Be window + air,"MM occ ÷10, DAQ 10 µs",False,49850850159.80715,0.00416616767715444,0.9954113306977835,460.98222520731747,0.04505125508612741,61475.40633552393,8353.23983018003,12414.192959338525,69.63188511221222,0.0,69.61266261526613,10524.985385223825
ringCFRP,"nTOF 5 ns, no veto, strict",14.0,no Be window + air,"MM occ ÷10, DAQ 10 µs",False,61942354865.91934,0.0037171539872327512,0.9937482386126574,629.1091792092582,0.05597860058061552,74610.33172873477,10138.00529170753,15066.627616669286,84.50953571196143,0.0,107.29817192054686,10507.400674913199
ringCFRP,"nTOF 5 ns, no veto, strict",14.0,no Be window + air,"MM occ ÷10, DAQ 10 µs",False,76966697940.67009,0.003333308637722927,0.991388331339551,868.6473693727146,0.06955641340010116,90009.4289397315,12230.42500618091,18176.28358435108,101.95176556849344,0.0,165.26848246280292,10482.448186636302
ringCFRP,"nTOF 5 ns, no veto, strict",14.0,no Be window + air,"MM occ ÷10, DAQ 10 µs",False,95635249979.00362,0.003006170089845226,0.9880097166459036,1213.5794974568635,0.08642757401765283,107762.2021982403,14642.660752452644,21761.235127276657,122.05995421897359,0.0,254.29495108655604,10446.724391682097
ringCFRP,"nTOF 5 ns, no veto, strict",14.0,no Be window + air,"MM occ ÷10, DAQ 10 µs",False,118831927096.53207,0.0027292340281131512,0.983137289947333,1715.193821360439,0.10739089589927009,127769.16127437213,17361.19386020298,25801.39143214304,144.72141119626434,0.0,390.67981761694153,10395.205769971128
ringCFRP,"nTOF 5 ns, no veto, strict",14.0,no Be window + air,"MM occ ÷10, DAQ 10 µs",False,147655042472.05704,0.002497741884603501,0.976074354486192,2451.211365593407,0.13343894761748534,149618.3529644305,20330.0483853201,30213.56367815588,169.46952586919977,0.0,598.8526765692048,10320.52579576069
ringCFRP,"nTOF 5 ns, no veto, strict",14.0,no Be window + air,"MM occ ÷10, DAQ 10 µs",False,183469309133.68265,0.002308614615568039,0.9658121018928659,3539.8084203055914,0.16580504885594266,172423.6819149429,23428.822244415318,34818.81594029919,195.3006368790454,0.0,914.8713366537881,10212.01783002504
ringCFRP,"nTOF 5 ns, no veto, strict",14.0,no Be window + air,"MM occ ÷10, DAQ 10 µs",False,227970456209.51935,0.002160572665708965,0.950921240768274,5161.180245808152,0.20602166546552683,194640.07064290874,26447.571273780723,39305.139056625936,220.46466782616642,0.0,1390.7280432892783,10054.569254871829
ringCFRP,"nTOF 5 ns, no veto, strict",14.0,no Be window + air,"MM occ ÷10, DAQ 10 µs",False,283265518084.60077,0.002054528232679029,0.9294481295311744,7590.727037603799,0.255992968453374,213906.2545531964,29065.448314505404,43195.70503917571,242.28706453014212,0.0,2098.7132621894534,9827.523233819073
ringCFRP,"nTOF 5 ns, no veto, strict",14.0,no Be window + air,"MM occ ÷10, DAQ 10 µs",False,351972597984.32916,0.001994425055516815,0.8988751280225785,11250.15798355491,0.31808499241811783,227028.5028748457,30848.491223464163,45845.57971973031,257.1503560805877,0.0,3133.701303461932,9504.259489337855
ringCFRP,"nTOF 5 ns, no veto, strict",14.0,no Be window + air,"MM occ ÷10, DAQ 10 µs",True,437344829577.31195,0.001988892440410177,0.8562653503242916,16786.22749609944,0.39523766224095663,230298.2177398326,31292.77803784439,46505.85792975832,260.85389255801795,0.0,4608.89580830565,9053.724847314312
ringCFRP,"nTOF 5 ns, no veto, strict",14.0,no Be window + air,"MM occ ÷10, DAQ 10 µs",False,543424405915.04004,0.002054529251811596,0.7987724863974914,25192.09374750198,0.49110399225737933,220369.76601530306,29943.70621642829,44500.93071019534,249.60814647784775,0.0,6638.0711459779295,8445.823838029988
ringCFRP,"nTOF 5 ns, no veto, strict",14.0,no Be window + air,"MM occ ÷10, DAQ 10 µs",False,675233968650.1552,0.00222279470275245,0.7246669113249204,37994.43363181624,0.6102230486934183,195756.85986306012,26599.31989573808,39530.66073594921,221.72963122059627,0.0,9297.956770968834,7662.268266027746
ringCFRP,"nTOF 5 ns, no veto, strict",14.0,no Be window + air,"MM occ ÷10, DAQ 10 µs",False,839014419404.4929,0.002555820773643031,0.6347512882958978,57542.019754647066,0.7582348647687961,158465.9147625003,21532.249558391628,32000.21863382131,179.4909709212903,0.0,12574.275385972114,6711.545093507337
ringCFRP,"nTOF 5 ns, no veto, strict",14.0,no Be window + air,"MM occ ÷10, DAQ 10 µs",False,1042520413147.9036,0.003187114529689986,0.5334731126182979,87450.87172097161,0.9421474842386686,114555.37669334446,15565.713061471326,23133.032143605575,129.75443847188959,0.0,16316.31937376494,5640.679928549212
ringCFRP,"nTOF 5 ns, no veto, strict",14.0,no Be window + air,"MM occ ÷10, DAQ 10 µs",False,1295387524568.9966,0.004440469335291783,0.4286491002683676,133291.05307206346,1.1706687773160087,72415.0655622893,9839.713895643956,14623.320944752038,82.02300442075911,0.0,20241.46136594787,4532.322846427044
ringCFRP,"nTOF 5 ns, no veto, strict",14.0,no Be window + air,"MM occ ÷10, DAQ 10 µs",False,1609588471982.2002,0.007222756780689461,0.32933039298739925,203646.43570514966,1.4546187397507095,39177.630256326716,5323.431938344186,7911.434680678375,44.375668443542644,0.0,24010.546511933,3482.1761278049653
ringCFRP,"nTOF 5 ns, no veto, strict",14.0,no Be window + air,"MM occ ÷10, DAQ 10 µs",False,2000000000000.0002,0.01448406412895899,0.24286572466093254,311750.15593332937,1.8074417965473548,17726.76583850579,2408.701874279678,3579.6996682404397,20.078730599046857,0.0,27338.00043282353,2567.9416375904034
ringCFRP,"nTOF 5 ns, no veto, strict",14.0,no Be window + air,"no MM loss, DREAM",False,1000000000.0,0.06956066993095464,0.9983416340965454,5.5742303667814594,0.0,1353.432075461878,183.90350538697308,273.3087578216262,1.5330037230072944,0.0,0.028094396670362478,10555.968959044127
ringCFRP,"nTOF 5 ns, no veto, strict",14.0,no Be window + air,"no MM loss, DREAM",False,1242553630.827767,0.05738434273340806,0.9979334949311465,6.948940789329391,0.0,1681.0244267889652,228.41654955023677,339.4619547469446,1.9040606111350238,0.0,0.04335831659176092,10551.653498069867
ringCFRP,"nTOF 5 ns, no veto, strict",14.0,no Be window + air,"no MM loss, DREAM",False,1543939525.4832668,0.04749758829925293,0.9974231705758224,8.669418216573773,0.0,2087.6948510372217,283.6746728889639,421.5839840007248,2.364687550390014,0.0,0.06690838555261776,10546.257581612152
ringCFRP,"nTOF 5 ns, no veto, strict",14.0,no Be window + air,"no MM loss, DREAM",False,1918427663.1677406,0.039455995286743234,0.9967841571910357,10.826234289716941,0.0,2592.4108874559233,352.2551727938021,523.5051039942601,2.9363686690211845,0.0,0.10323631881981901,10539.50097122564
ringCFRP,"nTOF 5 ns, no veto, strict",14.0,no Be window + air,"no MM loss, DREAM",False,2383749258.3495045,0.0329024221905734,0.9959826029235522,13.53557602667064,0.0,3218.6192565244733,437.3439750043342,649.9600880238244,3.6456615685801124,0.0,0.15926246066678967,10531.025734215014
ringCFRP,"nTOF 5 ns, no veto, strict",14.0,no Be window + air,"no MM loss, DREAM",False,2961936295.9451733,0.027549803272858102,0.9949750398472192,16.947442615717378,0.0,3995.261235722634,542.8736022347784,806.793266766349,4.525347418457896,0.0,0.245642857314157,10520.372262302393
ringCFRP,"nTOF 5 ns, no veto, strict",14.0,no Be window + air,"no MM loss, DREAM",False,3680364698.807223,0.023167322326314722,0.993705315058119,21.256909379195505,0.0,4957.991192381562,673.6887476569856,1001.2045958183257,5.6158111621261,0.0,0.378773731630816,10506.946822550595
ringCFRP,"nTOF 5 ns, no veto, strict",14.0,no Be window + air,"no MM loss, DREAM",False,4573050519.273255,0.01956932455903791,0.9921004031657803,26.719789775512158,0.0,6150.620154842834,835.7424264482232,1242.0411669193531,6.966676619482371,0.0,0.5838592316558562,10489.977280723506
ringCFRP,"nTOF 5 ns, no veto, strict",14.0,no Be window + air,"no MM loss, DREAM",False,5682260526.681813,0.01660644452666435,0.9900646505683653,33.67466836103602,0.0,7626.793334045556,1036.3239163770536,1540.1359625520142,8.63870657986957,0.0,0.8995936173372668,10468.452243108448
ringCFRP,"nTOF 5 ns, no veto, strict",14.0,no Be window + air,"no MM loss, DREAM",False,7060513448.737786,0.014158511413572057,0.987471820373492,42.574249069701466,0.0,9451.881699543414,1284.315783971513,1908.6898361689773,10.70594534999455,0.0,1.385280775264651,10441.036943457118
ringCFRP,"nTOF 5 ns, no veto, strict",14.0,no Be window + air,"no MM loss, DREAM",False,8773066621.237415,0.012128867408027242,0.9841540658802412,54.03043833599381,0.0,11705.010298789593,1590.469491277148,2363.6811060206273,13.258016188037798,0.0,2.131603735959035,10405.95665405681
ringCFRP,"nTOF 5 ns, no veto, strict",14.0,no Be window + air,"no MM loss, DREAM",False,10901005783.71244,0.010439806271276065,0.9798866610098422,68.87982950182365,0.0,14481.038147239597,1967.6744220880198,2924.265369312296,16.402363883058605,0.0,3.276796815627053,10360.835232882811
ringCFRP,"nTOF 5 ns, no veto, strict",14.0,no Be window + air,"no MM loss, DREAM",False,13545084316.226381,0.009028904640495265,0.9743669900568056,88.27968595785359,0.0,17892.109893112316,2431.1687211856515,3613.0888415850127,20.266012292664488,0.0,5.030677939568834,10302.47297165435
ringCFRP,"nTOF 5 ns, no veto, strict",14.0,no Be window + air,"no MM loss, DREAM",False,16830493696.995401,0.00784607252740576,0.9671860547372205,113.84977041227143,0.0,22068.060371579028,2998.594264909634,4456.3700513973845,24.996022572935754,0.0,7.709820451075257,10226.545325504401
ringCFRP,"nTOF 5 ns, no veto, strict",14.0,no Be window + air,"no MM loss, DREAM",False,20912791051.82548,0.006851189115090911,0.9577908676141071,147.88341446406952,0.0,27154.385039102955,3689.7208850428724,5483.489994807959,30.757194332572872,0.0,11.787866679956451,10127.205279723636
ringCFRP,"nTOF 5 ns, no veto, strict",14.0,no Be window + air,"no MM loss, DREAM",False,25985264452.18819,0.006012216999516809,0.9454371712011994,193.66357333184118,0.0,33305.58727827438,4525.542404746236,6725.6487064107,37.72453026659272,0.0,17.965010783955368,9996.583425029456
ringCFRP,"nTOF 5 ns, no veto, strict",14.0,no Be window + air,"no MM loss, DREAM",False,32288084693.086143,0.005303706504522206,0.9291351420437667,255.93858848434525,0.0,40670.40076251215,5526.268662700747,8212.88109986352,46.066497843161244,0.0,27.258627251127344,9824.213859463838
ringCFRP,"nTOF 5 ns, no veto, strict",14.0,no Be window + air,"no MM loss, DREAM",False,40119676867.86863,0.004705615038414369,0.9075981679381867,341.64156881981694,0.0,49363.7698475394,6707.5182261955815,9968.39875678242,55.91329208902338,0.0,41.11014328969802,9596.492584135103
ringCFRP,"nTOF 5 ns, no veto, strict",14.0,no Be window + air,"no MM loss, DREAM",False,49850850159.80715,0.004202375968687978,0.8792192719801192,460.98222520731747,0.0,59419.23415963124,8073.848438708258,11998.974587135517,67.30290262543924,0.0,61.486937769019946,9296.428222804125
ringCFRP,"nTOF 5 ns, no veto, strict",14.0,no Be window + air,"no MM loss, DREAM",False,61942354865.91934,0.0037821567709603455,0.8421233215409372,629.1091792092582,0.0,70716.48870685167,9608.912333047943,14280.314495561895,80.09906254705163,0.0,90.92674524801973,8904.19405368965
ringCFRP,"nTOF 5 ns, no veto, strict",14.0,no Be window + air,"no MM loss, DREAM",False,76966697940.67009,0.0034362467432223747,0.7943714549541039,868.6473693727146,0.0,82886.49330072977,11262.56495881859,16737.895410438035,93.88376788223752,0.0,132.4249647911869,8399.289515792474
ringCFRP,"nTOF 5 ns, no veto, strict",14.0,no Be window + air,"no MM loss, DREAM",False,95635249979.00362,0.003158512112050561,0.7344048989846017,1213.5794974568635,0.0,95216.19984122012,12937.917785383645,19227.726145191828,107.8493642153292,0.0,189.02188381204792,7765.232914549267
ringCFRP,"nTOF 5 ns, no veto, strict",14.0,no Be window + air,"no MM loss, DREAM",False,118831927096.53207,0.002944857891447397,0.6617574154133723,1715.193821360439,0.0,106607.86315734871,14485.80988429766,21528.13072913874,120.75245894131395,0.0,262.9696472750055,6997.094478427101
ringCFRP,"nTOF 5 ns, no veto, strict",14.0,no Be window + air,"no MM loss, DREAM",False,147655042472.05704,0.0027926550705333485,0.5778806962671634,2451.211365593407,0.0,115676.1303630855,15718.000370363685,23359.354394167298,131.0238923140418,0.0,354.54819615605646,6110.2236784377865
ringCFRP,"nTOF 5 ns, no veto, strict",14.0,no Be window + air,"no MM loss, DREAM",False,183469309133.68265,0.0027001422726254244,0.4866504697213445,3539.8084203055914,0.0,121042.49144216586,16447.17816325611,24443.024204523506,137.10225536039135,0.0,460.98259158751694,5145.6005407723715
ringCFRP,"nTOF 5 ns, no veto, strict",14.0,no Be window + air,"no MM loss, DREAM",True,227970456209.51935,0.0026658861748947954,0.39400610905651506,5161.180245808152,0.0,121769.57933268881,16545.974411856885,24589.850551991414,137.92581234809228,0.0,576.2363081189371,4166.0250507714645
ringCFRP,"nTOF 5 ns, no veto, strict",14.0,no Be window + air,"no MM loss, DREAM",False,283265518084.60077,0.002688438560614087,0.3065569474184085,7590.727037603799,0.0,117723.22628383823,15996.158485953882,23772.739929641415,133.34259431967888,0.0,692.2119811977625,3241.3810168865525
ringCFRP,"nTOF 5 ns, no veto, strict",14.0,no Be window + air,"no MM loss, DREAM",False,351972597984.32916,0.0027662986404082424,0.22975053039677215,11250.15798355491,0.0,109628.29461353197,14896.224224731865,22138.069258261523,124.17363740410242,0.0,800.9672468736397,2429.2680825507036
ringCFRP,"nTOF 5 ns, no veto, strict",14.0,no Be window + air,"no MM loss, DREAM",False,437344829577.31195,0.0028981735582850406,0.16660291900753513,16786.22749609944,0.0,98778.83155154264,13422.005957822967,19947.155265409696,111.88468137283373,0.0,896.7494653082786,1761.5765800663899
ringCFRP,"nTOF 5 ns, no veto, strict",14.0,no Be window + air,"no MM loss, DREAM",False,543424405915.04004,0.0030834114714129346,0.11754688209650309,25192.09374750198,0.0,86597.93481543298,11766.873314566497,17487.374818013755,98.08763873982906,0.0,976.8545857952544,1242.8823924247076
ringCFRP,"nTOF 5 ns, no veto, strict",14.0,no Be window + air,"no MM loss, DREAM",False,675233968650.1552,0.0033224495148591266,0.08115340923945537,37994.43363181624,0.0,74287.9429760705,10094.199309281657,15001.525221710703,84.14437282935327,0.0,1041.2520278394145,858.0758726220291
ringCFRP,"nTOF 5 ns, no veto, strict",14.0,no Be window + air,"no MM loss, DREAM",False,839014419404.4929,0.003617176130231913,0.05510394235825101,57542.019754647066,0.0,62677.16980995216,8516.53470075413,12656.87413140938,70.99309703697315,0.0,1091.5962816327217,582.6417382472932
ringCFRP,"nTOF 5 ns, no veto, strict",14.0,no Be window + air,"no MM loss, DREAM",False,1042520413147.9036,0.003971188968314416,0.03695442368077197,87450.87172097161,0.0,52228.58776810911,7096.787896569245,10546.91306972926,59.1582104100796,0.0,1130.25411175749,390.7377354111931
ringCFRP,"nTOF 5 ns, no veto, strict",14.0,no Be window + air,"no MM loss, DREAM",False,1295387524568.9966,0.004389983042043642,0.02455751422681815,133291.05307206346,0.0,43126.22022455168,5859.963877890984,8708.803266016661,48.84815231005096,0.0,1159.6431093746473,259.6589674677517
ringCFRP,"nTOF 5 ns, no veto, strict",14.0,no Be window + air,"no MM loss, DREAM",False,1609588471982.2002,0.004881121684393096,0.016210966183496215,203646.43570514966,0.0,35373.744492524034,4806.562315746992,7143.28730789981,40.067087951378724,0.0,1181.8956459542487,171.4067108740369
ringCFRP,"nTOF 5 ns, no veto, strict",14.0,no Be window + air,"no MM loss, DREAM",False,2000000000000.0002,0.005454443566744246,0.01064945187393027,311750.15593332937,0.0,28874.503997438183,3923.4495751306126,5830.846603485637,32.70553648801014,0.0,1198.7476633242313,112.60201876061501
ringCFRP,"nTOF 5 ns, no veto, strict",14.0,no Be window + air,"no MM loss, no dead time",False,1000000000.0,0.06950296747646487,1.0,5.5742303667814594,0.0,1355.6802894298542,184.20899129725024,273.76275664287846,1.5355502271470374,0.0,0.028141064852801267,10573.503697055372
ringCFRP,"nTOF 5 ns, no veto, strict",14.0,no Be window + air,"no MM loss, no dead time",False,1242553630.827767,0.05732501955207864,1.0,6.948940789329391,0.0,1684.5054658727026,228.88955096751874,340.164907252027,1.908003510059953,0.0,0.04344810231542781,10573.503697055372
ringCFRP,"nTOF 5 ns, no veto, strict",14.0,no Be window + air,"no MM loss, no dead time",False,1543939525.4832668,0.04743635223352947,1.0,8.669418216573773,0.0,2093.088382769347,284.40754261322775,422.6731405861969,2.3707966890571193,0.0,0.06708124247203005,10573.503697055372
ringCFRP,"nTOF 5 ns, no veto, strict",14.0,no Be window + air,"no MM loss, no dead time",False,1918427663.1677406,0.03939250206022243,1.0,10.826234289716941,0.0,2600.7745696534803,353.3916247088703,525.1940454887562,2.945842033942384,0.0,0.1035693816710949,10573.503697055372
ringCFRP,"nTOF 5 ns, no veto, strict",14.0,no Be window + air,"no MM loss, no dead time",False,2383749258.3495045,0.03283626463104995,1.0,13.53557602667064,0.0,3231.601884487456,439.1080463861305,652.5817681111774,3.6603667151201624,0.0,0.15990486199186557,10573.503697055372
ringCFRP,"nTOF 5 ns, no veto, strict",14.0,no Be window + air,"no MM loss, no dead time",False,2961936295.9451733,0.027480497767025904,1.0,16.947442615717378,0.0,4015.4386549597416,545.615297362774,810.8678453785471,4.548201952033664,0.0,0.24688343674618815,10573.503697055372
ringCFRP,"nTOF 5 ns, no veto, strict",14.0,no Be window + air,"no MM loss, no dead time",False,3680364698.807223,0.023094291721229128,1.0,21.256909379195505,0.0,4989.397880086392,677.9562687732864,1007.5467853966023,5.651384849237368,0.0,0.3811730961795879,10573.503697055372
ringCFRP,"nTOF 5 ns, no veto, strict",14.0,no Be window + air,"no MM loss, no dead time",False,4573050519.273255,0.019491876416330628,1.0,26.719789775512158,0.0,6199.594451545711,842.3970233066926,1251.9309164233932,7.022148763624924,0.0,0.5885082092425005,10573.503697055372
ringCFRP,"nTOF 5 ns, no veto, strict",14.0,no Be window + air,"no MM loss, no dead time",False,5682260526.681813,0.016523743182609567,1.0,33.67466836103602,0.0,7703.328595427834,1046.7234799082385,1555.5913057474272,8.725396442454901,0.0,0.908621085320881,10573.503697055372
ringCFRP,"nTOF 5 ns, no veto, strict",14.0,no Be window + air,"no MM loss, no dead time",False,7060513448.737786,0.014069541691012025,1.0,42.574249069701466,0.0,9571.798915708217,1300.6100604326568,1932.905625040573,10.841773029984019,0.0,1.4028560073144114,10573.503697055372
ringCFRP,"nTOF 5 ns, no veto, strict",14.0,no Be window + air,"no MM loss, no dead time",False,8773066621.237415,0.012032387059552011,1.0,54.03043833599381,0.0,11893.473496266528,1616.077752881719,2401.7389024415784,13.471484443017202,0.0,2.1659248382543628,10573.503697055372
ringCFRP,"nTOF 5 ns, no veto, strict",14.0,no Be window + air,"no MM loss, no dead time",False,10901005783.71244,0.010334283289906487,1.0,68.87982950182365,0.0,14778.278675939795,2008.0632795431595,2984.2893935290795,16.73904190731081,0.0,3.3440569670068614,10573.503697055372
ringCFRP,"nTOF 5 ns, no veto, strict",14.0,no Be window + air,"no MM loss, no dead time",False,13545084316.226381,0.008912434423493182,1.0,88.27968595785359,0.0,18362.803826173556,2495.126318928266,3708.1396213703524,20.79915729850719,0.0,5.1630217268295855,10573.503697055372
ringCFRP,"nTOF 5 ns, no veto, strict",14.0,no Be window + air,"no MM loss, no dead time",False,16830493696.995401,0.007716268502869092,1.0,113.84977041227143,0.0,22816.768566390056,3100.3282669582495,4607.56235015005,25.844068419418065,0.0,7.971393314981134,10573.503697055372
ringCFRP,"nTOF 5 ns, no veto, strict",14.0,no Be window + air,"no MM loss, no dead time",False,20912791051.82548,0.006705038895704212,1.0,147.88341446406952,0.0,28351.05862592483,3852.3241448669323,5725.143327444266,32.11264104990914,0.0,12.307349212172454,10573.503697055372
ringCFRP,"nTOF 5 ns, no veto, strict",14.0,no Be window + air,"no MM loss, no dead time",False,25985264452.18819,0.005845894639839649,1.0,193.66357333184118,0.0,35227.710833453784,4786.71935332988,7113.797628525235,39.9016787320334,0.0,19.0018029025984,10573.503697055372
ringCFRP,"nTOF 5 ns, no veto, strict",14.0,no Be window + air,"no MM loss, no dead time",False,32288084693.086143,0.0051123305494512016,1.0,255.93858848434525,0.0,43772.32000185866,5947.7555122335825,8839.275072297989,49.5799757846112,0.0,29.337634556764332,10573.503697055372
ringCFRP,"nTOF 5 ns, no veto, strict",14.0,no Be window + air,"no MM loss, no dead time",False,40119676867.86863,0.004482942829407541,1.0,341.64156881981694,0.0,54389.45514806437,7390.405207001703,10983.27333496924,61.60577892752141,0.0,45.2955335763722,10573.503697055372
ringCFRP,"nTOF 5 ns, no veto, strict",14.0,no Be window + air,"no MM loss, no dead time",False,49850850159.80715,0.003940428974082215,1.0,460.98222520731747,0.0,67581.81497297165,9182.974823248442,13647.306160739883,76.54848428636478,0.0,69.93356461641606,10573.503697055372
ringCFRP,"nTOF 5 ns, no veto, strict",14.0,no Be window + air,"no MM loss, no dead time",False,61942354865.91934,0.003470782298595252,1.0,629.1091792092582,0.0,83974.02957259624,11410.338708427318,16957.509821045493,95.11559708438483,0.0,107.97319456922276,10573.503697055372
ringCFRP,"nTOF 5 ns, no veto, strict",14.0,no Be window + air,"no MM loss, no dead time",False,76966697940.67009,0.003062641450917814,1.0,868.6473693727146,0.0,104342.23534066777,14177.95779113098,21070.6153979376,118.18623050555335,0.0,166.70408278811828,10573.503697055372
ringCFRP,"nTOF 5 ns, no veto, strict",14.0,no Be window + air,"no MM loss, no dead time",False,95635249979.00362,0.002706763610667724,1.0,1213.5794974568635,0.0,129650.82337123205,17616.87293109262,26181.369666482817,146.8527298285227,0.0,257.38102247601046,10573.503697055372
ringCFRP,"nTOF 5 ns, no veto, strict",14.0,no Be window + air,"no MM loss, no dead time",False,118831927096.53207,0.00239559694385377,1.0,1715.193821360439,0.0,161098.1013197339,21889.909424360547,32531.75593913219,182.4723926454,0.0,397.38073371000957,10573.503697055372
ringCFRP,"nTOF 5 ns, no veto, strict",14.0,no Be window + air,"no MM loss, no dead time",False,147655042472.05704,0.002122933506658248,1.0,2451.211365593407,0.0,200173.0307142957,27199.386433730266,40422.45145937164,226.7317340073726,0.0,613.5318214404294,10573.503697055372
ringCFRP,"nTOF 5 ns, no veto, strict",14.0,no Be window + air,"no MM loss, no dead time",False,183469309133.68265,0.0018836283641246966,1.0,3539.8084203055914,0.0,248725.72610784622,33796.69636951905,50227.063827801394,281.7263393147364,0.0,947.2560292636213,10573.503697055372
ringCFRP,"nTOF 5 ns, no veto, strict",14.0,no Be window + air,"no MM loss, no dead time",False,227970456209.51935,0.0016733742442044464,1.0,5161.180245808152,0.0,309055.054055577,41994.20778392951,62409.82052505262,350.06008581534115,0.0,1462.5060243324388,10573.503697055372
ringCFRP,"nTOF 5 ns, no veto, strict",14.0,no Be window + air,"no MM loss, no dead time",False,283265518084.60077,0.0014885235065443894,1.0,7590.727037603799,0.0,384017.47954242915,52180.0553556573,77547.54909271345,434.96843063773184,0.0,2258.020857224245,10573.503697055372
ringCFRP,"nTOF 5 ns, no veto, strict",14.0,no Be window + air,"no MM loss, no dead time",False,351972597984.32916,0.0013259505403269158,1.0,11250.15798355491,0.0,477162.31350677303,64836.51723896585,96356.98868694561,540.4716027843696,0.0,3486.247650834119,10573.503697055372
ringCFRP,"nTOF 5 ns, no veto, strict",14.0,no Be window + air,"no MM loss, no dead time",False,437344829577.31195,0.0011829481052015073,1.0,16786.22749609944,0.0,592899.7651420204,80562.84990550444,119728.72614859478,671.5649523990235,0.0,5382.555543746027,10573.503697055372
ringCFRP,"nTOF 5 ns, no veto, strict",14.0,no Be window + air,"no MM loss, no dead time",False,543424405915.04004,0.0010571510386729014,1.0,25192.09374750198,0.0,736709.7558941478,100103.66165991696,148769.36339031986,834.4554699400833,0.0,8310.34025209857,10573.503697055372
ringCFRP,"nTOF 5 ns, no veto, strict",14.0,no Be window + air,"no MM loss, no dead time",False,675233968650.1552,0.0009464807273106908,1.0,37994.43363181624,0.0,915401.3820525114,124384.16825468416,184853.9126365775,1036.8556739381413,0.0,12830.662785429551,10573.503697055372
ringCFRP,"nTOF 5 ns, no veto, strict",14.0,no Be window + air,"no MM loss, no dead time",False,839014419404.4929,0.0008491042053996651,1.0,57542.019754647066,0.0,1137435.3109341038,154553.9998823497,229690.90031929815,1288.3487822962088,0.0,19809.76741257191,10573.503697055372
ringCFRP,"nTOF 5 ns, no veto, strict",14.0,no Be window + air,"no MM loss, no dead time",False,1042520413147.9036,0.0007634028381418819,1.0,87450.87172097161,0.0,1413324.3754328806,192041.63371276783,285403.26215984265,1600.8424572146862,0.0,30585.082898900157,10573.503697055372
ringCFRP,"nTOF 5 ns, no veto, strict",14.0,no Be window + air,"no MM loss, no dead time",False,1295387524568.9966,0.0006879471008358052,1.0,133291.05307206346,0.0,1756131.3342315194,238622.02923989677,354628.859646803,1989.1326075953607,0.0,47221.51837779467,10573.503697055372
ringCFRP,"nTOF 5 ns, no veto, strict",14.0,no Be window + air,"no MM loss, no dead time",False,1609588471982.2002,0.0006214756031358639,1.0,203646.43570514966,0.0,2182087.365559786,296500.6688275234,440645.37715044565,2471.6039437655204,0.0,72907.16867681168,10573.503697055372
ringCFRP,"nTOF 5 ns, no veto, strict",14.0,no Be window + air,"no MM loss, no dead time",True,2000000000000.0002,0.0005628777482357667,1.0,311750.15593332937,0.0,2711360.5788597087,368417.9825945005,547525.5132857569,3071.100454294075,0.0,112564.25941120512,10573.503697055372
ringCFRP,"nTOF 5 ns, no veto, strict",14.0,oracle: no accidentals,MM occ + DREAM,False,1000000000.0,0.07104710974475166,0.9975767502584543,8.151463574098505,0.011601140715263488,1321.377713924616,179.54797875470226,266.8357785762329,1.4966964295227103,0.0,0.0,10547.88145695425
ringCFRP,"nTOF 5 ns, no veto, strict",14.0,oracle: no accidentals,MM occ + DREAM,False,1242553630.827767,0.05888819105187461,0.9969661030548177,10.211843914211238,0.014415039517494486,1631.6690387426179,221.71017023795386,329.49524859056197,1.8481568129339212,0.0,0.0,10541.424776489002
ringCFRP,"nTOF 5 ns, no veto, strict",14.0,oracle: no accidentals,MM occ + DREAM,False,1543939525.4832668,0.04902276308702872,0.9961949958466924,12.817239964411407,0.017911459690988518,2011.7510045502038,273.3554704444921,406.24806968047346,2.278667570876552,0.0,0.0,10533.271471573065
ringCFRP,"nTOF 5 ns, no veto, strict",14.0,oracle: no accidentals,MM occ + DREAM,False,1918427663.1677406,0.04100719999382928,0.9952178871482318,16.124467586654827,0.022255949272463067,2475.6520844481024,336.39005954044757,499.9271173384338,2.804118456431993,0.0,0.0,10522.940009137466
ringCFRP,"nTOF 5 ns, no veto, strict",14.0,oracle: no accidentals,MM occ + DREAM,False,2383749258.3495045,0.034485320344621664,0.993974676873124,20.341770866186813,0.027654210576017583,3039.296225910653,412.97767356638235,613.7480345085811,3.4425461861859703,0.0,0.0,10509.794920697399
ringCFRP,"nTOF 5 ns, no veto, strict",14.0,oracle: no accidentals,MM occ + DREAM,False,2961936295.9451733,0.029171251869471306,0.992385350761288,25.748580633786652,0.034361839758906276,3720.2063130758243,505.499311078402,751.2493494879967,4.213798558272102,0.0,0.0,10492.990175178073
ringCFRP,"nTOF 5 ns, no veto, strict",14.0,oracle: no accidentals,MM occ + DREAM,False,3680364698.807223,0.024835681018180684,0.9903424181466532,32.7240277732571,0.042696428754350924,4536.781595164014,616.4550505728474,916.1465615916812,5.138716010911701,0.0,0.0,10471.389219624398
ringCFRP,"nTOF 5 ns, no veto, strict",14.0,oracle: no accidentals,MM occ + DREAM,False,4573050519.273255,0.021294860732624963,0.9877001990146874,41.78849006195182,0.053052602572097804,5506.904145282228,748.2746969786738,1112.0507328572194,6.237553187943302,0.0,0.0,10443.451705864127
ringCFRP,"nTOF 5 ns, no veto, strict",14.0,oracle: no accidentals,MM occ + DREAM,False,5682260526.681813,0.01840186402476533,0.9842596516298998,53.66466143971506,0.06592070395082295,6645.5374518851695,902.9914797645266,1341.9835534871581,7.527258914451027,0.0,0.0,10407.073065371182
ringCFRP,"nTOF 5 ns, no veto, strict",14.0,oracle: no accidentals,MM occ + DREAM,False,7060513448.737786,0.016039665022304205,0.9797469945069353,69.36801650065601,0.08191001004081737,7960.885462459126,1081.7201461926375,1607.6017085396986,9.017125627246328,0.0,0.0,10359.358468597971
ringCFRP,"nTOF 5 ns, no veto, strict",14.0,oracle: no accidentals,MM occ + DREAM,False,8773066621.237415,0.014115717740455617,0.9737839480588676,90.34173220546873,0.10177758037735649,9448.621180482765,1283.8727466772855,1908.0314149371509,10.702252229409092,0.0,0.0,10296.308174933614
ringCFRP,"nTOF 5 ns, no veto, strict",14.0,oracle: no accidentals,MM occ + DREAM,False,10901005783.71244,0.012557793580546796,0.9658472446361338,118.6590967258885,0.12646410203474917,11083.756437149466,1506.0539044426014,2238.226623084122,12.554335153655662,0.0,0.0,10212.389411950908
ringCFRP,"nTOF 5 ns, no veto, strict",14.0,oracle: no accidentals,MM occ + DREAM,False,13545084316.226381,0.011310935519290485,0.9552157165310303,157.32868275927478,0.1571384291526508,12810.077248866643,1740.6252984957014,2586.8356188410958,14.509702016498977,0.0,0.0,10099.976910226249
ringCFRP,"nTOF 5 ns, no veto, strict",14.0,oracle: no accidentals,MM occ + DREAM,False,16830493696.995401,0.010335499060834637,0.9409060135190672,210.7564041547099,0.1952529256861989,14528.000466321399,1974.0556326835333,2933.748824984271,16.455557102946564,0.0,0.0,9948.673212525493
ringCFRP,"nTOF 5 ns, no veto, strict",14.0,oracle: no accidentals,MM occ + DREAM,False,20912791051.82548,0.009606401532600322,0.9216051516744985,285.44758061068666,0.24261223174113059,16083.622338124369,2185.4325613584206,3247.8872949754814,18.21757690748806,0.0,0.0,9744.595478455589
ringCFRP,"nTOF 5 ns, no veto, strict",14.0,oracle: no accidentals,MM occ + DREAM,False,25985264452.18819,0.009113947105005725,0.8956232668778483,391.0768139370662,0.30145870943316944,17264.980098169166,2345.9547162025774,3486.447787071544,19.55567571361706,0.0,0.0,9469.875923501744
ringCFRP,"nTOF 5 ns, no veto, strict",14.0,oracle: no accidentals,MM occ + DREAM,True,32288084693.086143,0.008867054549875106,0.860916780907967,542.1223305997158,0.3745786139508375,17815.822965092288,2420.8029010366795,3597.6836462204305,20.179603711996275,0.0,0.0,9102.906765787402
ringCFRP,"nTOF 5 ns, no veto, strict",14.0,oracle: no accidentals,MM occ + DREAM,False,40119676867.86863,0.008900662562345943,0.8152686509392165,760.3675858191277,0.46543401679504554,17480.12769293477,2375.1888370501038,3529.894165312307,19.799368817801227,0.0,0.0,8620.246094799155
ringCFRP,"nTOF 5 ns, no veto, strict",14.0,oracle: no accidentals,MM occ + DREAM,False,49850850159.80715,0.00929120365386584,0.7567367507559052,1078.7365983222912,0.5783267274794381,16085.9407203603,2185.747581689138,3248.3554634048724,18.220202889732363,0.0,0.0,8001.358831815235
ringCFRP,"nTOF 5 ns, no veto, strict",14.0,oracle: no accidentals,MM occ + DREAM,False,61942354865.91934,0.010189148781236043,0.6844344867044478,1547.18193787582,0.7186019750343164,13655.485112706476,1855.498791196693,2757.555211872647,15.467277521190502,0.0,0.0,7236.870575561676
ringCFRP,"nTOF 5 ns, no veto, strict",14.0,oracle: no accidentals,MM occ + DREAM,False,76966697940.67009,0.011891065595546792,0.5995072083756415,2241.7337499660734,0.8929014931988943,10487.939248641633,1425.0946368716677,2117.9087596078352,11.879465697866728,0.0,0.0,6338.891684171194
ringCFRP,"nTOF 5 ns, no veto, strict",14.0,oracle: no accidentals,MM occ + DREAM,False,95635249979.00362,0.015012516780359338,0.5058248517132627,3278.419122977498,1.1094779923458207,7130.091486290864,968.8323794241544,1439.8332081849628,8.076102962268228,0.0,0.0,5348.34093965267
ringCFRP,"nTOF 5 ns, no veto, strict",14.0,oracle: no accidentals,MM occ + DREAM,False,118831927096.53207,0.020948645123954616,0.4097122877520586,4834.6884103043685,1.378585907712801,4189.333223871019,569.2439828138904,845.9836886356601,4.745168631326204,0.0,0.0,4332.094389275407
ringCFRP,"nTOF 5 ns, no veto, strict",14.0,oracle: no accidentals,MM occ + DREAM,False,147655042472.05704,0.033269651238320985,0.3184348253854804,7182.416231231319,1.7129669250365407,2072.8217457939086,281.6537246346518,418.58054556247646,2.3478411004468955,0.0,0.0,3366.97180348456
ringCFRP,"nTOF 5 ns, no veto, strict",14.0,oracle: no accidentals,MM occ + DREAM,False,183469309133.68265,0.06265817699635305,0.2380868144633538,10738.75368497896,2.1284532721920293,838.8900233301814,113.98785260200921,169.40339628575975,0.9501928853873003,0.0,0.0,2517.411812948409
ringCFRP,"nTOF 5 ns, no veto, strict",14.0,oracle: no accidentals,MM occ + DREAM,False,227970456209.51935,0.1479530489928316,0.17208545808722064,16144.517664124667,2.6447173414094474,268.2920026356908,36.45534980775199,54.17822977840492,0.30388864454334535,0.0,0.0,1819.5462272946954
ringCFRP,"nTOF 5 ns, no veto, strict",14.0,oracle: no accidentals,MM occ + DREAM,False,283265518084.60077,0.46856016295138697,0.12096652804534391,24385.065845817928,3.2862031350814687,64.96155807005387,8.826935951259577,13.118177900597528,0.07358057502794285,0.0,0.0,1279.0400315073966
ringCFRP,"nTOF 5 ns, no veto, strict",14.0,oracle: no accidentals,MM occ + DREAM,False,351972597984.32916,2.132688768697733,0.08320114418426024,36976.729800208705,4.083283637133069,11.274578922547237,1.5319827446168142,2.2767608483282675,0.012770475723878558,0.0,0.0,879.7276056315127
ringCFRP,"nTOF 5 ns, no veto, strict",14.0,oracle: no accidentals,MM occ + DREAM,False,437344829577.31195,14.873587289963208,0.05629420731820741,56254.419644260466,5.073698909019326,1.3076337116560413,0.1776804523076326,0.26406034842674425,0.0014811288905019172,0.0,0.0,595.2270092018679
ringCFRP,"nTOF 5 ns, no veto, strict",14.0,oracle: no accidentals,MM occ + DREAM,False,543424405915.04004,171.00808178065085,0.0376322093065797,85815.3740087812,6.304343001128845,0.09267730190656973,0.012592933919205794,0.01871502731579665,0.00010497360852967626,0.0,0.0,397.9043042314821
ringCFRP,"nTOF 5 ns, no veto, strict",14.0,oracle: no accidentals,MM occ + DREAM,False,675233968650.1552,3598.1270680204543,0.024938422400846386,131203.9175607449,7.833484286036265,0.0035842850549780082,0.00048703041539166015,0.0007238017435934863,4.059843440407262e-06,0.0,0.0,263.6865014540778
ringCFRP,"nTOF 5 ns, no veto, strict",14.0,oracle: no accidentals,MM occ + DREAM,False,839014419404.4929,159517.16541286296,0.016423453705986232,200968.23094068162,9.733524341646621,6.560838917897048e-05,8.914826958484681e-06,1.3248797390192569e-05,7.431322686626116e-08,0.0,0.0,173.65344847866322
ringCFRP,"nTOF 5 ns, no veto, strict",14.0,oracle: no accidentals,MM occ + DREAM,False,1042520413147.9036,17816280.50292609,0.010767643641064065,308291.3751876331,12.09442601146346,4.7563911909210104e-07,6.462954653291956e-08,9.604939853821002e-08,5.387463128707555e-10,0.0,0.0,113.85171984736567
ringCFRP,"nTOF 5 ns, no veto, strict",14.0,oracle: no accidentals,MM occ + DREAM,False,1295387524568.9966,6264903111.348482,0.00703701934402749,473508.7934555755,15.027972953321772,1.0934886540704965e-09,1.485825555861904e-10,2.2081642008821097e-10,1.238571338856616e-12,0.0,0.0,74.40595005032483
ringCFRP,"nTOF 5 ns, no veto, strict",14.0,oracle: no accidentals,MM occ + DREAM,False,1609588471982.2002,9152690693825.418,0.0045883703162878904,727994.3099410735,18.67306235713145,6.043864405357655e-13,8.212365218620339e-14,1.2204831723874492e-13,6.845756652843217e-16,0.0,0.0,48.51515050272914
ringCFRP,"nTOF 5 ns, no veto, strict",14.0,oracle: no accidentals,MM occ + DREAM,False,2000000000000.0002,7.843141469929802e+16,0.0029867925165031565,1120158.7943658223,23.20228143052698,5.690451763328749e-17,7.732150327193244e-18,1.149115889209668e-17,6.445453670661221e-20,0.0,0.0,31.580861715583456
ringCFRP,"nTOF 5 ns, no veto, strict",14.0,oracle: no accidentals,"MM occ ÷10, DAQ 10 µs",False,1000000000.0,0.06964990292190744,0.9999184920083534,8.151463574098505,0.001160114071526349,1352.4282054805515,183.76710016068515,273.10603877677335,1.5318666608327753,0.0,0.0,10572.641872004357
ringCFRP,"nTOF 5 ns, no veto, strict",14.0,oracle: no accidentals,"MM occ ÷10, DAQ 10 µs",False,1242553630.827767,0.05747322559058478,0.9998978919879687,10.211843914211238,0.0014415039517494486,1679.484510822724,228.20730673020344,339.1509878890477,1.9023163810756314,0.0,0.0,10572.424057612661
ringCFRP,"nTOF 5 ns, no veto, strict",14.0,oracle: no accidentals,"MM occ ÷10, DAQ 10 µs",False,1543939525.4832668,0.04758610248494105,0.9998718440264146,12.817239964411407,0.0017911459690988518,2085.336460637639,283.3542162739496,421.10773642077254,2.362016251749754,0.0,0.0,10572.148639394869
ringCFRP,"nTOF 5 ns, no veto, strict",14.0,oracle: no accidentals,"MM occ ÷10, DAQ 10 µs",False,1918427663.1677406,0.03954411659536498,0.9998387813197873,16.124467586654827,0.0022255949272463067,2588.8063235451195,351.7653869001422,522.7772071881982,2.9322858561521357,0.0,0.0,10571.79905074411
ringCFRP,"nTOF 5 ns, no veto, strict",14.0,oracle: no accidentals,"MM occ ÷10, DAQ 10 µs",False,2383749258.3495045,0.032990117746567967,0.9997966236616869,20.341770866186813,0.0027654210576017585,3213.124135033649,436.59730132708665,648.8504166513446,3.6394373613542452,0.0,0.0,10571.353296590327
ringCFRP,"nTOF 5 ns, no veto, strict",14.0,oracle: no accidentals,"MM occ ÷10, DAQ 10 µs",False,2961936295.9451733,0.027637028311023742,0.9997425804755361,25.748580633786652,0.0034361839758906276,3986.911116625563,541.738993265336,805.1070641711397,4.515889416172118,0.0,0.0,10570.781870761759
ringCFRP,"nTOF 5 ns, no veto, strict",14.0,oracle: no accidentals,"MM occ ÷10, DAQ 10 µs",False,3680364698.807223,0.02325401622295282,0.9996728667734354,32.7240277732571,0.004269642875435092,4945.355061756518,671.9717581171302,998.6528865545833,5.601498485750385,0.0,0.0,10570.044752674867
ringCFRP,"nTOF 5 ns, no veto, strict",14.0,oracle: no accidentals,"MM occ ÷10, DAQ 10 µs",False,4573050519.273255,0.019655404811332367,0.9995822896542268,41.78849006195182,0.00530526025720978,6131.598978692336,833.1578409089258,1238.2000772036206,6.9451317378563475,0.0,0.0,10569.087035170043
ringCFRP,"nTOF 5 ns, no veto, strict",14.0,oracle: no accidentals,"MM occ ÷10, DAQ 10 µs",False,5682260526.681813,0.016691796748012796,0.9994636412207257,53.66466143971506,0.006592070395082295,7598.355764507211,1032.459837183421,1534.393349422841,8.606495949749338,0.0,0.0,10567.832505519771
ringCFRP,"nTOF 5 ns, no veto, strict",14.0,oracle: no accidentals,"MM occ ÷10, DAQ 10 µs",False,7060513448.737786,0.014242973105150537,0.9993068006936027,69.36801650065601,0.008191001004081737,9409.743740841406,1278.5901044522768,1900.1806000138836,10.658216580489768,0.0,0.0,10566.174151626386
ringCFRP,"nTOF 5 ns, no veto, strict",14.0,oracle: no accidentals,"MM occ ÷10, DAQ 10 µs",False,8773066621.237415,0.012212203175384524,0.9990973981041329,90.34173220546873,0.01017775803773565,11643.304321232254,1582.0849215733067,2351.2203520735848,13.188123139807118,0.0,0.0,10563.960032572453
ringCFRP,"nTOF 5 ns, no veto, strict",14.0,oracle: no accidentals,"MM occ ÷10, DAQ 10 µs",False,10901005783.71244,0.01052167194981601,0.998814815362127,118.6590967258885,0.012646410203474918,14392.104214226001,1955.5901347967877,2906.306268740632,16.301630308848765,0.0,0.0,10560.972142905131
ringCFRP,"nTOF 5 ns, no veto, strict",14.0,oracle: no accidentals,"MM occ ÷10, DAQ 10 µs",False,13545084316.226381,0.009108797173136557,0.9984291845157172,157.32868275927478,0.01571384291526508,17766.7254483847,2414.131561120904,3587.7690139704914,20.123991999175402,0.0,0.0,10556.894673724917
ringCFRP,"nTOF 5 ns, no veto, strict",14.0,oracle: no accidentals,"MM occ ÷10, DAQ 10 µs",False,16830493696.995401,0.007923261373079638,0.9978968684428973,210.7564041547099,0.01952529256861989,21896.784459233324,2975.321400877667,4421.783013232209,24.802021990233563,0.0,0.0,10551.266227760956
ringCFRP,"nTOF 5 ns, no veto, strict",14.0,oracle: no accidentals,"MM occ ÷10, DAQ 10 µs",False,20912791051.82548,0.006924623786695579,0.9971536490338616,285.44758061068666,0.02426122317411306,26931.362910109554,3659.416777401005,5438.453452415449,30.504581910968163,0.0,0.0,10543.407794591792
ringCFRP,"nTOF 5 ns, no veto, strict",14.0,oracle: no accidentals,"MM occ ÷10, DAQ 10 µs",False,25985264452.18819,0.006080404668709881,0.9961044663893597,391.0768139370662,0.030145870943316944,33037.32984735645,4489.091752521908,6671.477457960287,37.420680780698696,0.0,0.0,10532.314258021266
ringCFRP,"nTOF 5 ns, no veto, strict",14.0,oracle: no accidentals,"MM occ ÷10, DAQ 10 µs",False,32288084693.086143,0.005364554407257735,0.99460800788731,542.1223305997158,0.03745786139508375,40393.92288533684,5488.701021371469,8157.049834633486,45.75333723264868,0.0,0.0,10516.491448517354
ringCFRP,"nTOF 5 ns, no veto, strict",14.0,oracle: no accidentals,"MM occ ÷10, DAQ 10 µs",False,40119676867.86863,0.004756236121932116,0.9924537037325563,760.3675858191277,0.046543401679504555,49181.059452556015,6682.691651802025,9931.502667204404,55.70633991106051,0.0,0.0,10493.712905572484
ringCFRP,"nTOF 5 ns, no veto, strict",14.0,oracle: no accidentals,"MM occ ÷10, DAQ 10 µs",False,49850850159.80715,0.004238865199770469,0.9893277593821824,1078.7365983222912,0.05783267274794382,59557.60495268424,8092.65017567532,12026.916846118258,67.45963227944372,0.0,0.0,10460.660721427017
ringCFRP,"nTOF 5 ns, no veto, strict",14.0,oracle: no accidentals,"MM occ ÷10, DAQ 10 µs",False,61942354865.91934,0.0037993633729863337,0.9847639106437995,1547.18193787582,0.07186019750343164,71624.25926371843,9732.259629540758,14463.62745805367,81.12727494761725,0.0,0.0,10412.404849918921
ringCFRP,"nTOF 5 ns, no veto, strict",14.0,oracle: no accidentals,"MM occ ÷10, DAQ 10 µs",False,76966697940.67009,0.003427598860339844,0.9780741809851515,2241.7337499660734,0.08929014931988943,85364.14460239117,11599.226670745751,17238.22624480305,96.69015080948162,0.0,0.0,10341.670968640907
ringCFRP,"nTOF 5 ns, no veto, strict",14.0,oracle: no accidentals,"MM occ ÷10, DAQ 10 µs",False,95635249979.00362,0.0031159984946525915,0.968256493943098,3278.419122977498,0.11094779923458208,100553.60923429023,13663.161641257222,20305.54952299795,113.89493430276657,0.0,0.0,10237.863618405223
ringCFRP,"nTOF 5 ns, no veto, strict",14.0,oracle: no accidentals,"MM occ ÷10, DAQ 10 µs",False,118831927096.53207,0.0028593340729027488,0.9538827416419434,4834.6884103043685,0.13785859077128013,116638.77845580471,15848.804392164882,23553.749191815834,132.11426333216684,0.0,0.0,10085.882695308406
ringCFRP,"nTOF 5 ns, no veto, strict",14.0,oracle: no accidentals,"MM occ ÷10, DAQ 10 µs",False,147655042472.05704,0.0026547059522614735,0.9329888569060036,7182.416231231319,0.1712966925036541,132585.36996579147,18015.617290152324,26773.96481704108,150.17662833540766,0.0,0.0,9864.961127807097
ringCFRP,"nTOF 5 ns, no veto, strict",14.0,oracle: no accidentals,"MM occ ÷10, DAQ 10 µs",False,183469309133.68265,0.0025017768292705214,0.9030262367271377,10738.75368497896,0.21284532721920293,146739.1414485472,19938.822922201984,29632.142757831338,166.20830422889816,0.0,0.0,9548.151252572392
ringCFRP,"nTOF 5 ns, no veto, strict",14.0,oracle: no accidentals,"MM occ ÷10, DAQ 10 µs",False,227970456209.51935,0.002403356945441847,0.8609963002230328,16144.517664124667,0.26447173414094477,156790.55804870496,21304.603134144283,31661.901203152138,177.59333000810523,0.0,0.0,9103.747563559235
ringCFRP,"nTOF 5 ns, no veto, strict",14.0,oracle: no accidentals,"MM occ ÷10, DAQ 10 µs",True,283265518084.60077,0.002366529078912472,0.8039550352769477,24385.065845817928,0.3286203135081469,160009.87091308043,21742.041356150352,32312.00135664626,181.23977721154438,0.0,0.0,8500.62153776709
ringCFRP,"nTOF 5 ns, no veto, strict",14.0,oracle: no accidentals,"MM occ ÷10, DAQ 10 µs",False,351972597984.32916,0.0024046759757523485,0.7300510104589141,36976.729800208705,0.4083283637133069,153939.41494011428,20917.191588684345,31086.148348237213,174.3639008557006,0.0,0.0,7719.19705812634
ringCFRP,"nTOF 5 ns, no veto, strict",14.0,oracle: no accidentals,"MM occ ÷10, DAQ 10 µs",False,437344829577.31195,0.002541151923868829,0.6399818976491471,56254.419644260466,0.5073698909019326,137547.6200575588,18689.88473439876,27776.029444568358,155.79726346227693,0.0,0.0,6766.850960841771
ringCFRP,"nTOF 5 ns, no veto, strict",14.0,oracle: no accidentals,"MM occ ÷10, DAQ 10 µs",False,543424405915.04004,0.002816208552201615,0.5381686016748767,85815.3740087812,0.6304343001128845,112363.8216457339,15267.925929917976,22690.47488593475,127.27211068605237,0.0,0.0,5690.3276994484295
ringCFRP,"nTOF 5 ns, no veto, strict",14.0,oracle: no accidentals,"MM occ ÷10, DAQ 10 µs",False,675233968650.1552,0.003300840947332197,0.4325186227596109,131203.9175607449,0.7833484286036265,82643.47598143008,11229.543917202072,16688.82108829721,93.60850733389078,0.0,0.0,4573.237256794044
ringCFRP,"nTOF 5 ns, no veto, strict",14.0,oracle: no accidentals,"MM occ ÷10, DAQ 10 µs",False,839014419404.4929,0.004126319394627144,0.332260982122426,200968.23094068162,0.9733524341646622,53946.449749489824,7330.20991003757,10893.81391000965,61.10399613572867,0.0,0.0,3513.16272285872
ringCFRP,"nTOF 5 ns, no veto, strict",14.0,oracle: no accidentals,"MM occ ÷10, DAQ 10 µs",False,1042520413147.9036,0.00555195720416227,0.24492312617195086,308291.3751876331,1.2094426011463462,30815.06921960643,4187.132365910492,6222.719590655426,34.903573437376195,0.0,0.0,2589.6955800734822
ringCFRP,"nTOF 5 ns, no veto, strict",14.0,oracle: no accidentals,"MM occ ÷10, DAQ 10 µs",False,1295387524568.9966,0.008135964136544327,0.1743652427671906,473508.7934555755,1.5027972953321773,15160.159314158327,2059.952982233881,3061.405434119458,17.171589983233737,0.0,0.0,1843.6515390368477
ringCFRP,"nTOF 5 ns, no veto, strict",14.0,oracle: no accidentals,"MM occ ÷10, DAQ 10 µs",False,1609588471982.2002,0.013226277876752356,0.12077377682355904,727994.3099410735,1.8673062357131451,6293.948631180334,855.2178103246135,1270.984568319752,7.129021735888282,0.0,0.0,1277.001975751242
ringCFRP,"nTOF 5 ns, no veto, strict",14.0,oracle: no accidentals,"MM occ ÷10, DAQ 10 µs",False,2000000000000.0002,0.024646970528528135,0.08195654570680287,1120158.7943658223,2.3202281430526983,2145.094179222238,291.47405776498675,433.175063723502,2.4297025484834482,0.0,0.0,866.5678390287678
ringCFRP,"nTOF 5 ns, no veto, strict",14.0,oracle: no accidentals,"no MM loss, DREAM",False,1000000000.0,0.06958706847559622,0.9975767502584543,8.151463574098505,0.0,1352.3951375188744,183.76260690669872,273.0993611135988,1.5318292054559726,0.0,0.0,10547.88145695425
ringCFRP,"nTOF 5 ns, no veto, strict",14.0,oracle: no accidentals,"no MM loss, DREAM",False,1242553630.827767,0.05741186763952758,0.9969661030548177,10.211843914211238,0.0,1679.3948498856491,228.19512365805429,339.1328819790569,1.9022148240393852,0.0,0.0,10541.424776489002
ringCFRP,"nTOF 5 ns, no veto, strict",14.0,oracle: no accidentals,"no MM loss, DREAM",False,1543939525.4832668,0.04752649650301197,0.9961949958466924,12.817239964411407,0.0,2085.1241727796696,283.32537073235244,421.06486753077485,2.361775797808609,0.0,0.0,10533.271471573065
ringCFRP,"nTOF 5 ns, no veto, strict",14.0,oracle: no accidentals,"no MM loss, DREAM",False,1918427663.1677406,0.039486608629415165,0.9952178871482318,16.124467586654827,0.0,2588.337372159389,351.70166607864275,522.6825082941521,2.931754684892589,0.0,0.0,10522.940009137466
ringCFRP,"nTOF 5 ns, no veto, strict",14.0,oracle: no accidentals,"no MM loss, DREAM",False,2383749258.3495045,0.032935146618216726,0.993974676873124,20.341770866186813,0.0,3212.1304389159977,436.46227851904285,648.6497520915995,3.638311822898703,0.0,0.0,10509.794920697399
ringCFRP,"nTOF 5 ns, no veto, strict",14.0,oracle: no accidentals,"no MM loss, DREAM",False,2961936295.9451733,0.027585154446858676,0.992385350761288,25.748580633786652,0.0,3984.862498062658,541.4606282540806,804.6933711570395,4.513568989502102,0.0,0.0,10492.990175178073
ringCFRP,"nTOF 5 ns, no veto, strict",14.0,oracle: no accidentals,"no MM loss, DREAM",False,3680364698.807223,0.023205959848422792,0.9903424181466532,32.7240277732571,0.0,4941.212361660543,671.408850614619,997.8163198455583,5.596806137471094,0.0,0.0,10471.389219624398
ringCFRP,"nTOF 5 ns, no veto, strict",14.0,oracle: no accidentals,"no MM loss, DREAM",False,4573050519.273255,0.019612097765317332,0.9877001990146874,41.78849006195182,0.0,6123.340673602052,832.0357075694008,1236.5324153040253,6.935777731343078,0.0,0.0,10443.451705864127
ringCFRP,"nTOF 5 ns, no veto, strict",14.0,oracle: no accidentals,"no MM loss, DREAM",False,5682260526.681813,0.016654453792813946,0.9842596516298998,53.66466143971506,0.0,7582.075519726448,1030.2476876873193,1531.1057566734642,8.58805566278343,0.0,0.0,10407.073065371182
ringCFRP,"nTOF 5 ns, no veto, strict",14.0,oracle: no accidentals,"no MM loss, DREAM",False,7060513448.737786,0.01421319015771172,0.9797469945069353,69.36801650065601,0.0,9377.94121968987,1274.2687977343792,1893.7584767990506,10.62219454125319,0.0,0.0,10359.358468597971
ringCFRP,"nTOF 5 ns, no veto, strict",14.0,oracle: no accidentals,"no MM loss, DREAM",False,8773066621.237415,0.012192091438655961,0.9737839480588676,90.34173220546873,0.0,11581.673577327925,1573.7105745712638,2338.774790626132,13.118315307134909,0.0,0.0,10296.308174933614
ringCFRP,"nTOF 5 ns, no veto, strict",14.0,oracle: no accidentals,"no MM loss, DREAM",False,10901005783.71244,0.01051403865934767,0.9658472446361338,118.6590967258885,0.0,14273.559739621385,1939.482385601759,2882.3676879369,16.167357504024917,0.0,0.0,10212.389411950908
ringCFRP,"nTOF 5 ns, no veto, strict",14.0,oracle: no accidentals,"no MM loss, DREAM",False,13545084316.226381,0.009117385527195165,0.9552157165310303,157.32868275927478,0.0,17540.438814337118,2383.383874570495,3542.073245424385,19.867681942135153,0.0,0.0,10099.976910226249
ringCFRP,"nTOF 5 ns, no veto, strict",14.0,oracle: no accidentals,"no MM loss, DREAM",False,16830493696.995401,0.007953063421274689,0.9409060135190672,210.7564041547099,0.0,21468.43475318923,2917.117510264166,4335.283122920229,24.316839389628672,0.0,0.0,9948.673212525493
ringCFRP,"nTOF 5 ns, no veto, strict",14.0,oracle: no accidentals,"no MM loss, DREAM",False,20912791051.82548,0.006982278736865605,0.9216051516744985,285.44758061068666,0.0,26128.48168507805,3550.3217778294224,5276.321584647515,29.595175425470245,0.0,0.0,9744.595478455589
ringCFRP,"nTOF 5 ns, no veto, strict",14.0,oracle: no accidentals,"no MM loss, DREAM",False,25985264452.18819,0.00617468787807832,0.8956232668778483,391.0768139370662,0.0,31550.757461286044,4287.097224856729,6371.282671967661,35.73687185989412,0.0,0.0,9469.875923501744
ringCFRP,"nTOF 5 ns, no veto, strict",14.0,oracle: no accidentals,"no MM loss, DREAM",False,32288084693.086143,0.005506944177090948,0.860916780907967,542.1223305997158,0.0,37684.32482887358,5120.522529219752,7609.880240802821,42.684233149982425,0.0,0.0,9102.906765787402
ringCFRP,"nTOF 5 ns, no veto, strict",14.0,oracle: no accidentals,"no MM loss, DREAM",False,40119676867.86863,0.004961510111252136,0.8152686509392165,760.3675858191277,0.0,44342.01772388145,6025.165683006441,8954.318434697041,50.2252602763,0.0,0.0,8620.246094799155
ringCFRP,"nTOF 5 ns, no veto, strict",14.0,oracle: no accidentals,"no MM loss, DREAM",False,49850850159.80715,0.004525621728930335,0.7567367507559052,1078.7365983222912,0.0,51141.64307283334,6949.0945300183075,10327.418120649349,57.92705127415316,0.0,0.0,8001.358831815235
ringCFRP,"nTOF 5 ns, no veto, strict",14.0,oracle: no accidentals,"no MM loss, DREAM",False,61942354865.91934,0.004190291468235886,0.6844344867044478,1547.18193787582,0.0,57474.72182702405,7809.629317026345,11606.304530152907,65.100394868038,0.0,0.0,7236.870575561676
ringCFRP,"nTOF 5 ns, no veto, strict",14.0,oracle: no accidentals,"no MM loss, DREAM",False,76966697940.67009,0.003949263702849065,0.5995072083756415,2241.7337499660734,0.0,62553.92222475796,8499.787895828613,12631.98581597438,70.85349711882438,0.0,0.0,6338.891684171194
ringCFRP,"nTOF 5 ns, no veto, strict",14.0,oracle: no accidentals,"no MM loss, DREAM",False,95635249979.00362,0.00379792063566684,0.5058248517132627,3278.419122977498,0.0,65580.60850625587,8911.05213802132,13243.187429198782,74.28176028920032,0.0,0.0,5348.34093965267
ringCFRP,"nTOF 5 ns, no veto, strict",14.0,oracle: no accidentals,"no MM loss, DREAM",True,118831927096.53207,0.003732268106945954,0.4097122877520586,4834.6884103043685,0.0,66003.8716442211,8968.564868940108,13328.660150413465,74.76118144233874,0.0,0.0,4332.094389275407
ringCFRP,"nTOF 5 ns, no veto, strict",14.0,oracle: no accidentals,"no MM loss, DREAM",False,147655042472.05704,0.0037482328133833205,0.3184348253854804,7182.416231231319,0.0,63742.06408238915,8661.231869617102,12871.916272118066,72.19928012798488,0.0,0.0,3366.97180348456
ringCFRP,"nTOF 5 ns, no veto, strict",14.0,oracle: no accidentals,"no MM loss, DREAM",False,183469309133.68265,0.0038414604077339834,0.2380868144633538,10738.75368497896,0.0,59218.315804101745,8046.547778003987,11958.40162660878,67.0753266778675,0.0,0.0,2517.411812948409
ringCFRP,"nTOF 5 ns, no veto, strict",14.0,oracle: no accidentals,"no MM loss, DREAM",False,227970456209.51935,0.004007603788902749,0.17208545808722064,16144.517664124667,0.0,53183.88055132473,7226.5924835074375,10739.822554194909,60.24025022558475,0.0,0.0,1819.5462272946954
ringCFRP,"nTOF 5 ns, no veto, strict",14.0,oracle: no accidentals,"no MM loss, DREAM",False,283265518084.60077,0.004242881700875351,0.12096652804534391,24385.065845817928,0.0,46453.26120897153,6312.0401295877155,9380.657772171406,52.61662086357842,0.0,0.0,1279.0400315073966
ringCFRP,"nTOF 5 ns, no veto, strict",14.0,oracle: no accidentals,"no MM loss, DREAM",False,351972597984.32916,0.004544632281842478,0.08320114418426024,36976.729800208705,0.0,39700.450445372204,5394.472419204471,8017.011708903693,44.96785575076054,0.0,0.0,879.7276056315127
ringCFRP,"nTOF 5 ns, no veto, strict",14.0,oracle: no accidentals,"no MM loss, DREAM",False,437344829577.31195,0.004911687931953429,0.05629420731820741,56254.419644260466,0.0,33376.822297821374,4535.221774726093,6740.033731753876,37.80521665799272,0.0,0.0,595.2270092018679
ringCFRP,"nTOF 5 ns, no veto, strict",14.0,oracle: no accidentals,"no MM loss, DREAM",False,543424405915.04004,0.005344538811722106,0.0376322093065797,85815.3740087812,0.0,27724.01573200781,3767.1219479410324,5598.519821511132,31.402402901805537,0.0,0.0,397.9043042314821
ringCFRP,"nTOF 5 ns, no veto, strict",14.0,oracle: no accidentals,"no MM loss, DREAM",False,675233968650.1552,0.005845339472332813,0.024938422400846386,131203.9175607449,0.0,22828.666331944085,3101.9449279132614,4609.964955780123,25.857544765383615,0.0,0.0,263.6865014540778
ringCFRP,"nTOF 5 ns, no veto, strict",14.0,oracle: no accidentals,"no MM loss, DREAM",False,839014419404.4929,0.006417834245194528,0.016423453705986232,200968.23094068162,0.0,18680.61617268031,2538.3104621427715,3772.317868080292,21.159136583205516,0.0,0.0,173.65344847866322
ringCFRP,"nTOF 5 ns, no veto, strict",14.0,oracle: no accidentals,"no MM loss, DREAM",False,1042520413147.9036,0.00706726163693326,0.010767643641064065,308291.3751876331,0.0,15218.173223890697,2067.835876066839,3073.120620934369,17.23730110477309,0.0,0.0,113.85171984736567
ringCFRP,"nTOF 5 ns, no veto, strict",14.0,oracle: no accidentals,"no MM loss, DREAM",False,1295387524568.9966,0.007800274071132861,0.00703701934402749,473508.7934555755,0.0,12357.930169640005,1679.1878356722466,2495.5301452849617,13.997564637484393,0.0,0.0,74.40595005032483
ringCFRP,"nTOF 5 ns, no veto, strict",14.0,oracle: no accidentals,"no MM loss, DREAM",False,1609588471982.2002,0.008624890160040772,0.0045883703162878904,727994.3099410735,0.0,10012.224895681362,1360.4548676077143,2021.844168526587,11.340634169193796,0.0,0.0,48.51515050272914
ringCFRP,"nTOF 5 ns, no veto, strict",14.0,oracle: no accidentals,"no MM loss, DREAM",False,2000000000000.0002,0.009550485005213426,0.0029867925165031565,1120158.7943658223,0.0,8098.271486479843,1100.3880733584442,1635.3451056764482,9.172739854314987,0.0,0.0,31.580861715583456
ringCFRP,"nTOF 5 ns, no veto, strict",14.0,oracle: no accidentals,"no MM loss, no dead time",False,1000000000.0,0.06950270391264554,1.0,8.151463574098505,0.0,1355.6802894298542,184.20899129725024,273.7627566428784,1.5355502271470374,0.0,0.0,10573.503697055372
ringCFRP,"nTOF 5 ns, no veto, strict",14.0,oracle: no accidentals,"no MM loss, no dead time",False,1242553630.827767,0.05732471063804688,1.0,10.211843914211238,0.0,1684.5054658727029,228.8895509675188,340.16490725202704,1.9080035100599533,0.0,0.0,10573.503697055372
ringCFRP,"nTOF 5 ns, no veto, strict",14.0,oracle: no accidentals,"no MM loss, no dead time",False,1543939525.4832668,0.04743599106927844,1.0,12.817239964411407,0.0,2093.0883827693465,284.40754261322775,422.67314058619684,2.3707966890571193,0.0,0.0,10573.503697055372
ringCFRP,"nTOF 5 ns, no veto, strict",14.0,oracle: no accidentals,"no MM loss, no dead time",False,1918427663.1677406,0.03939208077396583,1.0,16.124467586654827,0.0,2600.7745696534803,353.3916247088704,525.1940454887562,2.945842033942384,0.0,0.0,10573.503697055372
ringCFRP,"nTOF 5 ns, no veto, strict",14.0,oracle: no accidentals,"no MM loss, no dead time",False,2383749258.3495045,0.03283577425410192,1.0,20.341770866186813,0.0,3231.6018844874566,439.1080463861305,652.5817681111774,3.660366715120163,0.0,0.0,10573.503697055372
ringCFRP,"nTOF 5 ns, no veto, strict",14.0,oracle: no accidentals,"no MM loss, no dead time",False,2961936295.9451733,0.027479928111003145,1.0,25.748580633786652,0.0,4015.4386549597407,545.615297362774,810.867845378547,4.548201952033664,0.0,0.0,10573.503697055372
ringCFRP,"nTOF 5 ns, no veto, strict",14.0,oracle: no accidentals,"no MM loss, no dead time",False,3680364698.807223,0.02309363125644036,1.0,32.7240277732571,0.0,4989.397880086393,677.9562687732865,1007.5467853966023,5.651384849237369,0.0,0.0,10573.503697055372
ringCFRP,"nTOF 5 ns, no veto, strict",14.0,oracle: no accidentals,"no MM loss, no dead time",False,4573050519.273255,0.01949111213978187,1.0,41.78849006195182,0.0,6199.594451545711,842.3970233066927,1251.9309164233935,7.022148763624925,0.0,0.0,10573.503697055372
ringCFRP,"nTOF 5 ns, no veto, strict",14.0,oracle: no accidentals,"no MM loss, no dead time",False,5682260526.681813,0.016522860455356246,1.0,53.66466143971506,0.0,7703.328595427835,1046.7234799082385,1555.5913057474274,8.725396442454901,0.0,0.0,10573.503697055372
ringCFRP,"nTOF 5 ns, no veto, strict",14.0,oracle: no accidentals,"no MM loss, no dead time",False,7060513448.737786,0.014068524020751776,1.0,69.36801650065601,0.0,9571.798915708217,1300.6100604326568,1932.905625040573,10.841773029984019,0.0,0.0,10573.503697055372
ringCFRP,"nTOF 5 ns, no veto, strict",14.0,oracle: no accidentals,"no MM loss, no dead time",False,8773066621.237415,0.012031215803922683,1.0,90.34173220546873,0.0,11893.473496266528,1616.077752881719,2401.7389024415784,13.471484443017204,0.0,0.0,10573.503697055372
ringCFRP,"nTOF 5 ns, no veto, strict",14.0,oracle: no accidentals,"no MM loss, no dead time",False,10901005783.71244,0.01033293725344183,1.0,118.6590967258885,0.0,14778.278675939793,2008.063279543159,2984.289393529079,16.739041907310803,0.0,0.0,10573.503697055372
ringCFRP,"nTOF 5 ns, no veto, strict",14.0,oracle: no accidentals,"no MM loss, no dead time",False,13545084316.226381,0.008910889310872208,1.0,157.32868275927478,0.0,18362.803826173556,2495.1263189282663,3708.1396213703524,20.799157298507197,0.0,0.0,10573.503697055372
ringCFRP,"nTOF 5 ns, no veto, strict",14.0,oracle: no accidentals,"no MM loss, no dead time",False,16830493696.995401,0.007714496171122074,1.0,210.7564041547099,0.0,22816.768566390056,3100.3282669582495,4607.56235015005,25.844068419418065,0.0,0.0,10573.503697055372
ringCFRP,"nTOF 5 ns, no veto, strict",14.0,oracle: no accidentals,"no MM loss, no dead time",False,20912791051.82548,0.006703006321962362,1.0,285.44758061068666,0.0,28351.058625924838,3852.3241448669323,5725.143327444267,32.11264104990914,0.0,0.0,10573.503697055372
ringCFRP,"nTOF 5 ns, no veto, strict",14.0,oracle: no accidentals,"no MM loss, no dead time",False,25985264452.18819,0.005843562496774099,1.0,391.0768139370662,0.0,35227.710833453784,4786.7193533298805,7113.797628525237,39.90167873203341,0.0,0.0,10573.503697055372
ringCFRP,"nTOF 5 ns, no veto, strict",14.0,oracle: no accidentals,"no MM loss, no dead time",False,32288084693.086143,0.00510965126811074,1.0,542.1223305997158,0.0,43772.32000185866,5947.7555122335825,8839.275072297989,49.5799757846112,0.0,0.0,10573.503697055372
ringCFRP,"nTOF 5 ns, no veto, strict",14.0,oracle: no accidentals,"no MM loss, no dead time",False,40119676867.86863,0.004479858041728346,1.0,760.3675858191277,0.0,54389.45514806437,7390.405207001702,10983.27333496924,61.6057789275214,0.0,0.0,10573.503697055372
ringCFRP,"nTOF 5 ns, no veto, strict",14.0,oracle: no accidentals,"no MM loss, no dead time",False,49850850159.80715,0.0039368662810847985,1.0,1078.7365983222912,0.0,67581.81497297165,9182.97482324844,13647.306160739883,76.54848428636478,0.0,0.0,10573.503697055372
ringCFRP,"nTOF 5 ns, no veto, strict",14.0,oracle: no accidentals,"no MM loss, no dead time",False,61942354865.91934,0.0034666514223416415,1.0,1547.18193787582,0.0,83974.02957259624,11410.33870842732,16957.509821045493,95.11559708438483,0.0,0.0,10573.503697055372
ringCFRP,"nTOF 5 ns, no veto, strict",14.0,oracle: no accidentals,"no MM loss, no dead time",False,76966697940.67009,0.0030578300086242377,1.0,2241.7337499660734,0.0,104342.23534066777,14177.957791130984,21070.6153979376,118.18623050555335,0.0,0.0,10573.503697055372
ringCFRP,"nTOF 5 ns, no veto, strict",14.0,oracle: no accidentals,"no MM loss, no dead time",False,95635249979.00362,0.00270113298640054,1.0,3278.419122977498,0.0,129650.82337123205,17616.87293109262,26181.369666482817,146.8527298285227,0.0,0.0,10573.503697055372
ringCFRP,"nTOF 5 ns, no veto, strict",14.0,oracle: no accidentals,"no MM loss, no dead time",False,118831927096.53207,0.002388978978505993,1.0,4834.6884103043685,0.0,161098.10131973392,21889.909424360547,32531.75593913219,182.4723926454,0.0,0.0,10573.503697055372
ringCFRP,"nTOF 5 ns, no veto, strict",14.0,oracle: no accidentals,"no MM loss, no dead time",False,147655042472.05704,0.0021151288904523234,1.0,7182.416231231319,0.0,200173.03071429566,27199.386433730262,40422.45145937163,226.73173400737258,0.0,0.0,10573.503697055372
ringCFRP,"nTOF 5 ns, no veto, strict",14.0,oracle: no accidentals,"no MM loss, no dead time",False,183469309133.68265,0.0018744075876174116,1.0,10738.75368497896,0.0,248725.72610784622,33796.69636951905,50227.063827801394,281.7263393147364,0.0,0.0,10573.503697055372
ringCFRP,"nTOF 5 ns, no veto, strict",14.0,oracle: no accidentals,"no MM loss, no dead time",False,227970456209.51935,0.0016624816663461076,1.0,16144.517664124667,0.0,309055.054055577,41994.207783929516,62409.82052505263,350.06008581534115,0.0,0.0,10573.503697055372
ringCFRP,"nTOF 5 ns, no veto, strict",14.0,oracle: no accidentals,"no MM loss, no dead time",False,283265518084.60077,0.0014756845519297633,1.0,24385.065845817928,0.0,384017.4795424291,52180.0553556573,77547.54909271344,434.9684306377318,0.0,0.0,10573.503697055372
ringCFRP,"nTOF 5 ns, no veto, strict",14.0,oracle: no accidentals,"no MM loss, no dead time",False,351972597984.32916,0.0013108813912931351,1.0,36976.729800208705,0.0,477162.31350677303,64836.51723896585,96356.9886869456,540.4716027843695,0.0,0.0,10573.503697055372
ringCFRP,"nTOF 5 ns, no veto, strict",14.0,oracle: no accidentals,"no MM loss, no dead time",False,437344829577.31195,0.001165366742277949,1.0,56254.419644260466,0.0,592899.7651420204,80562.84990550444,119728.72614859478,671.5649523990236,0.0,0.0,10573.503697055372
ringCFRP,"nTOF 5 ns, no veto, strict",14.0,oracle: no accidentals,"no MM loss, no dead time",False,543424405915.04004,0.0010367883129321603,1.0,85815.3740087812,0.0,736709.7558941478,100103.66165991696,148769.36339031986,834.4554699400834,0.0,0.0,10573.503697055372
ringCFRP,"nTOF 5 ns, no veto, strict",14.0,oracle: no accidentals,"no MM loss, no dead time",False,675233968650.1552,0.000923090383256045,1.0,131203.9175607449,0.0,915401.3820525111,124384.16825468413,184853.91263657744,1036.8556739381409,0.0,0.0,10573.503697055372
ringCFRP,"nTOF 5 ns, no veto, strict",14.0,oracle: no accidentals,"no MM loss, no dead time",False,839014419404.4929,0.0008224712798451419,1.0,200968.23094068162,0.0,1137435.3109341038,154553.9998823497,229690.90031929815,1288.3487822962086,0.0,0.0,10573.503697055372
ringCFRP,"nTOF 5 ns, no veto, strict",14.0,oracle: no accidentals,"no MM loss, no dead time",False,1042520413147.9036,0.0007333503551025767,1.0,308291.3751876331,0.0,1413324.3754328806,192041.6337127678,285403.26215984265,1600.842457214686,0.0,0.0,10573.503697055372
ringCFRP,"nTOF 5 ns, no veto, strict",14.0,oracle: no accidentals,"no MM loss, no dead time",False,1295387524568.9966,0.0006543411528121163,1.0,473508.7934555755,0.0,1756131.3342315194,238622.02923989674,354628.859646803,1989.1326075953607,0.0,0.0,10573.503697055372
ringCFRP,"nTOF 5 ns, no veto, strict",14.0,oracle: no accidentals,"no MM loss, no dead time",False,1609588471982.2002,0.000584228586984509,1.0,727994.3099410735,0.0,2182087.365559786,296500.6688275234,440645.37715044565,2471.6039437655204,0.0,0.0,10573.503697055372
ringCFRP,"nTOF 5 ns, no veto, strict",14.0,oracle: no accidentals,"no MM loss, no dead time",True,2000000000000.0002,0.0005219488611337834,1.0,1120158.7943658223,0.0,2711360.5788597083,368417.9825945004,547525.5132857569,3071.1004542940746,0.0,0.0,10573.503697055372
ringCFRP,"nTOF 5 ns, no veto, strict",14.0,oracle: IPC only,MM occ + DREAM,False,1000000000.0,0.02313333362493743,0.9975767502584543,8.151463574098505,0.011601140715263488,1321.377713924616,179.54797875470226,266.8357785762329,0.0,0.0,0.0,0.0
ringCFRP,"nTOF 5 ns, no veto, strict",14.0,oracle: IPC only,MM occ + DREAM,False,1242553630.827767,0.020817840353552677,0.9969661030548177,10.211843914211238,0.014415039517494486,1631.6690387426179,221.71017023795386,329.49524859056197,0.0,0.0,0.0,0.0
ringCFRP,"nTOF 5 ns, no veto, strict",14.0,oracle: IPC only,MM occ + DREAM,False,1543939525.4832668,0.018748416663578123,0.9961949958466924,12.817239964411407,0.017911459690988518,2011.7510045502038,273.3554704444921,406.24806968047346,0.0,0.0,0.0,0.0
ringCFRP,"nTOF 5 ns, no veto, strict",14.0,oracle: IPC only,MM occ + DREAM,False,1918427663.1677406,0.016900786073005675,0.9952178871482318,16.124467586654827,0.022255949272463067,2475.6520844481024,336.39005954044757,499.9271173384338,0.0,0.0,0.0,0.0
ringCFRP,"nTOF 5 ns, no veto, strict",14.0,oracle: IPC only,MM occ + DREAM,False,2383749258.3495045,0.015253348564401786,0.993974676873124,20.341770866186813,0.027654210576017583,3039.296225910653,412.97767356638235,613.7480345085811,0.0,0.0,0.0,0.0
ringCFRP,"nTOF 5 ns, no veto, strict",14.0,oracle: IPC only,MM occ + DREAM,False,2961936295.9451733,0.013786949899775393,0.992385350761288,25.748580633786652,0.034361839758906276,3720.2063130758243,505.499311078402,751.2493494879967,0.0,0.0,0.0,0.0
ringCFRP,"nTOF 5 ns, no veto, strict",14.0,oracle: IPC only,MM occ + DREAM,False,3680364698.807223,0.012484690310193475,0.9903424181466532,32.7240277732571,0.042696428754350924,4536.781595164014,616.4550505728474,916.1465615916812,0.0,0.0,0.0,0.0
ringCFRP,"nTOF 5 ns, no veto, strict",14.0,oracle: IPC only,MM occ + DREAM,False,4573050519.273255,0.011331775230766656,0.9877001990146874,41.78849006195182,0.053052602572097804,5506.904145282228,748.2746969786738,1112.0507328572194,0.0,0.0,0.0,0.0
ringCFRP,"nTOF 5 ns, no veto, strict",14.0,oracle: IPC only,MM occ + DREAM,False,5682260526.681813,0.010315413821771839,0.9842596516298998,53.66466143971506,0.06592070395082295,6645.5374518851695,902.9914797645266,1341.9835534871581,0.0,0.0,0.0,0.0
ringCFRP,"nTOF 5 ns, no veto, strict",14.0,oracle: IPC only,MM occ + DREAM,False,7060513448.737786,0.009424775680734663,0.9797469945069353,69.36801650065601,0.08191001004081737,7960.885462459126,1081.7201461926375,1607.6017085396986,0.0,0.0,0.0,0.0
ringCFRP,"nTOF 5 ns, no veto, strict",14.0,oracle: IPC only,MM occ + DREAM,False,8773066621.237415,0.008651023493722137,0.9737839480588676,90.34173220546873,0.10177758037735649,9448.621180482765,1283.8727466772855,1908.0314149371509,0.0,0.0,0.0,0.0
ringCFRP,"nTOF 5 ns, no veto, strict",14.0,oracle: IPC only,MM occ + DREAM,False,10901005783.71244,0.007987451300264467,0.9658472446361338,118.6590967258885,0.12646410203474917,11083.756437149466,1506.0539044426014,2238.226623084122,0.0,0.0,0.0,0.0
ringCFRP,"nTOF 5 ns, no veto, strict",14.0,oracle: IPC only,MM occ + DREAM,False,13545084316.226381,0.007429777973230651,0.9552157165310303,157.32868275927478,0.1571384291526508,12810.077248866643,1740.6252984957014,2586.8356188410958,0.0,0.0,0.0,0.0
ringCFRP,"nTOF 5 ns, no veto, strict",14.0,oracle: IPC only,MM occ + DREAM,False,16830493696.995401,0.006976679742110435,0.9409060135190672,210.7564041547099,0.1952529256861989,14528.000466321399,1974.0556326835333,2933.748824984271,0.0,0.0,0.0,0.0
ringCFRP,"nTOF 5 ns, no veto, strict",14.0,oracle: IPC only,MM occ + DREAM,False,20912791051.82548,0.006630706070629899,0.9216051516744985,285.44758061068666,0.24261223174113059,16083.622338124369,2185.4325613584206,3247.8872949754814,0.0,0.0,0.0,0.0
ringCFRP,"nTOF 5 ns, no veto, strict",14.0,oracle: IPC only,MM occ + DREAM,False,25985264452.18819,0.006399833407042083,0.8956232668778483,391.0768139370662,0.30145870943316944,17264.980098169166,2345.9547162025774,3486.447787071544,0.0,0.0,0.0,0.0
ringCFRP,"nTOF 5 ns, no veto, strict",14.0,oracle: IPC only,MM occ + DREAM,True,32288084693.086143,0.006300119190882062,0.860916780907967,542.1223305997158,0.3745786139508375,17815.822965092288,2420.8029010366795,3597.6836462204305,0.0,0.0,0.0,0.0
ringCFRP,"nTOF 5 ns, no veto, strict",14.0,oracle: IPC only,MM occ + DREAM,False,40119676867.86863,0.006360326492225973,0.8152686509392165,760.3675858191277,0.46543401679504554,17480.12769293477,2375.1888370501038,3529.894165312307,0.0,0.0,0.0,0.0
ringCFRP,"nTOF 5 ns, no veto, strict",14.0,oracle: IPC only,MM occ + DREAM,False,49850850159.80715,0.006630228228974166,0.7567367507559052,1078.7365983222912,0.5783267274794381,16085.9407203603,2185.747581689138,3248.3554634048724,0.0,0.0,0.0,0.0
ringCFRP,"nTOF 5 ns, no veto, strict",14.0,oracle: IPC only,MM occ + DREAM,False,61942354865.91934,0.007196115802627896,0.6844344867044478,1547.18193787582,0.7186019750343164,13655.485112706476,1855.498791196693,2757.555211872647,0.0,0.0,0.0,0.0
ringCFRP,"nTOF 5 ns, no veto, strict",14.0,oracle: IPC only,MM occ + DREAM,False,76966697940.67009,0.008211199966701128,0.5995072083756415,2241.7337499660734,0.8929014931988943,10487.939248641633,1425.0946368716677,2117.9087596078352,0.0,0.0,0.0,0.0
ringCFRP,"nTOF 5 ns, no veto, strict",14.0,oracle: IPC only,MM occ + DREAM,False,95635249979.00362,0.009958734608380659,0.5058248517132627,3278.419122977498,1.1094779923458207,7130.091486290864,968.8323794241544,1439.8332081849628,0.0,0.0,0.0,0.0
ringCFRP,"nTOF 5 ns, no veto, strict",14.0,oracle: IPC only,MM occ + DREAM,False,118831927096.53207,0.012992097082261782,0.4097122877520586,4834.6884103043685,1.378585907712801,4189.333223871019,569.2439828138904,845.9836886356601,0.0,0.0,0.0,0.0
ringCFRP,"nTOF 5 ns, no veto, strict",14.0,oracle: IPC only,MM occ + DREAM,False,147655042472.05704,0.018470163166657998,0.3184348253854804,7182.416231231319,1.7129669250365407,2072.8217457939086,281.6537246346518,418.58054556247646,0.0,0.0,0.0,0.0
ringCFRP,"nTOF 5 ns, no veto, strict",14.0,oracle: IPC only,MM occ + DREAM,False,183469309133.68265,0.029033486764018575,0.2380868144633538,10738.75368497896,2.1284532721920293,838.8900233301814,113.98785260200921,169.40339628575975,0.0,0.0,0.0,0.0
ringCFRP,"nTOF 5 ns, no veto, strict",14.0,oracle: IPC only,MM occ + DREAM,False,227970456209.51935,0.05133905218308005,0.17208545808722064,16144.517664124667,2.6447173414094474,268.2920026356908,36.45534980775199,54.17822977840492,0.0,0.0,0.0,0.0
ringCFRP,"nTOF 5 ns, no veto, strict",14.0,oracle: IPC only,MM occ + DREAM,False,283265518084.60077,0.10433343205735504,0.12096652804534391,24385.065845817928,3.2862031350814687,64.96155807005387,8.826935951259577,13.118177900597528,0.0,0.0,0.0,0.0
ringCFRP,"nTOF 5 ns, no veto, strict",14.0,oracle: IPC only,MM occ + DREAM,False,351972597984.32916,0.25043875988940084,0.08320114418426024,36976.729800208705,4.083283637133069,11.274578922547237,1.5319827446168142,2.2767608483282675,0.0,0.0,0.0,0.0
ringCFRP,"nTOF 5 ns, no veto, strict",14.0,oracle: IPC only,MM occ + DREAM,False,437344829577.31195,0.7353746520296176,0.05629420731820741,56254.419644260466,5.073698909019326,1.3076337116560413,0.1776804523076326,0.26406034842674425,0.0,0.0,0.0,0.0
ringCFRP,"nTOF 5 ns, no veto, strict",14.0,oracle: IPC only,MM occ + DREAM,False,543424405915.04004,2.7622629558576075,0.0376322093065797,85815.3740087812,6.304343001128845,0.09267730190656973,0.012592933919205794,0.01871502731579665,0.0,0.0,0.0,0.0
ringCFRP,"nTOF 5 ns, no veto, strict",14.0,oracle: IPC only,MM occ + DREAM,False,675233968650.1552,14.045928049661399,0.024938422400846386,131203.9175607449,7.833484286036265,0.0035842850549780082,0.00048703041539166015,0.0007238017435934863,0.0,0.0,0.0,0.0
ringCFRP,"nTOF 5 ns, no veto, strict",14.0,oracle: IPC only,MM occ + DREAM,False,839014419404.4929,103.81784806487123,0.016423453705986232,200968.23094068162,9.733524341646621,6.560838917897048e-05,8.914826958484681e-06,1.3248797390192569e-05,0.0,0.0,0.0,0.0
ringCFRP,"nTOF 5 ns, no veto, strict",14.0,oracle: IPC only,MM occ + DREAM,False,1042520413147.9036,1219.3066069049246,0.010767643641064065,308291.3751876331,12.09442601146346,4.7563911909210104e-07,6.462954653291956e-08,9.604939853821002e-08,0.0,0.0,0.0,0.0
ringCFRP,"nTOF 5 ns, no veto, strict",14.0,oracle: IPC only,MM occ + DREAM,False,1295387524568.9966,25429.895148672123,0.00703701934402749,473508.7934555755,15.027972953321772,1.0934886540704965e-09,1.485825555861904e-10,2.2081642008821097e-10,0.0,0.0,0.0,0.0
ringCFRP,"nTOF 5 ns, no veto, strict",14.0,oracle: IPC only,MM occ + DREAM,False,1609588471982.2002,1081668.9269914124,0.0045883703162878904,727994.3099410735,18.67306235713145,6.043864405357655e-13,8.212365218620339e-14,1.2204831723874492e-13,0.0,0.0,0.0,0.0
ringCFRP,"nTOF 5 ns, no veto, strict",14.0,oracle: IPC only,MM occ + DREAM,False,2000000000000.0002,111475219.70782861,0.0029867925165031565,1120158.7943658223,23.20228143052698,5.690451763328749e-17,7.732150327193244e-18,1.149115889209668e-17,0.0,0.0,0.0,0.0
ringCFRP,"nTOF 5 ns, no veto, strict",14.0,oracle: IPC only,"MM occ ÷10, DAQ 10 µs",False,1000000000.0,0.022866231726630628,0.9999184920083534,8.151463574098505,0.001160114071526349,1352.4282054805515,183.76710016068515,273.10603877677335,0.0,0.0,0.0,0.0
ringCFRP,"nTOF 5 ns, no veto, strict",14.0,oracle: IPC only,"MM occ ÷10, DAQ 10 µs",False,1242553630.827767,0.020519355166351692,0.9998978919879687,10.211843914211238,0.0014415039517494486,1679.484510822724,228.20730673020344,339.1509878890477,0.0,0.0,0.0,0.0
ringCFRP,"nTOF 5 ns, no veto, strict",14.0,oracle: IPC only,"MM occ ÷10, DAQ 10 µs",False,1543939525.4832668,0.01841465733534381,0.9998718440264146,12.817239964411407,0.0017911459690988518,2085.336460637639,283.3542162739496,421.10773642077254,0.0,0.0,0.0,0.0
ringCFRP,"nTOF 5 ns, no veto, strict",14.0,oracle: IPC only,"MM occ ÷10, DAQ 10 µs",False,1918427663.1677406,0.016527300736434533,0.9998387813197873,16.124467586654827,0.0022255949272463067,2588.8063235451195,351.7653869001422,522.7772071881982,0.0,0.0,0.0,0.0
ringCFRP,"nTOF 5 ns, no veto, strict",14.0,oracle: IPC only,"MM occ ÷10, DAQ 10 µs",False,2383749258.3495045,0.014835013913406997,0.9997966236616869,20.341770866186813,0.0027654210576017585,3213.124135033649,436.59730132708665,648.8504166513446,0.0,0.0,0.0,0.0
ringCFRP,"nTOF 5 ns, no veto, strict",14.0,oracle: IPC only,"MM occ ÷10, DAQ 10 µs",False,2961936295.9451733,0.01331782896893104,0.9997425804755361,25.748580633786652,0.0034361839758906276,3986.911116625563,541.738993265336,805.1070641711397,0.0,0.0,0.0,0.0
ringCFRP,"nTOF 5 ns, no veto, strict",14.0,oracle: IPC only,"MM occ ÷10, DAQ 10 µs",False,3680364698.807223,0.011957846414102368,0.9996728667734354,32.7240277732571,0.004269642875435092,4945.355061756518,671.9717581171302,998.6528865545833,0.0,0.0,0.0,0.0
ringCFRP,"nTOF 5 ns, no veto, strict",14.0,oracle: IPC only,"MM occ ÷10, DAQ 10 µs",False,4573050519.273255,0.010739024631918608,0.9995822896542268,41.78849006195182,0.00530526025720978,6131.598978692336,833.1578409089258,1238.2000772036206,0.0,0.0,0.0,0.0
ringCFRP,"nTOF 5 ns, no veto, strict",14.0,oracle: IPC only,"MM occ ÷10, DAQ 10 µs",False,5682260526.681813,0.00964699155107067,0.9994636412207257,53.66466143971506,0.006592070395082295,7598.355764507211,1032.459837183421,1534.393349422841,0.0,0.0,0.0,0.0
ringCFRP,"nTOF 5 ns, no veto, strict",14.0,oracle: IPC only,"MM occ ÷10, DAQ 10 µs",False,7060513448.737786,0.008668876422165829,0.9993068006936027,69.36801650065601,0.008191001004081737,9409.743740841406,1278.5901044522768,1900.1806000138836,0.0,0.0,0.0,0.0
ringCFRP,"nTOF 5 ns, no veto, strict",14.0,oracle: IPC only,"MM occ ÷10, DAQ 10 µs",False,8773066621.237415,0.007793159873995616,0.9990973981041329,90.34173220546873,0.01017775803773565,11643.304321232254,1582.0849215733067,2351.2203520735848,0.0,0.0,0.0,0.0
ringCFRP,"nTOF 5 ns, no veto, strict",14.0,oracle: IPC only,"MM occ ÷10, DAQ 10 µs",False,10901005783.71244,0.0070095407129480165,0.998814815362127,118.6590967258885,0.012646410203474918,14392.104214226001,1955.5901347967877,2906.306268740632,0.0,0.0,0.0,0.0
ringCFRP,"nTOF 5 ns, no veto, strict",14.0,oracle: IPC only,"MM occ ÷10, DAQ 10 µs",False,13545084316.226381,0.006308818227879782,0.9984291845157172,157.32868275927478,0.01571384291526508,17766.7254483847,2414.131561120904,3587.7690139704914,0.0,0.0,0.0,0.0
ringCFRP,"nTOF 5 ns, no veto, strict",14.0,oracle: IPC only,"MM occ ÷10, DAQ 10 µs",False,16830493696.995401,0.005682789095116439,0.9978968684428973,210.7564041547099,0.01952529256861989,21896.784459233324,2975.321400877667,4421.783013232209,0.0,0.0,0.0,0.0
ringCFRP,"nTOF 5 ns, no veto, strict",14.0,oracle: IPC only,"MM occ ÷10, DAQ 10 µs",False,20912791051.82548,0.005124158372208744,0.9971536490338616,285.44758061068666,0.02426122317411306,26931.362910109554,3659.416777401005,5438.453452415449,0.0,0.0,0.0,0.0
ringCFRP,"nTOF 5 ns, no veto, strict",14.0,oracle: IPC only,"MM occ ÷10, DAQ 10 µs",False,25985264452.18819,0.004626464567682313,0.9961044663893597,391.0768139370662,0.030145870943316944,33037.32984735645,4489.091752521908,6671.477457960287,0.0,0.0,0.0,0.0
ringCFRP,"nTOF 5 ns, no veto, strict",14.0,oracle: IPC only,"MM occ ÷10, DAQ 10 µs",False,32288084693.086143,0.004184019443765465,0.99460800788731,542.1223305997158,0.03745786139508375,40393.92288533684,5488.701021371469,8157.049834633486,0.0,0.0,0.0,0.0
ringCFRP,"nTOF 5 ns, no veto, strict",14.0,oracle: IPC only,"MM occ ÷10, DAQ 10 µs",False,40119676867.86863,0.003791864154377486,0.9924537037325563,760.3675858191277,0.046543401679504555,49181.059452556015,6682.691651802025,9931.502667204404,0.0,0.0,0.0,0.0
ringCFRP,"nTOF 5 ns, no veto, strict",14.0,oracle: IPC only,"MM occ ÷10, DAQ 10 µs",False,49850850159.80715,0.0034457447073706028,0.9893277593821824,1078.7365983222912,0.05783267274794382,59557.60495268424,8092.65017567532,12026.916846118258,0.0,0.0,0.0,0.0
ringCFRP,"nTOF 5 ns, no veto, strict",14.0,oracle: IPC only,"MM occ ÷10, DAQ 10 µs",False,61942354865.91934,0.003142111833763748,0.9847639106437995,1547.18193787582,0.07186019750343164,71624.25926371843,9732.259629540758,14463.62745805367,0.0,0.0,0.0,0.0
ringCFRP,"nTOF 5 ns, no veto, strict",14.0,oracle: IPC only,"MM occ ÷10, DAQ 10 µs",False,76966697940.67009,0.002878153575238661,0.9780741809851515,2241.7337499660734,0.08929014931988943,85364.14460239117,11599.226670745751,17238.22624480305,0.0,0.0,0.0,0.0
ringCFRP,"nTOF 5 ns, no veto, strict",14.0,oracle: IPC only,"MM occ ÷10, DAQ 10 µs",False,95635249979.00362,0.00265187395705021,0.968256493943098,3278.419122977498,0.11094779923458208,100553.60923429023,13663.161641257222,20305.54952299795,0.0,0.0,0.0,0.0
ringCFRP,"nTOF 5 ns, no veto, strict",14.0,oracle: IPC only,"MM occ ÷10, DAQ 10 µs",False,118831927096.53207,0.0024622391295600734,0.9538827416419434,4834.6884103043685,0.13785859077128013,116638.77845580471,15848.804392164882,23553.749191815834,0.0,0.0,0.0,0.0
ringCFRP,"nTOF 5 ns, no veto, strict",14.0,oracle: IPC only,"MM occ ÷10, DAQ 10 µs",False,147655042472.05704,0.0023094252386649003,0.9329888569060036,7182.416231231319,0.1712966925036541,132585.36996579147,18015.617290152324,26773.96481704108,0.0,0.0,0.0,0.0
ringCFRP,"nTOF 5 ns, no veto, strict",14.0,oracle: IPC only,"MM occ ÷10, DAQ 10 µs",False,183469309133.68265,0.0021952233991298195,0.9030262367271377,10738.75368497896,0.21284532721920293,146739.1414485472,19938.822922201984,29632.142757831338,0.0,0.0,0.0,0.0
ringCFRP,"nTOF 5 ns, no veto, strict",14.0,oracle: IPC only,"MM occ ÷10, DAQ 10 µs",False,227970456209.51935,0.0021236931058006914,0.8609963002230328,16144.517664124667,0.26447173414094477,156790.55804870496,21304.603134144283,31661.901203152138,0.0,0.0,0.0,0.0
ringCFRP,"nTOF 5 ns, no veto, strict",14.0,oracle: IPC only,"MM occ ÷10, DAQ 10 µs",True,283265518084.60077,0.002102220770381814,0.8039550352769477,24385.065845817928,0.3286203135081469,160009.87091308043,21742.041356150352,32312.00135664626,0.0,0.0,0.0,0.0
ringCFRP,"nTOF 5 ns, no veto, strict",14.0,oracle: IPC only,"MM occ ÷10, DAQ 10 µs",False,351972597984.32916,0.0021432695520878786,0.7300510104589141,36976.729800208705,0.4083283637133069,153939.41494011428,20917.191588684345,31086.148348237213,0.0,0.0,0.0,0.0
ringCFRP,"nTOF 5 ns, no veto, strict",14.0,oracle: IPC only,"MM occ ÷10, DAQ 10 µs",False,437344829577.31195,0.0022673844817697533,0.6399818976491471,56254.419644260466,0.5073698909019326,137547.6200575588,18689.88473439876,27776.029444568358,0.0,0.0,0.0,0.0
ringCFRP,"nTOF 5 ns, no veto, strict",14.0,oracle: IPC only,"MM occ ÷10, DAQ 10 µs",False,543424405915.04004,0.0025086406728675676,0.5381686016748767,85815.3740087812,0.6304343001128845,112363.8216457339,15267.925929917976,22690.47488593475,0.0,0.0,0.0,0.0
ringCFRP,"nTOF 5 ns, no veto, strict",14.0,oracle: IPC only,"MM occ ÷10, DAQ 10 µs",False,675233968650.1552,0.002925145157960276,0.4325186227596109,131203.9175607449,0.7833484286036265,82643.47598143008,11229.543917202072,16688.82108829721,0.0,0.0,0.0,0.0
ringCFRP,"nTOF 5 ns, no veto, strict",14.0,oracle: IPC only,"MM occ ÷10, DAQ 10 µs",False,839014419404.4929,0.003620514371509071,0.332260982122426,200968.23094068162,0.9733524341646622,53946.449749489824,7330.20991003757,10893.81391000965,0.0,0.0,0.0,0.0
ringCFRP,"nTOF 5 ns, no veto, strict",14.0,oracle: IPC only,"MM occ ÷10, DAQ 10 µs",False,1042520413147.9036,0.004790381884357712,0.24492312617195086,308291.3751876331,1.2094426011463462,30815.06921960643,4187.132365910492,6222.719590655426,0.0,0.0,0.0,0.0
ringCFRP,"nTOF 5 ns, no veto, strict",14.0,oracle: IPC only,"MM occ ÷10, DAQ 10 µs",False,1295387524568.9966,0.006829671695578339,0.1743652427671906,473508.7934555755,1.5027972953321773,15160.159314158327,2059.952982233881,3061.405434119458,0.0,0.0,0.0,0.0
ringCFRP,"nTOF 5 ns, no veto, strict",14.0,oracle: IPC only,"MM occ ÷10, DAQ 10 µs",False,1609588471982.2002,0.010599615537433249,0.12077377682355904,727994.3099410735,1.8673062357131451,6293.948631180334,855.2178103246135,1270.984568319752,0.0,0.0,0.0,0.0
ringCFRP,"nTOF 5 ns, no veto, strict",14.0,oracle: IPC only,"MM occ ÷10, DAQ 10 µs",False,2000000000000.0002,0.01815634924188761,0.08195654570680287,1120158.7943658223,2.3202281430526983,2145.094179222238,291.47405776498675,433.175063723502,0.0,0.0,0.0,0.0
ringCFRP,"nTOF 5 ns, no veto, strict",14.0,oracle: IPC only,"no MM loss, DREAM",False,1000000000.0,0.022866511280671943,0.9975767502584543,8.151463574098505,0.0,1352.3951375188744,183.76260690669872,273.0993611135988,0.0,0.0,0.0,0.0
ringCFRP,"nTOF 5 ns, no veto, strict",14.0,oracle: IPC only,"no MM loss, DREAM",False,1242553630.827767,0.020519902911290057,0.9969661030548177,10.211843914211238,0.0,1679.3948498856491,228.19512365805429,339.1328819790569,0.0,0.0,0.0,0.0
ringCFRP,"nTOF 5 ns, no veto, strict",14.0,oracle: IPC only,"no MM loss, DREAM",False,1543939525.4832668,0.018415594715648846,0.9961949958466924,12.817239964411407,0.0,2085.1241727796696,283.32537073235244,421.06486753077485,0.0,0.0,0.0,0.0
ringCFRP,"nTOF 5 ns, no veto, strict",14.0,oracle: IPC only,"no MM loss, DREAM",False,1918427663.1677406,0.016528797865371758,0.9952178871482318,16.124467586654827,0.0,2588.337372159389,351.70166607864275,522.6825082941521,0.0,0.0,0.0,0.0
ringCFRP,"nTOF 5 ns, no veto, strict",14.0,oracle: IPC only,"no MM loss, DREAM",False,2383749258.3495045,0.014837308396163883,0.993974676873124,20.341770866186813,0.0,3212.1304389159977,436.46227851904285,648.6497520915995,0.0,0.0,0.0,0.0
ringCFRP,"nTOF 5 ns, no veto, strict",14.0,oracle: IPC only,"no MM loss, DREAM",False,2961936295.9451733,0.01332125187825216,0.992385350761288,25.748580633786652,0.0,3984.862498062658,541.4606282540806,804.6933711570395,0.0,0.0,0.0,0.0
ringCFRP,"nTOF 5 ns, no veto, strict",14.0,oracle: IPC only,"no MM loss, DREAM",False,3680364698.807223,0.011962858078156318,0.9903424181466532,32.7240277732571,0.0,4941.212361660543,671.408850614619,997.8163198455583,0.0,0.0,0.0,0.0
ringCFRP,"nTOF 5 ns, no veto, strict",14.0,oracle: IPC only,"no MM loss, DREAM",False,4573050519.273255,0.010746263838814822,0.9877001990146874,41.78849006195182,0.0,6123.340673602052,832.0357075694008,1236.5324153040253,0.0,0.0,0.0,0.0
ringCFRP,"nTOF 5 ns, no veto, strict",14.0,oracle: IPC only,"no MM loss, DREAM",False,5682260526.681813,0.009657343015286417,0.9842596516298998,53.66466143971506,0.0,7582.075519726448,1030.2476876873193,1531.1057566734642,0.0,0.0,0.0,0.0
ringCFRP,"nTOF 5 ns, no veto, strict",14.0,oracle: IPC only,"no MM loss, DREAM",False,7060513448.737786,0.00868356294998004,0.9797469945069353,69.36801650065601,0.0,9377.94121968987,1274.2687977343792,1893.7584767990506,0.0,0.0,0.0,0.0
ringCFRP,"nTOF 5 ns, no veto, strict",14.0,oracle: IPC only,"no MM loss, DREAM",False,8773066621.237415,0.00781386763123915,0.9737839480588676,90.34173220546873,0.0,11581.673577327925,1573.7105745712638,2338.774790626132,0.0,0.0,0.0,0.0
ringCFRP,"nTOF 5 ns, no veto, strict",14.0,oracle: IPC only,"no MM loss, DREAM",False,10901005783.71244,0.007038588272992892,0.9658472446361338,118.6590967258885,0.0,14273.559739621385,1939.482385601759,2882.3676879369,0.0,0.0,0.0,0.0
ringCFRP,"nTOF 5 ns, no veto, strict",14.0,oracle: IPC only,"no MM loss, DREAM",False,13545084316.226381,0.00634938238937221,0.9552157165310303,157.32868275927478,0.0,17540.438814337118,2383.383874570495,3542.073245424385,0.0,0.0,0.0,0.0
ringCFRP,"nTOF 5 ns, no veto, strict",14.0,oracle: IPC only,"no MM loss, DREAM",False,16830493696.995401,0.005739202114744799,0.9409060135190672,210.7564041547099,0.0,21468.43475318923,2917.117510264166,4335.283122920229,0.0,0.0,0.0,0.0
ringCFRP,"nTOF 5 ns, no veto, strict",14.0,oracle: IPC only,"no MM loss, DREAM",False,20912791051.82548,0.005202290779556227,0.9216051516744985,285.44758061068666,0.0,26128.48168507805,3550.3217778294224,5276.321584647515,0.0,0.0,0.0,0.0
ringCFRP,"nTOF 5 ns, no veto, strict",14.0,oracle: IPC only,"no MM loss, DREAM",False,25985264452.18819,0.004734202332417066,0.8956232668778483,391.0768139370662,0.0,31550.757461286044,4287.097224856729,6371.282671967661,0.0,0.0,0.0,0.0
ringCFRP,"nTOF 5 ns, no veto, strict",14.0,oracle: IPC only,"no MM loss, DREAM",False,32288084693.086143,0.004331829362920153,0.860916780907967,542.1223305997158,0.0,37684.32482887358,5120.522529219752,7609.880240802821,0.0,0.0,0.0,0.0
ringCFRP,"nTOF 5 ns, no veto, strict",14.0,oracle: IPC only,"no MM loss, DREAM",False,40119676867.86863,0.003993410766717578,0.8152686509392165,760.3675858191277,0.0,44342.01772388145,6025.165683006441,8954.318434697041,0.0,0.0,0.0,0.0
ringCFRP,"nTOF 5 ns, no veto, strict",14.0,oracle: IPC only,"no MM loss, DREAM",False,49850850159.80715,0.0037184707676513845,0.7567367507559052,1078.7365983222912,0.0,51141.64307283334,6949.0945300183075,10327.418120649349,0.0,0.0,0.0,0.0
ringCFRP,"nTOF 5 ns, no veto, strict",14.0,oracle: IPC only,"no MM loss, DREAM",False,61942354865.91934,0.0035076259235049933,0.6844344867044478,1547.18193787582,0.0,57474.72182702405,7809.629317026345,11606.304530152907,0.0,0.0,0.0,0.0
ringCFRP,"nTOF 5 ns, no veto, strict",14.0,oracle: IPC only,"no MM loss, DREAM",False,76966697940.67009,0.00336220691648325,0.5995072083756415,2241.7337499660734,0.0,62553.92222475796,8499.787895828613,12631.98581597438,0.0,0.0,0.0,0.0
ringCFRP,"nTOF 5 ns, no veto, strict",14.0,oracle: IPC only,"no MM loss, DREAM",False,95635249979.00362,0.003283703902418911,0.5058248517132627,3278.419122977498,0.0,65580.60850625587,8911.05213802132,13243.187429198782,0.0,0.0,0.0,0.0
ringCFRP,"nTOF 5 ns, no veto, strict",14.0,oracle: IPC only,"no MM loss, DREAM",True,118831927096.53207,0.003273158261965459,0.4097122877520586,4834.6884103043685,0.0,66003.8716442211,8968.564868940108,13328.660150413465,0.0,0.0,0.0,0.0
ringCFRP,"nTOF 5 ns, no veto, strict",14.0,oracle: IPC only,"no MM loss, DREAM",False,147655042472.05704,0.0033307240183274747,0.3184348253854804,7182.416231231319,0.0,63742.06408238915,8661.231869617102,12871.916272118066,0.0,0.0,0.0,0.0
ringCFRP,"nTOF 5 ns, no veto, strict",14.0,oracle: IPC only,"no MM loss, DREAM",False,183469309133.68265,0.003455601742040102,0.2380868144633538,10738.75368497896,0.0,59218.315804101745,8046.547778003987,11958.40162660878,0.0,0.0,0.0,0.0
ringCFRP,"nTOF 5 ns, no veto, strict",14.0,oracle: IPC only,"no MM loss, DREAM",False,227970456209.51935,0.0036463780953587717,0.17208545808722064,16144.517664124667,0.0,53183.88055132473,7226.5924835074375,10739.822554194909,0.0,0.0,0.0,0.0
ringCFRP,"nTOF 5 ns, no veto, strict",14.0,oracle: IPC only,"no MM loss, DREAM",False,283265518084.60077,0.00390160775487879,0.12096652804534391,24385.065845817928,0.0,46453.26120897153,6312.0401295877155,9380.657772171406,0.0,0.0,0.0,0.0
ringCFRP,"nTOF 5 ns, no veto, strict",14.0,oracle: IPC only,"no MM loss, DREAM",False,351972597984.32916,0.004220403679002886,0.08320114418426024,36976.729800208705,0.0,39700.450445372204,5394.472419204471,8017.011708903693,0.0,0.0,0.0,0.0
ringCFRP,"nTOF 5 ns, no veto, strict",14.0,oracle: IPC only,"no MM loss, DREAM",False,437344829577.31195,0.004602875380720479,0.05629420731820741,56254.419644260466,0.0,33376.822297821374,4535.221774726093,6740.033731753876,0.0,0.0,0.0,0.0
ringCFRP,"nTOF 5 ns, no veto, strict",14.0,oracle: IPC only,"no MM loss, DREAM",False,543424405915.04004,0.005050375177899692,0.0376322093065797,85815.3740087812,0.0,27724.01573200781,3767.1219479410324,5598.519821511132,0.0,0.0,0.0,0.0
ringCFRP,"nTOF 5 ns, no veto, strict",14.0,oracle: IPC only,"no MM loss, DREAM",False,675233968650.1552,0.005565592945959264,0.024938422400846386,131203.9175607449,0.0,22828.666331944085,3101.9449279132614,4609.964955780123,0.0,0.0,0.0,0.0
ringCFRP,"nTOF 5 ns, no veto, strict",14.0,oracle: IPC only,"no MM loss, DREAM",False,839014419404.4929,0.006152563596741038,0.016423453705986232,200968.23094068162,0.0,18680.61617268031,2538.3104621427715,3772.317868080292,0.0,0.0,0.0,0.0
ringCFRP,"nTOF 5 ns, no veto, strict",14.0,oracle: IPC only,"no MM loss, DREAM",False,1042520413147.9036,0.006816641409970888,0.010767643641064065,308291.3751876331,0.0,15218.173223890697,2067.835876066839,3073.120620934369,0.0,0.0,0.0,0.0
ringCFRP,"nTOF 5 ns, no veto, strict",14.0,oracle: IPC only,"no MM loss, DREAM",False,1295387524568.9966,0.00756447586724174,0.00703701934402749,473508.7934555755,0.0,12357.930169640005,1679.1878356722466,2495.5301452849617,0.0,0.0,0.0,0.0
ringCFRP,"nTOF 5 ns, no veto, strict",14.0,oracle: IPC only,"no MM loss, DREAM",False,1609588471982.2002,0.00840400712648118,0.0045883703162878904,727994.3099410735,0.0,10012.224895681362,1360.4548676077143,2021.844168526587,0.0,0.0,0.0,0.0
ringCFRP,"nTOF 5 ns, no veto, strict",14.0,oracle: IPC only,"no MM loss, DREAM",False,2000000000000.0002,0.009344488720433893,0.0029867925165031565,1120158.7943658223,0.0,8098.271486479843,1100.3880733584442,1635.3451056764482,0.0,0.0,0.0,0.0
ringCFRP,"nTOF 5 ns, no veto, strict",14.0,oracle: IPC only,"no MM loss, no dead time",False,1000000000.0,0.02283878884211174,1.0,8.151463574098505,0.0,1355.6802894298542,184.20899129725024,273.7627566428784,0.0,0.0,0.0,0.0
ringCFRP,"nTOF 5 ns, no veto, strict",14.0,oracle: IPC only,"no MM loss, no dead time",False,1242553630.827767,0.020488751630519123,1.0,10.211843914211238,0.0,1684.5054658727029,228.8895509675188,340.16490725202704,0.0,0.0,0.0,0.0
ringCFRP,"nTOF 5 ns, no veto, strict",14.0,oracle: IPC only,"no MM loss, no dead time",False,1543939525.4832668,0.01838052561714938,1.0,12.817239964411407,0.0,2093.0883827693465,284.40754261322775,422.67314058619684,0.0,0.0,0.0,0.0
ringCFRP,"nTOF 5 ns, no veto, strict",14.0,oracle: IPC only,"no MM loss, no dead time",False,1918427663.1677406,0.016489229214895006,1.0,16.124467586654827,0.0,2600.7745696534803,353.3916247088704,525.1940454887562,0.0,0.0,0.0,0.0
ringCFRP,"nTOF 5 ns, no veto, strict",14.0,oracle: IPC only,"no MM loss, no dead time",False,2383749258.3495045,0.014792541071168525,1.0,20.341770866186813,0.0,3231.6018844874566,439.1080463861305,652.5817681111774,0.0,0.0,0.0,0.0
ringCFRP,"nTOF 5 ns, no veto, strict",14.0,oracle: IPC only,"no MM loss, no dead time",False,2961936295.9451733,0.013270436628083552,1.0,25.748580633786652,0.0,4015.4386549597407,545.615297362774,810.867845378547,0.0,0.0,0.0,0.0
ringCFRP,"nTOF 5 ns, no veto, strict",14.0,oracle: IPC only,"no MM loss, no dead time",False,3680364698.807223,0.011904951789738048,1.0,32.7240277732571,0.0,4989.397880086393,677.9562687732865,1007.5467853966023,0.0,0.0,0.0,0.0
ringCFRP,"nTOF 5 ns, no veto, strict",14.0,oracle: IPC only,"no MM loss, no dead time",False,4573050519.273255,0.01067997090736681,1.0,41.78849006195182,0.0,6199.594451545711,842.3970233066927,1251.9309164233935,0.0,0.0,0.0,0.0
ringCFRP,"nTOF 5 ns, no veto, strict",14.0,oracle: IPC only,"no MM loss, no dead time",False,5682260526.681813,0.009581036580133085,1.0,53.66466143971506,0.0,7703.328595427835,1046.7234799082385,1555.5913057474274,0.0,0.0,0.0,0.0
ringCFRP,"nTOF 5 ns, no veto, strict",14.0,oracle: IPC only,"no MM loss, no dead time",False,7060513448.737786,0.008595179026801425,1.0,69.36801650065601,0.0,9571.798915708217,1300.6100604326568,1932.905625040573,0.0,0.0,0.0,0.0
ringCFRP,"nTOF 5 ns, no veto, strict",14.0,oracle: IPC only,"no MM loss, no dead time",False,8773066621.237415,0.007710763014510991,1.0,90.34173220546873,0.0,11893.473496266528,1616.077752881719,2401.7389024415784,0.0,0.0,0.0,0.0
ringCFRP,"nTOF 5 ns, no veto, strict",14.0,oracle: IPC only,"no MM loss, no dead time",False,10901005783.71244,0.006917350538081381,1.0,118.6590967258885,0.0,14778.278675939793,2008.063279543159,2984.289393529079,0.0,0.0,0.0,0.0
ringCFRP,"nTOF 5 ns, no veto, strict",14.0,oracle: IPC only,"no MM loss, no dead time",False,13545084316.226381,0.006205577629171805,1.0,157.32868275927478,0.0,18362.803826173556,2495.1263189282663,3708.1396213703524,0.0,0.0,0.0,0.0
ringCFRP,"nTOF 5 ns, no veto, strict",14.0,oracle: IPC only,"no MM loss, no dead time",False,16830493696.995401,0.00556704384137782,1.0,210.7564041547099,0.0,22816.768566390056,3100.3282669582495,4607.56235015005,0.0,0.0,0.0,0.0
ringCFRP,"nTOF 5 ns, no veto, strict",14.0,oracle: IPC only,"no MM loss, no dead time",False,20912791051.82548,0.004994213106952774,1.0,285.44758061068666,0.0,28351.058625924838,3852.3241448669323,5725.143327444267,0.0,0.0,0.0,0.0
ringCFRP,"nTOF 5 ns, no veto, strict",14.0,oracle: IPC only,"no MM loss, no dead time",False,25985264452.18819,0.004480324795050616,1.0,391.0768139370662,0.0,35227.710833453784,4786.7193533298805,7113.797628525237,0.0,0.0,0.0,0.0
ringCFRP,"nTOF 5 ns, no veto, strict",14.0,oracle: IPC only,"no MM loss, no dead time",False,32288084693.086143,0.004019313921786795,1.0,542.1223305997158,0.0,43772.32000185866,5947.7555122335825,8839.275072297989,0.0,0.0,0.0,0.0
ringCFRP,"nTOF 5 ns, no veto, strict",14.0,oracle: IPC only,"no MM loss, no dead time",False,40119676867.86863,0.003605739570424743,1.0,760.3675858191277,0.0,54389.45514806437,7390.405207001702,10983.27333496924,0.0,0.0,0.0,0.0
ringCFRP,"nTOF 5 ns, no veto, strict",14.0,oracle: IPC only,"no MM loss, no dead time",False,49850850159.80715,0.00323472067689279,1.0,1078.7365983222912,0.0,67581.81497297165,9182.97482324844,13647.306160739883,0.0,0.0,0.0,0.0
ringCFRP,"nTOF 5 ns, no veto, strict",14.0,oracle: IPC only,"no MM loss, no dead time",False,61942354865.91934,0.002901878422762851,1.0,1547.18193787582,0.0,83974.02957259624,11410.33870842732,16957.509821045493,0.0,0.0,0.0,0.0
ringCFRP,"nTOF 5 ns, no veto, strict",14.0,oracle: IPC only,"no MM loss, no dead time",False,76966697940.67009,0.0026032845558045443,1.0,2241.7337499660734,0.0,104342.23534066777,14177.957791130984,21070.6153979376,0.0,0.0,0.0,0.0
ringCFRP,"nTOF 5 ns, no veto, strict",14.0,oracle: IPC only,"no MM loss, no dead time",False,95635249979.00362,0.002335415028186488,1.0,3278.419122977498,0.0,129650.82337123205,17616.87293109262,26181.369666482817,0.0,0.0,0.0,0.0
ringCFRP,"nTOF 5 ns, no veto, strict",14.0,oracle: IPC only,"no MM loss, no dead time",False,118831927096.53207,0.002095108405156149,1.0,4834.6884103043685,0.0,161098.10131973392,21889.909424360547,32531.75593913219,0.0,0.0,0.0,0.0
ringCFRP,"nTOF 5 ns, no veto, strict",14.0,oracle: IPC only,"no MM loss, no dead time",False,147655042472.05704,0.001879528553331475,1.0,7182.416231231319,0.0,200173.03071429566,27199.386433730262,40422.45145937163,0.0,0.0,0.0,0.0
ringCFRP,"nTOF 5 ns, no veto, strict",14.0,oracle: IPC only,"no MM loss, no dead time",False,183469309133.68265,0.0016861311682461716,1.0,10738.75368497896,0.0,248725.72610784622,33796.69636951905,50227.063827801394,0.0,0.0,0.0,0.0
ringCFRP,"nTOF 5 ns, no veto, strict",14.0,oracle: IPC only,"no MM loss, no dead time",False,227970456209.51935,0.001512633746101861,1.0,16144.517664124667,0.0,309055.054055577,41994.207783929516,62409.82052505263,0.0,0.0,0.0,0.0
ringCFRP,"nTOF 5 ns, no veto, strict",14.0,oracle: IPC only,"no MM loss, no dead time",False,283265518084.60077,0.0013569886453294584,1.0,24385.065845817928,0.0,384017.4795424291,52180.0553556573,77547.54909271344,0.0,0.0,0.0,0.0
ringCFRP,"nTOF 5 ns, no veto, strict",14.0,oracle: IPC only,"no MM loss, no dead time",False,351972597984.32916,0.0012173589200284033,1.0,36976.729800208705,0.0,477162.31350677303,64836.51723896585,96356.9886869456,0.0,0.0,0.0,0.0
ringCFRP,"nTOF 5 ns, no veto, strict",14.0,oracle: IPC only,"no MM loss, no dead time",False,437344829577.31195,0.0010920966400665172,1.0,56254.419644260466,0.0,592899.7651420204,80562.84990550444,119728.72614859478,0.0,0.0,0.0,0.0
ringCFRP,"nTOF 5 ns, no veto, strict",14.0,oracle: IPC only,"no MM loss, no dead time",False,543424405915.04004,0.0009797234419712069,1.0,85815.3740087812,0.0,736709.7558941478,100103.66165991696,148769.36339031986,0.0,0.0,0.0,0.0
ringCFRP,"nTOF 5 ns, no veto, strict",14.0,oracle: IPC only,"no MM loss, no dead time",False,675233968650.1552,0.0008789130810707798,1.0,131203.9175607449,0.0,915401.3820525111,124384.16825468413,184853.91263657744,0.0,0.0,0.0,0.0
ringCFRP,"nTOF 5 ns, no veto, strict",14.0,oracle: IPC only,"no MM loss, no dead time",False,839014419404.4929,0.0007884757789637888,1.0,200968.23094068162,0.0,1137435.3109341038,154553.9998823497,229690.90031929815,0.0,0.0,0.0,0.0
ringCFRP,"nTOF 5 ns, no veto, strict",14.0,oracle: IPC only,"no MM loss, no dead time",False,1042520413147.9036,0.0007073441815829419,1.0,308291.3751876331,0.0,1413324.3754328806,192041.6337127678,285403.26215984265,0.0,0.0,0.0,0.0
ringCFRP,"nTOF 5 ns, no veto, strict",14.0,oracle: IPC only,"no MM loss, no dead time",False,1295387524568.9966,0.0006345607621286483,1.0,473508.7934555755,0.0,1756131.3342315194,238622.02923989674,354628.859646803,0.0,0.0,0.0,0.0
ringCFRP,"nTOF 5 ns, no veto, strict",14.0,oracle: IPC only,"no MM loss, no dead time",False,1609588471982.2002,0.0005692665201997924,1.0,727994.3099410735,0.0,2182087.365559786,296500.6688275234,440645.37715044565,0.0,0.0,0.0,0.0
ringCFRP,"nTOF 5 ns, no veto, strict",14.0,oracle: IPC only,"no MM loss, no dead time",True,2000000000000.0002,0.0005106908437472553,1.0,1120158.7943658223,0.0,2711360.5788597083,368417.9825945004,547525.5132857569,0.0,0.0,0.0,0.0
