variant,hw,ecut,scenario,knobs,best,R,reach3,live,trig_Hz,occ,X17,M1,E0,G,WALL,ACC,COS
ringCFRP,"nTOF 5 ns + veto, per-arm coinc (strict)",14.0,as is,MM occ + DREAM,False,1000000000.0,0.027057092170773185,0.9975767502584543,8.151463574098505,0.011601140715263488,1321.377713924616,179.54797875470226,266.8357785762329,1.4966964295227103,0.0,11.570337001554144,103.05963915182697
ringCFRP,"nTOF 5 ns + veto, per-arm coinc (strict)",14.0,as is,MM occ + DREAM,False,1242553630.827767,0.024105988210159246,0.9969661030548177,10.211843914211238,0.014415039517494486,1631.6690387426179,221.71017023795386,329.49524859056197,1.848156812933921,0.0,17.752774894532212,102.41853744640575
ringCFRP,"nTOF 5 ns + veto, per-arm coinc (strict)",14.0,as is,MM occ + DREAM,False,1543939525.4832668,0.02153911173631626,0.9961949958466924,12.817239964411407,0.017911459690988518,2011.7510045502038,273.3554704444921,406.24806968047346,2.2786675708765514,0.0,27.19715917597243,101.62617526940086
ringCFRP,"nTOF 5 ns + veto, per-arm coinc (strict)",14.0,as is,MM occ + DREAM,False,1918427663.1677406,0.019308741171844862,0.9952178871482318,16.124467586654827,0.022255949272463067,2475.6520844481024,336.39005954044757,499.9271173384338,2.804118456431993,0.0,41.58666270822906,100.6481560261584
ringCFRP,"nTOF 5 ns + veto, per-arm coinc (strict)",14.0,as is,MM occ + DREAM,False,2383749258.3495045,0.017375348209901116,0.993974676873124,20.341770866186813,0.027654210576017583,3039.296225910653,412.97767356638235,613.7480345085811,3.4425461861859703,0.0,63.43846010532252,99.44297295831548
ringCFRP,"nTOF 5 ns + veto, per-arm coinc (strict)",14.0,as is,MM occ + DREAM,False,2961936295.9451737,0.015705824802287504,0.992385350761288,25.748580633786656,0.03436183975890628,3720.206313075825,505.49931107840206,751.2493494879968,4.213798558272102,0.0,96.48543735870969,97.96094171811062
ringCFRP,"nTOF 5 ns + veto, per-arm coinc (strict)",14.0,as is,MM occ + DREAM,False,3680364698.807223,0.014272098489579419,0.9903424181466532,32.7240277732571,0.042696428754350924,4536.781595164014,616.4550505728474,916.1465615916812,5.1387160109117005,0.0,146.2034966798393,96.14321832430987
ringCFRP,"nTOF 5 ns + veto, per-arm coinc (strict)",14.0,as is,MM occ + DREAM,False,4573050519.273256,0.013050146397816872,0.9877001990146874,41.788490061951826,0.05305260257209782,5506.904145282228,748.2746969786741,1112.0507328572196,6.237553187943304,0.0,220.51216183047381,93.92109725008498
ringCFRP,"nTOF 5 ns + veto, per-arm coinc (strict)",14.0,as is,MM occ + DREAM,False,5682260526.681813,0.012019450445519641,0.9842596516298998,53.66466143971506,0.06592070395082295,6645.5374518851695,902.9914797645266,1341.9835534871581,7.527258914451026,0.0,330.651336499317,91.21591263565365
ringCFRP,"nTOF 5 ns + veto, per-arm coinc (strict)",14.0,as is,MM occ + DREAM,False,7060513448.737786,0.011162925489035372,0.9797469945069353,69.36801650065601,0.08191001004081737,7960.885462459126,1081.7201461926372,1607.6017085396986,9.017125627246328,0.0,492.17175986345865,87.94005453980839
ringCFRP,"nTOF 5 ns + veto, per-arm coinc (strict)",14.0,as is,MM occ + DREAM,False,8773066621.237415,0.010467294221285924,0.9737839480588676,90.34173220546873,0.10177758037735649,9448.621180482765,1283.8727466772855,1908.0314149371509,10.702252229409092,0.0,725.836653292633,83.99987692012039
ringCFRP,"nTOF 5 ns + veto, per-arm coinc (strict)",14.0,as is,MM occ + DREAM,False,10901005783.71244,0.009923836955025068,0.9658472446361338,118.6590967258885,0.12646410203474917,11083.756437149466,1506.0539044426014,2238.226623084122,12.554335153655662,0.0,1057.968103664376,79.30161707957403
ringCFRP,"nTOF 5 ns + veto, per-arm coinc (strict)",14.0,as is,MM occ + DREAM,False,13545084316.226381,0.009529493969095599,0.9552157165310303,157.32868275927478,0.1571384291526508,12810.077248866643,1740.6252984957014,2586.8356188410958,14.509702016498977,0.0,1519.3313255716168,73.76182876680056
ringCFRP,"nTOF 5 ns + veto, per-arm coinc (strict)",14.0,as is,MM occ + DREAM,False,16830493696.995401,0.009288471429734064,0.9409060135190672,210.7564041547099,0.1952529256861989,14528.000466321399,1974.0556326835333,2933.748824984271,16.455557102946564,0.0,2141.0249652392467,67.32411129757764
ringCFRP,"nTOF 5 ns + veto, per-arm coinc (strict)",14.0,as is,MM occ + DREAM,True,20912791051.82548,0.009214778980214083,0.9216051516744985,285.44758061068666,0.24261223174113059,16083.622338124369,2185.4325613584206,3247.8872949754814,18.21757690748806,0.0,2945.2007053381594,59.98373552749584
ringCFRP,"nTOF 5 ns + veto, per-arm coinc (strict)",14.0,as is,MM occ + DREAM,False,25985264452.18819,0.009336531472880893,0.8956232668778483,391.0768139370662,0.30145870943316944,17264.980098169166,2345.9547162025774,3486.447787071544,19.555675713617056,0.0,3928.368806068747,51.820378497095064
ringCFRP,"nTOF 5 ns + veto, per-arm coinc (strict)",14.0,as is,MM occ + DREAM,False,32288084693.086143,0.009703535144856418,0.860916780907967,542.1223305997158,0.3745786139508375,17815.822965092288,2420.8029010366795,3597.6836462204305,20.179603711996272,0.0,5036.944933448397,43.035340594121706
ringCFRP,"nTOF 5 ns + veto, per-arm coinc (strict)",14.0,as is,MM occ + DREAM,False,40119676867.86864,0.010401032922541454,0.8152686509392165,760.3675858191277,0.4654340167950456,17480.12769293477,2375.1888370501038,3529.894165312307,19.79936881780123,0.0,6140.744925839688,33.98199049486589
ringCFRP,"nTOF 5 ns + veto, per-arm coinc (strict)",14.0,as is,MM occ + DREAM,False,49850850159.80715,0.011575359957693432,0.7567367507559052,1078.7365983222912,0.5783267274794381,16085.9407203603,2185.747581689138,3248.3554634048724,18.220202889732366,0.0,7021.631988017444,25.167236740440632
ringCFRP,"nTOF 5 ns + veto, per-arm coinc (strict)",14.0,as is,MM occ + DREAM,False,61942354865.91934,0.013483692529896892,0.6844344867044478,1547.18193787582,0.7186019750343164,13655.485112706476,1855.498791196693,2757.555211872647,15.4672775211905,0.0,7406.514472124487,17.194163845556957
ringCFRP,"nTOF 5 ns + veto, per-arm coinc (strict)",14.0,as is,MM occ + DREAM,False,76966697940.67007,0.016595263375041896,0.5995072083756416,2241.7337499660725,0.8929014931988941,10487.939248641636,1425.0946368716682,2117.908759607836,11.87946569786673,0.0,7068.252385577401,10.627936430338586
ringCFRP,"nTOF 5 ns + veto, per-arm coinc (strict)",14.0,as is,MM occ + DREAM,False,95635249979.00363,0.021809597970344752,0.5058248517132626,3278.4191229774992,1.109477992345821,7130.091486290859,968.8323794241539,1439.833208184962,8.076102962268223,0.0,5970.794587392826,5.814853059187558
ringCFRP,"nTOF 5 ns + veto, per-arm coinc (strict)",14.0,as is,MM occ + DREAM,False,118831927096.53209,0.030960254897510267,0.4097122877520586,4834.688410304369,1.378585907712801,4189.33322387102,569.2439828138904,845.9836886356602,4.745168631326204,0.0,4359.1024566407195,2.7496246056235205
ringCFRP,"nTOF 5 ns + veto, per-arm coinc (strict)",14.0,as is,MM occ + DREAM,False,147655042472.05707,0.048072827884129435,0.31843482538548035,7182.41623123132,1.7129669250365411,2072.8217457939063,281.65372463465155,418.58054556247606,2.3478411004468933,0.0,2679.9659102335354,1.0949021611093293
ringCFRP,"nTOF 5 ns + veto, per-arm coinc (strict)",14.0,as is,MM occ + DREAM,False,183469309133.68265,0.08280537382410232,0.2380868144633538,10738.75368497896,2.1284532721920293,838.8900233301814,113.98785260200921,169.40339628575975,0.9501928853873003,0.0,1347.682179873537,0.3566179864827715
ringCFRP,"nTOF 5 ns + veto, per-arm coinc (strict)",14.0,as is,MM occ + DREAM,False,227970456209.51938,0.1609072085778338,0.1720854580872206,16144.517664124674,2.6447173414094474,268.29200263569066,36.45534980775198,54.17822977840489,0.30388864454334524,0.0,535.5565389873145,0.09178903384795413
ringCFRP,"nTOF 5 ns + veto, per-arm coinc (strict)",14.0,as is,MM occ + DREAM,False,283265518084.60077,0.3602306908461343,0.12096652804534391,24385.065845817928,3.2862031350814687,64.96155807005387,8.826935951259577,13.118177900597528,0.07358057502794284,0.0,161.12731661130923,0.017886458586172282
ringCFRP,"nTOF 5 ns + veto, per-arm coinc (strict)",14.0,as is,MM occ + DREAM,False,351972597984.32916,0.9545278013487843,0.08320114418426024,36976.729800208705,4.083283637133069,11.274578922547237,1.5319827446168142,2.2767608483282675,0.012770475723878558,0.0,34.74787220154826,0.0024983490637427237
ringCFRP,"nTOF 5 ns + veto, per-arm coinc (strict)",14.0,as is,MM occ + DREAM,False,437344829577.312,3.0994338169807962,0.0562942073182074,56254.41964426049,5.073698909019327,1.307633711656039,0.17768045230763227,0.2640603484267438,0.0014811288905019144,0.0,5.0075942918655,0.00023319742555940275
ringCFRP,"nTOF 5 ns + veto, per-arm coinc (strict)",14.0,as is,MM occ + DREAM,False,543424405915.04,12.893085219813061,0.0376322093065797,85815.3740087812,6.304343001128844,0.09267730190656989,0.012592933919205816,0.018715027315796686,0.00010497360852967644,0.0,0.44099285370525987,1.3301354929837955e-05
ringCFRP,"nTOF 5 ns + veto, per-arm coinc (strict)",14.0,as is,MM occ + DREAM,False,675233968650.1553,72.6915354990293,0.024938422400846382,131203.91756074494,7.833484286036267,0.0035842850549779957,0.00048703041539165847,0.0007238017435934837,4.059843440407247e-06,0.0,0.0211921907386705,4.140091114472027e-07
ringCFRP,"nTOF 5 ns + veto, per-arm coinc (strict)",14.0,as is,MM occ + DREAM,False,839014419404.4929,596.318920320233,0.016423453705986232,200968.23094068162,9.733524341646621,6.560838917897048e-05,8.914826958484681e-06,1.3248797390192569e-05,7.431322686626116e-08,0.0,0.0004820008793151936,6.0989010880275165e-09
ringCFRP,"nTOF 5 ns + veto, per-arm coinc (strict)",14.0,as is,MM occ + DREAM,False,1042520413147.9037,7779.414900617144,0.010767643641064065,308291.3751876331,12.094426011463462,4.756391190920994e-07,6.462954653291934e-08,9.604939853820969e-08,5.387463128707536e-10,0.0,4.341913471480246e-06,3.558398957524604e-11
ringCFRP,"nTOF 5 ns + veto, per-arm coinc (strict)",14.0,as is,MM occ + DREAM,False,1295387524568.9966,180341.53541560675,0.00703701934402749,473508.7934555755,15.027972953321772,1.0934886540704965e-09,1.485825555861904e-10,2.2081642008821097e-10,1.238571338856616e-12,0.0,1.2403179306656512e-08,6.583793649785323e-14
ringCFRP,"nTOF 5 ns + veto, per-arm coinc (strict)",14.0,as is,MM occ + DREAM,False,1609588471982.2002,8530981.232882768,0.0045883703162878904,727994.3099410735,18.67306235713145,6.043864405357655e-13,8.212365218620339e-14,1.2204831723874492e-13,6.845756652843217e-16,0.0,8.518214970929731e-12,2.928609717611221e-17
ringCFRP,"nTOF 5 ns + veto, per-arm coinc (strict)",14.0,as is,MM occ + DREAM,False,2000000000000.0002,978202053.2743862,0.0029867925165031565,1120158.7943658223,23.20228143052698,5.690451763328749e-17,7.732150327193244e-18,1.149115889209668e-17,6.44545367066122e-20,0.0,9.965423799565886e-16,2.219107750794847e-21
ringCFRP,"nTOF 5 ns + veto, per-arm coinc (strict)",14.0,as is,"MM occ ÷10, DAQ 10 µs",False,1000000000.0,0.02674468580519496,0.9999184920083534,8.151463574098505,0.001160114071526349,1352.4282054805515,183.76710016068515,273.10603877677335,1.5318666608327751,0.0,11.842223417966474,105.48139367479153
ringCFRP,"nTOF 5 ns + veto, per-arm coinc (strict)",14.0,as is,"MM occ ÷10, DAQ 10 µs",False,1242553630.827767,0.023760357718168965,0.9998978919879687,10.211843914211238,0.0014415039517494486,1679.484510822724,228.20730673020344,339.1509878890477,1.9023163810756314,0.0,18.273013553327907,105.41987570892971
ringCFRP,"nTOF 5 ns + veto, per-arm coinc (strict)",14.0,as is,"MM occ ÷10, DAQ 10 µs",False,1543939525.4832668,0.02115567245219574,0.9998718440264146,12.817239964411407,0.0017911459690988518,2085.336460637639,283.35421627394953,421.10773642077254,2.362016251749754,0.0,28.191971833065644,105.34343870841806
ringCFRP,"nTOF 5 ns + veto, per-arm coinc (strict)",14.0,as is,"MM occ ÷10, DAQ 10 µs",False,1918427663.1677406,0.01888204316713787,0.9998387813197873,16.124467586654827,0.0022255949272463067,2588.8063235451195,351.7653869001422,522.7772071881982,2.9322858561521357,0.0,43.487457737100414,105.24846540856372
ringCFRP,"nTOF 5 ns + veto, per-arm coinc (strict)",14.0,as is,"MM occ ÷10, DAQ 10 µs",False,2383749258.3495045,0.016898816109515942,0.9997966236616869,20.341770866186813,0.0027654210576017585,3213.124135033649,436.59730132708665,648.8504166513446,3.639437361354245,0.0,67.06672601243616,105.13046202863117
ringCFRP,"nTOF 5 ns + veto, per-arm coinc (strict)",14.0,as is,"MM occ ÷10, DAQ 10 µs",False,2961936295.9451737,0.015171411374771713,0.9997425804755361,25.748580633786656,0.0034361839758906285,3986.9111166255634,541.7389932653361,805.1070641711399,4.515889416172118,0.0,103.40256169284089,104.98384623409024
ringCFRP,"nTOF 5 ns + veto, per-arm coinc (strict)",14.0,as is,"MM occ ÷10, DAQ 10 µs",False,3680364698.807223,0.013669827405008966,0.9996728667734354,32.7240277732571,0.004269642875435092,4945.355061756518,671.9717581171302,998.6528865545833,5.601498485750385,0.0,159.37029085174785,104.80168406178231
ringCFRP,"nTOF 5 ns + veto, per-arm coinc (strict)",14.0,as is,"MM occ ÷10, DAQ 10 µs",False,4573050519.273256,0.012367510011652214,0.9995822896542268,41.788490061951826,0.005305260257209782,6131.5989786923365,833.1578409089259,1238.2000772036206,6.9451317378563475,0.0,245.52672619648044,104.57536372221902
ringCFRP,"nTOF 5 ns + veto, per-arm coinc (strict)",14.0,as is,"MM occ ÷10, DAQ 10 µs",False,5682260526.681813,0.011240609334713434,0.9994636412207257,53.66466143971506,0.006592070395082295,7598.355764507211,1032.459837183421,1534.393349422841,8.606495949749338,0.0,378.0591873752654,104.29419149436784
ringCFRP,"nTOF 5 ns + veto, per-arm coinc (strict)",14.0,as is,"MM occ ÷10, DAQ 10 µs",False,7060513448.737786,0.010267620668373246,0.9993068006936027,69.36801650065601,0.008191001004081737,9409.743740841406,1278.5901044522768,1900.1806000138836,10.658216580489768,0.0,581.7456058918722,103.94489176830847
ringCFRP,"nTOF 5 ns + veto, per-arm coinc (strict)",14.0,as is,"MM occ ÷10, DAQ 10 µs",False,8773066621.237415,0.009429323290339887,0.9990973981041329,90.34173220546873,0.01017775803773565,11643.304321232254,1582.0849215733067,2351.2203520735848,13.188123139807118,0.0,894.4307196109929,103.51098972485673
ringCFRP,"nTOF 5 ns + veto, per-arm coinc (strict)",14.0,as is,"MM occ ÷10, DAQ 10 µs",False,10901005783.71244,0.008708852993269966,0.998814815362127,118.6590967258885,0.012646410203474918,14392.104214226001,1955.5901347967877,2906.306268740632,16.301630308848765,0.0,1373.75692885405,102.97205138327631
ringCFRP,"nTOF 5 ns + veto, per-arm coinc (strict)",14.0,as is,"MM occ ÷10, DAQ 10 µs",False,13545084316.226381,0.008091741835531489,0.9984291845157172,157.32868275927478,0.01571384291526508,17766.7254483847,2414.131561120904,3587.7690139704914,20.123991999175402,0.0,2107.2115337126115,102.30275234182962
ringCFRP,"nTOF 5 ns + veto, per-arm coinc (strict)",14.0,as is,"MM occ ÷10, DAQ 10 µs",False,16830493696.995401,0.0075658373470395435,0.9978968684428973,210.7564041547099,0.01952529256861989,21896.784459233324,2975.321400877667,4421.783013232209,24.802021990233563,0.0,3226.9796724168245,101.47174467745361
ringCFRP,"nTOF 5 ns + veto, per-arm coinc (strict)",14.0,as is,"MM occ ÷10, DAQ 10 µs",False,20912791051.82548,0.0071211099325703565,0.9971536490338616,285.44758061068666,0.02426122317411306,26931.362910109554,3659.416777401005,5438.453452415449,30.504581910968163,0.0,4931.6172296932,100.4402936250125
ringCFRP,"nTOF 5 ns + veto, per-arm coinc (strict)",14.0,as is,"MM occ ÷10, DAQ 10 µs",False,25985264452.18819,0.006749415070211721,0.9961044663893597,391.0768139370662,0.030145870943316944,33037.32984735645,4489.091752521908,6671.477457960287,37.420680780698696,0.0,7517.113559946799,99.16066670733866
ringCFRP,"nTOF 5 ns + veto, per-arm coinc (strict)",14.0,as is,"MM occ ÷10, DAQ 10 µs",False,32288084693.086143,0.006444287558574988,0.99460800788731,542.1223305997158,0.03745786139508375,40393.92288533684,5488.701021371469,8157.049834633486,45.75333723264868,0.0,11420.295633721722,97.57428734609978
ringCFRP,"nTOF 5 ns + veto, per-arm coinc (strict)",14.0,as is,"MM occ ÷10, DAQ 10 µs",False,40119676867.86864,0.006200830091928523,0.9924537037325563,760.3675858191277,0.04654340167950456,49181.05945255602,6682.691651802027,9931.502667204408,55.70633991106053,0.0,17277.238850078378,95.60973032935559
ringCFRP,"nTOF 5 ns + veto, per-arm coinc (strict)",14.0,as is,"MM occ ÷10, DAQ 10 µs",False,49850850159.80715,0.006015740926659312,0.9893277593821824,1078.7365983222912,0.05783267274794382,59557.60495268424,8092.65017567532,12026.916846118258,67.45963227944372,0.0,25997.334649888402,93.18077006467237
ringCFRP,"nTOF 5 ns + veto, per-arm coinc (strict)",14.0,as is,"MM occ ÷10, DAQ 10 µs",False,61942354865.91934,0.00588751918716331,0.9847639106437995,1547.18193787582,0.07186019750343164,71624.25926371843,9732.259629540758,14463.62745805367,81.12727494761725,0.0,38847.84087958236,90.18495051128524
ringCFRP,"nTOF 5 ns + veto, per-arm coinc (strict)",14.0,as is,"MM occ ÷10, DAQ 10 µs",False,76966697940.67007,0.0058168984811720805,0.9780741809851515,2241.7337499660725,0.08929014931988942,85364.14460239116,11599.22667074575,17238.226244803045,96.69015080948161,0.0,57530.39795751799,86.50361913394448
ringCFRP,"nTOF 5 ns + veto, per-arm coinc (strict)",14.0,as is,"MM occ ÷10, DAQ 10 µs",True,95635249979.00363,0.005807595758463204,0.968256493943098,3278.4191229774992,0.11094779923458209,100553.60923429024,13663.161641257226,20305.549522997957,113.8949343027666,0.0,84204.38179696332,82.0051837192529
ringCFRP,"nTOF 5 ns + veto, per-arm coinc (strict)",14.0,as is,"MM occ ÷10, DAQ 10 µs",False,118831927096.53209,0.005867532438152984,0.9538827416419434,4834.688410304369,0.13785859077128013,116638.77845580476,15848.804392164884,23553.74919181584,132.11426333216684,0.0,121365.4676140713,76.55463007442668
ringCFRP,"nTOF 5 ns + veto, per-arm coinc (strict)",14.0,as is,"MM occ ÷10, DAQ 10 µs",False,147655042472.05707,0.006010807863896655,0.9329888569060036,7182.41623123132,0.17129669250365412,132585.36996579153,18015.61729015233,26773.96481704109,150.1766283354077,0.0,171420.56350240126,70.03400480605465
ringCFRP,"nTOF 5 ns + veto, per-arm coinc (strict)",14.0,as is,"MM occ ÷10, DAQ 10 µs",False,183469309133.68265,0.00626091849283629,0.9030262367271377,10738.75368497896,0.21284532721920293,146739.1414485472,19938.822922201984,29632.142757831338,166.20830422889813,0.0,235737.36785556364,62.37983014013605
ringCFRP,"nTOF 5 ns + veto, per-arm coinc (strict)",14.0,as is,"MM occ ÷10, DAQ 10 µs",False,227970456209.51938,0.006656093461012512,0.8609963002230325,16144.517664124674,0.26447173414094477,156790.55804870496,21304.603134144283,31661.901203152138,177.59333000810523,0.0,312980.6620754024,53.641754873008225
ringCFRP,"nTOF 5 ns + veto, per-arm coinc (strict)",14.0,as is,"MM occ ÷10, DAQ 10 µs",False,283265518084.60077,0.007258310452295212,0.8039550352769477,24385.065845817928,0.3286203135081469,160009.87091308043,21742.041356150352,32312.00135664626,181.23977721154438,0.0,396880.27654360794,44.05697791883661
ringCFRP,"nTOF 5 ns + veto, per-arm coinc (strict)",14.0,as is,"MM occ ÷10, DAQ 10 µs",False,351972597984.32916,0.008168904742044365,0.7300510104589141,36976.729800208705,0.4083283637133069,153939.41494011428,20917.191588684345,31086.148348237213,174.36390085570056,0.0,474436.08793433313,34.11164140415159
ringCFRP,"nTOF 5 ns + veto, per-arm coinc (strict)",14.0,as is,"MM occ ÷10, DAQ 10 µs",False,437344829577.312,0.009556500376370881,0.6399818976491471,56254.41964426049,0.5073698909019327,137547.62005755882,18689.88473439877,27776.029444568365,155.79726346227693,0.0,526739.767352445,24.52961452685675
ringCFRP,"nTOF 5 ns + veto, per-arm coinc (strict)",14.0,as is,"MM occ ÷10, DAQ 10 µs",False,543424405915.04,0.011709282750428377,0.5381686016748767,85815.3740087812,0.6304343001128845,112363.82164573389,15267.92592991797,22690.474885934742,127.27211068605233,0.0,534668.5902739721,16.126829787186146
ringCFRP,"nTOF 5 ns + veto, per-arm coinc (strict)",14.0,as is,"MM occ ÷10, DAQ 10 µs",False,675233968650.1553,0.01513842961019647,0.4325186227596107,131203.91756074494,0.7833484286036267,82643.47598143005,11229.543917202069,16688.82108829721,93.60850733389076,0.0,488631.9808389102,9.54587917343816
ringCFRP,"nTOF 5 ns + veto, per-arm coinc (strict)",14.0,as is,"MM occ ÷10, DAQ 10 µs",False,839014419404.4929,0.020795857949907806,0.332260982122426,200968.23094068162,0.9733524341646622,53946.449749489824,7330.20991003757,10893.81391000965,61.10399613572867,0.0,396324.8685203435,5.0148169340795885
ringCFRP,"nTOF 5 ns + veto, per-arm coinc (strict)",14.0,as is,"MM occ ÷10, DAQ 10 µs",False,1042520413147.9037,0.03056357441170214,0.24492312617195086,308291.3751876331,1.2094426011463462,30815.069219606434,4187.132365910492,6222.719590655426,34.9035734373762,0.0,281298.06569441996,2.3053677838021507
ringCFRP,"nTOF 5 ns + veto, per-arm coinc (strict)",14.0,as is,"MM occ ÷10, DAQ 10 µs",False,1295387524568.9966,0.048434076222662714,0.1743652427671906,473508.7934555755,1.5027972953321773,15160.159314158327,2059.952982233881,3061.405434119458,17.171589983233737,0.0,171958.0478416762,0.9127791152724173
ringCFRP,"nTOF 5 ns + veto, per-arm coinc (strict)",14.0,as is,"MM occ ÷10, DAQ 10 µs",False,1609588471982.2002,0.08359778021647224,0.12077377682355904,727994.3099410735,1.8673062357131451,6293.948631180334,855.2178103246135,1270.984568319752,7.129021735888281,0.0,88706.8336755817,0.30497903141375643
ringCFRP,"nTOF 5 ns + veto, per-arm coinc (strict)",14.0,as is,"MM occ ÷10, DAQ 10 µs",False,2000000000000.0002,0.1593231047665209,0.08195654570680287,1120158.7943658223,2.3202281430526983,2145.094179222238,291.47405776498675,433.175063723502,2.429702548483448,0.0,37566.03776819777,0.08365232352856995
ringCFRP,"nTOF 5 ns + veto, per-arm coinc (strict)",14.0,as is,"no MM loss, DREAM",False,1000000000.0,0.026745012775772764,0.9975767502584543,8.151463574098505,0.0,1352.3951375188744,183.76260690669872,273.0993611135988,1.5318292054559726,0.0,11.841933866041597,105.47881456954255
ringCFRP,"nTOF 5 ns + veto, per-arm coinc (strict)",14.0,as is,"no MM loss, DREAM",False,1242553630.827767,0.02376099197863022,0.9969661030548177,10.211843914211238,0.0,1679.3948498856491,228.19512365805426,339.1328819790569,1.9022148240393852,0.0,18.272038030476807,105.41424776489005
ringCFRP,"nTOF 5 ns + veto, per-arm coinc (strict)",14.0,as is,"no MM loss, DREAM",False,1543939525.4832668,0.02115674936122179,0.9961949958466924,12.817239964411407,0.0,2085.1241727796696,283.32537073235244,421.06486753077485,2.361775797808609,0.0,28.189101882136686,105.33271471573066
ringCFRP,"nTOF 5 ns + veto, per-arm coinc (strict)",14.0,as is,"no MM loss, DREAM",False,1918427663.1677406,0.018883753600902584,0.9952178871482318,16.124467586654827,0.0,2588.337372159389,351.70166607864275,522.6825082941521,2.9317546848925886,0.0,43.47958016689277,105.22940009137469
ringCFRP,"nTOF 5 ns + veto, per-arm coinc (strict)",14.0,as is,"no MM loss, DREAM",False,2383749258.3495045,0.016901429793763332,0.993974676873124,20.341770866186813,0.0,3212.1304389159977,436.46227851904285,648.6497520915995,3.6383118228987024,0.0,67.0459848451294,105.09794920697396
ringCFRP,"nTOF 5 ns + veto, per-arm coinc (strict)",14.0,as is,"no MM loss, DREAM",False,2961936295.9451737,0.015175310686403556,0.992385350761288,25.748580633786656,0.0,3984.8624980626587,541.4606282540808,804.6933711570397,4.513568989502104,0.0,103.34942973149556,104.92990175178073
ringCFRP,"nTOF 5 ns + veto, per-arm coinc (strict)",14.0,as is,"no MM loss, DREAM",False,3680364698.807223,0.013675556578997067,0.9903424181466532,32.7240277732571,0.0,4941.212361660543,671.408850614619,997.8163198455583,5.596806137471094,0.0,159.23678712735148,104.71389219624399
ringCFRP,"nTOF 5 ns + veto, per-arm coinc (strict)",14.0,as is,"no MM loss, DREAM",False,4573050519.273256,0.012375846985151595,0.9877001990146874,41.788490061951826,0.0,6123.340673602052,832.0357075694009,1236.5324153040256,6.93577773134308,0.0,245.19604008674045,104.43451705864129
ringCFRP,"nTOF 5 ns + veto, per-arm coinc (strict)",14.0,as is,"no MM loss, DREAM",False,5682260526.681813,0.011252670790834312,0.9842596516298998,53.66466143971506,0.0,7582.075519726448,1030.2476876873193,1531.1057566734642,8.58805566278343,0.0,377.2491573762969,104.07073065371182
ringCFRP,"nTOF 5 ns + veto, per-arm coinc (strict)",14.0,as is,"no MM loss, DREAM",False,7060513448.737786,0.010285015736567569,0.9797469945069353,69.36801650065601,0.0,9377.94121968987,1274.2687977343792,1893.7584767990506,10.62219454125319,0.0,579.7794549056459,103.59358468597972
ringCFRP,"nTOF 5 ns + veto, per-arm coinc (strict)",14.0,as is,"no MM loss, DREAM",False,8773066621.237415,0.009454378613318524,0.9737839480588676,90.34173220546873,0.0,11581.673577327925,1573.7105745712638,2338.774790626132,13.118315307134907,0.0,889.6962877779276,102.96308174933617
ringCFRP,"nTOF 5 ns + veto, per-arm coinc (strict)",14.0,as is,"no MM loss, DREAM",False,10901005783.71244,0.008744942509060464,0.9658472446361338,118.6590967258885,0.0,14273.559739621385,1939.482385601759,2882.3676879369,16.167357504024913,0.0,1362.4416068593353,102.12389411950906
ringCFRP,"nTOF 5 ns + veto, per-arm coinc (strict)",14.0,as is,"no MM loss, DREAM",False,13545084316.226381,0.008143769760685685,0.9552157165310303,157.32868275927478,0.0,17540.438814337118,2383.383874570495,3542.073245424385,19.867681942135153,0.0,2080.3729467948724,100.99976910226249
ringCFRP,"nTOF 5 ns + veto, per-arm coinc (strict)",14.0,as is,"no MM loss, DREAM",False,16830493696.995401,0.007640943377479817,0.9409060135190672,210.7564041547099,0.0,21468.43475318923,2917.117510264166,4335.283122920229,24.316839389628672,0.0,3163.852787432252,99.48673212525492
ringCFRP,"nTOF 5 ns + veto, per-arm coinc (strict)",14.0,as is,"no MM loss, DREAM",False,20912791051.82548,0.0072296915613184794,0.9216051516744985,285.44758061068666,0.0,26128.48168507805,3550.3217778294224,5276.321584647515,29.595175425470245,0.0,4784.595228022569,97.44595478455594
ringCFRP,"nTOF 5 ns + veto, per-arm coinc (strict)",14.0,as is,"no MM loss, DREAM",False,25985264452.18819,0.006906590572648549,0.8956232668778483,391.0768139370662,0.0,31550.757461286044,4287.097224856729,6371.282671967661,35.73687185989412,0.0,7178.867899876711,94.69875923501742
ringCFRP,"nTOF 5 ns + veto, per-arm coinc (strict)",14.0,as is,"no MM loss, DREAM",False,32288084693.086143,0.006671946544352855,0.860916780907967,542.1223305997158,0.0,37684.32482887358,5120.522529219752,7609.880240802821,42.684233149982425,0.0,10654.229635596017,91.029067657874
ringCFRP,"nTOF 5 ns + veto, per-arm coinc (strict)",14.0,as is,"no MM loss, DREAM",False,40119676867.86864,0.00653041898220611,0.8152686509392165,760.3675858191277,0.0,44342.017723881465,6025.165683006442,8954.318434697043,50.225260276300006,0.0,15577.290116105723,86.20246094799155
ringCFRP,"nTOF 5 ns + veto, per-arm coinc (strict)",14.0,as is,"no MM loss, DREAM",True,49850850159.80715,0.006491878731961082,0.7567367507559052,1078.7365983222912,0.0,51141.64307283334,6949.0945300183075,10327.418120649349,57.92705127415316,0.0,22323.705101403237,80.01358831815234
ringCFRP,"nTOF 5 ns + veto, per-arm coinc (strict)",14.0,as is,"no MM loss, DREAM",False,61942354865.91934,0.006572399716686785,0.6844344867044478,1547.18193787582,0.0,57474.72182702405,7809.629317026345,11606.304530152907,65.100394868038,0.0,31173.3604101021,72.36870575561677
ringCFRP,"nTOF 5 ns + veto, per-arm coinc (strict)",14.0,as is,"no MM loss, DREAM",False,76966697940.67007,0.006795195528875097,0.5995072083756416,2241.7337499660725,0.0,62553.922224757946,8499.787895828613,12631.985815974378,70.85349711882438,0.0,42157.653616236756,63.388916841711946
ringCFRP,"nTOF 5 ns + veto, per-arm coinc (strict)",14.0,as is,"no MM loss, DREAM",False,95635249979.00363,0.007191301383324413,0.5058248517132626,3278.4191229774992,0.0,65580.60850625587,8911.05213802132,13243.18742919878,74.2817602892003,0.0,54917.71642200595,53.483409396526696
ringCFRP,"nTOF 5 ns + veto, per-arm coinc (strict)",14.0,as is,"no MM loss, DREAM",False,118831927096.53209,0.007799958195255467,0.4097122877520586,4834.688410304369,0.0,66003.87164422112,8968.56486894011,13328.660150413467,74.76118144233875,0.0,68678.62346033832,43.320943892754066
ringCFRP,"nTOF 5 ns + veto, per-arm coinc (strict)",14.0,as is,"no MM loss, DREAM",False,147655042472.05707,0.00866897173662405,0.31843482538548035,7182.41623123132,0.0,63742.064082389144,8661.231869617102,12871.916272118064,72.19928012798486,0.0,82412.56593113196,33.66971803484559
ringCFRP,"nTOF 5 ns + veto, per-arm coinc (strict)",14.0,as is,"no MM loss, DREAM",False,183469309133.68265,0.00985559868721893,0.2380868144633538,10738.75368497896,0.0,59218.315804101745,8046.547778003987,11958.40162660878,67.0753266778675,0.0,95134.602524531,25.174118129484086
ringCFRP,"nTOF 5 ns + veto, per-arm coinc (strict)",14.0,as is,"no MM loss, DREAM",False,227970456209.51938,0.011428503172423327,0.1720854580872206,16144.517664124674,0.0,53183.880551324706,7226.592483507435,10739.822554194903,60.240250225584724,0.0,106164.08509447362,18.195462272946948
ringCFRP,"nTOF 5 ns + veto, per-arm coinc (strict)",14.0,as is,"no MM loss, DREAM",False,283265518084.60077,0.013471030610571557,0.12096652804534391,24385.065845817928,0.0,46453.26120897153,6312.0401295877155,9380.657772171406,52.616620863578426,0.0,115220.28640960516,12.790400315073963
ringCFRP,"nTOF 5 ns + veto, per-arm coinc (strict)",14.0,as is,"no MM loss, DREAM",False,351972597984.32916,0.016085739469010388,0.08320114418426024,36976.729800208705,0.0,39700.450445372204,5394.4724192044705,8017.011708903693,44.96785575076054,0.0,122355.45007014992,8.797276056315129
ringCFRP,"nTOF 5 ns + veto, per-arm coinc (strict)",14.0,as is,"no MM loss, DREAM",False,437344829577.312,0.019400053525068715,0.0562942073182074,56254.41964426049,0.0,33376.822297821374,4535.221774726093,6740.033731753875,37.80521665799272,0.0,127816.82158340036,5.952270092018679
ringCFRP,"nTOF 5 ns + veto, per-arm coinc (strict)",14.0,as is,"no MM loss, DREAM",False,543424405915.04,0.02357303363266257,0.0376322093065797,85815.3740087812,0.0,27724.015732007807,3767.1219479410324,5598.519821511133,31.402402901805537,0.0,131921.11296197472,3.979043042314821
ringCFRP,"nTOF 5 ns + veto, per-arm coinc (strict)",14.0,as is,"no MM loss, DREAM",False,675233968650.1553,0.028803472136118353,0.024938422400846382,131203.91756074494,0.0,22828.66633194409,3101.944927913262,4609.964955780124,25.85754476538362,0.0,134975.16067928777,2.636865014540778
ringCFRP,"nTOF 5 ns + veto, per-arm coinc (strict)",14.0,as is,"no MM loss, DREAM",False,839014419404.4929,0.0353396853199814,0.016423453705986232,200968.23094068162,0.0,18680.61617268031,2538.3104621427715,3772.317868080292,21.159136583205516,0.0,137239.6660558101,1.7365344847866324
ringCFRP,"nTOF 5 ns + veto, per-arm coinc (strict)",14.0,as is,"no MM loss, DREAM",False,1042520413147.9037,0.04349150694057237,0.010767643641064065,308291.3751876331,0.0,15218.173223890703,2067.8358760668393,3073.1206209343695,17.23730110477309,0.0,138920.43080530662,1.1385171984736568
ringCFRP,"nTOF 5 ns + veto, per-arm coinc (strict)",14.0,as is,"no MM loss, DREAM",False,1295387524568.9966,0.05364509702211302,0.00703701934402749,473508.7934555755,0.0,12357.930169640005,1679.1878356722466,2495.5301452849617,13.997564637484393,0.0,140173.0353420781,0.7440595005032486
ringCFRP,"nTOF 5 ns + veto, per-arm coinc (strict)",14.0,as is,"no MM loss, DREAM",False,1609588471982.2002,0.0662813040922208,0.0045883703162878904,727994.3099410735,0.0,10012.224895681362,1360.4548676077143,2021.844168526587,11.340634169193796,0.0,141112.17307109886,0.4851515050272915
ringCFRP,"nTOF 5 ns + veto, per-arm coinc (strict)",14.0,as is,"no MM loss, DREAM",False,2000000000000.0002,0.08199847533008128,0.0029867925165031565,1120158.7943658223,0.0,8098.271486479843,1100.3880733584442,1635.3451056764482,9.172739854314987,0.0,141821.26615462828,0.3158086171558345
ringCFRP,"nTOF 5 ns + veto, per-arm coinc (strict)",14.0,as is,"no MM loss, no dead time",False,1000000000.0,0.026712588197997555,1.0,8.151463574098505,0.0,1355.6802894298542,184.20899129725024,273.7627566428784,1.5355502271470374,0.0,11.870699535623263,105.73503697055376
ringCFRP,"nTOF 5 ns + veto, per-arm coinc (strict)",14.0,as is,"no MM loss, no dead time",False,1242553630.827767,0.023724920397993537,1.0,10.211843914211238,0.0,1684.5054658727029,228.88955096751877,340.16490725202704,1.9080035100599533,0.0,18.32764220818461,105.73503697055375
ringCFRP,"nTOF 5 ns + veto, per-arm coinc (strict)",14.0,as is,"no MM loss, no dead time",False,1543939525.4832668,0.021116460240032192,1.0,12.817239964411407,0.0,2093.0883827693465,284.40754261322775,422.67314058619684,2.3707966890571193,0.0,28.296771214131653,105.73503697055374
ringCFRP,"nTOF 5 ns + veto, per-arm coinc (strict)",14.0,as is,"no MM loss, no dead time",False,1918427663.1677406,0.0188385473704187,1.0,16.124467586654827,0.0,2600.7745696534803,353.3916247088704,525.1940454887562,2.9458420339423834,0.0,43.688503521055324,105.73503697055374
ringCFRP,"nTOF 5 ns + veto, per-arm coinc (strict)",14.0,as is,"no MM loss, no dead time",False,2383749258.3495045,0.016850434574127722,1.0,20.341770866186813,0.0,3231.6018844874566,439.1080463861305,652.5817681111774,3.660366715120163,0.0,67.45240739537219,105.73503697055374
ringCFRP,"nTOF 5 ns + veto, per-arm coinc (strict)",14.0,as is,"no MM loss, no dead time",False,2961936295.9451737,0.015117422943122065,1.0,25.748580633786656,0.0,4015.4386549597425,545.6152973627741,810.8678453785473,4.548201952033665,0.0,104.14243786671496,105.73503697055375
ringCFRP,"nTOF 5 ns + veto, per-arm coinc (strict)",14.0,as is,"no MM loss, no dead time",False,3680364698.807223,0.013609359962906666,1.0,32.7240277732571,0.0,4989.397880086393,677.9562687732865,1007.5467853966023,5.651384849237368,0.0,160.78962610260646,105.73503697055374
ringCFRP,"nTOF 5 ns + veto, per-arm coinc (strict)",14.0,as is,"no MM loss, no dead time",False,4573050519.273256,0.012299501272064356,1.0,41.788490061951826,0.0,6199.594451545713,842.3970233066931,1251.9309164233937,7.0221487636249265,0.0,248.24945902749013,105.73503697055375
ringCFRP,"nTOF 5 ns + veto, per-arm coinc (strict)",14.0,as is,"no MM loss, no dead time",False,5682260526.681813,0.011163759048479981,1.0,53.66466143971506,0.0,7703.328595427835,1046.7234799082382,1555.5913057474274,8.725396442454901,0.0,383.28215197238393,105.73503697055374
ringCFRP,"nTOF 5 ns + veto, per-arm coinc (strict)",14.0,as is,"no MM loss, no dead time",False,7060513448.737786,0.010180331743834663,1.0,69.36801650065601,0.0,9571.798915708217,1300.6100604326568,1932.905625040573,10.841773029984019,0.0,591.7644638424476,105.73503697055374
ringCFRP,"nTOF 5 ns + veto, per-arm coinc (strict)",14.0,as is,"no MM loss, no dead time",False,8773066621.237415,0.009329627321214205,1.0,90.34173220546873,0.0,11893.473496266528,1616.077752881719,2401.7389024415784,13.4714844430172,0.0,913.6485455027682,105.73503697055374
ringCFRP,"nTOF 5 ns + veto, per-arm coinc (strict)",14.0,as is,"no MM loss, no dead time",False,10901005783.71244,0.008594313294705367,1.0,118.6590967258885,0.0,14778.278675939793,2008.0632795431588,2984.289393529079,16.739041907310803,0.0,1410.6181018020204,105.73503697055374
ringCFRP,"nTOF 5 ns + veto, per-arm coinc (strict)",14.0,as is,"no MM loss, no dead time",False,13545084316.226381,0.007959324599606236,1.0,157.32868275927478,0.0,18362.803826173556,2495.1263189282663,3708.1396213703524,20.799157298507193,0.0,2177.9090427343185,105.73503697055374
ringCFRP,"nTOF 5 ns + veto, per-arm coinc (strict)",14.0,as is,"no MM loss, no dead time",False,16830493696.995401,0.007411738761147847,1.0,210.7564041547099,0.0,22816.768566390056,3100.3282669582495,4607.56235015005,25.84406841941806,0.0,3362.559853984967,105.73503697055374
ringCFRP,"nTOF 5 ns + veto, per-arm coinc (strict)",14.0,as is,"no MM loss, no dead time",False,20912791051.82548,0.006940523297285326,1.0,285.44758061068666,0.0,28351.058625924838,3852.3241448669323,5725.143327444267,32.11264104990914,0.0,5191.589065370632,105.73503697055375
ringCFRP,"nTOF 5 ns + veto, per-arm coinc (strict)",14.0,as is,"no MM loss, no dead time",False,25985264452.18819,0.006536215991449131,1.0,391.0768139370662,0.0,35227.710833453784,4786.7193533298805,7113.797628525237,39.9016787320334,0.0,8015.4995580924515,105.73503697055376
ringCFRP,"nTOF 5 ns + veto, per-arm coinc (strict)",14.0,as is,"no MM loss, no dead time",False,32288084693.086143,0.006190605719763907,1.0,542.1223305997158,0.0,43772.32000185866,5947.7555122335825,8839.275072297989,49.5799757846112,0.0,12375.446584232594,105.73503697055374
ringCFRP,"nTOF 5 ns + veto, per-arm coinc (strict)",14.0,as is,"no MM loss, no dead time",False,40119676867.86864,0.005896460822874023,1.0,760.3675858191277,0.0,54389.45514806438,7390.405207001703,10983.273334969243,61.60577892752142,0.0,19106.941126903588,105.73503697055374
ringCFRP,"nTOF 5 ns + veto, per-arm coinc (strict)",14.0,as is,"no MM loss, no dead time",False,49850850159.80715,0.0056473253867794886,1.0,1078.7365983222912,0.0,67581.81497297165,9182.974823248438,13647.306160739883,76.54848428636477,0.0,29499.961616908477,105.73503697055374
ringCFRP,"nTOF 5 ns + veto, per-arm coinc (strict)",14.0,as is,"no MM loss, no dead time",False,61942354865.91934,0.005437382816628322,1.0,1547.18193787582,0.0,83974.02957259624,11410.33870842732,16957.509821045493,95.11559708438482,0.0,45546.15674058424,105.73503697055375
ringCFRP,"nTOF 5 ns + veto, per-arm coinc (strict)",14.0,as is,"no MM loss, no dead time",False,76966697940.67007,0.005261373857530339,1.0,2241.7337499660725,0.0,104342.23534066777,14177.95779113098,21070.6153979376,118.18623050555335,0.0,70320.51162564413,105.73503697055376
ringCFRP,"nTOF 5 ns + veto, per-arm coinc (strict)",14.0,as is,"no MM loss, no dead time",False,95635249979.00363,0.005114551683683324,1.0,3278.4191229774992,0.0,129650.82337123208,17616.872931092625,26181.36966648282,146.8527298285227,0.0,108570.61735103755,105.73503697055374
ringCFRP,"nTOF 5 ns + veto, per-arm coinc (strict)",14.0,as is,"no MM loss, no dead time",False,118831927096.53209,0.004992657447896651,1.0,4834.688410304369,0.0,161098.10131973392,21889.909424360547,32531.755939132192,182.4723926454,0.0,167626.46743438623,105.73503697055374
ringCFRP,"nTOF 5 ns + veto, per-arm coinc (strict)",14.0,as is,"no MM loss, no dead time",False,147655042472.05707,0.00489190332713014,1.0,7182.41623123132,0.0,200173.03071429572,27199.38643373027,40422.45145937164,226.73173400737267,0.0,258805.12858908466,105.73503697055375
ringCFRP,"nTOF 5 ns + veto, per-arm coinc (strict)",14.0,as is,"no MM loss, no dead time",False,183469309133.68265,0.004808954668032765,1.0,10738.75368497896,0.0,248725.72610784622,33796.69636951905,50227.063827801394,281.7263393147363,0.0,399579.4674264672,105.73503697055374
ringCFRP,"nTOF 5 ns + veto, per-arm coinc (strict)",14.0,as is,"no MM loss, no dead time",False,227970456209.51938,0.004740907035406822,1.0,16144.517664124674,0.0,309055.0540555771,41994.20778392952,62409.82052505264,350.06008581534115,0.0,616926.5333312763,105.73503697055374
ringCFRP,"nTOF 5 ns + veto, per-arm coinc (strict)",14.0,as is,"no MM loss, no dead time",False,283265518084.60077,0.004685257137028394,1.0,24385.065845817928,0.0,384017.4795424291,52180.0553556573,77547.54909271344,434.9684306377318,0.0,952497.2591295273,105.73503697055374
ringCFRP,"nTOF 5 ns + veto, per-arm coinc (strict)",14.0,as is,"no MM loss, no dead time",False,351972597984.32916,0.004639868580647045,1.0,36976.729800208705,0.0,477162.31350677303,64836.51723896584,96356.9886869456,540.4716027843695,0.0,1470598.1662845544,105.73503697055374
ringCFRP,"nTOF 5 ns + veto, per-arm coinc (strict)",14.0,as is,"no MM loss, no dead time",False,437344829577.312,0.004602934365892353,1.0,56254.41964426049,0.0,592899.7651420205,80562.84990550445,119728.72614859483,671.5649523990238,0.0,2270514.635029956,105.73503697055375
ringCFRP,"nTOF 5 ns + veto, per-arm coinc (strict)",14.0,as is,"no MM loss, no dead time",False,543424405915.04,0.004572938214443673,1.0,85815.3740087812,0.0,736709.7558941478,100103.66165991698,148769.36339031986,834.4554699400834,0.0,3505537.2882109615,105.73503697055374
ringCFRP,"nTOF 5 ns + veto, per-arm coinc (strict)",14.0,as is,"no MM loss, no dead time",False,675233968650.1553,0.004548616596021793,1.0,131203.91756074494,0.0,915401.3820525114,124384.16825468416,184853.91263657753,1036.8556739381413,0.0,5412337.577324333,105.73503697055375
ringCFRP,"nTOF 5 ns + veto, per-arm coinc (strict)",14.0,as is,"no MM loss, no dead time",False,839014419404.4929,0.004528922858394667,1.0,200968.23094068162,0.0,1137435.3109341038,154553.9998823497,229690.90031929815,1288.3487822962086,0.0,8356321.910889379,105.73503697055374
ringCFRP,"nTOF 5 ns + veto, per-arm coinc (strict)",14.0,as is,"no MM loss, no dead time",False,1042520413147.9037,0.004512994381322368,1.0,308291.3751876331,0.0,1413324.3754328808,192041.63371276783,285403.26215984265,1600.8424572146862,0.0,12901655.685883975,105.73503697055374
ringCFRP,"nTOF 5 ns + veto, per-arm coinc (strict)",14.0,as is,"no MM loss, no dead time",False,1295387524568.9966,0.004500123240293952,1.0,473508.7934555755,0.0,1756131.3342315194,238622.02923989674,354628.859646803,1989.1326075953607,0.0,19919376.157612357,105.73503697055375
ringCFRP,"nTOF 5 ns + veto, per-arm coinc (strict)",14.0,as is,"no MM loss, no dead time",False,1609588471982.2002,0.0044897305258094515,1.0,727994.3099410735,0.0,2182087.365559786,296500.6688275234,440645.37715044565,2471.60394376552,0.0,30754312.17270672,105.73503697055376
ringCFRP,"nTOF 5 ns + veto, per-arm coinc (strict)",14.0,as is,"no MM loss, no dead time",True,2000000000000.0002,0.004481344223867104,1.0,1120158.7943658223,0.0,2711360.5788597083,368417.9825945004,547525.5132857569,3071.1004542940746,0.0,47482798.14249306,105.73503697055374
ringCFRP,"nTOF 5 ns + veto, per-arm coinc (strict)",14.0,no Be window + air,MM occ + DREAM,False,1000000000.0,0.02659743920768307,0.9983416340965454,5.5742303667814594,0.009037208982736772,1329.1893252165248,180.60941561980107,268.413236224448,1.5055444754721867,0.0,0.027591168282235918,103.66889858798572
ringCFRP,"nTOF 5 ns + veto, per-arm coinc (strict)",14.0,no Be window + air,MM occ + DREAM,False,1242553630.827767,0.023585756225557787,0.9979334949311465,6.948940789329391,0.011229216834048886,1643.692033873822,223.343847309723,331.9231427746742,1.861775003777776,0.0,0.04239540987526857,103.1732110645386
ringCFRP,"nTOF 5 ns + veto, per-arm coinc (strict)",14.0,no Be window + air,MM occ + DREAM,False,1543939525.4832668,0.020948803862087906,0.9974231705758224,8.669418216573773,0.013952904148499728,2030.2414094693709,275.8679351202674,409.98197675397904,2.299611259218888,0.0,0.06506706424177736,102.56024172537245
ringCFRP,"nTOF 5 ns + veto, per-arm coinc (strict)",14.0,no Be window + air,MM occ + DREAM,False,1918427663.1677406,0.018637120459076225,0.9967841571910357,10.826234289716941,0.017337231710310222,2504.061024884757,340.25024862961754,505.6639491769441,2.836296658977711,0.0,0.09971800518203182,101.80312747290098
ringCFRP,"nTOF 5 ns + veto, per-arm coinc (strict)",14.0,no Be window + air,MM occ + DREAM,False,2383749258.3495045,0.01660934264084759,0.9959826029235522,13.53557602667064,0.02154244021014826,3082.890357978615,418.90121701341116,622.5513267460142,3.491924332288094,0.0,0.15254637633274254,100.86933280419615
ringCFRP,"nTOF 5 ns + veto, per-arm coinc (strict)",14.0,no Be window + air,MM occ + DREAM,False,2961936295.9451737,0.014830562918403963,0.9949750398472192,16.94744261571738,0.026767637300009806,3786.998273998187,514.5749610264058,764.7371544566591,4.289452391676336,0.0,0.2328381103971638,99.71971605494146
ringCFRP,"nTOF 5 ns + veto, per-arm coinc (strict)",14.0,no Be window + air,MM occ + DREAM,False,3680364698.807223,0.013271075564124029,0.993705315058119,21.256909379195505,0.03326022491580795,4638.913629881132,630.3326876832077,936.7708544900187,5.254398794184161,0.0,0.3543972867485293,98.30759461303857
ringCFRP,"nTOF 5 ns + veto, per-arm coinc (strict)",14.0,no Be window + air,MM occ + DREAM,False,4573050519.273256,0.011905443710417542,0.9921004031657803,26.719789775512165,0.04132761323128533,5662.682322120934,769.4417383860922,1143.5081962788508,6.4139998152892135,0.0,0.5375408115719041,96.57791801731103
ringCFRP,"nTOF 5 ns + veto, per-arm coinc (strict)",14.0,no Be window + air,MM occ + DREAM,False,5682260526.681813,0.010711824413167035,0.9900646505683653,33.67466836103602,0.05135177587397946,6882.375953745793,935.1729475252221,1389.810140370561,7.795520847714208,0.0,0.8117882849227624,94.46673173807993
ringCFRP,"nTOF 5 ns + veto, per-arm coinc (strict)",14.0,no Be window + air,MM occ + DREAM,False,7060513448.737786,0.009671494696305632,0.987471820373492,42.574249069701466,0.0638073355616669,8319.475169088426,1130.4450916409046,1680.0144354606487,9.423292560379794,0.0,1.2193137174565516,91.90122173749015
ringCFRP,"nTOF 5 ns + veto, per-arm coinc (strict)",14.0,no Be window + air,MM occ + DREAM,False,8773066621.237415,0.008768532526534752,0.9841540658802412,54.03043833599381,0.07928403647559491,9988.644600736214,1357.2507918531244,2017.0824215299178,11.313925270686136,0.0,1.8190357466236595,88.80077855103478
ringCFRP,"nTOF 5 ns + veto, per-arm coinc (strict)",14.0,no Be window + air,MM occ + DREAM,False,10901005783.71244,0.007989622303513251,0.9798866610098422,68.87982950182365,0.09851466738943157,11891.344052091814,1615.7884053367954,2401.308887701427,13.469072466895932,0.0,2.690795917200718,85.07971263422834
ringCFRP,"nTOF 5 ns + veto, per-arm coinc (strict)",14.0,no Be window + air,MM occ + DREAM,False,13545084316.226381,0.007323973823667465,0.9743669900568056,88.27968595785359,0.12240975765452802,14006.763390303362,1903.2302642329885,2828.49148672557,15.86516295418044,0.0,3.9382451825586475,80.65247872443983
ringCFRP,"nTOF 5 ns + veto, per-arm coinc (strict)",14.0,no Be window + air,MM occ + DREAM,False,16830493696.995401,0.006763366608647266,0.9671860547372205,113.84977041227143,0.15210068882238145,16279.879412763315,2212.099850125593,3287.518967857898,18.439873121345226,0.0,5.687629321479001,75.44248198758099
ringCFRP,"nTOF 5 ns + veto, per-arm coinc (strict)",14.0,no Be window + air,MM occ + DREAM,False,20912791051.82548,0.00630236040384961,0.9577908676141071,147.88341446406952,0.18899326314765444,18607.26356270371,2528.343355297475,3757.505221713213,21.076051642169183,0.0,8.077514620202523,69.39563445169713
ringCFRP,"nTOF 5 ns + veto, per-arm coinc (strict)",14.0,no Be window + air,MM occ + DREAM,False,25985264452.18819,0.005938754461493835,0.9454371712011994,193.66357333184118,0.23483426532610563,20822.968627435443,2829.4119760989865,4204.939274681297,23.58573363870432,0.0,11.231894901605946,62.49958642125901
ringCFRP,"nTOF 5 ns + veto, per-arm coinc (strict)",14.0,no Be window + air,MM occ + DREAM,False,32288084693.086143,0.005674447517592995,0.9291351420437667,255.93858848434525,0.29179416902372374,22689.726293078296,3083.065842180568,4581.907744692424,25.700170338755406,0.0,15.207393580031232,54.80858790094994
ringCFRP,"nTOF 5 ns + veto, per-arm coinc (strict)",14.0,no Be window + air,MM occ + DREAM,False,40119676867.86864,0.005516976626185515,0.9075981679381866,341.64156881981705,0.3625699041747991,23904.744236945466,3248.161721786489,4827.265491852359,27.076395319113878,0.0,19.90786894760221,46.47167376073656
ringCFRP,"nTOF 5 ns + veto, per-arm coinc (strict)",14.0,no Be window + air,MM occ + DREAM,True,49850850159.80715,0.005482257713894131,0.8792192719801192,460.98222520731747,0.45051255086127406,24133.30603636199,3279.2185563867088,4873.420701719606,27.335282407572446,0.0,24.973110263118066,37.757731232831674
ringCFRP,"nTOF 5 ns + veto, per-arm coinc (strict)",14.0,no Be window + air,MM occ + DREAM,False,61942354865.91934,0.005599548853150496,0.8421233215409372,629.1091792092582,0.5597860058061551,23083.23865600539,3136.536056362323,4661.372667276257,26.14589342183718,0.0,29.680259853887307,29.06502290190604
ringCFRP,"nTOF 5 ns + veto, per-arm coinc (strict)",14.0,no Be window + air,MM occ + DREAM,False,76966697940.67007,0.005920721739157791,0.7943714549541039,868.6473693727144,0.6955641340010115,20621.698635479923,2802.063535256696,4164.295305556095,23.35775940003249,0.0,32.94659487921479,20.896965265303788
ringCFRP,"nTOF 5 ns + veto, per-arm coinc (strict)",14.0,no Be window + air,MM occ + DREAM,False,95635249979.00363,0.006538325746810583,0.7344048989846017,1213.5794974568635,0.8642757401765283,16904.817041676517,2297.015984957214,3413.7173417334193,19.14772668056012,0.0,33.55920912664266,13.786502919184105
ringCFRP,"nTOF 5 ns + veto, per-arm coinc (strict)",14.0,no Be window + air,MM occ + DREAM,False,118831927096.53209,0.007622668160675369,0.6617574154133722,1715.1938213604392,1.073908958992701,12445.254109688794,1691.053358124634,2513.1641278213074,14.09647460690918,0.0,30.6987119575061,8.168311063978305
ringCFRP,"nTOF 5 ns + veto, per-arm coinc (strict)",14.0,no Be window + air,MM occ + DREAM,False,147655042472.05707,0.009502824948388382,0.5778806962671634,2451.2113655934077,1.3343894761748536,8020.617021619702,1089.836433157471,1619.6637532724237,9.084782293756868,0.0,24.583250564727624,4.236635845904922
ringCFRP,"nTOF 5 ns + veto, per-arm coinc (strict)",14.0,no Be window + air,MM occ + DREAM,False,183469309133.68265,0.012857093068753314,0.4866504697213445,3539.8084203055914,1.6580504885594265,4393.124371027522,596.9349966507862,887.1367736660857,4.975998528866671,0.0,16.73093335731747,1.8675477404594156
ringCFRP,"nTOF 5 ns + veto, per-arm coinc (strict)",14.0,no Be window + air,MM occ + DREAM,False,227970456209.51938,0.019200831876276137,0.39400610905651506,5161.180245808153,2.0602166546552687,1977.2307519199078,268.66488007009974,399.27713442843634,2.2395672150028836,0.0,9.35662383847704,0.6764573622406178
ringCFRP,"nTOF 5 ns + veto, per-arm coinc (strict)",14.0,no Be window + air,MM occ + DREAM,False,283265518084.60077,0.03226815905778781,0.3065569474184085,7590.727037603799,2.55992968453374,703.6156387121927,95.60685367982545,142.08641843712246,0.7969704673534087,0.0,4.1372564331560575,0.19373291460831427
ringCFRP,"nTOF 5 ns + veto, per-arm coinc (strict)",14.0,no Be window + air,MM occ + DREAM,False,351972597984.32916,0.062417712737429826,0.22975053039677215,11250.15798355491,3.180849924181178,189.26552709113452,25.717281651607465,38.2198168977785,0.214377036667046,0.0,1.3828135217891286,0.0419396019714126
ringCFRP,"nTOF 5 ns + veto, per-arm coinc (strict)",14.0,no Be window + air,MM occ + DREAM,False,437344829577.312,0.14280983413341933,0.1666029190075351,16786.227496099447,3.9523766224095667,36.44795528361153,4.952525407347349,7.360210803562139,0.04128382366489414,0.0,0.3308875383396681,0.0064999619260949215
ringCFRP,"nTOF 5 ns + veto, per-arm coinc (strict)",14.0,no Be window + air,MM occ + DREAM,False,543424405915.04,0.39978450070751603,0.11754688209650313,25192.09374750197,4.911039922573793,4.697128674559801,0.6382429116070887,0.9485266580032667,0.005320337736998841,0.0,0.05298523221822152,0.0006741475460132072
ringCFRP,"nTOF 5 ns + veto, per-arm coinc (strict)",14.0,no Be window + air,MM occ + DREAM,False,675233968650.1553,1.4290395616870506,0.08115340923945534,37994.43363181625,6.102230486934183,0.3720388364068036,0.050552404805355874,0.07512861124193945,0.0004214004763558571,0.0,0.005214657686354095,4.297299621041933e-05
ringCFRP,"nTOF 5 ns + veto, per-arm coinc (strict)",14.0,no Be window + air,MM occ + DREAM,False,839014419404.4929,6.8842662793031675,0.05510394235825101,57542.019754647066,7.582348647687961,0.016261665465983573,0.002209624950409194,0.00328384088806383,1.841924257125687e-05,0.0,0.00028321593986530485,1.5116708464382847e-06
ringCFRP,"nTOF 5 ns + veto, per-arm coinc (strict)",14.0,no Be window + air,MM occ + DREAM,False,1042520413147.9037,47.84630780311869,0.03695442368077195,87450.87172097164,9.421474842386687,0.000342388533653178,4.652354017961104e-05,6.914110173810043e-05,3.8781620911873724e-07,0.0,7.409467966055492e-06,2.561511348236965e-08
ringCFRP,"nTOF 5 ns + veto, per-arm coinc (strict)",14.0,no Be window + air,MM occ + DREAM,False,1295387524568.9966,522.6184952057539,0.02455751422681815,133291.05307206346,11.706687773160086,2.9271271894888385e-06,3.9773621493107465e-07,5.910968940735998e-07,3.3154947045797723e-09,0.0,7.870902800847523e-08,1.762396100822107e-10
ringCFRP,"nTOF 5 ns + veto, per-arm coinc (strict)",14.0,no Be window + air,MM occ + DREAM,False,1609588471982.2002,9985.914111419928,0.016210966183496215,203646.43570514966,14.546187397507095,8.203953603724937e-09,1.114748093466182e-09,1.6566862935438628e-09,9.292443740553041e-12,0.0,2.741077367679408e-10,3.9753006744165464e-13
ringCFRP,"nTOF 5 ns + veto, per-arm coinc (strict)",14.0,no Be window + air,MM occ + DREAM,False,2000000000000.0002,381524.8963697921,0.01064945187393027,311750.15593332937,18.074417965473547,5.7713121003752835e-12,7.842022848313705e-13,1.1654446275896006e-12,6.537042454452721e-15,0.0,2.396005450086188e-13,2.25064088878368e-16
ringCFRP,"nTOF 5 ns + veto, per-arm coinc (strict)",14.0,no Be window + air,"MM occ ÷10, DAQ 10 µs",False,1000000000.0,0.02636083673673938,0.9999442608033634,5.5742303667814594,0.0009037208982736772,1353.1567612026226,183.86609585732023,273.2531615345484,1.5326918804020482,0.0,0.028088681726739697,105.53821670807523
ringCFRP,"nTOF 5 ns + veto, per-arm coinc (strict)",14.0,no Be window + air,"MM occ ÷10, DAQ 10 µs",False,1242553630.827767,0.023325264974718343,0.9999305154205491,6.948940789329391,0.0011229216834048887,1680.6097908529016,228.36020907812582,339.3782241817478,1.9035909618299698,0.0,0.04334762197251584,105.49050862048954
ringCFRP,"nTOF 5 ns + veto, per-arm coinc (strict)",14.0,no Be window + air,"MM occ ÷10, DAQ 10 µs",False,1543939525.4832668,0.020661606171968515,0.9999133133330639,8.669418216573773,0.001395290414849973,2087.0746554444213,283.5904010990385,421.4587432220051,2.3639850680342356,0.0,0.06688850894765293,105.43124584244548
ringCFRP,"nTOF 5 ns + veto, per-arm coinc (strict)",14.0,no Be window + air,"MM occ ÷10, DAQ 10 µs",False,1918427663.1677406,0.018320037805171187,0.9998917493765689,10.826234289716941,0.0017337231710310222,2591.4915791759363,352.13025775869534,523.3194611322256,2.93532738808706,0.0,0.10319970965298297,105.3576350408389
ringCFRP,"nTOF 5 ns + veto, per-arm coinc (strict)",14.0,no Be window + air,"MM occ ÷10, DAQ 10 µs",False,2383749258.3495045,0.016258763888267354,0.9998646625584355,13.53557602667064,0.002154244021014826,3217.273041167558,437.16105210215756,649.6882365924673,3.6441367390806967,0.0,0.15919584776441079,105.26621041569642
ringCFRP,"nTOF 5 ns + veto, per-arm coinc (strict)",14.0,no Be window + air,"MM occ ÷10, DAQ 10 µs",False,2961936295.9451737,0.014442354239016367,0.9998305542905572,16.94744261571738,0.0026767637300009806,3993.3225670098946,542.6101771405157,806.4017767556473,4.523151529644419,0.0,0.24552366107293883,105.1526733540326
ringCFRP,"nTOF 5 ns + veto, per-arm coinc (strict)",14.0,no Be window + air,"MM occ ÷10, DAQ 10 µs",False,3680364698.807223,0.012840467126816739,0.9997874760822246,21.256909379195505,0.003326022491580795,4955.264990080679,673.3183129904693,1000.6540732040529,5.61272325076897,0.0,0.37856545901018857,105.01169470092431
ringCFRP,"nTOF 5 ns + veto, per-arm coinc (strict)",14.0,no Be window + air,"MM occ ÷10, DAQ 10 µs",False,4573050519.273256,0.011426885973158142,0.9997328734778901,26.719789775512165,0.004132761323128533,6146.920311378689,835.2396940283436,1241.294029593695,6.9624858854899445,0.0,0.5835080170290641,104.83667140785735
ringCFRP,"nTOF 5 ns + veto, per-arm coinc (strict)",14.0,no Be window + air,"MM occ ÷10, DAQ 10 µs",False,5682260526.681813,0.010178803259180465,0.9996633666765449,33.67466836103602,0.005135177587397947,7622.0508613809225,1035.6795121523862,1539.1782792397344,8.633334881959527,0.0,0.8990342343891993,104.61942777540222
ringCFRP,"nTOF 5 ns + veto, per-arm coinc (strict)",14.0,no Be window + air,"MM occ ÷10, DAQ 10 µs",False,7060513448.737786,0.009076289216109493,0.9995744386888356,42.574249069701466,0.00638073355616669,9446.403086410737,1283.571353439664,1907.583498453902,10.699739841434809,0.0,1.3844778221925473,104.3498498428798
ringCFRP,"nTOF 5 ns + veto, per-arm coinc (strict)",14.0,no Be window + air,"MM occ ÷10, DAQ 10 µs",False,8773066621.237415,0.008101891058309479,0.9994599873878216,54.03043833599381,0.007928403647559491,11700.046758019222,1589.795048456298,2362.678780756624,13.252394090986723,0.0,2.1306998237214856,104.01543980441949
ringCFRP,"nTOF 5 ns + veto, per-arm coinc (strict)",14.0,no Be window + air,"MM occ ÷10, DAQ 10 µs",False,10901005783.71244,0.007240319856045131,0.9993116758215023,68.87982950182365,0.009851466738943158,14479.979207569579,1967.5305340268153,2924.051529629414,16.40116444461909,0.0,3.2765571967472904,103.60077586964678
ringCFRP,"nTOF 5 ns + veto, per-arm coinc (strict)",14.0,no Be window + air,"MM occ ÷10, DAQ 10 µs",False,13545084316.226381,0.00647819449794391,0.9991179817833332,88.27968595785359,0.012240975765452803,17902.900313741742,2432.6349168036863,3615.267832693668,20.27823437258828,0.0,5.033711854034115,103.08686214114378
ringCFRP,"nTOF 5 ns + veto, per-arm coinc (strict)",14.0,no Be window + air,"MM occ ÷10, DAQ 10 µs",False,16830493696.995401,0.0058038233070160285,0.9988627969988833,113.84977041227143,0.015210068882238146,22107.9603655929,3004.015851184339,4464.427358445689,25.041216447442057,0.0,7.723760135155607,102.4503535545718
ringCFRP,"nTOF 5 ns + veto, per-arm coinc (strict)",14.0,no Be window + air,"MM occ ÷10, DAQ 10 µs",False,20912791051.82548,0.00520701237928579,0.9985233495764253,147.88341446406952,0.018899326314765444,27259.11543102841,3703.9515853083944,5504.638993595762,30.875820219785524,0.0,11.833330714423779,101.66264392147933
ringCFRP,"nTOF 5 ns + veto, per-arm coinc (strict)",14.0,no Be window + air,"MM occ ÷10, DAQ 10 µs",False,25985264452.18819,0.004678895349774099,0.9980671075752201,193.66357333184118,0.023483426532610565,33546.46177294214,4558.272280689656,6774.290311794616,37.99736368305889,0.0,18.094938320081074,100.68881263851192
ringCFRP,"nTOF 5 ns + veto, per-arm coinc (strict)",14.0,no Be window + air,"MM occ ÷10, DAQ 10 µs",False,32288084693.086143,0.004211782567316551,0.9974471478489182,255.93858848434525,0.029179416902372374,41185.51859444901,5596.262552086142,8316.902732962755,46.649960854319126,0.0,27.603875999797616,99.48644099857131
ringCFRP,"nTOF 5 ns + veto, per-arm coinc (strict)",14.0,no Be window + air,"MM occ ÷10, DAQ 10 µs",False,40119676867.86864,0.0037990293808193975,0.9965952164676766,341.64156881981705,0.036256990417479915,50412.83080035055,6850.063973473464,10180.243555712683,57.101541115685656,0.0,41.983801161106406,98.00433767822064
ringCFRP,"nTOF 5 ns + veto, per-arm coinc (strict)",14.0,no Be window + air,"MM occ ÷10, DAQ 10 µs",False,49850850159.80715,0.0034349241660634354,0.9954113306977835,460.98222520731747,0.04505125508612741,61475.40633552393,8353.23983018003,12414.192959338525,69.6318851122122,0.0,63.61466176966683,96.18126361752878
ringCFRP,"nTOF 5 ns + veto, per-arm coinc (strict)",14.0,no Be window + air,"MM occ ÷10, DAQ 10 µs",False,61942354865.91934,0.003114597447837416,0.9937482386126574,629.1091792092582,0.05597860058061552,74610.33172873477,10138.00529170753,15066.627616669286,84.50953571196143,0.0,95.93342019697323,93.9448329903355
ringCFRP,"nTOF 5 ns + veto, per-arm coinc (strict)",14.0,no Be window + air,"MM occ ÷10, DAQ 10 µs",False,76966697940.67007,0.0028339544489169623,0.991388331339551,868.6473693727144,0.06955641340010114,90009.42893973147,12230.425006180907,18176.283584351077,101.95176556849341,0.0,143.8050396820664,91.21091057296522
ringCFRP,"nTOF 5 ns + veto, per-arm coinc (strict)",14.0,no Be window + air,"MM occ ÷10, DAQ 10 µs",False,95635249979.00363,0.002589635036790003,0.9880097166459036,1213.5794974568635,0.08642757401765283,107762.20219824034,14642.66075245265,21761.235127276665,122.05995421897362,0.0,213.9280342758236,87.88405763404874
ringCFRP,"nTOF 5 ns + veto, per-arm coinc (strict)",14.0,no Be window + air,"MM occ ÷10, DAQ 10 µs",False,118831927096.53209,0.0023790078564253515,0.9831372899473327,1715.1938213604392,0.10739089589927009,127769.1612743721,17361.193860202977,25801.39143214303,144.7214111962643,0.0,315.1682275382785,83.8599392566987
ringCFRP,"nTOF 5 ns + veto, per-arm coinc (strict)",14.0,no Be window + air,"MM occ ÷10, DAQ 10 µs",False,147655042472.05707,0.002200210253131561,0.976074354486192,2451.2113655934077,0.13343894761748537,149618.35296443058,20330.048385320108,30213.563678155882,169.4695258691998,0.0,458.58135977469846,79.03113634097376
ringCFRP,"nTOF 5 ns + veto, per-arm coinc (strict)",14.0,no Be window + air,"MM occ ÷10, DAQ 10 µs",False,183469309133.68265,0.002052253852144763,0.9658121018928659,3539.8084203055914,0.16580504885594266,172423.6819149429,23428.822244415318,34818.81594029919,195.3006368790454,0.0,656.6645712029953,73.29850702283416
ringCFRP,"nTOF 5 ns + veto, per-arm coinc (strict)",14.0,no Be window + air,"MM occ ÷10, DAQ 10 µs",False,227970456209.51938,0.001935230037945059,0.950921240768274,5161.180245808153,0.2060216654655269,194640.07064290866,26447.571273780715,39305.13905662592,220.4646678261663,0.0,921.0730326401809,66.59096751635136
ringCFRP,"nTOF 5 ns + veto, per-arm coinc (strict)",14.0,no Be window + air,"MM occ ÷10, DAQ 10 µs",False,283265518084.60077,0.0018506751313882041,0.9294481295311744,7590.727037603799,0.255992968453374,213906.2545531964,29065.448314505404,43195.70503917571,242.28706453014212,0.0,1257.767705905872,58.896761054638326
ringCFRP,"nTOF 5 ns + veto, per-arm coinc (strict)",14.0,no Be window + air,"MM occ ÷10, DAQ 10 µs",False,351972597984.32916,0.0018022017904303599,0.8988751280225785,11250.15798355491,0.31808499241811783,227028.5028748457,30848.491223464163,45845.57971973031,257.1503560805877,0.0,1658.717720188486,50.30755041911028
ringCFRP,"nTOF 5 ns + veto, per-arm coinc (strict)",14.0,no Be window + air,"MM occ ÷10, DAQ 10 µs",True,437344829577.312,0.001796591791261363,0.8562653503242916,16786.227496099447,0.3952376622409567,230298.21773983265,31292.778037844393,46505.85792975832,260.85389255801795,0.0,2090.729363526463,41.07033262383063
ringCFRP,"nTOF 5 ns + veto, per-arm coinc (strict)",14.0,no Be window + air,"MM occ ÷10, DAQ 10 µs",False,543424405915.04,0.0018457215222766675,0.7987724863974914,25192.09374750197,0.49110399225737933,220369.76601530303,29943.706216428287,44500.93071019532,249.6081464778477,0.0,2485.847000410359,31.628202518561814
ringCFRP,"nTOF 5 ns + veto, per-arm coinc (strict)",14.0,no Be window + air,"MM occ ÷10, DAQ 10 µs",False,675233968650.1553,0.001970062007602462,0.7246669113249204,37994.43363181625,0.6102230486934184,195756.85986305983,26599.31989573804,39530.66073594915,221.7296312205959,0.0,2743.8130486604714,22.611238327443107
ringCFRP,"nTOF 5 ns + veto, per-arm coinc (strict)",14.0,no Be window + air,"MM occ ÷10, DAQ 10 µs",False,839014419404.4929,0.002205323170711975,0.6347512882958978,57542.019754647066,0.7582348647687961,158465.9147625003,21532.249558391628,32000.21863382131,179.4909709212903,0.0,2759.8694045181096,14.730859148574728
ringCFRP,"nTOF 5 ns + veto, per-arm coinc (strict)",14.0,no Be window + air,"MM occ ÷10, DAQ 10 µs",False,1042520413147.9037,0.0026157744714073025,0.5334731126182978,87450.87172097164,0.9421474842386687,114555.37669334446,15565.713061471326,23133.032143605575,129.75443847188959,0.0,2479.038608251236,8.570231434759338
ringCFRP,"nTOF 5 ns + veto, per-arm coinc (strict)",14.0,no Be window + air,"MM occ ÷10, DAQ 10 µs",False,1295387524568.9966,0.0033226998199048265,0.4286491002683676,133291.05307206346,1.1706687773160087,72415.0655622893,9839.713895643956,14623.320944752038,82.02300442075911,0.0,1947.2059307997258,4.360043856175678
ringCFRP,"nTOF 5 ns + veto, per-arm coinc (strict)",14.0,no Be window + air,"MM occ ÷10, DAQ 10 µs",False,1609588471982.2002,0.004569622693889822,0.32933039298739925,203646.43570514966,1.4546187397507095,39177.630256326716,5323.431938344186,7911.434680678375,44.37566844354264,0.0,1308.9897968970731,1.898387868860008
ringCFRP,"nTOF 5 ns + veto, per-arm coinc (strict)",14.0,no Be window + air,"MM occ ÷10, DAQ 10 µs",False,2000000000000.0002,0.006884072087146883,0.24286572466093254,311750.15593332937,1.8074417965473548,17726.76583850579,2408.701874279678,3579.6996682404397,20.078730599046853,0.0,735.9405768178726,0.6912913966208925
ringCFRP,"nTOF 5 ns + veto, per-arm coinc (strict)",14.0,no Be window + air,"no MM loss, DREAM",False,1000000000.0,0.026358155448373194,0.9983416340965454,5.5742303667814594,0.0,1353.432075461878,183.90350538697308,273.3087578216262,1.5330037230072944,0.0,0.02809439667036248,105.55968959044128
ringCFRP,"nTOF 5 ns + veto, per-arm coinc (strict)",14.0,no Be window + air,"no MM loss, DREAM",False,1242553630.827767,0.023322388130878155,0.9979334949311465,6.948940789329391,0.0,1681.0244267889652,228.41654955023677,339.4619547469446,1.9040606111350236,0.0,0.04335831659176092,105.51653498069867
ringCFRP,"nTOF 5 ns + veto, per-arm coinc (strict)",14.0,no Be window + air,"no MM loss, DREAM",False,1543939525.4832668,0.020658536952127632,0.9974231705758224,8.669418216573773,0.0,2087.6948510372217,283.6746728889639,421.5839840007248,2.364687550390014,0.0,0.06690838555261776,105.46257581612153
ringCFRP,"nTOF 5 ns + veto, per-arm coinc (strict)",14.0,no Be window + air,"no MM loss, DREAM",False,1918427663.1677406,0.018316789235302004,0.9967841571910357,10.826234289716941,0.0,2592.4108874559233,352.2551727938021,523.5051039942601,2.9363686690211845,0.0,0.10323631881981903,105.39500971225638
ringCFRP,"nTOF 5 ns + veto, per-arm coinc (strict)",14.0,no Be window + air,"no MM loss, DREAM",False,2383749258.3495045,0.01625536334830669,0.9959826029235522,13.53557602667064,0.0,3218.6192565244733,437.3439750043342,649.9600880238244,3.6456615685801124,0.0,0.15926246066678967,105.31025734215017
ringCFRP,"nTOF 5 ns + veto, per-arm coinc (strict)",14.0,no Be window + air,"no MM loss, DREAM",False,2961936295.9451737,0.014438849795121542,0.9949750398472192,16.94744261571738,0.0,3995.261235722635,542.8736022347786,806.7932667663492,4.525347418457898,0.0,0.24564285731415705,105.20372262302394
ringCFRP,"nTOF 5 ns + veto, per-arm coinc (strict)",14.0,no Be window + air,"no MM loss, DREAM",False,3680364698.807223,0.012836936410136057,0.993705315058119,21.256909379195505,0.0,4957.991192381562,673.6887476569856,1001.2045958183257,5.615811162126099,0.0,0.378773731630816,105.06946822550597
ringCFRP,"nTOF 5 ns + veto, per-arm coinc (strict)",14.0,no Be window + air,"no MM loss, DREAM",False,4573050519.273256,0.01142344859219807,0.9921004031657803,26.719789775512165,0.0,6150.620154842837,835.7424264482235,1242.0411669193536,6.966676619482374,0.0,0.5838592316558565,104.8997728072351
ringCFRP,"nTOF 5 ns + veto, per-arm coinc (strict)",14.0,no Be window + air,"no MM loss, DREAM",False,5682260526.681813,0.010175638088666797,0.9900646505683653,33.67466836103602,0.0,7626.793334045556,1036.3239163770536,1540.1359625520142,8.63870657986957,0.0,0.8995936173372668,104.68452243108447
ringCFRP,"nTOF 5 ns + veto, per-arm coinc (strict)",14.0,no Be window + air,"no MM loss, DREAM",False,7060513448.737786,0.009073658380970793,0.987471820373492,42.574249069701466,0.0,9451.881699543414,1284.315783971513,1908.6898361689773,10.705945349994549,0.0,1.3852807752646512,104.41036943457121
ringCFRP,"nTOF 5 ns + veto, per-arm coinc (strict)",14.0,no Be window + air,"no MM loss, DREAM",False,8773066621.237415,0.008100173061926614,0.9841540658802412,54.03043833599381,0.0,11705.010298789593,1590.469491277148,2363.6811060206273,13.258016188037796,0.0,2.131603735959035,104.0595665405681
ringCFRP,"nTOF 5 ns + veto, per-arm coinc (strict)",14.0,no Be window + air,"no MM loss, DREAM",False,10901005783.71244,0.007240055123571816,0.9798866610098422,68.87982950182365,0.0,14481.038147239597,1967.6744220880198,2924.265369312296,16.40236388305861,0.0,3.276796815627054,103.60835232882812
ringCFRP,"nTOF 5 ns + veto, per-arm coinc (strict)",14.0,no Be window + air,"no MM loss, DREAM",False,13545084316.226381,0.006480147646787425,0.9743669900568056,88.27968595785359,0.0,17892.109893112316,2431.1687211856515,3613.0888415850127,20.266012292664488,0.0,5.030677939568835,103.02472971654352
ringCFRP,"nTOF 5 ns + veto, per-arm coinc (strict)",14.0,no Be window + air,"no MM loss, DREAM",False,16830493696.995401,0.0058090677175483725,0.9671860547372205,113.84977041227143,0.0,22068.060371579028,2998.594264909634,4456.3700513973845,24.99602257293575,0.0,7.709820451075257,102.26545325504401
ringCFRP,"nTOF 5 ns + veto, per-arm coinc (strict)",14.0,no Be window + air,"no MM loss, DREAM",False,20912791051.82548,0.0052170440489709285,0.9577908676141071,147.88341446406952,0.0,27154.385039102955,3689.7208850428724,5483.489994807959,30.757194332572872,0.0,11.787866679956451,101.27205279723636
ringCFRP,"nTOF 5 ns + veto, per-arm coinc (strict)",14.0,no Be window + air,"no MM loss, DREAM",False,25985264452.18819,0.0046957843501592815,0.9454371712011994,193.66357333184118,0.0,33305.58727827438,4525.542404746236,6725.6487064107,37.72453026659272,0.0,17.965010783955368,99.96583425029456
ringCFRP,"nTOF 5 ns + veto, per-arm coinc (strict)",14.0,no Be window + air,"no MM loss, DREAM",False,32288084693.086143,0.004238371163468884,0.9291351420437667,255.93858848434525,0.0,40670.40076251215,5526.268662700747,8212.88109986352,46.06649784316124,0.0,27.258627251127344,98.24213859463838
ringCFRP,"nTOF 5 ns + veto, per-arm coinc (strict)",14.0,no Be window + air,"no MM loss, DREAM",False,40119676867.86864,0.0038391849574886854,0.9075981679381866,341.64156881981705,0.0,49363.7698475394,6707.5182261955815,9968.39875678242,55.913292089023386,0.0,41.110143289698044,95.964925841351
ringCFRP,"nTOF 5 ns + veto, per-arm coinc (strict)",14.0,no Be window + air,"no MM loss, DREAM",False,49850850159.80715,0.0034938506176709298,0.8792192719801192,460.98222520731747,0.0,59419.23415963124,8073.848438708258,11998.974587135517,67.30290262543924,0.0,61.486937769019946,92.96428222804126
ringCFRP,"nTOF 5 ns + veto, per-arm coinc (strict)",14.0,no Be window + air,"no MM loss, DREAM",False,61942354865.91934,0.003199197594848033,0.8421233215409372,629.1091792092582,0.0,70716.48870685167,9608.912333047943,14280.314495561895,80.09906254705163,0.0,90.92674524801974,89.04194053689653
ringCFRP,"nTOF 5 ns + veto, per-arm coinc (strict)",14.0,no Be window + air,"no MM loss, DREAM",False,76966697940.67007,0.0029532144549430017,0.7943714549541039,868.6473693727144,0.0,82886.49330072975,11262.56495881859,16737.895410438032,93.88376788223749,0.0,132.42496479118685,83.99289515792475
ringCFRP,"nTOF 5 ns + veto, per-arm coinc (strict)",14.0,no Be window + air,"no MM loss, DREAM",False,95635249979.00363,0.002754966796655938,0.7344048989846017,1213.5794974568635,0.0,95216.19984122014,12937.917785383648,19227.726145191835,107.84936421532925,0.0,189.021883812048,77.65232914549267
ringCFRP,"nTOF 5 ns + veto, per-arm coinc (strict)",14.0,no Be window + air,"no MM loss, DREAM",False,118831927096.53209,0.0026044395334144724,0.6617574154133722,1715.1938213604392,0.0,106607.86315734871,14485.80988429766,21528.13072913874,120.75245894131393,0.0,262.96964727500546,69.97094478427101
ringCFRP,"nTOF 5 ns + veto, per-arm coinc (strict)",14.0,no Be window + air,"no MM loss, DREAM",False,147655042472.05707,0.0025022733063134886,0.5778806962671634,2451.2113655934077,0.0,115676.1303630855,15718.000370363687,23359.3543941673,131.0238923140418,0.0,354.5481961560566,61.10223678437788
ringCFRP,"nTOF 5 ns + veto, per-arm coinc (strict)",14.0,no Be window + air,"no MM loss, DREAM",False,183469309133.68265,0.0024494050547650787,0.4866504697213445,3539.8084203055914,0.0,121042.49144216586,16447.17816325611,24443.024204523506,137.10225536039135,0.0,460.98259158751694,51.45600540772371
ringCFRP,"nTOF 5 ns + veto, per-arm coinc (strict)",14.0,no Be window + air,"no MM loss, DREAM",True,227970456209.51938,0.002446692103253155,0.39400610905651506,5161.180245808153,0.0,121769.57933268885,16545.97441185689,24589.85055199142,137.92581234809234,0.0,576.2363081189371,41.66025050771465
ringCFRP,"nTOF 5 ns + veto, per-arm coinc (strict)",14.0,no Be window + air,"no MM loss, DREAM",False,283265518084.60077,0.002494657067353271,0.3065569474184085,7590.727037603799,0.0,117723.22628383823,15996.158485953882,23772.739929641415,133.34259431967885,0.0,692.2119811977626,32.413810168865524
ringCFRP,"nTOF 5 ns + veto, per-arm coinc (strict)",14.0,no Be window + air,"no MM loss, DREAM",False,351972597984.32916,0.0025934762801557865,0.22975053039677215,11250.15798355491,0.0,109628.29461353197,14896.224224731865,22138.069258261523,124.17363740410242,0.0,800.9672468736397,24.292680825507038
ringCFRP,"nTOF 5 ns + veto, per-arm coinc (strict)",14.0,no Be window + air,"no MM loss, DREAM",False,437344829577.312,0.002743233383407323,0.1666029190075351,16786.227496099447,0.0,98778.83155154262,13422.005957822963,19947.155265409692,111.88468137283371,0.0,896.7494653082786,17.615765800663894
ringCFRP,"nTOF 5 ns + veto, per-arm coinc (strict)",14.0,no Be window + air,"no MM loss, DREAM",False,543424405915.04,0.00294434308507311,0.11754688209650313,25192.09374750197,0.0,86597.93481543298,11766.873314566497,17487.374818013755,98.08763873982907,0.0,976.8545857952543,12.42882392424708
ringCFRP,"nTOF 5 ns + veto, per-arm coinc (strict)",14.0,no Be window + air,"no MM loss, DREAM",False,675233968650.1553,0.003198005631926566,0.08115340923945534,37994.43363181625,0.0,74287.94297607047,10094.199309281652,15001.525221710694,84.14437282935324,0.0,1041.2520278394147,8.580758726220289
ringCFRP,"nTOF 5 ns + veto, per-arm coinc (strict)",14.0,no Be window + air,"no MM loss, DREAM",False,839014419404.4929,0.003506593978260148,0.05510394235825101,57542.019754647066,0.0,62677.16980995216,8516.53470075413,12656.87413140938,70.99309703697314,0.0,1091.596281632722,5.8264173824729335
ringCFRP,"nTOF 5 ns + veto, per-arm coinc (strict)",14.0,no Be window + air,"no MM loss, DREAM",False,1042520413147.9037,0.0038739489589651862,0.03695442368077195,87450.87172097164,0.0,52228.5877681091,7096.787896569243,10546.913069729257,59.158210410079576,0.0,1130.25411175749,3.9073773541119294
ringCFRP,"nTOF 5 ns + veto, per-arm coinc (strict)",14.0,no Be window + air,"no MM loss, DREAM",False,1295387524568.9966,0.004305611831983507,0.02455751422681815,133291.05307206346,0.0,43126.22022455168,5859.963877890983,8708.803266016661,48.84815231005096,0.0,1159.6431093746476,2.596589674677517
ringCFRP,"nTOF 5 ns + veto, per-arm coinc (strict)",14.0,no Be window + air,"no MM loss, DREAM",False,1609588471982.2002,0.004809045730459482,0.016210966183496215,203646.43570514966,0.0,35373.744492524034,4806.562315746992,7143.28730789981,40.067087951378724,0.0,1181.895645954249,1.7140671087403694
ringCFRP,"nTOF 5 ns + veto, per-arm coinc (strict)",14.0,no Be window + air,"no MM loss, DREAM",False,2000000000000.0002,0.005393900079929315,0.01064945187393027,311750.15593332937,0.0,28874.503997438183,3923.4495751306126,5830.846603485637,32.70553648801014,0.0,1198.7476633242313,1.12602018760615
ringCFRP,"nTOF 5 ns + veto, per-arm coinc (strict)",14.0,no Be window + air,"no MM loss, no dead time",False,1000000000.0,0.026336290646514545,1.0,5.5742303667814594,0.0,1355.6802894298542,184.20899129725024,273.76275664287846,1.5355502271470374,0.0,0.02814106485280127,105.73503697055374
ringCFRP,"nTOF 5 ns + veto, per-arm coinc (strict)",14.0,no Be window + air,"no MM loss, no dead time",False,1242553630.827767,0.023298277751736027,1.0,6.948940789329391,0.0,1684.5054658727026,228.88955096751874,340.164907252027,1.9080035100599528,0.0,0.04344810231542781,105.73503697055374
ringCFRP,"nTOF 5 ns + veto, per-arm coinc (strict)",14.0,no Be window + air,"no MM loss, no dead time",False,1543939525.4832668,0.02063190302034603,1.0,8.669418216573773,0.0,2093.088382769347,284.40754261322775,422.6731405861969,2.3707966890571193,0.0,0.06708124247203007,105.73503697055375
ringCFRP,"nTOF 5 ns + veto, per-arm coinc (strict)",14.0,no Be window + air,"no MM loss, no dead time",False,1918427663.1677406,0.018287313561463386,1.0,10.826234289716941,0.0,2600.7745696534803,353.3916247088703,525.1940454887562,2.9458420339423834,0.0,0.10356938167109489,105.73503697055374
ringCFRP,"nTOF 5 ns + veto, per-arm coinc (strict)",14.0,no Be window + air,"no MM loss, no dead time",False,2383749258.3495045,0.01622267836353376,1.0,13.53557602667064,0.0,3231.601884487456,439.1080463861305,652.5817681111774,3.660366715120162,0.0,0.1599048619918656,105.73503697055374
ringCFRP,"nTOF 5 ns + veto, per-arm coinc (strict)",14.0,no Be window + air,"no MM loss, no dead time",False,2961936295.9451737,0.014402526784798204,1.0,16.94744261571738,0.0,4015.4386549597425,545.6152973627741,810.8678453785473,4.548201952033665,0.0,0.24688343674618823,105.73503697055374
ringCFRP,"nTOF 5 ns + veto, per-arm coinc (strict)",14.0,no Be window + air,"no MM loss, no dead time",False,3680364698.807223,0.012796470394242074,1.0,21.256909379195505,0.0,4989.397880086392,677.9562687732864,1007.5467853966023,5.651384849237367,0.0,0.3811730961795879,105.73503697055374
ringCFRP,"nTOF 5 ns + veto, per-arm coinc (strict)",14.0,no Be window + air,"no MM loss, no dead time",False,4573050519.273256,0.011378238811241713,1.0,26.719789775512165,0.0,6199.594451545714,842.3970233066931,1251.9309164233937,7.022148763624926,0.0,0.5885082092425007,105.73503697055375
ringCFRP,"nTOF 5 ns + veto, per-arm coinc (strict)",14.0,no Be window + air,"no MM loss, no dead time",False,5682260526.681813,0.010124962644853627,1.0,33.67466836103602,0.0,7703.328595427834,1046.7234799082382,1555.5913057474272,8.725396442454901,0.0,0.9086210853208809,105.73503697055374
ringCFRP,"nTOF 5 ns + veto, per-arm coinc (strict)",14.0,no Be window + air,"no MM loss, no dead time",False,7060513448.737786,0.009016641026167135,1.0,42.574249069701466,0.0,9571.798915708217,1300.6100604326568,1932.905625040573,10.841773029984019,0.0,1.4028560073144114,105.73503697055374
ringCFRP,"nTOF 5 ns + veto, per-arm coinc (strict)",14.0,no Be window + air,"no MM loss, no dead time",False,8773066621.237415,0.00803573938535701,1.0,54.03043833599381,0.0,11893.473496266528,1616.077752881719,2401.7389024415784,13.471484443017202,0.0,2.1659248382543628,105.73503697055374
ringCFRP,"nTOF 5 ns + veto, per-arm coinc (strict)",14.0,no Be window + air,"no MM loss, no dead time",False,10901005783.71244,0.0071668744359165894,1.0,68.87982950182365,0.0,14778.278675939795,2008.0632795431595,2984.2893935290795,16.739041907310806,0.0,3.344056967006862,105.73503697055376
ringCFRP,"nTOF 5 ns + veto, per-arm coinc (strict)",14.0,no Be window + air,"no MM loss, no dead time",False,13545084316.226381,0.006396555646131906,1.0,88.27968595785359,0.0,18362.803826173556,2495.126318928266,3708.1396213703524,20.79915729850719,0.0,5.163021726829587,105.73503697055374
ringCFRP,"nTOF 5 ns + veto, per-arm coinc (strict)",14.0,no Be window + air,"no MM loss, no dead time",False,16830493696.995401,0.005712963537283664,1.0,113.84977041227143,0.0,22816.768566390056,3100.3282669582495,4607.56235015005,25.84406841941806,0.0,7.9713933149811345,105.73503697055374
ringCFRP,"nTOF 5 ns + veto, per-arm coinc (strict)",14.0,no Be window + air,"no MM loss, no dead time",False,20912791051.82548,0.0051057535679319985,1.0,147.88341446406952,0.0,28351.05862592483,3852.3241448669323,5725.143327444266,32.11264104990914,0.0,12.307349212172454,105.73503697055374
ringCFRP,"nTOF 5 ns + veto, per-arm coinc (strict)",14.0,no Be window + air,"no MM loss, no dead time",False,25985264452.18819,0.0045658798683822005,1.0,193.66357333184118,0.0,35227.710833453784,4786.71935332988,7113.797628525235,39.9016787320334,0.0,19.001802902598392,105.73503697055374
ringCFRP,"nTOF 5 ns + veto, per-arm coinc (strict)",14.0,no Be window + air,"no MM loss, no dead time",False,32288084693.086143,0.004085436168166512,1.0,255.93858848434525,0.0,43772.32000185866,5947.7555122335825,8839.275072297989,49.5799757846112,0.0,29.337634556764325,105.73503697055374
ringCFRP,"nTOF 5 ns + veto, per-arm coinc (strict)",14.0,no Be window + air,"no MM loss, no dead time",False,40119676867.86864,0.003657512681220657,1.0,341.64156881981705,0.0,54389.45514806438,7390.405207001703,10983.27333496924,61.60577892752141,0.0,45.295533576372215,105.73503697055374
ringCFRP,"nTOF 5 ns + veto, per-arm coinc (strict)",14.0,no Be window + air,"no MM loss, no dead time",False,49850850159.80715,0.0032760681832291775,1.0,460.98222520731747,0.0,67581.81497297165,9182.974823248442,13647.306160739883,76.54848428636478,0.0,69.93356461641606,105.73503697055375
ringCFRP,"nTOF 5 ns + veto, per-arm coinc (strict)",14.0,no Be window + air,"no MM loss, no dead time",False,61942354865.91934,0.002935816533878808,1.0,629.1091792092582,0.0,83974.02957259624,11410.338708427318,16957.509821045493,95.11559708438483,0.0,107.97319456922276,105.73503697055374
ringCFRP,"nTOF 5 ns + veto, per-arm coinc (strict)",14.0,no Be window + air,"no MM loss, no dead time",False,76966697940.67007,0.0026321267589405955,1.0,868.6473693727144,0.0,104342.23534066774,14177.957791130977,21070.6153979376,118.18623050555331,0.0,166.7040827881182,105.73503697055374
ringCFRP,"nTOF 5 ns + veto, per-arm coinc (strict)",14.0,no Be window + air,"no MM loss, no dead time",False,95635249979.00363,0.002360935658703196,1.0,1213.5794974568635,0.0,129650.8233712321,17616.87293109262,26181.36966648282,146.8527298285227,0.0,257.3810224760105,105.73503697055374
ringCFRP,"nTOF 5 ns + veto, per-arm coinc (strict)",14.0,no Be window + air,"no MM loss, no dead time",False,118831927096.53209,0.0021186718058008145,1.0,1715.1938213604392,0.0,161098.10131973392,21889.909424360547,32531.755939132192,182.47239264539996,0.0,397.3807337100097,105.73503697055375
ringCFRP,"nTOF 5 ns + veto, per-arm coinc (strict)",14.0,no Be window + air,"no MM loss, no dead time",False,147655042472.05707,0.001902189747971596,1.0,2451.2113655934077,0.0,200173.03071429572,27199.38643373027,40422.45145937164,226.73173400737267,0.0,613.5318214404298,105.73503697055375
ringCFRP,"nTOF 5 ns + veto, per-arm coinc (strict)",14.0,no Be window + air,"no MM loss, no dead time",False,183469309133.68265,0.001708713234543679,1.0,3539.8084203055914,0.0,248725.72610784622,33796.69636951905,50227.063827801394,281.7263393147364,0.0,947.2560292636214,105.73503697055375
ringCFRP,"nTOF 5 ns + veto, per-arm coinc (strict)",14.0,no Be window + air,"no MM loss, no dead time",False,227970456209.51938,0.0015357863316290328,1.0,5161.180245808153,0.0,309055.0540555771,41994.20778392952,62409.820525052644,350.06008581534115,0.0,1462.5060243324385,105.73503697055375
ringCFRP,"nTOF 5 ns + veto, per-arm coinc (strict)",14.0,no Be window + air,"no MM loss, no dead time",False,283265518084.60077,0.001381231373453532,1.0,7590.727037603799,0.0,384017.47954242915,52180.0553556573,77547.54909271345,434.9684306377318,0.0,2258.0208572242445,105.73503697055374
ringCFRP,"nTOF 5 ns + veto, per-arm coinc (strict)",14.0,no Be window + air,"no MM loss, no dead time",False,351972597984.32916,0.0012431128095736306,1.0,11250.15798355491,0.0,477162.31350677303,64836.51723896585,96356.98868694561,540.4716027843695,0.0,3486.247650834119,105.73503697055374
ringCFRP,"nTOF 5 ns + veto, per-arm coinc (strict)",14.0,no Be window + air,"no MM loss, no dead time",False,437344829577.312,0.0011197061417355094,1.0,16786.227496099447,0.0,592899.7651420204,80562.84990550444,119728.72614859481,671.5649523990237,0.0,5382.555543746026,105.73503697055374
ringCFRP,"nTOF 5 ns + veto, per-arm coinc (strict)",14.0,no Be window + air,"no MM loss, no dead time",False,543424405915.04,0.0010094712883610348,1.0,25192.09374750197,0.0,736709.7558941478,100103.66165991696,148769.36339031986,834.4554699400833,0.0,8310.340252098567,105.73503697055374
ringCFRP,"nTOF 5 ns + veto, per-arm coinc (strict)",14.0,no Be window + air,"no MM loss, no dead time",False,675233968650.1553,0.000911029854001521,1.0,37994.43363181625,0.0,915401.3820525114,124384.16825468416,184853.9126365775,1036.8556739381413,0.0,12830.662785429557,105.73503697055374
ringCFRP,"nTOF 5 ns + veto, per-arm coinc (strict)",14.0,no Be window + air,"no MM loss, no dead time",False,839014419404.4929,0.0008231458978965817,1.0,57542.019754647066,0.0,1137435.3109341038,154553.9998823497,229690.90031929815,1288.3487822962088,0.0,19809.767412571913,105.73503697055375
ringCFRP,"nTOF 5 ns + veto, per-arm coinc (strict)",14.0,no Be window + air,"no MM loss, no dead time",False,1042520413147.9037,0.0007447098724556758,1.0,87450.87172097164,0.0,1413324.3754328808,192041.63371276786,285403.26215984265,1600.8424572146864,0.0,30585.08289890016,105.73503697055374
ringCFRP,"nTOF 5 ns + veto, per-arm coinc (strict)",14.0,no Be window + air,"no MM loss, no dead time",False,1295387524568.9966,0.0006747254257634889,1.0,133291.05307206346,0.0,1756131.3342315194,238622.02923989677,354628.859646803,1989.1326075953607,0.0,47221.51837779467,105.73503697055375
ringCFRP,"nTOF 5 ns + veto, per-arm coinc (strict)",14.0,no Be window + air,"no MM loss, no dead time",False,1609588471982.2002,0.0006122987274423716,1.0,203646.43570514966,0.0,2182087.365559786,296500.6688275234,440645.37715044565,2471.60394376552,0.0,72907.16867681168,105.73503697055375
ringCFRP,"nTOF 5 ns + veto, per-arm coinc (strict)",14.0,no Be window + air,"no MM loss, no dead time",True,2000000000000.0002,0.0005566298915824308,1.0,311750.15593332937,0.0,2711360.5788597087,368417.9825945005,547525.5132857569,3071.100454294075,0.0,112564.2594112051,105.73503697055374
ringCFRP,"nTOF 5 ns + veto, per-arm coinc (strict)",14.0,oracle: no accidentals,MM occ + DREAM,False,1000000000.0,0.02667535017519994,0.9975767502584543,8.151463574098505,0.011601140715263488,1321.377713924616,179.54797875470226,266.8357785762329,1.4966964295227103,0.0,0.0,103.05963915182697
ringCFRP,"nTOF 5 ns + veto, per-arm coinc (strict)",14.0,oracle: no accidentals,MM occ + DREAM,False,1242553630.827767,0.02367179351473274,0.9969661030548177,10.211843914211238,0.014415039517494486,1631.6690387426179,221.71017023795386,329.49524859056197,1.848156812933921,0.0,0.0,102.41853744640575
ringCFRP,"nTOF 5 ns + veto, per-arm coinc (strict)",14.0,oracle: no accidentals,MM occ + DREAM,False,1543939525.4832668,0.021044024969234965,0.9961949958466924,12.817239964411407,0.017911459690988518,2011.7510045502038,273.3554704444921,406.24806968047346,2.2786675708765514,0.0,0.0,101.62617526940086
ringCFRP,"nTOF 5 ns + veto, per-arm coinc (strict)",14.0,oracle: no accidentals,MM occ + DREAM,False,1918427663.1677406,0.018742757795882536,0.9952178871482318,16.124467586654827,0.022255949272463067,2475.6520844481024,336.39005954044757,499.9271173384338,2.804118456431993,0.0,0.0,100.6481560261584
ringCFRP,"nTOF 5 ns + veto, per-arm coinc (strict)",14.0,oracle: no accidentals,MM occ + DREAM,False,2383749258.3495045,0.01672685121459351,0.993974676873124,20.341770866186813,0.027654210576017583,3039.296225910653,412.97767356638235,613.7480345085811,3.4425461861859703,0.0,0.0,99.44297295831548
ringCFRP,"nTOF 5 ns + veto, per-arm coinc (strict)",14.0,oracle: no accidentals,MM occ + DREAM,False,2961936295.9451737,0.014961684394289064,0.992385350761288,25.748580633786656,0.03436183975890628,3720.206313075825,505.49931107840206,751.2493494879968,4.213798558272102,0.0,0.0,97.96094171811062
ringCFRP,"nTOF 5 ns + veto, per-arm coinc (strict)",14.0,oracle: no accidentals,MM occ + DREAM,False,3680364698.807223,0.013417924890364098,0.9903424181466532,32.7240277732571,0.042696428754350924,4536.781595164014,616.4550505728474,916.1465615916812,5.1387160109117005,0.0,0.0,96.14321832430987
ringCFRP,"nTOF 5 ns + veto, per-arm coinc (strict)",14.0,oracle: no accidentals,MM occ + DREAM,False,4573050519.273256,0.0120706275147612,0.9877001990146874,41.788490061951826,0.05305260257209782,5506.904145282228,748.2746969786741,1112.0507328572196,6.237553187943304,0.0,0.0,93.92109725008498
ringCFRP,"nTOF 5 ns + veto, per-arm coinc (strict)",14.0,oracle: no accidentals,MM occ + DREAM,False,5682260526.681813,0.010898605152094216,0.9842596516298998,53.66466143971506,0.06592070395082295,6645.5374518851695,902.9914797645266,1341.9835534871581,7.527258914451026,0.0,0.0,91.21591263565365
ringCFRP,"nTOF 5 ns + veto, per-arm coinc (strict)",14.0,oracle: no accidentals,MM occ + DREAM,False,7060513448.737786,0.009884022054883404,0.9797469945069353,69.36801650065601,0.08191001004081737,7960.885462459126,1081.7201461926372,1607.6017085396986,9.017125627246328,0.0,0.0,87.94005453980839
ringCFRP,"nTOF 5 ns + veto, per-arm coinc (strict)",14.0,oracle: no accidentals,MM occ + DREAM,False,8773066621.237415,0.009012175511864538,0.9737839480588676,90.34173220546873,0.10177758037735649,9448.621180482765,1283.8727466772855,1908.0314149371509,10.702252229409092,0.0,0.0,83.99987692012039
ringCFRP,"nTOF 5 ns + veto, per-arm coinc (strict)",14.0,oracle: no accidentals,MM occ + DREAM,False,10901005783.71244,0.00827145478616605,0.9658472446361338,118.6590967258885,0.12646410203474917,11083.756437149466,1506.0539044426014,2238.226623084122,12.554335153655662,0.0,0.0,79.30161707957403
ringCFRP,"nTOF 5 ns + veto, per-arm coinc (strict)",14.0,oracle: no accidentals,MM occ + DREAM,False,13545084316.226381,0.007653498197061454,0.9552157165310303,157.32868275927478,0.1571384291526508,12810.077248866643,1740.6252984957014,2586.8356188410958,14.509702016498977,0.0,0.0,73.76182876680056
ringCFRP,"nTOF 5 ns + veto, per-arm coinc (strict)",14.0,oracle: no accidentals,MM occ + DREAM,False,16830493696.995401,0.007153614277118228,0.9409060135190672,210.7564041547099,0.1952529256861989,14528.000466321399,1974.0556326835333,2933.748824984271,16.455557102946564,0.0,0.0,67.32411129757764
ringCFRP,"nTOF 5 ns + veto, per-arm coinc (strict)",14.0,oracle: no accidentals,MM occ + DREAM,False,20912791051.82548,0.006771601708839987,0.9216051516744985,285.44758061068666,0.24261223174113059,16083.622338124369,2185.4325613584206,3247.8872949754814,18.21757690748806,0.0,0.0,59.98373552749584
ringCFRP,"nTOF 5 ns + veto, per-arm coinc (strict)",14.0,oracle: no accidentals,MM occ + DREAM,False,25985264452.18819,0.006513218473490798,0.8956232668778483,391.0768139370662,0.30145870943316944,17264.980098169166,2345.9547162025774,3486.447787071544,19.555675713617056,0.0,0.0,51.820378497095064
ringCFRP,"nTOF 5 ns + veto, per-arm coinc (strict)",14.0,oracle: no accidentals,MM occ + DREAM,True,32288084693.086143,0.006392761819932768,0.860916780907967,542.1223305997158,0.3745786139508375,17815.822965092288,2420.8029010366795,3597.6836462204305,20.179603711996272,0.0,0.0,43.035340594121706
ringCFRP,"nTOF 5 ns + veto, per-arm coinc (strict)",14.0,oracle: no accidentals,MM occ + DREAM,False,40119676867.86864,0.0064376306706296306,0.8152686509392165,760.3675858191277,0.4654340167950456,17480.12769293477,2375.1888370501038,3529.894165312307,19.79936881780123,0.0,0.0,33.98199049486589
ringCFRP,"nTOF 5 ns + veto, per-arm coinc (strict)",14.0,oracle: no accidentals,MM occ + DREAM,False,49850850159.80715,0.006696582432138656,0.7567367507559052,1078.7365983222912,0.5783267274794381,16085.9407203603,2185.747581689138,3248.3554634048724,18.220202889732366,0.0,0.0,25.167236740440632
ringCFRP,"nTOF 5 ns + veto, per-arm coinc (strict)",14.0,oracle: no accidentals,MM occ + DREAM,False,61942354865.91934,0.00725521493522443,0.6844344867044478,1547.18193787582,0.7186019750343164,13655.485112706476,1855.498791196693,2757.555211872647,15.4672775211905,0.0,0.0,17.194163845556957
ringCFRP,"nTOF 5 ns + veto, per-arm coinc (strict)",14.0,oracle: no accidentals,MM occ + DREAM,False,76966697940.67007,0.008266373372228894,0.5995072083756416,2241.7337499660725,0.8929014931988941,10487.939248641636,1425.0946368716682,2117.908759607836,11.87946569786673,0.0,0.0,10.627936430338586
ringCFRP,"nTOF 5 ns + veto, per-arm coinc (strict)",14.0,oracle: no accidentals,MM occ + DREAM,False,95635249979.00363,0.010013339324681698,0.5058248517132626,3278.4191229774992,1.109477992345821,7130.091486290859,968.8323794241539,1439.833208184962,8.076102962268223,0.0,0.0,5.814853059187558
ringCFRP,"nTOF 5 ns + veto, per-arm coinc (strict)",14.0,oracle: no accidentals,MM occ + DREAM,False,118831927096.53209,0.013050097017054644,0.4097122877520586,4834.688410304369,1.378585907712801,4189.33322387102,569.2439828138904,845.9836886356602,4.745168631326204,0.0,0.0,2.7496246056235205
ringCFRP,"nTOF 5 ns + veto, per-arm coinc (strict)",14.0,oracle: no accidentals,MM occ + DREAM,False,147655042472.05707,0.01853716800435413,0.31843482538548035,7182.41623123132,1.7129669250365411,2072.8217457939063,281.65372463465155,418.58054556247606,2.3478411004468933,0.0,0.0,1.0949021611093293
ringCFRP,"nTOF 5 ns + veto, per-arm coinc (strict)",14.0,oracle: no accidentals,MM occ + DREAM,False,183469309133.68265,0.029118938194866554,0.2380868144633538,10738.75368497896,2.1284532721920293,838.8900233301814,113.98785260200921,169.40339628575975,0.9501928853873003,0.0,0.0,0.3566179864827715
ringCFRP,"nTOF 5 ns + veto, per-arm coinc (strict)",14.0,oracle: no accidentals,MM occ + DREAM,False,227970456209.51938,0.051461476956525726,0.1720854580872206,16144.517664124674,2.6447173414094474,268.29200263569066,36.45534980775198,54.17822977840489,0.30388864454334524,0.0,0.0,0.09178903384795413
ringCFRP,"nTOF 5 ns + veto, per-arm coinc (strict)",14.0,oracle: no accidentals,MM occ + DREAM,False,283265518084.60077,0.10453478992558787,0.12096652804534391,24385.065845817928,3.2862031350814687,64.96155807005387,8.826935951259577,13.118177900597528,0.07358057502794284,0.0,0.0,0.017886458586172282
ringCFRP,"nTOF 5 ns + veto, per-arm coinc (strict)",14.0,oracle: no accidentals,MM occ + DREAM,False,351972597984.32916,0.2508295880970508,0.08320114418426024,36976.729800208705,4.083283637133069,11.274578922547237,1.5319827446168142,2.2767608483282675,0.012770475723878558,0.0,0.0,0.0024983490637427237
ringCFRP,"nTOF 5 ns + veto, per-arm coinc (strict)",14.0,oracle: no accidentals,MM occ + DREAM,False,437344829577.312,0.7363019728753942,0.0562942073182074,56254.41964426049,5.073698909019327,1.307633711656039,0.17768045230763227,0.2640603484267438,0.0014811288905019144,0.0,0.0,0.00023319742555940275
ringCFRP,"nTOF 5 ns + veto, per-arm coinc (strict)",14.0,oracle: no accidentals,MM occ + DREAM,False,543424405915.04,2.7650761124560788,0.0376322093065797,85815.3740087812,6.304343001128844,0.09267730190656989,0.012592933919205816,0.018715027315796686,0.00010497360852967644,0.0,0.0,1.3301354929837955e-05
ringCFRP,"nTOF 5 ns + veto, per-arm coinc (strict)",14.0,oracle: no accidentals,MM occ + DREAM,False,675233968650.1553,14.05747646935778,0.024938422400846382,131203.91756074494,7.833484286036267,0.0035842850549779957,0.00048703041539165847,0.0007238017435934837,4.059843440407247e-06,0.0,0.0,4.140091114472027e-07
ringCFRP,"nTOF 5 ns + veto, per-arm coinc (strict)",14.0,oracle: no accidentals,MM occ + DREAM,False,839014419404.4929,103.88674227090928,0.016423453705986232,200968.23094068162,9.733524341646621,6.560838917897048e-05,8.914826958484681e-06,1.3248797390192569e-05,7.431322686626116e-08,0.0,0.0,6.0989010880275165e-09
ringCFRP,"nTOF 5 ns + veto, per-arm coinc (strict)",14.0,oracle: no accidentals,MM occ + DREAM,False,1042520413147.9037,1219.9596074927422,0.010767643641064065,308291.3751876331,12.094426011463462,4.756391190920994e-07,6.462954653291934e-08,9.604939853820969e-08,5.387463128707536e-10,0.0,0.0,3.558398957524604e-11
ringCFRP,"nTOF 5 ns + veto, per-arm coinc (strict)",14.0,oracle: no accidentals,MM occ + DREAM,False,1295387524568.9966,25440.886250482967,0.00703701934402749,473508.7934555755,15.027972953321772,1.0934886540704965e-09,1.485825555861904e-10,2.2081642008821097e-10,1.238571338856616e-12,0.0,0.0,6.583793649785323e-14
ringCFRP,"nTOF 5 ns + veto, per-arm coinc (strict)",14.0,oracle: no accidentals,MM occ + DREAM,False,1609588471982.2002,1082046.2805317668,0.0045883703162878904,727994.3099410735,18.67306235713145,6.043864405357655e-13,8.212365218620339e-14,1.2204831723874492e-13,6.845756652843217e-16,0.0,0.0,2.928609717611221e-17
ringCFRP,"nTOF 5 ns + veto, per-arm coinc (strict)",14.0,oracle: no accidentals,MM occ + DREAM,False,2000000000000.0002,111506618.25439537,0.0029867925165031565,1120158.7943658223,23.20228143052698,5.690451763328749e-17,7.732150327193244e-18,1.149115889209668e-17,6.44545367066122e-20,0.0,0.0,2.219107750794847e-21
ringCFRP,"nTOF 5 ns + veto, per-arm coinc (strict)",14.0,oracle: no accidentals,"MM occ ÷10, DAQ 10 µs",False,1000000000.0,0.026367351475777095,0.9999184920083534,8.151463574098505,0.001160114071526349,1352.4282054805515,183.76710016068515,273.10603877677335,1.5318666608327751,0.0,0.0,105.48139367479153
ringCFRP,"nTOF 5 ns + veto, per-arm coinc (strict)",14.0,oracle: no accidentals,"MM occ ÷10, DAQ 10 µs",False,1242553630.827767,0.023332388485266156,0.9998978919879687,10.211843914211238,0.0014415039517494486,1679.484510822724,228.20730673020344,339.1509878890477,1.9023163810756314,0.0,0.0,105.41987570892971
ringCFRP,"nTOF 5 ns + veto, per-arm coinc (strict)",14.0,oracle: no accidentals,"MM occ ÷10, DAQ 10 µs",False,1543939525.4832668,0.020669399220132518,0.9998718440264146,12.817239964411407,0.0017911459690988518,2085.336460637639,283.35421627394953,421.10773642077254,2.362016251749754,0.0,0.0,105.34343870841806
ringCFRP,"nTOF 5 ns + veto, per-arm coinc (strict)",14.0,oracle: no accidentals,"MM occ ÷10, DAQ 10 µs",False,1918427663.1677406,0.018328567285841854,0.9998387813197873,16.124467586654827,0.0022255949272463067,2588.8063235451195,351.7653869001422,522.7772071881982,2.9322858561521357,0.0,0.0,105.24846540856372
ringCFRP,"nTOF 5 ns + veto, per-arm coinc (strict)",14.0,oracle: no accidentals,"MM occ ÷10, DAQ 10 µs",False,2383749258.3495045,0.016268104636059974,0.9997966236616869,20.341770866186813,0.0027654210576017585,3213.124135033649,436.59730132708665,648.8504166513446,3.639437361354245,0.0,0.0,105.13046202863117
ringCFRP,"nTOF 5 ns + veto, per-arm coinc (strict)",14.0,oracle: no accidentals,"MM occ ÷10, DAQ 10 µs",False,2961936295.9451737,0.014452591421508846,0.9997425804755361,25.748580633786656,0.0034361839758906285,3986.9111166255634,541.7389932653361,805.1070641711399,4.515889416172118,0.0,0.0,104.98384623409024
ringCFRP,"nTOF 5 ns + veto, per-arm coinc (strict)",14.0,oracle: no accidentals,"MM occ ÷10, DAQ 10 µs",False,3680364698.807223,0.012851699245109163,0.9996728667734354,32.7240277732571,0.004269642875435092,4945.355061756518,671.9717581171302,998.6528865545833,5.601498485750385,0.0,0.0,104.80168406178231
ringCFRP,"nTOF 5 ns + veto, per-arm coinc (strict)",14.0,oracle: no accidentals,"MM occ ÷10, DAQ 10 µs",False,4573050519.273256,0.011439228502502258,0.9995822896542268,41.788490061951826,0.005305260257209782,6131.5989786923365,833.1578409089259,1238.2000772036206,6.9451317378563475,0.0,0.0,104.57536372221902
ringCFRP,"nTOF 5 ns + veto, per-arm coinc (strict)",14.0,oracle: no accidentals,"MM occ ÷10, DAQ 10 µs",False,5682260526.681813,0.010192393018571961,0.9994636412207257,53.66466143971506,0.006592070395082295,7598.355764507211,1032.459837183421,1534.393349422841,8.606495949749338,0.0,0.0,104.29419149436784
ringCFRP,"nTOF 5 ns + veto, per-arm coinc (strict)",14.0,oracle: no accidentals,"MM occ ÷10, DAQ 10 µs",False,7060513448.737786,0.009091289665693843,0.9993068006936027,69.36801650065601,0.008191001004081737,9409.743740841406,1278.5901044522768,1900.1806000138836,10.658216580489768,0.0,0.0,103.94489176830847
ringCFRP,"nTOF 5 ns + veto, per-arm coinc (strict)",14.0,oracle: no accidentals,"MM occ ÷10, DAQ 10 µs",False,8773066621.237415,0.008118498883679538,0.9990973981041329,90.34173220546873,0.01017775803773565,11643.304321232254,1582.0849215733067,2351.2203520735848,13.188123139807118,0.0,0.0,103.51098972485673
ringCFRP,"nTOF 5 ns + veto, per-arm coinc (strict)",14.0,oracle: no accidentals,"MM occ ÷10, DAQ 10 µs",False,10901005783.71244,0.007258773405857248,0.998814815362127,118.6590967258885,0.012646410203474918,14392.104214226001,1955.5901347967877,2906.306268740632,16.301630308848765,0.0,0.0,102.97205138327631
ringCFRP,"nTOF 5 ns + veto, per-arm coinc (strict)",14.0,oracle: no accidentals,"MM occ ÷10, DAQ 10 µs",False,13545084316.226381,0.006498784904021977,0.9984291845157172,157.32868275927478,0.01571384291526508,17766.7254483847,2414.131561120904,3587.7690139704914,20.123991999175402,0.0,0.0,102.30275234182962
ringCFRP,"nTOF 5 ns + veto, per-arm coinc (strict)",14.0,oracle: no accidentals,"MM occ ÷10, DAQ 10 µs",False,16830493696.995401,0.005826909462290933,0.9978968684428973,210.7564041547099,0.01952529256861989,21896.784459233324,2975.321400877667,4421.783013232209,24.802021990233563,0.0,0.0,101.47174467745361
ringCFRP,"nTOF 5 ns + veto, per-arm coinc (strict)",14.0,oracle: no accidentals,"MM occ ÷10, DAQ 10 µs",False,20912791051.82548,0.005233041431788158,0.9971536490338616,285.44758061068666,0.02426122317411306,26931.362910109554,3659.416777401005,5438.453452415449,30.504581910968163,0.0,0.0,100.4402936250125
ringCFRP,"nTOF 5 ns + veto, per-arm coinc (strict)",14.0,oracle: no accidentals,"MM occ ÷10, DAQ 10 µs",False,25985264452.18819,0.004708431075099837,0.9961044663893597,391.0768139370662,0.030145870943316944,33037.32984735645,4489.091752521908,6671.477457960287,37.420680780698696,0.0,0.0,99.16066670733866
ringCFRP,"nTOF 5 ns + veto, per-arm coinc (strict)",14.0,oracle: no accidentals,"MM occ ÷10, DAQ 10 µs",False,32288084693.086143,0.004245545035508344,0.99460800788731,542.1223305997158,0.03745786139508375,40393.92288533684,5488.701021371469,8157.049834633486,45.75333723264868,0.0,0.0,97.57428734609978
ringCFRP,"nTOF 5 ns + veto, per-arm coinc (strict)",14.0,oracle: no accidentals,"MM occ ÷10, DAQ 10 µs",False,40119676867.86864,0.003837950930493573,0.9924537037325563,760.3675858191277,0.04654340167950456,49181.05945255602,6682.691651802027,9931.502667204408,55.70633991106053,0.0,0.0,95.60973032935559
ringCFRP,"nTOF 5 ns + veto, per-arm coinc (strict)",14.0,oracle: no accidentals,"MM occ ÷10, DAQ 10 µs",False,49850850159.80715,0.003480229137841139,0.9893277593821824,1078.7365983222912,0.05783267274794382,59557.60495268424,8092.65017567532,12026.916846118258,67.45963227944372,0.0,0.0,93.18077006467237
ringCFRP,"nTOF 5 ns + veto, per-arm coinc (strict)",14.0,oracle: no accidentals,"MM occ ÷10, DAQ 10 µs",False,61942354865.91934,0.003167916877622121,0.9847639106437995,1547.18193787582,0.07186019750343164,71624.25926371843,9732.259629540758,14463.62745805367,81.12727494761725,0.0,0.0,90.18495051128524
ringCFRP,"nTOF 5 ns + veto, per-arm coinc (strict)",14.0,oracle: no accidentals,"MM occ ÷10, DAQ 10 µs",False,76966697940.67007,0.0028974927138568653,0.9780741809851515,2241.7337499660725,0.08929014931988942,85364.14460239116,11599.22667074575,17238.226244803045,96.69015080948161,0.0,0.0,86.50361913394448
ringCFRP,"nTOF 5 ns + veto, per-arm coinc (strict)",14.0,oracle: no accidentals,"MM occ ÷10, DAQ 10 µs",False,95635249979.00363,0.002666414441437551,0.968256493943098,3278.4191229774992,0.11094779923458209,100553.60923429024,13663.161641257226,20305.549522997957,113.8949343027666,0.0,0.0,82.0051837192529
ringCFRP,"nTOF 5 ns + veto, per-arm coinc (strict)",14.0,oracle: no accidentals,"MM occ ÷10, DAQ 10 µs",False,118831927096.53209,0.0024732311740356264,0.9538827416419434,4834.688410304369,0.13785859077128013,116638.77845580476,15848.804392164884,23553.74919181584,132.11426333216684,0.0,0.0,76.55463007442668
ringCFRP,"nTOF 5 ns + veto, per-arm coinc (strict)",14.0,oracle: no accidentals,"MM occ ÷10, DAQ 10 µs",False,147655042472.05707,0.00231780321897248,0.9329888569060036,7182.41623123132,0.17129669250365412,132585.36996579153,18015.61729015233,26773.96481704109,150.1766283354077,0.0,0.0,70.03400480605465
ringCFRP,"nTOF 5 ns + veto, per-arm coinc (strict)",14.0,oracle: no accidentals,"MM occ ÷10, DAQ 10 µs",False,183469309133.68265,0.002201684386127739,0.9030262367271377,10738.75368497896,0.21284532721920293,146739.1414485472,19938.822922201984,29632.142757831338,166.20830422889813,0.0,0.0,62.37983014013605
ringCFRP,"nTOF 5 ns + veto, per-arm coinc (strict)",14.0,oracle: no accidentals,"MM occ ÷10, DAQ 10 µs",False,227970456209.51938,0.0021287573334459256,0.8609963002230325,16144.517664124674,0.26447173414094477,156790.55804870496,21304.603134144283,31661.901203152138,177.59333000810523,0.0,0.0,53.641754873008225
ringCFRP,"nTOF 5 ns + veto, per-arm coinc (strict)",14.0,oracle: no accidentals,"MM occ ÷10, DAQ 10 µs",True,283265518084.60077,0.0021062779425128544,0.8039550352769477,24385.065845817928,0.3286203135081469,160009.87091308043,21742.041356150352,32312.00135664626,181.23977721154438,0.0,0.0,44.05697791883661
ringCFRP,"nTOF 5 ns + veto, per-arm coinc (strict)",14.0,oracle: no accidentals,"MM occ ÷10, DAQ 10 µs",False,351972597984.32916,0.0021466142827434843,0.7300510104589141,36976.729800208705,0.4083283637133069,153939.41494011428,20917.191588684345,31086.148348237213,174.36390085570056,0.0,0.0,34.11164140415159
ringCFRP,"nTOF 5 ns + veto, per-arm coinc (strict)",14.0,oracle: no accidentals,"MM occ ÷10, DAQ 10 µs",False,437344829577.312,0.00227024369494705,0.6399818976491471,56254.41964426049,0.5073698909019327,137547.62005755882,18689.88473439877,27776.029444568365,155.79726346227693,0.0,0.0,24.52961452685675
ringCFRP,"nTOF 5 ns + veto, per-arm coinc (strict)",14.0,oracle: no accidentals,"MM occ ÷10, DAQ 10 µs",False,543424405915.04,0.002511195534289111,0.5381686016748767,85815.3740087812,0.6304343001128845,112363.82164573389,15267.92592991797,22690.474885934742,127.27211068605233,0.0,0.0,16.126829787186146
ringCFRP,"nTOF 5 ns + veto, per-arm coinc (strict)",14.0,oracle: no accidentals,"MM occ ÷10, DAQ 10 µs",False,675233968650.1553,0.0029275501826647623,0.4325186227596107,131203.91756074494,0.7833484286036267,82643.47598143005,11229.543917202069,16688.82108829721,93.60850733389076,0.0,0.0,9.54587917343816
ringCFRP,"nTOF 5 ns + veto, per-arm coinc (strict)",14.0,oracle: no accidentals,"MM occ ÷10, DAQ 10 µs",False,839014419404.4929,0.0036229169686320508,0.332260982122426,200968.23094068162,0.9733524341646622,53946.449749489824,7330.20991003757,10893.81391000965,61.10399613572867,0.0,0.0,5.0148169340795885
ringCFRP,"nTOF 5 ns + veto, per-arm coinc (strict)",14.0,oracle: no accidentals,"MM occ ÷10, DAQ 10 µs",False,1042520413147.9037,0.0047929473770472655,0.24492312617195086,308291.3751876331,1.2094426011463462,30815.069219606434,4187.132365910492,6222.719590655426,34.9035734373762,0.0,0.0,2.3053677838021507
ringCFRP,"nTOF 5 ns + veto, per-arm coinc (strict)",14.0,oracle: no accidentals,"MM occ ÷10, DAQ 10 µs",False,1295387524568.9966,0.006832623560558585,0.1743652427671906,473508.7934555755,1.5027972953321773,15160.159314158327,2059.952982233881,3061.405434119458,17.171589983233737,0.0,0.0,0.9127791152724173
ringCFRP,"nTOF 5 ns + veto, per-arm coinc (strict)",14.0,oracle: no accidentals,"MM occ ÷10, DAQ 10 µs",False,1609588471982.2002,0.010603313343989071,0.12077377682355904,727994.3099410735,1.8673062357131451,6293.948631180334,855.2178103246135,1270.984568319752,7.129021735888281,0.0,0.0,0.30497903141375643
ringCFRP,"nTOF 5 ns + veto, per-arm coinc (strict)",14.0,oracle: no accidentals,"MM occ ÷10, DAQ 10 µs",False,2000000000000.0002,0.0181614632302578,0.08195654570680287,1120158.7943658223,2.3202281430526983,2145.094179222238,291.47405776498675,433.175063723502,2.429702548483448,0.0,0.0,0.08365232352856995
ringCFRP,"nTOF 5 ns + veto, per-arm coinc (strict)",14.0,oracle: no accidentals,"no MM loss, DREAM",False,1000000000.0,0.026367673833205797,0.9975767502584543,8.151463574098505,0.0,1352.3951375188744,183.76260690669872,273.0993611135988,1.5318292054559726,0.0,0.0,105.47881456954255
ringCFRP,"nTOF 5 ns + veto, per-arm coinc (strict)",14.0,oracle: no accidentals,"no MM loss, DREAM",False,1242553630.827767,0.02333301132149027,0.9969661030548177,10.211843914211238,0.0,1679.3948498856491,228.19512365805426,339.1328819790569,1.9022148240393852,0.0,0.0,105.41424776489005
ringCFRP,"nTOF 5 ns + veto, per-arm coinc (strict)",14.0,oracle: no accidentals,"no MM loss, DREAM",False,1543939525.4832668,0.02067045137589047,0.9961949958466924,12.817239964411407,0.0,2085.1241727796696,283.32537073235244,421.06486753077485,2.361775797808609,0.0,0.0,105.33271471573066
ringCFRP,"nTOF 5 ns + veto, per-arm coinc (strict)",14.0,oracle: no accidentals,"no MM loss, DREAM",False,1918427663.1677406,0.018330227582879978,0.9952178871482318,16.124467586654827,0.0,2588.337372159389,351.70166607864275,522.6825082941521,2.9317546848925886,0.0,0.0,105.22940009137469
ringCFRP,"nTOF 5 ns + veto, per-arm coinc (strict)",14.0,oracle: no accidentals,"no MM loss, DREAM",False,2383749258.3495045,0.0162706207702404,0.993974676873124,20.341770866186813,0.0,3212.1304389159977,436.46227851904285,648.6497520915995,3.6383118228987024,0.0,0.0,105.09794920697396
ringCFRP,"nTOF 5 ns + veto, per-arm coinc (strict)",14.0,oracle: no accidentals,"no MM loss, DREAM",False,2961936295.9451737,0.01445630598414564,0.992385350761288,25.748580633786656,0.0,3984.8624980626587,541.4606282540808,804.6933711570397,4.513568989502104,0.0,0.0,104.92990175178073
ringCFRP,"nTOF 5 ns + veto, per-arm coinc (strict)",14.0,oracle: no accidentals,"no MM loss, DREAM",False,3680364698.807223,0.01285708553264861,0.9903424181466532,32.7240277732571,0.0,4941.212361660543,671.408850614619,997.8163198455583,5.596806137471094,0.0,0.0,104.71389219624399
ringCFRP,"nTOF 5 ns + veto, per-arm coinc (strict)",14.0,oracle: no accidentals,"no MM loss, DREAM",False,4573050519.273256,0.011446939718809255,0.9877001990146874,41.788490061951826,0.0,6123.340673602052,832.0357075694009,1236.5324153040256,6.93577773134308,0.0,0.0,104.43451705864129
ringCFRP,"nTOF 5 ns + veto, per-arm coinc (strict)",14.0,oracle: no accidentals,"no MM loss, DREAM",False,5682260526.681813,0.01020332971225995,0.9842596516298998,53.66466143971506,0.0,7582.075519726448,1030.2476876873193,1531.1057566734642,8.58805566278343,0.0,0.0,104.07073065371182
ringCFRP,"nTOF 5 ns + veto, per-arm coinc (strict)",14.0,oracle: no accidentals,"no MM loss, DREAM",False,7060513448.737786,0.009106691832253848,0.9797469945069353,69.36801650065601,0.0,9377.94121968987,1274.2687977343792,1893.7584767990506,10.62219454125319,0.0,0.0,103.59358468597972
ringCFRP,"nTOF 5 ns + veto, per-arm coinc (strict)",14.0,oracle: no accidentals,"no MM loss, DREAM",False,8773066621.237415,0.008140071122255848,0.9737839480588676,90.34173220546873,0.0,11581.673577327925,1573.7105745712638,2338.774790626132,13.118315307134907,0.0,0.0,102.96308174933617
ringCFRP,"nTOF 5 ns + veto, per-arm coinc (strict)",14.0,oracle: no accidentals,"no MM loss, DREAM",False,10901005783.71244,0.007288853787011095,0.9658472446361338,118.6590967258885,0.0,14273.559739621385,1939.482385601759,2882.3676879369,16.167357504024913,0.0,0.0,102.12389411950906
ringCFRP,"nTOF 5 ns + veto, per-arm coinc (strict)",14.0,oracle: no accidentals,"no MM loss, DREAM",False,13545084316.226381,0.00654057050487925,0.9552157165310303,157.32868275927478,0.0,17540.438814337118,2383.383874570495,3542.073245424385,19.867681942135153,0.0,0.0,100.99976910226249
ringCFRP,"nTOF 5 ns + veto, per-arm coinc (strict)",14.0,oracle: no accidentals,"no MM loss, DREAM",False,16830493696.995401,0.005884753164101258,0.9409060135190672,210.7564041547099,0.0,21468.43475318923,2917.117510264166,4335.283122920229,24.316839389628672,0.0,0.0,99.48673212525492
ringCFRP,"nTOF 5 ns + veto, per-arm coinc (strict)",14.0,oracle: no accidentals,"no MM loss, DREAM",False,20912791051.82548,0.005312834071889256,0.9216051516744985,285.44758061068666,0.0,26128.48168507805,3550.3217778294224,5276.321584647515,29.595175425470245,0.0,0.0,97.44595478455594
ringCFRP,"nTOF 5 ns + veto, per-arm coinc (strict)",14.0,oracle: no accidentals,"no MM loss, DREAM",False,25985264452.18819,0.0048180776166474445,0.8956232668778483,391.0768139370662,0.0,31550.757461286044,4287.097224856729,6371.282671967661,35.73687185989412,0.0,0.0,94.69875923501742
ringCFRP,"nTOF 5 ns + veto, per-arm coinc (strict)",14.0,oracle: no accidentals,"no MM loss, DREAM",False,32288084693.086143,0.004395528484892443,0.860916780907967,542.1223305997158,0.0,37684.32482887358,5120.522529219752,7609.880240802821,42.684233149982425,0.0,0.0,91.029067657874
ringCFRP,"nTOF 5 ns + veto, per-arm coinc (strict)",14.0,oracle: no accidentals,"no MM loss, DREAM",False,40119676867.86864,0.004041947164766756,0.8152686509392165,760.3675858191277,0.0,44342.017723881465,6025.165683006442,8954.318434697043,50.225260276300006,0.0,0.0,86.20246094799155
ringCFRP,"nTOF 5 ns + veto, per-arm coinc (strict)",14.0,oracle: no accidentals,"no MM loss, DREAM",False,49850850159.80715,0.003755684594424304,0.7567367507559052,1078.7365983222912,0.0,51141.64307283334,6949.0945300183075,10327.418120649349,57.92705127415316,0.0,0.0,80.01358831815234
ringCFRP,"nTOF 5 ns + veto, per-arm coinc (strict)",14.0,oracle: no accidentals,"no MM loss, DREAM",False,61942354865.91934,0.003536432804222031,0.6844344867044478,1547.18193787582,0.0,57474.72182702405,7809.629317026345,11606.304530152907,65.100394868038,0.0,0.0,72.36870575561677
ringCFRP,"nTOF 5 ns + veto, per-arm coinc (strict)",14.0,oracle: no accidentals,"no MM loss, DREAM",False,76966697940.67007,0.0033847985482086547,0.5995072083756416,2241.7337499660725,0.0,62553.922224757946,8499.787895828613,12631.985815974378,70.85349711882438,0.0,0.0,63.388916841711946
ringCFRP,"nTOF 5 ns + veto, per-arm coinc (strict)",14.0,oracle: no accidentals,"no MM loss, DREAM",False,95635249979.00363,0.0033017087722200713,0.5058248517132626,3278.4191229774992,0.0,65580.60850625587,8911.05213802132,13243.18742919878,74.2817602892003,0.0,0.0,53.483409396526696
ringCFRP,"nTOF 5 ns + veto, per-arm coinc (strict)",14.0,oracle: no accidentals,"no MM loss, DREAM",True,118831927096.53209,0.0032877704500178335,0.4097122877520586,4834.688410304369,0.0,66003.87164422112,8968.56486894011,13328.660150413467,74.76118144233875,0.0,0.0,43.320943892754066
ringCFRP,"nTOF 5 ns + veto, per-arm coinc (strict)",14.0,oracle: no accidentals,"no MM loss, DREAM",False,147655042472.05707,0.003342806998875339,0.31843482538548035,7182.41623123132,0.0,63742.064082389144,8661.231869617102,12871.916272118064,72.19928012798486,0.0,0.0,33.66971803484559
ringCFRP,"nTOF 5 ns + veto, per-arm coinc (strict)",14.0,oracle: no accidentals,"no MM loss, DREAM",False,183469309133.68265,0.003465772277728702,0.2380868144633538,10738.75368497896,0.0,59218.315804101745,8046.547778003987,11958.40162660878,67.0753266778675,0.0,0.0,25.174118129484086
ringCFRP,"nTOF 5 ns + veto, per-arm coinc (strict)",14.0,oracle: no accidentals,"no MM loss, DREAM",False,227970456209.51938,0.0036550733671497164,0.1720854580872206,16144.517664124674,0.0,53183.880551324706,7226.592483507435,10739.822554194903,60.240250225584724,0.0,0.0,18.195462272946948
ringCFRP,"nTOF 5 ns + veto, per-arm coinc (strict)",14.0,oracle: no accidentals,"no MM loss, DREAM",False,283265518084.60077,0.003909137646349922,0.12096652804534391,24385.065845817928,0.0,46453.26120897153,6312.0401295877155,9380.657772171406,52.616620863578426,0.0,0.0,12.790400315073963
ringCFRP,"nTOF 5 ns + veto, per-arm coinc (strict)",14.0,oracle: no accidentals,"no MM loss, DREAM",False,351972597984.32916,0.004226989931091634,0.08320114418426024,36976.729800208705,0.0,39700.450445372204,5394.4724192044705,8017.011708903693,44.96785575076054,0.0,0.0,8.797276056315129
ringCFRP,"nTOF 5 ns + veto, per-arm coinc (strict)",14.0,oracle: no accidentals,"no MM loss, DREAM",False,437344829577.312,0.004608679690509061,0.0562942073182074,56254.41964426049,0.0,33376.822297821374,4535.221774726093,6740.033731753875,37.80521665799272,0.0,0.0,5.952270092018679
ringCFRP,"nTOF 5 ns + veto, per-arm coinc (strict)",14.0,oracle: no accidentals,"no MM loss, DREAM",False,543424405915.04,0.0050555186043161945,0.0376322093065797,85815.3740087812,0.0,27724.015732007807,3767.1219479410324,5598.519821511133,31.402402901805537,0.0,0.0,3.979043042314821
ringCFRP,"nTOF 5 ns + veto, per-arm coinc (strict)",14.0,oracle: no accidentals,"no MM loss, DREAM",False,675233968650.1553,0.005570168920075869,0.024938422400846382,131203.91756074494,0.0,22828.66633194409,3101.944927913262,4609.964955780124,25.85754476538362,0.0,0.0,2.636865014540778
ringCFRP,"nTOF 5 ns + veto, per-arm coinc (strict)",14.0,oracle: no accidentals,"no MM loss, DREAM",False,839014419404.4929,0.006156646478364936,0.016423453705986232,200968.23094068162,0.0,18680.61617268031,2538.3104621427715,3772.317868080292,21.159136583205516,0.0,0.0,1.7365344847866324
ringCFRP,"nTOF 5 ns + veto, per-arm coinc (strict)",14.0,oracle: no accidentals,"no MM loss, DREAM",False,1042520413147.9037,0.006820292067502329,0.010767643641064065,308291.3751876331,0.0,15218.173223890703,2067.8358760668393,3073.1206209343695,17.23730110477309,0.0,0.0,1.1385171984736568
ringCFRP,"nTOF 5 ns + veto, per-arm coinc (strict)",14.0,oracle: no accidentals,"no MM loss, DREAM",False,1295387524568.9966,0.007567745323286153,0.00703701934402749,473508.7934555755,0.0,12357.930169640005,1679.1878356722466,2495.5301452849617,13.997564637484393,0.0,0.0,0.7440595005032486
ringCFRP,"nTOF 5 ns + veto, per-arm coinc (strict)",14.0,oracle: no accidentals,"no MM loss, DREAM",False,1609588471982.2002,0.008406938967974644,0.0045883703162878904,727994.3099410735,0.0,10012.224895681362,1360.4548676077143,2021.844168526587,11.340634169193796,0.0,0.0,0.4851515050272915
ringCFRP,"nTOF 5 ns + veto, per-arm coinc (strict)",14.0,oracle: no accidentals,"no MM loss, DREAM",False,2000000000000.0002,0.009347120725690302,0.0029867925165031565,1120158.7943658223,0.0,8098.271486479843,1100.3880733584442,1635.3451056764482,9.172739854314987,0.0,0.0,0.3158086171558345
ringCFRP,"nTOF 5 ns + veto, per-arm coinc (strict)",14.0,oracle: no accidentals,"no MM loss, no dead time",False,1000000000.0,0.026335706725987576,1.0,8.151463574098505,0.0,1355.6802894298542,184.20899129725024,273.7627566428784,1.5355502271470374,0.0,0.0,105.73503697055376
ringCFRP,"nTOF 5 ns + veto, per-arm coinc (strict)",14.0,oracle: no accidentals,"no MM loss, no dead time",False,1242553630.827767,0.023297589458626224,1.0,10.211843914211238,0.0,1684.5054658727029,228.88955096751877,340.16490725202704,1.9080035100599533,0.0,0.0,105.73503697055375
ringCFRP,"nTOF 5 ns + veto, per-arm coinc (strict)",14.0,oracle: no accidentals,"no MM loss, no dead time",False,1543939525.4832668,0.020631088319387314,1.0,12.817239964411407,0.0,2093.0883827693465,284.40754261322775,422.67314058619684,2.3707966890571193,0.0,0.0,105.73503697055374
ringCFRP,"nTOF 5 ns + veto, per-arm coinc (strict)",14.0,oracle: no accidentals,"no MM loss, no dead time",False,1918427663.1677406,0.018286346450428998,1.0,16.124467586654827,0.0,2600.7745696534803,353.3916247088704,525.1940454887562,2.9458420339423834,0.0,0.0,105.73503697055374
ringCFRP,"nTOF 5 ns + veto, per-arm coinc (strict)",14.0,oracle: no accidentals,"no MM loss, no dead time",False,2383749258.3495045,0.01622152883601292,1.0,20.341770866186813,0.0,3231.6018844874566,439.1080463861305,652.5817681111774,3.660366715120163,0.0,0.0,105.73503697055374
ringCFRP,"nTOF 5 ns + veto, per-arm coinc (strict)",14.0,oracle: no accidentals,"no MM loss, no dead time",False,2961936295.9451737,0.014401160956350037,1.0,25.748580633786656,0.0,4015.4386549597425,545.6152973627741,810.8678453785473,4.548201952033665,0.0,0.0,105.73503697055375
ringCFRP,"nTOF 5 ns + veto, per-arm coinc (strict)",14.0,oracle: no accidentals,"no MM loss, no dead time",False,3680364698.807223,0.012794850730713526,1.0,32.7240277732571,0.0,4989.397880086393,677.9562687732865,1007.5467853966023,5.651384849237368,0.0,0.0,105.73503697055374
ringCFRP,"nTOF 5 ns + veto, per-arm coinc (strict)",14.0,oracle: no accidentals,"no MM loss, no dead time",False,4573050519.273256,0.01137632436807427,1.0,41.788490061951826,0.0,6199.594451545713,842.3970233066931,1251.9309164233937,7.0221487636249265,0.0,0.0,105.73503697055375
ringCFRP,"nTOF 5 ns + veto, per-arm coinc (strict)",14.0,oracle: no accidentals,"no MM loss, no dead time",False,5682260526.681813,0.010122709223187112,1.0,53.66466143971506,0.0,7703.328595427835,1046.7234799082382,1555.5913057474274,8.725396442454901,0.0,0.0,105.73503697055374
ringCFRP,"nTOF 5 ns + veto, per-arm coinc (strict)",14.0,oracle: no accidentals,"no MM loss, no dead time",False,7060513448.737786,0.00901400117567088,1.0,69.36801650065601,0.0,9571.798915708217,1300.6100604326568,1932.905625040573,10.841773029984019,0.0,0.0,105.73503697055374
ringCFRP,"nTOF 5 ns + veto, per-arm coinc (strict)",14.0,oracle: no accidentals,"no MM loss, no dead time",False,8773066621.237415,0.008032662224024099,1.0,90.34173220546873,0.0,11893.473496266528,1616.077752881719,2401.7389024415784,13.4714844430172,0.0,0.0,105.73503697055374
ringCFRP,"nTOF 5 ns + veto, per-arm coinc (strict)",14.0,oracle: no accidentals,"no MM loss, no dead time",False,10901005783.71244,0.007163305297887333,1.0,118.6590967258885,0.0,14778.278675939793,2008.0632795431588,2984.289393529079,16.739041907310803,0.0,0.0,105.73503697055374
ringCFRP,"nTOF 5 ns + veto, per-arm coinc (strict)",14.0,oracle: no accidentals,"no MM loss, no dead time",False,13545084316.226381,0.0063924355973640976,1.0,157.32868275927478,0.0,18362.803826173556,2495.1263189282663,3708.1396213703524,20.799157298507193,0.0,0.0,105.73503697055374
ringCFRP,"nTOF 5 ns + veto, per-arm coinc (strict)",14.0,oracle: no accidentals,"no MM loss, no dead time",False,16830493696.995401,0.005708228810425037,1.0,210.7564041547099,0.0,22816.768566390056,3100.3282669582495,4607.56235015005,25.84406841941806,0.0,0.0,105.73503697055374
ringCFRP,"nTOF 5 ns + veto, per-arm coinc (strict)",14.0,oracle: no accidentals,"no MM loss, no dead time",False,20912791051.82548,0.00510033496419783,1.0,285.44758061068666,0.0,28351.058625924838,3852.3241448669323,5725.143327444267,32.11264104990914,0.0,0.0,105.73503697055375
ringCFRP,"nTOF 5 ns + veto, per-arm coinc (strict)",14.0,oracle: no accidentals,"no MM loss, no dead time",False,25985264452.18819,0.004559702161973888,1.0,391.0768139370662,0.0,35227.710833453784,4786.7193533298805,7113.797628525237,39.9016787320334,0.0,0.0,105.73503697055376
ringCFRP,"nTOF 5 ns + veto, per-arm coinc (strict)",14.0,oracle: no accidentals,"no MM loss, no dead time",False,32288084693.086143,0.004078417535133242,1.0,542.1223305997158,0.0,43772.32000185866,5947.7555122335825,8839.275072297989,49.5799757846112,0.0,0.0,105.73503697055374
ringCFRP,"nTOF 5 ns + veto, per-arm coinc (strict)",14.0,oracle: no accidentals,"no MM loss, no dead time",False,40119676867.86864,0.0036495641658083203,1.0,760.3675858191277,0.0,54389.45514806438,7390.405207001703,10983.273334969243,61.60577892752142,0.0,0.0,105.73503697055374
ringCFRP,"nTOF 5 ns + veto, per-arm coinc (strict)",14.0,oracle: no accidentals,"no MM loss, no dead time",False,49850850159.80715,0.003267093214543449,1.0,1078.7365983222912,0.0,67581.81497297165,9182.974823248438,13647.306160739883,76.54848428636477,0.0,0.0,105.73503697055374
ringCFRP,"nTOF 5 ns + veto, per-arm coinc (strict)",14.0,oracle: no accidentals,"no MM loss, no dead time",False,61942354865.91934,0.002925710515295777,1.0,1547.18193787582,0.0,83974.02957259624,11410.33870842732,16957.509821045493,95.11559708438482,0.0,0.0,105.73503697055375
ringCFRP,"nTOF 5 ns + veto, per-arm coinc (strict)",14.0,oracle: no accidentals,"no MM loss, no dead time",False,76966697940.67007,0.002620776770716378,1.0,2241.7337499660725,0.0,104342.23534066777,14177.95779113098,21070.6153979376,118.18623050555335,0.0,0.0,105.73503697055376
ringCFRP,"nTOF 5 ns + veto, per-arm coinc (strict)",14.0,oracle: no accidentals,"no MM loss, no dead time",False,95635249979.00363,0.002348220337301965,1.0,3278.4191229774992,0.0,129650.82337123208,17616.872931092625,26181.36966648282,146.8527298285227,0.0,0.0,105.73503697055374
ringCFRP,"nTOF 5 ns + veto, per-arm coinc (strict)",14.0,oracle: no accidentals,"no MM loss, no dead time",False,118831927096.53209,0.002104461487273194,1.0,4834.688410304369,0.0,161098.10131973392,21889.909424360547,32531.755939132192,182.4723926454,0.0,0.0,105.73503697055374
ringCFRP,"nTOF 5 ns + veto, per-arm coinc (strict)",14.0,oracle: no accidentals,"no MM loss, no dead time",False,147655042472.05707,0.0018863469828453265,1.0,7182.41623123132,0.0,200173.03071429572,27199.38643373027,40422.45145937164,226.73173400737267,0.0,0.0,105.73503697055375
ringCFRP,"nTOF 5 ns + veto, per-arm coinc (strict)",14.0,oracle: no accidentals,"no MM loss, no dead time",False,183469309133.68265,0.0016910937937170674,1.0,10738.75368497896,0.0,248725.72610784622,33796.69636951905,50227.063827801394,281.7263393147363,0.0,0.0,105.73503697055374
ringCFRP,"nTOF 5 ns + veto, per-arm coinc (strict)",14.0,oracle: no accidentals,"no MM loss, no dead time",False,227970456209.51938,0.0015162408217255468,1.0,16144.517664124674,0.0,309055.0540555771,41994.20778392952,62409.82052505264,350.06008581534115,0.0,0.0,105.73503697055374
ringCFRP,"nTOF 5 ns + veto, per-arm coinc (strict)",14.0,oracle: no accidentals,"no MM loss, no dead time",False,283265518084.60077,0.0013596075598561975,1.0,24385.065845817928,0.0,384017.4795424291,52180.0553556573,77547.54909271344,434.9684306377318,0.0,0.0,105.73503697055374
ringCFRP,"nTOF 5 ns + veto, per-arm coinc (strict)",14.0,oracle: no accidentals,"no MM loss, no dead time",False,351972597984.32916,0.0012192586986608776,1.0,36976.729800208705,0.0,477162.31350677303,64836.51723896584,96356.9886869456,540.4716027843695,0.0,0.0,105.73503697055374
ringCFRP,"nTOF 5 ns + veto, per-arm coinc (strict)",14.0,oracle: no accidentals,"no MM loss, no dead time",False,437344829577.312,0.0010934737938440371,1.0,56254.41964426049,0.0,592899.7651420205,80562.84990550445,119728.72614859483,671.5649523990238,0.0,0.0,105.73503697055375
ringCFRP,"nTOF 5 ns + veto, per-arm coinc (strict)",14.0,oracle: no accidentals,"no MM loss, no dead time",False,543424405915.04,0.000980721216444349,1.0,85815.3740087812,0.0,736709.7558941478,100103.66165991698,148769.36339031986,834.4554699400834,0.0,0.0,105.73503697055374
ringCFRP,"nTOF 5 ns + veto, per-arm coinc (strict)",14.0,oracle: no accidentals,"no MM loss, no dead time",False,675233968650.1553,0.0008796357144988402,1.0,131203.91756074494,0.0,915401.3820525114,124384.16825468416,184853.91263657753,1036.8556739381413,0.0,0.0,105.73503697055375
ringCFRP,"nTOF 5 ns + veto, per-arm coinc (strict)",14.0,oracle: no accidentals,"no MM loss, no dead time",False,839014419404.4929,0.0007889990166708351,1.0,200968.23094068162,0.0,1137435.3109341038,154553.9998823497,229690.90031929815,1288.3487822962086,0.0,0.0,105.73503697055374
ringCFRP,"nTOF 5 ns + veto, per-arm coinc (strict)",14.0,oracle: no accidentals,"no MM loss, no dead time",False,1042520413147.9037,0.0007077230003015029,1.0,308291.3751876331,0.0,1413324.3754328808,192041.63371276783,285403.26215984265,1600.8424572146862,0.0,0.0,105.73503697055374
ringCFRP,"nTOF 5 ns + veto, per-arm coinc (strict)",14.0,oracle: no accidentals,"no MM loss, no dead time",False,1295387524568.9966,0.0006348350268041778,1.0,473508.7934555755,0.0,1756131.3342315194,238622.02923989674,354628.859646803,1989.1326075953607,0.0,0.0,105.73503697055375
ringCFRP,"nTOF 5 ns + veto, per-arm coinc (strict)",14.0,oracle: no accidentals,"no MM loss, no dead time",False,1609588471982.2002,0.0005694651158434708,1.0,727994.3099410735,0.0,2182087.365559786,296500.6688275234,440645.37715044565,2471.60394376552,0.0,0.0,105.73503697055376
ringCFRP,"nTOF 5 ns + veto, per-arm coinc (strict)",14.0,oracle: no accidentals,"no MM loss, no dead time",True,2000000000000.0002,0.0005108346869285525,1.0,1120158.7943658223,0.0,2711360.5788597083,368417.9825945004,547525.5132857569,3071.1004542940746,0.0,0.0,105.73503697055374
ringCFRP,"nTOF 5 ns + veto, per-arm coinc (strict)",14.0,oracle: IPC only,MM occ + DREAM,False,1000000000.0,0.02313333362493743,0.9975767502584543,8.151463574098505,0.011601140715263488,1321.377713924616,179.54797875470226,266.8357785762329,0.0,0.0,0.0,0.0
ringCFRP,"nTOF 5 ns + veto, per-arm coinc (strict)",14.0,oracle: IPC only,MM occ + DREAM,False,1242553630.827767,0.020817840353552677,0.9969661030548177,10.211843914211238,0.014415039517494486,1631.6690387426179,221.71017023795386,329.49524859056197,0.0,0.0,0.0,0.0
ringCFRP,"nTOF 5 ns + veto, per-arm coinc (strict)",14.0,oracle: IPC only,MM occ + DREAM,False,1543939525.4832668,0.018748416663578123,0.9961949958466924,12.817239964411407,0.017911459690988518,2011.7510045502038,273.3554704444921,406.24806968047346,0.0,0.0,0.0,0.0
ringCFRP,"nTOF 5 ns + veto, per-arm coinc (strict)",14.0,oracle: IPC only,MM occ + DREAM,False,1918427663.1677406,0.01690078607300568,0.9952178871482318,16.124467586654827,0.022255949272463067,2475.6520844481024,336.39005954044757,499.9271173384338,0.0,0.0,0.0,0.0
ringCFRP,"nTOF 5 ns + veto, per-arm coinc (strict)",14.0,oracle: IPC only,MM occ + DREAM,False,2383749258.3495045,0.015253348564401786,0.993974676873124,20.341770866186813,0.027654210576017583,3039.296225910653,412.97767356638235,613.7480345085811,0.0,0.0,0.0,0.0
ringCFRP,"nTOF 5 ns + veto, per-arm coinc (strict)",14.0,oracle: IPC only,MM occ + DREAM,False,2961936295.9451737,0.013786949899775395,0.992385350761288,25.748580633786656,0.03436183975890628,3720.206313075825,505.49931107840206,751.2493494879968,0.0,0.0,0.0,0.0
ringCFRP,"nTOF 5 ns + veto, per-arm coinc (strict)",14.0,oracle: IPC only,MM occ + DREAM,False,3680364698.807223,0.012484690310193475,0.9903424181466532,32.7240277732571,0.042696428754350924,4536.781595164014,616.4550505728474,916.1465615916812,0.0,0.0,0.0,0.0
ringCFRP,"nTOF 5 ns + veto, per-arm coinc (strict)",14.0,oracle: IPC only,MM occ + DREAM,False,4573050519.273256,0.011331775230766651,0.9877001990146874,41.788490061951826,0.05305260257209782,5506.904145282228,748.2746969786741,1112.0507328572196,0.0,0.0,0.0,0.0
ringCFRP,"nTOF 5 ns + veto, per-arm coinc (strict)",14.0,oracle: IPC only,MM occ + DREAM,False,5682260526.681813,0.010315413821771839,0.9842596516298998,53.66466143971506,0.06592070395082295,6645.5374518851695,902.9914797645266,1341.9835534871581,0.0,0.0,0.0,0.0
ringCFRP,"nTOF 5 ns + veto, per-arm coinc (strict)",14.0,oracle: IPC only,MM occ + DREAM,False,7060513448.737786,0.009424775680734663,0.9797469945069353,69.36801650065601,0.08191001004081737,7960.885462459126,1081.7201461926372,1607.6017085396986,0.0,0.0,0.0,0.0
ringCFRP,"nTOF 5 ns + veto, per-arm coinc (strict)",14.0,oracle: IPC only,MM occ + DREAM,False,8773066621.237415,0.008651023493722137,0.9737839480588676,90.34173220546873,0.10177758037735649,9448.621180482765,1283.8727466772855,1908.0314149371509,0.0,0.0,0.0,0.0
ringCFRP,"nTOF 5 ns + veto, per-arm coinc (strict)",14.0,oracle: IPC only,MM occ + DREAM,False,10901005783.71244,0.007987451300264467,0.9658472446361338,118.6590967258885,0.12646410203474917,11083.756437149466,1506.0539044426014,2238.226623084122,0.0,0.0,0.0,0.0
ringCFRP,"nTOF 5 ns + veto, per-arm coinc (strict)",14.0,oracle: IPC only,MM occ + DREAM,False,13545084316.226381,0.007429777973230651,0.9552157165310303,157.32868275927478,0.1571384291526508,12810.077248866643,1740.6252984957014,2586.8356188410958,0.0,0.0,0.0,0.0
ringCFRP,"nTOF 5 ns + veto, per-arm coinc (strict)",14.0,oracle: IPC only,MM occ + DREAM,False,16830493696.995401,0.006976679742110435,0.9409060135190672,210.7564041547099,0.1952529256861989,14528.000466321399,1974.0556326835333,2933.748824984271,0.0,0.0,0.0,0.0
ringCFRP,"nTOF 5 ns + veto, per-arm coinc (strict)",14.0,oracle: IPC only,MM occ + DREAM,False,20912791051.82548,0.006630706070629899,0.9216051516744985,285.44758061068666,0.24261223174113059,16083.622338124369,2185.4325613584206,3247.8872949754814,0.0,0.0,0.0,0.0
ringCFRP,"nTOF 5 ns + veto, per-arm coinc (strict)",14.0,oracle: IPC only,MM occ + DREAM,False,25985264452.18819,0.006399833407042086,0.8956232668778483,391.0768139370662,0.30145870943316944,17264.980098169166,2345.9547162025774,3486.447787071544,0.0,0.0,0.0,0.0
ringCFRP,"nTOF 5 ns + veto, per-arm coinc (strict)",14.0,oracle: IPC only,MM occ + DREAM,True,32288084693.086143,0.006300119190882062,0.860916780907967,542.1223305997158,0.3745786139508375,17815.822965092288,2420.8029010366795,3597.6836462204305,0.0,0.0,0.0,0.0
ringCFRP,"nTOF 5 ns + veto, per-arm coinc (strict)",14.0,oracle: IPC only,MM occ + DREAM,False,40119676867.86864,0.006360326492225972,0.8152686509392165,760.3675858191277,0.4654340167950456,17480.12769293477,2375.1888370501038,3529.894165312307,0.0,0.0,0.0,0.0
ringCFRP,"nTOF 5 ns + veto, per-arm coinc (strict)",14.0,oracle: IPC only,MM occ + DREAM,False,49850850159.80715,0.006630228228974166,0.7567367507559052,1078.7365983222912,0.5783267274794381,16085.9407203603,2185.747581689138,3248.3554634048724,0.0,0.0,0.0,0.0
ringCFRP,"nTOF 5 ns + veto, per-arm coinc (strict)",14.0,oracle: IPC only,MM occ + DREAM,False,61942354865.91934,0.007196115802627896,0.6844344867044478,1547.18193787582,0.7186019750343164,13655.485112706476,1855.498791196693,2757.555211872647,0.0,0.0,0.0,0.0
ringCFRP,"nTOF 5 ns + veto, per-arm coinc (strict)",14.0,oracle: IPC only,MM occ + DREAM,False,76966697940.67007,0.00821119996670113,0.5995072083756416,2241.7337499660725,0.8929014931988941,10487.939248641636,1425.0946368716682,2117.908759607836,0.0,0.0,0.0,0.0
ringCFRP,"nTOF 5 ns + veto, per-arm coinc (strict)",14.0,oracle: IPC only,MM occ + DREAM,False,95635249979.00363,0.009958734608380655,0.5058248517132626,3278.4191229774992,1.109477992345821,7130.091486290859,968.8323794241539,1439.833208184962,0.0,0.0,0.0,0.0
ringCFRP,"nTOF 5 ns + veto, per-arm coinc (strict)",14.0,oracle: IPC only,MM occ + DREAM,False,118831927096.53209,0.012992097082261782,0.4097122877520586,4834.688410304369,1.378585907712801,4189.33322387102,569.2439828138904,845.9836886356602,0.0,0.0,0.0,0.0
ringCFRP,"nTOF 5 ns + veto, per-arm coinc (strict)",14.0,oracle: IPC only,MM occ + DREAM,False,147655042472.05707,0.018470163166658008,0.31843482538548035,7182.41623123132,1.7129669250365411,2072.8217457939063,281.65372463465155,418.58054556247606,0.0,0.0,0.0,0.0
ringCFRP,"nTOF 5 ns + veto, per-arm coinc (strict)",14.0,oracle: IPC only,MM occ + DREAM,False,183469309133.68265,0.029033486764018575,0.2380868144633538,10738.75368497896,2.1284532721920293,838.8900233301814,113.98785260200921,169.40339628575975,0.0,0.0,0.0,0.0
ringCFRP,"nTOF 5 ns + veto, per-arm coinc (strict)",14.0,oracle: IPC only,MM occ + DREAM,False,227970456209.51938,0.05133905218308006,0.1720854580872206,16144.517664124674,2.6447173414094474,268.29200263569066,36.45534980775198,54.17822977840489,0.0,0.0,0.0,0.0
ringCFRP,"nTOF 5 ns + veto, per-arm coinc (strict)",14.0,oracle: IPC only,MM occ + DREAM,False,283265518084.60077,0.10433343205735499,0.12096652804534391,24385.065845817928,3.2862031350814687,64.96155807005387,8.826935951259577,13.118177900597528,0.0,0.0,0.0,0.0
ringCFRP,"nTOF 5 ns + veto, per-arm coinc (strict)",14.0,oracle: IPC only,MM occ + DREAM,False,351972597984.32916,0.25043875988940084,0.08320114418426024,36976.729800208705,4.083283637133069,11.274578922547237,1.5319827446168142,2.2767608483282675,0.0,0.0,0.0,0.0
ringCFRP,"nTOF 5 ns + veto, per-arm coinc (strict)",14.0,oracle: IPC only,MM occ + DREAM,False,437344829577.312,0.7353746520296185,0.0562942073182074,56254.41964426049,5.073698909019327,1.307633711656039,0.17768045230763227,0.2640603484267438,0.0,0.0,0.0,0.0
ringCFRP,"nTOF 5 ns + veto, per-arm coinc (strict)",14.0,oracle: IPC only,MM occ + DREAM,False,543424405915.04,2.762262955857605,0.0376322093065797,85815.3740087812,6.304343001128844,0.09267730190656989,0.012592933919205816,0.018715027315796686,0.0,0.0,0.0,0.0
ringCFRP,"nTOF 5 ns + veto, per-arm coinc (strict)",14.0,oracle: IPC only,MM occ + DREAM,False,675233968650.1553,14.04592804966142,0.024938422400846382,131203.91756074494,7.833484286036267,0.0035842850549779957,0.00048703041539165847,0.0007238017435934837,0.0,0.0,0.0,0.0
ringCFRP,"nTOF 5 ns + veto, per-arm coinc (strict)",14.0,oracle: IPC only,MM occ + DREAM,False,839014419404.4929,103.81784806487123,0.016423453705986232,200968.23094068162,9.733524341646621,6.560838917897048e-05,8.914826958484681e-06,1.3248797390192569e-05,0.0,0.0,0.0,0.0
ringCFRP,"nTOF 5 ns + veto, per-arm coinc (strict)",14.0,oracle: IPC only,MM occ + DREAM,False,1042520413147.9037,1219.3066069049278,0.010767643641064065,308291.3751876331,12.094426011463462,4.756391190920994e-07,6.462954653291934e-08,9.604939853820969e-08,0.0,0.0,0.0,0.0
ringCFRP,"nTOF 5 ns + veto, per-arm coinc (strict)",14.0,oracle: IPC only,MM occ + DREAM,False,1295387524568.9966,25429.895148672123,0.00703701934402749,473508.7934555755,15.027972953321772,1.0934886540704965e-09,1.485825555861904e-10,2.2081642008821097e-10,0.0,0.0,0.0,0.0
ringCFRP,"nTOF 5 ns + veto, per-arm coinc (strict)",14.0,oracle: IPC only,MM occ + DREAM,False,1609588471982.2002,1081668.9269914124,0.0045883703162878904,727994.3099410735,18.67306235713145,6.043864405357655e-13,8.212365218620339e-14,1.2204831723874492e-13,0.0,0.0,0.0,0.0
ringCFRP,"nTOF 5 ns + veto, per-arm coinc (strict)",14.0,oracle: IPC only,MM occ + DREAM,False,2000000000000.0002,111475219.70782861,0.0029867925165031565,1120158.7943658223,23.20228143052698,5.690451763328749e-17,7.732150327193244e-18,1.149115889209668e-17,0.0,0.0,0.0,0.0
ringCFRP,"nTOF 5 ns + veto, per-arm coinc (strict)",14.0,oracle: IPC only,"MM occ ÷10, DAQ 10 µs",False,1000000000.0,0.022866231726630628,0.9999184920083534,8.151463574098505,0.001160114071526349,1352.4282054805515,183.76710016068515,273.10603877677335,0.0,0.0,0.0,0.0
ringCFRP,"nTOF 5 ns + veto, per-arm coinc (strict)",14.0,oracle: IPC only,"MM occ ÷10, DAQ 10 µs",False,1242553630.827767,0.020519355166351692,0.9998978919879687,10.211843914211238,0.0014415039517494486,1679.484510822724,228.20730673020344,339.1509878890477,0.0,0.0,0.0,0.0
ringCFRP,"nTOF 5 ns + veto, per-arm coinc (strict)",14.0,oracle: IPC only,"MM occ ÷10, DAQ 10 µs",False,1543939525.4832668,0.018414657335343813,0.9998718440264146,12.817239964411407,0.0017911459690988518,2085.336460637639,283.35421627394953,421.10773642077254,0.0,0.0,0.0,0.0
ringCFRP,"nTOF 5 ns + veto, per-arm coinc (strict)",14.0,oracle: IPC only,"MM occ ÷10, DAQ 10 µs",False,1918427663.1677406,0.016527300736434533,0.9998387813197873,16.124467586654827,0.0022255949272463067,2588.8063235451195,351.7653869001422,522.7772071881982,0.0,0.0,0.0,0.0
ringCFRP,"nTOF 5 ns + veto, per-arm coinc (strict)",14.0,oracle: IPC only,"MM occ ÷10, DAQ 10 µs",False,2383749258.3495045,0.014835013913406997,0.9997966236616869,20.341770866186813,0.0027654210576017585,3213.124135033649,436.59730132708665,648.8504166513446,0.0,0.0,0.0,0.0
ringCFRP,"nTOF 5 ns + veto, per-arm coinc (strict)",14.0,oracle: IPC only,"MM occ ÷10, DAQ 10 µs",False,2961936295.9451737,0.013317828968931042,0.9997425804755361,25.748580633786656,0.0034361839758906285,3986.9111166255634,541.7389932653361,805.1070641711399,0.0,0.0,0.0,0.0
ringCFRP,"nTOF 5 ns + veto, per-arm coinc (strict)",14.0,oracle: IPC only,"MM occ ÷10, DAQ 10 µs",False,3680364698.807223,0.011957846414102368,0.9996728667734354,32.7240277732571,0.004269642875435092,4945.355061756518,671.9717581171302,998.6528865545833,0.0,0.0,0.0,0.0
ringCFRP,"nTOF 5 ns + veto, per-arm coinc (strict)",14.0,oracle: IPC only,"MM occ ÷10, DAQ 10 µs",False,4573050519.273256,0.010739024631918608,0.9995822896542268,41.788490061951826,0.005305260257209782,6131.5989786923365,833.1578409089259,1238.2000772036206,0.0,0.0,0.0,0.0
ringCFRP,"nTOF 5 ns + veto, per-arm coinc (strict)",14.0,oracle: IPC only,"MM occ ÷10, DAQ 10 µs",False,5682260526.681813,0.00964699155107067,0.9994636412207257,53.66466143971506,0.006592070395082295,7598.355764507211,1032.459837183421,1534.393349422841,0.0,0.0,0.0,0.0
ringCFRP,"nTOF 5 ns + veto, per-arm coinc (strict)",14.0,oracle: IPC only,"MM occ ÷10, DAQ 10 µs",False,7060513448.737786,0.008668876422165829,0.9993068006936027,69.36801650065601,0.008191001004081737,9409.743740841406,1278.5901044522768,1900.1806000138836,0.0,0.0,0.0,0.0
ringCFRP,"nTOF 5 ns + veto, per-arm coinc (strict)",14.0,oracle: IPC only,"MM occ ÷10, DAQ 10 µs",False,8773066621.237415,0.007793159873995616,0.9990973981041329,90.34173220546873,0.01017775803773565,11643.304321232254,1582.0849215733067,2351.2203520735848,0.0,0.0,0.0,0.0
ringCFRP,"nTOF 5 ns + veto, per-arm coinc (strict)",14.0,oracle: IPC only,"MM occ ÷10, DAQ 10 µs",False,10901005783.71244,0.0070095407129480165,0.998814815362127,118.6590967258885,0.012646410203474918,14392.104214226001,1955.5901347967877,2906.306268740632,0.0,0.0,0.0,0.0
ringCFRP,"nTOF 5 ns + veto, per-arm coinc (strict)",14.0,oracle: IPC only,"MM occ ÷10, DAQ 10 µs",False,13545084316.226381,0.006308818227879782,0.9984291845157172,157.32868275927478,0.01571384291526508,17766.7254483847,2414.131561120904,3587.7690139704914,0.0,0.0,0.0,0.0
ringCFRP,"nTOF 5 ns + veto, per-arm coinc (strict)",14.0,oracle: IPC only,"MM occ ÷10, DAQ 10 µs",False,16830493696.995401,0.005682789095116439,0.9978968684428973,210.7564041547099,0.01952529256861989,21896.784459233324,2975.321400877667,4421.783013232209,0.0,0.0,0.0,0.0
ringCFRP,"nTOF 5 ns + veto, per-arm coinc (strict)",14.0,oracle: IPC only,"MM occ ÷10, DAQ 10 µs",False,20912791051.82548,0.005124158372208744,0.9971536490338616,285.44758061068666,0.02426122317411306,26931.362910109554,3659.416777401005,5438.453452415449,0.0,0.0,0.0,0.0
ringCFRP,"nTOF 5 ns + veto, per-arm coinc (strict)",14.0,oracle: IPC only,"MM occ ÷10, DAQ 10 µs",False,25985264452.18819,0.004626464567682313,0.9961044663893597,391.0768139370662,0.030145870943316944,33037.32984735645,4489.091752521908,6671.477457960287,0.0,0.0,0.0,0.0
ringCFRP,"nTOF 5 ns + veto, per-arm coinc (strict)",14.0,oracle: IPC only,"MM occ ÷10, DAQ 10 µs",False,32288084693.086143,0.004184019443765465,0.99460800788731,542.1223305997158,0.03745786139508375,40393.92288533684,5488.701021371469,8157.049834633486,0.0,0.0,0.0,0.0
ringCFRP,"nTOF 5 ns + veto, per-arm coinc (strict)",14.0,oracle: IPC only,"MM occ ÷10, DAQ 10 µs",False,40119676867.86864,0.0037918641543774898,0.9924537037325563,760.3675858191277,0.04654340167950456,49181.05945255602,6682.691651802027,9931.502667204408,0.0,0.0,0.0,0.0
ringCFRP,"nTOF 5 ns + veto, per-arm coinc (strict)",14.0,oracle: IPC only,"MM occ ÷10, DAQ 10 µs",False,49850850159.80715,0.0034457447073706028,0.9893277593821824,1078.7365983222912,0.05783267274794382,59557.60495268424,8092.65017567532,12026.916846118258,0.0,0.0,0.0,0.0
ringCFRP,"nTOF 5 ns + veto, per-arm coinc (strict)",14.0,oracle: IPC only,"MM occ ÷10, DAQ 10 µs",False,61942354865.91934,0.003142111833763748,0.9847639106437995,1547.18193787582,0.07186019750343164,71624.25926371843,9732.259629540758,14463.62745805367,0.0,0.0,0.0,0.0
ringCFRP,"nTOF 5 ns + veto, per-arm coinc (strict)",14.0,oracle: IPC only,"MM occ ÷10, DAQ 10 µs",False,76966697940.67007,0.002878153575238661,0.9780741809851515,2241.7337499660725,0.08929014931988942,85364.14460239116,11599.22667074575,17238.226244803045,0.0,0.0,0.0,0.0
ringCFRP,"nTOF 5 ns + veto, per-arm coinc (strict)",14.0,oracle: IPC only,"MM occ ÷10, DAQ 10 µs",False,95635249979.00363,0.002651873957050209,0.968256493943098,3278.4191229774992,0.11094779923458209,100553.60923429024,13663.161641257226,20305.549522997957,0.0,0.0,0.0,0.0
ringCFRP,"nTOF 5 ns + veto, per-arm coinc (strict)",14.0,oracle: IPC only,"MM occ ÷10, DAQ 10 µs",False,118831927096.53209,0.0024622391295600742,0.9538827416419434,4834.688410304369,0.13785859077128013,116638.77845580476,15848.804392164884,23553.74919181584,0.0,0.0,0.0,0.0
ringCFRP,"nTOF 5 ns + veto, per-arm coinc (strict)",14.0,oracle: IPC only,"MM occ ÷10, DAQ 10 µs",False,147655042472.05707,0.002309425238664899,0.9329888569060036,7182.41623123132,0.17129669250365412,132585.36996579153,18015.61729015233,26773.96481704109,0.0,0.0,0.0,0.0
ringCFRP,"nTOF 5 ns + veto, per-arm coinc (strict)",14.0,oracle: IPC only,"MM occ ÷10, DAQ 10 µs",False,183469309133.68265,0.0021952233991298195,0.9030262367271377,10738.75368497896,0.21284532721920293,146739.1414485472,19938.822922201984,29632.142757831338,0.0,0.0,0.0,0.0
ringCFRP,"nTOF 5 ns + veto, per-arm coinc (strict)",14.0,oracle: IPC only,"MM occ ÷10, DAQ 10 µs",False,227970456209.51938,0.0021236931058006914,0.8609963002230325,16144.517664124674,0.26447173414094477,156790.55804870496,21304.603134144283,31661.901203152138,0.0,0.0,0.0,0.0
ringCFRP,"nTOF 5 ns + veto, per-arm coinc (strict)",14.0,oracle: IPC only,"MM occ ÷10, DAQ 10 µs",True,283265518084.60077,0.002102220770381814,0.8039550352769477,24385.065845817928,0.3286203135081469,160009.87091308043,21742.041356150352,32312.00135664626,0.0,0.0,0.0,0.0
ringCFRP,"nTOF 5 ns + veto, per-arm coinc (strict)",14.0,oracle: IPC only,"MM occ ÷10, DAQ 10 µs",False,351972597984.32916,0.002143269552087879,0.7300510104589141,36976.729800208705,0.4083283637133069,153939.41494011428,20917.191588684345,31086.148348237213,0.0,0.0,0.0,0.0
ringCFRP,"nTOF 5 ns + veto, per-arm coinc (strict)",14.0,oracle: IPC only,"MM occ ÷10, DAQ 10 µs",False,437344829577.312,0.002267384481769754,0.6399818976491471,56254.41964426049,0.5073698909019327,137547.62005755882,18689.88473439877,27776.029444568365,0.0,0.0,0.0,0.0
ringCFRP,"nTOF 5 ns + veto, per-arm coinc (strict)",14.0,oracle: IPC only,"MM occ ÷10, DAQ 10 µs",False,543424405915.04,0.0025086406728675676,0.5381686016748767,85815.3740087812,0.6304343001128845,112363.82164573389,15267.92592991797,22690.474885934742,0.0,0.0,0.0,0.0
ringCFRP,"nTOF 5 ns + veto, per-arm coinc (strict)",14.0,oracle: IPC only,"MM occ ÷10, DAQ 10 µs",False,675233968650.1553,0.002925145157960279,0.4325186227596107,131203.91756074494,0.7833484286036267,82643.47598143005,11229.543917202069,16688.82108829721,0.0,0.0,0.0,0.0
ringCFRP,"nTOF 5 ns + veto, per-arm coinc (strict)",14.0,oracle: IPC only,"MM occ ÷10, DAQ 10 µs",False,839014419404.4929,0.003620514371509071,0.332260982122426,200968.23094068162,0.9733524341646622,53946.449749489824,7330.20991003757,10893.81391000965,0.0,0.0,0.0,0.0
ringCFRP,"nTOF 5 ns + veto, per-arm coinc (strict)",14.0,oracle: IPC only,"MM occ ÷10, DAQ 10 µs",False,1042520413147.9037,0.004790381884357712,0.24492312617195086,308291.3751876331,1.2094426011463462,30815.069219606434,4187.132365910492,6222.719590655426,0.0,0.0,0.0,0.0
ringCFRP,"nTOF 5 ns + veto, per-arm coinc (strict)",14.0,oracle: IPC only,"MM occ ÷10, DAQ 10 µs",False,1295387524568.9966,0.006829671695578339,0.1743652427671906,473508.7934555755,1.5027972953321773,15160.159314158327,2059.952982233881,3061.405434119458,0.0,0.0,0.0,0.0
ringCFRP,"nTOF 5 ns + veto, per-arm coinc (strict)",14.0,oracle: IPC only,"MM occ ÷10, DAQ 10 µs",False,1609588471982.2002,0.010599615537433249,0.12077377682355904,727994.3099410735,1.8673062357131451,6293.948631180334,855.2178103246135,1270.984568319752,0.0,0.0,0.0,0.0
ringCFRP,"nTOF 5 ns + veto, per-arm coinc (strict)",14.0,oracle: IPC only,"MM occ ÷10, DAQ 10 µs",False,2000000000000.0002,0.01815634924188761,0.08195654570680287,1120158.7943658223,2.3202281430526983,2145.094179222238,291.47405776498675,433.175063723502,0.0,0.0,0.0,0.0
ringCFRP,"nTOF 5 ns + veto, per-arm coinc (strict)",14.0,oracle: IPC only,"no MM loss, DREAM",False,1000000000.0,0.022866511280671943,0.9975767502584543,8.151463574098505,0.0,1352.3951375188744,183.76260690669872,273.0993611135988,0.0,0.0,0.0,0.0
ringCFRP,"nTOF 5 ns + veto, per-arm coinc (strict)",14.0,oracle: IPC only,"no MM loss, DREAM",False,1242553630.827767,0.020519902911290057,0.9969661030548177,10.211843914211238,0.0,1679.3948498856491,228.19512365805426,339.1328819790569,0.0,0.0,0.0,0.0
ringCFRP,"nTOF 5 ns + veto, per-arm coinc (strict)",14.0,oracle: IPC only,"no MM loss, DREAM",False,1543939525.4832668,0.018415594715648846,0.9961949958466924,12.817239964411407,0.0,2085.1241727796696,283.32537073235244,421.06486753077485,0.0,0.0,0.0,0.0
ringCFRP,"nTOF 5 ns + veto, per-arm coinc (strict)",14.0,oracle: IPC only,"no MM loss, DREAM",False,1918427663.1677406,0.016528797865371758,0.9952178871482318,16.124467586654827,0.0,2588.337372159389,351.70166607864275,522.6825082941521,0.0,0.0,0.0,0.0
ringCFRP,"nTOF 5 ns + veto, per-arm coinc (strict)",14.0,oracle: IPC only,"no MM loss, DREAM",False,2383749258.3495045,0.014837308396163883,0.993974676873124,20.341770866186813,0.0,3212.1304389159977,436.46227851904285,648.6497520915995,0.0,0.0,0.0,0.0
ringCFRP,"nTOF 5 ns + veto, per-arm coinc (strict)",14.0,oracle: IPC only,"no MM loss, DREAM",False,2961936295.9451737,0.013321251878252158,0.992385350761288,25.748580633786656,0.0,3984.8624980626587,541.4606282540808,804.6933711570397,0.0,0.0,0.0,0.0
ringCFRP,"nTOF 5 ns + veto, per-arm coinc (strict)",14.0,oracle: IPC only,"no MM loss, DREAM",False,3680364698.807223,0.011962858078156318,0.9903424181466532,32.7240277732571,0.0,4941.212361660543,671.408850614619,997.8163198455583,0.0,0.0,0.0,0.0
ringCFRP,"nTOF 5 ns + veto, per-arm coinc (strict)",14.0,oracle: IPC only,"no MM loss, DREAM",False,4573050519.273256,0.010746263838814829,0.9877001990146874,41.788490061951826,0.0,6123.340673602052,832.0357075694009,1236.5324153040256,0.0,0.0,0.0,0.0
ringCFRP,"nTOF 5 ns + veto, per-arm coinc (strict)",14.0,oracle: IPC only,"no MM loss, DREAM",False,5682260526.681813,0.009657343015286417,0.9842596516298998,53.66466143971506,0.0,7582.075519726448,1030.2476876873193,1531.1057566734642,0.0,0.0,0.0,0.0
ringCFRP,"nTOF 5 ns + veto, per-arm coinc (strict)",14.0,oracle: IPC only,"no MM loss, DREAM",False,7060513448.737786,0.00868356294998004,0.9797469945069353,69.36801650065601,0.0,9377.94121968987,1274.2687977343792,1893.7584767990506,0.0,0.0,0.0,0.0
ringCFRP,"nTOF 5 ns + veto, per-arm coinc (strict)",14.0,oracle: IPC only,"no MM loss, DREAM",False,8773066621.237415,0.00781386763123915,0.9737839480588676,90.34173220546873,0.0,11581.673577327925,1573.7105745712638,2338.774790626132,0.0,0.0,0.0,0.0
ringCFRP,"nTOF 5 ns + veto, per-arm coinc (strict)",14.0,oracle: IPC only,"no MM loss, DREAM",False,10901005783.71244,0.007038588272992892,0.9658472446361338,118.6590967258885,0.0,14273.559739621385,1939.482385601759,2882.3676879369,0.0,0.0,0.0,0.0
ringCFRP,"nTOF 5 ns + veto, per-arm coinc (strict)",14.0,oracle: IPC only,"no MM loss, DREAM",False,13545084316.226381,0.00634938238937221,0.9552157165310303,157.32868275927478,0.0,17540.438814337118,2383.383874570495,3542.073245424385,0.0,0.0,0.0,0.0
ringCFRP,"nTOF 5 ns + veto, per-arm coinc (strict)",14.0,oracle: IPC only,"no MM loss, DREAM",False,16830493696.995401,0.005739202114744799,0.9409060135190672,210.7564041547099,0.0,21468.43475318923,2917.117510264166,4335.283122920229,0.0,0.0,0.0,0.0
ringCFRP,"nTOF 5 ns + veto, per-arm coinc (strict)",14.0,oracle: IPC only,"no MM loss, DREAM",False,20912791051.82548,0.005202290779556227,0.9216051516744985,285.44758061068666,0.0,26128.48168507805,3550.3217778294224,5276.321584647515,0.0,0.0,0.0,0.0
ringCFRP,"nTOF 5 ns + veto, per-arm coinc (strict)",14.0,oracle: IPC only,"no MM loss, DREAM",False,25985264452.18819,0.004734202332417066,0.8956232668778483,391.0768139370662,0.0,31550.757461286044,4287.097224856729,6371.282671967661,0.0,0.0,0.0,0.0
ringCFRP,"nTOF 5 ns + veto, per-arm coinc (strict)",14.0,oracle: IPC only,"no MM loss, DREAM",False,32288084693.086143,0.004331829362920153,0.860916780907967,542.1223305997158,0.0,37684.32482887358,5120.522529219752,7609.880240802821,0.0,0.0,0.0,0.0
ringCFRP,"nTOF 5 ns + veto, per-arm coinc (strict)",14.0,oracle: IPC only,"no MM loss, DREAM",False,40119676867.86864,0.003993410766717576,0.8152686509392165,760.3675858191277,0.0,44342.017723881465,6025.165683006442,8954.318434697043,0.0,0.0,0.0,0.0
ringCFRP,"nTOF 5 ns + veto, per-arm coinc (strict)",14.0,oracle: IPC only,"no MM loss, DREAM",False,49850850159.80715,0.0037184707676513845,0.7567367507559052,1078.7365983222912,0.0,51141.64307283334,6949.0945300183075,10327.418120649349,0.0,0.0,0.0,0.0
ringCFRP,"nTOF 5 ns + veto, per-arm coinc (strict)",14.0,oracle: IPC only,"no MM loss, DREAM",False,61942354865.91934,0.0035076259235049916,0.6844344867044478,1547.18193787582,0.0,57474.72182702405,7809.629317026345,11606.304530152907,0.0,0.0,0.0,0.0
ringCFRP,"nTOF 5 ns + veto, per-arm coinc (strict)",14.0,oracle: IPC only,"no MM loss, DREAM",False,76966697940.67007,0.0033622069164832504,0.5995072083756416,2241.7337499660725,0.0,62553.922224757946,8499.787895828613,12631.985815974378,0.0,0.0,0.0,0.0
ringCFRP,"nTOF 5 ns + veto, per-arm coinc (strict)",14.0,oracle: IPC only,"no MM loss, DREAM",False,95635249979.00363,0.003283703902418909,0.5058248517132626,3278.4191229774992,0.0,65580.60850625587,8911.05213802132,13243.18742919878,0.0,0.0,0.0,0.0
ringCFRP,"nTOF 5 ns + veto, per-arm coinc (strict)",14.0,oracle: IPC only,"no MM loss, DREAM",True,118831927096.53209,0.003273158261965458,0.4097122877520586,4834.688410304369,0.0,66003.87164422112,8968.56486894011,13328.660150413467,0.0,0.0,0.0,0.0
ringCFRP,"nTOF 5 ns + veto, per-arm coinc (strict)",14.0,oracle: IPC only,"no MM loss, DREAM",False,147655042472.05707,0.003330724018327476,0.31843482538548035,7182.41623123132,0.0,63742.064082389144,8661.231869617102,12871.916272118064,0.0,0.0,0.0,0.0
ringCFRP,"nTOF 5 ns + veto, per-arm coinc (strict)",14.0,oracle: IPC only,"no MM loss, DREAM",False,183469309133.68265,0.0034556017420401,0.2380868144633538,10738.75368497896,0.0,59218.315804101745,8046.547778003987,11958.40162660878,0.0,0.0,0.0,0.0
ringCFRP,"nTOF 5 ns + veto, per-arm coinc (strict)",14.0,oracle: IPC only,"no MM loss, DREAM",False,227970456209.51938,0.0036463780953587695,0.1720854580872206,16144.517664124674,0.0,53183.880551324706,7226.592483507435,10739.822554194903,0.0,0.0,0.0,0.0
ringCFRP,"nTOF 5 ns + veto, per-arm coinc (strict)",14.0,oracle: IPC only,"no MM loss, DREAM",False,283265518084.60077,0.00390160775487879,0.12096652804534391,24385.065845817928,0.0,46453.26120897153,6312.0401295877155,9380.657772171406,0.0,0.0,0.0,0.0
ringCFRP,"nTOF 5 ns + veto, per-arm coinc (strict)",14.0,oracle: IPC only,"no MM loss, DREAM",False,351972597984.32916,0.004220403679002886,0.08320114418426024,36976.729800208705,0.0,39700.450445372204,5394.4724192044705,8017.011708903693,0.0,0.0,0.0,0.0
ringCFRP,"nTOF 5 ns + veto, per-arm coinc (strict)",14.0,oracle: IPC only,"no MM loss, DREAM",False,437344829577.312,0.004602875380720478,0.0562942073182074,56254.41964426049,0.0,33376.822297821374,4535.221774726093,6740.033731753875,0.0,0.0,0.0,0.0
ringCFRP,"nTOF 5 ns + veto, per-arm coinc (strict)",14.0,oracle: IPC only,"no MM loss, DREAM",False,543424405915.04,0.005050375177899692,0.0376322093065797,85815.3740087812,0.0,27724.015732007807,3767.1219479410324,5598.519821511133,0.0,0.0,0.0,0.0
ringCFRP,"nTOF 5 ns + veto, per-arm coinc (strict)",14.0,oracle: IPC only,"no MM loss, DREAM",False,675233968650.1553,0.005565592945959264,0.024938422400846382,131203.91756074494,0.0,22828.66633194409,3101.944927913262,4609.964955780124,0.0,0.0,0.0,0.0
ringCFRP,"nTOF 5 ns + veto, per-arm coinc (strict)",14.0,oracle: IPC only,"no MM loss, DREAM",False,839014419404.4929,0.006152563596741038,0.016423453705986232,200968.23094068162,0.0,18680.61617268031,2538.3104621427715,3772.317868080292,0.0,0.0,0.0,0.0
ringCFRP,"nTOF 5 ns + veto, per-arm coinc (strict)",14.0,oracle: IPC only,"no MM loss, DREAM",False,1042520413147.9037,0.006816641409970887,0.010767643641064065,308291.3751876331,0.0,15218.173223890703,2067.8358760668393,3073.1206209343695,0.0,0.0,0.0,0.0
ringCFRP,"nTOF 5 ns + veto, per-arm coinc (strict)",14.0,oracle: IPC only,"no MM loss, DREAM",False,1295387524568.9966,0.00756447586724174,0.00703701934402749,473508.7934555755,0.0,12357.930169640005,1679.1878356722466,2495.5301452849617,0.0,0.0,0.0,0.0
ringCFRP,"nTOF 5 ns + veto, per-arm coinc (strict)",14.0,oracle: IPC only,"no MM loss, DREAM",False,1609588471982.2002,0.00840400712648118,0.0045883703162878904,727994.3099410735,0.0,10012.224895681362,1360.4548676077143,2021.844168526587,0.0,0.0,0.0,0.0
ringCFRP,"nTOF 5 ns + veto, per-arm coinc (strict)",14.0,oracle: IPC only,"no MM loss, DREAM",False,2000000000000.0002,0.009344488720433893,0.0029867925165031565,1120158.7943658223,0.0,8098.271486479843,1100.3880733584442,1635.3451056764482,0.0,0.0,0.0,0.0
ringCFRP,"nTOF 5 ns + veto, per-arm coinc (strict)",14.0,oracle: IPC only,"no MM loss, no dead time",False,1000000000.0,0.02283878884211174,1.0,8.151463574098505,0.0,1355.6802894298542,184.20899129725024,273.7627566428784,0.0,0.0,0.0,0.0
ringCFRP,"nTOF 5 ns + veto, per-arm coinc (strict)",14.0,oracle: IPC only,"no MM loss, no dead time",False,1242553630.827767,0.020488751630519123,1.0,10.211843914211238,0.0,1684.5054658727029,228.88955096751877,340.16490725202704,0.0,0.0,0.0,0.0
ringCFRP,"nTOF 5 ns + veto, per-arm coinc (strict)",14.0,oracle: IPC only,"no MM loss, no dead time",False,1543939525.4832668,0.01838052561714937,1.0,12.817239964411407,0.0,2093.0883827693465,284.40754261322775,422.67314058619684,0.0,0.0,0.0,0.0
ringCFRP,"nTOF 5 ns + veto, per-arm coinc (strict)",14.0,oracle: IPC only,"no MM loss, no dead time",False,1918427663.1677406,0.016489229214895006,1.0,16.124467586654827,0.0,2600.7745696534803,353.3916247088704,525.1940454887562,0.0,0.0,0.0,0.0
ringCFRP,"nTOF 5 ns + veto, per-arm coinc (strict)",14.0,oracle: IPC only,"no MM loss, no dead time",False,2383749258.3495045,0.014792541071168525,1.0,20.341770866186813,0.0,3231.6018844874566,439.1080463861305,652.5817681111774,0.0,0.0,0.0,0.0
ringCFRP,"nTOF 5 ns + veto, per-arm coinc (strict)",14.0,oracle: IPC only,"no MM loss, no dead time",False,2961936295.9451737,0.013270436628083547,1.0,25.748580633786656,0.0,4015.4386549597425,545.6152973627741,810.8678453785473,0.0,0.0,0.0,0.0
ringCFRP,"nTOF 5 ns + veto, per-arm coinc (strict)",14.0,oracle: IPC only,"no MM loss, no dead time",False,3680364698.807223,0.011904951789738048,1.0,32.7240277732571,0.0,4989.397880086393,677.9562687732865,1007.5467853966023,0.0,0.0,0.0,0.0
ringCFRP,"nTOF 5 ns + veto, per-arm coinc (strict)",14.0,oracle: IPC only,"no MM loss, no dead time",False,4573050519.273256,0.010679970907366807,1.0,41.788490061951826,0.0,6199.594451545713,842.3970233066931,1251.9309164233937,0.0,0.0,0.0,0.0
ringCFRP,"nTOF 5 ns + veto, per-arm coinc (strict)",14.0,oracle: IPC only,"no MM loss, no dead time",False,5682260526.681813,0.009581036580133089,1.0,53.66466143971506,0.0,7703.328595427835,1046.7234799082382,1555.5913057474274,0.0,0.0,0.0,0.0
ringCFRP,"nTOF 5 ns + veto, per-arm coinc (strict)",14.0,oracle: IPC only,"no MM loss, no dead time",False,7060513448.737786,0.008595179026801427,1.0,69.36801650065601,0.0,9571.798915708217,1300.6100604326568,1932.905625040573,0.0,0.0,0.0,0.0
ringCFRP,"nTOF 5 ns + veto, per-arm coinc (strict)",14.0,oracle: IPC only,"no MM loss, no dead time",False,8773066621.237415,0.00771076301451099,1.0,90.34173220546873,0.0,11893.473496266528,1616.077752881719,2401.7389024415784,0.0,0.0,0.0,0.0
ringCFRP,"nTOF 5 ns + veto, per-arm coinc (strict)",14.0,oracle: IPC only,"no MM loss, no dead time",False,10901005783.71244,0.006917350538081381,1.0,118.6590967258885,0.0,14778.278675939793,2008.0632795431588,2984.289393529079,0.0,0.0,0.0,0.0
ringCFRP,"nTOF 5 ns + veto, per-arm coinc (strict)",14.0,oracle: IPC only,"no MM loss, no dead time",False,13545084316.226381,0.006205577629171805,1.0,157.32868275927478,0.0,18362.803826173556,2495.1263189282663,3708.1396213703524,0.0,0.0,0.0,0.0
ringCFRP,"nTOF 5 ns + veto, per-arm coinc (strict)",14.0,oracle: IPC only,"no MM loss, no dead time",False,16830493696.995401,0.00556704384137782,1.0,210.7564041547099,0.0,22816.768566390056,3100.3282669582495,4607.56235015005,0.0,0.0,0.0,0.0
ringCFRP,"nTOF 5 ns + veto, per-arm coinc (strict)",14.0,oracle: IPC only,"no MM loss, no dead time",False,20912791051.82548,0.004994213106952774,1.0,285.44758061068666,0.0,28351.058625924838,3852.3241448669323,5725.143327444267,0.0,0.0,0.0,0.0
ringCFRP,"nTOF 5 ns + veto, per-arm coinc (strict)",14.0,oracle: IPC only,"no MM loss, no dead time",False,25985264452.18819,0.004480324795050616,1.0,391.0768139370662,0.0,35227.710833453784,4786.7193533298805,7113.797628525237,0.0,0.0,0.0,0.0
ringCFRP,"nTOF 5 ns + veto, per-arm coinc (strict)",14.0,oracle: IPC only,"no MM loss, no dead time",False,32288084693.086143,0.004019313921786795,1.0,542.1223305997158,0.0,43772.32000185866,5947.7555122335825,8839.275072297989,0.0,0.0,0.0,0.0
ringCFRP,"nTOF 5 ns + veto, per-arm coinc (strict)",14.0,oracle: IPC only,"no MM loss, no dead time",False,40119676867.86864,0.0036057395704247423,1.0,760.3675858191277,0.0,54389.45514806438,7390.405207001703,10983.273334969243,0.0,0.0,0.0,0.0
ringCFRP,"nTOF 5 ns + veto, per-arm coinc (strict)",14.0,oracle: IPC only,"no MM loss, no dead time",False,49850850159.80715,0.00323472067689279,1.0,1078.7365983222912,0.0,67581.81497297165,9182.974823248438,13647.306160739883,0.0,0.0,0.0,0.0
ringCFRP,"nTOF 5 ns + veto, per-arm coinc (strict)",14.0,oracle: IPC only,"no MM loss, no dead time",False,61942354865.91934,0.002901878422762851,1.0,1547.18193787582,0.0,83974.02957259624,11410.33870842732,16957.509821045493,0.0,0.0,0.0,0.0
ringCFRP,"nTOF 5 ns + veto, per-arm coinc (strict)",14.0,oracle: IPC only,"no MM loss, no dead time",False,76966697940.67007,0.002603284555804546,1.0,2241.7337499660725,0.0,104342.23534066777,14177.95779113098,21070.6153979376,0.0,0.0,0.0,0.0
ringCFRP,"nTOF 5 ns + veto, per-arm coinc (strict)",14.0,oracle: IPC only,"no MM loss, no dead time",False,95635249979.00363,0.0023354150281864874,1.0,3278.4191229774992,0.0,129650.82337123208,17616.872931092625,26181.36966648282,0.0,0.0,0.0,0.0
ringCFRP,"nTOF 5 ns + veto, per-arm coinc (strict)",14.0,oracle: IPC only,"no MM loss, no dead time",False,118831927096.53209,0.002095108405156149,1.0,4834.688410304369,0.0,161098.10131973392,21889.909424360547,32531.755939132192,0.0,0.0,0.0,0.0
ringCFRP,"nTOF 5 ns + veto, per-arm coinc (strict)",14.0,oracle: IPC only,"no MM loss, no dead time",False,147655042472.05707,0.0018795285533314736,1.0,7182.41623123132,0.0,200173.03071429572,27199.38643373027,40422.45145937164,0.0,0.0,0.0,0.0
ringCFRP,"nTOF 5 ns + veto, per-arm coinc (strict)",14.0,oracle: IPC only,"no MM loss, no dead time",False,183469309133.68265,0.0016861311682461716,1.0,10738.75368497896,0.0,248725.72610784622,33796.69636951905,50227.063827801394,0.0,0.0,0.0,0.0
ringCFRP,"nTOF 5 ns + veto, per-arm coinc (strict)",14.0,oracle: IPC only,"no MM loss, no dead time",False,227970456209.51938,0.0015126337461018608,1.0,16144.517664124674,0.0,309055.0540555771,41994.20778392952,62409.82052505264,0.0,0.0,0.0,0.0
ringCFRP,"nTOF 5 ns + veto, per-arm coinc (strict)",14.0,oracle: IPC only,"no MM loss, no dead time",False,283265518084.60077,0.0013569886453294584,1.0,24385.065845817928,0.0,384017.4795424291,52180.0553556573,77547.54909271344,0.0,0.0,0.0,0.0
ringCFRP,"nTOF 5 ns + veto, per-arm coinc (strict)",14.0,oracle: IPC only,"no MM loss, no dead time",False,351972597984.32916,0.0012173589200284033,1.0,36976.729800208705,0.0,477162.31350677303,64836.51723896584,96356.9886869456,0.0,0.0,0.0,0.0
ringCFRP,"nTOF 5 ns + veto, per-arm coinc (strict)",14.0,oracle: IPC only,"no MM loss, no dead time",False,437344829577.312,0.0010920966400665172,1.0,56254.41964426049,0.0,592899.7651420205,80562.84990550445,119728.72614859483,0.0,0.0,0.0,0.0
ringCFRP,"nTOF 5 ns + veto, per-arm coinc (strict)",14.0,oracle: IPC only,"no MM loss, no dead time",False,543424405915.04,0.0009797234419712064,1.0,85815.3740087812,0.0,736709.7558941478,100103.66165991698,148769.36339031986,0.0,0.0,0.0,0.0
ringCFRP,"nTOF 5 ns + veto, per-arm coinc (strict)",14.0,oracle: IPC only,"no MM loss, no dead time",False,675233968650.1553,0.0008789130810707797,1.0,131203.91756074494,0.0,915401.3820525114,124384.16825468416,184853.91263657753,0.0,0.0,0.0,0.0
ringCFRP,"nTOF 5 ns + veto, per-arm coinc (strict)",14.0,oracle: IPC only,"no MM loss, no dead time",False,839014419404.4929,0.0007884757789637885,1.0,200968.23094068162,0.0,1137435.3109341038,154553.9998823497,229690.90031929815,0.0,0.0,0.0,0.0
ringCFRP,"nTOF 5 ns + veto, per-arm coinc (strict)",14.0,oracle: IPC only,"no MM loss, no dead time",False,1042520413147.9037,0.000707344181582942,1.0,308291.3751876331,0.0,1413324.3754328808,192041.63371276783,285403.26215984265,0.0,0.0,0.0,0.0
ringCFRP,"nTOF 5 ns + veto, per-arm coinc (strict)",14.0,oracle: IPC only,"no MM loss, no dead time",False,1295387524568.9966,0.0006345607621286483,1.0,473508.7934555755,0.0,1756131.3342315194,238622.02923989674,354628.859646803,0.0,0.0,0.0,0.0
ringCFRP,"nTOF 5 ns + veto, per-arm coinc (strict)",14.0,oracle: IPC only,"no MM loss, no dead time",False,1609588471982.2002,0.0005692665201997924,1.0,727994.3099410735,0.0,2182087.365559786,296500.6688275234,440645.37715044565,0.0,0.0,0.0,0.0
ringCFRP,"nTOF 5 ns + veto, per-arm coinc (strict)",14.0,oracle: IPC only,"no MM loss, no dead time",True,2000000000000.0002,0.0005106908437472553,1.0,1120158.7943658223,0.0,2711360.5788597083,368417.9825945004,547525.5132857569,0.0,0.0,0.0,0.0
ringCFRP,"nTOF 5 ns, no veto, strict",14.0,as is,MM occ + DREAM,False,1000000000.0,0.0705993596250074,0.9975767502584543,8.151463574098505,0.011601140715263488,1321.377713924616,179.54797875470226,266.8357785762329,1.4966964295227103,0.0,11.570337001554144,10305.963915182698
ringCFRP,"nTOF 5 ns, no veto, strict",14.0,as is,MM occ + DREAM,False,1242553630.827767,0.05848145713634245,0.9969661030548177,10.211843914211238,0.014415039517494486,1631.6690387426179,221.71017023795386,329.49524859056197,1.848156812933921,0.0,17.752774894532212,10241.853744640573
ringCFRP,"nTOF 5 ns, no veto, strict",14.0,as is,MM occ + DREAM,False,1543939525.4832668,0.0486629154681572,0.9961949958466924,12.817239964411407,0.017911459690988518,2011.7510045502038,273.3554704444921,406.24806968047346,2.2786675708765514,0.0,27.19715917597243,10162.617526940086
ringCFRP,"nTOF 5 ns, no veto, strict",14.0,as is,MM occ + DREAM,False,1918427663.1677406,0.0407009255093047,0.9952178871482318,16.124467586654827,0.022255949272463067,2475.6520844481024,336.39005954044757,499.9271173384338,2.804118456431993,0.0,41.58666270822906,10064.815602615841
ringCFRP,"nTOF 5 ns, no veto, strict",14.0,as is,MM occ + DREAM,False,2383749258.3495045,0.03424023570459143,0.993974676873124,20.341770866186813,0.027654210576017583,3039.296225910653,412.97767356638235,613.7480345085811,3.4425461861859703,0.0,63.43846010532252,9944.297295831548
ringCFRP,"nTOF 5 ns, no veto, strict",14.0,as is,MM occ + DREAM,False,2961936295.9451737,0.02899601093743462,0.992385350761288,25.748580633786656,0.03436183975890628,3720.206313075825,505.49931107840206,751.2493494879968,4.213798558272102,0.0,96.48543735870969,9796.094171811059
ringCFRP,"nTOF 5 ns, no veto, strict",14.0,as is,MM occ + DREAM,False,3680364698.807223,0.024740080537923984,0.9903424181466532,32.7240277732571,0.042696428754350924,4536.781595164014,616.4550505728474,916.1465615916812,5.1387160109117005,0.0,146.2034966798393,9614.321832430986
ringCFRP,"nTOF 5 ns, no veto, strict",14.0,as is,MM occ + DREAM,False,4573050519.273256,0.021289965132184965,0.9877001990146874,41.788490061951826,0.05305260257209782,5506.904145282228,748.2746969786741,1112.0507328572196,6.237553187943304,0.0,220.51216183047381,9392.109725008499
ringCFRP,"nTOF 5 ns, no veto, strict",14.0,as is,MM occ + DREAM,False,5682260526.681813,0.018500184918922073,0.9842596516298998,53.66466143971506,0.06592070395082295,6645.5374518851695,902.9914797645266,1341.9835534871581,7.527258914451026,0.0,330.651336499317,9121.591263565368
ringCFRP,"nTOF 5 ns, no veto, strict",14.0,as is,MM occ + DREAM,False,7060513448.737786,0.016255441943203098,0.9797469945069353,69.36801650065601,0.08191001004081737,7960.885462459126,1081.7201461926372,1607.6017085396986,9.017125627246328,0.0,492.17175986345865,8794.005453980839
ringCFRP,"nTOF 5 ns, no veto, strict",14.0,as is,MM occ + DREAM,False,8773066621.237415,0.014465359250402906,0.9737839480588676,90.34173220546873,0.10177758037735649,9448.621180482765,1283.8727466772855,1908.0314149371509,10.702252229409092,0.0,725.836653292633,8399.987692012039
ringCFRP,"nTOF 5 ns, no veto, strict",14.0,as is,MM occ + DREAM,False,10901005783.71244,0.013060567115805534,0.9658472446361338,118.6590967258885,0.12646410203474917,11083.756437149466,1506.0539044426014,2238.226623084122,12.554335153655662,0.0,1057.968103664376,7930.1617079574025
ringCFRP,"nTOF 5 ns, no veto, strict",14.0,as is,MM occ + DREAM,False,13545084316.226381,0.011990059835304453,0.9552157165310303,157.32868275927478,0.1571384291526508,12810.077248866643,1740.6252984957014,2586.8356188410958,14.509702016498977,0.0,1519.3313255716168,7376.182876680055
ringCFRP,"nTOF 5 ns, no veto, strict",14.0,as is,MM occ + DREAM,False,16830493696.995401,0.01121991545929971,0.9409060135190672,210.7564041547099,0.1952529256861989,14528.000466321399,1974.0556326835333,2933.748824984271,16.455557102946564,0.0,2141.0249652392467,6732.411129757764
ringCFRP,"nTOF 5 ns, no veto, strict",14.0,as is,MM occ + DREAM,False,20912791051.82548,0.01073370234593998,0.9216051516744985,285.44758061068666,0.24261223174113059,16083.622338124369,2185.4325613584206,3247.8872949754814,18.21757690748806,0.0,2945.2007053381594,5998.373552749584
ringCFRP,"nTOF 5 ns, no veto, strict",14.0,as is,MM occ + DREAM,True,25985264452.18819,0.010535261048426461,0.8956232668778483,391.0768139370662,0.30145870943316944,17264.980098169166,2345.9547162025774,3486.447787071544,19.555675713617056,0.0,3928.368806068747,5182.037849709507
ringCFRP,"nTOF 5 ns, no veto, strict",14.0,as is,MM occ + DREAM,False,32288084693.086143,0.010655212949799993,0.860916780907967,542.1223305997158,0.3745786139508375,17815.822965092288,2420.8029010366795,3597.6836462204305,20.179603711996272,0.0,5036.944933448397,4303.534059412171
ringCFRP,"nTOF 5 ns, no veto, strict",14.0,as is,MM occ + DREAM,False,40119676867.86864,0.011163888614870852,0.8152686509392165,760.3675858191277,0.4654340167950456,17480.12769293477,2375.1888370501038,3529.894165312307,19.79936881780123,0.0,6140.744925839688,3398.1990494865886
ringCFRP,"nTOF 5 ns, no veto, strict",14.0,as is,MM occ + DREAM,False,49850850159.80715,0.012196270310126697,0.7567367507559052,1078.7365983222912,0.5783267274794381,16085.9407203603,2185.747581689138,3248.3554634048724,18.220202889732366,0.0,7021.631988017444,2516.7236740440635
ringCFRP,"nTOF 5 ns, no veto, strict",14.0,as is,MM occ + DREAM,False,61942354865.91934,0.014001079158313431,0.6844344867044478,1547.18193787582,0.7186019750343164,13655.485112706476,1855.498791196693,2757.555211872647,15.4672775211905,0.0,7406.514472124487,1719.4163845556957
ringCFRP,"nTOF 5 ns, no veto, strict",14.0,as is,MM occ + DREAM,False,76966697940.67007,0.017041487958293,0.5995072083756416,2241.7337499660725,0.8929014931988941,10487.939248641636,1425.0946368716682,2117.908759607836,11.87946569786673,0.0,7068.252385577401,1062.7936430338586
ringCFRP,"nTOF 5 ns, no veto, strict",14.0,as is,MM occ + DREAM,False,95635249979.00363,0.02221323566288103,0.5058248517132626,3278.4191229774992,1.109477992345821,7130.091486290859,968.8323794241539,1439.833208184962,8.076102962268223,0.0,5970.794587392826,581.485305918756
ringCFRP,"nTOF 5 ns, no veto, strict",14.0,as is,MM occ + DREAM,False,118831927096.53209,0.03134888759905817,0.4097122877520586,4834.688410304369,1.378585907712801,4189.33322387102,569.2439828138904,845.9836886356602,4.745168631326204,0.0,4359.1024566407195,274.9624605623521
ringCFRP,"nTOF 5 ns, no veto, strict",14.0,as is,MM occ + DREAM,False,147655042472.05707,0.048477435877418984,0.31843482538548035,7182.41623123132,1.7129669250365411,2072.8217457939063,281.65372463465155,418.58054556247606,2.3478411004468933,0.0,2679.9659102335354,109.49021611093293
ringCFRP,"nTOF 5 ns, no veto, strict",14.0,as is,MM occ + DREAM,False,183469309133.68265,0.08326862599554576,0.2380868144633538,10738.75368497896,2.1284532721920293,838.8900233301814,113.98785260200921,169.40339628575975,0.9501928853873003,0.0,1347.682179873537,35.66179864827714
ringCFRP,"nTOF 5 ns, no veto, strict",14.0,as is,MM occ + DREAM,False,227970456209.51938,0.16150171377243622,0.1720854580872206,16144.517664124674,2.6447173414094474,268.29200263569066,36.45534980775198,54.17822977840489,0.30388864454334524,0.0,535.5565389873145,9.17890338479541
ringCFRP,"nTOF 5 ns, no veto, strict",14.0,as is,MM occ + DREAM,False,283265518084.60077,0.36110550768608896,0.12096652804534391,24385.065845817928,3.2862031350814687,64.96155807005387,8.826935951259577,13.118177900597528,0.07358057502794284,0.0,161.12731661130923,1.788645858617228
ringCFRP,"nTOF 5 ns, no veto, strict",14.0,as is,MM occ + DREAM,False,351972597984.32916,0.9560461064111514,0.08320114418426024,36976.729800208705,4.083283637133069,11.274578922547237,1.5319827446168142,2.2767608483282675,0.012770475723878558,0.0,34.74787220154826,0.24983490637427236
ringCFRP,"nTOF 5 ns, no veto, strict",14.0,as is,MM occ + DREAM,False,437344829577.312,3.102654574341453,0.0562942073182074,56254.41964426049,5.073698909019327,1.307633711656039,0.17768045230763227,0.2640603484267438,0.0014811288905019144,0.0,5.0075942918655,0.023319742555940274
ringCFRP,"nTOF 5 ns, no veto, strict",14.0,as is,MM occ + DREAM,False,543424405915.04,12.90182082832202,0.0376322093065797,85815.3740087812,6.304343001128844,0.09267730190656989,0.012592933919205816,0.018715027315796686,0.00010497360852967644,0.0,0.44099285370525987,0.0013301354929837951
ringCFRP,"nTOF 5 ns, no veto, strict",14.0,as is,MM occ + DREAM,False,675233968650.1553,72.7236013507064,0.024938422400846382,131203.91756074494,7.833484286036267,0.0035842850549779957,0.00048703041539165847,0.0007238017435934837,4.059843440407247e-06,0.0,0.0211921907386705,4.140091114472028e-05
ringCFRP,"nTOF 5 ns, no veto, strict",14.0,as is,MM occ + DREAM,False,839014419404.4929,596.4899901388744,0.016423453705986232,200968.23094068162,9.733524341646621,6.560838917897048e-05,8.914826958484681e-06,1.3248797390192569e-05,7.431322686626116e-08,0.0,0.0004820008793151936,6.098901088027515e-07
ringCFRP,"nTOF 5 ns, no veto, strict",14.0,as is,MM occ + DREAM,False,1042520413147.9037,7780.865017228867,0.010767643641064065,308291.3751876331,12.094426011463462,4.756391190920994e-07,6.462954653291934e-08,9.604939853820969e-08,5.387463128707536e-10,0.0,4.341913471480246e-06,3.558398957524604e-09
ringCFRP,"nTOF 5 ns, no veto, strict",14.0,as is,MM occ + DREAM,False,1295387524568.9966,180363.3638332031,0.00703701934402749,473508.7934555755,15.027972953321772,1.0934886540704965e-09,1.485825555861904e-10,2.2081642008821097e-10,1.238571338856616e-12,0.0,1.2403179306656512e-08,6.583793649785323e-12
ringCFRP,"nTOF 5 ns, no veto, strict",14.0,as is,MM occ + DREAM,False,1609588471982.2002,8531651.37810985,0.0045883703162878904,727994.3099410735,18.67306235713145,6.043864405357655e-13,8.212365218620339e-14,1.2204831723874492e-13,6.845756652843217e-16,0.0,8.518214970929731e-12,2.9286097176112204e-15
ringCFRP,"nTOF 5 ns, no veto, strict",14.0,as is,MM occ + DREAM,False,2000000000000.0002,978251903.0982982,0.0029867925165031565,1120158.7943658223,23.20228143052698,5.690451763328749e-17,7.732150327193244e-18,1.149115889209668e-17,6.44545367066122e-20,0.0,9.965423799565886e-16,2.219107750794847e-19
ringCFRP,"nTOF 5 ns, no veto, strict",14.0,as is,"MM occ ÷10, DAQ 10 µs",False,1000000000.0,0.06978420590437127,0.9999184920083534,8.151463574098505,0.001160114071526349,1352.4282054805515,183.76710016068515,273.10603877677335,1.5318666608327751,0.0,11.842223417966474,10548.139367479154
ringCFRP,"nTOF 5 ns, no veto, strict",14.0,as is,"MM occ ÷10, DAQ 10 µs",False,1242553630.827767,0.05764295283499933,0.9998978919879687,10.211843914211238,0.0014415039517494486,1679.484510822724,228.20730673020344,339.1509878890477,1.9023163810756314,0.0,18.273013553327907,10541.987570892969
ringCFRP,"nTOF 5 ns, no veto, strict",14.0,as is,"MM occ ÷10, DAQ 10 µs",False,1543939525.4832668,0.04779661820860631,0.9998718440264146,12.817239964411407,0.0017911459690988518,2085.336460637639,283.35421627394953,421.10773642077254,2.362016251749754,0.0,28.191971833065644,10534.343870841802
ringCFRP,"nTOF 5 ns, no veto, strict",14.0,as is,"MM occ ÷10, DAQ 10 µs",False,1918427663.1677406,0.03980148812237275,0.9998387813197873,16.124467586654827,0.0022255949272463067,2588.8063235451195,351.7653869001422,522.7772071881982,2.9322858561521357,0.0,43.487457737100414,10524.846540856372
ringCFRP,"nTOF 5 ns, no veto, strict",14.0,as is,"MM occ ÷10, DAQ 10 µs",False,2383749258.3495045,0.0333011712760181,0.9997966236616869,20.341770866186813,0.0027654210576017585,3213.124135033649,436.59730132708665,648.8504166513446,3.639437361354245,0.0,67.06672601243616,10513.04620286312
ringCFRP,"nTOF 5 ns, no veto, strict",14.0,as is,"MM occ ÷10, DAQ 10 µs",False,2961936295.9451737,0.028009379685371805,0.9997425804755361,25.748580633786656,0.0034361839758906285,3986.9111166255634,541.7389932653361,805.1070641711399,4.515889416172118,0.0,103.40256169284089,10498.384623409023
ringCFRP,"nTOF 5 ns, no veto, strict",14.0,as is,"MM occ ÷10, DAQ 10 µs",False,3680364698.807223,0.023696069024913915,0.9996728667734354,32.7240277732571,0.004269642875435092,4945.355061756518,671.9717581171302,998.6528865545833,5.601498485750385,0.0,159.37029085174785,10480.168406178227
ringCFRP,"nTOF 5 ns, no veto, strict",14.0,as is,"MM occ ÷10, DAQ 10 µs",False,4573050519.273256,0.02017631441775025,0.9995822896542268,41.788490061951826,0.005305260257209782,6131.5989786923365,833.1578409089259,1238.2000772036206,6.9451317378563475,0.0,245.52672619648044,10457.5363722219
ringCFRP,"nTOF 5 ns, no veto, strict",14.0,as is,"MM occ ÷10, DAQ 10 µs",False,5682260526.681813,0.01730140260872547,0.9994636412207257,53.66466143971506,0.006592070395082295,7598.355764507211,1032.459837183421,1534.393349422841,8.606495949749338,0.0,378.0591873752654,10429.419149436782
ringCFRP,"nTOF 5 ns, no veto, strict",14.0,as is,"MM occ ÷10, DAQ 10 µs",False,7060513448.737786,0.014951699877734847,0.9993068006936027,69.36801650065601,0.008191001004081737,9409.743740841406,1278.5901044522768,1900.1806000138836,10.658216580489768,0.0,581.7456058918722,10394.489176830846
ringCFRP,"nTOF 5 ns, no veto, strict",14.0,as is,"MM occ ÷10, DAQ 10 µs",False,8773066621.237415,0.013030927190866778,0.9990973981041329,90.34173220546873,0.01017775803773565,11643.304321232254,1582.0849215733067,2351.2203520735848,13.188123139807118,0.0,894.4307196109929,10351.098972485672
ringCFRP,"nTOF 5 ns, no veto, strict",14.0,as is,"MM occ ÷10, DAQ 10 µs",False,10901005783.71244,0.011461550561115523,0.998814815362127,118.6590967258885,0.012646410203474918,14392.104214226001,1955.5901347967877,2906.306268740632,16.301630308848765,0.0,1373.75692885405,10297.20513832763
ringCFRP,"nTOF 5 ns, no veto, strict",14.0,as is,"MM occ ÷10, DAQ 10 µs",False,13545084316.226381,0.010181072478192305,0.9984291845157172,157.32868275927478,0.01571384291526508,17766.7254483847,2414.131561120904,3587.7690139704914,20.123991999175402,0.0,2107.2115337126115,10230.275234182962
ringCFRP,"nTOF 5 ns, no veto, strict",14.0,as is,"MM occ ÷10, DAQ 10 µs",False,16830493696.995401,0.009139076978893887,0.9978968684428973,210.7564041547099,0.01952529256861989,21896.784459233324,2975.321400877667,4421.783013232209,24.802021990233563,0.0,3226.9796724168245,10147.17446774536
ringCFRP,"nTOF 5 ns, no veto, strict",14.0,as is,"MM occ ÷10, DAQ 10 µs",False,20912791051.82548,0.00829492216287007,0.9971536490338616,285.44758061068666,0.02426122317411306,26931.362910109554,3659.416777401005,5438.453452415449,30.504581910968163,0.0,4931.6172296932,10044.029362501251
ringCFRP,"nTOF 5 ns, no veto, strict",14.0,as is,"MM occ ÷10, DAQ 10 µs",False,25985264452.18819,0.00761598136260801,0.9961044663893597,391.0768139370662,0.030145870943316944,33037.32984735645,4489.091752521908,6671.477457960287,37.420680780698696,0.0,7517.113559946799,9916.066670733864
ringCFRP,"nTOF 5 ns, no veto, strict",14.0,as is,"MM occ ÷10, DAQ 10 µs",False,32288084693.086143,0.007076313448790952,0.99460800788731,542.1223305997158,0.03745786139508375,40393.92288533684,5488.701021371469,8157.049834633486,45.75333723264868,0.0,11420.295633721722,9757.428734609977
ringCFRP,"nTOF 5 ns, no veto, strict",14.0,as is,"MM occ ÷10, DAQ 10 µs",False,40119676867.86864,0.006655625165458516,0.9924537037325563,760.3675858191277,0.04654340167950456,49181.05945255602,6682.691651802027,9931.502667204408,55.70633991106053,0.0,17277.238850078378,9560.973032935559
ringCFRP,"nTOF 5 ns, no veto, strict",14.0,as is,"MM occ ÷10, DAQ 10 µs",False,49850850159.80715,0.006338429450607673,0.9893277593821824,1078.7365983222912,0.05783267274794382,59557.60495268424,8092.65017567532,12026.916846118258,67.45963227944372,0.0,25997.334649888402,9318.077006467236
ringCFRP,"nTOF 5 ns, no veto, strict",14.0,as is,"MM occ ÷10, DAQ 10 µs",False,61942354865.91934,0.0061134308723511804,0.9847639106437995,1547.18193787582,0.07186019750343164,71624.25926371843,9732.259629540758,14463.62745805367,81.12727494761725,0.0,38847.84087958236,9018.495051128522
ringCFRP,"nTOF 5 ns, no veto, strict",14.0,as is,"MM occ ÷10, DAQ 10 µs",False,76966697940.67007,0.005973307152846362,0.9780741809851515,2241.7337499660725,0.08929014931988942,85364.14460239116,11599.22667074575,17238.226244803045,96.69015080948161,0.0,57530.39795751799,8650.361913394448
ringCFRP,"nTOF 5 ns, no veto, strict",14.0,as is,"MM occ ÷10, DAQ 10 µs",True,95635249979.00363,0.0059150789204324315,0.968256493943098,3278.4191229774992,0.11094779923458209,100553.60923429024,13663.161641257226,20305.549522997957,113.8949343027666,0.0,84204.38179696332,8200.518371925291
ringCFRP,"nTOF 5 ns, no veto, strict",14.0,as is,"MM occ ÷10, DAQ 10 µs",False,118831927096.53209,0.005941185416476582,0.9538827416419434,4834.688410304369,0.13785859077128013,116638.77845580476,15848.804392164884,23553.74919181584,132.11426333216684,0.0,121365.4676140713,7655.46300744267
ringCFRP,"nTOF 5 ns, no veto, strict",14.0,as is,"MM occ ÷10, DAQ 10 µs",False,147655042472.05707,0.00606139820806618,0.9329888569060036,7182.41623123132,0.17129669250365412,132585.36996579153,18015.61729015233,26773.96481704109,150.1766283354077,0.0,171420.56350240126,7003.400480605467
ringCFRP,"nTOF 5 ns, no veto, strict",14.0,as is,"MM occ ÷10, DAQ 10 µs",False,183469309133.68265,0.006295945012892788,0.9030262367271377,10738.75368497896,0.21284532721920293,146739.1414485472,19938.822922201984,29632.142757831338,166.20830422889813,0.0,235737.36785556364,6237.9830140136055
ringCFRP,"nTOF 5 ns, no veto, strict",14.0,as is,"MM occ ÷10, DAQ 10 µs",False,227970456209.51938,0.006680685784584002,0.8609963002230325,16144.517664124674,0.26447173414094477,156790.55804870496,21304.603134144283,31661.901203152138,177.59333000810523,0.0,312980.6620754024,5364.175487300822
ringCFRP,"nTOF 5 ns, no veto, strict",14.0,as is,"MM occ ÷10, DAQ 10 µs",False,283265518084.60077,0.007275937190867576,0.8039550352769477,24385.065845817928,0.3286203135081469,160009.87091308043,21742.041356150352,32312.00135664626,181.23977721154438,0.0,396880.27654360794,4405.697791883661
ringCFRP,"nTOF 5 ns, no veto, strict",14.0,as is,"MM occ ÷10, DAQ 10 µs",False,351972597984.32916,0.008181898485554317,0.7300510104589141,36976.729800208705,0.4083283637133069,153939.41494011428,20917.191588684345,31086.148348237213,174.36390085570056,0.0,474436.08793433313,3411.164140415159
ringCFRP,"nTOF 5 ns, no veto, strict",14.0,as is,"MM occ ÷10, DAQ 10 µs",False,437344829577.312,0.009566430954259216,0.6399818976491471,56254.41964426049,0.5073698909019327,137547.62005755882,18689.88473439877,27776.029444568365,155.79726346227693,0.0,526739.767352445,2452.961452685676
ringCFRP,"nTOF 5 ns, no veto, strict",14.0,as is,"MM occ ÷10, DAQ 10 µs",False,543424405915.04,0.011717216282882744,0.5381686016748767,85815.3740087812,0.6304343001128845,112363.82164573389,15267.92592991797,22690.474885934742,127.27211068605233,0.0,534668.5902739721,1612.682978718615
ringCFRP,"nTOF 5 ns, no veto, strict",14.0,as is,"MM occ ÷10, DAQ 10 µs",False,675233968650.1553,0.015145107507907265,0.4325186227596107,131203.91756074494,0.7833484286036267,82643.47598143005,11229.543917202069,16688.82108829721,93.60850733389076,0.0,488631.9808389102,954.5879173438161
ringCFRP,"nTOF 5 ns, no veto, strict",14.0,as is,"MM occ ÷10, DAQ 10 µs",False,839014419404.4929,0.020801823790545654,0.332260982122426,200968.23094068162,0.9733524341646622,53946.449749489824,7330.20991003757,10893.81391000965,61.10399613572867,0.0,396324.8685203435,501.4816934079589
ringCFRP,"nTOF 5 ns, no veto, strict",14.0,as is,"MM occ ÷10, DAQ 10 µs",False,1042520413147.9037,0.030569271594271103,0.24492312617195086,308291.3751876331,1.2094426011463462,30815.069219606434,4187.132365910492,6222.719590655426,34.9035734373762,0.0,281298.06569441996,230.53677838021503
ringCFRP,"nTOF 5 ns, no veto, strict",14.0,as is,"MM occ ÷10, DAQ 10 µs",False,1295387524568.9966,0.04843993865052351,0.1743652427671906,473508.7934555755,1.5027972953321773,15160.159314158327,2059.952982233881,3061.405434119458,17.171589983233737,0.0,171958.0478416762,91.27791152724171
ringCFRP,"nTOF 5 ns, no veto, strict",14.0,as is,"MM occ ÷10, DAQ 10 µs",False,1609588471982.2002,0.0836043471812655,0.12077377682355904,727994.3099410735,1.8673062357131451,6293.948631180334,855.2178103246135,1270.984568319752,7.129021735888281,0.0,88706.8336755817,30.49790314137564
ringCFRP,"nTOF 5 ns, no veto, strict",14.0,as is,"MM occ ÷10, DAQ 10 µs",False,2000000000000.0002,0.15933122397736424,0.08195654570680287,1120158.7943658223,2.3202281430526983,2145.094179222238,291.47405776498675,433.175063723502,2.429702548483448,0.0,37566.03776819777,8.365232352856994
ringCFRP,"nTOF 5 ns, no veto, strict",14.0,as is,"no MM loss, DREAM",False,1000000000.0,0.06978505906010829,0.9975767502584543,8.151463574098505,0.0,1352.3951375188744,183.76260690669872,273.0993611135988,1.5318292054559726,0.0,11.841933866041597,10547.881456954252
ringCFRP,"nTOF 5 ns, no veto, strict",14.0,as is,"no MM loss, DREAM",False,1242553630.827767,0.05764449155955431,0.9969661030548177,10.211843914211238,0.0,1679.3948498856491,228.19512365805426,339.1328819790569,1.9022148240393852,0.0,18.272038030476807,10541.424776489006
ringCFRP,"nTOF 5 ns, no veto, strict",14.0,as is,"no MM loss, DREAM",False,1543939525.4832668,0.04779905124918592,0.9961949958466924,12.817239964411407,0.0,2085.1241727796696,283.32537073235244,421.06486753077485,2.361775797808609,0.0,28.189101882136686,10533.271471573067
ringCFRP,"nTOF 5 ns, no veto, strict",14.0,as is,"no MM loss, DREAM",False,1918427663.1677406,0.03980509354836234,0.9952178871482318,16.124467586654827,0.0,2588.337372159389,351.70166607864275,522.6825082941521,2.9317546848925886,0.0,43.47958016689277,10522.940009137466
ringCFRP,"nTOF 5 ns, no veto, strict",14.0,as is,"no MM loss, DREAM",False,2383749258.3495045,0.03330632185853341,0.993974676873124,20.341770866186813,0.0,3212.1304389159977,436.46227851904285,648.6497520915995,3.6383118228987024,0.0,67.0459848451294,10509.794920697399
ringCFRP,"nTOF 5 ns, no veto, strict",14.0,as is,"no MM loss, DREAM",False,2961936295.9451737,0.028016578573946502,0.992385350761288,25.748580633786656,0.0,3984.8624980626587,541.4606282540808,804.6933711570397,4.513568989502104,0.0,103.34942973149556,10492.990175178073
ringCFRP,"nTOF 5 ns, no veto, strict",14.0,as is,"no MM loss, DREAM",False,3680364698.807223,0.02370600030628678,0.9903424181466532,32.7240277732571,0.0,4941.212361660543,671.408850614619,997.8163198455583,5.596806137471094,0.0,159.23678712735148,10471.389219624398
ringCFRP,"nTOF 5 ns, no veto, strict",14.0,as is,"no MM loss, DREAM",False,4573050519.273256,0.020189915328398995,0.9877001990146874,41.788490061951826,0.0,6123.340673602052,832.0357075694009,1236.5324153040256,6.93577773134308,0.0,245.19604008674045,10443.451705864129
ringCFRP,"nTOF 5 ns, no veto, strict",14.0,as is,"no MM loss, DREAM",False,5682260526.681813,0.01731996744824448,0.9842596516298998,53.66466143971506,0.0,7582.075519726448,1030.2476876873193,1531.1057566734642,8.58805566278343,0.0,377.2491573762969,10407.073065371182
ringCFRP,"nTOF 5 ns, no veto, strict",14.0,as is,"no MM loss, DREAM",False,7060513448.737786,0.01497703056021668,0.9797469945069353,69.36801650065601,0.0,9377.94121968987,1274.2687977343792,1893.7584767990506,10.62219454125319,0.0,579.7794549056459,10359.358468597971
ringCFRP,"nTOF 5 ns, no veto, strict",14.0,as is,"no MM loss, DREAM",False,8773066621.237415,0.013065552590741736,0.9737839480588676,90.34173220546873,0.0,11581.673577327925,1573.7105745712638,2338.774790626132,13.118315307134907,0.0,889.6962877779276,10296.308174933616
ringCFRP,"nTOF 5 ns, no veto, strict",14.0,as is,"no MM loss, DREAM",False,10901005783.71244,0.0115090472647892,0.9658472446361338,118.6590967258885,0.0,14273.559739621385,1939.482385601759,2882.3676879369,16.167357504024913,0.0,1362.4416068593353,10212.389411950908
ringCFRP,"nTOF 5 ns, no veto, strict",14.0,as is,"no MM loss, DREAM",False,13545084316.226381,0.010246534289462522,0.9552157165310303,157.32868275927478,0.0,17540.438814337118,2383.383874570495,3542.073245424385,19.867681942135153,0.0,2080.3729467948724,10099.976910226249
ringCFRP,"nTOF 5 ns, no veto, strict",14.0,as is,"no MM loss, DREAM",False,16830493696.995401,0.009229800551485819,0.9409060135190672,210.7564041547099,0.0,21468.43475318923,2917.117510264166,4335.283122920229,24.316839389628672,0.0,3163.852787432252,9948.673212525491
ringCFRP,"nTOF 5 ns, no veto, strict",14.0,as is,"no MM loss, DREAM",False,20912791051.82548,0.008421401906521252,0.9216051516744985,285.44758061068666,0.0,26128.48168507805,3550.3217778294224,5276.321584647515,29.595175425470245,0.0,4784.595228022569,9744.59547845559
ringCFRP,"nTOF 5 ns, no veto, strict",14.0,as is,"no MM loss, DREAM",False,25985264452.18819,0.00779333683486227,0.8956232668778483,391.0768139370662,0.0,31550.757461286044,4287.097224856729,6371.282671967661,35.73687185989412,0.0,7178.867899876711,9469.875923501744
ringCFRP,"nTOF 5 ns, no veto, strict",14.0,as is,"no MM loss, DREAM",False,32288084693.086143,0.007326300173957247,0.860916780907967,542.1223305997158,0.0,37684.32482887358,5120.522529219752,7609.880240802821,42.684233149982425,0.0,10654.229635596017,9102.906765787398
ringCFRP,"nTOF 5 ns, no veto, strict",14.0,as is,"no MM loss, DREAM",False,40119676867.86864,0.007009387497253821,0.8152686509392165,760.3675858191277,0.0,44342.017723881465,6025.165683006442,8954.318434697043,50.225260276300006,0.0,15577.290116105723,8620.246094799157
ringCFRP,"nTOF 5 ns, no veto, strict",14.0,as is,"no MM loss, DREAM",False,49850850159.80715,0.006840107618678065,0.7567367507559052,1078.7365983222912,0.0,51141.64307283334,6949.0945300183075,10327.418120649349,57.92705127415316,0.0,22323.705101403237,8001.358831815236
ringCFRP,"nTOF 5 ns, no veto, strict",14.0,as is,"no MM loss, DREAM",True,61942354865.91934,0.006824591148854399,0.6844344867044478,1547.18193787582,0.0,57474.72182702405,7809.629317026345,11606.304530152907,65.100394868038,0.0,31173.3604101021,7236.870575561677
ringCFRP,"nTOF 5 ns, no veto, strict",14.0,as is,"no MM loss, DREAM",False,76966697940.67007,0.006977909308370913,0.5995072083756416,2241.7337499660725,0.0,62553.922224757946,8499.787895828613,12631.985815974378,70.85349711882438,0.0,42157.653616236756,6338.891684171195
ringCFRP,"nTOF 5 ns, no veto, strict",14.0,as is,"no MM loss, DREAM",False,95635249979.00363,0.007324393258775095,0.5058248517132626,3278.4191229774992,0.0,65580.60850625587,8911.05213802132,13243.18742919878,74.2817602892003,0.0,54917.71642200595,5348.3409396526695
ringCFRP,"nTOF 5 ns, no veto, strict",14.0,as is,"no MM loss, DREAM",False,118831927096.53209,0.007897868203923594,0.4097122877520586,4834.688410304369,0.0,66003.87164422112,8968.56486894011,13328.660150413467,74.76118144233875,0.0,68678.62346033832,4332.094389275407
ringCFRP,"nTOF 5 ns, no veto, strict",14.0,as is,"no MM loss, DREAM",False,147655042472.05707,0.008741934684980118,0.31843482538548035,7182.41623123132,0.0,63742.064082389144,8661.231869617102,12871.916272118064,72.19928012798486,0.0,82412.56593113196,3366.971803484559
ringCFRP,"nTOF 5 ns, no veto, strict",14.0,as is,"no MM loss, DREAM",False,183469309133.68265,0.009910735537424168,0.2380868144633538,10738.75368497896,0.0,59218.315804101745,8046.547778003987,11958.40162660878,67.0753266778675,0.0,95134.602524531,2517.411812948409
ringCFRP,"nTOF 5 ns, no veto, strict",14.0,as is,"no MM loss, DREAM",False,227970456209.51938,0.01147072815763429,0.1720854580872206,16144.517664124674,0.0,53183.880551324706,7226.592483507435,10739.822554194903,60.240250225584724,0.0,106164.08509447362,1819.5462272946945
ringCFRP,"nTOF 5 ns, no veto, strict",14.0,as is,"no MM loss, DREAM",False,283265518084.60077,0.013503744881534972,0.12096652804534391,24385.065845817928,0.0,46453.26120897153,6312.0401295877155,9380.657772171406,52.616620863578426,0.0,115220.28640960516,1279.0400315073966
ringCFRP,"nTOF 5 ns, no veto, strict",14.0,as is,"no MM loss, DREAM",False,351972597984.32916,0.016111326004712316,0.08320114418426024,36976.729800208705,0.0,39700.450445372204,5394.4724192044705,8017.011708903693,44.96785575076054,0.0,122355.45007014992,879.7276056315128
ringCFRP,"nTOF 5 ns, no veto, strict",14.0,as is,"no MM loss, DREAM",False,437344829577.312,0.01942021296994725,0.0562942073182074,56254.41964426049,0.0,33376.822297821374,4535.221774726093,6740.033731753875,37.80521665799272,0.0,127816.82158340036,595.2270092018678
ringCFRP,"nTOF 5 ns, no veto, strict",14.0,as is,"no MM loss, DREAM",False,543424405915.04,0.023589005356239437,0.0376322093065797,85815.3740087812,0.0,27724.015732007807,3767.1219479410324,5598.519821511133,31.402402901805537,0.0,131921.11296197472,397.90430423148206
ringCFRP,"nTOF 5 ns, no veto, strict",14.0,as is,"no MM loss, DREAM",False,675233968650.1553,0.028816177987755126,0.024938422400846382,131203.91756074494,0.0,22828.66633194409,3101.944927913262,4609.964955780124,25.85754476538362,0.0,134975.16067928777,263.6865014540778
ringCFRP,"nTOF 5 ns, no veto, strict",14.0,as is,"no MM loss, DREAM",False,839014419404.4929,0.03534982344129954,0.016423453705986232,200968.23094068162,0.0,18680.61617268031,2538.3104621427715,3772.317868080292,21.159136583205516,0.0,137239.6660558101,173.6534484786632
ringCFRP,"nTOF 5 ns, no veto, strict",14.0,as is,"no MM loss, DREAM",False,1042520413147.9037,0.04349961394572492,0.010767643641064065,308291.3751876331,0.0,15218.173223890703,2067.8358760668393,3073.1206209343695,17.23730110477309,0.0,138920.43080530662,113.85171984736567
ringCFRP,"nTOF 5 ns, no veto, strict",14.0,as is,"no MM loss, DREAM",False,1295387524568.9966,0.053651590188410536,0.00703701934402749,473508.7934555755,0.0,12357.930169640005,1679.1878356722466,2495.5301452849617,13.997564637484393,0.0,140173.0353420781,74.40595005032486
ringCFRP,"nTOF 5 ns, no veto, strict",14.0,as is,"no MM loss, DREAM",False,1609588471982.2002,0.06628651077341835,0.0045883703162878904,727994.3099410735,0.0,10012.224895681362,1360.4548676077143,2021.844168526587,11.340634169193796,0.0,141112.17307109886,48.51515050272915
ringCFRP,"nTOF 5 ns, no veto, strict",14.0,as is,"no MM loss, DREAM",False,2000000000000.0002,0.08200265402664264,0.0029867925165031565,1120158.7943658223,0.0,8098.271486479843,1100.3880733584442,1635.3451056764482,9.172739854314987,0.0,141821.26615462828,31.58086171558345
ringCFRP,"nTOF 5 ns, no veto, strict",14.0,as is,"no MM loss, no dead time",False,1000000000.0,0.06970045446133644,1.0,8.151463574098505,0.0,1355.6802894298542,184.20899129725024,273.7627566428784,1.5355502271470374,0.0,11.870699535623263,10573.503697055374
ringCFRP,"nTOF 5 ns, no veto, strict",14.0,as is,"no MM loss, no dead time",False,1242553630.827767,0.05755698141151745,1.0,10.211843914211238,0.0,1684.5054658727029,228.88955096751877,340.16490725202704,1.9080035100599533,0.0,18.32764220818461,10573.503697055376
ringCFRP,"nTOF 5 ns, no veto, strict",14.0,as is,"no MM loss, no dead time",False,1543939525.4832668,0.047708026785283325,1.0,12.817239964411407,0.0,2093.0883827693465,284.40754261322775,422.67314058619684,2.3707966890571193,0.0,28.296771214131653,10573.503697055372
ringCFRP,"nTOF 5 ns, no veto, strict",14.0,as is,"no MM loss, no dead time",False,1918427663.1677406,0.03970980326490442,1.0,16.124467586654827,0.0,2600.7745696534803,353.3916247088704,525.1940454887562,2.9458420339423834,0.0,43.688503521055324,10573.503697055372
ringCFRP,"nTOF 5 ns, no veto, strict",14.0,as is,"no MM loss, no dead time",False,2383749258.3495045,0.03320582957952778,1.0,20.341770866186813,0.0,3231.6018844874566,439.1080463861305,652.5817681111774,3.660366715120163,0.0,67.45240739537219,10573.503697055372
ringCFRP,"nTOF 5 ns, no veto, strict",14.0,as is,"no MM loss, no dead time",False,2961936295.9451737,0.027909706527526605,1.0,25.748580633786656,0.0,4015.4386549597425,545.6152973627741,810.8678453785473,4.548201952033665,0.0,104.14243786671496,10573.503697055372
ringCFRP,"nTOF 5 ns, no veto, strict",14.0,as is,"no MM loss, no dead time",False,3680364698.807223,0.023591251265379407,1.0,32.7240277732571,0.0,4989.397880086393,677.9562687732865,1007.5467853966023,5.651384849237368,0.0,160.78962610260646,10573.503697055372
ringCFRP,"nTOF 5 ns, no veto, strict",14.0,as is,"no MM loss, no dead time",False,4573050519.273256,0.020065365187728466,1.0,41.788490061951826,0.0,6199.594451545713,842.3970233066931,1251.9309164233937,7.0221487636249265,0.0,248.24945902749013,10573.503697055376
ringCFRP,"nTOF 5 ns, no veto, strict",14.0,as is,"no MM loss, no dead time",False,5682260526.681813,0.017183115627732823,1.0,53.66466143971506,0.0,7703.328595427835,1046.7234799082382,1555.5913057474274,8.725396442454901,0.0,383.28215197238393,10573.503697055372
ringCFRP,"nTOF 5 ns, no veto, strict",14.0,as is,"no MM loss, no dead time",False,7060513448.737786,0.014824589825220802,1.0,69.36801650065601,0.0,9571.798915708217,1300.6100604326568,1932.905625040573,10.841773029984019,0.0,591.7644638424476,10573.503697055372
ringCFRP,"nTOF 5 ns, no veto, strict",14.0,as is,"no MM loss, no dead time",False,8773066621.237415,0.01289315156531045,1.0,90.34173220546873,0.0,11893.473496266528,1616.077752881719,2401.7389024415784,13.4714844430172,0.0,913.6485455027682,10573.503697055372
ringCFRP,"nTOF 5 ns, no veto, strict",14.0,as is,"no MM loss, no dead time",False,10901005783.71244,0.011310807111046076,1.0,118.6590967258885,0.0,14778.278675939793,2008.0632795431588,2984.289393529079,16.739041907310803,0.0,1410.6181018020204,10573.503697055372
ringCFRP,"nTOF 5 ns, no veto, strict",14.0,as is,"no MM loss, no dead time",False,13545084316.226381,0.010014464409902613,1.0,157.32868275927478,0.0,18362.803826173556,2495.1263189282663,3708.1396213703524,20.799157298507193,0.0,2177.9090427343185,10573.503697055372
ringCFRP,"nTOF 5 ns, no veto, strict",14.0,as is,"no MM loss, no dead time",False,16830493696.995401,0.008952935144989141,1.0,210.7564041547099,0.0,22816.768566390056,3100.3282669582495,4607.56235015005,25.84406841941806,0.0,3362.559853984967,10573.503697055372
ringCFRP,"nTOF 5 ns, no veto, strict",14.0,as is,"no MM loss, no dead time",False,20912791051.82548,0.008084568426229568,1.0,285.44758061068666,0.0,28351.058625924838,3852.3241448669323,5725.143327444267,32.11264104990914,0.0,5191.589065370632,10573.503697055374
ringCFRP,"nTOF 5 ns, no veto, strict",14.0,as is,"no MM loss, no dead time",False,25985264452.18819,0.007375409373259278,1.0,391.0768139370662,0.0,35227.710833453784,4786.7193533298805,7113.797628525237,39.9016787320334,0.0,8015.4995580924515,10573.503697055376
ringCFRP,"nTOF 5 ns, no veto, strict",14.0,as is,"no MM loss, no dead time",False,32288084693.086143,0.006797751669637548,1.0,542.1223305997158,0.0,43772.32000185866,5947.7555122335825,8839.275072297989,49.5799757846112,0.0,12375.446584232594,10573.503697055372
ringCFRP,"nTOF 5 ns, no veto, strict",14.0,as is,"no MM loss, no dead time",False,40119676867.86864,0.006328932168443765,1.0,760.3675858191277,0.0,54389.45514806438,7390.405207001703,10983.273334969243,61.60577892752142,0.0,19106.941126903588,10573.503697055372
ringCFRP,"nTOF 5 ns, no veto, strict",14.0,as is,"no MM loss, no dead time",False,49850850159.80715,0.005950251845138121,1.0,1078.7365983222912,0.0,67581.81497297165,9182.974823248438,13647.306160739883,76.54848428636477,0.0,29499.961616908477,10573.503697055372
ringCFRP,"nTOF 5 ns, no veto, strict",14.0,as is,"no MM loss, no dead time",False,61942354865.91934,0.005646022190202554,1.0,1547.18193787582,0.0,83974.02957259624,11410.33870842732,16957.509821045493,95.11559708438482,0.0,45546.15674058424,10573.503697055372
ringCFRP,"nTOF 5 ns, no veto, strict",14.0,as is,"no MM loss, no dead time",False,76966697940.67007,0.005402845210159544,1.0,2241.7337499660725,0.0,104342.23534066777,14177.95779113098,21070.6153979376,118.18623050555335,0.0,70320.51162564413,10573.503697055376
ringCFRP,"nTOF 5 ns, no veto, strict",14.0,as is,"no MM loss, no dead time",False,95635249979.00363,0.005209208441811871,1.0,3278.4191229774992,0.0,129650.82337123208,17616.872931092625,26181.36966648282,146.8527298285227,0.0,108570.61735103755,10573.503697055372
ringCFRP,"nTOF 5 ns, no veto, strict",14.0,as is,"no MM loss, no dead time",False,118831927096.53209,0.0050553284419922176,1.0,4834.688410304369,0.0,161098.10131973392,21889.909424360547,32531.755939132192,182.4723926454,0.0,167626.46743438623,10573.503697055372
ringCFRP,"nTOF 5 ns, no veto, strict",14.0,as is,"no MM loss, no dead time",False,147655042472.05707,0.004933076340569813,1.0,7182.41623123132,0.0,200173.03071429572,27199.38643373027,40422.45145937164,226.73173400737267,0.0,258805.12858908466,10573.503697055372
ringCFRP,"nTOF 5 ns, no veto, strict",14.0,as is,"no MM loss, no dead time",False,183469309133.68265,0.0048358582201750615,1.0,10738.75368497896,0.0,248725.72610784622,33796.69636951905,50227.063827801394,281.7263393147363,0.0,399579.4674264672,10573.503697055372
ringCFRP,"nTOF 5 ns, no veto, strict",14.0,as is,"no MM loss, no dead time",False,227970456209.51938,0.004758423303848667,1.0,16144.517664124674,0.0,309055.0540555771,41994.20778392952,62409.82052505264,350.06008581534115,0.0,616926.5333312763,10573.503697055372
ringCFRP,"nTOF 5 ns, no veto, strict",14.0,as is,"no MM loss, no dead time",False,283265518084.60077,0.004696635239858462,1.0,24385.065845817928,0.0,384017.4795424291,52180.0553556573,77547.54909271344,434.9684306377318,0.0,952497.2591295273,10573.503697055372
ringCFRP,"nTOF 5 ns, no veto, strict",14.0,as is,"no MM loss, no dead time",False,351972597984.32916,0.004647248916709297,1.0,36976.729800208705,0.0,477162.31350677303,64836.51723896584,96356.9886869456,540.4716027843695,0.0,1470598.1662845544,10573.503697055372
ringCFRP,"nTOF 5 ns, no veto, strict",14.0,as is,"no MM loss, no dead time",False,437344829577.312,0.004607717476490927,1.0,56254.41964426049,0.0,592899.7651420205,80562.84990550445,119728.72614859483,671.5649523990238,0.0,2270514.635029956,10573.503697055376
ringCFRP,"nTOF 5 ns, no veto, strict",14.0,as is,"no MM loss, no dead time",False,543424405915.04,0.004576036572772647,1.0,85815.3740087812,0.0,736709.7558941478,100103.66165991698,148769.36339031986,834.4554699400834,0.0,3505537.2882109615,10573.503697055372
ringCFRP,"nTOF 5 ns, no veto, strict",14.0,as is,"no MM loss, no dead time",False,675233968650.1553,0.0045506230918827256,1.0,131203.91756074494,0.0,915401.3820525114,124384.16825468416,184853.91263657753,1036.8556739381413,0.0,5412337.577324333,10573.503697055372
ringCFRP,"nTOF 5 ns, no veto, strict",14.0,as is,"no MM loss, no dead time",False,839014419404.4929,0.0045302220994310185,1.0,200968.23094068162,0.0,1137435.3109341038,154553.9998823497,229690.90031929815,1288.3487822962086,0.0,8356321.910889379,10573.503697055372
ringCFRP,"nTOF 5 ns, no veto, strict",14.0,as is,"no MM loss, no dead time",False,1042520413147.9037,0.0045138356230101555,1.0,308291.3751876331,0.0,1413324.3754328808,192041.63371276783,285403.26215984265,1600.8424572146862,0.0,12901655.685883975,10573.503697055372
ringCFRP,"nTOF 5 ns, no veto, strict",14.0,as is,"no MM loss, no dead time",False,1295387524568.9966,0.004500667932170381,1.0,473508.7934555755,0.0,1756131.3342315194,238622.02923989674,354628.859646803,1989.1326075953607,0.0,19919376.157612357,10573.503697055372
ringCFRP,"nTOF 5 ns, no veto, strict",14.0,as is,"no MM loss, no dead time",False,1609588471982.2002,0.004490083213431275,1.0,727994.3099410735,0.0,2182087.365559786,296500.6688275234,440645.37715044565,2471.60394376552,0.0,30754312.17270672,10573.503697055376
ringCFRP,"nTOF 5 ns, no veto, strict",14.0,as is,"no MM loss, no dead time",True,2000000000000.0002,0.00448157259613406,1.0,1120158.7943658223,0.0,2711360.5788597083,368417.9825945004,547525.5132857569,3071.1004542940746,0.0,47482798.14249306,10573.503697055372
ringCFRP,"nTOF 5 ns, no veto, strict",14.0,no Be window + air,MM occ + DREAM,False,1000000000.0,0.07019215336816995,0.9983416340965454,5.5742303667814594,0.009037208982736772,1329.1893252165248,180.60941561980107,268.413236224448,1.5055444754721867,0.0,0.027591168282235918,10366.889858798571
ringCFRP,"nTOF 5 ns, no veto, strict",14.0,no Be window + air,MM occ + DREAM,False,1242553630.827767,0.058032355489448774,0.9979334949311465,6.948940789329391,0.011229216834048886,1643.692033873822,223.343847309723,331.9231427746742,1.861775003777776,0.0,0.04239540987526857,10317.321106453857
ringCFRP,"nTOF 5 ns, no veto, strict",14.0,no Be window + air,MM occ + DREAM,False,1543939525.4832668,0.04816496267422146,0.9974231705758224,8.669418216573773,0.013952904148499728,2030.2414094693709,275.8679351202674,409.98197675397904,2.299611259218888,0.0,0.06506706424177736,10256.024172537247
ringCFRP,"nTOF 5 ns, no veto, strict",14.0,no Be window + air,MM occ + DREAM,False,1918427663.1677406,0.04014601727111328,0.9967841571910357,10.826234289716941,0.017337231710310222,2504.061024884757,340.25024862961754,505.6639491769441,2.836296658977711,0.0,0.09971800518203182,10180.312747290098
ringCFRP,"nTOF 5 ns, no veto, strict",14.0,no Be window + air,MM occ + DREAM,False,2383749258.3495045,0.03361891039697905,0.9959826029235522,13.53557602667064,0.02154244021014826,3082.890357978615,418.90121701341116,622.5513267460142,3.491924332288094,0.0,0.15254637633274254,10086.933280419611
ringCFRP,"nTOF 5 ns, no veto, strict",14.0,no Be window + air,MM occ + DREAM,False,2961936295.9451737,0.02829720487609891,0.9949750398472192,16.94744261571738,0.026767637300009806,3786.998273998187,514.5749610264058,764.7371544566591,4.289452391676336,0.0,0.2328381103971638,9971.971605494145
ringCFRP,"nTOF 5 ns, no veto, strict",14.0,no Be window + air,MM occ + DREAM,False,3680364698.807223,0.023950830275062673,0.993705315058119,21.256909379195505,0.03326022491580795,4638.913629881132,630.3326876832077,936.7708544900187,5.254398794184161,0.0,0.3543972867485293,9830.759461303856
ringCFRP,"nTOF 5 ns, no veto, strict",14.0,no Be window + air,MM occ + DREAM,False,4573050519.273256,0.020395022580802613,0.9921004031657803,26.719789775512165,0.04132761323128533,5662.682322120934,769.4417383860922,1143.5081962788508,6.4139998152892135,0.0,0.5375408115719041,9657.7918017311
ringCFRP,"nTOF 5 ns, no veto, strict",14.0,no Be window + air,MM occ + DREAM,False,5682260526.681813,0.01748149023644507,0.9900646505683653,33.67466836103602,0.05135177587397946,6882.375953745793,935.1729475252221,1389.810140370561,7.795520847714208,0.0,0.8117882849227624,9446.673173807994
ringCFRP,"nTOF 5 ns, no veto, strict",14.0,no Be window + air,MM occ + DREAM,False,7060513448.737786,0.015091373544668774,0.987471820373492,42.574249069701466,0.0638073355616669,8319.475169088426,1130.4450916409046,1680.0144354606487,9.423292560379794,0.0,1.2193137174565516,9190.122173749012
ringCFRP,"nTOF 5 ns, no veto, strict",14.0,no Be window + air,MM occ + DREAM,False,8773066621.237415,0.013129641498303823,0.9841540658802412,54.03043833599381,0.07928403647559491,9988.644600736214,1357.2507918531244,2017.0824215299178,11.313925270686136,0.0,1.8190357466236595,8880.077855103478
ringCFRP,"nTOF 5 ns, no veto, strict",14.0,no Be window + air,MM occ + DREAM,False,10901005783.71244,0.011520645575995987,0.9798866610098422,68.87982950182365,0.09851466738943157,11891.344052091814,1615.7884053367954,2401.308887701427,13.469072466895932,0.0,2.690795917200718,8507.971263422834
ringCFRP,"nTOF 5 ns, no veto, strict",14.0,no Be window + air,MM occ + DREAM,False,13545084316.226381,0.010204622617844238,0.9743669900568056,88.27968595785359,0.12240975765452802,14006.763390303362,1903.2302642329885,2828.49148672557,15.86516295418044,0.0,3.9382451825586475,8065.2478724439825
ringCFRP,"nTOF 5 ns, no veto, strict",14.0,no Be window + air,MM occ + DREAM,False,16830493696.995401,0.00913500539519899,0.9671860547372205,113.84977041227143,0.15210068882238145,16279.879412763315,2212.099850125593,3287.518967857898,18.439873121345226,0.0,5.687629321479001,7544.248198758098
ringCFRP,"nTOF 5 ns, no veto, strict",14.0,no Be window + air,MM occ + DREAM,False,20912791051.82548,0.00827646126674961,0.9577908676141071,147.88341446406952,0.18899326314765444,18607.26356270371,2528.343355297475,3757.505221713213,21.076051642169183,0.0,8.077514620202523,6939.563445169713
ringCFRP,"nTOF 5 ns, no veto, strict",14.0,no Be window + air,MM occ + DREAM,False,25985264452.18819,0.007603645710037451,0.9454371712011994,193.66357333184118,0.23483426532610563,20822.968627435443,2829.4119760989865,4204.939274681297,23.58573363870432,0.0,11.231894901605946,6249.9586421259
ringCFRP,"nTOF 5 ns, no veto, strict",14.0,no Be window + air,MM occ + DREAM,False,32288084693.086143,0.00710074768062462,0.9291351420437667,255.93858848434525,0.29179416902372374,22689.726293078296,3083.065842180568,4581.907744692424,25.700170338755406,0.0,15.207393580031232,5480.858790094993
ringCFRP,"nTOF 5 ns, no veto, strict",14.0,no Be window + air,MM occ + DREAM,False,40119676867.86864,0.006762051963170027,0.9075981679381866,341.64156881981705,0.3625699041747991,23904.744236945466,3248.161721786489,4827.265491852359,27.076395319113878,0.0,19.90786894760221,4647.167376073656
ringCFRP,"nTOF 5 ns, no veto, strict",14.0,no Be window + air,MM occ + DREAM,True,49850850159.80715,0.006594016342456271,0.8792192719801192,460.98222520731747,0.45051255086127406,24133.30603636199,3279.2185563867088,4873.420701719606,27.335282407572446,0.0,24.973110263118066,3775.773123283167
ringCFRP,"nTOF 5 ns, no veto, strict",14.0,no Be window + air,MM occ + DREAM,False,61942354865.91934,0.006619901078749247,0.8421233215409372,629.1091792092582,0.5597860058061551,23083.23865600539,3136.536056362323,4661.372667276257,26.14589342183718,0.0,29.680259853887307,2906.502290190604
ringCFRP,"nTOF 5 ns, no veto, strict",14.0,no Be window + air,MM occ + DREAM,False,76966697940.67007,0.006889124072806164,0.7943714549541039,868.6473693727144,0.6955641340010115,20621.698635479923,2802.063535256696,4164.295305556095,23.35775940003249,0.0,32.94659487921479,2089.696526530379
ringCFRP,"nTOF 5 ns, no veto, strict",14.0,no Be window + air,MM occ + DREAM,False,95635249979.00363,0.007496054431182493,0.7344048989846017,1213.5794974568635,0.8642757401765283,16904.817041676517,2297.015984957214,3413.7173417334193,19.14772668056012,0.0,33.55920912664266,1378.6502919184106
ringCFRP,"nTOF 5 ns, no veto, strict",14.0,no Be window + air,MM occ + DREAM,False,118831927096.53209,0.008619003896558243,0.6617574154133722,1715.1938213604392,1.073908958992701,12445.254109688794,1691.053358124634,2513.1641278213074,14.09647460690918,0.0,30.6987119575061,816.8311063978305
ringCFRP,"nTOF 5 ns, no veto, strict",14.0,no Be window + air,MM occ + DREAM,False,147655042472.05707,0.010605600998719397,0.5778806962671634,2451.2113655934077,1.3343894761748536,8020.617021619702,1089.836433157471,1619.6637532724237,9.084782293756868,0.0,24.583250564727624,423.66358459049206
ringCFRP,"nTOF 5 ns, no veto, strict",14.0,no Be window + air,MM occ + DREAM,False,183469309133.68265,0.014173229711632379,0.4866504697213445,3539.8084203055914,1.6580504885594265,4393.124371027522,596.9349966507862,887.1367736660857,4.975998528866671,0.0,16.73093335731747,186.75477404594153
ringCFRP,"nTOF 5 ns, no veto, strict",14.0,no Be window + air,MM occ + DREAM,False,227970456209.51938,0.02092099458586582,0.39400610905651506,5161.180245808153,2.0602166546552687,1977.2307519199078,268.66488007009974,399.27713442843634,2.2395672150028836,0.0,9.35662383847704,67.64573622406179
ringCFRP,"nTOF 5 ns, no veto, strict",14.0,no Be window + air,MM occ + DREAM,False,283265518084.60077,0.0347747047986086,0.3065569474184085,7590.727037603799,2.55992968453374,703.6156387121927,95.60685367982545,142.08641843712246,0.7969704673534087,0.0,4.1372564331560575,19.373291460831425
ringCFRP,"nTOF 5 ns, no veto, strict",14.0,no Be window + air,MM occ + DREAM,False,351972597984.32916,0.06657706307324646,0.22975053039677215,11250.15798355491,3.180849924181178,189.26552709113452,25.717281651607465,38.2198168977785,0.214377036667046,0.0,1.3828135217891286,4.1939601971412594
ringCFRP,"nTOF 5 ns, no veto, strict",14.0,no Be window + air,MM occ + DREAM,False,437344829577.312,0.15087585607984064,0.1666029190075351,16786.227496099447,3.9523766224095667,36.44795528361153,4.952525407347349,7.360210803562139,0.04128382366489414,0.0,0.3308875383396681,0.6499961926094922
ringCFRP,"nTOF 5 ns, no veto, strict",14.0,no Be window + air,MM occ + DREAM,False,543424405915.04,0.41866728161649225,0.11754688209650313,25192.09374750197,4.911039922573793,4.697128674559801,0.6382429116070887,0.9485266580032667,0.005320337736998841,0.0,0.05298523221822152,0.06741475460132072
ringCFRP,"nTOF 5 ns, no veto, strict",14.0,no Be window + air,MM occ + DREAM,False,675233968650.1553,1.4846477288962965,0.08115340923945534,37994.43363181625,6.102230486934183,0.3720388364068036,0.050552404805355874,0.07512861124193945,0.0004214004763558571,0.0,0.005214657686354095,0.004297299621041932
ringCFRP,"nTOF 5 ns, no veto, strict",14.0,no Be window + air,MM occ + DREAM,False,839014419404.4929,7.101364975245875,0.05510394235825101,57542.019754647066,7.582348647687961,0.016261665465983573,0.002209624950409194,0.00328384088806383,1.841924257125687e-05,0.0,0.00028321593986530485,0.00015116708464382844
ringCFRP,"nTOF 5 ns, no veto, strict",14.0,no Be window + air,MM occ + DREAM,False,1042520413147.9037,49.04729817936504,0.03695442368077195,87450.87172097164,9.421474842386687,0.000342388533653178,4.652354017961104e-05,6.914110173810043e-05,3.8781620911873724e-07,0.0,7.409467966055492e-06,2.561511348236965e-06
ringCFRP,"nTOF 5 ns, no veto, strict",14.0,no Be window + air,MM occ + DREAM,False,1295387524568.9966,532.8595379555777,0.02455751422681815,133291.05307206346,11.706687773160086,2.9271271894888385e-06,3.9773621493107465e-07,5.910968940735998e-07,3.3154947045797723e-09,0.0,7.870902800847523e-08,1.7623961008221067e-08
ringCFRP,"nTOF 5 ns, no veto, strict",14.0,no Be window + air,MM occ + DREAM,False,1609588471982.2002,10135.578790380123,0.016210966183496215,203646.43570514966,14.546187397507095,8.203953603724937e-09,1.114748093466182e-09,1.6566862935438628e-09,9.292443740553041e-12,0.0,2.741077367679408e-10,3.975300674416546e-11
ringCFRP,"nTOF 5 ns, no veto, strict",14.0,no Be window + air,MM occ + DREAM,False,2000000000000.0002,385807.2981911669,0.01064945187393027,311750.15593332937,18.074417965473547,5.7713121003752835e-12,7.842022848313705e-13,1.1654446275896006e-12,6.537042454452721e-15,0.0,2.396005450086188e-13,2.2506408887836803e-14
ringCFRP,"nTOF 5 ns, no veto, strict",14.0,no Be window + air,"MM occ ÷10, DAQ 10 µs",False,1000000000.0,0.06956774600330715,0.9999442608033634,5.5742303667814594,0.0009037208982736772,1353.1567612026226,183.86609585732023,273.2531615345484,1.5326918804020482,0.0,0.028088681726739697,10553.821670807522
ringCFRP,"nTOF 5 ns, no veto, strict",14.0,no Be window + air,"MM occ ÷10, DAQ 10 µs",False,1242553630.827767,0.05739142115916747,0.9999305154205491,6.948940789329391,0.0011229216834048887,1680.6097908529016,228.36020907812582,339.3782241817478,1.9035909618299698,0.0,0.04334762197251584,10549.050862048953
ringCFRP,"nTOF 5 ns, no veto, strict",14.0,no Be window + air,"MM occ ÷10, DAQ 10 µs",False,1543939525.4832668,0.04750464497227583,0.9999133133330639,8.669418216573773,0.001395290414849973,2087.0746554444213,283.5904010990385,421.4587432220051,2.3639850680342356,0.0,0.06688850894765293,10543.124584244548
ringCFRP,"nTOF 5 ns, no veto, strict",14.0,no Be window + air,"MM occ ÷10, DAQ 10 µs",False,1918427663.1677406,0.039462992995555626,0.9998917493765689,10.826234289716941,0.0017337231710310222,2591.4915791759363,352.13025775869534,523.3194611322256,2.93532738808706,0.0,0.10319970965298297,10535.763504083892
ringCFRP,"nTOF 5 ns, no veto, strict",14.0,no Be window + air,"MM occ ÷10, DAQ 10 µs",False,2383749258.3495045,0.03290930521121488,0.9998646625584355,13.53557602667064,0.002154244021014826,3217.273041167558,437.16105210215756,649.6882365924673,3.6441367390806967,0.0,0.15919584776441079,10526.621041569642
ringCFRP,"nTOF 5 ns, no veto, strict",14.0,no Be window + air,"MM occ ÷10, DAQ 10 µs",False,2961936295.9451737,0.027556489867791457,0.9998305542905572,16.94744261571738,0.0026767637300009806,3993.3225670098946,542.6101771405157,806.4017767556473,4.523151529644419,0.0,0.24552366107293883,10515.267335403258
ringCFRP,"nTOF 5 ns, no veto, strict",14.0,no Be window + air,"MM occ ÷10, DAQ 10 µs",False,3680364698.807223,0.023173694349106683,0.9997874760822246,21.256909379195505,0.003326022491580795,4955.264990080679,673.3183129904693,1000.6540732040529,5.61272325076897,0.0,0.37856545901018857,10501.169470092433
ringCFRP,"nTOF 5 ns, no veto, strict",14.0,no Be window + air,"MM occ ÷10, DAQ 10 µs",False,4573050519.273256,0.019575213080625577,0.9997328734778901,26.719789775512165,0.004132761323128533,6146.920311378689,835.2396940283436,1241.294029593695,6.9624858854899445,0.0,0.5835080170290641,10483.667140785736
ringCFRP,"nTOF 5 ns, no veto, strict",14.0,no Be window + air,"MM occ ÷10, DAQ 10 µs",False,5682260526.681813,0.01661161002371669,0.9996633666765449,33.67466836103602,0.005135177587397947,7622.0508613809225,1035.6795121523862,1539.1782792397344,8.633334881959527,0.0,0.8990342343891993,10461.942777540222
ringCFRP,"nTOF 5 ns, no veto, strict",14.0,no Be window + air,"MM occ ÷10, DAQ 10 µs",False,7060513448.737786,0.01416261656143792,0.9995744386888356,42.574249069701466,0.00638073355616669,9446.403086410737,1283.571353439664,1907.583498453902,10.699739841434809,0.0,1.3844778221925473,10434.984984287981
ringCFRP,"nTOF 5 ns, no veto, strict",14.0,no Be window + air,"MM occ ÷10, DAQ 10 µs",False,8773066621.237415,0.012131439865452082,0.9994599873878216,54.03043833599381,0.007928403647559491,11700.046758019222,1589.795048456298,2362.678780756624,13.252394090986723,0.0,2.1306998237214856,10401.543980441947
ringCFRP,"nTOF 5 ns, no veto, strict",14.0,no Be window + air,"MM occ ÷10, DAQ 10 µs",False,10901005783.71244,0.010440188002587216,0.9993116758215023,68.87982950182365,0.009851466738943158,14479.979207569579,1967.5305340268153,2924.051529629414,16.40116444461909,0.0,3.2765571967472904,10360.077586964679
ringCFRP,"nTOF 5 ns, no veto, strict",14.0,no Be window + air,"MM occ ÷10, DAQ 10 µs",False,13545084316.226381,0.009026183283572877,0.9991179817833332,88.27968595785359,0.012240975765452803,17902.900313741742,2432.6349168036863,3615.267832693668,20.27823437258828,0.0,5.033711854034115,10308.686214114381
ringCFRP,"nTOF 5 ns, no veto, strict",14.0,no Be window + air,"MM occ ÷10, DAQ 10 µs",False,16830493696.995401,0.00783898911447256,0.9988627969988833,113.84977041227143,0.015210068882238146,22107.9603655929,3004.015851184339,4464.427358445689,25.041216447442057,0.0,7.723760135155607,10245.035355457178
ringCFRP,"nTOF 5 ns, no veto, strict",14.0,no Be window + air,"MM occ ÷10, DAQ 10 µs",False,20912791051.82548,0.006838015205592016,0.9985233495764253,147.88341446406952,0.018899326314765444,27259.11543102841,3703.9515853083944,5504.638993595762,30.875820219785524,0.0,11.833330714423779,10166.264392147936
ringCFRP,"nTOF 5 ns, no veto, strict",14.0,no Be window + air,"MM occ ÷10, DAQ 10 µs",False,25985264452.18819,0.005990593277546457,0.9980671075752201,193.66357333184118,0.023483426532610565,33546.46177294214,4558.272280689656,6774.290311794616,37.99736368305889,0.0,18.094938320081074,10068.881263851194
ringCFRP,"nTOF 5 ns, no veto, strict",14.0,no Be window + air,"MM occ ÷10, DAQ 10 µs",False,32288084693.086143,0.005270434734561446,0.9974471478489182,255.93858848434525,0.029179416902372374,41185.51859444901,5596.262552086142,8316.902732962755,46.649960854319126,0.0,27.603875999797616,9948.64409985713
ringCFRP,"nTOF 5 ns, no veto, strict",14.0,no Be window + air,"MM occ ÷10, DAQ 10 µs",False,40119676867.86864,0.004656397121709787,0.9965952164676766,341.64156881981705,0.036256990417479915,50412.83080035055,6850.063973473464,10180.243555712683,57.101541115685656,0.0,41.983801161106406,9800.433767822064
ringCFRP,"nTOF 5 ns, no veto, strict",14.0,no Be window + air,"MM occ ÷10, DAQ 10 µs",False,49850850159.80715,0.004131499697417865,0.9954113306977835,460.98222520731747,0.04505125508612741,61475.40633552393,8353.23983018003,12414.192959338525,69.6318851122122,0.0,63.61466176966683,9618.126361752877
ringCFRP,"nTOF 5 ns, no veto, strict",14.0,no Be window + air,"MM occ ÷10, DAQ 10 µs",False,61942354865.91934,0.0036821407483940373,0.9937482386126574,629.1091792092582,0.05597860058061552,74610.33172873477,10138.00529170753,15066.627616669286,84.50953571196143,0.0,95.93342019697323,9394.48329903355
ringCFRP,"nTOF 5 ns, no veto, strict",14.0,no Be window + air,"MM occ ÷10, DAQ 10 µs",False,76966697940.67007,0.0032974803875932763,0.991388331339551,868.6473693727144,0.06955641340010114,90009.42893973147,12230.425006180907,18176.283584351077,101.95176556849341,0.0,143.8050396820664,9121.091057296524
ringCFRP,"nTOF 5 ns, no veto, strict",14.0,no Be window + air,"MM occ ÷10, DAQ 10 µs",False,95635249979.00363,0.0029689626892854632,0.9880097166459036,1213.5794974568635,0.08642757401765283,107762.20219824034,14642.66075245265,21761.235127276665,122.05995421897362,0.0,213.9280342758236,8788.405763404871
ringCFRP,"nTOF 5 ns, no veto, strict",14.0,no Be window + air,"MM occ ÷10, DAQ 10 µs",False,118831927096.53209,0.002689960726646145,0.9831372899473327,1715.1938213604392,0.10739089589927009,127769.1612743721,17361.193860202977,25801.39143214303,144.7214111962643,0.0,315.1682275382785,8385.993925669869
ringCFRP,"nTOF 5 ns, no veto, strict",14.0,no Be window + air,"MM occ ÷10, DAQ 10 µs",False,147655042472.05707,0.0024555384514330265,0.976074354486192,2451.2113655934077,0.13343894761748537,149618.35296443058,20330.048385320108,30213.563678155882,169.4695258691998,0.0,458.58135977469846,7903.113634097373
ringCFRP,"nTOF 5 ns, no veto, strict",14.0,no Be window + air,"MM occ ÷10, DAQ 10 µs",False,183469309133.68265,0.002262336059752153,0.9658121018928659,3539.8084203055914,0.16580504885594266,172423.6819149429,23428.822244415318,34818.81594029919,195.3006368790454,0.0,656.6645712029953,7329.850702283416
ringCFRP,"nTOF 5 ns, no veto, strict",14.0,no Be window + air,"MM occ ÷10, DAQ 10 µs",False,227970456209.51938,0.0021086032838128,0.950921240768274,5161.180245808153,0.2060216654655269,194640.07064290866,26447.571273780715,39305.13905662592,220.4646678261663,0.0,921.0730326401809,6659.096751635137
ringCFRP,"nTOF 5 ns, no veto, strict",14.0,no Be window + air,"MM occ ÷10, DAQ 10 µs",False,283265518084.60077,0.0019944330030386053,0.9294481295311744,7590.727037603799,0.255992968453374,213906.2545531964,29065.448314505404,43195.70503917571,242.28706453014212,0.0,1257.767705905872,5889.676105463832
ringCFRP,"nTOF 5 ns, no veto, strict",14.0,no Be window + air,"MM occ ÷10, DAQ 10 µs",False,351972597984.32916,0.0019222957236023279,0.8988751280225785,11250.15798355491,0.31808499241811783,227028.5028748457,30848.491223464163,45845.57971973031,257.1503560805877,0.0,1658.717720188486,5030.755041911028
ringCFRP,"nTOF 5 ns, no veto, strict",14.0,no Be window + air,"MM occ ÷10, DAQ 10 µs",True,437344829577.312,0.0018980648369028566,0.8562653503242916,16786.227496099447,0.3952376622409567,230298.21773983265,31292.778037844393,46505.85792975832,260.85389255801795,0.0,2090.729363526463,4107.033262383063
ringCFRP,"nTOF 5 ns, no veto, strict",14.0,no Be window + air,"MM occ ÷10, DAQ 10 µs",False,543424405915.04,0.0019328993770020351,0.7987724863974914,25192.09374750197,0.49110399225737933,220369.76601530303,29943.706216428287,44500.93071019532,249.6081464778477,0.0,2485.847000410359,3162.8202518561807
ringCFRP,"nTOF 5 ns, no veto, strict",14.0,no Be window + air,"MM occ ÷10, DAQ 10 µs",False,675233968650.1553,0.0020467229626022045,0.7246669113249204,37994.43363181625,0.6102230486934184,195756.85986305983,26599.31989573804,39530.66073594915,221.7296312205959,0.0,2743.8130486604714,2261.123832744311
ringCFRP,"nTOF 5 ns, no veto, strict",14.0,no Be window + air,"MM occ ÷10, DAQ 10 µs",False,839014419404.4929,0.002274869112874785,0.6347512882958978,57542.019754647066,0.7582348647687961,158465.9147625003,21532.249558391628,32000.21863382131,179.4909709212903,0.0,2759.8694045181096,1473.0859148574732
ringCFRP,"nTOF 5 ns, no veto, strict",14.0,no Be window + air,"MM occ ÷10, DAQ 10 µs",False,1042520413147.9037,0.0026814330375712347,0.5334731126182978,87450.87172097164,0.9421474842386687,114555.37669334446,15565.713061471326,23133.032143605575,129.75443847188959,0.0,2479.038608251236,857.0231434759338
ringCFRP,"nTOF 5 ns, no veto, strict",14.0,no Be window + air,"MM occ ÷10, DAQ 10 µs",False,1295387524568.9966,0.0033878102421585963,0.4286491002683676,133291.05307206346,1.1706687773160087,72415.0655622893,9839.713895643956,14623.320944752038,82.02300442075911,0.0,1947.2059307997258,436.00438561756783
ringCFRP,"nTOF 5 ns, no veto, strict",14.0,no Be window + air,"MM occ ÷10, DAQ 10 µs",False,1609588471982.2002,0.004638110276080034,0.32933039298739925,203646.43570514966,1.4546187397507095,39177.630256326716,5323.431938344186,7911.434680678375,44.37566844354264,0.0,1308.9897968970731,189.83878688600078
ringCFRP,"nTOF 5 ns, no veto, strict",14.0,no Be window + air,"MM occ ÷10, DAQ 10 µs",False,2000000000000.0002,0.0069613419144241686,0.24286572466093254,311750.15593332937,1.8074417965473548,17726.76583850579,2408.701874279678,3579.6996682404397,20.078730599046853,0.0,735.9405768178726,69.12913966208924
ringCFRP,"nTOF 5 ns, no veto, strict",14.0,no Be window + air,"no MM loss, DREAM",False,1000000000.0,0.06956066993095461,0.9983416340965454,5.5742303667814594,0.0,1353.432075461878,183.90350538697308,273.3087578216262,1.5330037230072944,0.0,0.02809439667036248,10555.968959044127
ringCFRP,"nTOF 5 ns, no veto, strict",14.0,no Be window + air,"no MM loss, DREAM",False,1242553630.827767,0.05738434273340809,0.9979334949311465,6.948940789329391,0.0,1681.0244267889652,228.41654955023677,339.4619547469446,1.9040606111350236,0.0,0.04335831659176092,10551.653498069867
ringCFRP,"nTOF 5 ns, no veto, strict",14.0,no Be window + air,"no MM loss, DREAM",False,1543939525.4832668,0.04749758829925292,0.9974231705758224,8.669418216573773,0.0,2087.6948510372217,283.6746728889639,421.5839840007248,2.364687550390014,0.0,0.06690838555261776,10546.257581612153
ringCFRP,"nTOF 5 ns, no veto, strict",14.0,no Be window + air,"no MM loss, DREAM",False,1918427663.1677406,0.03945599528674323,0.9967841571910357,10.826234289716941,0.0,2592.4108874559233,352.2551727938021,523.5051039942601,2.9363686690211845,0.0,0.10323631881981903,10539.500971225641
ringCFRP,"nTOF 5 ns, no veto, strict",14.0,no Be window + air,"no MM loss, DREAM",False,2383749258.3495045,0.03290242219057339,0.9959826029235522,13.53557602667064,0.0,3218.6192565244733,437.3439750043342,649.9600880238244,3.6456615685801124,0.0,0.15926246066678967,10531.025734215014
ringCFRP,"nTOF 5 ns, no veto, strict",14.0,no Be window + air,"no MM loss, DREAM",False,2961936295.9451737,0.02754980327285808,0.9949750398472192,16.94744261571738,0.0,3995.261235722635,542.8736022347786,806.7932667663492,4.525347418457898,0.0,0.24564285731415705,10520.372262302393
ringCFRP,"nTOF 5 ns, no veto, strict",14.0,no Be window + air,"no MM loss, DREAM",False,3680364698.807223,0.02316732232631472,0.993705315058119,21.256909379195505,0.0,4957.991192381562,673.6887476569856,1001.2045958183257,5.615811162126099,0.0,0.378773731630816,10506.946822550595
ringCFRP,"nTOF 5 ns, no veto, strict",14.0,no Be window + air,"no MM loss, DREAM",False,4573050519.273256,0.01956932455903793,0.9921004031657803,26.719789775512165,0.0,6150.620154842837,835.7424264482235,1242.0411669193536,6.966676619482374,0.0,0.5838592316558565,10489.97728072351
ringCFRP,"nTOF 5 ns, no veto, strict",14.0,no Be window + air,"no MM loss, DREAM",False,5682260526.681813,0.016606444526664346,0.9900646505683653,33.67466836103602,0.0,7626.793334045556,1036.3239163770536,1540.1359625520142,8.63870657986957,0.0,0.8995936173372668,10468.452243108448
ringCFRP,"nTOF 5 ns, no veto, strict",14.0,no Be window + air,"no MM loss, DREAM",False,7060513448.737786,0.014158511413572066,0.987471820373492,42.574249069701466,0.0,9451.881699543414,1284.315783971513,1908.6898361689773,10.705945349994549,0.0,1.3852807752646512,10441.036943457118
ringCFRP,"nTOF 5 ns, no veto, strict",14.0,no Be window + air,"no MM loss, DREAM",False,8773066621.237415,0.012128867408027244,0.9841540658802412,54.03043833599381,0.0,11705.010298789593,1590.469491277148,2363.6811060206273,13.258016188037796,0.0,2.131603735959035,10405.95665405681
ringCFRP,"nTOF 5 ns, no veto, strict",14.0,no Be window + air,"no MM loss, DREAM",False,10901005783.71244,0.01043980627127607,0.9798866610098422,68.87982950182365,0.0,14481.038147239597,1967.6744220880198,2924.265369312296,16.40236388305861,0.0,3.276796815627054,10360.835232882813
ringCFRP,"nTOF 5 ns, no veto, strict",14.0,no Be window + air,"no MM loss, DREAM",False,13545084316.226381,0.009028904640495272,0.9743669900568056,88.27968595785359,0.0,17892.109893112316,2431.1687211856515,3613.0888415850127,20.266012292664488,0.0,5.030677939568835,10302.47297165435
ringCFRP,"nTOF 5 ns, no veto, strict",14.0,no Be window + air,"no MM loss, DREAM",False,16830493696.995401,0.007846072527405754,0.9671860547372205,113.84977041227143,0.0,22068.060371579028,2998.594264909634,4456.3700513973845,24.99602257293575,0.0,7.709820451075257,10226.545325504403
ringCFRP,"nTOF 5 ns, no veto, strict",14.0,no Be window + air,"no MM loss, DREAM",False,20912791051.82548,0.006851189115090903,0.9577908676141071,147.88341446406952,0.0,27154.385039102955,3689.7208850428724,5483.489994807959,30.757194332572872,0.0,11.787866679956451,10127.205279723636
ringCFRP,"nTOF 5 ns, no veto, strict",14.0,no Be window + air,"no MM loss, DREAM",False,25985264452.18819,0.006012216999516817,0.9454371712011994,193.66357333184118,0.0,33305.58727827438,4525.542404746236,6725.6487064107,37.72453026659272,0.0,17.965010783955368,9996.583425029457
ringCFRP,"nTOF 5 ns, no veto, strict",14.0,no Be window + air,"no MM loss, DREAM",False,32288084693.086143,0.00530370650452222,0.9291351420437667,255.93858848434525,0.0,40670.40076251215,5526.268662700747,8212.88109986352,46.06649784316124,0.0,27.258627251127344,9824.213859463836
ringCFRP,"nTOF 5 ns, no veto, strict",14.0,no Be window + air,"no MM loss, DREAM",False,40119676867.86864,0.004705615038414384,0.9075981679381866,341.64156881981705,0.0,49363.7698475394,6707.5182261955815,9968.39875678242,55.913292089023386,0.0,41.110143289698044,9596.492584135103
ringCFRP,"nTOF 5 ns, no veto, strict",14.0,no Be window + air,"no MM loss, DREAM",False,49850850159.80715,0.004202375968687996,0.8792192719801192,460.98222520731747,0.0,59419.23415963124,8073.848438708258,11998.974587135517,67.30290262543924,0.0,61.486937769019946,9296.428222804127
ringCFRP,"nTOF 5 ns, no veto, strict",14.0,no Be window + air,"no MM loss, DREAM",False,61942354865.91934,0.0037821567709603746,0.8421233215409372,629.1091792092582,0.0,70716.48870685167,9608.912333047943,14280.314495561895,80.09906254705163,0.0,90.92674524801974,8904.19405368965
ringCFRP,"nTOF 5 ns, no veto, strict",14.0,no Be window + air,"no MM loss, DREAM",False,76966697940.67007,0.0034362467432223955,0.7943714549541039,868.6473693727144,0.0,82886.49330072975,11262.56495881859,16737.895410438032,93.88376788223749,0.0,132.42496479118685,8399.289515792474
ringCFRP,"nTOF 5 ns, no veto, strict",14.0,no Be window + air,"no MM loss, DREAM",False,95635249979.00363,0.0031585121120505724,0.7344048989846017,1213.5794974568635,0.0,95216.19984122014,12937.917785383648,19227.726145191835,107.84936421532925,0.0,189.021883812048,7765.232914549268
ringCFRP,"nTOF 5 ns, no veto, strict",14.0,no Be window + air,"no MM loss, DREAM",False,118831927096.53209,0.0029448578914473963,0.6617574154133722,1715.1938213604392,0.0,106607.86315734871,14485.80988429766,21528.13072913874,120.75245894131393,0.0,262.96964727500546,6997.0944784271005
ringCFRP,"nTOF 5 ns, no veto, strict",14.0,no Be window + air,"no MM loss, DREAM",False,147655042472.05707,0.0027926550705333108,0.5778806962671634,2451.2113655934077,0.0,115676.1303630855,15718.000370363687,23359.3543941673,131.0238923140418,0.0,354.5481961560566,6110.223678437787
ringCFRP,"nTOF 5 ns, no veto, strict",14.0,no Be window + air,"no MM loss, DREAM",False,183469309133.68265,0.0027001422726253294,0.4866504697213445,3539.8084203055914,0.0,121042.49144216586,16447.17816325611,24443.024204523506,137.10225536039135,0.0,460.98259158751694,5145.6005407723715
ringCFRP,"nTOF 5 ns, no veto, strict",14.0,no Be window + air,"no MM loss, DREAM",True,227970456209.51938,0.002665886174894585,0.39400610905651506,5161.180245808153,0.0,121769.57933268885,16545.97441185689,24589.85055199142,137.92581234809234,0.0,576.2363081189371,4166.0250507714645
ringCFRP,"nTOF 5 ns, no veto, strict",14.0,no Be window + air,"no MM loss, DREAM",False,283265518084.60077,0.0026884385606136913,0.3065569474184085,7590.727037603799,0.0,117723.22628383823,15996.158485953882,23772.739929641415,133.34259431967885,0.0,692.2119811977626,3241.381016886553
ringCFRP,"nTOF 5 ns, no veto, strict",14.0,no Be window + air,"no MM loss, DREAM",False,351972597984.32916,0.002766298640407539,0.22975053039677215,11250.15798355491,0.0,109628.29461353197,14896.224224731865,22138.069258261523,124.17363740410242,0.0,800.9672468736397,2429.2680825507036
ringCFRP,"nTOF 5 ns, no veto, strict",14.0,no Be window + air,"no MM loss, DREAM",False,437344829577.312,0.002898173558283849,0.1666029190075351,16786.227496099447,0.0,98778.83155154262,13422.005957822963,19947.155265409692,111.88468137283371,0.0,896.7494653082786,1761.5765800663894
ringCFRP,"nTOF 5 ns, no veto, strict",14.0,no Be window + air,"no MM loss, DREAM",False,543424405915.04,0.003083411471411004,0.11754688209650313,25192.09374750197,0.0,86597.93481543298,11766.873314566497,17487.374818013755,98.08763873982907,0.0,976.8545857952543,1242.882392424708
ringCFRP,"nTOF 5 ns, no veto, strict",14.0,no Be window + air,"no MM loss, DREAM",False,675233968650.1553,0.0033224495148561238,0.08115340923945534,37994.43363181625,0.0,74287.94297607047,10094.199309281652,15001.525221710694,84.14437282935324,0.0,1041.2520278394147,858.0758726220288
ringCFRP,"nTOF 5 ns, no veto, strict",14.0,no Be window + air,"no MM loss, DREAM",False,839014419404.4929,0.0036171761302273885,0.05510394235825101,57542.019754647066,0.0,62677.16980995216,8516.53470075413,12656.87413140938,70.99309703697314,0.0,1091.596281632722,582.6417382472932
ringCFRP,"nTOF 5 ns, no veto, strict",14.0,no Be window + air,"no MM loss, DREAM",False,1042520413147.9037,0.003971188968307842,0.03695442368077195,87450.87172097164,0.0,52228.5877681091,7096.787896569243,10546.913069729257,59.158210410079576,0.0,1130.25411175749,390.73773541119294
ringCFRP,"nTOF 5 ns, no veto, strict",14.0,no Be window + air,"no MM loss, DREAM",False,1295387524568.9966,0.004389983042034393,0.02455751422681815,133291.05307206346,0.0,43126.22022455168,5859.963877890983,8708.803266016661,48.84815231005096,0.0,1159.6431093746476,259.6589674677517
ringCFRP,"nTOF 5 ns, no veto, strict",14.0,no Be window + air,"no MM loss, DREAM",False,1609588471982.2002,0.004881121684380522,0.016210966183496215,203646.43570514966,0.0,35373.744492524034,4806.562315746992,7143.28730789981,40.067087951378724,0.0,1181.895645954249,171.40671087403692
ringCFRP,"nTOF 5 ns, no veto, strict",14.0,no Be window + air,"no MM loss, DREAM",False,2000000000000.0002,0.005454443566727663,0.01064945187393027,311750.15593332937,0.0,28874.503997438183,3923.4495751306126,5830.846603485637,32.70553648801014,0.0,1198.7476633242313,112.60201876061501
ringCFRP,"nTOF 5 ns, no veto, strict",14.0,no Be window + air,"no MM loss, no dead time",False,1000000000.0,0.06950296747646488,1.0,5.5742303667814594,0.0,1355.6802894298542,184.20899129725024,273.76275664287846,1.5355502271470374,0.0,0.02814106485280127,10573.503697055372
ringCFRP,"nTOF 5 ns, no veto, strict",14.0,no Be window + air,"no MM loss, no dead time",False,1242553630.827767,0.05732501955207864,1.0,6.948940789329391,0.0,1684.5054658727026,228.88955096751874,340.164907252027,1.9080035100599528,0.0,0.04344810231542781,10573.503697055372
ringCFRP,"nTOF 5 ns, no veto, strict",14.0,no Be window + air,"no MM loss, no dead time",False,1543939525.4832668,0.047436352233529475,1.0,8.669418216573773,0.0,2093.088382769347,284.40754261322775,422.6731405861969,2.3707966890571193,0.0,0.06708124247203007,10573.503697055372
ringCFRP,"nTOF 5 ns, no veto, strict",14.0,no Be window + air,"no MM loss, no dead time",False,1918427663.1677406,0.03939250206022241,1.0,10.826234289716941,0.0,2600.7745696534803,353.3916247088703,525.1940454887562,2.9458420339423834,0.0,0.10356938167109489,10573.503697055372
ringCFRP,"nTOF 5 ns, no veto, strict",14.0,no Be window + air,"no MM loss, no dead time",False,2383749258.3495045,0.03283626463104994,1.0,13.53557602667064,0.0,3231.601884487456,439.1080463861305,652.5817681111774,3.660366715120162,0.0,0.1599048619918656,10573.503697055372
ringCFRP,"nTOF 5 ns, no veto, strict",14.0,no Be window + air,"no MM loss, no dead time",False,2961936295.9451737,0.0274804977670259,1.0,16.94744261571738,0.0,4015.4386549597425,545.6152973627741,810.8678453785473,4.548201952033665,0.0,0.24688343674618823,10573.503697055372
ringCFRP,"nTOF 5 ns, no veto, strict",14.0,no Be window + air,"no MM loss, no dead time",False,3680364698.807223,0.023094291721229142,1.0,21.256909379195505,0.0,4989.397880086392,677.9562687732864,1007.5467853966023,5.651384849237367,0.0,0.3811730961795879,10573.503697055372
ringCFRP,"nTOF 5 ns, no veto, strict",14.0,no Be window + air,"no MM loss, no dead time",False,4573050519.273256,0.01949187641633062,1.0,26.719789775512165,0.0,6199.594451545714,842.3970233066931,1251.9309164233937,7.022148763624926,0.0,0.5885082092425007,10573.503697055376
ringCFRP,"nTOF 5 ns, no veto, strict",14.0,no Be window + air,"no MM loss, no dead time",False,5682260526.681813,0.016523743182609574,1.0,33.67466836103602,0.0,7703.328595427834,1046.7234799082382,1555.5913057474272,8.725396442454901,0.0,0.9086210853208809,10573.503697055372
ringCFRP,"nTOF 5 ns, no veto, strict",14.0,no Be window + air,"no MM loss, no dead time",False,7060513448.737786,0.014069541691012004,1.0,42.574249069701466,0.0,9571.798915708217,1300.6100604326568,1932.905625040573,10.841773029984019,0.0,1.4028560073144114,10573.503697055372
ringCFRP,"nTOF 5 ns, no veto, strict",14.0,no Be window + air,"no MM loss, no dead time",False,8773066621.237415,0.012032387059552011,1.0,54.03043833599381,0.0,11893.473496266528,1616.077752881719,2401.7389024415784,13.471484443017202,0.0,2.1659248382543628,10573.503697055372
ringCFRP,"nTOF 5 ns, no veto, strict",14.0,no Be window + air,"no MM loss, no dead time",False,10901005783.71244,0.010334283289906475,1.0,68.87982950182365,0.0,14778.278675939795,2008.0632795431595,2984.2893935290795,16.739041907310806,0.0,3.344056967006862,10573.503697055372
ringCFRP,"nTOF 5 ns, no veto, strict",14.0,no Be window + air,"no MM loss, no dead time",False,13545084316.226381,0.008912434423493184,1.0,88.27968595785359,0.0,18362.803826173556,2495.126318928266,3708.1396213703524,20.79915729850719,0.0,5.163021726829587,10573.503697055372
ringCFRP,"nTOF 5 ns, no veto, strict",14.0,no Be window + air,"no MM loss, no dead time",False,16830493696.995401,0.007716268502869106,1.0,113.84977041227143,0.0,22816.768566390056,3100.3282669582495,4607.56235015005,25.84406841941806,0.0,7.9713933149811345,10573.503697055372
ringCFRP,"nTOF 5 ns, no veto, strict",14.0,no Be window + air,"no MM loss, no dead time",False,20912791051.82548,0.006705038895704226,1.0,147.88341446406952,0.0,28351.05862592483,3852.3241448669323,5725.143327444266,32.11264104990914,0.0,12.307349212172454,10573.503697055372
ringCFRP,"nTOF 5 ns, no veto, strict",14.0,no Be window + air,"no MM loss, no dead time",False,25985264452.18819,0.005845894639839662,1.0,193.66357333184118,0.0,35227.710833453784,4786.71935332988,7113.797628525235,39.9016787320334,0.0,19.001802902598392,10573.503697055372
ringCFRP,"nTOF 5 ns, no veto, strict",14.0,no Be window + air,"no MM loss, no dead time",False,32288084693.086143,0.0051123305494512146,1.0,255.93858848434525,0.0,43772.32000185866,5947.7555122335825,8839.275072297989,49.5799757846112,0.0,29.337634556764325,10573.503697055372
ringCFRP,"nTOF 5 ns, no veto, strict",14.0,no Be window + air,"no MM loss, no dead time",False,40119676867.86864,0.004482942829407556,1.0,341.64156881981705,0.0,54389.45514806438,7390.405207001703,10983.27333496924,61.60577892752141,0.0,45.295533576372215,10573.503697055372
ringCFRP,"nTOF 5 ns, no veto, strict",14.0,no Be window + air,"no MM loss, no dead time",False,49850850159.80715,0.0039404289740822395,1.0,460.98222520731747,0.0,67581.81497297165,9182.974823248442,13647.306160739883,76.54848428636478,0.0,69.93356461641606,10573.503697055376
ringCFRP,"nTOF 5 ns, no veto, strict",14.0,no Be window + air,"no MM loss, no dead time",False,61942354865.91934,0.0034707822985952696,1.0,629.1091792092582,0.0,83974.02957259624,11410.338708427318,16957.509821045493,95.11559708438483,0.0,107.97319456922276,10573.503697055372
ringCFRP,"nTOF 5 ns, no veto, strict",14.0,no Be window + air,"no MM loss, no dead time",False,76966697940.67007,0.0030626414509178274,1.0,868.6473693727144,0.0,104342.23534066774,14177.957791130977,21070.6153979376,118.18623050555331,0.0,166.7040827881182,10573.503697055372
ringCFRP,"nTOF 5 ns, no veto, strict",14.0,no Be window + air,"no MM loss, no dead time",False,95635249979.00363,0.002706763610667734,1.0,1213.5794974568635,0.0,129650.8233712321,17616.87293109262,26181.36966648282,146.8527298285227,0.0,257.3810224760105,10573.503697055372
ringCFRP,"nTOF 5 ns, no veto, strict",14.0,no Be window + air,"no MM loss, no dead time",False,118831927096.53209,0.002395596943853765,1.0,1715.1938213604392,0.0,161098.10131973392,21889.909424360547,32531.755939132192,182.47239264539996,0.0,397.3807337100097,10573.503697055376
ringCFRP,"nTOF 5 ns, no veto, strict",14.0,no Be window + air,"no MM loss, no dead time",False,147655042472.05707,0.0021229335066582206,1.0,2451.2113655934077,0.0,200173.03071429572,27199.38643373027,40422.45145937164,226.73173400737267,0.0,613.5318214404298,10573.503697055372
ringCFRP,"nTOF 5 ns, no veto, strict",14.0,no Be window + air,"no MM loss, no dead time",False,183469309133.68265,0.0018836283641246291,1.0,3539.8084203055914,0.0,248725.72610784622,33796.69636951905,50227.063827801394,281.7263393147364,0.0,947.2560292636214,10573.503697055374
ringCFRP,"nTOF 5 ns, no veto, strict",14.0,no Be window + air,"no MM loss, no dead time",False,227970456209.51938,0.001673374244204315,1.0,5161.180245808153,0.0,309055.0540555771,41994.20778392952,62409.820525052644,350.06008581534115,0.0,1462.5060243324385,10573.503697055372
ringCFRP,"nTOF 5 ns, no veto, strict",14.0,no Be window + air,"no MM loss, no dead time",False,283265518084.60077,0.001488523506544168,1.0,7590.727037603799,0.0,384017.47954242915,52180.0553556573,77547.54909271345,434.9684306377318,0.0,2258.0208572242445,10573.503697055372
ringCFRP,"nTOF 5 ns, no veto, strict",14.0,no Be window + air,"no MM loss, no dead time",False,351972597984.32916,0.0013259505403265806,1.0,11250.15798355491,0.0,477162.31350677303,64836.51723896585,96356.98868694561,540.4716027843695,0.0,3486.247650834119,10573.503697055372
ringCFRP,"nTOF 5 ns, no veto, strict",14.0,no Be window + air,"no MM loss, no dead time",False,437344829577.312,0.0011829481052010216,1.0,16786.227496099447,0.0,592899.7651420204,80562.84990550444,119728.72614859481,671.5649523990237,0.0,5382.555543746026,10573.503697055372
ringCFRP,"nTOF 5 ns, no veto, strict",14.0,no Be window + air,"no MM loss, no dead time",False,543424405915.04,0.001057151038672239,1.0,25192.09374750197,0.0,736709.7558941478,100103.66165991696,148769.36339031986,834.4554699400833,0.0,8310.340252098567,10573.503697055372
ringCFRP,"nTOF 5 ns, no veto, strict",14.0,no Be window + air,"no MM loss, no dead time",False,675233968650.1553,0.0009464807273098333,1.0,37994.43363181625,0.0,915401.3820525114,124384.16825468416,184853.9126365775,1036.8556739381413,0.0,12830.662785429557,10573.503697055372
ringCFRP,"nTOF 5 ns, no veto, strict",14.0,no Be window + air,"no MM loss, no dead time",False,839014419404.4929,0.0008491042053986018,1.0,57542.019754647066,0.0,1137435.3109341038,154553.9998823497,229690.90031929815,1288.3487822962088,0.0,19809.767412571913,10573.503697055374
ringCFRP,"nTOF 5 ns, no veto, strict",14.0,no Be window + air,"no MM loss, no dead time",False,1042520413147.9037,0.0007634028381406177,1.0,87450.87172097164,0.0,1413324.3754328808,192041.63371276786,285403.26215984265,1600.8424572146864,0.0,30585.08289890016,10573.503697055372
ringCFRP,"nTOF 5 ns, no veto, strict",14.0,no Be window + air,"no MM loss, no dead time",False,1295387524568.9966,0.0006879471008343574,1.0,133291.05307206346,0.0,1756131.3342315194,238622.02923989677,354628.859646803,1989.1326075953607,0.0,47221.51837779467,10573.503697055374
ringCFRP,"nTOF 5 ns, no veto, strict",14.0,no Be window + air,"no MM loss, no dead time",False,1609588471982.2002,0.0006214756031342634,1.0,203646.43570514966,0.0,2182087.365559786,296500.6688275234,440645.37715044565,2471.60394376552,0.0,72907.16867681168,10573.503697055376
ringCFRP,"nTOF 5 ns, no veto, strict",14.0,no Be window + air,"no MM loss, no dead time",True,2000000000000.0002,0.0005628777482340548,1.0,311750.15593332937,0.0,2711360.5788597087,368417.9825945005,547525.5132857569,3071.100454294075,0.0,112564.2594112051,10573.503697055372
ringCFRP,"nTOF 5 ns, no veto, strict",14.0,oracle: no accidentals,MM occ + DREAM,False,1000000000.0,0.07039905874876548,0.9975767502584543,8.151463574098505,0.011601140715263488,1321.377713924616,179.54797875470226,266.8357785762329,1.4966964295227103,0.0,0.0,10305.963915182698
ringCFRP,"nTOF 5 ns, no veto, strict",14.0,oracle: no accidentals,MM occ + DREAM,False,1242553630.827767,0.05824545564791088,0.9969661030548177,10.211843914211238,0.014415039517494486,1631.6690387426179,221.71017023795386,329.49524859056197,1.848156812933921,0.0,0.0,10241.853744640573
ringCFRP,"nTOF 5 ns, no veto, strict",14.0,oracle: no accidentals,MM occ + DREAM,False,1543939525.4832668,0.048385434885867676,0.9961949958466924,12.817239964411407,0.017911459690988518,2011.7510045502038,273.3554704444921,406.24806968047346,2.2786675708765514,0.0,0.0,10162.617526940086
ringCFRP,"nTOF 5 ns, no veto, strict",14.0,oracle: no accidentals,MM occ + DREAM,False,1918427663.1677406,0.04037527294059124,0.9952178871482318,16.124467586654827,0.022255949272463067,2475.6520844481024,336.39005954044757,499.9271173384338,2.804118456431993,0.0,0.0,10064.815602615841
ringCFRP,"nTOF 5 ns, no veto, strict",14.0,oracle: no accidentals,MM occ + DREAM,False,2383749258.3495045,0.033858652659482624,0.993974676873124,20.341770866186813,0.027654210576017583,3039.296225910653,412.97767356638235,613.7480345085811,3.4425461861859703,0.0,0.0,9944.297295831548
ringCFRP,"nTOF 5 ns, no veto, strict",14.0,oracle: no accidentals,MM occ + DREAM,False,2961936295.9451737,0.028549504642074706,0.992385350761288,25.748580633786656,0.03436183975890628,3720.206313075825,505.49931107840206,751.2493494879968,4.213798558272102,0.0,0.0,9796.094171811059
ringCFRP,"nTOF 5 ns, no veto, strict",14.0,oracle: no accidentals,MM occ + DREAM,False,3680364698.807223,0.02421822779853576,0.9903424181466532,32.7240277732571,0.042696428754350924,4536.781595164014,616.4550505728474,916.1465615916812,5.1387160109117005,0.0,0.0,9614.321832430986
ringCFRP,"nTOF 5 ns, no veto, strict",14.0,oracle: no accidentals,MM occ + DREAM,False,4573050519.273256,0.020680665114295834,0.9877001990146874,41.788490061951826,0.05305260257209782,5506.904145282228,748.2746969786741,1112.0507328572196,6.237553187943304,0.0,0.0,9392.109725008499
ringCFRP,"nTOF 5 ns, no veto, strict",14.0,oracle: no accidentals,MM occ + DREAM,False,5682260526.681813,0.017789321822422436,0.9842596516298998,53.66466143971506,0.06592070395082295,6645.5374518851695,902.9914797645266,1341.9835534871581,7.527258914451026,0.0,0.0,9121.591263565368
ringCFRP,"nTOF 5 ns, no veto, strict",14.0,oracle: no accidentals,MM occ + DREAM,False,7060513448.737786,0.015426401549189773,0.9797469945069353,69.36801650065601,0.08191001004081737,7960.885462459126,1081.7201461926372,1607.6017085396986,9.017125627246328,0.0,0.0,8794.005453980839
ringCFRP,"nTOF 5 ns, no veto, strict",14.0,oracle: no accidentals,MM occ + DREAM,False,8773066621.237415,0.013498317920276155,0.9737839480588676,90.34173220546873,0.10177758037735649,9448.621180482765,1283.8727466772855,1908.0314149371509,10.702252229409092,0.0,0.0,8399.987692012039
ringCFRP,"nTOF 5 ns, no veto, strict",14.0,oracle: no accidentals,MM occ + DREAM,False,10901005783.71244,0.011931422680720016,0.9658472446361338,118.6590967258885,0.12646410203474917,11083.756437149466,1506.0539044426014,2238.226623084122,12.554335153655662,0.0,0.0,7930.1617079574025
ringCFRP,"nTOF 5 ns, no veto, strict",14.0,oracle: no accidentals,MM occ + DREAM,False,13545084316.226381,0.010668777844722675,0.9552157165310303,157.32868275927478,0.1571384291526508,12810.077248866643,1740.6252984957014,2586.8356188410958,14.509702016498977,0.0,0.0,7376.182876680055
ringCFRP,"nTOF 5 ns, no veto, strict",14.0,oracle: no accidentals,MM occ + DREAM,False,16830493696.995401,0.00966789030070496,0.9409060135190672,210.7564041547099,0.1952529256861989,14528.000466321399,1974.0556326835333,2933.748824984271,16.455557102946564,0.0,0.0,6732.411129757764
ringCFRP,"nTOF 5 ns, no veto, strict",14.0,oracle: no accidentals,MM occ + DREAM,False,20912791051.82548,0.008899432955440092,0.9216051516744985,285.44758061068666,0.24261223174113059,16083.622338124369,2185.4325613584206,3247.8872949754814,18.21757690748806,0.0,0.0,5998.373552749584
ringCFRP,"nTOF 5 ns, no veto, strict",14.0,oracle: no accidentals,MM occ + DREAM,False,25985264452.18819,0.008347123968402061,0.8956232668778483,391.0768139370662,0.30145870943316944,17264.980098169166,2345.9547162025774,3486.447787071544,19.555675713617056,0.0,0.0,5182.037849709507
ringCFRP,"nTOF 5 ns, no veto, strict",14.0,oracle: no accidentals,MM occ + DREAM,False,32288084693.086143,0.008009180830202144,0.860916780907967,542.1223305997158,0.3745786139508375,17815.822965092288,2420.8029010366795,3597.6836462204305,20.179603711996272,0.0,0.0,4303.534059412171
ringCFRP,"nTOF 5 ns, no veto, strict",14.0,oracle: no accidentals,MM occ + DREAM,True,40119676867.86864,0.00790222344894971,0.8152686509392165,760.3675858191277,0.4654340167950456,17480.12769293477,2375.1888370501038,3529.894165312307,19.79936881780123,0.0,0.0,3398.1990494865886
ringCFRP,"nTOF 5 ns, no veto, strict",14.0,oracle: no accidentals,MM occ + DREAM,False,49850850159.80715,0.008069420688162299,0.7567367507559052,1078.7365983222912,0.5783267274794381,16085.9407203603,2185.747581689138,3248.3554634048724,18.220202889732366,0.0,0.0,2516.7236740440635
ringCFRP,"nTOF 5 ns, no veto, strict",14.0,oracle: no accidentals,MM occ + DREAM,False,61942354865.91934,0.008596647222306405,0.6844344867044478,1547.18193787582,0.7186019750343164,13655.485112706476,1855.498791196693,2757.555211872647,15.4672775211905,0.0,0.0,1719.4163845556957
ringCFRP,"nTOF 5 ns, no veto, strict",14.0,oracle: no accidentals,MM occ + DREAM,False,76966697940.67007,0.00964491323432497,0.5995072083756416,2241.7337499660725,0.8929014931988941,10487.939248641636,1425.0946368716682,2117.908759607836,11.87946569786673,0.0,0.0,1062.7936430338586
ringCFRP,"nTOF 5 ns, no veto, strict",14.0,oracle: no accidentals,MM occ + DREAM,False,95635249979.00363,0.011518238184154409,0.5058248517132626,3278.4191229774992,1.109477992345821,7130.091486290859,968.8323794241539,1439.833208184962,8.076102962268223,0.0,0.0,581.485305918756
ringCFRP,"nTOF 5 ns, no veto, strict",14.0,oracle: no accidentals,MM occ + DREAM,False,118831927096.53209,0.014814434775712332,0.4097122877520586,4834.688410304369,1.378585907712801,4189.33322387102,569.2439828138904,845.9836886356602,4.745168631326204,0.0,0.0,274.9624605623521
ringCFRP,"nTOF 5 ns, no veto, strict",14.0,oracle: no accidentals,MM occ + DREAM,False,147655042472.05707,0.020785412201331403,0.31843482538548035,7182.41623123132,1.7129669250365411,2072.8217457939063,281.65372463465155,418.58054556247606,2.3478411004468933,0.0,0.0,109.49021611093293
ringCFRP,"nTOF 5 ns, no veto, strict",14.0,oracle: no accidentals,MM occ + DREAM,False,183469309133.68265,0.032275417779075624,0.2380868144633538,10738.75368497896,2.1284532721920293,838.8900233301814,113.98785260200921,169.40339628575975,0.9501928853873003,0.0,0.0,35.66179864827714
ringCFRP,"nTOF 5 ns, no veto, strict",14.0,oracle: no accidentals,MM occ + DREAM,False,227970456209.51938,0.0564249166342537,0.1720854580872206,16144.517664124674,2.6447173414094474,268.29200263569066,36.45534980775198,54.17822977840489,0.30388864454334524,0.0,0.0,9.17890338479541
ringCFRP,"nTOF 5 ns, no veto, strict",14.0,oracle: no accidentals,MM occ + DREAM,False,283265518084.60077,0.11345948580098253,0.12096652804534391,24385.065845817928,3.2862031350814687,64.96155807005387,8.826935951259577,13.118177900597528,0.07358057502794284,0.0,0.0,1.788645858617228
ringCFRP,"nTOF 5 ns, no veto, strict",14.0,oracle: no accidentals,MM occ + DREAM,False,351972597984.32916,0.2696784856103783,0.08320114418426024,36976.729800208705,4.083283637133069,11.274578922547237,1.5319827446168142,2.2767608483282675,0.012770475723878558,0.0,0.0,0.24983490637427236
ringCFRP,"nTOF 5 ns, no veto, strict",14.0,oracle: no accidentals,MM occ + DREAM,False,437344829577.312,0.784711838814318,0.0562942073182074,56254.41964426049,5.073698909019327,1.307633711656039,0.17768045230763227,0.2640603484267438,0.0014811288905019144,0.0,0.0,0.023319742555940274
ringCFRP,"nTOF 5 ns, no veto, strict",14.0,oracle: no accidentals,MM occ + DREAM,False,543424405915.04,2.9231534402366295,0.0376322093065797,85815.3740087812,6.304343001128844,0.09267730190656989,0.012592933919205816,0.018715027315796686,0.00010497360852967644,0.0,0.0,0.0013301354929837951
ringCFRP,"nTOF 5 ns, no veto, strict",14.0,oracle: no accidentals,MM occ + DREAM,False,675233968650.1553,14.751926425708355,0.024938422400846382,131203.91756074494,7.833484286036267,0.0035842850549779957,0.00048703041539165847,0.0007238017435934837,4.059843440407247e-06,0.0,0.0,4.140091114472028e-05
ringCFRP,"nTOF 5 ns, no veto, strict",14.0,oracle: no accidentals,MM occ + DREAM,False,839014419404.4929,108.29400299511886,0.016423453705986232,200968.23094068162,9.733524341646621,6.560838917897048e-05,8.914826958484681e-06,1.3248797390192569e-05,7.431322686626116e-08,0.0,0.0,6.098901088027515e-07
ringCFRP,"nTOF 5 ns, no veto, strict",14.0,oracle: no accidentals,MM occ + DREAM,False,1042520413147.9037,1264.1355600771228,0.010767643641064065,308291.3751876331,12.094426011463462,4.756391190920994e-07,6.462954653291934e-08,9.604939853820969e-08,5.387463128707536e-10,0.0,0.0,3.558398957524604e-09
ringCFRP,"nTOF 5 ns, no veto, strict",14.0,oracle: no accidentals,MM occ + DREAM,False,1295387524568.9966,26222.59033422536,0.00703701934402749,473508.7934555755,15.027972953321772,1.0934886540704965e-09,1.485825555861904e-10,2.2081642008821097e-10,1.238571338856616e-12,0.0,0.0,6.583793649785323e-12
ringCFRP,"nTOF 5 ns, no veto, strict",14.0,oracle: no accidentals,MM occ + DREAM,False,1609588471982.2002,1110098.4975885358,0.0045883703162878904,727994.3099410735,18.67306235713145,6.043864405357655e-13,8.212365218620339e-14,1.2204831723874492e-13,6.845756652843217e-16,0.0,0.0,2.9286097176112204e-15
ringCFRP,"nTOF 5 ns, no veto, strict",14.0,oracle: no accidentals,MM occ + DREAM,False,2000000000000.0002,113932655.50681254,0.0029867925165031565,1120158.7943658223,23.20228143052698,5.690451763328749e-17,7.732150327193244e-18,1.149115889209668e-17,6.44545367066122e-20,0.0,0.0,2.219107750794847e-19
ringCFRP,"nTOF 5 ns, no veto, strict",14.0,oracle: no accidentals,"MM occ ÷10, DAQ 10 µs",False,1000000000.0,0.06958621774038881,0.9999184920083534,8.151463574098505,0.001160114071526349,1352.4282054805515,183.76710016068515,273.10603877677335,1.5318666608327751,0.0,0.0,10548.139367479154
ringCFRP,"nTOF 5 ns, no veto, strict",14.0,oracle: no accidentals,"MM occ ÷10, DAQ 10 µs",False,1242553630.827767,0.05741033512448421,0.9998978919879687,10.211843914211238,0.0014415039517494486,1679.484510822724,228.20730673020344,339.1509878890477,1.9023163810756314,0.0,0.0,10541.987570892969
ringCFRP,"nTOF 5 ns, no veto, strict",14.0,oracle: no accidentals,"MM occ ÷10, DAQ 10 µs",False,1543939525.4832668,0.04752407733586167,0.9998718440264146,12.817239964411407,0.0017911459690988518,2085.336460637639,283.35421627394953,421.10773642077254,2.362016251749754,0.0,0.0,10534.343870841802
ringCFRP,"nTOF 5 ns, no veto, strict",14.0,oracle: no accidentals,"MM occ ÷10, DAQ 10 µs",False,1918427663.1677406,0.03948303205083437,0.9998387813197873,16.124467586654827,0.0022255949272463067,2588.8063235451195,351.7653869001422,522.7772071881982,2.9322858561521357,0.0,0.0,10524.846540856372
ringCFRP,"nTOF 5 ns, no veto, strict",14.0,oracle: no accidentals,"MM occ ÷10, DAQ 10 µs",False,2383749258.3495045,0.032930053435275906,0.9997966236616869,20.341770866186813,0.0027654210576017585,3213.124135033649,436.59730132708665,648.8504166513446,3.639437361354245,0.0,0.0,10513.04620286312
ringCFRP,"nTOF 5 ns, no veto, strict",14.0,oracle: no accidentals,"MM occ ÷10, DAQ 10 µs",False,2961936295.9451737,0.027578066413155515,0.9997425804755361,25.748580633786656,0.0034361839758906285,3986.9111166255634,541.7389932653361,805.1070641711399,4.515889416172118,0.0,0.0,10498.384623409023
ringCFRP,"nTOF 5 ns, no veto, strict",14.0,oracle: no accidentals,"MM occ ÷10, DAQ 10 µs",False,3680364698.807223,0.023196238051670755,0.9996728667734354,32.7240277732571,0.004269642875435092,4945.355061756518,671.9717581171302,998.6528865545833,5.601498485750385,0.0,0.0,10480.168406178227
ringCFRP,"nTOF 5 ns, no veto, strict",14.0,oracle: no accidentals,"MM occ ÷10, DAQ 10 µs",False,4573050519.273256,0.019598886100731214,0.9995822896542268,41.788490061951826,0.005305260257209782,6131.5989786923365,833.1578409089259,1238.2000772036206,6.9451317378563475,0.0,0.0,10457.5363722219
ringCFRP,"nTOF 5 ns, no veto, strict",14.0,oracle: no accidentals,"MM occ ÷10, DAQ 10 µs",False,5682260526.681813,0.016636602300721733,0.9994636412207257,53.66466143971506,0.006592070395082295,7598.355764507211,1032.459837183421,1534.393349422841,8.606495949749338,0.0,0.0,10429.419149436782
ringCFRP,"nTOF 5 ns, no veto, strict",14.0,oracle: no accidentals,"MM occ ÷10, DAQ 10 µs",False,7060513448.737786,0.014189151360068163,0.9993068006936027,69.36801650065601,0.008191001004081737,9409.743740841406,1278.5901044522768,1900.1806000138836,10.658216580489768,0.0,0.0,10394.489176830846
ringCFRP,"nTOF 5 ns, no veto, strict",14.0,oracle: no accidentals,"MM occ ÷10, DAQ 10 µs",False,8773066621.237415,0.012159780823514075,0.9990973981041329,90.34173220546873,0.01017775803773565,11643.304321232254,1582.0849215733067,2351.2203520735848,13.188123139807118,0.0,0.0,10351.098972485672
ringCFRP,"nTOF 5 ns, no veto, strict",14.0,oracle: no accidentals,"MM occ ÷10, DAQ 10 µs",False,10901005783.71244,0.010470648258115738,0.998814815362127,118.6590967258885,0.012646410203474918,14392.104214226001,1955.5901347967877,2906.306268740632,16.301630308848765,0.0,0.0,10297.20513832763
ringCFRP,"nTOF 5 ns, no veto, strict",14.0,oracle: no accidentals,"MM occ ÷10, DAQ 10 µs",False,13545084316.226381,0.009059137484120456,0.9984291845157172,157.32868275927478,0.01571384291526508,17766.7254483847,2414.131561120904,3587.7690139704914,20.123991999175402,0.0,0.0,10230.275234182962
ringCFRP,"nTOF 5 ns, no veto, strict",14.0,oracle: no accidentals,"MM occ ÷10, DAQ 10 µs",False,16830493696.995401,0.007874889432291574,0.9978968684428973,210.7564041547099,0.01952529256861989,21896.784459233324,2975.321400877667,4421.783013232209,24.802021990233563,0.0,0.0,10147.17446774536
ringCFRP,"nTOF 5 ns, no veto, strict",14.0,oracle: no accidentals,"MM occ ÷10, DAQ 10 µs",False,20912791051.82548,0.006877412963382462,0.9971536490338616,285.44758061068666,0.02426122317411306,26931.362910109554,3659.416777401005,5438.453452415449,30.504581910968163,0.0,0.0,10044.029362501251
ringCFRP,"nTOF 5 ns, no veto, strict",14.0,oracle: no accidentals,"MM occ ÷10, DAQ 10 µs",False,25985264452.18819,0.006034168520600989,0.9961044663893597,391.0768139370662,0.030145870943316944,33037.32984735645,4489.091752521908,6671.477457960287,37.420680780698696,0.0,0.0,9916.066670733864
ringCFRP,"nTOF 5 ns, no veto, strict",14.0,oracle: no accidentals,"MM occ ÷10, DAQ 10 µs",False,32288084693.086143,0.005319037197057803,0.99460800788731,542.1223305997158,0.03745786139508375,40393.92288533684,5488.701021371469,8157.049834633486,45.75333723264868,0.0,0.0,9757.428734609977
ringCFRP,"nTOF 5 ns, no veto, strict",14.0,oracle: no accidentals,"MM occ ÷10, DAQ 10 µs",False,40119676867.86864,0.00471110372597664,0.9924537037325563,760.3675858191277,0.04654340167950456,49181.05945255602,6682.691651802027,9931.502667204408,55.70633991106053,0.0,0.0,9560.973032935559
ringCFRP,"nTOF 5 ns, no veto, strict",14.0,oracle: no accidentals,"MM occ ÷10, DAQ 10 µs",False,49850850159.80715,0.00419369630539612,0.9893277593821824,1078.7365983222912,0.05783267274794382,59557.60495268424,8092.65017567532,12026.916846118258,67.45963227944372,0.0,0.0,9318.077006467236
ringCFRP,"nTOF 5 ns, no veto, strict",14.0,oracle: no accidentals,"MM occ ÷10, DAQ 10 µs",False,61942354865.91934,0.003753639839708669,0.9847639106437995,1547.18193787582,0.07186019750343164,71624.25926371843,9732.259629540758,14463.62745805367,81.12727494761725,0.0,0.0,9018.495051128522
ringCFRP,"nTOF 5 ns, no veto, strict",14.0,oracle: no accidentals,"MM occ ÷10, DAQ 10 µs",False,76966697940.67007,0.0033806924226437466,0.9780741809851515,2241.7337499660725,0.08929014931988942,85364.14460239116,11599.22667074575,17238.226244803045,96.69015080948161,0.0,0.0,8650.361913394448
ringCFRP,"nTOF 5 ns, no veto, strict",14.0,oracle: no accidentals,"MM occ ÷10, DAQ 10 µs",False,95635249979.00363,0.0030671482947196545,0.968256493943098,3278.4191229774992,0.11094779923458209,100553.60923429024,13663.161641257226,20305.549522997957,113.8949343027666,0.0,0.0,8200.518371925291
ringCFRP,"nTOF 5 ns, no veto, strict",14.0,oracle: no accidentals,"MM occ ÷10, DAQ 10 µs",False,118831927096.53209,0.0028076053277708585,0.9538827416419434,4834.688410304369,0.13785859077128013,116638.77845580476,15848.804392164884,23553.74919181584,132.11426333216684,0.0,0.0,7655.46300744267
ringCFRP,"nTOF 5 ns, no veto, strict",14.0,oracle: no accidentals,"MM occ ÷10, DAQ 10 µs",False,147655042472.05707,0.002598913453047401,0.9329888569060036,7182.41623123132,0.17129669250365412,132585.36996579153,18015.61729015233,26773.96481704109,150.1766283354077,0.0,0.0,7003.400480605467
ringCFRP,"nTOF 5 ns, no veto, strict",14.0,oracle: no accidentals,"MM occ ÷10, DAQ 10 µs",False,183469309133.68265,0.0024403459667519073,0.9030262367271377,10738.75368497896,0.21284532721920293,146739.1414485472,19938.822922201984,29632.142757831338,166.20830422889813,0.0,0.0,6237.9830140136055
ringCFRP,"nTOF 5 ns, no veto, strict",14.0,oracle: no accidentals,"MM occ ÷10, DAQ 10 µs",False,227970456209.51938,0.0023340751602546317,0.8609963002230325,16144.517664124674,0.26447173414094477,156790.55804870496,21304.603134144283,31661.901203152138,177.59333000810523,0.0,0.0,5364.175487300822
ringCFRP,"nTOF 5 ns, no veto, strict",14.0,oracle: no accidentals,"MM occ ÷10, DAQ 10 µs",True,283265518084.60077,0.00228610219125684,0.8039550352769477,24385.065845817928,0.3286203135081469,160009.87091308043,21742.041356150352,32312.00135664626,181.23977721154438,0.0,0.0,4405.697791883661
ringCFRP,"nTOF 5 ns, no veto, strict",14.0,oracle: no accidentals,"MM occ ÷10, DAQ 10 µs",False,351972597984.32916,0.0023079242498930566,0.7300510104589141,36976.729800208705,0.4083283637133069,153939.41494011428,20917.191588684345,31086.148348237213,174.36390085570056,0.0,0.0,3411.164140415159
ringCFRP,"nTOF 5 ns, no veto, strict",14.0,oracle: no accidentals,"MM occ ÷10, DAQ 10 µs",False,437344829577.312,0.0024195060858814245,0.6399818976491471,56254.41964426049,0.5073698909019327,137547.62005755882,18689.88473439877,27776.029444568365,155.79726346227693,0.0,0.0,2452.961452685676
ringCFRP,"nTOF 5 ns, no veto, strict",14.0,oracle: no accidentals,"MM occ ÷10, DAQ 10 µs",False,543424405915.04,0.0026547586998043916,0.5381686016748767,85815.3740087812,0.6304343001128845,112363.82164573389,15267.92592991797,22690.474885934742,127.27211068605233,0.0,0.0,1612.682978718615
ringCFRP,"nTOF 5 ns, no veto, strict",14.0,oracle: no accidentals,"MM occ ÷10, DAQ 10 µs",False,675233968650.1553,0.0030721733731070436,0.4325186227596107,131203.91756074494,0.7833484286036267,82643.47598143005,11229.543917202069,16688.82108829721,93.60850733389076,0.0,0.0,954.5879173438161
ringCFRP,"nTOF 5 ns, no veto, strict",14.0,oracle: no accidentals,"MM occ ÷10, DAQ 10 µs",False,839014419404.4929,0.003776614536905834,0.332260982122426,200968.23094068162,0.9733524341646622,53946.449749489824,7330.20991003757,10893.81391000965,61.10399613572867,0.0,0.0,501.4816934079589
ringCFRP,"nTOF 5 ns, no veto, strict",14.0,oracle: no accidentals,"MM occ ÷10, DAQ 10 µs",False,1042520413147.9037,0.004966504775806583,0.24492312617195086,308291.3751876331,1.2094426011463462,30815.069219606434,4187.132365910492,6222.719590655426,34.9035734373762,0.0,0.0,230.53677838021503
ringCFRP,"nTOF 5 ns, no veto, strict",14.0,oracle: no accidentals,"MM occ ÷10, DAQ 10 µs",False,1295387524568.9966,0.007042564742928432,0.1743652427671906,473508.7934555755,1.5027972953321773,15160.159314158327,2059.952982233881,3061.405434119458,17.171589983233737,0.0,0.0,91.27791152724171
ringCFRP,"nTOF 5 ns, no veto, strict",14.0,oracle: no accidentals,"MM occ ÷10, DAQ 10 µs",False,1609588471982.2002,0.010878205881210608,0.12077377682355904,727994.3099410735,1.8673062357131451,6293.948631180334,855.2178103246135,1270.984568319752,7.129021735888281,0.0,0.0,30.49790314137564
ringCFRP,"nTOF 5 ns, no veto, strict",14.0,oracle: no accidentals,"MM occ ÷10, DAQ 10 µs",False,2000000000000.0002,0.01855660019203426,0.08195654570680287,1120158.7943658223,2.3202281430526983,2145.094179222238,291.47405776498675,433.175063723502,2.429702548483448,0.0,0.0,8.365232352856994
ringCFRP,"nTOF 5 ns, no veto, strict",14.0,oracle: no accidentals,"no MM loss, DREAM",False,1000000000.0,0.06958706847559622,0.9975767502584543,8.151463574098505,0.0,1352.3951375188744,183.76260690669872,273.0993611135988,1.5318292054559726,0.0,0.0,10547.881456954252
ringCFRP,"nTOF 5 ns, no veto, strict",14.0,oracle: no accidentals,"no MM loss, DREAM",False,1242553630.827767,0.05741186763952758,0.9969661030548177,10.211843914211238,0.0,1679.3948498856491,228.19512365805426,339.1328819790569,1.9022148240393852,0.0,0.0,10541.424776489006
ringCFRP,"nTOF 5 ns, no veto, strict",14.0,oracle: no accidentals,"no MM loss, DREAM",False,1543939525.4832668,0.04752649650301196,0.9961949958466924,12.817239964411407,0.0,2085.1241727796696,283.32537073235244,421.06486753077485,2.361775797808609,0.0,0.0,10533.271471573067
ringCFRP,"nTOF 5 ns, no veto, strict",14.0,oracle: no accidentals,"no MM loss, DREAM",False,1918427663.1677406,0.03948660862941517,0.9952178871482318,16.124467586654827,0.0,2588.337372159389,351.70166607864275,522.6825082941521,2.9317546848925886,0.0,0.0,10522.940009137466
ringCFRP,"nTOF 5 ns, no veto, strict",14.0,oracle: no accidentals,"no MM loss, DREAM",False,2383749258.3495045,0.032935146618216726,0.993974676873124,20.341770866186813,0.0,3212.1304389159977,436.46227851904285,648.6497520915995,3.6383118228987024,0.0,0.0,10509.794920697399
ringCFRP,"nTOF 5 ns, no veto, strict",14.0,oracle: no accidentals,"no MM loss, DREAM",False,2961936295.9451737,0.027585154446858672,0.992385350761288,25.748580633786656,0.0,3984.8624980626587,541.4606282540808,804.6933711570397,4.513568989502104,0.0,0.0,10492.990175178073
ringCFRP,"nTOF 5 ns, no veto, strict",14.0,oracle: no accidentals,"no MM loss, DREAM",False,3680364698.807223,0.02320595984842281,0.9903424181466532,32.7240277732571,0.0,4941.212361660543,671.408850614619,997.8163198455583,5.596806137471094,0.0,0.0,10471.389219624398
ringCFRP,"nTOF 5 ns, no veto, strict",14.0,oracle: no accidentals,"no MM loss, DREAM",False,4573050519.273256,0.01961209776531731,0.9877001990146874,41.788490061951826,0.0,6123.340673602052,832.0357075694009,1236.5324153040256,6.93577773134308,0.0,0.0,10443.451705864129
ringCFRP,"nTOF 5 ns, no veto, strict",14.0,oracle: no accidentals,"no MM loss, DREAM",False,5682260526.681813,0.01665445379281395,0.9842596516298998,53.66466143971506,0.0,7582.075519726448,1030.2476876873193,1531.1057566734642,8.58805566278343,0.0,0.0,10407.073065371182
ringCFRP,"nTOF 5 ns, no veto, strict",14.0,oracle: no accidentals,"no MM loss, DREAM",False,7060513448.737786,0.014213190157711716,0.9797469945069353,69.36801650065601,0.0,9377.94121968987,1274.2687977343792,1893.7584767990506,10.62219454125319,0.0,0.0,10359.358468597971
ringCFRP,"nTOF 5 ns, no veto, strict",14.0,oracle: no accidentals,"no MM loss, DREAM",False,8773066621.237415,0.01219209143865596,0.9737839480588676,90.34173220546873,0.0,11581.673577327925,1573.7105745712638,2338.774790626132,13.118315307134907,0.0,0.0,10296.308174933616
ringCFRP,"nTOF 5 ns, no veto, strict",14.0,oracle: no accidentals,"no MM loss, DREAM",False,10901005783.71244,0.010514038659347665,0.9658472446361338,118.6590967258885,0.0,14273.559739621385,1939.482385601759,2882.3676879369,16.167357504024913,0.0,0.0,10212.389411950908
ringCFRP,"nTOF 5 ns, no veto, strict",14.0,oracle: no accidentals,"no MM loss, DREAM",False,13545084316.226381,0.009117385527195165,0.9552157165310303,157.32868275927478,0.0,17540.438814337118,2383.383874570495,3542.073245424385,19.867681942135153,0.0,0.0,10099.976910226249
ringCFRP,"nTOF 5 ns, no veto, strict",14.0,oracle: no accidentals,"no MM loss, DREAM",False,16830493696.995401,0.007953063421274689,0.9409060135190672,210.7564041547099,0.0,21468.43475318923,2917.117510264166,4335.283122920229,24.316839389628672,0.0,0.0,9948.673212525491
ringCFRP,"nTOF 5 ns, no veto, strict",14.0,oracle: no accidentals,"no MM loss, DREAM",False,20912791051.82548,0.006982278736865604,0.9216051516744985,285.44758061068666,0.0,26128.48168507805,3550.3217778294224,5276.321584647515,29.595175425470245,0.0,0.0,9744.59547845559
ringCFRP,"nTOF 5 ns, no veto, strict",14.0,oracle: no accidentals,"no MM loss, DREAM",False,25985264452.18819,0.006174687878078318,0.8956232668778483,391.0768139370662,0.0,31550.757461286044,4287.097224856729,6371.282671967661,35.73687185989412,0.0,0.0,9469.875923501744
ringCFRP,"nTOF 5 ns, no veto, strict",14.0,oracle: no accidentals,"no MM loss, DREAM",False,32288084693.086143,0.005506944177090947,0.860916780907967,542.1223305997158,0.0,37684.32482887358,5120.522529219752,7609.880240802821,42.684233149982425,0.0,0.0,9102.906765787398
ringCFRP,"nTOF 5 ns, no veto, strict",14.0,oracle: no accidentals,"no MM loss, DREAM",False,40119676867.86864,0.004961510111252123,0.8152686509392165,760.3675858191277,0.0,44342.017723881465,6025.165683006442,8954.318434697043,50.225260276300006,0.0,0.0,8620.246094799157
ringCFRP,"nTOF 5 ns, no veto, strict",14.0,oracle: no accidentals,"no MM loss, DREAM",False,49850850159.80715,0.004525621728930335,0.7567367507559052,1078.7365983222912,0.0,51141.64307283334,6949.0945300183075,10327.418120649349,57.92705127415316,0.0,0.0,8001.358831815236
ringCFRP,"nTOF 5 ns, no veto, strict",14.0,oracle: no accidentals,"no MM loss, DREAM",False,61942354865.91934,0.004190291468235886,0.6844344867044478,1547.18193787582,0.0,57474.72182702405,7809.629317026345,11606.304530152907,65.100394868038,0.0,0.0,7236.870575561677
ringCFRP,"nTOF 5 ns, no veto, strict",14.0,oracle: no accidentals,"no MM loss, DREAM",False,76966697940.67007,0.003949263702849062,0.5995072083756416,2241.7337499660725,0.0,62553.922224757946,8499.787895828613,12631.985815974378,70.85349711882438,0.0,0.0,6338.891684171195
ringCFRP,"nTOF 5 ns, no veto, strict",14.0,oracle: no accidentals,"no MM loss, DREAM",False,95635249979.00363,0.003797920635666841,0.5058248517132626,3278.4191229774992,0.0,65580.60850625587,8911.05213802132,13243.18742919878,74.2817602892003,0.0,0.0,5348.3409396526695
ringCFRP,"nTOF 5 ns, no veto, strict",14.0,oracle: no accidentals,"no MM loss, DREAM",True,118831927096.53209,0.003732268106945956,0.4097122877520586,4834.688410304369,0.0,66003.87164422112,8968.56486894011,13328.660150413467,74.76118144233875,0.0,0.0,4332.094389275407
ringCFRP,"nTOF 5 ns, no veto, strict",14.0,oracle: no accidentals,"no MM loss, DREAM",False,147655042472.05707,0.00374823281338332,0.31843482538548035,7182.41623123132,0.0,63742.064082389144,8661.231869617102,12871.916272118064,72.19928012798486,0.0,0.0,3366.971803484559
ringCFRP,"nTOF 5 ns, no veto, strict",14.0,oracle: no accidentals,"no MM loss, DREAM",False,183469309133.68265,0.0038414604077339843,0.2380868144633538,10738.75368497896,0.0,59218.315804101745,8046.547778003987,11958.40162660878,67.0753266778675,0.0,0.0,2517.411812948409
ringCFRP,"nTOF 5 ns, no veto, strict",14.0,oracle: no accidentals,"no MM loss, DREAM",False,227970456209.51938,0.004007603788902751,0.1720854580872206,16144.517664124674,0.0,53183.880551324706,7226.592483507435,10739.822554194903,60.240250225584724,0.0,0.0,1819.5462272946945
ringCFRP,"nTOF 5 ns, no veto, strict",14.0,oracle: no accidentals,"no MM loss, DREAM",False,283265518084.60077,0.004242881700875351,0.12096652804534391,24385.065845817928,0.0,46453.26120897153,6312.0401295877155,9380.657772171406,52.616620863578426,0.0,0.0,1279.0400315073966
ringCFRP,"nTOF 5 ns, no veto, strict",14.0,oracle: no accidentals,"no MM loss, DREAM",False,351972597984.32916,0.004544632281842479,0.08320114418426024,36976.729800208705,0.0,39700.450445372204,5394.4724192044705,8017.011708903693,44.96785575076054,0.0,0.0,879.7276056315128
ringCFRP,"nTOF 5 ns, no veto, strict",14.0,oracle: no accidentals,"no MM loss, DREAM",False,437344829577.312,0.004911687931953424,0.0562942073182074,56254.41964426049,0.0,33376.822297821374,4535.221774726093,6740.033731753875,37.80521665799272,0.0,0.0,595.2270092018678
ringCFRP,"nTOF 5 ns, no veto, strict",14.0,oracle: no accidentals,"no MM loss, DREAM",False,543424405915.04,0.005344538811722109,0.0376322093065797,85815.3740087812,0.0,27724.015732007807,3767.1219479410324,5598.519821511133,31.402402901805537,0.0,0.0,397.90430423148206
ringCFRP,"nTOF 5 ns, no veto, strict",14.0,oracle: no accidentals,"no MM loss, DREAM",False,675233968650.1553,0.005845339472332814,0.024938422400846382,131203.91756074494,0.0,22828.66633194409,3101.944927913262,4609.964955780124,25.85754476538362,0.0,0.0,263.6865014540778
ringCFRP,"nTOF 5 ns, no veto, strict",14.0,oracle: no accidentals,"no MM loss, DREAM",False,839014419404.4929,0.006417834245194528,0.016423453705986232,200968.23094068162,0.0,18680.61617268031,2538.3104621427715,3772.317868080292,21.159136583205516,0.0,0.0,173.6534484786632
ringCFRP,"nTOF 5 ns, no veto, strict",14.0,oracle: no accidentals,"no MM loss, DREAM",False,1042520413147.9037,0.007067261636933264,0.010767643641064065,308291.3751876331,0.0,15218.173223890703,2067.8358760668393,3073.1206209343695,17.23730110477309,0.0,0.0,113.85171984736567
ringCFRP,"nTOF 5 ns, no veto, strict",14.0,oracle: no accidentals,"no MM loss, DREAM",False,1295387524568.9966,0.0078002740711328586,0.00703701934402749,473508.7934555755,0.0,12357.930169640005,1679.1878356722466,2495.5301452849617,13.997564637484393,0.0,0.0,74.40595005032486
ringCFRP,"nTOF 5 ns, no veto, strict",14.0,oracle: no accidentals,"no MM loss, DREAM",False,1609588471982.2002,0.008624890160040772,0.0045883703162878904,727994.3099410735,0.0,10012.224895681362,1360.4548676077143,2021.844168526587,11.340634169193796,0.0,0.0,48.51515050272915
ringCFRP,"nTOF 5 ns, no veto, strict",14.0,oracle: no accidentals,"no MM loss, DREAM",False,2000000000000.0002,0.009550485005213426,0.0029867925165031565,1120158.7943658223,0.0,8098.271486479843,1100.3880733584442,1635.3451056764482,9.172739854314987,0.0,0.0,31.58086171558345
ringCFRP,"nTOF 5 ns, no veto, strict",14.0,oracle: no accidentals,"no MM loss, no dead time",False,1000000000.0,0.06950270391264551,1.0,8.151463574098505,0.0,1355.6802894298542,184.20899129725024,273.7627566428784,1.5355502271470374,0.0,0.0,10573.503697055374
ringCFRP,"nTOF 5 ns, no veto, strict",14.0,oracle: no accidentals,"no MM loss, no dead time",False,1242553630.827767,0.05732471063804688,1.0,10.211843914211238,0.0,1684.5054658727029,228.88955096751877,340.16490725202704,1.9080035100599533,0.0,0.0,10573.503697055376
ringCFRP,"nTOF 5 ns, no veto, strict",14.0,oracle: no accidentals,"no MM loss, no dead time",False,1543939525.4832668,0.04743599106927844,1.0,12.817239964411407,0.0,2093.0883827693465,284.40754261322775,422.67314058619684,2.3707966890571193,0.0,0.0,10573.503697055372
ringCFRP,"nTOF 5 ns, no veto, strict",14.0,oracle: no accidentals,"no MM loss, no dead time",False,1918427663.1677406,0.03939208077396583,1.0,16.124467586654827,0.0,2600.7745696534803,353.3916247088704,525.1940454887562,2.9458420339423834,0.0,0.0,10573.503697055372
ringCFRP,"nTOF 5 ns, no veto, strict",14.0,oracle: no accidentals,"no MM loss, no dead time",False,2383749258.3495045,0.03283577425410191,1.0,20.341770866186813,0.0,3231.6018844874566,439.1080463861305,652.5817681111774,3.660366715120163,0.0,0.0,10573.503697055372
ringCFRP,"nTOF 5 ns, no veto, strict",14.0,oracle: no accidentals,"no MM loss, no dead time",False,2961936295.9451737,0.027479928111003138,1.0,25.748580633786656,0.0,4015.4386549597425,545.6152973627741,810.8678453785473,4.548201952033665,0.0,0.0,10573.503697055372
ringCFRP,"nTOF 5 ns, no veto, strict",14.0,oracle: no accidentals,"no MM loss, no dead time",False,3680364698.807223,0.02309363125644036,1.0,32.7240277732571,0.0,4989.397880086393,677.9562687732865,1007.5467853966023,5.651384849237368,0.0,0.0,10573.503697055372
ringCFRP,"nTOF 5 ns, no veto, strict",14.0,oracle: no accidentals,"no MM loss, no dead time",False,4573050519.273256,0.019491112139781858,1.0,41.788490061951826,0.0,6199.594451545713,842.3970233066931,1251.9309164233937,7.0221487636249265,0.0,0.0,10573.503697055376
ringCFRP,"nTOF 5 ns, no veto, strict",14.0,oracle: no accidentals,"no MM loss, no dead time",False,5682260526.681813,0.01652286045535625,1.0,53.66466143971506,0.0,7703.328595427835,1046.7234799082382,1555.5913057474274,8.725396442454901,0.0,0.0,10573.503697055372
ringCFRP,"nTOF 5 ns, no veto, strict",14.0,oracle: no accidentals,"no MM loss, no dead time",False,7060513448.737786,0.014068524020751778,1.0,69.36801650065601,0.0,9571.798915708217,1300.6100604326568,1932.905625040573,10.841773029984019,0.0,0.0,10573.503697055372
ringCFRP,"nTOF 5 ns, no veto, strict",14.0,oracle: no accidentals,"no MM loss, no dead time",False,8773066621.237415,0.012031215803922683,1.0,90.34173220546873,0.0,11893.473496266528,1616.077752881719,2401.7389024415784,13.4714844430172,0.0,0.0,10573.503697055372
ringCFRP,"nTOF 5 ns, no veto, strict",14.0,oracle: no accidentals,"no MM loss, no dead time",False,10901005783.71244,0.010332937253441825,1.0,118.6590967258885,0.0,14778.278675939793,2008.0632795431588,2984.289393529079,16.739041907310803,0.0,0.0,10573.503697055372
ringCFRP,"nTOF 5 ns, no veto, strict",14.0,oracle: no accidentals,"no MM loss, no dead time",False,13545084316.226381,0.008910889310872208,1.0,157.32868275927478,0.0,18362.803826173556,2495.1263189282663,3708.1396213703524,20.799157298507193,0.0,0.0,10573.503697055372
ringCFRP,"nTOF 5 ns, no veto, strict",14.0,oracle: no accidentals,"no MM loss, no dead time",False,16830493696.995401,0.007714496171122073,1.0,210.7564041547099,0.0,22816.768566390056,3100.3282669582495,4607.56235015005,25.84406841941806,0.0,0.0,10573.503697055372
ringCFRP,"nTOF 5 ns, no veto, strict",14.0,oracle: no accidentals,"no MM loss, no dead time",False,20912791051.82548,0.006703006321962362,1.0,285.44758061068666,0.0,28351.058625924838,3852.3241448669323,5725.143327444267,32.11264104990914,0.0,0.0,10573.503697055374
ringCFRP,"nTOF 5 ns, no veto, strict",14.0,oracle: no accidentals,"no MM loss, no dead time",False,25985264452.18819,0.0058435624967740985,1.0,391.0768139370662,0.0,35227.710833453784,4786.7193533298805,7113.797628525237,39.9016787320334,0.0,0.0,10573.503697055376
ringCFRP,"nTOF 5 ns, no veto, strict",14.0,oracle: no accidentals,"no MM loss, no dead time",False,32288084693.086143,0.00510965126811074,1.0,542.1223305997158,0.0,43772.32000185866,5947.7555122335825,8839.275072297989,49.5799757846112,0.0,0.0,10573.503697055372
ringCFRP,"nTOF 5 ns, no veto, strict",14.0,oracle: no accidentals,"no MM loss, no dead time",False,40119676867.86864,0.004479858041728345,1.0,760.3675858191277,0.0,54389.45514806438,7390.405207001703,10983.273334969243,61.60577892752142,0.0,0.0,10573.503697055372
ringCFRP,"nTOF 5 ns, no veto, strict",14.0,oracle: no accidentals,"no MM loss, no dead time",False,49850850159.80715,0.0039368662810847985,1.0,1078.7365983222912,0.0,67581.81497297165,9182.974823248438,13647.306160739883,76.54848428636477,0.0,0.0,10573.503697055372
ringCFRP,"nTOF 5 ns, no veto, strict",14.0,oracle: no accidentals,"no MM loss, no dead time",False,61942354865.91934,0.003466651422341641,1.0,1547.18193787582,0.0,83974.02957259624,11410.33870842732,16957.509821045493,95.11559708438482,0.0,0.0,10573.503697055372
ringCFRP,"nTOF 5 ns, no veto, strict",14.0,oracle: no accidentals,"no MM loss, no dead time",False,76966697940.67007,0.003057830008624238,1.0,2241.7337499660725,0.0,104342.23534066777,14177.95779113098,21070.6153979376,118.18623050555335,0.0,0.0,10573.503697055376
ringCFRP,"nTOF 5 ns, no veto, strict",14.0,oracle: no accidentals,"no MM loss, no dead time",False,95635249979.00363,0.0027011329864005396,1.0,3278.4191229774992,0.0,129650.82337123208,17616.872931092625,26181.36966648282,146.8527298285227,0.0,0.0,10573.503697055372
ringCFRP,"nTOF 5 ns, no veto, strict",14.0,oracle: no accidentals,"no MM loss, no dead time",False,118831927096.53209,0.002388978978505994,1.0,4834.688410304369,0.0,161098.10131973392,21889.909424360547,32531.755939132192,182.4723926454,0.0,0.0,10573.503697055372
ringCFRP,"nTOF 5 ns, no veto, strict",14.0,oracle: no accidentals,"no MM loss, no dead time",False,147655042472.05707,0.0021151288904523234,1.0,7182.41623123132,0.0,200173.03071429572,27199.38643373027,40422.45145937164,226.73173400737267,0.0,0.0,10573.503697055372
ringCFRP,"nTOF 5 ns, no veto, strict",14.0,oracle: no accidentals,"no MM loss, no dead time",False,183469309133.68265,0.0018744075876174116,1.0,10738.75368497896,0.0,248725.72610784622,33796.69636951905,50227.063827801394,281.7263393147363,0.0,0.0,10573.503697055372
ringCFRP,"nTOF 5 ns, no veto, strict",14.0,oracle: no accidentals,"no MM loss, no dead time",False,227970456209.51938,0.0016624816663461063,1.0,16144.517664124674,0.0,309055.0540555771,41994.20778392952,62409.82052505264,350.06008581534115,0.0,0.0,10573.503697055372
ringCFRP,"nTOF 5 ns, no veto, strict",14.0,oracle: no accidentals,"no MM loss, no dead time",False,283265518084.60077,0.0014756845519297633,1.0,24385.065845817928,0.0,384017.4795424291,52180.0553556573,77547.54909271344,434.9684306377318,0.0,0.0,10573.503697055372
ringCFRP,"nTOF 5 ns, no veto, strict",14.0,oracle: no accidentals,"no MM loss, no dead time",False,351972597984.32916,0.0013108813912931351,1.0,36976.729800208705,0.0,477162.31350677303,64836.51723896584,96356.9886869456,540.4716027843695,0.0,0.0,10573.503697055372
ringCFRP,"nTOF 5 ns, no veto, strict",14.0,oracle: no accidentals,"no MM loss, no dead time",False,437344829577.312,0.0011653667422779474,1.0,56254.41964426049,0.0,592899.7651420205,80562.84990550445,119728.72614859483,671.5649523990238,0.0,0.0,10573.503697055376
ringCFRP,"nTOF 5 ns, no veto, strict",14.0,oracle: no accidentals,"no MM loss, no dead time",False,543424405915.04,0.0010367883129321599,1.0,85815.3740087812,0.0,736709.7558941478,100103.66165991698,148769.36339031986,834.4554699400834,0.0,0.0,10573.503697055372
ringCFRP,"nTOF 5 ns, no veto, strict",14.0,oracle: no accidentals,"no MM loss, no dead time",False,675233968650.1553,0.0009230903832560453,1.0,131203.91756074494,0.0,915401.3820525114,124384.16825468416,184853.91263657753,1036.8556739381413,0.0,0.0,10573.503697055372
ringCFRP,"nTOF 5 ns, no veto, strict",14.0,oracle: no accidentals,"no MM loss, no dead time",False,839014419404.4929,0.0008224712798451419,1.0,200968.23094068162,0.0,1137435.3109341038,154553.9998823497,229690.90031929815,1288.3487822962086,0.0,0.0,10573.503697055372
ringCFRP,"nTOF 5 ns, no veto, strict",14.0,oracle: no accidentals,"no MM loss, no dead time",False,1042520413147.9037,0.0007333503551025769,1.0,308291.3751876331,0.0,1413324.3754328808,192041.63371276783,285403.26215984265,1600.8424572146862,0.0,0.0,10573.503697055372
ringCFRP,"nTOF 5 ns, no veto, strict",14.0,oracle: no accidentals,"no MM loss, no dead time",False,1295387524568.9966,0.0006543411528121162,1.0,473508.7934555755,0.0,1756131.3342315194,238622.02923989674,354628.859646803,1989.1326075953607,0.0,0.0,10573.503697055372
ringCFRP,"nTOF 5 ns, no veto, strict",14.0,oracle: no accidentals,"no MM loss, no dead time",False,1609588471982.2002,0.000584228586984509,1.0,727994.3099410735,0.0,2182087.365559786,296500.6688275234,440645.37715044565,2471.60394376552,0.0,0.0,10573.503697055376
ringCFRP,"nTOF 5 ns, no veto, strict",14.0,oracle: no accidentals,"no MM loss, no dead time",True,2000000000000.0002,0.0005219488611337834,1.0,1120158.7943658223,0.0,2711360.5788597083,368417.9825945004,547525.5132857569,3071.1004542940746,0.0,0.0,10573.503697055372
ringCFRP,"nTOF 5 ns, no veto, strict",14.0,oracle: IPC only,MM occ + DREAM,False,1000000000.0,0.02313333362493743,0.9975767502584543,8.151463574098505,0.011601140715263488,1321.377713924616,179.54797875470226,266.8357785762329,0.0,0.0,0.0,0.0
ringCFRP,"nTOF 5 ns, no veto, strict",14.0,oracle: IPC only,MM occ + DREAM,False,1242553630.827767,0.020817840353552677,0.9969661030548177,10.211843914211238,0.014415039517494486,1631.6690387426179,221.71017023795386,329.49524859056197,0.0,0.0,0.0,0.0
ringCFRP,"nTOF 5 ns, no veto, strict",14.0,oracle: IPC only,MM occ + DREAM,False,1543939525.4832668,0.018748416663578123,0.9961949958466924,12.817239964411407,0.017911459690988518,2011.7510045502038,273.3554704444921,406.24806968047346,0.0,0.0,0.0,0.0
ringCFRP,"nTOF 5 ns, no veto, strict",14.0,oracle: IPC only,MM occ + DREAM,False,1918427663.1677406,0.01690078607300568,0.9952178871482318,16.124467586654827,0.022255949272463067,2475.6520844481024,336.39005954044757,499.9271173384338,0.0,0.0,0.0,0.0
ringCFRP,"nTOF 5 ns, no veto, strict",14.0,oracle: IPC only,MM occ + DREAM,False,2383749258.3495045,0.015253348564401786,0.993974676873124,20.341770866186813,0.027654210576017583,3039.296225910653,412.97767356638235,613.7480345085811,0.0,0.0,0.0,0.0
ringCFRP,"nTOF 5 ns, no veto, strict",14.0,oracle: IPC only,MM occ + DREAM,False,2961936295.9451737,0.013786949899775395,0.992385350761288,25.748580633786656,0.03436183975890628,3720.206313075825,505.49931107840206,751.2493494879968,0.0,0.0,0.0,0.0
ringCFRP,"nTOF 5 ns, no veto, strict",14.0,oracle: IPC only,MM occ + DREAM,False,3680364698.807223,0.012484690310193475,0.9903424181466532,32.7240277732571,0.042696428754350924,4536.781595164014,616.4550505728474,916.1465615916812,0.0,0.0,0.0,0.0
ringCFRP,"nTOF 5 ns, no veto, strict",14.0,oracle: IPC only,MM occ + DREAM,False,4573050519.273256,0.011331775230766651,0.9877001990146874,41.788490061951826,0.05305260257209782,5506.904145282228,748.2746969786741,1112.0507328572196,0.0,0.0,0.0,0.0
ringCFRP,"nTOF 5 ns, no veto, strict",14.0,oracle: IPC only,MM occ + DREAM,False,5682260526.681813,0.010315413821771839,0.9842596516298998,53.66466143971506,0.06592070395082295,6645.5374518851695,902.9914797645266,1341.9835534871581,0.0,0.0,0.0,0.0
ringCFRP,"nTOF 5 ns, no veto, strict",14.0,oracle: IPC only,MM occ + DREAM,False,7060513448.737786,0.009424775680734663,0.9797469945069353,69.36801650065601,0.08191001004081737,7960.885462459126,1081.7201461926372,1607.6017085396986,0.0,0.0,0.0,0.0
ringCFRP,"nTOF 5 ns, no veto, strict",14.0,oracle: IPC only,MM occ + DREAM,False,8773066621.237415,0.008651023493722137,0.9737839480588676,90.34173220546873,0.10177758037735649,9448.621180482765,1283.8727466772855,1908.0314149371509,0.0,0.0,0.0,0.0
ringCFRP,"nTOF 5 ns, no veto, strict",14.0,oracle: IPC only,MM occ + DREAM,False,10901005783.71244,0.007987451300264467,0.9658472446361338,118.6590967258885,0.12646410203474917,11083.756437149466,1506.0539044426014,2238.226623084122,0.0,0.0,0.0,0.0
ringCFRP,"nTOF 5 ns, no veto, strict",14.0,oracle: IPC only,MM occ + DREAM,False,13545084316.226381,0.007429777973230651,0.9552157165310303,157.32868275927478,0.1571384291526508,12810.077248866643,1740.6252984957014,2586.8356188410958,0.0,0.0,0.0,0.0
ringCFRP,"nTOF 5 ns, no veto, strict",14.0,oracle: IPC only,MM occ + DREAM,False,16830493696.995401,0.006976679742110435,0.9409060135190672,210.7564041547099,0.1952529256861989,14528.000466321399,1974.0556326835333,2933.748824984271,0.0,0.0,0.0,0.0
ringCFRP,"nTOF 5 ns, no veto, strict",14.0,oracle: IPC only,MM occ + DREAM,False,20912791051.82548,0.006630706070629899,0.9216051516744985,285.44758061068666,0.24261223174113059,16083.622338124369,2185.4325613584206,3247.8872949754814,0.0,0.0,0.0,0.0
ringCFRP,"nTOF 5 ns, no veto, strict",14.0,oracle: IPC only,MM occ + DREAM,False,25985264452.18819,0.006399833407042086,0.8956232668778483,391.0768139370662,0.30145870943316944,17264.980098169166,2345.9547162025774,3486.447787071544,0.0,0.0,0.0,0.0
ringCFRP,"nTOF 5 ns, no veto, strict",14.0,oracle: IPC only,MM occ + DREAM,True,32288084693.086143,0.006300119190882062,0.860916780907967,542.1223305997158,0.3745786139508375,17815.822965092288,2420.8029010366795,3597.6836462204305,0.0,0.0,0.0,0.0
ringCFRP,"nTOF 5 ns, no veto, strict",14.0,oracle: IPC only,MM occ + DREAM,False,40119676867.86864,0.006360326492225972,0.8152686509392165,760.3675858191277,0.4654340167950456,17480.12769293477,2375.1888370501038,3529.894165312307,0.0,0.0,0.0,0.0
ringCFRP,"nTOF 5 ns, no veto, strict",14.0,oracle: IPC only,MM occ + DREAM,False,49850850159.80715,0.006630228228974166,0.7567367507559052,1078.7365983222912,0.5783267274794381,16085.9407203603,2185.747581689138,3248.3554634048724,0.0,0.0,0.0,0.0
ringCFRP,"nTOF 5 ns, no veto, strict",14.0,oracle: IPC only,MM occ + DREAM,False,61942354865.91934,0.007196115802627896,0.6844344867044478,1547.18193787582,0.7186019750343164,13655.485112706476,1855.498791196693,2757.555211872647,0.0,0.0,0.0,0.0
ringCFRP,"nTOF 5 ns, no veto, strict",14.0,oracle: IPC only,MM occ + DREAM,False,76966697940.67007,0.00821119996670113,0.5995072083756416,2241.7337499660725,0.8929014931988941,10487.939248641636,1425.0946368716682,2117.908759607836,0.0,0.0,0.0,0.0
ringCFRP,"nTOF 5 ns, no veto, strict",14.0,oracle: IPC only,MM occ + DREAM,False,95635249979.00363,0.009958734608380655,0.5058248517132626,3278.4191229774992,1.109477992345821,7130.091486290859,968.8323794241539,1439.833208184962,0.0,0.0,0.0,0.0
ringCFRP,"nTOF 5 ns, no veto, strict",14.0,oracle: IPC only,MM occ + DREAM,False,118831927096.53209,0.012992097082261782,0.4097122877520586,4834.688410304369,1.378585907712801,4189.33322387102,569.2439828138904,845.9836886356602,0.0,0.0,0.0,0.0
ringCFRP,"nTOF 5 ns, no veto, strict",14.0,oracle: IPC only,MM occ + DREAM,False,147655042472.05707,0.018470163166658008,0.31843482538548035,7182.41623123132,1.7129669250365411,2072.8217457939063,281.65372463465155,418.58054556247606,0.0,0.0,0.0,0.0
ringCFRP,"nTOF 5 ns, no veto, strict",14.0,oracle: IPC only,MM occ + DREAM,False,183469309133.68265,0.029033486764018575,0.2380868144633538,10738.75368497896,2.1284532721920293,838.8900233301814,113.98785260200921,169.40339628575975,0.0,0.0,0.0,0.0
ringCFRP,"nTOF 5 ns, no veto, strict",14.0,oracle: IPC only,MM occ + DREAM,False,227970456209.51938,0.05133905218308006,0.1720854580872206,16144.517664124674,2.6447173414094474,268.29200263569066,36.45534980775198,54.17822977840489,0.0,0.0,0.0,0.0
ringCFRP,"nTOF 5 ns, no veto, strict",14.0,oracle: IPC only,MM occ + DREAM,False,283265518084.60077,0.10433343205735499,0.12096652804534391,24385.065845817928,3.2862031350814687,64.96155807005387,8.826935951259577,13.118177900597528,0.0,0.0,0.0,0.0
ringCFRP,"nTOF 5 ns, no veto, strict",14.0,oracle: IPC only,MM occ + DREAM,False,351972597984.32916,0.25043875988940084,0.08320114418426024,36976.729800208705,4.083283637133069,11.274578922547237,1.5319827446168142,2.2767608483282675,0.0,0.0,0.0,0.0
ringCFRP,"nTOF 5 ns, no veto, strict",14.0,oracle: IPC only,MM occ + DREAM,False,437344829577.312,0.7353746520296185,0.0562942073182074,56254.41964426049,5.073698909019327,1.307633711656039,0.17768045230763227,0.2640603484267438,0.0,0.0,0.0,0.0
ringCFRP,"nTOF 5 ns, no veto, strict",14.0,oracle: IPC only,MM occ + DREAM,False,543424405915.04,2.762262955857605,0.0376322093065797,85815.3740087812,6.304343001128844,0.09267730190656989,0.012592933919205816,0.018715027315796686,0.0,0.0,0.0,0.0
ringCFRP,"nTOF 5 ns, no veto, strict",14.0,oracle: IPC only,MM occ + DREAM,False,675233968650.1553,14.04592804966142,0.024938422400846382,131203.91756074494,7.833484286036267,0.0035842850549779957,0.00048703041539165847,0.0007238017435934837,0.0,0.0,0.0,0.0
ringCFRP,"nTOF 5 ns, no veto, strict",14.0,oracle: IPC only,MM occ + DREAM,False,839014419404.4929,103.81784806487123,0.016423453705986232,200968.23094068162,9.733524341646621,6.560838917897048e-05,8.914826958484681e-06,1.3248797390192569e-05,0.0,0.0,0.0,0.0
ringCFRP,"nTOF 5 ns, no veto, strict",14.0,oracle: IPC only,MM occ + DREAM,False,1042520413147.9037,1219.3066069049278,0.010767643641064065,308291.3751876331,12.094426011463462,4.756391190920994e-07,6.462954653291934e-08,9.604939853820969e-08,0.0,0.0,0.0,0.0
ringCFRP,"nTOF 5 ns, no veto, strict",14.0,oracle: IPC only,MM occ + DREAM,False,1295387524568.9966,25429.895148672123,0.00703701934402749,473508.7934555755,15.027972953321772,1.0934886540704965e-09,1.485825555861904e-10,2.2081642008821097e-10,0.0,0.0,0.0,0.0
ringCFRP,"nTOF 5 ns, no veto, strict",14.0,oracle: IPC only,MM occ + DREAM,False,1609588471982.2002,1081668.9269914124,0.0045883703162878904,727994.3099410735,18.67306235713145,6.043864405357655e-13,8.212365218620339e-14,1.2204831723874492e-13,0.0,0.0,0.0,0.0
ringCFRP,"nTOF 5 ns, no veto, strict",14.0,oracle: IPC only,MM occ + DREAM,False,2000000000000.0002,111475219.70782861,0.0029867925165031565,1120158.7943658223,23.20228143052698,5.690451763328749e-17,7.732150327193244e-18,1.149115889209668e-17,0.0,0.0,0.0,0.0
ringCFRP,"nTOF 5 ns, no veto, strict",14.0,oracle: IPC only,"MM occ ÷10, DAQ 10 µs",False,1000000000.0,0.022866231726630628,0.9999184920083534,8.151463574098505,0.001160114071526349,1352.4282054805515,183.76710016068515,273.10603877677335,0.0,0.0,0.0,0.0
ringCFRP,"nTOF 5 ns, no veto, strict",14.0,oracle: IPC only,"MM occ ÷10, DAQ 10 µs",False,1242553630.827767,0.020519355166351692,0.9998978919879687,10.211843914211238,0.0014415039517494486,1679.484510822724,228.20730673020344,339.1509878890477,0.0,0.0,0.0,0.0
ringCFRP,"nTOF 5 ns, no veto, strict",14.0,oracle: IPC only,"MM occ ÷10, DAQ 10 µs",False,1543939525.4832668,0.018414657335343813,0.9998718440264146,12.817239964411407,0.0017911459690988518,2085.336460637639,283.35421627394953,421.10773642077254,0.0,0.0,0.0,0.0
ringCFRP,"nTOF 5 ns, no veto, strict",14.0,oracle: IPC only,"MM occ ÷10, DAQ 10 µs",False,1918427663.1677406,0.016527300736434533,0.9998387813197873,16.124467586654827,0.0022255949272463067,2588.8063235451195,351.7653869001422,522.7772071881982,0.0,0.0,0.0,0.0
ringCFRP,"nTOF 5 ns, no veto, strict",14.0,oracle: IPC only,"MM occ ÷10, DAQ 10 µs",False,2383749258.3495045,0.014835013913406997,0.9997966236616869,20.341770866186813,0.0027654210576017585,3213.124135033649,436.59730132708665,648.8504166513446,0.0,0.0,0.0,0.0
ringCFRP,"nTOF 5 ns, no veto, strict",14.0,oracle: IPC only,"MM occ ÷10, DAQ 10 µs",False,2961936295.9451737,0.013317828968931042,0.9997425804755361,25.748580633786656,0.0034361839758906285,3986.9111166255634,541.7389932653361,805.1070641711399,0.0,0.0,0.0,0.0
ringCFRP,"nTOF 5 ns, no veto, strict",14.0,oracle: IPC only,"MM occ ÷10, DAQ 10 µs",False,3680364698.807223,0.011957846414102368,0.9996728667734354,32.7240277732571,0.004269642875435092,4945.355061756518,671.9717581171302,998.6528865545833,0.0,0.0,0.0,0.0
ringCFRP,"nTOF 5 ns, no veto, strict",14.0,oracle: IPC only,"MM occ ÷10, DAQ 10 µs",False,4573050519.273256,0.010739024631918608,0.9995822896542268,41.788490061951826,0.005305260257209782,6131.5989786923365,833.1578409089259,1238.2000772036206,0.0,0.0,0.0,0.0
ringCFRP,"nTOF 5 ns, no veto, strict",14.0,oracle: IPC only,"MM occ ÷10, DAQ 10 µs",False,5682260526.681813,0.00964699155107067,0.9994636412207257,53.66466143971506,0.006592070395082295,7598.355764507211,1032.459837183421,1534.393349422841,0.0,0.0,0.0,0.0
ringCFRP,"nTOF 5 ns, no veto, strict",14.0,oracle: IPC only,"MM occ ÷10, DAQ 10 µs",False,7060513448.737786,0.008668876422165829,0.9993068006936027,69.36801650065601,0.008191001004081737,9409.743740841406,1278.5901044522768,1900.1806000138836,0.0,0.0,0.0,0.0
ringCFRP,"nTOF 5 ns, no veto, strict",14.0,oracle: IPC only,"MM occ ÷10, DAQ 10 µs",False,8773066621.237415,0.007793159873995616,0.9990973981041329,90.34173220546873,0.01017775803773565,11643.304321232254,1582.0849215733067,2351.2203520735848,0.0,0.0,0.0,0.0
ringCFRP,"nTOF 5 ns, no veto, strict",14.0,oracle: IPC only,"MM occ ÷10, DAQ 10 µs",False,10901005783.71244,0.0070095407129480165,0.998814815362127,118.6590967258885,0.012646410203474918,14392.104214226001,1955.5901347967877,2906.306268740632,0.0,0.0,0.0,0.0
ringCFRP,"nTOF 5 ns, no veto, strict",14.0,oracle: IPC only,"MM occ ÷10, DAQ 10 µs",False,13545084316.226381,0.006308818227879782,0.9984291845157172,157.32868275927478,0.01571384291526508,17766.7254483847,2414.131561120904,3587.7690139704914,0.0,0.0,0.0,0.0
ringCFRP,"nTOF 5 ns, no veto, strict",14.0,oracle: IPC only,"MM occ ÷10, DAQ 10 µs",False,16830493696.995401,0.005682789095116439,0.9978968684428973,210.7564041547099,0.01952529256861989,21896.784459233324,2975.321400877667,4421.783013232209,0.0,0.0,0.0,0.0
ringCFRP,"nTOF 5 ns, no veto, strict",14.0,oracle: IPC only,"MM occ ÷10, DAQ 10 µs",False,20912791051.82548,0.005124158372208744,0.9971536490338616,285.44758061068666,0.02426122317411306,26931.362910109554,3659.416777401005,5438.453452415449,0.0,0.0,0.0,0.0
ringCFRP,"nTOF 5 ns, no veto, strict",14.0,oracle: IPC only,"MM occ ÷10, DAQ 10 µs",False,25985264452.18819,0.004626464567682313,0.9961044663893597,391.0768139370662,0.030145870943316944,33037.32984735645,4489.091752521908,6671.477457960287,0.0,0.0,0.0,0.0
ringCFRP,"nTOF 5 ns, no veto, strict",14.0,oracle: IPC only,"MM occ ÷10, DAQ 10 µs",False,32288084693.086143,0.004184019443765465,0.99460800788731,542.1223305997158,0.03745786139508375,40393.92288533684,5488.701021371469,8157.049834633486,0.0,0.0,0.0,0.0
ringCFRP,"nTOF 5 ns, no veto, strict",14.0,oracle: IPC only,"MM occ ÷10, DAQ 10 µs",False,40119676867.86864,0.0037918641543774898,0.9924537037325563,760.3675858191277,0.04654340167950456,49181.05945255602,6682.691651802027,9931.502667204408,0.0,0.0,0.0,0.0
ringCFRP,"nTOF 5 ns, no veto, strict",14.0,oracle: IPC only,"MM occ ÷10, DAQ 10 µs",False,49850850159.80715,0.0034457447073706028,0.9893277593821824,1078.7365983222912,0.05783267274794382,59557.60495268424,8092.65017567532,12026.916846118258,0.0,0.0,0.0,0.0
ringCFRP,"nTOF 5 ns, no veto, strict",14.0,oracle: IPC only,"MM occ ÷10, DAQ 10 µs",False,61942354865.91934,0.003142111833763748,0.9847639106437995,1547.18193787582,0.07186019750343164,71624.25926371843,9732.259629540758,14463.62745805367,0.0,0.0,0.0,0.0
ringCFRP,"nTOF 5 ns, no veto, strict",14.0,oracle: IPC only,"MM occ ÷10, DAQ 10 µs",False,76966697940.67007,0.002878153575238661,0.9780741809851515,2241.7337499660725,0.08929014931988942,85364.14460239116,11599.22667074575,17238.226244803045,0.0,0.0,0.0,0.0
ringCFRP,"nTOF 5 ns, no veto, strict",14.0,oracle: IPC only,"MM occ ÷10, DAQ 10 µs",False,95635249979.00363,0.002651873957050209,0.968256493943098,3278.4191229774992,0.11094779923458209,100553.60923429024,13663.161641257226,20305.549522997957,0.0,0.0,0.0,0.0
ringCFRP,"nTOF 5 ns, no veto, strict",14.0,oracle: IPC only,"MM occ ÷10, DAQ 10 µs",False,118831927096.53209,0.0024622391295600742,0.9538827416419434,4834.688410304369,0.13785859077128013,116638.77845580476,15848.804392164884,23553.74919181584,0.0,0.0,0.0,0.0
ringCFRP,"nTOF 5 ns, no veto, strict",14.0,oracle: IPC only,"MM occ ÷10, DAQ 10 µs",False,147655042472.05707,0.002309425238664899,0.9329888569060036,7182.41623123132,0.17129669250365412,132585.36996579153,18015.61729015233,26773.96481704109,0.0,0.0,0.0,0.0
ringCFRP,"nTOF 5 ns, no veto, strict",14.0,oracle: IPC only,"MM occ ÷10, DAQ 10 µs",False,183469309133.68265,0.0021952233991298195,0.9030262367271377,10738.75368497896,0.21284532721920293,146739.1414485472,19938.822922201984,29632.142757831338,0.0,0.0,0.0,0.0
ringCFRP,"nTOF 5 ns, no veto, strict",14.0,oracle: IPC only,"MM occ ÷10, DAQ 10 µs",False,227970456209.51938,0.0021236931058006914,0.8609963002230325,16144.517664124674,0.26447173414094477,156790.55804870496,21304.603134144283,31661.901203152138,0.0,0.0,0.0,0.0
ringCFRP,"nTOF 5 ns, no veto, strict",14.0,oracle: IPC only,"MM occ ÷10, DAQ 10 µs",True,283265518084.60077,0.002102220770381814,0.8039550352769477,24385.065845817928,0.3286203135081469,160009.87091308043,21742.041356150352,32312.00135664626,0.0,0.0,0.0,0.0
ringCFRP,"nTOF 5 ns, no veto, strict",14.0,oracle: IPC only,"MM occ ÷10, DAQ 10 µs",False,351972597984.32916,0.002143269552087879,0.7300510104589141,36976.729800208705,0.4083283637133069,153939.41494011428,20917.191588684345,31086.148348237213,0.0,0.0,0.0,0.0
ringCFRP,"nTOF 5 ns, no veto, strict",14.0,oracle: IPC only,"MM occ ÷10, DAQ 10 µs",False,437344829577.312,0.002267384481769754,0.6399818976491471,56254.41964426049,0.5073698909019327,137547.62005755882,18689.88473439877,27776.029444568365,0.0,0.0,0.0,0.0
ringCFRP,"nTOF 5 ns, no veto, strict",14.0,oracle: IPC only,"MM occ ÷10, DAQ 10 µs",False,543424405915.04,0.0025086406728675676,0.5381686016748767,85815.3740087812,0.6304343001128845,112363.82164573389,15267.92592991797,22690.474885934742,0.0,0.0,0.0,0.0
ringCFRP,"nTOF 5 ns, no veto, strict",14.0,oracle: IPC only,"MM occ ÷10, DAQ 10 µs",False,675233968650.1553,0.002925145157960279,0.4325186227596107,131203.91756074494,0.7833484286036267,82643.47598143005,11229.543917202069,16688.82108829721,0.0,0.0,0.0,0.0
ringCFRP,"nTOF 5 ns, no veto, strict",14.0,oracle: IPC only,"MM occ ÷10, DAQ 10 µs",False,839014419404.4929,0.003620514371509071,0.332260982122426,200968.23094068162,0.9733524341646622,53946.449749489824,7330.20991003757,10893.81391000965,0.0,0.0,0.0,0.0
ringCFRP,"nTOF 5 ns, no veto, strict",14.0,oracle: IPC only,"MM occ ÷10, DAQ 10 µs",False,1042520413147.9037,0.004790381884357712,0.24492312617195086,308291.3751876331,1.2094426011463462,30815.069219606434,4187.132365910492,6222.719590655426,0.0,0.0,0.0,0.0
ringCFRP,"nTOF 5 ns, no veto, strict",14.0,oracle: IPC only,"MM occ ÷10, DAQ 10 µs",False,1295387524568.9966,0.006829671695578339,0.1743652427671906,473508.7934555755,1.5027972953321773,15160.159314158327,2059.952982233881,3061.405434119458,0.0,0.0,0.0,0.0
ringCFRP,"nTOF 5 ns, no veto, strict",14.0,oracle: IPC only,"MM occ ÷10, DAQ 10 µs",False,1609588471982.2002,0.010599615537433249,0.12077377682355904,727994.3099410735,1.8673062357131451,6293.948631180334,855.2178103246135,1270.984568319752,0.0,0.0,0.0,0.0
ringCFRP,"nTOF 5 ns, no veto, strict",14.0,oracle: IPC only,"MM occ ÷10, DAQ 10 µs",False,2000000000000.0002,0.01815634924188761,0.08195654570680287,1120158.7943658223,2.3202281430526983,2145.094179222238,291.47405776498675,433.175063723502,0.0,0.0,0.0,0.0
ringCFRP,"nTOF 5 ns, no veto, strict",14.0,oracle: IPC only,"no MM loss, DREAM",False,1000000000.0,0.022866511280671943,0.9975767502584543,8.151463574098505,0.0,1352.3951375188744,183.76260690669872,273.0993611135988,0.0,0.0,0.0,0.0
ringCFRP,"nTOF 5 ns, no veto, strict",14.0,oracle: IPC only,"no MM loss, DREAM",False,1242553630.827767,0.020519902911290057,0.9969661030548177,10.211843914211238,0.0,1679.3948498856491,228.19512365805426,339.1328819790569,0.0,0.0,0.0,0.0
ringCFRP,"nTOF 5 ns, no veto, strict",14.0,oracle: IPC only,"no MM loss, DREAM",False,1543939525.4832668,0.018415594715648846,0.9961949958466924,12.817239964411407,0.0,2085.1241727796696,283.32537073235244,421.06486753077485,0.0,0.0,0.0,0.0
ringCFRP,"nTOF 5 ns, no veto, strict",14.0,oracle: IPC only,"no MM loss, DREAM",False,1918427663.1677406,0.016528797865371758,0.9952178871482318,16.124467586654827,0.0,2588.337372159389,351.70166607864275,522.6825082941521,0.0,0.0,0.0,0.0
ringCFRP,"nTOF 5 ns, no veto, strict",14.0,oracle: IPC only,"no MM loss, DREAM",False,2383749258.3495045,0.014837308396163883,0.993974676873124,20.341770866186813,0.0,3212.1304389159977,436.46227851904285,648.6497520915995,0.0,0.0,0.0,0.0
ringCFRP,"nTOF 5 ns, no veto, strict",14.0,oracle: IPC only,"no MM loss, DREAM",False,2961936295.9451737,0.013321251878252158,0.992385350761288,25.748580633786656,0.0,3984.8624980626587,541.4606282540808,804.6933711570397,0.0,0.0,0.0,0.0
ringCFRP,"nTOF 5 ns, no veto, strict",14.0,oracle: IPC only,"no MM loss, DREAM",False,3680364698.807223,0.011962858078156318,0.9903424181466532,32.7240277732571,0.0,4941.212361660543,671.408850614619,997.8163198455583,0.0,0.0,0.0,0.0
ringCFRP,"nTOF 5 ns, no veto, strict",14.0,oracle: IPC only,"no MM loss, DREAM",False,4573050519.273256,0.010746263838814829,0.9877001990146874,41.788490061951826,0.0,6123.340673602052,832.0357075694009,1236.5324153040256,0.0,0.0,0.0,0.0
ringCFRP,"nTOF 5 ns, no veto, strict",14.0,oracle: IPC only,"no MM loss, DREAM",False,5682260526.681813,0.009657343015286417,0.9842596516298998,53.66466143971506,0.0,7582.075519726448,1030.2476876873193,1531.1057566734642,0.0,0.0,0.0,0.0
ringCFRP,"nTOF 5 ns, no veto, strict",14.0,oracle: IPC only,"no MM loss, DREAM",False,7060513448.737786,0.00868356294998004,0.9797469945069353,69.36801650065601,0.0,9377.94121968987,1274.2687977343792,1893.7584767990506,0.0,0.0,0.0,0.0
ringCFRP,"nTOF 5 ns, no veto, strict",14.0,oracle: IPC only,"no MM loss, DREAM",False,8773066621.237415,0.00781386763123915,0.9737839480588676,90.34173220546873,0.0,11581.673577327925,1573.7105745712638,2338.774790626132,0.0,0.0,0.0,0.0
ringCFRP,"nTOF 5 ns, no veto, strict",14.0,oracle: IPC only,"no MM loss, DREAM",False,10901005783.71244,0.007038588272992892,0.9658472446361338,118.6590967258885,0.0,14273.559739621385,1939.482385601759,2882.3676879369,0.0,0.0,0.0,0.0
ringCFRP,"nTOF 5 ns, no veto, strict",14.0,oracle: IPC only,"no MM loss, DREAM",False,13545084316.226381,0.00634938238937221,0.9552157165310303,157.32868275927478,0.0,17540.438814337118,2383.383874570495,3542.073245424385,0.0,0.0,0.0,0.0
ringCFRP,"nTOF 5 ns, no veto, strict",14.0,oracle: IPC only,"no MM loss, DREAM",False,16830493696.995401,0.005739202114744799,0.9409060135190672,210.7564041547099,0.0,21468.43475318923,2917.117510264166,4335.283122920229,0.0,0.0,0.0,0.0
ringCFRP,"nTOF 5 ns, no veto, strict",14.0,oracle: IPC only,"no MM loss, DREAM",False,20912791051.82548,0.005202290779556227,0.9216051516744985,285.44758061068666,0.0,26128.48168507805,3550.3217778294224,5276.321584647515,0.0,0.0,0.0,0.0
ringCFRP,"nTOF 5 ns, no veto, strict",14.0,oracle: IPC only,"no MM loss, DREAM",False,25985264452.18819,0.004734202332417066,0.8956232668778483,391.0768139370662,0.0,31550.757461286044,4287.097224856729,6371.282671967661,0.0,0.0,0.0,0.0
ringCFRP,"nTOF 5 ns, no veto, strict",14.0,oracle: IPC only,"no MM loss, DREAM",False,32288084693.086143,0.004331829362920153,0.860916780907967,542.1223305997158,0.0,37684.32482887358,5120.522529219752,7609.880240802821,0.0,0.0,0.0,0.0
ringCFRP,"nTOF 5 ns, no veto, strict",14.0,oracle: IPC only,"no MM loss, DREAM",False,40119676867.86864,0.003993410766717576,0.8152686509392165,760.3675858191277,0.0,44342.017723881465,6025.165683006442,8954.318434697043,0.0,0.0,0.0,0.0
ringCFRP,"nTOF 5 ns, no veto, strict",14.0,oracle: IPC only,"no MM loss, DREAM",False,49850850159.80715,0.0037184707676513845,0.7567367507559052,1078.7365983222912,0.0,51141.64307283334,6949.0945300183075,10327.418120649349,0.0,0.0,0.0,0.0
ringCFRP,"nTOF 5 ns, no veto, strict",14.0,oracle: IPC only,"no MM loss, DREAM",False,61942354865.91934,0.0035076259235049916,0.6844344867044478,1547.18193787582,0.0,57474.72182702405,7809.629317026345,11606.304530152907,0.0,0.0,0.0,0.0
ringCFRP,"nTOF 5 ns, no veto, strict",14.0,oracle: IPC only,"no MM loss, DREAM",False,76966697940.67007,0.0033622069164832504,0.5995072083756416,2241.7337499660725,0.0,62553.922224757946,8499.787895828613,12631.985815974378,0.0,0.0,0.0,0.0
ringCFRP,"nTOF 5 ns, no veto, strict",14.0,oracle: IPC only,"no MM loss, DREAM",False,95635249979.00363,0.003283703902418909,0.5058248517132626,3278.4191229774992,0.0,65580.60850625587,8911.05213802132,13243.18742919878,0.0,0.0,0.0,0.0
ringCFRP,"nTOF 5 ns, no veto, strict",14.0,oracle: IPC only,"no MM loss, DREAM",True,118831927096.53209,0.003273158261965458,0.4097122877520586,4834.688410304369,0.0,66003.87164422112,8968.56486894011,13328.660150413467,0.0,0.0,0.0,0.0
ringCFRP,"nTOF 5 ns, no veto, strict",14.0,oracle: IPC only,"no MM loss, DREAM",False,147655042472.05707,0.003330724018327476,0.31843482538548035,7182.41623123132,0.0,63742.064082389144,8661.231869617102,12871.916272118064,0.0,0.0,0.0,0.0
ringCFRP,"nTOF 5 ns, no veto, strict",14.0,oracle: IPC only,"no MM loss, DREAM",False,183469309133.68265,0.0034556017420401,0.2380868144633538,10738.75368497896,0.0,59218.315804101745,8046.547778003987,11958.40162660878,0.0,0.0,0.0,0.0
ringCFRP,"nTOF 5 ns, no veto, strict",14.0,oracle: IPC only,"no MM loss, DREAM",False,227970456209.51938,0.0036463780953587695,0.1720854580872206,16144.517664124674,0.0,53183.880551324706,7226.592483507435,10739.822554194903,0.0,0.0,0.0,0.0
ringCFRP,"nTOF 5 ns, no veto, strict",14.0,oracle: IPC only,"no MM loss, DREAM",False,283265518084.60077,0.00390160775487879,0.12096652804534391,24385.065845817928,0.0,46453.26120897153,6312.0401295877155,9380.657772171406,0.0,0.0,0.0,0.0
ringCFRP,"nTOF 5 ns, no veto, strict",14.0,oracle: IPC only,"no MM loss, DREAM",False,351972597984.32916,0.004220403679002886,0.08320114418426024,36976.729800208705,0.0,39700.450445372204,5394.4724192044705,8017.011708903693,0.0,0.0,0.0,0.0
ringCFRP,"nTOF 5 ns, no veto, strict",14.0,oracle: IPC only,"no MM loss, DREAM",False,437344829577.312,0.004602875380720478,0.0562942073182074,56254.41964426049,0.0,33376.822297821374,4535.221774726093,6740.033731753875,0.0,0.0,0.0,0.0
ringCFRP,"nTOF 5 ns, no veto, strict",14.0,oracle: IPC only,"no MM loss, DREAM",False,543424405915.04,0.005050375177899692,0.0376322093065797,85815.3740087812,0.0,27724.015732007807,3767.1219479410324,5598.519821511133,0.0,0.0,0.0,0.0
ringCFRP,"nTOF 5 ns, no veto, strict",14.0,oracle: IPC only,"no MM loss, DREAM",False,675233968650.1553,0.005565592945959264,0.024938422400846382,131203.91756074494,0.0,22828.66633194409,3101.944927913262,4609.964955780124,0.0,0.0,0.0,0.0
ringCFRP,"nTOF 5 ns, no veto, strict",14.0,oracle: IPC only,"no MM loss, DREAM",False,839014419404.4929,0.006152563596741038,0.016423453705986232,200968.23094068162,0.0,18680.61617268031,2538.3104621427715,3772.317868080292,0.0,0.0,0.0,0.0
ringCFRP,"nTOF 5 ns, no veto, strict",14.0,oracle: IPC only,"no MM loss, DREAM",False,1042520413147.9037,0.006816641409970887,0.010767643641064065,308291.3751876331,0.0,15218.173223890703,2067.8358760668393,3073.1206209343695,0.0,0.0,0.0,0.0
ringCFRP,"nTOF 5 ns, no veto, strict",14.0,oracle: IPC only,"no MM loss, DREAM",False,1295387524568.9966,0.00756447586724174,0.00703701934402749,473508.7934555755,0.0,12357.930169640005,1679.1878356722466,2495.5301452849617,0.0,0.0,0.0,0.0
ringCFRP,"nTOF 5 ns, no veto, strict",14.0,oracle: IPC only,"no MM loss, DREAM",False,1609588471982.2002,0.00840400712648118,0.0045883703162878904,727994.3099410735,0.0,10012.224895681362,1360.4548676077143,2021.844168526587,0.0,0.0,0.0,0.0
ringCFRP,"nTOF 5 ns, no veto, strict",14.0,oracle: IPC only,"no MM loss, DREAM",False,2000000000000.0002,0.009344488720433893,0.0029867925165031565,1120158.7943658223,0.0,8098.271486479843,1100.3880733584442,1635.3451056764482,0.0,0.0,0.0,0.0
ringCFRP,"nTOF 5 ns, no veto, strict",14.0,oracle: IPC only,"no MM loss, no dead time",False,1000000000.0,0.02283878884211174,1.0,8.151463574098505,0.0,1355.6802894298542,184.20899129725024,273.7627566428784,0.0,0.0,0.0,0.0
ringCFRP,"nTOF 5 ns, no veto, strict",14.0,oracle: IPC only,"no MM loss, no dead time",False,1242553630.827767,0.020488751630519123,1.0,10.211843914211238,0.0,1684.5054658727029,228.88955096751877,340.16490725202704,0.0,0.0,0.0,0.0
ringCFRP,"nTOF 5 ns, no veto, strict",14.0,oracle: IPC only,"no MM loss, no dead time",False,1543939525.4832668,0.01838052561714937,1.0,12.817239964411407,0.0,2093.0883827693465,284.40754261322775,422.67314058619684,0.0,0.0,0.0,0.0
ringCFRP,"nTOF 5 ns, no veto, strict",14.0,oracle: IPC only,"no MM loss, no dead time",False,1918427663.1677406,0.016489229214895006,1.0,16.124467586654827,0.0,2600.7745696534803,353.3916247088704,525.1940454887562,0.0,0.0,0.0,0.0
ringCFRP,"nTOF 5 ns, no veto, strict",14.0,oracle: IPC only,"no MM loss, no dead time",False,2383749258.3495045,0.014792541071168525,1.0,20.341770866186813,0.0,3231.6018844874566,439.1080463861305,652.5817681111774,0.0,0.0,0.0,0.0
ringCFRP,"nTOF 5 ns, no veto, strict",14.0,oracle: IPC only,"no MM loss, no dead time",False,2961936295.9451737,0.013270436628083547,1.0,25.748580633786656,0.0,4015.4386549597425,545.6152973627741,810.8678453785473,0.0,0.0,0.0,0.0
ringCFRP,"nTOF 5 ns, no veto, strict",14.0,oracle: IPC only,"no MM loss, no dead time",False,3680364698.807223,0.011904951789738048,1.0,32.7240277732571,0.0,4989.397880086393,677.9562687732865,1007.5467853966023,0.0,0.0,0.0,0.0
ringCFRP,"nTOF 5 ns, no veto, strict",14.0,oracle: IPC only,"no MM loss, no dead time",False,4573050519.273256,0.010679970907366807,1.0,41.788490061951826,0.0,6199.594451545713,842.3970233066931,1251.9309164233937,0.0,0.0,0.0,0.0
ringCFRP,"nTOF 5 ns, no veto, strict",14.0,oracle: IPC only,"no MM loss, no dead time",False,5682260526.681813,0.009581036580133089,1.0,53.66466143971506,0.0,7703.328595427835,1046.7234799082382,1555.5913057474274,0.0,0.0,0.0,0.0
ringCFRP,"nTOF 5 ns, no veto, strict",14.0,oracle: IPC only,"no MM loss, no dead time",False,7060513448.737786,0.008595179026801427,1.0,69.36801650065601,0.0,9571.798915708217,1300.6100604326568,1932.905625040573,0.0,0.0,0.0,0.0
ringCFRP,"nTOF 5 ns, no veto, strict",14.0,oracle: IPC only,"no MM loss, no dead time",False,8773066621.237415,0.00771076301451099,1.0,90.34173220546873,0.0,11893.473496266528,1616.077752881719,2401.7389024415784,0.0,0.0,0.0,0.0
ringCFRP,"nTOF 5 ns, no veto, strict",14.0,oracle: IPC only,"no MM loss, no dead time",False,10901005783.71244,0.006917350538081381,1.0,118.6590967258885,0.0,14778.278675939793,2008.0632795431588,2984.289393529079,0.0,0.0,0.0,0.0
ringCFRP,"nTOF 5 ns, no veto, strict",14.0,oracle: IPC only,"no MM loss, no dead time",False,13545084316.226381,0.006205577629171805,1.0,157.32868275927478,0.0,18362.803826173556,2495.1263189282663,3708.1396213703524,0.0,0.0,0.0,0.0
ringCFRP,"nTOF 5 ns, no veto, strict",14.0,oracle: IPC only,"no MM loss, no dead time",False,16830493696.995401,0.00556704384137782,1.0,210.7564041547099,0.0,22816.768566390056,3100.3282669582495,4607.56235015005,0.0,0.0,0.0,0.0
ringCFRP,"nTOF 5 ns, no veto, strict",14.0,oracle: IPC only,"no MM loss, no dead time",False,20912791051.82548,0.004994213106952774,1.0,285.44758061068666,0.0,28351.058625924838,3852.3241448669323,5725.143327444267,0.0,0.0,0.0,0.0
ringCFRP,"nTOF 5 ns, no veto, strict",14.0,oracle: IPC only,"no MM loss, no dead time",False,25985264452.18819,0.004480324795050616,1.0,391.0768139370662,0.0,35227.710833453784,4786.7193533298805,7113.797628525237,0.0,0.0,0.0,0.0
ringCFRP,"nTOF 5 ns, no veto, strict",14.0,oracle: IPC only,"no MM loss, no dead time",False,32288084693.086143,0.004019313921786795,1.0,542.1223305997158,0.0,43772.32000185866,5947.7555122335825,8839.275072297989,0.0,0.0,0.0,0.0
ringCFRP,"nTOF 5 ns, no veto, strict",14.0,oracle: IPC only,"no MM loss, no dead time",False,40119676867.86864,0.0036057395704247423,1.0,760.3675858191277,0.0,54389.45514806438,7390.405207001703,10983.273334969243,0.0,0.0,0.0,0.0
ringCFRP,"nTOF 5 ns, no veto, strict",14.0,oracle: IPC only,"no MM loss, no dead time",False,49850850159.80715,0.00323472067689279,1.0,1078.7365983222912,0.0,67581.81497297165,9182.974823248438,13647.306160739883,0.0,0.0,0.0,0.0
ringCFRP,"nTOF 5 ns, no veto, strict",14.0,oracle: IPC only,"no MM loss, no dead time",False,61942354865.91934,0.002901878422762851,1.0,1547.18193787582,0.0,83974.02957259624,11410.33870842732,16957.509821045493,0.0,0.0,0.0,0.0
ringCFRP,"nTOF 5 ns, no veto, strict",14.0,oracle: IPC only,"no MM loss, no dead time",False,76966697940.67007,0.002603284555804546,1.0,2241.7337499660725,0.0,104342.23534066777,14177.95779113098,21070.6153979376,0.0,0.0,0.0,0.0
ringCFRP,"nTOF 5 ns, no veto, strict",14.0,oracle: IPC only,"no MM loss, no dead time",False,95635249979.00363,0.0023354150281864874,1.0,3278.4191229774992,0.0,129650.82337123208,17616.872931092625,26181.36966648282,0.0,0.0,0.0,0.0
ringCFRP,"nTOF 5 ns, no veto, strict",14.0,oracle: IPC only,"no MM loss, no dead time",False,118831927096.53209,0.002095108405156149,1.0,4834.688410304369,0.0,161098.10131973392,21889.909424360547,32531.755939132192,0.0,0.0,0.0,0.0
ringCFRP,"nTOF 5 ns, no veto, strict",14.0,oracle: IPC only,"no MM loss, no dead time",False,147655042472.05707,0.0018795285533314736,1.0,7182.41623123132,0.0,200173.03071429572,27199.38643373027,40422.45145937164,0.0,0.0,0.0,0.0
ringCFRP,"nTOF 5 ns, no veto, strict",14.0,oracle: IPC only,"no MM loss, no dead time",False,183469309133.68265,0.0016861311682461716,1.0,10738.75368497896,0.0,248725.72610784622,33796.69636951905,50227.063827801394,0.0,0.0,0.0,0.0
ringCFRP,"nTOF 5 ns, no veto, strict",14.0,oracle: IPC only,"no MM loss, no dead time",False,227970456209.51938,0.0015126337461018608,1.0,16144.517664124674,0.0,309055.0540555771,41994.20778392952,62409.82052505264,0.0,0.0,0.0,0.0
ringCFRP,"nTOF 5 ns, no veto, strict",14.0,oracle: IPC only,"no MM loss, no dead time",False,283265518084.60077,0.0013569886453294584,1.0,24385.065845817928,0.0,384017.4795424291,52180.0553556573,77547.54909271344,0.0,0.0,0.0,0.0
ringCFRP,"nTOF 5 ns, no veto, strict",14.0,oracle: IPC only,"no MM loss, no dead time",False,351972597984.32916,0.0012173589200284033,1.0,36976.729800208705,0.0,477162.31350677303,64836.51723896584,96356.9886869456,0.0,0.0,0.0,0.0
ringCFRP,"nTOF 5 ns, no veto, strict",14.0,oracle: IPC only,"no MM loss, no dead time",False,437344829577.312,0.0010920966400665172,1.0,56254.41964426049,0.0,592899.7651420205,80562.84990550445,119728.72614859483,0.0,0.0,0.0,0.0
ringCFRP,"nTOF 5 ns, no veto, strict",14.0,oracle: IPC only,"no MM loss, no dead time",False,543424405915.04,0.0009797234419712064,1.0,85815.3740087812,0.0,736709.7558941478,100103.66165991698,148769.36339031986,0.0,0.0,0.0,0.0
ringCFRP,"nTOF 5 ns, no veto, strict",14.0,oracle: IPC only,"no MM loss, no dead time",False,675233968650.1553,0.0008789130810707797,1.0,131203.91756074494,0.0,915401.3820525114,124384.16825468416,184853.91263657753,0.0,0.0,0.0,0.0
ringCFRP,"nTOF 5 ns, no veto, strict",14.0,oracle: IPC only,"no MM loss, no dead time",False,839014419404.4929,0.0007884757789637885,1.0,200968.23094068162,0.0,1137435.3109341038,154553.9998823497,229690.90031929815,0.0,0.0,0.0,0.0
ringCFRP,"nTOF 5 ns, no veto, strict",14.0,oracle: IPC only,"no MM loss, no dead time",False,1042520413147.9037,0.000707344181582942,1.0,308291.3751876331,0.0,1413324.3754328808,192041.63371276783,285403.26215984265,0.0,0.0,0.0,0.0
ringCFRP,"nTOF 5 ns, no veto, strict",14.0,oracle: IPC only,"no MM loss, no dead time",False,1295387524568.9966,0.0006345607621286483,1.0,473508.7934555755,0.0,1756131.3342315194,238622.02923989674,354628.859646803,0.0,0.0,0.0,0.0
ringCFRP,"nTOF 5 ns, no veto, strict",14.0,oracle: IPC only,"no MM loss, no dead time",False,1609588471982.2002,0.0005692665201997924,1.0,727994.3099410735,0.0,2182087.365559786,296500.6688275234,440645.37715044565,0.0,0.0,0.0,0.0
ringCFRP,"nTOF 5 ns, no veto, strict",14.0,oracle: IPC only,"no MM loss, no dead time",True,2000000000000.0002,0.0005106908437472553,1.0,1120158.7943658223,0.0,2711360.5788597083,368417.9825945004,547525.5132857569,0.0,0.0,0.0,0.0
