variant,hw,ecut,scenario,knobs,best,R,reach3,live,trig_Hz,occ,X17,M1,E0,G,WALL,ACC,COS
ringCFRP,"nTOF 5 ns, no veto, strict",13.0,as is,MM occ + DREAM,False,1000000000.0,0.06331952402038683,0.9975767502584543,8.151463574098505,0.011601140715263488,1581.5562515157621,213.0349161832948,312.47469344222543,12.2623219113546,0.0,36.544468515783656,10703.323806026048
ringCFRP,"nTOF 5 ns, no veto, strict",13.0,as is,MM occ + DREAM,False,1242553630.827767,0.05275748217067799,0.9969661030548177,10.211843914211238,0.014415039517494486,1952.9437657636488,263.06064741700436,385.8512803019448,15.141810547437421,0.0,56.38791147439226,10696.771974550353
ringCFRP,"nTOF 5 ns, no veto, strict",13.0,as is,MM occ + DREAM,False,1543939525.4832668,0.044213062665215866,0.9961949958466924,12.817239964411407,0.017911459690988518,2407.8636594297845,324.33815261126887,475.73170926415094,18.6689529899949,0.0,86.99218876522168,10688.498515755742
ringCFRP,"nTOF 5 ns, no veto, strict",13.0,as is,MM occ + DREAM,False,1918427663.1677406,0.037301941265489066,0.9952178871482318,16.124467586654827,0.022255949272463067,2963.1066041729027,399.12912769125785,585.4333836613042,22.973932797651617,0.0,134.1789412491998,10678.014800301667
ringCFRP,"nTOF 5 ns, no veto, strict",13.0,as is,MM occ + DREAM,False,2383749258.3495045,0.031716780979806125,0.993974676873124,20.341770866186813,0.027654210576017583,3637.7319638762137,490.0008604050199,718.7219418517634,28.2045234404549,0.0,206.90538471158976,10664.675994911497
ringCFRP,"nTOF 5 ns, no veto, strict",13.0,as is,MM occ + DREAM,False,2961936295.9451733,0.02721236775690843,0.992385350761288,25.748580633786652,0.034361839758906276,4452.7128688271005,599.7784219750249,879.7411330387538,34.523336444125846,0.0,318.93861456003225,10647.62360069326
ringCFRP,"nTOF 5 ns, no veto, strict",13.0,as is,MM occ + DREAM,False,3680364698.807223,0.023593807846287087,0.9903424181466532,32.7240277732571,0.042696428754350924,5430.0713701931245,731.4281727948214,1072.8419461175208,42.10111596038596,0.0,491.4082293954943,10625.70431550276
ringCFRP,"nTOF 5 ns, no veto, strict",13.0,as is,MM occ + DREAM,False,4573050519.273255,0.02070729468848176,0.9877001990146874,41.78849006195182,0.053052602572097804,6591.210511339106,887.8330931851679,1302.253070018822,51.103806771389316,0.0,756.6803757315661,10597.355091316671
ringCFRP,"nTOF 5 ns, no veto, strict",13.0,as is,MM occ + DREAM,False,5682260526.681813,0.018433069233076624,0.9842596516298998,53.66466143971506,0.06592070395082295,7954.040083281384,1071.4056239456681,1571.513017174371,61.67026933347242,0.0,1164.1992017771981,10560.440344937693
ringCFRP,"nTOF 5 ns, no veto, strict",13.0,as is,MM occ + DREAM,False,7060513448.737786,0.016680322289091557,0.9797469945069353,69.36801650065601,0.08191001004081737,9528.379386207404,1283.4684203978807,1882.5618278533332,73.87663588646383,0.0,1789.2121570325926,10512.022586203693
ringCFRP,"nTOF 5 ns, no veto, strict",13.0,as is,MM occ + DREAM,False,8773066621.237415,0.01538396072186923,0.9737839480588676,90.34173220546873,0.10177758037735649,11309.049440385279,1523.323876299827,2234.3762693363437,87.68275210984288,0.0,2745.6223236094083,10448.043131001368
ringCFRP,"nTOF 5 ns, no veto, strict",13.0,as is,MM occ + DREAM,False,10901005783.71244,0.014503422691142253,0.9658472446361338,118.6590967258885,0.12646410203474917,13266.141920456106,1786.943353669197,2621.047228502113,102.85672899363675,0.0,4204.524781990518,10362.88767136991
ringCFRP,"nTOF 5 ns, no veto, strict",13.0,as is,MM occ + DREAM,False,13545084316.226381,0.014024138654663112,0.9552157165310303,157.32868275927478,0.1571384291526508,15332.374340695656,2065.2639319218342,3029.2814228129096,118.87690346189984,0.0,6420.076696530864,10248.818565576992
ringCFRP,"nTOF 5 ns, no veto, strict",13.0,as is,MM occ + DREAM,True,16830493696.995401,0.013962924169924548,0.9409060135190672,210.7564041547099,0.1952529256861989,17388.555685029005,2342.230634767776,3435.5297839549235,134.81914865752455,0.0,9763.719328854948,10095.285130815782
ringCFRP,"nTOF 5 ns, no veto, strict",13.0,as is,MM occ + DREAM,False,20912791051.82548,0.014379895447297947,0.9216051516744985,285.44758061068666,0.24261223174113059,19250.47863894148,2593.030819741497,3803.397701191028,149.255245137263,0.0,14765.366168160072,9888.199937617092
ringCFRP,"nTOF 5 ns, no veto, strict",13.0,as is,MM occ + DREAM,False,25985264452.18819,0.015402271087046794,0.8956232668778483,391.0768139370662,0.30145870943316944,20664.445085466625,2783.491464522725,4082.760974860294,160.21818858143595,0.0,22154.144324208206,9609.431886940925
ringCFRP,"nTOF 5 ns, no veto, strict",13.0,as is,MM occ + DREAM,False,32288084693.086143,0.017271738628656063,0.860916780907967,542.1223305997158,0.3745786139508375,21323.748606787267,2872.299352493377,4213.022333261302,165.32998400949938,0.0,32879.187122847616,9237.054766675545
ringCFRP,"nTOF 5 ns, no veto, strict",13.0,as is,MM occ + DREAM,False,40119676867.86863,0.020442085245693273,0.8152686509392165,760.3675858191277,0.46543401679504554,20921.955122085514,2818.1779507067527,4133.63831145434,162.21474795856795,0.0,48071.86010738473,8747.281206828131
ringCFRP,"nTOF 5 ns, no veto, strict",13.0,as is,MM occ + DREAM,False,49850850159.80715,0.025791410024395535,0.7567367507559052,1078.7365983222912,0.5783267274794381,19253.253509351358,2593.4045935384274,3803.945943961298,149.27675961339725,0.0,68891.44522021976,8119.2735066871
ringCFRP,"nTOF 5 ns, no veto, strict",13.0,as is,MM occ + DREAM,False,61942354865.91934,0.03511450750416321,0.6844344867044478,1547.18193787582,0.7186019750343164,16344.242543138149,2201.562123964818,3229.200462087753,126.72224795617369,0.0,96201.67625703505,7343.519116008841
ringCFRP,"nTOF 5 ns, no veto, strict",13.0,as is,MM occ + DREAM,False,76966697940.67009,0.05235812278135258,0.5995072083756415,2241.7337499660734,0.8929014931988943,12553.008658622639,1690.8846238474728,2480.150502785717,97.32757401485215,0.0,130099.44682226675,6432.306861230243
ringCFRP,"nTOF 5 ns, no veto, strict",13.0,as is,MM occ + DREAM,False,95635249979.00362,0.08702110058804587,0.5058248517132627,3278.419122977498,1.1094779923458207,8534.002537798176,1149.5263058809646,1686.0986286627076,66.16690756999952,0.0,169477.2814512931,5427.158537545596
ringCFRP,"nTOF 5 ns, no veto, strict",13.0,as is,MM occ + DREAM,False,118831927096.53207,0.16459742752380518,0.4097122877520586,4834.6884103043685,1.378585907712801,5014.210607667234,675.4119150084059,990.6785933057652,38.87681171227176,0.0,211943.74340756668,4395.9357332474465
ringCFRP,"nTOF 5 ns, no veto, strict",13.0,as is,MM occ + DREAM,False,147655042472.05704,0.36308948526907797,0.3184348253854804,7182.416231231319,1.7129669250365407,2480.959195687779,334.18408848940834,490.1735005455687,19.235686544378183,0.0,254326.99211500713,3416.5902987746335
ringCFRP,"nTOF 5 ns, no veto, strict",13.0,as is,MM occ + DREAM,False,183469309133.68265,0.9619861775454153,0.2380868144633538,10738.75368497896,2.1284532721920293,1004.0670027584118,135.24737395211045,198.3777235755576,7.784859246449578,0.0,293587.4770158174,2554.510486021549
ringCFRP,"nTOF 5 ns, no veto, strict",13.0,as is,MM occ + DREAM,False,227970456209.51935,3.1740516516389254,0.17208545808722064,16144.517664124667,2.6447173414094474,321.1185488666165,43.25452419231839,63.44473680246352,2.489736937358793,0.0,327624.7029522417,1846.3605729971623
ringCFRP,"nTOF 5 ns, no veto, strict",13.0,as is,MM occ + DREAM,False,283265518084.60077,13.648420639851135,0.12096652804534391,24385.065845817928,3.2862031350814687,77.75245275535136,10.473220437089703,15.361877780714138,0.6028401482209349,0.0,355572.3395103617,1297.889028613189
ringCFRP,"nTOF 5 ns, no veto, strict",13.0,as is,MM occ + DREAM,False,351972597984.32916,81.00950950409855,0.08320114418426024,36976.729800208705,4.083283637133069,13.49453724718994,1.8177081015185177,2.666172249908333,0.10462755252063753,0.0,377591.61159019324,892.6920029013088
ringCFRP,"nTOF 5 ns, no veto, strict",13.0,as is,MM occ + DREAM,False,437344829577.31195,713.7408061929516,0.05629420731820741,56254.419644260466,5.073698909019326,1.5651060628379532,0.21081908316261178,0.3092245607585231,0.012134778228430593,0.0,394445.52426836727,603.9987691916729
ringCFRP,"nTOF 5 ns, no veto, strict",13.0,as is,MM occ + DREAM,False,543424405915.04004,10229.577355105082,0.0376322093065797,85815.3740087812,6.304343001128845,0.11092541115182679,0.014941603022136592,0.021915998126149763,0.0008600409238618268,0.0,407111.4577856984,403.7681528164263
ringCFRP,"nTOF 5 ns, no veto, strict",13.0,as is,MM occ + DREAM,False,675233968650.1552,267522.53292443487,0.024938422400846386,131203.9175607449,7.833484286036265,0.004290028790540343,0.0005778649497548872,0.0008475989582398077,3.326199367753608e-05,0.0,416536.3162516876,267.57240492880095
ringCFRP,"nTOF 5 ns, no veto, strict",13.0,as is,MM occ + DREAM,False,839014419404.4929,14736415.441472394,0.016423453705986232,200968.23094068162,9.733524341646621,7.8526644550174e-05,1.057750372385979e-05,1.5514838096555474e-05,6.088427099383232e-07,0.0,423524.629678556,176.21255004480236
ringCFRP,"nTOF 5 ns, no veto, strict",13.0,as is,MM occ + DREAM,False,1042520413147.9036,2045036082.5497298,0.010767643641064065,308291.3751876331,12.09442601146346,5.692921973319114e-07,7.668340308868158e-08,1.1247744408069637e-07,4.4139082493056244e-09,0.0,428711.50668405497,115.52953343023171
ringCFRP,"nTOF 5 ns, no veto, strict",13.0,as is,MM occ + DREAM,False,1295387524568.9966,893517619962.7751,0.00703701934402749,473508.7934555755,15.027972953321772,1.3087959624127674e-09,1.7629422784451608e-10,2.585843005845664e-10,1.014752234832323e-11,0.0,432577.07185057254,75.50245798018179
ringCFRP,"nTOF 5 ns, no veto, strict",13.0,as is,MM occ + DREAM,False,1609588471982.2002,1621981915208668.2,0.0045883703162878904,727994.3099410735,18.67306235713145,7.233897948238222e-13,9.744028020530253e-14,1.4292315190191354e-13,5.6086772272671586e-15,0.0,435475.27154991403,49.23011008873624
ringCFRP,"nTOF 5 ns, no veto, strict",13.0,as is,MM occ + DREAM,False,2000000000000.0002,1.7270228496661629e+19,0.0029867925165031565,1120158.7943658223,23.20228143052698,6.810898553382826e-17,9.17424973700579e-18,1.3456577567157024e-17,5.280711987772584e-19,0.0,437663.5484106817,32.04626354540259
ringCFRP,"nTOF 5 ns, no veto, strict",13.0,as is,"MM occ ÷10, DAQ 10 µs",False,1000000000.0,0.06208153941717024,0.9999184920083534,8.151463574098505,0.001160114071526349,1618.720567604514,218.04093285541052,319.817403045942,12.550468986148083,0.0,36.63025410333781,10728.44911113442
ringCFRP,"nTOF 5 ns, no veto, strict",13.0,as is,"MM occ ÷10, DAQ 10 µs",False,1242553630.827767,0.051496446179096864,0.9998978919879687,10.211843914211238,0.0014415039517494486,2010.174077725595,270.7695447137475,397.15851276286617,15.585535838708001,0.0,56.553732011637784,10728.228086848789
ringCFRP,"nTOF 5 ns, no veto, strict",13.0,as is,"MM occ ÷10, DAQ 10 µs",False,1543939525.4832668,0.04292233748207,0.9998718440264146,12.817239964411407,0.0017911459690988518,2495.9380509298976,336.20173355765576,493.13293571925334,19.35182249886378,0.0,87.31326754221315,10727.948609839197
ringCFRP,"nTOF 5 ns, no veto, strict",13.0,as is,"MM occ ÷10, DAQ 10 µs",False,1918427663.1677406,0.03597284261937593,0.9998387813197873,16.124467586654827,0.0022255949272463067,3098.5408500690814,417.372059736949,612.1916949306178,24.023998718107404,0.0,134.80194722163122,10727.593869359485
ringCFRP,"nTOF 5 ns, no veto, strict",13.0,as is,"MM occ ÷10, DAQ 10 µs",False,2383749258.3495045,0.030337832162706798,0.9997966236616869,20.341770866186813,0.0027654210576017585,3845.78649171054,518.0257117855899,759.828146415775,29.817638113407124,0.0,208.11727890576321,10727.141546201958
ringCFRP,"nTOF 5 ns, no veto, strict",13.0,as is,"MM occ ÷10, DAQ 10 µs",False,2961936295.9451733,0.025768252115806058,0.9997425804755361,25.748580633786652,0.0034361839758906276,4771.931699989736,642.7770550465239,942.8105346568954,36.99834424996966,0.0,321.30312412303834,10726.561699367383
ringCFRP,"nTOF 5 ns, no veto, strict",13.0,as is,"MM occ ÷10, DAQ 10 µs",False,3680364698.807223,0.02206391082933421,0.9996728667734354,32.7240277732571,0.004269642875435092,5919.0927253161935,797.2991295190224,1169.4599436641354,45.89265816591856,0.0,496.0380010332005,10725.81371849563
ringCFRP,"nTOF 5 ns, no veto, strict",13.0,as is,"MM occ ÷10, DAQ 10 µs",False,4573050519.273255,0.019063683436296663,0.9995822896542268,41.78849006195182,0.00530526025720978,7338.907410308994,988.547529393112,1449.9786783045859,56.90094491206769,0.0,765.7832845075006,10724.841887269555
ringCFRP,"nTOF 5 ns, no veto, strict",13.0,as is,"MM occ ÷10, DAQ 10 µs",False,5682260526.681813,0.016637681687838086,0.9994636412207257,53.66466143971506,0.006592070395082295,9094.467792184047,1225.020723722449,1796.8320966512147,70.5123776491207,0.0,1182.1827415028763,10723.56886982753
ringCFRP,"nTOF 5 ns, no veto, strict",13.0,as is,"MM occ ÷10, DAQ 10 µs",False,7060513448.737786,0.014681008333396636,0.9993068006936027,69.36801650065601,0.008191001004081737,11262.517054482463,1517.0559848346236,2225.1826709384486,87.32197133160828,0.0,1824.9322390686687,10721.886077052666
ringCFRP,"nTOF 5 ns, no veto, strict",13.0,as is,"MM occ ÷10, DAQ 10 µs",False,8773066621.237415,0.01310879855491779,0.9990973981041329,90.34173220546873,0.01017775803773565,13935.864471977839,1877.1546803246706,2753.367118343231,108.04930656410414,0.0,2816.9945963505997,10719.639328899868
ringCFRP,"nTOF 5 ns, no veto, strict",13.0,as is,"MM occ ÷10, DAQ 10 µs",False,10901005783.71244,0.011852342286394854,0.998814815362127,118.6590967258885,0.012646410203474918,17225.90153641265,2320.321194060788,3403.3935224863285,133.55803794543982,0.0,4348.039161608263,10716.607407206726
ringCFRP,"nTOF 5 ns, no veto, strict",13.0,as is,"MM occ ÷10, DAQ 10 µs",False,13545084316.226381,0.010856141669832724,0.9984291845157172,157.32868275927478,0.01571384291526508,21264.983816323114,2864.3837616321216,4201.4119274550685,164.8743614054762,0.0,6710.517666024437,10712.46984905128
ringCFRP,"nTOF 5 ns, no veto, strict",13.0,as is,"MM occ ÷10, DAQ 10 µs",False,16830493696.995401,0.010075744625104865,0.9978968684428973,210.7564041547099,0.01952529256861989,26208.24915136212,3530.2393803067916,5178.073566071783,203.20111125923208,0.0,10355.109652428953,10706.758457628948
ringCFRP,"nTOF 5 ns, no veto, strict",13.0,as is,"MM occ ÷10, DAQ 10 µs",False,20912791051.82548,0.009476121541389266,0.9971536490338616,285.44758061068666,0.02426122317411306,32234.133301534872,4341.923266752168,6368.63273887325,249.92175820374024,0.0,15975.755698794168,10698.784216056285
ringCFRP,"nTOF 5 ns, no veto, strict",13.0,as is,"MM occ ÷10, DAQ 10 µs",False,25985264452.18819,0.009030321260475989,0.9961044663893597,391.0768139370662,0.030145870943316944,39542.36173568138,5326.338351846128,7812.550043349173,306.5848389985787,0.0,24639.648082510183,10687.527195909359
ringCFRP,"nTOF 5 ns, no veto, strict",13.0,as is,"MM occ ÷10, DAQ 10 µs",False,32288084693.086143,0.00871828009366549,0.99460800788731,542.1223305997158,0.03745786139508375,48347.463854831374,6512.38164947826,9552.210951882758,374.85367012228255,0.0,37984.97547082363,10671.471208331892
ringCFRP,"nTOF 5 ns, no veto, strict",13.0,as is,"MM occ ÷10, DAQ 10 µs",False,40119676867.86863,0.008525932628750447,0.9924537037325563,760.3675858191277,0.046543401679504555,58864.782729183964,7929.059774409541,11630.161696883311,456.39787669607705,0.0,58519.477664110884,10648.35698184353
ringCFRP,"nTOF 5 ns, no veto, strict",13.0,as is,"MM occ ÷10, DAQ 10 µs",True,49850850159.80715,0.008444942548521208,0.9893277593821824,1078.7365983222912,0.05783267274794382,71284.46427211164,9601.985295702287,14083.970202939927,552.6917220587884,0.0,90065.95632132185,10614.817713237884
ringCFRP,"nTOF 5 ns, no veto, strict",13.0,as is,"MM occ ÷10, DAQ 10 µs",False,61942354865.91934,0.00847327571062189,0.9847639106437995,1547.18193787582,0.07186019750343164,85727.03611163072,11547.393230674175,16937.449618386483,664.6696962562382,0.0,138414.9115242865,10565.850703094571
ringCFRP,"nTOF 5 ns, no veto, strict",13.0,as is,"MM occ ÷10, DAQ 10 µs",False,76966697940.67009,0.008616679135676106,0.9780741809851515,2241.7337499660734,0.08929014931988943,102172.29723832723,13762.562512437325,20186.608745174977,792.1751742678937,0.0,212252.51026102583,10494.074428544536
ringCFRP,"nTOF 5 ns, no veto, strict",13.0,as is,"MM occ ÷10, DAQ 10 µs",False,95635249979.00362,0.008891232721097628,0.968256493943098,3278.419122977498,0.11094779923458208,120352.55901556501,16211.435601960571,23778.559218069793,933.1326787079207,0.0,324415.61102667754,10388.73728690596
ringCFRP,"nTOF 5 ns, no veto, strict",13.0,as is,"MM occ ÷10, DAQ 10 µs",False,118831927096.53207,0.00932759604776375,0.9538827416419434,4834.6884103043685,0.13785859077128013,139604.88911837654,18804.715813053142,27582.322720733046,1082.4022788489715,0.0,493442.55732405855,10234.516646592307
ringCFRP,"nTOF 5 ns, no veto, strict",13.0,as is,"MM occ ÷10, DAQ 10 µs",False,147655042472.05704,0.0099783609910799,0.9329888569060036,7182.416231231319,0.1712966925036541,158691.35563526725,21375.65427367643,31353.315859955746,1230.385884462807,0.0,745157.9749999985,10010.33939523134
ringCFRP,"nTOF 5 ns, no veto, strict",13.0,as is,"MM occ ÷10, DAQ 10 µs",False,183469309133.68265,0.010931276054494305,0.9030262367271377,10738.75368497896,0.21284532721920293,175631.99685782293,23657.551031682742,34700.349307333614,1361.7322060727101,0.0,1113531.6129008702,9688.860746327096
ringCFRP,"nTOF 5 ns, no veto, strict",13.0,as is,"MM occ ÷10, DAQ 10 µs",False,227970456209.51935,0.012333804501563007,0.8609963002230328,16144.517664124667,0.26447173414094477,187662.53180104794,25278.05868091358,37077.27248962788,1455.0088708124185,0.0,1639206.8233945575,9237.90795514226
ringCFRP,"nTOF 5 ns, no veto, strict",13.0,as is,"MM occ ÷10, DAQ 10 µs",False,283265518084.60077,0.01444034927356078,0.8039550352769477,24385.065845817928,0.3286203135081469,191515.72557946865,25797.082150889513,37838.56412470665,1484.8839400377717,0.0,2363167.5420774613,8625.89376288578
ringCFRP,"nTOF 5 ns, no veto, strict",13.0,as is,"MM occ ÷10, DAQ 10 µs",False,351972597984.32916,0.01770702202843556,0.7300510104589141,36976.729800208705,0.4083283637133069,184250.0001987366,24818.39220798573,36403.044326530806,1428.5503992910244,0.0,3313189.2630195245,7832.953562554266
ringCFRP,"nTOF 5 ns, no veto, strict",13.0,as is,"MM occ ÷10, DAQ 10 µs",False,437344829577.31195,0.022992013884607494,0.6399818976491471,56254.419644260466,0.5073698909019326,164630.6700126149,22175.677250634635,32526.771080116283,1276.4353276982115,0.0,4484262.363151452,6866.5729015428105
ringCFRP,"nTOF 5 ns, no veto, strict",13.0,as is,"MM occ ÷10, DAQ 10 µs",False,543424405915.04004,0.032006690637928936,0.5381686016748767,85815.3740087812,0.6304343001128845,134488.19568796724,18115.49950788653,26571.396166857598,1042.7308843568317,0.0,5821996.847898136,5774.185098510061
ringCFRP,"nTOF 5 ns, no veto, strict",13.0,as is,"MM occ ÷10, DAQ 10 µs",False,675233968650.1552,0.04840918671906862,0.4325186227596109,131203.9175607449,0.7833484286036265,98915.93047775596,13323.931373497115,19543.23472400453,766.9274997439616,0.0,7224182.465865489,4640.632282511749
ringCFRP,"nTOF 5 ns, no veto, strict",13.0,as is,"MM occ ÷10, DAQ 10 µs",False,839014419404.4929,0.08069369035783648,0.332260982122426,200968.23094068162,0.9733524341646622,64568.47572748904,8697.344657520482,12757.064214214473,500.6204704620118,0.0,8568277.53341199,3564.935609057833
ringCFRP,"nTOF 5 ns, no veto, strict",13.0,as is,"MM occ ÷10, DAQ 10 µs",False,1042520413147.9036,0.15062353310460755,0.24492312617195086,308291.3751876331,1.2094426011463462,36882.5392252225,4968.061455254567,7287.0377684807845,285.962366785494,0.0,9751563.660827994,2627.85948682483
ringCFRP,"nTOF 5 ns, no veto, strict",13.0,as is,"MM occ ÷10, DAQ 10 µs",False,1295387524568.9966,0.3208847045098048,0.1743652427671906,473508.7934555755,1.5027972953321773,18145.18625871865,2444.1484329448626,3585.020455776489,140.6855524946712,0.0,10718516.244063187,1870.8211206506776
ringCFRP,"nTOF 5 ns, no veto, strict",13.0,as is,"MM occ ÷10, DAQ 10 µs",False,1609588471982.2002,0.7991593168776779,0.12077377682355904,727994.3099410735,1.8673062357131451,7533.223619155281,1014.7218353812489,1488.3705456389948,58.40754191308079,0.0,11462456.086347012,1295.8209383732792
ringCFRP,"nTOF 5 ns, no veto, strict",13.0,as is,"MM occ ÷10, DAQ 10 µs",False,2000000000000.0002,2.39993990274524,0.08195654570680287,1120158.7943658223,2.3202281430526983,2567.4620310968467,345.83598153673216,507.26422808082145,19.90637126584434,0.0,12009335.235484093,879.3383030388553
ringCFRP,"nTOF 5 ns, no veto, strict",13.0,as is,"no MM loss, DREAM",False,1000000000.0,0.06202634438011144,0.9975767502584543,8.151463574098505,0.0,1618.680988579558,218.0356015785394,319.8095832521927,12.55016211704717,0.0,36.544468515783656,10703.323806026048
ringCFRP,"nTOF 5 ns, no veto, strict",13.0,as is,"no MM loss, DREAM",False,1242553630.827767,0.051442212341276716,0.9969661030548177,10.211843914211238,0.0,2010.066762599834,270.7550894145448,397.1373100639474,15.584703789505337,0.0,56.38791147439226,10696.771974550353
ringCFRP,"nTOF 5 ns, no veto, strict",13.0,as is,"no MM loss, DREAM",False,1543939525.4832668,0.04286913732205179,0.9961949958466924,12.817239964411407,0.0,2495.683963710661,336.1675081234346,493.082734643027,19.349852477707177,0.0,86.99218876522168,10688.498515755742
ringCFRP,"nTOF 5 ns, no veto, strict",13.0,as is,"no MM loss, DREAM",False,1918427663.1677406,0.035920741340311806,0.9952178871482318,16.124467586654827,0.0,3097.9795624160943,417.29645454238556,612.0807989778928,24.019646871703447,0.0,134.1789412491998,10678.014800301667
ringCFRP,"nTOF 5 ns, no veto, strict",13.0,as is,"no MM loss, DREAM",False,2383749258.3495045,0.03028688168381317,0.993974676873124,20.341770866186813,0.0,3844.5971373795132,517.865506291805,759.5931606986209,29.808416661018228,0.0,206.90538471158976,10664.675994911497
ringCFRP,"nTOF 5 ns, no veto, strict",13.0,as is,"no MM loss, DREAM",False,2961936295.9451733,0.025718484387996468,0.992385350761288,25.748580633786652,0.0,4769.479709570198,642.4467730391607,942.3260846387981,36.979333167803524,0.0,318.93861456003225,10647.62360069326
ringCFRP,"nTOF 5 ns, no veto, strict",13.0,as is,"no MM loss, DREAM",False,3680364698.807223,0.02201533446890784,0.9903424181466532,32.7240277732571,0.0,5914.134329873393,796.6312358816332,1168.4802927067508,45.85421410740015,0.0,491.4082293954943,10625.70431550276
ringCFRP,"nTOF 5 ns, no veto, strict",13.0,as is,"no MM loss, DREAM",False,4573050519.273255,0.01901629164383965,0.9877001990146874,41.78849006195182,0.0,7329.023049535517,987.2161104398594,1448.0257837429128,56.824308236276885,0.0,756.6803757315661,10597.355091316671
ringCFRP,"nTOF 5 ns, no veto, strict",13.0,as is,"no MM loss, DREAM",False,5682260526.681813,0.01659148469756588,0.9842596516298998,53.66466143971506,0.0,9074.981976252771,1222.3959930752121,1792.9822023753954,70.36129775713096,0.0,1164.1992017771981,10560.440344937693
ringCFRP,"nTOF 5 ns, no veto, strict",13.0,as is,"no MM loss, DREAM",False,7060513448.737786,0.014636111074186301,0.9797469945069353,69.36801650065601,0.0,11224.452634588632,1511.9287245845526,2217.662124055603,87.02684545817836,0.0,1789.2121570325926,10512.022586203693
ringCFRP,"nTOF 5 ns, no veto, strict",13.0,as is,"no MM loss, DREAM",False,8773066621.237415,0.013065555367250709,0.9737839480588676,90.34173220546873,0.0,13862.098668846535,1867.2184597999753,2738.7928996280366,107.47737621184588,0.0,2745.6223236094083,10448.043131001368
ringCFRP,"nTOF 5 ns, no veto, strict",13.0,as is,"no MM loss, DREAM",False,10901005783.71244,0.011811636530318645,0.9658472446361338,118.6590967258885,0.0,17084.015720632735,2301.209238451683,3375.360547530719,132.45795089758366,0.0,4204.524781990518,10362.88767136991
ringCFRP,"nTOF 5 ns, no veto, strict",13.0,as is,"no MM loss, DREAM",False,13545084316.226381,0.010819858315122277,0.9552157165310303,157.32868275927478,0.0,20994.141469777514,2827.9014192937243,4147.9004705423595,162.77443227719772,0.0,6420.076696530864,10248.818565576992
ringCFRP,"nTOF 5 ns, no veto, strict",13.0,as is,"no MM loss, DREAM",False,16830493696.995401,0.01004752710752935,0.9409060135190672,210.7564041547099,0.0,25695.557626228976,3461.18006232177,5076.778953886557,199.2260464985694,0.0,9763.719328854948,10095.285130815782
ringCFRP,"nTOF 5 ns, no veto, strict",13.0,as is,"no MM loss, DREAM",False,20912791051.82548,0.009462530700316557,0.9216051516744985,285.44758061068666,0.0,31273.165209450304,4212.481296695239,6178.770247612445,242.4710588812295,0.0,14765.366168160072,9888.199937617092
ringCFRP,"nTOF 5 ns, no veto, strict",13.0,as is,"no MM loss, DREAM",False,25985264452.18819,0.009042545037787512,0.8956232668778483,391.0768139370662,0.0,37763.084072871876,5086.670450435635,7461.010702461267,292.7895184400198,0.0,22154.144324208206,9609.431886940925
ringCFRP,"nTOF 5 ns, no veto, strict",13.0,as is,"no MM loss, DREAM",False,32288084693.086143,0.008774568993246561,0.860916780907967,542.1223305997158,0.0,45104.3474467557,6075.5353270632895,8911.454858358002,349.7087299067789,0.0,32879.187122847616,9237.054766675545
ringCFRP,"nTOF 5 ns, no veto, strict",13.0,as is,"no MM loss, DREAM",True,40119676867.86863,0.008654923124885259,0.8152686509392165,760.3675858191277,0.0,53072.936373155964,7148.900673637492,10485.842351409634,411.49180117036957,0.0,48071.86010738473,8747.281206828131
ringCFRP,"nTOF 5 ns, no veto, strict",13.0,as is,"no MM loss, DREAM",False,49850850159.80715,0.00868991456890026,0.7567367507559052,1078.7365983222912,0.0,61211.40417481091,8245.14862834941,12093.793525434763,474.59199881015786,0.0,68891.44522021976,8119.2735066871
ringCFRP,"nTOF 5 ns, no veto, strict",13.0,as is,"no MM loss, DREAM",False,61942354865.91934,0.008897097319965961,0.6844344867044478,1547.18193787582,0.0,68791.46261645295,9266.17909326778,13591.41742313439,533.3626663910379,0.0,96201.67625703505,7343.519116008841
ringCFRP,"nTOF 5 ns, no veto, strict",13.0,as is,"no MM loss, DREAM",False,76966697940.67009,0.009306674919465715,0.5995072083756415,2241.7337499660734,0.0,74870.75475002355,10085.05701107042,14792.528634931381,580.4974028656738,0.0,130099.44682226675,6432.306861230243
ringCFRP,"nTOF 5 ns, no veto, strict",13.0,as is,"no MM loss, DREAM",False,95635249979.00362,0.00996249449612748,0.5058248517132627,3278.419122977498,0.0,78493.39387843943,10573.024873323031,15508.268622060308,608.5849066258029,0.0,169477.2814512931,5427.158537545596
ringCFRP,"nTOF 5 ns, no veto, strict",13.0,as is,"no MM loss, DREAM",False,118831927096.53207,0.010922419195927555,0.4097122877520586,4834.6884103043685,0.0,78999.99729306555,10641.26412555931,15608.360380750753,612.5127682782628,0.0,211943.74340756668,4395.9357332474465
ringCFRP,"nTOF 5 ns, no veto, strict",13.0,as is,"no MM loss, DREAM",False,147655042472.05704,0.012258475995151896,0.3184348253854804,7182.416231231319,0.0,76292.84107917997,10276.611400392265,15073.496187824712,591.5233024105935,0.0,254326.99211500713,3416.5902987746335
ringCFRP,"nTOF 5 ns, no veto, strict",13.0,as is,"no MM loss, DREAM",False,183469309133.68265,0.014057678974530922,0.2380868144633538,10738.75368497896,0.0,70878.36927871393,9547.284482627809,14003.736314041724,549.5431350067252,0.0,293587.4770158174,2554.510486021549
ringCFRP,"nTOF 5 ns, no veto, strict",13.0,as is,"no MM loss, DREAM",False,227970456209.51935,0.01642445106557207,0.17208545808722064,16144.517664124667,0.0,63655.75707795975,8574.401865688036,12576.734567426807,493.5438648184891,0.0,327624.7029522417,1846.3605729971623
ringCFRP,"nTOF 5 ns, no veto, strict",13.0,as is,"no MM loss, DREAM",False,283265518084.60077,0.019485112486434645,0.12096652804534391,24385.065845817928,0.0,55599.88252725662,7489.279184754374,10985.101687959223,431.08403961560003,0.0,355572.3395103617,1297.889028613189
ringCFRP,"nTOF 5 ns, no veto, strict",13.0,as is,"no MM loss, DREAM",False,351972597984.32916,0.023394396345463524,0.08320114418426024,36976.729800208705,0.0,47517.447076795615,6400.578762562221,9388.221060268057,368.41827908617796,0.0,377591.61159019324,892.6920029013088
ringCFRP,"nTOF 5 ns, no veto, strict",13.0,as is,"no MM loss, DREAM",False,437344829577.31195,0.02834377729286649,0.05629420731820741,56254.419644260466,0.0,39948.7000609892,5381.071941619524,7892.832008352127,309.7353126823758,0.0,394445.52426836727,603.9987691916729
ringCFRP,"nTOF 5 ns, no veto, strict",13.0,as is,"no MM loss, DREAM",False,543424405915.04004,0.03457156844213714,0.0376322093065797,85815.3740087812,0.0,33182.859023593104,4469.7161950693935,6556.076453807056,257.27753843495924,0.0,407111.4577856984,403.7681528164263
ringCFRP,"nTOF 5 ns, no veto, strict",13.0,as is,"no MM loss, DREAM",False,675233968650.1552,0.04237504215783894,0.024938422400846386,131203.9175607449,0.0,27323.61804696922,3680.479069196381,5398.441670839346,211.84893041504034,0.0,416536.3162516876,267.57240492880095
ringCFRP,"nTOF 5 ns, no veto, strict",13.0,as is,"no MM loss, DREAM",False,839014419404.4929,0.05212509990183964,0.016423453705986232,200968.23094068162,0.0,22358.81911638967,3011.722884881564,4417.52554955166,173.35522356549376,0.0,423524.629678556,176.21255004480236
ringCFRP,"nTOF 5 ns, no veto, strict",13.0,as is,"no MM loss, DREAM",False,1042520413147.9036,0.06428422215112603,0.010767643641064065,308291.3751876331,0.0,18214.623075039384,2453.5015408920167,3598.739378434239,141.22391879900493,0.0,428711.50668405497,115.52953343023171
ringCFRP,"nTOF 5 ns, no veto, strict",13.0,as is,"no MM loss, DREAM",False,1295387524568.9966,0.07942860655430939,0.00703701934402749,473508.7934555755,0.0,14791.19975282435,1992.3679581888732,2922.3592926125198,114.68100021763485,0.0,432577.07185057254,75.50245798018179
ringCFRP,"nTOF 5 ns, no veto, strict",13.0,as is,"no MM loss, DREAM",False,1609588471982.2002,0.09827559387161325,0.0045883703162878904,727994.3099410735,0.0,11983.626413915723,1614.1890914178537,2367.6552676679503,92.91296759885246,0.0,435475.27154991403,49.23011008873624
ringCFRP,"nTOF 5 ns, no veto, strict",13.0,as is,"no MM loss, DREAM",False,2000000000000.0002,0.12171771723353483,0.0029867925165031565,1120158.7943658223,0.0,9692.816642013322,1305.618044841811,1915.0503852784577,75.15157161067813,0.0,437663.5484106817,32.04626354540259
ringCFRP,"nTOF 5 ns, no veto, strict",13.0,as is,"no MM loss, no dead time",False,1000000000.0,0.06195114613495343,1.0,8.151463574098505,0.0,1622.6129850762732,218.56523973924845,320.58644427041406,12.580648169472322,0.0,36.63324000515814,10729.323636755777
ringCFRP,"nTOF 5 ns, no veto, strict",13.0,as is,"no MM loss, no dead time",False,1242553630.827767,0.05136411787820587,1.0,10.211843914211238,0.0,2016.1836560348042,271.5790322107445,398.3458503223666,15.632130061144537,0.0,56.559507190478485,10729.323636755777
ringCFRP,"nTOF 5 ns, no veto, strict",13.0,as is,"no MM loss, no dead time",False,1543939525.4832668,0.04278750096859433,1.0,12.817239964411407,0.0,2505.216322221648,337.4515125301517,494.9660826432308,19.42375996504703,0.0,87.32445869323477,10729.323636755777
ringCFRP,"nTOF 5 ns, no veto, strict",13.0,as is,"no MM loss, no dead time",False,1918427663.1677406,0.03583474989250429,1.0,16.124467586654827,0.0,3112.865637185507,419.30160212266327,615.0219031249454,24.135063468896302,0.0,134.82368331791713,10729.323636755777
ringCFRP,"nTOF 5 ns, no veto, strict",13.0,as is,"no MM loss, no dead time",False,2383749258.3495045,0.0301954997000172,1.0,20.341770866186813,0.0,3867.9024997638417,521.0047281294152,764.1976987665042,29.989110743535704,0.0,208.1596136457712,10729.323636755777
ringCFRP,"nTOF 5 ns, no veto, strict",13.0,as is,"no MM loss, no dead time",False,2961936295.9451733,0.025620378652133385,1.0,25.748580633786652,0.0,4806.076294769356,647.3763166156382,949.5566252725437,37.26307843967627,0.0,321.38585511703207,10729.323636755777
ringCFRP,"nTOF 5 ns, no veto, strict",13.0,as is,"no MM loss, no dead time",False,3680364698.807223,0.021908769106429082,1.0,32.7240277732571,0.0,5971.807550100926,804.3997927226675,1179.8750324089608,46.30137341103965,0.0,496.20032464642446,10729.323636755777
ringCFRP,"nTOF 5 ns, no veto, strict",13.0,as is,"no MM loss, no dead time",False,4573050519.273255,0.018898981503566784,1.0,41.78849006195182,0.0,7420.291153982578,999.5098830846538,1466.0580054427835,57.53193964419955,0.0,766.1032937792431,10729.323636755777
ringCFRP,"nTOF 5 ns, no veto, strict",13.0,as is,"no MM loss, no dead time",False,5682260526.681813,0.016460388903498276,1.0,53.66466143971506,0.0,9220.109715180251,1241.9446342750787,1821.6556976670524,71.48652049346438,0.0,1182.8171558687025,10729.323636755777
ringCFRP,"nTOF 5 ns, no veto, strict",13.0,as is,"no MM loss, no dead time",False,7060513448.737786,0.01448714032056065,1.0,69.36801650065601,0.0,11456.48080322759,1543.182814605562,2263.504901254285,88.82583559439776,0.0,1826.1981583653917,10729.323636755777
ringCFRP,"nTOF 5 ns, no veto, strict",13.0,as is,"no MM loss, no dead time",False,8773066621.237415,0.012893154305183143,1.0,90.34173220546873,0.0,14235.291818559055,1917.4874093191538,2812.526233449958,110.37086452912924,0.0,2819.5395180650785,10729.323636755777
ringCFRP,"nTOF 5 ns, no veto, strict",13.0,as is,"no MM loss, no dead time",False,10901005783.71244,0.011608184360225295,1.0,118.6590967258885,0.0,17688.113535043358,2382.580942516043,3494.714683171589,137.1417184582691,0.0,4353.198505602715,10729.323636755777
ringCFRP,"nTOF 5 ns, no veto, strict",13.0,as is,"no MM loss, no dead time",False,13545084316.226381,0.010574803436554403,1.0,157.32868275927478,0.0,21978.4296954619,2960.484600864352,4342.370418281968,170.40594020828172,0.0,6721.0752350747225,10729.323636755777
ringCFRP,"nTOF 5 ns, no veto, strict",13.0,as is,"no MM loss, no dead time",False,16830493696.995401,0.009746132439096881,1.0,210.7564041547099,0.0,27309.377617989103,3678.5608898137093,5395.628129635369,211.73851972042064,0.0,10376.933709178686,10729.323636755777
ringCFRP,"nTOF 5 ns, no veto, strict",13.0,as is,"no MM loss, no dead time",False,20912791051.82548,0.009084054861788253,1.0,285.44758061068666,0.0,33933.36631487892,4570.8091898590465,6704.357323074863,263.09646646470543,0.0,16021.358106920656,10729.323636755777
ringCFRP,"nTOF 5 ns, no veto, strict",13.0,as is,"no MM loss, no dead time",False,25985264452.18819,0.008557627219637034,1.0,391.0768139370662,0.0,42164.027520761454,5679.475554680283,8330.523534153399,326.9114696636756,0.0,24736.00803319657,10729.323636755777
ringCFRP,"nTOF 5 ns, no veto, strict",13.0,as is,"no MM loss, no dead time",False,32288084693.086143,0.008141536602092783,1.0,542.1223305997158,0.0,52391.06548624403,7057.052971665529,10351.12226405847,406.2050335898415,0.0,38190.900505123784,10729.323636755777
ringCFRP,"nTOF 5 ns, no veto, strict",13.0,as is,"no MM loss, no dead time",False,40119676867.86863,0.007814722955743952,1.0,760.3675858191277,0.0,65098.70864286781,8768.766792886889,12861.824552347984,504.73153934757255,0.0,58964.440803659454,10729.323636755777
ringCFRP,"nTOF 5 ns, no veto, strict",13.0,as is,"no MM loss, no dead time",False,49850850159.80715,0.0075594103309860605,1.0,1078.7365983222912,0.0,80888.63678639467,10895.6630163836,15981.506796589774,627.1560068096169,0.0,91037.53075478891,10729.323636755777
ringCFRP,"nTOF 5 ns, no veto, strict",13.0,as is,"no MM loss, no dead time",False,61942354865.91934,0.007360618065061943,1.0,1547.18193787582,0.0,100508.4693316432,13538.445641283262,19857.87929620126,779.2749733567333,0.0,140556.4420347171,10729.323636755777
ringCFRP,"nTOF 5 ns, no veto, strict",13.0,as is,"no MM loss, no dead time",False,76966697940.67009,0.007205958373638759,1.0,2241.7337499660734,0.0,124887.16349697454,16822.24478734087,24674.480020034418,968.2909475576205,0.0,217010.64641869743,10729.323636755777
ringCFRP,"nTOF 5 ns, no veto, strict",13.0,as is,"no MM loss, no dead time",False,95635249979.00362,0.007085462044047929,1.0,3278.419122977498,0.0,155178.99844694664,20902.541339183877,30659.364737680953,1203.1534325853797,0.0,335051.31445650046,10729.323636755777
ringCFRP,"nTOF 5 ns, no veto, strict",13.0,as is,"no MM loss, no dead time",False,118831927096.53207,0.006991306386842889,1.0,4834.6884103043685,0.0,192818.22794846992,25972.528634530423,38095.90497367828,1494.9826661018546,0.0,517298.96745451423,10729.323636755777
ringCFRP,"nTOF 5 ns, no veto, strict",13.0,as is,"no MM loss, no dead time",False,147655042472.05704,0.006917461646908249,1.0,7182.416231231319,0.0,239586.98922714833,32272.259756614054,47336.20504471373,1857.5961397894425,0.0,798678.3223447129,10729.323636755777
ringCFRP,"nTOF 5 ns, no veto, strict",13.0,as is,"no MM loss, no dead time",False,183469309133.68265,0.0068593236262700155,1.0,10738.75368497896,0.0,297699.68336328625,40100.01353559762,58817.773447916705,2308.162828107016,0.0,1233111.0300146681,10729.323636755777
ringCFRP,"nTOF 5 ns, no veto, strict",13.0,as is,"no MM loss, no dead time",False,227970456209.51935,0.0068133853081789545,1.0,16144.517664124667,0.0,369907.822459328,49826.41741489942,73084.23795491392,2868.0161026060596,0.0,1903848.8585490284,10729.323636755777
ringCFRP,"nTOF 5 ns, no veto, strict",13.0,as is,"no MM loss, no dead time",False,283265518084.60077,0.00677696940805894,1.0,24385.065845817928,0.0,459630.30786843103,61911.995870023165,90811.08522715881,3563.663821565661,0.0,2939427.503260047,10729.323636755777
ringCFRP,"nTOF 5 ns, no veto, strict",13.0,as is,"no MM loss, no dead time",False,351972597984.32916,0.006748022046212996,1.0,36976.729800208705,0.0,571115.3078804035,76928.97526009103,112837.64366841599,4428.043420535969,0.0,4538298.30457578,10729.323636755777
ringCFRP,"nTOF 5 ns, no veto, strict",13.0,as is,"no MM loss, no dead time",False,437344829577.31195,0.00672495807250987,1.0,56254.419644260466,0.0,709641.399428116,95588.37752528593,140206.8238342406,5502.081429649994,0.0,7006858.130868299,10729.323636755777
ringCFRP,"nTOF 5 ns, no veto, strict",13.0,as is,"no MM loss, no dead time",False,543424405915.04004,0.006706546510978134,1.0,85815.3740087812,0.0,881767.4974451032,118773.68555897937,174214.49802206477,6836.6312575216325,0.0,10818165.217701374,10729.323636755777
ringCFRP,"nTOF 5 ns, no veto, strict",13.0,as is,"no MM loss, no dead time",False,675233968650.1552,0.006691825871040446,1.0,131203.9175607449,0.0,1095643.4054963265,147582.6742381053,216470.85706015342,8494.880991664106,0.0,16702592.872817434,10729.323636755777
ringCFRP,"nTOF 5 ns, no veto, strict",13.0,as is,"no MM loss, no dead time",False,839014419404.4929,0.0066800412709977115,1.0,200968.23094068162,0.0,1361395.6915919604,183379.38772182935,268976.64940849226,10555.345219642017,0.0,25787793.314397946,10729.323636755777
ringCFRP,"nTOF 5 ns, no veto, strict",13.0,as is,"no MM loss, no dead time",False,1042520413147.9036,0.00667059740588268,1.0,308291.3751876331,0.0,1691607.1595808687,227858.72403273176,334217.9123304093,13115.582527306704,0.0,39814793.37309212,10729.323636755777
ringCFRP,"nTOF 5 ns, no veto, strict",13.0,as is,"no MM loss, no dead time",False,1295387524568.9966,0.006663023055990975,1.0,473508.7934555755,0.0,2101912.6180714634,283126.68486265425,415283.68045382824,16296.814689726229,0.0,61471633.18766666,10729.323636755777
ringCFRP,"nTOF 5 ns, no veto, strict",13.0,as is,"no MM loss, no dead time",False,1609588471982.2002,0.006656944062740939,1.0,727994.3099410735,0.0,2611739.1552673955,351800.09026032017,516012.2449714225,20249.666263646624,0.0,94908484.17444752,10729.323636755777
ringCFRP,"nTOF 5 ns, no veto, strict",13.0,as is,"no MM loss, no dead time",True,2000000000000.0002,0.006652062576420714,1.0,1120158.7943658223,0.0,3245225.970152546,437130.4794784968,641172.888540828,25161.29633894465,0.0,146532960.0206326,10729.323636755777
ringCFRP,"nTOF 5 ns, no veto, strict",13.0,no Be window + air,MM occ + DREAM,False,1000000000.0,0.06250736091548621,0.9983416340965454,5.5742303667814594,0.009037208982736772,1590.9059647301885,214.29431835066265,314.3219554461223,12.334813290086316,0.0,0.12826999345737491,10711.530492269454
ringCFRP,"nTOF 5 ns, no veto, strict",13.0,no Be window + air,MM occ + DREAM,False,1242553630.827767,0.051849124648217934,0.9979334949311465,6.948940789329391,0.011229216834048886,1967.3340819550904,264.99901653966873,388.69443535011203,15.25338336653666,0.0,0.19796015023219954,10707.151435075053
ringCFRP,"nTOF 5 ns, no veto, strict",13.0,no Be window + air,MM occ + DREAM,False,1543939525.4832668,0.04319195818281434,0.9974231705758224,8.669418216573773,0.013952904148499728,2429.9948148025433,327.31920929221627,480.1042543342345,18.840543062236016,0.0,0.3054822026532975,10701.675999907062
ringCFRP,"nTOF 5 ns, no veto, strict",13.0,no Be window + air,MM occ + DREAM,False,1918427663.1677406,0.036148527956286695,0.9967841571910357,10.826234289716941,0.017337231710310222,2997.10924919488,403.70926869182284,592.1514286687357,23.237566404548236,0.0,0.4713438802389773,10694.819818493464
ringCFRP,"nTOF 5 ns, no veto, strict",13.0,no Be window + air,MM occ + DREAM,False,2383749258.3495045,0.03040783689462591,0.9959826029235522,13.53557602667064,0.02154244021014826,3689.909756323394,497.02918559418805,729.0309268681351,28.60907489855067,0.0,0.7271412526642796,10686.219683345213
ringCFRP,"nTOF 5 ns, no veto, strict",13.0,no Be window + air,MM occ + DREAM,False,2961936295.9451733,0.02572019333985666,0.9949750398472192,16.947442615717378,0.026767637300009802,4532.656129739239,610.5467432860845,895.5358579638715,35.14316264316779,0.0,1.1215264050776739,10675.409213014791
ringCFRP,"nTOF 5 ns, no veto, strict",13.0,no Be window + air,MM occ + DREAM,False,3680364698.807223,0.021885150893995058,0.993705315058119,21.256909379195505,0.03326022491580795,5552.313145791964,747.8940850213627,1096.9937657695075,43.048896351991985,0.0,1.729359225904437,10661.785924822923
ringCFRP,"nTOF 5 ns, no veto, strict",13.0,no Be window + air,MM occ + DREAM,False,4573050519.273255,0.018741864034055537,0.9921004031657803,26.719789775512158,0.04132761323128532,6777.661324632478,912.9479339277545,1339.0909382072361,52.54942079305057,0.0,2.665713761475068,10644.566305721544
ringCFRP,"nTOF 5 ns, no veto, strict",13.0,no Be window + air,MM occ + DREAM,False,5682260526.681813,0.01616139715483529,0.9900646505683653,33.67466836103602,0.05135177587397946,8237.511954548818,1109.5891575872329,1627.5197421889836,63.86811928978217,0.0,4.107255577119274,10622.724057259511
ringCFRP,"nTOF 5 ns, no veto, strict",13.0,no Be window + air,MM occ + DREAM,False,7060513448.737786,0.014040603789465759,0.987471820373492,42.574249069701466,0.0638073355616669,9957.575206806154,1341.280904512717,1967.3598439464977,77.2043311929987,0.0,6.324747175200022,10594.904742963565
ringCFRP,"nTOF 5 ns, no veto, strict",13.0,no Be window + air,MM occ + DREAM,False,8773066621.237415,0.0122972677218091,0.9841540658802412,54.03043833599381,0.07928403647559491,11955.403171999285,1610.3874334178126,2362.0790835408707,92.69414359089845,0.0,9.73221815272581,10559.307481258178
ringCFRP,"nTOF 5 ns, no veto, strict",13.0,no Be window + air,MM occ + DREAM,False,10901005783.71244,0.010866269981663203,0.9798866610098422,68.87982950182365,0.09851466738943157,14232.743088009654,1917.1440964597818,2812.0226700791786,110.3511033891558,0.0,14.96080200736363,10513.521113314597
ringCFRP,"nTOF 5 ns, no veto, strict",13.0,no Be window + air,MM occ + DREAM,False,13545084316.226381,0.009696613191200965,0.9743669900568056,88.27968595785359,0.12240975765452802,16764.68731839092,2258.1958462050698,3312.269497495491,129.98209355139386,0.0,22.9684600088025,10454.298777291067
ringCFRP,"nTOF 5 ns, no veto, strict",13.0,no Be window + air,MM occ + DREAM,False,16830493696.995401,0.008749197947478554,0.9671860547372205,113.84977041227143,0.15210068882238145,19485.378622518114,2624.671741943755,3849.807874896417,151.07650139218785,0.0,35.20056438372339,10377.252198232625
ringCFRP,"nTOF 5 ns, no veto, strict",13.0,no Be window + air,MM occ + DREAM,False,20912791051.82548,0.007995312289538927,0.9577908676141071,147.88341446406952,0.18899326314765444,22271.02341827023,2999.8968438082825,4400.17938571517,172.67451485738363,0.0,53.81961391288753,10276.448194960862
ringCFRP,"nTOF 5 ns, no veto, strict",13.0,no Be window + air,MM occ + DREAM,False,25985264452.18819,0.00741588179396892,0.9454371712011994,193.66357333184118,0.23483426532610563,24922.999578995394,3357.116840617578,4924.1414243998415,193.23615175957016,0.0,82.02247027253543,10143.901388036546
ringCFRP,"nTOF 5 ns, no veto, strict",13.0,no Be window + air,MM occ + DREAM,False,32288084693.086143,0.0070016670601030645,0.9291351420437667,255.93858848434525,0.29179416902372374,27157.320791658785,3658.078903655246,5365.585625520941,210.55957350747732,0.0,124.45413867341163,9968.991641270624
ringCFRP,"nTOF 5 ns, no veto, strict",13.0,no Be window + air,MM occ + DREAM,False,40119676867.86863,0.006754854220875578,0.9075981679381867,341.64156881981694,0.36256990417479906,28611.575093496198,3853.9663044379936,5652.908739522209,221.8348818457118,0.0,187.69571287373992,9737.914475935428
ringCFRP,"nTOF 5 ns, no veto, strict",13.0,no Be window + air,MM occ + DREAM,True,49850850159.80715,0.0066930163138867035,0.8792192719801192,460.98222520731747,0.45051255086127406,28885.140584207584,3890.8154530714924,5706.958219434471,223.95592439966828,0.0,280.72961302160076,9433.4281167475
ringCFRP,"nTOF 5 ns, no veto, strict",13.0,no Be window + air,MM occ + DREAM,False,61942354865.91934,0.006857616515439232,0.8421233215409372,629.1091792092582,0.5597860058061551,27628.315520174085,3721.5216818781923,5458.642026938639,214.21134939219246,0.0,415.14232018969386,9035.413658872463
ringCFRP,"nTOF 5 ns, no veto, strict",13.0,no Be window + air,MM occ + DREAM,False,76966697940.67009,0.007332146633735235,0.7943714549541039,868.6473693727146,0.6955641340010116,24682.099637468196,3324.6677267763084,4876.545813869508,191.36837587198988,0.0,604.6098646168039,8523.068428003146
ringCFRP,"nTOF 5 ns, no veto, strict",13.0,no Be window + air,MM occ + DREAM,False,95635249979.00362,0.008282890834952173,0.7344048989846017,1213.5794974568635,0.8642757401765282,20233.366123290733,2725.425322083904,3997.590898597622,156.87589266350872,0.0,863.0132223287657,7879.667841624727
ringCFRP,"nTOF 5 ns, no veto, strict",13.0,no Be window + air,MM occ + DREAM,False,118831927096.53207,0.010059186342339191,0.6617574154133723,1715.193821360439,1.073908958992701,14895.717728143427,2006.446482484425,2943.009346801695,115.49136219980093,0.0,1200.6349640188923,7100.209478993107
ringCFRP,"nTOF 5 ns, no veto, strict",13.0,no Be window + air,MM occ + DREAM,False,147655042472.05704,0.013472142156284356,0.5778806962671634,2451.211365593407,1.3343894761748534,9599.872056174278,1293.0984509070809,1896.6869341275203,74.43094189524213,0.0,1618.7532102882726,6200.269013684164
ringCFRP,"nTOF 5 ns, no veto, strict",13.0,no Be window + air,MM occ + DREAM,False,183469309133.68265,0.020695012171506048,0.4866504697213445,3539.8084203055914,1.6580504885594265,5258.128118453498,708.2674940725008,1038.8703976346221,40.76798379939221,0.0,2104.698481362035,5221.430387619524
ringCFRP,"nTOF 5 ns, no veto, strict",13.0,no Be window + air,MM occ + DREAM,False,227970456209.51935,0.03870317526165518,0.39400610905651506,5161.180245808152,2.0602166546552683,2366.546388239254,318.77273475366104,467.5684829250583,18.348606698580074,0.0,2630.9099404968383,4227.419058926242
ringCFRP,"nTOF 5 ns, no veto, strict",13.0,no Be window + air,MM occ + DREAM,False,283265518084.60077,0.0949537324383513,0.3065569474184085,7590.727037603799,2.55992968453374,842.1571669801972,113.438191849858,166.38851911217495,6.529519434777226,0.0,3160.4176213906912,3289.1487019480282
ringCFRP,"nTOF 5 ns, no veto, strict",13.0,no Be window + air,MM occ + DREAM,False,351972597984.32916,0.3251610000777301,0.22975053039677215,11250.15798355491,3.180849924181178,226.53180420181238,30.513732201894236,44.75683745363773,1.756375028469792,0.0,3656.959240717085,2465.0677963432636
ringCFRP,"nTOF 5 ns, no veto, strict",13.0,no Be window + air,MM occ + DREAM,False,437344829577.31195,1.616617703338021,0.16660291900753513,16786.22749609944,3.952376622409566,43.624537425073754,5.87620558230456,8.619082593739133,0.338235279730017,0.0,4094.2700922757786,1787.5366368600553
ringCFRP,"nTOF 5 ns, no veto, strict",13.0,no Be window + air,MM occ + DREAM,False,543424405915.04004,12.228531698847345,0.11754688209650309,25192.09374750198,4.911039922573793,5.6219907004181575,0.7572796203100518,1.110760252102673,0.043589129178996086,0.0,4460.004348872437,1261.198540504955
ringCFRP,"nTOF 5 ns, no veto, strict",13.0,no Be window + air,MM occ + DREAM,False,675233968650.1552,151.7107918256241,0.08115340923945537,37994.43363181624,6.102230486934182,0.44529307655585265,0.05998077725668053,0.08797841838087081,0.003452502586861618,0.0,4754.022389786271,870.7211919562033
ringCFRP,"nTOF 5 ns, no veto, strict",13.0,no Be window + air,MM occ + DREAM,False,839014419404.4929,3427.9960488285956,0.05510394235825101,57542.019754647066,7.582348647687961,0.019463578359738807,0.002621735256346412,0.0038455007056620674,0.00015090747683824246,0.0,4983.878085939954,591.2280312228104
ringCFRP,"nTOF 5 ns, no veto, strict",13.0,no Be window + air,MM occ + DREAM,False,1042520413147.9036,161448.38083689654,0.03695442368077197,87450.87172097161,9.421474842386685,0.0004098046456665101,5.520050156762934e-05,8.09668204359574e-05,3.1773491971058576e-06,0.0,5160.377324395263,396.49597148079414
ringCFRP,"nTOF 5 ns, no veto, strict",13.0,no Be window + air,MM occ + DREAM,False,1295387524568.9966,18785335.404963396,0.02455751422681815,133291.05307206346,11.706687773160086,3.5034769065145135e-06,4.71916764524888e-07,6.921966078005975e-07,2.7163600153648788e-08,0.0,5294.558050050368,263.4855178537663
ringCFRP,"nTOF 5 ns, no veto, strict",13.0,no Be window + air,MM occ + DREAM,False,1609588471982.2002,6682406238.8432865,0.016210966183496215,203646.43570514966,14.546187397507095,9.819307509417144e-09,1.322656307824553e-09,1.94004171579697e-09,7.613229659814893e-11,0.0,5396.155986285339,173.9327026472346
ringCFRP,"nTOF 5 ns, no veto, strict",13.0,no Be window + air,MM occ + DREAM,False,2000000000000.0002,9485316987766.2,0.01064945187393027,311750.15593332937,18.074417965473547,6.907680245860282e-12,9.304614241747572e-13,1.3647793210980812e-12,5.355749993353916e-14,0.0,5473.096886036767,114.26141570945315
ringCFRP,"nTOF 5 ns, no veto, strict",13.0,no Be window + air,"MM occ ÷10, DAQ 10 µs",False,1000000000.0,0.0615631555051538,0.9999442608033634,5.5742303667814594,0.0009037208982736772,1619.592575543407,218.15839193281937,319.98968930710004,12.557229948362178,0.0,0.1284759038493463,10728.725592875811
ringCFRP,"nTOF 5 ns, no veto, strict",13.0,no Be window + air,"MM occ ÷10, DAQ 10 µs",False,1242553630.827767,0.050893153632179666,0.9999305154205491,6.948940789329391,0.0011229216834048887,2011.5209247684038,270.9509644050178,397.42461497479314,15.59597838350427,0.0,0.19835629935246354,10728.578114215086
ringCFRP,"nTOF 5 ns, no veto, strict",13.0,no Be window + air,"MM occ ÷10, DAQ 10 µs",False,1543939525.4832668,0.04222165534364413,0.9999133133330639,8.669418216573773,0.001395290414849973,2498.018495328233,336.4819684829696,493.54397783360747,19.36795286343766,0.0,0.3062448621912387,10728.393547451231
ringCFRP,"nTOF 5 ns, no veto, strict",13.0,no Be window + air,"MM occ ÷10, DAQ 10 µs",False,1918427663.1677406,0.03516084840256408,0.9998917493765689,10.826234289716941,0.0017337231710310222,3101.754831041428,417.80498152926737,612.8266946140628,24.048917761778533,0.0,0.4728133503829022,10728.162180783105
ringCFRP,"nTOF 5 ns, no veto, strict",13.0,no Be window + air,"MM occ ÷10, DAQ 10 µs",False,2383749258.3495045,0.029399158014758113,0.9998646625584355,13.53557602667064,0.002154244021014826,3850.7523151566966,518.6946059716926,760.8092649548968,29.856139763660394,0.0,0.7299754444438756,10727.871557545062
ringCFRP,"nTOF 5 ns, no veto, strict",13.0,no Be window + air,"MM occ ÷10, DAQ 10 µs",False,2961936295.9451733,0.024686184294164467,0.9998305542905572,16.947442615717378,0.00267676373000098,4779.605561391943,643.8107207280667,944.3266915984358,37.057842202525435,0.0,1.12699949479385,10727.505598900309
ringCFRP,"nTOF 5 ns, no veto, strict",13.0,no Be window + air,"MM occ ÷10, DAQ 10 µs",False,3680364698.807223,0.020820604703606378,0.9997874760822246,21.256909379195505,0.003326022491580795,5930.953913020502,798.8968261712914,1171.803408203074,45.98462182623215,0.0,1.7399440956048255,10727.043398861417
ringCFRP,"nTOF 5 ns, no veto, strict",13.0,no Be window + air,"MM occ ÷10, DAQ 10 µs",False,4573050519.273255,0.017640485832433352,0.9997328734778901,26.719789775512158,0.004132761323128532,7357.245504887327,991.0176624899981,1453.6018124651234,57.04312614573854,0.0,2.6862217474411225,10726.457549848097
ringCFRP,"nTOF 5 ns, no veto, strict",13.0,no Be window + air,"MM occ ÷10, DAQ 10 µs",False,5682260526.681813,0.015015538052130144,0.9996633666765449,33.67466836103602,0.005135177587397947,9122.828440464988,1228.8408902980257,1802.4354287292972,70.73226701347451,0.0,4.147075583061182,10725.711788881514
ringCFRP,"nTOF 5 ns, no veto, strict",13.0,no Be window + air,"MM occ ÷10, DAQ 10 µs",False,7060513448.737786,0.012840921014688318,0.9995744386888356,42.574249069701466,0.00638073355616669,11306.394604823048,1522.96627114292,2233.851742353726,87.66216830306736,0.0,6.4022643249790825,10724.757651721011
ringCFRP,"nTOF 5 ns, no veto, strict",13.0,no Be window + air,"MM occ ÷10, DAQ 10 µs",False,8773066621.237415,0.011032278106420705,0.9994599873878216,54.03043833599381,0.007928403647559491,14003.779463036773,1886.3027990931068,2766.785367609378,108.57587366038874,0.0,9.883577144477817,10723.529666671788
ringCFRP,"nTOF 5 ns, no veto, strict",13.0,no Be window + air,"MM occ ÷10, DAQ 10 µs",False,10901005783.71244,0.009521744666452154,0.9993116758215023,68.87982950182365,0.009851466738943158,17331.079067114035,2334.488560169874,3424.173887795136,134.37351367579447,0.0,15.257381001803516,10721.938383877672
ringCFRP,"nTOF 5 ns, no veto, strict",13.0,no Be window + air,"MM occ ÷10, DAQ 10 µs",False,13545084316.226381,0.008254733101152031,0.9991179817833332,88.27968595785359,0.012240975765452803,21427.971436997515,2886.3381208754336,4233.61407439502,166.13805763528765,0.0,23.55190769273503,10719.860177855646
ringCFRP,"nTOF 5 ns, no veto, strict",13.0,no Be window + air,"MM occ ÷10, DAQ 10 µs",False,16830493696.995401,0.007187343524522877,0.9988627969988833,113.84977041227143,0.015210068882238146,26461.00547633488,3564.285543668837,5228.011691943532,205.16081355813958,0.0,36.35343378251888,10717.122217716105
ringCFRP,"nTOF 5 ns, no veto, strict",13.0,no Be window + air,"MM occ ÷10, DAQ 10 µs",False,20912791051.82548,0.0062842809134475725,0.9985233495764253,147.88341446406952,0.018899326314765444,32626.4201116928,4394.764123750908,6446.138487168986,252.9632859035137,0.0,56.108429276502875,10713.480176462892
ringCFRP,"nTOF 5 ns, no veto, strict",13.0,no Be window + air,"MM occ ÷10, DAQ 10 µs",False,25985264452.18819,0.005517182314568871,0.9980671075752201,193.66357333184118,0.023483426532610565,40151.74145449372,5408.421526059231,7932.947746967559,311.30955888834944,0.0,86.58843988233922,10708.585008375283
ringCFRP,"nTOF 5 ns, no veto, strict",13.0,no Be window + air,"MM occ ÷10, DAQ 10 µs",False,32288084693.086143,0.004863274637877473,0.9974471478489182,255.93858848434525,0.029179416902372374,49294.924319183374,6640.004148151181,9739.404684551631,382.1996403974664,0.0,133.60427352336734,10701.93325983003
ringCFRP,"nTOF 5 ns, no veto, strict",13.0,no Be window + air,"MM occ ÷10, DAQ 10 µs",False,40119676867.86863,0.004304298025529215,0.9965952164676766,341.64156881981694,0.03625699041747991,60339.08917087227,8127.648189416938,11921.446596149417,467.8286558205245,0.0,206.10073511541006,10692.792612324385
ringCFRP,"nTOF 5 ns, no veto, strict",13.0,no Be window + air,"MM occ ÷10, DAQ 10 µs",False,49850850159.80715,0.003825642971194046,0.9954113306977835,460.98222520731747,0.04505125508612741,73579.87968152328,9911.176719580631,14537.485040424237,570.4888270580658,0.0,317.82906331746574,10680.090318750252
ringCFRP,"nTOF 5 ns, no veto, strict",13.0,no Be window + air,"MM occ ÷10, DAQ 10 µs",False,61942354865.91934,0.003415661533578009,0.9937482386126574,629.1091792092582,0.05597860058061552,89301.06458566859,12028.813259632145,17643.58539490941,692.3803057442016,0.0,489.88899714496915,10662.246465531207
ringCFRP,"nTOF 5 ns, no veto, strict",13.0,no Be window + air,"MM occ ÷10, DAQ 10 µs",False,76966697940.67009,0.003065124175463004,0.991388331339551,868.6473693727146,0.06955641340010116,107732.23548033695,14511.483694491808,21285.10903314427,835.2831904800471,0.0,754.5628195168678,10636.926256645313
ringCFRP,"nTOF 5 ns, no veto, strict",13.0,no Be window + air,"MM occ ÷10, DAQ 10 µs",False,95635249979.00362,0.002766804220747717,0.9880097166459036,1213.5794974568635,0.08642757401765283,128980.51992835075,17373.618058718886,25483.221596452076,1000.0280762315724,0.0,1161.0290868615107,10600.676006153271
ringCFRP,"nTOF 5 ns, no veto, strict",13.0,no Be window + air,"MM occ ÷10, DAQ 10 µs",False,118831927096.53207,0.0025151822779044737,0.983137289947333,1715.193821360439,0.10739089589927009,152926.83812884183,20599.176356661777,30214.39598977327,1185.6916984294737,0.0,1783.7185912064276,10548.398163207938
ringCFRP,"nTOF 5 ns, no veto, strict",13.0,no Be window + air,"MM occ ÷10, DAQ 10 µs",False,147655042472.05704,0.0023062744852782656,0.976074354486192,2451.211365593407,0.13343894761748534,179078.12352122544,24121.74274423888,35381.214987373605,1388.451151069731,0.0,2734.169016218716,10472.617642819838
ringCFRP,"nTOF 5 ns, no veto, strict",13.0,no Be window + air,"MM occ ÷10, DAQ 10 µs",False,183469309133.68265,0.002137603774247792,0.9658121018928659,3539.8084203055914,0.16580504885594266,206373.80906932752,27798.45931839327,40774.13791740799,1600.0835117025904,0.0,4177.008737500935,10362.510613503906
ringCFRP,"nTOF 5 ns, no veto, strict",13.0,no Be window + air,"MM occ ÷10, DAQ 10 µs",False,227970456209.51935,0.0020083584304037834,0.950921240768274,5161.180245808152,0.20602166546552683,232964.59239233364,31380.22587967471,46027.79036213242,1806.2505352714838,0.0,6349.617651760802,10202.741745268175
ringCFRP,"nTOF 5 ns, no veto, strict",13.0,no Be window + air,"MM occ ÷10, DAQ 10 µs",False,283265518084.60077,0.0019198301532193944,0.9294481295311744,7590.727037603799,0.255992968453374,256024.27720846958,34486.35505927901,50583.788883772475,1985.0397994021982,0.0,9582.05081136109,9972.349785317272
ringCFRP,"nTOF 5 ns, no veto, strict",13.0,no Be window + air,"MM occ ÷10, DAQ 10 µs",True,351972597984.32916,0.0018763245057627405,0.8988751280225785,11250.15798355491,0.31808499241811783,271730.2889327074,36601.94777881721,53686.89140954585,2106.8136354712815,0.0,14307.473849989005,9644.322157584527
ringCFRP,"nTOF 5 ns, no veto, strict",13.0,no Be window + air,"MM occ ÷10, DAQ 10 µs",False,437344829577.31195,0.0018869633869007326,0.8562653503242916,16786.22749609944,0.39523766224095663,275643.808837652,37129.09715091983,54460.1019301363,2137.156432848821,0.0,21042.738241136278,9187.148062569388
ringCFRP,"nTOF 5 ns, no veto, strict",13.0,no Be window + air,"MM occ ÷10, DAQ 10 µs",False,543424405915.04004,0.001969347610878764,0.7987724863974914,25192.09374750198,0.49110399225737933,263760.4504857356,35528.414122383656,52112.25704348089,2045.020876266798,0.0,30307.301219335724,8570.288518694788
ringCFRP,"nTOF 5 ns, no veto, strict",13.0,no Be window + air,"MM occ ÷10, DAQ 10 µs",False,675233968650.1552,0.0021574881495283805,0.7246669113249204,37994.43363181624,0.6102230486934183,234301.27678934069,31560.27666712346,46291.88469755898,1816.6142857572956,0.0,42451.484834243965,7775.185820453272
ringCFRP,"nTOF 5 ns, no veto, strict",13.0,no Be window + air,"MM occ ÷10, DAQ 10 µs",False,839014419404.4929,0.0025205511660027014,0.6347512882958978,57542.019754647066,0.7582348647687961,189667.76532080525,25548.16273468973,37473.45487565791,1470.5561008923705,0.0,57410.10353112039,6810.452000974356
ringCFRP,"nTOF 5 ns, no veto, strict",13.0,no Be window + air,"MM occ ÷10, DAQ 10 µs",False,1042520413147.9036,0.0032119498441618554,0.5334731126182979,87450.87172097161,0.9421474842386686,137111.26670662002,18468.825995051287,27089.647295545037,1063.0684102565513,0.0,74495.07472531412,5723.80567678918
ringCFRP,"nTOF 5 ns, no veto, strict",13.0,no Be window + air,"MM occ ÷10, DAQ 10 µs",False,1295387524568.9966,0.00461274689093723,0.4286491002683676,133291.05307206346,1.1706687773160087,86673.55173094448,11674.88845914514,17124.456674063375,672.0083408393995,0.0,92416.01261068624,4599.114923383495
ringCFRP,"nTOF 5 ns, no veto, strict",13.0,no Be window + air,"MM occ ÷10, DAQ 10 µs",False,1609588471982.2002,0.007799454920089846,0.32933039298739925,203646.43570514966,1.4546187397507095,46891.68388305469,6316.288741640472,9264.586404880858,363.56653276695954,0.0,109624.44504966497,3533.492369781772
ringCFRP,"nTOF 5 ns, no veto, strict",13.0,no Be window + air,"MM occ ÷10, DAQ 10 µs",False,2000000000000.0002,0.016263436680865332,0.24286572466093254,311750.15593332937,1.8074417965473548,21217.156181464336,2857.941400714752,4191.962421295397,164.50353813925656,0.0,124816.53113253145,2605.7849601623643
ringCFRP,"nTOF 5 ns, no veto, strict",13.0,no Be window + air,"no MM loss, DREAM",False,1000000000.0,0.06151398779386326,0.9983416340965454,5.5742303667814594,0.0,1619.9220990273197,218.2027785979845,320.0547946421261,12.559784851504709,0.0,0.12826999345737491,10711.530492269454
ringCFRP,"nTOF 5 ns, no veto, strict",13.0,no Be window + air,"no MM loss, DREAM",False,1242553630.827767,0.05084456122991714,0.9979334949311465,6.948940789329391,0.0,2012.0172022898685,271.0178127640866,397.5226666035185,15.5998261851362,0.0,0.19796015023219954,10707.151435075053
ringCFRP,"nTOF 5 ns, no veto, strict",13.0,no Be window + air,"no MM loss, DREAM",False,1543939525.4832668,0.04217370794925216,0.9974231705758224,8.669418216573773,0.0,2498.760807088618,336.5819575434308,493.6906394775059,19.373708248840934,0.0,0.3054822026532975,10701.675999907062
ringCFRP,"nTOF 5 ns, no veto, strict",13.0,no Be window + air,"no MM loss, DREAM",False,1918427663.1677406,0.035113630565750044,0.9967841571910357,10.826234289716941,0.0,3102.8551506108915,417.95319408068997,613.0440893604256,24.057448898595954,0.0,0.4713438802389773,10694.819818493464
ringCFRP,"nTOF 5 ns, no veto, strict",13.0,no Be window + air,"no MM loss, DREAM",False,2383749258.3495045,0.029352773454981926,0.9959826029235522,13.53557602667064,0.0,3852.3635995693053,518.9116452578126,761.1276131656515,29.868632577709356,0.0,0.7271412526642796,10686.219683345213
ringCFRP,"nTOF 5 ns, no veto, strict",13.0,no Be window + air,"no MM loss, DREAM",False,2961936295.9451733,0.024640760946708105,0.9949750398472192,16.947442615717378,0.0,4781.925952896918,644.1232764207908,944.7851410677405,37.07583295534696,0.0,1.1215264050776739,10675.409213014791
ringCFRP,"nTOF 5 ns, no veto, strict",13.0,no Be window + air,"no MM loss, DREAM",False,3680364698.807223,0.02077630124123044,0.993705315058119,21.256909379195505,0.0,5934.216903039493,799.3363494601639,1172.4480908091548,46.00992085304076,0.0,1.729359225904437,10661.785924822923
ringCFRP,"nTOF 5 ns, no veto, strict",13.0,no Be window + air,"no MM loss, DREAM",False,4573050519.273255,0.017597500995383295,0.9921004031657803,26.719789775512158,0.0,7361.673845473587,991.6141579764667,1454.4767382642049,57.07746051591971,0.0,2.665713761475068,10644.566305721544
ringCFRP,"nTOF 5 ns, no veto, strict",13.0,no Be window + air,"no MM loss, DREAM",False,5682260526.681813,0.014974124569257688,0.9900646505683653,33.67466836103602,0.0,9128.504703361928,1229.6054803588117,1803.556911766602,70.7762769327101,0.0,4.107255577119274,10622.724057259511
ringCFRP,"nTOF 5 ns, no veto, strict",13.0,no Be window + air,"no MM loss, DREAM",False,7060513448.737786,0.012801406189157906,0.987471820373492,42.574249069701466,0.0,11312.951953837115,1523.849543107644,2235.1473052658903,87.71300957059648,0.0,6.324747175200022,10594.904742963565
ringCFRP,"nTOF 5 ns, no veto, strict",13.0,no Be window + air,"no MM loss, DREAM",False,8773066621.237415,0.010995093443149894,0.9841540658802412,54.03043833599381,0.0,14009.720322226629,1887.1030301556157,2767.9591280446166,108.62193508105983,0.0,9.73221815272581,10559.307481258178
ringCFRP,"nTOF 5 ns, no veto, strict",13.0,no Be window + air,"no MM loss, DREAM",False,10901005783.71244,0.009487467492806203,0.9798866610098422,68.87982950182365,0.0,17332.346511416636,2334.6592843477283,3424.424302075077,134.38334058522517,0.0,14.96080200736363,10513.521113314597
ringCFRP,"nTOF 5 ns, no veto, strict",13.0,no Be window + air,"no MM loss, DREAM",False,13545084316.226381,0.008224144137268201,0.9743669900568056,88.27968595785359,0.0,21415.05638854232,2884.598469653723,4231.062394173113,166.03792304854338,0.0,22.9684600088025,10454.298777291067
ringCFRP,"nTOF 5 ns, no veto, strict",13.0,no Be window + air,"no MM loss, DREAM",False,16830493696.995401,0.007161505737693644,0.9671860547372205,113.84977041227143,0.0,26413.249195671837,3557.8527941295615,5218.576283531202,204.7905435242928,0.0,35.20056438372339,10377.252198232625
ringCFRP,"nTOF 5 ns, no veto, strict",13.0,no Be window + air,"no MM loss, DREAM",False,20912791051.82548,0.006264646468456559,0.9577908676141071,147.88341446406952,0.0,32501.06836379519,4377.879299653629,6421.372217262865,251.99139288143604,0.0,53.81961391288753,10276.448194960862
ringCFRP,"nTOF 5 ns, no veto, strict",13.0,no Be window + air,"no MM loss, DREAM",False,25985264452.18819,0.005505735561745854,0.9454371712011994,193.66357333184118,0.0,39863.43890567822,5369.587302323286,7875.986604755009,309.07425511205213,0.0,82.02247027253543,10143.901388036546
ringCFRP,"nTOF 5 ns, no veto, strict",13.0,no Be window + air,"no MM loss, DREAM",False,32288084693.086143,0.004862719197797992,0.9291351420437667,255.93858848434525,0.0,48678.38007238562,6556.955915238837,9617.591455128359,377.41937158339033,0.0,124.45413867341163,9968.991641270624
ringCFRP,"nTOF 5 ns, no veto, strict",13.0,no Be window + air,"no MM loss, DREAM",False,40119676867.86863,0.004318294054009897,0.9075981679381867,341.64156881981694,0.0,59083.46869940863,7958.516676301348,11673.36840005342,458.09342041247766,0.0,187.69571287373992,9737.914475935428
ringCFRP,"nTOF 5 ns, no veto, strict",13.0,no Be window + air,"no MM loss, DREAM",False,49850850159.80715,0.0038590948397406013,0.8792192719801192,460.98222520731747,0.0,71118.84834679822,9579.6769050055,14051.248770842989,551.4076477251101,0.0,280.72961302160076,9433.4281167475
ringCFRP,"nTOF 5 ns, no veto, strict",13.0,no Be window + air,"no MM loss, DREAM",False,61942354865.91934,0.0034750437835647987,0.8421233215409372,629.1091792092582,0.0,84640.5260365588,11401.040811938883,16722.783271676013,656.2456289568976,0.0,415.14232018969386,9035.413658872463
ringCFRP,"nTOF 5 ns, no veto, strict",13.0,no Be window + air,"no MM loss, DREAM",False,76966697940.67009,0.003158811543466723,0.7943714549541039,868.6473693727146,0.0,99206.7977721827,13363.111067314063,19600.702593750706,769.1826888302348,0.0,604.6098646168039,8523.068428003146
ringCFRP,"nTOF 5 ns, no veto, strict",13.0,no Be window + air,"no MM loss, DREAM",False,95635249979.00362,0.0029053378478356645,0.7344048989846017,1213.5794974568635,0.0,113964.21667896153,15350.928760724797,22516.387663108646,883.6017751208428,0.0,863.0132223287657,7879.667841624727
ringCFRP,"nTOF 5 ns, no veto, strict",13.0,no Be window + air,"no MM loss, DREAM",False,118831927096.53207,0.00271136204822944,0.6617574154133723,1715.193821360439,0.0,127598.89217176594,17187.51342093666,25210.247613214775,989.3158652073562,0.0,1200.6349640188923,7100.209478993107
ringCFRP,"nTOF 5 ns, no veto, strict",13.0,no Be window + air,"no MM loss, DREAM",False,147655042472.05704,0.0025749298442456444,0.5778806962671634,2451.211365593407,0.0,138452.69615113788,18649.51593826689,27354.67912988439,1073.4689506447182,0.0,1618.7532102882726,6200.269013684164
ringCFRP,"nTOF 5 ns, no veto, strict",13.0,no Be window + air,"no MM loss, DREAM",False,183469309133.68265,0.002494884102929009,0.4866504697213445,3539.8084203055914,0.0,144875.69074463882,19514.69042293086,28623.6970763923,1123.2685244916265,0.0,2104.698481362035,5221.430387619524
ringCFRP,"nTOF 5 ns, no veto, strict",13.0,no Be window + air,"no MM loss, DREAM",True,227970456209.51935,0.0024704097399764102,0.39400610905651506,5161.180245808152,0.0,145745.94183676795,19631.912853870304,28795.636229976113,1130.0158652992443,0.0,2630.9099404968383,4227.419058926242
ringCFRP,"nTOF 5 ns, no veto, strict",13.0,no Be window + air,"no MM loss, DREAM",False,283265518084.60077,0.0025007471534962073,0.3065569474184085,7590.727037603799,0.0,140902.86412112956,18979.552462495423,27838.769078990743,1092.4659027645896,0.0,3160.4176213906912,3289.1487019480282
ringCFRP,"nTOF 5 ns, no veto, strict",13.0,no Be window + air,"no MM loss, DREAM",False,351972597984.32916,0.002585164730199168,0.22975053039677215,11250.15798355491,0.0,131214.04490323848,17674.47286888607,25924.508481540553,1017.345324488076,0.0,3656.959240717085,2465.0677963432636
ringCFRP,"nTOF 5 ns, no veto, strict",13.0,no Be window + air,"no MM loss, DREAM",False,437344829577.31195,0.0027231852480172946,0.16660291900753513,16786.22749609944,0.0,118228.32859331631,15925.302718906907,23358.866115559744,916.6628267968413,0.0,4094.2700922757786,1787.5366368600553
ringCFRP,"nTOF 5 ns, no veto, strict",13.0,no Be window + air,"no MM loss, DREAM",False,543424405915.04004,0.002914963472966806,0.11754688209650309,25192.09374750198,0.0,103649.02005870815,13961.47641256848,20478.371058501125,803.6246883651629,0.0,4460.004348872437,1261.198540504955
ringCFRP,"nTOF 5 ns, no veto, strict",13.0,no Be window + air,"no MM loss, DREAM",False,675233968650.1552,0.0031616872704267026,0.08115340923945537,37994.43363181624,0.0,88915.19766675397,11976.83715909819,17567.34805141828,689.3885535569877,0.0,4754.022389786271,870.7211919562033
ringCFRP,"nTOF 5 ns, no veto, strict",13.0,no Be window + air,"no MM loss, DREAM",False,839014419404.4929,0.0034659237286070316,0.05510394235825101,57542.019754647066,0.0,75018.26971625467,10104.927210715045,14821.673784721048,581.6411345545941,0.0,4983.878085939954,591.2280312228104
ringCFRP,"nTOF 5 ns, no veto, strict",13.0,no Be window + air,"no MM loss, DREAM",False,1042520413147.9036,0.0038319007934501294,0.03695442368077197,87450.87172097161,0.0,62512.36767657868,8420.387827265671,12350.830333961052,484.6787935342219,0.0,5160.377324395263,396.49597148079414
ringCFRP,"nTOF 5 ns, no veto, strict",13.0,no Be window + air,"no MM loss, DREAM",False,1295387524568.9966,0.004265760573952137,0.02455751422681815,133291.05307206346,0.0,51617.749021818556,6952.887591506493,10198.334890910292,400.209258594771,0.0,5294.558050050368,263.4855178537663
ringCFRP,"nTOF 5 ns, no veto, strict",13.0,no Be window + air,"no MM loss, DREAM",False,1609588471982.2002,0.004775837809573127,0.016210966183496215,203646.43570514966,0.0,42338.81512615271,5703.019366560967,8365.057053501696,328.2666550270595,0.0,5396.155986285339,173.9327026472346
ringCFRP,"nTOF 5 ns, no veto, strict",13.0,no Be window + air,"no MM loss, DREAM",False,2000000000000.0002,0.005373020695887,0.01064945187393027,311750.15593332937,0.0,34559.87778916821,4655.200003834316,6828.139819384406,267.9540144472889,0.0,5473.096886036767,114.26141570945315
ringCFRP,"nTOF 5 ns, no veto, strict",13.0,no Be window + air,"no MM loss, no dead time",False,1000000000.0,0.061462960279541186,1.0,5.5742303667814594,0.0,1622.612985076273,218.56523973924845,320.586444270414,12.580648169472324,0.0,0.12848306539219265,10729.323636755777
ringCFRP,"nTOF 5 ns, no veto, strict",13.0,no Be window + air,"no MM loss, no dead time",False,1242553630.827767,0.05079199878898337,1.0,6.948940789329391,0.0,2016.183656034804,271.57903221074446,398.34585032236646,15.632130061144535,0.0,0.19837008301425743,10729.323636755777
ringCFRP,"nTOF 5 ns, no veto, strict",13.0,no Be window + air,"no MM loss, no dead time",False,1543939525.4832668,0.042119335673853425,1.0,8.669418216573773,0.0,2505.216322221648,337.4515125301517,494.96608264323083,19.423759965047033,0.0,0.30627141183910883,10729.323636755777
ringCFRP,"nTOF 5 ns, no veto, strict",13.0,no Be window + air,"no MM loss, no dead time",False,1918427663.1677406,0.03505712514285351,1.0,10.826234289716941,0.0,3112.865637185506,419.30160212266327,615.0219031249453,24.135063468896302,0.0,0.47286453826396774,10729.323636755777
ringCFRP,"nTOF 5 ns, no veto, strict",13.0,no Be window + air,"no MM loss, no dead time",False,2383749258.3495045,0.029293753245291,1.0,13.53557602667064,0.0,3867.9024997638417,521.0047281294152,764.1976987665042,29.989110743535697,0.0,0.7300742508251343,10729.323636755777
ringCFRP,"nTOF 5 ns, no veto, strict",13.0,no Be window + air,"no MM loss, no dead time",False,2961936295.9451733,0.024578773556649842,1.0,16.947442615717378,0.0,4806.076294769357,647.3763166156382,949.5566252725439,37.26307843967628,0.0,1.127190492386509,10729.323636755777
ringCFRP,"nTOF 5 ns, no veto, strict",13.0,no Be window + air,"no MM loss, no dead time",False,3680364698.807223,0.020710807878220425,1.0,21.256909379195505,0.0,5971.807550100926,804.3997927226675,1179.8750324089608,46.30137341103964,0.0,1.7403139539444772,10729.323636755777
ringCFRP,"nTOF 5 ns, no veto, strict",13.0,no Be window + air,"no MM loss, no dead time",False,4573050519.273255,0.01752785660043904,1.0,26.719789775512158,0.0,7420.291153982576,999.5098830846536,1466.0580054427833,57.53193964419953,0.0,2.686939500244943,10729.323636755777
ringCFRP,"nTOF 5 ns, no veto, strict",13.0,no Be window + air,"no MM loss, no dead time",False,5682260526.681813,0.014899552301489432,1.0,33.67466836103602,0.0,9220.109715180251,1241.9446342750787,1821.6556976670524,71.48652049346438,0.0,4.148472097010459,10729.323636755777
ringCFRP,"nTOF 5 ns, no veto, strict",13.0,no Be window + air,"no MM loss, no dead time",False,7060513448.737786,0.01272096428931696,1.0,42.574249069701466,0.0,11456.48080322759,1543.182814605562,2263.504901254285,88.82583559439774,0.0,6.404990040938899,10729.323636755777
ringCFRP,"nTOF 5 ns, no veto, strict",13.0,no Be window + air,"no MM loss, no dead time",False,8773066621.237415,0.010907631818644792,1.0,54.03043833599381,0.0,14235.291818559055,1917.4874093191538,2812.526233449958,110.37086452912924,0.0,9.888917284532253,10729.323636755777
ringCFRP,"nTOF 5 ns, no veto, strict",13.0,no Be window + air,"no MM loss, no dead time",False,10901005783.71244,0.009391570516418582,1.0,68.87982950182365,0.0,17688.11353504336,2382.5809425160433,3494.71468317159,137.14171845826914,0.0,15.267890259824,10729.323636755777
ringCFRP,"nTOF 5 ns, no veto, strict",13.0,no Be window + air,"no MM loss, no dead time",False,13545084316.226381,0.008118055094304143,1.0,88.27968595785359,0.0,21978.4296954619,2960.484600864352,4342.370418281968,170.40594020828172,0.0,23.572699242883257,10729.323636755777
ringCFRP,"nTOF 5 ns, no veto, strict",13.0,no Be window + air,"no MM loss, no dead time",False,16830493696.995401,0.00704302706403266,1.0,113.84977041227143,0.0,27309.377617989103,3678.5608898137093,5395.62812963537,211.7385197204207,0.0,36.394822083417246,10729.323636755777
ringCFRP,"nTOF 5 ns, no veto, strict",13.0,no Be window + air,"no MM loss, no dead time",False,20912791051.82548,0.006131008432728084,1.0,147.88341446406952,0.0,33933.36631487891,4570.809189859046,6704.3573230748625,263.09646646470543,0.0,56.191404337519124,10729.323636755777
ringCFRP,"nTOF 5 ns, no veto, strict",13.0,no Be window + air,"no MM loss, no dead time",False,25985264452.18819,0.005353424537299865,1.0,193.66357333184118,0.0,42164.02752076145,5679.475554680283,8330.523534153399,326.9114696636756,0.0,86.75613014910768,10729.323636755777
ringCFRP,"nTOF 5 ns, no veto, strict",13.0,no Be window + air,"no MM loss, no dead time",False,32288084693.086143,0.004687255580056852,1.0,255.93858848434525,0.0,52391.06548624403,7057.052971665529,10351.122264058467,406.2050335898415,0.0,133.9462184151778,10729.323636755777
ringCFRP,"nTOF 5 ns, no veto, strict",13.0,no Be window + air,"no MM loss, no dead time",False,40119676867.86863,0.004113950080204623,1.0,341.64156881981694,0.0,65098.70864286781,8768.766792886889,12861.824552347985,504.73153934757266,0.0,206.80486090020756,10729.323636755777
ringCFRP,"nTOF 5 ns, no veto, strict",13.0,no Be window + air,"no MM loss, no dead time",False,49850850159.80715,0.003618545611708467,1.0,460.98222520731747,0.0,80888.63678639467,10895.663016383602,15981.506796589774,627.1560068096169,0.0,319.29419880590217,10729.323636755777
ringCFRP,"nTOF 5 ns, no veto, strict",13.0,no Be window + air,"no MM loss, no dead time",False,61942354865.91934,0.0031889530712862785,1.0,629.1091792092582,0.0,100508.46933164318,13538.445641283262,19857.87929620126,779.2749733567333,0.0,492.9709337939443,10729.323636755777
ringCFRP,"nTOF 5 ns, no veto, strict",13.0,no Be window + air,"no MM loss, no dead time",False,76966697940.67009,0.0028153703419989775,1.0,868.6473693727146,0.0,124887.16349697452,16822.24478734087,24674.480020034418,968.2909475576203,0.0,761.1173095988655,10729.323636755777
ringCFRP,"nTOF 5 ns, no veto, strict",13.0,no Be window + air,"no MM loss, no dead time",False,95635249979.00362,0.0024897997804769426,1.0,1213.5794974568635,0.0,155178.99844694664,20902.541339183877,30659.364737680953,1203.1534325853797,0.0,1175.1190978191728,10729.323636755777
ringCFRP,"nTOF 5 ns, no veto, strict",13.0,no Be window + air,"no MM loss, no dead time",False,118831927096.53207,0.002205651639518361,1.0,1715.193821360439,0.0,192818.22794846995,25972.528634530427,38095.90497367828,1494.9826661018549,0.0,1814.3128222732576,10729.323636755777
ringCFRP,"nTOF 5 ns, no veto, strict",13.0,no Be window + air,"no MM loss, no dead time",False,147655042472.05704,0.001957422132551229,1.0,2451.211365593407,0.0,239586.98922714838,32272.259756614058,47336.20504471374,1857.5961397894425,0.0,2801.189277898802,10729.323636755777
ringCFRP,"nTOF 5 ns, no veto, strict",13.0,no Be window + air,"no MM loss, no dead time",False,183469309133.68265,0.0017404395720642864,1.0,3539.8084203055914,0.0,297699.6833632863,40100.01353559762,58817.77344791672,2308.1628281070166,0.0,4324.866844507894,10729.323636755777
ringCFRP,"nTOF 5 ns, no veto, strict",13.0,no Be window + air,"no MM loss, no dead time",False,227970456209.51935,0.0015506738698892349,1.0,5161.180245808152,0.0,369907.82245932793,49826.41741489942,73084.23795491392,2868.0161026060596,0.0,6677.332863687828,10729.323636755777
ringCFRP,"nTOF 5 ns, no veto, strict",13.0,no Be window + air,"no MM loss, no dead time",False,283265518084.60077,0.0013846033070782913,1.0,7590.727037603799,0.0,459630.30786843103,61911.99587002318,90811.08522715881,3563.6638215656617,0.0,10309.398133056011,10729.323636755777
ringCFRP,"nTOF 5 ns, no veto, strict",13.0,no Be window + air,"no MM loss, no dead time",False,351972597984.32916,0.0012391288925825473,1.0,11250.15798355491,0.0,571115.3078804035,76928.97526009103,112837.64366841599,4428.043420535969,0.0,15917.087261568573,10729.323636755777
ringCFRP,"nTOF 5 ns, no veto, strict",13.0,no Be window + air,"no MM loss, no dead time",False,437344829577.31195,0.0011115230901357646,1.0,16786.22749609944,0.0,709641.399428116,95588.37752528593,140206.8238342406,5502.081429649994,0.0,24575.020153702128,10729.323636755777
ringCFRP,"nTOF 5 ns, no veto, strict",13.0,no Be window + air,"no MM loss, no dead time",False,543424405915.04004,0.0009993984558046474,1.0,25192.09374750198,0.0,881767.4974451032,118773.68555897936,174214.49802206477,6836.631257521632,0.0,37942.34495484859,10729.323636755777
ringCFRP,"nTOF 5 ns, no veto, strict",13.0,no Be window + air,"no MM loss, no dead time",False,675233968650.1552,0.0009006836834868504,1.0,37994.43363181624,0.0,1095643.4054963265,147582.6742381053,216470.85706015342,8494.880991664106,0.0,58580.68606531133,10729.323636755777
ringCFRP,"nTOF 5 ns, no veto, strict",13.0,no Be window + air,"no MM loss, no dead time",False,839014419404.4929,0.0008135988703889927,1.0,57542.019754647066,0.0,1361395.6915919606,183379.38772182938,268976.64940849226,10555.345219642018,0.0,90445.03664616101,10729.323636755777
ringCFRP,"nTOF 5 ns, no veto, strict",13.0,no Be window + air,"no MM loss, no dead time",False,1042520413147.9036,0.0007366267293091335,1.0,87450.87172097161,0.0,1691607.1595808691,227858.72403273184,334217.9123304094,13115.582527306706,0.0,139641.6669617905,10729.323636755777
ringCFRP,"nTOF 5 ns, no veto, strict",13.0,no Be window + air,"no MM loss, no dead time",False,1295387524568.9966,0.0006684803999479501,1.0,133291.05307206346,0.0,2101912.618071464,283126.6848626543,415283.6804538282,16296.814689726229,0.0,215598.28902668093,10729.323636755777
ringCFRP,"nTOF 5 ns, no veto, strict",13.0,no Be window + air,"no MM loss, no dead time",False,1609588471982.2002,0.0006080706188238699,1.0,203646.43570514966,0.0,2611739.1552673955,351800.0902603202,516012.24497142236,20249.66626364662,0.0,332870.7200548581,10729.323636755777
ringCFRP,"nTOF 5 ns, no veto, strict",13.0,no Be window + air,"no MM loss, no dead time",True,2000000000000.0002,0.000554475218877419,1.0,311750.15593332937,0.0,3245225.970152546,437130.4794784969,641172.888540828,25161.29633894465,0.0,513932.2615687707,10729.323636755777
ringCFRP,"nTOF 5 ns, no veto, strict",13.0,oracle: no accidentals,MM occ + DREAM,False,1000000000.0,0.06281591824662655,0.9975767502584543,8.151463574098505,0.011601140715263488,1581.5562515157621,213.0349161832948,312.47469344222543,12.2623219113546,0.0,0.0,10703.323806026048
ringCFRP,"nTOF 5 ns, no veto, strict",13.0,oracle: no accidentals,MM occ + DREAM,False,1242553630.827767,0.052162779062435036,0.9969661030548177,10.211843914211238,0.014415039517494486,1952.9437657636488,263.06064741700436,385.8512803019448,15.141810547437421,0.0,0.0,10696.771974550353
ringCFRP,"nTOF 5 ns, no veto, strict",13.0,oracle: no accidentals,MM occ + DREAM,False,1543939525.4832668,0.04351189264512523,0.9961949958466924,12.817239964411407,0.017911459690988518,2407.8636594297845,324.33815261126887,475.73170926415094,18.6689529899949,0.0,0.0,10688.498515755742
ringCFRP,"nTOF 5 ns, no veto, strict",13.0,oracle: no accidentals,MM occ + DREAM,False,1918427663.1677406,0.03647618656664907,0.9952178871482318,16.124467586654827,0.022255949272463067,2963.1066041729027,399.12912769125785,585.4333836613042,22.973932797651617,0.0,0.0,10678.014800301667
ringCFRP,"nTOF 5 ns, no veto, strict",13.0,oracle: no accidentals,MM occ + DREAM,False,2383749258.3495045,0.030744992896153556,0.993974676873124,20.341770866186813,0.027654210576017583,3637.7319638762137,490.0008604050199,718.7219418517634,28.2045234404549,0.0,0.0,10664.675994911497
ringCFRP,"nTOF 5 ns, no veto, strict",13.0,oracle: no accidentals,MM occ + DREAM,False,2961936295.9451733,0.026069041199597916,0.992385350761288,25.748580633786652,0.034361839758906276,4452.7128688271005,599.7784219750249,879.7411330387538,34.523336444125846,0.0,0.0,10647.62360069326
ringCFRP,"nTOF 5 ns, no veto, strict",13.0,oracle: no accidentals,MM occ + DREAM,False,3680364698.807223,0.022248430752150057,0.9903424181466532,32.7240277732571,0.042696428754350924,5430.0713701931245,731.4281727948214,1072.8419461175208,42.10111596038596,0.0,0.0,10625.70431550276
ringCFRP,"nTOF 5 ns, no veto, strict",13.0,oracle: no accidentals,MM occ + DREAM,False,4573050519.273255,0.019123030295730602,0.9877001990146874,41.78849006195182,0.053052602572097804,6591.210511339106,887.8330931851679,1302.253070018822,51.103806771389316,0.0,0.0,10597.355091316671
ringCFRP,"nTOF 5 ns, no veto, strict",13.0,oracle: no accidentals,MM occ + DREAM,False,5682260526.681813,0.016564849446108004,0.9842596516298998,53.66466143971506,0.06592070395082295,7954.040083281384,1071.4056239456681,1571.513017174371,61.67026933347242,0.0,0.0,10560.440344937693
ringCFRP,"nTOF 5 ns, no veto, strict",13.0,oracle: no accidentals,MM occ + DREAM,False,7060513448.737786,0.014472009468341818,0.9797469945069353,69.36801650065601,0.08191001004081737,9528.379386207404,1283.4684203978807,1882.5618278533332,73.87663588646383,0.0,0.0,10512.022586203693
ringCFRP,"nTOF 5 ns, no veto, strict",13.0,oracle: no accidentals,MM occ + DREAM,False,8773066621.237415,0.012764022898036308,0.9737839480588676,90.34173220546873,0.10177758037735649,11309.049440385279,1523.323876299827,2234.3762693363437,87.68275210984288,0.0,0.0,10448.043131001368
ringCFRP,"nTOF 5 ns, no veto, strict",13.0,oracle: no accidentals,MM occ + DREAM,False,10901005783.71244,0.011378174805397413,0.9658472446361338,118.6590967258885,0.12646410203474917,13266.141920456106,1786.943353669197,2621.047228502113,102.85672899363675,0.0,0.0,10362.88767136991
ringCFRP,"nTOF 5 ns, no veto, strict",13.0,oracle: no accidentals,MM occ + DREAM,False,13545084316.226381,0.010266885427567984,0.9552157165310303,157.32868275927478,0.1571384291526508,15332.374340695656,2065.2639319218342,3029.2814228129096,118.87690346189984,0.0,0.0,10248.818565576992
ringCFRP,"nTOF 5 ns, no veto, strict",13.0,oracle: no accidentals,MM occ + DREAM,False,16830493696.995401,0.009396032953937828,0.9409060135190672,210.7564041547099,0.1952529256861989,17388.555685029005,2342.230634767776,3435.5297839549235,134.81914865752455,0.0,0.0,10095.285130815782
ringCFRP,"nTOF 5 ns, no veto, strict",13.0,oracle: no accidentals,MM occ + DREAM,False,20912791051.82548,0.00874434951385498,0.9216051516744985,285.44758061068666,0.24261223174113059,19250.47863894148,2593.030819741497,3803.397701191028,149.255245137263,0.0,0.0,9888.199937617092
ringCFRP,"nTOF 5 ns, no veto, strict",13.0,oracle: no accidentals,MM occ + DREAM,False,25985264452.18819,0.008304222705297577,0.8956232668778483,391.0768139370662,0.30145870943316944,20664.445085466625,2783.491464522725,4082.760974860294,160.21818858143595,0.0,0.0,9609.431886940925
ringCFRP,"nTOF 5 ns, no veto, strict",13.0,oracle: no accidentals,MM occ + DREAM,True,32288084693.086143,0.008084645401541538,0.860916780907967,542.1223305997158,0.3745786139508375,21323.748606787267,2872.299352493377,4213.022333261302,165.32998400949938,0.0,0.0,9237.054766675545
ringCFRP,"nTOF 5 ns, no veto, strict",13.0,oracle: no accidentals,MM occ + DREAM,False,40119676867.86863,0.008117900010999247,0.8152686509392165,760.3675858191277,0.46543401679504554,20921.955122085514,2818.1779507067527,4133.63831145434,162.21474795856795,0.0,0.0,8747.281206828131
ringCFRP,"nTOF 5 ns, no veto, strict",13.0,oracle: no accidentals,MM occ + DREAM,False,49850850159.80715,0.008473438370023427,0.7567367507559052,1078.7365983222912,0.5783267274794381,19253.253509351358,2593.4045935384274,3803.945943961298,149.27675961339725,0.0,0.0,8119.2735066871
ringCFRP,"nTOF 5 ns, no veto, strict",13.0,oracle: no accidentals,MM occ + DREAM,False,61942354865.91934,0.009286928750696147,0.6844344867044478,1547.18193787582,0.7186019750343164,16344.242543138149,2201.562123964818,3229.200462087753,126.72224795617369,0.0,0.0,7343.519116008841
ringCFRP,"nTOF 5 ns, no veto, strict",13.0,oracle: no accidentals,MM occ + DREAM,False,76966697940.67009,0.010824260343757518,0.5995072083756415,2241.7337499660734,0.8929014931988943,12553.008658622639,1690.8846238474728,2480.150502785717,97.32757401485215,0.0,0.0,6432.306861230243
ringCFRP,"nTOF 5 ns, no veto, strict",13.0,oracle: no accidentals,MM occ + DREAM,False,95635249979.00362,0.013634387410012317,0.5058248517132627,3278.419122977498,1.1094779923458207,8534.002537798176,1149.5263058809646,1686.0986286627076,66.16690756999952,0.0,0.0,5427.158537545596
ringCFRP,"nTOF 5 ns, no veto, strict",13.0,oracle: no accidentals,MM occ + DREAM,False,118831927096.53207,0.018954696914828997,0.4097122877520586,4834.6884103043685,1.378585907712801,5014.210607667234,675.4119150084059,990.6785933057652,38.87681171227176,0.0,0.0,4395.9357332474465
ringCFRP,"nTOF 5 ns, no veto, strict",13.0,oracle: no accidentals,MM occ + DREAM,False,147655042472.05704,0.029934656726651285,0.3184348253854804,7182.416231231319,1.7129669250365407,2480.959195687779,334.18408848940834,490.1735005455687,19.235686544378183,0.0,0.0,3416.5902987746335
ringCFRP,"nTOF 5 ns, no veto, strict",13.0,oracle: no accidentals,MM occ + DREAM,False,183469309133.68265,0.05595380577659593,0.2380868144633538,10738.75368497896,2.1284532721920293,1004.0670027584118,135.24737395211045,198.3777235755576,7.784859246449578,0.0,0.0,2554.510486021549
ringCFRP,"nTOF 5 ns, no veto, strict",13.0,oracle: no accidentals,MM occ + DREAM,False,227970456209.51935,0.13099779662983363,0.17208545808722064,16144.517664124667,2.6447173414094474,321.1185488666165,43.25452419231839,63.44473680246352,2.489736937358793,0.0,0.0,1846.3605729971623
ringCFRP,"nTOF 5 ns, no veto, strict",13.0,oracle: no accidentals,MM occ + DREAM,False,283265518084.60077,0.41180291609059744,0.12096652804534391,24385.065845817928,3.2862031350814687,77.75245275535136,10.473220437089703,15.361877780714138,0.6028401482209349,0.0,0.0,1297.889028613189
ringCFRP,"nTOF 5 ns, no veto, strict",13.0,oracle: no accidentals,MM occ + DREAM,False,351972597984.32916,1.8665583638615617,0.08320114418426024,36976.729800208705,4.083283637133069,13.49453724718994,1.8177081015185177,2.666172249908333,0.10462755252063753,0.0,0.0,892.6920029013088
ringCFRP,"nTOF 5 ns, no veto, strict",13.0,oracle: no accidentals,MM occ + DREAM,False,437344829577.31195,12.999896595465291,0.05629420731820741,56254.419644260466,5.073698909019326,1.5651060628379532,0.21081908316261178,0.3092245607585231,0.012134778228430593,0.0,0.0,603.9987691916729
ringCFRP,"nTOF 5 ns, no veto, strict",13.0,oracle: no accidentals,MM occ + DREAM,False,543424405915.04004,149.4265607572325,0.0376322093065797,85815.3740087812,6.304343001128845,0.11092541115182679,0.014941603022136592,0.021915998126149763,0.0008600409238618268,0.0,0.0,403.7681528164263
ringCFRP,"nTOF 5 ns, no veto, strict",13.0,oracle: no accidentals,MM occ + DREAM,False,675233968650.1552,3143.9452945086027,0.024938422400846386,131203.9175607449,7.833484286036265,0.004290028790540343,0.0005778649497548872,0.0008475989582398077,3.326199367753608e-05,0.0,0.0,267.57240492880095
ringCFRP,"nTOF 5 ns, no veto, strict",13.0,oracle: no accidentals,MM occ + DREAM,False,839014419404.4929,139381.5030241297,0.016423453705986232,200968.23094068162,9.733524341646621,7.8526644550174e-05,1.057750372385979e-05,1.5514838096555474e-05,6.088427099383232e-07,0.0,0.0,176.21255004480236
ringCFRP,"nTOF 5 ns, no veto, strict",13.0,oracle: no accidentals,MM occ + DREAM,False,1042520413147.9036,15567351.794280838,0.010767643641064065,308291.3751876331,12.09442601146346,5.692921973319114e-07,7.668340308868158e-08,1.1247744408069637e-07,4.4139082493056244e-09,0.0,0.0,115.52953343023171
ringCFRP,"nTOF 5 ns, no veto, strict",13.0,oracle: no accidentals,MM occ + DREAM,False,1295387524568.9966,5474091554.707363,0.00703701934402749,473508.7934555755,15.027972953321772,1.3087959624127674e-09,1.7629422784451608e-10,2.585843005845664e-10,1.014752234832323e-11,0.0,0.0,75.50245798018179
ringCFRP,"nTOF 5 ns, no veto, strict",13.0,oracle: no accidentals,MM occ + DREAM,False,1609588471982.2002,7997357012443.257,0.0045883703162878904,727994.3099410735,18.67306235713145,7.233897948238222e-13,9.744028020530253e-14,1.4292315190191354e-13,5.6086772272671586e-15,0.0,0.0,49.23011008873624
ringCFRP,"nTOF 5 ns, no veto, strict",13.0,oracle: no accidentals,MM occ + DREAM,False,2000000000000.0002,6.853110689782474e+16,0.0029867925165031565,1120158.7943658223,23.20228143052698,6.810898553382826e-17,9.17424973700579e-18,1.3456577567157024e-17,5.280711987772584e-19,0.0,0.0,32.04626354540259
ringCFRP,"nTOF 5 ns, no veto, strict",13.0,oracle: no accidentals,"MM occ ÷10, DAQ 10 µs",False,1000000000.0,0.06159143275021045,0.9999184920083534,8.151463574098505,0.001160114071526349,1618.720567604514,218.04093285541052,319.817403045942,12.550468986148083,0.0,0.0,10728.44911113442
ringCFRP,"nTOF 5 ns, no veto, strict",13.0,oracle: no accidentals,"MM occ ÷10, DAQ 10 µs",False,1242553630.827767,0.050921656442022414,0.9998978919879687,10.211843914211238,0.0014415039517494486,2010.174077725595,270.7695447137475,397.15851276286617,15.585535838708001,0.0,0.0,10728.228086848789
ringCFRP,"nTOF 5 ns, no veto, strict",13.0,oracle: no accidentals,"MM occ ÷10, DAQ 10 µs",False,1543939525.4832668,0.04225043881919118,0.9998718440264146,12.817239964411407,0.0017911459690988518,2495.9380509298976,336.20173355765576,493.13293571925334,19.35182249886378,0.0,0.0,10727.948609839197
ringCFRP,"nTOF 5 ns, no veto, strict",13.0,oracle: no accidentals,"MM occ ÷10, DAQ 10 µs",False,1918427663.1677406,0.035189977593799895,0.9998387813197873,16.124467586654827,0.0022255949272463067,3098.5408500690814,417.372059736949,612.1916949306178,24.023998718107404,0.0,0.0,10727.593869359485
ringCFRP,"nTOF 5 ns, no veto, strict",13.0,oracle: no accidentals,"MM occ ÷10, DAQ 10 µs",False,2383749258.3495045,0.029428709815617397,0.9997966236616869,20.341770866186813,0.0027654210576017585,3845.78649171054,518.0257117855899,759.828146415775,29.817638113407124,0.0,0.0,10727.141546201958
ringCFRP,"nTOF 5 ns, no veto, strict",13.0,oracle: no accidentals,"MM occ ÷10, DAQ 10 µs",False,2961936295.9451733,0.024716250001807875,0.9997425804755361,25.748580633786652,0.0034361839758906276,4771.931699989736,642.7770550465239,942.8105346568954,36.99834424996966,0.0,0.0,10726.561699367383
ringCFRP,"nTOF 5 ns, no veto, strict",13.0,oracle: no accidentals,"MM occ ÷10, DAQ 10 µs",False,3680364698.807223,0.02085129328273145,0.9996728667734354,32.7240277732571,0.004269642875435092,5919.0927253161935,797.2991295190224,1169.4599436641354,45.89265816591856,0.0,0.0,10725.81371849563
ringCFRP,"nTOF 5 ns, no veto, strict",13.0,oracle: no accidentals,"MM occ ÷10, DAQ 10 µs",False,4573050519.273255,0.017671927847710128,0.9995822896542268,41.78849006195182,0.00530526025720978,7338.907410308994,988.547529393112,1449.9786783045859,56.90094491206769,0.0,0.0,10724.841887269555
ringCFRP,"nTOF 5 ns, no veto, strict",13.0,oracle: no accidentals,"MM occ ÷10, DAQ 10 µs",False,5682260526.681813,0.015047890235552391,0.9994636412207257,53.66466143971506,0.006592070395082295,9094.467792184047,1225.020723722449,1796.8320966512147,70.5123776491207,0.0,0.0,10723.56886982753
ringCFRP,"nTOF 5 ns, no veto, strict",13.0,oracle: no accidentals,"MM occ ÷10, DAQ 10 µs",False,7060513448.737786,0.0128743715330857,0.9993068006936027,69.36801650065601,0.008191001004081737,11262.517054482463,1517.0559848346236,2225.1826709384486,87.32197133160828,0.0,0.0,10721.886077052666
ringCFRP,"nTOF 5 ns, no veto, strict",13.0,oracle: no accidentals,"MM occ ÷10, DAQ 10 µs",False,8773066621.237415,0.011067052744428318,0.9990973981041329,90.34173220546873,0.01017775803773565,13935.864471977839,1877.1546803246706,2753.367118343231,108.04930656410414,0.0,0.0,10719.639328899868
ringCFRP,"nTOF 5 ns, no veto, strict",13.0,oracle: no accidentals,"MM occ ÷10, DAQ 10 µs",False,10901005783.71244,0.009558114281738458,0.998814815362127,118.6590967258885,0.012646410203474918,17225.90153641265,2320.321194060788,3403.3935224863285,133.55803794543982,0.0,0.0,10716.607407206726
ringCFRP,"nTOF 5 ns, no veto, strict",13.0,oracle: no accidentals,"MM occ ÷10, DAQ 10 µs",False,13545084316.226381,0.008293022822777715,0.9984291845157172,157.32868275927478,0.01571384291526508,21264.983816323114,2864.3837616321216,4201.4119274550685,164.8743614054762,0.0,0.0,10712.46984905128
ringCFRP,"nTOF 5 ns, no veto, strict",13.0,oracle: no accidentals,"MM occ ÷10, DAQ 10 µs",False,16830493696.995401,0.007227944308161236,0.9978968684428973,210.7564041547099,0.01952529256861989,26208.24915136212,3530.2393803067916,5178.073566071783,203.20111125923208,0.0,0.0,10706.758457628948
ringCFRP,"nTOF 5 ns, no veto, strict",13.0,oracle: no accidentals,"MM occ ÷10, DAQ 10 µs",False,20912791051.82548,0.006327664363028208,0.9971536490338616,285.44758061068666,0.02426122317411306,32234.133301534872,4341.923266752168,6368.63273887325,249.92175820374024,0.0,0.0,10698.784216056285
ringCFRP,"nTOF 5 ns, no veto, strict",13.0,oracle: no accidentals,"MM occ ÷10, DAQ 10 µs",False,25985264452.18819,0.005563920294101094,0.9961044663893597,391.0768139370662,0.030145870943316944,39542.36173568138,5326.338351846128,7812.550043349173,306.5848389985787,0.0,0.0,10687.527195909359
ringCFRP,"nTOF 5 ns, no veto, strict",13.0,oracle: no accidentals,"MM occ ÷10, DAQ 10 µs",False,32288084693.086143,0.0049140663223340405,0.99460800788731,542.1223305997158,0.03745786139508375,48347.463854831374,6512.38164947826,9552.210951882758,374.85367012228255,0.0,0.0,10671.471208331892
ringCFRP,"nTOF 5 ns, no veto, strict",13.0,oracle: no accidentals,"MM occ ÷10, DAQ 10 µs",False,40119676867.86863,0.004360008904139921,0.9924537037325563,760.3675858191277,0.046543401679504555,58864.782729183964,7929.059774409541,11630.161696883311,456.39787669607705,0.0,0.0,10648.35698184353
ringCFRP,"nTOF 5 ns, no veto, strict",13.0,oracle: no accidentals,"MM occ ÷10, DAQ 10 µs",False,49850850159.80715,0.003887363202737493,0.9893277593821824,1078.7365983222912,0.05783267274794382,71284.46427211164,9601.985295702287,14083.970202939927,552.6917220587884,0.0,0.0,10614.817713237884
ringCFRP,"nTOF 5 ns, no veto, strict",13.0,oracle: no accidentals,"MM occ ÷10, DAQ 10 µs",False,61942354865.91934,0.0034847953187059823,0.9847639106437995,1547.18193787582,0.07186019750343164,85727.03611163072,11547.393230674175,16937.449618386483,664.6696962562382,0.0,0.0,10565.850703094571
ringCFRP,"nTOF 5 ns, no veto, strict",13.0,oracle: no accidentals,"MM occ ÷10, DAQ 10 µs",False,76966697940.67009,0.0031435279412008166,0.9780741809851515,2241.7337499660734,0.08929014931988943,102172.29723832723,13762.562512437325,20186.608745174977,792.1751742678937,0.0,0.0,10494.074428544536
ringCFRP,"nTOF 5 ns, no veto, strict",13.0,oracle: no accidentals,"MM occ ÷10, DAQ 10 µs",False,95635249979.00362,0.0028570001710973496,0.968256493943098,3278.419122977498,0.11094779923458208,120352.55901556501,16211.435601960571,23778.559218069793,933.1326787079207,0.0,0.0,10388.73728690596
ringCFRP,"nTOF 5 ns, no veto, strict",13.0,oracle: no accidentals,"MM occ ÷10, DAQ 10 µs",False,118831927096.53207,0.002620686610254822,0.9538827416419434,4834.6884103043685,0.13785859077128013,139604.88911837654,18804.715813053142,27582.322720733046,1082.4022788489715,0.0,0.0,10234.516646592307
ringCFRP,"nTOF 5 ns, no veto, strict",13.0,oracle: no accidentals,"MM occ ÷10, DAQ 10 µs",False,147655042472.05704,0.0024320987645854598,0.9329888569060036,7182.416231231319,0.1712966925036541,158691.35563526725,21375.65427367643,31353.315859955746,1230.385884462807,0.0,0.0,10010.33939523134
ringCFRP,"nTOF 5 ns, no veto, strict",13.0,oracle: no accidentals,"MM occ ÷10, DAQ 10 µs",False,183469309133.68265,0.002291017874686923,0.9030262367271377,10738.75368497896,0.21284532721920293,175631.99685782293,23657.551031682742,34700.349307333614,1361.7322060727101,0.0,0.0,9688.860746327096
ringCFRP,"nTOF 5 ns, no veto, strict",13.0,oracle: no accidentals,"MM occ ÷10, DAQ 10 µs",False,227970456209.51935,0.002200051440813945,0.8609963002230328,16144.517664124667,0.26447173414094477,187662.53180104794,25278.05868091358,37077.27248962788,1455.0088708124185,0.0,0.0,9237.90795514226
ringCFRP,"nTOF 5 ns, no veto, strict",13.0,oracle: no accidentals,"MM occ ÷10, DAQ 10 µs",True,283265518084.60077,0.002165685280479698,0.8039550352769477,24385.065845817928,0.3286203135081469,191515.72557946865,25797.082150889513,37838.56412470665,1484.8839400377717,0.0,0.0,8625.89376288578
ringCFRP,"nTOF 5 ns, no veto, strict",13.0,oracle: no accidentals,"MM occ ÷10, DAQ 10 µs",False,351972597984.32916,0.002200163934453503,0.7300510104589141,36976.729800208705,0.4083283637133069,184250.0001987366,24818.39220798573,36403.044326530806,1428.5503992910244,0.0,0.0,7832.953562554266
ringCFRP,"nTOF 5 ns, no veto, strict",13.0,oracle: no accidentals,"MM occ ÷10, DAQ 10 µs",False,437344829577.31195,0.002324883264660925,0.6399818976491471,56254.419644260466,0.5073698909019326,164630.6700126149,22175.677250634635,32526.771080116283,1276.4353276982115,0.0,0.0,6866.5729015428105
ringCFRP,"nTOF 5 ns, no veto, strict",13.0,oracle: no accidentals,"MM occ ÷10, DAQ 10 µs",False,543424405915.04004,0.0025767826509684455,0.5381686016748767,85815.3740087812,0.6304343001128845,134488.19568796724,18115.49950788653,26571.396166857598,1042.7308843568317,0.0,0.0,5774.185098510061
ringCFRP,"nTOF 5 ns, no veto, strict",13.0,oracle: no accidentals,"MM occ ÷10, DAQ 10 µs",False,675233968650.1552,0.0030211222527535483,0.4325186227596109,131203.9175607449,0.7833484286036265,98915.93047775596,13323.931373497115,19543.23472400453,766.9274997439616,0.0,0.0,4640.632282511749
ringCFRP,"nTOF 5 ns, no veto, strict",13.0,oracle: no accidentals,"MM occ ÷10, DAQ 10 µs",False,839014419404.4929,0.003778713297598022,0.332260982122426,200968.23094068162,0.9733524341646622,64568.47572748904,8697.344657520482,12757.064214214473,500.6204704620118,0.0,0.0,3564.935609057833
ringCFRP,"nTOF 5 ns, no veto, strict",13.0,oracle: no accidentals,"MM occ ÷10, DAQ 10 µs",False,1042520413147.9036,0.005088190718984104,0.24492312617195086,308291.3751876331,1.2094426011463462,36882.5392252225,4968.061455254567,7287.0377684807845,285.962366785494,0.0,0.0,2627.85948682483
ringCFRP,"nTOF 5 ns, no veto, strict",13.0,oracle: no accidentals,"MM occ ÷10, DAQ 10 µs",False,1295387524568.9966,0.0074617050803458965,0.1743652427671906,473508.7934555755,1.5027972953321773,18145.18625871865,2444.1484329448626,3585.020455776489,140.6855524946712,0.0,0.0,1870.8211206506776
ringCFRP,"nTOF 5 ns, no veto, strict",13.0,oracle: no accidentals,"MM occ ÷10, DAQ 10 µs",False,1609588471982.2002,0.012126083857533804,0.12077377682355904,727994.3099410735,1.8673062357131451,7533.223619155281,1014.7218353812489,1488.3705456389948,58.40754191308079,0.0,0.0,1295.8209383732792
ringCFRP,"nTOF 5 ns, no veto, strict",13.0,oracle: no accidentals,"MM occ ÷10, DAQ 10 µs",False,2000000000000.0002,0.022516841009590213,0.08195654570680287,1120158.7943658223,2.3202281430526983,2567.4620310968467,345.83598153673216,507.26422808082145,19.90637126584434,0.0,0.0,879.3383030388553
ringCFRP,"nTOF 5 ns, no veto, strict",13.0,oracle: no accidentals,"no MM loss, DREAM",False,1000000000.0,0.06153707905616453,0.9975767502584543,8.151463574098505,0.0,1618.680988579558,218.0356015785394,319.8095832521927,12.55016211704717,0.0,0.0,10703.323806026048
ringCFRP,"nTOF 5 ns, no veto, strict",13.0,oracle: no accidentals,"no MM loss, DREAM",False,1242553630.827767,0.050868660218822005,0.9969661030548177,10.211843914211238,0.0,2010.066762599834,270.7550894145448,397.1373100639474,15.584703789505337,0.0,0.0,10696.771974550353
ringCFRP,"nTOF 5 ns, no veto, strict",13.0,oracle: no accidentals,"no MM loss, DREAM",False,1543939525.4832668,0.0421990471549826,0.9961949958466924,12.817239964411407,0.0,2495.683963710661,336.1675081234346,493.082734643027,19.349852477707177,0.0,0.0,10688.498515755742
ringCFRP,"nTOF 5 ns, no veto, strict",13.0,oracle: no accidentals,"no MM loss, DREAM",False,1918427663.1677406,0.03514050140904975,0.9952178871482318,16.124467586654827,0.0,3097.9795624160943,417.29645454238556,612.0807989778928,24.019646871703447,0.0,0.0,10678.014800301667
ringCFRP,"nTOF 5 ns, no veto, strict",13.0,oracle: no accidentals,"no MM loss, DREAM",False,2383749258.3495045,0.029381543790560564,0.993974676873124,20.341770866186813,0.0,3844.5971373795132,517.865506291805,759.5931606986209,29.808416661018228,0.0,0.0,10664.675994911497
ringCFRP,"nTOF 5 ns, no veto, strict",13.0,oracle: no accidentals,"no MM loss, DREAM",False,2961936295.9451733,0.02467189843191928,0.992385350761288,25.748580633786652,0.0,4769.479709570198,642.4467730391607,942.3260846387981,36.979333167803524,0.0,0.0,10647.62360069326
ringCFRP,"nTOF 5 ns, no veto, strict",13.0,oracle: no accidentals,"no MM loss, DREAM",False,3680364698.807223,0.02081040457569929,0.9903424181466532,32.7240277732571,0.0,5914.134329873393,796.6312358816332,1168.4802927067508,45.85421410740015,0.0,0.0,10625.70431550276
ringCFRP,"nTOF 5 ns, no veto, strict",13.0,oracle: no accidentals,"no MM loss, DREAM",False,4573050519.273255,0.0176353417130047,0.9877001990146874,41.78849006195182,0.0,7329.023049535517,987.2161104398594,1448.0257837429128,56.824308236276885,0.0,0.0,10597.355091316671
ringCFRP,"nTOF 5 ns, no veto, strict",13.0,oracle: no accidentals,"no MM loss, DREAM",False,5682260526.681813,0.015016702944169557,0.9842596516298998,53.66466143971506,0.0,9074.981976252771,1222.3959930752121,1792.9822023753954,70.36129775713096,0.0,0.0,10560.440344937693
ringCFRP,"nTOF 5 ns, no veto, strict",13.0,oracle: no accidentals,"no MM loss, DREAM",False,7060513448.737786,0.01285002590820772,0.9797469945069353,69.36801650065601,0.0,11224.452634588632,1511.9287245845526,2217.662124055603,87.02684545817836,0.0,0.0,10512.022586203693
ringCFRP,"nTOF 5 ns, no veto, strict",13.0,oracle: no accidentals,"no MM loss, DREAM",False,8773066621.237415,0.011051460952857382,0.9737839480588676,90.34173220546873,0.0,13862.098668846535,1867.2184597999753,2738.7928996280366,107.47737621184588,0.0,0.0,10448.043131001368
ringCFRP,"nTOF 5 ns, no veto, strict",13.0,oracle: no accidentals,"no MM loss, DREAM",False,10901005783.71244,0.009553823202155087,0.9658472446361338,118.6590967258885,0.0,17084.015720632735,2301.209238451683,3375.360547530719,132.45795089758366,0.0,0.0,10362.88767136991
ringCFRP,"nTOF 5 ns, no veto, strict",13.0,oracle: no accidentals,"no MM loss, DREAM",False,13545084316.226381,0.00830343360345187,0.9552157165310303,157.32868275927478,0.0,20994.141469777514,2827.9014192937243,4147.9004705423595,162.77443227719772,0.0,0.0,10248.818565576992
ringCFRP,"nTOF 5 ns, no veto, strict",13.0,oracle: no accidentals,"no MM loss, DREAM",False,16830493696.995401,0.007257598853107313,0.9409060135190672,210.7564041547099,0.0,25695.557626228976,3461.18006232177,5076.778953886557,199.2260464985694,0.0,0.0,10095.285130815782
ringCFRP,"nTOF 5 ns, no veto, strict",13.0,oracle: no accidentals,"no MM loss, DREAM",False,20912791051.82548,0.006382610101063554,0.9216051516744985,285.44758061068666,0.0,31273.165209450304,4212.481296695239,6178.770247612445,242.4710588812295,0.0,0.0,9888.199937617092
ringCFRP,"nTOF 5 ns, no veto, strict",13.0,oracle: no accidentals,"no MM loss, DREAM",False,25985264452.18819,0.005652157631109527,0.8956232668778483,391.0768139370662,0.0,37763.084072871876,5086.670450435635,7461.010702461267,292.7895184400198,0.0,0.0,9609.431886940925
ringCFRP,"nTOF 5 ns, no veto, strict",13.0,oracle: no accidentals,"no MM loss, DREAM",False,32288084693.086143,0.005046066110760467,0.860916780907967,542.1223305997158,0.0,45104.3474467557,6075.5353270632895,8911.454858358002,349.7087299067789,0.0,0.0,9237.054766675545
ringCFRP,"nTOF 5 ns, no veto, strict",13.0,oracle: no accidentals,"no MM loss, DREAM",False,40119676867.86863,0.004549254600226435,0.8152686509392165,760.3675858191277,0.0,53072.936373155964,7148.900673637492,10485.842351409634,411.49180117036957,0.0,0.0,8747.281206828131
ringCFRP,"nTOF 5 ns, no veto, strict",13.0,oracle: no accidentals,"no MM loss, DREAM",False,49850850159.80715,0.00415082070682675,0.7567367507559052,1078.7365983222912,0.0,61211.40417481091,8245.14862834941,12093.793525434763,474.59199881015786,0.0,0.0,8119.2735066871
ringCFRP,"nTOF 5 ns, no veto, strict",13.0,oracle: no accidentals,"no MM loss, DREAM",False,61942354865.91934,0.0038431490824249585,0.6844344867044478,1547.18193787582,0.0,68791.46261645295,9266.17909326778,13591.41742313439,533.3626663910379,0.0,0.0,7343.519116008841
ringCFRP,"nTOF 5 ns, no veto, strict",13.0,oracle: no accidentals,"no MM loss, DREAM",False,76966697940.67009,0.0036209717552439374,0.5995072083756415,2241.7337499660734,0.0,74870.75475002355,10085.05701107042,14792.528634931381,580.4974028656738,0.0,0.0,6432.306861230243
ringCFRP,"nTOF 5 ns, no veto, strict",13.0,oracle: no accidentals,"no MM loss, DREAM",False,95635249979.00362,0.003480384767995673,0.5058248517132627,3278.419122977498,0.0,78493.39387843943,10573.024873323031,15508.268622060308,608.5849066258029,0.0,0.0,5427.158537545596
ringCFRP,"nTOF 5 ns, no veto, strict",13.0,oracle: no accidentals,"no MM loss, DREAM",True,118831927096.53207,0.0034179449043888243,0.4097122877520586,4834.6884103043685,0.0,78999.99729306555,10641.26412555931,15608.360380750753,612.5127682782628,0.0,0.0,4395.9357332474465
ringCFRP,"nTOF 5 ns, no veto, strict",13.0,oracle: no accidentals,"no MM loss, DREAM",False,147655042472.05704,0.0034300590478132734,0.3184348253854804,7182.416231231319,0.0,76292.84107917997,10276.611400392265,15073.496187824712,591.5233024105935,0.0,0.0,3416.5902987746335
ringCFRP,"nTOF 5 ns, no veto, strict",13.0,oracle: no accidentals,"no MM loss, DREAM",False,183469309133.68265,0.003512834291141273,0.2380868144633538,10738.75368497896,0.0,70878.36927871393,9547.284482627809,14003.736314041724,549.5431350067252,0.0,0.0,2554.510486021549
ringCFRP,"nTOF 5 ns, no veto, strict",13.0,oracle: no accidentals,"no MM loss, DREAM",False,227970456209.51935,0.0036623704500597805,0.17208545808722064,16144.517664124667,0.0,63655.75707795975,8574.401865688036,12576.734567426807,493.5438648184891,0.0,0.0,1846.3605729971623
ringCFRP,"nTOF 5 ns, no veto, strict",13.0,oracle: no accidentals,"no MM loss, DREAM",False,283265518084.60077,0.003875287418342475,0.12096652804534391,24385.065845817928,0.0,55599.88252725662,7489.279184754374,10985.101687959223,431.08403961560003,0.0,0.0,1297.889028613189
ringCFRP,"nTOF 5 ns, no veto, strict",13.0,oracle: no accidentals,"no MM loss, DREAM",False,351972597984.32916,0.004149234940135578,0.08320114418426024,36976.729800208705,0.0,47517.447076795615,6400.578762562221,9388.221060268057,368.41827908617796,0.0,0.0,892.6920029013088
ringCFRP,"nTOF 5 ns, no veto, strict",13.0,oracle: no accidentals,"no MM loss, DREAM",False,437344829577.31195,0.004483230446212434,0.05629420731820741,56254.419644260466,0.0,39948.7000609892,5381.071941619524,7892.832008352127,309.7353126823758,0.0,0.0,603.9987691916729
ringCFRP,"nTOF 5 ns, no veto, strict",13.0,oracle: no accidentals,"no MM loss, DREAM",False,543424405915.04004,0.00487780088318165,0.0376322093065797,85815.3740087812,0.0,33182.859023593104,4469.7161950693935,6556.076453807056,257.27753843495924,0.0,0.0,403.7681528164263
ringCFRP,"nTOF 5 ns, no veto, strict",13.0,oracle: no accidentals,"no MM loss, DREAM",False,675233968650.1552,0.005334982530101037,0.024938422400846386,131203.9175607449,0.0,27323.61804696922,3680.479069196381,5398.441670839346,211.84893041504034,0.0,0.0,267.57240492880095
ringCFRP,"nTOF 5 ns, no veto, strict",13.0,oracle: no accidentals,"no MM loss, DREAM",False,839014419404.4929,0.005858249537507182,0.016423453705986232,200968.23094068162,0.0,22358.81911638967,3011.722884881564,4417.52554955166,173.35522356549376,0.0,0.0,176.21255004480236
ringCFRP,"nTOF 5 ns, no veto, strict",13.0,oracle: no accidentals,"no MM loss, DREAM",False,1042520413147.9036,0.006452425980365941,0.010767643641064065,308291.3751876331,0.0,18214.623075039384,2453.5015408920167,3598.739378434239,141.22391879900493,0.0,0.0,115.52953343023171
ringCFRP,"nTOF 5 ns, no veto, strict",13.0,oracle: no accidentals,"no MM loss, DREAM",False,1295387524568.9966,0.007123613636198369,0.00703701934402749,473508.7934555755,0.0,14791.19975282435,1992.3679581888732,2922.3592926125198,114.68100021763485,0.0,0.0,75.50245798018179
ringCFRP,"nTOF 5 ns, no veto, strict",13.0,oracle: no accidentals,"no MM loss, DREAM",False,1609588471982.2002,0.007879150304955462,0.0045883703162878904,727994.3099410735,0.0,11983.626413915723,1614.1890914178537,2367.6552676679503,92.91296759885246,0.0,0.0,49.23011008873624
ringCFRP,"nTOF 5 ns, no veto, strict",13.0,oracle: no accidentals,"no MM loss, DREAM",False,2000000000000.0002,0.008727603247877226,0.0029867925165031565,1120158.7943658223,0.0,9692.816642013322,1305.618044841811,1915.0503852784577,75.15157161067813,0.0,0.0,32.04626354540259
ringCFRP,"nTOF 5 ns, no veto, strict",13.0,oracle: no accidentals,"no MM loss, no dead time",False,1000000000.0,0.061462473976606466,1.0,8.151463574098505,0.0,1622.6129850762732,218.56523973924845,320.58644427041406,12.580648169472322,0.0,0.0,10729.323636755777
ringCFRP,"nTOF 5 ns, no veto, strict",13.0,oracle: no accidentals,"no MM loss, no dead time",False,1242553630.827767,0.05079143646568005,1.0,10.211843914211238,0.0,2016.1836560348042,271.5790322107445,398.3458503223666,15.632130061144537,0.0,0.0,10729.323636755777
ringCFRP,"nTOF 5 ns, no veto, strict",13.0,oracle: no accidentals,"no MM loss, no dead time",False,1543939525.4832668,0.042118686864472676,1.0,12.817239964411407,0.0,2505.216322221648,337.4515125301517,494.9660826432308,19.42375996504703,0.0,0.0,10729.323636755777
ringCFRP,"nTOF 5 ns, no veto, strict",13.0,oracle: no accidentals,"no MM loss, no dead time",False,1918427663.1677406,0.03505637779466722,1.0,16.124467586654827,0.0,3112.865637185507,419.30160212266327,615.0219031249454,24.135063468896302,0.0,0.0,10729.323636755777
ringCFRP,"nTOF 5 ns, no veto, strict",13.0,oracle: no accidentals,"no MM loss, no dead time",False,2383749258.3495045,0.029292893404343844,1.0,20.341770866186813,0.0,3867.9024997638417,521.0047281294152,764.1976987665042,29.989110743535704,0.0,0.0,10729.323636755777
ringCFRP,"nTOF 5 ns, no veto, strict",13.0,oracle: no accidentals,"no MM loss, no dead time",False,2961936295.9451733,0.02457778500306059,1.0,25.748580633786652,0.0,4806.076294769356,647.3763166156382,949.5566252725437,37.26307843967627,0.0,0.0,10729.323636755777
ringCFRP,"nTOF 5 ns, no veto, strict",13.0,oracle: no accidentals,"no MM loss, no dead time",False,3680364698.807223,0.020709671683811073,1.0,32.7240277732571,0.0,5971.807550100926,804.3997927226675,1179.8750324089608,46.30137341103965,0.0,0.0,10729.323636755777
ringCFRP,"nTOF 5 ns, no veto, strict",13.0,oracle: no accidentals,"no MM loss, no dead time",False,4573050519.273255,0.017526550553883875,1.0,41.78849006195182,0.0,7420.291153982578,999.5098830846538,1466.0580054427835,57.53193964419955,0.0,0.0,10729.323636755777
ringCFRP,"nTOF 5 ns, no veto, strict",13.0,oracle: no accidentals,"no MM loss, no dead time",False,5682260526.681813,0.014898050115165526,1.0,53.66466143971506,0.0,9220.109715180251,1241.9446342750787,1821.6556976670524,71.48652049346438,0.0,0.0,10729.323636755777
ringCFRP,"nTOF 5 ns, no veto, strict",13.0,oracle: no accidentals,"no MM loss, no dead time",False,7060513448.737786,0.012719234468189785,1.0,69.36801650065601,0.0,11456.48080322759,1543.182814605562,2263.504901254285,88.82583559439776,0.0,0.0,10729.323636755777
ringCFRP,"nTOF 5 ns, no veto, strict",13.0,oracle: no accidentals,"no MM loss, no dead time",False,8773066621.237415,0.010905636029835252,1.0,90.34173220546873,0.0,14235.291818559055,1917.4874093191538,2812.526233449958,110.37086452912924,0.0,0.0,10729.323636755777
ringCFRP,"nTOF 5 ns, no veto, strict",13.0,oracle: no accidentals,"no MM loss, no dead time",False,10901005783.71244,0.009389261241737725,1.0,118.6590967258885,0.0,17688.113535043358,2382.580942516043,3494.714683171589,137.1417184582691,0.0,0.0,10729.323636755777
ringCFRP,"nTOF 5 ns, no veto, strict",13.0,oracle: no accidentals,"no MM loss, no dead time",False,13545084316.226381,0.008115372276387521,1.0,157.32868275927478,0.0,21978.4296954619,2960.484600864352,4342.370418281968,170.40594020828172,0.0,0.0,10729.323636755777
ringCFRP,"nTOF 5 ns, no veto, strict",13.0,oracle: no accidentals,"no MM loss, no dead time",False,16830493696.995401,0.0070398933842354275,1.0,210.7564041547099,0.0,27309.377617989103,3678.5608898137093,5395.628129635369,211.73851972042064,0.0,0.0,10729.323636755777
ringCFRP,"nTOF 5 ns, no veto, strict",13.0,oracle: no accidentals,"no MM loss, no dead time",False,20912791051.82548,0.006127322822585463,1.0,285.44758061068666,0.0,33933.36631487892,4570.8091898590465,6704.357323074863,263.09646646470543,0.0,0.0,10729.323636755777
ringCFRP,"nTOF 5 ns, no veto, strict",13.0,oracle: no accidentals,"no MM loss, no dead time",False,25985264452.18819,0.005349053589618237,1.0,391.0768139370662,0.0,42164.027520761454,5679.475554680283,8330.523534153399,326.9114696636756,0.0,0.0,10729.323636755777
ringCFRP,"nTOF 5 ns, no veto, strict",13.0,oracle: no accidentals,"no MM loss, no dead time",False,32288084693.086143,0.004682022782994365,1.0,542.1223305997158,0.0,52391.06548624403,7057.052971665529,10351.12226405847,406.2050335898415,0.0,0.0,10729.323636755777
ringCFRP,"nTOF 5 ns, no veto, strict",13.0,oracle: no accidentals,"no MM loss, no dead time",False,40119676867.86863,0.004107623354122487,1.0,760.3675858191277,0.0,65098.70864286781,8768.766792886889,12861.824552347984,504.73153934757255,0.0,0.0,10729.323636755777
ringCFRP,"nTOF 5 ns, no veto, strict",13.0,oracle: no accidentals,"no MM loss, no dead time",False,49850850159.80715,0.0036108245581093234,1.0,1078.7365983222912,0.0,80888.63678639467,10895.6630163836,15981.506796589774,627.1560068096169,0.0,0.0,10729.323636755777
ringCFRP,"nTOF 5 ns, no veto, strict",13.0,oracle: no accidentals,"no MM loss, no dead time",False,61942354865.91934,0.0031794585970575462,1.0,1547.18193787582,0.0,100508.4693316432,13538.445641283262,19857.87929620126,779.2749733567333,0.0,0.0,10729.323636755777
ringCFRP,"nTOF 5 ns, no veto, strict",13.0,oracle: no accidentals,"no MM loss, no dead time",False,76966697940.67009,0.0028036406091540376,1.0,2241.7337499660734,0.0,124887.16349697454,16822.24478734087,24674.480020034418,968.2909475576205,0.0,0.0,10729.323636755777
ringCFRP,"nTOF 5 ns, no veto, strict",13.0,oracle: no accidentals,"no MM loss, no dead time",False,95635249979.00362,0.0024752971438931877,1.0,3278.419122977498,0.0,155178.99844694664,20902.541339183877,30659.364737680953,1203.1534325853797,0.0,0.0,10729.323636755777
ringCFRP,"nTOF 5 ns, no veto, strict",13.0,oracle: no accidentals,"no MM loss, no dead time",False,118831927096.53207,0.002187784556816899,1.0,4834.6884103043685,0.0,192818.22794846992,25972.528634530423,38095.90497367828,1494.9826661018546,0.0,0.0,10729.323636755777
ringCFRP,"nTOF 5 ns, no veto, strict",13.0,oracle: no accidentals,"no MM loss, no dead time",False,147655042472.05704,0.00193558333998964,1.0,7182.416231231319,0.0,239586.98922714833,32272.259756614054,47336.20504471373,1857.5961397894425,0.0,0.0,10729.323636755777
ringCFRP,"nTOF 5 ns, no veto, strict",13.0,oracle: no accidentals,"no MM loss, no dead time",False,183469309133.68265,0.0017140572986516693,1.0,10738.75368497896,0.0,297699.68336328625,40100.01353559762,58817.773447916705,2308.162828107016,0.0,0.0,10729.323636755777
ringCFRP,"nTOF 5 ns, no veto, strict",13.0,oracle: no accidentals,"no MM loss, no dead time",False,227970456209.51935,0.0015192678840787138,1.0,16144.517664124667,0.0,369907.822459328,49826.41741489942,73084.23795491392,2868.0161026060596,0.0,0.0,10729.323636755777
ringCFRP,"nTOF 5 ns, no veto, strict",13.0,oracle: no accidentals,"no MM loss, no dead time",False,283265518084.60077,0.0013478343684095477,1.0,24385.065845817928,0.0,459630.30786843103,61911.995870023165,90811.08522715881,3563.663821565661,0.0,0.0,10729.323636755777
ringCFRP,"nTOF 5 ns, no veto, strict",13.0,oracle: no accidentals,"no MM loss, no dead time",False,351972597984.32916,0.001196830575899066,1.0,36976.729800208705,0.0,571115.3078804035,76928.97526009103,112837.64366841599,4428.043420535969,0.0,0.0,10729.323636755777
ringCFRP,"nTOF 5 ns, no veto, strict",13.0,oracle: no accidentals,"no MM loss, no dead time",False,437344829577.31195,0.0010637092039163865,1.0,56254.419644260466,0.0,709641.399428116,95588.37752528593,140206.8238342406,5502.081429649994,0.0,0.0,10729.323636755777
ringCFRP,"nTOF 5 ns, no veto, strict",13.0,oracle: no accidentals,"no MM loss, no dead time",False,543424405915.04004,0.0009462457148596097,1.0,85815.3740087812,0.0,881767.4974451032,118773.68555897937,174214.49802206477,6836.6312575216325,0.0,0.0,10729.323636755777
ringCFRP,"nTOF 5 ns, no veto, strict",13.0,oracle: no accidentals,"no MM loss, no dead time",False,675233968650.1552,0.0008424953061639535,1.0,131203.9175607449,0.0,1095643.4054963265,147582.6742381053,216470.85706015342,8494.880991664106,0.0,0.0,10729.323636755777
ringCFRP,"nTOF 5 ns, no veto, strict",13.0,oracle: no accidentals,"no MM loss, no dead time",False,839014419404.4929,0.0007507582481385349,1.0,200968.23094068162,0.0,1361395.6915919604,183379.38772182935,268976.64940849226,10555.345219642017,0.0,0.0,10729.323636755777
ringCFRP,"nTOF 5 ns, no veto, strict",13.0,oracle: no accidentals,"no MM loss, no dead time",False,1042520413147.9036,0.000669550545468102,1.0,308291.3751876331,0.0,1691607.1595808687,227858.72403273176,334217.9123304093,13115.582527306704,0.0,0.0,10729.323636755777
ringCFRP,"nTOF 5 ns, no veto, strict",13.0,oracle: no accidentals,"no MM loss, no dead time",False,1295387524568.9966,0.0005975781769192608,1.0,473508.7934555755,0.0,2101912.6180714634,283126.68486265425,415283.68045382824,16296.814689726229,0.0,0.0,10729.323636755777
ringCFRP,"nTOF 5 ns, no veto, strict",13.0,oracle: no accidentals,"no MM loss, no dead time",False,1609588471982.2002,0.0005337140257889303,1.0,727994.3099410735,0.0,2611739.1552673955,351800.09026032017,516012.2449714225,20249.666263646624,0.0,0.0,10729.323636755777
ringCFRP,"nTOF 5 ns, no veto, strict",13.0,oracle: no accidentals,"no MM loss, no dead time",True,2000000000000.0002,0.0004769770931183432,1.0,1120158.7943658223,0.0,3245225.970152546,437130.4794784968,641172.888540828,25161.29633894465,0.0,0.0,10729.323636755777
ringCFRP,"nTOF 5 ns, no veto, strict",13.0,oracle: IPC only,MM occ + DREAM,False,1000000000.0,0.021185766485469527,0.9975767502584543,8.151463574098505,0.011601140715263488,1581.5562515157621,213.0349161832948,312.47469344222543,0.0,0.0,0.0,0.0
ringCFRP,"nTOF 5 ns, no veto, strict",13.0,oracle: IPC only,MM occ + DREAM,False,1242553630.827767,0.0190652117681264,0.9969661030548177,10.211843914211238,0.014415039517494486,1952.9437657636488,263.06064741700436,385.8512803019448,0.0,0.0,0.0,0.0
ringCFRP,"nTOF 5 ns, no veto, strict",13.0,oracle: IPC only,MM occ + DREAM,False,1543939525.4832668,0.017170010334294224,0.9961949958466924,12.817239964411407,0.017911459690988518,2407.8636594297845,324.33815261126887,475.73170926415094,0.0,0.0,0.0,0.0
ringCFRP,"nTOF 5 ns, no veto, strict",13.0,oracle: IPC only,MM occ + DREAM,False,1918427663.1677406,0.015477929509372317,0.9952178871482318,16.124467586654827,0.022255949272463067,2963.1066041729027,399.12912769125785,585.4333836613042,0.0,0.0,0.0,0.0
ringCFRP,"nTOF 5 ns, no veto, strict",13.0,oracle: IPC only,MM occ + DREAM,False,2383749258.3495045,0.013969187755046783,0.993974676873124,20.341770866186813,0.027654210576017583,3637.7319638762137,490.0008604050199,718.7219418517634,0.0,0.0,0.0,0.0
ringCFRP,"nTOF 5 ns, no veto, strict",13.0,oracle: IPC only,MM occ + DREAM,False,2961936295.9451733,0.01262624340525841,0.992385350761288,25.748580633786652,0.034361839758906276,4452.7128688271005,599.7784219750249,879.7411330387538,0.0,0.0,0.0,0.0
ringCFRP,"nTOF 5 ns, no veto, strict",13.0,oracle: IPC only,MM occ + DREAM,False,3680364698.807223,0.011433619462006035,0.9903424181466532,32.7240277732571,0.042696428754350924,5430.0713701931245,731.4281727948214,1072.8419461175208,0.0,0.0,0.0,0.0
ringCFRP,"nTOF 5 ns, no veto, strict",13.0,oracle: IPC only,MM occ + DREAM,False,4573050519.273255,0.010377766896771634,0.9877001990146874,41.78849006195182,0.053052602572097804,6591.210511339106,887.8330931851679,1302.253070018822,0.0,0.0,0.0,0.0
ringCFRP,"nTOF 5 ns, no veto, strict",13.0,oracle: IPC only,MM occ + DREAM,False,5682260526.681813,0.009446971715025971,0.9842596516298998,53.66466143971506,0.06592070395082295,7954.040083281384,1071.4056239456681,1571.513017174371,0.0,0.0,0.0,0.0
ringCFRP,"nTOF 5 ns, no veto, strict",13.0,oracle: IPC only,MM occ + DREAM,False,7060513448.737786,0.008631315312667859,0.9797469945069353,69.36801650065601,0.08191001004081737,9528.379386207404,1283.4684203978807,1882.5618278533332,0.0,0.0,0.0,0.0
ringCFRP,"nTOF 5 ns, no veto, strict",13.0,oracle: IPC only,MM occ + DREAM,False,8773066621.237415,0.007922704378444447,0.9737839480588676,90.34173220546873,0.10177758037735649,11309.049440385279,1523.323876299827,2234.3762693363437,0.0,0.0,0.0,0.0
ringCFRP,"nTOF 5 ns, no veto, strict",13.0,oracle: IPC only,MM occ + DREAM,False,10901005783.71244,0.007314997518517857,0.9658472446361338,118.6590967258885,0.12646410203474917,13266.141920456106,1786.943353669197,2621.047228502113,0.0,0.0,0.0,0.0
ringCFRP,"nTOF 5 ns, no veto, strict",13.0,oracle: IPC only,MM occ + DREAM,False,13545084316.226381,0.006804274028628044,0.9552157165310303,157.32868275927478,0.1571384291526508,15332.374340695656,2065.2639319218342,3029.2814228129096,0.0,0.0,0.0,0.0
ringCFRP,"nTOF 5 ns, no veto, strict",13.0,oracle: IPC only,MM occ + DREAM,False,16830493696.995401,0.006389321584889267,0.9409060135190672,210.7564041547099,0.1952529256861989,17388.555685029005,2342.230634767776,3435.5297839549235,0.0,0.0,0.0,0.0
ringCFRP,"nTOF 5 ns, no veto, strict",13.0,oracle: IPC only,MM occ + DREAM,False,20912791051.82548,0.0060724750147863795,0.9216051516744985,285.44758061068666,0.24261223174113059,19250.47863894148,2593.030819741497,3803.397701191028,0.0,0.0,0.0,0.0
ringCFRP,"nTOF 5 ns, no veto, strict",13.0,oracle: IPC only,MM occ + DREAM,False,25985264452.18819,0.005861039239123813,0.8956232668778483,391.0768139370662,0.30145870943316944,20664.445085466625,2783.491464522725,4082.760974860294,0.0,0.0,0.0,0.0
ringCFRP,"nTOF 5 ns, no veto, strict",13.0,oracle: IPC only,MM occ + DREAM,True,32288084693.086143,0.005769719841189277,0.860916780907967,542.1223305997158,0.3745786139508375,21323.748606787267,2872.299352493377,4213.022333261302,0.0,0.0,0.0,0.0
ringCFRP,"nTOF 5 ns, no veto, strict",13.0,oracle: IPC only,MM occ + DREAM,False,40119676867.86863,0.005824858363274889,0.8152686509392165,760.3675858191277,0.46543401679504554,20921.955122085514,2818.1779507067527,4133.63831145434,0.0,0.0,0.0,0.0
ringCFRP,"nTOF 5 ns, no veto, strict",13.0,oracle: IPC only,MM occ + DREAM,False,49850850159.80715,0.0060720374020367665,0.7567367507559052,1078.7365983222912,0.5783267274794381,19253.253509351358,2593.4045935384274,3803.945943961298,0.0,0.0,0.0,0.0
ringCFRP,"nTOF 5 ns, no veto, strict",13.0,oracle: IPC only,MM occ + DREAM,False,61942354865.91934,0.006590283591143437,0.6844344867044478,1547.18193787582,0.7186019750343164,16344.242543138149,2201.562123964818,3229.200462087753,0.0,0.0,0.0,0.0
ringCFRP,"nTOF 5 ns, no veto, strict",13.0,oracle: IPC only,MM occ + DREAM,False,76966697940.67009,0.007519909057659467,0.5995072083756415,2241.7337499660734,0.8929014931988943,12553.008658622639,1690.8846238474728,2480.150502785717,0.0,0.0,0.0,0.0
ringCFRP,"nTOF 5 ns, no veto, strict",13.0,oracle: IPC only,MM occ + DREAM,False,95635249979.00362,0.009120320889527097,0.5058248517132627,3278.419122977498,1.1094779923458207,8534.002537798176,1149.5263058809646,1686.0986286627076,0.0,0.0,0.0,0.0
ringCFRP,"nTOF 5 ns, no veto, strict",13.0,oracle: IPC only,MM occ + DREAM,False,118831927096.53207,0.011898308276876917,0.4097122877520586,4834.6884103043685,1.378585907712801,5014.210607667234,675.4119150084059,990.6785933057652,0.0,0.0,0.0,0.0
ringCFRP,"nTOF 5 ns, no veto, strict",13.0,oracle: IPC only,MM occ + DREAM,False,147655042472.05704,0.016915182659861673,0.3184348253854804,7182.416231231319,1.7129669250365407,2480.959195687779,334.18408848940834,490.1735005455687,0.0,0.0,0.0,0.0
ringCFRP,"nTOF 5 ns, no veto, strict",13.0,oracle: IPC only,MM occ + DREAM,False,183469309133.68265,0.02658919292887392,0.2380868144633538,10738.75368497896,2.1284532721920293,1004.0670027584118,135.24737395211045,198.3777235755576,0.0,0.0,0.0,0.0
ringCFRP,"nTOF 5 ns, no veto, strict",13.0,oracle: IPC only,MM occ + DREAM,False,227970456209.51935,0.04701688000399511,0.17208545808722064,16144.517664124667,2.6447173414094474,321.1185488666165,43.25452419231839,63.44473680246352,0.0,0.0,0.0,0.0
ringCFRP,"nTOF 5 ns, no veto, strict",13.0,oracle: IPC only,MM occ + DREAM,False,283265518084.60077,0.09554972768005904,0.12096652804534391,24385.065845817928,3.2862031350814687,77.75245275535136,10.473220437089703,15.361877780714138,0.0,0.0,0.0,0.0
ringCFRP,"nTOF 5 ns, no veto, strict",13.0,oracle: IPC only,MM occ + DREAM,False,351972597984.32916,0.22935462618357352,0.08320114418426024,36976.729800208705,4.083283637133069,13.49453724718994,1.8177081015185177,2.666172249908333,0.0,0.0,0.0,0.0
ringCFRP,"nTOF 5 ns, no veto, strict",13.0,oracle: IPC only,MM occ + DREAM,False,437344829577.31195,0.6734643570971723,0.05629420731820741,56254.419644260466,5.073698909019326,1.5651060628379532,0.21081908316261178,0.3092245607585231,0.0,0.0,0.0,0.0
ringCFRP,"nTOF 5 ns, no veto, strict",13.0,oracle: IPC only,MM occ + DREAM,False,543424405915.04004,2.529711407057113,0.0376322093065797,85815.3740087812,6.304343001128845,0.11092541115182679,0.014941603022136592,0.021915998126149763,0.0,0.0,0.0,0.0
ringCFRP,"nTOF 5 ns, no veto, strict",13.0,oracle: IPC only,MM occ + DREAM,False,675233968650.1552,12.86341850061127,0.024938422400846386,131203.9175607449,7.833484286036265,0.004290028790540343,0.0005778649497548872,0.0008475989582398077,0.0,0.0,0.0,0.0
ringCFRP,"nTOF 5 ns, no veto, strict",13.0,oracle: IPC only,MM occ + DREAM,False,839014419404.4929,95.0775500749848,0.016423453705986232,200968.23094068162,9.733524341646621,7.8526644550174e-05,1.057750372385979e-05,1.5514838096555474e-05,0.0,0.0,0.0,0.0
ringCFRP,"nTOF 5 ns, no veto, strict",13.0,oracle: IPC only,MM occ + DREAM,False,1042520413147.9036,1116.6546709995766,0.010767643641064065,308291.3751876331,12.09442601146346,5.692921973319114e-07,7.668340308868158e-08,1.1247744408069637e-07,0.0,0.0,0.0,0.0
ringCFRP,"nTOF 5 ns, no veto, strict",13.0,oracle: IPC only,MM occ + DREAM,False,1295387524568.9966,23288.983295904014,0.00703701934402749,473508.7934555755,15.027972953321772,1.3087959624127674e-09,1.7629422784451608e-10,2.585843005845664e-10,0.0,0.0,0.0,0.0
ringCFRP,"nTOF 5 ns, no veto, strict",13.0,oracle: IPC only,MM occ + DREAM,False,1609588471982.2002,990604.5394653077,0.0045883703162878904,727994.3099410735,18.67306235713145,7.233897948238222e-13,9.744028020530253e-14,1.4292315190191354e-13,0.0,0.0,0.0,0.0
ringCFRP,"nTOF 5 ns, no veto, strict",13.0,oracle: IPC only,MM occ + DREAM,False,2000000000000.0002,102090256.93990771,0.0029867925165031565,1120158.7943658223,23.20228143052698,6.810898553382826e-17,9.17424973700579e-18,1.3456577567157024e-17,0.0,0.0,0.0,0.0
ringCFRP,"nTOF 5 ns, no veto, strict",13.0,oracle: IPC only,"MM occ ÷10, DAQ 10 µs",False,1000000000.0,0.02094115157016593,0.9999184920083534,8.151463574098505,0.001160114071526349,1618.720567604514,218.04093285541052,319.817403045942,0.0,0.0,0.0,0.0
ringCFRP,"nTOF 5 ns, no veto, strict",13.0,oracle: IPC only,"MM occ ÷10, DAQ 10 µs",False,1242553630.827767,0.018791855684738804,0.9998978919879687,10.211843914211238,0.0014415039517494486,2010.174077725595,270.7695447137475,397.15851276286617,0.0,0.0,0.0,0.0
ringCFRP,"nTOF 5 ns, no veto, strict",13.0,oracle: IPC only,"MM occ ÷10, DAQ 10 µs",False,1543939525.4832668,0.016864349796778928,0.9998718440264146,12.817239964411407,0.0017911459690988518,2495.9380509298976,336.20173355765576,493.13293571925334,0.0,0.0,0.0,0.0
ringCFRP,"nTOF 5 ns, no veto, strict",13.0,oracle: IPC only,"MM occ ÷10, DAQ 10 µs",False,1918427663.1677406,0.015135887447703623,0.9998387813197873,16.124467586654827,0.0022255949272463067,3098.5408500690814,417.372059736949,612.1916949306178,0.0,0.0,0.0,0.0
ringCFRP,"nTOF 5 ns, no veto, strict",13.0,oracle: IPC only,"MM occ ÷10, DAQ 10 µs",False,2383749258.3495045,0.013586072188027865,0.9997966236616869,20.341770866186813,0.0027654210576017585,3845.78649171054,518.0257117855899,759.828146415775,0.0,0.0,0.0,0.0
ringCFRP,"nTOF 5 ns, no veto, strict",13.0,oracle: IPC only,"MM occ ÷10, DAQ 10 µs",False,2961936295.9451733,0.012196617193340517,0.9997425804755361,25.748580633786652,0.0034361839758906276,4771.931699989736,642.7770550465239,942.8105346568954,0.0,0.0,0.0,0.0
ringCFRP,"nTOF 5 ns, no veto, strict",13.0,oracle: IPC only,"MM occ ÷10, DAQ 10 µs",False,3680364698.807223,0.0109511299108741,0.9996728667734354,32.7240277732571,0.004269642875435092,5919.0927253161935,797.2991295190224,1169.4599436641354,0.0,0.0,0.0,0.0
ringCFRP,"nTOF 5 ns, no veto, strict",13.0,oracle: IPC only,"MM occ ÷10, DAQ 10 µs",False,4573050519.273255,0.009834919247793809,0.9995822896542268,41.78849006195182,0.00530526025720978,7338.907410308994,988.547529393112,1449.9786783045859,0.0,0.0,0.0,0.0
ringCFRP,"nTOF 5 ns, no veto, strict",13.0,oracle: IPC only,"MM occ ÷10, DAQ 10 µs",False,5682260526.681813,0.008834823099942796,0.9994636412207257,53.66466143971506,0.006592070395082295,9094.467792184047,1225.020723722449,1796.8320966512147,0.0,0.0,0.0,0.0
ringCFRP,"nTOF 5 ns, no veto, strict",13.0,oracle: IPC only,"MM occ ÷10, DAQ 10 µs",False,7060513448.737786,0.007939054290619757,0.9993068006936027,69.36801650065601,0.008191001004081737,11262.517054482463,1517.0559848346236,2225.1826709384486,0.0,0.0,0.0,0.0
ringCFRP,"nTOF 5 ns, no veto, strict",13.0,oracle: IPC only,"MM occ ÷10, DAQ 10 µs",False,8773066621.237415,0.007137063250426748,0.9990973981041329,90.34173220546873,0.01017775803773565,13935.864471977839,1877.1546803246706,2753.367118343231,0.0,0.0,0.0,0.0
ringCFRP,"nTOF 5 ns, no veto, strict",13.0,oracle: IPC only,"MM occ ÷10, DAQ 10 µs",False,10901005783.71244,0.006419416030676377,0.998814815362127,118.6590967258885,0.012646410203474918,17225.90153641265,2320.321194060788,3403.3935224863285,0.0,0.0,0.0,0.0
ringCFRP,"nTOF 5 ns, no veto, strict",13.0,oracle: IPC only,"MM occ ÷10, DAQ 10 µs",False,13545084316.226381,0.005777686516873387,0.9984291845157172,157.32868275927478,0.01571384291526508,21264.983816323114,2864.3837616321216,4201.4119274550685,0.0,0.0,0.0,0.0
ringCFRP,"nTOF 5 ns, no veto, strict",13.0,oracle: IPC only,"MM occ ÷10, DAQ 10 µs",False,16830493696.995401,0.0052043620131569,0.9978968684428973,210.7564041547099,0.01952529256861989,26208.24915136212,3530.2393803067916,5178.073566071783,0.0,0.0,0.0,0.0
ringCFRP,"nTOF 5 ns, no veto, strict",13.0,oracle: IPC only,"MM occ ÷10, DAQ 10 µs",False,20912791051.82548,0.004692761729383987,0.9971536490338616,285.44758061068666,0.02426122317411306,32234.133301534872,4341.923266752168,6368.63273887325,0.0,0.0,0.0,0.0
ringCFRP,"nTOF 5 ns, no veto, strict",13.0,oracle: IPC only,"MM occ ÷10, DAQ 10 µs",False,25985264452.18819,0.004236968159165663,0.9961044663893597,391.0768139370662,0.030145870943316944,39542.36173568138,5326.338351846128,7812.550043349173,0.0,0.0,0.0,0.0
ringCFRP,"nTOF 5 ns, no veto, strict",13.0,oracle: IPC only,"MM occ ÷10, DAQ 10 µs",False,32288084693.086143,0.003831771950529634,0.99460800788731,542.1223305997158,0.03745786139508375,48347.463854831374,6512.38164947826,9552.210951882758,0.0,0.0,0.0,0.0
ringCFRP,"nTOF 5 ns, no veto, strict",13.0,oracle: IPC only,"MM occ ÷10, DAQ 10 µs",False,40119676867.86863,0.0034726317365978473,0.9924537037325563,760.3675858191277,0.046543401679504555,58864.782729183964,7929.059774409541,11630.161696883311,0.0,0.0,0.0,0.0
ringCFRP,"nTOF 5 ns, no veto, strict",13.0,oracle: IPC only,"MM occ ÷10, DAQ 10 µs",False,49850850159.80715,0.003155651663632358,0.9893277593821824,1078.7365983222912,0.05783267274794382,71284.46427211164,9601.985295702287,14083.970202939927,0.0,0.0,0.0,0.0
ringCFRP,"nTOF 5 ns, no veto, strict",13.0,oracle: IPC only,"MM occ ÷10, DAQ 10 µs",False,61942354865.91934,0.002877581271278159,0.9847639106437995,1547.18193787582,0.07186019750343164,85727.03611163072,11547.393230674175,16937.449618386483,0.0,0.0,0.0,0.0
ringCFRP,"nTOF 5 ns, no veto, strict",13.0,oracle: IPC only,"MM occ ÷10, DAQ 10 µs",False,76966697940.67009,0.002635845336557734,0.9780741809851515,2241.7337499660734,0.08929014931988943,102172.29723832723,13762.562512437325,20186.608745174977,0.0,0.0,0.0,0.0
ringCFRP,"nTOF 5 ns, no veto, strict",13.0,oracle: IPC only,"MM occ ÷10, DAQ 10 µs",False,95635249979.00362,0.002428615923405018,0.968256493943098,3278.419122977498,0.11094779923458208,120352.55901556501,16211.435601960571,23778.559218069793,0.0,0.0,0.0,0.0
ringCFRP,"nTOF 5 ns, no veto, strict",13.0,oracle: IPC only,"MM occ ÷10, DAQ 10 µs",False,118831927096.53207,0.002254946220721641,0.9538827416419434,4834.6884103043685,0.13785859077128013,139604.88911837654,18804.715813053142,27582.322720733046,0.0,0.0,0.0,0.0
ringCFRP,"nTOF 5 ns, no veto, strict",13.0,oracle: IPC only,"MM occ ÷10, DAQ 10 µs",False,147655042472.05704,0.002114997544896068,0.9329888569060036,7182.416231231319,0.1712966925036541,158691.35563526725,21375.65427367643,31353.315859955746,0.0,0.0,0.0,0.0
ringCFRP,"nTOF 5 ns, no veto, strict",13.0,oracle: IPC only,"MM occ ÷10, DAQ 10 µs",False,183469309133.68265,0.002010410218926189,0.9030262367271377,10738.75368497896,0.21284532721920293,175631.99685782293,23657.551031682742,34700.349307333614,0.0,0.0,0.0,0.0
ringCFRP,"nTOF 5 ns, no veto, strict",13.0,oracle: IPC only,"MM occ ÷10, DAQ 10 µs",False,227970456209.51935,0.0019449019737386292,0.8609963002230328,16144.517664124667,0.26447173414094477,187662.53180104794,25278.05868091358,37077.27248962788,0.0,0.0,0.0,0.0
ringCFRP,"nTOF 5 ns, no veto, strict",13.0,oracle: IPC only,"MM occ ÷10, DAQ 10 µs",True,283265518084.60077,0.0019252373680463627,0.8039550352769477,24385.065845817928,0.3286203135081469,191515.72557946865,25797.082150889513,37838.56412470665,0.0,0.0,0.0,0.0
ringCFRP,"nTOF 5 ns, no veto, strict",13.0,oracle: IPC only,"MM occ ÷10, DAQ 10 µs",False,351972597984.32916,0.001962830302892565,0.7300510104589141,36976.729800208705,0.4083283637133069,184250.0001987366,24818.39220798573,36403.044326530806,0.0,0.0,0.0,0.0
ringCFRP,"nTOF 5 ns, no veto, strict",13.0,oracle: IPC only,"MM occ ÷10, DAQ 10 µs",False,437344829577.31195,0.002076496148041925,0.6399818976491471,56254.419644260466,0.5073698909019326,164630.6700126149,22175.677250634635,32526.771080116283,0.0,0.0,0.0,0.0
ringCFRP,"nTOF 5 ns, no veto, strict",13.0,oracle: IPC only,"MM occ ÷10, DAQ 10 µs",False,543424405915.04004,0.0022974412746994298,0.5381686016748767,85815.3740087812,0.6304343001128845,134488.19568796724,18115.49950788653,26571.396166857598,0.0,0.0,0.0,0.0
ringCFRP,"nTOF 5 ns, no veto, strict",13.0,oracle: IPC only,"MM occ ÷10, DAQ 10 µs",False,675233968650.1552,0.0026788807552511123,0.4325186227596109,131203.9175607449,0.7833484286036265,98915.93047775596,13323.931373497115,19543.23472400453,0.0,0.0,0.0,0.0
ringCFRP,"nTOF 5 ns, no veto, strict",13.0,oracle: IPC only,"MM occ ÷10, DAQ 10 µs",False,839014419404.4929,0.003315707682933877,0.332260982122426,200968.23094068162,0.9733524341646622,64568.47572748904,8697.344657520482,12757.064214214473,0.0,0.0,0.0,0.0
ringCFRP,"nTOF 5 ns, no veto, strict",13.0,oracle: IPC only,"MM occ ÷10, DAQ 10 µs",False,1042520413147.9036,0.00438708547689916,0.24492312617195086,308291.3751876331,1.2094426011463462,36882.5392252225,4968.061455254567,7287.0377684807845,0.0,0.0,0.0,0.0
ringCFRP,"nTOF 5 ns, no veto, strict",13.0,oracle: IPC only,"MM occ ÷10, DAQ 10 µs",False,1295387524568.9966,0.00625468996647191,0.1743652427671906,473508.7934555755,1.5027972953321773,18145.18625871865,2444.1484329448626,3585.020455776489,0.0,0.0,0.0,0.0
ringCFRP,"nTOF 5 ns, no veto, strict",13.0,oracle: IPC only,"MM occ ÷10, DAQ 10 µs",False,1609588471982.2002,0.009707246834919712,0.12077377682355904,727994.3099410735,1.8673062357131451,7533.223619155281,1014.7218353812489,1488.3705456389948,0.0,0.0,0.0,0.0
ringCFRP,"nTOF 5 ns, no veto, strict",13.0,oracle: IPC only,"MM occ ÷10, DAQ 10 µs",False,2000000000000.0002,0.016627788346622385,0.08195654570680287,1120158.7943658223,2.3202281430526983,2567.4620310968467,345.83598153673216,507.26422808082145,0.0,0.0,0.0,0.0
ringCFRP,"nTOF 5 ns, no veto, strict",13.0,oracle: IPC only,"no MM loss, DREAM",False,1000000000.0,0.020941407588893526,0.9975767502584543,8.151463574098505,0.0,1618.680988579558,218.0356015785394,319.8095832521927,0.0,0.0,0.0,0.0
ringCFRP,"nTOF 5 ns, no veto, strict",13.0,oracle: IPC only,"no MM loss, DREAM",False,1242553630.827767,0.01879235731569895,0.9969661030548177,10.211843914211238,0.0,2010.066762599834,270.7550894145448,397.1373100639474,0.0,0.0,0.0,0.0
ringCFRP,"nTOF 5 ns, no veto, strict",13.0,oracle: IPC only,"no MM loss, DREAM",False,1543939525.4832668,0.016865208260179506,0.9961949958466924,12.817239964411407,0.0,2495.683963710661,336.1675081234346,493.082734643027,0.0,0.0,0.0,0.0
ringCFRP,"nTOF 5 ns, no veto, strict",13.0,oracle: IPC only,"no MM loss, DREAM",False,1918427663.1677406,0.015137258535181832,0.9952178871482318,16.124467586654827,0.0,3097.9795624160943,417.29645454238556,612.0807989778928,0.0,0.0,0.0,0.0
ringCFRP,"nTOF 5 ns, no veto, strict",13.0,oracle: IPC only,"no MM loss, DREAM",False,2383749258.3495045,0.01358817350108029,0.993974676873124,20.341770866186813,0.0,3844.5971373795132,517.865506291805,759.5931606986209,0.0,0.0,0.0,0.0
ringCFRP,"nTOF 5 ns, no veto, strict",13.0,oracle: IPC only,"no MM loss, DREAM",False,2961936295.9451733,0.01219975193210122,0.992385350761288,25.748580633786652,0.0,4769.479709570198,642.4467730391607,942.3260846387981,0.0,0.0,0.0,0.0
ringCFRP,"nTOF 5 ns, no veto, strict",13.0,oracle: IPC only,"no MM loss, DREAM",False,3680364698.807223,0.010955719649044652,0.9903424181466532,32.7240277732571,0.0,5914.134329873393,796.6312358816332,1168.4802927067508,0.0,0.0,0.0,0.0
ringCFRP,"nTOF 5 ns, no veto, strict",13.0,oracle: IPC only,"no MM loss, DREAM",False,4573050519.273255,0.009841548994691942,0.9877001990146874,41.78849006195182,0.0,7329.023049535517,987.2161104398594,1448.0257837429128,0.0,0.0,0.0,0.0
ringCFRP,"nTOF 5 ns, no veto, strict",13.0,oracle: IPC only,"no MM loss, DREAM",False,5682260526.681813,0.00884430308701311,0.9842596516298998,53.66466143971506,0.0,9074.981976252771,1222.3959930752121,1792.9822023753954,0.0,0.0,0.0,0.0
ringCFRP,"nTOF 5 ns, no veto, strict",13.0,oracle: IPC only,"no MM loss, DREAM",False,7060513448.737786,0.007952504377572153,0.9797469945069353,69.36801650065601,0.0,11224.452634588632,1511.9287245845526,2217.662124055603,0.0,0.0,0.0,0.0
ringCFRP,"nTOF 5 ns, no veto, strict",13.0,oracle: IPC only,"no MM loss, DREAM",False,8773066621.237415,0.0071560276468476056,0.9737839480588676,90.34173220546873,0.0,13862.098668846535,1867.2184597999753,2738.7928996280366,0.0,0.0,0.0,0.0
ringCFRP,"nTOF 5 ns, no veto, strict",13.0,oracle: IPC only,"no MM loss, DREAM",False,10901005783.71244,0.006446018112073765,0.9658472446361338,118.6590967258885,0.0,17084.015720632735,2301.209238451683,3375.360547530719,0.0,0.0,0.0,0.0
ringCFRP,"nTOF 5 ns, no veto, strict",13.0,oracle: IPC only,"no MM loss, DREAM",False,13545084316.226381,0.005814835631090592,0.9552157165310303,157.32868275927478,0.0,20994.141469777514,2827.9014192937243,4147.9004705423595,0.0,0.0,0.0,0.0
ringCFRP,"nTOF 5 ns, no veto, strict",13.0,oracle: IPC only,"no MM loss, DREAM",False,16830493696.995401,0.0052560256894762635,0.9409060135190672,210.7564041547099,0.0,25695.557626228976,3461.18006232177,5076.778953886557,0.0,0.0,0.0,0.0
ringCFRP,"nTOF 5 ns, no veto, strict",13.0,oracle: IPC only,"no MM loss, DREAM",False,20912791051.82548,0.004764316264664061,0.9216051516744985,285.44758061068666,0.0,31273.165209450304,4212.481296695239,6178.770247612445,0.0,0.0,0.0,0.0
ringCFRP,"nTOF 5 ns, no veto, strict",13.0,oracle: IPC only,"no MM loss, DREAM",False,25985264452.18819,0.004335635612907665,0.8956232668778483,391.0768139370662,0.0,37763.084072871876,5086.670450435635,7461.010702461267,0.0,0.0,0.0,0.0
ringCFRP,"nTOF 5 ns, no veto, strict",13.0,oracle: IPC only,"no MM loss, DREAM",False,32288084693.086143,0.003967137932891623,0.860916780907967,542.1223305997158,0.0,45104.3474467557,6075.5353270632895,8911.454858358002,0.0,0.0,0.0,0.0
ringCFRP,"nTOF 5 ns, no veto, strict",13.0,oracle: IPC only,"no MM loss, DREAM",False,40119676867.86863,0.003657210385494854,0.8152686509392165,760.3675858191277,0.0,53072.936373155964,7148.900673637492,10485.842351409634,0.0,0.0,0.0,0.0
ringCFRP,"nTOF 5 ns, no veto, strict",13.0,oracle: IPC only,"no MM loss, DREAM",False,49850850159.80715,0.0034054172495737722,0.7567367507559052,1078.7365983222912,0.0,61211.40417481091,8245.14862834941,12093.793525434763,0.0,0.0,0.0,0.0
ringCFRP,"nTOF 5 ns, no veto, strict",13.0,oracle: IPC only,"no MM loss, DREAM",False,61942354865.91934,0.0032123231756641044,0.6844344867044478,1547.18193787582,0.0,68791.46261645295,9266.17909326778,13591.41742313439,0.0,0.0,0.0,0.0
ringCFRP,"nTOF 5 ns, no veto, strict",13.0,oracle: IPC only,"no MM loss, DREAM",False,76966697940.67009,0.003079146817459056,0.5995072083756415,2241.7337499660734,0.0,74870.75475002355,10085.05701107042,14792.528634931381,0.0,0.0,0.0,0.0
ringCFRP,"nTOF 5 ns, no veto, strict",13.0,oracle: IPC only,"no MM loss, DREAM",False,95635249979.00362,0.0030072528763895453,0.5058248517132627,3278.419122977498,0.0,78493.39387843943,10573.024873323031,15508.268622060308,0.0,0.0,0.0,0.0
ringCFRP,"nTOF 5 ns, no veto, strict",13.0,oracle: IPC only,"no MM loss, DREAM",True,118831927096.53207,0.0029975950605421256,0.4097122877520586,4834.6884103043685,0.0,78999.99729306555,10641.26412555931,15608.360380750753,0.0,0.0,0.0,0.0
ringCFRP,"nTOF 5 ns, no veto, strict",13.0,oracle: IPC only,"no MM loss, DREAM",False,147655042472.05704,0.0030503144260956684,0.3184348253854804,7182.416231231319,0.0,76292.84107917997,10276.611400392265,15073.496187824712,0.0,0.0,0.0,0.0
ringCFRP,"nTOF 5 ns, no veto, strict",13.0,oracle: IPC only,"no MM loss, DREAM",False,183469309133.68265,0.003164678846576798,0.2380868144633538,10738.75368497896,0.0,70878.36927871393,9547.284482627809,14003.736314041724,0.0,0.0,0.0,0.0
ringCFRP,"nTOF 5 ns, no veto, strict",13.0,oracle: IPC only,"no MM loss, DREAM",False,227970456209.51935,0.0033393939714216614,0.17208545808722064,16144.517664124667,0.0,63655.75707795975,8574.401865688036,12576.734567426807,0.0,0.0,0.0,0.0
ringCFRP,"nTOF 5 ns, no veto, strict",13.0,oracle: IPC only,"no MM loss, DREAM",False,283265518084.60077,0.003573136157239965,0.12096652804534391,24385.065845817928,0.0,55599.88252725662,7489.279184754374,10985.101687959223,0.0,0.0,0.0,0.0
ringCFRP,"nTOF 5 ns, no veto, strict",13.0,oracle: IPC only,"no MM loss, DREAM",False,351972597984.32916,0.003865093041384496,0.08320114418426024,36976.729800208705,0.0,47517.447076795615,6400.578762562221,9388.221060268057,0.0,0.0,0.0,0.0
ringCFRP,"nTOF 5 ns, no veto, strict",13.0,oracle: IPC only,"no MM loss, DREAM",False,437344829577.31195,0.00421536491707967,0.05629420731820741,56254.419644260466,0.0,39948.7000609892,5381.071941619524,7892.832008352127,0.0,0.0,0.0,0.0
ringCFRP,"nTOF 5 ns, no veto, strict",13.0,oracle: IPC only,"no MM loss, DREAM",False,543424405915.04004,0.004625190252201877,0.0376322093065797,85815.3740087812,0.0,33182.859023593104,4469.7161950693935,6556.076453807056,0.0,0.0,0.0,0.0
ringCFRP,"nTOF 5 ns, no veto, strict",13.0,oracle: IPC only,"no MM loss, DREAM",False,675233968650.1552,0.005097032464839503,0.024938422400846386,131203.9175607449,0.0,27323.61804696922,3680.479069196381,5398.441670839346,0.0,0.0,0.0,0.0
ringCFRP,"nTOF 5 ns, no veto, strict",13.0,oracle: IPC only,"no MM loss, DREAM",False,839014419404.4929,0.005634586772528283,0.016423453705986232,200968.23094068162,0.0,22358.81911638967,3011.722884881564,4417.52554955166,0.0,0.0,0.0,0.0
ringCFRP,"nTOF 5 ns, no veto, strict",13.0,oracle: IPC only,"no MM loss, DREAM",False,1042520413147.9036,0.006242756684715196,0.010767643641064065,308291.3751876331,0.0,18214.623075039384,2453.5015408920167,3598.739378434239,0.0,0.0,0.0,0.0
ringCFRP,"nTOF 5 ns, no veto, strict",13.0,oracle: IPC only,"no MM loss, DREAM",False,1295387524568.9966,0.006927631871249023,0.00703701934402749,473508.7934555755,0.0,14791.19975282435,1992.3679581888732,2922.3592926125198,0.0,0.0,0.0,0.0
ringCFRP,"nTOF 5 ns, no veto, strict",13.0,oracle: IPC only,"no MM loss, DREAM",False,1609588471982.2002,0.007696484017846936,0.0045883703162878904,727994.3099410735,0.0,11983.626413915723,1614.1890914178537,2367.6552676679503,0.0,0.0,0.0,0.0
ringCFRP,"nTOF 5 ns, no veto, strict",13.0,oracle: IPC only,"no MM loss, DREAM",False,2000000000000.0002,0.008557787613619475,0.0029867925165031565,1120158.7943658223,0.0,9692.816642013322,1305.618044841811,1915.0503852784577,0.0,0.0,0.0,0.0
ringCFRP,"nTOF 5 ns, no veto, strict",13.0,oracle: IPC only,"no MM loss, no dead time",False,1000000000.0,0.020916019068619424,1.0,8.151463574098505,0.0,1622.6129850762732,218.56523973924845,320.58644427041406,0.0,0.0,0.0,0.0
ringCFRP,"nTOF 5 ns, no veto, strict",13.0,oracle: IPC only,"no MM loss, no dead time",False,1242553630.827767,0.018763828623257282,1.0,10.211843914211238,0.0,2016.1836560348042,271.5790322107445,398.3458503223666,0.0,0.0,0.0,0.0
ringCFRP,"nTOF 5 ns, no veto, strict",13.0,oracle: IPC only,"no MM loss, no dead time",False,1543939525.4832668,0.016833091586304832,1.0,12.817239964411407,0.0,2505.216322221648,337.4515125301517,494.9660826432308,0.0,0.0,0.0,0.0
ringCFRP,"nTOF 5 ns, no veto, strict",13.0,oracle: IPC only,"no MM loss, no dead time",False,1918427663.1677406,0.015101021121122243,1.0,16.124467586654827,0.0,3112.865637185507,419.30160212266327,615.0219031249454,0.0,0.0,0.0,0.0
ringCFRP,"nTOF 5 ns, no veto, strict",13.0,oracle: IPC only,"no MM loss, no dead time",False,2383749258.3495045,0.01354717508256839,1.0,20.341770866186813,0.0,3867.9024997638417,521.0047281294152,764.1976987665042,0.0,0.0,0.0,0.0
ringCFRP,"nTOF 5 ns, no veto, strict",13.0,oracle: IPC only,"no MM loss, no dead time",False,2961936295.9451733,0.012153214755859041,1.0,25.748580633786652,0.0,4806.076294769356,647.3763166156382,949.5566252725437,0.0,0.0,0.0,0.0
ringCFRP,"nTOF 5 ns, no veto, strict",13.0,oracle: IPC only,"no MM loss, no dead time",False,3680364698.807223,0.010902688420413295,1.0,32.7240277732571,0.0,5971.807550100926,804.3997927226675,1179.8750324089608,0.0,0.0,0.0,0.0
ringCFRP,"nTOF 5 ns, no veto, strict",13.0,oracle: IPC only,"no MM loss, no dead time",False,4573050519.273255,0.00978083718427734,1.0,41.78849006195182,0.0,7420.291153982578,999.5098830846538,1466.0580054427835,0.0,0.0,0.0,0.0
ringCFRP,"nTOF 5 ns, no veto, strict",13.0,oracle: IPC only,"no MM loss, no dead time",False,5682260526.681813,0.008774420797555516,1.0,53.66466143971506,0.0,9220.109715180251,1241.9446342750787,1821.6556976670524,0.0,0.0,0.0,0.0
ringCFRP,"nTOF 5 ns, no veto, strict",13.0,oracle: IPC only,"no MM loss, no dead time",False,7060513448.737786,0.007871561389073805,1.0,69.36801650065601,0.0,11456.48080322759,1543.182814605562,2263.504901254285,0.0,0.0,0.0,0.0
ringCFRP,"nTOF 5 ns, no veto, strict",13.0,oracle: IPC only,"no MM loss, no dead time",False,8773066621.237415,0.007061603282033107,1.0,90.34173220546873,0.0,14235.291818559055,1917.4874093191538,2812.526233449958,0.0,0.0,0.0,0.0
ringCFRP,"nTOF 5 ns, no veto, strict",13.0,oracle: IPC only,"no MM loss, no dead time",False,10901005783.71244,0.006334987234176696,1.0,118.6590967258885,0.0,17688.113535043358,2382.580942516043,3494.714683171589,0.0,0.0,0.0,0.0
ringCFRP,"nTOF 5 ns, no veto, strict",13.0,oracle: IPC only,"no MM loss, no dead time",False,13545084316.226381,0.0056831376182360765,1.0,157.32868275927478,0.0,21978.4296954619,2960.484600864352,4342.370418281968,0.0,0.0,0.0,0.0
ringCFRP,"nTOF 5 ns, no veto, strict",13.0,oracle: IPC only,"no MM loss, no dead time",False,16830493696.995401,0.005098361211142594,1.0,210.7564041547099,0.0,27309.377617989103,3678.5608898137093,5395.628129635369,0.0,0.0,0.0,0.0
ringCFRP,"nTOF 5 ns, no veto, strict",13.0,oracle: IPC only,"no MM loss, no dead time",False,20912791051.82548,0.004573756397500575,1.0,285.44758061068666,0.0,33933.36631487892,4570.8091898590465,6704.357323074863,0.0,0.0,0.0,0.0
ringCFRP,"nTOF 5 ns, no veto, strict",13.0,oracle: IPC only,"no MM loss, no dead time",False,25985264452.18819,0.004103131715728164,1.0,391.0768139370662,0.0,42164.027520761454,5679.475554680283,8330.523534153399,0.0,0.0,0.0,0.0
ringCFRP,"nTOF 5 ns, no veto, strict",13.0,oracle: IPC only,"no MM loss, no dead time",False,32288084693.086143,0.0036809327855358807,1.0,542.1223305997158,0.0,52391.06548624403,7057.052971665529,10351.12226405847,0.0,0.0,0.0,0.0
ringCFRP,"nTOF 5 ns, no veto, strict",13.0,oracle: IPC only,"no MM loss, no dead time",False,40119676867.86863,0.0033021767543302983,1.0,760.3675858191277,0.0,65098.70864286781,8768.766792886889,12861.824552347984,0.0,0.0,0.0,0.0
ringCFRP,"nTOF 5 ns, no veto, strict",13.0,oracle: IPC only,"no MM loss, no dead time",False,49850850159.80715,0.002962393488869934,1.0,1078.7365983222912,0.0,80888.63678639467,10895.6630163836,15981.506796589774,0.0,0.0,0.0,0.0
ringCFRP,"nTOF 5 ns, no veto, strict",13.0,oracle: IPC only,"no MM loss, no dead time",False,61942354865.91934,0.0026575728181088176,1.0,1547.18193787582,0.0,100508.4693316432,13538.445641283262,19857.87929620126,0.0,0.0,0.0,0.0
ringCFRP,"nTOF 5 ns, no veto, strict",13.0,oracle: IPC only,"no MM loss, no dead time",False,76966697940.67009,0.002384117204580089,1.0,2241.7337499660734,0.0,124887.16349697454,16822.24478734087,24674.480020034418,0.0,0.0,0.0,0.0
ringCFRP,"nTOF 5 ns, no veto, strict",13.0,oracle: IPC only,"no MM loss, no dead time",False,95635249979.00362,0.0021387992857406016,1.0,3278.419122977498,0.0,155178.99844694664,20902.541339183877,30659.364737680953,0.0,0.0,0.0,0.0
ringCFRP,"nTOF 5 ns, no veto, strict",13.0,oracle: IPC only,"no MM loss, no dead time",False,118831927096.53207,0.0019187237841732686,1.0,4834.6884103043685,0.0,192818.22794846992,25972.528634530423,38095.90497367828,0.0,0.0,0.0,0.0
ringCFRP,"nTOF 5 ns, no veto, strict",13.0,oracle: IPC only,"no MM loss, no dead time",False,147655042472.05704,0.0017212933371059125,1.0,7182.416231231319,0.0,239586.98922714833,32272.259756614054,47336.20504471373,0.0,0.0,0.0,0.0
ringCFRP,"nTOF 5 ns, no veto, strict",13.0,oracle: IPC only,"no MM loss, no dead time",False,183469309133.68265,0.0015441778419616747,1.0,10738.75368497896,0.0,297699.68336328625,40100.01353559762,58817.773447916705,0.0,0.0,0.0,0.0
ringCFRP,"nTOF 5 ns, no veto, strict",13.0,oracle: IPC only,"no MM loss, no dead time",False,227970456209.51935,0.001385286956152724,1.0,16144.517664124667,0.0,369907.822459328,49826.41741489942,73084.23795491392,0.0,0.0,0.0,0.0
ringCFRP,"nTOF 5 ns, no veto, strict",13.0,oracle: IPC only,"no MM loss, no dead time",False,283265518084.60077,0.0012427454265559312,1.0,24385.065845817928,0.0,459630.30786843103,61911.995870023165,90811.08522715881,0.0,0.0,0.0,0.0
ringCFRP,"nTOF 5 ns, no veto, strict",13.0,oracle: IPC only,"no MM loss, no dead time",False,351972597984.32916,0.0011148709575053675,1.0,36976.729800208705,0.0,571115.3078804035,76928.97526009103,112837.64366841599,0.0,0.0,0.0,0.0
ringCFRP,"nTOF 5 ns, no veto, strict",13.0,oracle: IPC only,"no MM loss, no dead time",False,437344829577.31195,0.001000154356096513,1.0,56254.419644260466,0.0,709641.399428116,95588.37752528593,140206.8238342406,0.0,0.0,0.0,0.0
ringCFRP,"nTOF 5 ns, no veto, strict",13.0,oracle: IPC only,"no MM loss, no dead time",False,543424405915.04004,0.0008972417204741968,1.0,85815.3740087812,0.0,881767.4974451032,118773.68555897937,174214.49802206477,0.0,0.0,0.0,0.0
ringCFRP,"nTOF 5 ns, no veto, strict",13.0,oracle: IPC only,"no MM loss, no dead time",False,675233968650.1552,0.0008049184608878634,1.0,131203.9175607449,0.0,1095643.4054963265,147582.6742381053,216470.85706015342,0.0,0.0,0.0,0.0
ringCFRP,"nTOF 5 ns, no veto, strict",13.0,oracle: IPC only,"no MM loss, no dead time",False,839014419404.4929,0.000722094964928371,1.0,200968.23094068162,0.0,1361395.6915919604,183379.38772182935,268976.64940849226,0.0,0.0,0.0,0.0
ringCFRP,"nTOF 5 ns, no veto, strict",13.0,oracle: IPC only,"no MM loss, no dead time",False,1042520413147.9036,0.0006477937377653801,1.0,308291.3751876331,0.0,1691607.1595808687,227858.72403273176,334217.9123304093,0.0,0.0,0.0,0.0
ringCFRP,"nTOF 5 ns, no veto, strict",13.0,oracle: IPC only,"no MM loss, no dead time",False,1295387524568.9966,0.0005811378656125473,1.0,473508.7934555755,0.0,2101912.6180714634,283126.68486265425,415283.68045382824,0.0,0.0,0.0,0.0
ringCFRP,"nTOF 5 ns, no veto, strict",13.0,oracle: IPC only,"no MM loss, no dead time",False,1609588471982.2002,0.0005213406662647067,1.0,727994.3099410735,0.0,2611739.1552673955,351800.09026032017,516012.2449714225,0.0,0.0,0.0,0.0
ringCFRP,"nTOF 5 ns, no veto, strict",13.0,oracle: IPC only,"no MM loss, no dead time",True,2000000000000.0002,0.0004676964045611487,1.0,1120158.7943658223,0.0,3245225.970152546,437130.4794784968,641172.888540828,0.0,0.0,0.0,0.0
