variant,hw,ecut,scenario,knobs,best,R,reach3,live,trig_Hz,occ,X17,M1,E0,G,WALL,ACC,COS
tubeBe25,"nTOF 5 ns, no veto, strict",13.0,as is,MM occ + DREAM,False,1000000000.0,0.057078307422197536,0.9998593768901674,0.47195599823068357,0.0061251586976635965,1602.6313196404299,215.87371838662642,316.6385829309604,0.0,0.0,10.749001910376077,10833.819811265013
tubeBe25,"nTOF 5 ns, no veto, strict",13.0,as is,MM occ + DREAM,False,1242553630.827767,0.04738025985108477,0.9998216290578372,0.5986669933953781,0.007610838179178178,1985.372158731401,267.42873737347804,392.2582937367885,0.0,0.0,16.545945307854364,10801.268624871984
tubeBe25,"nTOF 5 ns, no veto, strict",13.0,as is,MM occ + DREAM,False,1543939525.4832668,0.0395106453291709,0.9997727467806786,0.7627680372018392,0.009456874613180438,2457.719920883254,331.0537686190923,485.58201967765524,0.0,0.0,25.450551014931776,10760.936943073217
tubeBe25,"nTOF 5 ns, no veto, strict",13.0,as is,MM occ + DREAM,False,1918427663.1677406,0.03311625691892322,0.9997089540512858,0.9769485943605815,0.011750673886890335,3039.6770997867443,409.4431390326656,600.5617372185828,0.0,0.0,39.11176313674965,10710.999666256197
tubeBe25,"nTOF 5 ns, no veto, strict",13.0,as is,MM occ + DREAM,False,2383749258.3495045,0.02791319861751218,0.9996249750063172,1.2589452691052752,0.014600842502828615,3755.1776338462128,505.8207393591644,741.9261748247104,0.0,0.0,60.03791074137157,10649.22239961698
tubeBe25,"nTOF 5 ns, no veto, strict",13.0,as is,MM occ + DREAM,False,2961936295.9451733,0.023673424832139266,0.9995133534642068,1.6338371676178303,0.018142329865034074,4632.559797595422,624.0037224404765,915.274244099171,0.0,0.0,92.03038989097357,10572.879989106148
tubeBe25,"nTOF 5 ns, no veto, strict",13.0,as is,MM occ + DREAM,False,3680364698.807223,0.020213903272730684,0.9993634362362162,2.137480655427982,0.022542817845473122,5704.910251516964,768.4488465714389,1127.1430151470693,0.0,0.0,140.82319302920155,10478.664667597313
tubeBe25,"nTOF 5 ns, no veto, strict",13.0,as is,MM occ + DREAM,False,4573050519.273255,0.017387892221711353,0.9991598467649944,2.8216767986276334,0.028010660162981607,7010.131563208817,944.2615705706224,1385.0210570151912,0.0,0.0,215.01397203806172,10362.586097802274
tubeBe25,"nTOF 5 ns, no veto, strict",13.0,as is,MM occ + DREAM,False,5682260526.681813,0.01507792169420544,0.9988801850325555,3.761981069838612,0.034804747487395635,8590.500500555569,1157.1365560690388,1697.2611678236174,0.0,0.0,327.3965688624045,10219.86850551289
tubeBe25,"nTOF 5 ns, no veto, strict",13.0,as is,MM occ + DREAM,False,7060513448.737786,0.01319015108619551,0.99849155245141,5.069551678271102,0.04324676536050705,10491.364201614328,1413.1820421798343,2072.822771588598,0.0,0.0,496.82422356033067,10044.854753556338
tubeBe25,"nTOF 5 ns, no veto, strict",13.0,as is,MM occ + DREAM,False,8773066621.237415,0.01164984851948586,0.9979452941223906,6.909182504375806,0.053736425320254536,12758.45960824068,1718.5587744125949,2520.7423074956564,0.0,0.0,750.7307149432123,9830.934397966508
tubeBe25,"nTOF 5 ns, no veto, strict",13.0,as is,MM occ + DREAM,False,10901005783.71244,0.010397800488184457,0.9971690442308984,9.526821584693426,0.06677039038938742,15433.13947011439,2078.836949561481,3049.190011517616,0.0,0.0,1128.3799621940193,9570.52348337618
tubeBe25,"nTOF 5 ns, no veto, strict",13.0,as is,MM occ + DREAM,False,13545084316.226381,0.009387514383051448,0.9960547133617523,13.291656300875406,0.08296579101012079,18544.56644564308,2497.944764605638,3663.9276722327504,0.0,0.0,1684.7400941716442,9255.139176350262
tubeBe25,"nTOF 5 ns, no veto, strict",13.0,as is,MM occ + DREAM,False,16830493696.995401,0.008583122260895118,0.9944404254777377,18.76059124828855,0.10308944485412372,22097.758311562186,2976.5581118158793,4365.946672809169,0.0,0.0,2494.4774893734407,8875.633202022615
tubeBe25,"nTOF 5 ns, no veto, strict",13.0,as is,MM occ + DREAM,False,20912791051.82548,0.007957935571396162,0.9920835708906504,26.777177984787468,0.12809416400351029,26056.37679911149,3509.7822427239425,5148.067509274004,0.0,0.0,3654.774099314809,8422.674356030177
tubeBe25,"nTOF 5 ns, no veto, strict",13.0,as is,MM occ + DREAM,False,25985264452.18819,0.00749364355584387,0.9886211401076411,38.62358597183355,0.15916386857040915,30319.63727586287,4084.0415126435823,5990.377739631286,0.0,0.0,5284.277992789687,7887.599353515747
tubeBe25,"nTOF 5 ns, no veto, strict",13.0,as is,MM occ + DREAM,False,32288084693.086143,0.007180204776360738,0.9835126156631325,56.254278995122746,0.19776964278875545,34694.18075493684,4673.290552955326,6854.674618900207,0.0,0.0,7513.346790658432,7263.77420141659
tubeBe25,"nTOF 5 ns, no veto, strict",13.0,as is,MM occ + DREAM,False,40119676867.86863,0.007016583304735233,0.9759607486398612,82.6556076540184,0.24573938771467851,38864.958199000204,5235.092399942217,7678.712589095959,0.0,0.0,10458.03631900846,6548.6044792444245
tubeBe25,"nTOF 5 ns, no veto, strict",13.0,as is,MM occ + DREAM,True,49850850159.80715,0.007012702561968277,0.9648085530537963,122.39952006285411,0.3053443684422675,42375.01964826429,5707.896099415775,8372.210132588949,0.0,0.0,14168.275599515373,5746.260703792713
tubeBe25,"nTOF 5 ns, no veto, strict",13.0,as is,MM occ + DREAM,False,61942354865.91934,0.007193465154062689,0.9484210749159467,182.4966207514893,0.37940675366075083,44632.9236487307,6012.034753370252,8818.313683879986,0.0,0.0,18542.895985506486,4870.971699924027
tubeBe25,"nTOF 5 ns, no veto, strict",13.0,as is,MM occ + DREAM,False,76966697940.67009,0.0076066294363416505,0.9245853918769934,273.71095952688205,0.47143323932174225,44976.23737712842,6058.278958268866,8886.143615273682,0.0,0.0,23217.769183268032,3950.2833484069943
tubeBe25,"nTOF 5 ns, no veto, strict",13.0,as is,MM occ + DREAM,False,95635249979.00362,0.008338178580080987,0.8905108291752541,412.5871498446953,0.5857810832121263,42822.21874050097,5768.133616127925,8460.565130471809,0.0,0.0,27467.660905524514,3026.9075074889383
tubeBe25,"nTOF 5 ns, no veto, strict",13.0,as is,MM occ + DREAM,False,118831927096.53207,0.00954276315601152,0.8430822981338272,624.5765929555644,0.7278644118154498,37914.30179361325,5107.039409448439,7490.88742096964,0.0,0.0,30218.34791979503,2156.839879391603
tubeBe25,"nTOF 5 ns, no veto, strict",13.0,as is,MM occ + DREAM,False,147655042472.05704,0.01150614395287806,0.7795689202595001,948.859800133156,0.9044105676516079,30602.486046192178,4122.141114868859,6046.261355983505,0.0,0.0,30306.75971904365,1401.058947812433
tubeBe25,"nTOF 5 ns, no veto, strict",13.0,as is,MM occ + DREAM,False,183469309133.68265,0.014780265605304859,0.6988880498679704,1445.7863256766777,1.1237786345945076,21982.86372148848,2961.081862177077,4343.246467377309,0.0,0.0,27050.930432480265,809.9697962327907
tubeBe25,"nTOF 5 ns, no veto, strict",13.0,as is,MM occ + DREAM,False,227970456209.51935,0.020495687199551617,0.6031036676360091,2208.354812942885,1.3963552226620757,13665.53846860613,1840.7418891797056,2699.95767751425,0.0,0.0,20894.877612643762,405.22493667580176
tubeBe25,"nTOF 5 ns, no veto, strict",13.0,as is,MM occ + DREAM,False,283265518084.60077,0.031143656400408545,0.49820177331953597,3379.929090764111,1.7350462518440772,7124.787259677495,959.7056413482078,1407.6740632368276,0.0,0.0,13536.304852175133,170.03024182115692
tubeBe25,"nTOF 5 ns, no veto, strict",13.0,as is,MM occ + DREAM,False,351972597984.32916,0.052722527434840155,0.3930646209069056,5181.580316991534,2.1558880198829664,3010.2822312720477,405.48366345647554,594.7540699167707,0.0,0.0,7106.415285260704,57.815773945791776
tubeBe25,"nTOF 5 ns, no veto, strict",13.0,as is,MM occ + DREAM,False,437344829577.31195,0.10129699956084366,0.29670262414694615,7954.288624905698,2.6788064867636754,992.1528413831229,133.64254177017168,196.0237928065466,0.0,0.0,2910.295523775529,15.335663349977134
tubeBe25,"nTOF 5 ns, no veto, strict",13.0,as is,MM occ + DREAM,False,543424405915.04004,0.22574313134438842,0.21538833463248913,12224.083797580368,3.3285607264131802,244.01984808119875,32.86936385172287,48.21202353688845,0.0,0.0,889.4034423263985,3.0355262686707913
tubeBe25,"nTOF 5 ns, no veto, strict",13.0,as is,MM occ + DREAM,False,675233968650.1552,0.5993980215406396,0.1514423133938455,18802.59850529076,4.135915216035406,42.41369923878169,5.713106222872326,8.379852221308724,0.0,0.0,192.085662021232,0.4246194199967934
tubeBe25,"nTOF 5 ns, no veto, strict",13.0,as is,MM occ + DREAM,False,839014419404.4929,1.962303348396344,0.10389823173808554,28942.291541698127,5.139096468480602,4.862169018417079,0.6549319812777916,0.9606390996450886,0.0,0.0,27.361127555232116,0.0391749642945341
tubeBe25,"nTOF 5 ns, no veto, strict",13.0,as is,MM occ + DREAM,False,1042520413147.9036,8.276787927969437,0.07001002081238414,44576.072196914494,6.385602976084727,0.336508043124168,0.04532748215136578,0.06648530364651378,0.0,0.0,2.3529599272379245,0.0021820206884611035
tubeBe25,"nTOF 5 ns, no veto, strict",13.0,as is,MM occ + DREAM,False,1295387524568.9966,47.577611787774096,0.0465792354789271,68687.22738287016,7.934454162958706,0.01256110059300067,0.0016919746037709384,0.0024817492601563167,0.0,0.0,0.10913446357299093,6.555049351410184e-05
tubeBe25,"nTOF 5 ns, no veto, strict",13.0,as is,MM occ + DREAM,False,1609588471982.2002,400.2302952033965,0.030719706193287274,105880.51901042408,9.858984828820832,0.00021925092846138573,2.9533001512349545e-05,4.331832433543513e-05,0.0,0.0,0.002366959398798979,9.208196333396134e-07
tubeBe25,"nTOF 5 ns, no veto, strict",13.0,as is,MM occ + DREAM,False,2000000000000.0002,5388.747314143617,0.020139919424278337,163263.8644916166,12.250317395327196,1.495588712472992e-06,2.0145512731590015e-07,2.95489726652314e-07,0.0,0.0,2.0062113763152912e-05,5.055104821715816e-09
tubeBe25,"nTOF 5 ns, no veto, strict",13.0,as is,"MM occ ÷10, DAQ 10 µs",False,1000000000.0,0.056760663391770515,0.9999952804622918,0.47195599823068357,0.0006125158697663597,1620.6188010938126,218.29662405317953,320.19244498775214,0.0,0.0,10.86964567300306,10955.415546064547
tubeBe25,"nTOF 5 ns, no veto, strict",13.0,as is,"MM occ ÷10, DAQ 10 µs",False,1242553630.827767,0.04705276956812915,0.999994013365906,0.5986669933953781,0.0007610838179178179,2013.1049692890444,271.1643344899338,397.7375812859893,0.0,0.0,16.77706850795659,10952.146904915557
tubeBe25,"nTOF 5 ns, no veto, strict",13.0,as is,"MM occ ÷10, DAQ 10 µs",False,1543939525.4832668,0.039171487590301195,0.999992372377809,0.7627680372018392,0.0009456874613180438,2500.4634242885627,336.8112993149516,494.02703268962983,0.0,0.0,25.8931749708717,10948.08607302992
tubeBe25,"nTOF 5 ns, no veto, strict",13.0,as is,"MM occ ÷10, DAQ 10 µs",False,1918427663.1677406,0.03276326903707104,0.9999902306094983,0.9769485943605815,0.0011750673886890336,3105.528233635756,418.31325716261154,613.5722215706709,0.0,0.0,39.95907482968231,10943.041244859673
tubeBe25,"nTOF 5 ns, no veto, strict",13.0,as is,"MM occ ÷10, DAQ 10 µs",False,2383749258.3495045,0.02754380467035092,0.9999874107058013,1.2589452691052752,0.0014600842502828617,3856.5754960501145,519.4789858205663,761.9597751961768,0.0,0.0,61.659063292317185,10936.774278847017
tubeBe25,"nTOF 5 ns, no veto, strict",13.0,as is,"MM occ ÷10, DAQ 10 µs",False,2961936295.9451733,0.0232845440192054,0.9999836618952618,1.6338371676178303,0.0018142329865034074,4788.590972296379,645.0210515380297,946.101976868957,0.0,0.0,95.13010375766328,10928.98956064989
tubeBe25,"nTOF 5 ns, no veto, strict",13.0,as is,"MM occ ÷10, DAQ 10 µs",False,3680364698.807223,0.019801831164478492,0.9999786256503183,2.137480655427982,0.0022542817845473124,5944.816810617039,800.7641522462922,1174.5423589501927,0.0,0.0,146.74518061386829,10919.320221065196
tubeBe25,"nTOF 5 ns, no veto, strict",13.0,as is,"MM occ ÷10, DAQ 10 µs",False,4573050519.273255,0.016948144783505103,0.9999717840281772,2.8216767986276334,0.002801066016298161,7378.629723779593,993.8981071627647,1457.8267821659854,0.0,0.0,226.3165064453867,10907.311097806201
tubeBe25,"nTOF 5 ns, no veto, strict",13.0,as is,"MM occ ÷10, DAQ 10 µs",False,5682260526.681813,0.014605027956247933,0.9999623816044986,3.761981069838612,0.0034804747487395637,9155.80741930832,1233.2831439244562,1808.951223721876,0.0,0.0,348.9412443492239,10892.397699188645
tubeBe25,"nTOF 5 ns, no veto, strict",13.0,as is,"MM occ ÷10, DAQ 10 µs",False,7060513448.737786,0.012677374717369811,0.9999493070531225,5.069551678271102,0.004324676536050705,11357.241198889078,1529.8152845085094,2243.897716929805,0.0,0.0,537.8282968727017,10873.880274444466
tubeBe25,"nTOF 5 ns, no veto, strict",13.0,as is,"MM occ ÷10, DAQ 10 µs",False,8773066621.237415,0.011088810417721738,0.9999309129483068,6.909182504375806,0.005373642532025454,14082.147298419528,1896.8589112934985,2782.2688291135064,0.0,0.0,828.6188798567607,10850.891919887017
tubeBe25,"nTOF 5 ns, no veto, strict",13.0,as is,"MM occ ÷10, DAQ 10 µs",False,10901005783.71244,0.009777962094088806,0.9999047408593214,9.526821584693426,0.006677039038938743,17451.812658639235,2350.7513206796107,3448.0277292022047,0.0,0.0,1275.9734172107815,10822.359455794545
tubeBe25,"nTOF 5 ns, no veto, strict",13.0,as is,"MM occ ÷10, DAQ 10 µs",False,13545084316.226381,0.008695461703559781,0.9998671011014559,13.291656300875406,0.008296579101012079,21613.874318917144,2911.3791555082685,4270.343685486749,0.0,0.0,1963.5811256197755,10786.95560492431
tubeBe25,"nTOF 5 ns, no veto, strict",13.0,as is,"MM occ ÷10, DAQ 10 µs",False,16830493696.995401,0.007801558315087054,0.9998124292768938,18.76059124828855,0.010308944485412372,26747.062879336467,3602.817347272818,5284.529251293149,0.0,0.0,3019.3083533025606,10743.040809900267
tubeBe25,"nTOF 5 ns, no veto, strict",13.0,as is,"MM occ ÷10, DAQ 10 µs",False,20912791051.82548,0.007064235289912707,0.9997322999026838,26.777177984787468,0.012809416400351029,33066.22003954831,4454.004976346774,6533.031601151401,0.0,0.0,4638.0034144619185,10688.592881703014
tubeBe25,"nTOF 5 ns, no veto, strict",13.0,as is,"MM occ ÷10, DAQ 10 µs",False,25985264452.18819,0.006457735322163742,0.9996139132608252,38.62358597183355,0.015916386857040915,40827.198699371154,5499.405313332021,8066.400664196473,0.0,0.0,7115.595270200966,10621.122645269317
tubeBe25,"nTOF 5 ns, no veto, strict",13.0,as is,"MM occ ÷10, DAQ 10 µs",False,32288084693.086143,0.005961391994183567,0.9994377734865203,56.254278995122746,0.019776964278875545,50330.927934379,6779.553369443352,9944.09225842264,0.0,0.0,10899.629495151503,10537.573965082816
tubeBe25,"nTOF 5 ns, no veto, strict",13.0,as is,"MM occ ÷10, DAQ 10 µs",False,40119676867.86863,0.005558662902904257,0.9991741265541749,82.6556076540184,0.02457393877146785,61925.411487861544,8341.325092477213,12234.862941111365,0.0,0.0,16663.293424724685,10434.207209796934
tubeBe25,"nTOF 5 ns, no veto, strict",13.0,as is,"MM occ ÷10, DAQ 10 µs",False,49850850159.80715,0.0052362838304196285,0.9987775011321185,122.39952006285411,0.03053443684422675,76003.63999315923,10237.656144098664,15016.35751785273,0.0,0.0,25412.153833267595,10306.466721739638
tubeBe25,"nTOF 5 ns, no veto, strict",13.0,as is,"MM occ ÷10, DAQ 10 µs",False,61942354865.91934,0.004983538684177701,0.9981783582271627,182.4966207514893,0.03794067536607509,92994.22014031117,12526.279652800968,18373.257607747477,0.0,0.0,38634.756819568596,10148.835826327113
tubeBe25,"nTOF 5 ns, no veto, strict",13.0,as is,"MM occ ÷10, DAQ 10 µs",False,76966697940.67009,0.004791732311541792,0.9972703617238484,273.71095952688205,0.04714332393217423,113339.82641634293,15266.823673008106,22393.024263474224,0.0,0.0,58508.6277213687,9954.688411340921
tubeBe25,"nTOF 5 ns, no veto, strict",13.0,as is,"MM occ ÷10, DAQ 10 µs",False,95635249979.00362,0.0046539694745893,0.9958910813718106,412.5871498446953,0.05857810832121263,137456.24925463783,18515.294989202604,27157.806942621428,0.0,0.0,88169.22044024564,9716.15588957375
tubeBe25,"nTOF 5 ns, no veto, strict",13.0,as is,"MM occ ÷10, DAQ 10 µs",False,118831927096.53207,0.004565248427681319,0.993793001530013,624.5765929555644,0.07278644118154498,165661.8556518075,22314.577492724842,32730.50674628683,0.0,0.0,132035.33638508042,9424.045277395106
tubeBe25,"nTOF 5 ns, no veto, strict",13.0,as is,"MM occ ÷10, DAQ 10 µs",True,147655042472.05704,0.004522778337246644,0.9906005892289246,948.859800133156,0.09044105676516079,198064.0741516479,26679.141760135914,39132.34878186537,0.0,0.0,196150.08712783127,9067.872554912263
tubeBe25,"nTOF 5 ns, no veto, strict",13.0,as is,"MM occ ÷10, DAQ 10 µs",False,183469309133.68265,0.004526445319202827,0.9857481874995262,1445.7863256766777,0.11237786345945076,234387.36028828667,31571.872075737694,46308.8925750327,0.0,0.0,288424.4863517634,8636.121519812186
tubeBe25,"nTOF 5 ns, no veto, strict",13.0,as is,"MM occ ÷10, DAQ 10 µs",False,227970456209.51935,0.0045794701951772316,0.9783935978914394,2208.354812942885,0.13963552226620757,273729.273083928,36871.21004546049,54081.83908165669,0.0,0.0,418537.45267529186,8116.908646268799
tubeBe25,"nTOF 5 ns, no veto, strict",13.0,as is,"MM occ ÷10, DAQ 10 µs",False,283265518084.60077,0.004689444896790336,0.9673057515081418,3379.929090764111,0.17350462518440773,314244.89099753054,42328.645567002364,62086.679424857815,0.0,0.0,597030.4077505416,7499.330556824482
tubeBe25,"nTOF 5 ns, no veto, strict",13.0,as is,"MM occ ÷10, DAQ 10 µs",False,351972597984.32916,0.004870087918063341,0.9507368086562731,5181.580316991534,0.21558880198829666,352797.95181290613,47521.72552956552,69703.76914139382,0.0,0.0,832855.0497115592,6775.871849708286
tubeBe25,"nTOF 5 ns, no veto, strict",13.0,as is,"MM occ ÷10, DAQ 10 µs",False,437344829577.31195,0.005144289933509766,0.9263179932337529,7954.288624905698,0.26788064867636757,384698.832836949,51818.75986433354,76006.5598318743,0.0,0.0,1128442.3573753706,5946.273140025634
tubeBe25,"nTOF 5 ns, no veto, strict",13.0,as is,"MM occ ÷10, DAQ 10 µs",False,543424405915.04004,0.005549459264610044,0.8910743275068382,12224.083797580368,0.33285607264131806,403787.533710194,54389.99929175343,79777.99442224119,0.0,0.0,1471724.6374599454,5022.9834793243
tubeBe25,"nTOF 5 ns, no veto, strict",13.0,as is,"MM occ ÷10, DAQ 10 µs",False,675233968650.1552,0.006147057170422993,0.8417324305877586,18802.59850529076,0.4135915216035406,403275.8897893563,54321.08108559611,79676.90678962482,0.0,0.0,1826379.6286969436,4037.345892821162
tubeBe25,"nTOF 5 ns, no veto, strict",13.0,as is,"MM occ ÷10, DAQ 10 µs",False,839014419404.4929,0.007040034715649485,0.7755407384524525,28942.291541698127,0.5139096468480603,377757.19075834786,50883.723796554135,74635.0705292221,0.0,0.0,2125771.9840866895,3043.626086198789
tubeBe25,"nTOF 5 ns, no veto, strict",13.0,as is,"MM occ ÷10, DAQ 10 µs",False,1042520413147.9036,0.008405841938478112,0.6916773881074781,44576.072196914494,0.6385602976084728,326254.6164504467,43946.35018724228,64459.49118898485,0.0,0.0,2281265.052262123,2115.534345602953
tubeBe25,"nTOF 5 ns, no veto, strict",13.0,as is,"MM occ ÷10, DAQ 10 µs",False,1295387524568.9966,0.01056183120481505,0.5928131106988292,68687.22738287016,0.7934454162958706,254891.01418570857,34333.70503950506,50359.88536134812,0.0,0.0,2214566.6215135166,1330.1566728550313
tubeBe25,"nTOF 5 ns, no veto, strict",13.0,as is,"MM occ ÷10, DAQ 10 µs",False,1609588471982.2002,0.014102421073249372,0.4857186123323151,105880.51901042408,0.9858984828820833,176593.21123076972,23787.02617566111,34890.260457336,0.0,0.0,1906441.0081181473,741.6638878426513
tubeBe25,"nTOF 5 ns, no veto, strict",13.0,as is,"MM occ ÷10, DAQ 10 µs",False,2000000000000.0002,0.02020652293240861,0.3798470412683029,163263.8644916166,1.2250317395327197,106366.44427215726,14327.512232661355,21015.263943111575,0.0,0.0,1426819.87887002,359.5196465610251
tubeBe25,"nTOF 5 ns, no veto, strict",13.0,as is,"no MM loss, DREAM",False,1000000000.0,0.05672976226794734,0.9998593768901674,0.47195599823068357,0.0,1622.384808192257,218.53450441553503,320.5413624076505,0.0,0.0,10.881490451925247,10967.353789411904
tubeBe25,"nTOF 5 ns, no veto, strict",13.0,as is,"no MM loss, DREAM",False,1242553630.827767,0.047021025133173924,0.9998216290578372,0.5986669933953781,0.0,2015.8240274565044,271.5305904028975,398.2747969977379,0.0,0.0,16.79972893841029,10966.939737354667
tubeBe25,"nTOF 5 ns, no veto, strict",13.0,as is,"no MM loss, DREAM",False,1543939525.4832668,0.03913875932163207,0.9997727467806786,0.7627680372018392,0.0,2504.6470037473264,337.37482558756426,494.85360000749523,0.0,0.0,25.936497402177068,10966.403552727084
tubeBe25,"nTOF 5 ns, no veto, strict",13.0,as is,"no MM loss, DREAM",False,1918427663.1677406,0.03272939597333615,0.9997089540512858,0.9769485943605815,0.0,3111.959650252911,419.17956609007615,614.8429034916704,0.0,0.0,40.04182837063626,10965.703816895611
tubeBe25,"nTOF 5 ns, no veto, strict",13.0,as is,"no MM loss, DREAM",False,2383749258.3495045,0.027508603304732704,0.9996249750063172,1.2589452691052752,0.0,3866.4519396533015,520.8093383345396,763.9111055293516,0.0,0.0,61.816968216479985,10964.78265946252
tubeBe25,"nTOF 5 ns, no veto, strict",13.0,as is,"no MM loss, DREAM",False,2961936295.9451733,0.023247806279974605,0.9995133534642068,1.6338371676178303,0.0,4803.73743438975,647.0612731738028,949.0945268303155,0.0,0.0,95.43100323286167,10963.558294345647
tubeBe25,"nTOF 5 ns, no veto, strict",13.0,as is,"no MM loss, DREAM",False,3680364698.807223,0.019763322692404786,0.9993634362362162,2.137480655427982,0.0,5968.006113810241,803.8877409630248,1179.1239667175355,0.0,0.0,147.31759833401043,10961.913867822772
tubeBe25,"nTOF 5 ns, no veto, strict",13.0,as is,"no MM loss, DREAM",False,4573050519.273255,0.016907603880812312,0.9991598467649944,2.8216767986276334,0.0,7414.056972364875,998.6701416229599,1464.8262920668049,0.0,0.0,227.40312705557307,10959.680716031336
tubeBe25,"nTOF 5 ns, no veto, strict",13.0,as is,"no MM loss, DREAM",False,5682260526.681813,0.014562165875745823,0.9988801850325555,3.761981069838612,0.0,9209.784898319715,1240.5538860848799,1819.6157803512745,0.0,0.0,350.99840521232255,10956.613135497606
tubeBe25,"nTOF 5 ns, no veto, strict",13.0,as is,"no MM loss, DREAM",False,7060513448.737786,0.01263187846749875,0.99849155245141,5.069551678271102,0.0,11439.19930284449,1540.8550042718439,2260.090522834766,0.0,0.0,541.7094671933221,10952.35026502799
tubeBe25,"nTOF 5 ns, no veto, strict",13.0,as is,"no MM loss, DREAM",False,8773066621.237415,0.011040350096522536,0.9979452941223906,6.909182504375806,0.0,14206.042480789978,1913.5475366689836,2806.747319267158,0.0,0.0,835.9090952663788,10946.358414080507
tubeBe25,"nTOF 5 ns, no veto, strict",13.0,as is,"no MM loss, DREAM",False,10901005783.71244,0.009726206095035562,0.9971690442308984,9.526821584693426,0.0,17638.039267986802,2375.8359612514755,3484.8213004779004,0.0,0.0,1289.5892064558695,10937.843809541348
tubeBe25,"nTOF 5 ns, no veto, strict",13.0,as is,"no MM loss, DREAM",False,13545084316.226381,0.008640105196202527,0.9960547133617523,13.291656300875406,0.0,21891.718490454732,2948.804640525824,4325.238522292399,0.0,0.0,1988.822762683296,10925.620829827541
tubeBe25,"nTOF 5 ns, no veto, strict",13.0,as is,"no MM loss, DREAM",False,16830493696.995401,0.007742373561797427,0.9944404254777377,18.76059124828855,0.0,27157.5490979653,3658.1096564121112,5365.630732954249,0.0,0.0,3065.645570753793,10907.913873478326
tubeBe25,"nTOF 5 ns, no veto, strict",13.0,as is,"no MM loss, DREAM",False,20912791051.82548,0.007001157215475551,0.9920835708906504,26.777177984787468,0.0,33664.735226005585,4534.624702935162,6651.282753602992,0.0,0.0,4721.953605172442,10882.061779989755
tubeBe25,"nTOF 5 ns, no veto, strict",13.0,as is,"no MM loss, DREAM",False,25985264452.18819,0.006391003298160163,0.9886211401076411,38.62358597183355,0.0,41684.248959105134,5614.849598081499,8235.73167402827,0.0,0.0,7264.9668403494115,10844.082735889859
tubeBe25,"nTOF 5 ns, no veto, strict",13.0,as is,"no MM loss, DREAM",False,32288084693.086143,0.005891780595719879,0.9835126156631325,56.254278995122746,0.0,51527.27385375433,6940.700627036048,10180.45933297303,0.0,0.0,11158.709305605795,10788.04786116673
tubeBe25,"nTOF 5 ns, no veto, strict",13.0,as is,"no MM loss, DREAM",False,40119676867.86863,0.005487852444432694,0.9759607486398612,82.6556076540184,0.0,63533.784422581484,8557.97220383424,12552.635918984088,0.0,0.0,17096.08489923716,10705.21221514577
tubeBe25,"nTOF 5 ns, no veto, strict",13.0,as is,"no MM loss, DREAM",False,49850850159.80715,0.00516744716391455,0.9648085530537963,122.39952006285411,0.0,78042.04861637554,10512.228869398825,15419.09444803719,0.0,0.0,26093.704789417778,10582.884938582632
tubeBe25,"nTOF 5 ns, no veto, strict",13.0,as is,"no MM loss, DREAM",False,61942354865.91934,0.004922252459629324,0.9484210749159467,182.4966207514893,0.0,95324.3505216735,12840.14716779699,18833.631227654325,0.0,0.0,39602.81720553658,10403.132390766308
tubeBe25,"nTOF 5 ns, no veto, strict",13.0,as is,"no MM loss, DREAM",False,76966697940.67009,0.004747351682318495,0.9245853918769934,273.71095952688205,0.0,115468.84700225634,15553.601788954273,22813.663778684568,0.0,0.0,59607.67716242536,10141.681255994179
tubeBe25,"nTOF 5 ns, no veto, strict",13.0,as is,"no MM loss, DREAM",False,95635249979.00362,0.004641621255086077,0.8905108291752541,412.5871498446953,0.0,138188.57857757588,18613.93941982666,27302.496314538814,0.0,0.0,88638.96194606379,9767.920912282842
tubeBe25,"nTOF 5 ns, no veto, strict",13.0,as is,"no MM loss, DREAM",True,118831927096.53207,0.004608574871455025,0.8430822981338272,624.5765929555644,0.0,162561.63474088823,21896.97912954654,32117.983114696584,0.0,0.0,129564.40721897443,9247.682275064388
tubeBe25,"nTOF 5 ns, no veto, strict",13.0,as is,"no MM loss, DREAM",False,147655042472.05704,0.004657461614587872,0.7795689202595001,948.859800133156,0.0,186774.5705000325,25158.450692797735,36901.83425588978,0.0,0.0,184969.67930082255,8551.010621421568
tubeBe25,"nTOF 5 ns, no veto, strict",13.0,as is,"no MM loss, DREAM",False,183469309133.68265,0.004804313937895355,0.6988880498679704,1445.7863256766777,0.0,208058.75115207947,28025.42025957304,41107.0389825906,0.0,0.0,256025.91521240326,7666.030523146416
tubeBe25,"nTOF 5 ns, no veto, strict",13.0,as is,"no MM loss, DREAM",False,227970456209.51935,0.005072629188692373,0.6031036676360091,2208.354812942885,0.0,223092.76441247045,30050.495088088563,44077.37195699141,0.0,0.0,341113.23306972516,6615.381570185129
tubeBe25,"nTOF 5 ns, no veto, strict",13.0,as is,"no MM loss, DREAM",False,283265518084.60077,0.005493493136616995,0.49820177331953597,3379.929090764111,0.0,228988.63445145657,30844.666132197333,45242.243697242026,0.0,0.0,435052.98483235214,5464.723572930943
tubeBe25,"nTOF 5 ns, no veto, strict",13.0,as is,"no MM loss, DREAM",False,351972597984.32916,0.006105285124327933,0.3930646209069056,5181.580316991534,0.0,224485.22198614143,30238.0584973644,44352.48563255443,0.0,0.0,529945.3972338473,4311.485054023397
tubeBe25,"nTOF 5 ns, no veto, strict",13.0,as is,"no MM loss, DREAM",False,437344829577.31195,0.006953535982895457,0.29670262414694615,7954.288624905698,0.0,210552.4654136332,28361.32244970131,41599.732554927796,0.0,0.0,617616.4317172738,3254.500307220618
tubeBe25,"nTOF 5 ns, no veto, strict",13.0,as is,"no MM loss, DREAM",False,543424405915.04004,0.00809168539058877,0.21538833463248913,12224.083797580368,0.0,189922.43280775845,25582.466330711493,37523.77059780761,0.0,0.0,692229.205298154,2362.57230029082
tubeBe25,"nTOF 5 ns, no veto, strict",13.0,as is,"no MM loss, DREAM",False,675233968650.1552,0.009583191113250964,0.1514423133938455,18802.59850529076,0.0,165926.77198307493,22350.261603468956,32782.84737553809,0.0,0.0,751458.9487698379,1661.1550264630316
tubeBe25,"nTOF 5 ns, no veto, strict",13.0,as is,"no MM loss, DREAM",False,839014419404.4929,0.01150495453266357,0.10389823173808554,28942.291541698127,0.0,141446.60505225274,19052.794121510862,27946.19825237732,0.0,0.0,795969.5741612009,1139.6489265420562
tubeBe25,"nTOF 5 ns, no veto, strict",13.0,as is,"no MM loss, DREAM",False,1042520413147.9036,0.013951782315038429,0.07001002081238414,44576.072196914494,0.0,118429.45244863466,15952.394011814848,23398.602998123533,0.0,0.0,828092.4082208164,767.9326561317545
tubeBe25,"nTOF 5 ns, no veto, strict",13.0,as is,"no MM loss, DREAM",False,1295387524568.9966,0.01704170245979625,0.0465792354789271,68687.22738287016,0.0,97905.48279327886,13187.82452458556,19343.59634241438,0.0,0.0,850631.0626517099,510.92280229106296
tubeBe25,"nTOF 5 ns, no veto, strict",13.0,as is,"no MM loss, DREAM",False,1609588471982.2002,0.020922195259297956,0.030719706193287274,105880.51901042408,0.0,80231.85950331867,10807.195411568979,15851.744557660677,0.0,0.0,866156.2131899721,336.9612706703442
tubeBe25,"nTOF 5 ns, no veto, strict",13.0,as is,"no MM loss, DREAM",False,2000000000000.0002,0.025777605504610945,0.020139919424278337,163263.8644916166,0.0,65358.58955244779,8803.772634593084,12913.170312244078,0.0,0.0,876732.652543407,220.9126870453632
tubeBe25,"nTOF 5 ns, no veto, strict",13.0,as is,"no MM loss, no dead time",False,1000000000.0,0.05672577336991451,1.0,0.47195599823068357,0.0,1622.6129850762727,218.56523973924845,320.586444270414,0.0,0.0,10.883020856162416,10968.89626971678
tubeBe25,"nTOF 5 ns, no veto, strict",13.0,as is,"no MM loss, no dead time",False,1242553630.827767,0.04701683135387627,1.0,0.5986669933953781,0.0,2016.183656034804,271.57903221074446,398.34585032236646,0.0,0.0,16.80272605648789,10968.89626971678
tubeBe25,"nTOF 5 ns, no veto, strict",13.0,as is,"no MM loss, no dead time",False,1543939525.4832668,0.0391343118644149,1.0,0.7627680372018392,0.0,2505.216322221648,337.4515125301517,494.9660826432308,0.0,0.0,25.94239289447924,10968.896269716779
tubeBe25,"nTOF 5 ns, no veto, strict",13.0,as is,"no MM loss, no dead time",False,1918427663.1677406,0.032724632747680595,1.0,0.9769485943605815,0.0,3112.865637185506,419.3016021226632,615.0219031249453,0.0,0.0,40.05348577540307,10968.896269716779
tubeBe25,"nTOF 5 ns, no veto, strict",13.0,as is,"no MM loss, no dead time",False,2383749258.3495045,0.027503444614137593,1.0,1.2589452691052752,0.0,3867.9024997638426,521.0047281294152,764.1976987665042,0.0,0.0,61.84015982202659,10968.89626971678
tubeBe25,"nTOF 5 ns, no veto, strict",13.0,as is,"no MM loss, no dead time",False,2961936295.9451733,0.023242148859404343,1.0,1.6338371676178303,0.0,4806.076294769357,647.3763166156382,949.5566252725439,0.0,0.0,95.47746701142907,10968.89626971678
tubeBe25,"nTOF 5 ns, no veto, strict",13.0,as is,"no MM loss, no dead time",False,3680364698.807223,0.019757031383501628,1.0,2.137480655427982,0.0,5971.807550100924,804.3997927226673,1179.8750324089606,0.0,0.0,147.41143511197006,10968.896269716777
tubeBe25,"nTOF 5 ns, no veto, strict",13.0,as is,"no MM loss, no dead time",False,4573050519.273255,0.016900499899342194,1.0,2.8216767986276334,0.0,7420.291153982578,999.5098830846537,1466.0580054427835,0.0,0.0,227.59434117758246,10968.89626971678
tubeBe25,"nTOF 5 ns, no veto, strict",13.0,as is,"no MM loss, no dead time",False,5682260526.681813,0.014554010126220637,1.0,3.761981069838612,0.0,9220.109715180251,1241.9446342750787,1821.6556976670524,0.0,0.0,351.3918991203964,10968.896269716783
tubeBe25,"nTOF 5 ns, no veto, strict",13.0,as is,"no MM loss, no dead time",False,7060513448.737786,0.012622347608888033,1.0,5.069551678271102,0.0,11456.480803227592,1543.182814605562,2263.504901254285,0.0,0.0,542.5278419866087,10968.89626971678
tubeBe25,"nTOF 5 ns, no veto, strict",13.0,as is,"no MM loss, no dead time",False,8773066621.237415,0.01102900192812092,1.0,6.909182504375806,0.0,14235.291818559055,1917.4874093191538,2812.526233449958,0.0,0.0,837.6301789182652,10968.89626971678
tubeBe25,"nTOF 5 ns, no veto, strict",13.0,as is,"no MM loss, no dead time",False,10901005783.71244,0.009712429107986607,1.0,9.526821584693426,0.0,17688.11353504336,2382.5809425160433,3494.71468317159,0.0,0.0,1293.2503409695305,10968.896269716783
tubeBe25,"nTOF 5 ns, no veto, strict",13.0,as is,"no MM loss, no dead time",False,13545084316.226381,0.008623044506452907,1.0,13.291656300875406,0.0,21978.4296954619,2960.484600864353,4342.370418281968,0.0,0.0,1996.7003177675692,10968.896269716783
tubeBe25,"nTOF 5 ns, no veto, strict",13.0,as is,"no MM loss, no dead time",False,16830493696.995401,0.007720821413455045,1.0,18.76059124828855,0.0,27309.377617989103,3678.5608898137093,5395.628129635369,0.0,0.0,3082.784541146374,10968.89626971678
tubeBe25,"nTOF 5 ns, no veto, strict",13.0,as is,"no MM loss, no dead time",False,20912791051.82548,0.00697339006973265,1.0,26.777177984787468,0.0,33933.36631487891,4570.809189859046,6704.357323074863,0.0,0.0,4759.632901624682,10968.89626971678
tubeBe25,"nTOF 5 ns, no veto, strict",13.0,as is,"no MM loss, no dead time",False,25985264452.18819,0.006354538102740067,1.0,38.62358597183355,0.0,42164.02752076145,5679.475554680283,8330.523534153399,0.0,0.0,7348.585363608956,10968.89626971678
tubeBe25,"nTOF 5 ns, no veto, strict",13.0,as is,"no MM loss, no dead time",False,32288084693.086143,0.005843008704417908,1.0,56.254278995122746,0.0,52391.06548624404,7057.052971665531,10351.122264058471,0.0,0.0,11345.771399263693,10968.89626971678
tubeBe25,"nTOF 5 ns, no veto, strict",13.0,as is,"no MM loss, no dead time",False,40119676867.86863,0.005421489255774069,1.0,82.6556076540184,0.0,65098.70864286781,8768.766792886889,12861.824552347984,0.0,0.0,17517.184910420798,10968.896269716779
tubeBe25,"nTOF 5 ns, no veto, strict",13.0,as is,"no MM loss, no dead time",False,49850850159.80715,0.005075707854191535,1.0,122.39952006285411,0.0,80888.63678639467,10895.6630163836,15981.506796589774,0.0,0.0,27045.47415839796,10968.89626971678
tubeBe25,"nTOF 5 ns, no veto, strict",13.0,as is,"no MM loss, no dead time",False,61942354865.91934,0.004793629701669645,1.0,182.4966207514893,0.0,100508.46933164318,13538.445641283262,19857.87929620126,0.0,0.0,41756.57653858689,10968.89626971678
tubeBe25,"nTOF 5 ns, no veto, strict",13.0,as is,"no MM loss, no dead time",False,76966697940.67009,0.004564833264029624,1.0,273.71095952688205,0.0,124887.16349697452,16822.24478734087,24674.480020034418,0.0,0.0,64469.62896679157,10968.89626971678
tubeBe25,"nTOF 5 ns, no veto, strict",13.0,as is,"no MM loss, no dead time",False,95635249979.00362,0.004380153221526495,1.0,412.5871498446953,0.0,155178.99844694664,20902.541339183877,30659.364737680953,0.0,0.0,99537.20835507041,10968.89626971678
tubeBe25,"nTOF 5 ns, no veto, strict",13.0,as is,"no MM loss, no dead time",False,118831927096.53207,0.004231571006668864,1.0,624.5765929555644,0.0,192818.22794846995,25972.528634530423,38095.90497367829,0.0,0.0,153679.43023565647,10968.896269716783
tubeBe25,"nTOF 5 ns, no veto, strict",13.0,as is,"no MM loss, no dead time",False,147655042472.05704,0.00411222190787992,1.0,948.859800133156,0.0,239586.98922714833,32272.259756614054,47336.20504471373,0.0,0.0,237271.7465945801,10968.89626971678
tubeBe25,"nTOF 5 ns, no veto, strict",13.0,as is,"no MM loss, no dead time",False,183469309133.68265,0.00401638360815783,1.0,1445.7863256766777,0.0,297699.6833632863,40100.01353559762,58817.77344791672,0.0,0.0,366333.227847822,10968.896269716783
tubeBe25,"nTOF 5 ns, no veto, strict",13.0,as is,"no MM loss, no dead time",False,227970456209.51935,0.003939391115762952,1.0,2208.354812942885,0.0,369907.82245932793,49826.41741489942,73084.23795491392,0.0,0.0,565596.3499721197,10968.896269716779
tubeBe25,"nTOF 5 ns, no veto, strict",13.0,as is,"no MM loss, no dead time",False,283265518084.60077,0.00387749477069643,1.0,3379.929090764111,0.0,459630.30786843103,61911.99587002318,90811.08522715881,0.0,0.0,873246.5601910225,10968.89626971678
tubeBe25,"nTOF 5 ns, no veto, strict",13.0,as is,"no MM loss, no dead time",False,351972597984.32916,0.00382770032095014,1.0,5181.580316991534,0.0,571115.3078804035,76928.97526009103,112837.64366841599,0.0,0.0,1348239.8797712217,10968.89626971678
tubeBe25,"nTOF 5 ns, no veto, strict",13.0,as is,"no MM loss, no dead time",False,437344829577.31195,0.003787619990798787,1.0,7954.288624905698,0.0,709641.399428116,95588.37752528593,140206.8238342406,0.0,0.0,2081600.840211614,10968.896269716783
tubeBe25,"nTOF 5 ns, no veto, strict",13.0,as is,"no MM loss, no dead time",False,543424405915.04004,0.0037553470457015042,1.0,12224.083797580368,0.0,881767.4974451035,118773.68555897938,174214.49802206483,0.0,0.0,3213865.813481889,10968.89626971678
tubeBe25,"nTOF 5 ns, no veto, strict",13.0,as is,"no MM loss, no dead time",False,675233968650.1552,0.003729355348870107,1.0,18802.59850529076,0.0,1095643.4054963267,147582.6742381053,216470.85706015342,0.0,0.0,4962014.459034119,10968.896269716783
tubeBe25,"nTOF 5 ns, no veto, strict",13.0,as is,"no MM loss, no dead time",False,839014419404.4929,0.003708420599527214,1.0,28942.291541698127,0.0,1361395.6915919606,183379.38772182938,268976.6494084923,0.0,0.0,7661050.249322249,10968.896269716783
tubeBe25,"nTOF 5 ns, no veto, strict",13.0,as is,"no MM loss, no dead time",False,1042520413147.9036,0.0036915588383648924,1.0,44576.072196914494,0.0,1691607.1595808691,227858.7240327318,334217.9123304094,0.0,0.0,11828198.28664205,10968.89626971678
tubeBe25,"nTOF 5 ns, no veto, strict",13.0,as is,"no MM loss, no dead time",False,1295387524568.9966,0.0036779782482716235,1.0,68687.22738287016,0.0,2101912.6180714634,283126.68486265425,415283.6804538282,0.0,0.0,18262022.85000027,10968.89626971678
tubeBe25,"nTOF 5 ns, no veto, strict",13.0,as is,"no MM loss, no dead time",False,1609588471982.2002,0.0036670411187802645,1.0,105880.51901042408,0.0,2611739.1552673955,351800.09026032017,516012.2449714224,0.0,0.0,28195458.893393993,10968.896269716783
tubeBe25,"nTOF 5 ns, no veto, strict",13.0,as is,"no MM loss, no dead time",True,2000000000000.0002,0.0036582336259525752,1.0,163263.8644916166,0.0,3245225.970152547,437130.47947849694,641172.8885408283,0.0,0.0,43532083.42464967,10968.896269716783
tubeBe25,"nTOF 5 ns, no veto, strict",13.0,no Be window + air,MM occ + DREAM,False,1000000000.0,0.056894132523100695,0.9999943906667095,0.018823371662281055,0.005567617499822552,1604.636031530927,216.1437521771757,317.03466225651255,0.0,0.0,0.01562614228759198,10847.371703786384
tubeBe25,"nTOF 5 ns, no veto, strict",13.0,no Be window + air,MM occ + DREAM,False,1242553630.827767,0.04716779457910178,0.9999913395550453,0.02906214751225738,0.006918063339464727,1988.4623629358582,267.8449864907983,392.8688383257249,0.0,0.0,0.024060671990732724,10818.080649545167
tubeBe25,"nTOF 5 ns, no veto, strict",13.0,no Be window + air,MM occ + DREAM,False,1543939525.4832668,0.03926529701618023,0.9999866288597145,0.04487019823959937,0.008596064720748364,2462.4815122334776,331.69515283367315,486.522787226095,0.0,0.0,0.03702358751151754,10781.7852032159
tubeBe25,"nTOF 5 ns, no veto, strict",13.0,no Be window + air,MM occ + DREAM,False,1918427663.1677406,0.03283283959267563,0.9999793559181585,0.0692768725783877,0.010681071429596399,3047.010486354354,410.4309429070287,602.0106251208696,0.0,0.0,0.05692389537017257,10736.840536355097
tubeBe25,"nTOF 5 ns, no veto, strict",13.0,no Be window + air,MM occ + DREAM,False,2383749258.3495045,0.027585883215728902,0.9999681271439822,0.10695930177564064,0.013271804085975732,3766.464973850463,507.341138984175,744.1562618698129,0.0,0.0,0.08743186425354983,10681.231909079848
tubeBe25,"nTOF 5 ns, no veto, strict",13.0,no Be window + air,MM occ + DREAM,False,2961936295.9451733,0.023295685039111506,0.9999507910909343,0.1651386936295041,0.01649092835466394,4649.919675011884,626.3420901253588,918.7041077974775,0.0,0.0,0.13412088147838863,10612.500395224837
tubeBe25,"nTOF 5 ns, no veto, strict",13.0,no Be window + air,MM occ + DREAM,False,3680364698.807223,0.01977845304505813,0.9999240264538465,0.2549641562812632,0.020490862902808254,5731.584110257183,772.0418033540772,1132.413081149959,0.0,0.0,0.20541907112238697,10527.658676057885
tubeBe25,"nTOF 5 ns, no veto, strict",13.0,no Be window + air,MM occ + DREAM,False,4573050519.273255,0.016886609531524367,0.9998827062863669,0.3936492384641348,0.025460996098678388,7051.067351215087,949.7756028147837,1393.1089121236107,0.0,0.0,0.3140046625650441,10423.098603719096
tubeBe25,"nTOF 5 ns, no veto, strict",13.0,no Be window + air,MM occ + DREAM,False,5682260526.681813,0.014501751306715296,0.9998189171526412,0.6077706184411709,0.03163665314690458,8653.228875124547,1165.5860399276173,1709.6546755441207,0.0,0.0,0.47882251930830805,10294.494627660031
tubeBe25,"nTOF 5 ns, no veto, strict",13.0,no Be window + air,MM occ + DREAM,False,7060513448.737786,0.01252897561536993,0.9997204465700623,0.9383610802387327,0.03931023823492498,10587.30360298479,1426.1050364205028,2091.777920988776,0.0,0.0,0.7279421824595753,10136.711001551343
tubeBe25,"nTOF 5 ns, no veto, strict",13.0,no Be window + air,MM occ + DREAM,False,8773066621.237415,0.010892308749022543,0.9995684520312879,1.4487727609557548,0.048845079247510546,12904.839821763975,1738.2761233775407,2549.6632594395796,0.0,0.0,1.1025017318089847,9943.726562576909
tubeBe25,"nTOF 5 ns, no veto, strict",13.0,no Be window + air,MM occ + DREAM,False,10901005783.71244,0.009531030119943348,0.9993338723980905,2.2368175290831105,0.06069263056706425,15655.796809986701,2108.8287931597306,3093.181354824299,0.0,0.0,1.661946276748769,9708.599556888024
tubeBe25,"nTOF 5 ns, no veto, strict",13.0,no Be window + air,MM occ + DREAM,False,13545084316.226381,0.00839672889798784,0.9989719117768219,3.45351099444523,0.075413848475594,18881.926410697783,2543.3870002581148,3730.581293663615,0.0,0.0,2.4905957814928397,9423.507276961398
tubeBe25,"nTOF 5 ns, no veto, strict",13.0,no Be window + air,MM occ + DREAM,False,16830493696.995401,0.007450964978088205,0.9984135811102651,5.332012126015057,0.09370575123804477,22606.352811625333,3045.06556236555,4466.431818589676,0.0,0.0,3.705122671413866,9079.911761299132
tubeBe25,"nTOF 5 ns, no veto, strict",13.0,no Be window + air,MM occ + DREAM,False,20912791051.82548,0.006663434395134035,0.9975527769199649,8.23230427171071,0.11643442143027603,26818.172125349018,3612.3957307477167,5298.578602890593,0.0,0.0,5.461556197865699,8668.92324966236
tubeBe25,"nTOF 5 ns, no veto, strict",13.0,no Be window + air,MM occ + DREAM,False,25985264452.18819,0.006010565179378667,0.9962266584101179,12.710179950898906,0.14467601310151987,31451.130369427014,4236.453123750298,6213.931569730341,0.0,0.0,7.958635861234362,8181.955255999085
tubeBe25,"nTOF 5 ns, no veto, strict",13.0,no Be window + air,MM occ + DREAM,False,32288084693.086143,0.005474496809244035,0.9941861215851329,19.623749202197786,0.1797677053729791,36356.384030483205,4897.188587025404,7183.083082694795,0.0,0.0,11.431367862052928,7611.782686058668
tubeBe25,"nTOF 5 ns, no veto, strict",13.0,no Be window + air,MM occ + DREAM,False,40119676867.86863,0.005042429278082271,0.9910520203941242,30.29788203144388,0.22337101501677142,41271.592454489124,5559.264952395256,8154.201399873779,0.0,0.0,16.124412039168227,6954.113621559758
tubeBe25,"nTOF 5 ns, no veto, strict",13.0,no Be window + air,MM occ + DREAM,False,49850850159.80715,0.004706373659873059,0.9862517754190089,46.778097606775844,0.2775504657307742,45792.88895571951,6168.281558827253,9047.49288844989,0.0,0.0,22.230326780646756,6209.740561858893
tubeBe25,"nTOF 5 ns, no veto, strict",13.0,no Be window + air,MM occ + DREAM,False,61942354865.91934,0.004463409430445021,0.9789311299462641,72.22255382201543,0.3448713389317111,49363.20614325184,6649.20167916111,9752.895410552059,0.0,0.0,29.775996585614607,5387.2065839481165
tubeBe25,"nTOF 5 ns, no veto, strict",13.0,no Be window + air,MM occ + DREAM,False,76966697940.67009,0.004316685061371754,0.967839504197095,111.50725547715223,0.4285211343580312,51299.415686688,6910.008234352491,10135.440440452372,0.0,0.0,38.449483281677296,4505.650970109463
tubeBe25,"nTOF 5 ns, no veto, strict",13.0,no Be window + air,MM occ + DREAM,True,95635249979.00362,0.004277653792450878,0.9511998187450408,172.16045910933573,0.5324604913830049,50888.001679579334,6854.590952521998,10054.155651734989,0.0,0.0,47.39239198854299,3597.040948729374
tubeBe25,"nTOF 5 ns, no veto, strict",13.0,no Be window + air,MM occ + DREAM,False,118831927096.53207,0.00437056728706214,0.9266037274682608,265.80533754424914,0.6616107168402897,47574.51430337633,6408.265692331418,9399.496071267075,0.0,0.0,55.05322159030704,2706.3826798333207
tubeBe25,"nTOF 5 ns, no veto, strict",13.0,no Be window + air,MM occ + DREAM,False,147655042472.05704,0.004641420709881139,0.8910309786197236,410.38736671899085,0.822086798404467,41238.27715287025,5554.777396242133,8147.619156181646,0.0,0.0,59.29581335562287,1887.9922732482391
tubeBe25,"nTOF 5 ns, no veto, strict",13.0,no Be window + air,MM occ + DREAM,False,183469309133.68265,0.005176287239481103,0.8411725311618331,633.6132762364464,1.0214869362130452,32464.68366222614,4372.978296706888,6414.183539365459,0.0,0.0,58.002917088955996,1196.177783923178
tubeBe25,"nTOF 5 ns, no veto, strict",13.0,no Be window + air,MM occ + DREAM,False,227970456209.51935,0.006140856265889484,0.7742804757149971,978.2605810523967,1.2692523014346506,22622.118988083952,3047.1892592477643,4469.54680811404,0.0,0.0,50.22119996477519,670.8148936449338
tubeBe25,"nTOF 5 ns, no veto, strict",13.0,no Be window + air,MM occ + DREAM,False,283265518084.60077,0.007871562949340709,0.6896115115214232,1510.3751773090225,1.577114055584125,13525.37444727313,1821.8618585086683,2672.264884699778,0.0,0.0,37.30939812192972,322.7777341516923
tubeBe25,"nTOF 5 ns, no veto, strict",13.0,no Be window + air,MM occ + DREAM,False,351972597984.32916,0.011103355850996526,0.5900002540224438,2331.9279345561968,1.9596487959955593,6690.316791360099,901.1826645565784,1321.8339128994207,0.0,0.0,22.93141060964186,128.49487639953244
tubeBe25,"nTOF 5 ns, no veto, strict",13.0,no Be window + air,MM occ + DREAM,False,437344829577.31195,0.017596630049099893,0.48241454239552434,3600.3557087398976,2.434968726611554,2627.074395574919,353.8657402366854,519.0420926353065,0.0,0.0,11.18849321518309,40.606574758902795
tubeBe25,"nTOF 5 ns, no veto, strict",13.0,no Be window + air,MM occ + DREAM,False,543424405915.04004,0.03207173077734436,0.3764348781329142,5558.73148452285,3.025579232203251,781.734379232065,105.29926949970593,154.45053583751928,0.0,0.0,4.136886310007796,9.724517337181396
tubeBe25,"nTOF 5 ns, no veto, strict",13.0,no Be window + air,MM occ + DREAM,False,675233968650.1552,0.06904634680521357,0.2810932030328051,8582.3452505031,3.759444460331237,167.15047116633963,22.515093333412498,33.02461874901259,0.0,0.0,1.09909978214443,1.6734059370597028
tubeBe25,"nTOF 5 ns, no veto, strict",13.0,no Be window + air,MM occ + DREAM,False,839014419404.4929,0.18127296127201828,0.20207386908528197,13250.622053595325,4.671311364079913,24.101553216905952,3.246468384877177,4.7618448257634505,0.0,0.0,0.19691993821476553,0.19418853666721955
tubeBe25,"nTOF 5 ns, no veto, strict",13.0,no Be window + air,MM occ + DREAM,False,1042520413147.9036,0.6037725416442862,0.1409139114433282,20458.15912578608,5.804354896164505,2.1659816841337696,0.29175675926275496,0.4279420742085629,0.0,0.0,0.021989460888262244,0.014044885232843552
tubeBe25,"nTOF 5 ns, no veto, strict",13.0,no Be window + air,MM occ + DREAM,False,1295387524568.9966,2.6822562255835978,0.0960367936757753,31586.160492927575,7.212222250842162,0.10979831056870192,0.014789783080211656,0.02169331214273757,0.0,0.0,0.001385066427819082,0.0005729858933542458
tubeBe25,"nTOF 5 ns, no veto, strict",13.0,no Be window + air,MM occ + DREAM,False,1609588471982.2002,16.936974885870402,0.06438071251192361,48767.12164328893,8.96157294412074,0.002765427143329599,0.00037250179317087546,0.0005463770245418385,0.0,0.0,4.33463275875562e-05,1.161436180005348e-05
tubeBe25,"nTOF 5 ns, no veto, strict",13.0,no Be window + air,MM occ + DREAM,False,2000000000000.0002,164.752199018124,0.04266674126599077,75293.48664912424,11.135234999645107,2.947081776613697e-05,3.969705906220544e-06,5.8226729135555906e-06,0.0,0.0,5.739808688029875e-07,9.961165910591039e-08
tubeBe25,"nTOF 5 ns, no veto, strict",13.0,no Be window + air,"MM occ ÷10, DAQ 10 µs",False,1000000000.0,0.056609603864824456,0.9999998117663188,0.018823371662281055,0.0005567617499822552,1620.8068678892364,218.32195656598867,320.229602132299,0.0,0.0,0.01578361587342641,10956.68688136739
tubeBe25,"nTOF 5 ns, no veto, strict",13.0,no Be window + air,"MM occ ÷10, DAQ 10 µs",False,1242553630.827767,0.04687483196469988,0.9999997093786094,0.02906214751225738,0.0006918063339464727,2013.3953826367017,271.2034530373249,397.7949594675707,0.0,0.0,0.024362365007378383,10953.726876996108
tubeBe25,"nTOF 5 ns, no veto, strict",13.0,no Be window + air,"MM occ ÷10, DAQ 10 µs",False,1543939525.4832668,0.03896244298202943,0.9999995512982188,0.04487019823959937,0.0008596064720748364,2500.9118999330367,336.87170878267625,494.1156399012855,0.0,0.0,0.03760139116812476,10950.049689017927
tubeBe25,"nTOF 5 ns, no veto, strict",13.0,no Be window + air,"MM occ ÷10, DAQ 10 µs",False,1918427663.1677406,0.032518406457610304,0.9999993072317542,0.0692768725783877,0.00106810714295964,3106.22083483705,418.4065502331075,613.7090616911814,0.0,0.0,0.05803005621108686,10945.481784098667
tubeBe25,"nTOF 5 ns, no veto, strict",13.0,no Be window + air,"MM occ ÷10, DAQ 10 µs",False,2383749258.3495045,0.027257920478017336,0.9999989304081263,0.10695930177564064,0.0013271804085975732,3857.6451786729126,519.6230715890442,762.1711168726546,0.0,0.0,0.08954845244592519,10939.80776734154
tubeBe25,"nTOF 5 ns, no veto, strict",13.0,no Be window + air,"MM occ ÷10, DAQ 10 µs",False,2961936295.9451733,0.022951941665311126,0.9999983486157907,0.1651386936295041,0.001649092835466394,4790.243163858678,645.2436009988255,946.4284072766278,0.0,0.0,0.1381683298929049,10932.760353444897
tubeBe25,"nTOF 5 ns, no veto, strict",13.0,no Be window + air,"MM occ ÷10, DAQ 10 µs",False,3680364698.807223,0.019416333116701316,0.9999974503649379,0.2549641562812632,0.0020490862902808253,5947.368968357396,801.1079267467454,1175.0465994454455,0.0,0.0,0.21315276642555733,10924.00797318766
tubeBe25,"nTOF 5 ns, no veto, strict",13.0,no Be window + air,"MM occ ÷10, DAQ 10 µs",False,4573050519.273255,0.01650311900930839,0.9999960635231112,0.3936492384641348,0.002546099609867839,7382.572534528813,994.4292019984254,1458.6057798013728,0.0,0.0,0.32876755845584155,10913.139478555939
tubeBe25,"nTOF 5 ns, no veto, strict",13.0,no Be window + air,"MM occ ÷10, DAQ 10 µs",False,5682260526.681813,0.014093432705241528,0.999993922330754,0.6077706184411709,0.003163665314690458,9161.899524655426,1234.1037477763625,1810.1548664939432,0.0,0.0,0.5069695804136419,10899.645299670728
tubeBe25,"nTOF 5 ns, no veto, strict",13.0,no Be window + air,"MM occ ÷10, DAQ 10 µs",False,7060513448.737786,0.012091826060310278,0.999990616477249,0.9383610802387327,0.003931023823492498,11366.65589173048,1531.0834394024232,2245.7578172307894,0.0,0.0,0.7815274414876118,10882.894280661752
tubeBe25,"nTOF 5 ns, no veto, strict",13.0,no Be window + air,"MM occ ÷10, DAQ 10 µs",False,8773066621.237415,0.010421675008110646,0.9999855124822816,1.4487727609557548,0.004884507924751055,14096.69985457014,1898.8191340657381,2785.144038589998,0.0,0.0,1.2043261456251573,10862.105281784327
tubeBe25,"nTOF 5 ns, no veto, strict",13.0,no Be window + air,"MM occ ÷10, DAQ 10 µs",False,10901005783.71244,0.009021471388022902,0.9999776323250332,2.2368175290831105,0.006069263056706425,17474.31289890362,2353.7820929295603,3452.4731959203514,0.0,0.0,1.854991452274765,10836.312487078229
tubeBe25,"nTOF 5 ns, no veto, strict",13.0,no Be window + air,"MM occ ÷10, DAQ 10 µs",False,13545084316.226381,0.007841833785278609,0.9999654660826882,3.45351099444523,0.0075413848475594,21648.673877214875,2916.0666403688724,4277.219179988184,0.0,0.0,2.8555399836193454,10804.323212641915
tubeBe25,"nTOF 5 ns, no veto, strict",13.0,no Be window + air,"MM occ ÷10, DAQ 10 µs",False,16830493696.995401,0.006843102394194682,0.9999466827216235,5.332012126015057,0.009370575123804478,26800.9055667615,3610.069933067147,5295.167176584216,0.0,0.0,4.3925990033546976,10764.666892395056
tubeBe25,"nTOF 5 ns, no veto, strict",13.0,no Be window + air,"MM occ ÷10, DAQ 10 µs",False,20912791051.82548,0.005993407384629835,0.9999176837338083,8.23230427171071,0.011643442143027604,33149.564638167176,4465.231456318061,6549.49834261478,0.0,0.0,6.750952651057136,10715.533865052808
tubeBe25,"nTOF 5 ns, no veto, strict",13.0,no Be window + air,"MM occ ÷10, DAQ 10 µs",False,25985264452.18819,0.005267119768850389,0.9998729143533054,12.710179950898906,0.014467601310151987,40956.27903600735,5516.792376656421,8091.903606998007,0.0,0.0,10.363891766368573,10654.702663741828
tubeBe25,"nTOF 5 ns, no veto, strict",13.0,no Be window + air,"MM occ ÷10, DAQ 10 µs",False,32288084693.086143,0.004643610164363441,0.9998038010095759,19.623749202197786,0.01797677053729791,50530.96473722207,6806.498236871498,9983.614367475446,0.0,0.0,15.888215006511276,10579.454826259187
tubeBe25,"nTOF 5 ns, no veto, strict",13.0,no Be window + air,"MM occ ÷10, DAQ 10 µs",False,40119676867.86863,0.004106254881011998,0.9996971129480473,30.29788203144388,0.022337101501677142,62235.6244762735,8383.11064257824,12296.153020653537,0.0,0.0,24.314856609348613,10486.476973089422
tubeBe25,"nTOF 5 ns, no veto, strict",13.0,no Be window + air,"MM occ ÷10, DAQ 10 µs",False,49850850159.80715,0.003641640624815568,0.9995324377406622,46.778097606775844,0.02775504657307742,76485.0723764021,10302.504869721777,15111.476130436251,0.0,0.0,37.12996038343355,10371.751316492035
tubeBe25,"nTOF 5 ns, no veto, strict",13.0,no Be window + air,"MM occ ÷10, DAQ 10 µs",False,61942354865.91934,0.0032389289511909943,0.9992782956950599,72.22255382201543,0.03448713389317112,93741.94707176338,12626.99813437078,18520.989149676574,0.0,0.0,56.545352581788684,10230.43829429536
tubeBe25,"nTOF 5 ns, no veto, strict",13.0,no Be window + air,"MM occ ÷10, DAQ 10 µs",False,76966697940.67009,0.0028893497074415717,0.9988861694471087,111.50725547715223,0.04285211343580312,114501.96213658809,15423.362832155157,22622.632285682626,0.0,0.0,85.82049561302183,10056.759319269026
tubeBe25,"nTOF 5 ns, no veto, strict",13.0,no Be window + air,"MM occ ÷10, DAQ 10 µs",False,95635249979.00362,0.0025857994827264744,0.9982813542373422,172.16045910933573,0.05324604913830049,139263.39341592824,18758.71649543273,27514.851984341527,0.0,0.0,129.69708207408056,9843.89467541465
tubeBe25,"nTOF 5 ns, no veto, strict",13.0,no Be window + air,"MM occ ÷10, DAQ 10 µs",False,118831927096.53207,0.002322526940360971,0.9973489931422839,265.80533754424914,0.06616107168402897,168472.28417276364,22693.140951234287,33285.774881508325,0.0,0.0,194.95610471697654,9583.92279129934
tubeBe25,"nTOF 5 ns, no veto, strict",13.0,no Be window + air,"MM occ ÷10, DAQ 10 µs",False,147655042472.05704,0.002094892175030887,0.9959128992778389,410.38736671899085,0.0822086798404467,202431.9391894391,27267.491217408766,39995.32617351535,0.0,0.0,291.07342285171893,9267.844425981732
tubeBe25,"nTOF 5 ns, no veto, strict",13.0,no Be window + air,"MM occ ÷10, DAQ 10 µs",False,183469309133.68265,0.001899192193540666,0.993703761043567,633.6132762364464,0.10214869362130452,241162.66716806445,32484.502867001826,47647.51833570768,0.0,0.0,430.8724623421003,8885.761148313537
tubeBe25,"nTOF 5 ns, no veto, strict",13.0,no Be window + air,"MM occ ÷10, DAQ 10 µs",False,227970456209.51935,0.0017325496357108831,0.9903121664462899,978.2605810523967,0.12692523014346507,284197.1876414257,38281.233431118235,56150.028808831186,0.0,0.0,630.9189602214026,8427.314271589348
tubeBe25,"nTOF 5 ns, no veto, strict",13.0,no Be window + air,"MM occ ÷10, DAQ 10 µs",False,283265518084.60077,0.001592867686336629,0.9851209772925098,1510.3751773090225,0.1577114055584125,330302.4833812781,44491.59604334405,65259.24521423323,0.0,0.0,911.1309192344551,7882.5386747041675
tubeBe25,"nTOF 5 ns, no veto, strict",13.0,no Be window + air,"MM occ ÷10, DAQ 10 µs",False,351972597984.32916,0.0014788623193491722,0.9772121176486823,2331.9279345561968,0.19596487959955594,377137.4956926153,50800.25114974754,74512.63477930371,0.0,0.0,1292.6584853482336,7243.339501835479
tubeBe25,"nTOF 5 ns, no veto, strict",13.0,no Be window + air,"MM occ ÷10, DAQ 10 µs",False,437344829577.31195,0.0013901964942004544,0.965247651090486,3600.3557087398976,0.2434968726611554,420900.072733059,56695.05060619482,83158.99043807248,0.0,0.0,1792.578701226051,6505.83413178227
tubeBe25,"nTOF 5 ns, no veto, strict",13.0,no Be window + air,"MM occ ÷10, DAQ 10 µs",False,543424405915.04004,0.0013277651887359677,0.9473399177278112,5558.73148452285,0.3025579232203251,456101.4477517509,61436.659998498515,90113.87355220047,0.0,0.0,2413.6585076794086,5673.751281774902
tubeBe25,"nTOF 5 ns, no veto, strict",13.0,no Be window + air,"MM occ ÷10, DAQ 10 µs",True,675233968650.1552,0.0012942259413957404,0.9209600305583441,8582.3452505031,0.3759444460331237,475739.0649327551,64081.838205840424,93993.7598367946,0.0,0.0,3128.2275124719094,4762.801864659186
tubeBe25,"nTOF 5 ns, no veto, strict",13.0,no Be window + air,"MM occ ÷10, DAQ 10 µs",False,839014419404.4929,0.001294959339422197,0.8829973574244516,13250.622053595325,0.4671311364079913,472279.2076837534,63615.79698957584,93310.18134744301,0.0,0.0,3858.7219487567204,3805.199084602209
tubeBe25,"nTOF 5 ns, no veto, strict",13.0,no Be window + air,"MM occ ÷10, DAQ 10 µs",False,1042520413147.9036,0.001339827946266604,0.8301637740916906,20458.15912578608,0.5804354896164505,439848.82103456144,59247.438485108454,86902.7740126062,0.0,0.0,4465.42947142041,2852.1137812402812
tubeBe25,"nTOF 5 ns, no veto, strict",13.0,no Be window + air,"MM occ ÷10, DAQ 10 µs",False,1295387524568.9966,0.0014465008803140784,0.7599583392766807,31586.160492927575,0.7212222250842162,377536.35383725923,50853.97716254778,74591.4388536799,0.0,0.0,4762.486109966343,1970.1851864268087
tubeBe25,"nTOF 5 ns, no veto, strict",13.0,no Be window + air,"MM occ ÷10, DAQ 10 µs",False,1609588471982.2002,0.001647030729839907,0.6721915359751206,48767.12164328893,0.8961572944120739,292435.77716057526,39390.96773617284,57777.761449972066,0.0,0.0,4583.746502126916,1228.1845599929181
tubeBe25,"nTOF 5 ns, no veto, strict",13.0,no Be window + air,"MM occ ÷10, DAQ 10 µs",False,2000000000000.0002,0.0020016348015483684,0.5704718521582307,75293.48664912424,1.1135234999645107,199657.18351428217,26893.73287519386,39447.10607186501,0.0,0.0,3888.572233240304,674.8432792090048
tubeBe25,"nTOF 5 ns, no veto, strict",13.0,no Be window + air,"no MM loss, DREAM",False,1000000000.0,0.05657824793350402,0.9999943906667095,0.018823371662281055,0.0,1622.6038832992388,218.56401373397304,320.58464599419966,0.0,0.0,0.015801115429673374,10968.834741521776
tubeBe25,"nTOF 5 ns, no veto, strict",13.0,no Be window + air,"no MM loss, DREAM",False,1242553630.827767,0.04684261090617284,0.9999913395550453,0.02906214751225738,0.0,2016.1661949872328,271.5766802154851,398.3424004700568,0.0,0.0,0.024395892223360267,10968.801274194422
tubeBe25,"nTOF 5 ns, no veto, strict",13.0,no Be window + air,"no MM loss, DREAM",False,1543939525.4832668,0.03892921653600744,0.9999866288597145,0.04487019823959937,0.0,2505.182824622758,337.44700041863797,494.9594643823031,0.0,0.0,0.03766560482951448,10968.749603065979
tubeBe25,"nTOF 5 ns, no veto, strict",13.0,no Be window + air,"no MM loss, DREAM",False,1918427663.1677406,0.03248401590938642,0.9999793559181585,0.0692768725783877,0.0,3112.80137493253,419.29294602607274,615.0092065624428,0.0,0.0,0.05815299309546974,10968.669826924475
tubeBe25,"nTOF 5 ns, no veto, strict",13.0,no Be window + air,"no MM loss, DREAM",False,2383749258.3495045,0.027222187565314804,0.9999681271439822,0.10695930177564064,0.0,3867.779218664375,520.9881222207306,764.1733416032821,0.0,0.0,0.089783696372266,10968.5466596653
tubeBe25,"nTOF 5 ns, no veto, strict",13.0,no Be window + air,"no MM loss, DREAM",False,2961936295.9451733,0.022914667864409027,0.9999507910909343,0.1651386936295041,0.0,4805.839792998007,647.3444599333429,949.5098986269182,0.0,0.0,0.13861819436249984,10968.356502297696
tubeBe25,"nTOF 5 ns, no veto, strict",13.0,no Be window + air,"no MM loss, DREAM",False,3680364698.807223,0.019377299502516352,0.9999240264538465,0.2549641562812632,0.0,5971.353850704399,804.3386796178892,1179.7853931187303,0.0,0.0,0.2140123808284732,10968.062923769778
tubeBe25,"nTOF 5 ns, no veto, strict",13.0,no Be window + air,"no MM loss, DREAM",False,4573050519.273255,0.016462086949279295,0.9998827062863669,0.3936492384641348,0.0,7419.420800476887,999.3926468586534,1465.886046054923,0.0,0.0,0.33040851956694733,10967.609687138847
tubeBe25,"nTOF 5 ns, no veto, strict",13.0,no Be window + air,"no MM loss, DREAM",False,5682260526.681813,0.014050145741125588,0.9998189171526412,0.6077706184411709,0.0,9218.440111460066,1241.7197394044417,1821.3258270664114,0.0,0.0,0.5100982282984557,10966.90999074788
tubeBe25,"nTOF 5 ns, no veto, strict",13.0,no Be window + air,"no MM loss, DREAM",False,7060513448.737786,0.01204601346924212,0.9997204465700623,0.9383610802387327,0.0,11453.278104724035,1542.7514125567182,2262.8721306954585,0.0,0.0,0.7874832509307479,10965.82987714195
tubeBe25,"nTOF 5 ns, no veto, strict",13.0,no Be window + air,"no MM loss, DREAM",False,8773066621.237415,0.010373057727105357,0.9995684520312879,1.4487727609557548,0.0,14229.148607290732,1916.6599215226306,2811.3124934669627,0.0,0.0,1.215641666101755,10964.16266481257
tubeBe25,"nTOF 5 ns, no veto, strict",13.0,no Be window + air,"no MM loss, DREAM",False,10901005783.71244,0.008969771245678675,0.9993338723980905,2.2368175290831105,0.0,17676.33099439196,2380.99383958645,3492.3867572603303,0.0,0.0,1.8764367498669359,10961.58958514904
tubeBe25,"nTOF 5 ns, no veto, strict",13.0,no Be window + air,"no MM loss, DREAM",False,13545084316.226381,0.007786787324595179,0.9989719117768219,3.45351099444523,0.0,21955.83393072805,2957.4409615113045,4337.906078394255,0.0,0.0,2.8960555283197835,10957.619276640622
tubeBe25,"nTOF 5 ns, no veto, strict",13.0,no Be window + air,"no MM loss, DREAM",False,16830493696.995401,0.006784481013072656,0.9984135811102651,5.332012126015057,0.0,27266.05350546903,3672.725151331069,5387.068403248532,0.0,0.0,4.468835545694264,10951.495005474959
tubeBe25,"nTOF 5 ns, no veto, strict",13.0,no Be window + air,"no MM loss, DREAM",False,20912791051.82548,0.005931046097665836,0.9975527769199649,8.23230427171071,0.0,33850.323797649864,4559.623400115187,6687.950265097032,0.0,0.0,6.893663180051998,10942.05293360302
tubeBe25,"nTOF 5 ns, no veto, strict",13.0,no Be window + air,"no MM loss, DREAM",False,25985264452.18819,0.005200957643557457,0.9962266584101179,12.710179950898906,0.0,42004.928242120426,5658.044953361089,8299.089623236487,0.0,0.0,10.629250024707652,10927.506877227159
tubeBe25,"nTOF 5 ns, no veto, strict",13.0,no Be window + air,"no MM loss, DREAM",False,32288084693.086143,0.004573746440559158,0.9941861215851329,19.623749202197786,0.0,52086.47020148165,7016.02412372099,10290.942097757807,0.0,0.0,16.377305317540984,10905.124440459356
tubeBe25,"nTOF 5 ns, no veto, strict",13.0,no Be window + air,"no MM loss, DREAM",False,40119676867.86863,0.0040330259511086874,0.9910520203941242,30.29788203144388,0.0,64516.20672556258,8690.304046455452,12746.737208559221,0.0,0.0,25.205858038898498,10870.746809596385
tubeBe25,"nTOF 5 ns, no veto, strict",13.0,no Be window + air,"no MM loss, DREAM",False,49850850159.80715,0.003565724368550239,0.9862517754190089,46.778097606775844,0.0,79776.56164180512,10745.866994275557,15761.78945200762,0.0,0.0,38.72782598295172,10818.093420395118
tubeBe25,"nTOF 5 ns, no veto, strict",13.0,no Be window + air,"no MM loss, DREAM",False,61942354865.91934,0.0031614841382619323,0.9789311299462641,72.22255382201543,0.0,98390.86945199489,13253.205889337498,19439.496217766824,0.0,0.0,59.34959298138607,10737.794019577212
tubeBe25,"nTOF 5 ns, no veto, strict",13.0,no Be window + air,"no MM loss, DREAM",False,76966697940.67009,0.0028121986818023404,0.967839504197095,111.50725547715223,0.0,120870.73039949336,16281.23305446216,23880.93650891124,0.0,0.0,90.59395834298815,10616.131127272052
tubeBe25,"nTOF 5 ns, no veto, strict",13.0,no Be window + air,"no MM loss, DREAM",False,95635249979.00362,0.0025116607521035697,0.9511998187450408,172.16045910933573,0.0,147606.23519577264,19882.493533142428,29163.182181320215,0.0,0.0,137.46683554992669,10433.612143587754
tubeBe25,"nTOF 5 ns, no veto, strict",13.0,no Be window + air,"no MM loss, DREAM",False,118831927096.53207,0.002255297961244021,0.9266037274682608,265.80533754424914,0.0,178666.08874087708,24066.24184453203,35299.80754988696,0.0,0.0,206.75237400010414,10163.820169732273
tubeBe25,"nTOF 5 ns, no veto, strict",13.0,no Be window + air,"no MM loss, DREAM",False,147655042472.05704,0.002039967157460095,0.8910309786197236,410.38736671899085,0.0,213479.42947561917,28755.58319320574,42178.02510513518,0.0,0.0,306.95842017178273,9773.626377583978
tubeBe25,"nTOF 5 ns, no veto, strict",13.0,no Be window + air,"no MM loss, DREAM",False,183469309133.68265,0.0018637696194997268,0.8411725311618331,633.6132762364464,0.0,250416.79618077184,33731.02988536242,49475.89536848737,0.0,0.0,447.4063205937092,9226.734239249254
tubeBe25,"nTOF 5 ns, no veto, strict",13.0,no Be window + air,"no MM loss, DREAM",False,227970456209.51935,0.0017258365474712783,0.7742804757149971,978.2605810523967,0.0,286412.4047445073,38579.622179182355,56587.69853099881,0.0,0.0,635.83675157233,8493.002221784767
tubeBe25,"nTOF 5 ns, no veto, strict",13.0,no Be window + air,"no MM loss, DREAM",False,283265518084.60077,0.0016260318241430659,0.6896115115214232,1510.3751773090225,0.0,316966.35135020583,42695.22505323479,62624.36974640177,0.0,0.0,874.3435414584403,7564.277136281089
tubeBe25,"nTOF 5 ns, no veto, strict",13.0,no Be window + air,"no MM loss, DREAM",False,351972597984.32916,0.0015645505520369783,0.5900002540224438,2331.9279345561968,0.0,336958.1767255442,45388.11494514,66574.23842765944,0.0,0.0,1154.9417687886325,6471.651585478738
tubeBe25,"nTOF 5 ns, no veto, strict",13.0,no Be window + air,"no MM loss, DREAM",True,437344829577.31195,0.0015414733542804988,0.48241454239552434,3600.3557087398976,0.0,342341.33097003406,46113.22340219143,67637.81076072507,0.0,0.0,1458.0034982209718,5291.555074539395
tubeBe25,"nTOF 5 ns, no veto, strict",13.0,no Be window + air,"no MM loss, DREAM",False,543424405915.04004,0.0015564315744665217,0.3764348781329142,5558.73148452285,0.0,331928.04044231225,44710.55784879149,65580.4133319228,0.0,0.0,1756.5411000120341,4129.075130543414
tubeBe25,"nTOF 5 ns, no veto, strict",13.0,no Be window + air,"no MM loss, DREAM",False,675233968650.1552,0.0016085505783302082,0.2810932030328051,8582.3452505031,0.0,307977.9142327331,41484.48661373608,60848.486574295064,0.0,0.0,2025.1122002619813,3083.282186189278
tubeBe25,"nTOF 5 ns, no veto, strict",13.0,no Be window + air,"no MM loss, DREAM",False,839014419404.4929,0.0016967125835282435,0.20207386908528197,13250.622053595325,0.0,275102.49475602066,37056.182387440094,54353.152239569434,0.0,0.0,2247.7043608991917,2216.5273088167864
tubeBe25,"nTOF 5 ns, no veto, strict",13.0,no Be window + air,"no MM loss, DREAM",False,1042520413147.9036,0.0018200111804279099,0.1409139114433282,20458.15912578608,0.0,238370.98148207855,32108.464059938135,47095.95330090133,0.0,0.0,2419.9878570501933,1545.6700775819234
tubeBe25,"nTOF 5 ns, no veto, strict",13.0,no Be window + air,"no MM loss, DREAM",False,1295387524568.9966,0.001978207919499646,0.0960367936757753,31586.160492927575,0.0,201860.94842623785,27190.579018260985,39882.5131366609,0.0,0.0,2546.403686038123,1053.4176279057717
tubeBe25,"nTOF 5 ns, no veto, strict",13.0,no Be window + air,"no MM loss, DREAM",False,1609588471982.2002,0.0021720717377851674,0.06438071251192361,48767.12164328893,0.0,168145.62771140435,22649.140472718445,33221.23599613744,0.0,0.0,2635.5767421948367,706.1853573137473
tubeBe25,"nTOF 5 ns, no veto, strict",13.0,no Be window + air,"no MM loss, DREAM",False,2000000000000.0002,0.002403588430922128,0.04266674126599077,75293.48664912424,0.0,138463.21681817257,18650.93306738751,27356.757742139445,0.0,0.0,2696.743541941041,468.0070591134971
tubeBe25,"nTOF 5 ns, no veto, strict",13.0,no Be window + air,"no MM loss, no dead time",False,1000000000.0,0.0565780892501567,1.0,0.018823371662281055,0.0,1622.6129850762727,218.56523973924845,320.586444270414,0.0,0.0,0.015801204063893366,10968.89626971678
tubeBe25,"nTOF 5 ns, no veto, strict",13.0,no Be window + air,"no MM loss, no dead time",False,1242553630.827767,0.046842408066807034,1.0,0.02906214751225738,0.0,2016.183656034804,271.57903221074446,398.34585032236646,0.0,0.0,0.024396103504471776,10968.89626971678
tubeBe25,"nTOF 5 ns, no veto, strict",13.0,no Be window + air,"no MM loss, no dead time",False,1543939525.4832668,0.03892895627112967,1.0,0.04487019823959937,0.0,2505.216322221648,337.4515125301517,494.9660826432308,0.0,0.0,0.037666108468334826,10968.896269716779
tubeBe25,"nTOF 5 ns, no veto, strict",13.0,no Be window + air,"no MM loss, no dead time",False,1918427663.1677406,0.032483680606314416,1.0,0.0692768725783877,0.0,3112.865637185506,419.30160212266327,615.0219031249453,0.0,0.0,0.0581541936354026,10968.89626971678
tubeBe25,"nTOF 5 ns, no veto, strict",13.0,no Be window + air,"no MM loss, no dead time",False,2383749258.3495045,0.027221753737425546,1.0,0.10695930177564064,0.0,3867.9024997638417,521.0047281294152,764.1976987665042,0.0,0.0,0.08978655812630548,10968.89626971678
tubeBe25,"nTOF 5 ns, no veto, strict",13.0,no Be window + air,"no MM loss, no dead time",False,2961936295.9451733,0.022914104054569222,1.0,0.1651386936295041,0.0,4806.076294769357,647.3763166156384,949.5566252725439,0.0,0.0,0.13862501594830384,10968.896269716783
tubeBe25,"nTOF 5 ns, no veto, strict",13.0,no Be window + air,"no MM loss, no dead time",False,3680364698.807223,0.019376563407456096,1.0,0.2549641562812632,0.0,5971.807550100924,804.3997927226673,1179.8750324089604,0.0,0.0,0.21402864134333446,10968.896269716777
tubeBe25,"nTOF 5 ns, no veto, strict",13.0,no Be window + air,"no MM loss, no dead time",False,4573050519.273255,0.01646112147131114,1.0,0.3936492384641348,0.0,7420.291153982576,999.5098830846536,1466.0580054427833,0.0,0.0,0.33044727895545595,10968.896269716777
tubeBe25,"nTOF 5 ns, no veto, strict",13.0,no Be window + air,"no MM loss, no dead time",False,5682260526.681813,0.014048873563332263,1.0,0.6077706184411709,0.0,9220.109715180251,1241.9446342750787,1821.6556976670524,0.0,0.0,0.5101906150677281,10968.896269716783
tubeBe25,"nTOF 5 ns, no veto, strict",13.0,no Be window + air,"no MM loss, no dead time",False,7060513448.737786,0.01204432959935979,1.0,0.9383610802387327,0.0,11456.48080322759,1543.182814605562,2263.504901254285,0.0,0.0,0.7877034561336836,10968.89626971678
tubeBe25,"nTOF 5 ns, no veto, strict",13.0,no Be window + air,"no MM loss, no dead time",False,8773066621.237415,0.010370819249580953,1.0,1.4487727609557548,0.0,14235.291818559055,1917.4874093191536,2812.526233449958,0.0,0.0,1.216166500284569,10968.89626971678
tubeBe25,"nTOF 5 ns, no veto, strict",13.0,no Be window + air,"no MM loss, no dead time",False,10901005783.71244,0.008966783241893046,1.0,2.2368175290831105,0.0,17688.113535043358,2382.5809425160433,3494.714683171589,0.0,0.0,1.8776875293580022,10968.89626971678
tubeBe25,"nTOF 5 ns, no veto, strict",13.0,no Be window + air,"no MM loss, no dead time",False,13545084316.226381,0.007782783543097993,1.0,3.45351099444523,0.0,21978.4296954619,2960.484600864353,4342.370418281968,0.0,0.0,2.8990359930828418,10968.896269716783
tubeBe25,"nTOF 5 ns, no veto, strict",13.0,no Be window + air,"no MM loss, no dead time",False,16830493696.995401,0.006779097362625877,1.0,5.332012126015057,0.0,27309.377617989107,3678.5608898137093,5395.628129635371,0.0,0.0,4.4759362555192705,10968.896269716783
tubeBe25,"nTOF 5 ns, no veto, strict",13.0,no Be window + air,"no MM loss, no dead time",False,20912791051.82548,0.00592378435571928,1.0,8.23230427171071,0.0,33933.36631487891,4570.8091898590465,6704.357323074863,0.0,0.0,6.910574898439771,10968.896269716783
tubeBe25,"nTOF 5 ns, no veto, strict",13.0,no Be window + air,"no MM loss, no dead time",False,25985264452.18819,0.0051911358746866525,1.0,12.710179950898906,0.0,42164.02752076145,5679.475554680283,8330.523534153399,0.0,0.0,10.669509729513674,10968.89626971678
tubeBe25,"nTOF 5 ns, no veto, strict",13.0,no Be window + air,"no MM loss, no dead time",False,32288084693.086143,0.0045604314565707805,1.0,19.623749202197786,0.0,52391.06548624403,7057.052971665531,10351.122264058471,0.0,0.0,16.473077788924442,10968.896269716783
tubeBe25,"nTOF 5 ns, no veto, strict",13.0,no Be window + air,"no MM loss, no dead time",False,40119676867.86863,0.004014941688822462,1.0,30.29788203144388,0.0,65098.70864286782,8768.766792886889,12861.824552347984,0.0,0.0,25.433435904680938,10968.896269716783
tubeBe25,"nTOF 5 ns, no veto, strict",13.0,no Be window + air,"no MM loss, no dead time",False,49850850159.80715,0.0035411283483653415,1.0,46.778097606775844,0.0,80888.63678639467,10895.6630163836,15981.506796589774,0.0,0.0,39.267686962082486,10968.89626971678
tubeBe25,"nTOF 5 ns, no veto, strict",13.0,no Be window + air,"no MM loss, no dead time",False,61942354865.91934,0.003128002394572494,1.0,72.22255382201543,0.0,100508.4693316432,13538.445641283262,19857.87929620126,0.0,0.0,60.62693397506311,10968.896269716783
tubeBe25,"nTOF 5 ns, no veto, strict",13.0,no Be window + air,"no MM loss, no dead time",False,76966697940.67009,0.002766608281892241,1.0,111.50725547715223,0.0,124887.16349697452,16822.24478734087,24674.480020034418,0.0,0.0,93.6043196729643,10968.89626971678
tubeBe25,"nTOF 5 ns, no veto, strict",13.0,no Be window + air,"no MM loss, no dead time",False,95635249979.00362,0.0024496095058639446,1.0,172.16045910933573,0.0,155178.99844694664,20902.541339183877,30659.364737680953,0.0,0.0,144.5194088990604,10968.89626971678
tubeBe25,"nTOF 5 ns, no veto, strict",13.0,no Be window + air,"no MM loss, no dead time",False,118831927096.53207,0.002170955636684243,1.0,265.80533754424914,0.0,192818.22794846995,25972.528634530423,38095.90497367828,0.0,0.0,223.12922759873757,10968.896269716783
tubeBe25,"nTOF 5 ns, no veto, strict",13.0,no Be window + air,"no MM loss, no dead time",False,147655042472.05704,0.0019256155186343406,1.0,410.38736671899085,0.0,239586.98922714838,32272.259756614054,47336.20504471373,0.0,0.0,344.49803378024546,10968.89626971678
tubeBe25,"nTOF 5 ns, no veto, strict",13.0,no Be window + air,"no MM loss, no dead time",False,183469309133.68265,0.0017093648502570966,1.0,633.6132762364464,0.0,297699.68336328625,40100.01353559762,58817.77344791671,0.0,0.0,531.8841308045908,10968.896269716783
tubeBe25,"nTOF 5 ns, no veto, strict",13.0,no Be window + air,"no MM loss, no dead time",False,227970456209.51935,0.0015186189530590997,1.0,978.2605810523967,0.0,369907.822459328,49826.41741489942,73084.23795491393,0.0,0.0,821.1969325265195,10968.89626971678
tubeBe25,"nTOF 5 ns, no veto, strict",13.0,no Be window + air,"no MM loss, no dead time",False,283265518084.60077,0.001350303186209041,1.0,1510.3751773090225,0.0,459630.30786843103,61911.99587002317,90811.08522715881,0.0,0.0,1267.878402333309,10968.89626971678
tubeBe25,"nTOF 5 ns, no veto, strict",13.0,no Be window + air,"no MM loss, no dead time",False,351972597984.32916,0.001201754340715921,1.0,2331.9279345561968,0.0,571115.3078804035,76928.97526009103,112837.64366841599,0.0,0.0,1957.527578868971,10968.89626971678
tubeBe25,"nTOF 5 ns, no veto, strict",13.0,no Be window + air,"no MM loss, no dead time",False,437344829577.31195,0.0010706467858043241,1.0,3600.3557087398976,0.0,709641.399428116,95588.37752528593,140206.8238342406,0.0,0.0,3022.3042012393907,10968.896269716779
tubeBe25,"nTOF 5 ns, no veto, strict",13.0,no Be window + air,"no MM loss, no dead time",False,543424405915.04004,0.0009549375266194884,1.0,5558.73148452285,0.0,881767.4974451034,118773.68555897937,174214.49802206483,0.0,0.0,4666.254914327631,10968.89626971678
tubeBe25,"nTOF 5 ns, no veto, strict",13.0,no Be window + air,"no MM loss, no dead time",False,675233968650.1552,0.0008528249418267467,1.0,8582.3452505031,0.0,1095643.4054963265,147582.6742381053,216470.85706015342,0.0,0.0,7204.415398210961,10968.896269716777
tubeBe25,"nTOF 5 ns, no veto, strict",13.0,no Be window + air,"no MM loss, no dead time",False,839014419404.4929,0.00076271688207806,1.0,13250.622053595325,0.0,1361395.6915919604,183379.38772182935,268976.64940849226,0.0,0.0,11123.181691298174,10968.896269716783
tubeBe25,"nTOF 5 ns, no veto, strict",13.0,no Be window + air,"no MM loss, no dead time",False,1042520413147.9036,0.0006832049290087052,1.0,20458.15912578608,0.0,1691607.159580869,227858.72403273178,334217.9123304093,0.0,0.0,17173.519862327063,10968.896269716777
tubeBe25,"nTOF 5 ns, no veto, strict",13.0,no Be window + air,"no MM loss, no dead time",False,1295387524568.9966,0.0006130427521138103,1.0,31586.160492927575,0.0,2101912.6180714634,283126.68486265425,415283.6804538281,0.0,0.0,26514.876107118915,10968.896269716777
tubeBe25,"nTOF 5 ns, no veto, strict",13.0,no Be window + air,"no MM loss, no dead time",False,1609588471982.2002,0.000551127464820336,1.0,48767.12164328893,0.0,2611739.1552673946,351800.0902603201,516012.24497142236,0.0,0.0,40937.36523507279,10968.896269716779
tubeBe25,"nTOF 5 ns, no veto, strict",13.0,no Be window + air,"no MM loss, no dead time",True,2000000000000.0002,0.0004964835254492773,1.0,75293.48664912424,0.0,3245225.970152546,437130.4794784968,641172.888540828,0.0,0.0,63204.81625557345,10968.896269716777
tubeBe25,"nTOF 5 ns, no veto, strict",13.0,oracle: no accidentals,MM occ + DREAM,False,1000000000.0,0.05692955208447898,0.9998593768901674,0.47195599823068357,0.0061251586976635965,1602.6313196404299,215.87371838662642,316.6385829309604,0.0,0.0,0.0,10833.819811265013
tubeBe25,"nTOF 5 ns, no veto, strict",13.0,oracle: no accidentals,MM occ + DREAM,False,1242553630.827767,0.04720430731332434,0.9998216290578372,0.5986669933953781,0.007610838179178178,1985.372158731401,267.42873737347804,392.2582937367885,0.0,0.0,0.0,10801.268624871984
tubeBe25,"nTOF 5 ns, no veto, strict",13.0,oracle: no accidentals,MM occ + DREAM,False,1543939525.4832668,0.03930310189773637,0.9997727467806786,0.7627680372018392,0.009456874613180438,2457.719920883254,331.0537686190923,485.58201967765524,0.0,0.0,0.0,10760.936943073217
tubeBe25,"nTOF 5 ns, no veto, strict",13.0,oracle: no accidentals,MM occ + DREAM,False,1918427663.1677406,0.032872171102579534,0.9997089540512858,0.9769485943605815,0.011750673886890335,3039.6770997867443,409.4431390326656,600.5617372185828,0.0,0.0,0.0,10710.999666256197
tubeBe25,"nTOF 5 ns, no veto, strict",13.0,oracle: no accidentals,MM occ + DREAM,False,2383749258.3495045,0.027627018070149147,0.9996249750063172,1.2589452691052752,0.014600842502828615,3755.1776338462128,505.8207393591644,741.9261748247104,0.0,0.0,0.0,10649.22239961698
tubeBe25,"nTOF 5 ns, no veto, strict",13.0,oracle: no accidentals,MM occ + DREAM,False,2961936295.9451733,0.02333895061939827,0.9995133534642068,1.6338371676178303,0.018142329865034074,4632.559797595422,624.0037224404765,915.274244099171,0.0,0.0,0.0,10572.879989106148
tubeBe25,"nTOF 5 ns, no veto, strict",13.0,oracle: no accidentals,MM occ + DREAM,False,3680364698.807223,0.019824238164915617,0.9993634362362162,2.137480655427982,0.022542817845473122,5704.910251516964,768.4488465714389,1127.1430151470693,0.0,0.0,0.0,10478.664667597313
tubeBe25,"nTOF 5 ns, no veto, strict",13.0,oracle: no accidentals,MM occ + DREAM,False,4573050519.273255,0.016935378465637047,0.9991598467649944,2.8216767986276334,0.028010660162981607,7010.131563208817,944.2615705706224,1385.0210570151912,0.0,0.0,0.0,10362.586097802274
tubeBe25,"nTOF 5 ns, no veto, strict",13.0,oracle: no accidentals,MM occ + DREAM,False,5682260526.681813,0.014554062426499221,0.9988801850325555,3.761981069838612,0.034804747487395635,8590.500500555569,1157.1365560690388,1697.2611678236174,0.0,0.0,0.0,10219.86850551289
tubeBe25,"nTOF 5 ns, no veto, strict",13.0,oracle: no accidentals,MM occ + DREAM,False,7060513448.737786,0.012585506598147106,0.99849155245141,5.069551678271102,0.04324676536050705,10491.364201614328,1413.1820421798343,2072.822771588598,0.0,0.0,0.0,10044.854753556338
tubeBe25,"nTOF 5 ns, no veto, strict",13.0,oracle: no accidentals,MM occ + DREAM,False,8773066621.237415,0.010953891261390356,0.9979452941223906,6.909182504375806,0.053736425320254536,12758.45960824068,1718.5587744125949,2520.7423074956564,0.0,0.0,0.0,9830.934397966508
tubeBe25,"nTOF 5 ns, no veto, strict",13.0,oracle: no accidentals,MM occ + DREAM,False,10901005783.71244,0.009598698320123247,0.9971690442308984,9.526821584693426,0.06677039038938742,15433.13947011439,2078.836949561481,3049.190011517616,0.0,0.0,0.0,9570.52348337618
tubeBe25,"nTOF 5 ns, no veto, strict",13.0,oracle: no accidentals,MM occ + DREAM,False,13545084316.226381,0.008471788384576438,0.9960547133617523,13.291656300875406,0.08296579101012079,18544.56644564308,2497.944764605638,3663.9276722327504,0.0,0.0,0.0,9255.139176350262
tubeBe25,"nTOF 5 ns, no veto, strict",13.0,oracle: no accidentals,MM occ + DREAM,False,16830493696.995401,0.007535092491223661,0.9944404254777377,18.76059124828855,0.10308944485412372,22097.758311562186,2976.5581118158793,4365.946672809169,0.0,0.0,0.0,8875.633202022615
tubeBe25,"nTOF 5 ns, no veto, strict",13.0,oracle: no accidentals,MM occ + DREAM,False,20912791051.82548,0.006758824619032961,0.9920835708906504,26.777177984787468,0.12809416400351029,26056.37679911149,3509.7822427239425,5148.067509274004,0.0,0.0,0.0,8422.674356030177
tubeBe25,"nTOF 5 ns, no veto, strict",13.0,oracle: no accidentals,MM occ + DREAM,False,25985264452.18819,0.006120151136561619,0.9886211401076411,38.62358597183355,0.15916386857040915,30319.63727586287,4084.0415126435823,5990.377739631286,0.0,0.0,0.0,7887.599353515747
tubeBe25,"nTOF 5 ns, no veto, strict",13.0,oracle: no accidentals,MM occ + DREAM,False,32288084693.086143,0.0056022877692303505,0.9835126156631325,56.254278995122746,0.19776964278875545,34694.18075493684,4673.290552955326,6854.674618900207,0.0,0.0,0.0,7263.77420141659
tubeBe25,"nTOF 5 ns, no veto, strict",13.0,oracle: no accidentals,MM occ + DREAM,False,40119676867.86863,0.005194040865013881,0.9759607486398612,82.6556076540184,0.24573938771467851,38864.958199000204,5235.092399942217,7678.712589095959,0.0,0.0,0.0,6548.6044792444245
tubeBe25,"nTOF 5 ns, no veto, strict",13.0,oracle: no accidentals,MM occ + DREAM,False,49850850159.80715,0.004889880688578244,0.9648085530537963,122.39952006285411,0.3053443684422675,42375.01964826429,5707.896099415775,8372.210132588949,0.0,0.0,0.0,5746.260703792713
tubeBe25,"nTOF 5 ns, no veto, strict",13.0,oracle: no accidentals,MM occ + DREAM,False,61942354865.91934,0.004690756574941765,0.9484210749159467,182.4966207514893,0.37940675366075083,44632.9236487307,6012.034753370252,8818.313683879986,0.0,0.0,0.0,4870.971699924027
tubeBe25,"nTOF 5 ns, no veto, strict",13.0,oracle: no accidentals,MM occ + DREAM,True,76966697940.67009,0.004606093188351963,0.9245853918769934,273.71095952688205,0.47143323932174225,44976.23737712842,6058.278958268866,8886.143615273682,0.0,0.0,0.0,3950.2833484069943
tubeBe25,"nTOF 5 ns, no veto, strict",13.0,oracle: no accidentals,MM occ + DREAM,False,95635249979.00362,0.004657868748316784,0.8905108291752541,412.5871498446953,0.5857810832121263,42822.21874050097,5768.133616127925,8460.565130471809,0.0,0.0,0.0,3026.9075074889383
tubeBe25,"nTOF 5 ns, no veto, strict",13.0,oracle: no accidentals,MM occ + DREAM,False,118831927096.53207,0.0048886623410090615,0.8430822981338272,624.5765929555644,0.7278644118154498,37914.30179361325,5107.039409448439,7490.88742096964,0.0,0.0,0.0,2156.839879391603
tubeBe25,"nTOF 5 ns, no veto, strict",13.0,oracle: no accidentals,MM occ + DREAM,False,147655042472.05704,0.005377794889460962,0.7795689202595001,948.859800133156,0.9044105676516079,30602.486046192178,4122.141114868859,6046.261355983505,0.0,0.0,0.0,1401.058947812433
tubeBe25,"nTOF 5 ns, no veto, strict",13.0,oracle: no accidentals,MM occ + DREAM,False,183469309133.68265,0.006275103736097186,0.6988880498679704,1445.7863256766777,1.1237786345945076,21982.86372148848,2961.081862177077,4343.246467377309,0.0,0.0,0.0,809.9697962327907
tubeBe25,"nTOF 5 ns, no veto, strict",13.0,oracle: no accidentals,MM occ + DREAM,False,227970456209.51935,0.007875967435879606,0.6031036676360091,2208.354812942885,1.3963552226620757,13665.53846860613,1840.7418891797056,2699.95767751425,0.0,0.0,0.0,405.22493667580176
tubeBe25,"nTOF 5 ns, no veto, strict",13.0,oracle: no accidentals,MM occ + DREAM,False,283265518084.60077,0.01080080313579752,0.49820177331953597,3379.929090764111,1.7350462518440772,7124.787259677495,959.7056413482078,1407.6740632368276,0.0,0.0,0.0,170.03024182115692
tubeBe25,"nTOF 5 ns, no veto, strict",13.0,oracle: no accidentals,MM occ + DREAM,False,351972597984.32916,0.016464112351684632,0.3930646209069056,5181.580316991534,2.1558880198829664,3010.2822312720477,405.48366345647554,594.7540699167707,0.0,0.0,0.0,57.815773945791776
tubeBe25,"nTOF 5 ns, no veto, strict",13.0,oracle: no accidentals,MM occ + DREAM,False,437344829577.31195,0.028433898000620298,0.29670262414694615,7954.288624905698,2.6788064867636754,992.1528413831229,133.64254177017168,196.0237928065466,0.0,0.0,0.0,15.335663349977134
tubeBe25,"nTOF 5 ns, no veto, strict",13.0,oracle: no accidentals,MM occ + DREAM,False,543424405915.04004,0.056883930399289524,0.21538833463248913,12224.083797580368,3.3285607264131802,244.01984808119875,32.86936385172287,48.21202353688845,0.0,0.0,0.0,3.0355262686707913
tubeBe25,"nTOF 5 ns, no veto, strict",13.0,oracle: no accidentals,MM occ + DREAM,False,675233968650.1552,0.13546424180645808,0.1514423133938455,18802.59850529076,4.135915216035406,42.41369923878169,5.713106222872326,8.379852221308724,0.0,0.0,0.0,0.4246194199967934
tubeBe25,"nTOF 5 ns, no veto, strict",13.0,oracle: no accidentals,MM occ + DREAM,False,839014419404.4929,0.3975021124782554,0.10389823173808554,28942.291541698127,5.139096468480602,4.862169018417079,0.6549319812777916,0.9606390996450886,0.0,0.0,0.0,0.0391749642945341
tubeBe25,"nTOF 5 ns, no veto, strict",13.0,oracle: no accidentals,MM occ + DREAM,False,1042520413147.9036,1.5022127213648886,0.07001002081238414,44576.072196914494,6.385602976084727,0.336508043124168,0.04532748215136578,0.06648530364651378,0.0,0.0,0.0,0.0021820206884611035
tubeBe25,"nTOF 5 ns, no veto, strict",13.0,oracle: no accidentals,MM occ + DREAM,False,1295387524568.9966,7.735340642117945,0.0465792354789271,68687.22738287016,7.934454162958706,0.01256110059300067,0.0016919746037709384,0.0024817492601563167,0.0,0.0,0.0,6.555049351410184e-05
tubeBe25,"nTOF 5 ns, no veto, strict",13.0,oracle: no accidentals,MM occ + DREAM,False,1609588471982.2002,58.28578919847067,0.030719706193287274,105880.51901042408,9.858984828820832,0.00021925092846138573,2.9533001512349545e-05,4.331832433543513e-05,0.0,0.0,0.0,9.208196333396134e-07
tubeBe25,"nTOF 5 ns, no veto, strict",13.0,oracle: no accidentals,MM occ + DREAM,False,2000000000000.0002,702.9523124969929,0.020139919424278337,163263.8644916166,12.250317395327196,1.495588712472992e-06,2.0145512731590015e-07,2.95489726652314e-07,0.0,0.0,0.0,5.055104821715816e-09
tubeBe25,"nTOF 5 ns, no veto, strict",13.0,oracle: no accidentals,"MM occ ÷10, DAQ 10 µs",False,1000000000.0,0.056612735885975415,0.9999952804622918,0.47195599823068357,0.0006125158697663597,1620.6188010938126,218.29662405317953,320.19244498775214,0.0,0.0,0.0,10955.415546064547
tubeBe25,"nTOF 5 ns, no veto, strict",13.0,oracle: no accidentals,"MM occ ÷10, DAQ 10 µs",False,1242553630.827767,0.04687803320661085,0.999994013365906,0.5986669933953781,0.0007610838179178179,2013.1049692890444,271.1643344899338,397.7375812859893,0.0,0.0,0.0,10952.146904915557
tubeBe25,"nTOF 5 ns, no veto, strict",13.0,oracle: no accidentals,"MM occ ÷10, DAQ 10 µs",False,1543939525.4832668,0.03896572570306413,0.999992372377809,0.7627680372018392,0.0009456874613180438,2500.4634242885627,336.8112993149516,494.02703268962983,0.0,0.0,0.0,10948.08607302992
tubeBe25,"nTOF 5 ns, no veto, strict",13.0,oracle: no accidentals,"MM occ ÷10, DAQ 10 µs",False,1918427663.1677406,0.03252178494396897,0.9999902306094983,0.9769485943605815,0.0011750673886890336,3105.528233635756,418.31325716261154,613.5722215706709,0.0,0.0,0.0,10943.041244859673
tubeBe25,"nTOF 5 ns, no veto, strict",13.0,oracle: no accidentals,"MM occ ÷10, DAQ 10 µs",False,2383749258.3495045,0.027261411340763958,0.9999874107058013,1.2589452691052752,0.0014600842502828617,3856.5754960501145,519.4789858205663,761.9597751961768,0.0,0.0,0.0,10936.774278847017
tubeBe25,"nTOF 5 ns, no veto, strict",13.0,oracle: no accidentals,"MM occ ÷10, DAQ 10 µs",False,2961936295.9451733,0.02295556417851569,0.9999836618952618,1.6338371676178303,0.0018142329865034074,4788.590972296379,645.0210515380297,946.101976868957,0.0,0.0,0.0,10928.98956064989
tubeBe25,"nTOF 5 ns, no veto, strict",13.0,oracle: no accidentals,"MM occ ÷10, DAQ 10 µs",False,3680364698.807223,0.019420109605236054,0.9999786256503183,2.137480655427982,0.0022542817845473124,5944.816810617039,800.7641522462922,1174.5423589501927,0.0,0.0,0.0,10919.320221065196
tubeBe25,"nTOF 5 ns, no veto, strict",13.0,oracle: no accidentals,"MM occ ÷10, DAQ 10 µs",False,4573050519.273255,0.016507075299252216,0.9999717840281772,2.8216767986276334,0.002801066016298161,7378.629723779593,993.8981071627647,1457.8267821659854,0.0,0.0,0.0,10907.311097806201
tubeBe25,"nTOF 5 ns, no veto, strict",13.0,oracle: no accidentals,"MM occ ÷10, DAQ 10 µs",False,5682260526.681813,0.014097598656298118,0.9999623816044986,3.761981069838612,0.0034804747487395637,9155.80741930832,1233.2831439244562,1808.951223721876,0.0,0.0,0.0,10892.397699188645
tubeBe25,"nTOF 5 ns, no veto, strict",13.0,oracle: no accidentals,"MM occ ÷10, DAQ 10 µs",False,7060513448.737786,0.012096236207606711,0.9999493070531225,5.069551678271102,0.004324676536050705,11357.241198889078,1529.8152845085094,2243.897716929805,0.0,0.0,0.0,10873.880274444466
tubeBe25,"nTOF 5 ns, no veto, strict",13.0,oracle: no accidentals,"MM occ ÷10, DAQ 10 µs",False,8773066621.237415,0.01042636934984432,0.9999309129483068,6.909182504375806,0.005373642532025454,14082.147298419528,1896.8589112934985,2782.2688291135064,0.0,0.0,0.0,10850.891919887017
tubeBe25,"nTOF 5 ns, no veto, strict",13.0,oracle: no accidentals,"MM occ ÷10, DAQ 10 µs",False,10901005783.71244,0.009026496366554834,0.9999047408593214,9.526821584693426,0.006677039038938743,17451.812658639235,2350.7513206796107,3448.0277292022047,0.0,0.0,0.0,10822.359455794545
tubeBe25,"nTOF 5 ns, no veto, strict",13.0,oracle: no accidentals,"MM occ ÷10, DAQ 10 µs",False,13545084316.226381,0.007847243525053487,0.9998671011014559,13.291656300875406,0.008296579101012079,21613.874318917144,2911.3791555082685,4270.343685486749,0.0,0.0,0.0,10786.95560492431
tubeBe25,"nTOF 5 ns, no veto, strict",13.0,oracle: no accidentals,"MM occ ÷10, DAQ 10 µs",False,16830493696.995401,0.006848960284264368,0.9998124292768938,18.76059124828855,0.010308944485412372,26747.062879336467,3602.817347272818,5284.529251293149,0.0,0.0,0.0,10743.040809900267
tubeBe25,"nTOF 5 ns, no veto, strict",13.0,oracle: no accidentals,"MM occ ÷10, DAQ 10 µs",False,20912791051.82548,0.00599978813144963,0.9997322999026838,26.777177984787468,0.012809416400351029,33066.22003954831,4454.004976346774,6533.031601151401,0.0,0.0,0.0,10688.592881703014
tubeBe25,"nTOF 5 ns, no veto, strict",13.0,oracle: no accidentals,"MM occ ÷10, DAQ 10 µs",False,25985264452.18819,0.005274112102747838,0.9996139132608252,38.62358597183355,0.015916386857040915,40827.198699371154,5499.405313332021,8066.400664196473,0.0,0.0,0.0,10621.122645269317
tubeBe25,"nTOF 5 ns, no veto, strict",13.0,oracle: no accidentals,"MM occ ÷10, DAQ 10 µs",False,32288084693.086143,0.004651320470212228,0.9994377734865203,56.254278995122746,0.019776964278875545,50330.927934379,6779.553369443352,9944.09225842264,0.0,0.0,0.0,10537.573965082816
tubeBe25,"nTOF 5 ns, no veto, strict",13.0,oracle: no accidentals,"MM occ ÷10, DAQ 10 µs",False,40119676867.86863,0.004114812155516886,0.9991741265541749,82.6556076540184,0.02457393877146785,61925.411487861544,8341.325092477213,12234.862941111365,0.0,0.0,0.0,10434.207209796934
tubeBe25,"nTOF 5 ns, no veto, strict",13.0,oracle: no accidentals,"MM occ ÷10, DAQ 10 µs",False,49850850159.80715,0.0036512033636140473,0.9987775011321185,122.39952006285411,0.03053443684422675,76003.63999315923,10237.656144098664,15016.35751785273,0.0,0.0,0.0,10306.466721739638
tubeBe25,"nTOF 5 ns, no veto, strict",13.0,oracle: no accidentals,"MM occ ÷10, DAQ 10 µs",False,61942354865.91934,0.0032496948756442767,0.9981783582271627,182.4966207514893,0.03794067536607509,92994.22014031117,12526.279652800968,18373.257607747477,0.0,0.0,0.0,10148.835826327113
tubeBe25,"nTOF 5 ns, no veto, strict",13.0,oracle: no accidentals,"MM occ ÷10, DAQ 10 µs",False,76966697940.67009,0.0029015697090686195,0.9972703617238484,273.71095952688205,0.04714332393217423,113339.82641634293,15266.823673008106,22393.024263474224,0.0,0.0,0.0,9954.688411340921
tubeBe25,"nTOF 5 ns, no veto, strict",13.0,oracle: no accidentals,"MM occ ÷10, DAQ 10 µs",False,95635249979.00362,0.0025997978770921485,0.9958910813718106,412.5871498446953,0.05857810832121263,137456.24925463783,18515.294989202604,27157.806942621428,0.0,0.0,0.0,9716.15588957375
tubeBe25,"nTOF 5 ns, no veto, strict",13.0,oracle: no accidentals,"MM occ ÷10, DAQ 10 µs",False,118831927096.53207,0.0023387312145222005,0.993793001530013,624.5765929555644,0.07278644118154498,165661.8556518075,22314.577492724842,32730.50674628683,0.0,0.0,0.0,9424.045277395106
tubeBe25,"nTOF 5 ns, no veto, strict",13.0,oracle: no accidentals,"MM occ ÷10, DAQ 10 µs",False,147655042472.05704,0.0021138771014702915,0.9906005892289246,948.859800133156,0.09044105676516079,198064.0741516479,26679.141760135914,39132.34878186537,0.0,0.0,0.0,9067.872554912263
tubeBe25,"nTOF 5 ns, no veto, strict",13.0,oracle: no accidentals,"MM occ ÷10, DAQ 10 µs",False,183469309133.68265,0.0019217458395047189,0.9857481874995262,1445.7863256766777,0.11237786345945076,234387.36028828667,31571.872075737694,46308.8925750327,0.0,0.0,0.0,8636.121519812186
tubeBe25,"nTOF 5 ns, no veto, strict",13.0,oracle: no accidentals,"MM occ ÷10, DAQ 10 µs",False,227970456209.51935,0.0017597730576014168,0.9783935978914394,2208.354812942885,0.13963552226620757,273729.273083928,36871.21004546049,54081.83908165669,0.0,0.0,0.0,8116.908646268799
tubeBe25,"nTOF 5 ns, no veto, strict",13.0,oracle: no accidentals,"MM occ ÷10, DAQ 10 µs",False,283265518084.60077,0.001626327059841897,0.9673057515081418,3379.929090764111,0.17350462518440773,314244.89099753054,42328.645567002364,62086.679424857815,0.0,0.0,0.0,7499.330556824482
tubeBe25,"nTOF 5 ns, no veto, strict",13.0,oracle: no accidentals,"MM occ ÷10, DAQ 10 µs",False,351972597984.32916,0.0015208238023997124,0.9507368086562731,5181.580316991534,0.21558880198829666,352797.95181290613,47521.72552956552,69703.76914139382,0.0,0.0,0.0,6775.871849708286
tubeBe25,"nTOF 5 ns, no veto, strict",13.0,oracle: no accidentals,"MM occ ÷10, DAQ 10 µs",False,437344829577.31195,0.001443993562387566,0.9263179932337529,7954.288624905698,0.26788064867636757,384698.832836949,51818.75986433354,76006.5598318743,0.0,0.0,0.0,5946.273140025634
tubeBe25,"nTOF 5 ns, no veto, strict",13.0,oracle: no accidentals,"MM occ ÷10, DAQ 10 µs",False,543424405915.04004,0.0013983816591973462,0.8910743275068382,12224.083797580368,0.33285607264131806,403787.533710194,54389.99929175343,79777.99442224119,0.0,0.0,0.0,5022.9834793243
tubeBe25,"nTOF 5 ns, no veto, strict",13.0,oracle: no accidentals,"MM occ ÷10, DAQ 10 µs",True,675233968650.1552,0.0013892378836886836,0.8417324305877586,18802.59850529076,0.4135915216035406,403275.8897893563,54321.08108559611,79676.90678962482,0.0,0.0,0.0,4037.345892821162
tubeBe25,"nTOF 5 ns, no veto, strict",13.0,oracle: no accidentals,"MM occ ÷10, DAQ 10 µs",False,839014419404.4929,0.0014260938165742247,0.7755407384524525,28942.291541698127,0.5139096468480603,377757.19075834786,50883.723796554135,74635.0705292221,0.0,0.0,0.0,3043.626086198789
tubeBe25,"nTOF 5 ns, no veto, strict",13.0,oracle: no accidentals,"MM occ ÷10, DAQ 10 µs",False,1042520413147.9036,0.0015256356455737082,0.6916773881074781,44576.072196914494,0.6385602976084728,326254.6164504467,43946.35018724228,64459.49118898485,0.0,0.0,0.0,2115.534345602953
tubeBe25,"nTOF 5 ns, no veto, strict",13.0,oracle: no accidentals,"MM occ ÷10, DAQ 10 µs",False,1295387524568.9966,0.0017171808147543348,0.5928131106988292,68687.22738287016,0.7934454162958706,254891.01418570857,34333.70503950506,50359.88536134812,0.0,0.0,0.0,1330.1566728550313
tubeBe25,"nTOF 5 ns, no veto, strict",13.0,oracle: no accidentals,"MM occ ÷10, DAQ 10 µs",False,1609588471982.2002,0.0020537444359272176,0.4857186123323151,105880.51901042408,0.9858984828820833,176593.21123076972,23787.02617566111,34890.260457336,0.0,0.0,0.0,741.6638878426513
tubeBe25,"nTOF 5 ns, no veto, strict",13.0,oracle: no accidentals,"MM occ ÷10, DAQ 10 µs",False,2000000000000.0002,0.0026359042639796672,0.3798470412683029,163263.8644916166,1.2250317395327197,106366.44427215726,14327.512232661355,21015.263943111575,0.0,0.0,0.0,359.5196465610251
tubeBe25,"nTOF 5 ns, no veto, strict",13.0,oracle: no accidentals,"no MM loss, DREAM",False,1000000000.0,0.05658191529549872,0.9998593768901674,0.47195599823068357,0.0,1622.384808192257,218.53450441553503,320.5413624076505,0.0,0.0,0.0,10967.353789411904
tubeBe25,"nTOF 5 ns, no veto, strict",13.0,oracle: no accidentals,"no MM loss, DREAM",False,1242553630.827767,0.04684640665859649,0.9998216290578372,0.5986669933953781,0.0,2015.8240274565044,271.5305904028975,398.2747969977379,0.0,0.0,0.0,10966.939737354667
tubeBe25,"nTOF 5 ns, no veto, strict",13.0,oracle: no accidentals,"no MM loss, DREAM",False,1543939525.4832668,0.038933169351029744,0.9997727467806786,0.7627680372018392,0.0,2504.6470037473264,337.37482558756426,494.85360000749523,0.0,0.0,0.0,10966.403552727084
tubeBe25,"nTOF 5 ns, no veto, strict",13.0,oracle: no accidentals,"no MM loss, DREAM",False,1918427663.1677406,0.032488161544150934,0.9997089540512858,0.9769485943605815,0.0,3111.959650252911,419.17956609007615,614.8429034916704,0.0,0.0,0.0,10965.703816895611
tubeBe25,"nTOF 5 ns, no veto, strict",13.0,oracle: no accidentals,"no MM loss, DREAM",False,2383749258.3495045,0.02722657087775022,0.9996249750063172,1.2589452691052752,0.0,3866.4519396533015,520.8093383345396,763.9111055293516,0.0,0.0,0.0,10964.78265946252
tubeBe25,"nTOF 5 ns, no veto, strict",13.0,oracle: no accidentals,"no MM loss, DREAM",False,2961936295.9451733,0.022919345494997963,0.9995133534642068,1.6338371676178303,0.0,4803.73743438975,647.0612731738028,949.0945268303155,0.0,0.0,0.0,10963.558294345647
tubeBe25,"nTOF 5 ns, no veto, strict",13.0,oracle: no accidentals,"no MM loss, DREAM",False,3680364698.807223,0.01938234346420648,0.9993634362362162,2.137480655427982,0.0,5968.006113810241,803.8877409630248,1179.1239667175355,0.0,0.0,0.0,10961.913867822772
tubeBe25,"nTOF 5 ns, no veto, strict",13.0,oracle: no accidentals,"no MM loss, DREAM",False,4573050519.273255,0.016467589459238572,0.9991598467649944,2.8216767986276334,0.0,7414.056972364875,998.6701416229599,1464.8262920668049,0.0,0.0,0.0,10959.680716031336
tubeBe25,"nTOF 5 ns, no veto, strict",13.0,oracle: no accidentals,"no MM loss, DREAM",False,5682260526.681813,0.014056225753055276,0.9988801850325555,3.761981069838612,0.0,9209.784898319715,1240.5538860848799,1819.6157803512745,0.0,0.0,0.0,10956.613135497606
tubeBe25,"nTOF 5 ns, no veto, strict",13.0,oracle: no accidentals,"no MM loss, DREAM",False,7060513448.737786,0.012052825533293642,0.99849155245141,5.069551678271102,0.0,11439.19930284449,1540.8550042718439,2260.090522834766,0.0,0.0,0.0,10952.35026502799
tubeBe25,"nTOF 5 ns, no veto, strict",13.0,oracle: no accidentals,"no MM loss, DREAM",False,8773066621.237415,0.010380804028714165,0.9979452941223906,6.909182504375806,0.0,14206.042480789978,1913.5475366689836,2806.747319267158,0.0,0.0,0.0,10946.358414080507
tubeBe25,"nTOF 5 ns, no veto, strict",13.0,oracle: no accidentals,"no MM loss, DREAM",False,10901005783.71244,0.008978717971332373,0.9971690442308984,9.526821584693426,0.0,17638.039267986802,2375.8359612514755,3484.8213004779004,0.0,0.0,0.0,10937.843809541348
tubeBe25,"nTOF 5 ns, no veto, strict",13.0,oracle: no accidentals,"no MM loss, DREAM",False,13545084316.226381,0.00779728689149704,0.9960547133617523,13.291656300875406,0.0,21891.718490454732,2948.804640525824,4325.238522292399,0.0,0.0,0.0,10925.620829827541
tubeBe25,"nTOF 5 ns, no veto, strict",13.0,oracle: no accidentals,"no MM loss, DREAM",False,16830493696.995401,0.0067970021999505265,0.9944404254777377,18.76059124828855,0.0,27157.5490979653,3658.1096564121112,5365.630732954249,0.0,0.0,0.0,10907.913873478326
tubeBe25,"nTOF 5 ns, no veto, strict",13.0,oracle: no accidentals,"no MM loss, DREAM",False,20912791051.82548,0.00594621473435409,0.9920835708906504,26.777177984787468,0.0,33664.735226005585,4534.624702935162,6651.282753602992,0.0,0.0,0.0,10882.061779989755
tubeBe25,"nTOF 5 ns, no veto, strict",13.0,oracle: no accidentals,"no MM loss, DREAM",False,25985264452.18819,0.005219611235511905,0.9886211401076411,38.62358597183355,0.0,41684.248959105134,5614.849598081499,8235.73167402827,0.0,0.0,0.0,10844.082735889859
tubeBe25,"nTOF 5 ns, no veto, strict",13.0,oracle: no accidentals,"no MM loss, DREAM",False,32288084693.086143,0.004597006826192481,0.9835126156631325,56.254278995122746,0.0,51527.27385375433,6940.700627036048,10180.45933297303,0.0,0.0,0.0,10788.04786116673
tubeBe25,"nTOF 5 ns, no veto, strict",13.0,oracle: no accidentals,"no MM loss, DREAM",False,40119676867.86863,0.004062394561511634,0.9759607486398612,82.6556076540184,0.0,63533.784422581484,8557.97220383424,12552.635918984088,0.0,0.0,0.0,10705.21221514577
tubeBe25,"nTOF 5 ns, no veto, strict",13.0,oracle: no accidentals,"no MM loss, DREAM",False,49850850159.80715,0.0036032043100059936,0.9648085530537963,122.39952006285411,0.0,78042.04861637554,10512.228869398825,15419.09444803719,0.0,0.0,0.0,10582.884938582632
tubeBe25,"nTOF 5 ns, no veto, strict",13.0,oracle: no accidentals,"no MM loss, DREAM",False,61942354865.91934,0.003209730998069739,0.9484210749159467,182.4966207514893,0.0,95324.3505216735,12840.14716779699,18833.631227654325,0.0,0.0,0.0,10403.132390766308
tubeBe25,"nTOF 5 ns, no veto, strict",13.0,oracle: no accidentals,"no MM loss, DREAM",False,76966697940.67009,0.002874695609880412,0.9245853918769934,273.71095952688205,0.0,115468.84700225634,15553.601788954273,22813.663778684568,0.0,0.0,0.0,10141.681255994179
tubeBe25,"nTOF 5 ns, no veto, strict",13.0,oracle: no accidentals,"no MM loss, DREAM",False,95635249979.00362,0.002592899921481217,0.8905108291752541,412.5871498446953,0.0,138188.57857757588,18613.93941982666,27302.496314538814,0.0,0.0,0.0,9767.920912282842
tubeBe25,"nTOF 5 ns, no veto, strict",13.0,oracle: no accidentals,"no MM loss, DREAM",False,118831927096.53207,0.002360926919328405,0.8430822981338272,624.5765929555644,0.0,162561.63474088823,21896.97912954654,32117.983114696584,0.0,0.0,0.0,9247.682275064388
tubeBe25,"nTOF 5 ns, no veto, strict",13.0,oracle: no accidentals,"no MM loss, DREAM",False,147655042472.05704,0.002176825995865121,0.7795689202595001,948.859800133156,0.0,186774.5705000325,25158.450692797735,36901.83425588978,0.0,0.0,0.0,8551.010621421568
tubeBe25,"nTOF 5 ns, no veto, strict",13.0,oracle: no accidentals,"no MM loss, DREAM",False,183469309133.68265,0.002039717630666297,0.6988880498679704,1445.7863256766777,0.0,208058.75115207947,28025.42025957304,41107.0389825906,0.0,0.0,0.0,7666.030523146416
tubeBe25,"nTOF 5 ns, no veto, strict",13.0,oracle: no accidentals,"no MM loss, DREAM",False,227970456209.51935,0.0019492814227428101,0.6031036676360091,2208.354812942885,0.0,223092.76441247045,30050.495088088563,44077.37195699141,0.0,0.0,0.0,6615.381570185129
tubeBe25,"nTOF 5 ns, no veto, strict",13.0,oracle: no accidentals,"no MM loss, DREAM",True,283265518084.60077,0.0019051757164799937,0.49820177331953597,3379.929090764111,0.0,228988.63445145657,30844.666132197333,45242.243697242026,0.0,0.0,0.0,5464.723572930943
tubeBe25,"nTOF 5 ns, no veto, strict",13.0,oracle: no accidentals,"no MM loss, DREAM",False,351972597984.32916,0.0019065493464863643,0.3930646209069056,5181.580316991534,0.0,224485.22198614143,30238.0584973644,44352.48563255443,0.0,0.0,0.0,4311.485054023397
tubeBe25,"nTOF 5 ns, no veto, strict",13.0,oracle: no accidentals,"no MM loss, DREAM",False,437344829577.31195,0.001951845896112006,0.29670262414694615,7954.288624905698,0.0,210552.4654136332,28361.32244970131,41599.732554927796,0.0,0.0,0.0,3254.500307220618
tubeBe25,"nTOF 5 ns, no veto, strict",13.0,oracle: no accidentals,"no MM loss, DREAM",False,543424405915.04004,0.0020389850438859965,0.21538833463248913,12224.083797580368,0.0,189922.43280775845,25582.466330711493,37523.77059780761,0.0,0.0,0.0,2362.57230029082
tubeBe25,"nTOF 5 ns, no veto, strict",13.0,oracle: no accidentals,"no MM loss, DREAM",False,675233968650.1552,0.002165805811147327,0.1514423133938455,18802.59850529076,0.0,165926.77198307493,22350.261603468956,32782.84737553809,0.0,0.0,0.0,1661.1550264630316
tubeBe25,"nTOF 5 ns, no veto, strict",13.0,oracle: no accidentals,"no MM loss, DREAM",False,839014419404.4929,0.002330548808591413,0.10389823173808554,28942.291541698127,0.0,141446.60505225274,19052.794121510862,27946.19825237732,0.0,0.0,0.0,1139.6489265420562
tubeBe25,"nTOF 5 ns, no veto, strict",13.0,oracle: no accidentals,"no MM loss, DREAM",False,1042520413147.9036,0.00253220754980806,0.07001002081238414,44576.072196914494,0.0,118429.45244863466,15952.394011814848,23398.602998123533,0.0,0.0,0.0,767.9326561317545
tubeBe25,"nTOF 5 ns, no veto, strict",13.0,oracle: no accidentals,"no MM loss, DREAM",False,1295387524568.9966,0.0027707017795714074,0.0465792354789271,68687.22738287016,0.0,97905.48279327886,13187.82452458556,19343.59634241438,0.0,0.0,0.0,510.92280229106296
tubeBe25,"nTOF 5 ns, no veto, strict",13.0,oracle: no accidentals,"no MM loss, DREAM",False,1609588471982.2002,0.0030469124328355774,0.030719706193287274,105880.51901042408,0.0,80231.85950331867,10807.195411568979,15851.744557660677,0.0,0.0,0.0,336.9612706703442
tubeBe25,"nTOF 5 ns, no veto, strict",13.0,oracle: no accidentals,"no MM loss, DREAM",False,2000000000000.0002,0.0033626418801530273,0.020139919424278337,163263.8644916166,0.0,65358.58955244779,8803.772634593084,12913.170312244078,0.0,0.0,0.0,220.9126870453632
tubeBe25,"nTOF 5 ns, no veto, strict",13.0,oracle: no accidentals,"no MM loss, no dead time",False,1000000000.0,0.05657793679318189,1.0,0.47195599823068357,0.0,1622.6129850762727,218.56523973924845,320.586444270414,0.0,0.0,0.0,10968.89626971678
tubeBe25,"nTOF 5 ns, no veto, strict",13.0,oracle: no accidentals,"no MM loss, no dead time",False,1242553630.827767,0.046842228453424256,1.0,0.5986669933953781,0.0,2016.183656034804,271.57903221074446,398.34585032236646,0.0,0.0,0.0,10968.89626971678
tubeBe25,"nTOF 5 ns, no veto, strict",13.0,oracle: no accidentals,"no MM loss, no dead time",False,1543939525.4832668,0.038928745255631295,1.0,0.7627680372018392,0.0,2505.216322221648,337.4515125301517,494.9660826432308,0.0,0.0,0.0,10968.896269716779
tubeBe25,"nTOF 5 ns, no veto, strict",13.0,oracle: no accidentals,"no MM loss, no dead time",False,1918427663.1677406,0.032483433426201705,1.0,0.9769485943605815,0.0,3112.865637185506,419.3016021226632,615.0219031249453,0.0,0.0,0.0,10968.896269716779
tubeBe25,"nTOF 5 ns, no veto, strict",13.0,oracle: no accidentals,"no MM loss, no dead time",False,2383749258.3495045,0.027221465076718857,1.0,1.2589452691052752,0.0,3867.9024997638426,521.0047281294152,764.1976987665042,0.0,0.0,0.0,10968.89626971678
tubeBe25,"nTOF 5 ns, no veto, strict",13.0,oracle: no accidentals,"no MM loss, no dead time",False,2961936295.9451733,0.022913768006305114,1.0,1.6338371676178303,0.0,4806.076294769357,647.3763166156382,949.5566252725439,0.0,0.0,0.0,10968.89626971678
tubeBe25,"nTOF 5 ns, no veto, strict",13.0,oracle: no accidentals,"no MM loss, no dead time",False,3680364698.807223,0.01937617343339241,1.0,2.137480655427982,0.0,5971.807550100924,804.3997927226673,1179.8750324089606,0.0,0.0,0.0,10968.896269716777
tubeBe25,"nTOF 5 ns, no veto, strict",13.0,oracle: no accidentals,"no MM loss, no dead time",False,4573050519.273255,0.016460670356378083,1.0,2.8216767986276334,0.0,7420.291153982578,999.5098830846537,1466.0580054427835,0.0,0.0,0.0,10968.89626971678
tubeBe25,"nTOF 5 ns, no veto, strict",13.0,oracle: no accidentals,"no MM loss, no dead time",False,5682260526.681813,0.014048353362540737,1.0,3.761981069838612,0.0,9220.109715180251,1241.9446342750787,1821.6556976670524,0.0,0.0,0.0,10968.896269716783
tubeBe25,"nTOF 5 ns, no veto, strict",13.0,oracle: no accidentals,"no MM loss, no dead time",False,7060513448.737786,0.012043731574994956,1.0,5.069551678271102,0.0,11456.480803227592,1543.182814605562,2263.504901254285,0.0,0.0,0.0,10968.89626971678
tubeBe25,"nTOF 5 ns, no veto, strict",13.0,oracle: no accidentals,"no MM loss, no dead time",False,8773066621.237415,0.010370133795321914,1.0,6.909182504375806,0.0,14235.291818559055,1917.4874093191538,2812.526233449958,0.0,0.0,0.0,10968.89626971678
tubeBe25,"nTOF 5 ns, no veto, strict",13.0,oracle: no accidentals,"no MM loss, no dead time",False,10901005783.71244,0.00896599978707856,1.0,9.526821584693426,0.0,17688.11353504336,2382.5809425160433,3494.71468317159,0.0,0.0,0.0,10968.896269716783
tubeBe25,"nTOF 5 ns, no veto, strict",13.0,oracle: no accidentals,"no MM loss, no dead time",False,13545084316.226381,0.007781890424726817,1.0,13.291656300875406,0.0,21978.4296954619,2960.484600864353,4342.370418281968,0.0,0.0,0.0,10968.896269716783
tubeBe25,"nTOF 5 ns, no veto, strict",13.0,oracle: no accidentals,"no MM loss, no dead time",False,16830493696.995401,0.006778081645610501,1.0,18.76059124828855,0.0,27309.377617989103,3678.5608898137093,5395.628129635369,0.0,0.0,0.0,10968.89626971678
tubeBe25,"nTOF 5 ns, no veto, strict",13.0,oracle: no accidentals,"no MM loss, no dead time",False,20912791051.82548,0.005922631574304157,1.0,26.777177984787468,0.0,33933.36631487891,4570.809189859046,6704.357323074863,0.0,0.0,0.0,10968.89626971678
tubeBe25,"nTOF 5 ns, no veto, strict",13.0,oracle: no accidentals,"no MM loss, no dead time",False,25985264452.18819,0.0051898296605634615,1.0,38.62358597183355,0.0,42164.02752076145,5679.475554680283,8330.523534153399,0.0,0.0,0.0,10968.89626971678
tubeBe25,"nTOF 5 ns, no veto, strict",13.0,oracle: no accidentals,"no MM loss, no dead time",False,32288084693.086143,0.004558953013155996,1.0,56.254278995122746,0.0,52391.06548624404,7057.052971665531,10351.122264058471,0.0,0.0,0.0,10968.89626971678
tubeBe25,"nTOF 5 ns, no veto, strict",13.0,oracle: no accidentals,"no MM loss, no dead time",False,40119676867.86863,0.004013269068539455,1.0,82.6556076540184,0.0,65098.70864286781,8768.766792886889,12861.824552347984,0.0,0.0,0.0,10968.896269716779
tubeBe25,"nTOF 5 ns, no veto, strict",13.0,oracle: no accidentals,"no MM loss, no dead time",False,49850850159.80715,0.0035392354941273726,1.0,122.39952006285411,0.0,80888.63678639467,10895.6630163836,15981.506796589774,0.0,0.0,0.0,10968.89626971678
tubeBe25,"nTOF 5 ns, no veto, strict",13.0,oracle: no accidentals,"no MM loss, no dead time",False,61942354865.91934,0.003125857922345485,1.0,182.4966207514893,0.0,100508.46933164318,13538.445641283262,19857.87929620126,0.0,0.0,0.0,10968.89626971678
tubeBe25,"nTOF 5 ns, no veto, strict",13.0,oracle: no accidentals,"no MM loss, no dead time",False,76966697940.67009,0.0027641740115476954,1.0,273.71095952688205,0.0,124887.16349697452,16822.24478734087,24674.480020034418,0.0,0.0,0.0,10968.89626971678
tubeBe25,"nTOF 5 ns, no veto, strict",13.0,oracle: no accidentals,"no MM loss, no dead time",False,95635249979.00362,0.0024468387918826734,1.0,412.5871498446953,0.0,155178.99844694664,20902.541339183877,30659.364737680953,0.0,0.0,0.0,10968.89626971678
tubeBe25,"nTOF 5 ns, no veto, strict",13.0,oracle: no accidentals,"no MM loss, no dead time",False,118831927096.53207,0.0021677916013849875,1.0,624.5765929555644,0.0,192818.22794846995,25972.528634530423,38095.90497367829,0.0,0.0,0.0,10968.896269716783
tubeBe25,"nTOF 5 ns, no veto, strict",13.0,oracle: no accidentals,"no MM loss, no dead time",False,147655042472.05704,0.001921989334662758,1.0,948.859800133156,0.0,239586.98922714833,32272.259756614054,47336.20504471373,0.0,0.0,0.0,10968.89626971678
tubeBe25,"nTOF 5 ns, no veto, strict",13.0,oracle: no accidentals,"no MM loss, no dead time",False,183469309133.68265,0.0017051942406302153,1.0,1445.7863256766777,0.0,297699.6833632863,40100.01353559762,58817.77344791672,0.0,0.0,0.0,10968.896269716783
tubeBe25,"nTOF 5 ns, no veto, strict",13.0,oracle: no accidentals,"no MM loss, no dead time",False,227970456209.51935,0.001513807067938727,1.0,2208.354812942885,0.0,369907.82245932793,49826.41741489942,73084.23795491392,0.0,0.0,0.0,10968.896269716779
tubeBe25,"nTOF 5 ns, no veto, strict",13.0,oracle: no accidentals,"no MM loss, no dead time",False,283265518084.60077,0.0013447379825904805,1.0,3379.929090764111,0.0,459630.30786843103,61911.99587002318,90811.08522715881,0.0,0.0,0.0,10968.89626971678
tubeBe25,"nTOF 5 ns, no veto, strict",13.0,oracle: no accidentals,"no MM loss, no dead time",False,351972597984.32916,0.001195308555922107,1.0,5181.580316991534,0.0,571115.3078804035,76928.97526009103,112837.64366841599,0.0,0.0,0.0,10968.89626971678
tubeBe25,"nTOF 5 ns, no veto, strict",13.0,oracle: no accidentals,"no MM loss, no dead time",False,437344829577.31195,0.0010631785832787212,1.0,7954.288624905698,0.0,709641.399428116,95588.37752528593,140206.8238342406,0.0,0.0,0.0,10968.896269716783
tubeBe25,"nTOF 5 ns, no veto, strict",13.0,oracle: no accidentals,"no MM loss, no dead time",False,543424405915.04004,0.0009462919146229524,1.0,12224.083797580368,0.0,881767.4974451035,118773.68555897938,174214.49802206483,0.0,0.0,0.0,10968.89626971678
tubeBe25,"nTOF 5 ns, no veto, strict",13.0,oracle: no accidentals,"no MM loss, no dead time",False,675233968650.1552,0.0008428361065707911,1.0,18802.59850529076,0.0,1095643.4054963267,147582.6742381053,216470.85706015342,0.0,0.0,0.0,10968.896269716783
tubeBe25,"nTOF 5 ns, no veto, strict",13.0,oracle: no accidentals,"no MM loss, no dead time",False,839014419404.4929,0.0007512115919664671,1.0,28942.291541698127,0.0,1361395.6915919606,183379.38772182938,268976.6494084923,0.0,0.0,0.0,10968.896269716783
tubeBe25,"nTOF 5 ns, no veto, strict",13.0,oracle: no accidentals,"no MM loss, no dead time",False,1042520413147.9036,0.000670007096583811,1.0,44576.072196914494,0.0,1691607.1595808691,227858.7240327318,334217.9123304094,0.0,0.0,0.0,10968.89626971678
tubeBe25,"nTOF 5 ns, no veto, strict",13.0,oracle: no accidentals,"no MM loss, no dead time",False,1295387524568.9966,0.0005979790400490864,1.0,68687.22738287016,0.0,2101912.6180714634,283126.68486265425,415283.6804538282,0.0,0.0,0.0,10968.89626971678
tubeBe25,"nTOF 5 ns, no veto, strict",13.0,oracle: no accidentals,"no MM loss, no dead time",False,1609588471982.2002,0.0005340335006942189,1.0,105880.51901042408,0.0,2611739.1552673955,351800.09026032017,516012.2449714224,0.0,0.0,0.0,10968.896269716783
tubeBe25,"nTOF 5 ns, no veto, strict",13.0,oracle: no accidentals,"no MM loss, no dead time",True,2000000000000.0002,0.0004772099408462049,1.0,163263.8644916166,0.0,3245225.970152547,437130.47947849694,641172.8885408283,0.0,0.0,0.0,10968.896269716783
tubeBe25,"nTOF 5 ns, no veto, strict",13.0,oracle: IPC only,MM occ + DREAM,False,1000000000.0,0.021046005995581277,0.9998593768901674,0.47195599823068357,0.0061251586976635965,1602.6313196404299,215.87371838662642,316.6385829309604,0.0,0.0,0.0,0.0
tubeBe25,"nTOF 5 ns, no veto, strict",13.0,oracle: IPC only,MM occ + DREAM,False,1242553630.827767,0.018908868385445893,0.9998216290578372,0.5986669933953781,0.007610838179178178,1985.372158731401,267.42873737347804,392.2582937367885,0.0,0.0,0.0,0.0
tubeBe25,"nTOF 5 ns, no veto, strict",13.0,oracle: IPC only,MM occ + DREAM,False,1543939525.4832668,0.016994966303846247,0.9997727467806786,0.7627680372018392,0.009456874613180438,2457.719920883254,331.0537686190923,485.58201967765524,0.0,0.0,0.0,0.0
tubeBe25,"nTOF 5 ns, no veto, strict",13.0,oracle: IPC only,MM occ + DREAM,False,1918427663.1677406,0.015281738959182514,0.9997089540512858,0.9769485943605815,0.011750673886890335,3039.6770997867443,409.4431390326656,600.5617372185828,0.0,0.0,0.0,0.0
tubeBe25,"nTOF 5 ns, no veto, strict",13.0,oracle: IPC only,MM occ + DREAM,False,2383749258.3495045,0.013749004682546773,0.9996249750063172,1.2589452691052752,0.014600842502828615,3755.1776338462128,505.8207393591644,741.9261748247104,0.0,0.0,0.0,0.0
tubeBe25,"nTOF 5 ns, no veto, strict",13.0,oracle: IPC only,MM occ + DREAM,False,2961936295.9451733,0.012378727015822419,0.9995133534642068,1.6338371676178303,0.018142329865034074,4632.559797595422,624.0037224404765,915.274244099171,0.0,0.0,0.0,0.0
tubeBe25,"nTOF 5 ns, no veto, strict",13.0,oracle: IPC only,MM occ + DREAM,False,3680364698.807223,0.011154807868908453,0.9993634362362162,2.137480655427982,0.022542817845473122,5704.910251516964,768.4488465714389,1127.1430151470693,0.0,0.0,0.0,0.0
tubeBe25,"nTOF 5 ns, no veto, strict",13.0,oracle: IPC only,MM occ + DREAM,False,4573050519.273255,0.010062906056698386,0.9991598467649944,2.8216767986276334,0.028010660162981607,7010.131563208817,944.2615705706224,1385.0210570151912,0.0,0.0,0.0,0.0
tubeBe25,"nTOF 5 ns, no veto, strict",13.0,oracle: IPC only,MM occ + DREAM,False,5682260526.681813,0.009090280173654458,0.9988801850325555,3.761981069838612,0.034804747487395635,8590.500500555569,1157.1365560690388,1697.2611678236174,0.0,0.0,0.0,0.0
tubeBe25,"nTOF 5 ns, no veto, strict",13.0,oracle: IPC only,MM occ + DREAM,False,7060513448.737786,0.008225655577179358,0.99849155245141,5.069551678271102,0.04324676536050705,10491.364201614328,1413.1820421798343,2072.822771588598,0.0,0.0,0.0,0.0
tubeBe25,"nTOF 5 ns, no veto, strict",13.0,oracle: IPC only,MM occ + DREAM,False,8773066621.237415,0.007459116344030427,0.9979452941223906,6.909182504375806,0.053736425320254536,12758.45960824068,1718.5587744125949,2520.7423074956564,0.0,0.0,0.0,0.0
tubeBe25,"nTOF 5 ns, no veto, strict",13.0,oracle: IPC only,MM occ + DREAM,False,10901005783.71244,0.006782024622655871,0.9971690442308984,9.526821584693426,0.06677039038938742,15433.13947011439,2078.836949561481,3049.190011517616,0.0,0.0,0.0,0.0
tubeBe25,"nTOF 5 ns, no veto, strict",13.0,oracle: IPC only,MM occ + DREAM,False,13545084316.226381,0.0061869721410028646,0.9960547133617523,13.291656300875406,0.08296579101012079,18544.56644564308,2497.944764605638,3663.9276722327504,0.0,0.0,0.0,0.0
tubeBe25,"nTOF 5 ns, no veto, strict",13.0,oracle: IPC only,MM occ + DREAM,False,16830493696.995401,0.005667772282516726,0.9944404254777377,18.76059124828855,0.10308944485412372,22097.758311562186,2976.5581118158793,4365.946672809169,0.0,0.0,0.0,0.0
tubeBe25,"nTOF 5 ns, no veto, strict",13.0,oracle: IPC only,MM occ + DREAM,False,20912791051.82548,0.005219507064225645,0.9920835708906504,26.777177984787468,0.12809416400351029,26056.37679911149,3509.7822427239425,5148.067509274004,0.0,0.0,0.0,0.0
tubeBe25,"nTOF 5 ns, no veto, strict",13.0,oracle: IPC only,MM occ + DREAM,False,25985264452.18819,0.004838653265307621,0.9886211401076411,38.62358597183355,0.15916386857040915,30319.63727586287,4084.0415126435823,5990.377739631286,0.0,0.0,0.0,0.0
tubeBe25,"nTOF 5 ns, no veto, strict",13.0,oracle: IPC only,MM occ + DREAM,False,32288084693.086143,0.004523329076710762,0.9835126156631325,56.254278995122746,0.19776964278875545,34694.18075493684,4673.290552955326,6854.674618900207,0.0,0.0,0.0,0.0
tubeBe25,"nTOF 5 ns, no veto, strict",13.0,oracle: IPC only,MM occ + DREAM,False,40119676867.86863,0.004273733136894423,0.9759607486398612,82.6556076540184,0.24573938771467851,38864.958199000204,5235.092399942217,7678.712589095959,0.0,0.0,0.0,0.0
tubeBe25,"nTOF 5 ns, no veto, strict",13.0,oracle: IPC only,MM occ + DREAM,False,49850850159.80715,0.0040929038876421535,0.9648085530537963,122.39952006285411,0.3053443684422675,42375.01964826429,5707.896099415775,8372.210132588949,0.0,0.0,0.0,0.0
tubeBe25,"nTOF 5 ns, no veto, strict",13.0,oracle: IPC only,MM occ + DREAM,False,61942354865.91934,0.003988033838907365,0.9484210749159467,182.4966207514893,0.37940675366075083,44632.9236487307,6012.034753370252,8818.313683879986,0.0,0.0,0.0,0.0
tubeBe25,"nTOF 5 ns, no veto, strict",13.0,oracle: IPC only,MM occ + DREAM,True,76966697940.67009,0.0039727839023059215,0.9245853918769934,273.71095952688205,0.47143323932174225,44976.23737712842,6058.278958268866,8886.143615273682,0.0,0.0,0.0,0.0
tubeBe25,"nTOF 5 ns, no veto, strict",13.0,oracle: IPC only,MM occ + DREAM,False,95635249979.00362,0.004071476382106949,0.8905108291752541,412.5871498446953,0.5857810832121263,42822.21874050097,5768.133616127925,8460.565130471809,0.0,0.0,0.0,0.0
tubeBe25,"nTOF 5 ns, no veto, strict",13.0,oracle: IPC only,MM occ + DREAM,False,118831927096.53207,0.004326980831779879,0.8430822981338272,624.5765929555644,0.7278644118154498,37914.30179361325,5107.039409448439,7490.88742096964,0.0,0.0,0.0,0.0
tubeBe25,"nTOF 5 ns, no veto, strict",13.0,oracle: IPC only,MM occ + DREAM,False,147655042472.05704,0.004816240311331181,0.7795689202595001,948.859800133156,0.9044105676516079,30602.486046192178,4122.141114868859,6046.261355983505,0.0,0.0,0.0,0.0
tubeBe25,"nTOF 5 ns, no veto, strict",13.0,oracle: IPC only,MM occ + DREAM,False,183469309133.68265,0.005682564434249415,0.6988880498679704,1445.7863256766777,1.1237786345945076,21982.86372148848,2961.081862177077,4343.246467377309,0.0,0.0,0.0,0.0
tubeBe25,"nTOF 5 ns, no veto, strict",13.0,oracle: IPC only,MM occ + DREAM,False,227970456209.51935,0.007207308769448324,0.6031036676360091,2208.354812942885,1.3963552226620757,13665.53846860613,1840.7418891797056,2699.95767751425,0.0,0.0,0.0,0.0
tubeBe25,"nTOF 5 ns, no veto, strict",13.0,oracle: IPC only,MM occ + DREAM,False,283265518084.60077,0.009981608963172257,0.49820177331953597,3379.929090764111,1.7350462518440772,7124.787259677495,959.7056413482078,1407.6740632368276,0.0,0.0,0.0,0.0
tubeBe25,"nTOF 5 ns, no veto, strict",13.0,oracle: IPC only,MM occ + DREAM,False,351972597984.32916,0.015356169426762418,0.3930646209069056,5181.580316991534,2.1558880198829664,3010.2822312720477,405.48366345647554,594.7540699167707,0.0,0.0,0.0,0.0
tubeBe25,"nTOF 5 ns, no veto, strict",13.0,oracle: IPC only,MM occ + DREAM,False,437344829577.31195,0.026748363250907365,0.29670262414694615,7954.288624905698,2.6788064867636754,992.1528413831229,133.64254177017168,196.0237928065466,0.0,0.0,0.0,0.0
tubeBe25,"nTOF 5 ns, no veto, strict",13.0,oracle: IPC only,MM occ + DREAM,False,543424405915.04004,0.053935402797063076,0.21538833463248913,12224.083797580368,3.3285607264131802,244.01984808119875,32.86936385172287,48.21202353688845,0.0,0.0,0.0,0.0
tubeBe25,"nTOF 5 ns, no veto, strict",13.0,oracle: IPC only,MM occ + DREAM,False,675233968650.1552,0.12936995481106306,0.1514423133938455,18802.59850529076,4.135915216035406,42.41369923878169,5.713106222872326,8.379852221308724,0.0,0.0,0.0,0.0
tubeBe25,"nTOF 5 ns, no veto, strict",13.0,oracle: IPC only,MM occ + DREAM,False,839014419404.4929,0.3820951074750617,0.10389823173808554,28942.291541698127,5.139096468480602,4.862169018417079,0.6549319812777916,0.9606390996450886,0.0,0.0,0.0,0.0
tubeBe25,"nTOF 5 ns, no veto, strict",13.0,oracle: IPC only,MM occ + DREAM,False,1042520413147.9036,1.452408487392696,0.07001002081238414,44576.072196914494,6.385602976084727,0.336508043124168,0.04532748215136578,0.06648530364651378,0.0,0.0,0.0,0.0
tubeBe25,"nTOF 5 ns, no veto, strict",13.0,oracle: IPC only,MM occ + DREAM,False,1295387524568.9966,7.517486482766039,0.0465792354789271,68687.22738287016,7.934454162958706,0.01256110059300067,0.0016919746037709384,0.0024817492601563167,0.0,0.0,0.0,0.0
tubeBe25,"nTOF 5 ns, no veto, strict",13.0,oracle: IPC only,MM occ + DREAM,False,1609588471982.2002,56.90046061715903,0.030719706193287274,105880.51901042408,9.858984828820832,0.00021925092846138573,2.9533001512349545e-05,4.331832433543513e-05,0.0,0.0,0.0,0.0
tubeBe25,"nTOF 5 ns, no veto, strict",13.0,oracle: IPC only,MM occ + DREAM,False,2000000000000.0002,688.9384335745508,0.020139919424278337,163263.8644916166,12.250317395327196,1.495588712472992e-06,2.0145512731590015e-07,2.95489726652314e-07,0.0,0.0,0.0,0.0
tubeBe25,"nTOF 5 ns, no veto, strict",13.0,oracle: IPC only,"MM occ ÷10, DAQ 10 µs",False,1000000000.0,0.020928883774009803,0.9999952804622918,0.47195599823068357,0.0006125158697663597,1620.6188010938126,218.29662405317953,320.19244498775214,0.0,0.0,0.0,0.0
tubeBe25,"nTOF 5 ns, no veto, strict",13.0,oracle: IPC only,"MM occ ÷10, DAQ 10 µs",False,1242553630.827767,0.01877817111452794,0.999994013365906,0.5986669933953781,0.0007610838179178179,2013.1049692890444,271.1643344899338,397.7375812859893,0.0,0.0,0.0,0.0
tubeBe25,"nTOF 5 ns, no veto, strict",13.0,oracle: IPC only,"MM occ ÷10, DAQ 10 µs",False,1543939525.4832668,0.01684908221879123,0.999992372377809,0.7627680372018392,0.0009456874613180438,2500.4634242885627,336.8112993149516,494.02703268962983,0.0,0.0,0.0,0.0
tubeBe25,"nTOF 5 ns, no veto, strict",13.0,oracle: IPC only,"MM occ ÷10, DAQ 10 µs",False,1918427663.1677406,0.015118850119437529,0.9999902306094983,0.9769485943605815,0.0011750673886890336,3105.528233635756,418.31325716261154,613.5722215706709,0.0,0.0,0.0,0.0
tubeBe25,"nTOF 5 ns, no veto, strict",13.0,oracle: IPC only,"MM occ ÷10, DAQ 10 µs",False,2383749258.3495045,0.013567054946910299,0.9999874107058013,1.2589452691052752,0.0014600842502828617,3856.5754960501145,519.4789858205663,761.9597751961768,0.0,0.0,0.0,0.0
tubeBe25,"nTOF 5 ns, no veto, strict",13.0,oracle: IPC only,"MM occ ÷10, DAQ 10 µs",False,2961936295.9451733,0.012175382993606255,0.9999836618952618,1.6338371676178303,0.0018142329865034074,4788.590972296379,645.0210515380297,946.101976868957,0.0,0.0,0.0,0.0
tubeBe25,"nTOF 5 ns, no veto, strict",13.0,oracle: IPC only,"MM occ ÷10, DAQ 10 µs",False,3680364698.807223,0.010927410659489226,0.9999786256503183,2.137480655427982,0.0022542817845473124,5944.816810617039,800.7641522462922,1174.5423589501927,0.0,0.0,0.0,0.0
tubeBe25,"nTOF 5 ns, no veto, strict",13.0,oracle: IPC only,"MM occ ÷10, DAQ 10 µs",False,4573050519.273255,0.009808410738754225,0.9999717840281772,2.8216767986276334,0.002801066016298161,7378.629723779593,993.8981071627647,1457.8267821659854,0.0,0.0,0.0,0.0
tubeBe25,"nTOF 5 ns, no veto, strict",13.0,oracle: IPC only,"MM occ ÷10, DAQ 10 µs",False,5682260526.681813,0.008805178774563596,0.9999623816044986,3.761981069838612,0.0034804747487395637,9155.80741930832,1233.2831439244562,1808.951223721876,0.0,0.0,0.0,0.0
tubeBe25,"nTOF 5 ns, no veto, strict",13.0,oracle: IPC only,"MM occ ÷10, DAQ 10 µs",False,7060513448.737786,0.007905877451021939,0.9999493070531225,5.069551678271102,0.004324676536050705,11357.241198889078,1529.8152845085094,2243.897716929805,0.0,0.0,0.0,0.0
tubeBe25,"nTOF 5 ns, no veto, strict",13.0,oracle: IPC only,"MM occ ÷10, DAQ 10 µs",False,8773066621.237415,0.007099897211910997,0.9999309129483068,6.909182504375806,0.005373642532025454,14082.147298419528,1896.8589112934985,2782.2688291135064,0.0,0.0,0.0,0.0
tubeBe25,"nTOF 5 ns, no veto, strict",13.0,oracle: IPC only,"MM occ ÷10, DAQ 10 µs",False,10901005783.71244,0.00637773149781652,0.9999047408593214,9.526821584693426,0.006677039038938743,17451.812658639235,2350.7513206796107,3448.0277292022047,0.0,0.0,0.0,0.0
tubeBe25,"nTOF 5 ns, no veto, strict",13.0,oracle: IPC only,"MM occ ÷10, DAQ 10 µs",False,13545084316.226381,0.00573086518090577,0.9998671011014559,13.291656300875406,0.008296579101012079,21613.874318917144,2911.3791555082685,4270.343685486749,0.0,0.0,0.0,0.0
tubeBe25,"nTOF 5 ns, no veto, strict",13.0,oracle: IPC only,"MM occ ÷10, DAQ 10 µs",False,16830493696.995401,0.005151674954013413,0.9998124292768938,18.76059124828855,0.010308944485412372,26747.062879336467,3602.817347272818,5284.529251293149,0.0,0.0,0.0,0.0
tubeBe25,"nTOF 5 ns, no veto, strict",13.0,oracle: IPC only,"MM occ ÷10, DAQ 10 µs",False,20912791051.82548,0.004633340603005487,0.9997322999026838,26.777177984787468,0.012809416400351029,33066.22003954831,4454.004976346774,6533.031601151401,0.0,0.0,0.0,0.0
tubeBe25,"nTOF 5 ns, no veto, strict",13.0,oracle: IPC only,"MM occ ÷10, DAQ 10 µs",False,25985264452.18819,0.004169766265265228,0.9996139132608252,38.62358597183355,0.015916386857040915,40827.198699371154,5499.405313332021,8066.400664196473,0.0,0.0,0.0,0.0
tubeBe25,"nTOF 5 ns, no veto, strict",13.0,oracle: IPC only,"MM occ ÷10, DAQ 10 µs",False,32288084693.086143,0.003755510961712228,0.9994377734865203,56.254278995122746,0.019776964278875545,50330.927934379,6779.553369443352,9944.09225842264,0.0,0.0,0.0,0.0
tubeBe25,"nTOF 5 ns, no veto, strict",13.0,oracle: IPC only,"MM occ ÷10, DAQ 10 µs",False,40119676867.86863,0.0033857278982115744,0.9991741265541749,82.6556076540184,0.02457393877146785,61925.411487861544,8341.325092477213,12234.862941111365,0.0,0.0,0.0,0.0
tubeBe25,"nTOF 5 ns, no veto, strict",13.0,oracle: IPC only,"MM occ ÷10, DAQ 10 µs",False,49850850159.80715,0.0030561122843782706,0.9987775011321185,122.39952006285411,0.03053443684422675,76003.63999315923,10237.656144098664,15016.35751785273,0.0,0.0,0.0,0.0
tubeBe25,"nTOF 5 ns, no veto, strict",13.0,oracle: IPC only,"MM occ ÷10, DAQ 10 µs",False,61942354865.91934,0.0027628577444042983,0.9981783582271627,182.4966207514893,0.03794067536607509,92994.22014031117,12526.279652800968,18373.257607747477,0.0,0.0,0.0,0.0
tubeBe25,"nTOF 5 ns, no veto, strict",13.0,oracle: IPC only,"MM occ ÷10, DAQ 10 µs",False,76966697940.67009,0.0025026218446376467,0.9972703617238484,273.71095952688205,0.04714332393217423,113339.82641634293,15266.823673008106,22393.024263474224,0.0,0.0,0.0,0.0
tubeBe25,"nTOF 5 ns, no veto, strict",13.0,oracle: IPC only,"MM occ ÷10, DAQ 10 µs",False,95635249979.00362,0.0022725019159583622,0.9958910813718106,412.5871498446953,0.05857810832121263,137456.24925463783,18515.294989202604,27157.806942621428,0.0,0.0,0.0,0.0
tubeBe25,"nTOF 5 ns, no veto, strict",13.0,oracle: IPC only,"MM occ ÷10, DAQ 10 µs",False,118831927096.53207,0.002070023337679329,0.993793001530013,624.5765929555644,0.07278644118154498,165661.8556518075,22314.577492724842,32730.50674628683,0.0,0.0,0.0,0.0
tubeBe25,"nTOF 5 ns, no veto, strict",13.0,oracle: IPC only,"MM occ ÷10, DAQ 10 µs",False,147655042472.05704,0.0018931439964832136,0.9906005892289246,948.859800133156,0.09044105676516079,198064.0741516479,26679.141760135914,39132.34878186537,0.0,0.0,0.0,0.0
tubeBe25,"nTOF 5 ns, no veto, strict",13.0,oracle: IPC only,"MM occ ÷10, DAQ 10 µs",False,183469309133.68265,0.0017402811202015733,0.9857481874995262,1445.7863256766777,0.11237786345945076,234387.36028828667,31571.872075737694,46308.8925750327,0.0,0.0,0.0,0.0
tubeBe25,"nTOF 5 ns, no veto, strict",13.0,oracle: IPC only,"MM occ ÷10, DAQ 10 µs",False,227970456209.51935,0.0016103707758503552,0.9783935978914394,2208.354812942885,0.13963552226620757,273729.273083928,36871.21004546049,54081.83908165669,0.0,0.0,0.0,0.0
tubeBe25,"nTOF 5 ns, no veto, strict",13.0,oracle: IPC only,"MM occ ÷10, DAQ 10 µs",False,283265518084.60077,0.0015029771909983827,0.9673057515081418,3379.929090764111,0.17350462518440773,314244.89099753054,42328.645567002364,62086.679424857815,0.0,0.0,0.0,0.0
tubeBe25,"nTOF 5 ns, no veto, strict",13.0,oracle: IPC only,"MM occ ÷10, DAQ 10 µs",False,351972597984.32916,0.0014184808436097328,0.9507368086562731,5181.580316991534,0.21558880198829666,352797.95181290613,47521.72552956552,69703.76914139382,0.0,0.0,0.0,0.0
tubeBe25,"nTOF 5 ns, no veto, strict",13.0,oracle: IPC only,"MM occ ÷10, DAQ 10 µs",False,437344829577.31195,0.001358394981154951,0.9263179932337529,7954.288624905698,0.26788064867636757,384698.832836949,51818.75986433354,76006.5598318743,0.0,0.0,0.0,0.0
tubeBe25,"nTOF 5 ns, no veto, strict",13.0,oracle: IPC only,"MM occ ÷10, DAQ 10 µs",True,543424405915.04004,0.0013258977979091306,0.8910743275068382,12224.083797580368,0.33285607264131806,403787.533710194,54389.99929175343,79777.99442224119,0.0,0.0,0.0,0.0
tubeBe25,"nTOF 5 ns, no veto, strict",13.0,oracle: IPC only,"MM occ ÷10, DAQ 10 µs",False,675233968650.1552,0.0013267386273892227,0.8417324305877586,18802.59850529076,0.4135915216035406,403275.8897893563,54321.08108559611,79676.90678962482,0.0,0.0,0.0,0.0
tubeBe25,"nTOF 5 ns, no veto, strict",13.0,oracle: IPC only,"MM occ ÷10, DAQ 10 µs",False,839014419404.4929,0.0013708190548125882,0.7755407384524525,28942.291541698127,0.5139096468480603,377757.19075834786,50883.723796554135,74635.0705292221,0.0,0.0,0.0,0.0
tubeBe25,"nTOF 5 ns, no veto, strict",13.0,oracle: IPC only,"MM occ ÷10, DAQ 10 µs",False,1042520413147.9036,0.0014750548499461533,0.6916773881074781,44576.072196914494,0.6385602976084728,326254.6164504467,43946.35018724228,64459.49118898485,0.0,0.0,0.0,0.0
tubeBe25,"nTOF 5 ns, no veto, strict",13.0,oracle: IPC only,"MM occ ÷10, DAQ 10 µs",False,1295387524568.9966,0.0016688190165916736,0.5928131106988292,68687.22738287016,0.7934454162958706,254891.01418570857,34333.70503950506,50359.88536134812,0.0,0.0,0.0,0.0
tubeBe25,"nTOF 5 ns, no veto, strict",13.0,oracle: IPC only,"MM occ ÷10, DAQ 10 µs",False,1609588471982.2002,0.002004931322046031,0.4857186123323151,105880.51901042408,0.9858984828820833,176593.21123076972,23787.02617566111,34890.260457336,0.0,0.0,0.0,0.0
tubeBe25,"nTOF 5 ns, no veto, strict",13.0,oracle: IPC only,"MM occ ÷10, DAQ 10 µs",False,2000000000000.0002,0.0025833555454537315,0.3798470412683029,163263.8644916166,1.2250317395327197,106366.44427215726,14327.512232661355,21015.263943111575,0.0,0.0,0.0,0.0
tubeBe25,"nTOF 5 ns, no veto, strict",13.0,oracle: IPC only,"no MM loss, DREAM",False,1000000000.0,0.020917489861565233,0.9998593768901674,0.47195599823068357,0.0,1622.384808192257,218.53450441553503,320.5413624076505,0.0,0.0,0.0,0.0
tubeBe25,"nTOF 5 ns, no veto, strict",13.0,oracle: IPC only,"no MM loss, DREAM",False,1242553630.827767,0.018765502308058225,0.9998216290578372,0.5986669933953781,0.0,2015.8240274565044,271.5305904028975,398.2747969977379,0.0,0.0,0.0,0.0
tubeBe25,"nTOF 5 ns, no veto, strict",13.0,oracle: IPC only,"no MM loss, DREAM",False,1543939525.4832668,0.016835004599491873,0.9997727467806786,0.7627680372018392,0.0,2504.6470037473264,337.37482558756426,494.85360000749523,0.0,0.0,0.0,0.0
tubeBe25,"nTOF 5 ns, no veto, strict",13.0,oracle: IPC only,"no MM loss, DREAM",False,1918427663.1677406,0.015103219146438033,0.9997089540512858,0.9769485943605815,0.0,3111.959650252911,419.17956609007615,614.8429034916704,0.0,0.0,0.0,0.0
tubeBe25,"nTOF 5 ns, no veto, strict",13.0,oracle: IPC only,"no MM loss, DREAM",False,2383749258.3495045,0.013549716061913688,0.9996249750063172,1.2589452691052752,0.0,3866.4519396533015,520.8093383345396,763.9111055293516,0.0,0.0,0.0,0.0
tubeBe25,"nTOF 5 ns, no veto, strict",13.0,oracle: IPC only,"no MM loss, DREAM",False,2961936295.9451733,0.012156172995545509,0.9995133534642068,1.6338371676178303,0.0,4803.73743438975,647.0612731738028,949.0945268303155,0.0,0.0,0.0,0.0
tubeBe25,"nTOF 5 ns, no veto, strict",13.0,oracle: IPC only,"no MM loss, DREAM",False,3680364698.807223,0.01090616020619915,0.9993634362362162,2.137480655427982,0.0,5968.006113810241,803.8877409630248,1179.1239667175355,0.0,0.0,0.0,0.0
tubeBe25,"nTOF 5 ns, no veto, strict",13.0,oracle: IPC only,"no MM loss, DREAM",False,4573050519.273255,0.00978494847604582,0.9991598467649944,2.8216767986276334,0.0,7414.056972364875,998.6701416229599,1464.8262920668049,0.0,0.0,0.0,0.0
tubeBe25,"nTOF 5 ns, no veto, strict",13.0,oracle: IPC only,"no MM loss, DREAM",False,5682260526.681813,0.008779337791403455,0.9988801850325555,3.761981069838612,0.0,9209.784898319715,1240.5538860848799,1819.6157803512745,0.0,0.0,0.0,0.0
tubeBe25,"nTOF 5 ns, no veto, strict",13.0,oracle: IPC only,"no MM loss, DREAM",False,7060513448.737786,0.00787750503291641,0.99849155245141,5.069551678271102,0.0,11439.19930284449,1540.8550042718439,2260.090522834766,0.0,0.0,0.0,0.0
tubeBe25,"nTOF 5 ns, no veto, strict",13.0,oracle: IPC only,"no MM loss, DREAM",False,8773066621.237415,0.007068869239891507,0.9979452941223906,6.909182504375806,0.0,14206.042480789978,1913.5475366689836,2806.747319267158,0.0,0.0,0.0,0.0
tubeBe25,"nTOF 5 ns, no veto, strict",13.0,oracle: IPC only,"no MM loss, DREAM",False,10901005783.71244,0.006343973352490675,0.9971690442308984,9.526821584693426,0.0,17638.039267986802,2375.8359612514755,3484.8213004779004,0.0,0.0,0.0,0.0
tubeBe25,"nTOF 5 ns, no veto, strict",13.0,oracle: IPC only,"no MM loss, DREAM",False,13545084316.226381,0.0056943817035051,0.9960547133617523,13.291656300875406,0.0,21891.718490454732,2948.804640525824,4325.238522292399,0.0,0.0,0.0,0.0
tubeBe25,"nTOF 5 ns, no veto, strict",13.0,oracle: IPC only,"no MM loss, DREAM",False,16830493696.995401,0.005112592940027565,0.9944404254777377,18.76059124828855,0.0,27157.5490979653,3658.1096564121112,5365.630732954249,0.0,0.0,0.0,0.0
tubeBe25,"nTOF 5 ns, no veto, strict",13.0,oracle: IPC only,"no MM loss, DREAM",False,20912791051.82548,0.0045919685094306245,0.9920835708906504,26.777177984787468,0.0,33664.735226005585,4534.624702935162,6651.282753602992,0.0,0.0,0.0,0.0
tubeBe25,"nTOF 5 ns, no veto, strict",13.0,oracle: IPC only,"no MM loss, DREAM",False,25985264452.18819,0.004126677329497309,0.9886211401076411,38.62358597183355,0.0,41684.248959105134,5614.849598081499,8235.73167402827,0.0,0.0,0.0,0.0
tubeBe25,"nTOF 5 ns, no veto, strict",13.0,oracle: IPC only,"no MM loss, DREAM",False,32288084693.086143,0.003711657719005568,0.9835126156631325,56.254278995122746,0.0,51527.27385375433,6940.700627036048,10180.45933297303,0.0,0.0,0.0,0.0
tubeBe25,"nTOF 5 ns, no veto, strict",13.0,oracle: IPC only,"no MM loss, DREAM",False,40119676867.86863,0.0033425979317214245,0.9759607486398612,82.6556076540184,0.0,63533.784422581484,8557.97220383424,12552.635918984088,0.0,0.0,0.0,0.0
tubeBe25,"nTOF 5 ns, no veto, strict",13.0,oracle: IPC only,"no MM loss, DREAM",False,49850850159.80715,0.003015936352565776,0.9648085530537963,122.39952006285411,0.0,78042.04861637554,10512.228869398825,15419.09444803719,0.0,0.0,0.0,0.0
tubeBe25,"nTOF 5 ns, no veto, strict",13.0,oracle: IPC only,"no MM loss, DREAM",False,61942354865.91934,0.002728880859534036,0.9484210749159467,182.4966207514893,0.0,95324.3505216735,12840.14716779699,18833.631227654325,0.0,0.0,0.0,0.0
tubeBe25,"nTOF 5 ns, no veto, strict",13.0,oracle: IPC only,"no MM loss, DREAM",False,76966697940.67009,0.002479442767645916,0.9245853918769934,273.71095952688205,0.0,115468.84700225634,15553.601788954273,22813.663778684568,0.0,0.0,0.0,0.0
tubeBe25,"nTOF 5 ns, no veto, strict",13.0,oracle: IPC only,"no MM loss, DREAM",False,95635249979.00362,0.0022664723636304034,0.8905108291752541,412.5871498446953,0.0,138188.57857757588,18613.93941982666,27302.496314538814,0.0,0.0,0.0,0.0
tubeBe25,"nTOF 5 ns, no veto, strict",13.0,oracle: IPC only,"no MM loss, DREAM",False,118831927096.53207,0.0020896688731131554,0.8430822981338272,624.5765929555644,0.0,162561.63474088823,21896.97912954654,32117.983114696584,0.0,0.0,0.0,0.0
tubeBe25,"nTOF 5 ns, no veto, strict",13.0,oracle: IPC only,"no MM loss, DREAM",False,147655042472.05704,0.0019495197060388674,0.7795689202595001,948.859800133156,0.0,186774.5705000325,25158.450692797735,36901.83425588978,0.0,0.0,0.0,0.0
tubeBe25,"nTOF 5 ns, no veto, strict",13.0,oracle: IPC only,"no MM loss, DREAM",False,183469309133.68265,0.001847113187509583,0.6988880498679704,1445.7863256766777,0.0,208058.75115207947,28025.42025957304,41107.0389825906,0.0,0.0,0.0,0.0
tubeBe25,"nTOF 5 ns, no veto, strict",13.0,oracle: IPC only,"no MM loss, DREAM",False,227970456209.51935,0.0017837901447199074,0.6031036676360091,2208.354812942885,0.0,223092.76441247045,30050.495088088563,44077.37195699141,0.0,0.0,0.0,0.0
tubeBe25,"nTOF 5 ns, no veto, strict",13.0,oracle: IPC only,"no MM loss, DREAM",True,283265518084.60077,0.0017606763838706584,0.49820177331953597,3379.929090764111,0.0,228988.63445145657,30844.666132197333,45242.243697242026,0.0,0.0,0.0,0.0
tubeBe25,"nTOF 5 ns, no veto, strict",13.0,oracle: IPC only,"no MM loss, DREAM",False,351972597984.32916,0.0017782492101453685,0.3930646209069056,5181.580316991534,0.0,224485.22198614143,30238.0584973644,44352.48563255443,0.0,0.0,0.0,0.0
tubeBe25,"nTOF 5 ns, no veto, strict",13.0,oracle: IPC only,"no MM loss, DREAM",False,437344829577.31195,0.0018361423058441643,0.29670262414694615,7954.288624905698,0.0,210552.4654136332,28361.32244970131,41599.732554927796,0.0,0.0,0.0,0.0
tubeBe25,"nTOF 5 ns, no veto, strict",13.0,oracle: IPC only,"no MM loss, DREAM",False,543424405915.04004,0.0019332960797053514,0.21538833463248913,12224.083797580368,0.0,189922.43280775845,25582.466330711493,37523.77059780761,0.0,0.0,0.0,0.0
tubeBe25,"nTOF 5 ns, no veto, strict",13.0,oracle: IPC only,"no MM loss, DREAM",False,675233968650.1552,0.002068370192614991,0.1514423133938455,18802.59850529076,0.0,165926.77198307493,22350.261603468956,32782.84737553809,0.0,0.0,0.0,0.0
tubeBe25,"nTOF 5 ns, no veto, strict",13.0,oracle: IPC only,"no MM loss, DREAM",False,839014419404.4929,0.0022402177737944127,0.10389823173808554,28942.291541698127,0.0,141446.60505225274,19052.794121510862,27946.19825237732,0.0,0.0,0.0,0.0
tubeBe25,"nTOF 5 ns, no veto, strict",13.0,oracle: IPC only,"no MM loss, DREAM",False,1042520413147.9036,0.002448254954091651,0.07001002081238414,44576.072196914494,0.0,118429.45244863466,15952.394011814848,23398.602998123533,0.0,0.0,0.0,0.0
tubeBe25,"nTOF 5 ns, no veto, strict",13.0,oracle: IPC only,"no MM loss, DREAM",False,1295387524568.9966,0.0026926691582648825,0.0465792354789271,68687.22738287016,0.0,97905.48279327886,13187.82452458556,19343.59634241438,0.0,0.0,0.0,0.0
tubeBe25,"nTOF 5 ns, no veto, strict",13.0,oracle: IPC only,"no MM loss, DREAM",False,1609588471982.2002,0.0029744938392811853,0.030719706193287274,105880.51901042408,0.0,80231.85950331867,10807.195411568979,15851.744557660677,0.0,0.0,0.0,0.0
tubeBe25,"nTOF 5 ns, no veto, strict",13.0,oracle: IPC only,"no MM loss, DREAM",False,2000000000000.0002,0.0032956051049262587,0.020139919424278337,163263.8644916166,0.0,65358.58955244779,8803.772634593084,12913.170312244078,0.0,0.0,0.0,0.0
tubeBe25,"nTOF 5 ns, no veto, strict",13.0,oracle: IPC only,"no MM loss, no dead time",False,1000000000.0,0.020916019068619427,1.0,0.47195599823068357,0.0,1622.6129850762727,218.56523973924845,320.586444270414,0.0,0.0,0.0,0.0
tubeBe25,"nTOF 5 ns, no veto, strict",13.0,oracle: IPC only,"no MM loss, no dead time",False,1242553630.827767,0.018763828623257275,1.0,0.5986669933953781,0.0,2016.183656034804,271.57903221074446,398.34585032236646,0.0,0.0,0.0,0.0
tubeBe25,"nTOF 5 ns, no veto, strict",13.0,oracle: IPC only,"no MM loss, no dead time",False,1543939525.4832668,0.016833091586304832,1.0,0.7627680372018392,0.0,2505.216322221648,337.4515125301517,494.9660826432308,0.0,0.0,0.0,0.0
tubeBe25,"nTOF 5 ns, no veto, strict",13.0,oracle: IPC only,"no MM loss, no dead time",False,1918427663.1677406,0.015101021121122243,1.0,0.9769485943605815,0.0,3112.865637185506,419.3016021226632,615.0219031249453,0.0,0.0,0.0,0.0
tubeBe25,"nTOF 5 ns, no veto, strict",13.0,oracle: IPC only,"no MM loss, no dead time",False,2383749258.3495045,0.013547175082568388,1.0,1.2589452691052752,0.0,3867.9024997638426,521.0047281294152,764.1976987665042,0.0,0.0,0.0,0.0
tubeBe25,"nTOF 5 ns, no veto, strict",13.0,oracle: IPC only,"no MM loss, no dead time",False,2961936295.9451733,0.012153214755859041,1.0,1.6338371676178303,0.0,4806.076294769357,647.3763166156382,949.5566252725439,0.0,0.0,0.0,0.0
tubeBe25,"nTOF 5 ns, no veto, strict",13.0,oracle: IPC only,"no MM loss, no dead time",False,3680364698.807223,0.010902688420413299,1.0,2.137480655427982,0.0,5971.807550100924,804.3997927226673,1179.8750324089606,0.0,0.0,0.0,0.0
tubeBe25,"nTOF 5 ns, no veto, strict",13.0,oracle: IPC only,"no MM loss, no dead time",False,4573050519.273255,0.009780837184277339,1.0,2.8216767986276334,0.0,7420.291153982578,999.5098830846537,1466.0580054427835,0.0,0.0,0.0,0.0
tubeBe25,"nTOF 5 ns, no veto, strict",13.0,oracle: IPC only,"no MM loss, no dead time",False,5682260526.681813,0.008774420797555514,1.0,3.761981069838612,0.0,9220.109715180251,1241.9446342750787,1821.6556976670524,0.0,0.0,0.0,0.0
tubeBe25,"nTOF 5 ns, no veto, strict",13.0,oracle: IPC only,"no MM loss, no dead time",False,7060513448.737786,0.007871561389073807,1.0,5.069551678271102,0.0,11456.480803227592,1543.182814605562,2263.504901254285,0.0,0.0,0.0,0.0
tubeBe25,"nTOF 5 ns, no veto, strict",13.0,oracle: IPC only,"no MM loss, no dead time",False,8773066621.237415,0.007061603282033105,1.0,6.909182504375806,0.0,14235.291818559055,1917.4874093191538,2812.526233449958,0.0,0.0,0.0,0.0
tubeBe25,"nTOF 5 ns, no veto, strict",13.0,oracle: IPC only,"no MM loss, no dead time",False,10901005783.71244,0.0063349872341766965,1.0,9.526821584693426,0.0,17688.11353504336,2382.5809425160433,3494.71468317159,0.0,0.0,0.0,0.0
tubeBe25,"nTOF 5 ns, no veto, strict",13.0,oracle: IPC only,"no MM loss, no dead time",False,13545084316.226381,0.0056831376182360765,1.0,13.291656300875406,0.0,21978.4296954619,2960.484600864353,4342.370418281968,0.0,0.0,0.0,0.0
tubeBe25,"nTOF 5 ns, no veto, strict",13.0,oracle: IPC only,"no MM loss, no dead time",False,16830493696.995401,0.005098361211142594,1.0,18.76059124828855,0.0,27309.377617989103,3678.5608898137093,5395.628129635369,0.0,0.0,0.0,0.0
tubeBe25,"nTOF 5 ns, no veto, strict",13.0,oracle: IPC only,"no MM loss, no dead time",False,20912791051.82548,0.004573756397500575,1.0,26.777177984787468,0.0,33933.36631487891,4570.809189859046,6704.357323074863,0.0,0.0,0.0,0.0
tubeBe25,"nTOF 5 ns, no veto, strict",13.0,oracle: IPC only,"no MM loss, no dead time",False,25985264452.18819,0.004103131715728165,1.0,38.62358597183355,0.0,42164.02752076145,5679.475554680283,8330.523534153399,0.0,0.0,0.0,0.0
tubeBe25,"nTOF 5 ns, no veto, strict",13.0,oracle: IPC only,"no MM loss, no dead time",False,32288084693.086143,0.003680932785535879,1.0,56.254278995122746,0.0,52391.06548624404,7057.052971665531,10351.122264058471,0.0,0.0,0.0,0.0
tubeBe25,"nTOF 5 ns, no veto, strict",13.0,oracle: IPC only,"no MM loss, no dead time",False,40119676867.86863,0.0033021767543302974,1.0,82.6556076540184,0.0,65098.70864286781,8768.766792886889,12861.824552347984,0.0,0.0,0.0,0.0
tubeBe25,"nTOF 5 ns, no veto, strict",13.0,oracle: IPC only,"no MM loss, no dead time",False,49850850159.80715,0.002962393488869934,1.0,122.39952006285411,0.0,80888.63678639467,10895.6630163836,15981.506796589774,0.0,0.0,0.0,0.0
tubeBe25,"nTOF 5 ns, no veto, strict",13.0,oracle: IPC only,"no MM loss, no dead time",False,61942354865.91934,0.002657572818108817,1.0,182.4966207514893,0.0,100508.46933164318,13538.445641283262,19857.87929620126,0.0,0.0,0.0,0.0
tubeBe25,"nTOF 5 ns, no veto, strict",13.0,oracle: IPC only,"no MM loss, no dead time",False,76966697940.67009,0.002384117204580089,1.0,273.71095952688205,0.0,124887.16349697452,16822.24478734087,24674.480020034418,0.0,0.0,0.0,0.0
tubeBe25,"nTOF 5 ns, no veto, strict",13.0,oracle: IPC only,"no MM loss, no dead time",False,95635249979.00362,0.0021387992857406007,1.0,412.5871498446953,0.0,155178.99844694664,20902.541339183877,30659.364737680953,0.0,0.0,0.0,0.0
tubeBe25,"nTOF 5 ns, no veto, strict",13.0,oracle: IPC only,"no MM loss, no dead time",False,118831927096.53207,0.0019187237841732686,1.0,624.5765929555644,0.0,192818.22794846995,25972.528634530423,38095.90497367829,0.0,0.0,0.0,0.0
tubeBe25,"nTOF 5 ns, no veto, strict",13.0,oracle: IPC only,"no MM loss, no dead time",False,147655042472.05704,0.0017212933371059135,1.0,948.859800133156,0.0,239586.98922714833,32272.259756614054,47336.20504471373,0.0,0.0,0.0,0.0
tubeBe25,"nTOF 5 ns, no veto, strict",13.0,oracle: IPC only,"no MM loss, no dead time",False,183469309133.68265,0.0015441778419616752,1.0,1445.7863256766777,0.0,297699.6833632863,40100.01353559762,58817.77344791672,0.0,0.0,0.0,0.0
tubeBe25,"nTOF 5 ns, no veto, strict",13.0,oracle: IPC only,"no MM loss, no dead time",False,227970456209.51935,0.001385286956152724,1.0,2208.354812942885,0.0,369907.82245932793,49826.41741489942,73084.23795491392,0.0,0.0,0.0,0.0
tubeBe25,"nTOF 5 ns, no veto, strict",13.0,oracle: IPC only,"no MM loss, no dead time",False,283265518084.60077,0.0012427454265559316,1.0,3379.929090764111,0.0,459630.30786843103,61911.99587002318,90811.08522715881,0.0,0.0,0.0,0.0
tubeBe25,"nTOF 5 ns, no veto, strict",13.0,oracle: IPC only,"no MM loss, no dead time",False,351972597984.32916,0.001114870957505367,1.0,5181.580316991534,0.0,571115.3078804035,76928.97526009103,112837.64366841599,0.0,0.0,0.0,0.0
tubeBe25,"nTOF 5 ns, no veto, strict",13.0,oracle: IPC only,"no MM loss, no dead time",False,437344829577.31195,0.0010001543560965124,1.0,7954.288624905698,0.0,709641.399428116,95588.37752528593,140206.8238342406,0.0,0.0,0.0,0.0
tubeBe25,"nTOF 5 ns, no veto, strict",13.0,oracle: IPC only,"no MM loss, no dead time",False,543424405915.04004,0.0008972417204741968,1.0,12224.083797580368,0.0,881767.4974451035,118773.68555897938,174214.49802206483,0.0,0.0,0.0,0.0
tubeBe25,"nTOF 5 ns, no veto, strict",13.0,oracle: IPC only,"no MM loss, no dead time",False,675233968650.1552,0.0008049184608878634,1.0,18802.59850529076,0.0,1095643.4054963267,147582.6742381053,216470.85706015342,0.0,0.0,0.0,0.0
tubeBe25,"nTOF 5 ns, no veto, strict",13.0,oracle: IPC only,"no MM loss, no dead time",False,839014419404.4929,0.0007220949649283711,1.0,28942.291541698127,0.0,1361395.6915919606,183379.38772182938,268976.6494084923,0.0,0.0,0.0,0.0
tubeBe25,"nTOF 5 ns, no veto, strict",13.0,oracle: IPC only,"no MM loss, no dead time",False,1042520413147.9036,0.0006477937377653796,1.0,44576.072196914494,0.0,1691607.1595808691,227858.7240327318,334217.9123304094,0.0,0.0,0.0,0.0
tubeBe25,"nTOF 5 ns, no veto, strict",13.0,oracle: IPC only,"no MM loss, no dead time",False,1295387524568.9966,0.0005811378656125474,1.0,68687.22738287016,0.0,2101912.6180714634,283126.68486265425,415283.6804538282,0.0,0.0,0.0,0.0
tubeBe25,"nTOF 5 ns, no veto, strict",13.0,oracle: IPC only,"no MM loss, no dead time",False,1609588471982.2002,0.0005213406662647065,1.0,105880.51901042408,0.0,2611739.1552673955,351800.09026032017,516012.2449714224,0.0,0.0,0.0,0.0
tubeBe25,"nTOF 5 ns, no veto, strict",13.0,oracle: IPC only,"no MM loss, no dead time",True,2000000000000.0002,0.00046769640456114845,1.0,163263.8644916166,0.0,3245225.970152547,437130.47947849694,641172.8885408283,0.0,0.0,0.0,0.0
