scenario,I_uA,days,cosmics,g1_leak,N_g0,B_ipc,B_ipc_g1,B_cosmic,S_at_ATOMKI,R_3sigma
"ATOMKI 2022, on 17.64",0.8,1,no veto,1.0,809442719.5543386,2665.7285577814114,1164.2722374291027,18000.0,1.5669682321024503,0.0016406499595525178
"ATOMKI 2022, on 17.64",0.8,1,MM segments + collinearity (ILL §10),1.0,809442719.5543386,2665.7285577814114,1164.2722374291027,200.0,1.5669682321024503,0.0007049229050205256
"ATOMKI 2022, on 17.64",0.8,1,+ point-vertex cut (est. /25),1.0,809442719.5543386,2665.7285577814114,1164.2722374291027,8.0,1.5669682321024503,0.0006879257826098352
"ATOMKI 2022, on 17.64",0.8,1,"+ CN pulsed beam, 2 ns in 333 ns (est.)",1.0,809442719.5543386,2665.7285577814114,1164.2722374291027,0.14414414414414414,1.5669682321024503,0.000687221377589401
"ATOMKI 2022, on 17.64",0.8,7,no veto,1.0,5666099036.88037,18660.09990446988,8149.90566200372,126000.0,10.968777624717154,0.0006201073973548773
"ATOMKI 2022, on 17.64",0.8,7,MM segments + collinearity (ILL §10),1.0,5666099036.88037,18660.09990446988,8149.90566200372,1400.0,10.968777624717154,0.00026643581430821643
"ATOMKI 2022, on 17.64",0.8,7,+ point-vertex cut (est. /25),1.0,5666099036.88037,18660.09990446988,8149.90566200372,56.0,10.968777624717154,0.00026001150589358656
"ATOMKI 2022, on 17.64",0.8,7,"+ CN pulsed beam, 2 ns in 333 ns (est.)",1.0,5666099036.88037,18660.09990446988,8149.90566200372,1.009009009009009,10.968777624717154,0.00025974526582125306
"ATOMKI 2022, on 17.64",0.8,30,no veto,1.0,24283281586.630157,79971.85673344234,34928.167122873085,540000.0,47.009046963073516,0.0002995403306056174
"ATOMKI 2022, on 17.64",0.8,30,MM segments + collinearity (ILL §10),1.0,24283281586.630157,79971.85673344234,34928.167122873085,6000.0,47.009046963073516,0.0001287007254606045
"ATOMKI 2022, on 17.64",0.8,30,+ point-vertex cut (est. /25),1.0,24283281586.630157,79971.85673344234,34928.167122873085,240.0,47.009046963073516,0.00012559748967493393
"ATOMKI 2022, on 17.64",0.8,30,"+ CN pulsed beam, 2 ns in 333 ns (est.)",1.0,24283281586.630157,79971.85673344234,34928.167122873085,4.324324324324325,47.009046963073516,0.00012546888350183004
"ATOMKI 2022, on 17.64",1.0,1,no veto,1.0,1011803399.4429232,3332.1606972267646,1455.3402967863785,18000.0,1.9587102901280629,0.001340995726009372
"ATOMKI 2022, on 17.64",1.0,1,MM segments + collinearity (ILL §10),1.0,1011803399.4429232,3332.1606972267646,1455.3402967863785,200.0,1.9587102901280629,0.0006273653680359299
"ATOMKI 2022, on 17.64",1.0,1,+ point-vertex cut (est. /25),1.0,1011803399.4429232,3332.1606972267646,1455.3402967863785,8.0,1.9587102901280629,0.0006151712578129728
"ATOMKI 2022, on 17.64",1.0,1,"+ CN pulsed beam, 2 ns in 333 ns (est.)",1.0,1011803399.4429232,3332.1606972267646,1455.3402967863785,0.14414414414414414,1.9587102901280629,0.000614667173093348
"ATOMKI 2022, on 17.64",1.0,7,no veto,1.0,7082623796.100463,23325.124880587355,10187.38207750465,126000.0,13.710972030896441,0.0005068487428887583
"ATOMKI 2022, on 17.64",1.0,7,MM segments + collinearity (ILL §10),1.0,7082623796.100463,23325.124880587355,10187.38207750465,1400.0,13.710972030896441,0.0002371218207139401
"ATOMKI 2022, on 17.64",1.0,7,+ point-vertex cut (est. /25),1.0,7082623796.100463,23325.124880587355,10187.38207750465,56.0,13.710972030896441,0.0002325128802697038
"ATOMKI 2022, on 17.64",1.0,7,"+ CN pulsed beam, 2 ns in 333 ns (est.)",1.0,7082623796.100463,23325.124880587355,10187.38207750465,1.009009009009009,13.710972030896441,0.00023232235415429874
"ATOMKI 2022, on 17.64",1.0,30,no veto,1.0,30354101983.2877,99964.82091680296,43660.20890359136,540000.0,58.7613087038419,0.00024483120288445006
"ATOMKI 2022, on 17.64",1.0,30,MM segments + collinearity (ILL §10),1.0,30354101983.2877,99964.82091680296,43660.20890359136,6000.0,58.7613087038419,0.00011454072129026975
"ATOMKI 2022, on 17.64",1.0,30,+ point-vertex cut (est. /25),1.0,30354101983.2877,99964.82091680296,43660.20890359136,240.0,58.7613087038419,0.00011231439154433048
"ATOMKI 2022, on 17.64",1.0,30,"+ CN pulsed beam, 2 ns in 333 ns (est.)",1.0,30354101983.2877,99964.82091680296,43660.20890359136,4.324324324324325,58.7613087038419,0.00011222235868705308
"ATOMKI 2022, on 17.64",4.0,1,no veto,1.0,4047213597.7716928,13328.642788907058,5821.361187145514,18000.0,7.834841160512251,0.00042805392570048417
"ATOMKI 2022, on 17.64",4.0,1,MM segments + collinearity (ILL §10),1.0,4047213597.7716928,13328.642788907058,5821.361187145514,200.0,7.834841160512251,0.0003089296421473854
"ATOMKI 2022, on 17.64",4.0,1,+ point-vertex cut (est. /25),1.0,4047213597.7716928,13328.642788907058,5821.361187145514,8.0,7.834841160512251,0.00030739314730745496
"ATOMKI 2022, on 17.64",4.0,1,"+ CN pulsed beam, 2 ns in 333 ns (est.)",1.0,4047213597.7716928,13328.642788907058,5821.361187145514,0.14414414414414414,7.834841160512251,0.00030733011663200774
"ATOMKI 2022, on 17.64",4.0,7,no veto,1.0,28330495184.40185,93300.49952234942,40749.5283100186,126000.0,54.843888123585764,0.00016178917644691442
"ATOMKI 2022, on 17.64",4.0,7,MM segments + collinearity (ILL §10),1.0,28330495184.40185,93300.49952234942,40749.5283100186,1400.0,54.843888123585764,0.00011676442939116567
"ATOMKI 2022, on 17.64",4.0,7,+ point-vertex cut (est. /25),1.0,28330495184.40185,93300.49952234942,40749.5283100186,56.0,54.843888123585764,0.00011618368892870996
"ATOMKI 2022, on 17.64",4.0,7,"+ CN pulsed beam, 2 ns in 333 ns (est.)",1.0,28330495184.40185,93300.49952234942,40749.5283100186,1.009009009009009,54.843888123585764,0.00011615986557268113
"ATOMKI 2022, on 17.64",4.0,30,no veto,1.0,121416407933.1508,399859.2836672118,174640.83561436544,540000.0,235.0452348153676,7.815159697826518e-05
"ATOMKI 2022, on 17.64",4.0,30,MM segments + collinearity (ILL §10),1.0,121416407933.1508,399859.2836672118,174640.83561436544,6000.0,235.0452348153676,5.640257789537388e-05
"ATOMKI 2022, on 17.64",4.0,30,+ point-vertex cut (est. /25),1.0,121416407933.1508,399859.2836672118,174640.83561436544,240.0,235.0452348153676,5.612205360093382e-05
"ATOMKI 2022, on 17.64",4.0,30,"+ CN pulsed beam, 2 ns in 333 ns (est.)",1.0,121416407933.1508,399859.2836672118,174640.83561436544,4.324324324324325,235.0452348153676,5.611054582668142e-05
"ATOMKI 2016, 18.15 res",0.8,1,no veto,1.0,152813191.80228078,1094.8466326010846,1779.1514005121646,18000.0,43.95373845174131,5.719476077284951e-05
"ATOMKI 2016, 18.15 res",0.8,1,MM segments + collinearity (ILL §10),1.0,152813191.80228078,1094.8466326010846,1779.1514005121646,200.0,43.95373845174131,2.194851901407378e-05
"ATOMKI 2016, 18.15 res",0.8,1,+ point-vertex cut (est. /25),1.0,152813191.80228078,1094.8466326010846,1779.1514005121646,8.0,43.95373845174131,2.125202258426265e-05
"ATOMKI 2016, 18.15 res",0.8,1,"+ CN pulsed beam, 2 ns in 333 ns (est.)",1.0,152813191.80228078,1094.8466326010846,1779.1514005121646,0.14414414414414414,43.95373845174131,2.1223038048012674e-05
"ATOMKI 2016, 18.15 res",0.8,7,no veto,1.0,1069692342.6159656,7663.926428207594,12454.059803585154,126000.0,307.6761691621892,2.161758761439888e-05
"ATOMKI 2016, 18.15 res",0.8,7,MM segments + collinearity (ILL §10),1.0,1069692342.6159656,7663.926428207594,12454.059803585154,1400.0,307.6761691621892,8.2957604224874e-06
"ATOMKI 2016, 18.15 res",0.8,7,+ point-vertex cut (est. /25),1.0,1069692342.6159656,7663.926428207594,12454.059803585154,56.0,307.6761691621892,8.032509516441027e-06
"ATOMKI 2016, 18.15 res",0.8,7,"+ CN pulsed beam, 2 ns in 333 ns (est.)",1.0,1069692342.6159656,7663.926428207594,12454.059803585154,1.009009009009009,307.6761691621892,8.021554391471888e-06
"ATOMKI 2016, 18.15 res",0.8,30,no veto,1.0,4584395754.068424,32845.39897803254,53374.54201536495,540000.0,1318.6121535522395,1.0442286882133755e-05
"ATOMKI 2016, 18.15 res",0.8,30,MM segments + collinearity (ILL §10),1.0,4584395754.068424,32845.39897803254,53374.54201536495,6000.0,1318.6121535522395,4.007232989279753e-06
"ATOMKI 2016, 18.15 res",0.8,30,+ point-vertex cut (est. /25),1.0,4584395754.068424,32845.39897803254,53374.54201536495,240.0,1318.6121535522395,3.880070720669961e-06
"ATOMKI 2016, 18.15 res",0.8,30,"+ CN pulsed beam, 2 ns in 333 ns (est.)",1.0,4584395754.068424,32845.39897803254,53374.54201536495,4.324324324324325,1318.6121535522395,3.874778892562315e-06
"ATOMKI 2016, 18.15 res",1.0,1,no veto,1.0,191016489.75285098,1368.5582907513558,2223.939250640206,18000.0,54.942173064676645,4.6536621955762496e-05
"ATOMKI 2016, 18.15 res",1.0,1,MM segments + collinearity (ILL §10),1.0,191016489.75285098,1368.5582907513558,2223.939250640206,200.0,54.942173064676645,1.95032087709707e-05
"ATOMKI 2016, 18.15 res",1.0,1,+ point-vertex cut (est. /25),1.0,191016489.75285098,1368.5582907513558,2223.939250640206,8.0,54.942173064676645,1.9003109683707383e-05
"ATOMKI 2016, 18.15 res",1.0,1,"+ CN pulsed beam, 2 ns in 333 ns (est.)",1.0,191016489.75285098,1368.5582907513558,2223.939250640206,0.14414414414414414,54.942173064676645,1.8982367104575212e-05
"ATOMKI 2016, 18.15 res",1.0,7,no veto,1.0,1337115428.2699568,9579.90803525949,15567.57475448144,126000.0,384.5952114527364,1.758918979313941e-05
"ATOMKI 2016, 18.15 res",1.0,7,MM segments + collinearity (ILL §10),1.0,1337115428.2699568,9579.90803525949,15567.57475448144,1400.0,384.5952114527364,7.37152002510888e-06
"ATOMKI 2016, 18.15 res",1.0,7,+ point-vertex cut (est. /25),1.0,1337115428.2699568,9579.90803525949,15567.57475448144,56.0,384.5952114527364,7.182500337139004e-06
"ATOMKI 2016, 18.15 res",1.0,7,"+ CN pulsed beam, 2 ns in 333 ns (est.)",1.0,1337115428.2699568,9579.90803525949,15567.57475448144,1.009009009009009,384.5952114527364,7.174660379148461e-06
"ATOMKI 2016, 18.15 res",1.0,30,no veto,1.0,5730494692.58553,41056.74872254068,66718.17751920619,540000.0,1648.2651919402992,8.4963858650871e-06
"ATOMKI 2016, 18.15 res",1.0,30,MM segments + collinearity (ILL §10),1.0,5730494692.58553,41056.74872254068,66718.17751920619,6000.0,1648.2651919402992,3.5607824625310862e-06
"ATOMKI 2016, 18.15 res",1.0,30,+ point-vertex cut (est. /25),1.0,5730494692.58553,41056.74872254068,66718.17751920619,240.0,1648.2651919402992,3.4694772788371323e-06
"ATOMKI 2016, 18.15 res",1.0,30,"+ CN pulsed beam, 2 ns in 333 ns (est.)",1.0,5730494692.58553,41056.74872254068,66718.17751920619,4.324324324324325,1648.2651919402992,3.465690219339956e-06
"ATOMKI 2016, 18.15 res",4.0,1,no veto,1.0,764065959.0114039,5474.233163005423,8895.757002560824,18000.0,219.76869225870658,1.4244745948435392e-05
"ATOMKI 2016, 18.15 res",4.0,1,MM segments + collinearity (ILL §10),1.0,764065959.0114039,5474.233163005423,8895.757002560824,200.0,219.76869225870658,9.556812241400034e-06
"ATOMKI 2016, 18.15 res",4.0,1,+ point-vertex cut (est. /25),1.0,764065959.0114039,5474.233163005423,8895.757002560824,8.0,219.76869225870658,9.49363467265344e-06
"ATOMKI 2016, 18.15 res",4.0,1,"+ CN pulsed beam, 2 ns in 333 ns (est.)",1.0,764065959.0114039,5474.233163005423,8895.757002560824,0.14414414414414414,219.76869225870658,9.49104074906556e-06
"ATOMKI 2016, 18.15 res",4.0,7,no veto,1.0,5348461713.079827,38319.63214103796,62270.29901792576,126000.0,1538.3808458109456,5.384007895550709e-06
"ATOMKI 2016, 18.15 res",4.0,7,MM segments + collinearity (ILL §10),1.0,5348461713.079827,38319.63214103796,62270.29901792576,1400.0,1538.3808458109456,3.6121355024688958e-06
"ATOMKI 2016, 18.15 res",4.0,7,+ point-vertex cut (est. /25),1.0,5348461713.079827,38319.63214103796,62270.29901792576,56.0,1538.3808458109456,3.5882566259915856e-06
"ATOMKI 2016, 18.15 res",4.0,7,"+ CN pulsed beam, 2 ns in 333 ns (est.)",1.0,5348461713.079827,38319.63214103796,62270.29901792576,1.009009009009009,1538.3808458109456,3.587276215029666e-06
"ATOMKI 2016, 18.15 res",4.0,30,no veto,1.0,22921978770.34212,164226.99489016272,266872.71007682476,540000.0,6593.060767761197,2.6007228939627955e-06
"ATOMKI 2016, 18.15 res",4.0,30,MM segments + collinearity (ILL §10),1.0,22921978770.34212,164226.99489016272,266872.71007682476,6000.0,6593.060767761197,1.7448272141521018e-06
"ATOMKI 2016, 18.15 res",4.0,30,+ point-vertex cut (est. /25),1.0,22921978770.34212,164226.99489016272,266872.71007682476,240.0,6593.060767761197,1.7332926209751542e-06
"ATOMKI 2016, 18.15 res",4.0,30,"+ CN pulsed beam, 2 ns in 333 ns (est.)",1.0,22921978770.34212,164226.99489016272,266872.71007682476,4.324324324324325,6593.060767761197,1.7328190374879787e-06
ATOMKI 2016 anomaly,0.8,1,no veto,1.0,127718047.36426856,915.6920954104478,1710.158898006303,18000.0,36.755557885186654,6.79879845891352e-05
ATOMKI 2016 anomaly,0.8,1,MM segments + collinearity (ILL §10),1.0,127718047.36426856,915.6920954104478,1710.158898006303,200.0,36.755557885186654,2.5165227346919235e-05
ATOMKI 2016 anomaly,0.8,1,+ point-vertex cut (est. /25),1.0,127718047.36426856,915.6920954104478,1710.158898006303,8.0,36.755557885186654,2.4295275611105444e-05
ATOMKI 2016 anomaly,0.8,1,"+ CN pulsed beam, 2 ns in 333 ns (est.)",1.0,127718047.36426856,915.6920954104478,1710.158898006303,0.14414414414414414,36.755557885186654,2.425901640100223e-05
ATOMKI 2016 anomaly,0.8,7,no veto,1.0,894026331.5498799,6409.844667873134,11971.11228604412,126000.0,257.2889051963066,2.5697042766191936e-05
ATOMKI 2016 anomaly,0.8,7,MM segments + collinearity (ILL §10),1.0,894026331.5498799,6409.844667873134,11971.11228604412,1400.0,257.2889051963066,9.51156189233572e-06
ATOMKI 2016 anomaly,0.8,7,+ point-vertex cut (est. /25),1.0,894026331.5498799,6409.844667873134,11971.11228604412,56.0,257.2889051963066,9.1827510429654e-06
ATOMKI 2016 anomaly,0.8,7,"+ CN pulsed beam, 2 ns in 333 ns (est.)",1.0,894026331.5498799,6409.844667873134,11971.11228604412,1.009009009009009,257.2889051963066,9.169046349727006e-06
ATOMKI 2016 anomaly,0.8,30,no veto,1.0,3831541420.9280567,27470.762862313433,51304.76694018909,540000.0,1102.6667365555995,1.2412850932927647e-05
ATOMKI 2016 anomaly,0.8,30,MM segments + collinearity (ILL §10),1.0,3831541420.9280567,27470.762862313433,51304.76694018909,6000.0,1102.6667365555995,4.59452089421785e-06
ATOMKI 2016 anomaly,0.8,30,+ point-vertex cut (est. /25),1.0,3831541420.9280567,27470.762862313433,51304.76694018909,240.0,1102.6667365555995,4.435690164335854e-06
ATOMKI 2016 anomaly,0.8,30,"+ CN pulsed beam, 2 ns in 333 ns (est.)",1.0,3831541420.9280567,27470.762862313433,51304.76694018909,4.324324324324325,1102.6667365555995,4.429070168572236e-06
ATOMKI 2016 anomaly,1.0,1,no veto,1.0,159647559.2053357,1144.6151192630598,2137.6986225078786,18000.0,45.94444735648332,5.5249154588605574e-05
ATOMKI 2016 anomaly,1.0,1,MM segments + collinearity (ILL §10),1.0,159647559.2053357,1144.6151192630598,2137.6986225078786,200.0,45.94444735648332,2.2348591876684593e-05
ATOMKI 2016 anomaly,1.0,1,+ point-vertex cut (est. /25),1.0,159647559.2053357,1144.6151192630598,2137.6986225078786,8.0,45.94444735648332,2.172375378734017e-05
ATOMKI 2016 anomaly,1.0,1,"+ CN pulsed beam, 2 ns in 333 ns (est.)",1.0,159647559.2053357,1144.6151192630598,2137.6986225078786,0.14414414414414414,45.94444735648332,2.1697804793035378e-05
ATOMKI 2016 anomaly,1.0,7,no veto,1.0,1117532914.4373498,8012.305834841417,14963.890357555149,126000.0,321.6111314953832,2.0882217598287642e-05
ATOMKI 2016 anomaly,1.0,7,MM segments + collinearity (ILL §10),1.0,1117532914.4373498,8012.305834841417,14963.890357555149,1400.0,321.6111314953832,8.44697375116939e-06
ATOMKI 2016 anomaly,1.0,7,+ point-vertex cut (est. /25),1.0,1117532914.4373498,8012.305834841417,14963.890357555149,56.0,321.6111314953832,8.210807152014232e-06
ATOMKI 2016 anomaly,1.0,7,"+ CN pulsed beam, 2 ns in 333 ns (est.)",1.0,1117532914.4373498,8012.305834841417,14963.890357555149,1.009009009009009,321.6111314953832,8.200999354056705e-06
ATOMKI 2016 anomaly,1.0,30,no veto,1.0,4789426776.16007,34338.453577891785,64130.958675236354,540000.0,1378.3334206944994,1.008706941708978e-05
ATOMKI 2016 anomaly,1.0,30,MM segments + collinearity (ILL §10),1.0,4789426776.16007,34338.453577891785,64130.958675236354,6000.0,1378.3334206944994,4.0802759664456215e-06
ATOMKI 2016 anomaly,1.0,30,+ point-vertex cut (est. /25),1.0,4789426776.16007,34338.453577891785,64130.958675236354,240.0,1378.3334206944994,3.966196661004832e-06
ATOMKI 2016 anomaly,1.0,30,"+ CN pulsed beam, 2 ns in 333 ns (est.)",1.0,4789426776.16007,34338.453577891785,64130.958675236354,4.324324324324325,1378.3334206944994,3.961459044496396e-06
ATOMKI 2016 anomaly,4.0,1,no veto,1.0,638590236.8213428,4578.460477052239,8550.794490031514,18000.0,183.7777894259333,1.6704773379490892e-05
ATOMKI 2016 anomaly,4.0,1,MM segments + collinearity (ILL §10),1.0,638590236.8213428,4578.460477052239,8550.794490031514,200.0,183.7777894259333,1.0930981585261845e-05
ATOMKI 2016 anomaly,4.0,1,+ point-vertex cut (est. /25),1.0,638590236.8213428,4578.460477052239,8550.794490031514,8.0,183.7777894259333,1.0851968872109398e-05
ATOMKI 2016 anomaly,4.0,1,"+ CN pulsed beam, 2 ns in 333 ns (est.)",1.0,638590236.8213428,4578.460477052239,8550.794490031514,0.14414414414414414,183.7777894259333,1.0848723740155432e-05
ATOMKI 2016 anomaly,4.0,7,no veto,1.0,4470131657.749399,32049.223339365668,59855.561430220594,126000.0,1286.4445259815327,6.3138108671178445e-06
ATOMKI 2016 anomaly,4.0,7,MM segments + collinearity (ILL §10),1.0,4470131657.749399,32049.223339365668,59855.561430220594,1400.0,1286.4445259815327,4.131522694347061e-06
ATOMKI 2016 anomaly,4.0,7,+ point-vertex cut (est. /25),1.0,4470131657.749399,32049.223339365668,59855.561430220594,56.0,1286.4445259815327,4.101658695859367e-06
ATOMKI 2016 anomaly,4.0,7,"+ CN pulsed beam, 2 ns in 333 ns (est.)",1.0,4470131657.749399,32049.223339365668,59855.561430220594,1.009009009009009,1286.4445259815327,4.1004321512705415e-06
ATOMKI 2016 anomaly,4.0,30,no veto,1.0,19157707104.64028,137353.81431156714,256523.83470094542,540000.0,5513.333682777998,3.049860399319657e-06
ATOMKI 2016 anomaly,4.0,30,MM segments + collinearity (ILL §10),1.0,19157707104.64028,137353.81431156714,256523.83470094542,6000.0,5513.333682777998,1.995715063307164e-06
ATOMKI 2016 anomaly,4.0,30,+ point-vertex cut (est. /25),1.0,19157707104.64028,137353.81431156714,256523.83470094542,240.0,5513.333682777998,1.9812893815327375e-06
ATOMKI 2016 anomaly,4.0,30,"+ CN pulsed beam, 2 ns in 333 ns (est.)",1.0,19157707104.64028,137353.81431156714,256523.83470094542,4.324324324324325,5513.333682777998,1.980696904208315e-06
ATOMKI 2022 off-res,0.8,1,no veto,1.0,72727550.9216089,522.8474592975231,988.3745492066872,18000.0,20.929567803854013,0.00011612646965961677
ATOMKI 2022 off-res,0.8,1,MM segments + collinearity (ILL §10),1.0,72727550.9216089,522.8474592975231,988.3745492066872,200.0,20.929567803854013,3.439079114064941e-05
ATOMKI 2022 off-res,0.8,1,+ point-vertex cut (est. /25),1.0,72727550.9216089,522.8474592975231,988.3745492066872,8.0,20.929567803854013,3.240407358168859e-05
ATOMKI 2022 off-res,0.8,1,"+ CN pulsed beam, 2 ns in 333 ns (est.)",1.0,72727550.9216089,522.8474592975231,988.3745492066872,0.14414414414414414,20.929567803854013,3.232018470095654e-05
ATOMKI 2022 off-res,0.8,7,no veto,1.0,509092856.45126224,3659.932215082661,6918.62184444681,126000.0,146.50697462697812,4.389167990731907e-05
ATOMKI 2022 off-res,0.8,7,MM segments + collinearity (ILL §10),1.0,509092856.45126224,3659.932215082661,6918.62184444681,1400.0,146.50697462697812,1.2998497249845954e-05
ATOMKI 2022 off-res,0.8,7,+ point-vertex cut (est. /25),1.0,509092856.45126224,3659.932215082661,6918.62184444681,56.0,146.50697462697812,1.2247588594655147e-05
ATOMKI 2022 off-res,0.8,7,"+ CN pulsed beam, 2 ns in 333 ns (est.)",1.0,509092856.45126224,3659.932215082661,6918.62184444681,1.009009009009009,146.50697462697812,1.2215881578057927e-05
ATOMKI 2022 off-res,0.8,30,no veto,1.0,2181826527.648267,15685.42377892569,29651.236476200615,540000.0,627.8870341156204,2.1201695652003794e-05
ATOMKI 2022 off-res,0.8,30,MM segments + collinearity (ILL §10),1.0,2181826527.648267,15685.42377892569,29651.236476200615,6000.0,627.8870341156204,6.2788706927275015e-06
ATOMKI 2022 off-res,0.8,30,+ point-vertex cut (est. /25),1.0,2181826527.648267,15685.42377892569,29651.236476200615,240.0,627.8870341156204,5.916147351916019e-06
ATOMKI 2022 off-res,0.8,30,"+ CN pulsed beam, 2 ns in 333 ns (est.)",1.0,2181826527.648267,15685.42377892569,29651.236476200615,4.324324324324325,627.8870341156204,5.9008314078157525e-06
ATOMKI 2022 off-res,1.0,1,no veto,1.0,90909438.65201111,653.5593241219037,1235.4681865083592,18000.0,26.16195975481752,9.379630912568196e-05
ATOMKI 2022 off-res,1.0,1,MM segments + collinearity (ILL §10),1.0,90909438.65201111,653.5593241219037,1235.4681865083592,200.0,26.16195975481752,3.039842304777945e-05
ATOMKI 2022 off-res,1.0,1,+ point-vertex cut (est. /25),1.0,90909438.65201111,653.5593241219037,1235.4681865083592,8.0,26.16195975481752,2.896781842342824e-05
ATOMKI 2022 off-res,1.0,1,"+ CN pulsed beam, 2 ns in 333 ns (est.)",1.0,90909438.65201111,653.5593241219037,1235.4681865083592,0.14414414414414414,26.16195975481752,2.890777630740976e-05
ATOMKI 2022 off-res,1.0,7,no veto,1.0,636366070.5640779,4574.915268853327,8648.277305558513,126000.0,183.13371828372263,3.5451672548898954e-05
ATOMKI 2022 off-res,1.0,7,MM segments + collinearity (ILL §10),1.0,636366070.5640779,4574.915268853327,8648.277305558513,1400.0,183.13371828372263,1.1489523947565508e-05
ATOMKI 2022 off-res,1.0,7,+ point-vertex cut (est. /25),1.0,636366070.5640779,4574.915268853327,8648.277305558513,56.0,183.13371828372263,1.094880622463804e-05
ATOMKI 2022 off-res,1.0,7,"+ CN pulsed beam, 2 ns in 333 ns (est.)",1.0,636366070.5640779,4574.915268853327,8648.277305558513,1.009009009009009,183.13371828372263,1.0926112437898754e-05
ATOMKI 2022 off-res,1.0,30,no veto,1.0,2727283159.5603333,19606.779723657113,37064.04559525076,540000.0,784.8587926445255,1.7124784772954558e-05
ATOMKI 2022 off-res,1.0,30,MM segments + collinearity (ILL §10),1.0,2727283159.5603333,19606.779723657113,37064.04559525076,6000.0,784.8587926445255,5.549967338617917e-06
ATOMKI 2022 off-res,1.0,30,+ point-vertex cut (est. /25),1.0,2727283159.5603333,19606.779723657113,37064.04559525076,240.0,784.8587926445255,5.288775864075129e-06
ATOMKI 2022 off-res,1.0,30,"+ CN pulsed beam, 2 ns in 333 ns (est.)",1.0,2727283159.5603333,19606.779723657113,37064.04559525076,4.324324324324325,784.8587926445255,5.27781372362724e-06
ATOMKI 2022 off-res,4.0,1,no veto,1.0,363637754.60804445,2614.237296487615,4941.872746033437,18000.0,104.64783901927008,2.6580696609324443e-05
ATOMKI 2022 off-res,4.0,1,MM segments + collinearity (ILL §10),1.0,363637754.60804445,2614.237296487615,4941.872746033437,200.0,104.64783901927008,1.4643367598469519e-05
ATOMKI 2022 off-res,4.0,1,+ point-vertex cut (est. /25),1.0,363637754.60804445,2614.237296487615,4941.872746033437,8.0,104.64783901927008,1.4460985906922657e-05
ATOMKI 2022 off-res,4.0,1,"+ CN pulsed beam, 2 ns in 333 ns (est.)",1.0,363637754.60804445,2614.237296487615,4941.872746033437,0.14414414414414414,104.64783901927008,1.445347458491812e-05
ATOMKI 2022 off-res,4.0,7,no veto,1.0,2545464282.2563114,18299.661075413307,34593.10922223405,126000.0,732.5348731348905,1.0046558986161466e-05
ATOMKI 2022 off-res,4.0,7,MM segments + collinearity (ILL §10),1.0,2545464282.2563114,18299.661075413307,34593.10922223405,1400.0,732.5348731348905,5.534672717435926e-06
ATOMKI 2022 off-res,4.0,7,+ point-vertex cut (est. /25),1.0,2545464282.2563114,18299.661075413307,34593.10922223405,56.0,732.5348731348905,5.465738917503885e-06
ATOMKI 2022 off-res,4.0,7,"+ CN pulsed beam, 2 ns in 333 ns (est.)",1.0,2545464282.2563114,18299.661075413307,34593.10922223405,1.009009009009009,732.5348731348905,5.462899904640837e-06
ATOMKI 2022 off-res,4.0,30,no veto,1.0,10909132638.241333,78427.11889462845,148256.18238100305,540000.0,3139.435170578102,4.852949042376027e-06
ATOMKI 2022 off-res,4.0,30,MM segments + collinearity (ILL §10),1.0,10909132638.241333,78427.11889462845,148256.18238100305,6000.0,3139.435170578102,2.6735009171740027e-06
ATOMKI 2022 off-res,4.0,30,+ point-vertex cut (est. /25),1.0,10909132638.241333,78427.11889462845,148256.18238100305,240.0,3139.435170578102,2.6402027283286144e-06
ATOMKI 2022 off-res,4.0,30,"+ CN pulsed beam, 2 ns in 333 ns (est.)",1.0,10909132638.241333,78427.11889462845,148256.18238100305,4.324324324324325,3139.435170578102,2.6388313548290907e-06
ATOMKI 2022 direct,0.8,1,no veto,1.0,59358250.76609503,581.4894821231396,1211.3359347666471,18000.0,16.498337338228996,0.00014837576324428344
ATOMKI 2022 direct,0.8,1,MM segments + collinearity (ILL §10),1.0,59358250.76609503,581.4894821231396,1211.3359347666471,200.0,16.498337338228996,4.708078504167174e-05
ATOMKI 2022 direct,0.8,1,+ point-vertex cut (est. /25),1.0,59358250.76609503,581.4894821231396,1211.3359347666471,8.0,16.498337338228996,4.4755341450875035e-05
ATOMKI 2022 direct,0.8,1,"+ CN pulsed beam, 2 ns in 333 ns (est.)",1.0,59358250.76609503,581.4894821231396,1211.3359347666471,0.14414414414414414,16.498337338228996,4.4657615211259014e-05
ATOMKI 2022 direct,0.8,7,no veto,1.0,415507755.3626652,4070.4263748619765,8479.35154336653,126000.0,115.488361367603,5.608076716196745e-05
ATOMKI 2022 direct,0.8,7,MM segments + collinearity (ILL §10),1.0,415507755.3626652,4070.4263748619765,8479.35154336653,1400.0,115.488361367603,1.7794864107136162e-05
ATOMKI 2022 direct,0.8,7,+ point-vertex cut (est. /25),1.0,415507755.3626652,4070.4263748619765,8479.35154336653,56.0,115.488361367603,1.6915929045828004e-05
ATOMKI 2022 direct,0.8,7,"+ CN pulsed beam, 2 ns in 333 ns (est.)",1.0,415507755.3626652,4070.4263748619765,8479.35154336653,1.009009009009009,115.488361367603,1.6878991999172358e-05
ATOMKI 2022 direct,0.8,30,no veto,1.0,1780747522.982851,17444.68446369419,36340.07804299943,540000.0,494.95012014687,2.7089584171979976e-05
ATOMKI 2022 direct,0.8,30,MM segments + collinearity (ILL §10),1.0,1780747522.982851,17444.68446369419,36340.07804299943,6000.0,494.95012014687,8.595735997458469e-06
ATOMKI 2022 direct,0.8,30,+ point-vertex cut (est. /25),1.0,1780747522.982851,17444.68446369419,36340.07804299943,240.0,494.95012014687,8.171170027163413e-06
ATOMKI 2022 direct,0.8,30,"+ CN pulsed beam, 2 ns in 333 ns (est.)",1.0,1780747522.982851,17444.68446369419,36340.07804299943,4.324324324324325,494.95012014687,8.153327738530796e-06
ATOMKI 2022 direct,1.0,1,no veto,1.0,74197813.45761879,726.8618526539245,1514.169918458309,18000.0,20.62292167278625,0.00012003706810116448
ATOMKI 2022 direct,1.0,1,MM segments + collinearity (ILL §10),1.0,74197813.45761879,726.8618526539245,1514.169918458309,200.0,20.62292167278625,4.168557265393067e-05
ATOMKI 2022 direct,1.0,1,+ point-vertex cut (est. /25),1.0,74197813.45761879,726.8618526539245,1514.169918458309,8.0,20.62292167278625,4.0012607252745886e-05
ATOMKI 2022 direct,1.0,1,"+ CN pulsed beam, 2 ns in 333 ns (est.)",1.0,74197813.45761879,726.8618526539245,1514.169918458309,0.14414414414414414,20.62292167278625,3.994266421090193e-05
ATOMKI 2022 direct,1.0,7,no veto,1.0,519384694.20333153,5088.032968577471,10599.189429208165,126000.0,144.36045170950376,4.5369747186429345e-05
ATOMKI 2022 direct,1.0,7,MM segments + collinearity (ILL §10),1.0,519384694.20333153,5088.032968577471,10599.189429208165,1400.0,144.36045170950376,1.5755665500230753e-05
ATOMKI 2022 direct,1.0,7,+ point-vertex cut (est. /25),1.0,519384694.20333153,5088.032968577471,10599.189429208165,56.0,144.36045170950376,1.512334401400928e-05
ATOMKI 2022 direct,1.0,7,"+ CN pulsed beam, 2 ns in 333 ns (est.)",1.0,519384694.20333153,5088.032968577471,10599.189429208165,1.009009009009009,144.36045170950376,1.5096908029058068e-05
ATOMKI 2022 direct,1.0,30,no veto,1.0,2225934403.7285633,21805.85557961773,45425.09755374926,540000.0,618.6876501835874,2.1915669978597204e-05
ATOMKI 2022 direct,1.0,30,MM segments + collinearity (ILL §10),1.0,2225934403.7285633,21805.85557961773,45425.09755374926,6000.0,618.6876501835874,7.610709488359442e-06
ATOMKI 2022 direct,1.0,30,+ point-vertex cut (est. /25),1.0,2225934403.7285633,21805.85557961773,45425.09755374926,240.0,618.6876501835874,7.305269192307912e-06
ATOMKI 2022 direct,1.0,30,"+ CN pulsed beam, 2 ns in 333 ns (est.)",1.0,2225934403.7285633,21805.85557961773,45425.09755374926,4.324324324324325,618.6876501835874,7.292499398388424e-06
ATOMKI 2022 direct,4.0,1,no veto,1.0,296791253.83047515,2907.447410615698,6056.679673833236,18000.0,82.491686691145,3.4636360191703366e-05
ATOMKI 2022 direct,4.0,1,MM segments + collinearity (ILL §10),1.0,296791253.83047515,2907.447410615698,6056.679673833236,200.0,82.491686691145,2.019224542744249e-05
ATOMKI 2022 direct,4.0,1,+ point-vertex cut (est. /25),1.0,296791253.83047515,2907.447410615698,6056.679673833236,8.0,82.491686691145,1.9979599248529602e-05
ATOMKI 2022 direct,4.0,1,"+ CN pulsed beam, 2 ns in 333 ns (est.)",1.0,296791253.83047515,2907.447410615698,6056.679673833236,0.14414414414414414,82.491686691145,1.9970850418816497e-05
ATOMKI 2022 direct,4.0,7,no veto,1.0,2077538776.8133261,20352.131874309885,42396.75771683266,126000.0,577.441806838015,1.3091313626814938e-05
ATOMKI 2022 direct,4.0,7,MM segments + collinearity (ILL §10),1.0,2077538776.8133261,20352.131874309885,42396.75771683266,1400.0,577.441806838015,7.63195140185628e-06
ATOMKI 2022 direct,4.0,7,+ point-vertex cut (est. /25),1.0,2077538776.8133261,20352.131874309885,42396.75771683266,56.0,577.441806838015,7.551578700906043e-06
ATOMKI 2022 direct,4.0,7,"+ CN pulsed beam, 2 ns in 333 ns (est.)",1.0,2077538776.8133261,20352.131874309885,42396.75771683266,1.009009009009009,577.441806838015,7.54827195409408e-06
ATOMKI 2022 direct,4.0,30,no veto,1.0,8903737614.914253,87223.42231847093,181700.39021499705,540000.0,2474.7506007343495,6.323705262289965e-06
ATOMKI 2022 direct,4.0,30,MM segments + collinearity (ILL §10),1.0,8903737614.914253,87223.42231847093,181700.39021499705,6000.0,2474.7506007343495,3.6865827690969324e-06
ATOMKI 2022 direct,4.0,30,+ point-vertex cut (est. /25),1.0,8903737614.914253,87223.42231847093,181700.39021499705,240.0,2474.7506007343495,3.647759066110977e-06
ATOMKI 2022 direct,4.0,30,"+ CN pulsed beam, 2 ns in 333 ns (est.)",1.0,8903737614.914253,87223.42231847093,181700.39021499705,4.324324324324325,2474.7506007343495,3.646161755649097e-06
Hanoi 2024,0.8,1,no veto,1.0,50990408.19806325,491.62329467927066,1353.7766729832379,18000.0,14.684582462869942,0.00016692353522742437
Hanoi 2024,0.8,1,MM segments + collinearity (ILL §10),1.0,50990408.19806325,491.62329467927066,1353.7766729832379,200.0,14.684582462869942,5.358913761779254e-05
Hanoi 2024,0.8,1,+ point-vertex cut (est. /25),1.0,50990408.19806325,491.62329467927066,1353.7766729832379,8.0,14.684582462869942,5.101198477605733e-05
Hanoi 2024,0.8,1,"+ CN pulsed beam, 2 ns in 333 ns (est.)",1.0,50990408.19806325,491.62329467927066,1353.7766729832379,0.14414414414414414,14.684582462869942,5.090375979557255e-05
Hanoi 2024,0.8,7,no veto,1.0,356932857.3864427,3441.3630627548946,9476.436710882665,126000.0,102.79207724008961,6.309116602507063e-05
Hanoi 2024,0.8,7,MM segments + collinearity (ILL §10),1.0,356932857.3864427,3441.3630627548946,9476.436710882665,1400.0,102.79207724008961,2.025479015872791e-05
Hanoi 2024,0.8,7,+ point-vertex cut (est. /25),1.0,356932857.3864427,3441.3630627548946,9476.436710882665,56.0,102.79207724008961,1.9280717943037227e-05
Hanoi 2024,0.8,7,"+ CN pulsed beam, 2 ns in 333 ns (est.)",1.0,356932857.3864427,3441.3630627548946,9476.436710882665,1.009009009009009,102.79207724008961,1.9239812745321862e-05
Hanoi 2024,0.8,30,no veto,1.0,1529712245.9418974,14748.69884037812,40613.30018949713,540000.0,440.5374738860983,3.047592854085619e-05
Hanoi 2024,0.8,30,MM segments + collinearity (ILL §10),1.0,1529712245.9418974,14748.69884037812,40613.30018949713,6000.0,440.5374738860983,9.783993170171212e-06
Hanoi 2024,0.8,30,+ point-vertex cut (est. /25),1.0,1529712245.9418974,14748.69884037812,40613.30018949713,240.0,440.5374738860983,9.313471588318903e-06
Hanoi 2024,0.8,30,"+ CN pulsed beam, 2 ns in 333 ns (est.)",1.0,1529712245.9418974,14748.69884037812,40613.30018949713,4.324324324324325,440.5374738860983,9.29371250061988e-06
Hanoi 2024,1.0,1,no veto,1.0,63738010.24757906,614.5291183490884,1692.2208412290472,18000.0,18.35572807858743,0.0001350821124089599
Hanoi 2024,1.0,1,MM segments + collinearity (ILL §10),1.0,63738010.24757906,614.5291183490884,1692.2208412290472,200.0,18.35572807858743,4.7460590913486304e-05
Hanoi 2024,1.0,1,+ point-vertex cut (est. /25),1.0,63738010.24757906,614.5291183490884,1692.2208412290472,8.0,18.35572807858743,4.560680781164865e-05
Hanoi 2024,1.0,1,"+ CN pulsed beam, 2 ns in 333 ns (est.)",1.0,63738010.24757906,614.5291183490884,1692.2208412290472,0.14414414414414414,18.35572807858743,4.552935127925225e-05
Hanoi 2024,1.0,7,no veto,1.0,446166071.73305345,4301.7038284436185,11845.545888603332,126000.0,128.490096550112,5.105623942962572e-05
Hanoi 2024,1.0,7,MM segments + collinearity (ILL §10),1.0,446166071.73305345,4301.7038284436185,11845.545888603332,1400.0,128.490096550112,1.7938417233322368e-05
Hanoi 2024,1.0,7,+ point-vertex cut (est. /25),1.0,446166071.73305345,4301.7038284436185,11845.545888603332,56.0,128.490096550112,1.723775308016289e-05
Hanoi 2024,1.0,7,"+ CN pulsed beam, 2 ns in 333 ns (est.)",1.0,446166071.73305345,4301.7038284436185,11845.545888603332,1.009009009009009,128.490096550112,1.720847726271456e-05
Hanoi 2024,1.0,30,no veto,1.0,1912140307.427372,18435.873550472654,50766.62523687142,540000.0,550.671842357623,2.4662506693945287e-05
Hanoi 2024,1.0,30,MM segments + collinearity (ILL §10),1.0,1912140307.427372,18435.873550472654,50766.62523687142,6000.0,550.671842357623,8.66507874528039e-06
Hanoi 2024,1.0,30,+ point-vertex cut (est. /25),1.0,1912140307.427372,18435.873550472654,50766.62523687142,240.0,550.671842357623,8.326625804747595e-06
Hanoi 2024,1.0,30,"+ CN pulsed beam, 2 ns in 333 ns (est.)",1.0,1912140307.427372,18435.873550472654,50766.62523687142,4.324324324324325,550.671842357623,8.312484241407717e-06
Hanoi 2024,4.0,1,no veto,1.0,254952040.99031624,2458.1164733963537,6768.883364916189,18000.0,73.42291231434972,3.910367150504122e-05
Hanoi 2024,4.0,1,MM segments + collinearity (ILL §10),1.0,254952040.99031624,2458.1164733963537,6768.883364916189,200.0,73.42291231434972,2.300935217441104e-05
Hanoi 2024,4.0,1,+ point-vertex cut (est. /25),1.0,254952040.99031624,2458.1164733963537,6768.883364916189,8.0,73.42291231434972,2.2773830689917627e-05
Hanoi 2024,4.0,1,"+ CN pulsed beam, 2 ns in 333 ns (est.)",1.0,254952040.99031624,2458.1164733963537,6768.883364916189,0.14414414414414414,73.42291231434972,2.2764142222239337e-05
Hanoi 2024,4.0,7,no veto,1.0,1784664286.9322138,17206.815313774474,47382.18355441333,126000.0,513.960386200448,1.4779798593128843e-05
Hanoi 2024,4.0,7,MM segments + collinearity (ILL §10),1.0,1784664286.9322138,17206.815313774474,47382.18355441333,1400.0,513.960386200448,8.696717668884985e-06
Hanoi 2024,4.0,7,+ point-vertex cut (est. /25),1.0,1784664286.9322138,17206.815313774474,47382.18355441333,56.0,513.960386200448,8.60769891511608e-06
Hanoi 2024,4.0,7,"+ CN pulsed beam, 2 ns in 333 ns (est.)",1.0,1784664286.9322138,17206.815313774474,47382.18355441333,1.009009009009009,513.960386200448,8.60403701853579e-06
Hanoi 2024,4.0,30,no veto,1.0,7648561229.709488,73743.49420189061,203066.50094748568,540000.0,2202.687369430492,7.139320988194357e-06
Hanoi 2024,4.0,30,MM segments + collinearity (ILL §10),1.0,7648561229.709488,73743.49420189061,203066.50094748568,6000.0,2202.687369430492,4.2009137398351565e-06
Hanoi 2024,4.0,30,+ point-vertex cut (est. /25),1.0,7648561229.709488,73743.49420189061,203066.50094748568,240.0,2202.687369430492,4.157913596557108e-06
Hanoi 2024,4.0,30,"+ CN pulsed beam, 2 ns in 333 ns (est.)",1.0,7648561229.709488,73743.49420189061,203066.50094748568,4.324324324324325,2202.687369430492,4.1561447324587555e-06
MEG II-2026 normalisation,0.8,1,no veto,1.0,327430130.18059987,2664.45488877537,4926.872584446788,18000.0,93.89965907360096,2.9643647472984882e-05
MEG II-2026 normalisation,0.8,1,MM segments + collinearity (ILL §10),1.0,327430130.18059987,2664.45488877537,4926.872584446788,200.0,93.89965907360096,1.6356521995281784e-05
MEG II-2026 normalisation,0.8,1,+ point-vertex cut (est. /25),1.0,327430130.18059987,2664.45488877537,4926.872584446788,8.0,93.89965907360096,1.6153729741455485e-05
MEG II-2026 normalisation,0.8,1,"+ CN pulsed beam, 2 ns in 333 ns (est.)",1.0,327430130.18059987,2664.45488877537,4926.872584446788,0.14414414414414414,93.89965907360096,1.6145378069147642e-05
MEG II-2026 normalisation,0.8,7,no veto,1.0,2292010911.2641993,18651.18422142759,34488.10809112751,126000.0,657.2976135152068,1.120424559519804e-05
MEG II-2026 normalisation,0.8,7,MM segments + collinearity (ILL §10),1.0,2292010911.2641993,18651.18422142759,34488.10809112751,1400.0,657.2976135152068,6.182184216210514e-06
MEG II-2026 normalisation,0.8,7,+ point-vertex cut (est. /25),1.0,2292010911.2641993,18651.18422142759,34488.10809112751,56.0,657.2976135152068,6.105535948862702e-06
MEG II-2026 normalisation,0.8,7,"+ CN pulsed beam, 2 ns in 333 ns (est.)",1.0,2292010911.2641993,18651.18422142759,34488.10809112751,1.009009009009009,657.2976135152068,6.1023793134401234e-06
MEG II-2026 normalisation,0.8,30,no veto,1.0,9822903905.417995,79933.64666326108,147806.17753340362,540000.0,2816.9897722080286,5.412164802561611e-06
MEG II-2026 normalisation,0.8,30,MM segments + collinearity (ILL §10),1.0,9822903905.417995,79933.64666326108,147806.17753340362,6000.0,2816.9897722080286,2.986278686381747e-06
MEG II-2026 normalisation,0.8,30,+ point-vertex cut (est. /25),1.0,9822903905.417995,79933.64666326108,147806.17753340362,240.0,2816.9897722080286,2.9492540557457547e-06
MEG II-2026 normalisation,0.8,30,"+ CN pulsed beam, 2 ns in 333 ns (est.)",1.0,9822903905.417995,79933.64666326108,147806.17753340362,4.324324324324325,2816.9897722080286,2.947729255973789e-06
MEG II-2026 normalisation,1.0,1,no veto,1.0,409287662.7257499,3330.568610969213,6158.590730558485,18000.0,117.37457384200123,2.4578532504398673e-05
MEG II-2026 normalisation,1.0,1,MM segments + collinearity (ILL §10),1.0,409287662.7257499,3330.568610969213,6158.590730558485,200.0,117.37457384200123,1.4592115846877173e-05
MEG II-2026 normalisation,1.0,1,+ point-vertex cut (est. /25),1.0,409287662.7257499,3330.568610969213,6158.590730558485,8.0,117.37457384200123,1.4446814024777425e-05
MEG II-2026 normalisation,1.0,1,"+ CN pulsed beam, 2 ns in 333 ns (est.)",1.0,409287662.7257499,3330.568610969213,6158.590730558485,0.14414414414414414,117.37457384200123,1.4440837734195792e-05
MEG II-2026 normalisation,1.0,7,no veto,1.0,2865013639.0802493,23313.98027678449,43110.1351139094,126000.0,821.6220168940085,9.289812085365207e-06
MEG II-2026 normalisation,1.0,7,MM segments + collinearity (ILL §10),1.0,2865013639.0802493,23313.98027678449,43110.1351139094,1400.0,821.6220168940085,5.515301376154524e-06
MEG II-2026 normalisation,1.0,7,+ point-vertex cut (est. /25),1.0,2865013639.0802493,23313.98027678449,43110.1351139094,56.0,821.6220168940085,5.460382449537312e-06
MEG II-2026 normalisation,1.0,7,"+ CN pulsed beam, 2 ns in 333 ns (est.)",1.0,2865013639.0802493,23313.98027678449,43110.1351139094,1.009009009009009,821.6220168940085,5.458123624017075e-06
MEG II-2026 normalisation,1.0,30,no veto,1.0,12278629881.772497,99917.05832907638,184757.72191675458,540000.0,3521.2372152600374,4.4874055610110315e-06
MEG II-2026 normalisation,1.0,30,MM segments + collinearity (ILL §10),1.0,12278629881.772497,99917.05832907638,184757.72191675458,6000.0,3521.2372152600374,2.6641436703544086e-06
MEG II-2026 normalisation,1.0,30,+ point-vertex cut (est. /25),1.0,12278629881.772497,99917.05832907638,184757.72191675458,240.0,3521.2372152600374,2.6376153084841975e-06
MEG II-2026 normalisation,1.0,30,"+ CN pulsed beam, 2 ns in 333 ns (est.)",1.0,12278629881.772497,99917.05832907638,184757.72191675458,4.324324324324325,3521.2372152600374,2.6365241920969422e-06
MEG II-2026 normalisation,4.0,1,no veto,1.0,1637150650.9029996,13322.274443876851,24634.36292223394,18000.0,469.4982953680049,8.766798661325605e-06
MEG II-2026 normalisation,4.0,1,MM segments + collinearity (ILL §10),1.0,1637150650.9029996,13322.274443876851,24634.36292223394,200.0,469.4982953680049,7.239361699722e-06
MEG II-2026 normalisation,4.0,1,+ point-vertex cut (est. /25),1.0,1637150650.9029996,13322.274443876851,24634.36292223394,8.0,469.4982953680049,7.22112489370705e-06
MEG II-2026 normalisation,4.0,1,"+ CN pulsed beam, 2 ns in 333 ns (est.)",1.0,1637150650.9029996,13322.274443876851,24634.36292223394,0.14414414414414414,469.4982953680049,7.220377737206334e-06
MEG II-2026 normalisation,4.0,7,no veto,1.0,11460054556.320997,93255.92110713795,172440.5404556376,126000.0,3286.488067576034,3.313538436005931e-06
MEG II-2026 normalisation,4.0,7,MM segments + collinearity (ILL §10),1.0,11460054556.320997,93255.92110713795,172440.5404556376,1400.0,3286.488067576034,2.7362215297586093e-06
MEG II-2026 normalisation,4.0,7,+ point-vertex cut (est. /25),1.0,11460054556.320997,93255.92110713795,172440.5404556376,56.0,3286.488067576034,2.729328664983797e-06
MEG II-2026 normalisation,4.0,7,"+ CN pulsed beam, 2 ns in 333 ns (est.)",1.0,11460054556.320997,93255.92110713795,172440.5404556376,1.009009009009009,3286.488067576034,2.7290462663707484e-06
MEG II-2026 normalisation,4.0,30,no veto,1.0,49114519527.08999,399668.2333163055,739030.8876670183,540000.0,14084.94886104015,1.6005911279713758e-06
MEG II-2026 normalisation,4.0,30,MM segments + collinearity (ILL §10),1.0,49114519527.08999,399668.2333163055,739030.8876670183,6000.0,14084.94886104015,1.3217205682922266e-06
MEG II-2026 normalisation,4.0,30,+ point-vertex cut (est. /25),1.0,49114519527.08999,399668.2333163055,739030.8876670183,240.0,14084.94886104015,1.3183909982818152e-06
MEG II-2026 normalisation,4.0,30,"+ CN pulsed beam, 2 ns in 333 ns (est.)",1.0,49114519527.08999,399668.2333163055,739030.8876670183,4.324324324324325,14084.94886104015,1.318254586792006e-06
"LNL 2023-24, thin",0.8,1,no veto,1.0,10430975.164301686,73.10749083508621,109.82949545204686,18000.0,3.0027764430719435,0.0007813727565288171
"LNL 2023-24, thin",0.8,1,MM segments + collinearity (ILL §10),1.0,10430975.164301686,73.10749083508621,109.82949545204686,200.0,3.0027764430719435,0.00011339395568229448
"LNL 2023-24, thin",0.8,1,+ point-vertex cut (est. /25),1.0,10430975.164301686,73.10749083508621,109.82949545204686,8.0,3.0027764430719435,8.007026758479774e-05
"LNL 2023-24, thin",0.8,1,"+ CN pulsed beam, 2 ns in 333 ns (est.)",1.0,10430975.164301686,73.10749083508621,109.82949545204686,0.14414414414414414,3.0027764430719435,7.840577298557479e-05
"LNL 2023-24, thin",0.8,7,no veto,1.0,73016826.1501118,511.7524358456034,768.8064681643278,126000.0,21.0194351015036,0.00029533114214518166
"LNL 2023-24, thin",0.8,7,MM segments + collinearity (ILL §10),1.0,73016826.1501118,511.7524358456034,768.8064681643278,1400.0,21.0194351015036,4.285888670189011e-05
"LNL 2023-24, thin",0.8,7,+ point-vertex cut (est. /25),1.0,73016826.1501118,511.7524358456034,768.8064681643278,56.0,21.0194351015036,3.02637164913959e-05
"LNL 2023-24, thin",0.8,7,"+ CN pulsed beam, 2 ns in 333 ns (est.)",1.0,73016826.1501118,511.7524358456034,768.8064681643278,1.009009009009009,21.0194351015036,2.9634596667373886e-05
"LNL 2023-24, thin",0.8,30,no veto,1.0,312929254.92905056,2193.2247250525857,3294.8848635614054,540000.0,90.0832932921583,0.00014265849485694176
"LNL 2023-24, thin",0.8,30,MM segments + collinearity (ILL §10),1.0,312929254.92905056,2193.2247250525857,3294.8848635614054,6000.0,90.0832932921583,2.0702809137311267e-05
"LNL 2023-24, thin",0.8,30,+ point-vertex cut (est. /25),1.0,312929254.92905056,2193.2247250525857,3294.8848635614054,240.0,90.0832932921583,1.4618763913889475e-05
"LNL 2023-24, thin",0.8,30,"+ CN pulsed beam, 2 ns in 333 ns (est.)",1.0,312929254.92905056,2193.2247250525857,3294.8848635614054,4.324324324324325,90.0832932921583,1.4314870167609494e-05
"LNL 2023-24, thin",1.0,1,no veto,1.0,13038718.955377106,91.38436354385773,137.28686931505854,18000.0,3.753470553839929,0.0006258838440187588
"LNL 2023-24, thin",1.0,1,MM segments + collinearity (ILL §10),1.0,13038718.955377106,91.38436354385773,137.28686931505854,200.0,3.753470553839929,9.597948275122667e-05
"LNL 2023-24, thin",1.0,1,+ point-vertex cut (est. /25),1.0,13038718.955377106,91.38436354385773,137.28686931505854,8.0,3.753470553839929,7.13163276628831e-05
"LNL 2023-24, thin",1.0,1,"+ CN pulsed beam, 2 ns in 333 ns (est.)",1.0,13038718.955377106,91.38436354385773,137.28686931505854,0.14414414414414414,3.753470553839929,7.012273370735705e-05
"LNL 2023-24, thin",1.0,7,no veto,1.0,91271032.68763973,639.690544807004,961.0080852054097,126000.0,26.274293876879497,0.0002365618572695396
"LNL 2023-24, thin",1.0,7,MM segments + collinearity (ILL §10),1.0,91271032.68763973,639.690544807004,961.0080852054097,1400.0,26.274293876879497,3.6276834617765616e-05
"LNL 2023-24, thin",1.0,7,+ point-vertex cut (est. /25),1.0,91271032.68763973,639.690544807004,961.0080852054097,56.0,26.274293876879497,2.6955038202055e-05
"LNL 2023-24, thin",1.0,7,"+ CN pulsed beam, 2 ns in 333 ns (est.)",1.0,91271032.68763973,639.690544807004,961.0080852054097,1.009009009009009,26.274293876879497,2.6503902091667594e-05
"LNL 2023-24, thin",1.0,30,no veto,1.0,391161568.6613132,2741.530906315732,4118.606079451756,540000.0,112.60411661519787,0.0001142702332490397
"LNL 2023-24, thin",1.0,30,MM segments + collinearity (ILL §10),1.0,391161568.6613132,2741.530906315732,4118.606079451756,6000.0,112.60411661519787,1.7523375920174954e-05
"LNL 2023-24, thin",1.0,30,+ point-vertex cut (est. /25),1.0,391161568.6613132,2741.530906315732,4118.606079451756,240.0,112.60411661519787,1.3020520459796922e-05
"LNL 2023-24, thin",1.0,30,"+ CN pulsed beam, 2 ns in 333 ns (est.)",1.0,391161568.6613132,2741.530906315732,4118.606079451756,4.324324324324325,112.60411661519787,1.280260101514911e-05
"LNL 2023-24, thin",4.0,1,no veto,1.0,52154875.82150842,365.5374541754309,549.1474772602342,18000.0,15.013882215359716,0.00015938806547678748
"LNL 2023-24, thin",4.0,1,MM segments + collinearity (ILL §10),1.0,52154875.82150842,365.5374541754309,549.1474772602342,200.0,15.013882215359716,3.869299158796233e-05
"LNL 2023-24, thin",4.0,1,+ point-vertex cut (est. /25),1.0,52154875.82150842,365.5374541754309,549.1474772602342,8.0,15.013882215359716,3.520326605102205e-05
"LNL 2023-24, thin",4.0,1,"+ CN pulsed beam, 2 ns in 333 ns (est.)",1.0,52154875.82150842,365.5374541754309,549.1474772602342,0.14414414414414414,15.013882215359716,3.505308317557269e-05
"LNL 2023-24, thin",4.0,7,no veto,1.0,365084130.7505589,2558.762179228016,3844.0323408216386,126000.0,105.09717550751799,6.02430261718942e-05
"LNL 2023-24, thin",4.0,7,MM segments + collinearity (ILL §10),1.0,365084130.7505589,2558.762179228016,3844.0323408216386,1400.0,105.09717550751799,1.4624576174694648e-05
"LNL 2023-24, thin",4.0,7,+ point-vertex cut (est. /25),1.0,365084130.7505589,2558.762179228016,3844.0323408216386,56.0,105.09717550751799,1.3305583901178172e-05
"LNL 2023-24, thin",4.0,7,"+ CN pulsed beam, 2 ns in 333 ns (est.)",1.0,365084130.7505589,2558.762179228016,3844.0323408216386,1.009009009009009,105.09717550751799,1.3248820109803943e-05
"LNL 2023-24, thin",4.0,30,no veto,1.0,1564646274.6452527,10966.123625262928,16474.424317807025,540000.0,450.41646646079147,2.910014628624897e-05
"LNL 2023-24, thin",4.0,30,MM segments + collinearity (ILL §10),1.0,1564646274.6452527,10966.123625262928,16474.424317807025,6000.0,450.41646646079147,7.06434143669487e-06
"LNL 2023-24, thin",4.0,30,+ point-vertex cut (est. /25),1.0,1564646274.6452527,10966.123625262928,16474.424317807025,240.0,450.41646646079147,6.4272076380001965e-06
"LNL 2023-24, thin",4.0,30,"+ CN pulsed beam, 2 ns in 333 ns (est.)",1.0,1564646274.6452527,10966.123625262928,16474.424317807025,4.324324324324325,450.41646646079147,6.399788121788661e-06
"LNL 2023-24, thick",0.8,1,no veto,1.0,251144967.07802895,1921.1424983728368,3478.879147072083,18000.0,72.14527019074478,3.6893470772429056e-05
"LNL 2023-24, thick",0.8,1,MM segments + collinearity (ILL §10),1.0,251144967.07802895,1921.1424983728368,3478.879147072083,200.0,72.14527019074478,1.8048297325968497e-05
"LNL 2023-24, thick",0.8,1,+ point-vertex cut (est. /25),1.0,251144967.07802895,1921.1424983728368,3478.879147072083,8.0,72.14527019074478,1.7736200704508864e-05
"LNL 2023-24, thick",0.8,1,"+ CN pulsed beam, 2 ns in 333 ns (est.)",1.0,251144967.07802895,1921.1424983728368,3478.879147072083,0.14414414414414414,72.14527019074478,1.7723313952020244e-05
"LNL 2023-24, thick",0.8,7,no veto,1.0,1758014769.5462024,13447.997488609855,24352.154029504578,126000.0,505.0168913352134,1.3944421237982474e-05
"LNL 2023-24, thick",0.8,7,MM segments + collinearity (ILL §10),1.0,1758014769.5462024,13447.997488609855,24352.154029504578,1400.0,505.0168913352134,6.821615187523528e-06
"LNL 2023-24, thick",0.8,7,+ point-vertex cut (est. /25),1.0,1758014769.5462024,13447.997488609855,24352.154029504578,56.0,505.0168913352134,6.703653752465577e-06
"LNL 2023-24, thick",0.8,7,"+ CN pulsed beam, 2 ns in 333 ns (est.)",1.0,1758014769.5462024,13447.997488609855,24352.154029504578,1.009009009009009,505.0168913352134,6.698783017852416e-06
"LNL 2023-24, thick",0.8,30,no veto,1.0,7534349012.340868,57634.2749511851,104366.37441216248,540000.0,2164.358105722343,6.7357953889056465e-06
"LNL 2023-24, thick",0.8,30,MM segments + collinearity (ILL §10),1.0,7534349012.340868,57634.2749511851,104366.37441216248,6000.0,2164.358105722343,3.295153189997705e-06
"LNL 2023-24, thick",0.8,30,+ point-vertex cut (est. /25),1.0,7534349012.340868,57634.2749511851,104366.37441216248,240.0,2164.358105722343,3.2381724034328416e-06
"LNL 2023-24, thick",0.8,30,"+ CN pulsed beam, 2 ns in 333 ns (est.)",1.0,7534349012.340868,57634.2749511851,104366.37441216248,4.324324324324325,2164.358105722343,3.235819615089173e-06
"LNL 2023-24, thick",1.0,1,no veto,1.0,313931208.84753615,2401.4281229660455,4348.598933840103,18000.0,90.18158773843096,3.0354229268254356e-05
"LNL 2023-24, thick",1.0,1,MM segments + collinearity (ILL §10),1.0,313931208.84753615,2401.4281229660455,4348.598933840103,200.0,90.18158773843096,1.60851316108156e-05
"LNL 2023-24, thick",1.0,1,+ point-vertex cut (est. /25),1.0,313931208.84753615,2401.4281229660455,4348.598933840103,8.0,90.18158773843096,1.5861393303813413e-05
"LNL 2023-24, thick",1.0,1,"+ CN pulsed beam, 2 ns in 333 ns (est.)",1.0,313931208.84753615,2401.4281229660455,4348.598933840103,0.14414414414414414,90.18158773843096,1.5852171599672392e-05
"LNL 2023-24, thick",1.0,7,no veto,1.0,2197518461.932753,16809.99686076232,30440.192536880724,126000.0,631.2711141690168,1.1472820268977018e-05
"LNL 2023-24, thick",1.0,7,MM segments + collinearity (ILL §10),1.0,2197518461.932753,16809.99686076232,30440.192536880724,1400.0,631.2711141690168,6.079608292565979e-06
"LNL 2023-24, thick",1.0,7,+ point-vertex cut (est. /25),1.0,2197518461.932753,16809.99686076232,30440.192536880724,56.0,631.2711141690168,5.995043161267922e-06
"LNL 2023-24, thick",1.0,7,"+ CN pulsed beam, 2 ns in 333 ns (est.)",1.0,2197518461.932753,16809.99686076232,30440.192536880724,1.009009009009009,631.2711141690168,5.991557684722015e-06
"LNL 2023-24, thick",1.0,30,no veto,1.0,9417936265.426085,72042.84368898137,130457.9680152031,540000.0,2705.447632152929,5.541898695302146e-06
"LNL 2023-24, thick",1.0,30,MM segments + collinearity (ILL §10),1.0,9417936265.426085,72042.84368898137,130457.9680152031,6000.0,2705.447632152929,2.93672980789437e-06
"LNL 2023-24, thick",1.0,30,+ point-vertex cut (est. /25),1.0,9417936265.426085,72042.84368898137,130457.9680152031,240.0,2705.447632152929,2.895880968653333e-06
"LNL 2023-24, thick",1.0,30,"+ CN pulsed beam, 2 ns in 333 ns (est.)",1.0,9417936265.426085,72042.84368898137,130457.9680152031,4.324324324324325,2705.447632152929,2.8941973235277743e-06
"LNL 2023-24, thick",4.0,1,no veto,1.0,1255724835.3901446,9605.712491864182,17394.395735360413,18000.0,360.72635095372385,1.0232415310575643e-05
"LNL 2023-24, thick",4.0,1,MM segments + collinearity (ILL §10),1.0,1255724835.3901446,9605.712491864182,17394.395735360413,200.0,360.72635095372385,7.955302452912913e-06
"LNL 2023-24, thick",4.0,1,+ point-vertex cut (est. /25),1.0,1255724835.3901446,9605.712491864182,17394.395735360413,8.0,360.72635095372385,7.927175302709317e-06
"LNL 2023-24, thick",4.0,1,"+ CN pulsed beam, 2 ns in 333 ns (est.)",1.0,1255724835.3901446,9605.712491864182,17394.395735360413,0.14414414414414414,360.72635095372385,7.926022329033318e-06
"LNL 2023-24, thick",4.0,7,no veto,1.0,8790073847.731012,67239.98744304928,121760.7701475229,126000.0,2525.084456676067,3.8674894604732705e-06
"LNL 2023-24, thick",4.0,7,MM segments + collinearity (ILL §10),1.0,8790073847.731012,67239.98744304928,121760.7701475229,1400.0,2525.084456676067,3.006821699244241e-06
"LNL 2023-24, thick",4.0,7,+ point-vertex cut (est. /25),1.0,8790073847.731012,67239.98744304928,121760.7701475229,56.0,2525.084456676067,2.996190635740288e-06
"LNL 2023-24, thick",4.0,7,"+ CN pulsed beam, 2 ns in 333 ns (est.)",1.0,8790073847.731012,67239.98744304928,121760.7701475229,1.009009009009009,2525.084456676067,2.9957548526524456e-06
"LNL 2023-24, thick",4.0,30,no veto,1.0,37671745061.70434,288171.3747559255,521831.8720608124,540000.0,10821.790528611717,1.868174894454503e-06
"LNL 2023-24, thick",4.0,30,MM segments + collinearity (ILL §10),1.0,37671745061.70434,288171.3747559255,521831.8720608124,6000.0,10821.790528611717,1.4524328684121934e-06
"LNL 2023-24, thick",4.0,30,+ point-vertex cut (est. /25),1.0,37671745061.70434,288171.3747559255,521831.8720608124,240.0,10821.790528611717,1.447297576863912e-06
"LNL 2023-24, thick",4.0,30,"+ CN pulsed beam, 2 ns in 333 ns (est.)",1.0,37671745061.70434,288171.3747559255,521831.8720608124,4.324324324324325,10821.790528611717,1.447087073633727e-06
"Li metal 1 um, enriched",0.8,1,no veto,1.0,61147127.36937412,421.5532403438747,659.3464797778967,18000.0,17.60177195751947,0.0001365501818077831
"Li metal 1 um, enriched",0.8,1,MM segments + collinearity (ILL §10),1.0,61147127.36937412,421.5532403438747,659.3464797778967,200.0,17.60177195751947,3.5379396750526775e-05
"Li metal 1 um, enriched",0.8,1,+ point-vertex cut (est. /25),1.0,61147127.36937412,421.5532403438747,659.3464797778967,8.0,17.60177195751947,3.26202136554567e-05
"Li metal 1 um, enriched",0.8,1,"+ CN pulsed beam, 2 ns in 333 ns (est.)",1.0,61147127.36937412,421.5532403438747,659.3464797778967,0.14414414414414414,17.60177195751947,3.2502331557469544e-05
"Li metal 1 um, enriched",0.8,7,no veto,1.0,428029891.5856188,2950.8726824071227,4615.425358445277,126000.0,123.2124037026363,5.16111175062929e-05
"Li metal 1 um, enriched",0.8,7,MM segments + collinearity (ILL §10),1.0,428029891.5856188,2950.8726824071227,4615.425358445277,1400.0,123.2124037026363,1.337215504819722e-05
"Li metal 1 um, enriched",0.8,7,+ point-vertex cut (est. /25),1.0,428029891.5856188,2950.8726824071227,4615.425358445277,56.0,123.2124037026363,1.2329281863733092e-05
"Li metal 1 um, enriched",0.8,7,"+ CN pulsed beam, 2 ns in 333 ns (est.)",1.0,428029891.5856188,2950.8726824071227,4615.425358445277,1.009009009009009,123.2124037026363,1.2284726618690153e-05
"Li metal 1 um, enriched",0.8,30,no veto,1.0,1834413821.0812237,12646.597210316242,19780.3943933369,540000.0,528.0531587255841,2.493053826918479e-05
"Li metal 1 um, enriched",0.8,30,MM segments + collinearity (ILL §10),1.0,1834413821.0812237,12646.597210316242,19780.3943933369,6000.0,528.0531587255841,6.459364557062832e-06
"Li metal 1 um, enriched",0.8,30,+ point-vertex cut (est. /25),1.0,1834413821.0812237,12646.597210316242,19780.3943933369,240.0,528.0531587255841,5.955608949910564e-06
"Li metal 1 um, enriched",0.8,30,"+ CN pulsed beam, 2 ns in 333 ns (est.)",1.0,1834413821.0812237,12646.597210316242,19780.3943933369,4.324324324324325,528.0531587255841,5.93408672184603e-06
"Li metal 1 um, enriched",1.0,1,no veto,1.0,76433909.21171764,526.9415504298433,824.1830997223708,18000.0,22.002214946899336,0.00011001095894881468
"Li metal 1 um, enriched",1.0,1,MM segments + collinearity (ILL §10),1.0,76433909.21171764,526.9415504298433,824.1830997223708,200.0,22.002214946899336,3.1146280820685874e-05
"Li metal 1 um, enriched",1.0,1,+ point-vertex cut (est. /25),1.0,76433909.21171764,526.9415504298433,824.1830997223708,8.0,22.002214946899336,2.9154962675996667e-05
"Li metal 1 um, enriched",1.0,1,"+ CN pulsed beam, 2 ns in 333 ns (est.)",1.0,76433909.21171764,526.9415504298433,824.1830997223708,0.14414414414414414,22.002214946899336,2.9070581487045324e-05
"Li metal 1 um, enriched",1.0,7,no veto,1.0,535037364.4820234,3688.5908530089027,5769.281698056596,126000.0,154.0155046282953,4.158023412432848e-05
"Li metal 1 um, enriched",1.0,7,MM segments + collinearity (ILL §10),1.0,535037364.4820234,3688.5908530089027,5769.281698056596,1400.0,154.0155046282953,1.177218761658794e-05
"Li metal 1 um, enriched",1.0,7,+ point-vertex cut (est. /25),1.0,535037364.4820234,3688.5908530089027,5769.281698056596,56.0,154.0155046282953,1.1019540103436771e-05
"Li metal 1 um, enriched",1.0,7,"+ CN pulsed beam, 2 ns in 333 ns (est.)",1.0,535037364.4820234,3688.5908530089027,5769.281698056596,1.009009009009009,154.0155046282953,1.0987647011822882e-05
"Li metal 1 um, enriched",1.0,30,no veto,1.0,2293017276.351529,15808.246512895299,24725.492991671123,540000.0,660.06644840698,2.0085161263013534e-05
"Li metal 1 um, enriched",1.0,30,MM segments + collinearity (ILL §10),1.0,2293017276.351529,15808.246512895299,24725.492991671123,6000.0,660.06644840698,5.686506862626724e-06
"Li metal 1 um, enriched",1.0,30,+ point-vertex cut (est. /25),1.0,2293017276.351529,15808.246512895299,24725.492991671123,240.0,660.06644840698,5.322943573621518e-06
"Li metal 1 um, enriched",1.0,30,"+ CN pulsed beam, 2 ns in 333 ns (est.)",1.0,2293017276.351529,15808.246512895299,24725.492991671123,4.324324324324325,660.06644840698,5.307537746748932e-06
"Li metal 1 um, enriched",4.0,1,no veto,1.0,305735636.84687054,2107.7662017193734,3296.732398889483,18000.0,88.00885978759734,3.0246318747818075e-05
"Li metal 1 um, enriched",4.0,1,MM segments + collinearity (ILL §10),1.0,305735636.84687054,2107.7662017193734,3296.732398889483,200.0,88.00885978759734,1.4801006057100093e-05
"Li metal 1 um, enriched",4.0,1,+ point-vertex cut (est. /25),1.0,305735636.84687054,2107.7662017193734,3296.732398889483,8.0,88.00885978759734,1.4545268828116306e-05
"Li metal 1 um, enriched",4.0,1,"+ CN pulsed beam, 2 ns in 333 ns (est.)",1.0,305735636.84687054,2107.7662017193734,3296.732398889483,0.14414414414414414,88.00885978759734,1.4534709284740904e-05
"Li metal 1 um, enriched",4.0,7,no veto,1.0,2140149457.9280937,14754.363412035611,23077.126792226383,126000.0,616.0620185131812,1.1432033925988172e-05
"Li metal 1 um, enriched",4.0,7,MM segments + collinearity (ILL §10),1.0,2140149457.9280937,14754.363412035611,23077.126792226383,1400.0,616.0620185131812,5.5942544543782164e-06
"Li metal 1 um, enriched",4.0,7,+ point-vertex cut (est. /25),1.0,2140149457.9280937,14754.363412035611,23077.126792226383,56.0,616.0620185131812,5.497594867396521e-06
"Li metal 1 um, enriched",4.0,7,"+ CN pulsed beam, 2 ns in 333 ns (est.)",1.0,2140149457.9280937,14754.363412035611,23077.126792226383,1.009009009009009,616.0620185131812,5.493603735149418e-06
"Li metal 1 um, enriched",4.0,30,no veto,1.0,9172069105.406116,63232.986051581196,98901.97196668449,540000.0,2640.26579362792,5.522197019890457e-06
"Li metal 1 um, enriched",4.0,30,MM segments + collinearity (ILL §10),1.0,9172069105.406116,63232.986051581196,98901.97196668449,6000.0,2640.26579362792,2.7022816304147726e-06
"Li metal 1 um, enriched",4.0,30,+ point-vertex cut (est. /25),1.0,9172069105.406116,63232.986051581196,98901.97196668449,240.0,2640.26579362792,2.655590614045345e-06
"Li metal 1 um, enriched",4.0,30,"+ CN pulsed beam, 2 ns in 333 ns (est.)",1.0,9172069105.406116,63232.986051581196,98901.97196668449,4.324324324324325,2640.26579362792,2.65366271401079e-06
Li metal stops beam (ATOMKI 2016 mishap),0.8,1,no veto,1.0,9889250006.981817,45383.829367313214,51475.168250068025,18000.0,658.0507535644936,8.961327894219146e-06
Li metal stops beam (ATOMKI 2016 mishap),0.8,1,MM segments + collinearity (ILL §10),1.0,9889250006.981817,45383.829367313214,51475.168250068025,200.0,658.0507535644936,8.237733888109879e-06
Li metal stops beam (ATOMKI 2016 mishap),0.8,1,+ point-vertex cut (est. /25),1.0,9889250006.981817,45383.829367313214,51475.168250068025,8.0,658.0507535644936,8.229582001556976e-06
Li metal stops beam (ATOMKI 2016 mishap),0.8,1,"+ CN pulsed beam, 2 ns in 333 ns (est.)",1.0,9889250006.981817,45383.829367313214,51475.168250068025,0.14414414414414414,658.0507535644936,8.229248287689615e-06
Li metal stops beam (ATOMKI 2016 mishap),0.8,7,no veto,1.0,69224750048.87271,317686.80557119247,360326.17775047617,126000.0,4606.355274951455,3.3870635750014275e-06
Li metal stops beam (ATOMKI 2016 mishap),0.8,7,MM segments + collinearity (ILL §10),1.0,69224750048.87271,317686.80557119247,360326.17775047617,1400.0,4606.355274951455,3.1135707478097025e-06
Li metal stops beam (ATOMKI 2016 mishap),0.8,7,+ point-vertex cut (est. /25),1.0,69224750048.87271,317686.80557119247,360326.17775047617,56.0,4606.355274951455,3.1104896243047038e-06
Li metal stops beam (ATOMKI 2016 mishap),0.8,7,"+ CN pulsed beam, 2 ns in 333 ns (est.)",1.0,69224750048.87271,317686.80557119247,360326.17775047617,1.009009009009009,4606.355274951455,3.1103634923186915e-06
Li metal stops beam (ATOMKI 2016 mishap),0.8,30,no veto,1.0,296677500209.45447,1361514.881019396,1544255.0475020406,540000.0,19741.522606934803,1.636107144288032e-06
Li metal stops beam (ATOMKI 2016 mishap),0.8,30,MM segments + collinearity (ILL §10),1.0,296677500209.45447,1361514.881019396,1544255.0475020406,6000.0,19741.522606934803,1.5039975577475064e-06
Li metal stops beam (ATOMKI 2016 mishap),0.8,30,+ point-vertex cut (est. /25),1.0,296677500209.45447,1361514.881019396,1544255.0475020406,240.0,19741.522606934803,1.5025092336970903e-06
Li metal stops beam (ATOMKI 2016 mishap),0.8,30,"+ CN pulsed beam, 2 ns in 333 ns (est.)",1.0,296677500209.45447,1361514.881019396,1544255.0475020406,4.324324324324325,19741.522606934803,1.5024483061594553e-06
Li metal stops beam (ATOMKI 2016 mishap),1.0,1,no veto,1.0,12361562508.727268,56729.7867091415,64343.96031258501,18000.0,822.5634419556168,7.888645177577548e-06
Li metal stops beam (ATOMKI 2016 mishap),1.0,1,MM segments + collinearity (ILL §10),1.0,12361562508.727268,56729.7867091415,64343.96031258501,200.0,822.5634419556168,7.366534762506987e-06
Li metal stops beam (ATOMKI 2016 mishap),1.0,1,+ point-vertex cut (est. /25),1.0,12361562508.727268,56729.7867091415,64343.96031258501,8.0,822.5634419556168,7.360701121836651e-06
Li metal stops beam (ATOMKI 2016 mishap),1.0,1,"+ CN pulsed beam, 2 ns in 333 ns (est.)",1.0,12361562508.727268,56729.7867091415,64343.96031258501,0.14414414414414414,822.5634419556168,7.360462334627232e-06
Li metal stops beam (ATOMKI 2016 mishap),1.0,7,no veto,1.0,86530937561.09088,397108.5069639905,450407.7221880951,126000.0,5757.944093689317,2.9816276172998802e-06
Li metal stops beam (ATOMKI 2016 mishap),1.0,7,MM segments + collinearity (ILL §10),1.0,86530937561.09088,397108.5069639905,450407.7221880951,1400.0,5757.944093689317,2.7842884294151067e-06
Li metal stops beam (ATOMKI 2016 mishap),1.0,7,+ point-vertex cut (est. /25),1.0,86530937561.09088,397108.5069639905,450407.7221880951,56.0,5757.944093689317,2.7820835204934174e-06
Li metal stops beam (ATOMKI 2016 mishap),1.0,7,"+ CN pulsed beam, 2 ns in 333 ns (est.)",1.0,86530937561.09088,397108.5069639905,450407.7221880951,1.009009009009009,5757.944093689317,2.7819932674116487e-06
Li metal stops beam (ATOMKI 2016 mishap),1.0,30,no veto,1.0,370846875261.818,1701893.6012742447,1930318.8093775501,540000.0,24676.903258668495,1.440262970637857e-06
Li metal stops beam (ATOMKI 2016 mishap),1.0,30,MM segments + collinearity (ILL §10),1.0,370846875261.818,1701893.6012742447,1930318.8093775501,6000.0,24676.903258668495,1.3449390866903466e-06
Li metal stops beam (ATOMKI 2016 mishap),1.0,30,+ point-vertex cut (est. /25),1.0,370846875261.818,1701893.6012742447,1930318.8093775501,240.0,24676.903258668495,1.3438740144945056e-06
Li metal stops beam (ATOMKI 2016 mishap),1.0,30,"+ CN pulsed beam, 2 ns in 333 ns (est.)",1.0,370846875261.818,1701893.6012742447,1930318.8093775501,4.324324324324325,24676.903258668495,1.3438304181141584e-06
Li metal stops beam (ATOMKI 2016 mishap),4.0,1,no veto,1.0,49446250034.90907,226919.146836566,257375.84125034005,18000.0,3290.253767822467,3.747997353399732e-06
Li metal stops beam (ATOMKI 2016 mishap),4.0,1,MM segments + collinearity (ILL §10),1.0,49446250034.90907,226919.146836566,257375.84125034005,200.0,3290.253767822467,3.6809888128647644e-06
Li metal stops beam (ATOMKI 2016 mishap),4.0,1,+ point-vertex cut (est. /25),1.0,49446250034.90907,226919.146836566,257375.84125034005,8.0,3290.253767822467,3.680259373032968e-06
Li metal stops beam (ATOMKI 2016 mishap),4.0,1,"+ CN pulsed beam, 2 ns in 333 ns (est.)",1.0,49446250034.90907,226919.146836566,257375.84125034005,0.14414414414414414,3290.253767822467,3.680229524255341e-06
Li metal stops beam (ATOMKI 2016 mishap),4.0,7,no veto,1.0,346123750244.3635,1588434.027855962,1801630.8887523804,126000.0,23031.776374757268,1.4166098445177085e-06
Li metal stops beam (ATOMKI 2016 mishap),4.0,7,MM segments + collinearity (ILL §10),1.0,346123750244.3635,1588434.027855962,1801630.8887523804,1400.0,23031.776374757268,1.3912829968072917e-06
Li metal stops beam (ATOMKI 2016 mishap),4.0,7,+ point-vertex cut (est. /25),1.0,346123750244.3635,1588434.027855962,1801630.8887523804,56.0,23031.776374757268,1.3910072944656749e-06
Li metal stops beam (ATOMKI 2016 mishap),4.0,7,"+ CN pulsed beam, 2 ns in 333 ns (est.)",1.0,346123750244.3635,1588434.027855962,1801630.8887523804,1.009009009009009,23031.776374757268,1.3909960126881692e-06
Li metal stops beam (ATOMKI 2016 mishap),4.0,30,no veto,1.0,1483387501047.272,6807574.405096979,7721275.237510201,540000.0,98707.61303467398,6.842875653088987e-07
Li metal stops beam (ATOMKI 2016 mishap),4.0,30,MM segments + collinearity (ILL §10),1.0,1483387501047.272,6807574.405096979,7721275.237510201,6000.0,98707.61303467398,6.720535355767315e-07
Li metal stops beam (ATOMKI 2016 mishap),4.0,30,+ point-vertex cut (est. /25),1.0,1483387501047.272,6807574.405096979,7721275.237510201,240.0,98707.61303467398,6.719203586933256e-07
Li metal stops beam (ATOMKI 2016 mishap),4.0,30,"+ CN pulsed beam, 2 ns in 333 ns (est.)",1.0,1483387501047.272,6807574.405096979,7721275.237510201,4.324324324324325,98707.61303467398,6.719149090770521e-07
"Li2O 300, enriched",0.8,1,no veto,1.0,159661033.8164224,1111.6426877392469,1790.309503939603,18000.0,45.95246528975436,5.4743663521469235e-05
"Li2O 300, enriched",0.8,1,MM segments + collinearity (ILL §10),1.0,159661033.8164224,1111.6426877392469,1790.309503939603,200.0,45.95246528975436,2.1089096915077743e-05
"Li2O 300, enriched",0.8,1,+ point-vertex cut (est. /25),1.0,159661033.8164224,1111.6426877392469,1790.309503939603,8.0,45.95246528975436,2.04260015045126e-05
"Li2O 300, enriched",0.8,1,"+ CN pulsed beam, 2 ns in 333 ns (est.)",1.0,159661033.8164224,1111.6426877392469,1790.309503939603,0.14414414414414414,45.95246528975436,2.03984113314778e-05
"Li2O 300, enriched",0.8,7,no veto,1.0,1117627236.7149568,7781.498814174727,12532.166527577223,126000.0,321.6672570282805,2.0691159933486572e-05
"Li2O 300, enriched",0.8,7,MM segments + collinearity (ILL §10),1.0,1117627236.7149568,7781.498814174727,12532.166527577223,1400.0,321.6672570282805,7.970929401747877e-06
"Li2O 300, enriched",0.8,7,+ point-vertex cut (est. /25),1.0,1117627236.7149568,7781.498814174727,12532.166527577223,56.0,321.6672570282805,7.720302894338785e-06
"Li2O 300, enriched",0.8,7,"+ CN pulsed beam, 2 ns in 333 ns (est.)",1.0,1117627236.7149568,7781.498814174727,12532.166527577223,1.009009009009009,321.6672570282805,7.709874789127455e-06
"Li2O 300, enriched",0.8,30,no veto,1.0,4789831014.492672,33349.280632177404,53709.28511818809,540000.0,1378.5739586926309,9.994779797060464e-06
"Li2O 300, enriched",0.8,30,MM segments + collinearity (ILL §10),1.0,4789831014.492672,33349.280632177404,53709.28511818809,6000.0,1378.5739586926309,3.850324699266896e-06
"Li2O 300, enriched",0.8,30,+ point-vertex cut (est. /25),1.0,4789831014.492672,33349.280632177404,53709.28511818809,240.0,1378.5739586926309,3.7292605945520033e-06
"Li2O 300, enriched",0.8,30,"+ CN pulsed beam, 2 ns in 333 ns (est.)",1.0,4789831014.492672,33349.280632177404,53709.28511818809,4.324324324324325,1378.5739586926309,3.7242233411731256e-06
"Li2O 300, enriched",1.0,1,no veto,1.0,199576292.27052796,1389.553359674058,2237.886879924504,18000.0,57.440581612192936,4.454848917902394e-05
"Li2O 300, enriched",1.0,1,MM segments + collinearity (ILL §10),1.0,199576292.27052796,1389.553359674058,2237.886879924504,200.0,57.440581612192936,1.8740649092715588e-05
"Li2O 300, enriched",1.0,1,+ point-vertex cut (est. /25),1.0,199576292.27052796,1389.553359674058,2237.886879924504,8.0,57.440581612192936,1.8264547813409984e-05
"Li2O 300, enriched",1.0,1,"+ CN pulsed beam, 2 ns in 333 ns (est.)",1.0,199576292.27052796,1389.553359674058,2237.886879924504,0.14414414414414414,57.440581612192936,1.8244803127336245e-05
"Li2O 300, enriched",1.0,7,no veto,1.0,1397034045.8936958,9726.873517718406,15665.208159471526,126000.0,402.0840712853506,1.6837746235907047e-05
"Li2O 300, enriched",1.0,7,MM segments + collinearity (ILL §10),1.0,1397034045.8936958,9726.873517718406,15665.208159471526,1400.0,402.0840712853506,7.083299558179099e-06
"Li2O 300, enriched",1.0,7,+ point-vertex cut (est. /25),1.0,1397034045.8936958,9726.873517718406,15665.208159471526,56.0,402.0840712853506,6.903350189047339e-06
"Li2O 300, enriched",1.0,7,"+ CN pulsed beam, 2 ns in 333 ns (est.)",1.0,1397034045.8936958,9726.873517718406,15665.208159471526,1.009009009009009,402.0840712853506,6.895887399180744e-06
"Li2O 300, enriched",1.0,30,no veto,1.0,5987288768.115839,41686.600790221746,67136.6063977351,540000.0,1723.2174483657882,8.133404142042072e-06
"Li2O 300, enriched",1.0,30,MM segments + collinearity (ILL §10),1.0,5987288768.115839,41686.600790221746,67136.6063977351,6000.0,1723.2174483657882,3.421558750123017e-06
"Li2O 300, enriched",1.0,30,+ point-vertex cut (est. /25),1.0,5987288768.115839,41686.600790221746,67136.6063977351,240.0,1723.2174483657882,3.3346349466787696e-06
"Li2O 300, enriched",1.0,30,"+ CN pulsed beam, 2 ns in 333 ns (est.)",1.0,5987288768.115839,41686.600790221746,67136.6063977351,4.324324324324325,1723.2174483657882,3.3310300766942873e-06
"Li2O 300, enriched",4.0,1,no veto,1.0,798305169.0821118,5558.213438696232,8951.547519698015,18000.0,229.76232644877174,1.3654547619108754e-05
"Li2O 300, enriched",4.0,1,MM segments + collinearity (ILL §10),1.0,798305169.0821118,5558.213438696232,8951.547519698015,200.0,229.76232644877174,9.184874697031884e-06
"Li2O 300, enriched",4.0,1,+ point-vertex cut (est. /25),1.0,798305169.0821118,5558.213438696232,8951.547519698015,8.0,229.76232644877174,9.124734755099949e-06
"Li2O 300, enriched",4.0,1,"+ CN pulsed beam, 2 ns in 333 ns (est.)",1.0,798305169.0821118,5558.213438696232,8951.547519698015,0.14414414414414414,229.76232644877174,9.122265631210338e-06
"Li2O 300, enriched",4.0,7,no veto,1.0,5588136183.574783,38907.494070873625,62660.8326378861,126000.0,1608.3362851414024,5.160933895035839e-06
"Li2O 300, enriched",4.0,7,MM segments + collinearity (ILL §10),1.0,5588136183.574783,38907.494070873625,62660.8326378861,1400.0,1608.3362851414024,3.471556324519442e-06
"Li2O 300, enriched",4.0,7,+ point-vertex cut (est. /25),1.0,5588136183.574783,38907.494070873625,62660.8326378861,56.0,1608.3362851414024,3.448825563060333e-06
"Li2O 300, enriched",4.0,7,"+ CN pulsed beam, 2 ns in 333 ns (est.)",1.0,5588136183.574783,38907.494070873625,62660.8326378861,1.009009009009009,1608.3362851414024,3.4478923219506014e-06
"Li2O 300, enriched",4.0,30,no veto,1.0,23949155072.463356,166746.40316088698,268546.4255909404,540000.0,6892.869793463153,2.4929679145047744e-06
"Li2O 300, enriched",4.0,30,MM segments + collinearity (ILL §10),1.0,23949155072.463356,166746.40316088698,268546.4255909404,6000.0,6892.869793463153,1.6769210198075973e-06
"Li2O 300, enriched",4.0,30,+ point-vertex cut (est. /25),1.0,23949155072.463356,166746.40316088698,268546.4255909404,240.0,6892.869793463153,1.6659410188732064e-06
"Li2O 300, enriched",4.0,30,"+ CN pulsed beam, 2 ns in 333 ns (est.)",1.0,23949155072.463356,166746.40316088698,268546.4255909404,4.324324324324325,6892.869793463153,1.6654902205893351e-06
"Li2O 100, enriched",0.8,1,no veto,1.0,54622216.89440846,378.02330623567275,584.1506940650447,18000.0,15.723968349334468,0.000152381116394279
"Li2O 100, enriched",0.8,1,MM segments + collinearity (ILL §10),1.0,54622216.89440846,378.02330623567275,584.1506940650447,200.0,15.723968349334468,3.772442813258146e-05
"Li2O 100, enriched",0.8,1,+ point-vertex cut (est. /25),1.0,54622216.89440846,378.02330623567275,584.1506940650447,8.0,15.723968349334468,3.446766816975753e-05
"Li2O 100, enriched",0.8,1,"+ CN pulsed beam, 2 ns in 333 ns (est.)",1.0,54622216.89440846,378.02330623567275,584.1506940650447,0.14414414414414414,15.723968349334468,3.432783583014934e-05
"Li2O 100, enriched",0.8,7,no veto,1.0,382355518.2608592,2646.1631436497096,4089.054858455313,126000.0,110.06777844534129,5.7594648354521375e-05
"Li2O 100, enriched",0.8,7,MM segments + collinearity (ILL §10),1.0,382355518.2608592,2646.1631436497096,4089.054858455313,1400.0,110.06777844534129,1.4258493598705616e-05
"Li2O 100, enriched",0.8,7,+ point-vertex cut (est. /25),1.0,382355518.2608592,2646.1631436497096,4089.054858455313,56.0,110.06777844534129,1.3027554035639319e-05
"Li2O 100, enriched",0.8,7,"+ CN pulsed beam, 2 ns in 333 ns (est.)",1.0,382355518.2608592,2646.1631436497096,4089.054858455313,1.009009009009009,110.06777844534129,1.2974702379089662e-05
"Li2O 100, enriched",0.8,30,no veto,1.0,1638666506.8322537,11340.699187070184,17524.52082195134,540000.0,471.71905048003407,2.7820858262322297e-05
"Li2O 100, enriched",0.8,30,MM segments + collinearity (ILL §10),1.0,1638666506.8322537,11340.699187070184,17524.52082195134,6000.0,471.71905048003407,6.887506752399118e-06
"Li2O 100, enriched",0.8,30,+ point-vertex cut (est. /25),1.0,1638666506.8322537,11340.699187070184,17524.52082195134,240.0,471.71905048003407,6.292906453726333e-06
"Li2O 100, enriched",0.8,30,"+ CN pulsed beam, 2 ns in 333 ns (est.)",1.0,1638666506.8322537,11340.699187070184,17524.52082195134,4.324324324324325,471.71905048003407,6.267376678168958e-06
"Li2O 100, enriched",1.0,1,no veto,1.0,68277771.11801058,472.529132794591,730.188367581306,18000.0,19.654960436668087,0.00012267566496174635
"Li2O 100, enriched",1.0,1,MM segments + collinearity (ILL §10),1.0,68277771.11801058,472.529132794591,730.188367581306,200.0,19.654960436668087,3.315600389370345e-05
"Li2O 100, enriched",1.0,1,+ point-vertex cut (est. /25),1.0,68277771.11801058,472.529132794591,730.188367581306,8.0,19.654960436668087,3.080338786112032e-05
"Li2O 100, enriched",1.0,1,"+ CN pulsed beam, 2 ns in 333 ns (est.)",1.0,68277771.11801058,472.529132794591,730.188367581306,0.14414414414414414,19.654960436668087,3.070328986451065e-05
"Li2O 100, enriched",1.0,7,no veto,1.0,477944397.826074,3307.7039295621366,5111.318573069141,126000.0,137.58472305667658,4.6367043058322985e-05
"Li2O 100, enriched",1.0,7,MM segments + collinearity (ILL §10),1.0,477944397.826074,3307.7039295621366,5111.318573069141,1400.0,137.58472305667658,1.2531791538775512e-05
"Li2O 100, enriched",1.0,7,+ point-vertex cut (est. /25),1.0,477944397.826074,3307.7039295621366,5111.318573069141,56.0,137.58472305667658,1.164258625982717e-05
"Li2O 100, enriched",1.0,7,"+ CN pulsed beam, 2 ns in 333 ns (est.)",1.0,477944397.826074,3307.7039295621366,5111.318573069141,1.009009009009009,137.58472305667658,1.1604752773289318e-05
"Li2O 100, enriched",1.0,30,no veto,1.0,2048333133.5403173,14175.87398383773,21905.65102743918,540000.0,589.6488131000426,2.2397409652164867e-05
"Li2O 100, enriched",1.0,30,MM segments + collinearity (ILL §10),1.0,2048333133.5403173,14175.87398383773,21905.65102743918,6000.0,589.6488131000426,6.053430416436832e-06
"Li2O 100, enriched",1.0,30,+ point-vertex cut (est. /25),1.0,2048333133.5403173,14175.87398383773,21905.65102743918,240.0,589.6488131000426,5.623903459705469e-06
"Li2O 100, enriched",1.0,30,"+ CN pulsed beam, 2 ns in 333 ns (est.)",1.0,2048333133.5403173,14175.87398383773,21905.65102743918,4.324324324324325,589.6488131000426,5.60562814947074e-06
"Li2O 100, enriched",4.0,1,no veto,1.0,273111084.4720423,1890.116531178364,2920.753470325224,18000.0,78.61984174667235,3.342627699380468e-05
"Li2O 100, enriched",4.0,1,MM segments + collinearity (ILL §10),1.0,273111084.4720423,1890.116531178364,2920.753470325224,200.0,78.61984174667235,1.5666560166197816e-05
"Li2O 100, enriched",4.0,1,+ point-vertex cut (est. /25),1.0,273111084.4720423,1890.116531178364,2920.753470325224,8.0,78.61984174667235,1.536348314303448e-05
"Li2O 100, enriched",4.0,1,"+ CN pulsed beam, 2 ns in 333 ns (est.)",1.0,273111084.4720423,1890.116531178364,2920.753470325224,0.14414414414414414,78.61984174667235,1.5350955046353027e-05
"Li2O 100, enriched",4.0,7,no veto,1.0,1911777591.304296,13230.815718248547,20445.274292276565,126000.0,550.3388922267063,1.2633945168623845e-05
"Li2O 100, enriched",4.0,7,MM segments + collinearity (ILL §10),1.0,1911777591.304296,13230.815718248547,20445.274292276565,1400.0,550.3388922267063,5.921403157084311e-06
"Li2O 100, enriched",4.0,7,+ point-vertex cut (est. /25),1.0,1911777591.304296,13230.815718248547,20445.274292276565,56.0,550.3388922267063,5.806850809743175e-06
"Li2O 100, enriched",4.0,7,"+ CN pulsed beam, 2 ns in 333 ns (est.)",1.0,1911777591.304296,13230.815718248547,20445.274292276565,1.009009009009009,550.3388922267063,5.802115634283159e-06
"Li2O 100, enriched",4.0,30,no veto,1.0,8193332534.161269,56703.49593535092,87622.60410975672,540000.0,2358.5952524001705,6.102775307640932e-06
"Li2O 100, enriched",4.0,30,MM segments + collinearity (ILL §10),1.0,8193332534.161269,56703.49593535092,87622.60410975672,6000.0,2358.5952524001705,2.860309467179476e-06
"Li2O 100, enriched",4.0,30,+ point-vertex cut (est. /25),1.0,8193332534.161269,56703.49593535092,87622.60410975672,240.0,2358.5952524001705,2.8049754264301185e-06
"Li2O 100, enriched",4.0,30,"+ CN pulsed beam, 2 ns in 333 ns (est.)",1.0,8193332534.161269,56703.49593535092,87622.60410975672,4.324324324324325,2358.5952524001705,2.8026881193784387e-06
"ATOMKI 2022, on 17.64",0.8,1,no veto,0.0,809442719.5543386,2665.7285577814114,0.0,18000.0,1.5669682321024503,0.0015962996437559765
"ATOMKI 2022, on 17.64",0.8,1,MM segments + collinearity (ILL §10),0.0,809442719.5543386,2665.7285577814114,0.0,200.0,1.5669682321024503,0.000594438024438508
"ATOMKI 2022, on 17.64",0.8,1,+ point-vertex cut (est. /25),0.0,809442719.5543386,2665.7285577814114,0.0,8.0,1.5669682321024503,0.0005741795409583431
"ATOMKI 2022, on 17.64",0.8,1,"+ CN pulsed beam, 2 ns in 333 ns (est.)",0.0,809442719.5543386,2665.7285577814114,0.0,0.14414414414414414,1.5669682321024503,0.0005733354033126277
"ATOMKI 2022, on 17.64",0.8,7,no veto,0.0,5666099036.88037,18660.09990446988,0.0,126000.0,10.968777624717154,0.0006033445536170448
"ATOMKI 2022, on 17.64",0.8,7,MM segments + collinearity (ILL §10),0.0,5666099036.88037,18660.09990446988,0.0,1400.0,10.968777624717154,0.00022467645464354678
"ATOMKI 2022, on 17.64",0.8,7,+ point-vertex cut (est. /25),0.0,5666099036.88037,18660.09990446988,0.0,56.0,10.968777624717154,0.00021701946761100012
"ATOMKI 2022, on 17.64",0.8,7,"+ CN pulsed beam, 2 ns in 333 ns (est.)",0.0,5666099036.88037,18660.09990446988,0.0,1.009009009009009,10.968777624717154,0.00021670041357059
"ATOMKI 2022, on 17.64",0.8,30,no veto,0.0,24283281586.630157,79971.85673344234,0.0,540000.0,47.009046963073516,0.0002914431078075363
"ATOMKI 2022, on 17.64",0.8,30,MM segments + collinearity (ILL §10),0.0,24283281586.630157,79971.85673344234,0.0,6000.0,47.009046963073516,0.00010852903834125934
"ATOMKI 2022, on 17.64",0.8,30,+ point-vertex cut (est. /25),0.0,24283281586.630157,79971.85673344234,0.0,240.0,47.009046963073516,0.00010483036221361531
"ATOMKI 2022, on 17.64",0.8,30,"+ CN pulsed beam, 2 ns in 333 ns (est.)",0.0,24283281586.630157,79971.85673344234,0.0,4.324324324324325,47.009046963073516,0.0001046762444702161
"ATOMKI 2022, on 17.64",1.0,1,no veto,0.0,1011803399.4429232,3332.1606972267646,0.0,18000.0,1.9587102901280629,0.0012974674359983091
"ATOMKI 2022, on 17.64",1.0,1,MM segments + collinearity (ILL §10),0.0,1011803399.4429232,3332.1606972267646,0.0,200.0,1.9587102901280629,0.000527957872667395
"ATOMKI 2022, on 17.64",1.0,1,+ point-vertex cut (est. /25),0.0,1011803399.4429232,3332.1606972267646,0.0,8.0,1.9587102901280629,0.0005134081093436476
"ATOMKI 2022, on 17.64",1.0,1,"+ CN pulsed beam, 2 ns in 333 ns (est.)",0.0,1011803399.4429232,3332.1606972267646,0.0,0.14414414414414414,1.9587102901280629,0.0005128040015241607
"ATOMKI 2022, on 17.64",1.0,7,no veto,0.0,7082623796.100463,23325.124880587355,0.0,126000.0,13.710972030896441,0.0004903965956937341
"ATOMKI 2022, on 17.64",1.0,7,MM segments + collinearity (ILL §10),0.0,7082623796.100463,23325.124880587355,0.0,1400.0,13.710972030896441,0.00019954931911380465
"ATOMKI 2022, on 17.64",1.0,7,+ point-vertex cut (est. /25),0.0,7082623796.100463,23325.124880587355,0.0,56.0,13.710972030896441,0.00019405002548673544
"ATOMKI 2022, on 17.64",1.0,7,"+ CN pulsed beam, 2 ns in 333 ns (est.)",0.0,7082623796.100463,23325.124880587355,0.0,1.009009009009009,13.710972030896441,0.00019382169419310236
"ATOMKI 2022, on 17.64",1.0,30,no veto,0.0,30354101983.2877,99964.82091680296,0.0,540000.0,58.7613087038419,0.00023688406077488808
"ATOMKI 2022, on 17.64",1.0,30,MM segments + collinearity (ILL §10),0.0,30354101983.2877,99964.82091680296,0.0,6000.0,58.7613087038419,9.639147875745747e-05
"ATOMKI 2022, on 17.64",1.0,30,+ point-vertex cut (est. /25),0.0,30354101983.2877,99964.82091680296,0.0,240.0,58.7613087038419,9.373506756453153e-05
"ATOMKI 2022, on 17.64",1.0,30,"+ CN pulsed beam, 2 ns in 333 ns (est.)",0.0,30354101983.2877,99964.82091680296,0.0,4.324324324324325,58.7613087038419,9.362477307123212e-05
"ATOMKI 2022, on 17.64",4.0,1,no veto,0.0,4047213597.7716928,13328.642788907058,0.0,18000.0,7.834841160512251,0.00039308805105567823
"ATOMKI 2022, on 17.64",4.0,1,MM segments + collinearity (ILL §10),0.0,4047213597.7716928,13328.642788907058,0.0,200.0,7.834841160512251,0.00025831294271187315
"ATOMKI 2022, on 17.64",4.0,1,+ point-vertex cut (est. /25),0.0,4047213597.7716928,13328.642788907058,0.0,8.0,7.834841160512251,0.00025647338962695246
"ATOMKI 2022, on 17.64",4.0,1,"+ CN pulsed beam, 2 ns in 333 ns (est.)",0.0,4047213597.7716928,13328.642788907058,0.0,0.14414414414414414,7.834841160512251,0.0002563978415747671
"ATOMKI 2022, on 17.64",4.0,7,no veto,0.0,28330495184.40185,93300.49952234942,0.0,126000.0,54.843888123585764,0.00014857331806348363
"ATOMKI 2022, on 17.64",4.0,7,MM segments + collinearity (ILL §10),0.0,28330495184.40185,93300.49952234942,0.0,1400.0,54.843888123585764,9.763311526355587e-05
"ATOMKI 2022, on 17.64",4.0,7,+ point-vertex cut (est. /25),0.0,28330495184.40185,93300.49952234942,0.0,56.0,54.843888123585764,9.69378295512413e-05
"ATOMKI 2022, on 17.64",4.0,7,"+ CN pulsed beam, 2 ns in 333 ns (est.)",0.0,28330495184.40185,93300.49952234942,0.0,1.009009009009009,54.843888123585764,9.690927507151017e-05
"ATOMKI 2022, on 17.64",4.0,30,no veto,0.0,121416407933.1508,399859.2836672118,0.0,540000.0,235.0452348153676,7.176773088297913e-05
"ATOMKI 2022, on 17.64",4.0,30,MM segments + collinearity (ILL §10),0.0,121416407933.1508,399859.2836672118,0.0,6000.0,235.0452348153676,4.716127520627755e-05
"ATOMKI 2022, on 17.64",4.0,30,+ point-vertex cut (est. /25),0.0,121416407933.1508,399859.2836672118,0.0,240.0,235.0452348153676,4.682542029949778e-05
"ATOMKI 2022, on 17.64",4.0,30,"+ CN pulsed beam, 2 ns in 333 ns (est.)",0.0,121416407933.1508,399859.2836672118,0.0,4.324324324324325,235.0452348153676,4.681162717537862e-05
"ATOMKI 2016, 18.15 res",0.8,1,no veto,0.0,152813191.80228078,1094.8466326010846,0.0,18000.0,43.95373845174131,5.4703046804552436e-05
"ATOMKI 2016, 18.15 res",0.8,1,MM segments + collinearity (ILL §10),0.0,152813191.80228078,1094.8466326010846,0.0,200.0,43.95373845174131,1.424500462438423e-05
"ATOMKI 2016, 18.15 res",0.8,1,+ point-vertex cut (est. /25),0.0,152813191.80228078,1094.8466326010846,0.0,8.0,43.95373845174131,1.3146525539456402e-05
"ATOMKI 2016, 18.15 res",0.8,1,"+ CN pulsed beam, 2 ns in 333 ns (est.)",0.0,152813191.80228078,1094.8466326010846,0.0,0.14414414414414414,43.95373845174131,1.3099618842735971e-05
"ATOMKI 2016, 18.15 res",0.8,7,no veto,0.0,1069692342.6159656,7663.926428207594,0.0,126000.0,307.6761691621892,2.0675808257481748e-05
"ATOMKI 2016, 18.15 res",0.8,7,MM segments + collinearity (ILL §10),0.0,1069692342.6159656,7663.926428207594,0.0,1400.0,307.6761691621892,5.38410566586939e-06
"ATOMKI 2016, 18.15 res",0.8,7,+ point-vertex cut (est. /25),0.0,1069692342.6159656,7663.926428207594,0.0,56.0,307.6761691621892,4.968919597422985e-06
"ATOMKI 2016, 18.15 res",0.8,7,"+ CN pulsed beam, 2 ns in 333 ns (est.)",0.0,1069692342.6159656,7663.926428207594,0.0,1.009009009009009,307.6761691621892,4.9511905325164445e-06
"ATOMKI 2016, 18.15 res",0.8,30,no veto,0.0,4584395754.068424,32845.39897803254,0.0,540000.0,1318.6121535522395,9.987364233038086e-06
"ATOMKI 2016, 18.15 res",0.8,30,MM segments + collinearity (ILL §10),0.0,4584395754.068424,32845.39897803254,0.0,6000.0,1318.6121535522395,2.600770121513549e-06
"ATOMKI 2016, 18.15 res",0.8,30,+ point-vertex cut (est. /25),0.0,4584395754.068424,32845.39897803254,0.0,240.0,1318.6121535522395,2.4002161969260135e-06
"ATOMKI 2016, 18.15 res",0.8,30,"+ CN pulsed beam, 2 ns in 333 ns (est.)",0.0,4584395754.068424,32845.39897803254,0.0,4.324324324324325,1318.6121535522395,2.39165224496207e-06
"ATOMKI 2016, 18.15 res",1.0,1,no veto,0.0,191016489.75285098,1368.5582907513558,0.0,18000.0,54.942173064676645,4.4074973839171045e-05
"ATOMKI 2016, 18.15 res",1.0,1,MM segments + collinearity (ILL §10),0.0,191016489.75285098,1368.5582907513558,0.0,200.0,54.942173064676645,1.2542778329944459e-05
"ATOMKI 2016, 18.15 res",1.0,1,+ point-vertex cut (est. /25),0.0,191016489.75285098,1368.5582907513558,0.0,8.0,54.942173064676645,1.1750077170855907e-05
"ATOMKI 2016, 18.15 res",1.0,1,"+ CN pulsed beam, 2 ns in 333 ns (est.)",0.0,191016489.75285098,1368.5582907513558,0.0,0.14414414414414414,54.942173064676645,1.1716501046085172e-05
"ATOMKI 2016, 18.15 res",1.0,7,no veto,0.0,1337115428.2699568,9579.90803525949,0.0,126000.0,384.5952114527364,1.6658774260017766e-05
"ATOMKI 2016, 18.15 res",1.0,7,MM segments + collinearity (ILL §10),0.0,1337115428.2699568,9579.90803525949,0.0,1400.0,384.5952114527364,4.740724601549014e-06
"ATOMKI 2016, 18.15 res",1.0,7,+ point-vertex cut (est. /25),0.0,1337115428.2699568,9579.90803525949,0.0,56.0,384.5952114527364,4.4411117257003055e-06
"ATOMKI 2016, 18.15 res",1.0,7,"+ CN pulsed beam, 2 ns in 333 ns (est.)",0.0,1337115428.2699568,9579.90803525949,0.0,1.009009009009009,384.5952114527364,4.428421143395642e-06
"ATOMKI 2016, 18.15 res",1.0,30,no veto,0.0,5730494692.58553,41056.74872254068,0.0,540000.0,1648.2651919402992,8.046952464388019e-06
"ATOMKI 2016, 18.15 res",1.0,30,MM segments + collinearity (ILL §10),0.0,5730494692.58553,41056.74872254068,0.0,6000.0,1648.2651919402992,2.2899875416991856e-06
"ATOMKI 2016, 18.15 res",1.0,30,+ point-vertex cut (est. /25),0.0,5730494692.58553,41056.74872254068,0.0,240.0,1648.2651919402992,2.1452607729680884e-06
"ATOMKI 2016, 18.15 res",1.0,30,"+ CN pulsed beam, 2 ns in 333 ns (est.)",0.0,5730494692.58553,41056.74872254068,0.0,4.324324324324325,1648.2651919402992,2.139130639324575e-06
"ATOMKI 2016, 18.15 res",4.0,1,no veto,0.0,764065959.0114039,5474.233163005423,0.0,18000.0,219.76869225870658,1.2130511988493333e-05
"ATOMKI 2016, 18.15 res",4.0,1,MM segments + collinearity (ILL §10),0.0,764065959.0114039,5474.233163005423,0.0,200.0,219.76869225870658,5.9639914641863374e-06
"ATOMKI 2016, 18.15 res",4.0,1,+ point-vertex cut (est. /25),0.0,764065959.0114039,5474.233163005423,0.0,8.0,219.76869225870658,5.862220847539059e-06
"ATOMKI 2016, 18.15 res",4.0,1,"+ CN pulsed beam, 2 ns in 333 ns (est.)",0.0,764065959.0114039,5474.233163005423,0.0,0.14414414414414414,219.76869225870658,5.858019159061952e-06
"ATOMKI 2016, 18.15 res",4.0,7,no veto,0.0,5348461713.079827,38319.63214103796,0.0,126000.0,1538.3808458109456,4.5849025710629964e-06
"ATOMKI 2016, 18.15 res",4.0,7,MM segments + collinearity (ILL §10),0.0,5348461713.079827,38319.63214103796,0.0,1400.0,1538.3808458109456,2.254176890792719e-06
"ATOMKI 2016, 18.15 res",4.0,7,+ point-vertex cut (est. /25),0.0,5348461713.079827,38319.63214103796,0.0,56.0,1538.3808458109456,2.215711213303806e-06
"ATOMKI 2016, 18.15 res",4.0,7,"+ CN pulsed beam, 2 ns in 333 ns (est.)",0.0,5348461713.079827,38319.63214103796,0.0,1.009009009009009,1538.3808458109456,2.2141231243328074e-06
"ATOMKI 2016, 18.15 res",4.0,30,no veto,0.0,22921978770.34212,164226.99489016272,0.0,540000.0,6593.060767761197,2.2147183500615492e-06
"ATOMKI 2016, 18.15 res",4.0,30,MM segments + collinearity (ILL §10),0.0,22921978770.34212,164226.99489016272,0.0,6000.0,6593.060767761197,1.0888708859010404e-06
"ATOMKI 2016, 18.15 res",4.0,30,+ point-vertex cut (est. /25),0.0,22921978770.34212,164226.99489016272,0.0,240.0,6593.060767761197,1.0702901984247317e-06
"ATOMKI 2016, 18.15 res",4.0,30,"+ CN pulsed beam, 2 ns in 333 ns (est.)",0.0,22921978770.34212,164226.99489016272,0.0,4.324324324324325,6593.060767761197,1.0695230785718918e-06
ATOMKI 2016 anomaly,0.8,1,no veto,0.0,127718047.36426856,915.6920954104478,0.0,18000.0,36.755557885186654,6.510844863327796e-05
ATOMKI 2016 anomaly,0.8,1,MM segments + collinearity (ILL §10),0.0,127718047.36426856,915.6920954104478,0.0,200.0,36.755557885186654,1.581242240650821e-05
ATOMKI 2016 anomaly,0.8,1,+ point-vertex cut (est. /25),0.0,127718047.36426856,915.6920954104478,0.0,8.0,36.755557885186654,1.4387649285386625e-05
ATOMKI 2016 anomaly,0.8,1,"+ CN pulsed beam, 2 ns in 333 ns (est.)",0.0,127718047.36426856,915.6920954104478,0.0,0.14414414414414414,36.755557885186654,1.4326336296618416e-05
ATOMKI 2016 anomaly,0.8,7,no veto,0.0,894026331.5498799,6409.844667873134,0.0,126000.0,257.2889051963066,2.4608680476125245e-05
ATOMKI 2016 anomaly,0.8,7,MM segments + collinearity (ILL §10),0.0,894026331.5498799,6409.844667873134,0.0,1400.0,257.2889051963066,5.97653390187517e-06
ATOMKI 2016 anomaly,0.8,7,+ point-vertex cut (est. /25),0.0,894026331.5498799,6409.844667873134,0.0,56.0,257.2889051963066,5.438020279992739e-06
ATOMKI 2016 anomaly,0.8,7,"+ CN pulsed beam, 2 ns in 333 ns (est.)",0.0,894026331.5498799,6409.844667873134,0.0,1.009009009009009,257.2889051963066,5.414846148504343e-06
ATOMKI 2016 anomaly,0.8,30,no veto,0.0,3831541420.9280567,27470.762862313433,0.0,540000.0,1102.6667365555995,1.1887122000204247e-05
ATOMKI 2016 anomaly,0.8,30,MM segments + collinearity (ILL §10),0.0,3831541420.9280567,27470.762862313433,0.0,6000.0,1102.6667365555995,2.886940146948223e-06
ATOMKI 2016 anomaly,0.8,30,+ point-vertex cut (est. /25),0.0,3831541420.9280567,27470.762862313433,0.0,240.0,1102.6667365555995,2.626813354359779e-06
ATOMKI 2016 anomaly,0.8,30,"+ CN pulsed beam, 2 ns in 333 ns (est.)",0.0,3831541420.9280567,27470.762862313433,0.0,4.324324324324325,1102.6667365555995,2.6156191853543097e-06
ATOMKI 2016 anomaly,1.0,1,no veto,0.0,159647559.2053357,1144.6151192630598,0.0,18000.0,45.94444735648332,5.240099532172463e-05
ATOMKI 2016 anomaly,1.0,1,MM segments + collinearity (ILL §10),0.0,159647559.2053357,1144.6151192630598,0.0,200.0,45.94444735648332,1.3887216669382725e-05
ATOMKI 2016 anomaly,1.0,1,+ point-vertex cut (est. /25),0.0,159647559.2053357,1144.6151192630598,0.0,8.0,45.94444735648332,1.2857554455056578e-05
ATOMKI 2016 anomaly,1.0,1,"+ CN pulsed beam, 2 ns in 333 ns (est.)",0.0,159647559.2053357,1144.6151192630598,0.0,0.14414414414414414,45.94444735648332,1.2813663051151221e-05
ATOMKI 2016 anomaly,1.0,7,no veto,0.0,1117532914.4373498,8012.305834841417,0.0,126000.0,321.6111314953832,1.980571458193463e-05
ATOMKI 2016 anomaly,1.0,7,MM segments + collinearity (ILL §10),0.0,1117532914.4373498,8012.305834841417,0.0,1400.0,321.6111314953832,5.248874530008197e-06
ATOMKI 2016 anomaly,1.0,7,+ point-vertex cut (est. /25),0.0,1117532914.4373498,8012.305834841417,0.0,56.0,321.6111314953832,4.859698793792902e-06
ATOMKI 2016 anomaly,1.0,7,"+ CN pulsed beam, 2 ns in 333 ns (est.)",0.0,1117532914.4373498,8012.305834841417,0.0,1.009009009009009,321.6111314953832,4.843109402446178e-06
ATOMKI 2016 anomaly,1.0,30,no veto,0.0,4789426776.16007,34338.453577891785,0.0,540000.0,1378.3334206944994,9.567069057810421e-06
ATOMKI 2016 anomaly,1.0,30,MM segments + collinearity (ILL §10),0.0,4789426776.16007,34338.453577891785,0.0,6000.0,1378.3334206944994,2.5354472769275607e-06
ATOMKI 2016 anomaly,1.0,30,+ point-vertex cut (est. /25),0.0,4789426776.16007,34338.453577891785,0.0,240.0,1378.3334206944994,2.347457536461844e-06
ATOMKI 2016 anomaly,1.0,30,"+ CN pulsed beam, 2 ns in 333 ns (est.)",0.0,4789426776.16007,34338.453577891785,0.0,4.324324324324325,1378.3334206944994,2.3394440991286664e-06
ATOMKI 2016 anomaly,4.0,1,no veto,0.0,638590236.8213428,4578.460477052239,0.0,18000.0,183.7777894259333,1.4226674265199505e-05
ATOMKI 2016 anomaly,4.0,1,MM segments + collinearity (ILL §10),0.0,638590236.8213428,4578.460477052239,0.0,200.0,183.7777894259333,6.544857936218004e-06
ATOMKI 2016 anomaly,4.0,1,+ point-vertex cut (est. /25),0.0,638590236.8213428,4578.460477052239,0.0,8.0,183.7777894259333,6.412022722134843e-06
ATOMKI 2016 anomaly,4.0,1,"+ CN pulsed beam, 2 ns in 333 ns (est.)",0.0,638590236.8213428,4578.460477052239,0.0,0.14414414414414414,183.7777894259333,6.4065289961221855e-06
ATOMKI 2016 anomaly,4.0,7,no veto,0.0,4470131657.749399,32049.223339365668,0.0,126000.0,1286.4445259815327,5.377177441320066e-06
ATOMKI 2016 anomaly,4.0,7,MM segments + collinearity (ILL §10),0.0,4470131657.749399,32049.223339365668,0.0,1400.0,1286.4445259815327,2.4737237807828965e-06
ATOMKI 2016 anomaly,4.0,7,+ point-vertex cut (est. /25),0.0,4470131657.749399,32049.223339365668,0.0,56.0,1286.4445259815327,2.4235167890948867e-06
ATOMKI 2016 anomaly,4.0,7,"+ CN pulsed beam, 2 ns in 333 ns (est.)",0.0,4470131657.749399,32049.223339365668,0.0,1.009009009009009,1286.4445259815327,2.421440355837655e-06
ATOMKI 2016 anomaly,4.0,30,no veto,0.0,19157707104.64028,137353.81431156714,0.0,540000.0,5513.333682777998,2.597423471109334e-06
ATOMKI 2016 anomaly,4.0,30,MM segments + collinearity (ILL §10),0.0,19157707104.64028,137353.81431156714,0.0,6000.0,5513.333682777998,1.194922109111103e-06
ATOMKI 2016 anomaly,4.0,30,+ point-vertex cut (est. /25),0.0,19157707104.64028,137353.81431156714,0.0,240.0,5513.333682777998,1.1706698280496445e-06
ATOMKI 2016 anomaly,4.0,30,"+ CN pulsed beam, 2 ns in 333 ns (est.)",0.0,19157707104.64028,137353.81431156714,0.0,4.324324324324325,5513.333682777998,1.1696668154956826e-06
ATOMKI 2022 off-res,0.8,1,no veto,0.0,72727550.9216089,522.8474592975231,0.0,18000.0,20.929567803854013,0.00011314695301777349
ATOMKI 2022 off-res,0.8,1,MM segments + collinearity (ILL §10),0.0,72727550.9216089,522.8474592975231,0.0,200.0,20.929567803854013,2.2351790462513702e-05
ATOMKI 2022 off-res,0.8,1,+ point-vertex cut (est. /25),0.0,72727550.9216089,522.8474592975231,0.0,8.0,20.929567803854013,1.9154634068231022e-05
ATOMKI 2022 off-res,0.8,1,"+ CN pulsed beam, 2 ns in 333 ns (est.)",0.0,72727550.9216089,522.8474592975231,0.0,0.14414414414414414,20.929567803854013,1.901237388398128e-05
ATOMKI 2022 off-res,0.8,7,no veto,0.0,509092856.45126224,3659.932215082661,0.0,126000.0,146.50697462697812,4.276552846996255e-05
ATOMKI 2022 off-res,0.8,7,MM segments + collinearity (ILL §10),0.0,509092856.45126224,3659.932215082661,0.0,1400.0,146.50697462697812,8.448182702976662e-06
ATOMKI 2022 off-res,0.8,7,+ point-vertex cut (est. /25),0.0,509092856.45126224,3659.932215082661,0.0,56.0,146.50697462697812,7.2397711712835284e-06
ATOMKI 2022 off-res,0.8,7,"+ CN pulsed beam, 2 ns in 333 ns (est.)",0.0,509092856.45126224,3659.932215082661,0.0,1.009009009009009,146.50697462697812,7.18600187571338e-06
ATOMKI 2022 off-res,0.8,30,no veto,0.0,2181826527.648267,15685.42377892569,0.0,540000.0,627.8870341156204,2.0657712826937257e-05
ATOMKI 2022 off-res,0.8,30,MM segments + collinearity (ILL §10),0.0,2181826527.648267,15685.42377892569,0.0,6000.0,627.8870341156204,4.080859945649194e-06
ATOMKI 2022 off-res,0.8,30,+ point-vertex cut (est. /25),0.0,2181826527.648267,15685.42377892569,0.0,240.0,627.8870341156204,3.4971417199756928e-06
ATOMKI 2022 off-res,0.8,30,"+ CN pulsed beam, 2 ns in 333 ns (est.)",0.0,2181826527.648267,15685.42377892569,0.0,4.324324324324325,627.8870341156204,3.471168682659552e-06
ATOMKI 2022 off-res,1.0,1,no veto,0.0,90909438.65201111,653.5593241219037,0.0,18000.0,26.16195975481752,9.083638270473327e-05
ATOMKI 2022 off-res,1.0,1,MM segments + collinearity (ILL §10),0.0,90909438.65201111,653.5593241219037,0.0,200.0,26.16195975481752,1.9431030365681785e-05
ATOMKI 2022 off-res,1.0,1,+ point-vertex cut (est. /25),0.0,90909438.65201111,653.5593241219037,0.0,8.0,26.16195975481752,1.710658707904611e-05
ATOMKI 2022 off-res,1.0,1,"+ CN pulsed beam, 2 ns in 333 ns (est.)",0.0,90909438.65201111,653.5593241219037,0.0,0.14414414414414414,26.16195975481752,1.7004715473053926e-05
ATOMKI 2022 off-res,1.0,7,no veto,0.0,636366070.5640779,4574.915268853327,0.0,126000.0,183.13371828372263,3.433292551905899e-05
ATOMKI 2022 off-res,1.0,7,MM segments + collinearity (ILL §10),0.0,636366070.5640779,4574.915268853327,0.0,1400.0,183.13371828372263,7.34423915219121e-06
ATOMKI 2022 off-res,1.0,7,+ point-vertex cut (est. /25),0.0,636366070.5640779,4574.915268853327,0.0,56.0,183.13371828372263,6.4656821703181194e-06
ATOMKI 2022 off-res,1.0,7,"+ CN pulsed beam, 2 ns in 333 ns (est.)",0.0,636366070.5640779,4574.915268853327,0.0,1.009009009009009,183.13371828372263,6.427178322444681e-06
ATOMKI 2022 off-res,1.0,30,no veto,0.0,2727283159.5603333,19606.779723657113,0.0,540000.0,784.8587926445255,1.6584378616518185e-05
ATOMKI 2022 off-res,1.0,30,MM segments + collinearity (ILL §10),0.0,2727283159.5603333,19606.779723657113,0.0,6000.0,784.8587926445255,3.5476045489505905e-06
ATOMKI 2022 off-res,1.0,30,+ point-vertex cut (est. /25),0.0,2727283159.5603333,19606.779723657113,0.0,240.0,784.8587926445255,3.1232212083733216e-06
ATOMKI 2022 off-res,1.0,30,"+ CN pulsed beam, 2 ns in 333 ns (est.)",0.0,2727283159.5603333,19606.779723657113,0.0,4.324324324324325,784.8587926445255,3.10462208284959e-06
ATOMKI 2022 off-res,4.0,1,no veto,0.0,363637754.60804445,2614.237296487615,0.0,18000.0,104.64783901927008,2.387275929918914e-05
ATOMKI 2022 off-res,4.0,1,MM segments + collinearity (ILL §10),0.0,363637754.60804445,2614.237296487615,0.0,200.0,104.64783901927008,8.820624634569634e-06
ATOMKI 2022 off-res,4.0,1,+ point-vertex cut (est. /25),0.0,363637754.60804445,2614.237296487615,0.0,8.0,104.64783901927008,8.51441822559154e-06
ATOMKI 2022 off-res,4.0,1,"+ CN pulsed beam, 2 ns in 333 ns (est.)",0.0,363637754.60804445,2614.237296487615,0.0,0.14414414414414414,104.64783901927008,8.501654656415048e-06
ATOMKI 2022 off-res,4.0,7,no veto,0.0,2545464282.2563114,18299.661075413307,0.0,126000.0,732.5348731348905,9.023054887794152e-06
ATOMKI 2022 off-res,4.0,7,MM segments + collinearity (ILL §10),0.0,2545464282.2563114,18299.661075413307,0.0,1400.0,732.5348731348905,3.3338827416173197e-06
ATOMKI 2022 off-res,4.0,7,+ point-vertex cut (est. /25),0.0,2545464282.2563114,18299.661075413307,0.0,56.0,732.5348731348905,3.218147597615867e-06
ATOMKI 2022 off-res,4.0,7,"+ CN pulsed beam, 2 ns in 333 ns (est.)",0.0,2545464282.2563114,18299.661075413307,0.0,1.009009009009009,732.5348731348905,3.2133234219183573e-06
ATOMKI 2022 off-res,4.0,30,no veto,0.0,10909132638.241333,78427.11889462845,0.0,540000.0,3139.435170578102,4.3585495926857055e-06
ATOMKI 2022 off-res,4.0,30,MM segments + collinearity (ILL §10),0.0,10909132638.241333,78427.11889462845,0.0,6000.0,3139.435170578102,1.6104183612131837e-06
ATOMKI 2022 off-res,4.0,30,+ point-vertex cut (est. /25),0.0,10909132638.241333,78427.11889462845,0.0,240.0,3139.435170578102,1.5545129753965326e-06
ATOMKI 2022 off-res,4.0,30,"+ CN pulsed beam, 2 ns in 333 ns (est.)",0.0,10909132638.241333,78427.11889462845,0.0,4.324324324324325,3139.435170578102,1.552182677145785e-06
ATOMKI 2022 direct,0.8,1,no veto,0.0,59358250.76609503,581.4894821231396,0.0,18000.0,16.498337338228996,0.000143763729587519
ATOMKI 2022 direct,0.8,1,MM segments + collinearity (ILL §10),0.0,59358250.76609503,581.4894821231396,0.0,200.0,16.498337338228996,2.948292975146355e-05
ATOMKI 2022 direct,0.8,1,+ point-vertex cut (est. /25),0.0,59358250.76609503,581.4894821231396,0.0,8.0,16.498337338228996,2.5606315919593876e-05
ATOMKI 2022 direct,0.8,1,"+ CN pulsed beam, 2 ns in 333 ns (est.)",0.0,59358250.76609503,581.4894821231396,0.0,0.14414414414414414,16.498337338228996,2.543512183864086e-05
ATOMKI 2022 direct,0.8,7,no veto,0.0,415507755.3626652,4070.4263748619765,0.0,126000.0,115.488361367603,5.4337582291387645e-05
ATOMKI 2022 direct,0.8,7,MM segments + collinearity (ILL §10),0.0,415507755.3626652,4070.4263748619765,0.0,1400.0,115.488361367603,1.1143500006279981e-05
ATOMKI 2022 direct,0.8,7,+ point-vertex cut (est. /25),0.0,415507755.3626652,4070.4263748619765,0.0,56.0,115.488361367603,9.67827770225708e-06
ATOMKI 2022 direct,0.8,7,"+ CN pulsed beam, 2 ns in 333 ns (est.)",0.0,415507755.3626652,4070.4263748619765,0.0,1.009009009009009,115.488361367603,9.61357242166738e-06
ATOMKI 2022 direct,0.8,30,no veto,0.0,1780747522.982851,17444.68446369419,0.0,540000.0,494.95012014687,2.6247545882052334e-05
ATOMKI 2022 direct,0.8,30,MM segments + collinearity (ILL §10),0.0,1780747522.982851,17444.68446369419,0.0,6000.0,494.95012014687,5.382821895405588e-06
ATOMKI 2022 direct,0.8,30,+ point-vertex cut (est. /25),0.0,1780747522.982851,17444.68446369419,0.0,240.0,494.95012014687,4.675052281255068e-06
ATOMKI 2022 direct,0.8,30,"+ CN pulsed beam, 2 ns in 333 ns (est.)",0.0,1780747522.982851,17444.68446369419,0.0,4.324324324324325,494.95012014687,4.643796661305291e-06
ATOMKI 2022 direct,1.0,1,no veto,0.0,74197813.45761879,726.8618526539245,0.0,18000.0,20.62292167278625,0.000115460001643839
ATOMKI 2022 direct,1.0,1,MM segments + collinearity (ILL §10),0.0,74197813.45761879,726.8618526539245,0.0,200.0,20.62292167278625,2.5686596285958934e-05
ATOMKI 2022 direct,1.0,1,+ point-vertex cut (est. /25),0.0,74197813.45761879,726.8618526539245,0.0,8.0,20.62292167278625,2.287188231069317e-05
ATOMKI 2022 direct,1.0,1,"+ CN pulsed beam, 2 ns in 333 ns (est.)",0.0,74197813.45761879,726.8618526539245,0.0,0.14414414414414414,20.62292167278625,2.2749300770278036e-05
ATOMKI 2022 direct,1.0,7,no veto,0.0,519384694.20333153,5088.032968577471,0.0,126000.0,144.36045170950376,4.363977867495812e-05
ATOMKI 2022 direct,1.0,7,MM segments + collinearity (ILL §10),0.0,519384694.20333153,5088.032968577471,0.0,1400.0,144.36045170950376,9.70862082862324e-06
ATOMKI 2022 direct,1.0,7,+ point-vertex cut (est. /25),0.0,519384694.20333153,5088.032968577471,0.0,56.0,144.36045170950376,8.64475894429021e-06
ATOMKI 2022 direct,1.0,7,"+ CN pulsed beam, 2 ns in 333 ns (est.)",0.0,519384694.20333153,5088.032968577471,0.0,1.009009009009009,144.36045170950376,8.598427476966542e-06
ATOMKI 2022 direct,1.0,30,no veto,0.0,2225934403.7285633,21805.85557961773,0.0,540000.0,618.6876501835874,2.1080015796638064e-05
ATOMKI 2022 direct,1.0,30,MM segments + collinearity (ILL §10),0.0,2225934403.7285633,21805.85557961773,0.0,6000.0,618.6876501835874,4.68970940378271e-06
ATOMKI 2022 direct,1.0,30,+ point-vertex cut (est. /25),0.0,2225934403.7285633,21805.85557961773,0.0,240.0,618.6876501835874,4.175815291390012e-06
ATOMKI 2022 direct,1.0,30,"+ CN pulsed beam, 2 ns in 333 ns (est.)",0.0,2225934403.7285633,21805.85557961773,0.0,4.324324324324325,618.6876501835874,4.1534350664503105e-06
ATOMKI 2022 direct,4.0,1,no veto,0.0,296791253.83047515,2907.447410615698,0.0,18000.0,82.491686691145,3.0499278887333397e-05
ATOMKI 2022 direct,4.0,1,MM segments + collinearity (ILL §10),0.0,296791253.83047515,2907.447410615698,0.0,200.0,82.491686691145,1.1758203124627454e-05
ATOMKI 2022 direct,4.0,1,+ point-vertex cut (est. /25),0.0,296791253.83047515,2907.447410615698,0.0,8.0,82.491686691145,1.1389159382929513e-05
ATOMKI 2022 direct,4.0,1,"+ CN pulsed beam, 2 ns in 333 ns (est.)",0.0,296791253.83047515,2907.447410615698,0.0,0.14414414414414414,82.491686691145,1.1373804630319167e-05
ATOMKI 2022 direct,4.0,7,no veto,0.0,2077538776.8133261,20352.131874309885,0.0,126000.0,577.441806838015,1.1527643871812414e-05
ATOMKI 2022 direct,4.0,7,MM segments + collinearity (ILL §10),0.0,2077538776.8133261,20352.131874309885,0.0,1400.0,577.441806838015,4.444183047535265e-06
ATOMKI 2022 direct,4.0,7,+ point-vertex cut (est. /25),0.0,2077538776.8133261,20352.131874309885,0.0,56.0,577.441806838015,4.304697624187048e-06
ATOMKI 2022 direct,4.0,7,"+ CN pulsed beam, 2 ns in 333 ns (est.)",0.0,2077538776.8133261,20352.131874309885,0.0,1.009009009009009,577.441806838015,4.298894073208492e-06
ATOMKI 2022 direct,4.0,30,no veto,0.0,8903737614.914253,87223.42231847093,0.0,540000.0,2474.7506007343495,5.5683810114111885e-06
ATOMKI 2022 direct,4.0,30,MM segments + collinearity (ILL §10),0.0,8903737614.914253,87223.42231847093,0.0,6000.0,2474.7506007343495,2.146744362362062e-06
ATOMKI 2022 direct,4.0,30,+ point-vertex cut (est. /25),0.0,8903737614.914253,87223.42231847093,0.0,240.0,2474.7506007343495,2.0793665016840374e-06
ATOMKI 2022 direct,4.0,30,"+ CN pulsed beam, 2 ns in 333 ns (est.)",0.0,8903737614.914253,87223.42231847093,0.0,4.324324324324325,2474.7506007343495,2.0765631202275048e-06
Hanoi 2024,0.8,1,no veto,0.0,50990408.19806325,491.62329467927066,0.0,18000.0,14.684582462869942,0.00016112953902529812
Hanoi 2024,0.8,1,MM segments + collinearity (ILL §10),0.0,50990408.19806325,491.62329467927066,0.0,200.0,14.684582462869942,3.116179398402152e-05
Hanoi 2024,0.8,1,+ point-vertex cut (est. /25),0.0,50990408.19806325,491.62329467927066,0.0,8.0,14.684582462869942,2.6485549351988058e-05
Hanoi 2024,0.8,1,"+ CN pulsed beam, 2 ns in 333 ns (est.)",0.0,50990408.19806325,491.62329467927066,0.0,0.14414414414414414,14.684582462869942,2.627650081364031e-05
Hanoi 2024,0.8,7,no veto,0.0,356932857.3864427,3441.3630627548946,0.0,126000.0,102.79207724008961,6.0901241303916524e-05
Hanoi 2024,0.8,7,MM segments + collinearity (ILL §10),0.0,356932857.3864427,3441.3630627548946,0.0,1400.0,102.79207724008961,1.1778051041192797e-05
Hanoi 2024,0.8,7,+ point-vertex cut (est. /25),0.0,356932857.3864427,3441.3630627548946,0.0,56.0,102.79207724008961,1.0010596703184047e-05
Hanoi 2024,0.8,7,"+ CN pulsed beam, 2 ns in 333 ns (est.)",0.0,356932857.3864427,3441.3630627548946,0.0,1.009009009009009,102.79207724008961,9.931583782554089e-06
Hanoi 2024,0.8,30,no veto,0.0,1529712245.9418974,14748.69884037812,0.0,540000.0,440.5374738860983,2.9418094401521585e-05
Hanoi 2024,0.8,30,MM segments + collinearity (ILL §10),0.0,1529712245.9418974,14748.69884037812,0.0,6000.0,440.5374738860983,5.689339165792454e-06
Hanoi 2024,0.8,30,+ point-vertex cut (est. /25),0.0,1529712245.9418974,14748.69884037812,0.0,240.0,440.5374738860983,4.835577609333398e-06
Hanoi 2024,0.8,30,"+ CN pulsed beam, 2 ns in 333 ns (est.)",0.0,1529712245.9418974,14748.69884037812,0.0,4.324324324324325,440.5374738860983,4.797410742644549e-06
Hanoi 2024,1.0,1,no veto,0.0,63738010.24757906,614.5291183490884,0.0,18000.0,18.35572807858743,0.0001293313051036523
Hanoi 2024,1.0,1,MM segments + collinearity (ILL §10),0.0,63738010.24757906,614.5291183490884,0.0,200.0,18.35572807858743,2.7053966008783487e-05
Hanoi 2024,1.0,1,+ point-vertex cut (est. /25),0.0,63738010.24757906,614.5291183490884,0.0,8.0,18.35572807858743,2.365143348120298e-05
Hanoi 2024,1.0,1,"+ CN pulsed beam, 2 ns in 333 ns (est.)",0.0,63738010.24757906,614.5291183490884,0.0,0.14414414414414414,18.35572807858743,2.3501727912148547e-05
Hanoi 2024,1.0,7,no veto,0.0,446166071.73305345,4301.7038284436185,0.0,126000.0,128.490096550112,4.888263857709751e-05
Hanoi 2024,1.0,7,MM segments + collinearity (ILL §10),0.0,446166071.73305345,4301.7038284436185,0.0,1400.0,128.490096550112,1.0225438005319395e-05
Hanoi 2024,1.0,7,+ point-vertex cut (est. /25),0.0,446166071.73305345,4301.7038284436185,0.0,56.0,128.490096550112,8.939401591635677e-06
Hanoi 2024,1.0,7,"+ CN pulsed beam, 2 ns in 333 ns (est.)",0.0,446166071.73305345,4301.7038284436185,0.0,1.009009009009009,128.490096550112,8.882818205121471e-06
Hanoi 2024,1.0,30,no veto,0.0,1912140307.427372,18435.873550472654,0.0,540000.0,550.671842357623,2.361255773228446e-05
Hanoi 2024,1.0,30,MM segments + collinearity (ILL §10),0.0,1912140307.427372,18435.873550472654,0.0,6000.0,550.671842357623,4.939355817662907e-06
Hanoi 2024,1.0,30,+ point-vertex cut (est. /25),0.0,1912140307.427372,18435.873550472654,0.0,240.0,550.671842357623,4.318141211662604e-06
Hanoi 2024,1.0,30,"+ CN pulsed beam, 2 ns in 333 ns (est.)",0.0,1912140307.427372,18435.873550472654,0.0,4.324324324324325,550.671842357623,4.290808839277516e-06
Hanoi 2024,4.0,1,no veto,0.0,254952040.99031624,2458.1164733963537,0.0,18000.0,73.42291231434972,3.389615718501068e-05
Hanoi 2024,4.0,1,MM segments + collinearity (ILL §10),0.0,254952040.99031624,2458.1164733963537,0.0,200.0,73.42291231434972,1.2218127279696037e-05
Hanoi 2024,4.0,1,+ point-vertex cut (est. /25),0.0,254952040.99031624,2458.1164733963537,0.0,8.0,73.42291231434972,1.1768590018766578e-05
Hanoi 2024,4.0,1,"+ CN pulsed beam, 2 ns in 333 ns (est.)",0.0,254952040.99031624,2458.1164733963537,0.0,0.14414414414414414,73.42291231434972,1.1749830545634187e-05
Hanoi 2024,4.0,7,no veto,0.0,1784664286.9322138,17206.815313774474,0.0,126000.0,513.960386200448,1.2811543187470496e-05
Hanoi 2024,4.0,7,MM segments + collinearity (ILL §10),0.0,1784664286.9322138,17206.815313774474,0.0,1400.0,513.960386200448,4.618018038429976e-06
Hanoi 2024,4.0,7,+ point-vertex cut (est. /25),0.0,1784664286.9322138,17206.815313774474,0.0,56.0,513.960386200448,4.448108924504762e-06
Hanoi 2024,4.0,7,"+ CN pulsed beam, 2 ns in 333 ns (est.)",0.0,1784664286.9322138,17206.815313774474,0.0,1.009009009009009,513.960386200448,4.441018510128346e-06
Hanoi 2024,4.0,30,no veto,0.0,7648561229.709488,73743.49420189061,0.0,540000.0,2202.687369430492,6.188563300990388e-06
Hanoi 2024,4.0,30,MM segments + collinearity (ILL §10),0.0,7648561229.709488,73743.49420189061,0.0,6000.0,2202.687369430492,2.2307146405195842e-06
Hanoi 2024,4.0,30,+ point-vertex cut (est. /25),0.0,7648561229.709488,73743.49420189061,0.0,240.0,2202.687369430492,2.1486407411028674e-06
Hanoi 2024,4.0,30,"+ CN pulsed beam, 2 ns in 333 ns (est.)",0.0,7648561229.709488,73743.49420189061,0.0,4.324324324324325,2202.687369430492,2.1452157455690258e-06
MEG II-2026 normalisation,0.8,1,no veto,0.0,327430130.18059987,2664.45488877537,0.0,18000.0,93.89965907360096,2.663772981303161e-05
MEG II-2026 normalisation,0.8,1,MM segments + collinearity (ILL §10),0.0,327430130.18059987,2664.45488877537,0.0,200.0,93.89965907360096,9.917591737493872e-06
MEG II-2026 normalisation,0.8,1,+ point-vertex cut (est. /25),0.0,327430130.18059987,2664.45488877537,0.0,8.0,93.89965907360096,9.579446677624617e-06
MEG II-2026 normalisation,0.8,1,"+ CN pulsed beam, 2 ns in 333 ns (est.)",0.0,327430130.18059987,2664.45488877537,0.0,0.14414414414414414,93.89965907360096,9.56535661045544e-06
MEG II-2026 normalisation,0.8,7,no veto,0.0,2292010911.2641993,18651.18422142759,0.0,126000.0,657.2976135152068,1.0068115510944672e-05
MEG II-2026 normalisation,0.8,7,MM segments + collinearity (ILL §10),0.0,2292010911.2641993,18651.18422142759,0.0,1400.0,657.2976135152068,3.748497334582537e-06
MEG II-2026 normalisation,0.8,7,+ point-vertex cut (est. /25),0.0,2292010911.2641993,18651.18422142759,0.0,56.0,657.2976135152068,3.6206905152283816e-06
MEG II-2026 normalisation,0.8,7,"+ CN pulsed beam, 2 ns in 333 ns (est.)",0.0,2292010911.2641993,18651.18422142759,0.0,1.009009009009009,657.2976135152068,3.6153649704161176e-06
MEG II-2026 normalisation,0.8,30,no veto,0.0,9822903905.417995,79933.64666326108,0.0,540000.0,2816.9897722080286,4.863361833108428e-06
MEG II-2026 normalisation,0.8,30,MM segments + collinearity (ILL §10),0.0,9822903905.417995,79933.64666326108,0.0,6000.0,2816.9897722080286,1.8106962369174154e-06
MEG II-2026 normalisation,0.8,30,+ point-vertex cut (est. /25),0.0,9822903905.417995,79933.64666326108,0.0,240.0,2816.9897722080286,1.7489596779176408e-06
MEG II-2026 normalisation,0.8,30,"+ CN pulsed beam, 2 ns in 333 ns (est.)",0.0,9822903905.417995,79933.64666326108,0.0,4.324324324324325,2816.9897722080286,1.7463871953758666e-06
MEG II-2026 normalisation,1.0,1,no veto,0.0,409287662.7257499,3330.568610969213,0.0,18000.0,117.37457384200123,2.1650924029735036e-05
MEG II-2026 normalisation,1.0,1,MM segments + collinearity (ILL §10),0.0,409287662.7257499,3330.568610969213,0.0,200.0,117.37457384200123,8.808410535406474e-06
MEG II-2026 normalisation,1.0,1,+ point-vertex cut (est. /25),0.0,409287662.7257499,3330.568610969213,0.0,8.0,117.37457384200123,8.565552331174075e-06
MEG II-2026 normalisation,1.0,1,"+ CN pulsed beam, 2 ns in 333 ns (est.)",0.0,409287662.7257499,3330.568610969213,0.0,0.14414414414414414,117.37457384200123,8.55546876196442e-06
MEG II-2026 normalisation,1.0,7,no veto,0.0,2865013639.0802493,23313.98027678449,0.0,126000.0,821.6220168940085,8.183280091061617e-06
MEG II-2026 normalisation,1.0,7,MM segments + collinearity (ILL §10),0.0,2865013639.0802493,23313.98027678449,0.0,1400.0,821.6220168940085,3.3292662460638335e-06
MEG II-2026 normalisation,1.0,7,+ point-vertex cut (est. /25),0.0,2865013639.0802493,23313.98027678449,0.0,56.0,821.6220168940085,3.2374744728851673e-06
MEG II-2026 normalisation,1.0,7,"+ CN pulsed beam, 2 ns in 333 ns (est.)",0.0,2865013639.0802493,23313.98027678449,0.0,1.009009009009009,821.6220168940085,3.233663241962787e-06
MEG II-2026 normalisation,1.0,30,no veto,0.0,12278629881.772497,99917.05832907638,0.0,540000.0,3521.2372152600374,3.95289982730551e-06
MEG II-2026 normalisation,1.0,30,MM segments + collinearity (ILL §10),0.0,12278629881.772497,99917.05832907638,0.0,6000.0,3521.2372152600374,1.6081883820027612e-06
MEG II-2026 normalisation,1.0,30,+ point-vertex cut (est. /25),0.0,12278629881.772497,99917.05832907638,0.0,240.0,3521.2372152600374,1.5638487430916672e-06
MEG II-2026 normalisation,1.0,30,"+ CN pulsed beam, 2 ns in 333 ns (est.)",0.0,12278629881.772497,99917.05832907638,0.0,4.324324324324325,3521.2372152600374,1.5620077436529024e-06
MEG II-2026 normalisation,4.0,1,no veto,0.0,1637150650.9029996,13322.274443876851,0.0,18000.0,469.4982953680049,6.559064078518704e-06
MEG II-2026 normalisation,4.0,1,MM segments + collinearity (ILL §10),0.0,1637150650.9029996,13322.274443876851,0.0,200.0,469.4982953680049,4.309631148636247e-06
MEG II-2026 normalisation,4.0,1,+ point-vertex cut (est. /25),0.0,1637150650.9029996,13322.274443876851,0.0,8.0,469.4982953680049,4.278925980711706e-06
MEG II-2026 normalisation,4.0,1,"+ CN pulsed beam, 2 ns in 333 ns (est.)",0.0,1637150650.9029996,13322.274443876851,0.0,0.14414414414414414,469.4982953680049,4.277664957174516e-06
MEG II-2026 normalisation,4.0,7,no veto,0.0,11460054556.320997,93255.92110713795,0.0,126000.0,3286.488067576034,2.4790931978710746e-06
MEG II-2026 normalisation,4.0,7,MM segments + collinearity (ILL §10),0.0,11460054556.320997,93255.92110713795,0.0,1400.0,3286.488067576034,1.6288874659584497e-06
MEG II-2026 normalisation,4.0,7,+ point-vertex cut (est. /25),0.0,11460054556.320997,93255.92110713795,0.0,56.0,3286.488067576034,1.6172820033451911e-06
MEG II-2026 normalisation,4.0,7,"+ CN pulsed beam, 2 ns in 333 ns (est.)",0.0,11460054556.320997,93255.92110713795,0.0,1.009009009009009,3286.488067576034,1.6168053812485043e-06
MEG II-2026 normalisation,4.0,30,no veto,0.0,49114519527.08999,399668.2333163055,0.0,540000.0,14084.94886104015,1.19751578397551e-06
MEG II-2026 normalisation,4.0,30,MM segments + collinearity (ILL §10),0.0,49114519527.08999,399668.2333163055,0.0,6000.0,14084.94886104015,7.868273982116571e-07
MEG II-2026 normalisation,4.0,30,+ point-vertex cut (est. /25),0.0,49114519527.08999,399668.2333163055,0.0,240.0,14084.94886104015,7.812214271769056e-07
MEG II-2026 normalisation,4.0,30,"+ CN pulsed beam, 2 ns in 333 ns (est.)",0.0,49114519527.08999,399668.2333163055,0.0,4.324324324324325,14084.94886104015,7.809911968312842e-07
"LNL 2023-24, thin",0.8,1,no veto,0.0,10430975.164301686,73.10749083508621,0.0,18000.0,3.0027764430719435,0.0007790093385960104
"LNL 2023-24, thin",0.8,1,MM segments + collinearity (ILL §10),0.0,10430975.164301686,73.10749083508621,0.0,200.0,3.0027764430719435,9.576196614329412e-05
"LNL 2023-24, thin",0.8,1,+ point-vertex cut (est. /25),0.0,10430975.164301686,73.10749083508621,0.0,8.0,3.0027764430719435,5.2186326997139366e-05
"LNL 2023-24, thin",0.8,1,"+ CN pulsed beam, 2 ns in 333 ns (est.)",0.0,10430975.164301686,73.10749083508621,0.0,0.14414414414414414,3.0027764430719435,4.959465910576193e-05
"LNL 2023-24, thin",0.8,7,no veto,0.0,73016826.1501118,511.7524358456034,0.0,126000.0,21.0194351015036,0.0002944378541317078
"LNL 2023-24, thin",0.8,7,MM segments + collinearity (ILL §10),0.0,73016826.1501118,511.7524358456034,0.0,1400.0,21.0194351015036,3.6194621067677626e-05
"LNL 2023-24, thin",0.8,7,+ point-vertex cut (est. /25),0.0,73016826.1501118,511.7524358456034,0.0,56.0,21.0194351015036,1.9724577581760993e-05
"LNL 2023-24, thin",0.8,7,"+ CN pulsed beam, 2 ns in 333 ns (est.)",0.0,73016826.1501118,511.7524358456034,0.0,1.009009009009009,21.0194351015036,1.8745019192981586e-05
"LNL 2023-24, thin",0.8,30,no veto,0.0,312929254.92905056,2193.2247250525857,0.0,540000.0,90.0832932921583,0.00014222699575207158
"LNL 2023-24, thin",0.8,30,MM segments + collinearity (ILL §10),0.0,312929254.92905056,2193.2247250525857,0.0,6000.0,90.0832932921583,1.7483663002576056e-05
"LNL 2023-24, thin",0.8,30,+ point-vertex cut (est. /25),0.0,312929254.92905056,2193.2247250525857,0.0,240.0,90.0832932921583,9.52787616322469e-06
"LNL 2023-24, thin",0.8,30,"+ CN pulsed beam, 2 ns in 333 ns (est.)",0.0,312929254.92905056,2193.2247250525857,0.0,4.324324324324325,90.0832932921583,9.054704508001599e-06
"LNL 2023-24, thin",1.0,1,no veto,0.0,13038718.955377106,91.38436354385773,0.0,18000.0,3.753470553839929,0.0006235225081608354
"LNL 2023-24, thin",1.0,1,MM segments + collinearity (ILL §10),0.0,13038718.955377106,91.38436354385773,0.0,200.0,3.753470553839929,7.913149239508893e-05
"LNL 2023-24, thin",1.0,1,+ point-vertex cut (est. /25),0.0,13038718.955377106,91.38436354385773,0.0,8.0,3.753470553839929,4.6214181490108696e-05
"LNL 2023-24, thin",1.0,1,"+ CN pulsed beam, 2 ns in 333 ns (est.)",0.0,13038718.955377106,91.38436354385773,0.0,0.14414414414414414,3.753470553839929,4.4350081872234545e-05
"LNL 2023-24, thin",1.0,7,no veto,0.0,91271032.68763973,639.690544807004,0.0,126000.0,26.274293876879497,0.0002356693562064018
"LNL 2023-24, thin",1.0,7,MM segments + collinearity (ILL §10),0.0,91271032.68763973,639.690544807004,0.0,1400.0,26.274293876879497,2.9908892821543472e-05
"LNL 2023-24, thin",1.0,7,+ point-vertex cut (est. /25),0.0,91271032.68763973,639.690544807004,0.0,56.0,26.274293876879497,1.746731875246172e-05
"LNL 2023-24, thin",1.0,7,"+ CN pulsed beam, 2 ns in 333 ns (est.)",0.0,91271032.68763973,639.690544807004,0.0,1.009009009009009,26.274293876879497,1.676275532275521e-05
"LNL 2023-24, thin",1.0,30,no veto,0.0,391161568.6613132,2741.530906315732,0.0,540000.0,112.60411661519787,0.00011383911427729621
"LNL 2023-24, thin",1.0,30,MM segments + collinearity (ILL §10),0.0,391161568.6613132,2741.530906315732,0.0,6000.0,112.60411661519787,1.4447367797946237e-05
"LNL 2023-24, thin",1.0,30,+ point-vertex cut (est. /25),0.0,391161568.6613132,2741.530906315732,0.0,240.0,112.60411661519787,8.437516559590081e-06
"LNL 2023-24, thin",1.0,30,"+ CN pulsed beam, 2 ns in 333 ns (est.)",0.0,391161568.6613132,2741.530906315732,0.0,4.324324324324325,112.60411661519787,8.097180089541269e-06
"LNL 2023-24, thin",4.0,1,no veto,0.0,52154875.82150842,365.5374541754309,0.0,18000.0,15.013882215359716,0.0001570572774859635
"LNL 2023-24, thin",4.0,1,MM segments + collinearity (ILL §10),0.0,52154875.82150842,365.5374541754309,0.0,200.0,15.013882215359716,2.756048970712191e-05
"LNL 2023-24, thin",4.0,1,+ point-vertex cut (est. /25),0.0,52154875.82150842,365.5374541754309,0.0,8.0,15.013882215359716,2.239872620327529e-05
"LNL 2023-24, thin",4.0,1,"+ CN pulsed beam, 2 ns in 333 ns (est.)",0.0,52154875.82150842,365.5374541754309,0.0,0.14414414414414414,15.013882215359716,2.216194113754177e-05
"LNL 2023-24, thin",4.0,7,no veto,0.0,365084130.7505589,2558.762179228016,0.0,126000.0,105.09717550751799,5.936207111724618e-05
"LNL 2023-24, thin",4.0,7,MM segments + collinearity (ILL §10),0.0,365084130.7505589,2558.762179228016,0.0,1400.0,105.09717550751799,1.0416885968028569e-05
"LNL 2023-24, thin",4.0,7,+ point-vertex cut (est. /25),0.0,365084130.7505589,2558.762179228016,0.0,56.0,105.09717550751799,8.465922745498916e-06
"LNL 2023-24, thin",4.0,7,"+ CN pulsed beam, 2 ns in 333 ns (est.)",0.0,365084130.7505589,2558.762179228016,0.0,1.009009009009009,105.09717550751799,8.37642640291249e-06
"LNL 2023-24, thin",4.0,30,no veto,0.0,1564646274.6452527,10966.123625262928,0.0,540000.0,450.41646646079147,2.867460456647016e-05
"LNL 2023-24, thin",4.0,30,MM segments + collinearity (ILL §10),0.0,1564646274.6452527,10966.123625262928,0.0,6000.0,450.41646646079147,5.0318339694932075e-06
"LNL 2023-24, thin",4.0,30,+ point-vertex cut (est. /25),0.0,1564646274.6452527,10966.123625262928,0.0,240.0,450.41646646079147,4.089429200305307e-06
"LNL 2023-24, thin",4.0,30,"+ CN pulsed beam, 2 ns in 333 ns (est.)",0.0,1564646274.6452527,10966.123625262928,0.0,4.324324324324325,450.41646646079147,4.0461983597111096e-06
"LNL 2023-24, thick",0.8,1,no veto,0.0,251144967.07802895,1921.1424983728368,0.0,18000.0,72.14527019074478,3.404070179565286e-05
"LNL 2023-24, thick",0.8,1,MM segments + collinearity (ILL §10),0.0,251144967.07802895,1921.1424983728368,0.0,200.0,72.14527019074478,1.1107755375009337e-05
"LNL 2023-24, thick",0.8,1,+ point-vertex cut (est. /25),0.0,251144967.07802895,1921.1424983728368,0.0,8.0,72.14527019074478,1.0593111371788174e-05
"LNL 2023-24, thick",0.8,1,"+ CN pulsed beam, 2 ns in 333 ns (est.)",0.0,251144967.07802895,1921.1424983728368,0.0,0.14414414414414414,72.14527019074478,1.0571520730072976e-05
"LNL 2023-24, thick",0.8,7,no veto,0.0,1758014769.5462024,13447.997488609855,0.0,126000.0,505.0168913352134,1.2866175915058191e-05
"LNL 2023-24, thick",0.8,7,MM segments + collinearity (ILL §10),0.0,1758014769.5462024,13447.997488609855,0.0,1400.0,505.0168913352134,4.198336906630815e-06
"LNL 2023-24, thick",0.8,7,+ point-vertex cut (est. /25),0.0,1758014769.5462024,13447.997488609855,0.0,56.0,505.0168913352134,4.00381975716597e-06
"LNL 2023-24, thick",0.8,7,"+ CN pulsed beam, 2 ns in 333 ns (est.)",0.0,1758014769.5462024,13447.997488609855,0.0,1.009009009009009,505.0168913352134,3.995659261648153e-06
"LNL 2023-24, thick",0.8,30,no veto,0.0,7534349012.340868,57634.2749511851,0.0,540000.0,2164.358105722343,6.2149534155952294e-06
"LNL 2023-24, thick",0.8,30,MM segments + collinearity (ILL §10),0.0,7534349012.340868,57634.2749511851,0.0,6000.0,2164.358105722343,2.02798939404729e-06
"LNL 2023-24, thick",0.8,30,+ point-vertex cut (est. /25),0.0,7534349012.340868,57634.2749511851,0.0,240.0,2164.358105722343,1.934028684164293e-06
"LNL 2023-24, thick",0.8,30,"+ CN pulsed beam, 2 ns in 333 ns (est.)",0.0,7534349012.340868,57634.2749511851,0.0,4.324324324324325,2164.358105722343,1.9300867903314835e-06
"LNL 2023-24, thick",1.0,1,no veto,0.0,313931208.84753615,2401.4281229660455,0.0,18000.0,90.18158773843096,2.7558885843831546e-05
"LNL 2023-24, thick",1.0,1,MM segments + collinearity (ILL §10),0.0,313931208.84753615,2401.4281229660455,0.0,200.0,90.18158773843096,9.840955920074478e-06
"LNL 2023-24, thick",1.0,1,+ point-vertex cut (est. /25),0.0,313931208.84753615,2401.4281229660455,0.0,8.0,90.18158773843096,9.470836922988737e-06
"LNL 2023-24, thick",1.0,1,"+ CN pulsed beam, 2 ns in 333 ns (est.)",0.0,313931208.84753615,2401.4281229660455,0.0,0.14414414414414414,90.18158773843096,9.455384651564937e-06
"LNL 2023-24, thick",1.0,7,no veto,0.0,2197518461.932753,16809.99686076232,0.0,126000.0,631.2711141690168,1.0416279764685242e-05
"LNL 2023-24, thick",1.0,7,MM segments + collinearity (ILL §10),0.0,2197518461.932753,16809.99686076232,0.0,1400.0,631.2711141690168,3.7195317182379847e-06
"LNL 2023-24, thick",1.0,7,+ point-vertex cut (est. /25),0.0,2197518461.932753,16809.99686076232,0.0,56.0,631.2711141690168,3.57963988655377e-06
"LNL 2023-24, thick",1.0,7,"+ CN pulsed beam, 2 ns in 333 ns (est.)",0.0,2197518461.932753,16809.99686076232,0.0,1.009009009009009,631.2711141690168,3.5737994769282763e-06
"LNL 2023-24, thick",1.0,30,no veto,0.0,9417936265.426085,72042.84368898137,0.0,540000.0,2705.447632152929,5.031541145458777e-06
"LNL 2023-24, thick",1.0,30,MM segments + collinearity (ILL §10),0.0,9417936265.426085,72042.84368898137,0.0,6000.0,2705.447632152929,1.7967045149462662e-06
"LNL 2023-24, thick",1.0,30,+ point-vertex cut (est. /25),0.0,9417936265.426085,72042.84368898137,0.0,240.0,2705.447632152929,1.7291303403912496e-06
"LNL 2023-24, thick",1.0,30,"+ CN pulsed beam, 2 ns in 333 ns (est.)",0.0,9417936265.426085,72042.84368898137,0.0,4.324324324324325,2705.447632152929,1.726309154516747e-06
"LNL 2023-24, thick",4.0,1,no veto,0.0,1255724835.3901446,9605.712491864182,0.0,18000.0,360.72635095372385,8.01439715193852e-06
"LNL 2023-24, thick",4.0,1,MM segments + collinearity (ILL §10),0.0,1255724835.3901446,9605.712491864182,0.0,200.0,360.72635095372385,4.776512926625408e-06
"LNL 2023-24, thick",4.0,1,+ point-vertex cut (est. /25),0.0,1255724835.3901446,9605.712491864182,0.0,8.0,360.72635095372385,4.729518675381459e-06
"LNL 2023-24, thick",4.0,1,"+ CN pulsed beam, 2 ns in 333 ns (est.)",0.0,1255724835.3901446,9605.712491864182,0.0,0.14414414414414414,360.72635095372385,4.727585914738323e-06
"LNL 2023-24, thick",4.0,7,no veto,0.0,8790073847.731012,67239.98744304928,0.0,126000.0,2525.084456676067,3.029157396019094e-06
"LNL 2023-24, thick",4.0,7,MM segments + collinearity (ILL §10),0.0,8790073847.731012,67239.98744304928,0.0,1400.0,2525.084456676067,1.8053521911337342e-06
"LNL 2023-24, thick",4.0,7,+ point-vertex cut (est. /25),0.0,8790073847.731012,67239.98744304928,0.0,56.0,2525.084456676067,1.7875900337278514e-06
"LNL 2023-24, thick",4.0,7,"+ CN pulsed beam, 2 ns in 333 ns (est.)",0.0,8790073847.731012,67239.98744304928,0.0,1.009009009009009,2525.084456676067,1.7868595188699154e-06
"LNL 2023-24, thick",4.0,30,no veto,0.0,37671745061.70434,288171.3747559255,0.0,540000.0,10821.790528611717,1.4632220349739614e-06
"LNL 2023-24, thick",4.0,30,MM segments + collinearity (ILL §10),0.0,37671745061.70434,288171.3747559255,0.0,6000.0,10821.790528611717,8.720679587092516e-07
"LNL 2023-24, thick",4.0,30,+ point-vertex cut (est. /25),0.0,37671745061.70434,288171.3747559255,0.0,240.0,10821.790528611717,8.634880215494594e-07
"LNL 2023-24, thick",4.0,30,"+ CN pulsed beam, 2 ns in 333 ns (est.)",0.0,37671745061.70434,288171.3747559255,0.0,4.324324324324325,10821.790528611717,8.631351493486245e-07
"Li metal 1 um, enriched",0.8,1,no veto,0.0,61147127.36937412,421.5532403438747,0.0,18000.0,17.60177195751947,0.00013417017336847487
"Li metal 1 um, enriched",0.8,1,MM segments + collinearity (ILL §10),0.0,61147127.36937412,421.5532403438747,0.0,200.0,17.60177195751947,2.464518176884021e-05
"Li metal 1 um, enriched",0.8,1,+ point-vertex cut (est. /25),0.0,61147127.36937412,421.5532403438747,0.0,8.0,17.60177195751947,2.0488084559461214e-05
"Li metal 1 um, enriched",0.8,1,"+ CN pulsed beam, 2 ns in 333 ns (est.)",0.0,61147127.36937412,421.5532403438747,0.0,0.14414414414414414,17.60177195751947,2.0299872577424466e-05
"Li metal 1 um, enriched",0.8,7,no veto,0.0,428029891.5856188,2950.8726824071227,0.0,126000.0,123.2124037026363,5.071155887077227e-05
"Li metal 1 um, enriched",0.8,7,MM segments + collinearity (ILL §10),0.0,428029891.5856188,2950.8726824071227,0.0,1400.0,123.2124037026363,9.315003139476305e-06
"Li metal 1 um, enriched",0.8,7,+ point-vertex cut (est. /25),0.0,428029891.5856188,2950.8726824071227,0.0,56.0,123.2124037026363,7.743768083485244e-06
"Li metal 1 um, enriched",0.8,7,"+ CN pulsed beam, 2 ns in 333 ns (est.)",0.0,428029891.5856188,2950.8726824071227,0.0,1.009009009009009,123.2124037026363,7.672630640880702e-06
"Li metal 1 um, enriched",0.8,30,no veto,0.0,1834413821.0812237,12646.597210316242,0.0,540000.0,528.0531587255841,2.449601016609753e-05
"Li metal 1 um, enriched",0.8,30,MM segments + collinearity (ILL §10),0.0,1834413821.0812237,12646.597210316242,0.0,6000.0,528.0531587255841,4.499573996202952e-06
"Li metal 1 um, enriched",0.8,30,+ point-vertex cut (est. /25),0.0,1834413821.0812237,12646.597210316242,0.0,240.0,528.0531587255841,3.7405953577634005e-06
"Li metal 1 um, enriched",0.8,30,"+ CN pulsed beam, 2 ns in 333 ns (est.)",0.0,1834413821.0812237,12646.597210316242,0.0,4.324324324324325,528.0531587255841,3.7062327083786392e-06
"Li metal 1 um, enriched",1.0,1,no veto,0.0,76433909.21171764,526.9415504298433,0.0,18000.0,22.002214946899336,0.00010764273177891845
"Li metal 1 um, enriched",1.0,1,MM segments + collinearity (ILL §10),0.0,76433909.21171764,526.9415504298433,0.0,200.0,22.002214946899336,2.132222842367598e-05
"Li metal 1 um, enriched",1.0,1,+ point-vertex cut (est. /25),0.0,76433909.21171764,526.9415504298433,0.0,8.0,22.002214946899336,1.829093941352247e-05
"Li metal 1 um, enriched",1.0,1,"+ CN pulsed beam, 2 ns in 333 ns (est.)",0.0,76433909.21171764,526.9415504298433,0.0,0.14414414414414414,22.002214946899336,1.8156137364134838e-05
"Li metal 1 um, enriched",1.0,7,no veto,0.0,535037364.4820234,3688.5908530089027,0.0,126000.0,154.0155046282953,4.068512839009252e-05
"Li metal 1 um, enriched",1.0,7,MM segments + collinearity (ILL §10),0.0,535037364.4820234,3688.5908530089027,0.0,1400.0,154.0155046282953,8.059044829537059e-06
"Li metal 1 um, enriched",1.0,7,+ point-vertex cut (est. /25),0.0,535037364.4820234,3688.5908530089027,0.0,56.0,154.0155046282953,6.913325276275724e-06
"Li metal 1 um, enriched",1.0,7,"+ CN pulsed beam, 2 ns in 333 ns (est.)",0.0,535037364.4820234,3688.5908530089027,0.0,1.009009009009009,154.0155046282953,6.862374890718364e-06
"Li metal 1 um, enriched",1.0,30,no veto,0.0,2293017276.351529,15808.246512895299,0.0,540000.0,660.06644840698,1.965278411559728e-05
"Li metal 1 um, enriched",1.0,30,MM segments + collinearity (ILL §10),0.0,2293017276.351529,15808.246512895299,0.0,6000.0,660.06644840698,3.892888494641717e-06
"Li metal 1 um, enriched",1.0,30,+ point-vertex cut (est. /25),0.0,2293017276.351529,15808.246512895299,0.0,240.0,660.06644840698,3.339453371582189e-06
"Li metal 1 um, enriched",1.0,30,"+ CN pulsed beam, 2 ns in 333 ns (est.)",0.0,2293017276.351529,15808.246512895299,0.0,4.324324324324325,660.06644840698,3.3148419971663465e-06
"Li metal 1 um, enriched",4.0,1,no veto,0.0,305735636.84687054,2107.7662017193734,0.0,18000.0,88.00885978759734,2.803527156622901e-05
"Li metal 1 um, enriched",4.0,1,MM segments + collinearity (ILL §10),0.0,305735636.84687054,2107.7662017193734,0.0,200.0,88.00885978759734,9.497706791637198e-06
"Li metal 1 um, enriched",4.0,1,+ point-vertex cut (est. /25),0.0,305735636.84687054,2107.7662017193734,0.0,8.0,88.00885978759734,9.094036467915096e-06
"Li metal 1 um, enriched",4.0,1,"+ CN pulsed beam, 2 ns in 333 ns (est.)",0.0,305735636.84687054,2107.7662017193734,0.0,0.14414414414414414,88.00885978759734,9.077137653992649e-06
"Li metal 1 um, enriched",4.0,7,no veto,0.0,2140149457.9280937,14754.363412035611,0.0,126000.0,616.0620185131812,1.0596336643200324e-05
"Li metal 1 um, enriched",4.0,7,MM segments + collinearity (ILL §10),0.0,2140149457.9280937,14754.363412035611,0.0,1400.0,616.0620185131812,3.589795742297312e-06
"Li metal 1 um, enriched",4.0,7,+ point-vertex cut (est. /25),0.0,2140149457.9280937,14754.363412035611,0.0,56.0,616.0620185131812,3.4372227011222243e-06
"Li metal 1 um, enriched",4.0,7,"+ CN pulsed beam, 2 ns in 333 ns (est.)",0.0,2140149457.9280937,14754.363412035611,0.0,1.009009009009009,616.0620185131812,3.430835549823545e-06
"Li metal 1 um, enriched",4.0,30,no veto,0.0,9172069105.406116,63232.986051581196,0.0,540000.0,2640.26579362792,5.11851688086894e-06
"Li metal 1 um, enriched",4.0,30,MM segments + collinearity (ILL §10),0.0,9172069105.406116,63232.986051581196,0.0,6000.0,2640.26579362792,1.7340360847832368e-06
"Li metal 1 um, enriched",4.0,30,+ point-vertex cut (est. /25),0.0,9172069105.406116,63232.986051581196,0.0,240.0,2640.26579362792,1.6603363040839014e-06
"Li metal 1 um, enriched",4.0,30,"+ CN pulsed beam, 2 ns in 333 ns (est.)",0.0,9172069105.406116,63232.986051581196,0.0,4.324324324324325,2640.26579362792,1.6572510168904323e-06
Li metal stops beam (ATOMKI 2016 mishap),0.8,1,no veto,0.0,9889250006.981817,45383.829367313214,0.0,18000.0,658.0507535644936,6.657008237855213e-06
Li metal stops beam (ATOMKI 2016 mishap),0.8,1,MM segments + collinearity (ILL §10),0.0,9889250006.981817,45383.829367313214,0.0,200.0,658.0507535644936,5.645407041345725e-06
Li metal stops beam (ATOMKI 2016 mishap),0.8,1,+ point-vertex cut (est. /25),0.0,9889250006.981817,45383.829367313214,0.0,8.0,658.0507535644936,5.63350521181196e-06
Li metal stops beam (ATOMKI 2016 mishap),0.8,1,"+ CN pulsed beam, 2 ns in 333 ns (est.)",0.0,9889250006.981817,45383.829367313214,0.0,0.14414414414414414,658.0507535644936,5.633017702049629e-06
Li metal stops beam (ATOMKI 2016 mishap),0.8,7,no veto,0.0,69224750048.87271,317686.80557119247,0.0,126000.0,4606.355274951455,2.51611261043903e-06
Li metal stops beam (ATOMKI 2016 mishap),0.8,7,MM segments + collinearity (ILL §10),0.0,69224750048.87271,317686.80557119247,0.0,1400.0,4606.355274951455,2.1337632973048175e-06
Li metal stops beam (ATOMKI 2016 mishap),0.8,7,+ point-vertex cut (est. /25),0.0,69224750048.87271,317686.80557119247,0.0,56.0,4606.355274951455,2.1292648285772424e-06
Li metal stops beam (ATOMKI 2016 mishap),0.8,7,"+ CN pulsed beam, 2 ns in 333 ns (est.)",0.0,69224750048.87271,317686.80557119247,0.0,1.009009009009009,4606.355274951455,2.1290805672068357e-06
Li metal stops beam (ATOMKI 2016 mishap),0.8,30,no veto,0.0,296677500209.45447,1361514.881019396,0.0,540000.0,19741.522606934803,1.2153978591236721e-06
Li metal stops beam (ATOMKI 2016 mishap),0.8,30,MM segments + collinearity (ILL §10),0.0,296677500209.45447,1361514.881019396,0.0,6000.0,19741.522606934803,1.0307055942811843e-06
Li metal stops beam (ATOMKI 2016 mishap),0.8,30,+ point-vertex cut (est. /25),0.0,296677500209.45447,1361514.881019396,0.0,240.0,19741.522606934803,1.0285326274441096e-06
Li metal stops beam (ATOMKI 2016 mishap),0.8,30,"+ CN pulsed beam, 2 ns in 333 ns (est.)",0.0,296677500209.45447,1361514.881019396,0.0,4.324324324324325,19741.522606934803,1.0284436207461653e-06
Li metal stops beam (ATOMKI 2016 mishap),1.0,1,no veto,0.0,12361562508.727268,56729.7867091415,0.0,18000.0,822.5634419556168,5.78264745412057e-06
Li metal stops beam (ATOMKI 2016 mishap),1.0,1,MM segments + collinearity (ILL §10),0.0,12361562508.727268,56729.7867091415,0.0,200.0,822.5634419556168,5.047189638616076e-06
Li metal stops beam (ATOMKI 2016 mishap),1.0,1,+ point-vertex cut (est. /25),0.0,12361562508.727268,56729.7867091415,0.0,8.0,822.5634419556168,5.038671436592876e-06
Li metal stops beam (ATOMKI 2016 mishap),1.0,1,"+ CN pulsed beam, 2 ns in 333 ns (est.)",0.0,12361562508.727268,56729.7867091415,0.0,0.14414414414414414,822.5634419556168,5.038322599873471e-06
Li metal stops beam (ATOMKI 2016 mishap),1.0,7,no veto,0.0,86530937561.09088,397108.5069639905,0.0,126000.0,5757.944093689317,2.1856352975948305e-06
Li metal stops beam (ATOMKI 2016 mishap),1.0,7,MM segments + collinearity (ILL §10),0.0,86530937561.09088,397108.5069639905,0.0,1400.0,5757.944093689317,1.907658371937158e-06
Li metal stops beam (ATOMKI 2016 mishap),1.0,7,+ point-vertex cut (est. /25),0.0,86530937561.09088,397108.5069639905,0.0,56.0,5757.944093689317,1.9044387941984724e-06
Li metal stops beam (ATOMKI 2016 mishap),1.0,7,"+ CN pulsed beam, 2 ns in 333 ns (est.)",0.0,86530937561.09088,397108.5069639905,0.0,1.009009009009009,5757.944093689317,1.9043069463116562e-06
Li metal stops beam (ATOMKI 2016 mishap),1.0,30,no veto,0.0,370846875261.818,1701893.6012742447,0.0,540000.0,24676.903258668495,1.0557621509072187e-06
Li metal stops beam (ATOMKI 2016 mishap),1.0,30,MM segments + collinearity (ILL §10),0.0,370846875261.818,1701893.6012742447,0.0,6000.0,24676.903258668495,9.214865390254578e-07
Li metal stops beam (ATOMKI 2016 mishap),1.0,30,+ point-vertex cut (est. /25),0.0,370846875261.818,1701893.6012742447,0.0,240.0,24676.903258668495,9.199313352262934e-07
Li metal stops beam (ATOMKI 2016 mishap),1.0,30,"+ CN pulsed beam, 2 ns in 333 ns (est.)",0.0,370846875261.818,1701893.6012742447,0.0,4.324324324324325,24676.903258668495,9.198676466462586e-07
Li metal stops beam (ATOMKI 2016 mishap),4.0,1,no veto,0.0,49446250034.90907,226919.146836566,0.0,18000.0,3290.253767822467,2.6171657133861044e-06
Li metal stops beam (ATOMKI 2016 mishap),4.0,1,MM segments + collinearity (ILL §10),0.0,49446250034.90907,226919.146836566,0.0,200.0,3290.253767822467,2.520268011674145e-06
Li metal stops beam (ATOMKI 2016 mishap),4.0,1,+ point-vertex cut (est. /25),0.0,49446250034.90907,226919.146836566,0.0,8.0,3290.253767822467,2.519202505363436e-06
Li metal stops beam (ATOMKI 2016 mishap),4.0,1,"+ CN pulsed beam, 2 ns in 333 ns (est.)",0.0,49446250034.90907,226919.146836566,0.0,0.14414414414414414,3290.253767822467,2.5191588995998434e-06
Li metal stops beam (ATOMKI 2016 mishap),4.0,7,no veto,0.0,346123750244.3635,1588434.027855962,0.0,126000.0,23031.776374757268,9.891956596377974e-07
Li metal stops beam (ATOMKI 2016 mishap),4.0,7,MM segments + collinearity (ILL §10),0.0,346123750244.3635,1588434.027855962,0.0,1400.0,23031.776374757268,9.525717708744312e-07
Li metal stops beam (ATOMKI 2016 mishap),4.0,7,+ point-vertex cut (est. /25),0.0,346123750244.3635,1588434.027855962,0.0,56.0,23031.776374757268,9.521690473432162e-07
Li metal stops beam (ATOMKI 2016 mishap),4.0,7,"+ CN pulsed beam, 2 ns in 333 ns (est.)",0.0,346123750244.3635,1588434.027855962,0.0,1.009009009009009,23031.776374757268,9.521525659137596e-07
Li metal stops beam (ATOMKI 2016 mishap),4.0,30,no veto,0.0,1483387501047.272,6807574.405096979,0.0,540000.0,98707.61303467398,4.778268993168901e-07
Li metal stops beam (ATOMKI 2016 mishap),4.0,30,MM segments + collinearity (ILL §10),0.0,1483387501047.272,6807574.405096979,0.0,6000.0,98707.61303467398,4.60135880317541e-07
Li metal stops beam (ATOMKI 2016 mishap),4.0,30,+ point-vertex cut (est. /25),0.0,1483387501047.272,6807574.405096979,0.0,240.0,98707.61303467398,4.599413463703611e-07
Li metal stops beam (ATOMKI 2016 mishap),4.0,30,"+ CN pulsed beam, 2 ns in 333 ns (est.)",0.0,1483387501047.272,6807574.405096979,0.0,4.324324324324325,98707.61303467398,4.599333850835755e-07
"Li2O 300, enriched",0.8,1,no veto,0.0,159661033.8164224,1111.6426877392469,0.0,18000.0,45.95246528975436,5.2346716006028064e-05
"Li2O 300, enriched",0.8,1,MM segments + collinearity (ILL §10),0.0,159661033.8164224,1111.6426877392469,0.0,200.0,45.95246528975436,1.3713496620390272e-05
"Li2O 300, enriched",0.8,1,+ point-vertex cut (est. /25),0.0,159661033.8164224,1111.6426877392469,0.0,8.0,45.95246528975436,1.2670103327371279e-05
"Li2O 300, enriched",0.8,1,"+ CN pulsed beam, 2 ns in 333 ns (est.)",0.0,159661033.8164224,1111.6426877392469,0.0,0.14414414414414414,45.95246528975436,1.2625575856652068e-05
"Li2O 300, enriched",0.8,7,no veto,0.0,1117627236.7149568,7781.498814174727,0.0,126000.0,321.6672570282805,1.9785198928982077e-05
"Li2O 300, enriched",0.8,7,MM segments + collinearity (ILL §10),0.0,1117627236.7149568,7781.498814174727,0.0,1400.0,321.6672570282805,5.1832145232396265e-06
"Li2O 300, enriched",0.8,7,+ point-vertex cut (est. /25),0.0,1117627236.7149568,7781.498814174727,0.0,56.0,321.6672570282805,4.788848927102341e-06
"Li2O 300, enriched",0.8,7,"+ CN pulsed beam, 2 ns in 333 ns (est.)",0.0,1117627236.7149568,7781.498814174727,0.0,1.009009009009009,321.6672570282805,4.7720191250975215e-06
"Li2O 300, enriched",0.8,30,no veto,0.0,4789831014.492672,33349.280632177404,0.0,540000.0,1378.5739586926309,9.557159055939433e-06
"Li2O 300, enriched",0.8,30,MM segments + collinearity (ILL §10),0.0,4789831014.492672,33349.280632177404,0.0,6000.0,1378.5739586926309,2.5037304804195366e-06
"Li2O 300, enriched",0.8,30,+ point-vertex cut (est. /25),0.0,4789831014.492672,33349.280632177404,0.0,240.0,1378.5739586926309,2.3132337994408366e-06
"Li2O 300, enriched",0.8,30,"+ CN pulsed beam, 2 ns in 333 ns (est.)",0.0,4789831014.492672,33349.280632177404,0.0,4.324324324324325,1378.5739586926309,2.305104232726983e-06
"Li2O 300, enriched",1.0,1,no veto,0.0,199576292.27052796,1389.553359674058,0.0,18000.0,57.440581612192936,4.21807523975657e-05
"Li2O 300, enriched",1.0,1,MM segments + collinearity (ILL §10),0.0,199576292.27052796,1389.553359674058,0.0,200.0,57.440581612192936,1.2077247745551653e-05
"Li2O 300, enriched",1.0,1,+ point-vertex cut (est. /25),0.0,199576292.27052796,1389.553359674058,0.0,8.0,57.440581612192936,1.1324384818588182e-05
"Li2O 300, enriched",1.0,1,"+ CN pulsed beam, 2 ns in 333 ns (est.)",0.0,199576292.27052796,1389.553359674058,0.0,0.14414414414414414,57.440581612192936,1.1292511936960235e-05
"Li2O 300, enriched",1.0,7,no veto,0.0,1397034045.8936958,9726.873517718406,0.0,126000.0,402.0840712853506,1.5942825851078618e-05
"Li2O 300, enriched",1.0,7,MM segments + collinearity (ILL §10),0.0,1397034045.8936958,9726.873517718406,0.0,1400.0,402.0840712853506,4.5647705795493085e-06
"Li2O 300, enriched",1.0,7,+ point-vertex cut (est. /25),0.0,1397034045.8936958,9726.873517718406,0.0,56.0,402.0840712853506,4.280215140111376e-06
"Li2O 300, enriched",1.0,7,"+ CN pulsed beam, 2 ns in 333 ns (est.)",0.0,1397034045.8936958,9726.873517718406,0.0,1.009009009009009,402.0840712853506,4.268168323203584e-06
"Li2O 300, enriched",1.0,30,no veto,0.0,5987288768.115839,41686.600790221746,0.0,540000.0,1723.2174483657882,7.701116526895615e-06
"Li2O 300, enriched",1.0,30,MM segments + collinearity (ILL §10),0.0,5987288768.115839,41686.600790221746,0.0,6000.0,1723.2174483657882,2.2049936742723514e-06
"Li2O 300, enriched",1.0,30,+ point-vertex cut (est. /25),0.0,5987288768.115839,41686.600790221746,0.0,240.0,1723.2174483657882,2.0675403383365987e-06
"Li2O 300, enriched",1.0,30,"+ CN pulsed beam, 2 ns in 333 ns (est.)",0.0,5987288768.115839,41686.600790221746,0.0,4.324324324324325,1723.2174483657882,2.06172117292316e-06
"Li2O 300, enriched",4.0,1,no veto,0.0,798305169.0821118,5558.213438696232,0.0,18000.0,229.76232644877174,1.162362537486869e-05
"Li2O 300, enriched",4.0,1,MM segments + collinearity (ILL §10),0.0,798305169.0821118,5558.213438696232,0.0,200.0,229.76232644877174,5.746644183604837e-06
"Li2O 300, enriched",4.0,1,+ point-vertex cut (est. /25),0.0,798305169.0821118,5558.213438696232,0.0,8.0,229.76232644877174,5.6500248250526895e-06
"Li2O 300, enriched",4.0,1,"+ CN pulsed beam, 2 ns in 333 ns (est.)",0.0,798305169.0821118,5558.213438696232,0.0,0.14414414414414414,229.76232644877174,5.6460363458929394e-06
"Li2O 300, enriched",4.0,7,no veto,0.0,5588136183.574783,38907.494070873625,0.0,126000.0,1608.3362851414024,4.3933174392689255e-06
"Li2O 300, enriched",4.0,7,MM segments + collinearity (ILL §10),0.0,5588136183.574783,38907.494070873625,0.0,1400.0,1608.3362851414024,2.1720273404277425e-06
"Li2O 300, enriched",4.0,7,+ point-vertex cut (est. /25),0.0,5588136183.574783,38907.494070873625,0.0,56.0,1608.3362851414024,2.135508655490091e-06
"Li2O 300, enriched",4.0,7,"+ CN pulsed beam, 2 ns in 333 ns (est.)",0.0,5588136183.574783,38907.494070873625,0.0,1.009009009009009,1608.3362851414024,2.134001152066368e-06
"Li2O 300, enriched",4.0,30,no veto,0.0,23949155072.463356,166746.40316088698,0.0,540000.0,6892.869793463153,2.122173939268341e-06
"Li2O 300, enriched",4.0,30,MM segments + collinearity (ILL §10),0.0,23949155072.463356,166746.40316088698,0.0,6000.0,6892.869793463153,1.0491888831054093e-06
"Li2O 300, enriched",4.0,30,+ point-vertex cut (est. /25),0.0,23949155072.463356,166746.40316088698,0.0,240.0,6892.869793463153,1.031548682381846e-06
"Li2O 300, enriched",4.0,30,"+ CN pulsed beam, 2 ns in 333 ns (est.)",0.0,23949155072.463356,166746.40316088698,0.0,4.324324324324325,6892.869793463153,1.0308204890465348e-06
"Li2O 100, enriched",0.8,1,no veto,0.0,54622216.89440846,378.02330623567275,0.0,18000.0,15.723968349334468,0.00015001562174820834
"Li2O 100, enriched",0.8,1,MM segments + collinearity (ILL §10),0.0,54622216.89440846,378.02330623567275,0.0,200.0,15.723968349334468,2.66047855256346e-05
"Li2O 100, enriched",0.8,1,+ point-vertex cut (est. /25),0.0,54622216.89440846,378.02330623567275,0.0,8.0,15.723968349334468,2.1741717595333382e-05
"Li2O 100, enriched",0.8,1,"+ CN pulsed beam, 2 ns in 333 ns (est.)",0.0,54622216.89440846,378.02330623567275,0.0,0.14414414414414414,15.723968349334468,2.1519350541231437e-05
"Li2O 100, enriched",0.8,7,no veto,0.0,382355518.2608592,2646.1631436497096,0.0,126000.0,110.06777844534129,5.6700575417213134e-05
"Li2O 100, enriched",0.8,7,MM segments + collinearity (ILL §10),0.0,382355518.2608592,2646.1631436497096,0.0,1400.0,110.06777844534129,1.0055663740719997e-05
"Li2O 100, enriched",0.8,7,+ point-vertex cut (est. /25),0.0,382355518.2608592,2646.1631436497096,0.0,56.0,110.06777844534129,8.217596833235624e-06
"Li2O 100, enriched",0.8,7,"+ CN pulsed beam, 2 ns in 333 ns (est.)",0.0,382355518.2608592,2646.1631436497096,0.0,1.009009009009009,110.06777844534129,8.13354998681737e-06
"Li2O 100, enriched",0.8,30,no veto,0.0,1638666506.8322537,11340.699187070184,0.0,540000.0,471.71905048003407,2.7388980003218763e-05
"Li2O 100, enriched",0.8,30,MM segments + collinearity (ILL §10),0.0,1638666506.8322537,11340.699187070184,0.0,6000.0,471.71905048003407,4.8573470566590015e-06
"Li2O 100, enriched",0.8,30,+ point-vertex cut (est. /25),0.0,1638666506.8322537,11340.699187070184,0.0,240.0,471.71905048003407,3.96947638862369e-06
"Li2O 100, enriched",0.8,30,"+ CN pulsed beam, 2 ns in 333 ns (est.)",0.0,1638666506.8322537,11340.699187070184,0.0,4.324324324324325,471.71905048003407,3.928877904764488e-06
"Li2O 100, enriched",1.0,1,no veto,0.0,68277771.11801058,472.529132794591,0.0,18000.0,19.654960436668087,0.00012032067354263941
"Li2O 100, enriched",1.0,1,MM segments + collinearity (ILL §10),0.0,68277771.11801058,472.529132794591,0.0,200.0,19.654960436668087,2.295792460452487e-05
"Li2O 100, enriched",1.0,1,+ point-vertex cut (est. /25),0.0,68277771.11801058,472.529132794591,0.0,8.0,19.654960436668087,1.9406040597463068e-05
"Li2O 100, enriched",1.0,1,"+ CN pulsed beam, 2 ns in 333 ns (est.)",0.0,68277771.11801058,472.529132794591,0.0,0.14414414414414414,19.654960436668087,1.9246758595980068e-05
"Li2O 100, enriched",1.0,7,no veto,0.0,477944397.826074,3307.7039295621366,0.0,126000.0,137.58472305667658,4.5476939967658975e-05
"Li2O 100, enriched",1.0,7,MM segments + collinearity (ILL §10),0.0,477944397.826074,3307.7039295621366,0.0,1400.0,137.58472305667658,8.677279874534814e-06
"Li2O 100, enriched",1.0,7,+ point-vertex cut (est. /25),0.0,477944397.826074,3307.7039295621366,0.0,56.0,137.58472305667658,7.334793907615798e-06
"Li2O 100, enriched",1.0,7,"+ CN pulsed beam, 2 ns in 333 ns (est.)",0.0,477944397.826074,3307.7039295621366,0.0,1.009009009009009,137.58472305667658,7.2745909698654216e-06
"Li2O 100, enriched",1.0,30,no veto,0.0,2048333133.5403173,14175.87398383773,0.0,540000.0,589.6488131000426,2.196744901117288e-05
"Li2O 100, enriched",1.0,30,MM segments + collinearity (ILL §10),0.0,2048333133.5403173,14175.87398383773,0.0,6000.0,589.6488131000426,4.191524393133713e-06
"Li2O 100, enriched",1.0,30,+ point-vertex cut (est. /25),0.0,2048333133.5403173,14175.87398383773,0.0,240.0,589.6488131000426,3.543042062363851e-06
"Li2O 100, enriched",1.0,30,"+ CN pulsed beam, 2 ns in 333 ns (est.)",0.0,2048333133.5403173,14175.87398383773,0.0,4.324324324324325,589.6488131000426,3.513961280624914e-06
"Li2O 100, enriched",4.0,1,no veto,0.0,273111084.4720423,1890.116531178364,0.0,18000.0,78.61984174667235,3.1213016846397576e-05
"Li2O 100, enriched",4.0,1,MM segments + collinearity (ILL §10),0.0,273111084.4720423,1890.116531178364,0.0,200.0,78.61984174667235,1.0118178414519026e-05
"Li2O 100, enriched",4.0,1,+ point-vertex cut (est. /25),0.0,273111084.4720423,1890.116531178364,0.0,8.0,78.61984174667235,9.642252914814422e-06
"Li2O 100, enriched",4.0,1,"+ CN pulsed beam, 2 ns in 333 ns (est.)",0.0,273111084.4720423,1890.116531178364,0.0,0.14414414414414414,78.61984174667235,9.622278722947802e-06
"Li2O 100, enriched",4.0,7,no veto,0.0,1911777591.304296,13230.815718248547,0.0,126000.0,550.3388922267063,1.1797411463376792e-05
"Li2O 100, enriched",4.0,7,MM segments + collinearity (ILL §10),0.0,1911777591.304296,13230.815718248547,0.0,1400.0,550.3388922267063,3.824311972257022e-06
"Li2O 100, enriched",4.0,7,+ point-vertex cut (est. /25),0.0,1911777591.304296,13230.815718248547,0.0,56.0,550.3388922267063,3.644429041569519e-06
"Li2O 100, enriched",4.0,7,"+ CN pulsed beam, 2 ns in 333 ns (est.)",0.0,1911777591.304296,13230.815718248547,0.0,1.009009009009009,550.3388922267063,3.6368795066668668e-06
"Li2O 100, enriched",4.0,30,no veto,0.0,8193332534.161269,56703.49593535092,0.0,540000.0,2358.5952524001705,5.698691138186905e-06
"Li2O 100, enriched",4.0,30,MM segments + collinearity (ILL §10),0.0,8193332534.161269,56703.49593535092,0.0,6000.0,2358.5952524001705,1.847318186164642e-06
"Li2O 100, enriched",4.0,30,+ point-vertex cut (est. /25),0.0,8193332534.161269,56703.49593535092,0.0,240.0,2358.5952524001705,1.7604264755379325e-06
"Li2O 100, enriched",4.0,30,"+ CN pulsed beam, 2 ns in 333 ns (est.)",0.0,8193332534.161269,56703.49593535092,0.0,4.324324324324325,2358.5952524001705,1.7567797037201711e-06
